obs_id,country,layer,category,item_name,spec,unit,geo_level,geo_code,geo_name,area_label,area_code,area_members,price,currency,price_basis,price_status,ref_value,ref_note,period,effective_from,source_id,source_page,evidence_url,license,jccdb_v4_item_id,note
d0171b5282aa7a73,US,equipment,Air Compressor,Air Compressor / Miscellaneous Tank Mounted Air Compressors 80/25,Cost Code 8010; Manufacturer: Miscellaneous Tank Mounted Air Compressors 80/25; Specification: 41 CFM; Capacity or Size: 41 CFM; HP: to 10; Notes: Hoses included.,USD/hour,national,US,United States,,,,1.8,USD,equipment_rate_hourly,public_domain,,,2025,2025-07-01,fema-equipment-rates-2025,1,https://www.fema.gov/sites/default/files/documents/fema_pa_schedule-equipment-rates_2025.pdf,US-PD-17USC105,,FEMA Public Assistance の機械の料率表(2025 年版)。機械の所有と運転の費用(償却・間接費・整備・燃料・油脂・タイヤ等)を含み、オペレーターの人件費は含まない(FEMA の頁の注)。2025-07-01 以降に宣言された災害に適用。表の # 1、PDF 1 頁
bd1c79ffc8a86c21,US,equipment,Air Compressor,Air Compressor / Multiquip DIS100SSK4F,Cost Code 8011; Manufacturer: Multiquip DIS100SSK4F; Specification: 103 CFM; Capacity or Size: 103 CFM; HP: to 30; Notes: Hoses included.,USD/hour,national,US,United States,,,,20.23,USD,equipment_rate_hourly,public_domain,,,2025,2025-07-01,fema-equipment-rates-2025,1,https://www.fema.gov/sites/default/files/documents/fema_pa_schedule-equipment-rates_2025.pdf,US-PD-17USC105,,FEMA Public Assistance の機械の料率表(2025 年版)。機械の所有と運転の費用(償却・間接費・整備・燃料・油脂・タイヤ等)を含み、オペレーターの人件費は含まない(FEMA の頁の注)。2025-07-01 以降に宣言された災害に適用。表の # 2、PDF 1 頁
8dabc3c0c6b57c0a,US,equipment,Air Compressor,Air Compressor / Sullivan-Palatek D130Q6IZ,Cost Code 8012; Manufacturer: Sullivan-Palatek D130Q6IZ; Specification: 130 CFM; Capacity or Size: 130 CFM; HP: to 50; Notes: Hoses included.,USD/hour,national,US,United States,,,,27.71,USD,equipment_rate_hourly,public_domain,,,2025,2025-07-01,fema-equipment-rates-2025,1,https://www.fema.gov/sites/default/files/documents/fema_pa_schedule-equipment-rates_2025.pdf,US-PD-17USC105,,FEMA Public Assistance の機械の料率表(2025 年版)。機械の所有と運転の費用(償却・間接費・整備・燃料・油脂・タイヤ等)を含み、オペレーターの人件費は含まない(FEMA の頁の注)。2025-07-01 以降に宣言された災害に適用。表の # 3、PDF 1 頁
d6bf96e847ea06a4,US,equipment,Air Compressor,Air Compressor / Grimmer-Schmidt 175,Cost Code 8013; Manufacturer: Grimmer-Schmidt 175; Specification: 175 CFM; Capacity or Size: 175 CFM; HP: to 90; Notes: Hoses included.,USD/hour,national,US,United States,,,,26.29,USD,equipment_rate_hourly,public_domain,,,2025,2025-07-01,fema-equipment-rates-2025,1,https://www.fema.gov/sites/default/files/documents/fema_pa_schedule-equipment-rates_2025.pdf,US-PD-17USC105,,FEMA Public Assistance の機械の料率表(2025 年版)。機械の所有と運転の費用(償却・間接費・整備・燃料・油脂・タイヤ等)を含み、オペレーターの人件費は含まない(FEMA の頁の注)。2025-07-01 以降に宣言された災害に適用。表の # 4、PDF 1 頁
b755d7be0dc2f692,US,equipment,Air Compressor,Air Compressor / Sullivan-Palatek D375QH6CA,Cost Code 8014; Manufacturer: Sullivan-Palatek D375QH6CA; Specification: 400 CFM; Capacity or Size: 400 CFM; HP: to 145; Notes: Hoses included.,USD/hour,national,US,United States,,,,58.41,USD,equipment_rate_hourly,public_domain,,,2025,2025-07-01,fema-equipment-rates-2025,1,https://www.fema.gov/sites/default/files/documents/fema_pa_schedule-equipment-rates_2025.pdf,US-PD-17USC105,,FEMA Public Assistance の機械の料率表(2025 年版)。機械の所有と運転の費用(償却・間接費・整備・燃料・油脂・タイヤ等)を含み、オペレーターの人件費は含まない(FEMA の頁の注)。2025-07-01 以降に宣言された災害に適用。表の # 5、PDF 1 頁
3e32237ce3fb2a78,US,equipment,Air Compressor,Air Compressor / Grimmer-Schmidt 800,Cost Code 8015; Manufacturer: Grimmer-Schmidt 800; Specification: 575 CFM; Capacity or Size: 575 CFM; HP: to 230; Notes: Hoses included.,USD/hour,national,US,United States,,,,105.25,USD,equipment_rate_hourly,public_domain,,,2025,2025-07-01,fema-equipment-rates-2025,1,https://www.fema.gov/sites/default/files/documents/fema_pa_schedule-equipment-rates_2025.pdf,US-PD-17USC105,,FEMA Public Assistance の機械の料率表(2025 年版)。機械の所有と運転の費用(償却・間接費・整備・燃料・油脂・タイヤ等)を含み、オペレーターの人件費は含まない(FEMA の頁の注)。2025-07-01 以降に宣言された災害に適用。表の # 6、PDF 1 頁
a9b3e5b243125039,US,equipment,Air Compressor,Air Compressor / Ingersoll Rand XP1200WCU,Cost Code 8016; Manufacturer: Ingersoll Rand XP1200WCU; Specification: 1100 CFM; Capacity or Size: 1100 CFM; HP: to 355; Notes: Hoses included.,USD/hour,national,US,United States,,,,187.83,USD,equipment_rate_hourly,public_domain,,,2025,2025-07-01,fema-equipment-rates-2025,1,https://www.fema.gov/sites/default/files/documents/fema_pa_schedule-equipment-rates_2025.pdf,US-PD-17USC105,,FEMA Public Assistance の機械の料率表(2025 年版)。機械の所有と運転の費用(償却・間接費・整備・燃料・油脂・タイヤ等)を含み、オペレーターの人件費は含まない(FEMA の頁の注)。2025-07-01 以降に宣言された災害に適用。表の # 7、PDF 1 頁
5c181a97fdc2b132,US,equipment,Air Compressor,Air Compressor / Sullair 1600DTQCA,Cost Code 8017; Manufacturer: Sullair 1600DTQCA; Specification: 1600 CFM; Capacity or Size: 1600 CFM; HP: to 500; Notes: Hoses included.,USD/hour,national,US,United States,,,,200.97,USD,equipment_rate_hourly,public_domain,,,2025,2025-07-01,fema-equipment-rates-2025,1,https://www.fema.gov/sites/default/files/documents/fema_pa_schedule-equipment-rates_2025.pdf,US-PD-17USC105,,FEMA Public Assistance の機械の料率表(2025 年版)。機械の所有と運転の費用(償却・間接費・整備・燃料・油脂・タイヤ等)を含み、オペレーターの人件費は含まない(FEMA の頁の注)。2025-07-01 以降に宣言された災害に適用。表の # 8、PDF 1 頁
e9426d81074ba26f,US,equipment,Ambulance,Ambulance,Cost Code 8040; Specification: GVW 8600 Pounds; HP: to 150,USD/hour,national,US,United States,,,,31.69,USD,equipment_rate_hourly,public_domain,,,2025,2025-07-01,fema-equipment-rates-2025,1,https://www.fema.gov/sites/default/files/documents/fema_pa_schedule-equipment-rates_2025.pdf,US-PD-17USC105,,FEMA Public Assistance の機械の料率表(2025 年版)。機械の所有と運転の費用(償却・間接費・整備・燃料・油脂・タイヤ等)を含み、オペレーターの人件費は含まない(FEMA の頁の注)。2025-07-01 以降に宣言された災害に適用。表の # 9、PDF 1 頁
fcb2f2e771749bf7,US,equipment,Ambulance,Ambulance,Cost Code 8041; Specification: GVW 11000 Pounds; HP: to 210,USD/hour,national,US,United States,,,,38.68,USD,equipment_rate_hourly,public_domain,,,2025,2025-07-01,fema-equipment-rates-2025,1,https://www.fema.gov/sites/default/files/documents/fema_pa_schedule-equipment-rates_2025.pdf,US-PD-17USC105,,FEMA Public Assistance の機械の料率表(2025 年版)。機械の所有と運転の費用(償却・間接費・整備・燃料・油脂・タイヤ等)を含み、オペレーターの人件費は含まない(FEMA の頁の注)。2025-07-01 以降に宣言された災害に適用。表の # 10、PDF 1 頁
1768d01704921330,US,equipment,"Board, Arrow","Board, Arrow / Miscellaneous Trailer mounted Arrow Boards",Cost Code 8050; Manufacturer: Miscellaneous Trailer mounted Arrow Boards; HP: to 8; Notes: Trailer Mounted.,USD/hour,national,US,United States,,,,5.15,USD,equipment_rate_hourly,public_domain,,,2025,2025-07-01,fema-equipment-rates-2025,1,https://www.fema.gov/sites/default/files/documents/fema_pa_schedule-equipment-rates_2025.pdf,US-PD-17USC105,,FEMA Public Assistance の機械の料率表(2025 年版)。機械の所有と運転の費用(償却・間接費・整備・燃料・油脂・タイヤ等)を含み、オペレーターの人件費は含まない(FEMA の頁の注)。2025-07-01 以降に宣言された災害に適用。表の # 11、PDF 1 頁
c24c0ea9516323a9,US,equipment,"Board, Message","Board, Message / Miscellaneous CMSBBI",Cost Code 8051; Manufacturer: Miscellaneous CMSBBI; HP: to 5; Notes: Trailer Mounted.,USD/hour,national,US,United States,,,,11.18,USD,equipment_rate_hourly,public_domain,,,2025,2025-07-01,fema-equipment-rates-2025,1,https://www.fema.gov/sites/default/files/documents/fema_pa_schedule-equipment-rates_2025.pdf,US-PD-17USC105,,FEMA Public Assistance の機械の料率表(2025 年版)。機械の所有と運転の費用(償却・間接費・整備・燃料・油脂・タイヤ等)を含み、オペレーターの人件費は含まない(FEMA の頁の注)。2025-07-01 以降に宣言された災害に適用。表の # 12、PDF 1 頁
dc81f0900cf58171,US,equipment,"Auger, Portable","Auger, Portable / Miscellaneous One Man Wheel Mount",Cost Code 8060; Manufacturer: Miscellaneous One Man Wheel Mount; Specification: 16 In; Capacity or Size: 16 In; HP: to 6,USD/hour,national,US,United States,,,,1.99,USD,equipment_rate_hourly,public_domain,,,2025,2025-07-01,fema-equipment-rates-2025,1,https://www.fema.gov/sites/default/files/documents/fema_pa_schedule-equipment-rates_2025.pdf,US-PD-17USC105,,FEMA Public Assistance の機械の料率表(2025 年版)。機械の所有と運転の費用(償却・間接費・整備・燃料・油脂・タイヤ等)を含み、オペレーターの人件費は含まない(FEMA の頁の注)。2025-07-01 以降に宣言された災害に適用。表の # 13、PDF 1 頁
b374e7628fc8f5ac,US,equipment,"Auger, Portable","Auger, Portable / Miscellaneous Portable Earth Auger",Cost Code 8061; Manufacturer: Miscellaneous Portable Earth Auger; Specification: 18 In; Capacity or Size: 18 In; HP: to 13,USD/hour,national,US,United States,,,,4.89,USD,equipment_rate_hourly,public_domain,,,2025,2025-07-01,fema-equipment-rates-2025,1,https://www.fema.gov/sites/default/files/documents/fema_pa_schedule-equipment-rates_2025.pdf,US-PD-17USC105,,FEMA Public Assistance の機械の料率表(2025 年版)。機械の所有と運転の費用(償却・間接費・整備・燃料・油脂・タイヤ等)を含み、オペレーターの人件費は含まない(FEMA の頁の注)。2025-07-01 以降に宣言された災害に適用。表の # 14、PDF 1 頁
130dcee32d0cadd2,US,equipment,"Auger, Tractor Mntd","Auger, Tractor Mntd / Miscellaneous TLB Auger Mount","Cost Code 8062; Manufacturer: Miscellaneous TLB Auger Mount; Specification: 36 In; Capacity or Size: 36 In; HP: to 13; Notes: Includes digger, boom & mounting hardware",USD/hour,national,US,United States,,,,2.94,USD,equipment_rate_hourly,public_domain,,,2025,2025-07-01,fema-equipment-rates-2025,1,https://www.fema.gov/sites/default/files/documents/fema_pa_schedule-equipment-rates_2025.pdf,US-PD-17USC105,,FEMA Public Assistance の機械の料率表(2025 年版)。機械の所有と運転の費用(償却・間接費・整備・燃料・油脂・タイヤ等)を含み、オペレーターの人件費は含まない(FEMA の頁の注)。2025-07-01 以降に宣言された災害に適用。表の # 15、PDF 1 頁
9b40df85abe1bc71,US,equipment,"Auger, Truck Mntd","Auger, Truck Mntd / Miscellaneous DH-Avg",Cost Code 8063; Manufacturer: Miscellaneous DH-Avg; Specification: 24 In; Capacity or Size: 24 In; HP: to 100; Notes: 8'x8'x10' Drophammer,USD/hour,national,US,United States,,,,50.79,USD,equipment_rate_hourly,public_domain,,,2025,2025-07-01,fema-equipment-rates-2025,1,https://www.fema.gov/sites/default/files/documents/fema_pa_schedule-equipment-rates_2025.pdf,US-PD-17USC105,,FEMA Public Assistance の機械の料率表(2025 年版)。機械の所有と運転の費用(償却・間接費・整備・燃料・油脂・タイヤ等)を含み、オペレーターの人件費は含まない(FEMA の頁の注)。2025-07-01 以降に宣言された災害に適用。表の # 16、PDF 1 頁
3e06a216e5a3d9d1,US,equipment,Hydraulic Post Driver,Hydraulic Post Driver / Miscellaneous VIB-Avg,Cost Code 8064; Manufacturer: Miscellaneous VIB-Avg; Specification: 24 In; Capacity or Size: 24 In; HP: to 100; Notes: Hyd. Impact Hammer,USD/hour,national,US,United States,,,,53.97,USD,equipment_rate_hourly,public_domain,,,2025,2025-07-01,fema-equipment-rates-2025,1,https://www.fema.gov/sites/default/files/documents/fema_pa_schedule-equipment-rates_2025.pdf,US-PD-17USC105,,FEMA Public Assistance の機械の料率表(2025 年版)。機械の所有と運転の費用(償却・間接費・整備・燃料・油脂・タイヤ等)を含み、オペレーターの人件費は含まない(FEMA の頁の注)。2025-07-01 以降に宣言された災害に適用。表の # 17、PDF 1 頁
3f68432678b1fa4f,US,equipment,Auger,Auger / Horizontal Directional Boring Machine,Cost Code 8065; Manufacturer: Horizontal Directional Boring Machine; Specification: 250 X 100; Capacity or Size: 250 X 100; HP: to 300; Notes: DD-140B YR-2003,USD/hour,national,US,United States,,,,251.58,USD,equipment_rate_hourly,public_domain,,,2025,2025-07-01,fema-equipment-rates-2025,1,https://www.fema.gov/sites/default/files/documents/fema_pa_schedule-equipment-rates_2025.pdf,US-PD-17USC105,,FEMA Public Assistance の機械の料率表(2025 年版)。機械の所有と運転の費用(償却・間接費・整備・燃料・油脂・タイヤ等)を含み、オペレーターの人件費は含まない(FEMA の頁の注)。2025-07-01 以降に宣言された災害に適用。表の # 18、PDF 1 頁
fc58afdccfc4c2e3,US,equipment,"Auger, Directional Boring Machine","Auger, Directional Boring Machine / Miscellaneous 7K - Horizontal Drilling Machines","Cost Code 8067; Manufacturer: Miscellaneous 7K - Horizontal Drilling Machines; Specification: 7,000 lbs; Capacity or Size: 7,000 lbs; HP: to 25; Notes: Corrected to use Misc. 7K",USD/hour,national,US,United States,,,,87.45,USD,equipment_rate_hourly,public_domain,,,2025,2025-07-01,fema-equipment-rates-2025,1,https://www.fema.gov/sites/default/files/documents/fema_pa_schedule-equipment-rates_2025.pdf,US-PD-17USC105,,FEMA Public Assistance の機械の料率表(2025 年版)。機械の所有と運転の費用(償却・間接費・整備・燃料・油脂・タイヤ等)を含み、オペレーターの人件費は含まない(FEMA の頁の注)。2025-07-01 以降に宣言された災害に適用。表の # 19、PDF 1 頁
98c45c9143ec4dfd,US,equipment,Directional Boring Machine,Directional Boring Machine / Vermeer D24X40A (disc. 2001),Cost Code 8067.1; Manufacturer: Vermeer D24X40A (disc. 2001); Specification: Spindle Torque 4000 ft/lb; Capacity or Size: Spindle Torque 4000 ft/lb; HP: 125,USD/hour,national,US,United States,,,,210.47,USD,equipment_rate_hourly,public_domain,,,2025,2025-07-01,fema-equipment-rates-2025,1,https://www.fema.gov/sites/default/files/documents/fema_pa_schedule-equipment-rates_2025.pdf,US-PD-17USC105,,FEMA Public Assistance の機械の料率表(2025 年版)。機械の所有と運転の費用(償却・間接費・整備・燃料・油脂・タイヤ等)を含み、オペレーターの人件費は含まない(FEMA の頁の注)。2025-07-01 以降に宣言された災害に適用。表の # 20、PDF 1 頁
d474c24167b6e313,US,equipment,Bush Hog,Bush Hog / New Holland 272GMS,Cost Code 8068; Manufacturer: New Holland 272GMS; Specification: 72-IN cutting width,USD/hour,national,US,United States,,,,18.8,USD,equipment_rate_hourly,public_domain,,,2025,2025-07-01,fema-equipment-rates-2025,1,https://www.fema.gov/sites/default/files/documents/fema_pa_schedule-equipment-rates_2025.pdf,US-PD-17USC105,,FEMA Public Assistance の機械の料率表(2025 年版)。機械の所有と運転の費用(償却・間接費・整備・燃料・油脂・タイヤ等)を含み、オペレーターの人件費は含まない(FEMA の頁の注)。2025-07-01 以降に宣言された災害に適用。表の # 21、PDF 1 頁
76251bb19d19b568,US,equipment,Bush Hog,Bush Hog / Vermeer MC3700,Cost Code 8069; Manufacturer: Vermeer MC3700; Specification: 12-FT cutting width,USD/hour,national,US,United States,,,,29.22,USD,equipment_rate_hourly,public_domain,,,2025,2025-07-01,fema-equipment-rates-2025,1,https://www.fema.gov/sites/default/files/documents/fema_pa_schedule-equipment-rates_2025.pdf,US-PD-17USC105,,FEMA Public Assistance の機械の料率表(2025 年版)。機械の所有と運転の費用(償却・間接費・整備・燃料・油脂・タイヤ等)を含み、オペレーターの人件費は含まない(FEMA の頁の注)。2025-07-01 以降に宣言された災害に適用。表の # 22、PDF 1 頁
1dee1279bd21ce62,US,equipment,Bush Hog,Bush Hog / Bush Hog 2820 Average Retail Rental Rates,Cost Code 8069.1; Manufacturer: Bush Hog 2820 Average Retail Rental Rates; Specification: 85-IN cutting width,USD/hour,national,US,United States,,,,45.42,USD,equipment_rate_hourly,public_domain,,,2025,2025-07-01,fema-equipment-rates-2025,1,https://www.fema.gov/sites/default/files/documents/fema_pa_schedule-equipment-rates_2025.pdf,US-PD-17USC105,,FEMA Public Assistance の機械の料率表(2025 年版)。機械の所有と運転の費用(償却・間接費・整備・燃料・油脂・タイヤ等)を含み、オペレーターの人件費は含まない(FEMA の頁の注)。2025-07-01 以降に宣言された災害に適用。表の # 23、PDF 1 頁
3b0af016f9b084a2,US,equipment,"Automobile, Sedan","Automobile, Sedan / 2023 Dodge Charger SXT","Cost Code 8070; Manufacturer: 2023 Dodge Charger SXT; Specification: Pentastar 3.6L V-6 DOHC, variable valve control, regular unleade",USD/Mile,national,US,United States,,,,0.7,USD,equipment_rate_per_mile,public_domain,,,2025,2025-07-01,fema-equipment-rates-2025,1,https://www.fema.gov/sites/default/files/documents/fema_pa_schedule-equipment-rates_2025.pdf,US-PD-17USC105,,FEMA Public Assistance の機械の料率表(2025 年版)。機械の所有と運転の費用(償却・間接費・整備・燃料・油脂・タイヤ等)を含み、オペレーターの人件費は含まない(FEMA の頁の注)。2025-07-01 以降に宣言された災害に適用。表の # 24、PDF 1 頁
4e6ca0d9b094d7b0,US,equipment,"Automobile, Pick-up","Automobile, Pick-up / 2023 RAM 1500 Tradesman","Cost Code 8071; Manufacturer: 2023 RAM 1500 Tradesman; Specification: Pentastar 3.6L V-6 DOHC, variable valve control, regular unleade",USD/hour,national,US,United States,,,,15.29,USD,equipment_rate_hourly,public_domain,,,2025,2025-07-01,fema-equipment-rates-2025,1,https://www.fema.gov/sites/default/files/documents/fema_pa_schedule-equipment-rates_2025.pdf,US-PD-17USC105,,FEMA Public Assistance の機械の料率表(2025 年版)。機械の所有と運転の費用(償却・間接費・整備・燃料・油脂・タイヤ等)を含み、オペレーターの人件費は含まない(FEMA の頁の注)。2025-07-01 以降に宣言された災害に適用。表の # 25、PDF 1 頁
27111d105a34cdef,US,equipment,"Automobile, Police","Automobile, Police / 2023 Dodge Charger Pursuit",Cost Code 8073; Manufacturer: 2023 Dodge Charger Pursuit; Specification: Enigne: 3.6L V6 or 5.7L V8 HEMI Transmission: 8 Speed,USD/hour,national,US,United States,,,,19.14,USD,equipment_rate_hourly,public_domain,,,2025,2025-07-01,fema-equipment-rates-2025,1,https://www.fema.gov/sites/default/files/documents/fema_pa_schedule-equipment-rates_2025.pdf,US-PD-17USC105,,FEMA Public Assistance の機械の料率表(2025 年版)。機械の所有と運転の費用(償却・間接費・整備・燃料・油脂・タイヤ等)を含み、オペレーターの人件費は含まない(FEMA の頁の注)。2025-07-01 以降に宣言された災害に適用。表の # 26、PDF 1 頁
dbbf16f4589f3889,US,equipment,"Automobile, Police","Automobile, Police / 2024 Dodge Durango Pursuit",Cost Code 8074; Manufacturer: 2024 Dodge Durango Pursuit; Specification: AWD 3.6L V6 24V VVT Pentastar Engine with ESS Transmission: 8-Speed Automatic 850RE Transmission,USD/hour,national,US,United States,,,,19.19,USD,equipment_rate_hourly,public_domain,,,2025,2025-07-01,fema-equipment-rates-2025,1,https://www.fema.gov/sites/default/files/documents/fema_pa_schedule-equipment-rates_2025.pdf,US-PD-17USC105,,FEMA Public Assistance の機械の料率表(2025 年版)。機械の所有と運転の費用(償却・間接費・整備・燃料・油脂・タイヤ等)を含み、オペレーターの人件費は含まない(FEMA の頁の注)。2025-07-01 以降に宣言された災害に適用。表の # 27、PDF 1 頁
f2932cd98ae563de,US,equipment,"Motorcycle, Police","Motorcycle, Police / 2023 BMW R 1250 RT-P",Cost Code 8075; Manufacturer: 2023 BMW R 1250 RT-P,USD/hour,national,US,United States,,,,9.53,USD,equipment_rate_hourly,public_domain,,,2025,2025-07-01,fema-equipment-rates-2025,1,https://www.fema.gov/sites/default/files/documents/fema_pa_schedule-equipment-rates_2025.pdf,US-PD-17USC105,,FEMA Public Assistance の機械の料率表(2025 年版)。機械の所有と運転の費用(償却・間接費・整備・燃料・油脂・タイヤ等)を含み、オペレーターの人件費は含まない(FEMA の頁の注)。2025-07-01 以降に宣言された災害に適用。表の # 28、PDF 1 頁
e7e341fe79224983,US,equipment,"Motorcycle, Police","Motorcycle, Police / 2023 BMW R 1250 RT-P",Cost Code 8075.1; Manufacturer: 2023 BMW R 1250 RT-P,USD/mile,national,US,United States,,,,0.68,USD,equipment_rate_per_mile,public_domain,,,2025,2025-07-01,fema-equipment-rates-2025,1,https://www.fema.gov/sites/default/files/documents/fema_pa_schedule-equipment-rates_2025.pdf,US-PD-17USC105,,FEMA Public Assistance の機械の料率表(2025 年版)。機械の所有と運転の費用(償却・間接費・整備・燃料・油脂・タイヤ等)を含み、オペレーターの人件費は含まない(FEMA の頁の注)。2025-07-01 以降に宣言された災害に適用。表の # 29、PDF 1 頁
c855588748978f31,US,equipment,"Automobile, SUV Mid Size","Automobile, SUV Mid Size / 2023 Ford Explorer XLT","Cost Code 8076; Manufacturer: 2023 Ford Explorer XLT; Specification: EcoBoost 2.3L I-4 gasoline direct injection, DOHC, variable valv",USD/hour,national,US,United States,,,,16.1,USD,equipment_rate_hourly,public_domain,,,2025,2025-07-01,fema-equipment-rates-2025,1,https://www.fema.gov/sites/default/files/documents/fema_pa_schedule-equipment-rates_2025.pdf,US-PD-17USC105,,FEMA Public Assistance の機械の料率表(2025 年版)。機械の所有と運転の費用(償却・間接費・整備・燃料・油脂・タイヤ等)を含み、オペレーターの人件費は含まない(FEMA の頁の注)。2025-07-01 以降に宣言された災害に適用。表の # 30、PDF 1 頁
b59fff6b4ac655b2,US,equipment,"Automobile, SUV Full Size","Automobile, SUV Full Size / 2023 Ford Expedition XLT",Cost Code 8077; Manufacturer: 2023 Ford Expedition XLT; Specification: 3.5L V6 24V PDI DOHC Twin Turbo,USD/hour,national,US,United States,,,,25.02,USD,equipment_rate_hourly,public_domain,,,2025,2025-07-01,fema-equipment-rates-2025,1,https://www.fema.gov/sites/default/files/documents/fema_pa_schedule-equipment-rates_2025.pdf,US-PD-17USC105,,FEMA Public Assistance の機械の料率表(2025 年版)。機械の所有と運転の費用(償却・間接費・整備・燃料・油脂・タイヤ等)を含み、オペレーターの人件費は含まない(FEMA の頁の注)。2025-07-01 以降に宣言された災害に適用。表の # 31、PDF 1 頁
f3495f2fb47649ff,US,equipment,MRAP Armored Rescue Vehicle,MRAP Armored Rescue Vehicle / Military Surplus Vehicle,Cost Code 8078; Manufacturer: Military Surplus Vehicle; Specification: Military Surplus Vehicle; HP: 375-450,USD/hour,national,US,United States,,,,73.37,USD,equipment_rate_hourly,public_domain,,,2025,2025-07-01,fema-equipment-rates-2025,1,https://www.fema.gov/sites/default/files/documents/fema_pa_schedule-equipment-rates_2025.pdf,US-PD-17USC105,,FEMA Public Assistance の機械の料率表(2025 年版)。機械の所有と運転の費用(償却・間接費・整備・燃料・油脂・タイヤ等)を含み、オペレーターの人件費は含まない(FEMA の頁の注)。2025-07-01 以降に宣言された災害に適用。表の # 32、PDF 1 頁
26edacf0ae8ce72f,US,equipment,MRAP C-MTV,MRAP C-MTV / gvwr 55000 Lbs,Cost Code 8079; Manufacturer: gvwr 55000 Lbs; Specification: gvwr 55000 Lbs; HP: to 350,USD/hour,national,US,United States,,,,63.32,USD,equipment_rate_hourly,public_domain,,,2025,2025-07-01,fema-equipment-rates-2025,1,https://www.fema.gov/sites/default/files/documents/fema_pa_schedule-equipment-rates_2025.pdf,US-PD-17USC105,,FEMA Public Assistance の機械の料率表(2025 年版)。機械の所有と運転の費用(償却・間接費・整備・燃料・油脂・タイヤ等)を含み、オペレーターの人件費は含まない(FEMA の頁の注)。2025-07-01 以降に宣言された災害に適用。表の # 33、PDF 1 頁
864b80c7836e2396,US,equipment,All Terrain Vehicle,All Terrain Vehicle / Polaris Ranger SP 570,Cost Code 8080; Manufacturer: Polaris Ranger SP 570; Specification: 2 Seat with bed box; Capacity or Size: up to 600CC; HP: up to 50; Notes: New,USD/hour,national,US,United States,,,,16.72,USD,equipment_rate_hourly,public_domain,,,2025,2025-07-01,fema-equipment-rates-2025,1,https://www.fema.gov/sites/default/files/documents/fema_pa_schedule-equipment-rates_2025.pdf,US-PD-17USC105,,FEMA Public Assistance の機械の料率表(2025 年版)。機械の所有と運転の費用(償却・間接費・整備・燃料・油脂・タイヤ等)を含み、オペレーターの人件費は含まない(FEMA の頁の注)。2025-07-01 以降に宣言された災害に適用。表の # 34、PDF 1 頁
0350a92cd212b508,US,equipment,All Terrain Vehicle,All Terrain Vehicle / Polaris Ranger SP 570,Cost Code 8081; Manufacturer: Polaris Ranger SP 570; Specification: 4 Seat with bed box; Capacity or Size: up to 600CC; HP: up to 50; Notes: New,USD/hour,national,US,United States,,,,17.45,USD,equipment_rate_hourly,public_domain,,,2025,2025-07-01,fema-equipment-rates-2025,1,https://www.fema.gov/sites/default/files/documents/fema_pa_schedule-equipment-rates_2025.pdf,US-PD-17USC105,,FEMA Public Assistance の機械の料率表(2025 年版)。機械の所有と運転の費用(償却・間接費・整備・燃料・油脂・タイヤ等)を含み、オペレーターの人件費は含まない(FEMA の頁の注)。2025-07-01 以降に宣言された災害に適用。表の # 35、PDF 1 頁
3ac364fb34441266,US,equipment,All Terrain Vehicle,All Terrain Vehicle / Polaris Sportsman 850 Mud Edition,Cost Code 8082; Manufacturer: Polaris Sportsman 850 Mud Edition; Specification: Single seater; Capacity or Size: up to 850CC; HP: up to 80; Notes: New,USD/hour,national,US,United States,,,,18.22,USD,equipment_rate_hourly,public_domain,,,2025,2025-07-01,fema-equipment-rates-2025,1,https://www.fema.gov/sites/default/files/documents/fema_pa_schedule-equipment-rates_2025.pdf,US-PD-17USC105,,FEMA Public Assistance の機械の料率表(2025 年版)。機械の所有と運転の費用(償却・間接費・整備・燃料・油脂・タイヤ等)を含み、オペレーターの人件費は含まない(FEMA の頁の注)。2025-07-01 以降に宣言された災害に適用。表の # 36、PDF 1 頁
e7fb0c1d6344be15,US,equipment,All Terrain Vehicle,All Terrain Vehicle / Polaris Sportsman 1000 Mud Edition,Cost Code 8083; Manufacturer: Polaris Sportsman 1000 Mud Edition; Specification: Single seater; Capacity or Size: up to 1000CC; HP: up to 90; Notes: New,USD/hour,national,US,United States,,,,20.41,USD,equipment_rate_hourly,public_domain,,,2025,2025-07-01,fema-equipment-rates-2025,1,https://www.fema.gov/sites/default/files/documents/fema_pa_schedule-equipment-rates_2025.pdf,US-PD-17USC105,,FEMA Public Assistance の機械の料率表(2025 年版)。機械の所有と運転の費用(償却・間接費・整備・燃料・油脂・タイヤ等)を含み、オペレーターの人件費は含まない(FEMA の頁の注)。2025-07-01 以降に宣言された災害に適用。表の # 37、PDF 1 頁
cf0277b774d76109,US,equipment,All Terrain Vehicle,All Terrain Vehicle / Polaris General XP 1000,Cost Code 8084; Manufacturer: Polaris General XP 1000; Specification: 2 seater; Capacity or Size: up to 1000CC; HP: up to 100; Notes: New,USD/hour,national,US,United States,,,,27.9,USD,equipment_rate_hourly,public_domain,,,2025,2025-07-01,fema-equipment-rates-2025,1,https://www.fema.gov/sites/default/files/documents/fema_pa_schedule-equipment-rates_2025.pdf,US-PD-17USC105,,FEMA Public Assistance の機械の料率表(2025 年版)。機械の所有と運転の費用(償却・間接費・整備・燃料・油脂・タイヤ等)を含み、オペレーターの人件費は含まない(FEMA の頁の注)。2025-07-01 以降に宣言された災害に適用。表の # 38、PDF 1 頁
a95ed39aa911bde9,US,equipment,All Terrain Vehicle,All Terrain Vehicle / Polaris General XP 1000,Cost Code 8085; Manufacturer: Polaris General XP 1000; Specification: 4 seater; Capacity or Size: up to 1000CC; HP: up to 100; Notes: New,USD/hour,national,US,United States,,,,30.09,USD,equipment_rate_hourly,public_domain,,,2025,2025-07-01,fema-equipment-rates-2025,1,https://www.fema.gov/sites/default/files/documents/fema_pa_schedule-equipment-rates_2025.pdf,US-PD-17USC105,,FEMA Public Assistance の機械の料率表(2025 年版)。機械の所有と運転の費用(償却・間接費・整備・燃料・油脂・タイヤ等)を含み、オペレーターの人件費は含まない(FEMA の頁の注)。2025-07-01 以降に宣言された災害に適用。表の # 39、PDF 1 頁
488d6a11f8b4a79f,US,equipment,All Terrain Vehicle,All Terrain Vehicle / Polaris Expedition,Cost Code 8086; Manufacturer: Polaris Expedition; Specification: 2 seater closed cab; Capacity or Size: up to 1000CC; HP: up to 125; Notes: new,USD/hour,national,US,United States,,,,34.47,USD,equipment_rate_hourly,public_domain,,,2025,2025-07-01,fema-equipment-rates-2025,1,https://www.fema.gov/sites/default/files/documents/fema_pa_schedule-equipment-rates_2025.pdf,US-PD-17USC105,,FEMA Public Assistance の機械の料率表(2025 年版)。機械の所有と運転の費用(償却・間接費・整備・燃料・油脂・タイヤ等)を含み、オペレーターの人件費は含まない(FEMA の頁の注)。2025-07-01 以降に宣言された災害に適用。表の # 40、PDF 1 頁
3803b0c9d412558e,US,equipment,All Terrain Vehicle,All Terrain Vehicle / Polaris Expedition ADV 5,Cost Code 8087; Manufacturer: Polaris Expedition ADV 5; Specification: 5 seater closed cab; Capacity or Size: up to 1000CC; HP: up to 125; Notes: New,USD/hour,national,US,United States,,,,37.39,USD,equipment_rate_hourly,public_domain,,,2025,2025-07-01,fema-equipment-rates-2025,1,https://www.fema.gov/sites/default/files/documents/fema_pa_schedule-equipment-rates_2025.pdf,US-PD-17USC105,,FEMA Public Assistance の機械の料率表(2025 年版)。機械の所有と運転の費用(償却・間接費・整備・燃料・油脂・タイヤ等)を含み、オペレーターの人件費は含まない(FEMA の頁の注)。2025-07-01 以降に宣言された災害に適用。表の # 41、PDF 1 頁
c134d26436292b27,US,equipment,Drone Atomizer (Sprayer),Drone Atomizer (Sprayer) / DJI AGRAS T50,"Cost Code 8088; Manufacturer: DJI AGRAS T50; Specification: Drone comes with Liquid and Dry tanks, batteries, software and other necessary equipment to operate.; Capacity or Size: 100 pounds Dry & 40 Liters Liquid; Notes: new",USD/hour,national,US,United States,,,,26.27,USD,equipment_rate_hourly,public_domain,,,2025,2025-07-01,fema-equipment-rates-2025,1,https://www.fema.gov/sites/default/files/documents/fema_pa_schedule-equipment-rates_2025.pdf,US-PD-17USC105,,FEMA Public Assistance の機械の料率表(2025 年版)。機械の所有と運転の費用(償却・間接費・整備・燃料・油脂・タイヤ等)を含み、オペレーターの人件費は含まない(FEMA の頁の注)。2025-07-01 以降に宣言された災害に適用。表の # 42、PDF 1 頁
f0dfa7a71982035a,US,equipment,Drone Surveillance,Drone Surveillance / Surveillance Drone,Cost Code 8088.1; Manufacturer: Surveillance Drone; Specification: Parrot ANAFI USA GOV EDITION; Notes: New,USD/hour,national,US,United States,,,,11.3,USD,equipment_rate_hourly,public_domain,,,2025,2025-07-01,fema-equipment-rates-2025,1,https://www.fema.gov/sites/default/files/documents/fema_pa_schedule-equipment-rates_2025.pdf,US-PD-17USC105,,FEMA Public Assistance の機械の料率表(2025 年版)。機械の所有と運転の費用(償却・間接費・整備・燃料・油脂・タイヤ等)を含み、オペレーターの人件費は含まない(FEMA の頁の注)。2025-07-01 以降に宣言された災害に適用。表の # 43、PDF 1 頁
7581a5d55b2f2afa,US,equipment,"Barge, Deck","Barge, Deck / Miscellaneous 300 - Deck Cargo Barges",Cost Code 8111; Manufacturer: Miscellaneous 300 - Deck Cargo Barges; Specification: 50'x35'x9'; Capacity or Size: 50'x35'x9'; HP: N/A; Notes: Push by Tug-Boat,USD/hour,national,US,United States,,,,48.28,USD,equipment_rate_hourly,public_domain,,,2025,2025-07-01,fema-equipment-rates-2025,1,https://www.fema.gov/sites/default/files/documents/fema_pa_schedule-equipment-rates_2025.pdf,US-PD-17USC105,,FEMA Public Assistance の機械の料率表(2025 年版)。機械の所有と運転の費用(償却・間接費・整備・燃料・油脂・タイヤ等)を含み、オペレーターの人件費は含まない(FEMA の頁の注)。2025-07-01 以降に宣言された災害に適用。表の # 44、PDF 1 頁
668305b0a1a2e29f,US,equipment,"Barge, Deck","Barge, Deck / Miscellaneous Deck 1100 - Deck Cargo Barges",Cost Code 8112; Manufacturer: Miscellaneous Deck 1100 - Deck Cargo Barges; Specification: 120'x45'x10-FT; Capacity or Size: 120'x45'x10-FT; HP: N/A; Notes: Push by Tug-Boat,USD/hour,national,US,United States,,,,95.52,USD,equipment_rate_hourly,public_domain,,,2025,2025-07-01,fema-equipment-rates-2025,1,https://www.fema.gov/sites/default/files/documents/fema_pa_schedule-equipment-rates_2025.pdf,US-PD-17USC105,,FEMA Public Assistance の機械の料率表(2025 年版)。機械の所有と運転の費用(償却・間接費・整備・燃料・油脂・タイヤ等)を含み、オペレーターの人件費は含まない(FEMA の頁の注)。2025-07-01 以降に宣言された災害に適用。表の # 45、PDF 1 頁
ae91c71e647b8f10,US,equipment,"Barge, Deck","Barge, Deck / Miscellaneous 1250 - Deck Cargo Barges",Cost Code 8113; Manufacturer: Miscellaneous 1250 - Deck Cargo Barges; Specification: 140'x45'x10-FT; Capacity or Size: 140'x45'x10-FT; HP: N/A; Notes: Push by Tug-Boat,USD/hour,national,US,United States,,,,103.95,USD,equipment_rate_hourly,public_domain,,,2025,2025-07-01,fema-equipment-rates-2025,1,https://www.fema.gov/sites/default/files/documents/fema_pa_schedule-equipment-rates_2025.pdf,US-PD-17USC105,,FEMA Public Assistance の機械の料率表(2025 年版)。機械の所有と運転の費用(償却・間接費・整備・燃料・油脂・タイヤ等)を含み、オペレーターの人件費は含まない(FEMA の頁の注)。2025-07-01 以降に宣言された災害に適用。表の # 46、PDF 1 頁
1d1cf1fb87f4512b,US,equipment,"Boat, Tow","Boat, Tow / Miscellaneous 55 - Tow Boats",Cost Code 8120; Manufacturer: Miscellaneous 55 - Tow Boats; Specification: 50' - 64'; Capacity or Size: 50' - 64'; HP: to 870; Notes: Steel,USD/hour,national,US,United States,,,,518.33,USD,equipment_rate_hourly,public_domain,,,2025,2025-07-01,fema-equipment-rates-2025,1,https://www.fema.gov/sites/default/files/documents/fema_pa_schedule-equipment-rates_2025.pdf,US-PD-17USC105,,FEMA Public Assistance の機械の料率表(2025 年版)。機械の所有と運転の費用(償却・間接費・整備・燃料・油脂・タイヤ等)を含み、オペレーターの人件費は含まない(FEMA の頁の注)。2025-07-01 以降に宣言された災害に適用。表の # 47、PDF 1 頁
2e828bc4c3a493b2,US,equipment,"Boat, Tow","Boat, Tow / Miscellaneous 60 21 - Tow Boats",Cost Code 8121; Manufacturer: Miscellaneous 60 21 - Tow Boats; Specification: 50' - 64'; Capacity or Size: 50' - 64'; HP: to 1050; Notes: Steel,USD/hour,national,US,United States,,,,607.29,USD,equipment_rate_hourly,public_domain,,,2025,2025-07-01,fema-equipment-rates-2025,1,https://www.fema.gov/sites/default/files/documents/fema_pa_schedule-equipment-rates_2025.pdf,US-PD-17USC105,,FEMA Public Assistance の機械の料率表(2025 年版)。機械の所有と運転の費用(償却・間接費・整備・燃料・油脂・タイヤ等)を含み、オペレーターの人件費は含まない(FEMA の頁の注)。2025-07-01 以降に宣言された災害に適用。表の # 48、PDF 1 頁
db53bd7820e3c464,US,equipment,"Boat, Tow","Boat, Tow / Miscellaneous 70 30 - Tow Boats",Cost Code 8122; Manufacturer: Miscellaneous 70 30 - Tow Boats; Specification: 65' - 99'; Capacity or Size: 65' - 99'; HP: to 1350; Notes: Steel,USD/hour,national,US,United States,,,,932.62,USD,equipment_rate_hourly,public_domain,,,2025,2025-07-01,fema-equipment-rates-2025,1,https://www.fema.gov/sites/default/files/documents/fema_pa_schedule-equipment-rates_2025.pdf,US-PD-17USC105,,FEMA Public Assistance の機械の料率表(2025 年版)。機械の所有と運転の費用(償却・間接費・整備・燃料・油脂・タイヤ等)を含み、オペレーターの人件費は含まない(FEMA の頁の注)。2025-07-01 以降に宣言された災害に適用。表の # 49、PDF 1 頁
65bd1e2c571ee3a4,US,equipment,"Boat, Tow","Boat, Tow / Miscellaneous 120 - Tow Boats",Cost Code 8123; Manufacturer: Miscellaneous 120 - Tow Boats; Specification: 100' - 124''; Capacity or Size: 100' - 124''; HP: to 2000; Notes: Steel,USD/hour,national,US,United States,,,,1729.83,USD,equipment_rate_hourly,public_domain,,,2025,2025-07-01,fema-equipment-rates-2025,1,https://www.fema.gov/sites/default/files/documents/fema_pa_schedule-equipment-rates_2025.pdf,US-PD-17USC105,,FEMA Public Assistance の機械の料率表(2025 年版)。機械の所有と運転の費用(償却・間接費・整備・燃料・油脂・タイヤ等)を含み、オペレーターの人件費は含まない(FEMA の頁の注)。2025-07-01 以降に宣言された災害に適用。表の # 50、PDF 1 頁
0337fbcfa09eeb3a,US,equipment,Airboat,Airboat / 815 AGIS Airboat w/spray unit,Cost Code 8124; Manufacturer: 815 AGIS Airboat w/spray unit; HP: 556,USD/hour,national,US,United States,,,,36.78,USD,equipment_rate_hourly,public_domain,,,2025,2025-07-01,fema-equipment-rates-2025,1,https://www.fema.gov/sites/default/files/documents/fema_pa_schedule-equipment-rates_2025.pdf,US-PD-17USC105,,FEMA Public Assistance の機械の料率表(2025 年版)。機械の所有と運転の費用(償却・間接費・整備・燃料・油脂・タイヤ等)を含み、オペレーターの人件費は含まない(FEMA の頁の注)。2025-07-01 以降に宣言された災害に適用。表の # 51、PDF 1 頁
d86c8228e6dd20c8,US,equipment,Airboat,Airboat / 815 AGIS Airboat w/spray unit,Cost Code 8125; Manufacturer: 815 AGIS Airboat w/spray unit; HP: 450,USD/hour,national,US,United States,,,,33.2,USD,equipment_rate_hourly,public_domain,,,2025,2025-07-01,fema-equipment-rates-2025,1,https://www.fema.gov/sites/default/files/documents/fema_pa_schedule-equipment-rates_2025.pdf,US-PD-17USC105,,FEMA Public Assistance の機械の料率表(2025 年版)。機械の所有と運転の費用(償却・間接費・整備・燃料・油脂・タイヤ等)を含み、オペレーターの人件費は含まない(FEMA の頁の注)。2025-07-01 以降に宣言された災害に適用。表の # 52、PDF 1 頁
2b8d8e667921308f,US,equipment,Swamp Buggy,Swamp Buggy / ARGO Conquest 800 Outfitter,Cost Code 8126; Manufacturer: ARGO Conquest 800 Outfitter; HP: 36,USD/hour,national,US,United States,,,,41.97,USD,equipment_rate_hourly,public_domain,,,2025,2025-07-01,fema-equipment-rates-2025,1,https://www.fema.gov/sites/default/files/documents/fema_pa_schedule-equipment-rates_2025.pdf,US-PD-17USC105,,FEMA Public Assistance の機械の料率表(2025 年版)。機械の所有と運転の費用(償却・間接費・整備・燃料・油脂・タイヤ等)を含み、オペレーターの人件費は含まない(FEMA の頁の注)。2025-07-01 以降に宣言された災害に適用。表の # 53、PDF 1 頁
caf9c2f0c59b43be,US,equipment,"Compactor, 2-ton pavement roller","Compactor, 2-ton pavement roller / Bid-well 2450",Cost Code 8129; Manufacturer: Bid-well 2450; Specification: to 76'; Capacity or Size: to 76'; HP: to 40,USD/hour,national,US,United States,,,,28.55,USD,equipment_rate_hourly,public_domain,,,2025,2025-07-01,fema-equipment-rates-2025,1,https://www.fema.gov/sites/default/files/documents/fema_pa_schedule-equipment-rates_2025.pdf,US-PD-17USC105,,FEMA Public Assistance の機械の料率表(2025 年版)。機械の所有と運転の費用(償却・間接費・整備・燃料・油脂・タイヤ等)を含み、オペレーターの人件費は含まない(FEMA の頁の注)。2025-07-01 以降に宣言された災害に適用。表の # 54、PDF 1 頁
8e3f46df61cca4cf,US,equipment,"Boat, Row","Boat, Row / Miscellaneous Rowboat",Cost Code 8130; Manufacturer: Miscellaneous Rowboat; HP: N/A; Notes: Heavy duty.,USD/hour,national,US,United States,,,,1.09,USD,equipment_rate_hourly,public_domain,,,2025,2025-07-01,fema-equipment-rates-2025,1,https://www.fema.gov/sites/default/files/documents/fema_pa_schedule-equipment-rates_2025.pdf,US-PD-17USC105,,FEMA Public Assistance の機械の料率表(2025 年版)。機械の所有と運転の費用(償却・間接費・整備・燃料・油脂・タイヤ等)を含み、オペレーターの人件費は含まない(FEMA の頁の注)。2025-07-01 以降に宣言された災害に適用。表の # 55、PDF 1 頁
a6d22ea1fb4a1423,US,equipment,"Boat, Runabout","Boat, Runabout / Marine Equipment Runabouts - 13",Cost Code 8131; Manufacturer: Marine Equipment Runabouts - 13; HP: 60,USD/hour,national,US,United States,,,,13.38,USD,equipment_rate_hourly,public_domain,,,2025,2025-07-01,fema-equipment-rates-2025,1,https://www.fema.gov/sites/default/files/documents/fema_pa_schedule-equipment-rates_2025.pdf,US-PD-17USC105,,FEMA Public Assistance の機械の料率表(2025 年版)。機械の所有と運転の費用(償却・間接費・整備・燃料・油脂・タイヤ等)を含み、オペレーターの人件費は含まない(FEMA の頁の注)。2025-07-01 以降に宣言された災害に適用。表の # 56、PDF 1 頁
0bb78968d25435a8,US,equipment,"Boat, Tender","Boat, Tender / Marine Equipment Tenders - 12",Cost Code 8132; Manufacturer: Marine Equipment Tenders - 12; Specification: to 16'; Capacity or Size: to 16'; HP: to 100; Notes: Inboard with 360 degree drive.,USD/hour,national,US,United States,,,,19.45,USD,equipment_rate_hourly,public_domain,,,2025,2025-07-01,fema-equipment-rates-2025,1,https://www.fema.gov/sites/default/files/documents/fema_pa_schedule-equipment-rates_2025.pdf,US-PD-17USC105,,FEMA Public Assistance の機械の料率表(2025 年版)。機械の所有と運転の費用(償却・間接費・整備・燃料・油脂・タイヤ等)を含み、オペレーターの人件費は含まない(FEMA の頁の注)。2025-07-01 以降に宣言された災害に適用。表の # 57、PDF 1 頁
6762c7c320fb53ed,US,equipment,"Boat, Push","Boat, Push / Miscellaneous 400 - Push Boats",Cost Code 8133; Manufacturer: Miscellaneous 400 - Push Boats; Specification: to 49'; Capacity or Size: to 49'; HP: to 435; Notes: Flat hull.,USD/hour,national,US,United States,,,,215.37,USD,equipment_rate_hourly,public_domain,,,2025,2025-07-01,fema-equipment-rates-2025,1,https://www.fema.gov/sites/default/files/documents/fema_pa_schedule-equipment-rates_2025.pdf,US-PD-17USC105,,FEMA Public Assistance の機械の料率表(2025 年版)。機械の所有と運転の費用(償却・間接費・整備・燃料・油脂・タイヤ等)を含み、オペレーターの人件費は含まない(FEMA の頁の注)。2025-07-01 以降に宣言された災害に適用。表の # 58、PDF 1 頁
2ed97a5c0469b5da,US,equipment,"Boat, Push","Boat, Push / Miscellaneous 525 - Push Boats",Cost Code 8134; Manufacturer: Miscellaneous 525 - Push Boats; Specification: 50' - 74'; Capacity or Size: 50' - 74'; HP: to 525; Notes: Flat hull.,USD/hour,national,US,United States,,,,267.75,USD,equipment_rate_hourly,public_domain,,,2025,2025-07-01,fema-equipment-rates-2025,1,https://www.fema.gov/sites/default/files/documents/fema_pa_schedule-equipment-rates_2025.pdf,US-PD-17USC105,,FEMA Public Assistance の機械の料率表(2025 年版)。機械の所有と運転の費用(償却・間接費・整備・燃料・油脂・タイヤ等)を含み、オペレーターの人件費は含まない(FEMA の頁の注)。2025-07-01 以降に宣言された災害に適用。表の # 59、PDF 1 頁
f2ad26519dbaac63,US,equipment,"Boat, Push","Boat, Push / Miscellaneous 705 - Push Boats",Cost Code 8135; Manufacturer: Miscellaneous 705 - Push Boats; Specification: 50' - 74'; Capacity or Size: 50' - 74'; HP: to 705; Notes: Flat hull.,USD/hour,national,US,United States,,,,482.92,USD,equipment_rate_hourly,public_domain,,,2025,2025-07-01,fema-equipment-rates-2025,1,https://www.fema.gov/sites/default/files/documents/fema_pa_schedule-equipment-rates_2025.pdf,US-PD-17USC105,,FEMA Public Assistance の機械の料率表(2025 年版)。機械の所有と運転の費用(償却・間接費・整備・燃料・油脂・タイヤ等)を含み、オペレーターの人件費は含まない(FEMA の頁の注)。2025-07-01 以降に宣言された災害に適用。表の # 60、PDF 1 頁
1083d4373ff2f538,US,equipment,"Boat, Push","Boat, Push / Miscellaneous 870 - Push Boats",Cost Code 8136; Manufacturer: Miscellaneous 870 - Push Boats; Specification: 50' - 74'; Capacity or Size: 50' - 74'; HP: to 870; Notes: Flat hull.,USD/hour,national,US,United States,,,,558.97,USD,equipment_rate_hourly,public_domain,,,2025,2025-07-01,fema-equipment-rates-2025,2,https://www.fema.gov/sites/default/files/documents/fema_pa_schedule-equipment-rates_2025.pdf,US-PD-17USC105,,FEMA Public Assistance の機械の料率表(2025 年版)。機械の所有と運転の費用(償却・間接費・整備・燃料・油脂・タイヤ等)を含み、オペレーターの人件費は含まない(FEMA の頁の注)。2025-07-01 以降に宣言された災害に適用。表の # 61、PDF 2 頁
9f01ba148522b75b,US,equipment,"Boat, Debris Removal Skiff","Boat, Debris Removal Skiff / Debris Removal Skiff",Cost Code 8137; Manufacturer: Debris Removal Skiff; Specification: Length 48'; Capacity or Size: Length 48'; HP: to 200; Notes: New 2023 rate,USD/hour,national,US,United States,,,,164.32,USD,equipment_rate_hourly,public_domain,,,2025,2025-07-01,fema-equipment-rates-2025,2,https://www.fema.gov/sites/default/files/documents/fema_pa_schedule-equipment-rates_2025.pdf,US-PD-17USC105,,FEMA Public Assistance の機械の料率表(2025 年版)。機械の所有と運転の費用(償却・間接費・整備・燃料・油脂・タイヤ等)を含み、オペレーターの人件費は含まない(FEMA の頁の注)。2025-07-01 以降に宣言された災害に適用。表の # 62、PDF 2 頁
2613f332e7e4e89f,US,equipment,"Boat, Jet","Boat, Jet / Boat, Jet (Woolridge Xtra Plus Inboard)","Cost Code 8138; Manufacturer: Boat, Jet (Woolridge Xtra Plus Inboard); Specification: Length 20' 4""; Capacity or Size: Length 20' 4""; HP: to 100; Notes: Shallow Draft",USD/hour,national,US,United States,,,,10.87,USD,equipment_rate_hourly,public_domain,,,2025,2025-07-01,fema-equipment-rates-2025,2,https://www.fema.gov/sites/default/files/documents/fema_pa_schedule-equipment-rates_2025.pdf,US-PD-17USC105,,FEMA Public Assistance の機械の料率表(2025 年版)。機械の所有と運転の費用(償却・間接費・整備・燃料・油脂・タイヤ等)を含み、オペレーターの人件費は含まない(FEMA の頁の注)。2025-07-01 以降に宣言された災害に適用。表の # 63、PDF 2 頁
f22d2d6cc0b71c12,US,equipment,"Boat, Tug","Boat, Tug / Miscellaneous 100 - Inland Tug Boats",Cost Code 8140; Manufacturer: Miscellaneous 100 - Inland Tug Boats; Specification: Length 16'; Capacity or Size: 16'; HP: to 100; Notes: Shallow Draft,USD/hour,national,US,United States,,,,74.2,USD,equipment_rate_hourly,public_domain,,,2025,2025-07-01,fema-equipment-rates-2025,2,https://www.fema.gov/sites/default/files/documents/fema_pa_schedule-equipment-rates_2025.pdf,US-PD-17USC105,,FEMA Public Assistance の機械の料率表(2025 年版)。機械の所有と運転の費用(償却・間接費・整備・燃料・油脂・タイヤ等)を含み、オペレーターの人件費は含まない(FEMA の頁の注)。2025-07-01 以降に宣言された災害に適用。表の # 64、PDF 2 頁
70ed31b17af56770,US,equipment,"Boat, Tug","Boat, Tug / Miscellaneous 175 - Inland Tug Boats",Cost Code 8141; Manufacturer: Miscellaneous 175 - Inland Tug Boats; Specification: Length 18'; Capacity or Size: 18'; HP: to 175; Notes: With Steering Nozzle,USD/hour,national,US,United States,,,,95.34,USD,equipment_rate_hourly,public_domain,,,2025,2025-07-01,fema-equipment-rates-2025,2,https://www.fema.gov/sites/default/files/documents/fema_pa_schedule-equipment-rates_2025.pdf,US-PD-17USC105,,FEMA Public Assistance の機械の料率表(2025 年版)。機械の所有と運転の費用(償却・間接費・整備・燃料・油脂・タイヤ等)を含み、オペレーターの人件費は含まない(FEMA の頁の注)。2025-07-01 以降に宣言された災害に適用。表の # 65、PDF 2 頁
8a8160b805c7a985,US,equipment,"Boat, Tug","Boat, Tug / Miscellaneous 250 - Inland Tug Boats",Cost Code 8142; Manufacturer: Miscellaneous 250 - Inland Tug Boats; Specification: Length 26'; Capacity or Size: 26'; HP: to 250; Notes: With Steering Nozzle,USD/hour,national,US,United States,,,,134.25,USD,equipment_rate_hourly,public_domain,,,2025,2025-07-01,fema-equipment-rates-2025,2,https://www.fema.gov/sites/default/files/documents/fema_pa_schedule-equipment-rates_2025.pdf,US-PD-17USC105,,FEMA Public Assistance の機械の料率表(2025 年版)。機械の所有と運転の費用(償却・間接費・整備・燃料・油脂・タイヤ等)を含み、オペレーターの人件費は含まない(FEMA の頁の注)。2025-07-01 以降に宣言された災害に適用。表の # 66、PDF 2 頁
4cfc2c88de75e4d5,US,equipment,"Boat, Tug","Boat, Tug / Miscellaneous 380 - Inland Tug Boats",Cost Code 8143; Manufacturer: Miscellaneous 380 - Inland Tug Boats; Specification: Length 40'; Capacity or Size: 40'; HP: to 380; Notes: Standard Rudder,USD/hour,national,US,United States,,,,244.03,USD,equipment_rate_hourly,public_domain,,,2025,2025-07-01,fema-equipment-rates-2025,2,https://www.fema.gov/sites/default/files/documents/fema_pa_schedule-equipment-rates_2025.pdf,US-PD-17USC105,,FEMA Public Assistance の機械の料率表(2025 年版)。機械の所有と運転の費用(償却・間接費・整備・燃料・油脂・タイヤ等)を含み、オペレーターの人件費は含まない(FEMA の頁の注)。2025-07-01 以降に宣言された災害に適用。表の # 67、PDF 2 頁
8cd0be3a33f027bc,US,equipment,"Boat, Tug","Boat, Tug / Miscellaneous 700 - Inland Tug Boats",Cost Code 8144; Manufacturer: Miscellaneous 700 - Inland Tug Boats; Specification: Length 51'; Capacity or Size: 51'; HP: to 700; Notes: Twin Screw,USD/hour,national,US,United States,,,,390.09,USD,equipment_rate_hourly,public_domain,,,2025,2025-07-01,fema-equipment-rates-2025,2,https://www.fema.gov/sites/default/files/documents/fema_pa_schedule-equipment-rates_2025.pdf,US-PD-17USC105,,FEMA Public Assistance の機械の料率表(2025 年版)。機械の所有と運転の費用(償却・間接費・整備・燃料・油脂・タイヤ等)を含み、オペレーターの人件費は含まない(FEMA の頁の注)。2025-07-01 以降に宣言された災害に適用。表の # 68、PDF 2 頁
4f97abe94906859a,US,equipment,Jet Ski,Jet Ski / Yamaha VX,Cost Code 8145; Manufacturer: Yamaha VX; Specification: Gasoline; Capacity or Size: Gasoline,USD/hour,national,US,United States,,,,9.06,USD,equipment_rate_hourly,public_domain,,,2025,2025-07-01,fema-equipment-rates-2025,2,https://www.fema.gov/sites/default/files/documents/fema_pa_schedule-equipment-rates_2025.pdf,US-PD-17USC105,,FEMA Public Assistance の機械の料率表(2025 年版)。機械の所有と運転の費用(償却・間接費・整備・燃料・油脂・タイヤ等)を含み、オペレーターの人件費は含まない(FEMA の頁の注)。2025-07-01 以降に宣言された災害に適用。表の # 69、PDF 2 頁
e6738a8862f3dc4c,US,equipment,"Boat, Inflatable Rescue Raft","Boat, Inflatable Rescue Raft / Zodiac C310 Solid 10’2″",Cost Code 8147; Manufacturer: Zodiac C310 Solid 10’2″; Capacity or Size: Diesel,USD/hour,national,US,United States,,,,0.93,USD,equipment_rate_hourly,public_domain,,,2025,2025-07-01,fema-equipment-rates-2025,2,https://www.fema.gov/sites/default/files/documents/fema_pa_schedule-equipment-rates_2025.pdf,US-PD-17USC105,,FEMA Public Assistance の機械の料率表(2025 年版)。機械の所有と運転の費用(償却・間接費・整備・燃料・油脂・タイヤ等)を含み、オペレーターの人件費は含まない(FEMA の頁の注)。2025-07-01 以降に宣言された災害に適用。表の # 70、PDF 2 頁
f1db8493b3d1d8eb,US,equipment,"Boat, Runabout","Boat, Runabout / Marine Equipment Runabouts - 13",Cost Code 8148; Manufacturer: Marine Equipment Runabouts - 13; Specification: Gasoline; Capacity or Size: Gasoline,USD/hour,national,US,United States,,,,64.8,USD,equipment_rate_hourly,public_domain,,,2025,2025-07-01,fema-equipment-rates-2025,2,https://www.fema.gov/sites/default/files/documents/fema_pa_schedule-equipment-rates_2025.pdf,US-PD-17USC105,,FEMA Public Assistance の機械の料率表(2025 年版)。機械の所有と運転の費用(償却・間接費・整備・燃料・油脂・タイヤ等)を含み、オペレーターの人件費は含まない(FEMA の頁の注)。2025-07-01 以降に宣言された災害に適用。表の # 71、PDF 2 頁
5b4fd9f7d26415cc,US,equipment,"Boat, removable engine","Boat, removable engine / 2000 Johnson Outboard Motor",Cost Code 8149; Manufacturer: 2000 Johnson Outboard Motor; Specification: Gasoline; Capacity or Size: Gasoline,USD/hour,national,US,United States,,,,2.03,USD,equipment_rate_hourly,public_domain,,,2025,2025-07-01,fema-equipment-rates-2025,2,https://www.fema.gov/sites/default/files/documents/fema_pa_schedule-equipment-rates_2025.pdf,US-PD-17USC105,,FEMA Public Assistance の機械の料率表(2025 年版)。機械の所有と運転の費用(償却・間接費・整備・燃料・油脂・タイヤ等)を含み、オペレーターの人件費は含まない(FEMA の頁の注)。2025-07-01 以降に宣言された災害に適用。表の # 72、PDF 2 頁
4804c43ca376278c,US,equipment,"Boat, Recreational","Boat, Recreational / Outboard motor",Cost Code 8149.1; Manufacturer: Outboard motor; Specification: Center console with up to 3 outboard motors; Capacity or Size: 36' long,USD/hour,national,US,United States,,,,48.65,USD,equipment_rate_hourly,public_domain,,,2025,2025-07-01,fema-equipment-rates-2025,2,https://www.fema.gov/sites/default/files/documents/fema_pa_schedule-equipment-rates_2025.pdf,US-PD-17USC105,,FEMA Public Assistance の機械の料率表(2025 年版)。機械の所有と運転の費用(償却・間接費・整備・燃料・油脂・タイヤ等)を含み、オペレーターの人件費は含まない(FEMA の頁の注)。2025-07-01 以降に宣言された災害に適用。表の # 73、PDF 2 頁
710733d2e528f0bb,US,equipment,"Boat, Recreational","Boat, Recreational / Outboard motor",Cost Code 8149.2; Manufacturer: Outboard motor; Specification: Center console with up to 2 outboard motors; Capacity or Size: 36' long,USD/hour,national,US,United States,,,,44.02,USD,equipment_rate_hourly,public_domain,,,2025,2025-07-01,fema-equipment-rates-2025,2,https://www.fema.gov/sites/default/files/documents/fema_pa_schedule-equipment-rates_2025.pdf,US-PD-17USC105,,FEMA Public Assistance の機械の料率表(2025 年版)。機械の所有と運転の費用(償却・間接費・整備・燃料・油脂・タイヤ等)を含み、オペレーターの人件費は含まない(FEMA の頁の注)。2025-07-01 以降に宣言された災害に適用。表の # 74、PDF 2 頁
2881792c9afb7d98,US,equipment,"Boat, Police","Boat, Police / Length 25'","Cost Code 8149.3; Manufacturer: Length 25'; Specification: Full Cabin Boat for patrols, response, port security, law enforcement and search and rescue (SAR). Boat can be equiped with various brand and tupe outboard motors.; Capacity or Size: 25' long",USD/hour,national,US,United States,,,,34.5,USD,equipment_rate_hourly,public_domain,,,2025,2025-07-01,fema-equipment-rates-2025,2,https://www.fema.gov/sites/default/files/documents/fema_pa_schedule-equipment-rates_2025.pdf,US-PD-17USC105,,FEMA Public Assistance の機械の料率表(2025 年版)。機械の所有と運転の費用(償却・間接費・整備・燃料・油脂・タイヤ等)を含み、オペレーターの人件費は含まない(FEMA の頁の注)。2025-07-01 以降に宣言された災害に適用。表の # 75、PDF 2 頁
5e86e2abe71dbe78,US,equipment,Self Propelled Pavement Brooms,Self Propelled Pavement Brooms / Lay-Mor 6HC/8HC,Cost Code 8150; Manufacturer: Lay-Mor 6HC/8HC; HP: to 37,USD/hour,national,US,United States,,,,53.65,USD,equipment_rate_hourly,public_domain,,,2025,2025-07-01,fema-equipment-rates-2025,2,https://www.fema.gov/sites/default/files/documents/fema_pa_schedule-equipment-rates_2025.pdf,US-PD-17USC105,,FEMA Public Assistance の機械の料率表(2025 年版)。機械の所有と運転の費用(償却・間接費・整備・燃料・油脂・タイヤ等)を含み、オペレーターの人件費は含まない(FEMA の頁の注)。2025-07-01 以降に宣言された災害に適用。表の # 76、PDF 2 頁
5a319ab44e754963,US,equipment,"Broom, Pavement, Mounted","Broom, Pavement, Mounted / Miscellaneous TRAC MOUNT PTO DRIVE - For Mounting Pavement Brooms","Cost Code 8151; Manufacturer: Miscellaneous TRAC MOUNT PTO DRIVE - For Mounting Pavement Brooms; Specification: 72""; Capacity or Size: 72""",USD/hour,national,US,United States,,,,4.07,USD,equipment_rate_hourly,public_domain,,,2025,2025-07-01,fema-equipment-rates-2025,2,https://www.fema.gov/sites/default/files/documents/fema_pa_schedule-equipment-rates_2025.pdf,US-PD-17USC105,,FEMA Public Assistance の機械の料率表(2025 年版)。機械の所有と運転の費用(償却・間接費・整備・燃料・油脂・タイヤ等)を含み、オペレーターの人件費は含まない(FEMA の頁の注)。2025-07-01 以降に宣言された災害に適用。表の # 77、PDF 2 頁
792064825a2a541a,US,equipment,Self Propelled Pavement Brooms,Self Propelled Pavement Brooms / Broce RC-350 (disc. 2011),"Cost Code 8153; Manufacturer: Broce RC-350 (disc. 2011); Specification: 96""; Capacity or Size: 96""; HP: to 100; Notes: Add Prime Mover cost for total rate",USD/hour,national,US,United States,,,,5.49,USD,equipment_rate_hourly,public_domain,,,2025,2025-07-01,fema-equipment-rates-2025,2,https://www.fema.gov/sites/default/files/documents/fema_pa_schedule-equipment-rates_2025.pdf,US-PD-17USC105,,FEMA Public Assistance の機械の料率表(2025 年版)。機械の所有と運転の費用(償却・間接費・整備・燃料・油脂・タイヤ等)を含み、オペレーターの人件費は含まない(FEMA の頁の注)。2025-07-01 以降に宣言された災害に適用。表の # 78、PDF 2 頁
471574fc9518ede7,US,equipment,"Broom, Pavement, Pull","Broom, Pavement, Pull / Miscellaneous TRACTION PT - Pull Type Pavement Brooms","Cost Code 8154; Manufacturer: Miscellaneous TRACTION PT - Pull Type Pavement Brooms; Specification: 84""; Capacity or Size: 84""; HP: to 20",USD/hour,national,US,United States,,,,40.44,USD,equipment_rate_hourly,public_domain,,,2025,2025-07-01,fema-equipment-rates-2025,2,https://www.fema.gov/sites/default/files/documents/fema_pa_schedule-equipment-rates_2025.pdf,US-PD-17USC105,,FEMA Public Assistance の機械の料率表(2025 年版)。機械の所有と運転の費用(償却・間接費・整備・燃料・油脂・タイヤ等)を含み、オペレーターの人件費は含まない(FEMA の頁の注)。2025-07-01 以降に宣言された災害に適用。表の # 79、PDF 2 頁
4788e14beb7e785b,US,equipment,Skid Steer for Broom,Skid Steer for Broom / Bobcat 453 (disc. 2001),Cost Code 8154.1; Manufacturer: Bobcat 453 (disc. 2001),USD/hour,national,US,United States,,,,24.86,USD,equipment_rate_hourly,public_domain,,,2025,2025-07-01,fema-equipment-rates-2025,2,https://www.fema.gov/sites/default/files/documents/fema_pa_schedule-equipment-rates_2025.pdf,US-PD-17USC105,,FEMA Public Assistance の機械の料率表(2025 年版)。機械の所有と運転の費用(償却・間接費・整備・燃料・油脂・タイヤ等)を含み、オペレーターの人件費は含まない(FEMA の頁の注)。2025-07-01 以降に宣言された災害に適用。表の # 80、PDF 2 頁
cadcf77b50965d24,US,equipment,Self Propelled Pavement Brooms,Self Propelled Pavement Brooms / Terramite TSS46,Cost Code 8155; Manufacturer: Terramite TSS46; Specification: 6 or 8-FT broom heads; HP: to 35,USD/hour,national,US,United States,,,,35.65,USD,equipment_rate_hourly,public_domain,,,2025,2025-07-01,fema-equipment-rates-2025,2,https://www.fema.gov/sites/default/files/documents/fema_pa_schedule-equipment-rates_2025.pdf,US-PD-17USC105,,FEMA Public Assistance の機械の料率表(2025 年版)。機械の所有と運転の費用(償却・間接費・整備・燃料・油脂・タイヤ等)を含み、オペレーターの人件費は含まない(FEMA の頁の注)。2025-07-01 以降に宣言された災害に適用。表の # 81、PDF 2 頁
979c459ee630e8de,US,equipment,"Sweeper, Pavement","Sweeper, Pavement / Elgin - Pelican SE","Cost Code 8157; Manufacturer: Elgin - Pelican SE; Specification: 66"" & 36"" broom widths, 3.6-CY hopper; HP: to 110",USD/hour,national,US,United States,,,,100.34,USD,equipment_rate_hourly,public_domain,,,2025,2025-07-01,fema-equipment-rates-2025,2,https://www.fema.gov/sites/default/files/documents/fema_pa_schedule-equipment-rates_2025.pdf,US-PD-17USC105,,FEMA Public Assistance の機械の料率表(2025 年版)。機械の所有と運転の費用(償却・間接費・整備・燃料・油脂・タイヤ等)を含み、オペレーターの人件費は含まない(FEMA の頁の注)。2025-07-01 以降に宣言された災害に適用。表の # 82、PDF 2 頁
49f2a78123814aa3,US,equipment,"Sweeper, Pavement","Sweeper, Pavement / Five Star - Broom Bear","Cost Code 8158; Manufacturer: Five Star - Broom Bear; Specification: Max 120” sweep width, 4.5-CY hopper; HP: to 230",USD/hour,national,US,United States,,,,123.69,USD,equipment_rate_hourly,public_domain,,,2025,2025-07-01,fema-equipment-rates-2025,2,https://www.fema.gov/sites/default/files/documents/fema_pa_schedule-equipment-rates_2025.pdf,US-PD-17USC105,,FEMA Public Assistance の機械の料率表(2025 年版)。機械の所有と運転の費用(償却・間接費・整備・燃料・油脂・タイヤ等)を含み、オペレーターの人件費は含まない(FEMA の頁の注)。2025-07-01 以降に宣言された災害に適用。表の # 83、PDF 2 頁
b7737de8ba82d36a,US,equipment,Bus,Bus,Cost Code 8180; HP: 185,USD/hour,national,US,United States,,,,32.34,USD,equipment_rate_hourly,public_domain,,,2025,2025-07-01,fema-equipment-rates-2025,2,https://www.fema.gov/sites/default/files/documents/fema_pa_schedule-equipment-rates_2025.pdf,US-PD-17USC105,,FEMA Public Assistance の機械の料率表(2025 年版)。機械の所有と運転の費用(償却・間接費・整備・燃料・油脂・タイヤ等)を含み、オペレーターの人件費は含まない(FEMA の頁の注)。2025-07-01 以降に宣言された災害に適用。表の # 84、PDF 2 頁
533d1d588604b0b7,US,equipment,Bus,Bus,Cost Code 8181; HP: 100,USD/hour,national,US,United States,,,,31.26,USD,equipment_rate_hourly,public_domain,,,2025,2025-07-01,fema-equipment-rates-2025,2,https://www.fema.gov/sites/default/files/documents/fema_pa_schedule-equipment-rates_2025.pdf,US-PD-17USC105,,FEMA Public Assistance の機械の料率表(2025 年版)。機械の所有と運転の費用(償却・間接費・整備・燃料・油脂・タイヤ等)を含み、オペレーターの人件費は含まない(FEMA の頁の注)。2025-07-01 以降に宣言された災害に適用。表の # 85、PDF 2 頁
2efcb7f90560965e,US,equipment,Bus,Bus,Cost Code 8182; HP: 230,USD/hour,national,US,United States,,,,53.7,USD,equipment_rate_hourly,public_domain,,,2025,2025-07-01,fema-equipment-rates-2025,2,https://www.fema.gov/sites/default/files/documents/fema_pa_schedule-equipment-rates_2025.pdf,US-PD-17USC105,,FEMA Public Assistance の機械の料率表(2025 年版)。機械の所有と運転の費用(償却・間接費・整備・燃料・油脂・タイヤ等)を含み、オペレーターの人件費は含まない(FEMA の頁の注)。2025-07-01 以降に宣言された災害に適用。表の # 86、PDF 2 頁
618737540406eda2,US,equipment,Blower,Blower,Cost Code 8183; HP: 27,USD/hour,national,US,United States,,,,20.63,USD,equipment_rate_hourly,public_domain,,,2025,2025-07-01,fema-equipment-rates-2025,2,https://www.fema.gov/sites/default/files/documents/fema_pa_schedule-equipment-rates_2025.pdf,US-PD-17USC105,,FEMA Public Assistance の機械の料率表(2025 年版)。機械の所有と運転の費用(償却・間接費・整備・燃料・油脂・タイヤ等)を含み、オペレーターの人件費は含まない(FEMA の頁の注)。2025-07-01 以降に宣言された災害に適用。表の # 87、PDF 2 頁
132a4b194bcd3229,US,equipment,Mosquito Sprayer,Mosquito Sprayer / Adapco - Guardian 95 ES,Cost Code 8183.1; Manufacturer: Adapco - Guardian 95 ES; Specification: to 186 CFM,USD/hour,national,US,United States,,,,18.19,USD,equipment_rate_hourly,public_domain,,,2025,2025-07-01,fema-equipment-rates-2025,2,https://www.fema.gov/sites/default/files/documents/fema_pa_schedule-equipment-rates_2025.pdf,US-PD-17USC105,,FEMA Public Assistance の機械の料率表(2025 年版)。機械の所有と運転の費用(償却・間接費・整備・燃料・油脂・タイヤ等)を含み、オペレーターの人件費は含まない(FEMA の頁の注)。2025-07-01 以降に宣言された災害に適用。表の # 88、PDF 2 頁
39212c4e99cbce41,US,equipment,Back-pack Blower,Back-pack Blower,Cost Code 8184,USD/hour,national,US,United States,,,,7.22,USD,equipment_rate_hourly,public_domain,,,2025,2025-07-01,fema-equipment-rates-2025,2,https://www.fema.gov/sites/default/files/documents/fema_pa_schedule-equipment-rates_2025.pdf,US-PD-17USC105,,FEMA Public Assistance の機械の料率表(2025 年版)。機械の所有と運転の費用(償却・間接費・整備・燃料・油脂・タイヤ等)を含み、オペレーターの人件費は含まない(FEMA の頁の注)。2025-07-01 以降に宣言された災害に適用。表の # 89、PDF 2 頁
da33ba9353c87e0d,US,equipment,Walkbehind Blower,Walkbehind Blower,Cost Code 8185; HP: 13,USD/hour,national,US,United States,,,,2.06,USD,equipment_rate_hourly,public_domain,,,2025,2025-07-01,fema-equipment-rates-2025,2,https://www.fema.gov/sites/default/files/documents/fema_pa_schedule-equipment-rates_2025.pdf,US-PD-17USC105,,FEMA Public Assistance の機械の料率表(2025 年版)。機械の所有と運転の費用(償却・間接費・整備・燃料・油脂・タイヤ等)を含み、オペレーターの人件費は含まない(FEMA の頁の注)。2025-07-01 以降に宣言された災害に適用。表の # 90、PDF 2 頁
58f99233537307fe,US,equipment,Chainsaw,"Chainsaw / Bar Length = 20""","Cost Code 8187; Manufacturer: Bar Length = 20""; Specification: 3.0 cu in; Capacity or Size: 3.0 cu in; HP: to 3; Notes: Heavy Duty",USD/hour,national,US,United States,,,,3.23,USD,equipment_rate_hourly,public_domain,,,2025,2025-07-01,fema-equipment-rates-2025,2,https://www.fema.gov/sites/default/files/documents/fema_pa_schedule-equipment-rates_2025.pdf,US-PD-17USC105,,FEMA Public Assistance の機械の料率表(2025 年版)。機械の所有と運転の費用(償却・間接費・整備・燃料・油脂・タイヤ等)を含み、オペレーターの人件費は含まない(FEMA の頁の注)。2025-07-01 以降に宣言された災害に適用。表の # 91、PDF 2 頁
738172965345a3ef,US,equipment,Chainsaw,"Chainsaw / Bar Length = 20""","Cost Code 8188; Manufacturer: Bar Length = 20""; Specification: 5.0 cu in; Capacity or Size: 5.0 cu in; HP: to 6; Notes: Heavy Duty",USD/hour,national,US,United States,,,,3.65,USD,equipment_rate_hourly,public_domain,,,2025,2025-07-01,fema-equipment-rates-2025,2,https://www.fema.gov/sites/default/files/documents/fema_pa_schedule-equipment-rates_2025.pdf,US-PD-17USC105,,FEMA Public Assistance の機械の料率表(2025 年版)。機械の所有と運転の費用(償却・間接費・整備・燃料・油脂・タイヤ等)を含み、オペレーターの人件費は含まない(FEMA の頁の注)。2025-07-01 以降に宣言された災害に適用。表の # 92、PDF 2 頁
c5902988e60a1962,US,equipment,Chainsaw,"Chainsaw / Bar Length = 20""","Cost Code 8189; Manufacturer: Bar Length = 20""; Specification: 6.0 cu in; Capacity or Size: 6.0 cu in; HP: to 7; Notes: Heavy Duty",USD/hour,national,US,United States,,,,1.72,USD,equipment_rate_hourly,public_domain,,,2025,2025-07-01,fema-equipment-rates-2025,2,https://www.fema.gov/sites/default/files/documents/fema_pa_schedule-equipment-rates_2025.pdf,US-PD-17USC105,,FEMA Public Assistance の機械の料率表(2025 年版)。機械の所有と運転の費用(償却・間接費・整備・燃料・油脂・タイヤ等)を含み、オペレーターの人件費は含まない(FEMA の頁の注)。2025-07-01 以降に宣言された災害に適用。表の # 93、PDF 2 頁
5e469d9869a2bbf9,US,equipment,Chainsaw,"Chainsaw / Bar Length = 16""","Cost Code 8190; Manufacturer: Bar Length = 16""; Specification: 2.5 cu in; Capacity or Size: 2.5 cu in; HP: to 2; Notes: Light Duty",USD/hour,national,US,United States,,,,1.71,USD,equipment_rate_hourly,public_domain,,,2025,2025-07-01,fema-equipment-rates-2025,2,https://www.fema.gov/sites/default/files/documents/fema_pa_schedule-equipment-rates_2025.pdf,US-PD-17USC105,,FEMA Public Assistance の機械の料率表(2025 年版)。機械の所有と運転の費用(償却・間接費・整備・燃料・油脂・タイヤ等)を含み、オペレーターの人件費は含まない(FEMA の頁の注)。2025-07-01 以降に宣言された災害に適用。表の # 94、PDF 2 頁
3a870a36acd3e4d2,US,equipment,Chainsaw,"Chainsaw / Bar Length = 25""","Cost Code 8191; Manufacturer: Bar Length = 25""; Specification: 7.0 cu in; Capacity or Size: 7.0 cu in; HP: to 9; Notes: Heavy Duty",USD/hour,national,US,United States,,,,4.81,USD,equipment_rate_hourly,public_domain,,,2025,2025-07-01,fema-equipment-rates-2025,2,https://www.fema.gov/sites/default/files/documents/fema_pa_schedule-equipment-rates_2025.pdf,US-PD-17USC105,,FEMA Public Assistance の機械の料率表(2025 年版)。機械の所有と運転の費用(償却・間接費・整備・燃料・油脂・タイヤ等)を含み、オペレーターの人件費は含まない(FEMA の頁の注)。2025-07-01 以降に宣言された災害に適用。表の # 95、PDF 2 頁
2e13ecfbca495730,US,equipment,"Chainsaw, Pole","Chainsaw, Pole / Bar Length = 18""","Cost Code 8192; Manufacturer: Bar Length = 18""; HP: N/A; Notes: Hydraulic",USD/hour,national,US,United States,,,,2.52,USD,equipment_rate_hourly,public_domain,,,2025,2025-07-01,fema-equipment-rates-2025,2,https://www.fema.gov/sites/default/files/documents/fema_pa_schedule-equipment-rates_2025.pdf,US-PD-17USC105,,FEMA Public Assistance の機械の料率表(2025 年版)。機械の所有と運転の費用(償却・間接費・整備・燃料・油脂・タイヤ等)を含み、オペレーターの人件費は含まない(FEMA の頁の注)。2025-07-01 以降に宣言された災害に適用。表の # 96、PDF 2 頁
adde525eb8855c12,US,equipment,"Skidder, Log","Skidder, Log / 2023 DEERE 648L II",Cost Code 8193; Manufacturer: 2023 DEERE 648L II; HP: to 237,USD/hour,national,US,United States,,,,113.03,USD,equipment_rate_hourly,public_domain,,,2025,2025-07-01,fema-equipment-rates-2025,2,https://www.fema.gov/sites/default/files/documents/fema_pa_schedule-equipment-rates_2025.pdf,US-PD-17USC105,,FEMA Public Assistance の機械の料率表(2025 年版)。機械の所有と運転の費用(償却・間接費・整備・燃料・油脂・タイヤ等)を含み、オペレーターの人件費は含まない(FEMA の頁の注)。2025-07-01 以降に宣言された災害に適用。表の # 97、PDF 2 頁
a01cbca1586e9a94,US,equipment,"Skidder, Log","Skidder, Log / 2022 DEERE 748L II",Cost Code 8194; Manufacturer: 2022 DEERE 748L II; HP: to 263,USD/hour,national,US,United States,,,,210.67,USD,equipment_rate_hourly,public_domain,,,2025,2025-07-01,fema-equipment-rates-2025,2,https://www.fema.gov/sites/default/files/documents/fema_pa_schedule-equipment-rates_2025.pdf,US-PD-17USC105,,FEMA Public Assistance の機械の料率表(2025 年版)。機械の所有と運転の費用(償却・間接費・整備・燃料・油脂・タイヤ等)を含み、オペレーターの人件費は含まない(FEMA の頁の注)。2025-07-01 以降に宣言された災害に適用。表の # 98、PDF 2 頁
5d6c0f7525e49b2e,US,equipment,"Cutter, Brush","Cutter, Brush / 2023 Barko 930B Wheel Mulcher",Cost Code 8195; Manufacturer: 2023 Barko 930B Wheel Mulcher; HP: to 320,USD/hour,national,US,United States,,,,174.37,USD,equipment_rate_hourly,public_domain,,,2025,2025-07-01,fema-equipment-rates-2025,2,https://www.fema.gov/sites/default/files/documents/fema_pa_schedule-equipment-rates_2025.pdf,US-PD-17USC105,,FEMA Public Assistance の機械の料率表(2025 年版)。機械の所有と運転の費用(償却・間接費・整備・燃料・油脂・タイヤ等)を含み、オペレーターの人件費は含まない(FEMA の頁の注)。2025-07-01 以降に宣言された災害に適用。表の # 99、PDF 2 頁
09fdcb6a0344202a,US,equipment,"Buncher, Cutter","Buncher, Cutter / Caterpillar 511 Feller Buncher",Cost Code 8198; Manufacturer: Caterpillar 511 Feller Buncher; Specification: 26.6 ft reach; HP: to 247,USD/hour,national,US,United States,,,,155.7,USD,equipment_rate_hourly,public_domain,,,2025,2025-07-01,fema-equipment-rates-2025,2,https://www.fema.gov/sites/default/files/documents/fema_pa_schedule-equipment-rates_2025.pdf,US-PD-17USC105,,FEMA Public Assistance の機械の料率表(2025 年版)。機械の所有と運転の費用(償却・間接費・整備・燃料・油脂・タイヤ等)を含み、オペレーターの人件費は含まない(FEMA の頁の注)。2025-07-01 以降に宣言された災害に適用。表の # 100、PDF 2 頁
d84ba9ea3727d5c1,US,equipment,Log Trailer,Log Trailer / Log Trailer (Fixed Gooseneck Trailer Level 3 40),Cost Code 8199; Manufacturer: Log Trailer (Fixed Gooseneck Trailer Level 3 40); Specification: 40 tons,USD/hour,national,US,United States,,,,14.41,USD,equipment_rate_hourly,public_domain,,,2025,2025-07-01,fema-equipment-rates-2025,2,https://www.fema.gov/sites/default/files/documents/fema_pa_schedule-equipment-rates_2025.pdf,US-PD-17USC105,,FEMA Public Assistance の機械の料率表(2025 年版)。機械の所有と運転の費用(償却・間接費・整備・燃料・油脂・タイヤ等)を含み、オペレーターの人件費は含まない(FEMA の頁の注)。2025-07-01 以降に宣言された災害に適用。表の # 101、PDF 2 頁
fe1df57c7f75346a,US,equipment,Log Splitter,Log Splitter / PowerPro 25-Ton Log Splitter,Cost Code 8199.1; Manufacturer: PowerPro 25-Ton Log Splitter; Capacity or Size: Kohler SH265 196cc 6.5 Gross HP Horizontal Engine; HP: 6.5; Notes: Trailer Mounted.,USD (Unit 欄が空),national,US,United States,,,,6.48,USD,equipment_rate_unit_not_stated,public_domain,,,2025,2025-07-01,fema-equipment-rates-2025,2,https://www.fema.gov/sites/default/files/documents/fema_pa_schedule-equipment-rates_2025.pdf,US-PD-17USC105,,FEMA Public Assistance の機械の料率表(2025 年版)。機械の所有と運転の費用(償却・間接費・整備・燃料・油脂・タイヤ等)を含み、オペレーターの人件費は含まない(FEMA の頁の注)。2025-07-01 以降に宣言された災害に適用。表の # 102、PDF 2 頁。原本の Unit 欄が空。単位を推定しない
5aa7e354674b1d38,US,equipment,"Chipper, Brush","Chipper, Brush / Vermeer BC900XL Brush Chipper",Cost Code 8200; Manufacturer: Vermeer BC900XL Brush Chipper; Capacity or Size: Material Capacity 9 in Thickness 1 in Diameter 33 in; HP: 35; Notes: Trailer Mounted.,USD/hour,national,US,United States,,,,24.04,USD,equipment_rate_hourly,public_domain,,,2025,2025-07-01,fema-equipment-rates-2025,2,https://www.fema.gov/sites/default/files/documents/fema_pa_schedule-equipment-rates_2025.pdf,US-PD-17USC105,,FEMA Public Assistance の機械の料率表(2025 年版)。機械の所有と運転の費用(償却・間接費・整備・燃料・油脂・タイヤ等)を含み、オペレーターの人件費は含まない(FEMA の頁の注)。2025-07-01 以降に宣言された災害に適用。表の # 103、PDF 2 頁
9be6b697cd236874,US,equipment,"Chipper, Brush","Chipper, Brush / Vermeer BC1000XL Brush Chipper",Cost Code 8201; Manufacturer: Vermeer BC1000XL Brush Chipper; Capacity or Size: Material Capacity 12 in Width 20 in Thickness .4 in Diameter 20 in; HP: 74; Notes: Trailer Mounted.,USD/hour,national,US,United States,,,,29.7,USD,equipment_rate_hourly,public_domain,,,2025,2025-07-01,fema-equipment-rates-2025,2,https://www.fema.gov/sites/default/files/documents/fema_pa_schedule-equipment-rates_2025.pdf,US-PD-17USC105,,FEMA Public Assistance の機械の料率表(2025 年版)。機械の所有と運転の費用(償却・間接費・整備・燃料・油脂・タイヤ等)を含み、オペレーターの人件費は含まない(FEMA の頁の注)。2025-07-01 以降に宣言された災害に適用。表の # 104、PDF 2 頁
f6187de79d91a04d,US,equipment,"Chipper, Brush","Chipper, Brush / Vermeer BC1500 Brush Chipper",Cost Code 8202; Manufacturer: Vermeer BC1500 Brush Chipper; Capacity or Size: Material Capacity 15 in Width 22 in Thickness .4 in Diameter 22.5 in; HP: 130; Notes: Trailer Mounted.,USD/hour,national,US,United States,,,,54.11,USD,equipment_rate_hourly,public_domain,,,2025,2025-07-01,fema-equipment-rates-2025,2,https://www.fema.gov/sites/default/files/documents/fema_pa_schedule-equipment-rates_2025.pdf,US-PD-17USC105,,FEMA Public Assistance の機械の料率表(2025 年版)。機械の所有と運転の費用(償却・間接費・整備・燃料・油脂・タイヤ等)を含み、オペレーターの人件費は含まない(FEMA の頁の注)。2025-07-01 以降に宣言された災害に適用。表の # 105、PDF 2 頁
b277ddfc05b71359,US,equipment,"Chipper, Brush","Chipper, Brush / Vermeer BC1800XL Brush Chipper",Cost Code 8203; Manufacturer: Vermeer BC1800XL Brush Chipper; Capacity or Size: Material Capacity 19 in Width .5 in Thickness 26.1 in Diameter 36 in; HP: 173; Notes: Trailer Mounted.,USD/hour,national,US,United States,,,,74.92,USD,equipment_rate_hourly,public_domain,,,2025,2025-07-01,fema-equipment-rates-2025,2,https://www.fema.gov/sites/default/files/documents/fema_pa_schedule-equipment-rates_2025.pdf,US-PD-17USC105,,FEMA Public Assistance の機械の料率表(2025 年版)。機械の所有と運転の費用(償却・間接費・整備・燃料・油脂・タイヤ等)を含み、オペレーターの人件費は含まない(FEMA の頁の注)。2025-07-01 以降に宣言された災害に適用。表の # 106、PDF 2 頁
5602bee812a971b1,US,equipment,Loader - Tractor - Knuckleboom,Loader - Tractor - Knuckleboom / 2022 Barko 595ML Crawler Mounted Log Loader,"Cost Code 8208; Manufacturer: 2022 Barko 595ML Crawler Mounted Log Loader; Specification: 7,770 lbs (32' radius) to 38,180 lbs 12' radius",USD/hour,national,US,United States,,,,150.01,USD,equipment_rate_hourly,public_domain,,,2025,2025-07-01,fema-equipment-rates-2025,2,https://www.fema.gov/sites/default/files/documents/fema_pa_schedule-equipment-rates_2025.pdf,US-PD-17USC105,,FEMA Public Assistance の機械の料率表(2025 年版)。機械の所有と運転の費用(償却・間接費・整備・燃料・油脂・タイヤ等)を含み、オペレーターの人件費は含まない(FEMA の頁の注)。2025-07-01 以降に宣言された災害に適用。表の # 107、PDF 2 頁
bfba9bdea3d93b93,US,equipment,"Clamshell & Dragline, Crawler","Clamshell & Dragline, Crawler / 2023 TADANO MANTIS GTC 700","Cost Code 8210; Manufacturer: 2023 TADANO MANTIS GTC 700; Specification: 70 Ton Tele Crawler 118 Feet of Main Boom Cummins Diesel Engine 36"" Track Pads Two Winches With 3/4 Wire Rope Tadano AML LMI System; Capacity or Size: 70 Ton; HP: to 260; Notes: Bucket not included in rate.",USD/hour,national,US,United States,,,,127.42,USD,equipment_rate_hourly,public_domain,,,2025,2025-07-01,fema-equipment-rates-2025,2,https://www.fema.gov/sites/default/files/documents/fema_pa_schedule-equipment-rates_2025.pdf,US-PD-17USC105,,FEMA Public Assistance の機械の料率表(2025 年版)。機械の所有と運転の費用(償却・間接費・整備・燃料・油脂・タイヤ等)を含み、オペレーターの人件費は含まない(FEMA の頁の注)。2025-07-01 以降に宣言された災害に適用。表の # 108、PDF 2 頁
3ddf19d3cb6fba5a,US,equipment,"Clamshell & Dragline, Crawler","Clamshell & Dragline, Crawler / Tadano GT-1200XL-2","Cost Code 8211; Manufacturer: Tadano GT-1200XL-2; Specification: Specs - MAX. CRANE CAPACITY: 120 USt - MAIN BOOM LENGTH: 41 ft - 167.3 ft - BOOM EXTENSION: 33.8 ft - 58.7 ft - MAX. COUNTERWEIGHT: 55,100 lbs - OUTRIGGER BASES: 23,5 ft x 19,6 ft - HOIST LINE PULL: 21,800 lbs - MAX RADIUS: 185 ft - MAX. MAIN BOOM LENGTH: 167.3 ft - GVM: 89,900 lbs - DIMENSIONS: 48.56 ft L x 8.5 ft W x 12.3 ft H - ENGINE: Cummins X12; Capacity or Size: 120 Ton; HP: to 520; Notes: Bucket not included in rate.",USD/hour,national,US,United States,,,,202.51,USD,equipment_rate_hourly,public_domain,,,2025,2025-07-01,fema-equipment-rates-2025,3,https://www.fema.gov/sites/default/files/documents/fema_pa_schedule-equipment-rates_2025.pdf,US-PD-17USC105,,FEMA Public Assistance の機械の料率表(2025 年版)。機械の所有と運転の費用(償却・間接費・整備・燃料・油脂・タイヤ等)を含み、オペレーターの人件費は含まない(FEMA の頁の注)。2025-07-01 以降に宣言された災害に適用。表の # 109、PDF 3 頁
0e82d69b7136b52b,US,equipment,"Clamshell, Truck mounted","Clamshell, Truck mounted / American 5530","Cost Code 8212; Manufacturer: American 5530; Specification: to 150,000 lbs; HP: to 240",USD/hour,national,US,United States,,,,114.56,USD,equipment_rate_hourly,public_domain,,,2025,2025-07-01,fema-equipment-rates-2025,3,https://www.fema.gov/sites/default/files/documents/fema_pa_schedule-equipment-rates_2025.pdf,US-PD-17USC105,,FEMA Public Assistance の機械の料率表(2025 年版)。機械の所有と運転の費用(償却・間接費・整備・燃料・油脂・タイヤ等)を含み、オペレーターの人件費は含まない(FEMA の頁の注)。2025-07-01 以降に宣言された災害に適用。表の # 110、PDF 3 頁
d5f74e5f02103c48,US,equipment,BOMAG Compactor,BOMAG Compactor / BW100AD-3,Cost Code 8218; Manufacturer: BW100AD-3; HP: to 33,USD/hour,national,US,United States,,,,45.79,USD,equipment_rate_hourly,public_domain,,,2025,2025-07-01,fema-equipment-rates-2025,3,https://www.fema.gov/sites/default/files/documents/fema_pa_schedule-equipment-rates_2025.pdf,US-PD-17USC105,,FEMA Public Assistance の機械の料率表(2025 年版)。機械の所有と運転の費用(償却・間接費・整備・燃料・油脂・タイヤ等)を含み、オペレーターの人件費は含まない(FEMA の頁の注)。2025-07-01 以降に宣言された災害に適用。表の # 111、PDF 3 頁
98417d0fe44ade3b,US,equipment,Compactor -2-Ton Pavement Roller,Compactor -2-Ton Pavement Roller / Single Drum Vibratory Compactor,Cost Code 8219; Manufacturer: Single Drum Vibratory Compactor,USD/hour,national,US,United States,,,,33.24,USD,equipment_rate_hourly,public_domain,,,2025,2025-07-01,fema-equipment-rates-2025,3,https://www.fema.gov/sites/default/files/documents/fema_pa_schedule-equipment-rates_2025.pdf,US-PD-17USC105,,FEMA Public Assistance の機械の料率表(2025 年版)。機械の所有と運転の費用(償却・間接費・整備・燃料・油脂・タイヤ等)を含み、オペレーターの人件費は含まない(FEMA の頁の注)。2025-07-01 以降に宣言された災害に適用。表の # 112、PDF 3 頁
1b484a72d07fad2c,US,equipment,"Compactor, Hand Held","Compactor, Hand Held / Miscellaneous Hand Held Vibratory Compactor",Cost Code 8220; Manufacturer: Miscellaneous Hand Held Vibratory Compactor; Capacity or Size: to 2.9 Ton; HP: to 28,USD/hour,national,US,United States,,,,15.52,USD,equipment_rate_hourly,public_domain,,,2025,2025-07-01,fema-equipment-rates-2025,3,https://www.fema.gov/sites/default/files/documents/fema_pa_schedule-equipment-rates_2025.pdf,US-PD-17USC105,,FEMA Public Assistance の機械の料率表(2025 年版)。機械の所有と運転の費用(償却・間接費・整備・燃料・油脂・タイヤ等)を含み、オペレーターの人件費は含まない(FEMA の頁の注)。2025-07-01 以降に宣言された災害に適用。表の # 113、PDF 3 頁
88fe23a02fd77865,US,equipment,"Compactor, towed, vibratory drum","Compactor, towed, vibratory drum / Blue Diamond Skid Steer Vibratory Roller | Smooth or Pad Foot","Cost Code 8221; Manufacturer: Blue Diamond Skid Steer Vibratory Roller | Smooth or Pad Foot; Specification: Smooth Drum Width 84""; Notes: Plus Skid Steer",USD/hour,national,US,United States,,,,27.01,USD,equipment_rate_hourly,public_domain,,,2025,2025-07-01,fema-equipment-rates-2025,3,https://www.fema.gov/sites/default/files/documents/fema_pa_schedule-equipment-rates_2025.pdf,US-PD-17USC105,,FEMA Public Assistance の機械の料率表(2025 年版)。機械の所有と運転の費用(償却・間接費・整備・燃料・油脂・タイヤ等)を含み、オペレーターの人件費は含まない(FEMA の頁の注)。2025-07-01 以降に宣言された災害に適用。表の # 114、PDF 3 頁
d81cc14cf13ca0f9,US,equipment,"Compactor, vibratory drum","Compactor, vibratory drum / 2013 BOMAG BW-120AD-4 (disc. 2013)","Cost Code 8222; Manufacturer: 2013 BOMAG BW-120AD-4 (disc. 2013); Specification: Drum Width 47.2""; Capacity or Size: Drum Width 47.2""; HP: to 75",USD/hour,national,US,United States,,,,39.01,USD,equipment_rate_hourly,public_domain,,,2025,2025-07-01,fema-equipment-rates-2025,3,https://www.fema.gov/sites/default/files/documents/fema_pa_schedule-equipment-rates_2025.pdf,US-PD-17USC105,,FEMA Public Assistance の機械の料率表(2025 年版)。機械の所有と運転の費用(償却・間接費・整備・燃料・油脂・タイヤ等)を含み、オペレーターの人件費は含まない(FEMA の頁の注)。2025-07-01 以降に宣言された災害に適用。表の # 115、PDF 3 頁
72fcdd24bbafb10d,US,equipment,"Compactor, pnuematic, wheel","Compactor, pnuematic, wheel / BOMAG BW11-RH","Cost Code 8223; Manufacturer: BOMAG BW11-RH; Specification: 68"" width; HP: to 100; Notes: Cummins 4B3.3TA 85-HP Engine",USD/hour,national,US,United States,,,,114.91,USD,equipment_rate_hourly,public_domain,,,2025,2025-07-01,fema-equipment-rates-2025,3,https://www.fema.gov/sites/default/files/documents/fema_pa_schedule-equipment-rates_2025.pdf,US-PD-17USC105,,FEMA Public Assistance の機械の料率表(2025 年版)。機械の所有と運転の費用(償却・間接費・整備・燃料・油脂・タイヤ等)を含み、オペレーターの人件費は含まない(FEMA の頁の注)。2025-07-01 以降に宣言された災害に適用。表の # 116、PDF 3 頁
e3dea712688bcfca,US,equipment,Vibratory Compactor,Vibratory Compactor / CATERPILLAR CP-563D (disc. 2003),"Cost Code 8224; Manufacturer: CATERPILLAR CP-563D (disc. 2003); Specification: Drum Width 51""; Capacity or Size: Drum Width 51""; HP: to 145; Notes: Single Drum",USD/hour,national,US,United States,,,,124.72,USD,equipment_rate_hourly,public_domain,,,2025,2025-07-01,fema-equipment-rates-2025,3,https://www.fema.gov/sites/default/files/documents/fema_pa_schedule-equipment-rates_2025.pdf,US-PD-17USC105,,FEMA Public Assistance の機械の料率表(2025 年版)。機械の所有と運転の費用(償却・間接費・整備・燃料・油脂・タイヤ等)を含み、オペレーターの人件費は含まない(FEMA の頁の注)。2025-07-01 以降に宣言された災害に適用。表の # 117、PDF 3 頁
26bc11c3337bed21,US,equipment,"Compactor, Sanitation","Compactor, Sanitation / Caterpiller 816",Cost Code 8225; Manufacturer: Caterpiller 816; Capacity or Size: 12 FT Blade; HP: 284,USD/hour,national,US,United States,,,,197.35,USD,equipment_rate_hourly,public_domain,,,2025,2025-07-01,fema-equipment-rates-2025,3,https://www.fema.gov/sites/default/files/documents/fema_pa_schedule-equipment-rates_2025.pdf,US-PD-17USC105,,FEMA Public Assistance の機械の料率表(2025 年版)。機械の所有と運転の費用(償却・間接費・整備・燃料・油脂・タイヤ等)を含み、オペレーターの人件費は含まない(FEMA の頁の注)。2025-07-01 以降に宣言された災害に適用。表の # 118、PDF 3 頁
588455b4ed983a53,US,equipment,"Compactor, Sanitation","Compactor, Sanitation / Caterpiller 826",Cost Code 8226; Manufacturer: Caterpiller 826; Capacity or Size: 14 FT Blade; HP: 435,USD/hour,national,US,United States,,,,243.88,USD,equipment_rate_hourly,public_domain,,,2025,2025-07-01,fema-equipment-rates-2025,3,https://www.fema.gov/sites/default/files/documents/fema_pa_schedule-equipment-rates_2025.pdf,US-PD-17USC105,,FEMA Public Assistance の機械の料率表(2025 年版)。機械の所有と運転の費用(償却・間接費・整備・燃料・油脂・タイヤ等)を含み、オペレーターの人件費は含まない(FEMA の頁の注)。2025-07-01 以降に宣言された災害に適用。表の # 119、PDF 3 頁
afd0b84fd14cdd83,US,equipment,"Compactor, Sanitation","Compactor, Sanitation / Caterpiller 836",Cost Code 8227; Manufacturer: Caterpiller 836; Capacity or Size: 17 FT Blade; HP: 562,USD/hour,national,US,United States,,,,400.69,USD,equipment_rate_hourly,public_domain,,,2025,2025-07-01,fema-equipment-rates-2025,3,https://www.fema.gov/sites/default/files/documents/fema_pa_schedule-equipment-rates_2025.pdf,US-PD-17USC105,,FEMA Public Assistance の機械の料率表(2025 年版)。機械の所有と運転の費用(償却・間接費・整備・燃料・油脂・タイヤ等)を含み、オペレーターの人件費は含まない(FEMA の頁の注)。2025-07-01 以降に宣言された災害に適用。表の # 120、PDF 3 頁
71c8f6f2dd6d87a2,US,equipment,"Compactor, towed, pneumatic, wheel","Compactor, towed, pneumatic, wheel / Miscellaneous",Cost Code 8228; Manufacturer: Miscellaneous; HP: N/A; Notes: 11-Wheels (Towed),USD/hour,national,US,United States,,,,14.94,USD,equipment_rate_hourly,public_domain,,,2025,2025-07-01,fema-equipment-rates-2025,3,https://www.fema.gov/sites/default/files/documents/fema_pa_schedule-equipment-rates_2025.pdf,US-PD-17USC105,,FEMA Public Assistance の機械の料率表(2025 年版)。機械の所有と運転の費用(償却・間接費・整備・燃料・油脂・タイヤ等)を含み、オペレーターの人件費は含まない(FEMA の頁の注)。2025-07-01 以降に宣言された災害に適用。表の # 121、PDF 3 頁
0e0255a5611226e3,US,equipment,"Compactor, Towed Steel Drum Static Compactor","Compactor, Towed Steel Drum Static Compactor / Miscellaneous",Cost Code 8229; Manufacturer: Miscellaneous; HP: N/A,USD/hour,national,US,United States,,,,21.5,USD,equipment_rate_hourly,public_domain,,,2025,2025-07-01,fema-equipment-rates-2025,3,https://www.fema.gov/sites/default/files/documents/fema_pa_schedule-equipment-rates_2025.pdf,US-PD-17USC105,,FEMA Public Assistance の機械の料率表(2025 年版)。機械の所有と運転の費用(償却・間接費・整備・燃料・油脂・タイヤ等)を含み、オペレーターの人件費は含まない(FEMA の頁の注)。2025-07-01 以降に宣言された災害に適用。表の # 122、PDF 3 頁
ff271004cfd877a7,US,equipment,"Feeder, Grizzly","Feeder, Grizzly / Misc Vibratory Grizzly Feeder, 35"" x 14', single deck","Cost Code 8240; Manufacturer: Misc Vibratory Grizzly Feeder, 35"" x 14', single deck; HP: to 35",USD/hour,national,US,United States,,,,23.01,USD,equipment_rate_hourly,public_domain,,,2025,2025-07-01,fema-equipment-rates-2025,3,https://www.fema.gov/sites/default/files/documents/fema_pa_schedule-equipment-rates_2025.pdf,US-PD-17USC105,,FEMA Public Assistance の機械の料率表(2025 年版)。機械の所有と運転の費用(償却・間接費・整備・燃料・油脂・タイヤ等)を含み、オペレーターの人件費は含まない(FEMA の頁の注)。2025-07-01 以降に宣言された災害に適用。表の # 123、PDF 3 頁
7a445db36fe613b6,US,equipment,"Feeder, Grizzly","Feeder, Grizzly / Misc Vibratory Grizzly Feeder, 52"" x 20', single deck","Cost Code 8241; Manufacturer: Misc Vibratory Grizzly Feeder, 52"" x 20', single deck; HP: to 55",USD/hour,national,US,United States,,,,29.27,USD,equipment_rate_hourly,public_domain,,,2025,2025-07-01,fema-equipment-rates-2025,3,https://www.fema.gov/sites/default/files/documents/fema_pa_schedule-equipment-rates_2025.pdf,US-PD-17USC105,,FEMA Public Assistance の機械の料率表(2025 年版)。機械の所有と運転の費用(償却・間接費・整備・燃料・油脂・タイヤ等)を含み、オペレーターの人件費は含まない(FEMA の頁の注)。2025-07-01 以降に宣言された災害に適用。表の # 124、PDF 3 頁
860d55e33aa0ace4,US,equipment,"Feeder, Grizzly","Feeder, Grizzly / Misc Vibratory Grizzly Feeder, 62"" x 30', double deck","Cost Code 8242; Manufacturer: Misc Vibratory Grizzly Feeder, 62"" x 30', double deck; HP: to 75",USD/hour,national,US,United States,,,,60.04,USD,equipment_rate_hourly,public_domain,,,2025,2025-07-01,fema-equipment-rates-2025,3,https://www.fema.gov/sites/default/files/documents/fema_pa_schedule-equipment-rates_2025.pdf,US-PD-17USC105,,FEMA Public Assistance の機械の料率表(2025 年版)。機械の所有と運転の費用(償却・間接費・整備・燃料・油脂・タイヤ等)を含み、オペレーターの人件費は含まない(FEMA の頁の注)。2025-07-01 以降に宣言された災害に適用。表の # 125、PDF 3 頁
0185c849b48701bf,US,equipment,"Dozer, crawler","Dozer, crawler / CAT D1",Cost Code 8250; Manufacturer: CAT D1; HP: to 80,USD/hour,national,US,United States,,,,60.28,USD,equipment_rate_hourly,public_domain,,,2025,2025-07-01,fema-equipment-rates-2025,3,https://www.fema.gov/sites/default/files/documents/fema_pa_schedule-equipment-rates_2025.pdf,US-PD-17USC105,,FEMA Public Assistance の機械の料率表(2025 年版)。機械の所有と運転の費用(償却・間接費・整備・燃料・油脂・タイヤ等)を含み、オペレーターの人件費は含まない(FEMA の頁の注)。2025-07-01 以降に宣言された災害に適用。表の # 126、PDF 3 頁
042e5c202936462c,US,equipment,"Dozer, crawler","Dozer, crawler / CAT D3",Cost Code 8251; Manufacturer: CAT D3; HP: to 104,USD/hour,national,US,United States,,,,74.1,USD,equipment_rate_hourly,public_domain,,,2025,2025-07-01,fema-equipment-rates-2025,3,https://www.fema.gov/sites/default/files/documents/fema_pa_schedule-equipment-rates_2025.pdf,US-PD-17USC105,,FEMA Public Assistance の機械の料率表(2025 年版)。機械の所有と運転の費用(償却・間接費・整備・燃料・油脂・タイヤ等)を含み、オペレーターの人件費は含まない(FEMA の頁の注)。2025-07-01 以降に宣言された災害に適用。表の # 127、PDF 3 頁
fbd4bb6c9de8c103,US,equipment,"Dozer, crawler","Dozer, crawler / CAT D4",Cost Code 8252; Manufacturer: CAT D4; HP: to 130,USD/hour,national,US,United States,,,,99.7,USD,equipment_rate_hourly,public_domain,,,2025,2025-07-01,fema-equipment-rates-2025,3,https://www.fema.gov/sites/default/files/documents/fema_pa_schedule-equipment-rates_2025.pdf,US-PD-17USC105,,FEMA Public Assistance の機械の料率表(2025 年版)。機械の所有と運転の費用(償却・間接費・整備・燃料・油脂・タイヤ等)を含み、オペレーターの人件費は含まない(FEMA の頁の注)。2025-07-01 以降に宣言された災害に適用。表の # 128、PDF 3 頁
2127c4c5dda326b8,US,equipment,"Dozer, crawler","Dozer, crawler / CAT D6",Cost Code 8253; Manufacturer: CAT D6; HP: to 215,USD/hour,national,US,United States,,,,160.75,USD,equipment_rate_hourly,public_domain,,,2025,2025-07-01,fema-equipment-rates-2025,3,https://www.fema.gov/sites/default/files/documents/fema_pa_schedule-equipment-rates_2025.pdf,US-PD-17USC105,,FEMA Public Assistance の機械の料率表(2025 年版)。機械の所有と運転の費用(償却・間接費・整備・燃料・油脂・タイヤ等)を含み、オペレーターの人件費は含まない(FEMA の頁の注)。2025-07-01 以降に宣言された災害に適用。表の # 129、PDF 3 頁
2a1f291e08de1796,US,equipment,"Dozer, crawler","Dozer, crawler / CAT D8",Cost Code 8254; Manufacturer: CAT D8; HP: to 363,USD/hour,national,US,United States,,,,242.63,USD,equipment_rate_hourly,public_domain,,,2025,2025-07-01,fema-equipment-rates-2025,3,https://www.fema.gov/sites/default/files/documents/fema_pa_schedule-equipment-rates_2025.pdf,US-PD-17USC105,,FEMA Public Assistance の機械の料率表(2025 年版)。機械の所有と運転の費用(償却・間接費・整備・燃料・油脂・タイヤ等)を含み、オペレーターの人件費は含まない(FEMA の頁の注)。2025-07-01 以降に宣言された災害に適用。表の # 130、PDF 3 頁
ea6e8d9ee1b0d6f8,US,equipment,"Dozer, crawler","Dozer, crawler / CAT D9",Cost Code 8255; Manufacturer: CAT D9; HP: to 452,USD/hour,national,US,United States,,,,360.3,USD,equipment_rate_hourly,public_domain,,,2025,2025-07-01,fema-equipment-rates-2025,3,https://www.fema.gov/sites/default/files/documents/fema_pa_schedule-equipment-rates_2025.pdf,US-PD-17USC105,,FEMA Public Assistance の機械の料率表(2025 年版)。機械の所有と運転の費用(償却・間接費・整備・燃料・油脂・タイヤ等)を含み、オペレーターの人件費は含まない(FEMA の頁の注)。2025-07-01 以降に宣言された災害に適用。表の # 131、PDF 3 頁
96f56c812030c397,US,equipment,"Dozer, crawler","Dozer, crawler / CAT D11",Cost Code 8256; Manufacturer: CAT D11; HP: to 850,USD/hour,national,US,United States,,,,550.14,USD,equipment_rate_hourly,public_domain,,,2025,2025-07-01,fema-equipment-rates-2025,3,https://www.fema.gov/sites/default/files/documents/fema_pa_schedule-equipment-rates_2025.pdf,US-PD-17USC105,,FEMA Public Assistance の機械の料率表(2025 年版)。機械の所有と運転の費用(償却・間接費・整備・燃料・油脂・タイヤ等)を含み、オペレーターの人件費は含まない(FEMA の頁の注)。2025-07-01 以降に宣言された災害に適用。表の # 132、PDF 3 頁
038ad2c6cf8a19b4,US,equipment,"Dozer, wheel","Dozer, wheel / CAT 814",Cost Code 8260; Manufacturer: CAT 814; HP: Tto 250,USD/hour,national,US,United States,,,,106.02,USD,equipment_rate_hourly,public_domain,,,2025,2025-07-01,fema-equipment-rates-2025,3,https://www.fema.gov/sites/default/files/documents/fema_pa_schedule-equipment-rates_2025.pdf,US-PD-17USC105,,FEMA Public Assistance の機械の料率表(2025 年版)。機械の所有と運転の費用(償却・間接費・整備・燃料・油脂・タイヤ等)を含み、オペレーターの人件費は含まない(FEMA の頁の注)。2025-07-01 以降に宣言された災害に適用。表の # 133、PDF 3 頁
3c1f0583d8afbdb1,US,equipment,"Dozer, wheel","Dozer, wheel / CAT 824",Cost Code 8261; Manufacturer: CAT 824; HP: to 405,USD/hour,national,US,United States,,,,170.28,USD,equipment_rate_hourly,public_domain,,,2025,2025-07-01,fema-equipment-rates-2025,3,https://www.fema.gov/sites/default/files/documents/fema_pa_schedule-equipment-rates_2025.pdf,US-PD-17USC105,,FEMA Public Assistance の機械の料率表(2025 年版)。機械の所有と運転の費用(償却・間接費・整備・燃料・油脂・タイヤ等)を含み、オペレーターの人件費は含まない(FEMA の頁の注)。2025-07-01 以降に宣言された災害に適用。表の # 134、PDF 3 頁
8fcc809351b95d0a,US,equipment,"Dozer, wheel","Dozer, wheel / CAT 834",Cost Code 8262; Manufacturer: CAT 834; HP: to 496,USD/hour,national,US,United States,,,,308.97,USD,equipment_rate_hourly,public_domain,,,2025,2025-07-01,fema-equipment-rates-2025,3,https://www.fema.gov/sites/default/files/documents/fema_pa_schedule-equipment-rates_2025.pdf,US-PD-17USC105,,FEMA Public Assistance の機械の料率表(2025 年版)。機械の所有と運転の費用(償却・間接費・整備・燃料・油脂・タイヤ等)を含み、オペレーターの人件費は含まない(FEMA の頁の注)。2025-07-01 以降に宣言された災害に適用。表の # 135、PDF 3 頁
8032cfb9f45360bc,US,equipment,"Dozer, wheel","Dozer, wheel / CAT 844",Cost Code 8263; Manufacturer: CAT 844; HP: to 732,USD/hour,national,US,United States,,,,402.76,USD,equipment_rate_hourly,public_domain,,,2025,2025-07-01,fema-equipment-rates-2025,3,https://www.fema.gov/sites/default/files/documents/fema_pa_schedule-equipment-rates_2025.pdf,US-PD-17USC105,,FEMA Public Assistance の機械の料率表(2025 年版)。機械の所有と運転の費用(償却・間接費・整備・燃料・油脂・タイヤ等)を含み、オペレーターの人件費は含まない(FEMA の頁の注)。2025-07-01 以降に宣言された災害に適用。表の # 136、PDF 3 頁
9421a77212e487ff,US,equipment,Box Scraper,"Box Scraper / 84"" Rome Model 5C Pull Scraper","Cost Code 8269; Manufacturer: 84"" Rome Model 5C Pull Scraper; Specification: 4.1 cu yd",USD/hour,national,US,United States,,,,18.41,USD,equipment_rate_hourly,public_domain,,,2025,2025-07-01,fema-equipment-rates-2025,3,https://www.fema.gov/sites/default/files/documents/fema_pa_schedule-equipment-rates_2025.pdf,US-PD-17USC105,,FEMA Public Assistance の機械の料率表(2025 年版)。機械の所有と運転の費用(償却・間接費・整備・燃料・油脂・タイヤ等)を含み、オペレーターの人件費は含まない(FEMA の頁の注)。2025-07-01 以降に宣言された災害に適用。表の # 137、PDF 3 頁
f2ef8be160ac1f28,US,equipment,"Bucket, Clamshell","Bucket, Clamshell / Heiden HC30133 Super Clamshell Bucket",Cost Code 8270; Manufacturer: Heiden HC30133 Super Clamshell Bucket; Specification: 1.0 CY; Capacity or Size: 1.0 CY; HP: N/A; Notes: Includes teeth. Does not include Clamshell & Dragline,USD/hour,national,US,United States,,,,3.65,USD,equipment_rate_hourly,public_domain,,,2025,2025-07-01,fema-equipment-rates-2025,3,https://www.fema.gov/sites/default/files/documents/fema_pa_schedule-equipment-rates_2025.pdf,US-PD-17USC105,,FEMA Public Assistance の機械の料率表(2025 年版)。機械の所有と運転の費用(償却・間接費・整備・燃料・油脂・タイヤ等)を含み、オペレーターの人件費は含まない(FEMA の頁の注)。2025-07-01 以降に宣言された災害に適用。表の # 138、PDF 3 頁
63c0e8d1c4fe3c4b,US,equipment,"Bucket, Clamshell","Bucket, Clamshell / Anvil Attachments 3 Yard Clamshell Bucket",Cost Code 8271; Manufacturer: Anvil Attachments 3 Yard Clamshell Bucket; Specification: 3 CY; Capacity or Size: 4 CY; HP: N/A; Notes: Includes teeth. Does not include Clamshell & Dragline,USD/hour,national,US,United States,,,,6.8,USD,equipment_rate_hourly,public_domain,,,2025,2025-07-01,fema-equipment-rates-2025,3,https://www.fema.gov/sites/default/files/documents/fema_pa_schedule-equipment-rates_2025.pdf,US-PD-17USC105,,FEMA Public Assistance の機械の料率表(2025 年版)。機械の所有と運転の費用(償却・間接費・整備・燃料・油脂・タイヤ等)を含み、オペレーターの人件費は含まない(FEMA の頁の注)。2025-07-01 以降に宣言された災害に適用。表の # 139、PDF 3 頁
566b89c969736a16,US,equipment,"Bucket, Clamshell","Bucket, Clamshell / Anvil Attachments 5 Yard Clamshell Bucket",Cost Code 8272; Manufacturer: Anvil Attachments 5 Yard Clamshell Bucket; Specification: 5.0 CY; Capacity or Size: 5.0 CY; HP: N/A; Notes: Includes teeth. Does not include Clamshell & Dragline,USD/hour,national,US,United States,,,,10.19,USD,equipment_rate_hourly,public_domain,,,2025,2025-07-01,fema-equipment-rates-2025,3,https://www.fema.gov/sites/default/files/documents/fema_pa_schedule-equipment-rates_2025.pdf,US-PD-17USC105,,FEMA Public Assistance の機械の料率表(2025 年版)。機械の所有と運転の費用(償却・間接費・整備・燃料・油脂・タイヤ等)を含み、オペレーターの人件費は含まない(FEMA の頁の注)。2025-07-01 以降に宣言された災害に適用。表の # 140、PDF 3 頁
f894295e8429442d,US,equipment,"Bucket, Clamshell","Bucket, Clamshell / Miscellaneous 7-1/2S",Cost Code 8273; Manufacturer: Miscellaneous 7-1/2S; Specification: 7.5 CY; Capacity or Size: 7.5 CY; HP: N/A; Notes: Does not include Clamshell & Dragline,USD/hour,national,US,United States,,,,15.09,USD,equipment_rate_hourly,public_domain,,,2025,2025-07-01,fema-equipment-rates-2025,3,https://www.fema.gov/sites/default/files/documents/fema_pa_schedule-equipment-rates_2025.pdf,US-PD-17USC105,,FEMA Public Assistance の機械の料率表(2025 年版)。機械の所有と運転の費用(償却・間接費・整備・燃料・油脂・タイヤ等)を含み、オペレーターの人件費は含まない(FEMA の頁の注)。2025-07-01 以降に宣言された災害に適用。表の # 141、PDF 3 頁
f7d90a1c8f266172,US,equipment,"Bucket, Dragline","Bucket, Dragline / Miscellaneous 2L",Cost Code 8275; Manufacturer: Miscellaneous 2L; Specification: 2.0 CY; Capacity or Size: 2.0 CY; HP: N/A; Notes: Does not include Clamshell & Dragline,USD/hour,national,US,United States,,,,3.36,USD,equipment_rate_hourly,public_domain,,,2025,2025-07-01,fema-equipment-rates-2025,3,https://www.fema.gov/sites/default/files/documents/fema_pa_schedule-equipment-rates_2025.pdf,US-PD-17USC105,,FEMA Public Assistance の機械の料率表(2025 年版)。機械の所有と運転の費用(償却・間接費・整備・燃料・油脂・タイヤ等)を含み、オペレーターの人件費は含まない(FEMA の頁の注)。2025-07-01 以降に宣言された災害に適用。表の # 142、PDF 3 頁
37b3662067ec3da9,US,equipment,"Bucket, Dragline","Bucket, Dragline / Miscellaneous 5L",Cost Code 8276; Manufacturer: Miscellaneous 5L; Specification: 5 CY; Capacity or Size: 5 CY; HP: N/A; Notes: Does not include Clamshell & Dragline,USD/hour,national,US,United States,,,,6.49,USD,equipment_rate_hourly,public_domain,,,2025,2025-07-01,fema-equipment-rates-2025,3,https://www.fema.gov/sites/default/files/documents/fema_pa_schedule-equipment-rates_2025.pdf,US-PD-17USC105,,FEMA Public Assistance の機械の料率表(2025 年版)。機械の所有と運転の費用(償却・間接費・整備・燃料・油脂・タイヤ等)を含み、オペレーターの人件費は含まない(FEMA の頁の注)。2025-07-01 以降に宣言された災害に適用。表の # 143、PDF 3 頁
9b7118d97d230ae1,US,equipment,"Bucket, Dragline","Bucket, Dragline / Miscellaneous 10L",Cost Code 8277; Manufacturer: Miscellaneous 10L; Specification: 10 CY; Capacity or Size: 10 CY; HP: N/A; Notes: Does not include Clamshell & Dragline,USD/hour,national,US,United States,,,,11.81,USD,equipment_rate_hourly,public_domain,,,2025,2025-07-01,fema-equipment-rates-2025,3,https://www.fema.gov/sites/default/files/documents/fema_pa_schedule-equipment-rates_2025.pdf,US-PD-17USC105,,FEMA Public Assistance の機械の料率表(2025 年版)。機械の所有と運転の費用(償却・間接費・整備・燃料・油脂・タイヤ等)を含み、オペレーターの人件費は含まない(FEMA の頁の注)。2025-07-01 以降に宣言された災害に適用。表の # 144、PDF 3 頁
f14f3968f1879b2d,US,equipment,"Bucket, Dragline","Bucket, Dragline / Miscellaneous 14M","Cost Code 8278; Manufacturer: Miscellaneous 14M; Specification: 14 CY; Capacity or Size: 14 CY; HP: N/A; Notes: Crawler, Truck & Wheel. Includes bucket.",USD/hour,national,US,United States,,,,16.53,USD,equipment_rate_hourly,public_domain,,,2025,2025-07-01,fema-equipment-rates-2025,3,https://www.fema.gov/sites/default/files/documents/fema_pa_schedule-equipment-rates_2025.pdf,US-PD-17USC105,,FEMA Public Assistance の機械の料率表(2025 年版)。機械の所有と運転の費用(償却・間接費・整備・燃料・油脂・タイヤ等)を含み、オペレーターの人件費は含まない(FEMA の頁の注)。2025-07-01 以降に宣言された災害に適用。表の # 145、PDF 3 頁
e8296bf7772338aa,US,equipment,"Excavator, Hydraulic","Excavator, Hydraulic / Caterpillar 305 CR","Cost Code 8280; Manufacturer: Caterpillar 305 CR; HP: to 45; Notes: Crawler, Truck & Wheel. Includes bucket.",USD/hour,national,US,United States,,,,57.14,USD,equipment_rate_hourly,public_domain,,,2025,2025-07-01,fema-equipment-rates-2025,3,https://www.fema.gov/sites/default/files/documents/fema_pa_schedule-equipment-rates_2025.pdf,US-PD-17USC105,,FEMA Public Assistance の機械の料率表(2025 年版)。機械の所有と運転の費用(償却・間接費・整備・燃料・油脂・タイヤ等)を含み、オペレーターの人件費は含まない(FEMA の頁の注)。2025-07-01 以降に宣言された災害に適用。表の # 146、PDF 3 頁
889413f30c64cfe9,US,equipment,"Excavator, Hydraulic","Excavator, Hydraulic / Caterpillar 313 GC","Cost Code 8281; Manufacturer: Caterpillar 313 GC; HP: to 90; Notes: Crawler, Truck & Wheel. Includes bucket.",USD/hour,national,US,United States,,,,95.01,USD,equipment_rate_hourly,public_domain,,,2025,2025-07-01,fema-equipment-rates-2025,3,https://www.fema.gov/sites/default/files/documents/fema_pa_schedule-equipment-rates_2025.pdf,US-PD-17USC105,,FEMA Public Assistance の機械の料率表(2025 年版)。機械の所有と運転の費用(償却・間接費・整備・燃料・油脂・タイヤ等)を含み、オペレーターの人件費は含まない(FEMA の頁の注)。2025-07-01 以降に宣言された災害に適用。表の # 147、PDF 3 頁
d84237464607655b,US,equipment,"Excavator, Hydraulic","Excavator, Hydraulic / Caterpillar 320 GC","Cost Code 8282; Manufacturer: Caterpillar 320 GC; HP: to 150; Notes: Crawler, Truck & Wheel. Includes bucket.",USD/hour,national,US,United States,,,,107.93,USD,equipment_rate_hourly,public_domain,,,2025,2025-07-01,fema-equipment-rates-2025,3,https://www.fema.gov/sites/default/files/documents/fema_pa_schedule-equipment-rates_2025.pdf,US-PD-17USC105,,FEMA Public Assistance の機械の料率表(2025 年版)。機械の所有と運転の費用(償却・間接費・整備・燃料・油脂・タイヤ等)を含み、オペレーターの人件費は含まない(FEMA の頁の注)。2025-07-01 以降に宣言された災害に適用。表の # 148、PDF 3 頁
1d237dbe76d8006d,US,equipment,"Excavator, Hydraulic","Excavator, Hydraulic / Caterpillar 330 GC","Cost Code 8283; Manufacturer: Caterpillar 330 GC; HP: to 201; Notes: Crawler, Truck & Wheel. Includes bucket.",USD/hour,national,US,United States,,,,150.99,USD,equipment_rate_hourly,public_domain,,,2025,2025-07-01,fema-equipment-rates-2025,3,https://www.fema.gov/sites/default/files/documents/fema_pa_schedule-equipment-rates_2025.pdf,US-PD-17USC105,,FEMA Public Assistance の機械の料率表(2025 年版)。機械の所有と運転の費用(償却・間接費・整備・燃料・油脂・タイヤ等)を含み、オペレーターの人件費は含まない(FEMA の頁の注)。2025-07-01 以降に宣言された災害に適用。表の # 149、PDF 3 頁
b35b9ae81b82e462,US,equipment,"Excavator, Hydraulic","Excavator, Hydraulic / Caterpillar 340 GC","Cost Code 8284; Manufacturer: Caterpillar 340 GC; HP: to 350; Notes: Crawler, Truck & Wheel. Includes bucket.",USD/hour,national,US,United States,,,,291.49,USD,equipment_rate_hourly,public_domain,,,2025,2025-07-01,fema-equipment-rates-2025,3,https://www.fema.gov/sites/default/files/documents/fema_pa_schedule-equipment-rates_2025.pdf,US-PD-17USC105,,FEMA Public Assistance の機械の料率表(2025 年版)。機械の所有と運転の費用(償却・間接費・整備・燃料・油脂・タイヤ等)を含み、オペレーターの人件費は含まない(FEMA の頁の注)。2025-07-01 以降に宣言された災害に適用。表の # 150、PDF 3 頁
fe5bd25a10876cc4,US,equipment,"Excavator, Hydraulic","Excavator, Hydraulic / Caterpillar 395","Cost Code 8285; Manufacturer: Caterpillar 395; HP: to 550; Notes: Crawler, Truck & Wheel. Includes bucket.",USD/hour,national,US,United States,,,,336.18,USD,equipment_rate_hourly,public_domain,,,2025,2025-07-01,fema-equipment-rates-2025,3,https://www.fema.gov/sites/default/files/documents/fema_pa_schedule-equipment-rates_2025.pdf,US-PD-17USC105,,FEMA Public Assistance の機械の料率表(2025 年版)。機械の所有と運転の費用(償却・間接費・整備・燃料・油脂・タイヤ等)を含み、オペレーターの人件費は含まない(FEMA の頁の注)。2025-07-01 以降に宣言された災害に適用。表の # 151、PDF 3 頁
02c78c283342b6a8,US,equipment,"Excavator, Truck Mounted","Excavator, Truck Mounted / 2008 Gradall XL 3100 III (disc. 2011)",Cost Code 8287; Manufacturer: 2008 Gradall XL 3100 III (disc. 2011); Specification: 0.57 CY; Capacity or Size: 0.57 CY; HP: to 184; Notes: Truck Mounted,USD/hour,national,US,United States,,,,215.34,USD,equipment_rate_hourly,public_domain,,,2025,2025-07-01,fema-equipment-rates-2025,3,https://www.fema.gov/sites/default/files/documents/fema_pa_schedule-equipment-rates_2025.pdf,US-PD-17USC105,,FEMA Public Assistance の機械の料率表(2025 年版)。機械の所有と運転の費用(償却・間接費・整備・燃料・油脂・タイヤ等)を含み、オペレーターの人件費は含まない(FEMA の頁の注)。2025-07-01 以降に宣言された災害に適用。表の # 152、PDF 3 頁
45df84d77e357162,US,equipment,"Excavator, Truck Mounted","Excavator, Truck Mounted / 2003 Gradall XL 4100 III (Disc. 2011)",Cost Code 8288; Manufacturer: 2003 Gradall XL 4100 III (Disc. 2011); Specification: 0.62 CY; Capacity or Size: 0.62 CY; HP: to 238; Notes: Truck Mounted,USD/hour,national,US,United States,,,,315.08,USD,equipment_rate_hourly,public_domain,,,2025,2025-07-01,fema-equipment-rates-2025,3,https://www.fema.gov/sites/default/files/documents/fema_pa_schedule-equipment-rates_2025.pdf,US-PD-17USC105,,FEMA Public Assistance の機械の料率表(2025 年版)。機械の所有と運転の費用(償却・間接費・整備・燃料・油脂・タイヤ等)を含み、オペレーターの人件費は含まない(FEMA の頁の注)。2025-07-01 以降に宣言された災害に適用。表の # 153、PDF 3 頁
175a5721807a04ba,US,equipment,"Excavator, Truck Mounted","Excavator, Truck Mounted / 2006 Gradall XL 5100 (disc. 2006)",Cost Code 8289; Manufacturer: 2006 Gradall XL 5100 (disc. 2006); Specification: 1.25 CY; Capacity or Size: 1.25 CY; HP: to 230; Notes: Truck Mounted,USD/hour,national,US,United States,,,,351.11,USD,equipment_rate_hourly,public_domain,,,2025,2025-07-01,fema-equipment-rates-2025,3,https://www.fema.gov/sites/default/files/documents/fema_pa_schedule-equipment-rates_2025.pdf,US-PD-17USC105,,FEMA Public Assistance の機械の料率表(2025 年版)。機械の所有と運転の費用(償却・間接費・整備・燃料・油脂・タイヤ等)を含み、オペレーターの人件費は含まない(FEMA の頁の注)。2025-07-01 以降に宣言された災害に適用。表の # 154、PDF 3 頁
15857aa9231e390c,US,equipment,"Trowel, Concrete","Trowel, Concrete / Husqvarna 48 in Gasoline Walk Behind Trowel",Cost Code 8290; Manufacturer: Husqvarna 48 in Gasoline Walk Behind Trowel; Specification: 48 IN; HP: to 12; Notes: 48 In,USD/hour,national,US,United States,,,,5.32,USD,equipment_rate_hourly,public_domain,,,2025,2025-07-01,fema-equipment-rates-2025,3,https://www.fema.gov/sites/default/files/documents/fema_pa_schedule-equipment-rates_2025.pdf,US-PD-17USC105,,FEMA Public Assistance の機械の料率表(2025 年版)。機械の所有と運転の費用(償却・間接費・整備・燃料・油脂・タイヤ等)を含み、オペレーターの人件費は含まない(FEMA の頁の注)。2025-07-01 以降に宣言された災害に適用。表の # 155、PDF 3 頁
b840725dc244bb1d,US,equipment,Forklift,Forklift / Toyota 50-8FGU30,"Cost Code 8300; Manufacturer: Toyota 50-8FGU30; Specification: 6,000 Lbs; Capacity or Size: 6,000 Lbs; HP: to 60",USD/hour,national,US,United States,,,,21.18,USD,equipment_rate_hourly,public_domain,,,2025,2025-07-01,fema-equipment-rates-2025,3,https://www.fema.gov/sites/default/files/documents/fema_pa_schedule-equipment-rates_2025.pdf,US-PD-17USC105,,FEMA Public Assistance の機械の料率表(2025 年版)。機械の所有と運転の費用(償却・間接費・整備・燃料・油脂・タイヤ等)を含み、オペレーターの人件費は含まない(FEMA の頁の注)。2025-07-01 以降に宣言された災害に適用。表の # 156、PDF 3 頁
4779b8820006b9e0,US,equipment,Forklift,Forklift / Toyota 50-8FG50U,"Cost Code 8301; Manufacturer: Toyota 50-8FG50U; Specification: 11,000 Lbs; Capacity or Size: 11,000 Lbs; HP: to 90",USD/hour,national,US,United States,,,,24.75,USD,equipment_rate_hourly,public_domain,,,2025,2025-07-01,fema-equipment-rates-2025,3,https://www.fema.gov/sites/default/files/documents/fema_pa_schedule-equipment-rates_2025.pdf,US-PD-17USC105,,FEMA Public Assistance の機械の料率表(2025 年版)。機械の所有と運転の費用(償却・間接費・整備・燃料・油脂・タイヤ等)を含み、オペレーターの人件費は含まない(FEMA の頁の注)。2025-07-01 以降に宣言された災害に適用。表の # 157、PDF 3 頁
4acedea6ba60206b,US,equipment,Forklift,Forklift / Toyota 50-8FG80U,"Cost Code 8302; Manufacturer: Toyota 50-8FG80U; Specification: 17,500 Lbs; Capacity or Size: 17,500 Lbs; HP: to 140",USD/hour,national,US,United States,,,,29.06,USD,equipment_rate_hourly,public_domain,,,2025,2025-07-01,fema-equipment-rates-2025,3,https://www.fema.gov/sites/default/files/documents/fema_pa_schedule-equipment-rates_2025.pdf,US-PD-17USC105,,FEMA Public Assistance の機械の料率表(2025 年版)。機械の所有と運転の費用(償却・間接費・整備・燃料・油脂・タイヤ等)を含み、オペレーターの人件費は含まない(FEMA の頁の注)。2025-07-01 以降に宣言された災害に適用。表の # 158、PDF 3 頁
6f7535dc8eaaf100,US,equipment,Forklift,Forklift / Taylor TE-450M (disc. 1998),"Cost Code 8303; Manufacturer: Taylor TE-450M (disc. 1998); Specification: 45,000 lbs; Capacity or Size: 50,000 lbs; HP: to 215",USD/hour,national,US,United States,,,,90.72,USD,equipment_rate_hourly,public_domain,,,2025,2025-07-01,fema-equipment-rates-2025,4,https://www.fema.gov/sites/default/files/documents/fema_pa_schedule-equipment-rates_2025.pdf,US-PD-17USC105,,FEMA Public Assistance の機械の料率表(2025 年版)。機械の所有と運転の費用(償却・間接費・整備・燃料・油脂・タイヤ等)を含み、オペレーターの人件費は含まない(FEMA の頁の注)。2025-07-01 以降に宣言された災害に適用。表の # 159、PDF 4 頁
59a82e5da3722830,US,equipment,Fork Lift material handler,Fork Lift material handler / Caterpillar TL 642,"Cost Code 8306; Manufacturer: Caterpillar TL 642; Specification: 6,500 lbs; Capacity or Size: 6,500 LBS; HP: to 74",USD/hour,national,US,United States,,,,94.49,USD,equipment_rate_hourly,public_domain,,,2025,2025-07-01,fema-equipment-rates-2025,4,https://www.fema.gov/sites/default/files/documents/fema_pa_schedule-equipment-rates_2025.pdf,US-PD-17USC105,,FEMA Public Assistance の機械の料率表(2025 年版)。機械の所有と運転の費用(償却・間接費・整備・燃料・油脂・タイヤ等)を含み、オペレーターの人件費は含まない(FEMA の頁の注)。2025-07-01 以降に宣言された災害に適用。表の # 160、PDF 4 頁
f5e7d24df24f449e,US,equipment,Fork Lift material handler,Fork Lift material handler / Caterpillar TL 943,"Cost Code 8307; Manufacturer: Caterpillar TL 943; Specification: 9,000 Lbs; Capacity or Size: 9,000 Lbs; HP: to 111",USD/hour,national,US,United States,,,,116.27,USD,equipment_rate_hourly,public_domain,,,2025,2025-07-01,fema-equipment-rates-2025,4,https://www.fema.gov/sites/default/files/documents/fema_pa_schedule-equipment-rates_2025.pdf,US-PD-17USC105,,FEMA Public Assistance の機械の料率表(2025 年版)。機械の所有と運転の費用(償却・間接費・整備・燃料・油脂・タイヤ等)を含み、オペレーターの人件費は含まない(FEMA の頁の注)。2025-07-01 以降に宣言された災害に適用。表の # 161、PDF 4 頁
43e20fb93debce35,US,equipment,Fork Lift material handler,Fork Lift material handler / Caterpillar TL1255,"Cost Code 8308; Manufacturer: Caterpillar TL1255; Specification: 12,000 lbs; Capacity or Size: 12,000 lbs; HP: to 134",USD/hour,national,US,United States,,,,123.49,USD,equipment_rate_hourly,public_domain,,,2025,2025-07-01,fema-equipment-rates-2025,4,https://www.fema.gov/sites/default/files/documents/fema_pa_schedule-equipment-rates_2025.pdf,US-PD-17USC105,,FEMA Public Assistance の機械の料率表(2025 年版)。機械の所有と運転の費用(償却・間接費・整備・燃料・油脂・タイヤ等)を含み、オペレーターの人件費は含まない(FEMA の頁の注)。2025-07-01 以降に宣言された災害に適用。表の # 162、PDF 4 頁
b863e4edb7ecc4f4,US,equipment,Generator,"Generator / Miscellaneous GAS 5,5 KW","Cost Code 8310; Manufacturer: Miscellaneous GAS 5,5 KW; Specification: 5.5 KW",USD/hour,national,US,United States,,,,6.78,USD,equipment_rate_hourly,public_domain,,,2025,2025-07-01,fema-equipment-rates-2025,4,https://www.fema.gov/sites/default/files/documents/fema_pa_schedule-equipment-rates_2025.pdf,US-PD-17USC105,,FEMA Public Assistance の機械の料率表(2025 年版)。機械の所有と運転の費用(償却・間接費・整備・燃料・油脂・タイヤ等)を含み、オペレーターの人件費は含まない(FEMA の頁の注)。2025-07-01 以降に宣言された災害に適用。表の # 163、PDF 4 頁
c6e198063ac8296f,US,equipment,Generator,Generator / Miscellaneous DIESEL 17 KW,Cost Code 8311; Manufacturer: Miscellaneous DIESEL 17 KW; Specification: 17 KW,USD/hour,national,US,United States,,,,8.12,USD,equipment_rate_hourly,public_domain,,,2025,2025-07-01,fema-equipment-rates-2025,4,https://www.fema.gov/sites/default/files/documents/fema_pa_schedule-equipment-rates_2025.pdf,US-PD-17USC105,,FEMA Public Assistance の機械の料率表(2025 年版)。機械の所有と運転の費用(償却・間接費・整備・燃料・油脂・タイヤ等)を含み、オペレーターの人件費は含まない(FEMA の頁の注)。2025-07-01 以降に宣言された災害に適用。表の # 164、PDF 4 頁
4e8f14d847fb755d,US,equipment,Generator,Generator / Miscellaneous DIESEL 25 KW,Cost Code 8312; Manufacturer: Miscellaneous DIESEL 25 KW; Specification: 20 KW,USD/hour,national,US,United States,,,,28.15,USD,equipment_rate_hourly,public_domain,,,2025,2025-07-01,fema-equipment-rates-2025,4,https://www.fema.gov/sites/default/files/documents/fema_pa_schedule-equipment-rates_2025.pdf,US-PD-17USC105,,FEMA Public Assistance の機械の料率表(2025 年版)。機械の所有と運転の費用(償却・間接費・整備・燃料・油脂・タイヤ等)を含み、オペレーターの人件費は含まない(FEMA の頁の注)。2025-07-01 以降に宣言された災害に適用。表の # 165、PDF 4 頁
69808aa4c6a2d21a,US,equipment,Generator,Generator / Miscellaneous DIESEL 40 KW,Cost Code 8313; Manufacturer: Miscellaneous DIESEL 40 KW; Specification: 40 KW,USD/hour,national,US,United States,,,,41.55,USD,equipment_rate_hourly,public_domain,,,2025,2025-07-01,fema-equipment-rates-2025,4,https://www.fema.gov/sites/default/files/documents/fema_pa_schedule-equipment-rates_2025.pdf,US-PD-17USC105,,FEMA Public Assistance の機械の料率表(2025 年版)。機械の所有と運転の費用(償却・間接費・整備・燃料・油脂・タイヤ等)を含み、オペレーターの人件費は含まない(FEMA の頁の注)。2025-07-01 以降に宣言された災害に適用。表の # 166、PDF 4 頁
c1be86e6fd8f2d3f,US,equipment,Generator,Generator / Miscellaneous DIESEL 45 KW,Cost Code 8314; Manufacturer: Miscellaneous DIESEL 45 KW; Specification: 47.5 kW,USD/hour,national,US,United States,,,,42.45,USD,equipment_rate_hourly,public_domain,,,2025,2025-07-01,fema-equipment-rates-2025,4,https://www.fema.gov/sites/default/files/documents/fema_pa_schedule-equipment-rates_2025.pdf,US-PD-17USC105,,FEMA Public Assistance の機械の料率表(2025 年版)。機械の所有と運転の費用(償却・間接費・整備・燃料・油脂・タイヤ等)を含み、オペレーターの人件費は含まない(FEMA の頁の注)。2025-07-01 以降に宣言された災害に適用。表の # 167、PDF 4 頁
e8d7ddc5b6351917,US,equipment,Generator,Generator / Miscellaneous DIESEL 100 KW,Cost Code 8315; Manufacturer: Miscellaneous DIESEL 100 KW; Specification: 100 KW,USD/hour,national,US,United States,,,,62.08,USD,equipment_rate_hourly,public_domain,,,2025,2025-07-01,fema-equipment-rates-2025,4,https://www.fema.gov/sites/default/files/documents/fema_pa_schedule-equipment-rates_2025.pdf,US-PD-17USC105,,FEMA Public Assistance の機械の料率表(2025 年版)。機械の所有と運転の費用(償却・間接費・整備・燃料・油脂・タイヤ等)を含み、オペレーターの人件費は含まない(FEMA の頁の注)。2025-07-01 以降に宣言された災害に適用。表の # 168、PDF 4 頁
e5c8a3fea6df77fa,US,equipment,Generator,Generator / Miscellaneous DIESEL 150 KW,Cost Code 8316; Manufacturer: Miscellaneous DIESEL 150 KW; Specification: 150 KW,USD/hour,national,US,United States,,,,70.76,USD,equipment_rate_hourly,public_domain,,,2025,2025-07-01,fema-equipment-rates-2025,4,https://www.fema.gov/sites/default/files/documents/fema_pa_schedule-equipment-rates_2025.pdf,US-PD-17USC105,,FEMA Public Assistance の機械の料率表(2025 年版)。機械の所有と運転の費用(償却・間接費・整備・燃料・油脂・タイヤ等)を含み、オペレーターの人件費は含まない(FEMA の頁の注)。2025-07-01 以降に宣言された災害に適用。表の # 169、PDF 4 頁
c57629d32ed8d9c4,US,equipment,Generator,Generator / Miscellaneous DIESEL 225 KW,Cost Code 8317; Manufacturer: Miscellaneous DIESEL 225 KW; Specification: 210 KW,USD/hour,national,US,United States,,,,100.05,USD,equipment_rate_hourly,public_domain,,,2025,2025-07-01,fema-equipment-rates-2025,4,https://www.fema.gov/sites/default/files/documents/fema_pa_schedule-equipment-rates_2025.pdf,US-PD-17USC105,,FEMA Public Assistance の機械の料率表(2025 年版)。機械の所有と運転の費用(償却・間接費・整備・燃料・油脂・タイヤ等)を含み、オペレーターの人件費は含まない(FEMA の頁の注)。2025-07-01 以降に宣言された災害に適用。表の # 170、PDF 4 頁
20126d10ee1bb9f0,US,equipment,Generator,Generator / Miscellaneous DIESEL 300 KW,Cost Code 8318; Manufacturer: Miscellaneous DIESEL 300 KW; Specification: 280 KW,USD/hour,national,US,United States,,,,119.63,USD,equipment_rate_hourly,public_domain,,,2025,2025-07-01,fema-equipment-rates-2025,4,https://www.fema.gov/sites/default/files/documents/fema_pa_schedule-equipment-rates_2025.pdf,US-PD-17USC105,,FEMA Public Assistance の機械の料率表(2025 年版)。機械の所有と運転の費用(償却・間接費・整備・燃料・油脂・タイヤ等)を含み、オペレーターの人件費は含まない(FEMA の頁の注)。2025-07-01 以降に宣言された災害に適用。表の # 171、PDF 4 頁
9a0595db3399e893,US,equipment,Generator,Generator / Miscellaneous DIESEL 350 KW,Cost Code 8319; Manufacturer: Miscellaneous DIESEL 350 KW; Specification: 350 KW,USD/hour,national,US,United States,,,,172.46,USD,equipment_rate_hourly,public_domain,,,2025,2025-07-01,fema-equipment-rates-2025,4,https://www.fema.gov/sites/default/files/documents/fema_pa_schedule-equipment-rates_2025.pdf,US-PD-17USC105,,FEMA Public Assistance の機械の料率表(2025 年版)。機械の所有と運転の費用(償却・間接費・整備・燃料・油脂・タイヤ等)を含み、オペレーターの人件費は含まない(FEMA の頁の注)。2025-07-01 以降に宣言された災害に適用。表の # 172、PDF 4 頁
ac8a308b1547795e,US,equipment,Generator,Generator / Miscellaneous DIESEL 400 KW,Cost Code 8320; Manufacturer: Miscellaneous DIESEL 400 KW; Specification: 400 KW,USD/hour,national,US,United States,,,,219.49,USD,equipment_rate_hourly,public_domain,,,2025,2025-07-01,fema-equipment-rates-2025,4,https://www.fema.gov/sites/default/files/documents/fema_pa_schedule-equipment-rates_2025.pdf,US-PD-17USC105,,FEMA Public Assistance の機械の料率表(2025 年版)。機械の所有と運転の費用(償却・間接費・整備・燃料・油脂・タイヤ等)を含み、オペレーターの人件費は含まない(FEMA の頁の注)。2025-07-01 以降に宣言された災害に適用。表の # 173、PDF 4 頁
bb8b8405ac2b82b5,US,equipment,Generator,Generator / Miscellaneous DIESEL 500 KW,Cost Code 8321; Manufacturer: Miscellaneous DIESEL 500 KW; Specification: 500 KW,USD/hour,national,US,United States,,,,392.87,USD,equipment_rate_hourly,public_domain,,,2025,2025-07-01,fema-equipment-rates-2025,4,https://www.fema.gov/sites/default/files/documents/fema_pa_schedule-equipment-rates_2025.pdf,US-PD-17USC105,,FEMA Public Assistance の機械の料率表(2025 年版)。機械の所有と運転の費用(償却・間接費・整備・燃料・油脂・タイヤ等)を含み、オペレーターの人件費は含まない(FEMA の頁の注)。2025-07-01 以降に宣言された災害に適用。表の # 174、PDF 4 頁
e794e90b617e9544,US,equipment,Generator,Generator / Miscellaneous DIESEL 700 KW,Cost Code 8322; Manufacturer: Miscellaneous DIESEL 700 KW; Specification: 700 KW,USD/hour,national,US,United States,,,,578.9,USD,equipment_rate_hourly,public_domain,,,2025,2025-07-01,fema-equipment-rates-2025,4,https://www.fema.gov/sites/default/files/documents/fema_pa_schedule-equipment-rates_2025.pdf,US-PD-17USC105,,FEMA Public Assistance の機械の料率表(2025 年版)。機械の所有と運転の費用(償却・間接費・整備・燃料・油脂・タイヤ等)を含み、オペレーターの人件費は含まない(FEMA の頁の注)。2025-07-01 以降に宣言された災害に適用。表の # 175、PDF 4 頁
3ee53e8fe17ff9e5,US,equipment,Generator,Generator / Miscellaneous DIESEL 800 KW,Cost Code 8323; Manufacturer: Miscellaneous DIESEL 800 KW; Specification: 800 KW,USD/hour,national,US,United States,,,,626.66,USD,equipment_rate_hourly,public_domain,,,2025,2025-07-01,fema-equipment-rates-2025,4,https://www.fema.gov/sites/default/files/documents/fema_pa_schedule-equipment-rates_2025.pdf,US-PD-17USC105,,FEMA Public Assistance の機械の料率表(2025 年版)。機械の所有と運転の費用(償却・間接費・整備・燃料・油脂・タイヤ等)を含み、オペレーターの人件費は含まない(FEMA の頁の注)。2025-07-01 以降に宣言された災害に適用。表の # 176、PDF 4 頁
08fe3645cd7880ba,US,equipment,Generator,Generator / Miscellaneous DIESEL 900 KW,Cost Code 8324; Manufacturer: Miscellaneous DIESEL 900 KW; Specification: 900 KW,USD/hour,national,US,United States,,,,685.25,USD,equipment_rate_hourly,public_domain,,,2025,2025-07-01,fema-equipment-rates-2025,4,https://www.fema.gov/sites/default/files/documents/fema_pa_schedule-equipment-rates_2025.pdf,US-PD-17USC105,,FEMA Public Assistance の機械の料率表(2025 年版)。機械の所有と運転の費用(償却・間接費・整備・燃料・油脂・タイヤ等)を含み、オペレーターの人件費は含まない(FEMA の頁の注)。2025-07-01 以降に宣言された災害に適用。表の # 177、PDF 4 頁
9b93e946d59ea6b7,US,equipment,Generator,Generator / Miscellaneous DIESEL 1000 KW,Cost Code 8325; Manufacturer: Miscellaneous DIESEL 1000 KW; Specification: 1000 KW,USD/hour,national,US,United States,,,,748.86,USD,equipment_rate_hourly,public_domain,,,2025,2025-07-01,fema-equipment-rates-2025,4,https://www.fema.gov/sites/default/files/documents/fema_pa_schedule-equipment-rates_2025.pdf,US-PD-17USC105,,FEMA Public Assistance の機械の料率表(2025 年版)。機械の所有と運転の費用(償却・間接費・整備・燃料・油脂・タイヤ等)を含み、オペレーターの人件費は含まない(FEMA の頁の注)。2025-07-01 以降に宣言された災害に適用。表の # 178、PDF 4 頁
5918949e6bdb8441,US,equipment,Generator,Generator / Caterpillar XQC1200 (Enclosed),Cost Code 8326; Manufacturer: Caterpillar XQC1200 (Enclosed); Specification: 1150 KW,USD/hour,national,US,United States,,,,778.27,USD,equipment_rate_hourly,public_domain,,,2025,2025-07-01,fema-equipment-rates-2025,4,https://www.fema.gov/sites/default/files/documents/fema_pa_schedule-equipment-rates_2025.pdf,US-PD-17USC105,,FEMA Public Assistance の機械の料率表(2025 年版)。機械の所有と運転の費用(償却・間接費・整備・燃料・油脂・タイヤ等)を含み、オペレーターの人件費は含まない(FEMA の頁の注)。2025-07-01 以降に宣言された災害に適用。表の # 179、PDF 4 頁
aad09acac90d3ca0,US,equipment,Generator,Generator / Miscellaneous DIESEL 1500 KW,Cost Code 8327; Manufacturer: Miscellaneous DIESEL 1500 KW; Specification: 1500 KW,USD/hour,national,US,United States,,,,844.15,USD,equipment_rate_hourly,public_domain,,,2025,2025-07-01,fema-equipment-rates-2025,4,https://www.fema.gov/sites/default/files/documents/fema_pa_schedule-equipment-rates_2025.pdf,US-PD-17USC105,,FEMA Public Assistance の機械の料率表(2025 年版)。機械の所有と運転の費用(償却・間接費・整備・燃料・油脂・タイヤ等)を含み、オペレーターの人件費は含まない(FEMA の頁の注)。2025-07-01 以降に宣言された災害に適用。表の # 180、PDF 4 頁
562f2e9fecfc84ac,US,equipment,Generator,"Generator / Generator, 2,500 KW","Cost Code 8328; Manufacturer: Generator, 2,500 KW; Specification: 2500 KW",USD/hour,national,US,United States,,,,983.59,USD,equipment_rate_hourly,public_domain,,,2025,2025-07-01,fema-equipment-rates-2025,4,https://www.fema.gov/sites/default/files/documents/fema_pa_schedule-equipment-rates_2025.pdf,US-PD-17USC105,,FEMA Public Assistance の機械の料率表(2025 年版)。機械の所有と運転の費用(償却・間接費・整備・燃料・油脂・タイヤ等)を含み、オペレーターの人件費は含まない(FEMA の頁の注)。2025-07-01 以降に宣言された災害に適用。表の # 181、PDF 4 頁
d0fd648f2444e4a0,US,equipment,Generator,Generator / Cummins QSK95 C3250D6E,Cost Code 8329; Manufacturer: Cummins QSK95 C3250D6E; Specification: 3000 KW,USD/hour,national,US,United States,,,,1024.88,USD,equipment_rate_hourly,public_domain,,,2025,2025-07-01,fema-equipment-rates-2025,4,https://www.fema.gov/sites/default/files/documents/fema_pa_schedule-equipment-rates_2025.pdf,US-PD-17USC105,,FEMA Public Assistance の機械の料率表(2025 年版)。機械の所有と運転の費用(償却・間接費・整備・燃料・油脂・タイヤ等)を含み、オペレーターの人件費は含まない(FEMA の頁の注)。2025-07-01 以降に宣言された災害に適用。表の # 182、PDF 4 頁
a5d24b9f47b6cb9a,US,equipment,Graders,Graders / CAT 120,Cost Code 8331; Manufacturer: CAT 120; Specification: 12 Ft; Capacity or Size: 12 Ft; HP: to 171; Notes: Includes Rigid and Articulate equipment.,USD/hour,national,US,United States,,,,131.96,USD,equipment_rate_hourly,public_domain,,,2025,2025-07-01,fema-equipment-rates-2025,4,https://www.fema.gov/sites/default/files/documents/fema_pa_schedule-equipment-rates_2025.pdf,US-PD-17USC105,,FEMA Public Assistance の機械の料率表(2025 年版)。機械の所有と運転の費用(償却・間接費・整備・燃料・油脂・タイヤ等)を含み、オペレーターの人件費は含まない(FEMA の頁の注)。2025-07-01 以降に宣言された災害に適用。表の # 183、PDF 4 頁
3bf7fb4c4daf5406,US,equipment,Graders,Graders / CAT 140,Cost Code 8332; Manufacturer: CAT 140; Specification: 12 FT; Capacity or Size: 12 FT; HP: to 196; Notes: Includes Rigid and Articulate equipment.,USD/hour,national,US,United States,,,,159.04,USD,equipment_rate_hourly,public_domain,,,2025,2025-07-01,fema-equipment-rates-2025,4,https://www.fema.gov/sites/default/files/documents/fema_pa_schedule-equipment-rates_2025.pdf,US-PD-17USC105,,FEMA Public Assistance の機械の料率表(2025 年版)。機械の所有と運転の費用(償却・間接費・整備・燃料・油脂・タイヤ等)を含み、オペレーターの人件費は含まない(FEMA の頁の注)。2025-07-01 以降に宣言された災害に適用。表の # 184、PDF 4 頁
b08c0ccb28004851,US,equipment,Graders,Graders / CAT 160,Cost Code 8333; Manufacturer: CAT 160; Specification: 14 Ft; Capacity or Size: 14 Ft; HP: to 290; Notes: Includes Rigid and Articulate equipment.,USD/hour,national,US,United States,,,,231.47,USD,equipment_rate_hourly,public_domain,,,2025,2025-07-01,fema-equipment-rates-2025,4,https://www.fema.gov/sites/default/files/documents/fema_pa_schedule-equipment-rates_2025.pdf,US-PD-17USC105,,FEMA Public Assistance の機械の料率表(2025 年版)。機械の所有と運転の費用(償却・間接費・整備・燃料・油脂・タイヤ等)を含み、オペレーターの人件費は含まない(FEMA の頁の注)。2025-07-01 以降に宣言された災害に適用。表の # 185、PDF 4 頁
092ba337b85be05b,US,equipment,Graders,Graders / CAT 18,Cost Code 8334; Manufacturer: CAT 18; Specification: 18 Ft; Capacity or Size: 18 Ft; HP: to 304; Notes: Includes Rigid and Articulate equipment.,USD/hour,national,US,United States,,,,281.33,USD,equipment_rate_hourly,public_domain,,,2025,2025-07-01,fema-equipment-rates-2025,4,https://www.fema.gov/sites/default/files/documents/fema_pa_schedule-equipment-rates_2025.pdf,US-PD-17USC105,,FEMA Public Assistance の機械の料率表(2025 年版)。機械の所有と運転の費用(償却・間接費・整備・燃料・油脂・タイヤ等)を含み、オペレーターの人件費は含まない(FEMA の頁の注)。2025-07-01 以降に宣言された災害に適用。表の # 186、PDF 4 頁
0823c8efe7e60df4,US,equipment,Widener Attachment,Widener Attachment / Loader or Grader Propelled,Cost Code 8335; Manufacturer: Loader or Grader Propelled; Specification: Widener Attachment; Capacity or Size: 10' Max Spread Width; HP: 49,USD (Unit 欄が空),national,US,United States,,,,10.13,USD,equipment_rate_unit_not_stated,public_domain,,,2025,2025-07-01,fema-equipment-rates-2025,4,https://www.fema.gov/sites/default/files/documents/fema_pa_schedule-equipment-rates_2025.pdf,US-PD-17USC105,,FEMA Public Assistance の機械の料率表(2025 年版)。機械の所有と運転の費用(償却・間接費・整備・燃料・油脂・タイヤ等)を含み、オペレーターの人件費は含まない(FEMA の頁の注)。2025-07-01 以降に宣言された災害に適用。表の # 187、PDF 4 頁。原本の Unit 欄が空。単位を推定しない
b6b2d591532b1514,US,equipment,"Hose, Discharge","Hose, Discharge / Discharge Hose, 3-IN","Cost Code 8350; Manufacturer: Discharge Hose, 3-IN; Specification: 3 In Discharge Diameter 50 foot; Capacity or Size: 3 In Discharge Diameter; HP: N/A; Notes: Per 50 foot length. Includes couplings.",USD/hour,national,US,United States,,,,0.15,USD,equipment_rate_hourly,public_domain,,,2025,2025-07-01,fema-equipment-rates-2025,4,https://www.fema.gov/sites/default/files/documents/fema_pa_schedule-equipment-rates_2025.pdf,US-PD-17USC105,,FEMA Public Assistance の機械の料率表(2025 年版)。機械の所有と運転の費用(償却・間接費・整備・燃料・油脂・タイヤ等)を含み、オペレーターの人件費は含まない(FEMA の頁の注)。2025-07-01 以降に宣言された災害に適用。表の # 188、PDF 4 頁
07fa18cad8b302f6,US,equipment,"Hose, Discharge","Hose, Discharge / Discharge Hose, 4-IN","Cost Code 8351; Manufacturer: Discharge Hose, 4-IN; Specification: 4 in Discharge Diameter 50 foot; Capacity or Size: 4 in Discharge Diameter; HP: N/A; Notes: Per 50 foot length. Includes couplings.",USD/hour,national,US,United States,,,,0.23,USD,equipment_rate_hourly,public_domain,,,2025,2025-07-01,fema-equipment-rates-2025,4,https://www.fema.gov/sites/default/files/documents/fema_pa_schedule-equipment-rates_2025.pdf,US-PD-17USC105,,FEMA Public Assistance の機械の料率表(2025 年版)。機械の所有と運転の費用(償却・間接費・整備・燃料・油脂・タイヤ等)を含み、オペレーターの人件費は含まない(FEMA の頁の注)。2025-07-01 以降に宣言された災害に適用。表の # 189、PDF 4 頁
80302714b4d3b791,US,equipment,"Hose, Discharge","Hose, Discharge / Discharge Hose, 6-IN","Cost Code 8352; Manufacturer: Discharge Hose, 6-IN; Specification: 6 In Discharge Diameter 50 foot; Capacity or Size: 6 In Discharge Diameter; HP: N/A; Notes: Per 50 foot length. Includes couplings.",USD/hour,national,US,United States,,,,0.58,USD,equipment_rate_hourly,public_domain,,,2025,2025-07-01,fema-equipment-rates-2025,4,https://www.fema.gov/sites/default/files/documents/fema_pa_schedule-equipment-rates_2025.pdf,US-PD-17USC105,,FEMA Public Assistance の機械の料率表(2025 年版)。機械の所有と運転の費用(償却・間接費・整備・燃料・油脂・タイヤ等)を含み、オペレーターの人件費は含まない(FEMA の頁の注)。2025-07-01 以降に宣言された災害に適用。表の # 190、PDF 4 頁
1698892ec9bb1898,US,equipment,"Hose, Discharge","Hose, Discharge / Discharge Hose, 8-IN","Cost Code 8353; Manufacturer: Discharge Hose, 8-IN; Specification: 8 In Discharge Diameter 50 foot; Capacity or Size: 8 In Discharge Diameter; HP: N/A; Notes: Per 50 foot length. Includes couplings.",USD/hour,national,US,United States,,,,0.65,USD,equipment_rate_hourly,public_domain,,,2025,2025-07-01,fema-equipment-rates-2025,4,https://www.fema.gov/sites/default/files/documents/fema_pa_schedule-equipment-rates_2025.pdf,US-PD-17USC105,,FEMA Public Assistance の機械の料率表(2025 年版)。機械の所有と運転の費用(償却・間接費・整備・燃料・油脂・タイヤ等)を含み、オペレーターの人件費は含まない(FEMA の頁の注)。2025-07-01 以降に宣言された災害に適用。表の # 191、PDF 4 頁
39ab2a67dbc31140,US,equipment,"Hose, Discharge","Hose, Discharge / Discharge Hose, 12-IN","Cost Code 8354; Manufacturer: Discharge Hose, 12-IN; Specification: 12 In Discharge Diameter; Capacity or Size: 12 In Discharge Diameter; HP: N/A; Notes: Per 50 foot length. Includes couplings.",USD/hour,national,US,United States,,,,0.95,USD,equipment_rate_hourly,public_domain,,,2025,2025-07-01,fema-equipment-rates-2025,4,https://www.fema.gov/sites/default/files/documents/fema_pa_schedule-equipment-rates_2025.pdf,US-PD-17USC105,,FEMA Public Assistance の機械の料率表(2025 年版)。機械の所有と運転の費用(償却・間接費・整備・燃料・油脂・タイヤ等)を含み、オペレーターの人件費は含まない(FEMA の頁の注)。2025-07-01 以降に宣言された災害に適用。表の # 192、PDF 4 頁
79138d7548ba8d56,US,equipment,"Hose, Discharge","Hose, Discharge / Discharge Hose, 16-IN","Cost Code 8355; Manufacturer: Discharge Hose, 16-IN; Specification: 16 In Discharge Diameter; Capacity or Size: 16 In Discharge Diameter; HP: N/A; Notes: Per 50 foot length. Includes couplings.",USD/hour,national,US,United States,,,,1.79,USD,equipment_rate_hourly,public_domain,,,2025,2025-07-01,fema-equipment-rates-2025,4,https://www.fema.gov/sites/default/files/documents/fema_pa_schedule-equipment-rates_2025.pdf,US-PD-17USC105,,FEMA Public Assistance の機械の料率表(2025 年版)。機械の所有と運転の費用(償却・間接費・整備・燃料・油脂・タイヤ等)を含み、オペレーターの人件費は含まない(FEMA の頁の注)。2025-07-01 以降に宣言された災害に適用。表の # 193、PDF 4 頁
abc698a8242085a0,US,equipment,"Hose, Suction","Hose, Suction / Suction Hose - SH-3/25",Cost Code 8356; Manufacturer: Suction Hose - SH-3/25; Specification: 3 In Diameter; Capacity or Size: 3 In Diameter; HP: N/A; Notes: Per 50 foot length. Includes couplings.,USD/hour,national,US,United States,,,,0.27,USD,equipment_rate_hourly,public_domain,,,2025,2025-07-01,fema-equipment-rates-2025,4,https://www.fema.gov/sites/default/files/documents/fema_pa_schedule-equipment-rates_2025.pdf,US-PD-17USC105,,FEMA Public Assistance の機械の料率表(2025 年版)。機械の所有と運転の費用(償却・間接費・整備・燃料・油脂・タイヤ等)を含み、オペレーターの人件費は含まない(FEMA の頁の注)。2025-07-01 以降に宣言された災害に適用。表の # 194、PDF 4 頁
99fff98450e25a42,US,equipment,"Hose, Suction","Hose, Suction / Miscellaneous SH-4/25",Cost Code 8357; Manufacturer: Miscellaneous SH-4/25; Specification: 4 In Diameter; Capacity or Size: 4 In Diameter; HP: N/A; Notes: Per 50 foot length. Includes couplings.,USD/hour,national,US,United States,,,,0.32,USD,equipment_rate_hourly,public_domain,,,2025,2025-07-01,fema-equipment-rates-2025,4,https://www.fema.gov/sites/default/files/documents/fema_pa_schedule-equipment-rates_2025.pdf,US-PD-17USC105,,FEMA Public Assistance の機械の料率表(2025 年版)。機械の所有と運転の費用(償却・間接費・整備・燃料・油脂・タイヤ等)を含み、オペレーターの人件費は含まない(FEMA の頁の注)。2025-07-01 以降に宣言された災害に適用。表の # 195、PDF 4 頁
65c176d8feec7d00,US,equipment,"Hose, Suction","Hose, Suction / Miscellaneous SH-6/25",Cost Code 8358; Manufacturer: Miscellaneous SH-6/25; Specification: 6 In Diameter; Capacity or Size: 6 In Diameter; HP: N/A; Notes: Per 50 foot length. Includes couplings.,USD/hour,national,US,United States,,,,1.06,USD,equipment_rate_hourly,public_domain,,,2025,2025-07-01,fema-equipment-rates-2025,4,https://www.fema.gov/sites/default/files/documents/fema_pa_schedule-equipment-rates_2025.pdf,US-PD-17USC105,,FEMA Public Assistance の機械の料率表(2025 年版)。機械の所有と運転の費用(償却・間接費・整備・燃料・油脂・タイヤ等)を含み、オペレーターの人件費は含まない(FEMA の頁の注)。2025-07-01 以降に宣言された災害に適用。表の # 196、PDF 4 頁
3e8e77b1be27d26e,US,equipment,"Hose, Suction","Hose, Suction / Suction Hose, 8-IN","Cost Code 8359; Manufacturer: Suction Hose, 8-IN; Specification: 8 In Diameter; Capacity or Size: 8 In Diameter; HP: N/A; Notes: Per 50 foot length. Includes couplings.",USD/hour,national,US,United States,,,,1.14,USD,equipment_rate_hourly,public_domain,,,2025,2025-07-01,fema-equipment-rates-2025,4,https://www.fema.gov/sites/default/files/documents/fema_pa_schedule-equipment-rates_2025.pdf,US-PD-17USC105,,FEMA Public Assistance の機械の料率表(2025 年版)。機械の所有と運転の費用(償却・間接費・整備・燃料・油脂・タイヤ等)を含み、オペレーターの人件費は含まない(FEMA の頁の注)。2025-07-01 以降に宣言された災害に適用。表の # 197、PDF 4 頁
f1a1a5c7f6de69ee,US,equipment,"Hose, Suction","Hose, Suction / Suction Hose, 12-IN","Cost Code 8360; Manufacturer: Suction Hose, 12-IN; Specification: 12 In Diameter; Capacity or Size: 12 In Diameter; HP: N/A; Notes: Per 50 foot length. Includes couplings.",USD/hour,national,US,United States,,,,1.72,USD,equipment_rate_hourly,public_domain,,,2025,2025-07-01,fema-equipment-rates-2025,4,https://www.fema.gov/sites/default/files/documents/fema_pa_schedule-equipment-rates_2025.pdf,US-PD-17USC105,,FEMA Public Assistance の機械の料率表(2025 年版)。機械の所有と運転の費用(償却・間接費・整備・燃料・油脂・タイヤ等)を含み、オペレーターの人件費は含まない(FEMA の頁の注)。2025-07-01 以降に宣言された災害に適用。表の # 198、PDF 4 頁
0ce782d0afd95b5c,US,equipment,"Hose, Suction","Hose, Suction / Suction Hose, 16-IN","Cost Code 8361; Manufacturer: Suction Hose, 16-IN; Specification: 16 In Diameter; Capacity or Size: 16 In Diameter; HP: N/A; Notes: Per 50 foot length. Includes couplings.",USD/hour,national,US,United States,,,,3.25,USD,equipment_rate_hourly,public_domain,,,2025,2025-07-01,fema-equipment-rates-2025,4,https://www.fema.gov/sites/default/files/documents/fema_pa_schedule-equipment-rates_2025.pdf,US-PD-17USC105,,FEMA Public Assistance の機械の料率表(2025 年版)。機械の所有と運転の費用(償却・間接費・整備・燃料・油脂・タイヤ等)を含み、オペレーターの人件費は含まない(FEMA の頁の注)。2025-07-01 以降に宣言された災害に適用。表の # 199、PDF 4 頁
659ebe4f1c1eb283,US,equipment,"Loader, Crawler","Loader, Crawler / Bobcat MT120",Cost Code 8380; Manufacturer: Bobcat MT120; HP: to 25; Notes: Includes bucket.,USD/hour,national,US,United States,,,,36.92,USD,equipment_rate_hourly,public_domain,,,2025,2025-07-01,fema-equipment-rates-2025,4,https://www.fema.gov/sites/default/files/documents/fema_pa_schedule-equipment-rates_2025.pdf,US-PD-17USC105,,FEMA Public Assistance の機械の料率表(2025 年版)。機械の所有と運転の費用(償却・間接費・整備・燃料・油脂・タイヤ等)を含み、オペレーターの人件費は含まない(FEMA の頁の注)。2025-07-01 以降に宣言された災害に適用。表の # 200、PDF 4 頁
04296565bf9c7479,US,equipment,"Loader, Crawler","Loader, Crawler / Bobcat T450",Cost Code 8381; Manufacturer: Bobcat T450; HP: to 55; Notes: Includes bucket.,USD/hour,national,US,United States,,,,41.49,USD,equipment_rate_hourly,public_domain,,,2025,2025-07-01,fema-equipment-rates-2025,4,https://www.fema.gov/sites/default/files/documents/fema_pa_schedule-equipment-rates_2025.pdf,US-PD-17USC105,,FEMA Public Assistance の機械の料率表(2025 年版)。機械の所有と運転の費用(償却・間接費・整備・燃料・油脂・タイヤ等)を含み、オペレーターの人件費は含まない(FEMA の頁の注)。2025-07-01 以降に宣言された災害に適用。表の # 201、PDF 4 頁
0c897be235f836a8,US,equipment,"Loader, Crawler","Loader, Crawler / Bobcat T86",Cost Code 8382; Manufacturer: Bobcat T86; HP: to 105; Notes: Includes bucket.,USD/hour,national,US,United States,,,,62.38,USD,equipment_rate_hourly,public_domain,,,2025,2025-07-01,fema-equipment-rates-2025,4,https://www.fema.gov/sites/default/files/documents/fema_pa_schedule-equipment-rates_2025.pdf,US-PD-17USC105,,FEMA Public Assistance の機械の料率表(2025 年版)。機械の所有と運転の費用(償却・間接費・整備・燃料・油脂・タイヤ等)を含み、オペレーターの人件費は含まない(FEMA の頁の注)。2025-07-01 以降に宣言された災害に適用。表の # 202、PDF 4 頁
7edab75fc5a20ab6,US,equipment,"Loader, Crawler","Loader, Crawler / Caterpillar 963C 2022",Cost Code 8383; Manufacturer: Caterpillar 963C 2022; Specification: 3.2 cu yd; Capacity or Size: 3 CY; HP: to 178; Notes: Includes bucket.,USD/hour,national,US,United States,,,,197.79,USD,equipment_rate_hourly,public_domain,,,2025,2025-07-01,fema-equipment-rates-2025,4,https://www.fema.gov/sites/default/files/documents/fema_pa_schedule-equipment-rates_2025.pdf,US-PD-17USC105,,FEMA Public Assistance の機械の料率表(2025 年版)。機械の所有と運転の費用(償却・間接費・整備・燃料・油脂・タイヤ等)を含み、オペレーターの人件費は含まない(FEMA の頁の注)。2025-07-01 以降に宣言された災害に適用。表の # 203、PDF 4 頁
438b11bea84a82fd,US,equipment,"Loader, Crawler","Loader, Crawler / Caterpillar 973C (disc. 2010)",Cost Code 8384; Manufacturer: Caterpillar 973C (disc. 2010); Specification: 4.19 cu yd; Capacity or Size: 4 CY; HP: to 238; Notes: Includes bucket.,USD/hour,national,US,United States,,,,254.71,USD,equipment_rate_hourly,public_domain,,,2025,2025-07-01,fema-equipment-rates-2025,4,https://www.fema.gov/sites/default/files/documents/fema_pa_schedule-equipment-rates_2025.pdf,US-PD-17USC105,,FEMA Public Assistance の機械の料率表(2025 年版)。機械の所有と運転の費用(償却・間接費・整備・燃料・油脂・タイヤ等)を含み、オペレーターの人件費は含まない(FEMA の頁の注)。2025-07-01 以降に宣言された災害に適用。表の # 204、PDF 4 頁
b66b416552c607ad,US,equipment,"Loader, Wheel","Loader, Wheel / Gehl 280 (disc. 2009)",Cost Code 8390; Manufacturer: Gehl 280 (disc. 2009); Specification: 0.7 cu yd; Capacity or Size: 0.5 CY; HP: to 38,USD/hour,national,US,United States,,,,36.72,USD,equipment_rate_hourly,public_domain,,,2025,2025-07-01,fema-equipment-rates-2025,4,https://www.fema.gov/sites/default/files/documents/fema_pa_schedule-equipment-rates_2025.pdf,US-PD-17USC105,,FEMA Public Assistance の機械の料率表(2025 年版)。機械の所有と運転の費用(償却・間接費・整備・燃料・油脂・タイヤ等)を含み、オペレーターの人件費は含まない(FEMA の頁の注)。2025-07-01 以降に宣言された災害に適用。表の # 205、PDF 4 頁
bf3061200df3743f,US,equipment,"Loader, Wheel","Loader, Wheel / Bobcat L85",Cost Code 8391; Manufacturer: Bobcat L85; HP: to 68; Notes: Includes bucket.,USD/hour,national,US,United States,,,,58.08,USD,equipment_rate_hourly,public_domain,,,2025,2025-07-01,fema-equipment-rates-2025,4,https://www.fema.gov/sites/default/files/documents/fema_pa_schedule-equipment-rates_2025.pdf,US-PD-17USC105,,FEMA Public Assistance の機械の料率表(2025 年版)。機械の所有と運転の費用(償却・間接費・整備・燃料・油脂・タイヤ等)を含み、オペレーターの人件費は含まない(FEMA の頁の注)。2025-07-01 以降に宣言された災害に適用。表の # 206、PDF 4 頁
4471d5da9e9a9752,US,equipment,"Loader, Wheel","Loader, Wheel / Caterpillar 910",Cost Code 8392; Manufacturer: Caterpillar 910; HP: to 110; Notes: Includes bucket.,USD/hour,national,US,United States,,,,64.66,USD,equipment_rate_hourly,public_domain,,,2025,2025-07-01,fema-equipment-rates-2025,4,https://www.fema.gov/sites/default/files/documents/fema_pa_schedule-equipment-rates_2025.pdf,US-PD-17USC105,,FEMA Public Assistance の機械の料率表(2025 年版)。機械の所有と運転の費用(償却・間接費・整備・燃料・油脂・タイヤ等)を含み、オペレーターの人件費は含まない(FEMA の頁の注)。2025-07-01 以降に宣言された災害に適用。表の # 207、PDF 4 頁
0b4cecb897b0c899,US,equipment,"Loader, Wheel","Loader, Wheel / Caterpillar 926",Cost Code 8393; Manufacturer: Caterpillar 926; HP: to 170; Notes: Includes bucket.,USD/hour,national,US,United States,,,,116.74,USD,equipment_rate_hourly,public_domain,,,2025,2025-07-01,fema-equipment-rates-2025,4,https://www.fema.gov/sites/default/files/documents/fema_pa_schedule-equipment-rates_2025.pdf,US-PD-17USC105,,FEMA Public Assistance の機械の料率表(2025 年版)。機械の所有と運転の費用(償却・間接費・整備・燃料・油脂・タイヤ等)を含み、オペレーターの人件費は含まない(FEMA の頁の注)。2025-07-01 以降に宣言された災害に適用。表の # 208、PDF 4 頁
e74398cd5e8a87d5,US,equipment,"Loader, Wheel","Loader, Wheel / Deere 644K - 4WD (disc. 2019)",Cost Code 8394; Manufacturer: Deere 644K - 4WD (disc. 2019); Specification: 4.2 cu yd; Capacity or Size: 4 CY; HP: 232,USD/hour,national,US,United States,,,,116.87,USD,equipment_rate_hourly,public_domain,,,2025,2025-07-01,fema-equipment-rates-2025,4,https://www.fema.gov/sites/default/files/documents/fema_pa_schedule-equipment-rates_2025.pdf,US-PD-17USC105,,FEMA Public Assistance の機械の料率表(2025 年版)。機械の所有と運転の費用(償却・間接費・整備・燃料・油脂・タイヤ等)を含み、オペレーターの人件費は含まない(FEMA の頁の注)。2025-07-01 以降に宣言された災害に適用。表の # 209、PDF 4 頁
f1a0c2cddaa5a88a,US,equipment,"Loader, Wheel","Loader, Wheel / Case 921C - 4WD (disc. 2008)",Cost Code 8395; Manufacturer: Case 921C - 4WD (disc. 2008); Specification: 5.0 cu yd; Capacity or Size: 5 CY; HP: 255,USD/hour,national,US,United States,,,,163.2,USD,equipment_rate_hourly,public_domain,,,2025,2025-07-01,fema-equipment-rates-2025,4,https://www.fema.gov/sites/default/files/documents/fema_pa_schedule-equipment-rates_2025.pdf,US-PD-17USC105,,FEMA Public Assistance の機械の料率表(2025 年版)。機械の所有と運転の費用(償却・間接費・整備・燃料・油脂・タイヤ等)を含み、オペレーターの人件費は含まない(FEMA の頁の注)。2025-07-01 以降に宣言された災害に適用。表の # 210、PDF 4 頁
d57f273f172e27d1,US,equipment,"Loader, Wheel","Loader, Wheel / Caterpillar 950",Cost Code 8396; Manufacturer: Caterpillar 950; HP: to 250; Notes: Includes bucket.,USD/hour,national,US,United States,,,,139.8,USD,equipment_rate_hourly,public_domain,,,2025,2025-07-01,fema-equipment-rates-2025,4,https://www.fema.gov/sites/default/files/documents/fema_pa_schedule-equipment-rates_2025.pdf,US-PD-17USC105,,FEMA Public Assistance の機械の料率表(2025 年版)。機械の所有と運転の費用(償却・間接費・整備・燃料・油脂・タイヤ等)を含み、オペレーターの人件費は含まない(FEMA の頁の注)。2025-07-01 以降に宣言された災害に適用。表の # 211、PDF 4 頁
59ed208031ea1d6b,US,equipment,"Loader, Wheel","Loader, Wheel / Caterpillar 972",Cost Code 8397; Manufacturer: Caterpillar 972; HP: to 339; Notes: Includes bucket.,USD/hour,national,US,United States,,,,143.78,USD,equipment_rate_hourly,public_domain,,,2025,2025-07-01,fema-equipment-rates-2025,4,https://www.fema.gov/sites/default/files/documents/fema_pa_schedule-equipment-rates_2025.pdf,US-PD-17USC105,,FEMA Public Assistance の機械の料率表(2025 年版)。機械の所有と運転の費用(償却・間接費・整備・燃料・油脂・タイヤ等)を含み、オペレーターの人件費は含まない(FEMA の頁の注)。2025-07-01 以降に宣言された災害に適用。表の # 212、PDF 4 頁
1c77875d52ab7543,US,equipment,"Loader, Wheel","Loader, Wheel / Caterpillar 988",Cost Code 8398; Manufacturer: Caterpillar 988; HP: to 580; Notes: Includes bucket.,USD/hour,national,US,United States,,,,341.25,USD,equipment_rate_hourly,public_domain,,,2025,2025-07-01,fema-equipment-rates-2025,4,https://www.fema.gov/sites/default/files/documents/fema_pa_schedule-equipment-rates_2025.pdf,US-PD-17USC105,,FEMA Public Assistance の機械の料率表(2025 年版)。機械の所有と運転の費用(償却・間接費・整備・燃料・油脂・タイヤ等)を含み、オペレーターの人件費は含まない(FEMA の頁の注)。2025-07-01 以降に宣言された災害に適用。表の # 213、PDF 4 頁
bdaa8eeb9d48f869,US,equipment,"Tractor, Wheel","Tractor, Wheel / John Deere 6605 (disc. 2005)",Cost Code 8399; Manufacturer: John Deere 6605 (disc. 2005); Specification: 100 IN.; Capacity or Size: 100 IN.; HP: to 95; Notes: Does not include mower attachment. Flail Industrial towed mower would add $4.96/Hour,USD/hour,national,US,United States,,,,70.76,USD,equipment_rate_hourly,public_domain,,,2025,2025-07-01,fema-equipment-rates-2025,5,https://www.fema.gov/sites/default/files/documents/fema_pa_schedule-equipment-rates_2025.pdf,US-PD-17USC105,,FEMA Public Assistance の機械の料率表(2025 年版)。機械の所有と運転の費用(償却・間接費・整備・燃料・油脂・タイヤ等)を含み、オペレーターの人件費は含まない(FEMA の頁の注)。2025-07-01 以降に宣言された災害に適用。表の # 214、PDF 5 頁
ddb537112b906213,US,equipment,"Tractor, Wheel","Tractor, Wheel / New Holland T6030 (disc. 2012)",Cost Code 8400; Manufacturer: New Holland T6030 (disc. 2012); HP: to 115; Notes: Tractor - agriculture all purpose,USD/hour,national,US,United States,,,,90.92,USD,equipment_rate_hourly,public_domain,,,2025,2025-07-01,fema-equipment-rates-2025,5,https://www.fema.gov/sites/default/files/documents/fema_pa_schedule-equipment-rates_2025.pdf,US-PD-17USC105,,FEMA Public Assistance の機械の料率表(2025 年版)。機械の所有と運転の費用(償却・間接費・整備・燃料・油脂・タイヤ等)を含み、オペレーターの人件費は含まない(FEMA の頁の注)。2025-07-01 以降に宣言された災害に適用。表の # 215、PDF 5 頁
933604cb1be25e9a,US,equipment,"Loader, Tractor, Wheel","Loader, Tractor, Wheel / Case 580 SUPER L (disc. 2000)",Cost Code 8401; Manufacturer: Case 580 SUPER L (disc. 2000); Specification: 0.87 CY; Capacity or Size: 0.87 CY; HP: to 80,USD/hour,national,US,United States,,,,92.56,USD,equipment_rate_hourly,public_domain,,,2025,2025-07-01,fema-equipment-rates-2025,5,https://www.fema.gov/sites/default/files/documents/fema_pa_schedule-equipment-rates_2025.pdf,US-PD-17USC105,,FEMA Public Assistance の機械の料率表(2025 年版)。機械の所有と運転の費用(償却・間接費・整備・燃料・油脂・タイヤ等)を含み、オペレーターの人件費は含まない(FEMA の頁の注)。2025-07-01 以降に宣言された災害に適用。表の # 216、PDF 5 頁
774ea31f67c62e2b,US,equipment,"Mixer, Concrete Portable","Mixer, Concrete Portable / Menegotti Concrete Mixer Wheelbarrow Concrete Mixer",Cost Code 8410; Manufacturer: Menegotti Concrete Mixer Wheelbarrow Concrete Mixer; Specification: 5.0 cu ft; Capacity or Size: 5.0 CF; HP: 0.5,USD/hour,national,US,United States,,,,1.95,USD,equipment_rate_hourly,public_domain,,,2025,2025-07-01,fema-equipment-rates-2025,5,https://www.fema.gov/sites/default/files/documents/fema_pa_schedule-equipment-rates_2025.pdf,US-PD-17USC105,,FEMA Public Assistance の機械の料率表(2025 年版)。機械の所有と運転の費用(償却・間接費・整備・燃料・油脂・タイヤ等)を含み、オペレーターの人件費は含まない(FEMA の頁の注)。2025-07-01 以降に宣言された災害に適用。表の # 217、PDF 5 頁
c58f9d12ae545407,US,equipment,"Mixer, Concrete, Trailer Mntd","Mixer, Concrete, Trailer Mntd / TK Equipment Hydraulic Mortar Mixer w/ Honda Engine",Cost Code 8411; Manufacturer: TK Equipment Hydraulic Mortar Mixer w/ Honda Engine; Specification: MODEL MM12 Batch Capacity bags 3 1/2 - 4 bags Total Capacity cu. ft. (Lt) 3.29 cu. ft (376) Mixing Capacity cu.ft. (Lt) 12 cu.ft (340); Capacity or Size: 12 CF; HP: to 5,USD/hour,national,US,United States,,,,8,USD,equipment_rate_hourly,public_domain,,,2025,2025-07-01,fema-equipment-rates-2025,5,https://www.fema.gov/sites/default/files/documents/fema_pa_schedule-equipment-rates_2025.pdf,US-PD-17USC105,,FEMA Public Assistance の機械の料率表(2025 年版)。機械の所有と運転の費用(償却・間接費・整備・燃料・油脂・タイヤ等)を含み、オペレーターの人件費は含まない(FEMA の頁の注)。2025-07-01 以降に宣言された災害に適用。表の # 218、PDF 5 頁
57bb563ca6b14365,US,equipment,"Mixer, Concrete, Trailer Mntd","Mixer, Concrete, Trailer Mntd / TK Equipment Hydraulic Mortar Mixer w/ Honda Engine",Cost Code 8412; Manufacturer: TK Equipment Hydraulic Mortar Mixer w/ Honda Engine; Specification: MODELHM 16 Batch Capacity Bags 4 - 5½ bags Capacity Cu. Ft. (lts)16 cu.ft (453); Capacity or Size: 16 CF; HP: to 13,USD/hour,national,US,United States,,,,17.49,USD,equipment_rate_hourly,public_domain,,,2025,2025-07-01,fema-equipment-rates-2025,5,https://www.fema.gov/sites/default/files/documents/fema_pa_schedule-equipment-rates_2025.pdf,US-PD-17USC105,,FEMA Public Assistance の機械の料率表(2025 年版)。機械の所有と運転の費用(償却・間接費・整備・燃料・油脂・タイヤ等)を含み、オペレーターの人件費は含まない(FEMA の頁の注)。2025-07-01 以降に宣言された災害に適用。表の # 219、PDF 5 頁
43daa3bbaaf7f065,US,equipment,"Truck, Concrete Mixer","Truck, Concrete Mixer / FREIGHTLINER 114SD with Cummins X12 455V diesel engine",Cost Code 8414; Manufacturer: FREIGHTLINER 114SD with Cummins X12 455V diesel engine; Specification: 11 CY Mixer; HP: 350 to 500,USD/hour,national,US,United States,,,,81.76,USD,equipment_rate_hourly,public_domain,,,2025,2025-07-01,fema-equipment-rates-2025,5,https://www.fema.gov/sites/default/files/documents/fema_pa_schedule-equipment-rates_2025.pdf,US-PD-17USC105,,FEMA Public Assistance の機械の料率表(2025 年版)。機械の所有と運転の費用(償却・間接費・整備・燃料・油脂・タイヤ等)を含み、オペレーターの人件費は含まない(FEMA の頁の注)。2025-07-01 以降に宣言された災害に適用。表の # 220、PDF 5 頁
4c573e91842d8842,US,equipment,"Breaker, Pavement Hand-held","Breaker, Pavement Hand-held / Miscellaneous STANDARD 25-30 LBS",Cost Code 8419; Manufacturer: Miscellaneous STANDARD 25-30 LBS; Specification: 80 - 90 Lbs; Capacity or Size: 90 Lbs; HP: N/A; Notes: Includes bucket.,USD/hour,national,US,United States,,,,1.18,USD,equipment_rate_hourly,public_domain,,,2025,2025-07-01,fema-equipment-rates-2025,5,https://www.fema.gov/sites/default/files/documents/fema_pa_schedule-equipment-rates_2025.pdf,US-PD-17USC105,,FEMA Public Assistance の機械の料率表(2025 年版)。機械の所有と運転の費用(償却・間接費・整備・燃料・油脂・タイヤ等)を含み、オペレーターの人件費は含まない(FEMA の頁の注)。2025-07-01 以降に宣言された災害に適用。表の # 221、PDF 5 頁
98bb7e6f8a8ad026,US,equipment,"Breaker, Pavement","Breaker, Pavement / Arrow Master 1350",Cost Code 8420; Manufacturer: Arrow Master 1350; HP: to 80; Notes: Includes bucket.,USD/hour,national,US,United States,,,,60.79,USD,equipment_rate_hourly,public_domain,,,2025,2025-07-01,fema-equipment-rates-2025,5,https://www.fema.gov/sites/default/files/documents/fema_pa_schedule-equipment-rates_2025.pdf,US-PD-17USC105,,FEMA Public Assistance の機械の料率表(2025 年版)。機械の所有と運転の費用(償却・間接費・整備・燃料・油脂・タイヤ等)を含み、オペレーターの人件費は含まない(FEMA の頁の注)。2025-07-01 以降に宣言された災害に適用。表の # 222、PDF 5 頁
01ce683ef19b6987,US,equipment,"Vibrator, Concrete","Vibrator, Concrete / 2-7/21","Cost Code 8421; Manufacturer: 2-7/21; Specification: 2.5 in head, 16 ft shaft; HP: to 2; Notes: Electric Powered",USD/hour,national,US,United States,,,,2.58,USD,equipment_rate_hourly,public_domain,,,2025,2025-07-01,fema-equipment-rates-2025,5,https://www.fema.gov/sites/default/files/documents/fema_pa_schedule-equipment-rates_2025.pdf,US-PD-17USC105,,FEMA Public Assistance の機械の料率表(2025 年版)。機械の所有と運転の費用(償却・間接費・整備・燃料・油脂・タイヤ等)を含み、オペレーターの人件費は含まない(FEMA の頁の注)。2025-07-01 以降に宣言された災害に適用。表の # 223、PDF 5 頁
f833ee6430276e40,US,equipment,"Spreader, Chip","Spreader, Chip / 2010 Etnyre Quad Chip Spreader",Cost Code 8423; Manufacturer: 2010 Etnyre Quad Chip Spreader; Specification: 2.8 CY; Capacity or Size: 2.8 CY; HP: to 260,USD/hour,national,US,United States,,,,105.39,USD,equipment_rate_hourly,public_domain,,,2025,2025-07-01,fema-equipment-rates-2025,5,https://www.fema.gov/sites/default/files/documents/fema_pa_schedule-equipment-rates_2025.pdf,US-PD-17USC105,,FEMA Public Assistance の機械の料率表(2025 年版)。機械の所有と運転の費用(償却・間接費・整備・燃料・油脂・タイヤ等)を含み、オペレーターの人件費は含まない(FEMA の頁の注)。2025-07-01 以降に宣言された災害に適用。表の # 224、PDF 5 頁
64006efa036439cc,US,equipment,"Spreader, Chip","Spreader, Chip / 2019 Rosco CSV",Cost Code 8424; Manufacturer: 2019 Rosco CSV; Specification: 3.5 CY; Capacity or Size: 3.8 CY; HP: to 275,USD/hour,national,US,United States,,,,150.91,USD,equipment_rate_hourly,public_domain,,,2025,2025-07-01,fema-equipment-rates-2025,5,https://www.fema.gov/sites/default/files/documents/fema_pa_schedule-equipment-rates_2025.pdf,US-PD-17USC105,,FEMA Public Assistance の機械の料率表(2025 年版)。機械の所有と運転の費用(償却・間接費・整備・燃料・油脂・タイヤ等)を含み、オペレーターの人件費は含まない(FEMA の頁の注)。2025-07-01 以降に宣言された災害に適用。表の # 225、PDF 5 頁
c9de3c830780d1d1,US,equipment,"Spreader, Chip, Mounted","Spreader, Chip, Mounted / 8-CONVEYOR - Chip Spreaders for Tail Gate Mounting",Cost Code 8425; Manufacturer: 8-CONVEYOR - Chip Spreaders for Tail Gate Mounting; Specification: 8 Ft; Capacity or Size: 8 Ft; HP: to 8; Notes: Includes bucket.,USD/hour,national,US,United States,,,,4.07,USD,equipment_rate_hourly,public_domain,,,2025,2025-07-01,fema-equipment-rates-2025,5,https://www.fema.gov/sites/default/files/documents/fema_pa_schedule-equipment-rates_2025.pdf,US-PD-17USC105,,FEMA Public Assistance の機械の料率表(2025 年版)。機械の所有と運転の費用(償却・間接費・整備・燃料・油脂・タイヤ等)を含み、オペレーターの人件費は含まない(FEMA の頁の注)。2025-07-01 以降に宣言された災害に適用。表の # 226、PDF 5 頁
39258cb80157e553,US,equipment,"Paver, Asphalt, Towed","Paver, Asphalt, Towed / Layton F-525",Cost Code 8430; Manufacturer: Layton F-525; Specification: 96-144 in screed width; HP: N/A; Notes: Includes bucket.,USD/hour,national,US,United States,,,,12.44,USD,equipment_rate_hourly,public_domain,,,2025,2025-07-01,fema-equipment-rates-2025,5,https://www.fema.gov/sites/default/files/documents/fema_pa_schedule-equipment-rates_2025.pdf,US-PD-17USC105,,FEMA Public Assistance の機械の料率表(2025 年版)。機械の所有と運転の費用(償却・間接費・整備・燃料・油脂・タイヤ等)を含み、オペレーターの人件費は含まない(FEMA の頁の注)。2025-07-01 以降に宣言された災害に適用。表の # 227、PDF 5 頁
8f963b5cda1499b7,US,equipment,"Paver, Asphalt","Paver, Asphalt / Caterpillar AP 455 Track","Cost Code 8431; Manufacturer: Caterpillar AP 455 Track; Specification: Paving Range with SE47 FM 2.4 m - 5.9 m (8' - 19' 6"") Operating weight with SE47 FM 31533 lb Maximum Throughput Capacity 853 ton(US)/h; HP: 120",USD/hour,national,US,United States,,,,262.71,USD,equipment_rate_hourly,public_domain,,,2025,2025-07-01,fema-equipment-rates-2025,5,https://www.fema.gov/sites/default/files/documents/fema_pa_schedule-equipment-rates_2025.pdf,US-PD-17USC105,,FEMA Public Assistance の機械の料率表(2025 年版)。機械の所有と運転の費用(償却・間接費・整備・燃料・油脂・タイヤ等)を含み、オペレーターの人件費は含まない(FEMA の頁の注)。2025-07-01 以降に宣言された災害に適用。表の # 228、PDF 5 頁
beb1438ce1612d9f,US,equipment,"Paver, Asphalt","Paver, Asphalt / Caterpillar AP 555 Track",Cost Code 8432; Manufacturer: Caterpillar AP 555 Track; Specification: Paving Range with SE47 FM 2.4 m - 6.1 m (8' - 20') Operating weight with SE47 FM 33689 lb Maximum Throughput Capacity 1100 ton(US)/h; HP: 148,USD/hour,national,US,United States,,,,271.01,USD,equipment_rate_hourly,public_domain,,,2025,2025-07-01,fema-equipment-rates-2025,5,https://www.fema.gov/sites/default/files/documents/fema_pa_schedule-equipment-rates_2025.pdf,US-PD-17USC105,,FEMA Public Assistance の機械の料率表(2025 年版)。機械の所有と運転の費用(償却・間接費・整備・燃料・油脂・タイヤ等)を含み、オペレーターの人件費は含まない(FEMA の頁の注)。2025-07-01 以降に宣言された災害に適用。表の # 229、PDF 5 頁
3d329deaa5ddc644,US,equipment,"Paver, Asphalt","Paver, Asphalt / Caterpillar AP 655 Track","Cost Code 8433; Manufacturer: Caterpillar AP 655 Track; Specification: Paving Range with SE47 FM 2.44 - 6.25 m (8' - 20' 6"") Operating weight with SE47 FM 40560 lb Maximum Throughput Capacity 1433 ton(US)/h; HP: 173",USD/hour,national,US,United States,,,,308.47,USD,equipment_rate_hourly,public_domain,,,2025,2025-07-01,fema-equipment-rates-2025,5,https://www.fema.gov/sites/default/files/documents/fema_pa_schedule-equipment-rates_2025.pdf,US-PD-17USC105,,FEMA Public Assistance の機械の料率表(2025 年版)。機械の所有と運転の費用(償却・間接費・整備・燃料・油脂・タイヤ等)を含み、オペレーターの人件費は含まない(FEMA の頁の注)。2025-07-01 以降に宣言された災害に適用。表の # 230、PDF 5 頁
7ede08a48bf1a4b3,US,equipment,"Paver, Asphalt","Paver, Asphalt / Caterpillar AP 500 Wheel","Cost Code 8434; Manufacturer: Caterpillar AP 500 Wheel; Specification: Paving Range with SE47 FM 2.4 m - 5.9 m (8' - 19' 6"") Operating weight with SE47 FM 32012 lb Maximum Throughput Capacity 1100 ton(US)/h; HP: 148",USD/hour,national,US,United States,,,,274.31,USD,equipment_rate_hourly,public_domain,,,2025,2025-07-01,fema-equipment-rates-2025,5,https://www.fema.gov/sites/default/files/documents/fema_pa_schedule-equipment-rates_2025.pdf,US-PD-17USC105,,FEMA Public Assistance の機械の料率表(2025 年版)。機械の所有と運転の費用(償却・間接費・整備・燃料・油脂・タイヤ等)を含み、オペレーターの人件費は含まない(FEMA の頁の注)。2025-07-01 以降に宣言された災害に適用。表の # 231、PDF 5 頁
262aad5eb757caee,US,equipment,"Paver, Asphalt","Paver, Asphalt / Caterpillar AP 1000 Wheel","Cost Code 8435; Manufacturer: Caterpillar AP 1000 Wheel; Specification: Paving Range with SE60 FM 3 m - 7.8 m (10' - 25' 6"") Operating weight with SE60 FM 42620 lb Maximum Throughput Capacity 1766 ton(US)/h; HP: 225",USD/hour,national,US,United States,,,,295.49,USD,equipment_rate_hourly,public_domain,,,2025,2025-07-01,fema-equipment-rates-2025,5,https://www.fema.gov/sites/default/files/documents/fema_pa_schedule-equipment-rates_2025.pdf,US-PD-17USC105,,FEMA Public Assistance の機械の料率表(2025 年版)。機械の所有と運転の費用(償却・間接費・整備・燃料・油脂・タイヤ等)を含み、オペレーターの人件費は含まない(FEMA の頁の注)。2025-07-01 以降に宣言された災害に適用。表の # 232、PDF 5 頁
08e5043291916aa6,US,equipment,"Pickup, Asphalt","Pickup, Asphalt / Cadarapids CR-MS-4 (disc. 2020)",Cost Code 8436; Manufacturer: Cadarapids CR-MS-4 (disc. 2020); HP: to 120; Notes: Includes bucket.,USD/hour,national,US,United States,,,,135.8,USD,equipment_rate_hourly,public_domain,,,2025,2025-07-01,fema-equipment-rates-2025,5,https://www.fema.gov/sites/default/files/documents/fema_pa_schedule-equipment-rates_2025.pdf,US-PD-17USC105,,FEMA Public Assistance の機械の料率表(2025 年版)。機械の所有と運転の費用(償却・間接費・整備・燃料・油脂・タイヤ等)を含み、オペレーターの人件費は含まない(FEMA の頁の注)。2025-07-01 以降に宣言された災害に適用。表の # 233、PDF 5 頁
59508a0adf3e7296,US,equipment,"Pickup, Asphalt","Pickup, Asphalt / Cedarapids CR MS-2",Cost Code 8437; Manufacturer: Cedarapids CR MS-2; HP: to 120; Notes: Includes bucket.,USD/hour,national,US,United States,,,,193.47,USD,equipment_rate_hourly,public_domain,,,2025,2025-07-01,fema-equipment-rates-2025,5,https://www.fema.gov/sites/default/files/documents/fema_pa_schedule-equipment-rates_2025.pdf,US-PD-17USC105,,FEMA Public Assistance の機械の料率表(2025 年版)。機械の所有と運転の費用(償却・間接費・整備・燃料・油脂・タイヤ等)を含み、オペレーターの人件費は含まない(FEMA の頁の注)。2025-07-01 以降に宣言された災害に適用。表の # 234、PDF 5 頁
b590e8a719e04e18,US,equipment,"Pickup, Asphalt","Pickup, Asphalt / Blaw Knox MC330 (disc. 2007)",Cost Code 8438; Manufacturer: Blaw Knox MC330 (disc. 2007); HP: 184 to 200; Notes: Includes bucket.,USD/hour,national,US,United States,,,,303.18,USD,equipment_rate_hourly,public_domain,,,2025,2025-07-01,fema-equipment-rates-2025,5,https://www.fema.gov/sites/default/files/documents/fema_pa_schedule-equipment-rates_2025.pdf,US-PD-17USC105,,FEMA Public Assistance の機械の料率表(2025 年版)。機械の所有と運転の費用(償却・間接費・整備・燃料・油脂・タイヤ等)を含み、オペレーターの人件費は含まない(FEMA の頁の注)。2025-07-01 以降に宣言された災害に適用。表の # 235、PDF 5 頁
cb30a327d868bd55,US,equipment,"Pickup, Asphalt","Pickup, Asphalt / Roadtec MTV-1000C",Cost Code 8439; Manufacturer: Roadtec MTV-1000C; Capacity or Size: MTV 1000C; HP: to 275; Notes: Includes bucket.,USD/hour,national,US,United States,,,,472.05,USD,equipment_rate_hourly,public_domain,,,2025,2025-07-01,fema-equipment-rates-2025,5,https://www.fema.gov/sites/default/files/documents/fema_pa_schedule-equipment-rates_2025.pdf,US-PD-17USC105,,FEMA Public Assistance の機械の料率表(2025 年版)。機械の所有と運転の費用(償却・間接費・整備・燃料・油脂・タイヤ等)を含み、オペレーターの人件費は含まない(FEMA の頁の注)。2025-07-01 以降に宣言された災害に適用。表の # 236、PDF 5 頁
54564aa3e30fc274,US,equipment,"Striper, Self Propelled","Striper, Self Propelled / Graco LineLazer 3400 Airless Line Striper",Cost Code 8440; Manufacturer: Graco LineLazer 3400 Airless Line Striper; Specification: Single Bucket; Capacity or Size: 15 Gallon Bucket; HP: to 5; Notes: Includes bucket.,USD/hour,national,US,United States,,,,14.75,USD,equipment_rate_hourly,public_domain,,,2025,2025-07-01,fema-equipment-rates-2025,5,https://www.fema.gov/sites/default/files/documents/fema_pa_schedule-equipment-rates_2025.pdf,US-PD-17USC105,,FEMA Public Assistance の機械の料率表(2025 年版)。機械の所有と運転の費用(償却・間接費・整備・燃料・油脂・タイヤ等)を含み、オペレーターの人件費は含まない(FEMA の頁の注)。2025-07-01 以降に宣言された災害に適用。表の # 237、PDF 5 頁
62a3fa64f10381fa,US,equipment,"Striper, Self Propelled","Striper, Self Propelled / Graco LineLazer V 200DC Standard Line Striper, Dua","Cost Code 8441; Manufacturer: Graco LineLazer V 200DC Standard Line Striper, Dua; Specification: Dual Bucket; Capacity or Size: 2x10 Gallon Buckets; HP: to 6.5; Notes: Includes bucket.",USD/hour,national,US,United States,,,,23.62,USD,equipment_rate_hourly,public_domain,,,2025,2025-07-01,fema-equipment-rates-2025,5,https://www.fema.gov/sites/default/files/documents/fema_pa_schedule-equipment-rates_2025.pdf,US-PD-17USC105,,FEMA Public Assistance の機械の料率表(2025 年版)。機械の所有と運転の費用(償却・間接費・整備・燃料・油脂・タイヤ等)を含み、オペレーターの人件費は含まない(FEMA の頁の注)。2025-07-01 以降に宣言された災害に適用。表の # 238、PDF 5 頁
f37ada4c72fef2aa,US,equipment,"Striper, Self Propelled","Striper, Self Propelled / Graco LineLazer V 250DC",Cost Code 8442; Manufacturer: Graco LineLazer V 250DC; Specification: Dual Bucket; Capacity or Size: 2x25 Gallon Buckets; HP: to 13; Notes: Includes bucket.,USD/hour,national,US,United States,,,,45.28,USD,equipment_rate_hourly,public_domain,,,2025,2025-07-01,fema-equipment-rates-2025,5,https://www.fema.gov/sites/default/files/documents/fema_pa_schedule-equipment-rates_2025.pdf,US-PD-17USC105,,FEMA Public Assistance の機械の料率表(2025 年版)。機械の所有と運転の費用(償却・間接費・整備・燃料・油脂・タイヤ等)を含み、オペレーターの人件費は含まない(FEMA の頁の注)。2025-07-01 以降に宣言された災害に適用。表の # 239、PDF 5 頁
95b99dd1eed6b2cf,US,equipment,"Striper, Truck Mounted","Striper, Truck Mounted / Graco RoadLazer RoadPak HD System, Option HD3: 2-Pump, 1350 lb Bead Tank","Cost Code 8445; Manufacturer: Graco RoadLazer RoadPak HD System, Option HD3: 2-Pump, 1350 lb Bead Tank; Specification: 1,350-pound bead tank; Capacity or Size: 1,350-pound bead tank; HP: to 19; Notes: Includes bucket.",USD/hour,national,US,United States,,,,43.79,USD,equipment_rate_hourly,public_domain,,,2025,2025-07-01,fema-equipment-rates-2025,5,https://www.fema.gov/sites/default/files/documents/fema_pa_schedule-equipment-rates_2025.pdf,US-PD-17USC105,,FEMA Public Assistance の機械の料率表(2025 年版)。機械の所有と運転の費用(償却・間接費・整備・燃料・油脂・タイヤ等)を含み、オペレーターの人件費は含まない(FEMA の頁の注)。2025-07-01 以降に宣言された災害に適用。表の # 240、PDF 5 頁
83c316a7b8b18fba,US,equipment,Paver Accessory - Belt Extension,Paver Accessory - Belt Extension / Miscellaneous 30 X 60',"Cost Code 8447; Manufacturer: Miscellaneous 30 X 60'; Specification: 30"" x 60'; Capacity or Size: 30"" x 60'; HP: N/A; Notes: Includes bucket.",USD/hour,national,US,United States,,,,28.48,USD,equipment_rate_hourly,public_domain,,,2025,2025-07-01,fema-equipment-rates-2025,5,https://www.fema.gov/sites/default/files/documents/fema_pa_schedule-equipment-rates_2025.pdf,US-PD-17USC105,,FEMA Public Assistance の機械の料率表(2025 年版)。機械の所有と運転の費用(償却・間接費・整備・燃料・油脂・タイヤ等)を含み、オペレーターの人件費は含まない(FEMA の頁の注)。2025-07-01 以降に宣言された災害に適用。表の # 241、PDF 5 頁
1c2f6e73937ed6d0,US,equipment,"Plow, Snow, Mounted Grader","Plow, Snow, Mounted Grader / VP-10 - Grader Snow Removal Equipment",Cost Code 8450; Manufacturer: VP-10 - Grader Snow Removal Equipment; Specification: 126 in (10.5-FT); Capacity or Size: to 10 Ft; HP: N/A; Notes: 8331 Grader not included,USD/hour,national,US,United States,,,,19.69,USD,equipment_rate_hourly,public_domain,,,2025,2025-07-01,fema-equipment-rates-2025,5,https://www.fema.gov/sites/default/files/documents/fema_pa_schedule-equipment-rates_2025.pdf,US-PD-17USC105,,FEMA Public Assistance の機械の料率表(2025 年版)。機械の所有と運転の費用(償却・間接費・整備・燃料・油脂・タイヤ等)を含み、オペレーターの人件費は含まない(FEMA の頁の注)。2025-07-01 以降に宣言された災害に適用。表の # 242、PDF 5 頁
9f59b6f1b68b07a5,US,equipment,"Plow, Snow, Mounted Grader","Plow, Snow, Mounted Grader / SW-14 - Grader Snow Removal Equipment",Cost Code 8451; Manufacturer: SW-14 - Grader Snow Removal Equipment; Specification: 168 in (14-FT); Capacity or Size: to 14 Ft; HP: N/A; Notes: 8332 Grader not included,USD/hour,national,US,United States,,,,23.66,USD,equipment_rate_hourly,public_domain,,,2025,2025-07-01,fema-equipment-rates-2025,5,https://www.fema.gov/sites/default/files/documents/fema_pa_schedule-equipment-rates_2025.pdf,US-PD-17USC105,,FEMA Public Assistance の機械の料率表(2025 年版)。機械の所有と運転の費用(償却・間接費・整備・燃料・油脂・タイヤ等)を含み、オペレーターの人件費は含まない(FEMA の頁の注)。2025-07-01 以降に宣言された災害に適用。表の # 243、PDF 5 頁
367e214c2261acf7,US,equipment,"Plow, Truck Mounted","Plow, Truck Mounted / One Way Plow",Cost Code 8452; Manufacturer: One Way Plow; Specification: 13 Ft; Capacity or Size: to 15 Ft; HP: N/A; Notes: 8722 truck not included,USD/hour,national,US,United States,,,,13.8,USD,equipment_rate_hourly,public_domain,,,2025,2025-07-01,fema-equipment-rates-2025,5,https://www.fema.gov/sites/default/files/documents/fema_pa_schedule-equipment-rates_2025.pdf,US-PD-17USC105,,FEMA Public Assistance の機械の料率表(2025 年版)。機械の所有と運転の費用(償却・間接費・整備・燃料・油脂・タイヤ等)を含み、オペレーターの人件費は含まない(FEMA の頁の注)。2025-07-01 以降に宣言された災害に適用。表の # 244、PDF 5 頁
db09d576f525778a,US,equipment,"Plow, Truck Mounted","Plow, Truck Mounted / V-Plow R11 Leveling Wing",Cost Code 8453; Manufacturer: V-Plow R11 Leveling Wing; Specification: 11 Ft; Capacity or Size: to 15 Ft; HP: N/A; Notes: With leveling wing. Include 8722 truck for total cost,USD/hour,national,US,United States,,,,29.92,USD,equipment_rate_hourly,public_domain,,,2025,2025-07-01,fema-equipment-rates-2025,5,https://www.fema.gov/sites/default/files/documents/fema_pa_schedule-equipment-rates_2025.pdf,US-PD-17USC105,,FEMA Public Assistance の機械の料率表(2025 年版)。機械の所有と運転の費用(償却・間接費・整備・燃料・油脂・タイヤ等)を含み、オペレーターの人件費は含まない(FEMA の頁の注)。2025-07-01 以降に宣言された災害に適用。表の # 245、PDF 5 頁
750e2149657d33c7,US,equipment,"Spreader, Sand","Spreader, Sand / TAILGATE","Cost Code 8455; Manufacturer: TAILGATE; Specification: Tailgate, Chassis mounted; Capacity or Size: Tailgate, Chassis; HP: PTO; Notes: Truck not included",USD/hour,national,US,United States,,,,5.6,USD,equipment_rate_hourly,public_domain,,,2025,2025-07-01,fema-equipment-rates-2025,5,https://www.fema.gov/sites/default/files/documents/fema_pa_schedule-equipment-rates_2025.pdf,US-PD-17USC105,,FEMA Public Assistance の機械の料率表(2025 年版)。機械の所有と運転の費用(償却・間接費・整備・燃料・油脂・タイヤ等)を含み、オペレーターの人件費は含まない(FEMA の頁の注)。2025-07-01 以降に宣言された災害に適用。表の # 246、PDF 5 頁
1e7d2cc2edd5a9b9,US,equipment,"Spreader, Sand","Spreader, Sand / DUMP BODY",Cost Code 8456; Manufacturer: DUMP BODY; Specification: Dump Body mounted; Capacity or Size: Dump Body; HP: PTO; Notes: Truck not included,USD/hour,national,US,United States,,,,7.73,USD,equipment_rate_hourly,public_domain,,,2025,2025-07-01,fema-equipment-rates-2025,5,https://www.fema.gov/sites/default/files/documents/fema_pa_schedule-equipment-rates_2025.pdf,US-PD-17USC105,,FEMA Public Assistance の機械の料率表(2025 年版)。機械の所有と運転の費用(償却・間接費・整備・燃料・油脂・タイヤ等)を含み、オペレーターの人件費は含まない(FEMA の頁の注)。2025-07-01 以降に宣言された災害に適用。表の # 247、PDF 5 頁
c374e891a1aac831,US,equipment,"Spreader, Sand","Spreader, Sand / TRUCK MNT","Cost Code 8457; Manufacturer: TRUCK MNT; Specification: Truck Mounted, (10yd); Capacity or Size: Truck (10yd); HP: N/A; Notes: Truck not included",USD/hour,national,US,United States,,,,10.47,USD,equipment_rate_hourly,public_domain,,,2025,2025-07-01,fema-equipment-rates-2025,5,https://www.fema.gov/sites/default/files/documents/fema_pa_schedule-equipment-rates_2025.pdf,US-PD-17USC105,,FEMA Public Assistance の機械の料率表(2025 年版)。機械の所有と運転の費用(償却・間接費・整備・燃料・油脂・タイヤ等)を含み、オペレーターの人件費は含まない(FEMA の頁の注)。2025-07-01 以降に宣言された災害に適用。表の # 248、PDF 5 頁
a66ab51be9edd995,US,equipment,"Spreader, Chemical","Spreader, Chemical / Miscellaneous 5 Spreader",Cost Code 8458; Manufacturer: Miscellaneous 5 Spreader; Specification: 5.0 cu yd; Capacity or Size: 5 CY; HP: to 4; Notes: Trailer & truck mounted.,USD/hour,national,US,United States,,,,6.47,USD,equipment_rate_hourly,public_domain,,,2025,2025-07-01,fema-equipment-rates-2025,5,https://www.fema.gov/sites/default/files/documents/fema_pa_schedule-equipment-rates_2025.pdf,US-PD-17USC105,,FEMA Public Assistance の機械の料率表(2025 年版)。機械の所有と運転の費用(償却・間接費・整備・燃料・油脂・タイヤ等)を含み、オペレーターの人件費は含まない(FEMA の頁の注)。2025-07-01 以降に宣言された災害に適用。表の # 249、PDF 5 頁
5a4126edf9a31859,US,equipment,"Pump, Trash Pump","Pump, Trash Pump / 6"" Diesel Trash Pump Trailer Mount","Cost Code 8465; Manufacturer: 6"" Diesel Trash Pump Trailer Mount; Specification: 6 In Pump; Capacity or Size: 6 In Pump; HP: to 23; Notes: High flow trash pump delivers up to 59,400GPH",USD/hour,national,US,United States,,,,56.67,USD,equipment_rate_hourly,public_domain,,,2025,2025-07-01,fema-equipment-rates-2025,5,https://www.fema.gov/sites/default/files/documents/fema_pa_schedule-equipment-rates_2025.pdf,US-PD-17USC105,,FEMA Public Assistance の機械の料率表(2025 年版)。機械の所有と運転の費用(償却・間接費・整備・燃料・油脂・タイヤ等)を含み、オペレーターの人件費は含まない(FEMA の頁の注)。2025-07-01 以降に宣言された災害に適用。表の # 250、PDF 5 頁
995bf68aed72a0e1,US,equipment,"Pump, Trash Pump","Pump, Trash Pump / 4"" Diesel powered Trash Pump","Cost Code 8466; Manufacturer: 4"" Diesel powered Trash Pump; Specification: 4 In Pump; Capacity or Size: 4 In Pump; HP: to15; Notes: High flow trash pump delivers up to 37,200GPH",USD/hour,national,US,United States,,,,27.38,USD,equipment_rate_hourly,public_domain,,,2025,2025-07-01,fema-equipment-rates-2025,6,https://www.fema.gov/sites/default/files/documents/fema_pa_schedule-equipment-rates_2025.pdf,US-PD-17USC105,,FEMA Public Assistance の機械の料率表(2025 年版)。機械の所有と運転の費用(償却・間接費・整備・燃料・油脂・タイヤ等)を含み、オペレーターの人件費は含まない(FEMA の頁の注)。2025-07-01 以降に宣言された災害に適用。表の # 251、PDF 6 頁
e23577076c690fac,US,equipment,"Pump, Trash Pump","Pump, Trash Pump / 3"" Diesel powered Trash Pump","Cost Code 8467; Manufacturer: 3"" Diesel powered Trash Pump; Specification: 3 In Pump; Capacity or Size: 3 In Pump; HP: to 5; Notes: High flow trash pump delivers up to 18,000GPH",USD/hour,national,US,United States,,,,13.06,USD,equipment_rate_hourly,public_domain,,,2025,2025-07-01,fema-equipment-rates-2025,6,https://www.fema.gov/sites/default/files/documents/fema_pa_schedule-equipment-rates_2025.pdf,US-PD-17USC105,,FEMA Public Assistance の機械の料率表(2025 年版)。機械の所有と運転の費用(償却・間接費・整備・燃料・油脂・タイヤ等)を含み、オペレーターの人件費は含まない(FEMA の頁の注)。2025-07-01 以降に宣言された災害に適用。表の # 252、PDF 6 頁
b9289f2a8e8e8ce4,US,equipment,"Pump, Trash Pump","Pump, Trash Pump / 2"" Diesel powered Trash Pump","Cost Code 8468; Manufacturer: 2"" Diesel powered Trash Pump; Specification: 2 In Pump; Capacity or Size: 2 In Pump; HP: to 5; Notes: High flow trash pump delivers up to 12,000GPH",USD/hour,national,US,United States,,,,9.31,USD,equipment_rate_hourly,public_domain,,,2025,2025-07-01,fema-equipment-rates-2025,6,https://www.fema.gov/sites/default/files/documents/fema_pa_schedule-equipment-rates_2025.pdf,US-PD-17USC105,,FEMA Public Assistance の機械の料率表(2025 年版)。機械の所有と運転の費用(償却・間接費・整備・燃料・油脂・タイヤ等)を含み、オペレーターの人件費は含まない(FEMA の頁の注)。2025-07-01 以降に宣言された災害に適用。表の # 253、PDF 6 頁
ffc530dfcda459c2,US,equipment,Pump - Stormwater Custom,Pump - Stormwater Custom / Catepillar/Lufkin/Fairbanks-Morse,Cost Code 8469; Manufacturer: Catepillar/Lufkin/Fairbanks-Morse; Specification: 1740 CFS; HP: 5400,USD/Hour,national,US,United States,,,,1743.1,USD,equipment_rate_hourly,public_domain,,,2025,2025-07-01,fema-equipment-rates-2025,6,https://www.fema.gov/sites/default/files/documents/fema_pa_schedule-equipment-rates_2025.pdf,US-PD-17USC105,,FEMA Public Assistance の機械の料率表(2025 年版)。機械の所有と運転の費用(償却・間接費・整備・燃料・油脂・タイヤ等)を含み、オペレーターの人件費は含まない(FEMA の頁の注)。2025-07-01 以降に宣言された災害に適用。表の # 254、PDF 6 頁
c29b9d41c4f355e9,US,equipment,"Pump, Lightweight Centrifugal","Pump, Lightweight Centrifugal / 6M Alum./PORT.","Cost Code 8470; Manufacturer: 6M Alum./PORT.; Specification: 1.5 In pump; Capacity or Size: 2 In pump - 10,000 gal/hr.; HP: to 4.5; Notes: 6,500 gph, Hoses not included.",USD/hour,national,US,United States,,,,3.1,USD,equipment_rate_hourly,public_domain,,,2025,2025-07-01,fema-equipment-rates-2025,6,https://www.fema.gov/sites/default/files/documents/fema_pa_schedule-equipment-rates_2025.pdf,US-PD-17USC105,,FEMA Public Assistance の機械の料率表(2025 年版)。機械の所有と運転の費用(償却・間接費・整備・燃料・油脂・タイヤ等)を含み、オペレーターの人件費は含まない(FEMA の頁の注)。2025-07-01 以降に宣言された災害に適用。表の # 255、PDF 6 頁
b5bbfd17ea54baa5,US,equipment,"Pump, Lightweight Centrifugal","Pump, Lightweight Centrifugal / 8M Alum./PORT.","Cost Code 8471; Manufacturer: 8M Alum./PORT.; Specification: 2 In Pump; Capacity or Size: 2 In Pump - 3,000 gal/hr.; HP: to 6; Notes: 3,000 gph, Hoses not included.",USD/hour,national,US,United States,,,,3.09,USD,equipment_rate_hourly,public_domain,,,2025,2025-07-01,fema-equipment-rates-2025,6,https://www.fema.gov/sites/default/files/documents/fema_pa_schedule-equipment-rates_2025.pdf,US-PD-17USC105,,FEMA Public Assistance の機械の料率表(2025 年版)。機械の所有と運転の費用(償却・間接費・整備・燃料・油脂・タイヤ等)を含み、オペレーターの人件費は含まない(FEMA の頁の注)。2025-07-01 以降に宣言された災害に適用。表の # 256、PDF 6 頁
f7f6f378e9f86078,US,equipment,"Pump, Lightweight Centrifugal","Pump, Lightweight Centrifugal / 18M ALUM./PORT.","Cost Code 8472; Manufacturer: 18M ALUM./PORT.; Specification: 3 In Pump; Capacity or Size: 3 In Pump - 18,000 gal/hr.; HP: to 10; Notes: 18,000 gph, Hoses not included.",USD/hour,national,US,United States,,,,2.43,USD,equipment_rate_hourly,public_domain,,,2025,2025-07-01,fema-equipment-rates-2025,6,https://www.fema.gov/sites/default/files/documents/fema_pa_schedule-equipment-rates_2025.pdf,US-PD-17USC105,,FEMA Public Assistance の機械の料率表(2025 年版)。機械の所有と運転の費用(償却・間接費・整備・燃料・油脂・タイヤ等)を含み、オペレーターの人件費は含まない(FEMA の頁の注)。2025-07-01 以降に宣言された災害に適用。表の # 257、PDF 6 頁
ec68f91128010536,US,equipment,"Pump, Heavy Duty Centrifugal","Pump, Heavy Duty Centrifugal / 20M GASOLINE ELECTRIC START",Cost Code 8473; Manufacturer: 20M GASOLINE ELECTRIC START; Specification: 3 In Pump; HP: 15,USD/hour,national,US,United States,,,,9.18,USD,equipment_rate_hourly,public_domain,,,2025,2025-07-01,fema-equipment-rates-2025,6,https://www.fema.gov/sites/default/files/documents/fema_pa_schedule-equipment-rates_2025.pdf,US-PD-17USC105,,FEMA Public Assistance の機械の料率表(2025 年版)。機械の所有と運転の費用(償却・間接費・整備・燃料・油脂・タイヤ等)を含み、オペレーターの人件費は含まない(FEMA の頁の注)。2025-07-01 以降に宣言された災害に適用。表の # 258、PDF 6 頁
fe83d2812ea700c1,US,equipment,"Pump, Electric Submersible","Pump, Electric Submersible / Miscellaneous 4 Three Phase 25 HP",Cost Code 8474; Manufacturer: Miscellaneous 4 Three Phase 25 HP; Specification: 4 In Pump; Capacity or Size: 4 In Pump; HP: to 25; Notes: Hoses not included.,USD/hour,national,US,United States,,,,8.2,USD,equipment_rate_hourly,public_domain,,,2025,2025-07-01,fema-equipment-rates-2025,6,https://www.fema.gov/sites/default/files/documents/fema_pa_schedule-equipment-rates_2025.pdf,US-PD-17USC105,,FEMA Public Assistance の機械の料率表(2025 年版)。機械の所有と運転の費用(償却・間接費・整備・燃料・油脂・タイヤ等)を含み、オペレーターの人件費は含まない(FEMA の頁の注)。2025-07-01 以降に宣言された災害に適用。表の # 259、PDF 6 頁
2aa9966166d899c3,US,equipment,"Pump, Electric Submersible","Pump, Electric Submersible / Miscellaneous 6 Three Phase 35 HP",Cost Code 8475; Manufacturer: Miscellaneous 6 Three Phase 35 HP; Specification: 6 In Pump,USD/hour,national,US,United States,,,,18.43,USD,equipment_rate_hourly,public_domain,,,2025,2025-07-01,fema-equipment-rates-2025,6,https://www.fema.gov/sites/default/files/documents/fema_pa_schedule-equipment-rates_2025.pdf,US-PD-17USC105,,FEMA Public Assistance の機械の料率表(2025 年版)。機械の所有と運転の費用(償却・間接費・整備・燃料・油脂・タイヤ等)を含み、オペレーターの人件費は含まない(FEMA の頁の注)。2025-07-01 以降に宣言された災害に適用。表の # 260、PDF 6 頁
cb8b08fa7160b094,US,equipment,"Pump, Centrifugal","Pump, Centrifugal / 40M GASOLINE ELECTRIC START","Cost Code 8476; Manufacturer: 40M GASOLINE ELECTRIC START; Specification: 4 In Pump; Capacity or Size: 4 In Pump; HP: to 60; Notes: 40,000 gph, Hoses not included.",USD/hour,national,US,United States,,,,25.62,USD,equipment_rate_hourly,public_domain,,,2025,2025-07-01,fema-equipment-rates-2025,6,https://www.fema.gov/sites/default/files/documents/fema_pa_schedule-equipment-rates_2025.pdf,US-PD-17USC105,,FEMA Public Assistance の機械の料率表(2025 年版)。機械の所有と運転の費用(償却・間接費・整備・燃料・油脂・タイヤ等)を含み、オペレーターの人件費は含まない(FEMA の頁の注)。2025-07-01 以降に宣言された災害に適用。表の # 261、PDF 6 頁
d8a6aa1ae030f84d,US,equipment,"Pump, Centrifugal","Pump, Centrifugal / 90M GASOLINE ELECTRIC START Pump","Cost Code 8477; Manufacturer: 90M GASOLINE ELECTRIC START Pump; Specification: 6 In Pump; Capacity or Size: 6 In Pump; HP: to 95; Notes: 90,000 gph, Hoses not included.",USD/hour,national,US,United States,,,,33.54,USD,equipment_rate_hourly,public_domain,,,2025,2025-07-01,fema-equipment-rates-2025,6,https://www.fema.gov/sites/default/files/documents/fema_pa_schedule-equipment-rates_2025.pdf,US-PD-17USC105,,FEMA Public Assistance の機械の料率表(2025 年版)。機械の所有と運転の費用(償却・間接費・整備・燃料・油脂・タイヤ等)を含み、オペレーターの人件費は含まない(FEMA の頁の注)。2025-07-01 以降に宣言された災害に適用。表の # 262、PDF 6 頁
b37589d5a90119e3,US,equipment,"Pump, Centrifugal","Pump, Centrifugal / 350M DIESEL ELECTRIC START Pump","Cost Code 8478; Manufacturer: 350M DIESEL ELECTRIC START Pump; Specification: 12 In Pump; Capacity or Size: 12 In Pump; HP: to 140; Notes: 350,000 gph, Hoses not included.",USD/hour,national,US,United States,,,,34.82,USD,equipment_rate_hourly,public_domain,,,2025,2025-07-01,fema-equipment-rates-2025,6,https://www.fema.gov/sites/default/files/documents/fema_pa_schedule-equipment-rates_2025.pdf,US-PD-17USC105,,FEMA Public Assistance の機械の料率表(2025 年版)。機械の所有と運転の費用(償却・間接費・整備・燃料・油脂・タイヤ等)を含み、オペレーターの人件費は含まない(FEMA の頁の注)。2025-07-01 以降に宣言された災害に適用。表の # 263、PDF 6 頁
f458a28e8b126525,US,equipment,"Aerial Lift, Truck Mounted","Aerial Lift, Truck Mounted / 2024 ALTEC AA55 MOUNTED ON 2024 FREIGHTLINER BUSINESS CLASS M2 106",Cost Code 8486; Manufacturer: 2024 ALTEC AA55 MOUNTED ON 2024 FREIGHTLINER BUSINESS CLASS M2 106; Specification: Ground to Bottom of Platform*: 55.1 ft (16.8 m) Maximum Side Reach:43.1 ft (13.1 m) Boom Articulation (Lower Boom): 0 to 120° Rotation: Continuous; Capacity or Size: 55 FT; Notes: Including Truck,USD/hour,national,US,United States,,,,62.86,USD,equipment_rate_hourly,public_domain,,,2025,2025-07-01,fema-equipment-rates-2025,6,https://www.fema.gov/sites/default/files/documents/fema_pa_schedule-equipment-rates_2025.pdf,US-PD-17USC105,,FEMA Public Assistance の機械の料率表(2025 年版)。機械の所有と運転の費用(償却・間接費・整備・燃料・油脂・タイヤ等)を含み、オペレーターの人件費は含まない(FEMA の頁の注)。2025-07-01 以降に宣言された災害に適用。表の # 264、PDF 6 頁
1c518109d4412155,US,equipment,"Aerial Lift, Truck Mounted","Aerial Lift, Truck Mounted / 2024 ALTEC AH85B MOUNTED ON 2024 FREIGHTLINER BUSINESS CLASS M2 106",Cost Code 8487; Manufacturer: 2024 ALTEC AH85B MOUNTED ON 2024 FREIGHTLINER BUSINESS CLASS M2 106; Specification: Ground to Bottom of Platform*: 80 ft (24.4 m) Maximum Side Reach:48 ft (14.6 m) Boom Articulation (Lower Boom): 0 to 95° Rotation: Continuous; Capacity or Size: 80 FT; Notes: Including Truck,USD/hour,national,US,United States,,,,65.87,USD,equipment_rate_hourly,public_domain,,,2025,2025-07-01,fema-equipment-rates-2025,6,https://www.fema.gov/sites/default/files/documents/fema_pa_schedule-equipment-rates_2025.pdf,US-PD-17USC105,,FEMA Public Assistance の機械の料率表(2025 年版)。機械の所有と運転の費用(償却・間接費・整備・燃料・油脂・タイヤ等)を含み、オペレーターの人件費は含まない(FEMA の頁の注)。2025-07-01 以降に宣言された災害に適用。表の # 265、PDF 6 頁
58a625fa467838e1,US,equipment,"Aerial Lift, Truck Mounted","Aerial Lift, Truck Mounted / 2018 ALTEC AN67-E100 MOUNTED ON 2018 INTERNATIONAL WORKSTAR 7400",Cost Code 8488; Manufacturer: 2018 ALTEC AN67-E100 MOUNTED ON 2018 INTERNATIONAL WORKSTAR 7400; Specification: Ground to Bottom of Platform* 100 ft (30.5 m) Maximum Side Reach:52.7 ft (16.1 m) Boom Articulation (Lower Boom): 0 to 120° Rotation: Continuous; Capacity or Size: 100 FT; Notes: Including Truck,USD/hour,national,US,United States,,,,68.03,USD,equipment_rate_hourly,public_domain,,,2025,2025-07-01,fema-equipment-rates-2025,6,https://www.fema.gov/sites/default/files/documents/fema_pa_schedule-equipment-rates_2025.pdf,US-PD-17USC105,,FEMA Public Assistance の機械の料率表(2025 年版)。機械の所有と運転の費用(償却・間接費・整備・燃料・油脂・タイヤ等)を含み、オペレーターの人件費は含まない(FEMA の頁の注)。2025-07-01 以降に宣言された災害に適用。表の # 266、PDF 6 頁
aa92408a3be3e049,US,equipment,"Aerial Lift, Truck Mounted","Aerial Lift, Truck Mounted / 2018 ALTEC AH125 MOUNTED ON 2018 FREIGHTLINER BUSINESS CLASS M2 112",Cost Code 8489; Manufacturer: 2018 ALTEC AH125 MOUNTED ON 2018 FREIGHTLINER BUSINESS CLASS M2 112; Specification: Ground to Bottom of Platform*:120 ft (36.6 m) Maximum Side Reach: 50.4 ft (15.4 m) Boom Articulation (Lower Boom): 0 to 87° Rotation: ContinuousRotation: Continuous; Capacity or Size: 120 FT; Notes: Including Truck,USD/hour,national,US,United States,,,,78.43,USD,equipment_rate_hourly,public_domain,,,2025,2025-07-01,fema-equipment-rates-2025,6,https://www.fema.gov/sites/default/files/documents/fema_pa_schedule-equipment-rates_2025.pdf,US-PD-17USC105,,FEMA Public Assistance の機械の料率表(2025 年版)。機械の所有と運転の費用(償却・間接費・整備・燃料・油脂・タイヤ等)を含み、オペレーターの人件費は含まない(FEMA の頁の注)。2025-07-01 以降に宣言された災害に適用。表の # 267、PDF 6 頁
150e00aa30738bfd,US,equipment,"Aerial Lift, Self Propelled","Aerial Lift, Self Propelled / JLG 340AJ Articulating Boom Lift",Cost Code 8490; Manufacturer: JLG 340AJ Articulating Boom Lift; Specification: Horizontal Outreach:19-ft 11-in Platform Capacity Unrestricted:500-lb Max Platform Height:33-ft 10-in; Capacity or Size: 33 FT; HP: 25,USD/hour,national,US,United States,,,,38.27,USD,equipment_rate_hourly,public_domain,,,2025,2025-07-01,fema-equipment-rates-2025,6,https://www.fema.gov/sites/default/files/documents/fema_pa_schedule-equipment-rates_2025.pdf,US-PD-17USC105,,FEMA Public Assistance の機械の料率表(2025 年版)。機械の所有と運転の費用(償却・間接費・整備・燃料・油脂・タイヤ等)を含み、オペレーターの人件費は含まない(FEMA の頁の注)。2025-07-01 以降に宣言された災害に適用。表の # 268、PDF 6 頁
66092249f7ace8aa,US,equipment,"Aerial Lift, Self Propelled","Aerial Lift, Self Propelled / JLG 450AJ HC3 Articulating Boom Lift","Cost Code 8491; Manufacturer: JLG 450AJ HC3 Articulating Boom Lift; Specification: Horizontal Outreach: 25-ft 0-in Max Platform Capacity: 1,000-lb Max Platform Height: 45-ft 0-in; Capacity or Size: 45 FT; HP: 60",USD/hour,national,US,United States,,,,48.28,USD,equipment_rate_hourly,public_domain,,,2025,2025-07-01,fema-equipment-rates-2025,6,https://www.fema.gov/sites/default/files/documents/fema_pa_schedule-equipment-rates_2025.pdf,US-PD-17USC105,,FEMA Public Assistance の機械の料率表(2025 年版)。機械の所有と運転の費用(償却・間接費・整備・燃料・油脂・タイヤ等)を含み、オペレーターの人件費は含まない(FEMA の頁の注)。2025-07-01 以降に宣言された災害に適用。表の # 269、PDF 6 頁
cb712cfd4d27ace5,US,equipment,"Aerial Lift, Self Propelled","Aerial Lift, Self Propelled / JLG 600AJ HC3 Articulating Boom Lift","Cost Code 8492; Manufacturer: JLG 600AJ HC3 Articulating Boom Lift; Specification: Horizontal Outreach: 40-ft 6-in Max Platform Capacity: 1,000-lb Max Platform Height: 60-ft 0-in; Capacity or Size: 60 FT; HP: 84",USD/hour,national,US,United States,,,,59.1,USD,equipment_rate_hourly,public_domain,,,2025,2025-07-01,fema-equipment-rates-2025,6,https://www.fema.gov/sites/default/files/documents/fema_pa_schedule-equipment-rates_2025.pdf,US-PD-17USC105,,FEMA Public Assistance の機械の料率表(2025 年版)。機械の所有と運転の費用(償却・間接費・整備・燃料・油脂・タイヤ等)を含み、オペレーターの人件費は含まない(FEMA の頁の注)。2025-07-01 以降に宣言された災害に適用。表の # 270、PDF 6 頁
c06cee0a222e9930,US,equipment,"Aerial Lift, Self Propelled","Aerial Lift, Self Propelled / JLG 800AJ HC3 Articulating Boom Lift","Cost Code 8493; Manufacturer: JLG 800AJ HC3 Articulating Boom Lift; Specification: Horizontal Outreach: 52-ft 3-in Max Platform Capacity: 1,000-lb Max Platform Height: 80-ft 4-in; Capacity or Size: 80 FT; HP: 84",USD/hour,national,US,United States,,,,65.19,USD,equipment_rate_hourly,public_domain,,,2025,2025-07-01,fema-equipment-rates-2025,6,https://www.fema.gov/sites/default/files/documents/fema_pa_schedule-equipment-rates_2025.pdf,US-PD-17USC105,,FEMA Public Assistance の機械の料率表(2025 年版)。機械の所有と運転の費用(償却・間接費・整備・燃料・油脂・タイヤ等)を含み、オペレーターの人件費は含まない(FEMA の頁の注)。2025-07-01 以降に宣言された災害に適用。表の # 271、PDF 6 頁
8eb522f0cfcd5a09,US,equipment,"Aerial Lift, Self Propelled","Aerial Lift, Self Propelled / JLG 1250AJP Articulating Boom Lift","Cost Code 8494; Manufacturer: JLG 1250AJP Articulating Boom Lift; Specification: Horizontal Outreach: 63-ft 2-in Max Platform Capacity: 1,000-lb Max Platform Height: 125-ft 8-in; Capacity or Size: 125 FT; HP: 75",USD/hour,national,US,United States,,,,151.13,USD,equipment_rate_hourly,public_domain,,,2025,2025-07-01,fema-equipment-rates-2025,6,https://www.fema.gov/sites/default/files/documents/fema_pa_schedule-equipment-rates_2025.pdf,US-PD-17USC105,,FEMA Public Assistance の機械の料率表(2025 年版)。機械の所有と運転の費用(償却・間接費・整備・燃料・油脂・タイヤ等)を含み、オペレーターの人件費は含まない(FEMA の頁の注)。2025-07-01 以降に宣言された災害に適用。表の # 272、PDF 6 頁
6e870549e0481e93,US,equipment,"Aerial Lift, Self Propelled","Aerial Lift, Self Propelled / JLG 1500AJP Articulating Boom Lift","Cost Code 8495; Manufacturer: JLG 1500AJP Articulating Boom Lift; Specification: Horizontal Outreach: 75-ft 0-in Max Platform Capacity: 1,000-lb Max Platform Height: 150-ft 0-in; Capacity or Size: 150 FT; HP: 100",USD/hour,national,US,United States,,,,176.48,USD,equipment_rate_hourly,public_domain,,,2025,2025-07-01,fema-equipment-rates-2025,6,https://www.fema.gov/sites/default/files/documents/fema_pa_schedule-equipment-rates_2025.pdf,US-PD-17USC105,,FEMA Public Assistance の機械の料率表(2025 年版)。機械の所有と運転の費用(償却・間接費・整備・燃料・油脂・タイヤ等)を含み、オペレーターの人件費は含まない(FEMA の頁の注)。2025-07-01 以降に宣言された災害に適用。表の # 273、PDF 6 頁
1c510322c9e0cb11,US,equipment,"Crane, Truck Mounted","Crane, Truck Mounted / 2025 MANITEX 1970C MOUNTED ON 2025 PETERBILT 537","Cost Code 8496; Manufacturer: 2025 MANITEX 1970C MOUNTED ON 2025 PETERBILT 537; Specification: 19,000 LBS; Capacity or Size: 19,000 LBS; HP: to 240",USD/hour,national,US,United States,,,,48.09,USD,equipment_rate_hourly,public_domain,,,2025,2025-07-01,fema-equipment-rates-2025,6,https://www.fema.gov/sites/default/files/documents/fema_pa_schedule-equipment-rates_2025.pdf,US-PD-17USC105,,FEMA Public Assistance の機械の料率表(2025 年版)。機械の所有と運転の費用(償却・間接費・整備・燃料・油脂・タイヤ等)を含み、オペレーターの人件費は含まない(FEMA の頁の注)。2025-07-01 以降に宣言された災害に適用。表の # 274、PDF 6 頁
76fe40c8c7b20838,US,equipment,"Crane, Truck Mounted","Crane, Truck Mounted / 2024 MANITEX 2281T MOUNTED ON 2024 PETERBILT 567","Cost Code 8497; Manufacturer: 2024 MANITEX 2281T MOUNTED ON 2024 PETERBILT 567; Specification: 46,000 LBS; Capacity or Size: 46,000 LBS; HP: to 510",USD/hour,national,US,United States,,,,53.07,USD,equipment_rate_hourly,public_domain,,,2025,2025-07-01,fema-equipment-rates-2025,6,https://www.fema.gov/sites/default/files/documents/fema_pa_schedule-equipment-rates_2025.pdf,US-PD-17USC105,,FEMA Public Assistance の機械の料率表(2025 年版)。機械の所有と運転の費用(償却・間接費・整備・燃料・油脂・タイヤ等)を含み、オペレーターの人件費は含まない(FEMA の頁の注)。2025-07-01 以降に宣言された災害に適用。表の # 275、PDF 6 頁
32ecd37c73dfdd83,US,equipment,"Crane, Truck Mounted","Crane, Truck Mounted / 2024 MANITEX 30100C MOUNTED ON 2024 PETERBILT 548","Cost Code 8498; Manufacturer: 2024 MANITEX 30100C MOUNTED ON 2024 PETERBILT 548; Specification: 60,000 LBS; Capacity or Size: 60,000 LBS; HP: to 510",USD/hour,national,US,United States,,,,83.67,USD,equipment_rate_hourly,public_domain,,,2025,2025-07-01,fema-equipment-rates-2025,6,https://www.fema.gov/sites/default/files/documents/fema_pa_schedule-equipment-rates_2025.pdf,US-PD-17USC105,,FEMA Public Assistance の機械の料率表(2025 年版)。機械の所有と運転の費用(償却・間接費・整備・燃料・油脂・タイヤ等)を含み、オペレーターの人件費は含まない(FEMA の頁の注)。2025-07-01 以降に宣言された災害に適用。表の # 276、PDF 6 頁
e9e0319e4b7ee157,US,equipment,"Crane, Yard","Crane, Yard / 2013 SHUTTLELIFT CD5520",Cost Code 8500; Manufacturer: 2013 SHUTTLELIFT CD5520; Specification: 20 ton capacity; Capacity or Size: 20 ton capacity; HP: to 100,USD/hour,national,US,United States,,,,113.69,USD,equipment_rate_hourly,public_domain,,,2025,2025-07-01,fema-equipment-rates-2025,6,https://www.fema.gov/sites/default/files/documents/fema_pa_schedule-equipment-rates_2025.pdf,US-PD-17USC105,,FEMA Public Assistance の機械の料率表(2025 年版)。機械の所有と運転の費用(償却・間接費・整備・燃料・油脂・タイヤ等)を含み、オペレーターの人件費は含まない(FEMA の頁の注)。2025-07-01 以降に宣言された災害に適用。表の # 277、PDF 6 頁
a42bc05ee3e5b2bb,US,equipment,"Crane, Rough Terrain","Crane, Rough Terrain / Broderson RT-300-2C",Cost Code 8501; Manufacturer: Broderson RT-300-2C; Specification: 29983 lbs/15 tons; HP: 155,USD/hour,national,US,United States,,,,293.14,USD,equipment_rate_hourly,public_domain,,,2025,2025-07-01,fema-equipment-rates-2025,6,https://www.fema.gov/sites/default/files/documents/fema_pa_schedule-equipment-rates_2025.pdf,US-PD-17USC105,,FEMA Public Assistance の機械の料率表(2025 年版)。機械の所有と運転の費用(償却・間接費・整備・燃料・油脂・タイヤ等)を含み、オペレーターの人件費は含まない(FEMA の頁の注)。2025-07-01 以降に宣言された災害に適用。表の # 278、PDF 6 頁
d6fb9a7eccfc04bc,US,equipment,"Crane, All Terrain","Crane, All Terrain / 2007 GROVE GMK2035E",Cost Code 8502; Manufacturer: 2007 GROVE GMK2035E; Specification: 69886 lbs/34.9 tons; HP: 157,USD/hour,national,US,United States,,,,226.1,USD,equipment_rate_hourly,public_domain,,,2025,2025-07-01,fema-equipment-rates-2025,6,https://www.fema.gov/sites/default/files/documents/fema_pa_schedule-equipment-rates_2025.pdf,US-PD-17USC105,,FEMA Public Assistance の機械の料率表(2025 年版)。機械の所有と運転の費用(償却・間接費・整備・燃料・油脂・タイヤ等)を含み、オペレーターの人件費は含まない(FEMA の頁の注)。2025-07-01 以降に宣言された災害に適用。表の # 279、PDF 6 頁
03f22c24e5dfe270,US,equipment,"Crane, All Terrain","Crane, All Terrain / 2006 GROVE GMK3055",Cost Code 8503; Manufacturer: 2006 GROVE GMK3055; Specification: 119931 lbs/60 tons; HP: 349,USD/hour,national,US,United States,,,,285.76,USD,equipment_rate_hourly,public_domain,,,2025,2025-07-01,fema-equipment-rates-2025,6,https://www.fema.gov/sites/default/files/documents/fema_pa_schedule-equipment-rates_2025.pdf,US-PD-17USC105,,FEMA Public Assistance の機械の料率表(2025 年版)。機械の所有と運転の費用(償却・間接費・整備・燃料・油脂・タイヤ等)を含み、オペレーターの人件費は含まない(FEMA の頁の注)。2025-07-01 以降に宣言された災害に適用。表の # 280、PDF 6 頁
6e65006060666de6,US,equipment,"Crane, Crawler Mounted Lattice Boom","Crane, Crawler Mounted Lattice Boom / American HC-125 (disc. 2004)",Cost Code 8504; Manufacturer: American HC-125 (disc. 2004); Specification: 250004 lbs/125 tons; HP: 245,USD/hour,national,US,United States,,,,338.94,USD,equipment_rate_hourly,public_domain,,,2025,2025-07-01,fema-equipment-rates-2025,6,https://www.fema.gov/sites/default/files/documents/fema_pa_schedule-equipment-rates_2025.pdf,US-PD-17USC105,,FEMA Public Assistance の機械の料率表(2025 年版)。機械の所有と運転の費用(償却・間接費・整備・燃料・油脂・タイヤ等)を含み、オペレーターの人件費は含まない(FEMA の頁の注)。2025-07-01 以降に宣言された災害に適用。表の # 281、PDF 6 頁
26d9b082a74be240,US,equipment,"Saw, Concrete","Saw, Concrete / Miscellaneous 4.6-14MC",Cost Code 8510; Manufacturer: Miscellaneous 4.6-14MC; Specification: 14 In; Capacity or Size: 14 In; HP: to 14,USD/hour,national,US,United States,,,,12.69,USD,equipment_rate_hourly,public_domain,,,2025,2025-07-01,fema-equipment-rates-2025,6,https://www.fema.gov/sites/default/files/documents/fema_pa_schedule-equipment-rates_2025.pdf,US-PD-17USC105,,FEMA Public Assistance の機械の料率表(2025 年版)。機械の所有と運転の費用(償却・間接費・整備・燃料・油脂・タイヤ等)を含み、オペレーターの人件費は含まない(FEMA の頁の注)。2025-07-01 以降に宣言された災害に適用。表の # 282、PDF 6 頁
65fbbc27155b1b7a,US,equipment,"Saw, Concrete","Saw, Concrete / Diamond CC6571D DIESEL LIQUID COOLED WALK BEHIND SAW",Cost Code 8511; Manufacturer: Diamond CC6571D DIESEL LIQUID COOLED WALK BEHIND SAW; Specification: Interchangable Blade; Capacity or Size: 14 to 42 IN; HP: to 71,USD/hour,national,US,United States,,,,27.6,USD,equipment_rate_hourly,public_domain,,,2025,2025-07-01,fema-equipment-rates-2025,6,https://www.fema.gov/sites/default/files/documents/fema_pa_schedule-equipment-rates_2025.pdf,US-PD-17USC105,,FEMA Public Assistance の機械の料率表(2025 年版)。機械の所有と運転の費用(償却・間接費・整備・燃料・油脂・タイヤ等)を含み、オペレーターの人件費は含まない(FEMA の頁の注)。2025-07-01 以降に宣言された災害に適用。表の # 283、PDF 6 頁
766faf9d8e53379a,US,equipment,"Saw, Concrete","Saw, Concrete / Diamond CC9074DK Deep Cut Saw",Cost Code 8512; Manufacturer: Diamond CC9074DK Deep Cut Saw; Specification: 60 IN; Capacity or Size: 60 IN; HP: to 74,USD/hour,national,US,United States,,,,50.69,USD,equipment_rate_hourly,public_domain,,,2025,2025-07-01,fema-equipment-rates-2025,6,https://www.fema.gov/sites/default/files/documents/fema_pa_schedule-equipment-rates_2025.pdf,US-PD-17USC105,,FEMA Public Assistance の機械の料率表(2025 年版)。機械の所有と運転の費用(償却・間接費・整備・燃料・油脂・タイヤ等)を含み、オペレーターの人件費は含まない(FEMA の頁の注)。2025-07-01 以降に宣言された災害に適用。表の # 284、PDF 6 頁
d476afa7294b87a0,US,equipment,"Chain Trencher, Wheel Mounted","Chain Trencher, Wheel Mounted / Vermeer V120",Cost Code 8514; Manufacturer: Vermeer V120; Specification: 60 in depth; Capacity or Size: 31 in depth; HP: to 116; Notes: 60 in depth. Now saved in EW as V120.,USD/hour,national,US,United States,,,,286.18,USD,equipment_rate_hourly,public_domain,,,2025,2025-07-01,fema-equipment-rates-2025,6,https://www.fema.gov/sites/default/files/documents/fema_pa_schedule-equipment-rates_2025.pdf,US-PD-17USC105,,FEMA Public Assistance の機械の料率表(2025 年版)。機械の所有と運転の費用(償却・間接費・整備・燃料・油脂・タイヤ等)を含み、オペレーターの人件費は含まない(FEMA の頁の注)。2025-07-01 以降に宣言された災害に適用。表の # 285、PDF 6 頁
a20885010f649eba,US,equipment,Jackhammer (dry),Jackhammer (dry) / Miscellaneous 25DRY,Cost Code 8517; Manufacturer: Miscellaneous 25DRY; Specification: 25 lbs; Capacity or Size: 25; HP: Air; Notes: Pneumatic Powered,USD/hour,national,US,United States,,,,1.64,USD,equipment_rate_hourly,public_domain,,,2025,2025-07-01,fema-equipment-rates-2025,6,https://www.fema.gov/sites/default/files/documents/fema_pa_schedule-equipment-rates_2025.pdf,US-PD-17USC105,,FEMA Public Assistance の機械の料率表(2025 年版)。機械の所有と運転の費用(償却・間接費・整備・燃料・油脂・タイヤ等)を含み、オペレーターの人件費は含まない(FEMA の頁の注)。2025-07-01 以降に宣言された災害に適用。表の # 286、PDF 6 頁
a3384901a111080f,US,equipment,Jackhammer (wet),Jackhammer (wet) / Miscellaneous 30WET,Cost Code 8518; Manufacturer: Miscellaneous 30WET; Specification: 30 lbs; Capacity or Size: 30; HP: Air; Notes: Pneumatic Powered,USD/hour,national,US,United States,,,,1.68,USD,equipment_rate_hourly,public_domain,,,2025,2025-07-01,fema-equipment-rates-2025,6,https://www.fema.gov/sites/default/files/documents/fema_pa_schedule-equipment-rates_2025.pdf,US-PD-17USC105,,FEMA Public Assistance の機械の料率表(2025 年版)。機械の所有と運転の費用(償却・間接費・整備・燃料・油脂・タイヤ等)を含み、オペレーターの人件費は含まない(FEMA の頁の注)。2025-07-01 以降に宣言された災害に適用。表の # 287、PDF 6 頁
85a19c5a1eb5a885,US,equipment,Scraper,Scraper / Caterpillar 631 (2019),Cost Code 8521; Manufacturer: Caterpillar 631 (2019); Specification: 34 yard; HP: to 570; Notes: Includes bucket.,USD/hour,national,US,United States,,,,341.78,USD,equipment_rate_hourly,public_domain,,,2025,2025-07-01,fema-equipment-rates-2025,6,https://www.fema.gov/sites/default/files/documents/fema_pa_schedule-equipment-rates_2025.pdf,US-PD-17USC105,,FEMA Public Assistance の機械の料率表(2025 年版)。機械の所有と運転の費用(償却・間接費・整備・燃料・油脂・タイヤ等)を含み、オペレーターの人件費は含まない(FEMA の頁の注)。2025-07-01 以降に宣言された災害に適用。表の # 288、PDF 6 頁
a31152af5bf36ce2,US,equipment,Scraper,Scraper / Caterpillar 651,Cost Code 8522; Manufacturer: Caterpillar 651; Specification: 44 yard; HP: to 629; Notes: Includes bucket.,USD/hour,national,US,United States,,,,504.75,USD,equipment_rate_hourly,public_domain,,,2025,2025-07-01,fema-equipment-rates-2025,6,https://www.fema.gov/sites/default/files/documents/fema_pa_schedule-equipment-rates_2025.pdf,US-PD-17USC105,,FEMA Public Assistance の機械の料率表(2025 年版)。機械の所有と運転の費用(償却・間接費・整備・燃料・油脂・タイヤ等)を含み、オペレーターの人件費は含まない(FEMA の頁の注)。2025-07-01 以降に宣言された災害に適用。表の # 289、PDF 6 頁
75cca3762d958553,US,equipment,Scraper,Scraper / Caterpillar 621 (2012),Cost Code 8524; Manufacturer: Caterpillar 621 (2012); Specification: 24 yard; HP: to 407; Notes: Includes bucket.,USD/hour,national,US,United States,,,,221.18,USD,equipment_rate_hourly,public_domain,,,2025,2025-07-01,fema-equipment-rates-2025,6,https://www.fema.gov/sites/default/files/documents/fema_pa_schedule-equipment-rates_2025.pdf,US-PD-17USC105,,FEMA Public Assistance の機械の料率表(2025 年版)。機械の所有と運転の費用(償却・間接費・整備・燃料・油脂・タイヤ等)を含み、オペレーターの人件費は含まない(FEMA の頁の注)。2025-07-01 以降に宣言された災害に適用。表の # 290、PDF 6 頁
8de446ee4beae852,US,equipment,"Loader, Skid Steer","Loader, Skid Steer / Bobcat S70",Cost Code 8540; Manufacturer: Bobcat S70; HP: to 24; Notes: Includes bucket.,USD/hour,national,US,United States,,,,31.06,USD,equipment_rate_hourly,public_domain,,,2025,2025-07-01,fema-equipment-rates-2025,6,https://www.fema.gov/sites/default/files/documents/fema_pa_schedule-equipment-rates_2025.pdf,US-PD-17USC105,,FEMA Public Assistance の機械の料率表(2025 年版)。機械の所有と運転の費用(償却・間接費・整備・燃料・油脂・タイヤ等)を含み、オペレーターの人件費は含まない(FEMA の頁の注)。2025-07-01 以降に宣言された災害に適用。表の # 291、PDF 6 頁
51e31919d0e053f9,US,equipment,"Loader, Skid Steer","Loader, Skid Steer / Bobcat S76",Cost Code 8541; Manufacturer: Bobcat S76; HP: to 74; Notes: Includes bucket.,USD/hour,national,US,United States,,,,45.23,USD,equipment_rate_hourly,public_domain,,,2025,2025-07-01,fema-equipment-rates-2025,6,https://www.fema.gov/sites/default/files/documents/fema_pa_schedule-equipment-rates_2025.pdf,US-PD-17USC105,,FEMA Public Assistance の機械の料率表(2025 年版)。機械の所有と運転の費用(償却・間接費・整備・燃料・油脂・タイヤ等)を含み、オペレーターの人件費は含まない(FEMA の頁の注)。2025-07-01 以降に宣言された災害に適用。表の # 292、PDF 6 頁
cd5dcc29766bae47,US,equipment,"Loader, Skid Steer","Loader, Skid Steer / Bobcat S86",Cost Code 8542; Manufacturer: Bobcat S86; HP: to 105; Notes: Includes bucket.,USD/hour,national,US,United States,,,,60.67,USD,equipment_rate_hourly,public_domain,,,2025,2025-07-01,fema-equipment-rates-2025,6,https://www.fema.gov/sites/default/files/documents/fema_pa_schedule-equipment-rates_2025.pdf,US-PD-17USC105,,FEMA Public Assistance の機械の料率表(2025 年版)。機械の所有と運転の費用(償却・間接費・整備・燃料・油脂・タイヤ等)を含み、オペレーターの人件費は含まない(FEMA の頁の注)。2025-07-01 以降に宣言された災害に適用。表の # 293、PDF 6 頁
35f97631f6e10511,US,equipment,"Snow Plower, Salt Spreader","Snow Plower, Salt Spreader / Henderson FSH-I Spreader",Cost Code 8549; Manufacturer: Henderson FSH-I Spreader; Specification: 8.9 CY; Capacity or Size: 8.9 CY; HP: 3.5; Notes: Includes bucket.,USD/hour,national,US,United States,,,,16.96,USD,equipment_rate_hourly,public_domain,,,2025,2025-07-01,fema-equipment-rates-2025,6,https://www.fema.gov/sites/default/files/documents/fema_pa_schedule-equipment-rates_2025.pdf,US-PD-17USC105,,FEMA Public Assistance の機械の料率表(2025 年版)。機械の所有と運転の費用(償却・間接費・整備・燃料・油脂・タイヤ等)を含み、オペレーターの人件費は含まない(FEMA の頁の注)。2025-07-01 以降に宣言された災害に適用。表の # 294、PDF 6 頁
2198d623286d31e3,US,equipment,"Snow Blower, Truck / loader Mounted","Snow Blower, Truck / loader Mounted / WAUSAU SNOGO LR-44",Cost Code 8550; Manufacturer: WAUSAU SNOGO LR-44; Specification: 114 in Cutting Width; Capacity or Size: 114 in Cutting Width; HP: 325,USD/hour,national,US,United States,,,,83.95,USD,equipment_rate_hourly,public_domain,,,2025,2025-07-01,fema-equipment-rates-2025,6,https://www.fema.gov/sites/default/files/documents/fema_pa_schedule-equipment-rates_2025.pdf,US-PD-17USC105,,FEMA Public Assistance の機械の料率表(2025 年版)。機械の所有と運転の費用(償却・間接費・整備・燃料・油脂・タイヤ等)を含み、オペレーターの人件費は含まない(FEMA の頁の注)。2025-07-01 以降に宣言された災害に適用。表の # 295、PDF 6 頁
4ef513f22ebca43f,US,equipment,"Snow Blower, Truck Mounted","Snow Blower, Truck Mounted / WAUSAU SNOGO 2000",Cost Code 8551; Manufacturer: WAUSAU SNOGO 2000; Specification: 102 in Cutting Width; Capacity or Size: 102 in Cutting Width; HP: 218,USD/hour,national,US,United States,,,,111.34,USD,equipment_rate_hourly,public_domain,,,2025,2025-07-01,fema-equipment-rates-2025,7,https://www.fema.gov/sites/default/files/documents/fema_pa_schedule-equipment-rates_2025.pdf,US-PD-17USC105,,FEMA Public Assistance の機械の料率表(2025 年版)。機械の所有と運転の費用(償却・間接費・整備・燃料・油脂・タイヤ等)を含み、オペレーターの人件費は含まない(FEMA の頁の注)。2025-07-01 以降に宣言された災害に適用。表の # 296、PDF 7 頁
645e969ed07763bb,US,equipment,"Snow Blower, Truck Mounted","Snow Blower, Truck Mounted / WAUSAU SNOGO 3000",Cost Code 8552; Manufacturer: WAUSAU SNOGO 3000; Specification: 114 in Cutting Width; Capacity or Size: 114 in Cutting Width; HP: 300,USD/hour,national,US,United States,,,,136.98,USD,equipment_rate_hourly,public_domain,,,2025,2025-07-01,fema-equipment-rates-2025,7,https://www.fema.gov/sites/default/files/documents/fema_pa_schedule-equipment-rates_2025.pdf,US-PD-17USC105,,FEMA Public Assistance の機械の料率表(2025 年版)。機械の所有と運転の費用(償却・間接費・整備・燃料・油脂・タイヤ等)を含み、オペレーターの人件費は含まない(FEMA の頁の注)。2025-07-01 以降に宣言された災害に適用。表の # 297、PDF 7 頁
9bb989b5501f2574,US,equipment,"Snow Blower, Truck Mounted","Snow Blower, Truck Mounted / WAUSAU SNOGO 4000",Cost Code 8553; Manufacturer: WAUSAU SNOGO 4000; Specification: 120 in Cutting Width; Capacity or Size: 120 in Cutting Width; HP: 400,USD/hour,national,US,United States,,,,162.44,USD,equipment_rate_hourly,public_domain,,,2025,2025-07-01,fema-equipment-rates-2025,7,https://www.fema.gov/sites/default/files/documents/fema_pa_schedule-equipment-rates_2025.pdf,US-PD-17USC105,,FEMA Public Assistance の機械の料率表(2025 年版)。機械の所有と運転の費用(償却・間接費・整備・燃料・油脂・タイヤ等)を含み、オペレーターの人件費は含まない(FEMA の頁の注)。2025-07-01 以降に宣言された災害に適用。表の # 298、PDF 7 頁
cda638e4ecb8c30e,US,equipment,"Snow Thrower, Walk Behind","Snow Thrower, Walk Behind / Toro Power Max® 826 OE (37780)",Cost Code 8558; Manufacturer: Toro Power Max® 826 OE (37780); Specification: 40 ft throwing distance; HP: 5; Notes: Includes bucket.,USD/hour,national,US,United States,,,,3.69,USD,equipment_rate_hourly,public_domain,,,2025,2025-07-01,fema-equipment-rates-2025,7,https://www.fema.gov/sites/default/files/documents/fema_pa_schedule-equipment-rates_2025.pdf,US-PD-17USC105,,FEMA Public Assistance の機械の料率表(2025 年版)。機械の所有と運転の費用(償却・間接費・整備・燃料・油脂・タイヤ等)を含み、オペレーターの人件費は含まない(FEMA の頁の注)。2025-07-01 以降に宣言された災害に適用。表の # 299、PDF 7 頁
3025146fa94b2058,US,equipment,"Snow Thrower, Walk Behind","Snow Thrower, Walk Behind / Toro 74523 MultiForce 60-in Blower",Cost Code 8559; Manufacturer: Toro 74523 MultiForce 60-in Blower; HP: TO 25,USD/hour,national,US,United States,,,,16.79,USD,equipment_rate_hourly,public_domain,,,2025,2025-07-01,fema-equipment-rates-2025,7,https://www.fema.gov/sites/default/files/documents/fema_pa_schedule-equipment-rates_2025.pdf,US-PD-17USC105,,FEMA Public Assistance の機械の料率表(2025 年版)。機械の所有と運転の費用(償却・間接費・整備・燃料・油脂・タイヤ等)を含み、オペレーターの人件費は含まない(FEMA の頁の注)。2025-07-01 以降に宣言された災害に適用。表の # 300、PDF 7 頁
b953c56f2a2dd0ad,US,equipment,SnowBroom,SnowBroom / 1995 Oshkosh H-2518 Airport Runway Sweeper with 18' MB sweeper head,Cost Code 8559.1; Manufacturer: 1995 Oshkosh H-2518 Airport Runway Sweeper with 18' MB sweeper head; HP: 450-500,USD/hour,national,US,United States,,,,246.37,USD,equipment_rate_hourly,public_domain,,,2025,2025-07-01,fema-equipment-rates-2025,7,https://www.fema.gov/sites/default/files/documents/fema_pa_schedule-equipment-rates_2025.pdf,US-PD-17USC105,,FEMA Public Assistance の機械の料率表(2025 年版)。機械の所有と運転の費用(償却・間接費・整備・燃料・油脂・タイヤ等)を含み、オペレーターの人件費は含まない(FEMA の頁の注)。2025-07-01 以降に宣言された災害に適用。表の # 301、PDF 7 頁
42cd61047d559c64,US,equipment,"Snow Blower, Self Propelled","Snow Blower, Self Propelled / RPM Tech TM36R Self-Propelled Snow Blower","Cost Code 8560; Manufacturer: RPM Tech TM36R Self-Propelled Snow Blower; Specification: 3,500 Ton / hr; Capacity or Size: 3,500 Ton / hr; HP: to 385",USD/hour,national,US,United States,,,,189.9,USD,equipment_rate_hourly,public_domain,,,2025,2025-07-01,fema-equipment-rates-2025,7,https://www.fema.gov/sites/default/files/documents/fema_pa_schedule-equipment-rates_2025.pdf,US-PD-17USC105,,FEMA Public Assistance の機械の料率表(2025 年版)。機械の所有と運転の費用(償却・間接費・整備・燃料・油脂・タイヤ等)を含み、オペレーターの人件費は含まない(FEMA の頁の注)。2025-07-01 以降に宣言された災害に適用。表の # 302、PDF 7 頁
da84a46a4b0fe5bb,US,equipment,"Snow Blower, Self Propelled","Snow Blower, Self Propelled / RPM Tech TM42R Self-Propelled Snow Blower","Cost Code 8561; Manufacturer: RPM Tech TM42R Self-Propelled Snow Blower; Specification: 4,800 Ton / hr; Capacity or Size: 4,800 Ton / hr; HP: to 450",USD/hour,national,US,United States,,,,171.31,USD,equipment_rate_hourly,public_domain,,,2025,2025-07-01,fema-equipment-rates-2025,7,https://www.fema.gov/sites/default/files/documents/fema_pa_schedule-equipment-rates_2025.pdf,US-PD-17USC105,,FEMA Public Assistance の機械の料率表(2025 年版)。機械の所有と運転の費用(償却・間接費・整備・燃料・油脂・タイヤ等)を含み、オペレーターの人件費は含まない(FEMA の頁の注)。2025-07-01 以降に宣言された災害に適用。表の # 303、PDF 7 頁
131bdaf7e991ad00,US,equipment,Snow Blower,Snow Blower / MTE Snow Mauler,Cost Code 8561.1; Manufacturer: MTE Snow Mauler,USD/hour,national,US,United States,,,,317.59,USD,equipment_rate_hourly,public_domain,,,2025,2025-07-01,fema-equipment-rates-2025,7,https://www.fema.gov/sites/default/files/documents/fema_pa_schedule-equipment-rates_2025.pdf,US-PD-17USC105,,FEMA Public Assistance の機械の料率表(2025 年版)。機械の所有と運転の費用(償却・間接費・整備・燃料・油脂・タイヤ等)を含み、オペレーターの人件費は含まない(FEMA の頁の注)。2025-07-01 以降に宣言された災害に適用。表の # 304、PDF 7 頁
07b611e53d753eca,US,equipment,Snow Blower,Snow Blower / Vammas PSB 4500MTE,Cost Code 8561.2; Manufacturer: Vammas PSB 4500MTE,USD/hour,national,US,United States,,,,331.33,USD,equipment_rate_hourly,public_domain,,,2025,2025-07-01,fema-equipment-rates-2025,7,https://www.fema.gov/sites/default/files/documents/fema_pa_schedule-equipment-rates_2025.pdf,US-PD-17USC105,,FEMA Public Assistance の機械の料率表(2025 年版)。機械の所有と運転の費用(償却・間接費・整備・燃料・油脂・タイヤ等)を含み、オペレーターの人件費は含まない(FEMA の頁の注)。2025-07-01 以降に宣言された災害に適用。表の # 305、PDF 7 頁
9e8013d57965e4d0,US,equipment,The Vammas 4500,The Vammas 4500 / Snow Remover,Cost Code 8563; Manufacturer: Snow Remover; Specification: Working width 4.5 m; HP: 385; Notes: Includes bucket.,USD/hour,national,US,United States,,,,298.64,USD,equipment_rate_hourly,public_domain,,,2025,2025-07-01,fema-equipment-rates-2025,7,https://www.fema.gov/sites/default/files/documents/fema_pa_schedule-equipment-rates_2025.pdf,US-PD-17USC105,,FEMA Public Assistance の機械の料率表(2025 年版)。機械の所有と運転の費用(償却・間接費・整備・燃料・油脂・タイヤ等)を含み、オペレーターの人件費は含まない(FEMA の頁の注)。2025-07-01 以降に宣言された災害に適用。表の # 306、PDF 7 頁
403daba9612d64b8,US,equipment,The Vammas 5500,The Vammas 5500 / Snow Remover,Cost Code 8564; Manufacturer: Snow Remover; Specification: Working width 5.5 m; HP: 460; Notes: Includes bucket.,USD/hour,national,US,United States,,,,328.24,USD,equipment_rate_hourly,public_domain,,,2025,2025-07-01,fema-equipment-rates-2025,7,https://www.fema.gov/sites/default/files/documents/fema_pa_schedule-equipment-rates_2025.pdf,US-PD-17USC105,,FEMA Public Assistance の機械の料率表(2025 年版)。機械の所有と運転の費用(償却・間接費・整備・燃料・油脂・タイヤ等)を含み、オペレーターの人件費は含まない(FEMA の頁の注)。2025-07-01 以降に宣言された災害に適用。表の # 307、PDF 7 頁
4c0cb15b82e991dc,US,equipment,Oshkosh Pavement Sweeper,Oshkosh Pavement Sweeper / 2005 Oshkosh H-Series Runway Broom (Model HB-2723),Cost Code 8565; Manufacturer: 2005 Oshkosh H-Series Runway Broom (Model HB-2723); HP: 420; Notes: Includes bucket.,USD/hour,national,US,United States,,,,245.82,USD,equipment_rate_hourly,public_domain,,,2025,2025-07-01,fema-equipment-rates-2025,7,https://www.fema.gov/sites/default/files/documents/fema_pa_schedule-equipment-rates_2025.pdf,US-PD-17USC105,,FEMA Public Assistance の機械の料率表(2025 年版)。機械の所有と運転の費用(償却・間接費・整備・燃料・油脂・タイヤ等)を含み、オペレーターの人件費は含まない(FEMA の頁の注)。2025-07-01 以降に宣言された災害に適用。表の # 308、PDF 7 頁
6224314f2f39a060,US,equipment,Dust Control De-ice Unit,Dust Control De-ice Unit / Hydro Pump with 100-ft of 1/2-in hose,Cost Code 8569; Manufacturer: Hydro Pump with 100-ft of 1/2-in hose,USD/hour,national,US,United States,,,,4.69,USD,equipment_rate_hourly,public_domain,,,2025,2025-07-01,fema-equipment-rates-2025,7,https://www.fema.gov/sites/default/files/documents/fema_pa_schedule-equipment-rates_2025.pdf,US-PD-17USC105,,FEMA Public Assistance の機械の料率表(2025 年版)。機械の所有と運転の費用(償却・間接費・整備・燃料・油脂・タイヤ等)を含み、オペレーターの人件費は含まない(FEMA の頁の注)。2025-07-01 以降に宣言された災害に適用。表の # 309、PDF 7 頁
14a641a002699820,US,equipment,"Loader-Backhoe, Wheel","Loader-Backhoe, Wheel / CAT Center-Pivot Backhoe Loader 420",Cost Code 8572; Manufacturer: CAT Center-Pivot Backhoe Loader 420; Specification: Net Power - SAE J1349 92 HP (68 kW) / 103 HP (76 kW) Dig Depth - Standard 14 ft Operating Weight - Maximum 24251 lb; Capacity or Size: 14 FT; HP: 103,USD/hour,national,US,United States,,,,110.03,USD,equipment_rate_hourly,public_domain,,,2025,2025-07-01,fema-equipment-rates-2025,7,https://www.fema.gov/sites/default/files/documents/fema_pa_schedule-equipment-rates_2025.pdf,US-PD-17USC105,,FEMA Public Assistance の機械の料率表(2025 年版)。機械の所有と運転の費用(償却・間接費・整備・燃料・油脂・タイヤ等)を含み、オペレーターの人件費は含まない(FEMA の頁の注)。2025-07-01 以降に宣言された災害に適用。表の # 310、PDF 7 頁
b82b113718458ca2,US,equipment,"Loader-Backhoe, Wheel","Loader-Backhoe, Wheel / CAT Center-Pivot Backhoe Loader 450",Cost Code 8573; Manufacturer: CAT Center-Pivot Backhoe Loader 450; Specification: Net Power - SAE J1349:2011 131 hp Dig Depth - Standard 17 ft Operating Weight - Maximum 29321 lb; Capacity or Size: 17 FT; HP: 131,USD/hour,national,US,United States,,,,128.68,USD,equipment_rate_hourly,public_domain,,,2025,2025-07-01,fema-equipment-rates-2025,7,https://www.fema.gov/sites/default/files/documents/fema_pa_schedule-equipment-rates_2025.pdf,US-PD-17USC105,,FEMA Public Assistance の機械の料率表(2025 年版)。機械の所有と運転の費用(償却・間接費・整備・燃料・油脂・タイヤ等)を含み、オペレーターの人件費は含まない(FEMA の頁の注)。2025-07-01 以降に宣言された災害に適用。表の # 311、PDF 7 頁
406b1e7527aa2a0b,US,equipment,"Distributor, Asphalt","Distributor, Asphalt / 2008 LEEBOY L500",Cost Code 8580; Manufacturer: 2008 LEEBOY L500; Specification: 550 gal; Capacity or Size: 550 gal; HP: 16,USD/hour,national,US,United States,,,,14.97,USD,equipment_rate_hourly,public_domain,,,2025,2025-07-01,fema-equipment-rates-2025,7,https://www.fema.gov/sites/default/files/documents/fema_pa_schedule-equipment-rates_2025.pdf,US-PD-17USC105,,FEMA Public Assistance の機械の料率表(2025 年版)。機械の所有と運転の費用(償却・間接費・整備・燃料・油脂・タイヤ等)を含み、オペレーターの人件費は含まない(FEMA の頁の注)。2025-07-01 以降に宣言された災害に適用。表の # 312、PDF 7 頁
3f7f510a1fb1afd3,US,equipment,"Distributor, Asphalt","Distributor, Asphalt / Miscellaneous 1000G",Cost Code 8581; Manufacturer: Miscellaneous 1000G; Specification: 1000-gal; Capacity or Size: 1000-gal; HP: 38,USD/hour,national,US,United States,,,,33.08,USD,equipment_rate_hourly,public_domain,,,2025,2025-07-01,fema-equipment-rates-2025,7,https://www.fema.gov/sites/default/files/documents/fema_pa_schedule-equipment-rates_2025.pdf,US-PD-17USC105,,FEMA Public Assistance の機械の料率表(2025 年版)。機械の所有と運転の費用(償却・間接費・整備・燃料・油脂・タイヤ等)を含み、オペレーターの人件費は含まない(FEMA の頁の注)。2025-07-01 以降に宣言された災害に適用。表の # 313、PDF 7 頁
36a227ef228aa451,US,equipment,"Distributor, Asphalt","Distributor, Asphalt / Miscellaneous 2000G",Cost Code 8582; Manufacturer: Miscellaneous 2000G; Specification: 2000-gal; Capacity or Size: 2000-gal; Notes: PTO,USD/hour,national,US,United States,,,,32.92,USD,equipment_rate_hourly,public_domain,,,2025,2025-07-01,fema-equipment-rates-2025,7,https://www.fema.gov/sites/default/files/documents/fema_pa_schedule-equipment-rates_2025.pdf,US-PD-17USC105,,FEMA Public Assistance の機械の料率表(2025 年版)。機械の所有と運転の費用(償却・間接費・整備・燃料・油脂・タイヤ等)を含み、オペレーターの人件費は含まない(FEMA の頁の注)。2025-07-01 以降に宣言された災害に適用。表の # 314、PDF 7 頁
470cc33b0b4fe894,US,equipment,"Distributor, Asphalt","Distributor, Asphalt / Miscellaneous 4000G",Cost Code 8583; Manufacturer: Miscellaneous 4000G; Specification: 4000-gal; Capacity or Size: 4000-gal; Notes: PTO,USD/hour,national,US,United States,,,,58.07,USD,equipment_rate_hourly,public_domain,,,2025,2025-07-01,fema-equipment-rates-2025,7,https://www.fema.gov/sites/default/files/documents/fema_pa_schedule-equipment-rates_2025.pdf,US-PD-17USC105,,FEMA Public Assistance の機械の料率表(2025 年版)。機械の所有と運転の費用(償却・間接費・整備・燃料・油脂・タイヤ等)を含み、オペレーターの人件費は含まない(FEMA の頁の注)。2025-07-01 以降に宣言された災害に適用。表の # 315、PDF 7 頁
91be68049efa6412,US,equipment,Distributor,Distributor / Etnyre Chip Spreader,Cost Code 8584; Manufacturer: Etnyre Chip Spreader; Specification: 13-FT; Capacity or Size: 13-FT; HP: to 210,USD/hour,national,US,United States,,,,129.06,USD,equipment_rate_hourly,public_domain,,,2025,2025-07-01,fema-equipment-rates-2025,7,https://www.fema.gov/sites/default/files/documents/fema_pa_schedule-equipment-rates_2025.pdf,US-PD-17USC105,,FEMA Public Assistance の機械の料率表(2025 年版)。機械の所有と運転の費用(償却・間接費・整備・燃料・油脂・タイヤ等)を含み、オペレーターの人件費は含まない(FEMA の頁の注)。2025-07-01 以降に宣言された災害に適用。表の # 316、PDF 7 頁
043d0950028f5813,US,equipment,"Trailer, Rear Dump","Trailer, Rear Dump / 25DU-20 BIG TEX 20′ DUMP TRAILER 13 TON 25,000 GVWR 8×20","Cost Code 8590; Manufacturer: 25DU-20 BIG TEX 20′ DUMP TRAILER 13 TON 25,000 GVWR 8×20; Specification: 23.7 CY Dump Trailer; HP: N/A",USD/hour,national,US,United States,,,,9,USD,equipment_rate_hourly,public_domain,,,2025,2025-07-01,fema-equipment-rates-2025,7,https://www.fema.gov/sites/default/files/documents/fema_pa_schedule-equipment-rates_2025.pdf,US-PD-17USC105,,FEMA Public Assistance の機械の料率表(2025 年版)。機械の所有と運転の費用(償却・間接費・整備・燃料・油脂・タイヤ等)を含み、オペレーターの人件費は含まない(FEMA の頁の注)。2025-07-01 以降に宣言された災害に適用。表の # 317、PDF 7 頁
1a315768551eaa17,US,equipment,"Trailer, Rear Dump","Trailer, Rear Dump / 2016 East EAST MANUFACTURING CORP End Dump Trailer",Cost Code 8591; Manufacturer: 2016 East EAST MANUFACTURING CORP End Dump Trailer; Specification: 30 CY Dump Trailer; HP: N/A,USD/hour,national,US,United States,,,,17.18,USD,equipment_rate_hourly,public_domain,,,2025,2025-07-01,fema-equipment-rates-2025,7,https://www.fema.gov/sites/default/files/documents/fema_pa_schedule-equipment-rates_2025.pdf,US-PD-17USC105,,FEMA Public Assistance の機械の料率表(2025 年版)。機械の所有と運転の費用(償却・間接費・整備・燃料・油脂・タイヤ等)を含み、オペレーターの人件費は含まない(FEMA の頁の注)。2025-07-01 以降に宣言された災害に適用。表の # 318、PDF 7 頁
b4802836f701ce55,US,equipment,"Trailer, Equipment","Trailer, Equipment / 2025 Big Tex Trailers 16TL Super Duty Tilt Bed Equipment Trailer","Cost Code 8600; Manufacturer: 2025 Big Tex Trailers 16TL Super Duty Tilt Bed Equipment Trailer; Specification: Width: 83"" Length: 20', 22' GVWR: 17,500 lbs Cargo Capacity: 12,560-13,420 lbs",USD/hour,national,US,United States,,,,13.61,USD,equipment_rate_hourly,public_domain,,,2025,2025-07-01,fema-equipment-rates-2025,7,https://www.fema.gov/sites/default/files/documents/fema_pa_schedule-equipment-rates_2025.pdf,US-PD-17USC105,,FEMA Public Assistance の機械の料率表(2025 年版)。機械の所有と運転の費用(償却・間接費・整備・燃料・油脂・タイヤ等)を含み、オペレーターの人件費は含まない(FEMA の頁の注)。2025-07-01 以降に宣言された災害に適用。表の # 319、PDF 7 頁
c7ed849554342764,US,equipment,"Trailer, Equipment","Trailer, Equipment / Kaufman Trailers tri-axle","Cost Code 8601; Manufacturer: Kaufman Trailers tri-axle; Specification: 30 FT, 62,000 GVWR",USD/hour,national,US,United States,,,,15.8,USD,equipment_rate_hourly,public_domain,,,2025,2025-07-01,fema-equipment-rates-2025,7,https://www.fema.gov/sites/default/files/documents/fema_pa_schedule-equipment-rates_2025.pdf,US-PD-17USC105,,FEMA Public Assistance の機械の料率表(2025 年版)。機械の所有と運転の費用(償却・間接費・整備・燃料・油脂・タイヤ等)を含み、オペレーターの人件費は含まない(FEMA の頁の注)。2025-07-01 以降に宣言された災害に適用。表の # 320、PDF 7 頁
fa4c7af64b87a0b6,US,equipment,"Trailer, Equipment","Trailer, Equipment / Miscellaneous DROP 3 60",Cost Code 8602; Manufacturer: Miscellaneous DROP 3 60; Specification: 60 ton; HP: N/A,USD/hour,national,US,United States,,,,21.05,USD,equipment_rate_hourly,public_domain,,,2025,2025-07-01,fema-equipment-rates-2025,7,https://www.fema.gov/sites/default/files/documents/fema_pa_schedule-equipment-rates_2025.pdf,US-PD-17USC105,,FEMA Public Assistance の機械の料率表(2025 年版)。機械の所有と運転の費用(償却・間接費・整備・燃料・油脂・タイヤ等)を含み、オペレーターの人件費は含まない(FEMA の頁の注)。2025-07-01 以降に宣言された災害に適用。表の # 321、PDF 7 頁
8fc471cb9cfe1e81,US,equipment,"Trailer, Equipment","Trailer, Equipment / Miscellaneous FLUSH 4 120",Cost Code 8603; Manufacturer: Miscellaneous FLUSH 4 120; Specification: 120 ton; HP: N/A,USD/hour,national,US,United States,,,,33.95,USD,equipment_rate_hourly,public_domain,,,2025,2025-07-01,fema-equipment-rates-2025,7,https://www.fema.gov/sites/default/files/documents/fema_pa_schedule-equipment-rates_2025.pdf,US-PD-17USC105,,FEMA Public Assistance の機械の料率表(2025 年版)。機械の所有と運転の費用(償却・間接費・整備・燃料・油脂・タイヤ等)を含み、オペレーターの人件費は含まない(FEMA の頁の注)。2025-07-01 以降に宣言された災害に適用。表の # 322、PDF 7 頁
222090f100d71ec7,US,equipment,"Trailer, Water","Trailer, Water / Miscellaneous 1200 4000",Cost Code 8610; Manufacturer: Miscellaneous 1200 4000; Specification: 4000 gallon; HP: N/A,USD/hour,national,US,United States,,,,17.09,USD,equipment_rate_hourly,public_domain,,,2025,2025-07-01,fema-equipment-rates-2025,7,https://www.fema.gov/sites/default/files/documents/fema_pa_schedule-equipment-rates_2025.pdf,US-PD-17USC105,,FEMA Public Assistance の機械の料率表(2025 年版)。機械の所有と運転の費用(償却・間接費・整備・燃料・油脂・タイヤ等)を含み、オペレーターの人件費は含まない(FEMA の頁の注)。2025-07-01 以降に宣言された災害に適用。表の # 323、PDF 7 頁
86631b41d16747a1,US,equipment,"Trailer, Water","Trailer, Water / Miscellaneous 1200 6000",Cost Code 8611; Manufacturer: Miscellaneous 1200 6000; Specification: 6000 gallon; HP: N/A,USD/hour,national,US,United States,,,,24.45,USD,equipment_rate_hourly,public_domain,,,2025,2025-07-01,fema-equipment-rates-2025,7,https://www.fema.gov/sites/default/files/documents/fema_pa_schedule-equipment-rates_2025.pdf,US-PD-17USC105,,FEMA Public Assistance の機械の料率表(2025 年版)。機械の所有と運転の費用(償却・間接費・整備・燃料・油脂・タイヤ等)を含み、オペレーターの人件費は含まない(FEMA の頁の注)。2025-07-01 以降に宣言された災害に適用。表の # 324、PDF 7 頁
4b56495ce1a087af,US,equipment,"Trailer, Water","Trailer, Water / Miscellaneous 1500 10000",Cost Code 8612; Manufacturer: Miscellaneous 1500 10000; Specification: 10000 gallon; HP: N/A,USD/hour,national,US,United States,,,,30.77,USD,equipment_rate_hourly,public_domain,,,2025,2025-07-01,fema-equipment-rates-2025,7,https://www.fema.gov/sites/default/files/documents/fema_pa_schedule-equipment-rates_2025.pdf,US-PD-17USC105,,FEMA Public Assistance の機械の料率表(2025 年版)。機械の所有と運転の費用(償却・間接費・整備・燃料・油脂・タイヤ等)を含み、オペレーターの人件費は含まない(FEMA の頁の注)。2025-07-01 以降に宣言された災害に適用。表の # 325、PDF 7 頁
a6d582f0eb441f4b,US,equipment,"Trailer, Water","Trailer, Water / Miscellaneous 1500 14000",Cost Code 8613; Manufacturer: Miscellaneous 1500 14000; Specification: 14000 gallon; HP: N/A,USD/hour,national,US,United States,,,,37.74,USD,equipment_rate_hourly,public_domain,,,2025,2025-07-01,fema-equipment-rates-2025,7,https://www.fema.gov/sites/default/files/documents/fema_pa_schedule-equipment-rates_2025.pdf,US-PD-17USC105,,FEMA Public Assistance の機械の料率表(2025 年版)。機械の所有と運転の費用(償却・間接費・整備・燃料・油脂・タイヤ等)を含み、オペレーターの人件費は含まない(FEMA の頁の注)。2025-07-01 以降に宣言された災害に適用。表の # 326、PDF 7 頁
25a5dea5365d5cc4,US,equipment,Truck - Water Tanker,Truck - Water Tanker / FREIGHTLINER BUSINESS CLASS M2 106 PLUS,Cost Code 8614; Manufacturer: FREIGHTLINER BUSINESS CLASS M2 106 PLUS; Specification: 4000 galon tank; HP: to 300,USD/hour,national,US,United States,,,,45.16,USD,equipment_rate_hourly,public_domain,,,2025,2025-07-01,fema-equipment-rates-2025,7,https://www.fema.gov/sites/default/files/documents/fema_pa_schedule-equipment-rates_2025.pdf,US-PD-17USC105,,FEMA Public Assistance の機械の料率表(2025 年版)。機械の所有と運転の費用(償却・間接費・整備・燃料・油脂・タイヤ等)を含み、オペレーターの人件費は含まない(FEMA の頁の注)。2025-07-01 以降に宣言された災害に適用。表の # 327、PDF 7 頁
12eebb0ebc0bc61b,US,equipment,Tub Grinder,Tub Grinder / Morbark 1000 Tub Grinder,Cost Code 8621; Manufacturer: Morbark 1000 Tub Grinder; Specification: up to 40 ton per hour; HP: to 577,USD/hour,national,US,United States,,,,165.82,USD,equipment_rate_hourly,public_domain,,,2025,2025-07-01,fema-equipment-rates-2025,7,https://www.fema.gov/sites/default/files/documents/fema_pa_schedule-equipment-rates_2025.pdf,US-PD-17USC105,,FEMA Public Assistance の機械の料率表(2025 年版)。機械の所有と運転の費用(償却・間接費・整備・燃料・油脂・タイヤ等)を含み、オペレーターの人件費は含まない(FEMA の頁の注)。2025-07-01 以降に宣言された災害に適用。表の # 328、PDF 7 頁
7e4520f53626d6a8,US,equipment,Tub Grinder,Tub Grinder / Morbark 1300 Tub Grinder,Cost Code 8622; Manufacturer: Morbark 1300 Tub Grinder; Specification: up to 80 ton per hour; HP: to 1050,USD/Hour,national,US,United States,,,,249.83,USD,equipment_rate_hourly,public_domain,,,2025,2025-07-01,fema-equipment-rates-2025,7,https://www.fema.gov/sites/default/files/documents/fema_pa_schedule-equipment-rates_2025.pdf,US-PD-17USC105,,FEMA Public Assistance の機械の料率表(2025 年版)。機械の所有と運転の費用(償却・間接費・整備・燃料・油脂・タイヤ等)を含み、オペレーターの人件費は含まない(FEMA の頁の注)。2025-07-01 以降に宣言された災害に適用。表の # 329、PDF 7 頁
fcdbd7386e9f5d0b,US,equipment,Tub Grinder,Tub Grinder / Morbark 1600 Tub Grinder,Cost Code 8623; Manufacturer: Morbark 1600 Tub Grinder; Specification: up to 190 ton per hour; HP: to 1200,USD/hour,national,US,United States,,,,352.95,USD,equipment_rate_hourly,public_domain,,,2025,2025-07-01,fema-equipment-rates-2025,7,https://www.fema.gov/sites/default/files/documents/fema_pa_schedule-equipment-rates_2025.pdf,US-PD-17USC105,,FEMA Public Assistance の機械の料率表(2025 年版)。機械の所有と運転の費用(償却・間接費・整備・燃料・油脂・タイヤ等)を含み、オペレーターの人件費は含まない(FEMA の頁の注)。2025-07-01 以降に宣言された災害に適用。表の # 330、PDF 7 頁
f995f5add57fb9b1,US,equipment,Horizontal Grinder,Horizontal Grinder / Vermeer HG6000 Horizontal Grinder,Cost Code 8627; Manufacturer: Vermeer HG6000 Horizontal Grinder; HP: 630,USD/hour,national,US,United States,,,,96.28,USD,equipment_rate_hourly,public_domain,,,2025,2025-07-01,fema-equipment-rates-2025,7,https://www.fema.gov/sites/default/files/documents/fema_pa_schedule-equipment-rates_2025.pdf,US-PD-17USC105,,FEMA Public Assistance の機械の料率表(2025 年版)。機械の所有と運転の費用(償却・間接費・整備・燃料・油脂・タイヤ等)を含み、オペレーターの人件費は含まない(FEMA の頁の注)。2025-07-01 以降に宣言された災害に適用。表の # 331、PDF 7 頁
3ac7c35166f777a1,US,equipment,Stump Grinder,Stump Grinder / 2021 Vermeer SC852,Cost Code 8628; Manufacturer: 2021 Vermeer SC852; Specification: 23 IN Cutterwheel Diameter; HP: 74,USD/hour,national,US,United States,,,,55.28,USD,equipment_rate_hourly,public_domain,,,2025,2025-07-01,fema-equipment-rates-2025,7,https://www.fema.gov/sites/default/files/documents/fema_pa_schedule-equipment-rates_2025.pdf,US-PD-17USC105,,FEMA Public Assistance の機械の料率表(2025 年版)。機械の所有と運転の費用(償却・間接費・整備・燃料・油脂・タイヤ等)を含み、オペレーターの人件費は含まない(FEMA の頁の注)。2025-07-01 以降に宣言された災害に適用。表の # 332、PDF 7 頁
a50fd580ec2ece6d,US,equipment,Stump Grinder,Stump Grinder / 2024 Vermeer SC1052,Cost Code 8629; Manufacturer: 2024 Vermeer SC1052; Specification: 26 IN Cutterwheel Diameter; HP: 115,USD/hour,national,US,United States,,,,56.33,USD,equipment_rate_hourly,public_domain,,,2025,2025-07-01,fema-equipment-rates-2025,7,https://www.fema.gov/sites/default/files/documents/fema_pa_schedule-equipment-rates_2025.pdf,US-PD-17USC105,,FEMA Public Assistance の機械の料率表(2025 年版)。機械の所有と運転の費用(償却・間接費・整備・燃料・油脂・タイヤ等)を含み、オペレーターの人件費は含まない(FEMA の頁の注)。2025-07-01 以降に宣言された災害に適用。表の # 333、PDF 7 頁
21494c4f58df02ed,US,equipment,"Sprayer, Seed","Sprayer, Seed / Reinco HG-5-HA, Trailer Mounted","Cost Code 8630; Manufacturer: Reinco HG-5-HA, Trailer Mounted; HP: 20",USD/hour,national,US,United States,,,,10.07,USD,equipment_rate_hourly,public_domain,,,2025,2025-07-01,fema-equipment-rates-2025,7,https://www.fema.gov/sites/default/files/documents/fema_pa_schedule-equipment-rates_2025.pdf,US-PD-17USC105,,FEMA Public Assistance の機械の料率表(2025 年版)。機械の所有と運転の費用(償却・間接費・整備・燃料・油脂・タイヤ等)を含み、オペレーターの人件費は含まない(FEMA の頁の注)。2025-07-01 以降に宣言された災害に適用。表の # 334、PDF 7 頁
f9fdefccf68964fe,US,equipment,"Sprayer, Seed","Sprayer, Seed / Reinco HG-10GXA2, Trailer Mounted","Cost Code 8631; Manufacturer: Reinco HG-10GXA2, Trailer Mounted; HP: 35; Notes: Single Drum",USD/hour,national,US,United States,,,,22.28,USD,equipment_rate_hourly,public_domain,,,2025,2025-07-01,fema-equipment-rates-2025,7,https://www.fema.gov/sites/default/files/documents/fema_pa_schedule-equipment-rates_2025.pdf,US-PD-17USC105,,FEMA Public Assistance の機械の料率表(2025 年版)。機械の所有と運転の費用(償却・間接費・整備・燃料・油脂・タイヤ等)を含み、オペレーターの人件費は含まない(FEMA の頁の注)。2025-07-01 以降に宣言された災害に適用。表の # 335、PDF 7 頁
6dae03d52f1ce8bb,US,equipment,"Sprayer, Seed","Sprayer, Seed / Reinco HG-30GX, Truck Mounted","Cost Code 8632; Manufacturer: Reinco HG-30GX, Truck Mounted; HP: 115",USD/hour,national,US,United States,,,,50.34,USD,equipment_rate_hourly,public_domain,,,2025,2025-07-01,fema-equipment-rates-2025,7,https://www.fema.gov/sites/default/files/documents/fema_pa_schedule-equipment-rates_2025.pdf,US-PD-17USC105,,FEMA Public Assistance の機械の料率表(2025 年版)。機械の所有と運転の費用(償却・間接費・整備・燃料・油脂・タイヤ等)を含み、オペレーターの人件費は含まない(FEMA の頁の注)。2025-07-01 以降に宣言された災害に適用。表の # 336、PDF 7 頁
594af29c1498c6ff,US,equipment,"Mulcher, Trailer Mntd","Mulcher, Trailer Mntd / Finn B70",Cost Code 8633; Manufacturer: Finn B70; HP: 33.5,USD/hour,national,US,United States,,,,22.32,USD,equipment_rate_hourly,public_domain,,,2025,2025-07-01,fema-equipment-rates-2025,7,https://www.fema.gov/sites/default/files/documents/fema_pa_schedule-equipment-rates_2025.pdf,US-PD-17USC105,,FEMA Public Assistance の機械の料率表(2025 年版)。機械の所有と運転の費用(償却・間接費・整備・燃料・油脂・タイヤ等)を含み、オペレーターの人件費は含まない(FEMA の頁の注)。2025-07-01 以降に宣言された災害に適用。表の # 337、PDF 7 頁
689391b1f626e200,US,equipment,"Mulcher, Trailer Mntd","Mulcher, Trailer Mntd / Reinco M65",Cost Code 8634; Manufacturer: Reinco M65; HP: 54,USD/hour,national,US,United States,,,,27.99,USD,equipment_rate_hourly,public_domain,,,2025,2025-07-01,fema-equipment-rates-2025,7,https://www.fema.gov/sites/default/files/documents/fema_pa_schedule-equipment-rates_2025.pdf,US-PD-17USC105,,FEMA Public Assistance の機械の料率表(2025 年版)。機械の所有と運転の費用(償却・間接費・整備・燃料・油脂・タイヤ等)を含み、オペレーターの人件費は含まない(FEMA の頁の注)。2025-07-01 以降に宣言された災害に適用。表の # 338、PDF 7 頁
7cddb378b6ec7b61,US,equipment,"Mulcher, Trailer Mntd","Mulcher, Trailer Mntd / Reinco M90",Cost Code 8635; Manufacturer: Reinco M90; HP: 115,USD/hour,national,US,United States,,,,41.38,USD,equipment_rate_hourly,public_domain,,,2025,2025-07-01,fema-equipment-rates-2025,7,https://www.fema.gov/sites/default/files/documents/fema_pa_schedule-equipment-rates_2025.pdf,US-PD-17USC105,,FEMA Public Assistance の機械の料率表(2025 年版)。機械の所有と運転の費用(償却・間接費・整備・燃料・油脂・タイヤ等)を含み、オペレーターの人件費は含まない(FEMA の頁の注)。2025-07-01 以降に宣言された災害に適用。表の # 339、PDF 7 頁
d35a438dabfecfb1,US,equipment,Scraper,Scraper / Wirtgen WR2400,Cost Code 8636; Manufacturer: Wirtgen WR2400; HP: 563,USD/hour,national,US,United States,,,,492.02,USD,equipment_rate_hourly,public_domain,,,2025,2025-07-01,fema-equipment-rates-2025,7,https://www.fema.gov/sites/default/files/documents/fema_pa_schedule-equipment-rates_2025.pdf,US-PD-17USC105,,FEMA Public Assistance の機械の料率表(2025 年版)。機械の所有と運転の費用(償却・間接費・整備・燃料・油脂・タイヤ等)を含み、オペレーターの人件費は含まない(FEMA の頁の注)。2025-07-01 以降に宣言された災害に適用。表の # 340、PDF 7 頁
c8e8f02ffd857aec,US,equipment,Trailer (Off Highway Bottom Dump),Trailer (Off Highway Bottom Dump) / Load King 2842,Cost Code 8637; Manufacturer: Load King 2842; Specification: 28.0 cu yd,USD/hour,national,US,United States,,,,25.3,USD,equipment_rate_hourly,public_domain,,,2025,2025-07-01,fema-equipment-rates-2025,7,https://www.fema.gov/sites/default/files/documents/fema_pa_schedule-equipment-rates_2025.pdf,US-PD-17USC105,,FEMA Public Assistance の機械の料率表(2025 年版)。機械の所有と運転の費用(償却・間接費・整備・燃料・油脂・タイヤ等)を含み、オペレーターの人件費は含まない(FEMA の頁の注)。2025-07-01 以降に宣言された災害に適用。表の # 341、PDF 7 頁
0ac56a24ba0a7f3b,US,equipment,Rake,Rake / Barber Beach Sand Rake 600HD,Cost Code 8638; Manufacturer: Barber Beach Sand Rake 600HD; Specification: 15 feet (5m),USD/hour,national,US,United States,,,,18.73,USD,equipment_rate_hourly,public_domain,,,2025,2025-07-01,fema-equipment-rates-2025,7,https://www.fema.gov/sites/default/files/documents/fema_pa_schedule-equipment-rates_2025.pdf,US-PD-17USC105,,FEMA Public Assistance の機械の料率表(2025 年版)。機械の所有と運転の費用(償却・間接費・整備・燃料・油脂・タイヤ等)を含み、オペレーターの人件費は含まない(FEMA の頁の注)。2025-07-01 以降に宣言された災害に適用。表の # 342、PDF 7 頁
45975791613bf651,US,equipment,Chipper,Chipper / Wildcat 626 Cougar,Cost Code 8639; Manufacturer: Wildcat 626 Cougar,USD/hour,national,US,United States,,,,42.44,USD,equipment_rate_hourly,public_domain,,,2025,2025-07-01,fema-equipment-rates-2025,7,https://www.fema.gov/sites/default/files/documents/fema_pa_schedule-equipment-rates_2025.pdf,US-PD-17USC105,,FEMA Public Assistance の機械の料率表(2025 年版)。機械の所有と運転の費用(償却・間接費・整備・燃料・油脂・タイヤ等)を含み、オペレーターの人件費は含まない(FEMA の頁の注)。2025-07-01 以降に宣言された災害に適用。表の # 343、PDF 7 頁
126c3eccd634f829,US,equipment,"Trailer, Office","Trailer, Office / Miscellaneous 8X24",Cost Code 8640; Manufacturer: Miscellaneous 8X24,USD/hour,national,US,United States,,,,1.99,USD,equipment_rate_hourly,public_domain,,,2025,2025-07-01,fema-equipment-rates-2025,7,https://www.fema.gov/sites/default/files/documents/fema_pa_schedule-equipment-rates_2025.pdf,US-PD-17USC105,,FEMA Public Assistance の機械の料率表(2025 年版)。機械の所有と運転の費用(償却・間接費・整備・燃料・油脂・タイヤ等)を含み、オペレーターの人件費は含まない(FEMA の頁の注)。2025-07-01 以降に宣言された災害に適用。表の # 344、PDF 7 頁
03c7d6163c3dd60b,US,equipment,"Trailer, Office","Trailer, Office / 7×12 Office Trailer",Cost Code 8641; Manufacturer: 7×12 Office Trailer,USD/hour,national,US,United States,,,,2.43,USD,equipment_rate_hourly,public_domain,,,2025,2025-07-01,fema-equipment-rates-2025,7,https://www.fema.gov/sites/default/files/documents/fema_pa_schedule-equipment-rates_2025.pdf,US-PD-17USC105,,FEMA Public Assistance の機械の料率表(2025 年版)。機械の所有と運転の費用(償却・間接費・整備・燃料・油脂・タイヤ等)を含み、オペレーターの人件費は含まない(FEMA の頁の注)。2025-07-01 以降に宣言された災害に適用。表の # 345、PDF 7 頁
89fc1b0a466caef1,US,equipment,"Trailer, Office","Trailer, Office / 20′ Mobile Office Command Trailer w/ AC/Heat (Bathroom Optional)",Cost Code 8642; Manufacturer: 20′ Mobile Office Command Trailer w/ AC/Heat (Bathroom Optional),USD/hour,national,US,United States,,,,14.9,USD,equipment_rate_hourly,public_domain,,,2025,2025-07-01,fema-equipment-rates-2025,7,https://www.fema.gov/sites/default/files/documents/fema_pa_schedule-equipment-rates_2025.pdf,US-PD-17USC105,,FEMA Public Assistance の機械の料率表(2025 年版)。機械の所有と運転の費用(償却・間接費・整備・燃料・油脂・タイヤ等)を含み、オペレーターの人件費は含まない(FEMA の頁の注)。2025-07-01 以降に宣言された災害に適用。表の # 346、PDF 7 頁
1dcc94b9c9c4b76a,US,equipment,"Trailer, Covered Utility Trailer","Trailer, Covered Utility Trailer / 7-ft x 16-ft",Cost Code 8644; Manufacturer: 7-ft x 16-ft,USD/hour,national,US,United States,,,,6.29,USD,equipment_rate_hourly,public_domain,,,2025,2025-07-01,fema-equipment-rates-2025,7,https://www.fema.gov/sites/default/files/documents/fema_pa_schedule-equipment-rates_2025.pdf,US-PD-17USC105,,FEMA Public Assistance の機械の料率表(2025 年版)。機械の所有と運転の費用(償却・間接費・整備・燃料・油脂・タイヤ等)を含み、オペレーターの人件費は含まない(FEMA の頁の注)。2025-07-01 以降に宣言された災害に適用。表の # 347、PDF 7 頁
d26299d59fddc1fe,US,equipment,"Trailer, Shower","Trailer, Shower / 12 Station Portable Restrooms Trailer | Luxury Series",Cost Code 8645; Manufacturer: 12 Station Portable Restrooms Trailer | Luxury Series,USD/hour,national,US,United States,,,,44.99,USD,equipment_rate_hourly,public_domain,,,2025,2025-07-01,fema-equipment-rates-2025,7,https://www.fema.gov/sites/default/files/documents/fema_pa_schedule-equipment-rates_2025.pdf,US-PD-17USC105,,FEMA Public Assistance の機械の料率表(2025 年版)。機械の所有と運転の費用(償却・間接費・整備・燃料・油脂・タイヤ等)を含み、オペレーターの人件費は含まない(FEMA の頁の注)。2025-07-01 以降に宣言された災害に適用。表の # 348、PDF 7 頁
4e4bbf74a12ef67c,US,equipment,Trencher,Trencher / Seaman-Parsons T20,Cost Code 8650; Manufacturer: Seaman-Parsons T20; HP: 20,USD/hour,national,US,United States,,,,49.22,USD,equipment_rate_hourly,public_domain,,,2025,2025-07-01,fema-equipment-rates-2025,7,https://www.fema.gov/sites/default/files/documents/fema_pa_schedule-equipment-rates_2025.pdf,US-PD-17USC105,,FEMA Public Assistance の機械の料率表(2025 年版)。機械の所有と運転の費用(償却・間接費・整備・燃料・油脂・タイヤ等)を含み、オペレーターの人件費は含まない(FEMA の頁の注)。2025-07-01 以降に宣言された災害に適用。表の # 349、PDF 7 頁
9e7d41e19dd2bc06,US,equipment,Trencher,Trencher / Seaman-Parsons T500,Cost Code 8651; Manufacturer: Seaman-Parsons T500; HP: 58,USD/hour,national,US,United States,,,,72.37,USD,equipment_rate_hourly,public_domain,,,2025,2025-07-01,fema-equipment-rates-2025,7,https://www.fema.gov/sites/default/files/documents/fema_pa_schedule-equipment-rates_2025.pdf,US-PD-17USC105,,FEMA Public Assistance の機械の料率表(2025 年版)。機械の所有と運転の費用(償却・間接費・整備・燃料・油脂・タイヤ等)を含み、オペレーターの人件費は含まない(FEMA の頁の注)。2025-07-01 以降に宣言された災害に適用。表の # 350、PDF 7 頁
5778c95ddd9ced41,US,equipment,Trencher/Ditcher,Trencher/Ditcher / New Holland B115B (disc. 2012),Cost Code 8652; Manufacturer: New Holland B115B (disc. 2012); Specification: 1.5CY; Capacity or Size: 1.5CY; HP: 108,USD/hour,national,US,United States,,,,73.5,USD,equipment_rate_hourly,public_domain,,,2025,2025-07-01,fema-equipment-rates-2025,8,https://www.fema.gov/sites/default/files/documents/fema_pa_schedule-equipment-rates_2025.pdf,US-PD-17USC105,,FEMA Public Assistance の機械の料率表(2025 年版)。機械の所有と運転の費用(償却・間接費・整備・燃料・油脂・タイヤ等)を含み、オペレーターの人件費は含まない(FEMA の頁の注)。2025-07-01 以降に宣言された災害に適用。表の # 351、PDF 8 頁
18af09b595935e78,US,equipment,Trencher/Ditcher,Trencher/Ditcher / New Holland T8.330 (disc. 2014),Cost Code 8653; Manufacturer: New Holland T8.330 (disc. 2014); HP: 284,USD/hour,national,US,United States,,,,151.12,USD,equipment_rate_hourly,public_domain,,,2025,2025-07-01,fema-equipment-rates-2025,8,https://www.fema.gov/sites/default/files/documents/fema_pa_schedule-equipment-rates_2025.pdf,US-PD-17USC105,,FEMA Public Assistance の機械の料率表(2025 年版)。機械の所有と運転の費用(償却・間接費・整備・燃料・油脂・タイヤ等)を含み、オペレーターの人件費は含まない(FEMA の頁の注)。2025-07-01 以降に宣言された災害に適用。表の # 352、PDF 8 頁
ee2a65571d20422e,US,equipment,Trench Burner,Trench Burner / Through-Pu average 10 to 12 Tons per hour,Cost Code 8654; Manufacturer: Through-Pu average 10 to 12 Tons per hour; Specification: McPherson Systems air curtain destructor; Capacity or Size: nozzle length- 30 foot.; HP: 75,USD/hour,national,US,United States,,,,20.79,USD,equipment_rate_hourly,public_domain,,,2025,2025-07-01,fema-equipment-rates-2025,8,https://www.fema.gov/sites/default/files/documents/fema_pa_schedule-equipment-rates_2025.pdf,US-PD-17USC105,,FEMA Public Assistance の機械の料率表(2025 年版)。機械の所有と運転の費用(償却・間接費・整備・燃料・油脂・タイヤ等)を含み、オペレーターの人件費は含まない(FEMA の頁の注)。2025-07-01 以降に宣言された災害に適用。表の # 353、PDF 8 頁
2476e2a22aab91ad,US,equipment,"Plow, Cable","Plow, Cable / Case MAXI-SNEAKER C (disc. 2003)",Cost Code 8660; Manufacturer: Case MAXI-SNEAKER C (disc. 2003); Specification: 24-in; Capacity or Size: 24-in; HP: 33.5,USD/hour,national,US,United States,,,,18.74,USD,equipment_rate_hourly,public_domain,,,2025,2025-07-01,fema-equipment-rates-2025,8,https://www.fema.gov/sites/default/files/documents/fema_pa_schedule-equipment-rates_2025.pdf,US-PD-17USC105,,FEMA Public Assistance の機械の料率表(2025 年版)。機械の所有と運転の費用(償却・間接費・整備・燃料・油脂・タイヤ等)を含み、オペレーターの人件費は含まない(FEMA の頁の注)。2025-07-01 以降に宣言された災害に適用。表の # 354、PDF 8 頁
6e912a3f887e5027,US,equipment,"Plow, Cable","Plow, Cable / Seaman-Parsons DP-60",Cost Code 8661; Manufacturer: Seaman-Parsons DP-60; Specification: 18-in; Capacity or Size: 18-in; HP: 82,USD/hour,national,US,United States,,,,57.52,USD,equipment_rate_hourly,public_domain,,,2025,2025-07-01,fema-equipment-rates-2025,8,https://www.fema.gov/sites/default/files/documents/fema_pa_schedule-equipment-rates_2025.pdf,US-PD-17USC105,,FEMA Public Assistance の機械の料率表(2025 年版)。機械の所有と運転の費用(償却・間接費・整備・燃料・油脂・タイヤ等)を含み、オペレーターの人件費は含まない(FEMA の頁の注)。2025-07-01 以降に宣言された災害に適用。表の # 355、PDF 8 頁
5f7f23408b7810bb,US,equipment,"Plow, Cable","Plow, Cable / Seaman-Parsons DP-100",Cost Code 8662; Manufacturer: Seaman-Parsons DP-100; Specification: 42-in; Capacity or Size: 42-in; HP: 110,USD/hour,national,US,United States,,,,64.42,USD,equipment_rate_hourly,public_domain,,,2025,2025-07-01,fema-equipment-rates-2025,8,https://www.fema.gov/sites/default/files/documents/fema_pa_schedule-equipment-rates_2025.pdf,US-PD-17USC105,,FEMA Public Assistance の機械の料率表(2025 年版)。機械の所有と運転の費用(償却・間接費・整備・燃料・油脂・タイヤ等)を含み、オペレーターの人件費は含まない(FEMA の頁の注)。2025-07-01 以降に宣言された災害に適用。表の # 356、PDF 8 頁
39e77b3617bb69b1,US,equipment,"Derrick, Hydraulic Digger","Derrick, Hydraulic Digger / Miscellaneous 60/12- Hydraulic Digger Derricks",Cost Code 8670; Manufacturer: Miscellaneous 60/12- Hydraulic Digger Derricks,USD/hour,national,US,United States,,,,27.09,USD,equipment_rate_hourly,public_domain,,,2025,2025-07-01,fema-equipment-rates-2025,8,https://www.fema.gov/sites/default/files/documents/fema_pa_schedule-equipment-rates_2025.pdf,US-PD-17USC105,,FEMA Public Assistance の機械の料率表(2025 年版)。機械の所有と運転の費用(償却・間接費・整備・燃料・油脂・タイヤ等)を含み、オペレーターの人件費は含まない(FEMA の頁の注)。2025-07-01 以降に宣言された災害に適用。表の # 357、PDF 8 頁
f964a64463a2faf2,US,equipment,"Derrick, Hydraulic Digger","Derrick, Hydraulic Digger / Miscellaneous 990/14 - Hydraulic Digger Derricks",Cost Code 8671; Manufacturer: Miscellaneous 990/14 - Hydraulic Digger Derricks,USD/hour,national,US,United States,,,,47.61,USD,equipment_rate_hourly,public_domain,,,2025,2025-07-01,fema-equipment-rates-2025,8,https://www.fema.gov/sites/default/files/documents/fema_pa_schedule-equipment-rates_2025.pdf,US-PD-17USC105,,FEMA Public Assistance の機械の料率表(2025 年版)。機械の所有と運転の費用(償却・間接費・整備・燃料・油脂・タイヤ等)を含み、オペレーターの人件費は含まない(FEMA の頁の注)。2025-07-01 以降に宣言された災害に適用。表の # 358、PDF 8 頁
aa5138267ca93af9,US,equipment,Movax SP-60,Movax SP-60 / 28-32 ton Head,Cost Code 8672; Manufacturer: 28-32 ton Head; HP: 178,USD/hour,national,US,United States,,,,134.98,USD,equipment_rate_hourly,public_domain,,,2025,2025-07-01,fema-equipment-rates-2025,8,https://www.fema.gov/sites/default/files/documents/fema_pa_schedule-equipment-rates_2025.pdf,US-PD-17USC105,,FEMA Public Assistance の機械の料率表(2025 年版)。機械の所有と運転の費用(償却・間接費・整備・燃料・油脂・タイヤ等)を含み、オペレーターの人件費は含まない(FEMA の頁の注)。2025-07-01 以降に宣言された災害に適用。表の # 359、PDF 8 頁
ebc38bef04ab31fe,US,equipment,"Truck, Concrete Mixer","Truck, Concrete Mixer / Mixer Capacity = 13 cy","Cost Code 8673; Manufacturer: Mixer Capacity = 13 cy; Specification: 13-CY; Capacity or Size: 13-CY; HP: 285.0; Notes: Saved in EW as 8680-1. Somehow was changed from Truck, Fire Aerial Platform to concrete mixer.",USD/hour,national,US,United States,,,,93.46,USD,equipment_rate_hourly,public_domain,,,2025,2025-07-01,fema-equipment-rates-2025,8,https://www.fema.gov/sites/default/files/documents/fema_pa_schedule-equipment-rates_2025.pdf,US-PD-17USC105,,FEMA Public Assistance の機械の料率表(2025 年版)。機械の所有と運転の費用(償却・間接費・整備・燃料・油脂・タイヤ等)を含み、オペレーターの人件費は含まない(FEMA の頁の注)。2025-07-01 以降に宣言された災害に適用。表の # 360、PDF 8 頁
4bdd3d7baf191b16,US,equipment,"Truck, Fire, Engine Type 1","Truck, Fire, Engine Type 1 / KME K-180 Side Mount Pumper","Cost Code 8680; Manufacturer: KME K-180 Side Mount Pumper; Specification: Waterous CSU 1500 GPM FRC InControl Pressure Governor 1000 Gallons Water 20 Gallons Foam Pre-Connects: (2) 1-3/4” Crosslays, (1) 2-1/2” Crosslay and 1-1/2” Front Trashline Discharges: (1) 2-1/2” Left, Right and Rear, (1) LDH Discharge right, Deck Gun TFT Extenda-Gun on Deluge Riser UPF Water Tank; Capacity or Size: Pump GPM:1500 Tank Size:1000 GA; HP: to 500",USD/Hour,national,US,United States,,,,162.44,USD,equipment_rate_hourly,public_domain,,,2025,2025-07-01,fema-equipment-rates-2025,8,https://www.fema.gov/sites/default/files/documents/fema_pa_schedule-equipment-rates_2025.pdf,US-PD-17USC105,,FEMA Public Assistance の機械の料率表(2025 年版)。機械の所有と運転の費用(償却・間接費・整備・燃料・油脂・タイヤ等)を含み、オペレーターの人件費は含まない(FEMA の頁の注)。2025-07-01 以降に宣言された災害に適用。表の # 361、PDF 8 頁
2c75d2dcbe43a359,US,equipment,"Truck, Fire, Engine Type 2","Truck, Fire, Engine Type 2 / Freightliner","Cost Code 8681; Manufacturer: Freightliner; Specification: Hale QMAX 1500 GPM Top-Mount Pump 1500 Gallon Polypropylene Tank Driver's Side Discharges: (2) 2 1/2"" Front Discharges: (1) 2"" Crosslays/Speedlays: Crosslays: (2) 1 3/4"" Officer's Side Discharge: (2) 2 1/2"" Rear Discharges: (1) 2 1/2"" Driver's Side Suction: (1) 2 1/2"", (1) 6"" Officer's Side Suction: (1) 2 1/2"", (1) 6"" Deck Gun Included; Capacity or Size: Pump GPM:1500 Tank Size:1500 GA; HP: 350",USD/Hour,national,US,United States,,,,115.72,USD,equipment_rate_hourly,public_domain,,,2025,2025-07-01,fema-equipment-rates-2025,8,https://www.fema.gov/sites/default/files/documents/fema_pa_schedule-equipment-rates_2025.pdf,US-PD-17USC105,,FEMA Public Assistance の機械の料率表(2025 年版)。機械の所有と運転の費用(償却・間接費・整備・燃料・油脂・タイヤ等)を含み、オペレーターの人件費は含まない(FEMA の頁の注)。2025-07-01 以降に宣言された災害に適用。表の # 362、PDF 8 頁
a07395fed9f4e368,US,equipment,"Truck, Fire, Engine Type 3","Truck, Fire, Engine Type 3 / Freightliner",Cost Code 8682; Manufacturer: Freightliner; Capacity or Size: Pump GPM:500 Tank Size:500 GA; HP: 350,USD/hour,national,US,United States,,,,90.66,USD,equipment_rate_hourly,public_domain,,,2025,2025-07-01,fema-equipment-rates-2025,8,https://www.fema.gov/sites/default/files/documents/fema_pa_schedule-equipment-rates_2025.pdf,US-PD-17USC105,,FEMA Public Assistance の機械の料率表(2025 年版)。機械の所有と運転の費用(償却・間接費・整備・燃料・油脂・タイヤ等)を含み、オペレーターの人件費は含まない(FEMA の頁の注)。2025-07-01 以降に宣言された災害に適用。表の # 363、PDF 8 頁
0ff6d11baf77ee3b,US,equipment,"Truck, Fire, Engine Type 4","Truck, Fire, Engine Type 4 / International",Cost Code 8683; Manufacturer: International; Capacity or Size: Pump GPM:50-250 Tank Size:800 GA; HP: 350,USD/hour,national,US,United States,,,,81.58,USD,equipment_rate_hourly,public_domain,,,2025,2025-07-01,fema-equipment-rates-2025,8,https://www.fema.gov/sites/default/files/documents/fema_pa_schedule-equipment-rates_2025.pdf,US-PD-17USC105,,FEMA Public Assistance の機械の料率表(2025 年版)。機械の所有と運転の費用(償却・間接費・整備・燃料・油脂・タイヤ等)を含み、オペレーターの人件費は含まない(FEMA の頁の注)。2025-07-01 以降に宣言された災害に適用。表の # 364、PDF 8 頁
179dde1911dce430,US,equipment,"Truck, Fire, Type 5, 6 & 7","Truck, Fire, Type 5, 6 & 7 / 2025 RAM 5500 4×4 Dodge Wildland 4 Door Commercial Cummins 6.7L Diesel Engine Aisin AS69RC Automatic Transmission TOMAR Scorpion full integrated scene/emergency lights",Cost Code 8684; Manufacturer: 2025 RAM 5500 4×4 Dodge Wildland 4 Door Commercial Cummins 6.7L Diesel Engine Aisin AS69RC Automatic Transmission TOMAR Scorpion full integrated scene/emergency lights; Specification: Pump & Tank Hale HPX200 160 GPM Pump 450 Gallon Tank 12 Gallon Foam Cell; Capacity or Size: Pump GPM:160 Tank Size:450 GA; HP: 350,USD/hour,national,US,United States,,,,82.87,USD,equipment_rate_hourly,public_domain,,,2025,2025-07-01,fema-equipment-rates-2025,8,https://www.fema.gov/sites/default/files/documents/fema_pa_schedule-equipment-rates_2025.pdf,US-PD-17USC105,,FEMA Public Assistance の機械の料率表(2025 年版)。機械の所有と運転の費用(償却・間接費・整備・燃料・油脂・タイヤ等)を含み、オペレーターの人件費は含まない(FEMA の頁の注)。2025-07-01 以降に宣言された災害に適用。表の # 365、PDF 8 頁
0017c5c4717bc136,US,equipment,"Truck, Fire, Aerial Ladder","Truck, Fire, Aerial Ladder / 107' Heavy-Duty Aerial Ladder","Cost Code 8685; Manufacturer: 107' Heavy-Duty Aerial Ladder; Specification: Flow Capacity1,500 gpm Hosebed Capacity 1,000' of 5"" or split load 700' of 5"" & 600' of 3"" hose Ladder Complement Minimum of 115' Ladder Reach107' Vertical / 100' Horizontal Operating Range -10° to 77° Payload Capacity 750 lb dry / 500 lb wet Pump RangeWaterous, Hale, Darley Midship, PTO Tank Up to 500 gallons Wind or Ice RatingsUp to 50 mph winds and 1/4"" of ice; HP: 500",USD/hour,national,US,United States,,,,260.51,USD,equipment_rate_hourly,public_domain,,,2025,2025-07-01,fema-equipment-rates-2025,8,https://www.fema.gov/sites/default/files/documents/fema_pa_schedule-equipment-rates_2025.pdf,US-PD-17USC105,,FEMA Public Assistance の機械の料率表(2025 年版)。機械の所有と運転の費用(償却・間接費・整備・燃料・油脂・タイヤ等)を含み、オペレーターの人件費は含まない(FEMA の頁の注)。2025-07-01 以降に宣言された災害に適用。表の # 366、PDF 8 頁
8177aca4298e590c,US,equipment,"Truck, Fire, Aerial Platform","Truck, Fire, Aerial Platform / 110' Heavy-Duty Aerial Platform","Cost Code 8686; Manufacturer: 110' Heavy-Duty Aerial Platform; Specification: Flow Capacity 1,250 gpm (4,732 L/m) Hosebed Capacity 1,000' (304.8m) of 5"" (12.7cm) or split load 700' (213.4m) of 5"" (12.7cm) & 600' (182.9m) of 3"" (7.6cm) hose Ladder Complement Minimum of 115' (35.1m) Ladder Reach110' (33.5m) Vertical / 90' (27.4m) Horizontal Operating Range -10° to 77° Payload Capacity 750 lb dry / 500 lb wet (340kg dry/227kg wet) Pump RangeWaterous, Hale, Darley Midship, PTO Tank Up to 500 gallons (1,892L) Wind or Ice Ratings Up to 35 mph (56 km/h) winds and .25"" (.64cm) of ice; HP: 500",USD/hour,national,US,United States,,,,346.39,USD,equipment_rate_hourly,public_domain,,,2025,2025-07-01,fema-equipment-rates-2025,8,https://www.fema.gov/sites/default/files/documents/fema_pa_schedule-equipment-rates_2025.pdf,US-PD-17USC105,,FEMA Public Assistance の機械の料率表(2025 年版)。機械の所有と運転の費用(償却・間接費・整備・燃料・油脂・タイヤ等)を含み、オペレーターの人件費は含まない(FEMA の頁の注)。2025-07-01 以降に宣言された災害に適用。表の # 367、PDF 8 頁
6b364ccc56d79019,US,equipment,"Truck, Fire, Articulating Boom","Truck, Fire, Articulating Boom / 55' or 61' reach (16.76m or 18.59m)","Cost Code 8687; Manufacturer: 55' or 61' reach (16.76m or 18.59m); Specification: Flow Capacity 1,000 gpm (3,785 L/m) Hosebed Capacity Varies depending on configuration Ladder Complement Minimum of 48'L adder Reach 55' or 61' (16.76m or 18.59m) Vertical / 45'5"" or 51' (13.84m or 15.55m) Horizontal Operating Range -5° to 85° Payload Capacity 500 lb dry / 250 lb wet Pump Range Waterous, Hale, Darley Midship, PTOTTank Varies depending on configuration Wind or Ice RatingsUp to 20 mph (32km/hr) winds and 1/4"" (.64cm) of ice; HP: 500",USD/hour,national,US,United States,,,,260.51,USD,equipment_rate_hourly,public_domain,,,2025,2025-07-01,fema-equipment-rates-2025,8,https://www.fema.gov/sites/default/files/documents/fema_pa_schedule-equipment-rates_2025.pdf,US-PD-17USC105,,FEMA Public Assistance の機械の料率表(2025 年版)。機械の所有と運転の費用(償却・間接費・整備・燃料・油脂・タイヤ等)を含み、オペレーターの人件費は含まない(FEMA の頁の注)。2025-07-01 以降に宣言された災害に適用。表の # 368、PDF 8 頁
fb5ef7ac62d245f8,US,equipment,"Truck, Fire, Tractor Ladder","Truck, Fire, Tractor Ladder / 107' Heavy-Duty Tiller Aerial Ladder","Cost Code 8688; Manufacturer: 107' Heavy-Duty Tiller Aerial Ladder; Specification: Flow Capacity 1,500 gpm Hosebed Capacity 1,000' of 5"" Ladder Complement Up to 250' (depending on configuration)ladder Reach107' Vertical / 100' Horizontal Operating Range -10° to 77°Payload Capacity 750 lb dry / 500 lb wet Pump RangeWaterous, Hale, Darley Midship, PTOTank Up to 300 gallons Wind or Ice RatingsUp to 50 mph winds and 1/4"" of ice; HP: 500",USD (Unit 欄が空),national,US,United States,,,,289.13,USD,equipment_rate_unit_not_stated,public_domain,,,2025,2025-07-01,fema-equipment-rates-2025,9,https://www.fema.gov/sites/default/files/documents/fema_pa_schedule-equipment-rates_2025.pdf,US-PD-17USC105,,FEMA Public Assistance の機械の料率表(2025 年版)。機械の所有と運転の費用(償却・間接費・整備・燃料・油脂・タイヤ等)を含み、オペレーターの人件費は含まない(FEMA の頁の注)。2025-07-01 以降に宣言された災害に適用。表の # 369、PDF 9 頁。原本の Unit 欄が空。単位を推定しない
51eda4c763606daa,US,equipment,"Truck, Fire, Support Water Tender S1","Truck, Fire, Support Water Tender S1 / International HV 613 with an International A-26 engine, 450 HP, and 1750 lb.ft of torque.","Cost Code 8689; Manufacturer: International HV 613 with an International A-26 engine, 450 HP, and 1750 lb.ft of torque.; Capacity or Size: Tank Min Capacity (Gal): 4000 Pump Min Flow (GPM): 300 PSI: 50 Max Refill Time (Mins): 30; HP: 450",USD/hour,national,US,United States,,,,116.08,USD,equipment_rate_hourly,public_domain,,,2025,2025-07-01,fema-equipment-rates-2025,9,https://www.fema.gov/sites/default/files/documents/fema_pa_schedule-equipment-rates_2025.pdf,US-PD-17USC105,,FEMA Public Assistance の機械の料率表(2025 年版)。機械の所有と運転の費用(償却・間接費・整備・燃料・油脂・タイヤ等)を含み、オペレーターの人件費は含まない(FEMA の頁の注)。2025-07-01 以降に宣言された災害に適用。表の # 370、PDF 9 頁
2d3f9779de856728,US,equipment,"Truck, Fire, Support Water Tender S2","Truck, Fire, Support Water Tender S2 / F-L M2 106, 360EV HP, 2 Door, Single Axl","Cost Code 8690; Manufacturer: F-L M2 106, 360EV HP, 2 Door, Single Axl; Capacity or Size: Tank Min Capacity (Gal): 2500 Pump Min Flow (GPM): 200 PSI: 50 Max Refill Time (Mins): 20; HP: 360",USD/hour,national,US,United States,,,,99.79,USD,equipment_rate_hourly,public_domain,,,2025,2025-07-01,fema-equipment-rates-2025,9,https://www.fema.gov/sites/default/files/documents/fema_pa_schedule-equipment-rates_2025.pdf,US-PD-17USC105,,FEMA Public Assistance の機械の料率表(2025 年版)。機械の所有と運転の費用(償却・間接費・整備・燃料・油脂・タイヤ等)を含み、オペレーターの人件費は含まない(FEMA の頁の注)。2025-07-01 以降に宣言された災害に適用。表の # 371、PDF 9 頁
1d3728ae816b7ab9,US,equipment,"Truck, Fire, Support Water Tender S3","Truck, Fire, Support Water Tender S3 / F-L M2 106, 360EV HP, 2 Door, Single Axl","Cost Code 8691; Manufacturer: F-L M2 106, 360EV HP, 2 Door, Single Axl; Capacity or Size: Tank Min Capacity (Gal): 1000 Pump Min Flow (GPM): 200 PSI: 50 Max Refill Time (Mins): 15; HP: 360",USD/hour,national,US,United States,,,,107.7,USD,equipment_rate_hourly,public_domain,,,2025,2025-07-01,fema-equipment-rates-2025,9,https://www.fema.gov/sites/default/files/documents/fema_pa_schedule-equipment-rates_2025.pdf,US-PD-17USC105,,FEMA Public Assistance の機械の料率表(2025 年版)。機械の所有と運転の費用(償却・間接費・整備・燃料・油脂・タイヤ等)を含み、オペレーターの人件費は含まない(FEMA の頁の注)。2025-07-01 以降に宣言された災害に適用。表の # 372、PDF 9 頁
a9f1def05c9ea04b,US,equipment,"Truck, Fire, Tactical Water Tender T1","Truck, Fire, Tactical Water Tender T1 / INTL HV 507 SFA",Cost Code 8692; Manufacturer: INTL HV 507 SFA; Capacity or Size: Tank Min Capacity (Gal): 2000 Pump Min Flow (GPM): 250 PSI: 150; HP: 350,USD/hour,national,US,United States,,,,98.04,USD,equipment_rate_hourly,public_domain,,,2025,2025-07-01,fema-equipment-rates-2025,9,https://www.fema.gov/sites/default/files/documents/fema_pa_schedule-equipment-rates_2025.pdf,US-PD-17USC105,,FEMA Public Assistance の機械の料率表(2025 年版)。機械の所有と運転の費用(償却・間接費・整備・燃料・油脂・タイヤ等)を含み、オペレーターの人件費は含まない(FEMA の頁の注)。2025-07-01 以降に宣言された災害に適用。表の # 373、PDF 9 頁
f05a7a345a0938d9,US,equipment,"Truck, Fire, Tactical Water Tender T2","Truck, Fire, Tactical Water Tender T2 / INTL HV 507 SFA",Cost Code 8693; Manufacturer: INTL HV 507 SFA; Capacity or Size: Tank Min Capacity (Gal): 1000 Pump Min Flow (GPM): 250 PSI: 150; HP: 350,USD/hour,national,US,United States,,,,97.76,USD,equipment_rate_hourly,public_domain,,,2025,2025-07-01,fema-equipment-rates-2025,9,https://www.fema.gov/sites/default/files/documents/fema_pa_schedule-equipment-rates_2025.pdf,US-PD-17USC105,,FEMA Public Assistance の機械の料率表(2025 年版)。機械の所有と運転の費用(償却・間接費・整備・燃料・油脂・タイヤ等)を含み、オペレーターの人件費は含まない(FEMA の頁の注)。2025-07-01 以降に宣言された災害に適用。表の # 374、PDF 9 頁
304aa0e82ec010e2,US,equipment,"Truck, Flatbed","Truck, Flatbed / Miscellaneous 4X2 15KGVW DSL",Cost Code 8700; Manufacturer: Miscellaneous 4X2 15KGVW DSL; HP: 200,USD/hour,national,US,United States,,,,33.37,USD,equipment_rate_hourly,public_domain,,,2025,2025-07-01,fema-equipment-rates-2025,9,https://www.fema.gov/sites/default/files/documents/fema_pa_schedule-equipment-rates_2025.pdf,US-PD-17USC105,,FEMA Public Assistance の機械の料率表(2025 年版)。機械の所有と運転の費用(償却・間接費・整備・燃料・油脂・タイヤ等)を含み、オペレーターの人件費は含まない(FEMA の頁の注)。2025-07-01 以降に宣言された災害に適用。表の # 375、PDF 9 頁
5e9ec22558a4bc9b,US,equipment,"Truck, Flatbed","Truck, Flatbed / Miscellaneous 4X2 25KGVW GAS",Cost Code 8701; Manufacturer: Miscellaneous 4X2 25KGVW GAS; HP: 275,USD/hour,national,US,United States,,,,50.9,USD,equipment_rate_hourly,public_domain,,,2025,2025-07-01,fema-equipment-rates-2025,9,https://www.fema.gov/sites/default/files/documents/fema_pa_schedule-equipment-rates_2025.pdf,US-PD-17USC105,,FEMA Public Assistance の機械の料率表(2025 年版)。機械の所有と運転の費用(償却・間接費・整備・燃料・油脂・タイヤ等)を含み、オペレーターの人件費は含まない(FEMA の頁の注)。2025-07-01 以降に宣言された災害に適用。表の # 376、PDF 9 頁
42237773aece2041,US,equipment,"Truck, Flatbed","Truck, Flatbed / Miscellaneous 4X2 25KGVW DSL",Cost Code 8701.1; Manufacturer: Miscellaneous 4X2 25KGVW DSL; HP: 200,USD/hour,national,US,United States,,,,33.69,USD,equipment_rate_hourly,public_domain,,,2025,2025-07-01,fema-equipment-rates-2025,9,https://www.fema.gov/sites/default/files/documents/fema_pa_schedule-equipment-rates_2025.pdf,US-PD-17USC105,,FEMA Public Assistance の機械の料率表(2025 年版)。機械の所有と運転の費用(償却・間接費・整備・燃料・油脂・タイヤ等)を含み、オペレーターの人件費は含まない(FEMA の頁の注)。2025-07-01 以降に宣言された災害に適用。表の # 377、PDF 9 頁
be023bffdb2efd10,US,equipment,"Truck, Flatbed","Truck, Flatbed / Miscellaneous 4X2 30KGVW DSL",Cost Code 8702; Manufacturer: Miscellaneous 4X2 30KGVW DSL; HP: 217,USD/hour,national,US,United States,,,,43,USD,equipment_rate_hourly,public_domain,,,2025,2025-07-01,fema-equipment-rates-2025,9,https://www.fema.gov/sites/default/files/documents/fema_pa_schedule-equipment-rates_2025.pdf,US-PD-17USC105,,FEMA Public Assistance の機械の料率表(2025 年版)。機械の所有と運転の費用(償却・間接費・整備・燃料・油脂・タイヤ等)を含み、オペレーターの人件費は含まない(FEMA の頁の注)。2025-07-01 以降に宣言された災害に適用。表の # 378、PDF 9 頁
dc5bba7a37ff2fc8,US,equipment,"Truck, Flatbed","Truck, Flatbed / Miscellaneous 6X4 45KGVW DSL",Cost Code 8703; Manufacturer: Miscellaneous 6X4 45KGVW DSL; HP: 380,USD/hour,national,US,United States,,,,65.09,USD,equipment_rate_hourly,public_domain,,,2025,2025-07-01,fema-equipment-rates-2025,9,https://www.fema.gov/sites/default/files/documents/fema_pa_schedule-equipment-rates_2025.pdf,US-PD-17USC105,,FEMA Public Assistance の機械の料率表(2025 年版)。機械の所有と運転の費用(償却・間接費・整備・燃料・油脂・タイヤ等)を含み、オペレーターの人件費は含まない(FEMA の頁の注)。2025-07-01 以降に宣言された災害に適用。表の # 379、PDF 9 頁
e58025f52137b7a8,US,equipment,"Trailer, semi","Trailer, semi / 48ft spread axle flatbed",Cost Code 8708; Manufacturer: 48ft spread axle flatbed,USD/hour,national,US,United States,,,,10.38,USD,equipment_rate_hourly,public_domain,,,2025,2025-07-01,fema-equipment-rates-2025,9,https://www.fema.gov/sites/default/files/documents/fema_pa_schedule-equipment-rates_2025.pdf,US-PD-17USC105,,FEMA Public Assistance の機械の料率表(2025 年版)。機械の所有と運転の費用(償却・間接費・整備・燃料・油脂・タイヤ等)を含み、オペレーターの人件費は含まない(FEMA の頁の注)。2025-07-01 以降に宣言された災害に適用。表の # 380、PDF 9 頁
85a7fcec90e0db75,US,equipment,"Trailer, semi","Trailer, semi / Enclosed 48ft, 2 axle trailer","Cost Code 8709; Manufacturer: Enclosed 48ft, 2 axle trailer",USD/hour,national,US,United States,,,,11.57,USD,equipment_rate_hourly,public_domain,,,2025,2025-07-01,fema-equipment-rates-2025,9,https://www.fema.gov/sites/default/files/documents/fema_pa_schedule-equipment-rates_2025.pdf,US-PD-17USC105,,FEMA Public Assistance の機械の料率表(2025 年版)。機械の所有と運転の費用(償却・間接費・整備・燃料・油脂・タイヤ等)を含み、オペレーターの人件費は含まない(FEMA の頁の注)。2025-07-01 以降に宣言された災害に適用。表の # 381、PDF 9 頁
e4f093e01d598098,US,equipment,"Trailer, semi","Trailer, semi",Cost Code 8710,USD/hour,national,US,United States,,,,11.17,USD,equipment_rate_hourly,public_domain,,,2025,2025-07-01,fema-equipment-rates-2025,9,https://www.fema.gov/sites/default/files/documents/fema_pa_schedule-equipment-rates_2025.pdf,US-PD-17USC105,,FEMA Public Assistance の機械の料率表(2025 年版)。機械の所有と運転の費用(償却・間接費・整備・燃料・油脂・タイヤ等)を含み、オペレーターの人件費は含まない(FEMA の頁の注)。2025-07-01 以降に宣言された災害に適用。表の # 382、PDF 9 頁
bec16b6f743bcf82,US,equipment,Flat bed utility trailer,Flat bed utility trailer / Non-Tilt Deck Utility Trailers - TOW 2 1 6,Cost Code 8711; Manufacturer: Non-Tilt Deck Utility Trailers - TOW 2 1 6; HP: NA,USD/hour,national,US,United States,,,,2.88,USD,equipment_rate_hourly,public_domain,,,2025,2025-07-01,fema-equipment-rates-2025,9,https://www.fema.gov/sites/default/files/documents/fema_pa_schedule-equipment-rates_2025.pdf,US-PD-17USC105,,FEMA Public Assistance の機械の料率表(2025 年版)。機械の所有と運転の費用(償却・間接費・整備・燃料・油脂・タイヤ等)を含み、オペレーターの人件費は含まない(FEMA の頁の注)。2025-07-01 以降に宣言された災害に適用。表の # 383、PDF 9 頁
4348e7bc93aef987,US,equipment,Sewer Camera Inspection Truck,"Sewer Camera Inspection Truck / 2005 FORD Sewer Inspection Trucks, Reefer/Refrigerated Truck, Cutaway-Cube Van - E450","Cost Code 8711.1; Manufacturer: 2005 FORD Sewer Inspection Trucks, Reefer/Refrigerated Truck, Cutaway-Cube Van - E450",USD/hour,national,US,United States,,,,16.71,USD,equipment_rate_hourly,public_domain,,,2025,2025-07-01,fema-equipment-rates-2025,9,https://www.fema.gov/sites/default/files/documents/fema_pa_schedule-equipment-rates_2025.pdf,US-PD-17USC105,,FEMA Public Assistance の機械の料率表(2025 年版)。機械の所有と運転の費用(償却・間接費・整備・燃料・油脂・タイヤ等)を含み、オペレーターの人件費は含まない(FEMA の頁の注)。2025-07-01 以降に宣言された災害に適用。表の # 384、PDF 9 頁
9d99eb785b80074d,US,equipment,Sewer Inspection Camera,"Sewer Inspection Camera / Aries Pathfinder System Control Center, Work Station","Cost Code 8711.2; Manufacturer: Aries Pathfinder System Control Center, Work Station",USD/hour,national,US,United States,,,,98.03,USD,equipment_rate_hourly,public_domain,,,2025,2025-07-01,fema-equipment-rates-2025,9,https://www.fema.gov/sites/default/files/documents/fema_pa_schedule-equipment-rates_2025.pdf,US-PD-17USC105,,FEMA Public Assistance の機械の料率表(2025 年版)。機械の所有と運転の費用(償却・間接費・整備・燃料・油脂・タイヤ等)を含み、オペレーターの人件費は含まない(FEMA の頁の注)。2025-07-01 以降に宣言された災害に適用。表の # 385、PDF 9 頁
8bba540f973fcb13,US,equipment,"Cleaner, Sewer/Catch Basin","Cleaner, Sewer/Catch Basin / Mongoose Jetters Model 123 Sewer Jetter (12 GPM @ 3000 PSI)","Cost Code 8712; Manufacturer: Mongoose Jetters Model 123 Sewer Jetter (12 GPM @ 3000 PSI); Specification: Pump: 12 GPM @ 3000 PSI Tank Capacity: 150 Gallons Engine: 24 hp 690 cc Gas Hose Reel: 3/8"" Hose, 250' Capacity Axle: 3,500lbs (single axle trailer); Capacity or Size: Pump: 12 GPM @ 3000 PSI Tank Capacity: 150 Gallons; HP: 24",USD/hour,national,US,United States,,,,19.58,USD,equipment_rate_hourly,public_domain,,,2025,2025-07-01,fema-equipment-rates-2025,9,https://www.fema.gov/sites/default/files/documents/fema_pa_schedule-equipment-rates_2025.pdf,US-PD-17USC105,,FEMA Public Assistance の機械の料率表(2025 年版)。機械の所有と運転の費用(償却・間接費・整備・燃料・油脂・タイヤ等)を含み、オペレーターの人件費は含まない(FEMA の頁の注)。2025-07-01 以降に宣言された災害に適用。表の # 386、PDF 9 頁
aa9138736605106e,US,equipment,"Cleaner, Sewer/Catch Basin","Cleaner, Sewer/Catch Basin / Mongoose Jetters Model 254 Sewer Jetter (25 GPM @ 4000 PSI)","Cost Code 8713; Manufacturer: Mongoose Jetters Model 254 Sewer Jetter (25 GPM @ 4000 PSI); Specification: Tank Capacity: 300-600 gallons Pump: 25 GPM @ 4000 PSI Engine: 74hp Tier IV Turbo Diesel Engine Hose Reel: 5/8"" Hose, 500' Capacity Axle: 7,000lbs; Capacity or Size: Pump: 25 GPM @ 4000 PSI Tank Capacity: 300-600 gallons; HP: 74",USD/hour,national,US,United States,,,,25.32,USD,equipment_rate_hourly,public_domain,,,2025,2025-07-01,fema-equipment-rates-2025,9,https://www.fema.gov/sites/default/files/documents/fema_pa_schedule-equipment-rates_2025.pdf,US-PD-17USC105,,FEMA Public Assistance の機械の料率表(2025 年版)。機械の所有と運転の費用(償却・間接費・整備・燃料・油脂・タイヤ等)を含み、オペレーターの人件費は含まない(FEMA の頁の注)。2025-07-01 以降に宣言された災害に適用。表の # 387、PDF 9 頁
40e7378ca7bc1cf6,US,equipment,Combined Sewer Cleaning,Combined Sewer Cleaning / Vacuum Truck 800 Gal Spoils/400 Gal Water,Cost Code 8714; Manufacturer: Vacuum Truck 800 Gal Spoils/400 Gal Water; HP: 74,USD/hour,national,US,United States,,,,29.07,USD,equipment_rate_hourly,public_domain,,,2025,2025-07-01,fema-equipment-rates-2025,9,https://www.fema.gov/sites/default/files/documents/fema_pa_schedule-equipment-rates_2025.pdf,US-PD-17USC105,,FEMA Public Assistance の機械の料率表(2025 年版)。機械の所有と運転の費用(償却・間接費・整備・燃料・油脂・タイヤ等)を含み、オペレーターの人件費は含まない(FEMA の頁の注)。2025-07-01 以降に宣言された災害に適用。表の # 388、PDF 9 頁
df6aa6aa13e712f2,US,equipment,Vector Combine Vaccum Truck,"Vector Combine Vaccum Truck / 2014 International 7500 Vactor 2100 Plus Hydro Excavation Vacuum Truck,","Cost Code 8714.1; Manufacturer: 2014 International 7500 Vactor 2100 Plus Hydro Excavation Vacuum Truck,; Specification: 12 CY Debris Tank 8"" Suction Hose; Capacity or Size: 13 CY Debris Tank 8"" Suction Hose; HP: 310",USD/hour,national,US,United States,,,,99.66,USD,equipment_rate_hourly,public_domain,,,2025,2025-07-01,fema-equipment-rates-2025,9,https://www.fema.gov/sites/default/files/documents/fema_pa_schedule-equipment-rates_2025.pdf,US-PD-17USC105,,FEMA Public Assistance の機械の料率表(2025 年版)。機械の所有と運転の費用(償却・間接費・整備・燃料・油脂・タイヤ等)を含み、オペレーターの人件費は含まない(FEMA の頁の注)。2025-07-01 以降に宣言された災害に適用。表の # 389、PDF 9 頁
7884f27abc75e379,US,equipment,Combined Sewer Cleaning,Combined Sewer Cleaning,Cost Code 8714.2; Specification: 1500 gal Water; Capacity or Size: 1500 gal Water; HP: N/A,USD/hour,national,US,United States,,,,23.75,USD,equipment_rate_hourly,public_domain,,,2025,2025-07-01,fema-equipment-rates-2025,9,https://www.fema.gov/sites/default/files/documents/fema_pa_schedule-equipment-rates_2025.pdf,US-PD-17USC105,,FEMA Public Assistance の機械の料率表(2025 年版)。機械の所有と運転の費用(償却・間接費・整備・燃料・油脂・タイヤ等)を含み、オペレーターの人件費は含まない(FEMA の頁の注)。2025-07-01 以降に宣言された災害に適用。表の # 390、PDF 9 頁
ce969f5a4aaf257e,US,equipment,Combined Sewer Cleaning,Combined Sewer Cleaning,Cost Code 8714.3; Specification: 500-1500 gals; Capacity or Size: 500-1500 gals; HP: N/A,USD/hour,national,US,United States,,,,16.44,USD,equipment_rate_hourly,public_domain,,,2025,2025-07-01,fema-equipment-rates-2025,9,https://www.fema.gov/sites/default/files/documents/fema_pa_schedule-equipment-rates_2025.pdf,US-PD-17USC105,,FEMA Public Assistance の機械の料率表(2025 年版)。機械の所有と運転の費用(償却・間接費・整備・燃料・油脂・タイヤ等)を含み、オペレーターの人件費は含まない(FEMA の頁の注)。2025-07-01 以降に宣言された災害に適用。表の # 391、PDF 9 頁
d1307f8e492b186b,US,equipment,Combined Sewer Cleaning (Accessory,Combined Sewer Cleaning (Accessory / Miscellaneous SH-4/25,Cost Code 8714.4; Manufacturer: Miscellaneous SH-4/25; Specification: 4-IN; Capacity or Size: 4-IN; HP: 0; Notes: 50-FT of 4-IN hoses @$0.60/Hour for Vac Truck,USD/hour,national,US,United States,,,,0.27,USD,equipment_rate_hourly,public_domain,,,2025,2025-07-01,fema-equipment-rates-2025,9,https://www.fema.gov/sites/default/files/documents/fema_pa_schedule-equipment-rates_2025.pdf,US-PD-17USC105,,FEMA Public Assistance の機械の料率表(2025 年版)。機械の所有と運転の費用(償却・間接費・整備・燃料・油脂・タイヤ等)を含み、オペレーターの人件費は含まない(FEMA の頁の注)。2025-07-01 以降に宣言された災害に適用。表の # 392、PDF 9 頁
5d284f970c35b441,US,equipment,"Truck, Hydro Vac","Truck, Hydro Vac / 500-gal debris tank;",Cost Code 8715; Manufacturer: 500-gal debris tank;; HP: N/A,USD/hour,national,US,United States,,,,21.27,USD,equipment_rate_hourly,public_domain,,,2025,2025-07-01,fema-equipment-rates-2025,9,https://www.fema.gov/sites/default/files/documents/fema_pa_schedule-equipment-rates_2025.pdf,US-PD-17USC105,,FEMA Public Assistance の機械の料率表(2025 年版)。機械の所有と運転の費用(償却・間接費・整備・燃料・油脂・タイヤ等)を含み、オペレーターの人件費は含まない(FEMA の頁の注)。2025-07-01 以降に宣言された災害に適用。表の # 393、PDF 9 頁
e49ab199620a67de,US,equipment,Leaf Vac,Leaf Vac / XtremeVac DCL800SM Series Leaf Loader Truck Mounted,"Cost Code 8716; Manufacturer: XtremeVac DCL800SM Series Leaf Loader Truck Mounted; Specification: Aux Engine is a 74 HP John Deere T4F Diesel Engine. Engine Remote Oil Drain. DCL Bottom Exhaust for Box. Wireless CAN Bridge Between Cab and HL Body. 28"" Suction Impeller with (6) 3/8"" Thick T-1 Steel Blades, 3 Groove Power Band Belt Driven, 40 Gallon Poly Fuel Tank. Electronic Engine Controls with Safety Shut Downs. 13"" Clutch Assembly with 2.25"" PTO Shaft and Safety Engagement. 16"" x 144"" Urethane Suction Hose with Steel Nozzle. 1/4"" Thick Skid Deck with Channel Members on Ends.; Capacity or Size: 25 CY; HP: N/A; Notes: 2024 ODB DCL800SM25HL",USD/hour,national,US,United States,,,,64.6,USD,equipment_rate_hourly,public_domain,,,2025,2025-07-01,fema-equipment-rates-2025,9,https://www.fema.gov/sites/default/files/documents/fema_pa_schedule-equipment-rates_2025.pdf,US-PD-17USC105,,FEMA Public Assistance の機械の料率表(2025 年版)。機械の所有と運転の費用(償却・間接費・整備・燃料・油脂・タイヤ等)を含み、オペレーターの人件費は含まない(FEMA の頁の注)。2025-07-01 以降に宣言された災害に適用。表の # 394、PDF 9 頁
3156f0dd2765e82e,US,equipment,Litter Picker,Litter Picker / Miscellaneous TRAC MOUNT ENG DRIV,Cost Code 8719; Manufacturer: Miscellaneous TRAC MOUNT ENG DRIV; Specification: Broom Length 72.0 in; HP: 18,USD/hour,national,US,United States,,,,8.27,USD,equipment_rate_hourly,public_domain,,,2025,2025-07-01,fema-equipment-rates-2025,9,https://www.fema.gov/sites/default/files/documents/fema_pa_schedule-equipment-rates_2025.pdf,US-PD-17USC105,,FEMA Public Assistance の機械の料率表(2025 年版)。機械の所有と運転の費用(償却・間接費・整備・燃料・油脂・タイヤ等)を含み、オペレーターの人件費は含まない(FEMA の頁の注)。2025-07-01 以降に宣言された災害に適用。表の # 395、PDF 9 頁
ff76482686ebced2,US,equipment,"Truck, Dump","Truck, Dump / 2026 FREIGHTLINER BUSINESS CLASS M2 106",Cost Code 8720; Manufacturer: 2026 FREIGHTLINER BUSINESS CLASS M2 106; Specification: 7-CY; Capacity or Size: 7-CY; HP: 330,USD/hour,national,US,United States,,,,55.28,USD,equipment_rate_hourly,public_domain,,,2025,2025-07-01,fema-equipment-rates-2025,9,https://www.fema.gov/sites/default/files/documents/fema_pa_schedule-equipment-rates_2025.pdf,US-PD-17USC105,,FEMA Public Assistance の機械の料率表(2025 年版)。機械の所有と運転の費用(償却・間接費・整備・燃料・油脂・タイヤ等)を含み、オペレーターの人件費は含まない(FEMA の頁の注)。2025-07-01 以降に宣言された災害に適用。表の # 396、PDF 9 頁
f3e1d6bef58e326d,US,equipment,"Truck, Dump","Truck, Dump / 2026 FREIGHTLINER BUSINESS CLASS M2 106",Cost Code 8721; Manufacturer: 2026 FREIGHTLINER BUSINESS CLASS M2 106; Specification: 9-CY; Capacity or Size: 9-CY; HP: 350,USD/hour,national,US,United States,,,,100.63,USD,equipment_rate_hourly,public_domain,,,2025,2025-07-01,fema-equipment-rates-2025,10,https://www.fema.gov/sites/default/files/documents/fema_pa_schedule-equipment-rates_2025.pdf,US-PD-17USC105,,FEMA Public Assistance の機械の料率表(2025 年版)。機械の所有と運転の費用(償却・間接費・整備・燃料・油脂・タイヤ等)を含み、オペレーターの人件費は含まない(FEMA の頁の注)。2025-07-01 以降に宣言された災害に適用。表の # 397、PDF 10 頁
d024010eb93287c7,US,equipment,"Truck, Dump","Truck, Dump / 2025 FREIGHTLINER BUSINESS CLASS M2 106 PLUS",Cost Code 8722; Manufacturer: 2025 FREIGHTLINER BUSINESS CLASS M2 106 PLUS; Specification: 12-CY; Capacity or Size: 12-CY; HP: 350,USD/hour,national,US,United States,,,,120.74,USD,equipment_rate_hourly,public_domain,,,2025,2025-07-01,fema-equipment-rates-2025,10,https://www.fema.gov/sites/default/files/documents/fema_pa_schedule-equipment-rates_2025.pdf,US-PD-17USC105,,FEMA Public Assistance の機械の料率表(2025 年版)。機械の所有と運転の費用(償却・間接費・整備・燃料・油脂・タイヤ等)を含み、オペレーターの人件費は含まない(FEMA の頁の注)。2025-07-01 以降に宣言された災害に適用。表の # 398、PDF 10 頁
8110f78f43250ad2,US,equipment,"Truck, Dump","Truck, Dump / 2025 FREIGHTLINER 108SD",Cost Code 8723; Manufacturer: 2025 FREIGHTLINER 108SD; Specification: 14-CY; Capacity or Size: 14-CY; HP: 470,USD/hour,national,US,United States,,,,122.94,USD,equipment_rate_hourly,public_domain,,,2025,2025-07-01,fema-equipment-rates-2025,10,https://www.fema.gov/sites/default/files/documents/fema_pa_schedule-equipment-rates_2025.pdf,US-PD-17USC105,,FEMA Public Assistance の機械の料率表(2025 年版)。機械の所有と運転の費用(償却・間接費・整備・燃料・油脂・タイヤ等)を含み、オペレーターの人件費は含まない(FEMA の頁の注)。2025-07-01 以降に宣言された災害に適用。表の # 399、PDF 10 頁
1ebbd02e34f9b283,US,equipment,"Truck, Dump","Truck, Dump / 2025 FREIGHTLINER 114SD PLUS",Cost Code 8724; Manufacturer: 2025 FREIGHTLINER 114SD PLUS; Specification: 18 CY; Capacity or Size: 18 CY; HP: 525,USD/Hour,national,US,United States,,,,147.99,USD,equipment_rate_hourly,public_domain,,,2025,2025-07-01,fema-equipment-rates-2025,10,https://www.fema.gov/sites/default/files/documents/fema_pa_schedule-equipment-rates_2025.pdf,US-PD-17USC105,,FEMA Public Assistance の機械の料率表(2025 年版)。機械の所有と運転の費用(償却・間接費・整備・燃料・油脂・タイヤ等)を含み、オペレーターの人件費は含まない(FEMA の頁の注)。2025-07-01 以降に宣言された災害に適用。表の # 400、PDF 10 頁
1fe50ead6332ff8e,US,equipment,"Truck, Garbage","Truck, Garbage",Cost Code 8730; HP: 255,USD/Hour,national,US,United States,,,,62.97,USD,equipment_rate_hourly,public_domain,,,2025,2025-07-01,fema-equipment-rates-2025,10,https://www.fema.gov/sites/default/files/documents/fema_pa_schedule-equipment-rates_2025.pdf,US-PD-17USC105,,FEMA Public Assistance の機械の料率表(2025 年版)。機械の所有と運転の費用(償却・間接費・整備・燃料・油脂・タイヤ等)を含み、オペレーターの人件費は含まない(FEMA の頁の注)。2025-07-01 以降に宣言された災害に適用。表の # 401、PDF 10 頁
28f044a3deba35a6,US,equipment,"Truck, Garbage","Truck, Garbage",Cost Code 8731; HP: 325,USD/Hour,national,US,United States,,,,69.44,USD,equipment_rate_hourly,public_domain,,,2025,2025-07-01,fema-equipment-rates-2025,10,https://www.fema.gov/sites/default/files/documents/fema_pa_schedule-equipment-rates_2025.pdf,US-PD-17USC105,,FEMA Public Assistance の機械の料率表(2025 年版)。機械の所有と運転の費用(償却・間接費・整備・燃料・油脂・タイヤ等)を含み、オペレーターの人件費は含まない(FEMA の頁の注)。2025-07-01 以降に宣言された災害に適用。表の # 402、PDF 10 頁
4eebbbf5a63652d6,US,equipment,E=BAM Services,E=BAM Services,Cost Code 8733,USD/Hour,national,US,United States,,,,3.6,USD,equipment_rate_hourly,public_domain,,,2025,2025-07-01,fema-equipment-rates-2025,10,https://www.fema.gov/sites/default/files/documents/fema_pa_schedule-equipment-rates_2025.pdf,US-PD-17USC105,,FEMA Public Assistance の機械の料率表(2025 年版)。機械の所有と運転の費用(償却・間接費・整備・燃料・油脂・タイヤ等)を含み、オペレーターの人件費は含まない(FEMA の頁の注)。2025-07-01 以降に宣言された災害に適用。表の # 403、PDF 10 頁
120a607e0b665793,US,equipment,"Attentuator, Safety","Attentuator, Safety / Scorpion II® TMA Truck Mounted Attenuator","Cost Code 8734; Manufacturer: Scorpion II® TMA Truck Mounted Attenuator; Specification: Weight1,975 lbs (900kg)LengthTravel/Storage 2' 5"" (.74 m)Deployed 12' 10"" (3.93 m)Width8' (2.45 m)HeightTravel/Storage 10' 6"" (3.05 m)Deployed 12"" ± 1"" (305 mm ± 24.4 mm)",USD/Hour,national,US,United States,,,,4.53,USD,equipment_rate_hourly,public_domain,,,2025,2025-07-01,fema-equipment-rates-2025,10,https://www.fema.gov/sites/default/files/documents/fema_pa_schedule-equipment-rates_2025.pdf,US-PD-17USC105,,FEMA Public Assistance の機械の料率表(2025 年版)。機械の所有と運転の費用(償却・間接費・整備・燃料・油脂・タイヤ等)を含み、オペレーターの人件費は含まない(FEMA の頁の注)。2025-07-01 以降に宣言された災害に適用。表の # 404、PDF 10 頁
1fe02be9c0e43935,US,equipment,"Truck, Attenuator","Truck, Attenuator / 2025 MACK MD6","Cost Code 8735; Manufacturer: 2025 MACK MD6; Specification: 2025 Mack MD64 with Curry Supply Crash Attenuator Body. Truck equipped with Cummins ISB6.7 300HP, Allison 2500 RDS Automatic 6speed Transmission.; HP: 300",USD/Hour,national,US,United States,,,,4.9,USD,equipment_rate_hourly,public_domain,,,2025,2025-07-01,fema-equipment-rates-2025,10,https://www.fema.gov/sites/default/files/documents/fema_pa_schedule-equipment-rates_2025.pdf,US-PD-17USC105,,FEMA Public Assistance の機械の料率表(2025 年版)。機械の所有と運転の費用(償却・間接費・整備・燃料・油脂・タイヤ等)を含み、オペレーターの人件費は含まない(FEMA の頁の注)。2025-07-01 以降に宣言された災害に適用。表の # 405、PDF 10 頁
471dce90a3bb26ab,US,equipment,"Truck, Tow","Truck, Tow / FREIGHTLINER Rollback Tow Truck, Roll Off Truck, Flatbed Truck - BUSINESS CLASS M2 106","Cost Code 8736; Manufacturer: FREIGHTLINER Rollback Tow Truck, Roll Off Truck, Flatbed Truck - BUSINESS CLASS M2 106; Specification: FLOOR CAPACITY - 20,000LBS WINCH CAPACITY - 15,000LBS TOW BAR LIFT - 8,000LBS; Capacity or Size: GVW TOTAL - 33,000LBS; HP: 350",USD/Hour,national,US,United States,,,,51.83,USD,equipment_rate_hourly,public_domain,,,2025,2025-07-01,fema-equipment-rates-2025,10,https://www.fema.gov/sites/default/files/documents/fema_pa_schedule-equipment-rates_2025.pdf,US-PD-17USC105,,FEMA Public Assistance の機械の料率表(2025 年版)。機械の所有と運転の費用(償却・間接費・整備・燃料・油脂・タイヤ等)を含み、オペレーターの人件費は含まない(FEMA の頁の注)。2025-07-01 以降に宣言された災害に適用。表の # 406、PDF 10 頁
e022599c3bdc7b89,US,equipment,"Van, Custom","Van, Custom / 2025 Sprinter Cab Chassis","Cost Code 8744; Manufacturer: 2025 Sprinter Cab Chassis; Specification: Payload Capacity:6,345 to 7,418 lbs Seating Capacity:2-3 Max Available GVWR:11,030 lbs Base Curb Weight:4,685 lbs Max Available GCWR:15,249 lbs Max Towing:7,500 lbs [1]; Capacity or Size: Wheelbase:170 in; HP: 211",USD/Hour,national,US,United States,,,,33.29,USD,equipment_rate_hourly,public_domain,,,2025,2025-07-01,fema-equipment-rates-2025,10,https://www.fema.gov/sites/default/files/documents/fema_pa_schedule-equipment-rates_2025.pdf,US-PD-17USC105,,FEMA Public Assistance の機械の料率表(2025 年版)。機械の所有と運転の費用(償却・間接費・整備・燃料・油脂・タイヤ等)を含み、オペレーターの人件費は含まない(FEMA の頁の注)。2025-07-01 以降に宣言された災害に適用。表の # 407、PDF 10 頁
bc814855bf0900c3,US,equipment,Van. Cargo,Van. Cargo / 2025 Sprinter Cargo Van,"Cost Code 8745; Manufacturer: 2025 Sprinter Cargo Van; Specification: Payload Capacity:6,250 lbs Seating Capacity:2-3 Cargo Volume:469 cu ft Max Available GVWR:12,125 lbs Max Towing:7,500 lbs; Capacity or Size: 170"" Extended Wheelbase High Roof; HP: 211",USD/Hour,national,US,United States,,,,35.13,USD,equipment_rate_hourly,public_domain,,,2025,2025-07-01,fema-equipment-rates-2025,10,https://www.fema.gov/sites/default/files/documents/fema_pa_schedule-equipment-rates_2025.pdf,US-PD-17USC105,,FEMA Public Assistance の機械の料率表(2025 年版)。機械の所有と運転の費用(償却・間接費・整備・燃料・油脂・タイヤ等)を含み、オペレーターの人件費は含まない(FEMA の頁の注)。2025-07-01 以降に宣言された災害に適用。表の # 408、PDF 10 頁
c3fd86c5c9d60d05,US,equipment,"Van, Passenger","Van, Passenger / 2025 Sprinter Passenger Van","Cost Code 8747; Manufacturer: 2025 Sprinter Passenger Van; Specification: Payload Capacity:3,109 lbs Seating Capacity:15 Cargo Volume:117 cu ft Max Available GVWR:9,480 lbs; Capacity or Size: 15 Passenger; HP: 211",USD/Hour,national,US,United States,,,,27.9,USD,equipment_rate_hourly,public_domain,,,2025,2025-07-01,fema-equipment-rates-2025,10,https://www.fema.gov/sites/default/files/documents/fema_pa_schedule-equipment-rates_2025.pdf,US-PD-17USC105,,FEMA Public Assistance の機械の料率表(2025 年版)。機械の所有と運転の費用(償却・間接費・整備・燃料・油脂・タイヤ等)を含み、オペレーターの人件費は含まない(FEMA の頁の注)。2025-07-01 以降に宣言された災害に適用。表の # 409、PDF 10 頁
b216a435fe29ab40,US,equipment,"Van, Small Cargo","Van, Small Cargo / 2025 Metris Cargo Van","Cost Code 8748; Manufacturer: 2025 Metris Cargo Van; Specification: Payload Capacity:2,150 lbs Seating Capacity:2 Towing Capacity:5,000 lbs [1] Cargo Volume:199.2; Capacity or Size: Wheelbase:135 in; HP: 208",USD/Hour,national,US,United States,,,,23.42,USD,equipment_rate_hourly,public_domain,,,2025,2025-07-01,fema-equipment-rates-2025,10,https://www.fema.gov/sites/default/files/documents/fema_pa_schedule-equipment-rates_2025.pdf,US-PD-17USC105,,FEMA Public Assistance の機械の料率表(2025 年版)。機械の所有と運転の費用(償却・間接費・整備・燃料・油脂・タイヤ等)を含み、オペレーターの人件費は含まない(FEMA の頁の注)。2025-07-01 以降に宣言された災害に適用。表の # 410、PDF 10 頁
911604f639a75561,US,equipment,"Van, Small Passenger","Van, Small Passenger / 2025 Metris Passenger Van","Cost Code 8749; Manufacturer: 2025 Metris Passenger Van; Specification: Payload Capacity:1,720 lbs Seating Capacity:8 Cargo Volume:37.43 Cu. Ft; Capacity or Size: 8 Passenger; HP: 208",USD/Hour,national,US,United States,,,,23.86,USD,equipment_rate_hourly,public_domain,,,2025,2025-07-01,fema-equipment-rates-2025,10,https://www.fema.gov/sites/default/files/documents/fema_pa_schedule-equipment-rates_2025.pdf,US-PD-17USC105,,FEMA Public Assistance の機械の料率表(2025 年版)。機械の所有と運転の費用(償却・間接費・整備・燃料・油脂・タイヤ等)を含み、オペレーターの人件費は含まない(FEMA の頁の注)。2025-07-01 以降に宣言された災害に適用。表の # 411、PDF 10 頁
a56b0ca3ea4cac04,US,equipment,"Vehicle, Small","Vehicle, Small",Cost Code 8750,USD/Hour,national,US,United States,,,,8.22,USD,equipment_rate_hourly,public_domain,,,2025,2025-07-01,fema-equipment-rates-2025,10,https://www.fema.gov/sites/default/files/documents/fema_pa_schedule-equipment-rates_2025.pdf,US-PD-17USC105,,FEMA Public Assistance の機械の料率表(2025 年版)。機械の所有と運転の費用(償却・間接費・整備・燃料・油脂・タイヤ等)を含み、オペレーターの人件費は含まない(FEMA の頁の注)。2025-07-01 以降に宣言された災害に適用。表の # 412、PDF 10 頁
3d48d564b6b0333e,US,equipment,"Vehicle, Recreational","Vehicle, Recreational",Cost Code 8753,USD/Hour,national,US,United States,,,,5.13,USD,equipment_rate_hourly,public_domain,,,2025,2025-07-01,fema-equipment-rates-2025,10,https://www.fema.gov/sites/default/files/documents/fema_pa_schedule-equipment-rates_2025.pdf,US-PD-17USC105,,FEMA Public Assistance の機械の料率表(2025 年版)。機械の所有と運転の費用(償却・間接費・整備・燃料・油脂・タイヤ等)を含み、オペレーターの人件費は含まない(FEMA の頁の注)。2025-07-01 以降に宣言された災害に適用。表の # 413、PDF 10 頁
f9a58ca785a00740,US,equipment,Motor Coach,"Motor Coach / GVW=50534, 56 Passenger + 1-Driver","Cost Code 8754; Manufacturer: GVW=50534, 56 Passenger + 1-Driver; HP: 430",USD/Hour,national,US,United States,,,,82.69,USD,equipment_rate_hourly,public_domain,,,2025,2025-07-01,fema-equipment-rates-2025,10,https://www.fema.gov/sites/default/files/documents/fema_pa_schedule-equipment-rates_2025.pdf,US-PD-17USC105,,FEMA Public Assistance の機械の料率表(2025 年版)。機械の所有と運転の費用(償却・間接費・整備・燃料・油脂・タイヤ等)を含み、オペレーターの人件費は含まない(FEMA の頁の注)。2025-07-01 以降に宣言された災害に適用。表の # 414、PDF 10 頁
b3931e327f8d67a4,US,equipment,Golf Cart,Golf Cart,Cost Code 8755,USD/Hour,national,US,United States,,,,6.68,USD,equipment_rate_hourly,public_domain,,,2025,2025-07-01,fema-equipment-rates-2025,10,https://www.fema.gov/sites/default/files/documents/fema_pa_schedule-equipment-rates_2025.pdf,US-PD-17USC105,,FEMA Public Assistance の機械の料率表(2025 年版)。機械の所有と運転の費用(償却・間接費・整備・燃料・油脂・タイヤ等)を含み、オペレーターの人件費は含まない(FEMA の頁の注)。2025-07-01 以降に宣言された災害に適用。表の # 415、PDF 10 頁
328afa9a1fb8f3b2,US,equipment,"Vibrator, Concrete","Vibrator, Concrete / Miscellaneous 2-7/21 - Motor-in-Head",Cost Code 8761; Manufacturer: Miscellaneous 2-7/21 - Motor-in-Head; HP: 2; Notes: Added from EW,USD/Hour,national,US,United States,,,,1.79,USD,equipment_rate_hourly,public_domain,,,2025,2025-07-01,fema-equipment-rates-2025,10,https://www.fema.gov/sites/default/files/documents/fema_pa_schedule-equipment-rates_2025.pdf,US-PD-17USC105,,FEMA Public Assistance の機械の料率表(2025 年版)。機械の所有と運転の費用(償却・間接費・整備・燃料・油脂・タイヤ等)を含み、オペレーターの人件費は含まない(FEMA の頁の注)。2025-07-01 以降に宣言された災害に適用。表の # 416、PDF 10 頁
557838b0776bc385,US,equipment,"Welder, Portable","Welder, Portable / Miller Bobcat 230 (Kohler) Engine Driven Welder 907824","Cost Code 8770; Manufacturer: Miller Bobcat 230 (Kohler) Engine Driven Welder 907824; Specification: Output Range DC stick 20-230 A MIG/flux-cored 14-25 V Auxiliary Power Output Rated at 104°F (40°C) 11,000 watts peak, 9,500 watts continuous",USD/Hour,national,US,United States,,,,5.33,USD,equipment_rate_hourly,public_domain,,,2025,2025-07-01,fema-equipment-rates-2025,10,https://www.fema.gov/sites/default/files/documents/fema_pa_schedule-equipment-rates_2025.pdf,US-PD-17USC105,,FEMA Public Assistance の機械の料率表(2025 年版)。機械の所有と運転の費用(償却・間接費・整備・燃料・油脂・タイヤ等)を含み、オペレーターの人件費は含まない(FEMA の頁の注)。2025-07-01 以降に宣言された災害に適用。表の # 417、PDF 10 頁
f0321680e6685207,US,equipment,"Welder, Portable","Welder, Portable / Miscellaneous DIESEL 300 DC-CC",Cost Code 8771; Manufacturer: Miscellaneous DIESEL 300 DC-CC; Capacity or Size: 33; HP: 33; Notes: Added from EW,USD/Hour,national,US,United States,,,,10.98,USD,equipment_rate_hourly,public_domain,,,2025,2025-07-01,fema-equipment-rates-2025,10,https://www.fema.gov/sites/default/files/documents/fema_pa_schedule-equipment-rates_2025.pdf,US-PD-17USC105,,FEMA Public Assistance の機械の料率表(2025 年版)。機械の所有と運転の費用(償却・間接費・整備・燃料・油脂・タイヤ等)を含み、オペレーターの人件費は含まない(FEMA の頁の注)。2025-07-01 以降に宣言された災害に適用。表の # 418、PDF 10 頁
48bede4136ccd509,US,equipment,"Welder, Portable","Welder, Portable / Miller Big Blue 600 Pro (Kubota) Deluxe w/ArcReach 907737001","Cost Code 8772; Manufacturer: Miller Big Blue 600 Pro (Kubota) Deluxe w/ArcReach 907737001; Specification: Output Range DC stick/TIG 20-600 A DC MIG/FCAW 15-50 V Auxiliary Output Rated at 104°F (40°C) 3-phase 27,000 watts peak, 20,000 watts continuous 1-phase 15,000 watts peak, 12,000 watts continuous",USD/Hour,national,US,United States,,,,19.79,USD,equipment_rate_hourly,public_domain,,,2025,2025-07-01,fema-equipment-rates-2025,10,https://www.fema.gov/sites/default/files/documents/fema_pa_schedule-equipment-rates_2025.pdf,US-PD-17USC105,,FEMA Public Assistance の機械の料率表(2025 年版)。機械の所有と運転の費用(償却・間接費・整備・燃料・油脂・タイヤ等)を含み、オペレーターの人件費は含まない(FEMA の頁の注)。2025-07-01 以降に宣言された災害に適用。表の # 419、PDF 10 頁
c6f6723e63db2b86,US,equipment,"Welder, Portable","Welder, Portable / Miller Big Blue 800 Duo Air Pak (Deutz) Diesel Welder w/WIC & ArcReach","Cost Code 8773; Manufacturer: Miller Big Blue 800 Duo Air Pak (Deutz) Diesel Welder w/WIC & ArcReach; Specification: Output Range Single weld mode CC: 40-800 A, CV: 15-50 V Dual weld mode CC: 20-400 A, CV: 15-50 V Auxiliary Output Rated at 104°F (40°C) 3-phase 27,000 watts peak, 20,000 watts continuous 1-phase 15,000 watts peak, 12,000 watts continuous",USD/Hour,national,US,United States,,,,20.17,USD,equipment_rate_hourly,public_domain,,,2025,2025-07-01,fema-equipment-rates-2025,10,https://www.fema.gov/sites/default/files/documents/fema_pa_schedule-equipment-rates_2025.pdf,US-PD-17USC105,,FEMA Public Assistance の機械の料率表(2025 年版)。機械の所有と運転の費用(償却・間接費・整備・燃料・油脂・タイヤ等)を含み、オペレーターの人件費は含まない(FEMA の頁の注)。2025-07-01 以降に宣言された災害に適用。表の # 420、PDF 10 頁
5d5d461994e9e26b,US,equipment,"Truck, Water","Truck, Water / Miscellaneous DSL 4X2 2500",Cost Code 8780; Manufacturer: Miscellaneous DSL 4X2 2500; Capacity or Size: 2500; HP: 150; Notes: Added from EW,USD/Hour,national,US,United States,,,,35.05,USD,equipment_rate_hourly,public_domain,,,2025,2025-07-01,fema-equipment-rates-2025,10,https://www.fema.gov/sites/default/files/documents/fema_pa_schedule-equipment-rates_2025.pdf,US-PD-17USC105,,FEMA Public Assistance の機械の料率表(2025 年版)。機械の所有と運転の費用(償却・間接費・整備・燃料・油脂・タイヤ等)を含み、オペレーターの人件費は含まない(FEMA の頁の注)。2025-07-01 以降に宣言された災害に適用。表の # 421、PDF 10 頁
16ab3659d40537a0,US,equipment,"Truck, Water","Truck, Water / Miscellaneous BB2 DSL 6X4 4000 (disc. 1994)",Cost Code 8781; Manufacturer: Miscellaneous BB2 DSL 6X4 4000 (disc. 1994); Capacity or Size: 4000; HP: 250; Notes: Added from EW,USD/Hour,national,US,United States,,,,53.72,USD,equipment_rate_hourly,public_domain,,,2025,2025-07-01,fema-equipment-rates-2025,10,https://www.fema.gov/sites/default/files/documents/fema_pa_schedule-equipment-rates_2025.pdf,US-PD-17USC105,,FEMA Public Assistance の機械の料率表(2025 年版)。機械の所有と運転の費用(償却・間接費・整備・燃料・油脂・タイヤ等)を含み、オペレーターの人件費は含まない(FEMA の頁の注)。2025-07-01 以降に宣言された災害に適用。表の # 422、PDF 10 頁
aa35f3ecb339a0ee,US,equipment,"Truck, Tractor","Truck, Tractor / FREIGHTLINER BUSINESS CLASS M2 106 PLUS 4X2","Cost Code 8789; Manufacturer: FREIGHTLINER BUSINESS CLASS M2 106 PLUS 4X2; Capacity or Size: 26,001 - 33,000 pounds; HP: to 350",USD/Hour,national,US,United States,,,,75.13,USD,equipment_rate_hourly,public_domain,,,2025,2025-07-01,fema-equipment-rates-2025,10,https://www.fema.gov/sites/default/files/documents/fema_pa_schedule-equipment-rates_2025.pdf,US-PD-17USC105,,FEMA Public Assistance の機械の料率表(2025 年版)。機械の所有と運転の費用(償却・間接費・整備・燃料・油脂・タイヤ等)を含み、オペレーターの人件費は含まない(FEMA の頁の注)。2025-07-01 以降に宣言された災害に適用。表の # 423、PDF 10 頁
bd18ba70117f0e36,US,equipment,"Truck, Tractor","Truck, Tractor / FREIGHTLINER BUSINESS CLASS M2 106 6X4","Cost Code 8790; Manufacturer: FREIGHTLINER BUSINESS CLASS M2 106 6X4; Capacity or Size: 33,001 to 52,000 pounds; HP: to 450",USD/Hour,national,US,United States,,,,91.1,USD,equipment_rate_hourly,public_domain,,,2025,2025-07-01,fema-equipment-rates-2025,10,https://www.fema.gov/sites/default/files/documents/fema_pa_schedule-equipment-rates_2025.pdf,US-PD-17USC105,,FEMA Public Assistance の機械の料率表(2025 年版)。機械の所有と運転の費用(償却・間接費・整備・燃料・油脂・タイヤ等)を含み、オペレーターの人件費は含まない(FEMA の頁の注)。2025-07-01 以降に宣言された災害に適用。表の # 424、PDF 10 頁
bc044c909b0b863a,US,equipment,Truck,Truck / Ford F-450 Cutaway Truck (disc. 2018),Cost Code 8793; Manufacturer: Ford F-450 Cutaway Truck (disc. 2018); Capacity or Size: 390; HP: 390; Notes: Added from EW for 2022,USD/Hour,national,US,United States,,,,66.13,USD,equipment_rate_hourly,public_domain,,,2025,2025-07-01,fema-equipment-rates-2025,10,https://www.fema.gov/sites/default/files/documents/fema_pa_schedule-equipment-rates_2025.pdf,US-PD-17USC105,,FEMA Public Assistance の機械の料率表(2025 年版)。機械の所有と運転の費用(償却・間接費・整備・燃料・油脂・タイヤ等)を含み、オペレーターの人件費は含まない(FEMA の頁の注)。2025-07-01 以降に宣言された災害に適用。表の # 425、PDF 10 頁
167a8c05dc103e6f,US,equipment,"Truck, Freight","Truck, Freight / Dodge Ram Chassis 5500",Cost Code 8794; Manufacturer: Dodge Ram Chassis 5500; Capacity or Size: 275; HP: 275; Notes: Added from EW for 2022,USD/Hour,national,US,United States,,,,27.84,USD,equipment_rate_hourly,public_domain,,,2025,2025-07-01,fema-equipment-rates-2025,10,https://www.fema.gov/sites/default/files/documents/fema_pa_schedule-equipment-rates_2025.pdf,US-PD-17USC105,,FEMA Public Assistance の機械の料率表(2025 年版)。機械の所有と運転の費用(償却・間接費・整備・燃料・油脂・タイヤ等)を含み、オペレーターの人件費は含まない(FEMA の頁の注)。2025-07-01 以降に宣言された災害に適用。表の # 426、PDF 10 頁
0a9e5eeaf786d0b3,US,equipment,"Truck, backhoe carrier","Truck, backhoe carrier / Miscellaneous 4X2 25KGVW DSL",Cost Code 8795; Manufacturer: Miscellaneous 4X2 25KGVW DSL; Capacity or Size: 380; HP: 380; Notes: Added from EW for 2022,USD/Hour,national,US,United States,,,,34.28,USD,equipment_rate_hourly,public_domain,,,2025,2025-07-01,fema-equipment-rates-2025,10,https://www.fema.gov/sites/default/files/documents/fema_pa_schedule-equipment-rates_2025.pdf,US-PD-17USC105,,FEMA Public Assistance の機械の料率表(2025 年版)。機械の所有と運転の費用(償却・間接費・整備・燃料・油脂・タイヤ等)を含み、オペレーターの人件費は含まない(FEMA の頁の注)。2025-07-01 以降に宣言された災害に適用。表の # 427、PDF 10 頁
7adc5ad6cd28ece0,US,equipment,"Truck, freight","Truck, freight / Enclosed w/lift gate. Heavy duty, class 7","Cost Code 8796; Manufacturer: Enclosed w/lift gate. Heavy duty, class 7",USD/Hour,national,US,United States,,,,36.72,USD,equipment_rate_hourly,public_domain,,,2025,2025-07-01,fema-equipment-rates-2025,10,https://www.fema.gov/sites/default/files/documents/fema_pa_schedule-equipment-rates_2025.pdf,US-PD-17USC105,,FEMA Public Assistance の機械の料率表(2025 年版)。機械の所有と運転の費用(償却・間接費・整備・燃料・油脂・タイヤ等)を含み、オペレーターの人件費は含まない(FEMA の頁の注)。2025-07-01 以降に宣言された災害に適用。表の # 428、PDF 10 頁
815ecb1fa3906f07,US,equipment,"Truck, freight","Truck, freight / M2-106 4x2 Diesel (disc. 2015)",Cost Code 8797; Manufacturer: M2-106 4x2 Diesel (disc. 2015); HP: 250,USD/Hour,national,US,United States,,,,54.34,USD,equipment_rate_hourly,public_domain,,,2025,2025-07-01,fema-equipment-rates-2025,10,https://www.fema.gov/sites/default/files/documents/fema_pa_schedule-equipment-rates_2025.pdf,US-PD-17USC105,,FEMA Public Assistance の機械の料率表(2025 年版)。機械の所有と運転の費用(償却・間接費・整備・燃料・油脂・タイヤ等)を含み、オペレーターの人件費は含まない(FEMA の頁の注)。2025-07-01 以降に宣言された災害に適用。表の # 429、PDF 10 頁
2039c9691310dd6e,US,equipment,"Truck, Pickup","Truck, Pickup / Any Size Pick Up Per Mile cost",Cost Code 8800; Manufacturer: Any Size Pick Up Per Mile cost,USD/Mile,national,US,United States,,,,0.7,USD,equipment_rate_per_mile,public_domain,,,2025,2025-07-01,fema-equipment-rates-2025,10,https://www.fema.gov/sites/default/files/documents/fema_pa_schedule-equipment-rates_2025.pdf,US-PD-17USC105,,FEMA Public Assistance の機械の料率表(2025 年版)。機械の所有と運転の費用(償却・間接費・整備・燃料・油脂・タイヤ等)を含み、オペレーターの人件費は含まない(FEMA の頁の注)。2025-07-01 以降に宣言された災害に適用。表の # 430、PDF 10 頁
72dbe578c424a41f,US,equipment,"Truck, Pickup","Truck, Pickup / Miscellaneous 4X2 1/2 160 CONV DSL",Cost Code 8801; Manufacturer: Miscellaneous 4X2 1/2 160 CONV DSL; HP: 160; Notes: Added from EW,USD/Hour,national,US,United States,,,,17.51,USD,equipment_rate_hourly,public_domain,,,2025,2025-07-01,fema-equipment-rates-2025,10,https://www.fema.gov/sites/default/files/documents/fema_pa_schedule-equipment-rates_2025.pdf,US-PD-17USC105,,FEMA Public Assistance の機械の料率表(2025 年版)。機械の所有と運転の費用(償却・間接費・整備・燃料・油脂・タイヤ等)を含み、オペレーターの人件費は含まない(FEMA の頁の注)。2025-07-01 以降に宣言された災害に適用。表の # 431、PDF 10 頁
185f298e03bdee25,US,equipment,"Truck, Pickup","Truck, Pickup / 4X2 1 195 CONV DSL",Cost Code 8802; Manufacturer: 4X2 1 195 CONV DSL; HP: 195; Notes: Added from EW,USD/Hour,national,US,United States,,,,17.45,USD,equipment_rate_hourly,public_domain,,,2025,2025-07-01,fema-equipment-rates-2025,10,https://www.fema.gov/sites/default/files/documents/fema_pa_schedule-equipment-rates_2025.pdf,US-PD-17USC105,,FEMA Public Assistance の機械の料率表(2025 年版)。機械の所有と運転の費用(償却・間接費・整備・燃料・油脂・タイヤ等)を含み、オペレーターの人件費は含まない(FEMA の頁の注)。2025-07-01 以降に宣言された災害に適用。表の # 432、PDF 10 頁
068d371544526a55,US,equipment,"Truck, Pickup","Truck, Pickup / 4X2 1 1/4 360 CONV DSL",Cost Code 8803; Manufacturer: 4X2 1 1/4 360 CONV DSL; HP: 360; Notes: Added from EW,USD/Hour,national,US,United States,,,,27.82,USD,equipment_rate_hourly,public_domain,,,2025,2025-07-01,fema-equipment-rates-2025,10,https://www.fema.gov/sites/default/files/documents/fema_pa_schedule-equipment-rates_2025.pdf,US-PD-17USC105,,FEMA Public Assistance の機械の料率表(2025 年版)。機械の所有と運転の費用(償却・間接費・整備・燃料・油脂・タイヤ等)を含み、オペレーターの人件費は含まない(FEMA の頁の注)。2025-07-01 以降に宣言された災害に適用。表の # 433、PDF 10 頁
8213e93d44847371,US,equipment,"Truck, Pickup","Truck, Pickup / 4X2 1 1/2 300 CONV DIESEL",Cost Code 8804; Manufacturer: 4X2 1 1/2 300 CONV DIESEL; HP: 310; Notes: Added from EW,USD/Hour,national,US,United States,,,,29.09,USD,equipment_rate_hourly,public_domain,,,2025,2025-07-01,fema-equipment-rates-2025,10,https://www.fema.gov/sites/default/files/documents/fema_pa_schedule-equipment-rates_2025.pdf,US-PD-17USC105,,FEMA Public Assistance の機械の料率表(2025 年版)。機械の所有と運転の費用(償却・間接費・整備・燃料・油脂・タイヤ等)を含み、オペレーターの人件費は含まない(FEMA の頁の注)。2025-07-01 以降に宣言された災害に適用。表の # 434、PDF 10 頁
67d289da19af7e13,US,equipment,"Truck, Pickup","Truck, Pickup / Miscellaneous 4X2 1 3/4 360 CONV DSL",Cost Code 8805; Manufacturer: Miscellaneous 4X2 1 3/4 360 CONV DSL; HP: 360; Notes: Added from EW. Was 300-HP.,USD/Hour,national,US,United States,,,,34.02,USD,equipment_rate_hourly,public_domain,,,2025,2025-07-01,fema-equipment-rates-2025,10,https://www.fema.gov/sites/default/files/documents/fema_pa_schedule-equipment-rates_2025.pdf,US-PD-17USC105,,FEMA Public Assistance の機械の料率表(2025 年版)。機械の所有と運転の費用(償却・間接費・整備・燃料・油脂・タイヤ等)を含み、オペレーターの人件費は含まない(FEMA の頁の注)。2025-07-01 以降に宣言された災害に適用。表の # 435、PDF 10 頁
441c57f3ff8cf27e,US,equipment,"Truck, Pickup","Truck, Pickup / Miscellaneous 4X2 3/4 160 CONV DSL",Cost Code 8806; Manufacturer: Miscellaneous 4X2 3/4 160 CONV DSL; HP: 160; Notes: Added from EW,USD/Hour,national,US,United States,,,,14.48,USD,equipment_rate_hourly,public_domain,,,2025,2025-07-01,fema-equipment-rates-2025,10,https://www.fema.gov/sites/default/files/documents/fema_pa_schedule-equipment-rates_2025.pdf,US-PD-17USC105,,FEMA Public Assistance の機械の料率表(2025 年版)。機械の所有と運転の費用(償却・間接費・整備・燃料・油脂・タイヤ等)を含み、オペレーターの人件費は含まない(FEMA の頁の注)。2025-07-01 以降に宣言された災害に適用。表の # 436、PDF 10 頁
9256d0bf87f8c844,US,equipment,"Truck, Pickup","Truck, Pickup / Miscellaneous 4X4 3/4 285 CREW GAS",Cost Code 8807; Manufacturer: Miscellaneous 4X4 3/4 285 CREW GAS; HP: 285; Notes: Added from EW,USD/Hour,national,US,United States,,,,18.71,USD,equipment_rate_hourly,public_domain,,,2025,2025-07-01,fema-equipment-rates-2025,10,https://www.fema.gov/sites/default/files/documents/fema_pa_schedule-equipment-rates_2025.pdf,US-PD-17USC105,,FEMA Public Assistance の機械の料率表(2025 年版)。機械の所有と運転の費用(償却・間接費・整備・燃料・油脂・タイヤ等)を含み、オペレーターの人件費は含まない(FEMA の頁の注)。2025-07-01 以降に宣言された災害に適用。表の # 437、PDF 10 頁
1346c15b5773f553,US,equipment,"Truck, Pickup","Truck, Pickup / 4X4 1 340 CREW DSL",Cost Code 8808; Manufacturer: 4X4 1 340 CREW DSL; HP: 340; Notes: Added from EW,USD/Hour,national,US,United States,,,,31.54,USD,equipment_rate_hourly,public_domain,,,2025,2025-07-01,fema-equipment-rates-2025,11,https://www.fema.gov/sites/default/files/documents/fema_pa_schedule-equipment-rates_2025.pdf,US-PD-17USC105,,FEMA Public Assistance の機械の料率表(2025 年版)。機械の所有と運転の費用(償却・間接費・整備・燃料・油脂・タイヤ等)を含み、オペレーターの人件費は含まない(FEMA の頁の注)。2025-07-01 以降に宣言された災害に適用。表の # 438、PDF 11 頁
3f2f16fe1ddbfec8,US,equipment,"Truck, Pickup","Truck, Pickup / 4X4 1 1/4 360 CREW GAS",Cost Code 8809; Manufacturer: 4X4 1 1/4 360 CREW GAS; HP: 360; Notes: Added from EW,USD/Hour,national,US,United States,,,,35.27,USD,equipment_rate_hourly,public_domain,,,2025,2025-07-01,fema-equipment-rates-2025,11,https://www.fema.gov/sites/default/files/documents/fema_pa_schedule-equipment-rates_2025.pdf,US-PD-17USC105,,FEMA Public Assistance の機械の料率表(2025 年版)。機械の所有と運転の費用(償却・間接費・整備・燃料・油脂・タイヤ等)を含み、オペレーターの人件費は含まない(FEMA の頁の注)。2025-07-01 以降に宣言された災害に適用。表の # 439、PDF 11 頁
3ce692d8c1e4ecda,US,equipment,"Truck, Pickup","Truck, Pickup / 4X4 1 1/2 362 CREW GAS",Cost Code 8810; Manufacturer: 4X4 1 1/2 362 CREW GAS; HP: 362; Notes: Added from EW,USD/Hour,national,US,United States,,,,35.75,USD,equipment_rate_hourly,public_domain,,,2025,2025-07-01,fema-equipment-rates-2025,11,https://www.fema.gov/sites/default/files/documents/fema_pa_schedule-equipment-rates_2025.pdf,US-PD-17USC105,,FEMA Public Assistance の機械の料率表(2025 年版)。機械の所有と運転の費用(償却・間接費・整備・燃料・油脂・タイヤ等)を含み、オペレーターの人件費は含まない(FEMA の頁の注)。2025-07-01 以降に宣言された災害に適用。表の # 440、PDF 11 頁
f2aacaf8f43e3b7d,US,equipment,"Truck, Pickup","Truck, Pickup / 4X4 1 3/4 362 CREW GAS",Cost Code 8811; Manufacturer: 4X4 1 3/4 362 CREW GAS; HP: 362; Notes: Added from EW,USD/Hour,national,US,United States,,,,34.59,USD,equipment_rate_hourly,public_domain,,,2025,2025-07-01,fema-equipment-rates-2025,11,https://www.fema.gov/sites/default/files/documents/fema_pa_schedule-equipment-rates_2025.pdf,US-PD-17USC105,,FEMA Public Assistance の機械の料率表(2025 年版)。機械の所有と運転の費用(償却・間接費・整備・燃料・油脂・タイヤ等)を含み、オペレーターの人件費は含まない(FEMA の頁の注)。2025-07-01 以降に宣言された災害に適用。表の # 441、PDF 11 頁
1949e8526b48c031,US,equipment,"Truck, Loader","Truck, Loader / 2023 BARKO 495B","Cost Code 8822; Manufacturer: 2023 BARKO 495B; Specification: CSI 264 Ultra Delimber, 48"" Rotobec Grapple, Pitts Hydraulic Trailer, Ground Saw Ready,",USD/Hour,national,US,United States,,,,75.83,USD,equipment_rate_hourly,public_domain,,,2025,2025-07-01,fema-equipment-rates-2025,11,https://www.fema.gov/sites/default/files/documents/fema_pa_schedule-equipment-rates_2025.pdf,US-PD-17USC105,,FEMA Public Assistance の機械の料率表(2025 年版)。機械の所有と運転の費用(償却・間接費・整備・燃料・油脂・タイヤ等)を含み、オペレーターの人件費は含まない(FEMA の頁の注)。2025-07-01 以降に宣言された災害に適用。表の # 442、PDF 11 頁
23e745ff32ff2c15,US,equipment,Chipper- Wood Recycler,Chipper- Wood Recycler / 2021 BANDIT 2460T BEAST RECYCLER,Cost Code 8823; Manufacturer: 2021 BANDIT 2460T BEAST RECYCLER; HP: 560,USD/Hour,national,US,United States,,,,186.25,USD,equipment_rate_hourly,public_domain,,,2025,2025-07-01,fema-equipment-rates-2025,11,https://www.fema.gov/sites/default/files/documents/fema_pa_schedule-equipment-rates_2025.pdf,US-PD-17USC105,,FEMA Public Assistance の機械の料率表(2025 年版)。機械の所有と運転の費用(償却・間接費・整備・燃料・油脂・タイヤ等)を含み、オペレーターの人件費は含まない(FEMA の頁の注)。2025-07-01 以降に宣言された災害に適用。表の # 443、PDF 11 頁
e37a5e3a146a919b,US,equipment,Skidder,Skidder / John Deere 640L-II (2020),Cost Code 8824; Manufacturer: John Deere 640L-II (2020); HP: 237,USD/Hour,national,US,United States,,,,114.41,USD,equipment_rate_hourly,public_domain,,,2025,2025-07-01,fema-equipment-rates-2025,11,https://www.fema.gov/sites/default/files/documents/fema_pa_schedule-equipment-rates_2025.pdf,US-PD-17USC105,,FEMA Public Assistance の機械の料率表(2025 年版)。機械の所有と運転の費用(償却・間接費・整備・燃料・油脂・タイヤ等)を含み、オペレーターの人件費は含まない(FEMA の頁の注)。2025-07-01 以降に宣言された災害に適用。表の # 444、PDF 11 頁
2d18a79f4df09651,US,equipment,Skidder,Skidder / John Deere 948L-II (2020),Cost Code 8825; Manufacturer: John Deere 948L-II (2020); HP: 300,USD/Hour,national,US,United States,,,,136.8,USD,equipment_rate_hourly,public_domain,,,2025,2025-07-01,fema-equipment-rates-2025,11,https://www.fema.gov/sites/default/files/documents/fema_pa_schedule-equipment-rates_2025.pdf,US-PD-17USC105,,FEMA Public Assistance の機械の料率表(2025 年版)。機械の所有と運転の費用(償却・間接費・整備・燃料・油脂・タイヤ等)を含み、オペレーターの人件費は含まない(FEMA の頁の注)。2025-07-01 以降に宣言された災害に適用。表の # 445、PDF 11 頁
c574fd236f09af2b,US,equipment,"Truck, service","Truck, service",Cost Code 8840,USD/Hour,national,US,United States,,,,46.29,USD,equipment_rate_hourly,public_domain,,,2025,2025-07-01,fema-equipment-rates-2025,11,https://www.fema.gov/sites/default/files/documents/fema_pa_schedule-equipment-rates_2025.pdf,US-PD-17USC105,,FEMA Public Assistance の機械の料率表(2025 年版)。機械の所有と運転の費用(償却・間接費・整備・燃料・油脂・タイヤ等)を含み、オペレーターの人件費は含まない(FEMA の頁の注)。2025-07-01 以降に宣言された災害に適用。表の # 446、PDF 11 頁
541073d9e1183804,US,equipment,"Truck, fuel","Truck, fuel / Miscellaneous BB2 Gas 4X2 2000",Cost Code 8841; Manufacturer: Miscellaneous BB2 Gas 4X2 2000,USD/Hour,national,US,United States,,,,42.54,USD,equipment_rate_hourly,public_domain,,,2025,2025-07-01,fema-equipment-rates-2025,11,https://www.fema.gov/sites/default/files/documents/fema_pa_schedule-equipment-rates_2025.pdf,US-PD-17USC105,,FEMA Public Assistance の機械の料率表(2025 年版)。機械の所有と運転の費用(償却・間接費・整備・燃料・油脂・タイヤ等)を含み、オペレーターの人件費は含まない(FEMA の頁の注)。2025-07-01 以降に宣言された災害に適用。表の # 447、PDF 11 頁
74d7e3eddc85889e,US,equipment,Mobile Command Center Trailer,Mobile Command Center Trailer,Cost Code 8842,USD/Hour,national,US,United States,,,,182.51,USD,equipment_rate_hourly,public_domain,,,2025,2025-07-01,fema-equipment-rates-2025,11,https://www.fema.gov/sites/default/files/documents/fema_pa_schedule-equipment-rates_2025.pdf,US-PD-17USC105,,FEMA Public Assistance の機械の料率表(2025 年版)。機械の所有と運転の費用(償却・間接費・整備・燃料・油脂・タイヤ等)を含み、オペレーターの人件費は含まない(FEMA の頁の注)。2025-07-01 以降に宣言された災害に適用。表の # 448、PDF 11 頁
a9b2901ccf9ea9dd,US,equipment,Mobile Command Center Vehicle,Mobile Command Center Vehicle / GVWR: 54600 lbs,Cost Code 8843; Manufacturer: GVWR: 54600 lbs; HP: up to 550,USD/Hour,national,US,United States,,,,333.86,USD,equipment_rate_hourly,public_domain,,,2025,2025-07-01,fema-equipment-rates-2025,11,https://www.fema.gov/sites/default/files/documents/fema_pa_schedule-equipment-rates_2025.pdf,US-PD-17USC105,,FEMA Public Assistance の機械の料率表(2025 年版)。機械の所有と運転の費用(償却・間接費・整備・燃料・油脂・タイヤ等)を含み、オペレーターの人件費は含まない(FEMA の頁の注)。2025-07-01 以降に宣言された災害に適用。表の # 449、PDF 11 頁
6ca355f7182e0c26,US,equipment,Mobile Communications Trailer,Mobile Communications Trailer / Multi-purpose Mobile Mast System,"Cost Code 8844; Manufacturer: Multi-purpose Mobile Mast System; Specification: Tower trailer with generator, antena and station repeater.; Capacity or Size: Up to 60 foot height",USD (Unit 欄が空),national,US,United States,,,,13.46,USD,equipment_rate_unit_not_stated,public_domain,,,2025,2025-07-01,fema-equipment-rates-2025,11,https://www.fema.gov/sites/default/files/documents/fema_pa_schedule-equipment-rates_2025.pdf,US-PD-17USC105,,FEMA Public Assistance の機械の料率表(2025 年版)。機械の所有と運転の費用(償却・間接費・整備・燃料・油脂・タイヤ等)を含み、オペレーターの人件費は含まない(FEMA の頁の注)。2025-07-01 以降に宣言された災害に適用。表の # 450、PDF 11 頁。原本の Unit 欄が空。単位を推定しない
197844f73eb5c4dc,US,equipment,Light Tower,Light Tower / Generac MLT4080 8kW Mobile LED Light Tower,Cost Code 8870; Manufacturer: Generac MLT4080 8kW Mobile LED Light Tower; Specification: 25 FT; Capacity or Size: 25 FT; HP: to 13; Notes: Added from EW,USD/Hour,national,US,United States,,,,8.71,USD,equipment_rate_hourly,public_domain,,,2025,2025-07-01,fema-equipment-rates-2025,11,https://www.fema.gov/sites/default/files/documents/fema_pa_schedule-equipment-rates_2025.pdf,US-PD-17USC105,,FEMA Public Assistance の機械の料率表(2025 年版)。機械の所有と運転の費用(償却・間接費・整備・燃料・油脂・タイヤ等)を含み、オペレーターの人件費は含まない(FEMA の頁の注)。2025-07-01 以降に宣言された災害に適用。表の # 451、PDF 11 頁
a3b6e675e2dc574e,US,equipment,Light Tower,Light Tower / Generac MLT4200 20kW Mobile Light Tower,Cost Code 8871; Manufacturer: Generac MLT4200 20kW Mobile Light Tower; Specification: 25 FT; Capacity or Size: 25 FT; HP: to 40; Notes: Added from EW,USD/Hour,national,US,United States,,,,5.49,USD,equipment_rate_hourly,public_domain,,,2025,2025-07-01,fema-equipment-rates-2025,11,https://www.fema.gov/sites/default/files/documents/fema_pa_schedule-equipment-rates_2025.pdf,US-PD-17USC105,,FEMA Public Assistance の機械の料率表(2025 年版)。機械の所有と運転の費用(償却・間接費・整備・燃料・油脂・タイヤ等)を含み、オペレーターの人件費は含まない(FEMA の頁の注)。2025-07-01 以降に宣言された災害に適用。表の # 452、PDF 11 頁
a2ba0cd4a09a6282,US,equipment,Sand Bagger Machine,Sand Bagger Machine / Ultimate Bagger Sandbag Filling Machine,Cost Code 8872; Manufacturer: Ultimate Bagger Sandbag Filling Machine; Specification: 1200 Bags per Hour Filling and Sealing; Capacity or Size: 2 Cubic Yard Hopper,USD/Hour,national,US,United States,,,,42.95,USD,equipment_rate_hourly,public_domain,,,2025,2025-07-01,fema-equipment-rates-2025,11,https://www.fema.gov/sites/default/files/documents/fema_pa_schedule-equipment-rates_2025.pdf,US-PD-17USC105,,FEMA Public Assistance の機械の料率表(2025 年版)。機械の所有と運転の費用(償却・間接費・整備・燃料・油脂・タイヤ等)を含み、オペレーターの人件費は含まない(FEMA の頁の注)。2025-07-01 以降に宣言された災害に適用。表の # 453、PDF 11 頁
f5875c163d6e4375,US,equipment,Helicopter,Helicopter / 2018 Bell 407 GXI EMS- Ambulance,Cost Code 8900; Manufacturer: 2018 Bell 407 GXI EMS- Ambulance; Specification: Ambulace,USD/Hour,national,US,United States,,,,2795.22,USD,equipment_rate_hourly,public_domain,,,2025,2025-07-01,fema-equipment-rates-2025,11,https://www.fema.gov/sites/default/files/documents/fema_pa_schedule-equipment-rates_2025.pdf,US-PD-17USC105,,FEMA Public Assistance の機械の料率表(2025 年版)。機械の所有と運転の費用(償却・間接費・整備・燃料・油脂・タイヤ等)を含み、オペレーターの人件費は含まない(FEMA の頁の注)。2025-07-01 以降に宣言された災害に適用。表の # 454、PDF 11 頁
c3ef70f804274f63,US,equipment,Helicopter,Helicopter / 2018 Bell 407GXi,Cost Code 8901; Manufacturer: 2018 Bell 407GXi; Specification: 7 Place Corporate Interior (2) Crew & (5) Passengers; Capacity or Size: 7 Place Corporate Interior (2) Crew & (5) Passengers,USD/Hour,national,US,United States,,,,1958.83,USD,equipment_rate_hourly,public_domain,,,2025,2025-07-01,fema-equipment-rates-2025,11,https://www.fema.gov/sites/default/files/documents/fema_pa_schedule-equipment-rates_2025.pdf,US-PD-17USC105,,FEMA Public Assistance の機械の料率表(2025 年版)。機械の所有と運転の費用(償却・間接費・整備・燃料・油脂・タイヤ等)を含み、オペレーターの人件費は含まない(FEMA の頁の注)。2025-07-01 以降に宣言された災害に適用。表の # 455、PDF 11 頁
7bf92bf257bea215,US,equipment,Helicopter,Helicopter / Leonardo/Agusta Westland AW169,Cost Code 8902; Manufacturer: Leonardo/Agusta Westland AW169; Specification: 1 person crew and can transport up to 8 passengers; Capacity or Size: 1 person crew and can transport up to 8 passengers,USD/Hour,national,US,United States,,,,4157.36,USD,equipment_rate_hourly,public_domain,,,2025,2025-07-01,fema-equipment-rates-2025,11,https://www.fema.gov/sites/default/files/documents/fema_pa_schedule-equipment-rates_2025.pdf,US-PD-17USC105,,FEMA Public Assistance の機械の料率表(2025 年版)。機械の所有と運転の費用(償却・間接費・整備・燃料・油脂・タイヤ等)を含み、オペレーターの人件費は含まない(FEMA の頁の注)。2025-07-01 以降に宣言された災害に適用。表の # 456、PDF 11 頁
51fa45c3735c1edc,US,equipment,Helicopter,Helicopter / Sikorsky S-92,Cost Code 8903; Manufacturer: Sikorsky S-92; Specification: 2 person crew and can transport up to 22 passengers.; Capacity or Size: 2 person crew and can transport up to 22 passengers.,USD/Hour,national,US,United States,,,,6430.46,USD,equipment_rate_hourly,public_domain,,,2025,2025-07-01,fema-equipment-rates-2025,11,https://www.fema.gov/sites/default/files/documents/fema_pa_schedule-equipment-rates_2025.pdf,US-PD-17USC105,,FEMA Public Assistance の機械の料率表(2025 年版)。機械の所有と運転の費用(償却・間接費・整備・燃料・油脂・タイヤ等)を含み、オペレーターの人件費は含まない(FEMA の頁の注)。2025-07-01 以降に宣言された災害に適用。表の # 457、PDF 11 頁
77887c6cea8d8b04,US,equipment,Helicopter,Helicopter / Sikorsky S-70M Firehawk helicopter,"Cost Code 8904; Manufacturer: Sikorsky S-70M Firehawk helicopter; Specification: 1,000-gallon belly tank and other firefighting gear.; Capacity or Size: 1,000-gallon belly tank and other firefighting gear.",USD/Hour,national,US,United States,,,,10310.57,USD,equipment_rate_hourly,public_domain,,,2025,2025-07-01,fema-equipment-rates-2025,11,https://www.fema.gov/sites/default/files/documents/fema_pa_schedule-equipment-rates_2025.pdf,US-PD-17USC105,,FEMA Public Assistance の機械の料率表(2025 年版)。機械の所有と運転の費用(償却・間接費・整備・燃料・油脂・タイヤ等)を含み、オペレーターの人件費は含まない(FEMA の頁の注)。2025-07-01 以降に宣言された災害に適用。表の # 458、PDF 11 頁
a685631246c77cfd,US,equipment,Fixed wing,Fixed wing / Cessna Turbo Stationair HD,Cost Code 8906; Manufacturer: Cessna Turbo Stationair HD; Specification: Maximum Range 703 nm Maximum Cruise Speed 161 ktas Maximum Passengers 6 Maximum Range 703 NM; Capacity or Size: 6 Passenger,USD/Hour,national,US,United States,,,,661.42,USD,equipment_rate_hourly,public_domain,,,2025,2025-07-01,fema-equipment-rates-2025,11,https://www.fema.gov/sites/default/files/documents/fema_pa_schedule-equipment-rates_2025.pdf,US-PD-17USC105,,FEMA Public Assistance の機械の料率表(2025 年版)。機械の所有と運転の費用(償却・間接費・整備・燃料・油脂・タイヤ等)を含み、オペレーターの人件費は含まない(FEMA の頁の注)。2025-07-01 以降に宣言された災害に適用。表の # 459、PDF 11 頁
27ffe64f949f4b00,US,equipment,Fixed wing,Fixed wing / Cessna Caravan EX,"Cost Code 8907; Manufacturer: Cessna Caravan EX; Specification: Maximum Cruise Speed 186 ktas Maximum Passengers 10-14 Maximum Range 1,070 NM; Capacity or Size: 10 to 14 Passengers",USD/Hour,national,US,United States,,,,1530.01,USD,equipment_rate_hourly,public_domain,,,2025,2025-07-01,fema-equipment-rates-2025,11,https://www.fema.gov/sites/default/files/documents/fema_pa_schedule-equipment-rates_2025.pdf,US-PD-17USC105,,FEMA Public Assistance の機械の料率表(2025 年版)。機械の所有と運転の費用(償却・間接費・整備・燃料・油脂・タイヤ等)を含み、オペレーターの人件費は含まない(FEMA の頁の注)。2025-07-01 以降に宣言された災害に適用。表の # 460、PDF 11 頁
c4423c0625664bf2,US,equipment,Fixed wing,Fixed wing / Cessna SkyCourier (Passenger),Cost Code 8914; Manufacturer: Cessna SkyCourier (Passenger); Specification: Maximum Cruise Speed 210 ktas Maximum Passengers 19 Maximum Range 920 NM; Capacity or Size: 19 Passenger,USD/Hour,national,US,United States,,,,2788.54,USD,equipment_rate_hourly,public_domain,,,2025,2025-07-01,fema-equipment-rates-2025,11,https://www.fema.gov/sites/default/files/documents/fema_pa_schedule-equipment-rates_2025.pdf,US-PD-17USC105,,FEMA Public Assistance の機械の料率表(2025 年版)。機械の所有と運転の費用(償却・間接費・整備・燃料・油脂・タイヤ等)を含み、オペレーターの人件費は含まない(FEMA の頁の注)。2025-07-01 以降に宣言された災害に適用。表の # 461、PDF 11 頁
467bab55f12ac100,US,equipment,Fixed wing,Fixed wing / Bombardier Challenger 3500 (Jet),"Cost Code 8915; Manufacturer: Bombardier Challenger 3500 (Jet); Specification: Maximum Cruise Speed 882 KM/H Maximum Passengers 10 Maximum Range 3,400 NM; Capacity or Size: 10 Passenger",USD/Hour,national,US,United States,,,,7890.84,USD,equipment_rate_hourly,public_domain,,,2025,2025-07-01,fema-equipment-rates-2025,11,https://www.fema.gov/sites/default/files/documents/fema_pa_schedule-equipment-rates_2025.pdf,US-PD-17USC105,,FEMA Public Assistance の機械の料率表(2025 年版)。機械の所有と運転の費用(償却・間接費・整備・燃料・油脂・タイヤ等)を含み、オペレーターの人件費は含まない(FEMA の頁の注)。2025-07-01 以降に宣言された災害に適用。表の # 462、PDF 11 頁
9c9595628cc6c6f8,US,equipment,Fixed wing,Fixed wing / Bombardier Global 8000,"Cost Code 8916; Manufacturer: Bombardier Global 8000; Specification: Maximum Cruise Speed 940 KM/H Maximum Passengers 19 Maximum Range 8,000 NM; Capacity or Size: 19 Passenger",USD/Hour,national,US,United States,,,,9604.18,USD,equipment_rate_hourly,public_domain,,,2025,2025-07-01,fema-equipment-rates-2025,11,https://www.fema.gov/sites/default/files/documents/fema_pa_schedule-equipment-rates_2025.pdf,US-PD-17USC105,,FEMA Public Assistance の機械の料率表(2025 年版)。機械の所有と運転の費用(償却・間接費・整備・燃料・油脂・タイヤ等)を含み、オペレーターの人件費は含まない(FEMA の頁の注)。2025-07-01 以降に宣言された災害に適用。表の # 463、PDF 11 頁
7f9c5349613cad94,US,equipment,Wire Puller Machine,Wire Puller Machine / UD-50 Underground Puller,"Cost Code 8943; Manufacturer: UD-50 Underground Puller; Specification: Engine 8-10 Hp TBA Fuel Capacity 1.25 gallons Pulling Rope 3/8 in. dia. Steel Cable Reel Capacity 1,500 ft. (3/8 in. dia.) Skid Frame Construction Steel tubing, continuous-weld Wheel Configuration & Tires 14 x 5.5 Drop Center; ST205-75R 14BC Brakes, trailer Electric, Standard",USD/Hour,national,US,United States,,,,23.24,USD,equipment_rate_hourly,public_domain,,,2025,2025-07-01,fema-equipment-rates-2025,11,https://www.fema.gov/sites/default/files/documents/fema_pa_schedule-equipment-rates_2025.pdf,US-PD-17USC105,,FEMA Public Assistance の機械の料率表(2025 年版)。機械の所有と運転の費用(償却・間接費・整備・燃料・油脂・タイヤ等)を含み、オペレーターの人件費は含まない(FEMA の頁の注)。2025-07-01 以降に宣言された災害に適用。表の # 464、PDF 11 頁
3ad8df76d3e8913b,US,equipment,Wire Tensioning Machine,Wire Tensioning Machine / HOGG DAVIS OLT-38 BULLWHEEL TENSIONER,"Cost Code 8944; Manufacturer: HOGG DAVIS OLT-38 BULLWHEEL TENSIONER; Specification: Maximum Continuous Tension of 5,000 lbs @ 4 MPH Bullwheel Diameter 38in Reel Capacity 54in W x 90in D Maximum Reel Weight 8,000 lbs.",USD/Hour,national,US,United States,,,,18.33,USD,equipment_rate_hourly,public_domain,,,2025,2025-07-01,fema-equipment-rates-2025,11,https://www.fema.gov/sites/default/files/documents/fema_pa_schedule-equipment-rates_2025.pdf,US-PD-17USC105,,FEMA Public Assistance の機械の料率表(2025 年版)。機械の所有と運転の費用(償却・間接費・整備・燃料・油脂・タイヤ等)を含み、オペレーターの人件費は含まない(FEMA の頁の注)。2025-07-01 以降に宣言された災害に適用。表の # 465、PDF 11 頁
