obs_id,country,layer,category,item_name,spec,unit,geo_level,geo_code,geo_name,area_label,area_code,area_members,price,currency,price_basis,price_status,ref_value,ref_note,period,effective_from,source_id,source_page,evidence_url,license,jccdb_v4_item_id,note
6253dde6dfaf954c,JP,labor,労務単価,特殊作業員,所定労働時間内8時間あたり,人日,pref,01,北海道,,,,26000,JPY,labor_wage_8h,published_pdl,38400,公共工事設計労務単価＋必要経費(法定福利費(事業主負担分)、労務管理費、宿舎費等)の参考値,2026-03,2026-03-01,mlit-roumu-r8,参1-参3,https://www.mlit.go.jp/report/press/content/001981942.pdf,PDL1.0,,
01abf73fadaacaad,JP,labor,労務単価,普通作業員,所定労働時間内8時間あたり,人日,pref,01,北海道,,,,21500,JPY,labor_wage_8h,published_pdl,31800,公共工事設計労務単価＋必要経費(法定福利費(事業主負担分)、労務管理費、宿舎費等)の参考値,2026-03,2026-03-01,mlit-roumu-r8,参1-参3,https://www.mlit.go.jp/report/press/content/001981942.pdf,PDL1.0,,
401b942075e68274,JP,labor,労務単価,軽作業員,所定労働時間内8時間あたり,人日,pref,01,北海道,,,,19200,JPY,labor_wage_8h,published_pdl,28400,公共工事設計労務単価＋必要経費(法定福利費(事業主負担分)、労務管理費、宿舎費等)の参考値,2026-03,2026-03-01,mlit-roumu-r8,参1-参3,https://www.mlit.go.jp/report/press/content/001981942.pdf,PDL1.0,,
f87e28005976a8a9,JP,labor,労務単価,造園工,所定労働時間内8時間あたり,人日,pref,01,北海道,,,,24400,JPY,labor_wage_8h,published_pdl,36000,公共工事設計労務単価＋必要経費(法定福利費(事業主負担分)、労務管理費、宿舎費等)の参考値,2026-03,2026-03-01,mlit-roumu-r8,参1-参3,https://www.mlit.go.jp/report/press/content/001981942.pdf,PDL1.0,,
9f076977627428f4,JP,labor,労務単価,法面工,所定労働時間内8時間あたり,人日,pref,01,北海道,,,,32500,JPY,labor_wage_8h,published_pdl,48000,公共工事設計労務単価＋必要経費(法定福利費(事業主負担分)、労務管理費、宿舎費等)の参考値,2026-03,2026-03-01,mlit-roumu-r8,参1-参3,https://www.mlit.go.jp/report/press/content/001981942.pdf,PDL1.0,,
8ef14c14b7ddfd6a,JP,labor,労務単価,とび工,所定労働時間内8時間あたり,人日,pref,01,北海道,,,,30000,JPY,labor_wage_8h,published_pdl,44300,公共工事設計労務単価＋必要経費(法定福利費(事業主負担分)、労務管理費、宿舎費等)の参考値,2026-03,2026-03-01,mlit-roumu-r8,参1-参3,https://www.mlit.go.jp/report/press/content/001981942.pdf,PDL1.0,,
d5c14a32575eaa9c,JP,labor,労務単価,石工,所定労働時間内8時間あたり,人日,pref,01,北海道,,,,,JPY,labor_wage_8h,not_set,,,2026-03,2026-03-01,mlit-roumu-r8,参1-参3,https://www.mlit.go.jp/report/press/content/001981942.pdf,PDL1.0,,原本の表で『-』(この都道府県ではこの職種の単価を設定していない)
aba0c57cc827bbba,JP,labor,労務単価,ブロック工,所定労働時間内8時間あたり,人日,pref,01,北海道,,,,,JPY,labor_wage_8h,not_set,,,2026-03,2026-03-01,mlit-roumu-r8,参1-参3,https://www.mlit.go.jp/report/press/content/001981942.pdf,PDL1.0,,原本の表で『-』(この都道府県ではこの職種の単価を設定していない)
8dbaee667a5677bf,JP,labor,労務単価,電工,所定労働時間内8時間あたり,人日,pref,01,北海道,,,,29100,JPY,labor_wage_8h,published_pdl,43000,公共工事設計労務単価＋必要経費(法定福利費(事業主負担分)、労務管理費、宿舎費等)の参考値,2026-03,2026-03-01,mlit-roumu-r8,参1-参3,https://www.mlit.go.jp/report/press/content/001981942.pdf,PDL1.0,,
4cb6112cee7515ec,JP,labor,労務単価,鉄筋工,所定労働時間内8時間あたり,人日,pref,01,北海道,,,,30200,JPY,labor_wage_8h,published_pdl,44600,公共工事設計労務単価＋必要経費(法定福利費(事業主負担分)、労務管理費、宿舎費等)の参考値,2026-03,2026-03-01,mlit-roumu-r8,参1-参3,https://www.mlit.go.jp/report/press/content/001981942.pdf,PDL1.0,,
89eca051f98134d8,JP,labor,労務単価,鉄骨工,所定労働時間内8時間あたり,人日,pref,01,北海道,,,,30600,JPY,labor_wage_8h,published_pdl,45200,公共工事設計労務単価＋必要経費(法定福利費(事業主負担分)、労務管理費、宿舎費等)の参考値,2026-03,2026-03-01,mlit-roumu-r8,参1-参3,https://www.mlit.go.jp/report/press/content/001981942.pdf,PDL1.0,,
9e94b0a5b7ec6004,JP,labor,労務単価,塗装工,所定労働時間内8時間あたり,人日,pref,01,北海道,,,,30100,JPY,labor_wage_8h,published_pdl,44500,公共工事設計労務単価＋必要経費(法定福利費(事業主負担分)、労務管理費、宿舎費等)の参考値,2026-03,2026-03-01,mlit-roumu-r8,参1-参3,https://www.mlit.go.jp/report/press/content/001981942.pdf,PDL1.0,,
4d6d9e8711b82f13,JP,labor,労務単価,溶接工,所定労働時間内8時間あたり,人日,pref,01,北海道,,,,32500,JPY,labor_wage_8h,published_pdl,48000,公共工事設計労務単価＋必要経費(法定福利費(事業主負担分)、労務管理費、宿舎費等)の参考値,2026-03,2026-03-01,mlit-roumu-r8,参1-参3,https://www.mlit.go.jp/report/press/content/001981942.pdf,PDL1.0,,
af9b6393d380a918,JP,labor,労務単価,運転手（特殊）,所定労働時間内8時間あたり,人日,pref,01,北海道,,,,27100,JPY,labor_wage_8h,published_pdl,40000,公共工事設計労務単価＋必要経費(法定福利費(事業主負担分)、労務管理費、宿舎費等)の参考値,2026-03,2026-03-01,mlit-roumu-r8,参1-参3,https://www.mlit.go.jp/report/press/content/001981942.pdf,PDL1.0,,
7d985a5385b2fcbe,JP,labor,労務単価,運転手（一般）,所定労働時間内8時間あたり,人日,pref,01,北海道,,,,21900,JPY,labor_wage_8h,published_pdl,32300,公共工事設計労務単価＋必要経費(法定福利費(事業主負担分)、労務管理費、宿舎費等)の参考値,2026-03,2026-03-01,mlit-roumu-r8,参1-参3,https://www.mlit.go.jp/report/press/content/001981942.pdf,PDL1.0,,
2f7e5f2eb1c2df18,JP,labor,労務単価,潜かん工,所定労働時間内8時間あたり,人日,pref,01,北海道,,,,41500,JPY,labor_wage_8h,published_pdl,61300,公共工事設計労務単価＋必要経費(法定福利費(事業主負担分)、労務管理費、宿舎費等)の参考値,2026-03,2026-03-01,mlit-roumu-r8,参1-参3,https://www.mlit.go.jp/report/press/content/001981942.pdf,PDL1.0,,
aa4130a9aba4b9db,JP,labor,労務単価,潜かん世話役,所定労働時間内8時間あたり,人日,pref,01,北海道,,,,50900,JPY,labor_wage_8h,published_pdl,75200,公共工事設計労務単価＋必要経費(法定福利費(事業主負担分)、労務管理費、宿舎費等)の参考値,2026-03,2026-03-01,mlit-roumu-r8,参1-参3,https://www.mlit.go.jp/report/press/content/001981942.pdf,PDL1.0,,
e51f7cdf40cb5f1c,JP,labor,労務単価,さく岩工,所定労働時間内8時間あたり,人日,pref,01,北海道,,,,,JPY,labor_wage_8h,not_set,,,2026-03,2026-03-01,mlit-roumu-r8,参1-参3,https://www.mlit.go.jp/report/press/content/001981942.pdf,PDL1.0,,原本の表で『-』(この都道府県ではこの職種の単価を設定していない)
a67ac277726a70f6,JP,labor,労務単価,トンネル特殊工,所定労働時間内8時間あたり,人日,pref,01,北海道,,,,46600,JPY,labor_wage_8h,published_pdl,68800,公共工事設計労務単価＋必要経費(法定福利費(事業主負担分)、労務管理費、宿舎費等)の参考値,2026-03,2026-03-01,mlit-roumu-r8,参1-参3,https://www.mlit.go.jp/report/press/content/001981942.pdf,PDL1.0,,
fd31f03b50a814d5,JP,labor,労務単価,トンネル作業員,所定労働時間内8時間あたり,人日,pref,01,北海道,,,,34400,JPY,labor_wage_8h,published_pdl,50800,公共工事設計労務単価＋必要経費(法定福利費(事業主負担分)、労務管理費、宿舎費等)の参考値,2026-03,2026-03-01,mlit-roumu-r8,参1-参3,https://www.mlit.go.jp/report/press/content/001981942.pdf,PDL1.0,,
e6aba38d21cf357f,JP,labor,労務単価,トンネル世話役,所定労働時間内8時間あたり,人日,pref,01,北海道,,,,46900,JPY,labor_wage_8h,published_pdl,69300,公共工事設計労務単価＋必要経費(法定福利費(事業主負担分)、労務管理費、宿舎費等)の参考値,2026-03,2026-03-01,mlit-roumu-r8,参1-参3,https://www.mlit.go.jp/report/press/content/001981942.pdf,PDL1.0,,
a492433ba5f768c6,JP,labor,労務単価,橋りょう特殊工,所定労働時間内8時間あたり,人日,pref,01,北海道,,,,35500,JPY,labor_wage_8h,published_pdl,52400,公共工事設計労務単価＋必要経費(法定福利費(事業主負担分)、労務管理費、宿舎費等)の参考値,2026-03,2026-03-01,mlit-roumu-r8,参1-参3,https://www.mlit.go.jp/report/press/content/001981942.pdf,PDL1.0,,
5f647dcd0190f03d,JP,labor,労務単価,橋りょう塗装工,所定労働時間内8時間あたり,人日,pref,01,北海道,,,,39300,JPY,labor_wage_8h,published_pdl,58000,公共工事設計労務単価＋必要経費(法定福利費(事業主負担分)、労務管理費、宿舎費等)の参考値,2026-03,2026-03-01,mlit-roumu-r8,参1-参3,https://www.mlit.go.jp/report/press/content/001981942.pdf,PDL1.0,,
27479e943f5d92df,JP,labor,労務単価,橋りょう世話役,所定労働時間内8時間あたり,人日,pref,01,北海道,,,,46500,JPY,labor_wage_8h,published_pdl,68700,公共工事設計労務単価＋必要経費(法定福利費(事業主負担分)、労務管理費、宿舎費等)の参考値,2026-03,2026-03-01,mlit-roumu-r8,参1-参3,https://www.mlit.go.jp/report/press/content/001981942.pdf,PDL1.0,,
ef39765a3311a2e4,JP,labor,労務単価,土木一般世話役,所定労働時間内8時間あたり,人日,pref,01,北海道,,,,29900,JPY,labor_wage_8h,published_pdl,44200,公共工事設計労務単価＋必要経費(法定福利費(事業主負担分)、労務管理費、宿舎費等)の参考値,2026-03,2026-03-01,mlit-roumu-r8,参1-参3,https://www.mlit.go.jp/report/press/content/001981942.pdf,PDL1.0,,
30c727766e107969,JP,labor,労務単価,高級船員,所定労働時間内8時間あたり,人日,pref,01,北海道,,,,33500,JPY,labor_wage_8h,published_pdl,49500,公共工事設計労務単価＋必要経費(法定福利費(事業主負担分)、労務管理費、宿舎費等)の参考値,2026-03,2026-03-01,mlit-roumu-r8,参1-参3,https://www.mlit.go.jp/report/press/content/001981942.pdf,PDL1.0,,
9eac7e4c09190ee9,JP,labor,労務単価,普通船員,所定労働時間内8時間あたり,人日,pref,01,北海道,,,,27500,JPY,labor_wage_8h,published_pdl,40600,公共工事設計労務単価＋必要経費(法定福利費(事業主負担分)、労務管理費、宿舎費等)の参考値,2026-03,2026-03-01,mlit-roumu-r8,参1-参3,https://www.mlit.go.jp/report/press/content/001981942.pdf,PDL1.0,,
11cbe612569de54c,JP,labor,労務単価,潜水士,所定労働時間内8時間あたり,人日,pref,01,北海道,,,,50500,JPY,labor_wage_8h,published_pdl,74600,公共工事設計労務単価＋必要経費(法定福利費(事業主負担分)、労務管理費、宿舎費等)の参考値,2026-03,2026-03-01,mlit-roumu-r8,参1-参3,https://www.mlit.go.jp/report/press/content/001981942.pdf,PDL1.0,,
3e8e186bad5357ce,JP,labor,労務単価,潜水連絡員,所定労働時間内8時間あたり,人日,pref,01,北海道,,,,33300,JPY,labor_wage_8h,published_pdl,49200,公共工事設計労務単価＋必要経費(法定福利費(事業主負担分)、労務管理費、宿舎費等)の参考値,2026-03,2026-03-01,mlit-roumu-r8,参1-参3,https://www.mlit.go.jp/report/press/content/001981942.pdf,PDL1.0,,
c2a68d5a692ef3e9,JP,labor,労務単価,潜水送気員,所定労働時間内8時間あたり,人日,pref,01,北海道,,,,31300,JPY,labor_wage_8h,published_pdl,46200,公共工事設計労務単価＋必要経費(法定福利費(事業主負担分)、労務管理費、宿舎費等)の参考値,2026-03,2026-03-01,mlit-roumu-r8,参1-参3,https://www.mlit.go.jp/report/press/content/001981942.pdf,PDL1.0,,
786f2101bdef8606,JP,labor,労務単価,山林砂防工,所定労働時間内8時間あたり,人日,pref,01,北海道,,,,,JPY,labor_wage_8h,not_set,,,2026-03,2026-03-01,mlit-roumu-r8,参1-参3,https://www.mlit.go.jp/report/press/content/001981942.pdf,PDL1.0,,原本の表で『-』(この都道府県ではこの職種の単価を設定していない)
a60415c5e6a5f258,JP,labor,労務単価,軌道工,所定労働時間内8時間あたり,人日,pref,01,北海道,,,,36100,JPY,labor_wage_8h,published_pdl,53300,公共工事設計労務単価＋必要経費(法定福利費(事業主負担分)、労務管理費、宿舎費等)の参考値,2026-03,2026-03-01,mlit-roumu-r8,参1-参3,https://www.mlit.go.jp/report/press/content/001981942.pdf,PDL1.0,,
dbcadeed1087441d,JP,labor,労務単価,型わく工,所定労働時間内8時間あたり,人日,pref,01,北海道,,,,28200,JPY,labor_wage_8h,published_pdl,41700,公共工事設計労務単価＋必要経費(法定福利費(事業主負担分)、労務管理費、宿舎費等)の参考値,2026-03,2026-03-01,mlit-roumu-r8,参1-参3,https://www.mlit.go.jp/report/press/content/001981942.pdf,PDL1.0,,
3009a34b7cedc0a5,JP,labor,労務単価,大工,所定労働時間内8時間あたり,人日,pref,01,北海道,,,,,JPY,labor_wage_8h,not_set,,,2026-03,2026-03-01,mlit-roumu-r8,参1-参3,https://www.mlit.go.jp/report/press/content/001981942.pdf,PDL1.0,,原本の表で『-』(この都道府県ではこの職種の単価を設定していない)
922558d59107374b,JP,labor,労務単価,左官,所定労働時間内8時間あたり,人日,pref,01,北海道,,,,30900,JPY,labor_wage_8h,published_pdl,45600,公共工事設計労務単価＋必要経費(法定福利費(事業主負担分)、労務管理費、宿舎費等)の参考値,2026-03,2026-03-01,mlit-roumu-r8,参1-参3,https://www.mlit.go.jp/report/press/content/001981942.pdf,PDL1.0,,
94c5ca306b30082f,JP,labor,労務単価,配管工,所定労働時間内8時間あたり,人日,pref,01,北海道,,,,26700,JPY,labor_wage_8h,published_pdl,39400,公共工事設計労務単価＋必要経費(法定福利費(事業主負担分)、労務管理費、宿舎費等)の参考値,2026-03,2026-03-01,mlit-roumu-r8,参1-参3,https://www.mlit.go.jp/report/press/content/001981942.pdf,PDL1.0,,
9e3bda58ef814c5f,JP,labor,労務単価,はつり工,所定労働時間内8時間あたり,人日,pref,01,北海道,,,,31400,JPY,labor_wage_8h,published_pdl,46400,公共工事設計労務単価＋必要経費(法定福利費(事業主負担分)、労務管理費、宿舎費等)の参考値,2026-03,2026-03-01,mlit-roumu-r8,参1-参3,https://www.mlit.go.jp/report/press/content/001981942.pdf,PDL1.0,,
9583eb7ea8568dc1,JP,labor,労務単価,防水工,所定労働時間内8時間あたり,人日,pref,01,北海道,,,,33300,JPY,labor_wage_8h,published_pdl,49200,公共工事設計労務単価＋必要経費(法定福利費(事業主負担分)、労務管理費、宿舎費等)の参考値,2026-03,2026-03-01,mlit-roumu-r8,参1-参3,https://www.mlit.go.jp/report/press/content/001981942.pdf,PDL1.0,,
4d4f176bf888a1d0,JP,labor,労務単価,板金工,所定労働時間内8時間あたり,人日,pref,01,北海道,,,,31200,JPY,labor_wage_8h,published_pdl,46100,公共工事設計労務単価＋必要経費(法定福利費(事業主負担分)、労務管理費、宿舎費等)の参考値,2026-03,2026-03-01,mlit-roumu-r8,参1-参3,https://www.mlit.go.jp/report/press/content/001981942.pdf,PDL1.0,,
4d6b4ff6f8f4f469,JP,labor,労務単価,タイル工,所定労働時間内8時間あたり,人日,pref,01,北海道,,,,26600,JPY,labor_wage_8h,published_pdl,39300,公共工事設計労務単価＋必要経費(法定福利費(事業主負担分)、労務管理費、宿舎費等)の参考値,2026-03,2026-03-01,mlit-roumu-r8,参1-参3,https://www.mlit.go.jp/report/press/content/001981942.pdf,PDL1.0,,
a7db8c8f8c5ecbfe,JP,labor,労務単価,サッシ工,所定労働時間内8時間あたり,人日,pref,01,北海道,,,,29700,JPY,labor_wage_8h,published_pdl,43900,公共工事設計労務単価＋必要経費(法定福利費(事業主負担分)、労務管理費、宿舎費等)の参考値,2026-03,2026-03-01,mlit-roumu-r8,参1-参3,https://www.mlit.go.jp/report/press/content/001981942.pdf,PDL1.0,,
d80125def9850895,JP,labor,労務単価,屋根ふき工,所定労働時間内8時間あたり,人日,pref,01,北海道,,,,,JPY,labor_wage_8h,not_set,,,2026-03,2026-03-01,mlit-roumu-r8,参1-参3,https://www.mlit.go.jp/report/press/content/001981942.pdf,PDL1.0,,原本の表で『-』(この都道府県ではこの職種の単価を設定していない)
29a761f70f4214cf,JP,labor,労務単価,内装工,所定労働時間内8時間あたり,人日,pref,01,北海道,,,,28600,JPY,labor_wage_8h,published_pdl,42200,公共工事設計労務単価＋必要経費(法定福利費(事業主負担分)、労務管理費、宿舎費等)の参考値,2026-03,2026-03-01,mlit-roumu-r8,参1-参3,https://www.mlit.go.jp/report/press/content/001981942.pdf,PDL1.0,,
7a7c0fcac2804500,JP,labor,労務単価,ガラス工,所定労働時間内8時間あたり,人日,pref,01,北海道,,,,27600,JPY,labor_wage_8h,published_pdl,40800,公共工事設計労務単価＋必要経費(法定福利費(事業主負担分)、労務管理費、宿舎費等)の参考値,2026-03,2026-03-01,mlit-roumu-r8,参1-参3,https://www.mlit.go.jp/report/press/content/001981942.pdf,PDL1.0,,
6f20649638844149,JP,labor,労務単価,建具工,所定労働時間内8時間あたり,人日,pref,01,北海道,,,,28200,JPY,labor_wage_8h,published_pdl,41700,公共工事設計労務単価＋必要経費(法定福利費(事業主負担分)、労務管理費、宿舎費等)の参考値,2026-03,2026-03-01,mlit-roumu-r8,参1-参3,https://www.mlit.go.jp/report/press/content/001981942.pdf,PDL1.0,,
3fe146a831f3442f,JP,labor,労務単価,ダクト工,所定労働時間内8時間あたり,人日,pref,01,北海道,,,,25700,JPY,labor_wage_8h,published_pdl,38000,公共工事設計労務単価＋必要経費(法定福利費(事業主負担分)、労務管理費、宿舎費等)の参考値,2026-03,2026-03-01,mlit-roumu-r8,参1-参3,https://www.mlit.go.jp/report/press/content/001981942.pdf,PDL1.0,,
3409675b4192303c,JP,labor,労務単価,保温工,所定労働時間内8時間あたり,人日,pref,01,北海道,,,,29000,JPY,labor_wage_8h,published_pdl,42800,公共工事設計労務単価＋必要経費(法定福利費(事業主負担分)、労務管理費、宿舎費等)の参考値,2026-03,2026-03-01,mlit-roumu-r8,参1-参3,https://www.mlit.go.jp/report/press/content/001981942.pdf,PDL1.0,,
1b010b7a02b1f782,JP,labor,労務単価,設備機械工,所定労働時間内8時間あたり,人日,pref,01,北海道,,,,28700,JPY,labor_wage_8h,published_pdl,42400,公共工事設計労務単価＋必要経費(法定福利費(事業主負担分)、労務管理費、宿舎費等)の参考値,2026-03,2026-03-01,mlit-roumu-r8,参1-参3,https://www.mlit.go.jp/report/press/content/001981942.pdf,PDL1.0,,
78fc3582cd030ab5,JP,labor,労務単価,交通誘導警備員Ａ,所定労働時間内8時間あたり,人日,pref,01,北海道,,,,18700,JPY,labor_wage_8h,published_pdl,27600,公共工事設計労務単価＋必要経費(法定福利費(事業主負担分)、労務管理費、宿舎費等)の参考値,2026-03,2026-03-01,mlit-roumu-r8,参1-参3,https://www.mlit.go.jp/report/press/content/001981942.pdf,PDL1.0,,
8f849d75d4c03bf2,JP,labor,労務単価,交通誘導警備員Ｂ,所定労働時間内8時間あたり,人日,pref,01,北海道,,,,15500,JPY,labor_wage_8h,published_pdl,22900,公共工事設計労務単価＋必要経費(法定福利費(事業主負担分)、労務管理費、宿舎費等)の参考値,2026-03,2026-03-01,mlit-roumu-r8,参1-参3,https://www.mlit.go.jp/report/press/content/001981942.pdf,PDL1.0,,
54555907f0408efe,JP,labor,労務単価,特殊作業員,所定労働時間内8時間あたり,人日,pref,02,青森県,,,,30100,JPY,labor_wage_8h,published_pdl,44500,公共工事設計労務単価＋必要経費(法定福利費(事業主負担分)、労務管理費、宿舎費等)の参考値,2026-03,2026-03-01,mlit-roumu-r8,参1-参3,https://www.mlit.go.jp/report/press/content/001981942.pdf,PDL1.0,,
8151e95ac9ddaf4e,JP,labor,労務単価,普通作業員,所定労働時間内8時間あたり,人日,pref,02,青森県,,,,22200,JPY,labor_wage_8h,published_pdl,32800,公共工事設計労務単価＋必要経費(法定福利費(事業主負担分)、労務管理費、宿舎費等)の参考値,2026-03,2026-03-01,mlit-roumu-r8,参1-参3,https://www.mlit.go.jp/report/press/content/001981942.pdf,PDL1.0,,
6b72430f804892bd,JP,labor,労務単価,軽作業員,所定労働時間内8時間あたり,人日,pref,02,青森県,,,,18300,JPY,labor_wage_8h,published_pdl,27000,公共工事設計労務単価＋必要経費(法定福利費(事業主負担分)、労務管理費、宿舎費等)の参考値,2026-03,2026-03-01,mlit-roumu-r8,参1-参3,https://www.mlit.go.jp/report/press/content/001981942.pdf,PDL1.0,,
54b86a6c49fe656e,JP,labor,労務単価,造園工,所定労働時間内8時間あたり,人日,pref,02,青森県,,,,24200,JPY,labor_wage_8h,published_pdl,35700,公共工事設計労務単価＋必要経費(法定福利費(事業主負担分)、労務管理費、宿舎費等)の参考値,2026-03,2026-03-01,mlit-roumu-r8,参1-参3,https://www.mlit.go.jp/report/press/content/001981942.pdf,PDL1.0,,
b68e0e881f45701e,JP,labor,労務単価,法面工,所定労働時間内8時間あたり,人日,pref,02,青森県,,,,33100,JPY,labor_wage_8h,published_pdl,48900,公共工事設計労務単価＋必要経費(法定福利費(事業主負担分)、労務管理費、宿舎費等)の参考値,2026-03,2026-03-01,mlit-roumu-r8,参1-参3,https://www.mlit.go.jp/report/press/content/001981942.pdf,PDL1.0,,
d85b8c7e2148c7cf,JP,labor,労務単価,とび工,所定労働時間内8時間あたり,人日,pref,02,青森県,,,,31300,JPY,labor_wage_8h,published_pdl,46200,公共工事設計労務単価＋必要経費(法定福利費(事業主負担分)、労務管理費、宿舎費等)の参考値,2026-03,2026-03-01,mlit-roumu-r8,参1-参3,https://www.mlit.go.jp/report/press/content/001981942.pdf,PDL1.0,,
d6059d70ce5bacc6,JP,labor,労務単価,石工,所定労働時間内8時間あたり,人日,pref,02,青森県,,,,33700,JPY,labor_wage_8h,published_pdl,49800,公共工事設計労務単価＋必要経費(法定福利費(事業主負担分)、労務管理費、宿舎費等)の参考値,2026-03,2026-03-01,mlit-roumu-r8,参1-参3,https://www.mlit.go.jp/report/press/content/001981942.pdf,PDL1.0,,
1487ec3033e81212,JP,labor,労務単価,ブロック工,所定労働時間内8時間あたり,人日,pref,02,青森県,,,,30900,JPY,labor_wage_8h,published_pdl,45600,公共工事設計労務単価＋必要経費(法定福利費(事業主負担分)、労務管理費、宿舎費等)の参考値,2026-03,2026-03-01,mlit-roumu-r8,参1-参3,https://www.mlit.go.jp/report/press/content/001981942.pdf,PDL1.0,,
7dc63c563f969d87,JP,labor,労務単価,電工,所定労働時間内8時間あたり,人日,pref,02,青森県,,,,26700,JPY,labor_wage_8h,published_pdl,39400,公共工事設計労務単価＋必要経費(法定福利費(事業主負担分)、労務管理費、宿舎費等)の参考値,2026-03,2026-03-01,mlit-roumu-r8,参1-参3,https://www.mlit.go.jp/report/press/content/001981942.pdf,PDL1.0,,
29e2d29f7e982f4a,JP,labor,労務単価,鉄筋工,所定労働時間内8時間あたり,人日,pref,02,青森県,,,,32700,JPY,labor_wage_8h,published_pdl,48300,公共工事設計労務単価＋必要経費(法定福利費(事業主負担分)、労務管理費、宿舎費等)の参考値,2026-03,2026-03-01,mlit-roumu-r8,参1-参3,https://www.mlit.go.jp/report/press/content/001981942.pdf,PDL1.0,,
de0eca66699c73fd,JP,labor,労務単価,鉄骨工,所定労働時間内8時間あたり,人日,pref,02,青森県,,,,28500,JPY,labor_wage_8h,published_pdl,42100,公共工事設計労務単価＋必要経費(法定福利費(事業主負担分)、労務管理費、宿舎費等)の参考値,2026-03,2026-03-01,mlit-roumu-r8,参1-参3,https://www.mlit.go.jp/report/press/content/001981942.pdf,PDL1.0,,
00401c080a8a2a7f,JP,labor,労務単価,塗装工,所定労働時間内8時間あたり,人日,pref,02,青森県,,,,27400,JPY,labor_wage_8h,published_pdl,40500,公共工事設計労務単価＋必要経費(法定福利費(事業主負担分)、労務管理費、宿舎費等)の参考値,2026-03,2026-03-01,mlit-roumu-r8,参1-参3,https://www.mlit.go.jp/report/press/content/001981942.pdf,PDL1.0,,
2b04bf7be3ce45b2,JP,labor,労務単価,溶接工,所定労働時間内8時間あたり,人日,pref,02,青森県,,,,30400,JPY,labor_wage_8h,published_pdl,44900,公共工事設計労務単価＋必要経費(法定福利費(事業主負担分)、労務管理費、宿舎費等)の参考値,2026-03,2026-03-01,mlit-roumu-r8,参1-参3,https://www.mlit.go.jp/report/press/content/001981942.pdf,PDL1.0,,
d339caac9d8abf01,JP,labor,労務単価,運転手（特殊）,所定労働時間内8時間あたり,人日,pref,02,青森県,,,,34400,JPY,labor_wage_8h,published_pdl,50800,公共工事設計労務単価＋必要経費(法定福利費(事業主負担分)、労務管理費、宿舎費等)の参考値,2026-03,2026-03-01,mlit-roumu-r8,参1-参3,https://www.mlit.go.jp/report/press/content/001981942.pdf,PDL1.0,,
4ad694f0d7302bfa,JP,labor,労務単価,運転手（一般）,所定労働時間内8時間あたり,人日,pref,02,青森県,,,,29700,JPY,labor_wage_8h,published_pdl,43900,公共工事設計労務単価＋必要経費(法定福利費(事業主負担分)、労務管理費、宿舎費等)の参考値,2026-03,2026-03-01,mlit-roumu-r8,参1-参3,https://www.mlit.go.jp/report/press/content/001981942.pdf,PDL1.0,,
057fa898020fc126,JP,labor,労務単価,潜かん工,所定労働時間内8時間あたり,人日,pref,02,青森県,,,,40500,JPY,labor_wage_8h,published_pdl,59800,公共工事設計労務単価＋必要経費(法定福利費(事業主負担分)、労務管理費、宿舎費等)の参考値,2026-03,2026-03-01,mlit-roumu-r8,参1-参3,https://www.mlit.go.jp/report/press/content/001981942.pdf,PDL1.0,,
3ee522025b05aa3e,JP,labor,労務単価,潜かん世話役,所定労働時間内8時間あたり,人日,pref,02,青森県,,,,49900,JPY,labor_wage_8h,published_pdl,73700,公共工事設計労務単価＋必要経費(法定福利費(事業主負担分)、労務管理費、宿舎費等)の参考値,2026-03,2026-03-01,mlit-roumu-r8,参1-参3,https://www.mlit.go.jp/report/press/content/001981942.pdf,PDL1.0,,
28f8e1552ba3ceb1,JP,labor,労務単価,さく岩工,所定労働時間内8時間あたり,人日,pref,02,青森県,,,,,JPY,labor_wage_8h,not_set,,,2026-03,2026-03-01,mlit-roumu-r8,参1-参3,https://www.mlit.go.jp/report/press/content/001981942.pdf,PDL1.0,,原本の表で『-』(この都道府県ではこの職種の単価を設定していない)
786b5d3ba886b09a,JP,labor,労務単価,トンネル特殊工,所定労働時間内8時間あたり,人日,pref,02,青森県,,,,45100,JPY,labor_wage_8h,published_pdl,66600,公共工事設計労務単価＋必要経費(法定福利費(事業主負担分)、労務管理費、宿舎費等)の参考値,2026-03,2026-03-01,mlit-roumu-r8,参1-参3,https://www.mlit.go.jp/report/press/content/001981942.pdf,PDL1.0,,
8c597783fd8d590d,JP,labor,労務単価,トンネル作業員,所定労働時間内8時間あたり,人日,pref,02,青森県,,,,33200,JPY,labor_wage_8h,published_pdl,49000,公共工事設計労務単価＋必要経費(法定福利費(事業主負担分)、労務管理費、宿舎費等)の参考値,2026-03,2026-03-01,mlit-roumu-r8,参1-参3,https://www.mlit.go.jp/report/press/content/001981942.pdf,PDL1.0,,
76a8805a621384e5,JP,labor,労務単価,トンネル世話役,所定労働時間内8時間あたり,人日,pref,02,青森県,,,,47300,JPY,labor_wage_8h,published_pdl,69900,公共工事設計労務単価＋必要経費(法定福利費(事業主負担分)、労務管理費、宿舎費等)の参考値,2026-03,2026-03-01,mlit-roumu-r8,参1-参3,https://www.mlit.go.jp/report/press/content/001981942.pdf,PDL1.0,,
bc3536250e04435c,JP,labor,労務単価,橋りょう特殊工,所定労働時間内8時間あたり,人日,pref,02,青森県,,,,34900,JPY,labor_wage_8h,published_pdl,51500,公共工事設計労務単価＋必要経費(法定福利費(事業主負担分)、労務管理費、宿舎費等)の参考値,2026-03,2026-03-01,mlit-roumu-r8,参1-参3,https://www.mlit.go.jp/report/press/content/001981942.pdf,PDL1.0,,
e63226c3a5e65bcb,JP,labor,労務単価,橋りょう塗装工,所定労働時間内8時間あたり,人日,pref,02,青森県,,,,41200,JPY,labor_wage_8h,published_pdl,60900,公共工事設計労務単価＋必要経費(法定福利費(事業主負担分)、労務管理費、宿舎費等)の参考値,2026-03,2026-03-01,mlit-roumu-r8,参1-参3,https://www.mlit.go.jp/report/press/content/001981942.pdf,PDL1.0,,
5a6beef581ec34de,JP,labor,労務単価,橋りょう世話役,所定労働時間内8時間あたり,人日,pref,02,青森県,,,,45000,JPY,labor_wage_8h,published_pdl,66500,公共工事設計労務単価＋必要経費(法定福利費(事業主負担分)、労務管理費、宿舎費等)の参考値,2026-03,2026-03-01,mlit-roumu-r8,参1-参3,https://www.mlit.go.jp/report/press/content/001981942.pdf,PDL1.0,,
6ea531a36c7425e5,JP,labor,労務単価,土木一般世話役,所定労働時間内8時間あたり,人日,pref,02,青森県,,,,35500,JPY,labor_wage_8h,published_pdl,52400,公共工事設計労務単価＋必要経費(法定福利費(事業主負担分)、労務管理費、宿舎費等)の参考値,2026-03,2026-03-01,mlit-roumu-r8,参1-参3,https://www.mlit.go.jp/report/press/content/001981942.pdf,PDL1.0,,
73d429eba0c2b0a6,JP,labor,労務単価,高級船員,所定労働時間内8時間あたり,人日,pref,02,青森県,,,,34500,JPY,labor_wage_8h,published_pdl,51000,公共工事設計労務単価＋必要経費(法定福利費(事業主負担分)、労務管理費、宿舎費等)の参考値,2026-03,2026-03-01,mlit-roumu-r8,参1-参3,https://www.mlit.go.jp/report/press/content/001981942.pdf,PDL1.0,,
a01bcc0761d088aa,JP,labor,労務単価,普通船員,所定労働時間内8時間あたり,人日,pref,02,青森県,,,,28200,JPY,labor_wage_8h,published_pdl,41700,公共工事設計労務単価＋必要経費(法定福利費(事業主負担分)、労務管理費、宿舎費等)の参考値,2026-03,2026-03-01,mlit-roumu-r8,参1-参3,https://www.mlit.go.jp/report/press/content/001981942.pdf,PDL1.0,,
a686f455e190ddb0,JP,labor,労務単価,潜水士,所定労働時間内8時間あたり,人日,pref,02,青森県,,,,57800,JPY,labor_wage_8h,published_pdl,85400,公共工事設計労務単価＋必要経費(法定福利費(事業主負担分)、労務管理費、宿舎費等)の参考値,2026-03,2026-03-01,mlit-roumu-r8,参1-参3,https://www.mlit.go.jp/report/press/content/001981942.pdf,PDL1.0,,
500652b15c4c31d6,JP,labor,労務単価,潜水連絡員,所定労働時間内8時間あたり,人日,pref,02,青森県,,,,36100,JPY,labor_wage_8h,published_pdl,53300,公共工事設計労務単価＋必要経費(法定福利費(事業主負担分)、労務管理費、宿舎費等)の参考値,2026-03,2026-03-01,mlit-roumu-r8,参1-参3,https://www.mlit.go.jp/report/press/content/001981942.pdf,PDL1.0,,
6164281da57c8e2a,JP,labor,労務単価,潜水送気員,所定労働時間内8時間あたり,人日,pref,02,青森県,,,,35800,JPY,labor_wage_8h,published_pdl,52900,公共工事設計労務単価＋必要経費(法定福利費(事業主負担分)、労務管理費、宿舎費等)の参考値,2026-03,2026-03-01,mlit-roumu-r8,参1-参3,https://www.mlit.go.jp/report/press/content/001981942.pdf,PDL1.0,,
4350dca871cf10a3,JP,labor,労務単価,山林砂防工,所定労働時間内8時間あたり,人日,pref,02,青森県,,,,,JPY,labor_wage_8h,not_set,,,2026-03,2026-03-01,mlit-roumu-r8,参1-参3,https://www.mlit.go.jp/report/press/content/001981942.pdf,PDL1.0,,原本の表で『-』(この都道府県ではこの職種の単価を設定していない)
6808ca2673c36571,JP,labor,労務単価,軌道工,所定労働時間内8時間あたり,人日,pref,02,青森県,,,,41500,JPY,labor_wage_8h,published_pdl,61300,公共工事設計労務単価＋必要経費(法定福利費(事業主負担分)、労務管理費、宿舎費等)の参考値,2026-03,2026-03-01,mlit-roumu-r8,参1-参3,https://www.mlit.go.jp/report/press/content/001981942.pdf,PDL1.0,,
e773a5b3d678f19c,JP,labor,労務単価,型わく工,所定労働時間内8時間あたり,人日,pref,02,青森県,,,,36000,JPY,labor_wage_8h,published_pdl,53200,公共工事設計労務単価＋必要経費(法定福利費(事業主負担分)、労務管理費、宿舎費等)の参考値,2026-03,2026-03-01,mlit-roumu-r8,参1-参3,https://www.mlit.go.jp/report/press/content/001981942.pdf,PDL1.0,,
7dbdaf52e6deb3c2,JP,labor,労務単価,大工,所定労働時間内8時間あたり,人日,pref,02,青森県,,,,31200,JPY,labor_wage_8h,published_pdl,46100,公共工事設計労務単価＋必要経費(法定福利費(事業主負担分)、労務管理費、宿舎費等)の参考値,2026-03,2026-03-01,mlit-roumu-r8,参1-参3,https://www.mlit.go.jp/report/press/content/001981942.pdf,PDL1.0,,
d7d7592373a555b9,JP,labor,労務単価,左官,所定労働時間内8時間あたり,人日,pref,02,青森県,,,,32800,JPY,labor_wage_8h,published_pdl,48400,公共工事設計労務単価＋必要経費(法定福利費(事業主負担分)、労務管理費、宿舎費等)の参考値,2026-03,2026-03-01,mlit-roumu-r8,参1-参3,https://www.mlit.go.jp/report/press/content/001981942.pdf,PDL1.0,,
c39af0a2c94b633b,JP,labor,労務単価,配管工,所定労働時間内8時間あたり,人日,pref,02,青森県,,,,26100,JPY,labor_wage_8h,published_pdl,38500,公共工事設計労務単価＋必要経費(法定福利費(事業主負担分)、労務管理費、宿舎費等)の参考値,2026-03,2026-03-01,mlit-roumu-r8,参1-参3,https://www.mlit.go.jp/report/press/content/001981942.pdf,PDL1.0,,
0ea8078540a31536,JP,labor,労務単価,はつり工,所定労働時間内8時間あたり,人日,pref,02,青森県,,,,30500,JPY,labor_wage_8h,published_pdl,45000,公共工事設計労務単価＋必要経費(法定福利費(事業主負担分)、労務管理費、宿舎費等)の参考値,2026-03,2026-03-01,mlit-roumu-r8,参1-参3,https://www.mlit.go.jp/report/press/content/001981942.pdf,PDL1.0,,
9229ca1be5f6e446,JP,labor,労務単価,防水工,所定労働時間内8時間あたり,人日,pref,02,青森県,,,,29500,JPY,labor_wage_8h,published_pdl,43600,公共工事設計労務単価＋必要経費(法定福利費(事業主負担分)、労務管理費、宿舎費等)の参考値,2026-03,2026-03-01,mlit-roumu-r8,参1-参3,https://www.mlit.go.jp/report/press/content/001981942.pdf,PDL1.0,,
5e226d7541b72ae5,JP,labor,労務単価,板金工,所定労働時間内8時間あたり,人日,pref,02,青森県,,,,30400,JPY,labor_wage_8h,published_pdl,44900,公共工事設計労務単価＋必要経費(法定福利費(事業主負担分)、労務管理費、宿舎費等)の参考値,2026-03,2026-03-01,mlit-roumu-r8,参1-参3,https://www.mlit.go.jp/report/press/content/001981942.pdf,PDL1.0,,
ee0962f7f15dcd29,JP,labor,労務単価,タイル工,所定労働時間内8時間あたり,人日,pref,02,青森県,,,,24700,JPY,labor_wage_8h,published_pdl,36500,公共工事設計労務単価＋必要経費(法定福利費(事業主負担分)、労務管理費、宿舎費等)の参考値,2026-03,2026-03-01,mlit-roumu-r8,参1-参3,https://www.mlit.go.jp/report/press/content/001981942.pdf,PDL1.0,,
912de1d0e0e2dc86,JP,labor,労務単価,サッシ工,所定労働時間内8時間あたり,人日,pref,02,青森県,,,,31900,JPY,labor_wage_8h,published_pdl,47100,公共工事設計労務単価＋必要経費(法定福利費(事業主負担分)、労務管理費、宿舎費等)の参考値,2026-03,2026-03-01,mlit-roumu-r8,参1-参3,https://www.mlit.go.jp/report/press/content/001981942.pdf,PDL1.0,,
498449bd7a2ffd0e,JP,labor,労務単価,屋根ふき工,所定労働時間内8時間あたり,人日,pref,02,青森県,,,,,JPY,labor_wage_8h,not_set,,,2026-03,2026-03-01,mlit-roumu-r8,参1-参3,https://www.mlit.go.jp/report/press/content/001981942.pdf,PDL1.0,,原本の表で『-』(この都道府県ではこの職種の単価を設定していない)
e4c1c2fff1c27834,JP,labor,労務単価,内装工,所定労働時間内8時間あたり,人日,pref,02,青森県,,,,28100,JPY,labor_wage_8h,published_pdl,41500,公共工事設計労務単価＋必要経費(法定福利費(事業主負担分)、労務管理費、宿舎費等)の参考値,2026-03,2026-03-01,mlit-roumu-r8,参1-参3,https://www.mlit.go.jp/report/press/content/001981942.pdf,PDL1.0,,
97fa817a0571578c,JP,labor,労務単価,ガラス工,所定労働時間内8時間あたり,人日,pref,02,青森県,,,,29100,JPY,labor_wage_8h,published_pdl,43000,公共工事設計労務単価＋必要経費(法定福利費(事業主負担分)、労務管理費、宿舎費等)の参考値,2026-03,2026-03-01,mlit-roumu-r8,参1-参3,https://www.mlit.go.jp/report/press/content/001981942.pdf,PDL1.0,,
cf034bb6bf2e3c6e,JP,labor,労務単価,建具工,所定労働時間内8時間あたり,人日,pref,02,青森県,,,,,JPY,labor_wage_8h,not_set,,,2026-03,2026-03-01,mlit-roumu-r8,参1-参3,https://www.mlit.go.jp/report/press/content/001981942.pdf,PDL1.0,,原本の表で『-』(この都道府県ではこの職種の単価を設定していない)
441e19f823a182c0,JP,labor,労務単価,ダクト工,所定労働時間内8時間あたり,人日,pref,02,青森県,,,,24400,JPY,labor_wage_8h,published_pdl,36000,公共工事設計労務単価＋必要経費(法定福利費(事業主負担分)、労務管理費、宿舎費等)の参考値,2026-03,2026-03-01,mlit-roumu-r8,参1-参3,https://www.mlit.go.jp/report/press/content/001981942.pdf,PDL1.0,,
8b4f0ca61be63868,JP,labor,労務単価,保温工,所定労働時間内8時間あたり,人日,pref,02,青森県,,,,27100,JPY,labor_wage_8h,published_pdl,40000,公共工事設計労務単価＋必要経費(法定福利費(事業主負担分)、労務管理費、宿舎費等)の参考値,2026-03,2026-03-01,mlit-roumu-r8,参1-参3,https://www.mlit.go.jp/report/press/content/001981942.pdf,PDL1.0,,
bbd247b1999f828f,JP,labor,労務単価,設備機械工,所定労働時間内8時間あたり,人日,pref,02,青森県,,,,27600,JPY,labor_wage_8h,published_pdl,40800,公共工事設計労務単価＋必要経費(法定福利費(事業主負担分)、労務管理費、宿舎費等)の参考値,2026-03,2026-03-01,mlit-roumu-r8,参1-参3,https://www.mlit.go.jp/report/press/content/001981942.pdf,PDL1.0,,
9615f068bfb20ce7,JP,labor,労務単価,交通誘導警備員Ａ,所定労働時間内8時間あたり,人日,pref,02,青森県,,,,17300,JPY,labor_wage_8h,published_pdl,25600,公共工事設計労務単価＋必要経費(法定福利費(事業主負担分)、労務管理費、宿舎費等)の参考値,2026-03,2026-03-01,mlit-roumu-r8,参1-参3,https://www.mlit.go.jp/report/press/content/001981942.pdf,PDL1.0,,
62494a52e34e0501,JP,labor,労務単価,交通誘導警備員Ｂ,所定労働時間内8時間あたり,人日,pref,02,青森県,,,,14900,JPY,labor_wage_8h,published_pdl,22000,公共工事設計労務単価＋必要経費(法定福利費(事業主負担分)、労務管理費、宿舎費等)の参考値,2026-03,2026-03-01,mlit-roumu-r8,参1-参3,https://www.mlit.go.jp/report/press/content/001981942.pdf,PDL1.0,,
bef434a64ea7d29d,JP,labor,労務単価,特殊作業員,所定労働時間内8時間あたり,人日,pref,03,岩手県,,,,28500,JPY,labor_wage_8h,published_pdl,42100,公共工事設計労務単価＋必要経費(法定福利費(事業主負担分)、労務管理費、宿舎費等)の参考値,2026-03,2026-03-01,mlit-roumu-r8,参1-参3,https://www.mlit.go.jp/report/press/content/001981942.pdf,PDL1.0,,
d1e25302ae6e6fe4,JP,labor,労務単価,普通作業員,所定労働時間内8時間あたり,人日,pref,03,岩手県,,,,23700,JPY,labor_wage_8h,published_pdl,35000,公共工事設計労務単価＋必要経費(法定福利費(事業主負担分)、労務管理費、宿舎費等)の参考値,2026-03,2026-03-01,mlit-roumu-r8,参1-参3,https://www.mlit.go.jp/report/press/content/001981942.pdf,PDL1.0,,
4474c8a647157e16,JP,labor,労務単価,軽作業員,所定労働時間内8時間あたり,人日,pref,03,岩手県,,,,18800,JPY,labor_wage_8h,published_pdl,27800,公共工事設計労務単価＋必要経費(法定福利費(事業主負担分)、労務管理費、宿舎費等)の参考値,2026-03,2026-03-01,mlit-roumu-r8,参1-参3,https://www.mlit.go.jp/report/press/content/001981942.pdf,PDL1.0,,
c2a1e1267b821a29,JP,labor,労務単価,造園工,所定労働時間内8時間あたり,人日,pref,03,岩手県,,,,25400,JPY,labor_wage_8h,published_pdl,37500,公共工事設計労務単価＋必要経費(法定福利費(事業主負担分)、労務管理費、宿舎費等)の参考値,2026-03,2026-03-01,mlit-roumu-r8,参1-参3,https://www.mlit.go.jp/report/press/content/001981942.pdf,PDL1.0,,
5e2357e96befec64,JP,labor,労務単価,法面工,所定労働時間内8時間あたり,人日,pref,03,岩手県,,,,34700,JPY,labor_wage_8h,published_pdl,51300,公共工事設計労務単価＋必要経費(法定福利費(事業主負担分)、労務管理費、宿舎費等)の参考値,2026-03,2026-03-01,mlit-roumu-r8,参1-参3,https://www.mlit.go.jp/report/press/content/001981942.pdf,PDL1.0,,
8116b2f38012ec88,JP,labor,労務単価,とび工,所定労働時間内8時間あたり,人日,pref,03,岩手県,,,,30000,JPY,labor_wage_8h,published_pdl,44300,公共工事設計労務単価＋必要経費(法定福利費(事業主負担分)、労務管理費、宿舎費等)の参考値,2026-03,2026-03-01,mlit-roumu-r8,参1-参3,https://www.mlit.go.jp/report/press/content/001981942.pdf,PDL1.0,,
3b415967eb5258be,JP,labor,労務単価,石工,所定労働時間内8時間あたり,人日,pref,03,岩手県,,,,33800,JPY,labor_wage_8h,published_pdl,49900,公共工事設計労務単価＋必要経費(法定福利費(事業主負担分)、労務管理費、宿舎費等)の参考値,2026-03,2026-03-01,mlit-roumu-r8,参1-参3,https://www.mlit.go.jp/report/press/content/001981942.pdf,PDL1.0,,
9e374a25e406ee44,JP,labor,労務単価,ブロック工,所定労働時間内8時間あたり,人日,pref,03,岩手県,,,,30900,JPY,labor_wage_8h,published_pdl,45600,公共工事設計労務単価＋必要経費(法定福利費(事業主負担分)、労務管理費、宿舎費等)の参考値,2026-03,2026-03-01,mlit-roumu-r8,参1-参3,https://www.mlit.go.jp/report/press/content/001981942.pdf,PDL1.0,,
9019aeec0c7d80de,JP,labor,労務単価,電工,所定労働時間内8時間あたり,人日,pref,03,岩手県,,,,28000,JPY,labor_wage_8h,published_pdl,41400,公共工事設計労務単価＋必要経費(法定福利費(事業主負担分)、労務管理費、宿舎費等)の参考値,2026-03,2026-03-01,mlit-roumu-r8,参1-参3,https://www.mlit.go.jp/report/press/content/001981942.pdf,PDL1.0,,
f9a9fb773351cebc,JP,labor,労務単価,鉄筋工,所定労働時間内8時間あたり,人日,pref,03,岩手県,,,,32500,JPY,labor_wage_8h,published_pdl,48000,公共工事設計労務単価＋必要経費(法定福利費(事業主負担分)、労務管理費、宿舎費等)の参考値,2026-03,2026-03-01,mlit-roumu-r8,参1-参3,https://www.mlit.go.jp/report/press/content/001981942.pdf,PDL1.0,,
e8ff424507055e37,JP,labor,労務単価,鉄骨工,所定労働時間内8時間あたり,人日,pref,03,岩手県,,,,28700,JPY,labor_wage_8h,published_pdl,42400,公共工事設計労務単価＋必要経費(法定福利費(事業主負担分)、労務管理費、宿舎費等)の参考値,2026-03,2026-03-01,mlit-roumu-r8,参1-参3,https://www.mlit.go.jp/report/press/content/001981942.pdf,PDL1.0,,
c0a7db73cc360b57,JP,labor,労務単価,塗装工,所定労働時間内8時間あたり,人日,pref,03,岩手県,,,,28500,JPY,labor_wage_8h,published_pdl,42100,公共工事設計労務単価＋必要経費(法定福利費(事業主負担分)、労務管理費、宿舎費等)の参考値,2026-03,2026-03-01,mlit-roumu-r8,参1-参3,https://www.mlit.go.jp/report/press/content/001981942.pdf,PDL1.0,,
233491e3c6c288f5,JP,labor,労務単価,溶接工,所定労働時間内8時間あたり,人日,pref,03,岩手県,,,,30500,JPY,labor_wage_8h,published_pdl,45000,公共工事設計労務単価＋必要経費(法定福利費(事業主負担分)、労務管理費、宿舎費等)の参考値,2026-03,2026-03-01,mlit-roumu-r8,参1-参3,https://www.mlit.go.jp/report/press/content/001981942.pdf,PDL1.0,,
b5a92de5452ecaac,JP,labor,労務単価,運転手（特殊）,所定労働時間内8時間あたり,人日,pref,03,岩手県,,,,33600,JPY,labor_wage_8h,published_pdl,49600,公共工事設計労務単価＋必要経費(法定福利費(事業主負担分)、労務管理費、宿舎費等)の参考値,2026-03,2026-03-01,mlit-roumu-r8,参1-参3,https://www.mlit.go.jp/report/press/content/001981942.pdf,PDL1.0,,
a9653ee2034514be,JP,labor,労務単価,運転手（一般）,所定労働時間内8時間あたり,人日,pref,03,岩手県,,,,26900,JPY,labor_wage_8h,published_pdl,39700,公共工事設計労務単価＋必要経費(法定福利費(事業主負担分)、労務管理費、宿舎費等)の参考値,2026-03,2026-03-01,mlit-roumu-r8,参1-参3,https://www.mlit.go.jp/report/press/content/001981942.pdf,PDL1.0,,
c16b0cc07a83bbfb,JP,labor,労務単価,潜かん工,所定労働時間内8時間あたり,人日,pref,03,岩手県,,,,40500,JPY,labor_wage_8h,published_pdl,59800,公共工事設計労務単価＋必要経費(法定福利費(事業主負担分)、労務管理費、宿舎費等)の参考値,2026-03,2026-03-01,mlit-roumu-r8,参1-参3,https://www.mlit.go.jp/report/press/content/001981942.pdf,PDL1.0,,
19e28e42a286e378,JP,labor,労務単価,潜かん世話役,所定労働時間内8時間あたり,人日,pref,03,岩手県,,,,49900,JPY,labor_wage_8h,published_pdl,73700,公共工事設計労務単価＋必要経費(法定福利費(事業主負担分)、労務管理費、宿舎費等)の参考値,2026-03,2026-03-01,mlit-roumu-r8,参1-参3,https://www.mlit.go.jp/report/press/content/001981942.pdf,PDL1.0,,
220d7dddcc573160,JP,labor,労務単価,さく岩工,所定労働時間内8時間あたり,人日,pref,03,岩手県,,,,,JPY,labor_wage_8h,not_set,,,2026-03,2026-03-01,mlit-roumu-r8,参1-参3,https://www.mlit.go.jp/report/press/content/001981942.pdf,PDL1.0,,原本の表で『-』(この都道府県ではこの職種の単価を設定していない)
b9acf416f7afa958,JP,labor,労務単価,トンネル特殊工,所定労働時間内8時間あたり,人日,pref,03,岩手県,,,,47400,JPY,labor_wage_8h,published_pdl,70000,公共工事設計労務単価＋必要経費(法定福利費(事業主負担分)、労務管理費、宿舎費等)の参考値,2026-03,2026-03-01,mlit-roumu-r8,参1-参3,https://www.mlit.go.jp/report/press/content/001981942.pdf,PDL1.0,,
2a6dd4813f04bea1,JP,labor,労務単価,トンネル作業員,所定労働時間内8時間あたり,人日,pref,03,岩手県,,,,33400,JPY,labor_wage_8h,published_pdl,49300,公共工事設計労務単価＋必要経費(法定福利費(事業主負担分)、労務管理費、宿舎費等)の参考値,2026-03,2026-03-01,mlit-roumu-r8,参1-参3,https://www.mlit.go.jp/report/press/content/001981942.pdf,PDL1.0,,
411bdac1f07ae734,JP,labor,労務単価,トンネル世話役,所定労働時間内8時間あたり,人日,pref,03,岩手県,,,,47200,JPY,labor_wage_8h,published_pdl,69700,公共工事設計労務単価＋必要経費(法定福利費(事業主負担分)、労務管理費、宿舎費等)の参考値,2026-03,2026-03-01,mlit-roumu-r8,参1-参3,https://www.mlit.go.jp/report/press/content/001981942.pdf,PDL1.0,,
a1e8f453d6729edd,JP,labor,労務単価,橋りょう特殊工,所定労働時間内8時間あたり,人日,pref,03,岩手県,,,,34900,JPY,labor_wage_8h,published_pdl,51500,公共工事設計労務単価＋必要経費(法定福利費(事業主負担分)、労務管理費、宿舎費等)の参考値,2026-03,2026-03-01,mlit-roumu-r8,参1-参3,https://www.mlit.go.jp/report/press/content/001981942.pdf,PDL1.0,,
eea7c7c129bef60f,JP,labor,労務単価,橋りょう塗装工,所定労働時間内8時間あたり,人日,pref,03,岩手県,,,,41200,JPY,labor_wage_8h,published_pdl,60900,公共工事設計労務単価＋必要経費(法定福利費(事業主負担分)、労務管理費、宿舎費等)の参考値,2026-03,2026-03-01,mlit-roumu-r8,参1-参3,https://www.mlit.go.jp/report/press/content/001981942.pdf,PDL1.0,,
7d5e64b5cb972744,JP,labor,労務単価,橋りょう世話役,所定労働時間内8時間あたり,人日,pref,03,岩手県,,,,46500,JPY,labor_wage_8h,published_pdl,68700,公共工事設計労務単価＋必要経費(法定福利費(事業主負担分)、労務管理費、宿舎費等)の参考値,2026-03,2026-03-01,mlit-roumu-r8,参1-参3,https://www.mlit.go.jp/report/press/content/001981942.pdf,PDL1.0,,
d9c49dc11f6a7743,JP,labor,労務単価,土木一般世話役,所定労働時間内8時間あたり,人日,pref,03,岩手県,,,,35300,JPY,labor_wage_8h,published_pdl,52100,公共工事設計労務単価＋必要経費(法定福利費(事業主負担分)、労務管理費、宿舎費等)の参考値,2026-03,2026-03-01,mlit-roumu-r8,参1-参3,https://www.mlit.go.jp/report/press/content/001981942.pdf,PDL1.0,,
7597dcb26b0e8698,JP,labor,労務単価,高級船員,所定労働時間内8時間あたり,人日,pref,03,岩手県,,,,34500,JPY,labor_wage_8h,published_pdl,51000,公共工事設計労務単価＋必要経費(法定福利費(事業主負担分)、労務管理費、宿舎費等)の参考値,2026-03,2026-03-01,mlit-roumu-r8,参1-参3,https://www.mlit.go.jp/report/press/content/001981942.pdf,PDL1.0,,
1aad2508d0b8725c,JP,labor,労務単価,普通船員,所定労働時間内8時間あたり,人日,pref,03,岩手県,,,,28100,JPY,labor_wage_8h,published_pdl,41500,公共工事設計労務単価＋必要経費(法定福利費(事業主負担分)、労務管理費、宿舎費等)の参考値,2026-03,2026-03-01,mlit-roumu-r8,参1-参3,https://www.mlit.go.jp/report/press/content/001981942.pdf,PDL1.0,,
1886df11ab478bc6,JP,labor,労務単価,潜水士,所定労働時間内8時間あたり,人日,pref,03,岩手県,,,,60000,JPY,labor_wage_8h,published_pdl,88600,公共工事設計労務単価＋必要経費(法定福利費(事業主負担分)、労務管理費、宿舎費等)の参考値,2026-03,2026-03-01,mlit-roumu-r8,参1-参3,https://www.mlit.go.jp/report/press/content/001981942.pdf,PDL1.0,,
273161c0f0094bbe,JP,labor,労務単価,潜水連絡員,所定労働時間内8時間あたり,人日,pref,03,岩手県,,,,37400,JPY,labor_wage_8h,published_pdl,55200,公共工事設計労務単価＋必要経費(法定福利費(事業主負担分)、労務管理費、宿舎費等)の参考値,2026-03,2026-03-01,mlit-roumu-r8,参1-参3,https://www.mlit.go.jp/report/press/content/001981942.pdf,PDL1.0,,
a6c7db646f3a386c,JP,labor,労務単価,潜水送気員,所定労働時間内8時間あたり,人日,pref,03,岩手県,,,,37600,JPY,labor_wage_8h,published_pdl,55500,公共工事設計労務単価＋必要経費(法定福利費(事業主負担分)、労務管理費、宿舎費等)の参考値,2026-03,2026-03-01,mlit-roumu-r8,参1-参3,https://www.mlit.go.jp/report/press/content/001981942.pdf,PDL1.0,,
6afa6c5246393feb,JP,labor,労務単価,山林砂防工,所定労働時間内8時間あたり,人日,pref,03,岩手県,,,,,JPY,labor_wage_8h,not_set,,,2026-03,2026-03-01,mlit-roumu-r8,参1-参3,https://www.mlit.go.jp/report/press/content/001981942.pdf,PDL1.0,,原本の表で『-』(この都道府県ではこの職種の単価を設定していない)
3764bfb1192a965a,JP,labor,労務単価,軌道工,所定労働時間内8時間あたり,人日,pref,03,岩手県,,,,41300,JPY,labor_wage_8h,published_pdl,61000,公共工事設計労務単価＋必要経費(法定福利費(事業主負担分)、労務管理費、宿舎費等)の参考値,2026-03,2026-03-01,mlit-roumu-r8,参1-参3,https://www.mlit.go.jp/report/press/content/001981942.pdf,PDL1.0,,
3303229c120b75b6,JP,labor,労務単価,型わく工,所定労働時間内8時間あたり,人日,pref,03,岩手県,,,,36200,JPY,labor_wage_8h,published_pdl,53500,公共工事設計労務単価＋必要経費(法定福利費(事業主負担分)、労務管理費、宿舎費等)の参考値,2026-03,2026-03-01,mlit-roumu-r8,参1-参3,https://www.mlit.go.jp/report/press/content/001981942.pdf,PDL1.0,,
d2c98b0115907a54,JP,labor,労務単価,大工,所定労働時間内8時間あたり,人日,pref,03,岩手県,,,,32000,JPY,labor_wage_8h,published_pdl,47300,公共工事設計労務単価＋必要経費(法定福利費(事業主負担分)、労務管理費、宿舎費等)の参考値,2026-03,2026-03-01,mlit-roumu-r8,参1-参3,https://www.mlit.go.jp/report/press/content/001981942.pdf,PDL1.0,,
bd99c590c022f53e,JP,labor,労務単価,左官,所定労働時間内8時間あたり,人日,pref,03,岩手県,,,,34700,JPY,labor_wage_8h,published_pdl,51300,公共工事設計労務単価＋必要経費(法定福利費(事業主負担分)、労務管理費、宿舎費等)の参考値,2026-03,2026-03-01,mlit-roumu-r8,参1-参3,https://www.mlit.go.jp/report/press/content/001981942.pdf,PDL1.0,,
ad5aa218c4e7b86c,JP,labor,労務単価,配管工,所定労働時間内8時間あたり,人日,pref,03,岩手県,,,,27700,JPY,labor_wage_8h,published_pdl,40900,公共工事設計労務単価＋必要経費(法定福利費(事業主負担分)、労務管理費、宿舎費等)の参考値,2026-03,2026-03-01,mlit-roumu-r8,参1-参3,https://www.mlit.go.jp/report/press/content/001981942.pdf,PDL1.0,,
3df5a83631897ac7,JP,labor,労務単価,はつり工,所定労働時間内8時間あたり,人日,pref,03,岩手県,,,,30400,JPY,labor_wage_8h,published_pdl,44900,公共工事設計労務単価＋必要経費(法定福利費(事業主負担分)、労務管理費、宿舎費等)の参考値,2026-03,2026-03-01,mlit-roumu-r8,参1-参3,https://www.mlit.go.jp/report/press/content/001981942.pdf,PDL1.0,,
079ce96d8d14608f,JP,labor,労務単価,防水工,所定労働時間内8時間あたり,人日,pref,03,岩手県,,,,29600,JPY,labor_wage_8h,published_pdl,43700,公共工事設計労務単価＋必要経費(法定福利費(事業主負担分)、労務管理費、宿舎費等)の参考値,2026-03,2026-03-01,mlit-roumu-r8,参1-参3,https://www.mlit.go.jp/report/press/content/001981942.pdf,PDL1.0,,
43368772566e7c99,JP,labor,労務単価,板金工,所定労働時間内8時間あたり,人日,pref,03,岩手県,,,,30600,JPY,labor_wage_8h,published_pdl,45200,公共工事設計労務単価＋必要経費(法定福利費(事業主負担分)、労務管理費、宿舎費等)の参考値,2026-03,2026-03-01,mlit-roumu-r8,参1-参3,https://www.mlit.go.jp/report/press/content/001981942.pdf,PDL1.0,,
545d6571c9b7c548,JP,labor,労務単価,タイル工,所定労働時間内8時間あたり,人日,pref,03,岩手県,,,,24600,JPY,labor_wage_8h,published_pdl,36300,公共工事設計労務単価＋必要経費(法定福利費(事業主負担分)、労務管理費、宿舎費等)の参考値,2026-03,2026-03-01,mlit-roumu-r8,参1-参3,https://www.mlit.go.jp/report/press/content/001981942.pdf,PDL1.0,,
7e139d8cb7c52bfb,JP,labor,労務単価,サッシ工,所定労働時間内8時間あたり,人日,pref,03,岩手県,,,,31800,JPY,labor_wage_8h,published_pdl,47000,公共工事設計労務単価＋必要経費(法定福利費(事業主負担分)、労務管理費、宿舎費等)の参考値,2026-03,2026-03-01,mlit-roumu-r8,参1-参3,https://www.mlit.go.jp/report/press/content/001981942.pdf,PDL1.0,,
3dd5943de2313fb2,JP,labor,労務単価,屋根ふき工,所定労働時間内8時間あたり,人日,pref,03,岩手県,,,,,JPY,labor_wage_8h,not_set,,,2026-03,2026-03-01,mlit-roumu-r8,参1-参3,https://www.mlit.go.jp/report/press/content/001981942.pdf,PDL1.0,,原本の表で『-』(この都道府県ではこの職種の単価を設定していない)
d33c6b61e177e064,JP,labor,労務単価,内装工,所定労働時間内8時間あたり,人日,pref,03,岩手県,,,,28200,JPY,labor_wage_8h,published_pdl,41700,公共工事設計労務単価＋必要経費(法定福利費(事業主負担分)、労務管理費、宿舎費等)の参考値,2026-03,2026-03-01,mlit-roumu-r8,参1-参3,https://www.mlit.go.jp/report/press/content/001981942.pdf,PDL1.0,,
efc4ca428ba4a735,JP,labor,労務単価,ガラス工,所定労働時間内8時間あたり,人日,pref,03,岩手県,,,,29200,JPY,labor_wage_8h,published_pdl,43100,公共工事設計労務単価＋必要経費(法定福利費(事業主負担分)、労務管理費、宿舎費等)の参考値,2026-03,2026-03-01,mlit-roumu-r8,参1-参3,https://www.mlit.go.jp/report/press/content/001981942.pdf,PDL1.0,,
fe549f30e33fab42,JP,labor,労務単価,建具工,所定労働時間内8時間あたり,人日,pref,03,岩手県,,,,,JPY,labor_wage_8h,not_set,,,2026-03,2026-03-01,mlit-roumu-r8,参1-参3,https://www.mlit.go.jp/report/press/content/001981942.pdf,PDL1.0,,原本の表で『-』(この都道府県ではこの職種の単価を設定していない)
f53101e0f701b5b9,JP,labor,労務単価,ダクト工,所定労働時間内8時間あたり,人日,pref,03,岩手県,,,,24600,JPY,labor_wage_8h,published_pdl,36300,公共工事設計労務単価＋必要経費(法定福利費(事業主負担分)、労務管理費、宿舎費等)の参考値,2026-03,2026-03-01,mlit-roumu-r8,参1-参3,https://www.mlit.go.jp/report/press/content/001981942.pdf,PDL1.0,,
5062a8d548635f2a,JP,labor,労務単価,保温工,所定労働時間内8時間あたり,人日,pref,03,岩手県,,,,26900,JPY,labor_wage_8h,published_pdl,39700,公共工事設計労務単価＋必要経費(法定福利費(事業主負担分)、労務管理費、宿舎費等)の参考値,2026-03,2026-03-01,mlit-roumu-r8,参1-参3,https://www.mlit.go.jp/report/press/content/001981942.pdf,PDL1.0,,
925b782cbab66926,JP,labor,労務単価,設備機械工,所定労働時間内8時間あたり,人日,pref,03,岩手県,,,,27400,JPY,labor_wage_8h,published_pdl,40500,公共工事設計労務単価＋必要経費(法定福利費(事業主負担分)、労務管理費、宿舎費等)の参考値,2026-03,2026-03-01,mlit-roumu-r8,参1-参3,https://www.mlit.go.jp/report/press/content/001981942.pdf,PDL1.0,,
a6091ef6ef4a513d,JP,labor,労務単価,交通誘導警備員Ａ,所定労働時間内8時間あたり,人日,pref,03,岩手県,,,,18300,JPY,labor_wage_8h,published_pdl,27000,公共工事設計労務単価＋必要経費(法定福利費(事業主負担分)、労務管理費、宿舎費等)の参考値,2026-03,2026-03-01,mlit-roumu-r8,参1-参3,https://www.mlit.go.jp/report/press/content/001981942.pdf,PDL1.0,,
34de377547bf8a4a,JP,labor,労務単価,交通誘導警備員Ｂ,所定労働時間内8時間あたり,人日,pref,03,岩手県,,,,15600,JPY,labor_wage_8h,published_pdl,23000,公共工事設計労務単価＋必要経費(法定福利費(事業主負担分)、労務管理費、宿舎費等)の参考値,2026-03,2026-03-01,mlit-roumu-r8,参1-参3,https://www.mlit.go.jp/report/press/content/001981942.pdf,PDL1.0,,
24f8d3799ebdf918,JP,labor,労務単価,特殊作業員,所定労働時間内8時間あたり,人日,pref,04,宮城県,,,,30300,JPY,labor_wage_8h,published_pdl,44800,公共工事設計労務単価＋必要経費(法定福利費(事業主負担分)、労務管理費、宿舎費等)の参考値,2026-03,2026-03-01,mlit-roumu-r8,参1-参3,https://www.mlit.go.jp/report/press/content/001981942.pdf,PDL1.0,,
e3f330027e90a8e6,JP,labor,労務単価,普通作業員,所定労働時間内8時間あたり,人日,pref,04,宮城県,,,,23600,JPY,labor_wage_8h,published_pdl,34900,公共工事設計労務単価＋必要経費(法定福利費(事業主負担分)、労務管理費、宿舎費等)の参考値,2026-03,2026-03-01,mlit-roumu-r8,参1-参3,https://www.mlit.go.jp/report/press/content/001981942.pdf,PDL1.0,,
9fa380168ba39835,JP,labor,労務単価,軽作業員,所定労働時間内8時間あたり,人日,pref,04,宮城県,,,,20300,JPY,labor_wage_8h,published_pdl,30000,公共工事設計労務単価＋必要経費(法定福利費(事業主負担分)、労務管理費、宿舎費等)の参考値,2026-03,2026-03-01,mlit-roumu-r8,参1-参3,https://www.mlit.go.jp/report/press/content/001981942.pdf,PDL1.0,,
0565200bd45e6dc5,JP,labor,労務単価,造園工,所定労働時間内8時間あたり,人日,pref,04,宮城県,,,,26600,JPY,labor_wage_8h,published_pdl,39300,公共工事設計労務単価＋必要経費(法定福利費(事業主負担分)、労務管理費、宿舎費等)の参考値,2026-03,2026-03-01,mlit-roumu-r8,参1-参3,https://www.mlit.go.jp/report/press/content/001981942.pdf,PDL1.0,,
60f9ae3ba436a55e,JP,labor,労務単価,法面工,所定労働時間内8時間あたり,人日,pref,04,宮城県,,,,35700,JPY,labor_wage_8h,published_pdl,52700,公共工事設計労務単価＋必要経費(法定福利費(事業主負担分)、労務管理費、宿舎費等)の参考値,2026-03,2026-03-01,mlit-roumu-r8,参1-参3,https://www.mlit.go.jp/report/press/content/001981942.pdf,PDL1.0,,
fe765d4158098309,JP,labor,労務単価,とび工,所定労働時間内8時間あたり,人日,pref,04,宮城県,,,,34000,JPY,labor_wage_8h,published_pdl,50200,公共工事設計労務単価＋必要経費(法定福利費(事業主負担分)、労務管理費、宿舎費等)の参考値,2026-03,2026-03-01,mlit-roumu-r8,参1-参3,https://www.mlit.go.jp/report/press/content/001981942.pdf,PDL1.0,,
4823968067729950,JP,labor,労務単価,石工,所定労働時間内8時間あたり,人日,pref,04,宮城県,,,,33700,JPY,labor_wage_8h,published_pdl,49800,公共工事設計労務単価＋必要経費(法定福利費(事業主負担分)、労務管理費、宿舎費等)の参考値,2026-03,2026-03-01,mlit-roumu-r8,参1-参3,https://www.mlit.go.jp/report/press/content/001981942.pdf,PDL1.0,,
e6a269a3d78e6706,JP,labor,労務単価,ブロック工,所定労働時間内8時間あたり,人日,pref,04,宮城県,,,,31000,JPY,labor_wage_8h,published_pdl,45800,公共工事設計労務単価＋必要経費(法定福利費(事業主負担分)、労務管理費、宿舎費等)の参考値,2026-03,2026-03-01,mlit-roumu-r8,参1-参3,https://www.mlit.go.jp/report/press/content/001981942.pdf,PDL1.0,,
103ca1e905e6b335,JP,labor,労務単価,電工,所定労働時間内8時間あたり,人日,pref,04,宮城県,,,,29900,JPY,labor_wage_8h,published_pdl,44200,公共工事設計労務単価＋必要経費(法定福利費(事業主負担分)、労務管理費、宿舎費等)の参考値,2026-03,2026-03-01,mlit-roumu-r8,参1-参3,https://www.mlit.go.jp/report/press/content/001981942.pdf,PDL1.0,,
50b249f609d3b0de,JP,labor,労務単価,鉄筋工,所定労働時間内8時間あたり,人日,pref,04,宮城県,,,,39200,JPY,labor_wage_8h,published_pdl,57900,公共工事設計労務単価＋必要経費(法定福利費(事業主負担分)、労務管理費、宿舎費等)の参考値,2026-03,2026-03-01,mlit-roumu-r8,参1-参3,https://www.mlit.go.jp/report/press/content/001981942.pdf,PDL1.0,,
e5d986c40fc96fe2,JP,labor,労務単価,鉄骨工,所定労働時間内8時間あたり,人日,pref,04,宮城県,,,,32500,JPY,labor_wage_8h,published_pdl,48000,公共工事設計労務単価＋必要経費(法定福利費(事業主負担分)、労務管理費、宿舎費等)の参考値,2026-03,2026-03-01,mlit-roumu-r8,参1-参3,https://www.mlit.go.jp/report/press/content/001981942.pdf,PDL1.0,,
3ddaf4c5ee375b9f,JP,labor,労務単価,塗装工,所定労働時間内8時間あたり,人日,pref,04,宮城県,,,,33400,JPY,labor_wage_8h,published_pdl,49300,公共工事設計労務単価＋必要経費(法定福利費(事業主負担分)、労務管理費、宿舎費等)の参考値,2026-03,2026-03-01,mlit-roumu-r8,参1-参3,https://www.mlit.go.jp/report/press/content/001981942.pdf,PDL1.0,,
61bcefc09bf7a529,JP,labor,労務単価,溶接工,所定労働時間内8時間あたり,人日,pref,04,宮城県,,,,32900,JPY,labor_wage_8h,published_pdl,48600,公共工事設計労務単価＋必要経費(法定福利費(事業主負担分)、労務管理費、宿舎費等)の参考値,2026-03,2026-03-01,mlit-roumu-r8,参1-参3,https://www.mlit.go.jp/report/press/content/001981942.pdf,PDL1.0,,
8c3b69efdd7d0288,JP,labor,労務単価,運転手（特殊）,所定労働時間内8時間あたり,人日,pref,04,宮城県,,,,35300,JPY,labor_wage_8h,published_pdl,52100,公共工事設計労務単価＋必要経費(法定福利費(事業主負担分)、労務管理費、宿舎費等)の参考値,2026-03,2026-03-01,mlit-roumu-r8,参1-参3,https://www.mlit.go.jp/report/press/content/001981942.pdf,PDL1.0,,
82c48394f5e43689,JP,labor,労務単価,運転手（一般）,所定労働時間内8時間あたり,人日,pref,04,宮城県,,,,30100,JPY,labor_wage_8h,published_pdl,44500,公共工事設計労務単価＋必要経費(法定福利費(事業主負担分)、労務管理費、宿舎費等)の参考値,2026-03,2026-03-01,mlit-roumu-r8,参1-参3,https://www.mlit.go.jp/report/press/content/001981942.pdf,PDL1.0,,
0119781692cdfd10,JP,labor,労務単価,潜かん工,所定労働時間内8時間あたり,人日,pref,04,宮城県,,,,40300,JPY,labor_wage_8h,published_pdl,59500,公共工事設計労務単価＋必要経費(法定福利費(事業主負担分)、労務管理費、宿舎費等)の参考値,2026-03,2026-03-01,mlit-roumu-r8,参1-参3,https://www.mlit.go.jp/report/press/content/001981942.pdf,PDL1.0,,
7f7d1dcc0ed2e6d2,JP,labor,労務単価,潜かん世話役,所定労働時間内8時間あたり,人日,pref,04,宮城県,,,,49300,JPY,labor_wage_8h,published_pdl,72800,公共工事設計労務単価＋必要経費(法定福利費(事業主負担分)、労務管理費、宿舎費等)の参考値,2026-03,2026-03-01,mlit-roumu-r8,参1-参3,https://www.mlit.go.jp/report/press/content/001981942.pdf,PDL1.0,,
42bf8790c518c0ad,JP,labor,労務単価,さく岩工,所定労働時間内8時間あたり,人日,pref,04,宮城県,,,,,JPY,labor_wage_8h,not_set,,,2026-03,2026-03-01,mlit-roumu-r8,参1-参3,https://www.mlit.go.jp/report/press/content/001981942.pdf,PDL1.0,,原本の表で『-』(この都道府県ではこの職種の単価を設定していない)
e876906755fafc93,JP,labor,労務単価,トンネル特殊工,所定労働時間内8時間あたり,人日,pref,04,宮城県,,,,47400,JPY,labor_wage_8h,published_pdl,70000,公共工事設計労務単価＋必要経費(法定福利費(事業主負担分)、労務管理費、宿舎費等)の参考値,2026-03,2026-03-01,mlit-roumu-r8,参1-参3,https://www.mlit.go.jp/report/press/content/001981942.pdf,PDL1.0,,
6e964fb22a387cfb,JP,labor,労務単価,トンネル作業員,所定労働時間内8時間あたり,人日,pref,04,宮城県,,,,33200,JPY,labor_wage_8h,published_pdl,49000,公共工事設計労務単価＋必要経費(法定福利費(事業主負担分)、労務管理費、宿舎費等)の参考値,2026-03,2026-03-01,mlit-roumu-r8,参1-参3,https://www.mlit.go.jp/report/press/content/001981942.pdf,PDL1.0,,
b912dd79d5f91bc6,JP,labor,労務単価,トンネル世話役,所定労働時間内8時間あたり,人日,pref,04,宮城県,,,,47000,JPY,labor_wage_8h,published_pdl,69400,公共工事設計労務単価＋必要経費(法定福利費(事業主負担分)、労務管理費、宿舎費等)の参考値,2026-03,2026-03-01,mlit-roumu-r8,参1-参3,https://www.mlit.go.jp/report/press/content/001981942.pdf,PDL1.0,,
70baba36601025ce,JP,labor,労務単価,橋りょう特殊工,所定労働時間内8時間あたり,人日,pref,04,宮城県,,,,34700,JPY,labor_wage_8h,published_pdl,51300,公共工事設計労務単価＋必要経費(法定福利費(事業主負担分)、労務管理費、宿舎費等)の参考値,2026-03,2026-03-01,mlit-roumu-r8,参1-参3,https://www.mlit.go.jp/report/press/content/001981942.pdf,PDL1.0,,
ef2592d54609614b,JP,labor,労務単価,橋りょう塗装工,所定労働時間内8時間あたり,人日,pref,04,宮城県,,,,40900,JPY,labor_wage_8h,published_pdl,60400,公共工事設計労務単価＋必要経費(法定福利費(事業主負担分)、労務管理費、宿舎費等)の参考値,2026-03,2026-03-01,mlit-roumu-r8,参1-参3,https://www.mlit.go.jp/report/press/content/001981942.pdf,PDL1.0,,
bf0baabc938274dc,JP,labor,労務単価,橋りょう世話役,所定労働時間内8時間あたり,人日,pref,04,宮城県,,,,50900,JPY,labor_wage_8h,published_pdl,75200,公共工事設計労務単価＋必要経費(法定福利費(事業主負担分)、労務管理費、宿舎費等)の参考値,2026-03,2026-03-01,mlit-roumu-r8,参1-参3,https://www.mlit.go.jp/report/press/content/001981942.pdf,PDL1.0,,
90517821f6b98965,JP,labor,労務単価,土木一般世話役,所定労働時間内8時間あたり,人日,pref,04,宮城県,,,,35600,JPY,labor_wage_8h,published_pdl,52600,公共工事設計労務単価＋必要経費(法定福利費(事業主負担分)、労務管理費、宿舎費等)の参考値,2026-03,2026-03-01,mlit-roumu-r8,参1-参3,https://www.mlit.go.jp/report/press/content/001981942.pdf,PDL1.0,,
1dc56c8985b6eac2,JP,labor,労務単価,高級船員,所定労働時間内8時間あたり,人日,pref,04,宮城県,,,,34300,JPY,labor_wage_8h,published_pdl,50700,公共工事設計労務単価＋必要経費(法定福利費(事業主負担分)、労務管理費、宿舎費等)の参考値,2026-03,2026-03-01,mlit-roumu-r8,参1-参3,https://www.mlit.go.jp/report/press/content/001981942.pdf,PDL1.0,,
a60a4e0795bdd7b8,JP,labor,労務単価,普通船員,所定労働時間内8時間あたり,人日,pref,04,宮城県,,,,27900,JPY,labor_wage_8h,published_pdl,41200,公共工事設計労務単価＋必要経費(法定福利費(事業主負担分)、労務管理費、宿舎費等)の参考値,2026-03,2026-03-01,mlit-roumu-r8,参1-参3,https://www.mlit.go.jp/report/press/content/001981942.pdf,PDL1.0,,
23725e3d81621175,JP,labor,労務単価,潜水士,所定労働時間内8時間あたり,人日,pref,04,宮城県,,,,65700,JPY,labor_wage_8h,published_pdl,97000,公共工事設計労務単価＋必要経費(法定福利費(事業主負担分)、労務管理費、宿舎費等)の参考値,2026-03,2026-03-01,mlit-roumu-r8,参1-参3,https://www.mlit.go.jp/report/press/content/001981942.pdf,PDL1.0,,
d5ae2d21eb745a52,JP,labor,労務単価,潜水連絡員,所定労働時間内8時間あたり,人日,pref,04,宮城県,,,,41000,JPY,labor_wage_8h,published_pdl,60600,公共工事設計労務単価＋必要経費(法定福利費(事業主負担分)、労務管理費、宿舎費等)の参考値,2026-03,2026-03-01,mlit-roumu-r8,参1-参3,https://www.mlit.go.jp/report/press/content/001981942.pdf,PDL1.0,,
21b6aa947b5013b7,JP,labor,労務単価,潜水送気員,所定労働時間内8時間あたり,人日,pref,04,宮城県,,,,40700,JPY,labor_wage_8h,published_pdl,60100,公共工事設計労務単価＋必要経費(法定福利費(事業主負担分)、労務管理費、宿舎費等)の参考値,2026-03,2026-03-01,mlit-roumu-r8,参1-参3,https://www.mlit.go.jp/report/press/content/001981942.pdf,PDL1.0,,
e00edff3c29d9ed1,JP,labor,労務単価,山林砂防工,所定労働時間内8時間あたり,人日,pref,04,宮城県,,,,,JPY,labor_wage_8h,not_set,,,2026-03,2026-03-01,mlit-roumu-r8,参1-参3,https://www.mlit.go.jp/report/press/content/001981942.pdf,PDL1.0,,原本の表で『-』(この都道府県ではこの職種の単価を設定していない)
0cd8fffa4fcdfcf5,JP,labor,労務単価,軌道工,所定労働時間内8時間あたり,人日,pref,04,宮城県,,,,41400,JPY,labor_wage_8h,published_pdl,61100,公共工事設計労務単価＋必要経費(法定福利費(事業主負担分)、労務管理費、宿舎費等)の参考値,2026-03,2026-03-01,mlit-roumu-r8,参1-参3,https://www.mlit.go.jp/report/press/content/001981942.pdf,PDL1.0,,
aa29e7676878013c,JP,labor,労務単価,型わく工,所定労働時間内8時間あたり,人日,pref,04,宮城県,,,,40900,JPY,labor_wage_8h,published_pdl,60400,公共工事設計労務単価＋必要経費(法定福利費(事業主負担分)、労務管理費、宿舎費等)の参考値,2026-03,2026-03-01,mlit-roumu-r8,参1-参3,https://www.mlit.go.jp/report/press/content/001981942.pdf,PDL1.0,,
96ec4ab5e8399c3a,JP,labor,労務単価,大工,所定労働時間内8時間あたり,人日,pref,04,宮城県,,,,34800,JPY,labor_wage_8h,published_pdl,51400,公共工事設計労務単価＋必要経費(法定福利費(事業主負担分)、労務管理費、宿舎費等)の参考値,2026-03,2026-03-01,mlit-roumu-r8,参1-参3,https://www.mlit.go.jp/report/press/content/001981942.pdf,PDL1.0,,
536db21814bb7904,JP,labor,労務単価,左官,所定労働時間内8時間あたり,人日,pref,04,宮城県,,,,37700,JPY,labor_wage_8h,published_pdl,55700,公共工事設計労務単価＋必要経費(法定福利費(事業主負担分)、労務管理費、宿舎費等)の参考値,2026-03,2026-03-01,mlit-roumu-r8,参1-参3,https://www.mlit.go.jp/report/press/content/001981942.pdf,PDL1.0,,
008545c115f94baf,JP,labor,労務単価,配管工,所定労働時間内8時間あたり,人日,pref,04,宮城県,,,,29200,JPY,labor_wage_8h,published_pdl,43100,公共工事設計労務単価＋必要経費(法定福利費(事業主負担分)、労務管理費、宿舎費等)の参考値,2026-03,2026-03-01,mlit-roumu-r8,参1-参3,https://www.mlit.go.jp/report/press/content/001981942.pdf,PDL1.0,,
a34c77fbc973f409,JP,labor,労務単価,はつり工,所定労働時間内8時間あたり,人日,pref,04,宮城県,,,,30200,JPY,labor_wage_8h,published_pdl,44600,公共工事設計労務単価＋必要経費(法定福利費(事業主負担分)、労務管理費、宿舎費等)の参考値,2026-03,2026-03-01,mlit-roumu-r8,参1-参3,https://www.mlit.go.jp/report/press/content/001981942.pdf,PDL1.0,,
0c00b75687414421,JP,labor,労務単価,防水工,所定労働時間内8時間あたり,人日,pref,04,宮城県,,,,32500,JPY,labor_wage_8h,published_pdl,48000,公共工事設計労務単価＋必要経費(法定福利費(事業主負担分)、労務管理費、宿舎費等)の参考値,2026-03,2026-03-01,mlit-roumu-r8,参1-参3,https://www.mlit.go.jp/report/press/content/001981942.pdf,PDL1.0,,
3bebd96d2cad00ee,JP,labor,労務単価,板金工,所定労働時間内8時間あたり,人日,pref,04,宮城県,,,,33200,JPY,labor_wage_8h,published_pdl,49000,公共工事設計労務単価＋必要経費(法定福利費(事業主負担分)、労務管理費、宿舎費等)の参考値,2026-03,2026-03-01,mlit-roumu-r8,参1-参3,https://www.mlit.go.jp/report/press/content/001981942.pdf,PDL1.0,,
b3d052e8b1fa2dff,JP,labor,労務単価,タイル工,所定労働時間内8時間あたり,人日,pref,04,宮城県,,,,24600,JPY,labor_wage_8h,published_pdl,36300,公共工事設計労務単価＋必要経費(法定福利費(事業主負担分)、労務管理費、宿舎費等)の参考値,2026-03,2026-03-01,mlit-roumu-r8,参1-参3,https://www.mlit.go.jp/report/press/content/001981942.pdf,PDL1.0,,
f8866cc82d9f8dc4,JP,labor,労務単価,サッシ工,所定労働時間内8時間あたり,人日,pref,04,宮城県,,,,34100,JPY,labor_wage_8h,published_pdl,50400,公共工事設計労務単価＋必要経費(法定福利費(事業主負担分)、労務管理費、宿舎費等)の参考値,2026-03,2026-03-01,mlit-roumu-r8,参1-参3,https://www.mlit.go.jp/report/press/content/001981942.pdf,PDL1.0,,
547535512c6b303e,JP,labor,労務単価,屋根ふき工,所定労働時間内8時間あたり,人日,pref,04,宮城県,,,,,JPY,labor_wage_8h,not_set,,,2026-03,2026-03-01,mlit-roumu-r8,参1-参3,https://www.mlit.go.jp/report/press/content/001981942.pdf,PDL1.0,,原本の表で『-』(この都道府県ではこの職種の単価を設定していない)
e0f0837ce86dc671,JP,labor,労務単価,内装工,所定労働時間内8時間あたり,人日,pref,04,宮城県,,,,30800,JPY,labor_wage_8h,published_pdl,45500,公共工事設計労務単価＋必要経費(法定福利費(事業主負担分)、労務管理費、宿舎費等)の参考値,2026-03,2026-03-01,mlit-roumu-r8,参1-参3,https://www.mlit.go.jp/report/press/content/001981942.pdf,PDL1.0,,
96294083acb18007,JP,labor,労務単価,ガラス工,所定労働時間内8時間あたり,人日,pref,04,宮城県,,,,28700,JPY,labor_wage_8h,published_pdl,42400,公共工事設計労務単価＋必要経費(法定福利費(事業主負担分)、労務管理費、宿舎費等)の参考値,2026-03,2026-03-01,mlit-roumu-r8,参1-参3,https://www.mlit.go.jp/report/press/content/001981942.pdf,PDL1.0,,
d760734f05e29825,JP,labor,労務単価,建具工,所定労働時間内8時間あたり,人日,pref,04,宮城県,,,,,JPY,labor_wage_8h,not_set,,,2026-03,2026-03-01,mlit-roumu-r8,参1-参3,https://www.mlit.go.jp/report/press/content/001981942.pdf,PDL1.0,,原本の表で『-』(この都道府県ではこの職種の単価を設定していない)
66dcf16bc8cc6c22,JP,labor,労務単価,ダクト工,所定労働時間内8時間あたり,人日,pref,04,宮城県,,,,25200,JPY,labor_wage_8h,published_pdl,37200,公共工事設計労務単価＋必要経費(法定福利費(事業主負担分)、労務管理費、宿舎費等)の参考値,2026-03,2026-03-01,mlit-roumu-r8,参1-参3,https://www.mlit.go.jp/report/press/content/001981942.pdf,PDL1.0,,
d7d184169170a8b4,JP,labor,労務単価,保温工,所定労働時間内8時間あたり,人日,pref,04,宮城県,,,,27000,JPY,labor_wage_8h,published_pdl,39900,公共工事設計労務単価＋必要経費(法定福利費(事業主負担分)、労務管理費、宿舎費等)の参考値,2026-03,2026-03-01,mlit-roumu-r8,参1-参3,https://www.mlit.go.jp/report/press/content/001981942.pdf,PDL1.0,,
0bfc0270008fab79,JP,labor,労務単価,設備機械工,所定労働時間内8時間あたり,人日,pref,04,宮城県,,,,27500,JPY,labor_wage_8h,published_pdl,40600,公共工事設計労務単価＋必要経費(法定福利費(事業主負担分)、労務管理費、宿舎費等)の参考値,2026-03,2026-03-01,mlit-roumu-r8,参1-参3,https://www.mlit.go.jp/report/press/content/001981942.pdf,PDL1.0,,
dc7bbb81a7f0660e,JP,labor,労務単価,交通誘導警備員Ａ,所定労働時間内8時間あたり,人日,pref,04,宮城県,,,,20100,JPY,labor_wage_8h,published_pdl,29700,公共工事設計労務単価＋必要経費(法定福利費(事業主負担分)、労務管理費、宿舎費等)の参考値,2026-03,2026-03-01,mlit-roumu-r8,参1-参3,https://www.mlit.go.jp/report/press/content/001981942.pdf,PDL1.0,,
da9683344cb803f1,JP,labor,労務単価,交通誘導警備員Ｂ,所定労働時間内8時間あたり,人日,pref,04,宮城県,,,,16800,JPY,labor_wage_8h,published_pdl,24800,公共工事設計労務単価＋必要経費(法定福利費(事業主負担分)、労務管理費、宿舎費等)の参考値,2026-03,2026-03-01,mlit-roumu-r8,参1-参3,https://www.mlit.go.jp/report/press/content/001981942.pdf,PDL1.0,,
9e6338e10eeb7f25,JP,labor,労務単価,特殊作業員,所定労働時間内8時間あたり,人日,pref,05,秋田県,,,,28400,JPY,labor_wage_8h,published_pdl,41900,公共工事設計労務単価＋必要経費(法定福利費(事業主負担分)、労務管理費、宿舎費等)の参考値,2026-03,2026-03-01,mlit-roumu-r8,参1-参3,https://www.mlit.go.jp/report/press/content/001981942.pdf,PDL1.0,,
b6d2fa288f08566c,JP,labor,労務単価,普通作業員,所定労働時間内8時間あたり,人日,pref,05,秋田県,,,,22500,JPY,labor_wage_8h,published_pdl,33200,公共工事設計労務単価＋必要経費(法定福利費(事業主負担分)、労務管理費、宿舎費等)の参考値,2026-03,2026-03-01,mlit-roumu-r8,参1-参3,https://www.mlit.go.jp/report/press/content/001981942.pdf,PDL1.0,,
16b380ec2394fdb9,JP,labor,労務単価,軽作業員,所定労働時間内8時間あたり,人日,pref,05,秋田県,,,,19600,JPY,labor_wage_8h,published_pdl,28900,公共工事設計労務単価＋必要経費(法定福利費(事業主負担分)、労務管理費、宿舎費等)の参考値,2026-03,2026-03-01,mlit-roumu-r8,参1-参3,https://www.mlit.go.jp/report/press/content/001981942.pdf,PDL1.0,,
dc840ffb57c1e3a3,JP,labor,労務単価,造園工,所定労働時間内8時間あたり,人日,pref,05,秋田県,,,,25100,JPY,labor_wage_8h,published_pdl,37100,公共工事設計労務単価＋必要経費(法定福利費(事業主負担分)、労務管理費、宿舎費等)の参考値,2026-03,2026-03-01,mlit-roumu-r8,参1-参3,https://www.mlit.go.jp/report/press/content/001981942.pdf,PDL1.0,,
b15ac6c69e3fac30,JP,labor,労務単価,法面工,所定労働時間内8時間あたり,人日,pref,05,秋田県,,,,33200,JPY,labor_wage_8h,published_pdl,49000,公共工事設計労務単価＋必要経費(法定福利費(事業主負担分)、労務管理費、宿舎費等)の参考値,2026-03,2026-03-01,mlit-roumu-r8,参1-参3,https://www.mlit.go.jp/report/press/content/001981942.pdf,PDL1.0,,
eb96e5d0146ac448,JP,labor,労務単価,とび工,所定労働時間内8時間あたり,人日,pref,05,秋田県,,,,30900,JPY,labor_wage_8h,published_pdl,45600,公共工事設計労務単価＋必要経費(法定福利費(事業主負担分)、労務管理費、宿舎費等)の参考値,2026-03,2026-03-01,mlit-roumu-r8,参1-参3,https://www.mlit.go.jp/report/press/content/001981942.pdf,PDL1.0,,
d897f2d6d4ab4c5a,JP,labor,労務単価,石工,所定労働時間内8時間あたり,人日,pref,05,秋田県,,,,33400,JPY,labor_wage_8h,published_pdl,49300,公共工事設計労務単価＋必要経費(法定福利費(事業主負担分)、労務管理費、宿舎費等)の参考値,2026-03,2026-03-01,mlit-roumu-r8,参1-参3,https://www.mlit.go.jp/report/press/content/001981942.pdf,PDL1.0,,
9274fbacc9295b48,JP,labor,労務単価,ブロック工,所定労働時間内8時間あたり,人日,pref,05,秋田県,,,,31000,JPY,labor_wage_8h,published_pdl,45800,公共工事設計労務単価＋必要経費(法定福利費(事業主負担分)、労務管理費、宿舎費等)の参考値,2026-03,2026-03-01,mlit-roumu-r8,参1-参3,https://www.mlit.go.jp/report/press/content/001981942.pdf,PDL1.0,,
443f02c6a827ed62,JP,labor,労務単価,電工,所定労働時間内8時間あたり,人日,pref,05,秋田県,,,,27500,JPY,labor_wage_8h,published_pdl,40600,公共工事設計労務単価＋必要経費(法定福利費(事業主負担分)、労務管理費、宿舎費等)の参考値,2026-03,2026-03-01,mlit-roumu-r8,参1-参3,https://www.mlit.go.jp/report/press/content/001981942.pdf,PDL1.0,,
e5f668f329e4c463,JP,labor,労務単価,鉄筋工,所定労働時間内8時間あたり,人日,pref,05,秋田県,,,,33600,JPY,labor_wage_8h,published_pdl,49600,公共工事設計労務単価＋必要経費(法定福利費(事業主負担分)、労務管理費、宿舎費等)の参考値,2026-03,2026-03-01,mlit-roumu-r8,参1-参3,https://www.mlit.go.jp/report/press/content/001981942.pdf,PDL1.0,,
e1574b8139857138,JP,labor,労務単価,鉄骨工,所定労働時間内8時間あたり,人日,pref,05,秋田県,,,,29400,JPY,labor_wage_8h,published_pdl,43400,公共工事設計労務単価＋必要経費(法定福利費(事業主負担分)、労務管理費、宿舎費等)の参考値,2026-03,2026-03-01,mlit-roumu-r8,参1-参3,https://www.mlit.go.jp/report/press/content/001981942.pdf,PDL1.0,,
8163532d2289d1ae,JP,labor,労務単価,塗装工,所定労働時間内8時間あたり,人日,pref,05,秋田県,,,,29600,JPY,labor_wage_8h,published_pdl,43700,公共工事設計労務単価＋必要経費(法定福利費(事業主負担分)、労務管理費、宿舎費等)の参考値,2026-03,2026-03-01,mlit-roumu-r8,参1-参3,https://www.mlit.go.jp/report/press/content/001981942.pdf,PDL1.0,,
16c64c0a991d6116,JP,labor,労務単価,溶接工,所定労働時間内8時間あたり,人日,pref,05,秋田県,,,,31100,JPY,labor_wage_8h,published_pdl,45900,公共工事設計労務単価＋必要経費(法定福利費(事業主負担分)、労務管理費、宿舎費等)の参考値,2026-03,2026-03-01,mlit-roumu-r8,参1-参3,https://www.mlit.go.jp/report/press/content/001981942.pdf,PDL1.0,,
d5a260ba54a0aa54,JP,labor,労務単価,運転手（特殊）,所定労働時間内8時間あたり,人日,pref,05,秋田県,,,,33200,JPY,labor_wage_8h,published_pdl,49000,公共工事設計労務単価＋必要経費(法定福利費(事業主負担分)、労務管理費、宿舎費等)の参考値,2026-03,2026-03-01,mlit-roumu-r8,参1-参3,https://www.mlit.go.jp/report/press/content/001981942.pdf,PDL1.0,,
db426ba73b7c7ebc,JP,labor,労務単価,運転手（一般）,所定労働時間内8時間あたり,人日,pref,05,秋田県,,,,30400,JPY,labor_wage_8h,published_pdl,44900,公共工事設計労務単価＋必要経費(法定福利費(事業主負担分)、労務管理費、宿舎費等)の参考値,2026-03,2026-03-01,mlit-roumu-r8,参1-参3,https://www.mlit.go.jp/report/press/content/001981942.pdf,PDL1.0,,
09d0d0e7b1782d4d,JP,labor,労務単価,潜かん工,所定労働時間内8時間あたり,人日,pref,05,秋田県,,,,40400,JPY,labor_wage_8h,published_pdl,59700,公共工事設計労務単価＋必要経費(法定福利費(事業主負担分)、労務管理費、宿舎費等)の参考値,2026-03,2026-03-01,mlit-roumu-r8,参1-参3,https://www.mlit.go.jp/report/press/content/001981942.pdf,PDL1.0,,
dcf3bcc88b6967dd,JP,labor,労務単価,潜かん世話役,所定労働時間内8時間あたり,人日,pref,05,秋田県,,,,49900,JPY,labor_wage_8h,published_pdl,73700,公共工事設計労務単価＋必要経費(法定福利費(事業主負担分)、労務管理費、宿舎費等)の参考値,2026-03,2026-03-01,mlit-roumu-r8,参1-参3,https://www.mlit.go.jp/report/press/content/001981942.pdf,PDL1.0,,
cfca5175e35debd4,JP,labor,労務単価,さく岩工,所定労働時間内8時間あたり,人日,pref,05,秋田県,,,,,JPY,labor_wage_8h,not_set,,,2026-03,2026-03-01,mlit-roumu-r8,参1-参3,https://www.mlit.go.jp/report/press/content/001981942.pdf,PDL1.0,,原本の表で『-』(この都道府県ではこの職種の単価を設定していない)
62c50e5001f9a7e5,JP,labor,労務単価,トンネル特殊工,所定労働時間内8時間あたり,人日,pref,05,秋田県,,,,46000,JPY,labor_wage_8h,published_pdl,67900,公共工事設計労務単価＋必要経費(法定福利費(事業主負担分)、労務管理費、宿舎費等)の参考値,2026-03,2026-03-01,mlit-roumu-r8,参1-参3,https://www.mlit.go.jp/report/press/content/001981942.pdf,PDL1.0,,
b6f797eb017201b0,JP,labor,労務単価,トンネル作業員,所定労働時間内8時間あたり,人日,pref,05,秋田県,,,,33800,JPY,labor_wage_8h,published_pdl,49900,公共工事設計労務単価＋必要経費(法定福利費(事業主負担分)、労務管理費、宿舎費等)の参考値,2026-03,2026-03-01,mlit-roumu-r8,参1-参3,https://www.mlit.go.jp/report/press/content/001981942.pdf,PDL1.0,,
72bf39340712a47c,JP,labor,労務単価,トンネル世話役,所定労働時間内8時間あたり,人日,pref,05,秋田県,,,,47300,JPY,labor_wage_8h,published_pdl,69900,公共工事設計労務単価＋必要経費(法定福利費(事業主負担分)、労務管理費、宿舎費等)の参考値,2026-03,2026-03-01,mlit-roumu-r8,参1-参3,https://www.mlit.go.jp/report/press/content/001981942.pdf,PDL1.0,,
af34fbde201a8829,JP,labor,労務単価,橋りょう特殊工,所定労働時間内8時間あたり,人日,pref,05,秋田県,,,,35400,JPY,labor_wage_8h,published_pdl,52300,公共工事設計労務単価＋必要経費(法定福利費(事業主負担分)、労務管理費、宿舎費等)の参考値,2026-03,2026-03-01,mlit-roumu-r8,参1-参3,https://www.mlit.go.jp/report/press/content/001981942.pdf,PDL1.0,,
6f8bb62283eeebcf,JP,labor,労務単価,橋りょう塗装工,所定労働時間内8時間あたり,人日,pref,05,秋田県,,,,41200,JPY,labor_wage_8h,published_pdl,60900,公共工事設計労務単価＋必要経費(法定福利費(事業主負担分)、労務管理費、宿舎費等)の参考値,2026-03,2026-03-01,mlit-roumu-r8,参1-参3,https://www.mlit.go.jp/report/press/content/001981942.pdf,PDL1.0,,
bbe53cf3b922602e,JP,labor,労務単価,橋りょう世話役,所定労働時間内8時間あたり,人日,pref,05,秋田県,,,,46500,JPY,labor_wage_8h,published_pdl,68700,公共工事設計労務単価＋必要経費(法定福利費(事業主負担分)、労務管理費、宿舎費等)の参考値,2026-03,2026-03-01,mlit-roumu-r8,参1-参3,https://www.mlit.go.jp/report/press/content/001981942.pdf,PDL1.0,,
774e16d257804f73,JP,labor,労務単価,土木一般世話役,所定労働時間内8時間あたり,人日,pref,05,秋田県,,,,36800,JPY,labor_wage_8h,published_pdl,54400,公共工事設計労務単価＋必要経費(法定福利費(事業主負担分)、労務管理費、宿舎費等)の参考値,2026-03,2026-03-01,mlit-roumu-r8,参1-参3,https://www.mlit.go.jp/report/press/content/001981942.pdf,PDL1.0,,
1dd55251a3645502,JP,labor,労務単価,高級船員,所定労働時間内8時間あたり,人日,pref,05,秋田県,,,,34500,JPY,labor_wage_8h,published_pdl,51000,公共工事設計労務単価＋必要経費(法定福利費(事業主負担分)、労務管理費、宿舎費等)の参考値,2026-03,2026-03-01,mlit-roumu-r8,参1-参3,https://www.mlit.go.jp/report/press/content/001981942.pdf,PDL1.0,,
3f568f66901ec8df,JP,labor,労務単価,普通船員,所定労働時間内8時間あたり,人日,pref,05,秋田県,,,,28200,JPY,labor_wage_8h,published_pdl,41700,公共工事設計労務単価＋必要経費(法定福利費(事業主負担分)、労務管理費、宿舎費等)の参考値,2026-03,2026-03-01,mlit-roumu-r8,参1-参3,https://www.mlit.go.jp/report/press/content/001981942.pdf,PDL1.0,,
f01c6cb864422711,JP,labor,労務単価,潜水士,所定労働時間内8時間あたり,人日,pref,05,秋田県,,,,59700,JPY,labor_wage_8h,published_pdl,88200,公共工事設計労務単価＋必要経費(法定福利費(事業主負担分)、労務管理費、宿舎費等)の参考値,2026-03,2026-03-01,mlit-roumu-r8,参1-参3,https://www.mlit.go.jp/report/press/content/001981942.pdf,PDL1.0,,
33725bdeded6bca4,JP,labor,労務単価,潜水連絡員,所定労働時間内8時間あたり,人日,pref,05,秋田県,,,,37000,JPY,labor_wage_8h,published_pdl,54600,公共工事設計労務単価＋必要経費(法定福利費(事業主負担分)、労務管理費、宿舎費等)の参考値,2026-03,2026-03-01,mlit-roumu-r8,参1-参3,https://www.mlit.go.jp/report/press/content/001981942.pdf,PDL1.0,,
55c95c4f258f49c6,JP,labor,労務単価,潜水送気員,所定労働時間内8時間あたり,人日,pref,05,秋田県,,,,37000,JPY,labor_wage_8h,published_pdl,54600,公共工事設計労務単価＋必要経費(法定福利費(事業主負担分)、労務管理費、宿舎費等)の参考値,2026-03,2026-03-01,mlit-roumu-r8,参1-参3,https://www.mlit.go.jp/report/press/content/001981942.pdf,PDL1.0,,
4bcf4bd2dfed67af,JP,labor,労務単価,山林砂防工,所定労働時間内8時間あたり,人日,pref,05,秋田県,,,,,JPY,labor_wage_8h,not_set,,,2026-03,2026-03-01,mlit-roumu-r8,参1-参3,https://www.mlit.go.jp/report/press/content/001981942.pdf,PDL1.0,,原本の表で『-』(この都道府県ではこの職種の単価を設定していない)
498b2bc03863ddf5,JP,labor,労務単価,軌道工,所定労働時間内8時間あたり,人日,pref,05,秋田県,,,,41500,JPY,labor_wage_8h,published_pdl,61300,公共工事設計労務単価＋必要経費(法定福利費(事業主負担分)、労務管理費、宿舎費等)の参考値,2026-03,2026-03-01,mlit-roumu-r8,参1-参3,https://www.mlit.go.jp/report/press/content/001981942.pdf,PDL1.0,,
67222ad682d65581,JP,labor,労務単価,型わく工,所定労働時間内8時間あたり,人日,pref,05,秋田県,,,,32400,JPY,labor_wage_8h,published_pdl,47900,公共工事設計労務単価＋必要経費(法定福利費(事業主負担分)、労務管理費、宿舎費等)の参考値,2026-03,2026-03-01,mlit-roumu-r8,参1-参3,https://www.mlit.go.jp/report/press/content/001981942.pdf,PDL1.0,,
c7d204c0313cb4a8,JP,labor,労務単価,大工,所定労働時間内8時間あたり,人日,pref,05,秋田県,,,,34400,JPY,labor_wage_8h,published_pdl,50800,公共工事設計労務単価＋必要経費(法定福利費(事業主負担分)、労務管理費、宿舎費等)の参考値,2026-03,2026-03-01,mlit-roumu-r8,参1-参3,https://www.mlit.go.jp/report/press/content/001981942.pdf,PDL1.0,,
7fbdccdfadeb8555,JP,labor,労務単価,左官,所定労働時間内8時間あたり,人日,pref,05,秋田県,,,,33200,JPY,labor_wage_8h,published_pdl,49000,公共工事設計労務単価＋必要経費(法定福利費(事業主負担分)、労務管理費、宿舎費等)の参考値,2026-03,2026-03-01,mlit-roumu-r8,参1-参3,https://www.mlit.go.jp/report/press/content/001981942.pdf,PDL1.0,,
34bbf7d731c31711,JP,labor,労務単価,配管工,所定労働時間内8時間あたり,人日,pref,05,秋田県,,,,25300,JPY,labor_wage_8h,published_pdl,37400,公共工事設計労務単価＋必要経費(法定福利費(事業主負担分)、労務管理費、宿舎費等)の参考値,2026-03,2026-03-01,mlit-roumu-r8,参1-参3,https://www.mlit.go.jp/report/press/content/001981942.pdf,PDL1.0,,
091643302646d626,JP,labor,労務単価,はつり工,所定労働時間内8時間あたり,人日,pref,05,秋田県,,,,30500,JPY,labor_wage_8h,published_pdl,45000,公共工事設計労務単価＋必要経費(法定福利費(事業主負担分)、労務管理費、宿舎費等)の参考値,2026-03,2026-03-01,mlit-roumu-r8,参1-参3,https://www.mlit.go.jp/report/press/content/001981942.pdf,PDL1.0,,
d4bd32d8f1271f06,JP,labor,労務単価,防水工,所定労働時間内8時間あたり,人日,pref,05,秋田県,,,,30300,JPY,labor_wage_8h,published_pdl,44800,公共工事設計労務単価＋必要経費(法定福利費(事業主負担分)、労務管理費、宿舎費等)の参考値,2026-03,2026-03-01,mlit-roumu-r8,参1-参3,https://www.mlit.go.jp/report/press/content/001981942.pdf,PDL1.0,,
a0fa52f04c71202c,JP,labor,労務単価,板金工,所定労働時間内8時間あたり,人日,pref,05,秋田県,,,,30300,JPY,labor_wage_8h,published_pdl,44800,公共工事設計労務単価＋必要経費(法定福利費(事業主負担分)、労務管理費、宿舎費等)の参考値,2026-03,2026-03-01,mlit-roumu-r8,参1-参3,https://www.mlit.go.jp/report/press/content/001981942.pdf,PDL1.0,,
ec5932ae32eafcda,JP,labor,労務単価,タイル工,所定労働時間内8時間あたり,人日,pref,05,秋田県,,,,24700,JPY,labor_wage_8h,published_pdl,36500,公共工事設計労務単価＋必要経費(法定福利費(事業主負担分)、労務管理費、宿舎費等)の参考値,2026-03,2026-03-01,mlit-roumu-r8,参1-参3,https://www.mlit.go.jp/report/press/content/001981942.pdf,PDL1.0,,
2cbf7d3ff538c326,JP,labor,労務単価,サッシ工,所定労働時間内8時間あたり,人日,pref,05,秋田県,,,,32300,JPY,labor_wage_8h,published_pdl,47700,公共工事設計労務単価＋必要経費(法定福利費(事業主負担分)、労務管理費、宿舎費等)の参考値,2026-03,2026-03-01,mlit-roumu-r8,参1-参3,https://www.mlit.go.jp/report/press/content/001981942.pdf,PDL1.0,,
4ae7aac18edcc397,JP,labor,労務単価,屋根ふき工,所定労働時間内8時間あたり,人日,pref,05,秋田県,,,,,JPY,labor_wage_8h,not_set,,,2026-03,2026-03-01,mlit-roumu-r8,参1-参3,https://www.mlit.go.jp/report/press/content/001981942.pdf,PDL1.0,,原本の表で『-』(この都道府県ではこの職種の単価を設定していない)
70ab37eac3215443,JP,labor,労務単価,内装工,所定労働時間内8時間あたり,人日,pref,05,秋田県,,,,28400,JPY,labor_wage_8h,published_pdl,41900,公共工事設計労務単価＋必要経費(法定福利費(事業主負担分)、労務管理費、宿舎費等)の参考値,2026-03,2026-03-01,mlit-roumu-r8,参1-参3,https://www.mlit.go.jp/report/press/content/001981942.pdf,PDL1.0,,
856a56a4f04aff2d,JP,labor,労務単価,ガラス工,所定労働時間内8時間あたり,人日,pref,05,秋田県,,,,29200,JPY,labor_wage_8h,published_pdl,43100,公共工事設計労務単価＋必要経費(法定福利費(事業主負担分)、労務管理費、宿舎費等)の参考値,2026-03,2026-03-01,mlit-roumu-r8,参1-参3,https://www.mlit.go.jp/report/press/content/001981942.pdf,PDL1.0,,
484d438c18c1e15a,JP,labor,労務単価,建具工,所定労働時間内8時間あたり,人日,pref,05,秋田県,,,,,JPY,labor_wage_8h,not_set,,,2026-03,2026-03-01,mlit-roumu-r8,参1-参3,https://www.mlit.go.jp/report/press/content/001981942.pdf,PDL1.0,,原本の表で『-』(この都道府県ではこの職種の単価を設定していない)
a85143aacddb659a,JP,labor,労務単価,ダクト工,所定労働時間内8時間あたり,人日,pref,05,秋田県,,,,24600,JPY,labor_wage_8h,published_pdl,36300,公共工事設計労務単価＋必要経費(法定福利費(事業主負担分)、労務管理費、宿舎費等)の参考値,2026-03,2026-03-01,mlit-roumu-r8,参1-参3,https://www.mlit.go.jp/report/press/content/001981942.pdf,PDL1.0,,
73147e654adee87f,JP,labor,労務単価,保温工,所定労働時間内8時間あたり,人日,pref,05,秋田県,,,,27200,JPY,labor_wage_8h,published_pdl,40200,公共工事設計労務単価＋必要経費(法定福利費(事業主負担分)、労務管理費、宿舎費等)の参考値,2026-03,2026-03-01,mlit-roumu-r8,参1-参3,https://www.mlit.go.jp/report/press/content/001981942.pdf,PDL1.0,,
ec47b019dfa4136b,JP,labor,労務単価,設備機械工,所定労働時間内8時間あたり,人日,pref,05,秋田県,,,,27700,JPY,labor_wage_8h,published_pdl,40900,公共工事設計労務単価＋必要経費(法定福利費(事業主負担分)、労務管理費、宿舎費等)の参考値,2026-03,2026-03-01,mlit-roumu-r8,参1-参3,https://www.mlit.go.jp/report/press/content/001981942.pdf,PDL1.0,,
f183497a30dbaaf5,JP,labor,労務単価,交通誘導警備員Ａ,所定労働時間内8時間あたり,人日,pref,05,秋田県,,,,17500,JPY,labor_wage_8h,published_pdl,25800,公共工事設計労務単価＋必要経費(法定福利費(事業主負担分)、労務管理費、宿舎費等)の参考値,2026-03,2026-03-01,mlit-roumu-r8,参1-参3,https://www.mlit.go.jp/report/press/content/001981942.pdf,PDL1.0,,
2c84b04f82a6e799,JP,labor,労務単価,交通誘導警備員Ｂ,所定労働時間内8時間あたり,人日,pref,05,秋田県,,,,14800,JPY,labor_wage_8h,published_pdl,21900,公共工事設計労務単価＋必要経費(法定福利費(事業主負担分)、労務管理費、宿舎費等)の参考値,2026-03,2026-03-01,mlit-roumu-r8,参1-参3,https://www.mlit.go.jp/report/press/content/001981942.pdf,PDL1.0,,
e0fef8c00d0cc391,JP,labor,労務単価,特殊作業員,所定労働時間内8時間あたり,人日,pref,06,山形県,,,,28500,JPY,labor_wage_8h,published_pdl,42100,公共工事設計労務単価＋必要経費(法定福利費(事業主負担分)、労務管理費、宿舎費等)の参考値,2026-03,2026-03-01,mlit-roumu-r8,参1-参3,https://www.mlit.go.jp/report/press/content/001981942.pdf,PDL1.0,,
4cb5a495dc824293,JP,labor,労務単価,普通作業員,所定労働時間内8時間あたり,人日,pref,06,山形県,,,,22500,JPY,labor_wage_8h,published_pdl,33200,公共工事設計労務単価＋必要経費(法定福利費(事業主負担分)、労務管理費、宿舎費等)の参考値,2026-03,2026-03-01,mlit-roumu-r8,参1-参3,https://www.mlit.go.jp/report/press/content/001981942.pdf,PDL1.0,,
44f96c9db3576cbb,JP,labor,労務単価,軽作業員,所定労働時間内8時間あたり,人日,pref,06,山形県,,,,20600,JPY,labor_wage_8h,published_pdl,30400,公共工事設計労務単価＋必要経費(法定福利費(事業主負担分)、労務管理費、宿舎費等)の参考値,2026-03,2026-03-01,mlit-roumu-r8,参1-参3,https://www.mlit.go.jp/report/press/content/001981942.pdf,PDL1.0,,
c9598075cb133c55,JP,labor,労務単価,造園工,所定労働時間内8時間あたり,人日,pref,06,山形県,,,,25600,JPY,labor_wage_8h,published_pdl,37800,公共工事設計労務単価＋必要経費(法定福利費(事業主負担分)、労務管理費、宿舎費等)の参考値,2026-03,2026-03-01,mlit-roumu-r8,参1-参3,https://www.mlit.go.jp/report/press/content/001981942.pdf,PDL1.0,,
e0bfb289cae5148d,JP,labor,労務単価,法面工,所定労働時間内8時間あたり,人日,pref,06,山形県,,,,31600,JPY,labor_wage_8h,published_pdl,46700,公共工事設計労務単価＋必要経費(法定福利費(事業主負担分)、労務管理費、宿舎費等)の参考値,2026-03,2026-03-01,mlit-roumu-r8,参1-参3,https://www.mlit.go.jp/report/press/content/001981942.pdf,PDL1.0,,
a97023764e484fa3,JP,labor,労務単価,とび工,所定労働時間内8時間あたり,人日,pref,06,山形県,,,,31000,JPY,labor_wage_8h,published_pdl,45800,公共工事設計労務単価＋必要経費(法定福利費(事業主負担分)、労務管理費、宿舎費等)の参考値,2026-03,2026-03-01,mlit-roumu-r8,参1-参3,https://www.mlit.go.jp/report/press/content/001981942.pdf,PDL1.0,,
a30ccb12a1a5dbc7,JP,labor,労務単価,石工,所定労働時間内8時間あたり,人日,pref,06,山形県,,,,32700,JPY,labor_wage_8h,published_pdl,48300,公共工事設計労務単価＋必要経費(法定福利費(事業主負担分)、労務管理費、宿舎費等)の参考値,2026-03,2026-03-01,mlit-roumu-r8,参1-参3,https://www.mlit.go.jp/report/press/content/001981942.pdf,PDL1.0,,
3f48de91d9cab145,JP,labor,労務単価,ブロック工,所定労働時間内8時間あたり,人日,pref,06,山形県,,,,30800,JPY,labor_wage_8h,published_pdl,45500,公共工事設計労務単価＋必要経費(法定福利費(事業主負担分)、労務管理費、宿舎費等)の参考値,2026-03,2026-03-01,mlit-roumu-r8,参1-参3,https://www.mlit.go.jp/report/press/content/001981942.pdf,PDL1.0,,
ec5fd9a6299a44b3,JP,labor,労務単価,電工,所定労働時間内8時間あたり,人日,pref,06,山形県,,,,28700,JPY,labor_wage_8h,published_pdl,42400,公共工事設計労務単価＋必要経費(法定福利費(事業主負担分)、労務管理費、宿舎費等)の参考値,2026-03,2026-03-01,mlit-roumu-r8,参1-参3,https://www.mlit.go.jp/report/press/content/001981942.pdf,PDL1.0,,
485064207eb1ab69,JP,labor,労務単価,鉄筋工,所定労働時間内8時間あたり,人日,pref,06,山形県,,,,34100,JPY,labor_wage_8h,published_pdl,50400,公共工事設計労務単価＋必要経費(法定福利費(事業主負担分)、労務管理費、宿舎費等)の参考値,2026-03,2026-03-01,mlit-roumu-r8,参1-参3,https://www.mlit.go.jp/report/press/content/001981942.pdf,PDL1.0,,
7a78c0eaee755131,JP,labor,労務単価,鉄骨工,所定労働時間内8時間あたり,人日,pref,06,山形県,,,,30500,JPY,labor_wage_8h,published_pdl,45000,公共工事設計労務単価＋必要経費(法定福利費(事業主負担分)、労務管理費、宿舎費等)の参考値,2026-03,2026-03-01,mlit-roumu-r8,参1-参3,https://www.mlit.go.jp/report/press/content/001981942.pdf,PDL1.0,,
dec8a3921dfdc2ef,JP,labor,労務単価,塗装工,所定労働時間内8時間あたり,人日,pref,06,山形県,,,,32900,JPY,labor_wage_8h,published_pdl,48600,公共工事設計労務単価＋必要経費(法定福利費(事業主負担分)、労務管理費、宿舎費等)の参考値,2026-03,2026-03-01,mlit-roumu-r8,参1-参3,https://www.mlit.go.jp/report/press/content/001981942.pdf,PDL1.0,,
576b56f3c9b0751c,JP,labor,労務単価,溶接工,所定労働時間内8時間あたり,人日,pref,06,山形県,,,,32600,JPY,labor_wage_8h,published_pdl,48200,公共工事設計労務単価＋必要経費(法定福利費(事業主負担分)、労務管理費、宿舎費等)の参考値,2026-03,2026-03-01,mlit-roumu-r8,参1-参3,https://www.mlit.go.jp/report/press/content/001981942.pdf,PDL1.0,,
0be4d1e6be7cd793,JP,labor,労務単価,運転手（特殊）,所定労働時間内8時間あたり,人日,pref,06,山形県,,,,31300,JPY,labor_wage_8h,published_pdl,46200,公共工事設計労務単価＋必要経費(法定福利費(事業主負担分)、労務管理費、宿舎費等)の参考値,2026-03,2026-03-01,mlit-roumu-r8,参1-参3,https://www.mlit.go.jp/report/press/content/001981942.pdf,PDL1.0,,
07d0b932880d7fc8,JP,labor,労務単価,運転手（一般）,所定労働時間内8時間あたり,人日,pref,06,山形県,,,,27000,JPY,labor_wage_8h,published_pdl,39900,公共工事設計労務単価＋必要経費(法定福利費(事業主負担分)、労務管理費、宿舎費等)の参考値,2026-03,2026-03-01,mlit-roumu-r8,参1-参3,https://www.mlit.go.jp/report/press/content/001981942.pdf,PDL1.0,,
f6778e9c23b62c90,JP,labor,労務単価,潜かん工,所定労働時間内8時間あたり,人日,pref,06,山形県,,,,40500,JPY,labor_wage_8h,published_pdl,59800,公共工事設計労務単価＋必要経費(法定福利費(事業主負担分)、労務管理費、宿舎費等)の参考値,2026-03,2026-03-01,mlit-roumu-r8,参1-参3,https://www.mlit.go.jp/report/press/content/001981942.pdf,PDL1.0,,
19309f48eb8ed285,JP,labor,労務単価,潜かん世話役,所定労働時間内8時間あたり,人日,pref,06,山形県,,,,49700,JPY,labor_wage_8h,published_pdl,73400,公共工事設計労務単価＋必要経費(法定福利費(事業主負担分)、労務管理費、宿舎費等)の参考値,2026-03,2026-03-01,mlit-roumu-r8,参1-参3,https://www.mlit.go.jp/report/press/content/001981942.pdf,PDL1.0,,
6bfa5b5242f893e6,JP,labor,労務単価,さく岩工,所定労働時間内8時間あたり,人日,pref,06,山形県,,,,,JPY,labor_wage_8h,not_set,,,2026-03,2026-03-01,mlit-roumu-r8,参1-参3,https://www.mlit.go.jp/report/press/content/001981942.pdf,PDL1.0,,原本の表で『-』(この都道府県ではこの職種の単価を設定していない)
37cb6e2681a3abfc,JP,labor,労務単価,トンネル特殊工,所定労働時間内8時間あたり,人日,pref,06,山形県,,,,46000,JPY,labor_wage_8h,published_pdl,67900,公共工事設計労務単価＋必要経費(法定福利費(事業主負担分)、労務管理費、宿舎費等)の参考値,2026-03,2026-03-01,mlit-roumu-r8,参1-参3,https://www.mlit.go.jp/report/press/content/001981942.pdf,PDL1.0,,
aa5e10d0b5d039df,JP,labor,労務単価,トンネル作業員,所定労働時間内8時間あたり,人日,pref,06,山形県,,,,33600,JPY,labor_wage_8h,published_pdl,49600,公共工事設計労務単価＋必要経費(法定福利費(事業主負担分)、労務管理費、宿舎費等)の参考値,2026-03,2026-03-01,mlit-roumu-r8,参1-参3,https://www.mlit.go.jp/report/press/content/001981942.pdf,PDL1.0,,
88d5a7f36f7e3131,JP,labor,労務単価,トンネル世話役,所定労働時間内8時間あたり,人日,pref,06,山形県,,,,47300,JPY,labor_wage_8h,published_pdl,69900,公共工事設計労務単価＋必要経費(法定福利費(事業主負担分)、労務管理費、宿舎費等)の参考値,2026-03,2026-03-01,mlit-roumu-r8,参1-参3,https://www.mlit.go.jp/report/press/content/001981942.pdf,PDL1.0,,
d9d7b06bbbb24382,JP,labor,労務単価,橋りょう特殊工,所定労働時間内8時間あたり,人日,pref,06,山形県,,,,35300,JPY,labor_wage_8h,published_pdl,52100,公共工事設計労務単価＋必要経費(法定福利費(事業主負担分)、労務管理費、宿舎費等)の参考値,2026-03,2026-03-01,mlit-roumu-r8,参1-参3,https://www.mlit.go.jp/report/press/content/001981942.pdf,PDL1.0,,
899d96af41c579d2,JP,labor,労務単価,橋りょう塗装工,所定労働時間内8時間あたり,人日,pref,06,山形県,,,,41200,JPY,labor_wage_8h,published_pdl,60900,公共工事設計労務単価＋必要経費(法定福利費(事業主負担分)、労務管理費、宿舎費等)の参考値,2026-03,2026-03-01,mlit-roumu-r8,参1-参3,https://www.mlit.go.jp/report/press/content/001981942.pdf,PDL1.0,,
837f420efd155cdc,JP,labor,労務単価,橋りょう世話役,所定労働時間内8時間あたり,人日,pref,06,山形県,,,,45400,JPY,labor_wage_8h,published_pdl,67100,公共工事設計労務単価＋必要経費(法定福利費(事業主負担分)、労務管理費、宿舎費等)の参考値,2026-03,2026-03-01,mlit-roumu-r8,参1-参3,https://www.mlit.go.jp/report/press/content/001981942.pdf,PDL1.0,,
7eccedbcb7fc61a6,JP,labor,労務単価,土木一般世話役,所定労働時間内8時間あたり,人日,pref,06,山形県,,,,34300,JPY,labor_wage_8h,published_pdl,50700,公共工事設計労務単価＋必要経費(法定福利費(事業主負担分)、労務管理費、宿舎費等)の参考値,2026-03,2026-03-01,mlit-roumu-r8,参1-参3,https://www.mlit.go.jp/report/press/content/001981942.pdf,PDL1.0,,
5f520424306927d9,JP,labor,労務単価,高級船員,所定労働時間内8時間あたり,人日,pref,06,山形県,,,,34500,JPY,labor_wage_8h,published_pdl,51000,公共工事設計労務単価＋必要経費(法定福利費(事業主負担分)、労務管理費、宿舎費等)の参考値,2026-03,2026-03-01,mlit-roumu-r8,参1-参3,https://www.mlit.go.jp/report/press/content/001981942.pdf,PDL1.0,,
884ddee36bf343cc,JP,labor,労務単価,普通船員,所定労働時間内8時間あたり,人日,pref,06,山形県,,,,29500,JPY,labor_wage_8h,published_pdl,43600,公共工事設計労務単価＋必要経費(法定福利費(事業主負担分)、労務管理費、宿舎費等)の参考値,2026-03,2026-03-01,mlit-roumu-r8,参1-参3,https://www.mlit.go.jp/report/press/content/001981942.pdf,PDL1.0,,
220f272e6784df83,JP,labor,労務単価,潜水士,所定労働時間内8時間あたり,人日,pref,06,山形県,,,,60100,JPY,labor_wage_8h,published_pdl,88800,公共工事設計労務単価＋必要経費(法定福利費(事業主負担分)、労務管理費、宿舎費等)の参考値,2026-03,2026-03-01,mlit-roumu-r8,参1-参3,https://www.mlit.go.jp/report/press/content/001981942.pdf,PDL1.0,,
724c7dc96b30f3aa,JP,labor,労務単価,潜水連絡員,所定労働時間内8時間あたり,人日,pref,06,山形県,,,,37400,JPY,labor_wage_8h,published_pdl,55200,公共工事設計労務単価＋必要経費(法定福利費(事業主負担分)、労務管理費、宿舎費等)の参考値,2026-03,2026-03-01,mlit-roumu-r8,参1-参3,https://www.mlit.go.jp/report/press/content/001981942.pdf,PDL1.0,,
1c42742dd7e414a7,JP,labor,労務単価,潜水送気員,所定労働時間内8時間あたり,人日,pref,06,山形県,,,,37200,JPY,labor_wage_8h,published_pdl,54900,公共工事設計労務単価＋必要経費(法定福利費(事業主負担分)、労務管理費、宿舎費等)の参考値,2026-03,2026-03-01,mlit-roumu-r8,参1-参3,https://www.mlit.go.jp/report/press/content/001981942.pdf,PDL1.0,,
361c803e8257cb45,JP,labor,労務単価,山林砂防工,所定労働時間内8時間あたり,人日,pref,06,山形県,,,,,JPY,labor_wage_8h,not_set,,,2026-03,2026-03-01,mlit-roumu-r8,参1-参3,https://www.mlit.go.jp/report/press/content/001981942.pdf,PDL1.0,,原本の表で『-』(この都道府県ではこの職種の単価を設定していない)
fdfa94c683416342,JP,labor,労務単価,軌道工,所定労働時間内8時間あたり,人日,pref,06,山形県,,,,37300,JPY,labor_wage_8h,published_pdl,55100,公共工事設計労務単価＋必要経費(法定福利費(事業主負担分)、労務管理費、宿舎費等)の参考値,2026-03,2026-03-01,mlit-roumu-r8,参1-参3,https://www.mlit.go.jp/report/press/content/001981942.pdf,PDL1.0,,
751edb1593b4c732,JP,labor,労務単価,型わく工,所定労働時間内8時間あたり,人日,pref,06,山形県,,,,32900,JPY,labor_wage_8h,published_pdl,48600,公共工事設計労務単価＋必要経費(法定福利費(事業主負担分)、労務管理費、宿舎費等)の参考値,2026-03,2026-03-01,mlit-roumu-r8,参1-参3,https://www.mlit.go.jp/report/press/content/001981942.pdf,PDL1.0,,
aec9995fd736d18a,JP,labor,労務単価,大工,所定労働時間内8時間あたり,人日,pref,06,山形県,,,,29900,JPY,labor_wage_8h,published_pdl,44200,公共工事設計労務単価＋必要経費(法定福利費(事業主負担分)、労務管理費、宿舎費等)の参考値,2026-03,2026-03-01,mlit-roumu-r8,参1-参3,https://www.mlit.go.jp/report/press/content/001981942.pdf,PDL1.0,,
8d483b347419daa8,JP,labor,労務単価,左官,所定労働時間内8時間あたり,人日,pref,06,山形県,,,,32700,JPY,labor_wage_8h,published_pdl,48300,公共工事設計労務単価＋必要経費(法定福利費(事業主負担分)、労務管理費、宿舎費等)の参考値,2026-03,2026-03-01,mlit-roumu-r8,参1-参3,https://www.mlit.go.jp/report/press/content/001981942.pdf,PDL1.0,,
91b45b5e2062ac08,JP,labor,労務単価,配管工,所定労働時間内8時間あたり,人日,pref,06,山形県,,,,28000,JPY,labor_wage_8h,published_pdl,41400,公共工事設計労務単価＋必要経費(法定福利費(事業主負担分)、労務管理費、宿舎費等)の参考値,2026-03,2026-03-01,mlit-roumu-r8,参1-参3,https://www.mlit.go.jp/report/press/content/001981942.pdf,PDL1.0,,
df5682a836e36923,JP,labor,労務単価,はつり工,所定労働時間内8時間あたり,人日,pref,06,山形県,,,,30500,JPY,labor_wage_8h,published_pdl,45000,公共工事設計労務単価＋必要経費(法定福利費(事業主負担分)、労務管理費、宿舎費等)の参考値,2026-03,2026-03-01,mlit-roumu-r8,参1-参3,https://www.mlit.go.jp/report/press/content/001981942.pdf,PDL1.0,,
bf86cfcfd49a104f,JP,labor,労務単価,防水工,所定労働時間内8時間あたり,人日,pref,06,山形県,,,,33900,JPY,labor_wage_8h,published_pdl,50100,公共工事設計労務単価＋必要経費(法定福利費(事業主負担分)、労務管理費、宿舎費等)の参考値,2026-03,2026-03-01,mlit-roumu-r8,参1-参3,https://www.mlit.go.jp/report/press/content/001981942.pdf,PDL1.0,,
b675b135426d9784,JP,labor,労務単価,板金工,所定労働時間内8時間あたり,人日,pref,06,山形県,,,,31300,JPY,labor_wage_8h,published_pdl,46200,公共工事設計労務単価＋必要経費(法定福利費(事業主負担分)、労務管理費、宿舎費等)の参考値,2026-03,2026-03-01,mlit-roumu-r8,参1-参3,https://www.mlit.go.jp/report/press/content/001981942.pdf,PDL1.0,,
e7103841db797bc0,JP,labor,労務単価,タイル工,所定労働時間内8時間あたり,人日,pref,06,山形県,,,,24700,JPY,labor_wage_8h,published_pdl,36500,公共工事設計労務単価＋必要経費(法定福利費(事業主負担分)、労務管理費、宿舎費等)の参考値,2026-03,2026-03-01,mlit-roumu-r8,参1-参3,https://www.mlit.go.jp/report/press/content/001981942.pdf,PDL1.0,,
6ab3e61915b94f58,JP,labor,労務単価,サッシ工,所定労働時間内8時間あたり,人日,pref,06,山形県,,,,31600,JPY,labor_wage_8h,published_pdl,46700,公共工事設計労務単価＋必要経費(法定福利費(事業主負担分)、労務管理費、宿舎費等)の参考値,2026-03,2026-03-01,mlit-roumu-r8,参1-参3,https://www.mlit.go.jp/report/press/content/001981942.pdf,PDL1.0,,
907b908ca4ebc8c3,JP,labor,労務単価,屋根ふき工,所定労働時間内8時間あたり,人日,pref,06,山形県,,,,,JPY,labor_wage_8h,not_set,,,2026-03,2026-03-01,mlit-roumu-r8,参1-参3,https://www.mlit.go.jp/report/press/content/001981942.pdf,PDL1.0,,原本の表で『-』(この都道府県ではこの職種の単価を設定していない)
9b35ffcca04319ea,JP,labor,労務単価,内装工,所定労働時間内8時間あたり,人日,pref,06,山形県,,,,29900,JPY,labor_wage_8h,published_pdl,44200,公共工事設計労務単価＋必要経費(法定福利費(事業主負担分)、労務管理費、宿舎費等)の参考値,2026-03,2026-03-01,mlit-roumu-r8,参1-参3,https://www.mlit.go.jp/report/press/content/001981942.pdf,PDL1.0,,
822582d0cee304bf,JP,labor,労務単価,ガラス工,所定労働時間内8時間あたり,人日,pref,06,山形県,,,,29100,JPY,labor_wage_8h,published_pdl,43000,公共工事設計労務単価＋必要経費(法定福利費(事業主負担分)、労務管理費、宿舎費等)の参考値,2026-03,2026-03-01,mlit-roumu-r8,参1-参3,https://www.mlit.go.jp/report/press/content/001981942.pdf,PDL1.0,,
61e1b9ca1e492692,JP,labor,労務単価,建具工,所定労働時間内8時間あたり,人日,pref,06,山形県,,,,27800,JPY,labor_wage_8h,published_pdl,41100,公共工事設計労務単価＋必要経費(法定福利費(事業主負担分)、労務管理費、宿舎費等)の参考値,2026-03,2026-03-01,mlit-roumu-r8,参1-参3,https://www.mlit.go.jp/report/press/content/001981942.pdf,PDL1.0,,
2272cc9469613d26,JP,labor,労務単価,ダクト工,所定労働時間内8時間あたり,人日,pref,06,山形県,,,,26100,JPY,labor_wage_8h,published_pdl,38500,公共工事設計労務単価＋必要経費(法定福利費(事業主負担分)、労務管理費、宿舎費等)の参考値,2026-03,2026-03-01,mlit-roumu-r8,参1-参3,https://www.mlit.go.jp/report/press/content/001981942.pdf,PDL1.0,,
044f798439d62d7b,JP,labor,労務単価,保温工,所定労働時間内8時間あたり,人日,pref,06,山形県,,,,27100,JPY,labor_wage_8h,published_pdl,40000,公共工事設計労務単価＋必要経費(法定福利費(事業主負担分)、労務管理費、宿舎費等)の参考値,2026-03,2026-03-01,mlit-roumu-r8,参1-参3,https://www.mlit.go.jp/report/press/content/001981942.pdf,PDL1.0,,
46fae8f798045d47,JP,labor,労務単価,設備機械工,所定労働時間内8時間あたり,人日,pref,06,山形県,,,,27600,JPY,labor_wage_8h,published_pdl,40800,公共工事設計労務単価＋必要経費(法定福利費(事業主負担分)、労務管理費、宿舎費等)の参考値,2026-03,2026-03-01,mlit-roumu-r8,参1-参3,https://www.mlit.go.jp/report/press/content/001981942.pdf,PDL1.0,,
b10e29bf24ef2caf,JP,labor,労務単価,交通誘導警備員Ａ,所定労働時間内8時間あたり,人日,pref,06,山形県,,,,19800,JPY,labor_wage_8h,published_pdl,29200,公共工事設計労務単価＋必要経費(法定福利費(事業主負担分)、労務管理費、宿舎費等)の参考値,2026-03,2026-03-01,mlit-roumu-r8,参1-参3,https://www.mlit.go.jp/report/press/content/001981942.pdf,PDL1.0,,
237b47fa59b4369f,JP,labor,労務単価,交通誘導警備員Ｂ,所定労働時間内8時間あたり,人日,pref,06,山形県,,,,16600,JPY,labor_wage_8h,published_pdl,24500,公共工事設計労務単価＋必要経費(法定福利費(事業主負担分)、労務管理費、宿舎費等)の参考値,2026-03,2026-03-01,mlit-roumu-r8,参1-参3,https://www.mlit.go.jp/report/press/content/001981942.pdf,PDL1.0,,
5b85c2598745fc9e,JP,labor,労務単価,特殊作業員,所定労働時間内8時間あたり,人日,pref,07,福島県,,,,30600,JPY,labor_wage_8h,published_pdl,45200,公共工事設計労務単価＋必要経費(法定福利費(事業主負担分)、労務管理費、宿舎費等)の参考値,2026-03,2026-03-01,mlit-roumu-r8,参1-参3,https://www.mlit.go.jp/report/press/content/001981942.pdf,PDL1.0,,
38c293de1b043f5f,JP,labor,労務単価,普通作業員,所定労働時間内8時間あたり,人日,pref,07,福島県,,,,23700,JPY,labor_wage_8h,published_pdl,35000,公共工事設計労務単価＋必要経費(法定福利費(事業主負担分)、労務管理費、宿舎費等)の参考値,2026-03,2026-03-01,mlit-roumu-r8,参1-参3,https://www.mlit.go.jp/report/press/content/001981942.pdf,PDL1.0,,
32f799a4b7f07012,JP,labor,労務単価,軽作業員,所定労働時間内8時間あたり,人日,pref,07,福島県,,,,22200,JPY,labor_wage_8h,published_pdl,32800,公共工事設計労務単価＋必要経費(法定福利費(事業主負担分)、労務管理費、宿舎費等)の参考値,2026-03,2026-03-01,mlit-roumu-r8,参1-参3,https://www.mlit.go.jp/report/press/content/001981942.pdf,PDL1.0,,
24b6d6ad58fca9a2,JP,labor,労務単価,造園工,所定労働時間内8時間あたり,人日,pref,07,福島県,,,,26400,JPY,labor_wage_8h,published_pdl,39000,公共工事設計労務単価＋必要経費(法定福利費(事業主負担分)、労務管理費、宿舎費等)の参考値,2026-03,2026-03-01,mlit-roumu-r8,参1-参3,https://www.mlit.go.jp/report/press/content/001981942.pdf,PDL1.0,,
1c8aacfd85dea265,JP,labor,労務単価,法面工,所定労働時間内8時間あたり,人日,pref,07,福島県,,,,34900,JPY,labor_wage_8h,published_pdl,51500,公共工事設計労務単価＋必要経費(法定福利費(事業主負担分)、労務管理費、宿舎費等)の参考値,2026-03,2026-03-01,mlit-roumu-r8,参1-参3,https://www.mlit.go.jp/report/press/content/001981942.pdf,PDL1.0,,
b1a9f7997dd97cbb,JP,labor,労務単価,とび工,所定労働時間内8時間あたり,人日,pref,07,福島県,,,,34000,JPY,labor_wage_8h,published_pdl,50200,公共工事設計労務単価＋必要経費(法定福利費(事業主負担分)、労務管理費、宿舎費等)の参考値,2026-03,2026-03-01,mlit-roumu-r8,参1-参3,https://www.mlit.go.jp/report/press/content/001981942.pdf,PDL1.0,,
c2a62262bfbc3ef8,JP,labor,労務単価,石工,所定労働時間内8時間あたり,人日,pref,07,福島県,,,,34600,JPY,labor_wage_8h,published_pdl,51100,公共工事設計労務単価＋必要経費(法定福利費(事業主負担分)、労務管理費、宿舎費等)の参考値,2026-03,2026-03-01,mlit-roumu-r8,参1-参3,https://www.mlit.go.jp/report/press/content/001981942.pdf,PDL1.0,,
c3b9c91b0c9739ac,JP,labor,労務単価,ブロック工,所定労働時間内8時間あたり,人日,pref,07,福島県,,,,31400,JPY,labor_wage_8h,published_pdl,46400,公共工事設計労務単価＋必要経費(法定福利費(事業主負担分)、労務管理費、宿舎費等)の参考値,2026-03,2026-03-01,mlit-roumu-r8,参1-参3,https://www.mlit.go.jp/report/press/content/001981942.pdf,PDL1.0,,
f2040928713c8362,JP,labor,労務単価,電工,所定労働時間内8時間あたり,人日,pref,07,福島県,,,,29600,JPY,labor_wage_8h,published_pdl,43700,公共工事設計労務単価＋必要経費(法定福利費(事業主負担分)、労務管理費、宿舎費等)の参考値,2026-03,2026-03-01,mlit-roumu-r8,参1-参3,https://www.mlit.go.jp/report/press/content/001981942.pdf,PDL1.0,,
5039534590febc3e,JP,labor,労務単価,鉄筋工,所定労働時間内8時間あたり,人日,pref,07,福島県,,,,34700,JPY,labor_wage_8h,published_pdl,51300,公共工事設計労務単価＋必要経費(法定福利費(事業主負担分)、労務管理費、宿舎費等)の参考値,2026-03,2026-03-01,mlit-roumu-r8,参1-参3,https://www.mlit.go.jp/report/press/content/001981942.pdf,PDL1.0,,
f35ad5b94005a48e,JP,labor,労務単価,鉄骨工,所定労働時間内8時間あたり,人日,pref,07,福島県,,,,30600,JPY,labor_wage_8h,published_pdl,45200,公共工事設計労務単価＋必要経費(法定福利費(事業主負担分)、労務管理費、宿舎費等)の参考値,2026-03,2026-03-01,mlit-roumu-r8,参1-参3,https://www.mlit.go.jp/report/press/content/001981942.pdf,PDL1.0,,
a7bb67bd05af1cdd,JP,labor,労務単価,塗装工,所定労働時間内8時間あたり,人日,pref,07,福島県,,,,33300,JPY,labor_wage_8h,published_pdl,49200,公共工事設計労務単価＋必要経費(法定福利費(事業主負担分)、労務管理費、宿舎費等)の参考値,2026-03,2026-03-01,mlit-roumu-r8,参1-参3,https://www.mlit.go.jp/report/press/content/001981942.pdf,PDL1.0,,
0f4e82693e91dc8e,JP,labor,労務単価,溶接工,所定労働時間内8時間あたり,人日,pref,07,福島県,,,,32700,JPY,labor_wage_8h,published_pdl,48300,公共工事設計労務単価＋必要経費(法定福利費(事業主負担分)、労務管理費、宿舎費等)の参考値,2026-03,2026-03-01,mlit-roumu-r8,参1-参3,https://www.mlit.go.jp/report/press/content/001981942.pdf,PDL1.0,,
d66b47f915eed640,JP,labor,労務単価,運転手（特殊）,所定労働時間内8時間あたり,人日,pref,07,福島県,,,,30200,JPY,labor_wage_8h,published_pdl,44600,公共工事設計労務単価＋必要経費(法定福利費(事業主負担分)、労務管理費、宿舎費等)の参考値,2026-03,2026-03-01,mlit-roumu-r8,参1-参3,https://www.mlit.go.jp/report/press/content/001981942.pdf,PDL1.0,,
03df2548c2466db1,JP,labor,労務単価,運転手（一般）,所定労働時間内8時間あたり,人日,pref,07,福島県,,,,25800,JPY,labor_wage_8h,published_pdl,38100,公共工事設計労務単価＋必要経費(法定福利費(事業主負担分)、労務管理費、宿舎費等)の参考値,2026-03,2026-03-01,mlit-roumu-r8,参1-参3,https://www.mlit.go.jp/report/press/content/001981942.pdf,PDL1.0,,
50abea96f45abe42,JP,labor,労務単価,潜かん工,所定労働時間内8時間あたり,人日,pref,07,福島県,,,,40500,JPY,labor_wage_8h,published_pdl,59800,公共工事設計労務単価＋必要経費(法定福利費(事業主負担分)、労務管理費、宿舎費等)の参考値,2026-03,2026-03-01,mlit-roumu-r8,参1-参3,https://www.mlit.go.jp/report/press/content/001981942.pdf,PDL1.0,,
0a3f3f4ce2dca626,JP,labor,労務単価,潜かん世話役,所定労働時間内8時間あたり,人日,pref,07,福島県,,,,49600,JPY,labor_wage_8h,published_pdl,73300,公共工事設計労務単価＋必要経費(法定福利費(事業主負担分)、労務管理費、宿舎費等)の参考値,2026-03,2026-03-01,mlit-roumu-r8,参1-参3,https://www.mlit.go.jp/report/press/content/001981942.pdf,PDL1.0,,
42bcf51bf8579fd1,JP,labor,労務単価,さく岩工,所定労働時間内8時間あたり,人日,pref,07,福島県,,,,,JPY,labor_wage_8h,not_set,,,2026-03,2026-03-01,mlit-roumu-r8,参1-参3,https://www.mlit.go.jp/report/press/content/001981942.pdf,PDL1.0,,原本の表で『-』(この都道府県ではこの職種の単価を設定していない)
084cfadef81e0748,JP,labor,労務単価,トンネル特殊工,所定労働時間内8時間あたり,人日,pref,07,福島県,,,,46200,JPY,labor_wage_8h,published_pdl,68200,公共工事設計労務単価＋必要経費(法定福利費(事業主負担分)、労務管理費、宿舎費等)の参考値,2026-03,2026-03-01,mlit-roumu-r8,参1-参3,https://www.mlit.go.jp/report/press/content/001981942.pdf,PDL1.0,,
e5a40f6f99128fb0,JP,labor,労務単価,トンネル作業員,所定労働時間内8時間あたり,人日,pref,07,福島県,,,,33300,JPY,labor_wage_8h,published_pdl,49200,公共工事設計労務単価＋必要経費(法定福利費(事業主負担分)、労務管理費、宿舎費等)の参考値,2026-03,2026-03-01,mlit-roumu-r8,参1-参3,https://www.mlit.go.jp/report/press/content/001981942.pdf,PDL1.0,,
95abc7f4cf8d1145,JP,labor,労務単価,トンネル世話役,所定労働時間内8時間あたり,人日,pref,07,福島県,,,,47500,JPY,labor_wage_8h,published_pdl,70200,公共工事設計労務単価＋必要経費(法定福利費(事業主負担分)、労務管理費、宿舎費等)の参考値,2026-03,2026-03-01,mlit-roumu-r8,参1-参3,https://www.mlit.go.jp/report/press/content/001981942.pdf,PDL1.0,,
90ad6239ced32978,JP,labor,労務単価,橋りょう特殊工,所定労働時間内8時間あたり,人日,pref,07,福島県,,,,35100,JPY,labor_wage_8h,published_pdl,51800,公共工事設計労務単価＋必要経費(法定福利費(事業主負担分)、労務管理費、宿舎費等)の参考値,2026-03,2026-03-01,mlit-roumu-r8,参1-参3,https://www.mlit.go.jp/report/press/content/001981942.pdf,PDL1.0,,
99ffc74c547c02ab,JP,labor,労務単価,橋りょう塗装工,所定労働時間内8時間あたり,人日,pref,07,福島県,,,,41500,JPY,labor_wage_8h,published_pdl,61300,公共工事設計労務単価＋必要経費(法定福利費(事業主負担分)、労務管理費、宿舎費等)の参考値,2026-03,2026-03-01,mlit-roumu-r8,参1-参3,https://www.mlit.go.jp/report/press/content/001981942.pdf,PDL1.0,,
344b9617b8cfd4ee,JP,labor,労務単価,橋りょう世話役,所定労働時間内8時間あたり,人日,pref,07,福島県,,,,45700,JPY,labor_wage_8h,published_pdl,67500,公共工事設計労務単価＋必要経費(法定福利費(事業主負担分)、労務管理費、宿舎費等)の参考値,2026-03,2026-03-01,mlit-roumu-r8,参1-参3,https://www.mlit.go.jp/report/press/content/001981942.pdf,PDL1.0,,
341df5ce5839282c,JP,labor,労務単価,土木一般世話役,所定労働時間内8時間あたり,人日,pref,07,福島県,,,,32600,JPY,labor_wage_8h,published_pdl,48200,公共工事設計労務単価＋必要経費(法定福利費(事業主負担分)、労務管理費、宿舎費等)の参考値,2026-03,2026-03-01,mlit-roumu-r8,参1-参3,https://www.mlit.go.jp/report/press/content/001981942.pdf,PDL1.0,,
14fc425ea72b24d0,JP,labor,労務単価,高級船員,所定労働時間内8時間あたり,人日,pref,07,福島県,,,,34700,JPY,labor_wage_8h,published_pdl,51300,公共工事設計労務単価＋必要経費(法定福利費(事業主負担分)、労務管理費、宿舎費等)の参考値,2026-03,2026-03-01,mlit-roumu-r8,参1-参3,https://www.mlit.go.jp/report/press/content/001981942.pdf,PDL1.0,,
eea566a0e7856cf9,JP,labor,労務単価,普通船員,所定労働時間内8時間あたり,人日,pref,07,福島県,,,,29700,JPY,labor_wage_8h,published_pdl,43900,公共工事設計労務単価＋必要経費(法定福利費(事業主負担分)、労務管理費、宿舎費等)の参考値,2026-03,2026-03-01,mlit-roumu-r8,参1-参3,https://www.mlit.go.jp/report/press/content/001981942.pdf,PDL1.0,,
97e5b3de158efb18,JP,labor,労務単価,潜水士,所定労働時間内8時間あたり,人日,pref,07,福島県,,,,60500,JPY,labor_wage_8h,published_pdl,89400,公共工事設計労務単価＋必要経費(法定福利費(事業主負担分)、労務管理費、宿舎費等)の参考値,2026-03,2026-03-01,mlit-roumu-r8,参1-参3,https://www.mlit.go.jp/report/press/content/001981942.pdf,PDL1.0,,
26801ffb03ef4264,JP,labor,労務単価,潜水連絡員,所定労働時間内8時間あたり,人日,pref,07,福島県,,,,37700,JPY,labor_wage_8h,published_pdl,55700,公共工事設計労務単価＋必要経費(法定福利費(事業主負担分)、労務管理費、宿舎費等)の参考値,2026-03,2026-03-01,mlit-roumu-r8,参1-参3,https://www.mlit.go.jp/report/press/content/001981942.pdf,PDL1.0,,
628931436e53c063,JP,labor,労務単価,潜水送気員,所定労働時間内8時間あたり,人日,pref,07,福島県,,,,37800,JPY,labor_wage_8h,published_pdl,55800,公共工事設計労務単価＋必要経費(法定福利費(事業主負担分)、労務管理費、宿舎費等)の参考値,2026-03,2026-03-01,mlit-roumu-r8,参1-参3,https://www.mlit.go.jp/report/press/content/001981942.pdf,PDL1.0,,
74a36d9c74ed33a7,JP,labor,労務単価,山林砂防工,所定労働時間内8時間あたり,人日,pref,07,福島県,,,,,JPY,labor_wage_8h,not_set,,,2026-03,2026-03-01,mlit-roumu-r8,参1-参3,https://www.mlit.go.jp/report/press/content/001981942.pdf,PDL1.0,,原本の表で『-』(この都道府県ではこの職種の単価を設定していない)
1a8be969e0adc5a4,JP,labor,労務単価,軌道工,所定労働時間内8時間あたり,人日,pref,07,福島県,,,,46000,JPY,labor_wage_8h,published_pdl,67900,公共工事設計労務単価＋必要経費(法定福利費(事業主負担分)、労務管理費、宿舎費等)の参考値,2026-03,2026-03-01,mlit-roumu-r8,参1-参3,https://www.mlit.go.jp/report/press/content/001981942.pdf,PDL1.0,,
e28bda5755832fc0,JP,labor,労務単価,型わく工,所定労働時間内8時間あたり,人日,pref,07,福島県,,,,30800,JPY,labor_wage_8h,published_pdl,45500,公共工事設計労務単価＋必要経費(法定福利費(事業主負担分)、労務管理費、宿舎費等)の参考値,2026-03,2026-03-01,mlit-roumu-r8,参1-参3,https://www.mlit.go.jp/report/press/content/001981942.pdf,PDL1.0,,
5873555af4c38931,JP,labor,労務単価,大工,所定労働時間内8時間あたり,人日,pref,07,福島県,,,,33500,JPY,labor_wage_8h,published_pdl,49500,公共工事設計労務単価＋必要経費(法定福利費(事業主負担分)、労務管理費、宿舎費等)の参考値,2026-03,2026-03-01,mlit-roumu-r8,参1-参3,https://www.mlit.go.jp/report/press/content/001981942.pdf,PDL1.0,,
5fc441f9f690615a,JP,labor,労務単価,左官,所定労働時間内8時間あたり,人日,pref,07,福島県,,,,33000,JPY,labor_wage_8h,published_pdl,48700,公共工事設計労務単価＋必要経費(法定福利費(事業主負担分)、労務管理費、宿舎費等)の参考値,2026-03,2026-03-01,mlit-roumu-r8,参1-参3,https://www.mlit.go.jp/report/press/content/001981942.pdf,PDL1.0,,
274143e9e93edfa2,JP,labor,労務単価,配管工,所定労働時間内8時間あたり,人日,pref,07,福島県,,,,28700,JPY,labor_wage_8h,published_pdl,42400,公共工事設計労務単価＋必要経費(法定福利費(事業主負担分)、労務管理費、宿舎費等)の参考値,2026-03,2026-03-01,mlit-roumu-r8,参1-参3,https://www.mlit.go.jp/report/press/content/001981942.pdf,PDL1.0,,
57f9a64b3aa8d347,JP,labor,労務単価,はつり工,所定労働時間内8時間あたり,人日,pref,07,福島県,,,,30600,JPY,labor_wage_8h,published_pdl,45200,公共工事設計労務単価＋必要経費(法定福利費(事業主負担分)、労務管理費、宿舎費等)の参考値,2026-03,2026-03-01,mlit-roumu-r8,参1-参3,https://www.mlit.go.jp/report/press/content/001981942.pdf,PDL1.0,,
4f3be5bb7a43a9db,JP,labor,労務単価,防水工,所定労働時間内8時間あたり,人日,pref,07,福島県,,,,33700,JPY,labor_wage_8h,published_pdl,49800,公共工事設計労務単価＋必要経費(法定福利費(事業主負担分)、労務管理費、宿舎費等)の参考値,2026-03,2026-03-01,mlit-roumu-r8,参1-参3,https://www.mlit.go.jp/report/press/content/001981942.pdf,PDL1.0,,
27a88849229a9fb0,JP,labor,労務単価,板金工,所定労働時間内8時間あたり,人日,pref,07,福島県,,,,32100,JPY,labor_wage_8h,published_pdl,47400,公共工事設計労務単価＋必要経費(法定福利費(事業主負担分)、労務管理費、宿舎費等)の参考値,2026-03,2026-03-01,mlit-roumu-r8,参1-参3,https://www.mlit.go.jp/report/press/content/001981942.pdf,PDL1.0,,
160b9d7f28f97f73,JP,labor,労務単価,タイル工,所定労働時間内8時間あたり,人日,pref,07,福島県,,,,24800,JPY,labor_wage_8h,published_pdl,36600,公共工事設計労務単価＋必要経費(法定福利費(事業主負担分)、労務管理費、宿舎費等)の参考値,2026-03,2026-03-01,mlit-roumu-r8,参1-参3,https://www.mlit.go.jp/report/press/content/001981942.pdf,PDL1.0,,
25fdfbd82be5c5af,JP,labor,労務単価,サッシ工,所定労働時間内8時間あたり,人日,pref,07,福島県,,,,32500,JPY,labor_wage_8h,published_pdl,48000,公共工事設計労務単価＋必要経費(法定福利費(事業主負担分)、労務管理費、宿舎費等)の参考値,2026-03,2026-03-01,mlit-roumu-r8,参1-参3,https://www.mlit.go.jp/report/press/content/001981942.pdf,PDL1.0,,
7b84bcab685fbcb4,JP,labor,労務単価,屋根ふき工,所定労働時間内8時間あたり,人日,pref,07,福島県,,,,,JPY,labor_wage_8h,not_set,,,2026-03,2026-03-01,mlit-roumu-r8,参1-参3,https://www.mlit.go.jp/report/press/content/001981942.pdf,PDL1.0,,原本の表で『-』(この都道府県ではこの職種の単価を設定していない)
ff9a31253fc680c6,JP,labor,労務単価,内装工,所定労働時間内8時間あたり,人日,pref,07,福島県,,,,31000,JPY,labor_wage_8h,published_pdl,45800,公共工事設計労務単価＋必要経費(法定福利費(事業主負担分)、労務管理費、宿舎費等)の参考値,2026-03,2026-03-01,mlit-roumu-r8,参1-参3,https://www.mlit.go.jp/report/press/content/001981942.pdf,PDL1.0,,
1b877b48b44bb701,JP,labor,労務単価,ガラス工,所定労働時間内8時間あたり,人日,pref,07,福島県,,,,29300,JPY,labor_wage_8h,published_pdl,43300,公共工事設計労務単価＋必要経費(法定福利費(事業主負担分)、労務管理費、宿舎費等)の参考値,2026-03,2026-03-01,mlit-roumu-r8,参1-参3,https://www.mlit.go.jp/report/press/content/001981942.pdf,PDL1.0,,
89d14b2753c5fb6d,JP,labor,労務単価,建具工,所定労働時間内8時間あたり,人日,pref,07,福島県,,,,29700,JPY,labor_wage_8h,published_pdl,43900,公共工事設計労務単価＋必要経費(法定福利費(事業主負担分)、労務管理費、宿舎費等)の参考値,2026-03,2026-03-01,mlit-roumu-r8,参1-参3,https://www.mlit.go.jp/report/press/content/001981942.pdf,PDL1.0,,
3f9e903f9be3bc0c,JP,labor,労務単価,ダクト工,所定労働時間内8時間あたり,人日,pref,07,福島県,,,,25900,JPY,labor_wage_8h,published_pdl,38300,公共工事設計労務単価＋必要経費(法定福利費(事業主負担分)、労務管理費、宿舎費等)の参考値,2026-03,2026-03-01,mlit-roumu-r8,参1-参3,https://www.mlit.go.jp/report/press/content/001981942.pdf,PDL1.0,,
d85c005ce9b2c584,JP,labor,労務単価,保温工,所定労働時間内8時間あたり,人日,pref,07,福島県,,,,27300,JPY,labor_wage_8h,published_pdl,40300,公共工事設計労務単価＋必要経費(法定福利費(事業主負担分)、労務管理費、宿舎費等)の参考値,2026-03,2026-03-01,mlit-roumu-r8,参1-参3,https://www.mlit.go.jp/report/press/content/001981942.pdf,PDL1.0,,
43e6ec3a9022e95b,JP,labor,労務単価,設備機械工,所定労働時間内8時間あたり,人日,pref,07,福島県,,,,27700,JPY,labor_wage_8h,published_pdl,40900,公共工事設計労務単価＋必要経費(法定福利費(事業主負担分)、労務管理費、宿舎費等)の参考値,2026-03,2026-03-01,mlit-roumu-r8,参1-参3,https://www.mlit.go.jp/report/press/content/001981942.pdf,PDL1.0,,
46521f852fc745bf,JP,labor,労務単価,交通誘導警備員Ａ,所定労働時間内8時間あたり,人日,pref,07,福島県,,,,20200,JPY,labor_wage_8h,published_pdl,29800,公共工事設計労務単価＋必要経費(法定福利費(事業主負担分)、労務管理費、宿舎費等)の参考値,2026-03,2026-03-01,mlit-roumu-r8,参1-参3,https://www.mlit.go.jp/report/press/content/001981942.pdf,PDL1.0,,
42157927c8791cc8,JP,labor,労務単価,交通誘導警備員Ｂ,所定労働時間内8時間あたり,人日,pref,07,福島県,,,,16900,JPY,labor_wage_8h,published_pdl,25000,公共工事設計労務単価＋必要経費(法定福利費(事業主負担分)、労務管理費、宿舎費等)の参考値,2026-03,2026-03-01,mlit-roumu-r8,参1-参3,https://www.mlit.go.jp/report/press/content/001981942.pdf,PDL1.0,,
41c4a2632688a548,JP,labor,労務単価,特殊作業員,所定労働時間内8時間あたり,人日,pref,08,茨城県,,,,27200,JPY,labor_wage_8h,published_pdl,40200,公共工事設計労務単価＋必要経費(法定福利費(事業主負担分)、労務管理費、宿舎費等)の参考値,2026-03,2026-03-01,mlit-roumu-r8,参1-参3,https://www.mlit.go.jp/report/press/content/001981942.pdf,PDL1.0,,
70b7d273017045ee,JP,labor,労務単価,普通作業員,所定労働時間内8時間あたり,人日,pref,08,茨城県,,,,25400,JPY,labor_wage_8h,published_pdl,37500,公共工事設計労務単価＋必要経費(法定福利費(事業主負担分)、労務管理費、宿舎費等)の参考値,2026-03,2026-03-01,mlit-roumu-r8,参1-参3,https://www.mlit.go.jp/report/press/content/001981942.pdf,PDL1.0,,
ccad159496f02cc6,JP,labor,労務単価,軽作業員,所定労働時間内8時間あたり,人日,pref,08,茨城県,,,,17100,JPY,labor_wage_8h,published_pdl,25300,公共工事設計労務単価＋必要経費(法定福利費(事業主負担分)、労務管理費、宿舎費等)の参考値,2026-03,2026-03-01,mlit-roumu-r8,参1-参3,https://www.mlit.go.jp/report/press/content/001981942.pdf,PDL1.0,,
5d3c9f55d80bf01f,JP,labor,労務単価,造園工,所定労働時間内8時間あたり,人日,pref,08,茨城県,,,,26800,JPY,labor_wage_8h,published_pdl,39600,公共工事設計労務単価＋必要経費(法定福利費(事業主負担分)、労務管理費、宿舎費等)の参考値,2026-03,2026-03-01,mlit-roumu-r8,参1-参3,https://www.mlit.go.jp/report/press/content/001981942.pdf,PDL1.0,,
8fa9b0ed5fcad9c3,JP,labor,労務単価,法面工,所定労働時間内8時間あたり,人日,pref,08,茨城県,,,,29900,JPY,labor_wage_8h,published_pdl,44200,公共工事設計労務単価＋必要経費(法定福利費(事業主負担分)、労務管理費、宿舎費等)の参考値,2026-03,2026-03-01,mlit-roumu-r8,参1-参3,https://www.mlit.go.jp/report/press/content/001981942.pdf,PDL1.0,,
58a5a5819bffc47a,JP,labor,労務単価,とび工,所定労働時間内8時間あたり,人日,pref,08,茨城県,,,,30900,JPY,labor_wage_8h,published_pdl,45600,公共工事設計労務単価＋必要経費(法定福利費(事業主負担分)、労務管理費、宿舎費等)の参考値,2026-03,2026-03-01,mlit-roumu-r8,参1-参3,https://www.mlit.go.jp/report/press/content/001981942.pdf,PDL1.0,,
80900eb2e587f106,JP,labor,労務単価,石工,所定労働時間内8時間あたり,人日,pref,08,茨城県,,,,32400,JPY,labor_wage_8h,published_pdl,47900,公共工事設計労務単価＋必要経費(法定福利費(事業主負担分)、労務管理費、宿舎費等)の参考値,2026-03,2026-03-01,mlit-roumu-r8,参1-参3,https://www.mlit.go.jp/report/press/content/001981942.pdf,PDL1.0,,
a7b9667cd6578450,JP,labor,労務単価,ブロック工,所定労働時間内8時間あたり,人日,pref,08,茨城県,,,,32200,JPY,labor_wage_8h,published_pdl,47600,公共工事設計労務単価＋必要経費(法定福利費(事業主負担分)、労務管理費、宿舎費等)の参考値,2026-03,2026-03-01,mlit-roumu-r8,参1-参3,https://www.mlit.go.jp/report/press/content/001981942.pdf,PDL1.0,,
f3c858158c23fa3d,JP,labor,労務単価,電工,所定労働時間内8時間あたり,人日,pref,08,茨城県,,,,29200,JPY,labor_wage_8h,published_pdl,43100,公共工事設計労務単価＋必要経費(法定福利費(事業主負担分)、労務管理費、宿舎費等)の参考値,2026-03,2026-03-01,mlit-roumu-r8,参1-参3,https://www.mlit.go.jp/report/press/content/001981942.pdf,PDL1.0,,
0c681af0bea50898,JP,labor,労務単価,鉄筋工,所定労働時間内8時間あたり,人日,pref,08,茨城県,,,,30800,JPY,labor_wage_8h,published_pdl,45500,公共工事設計労務単価＋必要経費(法定福利費(事業主負担分)、労務管理費、宿舎費等)の参考値,2026-03,2026-03-01,mlit-roumu-r8,参1-参3,https://www.mlit.go.jp/report/press/content/001981942.pdf,PDL1.0,,
ba6df6dc9185f6fc,JP,labor,労務単価,鉄骨工,所定労働時間内8時間あたり,人日,pref,08,茨城県,,,,27500,JPY,labor_wage_8h,published_pdl,40600,公共工事設計労務単価＋必要経費(法定福利費(事業主負担分)、労務管理費、宿舎費等)の参考値,2026-03,2026-03-01,mlit-roumu-r8,参1-参3,https://www.mlit.go.jp/report/press/content/001981942.pdf,PDL1.0,,
6dcec7a0711b0e81,JP,labor,労務単価,塗装工,所定労働時間内8時間あたり,人日,pref,08,茨城県,,,,32100,JPY,labor_wage_8h,published_pdl,47400,公共工事設計労務単価＋必要経費(法定福利費(事業主負担分)、労務管理費、宿舎費等)の参考値,2026-03,2026-03-01,mlit-roumu-r8,参1-参3,https://www.mlit.go.jp/report/press/content/001981942.pdf,PDL1.0,,
9a6fb1863f1b26bf,JP,labor,労務単価,溶接工,所定労働時間内8時間あたり,人日,pref,08,茨城県,,,,35700,JPY,labor_wage_8h,published_pdl,52700,公共工事設計労務単価＋必要経費(法定福利費(事業主負担分)、労務管理費、宿舎費等)の参考値,2026-03,2026-03-01,mlit-roumu-r8,参1-参3,https://www.mlit.go.jp/report/press/content/001981942.pdf,PDL1.0,,
28ebabf50949830c,JP,labor,労務単価,運転手（特殊）,所定労働時間内8時間あたり,人日,pref,08,茨城県,,,,30300,JPY,labor_wage_8h,published_pdl,44800,公共工事設計労務単価＋必要経費(法定福利費(事業主負担分)、労務管理費、宿舎費等)の参考値,2026-03,2026-03-01,mlit-roumu-r8,参1-参3,https://www.mlit.go.jp/report/press/content/001981942.pdf,PDL1.0,,
65d9b445a4a6526a,JP,labor,労務単価,運転手（一般）,所定労働時間内8時間あたり,人日,pref,08,茨城県,,,,24800,JPY,labor_wage_8h,published_pdl,36600,公共工事設計労務単価＋必要経費(法定福利費(事業主負担分)、労務管理費、宿舎費等)の参考値,2026-03,2026-03-01,mlit-roumu-r8,参1-参3,https://www.mlit.go.jp/report/press/content/001981942.pdf,PDL1.0,,
c37d682484796855,JP,labor,労務単価,潜かん工,所定労働時間内8時間あたり,人日,pref,08,茨城県,,,,37000,JPY,labor_wage_8h,published_pdl,54600,公共工事設計労務単価＋必要経費(法定福利費(事業主負担分)、労務管理費、宿舎費等)の参考値,2026-03,2026-03-01,mlit-roumu-r8,参1-参3,https://www.mlit.go.jp/report/press/content/001981942.pdf,PDL1.0,,
cb71cc91a64aa9d2,JP,labor,労務単価,潜かん世話役,所定労働時間内8時間あたり,人日,pref,08,茨城県,,,,44100,JPY,labor_wage_8h,published_pdl,65100,公共工事設計労務単価＋必要経費(法定福利費(事業主負担分)、労務管理費、宿舎費等)の参考値,2026-03,2026-03-01,mlit-roumu-r8,参1-参3,https://www.mlit.go.jp/report/press/content/001981942.pdf,PDL1.0,,
1a30e5d8dbe3ef12,JP,labor,労務単価,さく岩工,所定労働時間内8時間あたり,人日,pref,08,茨城県,,,,41600,JPY,labor_wage_8h,published_pdl,61400,公共工事設計労務単価＋必要経費(法定福利費(事業主負担分)、労務管理費、宿舎費等)の参考値,2026-03,2026-03-01,mlit-roumu-r8,参1-参3,https://www.mlit.go.jp/report/press/content/001981942.pdf,PDL1.0,,
35af0bcbbdb729de,JP,labor,労務単価,トンネル特殊工,所定労働時間内8時間あたり,人日,pref,08,茨城県,,,,40200,JPY,labor_wage_8h,published_pdl,59400,公共工事設計労務単価＋必要経費(法定福利費(事業主負担分)、労務管理費、宿舎費等)の参考値,2026-03,2026-03-01,mlit-roumu-r8,参1-参3,https://www.mlit.go.jp/report/press/content/001981942.pdf,PDL1.0,,
aa3fc01d78a583a1,JP,labor,労務単価,トンネル作業員,所定労働時間内8時間あたり,人日,pref,08,茨城県,,,,31900,JPY,labor_wage_8h,published_pdl,47100,公共工事設計労務単価＋必要経費(法定福利費(事業主負担分)、労務管理費、宿舎費等)の参考値,2026-03,2026-03-01,mlit-roumu-r8,参1-参3,https://www.mlit.go.jp/report/press/content/001981942.pdf,PDL1.0,,
c35dbd50dded1d93,JP,labor,労務単価,トンネル世話役,所定労働時間内8時間あたり,人日,pref,08,茨城県,,,,43000,JPY,labor_wage_8h,published_pdl,63500,公共工事設計労務単価＋必要経費(法定福利費(事業主負担分)、労務管理費、宿舎費等)の参考値,2026-03,2026-03-01,mlit-roumu-r8,参1-参3,https://www.mlit.go.jp/report/press/content/001981942.pdf,PDL1.0,,
bf84c6d810e7cb30,JP,labor,労務単価,橋りょう特殊工,所定労働時間内8時間あたり,人日,pref,08,茨城県,,,,36400,JPY,labor_wage_8h,published_pdl,53800,公共工事設計労務単価＋必要経費(法定福利費(事業主負担分)、労務管理費、宿舎費等)の参考値,2026-03,2026-03-01,mlit-roumu-r8,参1-参3,https://www.mlit.go.jp/report/press/content/001981942.pdf,PDL1.0,,
92f7bc61a7f94df1,JP,labor,労務単価,橋りょう塗装工,所定労働時間内8時間あたり,人日,pref,08,茨城県,,,,36300,JPY,labor_wage_8h,published_pdl,53600,公共工事設計労務単価＋必要経費(法定福利費(事業主負担分)、労務管理費、宿舎費等)の参考値,2026-03,2026-03-01,mlit-roumu-r8,参1-参3,https://www.mlit.go.jp/report/press/content/001981942.pdf,PDL1.0,,
9f61ddad2b4ef811,JP,labor,労務単価,橋りょう世話役,所定労働時間内8時間あたり,人日,pref,08,茨城県,,,,40800,JPY,labor_wage_8h,published_pdl,60300,公共工事設計労務単価＋必要経費(法定福利費(事業主負担分)、労務管理費、宿舎費等)の参考値,2026-03,2026-03-01,mlit-roumu-r8,参1-参3,https://www.mlit.go.jp/report/press/content/001981942.pdf,PDL1.0,,
b14f594005de7dee,JP,labor,労務単価,土木一般世話役,所定労働時間内8時間あたり,人日,pref,08,茨城県,,,,32200,JPY,labor_wage_8h,published_pdl,47600,公共工事設計労務単価＋必要経費(法定福利費(事業主負担分)、労務管理費、宿舎費等)の参考値,2026-03,2026-03-01,mlit-roumu-r8,参1-参3,https://www.mlit.go.jp/report/press/content/001981942.pdf,PDL1.0,,
849b85894dd7bd83,JP,labor,労務単価,高級船員,所定労働時間内8時間あたり,人日,pref,08,茨城県,,,,41600,JPY,labor_wage_8h,published_pdl,61400,公共工事設計労務単価＋必要経費(法定福利費(事業主負担分)、労務管理費、宿舎費等)の参考値,2026-03,2026-03-01,mlit-roumu-r8,参1-参3,https://www.mlit.go.jp/report/press/content/001981942.pdf,PDL1.0,,
ce7950bf41566b71,JP,labor,労務単価,普通船員,所定労働時間内8時間あたり,人日,pref,08,茨城県,,,,32600,JPY,labor_wage_8h,published_pdl,48200,公共工事設計労務単価＋必要経費(法定福利費(事業主負担分)、労務管理費、宿舎費等)の参考値,2026-03,2026-03-01,mlit-roumu-r8,参1-参3,https://www.mlit.go.jp/report/press/content/001981942.pdf,PDL1.0,,
35f75c15c880d5ad,JP,labor,労務単価,潜水士,所定労働時間内8時間あたり,人日,pref,08,茨城県,,,,48800,JPY,labor_wage_8h,published_pdl,72100,公共工事設計労務単価＋必要経費(法定福利費(事業主負担分)、労務管理費、宿舎費等)の参考値,2026-03,2026-03-01,mlit-roumu-r8,参1-参3,https://www.mlit.go.jp/report/press/content/001981942.pdf,PDL1.0,,
269d50b57cfcf623,JP,labor,労務単価,潜水連絡員,所定労働時間内8時間あたり,人日,pref,08,茨城県,,,,32800,JPY,labor_wage_8h,published_pdl,48400,公共工事設計労務単価＋必要経費(法定福利費(事業主負担分)、労務管理費、宿舎費等)の参考値,2026-03,2026-03-01,mlit-roumu-r8,参1-参3,https://www.mlit.go.jp/report/press/content/001981942.pdf,PDL1.0,,
b68a48780da3ef74,JP,labor,労務単価,潜水送気員,所定労働時間内8時間あたり,人日,pref,08,茨城県,,,,34100,JPY,labor_wage_8h,published_pdl,50400,公共工事設計労務単価＋必要経費(法定福利費(事業主負担分)、労務管理費、宿舎費等)の参考値,2026-03,2026-03-01,mlit-roumu-r8,参1-参3,https://www.mlit.go.jp/report/press/content/001981942.pdf,PDL1.0,,
8fea1e8f015372a9,JP,labor,労務単価,山林砂防工,所定労働時間内8時間あたり,人日,pref,08,茨城県,,,,32400,JPY,labor_wage_8h,published_pdl,47900,公共工事設計労務単価＋必要経費(法定福利費(事業主負担分)、労務管理費、宿舎費等)の参考値,2026-03,2026-03-01,mlit-roumu-r8,参1-参3,https://www.mlit.go.jp/report/press/content/001981942.pdf,PDL1.0,,
00e6c2d27334dc7c,JP,labor,労務単価,軌道工,所定労働時間内8時間あたり,人日,pref,08,茨城県,,,,58900,JPY,labor_wage_8h,published_pdl,87000,公共工事設計労務単価＋必要経費(法定福利費(事業主負担分)、労務管理費、宿舎費等)の参考値,2026-03,2026-03-01,mlit-roumu-r8,参1-参3,https://www.mlit.go.jp/report/press/content/001981942.pdf,PDL1.0,,
af5b408a4a379307,JP,labor,労務単価,型わく工,所定労働時間内8時間あたり,人日,pref,08,茨城県,,,,31500,JPY,labor_wage_8h,published_pdl,46500,公共工事設計労務単価＋必要経費(法定福利費(事業主負担分)、労務管理費、宿舎費等)の参考値,2026-03,2026-03-01,mlit-roumu-r8,参1-参3,https://www.mlit.go.jp/report/press/content/001981942.pdf,PDL1.0,,
09fcb1786899c806,JP,labor,労務単価,大工,所定労働時間内8時間あたり,人日,pref,08,茨城県,,,,30900,JPY,labor_wage_8h,published_pdl,45600,公共工事設計労務単価＋必要経費(法定福利費(事業主負担分)、労務管理費、宿舎費等)の参考値,2026-03,2026-03-01,mlit-roumu-r8,参1-参3,https://www.mlit.go.jp/report/press/content/001981942.pdf,PDL1.0,,
97d71e30b71dd690,JP,labor,労務単価,左官,所定労働時間内8時間あたり,人日,pref,08,茨城県,,,,32600,JPY,labor_wage_8h,published_pdl,48200,公共工事設計労務単価＋必要経費(法定福利費(事業主負担分)、労務管理費、宿舎費等)の参考値,2026-03,2026-03-01,mlit-roumu-r8,参1-参3,https://www.mlit.go.jp/report/press/content/001981942.pdf,PDL1.0,,
d778ebb2433f079c,JP,labor,労務単価,配管工,所定労働時間内8時間あたり,人日,pref,08,茨城県,,,,28900,JPY,labor_wage_8h,published_pdl,42700,公共工事設計労務単価＋必要経費(法定福利費(事業主負担分)、労務管理費、宿舎費等)の参考値,2026-03,2026-03-01,mlit-roumu-r8,参1-参3,https://www.mlit.go.jp/report/press/content/001981942.pdf,PDL1.0,,
7d2f4f3590d10a15,JP,labor,労務単価,はつり工,所定労働時間内8時間あたり,人日,pref,08,茨城県,,,,31000,JPY,labor_wage_8h,published_pdl,45800,公共工事設計労務単価＋必要経費(法定福利費(事業主負担分)、労務管理費、宿舎費等)の参考値,2026-03,2026-03-01,mlit-roumu-r8,参1-参3,https://www.mlit.go.jp/report/press/content/001981942.pdf,PDL1.0,,
453f285bcc176ef8,JP,labor,労務単価,防水工,所定労働時間内8時間あたり,人日,pref,08,茨城県,,,,34200,JPY,labor_wage_8h,published_pdl,50500,公共工事設計労務単価＋必要経費(法定福利費(事業主負担分)、労務管理費、宿舎費等)の参考値,2026-03,2026-03-01,mlit-roumu-r8,参1-参3,https://www.mlit.go.jp/report/press/content/001981942.pdf,PDL1.0,,
adf33790d5565f2a,JP,labor,労務単価,板金工,所定労働時間内8時間あたり,人日,pref,08,茨城県,,,,34500,JPY,labor_wage_8h,published_pdl,51000,公共工事設計労務単価＋必要経費(法定福利費(事業主負担分)、労務管理費、宿舎費等)の参考値,2026-03,2026-03-01,mlit-roumu-r8,参1-参3,https://www.mlit.go.jp/report/press/content/001981942.pdf,PDL1.0,,
b147c4247476775b,JP,labor,労務単価,タイル工,所定労働時間内8時間あたり,人日,pref,08,茨城県,,,,26200,JPY,labor_wage_8h,published_pdl,38700,公共工事設計労務単価＋必要経費(法定福利費(事業主負担分)、労務管理費、宿舎費等)の参考値,2026-03,2026-03-01,mlit-roumu-r8,参1-参3,https://www.mlit.go.jp/report/press/content/001981942.pdf,PDL1.0,,
ba06bc2dba1f6d87,JP,labor,労務単価,サッシ工,所定労働時間内8時間あたり,人日,pref,08,茨城県,,,,33400,JPY,labor_wage_8h,published_pdl,49300,公共工事設計労務単価＋必要経費(法定福利費(事業主負担分)、労務管理費、宿舎費等)の参考値,2026-03,2026-03-01,mlit-roumu-r8,参1-参3,https://www.mlit.go.jp/report/press/content/001981942.pdf,PDL1.0,,
9ef536d6b99d8c24,JP,labor,労務単価,屋根ふき工,所定労働時間内8時間あたり,人日,pref,08,茨城県,,,,,JPY,labor_wage_8h,not_set,,,2026-03,2026-03-01,mlit-roumu-r8,参1-参3,https://www.mlit.go.jp/report/press/content/001981942.pdf,PDL1.0,,原本の表で『-』(この都道府県ではこの職種の単価を設定していない)
935a4dd703298985,JP,labor,労務単価,内装工,所定労働時間内8時間あたり,人日,pref,08,茨城県,,,,34400,JPY,labor_wage_8h,published_pdl,50800,公共工事設計労務単価＋必要経費(法定福利費(事業主負担分)、労務管理費、宿舎費等)の参考値,2026-03,2026-03-01,mlit-roumu-r8,参1-参3,https://www.mlit.go.jp/report/press/content/001981942.pdf,PDL1.0,,
ebc57ae5ce8a1517,JP,labor,労務単価,ガラス工,所定労働時間内8時間あたり,人日,pref,08,茨城県,,,,33200,JPY,labor_wage_8h,published_pdl,49000,公共工事設計労務単価＋必要経費(法定福利費(事業主負担分)、労務管理費、宿舎費等)の参考値,2026-03,2026-03-01,mlit-roumu-r8,参1-参3,https://www.mlit.go.jp/report/press/content/001981942.pdf,PDL1.0,,
948e8ed234ce0058,JP,labor,労務単価,建具工,所定労働時間内8時間あたり,人日,pref,08,茨城県,,,,,JPY,labor_wage_8h,not_set,,,2026-03,2026-03-01,mlit-roumu-r8,参1-参3,https://www.mlit.go.jp/report/press/content/001981942.pdf,PDL1.0,,原本の表で『-』(この都道府県ではこの職種の単価を設定していない)
07049780fe3434aa,JP,labor,労務単価,ダクト工,所定労働時間内8時間あたり,人日,pref,08,茨城県,,,,29600,JPY,labor_wage_8h,published_pdl,43700,公共工事設計労務単価＋必要経費(法定福利費(事業主負担分)、労務管理費、宿舎費等)の参考値,2026-03,2026-03-01,mlit-roumu-r8,参1-参3,https://www.mlit.go.jp/report/press/content/001981942.pdf,PDL1.0,,
94006c9e0d690649,JP,labor,労務単価,保温工,所定労働時間内8時間あたり,人日,pref,08,茨城県,,,,28500,JPY,labor_wage_8h,published_pdl,42100,公共工事設計労務単価＋必要経費(法定福利費(事業主負担分)、労務管理費、宿舎費等)の参考値,2026-03,2026-03-01,mlit-roumu-r8,参1-参3,https://www.mlit.go.jp/report/press/content/001981942.pdf,PDL1.0,,
e7e4231bc4a2acb4,JP,labor,労務単価,設備機械工,所定労働時間内8時間あたり,人日,pref,08,茨城県,,,,28000,JPY,labor_wage_8h,published_pdl,41400,公共工事設計労務単価＋必要経費(法定福利費(事業主負担分)、労務管理費、宿舎費等)の参考値,2026-03,2026-03-01,mlit-roumu-r8,参1-参3,https://www.mlit.go.jp/report/press/content/001981942.pdf,PDL1.0,,
cfdd5760e88a7308,JP,labor,労務単価,交通誘導警備員Ａ,所定労働時間内8時間あたり,人日,pref,08,茨城県,,,,19300,JPY,labor_wage_8h,published_pdl,28500,公共工事設計労務単価＋必要経費(法定福利費(事業主負担分)、労務管理費、宿舎費等)の参考値,2026-03,2026-03-01,mlit-roumu-r8,参1-参3,https://www.mlit.go.jp/report/press/content/001981942.pdf,PDL1.0,,
721404748a8a705e,JP,labor,労務単価,交通誘導警備員Ｂ,所定労働時間内8時間あたり,人日,pref,08,茨城県,,,,18500,JPY,labor_wage_8h,published_pdl,27300,公共工事設計労務単価＋必要経費(法定福利費(事業主負担分)、労務管理費、宿舎費等)の参考値,2026-03,2026-03-01,mlit-roumu-r8,参1-参3,https://www.mlit.go.jp/report/press/content/001981942.pdf,PDL1.0,,
ce163900a4b301e7,JP,labor,労務単価,特殊作業員,所定労働時間内8時間あたり,人日,pref,09,栃木県,,,,27500,JPY,labor_wage_8h,published_pdl,40600,公共工事設計労務単価＋必要経費(法定福利費(事業主負担分)、労務管理費、宿舎費等)の参考値,2026-03,2026-03-01,mlit-roumu-r8,参1-参3,https://www.mlit.go.jp/report/press/content/001981942.pdf,PDL1.0,,
353aaee7ff4bd773,JP,labor,労務単価,普通作業員,所定労働時間内8時間あたり,人日,pref,09,栃木県,,,,24300,JPY,labor_wage_8h,published_pdl,35900,公共工事設計労務単価＋必要経費(法定福利費(事業主負担分)、労務管理費、宿舎費等)の参考値,2026-03,2026-03-01,mlit-roumu-r8,参1-参3,https://www.mlit.go.jp/report/press/content/001981942.pdf,PDL1.0,,
e0ef3a08c578b81b,JP,labor,労務単価,軽作業員,所定労働時間内8時間あたり,人日,pref,09,栃木県,,,,17300,JPY,labor_wage_8h,published_pdl,25600,公共工事設計労務単価＋必要経費(法定福利費(事業主負担分)、労務管理費、宿舎費等)の参考値,2026-03,2026-03-01,mlit-roumu-r8,参1-参3,https://www.mlit.go.jp/report/press/content/001981942.pdf,PDL1.0,,
4fd6afb7e3ec23db,JP,labor,労務単価,造園工,所定労働時間内8時間あたり,人日,pref,09,栃木県,,,,27000,JPY,labor_wage_8h,published_pdl,39900,公共工事設計労務単価＋必要経費(法定福利費(事業主負担分)、労務管理費、宿舎費等)の参考値,2026-03,2026-03-01,mlit-roumu-r8,参1-参3,https://www.mlit.go.jp/report/press/content/001981942.pdf,PDL1.0,,
da68b33f8bc33d61,JP,labor,労務単価,法面工,所定労働時間内8時間あたり,人日,pref,09,栃木県,,,,32400,JPY,labor_wage_8h,published_pdl,47900,公共工事設計労務単価＋必要経費(法定福利費(事業主負担分)、労務管理費、宿舎費等)の参考値,2026-03,2026-03-01,mlit-roumu-r8,参1-参3,https://www.mlit.go.jp/report/press/content/001981942.pdf,PDL1.0,,
c9b4d8e3f28890c3,JP,labor,労務単価,とび工,所定労働時間内8時間あたり,人日,pref,09,栃木県,,,,29800,JPY,labor_wage_8h,published_pdl,44000,公共工事設計労務単価＋必要経費(法定福利費(事業主負担分)、労務管理費、宿舎費等)の参考値,2026-03,2026-03-01,mlit-roumu-r8,参1-参3,https://www.mlit.go.jp/report/press/content/001981942.pdf,PDL1.0,,
ac54d800f5668966,JP,labor,労務単価,石工,所定労働時間内8時間あたり,人日,pref,09,栃木県,,,,33200,JPY,labor_wage_8h,published_pdl,49000,公共工事設計労務単価＋必要経費(法定福利費(事業主負担分)、労務管理費、宿舎費等)の参考値,2026-03,2026-03-01,mlit-roumu-r8,参1-参3,https://www.mlit.go.jp/report/press/content/001981942.pdf,PDL1.0,,
3d66ee5275abe44c,JP,labor,労務単価,ブロック工,所定労働時間内8時間あたり,人日,pref,09,栃木県,,,,32800,JPY,labor_wage_8h,published_pdl,48400,公共工事設計労務単価＋必要経費(法定福利費(事業主負担分)、労務管理費、宿舎費等)の参考値,2026-03,2026-03-01,mlit-roumu-r8,参1-参3,https://www.mlit.go.jp/report/press/content/001981942.pdf,PDL1.0,,
d2067767acd0e80e,JP,labor,労務単価,電工,所定労働時間内8時間あたり,人日,pref,09,栃木県,,,,29400,JPY,labor_wage_8h,published_pdl,43400,公共工事設計労務単価＋必要経費(法定福利費(事業主負担分)、労務管理費、宿舎費等)の参考値,2026-03,2026-03-01,mlit-roumu-r8,参1-参3,https://www.mlit.go.jp/report/press/content/001981942.pdf,PDL1.0,,
0caec91241c98ef9,JP,labor,労務単価,鉄筋工,所定労働時間内8時間あたり,人日,pref,09,栃木県,,,,31400,JPY,labor_wage_8h,published_pdl,46400,公共工事設計労務単価＋必要経費(法定福利費(事業主負担分)、労務管理費、宿舎費等)の参考値,2026-03,2026-03-01,mlit-roumu-r8,参1-参3,https://www.mlit.go.jp/report/press/content/001981942.pdf,PDL1.0,,
3bc7ab1ac65641cb,JP,labor,労務単価,鉄骨工,所定労働時間内8時間あたり,人日,pref,09,栃木県,,,,29000,JPY,labor_wage_8h,published_pdl,42800,公共工事設計労務単価＋必要経費(法定福利費(事業主負担分)、労務管理費、宿舎費等)の参考値,2026-03,2026-03-01,mlit-roumu-r8,参1-参3,https://www.mlit.go.jp/report/press/content/001981942.pdf,PDL1.0,,
a7aacc7abcd86e52,JP,labor,労務単価,塗装工,所定労働時間内8時間あたり,人日,pref,09,栃木県,,,,34500,JPY,labor_wage_8h,published_pdl,51000,公共工事設計労務単価＋必要経費(法定福利費(事業主負担分)、労務管理費、宿舎費等)の参考値,2026-03,2026-03-01,mlit-roumu-r8,参1-参3,https://www.mlit.go.jp/report/press/content/001981942.pdf,PDL1.0,,
b0b5f8d0539be2b6,JP,labor,労務単価,溶接工,所定労働時間内8時間あたり,人日,pref,09,栃木県,,,,37300,JPY,labor_wage_8h,published_pdl,55100,公共工事設計労務単価＋必要経費(法定福利費(事業主負担分)、労務管理費、宿舎費等)の参考値,2026-03,2026-03-01,mlit-roumu-r8,参1-参3,https://www.mlit.go.jp/report/press/content/001981942.pdf,PDL1.0,,
64a48bf3c209c448,JP,labor,労務単価,運転手（特殊）,所定労働時間内8時間あたり,人日,pref,09,栃木県,,,,27900,JPY,labor_wage_8h,published_pdl,41200,公共工事設計労務単価＋必要経費(法定福利費(事業主負担分)、労務管理費、宿舎費等)の参考値,2026-03,2026-03-01,mlit-roumu-r8,参1-参3,https://www.mlit.go.jp/report/press/content/001981942.pdf,PDL1.0,,
b88f5c684a447735,JP,labor,労務単価,運転手（一般）,所定労働時間内8時間あたり,人日,pref,09,栃木県,,,,26400,JPY,labor_wage_8h,published_pdl,39000,公共工事設計労務単価＋必要経費(法定福利費(事業主負担分)、労務管理費、宿舎費等)の参考値,2026-03,2026-03-01,mlit-roumu-r8,参1-参3,https://www.mlit.go.jp/report/press/content/001981942.pdf,PDL1.0,,
a329794b4f6da974,JP,labor,労務単価,潜かん工,所定労働時間内8時間あたり,人日,pref,09,栃木県,,,,37800,JPY,labor_wage_8h,published_pdl,55800,公共工事設計労務単価＋必要経費(法定福利費(事業主負担分)、労務管理費、宿舎費等)の参考値,2026-03,2026-03-01,mlit-roumu-r8,参1-参3,https://www.mlit.go.jp/report/press/content/001981942.pdf,PDL1.0,,
6268f40b77a56581,JP,labor,労務単価,潜かん世話役,所定労働時間内8時間あたり,人日,pref,09,栃木県,,,,44500,JPY,labor_wage_8h,published_pdl,65700,公共工事設計労務単価＋必要経費(法定福利費(事業主負担分)、労務管理費、宿舎費等)の参考値,2026-03,2026-03-01,mlit-roumu-r8,参1-参3,https://www.mlit.go.jp/report/press/content/001981942.pdf,PDL1.0,,
f2ce269d1bdef8f5,JP,labor,労務単価,さく岩工,所定労働時間内8時間あたり,人日,pref,09,栃木県,,,,41800,JPY,labor_wage_8h,published_pdl,61700,公共工事設計労務単価＋必要経費(法定福利費(事業主負担分)、労務管理費、宿舎費等)の参考値,2026-03,2026-03-01,mlit-roumu-r8,参1-参3,https://www.mlit.go.jp/report/press/content/001981942.pdf,PDL1.0,,
6116acaf2a4cd69c,JP,labor,労務単価,トンネル特殊工,所定労働時間内8時間あたり,人日,pref,09,栃木県,,,,41700,JPY,labor_wage_8h,published_pdl,61600,公共工事設計労務単価＋必要経費(法定福利費(事業主負担分)、労務管理費、宿舎費等)の参考値,2026-03,2026-03-01,mlit-roumu-r8,参1-参3,https://www.mlit.go.jp/report/press/content/001981942.pdf,PDL1.0,,
dfb5c71b8eb7d287,JP,labor,労務単価,トンネル作業員,所定労働時間内8時間あたり,人日,pref,09,栃木県,,,,32900,JPY,labor_wage_8h,published_pdl,48600,公共工事設計労務単価＋必要経費(法定福利費(事業主負担分)、労務管理費、宿舎費等)の参考値,2026-03,2026-03-01,mlit-roumu-r8,参1-参3,https://www.mlit.go.jp/report/press/content/001981942.pdf,PDL1.0,,
0ebf4ce39fbdc41d,JP,labor,労務単価,トンネル世話役,所定労働時間内8時間あたり,人日,pref,09,栃木県,,,,43900,JPY,labor_wage_8h,published_pdl,64800,公共工事設計労務単価＋必要経費(法定福利費(事業主負担分)、労務管理費、宿舎費等)の参考値,2026-03,2026-03-01,mlit-roumu-r8,参1-参3,https://www.mlit.go.jp/report/press/content/001981942.pdf,PDL1.0,,
9472eb84512a715e,JP,labor,労務単価,橋りょう特殊工,所定労働時間内8時間あたり,人日,pref,09,栃木県,,,,37600,JPY,labor_wage_8h,published_pdl,55500,公共工事設計労務単価＋必要経費(法定福利費(事業主負担分)、労務管理費、宿舎費等)の参考値,2026-03,2026-03-01,mlit-roumu-r8,参1-参3,https://www.mlit.go.jp/report/press/content/001981942.pdf,PDL1.0,,
4a694e97287c582c,JP,labor,労務単価,橋りょう塗装工,所定労働時間内8時間あたり,人日,pref,09,栃木県,,,,37000,JPY,labor_wage_8h,published_pdl,54600,公共工事設計労務単価＋必要経費(法定福利費(事業主負担分)、労務管理費、宿舎費等)の参考値,2026-03,2026-03-01,mlit-roumu-r8,参1-参3,https://www.mlit.go.jp/report/press/content/001981942.pdf,PDL1.0,,
3479c43c2ddbfd72,JP,labor,労務単価,橋りょう世話役,所定労働時間内8時間あたり,人日,pref,09,栃木県,,,,41900,JPY,labor_wage_8h,published_pdl,61900,公共工事設計労務単価＋必要経費(法定福利費(事業主負担分)、労務管理費、宿舎費等)の参考値,2026-03,2026-03-01,mlit-roumu-r8,参1-参3,https://www.mlit.go.jp/report/press/content/001981942.pdf,PDL1.0,,
a379eed152e91fa1,JP,labor,労務単価,土木一般世話役,所定労働時間内8時間あたり,人日,pref,09,栃木県,,,,32600,JPY,labor_wage_8h,published_pdl,48200,公共工事設計労務単価＋必要経費(法定福利費(事業主負担分)、労務管理費、宿舎費等)の参考値,2026-03,2026-03-01,mlit-roumu-r8,参1-参3,https://www.mlit.go.jp/report/press/content/001981942.pdf,PDL1.0,,
d253c52a53327276,JP,labor,労務単価,高級船員,所定労働時間内8時間あたり,人日,pref,09,栃木県,,,,42400,JPY,labor_wage_8h,published_pdl,62600,公共工事設計労務単価＋必要経費(法定福利費(事業主負担分)、労務管理費、宿舎費等)の参考値,2026-03,2026-03-01,mlit-roumu-r8,参1-参3,https://www.mlit.go.jp/report/press/content/001981942.pdf,PDL1.0,,
551fbf7fabf9803f,JP,labor,労務単価,普通船員,所定労働時間内8時間あたり,人日,pref,09,栃木県,,,,33200,JPY,labor_wage_8h,published_pdl,49000,公共工事設計労務単価＋必要経費(法定福利費(事業主負担分)、労務管理費、宿舎費等)の参考値,2026-03,2026-03-01,mlit-roumu-r8,参1-参3,https://www.mlit.go.jp/report/press/content/001981942.pdf,PDL1.0,,
dd3799f30e577a79,JP,labor,労務単価,潜水士,所定労働時間内8時間あたり,人日,pref,09,栃木県,,,,50200,JPY,labor_wage_8h,published_pdl,74100,公共工事設計労務単価＋必要経費(法定福利費(事業主負担分)、労務管理費、宿舎費等)の参考値,2026-03,2026-03-01,mlit-roumu-r8,参1-参3,https://www.mlit.go.jp/report/press/content/001981942.pdf,PDL1.0,,
2f7fe7695dd83567,JP,labor,労務単価,潜水連絡員,所定労働時間内8時間あたり,人日,pref,09,栃木県,,,,34400,JPY,labor_wage_8h,published_pdl,50800,公共工事設計労務単価＋必要経費(法定福利費(事業主負担分)、労務管理費、宿舎費等)の参考値,2026-03,2026-03-01,mlit-roumu-r8,参1-参3,https://www.mlit.go.jp/report/press/content/001981942.pdf,PDL1.0,,
db5d76a531ae7d88,JP,labor,労務単価,潜水送気員,所定労働時間内8時間あたり,人日,pref,09,栃木県,,,,35200,JPY,labor_wage_8h,published_pdl,52000,公共工事設計労務単価＋必要経費(法定福利費(事業主負担分)、労務管理費、宿舎費等)の参考値,2026-03,2026-03-01,mlit-roumu-r8,参1-参3,https://www.mlit.go.jp/report/press/content/001981942.pdf,PDL1.0,,
5659764bc4d54ec1,JP,labor,労務単価,山林砂防工,所定労働時間内8時間あたり,人日,pref,09,栃木県,,,,33000,JPY,labor_wage_8h,published_pdl,48700,公共工事設計労務単価＋必要経費(法定福利費(事業主負担分)、労務管理費、宿舎費等)の参考値,2026-03,2026-03-01,mlit-roumu-r8,参1-参3,https://www.mlit.go.jp/report/press/content/001981942.pdf,PDL1.0,,
d733f85b50502723,JP,labor,労務単価,軌道工,所定労働時間内8時間あたり,人日,pref,09,栃木県,,,,61100,JPY,labor_wage_8h,published_pdl,90200,公共工事設計労務単価＋必要経費(法定福利費(事業主負担分)、労務管理費、宿舎費等)の参考値,2026-03,2026-03-01,mlit-roumu-r8,参1-参3,https://www.mlit.go.jp/report/press/content/001981942.pdf,PDL1.0,,
2795549146575611,JP,labor,労務単価,型わく工,所定労働時間内8時間あたり,人日,pref,09,栃木県,,,,31800,JPY,labor_wage_8h,published_pdl,47000,公共工事設計労務単価＋必要経費(法定福利費(事業主負担分)、労務管理費、宿舎費等)の参考値,2026-03,2026-03-01,mlit-roumu-r8,参1-参3,https://www.mlit.go.jp/report/press/content/001981942.pdf,PDL1.0,,
8952b9357c53893a,JP,labor,労務単価,大工,所定労働時間内8時間あたり,人日,pref,09,栃木県,,,,31900,JPY,labor_wage_8h,published_pdl,47100,公共工事設計労務単価＋必要経費(法定福利費(事業主負担分)、労務管理費、宿舎費等)の参考値,2026-03,2026-03-01,mlit-roumu-r8,参1-参3,https://www.mlit.go.jp/report/press/content/001981942.pdf,PDL1.0,,
4adff5331d2dfd62,JP,labor,労務単価,左官,所定労働時間内8時間あたり,人日,pref,09,栃木県,,,,33600,JPY,labor_wage_8h,published_pdl,49600,公共工事設計労務単価＋必要経費(法定福利費(事業主負担分)、労務管理費、宿舎費等)の参考値,2026-03,2026-03-01,mlit-roumu-r8,参1-参3,https://www.mlit.go.jp/report/press/content/001981942.pdf,PDL1.0,,
be4873f6ed50205b,JP,labor,労務単価,配管工,所定労働時間内8時間あたり,人日,pref,09,栃木県,,,,29600,JPY,labor_wage_8h,published_pdl,43700,公共工事設計労務単価＋必要経費(法定福利費(事業主負担分)、労務管理費、宿舎費等)の参考値,2026-03,2026-03-01,mlit-roumu-r8,参1-参3,https://www.mlit.go.jp/report/press/content/001981942.pdf,PDL1.0,,
66ba72843633264c,JP,labor,労務単価,はつり工,所定労働時間内8時間あたり,人日,pref,09,栃木県,,,,31700,JPY,labor_wage_8h,published_pdl,46800,公共工事設計労務単価＋必要経費(法定福利費(事業主負担分)、労務管理費、宿舎費等)の参考値,2026-03,2026-03-01,mlit-roumu-r8,参1-参3,https://www.mlit.go.jp/report/press/content/001981942.pdf,PDL1.0,,
a530fe293aee2e8e,JP,labor,労務単価,防水工,所定労働時間内8時間あたり,人日,pref,09,栃木県,,,,36100,JPY,labor_wage_8h,published_pdl,53300,公共工事設計労務単価＋必要経費(法定福利費(事業主負担分)、労務管理費、宿舎費等)の参考値,2026-03,2026-03-01,mlit-roumu-r8,参1-参3,https://www.mlit.go.jp/report/press/content/001981942.pdf,PDL1.0,,
e6960264a05167d6,JP,labor,労務単価,板金工,所定労働時間内8時間あたり,人日,pref,09,栃木県,,,,35700,JPY,labor_wage_8h,published_pdl,52700,公共工事設計労務単価＋必要経費(法定福利費(事業主負担分)、労務管理費、宿舎費等)の参考値,2026-03,2026-03-01,mlit-roumu-r8,参1-参3,https://www.mlit.go.jp/report/press/content/001981942.pdf,PDL1.0,,
af9dda3e960c6c53,JP,labor,労務単価,タイル工,所定労働時間内8時間あたり,人日,pref,09,栃木県,,,,26300,JPY,labor_wage_8h,published_pdl,38800,公共工事設計労務単価＋必要経費(法定福利費(事業主負担分)、労務管理費、宿舎費等)の参考値,2026-03,2026-03-01,mlit-roumu-r8,参1-参3,https://www.mlit.go.jp/report/press/content/001981942.pdf,PDL1.0,,
b8aa5798cd2955d8,JP,labor,労務単価,サッシ工,所定労働時間内8時間あたり,人日,pref,09,栃木県,,,,34100,JPY,labor_wage_8h,published_pdl,50400,公共工事設計労務単価＋必要経費(法定福利費(事業主負担分)、労務管理費、宿舎費等)の参考値,2026-03,2026-03-01,mlit-roumu-r8,参1-参3,https://www.mlit.go.jp/report/press/content/001981942.pdf,PDL1.0,,
312cec02ea4836b3,JP,labor,労務単価,屋根ふき工,所定労働時間内8時間あたり,人日,pref,09,栃木県,,,,,JPY,labor_wage_8h,not_set,,,2026-03,2026-03-01,mlit-roumu-r8,参1-参3,https://www.mlit.go.jp/report/press/content/001981942.pdf,PDL1.0,,原本の表で『-』(この都道府県ではこの職種の単価を設定していない)
03e8944cd9217323,JP,labor,労務単価,内装工,所定労働時間内8時間あたり,人日,pref,09,栃木県,,,,35700,JPY,labor_wage_8h,published_pdl,52700,公共工事設計労務単価＋必要経費(法定福利費(事業主負担分)、労務管理費、宿舎費等)の参考値,2026-03,2026-03-01,mlit-roumu-r8,参1-参3,https://www.mlit.go.jp/report/press/content/001981942.pdf,PDL1.0,,
e23ae2109171dae5,JP,labor,労務単価,ガラス工,所定労働時間内8時間あたり,人日,pref,09,栃木県,,,,33800,JPY,labor_wage_8h,published_pdl,49900,公共工事設計労務単価＋必要経費(法定福利費(事業主負担分)、労務管理費、宿舎費等)の参考値,2026-03,2026-03-01,mlit-roumu-r8,参1-参3,https://www.mlit.go.jp/report/press/content/001981942.pdf,PDL1.0,,
1c1819a9f469abf2,JP,labor,労務単価,建具工,所定労働時間内8時間あたり,人日,pref,09,栃木県,,,,,JPY,labor_wage_8h,not_set,,,2026-03,2026-03-01,mlit-roumu-r8,参1-参3,https://www.mlit.go.jp/report/press/content/001981942.pdf,PDL1.0,,原本の表で『-』(この都道府県ではこの職種の単価を設定していない)
4a25087736f7c737,JP,labor,労務単価,ダクト工,所定労働時間内8時間あたり,人日,pref,09,栃木県,,,,29900,JPY,labor_wage_8h,published_pdl,44200,公共工事設計労務単価＋必要経費(法定福利費(事業主負担分)、労務管理費、宿舎費等)の参考値,2026-03,2026-03-01,mlit-roumu-r8,参1-参3,https://www.mlit.go.jp/report/press/content/001981942.pdf,PDL1.0,,
256b95b2d40cfb97,JP,labor,労務単価,保温工,所定労働時間内8時間あたり,人日,pref,09,栃木県,,,,29100,JPY,labor_wage_8h,published_pdl,43000,公共工事設計労務単価＋必要経費(法定福利費(事業主負担分)、労務管理費、宿舎費等)の参考値,2026-03,2026-03-01,mlit-roumu-r8,参1-参3,https://www.mlit.go.jp/report/press/content/001981942.pdf,PDL1.0,,
fdd62c763bef6087,JP,labor,労務単価,設備機械工,所定労働時間内8時間あたり,人日,pref,09,栃木県,,,,28500,JPY,labor_wage_8h,published_pdl,42100,公共工事設計労務単価＋必要経費(法定福利費(事業主負担分)、労務管理費、宿舎費等)の参考値,2026-03,2026-03-01,mlit-roumu-r8,参1-参3,https://www.mlit.go.jp/report/press/content/001981942.pdf,PDL1.0,,
9f9416d782ff7c54,JP,labor,労務単価,交通誘導警備員Ａ,所定労働時間内8時間あたり,人日,pref,09,栃木県,,,,19200,JPY,labor_wage_8h,published_pdl,28400,公共工事設計労務単価＋必要経費(法定福利費(事業主負担分)、労務管理費、宿舎費等)の参考値,2026-03,2026-03-01,mlit-roumu-r8,参1-参3,https://www.mlit.go.jp/report/press/content/001981942.pdf,PDL1.0,,
8fcc152adf4c4d08,JP,labor,労務単価,交通誘導警備員Ｂ,所定労働時間内8時間あたり,人日,pref,09,栃木県,,,,17500,JPY,labor_wage_8h,published_pdl,25800,公共工事設計労務単価＋必要経費(法定福利費(事業主負担分)、労務管理費、宿舎費等)の参考値,2026-03,2026-03-01,mlit-roumu-r8,参1-参3,https://www.mlit.go.jp/report/press/content/001981942.pdf,PDL1.0,,
4f807177bcd43796,JP,labor,労務単価,特殊作業員,所定労働時間内8時間あたり,人日,pref,10,群馬県,,,,27100,JPY,labor_wage_8h,published_pdl,40000,公共工事設計労務単価＋必要経費(法定福利費(事業主負担分)、労務管理費、宿舎費等)の参考値,2026-03,2026-03-01,mlit-roumu-r8,参1-参3,https://www.mlit.go.jp/report/press/content/001981942.pdf,PDL1.0,,
28aec15828ebc9a3,JP,labor,労務単価,普通作業員,所定労働時間内8時間あたり,人日,pref,10,群馬県,,,,25300,JPY,labor_wage_8h,published_pdl,37400,公共工事設計労務単価＋必要経費(法定福利費(事業主負担分)、労務管理費、宿舎費等)の参考値,2026-03,2026-03-01,mlit-roumu-r8,参1-参3,https://www.mlit.go.jp/report/press/content/001981942.pdf,PDL1.0,,
1bc30c52fb82d294,JP,labor,労務単価,軽作業員,所定労働時間内8時間あたり,人日,pref,10,群馬県,,,,18200,JPY,labor_wage_8h,published_pdl,26900,公共工事設計労務単価＋必要経費(法定福利費(事業主負担分)、労務管理費、宿舎費等)の参考値,2026-03,2026-03-01,mlit-roumu-r8,参1-参3,https://www.mlit.go.jp/report/press/content/001981942.pdf,PDL1.0,,
7a7125a7eba64ae1,JP,labor,労務単価,造園工,所定労働時間内8時間あたり,人日,pref,10,群馬県,,,,26800,JPY,labor_wage_8h,published_pdl,39600,公共工事設計労務単価＋必要経費(法定福利費(事業主負担分)、労務管理費、宿舎費等)の参考値,2026-03,2026-03-01,mlit-roumu-r8,参1-参3,https://www.mlit.go.jp/report/press/content/001981942.pdf,PDL1.0,,
bcef5b6002129111,JP,labor,労務単価,法面工,所定労働時間内8時間あたり,人日,pref,10,群馬県,,,,33400,JPY,labor_wage_8h,published_pdl,49300,公共工事設計労務単価＋必要経費(法定福利費(事業主負担分)、労務管理費、宿舎費等)の参考値,2026-03,2026-03-01,mlit-roumu-r8,参1-参3,https://www.mlit.go.jp/report/press/content/001981942.pdf,PDL1.0,,
34ce0d26ee3f89ff,JP,labor,労務単価,とび工,所定労働時間内8時間あたり,人日,pref,10,群馬県,,,,28000,JPY,labor_wage_8h,published_pdl,41400,公共工事設計労務単価＋必要経費(法定福利費(事業主負担分)、労務管理費、宿舎費等)の参考値,2026-03,2026-03-01,mlit-roumu-r8,参1-参3,https://www.mlit.go.jp/report/press/content/001981942.pdf,PDL1.0,,
271887f3363df3d8,JP,labor,労務単価,石工,所定労働時間内8時間あたり,人日,pref,10,群馬県,,,,31300,JPY,labor_wage_8h,published_pdl,46200,公共工事設計労務単価＋必要経費(法定福利費(事業主負担分)、労務管理費、宿舎費等)の参考値,2026-03,2026-03-01,mlit-roumu-r8,参1-参3,https://www.mlit.go.jp/report/press/content/001981942.pdf,PDL1.0,,
e525e94b6d60c20f,JP,labor,労務単価,ブロック工,所定労働時間内8時間あたり,人日,pref,10,群馬県,,,,32000,JPY,labor_wage_8h,published_pdl,47300,公共工事設計労務単価＋必要経費(法定福利費(事業主負担分)、労務管理費、宿舎費等)の参考値,2026-03,2026-03-01,mlit-roumu-r8,参1-参3,https://www.mlit.go.jp/report/press/content/001981942.pdf,PDL1.0,,
44f8bdde28a7d67d,JP,labor,労務単価,電工,所定労働時間内8時間あたり,人日,pref,10,群馬県,,,,28400,JPY,labor_wage_8h,published_pdl,41900,公共工事設計労務単価＋必要経費(法定福利費(事業主負担分)、労務管理費、宿舎費等)の参考値,2026-03,2026-03-01,mlit-roumu-r8,参1-参3,https://www.mlit.go.jp/report/press/content/001981942.pdf,PDL1.0,,
188419ce21c67d82,JP,labor,労務単価,鉄筋工,所定労働時間内8時間あたり,人日,pref,10,群馬県,,,,30000,JPY,labor_wage_8h,published_pdl,44300,公共工事設計労務単価＋必要経費(法定福利費(事業主負担分)、労務管理費、宿舎費等)の参考値,2026-03,2026-03-01,mlit-roumu-r8,参1-参3,https://www.mlit.go.jp/report/press/content/001981942.pdf,PDL1.0,,
e7ce2f8ef18a0423,JP,labor,労務単価,鉄骨工,所定労働時間内8時間あたり,人日,pref,10,群馬県,,,,27900,JPY,labor_wage_8h,published_pdl,41200,公共工事設計労務単価＋必要経費(法定福利費(事業主負担分)、労務管理費、宿舎費等)の参考値,2026-03,2026-03-01,mlit-roumu-r8,参1-参3,https://www.mlit.go.jp/report/press/content/001981942.pdf,PDL1.0,,
a4ec9343e4c76885,JP,labor,労務単価,塗装工,所定労働時間内8時間あたり,人日,pref,10,群馬県,,,,29600,JPY,labor_wage_8h,published_pdl,43700,公共工事設計労務単価＋必要経費(法定福利費(事業主負担分)、労務管理費、宿舎費等)の参考値,2026-03,2026-03-01,mlit-roumu-r8,参1-参3,https://www.mlit.go.jp/report/press/content/001981942.pdf,PDL1.0,,
254b6eadbf69a125,JP,labor,労務単価,溶接工,所定労働時間内8時間あたり,人日,pref,10,群馬県,,,,34200,JPY,labor_wage_8h,published_pdl,50500,公共工事設計労務単価＋必要経費(法定福利費(事業主負担分)、労務管理費、宿舎費等)の参考値,2026-03,2026-03-01,mlit-roumu-r8,参1-参3,https://www.mlit.go.jp/report/press/content/001981942.pdf,PDL1.0,,
15c106f91d31a70e,JP,labor,労務単価,運転手（特殊）,所定労働時間内8時間あたり,人日,pref,10,群馬県,,,,27900,JPY,labor_wage_8h,published_pdl,41200,公共工事設計労務単価＋必要経費(法定福利費(事業主負担分)、労務管理費、宿舎費等)の参考値,2026-03,2026-03-01,mlit-roumu-r8,参1-参3,https://www.mlit.go.jp/report/press/content/001981942.pdf,PDL1.0,,
8d218034a33ee0c1,JP,labor,労務単価,運転手（一般）,所定労働時間内8時間あたり,人日,pref,10,群馬県,,,,23300,JPY,labor_wage_8h,published_pdl,34400,公共工事設計労務単価＋必要経費(法定福利費(事業主負担分)、労務管理費、宿舎費等)の参考値,2026-03,2026-03-01,mlit-roumu-r8,参1-参3,https://www.mlit.go.jp/report/press/content/001981942.pdf,PDL1.0,,
22a9cbb83edc81c8,JP,labor,労務単価,潜かん工,所定労働時間内8時間あたり,人日,pref,10,群馬県,,,,37300,JPY,labor_wage_8h,published_pdl,55100,公共工事設計労務単価＋必要経費(法定福利費(事業主負担分)、労務管理費、宿舎費等)の参考値,2026-03,2026-03-01,mlit-roumu-r8,参1-参3,https://www.mlit.go.jp/report/press/content/001981942.pdf,PDL1.0,,
f908c68fbfa23721,JP,labor,労務単価,潜かん世話役,所定労働時間内8時間あたり,人日,pref,10,群馬県,,,,44000,JPY,labor_wage_8h,published_pdl,65000,公共工事設計労務単価＋必要経費(法定福利費(事業主負担分)、労務管理費、宿舎費等)の参考値,2026-03,2026-03-01,mlit-roumu-r8,参1-参3,https://www.mlit.go.jp/report/press/content/001981942.pdf,PDL1.0,,
a755fa4951c21342,JP,labor,労務単価,さく岩工,所定労働時間内8時間あたり,人日,pref,10,群馬県,,,,41400,JPY,labor_wage_8h,published_pdl,61100,公共工事設計労務単価＋必要経費(法定福利費(事業主負担分)、労務管理費、宿舎費等)の参考値,2026-03,2026-03-01,mlit-roumu-r8,参1-参3,https://www.mlit.go.jp/report/press/content/001981942.pdf,PDL1.0,,
ff2523a042c2503b,JP,labor,労務単価,トンネル特殊工,所定労働時間内8時間あたり,人日,pref,10,群馬県,,,,44100,JPY,labor_wage_8h,published_pdl,65100,公共工事設計労務単価＋必要経費(法定福利費(事業主負担分)、労務管理費、宿舎費等)の参考値,2026-03,2026-03-01,mlit-roumu-r8,参1-参3,https://www.mlit.go.jp/report/press/content/001981942.pdf,PDL1.0,,
c454a2ab790c0213,JP,labor,労務単価,トンネル作業員,所定労働時間内8時間あたり,人日,pref,10,群馬県,,,,32300,JPY,labor_wage_8h,published_pdl,47700,公共工事設計労務単価＋必要経費(法定福利費(事業主負担分)、労務管理費、宿舎費等)の参考値,2026-03,2026-03-01,mlit-roumu-r8,参1-参3,https://www.mlit.go.jp/report/press/content/001981942.pdf,PDL1.0,,
ac9c17d5c1421bb3,JP,labor,労務単価,トンネル世話役,所定労働時間内8時間あたり,人日,pref,10,群馬県,,,,42900,JPY,labor_wage_8h,published_pdl,63400,公共工事設計労務単価＋必要経費(法定福利費(事業主負担分)、労務管理費、宿舎費等)の参考値,2026-03,2026-03-01,mlit-roumu-r8,参1-参3,https://www.mlit.go.jp/report/press/content/001981942.pdf,PDL1.0,,
2bbb35480ed9ba87,JP,labor,労務単価,橋りょう特殊工,所定労働時間内8時間あたり,人日,pref,10,群馬県,,,,36800,JPY,labor_wage_8h,published_pdl,54400,公共工事設計労務単価＋必要経費(法定福利費(事業主負担分)、労務管理費、宿舎費等)の参考値,2026-03,2026-03-01,mlit-roumu-r8,参1-参3,https://www.mlit.go.jp/report/press/content/001981942.pdf,PDL1.0,,
c42ea7ece84edbc2,JP,labor,労務単価,橋りょう塗装工,所定労働時間内8時間あたり,人日,pref,10,群馬県,,,,36400,JPY,labor_wage_8h,published_pdl,53800,公共工事設計労務単価＋必要経費(法定福利費(事業主負担分)、労務管理費、宿舎費等)の参考値,2026-03,2026-03-01,mlit-roumu-r8,参1-参3,https://www.mlit.go.jp/report/press/content/001981942.pdf,PDL1.0,,
a17ce9e95c335ca8,JP,labor,労務単価,橋りょう世話役,所定労働時間内8時間あたり,人日,pref,10,群馬県,,,,41300,JPY,labor_wage_8h,published_pdl,61000,公共工事設計労務単価＋必要経費(法定福利費(事業主負担分)、労務管理費、宿舎費等)の参考値,2026-03,2026-03-01,mlit-roumu-r8,参1-参3,https://www.mlit.go.jp/report/press/content/001981942.pdf,PDL1.0,,
cd38a294bb95015c,JP,labor,労務単価,土木一般世話役,所定労働時間内8時間あたり,人日,pref,10,群馬県,,,,32300,JPY,labor_wage_8h,published_pdl,47700,公共工事設計労務単価＋必要経費(法定福利費(事業主負担分)、労務管理費、宿舎費等)の参考値,2026-03,2026-03-01,mlit-roumu-r8,参1-参3,https://www.mlit.go.jp/report/press/content/001981942.pdf,PDL1.0,,
8e8c2a7f1c7cff58,JP,labor,労務単価,高級船員,所定労働時間内8時間あたり,人日,pref,10,群馬県,,,,42000,JPY,labor_wage_8h,published_pdl,62000,公共工事設計労務単価＋必要経費(法定福利費(事業主負担分)、労務管理費、宿舎費等)の参考値,2026-03,2026-03-01,mlit-roumu-r8,参1-参3,https://www.mlit.go.jp/report/press/content/001981942.pdf,PDL1.0,,
c5dc2112d970eb2e,JP,labor,労務単価,普通船員,所定労働時間内8時間あたり,人日,pref,10,群馬県,,,,32800,JPY,labor_wage_8h,published_pdl,48400,公共工事設計労務単価＋必要経費(法定福利費(事業主負担分)、労務管理費、宿舎費等)の参考値,2026-03,2026-03-01,mlit-roumu-r8,参1-参3,https://www.mlit.go.jp/report/press/content/001981942.pdf,PDL1.0,,
94304271e5555fa2,JP,labor,労務単価,潜水士,所定労働時間内8時間あたり,人日,pref,10,群馬県,,,,51300,JPY,labor_wage_8h,published_pdl,75800,公共工事設計労務単価＋必要経費(法定福利費(事業主負担分)、労務管理費、宿舎費等)の参考値,2026-03,2026-03-01,mlit-roumu-r8,参1-参3,https://www.mlit.go.jp/report/press/content/001981942.pdf,PDL1.0,,
d059e7fb81682d0a,JP,labor,労務単価,潜水連絡員,所定労働時間内8時間あたり,人日,pref,10,群馬県,,,,33100,JPY,labor_wage_8h,published_pdl,48900,公共工事設計労務単価＋必要経費(法定福利費(事業主負担分)、労務管理費、宿舎費等)の参考値,2026-03,2026-03-01,mlit-roumu-r8,参1-参3,https://www.mlit.go.jp/report/press/content/001981942.pdf,PDL1.0,,
bdffd58c13a7d8fa,JP,labor,労務単価,潜水送気員,所定労働時間内8時間あたり,人日,pref,10,群馬県,,,,33700,JPY,labor_wage_8h,published_pdl,49800,公共工事設計労務単価＋必要経費(法定福利費(事業主負担分)、労務管理費、宿舎費等)の参考値,2026-03,2026-03-01,mlit-roumu-r8,参1-参3,https://www.mlit.go.jp/report/press/content/001981942.pdf,PDL1.0,,
4775548c4057e534,JP,labor,労務単価,山林砂防工,所定労働時間内8時間あたり,人日,pref,10,群馬県,,,,32600,JPY,labor_wage_8h,published_pdl,48200,公共工事設計労務単価＋必要経費(法定福利費(事業主負担分)、労務管理費、宿舎費等)の参考値,2026-03,2026-03-01,mlit-roumu-r8,参1-参3,https://www.mlit.go.jp/report/press/content/001981942.pdf,PDL1.0,,
592eb7f9851d96f0,JP,labor,労務単価,軌道工,所定労働時間内8時間あたり,人日,pref,10,群馬県,,,,55800,JPY,labor_wage_8h,published_pdl,82400,公共工事設計労務単価＋必要経費(法定福利費(事業主負担分)、労務管理費、宿舎費等)の参考値,2026-03,2026-03-01,mlit-roumu-r8,参1-参3,https://www.mlit.go.jp/report/press/content/001981942.pdf,PDL1.0,,
0c3731e463d4238e,JP,labor,労務単価,型わく工,所定労働時間内8時間あたり,人日,pref,10,群馬県,,,,31200,JPY,labor_wage_8h,published_pdl,46100,公共工事設計労務単価＋必要経費(法定福利費(事業主負担分)、労務管理費、宿舎費等)の参考値,2026-03,2026-03-01,mlit-roumu-r8,参1-参3,https://www.mlit.go.jp/report/press/content/001981942.pdf,PDL1.0,,
cd87867a78956f05,JP,labor,労務単価,大工,所定労働時間内8時間あたり,人日,pref,10,群馬県,,,,30400,JPY,labor_wage_8h,published_pdl,44900,公共工事設計労務単価＋必要経費(法定福利費(事業主負担分)、労務管理費、宿舎費等)の参考値,2026-03,2026-03-01,mlit-roumu-r8,参1-参3,https://www.mlit.go.jp/report/press/content/001981942.pdf,PDL1.0,,
7506739eccc57057,JP,labor,労務単価,左官,所定労働時間内8時間あたり,人日,pref,10,群馬県,,,,29200,JPY,labor_wage_8h,published_pdl,43100,公共工事設計労務単価＋必要経費(法定福利費(事業主負担分)、労務管理費、宿舎費等)の参考値,2026-03,2026-03-01,mlit-roumu-r8,参1-参3,https://www.mlit.go.jp/report/press/content/001981942.pdf,PDL1.0,,
e2e7638b818efe37,JP,labor,労務単価,配管工,所定労働時間内8時間あたり,人日,pref,10,群馬県,,,,28200,JPY,labor_wage_8h,published_pdl,41700,公共工事設計労務単価＋必要経費(法定福利費(事業主負担分)、労務管理費、宿舎費等)の参考値,2026-03,2026-03-01,mlit-roumu-r8,参1-参3,https://www.mlit.go.jp/report/press/content/001981942.pdf,PDL1.0,,
6ac657c200e9b459,JP,labor,労務単価,はつり工,所定労働時間内8時間あたり,人日,pref,10,群馬県,,,,31300,JPY,labor_wage_8h,published_pdl,46200,公共工事設計労務単価＋必要経費(法定福利費(事業主負担分)、労務管理費、宿舎費等)の参考値,2026-03,2026-03-01,mlit-roumu-r8,参1-参3,https://www.mlit.go.jp/report/press/content/001981942.pdf,PDL1.0,,
6f65c5761b435511,JP,labor,労務単価,防水工,所定労働時間内8時間あたり,人日,pref,10,群馬県,,,,32700,JPY,labor_wage_8h,published_pdl,48300,公共工事設計労務単価＋必要経費(法定福利費(事業主負担分)、労務管理費、宿舎費等)の参考値,2026-03,2026-03-01,mlit-roumu-r8,参1-参3,https://www.mlit.go.jp/report/press/content/001981942.pdf,PDL1.0,,
19b661ead5287763,JP,labor,労務単価,板金工,所定労働時間内8時間あたり,人日,pref,10,群馬県,,,,32000,JPY,labor_wage_8h,published_pdl,47300,公共工事設計労務単価＋必要経費(法定福利費(事業主負担分)、労務管理費、宿舎費等)の参考値,2026-03,2026-03-01,mlit-roumu-r8,参1-参3,https://www.mlit.go.jp/report/press/content/001981942.pdf,PDL1.0,,
82afb69a088fb2df,JP,labor,労務単価,タイル工,所定労働時間内8時間あたり,人日,pref,10,群馬県,,,,26100,JPY,labor_wage_8h,published_pdl,38500,公共工事設計労務単価＋必要経費(法定福利費(事業主負担分)、労務管理費、宿舎費等)の参考値,2026-03,2026-03-01,mlit-roumu-r8,参1-参3,https://www.mlit.go.jp/report/press/content/001981942.pdf,PDL1.0,,
28bd07a029f14f99,JP,labor,労務単価,サッシ工,所定労働時間内8時間あたり,人日,pref,10,群馬県,,,,32400,JPY,labor_wage_8h,published_pdl,47900,公共工事設計労務単価＋必要経費(法定福利費(事業主負担分)、労務管理費、宿舎費等)の参考値,2026-03,2026-03-01,mlit-roumu-r8,参1-参3,https://www.mlit.go.jp/report/press/content/001981942.pdf,PDL1.0,,
d202621931d9a990,JP,labor,労務単価,屋根ふき工,所定労働時間内8時間あたり,人日,pref,10,群馬県,,,,,JPY,labor_wage_8h,not_set,,,2026-03,2026-03-01,mlit-roumu-r8,参1-参3,https://www.mlit.go.jp/report/press/content/001981942.pdf,PDL1.0,,原本の表で『-』(この都道府県ではこの職種の単価を設定していない)
ad08a599dddf5ab4,JP,labor,労務単価,内装工,所定労働時間内8時間あたり,人日,pref,10,群馬県,,,,34200,JPY,labor_wage_8h,published_pdl,50500,公共工事設計労務単価＋必要経費(法定福利費(事業主負担分)、労務管理費、宿舎費等)の参考値,2026-03,2026-03-01,mlit-roumu-r8,参1-参3,https://www.mlit.go.jp/report/press/content/001981942.pdf,PDL1.0,,
cd9f197013351360,JP,labor,労務単価,ガラス工,所定労働時間内8時間あたり,人日,pref,10,群馬県,,,,33300,JPY,labor_wage_8h,published_pdl,49200,公共工事設計労務単価＋必要経費(法定福利費(事業主負担分)、労務管理費、宿舎費等)の参考値,2026-03,2026-03-01,mlit-roumu-r8,参1-参3,https://www.mlit.go.jp/report/press/content/001981942.pdf,PDL1.0,,
dce3c406f50459f4,JP,labor,労務単価,建具工,所定労働時間内8時間あたり,人日,pref,10,群馬県,,,,29000,JPY,labor_wage_8h,published_pdl,42800,公共工事設計労務単価＋必要経費(法定福利費(事業主負担分)、労務管理費、宿舎費等)の参考値,2026-03,2026-03-01,mlit-roumu-r8,参1-参3,https://www.mlit.go.jp/report/press/content/001981942.pdf,PDL1.0,,
6de191f897c16ac1,JP,labor,労務単価,ダクト工,所定労働時間内8時間あたり,人日,pref,10,群馬県,,,,28500,JPY,labor_wage_8h,published_pdl,42100,公共工事設計労務単価＋必要経費(法定福利費(事業主負担分)、労務管理費、宿舎費等)の参考値,2026-03,2026-03-01,mlit-roumu-r8,参1-参3,https://www.mlit.go.jp/report/press/content/001981942.pdf,PDL1.0,,
b1e1929f95462713,JP,labor,労務単価,保温工,所定労働時間内8時間あたり,人日,pref,10,群馬県,,,,28700,JPY,labor_wage_8h,published_pdl,42400,公共工事設計労務単価＋必要経費(法定福利費(事業主負担分)、労務管理費、宿舎費等)の参考値,2026-03,2026-03-01,mlit-roumu-r8,参1-参3,https://www.mlit.go.jp/report/press/content/001981942.pdf,PDL1.0,,
010a4bae8f04954b,JP,labor,労務単価,設備機械工,所定労働時間内8時間あたり,人日,pref,10,群馬県,,,,28100,JPY,labor_wage_8h,published_pdl,41500,公共工事設計労務単価＋必要経費(法定福利費(事業主負担分)、労務管理費、宿舎費等)の参考値,2026-03,2026-03-01,mlit-roumu-r8,参1-参3,https://www.mlit.go.jp/report/press/content/001981942.pdf,PDL1.0,,
e08dbdd553c2d6fb,JP,labor,労務単価,交通誘導警備員Ａ,所定労働時間内8時間あたり,人日,pref,10,群馬県,,,,18000,JPY,labor_wage_8h,published_pdl,26600,公共工事設計労務単価＋必要経費(法定福利費(事業主負担分)、労務管理費、宿舎費等)の参考値,2026-03,2026-03-01,mlit-roumu-r8,参1-参3,https://www.mlit.go.jp/report/press/content/001981942.pdf,PDL1.0,,
293bcba46ea36acc,JP,labor,労務単価,交通誘導警備員Ｂ,所定労働時間内8時間あたり,人日,pref,10,群馬県,,,,16800,JPY,labor_wage_8h,published_pdl,24800,公共工事設計労務単価＋必要経費(法定福利費(事業主負担分)、労務管理費、宿舎費等)の参考値,2026-03,2026-03-01,mlit-roumu-r8,参1-参3,https://www.mlit.go.jp/report/press/content/001981942.pdf,PDL1.0,,
b23c7db721ab5825,JP,labor,労務単価,特殊作業員,所定労働時間内8時間あたり,人日,pref,11,埼玉県,,,,29000,JPY,labor_wage_8h,published_pdl,42800,公共工事設計労務単価＋必要経費(法定福利費(事業主負担分)、労務管理費、宿舎費等)の参考値,2026-03,2026-03-01,mlit-roumu-r8,参1-参3,https://www.mlit.go.jp/report/press/content/001981942.pdf,PDL1.0,,
211d7d8fb71629b9,JP,labor,労務単価,普通作業員,所定労働時間内8時間あたり,人日,pref,11,埼玉県,,,,25900,JPY,labor_wage_8h,published_pdl,38300,公共工事設計労務単価＋必要経費(法定福利費(事業主負担分)、労務管理費、宿舎費等)の参考値,2026-03,2026-03-01,mlit-roumu-r8,参1-参3,https://www.mlit.go.jp/report/press/content/001981942.pdf,PDL1.0,,
5d160eb322f827b4,JP,labor,労務単価,軽作業員,所定労働時間内8時間あたり,人日,pref,11,埼玉県,,,,18000,JPY,labor_wage_8h,published_pdl,26600,公共工事設計労務単価＋必要経費(法定福利費(事業主負担分)、労務管理費、宿舎費等)の参考値,2026-03,2026-03-01,mlit-roumu-r8,参1-参3,https://www.mlit.go.jp/report/press/content/001981942.pdf,PDL1.0,,
10cce090cd3c55e1,JP,labor,労務単価,造園工,所定労働時間内8時間あたり,人日,pref,11,埼玉県,,,,26500,JPY,labor_wage_8h,published_pdl,39100,公共工事設計労務単価＋必要経費(法定福利費(事業主負担分)、労務管理費、宿舎費等)の参考値,2026-03,2026-03-01,mlit-roumu-r8,参1-参3,https://www.mlit.go.jp/report/press/content/001981942.pdf,PDL1.0,,
ca9dba2eb9444ffd,JP,labor,労務単価,法面工,所定労働時間内8時間あたり,人日,pref,11,埼玉県,,,,31900,JPY,labor_wage_8h,published_pdl,47100,公共工事設計労務単価＋必要経費(法定福利費(事業主負担分)、労務管理費、宿舎費等)の参考値,2026-03,2026-03-01,mlit-roumu-r8,参1-参3,https://www.mlit.go.jp/report/press/content/001981942.pdf,PDL1.0,,
bc60a211dfc24dc8,JP,labor,労務単価,とび工,所定労働時間内8時間あたり,人日,pref,11,埼玉県,,,,32400,JPY,labor_wage_8h,published_pdl,47900,公共工事設計労務単価＋必要経費(法定福利費(事業主負担分)、労務管理費、宿舎費等)の参考値,2026-03,2026-03-01,mlit-roumu-r8,参1-参3,https://www.mlit.go.jp/report/press/content/001981942.pdf,PDL1.0,,
a26d48045fb5ceb9,JP,labor,労務単価,石工,所定労働時間内8時間あたり,人日,pref,11,埼玉県,,,,32700,JPY,labor_wage_8h,published_pdl,48300,公共工事設計労務単価＋必要経費(法定福利費(事業主負担分)、労務管理費、宿舎費等)の参考値,2026-03,2026-03-01,mlit-roumu-r8,参1-参3,https://www.mlit.go.jp/report/press/content/001981942.pdf,PDL1.0,,
b031a36a00297b7d,JP,labor,労務単価,ブロック工,所定労働時間内8時間あたり,人日,pref,11,埼玉県,,,,32400,JPY,labor_wage_8h,published_pdl,47900,公共工事設計労務単価＋必要経費(法定福利費(事業主負担分)、労務管理費、宿舎費等)の参考値,2026-03,2026-03-01,mlit-roumu-r8,参1-参3,https://www.mlit.go.jp/report/press/content/001981942.pdf,PDL1.0,,
c83e115351ed23d2,JP,labor,労務単価,電工,所定労働時間内8時間あたり,人日,pref,11,埼玉県,,,,31200,JPY,labor_wage_8h,published_pdl,46100,公共工事設計労務単価＋必要経費(法定福利費(事業主負担分)、労務管理費、宿舎費等)の参考値,2026-03,2026-03-01,mlit-roumu-r8,参1-参3,https://www.mlit.go.jp/report/press/content/001981942.pdf,PDL1.0,,
22abfe4c9d007a0d,JP,labor,労務単価,鉄筋工,所定労働時間内8時間あたり,人日,pref,11,埼玉県,,,,33200,JPY,labor_wage_8h,published_pdl,49000,公共工事設計労務単価＋必要経費(法定福利費(事業主負担分)、労務管理費、宿舎費等)の参考値,2026-03,2026-03-01,mlit-roumu-r8,参1-参3,https://www.mlit.go.jp/report/press/content/001981942.pdf,PDL1.0,,
5069c15cb386cace,JP,labor,労務単価,鉄骨工,所定労働時間内8時間あたり,人日,pref,11,埼玉県,,,,29100,JPY,labor_wage_8h,published_pdl,43000,公共工事設計労務単価＋必要経費(法定福利費(事業主負担分)、労務管理費、宿舎費等)の参考値,2026-03,2026-03-01,mlit-roumu-r8,参1-参3,https://www.mlit.go.jp/report/press/content/001981942.pdf,PDL1.0,,
b16ff6c25cb96818,JP,labor,労務単価,塗装工,所定労働時間内8時間あたり,人日,pref,11,埼玉県,,,,34500,JPY,labor_wage_8h,published_pdl,51000,公共工事設計労務単価＋必要経費(法定福利費(事業主負担分)、労務管理費、宿舎費等)の参考値,2026-03,2026-03-01,mlit-roumu-r8,参1-参3,https://www.mlit.go.jp/report/press/content/001981942.pdf,PDL1.0,,
c9cd843bacde471d,JP,labor,労務単価,溶接工,所定労働時間内8時間あたり,人日,pref,11,埼玉県,,,,35800,JPY,labor_wage_8h,published_pdl,52900,公共工事設計労務単価＋必要経費(法定福利費(事業主負担分)、労務管理費、宿舎費等)の参考値,2026-03,2026-03-01,mlit-roumu-r8,参1-参3,https://www.mlit.go.jp/report/press/content/001981942.pdf,PDL1.0,,
adb09fbf75242ae6,JP,labor,労務単価,運転手（特殊）,所定労働時間内8時間あたり,人日,pref,11,埼玉県,,,,31700,JPY,labor_wage_8h,published_pdl,46800,公共工事設計労務単価＋必要経費(法定福利費(事業主負担分)、労務管理費、宿舎費等)の参考値,2026-03,2026-03-01,mlit-roumu-r8,参1-参3,https://www.mlit.go.jp/report/press/content/001981942.pdf,PDL1.0,,
0dbfbd06cb4fc429,JP,labor,労務単価,運転手（一般）,所定労働時間内8時間あたり,人日,pref,11,埼玉県,,,,27400,JPY,labor_wage_8h,published_pdl,40500,公共工事設計労務単価＋必要経費(法定福利費(事業主負担分)、労務管理費、宿舎費等)の参考値,2026-03,2026-03-01,mlit-roumu-r8,参1-参3,https://www.mlit.go.jp/report/press/content/001981942.pdf,PDL1.0,,
02e0a178d1e03d46,JP,labor,労務単価,潜かん工,所定労働時間内8時間あたり,人日,pref,11,埼玉県,,,,37300,JPY,labor_wage_8h,published_pdl,55100,公共工事設計労務単価＋必要経費(法定福利費(事業主負担分)、労務管理費、宿舎費等)の参考値,2026-03,2026-03-01,mlit-roumu-r8,参1-参3,https://www.mlit.go.jp/report/press/content/001981942.pdf,PDL1.0,,
5ed89486cf30a271,JP,labor,労務単価,潜かん世話役,所定労働時間内8時間あたり,人日,pref,11,埼玉県,,,,44200,JPY,labor_wage_8h,published_pdl,65300,公共工事設計労務単価＋必要経費(法定福利費(事業主負担分)、労務管理費、宿舎費等)の参考値,2026-03,2026-03-01,mlit-roumu-r8,参1-参3,https://www.mlit.go.jp/report/press/content/001981942.pdf,PDL1.0,,
e47f479a71f9b3f5,JP,labor,労務単価,さく岩工,所定労働時間内8時間あたり,人日,pref,11,埼玉県,,,,41600,JPY,labor_wage_8h,published_pdl,61400,公共工事設計労務単価＋必要経費(法定福利費(事業主負担分)、労務管理費、宿舎費等)の参考値,2026-03,2026-03-01,mlit-roumu-r8,参1-参3,https://www.mlit.go.jp/report/press/content/001981942.pdf,PDL1.0,,
c73b86e3a2db8a08,JP,labor,労務単価,トンネル特殊工,所定労働時間内8時間あたり,人日,pref,11,埼玉県,,,,39000,JPY,labor_wage_8h,published_pdl,57600,公共工事設計労務単価＋必要経費(法定福利費(事業主負担分)、労務管理費、宿舎費等)の参考値,2026-03,2026-03-01,mlit-roumu-r8,参1-参3,https://www.mlit.go.jp/report/press/content/001981942.pdf,PDL1.0,,
fd760de66e6e76da,JP,labor,労務単価,トンネル作業員,所定労働時間内8時間あたり,人日,pref,11,埼玉県,,,,32200,JPY,labor_wage_8h,published_pdl,47600,公共工事設計労務単価＋必要経費(法定福利費(事業主負担分)、労務管理費、宿舎費等)の参考値,2026-03,2026-03-01,mlit-roumu-r8,参1-参3,https://www.mlit.go.jp/report/press/content/001981942.pdf,PDL1.0,,
c9b6d90c41537731,JP,labor,労務単価,トンネル世話役,所定労働時間内8時間あたり,人日,pref,11,埼玉県,,,,43200,JPY,labor_wage_8h,published_pdl,63800,公共工事設計労務単価＋必要経費(法定福利費(事業主負担分)、労務管理費、宿舎費等)の参考値,2026-03,2026-03-01,mlit-roumu-r8,参1-参3,https://www.mlit.go.jp/report/press/content/001981942.pdf,PDL1.0,,
fd6304e2428c8868,JP,labor,労務単価,橋りょう特殊工,所定労働時間内8時間あたり,人日,pref,11,埼玉県,,,,37800,JPY,labor_wage_8h,published_pdl,55800,公共工事設計労務単価＋必要経費(法定福利費(事業主負担分)、労務管理費、宿舎費等)の参考値,2026-03,2026-03-01,mlit-roumu-r8,参1-参3,https://www.mlit.go.jp/report/press/content/001981942.pdf,PDL1.0,,
c0b084c9ea64ca66,JP,labor,労務単価,橋りょう塗装工,所定労働時間内8時間あたり,人日,pref,11,埼玉県,,,,36500,JPY,labor_wage_8h,published_pdl,53900,公共工事設計労務単価＋必要経費(法定福利費(事業主負担分)、労務管理費、宿舎費等)の参考値,2026-03,2026-03-01,mlit-roumu-r8,参1-参3,https://www.mlit.go.jp/report/press/content/001981942.pdf,PDL1.0,,
3945b308bf1e4ac5,JP,labor,労務単価,橋りょう世話役,所定労働時間内8時間あたり,人日,pref,11,埼玉県,,,,41500,JPY,labor_wage_8h,published_pdl,61300,公共工事設計労務単価＋必要経費(法定福利費(事業主負担分)、労務管理費、宿舎費等)の参考値,2026-03,2026-03-01,mlit-roumu-r8,参1-参3,https://www.mlit.go.jp/report/press/content/001981942.pdf,PDL1.0,,
0c614b244544a291,JP,labor,労務単価,土木一般世話役,所定労働時間内8時間あたり,人日,pref,11,埼玉県,,,,32700,JPY,labor_wage_8h,published_pdl,48300,公共工事設計労務単価＋必要経費(法定福利費(事業主負担分)、労務管理費、宿舎費等)の参考値,2026-03,2026-03-01,mlit-roumu-r8,参1-参3,https://www.mlit.go.jp/report/press/content/001981942.pdf,PDL1.0,,
4d16a7926d103cc2,JP,labor,労務単価,高級船員,所定労働時間内8時間あたり,人日,pref,11,埼玉県,,,,39700,JPY,labor_wage_8h,published_pdl,58600,公共工事設計労務単価＋必要経費(法定福利費(事業主負担分)、労務管理費、宿舎費等)の参考値,2026-03,2026-03-01,mlit-roumu-r8,参1-参3,https://www.mlit.go.jp/report/press/content/001981942.pdf,PDL1.0,,
872e14cb3d89af49,JP,labor,労務単価,普通船員,所定労働時間内8時間あたり,人日,pref,11,埼玉県,,,,32700,JPY,labor_wage_8h,published_pdl,48300,公共工事設計労務単価＋必要経費(法定福利費(事業主負担分)、労務管理費、宿舎費等)の参考値,2026-03,2026-03-01,mlit-roumu-r8,参1-参3,https://www.mlit.go.jp/report/press/content/001981942.pdf,PDL1.0,,
d88ca466418d33fa,JP,labor,労務単価,潜水士,所定労働時間内8時間あたり,人日,pref,11,埼玉県,,,,51100,JPY,labor_wage_8h,published_pdl,75500,公共工事設計労務単価＋必要経費(法定福利費(事業主負担分)、労務管理費、宿舎費等)の参考値,2026-03,2026-03-01,mlit-roumu-r8,参1-参3,https://www.mlit.go.jp/report/press/content/001981942.pdf,PDL1.0,,
286b4240e6827851,JP,labor,労務単価,潜水連絡員,所定労働時間内8時間あたり,人日,pref,11,埼玉県,,,,38300,JPY,labor_wage_8h,published_pdl,56600,公共工事設計労務単価＋必要経費(法定福利費(事業主負担分)、労務管理費、宿舎費等)の参考値,2026-03,2026-03-01,mlit-roumu-r8,参1-参3,https://www.mlit.go.jp/report/press/content/001981942.pdf,PDL1.0,,
64292419e4a37add,JP,labor,労務単価,潜水送気員,所定労働時間内8時間あたり,人日,pref,11,埼玉県,,,,36200,JPY,labor_wage_8h,published_pdl,53500,公共工事設計労務単価＋必要経費(法定福利費(事業主負担分)、労務管理費、宿舎費等)の参考値,2026-03,2026-03-01,mlit-roumu-r8,参1-参3,https://www.mlit.go.jp/report/press/content/001981942.pdf,PDL1.0,,
ab51c05df660523d,JP,labor,労務単価,山林砂防工,所定労働時間内8時間あたり,人日,pref,11,埼玉県,,,,32500,JPY,labor_wage_8h,published_pdl,48000,公共工事設計労務単価＋必要経費(法定福利費(事業主負担分)、労務管理費、宿舎費等)の参考値,2026-03,2026-03-01,mlit-roumu-r8,参1-参3,https://www.mlit.go.jp/report/press/content/001981942.pdf,PDL1.0,,
8568e049d3f3d25e,JP,labor,労務単価,軌道工,所定労働時間内8時間あたり,人日,pref,11,埼玉県,,,,60300,JPY,labor_wage_8h,published_pdl,89100,公共工事設計労務単価＋必要経費(法定福利費(事業主負担分)、労務管理費、宿舎費等)の参考値,2026-03,2026-03-01,mlit-roumu-r8,参1-参3,https://www.mlit.go.jp/report/press/content/001981942.pdf,PDL1.0,,
0b2681ad34b85f31,JP,labor,労務単価,型わく工,所定労働時間内8時間あたり,人日,pref,11,埼玉県,,,,32900,JPY,labor_wage_8h,published_pdl,48600,公共工事設計労務単価＋必要経費(法定福利費(事業主負担分)、労務管理費、宿舎費等)の参考値,2026-03,2026-03-01,mlit-roumu-r8,参1-参3,https://www.mlit.go.jp/report/press/content/001981942.pdf,PDL1.0,,
670738da95246bc4,JP,labor,労務単価,大工,所定労働時間内8時間あたり,人日,pref,11,埼玉県,,,,30600,JPY,labor_wage_8h,published_pdl,45200,公共工事設計労務単価＋必要経費(法定福利費(事業主負担分)、労務管理費、宿舎費等)の参考値,2026-03,2026-03-01,mlit-roumu-r8,参1-参3,https://www.mlit.go.jp/report/press/content/001981942.pdf,PDL1.0,,
ef7b83f98cb234d4,JP,labor,労務単価,左官,所定労働時間内8時間あたり,人日,pref,11,埼玉県,,,,32800,JPY,labor_wage_8h,published_pdl,48400,公共工事設計労務単価＋必要経費(法定福利費(事業主負担分)、労務管理費、宿舎費等)の参考値,2026-03,2026-03-01,mlit-roumu-r8,参1-参3,https://www.mlit.go.jp/report/press/content/001981942.pdf,PDL1.0,,
5fb925ee4b68756a,JP,labor,労務単価,配管工,所定労働時間内8時間あたり,人日,pref,11,埼玉県,,,,28900,JPY,labor_wage_8h,published_pdl,42700,公共工事設計労務単価＋必要経費(法定福利費(事業主負担分)、労務管理費、宿舎費等)の参考値,2026-03,2026-03-01,mlit-roumu-r8,参1-参3,https://www.mlit.go.jp/report/press/content/001981942.pdf,PDL1.0,,
373d707ca78e809a,JP,labor,労務単価,はつり工,所定労働時間内8時間あたり,人日,pref,11,埼玉県,,,,31200,JPY,labor_wage_8h,published_pdl,46100,公共工事設計労務単価＋必要経費(法定福利費(事業主負担分)、労務管理費、宿舎費等)の参考値,2026-03,2026-03-01,mlit-roumu-r8,参1-参3,https://www.mlit.go.jp/report/press/content/001981942.pdf,PDL1.0,,
3e83229d36b47de7,JP,labor,労務単価,防水工,所定労働時間内8時間あたり,人日,pref,11,埼玉県,,,,36900,JPY,labor_wage_8h,published_pdl,54500,公共工事設計労務単価＋必要経費(法定福利費(事業主負担分)、労務管理費、宿舎費等)の参考値,2026-03,2026-03-01,mlit-roumu-r8,参1-参3,https://www.mlit.go.jp/report/press/content/001981942.pdf,PDL1.0,,
d37778372f19c111,JP,labor,労務単価,板金工,所定労働時間内8時間あたり,人日,pref,11,埼玉県,,,,35700,JPY,labor_wage_8h,published_pdl,52700,公共工事設計労務単価＋必要経費(法定福利費(事業主負担分)、労務管理費、宿舎費等)の参考値,2026-03,2026-03-01,mlit-roumu-r8,参1-参3,https://www.mlit.go.jp/report/press/content/001981942.pdf,PDL1.0,,
3686c430c52f3b94,JP,labor,労務単価,タイル工,所定労働時間内8時間あたり,人日,pref,11,埼玉県,,,,27700,JPY,labor_wage_8h,published_pdl,40900,公共工事設計労務単価＋必要経費(法定福利費(事業主負担分)、労務管理費、宿舎費等)の参考値,2026-03,2026-03-01,mlit-roumu-r8,参1-参3,https://www.mlit.go.jp/report/press/content/001981942.pdf,PDL1.0,,
03b796a5ddc44453,JP,labor,労務単価,サッシ工,所定労働時間内8時間あたり,人日,pref,11,埼玉県,,,,33100,JPY,labor_wage_8h,published_pdl,48900,公共工事設計労務単価＋必要経費(法定福利費(事業主負担分)、労務管理費、宿舎費等)の参考値,2026-03,2026-03-01,mlit-roumu-r8,参1-参3,https://www.mlit.go.jp/report/press/content/001981942.pdf,PDL1.0,,
b527de8f8a7eb16f,JP,labor,労務単価,屋根ふき工,所定労働時間内8時間あたり,人日,pref,11,埼玉県,,,,,JPY,labor_wage_8h,not_set,,,2026-03,2026-03-01,mlit-roumu-r8,参1-参3,https://www.mlit.go.jp/report/press/content/001981942.pdf,PDL1.0,,原本の表で『-』(この都道府県ではこの職種の単価を設定していない)
cb7d1e209a215b0d,JP,labor,労務単価,内装工,所定労働時間内8時間あたり,人日,pref,11,埼玉県,,,,34800,JPY,labor_wage_8h,published_pdl,51400,公共工事設計労務単価＋必要経費(法定福利費(事業主負担分)、労務管理費、宿舎費等)の参考値,2026-03,2026-03-01,mlit-roumu-r8,参1-参3,https://www.mlit.go.jp/report/press/content/001981942.pdf,PDL1.0,,
adf76176dcfd859f,JP,labor,労務単価,ガラス工,所定労働時間内8時間あたり,人日,pref,11,埼玉県,,,,33400,JPY,labor_wage_8h,published_pdl,49300,公共工事設計労務単価＋必要経費(法定福利費(事業主負担分)、労務管理費、宿舎費等)の参考値,2026-03,2026-03-01,mlit-roumu-r8,参1-参3,https://www.mlit.go.jp/report/press/content/001981942.pdf,PDL1.0,,
e5cc2942d78f0628,JP,labor,労務単価,建具工,所定労働時間内8時間あたり,人日,pref,11,埼玉県,,,,,JPY,labor_wage_8h,not_set,,,2026-03,2026-03-01,mlit-roumu-r8,参1-参3,https://www.mlit.go.jp/report/press/content/001981942.pdf,PDL1.0,,原本の表で『-』(この都道府県ではこの職種の単価を設定していない)
7d5342d1a61c569e,JP,labor,労務単価,ダクト工,所定労働時間内8時間あたり,人日,pref,11,埼玉県,,,,30200,JPY,labor_wage_8h,published_pdl,44600,公共工事設計労務単価＋必要経費(法定福利費(事業主負担分)、労務管理費、宿舎費等)の参考値,2026-03,2026-03-01,mlit-roumu-r8,参1-参3,https://www.mlit.go.jp/report/press/content/001981942.pdf,PDL1.0,,
e79bc8a8a2cbbef4,JP,labor,労務単価,保温工,所定労働時間内8時間あたり,人日,pref,11,埼玉県,,,,28600,JPY,labor_wage_8h,published_pdl,42200,公共工事設計労務単価＋必要経費(法定福利費(事業主負担分)、労務管理費、宿舎費等)の参考値,2026-03,2026-03-01,mlit-roumu-r8,参1-参3,https://www.mlit.go.jp/report/press/content/001981942.pdf,PDL1.0,,
b1e947f32bc2a03b,JP,labor,労務単価,設備機械工,所定労働時間内8時間あたり,人日,pref,11,埼玉県,,,,28100,JPY,labor_wage_8h,published_pdl,41500,公共工事設計労務単価＋必要経費(法定福利費(事業主負担分)、労務管理費、宿舎費等)の参考値,2026-03,2026-03-01,mlit-roumu-r8,参1-参3,https://www.mlit.go.jp/report/press/content/001981942.pdf,PDL1.0,,
905066394dbc8198,JP,labor,労務単価,交通誘導警備員Ａ,所定労働時間内8時間あたり,人日,pref,11,埼玉県,,,,19200,JPY,labor_wage_8h,published_pdl,28400,公共工事設計労務単価＋必要経費(法定福利費(事業主負担分)、労務管理費、宿舎費等)の参考値,2026-03,2026-03-01,mlit-roumu-r8,参1-参3,https://www.mlit.go.jp/report/press/content/001981942.pdf,PDL1.0,,
e65648e7bfa5130a,JP,labor,労務単価,交通誘導警備員Ｂ,所定労働時間内8時間あたり,人日,pref,11,埼玉県,,,,18000,JPY,labor_wage_8h,published_pdl,26600,公共工事設計労務単価＋必要経費(法定福利費(事業主負担分)、労務管理費、宿舎費等)の参考値,2026-03,2026-03-01,mlit-roumu-r8,参1-参3,https://www.mlit.go.jp/report/press/content/001981942.pdf,PDL1.0,,
6e2cd0c4df259153,JP,labor,労務単価,特殊作業員,所定労働時間内8時間あたり,人日,pref,12,千葉県,,,,30000,JPY,labor_wage_8h,published_pdl,44300,公共工事設計労務単価＋必要経費(法定福利費(事業主負担分)、労務管理費、宿舎費等)の参考値,2026-03,2026-03-01,mlit-roumu-r8,参1-参3,https://www.mlit.go.jp/report/press/content/001981942.pdf,PDL1.0,,
bd51cb223e8e719f,JP,labor,労務単価,普通作業員,所定労働時間内8時間あたり,人日,pref,12,千葉県,,,,25500,JPY,labor_wage_8h,published_pdl,37700,公共工事設計労務単価＋必要経費(法定福利費(事業主負担分)、労務管理費、宿舎費等)の参考値,2026-03,2026-03-01,mlit-roumu-r8,参1-参3,https://www.mlit.go.jp/report/press/content/001981942.pdf,PDL1.0,,
19cc2eff0eb5c631,JP,labor,労務単価,軽作業員,所定労働時間内8時間あたり,人日,pref,12,千葉県,,,,17900,JPY,labor_wage_8h,published_pdl,26400,公共工事設計労務単価＋必要経費(法定福利費(事業主負担分)、労務管理費、宿舎費等)の参考値,2026-03,2026-03-01,mlit-roumu-r8,参1-参3,https://www.mlit.go.jp/report/press/content/001981942.pdf,PDL1.0,,
9f6552187fad1e10,JP,labor,労務単価,造園工,所定労働時間内8時間あたり,人日,pref,12,千葉県,,,,27600,JPY,labor_wage_8h,published_pdl,40800,公共工事設計労務単価＋必要経費(法定福利費(事業主負担分)、労務管理費、宿舎費等)の参考値,2026-03,2026-03-01,mlit-roumu-r8,参1-参3,https://www.mlit.go.jp/report/press/content/001981942.pdf,PDL1.0,,
90a0149cf9dc4937,JP,labor,労務単価,法面工,所定労働時間内8時間あたり,人日,pref,12,千葉県,,,,31700,JPY,labor_wage_8h,published_pdl,46800,公共工事設計労務単価＋必要経費(法定福利費(事業主負担分)、労務管理費、宿舎費等)の参考値,2026-03,2026-03-01,mlit-roumu-r8,参1-参3,https://www.mlit.go.jp/report/press/content/001981942.pdf,PDL1.0,,
e3474feb4345c391,JP,labor,労務単価,とび工,所定労働時間内8時間あたり,人日,pref,12,千葉県,,,,33500,JPY,labor_wage_8h,published_pdl,49500,公共工事設計労務単価＋必要経費(法定福利費(事業主負担分)、労務管理費、宿舎費等)の参考値,2026-03,2026-03-01,mlit-roumu-r8,参1-参3,https://www.mlit.go.jp/report/press/content/001981942.pdf,PDL1.0,,
c3acfe13579335e6,JP,labor,労務単価,石工,所定労働時間内8時間あたり,人日,pref,12,千葉県,,,,33200,JPY,labor_wage_8h,published_pdl,49000,公共工事設計労務単価＋必要経費(法定福利費(事業主負担分)、労務管理費、宿舎費等)の参考値,2026-03,2026-03-01,mlit-roumu-r8,参1-参3,https://www.mlit.go.jp/report/press/content/001981942.pdf,PDL1.0,,
ab45c7f8899c5bc4,JP,labor,労務単価,ブロック工,所定労働時間内8時間あたり,人日,pref,12,千葉県,,,,32300,JPY,labor_wage_8h,published_pdl,47700,公共工事設計労務単価＋必要経費(法定福利費(事業主負担分)、労務管理費、宿舎費等)の参考値,2026-03,2026-03-01,mlit-roumu-r8,参1-参3,https://www.mlit.go.jp/report/press/content/001981942.pdf,PDL1.0,,
57af1eaa2ff0ffcb,JP,labor,労務単価,電工,所定労働時間内8時間あたり,人日,pref,12,千葉県,,,,31400,JPY,labor_wage_8h,published_pdl,46400,公共工事設計労務単価＋必要経費(法定福利費(事業主負担分)、労務管理費、宿舎費等)の参考値,2026-03,2026-03-01,mlit-roumu-r8,参1-参3,https://www.mlit.go.jp/report/press/content/001981942.pdf,PDL1.0,,
3e4c62b4c1991026,JP,labor,労務単価,鉄筋工,所定労働時間内8時間あたり,人日,pref,12,千葉県,,,,34400,JPY,labor_wage_8h,published_pdl,50800,公共工事設計労務単価＋必要経費(法定福利費(事業主負担分)、労務管理費、宿舎費等)の参考値,2026-03,2026-03-01,mlit-roumu-r8,参1-参3,https://www.mlit.go.jp/report/press/content/001981942.pdf,PDL1.0,,
d320ce85b4c5b8c5,JP,labor,労務単価,鉄骨工,所定労働時間内8時間あたり,人日,pref,12,千葉県,,,,28900,JPY,labor_wage_8h,published_pdl,42700,公共工事設計労務単価＋必要経費(法定福利費(事業主負担分)、労務管理費、宿舎費等)の参考値,2026-03,2026-03-01,mlit-roumu-r8,参1-参3,https://www.mlit.go.jp/report/press/content/001981942.pdf,PDL1.0,,
af3625a240b7dbd6,JP,labor,労務単価,塗装工,所定労働時間内8時間あたり,人日,pref,12,千葉県,,,,34700,JPY,labor_wage_8h,published_pdl,51300,公共工事設計労務単価＋必要経費(法定福利費(事業主負担分)、労務管理費、宿舎費等)の参考値,2026-03,2026-03-01,mlit-roumu-r8,参1-参3,https://www.mlit.go.jp/report/press/content/001981942.pdf,PDL1.0,,
38258361b87afab4,JP,labor,労務単価,溶接工,所定労働時間内8時間あたり,人日,pref,12,千葉県,,,,35800,JPY,labor_wage_8h,published_pdl,52900,公共工事設計労務単価＋必要経費(法定福利費(事業主負担分)、労務管理費、宿舎費等)の参考値,2026-03,2026-03-01,mlit-roumu-r8,参1-参3,https://www.mlit.go.jp/report/press/content/001981942.pdf,PDL1.0,,
e3201ac54e8ce119,JP,labor,労務単価,運転手（特殊）,所定労働時間内8時間あたり,人日,pref,12,千葉県,,,,30800,JPY,labor_wage_8h,published_pdl,45500,公共工事設計労務単価＋必要経費(法定福利費(事業主負担分)、労務管理費、宿舎費等)の参考値,2026-03,2026-03-01,mlit-roumu-r8,参1-参3,https://www.mlit.go.jp/report/press/content/001981942.pdf,PDL1.0,,
a3519d38614836b2,JP,labor,労務単価,運転手（一般）,所定労働時間内8時間あたり,人日,pref,12,千葉県,,,,27200,JPY,labor_wage_8h,published_pdl,40200,公共工事設計労務単価＋必要経費(法定福利費(事業主負担分)、労務管理費、宿舎費等)の参考値,2026-03,2026-03-01,mlit-roumu-r8,参1-参3,https://www.mlit.go.jp/report/press/content/001981942.pdf,PDL1.0,,
0b4b63c057f3a801,JP,labor,労務単価,潜かん工,所定労働時間内8時間あたり,人日,pref,12,千葉県,,,,37200,JPY,labor_wage_8h,published_pdl,54900,公共工事設計労務単価＋必要経費(法定福利費(事業主負担分)、労務管理費、宿舎費等)の参考値,2026-03,2026-03-01,mlit-roumu-r8,参1-参3,https://www.mlit.go.jp/report/press/content/001981942.pdf,PDL1.0,,
3c5b7f1f7468dd74,JP,labor,労務単価,潜かん世話役,所定労働時間内8時間あたり,人日,pref,12,千葉県,,,,44400,JPY,labor_wage_8h,published_pdl,65600,公共工事設計労務単価＋必要経費(法定福利費(事業主負担分)、労務管理費、宿舎費等)の参考値,2026-03,2026-03-01,mlit-roumu-r8,参1-参3,https://www.mlit.go.jp/report/press/content/001981942.pdf,PDL1.0,,
dc42b98c46f7a8e1,JP,labor,労務単価,さく岩工,所定労働時間内8時間あたり,人日,pref,12,千葉県,,,,41700,JPY,labor_wage_8h,published_pdl,61600,公共工事設計労務単価＋必要経費(法定福利費(事業主負担分)、労務管理費、宿舎費等)の参考値,2026-03,2026-03-01,mlit-roumu-r8,参1-参3,https://www.mlit.go.jp/report/press/content/001981942.pdf,PDL1.0,,
ddd83915d434b91e,JP,labor,労務単価,トンネル特殊工,所定労働時間内8時間あたり,人日,pref,12,千葉県,,,,38800,JPY,labor_wage_8h,published_pdl,57300,公共工事設計労務単価＋必要経費(法定福利費(事業主負担分)、労務管理費、宿舎費等)の参考値,2026-03,2026-03-01,mlit-roumu-r8,参1-参3,https://www.mlit.go.jp/report/press/content/001981942.pdf,PDL1.0,,
f3a27e362cf1a6c2,JP,labor,労務単価,トンネル作業員,所定労働時間内8時間あたり,人日,pref,12,千葉県,,,,32100,JPY,labor_wage_8h,published_pdl,47400,公共工事設計労務単価＋必要経費(法定福利費(事業主負担分)、労務管理費、宿舎費等)の参考値,2026-03,2026-03-01,mlit-roumu-r8,参1-参3,https://www.mlit.go.jp/report/press/content/001981942.pdf,PDL1.0,,
67d179d7e01d9d93,JP,labor,労務単価,トンネル世話役,所定労働時間内8時間あたり,人日,pref,12,千葉県,,,,43000,JPY,labor_wage_8h,published_pdl,63500,公共工事設計労務単価＋必要経費(法定福利費(事業主負担分)、労務管理費、宿舎費等)の参考値,2026-03,2026-03-01,mlit-roumu-r8,参1-参3,https://www.mlit.go.jp/report/press/content/001981942.pdf,PDL1.0,,
983ae73b3d702dc7,JP,labor,労務単価,橋りょう特殊工,所定労働時間内8時間あたり,人日,pref,12,千葉県,,,,36900,JPY,labor_wage_8h,published_pdl,54500,公共工事設計労務単価＋必要経費(法定福利費(事業主負担分)、労務管理費、宿舎費等)の参考値,2026-03,2026-03-01,mlit-roumu-r8,参1-参3,https://www.mlit.go.jp/report/press/content/001981942.pdf,PDL1.0,,
3d6e66d932f8684c,JP,labor,労務単価,橋りょう塗装工,所定労働時間内8時間あたり,人日,pref,12,千葉県,,,,36500,JPY,labor_wage_8h,published_pdl,53900,公共工事設計労務単価＋必要経費(法定福利費(事業主負担分)、労務管理費、宿舎費等)の参考値,2026-03,2026-03-01,mlit-roumu-r8,参1-参3,https://www.mlit.go.jp/report/press/content/001981942.pdf,PDL1.0,,
61d1aa3a8ddcba46,JP,labor,労務単価,橋りょう世話役,所定労働時間内8時間あたり,人日,pref,12,千葉県,,,,41500,JPY,labor_wage_8h,published_pdl,61300,公共工事設計労務単価＋必要経費(法定福利費(事業主負担分)、労務管理費、宿舎費等)の参考値,2026-03,2026-03-01,mlit-roumu-r8,参1-参3,https://www.mlit.go.jp/report/press/content/001981942.pdf,PDL1.0,,
51e58bf9faeb1988,JP,labor,労務単価,土木一般世話役,所定労働時間内8時間あたり,人日,pref,12,千葉県,,,,33400,JPY,labor_wage_8h,published_pdl,49300,公共工事設計労務単価＋必要経費(法定福利費(事業主負担分)、労務管理費、宿舎費等)の参考値,2026-03,2026-03-01,mlit-roumu-r8,参1-参3,https://www.mlit.go.jp/report/press/content/001981942.pdf,PDL1.0,,
01be96bba8ee917a,JP,labor,労務単価,高級船員,所定労働時間内8時間あたり,人日,pref,12,千葉県,,,,39600,JPY,labor_wage_8h,published_pdl,58500,公共工事設計労務単価＋必要経費(法定福利費(事業主負担分)、労務管理費、宿舎費等)の参考値,2026-03,2026-03-01,mlit-roumu-r8,参1-参3,https://www.mlit.go.jp/report/press/content/001981942.pdf,PDL1.0,,
c4d4b5cb4d74e2bb,JP,labor,労務単価,普通船員,所定労働時間内8時間あたり,人日,pref,12,千葉県,,,,32700,JPY,labor_wage_8h,published_pdl,48300,公共工事設計労務単価＋必要経費(法定福利費(事業主負担分)、労務管理費、宿舎費等)の参考値,2026-03,2026-03-01,mlit-roumu-r8,参1-参3,https://www.mlit.go.jp/report/press/content/001981942.pdf,PDL1.0,,
f24f3d60d2501252,JP,labor,労務単価,潜水士,所定労働時間内8時間あたり,人日,pref,12,千葉県,,,,51100,JPY,labor_wage_8h,published_pdl,75500,公共工事設計労務単価＋必要経費(法定福利費(事業主負担分)、労務管理費、宿舎費等)の参考値,2026-03,2026-03-01,mlit-roumu-r8,参1-参3,https://www.mlit.go.jp/report/press/content/001981942.pdf,PDL1.0,,
5770487d6c623b2a,JP,labor,労務単価,潜水連絡員,所定労働時間内8時間あたり,人日,pref,12,千葉県,,,,38200,JPY,labor_wage_8h,published_pdl,56400,公共工事設計労務単価＋必要経費(法定福利費(事業主負担分)、労務管理費、宿舎費等)の参考値,2026-03,2026-03-01,mlit-roumu-r8,参1-参3,https://www.mlit.go.jp/report/press/content/001981942.pdf,PDL1.0,,
02330f29236be230,JP,labor,労務単価,潜水送気員,所定労働時間内8時間あたり,人日,pref,12,千葉県,,,,36200,JPY,labor_wage_8h,published_pdl,53500,公共工事設計労務単価＋必要経費(法定福利費(事業主負担分)、労務管理費、宿舎費等)の参考値,2026-03,2026-03-01,mlit-roumu-r8,参1-参3,https://www.mlit.go.jp/report/press/content/001981942.pdf,PDL1.0,,
3d1d089bbdd004e8,JP,labor,労務単価,山林砂防工,所定労働時間内8時間あたり,人日,pref,12,千葉県,,,,32400,JPY,labor_wage_8h,published_pdl,47900,公共工事設計労務単価＋必要経費(法定福利費(事業主負担分)、労務管理費、宿舎費等)の参考値,2026-03,2026-03-01,mlit-roumu-r8,参1-参3,https://www.mlit.go.jp/report/press/content/001981942.pdf,PDL1.0,,
d38ed3ee7639d3b5,JP,labor,労務単価,軌道工,所定労働時間内8時間あたり,人日,pref,12,千葉県,,,,61600,JPY,labor_wage_8h,published_pdl,91000,公共工事設計労務単価＋必要経費(法定福利費(事業主負担分)、労務管理費、宿舎費等)の参考値,2026-03,2026-03-01,mlit-roumu-r8,参1-参3,https://www.mlit.go.jp/report/press/content/001981942.pdf,PDL1.0,,
ef65dd45aca94e2b,JP,labor,労務単価,型わく工,所定労働時間内8時間あたり,人日,pref,12,千葉県,,,,31800,JPY,labor_wage_8h,published_pdl,47000,公共工事設計労務単価＋必要経費(法定福利費(事業主負担分)、労務管理費、宿舎費等)の参考値,2026-03,2026-03-01,mlit-roumu-r8,参1-参3,https://www.mlit.go.jp/report/press/content/001981942.pdf,PDL1.0,,
e89f6ee10d3f215e,JP,labor,労務単価,大工,所定労働時間内8時間あたり,人日,pref,12,千葉県,,,,30500,JPY,labor_wage_8h,published_pdl,45000,公共工事設計労務単価＋必要経費(法定福利費(事業主負担分)、労務管理費、宿舎費等)の参考値,2026-03,2026-03-01,mlit-roumu-r8,参1-参3,https://www.mlit.go.jp/report/press/content/001981942.pdf,PDL1.0,,
42fc44ddec695705,JP,labor,労務単価,左官,所定労働時間内8時間あたり,人日,pref,12,千葉県,,,,33400,JPY,labor_wage_8h,published_pdl,49300,公共工事設計労務単価＋必要経費(法定福利費(事業主負担分)、労務管理費、宿舎費等)の参考値,2026-03,2026-03-01,mlit-roumu-r8,参1-参3,https://www.mlit.go.jp/report/press/content/001981942.pdf,PDL1.0,,
6225256416624e73,JP,labor,労務単価,配管工,所定労働時間内8時間あたり,人日,pref,12,千葉県,,,,29400,JPY,labor_wage_8h,published_pdl,43400,公共工事設計労務単価＋必要経費(法定福利費(事業主負担分)、労務管理費、宿舎費等)の参考値,2026-03,2026-03-01,mlit-roumu-r8,参1-参3,https://www.mlit.go.jp/report/press/content/001981942.pdf,PDL1.0,,
77663df7dbc07811,JP,labor,労務単価,はつり工,所定労働時間内8時間あたり,人日,pref,12,千葉県,,,,31200,JPY,labor_wage_8h,published_pdl,46100,公共工事設計労務単価＋必要経費(法定福利費(事業主負担分)、労務管理費、宿舎費等)の参考値,2026-03,2026-03-01,mlit-roumu-r8,参1-参3,https://www.mlit.go.jp/report/press/content/001981942.pdf,PDL1.0,,
ed0116685374ec53,JP,labor,労務単価,防水工,所定労働時間内8時間あたり,人日,pref,12,千葉県,,,,36900,JPY,labor_wage_8h,published_pdl,54500,公共工事設計労務単価＋必要経費(法定福利費(事業主負担分)、労務管理費、宿舎費等)の参考値,2026-03,2026-03-01,mlit-roumu-r8,参1-参3,https://www.mlit.go.jp/report/press/content/001981942.pdf,PDL1.0,,
ff0ee612544bc431,JP,labor,労務単価,板金工,所定労働時間内8時間あたり,人日,pref,12,千葉県,,,,35800,JPY,labor_wage_8h,published_pdl,52900,公共工事設計労務単価＋必要経費(法定福利費(事業主負担分)、労務管理費、宿舎費等)の参考値,2026-03,2026-03-01,mlit-roumu-r8,参1-参3,https://www.mlit.go.jp/report/press/content/001981942.pdf,PDL1.0,,
d374f91433f39234,JP,labor,労務単価,タイル工,所定労働時間内8時間あたり,人日,pref,12,千葉県,,,,27700,JPY,labor_wage_8h,published_pdl,40900,公共工事設計労務単価＋必要経費(法定福利費(事業主負担分)、労務管理費、宿舎費等)の参考値,2026-03,2026-03-01,mlit-roumu-r8,参1-参3,https://www.mlit.go.jp/report/press/content/001981942.pdf,PDL1.0,,
43097c06213196f1,JP,labor,労務単価,サッシ工,所定労働時間内8時間あたり,人日,pref,12,千葉県,,,,33200,JPY,labor_wage_8h,published_pdl,49000,公共工事設計労務単価＋必要経費(法定福利費(事業主負担分)、労務管理費、宿舎費等)の参考値,2026-03,2026-03-01,mlit-roumu-r8,参1-参3,https://www.mlit.go.jp/report/press/content/001981942.pdf,PDL1.0,,
134b4f6460365871,JP,labor,労務単価,屋根ふき工,所定労働時間内8時間あたり,人日,pref,12,千葉県,,,,,JPY,labor_wage_8h,not_set,,,2026-03,2026-03-01,mlit-roumu-r8,参1-参3,https://www.mlit.go.jp/report/press/content/001981942.pdf,PDL1.0,,原本の表で『-』(この都道府県ではこの職種の単価を設定していない)
afdf01f4bdca9319,JP,labor,労務単価,内装工,所定労働時間内8時間あたり,人日,pref,12,千葉県,,,,34100,JPY,labor_wage_8h,published_pdl,50400,公共工事設計労務単価＋必要経費(法定福利費(事業主負担分)、労務管理費、宿舎費等)の参考値,2026-03,2026-03-01,mlit-roumu-r8,参1-参3,https://www.mlit.go.jp/report/press/content/001981942.pdf,PDL1.0,,
aa73b25309b19513,JP,labor,労務単価,ガラス工,所定労働時間内8時間あたり,人日,pref,12,千葉県,,,,33400,JPY,labor_wage_8h,published_pdl,49300,公共工事設計労務単価＋必要経費(法定福利費(事業主負担分)、労務管理費、宿舎費等)の参考値,2026-03,2026-03-01,mlit-roumu-r8,参1-参3,https://www.mlit.go.jp/report/press/content/001981942.pdf,PDL1.0,,
cca402bd10e513f6,JP,labor,労務単価,建具工,所定労働時間内8時間あたり,人日,pref,12,千葉県,,,,,JPY,labor_wage_8h,not_set,,,2026-03,2026-03-01,mlit-roumu-r8,参1-参3,https://www.mlit.go.jp/report/press/content/001981942.pdf,PDL1.0,,原本の表で『-』(この都道府県ではこの職種の単価を設定していない)
d610ce8eec96d0ce,JP,labor,労務単価,ダクト工,所定労働時間内8時間あたり,人日,pref,12,千葉県,,,,29700,JPY,labor_wage_8h,published_pdl,43900,公共工事設計労務単価＋必要経費(法定福利費(事業主負担分)、労務管理費、宿舎費等)の参考値,2026-03,2026-03-01,mlit-roumu-r8,参1-参3,https://www.mlit.go.jp/report/press/content/001981942.pdf,PDL1.0,,
77803fe9e7968fcc,JP,labor,労務単価,保温工,所定労働時間内8時間あたり,人日,pref,12,千葉県,,,,28600,JPY,labor_wage_8h,published_pdl,42200,公共工事設計労務単価＋必要経費(法定福利費(事業主負担分)、労務管理費、宿舎費等)の参考値,2026-03,2026-03-01,mlit-roumu-r8,参1-参3,https://www.mlit.go.jp/report/press/content/001981942.pdf,PDL1.0,,
b07af5f4b1e245cd,JP,labor,労務単価,設備機械工,所定労働時間内8時間あたり,人日,pref,12,千葉県,,,,28000,JPY,labor_wage_8h,published_pdl,41400,公共工事設計労務単価＋必要経費(法定福利費(事業主負担分)、労務管理費、宿舎費等)の参考値,2026-03,2026-03-01,mlit-roumu-r8,参1-参3,https://www.mlit.go.jp/report/press/content/001981942.pdf,PDL1.0,,
2602429619860f75,JP,labor,労務単価,交通誘導警備員Ａ,所定労働時間内8時間あたり,人日,pref,12,千葉県,,,,19700,JPY,labor_wage_8h,published_pdl,29100,公共工事設計労務単価＋必要経費(法定福利費(事業主負担分)、労務管理費、宿舎費等)の参考値,2026-03,2026-03-01,mlit-roumu-r8,参1-参3,https://www.mlit.go.jp/report/press/content/001981942.pdf,PDL1.0,,
6aaaf1f96d646f4f,JP,labor,労務単価,交通誘導警備員Ｂ,所定労働時間内8時間あたり,人日,pref,12,千葉県,,,,18100,JPY,labor_wage_8h,published_pdl,26700,公共工事設計労務単価＋必要経費(法定福利費(事業主負担分)、労務管理費、宿舎費等)の参考値,2026-03,2026-03-01,mlit-roumu-r8,参1-参3,https://www.mlit.go.jp/report/press/content/001981942.pdf,PDL1.0,,
9d0f93a0b6f7f54f,JP,labor,労務単価,特殊作業員,所定労働時間内8時間あたり,人日,pref,13,東京都,,,,30700,JPY,labor_wage_8h,published_pdl,45300,公共工事設計労務単価＋必要経費(法定福利費(事業主負担分)、労務管理費、宿舎費等)の参考値,2026-03,2026-03-01,mlit-roumu-r8,参1-参3,https://www.mlit.go.jp/report/press/content/001981942.pdf,PDL1.0,,
e9eac791eb4686e7,JP,labor,労務単価,普通作業員,所定労働時間内8時間あたり,人日,pref,13,東京都,,,,27000,JPY,labor_wage_8h,published_pdl,39900,公共工事設計労務単価＋必要経費(法定福利費(事業主負担分)、労務管理費、宿舎費等)の参考値,2026-03,2026-03-01,mlit-roumu-r8,参1-参3,https://www.mlit.go.jp/report/press/content/001981942.pdf,PDL1.0,,
db95e30d6c60ee51,JP,labor,労務単価,軽作業員,所定労働時間内8時間あたり,人日,pref,13,東京都,,,,18700,JPY,labor_wage_8h,published_pdl,27600,公共工事設計労務単価＋必要経費(法定福利費(事業主負担分)、労務管理費、宿舎費等)の参考値,2026-03,2026-03-01,mlit-roumu-r8,参1-参3,https://www.mlit.go.jp/report/press/content/001981942.pdf,PDL1.0,,
0c3a8a4caef5c61d,JP,labor,労務単価,造園工,所定労働時間内8時間あたり,人日,pref,13,東京都,,,,27700,JPY,labor_wage_8h,published_pdl,40900,公共工事設計労務単価＋必要経費(法定福利費(事業主負担分)、労務管理費、宿舎費等)の参考値,2026-03,2026-03-01,mlit-roumu-r8,参1-参3,https://www.mlit.go.jp/report/press/content/001981942.pdf,PDL1.0,,
422122e2cf7b2774,JP,labor,労務単価,法面工,所定労働時間内8時間あたり,人日,pref,13,東京都,,,,33600,JPY,labor_wage_8h,published_pdl,49600,公共工事設計労務単価＋必要経費(法定福利費(事業主負担分)、労務管理費、宿舎費等)の参考値,2026-03,2026-03-01,mlit-roumu-r8,参1-参3,https://www.mlit.go.jp/report/press/content/001981942.pdf,PDL1.0,,
eed888246660769c,JP,labor,労務単価,とび工,所定労働時間内8時間あたり,人日,pref,13,東京都,,,,33100,JPY,labor_wage_8h,published_pdl,48900,公共工事設計労務単価＋必要経費(法定福利費(事業主負担分)、労務管理費、宿舎費等)の参考値,2026-03,2026-03-01,mlit-roumu-r8,参1-参3,https://www.mlit.go.jp/report/press/content/001981942.pdf,PDL1.0,,
99ce858f111fd5bb,JP,labor,労務単価,石工,所定労働時間内8時間あたり,人日,pref,13,東京都,,,,33100,JPY,labor_wage_8h,published_pdl,48900,公共工事設計労務単価＋必要経費(法定福利費(事業主負担分)、労務管理費、宿舎費等)の参考値,2026-03,2026-03-01,mlit-roumu-r8,参1-参3,https://www.mlit.go.jp/report/press/content/001981942.pdf,PDL1.0,,
8e5232bf9860e4c0,JP,labor,労務単価,ブロック工,所定労働時間内8時間あたり,人日,pref,13,東京都,,,,32400,JPY,labor_wage_8h,published_pdl,47900,公共工事設計労務単価＋必要経費(法定福利費(事業主負担分)、労務管理費、宿舎費等)の参考値,2026-03,2026-03-01,mlit-roumu-r8,参1-参3,https://www.mlit.go.jp/report/press/content/001981942.pdf,PDL1.0,,
1d7eb85a7c7edb10,JP,labor,労務単価,電工,所定労働時間内8時間あたり,人日,pref,13,東京都,,,,34300,JPY,labor_wage_8h,published_pdl,50700,公共工事設計労務単価＋必要経費(法定福利費(事業主負担分)、労務管理費、宿舎費等)の参考値,2026-03,2026-03-01,mlit-roumu-r8,参1-参3,https://www.mlit.go.jp/report/press/content/001981942.pdf,PDL1.0,,
94915c234440c36a,JP,labor,労務単価,鉄筋工,所定労働時間内8時間あたり,人日,pref,13,東京都,,,,33800,JPY,labor_wage_8h,published_pdl,49900,公共工事設計労務単価＋必要経費(法定福利費(事業主負担分)、労務管理費、宿舎費等)の参考値,2026-03,2026-03-01,mlit-roumu-r8,参1-参3,https://www.mlit.go.jp/report/press/content/001981942.pdf,PDL1.0,,
6e74a944e4c87fae,JP,labor,労務単価,鉄骨工,所定労働時間内8時間あたり,人日,pref,13,東京都,,,,29800,JPY,labor_wage_8h,published_pdl,44000,公共工事設計労務単価＋必要経費(法定福利費(事業主負担分)、労務管理費、宿舎費等)の参考値,2026-03,2026-03-01,mlit-roumu-r8,参1-参3,https://www.mlit.go.jp/report/press/content/001981942.pdf,PDL1.0,,
3567e510c6e0a1df,JP,labor,労務単価,塗装工,所定労働時間内8時間あたり,人日,pref,13,東京都,,,,36500,JPY,labor_wage_8h,published_pdl,53900,公共工事設計労務単価＋必要経費(法定福利費(事業主負担分)、労務管理費、宿舎費等)の参考値,2026-03,2026-03-01,mlit-roumu-r8,参1-参3,https://www.mlit.go.jp/report/press/content/001981942.pdf,PDL1.0,,
345d6b19310b2e62,JP,labor,労務単価,溶接工,所定労働時間内8時間あたり,人日,pref,13,東京都,,,,38100,JPY,labor_wage_8h,published_pdl,56300,公共工事設計労務単価＋必要経費(法定福利費(事業主負担分)、労務管理費、宿舎費等)の参考値,2026-03,2026-03-01,mlit-roumu-r8,参1-参3,https://www.mlit.go.jp/report/press/content/001981942.pdf,PDL1.0,,
5da7191a5e5ecadb,JP,labor,労務単価,運転手（特殊）,所定労働時間内8時間あたり,人日,pref,13,東京都,,,,31100,JPY,labor_wage_8h,published_pdl,45900,公共工事設計労務単価＋必要経費(法定福利費(事業主負担分)、労務管理費、宿舎費等)の参考値,2026-03,2026-03-01,mlit-roumu-r8,参1-参3,https://www.mlit.go.jp/report/press/content/001981942.pdf,PDL1.0,,
a46285d2413b4fbc,JP,labor,労務単価,運転手（一般）,所定労働時間内8時間あたり,人日,pref,13,東京都,,,,25600,JPY,labor_wage_8h,published_pdl,37800,公共工事設計労務単価＋必要経費(法定福利費(事業主負担分)、労務管理費、宿舎費等)の参考値,2026-03,2026-03-01,mlit-roumu-r8,参1-参3,https://www.mlit.go.jp/report/press/content/001981942.pdf,PDL1.0,,
85ca7b3a04620655,JP,labor,労務単価,潜かん工,所定労働時間内8時間あたり,人日,pref,13,東京都,,,,37300,JPY,labor_wage_8h,published_pdl,55100,公共工事設計労務単価＋必要経費(法定福利費(事業主負担分)、労務管理費、宿舎費等)の参考値,2026-03,2026-03-01,mlit-roumu-r8,参1-参3,https://www.mlit.go.jp/report/press/content/001981942.pdf,PDL1.0,,
9835032c3981c22c,JP,labor,労務単価,潜かん世話役,所定労働時間内8時間あたり,人日,pref,13,東京都,,,,44700,JPY,labor_wage_8h,published_pdl,66000,公共工事設計労務単価＋必要経費(法定福利費(事業主負担分)、労務管理費、宿舎費等)の参考値,2026-03,2026-03-01,mlit-roumu-r8,参1-参3,https://www.mlit.go.jp/report/press/content/001981942.pdf,PDL1.0,,
529d27d046db8718,JP,labor,労務単価,さく岩工,所定労働時間内8時間あたり,人日,pref,13,東京都,,,,42000,JPY,labor_wage_8h,published_pdl,62000,公共工事設計労務単価＋必要経費(法定福利費(事業主負担分)、労務管理費、宿舎費等)の参考値,2026-03,2026-03-01,mlit-roumu-r8,参1-参3,https://www.mlit.go.jp/report/press/content/001981942.pdf,PDL1.0,,
dabf2342b019c54c,JP,labor,労務単価,トンネル特殊工,所定労働時間内8時間あたり,人日,pref,13,東京都,,,,37800,JPY,labor_wage_8h,published_pdl,55800,公共工事設計労務単価＋必要経費(法定福利費(事業主負担分)、労務管理費、宿舎費等)の参考値,2026-03,2026-03-01,mlit-roumu-r8,参1-参3,https://www.mlit.go.jp/report/press/content/001981942.pdf,PDL1.0,,
060b5711f10febf7,JP,labor,労務単価,トンネル作業員,所定労働時間内8時間あたり,人日,pref,13,東京都,,,,32100,JPY,labor_wage_8h,published_pdl,47400,公共工事設計労務単価＋必要経費(法定福利費(事業主負担分)、労務管理費、宿舎費等)の参考値,2026-03,2026-03-01,mlit-roumu-r8,参1-参3,https://www.mlit.go.jp/report/press/content/001981942.pdf,PDL1.0,,
fdbbb9578acc7f89,JP,labor,労務単価,トンネル世話役,所定労働時間内8時間あたり,人日,pref,13,東京都,,,,42800,JPY,labor_wage_8h,published_pdl,63200,公共工事設計労務単価＋必要経費(法定福利費(事業主負担分)、労務管理費、宿舎費等)の参考値,2026-03,2026-03-01,mlit-roumu-r8,参1-参3,https://www.mlit.go.jp/report/press/content/001981942.pdf,PDL1.0,,
a91a0d5575051e53,JP,labor,労務単価,橋りょう特殊工,所定労働時間内8時間あたり,人日,pref,13,東京都,,,,36700,JPY,labor_wage_8h,published_pdl,54200,公共工事設計労務単価＋必要経費(法定福利費(事業主負担分)、労務管理費、宿舎費等)の参考値,2026-03,2026-03-01,mlit-roumu-r8,参1-参3,https://www.mlit.go.jp/report/press/content/001981942.pdf,PDL1.0,,
a792f2d947b392d8,JP,labor,労務単価,橋りょう塗装工,所定労働時間内8時間あたり,人日,pref,13,東京都,,,,36500,JPY,labor_wage_8h,published_pdl,53900,公共工事設計労務単価＋必要経費(法定福利費(事業主負担分)、労務管理費、宿舎費等)の参考値,2026-03,2026-03-01,mlit-roumu-r8,参1-参3,https://www.mlit.go.jp/report/press/content/001981942.pdf,PDL1.0,,
93dd888e8d0dda7f,JP,labor,労務単価,橋りょう世話役,所定労働時間内8時間あたり,人日,pref,13,東京都,,,,42000,JPY,labor_wage_8h,published_pdl,62000,公共工事設計労務単価＋必要経費(法定福利費(事業主負担分)、労務管理費、宿舎費等)の参考値,2026-03,2026-03-01,mlit-roumu-r8,参1-参3,https://www.mlit.go.jp/report/press/content/001981942.pdf,PDL1.0,,
475ca23a7cc2637c,JP,labor,労務単価,土木一般世話役,所定労働時間内8時間あたり,人日,pref,13,東京都,,,,34400,JPY,labor_wage_8h,published_pdl,50800,公共工事設計労務単価＋必要経費(法定福利費(事業主負担分)、労務管理費、宿舎費等)の参考値,2026-03,2026-03-01,mlit-roumu-r8,参1-参3,https://www.mlit.go.jp/report/press/content/001981942.pdf,PDL1.0,,
53d3956f5c391993,JP,labor,労務単価,高級船員,所定労働時間内8時間あたり,人日,pref,13,東京都,,,,39700,JPY,labor_wage_8h,published_pdl,58600,公共工事設計労務単価＋必要経費(法定福利費(事業主負担分)、労務管理費、宿舎費等)の参考値,2026-03,2026-03-01,mlit-roumu-r8,参1-参3,https://www.mlit.go.jp/report/press/content/001981942.pdf,PDL1.0,,
5b9d130f5f643d02,JP,labor,労務単価,普通船員,所定労働時間内8時間あたり,人日,pref,13,東京都,,,,32700,JPY,labor_wage_8h,published_pdl,48300,公共工事設計労務単価＋必要経費(法定福利費(事業主負担分)、労務管理費、宿舎費等)の参考値,2026-03,2026-03-01,mlit-roumu-r8,参1-参3,https://www.mlit.go.jp/report/press/content/001981942.pdf,PDL1.0,,
3eacee741f1bb47c,JP,labor,労務単価,潜水士,所定労働時間内8時間あたり,人日,pref,13,東京都,,,,52700,JPY,labor_wage_8h,published_pdl,77800,公共工事設計労務単価＋必要経費(法定福利費(事業主負担分)、労務管理費、宿舎費等)の参考値,2026-03,2026-03-01,mlit-roumu-r8,参1-参3,https://www.mlit.go.jp/report/press/content/001981942.pdf,PDL1.0,,
f12a9a6074c23725,JP,labor,労務単価,潜水連絡員,所定労働時間内8時間あたり,人日,pref,13,東京都,,,,38200,JPY,labor_wage_8h,published_pdl,56400,公共工事設計労務単価＋必要経費(法定福利費(事業主負担分)、労務管理費、宿舎費等)の参考値,2026-03,2026-03-01,mlit-roumu-r8,参1-参3,https://www.mlit.go.jp/report/press/content/001981942.pdf,PDL1.0,,
614c79ac639dace2,JP,labor,労務単価,潜水送気員,所定労働時間内8時間あたり,人日,pref,13,東京都,,,,35900,JPY,labor_wage_8h,published_pdl,53000,公共工事設計労務単価＋必要経費(法定福利費(事業主負担分)、労務管理費、宿舎費等)の参考値,2026-03,2026-03-01,mlit-roumu-r8,参1-参3,https://www.mlit.go.jp/report/press/content/001981942.pdf,PDL1.0,,
5a957b40e503f9cb,JP,labor,労務単価,山林砂防工,所定労働時間内8時間あたり,人日,pref,13,東京都,,,,32500,JPY,labor_wage_8h,published_pdl,48000,公共工事設計労務単価＋必要経費(法定福利費(事業主負担分)、労務管理費、宿舎費等)の参考値,2026-03,2026-03-01,mlit-roumu-r8,参1-参3,https://www.mlit.go.jp/report/press/content/001981942.pdf,PDL1.0,,
7169ef4f9e600dec,JP,labor,労務単価,軌道工,所定労働時間内8時間あたり,人日,pref,13,東京都,,,,58700,JPY,labor_wage_8h,published_pdl,86700,公共工事設計労務単価＋必要経費(法定福利費(事業主負担分)、労務管理費、宿舎費等)の参考値,2026-03,2026-03-01,mlit-roumu-r8,参1-参3,https://www.mlit.go.jp/report/press/content/001981942.pdf,PDL1.0,,
e515610d5a412ff3,JP,labor,労務単価,型わく工,所定労働時間内8時間あたり,人日,pref,13,東京都,,,,33000,JPY,labor_wage_8h,published_pdl,48700,公共工事設計労務単価＋必要経費(法定福利費(事業主負担分)、労務管理費、宿舎費等)の参考値,2026-03,2026-03-01,mlit-roumu-r8,参1-参3,https://www.mlit.go.jp/report/press/content/001981942.pdf,PDL1.0,,
922104a7081af330,JP,labor,労務単価,大工,所定労働時間内8時間あたり,人日,pref,13,東京都,,,,30600,JPY,labor_wage_8h,published_pdl,45200,公共工事設計労務単価＋必要経費(法定福利費(事業主負担分)、労務管理費、宿舎費等)の参考値,2026-03,2026-03-01,mlit-roumu-r8,参1-参3,https://www.mlit.go.jp/report/press/content/001981942.pdf,PDL1.0,,
2b7d45d84a051af5,JP,labor,労務単価,左官,所定労働時間内8時間あたり,人日,pref,13,東京都,,,,33800,JPY,labor_wage_8h,published_pdl,49900,公共工事設計労務単価＋必要経費(法定福利費(事業主負担分)、労務管理費、宿舎費等)の参考値,2026-03,2026-03-01,mlit-roumu-r8,参1-参3,https://www.mlit.go.jp/report/press/content/001981942.pdf,PDL1.0,,
d7e4669fbce71c9e,JP,labor,労務単価,配管工,所定労働時間内8時間あたり,人日,pref,13,東京都,,,,30100,JPY,labor_wage_8h,published_pdl,44500,公共工事設計労務単価＋必要経費(法定福利費(事業主負担分)、労務管理費、宿舎費等)の参考値,2026-03,2026-03-01,mlit-roumu-r8,参1-参3,https://www.mlit.go.jp/report/press/content/001981942.pdf,PDL1.0,,
ea20434c46237064,JP,labor,労務単価,はつり工,所定労働時間内8時間あたり,人日,pref,13,東京都,,,,31200,JPY,labor_wage_8h,published_pdl,46100,公共工事設計労務単価＋必要経費(法定福利費(事業主負担分)、労務管理費、宿舎費等)の参考値,2026-03,2026-03-01,mlit-roumu-r8,参1-参3,https://www.mlit.go.jp/report/press/content/001981942.pdf,PDL1.0,,
756e6e058d146988,JP,labor,労務単価,防水工,所定労働時間内8時間あたり,人日,pref,13,東京都,,,,38200,JPY,labor_wage_8h,published_pdl,56400,公共工事設計労務単価＋必要経費(法定福利費(事業主負担分)、労務管理費、宿舎費等)の参考値,2026-03,2026-03-01,mlit-roumu-r8,参1-参3,https://www.mlit.go.jp/report/press/content/001981942.pdf,PDL1.0,,
445a90ca657a4df4,JP,labor,労務単価,板金工,所定労働時間内8時間あたり,人日,pref,13,東京都,,,,35800,JPY,labor_wage_8h,published_pdl,52900,公共工事設計労務単価＋必要経費(法定福利費(事業主負担分)、労務管理費、宿舎費等)の参考値,2026-03,2026-03-01,mlit-roumu-r8,参1-参3,https://www.mlit.go.jp/report/press/content/001981942.pdf,PDL1.0,,
a5370d38f0061368,JP,labor,労務単価,タイル工,所定労働時間内8時間あたり,人日,pref,13,東京都,,,,27800,JPY,labor_wage_8h,published_pdl,41100,公共工事設計労務単価＋必要経費(法定福利費(事業主負担分)、労務管理費、宿舎費等)の参考値,2026-03,2026-03-01,mlit-roumu-r8,参1-参3,https://www.mlit.go.jp/report/press/content/001981942.pdf,PDL1.0,,
2f0a63480726c4da,JP,labor,労務単価,サッシ工,所定労働時間内8時間あたり,人日,pref,13,東京都,,,,33300,JPY,labor_wage_8h,published_pdl,49200,公共工事設計労務単価＋必要経費(法定福利費(事業主負担分)、労務管理費、宿舎費等)の参考値,2026-03,2026-03-01,mlit-roumu-r8,参1-参3,https://www.mlit.go.jp/report/press/content/001981942.pdf,PDL1.0,,
d25fbdcf98cfcc56,JP,labor,労務単価,屋根ふき工,所定労働時間内8時間あたり,人日,pref,13,東京都,,,,,JPY,labor_wage_8h,not_set,,,2026-03,2026-03-01,mlit-roumu-r8,参1-参3,https://www.mlit.go.jp/report/press/content/001981942.pdf,PDL1.0,,原本の表で『-』(この都道府県ではこの職種の単価を設定していない)
3ca6e4d1af12e584,JP,labor,労務単価,内装工,所定労働時間内8時間あたり,人日,pref,13,東京都,,,,34400,JPY,labor_wage_8h,published_pdl,50800,公共工事設計労務単価＋必要経費(法定福利費(事業主負担分)、労務管理費、宿舎費等)の参考値,2026-03,2026-03-01,mlit-roumu-r8,参1-参3,https://www.mlit.go.jp/report/press/content/001981942.pdf,PDL1.0,,
bf656416800f4839,JP,labor,労務単価,ガラス工,所定労働時間内8時間あたり,人日,pref,13,東京都,,,,33400,JPY,labor_wage_8h,published_pdl,49300,公共工事設計労務単価＋必要経費(法定福利費(事業主負担分)、労務管理費、宿舎費等)の参考値,2026-03,2026-03-01,mlit-roumu-r8,参1-参3,https://www.mlit.go.jp/report/press/content/001981942.pdf,PDL1.0,,
b9ff77539f9a6c20,JP,labor,労務単価,建具工,所定労働時間内8時間あたり,人日,pref,13,東京都,,,,,JPY,labor_wage_8h,not_set,,,2026-03,2026-03-01,mlit-roumu-r8,参1-参3,https://www.mlit.go.jp/report/press/content/001981942.pdf,PDL1.0,,原本の表で『-』(この都道府県ではこの職種の単価を設定していない)
1fd91f98036c5ba0,JP,labor,労務単価,ダクト工,所定労働時間内8時間あたり,人日,pref,13,東京都,,,,30100,JPY,labor_wage_8h,published_pdl,44500,公共工事設計労務単価＋必要経費(法定福利費(事業主負担分)、労務管理費、宿舎費等)の参考値,2026-03,2026-03-01,mlit-roumu-r8,参1-参3,https://www.mlit.go.jp/report/press/content/001981942.pdf,PDL1.0,,
f43f14933b5fa403,JP,labor,労務単価,保温工,所定労働時間内8時間あたり,人日,pref,13,東京都,,,,28600,JPY,labor_wage_8h,published_pdl,42200,公共工事設計労務単価＋必要経費(法定福利費(事業主負担分)、労務管理費、宿舎費等)の参考値,2026-03,2026-03-01,mlit-roumu-r8,参1-参3,https://www.mlit.go.jp/report/press/content/001981942.pdf,PDL1.0,,
bcb58f6f1284f3cc,JP,labor,労務単価,設備機械工,所定労働時間内8時間あたり,人日,pref,13,東京都,,,,28000,JPY,labor_wage_8h,published_pdl,41400,公共工事設計労務単価＋必要経費(法定福利費(事業主負担分)、労務管理費、宿舎費等)の参考値,2026-03,2026-03-01,mlit-roumu-r8,参1-参3,https://www.mlit.go.jp/report/press/content/001981942.pdf,PDL1.0,,
6a56703de9156c7a,JP,labor,労務単価,交通誘導警備員Ａ,所定労働時間内8時間あたり,人日,pref,13,東京都,,,,20500,JPY,labor_wage_8h,published_pdl,30300,公共工事設計労務単価＋必要経費(法定福利費(事業主負担分)、労務管理費、宿舎費等)の参考値,2026-03,2026-03-01,mlit-roumu-r8,参1-参3,https://www.mlit.go.jp/report/press/content/001981942.pdf,PDL1.0,,
9d15ce16fbc1fd0a,JP,labor,労務単価,交通誘導警備員Ｂ,所定労働時間内8時間あたり,人日,pref,13,東京都,,,,18700,JPY,labor_wage_8h,published_pdl,27600,公共工事設計労務単価＋必要経費(法定福利費(事業主負担分)、労務管理費、宿舎費等)の参考値,2026-03,2026-03-01,mlit-roumu-r8,参1-参3,https://www.mlit.go.jp/report/press/content/001981942.pdf,PDL1.0,,
214422d7388f2f7a,JP,labor,労務単価,特殊作業員,所定労働時間内8時間あたり,人日,pref,14,神奈川県,,,,30900,JPY,labor_wage_8h,published_pdl,45600,公共工事設計労務単価＋必要経費(法定福利費(事業主負担分)、労務管理費、宿舎費等)の参考値,2026-03,2026-03-01,mlit-roumu-r8,参1-参3,https://www.mlit.go.jp/report/press/content/001981942.pdf,PDL1.0,,
555dca87dac328a1,JP,labor,労務単価,普通作業員,所定労働時間内8時間あたり,人日,pref,14,神奈川県,,,,26800,JPY,labor_wage_8h,published_pdl,39600,公共工事設計労務単価＋必要経費(法定福利費(事業主負担分)、労務管理費、宿舎費等)の参考値,2026-03,2026-03-01,mlit-roumu-r8,参1-参3,https://www.mlit.go.jp/report/press/content/001981942.pdf,PDL1.0,,
1c19a479575b039e,JP,labor,労務単価,軽作業員,所定労働時間内8時間あたり,人日,pref,14,神奈川県,,,,18200,JPY,labor_wage_8h,published_pdl,26900,公共工事設計労務単価＋必要経費(法定福利費(事業主負担分)、労務管理費、宿舎費等)の参考値,2026-03,2026-03-01,mlit-roumu-r8,参1-参3,https://www.mlit.go.jp/report/press/content/001981942.pdf,PDL1.0,,
4bff34c07d44806d,JP,labor,労務単価,造園工,所定労働時間内8時間あたり,人日,pref,14,神奈川県,,,,26900,JPY,labor_wage_8h,published_pdl,39700,公共工事設計労務単価＋必要経費(法定福利費(事業主負担分)、労務管理費、宿舎費等)の参考値,2026-03,2026-03-01,mlit-roumu-r8,参1-参3,https://www.mlit.go.jp/report/press/content/001981942.pdf,PDL1.0,,
b0e54436f9419788,JP,labor,労務単価,法面工,所定労働時間内8時間あたり,人日,pref,14,神奈川県,,,,31700,JPY,labor_wage_8h,published_pdl,46800,公共工事設計労務単価＋必要経費(法定福利費(事業主負担分)、労務管理費、宿舎費等)の参考値,2026-03,2026-03-01,mlit-roumu-r8,参1-参3,https://www.mlit.go.jp/report/press/content/001981942.pdf,PDL1.0,,
b6ed1e60fdf4508b,JP,labor,労務単価,とび工,所定労働時間内8時間あたり,人日,pref,14,神奈川県,,,,33100,JPY,labor_wage_8h,published_pdl,48900,公共工事設計労務単価＋必要経費(法定福利費(事業主負担分)、労務管理費、宿舎費等)の参考値,2026-03,2026-03-01,mlit-roumu-r8,参1-参3,https://www.mlit.go.jp/report/press/content/001981942.pdf,PDL1.0,,
6b63d460bcd48545,JP,labor,労務単価,石工,所定労働時間内8時間あたり,人日,pref,14,神奈川県,,,,32900,JPY,labor_wage_8h,published_pdl,48600,公共工事設計労務単価＋必要経費(法定福利費(事業主負担分)、労務管理費、宿舎費等)の参考値,2026-03,2026-03-01,mlit-roumu-r8,参1-参3,https://www.mlit.go.jp/report/press/content/001981942.pdf,PDL1.0,,
9eb350e78747dde9,JP,labor,労務単価,ブロック工,所定労働時間内8時間あたり,人日,pref,14,神奈川県,,,,32000,JPY,labor_wage_8h,published_pdl,47300,公共工事設計労務単価＋必要経費(法定福利費(事業主負担分)、労務管理費、宿舎費等)の参考値,2026-03,2026-03-01,mlit-roumu-r8,参1-参3,https://www.mlit.go.jp/report/press/content/001981942.pdf,PDL1.0,,
46ad99f6274ceec5,JP,labor,労務単価,電工,所定労働時間内8時間あたり,人日,pref,14,神奈川県,,,,31500,JPY,labor_wage_8h,published_pdl,46500,公共工事設計労務単価＋必要経費(法定福利費(事業主負担分)、労務管理費、宿舎費等)の参考値,2026-03,2026-03-01,mlit-roumu-r8,参1-参3,https://www.mlit.go.jp/report/press/content/001981942.pdf,PDL1.0,,
8f98217fcce2f6b6,JP,labor,労務単価,鉄筋工,所定労働時間内8時間あたり,人日,pref,14,神奈川県,,,,31600,JPY,labor_wage_8h,published_pdl,46700,公共工事設計労務単価＋必要経費(法定福利費(事業主負担分)、労務管理費、宿舎費等)の参考値,2026-03,2026-03-01,mlit-roumu-r8,参1-参3,https://www.mlit.go.jp/report/press/content/001981942.pdf,PDL1.0,,
d9d262d57d80b34c,JP,labor,労務単価,鉄骨工,所定労働時間内8時間あたり,人日,pref,14,神奈川県,,,,29700,JPY,labor_wage_8h,published_pdl,43900,公共工事設計労務単価＋必要経費(法定福利費(事業主負担分)、労務管理費、宿舎費等)の参考値,2026-03,2026-03-01,mlit-roumu-r8,参1-参3,https://www.mlit.go.jp/report/press/content/001981942.pdf,PDL1.0,,
c25c87736144e3ad,JP,labor,労務単価,塗装工,所定労働時間内8時間あたり,人日,pref,14,神奈川県,,,,36300,JPY,labor_wage_8h,published_pdl,53600,公共工事設計労務単価＋必要経費(法定福利費(事業主負担分)、労務管理費、宿舎費等)の参考値,2026-03,2026-03-01,mlit-roumu-r8,参1-参3,https://www.mlit.go.jp/report/press/content/001981942.pdf,PDL1.0,,
9756d5ce069f0863,JP,labor,労務単価,溶接工,所定労働時間内8時間あたり,人日,pref,14,神奈川県,,,,38900,JPY,labor_wage_8h,published_pdl,57500,公共工事設計労務単価＋必要経費(法定福利費(事業主負担分)、労務管理費、宿舎費等)の参考値,2026-03,2026-03-01,mlit-roumu-r8,参1-参3,https://www.mlit.go.jp/report/press/content/001981942.pdf,PDL1.0,,
2c9151eebf7dfd6c,JP,labor,労務単価,運転手（特殊）,所定労働時間内8時間あたり,人日,pref,14,神奈川県,,,,32200,JPY,labor_wage_8h,published_pdl,47600,公共工事設計労務単価＋必要経費(法定福利費(事業主負担分)、労務管理費、宿舎費等)の参考値,2026-03,2026-03-01,mlit-roumu-r8,参1-参3,https://www.mlit.go.jp/report/press/content/001981942.pdf,PDL1.0,,
bb8ee03950b2fa9a,JP,labor,労務単価,運転手（一般）,所定労働時間内8時間あたり,人日,pref,14,神奈川県,,,,27200,JPY,labor_wage_8h,published_pdl,40200,公共工事設計労務単価＋必要経費(法定福利費(事業主負担分)、労務管理費、宿舎費等)の参考値,2026-03,2026-03-01,mlit-roumu-r8,参1-参3,https://www.mlit.go.jp/report/press/content/001981942.pdf,PDL1.0,,
0096d4706e738158,JP,labor,労務単価,潜かん工,所定労働時間内8時間あたり,人日,pref,14,神奈川県,,,,37100,JPY,labor_wage_8h,published_pdl,54800,公共工事設計労務単価＋必要経費(法定福利費(事業主負担分)、労務管理費、宿舎費等)の参考値,2026-03,2026-03-01,mlit-roumu-r8,参1-参3,https://www.mlit.go.jp/report/press/content/001981942.pdf,PDL1.0,,
d7c5db914c16f5d7,JP,labor,労務単価,潜かん世話役,所定労働時間内8時間あたり,人日,pref,14,神奈川県,,,,44300,JPY,labor_wage_8h,published_pdl,65400,公共工事設計労務単価＋必要経費(法定福利費(事業主負担分)、労務管理費、宿舎費等)の参考値,2026-03,2026-03-01,mlit-roumu-r8,参1-参3,https://www.mlit.go.jp/report/press/content/001981942.pdf,PDL1.0,,
85eb88b086320446,JP,labor,労務単価,さく岩工,所定労働時間内8時間あたり,人日,pref,14,神奈川県,,,,41700,JPY,labor_wage_8h,published_pdl,61600,公共工事設計労務単価＋必要経費(法定福利費(事業主負担分)、労務管理費、宿舎費等)の参考値,2026-03,2026-03-01,mlit-roumu-r8,参1-参3,https://www.mlit.go.jp/report/press/content/001981942.pdf,PDL1.0,,
903182de8d777be4,JP,labor,労務単価,トンネル特殊工,所定労働時間内8時間あたり,人日,pref,14,神奈川県,,,,41800,JPY,labor_wage_8h,published_pdl,61700,公共工事設計労務単価＋必要経費(法定福利費(事業主負担分)、労務管理費、宿舎費等)の参考値,2026-03,2026-03-01,mlit-roumu-r8,参1-参3,https://www.mlit.go.jp/report/press/content/001981942.pdf,PDL1.0,,
04f16fd2b458837b,JP,labor,労務単価,トンネル作業員,所定労働時間内8時間あたり,人日,pref,14,神奈川県,,,,32000,JPY,labor_wage_8h,published_pdl,47300,公共工事設計労務単価＋必要経費(法定福利費(事業主負担分)、労務管理費、宿舎費等)の参考値,2026-03,2026-03-01,mlit-roumu-r8,参1-参3,https://www.mlit.go.jp/report/press/content/001981942.pdf,PDL1.0,,
dcffa6e534d1e15e,JP,labor,労務単価,トンネル世話役,所定労働時間内8時間あたり,人日,pref,14,神奈川県,,,,42700,JPY,labor_wage_8h,published_pdl,63100,公共工事設計労務単価＋必要経費(法定福利費(事業主負担分)、労務管理費、宿舎費等)の参考値,2026-03,2026-03-01,mlit-roumu-r8,参1-参3,https://www.mlit.go.jp/report/press/content/001981942.pdf,PDL1.0,,
8fb3ec2c22ec1b07,JP,labor,労務単価,橋りょう特殊工,所定労働時間内8時間あたり,人日,pref,14,神奈川県,,,,36300,JPY,labor_wage_8h,published_pdl,53600,公共工事設計労務単価＋必要経費(法定福利費(事業主負担分)、労務管理費、宿舎費等)の参考値,2026-03,2026-03-01,mlit-roumu-r8,参1-参3,https://www.mlit.go.jp/report/press/content/001981942.pdf,PDL1.0,,
a1bb449158c754b1,JP,labor,労務単価,橋りょう塗装工,所定労働時間内8時間あたり,人日,pref,14,神奈川県,,,,36400,JPY,labor_wage_8h,published_pdl,53800,公共工事設計労務単価＋必要経費(法定福利費(事業主負担分)、労務管理費、宿舎費等)の参考値,2026-03,2026-03-01,mlit-roumu-r8,参1-参3,https://www.mlit.go.jp/report/press/content/001981942.pdf,PDL1.0,,
1a693be6c19d1d42,JP,labor,労務単価,橋りょう世話役,所定労働時間内8時間あたり,人日,pref,14,神奈川県,,,,41000,JPY,labor_wage_8h,published_pdl,60600,公共工事設計労務単価＋必要経費(法定福利費(事業主負担分)、労務管理費、宿舎費等)の参考値,2026-03,2026-03-01,mlit-roumu-r8,参1-参3,https://www.mlit.go.jp/report/press/content/001981942.pdf,PDL1.0,,
846346f28dd0b396,JP,labor,労務単価,土木一般世話役,所定労働時間内8時間あたり,人日,pref,14,神奈川県,,,,34800,JPY,labor_wage_8h,published_pdl,51400,公共工事設計労務単価＋必要経費(法定福利費(事業主負担分)、労務管理費、宿舎費等)の参考値,2026-03,2026-03-01,mlit-roumu-r8,参1-参3,https://www.mlit.go.jp/report/press/content/001981942.pdf,PDL1.0,,
b5f68a9c5141ed61,JP,labor,労務単価,高級船員,所定労働時間内8時間あたり,人日,pref,14,神奈川県,,,,39500,JPY,labor_wage_8h,published_pdl,58300,公共工事設計労務単価＋必要経費(法定福利費(事業主負担分)、労務管理費、宿舎費等)の参考値,2026-03,2026-03-01,mlit-roumu-r8,参1-参3,https://www.mlit.go.jp/report/press/content/001981942.pdf,PDL1.0,,
71b0da45059c4f9d,JP,labor,労務単価,普通船員,所定労働時間内8時間あたり,人日,pref,14,神奈川県,,,,32600,JPY,labor_wage_8h,published_pdl,48200,公共工事設計労務単価＋必要経費(法定福利費(事業主負担分)、労務管理費、宿舎費等)の参考値,2026-03,2026-03-01,mlit-roumu-r8,参1-参3,https://www.mlit.go.jp/report/press/content/001981942.pdf,PDL1.0,,
d7bfbed4d3fd8811,JP,labor,労務単価,潜水士,所定労働時間内8時間あたり,人日,pref,14,神奈川県,,,,51600,JPY,labor_wage_8h,published_pdl,76200,公共工事設計労務単価＋必要経費(法定福利費(事業主負担分)、労務管理費、宿舎費等)の参考値,2026-03,2026-03-01,mlit-roumu-r8,参1-参3,https://www.mlit.go.jp/report/press/content/001981942.pdf,PDL1.0,,
d9476f099c2649a6,JP,labor,労務単価,潜水連絡員,所定労働時間内8時間あたり,人日,pref,14,神奈川県,,,,37000,JPY,labor_wage_8h,published_pdl,54600,公共工事設計労務単価＋必要経費(法定福利費(事業主負担分)、労務管理費、宿舎費等)の参考値,2026-03,2026-03-01,mlit-roumu-r8,参1-参3,https://www.mlit.go.jp/report/press/content/001981942.pdf,PDL1.0,,
5aba0a8968f83230,JP,labor,労務単価,潜水送気員,所定労働時間内8時間あたり,人日,pref,14,神奈川県,,,,34500,JPY,labor_wage_8h,published_pdl,51000,公共工事設計労務単価＋必要経費(法定福利費(事業主負担分)、労務管理費、宿舎費等)の参考値,2026-03,2026-03-01,mlit-roumu-r8,参1-参3,https://www.mlit.go.jp/report/press/content/001981942.pdf,PDL1.0,,
4b06a2025d054888,JP,labor,労務単価,山林砂防工,所定労働時間内8時間あたり,人日,pref,14,神奈川県,,,,32300,JPY,labor_wage_8h,published_pdl,47700,公共工事設計労務単価＋必要経費(法定福利費(事業主負担分)、労務管理費、宿舎費等)の参考値,2026-03,2026-03-01,mlit-roumu-r8,参1-参3,https://www.mlit.go.jp/report/press/content/001981942.pdf,PDL1.0,,
669e15ec5000185d,JP,labor,労務単価,軌道工,所定労働時間内8時間あたり,人日,pref,14,神奈川県,,,,56800,JPY,labor_wage_8h,published_pdl,83900,公共工事設計労務単価＋必要経費(法定福利費(事業主負担分)、労務管理費、宿舎費等)の参考値,2026-03,2026-03-01,mlit-roumu-r8,参1-参3,https://www.mlit.go.jp/report/press/content/001981942.pdf,PDL1.0,,
1d9503c67f0e4052,JP,labor,労務単価,型わく工,所定労働時間内8時間あたり,人日,pref,14,神奈川県,,,,32700,JPY,labor_wage_8h,published_pdl,48300,公共工事設計労務単価＋必要経費(法定福利費(事業主負担分)、労務管理費、宿舎費等)の参考値,2026-03,2026-03-01,mlit-roumu-r8,参1-参3,https://www.mlit.go.jp/report/press/content/001981942.pdf,PDL1.0,,
c5af2b59c6d955cd,JP,labor,労務単価,大工,所定労働時間内8時間あたり,人日,pref,14,神奈川県,,,,30400,JPY,labor_wage_8h,published_pdl,44900,公共工事設計労務単価＋必要経費(法定福利費(事業主負担分)、労務管理費、宿舎費等)の参考値,2026-03,2026-03-01,mlit-roumu-r8,参1-参3,https://www.mlit.go.jp/report/press/content/001981942.pdf,PDL1.0,,
aaad087eaa47f6ec,JP,labor,労務単価,左官,所定労働時間内8時間あたり,人日,pref,14,神奈川県,,,,32800,JPY,labor_wage_8h,published_pdl,48400,公共工事設計労務単価＋必要経費(法定福利費(事業主負担分)、労務管理費、宿舎費等)の参考値,2026-03,2026-03-01,mlit-roumu-r8,参1-参3,https://www.mlit.go.jp/report/press/content/001981942.pdf,PDL1.0,,
81b3594aace2accd,JP,labor,労務単価,配管工,所定労働時間内8時間あたり,人日,pref,14,神奈川県,,,,28400,JPY,labor_wage_8h,published_pdl,41900,公共工事設計労務単価＋必要経費(法定福利費(事業主負担分)、労務管理費、宿舎費等)の参考値,2026-03,2026-03-01,mlit-roumu-r8,参1-参3,https://www.mlit.go.jp/report/press/content/001981942.pdf,PDL1.0,,
caf739ff37f6bcd0,JP,labor,労務単価,はつり工,所定労働時間内8時間あたり,人日,pref,14,神奈川県,,,,31100,JPY,labor_wage_8h,published_pdl,45900,公共工事設計労務単価＋必要経費(法定福利費(事業主負担分)、労務管理費、宿舎費等)の参考値,2026-03,2026-03-01,mlit-roumu-r8,参1-参3,https://www.mlit.go.jp/report/press/content/001981942.pdf,PDL1.0,,
3f1013558fc78030,JP,labor,労務単価,防水工,所定労働時間内8時間あたり,人日,pref,14,神奈川県,,,,34800,JPY,labor_wage_8h,published_pdl,51400,公共工事設計労務単価＋必要経費(法定福利費(事業主負担分)、労務管理費、宿舎費等)の参考値,2026-03,2026-03-01,mlit-roumu-r8,参1-参3,https://www.mlit.go.jp/report/press/content/001981942.pdf,PDL1.0,,
6c918e9647d2c3ad,JP,labor,労務単価,板金工,所定労働時間内8時間あたり,人日,pref,14,神奈川県,,,,34900,JPY,labor_wage_8h,published_pdl,51500,公共工事設計労務単価＋必要経費(法定福利費(事業主負担分)、労務管理費、宿舎費等)の参考値,2026-03,2026-03-01,mlit-roumu-r8,参1-参3,https://www.mlit.go.jp/report/press/content/001981942.pdf,PDL1.0,,
77aa3cbe469a3394,JP,labor,労務単価,タイル工,所定労働時間内8時間あたり,人日,pref,14,神奈川県,,,,27600,JPY,labor_wage_8h,published_pdl,40800,公共工事設計労務単価＋必要経費(法定福利費(事業主負担分)、労務管理費、宿舎費等)の参考値,2026-03,2026-03-01,mlit-roumu-r8,参1-参3,https://www.mlit.go.jp/report/press/content/001981942.pdf,PDL1.0,,
88f0f1d9ffb7da9d,JP,labor,労務単価,サッシ工,所定労働時間内8時間あたり,人日,pref,14,神奈川県,,,,32700,JPY,labor_wage_8h,published_pdl,48300,公共工事設計労務単価＋必要経費(法定福利費(事業主負担分)、労務管理費、宿舎費等)の参考値,2026-03,2026-03-01,mlit-roumu-r8,参1-参3,https://www.mlit.go.jp/report/press/content/001981942.pdf,PDL1.0,,
2cd7247eae311480,JP,labor,労務単価,屋根ふき工,所定労働時間内8時間あたり,人日,pref,14,神奈川県,,,,,JPY,labor_wage_8h,not_set,,,2026-03,2026-03-01,mlit-roumu-r8,参1-参3,https://www.mlit.go.jp/report/press/content/001981942.pdf,PDL1.0,,原本の表で『-』(この都道府県ではこの職種の単価を設定していない)
a1465006dd8b029d,JP,labor,労務単価,内装工,所定労働時間内8時間あたり,人日,pref,14,神奈川県,,,,34800,JPY,labor_wage_8h,published_pdl,51400,公共工事設計労務単価＋必要経費(法定福利費(事業主負担分)、労務管理費、宿舎費等)の参考値,2026-03,2026-03-01,mlit-roumu-r8,参1-参3,https://www.mlit.go.jp/report/press/content/001981942.pdf,PDL1.0,,
a5c245e049492544,JP,labor,労務単価,ガラス工,所定労働時間内8時間あたり,人日,pref,14,神奈川県,,,,33300,JPY,labor_wage_8h,published_pdl,49200,公共工事設計労務単価＋必要経費(法定福利費(事業主負担分)、労務管理費、宿舎費等)の参考値,2026-03,2026-03-01,mlit-roumu-r8,参1-参3,https://www.mlit.go.jp/report/press/content/001981942.pdf,PDL1.0,,
091db72c7579ab56,JP,labor,労務単価,建具工,所定労働時間内8時間あたり,人日,pref,14,神奈川県,,,,,JPY,labor_wage_8h,not_set,,,2026-03,2026-03-01,mlit-roumu-r8,参1-参3,https://www.mlit.go.jp/report/press/content/001981942.pdf,PDL1.0,,原本の表で『-』(この都道府県ではこの職種の単価を設定していない)
8028b8b0e7ed34b9,JP,labor,労務単価,ダクト工,所定労働時間内8時間あたり,人日,pref,14,神奈川県,,,,29000,JPY,labor_wage_8h,published_pdl,42800,公共工事設計労務単価＋必要経費(法定福利費(事業主負担分)、労務管理費、宿舎費等)の参考値,2026-03,2026-03-01,mlit-roumu-r8,参1-参3,https://www.mlit.go.jp/report/press/content/001981942.pdf,PDL1.0,,
6d040e6ba5af54e1,JP,labor,労務単価,保温工,所定労働時間内8時間あたり,人日,pref,14,神奈川県,,,,28500,JPY,labor_wage_8h,published_pdl,42100,公共工事設計労務単価＋必要経費(法定福利費(事業主負担分)、労務管理費、宿舎費等)の参考値,2026-03,2026-03-01,mlit-roumu-r8,参1-参3,https://www.mlit.go.jp/report/press/content/001981942.pdf,PDL1.0,,
7240ccfc820ffc66,JP,labor,労務単価,設備機械工,所定労働時間内8時間あたり,人日,pref,14,神奈川県,,,,27900,JPY,labor_wage_8h,published_pdl,41200,公共工事設計労務単価＋必要経費(法定福利費(事業主負担分)、労務管理費、宿舎費等)の参考値,2026-03,2026-03-01,mlit-roumu-r8,参1-参3,https://www.mlit.go.jp/report/press/content/001981942.pdf,PDL1.0,,
a38d9f3237f04a7d,JP,labor,労務単価,交通誘導警備員Ａ,所定労働時間内8時間あたり,人日,pref,14,神奈川県,,,,20200,JPY,labor_wage_8h,published_pdl,29800,公共工事設計労務単価＋必要経費(法定福利費(事業主負担分)、労務管理費、宿舎費等)の参考値,2026-03,2026-03-01,mlit-roumu-r8,参1-参3,https://www.mlit.go.jp/report/press/content/001981942.pdf,PDL1.0,,
b0e10cd3f2d517ee,JP,labor,労務単価,交通誘導警備員Ｂ,所定労働時間内8時間あたり,人日,pref,14,神奈川県,,,,18700,JPY,labor_wage_8h,published_pdl,27600,公共工事設計労務単価＋必要経費(法定福利費(事業主負担分)、労務管理費、宿舎費等)の参考値,2026-03,2026-03-01,mlit-roumu-r8,参1-参3,https://www.mlit.go.jp/report/press/content/001981942.pdf,PDL1.0,,
f3e597cd8b84d5fd,JP,labor,労務単価,特殊作業員,所定労働時間内8時間あたり,人日,pref,15,新潟県,,,,28900,JPY,labor_wage_8h,published_pdl,42700,公共工事設計労務単価＋必要経費(法定福利費(事業主負担分)、労務管理費、宿舎費等)の参考値,2026-03,2026-03-01,mlit-roumu-r8,参1-参3,https://www.mlit.go.jp/report/press/content/001981942.pdf,PDL1.0,,
d7751908a373835c,JP,labor,労務単価,普通作業員,所定労働時間内8時間あたり,人日,pref,15,新潟県,,,,24300,JPY,labor_wage_8h,published_pdl,35900,公共工事設計労務単価＋必要経費(法定福利費(事業主負担分)、労務管理費、宿舎費等)の参考値,2026-03,2026-03-01,mlit-roumu-r8,参1-参3,https://www.mlit.go.jp/report/press/content/001981942.pdf,PDL1.0,,
373eeb8df47f6266,JP,labor,労務単価,軽作業員,所定労働時間内8時間あたり,人日,pref,15,新潟県,,,,21800,JPY,labor_wage_8h,published_pdl,32200,公共工事設計労務単価＋必要経費(法定福利費(事業主負担分)、労務管理費、宿舎費等)の参考値,2026-03,2026-03-01,mlit-roumu-r8,参1-参3,https://www.mlit.go.jp/report/press/content/001981942.pdf,PDL1.0,,
99de7749c7a8ef3d,JP,labor,労務単価,造園工,所定労働時間内8時間あたり,人日,pref,15,新潟県,,,,25600,JPY,labor_wage_8h,published_pdl,37800,公共工事設計労務単価＋必要経費(法定福利費(事業主負担分)、労務管理費、宿舎費等)の参考値,2026-03,2026-03-01,mlit-roumu-r8,参1-参3,https://www.mlit.go.jp/report/press/content/001981942.pdf,PDL1.0,,
f6a7a4d5a0d4a37a,JP,labor,労務単価,法面工,所定労働時間内8時間あたり,人日,pref,15,新潟県,,,,34300,JPY,labor_wage_8h,published_pdl,50700,公共工事設計労務単価＋必要経費(法定福利費(事業主負担分)、労務管理費、宿舎費等)の参考値,2026-03,2026-03-01,mlit-roumu-r8,参1-参3,https://www.mlit.go.jp/report/press/content/001981942.pdf,PDL1.0,,
96d1d20d272cf2a8,JP,labor,労務単価,とび工,所定労働時間内8時間あたり,人日,pref,15,新潟県,,,,28700,JPY,labor_wage_8h,published_pdl,42400,公共工事設計労務単価＋必要経費(法定福利費(事業主負担分)、労務管理費、宿舎費等)の参考値,2026-03,2026-03-01,mlit-roumu-r8,参1-参3,https://www.mlit.go.jp/report/press/content/001981942.pdf,PDL1.0,,
344ce0bd30f1089b,JP,labor,労務単価,石工,所定労働時間内8時間あたり,人日,pref,15,新潟県,,,,,JPY,labor_wage_8h,not_set,,,2026-03,2026-03-01,mlit-roumu-r8,参1-参3,https://www.mlit.go.jp/report/press/content/001981942.pdf,PDL1.0,,原本の表で『-』(この都道府県ではこの職種の単価を設定していない)
7c0b3bb8a79ca9d6,JP,labor,労務単価,ブロック工,所定労働時間内8時間あたり,人日,pref,15,新潟県,,,,31200,JPY,labor_wage_8h,published_pdl,46100,公共工事設計労務単価＋必要経費(法定福利費(事業主負担分)、労務管理費、宿舎費等)の参考値,2026-03,2026-03-01,mlit-roumu-r8,参1-参3,https://www.mlit.go.jp/report/press/content/001981942.pdf,PDL1.0,,
68fa8fb7d6ede013,JP,labor,労務単価,電工,所定労働時間内8時間あたり,人日,pref,15,新潟県,,,,28100,JPY,labor_wage_8h,published_pdl,41500,公共工事設計労務単価＋必要経費(法定福利費(事業主負担分)、労務管理費、宿舎費等)の参考値,2026-03,2026-03-01,mlit-roumu-r8,参1-参3,https://www.mlit.go.jp/report/press/content/001981942.pdf,PDL1.0,,
a222f5a4526fa09e,JP,labor,労務単価,鉄筋工,所定労働時間内8時間あたり,人日,pref,15,新潟県,,,,30900,JPY,labor_wage_8h,published_pdl,45600,公共工事設計労務単価＋必要経費(法定福利費(事業主負担分)、労務管理費、宿舎費等)の参考値,2026-03,2026-03-01,mlit-roumu-r8,参1-参3,https://www.mlit.go.jp/report/press/content/001981942.pdf,PDL1.0,,
e11e4f3c0917f842,JP,labor,労務単価,鉄骨工,所定労働時間内8時間あたり,人日,pref,15,新潟県,,,,29000,JPY,labor_wage_8h,published_pdl,42800,公共工事設計労務単価＋必要経費(法定福利費(事業主負担分)、労務管理費、宿舎費等)の参考値,2026-03,2026-03-01,mlit-roumu-r8,参1-参3,https://www.mlit.go.jp/report/press/content/001981942.pdf,PDL1.0,,
416fa68f1ad7b587,JP,labor,労務単価,塗装工,所定労働時間内8時間あたり,人日,pref,15,新潟県,,,,31000,JPY,labor_wage_8h,published_pdl,45800,公共工事設計労務単価＋必要経費(法定福利費(事業主負担分)、労務管理費、宿舎費等)の参考値,2026-03,2026-03-01,mlit-roumu-r8,参1-参3,https://www.mlit.go.jp/report/press/content/001981942.pdf,PDL1.0,,
cce9dc6783cb19d8,JP,labor,労務単価,溶接工,所定労働時間内8時間あたり,人日,pref,15,新潟県,,,,31000,JPY,labor_wage_8h,published_pdl,45800,公共工事設計労務単価＋必要経費(法定福利費(事業主負担分)、労務管理費、宿舎費等)の参考値,2026-03,2026-03-01,mlit-roumu-r8,参1-参3,https://www.mlit.go.jp/report/press/content/001981942.pdf,PDL1.0,,
0e07221fc4113c0a,JP,labor,労務単価,運転手（特殊）,所定労働時間内8時間あたり,人日,pref,15,新潟県,,,,28200,JPY,labor_wage_8h,published_pdl,41700,公共工事設計労務単価＋必要経費(法定福利費(事業主負担分)、労務管理費、宿舎費等)の参考値,2026-03,2026-03-01,mlit-roumu-r8,参1-参3,https://www.mlit.go.jp/report/press/content/001981942.pdf,PDL1.0,,
5810546e402addc9,JP,labor,労務単価,運転手（一般）,所定労働時間内8時間あたり,人日,pref,15,新潟県,,,,25300,JPY,labor_wage_8h,published_pdl,37400,公共工事設計労務単価＋必要経費(法定福利費(事業主負担分)、労務管理費、宿舎費等)の参考値,2026-03,2026-03-01,mlit-roumu-r8,参1-参3,https://www.mlit.go.jp/report/press/content/001981942.pdf,PDL1.0,,
0e33dfe174d3bd31,JP,labor,労務単価,潜かん工,所定労働時間内8時間あたり,人日,pref,15,新潟県,,,,40500,JPY,labor_wage_8h,published_pdl,59800,公共工事設計労務単価＋必要経費(法定福利費(事業主負担分)、労務管理費、宿舎費等)の参考値,2026-03,2026-03-01,mlit-roumu-r8,参1-参3,https://www.mlit.go.jp/report/press/content/001981942.pdf,PDL1.0,,
334b9c45150dabd2,JP,labor,労務単価,潜かん世話役,所定労働時間内8時間あたり,人日,pref,15,新潟県,,,,50100,JPY,labor_wage_8h,published_pdl,74000,公共工事設計労務単価＋必要経費(法定福利費(事業主負担分)、労務管理費、宿舎費等)の参考値,2026-03,2026-03-01,mlit-roumu-r8,参1-参3,https://www.mlit.go.jp/report/press/content/001981942.pdf,PDL1.0,,
f98785de45e58690,JP,labor,労務単価,さく岩工,所定労働時間内8時間あたり,人日,pref,15,新潟県,,,,39700,JPY,labor_wage_8h,published_pdl,58600,公共工事設計労務単価＋必要経費(法定福利費(事業主負担分)、労務管理費、宿舎費等)の参考値,2026-03,2026-03-01,mlit-roumu-r8,参1-参3,https://www.mlit.go.jp/report/press/content/001981942.pdf,PDL1.0,,
aa8096d75e139eb9,JP,labor,労務単価,トンネル特殊工,所定労働時間内8時間あたり,人日,pref,15,新潟県,,,,47500,JPY,labor_wage_8h,published_pdl,70200,公共工事設計労務単価＋必要経費(法定福利費(事業主負担分)、労務管理費、宿舎費等)の参考値,2026-03,2026-03-01,mlit-roumu-r8,参1-参3,https://www.mlit.go.jp/report/press/content/001981942.pdf,PDL1.0,,
76f81b17e46e2bd1,JP,labor,労務単価,トンネル作業員,所定労働時間内8時間あたり,人日,pref,15,新潟県,,,,34000,JPY,labor_wage_8h,published_pdl,50200,公共工事設計労務単価＋必要経費(法定福利費(事業主負担分)、労務管理費、宿舎費等)の参考値,2026-03,2026-03-01,mlit-roumu-r8,参1-参3,https://www.mlit.go.jp/report/press/content/001981942.pdf,PDL1.0,,
d5cdbb726076cbdd,JP,labor,労務単価,トンネル世話役,所定労働時間内8時間あたり,人日,pref,15,新潟県,,,,51700,JPY,labor_wage_8h,published_pdl,76400,公共工事設計労務単価＋必要経費(法定福利費(事業主負担分)、労務管理費、宿舎費等)の参考値,2026-03,2026-03-01,mlit-roumu-r8,参1-参3,https://www.mlit.go.jp/report/press/content/001981942.pdf,PDL1.0,,
2efc606ee2e4172d,JP,labor,労務単価,橋りょう特殊工,所定労働時間内8時間あたり,人日,pref,15,新潟県,,,,37200,JPY,labor_wage_8h,published_pdl,54900,公共工事設計労務単価＋必要経費(法定福利費(事業主負担分)、労務管理費、宿舎費等)の参考値,2026-03,2026-03-01,mlit-roumu-r8,参1-参3,https://www.mlit.go.jp/report/press/content/001981942.pdf,PDL1.0,,
295190e098fba0e2,JP,labor,労務単価,橋りょう塗装工,所定労働時間内8時間あたり,人日,pref,15,新潟県,,,,44700,JPY,labor_wage_8h,published_pdl,66000,公共工事設計労務単価＋必要経費(法定福利費(事業主負担分)、労務管理費、宿舎費等)の参考値,2026-03,2026-03-01,mlit-roumu-r8,参1-参3,https://www.mlit.go.jp/report/press/content/001981942.pdf,PDL1.0,,
eccc69ae53ca6719,JP,labor,労務単価,橋りょう世話役,所定労働時間内8時間あたり,人日,pref,15,新潟県,,,,44400,JPY,labor_wage_8h,published_pdl,65600,公共工事設計労務単価＋必要経費(法定福利費(事業主負担分)、労務管理費、宿舎費等)の参考値,2026-03,2026-03-01,mlit-roumu-r8,参1-参3,https://www.mlit.go.jp/report/press/content/001981942.pdf,PDL1.0,,
0af53e39de8f0f99,JP,labor,労務単価,土木一般世話役,所定労働時間内8時間あたり,人日,pref,15,新潟県,,,,29000,JPY,labor_wage_8h,published_pdl,42800,公共工事設計労務単価＋必要経費(法定福利費(事業主負担分)、労務管理費、宿舎費等)の参考値,2026-03,2026-03-01,mlit-roumu-r8,参1-参3,https://www.mlit.go.jp/report/press/content/001981942.pdf,PDL1.0,,
fa4a55261448f933,JP,labor,労務単価,高級船員,所定労働時間内8時間あたり,人日,pref,15,新潟県,,,,38500,JPY,labor_wage_8h,published_pdl,56900,公共工事設計労務単価＋必要経費(法定福利費(事業主負担分)、労務管理費、宿舎費等)の参考値,2026-03,2026-03-01,mlit-roumu-r8,参1-参3,https://www.mlit.go.jp/report/press/content/001981942.pdf,PDL1.0,,
64217011a0e280bc,JP,labor,労務単価,普通船員,所定労働時間内8時間あたり,人日,pref,15,新潟県,,,,29800,JPY,labor_wage_8h,published_pdl,44000,公共工事設計労務単価＋必要経費(法定福利費(事業主負担分)、労務管理費、宿舎費等)の参考値,2026-03,2026-03-01,mlit-roumu-r8,参1-参3,https://www.mlit.go.jp/report/press/content/001981942.pdf,PDL1.0,,
44ce73946e4fb287,JP,labor,労務単価,潜水士,所定労働時間内8時間あたり,人日,pref,15,新潟県,,,,52500,JPY,labor_wage_8h,published_pdl,77500,公共工事設計労務単価＋必要経費(法定福利費(事業主負担分)、労務管理費、宿舎費等)の参考値,2026-03,2026-03-01,mlit-roumu-r8,参1-参3,https://www.mlit.go.jp/report/press/content/001981942.pdf,PDL1.0,,
d35065f76260aae5,JP,labor,労務単価,潜水連絡員,所定労働時間内8時間あたり,人日,pref,15,新潟県,,,,33400,JPY,labor_wage_8h,published_pdl,49300,公共工事設計労務単価＋必要経費(法定福利費(事業主負担分)、労務管理費、宿舎費等)の参考値,2026-03,2026-03-01,mlit-roumu-r8,参1-参3,https://www.mlit.go.jp/report/press/content/001981942.pdf,PDL1.0,,
9765f457df79fc74,JP,labor,労務単価,潜水送気員,所定労働時間内8時間あたり,人日,pref,15,新潟県,,,,34400,JPY,labor_wage_8h,published_pdl,50800,公共工事設計労務単価＋必要経費(法定福利費(事業主負担分)、労務管理費、宿舎費等)の参考値,2026-03,2026-03-01,mlit-roumu-r8,参1-参3,https://www.mlit.go.jp/report/press/content/001981942.pdf,PDL1.0,,
fe467008c1f9b07a,JP,labor,労務単価,山林砂防工,所定労働時間内8時間あたり,人日,pref,15,新潟県,,,,34500,JPY,labor_wage_8h,published_pdl,51000,公共工事設計労務単価＋必要経費(法定福利費(事業主負担分)、労務管理費、宿舎費等)の参考値,2026-03,2026-03-01,mlit-roumu-r8,参1-参3,https://www.mlit.go.jp/report/press/content/001981942.pdf,PDL1.0,,
e4a39d6a426fa865,JP,labor,労務単価,軌道工,所定労働時間内8時間あたり,人日,pref,15,新潟県,,,,38400,JPY,labor_wage_8h,published_pdl,56700,公共工事設計労務単価＋必要経費(法定福利費(事業主負担分)、労務管理費、宿舎費等)の参考値,2026-03,2026-03-01,mlit-roumu-r8,参1-参3,https://www.mlit.go.jp/report/press/content/001981942.pdf,PDL1.0,,
a9e355d28db1ed05,JP,labor,労務単価,型わく工,所定労働時間内8時間あたり,人日,pref,15,新潟県,,,,28700,JPY,labor_wage_8h,published_pdl,42400,公共工事設計労務単価＋必要経費(法定福利費(事業主負担分)、労務管理費、宿舎費等)の参考値,2026-03,2026-03-01,mlit-roumu-r8,参1-参3,https://www.mlit.go.jp/report/press/content/001981942.pdf,PDL1.0,,
65075529fd7a442c,JP,labor,労務単価,大工,所定労働時間内8時間あたり,人日,pref,15,新潟県,,,,30200,JPY,labor_wage_8h,published_pdl,44600,公共工事設計労務単価＋必要経費(法定福利費(事業主負担分)、労務管理費、宿舎費等)の参考値,2026-03,2026-03-01,mlit-roumu-r8,参1-参3,https://www.mlit.go.jp/report/press/content/001981942.pdf,PDL1.0,,
0176da30f83cfdb0,JP,labor,労務単価,左官,所定労働時間内8時間あたり,人日,pref,15,新潟県,,,,31200,JPY,labor_wage_8h,published_pdl,46100,公共工事設計労務単価＋必要経費(法定福利費(事業主負担分)、労務管理費、宿舎費等)の参考値,2026-03,2026-03-01,mlit-roumu-r8,参1-参3,https://www.mlit.go.jp/report/press/content/001981942.pdf,PDL1.0,,
a459e72514897206,JP,labor,労務単価,配管工,所定労働時間内8時間あたり,人日,pref,15,新潟県,,,,27400,JPY,labor_wage_8h,published_pdl,40500,公共工事設計労務単価＋必要経費(法定福利費(事業主負担分)、労務管理費、宿舎費等)の参考値,2026-03,2026-03-01,mlit-roumu-r8,参1-参3,https://www.mlit.go.jp/report/press/content/001981942.pdf,PDL1.0,,
d3eef273067a1aca,JP,labor,労務単価,はつり工,所定労働時間内8時間あたり,人日,pref,15,新潟県,,,,31000,JPY,labor_wage_8h,published_pdl,45800,公共工事設計労務単価＋必要経費(法定福利費(事業主負担分)、労務管理費、宿舎費等)の参考値,2026-03,2026-03-01,mlit-roumu-r8,参1-参3,https://www.mlit.go.jp/report/press/content/001981942.pdf,PDL1.0,,
7c90cd76007e821a,JP,labor,労務単価,防水工,所定労働時間内8時間あたり,人日,pref,15,新潟県,,,,29600,JPY,labor_wage_8h,published_pdl,43700,公共工事設計労務単価＋必要経費(法定福利費(事業主負担分)、労務管理費、宿舎費等)の参考値,2026-03,2026-03-01,mlit-roumu-r8,参1-参3,https://www.mlit.go.jp/report/press/content/001981942.pdf,PDL1.0,,
93b93f6278584a9c,JP,labor,労務単価,板金工,所定労働時間内8時間あたり,人日,pref,15,新潟県,,,,30700,JPY,labor_wage_8h,published_pdl,45300,公共工事設計労務単価＋必要経費(法定福利費(事業主負担分)、労務管理費、宿舎費等)の参考値,2026-03,2026-03-01,mlit-roumu-r8,参1-参3,https://www.mlit.go.jp/report/press/content/001981942.pdf,PDL1.0,,
5fc0ef53bcca9951,JP,labor,労務単価,タイル工,所定労働時間内8時間あたり,人日,pref,15,新潟県,,,,,JPY,labor_wage_8h,not_set,,,2026-03,2026-03-01,mlit-roumu-r8,参1-参3,https://www.mlit.go.jp/report/press/content/001981942.pdf,PDL1.0,,原本の表で『-』(この都道府県ではこの職種の単価を設定していない)
798f616ecbe4fee9,JP,labor,労務単価,サッシ工,所定労働時間内8時間あたり,人日,pref,15,新潟県,,,,34500,JPY,labor_wage_8h,published_pdl,51000,公共工事設計労務単価＋必要経費(法定福利費(事業主負担分)、労務管理費、宿舎費等)の参考値,2026-03,2026-03-01,mlit-roumu-r8,参1-参3,https://www.mlit.go.jp/report/press/content/001981942.pdf,PDL1.0,,
d36d5c2e6d98b4c6,JP,labor,労務単価,屋根ふき工,所定労働時間内8時間あたり,人日,pref,15,新潟県,,,,,JPY,labor_wage_8h,not_set,,,2026-03,2026-03-01,mlit-roumu-r8,参1-参3,https://www.mlit.go.jp/report/press/content/001981942.pdf,PDL1.0,,原本の表で『-』(この都道府県ではこの職種の単価を設定していない)
fe043b0ced11155e,JP,labor,労務単価,内装工,所定労働時間内8時間あたり,人日,pref,15,新潟県,,,,31100,JPY,labor_wage_8h,published_pdl,45900,公共工事設計労務単価＋必要経費(法定福利費(事業主負担分)、労務管理費、宿舎費等)の参考値,2026-03,2026-03-01,mlit-roumu-r8,参1-参3,https://www.mlit.go.jp/report/press/content/001981942.pdf,PDL1.0,,
5c6b62d262eb2487,JP,labor,労務単価,ガラス工,所定労働時間内8時間あたり,人日,pref,15,新潟県,,,,29600,JPY,labor_wage_8h,published_pdl,43700,公共工事設計労務単価＋必要経費(法定福利費(事業主負担分)、労務管理費、宿舎費等)の参考値,2026-03,2026-03-01,mlit-roumu-r8,参1-参3,https://www.mlit.go.jp/report/press/content/001981942.pdf,PDL1.0,,
82c5cc57a8339bc4,JP,labor,労務単価,建具工,所定労働時間内8時間あたり,人日,pref,15,新潟県,,,,24400,JPY,labor_wage_8h,published_pdl,36000,公共工事設計労務単価＋必要経費(法定福利費(事業主負担分)、労務管理費、宿舎費等)の参考値,2026-03,2026-03-01,mlit-roumu-r8,参1-参3,https://www.mlit.go.jp/report/press/content/001981942.pdf,PDL1.0,,
2823c8702030e353,JP,labor,労務単価,ダクト工,所定労働時間内8時間あたり,人日,pref,15,新潟県,,,,24100,JPY,labor_wage_8h,published_pdl,35600,公共工事設計労務単価＋必要経費(法定福利費(事業主負担分)、労務管理費、宿舎費等)の参考値,2026-03,2026-03-01,mlit-roumu-r8,参1-参3,https://www.mlit.go.jp/report/press/content/001981942.pdf,PDL1.0,,
2b45fcc576b77af3,JP,labor,労務単価,保温工,所定労働時間内8時間あたり,人日,pref,15,新潟県,,,,28300,JPY,labor_wage_8h,published_pdl,41800,公共工事設計労務単価＋必要経費(法定福利費(事業主負担分)、労務管理費、宿舎費等)の参考値,2026-03,2026-03-01,mlit-roumu-r8,参1-参3,https://www.mlit.go.jp/report/press/content/001981942.pdf,PDL1.0,,
23dcd6a2a8b9555b,JP,labor,労務単価,設備機械工,所定労働時間内8時間あたり,人日,pref,15,新潟県,,,,29600,JPY,labor_wage_8h,published_pdl,43700,公共工事設計労務単価＋必要経費(法定福利費(事業主負担分)、労務管理費、宿舎費等)の参考値,2026-03,2026-03-01,mlit-roumu-r8,参1-参3,https://www.mlit.go.jp/report/press/content/001981942.pdf,PDL1.0,,
23cf7173881c49fc,JP,labor,労務単価,交通誘導警備員Ａ,所定労働時間内8時間あたり,人日,pref,15,新潟県,,,,19400,JPY,labor_wage_8h,published_pdl,28700,公共工事設計労務単価＋必要経費(法定福利費(事業主負担分)、労務管理費、宿舎費等)の参考値,2026-03,2026-03-01,mlit-roumu-r8,参1-参3,https://www.mlit.go.jp/report/press/content/001981942.pdf,PDL1.0,,
e34a426399592638,JP,labor,労務単価,交通誘導警備員Ｂ,所定労働時間内8時間あたり,人日,pref,15,新潟県,,,,17500,JPY,labor_wage_8h,published_pdl,25800,公共工事設計労務単価＋必要経費(法定福利費(事業主負担分)、労務管理費、宿舎費等)の参考値,2026-03,2026-03-01,mlit-roumu-r8,参1-参3,https://www.mlit.go.jp/report/press/content/001981942.pdf,PDL1.0,,
4e4e90899e7bbf23,JP,labor,労務単価,特殊作業員,所定労働時間内8時間あたり,人日,pref,16,富山県,,,,32700,JPY,labor_wage_8h,published_pdl,48300,公共工事設計労務単価＋必要経費(法定福利費(事業主負担分)、労務管理費、宿舎費等)の参考値,2026-03,2026-03-01,mlit-roumu-r8,参1-参3,https://www.mlit.go.jp/report/press/content/001981942.pdf,PDL1.0,,
e1f19808bf56047e,JP,labor,労務単価,普通作業員,所定労働時間内8時間あたり,人日,pref,16,富山県,,,,26100,JPY,labor_wage_8h,published_pdl,38500,公共工事設計労務単価＋必要経費(法定福利費(事業主負担分)、労務管理費、宿舎費等)の参考値,2026-03,2026-03-01,mlit-roumu-r8,参1-参3,https://www.mlit.go.jp/report/press/content/001981942.pdf,PDL1.0,,
72f66f8dc359dbd2,JP,labor,労務単価,軽作業員,所定労働時間内8時間あたり,人日,pref,16,富山県,,,,20700,JPY,labor_wage_8h,published_pdl,30600,公共工事設計労務単価＋必要経費(法定福利費(事業主負担分)、労務管理費、宿舎費等)の参考値,2026-03,2026-03-01,mlit-roumu-r8,参1-参3,https://www.mlit.go.jp/report/press/content/001981942.pdf,PDL1.0,,
f63226fce150d057,JP,labor,労務単価,造園工,所定労働時間内8時間あたり,人日,pref,16,富山県,,,,25600,JPY,labor_wage_8h,published_pdl,37800,公共工事設計労務単価＋必要経費(法定福利費(事業主負担分)、労務管理費、宿舎費等)の参考値,2026-03,2026-03-01,mlit-roumu-r8,参1-参3,https://www.mlit.go.jp/report/press/content/001981942.pdf,PDL1.0,,
66658c54f8a66c6a,JP,labor,労務単価,法面工,所定労働時間内8時間あたり,人日,pref,16,富山県,,,,36900,JPY,labor_wage_8h,published_pdl,54500,公共工事設計労務単価＋必要経費(法定福利費(事業主負担分)、労務管理費、宿舎費等)の参考値,2026-03,2026-03-01,mlit-roumu-r8,参1-参3,https://www.mlit.go.jp/report/press/content/001981942.pdf,PDL1.0,,
b6f47d3f808e197b,JP,labor,労務単価,とび工,所定労働時間内8時間あたり,人日,pref,16,富山県,,,,32600,JPY,labor_wage_8h,published_pdl,48200,公共工事設計労務単価＋必要経費(法定福利費(事業主負担分)、労務管理費、宿舎費等)の参考値,2026-03,2026-03-01,mlit-roumu-r8,参1-参3,https://www.mlit.go.jp/report/press/content/001981942.pdf,PDL1.0,,
9a9731e3ab895b74,JP,labor,労務単価,石工,所定労働時間内8時間あたり,人日,pref,16,富山県,,,,,JPY,labor_wage_8h,not_set,,,2026-03,2026-03-01,mlit-roumu-r8,参1-参3,https://www.mlit.go.jp/report/press/content/001981942.pdf,PDL1.0,,原本の表で『-』(この都道府県ではこの職種の単価を設定していない)
08b598e9bf94eac9,JP,labor,労務単価,ブロック工,所定労働時間内8時間あたり,人日,pref,16,富山県,,,,,JPY,labor_wage_8h,not_set,,,2026-03,2026-03-01,mlit-roumu-r8,参1-参3,https://www.mlit.go.jp/report/press/content/001981942.pdf,PDL1.0,,原本の表で『-』(この都道府県ではこの職種の単価を設定していない)
e2d91647767960b7,JP,labor,労務単価,電工,所定労働時間内8時間あたり,人日,pref,16,富山県,,,,29800,JPY,labor_wage_8h,published_pdl,44000,公共工事設計労務単価＋必要経費(法定福利費(事業主負担分)、労務管理費、宿舎費等)の参考値,2026-03,2026-03-01,mlit-roumu-r8,参1-参3,https://www.mlit.go.jp/report/press/content/001981942.pdf,PDL1.0,,
155fe875b19ac867,JP,labor,労務単価,鉄筋工,所定労働時間内8時間あたり,人日,pref,16,富山県,,,,33700,JPY,labor_wage_8h,published_pdl,49800,公共工事設計労務単価＋必要経費(法定福利費(事業主負担分)、労務管理費、宿舎費等)の参考値,2026-03,2026-03-01,mlit-roumu-r8,参1-参3,https://www.mlit.go.jp/report/press/content/001981942.pdf,PDL1.0,,
11bdd9b6b283b7df,JP,labor,労務単価,鉄骨工,所定労働時間内8時間あたり,人日,pref,16,富山県,,,,32600,JPY,labor_wage_8h,published_pdl,48200,公共工事設計労務単価＋必要経費(法定福利費(事業主負担分)、労務管理費、宿舎費等)の参考値,2026-03,2026-03-01,mlit-roumu-r8,参1-参3,https://www.mlit.go.jp/report/press/content/001981942.pdf,PDL1.0,,
3fc7341fe6c50c81,JP,labor,労務単価,塗装工,所定労働時間内8時間あたり,人日,pref,16,富山県,,,,33500,JPY,labor_wage_8h,published_pdl,49500,公共工事設計労務単価＋必要経費(法定福利費(事業主負担分)、労務管理費、宿舎費等)の参考値,2026-03,2026-03-01,mlit-roumu-r8,参1-参3,https://www.mlit.go.jp/report/press/content/001981942.pdf,PDL1.0,,
795b264006dbf62c,JP,labor,労務単価,溶接工,所定労働時間内8時間あたり,人日,pref,16,富山県,,,,32900,JPY,labor_wage_8h,published_pdl,48600,公共工事設計労務単価＋必要経費(法定福利費(事業主負担分)、労務管理費、宿舎費等)の参考値,2026-03,2026-03-01,mlit-roumu-r8,参1-参3,https://www.mlit.go.jp/report/press/content/001981942.pdf,PDL1.0,,
c33d123c6c56aa38,JP,labor,労務単価,運転手（特殊）,所定労働時間内8時間あたり,人日,pref,16,富山県,,,,30200,JPY,labor_wage_8h,published_pdl,44600,公共工事設計労務単価＋必要経費(法定福利費(事業主負担分)、労務管理費、宿舎費等)の参考値,2026-03,2026-03-01,mlit-roumu-r8,参1-参3,https://www.mlit.go.jp/report/press/content/001981942.pdf,PDL1.0,,
f68d2a3159180ee1,JP,labor,労務単価,運転手（一般）,所定労働時間内8時間あたり,人日,pref,16,富山県,,,,25600,JPY,labor_wage_8h,published_pdl,37800,公共工事設計労務単価＋必要経費(法定福利費(事業主負担分)、労務管理費、宿舎費等)の参考値,2026-03,2026-03-01,mlit-roumu-r8,参1-参3,https://www.mlit.go.jp/report/press/content/001981942.pdf,PDL1.0,,
31edec47f46f2049,JP,labor,労務単価,潜かん工,所定労働時間内8時間あたり,人日,pref,16,富山県,,,,40500,JPY,labor_wage_8h,published_pdl,59800,公共工事設計労務単価＋必要経費(法定福利費(事業主負担分)、労務管理費、宿舎費等)の参考値,2026-03,2026-03-01,mlit-roumu-r8,参1-参3,https://www.mlit.go.jp/report/press/content/001981942.pdf,PDL1.0,,
208721da910fee34,JP,labor,労務単価,潜かん世話役,所定労働時間内8時間あたり,人日,pref,16,富山県,,,,50100,JPY,labor_wage_8h,published_pdl,74000,公共工事設計労務単価＋必要経費(法定福利費(事業主負担分)、労務管理費、宿舎費等)の参考値,2026-03,2026-03-01,mlit-roumu-r8,参1-参3,https://www.mlit.go.jp/report/press/content/001981942.pdf,PDL1.0,,
488bc9ea51028088,JP,labor,労務単価,さく岩工,所定労働時間内8時間あたり,人日,pref,16,富山県,,,,39700,JPY,labor_wage_8h,published_pdl,58600,公共工事設計労務単価＋必要経費(法定福利費(事業主負担分)、労務管理費、宿舎費等)の参考値,2026-03,2026-03-01,mlit-roumu-r8,参1-参3,https://www.mlit.go.jp/report/press/content/001981942.pdf,PDL1.0,,
d2b9198da63643dc,JP,labor,労務単価,トンネル特殊工,所定労働時間内8時間あたり,人日,pref,16,富山県,,,,49100,JPY,labor_wage_8h,published_pdl,72500,公共工事設計労務単価＋必要経費(法定福利費(事業主負担分)、労務管理費、宿舎費等)の参考値,2026-03,2026-03-01,mlit-roumu-r8,参1-参3,https://www.mlit.go.jp/report/press/content/001981942.pdf,PDL1.0,,
cc0646084cd22e00,JP,labor,労務単価,トンネル作業員,所定労働時間内8時間あたり,人日,pref,16,富山県,,,,34200,JPY,labor_wage_8h,published_pdl,50500,公共工事設計労務単価＋必要経費(法定福利費(事業主負担分)、労務管理費、宿舎費等)の参考値,2026-03,2026-03-01,mlit-roumu-r8,参1-参3,https://www.mlit.go.jp/report/press/content/001981942.pdf,PDL1.0,,
6a4c85275962e0c2,JP,labor,労務単価,トンネル世話役,所定労働時間内8時間あたり,人日,pref,16,富山県,,,,52100,JPY,labor_wage_8h,published_pdl,77000,公共工事設計労務単価＋必要経費(法定福利費(事業主負担分)、労務管理費、宿舎費等)の参考値,2026-03,2026-03-01,mlit-roumu-r8,参1-参3,https://www.mlit.go.jp/report/press/content/001981942.pdf,PDL1.0,,
43d83dc43df8351d,JP,labor,労務単価,橋りょう特殊工,所定労働時間内8時間あたり,人日,pref,16,富山県,,,,37500,JPY,labor_wage_8h,published_pdl,55400,公共工事設計労務単価＋必要経費(法定福利費(事業主負担分)、労務管理費、宿舎費等)の参考値,2026-03,2026-03-01,mlit-roumu-r8,参1-参3,https://www.mlit.go.jp/report/press/content/001981942.pdf,PDL1.0,,
0bfccf53ef30dfbd,JP,labor,労務単価,橋りょう塗装工,所定労働時間内8時間あたり,人日,pref,16,富山県,,,,45300,JPY,labor_wage_8h,published_pdl,66900,公共工事設計労務単価＋必要経費(法定福利費(事業主負担分)、労務管理費、宿舎費等)の参考値,2026-03,2026-03-01,mlit-roumu-r8,参1-参3,https://www.mlit.go.jp/report/press/content/001981942.pdf,PDL1.0,,
978c6767d1a19948,JP,labor,労務単価,橋りょう世話役,所定労働時間内8時間あたり,人日,pref,16,富山県,,,,46300,JPY,labor_wage_8h,published_pdl,68400,公共工事設計労務単価＋必要経費(法定福利費(事業主負担分)、労務管理費、宿舎費等)の参考値,2026-03,2026-03-01,mlit-roumu-r8,参1-参3,https://www.mlit.go.jp/report/press/content/001981942.pdf,PDL1.0,,
2ea3032718661036,JP,labor,労務単価,土木一般世話役,所定労働時間内8時間あたり,人日,pref,16,富山県,,,,31200,JPY,labor_wage_8h,published_pdl,46100,公共工事設計労務単価＋必要経費(法定福利費(事業主負担分)、労務管理費、宿舎費等)の参考値,2026-03,2026-03-01,mlit-roumu-r8,参1-参3,https://www.mlit.go.jp/report/press/content/001981942.pdf,PDL1.0,,
226c5313ee48eb05,JP,labor,労務単価,高級船員,所定労働時間内8時間あたり,人日,pref,16,富山県,,,,37300,JPY,labor_wage_8h,published_pdl,55100,公共工事設計労務単価＋必要経費(法定福利費(事業主負担分)、労務管理費、宿舎費等)の参考値,2026-03,2026-03-01,mlit-roumu-r8,参1-参3,https://www.mlit.go.jp/report/press/content/001981942.pdf,PDL1.0,,
31faa4de59ad4b4b,JP,labor,労務単価,普通船員,所定労働時間内8時間あたり,人日,pref,16,富山県,,,,30200,JPY,labor_wage_8h,published_pdl,44600,公共工事設計労務単価＋必要経費(法定福利費(事業主負担分)、労務管理費、宿舎費等)の参考値,2026-03,2026-03-01,mlit-roumu-r8,参1-参3,https://www.mlit.go.jp/report/press/content/001981942.pdf,PDL1.0,,
b607ea47d8e1dd12,JP,labor,労務単価,潜水士,所定労働時間内8時間あたり,人日,pref,16,富山県,,,,54100,JPY,labor_wage_8h,published_pdl,79900,公共工事設計労務単価＋必要経費(法定福利費(事業主負担分)、労務管理費、宿舎費等)の参考値,2026-03,2026-03-01,mlit-roumu-r8,参1-参3,https://www.mlit.go.jp/report/press/content/001981942.pdf,PDL1.0,,
e361663cedd251bc,JP,labor,労務単価,潜水連絡員,所定労働時間内8時間あたり,人日,pref,16,富山県,,,,34000,JPY,labor_wage_8h,published_pdl,50200,公共工事設計労務単価＋必要経費(法定福利費(事業主負担分)、労務管理費、宿舎費等)の参考値,2026-03,2026-03-01,mlit-roumu-r8,参1-参3,https://www.mlit.go.jp/report/press/content/001981942.pdf,PDL1.0,,
7869afe4abe5499e,JP,labor,労務単価,潜水送気員,所定労働時間内8時間あたり,人日,pref,16,富山県,,,,35800,JPY,labor_wage_8h,published_pdl,52900,公共工事設計労務単価＋必要経費(法定福利費(事業主負担分)、労務管理費、宿舎費等)の参考値,2026-03,2026-03-01,mlit-roumu-r8,参1-参3,https://www.mlit.go.jp/report/press/content/001981942.pdf,PDL1.0,,
c549ed338123b693,JP,labor,労務単価,山林砂防工,所定労働時間内8時間あたり,人日,pref,16,富山県,,,,34100,JPY,labor_wage_8h,published_pdl,50400,公共工事設計労務単価＋必要経費(法定福利費(事業主負担分)、労務管理費、宿舎費等)の参考値,2026-03,2026-03-01,mlit-roumu-r8,参1-参3,https://www.mlit.go.jp/report/press/content/001981942.pdf,PDL1.0,,
c59eb62f2a16af72,JP,labor,労務単価,軌道工,所定労働時間内8時間あたり,人日,pref,16,富山県,,,,45100,JPY,labor_wage_8h,published_pdl,66600,公共工事設計労務単価＋必要経費(法定福利費(事業主負担分)、労務管理費、宿舎費等)の参考値,2026-03,2026-03-01,mlit-roumu-r8,参1-参3,https://www.mlit.go.jp/report/press/content/001981942.pdf,PDL1.0,,
4eb856bbb63e2056,JP,labor,労務単価,型わく工,所定労働時間内8時間あたり,人日,pref,16,富山県,,,,32300,JPY,labor_wage_8h,published_pdl,47700,公共工事設計労務単価＋必要経費(法定福利費(事業主負担分)、労務管理費、宿舎費等)の参考値,2026-03,2026-03-01,mlit-roumu-r8,参1-参3,https://www.mlit.go.jp/report/press/content/001981942.pdf,PDL1.0,,
42537470a72c835e,JP,labor,労務単価,大工,所定労働時間内8時間あたり,人日,pref,16,富山県,,,,31400,JPY,labor_wage_8h,published_pdl,46400,公共工事設計労務単価＋必要経費(法定福利費(事業主負担分)、労務管理費、宿舎費等)の参考値,2026-03,2026-03-01,mlit-roumu-r8,参1-参3,https://www.mlit.go.jp/report/press/content/001981942.pdf,PDL1.0,,
a80b4b1ef836944b,JP,labor,労務単価,左官,所定労働時間内8時間あたり,人日,pref,16,富山県,,,,32700,JPY,labor_wage_8h,published_pdl,48300,公共工事設計労務単価＋必要経費(法定福利費(事業主負担分)、労務管理費、宿舎費等)の参考値,2026-03,2026-03-01,mlit-roumu-r8,参1-参3,https://www.mlit.go.jp/report/press/content/001981942.pdf,PDL1.0,,
3b1a46f3bafe2d0c,JP,labor,労務単価,配管工,所定労働時間内8時間あたり,人日,pref,16,富山県,,,,27900,JPY,labor_wage_8h,published_pdl,41200,公共工事設計労務単価＋必要経費(法定福利費(事業主負担分)、労務管理費、宿舎費等)の参考値,2026-03,2026-03-01,mlit-roumu-r8,参1-参3,https://www.mlit.go.jp/report/press/content/001981942.pdf,PDL1.0,,
e35382717ed133c6,JP,labor,労務単価,はつり工,所定労働時間内8時間あたり,人日,pref,16,富山県,,,,31500,JPY,labor_wage_8h,published_pdl,46500,公共工事設計労務単価＋必要経費(法定福利費(事業主負担分)、労務管理費、宿舎費等)の参考値,2026-03,2026-03-01,mlit-roumu-r8,参1-参3,https://www.mlit.go.jp/report/press/content/001981942.pdf,PDL1.0,,
8a75b373ae4f3d8f,JP,labor,労務単価,防水工,所定労働時間内8時間あたり,人日,pref,16,富山県,,,,30000,JPY,labor_wage_8h,published_pdl,44300,公共工事設計労務単価＋必要経費(法定福利費(事業主負担分)、労務管理費、宿舎費等)の参考値,2026-03,2026-03-01,mlit-roumu-r8,参1-参3,https://www.mlit.go.jp/report/press/content/001981942.pdf,PDL1.0,,
db7cd4012de0f8d9,JP,labor,労務単価,板金工,所定労働時間内8時間あたり,人日,pref,16,富山県,,,,31500,JPY,labor_wage_8h,published_pdl,46500,公共工事設計労務単価＋必要経費(法定福利費(事業主負担分)、労務管理費、宿舎費等)の参考値,2026-03,2026-03-01,mlit-roumu-r8,参1-参3,https://www.mlit.go.jp/report/press/content/001981942.pdf,PDL1.0,,
d172e312470d0d03,JP,labor,労務単価,タイル工,所定労働時間内8時間あたり,人日,pref,16,富山県,,,,,JPY,labor_wage_8h,not_set,,,2026-03,2026-03-01,mlit-roumu-r8,参1-参3,https://www.mlit.go.jp/report/press/content/001981942.pdf,PDL1.0,,原本の表で『-』(この都道府県ではこの職種の単価を設定していない)
fbcd53818ceccca0,JP,labor,労務単価,サッシ工,所定労働時間内8時間あたり,人日,pref,16,富山県,,,,33900,JPY,labor_wage_8h,published_pdl,50100,公共工事設計労務単価＋必要経費(法定福利費(事業主負担分)、労務管理費、宿舎費等)の参考値,2026-03,2026-03-01,mlit-roumu-r8,参1-参3,https://www.mlit.go.jp/report/press/content/001981942.pdf,PDL1.0,,
4d9c0862b9970f2d,JP,labor,労務単価,屋根ふき工,所定労働時間内8時間あたり,人日,pref,16,富山県,,,,,JPY,labor_wage_8h,not_set,,,2026-03,2026-03-01,mlit-roumu-r8,参1-参3,https://www.mlit.go.jp/report/press/content/001981942.pdf,PDL1.0,,原本の表で『-』(この都道府県ではこの職種の単価を設定していない)
5588511e706cd819,JP,labor,労務単価,内装工,所定労働時間内8時間あたり,人日,pref,16,富山県,,,,31300,JPY,labor_wage_8h,published_pdl,46200,公共工事設計労務単価＋必要経費(法定福利費(事業主負担分)、労務管理費、宿舎費等)の参考値,2026-03,2026-03-01,mlit-roumu-r8,参1-参3,https://www.mlit.go.jp/report/press/content/001981942.pdf,PDL1.0,,
5932906161b75171,JP,labor,労務単価,ガラス工,所定労働時間内8時間あたり,人日,pref,16,富山県,,,,30000,JPY,labor_wage_8h,published_pdl,44300,公共工事設計労務単価＋必要経費(法定福利費(事業主負担分)、労務管理費、宿舎費等)の参考値,2026-03,2026-03-01,mlit-roumu-r8,参1-参3,https://www.mlit.go.jp/report/press/content/001981942.pdf,PDL1.0,,
c57bd00920890f79,JP,labor,労務単価,建具工,所定労働時間内8時間あたり,人日,pref,16,富山県,,,,,JPY,labor_wage_8h,not_set,,,2026-03,2026-03-01,mlit-roumu-r8,参1-参3,https://www.mlit.go.jp/report/press/content/001981942.pdf,PDL1.0,,原本の表で『-』(この都道府県ではこの職種の単価を設定していない)
8b349c9243845882,JP,labor,労務単価,ダクト工,所定労働時間内8時間あたり,人日,pref,16,富山県,,,,25100,JPY,labor_wage_8h,published_pdl,37100,公共工事設計労務単価＋必要経費(法定福利費(事業主負担分)、労務管理費、宿舎費等)の参考値,2026-03,2026-03-01,mlit-roumu-r8,参1-参3,https://www.mlit.go.jp/report/press/content/001981942.pdf,PDL1.0,,
56200a5f6c3cae28,JP,labor,労務単価,保温工,所定労働時間内8時間あたり,人日,pref,16,富山県,,,,28600,JPY,labor_wage_8h,published_pdl,42200,公共工事設計労務単価＋必要経費(法定福利費(事業主負担分)、労務管理費、宿舎費等)の参考値,2026-03,2026-03-01,mlit-roumu-r8,参1-参3,https://www.mlit.go.jp/report/press/content/001981942.pdf,PDL1.0,,
5fe849f229cc232b,JP,labor,労務単価,設備機械工,所定労働時間内8時間あたり,人日,pref,16,富山県,,,,30000,JPY,labor_wage_8h,published_pdl,44300,公共工事設計労務単価＋必要経費(法定福利費(事業主負担分)、労務管理費、宿舎費等)の参考値,2026-03,2026-03-01,mlit-roumu-r8,参1-参3,https://www.mlit.go.jp/report/press/content/001981942.pdf,PDL1.0,,
50106b06212402e9,JP,labor,労務単価,交通誘導警備員Ａ,所定労働時間内8時間あたり,人日,pref,16,富山県,,,,19600,JPY,labor_wage_8h,published_pdl,28900,公共工事設計労務単価＋必要経費(法定福利費(事業主負担分)、労務管理費、宿舎費等)の参考値,2026-03,2026-03-01,mlit-roumu-r8,参1-参3,https://www.mlit.go.jp/report/press/content/001981942.pdf,PDL1.0,,
265a7f7a949de704,JP,labor,労務単価,交通誘導警備員Ｂ,所定労働時間内8時間あたり,人日,pref,16,富山県,,,,18300,JPY,labor_wage_8h,published_pdl,27000,公共工事設計労務単価＋必要経費(法定福利費(事業主負担分)、労務管理費、宿舎費等)の参考値,2026-03,2026-03-01,mlit-roumu-r8,参1-参3,https://www.mlit.go.jp/report/press/content/001981942.pdf,PDL1.0,,
817d592daefedeb1,JP,labor,労務単価,特殊作業員,所定労働時間内8時間あたり,人日,pref,17,石川県,,,,31600,JPY,labor_wage_8h,published_pdl,46700,公共工事設計労務単価＋必要経費(法定福利費(事業主負担分)、労務管理費、宿舎費等)の参考値,2026-03,2026-03-01,mlit-roumu-r8,参1-参3,https://www.mlit.go.jp/report/press/content/001981942.pdf,PDL1.0,,
554bb2aab47312b7,JP,labor,労務単価,普通作業員,所定労働時間内8時間あたり,人日,pref,17,石川県,,,,27000,JPY,labor_wage_8h,published_pdl,39900,公共工事設計労務単価＋必要経費(法定福利費(事業主負担分)、労務管理費、宿舎費等)の参考値,2026-03,2026-03-01,mlit-roumu-r8,参1-参3,https://www.mlit.go.jp/report/press/content/001981942.pdf,PDL1.0,,
387aca64803484ee,JP,labor,労務単価,軽作業員,所定労働時間内8時間あたり,人日,pref,17,石川県,,,,20600,JPY,labor_wage_8h,published_pdl,30400,公共工事設計労務単価＋必要経費(法定福利費(事業主負担分)、労務管理費、宿舎費等)の参考値,2026-03,2026-03-01,mlit-roumu-r8,参1-参3,https://www.mlit.go.jp/report/press/content/001981942.pdf,PDL1.0,,
f37f168490096dc5,JP,labor,労務単価,造園工,所定労働時間内8時間あたり,人日,pref,17,石川県,,,,25400,JPY,labor_wage_8h,published_pdl,37500,公共工事設計労務単価＋必要経費(法定福利費(事業主負担分)、労務管理費、宿舎費等)の参考値,2026-03,2026-03-01,mlit-roumu-r8,参1-参3,https://www.mlit.go.jp/report/press/content/001981942.pdf,PDL1.0,,
c0302e53e6fd7df2,JP,labor,労務単価,法面工,所定労働時間内8時間あたり,人日,pref,17,石川県,,,,37200,JPY,labor_wage_8h,published_pdl,54900,公共工事設計労務単価＋必要経費(法定福利費(事業主負担分)、労務管理費、宿舎費等)の参考値,2026-03,2026-03-01,mlit-roumu-r8,参1-参3,https://www.mlit.go.jp/report/press/content/001981942.pdf,PDL1.0,,
6ac9902c5ef3a89c,JP,labor,労務単価,とび工,所定労働時間内8時間あたり,人日,pref,17,石川県,,,,32900,JPY,labor_wage_8h,published_pdl,48600,公共工事設計労務単価＋必要経費(法定福利費(事業主負担分)、労務管理費、宿舎費等)の参考値,2026-03,2026-03-01,mlit-roumu-r8,参1-参3,https://www.mlit.go.jp/report/press/content/001981942.pdf,PDL1.0,,
5e5628fcb727479e,JP,labor,労務単価,石工,所定労働時間内8時間あたり,人日,pref,17,石川県,,,,,JPY,labor_wage_8h,not_set,,,2026-03,2026-03-01,mlit-roumu-r8,参1-参3,https://www.mlit.go.jp/report/press/content/001981942.pdf,PDL1.0,,原本の表で『-』(この都道府県ではこの職種の単価を設定していない)
d136ba75ba25590e,JP,labor,労務単価,ブロック工,所定労働時間内8時間あたり,人日,pref,17,石川県,,,,,JPY,labor_wage_8h,not_set,,,2026-03,2026-03-01,mlit-roumu-r8,参1-参3,https://www.mlit.go.jp/report/press/content/001981942.pdf,PDL1.0,,原本の表で『-』(この都道府県ではこの職種の単価を設定していない)
34fbda73789e75bd,JP,labor,労務単価,電工,所定労働時間内8時間あたり,人日,pref,17,石川県,,,,30100,JPY,labor_wage_8h,published_pdl,44500,公共工事設計労務単価＋必要経費(法定福利費(事業主負担分)、労務管理費、宿舎費等)の参考値,2026-03,2026-03-01,mlit-roumu-r8,参1-参3,https://www.mlit.go.jp/report/press/content/001981942.pdf,PDL1.0,,
6593e24abb83f817,JP,labor,労務単価,鉄筋工,所定労働時間内8時間あたり,人日,pref,17,石川県,,,,33300,JPY,labor_wage_8h,published_pdl,49200,公共工事設計労務単価＋必要経費(法定福利費(事業主負担分)、労務管理費、宿舎費等)の参考値,2026-03,2026-03-01,mlit-roumu-r8,参1-参3,https://www.mlit.go.jp/report/press/content/001981942.pdf,PDL1.0,,
fa705b370fbe7a46,JP,labor,労務単価,鉄骨工,所定労働時間内8時間あたり,人日,pref,17,石川県,,,,32000,JPY,labor_wage_8h,published_pdl,47300,公共工事設計労務単価＋必要経費(法定福利費(事業主負担分)、労務管理費、宿舎費等)の参考値,2026-03,2026-03-01,mlit-roumu-r8,参1-参3,https://www.mlit.go.jp/report/press/content/001981942.pdf,PDL1.0,,
9019c95cfc0876a8,JP,labor,労務単価,塗装工,所定労働時間内8時間あたり,人日,pref,17,石川県,,,,33000,JPY,labor_wage_8h,published_pdl,48700,公共工事設計労務単価＋必要経費(法定福利費(事業主負担分)、労務管理費、宿舎費等)の参考値,2026-03,2026-03-01,mlit-roumu-r8,参1-参3,https://www.mlit.go.jp/report/press/content/001981942.pdf,PDL1.0,,
43e9e8be32f12d8a,JP,labor,労務単価,溶接工,所定労働時間内8時間あたり,人日,pref,17,石川県,,,,32500,JPY,labor_wage_8h,published_pdl,48000,公共工事設計労務単価＋必要経費(法定福利費(事業主負担分)、労務管理費、宿舎費等)の参考値,2026-03,2026-03-01,mlit-roumu-r8,参1-参3,https://www.mlit.go.jp/report/press/content/001981942.pdf,PDL1.0,,
38503703a3be1e7c,JP,labor,労務単価,運転手（特殊）,所定労働時間内8時間あたり,人日,pref,17,石川県,,,,29700,JPY,labor_wage_8h,published_pdl,43900,公共工事設計労務単価＋必要経費(法定福利費(事業主負担分)、労務管理費、宿舎費等)の参考値,2026-03,2026-03-01,mlit-roumu-r8,参1-参3,https://www.mlit.go.jp/report/press/content/001981942.pdf,PDL1.0,,
939da9aaf5b9510f,JP,labor,労務単価,運転手（一般）,所定労働時間内8時間あたり,人日,pref,17,石川県,,,,26800,JPY,labor_wage_8h,published_pdl,39600,公共工事設計労務単価＋必要経費(法定福利費(事業主負担分)、労務管理費、宿舎費等)の参考値,2026-03,2026-03-01,mlit-roumu-r8,参1-参3,https://www.mlit.go.jp/report/press/content/001981942.pdf,PDL1.0,,
2f094b8ca028abe5,JP,labor,労務単価,潜かん工,所定労働時間内8時間あたり,人日,pref,17,石川県,,,,40500,JPY,labor_wage_8h,published_pdl,59800,公共工事設計労務単価＋必要経費(法定福利費(事業主負担分)、労務管理費、宿舎費等)の参考値,2026-03,2026-03-01,mlit-roumu-r8,参1-参3,https://www.mlit.go.jp/report/press/content/001981942.pdf,PDL1.0,,
529371fa2b24d5d0,JP,labor,労務単価,潜かん世話役,所定労働時間内8時間あたり,人日,pref,17,石川県,,,,50000,JPY,labor_wage_8h,published_pdl,73900,公共工事設計労務単価＋必要経費(法定福利費(事業主負担分)、労務管理費、宿舎費等)の参考値,2026-03,2026-03-01,mlit-roumu-r8,参1-参3,https://www.mlit.go.jp/report/press/content/001981942.pdf,PDL1.0,,
094d06695e5271f6,JP,labor,労務単価,さく岩工,所定労働時間内8時間あたり,人日,pref,17,石川県,,,,40000,JPY,labor_wage_8h,published_pdl,59100,公共工事設計労務単価＋必要経費(法定福利費(事業主負担分)、労務管理費、宿舎費等)の参考値,2026-03,2026-03-01,mlit-roumu-r8,参1-参3,https://www.mlit.go.jp/report/press/content/001981942.pdf,PDL1.0,,
c53729efdc5a6459,JP,labor,労務単価,トンネル特殊工,所定労働時間内8時間あたり,人日,pref,17,石川県,,,,49100,JPY,labor_wage_8h,published_pdl,72500,公共工事設計労務単価＋必要経費(法定福利費(事業主負担分)、労務管理費、宿舎費等)の参考値,2026-03,2026-03-01,mlit-roumu-r8,参1-参3,https://www.mlit.go.jp/report/press/content/001981942.pdf,PDL1.0,,
5c3ca943ad928946,JP,labor,労務単価,トンネル作業員,所定労働時間内8時間あたり,人日,pref,17,石川県,,,,34900,JPY,labor_wage_8h,published_pdl,51500,公共工事設計労務単価＋必要経費(法定福利費(事業主負担分)、労務管理費、宿舎費等)の参考値,2026-03,2026-03-01,mlit-roumu-r8,参1-参3,https://www.mlit.go.jp/report/press/content/001981942.pdf,PDL1.0,,
aa4cb0872ece4aa6,JP,labor,労務単価,トンネル世話役,所定労働時間内8時間あたり,人日,pref,17,石川県,,,,52300,JPY,labor_wage_8h,published_pdl,77200,公共工事設計労務単価＋必要経費(法定福利費(事業主負担分)、労務管理費、宿舎費等)の参考値,2026-03,2026-03-01,mlit-roumu-r8,参1-参3,https://www.mlit.go.jp/report/press/content/001981942.pdf,PDL1.0,,
cf9ec8704c421f98,JP,labor,労務単価,橋りょう特殊工,所定労働時間内8時間あたり,人日,pref,17,石川県,,,,37900,JPY,labor_wage_8h,published_pdl,56000,公共工事設計労務単価＋必要経費(法定福利費(事業主負担分)、労務管理費、宿舎費等)の参考値,2026-03,2026-03-01,mlit-roumu-r8,参1-参3,https://www.mlit.go.jp/report/press/content/001981942.pdf,PDL1.0,,
8b38f4cdc76d1be4,JP,labor,労務単価,橋りょう塗装工,所定労働時間内8時間あたり,人日,pref,17,石川県,,,,45500,JPY,labor_wage_8h,published_pdl,67200,公共工事設計労務単価＋必要経費(法定福利費(事業主負担分)、労務管理費、宿舎費等)の参考値,2026-03,2026-03-01,mlit-roumu-r8,参1-参3,https://www.mlit.go.jp/report/press/content/001981942.pdf,PDL1.0,,
eb05ba75ee4ffdb2,JP,labor,労務単価,橋りょう世話役,所定労働時間内8時間あたり,人日,pref,17,石川県,,,,47300,JPY,labor_wage_8h,published_pdl,69900,公共工事設計労務単価＋必要経費(法定福利費(事業主負担分)、労務管理費、宿舎費等)の参考値,2026-03,2026-03-01,mlit-roumu-r8,参1-参3,https://www.mlit.go.jp/report/press/content/001981942.pdf,PDL1.0,,
5d92279593fdf5be,JP,labor,労務単価,土木一般世話役,所定労働時間内8時間あたり,人日,pref,17,石川県,,,,33500,JPY,labor_wage_8h,published_pdl,49500,公共工事設計労務単価＋必要経費(法定福利費(事業主負担分)、労務管理費、宿舎費等)の参考値,2026-03,2026-03-01,mlit-roumu-r8,参1-参3,https://www.mlit.go.jp/report/press/content/001981942.pdf,PDL1.0,,
c8a00b4ee441dbff,JP,labor,労務単価,高級船員,所定労働時間内8時間あたり,人日,pref,17,石川県,,,,37400,JPY,labor_wage_8h,published_pdl,55200,公共工事設計労務単価＋必要経費(法定福利費(事業主負担分)、労務管理費、宿舎費等)の参考値,2026-03,2026-03-01,mlit-roumu-r8,参1-参3,https://www.mlit.go.jp/report/press/content/001981942.pdf,PDL1.0,,
9410b34ac78caf9a,JP,labor,労務単価,普通船員,所定労働時間内8時間あたり,人日,pref,17,石川県,,,,30500,JPY,labor_wage_8h,published_pdl,45000,公共工事設計労務単価＋必要経費(法定福利費(事業主負担分)、労務管理費、宿舎費等)の参考値,2026-03,2026-03-01,mlit-roumu-r8,参1-参3,https://www.mlit.go.jp/report/press/content/001981942.pdf,PDL1.0,,
8e0c9e50b305b7cc,JP,labor,労務単価,潜水士,所定労働時間内8時間あたり,人日,pref,17,石川県,,,,52500,JPY,labor_wage_8h,published_pdl,77500,公共工事設計労務単価＋必要経費(法定福利費(事業主負担分)、労務管理費、宿舎費等)の参考値,2026-03,2026-03-01,mlit-roumu-r8,参1-参3,https://www.mlit.go.jp/report/press/content/001981942.pdf,PDL1.0,,
c29f656b5d11377e,JP,labor,労務単価,潜水連絡員,所定労働時間内8時間あたり,人日,pref,17,石川県,,,,35200,JPY,labor_wage_8h,published_pdl,52000,公共工事設計労務単価＋必要経費(法定福利費(事業主負担分)、労務管理費、宿舎費等)の参考値,2026-03,2026-03-01,mlit-roumu-r8,参1-参3,https://www.mlit.go.jp/report/press/content/001981942.pdf,PDL1.0,,
61882ba114d9603e,JP,labor,労務単価,潜水送気員,所定労働時間内8時間あたり,人日,pref,17,石川県,,,,33800,JPY,labor_wage_8h,published_pdl,49900,公共工事設計労務単価＋必要経費(法定福利費(事業主負担分)、労務管理費、宿舎費等)の参考値,2026-03,2026-03-01,mlit-roumu-r8,参1-参3,https://www.mlit.go.jp/report/press/content/001981942.pdf,PDL1.0,,
6043fdf66a48996f,JP,labor,労務単価,山林砂防工,所定労働時間内8時間あたり,人日,pref,17,石川県,,,,34300,JPY,labor_wage_8h,published_pdl,50700,公共工事設計労務単価＋必要経費(法定福利費(事業主負担分)、労務管理費、宿舎費等)の参考値,2026-03,2026-03-01,mlit-roumu-r8,参1-参3,https://www.mlit.go.jp/report/press/content/001981942.pdf,PDL1.0,,
70d088f46bdaefd9,JP,labor,労務単価,軌道工,所定労働時間内8時間あたり,人日,pref,17,石川県,,,,46100,JPY,labor_wage_8h,published_pdl,68100,公共工事設計労務単価＋必要経費(法定福利費(事業主負担分)、労務管理費、宿舎費等)の参考値,2026-03,2026-03-01,mlit-roumu-r8,参1-参3,https://www.mlit.go.jp/report/press/content/001981942.pdf,PDL1.0,,
67dce8caa97751cb,JP,labor,労務単価,型わく工,所定労働時間内8時間あたり,人日,pref,17,石川県,,,,31700,JPY,labor_wage_8h,published_pdl,46800,公共工事設計労務単価＋必要経費(法定福利費(事業主負担分)、労務管理費、宿舎費等)の参考値,2026-03,2026-03-01,mlit-roumu-r8,参1-参3,https://www.mlit.go.jp/report/press/content/001981942.pdf,PDL1.0,,
e61a1b5ced70b1b9,JP,labor,労務単価,大工,所定労働時間内8時間あたり,人日,pref,17,石川県,,,,31500,JPY,labor_wage_8h,published_pdl,46500,公共工事設計労務単価＋必要経費(法定福利費(事業主負担分)、労務管理費、宿舎費等)の参考値,2026-03,2026-03-01,mlit-roumu-r8,参1-参3,https://www.mlit.go.jp/report/press/content/001981942.pdf,PDL1.0,,
88c9451ef191ad38,JP,labor,労務単価,左官,所定労働時間内8時間あたり,人日,pref,17,石川県,,,,32300,JPY,labor_wage_8h,published_pdl,47700,公共工事設計労務単価＋必要経費(法定福利費(事業主負担分)、労務管理費、宿舎費等)の参考値,2026-03,2026-03-01,mlit-roumu-r8,参1-参3,https://www.mlit.go.jp/report/press/content/001981942.pdf,PDL1.0,,
85ed355e0bf19d4c,JP,labor,労務単価,配管工,所定労働時間内8時間あたり,人日,pref,17,石川県,,,,28200,JPY,labor_wage_8h,published_pdl,41700,公共工事設計労務単価＋必要経費(法定福利費(事業主負担分)、労務管理費、宿舎費等)の参考値,2026-03,2026-03-01,mlit-roumu-r8,参1-参3,https://www.mlit.go.jp/report/press/content/001981942.pdf,PDL1.0,,
f69c06bd15ab2a5a,JP,labor,労務単価,はつり工,所定労働時間内8時間あたり,人日,pref,17,石川県,,,,31600,JPY,labor_wage_8h,published_pdl,46700,公共工事設計労務単価＋必要経費(法定福利費(事業主負担分)、労務管理費、宿舎費等)の参考値,2026-03,2026-03-01,mlit-roumu-r8,参1-参3,https://www.mlit.go.jp/report/press/content/001981942.pdf,PDL1.0,,
96989f9f97eb430f,JP,labor,労務単価,防水工,所定労働時間内8時間あたり,人日,pref,17,石川県,,,,31300,JPY,labor_wage_8h,published_pdl,46200,公共工事設計労務単価＋必要経費(法定福利費(事業主負担分)、労務管理費、宿舎費等)の参考値,2026-03,2026-03-01,mlit-roumu-r8,参1-参3,https://www.mlit.go.jp/report/press/content/001981942.pdf,PDL1.0,,
7455753dac8cb058,JP,labor,労務単価,板金工,所定労働時間内8時間あたり,人日,pref,17,石川県,,,,32000,JPY,labor_wage_8h,published_pdl,47300,公共工事設計労務単価＋必要経費(法定福利費(事業主負担分)、労務管理費、宿舎費等)の参考値,2026-03,2026-03-01,mlit-roumu-r8,参1-参3,https://www.mlit.go.jp/report/press/content/001981942.pdf,PDL1.0,,
3a6a8d86f50006d7,JP,labor,労務単価,タイル工,所定労働時間内8時間あたり,人日,pref,17,石川県,,,,,JPY,labor_wage_8h,not_set,,,2026-03,2026-03-01,mlit-roumu-r8,参1-参3,https://www.mlit.go.jp/report/press/content/001981942.pdf,PDL1.0,,原本の表で『-』(この都道府県ではこの職種の単価を設定していない)
02ad254048a8bd0b,JP,labor,労務単価,サッシ工,所定労働時間内8時間あたり,人日,pref,17,石川県,,,,33300,JPY,labor_wage_8h,published_pdl,49200,公共工事設計労務単価＋必要経費(法定福利費(事業主負担分)、労務管理費、宿舎費等)の参考値,2026-03,2026-03-01,mlit-roumu-r8,参1-参3,https://www.mlit.go.jp/report/press/content/001981942.pdf,PDL1.0,,
9b3175df15ca597b,JP,labor,労務単価,屋根ふき工,所定労働時間内8時間あたり,人日,pref,17,石川県,,,,,JPY,labor_wage_8h,not_set,,,2026-03,2026-03-01,mlit-roumu-r8,参1-参3,https://www.mlit.go.jp/report/press/content/001981942.pdf,PDL1.0,,原本の表で『-』(この都道府県ではこの職種の単価を設定していない)
e36bf02c7ae0102d,JP,labor,労務単価,内装工,所定労働時間内8時間あたり,人日,pref,17,石川県,,,,30500,JPY,labor_wage_8h,published_pdl,45000,公共工事設計労務単価＋必要経費(法定福利費(事業主負担分)、労務管理費、宿舎費等)の参考値,2026-03,2026-03-01,mlit-roumu-r8,参1-参3,https://www.mlit.go.jp/report/press/content/001981942.pdf,PDL1.0,,
53795a0d6692db85,JP,labor,労務単価,ガラス工,所定労働時間内8時間あたり,人日,pref,17,石川県,,,,30100,JPY,labor_wage_8h,published_pdl,44500,公共工事設計労務単価＋必要経費(法定福利費(事業主負担分)、労務管理費、宿舎費等)の参考値,2026-03,2026-03-01,mlit-roumu-r8,参1-参3,https://www.mlit.go.jp/report/press/content/001981942.pdf,PDL1.0,,
93e86d51e977d47e,JP,labor,労務単価,建具工,所定労働時間内8時間あたり,人日,pref,17,石川県,,,,,JPY,labor_wage_8h,not_set,,,2026-03,2026-03-01,mlit-roumu-r8,参1-参3,https://www.mlit.go.jp/report/press/content/001981942.pdf,PDL1.0,,原本の表で『-』(この都道府県ではこの職種の単価を設定していない)
ee38e697c7967bad,JP,labor,労務単価,ダクト工,所定労働時間内8時間あたり,人日,pref,17,石川県,,,,25300,JPY,labor_wage_8h,published_pdl,37400,公共工事設計労務単価＋必要経費(法定福利費(事業主負担分)、労務管理費、宿舎費等)の参考値,2026-03,2026-03-01,mlit-roumu-r8,参1-参3,https://www.mlit.go.jp/report/press/content/001981942.pdf,PDL1.0,,
2f790e029e1963b5,JP,labor,労務単価,保温工,所定労働時間内8時間あたり,人日,pref,17,石川県,,,,28700,JPY,labor_wage_8h,published_pdl,42400,公共工事設計労務単価＋必要経費(法定福利費(事業主負担分)、労務管理費、宿舎費等)の参考値,2026-03,2026-03-01,mlit-roumu-r8,参1-参3,https://www.mlit.go.jp/report/press/content/001981942.pdf,PDL1.0,,
837938886b5af78e,JP,labor,労務単価,設備機械工,所定労働時間内8時間あたり,人日,pref,17,石川県,,,,30100,JPY,labor_wage_8h,published_pdl,44500,公共工事設計労務単価＋必要経費(法定福利費(事業主負担分)、労務管理費、宿舎費等)の参考値,2026-03,2026-03-01,mlit-roumu-r8,参1-参3,https://www.mlit.go.jp/report/press/content/001981942.pdf,PDL1.0,,
0bb8d347ff319e48,JP,labor,労務単価,交通誘導警備員Ａ,所定労働時間内8時間あたり,人日,pref,17,石川県,,,,20400,JPY,labor_wage_8h,published_pdl,30100,公共工事設計労務単価＋必要経費(法定福利費(事業主負担分)、労務管理費、宿舎費等)の参考値,2026-03,2026-03-01,mlit-roumu-r8,参1-参3,https://www.mlit.go.jp/report/press/content/001981942.pdf,PDL1.0,,
6cd7f5d1ce8d3bfa,JP,labor,労務単価,交通誘導警備員Ｂ,所定労働時間内8時間あたり,人日,pref,17,石川県,,,,18200,JPY,labor_wage_8h,published_pdl,26900,公共工事設計労務単価＋必要経費(法定福利費(事業主負担分)、労務管理費、宿舎費等)の参考値,2026-03,2026-03-01,mlit-roumu-r8,参1-参3,https://www.mlit.go.jp/report/press/content/001981942.pdf,PDL1.0,,
52177fd0b18f1f46,JP,labor,労務単価,特殊作業員,所定労働時間内8時間あたり,人日,pref,18,福井県,,,,26500,JPY,labor_wage_8h,published_pdl,39100,公共工事設計労務単価＋必要経費(法定福利費(事業主負担分)、労務管理費、宿舎費等)の参考値,2026-03,2026-03-01,mlit-roumu-r8,参1-参3,https://www.mlit.go.jp/report/press/content/001981942.pdf,PDL1.0,,
4df47b27720670ef,JP,labor,労務単価,普通作業員,所定労働時間内8時間あたり,人日,pref,18,福井県,,,,21900,JPY,labor_wage_8h,published_pdl,32300,公共工事設計労務単価＋必要経費(法定福利費(事業主負担分)、労務管理費、宿舎費等)の参考値,2026-03,2026-03-01,mlit-roumu-r8,参1-参3,https://www.mlit.go.jp/report/press/content/001981942.pdf,PDL1.0,,
e878e109a2fd91d8,JP,labor,労務単価,軽作業員,所定労働時間内8時間あたり,人日,pref,18,福井県,,,,16900,JPY,labor_wage_8h,published_pdl,25000,公共工事設計労務単価＋必要経費(法定福利費(事業主負担分)、労務管理費、宿舎費等)の参考値,2026-03,2026-03-01,mlit-roumu-r8,参1-参3,https://www.mlit.go.jp/report/press/content/001981942.pdf,PDL1.0,,
a1d3ad2a887f217d,JP,labor,労務単価,造園工,所定労働時間内8時間あたり,人日,pref,18,福井県,,,,27100,JPY,labor_wage_8h,published_pdl,40000,公共工事設計労務単価＋必要経費(法定福利費(事業主負担分)、労務管理費、宿舎費等)の参考値,2026-03,2026-03-01,mlit-roumu-r8,参1-参3,https://www.mlit.go.jp/report/press/content/001981942.pdf,PDL1.0,,
1c06455c9595fee3,JP,labor,労務単価,法面工,所定労働時間内8時間あたり,人日,pref,18,福井県,,,,29300,JPY,labor_wage_8h,published_pdl,43300,公共工事設計労務単価＋必要経費(法定福利費(事業主負担分)、労務管理費、宿舎費等)の参考値,2026-03,2026-03-01,mlit-roumu-r8,参1-参3,https://www.mlit.go.jp/report/press/content/001981942.pdf,PDL1.0,,
245eb3115e33a729,JP,labor,労務単価,とび工,所定労働時間内8時間あたり,人日,pref,18,福井県,,,,26600,JPY,labor_wage_8h,published_pdl,39300,公共工事設計労務単価＋必要経費(法定福利費(事業主負担分)、労務管理費、宿舎費等)の参考値,2026-03,2026-03-01,mlit-roumu-r8,参1-参3,https://www.mlit.go.jp/report/press/content/001981942.pdf,PDL1.0,,
d563506c1fd03606,JP,labor,労務単価,石工,所定労働時間内8時間あたり,人日,pref,18,福井県,,,,,JPY,labor_wage_8h,not_set,,,2026-03,2026-03-01,mlit-roumu-r8,参1-参3,https://www.mlit.go.jp/report/press/content/001981942.pdf,PDL1.0,,原本の表で『-』(この都道府県ではこの職種の単価を設定していない)
46adbcb5f05debb5,JP,labor,労務単価,ブロック工,所定労働時間内8時間あたり,人日,pref,18,福井県,,,,,JPY,labor_wage_8h,not_set,,,2026-03,2026-03-01,mlit-roumu-r8,参1-参3,https://www.mlit.go.jp/report/press/content/001981942.pdf,PDL1.0,,原本の表で『-』(この都道府県ではこの職種の単価を設定していない)
51e0564d81f8d1db,JP,labor,労務単価,電工,所定労働時間内8時間あたり,人日,pref,18,福井県,,,,26000,JPY,labor_wage_8h,published_pdl,38400,公共工事設計労務単価＋必要経費(法定福利費(事業主負担分)、労務管理費、宿舎費等)の参考値,2026-03,2026-03-01,mlit-roumu-r8,参1-参3,https://www.mlit.go.jp/report/press/content/001981942.pdf,PDL1.0,,
5ad4f09e89d69e01,JP,labor,労務単価,鉄筋工,所定労働時間内8時間あたり,人日,pref,18,福井県,,,,28100,JPY,labor_wage_8h,published_pdl,41500,公共工事設計労務単価＋必要経費(法定福利費(事業主負担分)、労務管理費、宿舎費等)の参考値,2026-03,2026-03-01,mlit-roumu-r8,参1-参3,https://www.mlit.go.jp/report/press/content/001981942.pdf,PDL1.0,,
b6b1044fbfbda6e9,JP,labor,労務単価,鉄骨工,所定労働時間内8時間あたり,人日,pref,18,福井県,,,,27200,JPY,labor_wage_8h,published_pdl,40200,公共工事設計労務単価＋必要経費(法定福利費(事業主負担分)、労務管理費、宿舎費等)の参考値,2026-03,2026-03-01,mlit-roumu-r8,参1-参3,https://www.mlit.go.jp/report/press/content/001981942.pdf,PDL1.0,,
137acec7803f0d4b,JP,labor,労務単価,塗装工,所定労働時間内8時間あたり,人日,pref,18,福井県,,,,30300,JPY,labor_wage_8h,published_pdl,44800,公共工事設計労務単価＋必要経費(法定福利費(事業主負担分)、労務管理費、宿舎費等)の参考値,2026-03,2026-03-01,mlit-roumu-r8,参1-参3,https://www.mlit.go.jp/report/press/content/001981942.pdf,PDL1.0,,
eadfb2a53af42756,JP,labor,労務単価,溶接工,所定労働時間内8時間あたり,人日,pref,18,福井県,,,,31700,JPY,labor_wage_8h,published_pdl,46800,公共工事設計労務単価＋必要経費(法定福利費(事業主負担分)、労務管理費、宿舎費等)の参考値,2026-03,2026-03-01,mlit-roumu-r8,参1-参3,https://www.mlit.go.jp/report/press/content/001981942.pdf,PDL1.0,,
8b41bcd338b552bf,JP,labor,労務単価,運転手（特殊）,所定労働時間内8時間あたり,人日,pref,18,福井県,,,,26400,JPY,labor_wage_8h,published_pdl,39000,公共工事設計労務単価＋必要経費(法定福利費(事業主負担分)、労務管理費、宿舎費等)の参考値,2026-03,2026-03-01,mlit-roumu-r8,参1-参3,https://www.mlit.go.jp/report/press/content/001981942.pdf,PDL1.0,,
2d11fbc188f99fd7,JP,labor,労務単価,運転手（一般）,所定労働時間内8時間あたり,人日,pref,18,福井県,,,,25900,JPY,labor_wage_8h,published_pdl,38300,公共工事設計労務単価＋必要経費(法定福利費(事業主負担分)、労務管理費、宿舎費等)の参考値,2026-03,2026-03-01,mlit-roumu-r8,参1-参3,https://www.mlit.go.jp/report/press/content/001981942.pdf,PDL1.0,,
79acdb714be28d90,JP,labor,労務単価,潜かん工,所定労働時間内8時間あたり,人日,pref,18,福井県,,,,37200,JPY,labor_wage_8h,published_pdl,54900,公共工事設計労務単価＋必要経費(法定福利費(事業主負担分)、労務管理費、宿舎費等)の参考値,2026-03,2026-03-01,mlit-roumu-r8,参1-参3,https://www.mlit.go.jp/report/press/content/001981942.pdf,PDL1.0,,
d12060e442fcbf46,JP,labor,労務単価,潜かん世話役,所定労働時間内8時間あたり,人日,pref,18,福井県,,,,46600,JPY,labor_wage_8h,published_pdl,68800,公共工事設計労務単価＋必要経費(法定福利費(事業主負担分)、労務管理費、宿舎費等)の参考値,2026-03,2026-03-01,mlit-roumu-r8,参1-参3,https://www.mlit.go.jp/report/press/content/001981942.pdf,PDL1.0,,
1237add13da44663,JP,labor,労務単価,さく岩工,所定労働時間内8時間あたり,人日,pref,18,福井県,,,,30700,JPY,labor_wage_8h,published_pdl,45300,公共工事設計労務単価＋必要経費(法定福利費(事業主負担分)、労務管理費、宿舎費等)の参考値,2026-03,2026-03-01,mlit-roumu-r8,参1-参3,https://www.mlit.go.jp/report/press/content/001981942.pdf,PDL1.0,,
52b96b4ccabc1432,JP,labor,労務単価,トンネル特殊工,所定労働時間内8時間あたり,人日,pref,18,福井県,,,,47500,JPY,labor_wage_8h,published_pdl,70200,公共工事設計労務単価＋必要経費(法定福利費(事業主負担分)、労務管理費、宿舎費等)の参考値,2026-03,2026-03-01,mlit-roumu-r8,参1-参3,https://www.mlit.go.jp/report/press/content/001981942.pdf,PDL1.0,,
1871bdc528fcb133,JP,labor,労務単価,トンネル作業員,所定労働時間内8時間あたり,人日,pref,18,福井県,,,,32700,JPY,labor_wage_8h,published_pdl,48300,公共工事設計労務単価＋必要経費(法定福利費(事業主負担分)、労務管理費、宿舎費等)の参考値,2026-03,2026-03-01,mlit-roumu-r8,参1-参3,https://www.mlit.go.jp/report/press/content/001981942.pdf,PDL1.0,,
386b233b22954a32,JP,labor,労務単価,トンネル世話役,所定労働時間内8時間あたり,人日,pref,18,福井県,,,,45700,JPY,labor_wage_8h,published_pdl,67500,公共工事設計労務単価＋必要経費(法定福利費(事業主負担分)、労務管理費、宿舎費等)の参考値,2026-03,2026-03-01,mlit-roumu-r8,参1-参3,https://www.mlit.go.jp/report/press/content/001981942.pdf,PDL1.0,,
193f2b782268bf48,JP,labor,労務単価,橋りょう特殊工,所定労働時間内8時間あたり,人日,pref,18,福井県,,,,34800,JPY,labor_wage_8h,published_pdl,51400,公共工事設計労務単価＋必要経費(法定福利費(事業主負担分)、労務管理費、宿舎費等)の参考値,2026-03,2026-03-01,mlit-roumu-r8,参1-参3,https://www.mlit.go.jp/report/press/content/001981942.pdf,PDL1.0,,
ccad8d7cb6cb9269,JP,labor,労務単価,橋りょう塗装工,所定労働時間内8時間あたり,人日,pref,18,福井県,,,,34100,JPY,labor_wage_8h,published_pdl,50400,公共工事設計労務単価＋必要経費(法定福利費(事業主負担分)、労務管理費、宿舎費等)の参考値,2026-03,2026-03-01,mlit-roumu-r8,参1-参3,https://www.mlit.go.jp/report/press/content/001981942.pdf,PDL1.0,,
1abbc86f3e1ff78b,JP,labor,労務単価,橋りょう世話役,所定労働時間内8時間あたり,人日,pref,18,福井県,,,,44600,JPY,labor_wage_8h,published_pdl,65900,公共工事設計労務単価＋必要経費(法定福利費(事業主負担分)、労務管理費、宿舎費等)の参考値,2026-03,2026-03-01,mlit-roumu-r8,参1-参3,https://www.mlit.go.jp/report/press/content/001981942.pdf,PDL1.0,,
13d5da7914a767ae,JP,labor,労務単価,土木一般世話役,所定労働時間内8時間あたり,人日,pref,18,福井県,,,,29800,JPY,labor_wage_8h,published_pdl,44000,公共工事設計労務単価＋必要経費(法定福利費(事業主負担分)、労務管理費、宿舎費等)の参考値,2026-03,2026-03-01,mlit-roumu-r8,参1-参3,https://www.mlit.go.jp/report/press/content/001981942.pdf,PDL1.0,,
2042b6dc8ef88c13,JP,labor,労務単価,高級船員,所定労働時間内8時間あたり,人日,pref,18,福井県,,,,35500,JPY,labor_wage_8h,published_pdl,52400,公共工事設計労務単価＋必要経費(法定福利費(事業主負担分)、労務管理費、宿舎費等)の参考値,2026-03,2026-03-01,mlit-roumu-r8,参1-参3,https://www.mlit.go.jp/report/press/content/001981942.pdf,PDL1.0,,
0fff6eef7b3276a1,JP,labor,労務単価,普通船員,所定労働時間内8時間あたり,人日,pref,18,福井県,,,,28100,JPY,labor_wage_8h,published_pdl,41500,公共工事設計労務単価＋必要経費(法定福利費(事業主負担分)、労務管理費、宿舎費等)の参考値,2026-03,2026-03-01,mlit-roumu-r8,参1-参3,https://www.mlit.go.jp/report/press/content/001981942.pdf,PDL1.0,,
fdd8c71d19c5b51d,JP,labor,労務単価,潜水士,所定労働時間内8時間あたり,人日,pref,18,福井県,,,,41700,JPY,labor_wage_8h,published_pdl,61600,公共工事設計労務単価＋必要経費(法定福利費(事業主負担分)、労務管理費、宿舎費等)の参考値,2026-03,2026-03-01,mlit-roumu-r8,参1-参3,https://www.mlit.go.jp/report/press/content/001981942.pdf,PDL1.0,,
4a1158a1aa7be5b3,JP,labor,労務単価,潜水連絡員,所定労働時間内8時間あたり,人日,pref,18,福井県,,,,31800,JPY,labor_wage_8h,published_pdl,47000,公共工事設計労務単価＋必要経費(法定福利費(事業主負担分)、労務管理費、宿舎費等)の参考値,2026-03,2026-03-01,mlit-roumu-r8,参1-参3,https://www.mlit.go.jp/report/press/content/001981942.pdf,PDL1.0,,
3a310b2d6646b10c,JP,labor,労務単価,潜水送気員,所定労働時間内8時間あたり,人日,pref,18,福井県,,,,31700,JPY,labor_wage_8h,published_pdl,46800,公共工事設計労務単価＋必要経費(法定福利費(事業主負担分)、労務管理費、宿舎費等)の参考値,2026-03,2026-03-01,mlit-roumu-r8,参1-参3,https://www.mlit.go.jp/report/press/content/001981942.pdf,PDL1.0,,
4df76a43e1c539b0,JP,labor,労務単価,山林砂防工,所定労働時間内8時間あたり,人日,pref,18,福井県,,,,30400,JPY,labor_wage_8h,published_pdl,44900,公共工事設計労務単価＋必要経費(法定福利費(事業主負担分)、労務管理費、宿舎費等)の参考値,2026-03,2026-03-01,mlit-roumu-r8,参1-参3,https://www.mlit.go.jp/report/press/content/001981942.pdf,PDL1.0,,
ff0b998e8b6cf0b1,JP,labor,労務単価,軌道工,所定労働時間内8時間あたり,人日,pref,18,福井県,,,,45400,JPY,labor_wage_8h,published_pdl,67100,公共工事設計労務単価＋必要経費(法定福利費(事業主負担分)、労務管理費、宿舎費等)の参考値,2026-03,2026-03-01,mlit-roumu-r8,参1-参3,https://www.mlit.go.jp/report/press/content/001981942.pdf,PDL1.0,,
f874aeeb402f5567,JP,labor,労務単価,型わく工,所定労働時間内8時間あたり,人日,pref,18,福井県,,,,30200,JPY,labor_wage_8h,published_pdl,44600,公共工事設計労務単価＋必要経費(法定福利費(事業主負担分)、労務管理費、宿舎費等)の参考値,2026-03,2026-03-01,mlit-roumu-r8,参1-参3,https://www.mlit.go.jp/report/press/content/001981942.pdf,PDL1.0,,
04ef32d966d7367f,JP,labor,労務単価,大工,所定労働時間内8時間あたり,人日,pref,18,福井県,,,,28300,JPY,labor_wage_8h,published_pdl,41800,公共工事設計労務単価＋必要経費(法定福利費(事業主負担分)、労務管理費、宿舎費等)の参考値,2026-03,2026-03-01,mlit-roumu-r8,参1-参3,https://www.mlit.go.jp/report/press/content/001981942.pdf,PDL1.0,,
ed2686a4eb3d5d1f,JP,labor,労務単価,左官,所定労働時間内8時間あたり,人日,pref,18,福井県,,,,28600,JPY,labor_wage_8h,published_pdl,42200,公共工事設計労務単価＋必要経費(法定福利費(事業主負担分)、労務管理費、宿舎費等)の参考値,2026-03,2026-03-01,mlit-roumu-r8,参1-参3,https://www.mlit.go.jp/report/press/content/001981942.pdf,PDL1.0,,
cd5e1f227f1acb64,JP,labor,労務単価,配管工,所定労働時間内8時間あたり,人日,pref,18,福井県,,,,26900,JPY,labor_wage_8h,published_pdl,39700,公共工事設計労務単価＋必要経費(法定福利費(事業主負担分)、労務管理費、宿舎費等)の参考値,2026-03,2026-03-01,mlit-roumu-r8,参1-参3,https://www.mlit.go.jp/report/press/content/001981942.pdf,PDL1.0,,
2b650d6c095474dc,JP,labor,労務単価,はつり工,所定労働時間内8時間あたり,人日,pref,18,福井県,,,,30700,JPY,labor_wage_8h,published_pdl,45300,公共工事設計労務単価＋必要経費(法定福利費(事業主負担分)、労務管理費、宿舎費等)の参考値,2026-03,2026-03-01,mlit-roumu-r8,参1-参3,https://www.mlit.go.jp/report/press/content/001981942.pdf,PDL1.0,,
fac267762463523d,JP,labor,労務単価,防水工,所定労働時間内8時間あたり,人日,pref,18,福井県,,,,28000,JPY,labor_wage_8h,published_pdl,41400,公共工事設計労務単価＋必要経費(法定福利費(事業主負担分)、労務管理費、宿舎費等)の参考値,2026-03,2026-03-01,mlit-roumu-r8,参1-参3,https://www.mlit.go.jp/report/press/content/001981942.pdf,PDL1.0,,
8d4fcaf99c0d2aec,JP,labor,労務単価,板金工,所定労働時間内8時間あたり,人日,pref,18,福井県,,,,30000,JPY,labor_wage_8h,published_pdl,44300,公共工事設計労務単価＋必要経費(法定福利費(事業主負担分)、労務管理費、宿舎費等)の参考値,2026-03,2026-03-01,mlit-roumu-r8,参1-参3,https://www.mlit.go.jp/report/press/content/001981942.pdf,PDL1.0,,
b6e42ebf28bd0523,JP,labor,労務単価,タイル工,所定労働時間内8時間あたり,人日,pref,18,福井県,,,,,JPY,labor_wage_8h,not_set,,,2026-03,2026-03-01,mlit-roumu-r8,参1-参3,https://www.mlit.go.jp/report/press/content/001981942.pdf,PDL1.0,,原本の表で『-』(この都道府県ではこの職種の単価を設定していない)
4fed71b2343bcb71,JP,labor,労務単価,サッシ工,所定労働時間内8時間あたり,人日,pref,18,福井県,,,,29100,JPY,labor_wage_8h,published_pdl,43000,公共工事設計労務単価＋必要経費(法定福利費(事業主負担分)、労務管理費、宿舎費等)の参考値,2026-03,2026-03-01,mlit-roumu-r8,参1-参3,https://www.mlit.go.jp/report/press/content/001981942.pdf,PDL1.0,,
7192ce0a19577818,JP,labor,労務単価,屋根ふき工,所定労働時間内8時間あたり,人日,pref,18,福井県,,,,,JPY,labor_wage_8h,not_set,,,2026-03,2026-03-01,mlit-roumu-r8,参1-参3,https://www.mlit.go.jp/report/press/content/001981942.pdf,PDL1.0,,原本の表で『-』(この都道府県ではこの職種の単価を設定していない)
e7439d91822350ed,JP,labor,労務単価,内装工,所定労働時間内8時間あたり,人日,pref,18,福井県,,,,31900,JPY,labor_wage_8h,published_pdl,47100,公共工事設計労務単価＋必要経費(法定福利費(事業主負担分)、労務管理費、宿舎費等)の参考値,2026-03,2026-03-01,mlit-roumu-r8,参1-参3,https://www.mlit.go.jp/report/press/content/001981942.pdf,PDL1.0,,
53befe6d00a5ba87,JP,labor,労務単価,ガラス工,所定労働時間内8時間あたり,人日,pref,18,福井県,,,,28800,JPY,labor_wage_8h,published_pdl,42500,公共工事設計労務単価＋必要経費(法定福利費(事業主負担分)、労務管理費、宿舎費等)の参考値,2026-03,2026-03-01,mlit-roumu-r8,参1-参3,https://www.mlit.go.jp/report/press/content/001981942.pdf,PDL1.0,,
40b21fdbf30a798c,JP,labor,労務単価,建具工,所定労働時間内8時間あたり,人日,pref,18,福井県,,,,,JPY,labor_wage_8h,not_set,,,2026-03,2026-03-01,mlit-roumu-r8,参1-参3,https://www.mlit.go.jp/report/press/content/001981942.pdf,PDL1.0,,原本の表で『-』(この都道府県ではこの職種の単価を設定していない)
3f62314a562a3344,JP,labor,労務単価,ダクト工,所定労働時間内8時間あたり,人日,pref,18,福井県,,,,26200,JPY,labor_wage_8h,published_pdl,38700,公共工事設計労務単価＋必要経費(法定福利費(事業主負担分)、労務管理費、宿舎費等)の参考値,2026-03,2026-03-01,mlit-roumu-r8,参1-参3,https://www.mlit.go.jp/report/press/content/001981942.pdf,PDL1.0,,
17c83e284b47a566,JP,labor,労務単価,保温工,所定労働時間内8時間あたり,人日,pref,18,福井県,,,,29500,JPY,labor_wage_8h,published_pdl,43600,公共工事設計労務単価＋必要経費(法定福利費(事業主負担分)、労務管理費、宿舎費等)の参考値,2026-03,2026-03-01,mlit-roumu-r8,参1-参3,https://www.mlit.go.jp/report/press/content/001981942.pdf,PDL1.0,,
10470383cff18181,JP,labor,労務単価,設備機械工,所定労働時間内8時間あたり,人日,pref,18,福井県,,,,29400,JPY,labor_wage_8h,published_pdl,43400,公共工事設計労務単価＋必要経費(法定福利費(事業主負担分)、労務管理費、宿舎費等)の参考値,2026-03,2026-03-01,mlit-roumu-r8,参1-参3,https://www.mlit.go.jp/report/press/content/001981942.pdf,PDL1.0,,
dd9ce97fc9b264bd,JP,labor,労務単価,交通誘導警備員Ａ,所定労働時間内8時間あたり,人日,pref,18,福井県,,,,19100,JPY,labor_wage_8h,published_pdl,28200,公共工事設計労務単価＋必要経費(法定福利費(事業主負担分)、労務管理費、宿舎費等)の参考値,2026-03,2026-03-01,mlit-roumu-r8,参1-参3,https://www.mlit.go.jp/report/press/content/001981942.pdf,PDL1.0,,
46bb7800d2e68a12,JP,labor,労務単価,交通誘導警備員Ｂ,所定労働時間内8時間あたり,人日,pref,18,福井県,,,,16800,JPY,labor_wage_8h,published_pdl,24800,公共工事設計労務単価＋必要経費(法定福利費(事業主負担分)、労務管理費、宿舎費等)の参考値,2026-03,2026-03-01,mlit-roumu-r8,参1-参3,https://www.mlit.go.jp/report/press/content/001981942.pdf,PDL1.0,,
f3f9a4e55a8fe443,JP,labor,労務単価,特殊作業員,所定労働時間内8時間あたり,人日,pref,19,山梨県,,,,29700,JPY,labor_wage_8h,published_pdl,43900,公共工事設計労務単価＋必要経費(法定福利費(事業主負担分)、労務管理費、宿舎費等)の参考値,2026-03,2026-03-01,mlit-roumu-r8,参1-参3,https://www.mlit.go.jp/report/press/content/001981942.pdf,PDL1.0,,
afc8d57cc039fe9d,JP,labor,労務単価,普通作業員,所定労働時間内8時間あたり,人日,pref,19,山梨県,,,,26900,JPY,labor_wage_8h,published_pdl,39700,公共工事設計労務単価＋必要経費(法定福利費(事業主負担分)、労務管理費、宿舎費等)の参考値,2026-03,2026-03-01,mlit-roumu-r8,参1-参3,https://www.mlit.go.jp/report/press/content/001981942.pdf,PDL1.0,,
641afb59c703be6f,JP,labor,労務単価,軽作業員,所定労働時間内8時間あたり,人日,pref,19,山梨県,,,,18000,JPY,labor_wage_8h,published_pdl,26600,公共工事設計労務単価＋必要経費(法定福利費(事業主負担分)、労務管理費、宿舎費等)の参考値,2026-03,2026-03-01,mlit-roumu-r8,参1-参3,https://www.mlit.go.jp/report/press/content/001981942.pdf,PDL1.0,,
43b773ac4e25d548,JP,labor,労務単価,造園工,所定労働時間内8時間あたり,人日,pref,19,山梨県,,,,27000,JPY,labor_wage_8h,published_pdl,39900,公共工事設計労務単価＋必要経費(法定福利費(事業主負担分)、労務管理費、宿舎費等)の参考値,2026-03,2026-03-01,mlit-roumu-r8,参1-参3,https://www.mlit.go.jp/report/press/content/001981942.pdf,PDL1.0,,
58b2eb7cdb01d3d5,JP,labor,労務単価,法面工,所定労働時間内8時間あたり,人日,pref,19,山梨県,,,,33000,JPY,labor_wage_8h,published_pdl,48700,公共工事設計労務単価＋必要経費(法定福利費(事業主負担分)、労務管理費、宿舎費等)の参考値,2026-03,2026-03-01,mlit-roumu-r8,参1-参3,https://www.mlit.go.jp/report/press/content/001981942.pdf,PDL1.0,,
4c96cbf231336736,JP,labor,労務単価,とび工,所定労働時間内8時間あたり,人日,pref,19,山梨県,,,,29800,JPY,labor_wage_8h,published_pdl,44000,公共工事設計労務単価＋必要経費(法定福利費(事業主負担分)、労務管理費、宿舎費等)の参考値,2026-03,2026-03-01,mlit-roumu-r8,参1-参3,https://www.mlit.go.jp/report/press/content/001981942.pdf,PDL1.0,,
66de4346a94ff273,JP,labor,労務単価,石工,所定労働時間内8時間あたり,人日,pref,19,山梨県,,,,33000,JPY,labor_wage_8h,published_pdl,48700,公共工事設計労務単価＋必要経費(法定福利費(事業主負担分)、労務管理費、宿舎費等)の参考値,2026-03,2026-03-01,mlit-roumu-r8,参1-参3,https://www.mlit.go.jp/report/press/content/001981942.pdf,PDL1.0,,
e92ca72c878624fc,JP,labor,労務単価,ブロック工,所定労働時間内8時間あたり,人日,pref,19,山梨県,,,,32000,JPY,labor_wage_8h,published_pdl,47300,公共工事設計労務単価＋必要経費(法定福利費(事業主負担分)、労務管理費、宿舎費等)の参考値,2026-03,2026-03-01,mlit-roumu-r8,参1-参3,https://www.mlit.go.jp/report/press/content/001981942.pdf,PDL1.0,,
b5cb7b052971a21e,JP,labor,労務単価,電工,所定労働時間内8時間あたり,人日,pref,19,山梨県,,,,31000,JPY,labor_wage_8h,published_pdl,45800,公共工事設計労務単価＋必要経費(法定福利費(事業主負担分)、労務管理費、宿舎費等)の参考値,2026-03,2026-03-01,mlit-roumu-r8,参1-参3,https://www.mlit.go.jp/report/press/content/001981942.pdf,PDL1.0,,
42e3f10ad922e1ec,JP,labor,労務単価,鉄筋工,所定労働時間内8時間あたり,人日,pref,19,山梨県,,,,31300,JPY,labor_wage_8h,published_pdl,46200,公共工事設計労務単価＋必要経費(法定福利費(事業主負担分)、労務管理費、宿舎費等)の参考値,2026-03,2026-03-01,mlit-roumu-r8,参1-参3,https://www.mlit.go.jp/report/press/content/001981942.pdf,PDL1.0,,
690c40cd68fc62c6,JP,labor,労務単価,鉄骨工,所定労働時間内8時間あたり,人日,pref,19,山梨県,,,,30300,JPY,labor_wage_8h,published_pdl,44800,公共工事設計労務単価＋必要経費(法定福利費(事業主負担分)、労務管理費、宿舎費等)の参考値,2026-03,2026-03-01,mlit-roumu-r8,参1-参3,https://www.mlit.go.jp/report/press/content/001981942.pdf,PDL1.0,,
94afaba797d8d6e2,JP,labor,労務単価,塗装工,所定労働時間内8時間あたり,人日,pref,19,山梨県,,,,34600,JPY,labor_wage_8h,published_pdl,51100,公共工事設計労務単価＋必要経費(法定福利費(事業主負担分)、労務管理費、宿舎費等)の参考値,2026-03,2026-03-01,mlit-roumu-r8,参1-参3,https://www.mlit.go.jp/report/press/content/001981942.pdf,PDL1.0,,
d8249ca65af6fe31,JP,labor,労務単価,溶接工,所定労働時間内8時間あたり,人日,pref,19,山梨県,,,,37700,JPY,labor_wage_8h,published_pdl,55700,公共工事設計労務単価＋必要経費(法定福利費(事業主負担分)、労務管理費、宿舎費等)の参考値,2026-03,2026-03-01,mlit-roumu-r8,参1-参3,https://www.mlit.go.jp/report/press/content/001981942.pdf,PDL1.0,,
544058ad6d7109e7,JP,labor,労務単価,運転手（特殊）,所定労働時間内8時間あたり,人日,pref,19,山梨県,,,,31300,JPY,labor_wage_8h,published_pdl,46200,公共工事設計労務単価＋必要経費(法定福利費(事業主負担分)、労務管理費、宿舎費等)の参考値,2026-03,2026-03-01,mlit-roumu-r8,参1-参3,https://www.mlit.go.jp/report/press/content/001981942.pdf,PDL1.0,,
bdf940b7034c8be5,JP,labor,労務単価,運転手（一般）,所定労働時間内8時間あたり,人日,pref,19,山梨県,,,,26800,JPY,labor_wage_8h,published_pdl,39600,公共工事設計労務単価＋必要経費(法定福利費(事業主負担分)、労務管理費、宿舎費等)の参考値,2026-03,2026-03-01,mlit-roumu-r8,参1-参3,https://www.mlit.go.jp/report/press/content/001981942.pdf,PDL1.0,,
ee0af7a5ae6dfec1,JP,labor,労務単価,潜かん工,所定労働時間内8時間あたり,人日,pref,19,山梨県,,,,37500,JPY,labor_wage_8h,published_pdl,55400,公共工事設計労務単価＋必要経費(法定福利費(事業主負担分)、労務管理費、宿舎費等)の参考値,2026-03,2026-03-01,mlit-roumu-r8,参1-参3,https://www.mlit.go.jp/report/press/content/001981942.pdf,PDL1.0,,
6e95f3d328acfbf9,JP,labor,労務単価,潜かん世話役,所定労働時間内8時間あたり,人日,pref,19,山梨県,,,,44300,JPY,labor_wage_8h,published_pdl,65400,公共工事設計労務単価＋必要経費(法定福利費(事業主負担分)、労務管理費、宿舎費等)の参考値,2026-03,2026-03-01,mlit-roumu-r8,参1-参3,https://www.mlit.go.jp/report/press/content/001981942.pdf,PDL1.0,,
f8d469f00460c8bb,JP,labor,労務単価,さく岩工,所定労働時間内8時間あたり,人日,pref,19,山梨県,,,,41700,JPY,labor_wage_8h,published_pdl,61600,公共工事設計労務単価＋必要経費(法定福利費(事業主負担分)、労務管理費、宿舎費等)の参考値,2026-03,2026-03-01,mlit-roumu-r8,参1-参3,https://www.mlit.go.jp/report/press/content/001981942.pdf,PDL1.0,,
3d22c42c16b499f9,JP,labor,労務単価,トンネル特殊工,所定労働時間内8時間あたり,人日,pref,19,山梨県,,,,40800,JPY,labor_wage_8h,published_pdl,60300,公共工事設計労務単価＋必要経費(法定福利費(事業主負担分)、労務管理費、宿舎費等)の参考値,2026-03,2026-03-01,mlit-roumu-r8,参1-参3,https://www.mlit.go.jp/report/press/content/001981942.pdf,PDL1.0,,
f26019dfb8d63c35,JP,labor,労務単価,トンネル作業員,所定労働時間内8時間あたり,人日,pref,19,山梨県,,,,32300,JPY,labor_wage_8h,published_pdl,47700,公共工事設計労務単価＋必要経費(法定福利費(事業主負担分)、労務管理費、宿舎費等)の参考値,2026-03,2026-03-01,mlit-roumu-r8,参1-参3,https://www.mlit.go.jp/report/press/content/001981942.pdf,PDL1.0,,
0a9421b55687a621,JP,labor,労務単価,トンネル世話役,所定労働時間内8時間あたり,人日,pref,19,山梨県,,,,43400,JPY,labor_wage_8h,published_pdl,64100,公共工事設計労務単価＋必要経費(法定福利費(事業主負担分)、労務管理費、宿舎費等)の参考値,2026-03,2026-03-01,mlit-roumu-r8,参1-参3,https://www.mlit.go.jp/report/press/content/001981942.pdf,PDL1.0,,
8a1aedc078473024,JP,labor,労務単価,橋りょう特殊工,所定労働時間内8時間あたり,人日,pref,19,山梨県,,,,36900,JPY,labor_wage_8h,published_pdl,54500,公共工事設計労務単価＋必要経費(法定福利費(事業主負担分)、労務管理費、宿舎費等)の参考値,2026-03,2026-03-01,mlit-roumu-r8,参1-参3,https://www.mlit.go.jp/report/press/content/001981942.pdf,PDL1.0,,
8f371322ff815d32,JP,labor,労務単価,橋りょう塗装工,所定労働時間内8時間あたり,人日,pref,19,山梨県,,,,36700,JPY,labor_wage_8h,published_pdl,54200,公共工事設計労務単価＋必要経費(法定福利費(事業主負担分)、労務管理費、宿舎費等)の参考値,2026-03,2026-03-01,mlit-roumu-r8,参1-参3,https://www.mlit.go.jp/report/press/content/001981942.pdf,PDL1.0,,
4311c838bc499cc1,JP,labor,労務単価,橋りょう世話役,所定労働時間内8時間あたり,人日,pref,19,山梨県,,,,40600,JPY,labor_wage_8h,published_pdl,60000,公共工事設計労務単価＋必要経費(法定福利費(事業主負担分)、労務管理費、宿舎費等)の参考値,2026-03,2026-03-01,mlit-roumu-r8,参1-参3,https://www.mlit.go.jp/report/press/content/001981942.pdf,PDL1.0,,
a634de081e19cc28,JP,labor,労務単価,土木一般世話役,所定労働時間内8時間あたり,人日,pref,19,山梨県,,,,33300,JPY,labor_wage_8h,published_pdl,49200,公共工事設計労務単価＋必要経費(法定福利費(事業主負担分)、労務管理費、宿舎費等)の参考値,2026-03,2026-03-01,mlit-roumu-r8,参1-参3,https://www.mlit.go.jp/report/press/content/001981942.pdf,PDL1.0,,
b76999d5a41cec75,JP,labor,労務単価,高級船員,所定労働時間内8時間あたり,人日,pref,19,山梨県,,,,39700,JPY,labor_wage_8h,published_pdl,58600,公共工事設計労務単価＋必要経費(法定福利費(事業主負担分)、労務管理費、宿舎費等)の参考値,2026-03,2026-03-01,mlit-roumu-r8,参1-参3,https://www.mlit.go.jp/report/press/content/001981942.pdf,PDL1.0,,
39593c31a0f8f55c,JP,labor,労務単価,普通船員,所定労働時間内8時間あたり,人日,pref,19,山梨県,,,,32700,JPY,labor_wage_8h,published_pdl,48300,公共工事設計労務単価＋必要経費(法定福利費(事業主負担分)、労務管理費、宿舎費等)の参考値,2026-03,2026-03-01,mlit-roumu-r8,参1-参3,https://www.mlit.go.jp/report/press/content/001981942.pdf,PDL1.0,,
33b2b3cf7d720305,JP,labor,労務単価,潜水士,所定労働時間内8時間あたり,人日,pref,19,山梨県,,,,52500,JPY,labor_wage_8h,published_pdl,77500,公共工事設計労務単価＋必要経費(法定福利費(事業主負担分)、労務管理費、宿舎費等)の参考値,2026-03,2026-03-01,mlit-roumu-r8,参1-参3,https://www.mlit.go.jp/report/press/content/001981942.pdf,PDL1.0,,
bf7f0d73cb82a9d4,JP,labor,労務単価,潜水連絡員,所定労働時間内8時間あたり,人日,pref,19,山梨県,,,,36600,JPY,labor_wage_8h,published_pdl,54100,公共工事設計労務単価＋必要経費(法定福利費(事業主負担分)、労務管理費、宿舎費等)の参考値,2026-03,2026-03-01,mlit-roumu-r8,参1-参3,https://www.mlit.go.jp/report/press/content/001981942.pdf,PDL1.0,,
d7eb938e14c69086,JP,labor,労務単価,潜水送気員,所定労働時間内8時間あたり,人日,pref,19,山梨県,,,,34800,JPY,labor_wage_8h,published_pdl,51400,公共工事設計労務単価＋必要経費(法定福利費(事業主負担分)、労務管理費、宿舎費等)の参考値,2026-03,2026-03-01,mlit-roumu-r8,参1-参3,https://www.mlit.go.jp/report/press/content/001981942.pdf,PDL1.0,,
e4af1353c9ffe851,JP,labor,労務単価,山林砂防工,所定労働時間内8時間あたり,人日,pref,19,山梨県,,,,32600,JPY,labor_wage_8h,published_pdl,48200,公共工事設計労務単価＋必要経費(法定福利費(事業主負担分)、労務管理費、宿舎費等)の参考値,2026-03,2026-03-01,mlit-roumu-r8,参1-参3,https://www.mlit.go.jp/report/press/content/001981942.pdf,PDL1.0,,
f9d2888129ee4fc8,JP,labor,労務単価,軌道工,所定労働時間内8時間あたり,人日,pref,19,山梨県,,,,56600,JPY,labor_wage_8h,published_pdl,83600,公共工事設計労務単価＋必要経費(法定福利費(事業主負担分)、労務管理費、宿舎費等)の参考値,2026-03,2026-03-01,mlit-roumu-r8,参1-参3,https://www.mlit.go.jp/report/press/content/001981942.pdf,PDL1.0,,
ddc10eb95b63f897,JP,labor,労務単価,型わく工,所定労働時間内8時間あたり,人日,pref,19,山梨県,,,,33200,JPY,labor_wage_8h,published_pdl,49000,公共工事設計労務単価＋必要経費(法定福利費(事業主負担分)、労務管理費、宿舎費等)の参考値,2026-03,2026-03-01,mlit-roumu-r8,参1-参3,https://www.mlit.go.jp/report/press/content/001981942.pdf,PDL1.0,,
37cab78a9223ba66,JP,labor,労務単価,大工,所定労働時間内8時間あたり,人日,pref,19,山梨県,,,,30800,JPY,labor_wage_8h,published_pdl,45500,公共工事設計労務単価＋必要経費(法定福利費(事業主負担分)、労務管理費、宿舎費等)の参考値,2026-03,2026-03-01,mlit-roumu-r8,参1-参3,https://www.mlit.go.jp/report/press/content/001981942.pdf,PDL1.0,,
dd2838b8dbcb3abd,JP,labor,労務単価,左官,所定労働時間内8時間あたり,人日,pref,19,山梨県,,,,32600,JPY,labor_wage_8h,published_pdl,48200,公共工事設計労務単価＋必要経費(法定福利費(事業主負担分)、労務管理費、宿舎費等)の参考値,2026-03,2026-03-01,mlit-roumu-r8,参1-参3,https://www.mlit.go.jp/report/press/content/001981942.pdf,PDL1.0,,
1781dc8d8fb93c92,JP,labor,労務単価,配管工,所定労働時間内8時間あたり,人日,pref,19,山梨県,,,,28700,JPY,labor_wage_8h,published_pdl,42400,公共工事設計労務単価＋必要経費(法定福利費(事業主負担分)、労務管理費、宿舎費等)の参考値,2026-03,2026-03-01,mlit-roumu-r8,参1-参3,https://www.mlit.go.jp/report/press/content/001981942.pdf,PDL1.0,,
580c977e181d9eed,JP,labor,労務単価,はつり工,所定労働時間内8時間あたり,人日,pref,19,山梨県,,,,31400,JPY,labor_wage_8h,published_pdl,46400,公共工事設計労務単価＋必要経費(法定福利費(事業主負担分)、労務管理費、宿舎費等)の参考値,2026-03,2026-03-01,mlit-roumu-r8,参1-参3,https://www.mlit.go.jp/report/press/content/001981942.pdf,PDL1.0,,
d49605500c17e9ab,JP,labor,労務単価,防水工,所定労働時間内8時間あたり,人日,pref,19,山梨県,,,,34600,JPY,labor_wage_8h,published_pdl,51100,公共工事設計労務単価＋必要経費(法定福利費(事業主負担分)、労務管理費、宿舎費等)の参考値,2026-03,2026-03-01,mlit-roumu-r8,参1-参3,https://www.mlit.go.jp/report/press/content/001981942.pdf,PDL1.0,,
8d575ae81e06bc23,JP,labor,労務単価,板金工,所定労働時間内8時間あたり,人日,pref,19,山梨県,,,,34800,JPY,labor_wage_8h,published_pdl,51400,公共工事設計労務単価＋必要経費(法定福利費(事業主負担分)、労務管理費、宿舎費等)の参考値,2026-03,2026-03-01,mlit-roumu-r8,参1-参3,https://www.mlit.go.jp/report/press/content/001981942.pdf,PDL1.0,,
a07cfaf6414a4423,JP,labor,労務単価,タイル工,所定労働時間内8時間あたり,人日,pref,19,山梨県,,,,27800,JPY,labor_wage_8h,published_pdl,41100,公共工事設計労務単価＋必要経費(法定福利費(事業主負担分)、労務管理費、宿舎費等)の参考値,2026-03,2026-03-01,mlit-roumu-r8,参1-参3,https://www.mlit.go.jp/report/press/content/001981942.pdf,PDL1.0,,
fd0c6de7a21b4dd8,JP,labor,労務単価,サッシ工,所定労働時間内8時間あたり,人日,pref,19,山梨県,,,,33200,JPY,labor_wage_8h,published_pdl,49000,公共工事設計労務単価＋必要経費(法定福利費(事業主負担分)、労務管理費、宿舎費等)の参考値,2026-03,2026-03-01,mlit-roumu-r8,参1-参3,https://www.mlit.go.jp/report/press/content/001981942.pdf,PDL1.0,,
29fa30bde07ac78d,JP,labor,労務単価,屋根ふき工,所定労働時間内8時間あたり,人日,pref,19,山梨県,,,,,JPY,labor_wage_8h,not_set,,,2026-03,2026-03-01,mlit-roumu-r8,参1-参3,https://www.mlit.go.jp/report/press/content/001981942.pdf,PDL1.0,,原本の表で『-』(この都道府県ではこの職種の単価を設定していない)
5fc20c0425a9c195,JP,labor,労務単価,内装工,所定労働時間内8時間あたり,人日,pref,19,山梨県,,,,35300,JPY,labor_wage_8h,published_pdl,52100,公共工事設計労務単価＋必要経費(法定福利費(事業主負担分)、労務管理費、宿舎費等)の参考値,2026-03,2026-03-01,mlit-roumu-r8,参1-参3,https://www.mlit.go.jp/report/press/content/001981942.pdf,PDL1.0,,
cde43c0c4bc0957f,JP,labor,労務単価,ガラス工,所定労働時間内8時間あたり,人日,pref,19,山梨県,,,,33500,JPY,labor_wage_8h,published_pdl,49500,公共工事設計労務単価＋必要経費(法定福利費(事業主負担分)、労務管理費、宿舎費等)の参考値,2026-03,2026-03-01,mlit-roumu-r8,参1-参3,https://www.mlit.go.jp/report/press/content/001981942.pdf,PDL1.0,,
d558f1c71dbc289e,JP,labor,労務単価,建具工,所定労働時間内8時間あたり,人日,pref,19,山梨県,,,,,JPY,labor_wage_8h,not_set,,,2026-03,2026-03-01,mlit-roumu-r8,参1-参3,https://www.mlit.go.jp/report/press/content/001981942.pdf,PDL1.0,,原本の表で『-』(この都道府県ではこの職種の単価を設定していない)
bba4a6dd71f68dfa,JP,labor,労務単価,ダクト工,所定労働時間内8時間あたり,人日,pref,19,山梨県,,,,29100,JPY,labor_wage_8h,published_pdl,43000,公共工事設計労務単価＋必要経費(法定福利費(事業主負担分)、労務管理費、宿舎費等)の参考値,2026-03,2026-03-01,mlit-roumu-r8,参1-参3,https://www.mlit.go.jp/report/press/content/001981942.pdf,PDL1.0,,
459f201bc0ddb411,JP,labor,労務単価,保温工,所定労働時間内8時間あたり,人日,pref,19,山梨県,,,,28800,JPY,labor_wage_8h,published_pdl,42500,公共工事設計労務単価＋必要経費(法定福利費(事業主負担分)、労務管理費、宿舎費等)の参考値,2026-03,2026-03-01,mlit-roumu-r8,参1-参3,https://www.mlit.go.jp/report/press/content/001981942.pdf,PDL1.0,,
020c7613d8054791,JP,labor,労務単価,設備機械工,所定労働時間内8時間あたり,人日,pref,19,山梨県,,,,28200,JPY,labor_wage_8h,published_pdl,41700,公共工事設計労務単価＋必要経費(法定福利費(事業主負担分)、労務管理費、宿舎費等)の参考値,2026-03,2026-03-01,mlit-roumu-r8,参1-参3,https://www.mlit.go.jp/report/press/content/001981942.pdf,PDL1.0,,
54dac5c9cf3fc6c7,JP,labor,労務単価,交通誘導警備員Ａ,所定労働時間内8時間あたり,人日,pref,19,山梨県,,,,18700,JPY,labor_wage_8h,published_pdl,27600,公共工事設計労務単価＋必要経費(法定福利費(事業主負担分)、労務管理費、宿舎費等)の参考値,2026-03,2026-03-01,mlit-roumu-r8,参1-参3,https://www.mlit.go.jp/report/press/content/001981942.pdf,PDL1.0,,
8bdee2ed28ddb14a,JP,labor,労務単価,交通誘導警備員Ｂ,所定労働時間内8時間あたり,人日,pref,19,山梨県,,,,17300,JPY,labor_wage_8h,published_pdl,25600,公共工事設計労務単価＋必要経費(法定福利費(事業主負担分)、労務管理費、宿舎費等)の参考値,2026-03,2026-03-01,mlit-roumu-r8,参1-参3,https://www.mlit.go.jp/report/press/content/001981942.pdf,PDL1.0,,
e5237cb04ce1db9a,JP,labor,労務単価,特殊作業員,所定労働時間内8時間あたり,人日,pref,20,長野県,,,,28400,JPY,labor_wage_8h,published_pdl,41900,公共工事設計労務単価＋必要経費(法定福利費(事業主負担分)、労務管理費、宿舎費等)の参考値,2026-03,2026-03-01,mlit-roumu-r8,参1-参3,https://www.mlit.go.jp/report/press/content/001981942.pdf,PDL1.0,,
2dfca62ccdcc0860,JP,labor,労務単価,普通作業員,所定労働時間内8時間あたり,人日,pref,20,長野県,,,,24600,JPY,labor_wage_8h,published_pdl,36300,公共工事設計労務単価＋必要経費(法定福利費(事業主負担分)、労務管理費、宿舎費等)の参考値,2026-03,2026-03-01,mlit-roumu-r8,参1-参3,https://www.mlit.go.jp/report/press/content/001981942.pdf,PDL1.0,,
38a4987ce7e22cd8,JP,labor,労務単価,軽作業員,所定労働時間内8時間あたり,人日,pref,20,長野県,,,,18900,JPY,labor_wage_8h,published_pdl,27900,公共工事設計労務単価＋必要経費(法定福利費(事業主負担分)、労務管理費、宿舎費等)の参考値,2026-03,2026-03-01,mlit-roumu-r8,参1-参3,https://www.mlit.go.jp/report/press/content/001981942.pdf,PDL1.0,,
ae544df2d41a8f92,JP,labor,労務単価,造園工,所定労働時間内8時間あたり,人日,pref,20,長野県,,,,26700,JPY,labor_wage_8h,published_pdl,39400,公共工事設計労務単価＋必要経費(法定福利費(事業主負担分)、労務管理費、宿舎費等)の参考値,2026-03,2026-03-01,mlit-roumu-r8,参1-参3,https://www.mlit.go.jp/report/press/content/001981942.pdf,PDL1.0,,
790873c950a6408c,JP,labor,労務単価,法面工,所定労働時間内8時間あたり,人日,pref,20,長野県,,,,31500,JPY,labor_wage_8h,published_pdl,46500,公共工事設計労務単価＋必要経費(法定福利費(事業主負担分)、労務管理費、宿舎費等)の参考値,2026-03,2026-03-01,mlit-roumu-r8,参1-参3,https://www.mlit.go.jp/report/press/content/001981942.pdf,PDL1.0,,
6d57bf6506d05b5d,JP,labor,労務単価,とび工,所定労働時間内8時間あたり,人日,pref,20,長野県,,,,29100,JPY,labor_wage_8h,published_pdl,43000,公共工事設計労務単価＋必要経費(法定福利費(事業主負担分)、労務管理費、宿舎費等)の参考値,2026-03,2026-03-01,mlit-roumu-r8,参1-参3,https://www.mlit.go.jp/report/press/content/001981942.pdf,PDL1.0,,
12a55699ec430d16,JP,labor,労務単価,石工,所定労働時間内8時間あたり,人日,pref,20,長野県,,,,30400,JPY,labor_wage_8h,published_pdl,44900,公共工事設計労務単価＋必要経費(法定福利費(事業主負担分)、労務管理費、宿舎費等)の参考値,2026-03,2026-03-01,mlit-roumu-r8,参1-参3,https://www.mlit.go.jp/report/press/content/001981942.pdf,PDL1.0,,
267c8cd50f0ed99f,JP,labor,労務単価,ブロック工,所定労働時間内8時間あたり,人日,pref,20,長野県,,,,30000,JPY,labor_wage_8h,published_pdl,44300,公共工事設計労務単価＋必要経費(法定福利費(事業主負担分)、労務管理費、宿舎費等)の参考値,2026-03,2026-03-01,mlit-roumu-r8,参1-参3,https://www.mlit.go.jp/report/press/content/001981942.pdf,PDL1.0,,
bf42d5224505f3aa,JP,labor,労務単価,電工,所定労働時間内8時間あたり,人日,pref,20,長野県,,,,28900,JPY,labor_wage_8h,published_pdl,42700,公共工事設計労務単価＋必要経費(法定福利費(事業主負担分)、労務管理費、宿舎費等)の参考値,2026-03,2026-03-01,mlit-roumu-r8,参1-参3,https://www.mlit.go.jp/report/press/content/001981942.pdf,PDL1.0,,
05ba86cd804f3cf2,JP,labor,労務単価,鉄筋工,所定労働時間内8時間あたり,人日,pref,20,長野県,,,,29100,JPY,labor_wage_8h,published_pdl,43000,公共工事設計労務単価＋必要経費(法定福利費(事業主負担分)、労務管理費、宿舎費等)の参考値,2026-03,2026-03-01,mlit-roumu-r8,参1-参3,https://www.mlit.go.jp/report/press/content/001981942.pdf,PDL1.0,,
f84c22fd6dc84096,JP,labor,労務単価,鉄骨工,所定労働時間内8時間あたり,人日,pref,20,長野県,,,,28300,JPY,labor_wage_8h,published_pdl,41800,公共工事設計労務単価＋必要経費(法定福利費(事業主負担分)、労務管理費、宿舎費等)の参考値,2026-03,2026-03-01,mlit-roumu-r8,参1-参3,https://www.mlit.go.jp/report/press/content/001981942.pdf,PDL1.0,,
edb15e5d5005825f,JP,labor,労務単価,塗装工,所定労働時間内8時間あたり,人日,pref,20,長野県,,,,30900,JPY,labor_wage_8h,published_pdl,45600,公共工事設計労務単価＋必要経費(法定福利費(事業主負担分)、労務管理費、宿舎費等)の参考値,2026-03,2026-03-01,mlit-roumu-r8,参1-参3,https://www.mlit.go.jp/report/press/content/001981942.pdf,PDL1.0,,
56d4261897eeaab9,JP,labor,労務単価,溶接工,所定労働時間内8時間あたり,人日,pref,20,長野県,,,,33200,JPY,labor_wage_8h,published_pdl,49000,公共工事設計労務単価＋必要経費(法定福利費(事業主負担分)、労務管理費、宿舎費等)の参考値,2026-03,2026-03-01,mlit-roumu-r8,参1-参3,https://www.mlit.go.jp/report/press/content/001981942.pdf,PDL1.0,,
523e1179d678b1d2,JP,labor,労務単価,運転手（特殊）,所定労働時間内8時間あたり,人日,pref,20,長野県,,,,27700,JPY,labor_wage_8h,published_pdl,40900,公共工事設計労務単価＋必要経費(法定福利費(事業主負担分)、労務管理費、宿舎費等)の参考値,2026-03,2026-03-01,mlit-roumu-r8,参1-参3,https://www.mlit.go.jp/report/press/content/001981942.pdf,PDL1.0,,
872061e6581fc989,JP,labor,労務単価,運転手（一般）,所定労働時間内8時間あたり,人日,pref,20,長野県,,,,24000,JPY,labor_wage_8h,published_pdl,35400,公共工事設計労務単価＋必要経費(法定福利費(事業主負担分)、労務管理費、宿舎費等)の参考値,2026-03,2026-03-01,mlit-roumu-r8,参1-参3,https://www.mlit.go.jp/report/press/content/001981942.pdf,PDL1.0,,
9c659928cdff39f9,JP,labor,労務単価,潜かん工,所定労働時間内8時間あたり,人日,pref,20,長野県,,,,37400,JPY,labor_wage_8h,published_pdl,55200,公共工事設計労務単価＋必要経費(法定福利費(事業主負担分)、労務管理費、宿舎費等)の参考値,2026-03,2026-03-01,mlit-roumu-r8,参1-参3,https://www.mlit.go.jp/report/press/content/001981942.pdf,PDL1.0,,
dc5256485cd5adfc,JP,labor,労務単価,潜かん世話役,所定労働時間内8時間あたり,人日,pref,20,長野県,,,,44500,JPY,labor_wage_8h,published_pdl,65700,公共工事設計労務単価＋必要経費(法定福利費(事業主負担分)、労務管理費、宿舎費等)の参考値,2026-03,2026-03-01,mlit-roumu-r8,参1-参3,https://www.mlit.go.jp/report/press/content/001981942.pdf,PDL1.0,,
d448d5609227e70c,JP,labor,労務単価,さく岩工,所定労働時間内8時間あたり,人日,pref,20,長野県,,,,41700,JPY,labor_wage_8h,published_pdl,61600,公共工事設計労務単価＋必要経費(法定福利費(事業主負担分)、労務管理費、宿舎費等)の参考値,2026-03,2026-03-01,mlit-roumu-r8,参1-参3,https://www.mlit.go.jp/report/press/content/001981942.pdf,PDL1.0,,
6fde063bbf218941,JP,labor,労務単価,トンネル特殊工,所定労働時間内8時間あたり,人日,pref,20,長野県,,,,42700,JPY,labor_wage_8h,published_pdl,63100,公共工事設計労務単価＋必要経費(法定福利費(事業主負担分)、労務管理費、宿舎費等)の参考値,2026-03,2026-03-01,mlit-roumu-r8,参1-参3,https://www.mlit.go.jp/report/press/content/001981942.pdf,PDL1.0,,
7d286740c5d50023,JP,labor,労務単価,トンネル作業員,所定労働時間内8時間あたり,人日,pref,20,長野県,,,,32400,JPY,labor_wage_8h,published_pdl,47900,公共工事設計労務単価＋必要経費(法定福利費(事業主負担分)、労務管理費、宿舎費等)の参考値,2026-03,2026-03-01,mlit-roumu-r8,参1-参3,https://www.mlit.go.jp/report/press/content/001981942.pdf,PDL1.0,,
e2092d8efc2a69a5,JP,labor,労務単価,トンネル世話役,所定労働時間内8時間あたり,人日,pref,20,長野県,,,,42800,JPY,labor_wage_8h,published_pdl,63200,公共工事設計労務単価＋必要経費(法定福利費(事業主負担分)、労務管理費、宿舎費等)の参考値,2026-03,2026-03-01,mlit-roumu-r8,参1-参3,https://www.mlit.go.jp/report/press/content/001981942.pdf,PDL1.0,,
c6602e20321509d9,JP,labor,労務単価,橋りょう特殊工,所定労働時間内8時間あたり,人日,pref,20,長野県,,,,36900,JPY,labor_wage_8h,published_pdl,54500,公共工事設計労務単価＋必要経費(法定福利費(事業主負担分)、労務管理費、宿舎費等)の参考値,2026-03,2026-03-01,mlit-roumu-r8,参1-参3,https://www.mlit.go.jp/report/press/content/001981942.pdf,PDL1.0,,
fbcfce6c8e0e9542,JP,labor,労務単価,橋りょう塗装工,所定労働時間内8時間あたり,人日,pref,20,長野県,,,,36600,JPY,labor_wage_8h,published_pdl,54100,公共工事設計労務単価＋必要経費(法定福利費(事業主負担分)、労務管理費、宿舎費等)の参考値,2026-03,2026-03-01,mlit-roumu-r8,参1-参3,https://www.mlit.go.jp/report/press/content/001981942.pdf,PDL1.0,,
132d933086e4bee1,JP,labor,労務単価,橋りょう世話役,所定労働時間内8時間あたり,人日,pref,20,長野県,,,,39900,JPY,labor_wage_8h,published_pdl,58900,公共工事設計労務単価＋必要経費(法定福利費(事業主負担分)、労務管理費、宿舎費等)の参考値,2026-03,2026-03-01,mlit-roumu-r8,参1-参3,https://www.mlit.go.jp/report/press/content/001981942.pdf,PDL1.0,,
991d8c4549c4979d,JP,labor,労務単価,土木一般世話役,所定労働時間内8時間あたり,人日,pref,20,長野県,,,,32100,JPY,labor_wage_8h,published_pdl,47400,公共工事設計労務単価＋必要経費(法定福利費(事業主負担分)、労務管理費、宿舎費等)の参考値,2026-03,2026-03-01,mlit-roumu-r8,参1-参3,https://www.mlit.go.jp/report/press/content/001981942.pdf,PDL1.0,,
25568152017913b6,JP,labor,労務単価,高級船員,所定労働時間内8時間あたり,人日,pref,20,長野県,,,,39800,JPY,labor_wage_8h,published_pdl,58800,公共工事設計労務単価＋必要経費(法定福利費(事業主負担分)、労務管理費、宿舎費等)の参考値,2026-03,2026-03-01,mlit-roumu-r8,参1-参3,https://www.mlit.go.jp/report/press/content/001981942.pdf,PDL1.0,,
aa5b78f0dd05dbc4,JP,labor,労務単価,普通船員,所定労働時間内8時間あたり,人日,pref,20,長野県,,,,32600,JPY,labor_wage_8h,published_pdl,48200,公共工事設計労務単価＋必要経費(法定福利費(事業主負担分)、労務管理費、宿舎費等)の参考値,2026-03,2026-03-01,mlit-roumu-r8,参1-参3,https://www.mlit.go.jp/report/press/content/001981942.pdf,PDL1.0,,
b6680c895c874609,JP,labor,労務単価,潜水士,所定労働時間内8時間あたり,人日,pref,20,長野県,,,,50000,JPY,labor_wage_8h,published_pdl,73900,公共工事設計労務単価＋必要経費(法定福利費(事業主負担分)、労務管理費、宿舎費等)の参考値,2026-03,2026-03-01,mlit-roumu-r8,参1-参3,https://www.mlit.go.jp/report/press/content/001981942.pdf,PDL1.0,,
a68f99c5cc16ab75,JP,labor,労務単価,潜水連絡員,所定労働時間内8時間あたり,人日,pref,20,長野県,,,,34500,JPY,labor_wage_8h,published_pdl,51000,公共工事設計労務単価＋必要経費(法定福利費(事業主負担分)、労務管理費、宿舎費等)の参考値,2026-03,2026-03-01,mlit-roumu-r8,参1-参3,https://www.mlit.go.jp/report/press/content/001981942.pdf,PDL1.0,,
9fdc67d8db780485,JP,labor,労務単価,潜水送気員,所定労働時間内8時間あたり,人日,pref,20,長野県,,,,34600,JPY,labor_wage_8h,published_pdl,51100,公共工事設計労務単価＋必要経費(法定福利費(事業主負担分)、労務管理費、宿舎費等)の参考値,2026-03,2026-03-01,mlit-roumu-r8,参1-参3,https://www.mlit.go.jp/report/press/content/001981942.pdf,PDL1.0,,
5ed5d3fbe24a33d2,JP,labor,労務単価,山林砂防工,所定労働時間内8時間あたり,人日,pref,20,長野県,,,,32500,JPY,labor_wage_8h,published_pdl,48000,公共工事設計労務単価＋必要経費(法定福利費(事業主負担分)、労務管理費、宿舎費等)の参考値,2026-03,2026-03-01,mlit-roumu-r8,参1-参3,https://www.mlit.go.jp/report/press/content/001981942.pdf,PDL1.0,,
2bb52b8fd0ba0ddd,JP,labor,労務単価,軌道工,所定労働時間内8時間あたり,人日,pref,20,長野県,,,,49900,JPY,labor_wage_8h,published_pdl,73700,公共工事設計労務単価＋必要経費(法定福利費(事業主負担分)、労務管理費、宿舎費等)の参考値,2026-03,2026-03-01,mlit-roumu-r8,参1-参3,https://www.mlit.go.jp/report/press/content/001981942.pdf,PDL1.0,,
b25f415771a79ac1,JP,labor,労務単価,型わく工,所定労働時間内8時間あたり,人日,pref,20,長野県,,,,29000,JPY,labor_wage_8h,published_pdl,42800,公共工事設計労務単価＋必要経費(法定福利費(事業主負担分)、労務管理費、宿舎費等)の参考値,2026-03,2026-03-01,mlit-roumu-r8,参1-参3,https://www.mlit.go.jp/report/press/content/001981942.pdf,PDL1.0,,
dbb7faff88991843,JP,labor,労務単価,大工,所定労働時間内8時間あたり,人日,pref,20,長野県,,,,30000,JPY,labor_wage_8h,published_pdl,44300,公共工事設計労務単価＋必要経費(法定福利費(事業主負担分)、労務管理費、宿舎費等)の参考値,2026-03,2026-03-01,mlit-roumu-r8,参1-参3,https://www.mlit.go.jp/report/press/content/001981942.pdf,PDL1.0,,
ec2883c789855797,JP,labor,労務単価,左官,所定労働時間内8時間あたり,人日,pref,20,長野県,,,,28000,JPY,labor_wage_8h,published_pdl,41400,公共工事設計労務単価＋必要経費(法定福利費(事業主負担分)、労務管理費、宿舎費等)の参考値,2026-03,2026-03-01,mlit-roumu-r8,参1-参3,https://www.mlit.go.jp/report/press/content/001981942.pdf,PDL1.0,,
6c87431f25e2576e,JP,labor,労務単価,配管工,所定労働時間内8時間あたり,人日,pref,20,長野県,,,,27700,JPY,labor_wage_8h,published_pdl,40900,公共工事設計労務単価＋必要経費(法定福利費(事業主負担分)、労務管理費、宿舎費等)の参考値,2026-03,2026-03-01,mlit-roumu-r8,参1-参3,https://www.mlit.go.jp/report/press/content/001981942.pdf,PDL1.0,,
b51c3699abd2356b,JP,labor,労務単価,はつり工,所定労働時間内8時間あたり,人日,pref,20,長野県,,,,31400,JPY,labor_wage_8h,published_pdl,46400,公共工事設計労務単価＋必要経費(法定福利費(事業主負担分)、労務管理費、宿舎費等)の参考値,2026-03,2026-03-01,mlit-roumu-r8,参1-参3,https://www.mlit.go.jp/report/press/content/001981942.pdf,PDL1.0,,
5c03675d0c697e87,JP,labor,労務単価,防水工,所定労働時間内8時間あたり,人日,pref,20,長野県,,,,32100,JPY,labor_wage_8h,published_pdl,47400,公共工事設計労務単価＋必要経費(法定福利費(事業主負担分)、労務管理費、宿舎費等)の参考値,2026-03,2026-03-01,mlit-roumu-r8,参1-参3,https://www.mlit.go.jp/report/press/content/001981942.pdf,PDL1.0,,
cb9752f537b37de0,JP,labor,労務単価,板金工,所定労働時間内8時間あたり,人日,pref,20,長野県,,,,32400,JPY,labor_wage_8h,published_pdl,47900,公共工事設計労務単価＋必要経費(法定福利費(事業主負担分)、労務管理費、宿舎費等)の参考値,2026-03,2026-03-01,mlit-roumu-r8,参1-参3,https://www.mlit.go.jp/report/press/content/001981942.pdf,PDL1.0,,
7b67c85b77333c0b,JP,labor,労務単価,タイル工,所定労働時間内8時間あたり,人日,pref,20,長野県,,,,26700,JPY,labor_wage_8h,published_pdl,39400,公共工事設計労務単価＋必要経費(法定福利費(事業主負担分)、労務管理費、宿舎費等)の参考値,2026-03,2026-03-01,mlit-roumu-r8,参1-参3,https://www.mlit.go.jp/report/press/content/001981942.pdf,PDL1.0,,
af4ff1eb2d2fb0d1,JP,labor,労務単価,サッシ工,所定労働時間内8時間あたり,人日,pref,20,長野県,,,,32000,JPY,labor_wage_8h,published_pdl,47300,公共工事設計労務単価＋必要経費(法定福利費(事業主負担分)、労務管理費、宿舎費等)の参考値,2026-03,2026-03-01,mlit-roumu-r8,参1-参3,https://www.mlit.go.jp/report/press/content/001981942.pdf,PDL1.0,,
0413b89028bdc824,JP,labor,労務単価,屋根ふき工,所定労働時間内8時間あたり,人日,pref,20,長野県,,,,,JPY,labor_wage_8h,not_set,,,2026-03,2026-03-01,mlit-roumu-r8,参1-参3,https://www.mlit.go.jp/report/press/content/001981942.pdf,PDL1.0,,原本の表で『-』(この都道府県ではこの職種の単価を設定していない)
0d5ba53c6aeb4cec,JP,labor,労務単価,内装工,所定労働時間内8時間あたり,人日,pref,20,長野県,,,,33600,JPY,labor_wage_8h,published_pdl,49600,公共工事設計労務単価＋必要経費(法定福利費(事業主負担分)、労務管理費、宿舎費等)の参考値,2026-03,2026-03-01,mlit-roumu-r8,参1-参3,https://www.mlit.go.jp/report/press/content/001981942.pdf,PDL1.0,,
ce2d4ae833d2c6aa,JP,labor,労務単価,ガラス工,所定労働時間内8時間あたり,人日,pref,20,長野県,,,,33500,JPY,labor_wage_8h,published_pdl,49500,公共工事設計労務単価＋必要経費(法定福利費(事業主負担分)、労務管理費、宿舎費等)の参考値,2026-03,2026-03-01,mlit-roumu-r8,参1-参3,https://www.mlit.go.jp/report/press/content/001981942.pdf,PDL1.0,,
3f98040423f0e2a2,JP,labor,労務単価,建具工,所定労働時間内8時間あたり,人日,pref,20,長野県,,,,29000,JPY,labor_wage_8h,published_pdl,42800,公共工事設計労務単価＋必要経費(法定福利費(事業主負担分)、労務管理費、宿舎費等)の参考値,2026-03,2026-03-01,mlit-roumu-r8,参1-参3,https://www.mlit.go.jp/report/press/content/001981942.pdf,PDL1.0,,
896b3df5f8badcd8,JP,labor,労務単価,ダクト工,所定労働時間内8時間あたり,人日,pref,20,長野県,,,,28500,JPY,labor_wage_8h,published_pdl,42100,公共工事設計労務単価＋必要経費(法定福利費(事業主負担分)、労務管理費、宿舎費等)の参考値,2026-03,2026-03-01,mlit-roumu-r8,参1-参3,https://www.mlit.go.jp/report/press/content/001981942.pdf,PDL1.0,,
8dcb91a668022e8c,JP,labor,労務単価,保温工,所定労働時間内8時間あたり,人日,pref,20,長野県,,,,28500,JPY,labor_wage_8h,published_pdl,42100,公共工事設計労務単価＋必要経費(法定福利費(事業主負担分)、労務管理費、宿舎費等)の参考値,2026-03,2026-03-01,mlit-roumu-r8,参1-参3,https://www.mlit.go.jp/report/press/content/001981942.pdf,PDL1.0,,
184d719c4a0ec333,JP,labor,労務単価,設備機械工,所定労働時間内8時間あたり,人日,pref,20,長野県,,,,27900,JPY,labor_wage_8h,published_pdl,41200,公共工事設計労務単価＋必要経費(法定福利費(事業主負担分)、労務管理費、宿舎費等)の参考値,2026-03,2026-03-01,mlit-roumu-r8,参1-参3,https://www.mlit.go.jp/report/press/content/001981942.pdf,PDL1.0,,
a6fdc67c683ea847,JP,labor,労務単価,交通誘導警備員Ａ,所定労働時間内8時間あたり,人日,pref,20,長野県,,,,17100,JPY,labor_wage_8h,published_pdl,25300,公共工事設計労務単価＋必要経費(法定福利費(事業主負担分)、労務管理費、宿舎費等)の参考値,2026-03,2026-03-01,mlit-roumu-r8,参1-参3,https://www.mlit.go.jp/report/press/content/001981942.pdf,PDL1.0,,
742fc783dd14f27e,JP,labor,労務単価,交通誘導警備員Ｂ,所定労働時間内8時間あたり,人日,pref,20,長野県,,,,15300,JPY,labor_wage_8h,published_pdl,22600,公共工事設計労務単価＋必要経費(法定福利費(事業主負担分)、労務管理費、宿舎費等)の参考値,2026-03,2026-03-01,mlit-roumu-r8,参1-参3,https://www.mlit.go.jp/report/press/content/001981942.pdf,PDL1.0,,
f137ba9360d88de9,JP,labor,労務単価,特殊作業員,所定労働時間内8時間あたり,人日,pref,21,岐阜県,,,,28800,JPY,labor_wage_8h,published_pdl,42500,公共工事設計労務単価＋必要経費(法定福利費(事業主負担分)、労務管理費、宿舎費等)の参考値,2026-03,2026-03-01,mlit-roumu-r8,参1-参3,https://www.mlit.go.jp/report/press/content/001981942.pdf,PDL1.0,,
e5e10799bbec00df,JP,labor,労務単価,普通作業員,所定労働時間内8時間あたり,人日,pref,21,岐阜県,,,,25400,JPY,labor_wage_8h,published_pdl,37500,公共工事設計労務単価＋必要経費(法定福利費(事業主負担分)、労務管理費、宿舎費等)の参考値,2026-03,2026-03-01,mlit-roumu-r8,参1-参3,https://www.mlit.go.jp/report/press/content/001981942.pdf,PDL1.0,,
254ca5e3b6d312e0,JP,labor,労務単価,軽作業員,所定労働時間内8時間あたり,人日,pref,21,岐阜県,,,,19000,JPY,labor_wage_8h,published_pdl,28100,公共工事設計労務単価＋必要経費(法定福利費(事業主負担分)、労務管理費、宿舎費等)の参考値,2026-03,2026-03-01,mlit-roumu-r8,参1-参3,https://www.mlit.go.jp/report/press/content/001981942.pdf,PDL1.0,,
bac9791a078dd12b,JP,labor,労務単価,造園工,所定労働時間内8時間あたり,人日,pref,21,岐阜県,,,,26800,JPY,labor_wage_8h,published_pdl,39600,公共工事設計労務単価＋必要経費(法定福利費(事業主負担分)、労務管理費、宿舎費等)の参考値,2026-03,2026-03-01,mlit-roumu-r8,参1-参3,https://www.mlit.go.jp/report/press/content/001981942.pdf,PDL1.0,,
0906e585b3a9e2cb,JP,labor,労務単価,法面工,所定労働時間内8時間あたり,人日,pref,21,岐阜県,,,,33600,JPY,labor_wage_8h,published_pdl,49600,公共工事設計労務単価＋必要経費(法定福利費(事業主負担分)、労務管理費、宿舎費等)の参考値,2026-03,2026-03-01,mlit-roumu-r8,参1-参3,https://www.mlit.go.jp/report/press/content/001981942.pdf,PDL1.0,,
73265eeeff923229,JP,labor,労務単価,とび工,所定労働時間内8時間あたり,人日,pref,21,岐阜県,,,,31700,JPY,labor_wage_8h,published_pdl,46800,公共工事設計労務単価＋必要経費(法定福利費(事業主負担分)、労務管理費、宿舎費等)の参考値,2026-03,2026-03-01,mlit-roumu-r8,参1-参3,https://www.mlit.go.jp/report/press/content/001981942.pdf,PDL1.0,,
a921ef8c0f40a6cf,JP,labor,労務単価,石工,所定労働時間内8時間あたり,人日,pref,21,岐阜県,,,,,JPY,labor_wage_8h,not_set,,,2026-03,2026-03-01,mlit-roumu-r8,参1-参3,https://www.mlit.go.jp/report/press/content/001981942.pdf,PDL1.0,,原本の表で『-』(この都道府県ではこの職種の単価を設定していない)
30dafd594c2b20f8,JP,labor,労務単価,ブロック工,所定労働時間内8時間あたり,人日,pref,21,岐阜県,,,,34900,JPY,labor_wage_8h,published_pdl,51500,公共工事設計労務単価＋必要経費(法定福利費(事業主負担分)、労務管理費、宿舎費等)の参考値,2026-03,2026-03-01,mlit-roumu-r8,参1-参3,https://www.mlit.go.jp/report/press/content/001981942.pdf,PDL1.0,,
f399c2893fe351f9,JP,labor,労務単価,電工,所定労働時間内8時間あたり,人日,pref,21,岐阜県,,,,28200,JPY,labor_wage_8h,published_pdl,41700,公共工事設計労務単価＋必要経費(法定福利費(事業主負担分)、労務管理費、宿舎費等)の参考値,2026-03,2026-03-01,mlit-roumu-r8,参1-参3,https://www.mlit.go.jp/report/press/content/001981942.pdf,PDL1.0,,
32ff25ac0885d4c7,JP,labor,労務単価,鉄筋工,所定労働時間内8時間あたり,人日,pref,21,岐阜県,,,,31100,JPY,labor_wage_8h,published_pdl,45900,公共工事設計労務単価＋必要経費(法定福利費(事業主負担分)、労務管理費、宿舎費等)の参考値,2026-03,2026-03-01,mlit-roumu-r8,参1-参3,https://www.mlit.go.jp/report/press/content/001981942.pdf,PDL1.0,,
8f7524f59361a912,JP,labor,労務単価,鉄骨工,所定労働時間内8時間あたり,人日,pref,21,岐阜県,,,,30200,JPY,labor_wage_8h,published_pdl,44600,公共工事設計労務単価＋必要経費(法定福利費(事業主負担分)、労務管理費、宿舎費等)の参考値,2026-03,2026-03-01,mlit-roumu-r8,参1-参3,https://www.mlit.go.jp/report/press/content/001981942.pdf,PDL1.0,,
9ef0b0922162308f,JP,labor,労務単価,塗装工,所定労働時間内8時間あたり,人日,pref,21,岐阜県,,,,32300,JPY,labor_wage_8h,published_pdl,47700,公共工事設計労務単価＋必要経費(法定福利費(事業主負担分)、労務管理費、宿舎費等)の参考値,2026-03,2026-03-01,mlit-roumu-r8,参1-参3,https://www.mlit.go.jp/report/press/content/001981942.pdf,PDL1.0,,
29bbc285c30f0a88,JP,labor,労務単価,溶接工,所定労働時間内8時間あたり,人日,pref,21,岐阜県,,,,33300,JPY,labor_wage_8h,published_pdl,49200,公共工事設計労務単価＋必要経費(法定福利費(事業主負担分)、労務管理費、宿舎費等)の参考値,2026-03,2026-03-01,mlit-roumu-r8,参1-参3,https://www.mlit.go.jp/report/press/content/001981942.pdf,PDL1.0,,
7e4e632c297a0533,JP,labor,労務単価,運転手（特殊）,所定労働時間内8時間あたり,人日,pref,21,岐阜県,,,,31200,JPY,labor_wage_8h,published_pdl,46100,公共工事設計労務単価＋必要経費(法定福利費(事業主負担分)、労務管理費、宿舎費等)の参考値,2026-03,2026-03-01,mlit-roumu-r8,参1-参3,https://www.mlit.go.jp/report/press/content/001981942.pdf,PDL1.0,,
9595c3ec80a73d37,JP,labor,労務単価,運転手（一般）,所定労働時間内8時間あたり,人日,pref,21,岐阜県,,,,26500,JPY,labor_wage_8h,published_pdl,39100,公共工事設計労務単価＋必要経費(法定福利費(事業主負担分)、労務管理費、宿舎費等)の参考値,2026-03,2026-03-01,mlit-roumu-r8,参1-参3,https://www.mlit.go.jp/report/press/content/001981942.pdf,PDL1.0,,
4305fc52f951c3df,JP,labor,労務単価,潜かん工,所定労働時間内8時間あたり,人日,pref,21,岐阜県,,,,38500,JPY,labor_wage_8h,published_pdl,56900,公共工事設計労務単価＋必要経費(法定福利費(事業主負担分)、労務管理費、宿舎費等)の参考値,2026-03,2026-03-01,mlit-roumu-r8,参1-参3,https://www.mlit.go.jp/report/press/content/001981942.pdf,PDL1.0,,
904b6e4877c638a7,JP,labor,労務単価,潜かん世話役,所定労働時間内8時間あたり,人日,pref,21,岐阜県,,,,47400,JPY,labor_wage_8h,published_pdl,70000,公共工事設計労務単価＋必要経費(法定福利費(事業主負担分)、労務管理費、宿舎費等)の参考値,2026-03,2026-03-01,mlit-roumu-r8,参1-参3,https://www.mlit.go.jp/report/press/content/001981942.pdf,PDL1.0,,
19ebf7701c8639cf,JP,labor,労務単価,さく岩工,所定労働時間内8時間あたり,人日,pref,21,岐阜県,,,,39800,JPY,labor_wage_8h,published_pdl,58800,公共工事設計労務単価＋必要経費(法定福利費(事業主負担分)、労務管理費、宿舎費等)の参考値,2026-03,2026-03-01,mlit-roumu-r8,参1-参3,https://www.mlit.go.jp/report/press/content/001981942.pdf,PDL1.0,,
05205cd2c3aade8c,JP,labor,労務単価,トンネル特殊工,所定労働時間内8時間あたり,人日,pref,21,岐阜県,,,,48100,JPY,labor_wage_8h,published_pdl,71000,公共工事設計労務単価＋必要経費(法定福利費(事業主負担分)、労務管理費、宿舎費等)の参考値,2026-03,2026-03-01,mlit-roumu-r8,参1-参3,https://www.mlit.go.jp/report/press/content/001981942.pdf,PDL1.0,,
679daa4207101387,JP,labor,労務単価,トンネル作業員,所定労働時間内8時間あたり,人日,pref,21,岐阜県,,,,35500,JPY,labor_wage_8h,published_pdl,52400,公共工事設計労務単価＋必要経費(法定福利費(事業主負担分)、労務管理費、宿舎費等)の参考値,2026-03,2026-03-01,mlit-roumu-r8,参1-参3,https://www.mlit.go.jp/report/press/content/001981942.pdf,PDL1.0,,
0d4c0021a61257a7,JP,labor,労務単価,トンネル世話役,所定労働時間内8時間あたり,人日,pref,21,岐阜県,,,,48000,JPY,labor_wage_8h,published_pdl,70900,公共工事設計労務単価＋必要経費(法定福利費(事業主負担分)、労務管理費、宿舎費等)の参考値,2026-03,2026-03-01,mlit-roumu-r8,参1-参3,https://www.mlit.go.jp/report/press/content/001981942.pdf,PDL1.0,,
0beba691e3454e47,JP,labor,労務単価,橋りょう特殊工,所定労働時間内8時間あたり,人日,pref,21,岐阜県,,,,36800,JPY,labor_wage_8h,published_pdl,54400,公共工事設計労務単価＋必要経費(法定福利費(事業主負担分)、労務管理費、宿舎費等)の参考値,2026-03,2026-03-01,mlit-roumu-r8,参1-参3,https://www.mlit.go.jp/report/press/content/001981942.pdf,PDL1.0,,
d0fc9ebd304467ca,JP,labor,労務単価,橋りょう塗装工,所定労働時間内8時間あたり,人日,pref,21,岐阜県,,,,41000,JPY,labor_wage_8h,published_pdl,60600,公共工事設計労務単価＋必要経費(法定福利費(事業主負担分)、労務管理費、宿舎費等)の参考値,2026-03,2026-03-01,mlit-roumu-r8,参1-参3,https://www.mlit.go.jp/report/press/content/001981942.pdf,PDL1.0,,
ac5a5b86274b4aff,JP,labor,労務単価,橋りょう世話役,所定労働時間内8時間あたり,人日,pref,21,岐阜県,,,,43600,JPY,labor_wage_8h,published_pdl,64400,公共工事設計労務単価＋必要経費(法定福利費(事業主負担分)、労務管理費、宿舎費等)の参考値,2026-03,2026-03-01,mlit-roumu-r8,参1-参3,https://www.mlit.go.jp/report/press/content/001981942.pdf,PDL1.0,,
f64ad81150666406,JP,labor,労務単価,土木一般世話役,所定労働時間内8時間あたり,人日,pref,21,岐阜県,,,,31500,JPY,labor_wage_8h,published_pdl,46500,公共工事設計労務単価＋必要経費(法定福利費(事業主負担分)、労務管理費、宿舎費等)の参考値,2026-03,2026-03-01,mlit-roumu-r8,参1-参3,https://www.mlit.go.jp/report/press/content/001981942.pdf,PDL1.0,,
08c346d41df235a7,JP,labor,労務単価,高級船員,所定労働時間内8時間あたり,人日,pref,21,岐阜県,,,,37800,JPY,labor_wage_8h,published_pdl,55800,公共工事設計労務単価＋必要経費(法定福利費(事業主負担分)、労務管理費、宿舎費等)の参考値,2026-03,2026-03-01,mlit-roumu-r8,参1-参3,https://www.mlit.go.jp/report/press/content/001981942.pdf,PDL1.0,,
84a8347db9a10a36,JP,labor,労務単価,普通船員,所定労働時間内8時間あたり,人日,pref,21,岐阜県,,,,29700,JPY,labor_wage_8h,published_pdl,43900,公共工事設計労務単価＋必要経費(法定福利費(事業主負担分)、労務管理費、宿舎費等)の参考値,2026-03,2026-03-01,mlit-roumu-r8,参1-参3,https://www.mlit.go.jp/report/press/content/001981942.pdf,PDL1.0,,
0b7034883fe70ef2,JP,labor,労務単価,潜水士,所定労働時間内8時間あたり,人日,pref,21,岐阜県,,,,48700,JPY,labor_wage_8h,published_pdl,71900,公共工事設計労務単価＋必要経費(法定福利費(事業主負担分)、労務管理費、宿舎費等)の参考値,2026-03,2026-03-01,mlit-roumu-r8,参1-参3,https://www.mlit.go.jp/report/press/content/001981942.pdf,PDL1.0,,
d3da0e6e65d0763c,JP,labor,労務単価,潜水連絡員,所定労働時間内8時間あたり,人日,pref,21,岐阜県,,,,31700,JPY,labor_wage_8h,published_pdl,46800,公共工事設計労務単価＋必要経費(法定福利費(事業主負担分)、労務管理費、宿舎費等)の参考値,2026-03,2026-03-01,mlit-roumu-r8,参1-参3,https://www.mlit.go.jp/report/press/content/001981942.pdf,PDL1.0,,
db3a722c374ae4af,JP,labor,労務単価,潜水送気員,所定労働時間内8時間あたり,人日,pref,21,岐阜県,,,,29900,JPY,labor_wage_8h,published_pdl,44200,公共工事設計労務単価＋必要経費(法定福利費(事業主負担分)、労務管理費、宿舎費等)の参考値,2026-03,2026-03-01,mlit-roumu-r8,参1-参3,https://www.mlit.go.jp/report/press/content/001981942.pdf,PDL1.0,,
6400350b40f4928e,JP,labor,労務単価,山林砂防工,所定労働時間内8時間あたり,人日,pref,21,岐阜県,,,,37400,JPY,labor_wage_8h,published_pdl,55200,公共工事設計労務単価＋必要経費(法定福利費(事業主負担分)、労務管理費、宿舎費等)の参考値,2026-03,2026-03-01,mlit-roumu-r8,参1-参3,https://www.mlit.go.jp/report/press/content/001981942.pdf,PDL1.0,,
495d66b63733fbd9,JP,labor,労務単価,軌道工,所定労働時間内8時間あたり,人日,pref,21,岐阜県,,,,51200,JPY,labor_wage_8h,published_pdl,75600,公共工事設計労務単価＋必要経費(法定福利費(事業主負担分)、労務管理費、宿舎費等)の参考値,2026-03,2026-03-01,mlit-roumu-r8,参1-参3,https://www.mlit.go.jp/report/press/content/001981942.pdf,PDL1.0,,
c13b6a9f58b08850,JP,labor,労務単価,型わく工,所定労働時間内8時間あたり,人日,pref,21,岐阜県,,,,34200,JPY,labor_wage_8h,published_pdl,50500,公共工事設計労務単価＋必要経費(法定福利費(事業主負担分)、労務管理費、宿舎費等)の参考値,2026-03,2026-03-01,mlit-roumu-r8,参1-参3,https://www.mlit.go.jp/report/press/content/001981942.pdf,PDL1.0,,
bbe8f1341b776c89,JP,labor,労務単価,大工,所定労働時間内8時間あたり,人日,pref,21,岐阜県,,,,33800,JPY,labor_wage_8h,published_pdl,49900,公共工事設計労務単価＋必要経費(法定福利費(事業主負担分)、労務管理費、宿舎費等)の参考値,2026-03,2026-03-01,mlit-roumu-r8,参1-参3,https://www.mlit.go.jp/report/press/content/001981942.pdf,PDL1.0,,
55c5db7a6d0ef7c9,JP,labor,労務単価,左官,所定労働時間内8時間あたり,人日,pref,21,岐阜県,,,,30500,JPY,labor_wage_8h,published_pdl,45000,公共工事設計労務単価＋必要経費(法定福利費(事業主負担分)、労務管理費、宿舎費等)の参考値,2026-03,2026-03-01,mlit-roumu-r8,参1-参3,https://www.mlit.go.jp/report/press/content/001981942.pdf,PDL1.0,,
c471d22b488cc310,JP,labor,労務単価,配管工,所定労働時間内8時間あたり,人日,pref,21,岐阜県,,,,27500,JPY,labor_wage_8h,published_pdl,40600,公共工事設計労務単価＋必要経費(法定福利費(事業主負担分)、労務管理費、宿舎費等)の参考値,2026-03,2026-03-01,mlit-roumu-r8,参1-参3,https://www.mlit.go.jp/report/press/content/001981942.pdf,PDL1.0,,
70e15e18bdffc5c8,JP,labor,労務単価,はつり工,所定労働時間内8時間あたり,人日,pref,21,岐阜県,,,,31000,JPY,labor_wage_8h,published_pdl,45800,公共工事設計労務単価＋必要経費(法定福利費(事業主負担分)、労務管理費、宿舎費等)の参考値,2026-03,2026-03-01,mlit-roumu-r8,参1-参3,https://www.mlit.go.jp/report/press/content/001981942.pdf,PDL1.0,,
d077bbf288337fcc,JP,labor,労務単価,防水工,所定労働時間内8時間あたり,人日,pref,21,岐阜県,,,,29500,JPY,labor_wage_8h,published_pdl,43600,公共工事設計労務単価＋必要経費(法定福利費(事業主負担分)、労務管理費、宿舎費等)の参考値,2026-03,2026-03-01,mlit-roumu-r8,参1-参3,https://www.mlit.go.jp/report/press/content/001981942.pdf,PDL1.0,,
004521c4f32cf70c,JP,labor,労務単価,板金工,所定労働時間内8時間あたり,人日,pref,21,岐阜県,,,,32900,JPY,labor_wage_8h,published_pdl,48600,公共工事設計労務単価＋必要経費(法定福利費(事業主負担分)、労務管理費、宿舎費等)の参考値,2026-03,2026-03-01,mlit-roumu-r8,参1-参3,https://www.mlit.go.jp/report/press/content/001981942.pdf,PDL1.0,,
37532d258168372b,JP,labor,労務単価,タイル工,所定労働時間内8時間あたり,人日,pref,21,岐阜県,,,,,JPY,labor_wage_8h,not_set,,,2026-03,2026-03-01,mlit-roumu-r8,参1-参3,https://www.mlit.go.jp/report/press/content/001981942.pdf,PDL1.0,,原本の表で『-』(この都道府県ではこの職種の単価を設定していない)
412319f6c608f9e8,JP,labor,労務単価,サッシ工,所定労働時間内8時間あたり,人日,pref,21,岐阜県,,,,34100,JPY,labor_wage_8h,published_pdl,50400,公共工事設計労務単価＋必要経費(法定福利費(事業主負担分)、労務管理費、宿舎費等)の参考値,2026-03,2026-03-01,mlit-roumu-r8,参1-参3,https://www.mlit.go.jp/report/press/content/001981942.pdf,PDL1.0,,
1a76cf4c25d4d354,JP,labor,労務単価,屋根ふき工,所定労働時間内8時間あたり,人日,pref,21,岐阜県,,,,,JPY,labor_wage_8h,not_set,,,2026-03,2026-03-01,mlit-roumu-r8,参1-参3,https://www.mlit.go.jp/report/press/content/001981942.pdf,PDL1.0,,原本の表で『-』(この都道府県ではこの職種の単価を設定していない)
86239e9c42bee445,JP,labor,労務単価,内装工,所定労働時間内8時間あたり,人日,pref,21,岐阜県,,,,32400,JPY,labor_wage_8h,published_pdl,47900,公共工事設計労務単価＋必要経費(法定福利費(事業主負担分)、労務管理費、宿舎費等)の参考値,2026-03,2026-03-01,mlit-roumu-r8,参1-参3,https://www.mlit.go.jp/report/press/content/001981942.pdf,PDL1.0,,
71cf5f367ebc6a1e,JP,labor,労務単価,ガラス工,所定労働時間内8時間あたり,人日,pref,21,岐阜県,,,,31400,JPY,labor_wage_8h,published_pdl,46400,公共工事設計労務単価＋必要経費(法定福利費(事業主負担分)、労務管理費、宿舎費等)の参考値,2026-03,2026-03-01,mlit-roumu-r8,参1-参3,https://www.mlit.go.jp/report/press/content/001981942.pdf,PDL1.0,,
2fed3068fea8a177,JP,labor,労務単価,建具工,所定労働時間内8時間あたり,人日,pref,21,岐阜県,,,,,JPY,labor_wage_8h,not_set,,,2026-03,2026-03-01,mlit-roumu-r8,参1-参3,https://www.mlit.go.jp/report/press/content/001981942.pdf,PDL1.0,,原本の表で『-』(この都道府県ではこの職種の単価を設定していない)
cdb95145b21bd3da,JP,labor,労務単価,ダクト工,所定労働時間内8時間あたり,人日,pref,21,岐阜県,,,,27600,JPY,labor_wage_8h,published_pdl,40800,公共工事設計労務単価＋必要経費(法定福利費(事業主負担分)、労務管理費、宿舎費等)の参考値,2026-03,2026-03-01,mlit-roumu-r8,参1-参3,https://www.mlit.go.jp/report/press/content/001981942.pdf,PDL1.0,,
8a89739d235f50ed,JP,labor,労務単価,保温工,所定労働時間内8時間あたり,人日,pref,21,岐阜県,,,,32100,JPY,labor_wage_8h,published_pdl,47400,公共工事設計労務単価＋必要経費(法定福利費(事業主負担分)、労務管理費、宿舎費等)の参考値,2026-03,2026-03-01,mlit-roumu-r8,参1-参3,https://www.mlit.go.jp/report/press/content/001981942.pdf,PDL1.0,,
89f74e1b85bf9169,JP,labor,労務単価,設備機械工,所定労働時間内8時間あたり,人日,pref,21,岐阜県,,,,32100,JPY,labor_wage_8h,published_pdl,47400,公共工事設計労務単価＋必要経費(法定福利費(事業主負担分)、労務管理費、宿舎費等)の参考値,2026-03,2026-03-01,mlit-roumu-r8,参1-参3,https://www.mlit.go.jp/report/press/content/001981942.pdf,PDL1.0,,
72700e389ea95753,JP,labor,労務単価,交通誘導警備員Ａ,所定労働時間内8時間あたり,人日,pref,21,岐阜県,,,,21100,JPY,labor_wage_8h,published_pdl,31200,公共工事設計労務単価＋必要経費(法定福利費(事業主負担分)、労務管理費、宿舎費等)の参考値,2026-03,2026-03-01,mlit-roumu-r8,参1-参3,https://www.mlit.go.jp/report/press/content/001981942.pdf,PDL1.0,,
0916750e357915e7,JP,labor,労務単価,交通誘導警備員Ｂ,所定労働時間内8時間あたり,人日,pref,21,岐阜県,,,,17600,JPY,labor_wage_8h,published_pdl,26000,公共工事設計労務単価＋必要経費(法定福利費(事業主負担分)、労務管理費、宿舎費等)の参考値,2026-03,2026-03-01,mlit-roumu-r8,参1-参3,https://www.mlit.go.jp/report/press/content/001981942.pdf,PDL1.0,,
baf2e3c71d788985,JP,labor,労務単価,特殊作業員,所定労働時間内8時間あたり,人日,pref,22,静岡県,,,,28400,JPY,labor_wage_8h,published_pdl,41900,公共工事設計労務単価＋必要経費(法定福利費(事業主負担分)、労務管理費、宿舎費等)の参考値,2026-03,2026-03-01,mlit-roumu-r8,参1-参3,https://www.mlit.go.jp/report/press/content/001981942.pdf,PDL1.0,,
b197f86ed657100e,JP,labor,労務単価,普通作業員,所定労働時間内8時間あたり,人日,pref,22,静岡県,,,,26600,JPY,labor_wage_8h,published_pdl,39300,公共工事設計労務単価＋必要経費(法定福利費(事業主負担分)、労務管理費、宿舎費等)の参考値,2026-03,2026-03-01,mlit-roumu-r8,参1-参3,https://www.mlit.go.jp/report/press/content/001981942.pdf,PDL1.0,,
aca574ecb8f78826,JP,labor,労務単価,軽作業員,所定労働時間内8時間あたり,人日,pref,22,静岡県,,,,17200,JPY,labor_wage_8h,published_pdl,25400,公共工事設計労務単価＋必要経費(法定福利費(事業主負担分)、労務管理費、宿舎費等)の参考値,2026-03,2026-03-01,mlit-roumu-r8,参1-参3,https://www.mlit.go.jp/report/press/content/001981942.pdf,PDL1.0,,
f82728dfc3363500,JP,labor,労務単価,造園工,所定労働時間内8時間あたり,人日,pref,22,静岡県,,,,25800,JPY,labor_wage_8h,published_pdl,38100,公共工事設計労務単価＋必要経費(法定福利費(事業主負担分)、労務管理費、宿舎費等)の参考値,2026-03,2026-03-01,mlit-roumu-r8,参1-参3,https://www.mlit.go.jp/report/press/content/001981942.pdf,PDL1.0,,
e3e26d93f0c84942,JP,labor,労務単価,法面工,所定労働時間内8時間あたり,人日,pref,22,静岡県,,,,33000,JPY,labor_wage_8h,published_pdl,48700,公共工事設計労務単価＋必要経費(法定福利費(事業主負担分)、労務管理費、宿舎費等)の参考値,2026-03,2026-03-01,mlit-roumu-r8,参1-参3,https://www.mlit.go.jp/report/press/content/001981942.pdf,PDL1.0,,
743e7473a3e30e2c,JP,labor,労務単価,とび工,所定労働時間内8時間あたり,人日,pref,22,静岡県,,,,30500,JPY,labor_wage_8h,published_pdl,45000,公共工事設計労務単価＋必要経費(法定福利費(事業主負担分)、労務管理費、宿舎費等)の参考値,2026-03,2026-03-01,mlit-roumu-r8,参1-参3,https://www.mlit.go.jp/report/press/content/001981942.pdf,PDL1.0,,
a6b3dc330951a228,JP,labor,労務単価,石工,所定労働時間内8時間あたり,人日,pref,22,静岡県,,,,,JPY,labor_wage_8h,not_set,,,2026-03,2026-03-01,mlit-roumu-r8,参1-参3,https://www.mlit.go.jp/report/press/content/001981942.pdf,PDL1.0,,原本の表で『-』(この都道府県ではこの職種の単価を設定していない)
d97820e478f0b2d8,JP,labor,労務単価,ブロック工,所定労働時間内8時間あたり,人日,pref,22,静岡県,,,,37300,JPY,labor_wage_8h,published_pdl,55100,公共工事設計労務単価＋必要経費(法定福利費(事業主負担分)、労務管理費、宿舎費等)の参考値,2026-03,2026-03-01,mlit-roumu-r8,参1-参3,https://www.mlit.go.jp/report/press/content/001981942.pdf,PDL1.0,,
df537c1ba143ad7f,JP,labor,労務単価,電工,所定労働時間内8時間あたり,人日,pref,22,静岡県,,,,29700,JPY,labor_wage_8h,published_pdl,43900,公共工事設計労務単価＋必要経費(法定福利費(事業主負担分)、労務管理費、宿舎費等)の参考値,2026-03,2026-03-01,mlit-roumu-r8,参1-参3,https://www.mlit.go.jp/report/press/content/001981942.pdf,PDL1.0,,
07f2ee88372dd263,JP,labor,労務単価,鉄筋工,所定労働時間内8時間あたり,人日,pref,22,静岡県,,,,31800,JPY,labor_wage_8h,published_pdl,47000,公共工事設計労務単価＋必要経費(法定福利費(事業主負担分)、労務管理費、宿舎費等)の参考値,2026-03,2026-03-01,mlit-roumu-r8,参1-参3,https://www.mlit.go.jp/report/press/content/001981942.pdf,PDL1.0,,
9268dca99e2d65b6,JP,labor,労務単価,鉄骨工,所定労働時間内8時間あたり,人日,pref,22,静岡県,,,,32800,JPY,labor_wage_8h,published_pdl,48400,公共工事設計労務単価＋必要経費(法定福利費(事業主負担分)、労務管理費、宿舎費等)の参考値,2026-03,2026-03-01,mlit-roumu-r8,参1-参3,https://www.mlit.go.jp/report/press/content/001981942.pdf,PDL1.0,,
336cbf55b634ef5a,JP,labor,労務単価,塗装工,所定労働時間内8時間あたり,人日,pref,22,静岡県,,,,34200,JPY,labor_wage_8h,published_pdl,50500,公共工事設計労務単価＋必要経費(法定福利費(事業主負担分)、労務管理費、宿舎費等)の参考値,2026-03,2026-03-01,mlit-roumu-r8,参1-参3,https://www.mlit.go.jp/report/press/content/001981942.pdf,PDL1.0,,
ee08e97b347bef66,JP,labor,労務単価,溶接工,所定労働時間内8時間あたり,人日,pref,22,静岡県,,,,35800,JPY,labor_wage_8h,published_pdl,52900,公共工事設計労務単価＋必要経費(法定福利費(事業主負担分)、労務管理費、宿舎費等)の参考値,2026-03,2026-03-01,mlit-roumu-r8,参1-参3,https://www.mlit.go.jp/report/press/content/001981942.pdf,PDL1.0,,
b0ef5abe493964a2,JP,labor,労務単価,運転手（特殊）,所定労働時間内8時間あたり,人日,pref,22,静岡県,,,,30300,JPY,labor_wage_8h,published_pdl,44800,公共工事設計労務単価＋必要経費(法定福利費(事業主負担分)、労務管理費、宿舎費等)の参考値,2026-03,2026-03-01,mlit-roumu-r8,参1-参3,https://www.mlit.go.jp/report/press/content/001981942.pdf,PDL1.0,,
05dca47b4673f471,JP,labor,労務単価,運転手（一般）,所定労働時間内8時間あたり,人日,pref,22,静岡県,,,,26800,JPY,labor_wage_8h,published_pdl,39600,公共工事設計労務単価＋必要経費(法定福利費(事業主負担分)、労務管理費、宿舎費等)の参考値,2026-03,2026-03-01,mlit-roumu-r8,参1-参3,https://www.mlit.go.jp/report/press/content/001981942.pdf,PDL1.0,,
4cc6cd552b55b16d,JP,labor,労務単価,潜かん工,所定労働時間内8時間あたり,人日,pref,22,静岡県,,,,38300,JPY,labor_wage_8h,published_pdl,56600,公共工事設計労務単価＋必要経費(法定福利費(事業主負担分)、労務管理費、宿舎費等)の参考値,2026-03,2026-03-01,mlit-roumu-r8,参1-参3,https://www.mlit.go.jp/report/press/content/001981942.pdf,PDL1.0,,
989e5d9c095de042,JP,labor,労務単価,潜かん世話役,所定労働時間内8時間あたり,人日,pref,22,静岡県,,,,47400,JPY,labor_wage_8h,published_pdl,70000,公共工事設計労務単価＋必要経費(法定福利費(事業主負担分)、労務管理費、宿舎費等)の参考値,2026-03,2026-03-01,mlit-roumu-r8,参1-参3,https://www.mlit.go.jp/report/press/content/001981942.pdf,PDL1.0,,
476ad88986240fbf,JP,labor,労務単価,さく岩工,所定労働時間内8時間あたり,人日,pref,22,静岡県,,,,39800,JPY,labor_wage_8h,published_pdl,58800,公共工事設計労務単価＋必要経費(法定福利費(事業主負担分)、労務管理費、宿舎費等)の参考値,2026-03,2026-03-01,mlit-roumu-r8,参1-参3,https://www.mlit.go.jp/report/press/content/001981942.pdf,PDL1.0,,
2c2c7549f3fe97b3,JP,labor,労務単価,トンネル特殊工,所定労働時間内8時間あたり,人日,pref,22,静岡県,,,,47600,JPY,labor_wage_8h,published_pdl,70300,公共工事設計労務単価＋必要経費(法定福利費(事業主負担分)、労務管理費、宿舎費等)の参考値,2026-03,2026-03-01,mlit-roumu-r8,参1-参3,https://www.mlit.go.jp/report/press/content/001981942.pdf,PDL1.0,,
4d5d6e14bb7e1195,JP,labor,労務単価,トンネル作業員,所定労働時間内8時間あたり,人日,pref,22,静岡県,,,,35200,JPY,labor_wage_8h,published_pdl,52000,公共工事設計労務単価＋必要経費(法定福利費(事業主負担分)、労務管理費、宿舎費等)の参考値,2026-03,2026-03-01,mlit-roumu-r8,参1-参3,https://www.mlit.go.jp/report/press/content/001981942.pdf,PDL1.0,,
482a16d84931bbe7,JP,labor,労務単価,トンネル世話役,所定労働時間内8時間あたり,人日,pref,22,静岡県,,,,47700,JPY,labor_wage_8h,published_pdl,70500,公共工事設計労務単価＋必要経費(法定福利費(事業主負担分)、労務管理費、宿舎費等)の参考値,2026-03,2026-03-01,mlit-roumu-r8,参1-参3,https://www.mlit.go.jp/report/press/content/001981942.pdf,PDL1.0,,
421bfe22d43b119e,JP,labor,労務単価,橋りょう特殊工,所定労働時間内8時間あたり,人日,pref,22,静岡県,,,,37700,JPY,labor_wage_8h,published_pdl,55700,公共工事設計労務単価＋必要経費(法定福利費(事業主負担分)、労務管理費、宿舎費等)の参考値,2026-03,2026-03-01,mlit-roumu-r8,参1-参3,https://www.mlit.go.jp/report/press/content/001981942.pdf,PDL1.0,,
bd39d6bba68933af,JP,labor,労務単価,橋りょう塗装工,所定労働時間内8時間あたり,人日,pref,22,静岡県,,,,41000,JPY,labor_wage_8h,published_pdl,60600,公共工事設計労務単価＋必要経費(法定福利費(事業主負担分)、労務管理費、宿舎費等)の参考値,2026-03,2026-03-01,mlit-roumu-r8,参1-参3,https://www.mlit.go.jp/report/press/content/001981942.pdf,PDL1.0,,
3b42bd831a0db95c,JP,labor,労務単価,橋りょう世話役,所定労働時間内8時間あたり,人日,pref,22,静岡県,,,,43700,JPY,labor_wage_8h,published_pdl,64500,公共工事設計労務単価＋必要経費(法定福利費(事業主負担分)、労務管理費、宿舎費等)の参考値,2026-03,2026-03-01,mlit-roumu-r8,参1-参3,https://www.mlit.go.jp/report/press/content/001981942.pdf,PDL1.0,,
8d2010a3363413ba,JP,labor,労務単価,土木一般世話役,所定労働時間内8時間あたり,人日,pref,22,静岡県,,,,31600,JPY,labor_wage_8h,published_pdl,46700,公共工事設計労務単価＋必要経費(法定福利費(事業主負担分)、労務管理費、宿舎費等)の参考値,2026-03,2026-03-01,mlit-roumu-r8,参1-参3,https://www.mlit.go.jp/report/press/content/001981942.pdf,PDL1.0,,
3fbe61f93732a928,JP,labor,労務単価,高級船員,所定労働時間内8時間あたり,人日,pref,22,静岡県,,,,37400,JPY,labor_wage_8h,published_pdl,55200,公共工事設計労務単価＋必要経費(法定福利費(事業主負担分)、労務管理費、宿舎費等)の参考値,2026-03,2026-03-01,mlit-roumu-r8,参1-参3,https://www.mlit.go.jp/report/press/content/001981942.pdf,PDL1.0,,
a768ac3505b652e6,JP,labor,労務単価,普通船員,所定労働時間内8時間あたり,人日,pref,22,静岡県,,,,29600,JPY,labor_wage_8h,published_pdl,43700,公共工事設計労務単価＋必要経費(法定福利費(事業主負担分)、労務管理費、宿舎費等)の参考値,2026-03,2026-03-01,mlit-roumu-r8,参1-参3,https://www.mlit.go.jp/report/press/content/001981942.pdf,PDL1.0,,
988a675dfbf604ed,JP,labor,労務単価,潜水士,所定労働時間内8時間あたり,人日,pref,22,静岡県,,,,55500,JPY,labor_wage_8h,published_pdl,82000,公共工事設計労務単価＋必要経費(法定福利費(事業主負担分)、労務管理費、宿舎費等)の参考値,2026-03,2026-03-01,mlit-roumu-r8,参1-参3,https://www.mlit.go.jp/report/press/content/001981942.pdf,PDL1.0,,
df1dcfdfc576dbef,JP,labor,労務単価,潜水連絡員,所定労働時間内8時間あたり,人日,pref,22,静岡県,,,,34400,JPY,labor_wage_8h,published_pdl,50800,公共工事設計労務単価＋必要経費(法定福利費(事業主負担分)、労務管理費、宿舎費等)の参考値,2026-03,2026-03-01,mlit-roumu-r8,参1-参3,https://www.mlit.go.jp/report/press/content/001981942.pdf,PDL1.0,,
d0277f5a5d404997,JP,labor,労務単価,潜水送気員,所定労働時間内8時間あたり,人日,pref,22,静岡県,,,,33700,JPY,labor_wage_8h,published_pdl,49800,公共工事設計労務単価＋必要経費(法定福利費(事業主負担分)、労務管理費、宿舎費等)の参考値,2026-03,2026-03-01,mlit-roumu-r8,参1-参3,https://www.mlit.go.jp/report/press/content/001981942.pdf,PDL1.0,,
63f4d230835d8eef,JP,labor,労務単価,山林砂防工,所定労働時間内8時間あたり,人日,pref,22,静岡県,,,,37000,JPY,labor_wage_8h,published_pdl,54600,公共工事設計労務単価＋必要経費(法定福利費(事業主負担分)、労務管理費、宿舎費等)の参考値,2026-03,2026-03-01,mlit-roumu-r8,参1-参3,https://www.mlit.go.jp/report/press/content/001981942.pdf,PDL1.0,,
e9700321b84967ce,JP,labor,労務単価,軌道工,所定労働時間内8時間あたり,人日,pref,22,静岡県,,,,54600,JPY,labor_wage_8h,published_pdl,80600,公共工事設計労務単価＋必要経費(法定福利費(事業主負担分)、労務管理費、宿舎費等)の参考値,2026-03,2026-03-01,mlit-roumu-r8,参1-参3,https://www.mlit.go.jp/report/press/content/001981942.pdf,PDL1.0,,
440d585c069ec091,JP,labor,労務単価,型わく工,所定労働時間内8時間あたり,人日,pref,22,静岡県,,,,32100,JPY,labor_wage_8h,published_pdl,47400,公共工事設計労務単価＋必要経費(法定福利費(事業主負担分)、労務管理費、宿舎費等)の参考値,2026-03,2026-03-01,mlit-roumu-r8,参1-参3,https://www.mlit.go.jp/report/press/content/001981942.pdf,PDL1.0,,
21f072a513059f63,JP,labor,労務単価,大工,所定労働時間内8時間あたり,人日,pref,22,静岡県,,,,33600,JPY,labor_wage_8h,published_pdl,49600,公共工事設計労務単価＋必要経費(法定福利費(事業主負担分)、労務管理費、宿舎費等)の参考値,2026-03,2026-03-01,mlit-roumu-r8,参1-参3,https://www.mlit.go.jp/report/press/content/001981942.pdf,PDL1.0,,
749df338d6ebda25,JP,labor,労務単価,左官,所定労働時間内8時間あたり,人日,pref,22,静岡県,,,,32100,JPY,labor_wage_8h,published_pdl,47400,公共工事設計労務単価＋必要経費(法定福利費(事業主負担分)、労務管理費、宿舎費等)の参考値,2026-03,2026-03-01,mlit-roumu-r8,参1-参3,https://www.mlit.go.jp/report/press/content/001981942.pdf,PDL1.0,,
0a3d98df65e54a3f,JP,labor,労務単価,配管工,所定労働時間内8時間あたり,人日,pref,22,静岡県,,,,27500,JPY,labor_wage_8h,published_pdl,40600,公共工事設計労務単価＋必要経費(法定福利費(事業主負担分)、労務管理費、宿舎費等)の参考値,2026-03,2026-03-01,mlit-roumu-r8,参1-参3,https://www.mlit.go.jp/report/press/content/001981942.pdf,PDL1.0,,
405e882eca32162c,JP,labor,労務単価,はつり工,所定労働時間内8時間あたり,人日,pref,22,静岡県,,,,31000,JPY,labor_wage_8h,published_pdl,45800,公共工事設計労務単価＋必要経費(法定福利費(事業主負担分)、労務管理費、宿舎費等)の参考値,2026-03,2026-03-01,mlit-roumu-r8,参1-参3,https://www.mlit.go.jp/report/press/content/001981942.pdf,PDL1.0,,
661029d0221b6aaa,JP,labor,労務単価,防水工,所定労働時間内8時間あたり,人日,pref,22,静岡県,,,,32300,JPY,labor_wage_8h,published_pdl,47700,公共工事設計労務単価＋必要経費(法定福利費(事業主負担分)、労務管理費、宿舎費等)の参考値,2026-03,2026-03-01,mlit-roumu-r8,参1-参3,https://www.mlit.go.jp/report/press/content/001981942.pdf,PDL1.0,,
401493f2df04cb8f,JP,labor,労務単価,板金工,所定労働時間内8時間あたり,人日,pref,22,静岡県,,,,34200,JPY,labor_wage_8h,published_pdl,50500,公共工事設計労務単価＋必要経費(法定福利費(事業主負担分)、労務管理費、宿舎費等)の参考値,2026-03,2026-03-01,mlit-roumu-r8,参1-参3,https://www.mlit.go.jp/report/press/content/001981942.pdf,PDL1.0,,
112bf5e3e55b0dbb,JP,labor,労務単価,タイル工,所定労働時間内8時間あたり,人日,pref,22,静岡県,,,,,JPY,labor_wage_8h,not_set,,,2026-03,2026-03-01,mlit-roumu-r8,参1-参3,https://www.mlit.go.jp/report/press/content/001981942.pdf,PDL1.0,,原本の表で『-』(この都道府県ではこの職種の単価を設定していない)
a9b49beed7e90fcc,JP,labor,労務単価,サッシ工,所定労働時間内8時間あたり,人日,pref,22,静岡県,,,,33500,JPY,labor_wage_8h,published_pdl,49500,公共工事設計労務単価＋必要経費(法定福利費(事業主負担分)、労務管理費、宿舎費等)の参考値,2026-03,2026-03-01,mlit-roumu-r8,参1-参3,https://www.mlit.go.jp/report/press/content/001981942.pdf,PDL1.0,,
8cfeac5792a133f0,JP,labor,労務単価,屋根ふき工,所定労働時間内8時間あたり,人日,pref,22,静岡県,,,,,JPY,labor_wage_8h,not_set,,,2026-03,2026-03-01,mlit-roumu-r8,参1-参3,https://www.mlit.go.jp/report/press/content/001981942.pdf,PDL1.0,,原本の表で『-』(この都道府県ではこの職種の単価を設定していない)
7ef62b36da20b56c,JP,labor,労務単価,内装工,所定労働時間内8時間あたり,人日,pref,22,静岡県,,,,40400,JPY,labor_wage_8h,published_pdl,59700,公共工事設計労務単価＋必要経費(法定福利費(事業主負担分)、労務管理費、宿舎費等)の参考値,2026-03,2026-03-01,mlit-roumu-r8,参1-参3,https://www.mlit.go.jp/report/press/content/001981942.pdf,PDL1.0,,
e450b010dc6258f9,JP,labor,労務単価,ガラス工,所定労働時間内8時間あたり,人日,pref,22,静岡県,,,,31300,JPY,labor_wage_8h,published_pdl,46200,公共工事設計労務単価＋必要経費(法定福利費(事業主負担分)、労務管理費、宿舎費等)の参考値,2026-03,2026-03-01,mlit-roumu-r8,参1-参3,https://www.mlit.go.jp/report/press/content/001981942.pdf,PDL1.0,,
26ea008b547efa57,JP,labor,労務単価,建具工,所定労働時間内8時間あたり,人日,pref,22,静岡県,,,,,JPY,labor_wage_8h,not_set,,,2026-03,2026-03-01,mlit-roumu-r8,参1-参3,https://www.mlit.go.jp/report/press/content/001981942.pdf,PDL1.0,,原本の表で『-』(この都道府県ではこの職種の単価を設定していない)
c58e80f5ed749fd3,JP,labor,労務単価,ダクト工,所定労働時間内8時間あたり,人日,pref,22,静岡県,,,,29300,JPY,labor_wage_8h,published_pdl,43300,公共工事設計労務単価＋必要経費(法定福利費(事業主負担分)、労務管理費、宿舎費等)の参考値,2026-03,2026-03-01,mlit-roumu-r8,参1-参3,https://www.mlit.go.jp/report/press/content/001981942.pdf,PDL1.0,,
896f81c425ebbd28,JP,labor,労務単価,保温工,所定労働時間内8時間あたり,人日,pref,22,静岡県,,,,31800,JPY,labor_wage_8h,published_pdl,47000,公共工事設計労務単価＋必要経費(法定福利費(事業主負担分)、労務管理費、宿舎費等)の参考値,2026-03,2026-03-01,mlit-roumu-r8,参1-参3,https://www.mlit.go.jp/report/press/content/001981942.pdf,PDL1.0,,
d6c7b53d6048c4b3,JP,labor,労務単価,設備機械工,所定労働時間内8時間あたり,人日,pref,22,静岡県,,,,32000,JPY,labor_wage_8h,published_pdl,47300,公共工事設計労務単価＋必要経費(法定福利費(事業主負担分)、労務管理費、宿舎費等)の参考値,2026-03,2026-03-01,mlit-roumu-r8,参1-参3,https://www.mlit.go.jp/report/press/content/001981942.pdf,PDL1.0,,
b7855e403165d32b,JP,labor,労務単価,交通誘導警備員Ａ,所定労働時間内8時間あたり,人日,pref,22,静岡県,,,,21800,JPY,labor_wage_8h,published_pdl,32200,公共工事設計労務単価＋必要経費(法定福利費(事業主負担分)、労務管理費、宿舎費等)の参考値,2026-03,2026-03-01,mlit-roumu-r8,参1-参3,https://www.mlit.go.jp/report/press/content/001981942.pdf,PDL1.0,,
85409333e4c9de3f,JP,labor,労務単価,交通誘導警備員Ｂ,所定労働時間内8時間あたり,人日,pref,22,静岡県,,,,17400,JPY,labor_wage_8h,published_pdl,25700,公共工事設計労務単価＋必要経費(法定福利費(事業主負担分)、労務管理費、宿舎費等)の参考値,2026-03,2026-03-01,mlit-roumu-r8,参1-参3,https://www.mlit.go.jp/report/press/content/001981942.pdf,PDL1.0,,
c3623729241828f8,JP,labor,労務単価,特殊作業員,所定労働時間内8時間あたり,人日,pref,23,愛知県,,,,29800,JPY,labor_wage_8h,published_pdl,44000,公共工事設計労務単価＋必要経費(法定福利費(事業主負担分)、労務管理費、宿舎費等)の参考値,2026-03,2026-03-01,mlit-roumu-r8,参1-参3,https://www.mlit.go.jp/report/press/content/001981942.pdf,PDL1.0,,
45f7bf778831060b,JP,labor,労務単価,普通作業員,所定労働時間内8時間あたり,人日,pref,23,愛知県,,,,25200,JPY,labor_wage_8h,published_pdl,37200,公共工事設計労務単価＋必要経費(法定福利費(事業主負担分)、労務管理費、宿舎費等)の参考値,2026-03,2026-03-01,mlit-roumu-r8,参1-参3,https://www.mlit.go.jp/report/press/content/001981942.pdf,PDL1.0,,
3d71f7019fe6ebde,JP,labor,労務単価,軽作業員,所定労働時間内8時間あたり,人日,pref,23,愛知県,,,,19400,JPY,labor_wage_8h,published_pdl,28700,公共工事設計労務単価＋必要経費(法定福利費(事業主負担分)、労務管理費、宿舎費等)の参考値,2026-03,2026-03-01,mlit-roumu-r8,参1-参3,https://www.mlit.go.jp/report/press/content/001981942.pdf,PDL1.0,,
31615f261f89789e,JP,labor,労務単価,造園工,所定労働時間内8時間あたり,人日,pref,23,愛知県,,,,25900,JPY,labor_wage_8h,published_pdl,38300,公共工事設計労務単価＋必要経費(法定福利費(事業主負担分)、労務管理費、宿舎費等)の参考値,2026-03,2026-03-01,mlit-roumu-r8,参1-参3,https://www.mlit.go.jp/report/press/content/001981942.pdf,PDL1.0,,
03fb2ff2302c0198,JP,labor,労務単価,法面工,所定労働時間内8時間あたり,人日,pref,23,愛知県,,,,34600,JPY,labor_wage_8h,published_pdl,51100,公共工事設計労務単価＋必要経費(法定福利費(事業主負担分)、労務管理費、宿舎費等)の参考値,2026-03,2026-03-01,mlit-roumu-r8,参1-参3,https://www.mlit.go.jp/report/press/content/001981942.pdf,PDL1.0,,
4c9fbab2e952dabc,JP,labor,労務単価,とび工,所定労働時間内8時間あたり,人日,pref,23,愛知県,,,,32400,JPY,labor_wage_8h,published_pdl,47900,公共工事設計労務単価＋必要経費(法定福利費(事業主負担分)、労務管理費、宿舎費等)の参考値,2026-03,2026-03-01,mlit-roumu-r8,参1-参3,https://www.mlit.go.jp/report/press/content/001981942.pdf,PDL1.0,,
4b712ef3806248e0,JP,labor,労務単価,石工,所定労働時間内8時間あたり,人日,pref,23,愛知県,,,,,JPY,labor_wage_8h,not_set,,,2026-03,2026-03-01,mlit-roumu-r8,参1-参3,https://www.mlit.go.jp/report/press/content/001981942.pdf,PDL1.0,,原本の表で『-』(この都道府県ではこの職種の単価を設定していない)
083ef9f5bba68ddd,JP,labor,労務単価,ブロック工,所定労働時間内8時間あたり,人日,pref,23,愛知県,,,,35300,JPY,labor_wage_8h,published_pdl,52100,公共工事設計労務単価＋必要経費(法定福利費(事業主負担分)、労務管理費、宿舎費等)の参考値,2026-03,2026-03-01,mlit-roumu-r8,参1-参3,https://www.mlit.go.jp/report/press/content/001981942.pdf,PDL1.0,,
664bcdc38ec09996,JP,labor,労務単価,電工,所定労働時間内8時間あたり,人日,pref,23,愛知県,,,,28200,JPY,labor_wage_8h,published_pdl,41700,公共工事設計労務単価＋必要経費(法定福利費(事業主負担分)、労務管理費、宿舎費等)の参考値,2026-03,2026-03-01,mlit-roumu-r8,参1-参3,https://www.mlit.go.jp/report/press/content/001981942.pdf,PDL1.0,,
52281b308cef49aa,JP,labor,労務単価,鉄筋工,所定労働時間内8時間あたり,人日,pref,23,愛知県,,,,31000,JPY,labor_wage_8h,published_pdl,45800,公共工事設計労務単価＋必要経費(法定福利費(事業主負担分)、労務管理費、宿舎費等)の参考値,2026-03,2026-03-01,mlit-roumu-r8,参1-参3,https://www.mlit.go.jp/report/press/content/001981942.pdf,PDL1.0,,
7deb5f1961f74667,JP,labor,労務単価,鉄骨工,所定労働時間内8時間あたり,人日,pref,23,愛知県,,,,30600,JPY,labor_wage_8h,published_pdl,45200,公共工事設計労務単価＋必要経費(法定福利費(事業主負担分)、労務管理費、宿舎費等)の参考値,2026-03,2026-03-01,mlit-roumu-r8,参1-参3,https://www.mlit.go.jp/report/press/content/001981942.pdf,PDL1.0,,
45cf91658e26dc62,JP,labor,労務単価,塗装工,所定労働時間内8時間あたり,人日,pref,23,愛知県,,,,33600,JPY,labor_wage_8h,published_pdl,49600,公共工事設計労務単価＋必要経費(法定福利費(事業主負担分)、労務管理費、宿舎費等)の参考値,2026-03,2026-03-01,mlit-roumu-r8,参1-参3,https://www.mlit.go.jp/report/press/content/001981942.pdf,PDL1.0,,
5114f2c63dd6e4ae,JP,labor,労務単価,溶接工,所定労働時間内8時間あたり,人日,pref,23,愛知県,,,,34900,JPY,labor_wage_8h,published_pdl,51500,公共工事設計労務単価＋必要経費(法定福利費(事業主負担分)、労務管理費、宿舎費等)の参考値,2026-03,2026-03-01,mlit-roumu-r8,参1-参3,https://www.mlit.go.jp/report/press/content/001981942.pdf,PDL1.0,,
51bff455ec548625,JP,labor,労務単価,運転手（特殊）,所定労働時間内8時間あたり,人日,pref,23,愛知県,,,,30600,JPY,labor_wage_8h,published_pdl,45200,公共工事設計労務単価＋必要経費(法定福利費(事業主負担分)、労務管理費、宿舎費等)の参考値,2026-03,2026-03-01,mlit-roumu-r8,参1-参3,https://www.mlit.go.jp/report/press/content/001981942.pdf,PDL1.0,,
7811a04f46da2866,JP,labor,労務単価,運転手（一般）,所定労働時間内8時間あたり,人日,pref,23,愛知県,,,,27200,JPY,labor_wage_8h,published_pdl,40200,公共工事設計労務単価＋必要経費(法定福利費(事業主負担分)、労務管理費、宿舎費等)の参考値,2026-03,2026-03-01,mlit-roumu-r8,参1-参3,https://www.mlit.go.jp/report/press/content/001981942.pdf,PDL1.0,,
4065be5e0ef84195,JP,labor,労務単価,潜かん工,所定労働時間内8時間あたり,人日,pref,23,愛知県,,,,38300,JPY,labor_wage_8h,published_pdl,56600,公共工事設計労務単価＋必要経費(法定福利費(事業主負担分)、労務管理費、宿舎費等)の参考値,2026-03,2026-03-01,mlit-roumu-r8,参1-参3,https://www.mlit.go.jp/report/press/content/001981942.pdf,PDL1.0,,
4969c125cf937380,JP,labor,労務単価,潜かん世話役,所定労働時間内8時間あたり,人日,pref,23,愛知県,,,,47400,JPY,labor_wage_8h,published_pdl,70000,公共工事設計労務単価＋必要経費(法定福利費(事業主負担分)、労務管理費、宿舎費等)の参考値,2026-03,2026-03-01,mlit-roumu-r8,参1-参3,https://www.mlit.go.jp/report/press/content/001981942.pdf,PDL1.0,,
6f1b1ade62840bc3,JP,labor,労務単価,さく岩工,所定労働時間内8時間あたり,人日,pref,23,愛知県,,,,39600,JPY,labor_wage_8h,published_pdl,58500,公共工事設計労務単価＋必要経費(法定福利費(事業主負担分)、労務管理費、宿舎費等)の参考値,2026-03,2026-03-01,mlit-roumu-r8,参1-参3,https://www.mlit.go.jp/report/press/content/001981942.pdf,PDL1.0,,
d86f5d3750b7f841,JP,labor,労務単価,トンネル特殊工,所定労働時間内8時間あたり,人日,pref,23,愛知県,,,,46700,JPY,labor_wage_8h,published_pdl,69000,公共工事設計労務単価＋必要経費(法定福利費(事業主負担分)、労務管理費、宿舎費等)の参考値,2026-03,2026-03-01,mlit-roumu-r8,参1-参3,https://www.mlit.go.jp/report/press/content/001981942.pdf,PDL1.0,,
205d03458dae32cc,JP,labor,労務単価,トンネル作業員,所定労働時間内8時間あたり,人日,pref,23,愛知県,,,,35000,JPY,labor_wage_8h,published_pdl,51700,公共工事設計労務単価＋必要経費(法定福利費(事業主負担分)、労務管理費、宿舎費等)の参考値,2026-03,2026-03-01,mlit-roumu-r8,参1-参3,https://www.mlit.go.jp/report/press/content/001981942.pdf,PDL1.0,,
6d6f2236cd5450f5,JP,labor,労務単価,トンネル世話役,所定労働時間内8時間あたり,人日,pref,23,愛知県,,,,47700,JPY,labor_wage_8h,published_pdl,70500,公共工事設計労務単価＋必要経費(法定福利費(事業主負担分)、労務管理費、宿舎費等)の参考値,2026-03,2026-03-01,mlit-roumu-r8,参1-参3,https://www.mlit.go.jp/report/press/content/001981942.pdf,PDL1.0,,
a2968885aea6d710,JP,labor,労務単価,橋りょう特殊工,所定労働時間内8時間あたり,人日,pref,23,愛知県,,,,36500,JPY,labor_wage_8h,published_pdl,53900,公共工事設計労務単価＋必要経費(法定福利費(事業主負担分)、労務管理費、宿舎費等)の参考値,2026-03,2026-03-01,mlit-roumu-r8,参1-参3,https://www.mlit.go.jp/report/press/content/001981942.pdf,PDL1.0,,
2969544f2788b931,JP,labor,労務単価,橋りょう塗装工,所定労働時間内8時間あたり,人日,pref,23,愛知県,,,,40800,JPY,labor_wage_8h,published_pdl,60300,公共工事設計労務単価＋必要経費(法定福利費(事業主負担分)、労務管理費、宿舎費等)の参考値,2026-03,2026-03-01,mlit-roumu-r8,参1-参3,https://www.mlit.go.jp/report/press/content/001981942.pdf,PDL1.0,,
249b3a086dcfa504,JP,labor,労務単価,橋りょう世話役,所定労働時間内8時間あたり,人日,pref,23,愛知県,,,,42800,JPY,labor_wage_8h,published_pdl,63200,公共工事設計労務単価＋必要経費(法定福利費(事業主負担分)、労務管理費、宿舎費等)の参考値,2026-03,2026-03-01,mlit-roumu-r8,参1-参3,https://www.mlit.go.jp/report/press/content/001981942.pdf,PDL1.0,,
371d12e897ace4aa,JP,labor,労務単価,土木一般世話役,所定労働時間内8時間あたり,人日,pref,23,愛知県,,,,31300,JPY,labor_wage_8h,published_pdl,46200,公共工事設計労務単価＋必要経費(法定福利費(事業主負担分)、労務管理費、宿舎費等)の参考値,2026-03,2026-03-01,mlit-roumu-r8,参1-参3,https://www.mlit.go.jp/report/press/content/001981942.pdf,PDL1.0,,
0e66fe8e5038efcb,JP,labor,労務単価,高級船員,所定労働時間内8時間あたり,人日,pref,23,愛知県,,,,37400,JPY,labor_wage_8h,published_pdl,55200,公共工事設計労務単価＋必要経費(法定福利費(事業主負担分)、労務管理費、宿舎費等)の参考値,2026-03,2026-03-01,mlit-roumu-r8,参1-参3,https://www.mlit.go.jp/report/press/content/001981942.pdf,PDL1.0,,
c6ec00ec9712d4e9,JP,labor,労務単価,普通船員,所定労働時間内8時間あたり,人日,pref,23,愛知県,,,,29600,JPY,labor_wage_8h,published_pdl,43700,公共工事設計労務単価＋必要経費(法定福利費(事業主負担分)、労務管理費、宿舎費等)の参考値,2026-03,2026-03-01,mlit-roumu-r8,参1-参3,https://www.mlit.go.jp/report/press/content/001981942.pdf,PDL1.0,,
3f144293e84c4ed2,JP,labor,労務単価,潜水士,所定労働時間内8時間あたり,人日,pref,23,愛知県,,,,51900,JPY,labor_wage_8h,published_pdl,76700,公共工事設計労務単価＋必要経費(法定福利費(事業主負担分)、労務管理費、宿舎費等)の参考値,2026-03,2026-03-01,mlit-roumu-r8,参1-参3,https://www.mlit.go.jp/report/press/content/001981942.pdf,PDL1.0,,
1cc7aea1c24201e0,JP,labor,労務単価,潜水連絡員,所定労働時間内8時間あたり,人日,pref,23,愛知県,,,,33600,JPY,labor_wage_8h,published_pdl,49600,公共工事設計労務単価＋必要経費(法定福利費(事業主負担分)、労務管理費、宿舎費等)の参考値,2026-03,2026-03-01,mlit-roumu-r8,参1-参3,https://www.mlit.go.jp/report/press/content/001981942.pdf,PDL1.0,,
16a6e3f1a2c64602,JP,labor,労務単価,潜水送気員,所定労働時間内8時間あたり,人日,pref,23,愛知県,,,,30100,JPY,labor_wage_8h,published_pdl,44500,公共工事設計労務単価＋必要経費(法定福利費(事業主負担分)、労務管理費、宿舎費等)の参考値,2026-03,2026-03-01,mlit-roumu-r8,参1-参3,https://www.mlit.go.jp/report/press/content/001981942.pdf,PDL1.0,,
157798171c06b667,JP,labor,労務単価,山林砂防工,所定労働時間内8時間あたり,人日,pref,23,愛知県,,,,37100,JPY,labor_wage_8h,published_pdl,54800,公共工事設計労務単価＋必要経費(法定福利費(事業主負担分)、労務管理費、宿舎費等)の参考値,2026-03,2026-03-01,mlit-roumu-r8,参1-参3,https://www.mlit.go.jp/report/press/content/001981942.pdf,PDL1.0,,
e8d404cacd1abb45,JP,labor,労務単価,軌道工,所定労働時間内8時間あたり,人日,pref,23,愛知県,,,,51700,JPY,labor_wage_8h,published_pdl,76400,公共工事設計労務単価＋必要経費(法定福利費(事業主負担分)、労務管理費、宿舎費等)の参考値,2026-03,2026-03-01,mlit-roumu-r8,参1-参3,https://www.mlit.go.jp/report/press/content/001981942.pdf,PDL1.0,,
1c1bcd8d5013c59c,JP,labor,労務単価,型わく工,所定労働時間内8時間あたり,人日,pref,23,愛知県,,,,34400,JPY,labor_wage_8h,published_pdl,50800,公共工事設計労務単価＋必要経費(法定福利費(事業主負担分)、労務管理費、宿舎費等)の参考値,2026-03,2026-03-01,mlit-roumu-r8,参1-参3,https://www.mlit.go.jp/report/press/content/001981942.pdf,PDL1.0,,
0b3d9befdf0763ea,JP,labor,労務単価,大工,所定労働時間内8時間あたり,人日,pref,23,愛知県,,,,34000,JPY,labor_wage_8h,published_pdl,50200,公共工事設計労務単価＋必要経費(法定福利費(事業主負担分)、労務管理費、宿舎費等)の参考値,2026-03,2026-03-01,mlit-roumu-r8,参1-参3,https://www.mlit.go.jp/report/press/content/001981942.pdf,PDL1.0,,
7dd0c6c435daacbf,JP,labor,労務単価,左官,所定労働時間内8時間あたり,人日,pref,23,愛知県,,,,31100,JPY,labor_wage_8h,published_pdl,45900,公共工事設計労務単価＋必要経費(法定福利費(事業主負担分)、労務管理費、宿舎費等)の参考値,2026-03,2026-03-01,mlit-roumu-r8,参1-参3,https://www.mlit.go.jp/report/press/content/001981942.pdf,PDL1.0,,
bb4216bc833f0a67,JP,labor,労務単価,配管工,所定労働時間内8時間あたり,人日,pref,23,愛知県,,,,27700,JPY,labor_wage_8h,published_pdl,40900,公共工事設計労務単価＋必要経費(法定福利費(事業主負担分)、労務管理費、宿舎費等)の参考値,2026-03,2026-03-01,mlit-roumu-r8,参1-参3,https://www.mlit.go.jp/report/press/content/001981942.pdf,PDL1.0,,
28ba06cca3116639,JP,labor,労務単価,はつり工,所定労働時間内8時間あたり,人日,pref,23,愛知県,,,,30800,JPY,labor_wage_8h,published_pdl,45500,公共工事設計労務単価＋必要経費(法定福利費(事業主負担分)、労務管理費、宿舎費等)の参考値,2026-03,2026-03-01,mlit-roumu-r8,参1-参3,https://www.mlit.go.jp/report/press/content/001981942.pdf,PDL1.0,,
7782bceb7136550f,JP,labor,労務単価,防水工,所定労働時間内8時間あたり,人日,pref,23,愛知県,,,,31700,JPY,labor_wage_8h,published_pdl,46800,公共工事設計労務単価＋必要経費(法定福利費(事業主負担分)、労務管理費、宿舎費等)の参考値,2026-03,2026-03-01,mlit-roumu-r8,参1-参3,https://www.mlit.go.jp/report/press/content/001981942.pdf,PDL1.0,,
f36ff255786695b7,JP,labor,労務単価,板金工,所定労働時間内8時間あたり,人日,pref,23,愛知県,,,,33200,JPY,labor_wage_8h,published_pdl,49000,公共工事設計労務単価＋必要経費(法定福利費(事業主負担分)、労務管理費、宿舎費等)の参考値,2026-03,2026-03-01,mlit-roumu-r8,参1-参3,https://www.mlit.go.jp/report/press/content/001981942.pdf,PDL1.0,,
8ec57e7d21ac8b22,JP,labor,労務単価,タイル工,所定労働時間内8時間あたり,人日,pref,23,愛知県,,,,,JPY,labor_wage_8h,not_set,,,2026-03,2026-03-01,mlit-roumu-r8,参1-参3,https://www.mlit.go.jp/report/press/content/001981942.pdf,PDL1.0,,原本の表で『-』(この都道府県ではこの職種の単価を設定していない)
053a1a60132e11f8,JP,labor,労務単価,サッシ工,所定労働時間内8時間あたり,人日,pref,23,愛知県,,,,33300,JPY,labor_wage_8h,published_pdl,49200,公共工事設計労務単価＋必要経費(法定福利費(事業主負担分)、労務管理費、宿舎費等)の参考値,2026-03,2026-03-01,mlit-roumu-r8,参1-参3,https://www.mlit.go.jp/report/press/content/001981942.pdf,PDL1.0,,
90b9f3f6ec5c51bb,JP,labor,労務単価,屋根ふき工,所定労働時間内8時間あたり,人日,pref,23,愛知県,,,,,JPY,labor_wage_8h,not_set,,,2026-03,2026-03-01,mlit-roumu-r8,参1-参3,https://www.mlit.go.jp/report/press/content/001981942.pdf,PDL1.0,,原本の表で『-』(この都道府県ではこの職種の単価を設定していない)
e91516b637f19e3d,JP,labor,労務単価,内装工,所定労働時間内8時間あたり,人日,pref,23,愛知県,,,,36300,JPY,labor_wage_8h,published_pdl,53600,公共工事設計労務単価＋必要経費(法定福利費(事業主負担分)、労務管理費、宿舎費等)の参考値,2026-03,2026-03-01,mlit-roumu-r8,参1-参3,https://www.mlit.go.jp/report/press/content/001981942.pdf,PDL1.0,,
a231e2645b092493,JP,labor,労務単価,ガラス工,所定労働時間内8時間あたり,人日,pref,23,愛知県,,,,31300,JPY,labor_wage_8h,published_pdl,46200,公共工事設計労務単価＋必要経費(法定福利費(事業主負担分)、労務管理費、宿舎費等)の参考値,2026-03,2026-03-01,mlit-roumu-r8,参1-参3,https://www.mlit.go.jp/report/press/content/001981942.pdf,PDL1.0,,
ba1bfc67e9e0fef6,JP,labor,労務単価,建具工,所定労働時間内8時間あたり,人日,pref,23,愛知県,,,,,JPY,labor_wage_8h,not_set,,,2026-03,2026-03-01,mlit-roumu-r8,参1-参3,https://www.mlit.go.jp/report/press/content/001981942.pdf,PDL1.0,,原本の表で『-』(この都道府県ではこの職種の単価を設定していない)
4a304a5e2f68857c,JP,labor,労務単価,ダクト工,所定労働時間内8時間あたり,人日,pref,23,愛知県,,,,27600,JPY,labor_wage_8h,published_pdl,40800,公共工事設計労務単価＋必要経費(法定福利費(事業主負担分)、労務管理費、宿舎費等)の参考値,2026-03,2026-03-01,mlit-roumu-r8,参1-参3,https://www.mlit.go.jp/report/press/content/001981942.pdf,PDL1.0,,
3d28a1cc3697dea7,JP,labor,労務単価,保温工,所定労働時間内8時間あたり,人日,pref,23,愛知県,,,,31800,JPY,labor_wage_8h,published_pdl,47000,公共工事設計労務単価＋必要経費(法定福利費(事業主負担分)、労務管理費、宿舎費等)の参考値,2026-03,2026-03-01,mlit-roumu-r8,参1-参3,https://www.mlit.go.jp/report/press/content/001981942.pdf,PDL1.0,,
bcff5aac6e327ce9,JP,labor,労務単価,設備機械工,所定労働時間内8時間あたり,人日,pref,23,愛知県,,,,32000,JPY,labor_wage_8h,published_pdl,47300,公共工事設計労務単価＋必要経費(法定福利費(事業主負担分)、労務管理費、宿舎費等)の参考値,2026-03,2026-03-01,mlit-roumu-r8,参1-参3,https://www.mlit.go.jp/report/press/content/001981942.pdf,PDL1.0,,
df7f0765e759013b,JP,labor,労務単価,交通誘導警備員Ａ,所定労働時間内8時間あたり,人日,pref,23,愛知県,,,,22400,JPY,labor_wage_8h,published_pdl,33100,公共工事設計労務単価＋必要経費(法定福利費(事業主負担分)、労務管理費、宿舎費等)の参考値,2026-03,2026-03-01,mlit-roumu-r8,参1-参3,https://www.mlit.go.jp/report/press/content/001981942.pdf,PDL1.0,,
4ee8bb72deb5bd5d,JP,labor,労務単価,交通誘導警備員Ｂ,所定労働時間内8時間あたり,人日,pref,23,愛知県,,,,17800,JPY,labor_wage_8h,published_pdl,26300,公共工事設計労務単価＋必要経費(法定福利費(事業主負担分)、労務管理費、宿舎費等)の参考値,2026-03,2026-03-01,mlit-roumu-r8,参1-参3,https://www.mlit.go.jp/report/press/content/001981942.pdf,PDL1.0,,
dc75d7e377020516,JP,labor,労務単価,特殊作業員,所定労働時間内8時間あたり,人日,pref,24,三重県,,,,28700,JPY,labor_wage_8h,published_pdl,42400,公共工事設計労務単価＋必要経費(法定福利費(事業主負担分)、労務管理費、宿舎費等)の参考値,2026-03,2026-03-01,mlit-roumu-r8,参1-参3,https://www.mlit.go.jp/report/press/content/001981942.pdf,PDL1.0,,
36eb2a57a85c5184,JP,labor,労務単価,普通作業員,所定労働時間内8時間あたり,人日,pref,24,三重県,,,,24500,JPY,labor_wage_8h,published_pdl,36200,公共工事設計労務単価＋必要経費(法定福利費(事業主負担分)、労務管理費、宿舎費等)の参考値,2026-03,2026-03-01,mlit-roumu-r8,参1-参3,https://www.mlit.go.jp/report/press/content/001981942.pdf,PDL1.0,,
0c7cb11e61645b3b,JP,labor,労務単価,軽作業員,所定労働時間内8時間あたり,人日,pref,24,三重県,,,,18500,JPY,labor_wage_8h,published_pdl,27300,公共工事設計労務単価＋必要経費(法定福利費(事業主負担分)、労務管理費、宿舎費等)の参考値,2026-03,2026-03-01,mlit-roumu-r8,参1-参3,https://www.mlit.go.jp/report/press/content/001981942.pdf,PDL1.0,,
41d35a6552a6c62b,JP,labor,労務単価,造園工,所定労働時間内8時間あたり,人日,pref,24,三重県,,,,27200,JPY,labor_wage_8h,published_pdl,40200,公共工事設計労務単価＋必要経費(法定福利費(事業主負担分)、労務管理費、宿舎費等)の参考値,2026-03,2026-03-01,mlit-roumu-r8,参1-参3,https://www.mlit.go.jp/report/press/content/001981942.pdf,PDL1.0,,
45343d0d3eca7548,JP,labor,労務単価,法面工,所定労働時間内8時間あたり,人日,pref,24,三重県,,,,34300,JPY,labor_wage_8h,published_pdl,50700,公共工事設計労務単価＋必要経費(法定福利費(事業主負担分)、労務管理費、宿舎費等)の参考値,2026-03,2026-03-01,mlit-roumu-r8,参1-参3,https://www.mlit.go.jp/report/press/content/001981942.pdf,PDL1.0,,
e7d041167b1a8e34,JP,labor,労務単価,とび工,所定労働時間内8時間あたり,人日,pref,24,三重県,,,,33400,JPY,labor_wage_8h,published_pdl,49300,公共工事設計労務単価＋必要経費(法定福利費(事業主負担分)、労務管理費、宿舎費等)の参考値,2026-03,2026-03-01,mlit-roumu-r8,参1-参3,https://www.mlit.go.jp/report/press/content/001981942.pdf,PDL1.0,,
5662d8619683c55a,JP,labor,労務単価,石工,所定労働時間内8時間あたり,人日,pref,24,三重県,,,,,JPY,labor_wage_8h,not_set,,,2026-03,2026-03-01,mlit-roumu-r8,参1-参3,https://www.mlit.go.jp/report/press/content/001981942.pdf,PDL1.0,,原本の表で『-』(この都道府県ではこの職種の単価を設定していない)
e75d0ceaac6635cb,JP,labor,労務単価,ブロック工,所定労働時間内8時間あたり,人日,pref,24,三重県,,,,36700,JPY,labor_wage_8h,published_pdl,54200,公共工事設計労務単価＋必要経費(法定福利費(事業主負担分)、労務管理費、宿舎費等)の参考値,2026-03,2026-03-01,mlit-roumu-r8,参1-参3,https://www.mlit.go.jp/report/press/content/001981942.pdf,PDL1.0,,
d6643871460cef72,JP,labor,労務単価,電工,所定労働時間内8時間あたり,人日,pref,24,三重県,,,,28500,JPY,labor_wage_8h,published_pdl,42100,公共工事設計労務単価＋必要経費(法定福利費(事業主負担分)、労務管理費、宿舎費等)の参考値,2026-03,2026-03-01,mlit-roumu-r8,参1-参3,https://www.mlit.go.jp/report/press/content/001981942.pdf,PDL1.0,,
3fef14cb0b26a4fd,JP,labor,労務単価,鉄筋工,所定労働時間内8時間あたり,人日,pref,24,三重県,,,,31600,JPY,labor_wage_8h,published_pdl,46700,公共工事設計労務単価＋必要経費(法定福利費(事業主負担分)、労務管理費、宿舎費等)の参考値,2026-03,2026-03-01,mlit-roumu-r8,参1-参3,https://www.mlit.go.jp/report/press/content/001981942.pdf,PDL1.0,,
c9ecaa0d28329539,JP,labor,労務単価,鉄骨工,所定労働時間内8時間あたり,人日,pref,24,三重県,,,,32100,JPY,labor_wage_8h,published_pdl,47400,公共工事設計労務単価＋必要経費(法定福利費(事業主負担分)、労務管理費、宿舎費等)の参考値,2026-03,2026-03-01,mlit-roumu-r8,参1-参3,https://www.mlit.go.jp/report/press/content/001981942.pdf,PDL1.0,,
b4fbe099295cb8d9,JP,labor,労務単価,塗装工,所定労働時間内8時間あたり,人日,pref,24,三重県,,,,32800,JPY,labor_wage_8h,published_pdl,48400,公共工事設計労務単価＋必要経費(法定福利費(事業主負担分)、労務管理費、宿舎費等)の参考値,2026-03,2026-03-01,mlit-roumu-r8,参1-参3,https://www.mlit.go.jp/report/press/content/001981942.pdf,PDL1.0,,
191ba2d5f797a95e,JP,labor,労務単価,溶接工,所定労働時間内8時間あたり,人日,pref,24,三重県,,,,34600,JPY,labor_wage_8h,published_pdl,51100,公共工事設計労務単価＋必要経費(法定福利費(事業主負担分)、労務管理費、宿舎費等)の参考値,2026-03,2026-03-01,mlit-roumu-r8,参1-参3,https://www.mlit.go.jp/report/press/content/001981942.pdf,PDL1.0,,
fe442ea2597cfbce,JP,labor,労務単価,運転手（特殊）,所定労働時間内8時間あたり,人日,pref,24,三重県,,,,30200,JPY,labor_wage_8h,published_pdl,44600,公共工事設計労務単価＋必要経費(法定福利費(事業主負担分)、労務管理費、宿舎費等)の参考値,2026-03,2026-03-01,mlit-roumu-r8,参1-参3,https://www.mlit.go.jp/report/press/content/001981942.pdf,PDL1.0,,
531f9088d4e1885a,JP,labor,労務単価,運転手（一般）,所定労働時間内8時間あたり,人日,pref,24,三重県,,,,26200,JPY,labor_wage_8h,published_pdl,38700,公共工事設計労務単価＋必要経費(法定福利費(事業主負担分)、労務管理費、宿舎費等)の参考値,2026-03,2026-03-01,mlit-roumu-r8,参1-参3,https://www.mlit.go.jp/report/press/content/001981942.pdf,PDL1.0,,
12158d6e7ccb76ed,JP,labor,労務単価,潜かん工,所定労働時間内8時間あたり,人日,pref,24,三重県,,,,38500,JPY,labor_wage_8h,published_pdl,56900,公共工事設計労務単価＋必要経費(法定福利費(事業主負担分)、労務管理費、宿舎費等)の参考値,2026-03,2026-03-01,mlit-roumu-r8,参1-参3,https://www.mlit.go.jp/report/press/content/001981942.pdf,PDL1.0,,
ceec310afee44308,JP,labor,労務単価,潜かん世話役,所定労働時間内8時間あたり,人日,pref,24,三重県,,,,47600,JPY,labor_wage_8h,published_pdl,70300,公共工事設計労務単価＋必要経費(法定福利費(事業主負担分)、労務管理費、宿舎費等)の参考値,2026-03,2026-03-01,mlit-roumu-r8,参1-参3,https://www.mlit.go.jp/report/press/content/001981942.pdf,PDL1.0,,
d44d5208d9128034,JP,labor,労務単価,さく岩工,所定労働時間内8時間あたり,人日,pref,24,三重県,,,,40000,JPY,labor_wage_8h,published_pdl,59100,公共工事設計労務単価＋必要経費(法定福利費(事業主負担分)、労務管理費、宿舎費等)の参考値,2026-03,2026-03-01,mlit-roumu-r8,参1-参3,https://www.mlit.go.jp/report/press/content/001981942.pdf,PDL1.0,,
3c4841c7a9d4eeac,JP,labor,労務単価,トンネル特殊工,所定労働時間内8時間あたり,人日,pref,24,三重県,,,,48300,JPY,labor_wage_8h,published_pdl,71300,公共工事設計労務単価＋必要経費(法定福利費(事業主負担分)、労務管理費、宿舎費等)の参考値,2026-03,2026-03-01,mlit-roumu-r8,参1-参3,https://www.mlit.go.jp/report/press/content/001981942.pdf,PDL1.0,,
1867fc1192ce61e9,JP,labor,労務単価,トンネル作業員,所定労働時間内8時間あたり,人日,pref,24,三重県,,,,34900,JPY,labor_wage_8h,published_pdl,51500,公共工事設計労務単価＋必要経費(法定福利費(事業主負担分)、労務管理費、宿舎費等)の参考値,2026-03,2026-03-01,mlit-roumu-r8,参1-参3,https://www.mlit.go.jp/report/press/content/001981942.pdf,PDL1.0,,
39a6a5fac6647a0b,JP,labor,労務単価,トンネル世話役,所定労働時間内8時間あたり,人日,pref,24,三重県,,,,48000,JPY,labor_wage_8h,published_pdl,70900,公共工事設計労務単価＋必要経費(法定福利費(事業主負担分)、労務管理費、宿舎費等)の参考値,2026-03,2026-03-01,mlit-roumu-r8,参1-参3,https://www.mlit.go.jp/report/press/content/001981942.pdf,PDL1.0,,
6204f50bde95c521,JP,labor,労務単価,橋りょう特殊工,所定労働時間内8時間あたり,人日,pref,24,三重県,,,,36900,JPY,labor_wage_8h,published_pdl,54500,公共工事設計労務単価＋必要経費(法定福利費(事業主負担分)、労務管理費、宿舎費等)の参考値,2026-03,2026-03-01,mlit-roumu-r8,参1-参3,https://www.mlit.go.jp/report/press/content/001981942.pdf,PDL1.0,,
7323d7bc84d3a587,JP,labor,労務単価,橋りょう塗装工,所定労働時間内8時間あたり,人日,pref,24,三重県,,,,41200,JPY,labor_wage_8h,published_pdl,60900,公共工事設計労務単価＋必要経費(法定福利費(事業主負担分)、労務管理費、宿舎費等)の参考値,2026-03,2026-03-01,mlit-roumu-r8,参1-参3,https://www.mlit.go.jp/report/press/content/001981942.pdf,PDL1.0,,
bf6407561092e30a,JP,labor,労務単価,橋りょう世話役,所定労働時間内8時間あたり,人日,pref,24,三重県,,,,44800,JPY,labor_wage_8h,published_pdl,66200,公共工事設計労務単価＋必要経費(法定福利費(事業主負担分)、労務管理費、宿舎費等)の参考値,2026-03,2026-03-01,mlit-roumu-r8,参1-参3,https://www.mlit.go.jp/report/press/content/001981942.pdf,PDL1.0,,
5f13ff67dea8961a,JP,labor,労務単価,土木一般世話役,所定労働時間内8時間あたり,人日,pref,24,三重県,,,,30400,JPY,labor_wage_8h,published_pdl,44900,公共工事設計労務単価＋必要経費(法定福利費(事業主負担分)、労務管理費、宿舎費等)の参考値,2026-03,2026-03-01,mlit-roumu-r8,参1-参3,https://www.mlit.go.jp/report/press/content/001981942.pdf,PDL1.0,,
d4b9e3b66b2cb27f,JP,labor,労務単価,高級船員,所定労働時間内8時間あたり,人日,pref,24,三重県,,,,37400,JPY,labor_wage_8h,published_pdl,55200,公共工事設計労務単価＋必要経費(法定福利費(事業主負担分)、労務管理費、宿舎費等)の参考値,2026-03,2026-03-01,mlit-roumu-r8,参1-参3,https://www.mlit.go.jp/report/press/content/001981942.pdf,PDL1.0,,
7f49203d4e81786b,JP,labor,労務単価,普通船員,所定労働時間内8時間あたり,人日,pref,24,三重県,,,,29500,JPY,labor_wage_8h,published_pdl,43600,公共工事設計労務単価＋必要経費(法定福利費(事業主負担分)、労務管理費、宿舎費等)の参考値,2026-03,2026-03-01,mlit-roumu-r8,参1-参3,https://www.mlit.go.jp/report/press/content/001981942.pdf,PDL1.0,,
2265fd5617eda255,JP,labor,労務単価,潜水士,所定労働時間内8時間あたり,人日,pref,24,三重県,,,,52400,JPY,labor_wage_8h,published_pdl,77400,公共工事設計労務単価＋必要経費(法定福利費(事業主負担分)、労務管理費、宿舎費等)の参考値,2026-03,2026-03-01,mlit-roumu-r8,参1-参3,https://www.mlit.go.jp/report/press/content/001981942.pdf,PDL1.0,,
2f30515210d43172,JP,labor,労務単価,潜水連絡員,所定労働時間内8時間あたり,人日,pref,24,三重県,,,,33000,JPY,labor_wage_8h,published_pdl,48700,公共工事設計労務単価＋必要経費(法定福利費(事業主負担分)、労務管理費、宿舎費等)の参考値,2026-03,2026-03-01,mlit-roumu-r8,参1-参3,https://www.mlit.go.jp/report/press/content/001981942.pdf,PDL1.0,,
f0136165f23943d8,JP,labor,労務単価,潜水送気員,所定労働時間内8時間あたり,人日,pref,24,三重県,,,,30200,JPY,labor_wage_8h,published_pdl,44600,公共工事設計労務単価＋必要経費(法定福利費(事業主負担分)、労務管理費、宿舎費等)の参考値,2026-03,2026-03-01,mlit-roumu-r8,参1-参3,https://www.mlit.go.jp/report/press/content/001981942.pdf,PDL1.0,,
dc0211091c125c71,JP,labor,労務単価,山林砂防工,所定労働時間内8時間あたり,人日,pref,24,三重県,,,,37100,JPY,labor_wage_8h,published_pdl,54800,公共工事設計労務単価＋必要経費(法定福利費(事業主負担分)、労務管理費、宿舎費等)の参考値,2026-03,2026-03-01,mlit-roumu-r8,参1-参3,https://www.mlit.go.jp/report/press/content/001981942.pdf,PDL1.0,,
17e4878b8f75a9b6,JP,labor,労務単価,軌道工,所定労働時間内8時間あたり,人日,pref,24,三重県,,,,53900,JPY,labor_wage_8h,published_pdl,79600,公共工事設計労務単価＋必要経費(法定福利費(事業主負担分)、労務管理費、宿舎費等)の参考値,2026-03,2026-03-01,mlit-roumu-r8,参1-参3,https://www.mlit.go.jp/report/press/content/001981942.pdf,PDL1.0,,
39e5888f434693fc,JP,labor,労務単価,型わく工,所定労働時間内8時間あたり,人日,pref,24,三重県,,,,32300,JPY,labor_wage_8h,published_pdl,47700,公共工事設計労務単価＋必要経費(法定福利費(事業主負担分)、労務管理費、宿舎費等)の参考値,2026-03,2026-03-01,mlit-roumu-r8,参1-参3,https://www.mlit.go.jp/report/press/content/001981942.pdf,PDL1.0,,
1f8546debbd46c4c,JP,labor,労務単価,大工,所定労働時間内8時間あたり,人日,pref,24,三重県,,,,33800,JPY,labor_wage_8h,published_pdl,49900,公共工事設計労務単価＋必要経費(法定福利費(事業主負担分)、労務管理費、宿舎費等)の参考値,2026-03,2026-03-01,mlit-roumu-r8,参1-参3,https://www.mlit.go.jp/report/press/content/001981942.pdf,PDL1.0,,
374d729b76eb38bb,JP,labor,労務単価,左官,所定労働時間内8時間あたり,人日,pref,24,三重県,,,,30700,JPY,labor_wage_8h,published_pdl,45300,公共工事設計労務単価＋必要経費(法定福利費(事業主負担分)、労務管理費、宿舎費等)の参考値,2026-03,2026-03-01,mlit-roumu-r8,参1-参3,https://www.mlit.go.jp/report/press/content/001981942.pdf,PDL1.0,,
674f2f7ec7ab4168,JP,labor,労務単価,配管工,所定労働時間内8時間あたり,人日,pref,24,三重県,,,,28300,JPY,labor_wage_8h,published_pdl,41800,公共工事設計労務単価＋必要経費(法定福利費(事業主負担分)、労務管理費、宿舎費等)の参考値,2026-03,2026-03-01,mlit-roumu-r8,参1-参3,https://www.mlit.go.jp/report/press/content/001981942.pdf,PDL1.0,,
716fcd5e7b7db0e9,JP,labor,労務単価,はつり工,所定労働時間内8時間あたり,人日,pref,24,三重県,,,,31200,JPY,labor_wage_8h,published_pdl,46100,公共工事設計労務単価＋必要経費(法定福利費(事業主負担分)、労務管理費、宿舎費等)の参考値,2026-03,2026-03-01,mlit-roumu-r8,参1-参3,https://www.mlit.go.jp/report/press/content/001981942.pdf,PDL1.0,,
af40d0171422fe0a,JP,labor,労務単価,防水工,所定労働時間内8時間あたり,人日,pref,24,三重県,,,,31800,JPY,labor_wage_8h,published_pdl,47000,公共工事設計労務単価＋必要経費(法定福利費(事業主負担分)、労務管理費、宿舎費等)の参考値,2026-03,2026-03-01,mlit-roumu-r8,参1-参3,https://www.mlit.go.jp/report/press/content/001981942.pdf,PDL1.0,,
8ea9037676697e9f,JP,labor,労務単価,板金工,所定労働時間内8時間あたり,人日,pref,24,三重県,,,,35800,JPY,labor_wage_8h,published_pdl,52900,公共工事設計労務単価＋必要経費(法定福利費(事業主負担分)、労務管理費、宿舎費等)の参考値,2026-03,2026-03-01,mlit-roumu-r8,参1-参3,https://www.mlit.go.jp/report/press/content/001981942.pdf,PDL1.0,,
5eb90b89cea45916,JP,labor,労務単価,タイル工,所定労働時間内8時間あたり,人日,pref,24,三重県,,,,,JPY,labor_wage_8h,not_set,,,2026-03,2026-03-01,mlit-roumu-r8,参1-参3,https://www.mlit.go.jp/report/press/content/001981942.pdf,PDL1.0,,原本の表で『-』(この都道府県ではこの職種の単価を設定していない)
69482c4cd4fd7ca8,JP,labor,労務単価,サッシ工,所定労働時間内8時間あたり,人日,pref,24,三重県,,,,34400,JPY,labor_wage_8h,published_pdl,50800,公共工事設計労務単価＋必要経費(法定福利費(事業主負担分)、労務管理費、宿舎費等)の参考値,2026-03,2026-03-01,mlit-roumu-r8,参1-参3,https://www.mlit.go.jp/report/press/content/001981942.pdf,PDL1.0,,
f67b4fd233c310d2,JP,labor,労務単価,屋根ふき工,所定労働時間内8時間あたり,人日,pref,24,三重県,,,,,JPY,labor_wage_8h,not_set,,,2026-03,2026-03-01,mlit-roumu-r8,参1-参3,https://www.mlit.go.jp/report/press/content/001981942.pdf,PDL1.0,,原本の表で『-』(この都道府県ではこの職種の単価を設定していない)
ae44e3395dda9069,JP,labor,労務単価,内装工,所定労働時間内8時間あたり,人日,pref,24,三重県,,,,36700,JPY,labor_wage_8h,published_pdl,54200,公共工事設計労務単価＋必要経費(法定福利費(事業主負担分)、労務管理費、宿舎費等)の参考値,2026-03,2026-03-01,mlit-roumu-r8,参1-参3,https://www.mlit.go.jp/report/press/content/001981942.pdf,PDL1.0,,
8c99b9c007c9bc2b,JP,labor,労務単価,ガラス工,所定労働時間内8時間あたり,人日,pref,24,三重県,,,,31500,JPY,labor_wage_8h,published_pdl,46500,公共工事設計労務単価＋必要経費(法定福利費(事業主負担分)、労務管理費、宿舎費等)の参考値,2026-03,2026-03-01,mlit-roumu-r8,参1-参3,https://www.mlit.go.jp/report/press/content/001981942.pdf,PDL1.0,,
0ce6c7226b713e01,JP,labor,労務単価,建具工,所定労働時間内8時間あたり,人日,pref,24,三重県,,,,,JPY,labor_wage_8h,not_set,,,2026-03,2026-03-01,mlit-roumu-r8,参1-参3,https://www.mlit.go.jp/report/press/content/001981942.pdf,PDL1.0,,原本の表で『-』(この都道府県ではこの職種の単価を設定していない)
35022f251a081eac,JP,labor,労務単価,ダクト工,所定労働時間内8時間あたり,人日,pref,24,三重県,,,,28900,JPY,labor_wage_8h,published_pdl,42700,公共工事設計労務単価＋必要経費(法定福利費(事業主負担分)、労務管理費、宿舎費等)の参考値,2026-03,2026-03-01,mlit-roumu-r8,参1-参3,https://www.mlit.go.jp/report/press/content/001981942.pdf,PDL1.0,,
e94bc4cb277b1b14,JP,labor,労務単価,保温工,所定労働時間内8時間あたり,人日,pref,24,三重県,,,,32200,JPY,labor_wage_8h,published_pdl,47600,公共工事設計労務単価＋必要経費(法定福利費(事業主負担分)、労務管理費、宿舎費等)の参考値,2026-03,2026-03-01,mlit-roumu-r8,参1-参3,https://www.mlit.go.jp/report/press/content/001981942.pdf,PDL1.0,,
5d891443d51c6ebd,JP,labor,労務単価,設備機械工,所定労働時間内8時間あたり,人日,pref,24,三重県,,,,32200,JPY,labor_wage_8h,published_pdl,47600,公共工事設計労務単価＋必要経費(法定福利費(事業主負担分)、労務管理費、宿舎費等)の参考値,2026-03,2026-03-01,mlit-roumu-r8,参1-参3,https://www.mlit.go.jp/report/press/content/001981942.pdf,PDL1.0,,
80686b20132ec576,JP,labor,労務単価,交通誘導警備員Ａ,所定労働時間内8時間あたり,人日,pref,24,三重県,,,,21400,JPY,labor_wage_8h,published_pdl,31600,公共工事設計労務単価＋必要経費(法定福利費(事業主負担分)、労務管理費、宿舎費等)の参考値,2026-03,2026-03-01,mlit-roumu-r8,参1-参3,https://www.mlit.go.jp/report/press/content/001981942.pdf,PDL1.0,,
933070235f8b5dda,JP,labor,労務単価,交通誘導警備員Ｂ,所定労働時間内8時間あたり,人日,pref,24,三重県,,,,17200,JPY,labor_wage_8h,published_pdl,25400,公共工事設計労務単価＋必要経費(法定福利費(事業主負担分)、労務管理費、宿舎費等)の参考値,2026-03,2026-03-01,mlit-roumu-r8,参1-参3,https://www.mlit.go.jp/report/press/content/001981942.pdf,PDL1.0,,
340d36256711ff2c,JP,labor,労務単価,特殊作業員,所定労働時間内8時間あたり,人日,pref,25,滋賀県,,,,26700,JPY,labor_wage_8h,published_pdl,39400,公共工事設計労務単価＋必要経費(法定福利費(事業主負担分)、労務管理費、宿舎費等)の参考値,2026-03,2026-03-01,mlit-roumu-r8,参1-参3,https://www.mlit.go.jp/report/press/content/001981942.pdf,PDL1.0,,
cbaf897950309594,JP,labor,労務単価,普通作業員,所定労働時間内8時間あたり,人日,pref,25,滋賀県,,,,23300,JPY,labor_wage_8h,published_pdl,34400,公共工事設計労務単価＋必要経費(法定福利費(事業主負担分)、労務管理費、宿舎費等)の参考値,2026-03,2026-03-01,mlit-roumu-r8,参1-参3,https://www.mlit.go.jp/report/press/content/001981942.pdf,PDL1.0,,
524b2afe3f554e64,JP,labor,労務単価,軽作業員,所定労働時間内8時間あたり,人日,pref,25,滋賀県,,,,17700,JPY,labor_wage_8h,published_pdl,26100,公共工事設計労務単価＋必要経費(法定福利費(事業主負担分)、労務管理費、宿舎費等)の参考値,2026-03,2026-03-01,mlit-roumu-r8,参1-参3,https://www.mlit.go.jp/report/press/content/001981942.pdf,PDL1.0,,
f39ba36cad811e8e,JP,labor,労務単価,造園工,所定労働時間内8時間あたり,人日,pref,25,滋賀県,,,,28100,JPY,labor_wage_8h,published_pdl,41500,公共工事設計労務単価＋必要経費(法定福利費(事業主負担分)、労務管理費、宿舎費等)の参考値,2026-03,2026-03-01,mlit-roumu-r8,参1-参3,https://www.mlit.go.jp/report/press/content/001981942.pdf,PDL1.0,,
687ef3e99fc1cc1b,JP,labor,労務単価,法面工,所定労働時間内8時間あたり,人日,pref,25,滋賀県,,,,30600,JPY,labor_wage_8h,published_pdl,45200,公共工事設計労務単価＋必要経費(法定福利費(事業主負担分)、労務管理費、宿舎費等)の参考値,2026-03,2026-03-01,mlit-roumu-r8,参1-参3,https://www.mlit.go.jp/report/press/content/001981942.pdf,PDL1.0,,
48ca5b6439dee1e1,JP,labor,労務単価,とび工,所定労働時間内8時間あたり,人日,pref,25,滋賀県,,,,28300,JPY,labor_wage_8h,published_pdl,41800,公共工事設計労務単価＋必要経費(法定福利費(事業主負担分)、労務管理費、宿舎費等)の参考値,2026-03,2026-03-01,mlit-roumu-r8,参1-参3,https://www.mlit.go.jp/report/press/content/001981942.pdf,PDL1.0,,
10f477fb8a0438c7,JP,labor,労務単価,石工,所定労働時間内8時間あたり,人日,pref,25,滋賀県,,,,,JPY,labor_wage_8h,not_set,,,2026-03,2026-03-01,mlit-roumu-r8,参1-参3,https://www.mlit.go.jp/report/press/content/001981942.pdf,PDL1.0,,原本の表で『-』(この都道府県ではこの職種の単価を設定していない)
6958194ebcee6a33,JP,labor,労務単価,ブロック工,所定労働時間内8時間あたり,人日,pref,25,滋賀県,,,,,JPY,labor_wage_8h,not_set,,,2026-03,2026-03-01,mlit-roumu-r8,参1-参3,https://www.mlit.go.jp/report/press/content/001981942.pdf,PDL1.0,,原本の表で『-』(この都道府県ではこの職種の単価を設定していない)
99feed534870358a,JP,labor,労務単価,電工,所定労働時間内8時間あたり,人日,pref,25,滋賀県,,,,27700,JPY,labor_wage_8h,published_pdl,40900,公共工事設計労務単価＋必要経費(法定福利費(事業主負担分)、労務管理費、宿舎費等)の参考値,2026-03,2026-03-01,mlit-roumu-r8,参1-参3,https://www.mlit.go.jp/report/press/content/001981942.pdf,PDL1.0,,
02205ccaadb93e77,JP,labor,労務単価,鉄筋工,所定労働時間内8時間あたり,人日,pref,25,滋賀県,,,,29500,JPY,labor_wage_8h,published_pdl,43600,公共工事設計労務単価＋必要経費(法定福利費(事業主負担分)、労務管理費、宿舎費等)の参考値,2026-03,2026-03-01,mlit-roumu-r8,参1-参3,https://www.mlit.go.jp/report/press/content/001981942.pdf,PDL1.0,,
63d22aa723d12af5,JP,labor,労務単価,鉄骨工,所定労働時間内8時間あたり,人日,pref,25,滋賀県,,,,26700,JPY,labor_wage_8h,published_pdl,39400,公共工事設計労務単価＋必要経費(法定福利費(事業主負担分)、労務管理費、宿舎費等)の参考値,2026-03,2026-03-01,mlit-roumu-r8,参1-参3,https://www.mlit.go.jp/report/press/content/001981942.pdf,PDL1.0,,
d4cce0b1d918714e,JP,labor,労務単価,塗装工,所定労働時間内8時間あたり,人日,pref,25,滋賀県,,,,30400,JPY,labor_wage_8h,published_pdl,44900,公共工事設計労務単価＋必要経費(法定福利費(事業主負担分)、労務管理費、宿舎費等)の参考値,2026-03,2026-03-01,mlit-roumu-r8,参1-参3,https://www.mlit.go.jp/report/press/content/001981942.pdf,PDL1.0,,
0ee34b233831024a,JP,labor,労務単価,溶接工,所定労働時間内8時間あたり,人日,pref,25,滋賀県,,,,33200,JPY,labor_wage_8h,published_pdl,49000,公共工事設計労務単価＋必要経費(法定福利費(事業主負担分)、労務管理費、宿舎費等)の参考値,2026-03,2026-03-01,mlit-roumu-r8,参1-参3,https://www.mlit.go.jp/report/press/content/001981942.pdf,PDL1.0,,
932f4bcceba8d471,JP,labor,労務単価,運転手（特殊）,所定労働時間内8時間あたり,人日,pref,25,滋賀県,,,,27400,JPY,labor_wage_8h,published_pdl,40500,公共工事設計労務単価＋必要経費(法定福利費(事業主負担分)、労務管理費、宿舎費等)の参考値,2026-03,2026-03-01,mlit-roumu-r8,参1-参3,https://www.mlit.go.jp/report/press/content/001981942.pdf,PDL1.0,,
4ae6416c4c11facb,JP,labor,労務単価,運転手（一般）,所定労働時間内8時間あたり,人日,pref,25,滋賀県,,,,24800,JPY,labor_wage_8h,published_pdl,36600,公共工事設計労務単価＋必要経費(法定福利費(事業主負担分)、労務管理費、宿舎費等)の参考値,2026-03,2026-03-01,mlit-roumu-r8,参1-参3,https://www.mlit.go.jp/report/press/content/001981942.pdf,PDL1.0,,
9c07516f5fd657cc,JP,labor,労務単価,潜かん工,所定労働時間内8時間あたり,人日,pref,25,滋賀県,,,,37200,JPY,labor_wage_8h,published_pdl,54900,公共工事設計労務単価＋必要経費(法定福利費(事業主負担分)、労務管理費、宿舎費等)の参考値,2026-03,2026-03-01,mlit-roumu-r8,参1-参3,https://www.mlit.go.jp/report/press/content/001981942.pdf,PDL1.0,,
0f1e705fb8648a3c,JP,labor,労務単価,潜かん世話役,所定労働時間内8時間あたり,人日,pref,25,滋賀県,,,,46500,JPY,labor_wage_8h,published_pdl,68700,公共工事設計労務単価＋必要経費(法定福利費(事業主負担分)、労務管理費、宿舎費等)の参考値,2026-03,2026-03-01,mlit-roumu-r8,参1-参3,https://www.mlit.go.jp/report/press/content/001981942.pdf,PDL1.0,,
c2f9b11c575437bd,JP,labor,労務単価,さく岩工,所定労働時間内8時間あたり,人日,pref,25,滋賀県,,,,30600,JPY,labor_wage_8h,published_pdl,45200,公共工事設計労務単価＋必要経費(法定福利費(事業主負担分)、労務管理費、宿舎費等)の参考値,2026-03,2026-03-01,mlit-roumu-r8,参1-参3,https://www.mlit.go.jp/report/press/content/001981942.pdf,PDL1.0,,
34443f7eb1db6568,JP,labor,労務単価,トンネル特殊工,所定労働時間内8時間あたり,人日,pref,25,滋賀県,,,,48200,JPY,labor_wage_8h,published_pdl,71200,公共工事設計労務単価＋必要経費(法定福利費(事業主負担分)、労務管理費、宿舎費等)の参考値,2026-03,2026-03-01,mlit-roumu-r8,参1-参3,https://www.mlit.go.jp/report/press/content/001981942.pdf,PDL1.0,,
082f425162a030d1,JP,labor,労務単価,トンネル作業員,所定労働時間内8時間あたり,人日,pref,25,滋賀県,,,,32600,JPY,labor_wage_8h,published_pdl,48200,公共工事設計労務単価＋必要経費(法定福利費(事業主負担分)、労務管理費、宿舎費等)の参考値,2026-03,2026-03-01,mlit-roumu-r8,参1-参3,https://www.mlit.go.jp/report/press/content/001981942.pdf,PDL1.0,,
db51a76d0c5626df,JP,labor,労務単価,トンネル世話役,所定労働時間内8時間あたり,人日,pref,25,滋賀県,,,,46500,JPY,labor_wage_8h,published_pdl,68700,公共工事設計労務単価＋必要経費(法定福利費(事業主負担分)、労務管理費、宿舎費等)の参考値,2026-03,2026-03-01,mlit-roumu-r8,参1-参3,https://www.mlit.go.jp/report/press/content/001981942.pdf,PDL1.0,,
b69f79f5558d4fda,JP,labor,労務単価,橋りょう特殊工,所定労働時間内8時間あたり,人日,pref,25,滋賀県,,,,34400,JPY,labor_wage_8h,published_pdl,50800,公共工事設計労務単価＋必要経費(法定福利費(事業主負担分)、労務管理費、宿舎費等)の参考値,2026-03,2026-03-01,mlit-roumu-r8,参1-参3,https://www.mlit.go.jp/report/press/content/001981942.pdf,PDL1.0,,
b00160edfa92c217,JP,labor,労務単価,橋りょう塗装工,所定労働時間内8時間あたり,人日,pref,25,滋賀県,,,,33900,JPY,labor_wage_8h,published_pdl,50100,公共工事設計労務単価＋必要経費(法定福利費(事業主負担分)、労務管理費、宿舎費等)の参考値,2026-03,2026-03-01,mlit-roumu-r8,参1-参3,https://www.mlit.go.jp/report/press/content/001981942.pdf,PDL1.0,,
73b10163f5c6c7b6,JP,labor,労務単価,橋りょう世話役,所定労働時間内8時間あたり,人日,pref,25,滋賀県,,,,44000,JPY,labor_wage_8h,published_pdl,65000,公共工事設計労務単価＋必要経費(法定福利費(事業主負担分)、労務管理費、宿舎費等)の参考値,2026-03,2026-03-01,mlit-roumu-r8,参1-参3,https://www.mlit.go.jp/report/press/content/001981942.pdf,PDL1.0,,
a036b9ec7e8920b9,JP,labor,労務単価,土木一般世話役,所定労働時間内8時間あたり,人日,pref,25,滋賀県,,,,30100,JPY,labor_wage_8h,published_pdl,44500,公共工事設計労務単価＋必要経費(法定福利費(事業主負担分)、労務管理費、宿舎費等)の参考値,2026-03,2026-03-01,mlit-roumu-r8,参1-参3,https://www.mlit.go.jp/report/press/content/001981942.pdf,PDL1.0,,
fd75860d810034b5,JP,labor,労務単価,高級船員,所定労働時間内8時間あたり,人日,pref,25,滋賀県,,,,33200,JPY,labor_wage_8h,published_pdl,49000,公共工事設計労務単価＋必要経費(法定福利費(事業主負担分)、労務管理費、宿舎費等)の参考値,2026-03,2026-03-01,mlit-roumu-r8,参1-参3,https://www.mlit.go.jp/report/press/content/001981942.pdf,PDL1.0,,
f8940c605375a05f,JP,labor,労務単価,普通船員,所定労働時間内8時間あたり,人日,pref,25,滋賀県,,,,28400,JPY,labor_wage_8h,published_pdl,41900,公共工事設計労務単価＋必要経費(法定福利費(事業主負担分)、労務管理費、宿舎費等)の参考値,2026-03,2026-03-01,mlit-roumu-r8,参1-参3,https://www.mlit.go.jp/report/press/content/001981942.pdf,PDL1.0,,
3f822f1ce3ed7ad9,JP,labor,労務単価,潜水士,所定労働時間内8時間あたり,人日,pref,25,滋賀県,,,,42000,JPY,labor_wage_8h,published_pdl,62000,公共工事設計労務単価＋必要経費(法定福利費(事業主負担分)、労務管理費、宿舎費等)の参考値,2026-03,2026-03-01,mlit-roumu-r8,参1-参3,https://www.mlit.go.jp/report/press/content/001981942.pdf,PDL1.0,,
d2290a1dfec4b80c,JP,labor,労務単価,潜水連絡員,所定労働時間内8時間あたり,人日,pref,25,滋賀県,,,,33100,JPY,labor_wage_8h,published_pdl,48900,公共工事設計労務単価＋必要経費(法定福利費(事業主負担分)、労務管理費、宿舎費等)の参考値,2026-03,2026-03-01,mlit-roumu-r8,参1-参3,https://www.mlit.go.jp/report/press/content/001981942.pdf,PDL1.0,,
7384ce4fbdf0b38c,JP,labor,労務単価,潜水送気員,所定労働時間内8時間あたり,人日,pref,25,滋賀県,,,,31500,JPY,labor_wage_8h,published_pdl,46500,公共工事設計労務単価＋必要経費(法定福利費(事業主負担分)、労務管理費、宿舎費等)の参考値,2026-03,2026-03-01,mlit-roumu-r8,参1-参3,https://www.mlit.go.jp/report/press/content/001981942.pdf,PDL1.0,,
3995ecf5d0826d2b,JP,labor,労務単価,山林砂防工,所定労働時間内8時間あたり,人日,pref,25,滋賀県,,,,30300,JPY,labor_wage_8h,published_pdl,44800,公共工事設計労務単価＋必要経費(法定福利費(事業主負担分)、労務管理費、宿舎費等)の参考値,2026-03,2026-03-01,mlit-roumu-r8,参1-参3,https://www.mlit.go.jp/report/press/content/001981942.pdf,PDL1.0,,
4e6beb9f6ba75166,JP,labor,労務単価,軌道工,所定労働時間内8時間あたり,人日,pref,25,滋賀県,,,,45500,JPY,labor_wage_8h,published_pdl,67200,公共工事設計労務単価＋必要経費(法定福利費(事業主負担分)、労務管理費、宿舎費等)の参考値,2026-03,2026-03-01,mlit-roumu-r8,参1-参3,https://www.mlit.go.jp/report/press/content/001981942.pdf,PDL1.0,,
c48f57ccbd91eb06,JP,labor,労務単価,型わく工,所定労働時間内8時間あたり,人日,pref,25,滋賀県,,,,30700,JPY,labor_wage_8h,published_pdl,45300,公共工事設計労務単価＋必要経費(法定福利費(事業主負担分)、労務管理費、宿舎費等)の参考値,2026-03,2026-03-01,mlit-roumu-r8,参1-参3,https://www.mlit.go.jp/report/press/content/001981942.pdf,PDL1.0,,
9edd5b911277b37e,JP,labor,労務単価,大工,所定労働時間内8時間あたり,人日,pref,25,滋賀県,,,,29600,JPY,labor_wage_8h,published_pdl,43700,公共工事設計労務単価＋必要経費(法定福利費(事業主負担分)、労務管理費、宿舎費等)の参考値,2026-03,2026-03-01,mlit-roumu-r8,参1-参3,https://www.mlit.go.jp/report/press/content/001981942.pdf,PDL1.0,,
be84cdf5b5c2b747,JP,labor,労務単価,左官,所定労働時間内8時間あたり,人日,pref,25,滋賀県,,,,29600,JPY,labor_wage_8h,published_pdl,43700,公共工事設計労務単価＋必要経費(法定福利費(事業主負担分)、労務管理費、宿舎費等)の参考値,2026-03,2026-03-01,mlit-roumu-r8,参1-参3,https://www.mlit.go.jp/report/press/content/001981942.pdf,PDL1.0,,
277ceeeaf5e04d40,JP,labor,労務単価,配管工,所定労働時間内8時間あたり,人日,pref,25,滋賀県,,,,27700,JPY,labor_wage_8h,published_pdl,40900,公共工事設計労務単価＋必要経費(法定福利費(事業主負担分)、労務管理費、宿舎費等)の参考値,2026-03,2026-03-01,mlit-roumu-r8,参1-参3,https://www.mlit.go.jp/report/press/content/001981942.pdf,PDL1.0,,
34e4874a041e8b66,JP,labor,労務単価,はつり工,所定労働時間内8時間あたり,人日,pref,25,滋賀県,,,,30600,JPY,labor_wage_8h,published_pdl,45200,公共工事設計労務単価＋必要経費(法定福利費(事業主負担分)、労務管理費、宿舎費等)の参考値,2026-03,2026-03-01,mlit-roumu-r8,参1-参3,https://www.mlit.go.jp/report/press/content/001981942.pdf,PDL1.0,,
a6498032850688a0,JP,labor,労務単価,防水工,所定労働時間内8時間あたり,人日,pref,25,滋賀県,,,,28800,JPY,labor_wage_8h,published_pdl,42500,公共工事設計労務単価＋必要経費(法定福利費(事業主負担分)、労務管理費、宿舎費等)の参考値,2026-03,2026-03-01,mlit-roumu-r8,参1-参3,https://www.mlit.go.jp/report/press/content/001981942.pdf,PDL1.0,,
e8844ef554649e5b,JP,labor,労務単価,板金工,所定労働時間内8時間あたり,人日,pref,25,滋賀県,,,,30000,JPY,labor_wage_8h,published_pdl,44300,公共工事設計労務単価＋必要経費(法定福利費(事業主負担分)、労務管理費、宿舎費等)の参考値,2026-03,2026-03-01,mlit-roumu-r8,参1-参3,https://www.mlit.go.jp/report/press/content/001981942.pdf,PDL1.0,,
65506a878e9a0943,JP,labor,労務単価,タイル工,所定労働時間内8時間あたり,人日,pref,25,滋賀県,,,,,JPY,labor_wage_8h,not_set,,,2026-03,2026-03-01,mlit-roumu-r8,参1-参3,https://www.mlit.go.jp/report/press/content/001981942.pdf,PDL1.0,,原本の表で『-』(この都道府県ではこの職種の単価を設定していない)
6dbdb96660aa5064,JP,labor,労務単価,サッシ工,所定労働時間内8時間あたり,人日,pref,25,滋賀県,,,,31400,JPY,labor_wage_8h,published_pdl,46400,公共工事設計労務単価＋必要経費(法定福利費(事業主負担分)、労務管理費、宿舎費等)の参考値,2026-03,2026-03-01,mlit-roumu-r8,参1-参3,https://www.mlit.go.jp/report/press/content/001981942.pdf,PDL1.0,,
86184ae687f07168,JP,labor,労務単価,屋根ふき工,所定労働時間内8時間あたり,人日,pref,25,滋賀県,,,,,JPY,labor_wage_8h,not_set,,,2026-03,2026-03-01,mlit-roumu-r8,参1-参3,https://www.mlit.go.jp/report/press/content/001981942.pdf,PDL1.0,,原本の表で『-』(この都道府県ではこの職種の単価を設定していない)
fdbd1a3a4325b267,JP,labor,労務単価,内装工,所定労働時間内8時間あたり,人日,pref,25,滋賀県,,,,32500,JPY,labor_wage_8h,published_pdl,48000,公共工事設計労務単価＋必要経費(法定福利費(事業主負担分)、労務管理費、宿舎費等)の参考値,2026-03,2026-03-01,mlit-roumu-r8,参1-参3,https://www.mlit.go.jp/report/press/content/001981942.pdf,PDL1.0,,
7a0693a8f385a826,JP,labor,労務単価,ガラス工,所定労働時間内8時間あたり,人日,pref,25,滋賀県,,,,28700,JPY,labor_wage_8h,published_pdl,42400,公共工事設計労務単価＋必要経費(法定福利費(事業主負担分)、労務管理費、宿舎費等)の参考値,2026-03,2026-03-01,mlit-roumu-r8,参1-参3,https://www.mlit.go.jp/report/press/content/001981942.pdf,PDL1.0,,
9f2a1973c11b4ca4,JP,labor,労務単価,建具工,所定労働時間内8時間あたり,人日,pref,25,滋賀県,,,,,JPY,labor_wage_8h,not_set,,,2026-03,2026-03-01,mlit-roumu-r8,参1-参3,https://www.mlit.go.jp/report/press/content/001981942.pdf,PDL1.0,,原本の表で『-』(この都道府県ではこの職種の単価を設定していない)
73528d5e5a9fbe0d,JP,labor,労務単価,ダクト工,所定労働時間内8時間あたり,人日,pref,25,滋賀県,,,,27300,JPY,labor_wage_8h,published_pdl,40300,公共工事設計労務単価＋必要経費(法定福利費(事業主負担分)、労務管理費、宿舎費等)の参考値,2026-03,2026-03-01,mlit-roumu-r8,参1-参3,https://www.mlit.go.jp/report/press/content/001981942.pdf,PDL1.0,,
d91143d70bfd75ae,JP,labor,労務単価,保温工,所定労働時間内8時間あたり,人日,pref,25,滋賀県,,,,30000,JPY,labor_wage_8h,published_pdl,44300,公共工事設計労務単価＋必要経費(法定福利費(事業主負担分)、労務管理費、宿舎費等)の参考値,2026-03,2026-03-01,mlit-roumu-r8,参1-参3,https://www.mlit.go.jp/report/press/content/001981942.pdf,PDL1.0,,
6edc23c472a55b50,JP,labor,労務単価,設備機械工,所定労働時間内8時間あたり,人日,pref,25,滋賀県,,,,30600,JPY,labor_wage_8h,published_pdl,45200,公共工事設計労務単価＋必要経費(法定福利費(事業主負担分)、労務管理費、宿舎費等)の参考値,2026-03,2026-03-01,mlit-roumu-r8,参1-参3,https://www.mlit.go.jp/report/press/content/001981942.pdf,PDL1.0,,
2e8bf3dbd0fe9f8f,JP,labor,労務単価,交通誘導警備員Ａ,所定労働時間内8時間あたり,人日,pref,25,滋賀県,,,,18400,JPY,labor_wage_8h,published_pdl,27200,公共工事設計労務単価＋必要経費(法定福利費(事業主負担分)、労務管理費、宿舎費等)の参考値,2026-03,2026-03-01,mlit-roumu-r8,参1-参3,https://www.mlit.go.jp/report/press/content/001981942.pdf,PDL1.0,,
430cff174533bb24,JP,labor,労務単価,交通誘導警備員Ｂ,所定労働時間内8時間あたり,人日,pref,25,滋賀県,,,,15600,JPY,labor_wage_8h,published_pdl,23000,公共工事設計労務単価＋必要経費(法定福利費(事業主負担分)、労務管理費、宿舎費等)の参考値,2026-03,2026-03-01,mlit-roumu-r8,参1-参3,https://www.mlit.go.jp/report/press/content/001981942.pdf,PDL1.0,,
f4ae7c4386f25222,JP,labor,労務単価,特殊作業員,所定労働時間内8時間あたり,人日,pref,26,京都府,,,,26100,JPY,labor_wage_8h,published_pdl,38500,公共工事設計労務単価＋必要経費(法定福利費(事業主負担分)、労務管理費、宿舎費等)の参考値,2026-03,2026-03-01,mlit-roumu-r8,参1-参3,https://www.mlit.go.jp/report/press/content/001981942.pdf,PDL1.0,,
1ee09d85ad0e3b76,JP,labor,労務単価,普通作業員,所定労働時間内8時間あたり,人日,pref,26,京都府,,,,24400,JPY,labor_wage_8h,published_pdl,36000,公共工事設計労務単価＋必要経費(法定福利費(事業主負担分)、労務管理費、宿舎費等)の参考値,2026-03,2026-03-01,mlit-roumu-r8,参1-参3,https://www.mlit.go.jp/report/press/content/001981942.pdf,PDL1.0,,
f4e8e7b07203508b,JP,labor,労務単価,軽作業員,所定労働時間内8時間あたり,人日,pref,26,京都府,,,,16600,JPY,labor_wage_8h,published_pdl,24500,公共工事設計労務単価＋必要経費(法定福利費(事業主負担分)、労務管理費、宿舎費等)の参考値,2026-03,2026-03-01,mlit-roumu-r8,参1-参3,https://www.mlit.go.jp/report/press/content/001981942.pdf,PDL1.0,,
39dd6d2547f8440b,JP,labor,労務単価,造園工,所定労働時間内8時間あたり,人日,pref,26,京都府,,,,28100,JPY,labor_wage_8h,published_pdl,41500,公共工事設計労務単価＋必要経費(法定福利費(事業主負担分)、労務管理費、宿舎費等)の参考値,2026-03,2026-03-01,mlit-roumu-r8,参1-参3,https://www.mlit.go.jp/report/press/content/001981942.pdf,PDL1.0,,
8a1062babb157a33,JP,labor,労務単価,法面工,所定労働時間内8時間あたり,人日,pref,26,京都府,,,,29700,JPY,labor_wage_8h,published_pdl,43900,公共工事設計労務単価＋必要経費(法定福利費(事業主負担分)、労務管理費、宿舎費等)の参考値,2026-03,2026-03-01,mlit-roumu-r8,参1-参3,https://www.mlit.go.jp/report/press/content/001981942.pdf,PDL1.0,,
9fad0e2ff3d4789a,JP,labor,労務単価,とび工,所定労働時間内8時間あたり,人日,pref,26,京都府,,,,27900,JPY,labor_wage_8h,published_pdl,41200,公共工事設計労務単価＋必要経費(法定福利費(事業主負担分)、労務管理費、宿舎費等)の参考値,2026-03,2026-03-01,mlit-roumu-r8,参1-参3,https://www.mlit.go.jp/report/press/content/001981942.pdf,PDL1.0,,
46cf0f1149ffdb47,JP,labor,労務単価,石工,所定労働時間内8時間あたり,人日,pref,26,京都府,,,,,JPY,labor_wage_8h,not_set,,,2026-03,2026-03-01,mlit-roumu-r8,参1-参3,https://www.mlit.go.jp/report/press/content/001981942.pdf,PDL1.0,,原本の表で『-』(この都道府県ではこの職種の単価を設定していない)
95d0b0270940cff5,JP,labor,労務単価,ブロック工,所定労働時間内8時間あたり,人日,pref,26,京都府,,,,,JPY,labor_wage_8h,not_set,,,2026-03,2026-03-01,mlit-roumu-r8,参1-参3,https://www.mlit.go.jp/report/press/content/001981942.pdf,PDL1.0,,原本の表で『-』(この都道府県ではこの職種の単価を設定していない)
72a31c318eef53be,JP,labor,労務単価,電工,所定労働時間内8時間あたり,人日,pref,26,京都府,,,,27000,JPY,labor_wage_8h,published_pdl,39900,公共工事設計労務単価＋必要経費(法定福利費(事業主負担分)、労務管理費、宿舎費等)の参考値,2026-03,2026-03-01,mlit-roumu-r8,参1-参3,https://www.mlit.go.jp/report/press/content/001981942.pdf,PDL1.0,,
be774aaa0115b943,JP,labor,労務単価,鉄筋工,所定労働時間内8時間あたり,人日,pref,26,京都府,,,,28500,JPY,labor_wage_8h,published_pdl,42100,公共工事設計労務単価＋必要経費(法定福利費(事業主負担分)、労務管理費、宿舎費等)の参考値,2026-03,2026-03-01,mlit-roumu-r8,参1-参3,https://www.mlit.go.jp/report/press/content/001981942.pdf,PDL1.0,,
b1f551c25c8d53b2,JP,labor,労務単価,鉄骨工,所定労働時間内8時間あたり,人日,pref,26,京都府,,,,26900,JPY,labor_wage_8h,published_pdl,39700,公共工事設計労務単価＋必要経費(法定福利費(事業主負担分)、労務管理費、宿舎費等)の参考値,2026-03,2026-03-01,mlit-roumu-r8,参1-参3,https://www.mlit.go.jp/report/press/content/001981942.pdf,PDL1.0,,
089c40e40316fbb6,JP,labor,労務単価,塗装工,所定労働時間内8時間あたり,人日,pref,26,京都府,,,,31300,JPY,labor_wage_8h,published_pdl,46200,公共工事設計労務単価＋必要経費(法定福利費(事業主負担分)、労務管理費、宿舎費等)の参考値,2026-03,2026-03-01,mlit-roumu-r8,参1-参3,https://www.mlit.go.jp/report/press/content/001981942.pdf,PDL1.0,,
83dade4f629a43fd,JP,labor,労務単価,溶接工,所定労働時間内8時間あたり,人日,pref,26,京都府,,,,32900,JPY,labor_wage_8h,published_pdl,48600,公共工事設計労務単価＋必要経費(法定福利費(事業主負担分)、労務管理費、宿舎費等)の参考値,2026-03,2026-03-01,mlit-roumu-r8,参1-参3,https://www.mlit.go.jp/report/press/content/001981942.pdf,PDL1.0,,
7cc5d3d451aab5fd,JP,labor,労務単価,運転手（特殊）,所定労働時間内8時間あたり,人日,pref,26,京都府,,,,26000,JPY,labor_wage_8h,published_pdl,38400,公共工事設計労務単価＋必要経費(法定福利費(事業主負担分)、労務管理費、宿舎費等)の参考値,2026-03,2026-03-01,mlit-roumu-r8,参1-参3,https://www.mlit.go.jp/report/press/content/001981942.pdf,PDL1.0,,
b2bf54168c3667fc,JP,labor,労務単価,運転手（一般）,所定労働時間内8時間あたり,人日,pref,26,京都府,,,,23800,JPY,labor_wage_8h,published_pdl,35200,公共工事設計労務単価＋必要経費(法定福利費(事業主負担分)、労務管理費、宿舎費等)の参考値,2026-03,2026-03-01,mlit-roumu-r8,参1-参3,https://www.mlit.go.jp/report/press/content/001981942.pdf,PDL1.0,,
d09cbcfd05cc00ae,JP,labor,労務単価,潜かん工,所定労働時間内8時間あたり,人日,pref,26,京都府,,,,37200,JPY,labor_wage_8h,published_pdl,54900,公共工事設計労務単価＋必要経費(法定福利費(事業主負担分)、労務管理費、宿舎費等)の参考値,2026-03,2026-03-01,mlit-roumu-r8,参1-参3,https://www.mlit.go.jp/report/press/content/001981942.pdf,PDL1.0,,
aedd6f0b47ada380,JP,labor,労務単価,潜かん世話役,所定労働時間内8時間あたり,人日,pref,26,京都府,,,,46500,JPY,labor_wage_8h,published_pdl,68700,公共工事設計労務単価＋必要経費(法定福利費(事業主負担分)、労務管理費、宿舎費等)の参考値,2026-03,2026-03-01,mlit-roumu-r8,参1-参3,https://www.mlit.go.jp/report/press/content/001981942.pdf,PDL1.0,,
b3a6964dde68dcc8,JP,labor,労務単価,さく岩工,所定労働時間内8時間あたり,人日,pref,26,京都府,,,,30600,JPY,labor_wage_8h,published_pdl,45200,公共工事設計労務単価＋必要経費(法定福利費(事業主負担分)、労務管理費、宿舎費等)の参考値,2026-03,2026-03-01,mlit-roumu-r8,参1-参3,https://www.mlit.go.jp/report/press/content/001981942.pdf,PDL1.0,,
f7fc661b29af4192,JP,labor,労務単価,トンネル特殊工,所定労働時間内8時間あたり,人日,pref,26,京都府,,,,47200,JPY,labor_wage_8h,published_pdl,69700,公共工事設計労務単価＋必要経費(法定福利費(事業主負担分)、労務管理費、宿舎費等)の参考値,2026-03,2026-03-01,mlit-roumu-r8,参1-参3,https://www.mlit.go.jp/report/press/content/001981942.pdf,PDL1.0,,
e3f91aceb8f8cdf9,JP,labor,労務単価,トンネル作業員,所定労働時間内8時間あたり,人日,pref,26,京都府,,,,31400,JPY,labor_wage_8h,published_pdl,46400,公共工事設計労務単価＋必要経費(法定福利費(事業主負担分)、労務管理費、宿舎費等)の参考値,2026-03,2026-03-01,mlit-roumu-r8,参1-参3,https://www.mlit.go.jp/report/press/content/001981942.pdf,PDL1.0,,
30201e652f5a24f2,JP,labor,労務単価,トンネル世話役,所定労働時間内8時間あたり,人日,pref,26,京都府,,,,45800,JPY,labor_wage_8h,published_pdl,67600,公共工事設計労務単価＋必要経費(法定福利費(事業主負担分)、労務管理費、宿舎費等)の参考値,2026-03,2026-03-01,mlit-roumu-r8,参1-参3,https://www.mlit.go.jp/report/press/content/001981942.pdf,PDL1.0,,
7537486b67e5af93,JP,labor,労務単価,橋りょう特殊工,所定労働時間内8時間あたり,人日,pref,26,京都府,,,,34400,JPY,labor_wage_8h,published_pdl,50800,公共工事設計労務単価＋必要経費(法定福利費(事業主負担分)、労務管理費、宿舎費等)の参考値,2026-03,2026-03-01,mlit-roumu-r8,参1-参3,https://www.mlit.go.jp/report/press/content/001981942.pdf,PDL1.0,,
0468d4691ea4ba4b,JP,labor,労務単価,橋りょう塗装工,所定労働時間内8時間あたり,人日,pref,26,京都府,,,,33900,JPY,labor_wage_8h,published_pdl,50100,公共工事設計労務単価＋必要経費(法定福利費(事業主負担分)、労務管理費、宿舎費等)の参考値,2026-03,2026-03-01,mlit-roumu-r8,参1-参3,https://www.mlit.go.jp/report/press/content/001981942.pdf,PDL1.0,,
9fe99d47442bd13e,JP,labor,労務単価,橋りょう世話役,所定労働時間内8時間あたり,人日,pref,26,京都府,,,,44000,JPY,labor_wage_8h,published_pdl,65000,公共工事設計労務単価＋必要経費(法定福利費(事業主負担分)、労務管理費、宿舎費等)の参考値,2026-03,2026-03-01,mlit-roumu-r8,参1-参3,https://www.mlit.go.jp/report/press/content/001981942.pdf,PDL1.0,,
ea1727cb49ad4fbc,JP,labor,労務単価,土木一般世話役,所定労働時間内8時間あたり,人日,pref,26,京都府,,,,29700,JPY,labor_wage_8h,published_pdl,43900,公共工事設計労務単価＋必要経費(法定福利費(事業主負担分)、労務管理費、宿舎費等)の参考値,2026-03,2026-03-01,mlit-roumu-r8,参1-参3,https://www.mlit.go.jp/report/press/content/001981942.pdf,PDL1.0,,
d2a0b08ca125664f,JP,labor,労務単価,高級船員,所定労働時間内8時間あたり,人日,pref,26,京都府,,,,33200,JPY,labor_wage_8h,published_pdl,49000,公共工事設計労務単価＋必要経費(法定福利費(事業主負担分)、労務管理費、宿舎費等)の参考値,2026-03,2026-03-01,mlit-roumu-r8,参1-参3,https://www.mlit.go.jp/report/press/content/001981942.pdf,PDL1.0,,
cb1f4daa3935d8f0,JP,labor,労務単価,普通船員,所定労働時間内8時間あたり,人日,pref,26,京都府,,,,28400,JPY,labor_wage_8h,published_pdl,41900,公共工事設計労務単価＋必要経費(法定福利費(事業主負担分)、労務管理費、宿舎費等)の参考値,2026-03,2026-03-01,mlit-roumu-r8,参1-参3,https://www.mlit.go.jp/report/press/content/001981942.pdf,PDL1.0,,
5d66fad2acef28b9,JP,labor,労務単価,潜水士,所定労働時間内8時間あたり,人日,pref,26,京都府,,,,41500,JPY,labor_wage_8h,published_pdl,61300,公共工事設計労務単価＋必要経費(法定福利費(事業主負担分)、労務管理費、宿舎費等)の参考値,2026-03,2026-03-01,mlit-roumu-r8,参1-参3,https://www.mlit.go.jp/report/press/content/001981942.pdf,PDL1.0,,
35d7d9aa96b3332b,JP,labor,労務単価,潜水連絡員,所定労働時間内8時間あたり,人日,pref,26,京都府,,,,33100,JPY,labor_wage_8h,published_pdl,48900,公共工事設計労務単価＋必要経費(法定福利費(事業主負担分)、労務管理費、宿舎費等)の参考値,2026-03,2026-03-01,mlit-roumu-r8,参1-参3,https://www.mlit.go.jp/report/press/content/001981942.pdf,PDL1.0,,
aaac57049ba66c4b,JP,labor,労務単価,潜水送気員,所定労働時間内8時間あたり,人日,pref,26,京都府,,,,31200,JPY,labor_wage_8h,published_pdl,46100,公共工事設計労務単価＋必要経費(法定福利費(事業主負担分)、労務管理費、宿舎費等)の参考値,2026-03,2026-03-01,mlit-roumu-r8,参1-参3,https://www.mlit.go.jp/report/press/content/001981942.pdf,PDL1.0,,
ce39acdf1b70eb32,JP,labor,労務単価,山林砂防工,所定労働時間内8時間あたり,人日,pref,26,京都府,,,,30300,JPY,labor_wage_8h,published_pdl,44800,公共工事設計労務単価＋必要経費(法定福利費(事業主負担分)、労務管理費、宿舎費等)の参考値,2026-03,2026-03-01,mlit-roumu-r8,参1-参3,https://www.mlit.go.jp/report/press/content/001981942.pdf,PDL1.0,,
b47193f24b6d178e,JP,labor,労務単価,軌道工,所定労働時間内8時間あたり,人日,pref,26,京都府,,,,46200,JPY,labor_wage_8h,published_pdl,68200,公共工事設計労務単価＋必要経費(法定福利費(事業主負担分)、労務管理費、宿舎費等)の参考値,2026-03,2026-03-01,mlit-roumu-r8,参1-参3,https://www.mlit.go.jp/report/press/content/001981942.pdf,PDL1.0,,
06abce4779b3b25c,JP,labor,労務単価,型わく工,所定労働時間内8時間あたり,人日,pref,26,京都府,,,,31700,JPY,labor_wage_8h,published_pdl,46800,公共工事設計労務単価＋必要経費(法定福利費(事業主負担分)、労務管理費、宿舎費等)の参考値,2026-03,2026-03-01,mlit-roumu-r8,参1-参3,https://www.mlit.go.jp/report/press/content/001981942.pdf,PDL1.0,,
9ec011b2a5fab549,JP,labor,労務単価,大工,所定労働時間内8時間あたり,人日,pref,26,京都府,,,,29300,JPY,labor_wage_8h,published_pdl,43300,公共工事設計労務単価＋必要経費(法定福利費(事業主負担分)、労務管理費、宿舎費等)の参考値,2026-03,2026-03-01,mlit-roumu-r8,参1-参3,https://www.mlit.go.jp/report/press/content/001981942.pdf,PDL1.0,,
063e9f79cce16d4f,JP,labor,労務単価,左官,所定労働時間内8時間あたり,人日,pref,26,京都府,,,,30000,JPY,labor_wage_8h,published_pdl,44300,公共工事設計労務単価＋必要経費(法定福利費(事業主負担分)、労務管理費、宿舎費等)の参考値,2026-03,2026-03-01,mlit-roumu-r8,参1-参3,https://www.mlit.go.jp/report/press/content/001981942.pdf,PDL1.0,,
3a7f5baa40e8d750,JP,labor,労務単価,配管工,所定労働時間内8時間あたり,人日,pref,26,京都府,,,,27500,JPY,labor_wage_8h,published_pdl,40600,公共工事設計労務単価＋必要経費(法定福利費(事業主負担分)、労務管理費、宿舎費等)の参考値,2026-03,2026-03-01,mlit-roumu-r8,参1-参3,https://www.mlit.go.jp/report/press/content/001981942.pdf,PDL1.0,,
ea80eef562169f77,JP,labor,労務単価,はつり工,所定労働時間内8時間あたり,人日,pref,26,京都府,,,,30600,JPY,labor_wage_8h,published_pdl,45200,公共工事設計労務単価＋必要経費(法定福利費(事業主負担分)、労務管理費、宿舎費等)の参考値,2026-03,2026-03-01,mlit-roumu-r8,参1-参3,https://www.mlit.go.jp/report/press/content/001981942.pdf,PDL1.0,,
85b78379fb3c19ce,JP,labor,労務単価,防水工,所定労働時間内8時間あたり,人日,pref,26,京都府,,,,28800,JPY,labor_wage_8h,published_pdl,42500,公共工事設計労務単価＋必要経費(法定福利費(事業主負担分)、労務管理費、宿舎費等)の参考値,2026-03,2026-03-01,mlit-roumu-r8,参1-参3,https://www.mlit.go.jp/report/press/content/001981942.pdf,PDL1.0,,
f29ac8c9af793a07,JP,labor,労務単価,板金工,所定労働時間内8時間あたり,人日,pref,26,京都府,,,,,JPY,labor_wage_8h,not_set,,,2026-03,2026-03-01,mlit-roumu-r8,参1-参3,https://www.mlit.go.jp/report/press/content/001981942.pdf,PDL1.0,,原本の表で『-』(この都道府県ではこの職種の単価を設定していない)
5ef1581b8b58269d,JP,labor,労務単価,タイル工,所定労働時間内8時間あたり,人日,pref,26,京都府,,,,,JPY,labor_wage_8h,not_set,,,2026-03,2026-03-01,mlit-roumu-r8,参1-参3,https://www.mlit.go.jp/report/press/content/001981942.pdf,PDL1.0,,原本の表で『-』(この都道府県ではこの職種の単価を設定していない)
01dcf400ddb07ec0,JP,labor,労務単価,サッシ工,所定労働時間内8時間あたり,人日,pref,26,京都府,,,,31400,JPY,labor_wage_8h,published_pdl,46400,公共工事設計労務単価＋必要経費(法定福利費(事業主負担分)、労務管理費、宿舎費等)の参考値,2026-03,2026-03-01,mlit-roumu-r8,参1-参3,https://www.mlit.go.jp/report/press/content/001981942.pdf,PDL1.0,,
5f94be8f47cb8d35,JP,labor,労務単価,屋根ふき工,所定労働時間内8時間あたり,人日,pref,26,京都府,,,,,JPY,labor_wage_8h,not_set,,,2026-03,2026-03-01,mlit-roumu-r8,参1-参3,https://www.mlit.go.jp/report/press/content/001981942.pdf,PDL1.0,,原本の表で『-』(この都道府県ではこの職種の単価を設定していない)
c62e4c8fea70e535,JP,labor,労務単価,内装工,所定労働時間内8時間あたり,人日,pref,26,京都府,,,,32600,JPY,labor_wage_8h,published_pdl,48200,公共工事設計労務単価＋必要経費(法定福利費(事業主負担分)、労務管理費、宿舎費等)の参考値,2026-03,2026-03-01,mlit-roumu-r8,参1-参3,https://www.mlit.go.jp/report/press/content/001981942.pdf,PDL1.0,,
8958b5d972d94ae8,JP,labor,労務単価,ガラス工,所定労働時間内8時間あたり,人日,pref,26,京都府,,,,28700,JPY,labor_wage_8h,published_pdl,42400,公共工事設計労務単価＋必要経費(法定福利費(事業主負担分)、労務管理費、宿舎費等)の参考値,2026-03,2026-03-01,mlit-roumu-r8,参1-参3,https://www.mlit.go.jp/report/press/content/001981942.pdf,PDL1.0,,
67ce76c87857f84d,JP,labor,労務単価,建具工,所定労働時間内8時間あたり,人日,pref,26,京都府,,,,,JPY,labor_wage_8h,not_set,,,2026-03,2026-03-01,mlit-roumu-r8,参1-参3,https://www.mlit.go.jp/report/press/content/001981942.pdf,PDL1.0,,原本の表で『-』(この都道府県ではこの職種の単価を設定していない)
047a60aedbc0eb21,JP,labor,労務単価,ダクト工,所定労働時間内8時間あたり,人日,pref,26,京都府,,,,27700,JPY,labor_wage_8h,published_pdl,40900,公共工事設計労務単価＋必要経費(法定福利費(事業主負担分)、労務管理費、宿舎費等)の参考値,2026-03,2026-03-01,mlit-roumu-r8,参1-参3,https://www.mlit.go.jp/report/press/content/001981942.pdf,PDL1.0,,
2658ad7c9940b527,JP,labor,労務単価,保温工,所定労働時間内8時間あたり,人日,pref,26,京都府,,,,29700,JPY,labor_wage_8h,published_pdl,43900,公共工事設計労務単価＋必要経費(法定福利費(事業主負担分)、労務管理費、宿舎費等)の参考値,2026-03,2026-03-01,mlit-roumu-r8,参1-参3,https://www.mlit.go.jp/report/press/content/001981942.pdf,PDL1.0,,
4235f0e165ed0df2,JP,labor,労務単価,設備機械工,所定労働時間内8時間あたり,人日,pref,26,京都府,,,,30400,JPY,labor_wage_8h,published_pdl,44900,公共工事設計労務単価＋必要経費(法定福利費(事業主負担分)、労務管理費、宿舎費等)の参考値,2026-03,2026-03-01,mlit-roumu-r8,参1-参3,https://www.mlit.go.jp/report/press/content/001981942.pdf,PDL1.0,,
c4bca3dff2ada97c,JP,labor,労務単価,交通誘導警備員Ａ,所定労働時間内8時間あたり,人日,pref,26,京都府,,,,18500,JPY,labor_wage_8h,published_pdl,27300,公共工事設計労務単価＋必要経費(法定福利費(事業主負担分)、労務管理費、宿舎費等)の参考値,2026-03,2026-03-01,mlit-roumu-r8,参1-参3,https://www.mlit.go.jp/report/press/content/001981942.pdf,PDL1.0,,
ca455c5cd1af3d20,JP,labor,労務単価,交通誘導警備員Ｂ,所定労働時間内8時間あたり,人日,pref,26,京都府,,,,15000,JPY,labor_wage_8h,published_pdl,22200,公共工事設計労務単価＋必要経費(法定福利費(事業主負担分)、労務管理費、宿舎費等)の参考値,2026-03,2026-03-01,mlit-roumu-r8,参1-参3,https://www.mlit.go.jp/report/press/content/001981942.pdf,PDL1.0,,
37ccec52d68a13f3,JP,labor,労務単価,特殊作業員,所定労働時間内8時間あたり,人日,pref,27,大阪府,,,,27800,JPY,labor_wage_8h,published_pdl,41100,公共工事設計労務単価＋必要経費(法定福利費(事業主負担分)、労務管理費、宿舎費等)の参考値,2026-03,2026-03-01,mlit-roumu-r8,参1-参3,https://www.mlit.go.jp/report/press/content/001981942.pdf,PDL1.0,,
19b6dff5e86bb2ce,JP,labor,労務単価,普通作業員,所定労働時間内8時間あたり,人日,pref,27,大阪府,,,,23800,JPY,labor_wage_8h,published_pdl,35200,公共工事設計労務単価＋必要経費(法定福利費(事業主負担分)、労務管理費、宿舎費等)の参考値,2026-03,2026-03-01,mlit-roumu-r8,参1-参3,https://www.mlit.go.jp/report/press/content/001981942.pdf,PDL1.0,,
5811ddb02b1a0e81,JP,labor,労務単価,軽作業員,所定労働時間内8時間あたり,人日,pref,27,大阪府,,,,16500,JPY,labor_wage_8h,published_pdl,24400,公共工事設計労務単価＋必要経費(法定福利費(事業主負担分)、労務管理費、宿舎費等)の参考値,2026-03,2026-03-01,mlit-roumu-r8,参1-参3,https://www.mlit.go.jp/report/press/content/001981942.pdf,PDL1.0,,
1a7d4e6d412f37d0,JP,labor,労務単価,造園工,所定労働時間内8時間あたり,人日,pref,27,大阪府,,,,28100,JPY,labor_wage_8h,published_pdl,41500,公共工事設計労務単価＋必要経費(法定福利費(事業主負担分)、労務管理費、宿舎費等)の参考値,2026-03,2026-03-01,mlit-roumu-r8,参1-参3,https://www.mlit.go.jp/report/press/content/001981942.pdf,PDL1.0,,
5bdbecab433c431d,JP,labor,労務単価,法面工,所定労働時間内8時間あたり,人日,pref,27,大阪府,,,,30800,JPY,labor_wage_8h,published_pdl,45500,公共工事設計労務単価＋必要経費(法定福利費(事業主負担分)、労務管理費、宿舎費等)の参考値,2026-03,2026-03-01,mlit-roumu-r8,参1-参3,https://www.mlit.go.jp/report/press/content/001981942.pdf,PDL1.0,,
5930231a10d627b5,JP,labor,労務単価,とび工,所定労働時間内8時間あたり,人日,pref,27,大阪府,,,,29600,JPY,labor_wage_8h,published_pdl,43700,公共工事設計労務単価＋必要経費(法定福利費(事業主負担分)、労務管理費、宿舎費等)の参考値,2026-03,2026-03-01,mlit-roumu-r8,参1-参3,https://www.mlit.go.jp/report/press/content/001981942.pdf,PDL1.0,,
35907cf2855af844,JP,labor,労務単価,石工,所定労働時間内8時間あたり,人日,pref,27,大阪府,,,,,JPY,labor_wage_8h,not_set,,,2026-03,2026-03-01,mlit-roumu-r8,参1-参3,https://www.mlit.go.jp/report/press/content/001981942.pdf,PDL1.0,,原本の表で『-』(この都道府県ではこの職種の単価を設定していない)
ef30c6382337d46f,JP,labor,労務単価,ブロック工,所定労働時間内8時間あたり,人日,pref,27,大阪府,,,,,JPY,labor_wage_8h,not_set,,,2026-03,2026-03-01,mlit-roumu-r8,参1-参3,https://www.mlit.go.jp/report/press/content/001981942.pdf,PDL1.0,,原本の表で『-』(この都道府県ではこの職種の単価を設定していない)
089c519d0e555506,JP,labor,労務単価,電工,所定労働時間内8時間あたり,人日,pref,27,大阪府,,,,28100,JPY,labor_wage_8h,published_pdl,41500,公共工事設計労務単価＋必要経費(法定福利費(事業主負担分)、労務管理費、宿舎費等)の参考値,2026-03,2026-03-01,mlit-roumu-r8,参1-参3,https://www.mlit.go.jp/report/press/content/001981942.pdf,PDL1.0,,
b6bfd40b3f55b318,JP,labor,労務単価,鉄筋工,所定労働時間内8時間あたり,人日,pref,27,大阪府,,,,29000,JPY,labor_wage_8h,published_pdl,42800,公共工事設計労務単価＋必要経費(法定福利費(事業主負担分)、労務管理費、宿舎費等)の参考値,2026-03,2026-03-01,mlit-roumu-r8,参1-参3,https://www.mlit.go.jp/report/press/content/001981942.pdf,PDL1.0,,
448baa0f36b7bae0,JP,labor,労務単価,鉄骨工,所定労働時間内8時間あたり,人日,pref,27,大阪府,,,,27400,JPY,labor_wage_8h,published_pdl,40500,公共工事設計労務単価＋必要経費(法定福利費(事業主負担分)、労務管理費、宿舎費等)の参考値,2026-03,2026-03-01,mlit-roumu-r8,参1-参3,https://www.mlit.go.jp/report/press/content/001981942.pdf,PDL1.0,,
effc45a10cc92a59,JP,labor,労務単価,塗装工,所定労働時間内8時間あたり,人日,pref,27,大阪府,,,,32300,JPY,labor_wage_8h,published_pdl,47700,公共工事設計労務単価＋必要経費(法定福利費(事業主負担分)、労務管理費、宿舎費等)の参考値,2026-03,2026-03-01,mlit-roumu-r8,参1-参3,https://www.mlit.go.jp/report/press/content/001981942.pdf,PDL1.0,,
31a42e82c82d1af8,JP,labor,労務単価,溶接工,所定労働時間内8時間あたり,人日,pref,27,大阪府,,,,32500,JPY,labor_wage_8h,published_pdl,48000,公共工事設計労務単価＋必要経費(法定福利費(事業主負担分)、労務管理費、宿舎費等)の参考値,2026-03,2026-03-01,mlit-roumu-r8,参1-参3,https://www.mlit.go.jp/report/press/content/001981942.pdf,PDL1.0,,
ee2beab119ba3501,JP,labor,労務単価,運転手（特殊）,所定労働時間内8時間あたり,人日,pref,27,大阪府,,,,27900,JPY,labor_wage_8h,published_pdl,41200,公共工事設計労務単価＋必要経費(法定福利費(事業主負担分)、労務管理費、宿舎費等)の参考値,2026-03,2026-03-01,mlit-roumu-r8,参1-参3,https://www.mlit.go.jp/report/press/content/001981942.pdf,PDL1.0,,
66b86c4d03d1ed79,JP,labor,労務単価,運転手（一般）,所定労働時間内8時間あたり,人日,pref,27,大阪府,,,,24100,JPY,labor_wage_8h,published_pdl,35600,公共工事設計労務単価＋必要経費(法定福利費(事業主負担分)、労務管理費、宿舎費等)の参考値,2026-03,2026-03-01,mlit-roumu-r8,参1-参3,https://www.mlit.go.jp/report/press/content/001981942.pdf,PDL1.0,,
3d0e1552fcce209e,JP,labor,労務単価,潜かん工,所定労働時間内8時間あたり,人日,pref,27,大阪府,,,,37200,JPY,labor_wage_8h,published_pdl,54900,公共工事設計労務単価＋必要経費(法定福利費(事業主負担分)、労務管理費、宿舎費等)の参考値,2026-03,2026-03-01,mlit-roumu-r8,参1-参3,https://www.mlit.go.jp/report/press/content/001981942.pdf,PDL1.0,,
d9bf5ad2d43306e0,JP,labor,労務単価,潜かん世話役,所定労働時間内8時間あたり,人日,pref,27,大阪府,,,,46500,JPY,labor_wage_8h,published_pdl,68700,公共工事設計労務単価＋必要経費(法定福利費(事業主負担分)、労務管理費、宿舎費等)の参考値,2026-03,2026-03-01,mlit-roumu-r8,参1-参3,https://www.mlit.go.jp/report/press/content/001981942.pdf,PDL1.0,,
0094e134d4d39dbd,JP,labor,労務単価,さく岩工,所定労働時間内8時間あたり,人日,pref,27,大阪府,,,,30600,JPY,labor_wage_8h,published_pdl,45200,公共工事設計労務単価＋必要経費(法定福利費(事業主負担分)、労務管理費、宿舎費等)の参考値,2026-03,2026-03-01,mlit-roumu-r8,参1-参3,https://www.mlit.go.jp/report/press/content/001981942.pdf,PDL1.0,,
3ffc086e4cf07c8b,JP,labor,労務単価,トンネル特殊工,所定労働時間内8時間あたり,人日,pref,27,大阪府,,,,46900,JPY,labor_wage_8h,published_pdl,69300,公共工事設計労務単価＋必要経費(法定福利費(事業主負担分)、労務管理費、宿舎費等)の参考値,2026-03,2026-03-01,mlit-roumu-r8,参1-参3,https://www.mlit.go.jp/report/press/content/001981942.pdf,PDL1.0,,
788648537dba4e66,JP,labor,労務単価,トンネル作業員,所定労働時間内8時間あたり,人日,pref,27,大阪府,,,,31200,JPY,labor_wage_8h,published_pdl,46100,公共工事設計労務単価＋必要経費(法定福利費(事業主負担分)、労務管理費、宿舎費等)の参考値,2026-03,2026-03-01,mlit-roumu-r8,参1-参3,https://www.mlit.go.jp/report/press/content/001981942.pdf,PDL1.0,,
e5a58e03435ab382,JP,labor,労務単価,トンネル世話役,所定労働時間内8時間あたり,人日,pref,27,大阪府,,,,45500,JPY,labor_wage_8h,published_pdl,67200,公共工事設計労務単価＋必要経費(法定福利費(事業主負担分)、労務管理費、宿舎費等)の参考値,2026-03,2026-03-01,mlit-roumu-r8,参1-参3,https://www.mlit.go.jp/report/press/content/001981942.pdf,PDL1.0,,
b81859fb75ce504a,JP,labor,労務単価,橋りょう特殊工,所定労働時間内8時間あたり,人日,pref,27,大阪府,,,,34800,JPY,labor_wage_8h,published_pdl,51400,公共工事設計労務単価＋必要経費(法定福利費(事業主負担分)、労務管理費、宿舎費等)の参考値,2026-03,2026-03-01,mlit-roumu-r8,参1-参3,https://www.mlit.go.jp/report/press/content/001981942.pdf,PDL1.0,,
974c43115b781945,JP,labor,労務単価,橋りょう塗装工,所定労働時間内8時間あたり,人日,pref,27,大阪府,,,,33900,JPY,labor_wage_8h,published_pdl,50100,公共工事設計労務単価＋必要経費(法定福利費(事業主負担分)、労務管理費、宿舎費等)の参考値,2026-03,2026-03-01,mlit-roumu-r8,参1-参3,https://www.mlit.go.jp/report/press/content/001981942.pdf,PDL1.0,,
99a73db384480f3b,JP,labor,労務単価,橋りょう世話役,所定労働時間内8時間あたり,人日,pref,27,大阪府,,,,44900,JPY,labor_wage_8h,published_pdl,66300,公共工事設計労務単価＋必要経費(法定福利費(事業主負担分)、労務管理費、宿舎費等)の参考値,2026-03,2026-03-01,mlit-roumu-r8,参1-参3,https://www.mlit.go.jp/report/press/content/001981942.pdf,PDL1.0,,
433d07a40d5d6a8f,JP,labor,労務単価,土木一般世話役,所定労働時間内8時間あたり,人日,pref,27,大阪府,,,,30800,JPY,labor_wage_8h,published_pdl,45500,公共工事設計労務単価＋必要経費(法定福利費(事業主負担分)、労務管理費、宿舎費等)の参考値,2026-03,2026-03-01,mlit-roumu-r8,参1-参3,https://www.mlit.go.jp/report/press/content/001981942.pdf,PDL1.0,,
aa249ac81c55e562,JP,labor,労務単価,高級船員,所定労働時間内8時間あたり,人日,pref,27,大阪府,,,,35600,JPY,labor_wage_8h,published_pdl,52600,公共工事設計労務単価＋必要経費(法定福利費(事業主負担分)、労務管理費、宿舎費等)の参考値,2026-03,2026-03-01,mlit-roumu-r8,参1-参3,https://www.mlit.go.jp/report/press/content/001981942.pdf,PDL1.0,,
d377eff18d0539ae,JP,labor,労務単価,普通船員,所定労働時間内8時間あたり,人日,pref,27,大阪府,,,,28400,JPY,labor_wage_8h,published_pdl,41900,公共工事設計労務単価＋必要経費(法定福利費(事業主負担分)、労務管理費、宿舎費等)の参考値,2026-03,2026-03-01,mlit-roumu-r8,参1-参3,https://www.mlit.go.jp/report/press/content/001981942.pdf,PDL1.0,,
f805a33518b2e02b,JP,labor,労務単価,潜水士,所定労働時間内8時間あたり,人日,pref,27,大阪府,,,,42500,JPY,labor_wage_8h,published_pdl,62800,公共工事設計労務単価＋必要経費(法定福利費(事業主負担分)、労務管理費、宿舎費等)の参考値,2026-03,2026-03-01,mlit-roumu-r8,参1-参3,https://www.mlit.go.jp/report/press/content/001981942.pdf,PDL1.0,,
8c94747c2e5879bc,JP,labor,労務単価,潜水連絡員,所定労働時間内8時間あたり,人日,pref,27,大阪府,,,,32800,JPY,labor_wage_8h,published_pdl,48400,公共工事設計労務単価＋必要経費(法定福利費(事業主負担分)、労務管理費、宿舎費等)の参考値,2026-03,2026-03-01,mlit-roumu-r8,参1-参3,https://www.mlit.go.jp/report/press/content/001981942.pdf,PDL1.0,,
1e2c51a470e446ca,JP,labor,労務単価,潜水送気員,所定労働時間内8時間あたり,人日,pref,27,大阪府,,,,31700,JPY,labor_wage_8h,published_pdl,46800,公共工事設計労務単価＋必要経費(法定福利費(事業主負担分)、労務管理費、宿舎費等)の参考値,2026-03,2026-03-01,mlit-roumu-r8,参1-参3,https://www.mlit.go.jp/report/press/content/001981942.pdf,PDL1.0,,
53d52337adfee64d,JP,labor,労務単価,山林砂防工,所定労働時間内8時間あたり,人日,pref,27,大阪府,,,,30300,JPY,labor_wage_8h,published_pdl,44800,公共工事設計労務単価＋必要経費(法定福利費(事業主負担分)、労務管理費、宿舎費等)の参考値,2026-03,2026-03-01,mlit-roumu-r8,参1-参3,https://www.mlit.go.jp/report/press/content/001981942.pdf,PDL1.0,,
2c64fe61c710fe34,JP,labor,労務単価,軌道工,所定労働時間内8時間あたり,人日,pref,27,大阪府,,,,48100,JPY,labor_wage_8h,published_pdl,71000,公共工事設計労務単価＋必要経費(法定福利費(事業主負担分)、労務管理費、宿舎費等)の参考値,2026-03,2026-03-01,mlit-roumu-r8,参1-参3,https://www.mlit.go.jp/report/press/content/001981942.pdf,PDL1.0,,
0966b63c52818074,JP,labor,労務単価,型わく工,所定労働時間内8時間あたり,人日,pref,27,大阪府,,,,33400,JPY,labor_wage_8h,published_pdl,49300,公共工事設計労務単価＋必要経費(法定福利費(事業主負担分)、労務管理費、宿舎費等)の参考値,2026-03,2026-03-01,mlit-roumu-r8,参1-参3,https://www.mlit.go.jp/report/press/content/001981942.pdf,PDL1.0,,
e584976633460b95,JP,labor,労務単価,大工,所定労働時間内8時間あたり,人日,pref,27,大阪府,,,,29300,JPY,labor_wage_8h,published_pdl,43300,公共工事設計労務単価＋必要経費(法定福利費(事業主負担分)、労務管理費、宿舎費等)の参考値,2026-03,2026-03-01,mlit-roumu-r8,参1-参3,https://www.mlit.go.jp/report/press/content/001981942.pdf,PDL1.0,,
92fac4cc76395659,JP,labor,労務単価,左官,所定労働時間内8時間あたり,人日,pref,27,大阪府,,,,30100,JPY,labor_wage_8h,published_pdl,44500,公共工事設計労務単価＋必要経費(法定福利費(事業主負担分)、労務管理費、宿舎費等)の参考値,2026-03,2026-03-01,mlit-roumu-r8,参1-参3,https://www.mlit.go.jp/report/press/content/001981942.pdf,PDL1.0,,
05daa9747e9ed5ce,JP,labor,労務単価,配管工,所定労働時間内8時間あたり,人日,pref,27,大阪府,,,,28200,JPY,labor_wage_8h,published_pdl,41700,公共工事設計労務単価＋必要経費(法定福利費(事業主負担分)、労務管理費、宿舎費等)の参考値,2026-03,2026-03-01,mlit-roumu-r8,参1-参3,https://www.mlit.go.jp/report/press/content/001981942.pdf,PDL1.0,,
60cb7dffdd7ec21b,JP,labor,労務単価,はつり工,所定労働時間内8時間あたり,人日,pref,27,大阪府,,,,30600,JPY,labor_wage_8h,published_pdl,45200,公共工事設計労務単価＋必要経費(法定福利費(事業主負担分)、労務管理費、宿舎費等)の参考値,2026-03,2026-03-01,mlit-roumu-r8,参1-参3,https://www.mlit.go.jp/report/press/content/001981942.pdf,PDL1.0,,
630c8404ba057118,JP,labor,労務単価,防水工,所定労働時間内8時間あたり,人日,pref,27,大阪府,,,,28900,JPY,labor_wage_8h,published_pdl,42700,公共工事設計労務単価＋必要経費(法定福利費(事業主負担分)、労務管理費、宿舎費等)の参考値,2026-03,2026-03-01,mlit-roumu-r8,参1-参3,https://www.mlit.go.jp/report/press/content/001981942.pdf,PDL1.0,,
0487437843e38143,JP,labor,労務単価,板金工,所定労働時間内8時間あたり,人日,pref,27,大阪府,,,,,JPY,labor_wage_8h,not_set,,,2026-03,2026-03-01,mlit-roumu-r8,参1-参3,https://www.mlit.go.jp/report/press/content/001981942.pdf,PDL1.0,,原本の表で『-』(この都道府県ではこの職種の単価を設定していない)
8dad6d465e98f803,JP,labor,労務単価,タイル工,所定労働時間内8時間あたり,人日,pref,27,大阪府,,,,,JPY,labor_wage_8h,not_set,,,2026-03,2026-03-01,mlit-roumu-r8,参1-参3,https://www.mlit.go.jp/report/press/content/001981942.pdf,PDL1.0,,原本の表で『-』(この都道府県ではこの職種の単価を設定していない)
f0569d6def3bb35a,JP,labor,労務単価,サッシ工,所定労働時間内8時間あたり,人日,pref,27,大阪府,,,,30900,JPY,labor_wage_8h,published_pdl,45600,公共工事設計労務単価＋必要経費(法定福利費(事業主負担分)、労務管理費、宿舎費等)の参考値,2026-03,2026-03-01,mlit-roumu-r8,参1-参3,https://www.mlit.go.jp/report/press/content/001981942.pdf,PDL1.0,,
0cfa69ed9d7e1c66,JP,labor,労務単価,屋根ふき工,所定労働時間内8時間あたり,人日,pref,27,大阪府,,,,,JPY,labor_wage_8h,not_set,,,2026-03,2026-03-01,mlit-roumu-r8,参1-参3,https://www.mlit.go.jp/report/press/content/001981942.pdf,PDL1.0,,原本の表で『-』(この都道府県ではこの職種の単価を設定していない)
c83e614b5ca56133,JP,labor,労務単価,内装工,所定労働時間内8時間あたり,人日,pref,27,大阪府,,,,32600,JPY,labor_wage_8h,published_pdl,48200,公共工事設計労務単価＋必要経費(法定福利費(事業主負担分)、労務管理費、宿舎費等)の参考値,2026-03,2026-03-01,mlit-roumu-r8,参1-参3,https://www.mlit.go.jp/report/press/content/001981942.pdf,PDL1.0,,
2c1445cf68d2cb0a,JP,labor,労務単価,ガラス工,所定労働時間内8時間あたり,人日,pref,27,大阪府,,,,28700,JPY,labor_wage_8h,published_pdl,42400,公共工事設計労務単価＋必要経費(法定福利費(事業主負担分)、労務管理費、宿舎費等)の参考値,2026-03,2026-03-01,mlit-roumu-r8,参1-参3,https://www.mlit.go.jp/report/press/content/001981942.pdf,PDL1.0,,
ee5b4f9653d2b077,JP,labor,労務単価,建具工,所定労働時間内8時間あたり,人日,pref,27,大阪府,,,,,JPY,labor_wage_8h,not_set,,,2026-03,2026-03-01,mlit-roumu-r8,参1-参3,https://www.mlit.go.jp/report/press/content/001981942.pdf,PDL1.0,,原本の表で『-』(この都道府県ではこの職種の単価を設定していない)
7f416ebbe386f56f,JP,labor,労務単価,ダクト工,所定労働時間内8時間あたり,人日,pref,27,大阪府,,,,26900,JPY,labor_wage_8h,published_pdl,39700,公共工事設計労務単価＋必要経費(法定福利費(事業主負担分)、労務管理費、宿舎費等)の参考値,2026-03,2026-03-01,mlit-roumu-r8,参1-参3,https://www.mlit.go.jp/report/press/content/001981942.pdf,PDL1.0,,
e589ba4c7fa14d50,JP,labor,労務単価,保温工,所定労働時間内8時間あたり,人日,pref,27,大阪府,,,,29500,JPY,labor_wage_8h,published_pdl,43600,公共工事設計労務単価＋必要経費(法定福利費(事業主負担分)、労務管理費、宿舎費等)の参考値,2026-03,2026-03-01,mlit-roumu-r8,参1-参3,https://www.mlit.go.jp/report/press/content/001981942.pdf,PDL1.0,,
b872b1b248329231,JP,labor,労務単価,設備機械工,所定労働時間内8時間あたり,人日,pref,27,大阪府,,,,30100,JPY,labor_wage_8h,published_pdl,44500,公共工事設計労務単価＋必要経費(法定福利費(事業主負担分)、労務管理費、宿舎費等)の参考値,2026-03,2026-03-01,mlit-roumu-r8,参1-参3,https://www.mlit.go.jp/report/press/content/001981942.pdf,PDL1.0,,
61dc40e8b4dc538d,JP,labor,労務単価,交通誘導警備員Ａ,所定労働時間内8時間あたり,人日,pref,27,大阪府,,,,18200,JPY,labor_wage_8h,published_pdl,26900,公共工事設計労務単価＋必要経費(法定福利費(事業主負担分)、労務管理費、宿舎費等)の参考値,2026-03,2026-03-01,mlit-roumu-r8,参1-参3,https://www.mlit.go.jp/report/press/content/001981942.pdf,PDL1.0,,
4a05c98ccd4fe9e3,JP,labor,労務単価,交通誘導警備員Ｂ,所定労働時間内8時間あたり,人日,pref,27,大阪府,,,,15900,JPY,labor_wage_8h,published_pdl,23500,公共工事設計労務単価＋必要経費(法定福利費(事業主負担分)、労務管理費、宿舎費等)の参考値,2026-03,2026-03-01,mlit-roumu-r8,参1-参3,https://www.mlit.go.jp/report/press/content/001981942.pdf,PDL1.0,,
e14ae260555b8049,JP,labor,労務単価,特殊作業員,所定労働時間内8時間あたり,人日,pref,28,兵庫県,,,,25100,JPY,labor_wage_8h,published_pdl,37100,公共工事設計労務単価＋必要経費(法定福利費(事業主負担分)、労務管理費、宿舎費等)の参考値,2026-03,2026-03-01,mlit-roumu-r8,参1-参3,https://www.mlit.go.jp/report/press/content/001981942.pdf,PDL1.0,,
214008741dc5a94a,JP,labor,労務単価,普通作業員,所定労働時間内8時間あたり,人日,pref,28,兵庫県,,,,24100,JPY,labor_wage_8h,published_pdl,35600,公共工事設計労務単価＋必要経費(法定福利費(事業主負担分)、労務管理費、宿舎費等)の参考値,2026-03,2026-03-01,mlit-roumu-r8,参1-参3,https://www.mlit.go.jp/report/press/content/001981942.pdf,PDL1.0,,
16d1151d53505a1b,JP,labor,労務単価,軽作業員,所定労働時間内8時間あたり,人日,pref,28,兵庫県,,,,16500,JPY,labor_wage_8h,published_pdl,24400,公共工事設計労務単価＋必要経費(法定福利費(事業主負担分)、労務管理費、宿舎費等)の参考値,2026-03,2026-03-01,mlit-roumu-r8,参1-参3,https://www.mlit.go.jp/report/press/content/001981942.pdf,PDL1.0,,
984b34a48b611cdc,JP,labor,労務単価,造園工,所定労働時間内8時間あたり,人日,pref,28,兵庫県,,,,26800,JPY,labor_wage_8h,published_pdl,39600,公共工事設計労務単価＋必要経費(法定福利費(事業主負担分)、労務管理費、宿舎費等)の参考値,2026-03,2026-03-01,mlit-roumu-r8,参1-参3,https://www.mlit.go.jp/report/press/content/001981942.pdf,PDL1.0,,
b3fb22ec3a695a8c,JP,labor,労務単価,法面工,所定労働時間内8時間あたり,人日,pref,28,兵庫県,,,,29200,JPY,labor_wage_8h,published_pdl,43100,公共工事設計労務単価＋必要経費(法定福利費(事業主負担分)、労務管理費、宿舎費等)の参考値,2026-03,2026-03-01,mlit-roumu-r8,参1-参3,https://www.mlit.go.jp/report/press/content/001981942.pdf,PDL1.0,,
9bba33b7d8e555f7,JP,labor,労務単価,とび工,所定労働時間内8時間あたり,人日,pref,28,兵庫県,,,,28300,JPY,labor_wage_8h,published_pdl,41800,公共工事設計労務単価＋必要経費(法定福利費(事業主負担分)、労務管理費、宿舎費等)の参考値,2026-03,2026-03-01,mlit-roumu-r8,参1-参3,https://www.mlit.go.jp/report/press/content/001981942.pdf,PDL1.0,,
d31550f350a8a36b,JP,labor,労務単価,石工,所定労働時間内8時間あたり,人日,pref,28,兵庫県,,,,,JPY,labor_wage_8h,not_set,,,2026-03,2026-03-01,mlit-roumu-r8,参1-参3,https://www.mlit.go.jp/report/press/content/001981942.pdf,PDL1.0,,原本の表で『-』(この都道府県ではこの職種の単価を設定していない)
6ee2ff0e3468ce43,JP,labor,労務単価,ブロック工,所定労働時間内8時間あたり,人日,pref,28,兵庫県,,,,,JPY,labor_wage_8h,not_set,,,2026-03,2026-03-01,mlit-roumu-r8,参1-参3,https://www.mlit.go.jp/report/press/content/001981942.pdf,PDL1.0,,原本の表で『-』(この都道府県ではこの職種の単価を設定していない)
7a6ac6a58a31d811,JP,labor,労務単価,電工,所定労働時間内8時間あたり,人日,pref,28,兵庫県,,,,26600,JPY,labor_wage_8h,published_pdl,39300,公共工事設計労務単価＋必要経費(法定福利費(事業主負担分)、労務管理費、宿舎費等)の参考値,2026-03,2026-03-01,mlit-roumu-r8,参1-参3,https://www.mlit.go.jp/report/press/content/001981942.pdf,PDL1.0,,
a252e4c824ed6f9a,JP,labor,労務単価,鉄筋工,所定労働時間内8時間あたり,人日,pref,28,兵庫県,,,,27200,JPY,labor_wage_8h,published_pdl,40200,公共工事設計労務単価＋必要経費(法定福利費(事業主負担分)、労務管理費、宿舎費等)の参考値,2026-03,2026-03-01,mlit-roumu-r8,参1-参3,https://www.mlit.go.jp/report/press/content/001981942.pdf,PDL1.0,,
0ce511b500610e5d,JP,labor,労務単価,鉄骨工,所定労働時間内8時間あたり,人日,pref,28,兵庫県,,,,25900,JPY,labor_wage_8h,published_pdl,38300,公共工事設計労務単価＋必要経費(法定福利費(事業主負担分)、労務管理費、宿舎費等)の参考値,2026-03,2026-03-01,mlit-roumu-r8,参1-参3,https://www.mlit.go.jp/report/press/content/001981942.pdf,PDL1.0,,
4af089789cb8865c,JP,labor,労務単価,塗装工,所定労働時間内8時間あたり,人日,pref,28,兵庫県,,,,29000,JPY,labor_wage_8h,published_pdl,42800,公共工事設計労務単価＋必要経費(法定福利費(事業主負担分)、労務管理費、宿舎費等)の参考値,2026-03,2026-03-01,mlit-roumu-r8,参1-参3,https://www.mlit.go.jp/report/press/content/001981942.pdf,PDL1.0,,
474de86dc0a364dc,JP,labor,労務単価,溶接工,所定労働時間内8時間あたり,人日,pref,28,兵庫県,,,,32100,JPY,labor_wage_8h,published_pdl,47400,公共工事設計労務単価＋必要経費(法定福利費(事業主負担分)、労務管理費、宿舎費等)の参考値,2026-03,2026-03-01,mlit-roumu-r8,参1-参3,https://www.mlit.go.jp/report/press/content/001981942.pdf,PDL1.0,,
784fa6bc7364c2ef,JP,labor,労務単価,運転手（特殊）,所定労働時間内8時間あたり,人日,pref,28,兵庫県,,,,26300,JPY,labor_wage_8h,published_pdl,38800,公共工事設計労務単価＋必要経費(法定福利費(事業主負担分)、労務管理費、宿舎費等)の参考値,2026-03,2026-03-01,mlit-roumu-r8,参1-参3,https://www.mlit.go.jp/report/press/content/001981942.pdf,PDL1.0,,
a269271bd6c5b068,JP,labor,労務単価,運転手（一般）,所定労働時間内8時間あたり,人日,pref,28,兵庫県,,,,23800,JPY,labor_wage_8h,published_pdl,35200,公共工事設計労務単価＋必要経費(法定福利費(事業主負担分)、労務管理費、宿舎費等)の参考値,2026-03,2026-03-01,mlit-roumu-r8,参1-参3,https://www.mlit.go.jp/report/press/content/001981942.pdf,PDL1.0,,
e72aa5dd6cc20d7c,JP,labor,労務単価,潜かん工,所定労働時間内8時間あたり,人日,pref,28,兵庫県,,,,37200,JPY,labor_wage_8h,published_pdl,54900,公共工事設計労務単価＋必要経費(法定福利費(事業主負担分)、労務管理費、宿舎費等)の参考値,2026-03,2026-03-01,mlit-roumu-r8,参1-参3,https://www.mlit.go.jp/report/press/content/001981942.pdf,PDL1.0,,
4630ac69937303c9,JP,labor,労務単価,潜かん世話役,所定労働時間内8時間あたり,人日,pref,28,兵庫県,,,,46500,JPY,labor_wage_8h,published_pdl,68700,公共工事設計労務単価＋必要経費(法定福利費(事業主負担分)、労務管理費、宿舎費等)の参考値,2026-03,2026-03-01,mlit-roumu-r8,参1-参3,https://www.mlit.go.jp/report/press/content/001981942.pdf,PDL1.0,,
7dc2cd2eff30cfc2,JP,labor,労務単価,さく岩工,所定労働時間内8時間あたり,人日,pref,28,兵庫県,,,,30600,JPY,labor_wage_8h,published_pdl,45200,公共工事設計労務単価＋必要経費(法定福利費(事業主負担分)、労務管理費、宿舎費等)の参考値,2026-03,2026-03-01,mlit-roumu-r8,参1-参3,https://www.mlit.go.jp/report/press/content/001981942.pdf,PDL1.0,,
d2b724ce8a81224f,JP,labor,労務単価,トンネル特殊工,所定労働時間内8時間あたり,人日,pref,28,兵庫県,,,,46500,JPY,labor_wage_8h,published_pdl,68700,公共工事設計労務単価＋必要経費(法定福利費(事業主負担分)、労務管理費、宿舎費等)の参考値,2026-03,2026-03-01,mlit-roumu-r8,参1-参3,https://www.mlit.go.jp/report/press/content/001981942.pdf,PDL1.0,,
d334451a6f9075a5,JP,labor,労務単価,トンネル作業員,所定労働時間内8時間あたり,人日,pref,28,兵庫県,,,,31200,JPY,labor_wage_8h,published_pdl,46100,公共工事設計労務単価＋必要経費(法定福利費(事業主負担分)、労務管理費、宿舎費等)の参考値,2026-03,2026-03-01,mlit-roumu-r8,参1-参3,https://www.mlit.go.jp/report/press/content/001981942.pdf,PDL1.0,,
a1450c31aac281ca,JP,labor,労務単価,トンネル世話役,所定労働時間内8時間あたり,人日,pref,28,兵庫県,,,,45700,JPY,labor_wage_8h,published_pdl,67500,公共工事設計労務単価＋必要経費(法定福利費(事業主負担分)、労務管理費、宿舎費等)の参考値,2026-03,2026-03-01,mlit-roumu-r8,参1-参3,https://www.mlit.go.jp/report/press/content/001981942.pdf,PDL1.0,,
06a68e3b380a65bb,JP,labor,労務単価,橋りょう特殊工,所定労働時間内8時間あたり,人日,pref,28,兵庫県,,,,34800,JPY,labor_wage_8h,published_pdl,51400,公共工事設計労務単価＋必要経費(法定福利費(事業主負担分)、労務管理費、宿舎費等)の参考値,2026-03,2026-03-01,mlit-roumu-r8,参1-参3,https://www.mlit.go.jp/report/press/content/001981942.pdf,PDL1.0,,
78cdc56f4b81cf94,JP,labor,労務単価,橋りょう塗装工,所定労働時間内8時間あたり,人日,pref,28,兵庫県,,,,34000,JPY,labor_wage_8h,published_pdl,50200,公共工事設計労務単価＋必要経費(法定福利費(事業主負担分)、労務管理費、宿舎費等)の参考値,2026-03,2026-03-01,mlit-roumu-r8,参1-参3,https://www.mlit.go.jp/report/press/content/001981942.pdf,PDL1.0,,
9f6a93447b78833b,JP,labor,労務単価,橋りょう世話役,所定労働時間内8時間あたり,人日,pref,28,兵庫県,,,,44500,JPY,labor_wage_8h,published_pdl,65700,公共工事設計労務単価＋必要経費(法定福利費(事業主負担分)、労務管理費、宿舎費等)の参考値,2026-03,2026-03-01,mlit-roumu-r8,参1-参3,https://www.mlit.go.jp/report/press/content/001981942.pdf,PDL1.0,,
8dc1d0175ce54680,JP,labor,労務単価,土木一般世話役,所定労働時間内8時間あたり,人日,pref,28,兵庫県,,,,29300,JPY,labor_wage_8h,published_pdl,43300,公共工事設計労務単価＋必要経費(法定福利費(事業主負担分)、労務管理費、宿舎費等)の参考値,2026-03,2026-03-01,mlit-roumu-r8,参1-参3,https://www.mlit.go.jp/report/press/content/001981942.pdf,PDL1.0,,
0c6b8826cee6960a,JP,labor,労務単価,高級船員,所定労働時間内8時間あたり,人日,pref,28,兵庫県,,,,34100,JPY,labor_wage_8h,published_pdl,50400,公共工事設計労務単価＋必要経費(法定福利費(事業主負担分)、労務管理費、宿舎費等)の参考値,2026-03,2026-03-01,mlit-roumu-r8,参1-参3,https://www.mlit.go.jp/report/press/content/001981942.pdf,PDL1.0,,
898f927ac8610bd2,JP,labor,労務単価,普通船員,所定労働時間内8時間あたり,人日,pref,28,兵庫県,,,,28100,JPY,labor_wage_8h,published_pdl,41500,公共工事設計労務単価＋必要経費(法定福利費(事業主負担分)、労務管理費、宿舎費等)の参考値,2026-03,2026-03-01,mlit-roumu-r8,参1-参3,https://www.mlit.go.jp/report/press/content/001981942.pdf,PDL1.0,,
acf25a244c3c358d,JP,labor,労務単価,潜水士,所定労働時間内8時間あたり,人日,pref,28,兵庫県,,,,43600,JPY,labor_wage_8h,published_pdl,64400,公共工事設計労務単価＋必要経費(法定福利費(事業主負担分)、労務管理費、宿舎費等)の参考値,2026-03,2026-03-01,mlit-roumu-r8,参1-参3,https://www.mlit.go.jp/report/press/content/001981942.pdf,PDL1.0,,
0acebd390c4a2e17,JP,labor,労務単価,潜水連絡員,所定労働時間内8時間あたり,人日,pref,28,兵庫県,,,,33700,JPY,labor_wage_8h,published_pdl,49800,公共工事設計労務単価＋必要経費(法定福利費(事業主負担分)、労務管理費、宿舎費等)の参考値,2026-03,2026-03-01,mlit-roumu-r8,参1-参3,https://www.mlit.go.jp/report/press/content/001981942.pdf,PDL1.0,,
4c3a7bac819b26bd,JP,labor,労務単価,潜水送気員,所定労働時間内8時間あたり,人日,pref,28,兵庫県,,,,32300,JPY,labor_wage_8h,published_pdl,47700,公共工事設計労務単価＋必要経費(法定福利費(事業主負担分)、労務管理費、宿舎費等)の参考値,2026-03,2026-03-01,mlit-roumu-r8,参1-参3,https://www.mlit.go.jp/report/press/content/001981942.pdf,PDL1.0,,
7e70326abc50ec5d,JP,labor,労務単価,山林砂防工,所定労働時間内8時間あたり,人日,pref,28,兵庫県,,,,30300,JPY,labor_wage_8h,published_pdl,44800,公共工事設計労務単価＋必要経費(法定福利費(事業主負担分)、労務管理費、宿舎費等)の参考値,2026-03,2026-03-01,mlit-roumu-r8,参1-参3,https://www.mlit.go.jp/report/press/content/001981942.pdf,PDL1.0,,
ea497418c3942f13,JP,labor,労務単価,軌道工,所定労働時間内8時間あたり,人日,pref,28,兵庫県,,,,45000,JPY,labor_wage_8h,published_pdl,66500,公共工事設計労務単価＋必要経費(法定福利費(事業主負担分)、労務管理費、宿舎費等)の参考値,2026-03,2026-03-01,mlit-roumu-r8,参1-参3,https://www.mlit.go.jp/report/press/content/001981942.pdf,PDL1.0,,
6dff629877f64f13,JP,labor,労務単価,型わく工,所定労働時間内8時間あたり,人日,pref,28,兵庫県,,,,31400,JPY,labor_wage_8h,published_pdl,46400,公共工事設計労務単価＋必要経費(法定福利費(事業主負担分)、労務管理費、宿舎費等)の参考値,2026-03,2026-03-01,mlit-roumu-r8,参1-参3,https://www.mlit.go.jp/report/press/content/001981942.pdf,PDL1.0,,
754582aed2091b21,JP,labor,労務単価,大工,所定労働時間内8時間あたり,人日,pref,28,兵庫県,,,,29200,JPY,labor_wage_8h,published_pdl,43100,公共工事設計労務単価＋必要経費(法定福利費(事業主負担分)、労務管理費、宿舎費等)の参考値,2026-03,2026-03-01,mlit-roumu-r8,参1-参3,https://www.mlit.go.jp/report/press/content/001981942.pdf,PDL1.0,,
c6d80bffab7deb83,JP,labor,労務単価,左官,所定労働時間内8時間あたり,人日,pref,28,兵庫県,,,,28600,JPY,labor_wage_8h,published_pdl,42200,公共工事設計労務単価＋必要経費(法定福利費(事業主負担分)、労務管理費、宿舎費等)の参考値,2026-03,2026-03-01,mlit-roumu-r8,参1-参3,https://www.mlit.go.jp/report/press/content/001981942.pdf,PDL1.0,,
3826c4c4e92bce9e,JP,labor,労務単価,配管工,所定労働時間内8時間あたり,人日,pref,28,兵庫県,,,,25400,JPY,labor_wage_8h,published_pdl,37500,公共工事設計労務単価＋必要経費(法定福利費(事業主負担分)、労務管理費、宿舎費等)の参考値,2026-03,2026-03-01,mlit-roumu-r8,参1-参3,https://www.mlit.go.jp/report/press/content/001981942.pdf,PDL1.0,,
7face7a1de7deaf1,JP,labor,労務単価,はつり工,所定労働時間内8時間あたり,人日,pref,28,兵庫県,,,,30600,JPY,labor_wage_8h,published_pdl,45200,公共工事設計労務単価＋必要経費(法定福利費(事業主負担分)、労務管理費、宿舎費等)の参考値,2026-03,2026-03-01,mlit-roumu-r8,参1-参3,https://www.mlit.go.jp/report/press/content/001981942.pdf,PDL1.0,,
66f8cb5505356515,JP,labor,労務単価,防水工,所定労働時間内8時間あたり,人日,pref,28,兵庫県,,,,27900,JPY,labor_wage_8h,published_pdl,41200,公共工事設計労務単価＋必要経費(法定福利費(事業主負担分)、労務管理費、宿舎費等)の参考値,2026-03,2026-03-01,mlit-roumu-r8,参1-参3,https://www.mlit.go.jp/report/press/content/001981942.pdf,PDL1.0,,
c48140a6e2ea93b7,JP,labor,労務単価,板金工,所定労働時間内8時間あたり,人日,pref,28,兵庫県,,,,31200,JPY,labor_wage_8h,published_pdl,46100,公共工事設計労務単価＋必要経費(法定福利費(事業主負担分)、労務管理費、宿舎費等)の参考値,2026-03,2026-03-01,mlit-roumu-r8,参1-参3,https://www.mlit.go.jp/report/press/content/001981942.pdf,PDL1.0,,
edaf82a9f8fe108b,JP,labor,労務単価,タイル工,所定労働時間内8時間あたり,人日,pref,28,兵庫県,,,,,JPY,labor_wage_8h,not_set,,,2026-03,2026-03-01,mlit-roumu-r8,参1-参3,https://www.mlit.go.jp/report/press/content/001981942.pdf,PDL1.0,,原本の表で『-』(この都道府県ではこの職種の単価を設定していない)
c809ca3d3b99a83a,JP,labor,労務単価,サッシ工,所定労働時間内8時間あたり,人日,pref,28,兵庫県,,,,30900,JPY,labor_wage_8h,published_pdl,45600,公共工事設計労務単価＋必要経費(法定福利費(事業主負担分)、労務管理費、宿舎費等)の参考値,2026-03,2026-03-01,mlit-roumu-r8,参1-参3,https://www.mlit.go.jp/report/press/content/001981942.pdf,PDL1.0,,
bafe96e4af8f0cc3,JP,labor,労務単価,屋根ふき工,所定労働時間内8時間あたり,人日,pref,28,兵庫県,,,,,JPY,labor_wage_8h,not_set,,,2026-03,2026-03-01,mlit-roumu-r8,参1-参3,https://www.mlit.go.jp/report/press/content/001981942.pdf,PDL1.0,,原本の表で『-』(この都道府県ではこの職種の単価を設定していない)
aacaa6774361711a,JP,labor,労務単価,内装工,所定労働時間内8時間あたり,人日,pref,28,兵庫県,,,,32600,JPY,labor_wage_8h,published_pdl,48200,公共工事設計労務単価＋必要経費(法定福利費(事業主負担分)、労務管理費、宿舎費等)の参考値,2026-03,2026-03-01,mlit-roumu-r8,参1-参3,https://www.mlit.go.jp/report/press/content/001981942.pdf,PDL1.0,,
8c9b1b66c38fcacf,JP,labor,労務単価,ガラス工,所定労働時間内8時間あたり,人日,pref,28,兵庫県,,,,28700,JPY,labor_wage_8h,published_pdl,42400,公共工事設計労務単価＋必要経費(法定福利費(事業主負担分)、労務管理費、宿舎費等)の参考値,2026-03,2026-03-01,mlit-roumu-r8,参1-参3,https://www.mlit.go.jp/report/press/content/001981942.pdf,PDL1.0,,
5c84bd95bbbf58b8,JP,labor,労務単価,建具工,所定労働時間内8時間あたり,人日,pref,28,兵庫県,,,,,JPY,labor_wage_8h,not_set,,,2026-03,2026-03-01,mlit-roumu-r8,参1-参3,https://www.mlit.go.jp/report/press/content/001981942.pdf,PDL1.0,,原本の表で『-』(この都道府県ではこの職種の単価を設定していない)
36b7e556d6c7b244,JP,labor,労務単価,ダクト工,所定労働時間内8時間あたり,人日,pref,28,兵庫県,,,,26500,JPY,labor_wage_8h,published_pdl,39100,公共工事設計労務単価＋必要経費(法定福利費(事業主負担分)、労務管理費、宿舎費等)の参考値,2026-03,2026-03-01,mlit-roumu-r8,参1-参3,https://www.mlit.go.jp/report/press/content/001981942.pdf,PDL1.0,,
b3b124ee1b5be523,JP,labor,労務単価,保温工,所定労働時間内8時間あたり,人日,pref,28,兵庫県,,,,29600,JPY,labor_wage_8h,published_pdl,43700,公共工事設計労務単価＋必要経費(法定福利費(事業主負担分)、労務管理費、宿舎費等)の参考値,2026-03,2026-03-01,mlit-roumu-r8,参1-参3,https://www.mlit.go.jp/report/press/content/001981942.pdf,PDL1.0,,
e314657d80783e0d,JP,labor,労務単価,設備機械工,所定労働時間内8時間あたり,人日,pref,28,兵庫県,,,,30100,JPY,labor_wage_8h,published_pdl,44500,公共工事設計労務単価＋必要経費(法定福利費(事業主負担分)、労務管理費、宿舎費等)の参考値,2026-03,2026-03-01,mlit-roumu-r8,参1-参3,https://www.mlit.go.jp/report/press/content/001981942.pdf,PDL1.0,,
b6f346124003aaf5,JP,labor,労務単価,交通誘導警備員Ａ,所定労働時間内8時間あたり,人日,pref,28,兵庫県,,,,18700,JPY,labor_wage_8h,published_pdl,27600,公共工事設計労務単価＋必要経費(法定福利費(事業主負担分)、労務管理費、宿舎費等)の参考値,2026-03,2026-03-01,mlit-roumu-r8,参1-参3,https://www.mlit.go.jp/report/press/content/001981942.pdf,PDL1.0,,
c663f264ed1fa270,JP,labor,労務単価,交通誘導警備員Ｂ,所定労働時間内8時間あたり,人日,pref,28,兵庫県,,,,15600,JPY,labor_wage_8h,published_pdl,23000,公共工事設計労務単価＋必要経費(法定福利費(事業主負担分)、労務管理費、宿舎費等)の参考値,2026-03,2026-03-01,mlit-roumu-r8,参1-参3,https://www.mlit.go.jp/report/press/content/001981942.pdf,PDL1.0,,
8732af17f1ab86eb,JP,labor,労務単価,特殊作業員,所定労働時間内8時間あたり,人日,pref,29,奈良県,,,,28100,JPY,labor_wage_8h,published_pdl,41500,公共工事設計労務単価＋必要経費(法定福利費(事業主負担分)、労務管理費、宿舎費等)の参考値,2026-03,2026-03-01,mlit-roumu-r8,参1-参3,https://www.mlit.go.jp/report/press/content/001981942.pdf,PDL1.0,,
a5ebf4ce19230bba,JP,labor,労務単価,普通作業員,所定労働時間内8時間あたり,人日,pref,29,奈良県,,,,24000,JPY,labor_wage_8h,published_pdl,35400,公共工事設計労務単価＋必要経費(法定福利費(事業主負担分)、労務管理費、宿舎費等)の参考値,2026-03,2026-03-01,mlit-roumu-r8,参1-参3,https://www.mlit.go.jp/report/press/content/001981942.pdf,PDL1.0,,
459429ff69807852,JP,labor,労務単価,軽作業員,所定労働時間内8時間あたり,人日,pref,29,奈良県,,,,17600,JPY,labor_wage_8h,published_pdl,26000,公共工事設計労務単価＋必要経費(法定福利費(事業主負担分)、労務管理費、宿舎費等)の参考値,2026-03,2026-03-01,mlit-roumu-r8,参1-参3,https://www.mlit.go.jp/report/press/content/001981942.pdf,PDL1.0,,
e2489c10b2da42e1,JP,labor,労務単価,造園工,所定労働時間内8時間あたり,人日,pref,29,奈良県,,,,29300,JPY,labor_wage_8h,published_pdl,43300,公共工事設計労務単価＋必要経費(法定福利費(事業主負担分)、労務管理費、宿舎費等)の参考値,2026-03,2026-03-01,mlit-roumu-r8,参1-参3,https://www.mlit.go.jp/report/press/content/001981942.pdf,PDL1.0,,
12f057a0eb978b64,JP,labor,労務単価,法面工,所定労働時間内8時間あたり,人日,pref,29,奈良県,,,,30600,JPY,labor_wage_8h,published_pdl,45200,公共工事設計労務単価＋必要経費(法定福利費(事業主負担分)、労務管理費、宿舎費等)の参考値,2026-03,2026-03-01,mlit-roumu-r8,参1-参3,https://www.mlit.go.jp/report/press/content/001981942.pdf,PDL1.0,,
fa40de340c90b54b,JP,labor,労務単価,とび工,所定労働時間内8時間あたり,人日,pref,29,奈良県,,,,28900,JPY,labor_wage_8h,published_pdl,42700,公共工事設計労務単価＋必要経費(法定福利費(事業主負担分)、労務管理費、宿舎費等)の参考値,2026-03,2026-03-01,mlit-roumu-r8,参1-参3,https://www.mlit.go.jp/report/press/content/001981942.pdf,PDL1.0,,
b8b912f32d413d04,JP,labor,労務単価,石工,所定労働時間内8時間あたり,人日,pref,29,奈良県,,,,,JPY,labor_wage_8h,not_set,,,2026-03,2026-03-01,mlit-roumu-r8,参1-参3,https://www.mlit.go.jp/report/press/content/001981942.pdf,PDL1.0,,原本の表で『-』(この都道府県ではこの職種の単価を設定していない)
07afa8abe542c04b,JP,labor,労務単価,ブロック工,所定労働時間内8時間あたり,人日,pref,29,奈良県,,,,,JPY,labor_wage_8h,not_set,,,2026-03,2026-03-01,mlit-roumu-r8,参1-参3,https://www.mlit.go.jp/report/press/content/001981942.pdf,PDL1.0,,原本の表で『-』(この都道府県ではこの職種の単価を設定していない)
2556caca39589fd7,JP,labor,労務単価,電工,所定労働時間内8時間あたり,人日,pref,29,奈良県,,,,27700,JPY,labor_wage_8h,published_pdl,40900,公共工事設計労務単価＋必要経費(法定福利費(事業主負担分)、労務管理費、宿舎費等)の参考値,2026-03,2026-03-01,mlit-roumu-r8,参1-参3,https://www.mlit.go.jp/report/press/content/001981942.pdf,PDL1.0,,
026d9f45fc486570,JP,labor,労務単価,鉄筋工,所定労働時間内8時間あたり,人日,pref,29,奈良県,,,,29100,JPY,labor_wage_8h,published_pdl,43000,公共工事設計労務単価＋必要経費(法定福利費(事業主負担分)、労務管理費、宿舎費等)の参考値,2026-03,2026-03-01,mlit-roumu-r8,参1-参3,https://www.mlit.go.jp/report/press/content/001981942.pdf,PDL1.0,,
2fffd1d42ade6f62,JP,labor,労務単価,鉄骨工,所定労働時間内8時間あたり,人日,pref,29,奈良県,,,,27400,JPY,labor_wage_8h,published_pdl,40500,公共工事設計労務単価＋必要経費(法定福利費(事業主負担分)、労務管理費、宿舎費等)の参考値,2026-03,2026-03-01,mlit-roumu-r8,参1-参3,https://www.mlit.go.jp/report/press/content/001981942.pdf,PDL1.0,,
92709f5a91e3b57f,JP,labor,労務単価,塗装工,所定労働時間内8時間あたり,人日,pref,29,奈良県,,,,32100,JPY,labor_wage_8h,published_pdl,47400,公共工事設計労務単価＋必要経費(法定福利費(事業主負担分)、労務管理費、宿舎費等)の参考値,2026-03,2026-03-01,mlit-roumu-r8,参1-参3,https://www.mlit.go.jp/report/press/content/001981942.pdf,PDL1.0,,
acd77e4f0202835c,JP,labor,労務単価,溶接工,所定労働時間内8時間あたり,人日,pref,29,奈良県,,,,34200,JPY,labor_wage_8h,published_pdl,50500,公共工事設計労務単価＋必要経費(法定福利費(事業主負担分)、労務管理費、宿舎費等)の参考値,2026-03,2026-03-01,mlit-roumu-r8,参1-参3,https://www.mlit.go.jp/report/press/content/001981942.pdf,PDL1.0,,
a1b0101812f776ed,JP,labor,労務単価,運転手（特殊）,所定労働時間内8時間あたり,人日,pref,29,奈良県,,,,27100,JPY,labor_wage_8h,published_pdl,40000,公共工事設計労務単価＋必要経費(法定福利費(事業主負担分)、労務管理費、宿舎費等)の参考値,2026-03,2026-03-01,mlit-roumu-r8,参1-参3,https://www.mlit.go.jp/report/press/content/001981942.pdf,PDL1.0,,
152e27d53f6d25b2,JP,labor,労務単価,運転手（一般）,所定労働時間内8時間あたり,人日,pref,29,奈良県,,,,24400,JPY,labor_wage_8h,published_pdl,36000,公共工事設計労務単価＋必要経費(法定福利費(事業主負担分)、労務管理費、宿舎費等)の参考値,2026-03,2026-03-01,mlit-roumu-r8,参1-参3,https://www.mlit.go.jp/report/press/content/001981942.pdf,PDL1.0,,
dd9b039296aa79e2,JP,labor,労務単価,潜かん工,所定労働時間内8時間あたり,人日,pref,29,奈良県,,,,37200,JPY,labor_wage_8h,published_pdl,54900,公共工事設計労務単価＋必要経費(法定福利費(事業主負担分)、労務管理費、宿舎費等)の参考値,2026-03,2026-03-01,mlit-roumu-r8,参1-参3,https://www.mlit.go.jp/report/press/content/001981942.pdf,PDL1.0,,
8cb43cbe8a4a79a2,JP,labor,労務単価,潜かん世話役,所定労働時間内8時間あたり,人日,pref,29,奈良県,,,,46500,JPY,labor_wage_8h,published_pdl,68700,公共工事設計労務単価＋必要経費(法定福利費(事業主負担分)、労務管理費、宿舎費等)の参考値,2026-03,2026-03-01,mlit-roumu-r8,参1-参3,https://www.mlit.go.jp/report/press/content/001981942.pdf,PDL1.0,,
ae42dee9f53846a1,JP,labor,労務単価,さく岩工,所定労働時間内8時間あたり,人日,pref,29,奈良県,,,,30600,JPY,labor_wage_8h,published_pdl,45200,公共工事設計労務単価＋必要経費(法定福利費(事業主負担分)、労務管理費、宿舎費等)の参考値,2026-03,2026-03-01,mlit-roumu-r8,参1-参3,https://www.mlit.go.jp/report/press/content/001981942.pdf,PDL1.0,,
33fc9326cbcecba5,JP,labor,労務単価,トンネル特殊工,所定労働時間内8時間あたり,人日,pref,29,奈良県,,,,47800,JPY,labor_wage_8h,published_pdl,70600,公共工事設計労務単価＋必要経費(法定福利費(事業主負担分)、労務管理費、宿舎費等)の参考値,2026-03,2026-03-01,mlit-roumu-r8,参1-参3,https://www.mlit.go.jp/report/press/content/001981942.pdf,PDL1.0,,
ae7ef5b9d1c592b9,JP,labor,労務単価,トンネル作業員,所定労働時間内8時間あたり,人日,pref,29,奈良県,,,,31400,JPY,labor_wage_8h,published_pdl,46400,公共工事設計労務単価＋必要経費(法定福利費(事業主負担分)、労務管理費、宿舎費等)の参考値,2026-03,2026-03-01,mlit-roumu-r8,参1-参3,https://www.mlit.go.jp/report/press/content/001981942.pdf,PDL1.0,,
c71b70c9479c6a58,JP,labor,労務単価,トンネル世話役,所定労働時間内8時間あたり,人日,pref,29,奈良県,,,,46500,JPY,labor_wage_8h,published_pdl,68700,公共工事設計労務単価＋必要経費(法定福利費(事業主負担分)、労務管理費、宿舎費等)の参考値,2026-03,2026-03-01,mlit-roumu-r8,参1-参3,https://www.mlit.go.jp/report/press/content/001981942.pdf,PDL1.0,,
15d55baa85e54b60,JP,labor,労務単価,橋りょう特殊工,所定労働時間内8時間あたり,人日,pref,29,奈良県,,,,34400,JPY,labor_wage_8h,published_pdl,50800,公共工事設計労務単価＋必要経費(法定福利費(事業主負担分)、労務管理費、宿舎費等)の参考値,2026-03,2026-03-01,mlit-roumu-r8,参1-参3,https://www.mlit.go.jp/report/press/content/001981942.pdf,PDL1.0,,
95e182299b0bb524,JP,labor,労務単価,橋りょう塗装工,所定労働時間内8時間あたり,人日,pref,29,奈良県,,,,33900,JPY,labor_wage_8h,published_pdl,50100,公共工事設計労務単価＋必要経費(法定福利費(事業主負担分)、労務管理費、宿舎費等)の参考値,2026-03,2026-03-01,mlit-roumu-r8,参1-参3,https://www.mlit.go.jp/report/press/content/001981942.pdf,PDL1.0,,
622e161e51a009ca,JP,labor,労務単価,橋りょう世話役,所定労働時間内8時間あたり,人日,pref,29,奈良県,,,,43900,JPY,labor_wage_8h,published_pdl,64800,公共工事設計労務単価＋必要経費(法定福利費(事業主負担分)、労務管理費、宿舎費等)の参考値,2026-03,2026-03-01,mlit-roumu-r8,参1-参3,https://www.mlit.go.jp/report/press/content/001981942.pdf,PDL1.0,,
22a20009c30d99a9,JP,labor,労務単価,土木一般世話役,所定労働時間内8時間あたり,人日,pref,29,奈良県,,,,31000,JPY,labor_wage_8h,published_pdl,45800,公共工事設計労務単価＋必要経費(法定福利費(事業主負担分)、労務管理費、宿舎費等)の参考値,2026-03,2026-03-01,mlit-roumu-r8,参1-参3,https://www.mlit.go.jp/report/press/content/001981942.pdf,PDL1.0,,
491f86e133e96b8c,JP,labor,労務単価,高級船員,所定労働時間内8時間あたり,人日,pref,29,奈良県,,,,34800,JPY,labor_wage_8h,published_pdl,51400,公共工事設計労務単価＋必要経費(法定福利費(事業主負担分)、労務管理費、宿舎費等)の参考値,2026-03,2026-03-01,mlit-roumu-r8,参1-参3,https://www.mlit.go.jp/report/press/content/001981942.pdf,PDL1.0,,
581a1397524a60c9,JP,labor,労務単価,普通船員,所定労働時間内8時間あたり,人日,pref,29,奈良県,,,,28400,JPY,labor_wage_8h,published_pdl,41900,公共工事設計労務単価＋必要経費(法定福利費(事業主負担分)、労務管理費、宿舎費等)の参考値,2026-03,2026-03-01,mlit-roumu-r8,参1-参3,https://www.mlit.go.jp/report/press/content/001981942.pdf,PDL1.0,,
a57b9d3c80f32023,JP,labor,労務単価,潜水士,所定労働時間内8時間あたり,人日,pref,29,奈良県,,,,41600,JPY,labor_wage_8h,published_pdl,61400,公共工事設計労務単価＋必要経費(法定福利費(事業主負担分)、労務管理費、宿舎費等)の参考値,2026-03,2026-03-01,mlit-roumu-r8,参1-参3,https://www.mlit.go.jp/report/press/content/001981942.pdf,PDL1.0,,
f03202e252e94559,JP,labor,労務単価,潜水連絡員,所定労働時間内8時間あたり,人日,pref,29,奈良県,,,,33100,JPY,labor_wage_8h,published_pdl,48900,公共工事設計労務単価＋必要経費(法定福利費(事業主負担分)、労務管理費、宿舎費等)の参考値,2026-03,2026-03-01,mlit-roumu-r8,参1-参3,https://www.mlit.go.jp/report/press/content/001981942.pdf,PDL1.0,,
6eb77df38d355938,JP,labor,労務単価,潜水送気員,所定労働時間内8時間あたり,人日,pref,29,奈良県,,,,31600,JPY,labor_wage_8h,published_pdl,46700,公共工事設計労務単価＋必要経費(法定福利費(事業主負担分)、労務管理費、宿舎費等)の参考値,2026-03,2026-03-01,mlit-roumu-r8,参1-参3,https://www.mlit.go.jp/report/press/content/001981942.pdf,PDL1.0,,
c04ea5a6cd533c65,JP,labor,労務単価,山林砂防工,所定労働時間内8時間あたり,人日,pref,29,奈良県,,,,30300,JPY,labor_wage_8h,published_pdl,44800,公共工事設計労務単価＋必要経費(法定福利費(事業主負担分)、労務管理費、宿舎費等)の参考値,2026-03,2026-03-01,mlit-roumu-r8,参1-参3,https://www.mlit.go.jp/report/press/content/001981942.pdf,PDL1.0,,
b0a66a21d4f4e36e,JP,labor,労務単価,軌道工,所定労働時間内8時間あたり,人日,pref,29,奈良県,,,,49400,JPY,labor_wage_8h,published_pdl,73000,公共工事設計労務単価＋必要経費(法定福利費(事業主負担分)、労務管理費、宿舎費等)の参考値,2026-03,2026-03-01,mlit-roumu-r8,参1-参3,https://www.mlit.go.jp/report/press/content/001981942.pdf,PDL1.0,,
cb79f471fc3bee2d,JP,labor,労務単価,型わく工,所定労働時間内8時間あたり,人日,pref,29,奈良県,,,,32900,JPY,labor_wage_8h,published_pdl,48600,公共工事設計労務単価＋必要経費(法定福利費(事業主負担分)、労務管理費、宿舎費等)の参考値,2026-03,2026-03-01,mlit-roumu-r8,参1-参3,https://www.mlit.go.jp/report/press/content/001981942.pdf,PDL1.0,,
f2fc7d1b1bd8c136,JP,labor,労務単価,大工,所定労働時間内8時間あたり,人日,pref,29,奈良県,,,,29600,JPY,labor_wage_8h,published_pdl,43700,公共工事設計労務単価＋必要経費(法定福利費(事業主負担分)、労務管理費、宿舎費等)の参考値,2026-03,2026-03-01,mlit-roumu-r8,参1-参3,https://www.mlit.go.jp/report/press/content/001981942.pdf,PDL1.0,,
040dea2e945ce326,JP,labor,労務単価,左官,所定労働時間内8時間あたり,人日,pref,29,奈良県,,,,30800,JPY,labor_wage_8h,published_pdl,45500,公共工事設計労務単価＋必要経費(法定福利費(事業主負担分)、労務管理費、宿舎費等)の参考値,2026-03,2026-03-01,mlit-roumu-r8,参1-参3,https://www.mlit.go.jp/report/press/content/001981942.pdf,PDL1.0,,
f4565c7f5a1ca8cb,JP,labor,労務単価,配管工,所定労働時間内8時間あたり,人日,pref,29,奈良県,,,,28200,JPY,labor_wage_8h,published_pdl,41700,公共工事設計労務単価＋必要経費(法定福利費(事業主負担分)、労務管理費、宿舎費等)の参考値,2026-03,2026-03-01,mlit-roumu-r8,参1-参3,https://www.mlit.go.jp/report/press/content/001981942.pdf,PDL1.0,,
bcc78b704972dac4,JP,labor,労務単価,はつり工,所定労働時間内8時間あたり,人日,pref,29,奈良県,,,,30600,JPY,labor_wage_8h,published_pdl,45200,公共工事設計労務単価＋必要経費(法定福利費(事業主負担分)、労務管理費、宿舎費等)の参考値,2026-03,2026-03-01,mlit-roumu-r8,参1-参3,https://www.mlit.go.jp/report/press/content/001981942.pdf,PDL1.0,,
1e088b3614f2002e,JP,labor,労務単価,防水工,所定労働時間内8時間あたり,人日,pref,29,奈良県,,,,28800,JPY,labor_wage_8h,published_pdl,42500,公共工事設計労務単価＋必要経費(法定福利費(事業主負担分)、労務管理費、宿舎費等)の参考値,2026-03,2026-03-01,mlit-roumu-r8,参1-参3,https://www.mlit.go.jp/report/press/content/001981942.pdf,PDL1.0,,
b7cf8b9ec40c78b8,JP,labor,労務単価,板金工,所定労働時間内8時間あたり,人日,pref,29,奈良県,,,,,JPY,labor_wage_8h,not_set,,,2026-03,2026-03-01,mlit-roumu-r8,参1-参3,https://www.mlit.go.jp/report/press/content/001981942.pdf,PDL1.0,,原本の表で『-』(この都道府県ではこの職種の単価を設定していない)
b71f9205943801ab,JP,labor,労務単価,タイル工,所定労働時間内8時間あたり,人日,pref,29,奈良県,,,,,JPY,labor_wage_8h,not_set,,,2026-03,2026-03-01,mlit-roumu-r8,参1-参3,https://www.mlit.go.jp/report/press/content/001981942.pdf,PDL1.0,,原本の表で『-』(この都道府県ではこの職種の単価を設定していない)
adb62964ddb0acf7,JP,labor,労務単価,サッシ工,所定労働時間内8時間あたり,人日,pref,29,奈良県,,,,31400,JPY,labor_wage_8h,published_pdl,46400,公共工事設計労務単価＋必要経費(法定福利費(事業主負担分)、労務管理費、宿舎費等)の参考値,2026-03,2026-03-01,mlit-roumu-r8,参1-参3,https://www.mlit.go.jp/report/press/content/001981942.pdf,PDL1.0,,
8d84d34fde29692b,JP,labor,労務単価,屋根ふき工,所定労働時間内8時間あたり,人日,pref,29,奈良県,,,,,JPY,labor_wage_8h,not_set,,,2026-03,2026-03-01,mlit-roumu-r8,参1-参3,https://www.mlit.go.jp/report/press/content/001981942.pdf,PDL1.0,,原本の表で『-』(この都道府県ではこの職種の単価を設定していない)
3fe4ff97e1100fad,JP,labor,労務単価,内装工,所定労働時間内8時間あたり,人日,pref,29,奈良県,,,,32800,JPY,labor_wage_8h,published_pdl,48400,公共工事設計労務単価＋必要経費(法定福利費(事業主負担分)、労務管理費、宿舎費等)の参考値,2026-03,2026-03-01,mlit-roumu-r8,参1-参3,https://www.mlit.go.jp/report/press/content/001981942.pdf,PDL1.0,,
4faae1eccf927d98,JP,labor,労務単価,ガラス工,所定労働時間内8時間あたり,人日,pref,29,奈良県,,,,28700,JPY,labor_wage_8h,published_pdl,42400,公共工事設計労務単価＋必要経費(法定福利費(事業主負担分)、労務管理費、宿舎費等)の参考値,2026-03,2026-03-01,mlit-roumu-r8,参1-参3,https://www.mlit.go.jp/report/press/content/001981942.pdf,PDL1.0,,
7adb54bf060f72c4,JP,labor,労務単価,建具工,所定労働時間内8時間あたり,人日,pref,29,奈良県,,,,,JPY,labor_wage_8h,not_set,,,2026-03,2026-03-01,mlit-roumu-r8,参1-参3,https://www.mlit.go.jp/report/press/content/001981942.pdf,PDL1.0,,原本の表で『-』(この都道府県ではこの職種の単価を設定していない)
cbc94b9135724e32,JP,labor,労務単価,ダクト工,所定労働時間内8時間あたり,人日,pref,29,奈良県,,,,28100,JPY,labor_wage_8h,published_pdl,41500,公共工事設計労務単価＋必要経費(法定福利費(事業主負担分)、労務管理費、宿舎費等)の参考値,2026-03,2026-03-01,mlit-roumu-r8,参1-参3,https://www.mlit.go.jp/report/press/content/001981942.pdf,PDL1.0,,
994a34c440b57735,JP,labor,労務単価,保温工,所定労働時間内8時間あたり,人日,pref,29,奈良県,,,,30000,JPY,labor_wage_8h,published_pdl,44300,公共工事設計労務単価＋必要経費(法定福利費(事業主負担分)、労務管理費、宿舎費等)の参考値,2026-03,2026-03-01,mlit-roumu-r8,参1-参3,https://www.mlit.go.jp/report/press/content/001981942.pdf,PDL1.0,,
c5bac9c595956e8b,JP,labor,労務単価,設備機械工,所定労働時間内8時間あたり,人日,pref,29,奈良県,,,,30000,JPY,labor_wage_8h,published_pdl,44300,公共工事設計労務単価＋必要経費(法定福利費(事業主負担分)、労務管理費、宿舎費等)の参考値,2026-03,2026-03-01,mlit-roumu-r8,参1-参3,https://www.mlit.go.jp/report/press/content/001981942.pdf,PDL1.0,,
f305575ee3851ee4,JP,labor,労務単価,交通誘導警備員Ａ,所定労働時間内8時間あたり,人日,pref,29,奈良県,,,,18800,JPY,labor_wage_8h,published_pdl,27800,公共工事設計労務単価＋必要経費(法定福利費(事業主負担分)、労務管理費、宿舎費等)の参考値,2026-03,2026-03-01,mlit-roumu-r8,参1-参3,https://www.mlit.go.jp/report/press/content/001981942.pdf,PDL1.0,,
744835b6e735275c,JP,labor,労務単価,交通誘導警備員Ｂ,所定労働時間内8時間あたり,人日,pref,29,奈良県,,,,15800,JPY,labor_wage_8h,published_pdl,23300,公共工事設計労務単価＋必要経費(法定福利費(事業主負担分)、労務管理費、宿舎費等)の参考値,2026-03,2026-03-01,mlit-roumu-r8,参1-参3,https://www.mlit.go.jp/report/press/content/001981942.pdf,PDL1.0,,
74fb84347d0b5227,JP,labor,労務単価,特殊作業員,所定労働時間内8時間あたり,人日,pref,30,和歌山県,,,,27100,JPY,labor_wage_8h,published_pdl,40000,公共工事設計労務単価＋必要経費(法定福利費(事業主負担分)、労務管理費、宿舎費等)の参考値,2026-03,2026-03-01,mlit-roumu-r8,参1-参3,https://www.mlit.go.jp/report/press/content/001981942.pdf,PDL1.0,,
a181a3e14a348cf3,JP,labor,労務単価,普通作業員,所定労働時間内8時間あたり,人日,pref,30,和歌山県,,,,24200,JPY,labor_wage_8h,published_pdl,35700,公共工事設計労務単価＋必要経費(法定福利費(事業主負担分)、労務管理費、宿舎費等)の参考値,2026-03,2026-03-01,mlit-roumu-r8,参1-参3,https://www.mlit.go.jp/report/press/content/001981942.pdf,PDL1.0,,
b109b5811c0cb105,JP,labor,労務単価,軽作業員,所定労働時間内8時間あたり,人日,pref,30,和歌山県,,,,17000,JPY,labor_wage_8h,published_pdl,25100,公共工事設計労務単価＋必要経費(法定福利費(事業主負担分)、労務管理費、宿舎費等)の参考値,2026-03,2026-03-01,mlit-roumu-r8,参1-参3,https://www.mlit.go.jp/report/press/content/001981942.pdf,PDL1.0,,
b2000682ad118833,JP,labor,労務単価,造園工,所定労働時間内8時間あたり,人日,pref,30,和歌山県,,,,27600,JPY,labor_wage_8h,published_pdl,40800,公共工事設計労務単価＋必要経費(法定福利費(事業主負担分)、労務管理費、宿舎費等)の参考値,2026-03,2026-03-01,mlit-roumu-r8,参1-参3,https://www.mlit.go.jp/report/press/content/001981942.pdf,PDL1.0,,
e71c871ab04e0a32,JP,labor,労務単価,法面工,所定労働時間内8時間あたり,人日,pref,30,和歌山県,,,,29600,JPY,labor_wage_8h,published_pdl,43700,公共工事設計労務単価＋必要経費(法定福利費(事業主負担分)、労務管理費、宿舎費等)の参考値,2026-03,2026-03-01,mlit-roumu-r8,参1-参3,https://www.mlit.go.jp/report/press/content/001981942.pdf,PDL1.0,,
cf13c69a362c4268,JP,labor,労務単価,とび工,所定労働時間内8時間あたり,人日,pref,30,和歌山県,,,,28600,JPY,labor_wage_8h,published_pdl,42200,公共工事設計労務単価＋必要経費(法定福利費(事業主負担分)、労務管理費、宿舎費等)の参考値,2026-03,2026-03-01,mlit-roumu-r8,参1-参3,https://www.mlit.go.jp/report/press/content/001981942.pdf,PDL1.0,,
631a9eb8a98b7083,JP,labor,労務単価,石工,所定労働時間内8時間あたり,人日,pref,30,和歌山県,,,,,JPY,labor_wage_8h,not_set,,,2026-03,2026-03-01,mlit-roumu-r8,参1-参3,https://www.mlit.go.jp/report/press/content/001981942.pdf,PDL1.0,,原本の表で『-』(この都道府県ではこの職種の単価を設定していない)
80d5d2f9426cd565,JP,labor,労務単価,ブロック工,所定労働時間内8時間あたり,人日,pref,30,和歌山県,,,,,JPY,labor_wage_8h,not_set,,,2026-03,2026-03-01,mlit-roumu-r8,参1-参3,https://www.mlit.go.jp/report/press/content/001981942.pdf,PDL1.0,,原本の表で『-』(この都道府県ではこの職種の単価を設定していない)
ca5006effe2599c8,JP,labor,労務単価,電工,所定労働時間内8時間あたり,人日,pref,30,和歌山県,,,,27800,JPY,labor_wage_8h,published_pdl,41100,公共工事設計労務単価＋必要経費(法定福利費(事業主負担分)、労務管理費、宿舎費等)の参考値,2026-03,2026-03-01,mlit-roumu-r8,参1-参3,https://www.mlit.go.jp/report/press/content/001981942.pdf,PDL1.0,,
d498e391edf135cd,JP,labor,労務単価,鉄筋工,所定労働時間内8時間あたり,人日,pref,30,和歌山県,,,,27900,JPY,labor_wage_8h,published_pdl,41200,公共工事設計労務単価＋必要経費(法定福利費(事業主負担分)、労務管理費、宿舎費等)の参考値,2026-03,2026-03-01,mlit-roumu-r8,参1-参3,https://www.mlit.go.jp/report/press/content/001981942.pdf,PDL1.0,,
e04bc033c407311d,JP,labor,労務単価,鉄骨工,所定労働時間内8時間あたり,人日,pref,30,和歌山県,,,,26800,JPY,labor_wage_8h,published_pdl,39600,公共工事設計労務単価＋必要経費(法定福利費(事業主負担分)、労務管理費、宿舎費等)の参考値,2026-03,2026-03-01,mlit-roumu-r8,参1-参3,https://www.mlit.go.jp/report/press/content/001981942.pdf,PDL1.0,,
4faecc03976189c8,JP,labor,労務単価,塗装工,所定労働時間内8時間あたり,人日,pref,30,和歌山県,,,,31300,JPY,labor_wage_8h,published_pdl,46200,公共工事設計労務単価＋必要経費(法定福利費(事業主負担分)、労務管理費、宿舎費等)の参考値,2026-03,2026-03-01,mlit-roumu-r8,参1-参3,https://www.mlit.go.jp/report/press/content/001981942.pdf,PDL1.0,,
e0d826fbcb32fedb,JP,labor,労務単価,溶接工,所定労働時間内8時間あたり,人日,pref,30,和歌山県,,,,32500,JPY,labor_wage_8h,published_pdl,48000,公共工事設計労務単価＋必要経費(法定福利費(事業主負担分)、労務管理費、宿舎費等)の参考値,2026-03,2026-03-01,mlit-roumu-r8,参1-参3,https://www.mlit.go.jp/report/press/content/001981942.pdf,PDL1.0,,
1d55499d7adceeb2,JP,labor,労務単価,運転手（特殊）,所定労働時間内8時間あたり,人日,pref,30,和歌山県,,,,25400,JPY,labor_wage_8h,published_pdl,37500,公共工事設計労務単価＋必要経費(法定福利費(事業主負担分)、労務管理費、宿舎費等)の参考値,2026-03,2026-03-01,mlit-roumu-r8,参1-参3,https://www.mlit.go.jp/report/press/content/001981942.pdf,PDL1.0,,
ced6821c3e772624,JP,labor,労務単価,運転手（一般）,所定労働時間内8時間あたり,人日,pref,30,和歌山県,,,,23700,JPY,labor_wage_8h,published_pdl,35000,公共工事設計労務単価＋必要経費(法定福利費(事業主負担分)、労務管理費、宿舎費等)の参考値,2026-03,2026-03-01,mlit-roumu-r8,参1-参3,https://www.mlit.go.jp/report/press/content/001981942.pdf,PDL1.0,,
db04a28cb3468e0d,JP,labor,労務単価,潜かん工,所定労働時間内8時間あたり,人日,pref,30,和歌山県,,,,37200,JPY,labor_wage_8h,published_pdl,54900,公共工事設計労務単価＋必要経費(法定福利費(事業主負担分)、労務管理費、宿舎費等)の参考値,2026-03,2026-03-01,mlit-roumu-r8,参1-参3,https://www.mlit.go.jp/report/press/content/001981942.pdf,PDL1.0,,
13e0588642928908,JP,labor,労務単価,潜かん世話役,所定労働時間内8時間あたり,人日,pref,30,和歌山県,,,,46500,JPY,labor_wage_8h,published_pdl,68700,公共工事設計労務単価＋必要経費(法定福利費(事業主負担分)、労務管理費、宿舎費等)の参考値,2026-03,2026-03-01,mlit-roumu-r8,参1-参3,https://www.mlit.go.jp/report/press/content/001981942.pdf,PDL1.0,,
62f849c98de5826f,JP,labor,労務単価,さく岩工,所定労働時間内8時間あたり,人日,pref,30,和歌山県,,,,30600,JPY,labor_wage_8h,published_pdl,45200,公共工事設計労務単価＋必要経費(法定福利費(事業主負担分)、労務管理費、宿舎費等)の参考値,2026-03,2026-03-01,mlit-roumu-r8,参1-参3,https://www.mlit.go.jp/report/press/content/001981942.pdf,PDL1.0,,
dfd6b01d134e090a,JP,labor,労務単価,トンネル特殊工,所定労働時間内8時間あたり,人日,pref,30,和歌山県,,,,45500,JPY,labor_wage_8h,published_pdl,67200,公共工事設計労務単価＋必要経費(法定福利費(事業主負担分)、労務管理費、宿舎費等)の参考値,2026-03,2026-03-01,mlit-roumu-r8,参1-参3,https://www.mlit.go.jp/report/press/content/001981942.pdf,PDL1.0,,
632b3a8a3d654957,JP,labor,労務単価,トンネル作業員,所定労働時間内8時間あたり,人日,pref,30,和歌山県,,,,31100,JPY,labor_wage_8h,published_pdl,45900,公共工事設計労務単価＋必要経費(法定福利費(事業主負担分)、労務管理費、宿舎費等)の参考値,2026-03,2026-03-01,mlit-roumu-r8,参1-参3,https://www.mlit.go.jp/report/press/content/001981942.pdf,PDL1.0,,
c4cdb18411b294d0,JP,labor,労務単価,トンネル世話役,所定労働時間内8時間あたり,人日,pref,30,和歌山県,,,,45800,JPY,labor_wage_8h,published_pdl,67600,公共工事設計労務単価＋必要経費(法定福利費(事業主負担分)、労務管理費、宿舎費等)の参考値,2026-03,2026-03-01,mlit-roumu-r8,参1-参3,https://www.mlit.go.jp/report/press/content/001981942.pdf,PDL1.0,,
663696b477dad365,JP,labor,労務単価,橋りょう特殊工,所定労働時間内8時間あたり,人日,pref,30,和歌山県,,,,34400,JPY,labor_wage_8h,published_pdl,50800,公共工事設計労務単価＋必要経費(法定福利費(事業主負担分)、労務管理費、宿舎費等)の参考値,2026-03,2026-03-01,mlit-roumu-r8,参1-参3,https://www.mlit.go.jp/report/press/content/001981942.pdf,PDL1.0,,
c09e931ffab2e229,JP,labor,労務単価,橋りょう塗装工,所定労働時間内8時間あたり,人日,pref,30,和歌山県,,,,33900,JPY,labor_wage_8h,published_pdl,50100,公共工事設計労務単価＋必要経費(法定福利費(事業主負担分)、労務管理費、宿舎費等)の参考値,2026-03,2026-03-01,mlit-roumu-r8,参1-参3,https://www.mlit.go.jp/report/press/content/001981942.pdf,PDL1.0,,
d0f9947609404f9f,JP,labor,労務単価,橋りょう世話役,所定労働時間内8時間あたり,人日,pref,30,和歌山県,,,,43900,JPY,labor_wage_8h,published_pdl,64800,公共工事設計労務単価＋必要経費(法定福利費(事業主負担分)、労務管理費、宿舎費等)の参考値,2026-03,2026-03-01,mlit-roumu-r8,参1-参3,https://www.mlit.go.jp/report/press/content/001981942.pdf,PDL1.0,,
d3ab0e93dca804b3,JP,labor,労務単価,土木一般世話役,所定労働時間内8時間あたり,人日,pref,30,和歌山県,,,,31000,JPY,labor_wage_8h,published_pdl,45800,公共工事設計労務単価＋必要経費(法定福利費(事業主負担分)、労務管理費、宿舎費等)の参考値,2026-03,2026-03-01,mlit-roumu-r8,参1-参3,https://www.mlit.go.jp/report/press/content/001981942.pdf,PDL1.0,,
61e8cdcc0fae638a,JP,labor,労務単価,高級船員,所定労働時間内8時間あたり,人日,pref,30,和歌山県,,,,33200,JPY,labor_wage_8h,published_pdl,49000,公共工事設計労務単価＋必要経費(法定福利費(事業主負担分)、労務管理費、宿舎費等)の参考値,2026-03,2026-03-01,mlit-roumu-r8,参1-参3,https://www.mlit.go.jp/report/press/content/001981942.pdf,PDL1.0,,
3bf03d20bf0120d4,JP,labor,労務単価,普通船員,所定労働時間内8時間あたり,人日,pref,30,和歌山県,,,,28400,JPY,labor_wage_8h,published_pdl,41900,公共工事設計労務単価＋必要経費(法定福利費(事業主負担分)、労務管理費、宿舎費等)の参考値,2026-03,2026-03-01,mlit-roumu-r8,参1-参3,https://www.mlit.go.jp/report/press/content/001981942.pdf,PDL1.0,,
46534b7b3b4d4aed,JP,labor,労務単価,潜水士,所定労働時間内8時間あたり,人日,pref,30,和歌山県,,,,41600,JPY,labor_wage_8h,published_pdl,61400,公共工事設計労務単価＋必要経費(法定福利費(事業主負担分)、労務管理費、宿舎費等)の参考値,2026-03,2026-03-01,mlit-roumu-r8,参1-参3,https://www.mlit.go.jp/report/press/content/001981942.pdf,PDL1.0,,
02b39adc7ff5032f,JP,labor,労務単価,潜水連絡員,所定労働時間内8時間あたり,人日,pref,30,和歌山県,,,,33100,JPY,labor_wage_8h,published_pdl,48900,公共工事設計労務単価＋必要経費(法定福利費(事業主負担分)、労務管理費、宿舎費等)の参考値,2026-03,2026-03-01,mlit-roumu-r8,参1-参3,https://www.mlit.go.jp/report/press/content/001981942.pdf,PDL1.0,,
34b713293642c3b4,JP,labor,労務単価,潜水送気員,所定労働時間内8時間あたり,人日,pref,30,和歌山県,,,,31000,JPY,labor_wage_8h,published_pdl,45800,公共工事設計労務単価＋必要経費(法定福利費(事業主負担分)、労務管理費、宿舎費等)の参考値,2026-03,2026-03-01,mlit-roumu-r8,参1-参3,https://www.mlit.go.jp/report/press/content/001981942.pdf,PDL1.0,,
bd7ba72f1602bc62,JP,labor,労務単価,山林砂防工,所定労働時間内8時間あたり,人日,pref,30,和歌山県,,,,30300,JPY,labor_wage_8h,published_pdl,44800,公共工事設計労務単価＋必要経費(法定福利費(事業主負担分)、労務管理費、宿舎費等)の参考値,2026-03,2026-03-01,mlit-roumu-r8,参1-参3,https://www.mlit.go.jp/report/press/content/001981942.pdf,PDL1.0,,
d1d4bee090d2d51e,JP,labor,労務単価,軌道工,所定労働時間内8時間あたり,人日,pref,30,和歌山県,,,,46700,JPY,labor_wage_8h,published_pdl,69000,公共工事設計労務単価＋必要経費(法定福利費(事業主負担分)、労務管理費、宿舎費等)の参考値,2026-03,2026-03-01,mlit-roumu-r8,参1-参3,https://www.mlit.go.jp/report/press/content/001981942.pdf,PDL1.0,,
1a68102a6223fc21,JP,labor,労務単価,型わく工,所定労働時間内8時間あたり,人日,pref,30,和歌山県,,,,33400,JPY,labor_wage_8h,published_pdl,49300,公共工事設計労務単価＋必要経費(法定福利費(事業主負担分)、労務管理費、宿舎費等)の参考値,2026-03,2026-03-01,mlit-roumu-r8,参1-参3,https://www.mlit.go.jp/report/press/content/001981942.pdf,PDL1.0,,
f6166439f07fde63,JP,labor,労務単価,大工,所定労働時間内8時間あたり,人日,pref,30,和歌山県,,,,29300,JPY,labor_wage_8h,published_pdl,43300,公共工事設計労務単価＋必要経費(法定福利費(事業主負担分)、労務管理費、宿舎費等)の参考値,2026-03,2026-03-01,mlit-roumu-r8,参1-参3,https://www.mlit.go.jp/report/press/content/001981942.pdf,PDL1.0,,
b7e089197f069f2b,JP,labor,労務単価,左官,所定労働時間内8時間あたり,人日,pref,30,和歌山県,,,,30300,JPY,labor_wage_8h,published_pdl,44800,公共工事設計労務単価＋必要経費(法定福利費(事業主負担分)、労務管理費、宿舎費等)の参考値,2026-03,2026-03-01,mlit-roumu-r8,参1-参3,https://www.mlit.go.jp/report/press/content/001981942.pdf,PDL1.0,,
641138b3fded7967,JP,labor,労務単価,配管工,所定労働時間内8時間あたり,人日,pref,30,和歌山県,,,,27100,JPY,labor_wage_8h,published_pdl,40000,公共工事設計労務単価＋必要経費(法定福利費(事業主負担分)、労務管理費、宿舎費等)の参考値,2026-03,2026-03-01,mlit-roumu-r8,参1-参3,https://www.mlit.go.jp/report/press/content/001981942.pdf,PDL1.0,,
a2f0309329030896,JP,labor,労務単価,はつり工,所定労働時間内8時間あたり,人日,pref,30,和歌山県,,,,30600,JPY,labor_wage_8h,published_pdl,45200,公共工事設計労務単価＋必要経費(法定福利費(事業主負担分)、労務管理費、宿舎費等)の参考値,2026-03,2026-03-01,mlit-roumu-r8,参1-参3,https://www.mlit.go.jp/report/press/content/001981942.pdf,PDL1.0,,
b2566f9172a46154,JP,labor,労務単価,防水工,所定労働時間内8時間あたり,人日,pref,30,和歌山県,,,,28600,JPY,labor_wage_8h,published_pdl,42200,公共工事設計労務単価＋必要経費(法定福利費(事業主負担分)、労務管理費、宿舎費等)の参考値,2026-03,2026-03-01,mlit-roumu-r8,参1-参3,https://www.mlit.go.jp/report/press/content/001981942.pdf,PDL1.0,,
903c8cfe957057f9,JP,labor,労務単価,板金工,所定労働時間内8時間あたり,人日,pref,30,和歌山県,,,,,JPY,labor_wage_8h,not_set,,,2026-03,2026-03-01,mlit-roumu-r8,参1-参3,https://www.mlit.go.jp/report/press/content/001981942.pdf,PDL1.0,,原本の表で『-』(この都道府県ではこの職種の単価を設定していない)
83bfb1ebc641bfbe,JP,labor,労務単価,タイル工,所定労働時間内8時間あたり,人日,pref,30,和歌山県,,,,,JPY,labor_wage_8h,not_set,,,2026-03,2026-03-01,mlit-roumu-r8,参1-参3,https://www.mlit.go.jp/report/press/content/001981942.pdf,PDL1.0,,原本の表で『-』(この都道府県ではこの職種の単価を設定していない)
2de7c7a8b7876c90,JP,labor,労務単価,サッシ工,所定労働時間内8時間あたり,人日,pref,30,和歌山県,,,,31200,JPY,labor_wage_8h,published_pdl,46100,公共工事設計労務単価＋必要経費(法定福利費(事業主負担分)、労務管理費、宿舎費等)の参考値,2026-03,2026-03-01,mlit-roumu-r8,参1-参3,https://www.mlit.go.jp/report/press/content/001981942.pdf,PDL1.0,,
33630ba032453c1e,JP,labor,労務単価,屋根ふき工,所定労働時間内8時間あたり,人日,pref,30,和歌山県,,,,,JPY,labor_wage_8h,not_set,,,2026-03,2026-03-01,mlit-roumu-r8,参1-参3,https://www.mlit.go.jp/report/press/content/001981942.pdf,PDL1.0,,原本の表で『-』(この都道府県ではこの職種の単価を設定していない)
46145574dcd8201b,JP,labor,労務単価,内装工,所定労働時間内8時間あたり,人日,pref,30,和歌山県,,,,32600,JPY,labor_wage_8h,published_pdl,48200,公共工事設計労務単価＋必要経費(法定福利費(事業主負担分)、労務管理費、宿舎費等)の参考値,2026-03,2026-03-01,mlit-roumu-r8,参1-参3,https://www.mlit.go.jp/report/press/content/001981942.pdf,PDL1.0,,
adb492b1c9968c99,JP,labor,労務単価,ガラス工,所定労働時間内8時間あたり,人日,pref,30,和歌山県,,,,28700,JPY,labor_wage_8h,published_pdl,42400,公共工事設計労務単価＋必要経費(法定福利費(事業主負担分)、労務管理費、宿舎費等)の参考値,2026-03,2026-03-01,mlit-roumu-r8,参1-参3,https://www.mlit.go.jp/report/press/content/001981942.pdf,PDL1.0,,
8ca5b59a7f5b71d2,JP,labor,労務単価,建具工,所定労働時間内8時間あたり,人日,pref,30,和歌山県,,,,,JPY,labor_wage_8h,not_set,,,2026-03,2026-03-01,mlit-roumu-r8,参1-参3,https://www.mlit.go.jp/report/press/content/001981942.pdf,PDL1.0,,原本の表で『-』(この都道府県ではこの職種の単価を設定していない)
7e51aeb4d9f10934,JP,labor,労務単価,ダクト工,所定労働時間内8時間あたり,人日,pref,30,和歌山県,,,,27800,JPY,labor_wage_8h,published_pdl,41100,公共工事設計労務単価＋必要経費(法定福利費(事業主負担分)、労務管理費、宿舎費等)の参考値,2026-03,2026-03-01,mlit-roumu-r8,参1-参3,https://www.mlit.go.jp/report/press/content/001981942.pdf,PDL1.0,,
b3340fa9e7cabeb2,JP,labor,労務単価,保温工,所定労働時間内8時間あたり,人日,pref,30,和歌山県,,,,29700,JPY,labor_wage_8h,published_pdl,43900,公共工事設計労務単価＋必要経費(法定福利費(事業主負担分)、労務管理費、宿舎費等)の参考値,2026-03,2026-03-01,mlit-roumu-r8,参1-参3,https://www.mlit.go.jp/report/press/content/001981942.pdf,PDL1.0,,
c7ab658d1afcd68f,JP,labor,労務単価,設備機械工,所定労働時間内8時間あたり,人日,pref,30,和歌山県,,,,29700,JPY,labor_wage_8h,published_pdl,43900,公共工事設計労務単価＋必要経費(法定福利費(事業主負担分)、労務管理費、宿舎費等)の参考値,2026-03,2026-03-01,mlit-roumu-r8,参1-参3,https://www.mlit.go.jp/report/press/content/001981942.pdf,PDL1.0,,
4e5ccb876c78cd32,JP,labor,労務単価,交通誘導警備員Ａ,所定労働時間内8時間あたり,人日,pref,30,和歌山県,,,,18200,JPY,labor_wage_8h,published_pdl,26900,公共工事設計労務単価＋必要経費(法定福利費(事業主負担分)、労務管理費、宿舎費等)の参考値,2026-03,2026-03-01,mlit-roumu-r8,参1-参3,https://www.mlit.go.jp/report/press/content/001981942.pdf,PDL1.0,,
ad6dceaff7b34be9,JP,labor,労務単価,交通誘導警備員Ｂ,所定労働時間内8時間あたり,人日,pref,30,和歌山県,,,,15600,JPY,labor_wage_8h,published_pdl,23000,公共工事設計労務単価＋必要経費(法定福利費(事業主負担分)、労務管理費、宿舎費等)の参考値,2026-03,2026-03-01,mlit-roumu-r8,参1-参3,https://www.mlit.go.jp/report/press/content/001981942.pdf,PDL1.0,,
03c3edfe4a5f90ed,JP,labor,労務単価,特殊作業員,所定労働時間内8時間あたり,人日,pref,31,鳥取県,,,,23600,JPY,labor_wage_8h,published_pdl,34900,公共工事設計労務単価＋必要経費(法定福利費(事業主負担分)、労務管理費、宿舎費等)の参考値,2026-03,2026-03-01,mlit-roumu-r8,参1-参3,https://www.mlit.go.jp/report/press/content/001981942.pdf,PDL1.0,,
ca5069e858483f2f,JP,labor,労務単価,普通作業員,所定労働時間内8時間あたり,人日,pref,31,鳥取県,,,,18200,JPY,labor_wage_8h,published_pdl,26900,公共工事設計労務単価＋必要経費(法定福利費(事業主負担分)、労務管理費、宿舎費等)の参考値,2026-03,2026-03-01,mlit-roumu-r8,参1-参3,https://www.mlit.go.jp/report/press/content/001981942.pdf,PDL1.0,,
29710fa86a439515,JP,labor,労務単価,軽作業員,所定労働時間内8時間あたり,人日,pref,31,鳥取県,,,,17000,JPY,labor_wage_8h,published_pdl,25100,公共工事設計労務単価＋必要経費(法定福利費(事業主負担分)、労務管理費、宿舎費等)の参考値,2026-03,2026-03-01,mlit-roumu-r8,参1-参3,https://www.mlit.go.jp/report/press/content/001981942.pdf,PDL1.0,,
5cfc51b144db0fa7,JP,labor,労務単価,造園工,所定労働時間内8時間あたり,人日,pref,31,鳥取県,,,,23100,JPY,labor_wage_8h,published_pdl,34100,公共工事設計労務単価＋必要経費(法定福利費(事業主負担分)、労務管理費、宿舎費等)の参考値,2026-03,2026-03-01,mlit-roumu-r8,参1-参3,https://www.mlit.go.jp/report/press/content/001981942.pdf,PDL1.0,,
31ed68f6a171a5e1,JP,labor,労務単価,法面工,所定労働時間内8時間あたり,人日,pref,31,鳥取県,,,,28000,JPY,labor_wage_8h,published_pdl,41400,公共工事設計労務単価＋必要経費(法定福利費(事業主負担分)、労務管理費、宿舎費等)の参考値,2026-03,2026-03-01,mlit-roumu-r8,参1-参3,https://www.mlit.go.jp/report/press/content/001981942.pdf,PDL1.0,,
daf00ad7dc2f2b46,JP,labor,労務単価,とび工,所定労働時間内8時間あたり,人日,pref,31,鳥取県,,,,28000,JPY,labor_wage_8h,published_pdl,41400,公共工事設計労務単価＋必要経費(法定福利費(事業主負担分)、労務管理費、宿舎費等)の参考値,2026-03,2026-03-01,mlit-roumu-r8,参1-参3,https://www.mlit.go.jp/report/press/content/001981942.pdf,PDL1.0,,
55b9fa7e3164dfe6,JP,labor,労務単価,石工,所定労働時間内8時間あたり,人日,pref,31,鳥取県,,,,,JPY,labor_wage_8h,not_set,,,2026-03,2026-03-01,mlit-roumu-r8,参1-参3,https://www.mlit.go.jp/report/press/content/001981942.pdf,PDL1.0,,原本の表で『-』(この都道府県ではこの職種の単価を設定していない)
1f9a3fb6b309e534,JP,labor,労務単価,ブロック工,所定労働時間内8時間あたり,人日,pref,31,鳥取県,,,,,JPY,labor_wage_8h,not_set,,,2026-03,2026-03-01,mlit-roumu-r8,参1-参3,https://www.mlit.go.jp/report/press/content/001981942.pdf,PDL1.0,,原本の表で『-』(この都道府県ではこの職種の単価を設定していない)
1fa45e40f99ce125,JP,labor,労務単価,電工,所定労働時間内8時間あたり,人日,pref,31,鳥取県,,,,24700,JPY,labor_wage_8h,published_pdl,36500,公共工事設計労務単価＋必要経費(法定福利費(事業主負担分)、労務管理費、宿舎費等)の参考値,2026-03,2026-03-01,mlit-roumu-r8,参1-参3,https://www.mlit.go.jp/report/press/content/001981942.pdf,PDL1.0,,
0fd5301005c912f7,JP,labor,労務単価,鉄筋工,所定労働時間内8時間あたり,人日,pref,31,鳥取県,,,,29500,JPY,labor_wage_8h,published_pdl,43600,公共工事設計労務単価＋必要経費(法定福利費(事業主負担分)、労務管理費、宿舎費等)の参考値,2026-03,2026-03-01,mlit-roumu-r8,参1-参3,https://www.mlit.go.jp/report/press/content/001981942.pdf,PDL1.0,,
6f914ae56b58eb1d,JP,labor,労務単価,鉄骨工,所定労働時間内8時間あたり,人日,pref,31,鳥取県,,,,26700,JPY,labor_wage_8h,published_pdl,39400,公共工事設計労務単価＋必要経費(法定福利費(事業主負担分)、労務管理費、宿舎費等)の参考値,2026-03,2026-03-01,mlit-roumu-r8,参1-参3,https://www.mlit.go.jp/report/press/content/001981942.pdf,PDL1.0,,
1515ffa176fe39f0,JP,labor,労務単価,塗装工,所定労働時間内8時間あたり,人日,pref,31,鳥取県,,,,28100,JPY,labor_wage_8h,published_pdl,41500,公共工事設計労務単価＋必要経費(法定福利費(事業主負担分)、労務管理費、宿舎費等)の参考値,2026-03,2026-03-01,mlit-roumu-r8,参1-参3,https://www.mlit.go.jp/report/press/content/001981942.pdf,PDL1.0,,
49f7448524d52c12,JP,labor,労務単価,溶接工,所定労働時間内8時間あたり,人日,pref,31,鳥取県,,,,29600,JPY,labor_wage_8h,published_pdl,43700,公共工事設計労務単価＋必要経費(法定福利費(事業主負担分)、労務管理費、宿舎費等)の参考値,2026-03,2026-03-01,mlit-roumu-r8,参1-参3,https://www.mlit.go.jp/report/press/content/001981942.pdf,PDL1.0,,
785c38fd4281e66a,JP,labor,労務単価,運転手（特殊）,所定労働時間内8時間あたり,人日,pref,31,鳥取県,,,,21600,JPY,labor_wage_8h,published_pdl,31900,公共工事設計労務単価＋必要経費(法定福利費(事業主負担分)、労務管理費、宿舎費等)の参考値,2026-03,2026-03-01,mlit-roumu-r8,参1-参3,https://www.mlit.go.jp/report/press/content/001981942.pdf,PDL1.0,,
35ee9fd34e2266a2,JP,labor,労務単価,運転手（一般）,所定労働時間内8時間あたり,人日,pref,31,鳥取県,,,,19600,JPY,labor_wage_8h,published_pdl,28900,公共工事設計労務単価＋必要経費(法定福利費(事業主負担分)、労務管理費、宿舎費等)の参考値,2026-03,2026-03-01,mlit-roumu-r8,参1-参3,https://www.mlit.go.jp/report/press/content/001981942.pdf,PDL1.0,,
effd3ac1f8b33d18,JP,labor,労務単価,潜かん工,所定労働時間内8時間あたり,人日,pref,31,鳥取県,,,,37600,JPY,labor_wage_8h,published_pdl,55500,公共工事設計労務単価＋必要経費(法定福利費(事業主負担分)、労務管理費、宿舎費等)の参考値,2026-03,2026-03-01,mlit-roumu-r8,参1-参3,https://www.mlit.go.jp/report/press/content/001981942.pdf,PDL1.0,,
bc2c97bd7d21c166,JP,labor,労務単価,潜かん世話役,所定労働時間内8時間あたり,人日,pref,31,鳥取県,,,,46100,JPY,labor_wage_8h,published_pdl,68100,公共工事設計労務単価＋必要経費(法定福利費(事業主負担分)、労務管理費、宿舎費等)の参考値,2026-03,2026-03-01,mlit-roumu-r8,参1-参3,https://www.mlit.go.jp/report/press/content/001981942.pdf,PDL1.0,,
a0e6471a866312df,JP,labor,労務単価,さく岩工,所定労働時間内8時間あたり,人日,pref,31,鳥取県,,,,33800,JPY,labor_wage_8h,published_pdl,49900,公共工事設計労務単価＋必要経費(法定福利費(事業主負担分)、労務管理費、宿舎費等)の参考値,2026-03,2026-03-01,mlit-roumu-r8,参1-参3,https://www.mlit.go.jp/report/press/content/001981942.pdf,PDL1.0,,
03f319bc8fa65881,JP,labor,労務単価,トンネル特殊工,所定労働時間内8時間あたり,人日,pref,31,鳥取県,,,,48100,JPY,labor_wage_8h,published_pdl,71000,公共工事設計労務単価＋必要経費(法定福利費(事業主負担分)、労務管理費、宿舎費等)の参考値,2026-03,2026-03-01,mlit-roumu-r8,参1-参3,https://www.mlit.go.jp/report/press/content/001981942.pdf,PDL1.0,,
2822c49ba97936e7,JP,labor,労務単価,トンネル作業員,所定労働時間内8時間あたり,人日,pref,31,鳥取県,,,,32700,JPY,labor_wage_8h,published_pdl,48300,公共工事設計労務単価＋必要経費(法定福利費(事業主負担分)、労務管理費、宿舎費等)の参考値,2026-03,2026-03-01,mlit-roumu-r8,参1-参3,https://www.mlit.go.jp/report/press/content/001981942.pdf,PDL1.0,,
bf72e8ab6f09664b,JP,labor,労務単価,トンネル世話役,所定労働時間内8時間あたり,人日,pref,31,鳥取県,,,,51100,JPY,labor_wage_8h,published_pdl,75500,公共工事設計労務単価＋必要経費(法定福利費(事業主負担分)、労務管理費、宿舎費等)の参考値,2026-03,2026-03-01,mlit-roumu-r8,参1-参3,https://www.mlit.go.jp/report/press/content/001981942.pdf,PDL1.0,,
ede9af1c345944c3,JP,labor,労務単価,橋りょう特殊工,所定労働時間内8時間あたり,人日,pref,31,鳥取県,,,,32400,JPY,labor_wage_8h,published_pdl,47900,公共工事設計労務単価＋必要経費(法定福利費(事業主負担分)、労務管理費、宿舎費等)の参考値,2026-03,2026-03-01,mlit-roumu-r8,参1-参3,https://www.mlit.go.jp/report/press/content/001981942.pdf,PDL1.0,,
350d47e5f6ee00e7,JP,labor,労務単価,橋りょう塗装工,所定労働時間内8時間あたり,人日,pref,31,鳥取県,,,,32300,JPY,labor_wage_8h,published_pdl,47700,公共工事設計労務単価＋必要経費(法定福利費(事業主負担分)、労務管理費、宿舎費等)の参考値,2026-03,2026-03-01,mlit-roumu-r8,参1-参3,https://www.mlit.go.jp/report/press/content/001981942.pdf,PDL1.0,,
dc9ff5c8f0ce1e4c,JP,labor,労務単価,橋りょう世話役,所定労働時間内8時間あたり,人日,pref,31,鳥取県,,,,41800,JPY,labor_wage_8h,published_pdl,61700,公共工事設計労務単価＋必要経費(法定福利費(事業主負担分)、労務管理費、宿舎費等)の参考値,2026-03,2026-03-01,mlit-roumu-r8,参1-参3,https://www.mlit.go.jp/report/press/content/001981942.pdf,PDL1.0,,
dc7caf8326e31ee0,JP,labor,労務単価,土木一般世話役,所定労働時間内8時間あたり,人日,pref,31,鳥取県,,,,26900,JPY,labor_wage_8h,published_pdl,39700,公共工事設計労務単価＋必要経費(法定福利費(事業主負担分)、労務管理費、宿舎費等)の参考値,2026-03,2026-03-01,mlit-roumu-r8,参1-参3,https://www.mlit.go.jp/report/press/content/001981942.pdf,PDL1.0,,
3abe81bcfde873c1,JP,labor,労務単価,高級船員,所定労働時間内8時間あたり,人日,pref,31,鳥取県,,,,31900,JPY,labor_wage_8h,published_pdl,47100,公共工事設計労務単価＋必要経費(法定福利費(事業主負担分)、労務管理費、宿舎費等)の参考値,2026-03,2026-03-01,mlit-roumu-r8,参1-参3,https://www.mlit.go.jp/report/press/content/001981942.pdf,PDL1.0,,
304cf0a6de4181c5,JP,labor,労務単価,普通船員,所定労働時間内8時間あたり,人日,pref,31,鳥取県,,,,25800,JPY,labor_wage_8h,published_pdl,38100,公共工事設計労務単価＋必要経費(法定福利費(事業主負担分)、労務管理費、宿舎費等)の参考値,2026-03,2026-03-01,mlit-roumu-r8,参1-参3,https://www.mlit.go.jp/report/press/content/001981942.pdf,PDL1.0,,
0286f12ca0682ebe,JP,labor,労務単価,潜水士,所定労働時間内8時間あたり,人日,pref,31,鳥取県,,,,48700,JPY,labor_wage_8h,published_pdl,71900,公共工事設計労務単価＋必要経費(法定福利費(事業主負担分)、労務管理費、宿舎費等)の参考値,2026-03,2026-03-01,mlit-roumu-r8,参1-参3,https://www.mlit.go.jp/report/press/content/001981942.pdf,PDL1.0,,
d88603eeff160ada,JP,labor,労務単価,潜水連絡員,所定労働時間内8時間あたり,人日,pref,31,鳥取県,,,,36200,JPY,labor_wage_8h,published_pdl,53500,公共工事設計労務単価＋必要経費(法定福利費(事業主負担分)、労務管理費、宿舎費等)の参考値,2026-03,2026-03-01,mlit-roumu-r8,参1-参3,https://www.mlit.go.jp/report/press/content/001981942.pdf,PDL1.0,,
05093301bd4518d0,JP,labor,労務単価,潜水送気員,所定労働時間内8時間あたり,人日,pref,31,鳥取県,,,,35200,JPY,labor_wage_8h,published_pdl,52000,公共工事設計労務単価＋必要経費(法定福利費(事業主負担分)、労務管理費、宿舎費等)の参考値,2026-03,2026-03-01,mlit-roumu-r8,参1-参3,https://www.mlit.go.jp/report/press/content/001981942.pdf,PDL1.0,,
c0876e032aa18172,JP,labor,労務単価,山林砂防工,所定労働時間内8時間あたり,人日,pref,31,鳥取県,,,,,JPY,labor_wage_8h,not_set,,,2026-03,2026-03-01,mlit-roumu-r8,参1-参3,https://www.mlit.go.jp/report/press/content/001981942.pdf,PDL1.0,,原本の表で『-』(この都道府県ではこの職種の単価を設定していない)
12641d0c090272e0,JP,labor,労務単価,軌道工,所定労働時間内8時間あたり,人日,pref,31,鳥取県,,,,41500,JPY,labor_wage_8h,published_pdl,61300,公共工事設計労務単価＋必要経費(法定福利費(事業主負担分)、労務管理費、宿舎費等)の参考値,2026-03,2026-03-01,mlit-roumu-r8,参1-参3,https://www.mlit.go.jp/report/press/content/001981942.pdf,PDL1.0,,
c3e42996d8d925b5,JP,labor,労務単価,型わく工,所定労働時間内8時間あたり,人日,pref,31,鳥取県,,,,27900,JPY,labor_wage_8h,published_pdl,41200,公共工事設計労務単価＋必要経費(法定福利費(事業主負担分)、労務管理費、宿舎費等)の参考値,2026-03,2026-03-01,mlit-roumu-r8,参1-参3,https://www.mlit.go.jp/report/press/content/001981942.pdf,PDL1.0,,
d95f7e95dd01de9d,JP,labor,労務単価,大工,所定労働時間内8時間あたり,人日,pref,31,鳥取県,,,,27200,JPY,labor_wage_8h,published_pdl,40200,公共工事設計労務単価＋必要経費(法定福利費(事業主負担分)、労務管理費、宿舎費等)の参考値,2026-03,2026-03-01,mlit-roumu-r8,参1-参3,https://www.mlit.go.jp/report/press/content/001981942.pdf,PDL1.0,,
add40dc4d8eceea6,JP,labor,労務単価,左官,所定労働時間内8時間あたり,人日,pref,31,鳥取県,,,,25300,JPY,labor_wage_8h,published_pdl,37400,公共工事設計労務単価＋必要経費(法定福利費(事業主負担分)、労務管理費、宿舎費等)の参考値,2026-03,2026-03-01,mlit-roumu-r8,参1-参3,https://www.mlit.go.jp/report/press/content/001981942.pdf,PDL1.0,,
68f0cf63bb7cae6e,JP,labor,労務単価,配管工,所定労働時間内8時間あたり,人日,pref,31,鳥取県,,,,24800,JPY,labor_wage_8h,published_pdl,36600,公共工事設計労務単価＋必要経費(法定福利費(事業主負担分)、労務管理費、宿舎費等)の参考値,2026-03,2026-03-01,mlit-roumu-r8,参1-参3,https://www.mlit.go.jp/report/press/content/001981942.pdf,PDL1.0,,
f688e8903d92b51f,JP,labor,労務単価,はつり工,所定労働時間内8時間あたり,人日,pref,31,鳥取県,,,,30600,JPY,labor_wage_8h,published_pdl,45200,公共工事設計労務単価＋必要経費(法定福利費(事業主負担分)、労務管理費、宿舎費等)の参考値,2026-03,2026-03-01,mlit-roumu-r8,参1-参3,https://www.mlit.go.jp/report/press/content/001981942.pdf,PDL1.0,,
1db641a9a420f81d,JP,labor,労務単価,防水工,所定労働時間内8時間あたり,人日,pref,31,鳥取県,,,,28800,JPY,labor_wage_8h,published_pdl,42500,公共工事設計労務単価＋必要経費(法定福利費(事業主負担分)、労務管理費、宿舎費等)の参考値,2026-03,2026-03-01,mlit-roumu-r8,参1-参3,https://www.mlit.go.jp/report/press/content/001981942.pdf,PDL1.0,,
eb13f61e8a8235a7,JP,labor,労務単価,板金工,所定労働時間内8時間あたり,人日,pref,31,鳥取県,,,,27100,JPY,labor_wage_8h,published_pdl,40000,公共工事設計労務単価＋必要経費(法定福利費(事業主負担分)、労務管理費、宿舎費等)の参考値,2026-03,2026-03-01,mlit-roumu-r8,参1-参3,https://www.mlit.go.jp/report/press/content/001981942.pdf,PDL1.0,,
5b51185ba96fa3a7,JP,labor,労務単価,タイル工,所定労働時間内8時間あたり,人日,pref,31,鳥取県,,,,,JPY,labor_wage_8h,not_set,,,2026-03,2026-03-01,mlit-roumu-r8,参1-参3,https://www.mlit.go.jp/report/press/content/001981942.pdf,PDL1.0,,原本の表で『-』(この都道府県ではこの職種の単価を設定していない)
1897ef3743d63e0d,JP,labor,労務単価,サッシ工,所定労働時間内8時間あたり,人日,pref,31,鳥取県,,,,28600,JPY,labor_wage_8h,published_pdl,42200,公共工事設計労務単価＋必要経費(法定福利費(事業主負担分)、労務管理費、宿舎費等)の参考値,2026-03,2026-03-01,mlit-roumu-r8,参1-参3,https://www.mlit.go.jp/report/press/content/001981942.pdf,PDL1.0,,
158b61fe164b5157,JP,labor,労務単価,屋根ふき工,所定労働時間内8時間あたり,人日,pref,31,鳥取県,,,,28400,JPY,labor_wage_8h,published_pdl,41900,公共工事設計労務単価＋必要経費(法定福利費(事業主負担分)、労務管理費、宿舎費等)の参考値,2026-03,2026-03-01,mlit-roumu-r8,参1-参3,https://www.mlit.go.jp/report/press/content/001981942.pdf,PDL1.0,,
d6978dca5bf3c1bc,JP,labor,労務単価,内装工,所定労働時間内8時間あたり,人日,pref,31,鳥取県,,,,28300,JPY,labor_wage_8h,published_pdl,41800,公共工事設計労務単価＋必要経費(法定福利費(事業主負担分)、労務管理費、宿舎費等)の参考値,2026-03,2026-03-01,mlit-roumu-r8,参1-参3,https://www.mlit.go.jp/report/press/content/001981942.pdf,PDL1.0,,
8eeb5406de2f449d,JP,labor,労務単価,ガラス工,所定労働時間内8時間あたり,人日,pref,31,鳥取県,,,,27300,JPY,labor_wage_8h,published_pdl,40300,公共工事設計労務単価＋必要経費(法定福利費(事業主負担分)、労務管理費、宿舎費等)の参考値,2026-03,2026-03-01,mlit-roumu-r8,参1-参3,https://www.mlit.go.jp/report/press/content/001981942.pdf,PDL1.0,,
aba979d374c4e398,JP,labor,労務単価,建具工,所定労働時間内8時間あたり,人日,pref,31,鳥取県,,,,,JPY,labor_wage_8h,not_set,,,2026-03,2026-03-01,mlit-roumu-r8,参1-参3,https://www.mlit.go.jp/report/press/content/001981942.pdf,PDL1.0,,原本の表で『-』(この都道府県ではこの職種の単価を設定していない)
00c6e06c4d19ea73,JP,labor,労務単価,ダクト工,所定労働時間内8時間あたり,人日,pref,31,鳥取県,,,,24300,JPY,labor_wage_8h,published_pdl,35900,公共工事設計労務単価＋必要経費(法定福利費(事業主負担分)、労務管理費、宿舎費等)の参考値,2026-03,2026-03-01,mlit-roumu-r8,参1-参3,https://www.mlit.go.jp/report/press/content/001981942.pdf,PDL1.0,,
1af6cf237052cf41,JP,labor,労務単価,保温工,所定労働時間内8時間あたり,人日,pref,31,鳥取県,,,,25100,JPY,labor_wage_8h,published_pdl,37100,公共工事設計労務単価＋必要経費(法定福利費(事業主負担分)、労務管理費、宿舎費等)の参考値,2026-03,2026-03-01,mlit-roumu-r8,参1-参3,https://www.mlit.go.jp/report/press/content/001981942.pdf,PDL1.0,,
16f19632c3c9b946,JP,labor,労務単価,設備機械工,所定労働時間内8時間あたり,人日,pref,31,鳥取県,,,,29400,JPY,labor_wage_8h,published_pdl,43400,公共工事設計労務単価＋必要経費(法定福利費(事業主負担分)、労務管理費、宿舎費等)の参考値,2026-03,2026-03-01,mlit-roumu-r8,参1-参3,https://www.mlit.go.jp/report/press/content/001981942.pdf,PDL1.0,,
86aa95f556307542,JP,labor,労務単価,交通誘導警備員Ａ,所定労働時間内8時間あたり,人日,pref,31,鳥取県,,,,18100,JPY,labor_wage_8h,published_pdl,26700,公共工事設計労務単価＋必要経費(法定福利費(事業主負担分)、労務管理費、宿舎費等)の参考値,2026-03,2026-03-01,mlit-roumu-r8,参1-参3,https://www.mlit.go.jp/report/press/content/001981942.pdf,PDL1.0,,
0e0b634e91a5c242,JP,labor,労務単価,交通誘導警備員Ｂ,所定労働時間内8時間あたり,人日,pref,31,鳥取県,,,,14600,JPY,labor_wage_8h,published_pdl,21600,公共工事設計労務単価＋必要経費(法定福利費(事業主負担分)、労務管理費、宿舎費等)の参考値,2026-03,2026-03-01,mlit-roumu-r8,参1-参3,https://www.mlit.go.jp/report/press/content/001981942.pdf,PDL1.0,,
890da8b6e0dc3e6d,JP,labor,労務単価,特殊作業員,所定労働時間内8時間あたり,人日,pref,32,島根県,,,,24100,JPY,labor_wage_8h,published_pdl,35600,公共工事設計労務単価＋必要経費(法定福利費(事業主負担分)、労務管理費、宿舎費等)の参考値,2026-03,2026-03-01,mlit-roumu-r8,参1-参3,https://www.mlit.go.jp/report/press/content/001981942.pdf,PDL1.0,,
86b122c058df279a,JP,labor,労務単価,普通作業員,所定労働時間内8時間あたり,人日,pref,32,島根県,,,,19700,JPY,labor_wage_8h,published_pdl,29100,公共工事設計労務単価＋必要経費(法定福利費(事業主負担分)、労務管理費、宿舎費等)の参考値,2026-03,2026-03-01,mlit-roumu-r8,参1-参3,https://www.mlit.go.jp/report/press/content/001981942.pdf,PDL1.0,,
eaef31bbae790edc,JP,labor,労務単価,軽作業員,所定労働時間内8時間あたり,人日,pref,32,島根県,,,,17200,JPY,labor_wage_8h,published_pdl,25400,公共工事設計労務単価＋必要経費(法定福利費(事業主負担分)、労務管理費、宿舎費等)の参考値,2026-03,2026-03-01,mlit-roumu-r8,参1-参3,https://www.mlit.go.jp/report/press/content/001981942.pdf,PDL1.0,,
b6b8960812a3eeb8,JP,labor,労務単価,造園工,所定労働時間内8時間あたり,人日,pref,32,島根県,,,,22500,JPY,labor_wage_8h,published_pdl,33200,公共工事設計労務単価＋必要経費(法定福利費(事業主負担分)、労務管理費、宿舎費等)の参考値,2026-03,2026-03-01,mlit-roumu-r8,参1-参3,https://www.mlit.go.jp/report/press/content/001981942.pdf,PDL1.0,,
9963a79a586bd480,JP,labor,労務単価,法面工,所定労働時間内8時間あたり,人日,pref,32,島根県,,,,26900,JPY,labor_wage_8h,published_pdl,39700,公共工事設計労務単価＋必要経費(法定福利費(事業主負担分)、労務管理費、宿舎費等)の参考値,2026-03,2026-03-01,mlit-roumu-r8,参1-参3,https://www.mlit.go.jp/report/press/content/001981942.pdf,PDL1.0,,
0ecaaeeb7a9087be,JP,labor,労務単価,とび工,所定労働時間内8時間あたり,人日,pref,32,島根県,,,,28000,JPY,labor_wage_8h,published_pdl,41400,公共工事設計労務単価＋必要経費(法定福利費(事業主負担分)、労務管理費、宿舎費等)の参考値,2026-03,2026-03-01,mlit-roumu-r8,参1-参3,https://www.mlit.go.jp/report/press/content/001981942.pdf,PDL1.0,,
70841120b68423e5,JP,labor,労務単価,石工,所定労働時間内8時間あたり,人日,pref,32,島根県,,,,,JPY,labor_wage_8h,not_set,,,2026-03,2026-03-01,mlit-roumu-r8,参1-参3,https://www.mlit.go.jp/report/press/content/001981942.pdf,PDL1.0,,原本の表で『-』(この都道府県ではこの職種の単価を設定していない)
f68396c08c68d9ee,JP,labor,労務単価,ブロック工,所定労働時間内8時間あたり,人日,pref,32,島根県,,,,,JPY,labor_wage_8h,not_set,,,2026-03,2026-03-01,mlit-roumu-r8,参1-参3,https://www.mlit.go.jp/report/press/content/001981942.pdf,PDL1.0,,原本の表で『-』(この都道府県ではこの職種の単価を設定していない)
9aa0a330e61fc914,JP,labor,労務単価,電工,所定労働時間内8時間あたり,人日,pref,32,島根県,,,,24800,JPY,labor_wage_8h,published_pdl,36600,公共工事設計労務単価＋必要経費(法定福利費(事業主負担分)、労務管理費、宿舎費等)の参考値,2026-03,2026-03-01,mlit-roumu-r8,参1-参3,https://www.mlit.go.jp/report/press/content/001981942.pdf,PDL1.0,,
96cb69ad261a5372,JP,labor,労務単価,鉄筋工,所定労働時間内8時間あたり,人日,pref,32,島根県,,,,29200,JPY,labor_wage_8h,published_pdl,43100,公共工事設計労務単価＋必要経費(法定福利費(事業主負担分)、労務管理費、宿舎費等)の参考値,2026-03,2026-03-01,mlit-roumu-r8,参1-参3,https://www.mlit.go.jp/report/press/content/001981942.pdf,PDL1.0,,
0a664b96293fe2b1,JP,labor,労務単価,鉄骨工,所定労働時間内8時間あたり,人日,pref,32,島根県,,,,26000,JPY,labor_wage_8h,published_pdl,38400,公共工事設計労務単価＋必要経費(法定福利費(事業主負担分)、労務管理費、宿舎費等)の参考値,2026-03,2026-03-01,mlit-roumu-r8,参1-参3,https://www.mlit.go.jp/report/press/content/001981942.pdf,PDL1.0,,
eeafeb37029baf3a,JP,labor,労務単価,塗装工,所定労働時間内8時間あたり,人日,pref,32,島根県,,,,26200,JPY,labor_wage_8h,published_pdl,38700,公共工事設計労務単価＋必要経費(法定福利費(事業主負担分)、労務管理費、宿舎費等)の参考値,2026-03,2026-03-01,mlit-roumu-r8,参1-参3,https://www.mlit.go.jp/report/press/content/001981942.pdf,PDL1.0,,
1700f15caa572366,JP,labor,労務単価,溶接工,所定労働時間内8時間あたり,人日,pref,32,島根県,,,,27200,JPY,labor_wage_8h,published_pdl,40200,公共工事設計労務単価＋必要経費(法定福利費(事業主負担分)、労務管理費、宿舎費等)の参考値,2026-03,2026-03-01,mlit-roumu-r8,参1-参3,https://www.mlit.go.jp/report/press/content/001981942.pdf,PDL1.0,,
88f3523f7fb12ab8,JP,labor,労務単価,運転手（特殊）,所定労働時間内8時間あたり,人日,pref,32,島根県,,,,23700,JPY,labor_wage_8h,published_pdl,35000,公共工事設計労務単価＋必要経費(法定福利費(事業主負担分)、労務管理費、宿舎費等)の参考値,2026-03,2026-03-01,mlit-roumu-r8,参1-参3,https://www.mlit.go.jp/report/press/content/001981942.pdf,PDL1.0,,
33a942a04dd4d776,JP,labor,労務単価,運転手（一般）,所定労働時間内8時間あたり,人日,pref,32,島根県,,,,20000,JPY,labor_wage_8h,published_pdl,29500,公共工事設計労務単価＋必要経費(法定福利費(事業主負担分)、労務管理費、宿舎費等)の参考値,2026-03,2026-03-01,mlit-roumu-r8,参1-参3,https://www.mlit.go.jp/report/press/content/001981942.pdf,PDL1.0,,
6348906856cf52a6,JP,labor,労務単価,潜かん工,所定労働時間内8時間あたり,人日,pref,32,島根県,,,,37800,JPY,labor_wage_8h,published_pdl,55800,公共工事設計労務単価＋必要経費(法定福利費(事業主負担分)、労務管理費、宿舎費等)の参考値,2026-03,2026-03-01,mlit-roumu-r8,参1-参3,https://www.mlit.go.jp/report/press/content/001981942.pdf,PDL1.0,,
153bb140179e9163,JP,labor,労務単価,潜かん世話役,所定労働時間内8時間あたり,人日,pref,32,島根県,,,,46300,JPY,labor_wage_8h,published_pdl,68400,公共工事設計労務単価＋必要経費(法定福利費(事業主負担分)、労務管理費、宿舎費等)の参考値,2026-03,2026-03-01,mlit-roumu-r8,参1-参3,https://www.mlit.go.jp/report/press/content/001981942.pdf,PDL1.0,,
4152e7d8304cdd7d,JP,labor,労務単価,さく岩工,所定労働時間内8時間あたり,人日,pref,32,島根県,,,,33900,JPY,labor_wage_8h,published_pdl,50100,公共工事設計労務単価＋必要経費(法定福利費(事業主負担分)、労務管理費、宿舎費等)の参考値,2026-03,2026-03-01,mlit-roumu-r8,参1-参3,https://www.mlit.go.jp/report/press/content/001981942.pdf,PDL1.0,,
29fa00b52bd6df56,JP,labor,労務単価,トンネル特殊工,所定労働時間内8時間あたり,人日,pref,32,島根県,,,,49300,JPY,labor_wage_8h,published_pdl,72800,公共工事設計労務単価＋必要経費(法定福利費(事業主負担分)、労務管理費、宿舎費等)の参考値,2026-03,2026-03-01,mlit-roumu-r8,参1-参3,https://www.mlit.go.jp/report/press/content/001981942.pdf,PDL1.0,,
b0ed04328db10a4d,JP,labor,労務単価,トンネル作業員,所定労働時間内8時間あたり,人日,pref,32,島根県,,,,33800,JPY,labor_wage_8h,published_pdl,49900,公共工事設計労務単価＋必要経費(法定福利費(事業主負担分)、労務管理費、宿舎費等)の参考値,2026-03,2026-03-01,mlit-roumu-r8,参1-参3,https://www.mlit.go.jp/report/press/content/001981942.pdf,PDL1.0,,
2fdabd332d918280,JP,labor,労務単価,トンネル世話役,所定労働時間内8時間あたり,人日,pref,32,島根県,,,,51200,JPY,labor_wage_8h,published_pdl,75600,公共工事設計労務単価＋必要経費(法定福利費(事業主負担分)、労務管理費、宿舎費等)の参考値,2026-03,2026-03-01,mlit-roumu-r8,参1-参3,https://www.mlit.go.jp/report/press/content/001981942.pdf,PDL1.0,,
6350cf72501cd785,JP,labor,労務単価,橋りょう特殊工,所定労働時間内8時間あたり,人日,pref,32,島根県,,,,32500,JPY,labor_wage_8h,published_pdl,48000,公共工事設計労務単価＋必要経費(法定福利費(事業主負担分)、労務管理費、宿舎費等)の参考値,2026-03,2026-03-01,mlit-roumu-r8,参1-参3,https://www.mlit.go.jp/report/press/content/001981942.pdf,PDL1.0,,
9c2f3244af65f697,JP,labor,労務単価,橋りょう塗装工,所定労働時間内8時間あたり,人日,pref,32,島根県,,,,32400,JPY,labor_wage_8h,published_pdl,47900,公共工事設計労務単価＋必要経費(法定福利費(事業主負担分)、労務管理費、宿舎費等)の参考値,2026-03,2026-03-01,mlit-roumu-r8,参1-参3,https://www.mlit.go.jp/report/press/content/001981942.pdf,PDL1.0,,
e453827d2d1b84c5,JP,labor,労務単価,橋りょう世話役,所定労働時間内8時間あたり,人日,pref,32,島根県,,,,41500,JPY,labor_wage_8h,published_pdl,61300,公共工事設計労務単価＋必要経費(法定福利費(事業主負担分)、労務管理費、宿舎費等)の参考値,2026-03,2026-03-01,mlit-roumu-r8,参1-参3,https://www.mlit.go.jp/report/press/content/001981942.pdf,PDL1.0,,
a9912db587a56537,JP,labor,労務単価,土木一般世話役,所定労働時間内8時間あたり,人日,pref,32,島根県,,,,25900,JPY,labor_wage_8h,published_pdl,38300,公共工事設計労務単価＋必要経費(法定福利費(事業主負担分)、労務管理費、宿舎費等)の参考値,2026-03,2026-03-01,mlit-roumu-r8,参1-参3,https://www.mlit.go.jp/report/press/content/001981942.pdf,PDL1.0,,
8e86e73126ef5413,JP,labor,労務単価,高級船員,所定労働時間内8時間あたり,人日,pref,32,島根県,,,,32000,JPY,labor_wage_8h,published_pdl,47300,公共工事設計労務単価＋必要経費(法定福利費(事業主負担分)、労務管理費、宿舎費等)の参考値,2026-03,2026-03-01,mlit-roumu-r8,参1-参3,https://www.mlit.go.jp/report/press/content/001981942.pdf,PDL1.0,,
583cd747ae5c69e2,JP,labor,労務単価,普通船員,所定労働時間内8時間あたり,人日,pref,32,島根県,,,,25900,JPY,labor_wage_8h,published_pdl,38300,公共工事設計労務単価＋必要経費(法定福利費(事業主負担分)、労務管理費、宿舎費等)の参考値,2026-03,2026-03-01,mlit-roumu-r8,参1-参3,https://www.mlit.go.jp/report/press/content/001981942.pdf,PDL1.0,,
318ad7c44a5aba17,JP,labor,労務単価,潜水士,所定労働時間内8時間あたり,人日,pref,32,島根県,,,,49100,JPY,labor_wage_8h,published_pdl,72500,公共工事設計労務単価＋必要経費(法定福利費(事業主負担分)、労務管理費、宿舎費等)の参考値,2026-03,2026-03-01,mlit-roumu-r8,参1-参3,https://www.mlit.go.jp/report/press/content/001981942.pdf,PDL1.0,,
80941a58acf769b3,JP,labor,労務単価,潜水連絡員,所定労働時間内8時間あたり,人日,pref,32,島根県,,,,38500,JPY,labor_wage_8h,published_pdl,56900,公共工事設計労務単価＋必要経費(法定福利費(事業主負担分)、労務管理費、宿舎費等)の参考値,2026-03,2026-03-01,mlit-roumu-r8,参1-参3,https://www.mlit.go.jp/report/press/content/001981942.pdf,PDL1.0,,
836704dfeab7ae44,JP,labor,労務単価,潜水送気員,所定労働時間内8時間あたり,人日,pref,32,島根県,,,,35600,JPY,labor_wage_8h,published_pdl,52600,公共工事設計労務単価＋必要経費(法定福利費(事業主負担分)、労務管理費、宿舎費等)の参考値,2026-03,2026-03-01,mlit-roumu-r8,参1-参3,https://www.mlit.go.jp/report/press/content/001981942.pdf,PDL1.0,,
f0cfed33c27f663f,JP,labor,労務単価,山林砂防工,所定労働時間内8時間あたり,人日,pref,32,島根県,,,,,JPY,labor_wage_8h,not_set,,,2026-03,2026-03-01,mlit-roumu-r8,参1-参3,https://www.mlit.go.jp/report/press/content/001981942.pdf,PDL1.0,,原本の表で『-』(この都道府県ではこの職種の単価を設定していない)
c0e2ec495fbeca6b,JP,labor,労務単価,軌道工,所定労働時間内8時間あたり,人日,pref,32,島根県,,,,34700,JPY,labor_wage_8h,published_pdl,51300,公共工事設計労務単価＋必要経費(法定福利費(事業主負担分)、労務管理費、宿舎費等)の参考値,2026-03,2026-03-01,mlit-roumu-r8,参1-参3,https://www.mlit.go.jp/report/press/content/001981942.pdf,PDL1.0,,
8b308f2911e9a3e1,JP,labor,労務単価,型わく工,所定労働時間内8時間あたり,人日,pref,32,島根県,,,,27000,JPY,labor_wage_8h,published_pdl,39900,公共工事設計労務単価＋必要経費(法定福利費(事業主負担分)、労務管理費、宿舎費等)の参考値,2026-03,2026-03-01,mlit-roumu-r8,参1-参3,https://www.mlit.go.jp/report/press/content/001981942.pdf,PDL1.0,,
6aee43fdd1495c1e,JP,labor,労務単価,大工,所定労働時間内8時間あたり,人日,pref,32,島根県,,,,27800,JPY,labor_wage_8h,published_pdl,41100,公共工事設計労務単価＋必要経費(法定福利費(事業主負担分)、労務管理費、宿舎費等)の参考値,2026-03,2026-03-01,mlit-roumu-r8,参1-参3,https://www.mlit.go.jp/report/press/content/001981942.pdf,PDL1.0,,
5bdc3d5e699a7fec,JP,labor,労務単価,左官,所定労働時間内8時間あたり,人日,pref,32,島根県,,,,24500,JPY,labor_wage_8h,published_pdl,36200,公共工事設計労務単価＋必要経費(法定福利費(事業主負担分)、労務管理費、宿舎費等)の参考値,2026-03,2026-03-01,mlit-roumu-r8,参1-参3,https://www.mlit.go.jp/report/press/content/001981942.pdf,PDL1.0,,
03ae650c99bd772f,JP,labor,労務単価,配管工,所定労働時間内8時間あたり,人日,pref,32,島根県,,,,24500,JPY,labor_wage_8h,published_pdl,36200,公共工事設計労務単価＋必要経費(法定福利費(事業主負担分)、労務管理費、宿舎費等)の参考値,2026-03,2026-03-01,mlit-roumu-r8,参1-参3,https://www.mlit.go.jp/report/press/content/001981942.pdf,PDL1.0,,
401dd6c9b538167b,JP,labor,労務単価,はつり工,所定労働時間内8時間あたり,人日,pref,32,島根県,,,,31000,JPY,labor_wage_8h,published_pdl,45800,公共工事設計労務単価＋必要経費(法定福利費(事業主負担分)、労務管理費、宿舎費等)の参考値,2026-03,2026-03-01,mlit-roumu-r8,参1-参3,https://www.mlit.go.jp/report/press/content/001981942.pdf,PDL1.0,,
e241c8bc45f6504a,JP,labor,労務単価,防水工,所定労働時間内8時間あたり,人日,pref,32,島根県,,,,27500,JPY,labor_wage_8h,published_pdl,40600,公共工事設計労務単価＋必要経費(法定福利費(事業主負担分)、労務管理費、宿舎費等)の参考値,2026-03,2026-03-01,mlit-roumu-r8,参1-参3,https://www.mlit.go.jp/report/press/content/001981942.pdf,PDL1.0,,
44ce9565fc2c135d,JP,labor,労務単価,板金工,所定労働時間内8時間あたり,人日,pref,32,島根県,,,,26700,JPY,labor_wage_8h,published_pdl,39400,公共工事設計労務単価＋必要経費(法定福利費(事業主負担分)、労務管理費、宿舎費等)の参考値,2026-03,2026-03-01,mlit-roumu-r8,参1-参3,https://www.mlit.go.jp/report/press/content/001981942.pdf,PDL1.0,,
15e1401944261665,JP,labor,労務単価,タイル工,所定労働時間内8時間あたり,人日,pref,32,島根県,,,,,JPY,labor_wage_8h,not_set,,,2026-03,2026-03-01,mlit-roumu-r8,参1-参3,https://www.mlit.go.jp/report/press/content/001981942.pdf,PDL1.0,,原本の表で『-』(この都道府県ではこの職種の単価を設定していない)
351211c895638954,JP,labor,労務単価,サッシ工,所定労働時間内8時間あたり,人日,pref,32,島根県,,,,28400,JPY,labor_wage_8h,published_pdl,41900,公共工事設計労務単価＋必要経費(法定福利費(事業主負担分)、労務管理費、宿舎費等)の参考値,2026-03,2026-03-01,mlit-roumu-r8,参1-参3,https://www.mlit.go.jp/report/press/content/001981942.pdf,PDL1.0,,
ad2d2b0c5ce767a1,JP,labor,労務単価,屋根ふき工,所定労働時間内8時間あたり,人日,pref,32,島根県,,,,28600,JPY,labor_wage_8h,published_pdl,42200,公共工事設計労務単価＋必要経費(法定福利費(事業主負担分)、労務管理費、宿舎費等)の参考値,2026-03,2026-03-01,mlit-roumu-r8,参1-参3,https://www.mlit.go.jp/report/press/content/001981942.pdf,PDL1.0,,
75d959762da74733,JP,labor,労務単価,内装工,所定労働時間内8時間あたり,人日,pref,32,島根県,,,,27700,JPY,labor_wage_8h,published_pdl,40900,公共工事設計労務単価＋必要経費(法定福利費(事業主負担分)、労務管理費、宿舎費等)の参考値,2026-03,2026-03-01,mlit-roumu-r8,参1-参3,https://www.mlit.go.jp/report/press/content/001981942.pdf,PDL1.0,,
638096adb3e72a0f,JP,labor,労務単価,ガラス工,所定労働時間内8時間あたり,人日,pref,32,島根県,,,,27400,JPY,labor_wage_8h,published_pdl,40500,公共工事設計労務単価＋必要経費(法定福利費(事業主負担分)、労務管理費、宿舎費等)の参考値,2026-03,2026-03-01,mlit-roumu-r8,参1-参3,https://www.mlit.go.jp/report/press/content/001981942.pdf,PDL1.0,,
c645e3a3899df3d1,JP,labor,労務単価,建具工,所定労働時間内8時間あたり,人日,pref,32,島根県,,,,,JPY,labor_wage_8h,not_set,,,2026-03,2026-03-01,mlit-roumu-r8,参1-参3,https://www.mlit.go.jp/report/press/content/001981942.pdf,PDL1.0,,原本の表で『-』(この都道府県ではこの職種の単価を設定していない)
3fca5b18212f77b4,JP,labor,労務単価,ダクト工,所定労働時間内8時間あたり,人日,pref,32,島根県,,,,24400,JPY,labor_wage_8h,published_pdl,36000,公共工事設計労務単価＋必要経費(法定福利費(事業主負担分)、労務管理費、宿舎費等)の参考値,2026-03,2026-03-01,mlit-roumu-r8,参1-参3,https://www.mlit.go.jp/report/press/content/001981942.pdf,PDL1.0,,
c24498b7a788dc22,JP,labor,労務単価,保温工,所定労働時間内8時間あたり,人日,pref,32,島根県,,,,25100,JPY,labor_wage_8h,published_pdl,37100,公共工事設計労務単価＋必要経費(法定福利費(事業主負担分)、労務管理費、宿舎費等)の参考値,2026-03,2026-03-01,mlit-roumu-r8,参1-参3,https://www.mlit.go.jp/report/press/content/001981942.pdf,PDL1.0,,
b20295b7aca85f1f,JP,labor,労務単価,設備機械工,所定労働時間内8時間あたり,人日,pref,32,島根県,,,,29500,JPY,labor_wage_8h,published_pdl,43600,公共工事設計労務単価＋必要経費(法定福利費(事業主負担分)、労務管理費、宿舎費等)の参考値,2026-03,2026-03-01,mlit-roumu-r8,参1-参3,https://www.mlit.go.jp/report/press/content/001981942.pdf,PDL1.0,,
0feeabd81d39f4ce,JP,labor,労務単価,交通誘導警備員Ａ,所定労働時間内8時間あたり,人日,pref,32,島根県,,,,18200,JPY,labor_wage_8h,published_pdl,26900,公共工事設計労務単価＋必要経費(法定福利費(事業主負担分)、労務管理費、宿舎費等)の参考値,2026-03,2026-03-01,mlit-roumu-r8,参1-参3,https://www.mlit.go.jp/report/press/content/001981942.pdf,PDL1.0,,
e32a47cda1095826,JP,labor,労務単価,交通誘導警備員Ｂ,所定労働時間内8時間あたり,人日,pref,32,島根県,,,,15600,JPY,labor_wage_8h,published_pdl,23000,公共工事設計労務単価＋必要経費(法定福利費(事業主負担分)、労務管理費、宿舎費等)の参考値,2026-03,2026-03-01,mlit-roumu-r8,参1-参3,https://www.mlit.go.jp/report/press/content/001981942.pdf,PDL1.0,,
05efcc14346f3b0b,JP,labor,労務単価,特殊作業員,所定労働時間内8時間あたり,人日,pref,33,岡山県,,,,25600,JPY,labor_wage_8h,published_pdl,37800,公共工事設計労務単価＋必要経費(法定福利費(事業主負担分)、労務管理費、宿舎費等)の参考値,2026-03,2026-03-01,mlit-roumu-r8,参1-参3,https://www.mlit.go.jp/report/press/content/001981942.pdf,PDL1.0,,
ab6df79856f4d922,JP,labor,労務単価,普通作業員,所定労働時間内8時間あたり,人日,pref,33,岡山県,,,,21500,JPY,labor_wage_8h,published_pdl,31800,公共工事設計労務単価＋必要経費(法定福利費(事業主負担分)、労務管理費、宿舎費等)の参考値,2026-03,2026-03-01,mlit-roumu-r8,参1-参3,https://www.mlit.go.jp/report/press/content/001981942.pdf,PDL1.0,,
4815f43941cdcec7,JP,labor,労務単価,軽作業員,所定労働時間内8時間あたり,人日,pref,33,岡山県,,,,17600,JPY,labor_wage_8h,published_pdl,26000,公共工事設計労務単価＋必要経費(法定福利費(事業主負担分)、労務管理費、宿舎費等)の参考値,2026-03,2026-03-01,mlit-roumu-r8,参1-参3,https://www.mlit.go.jp/report/press/content/001981942.pdf,PDL1.0,,
6452247a6e5a6cbb,JP,labor,労務単価,造園工,所定労働時間内8時間あたり,人日,pref,33,岡山県,,,,23700,JPY,labor_wage_8h,published_pdl,35000,公共工事設計労務単価＋必要経費(法定福利費(事業主負担分)、労務管理費、宿舎費等)の参考値,2026-03,2026-03-01,mlit-roumu-r8,参1-参3,https://www.mlit.go.jp/report/press/content/001981942.pdf,PDL1.0,,
46781dd972ce0ada,JP,labor,労務単価,法面工,所定労働時間内8時間あたり,人日,pref,33,岡山県,,,,29000,JPY,labor_wage_8h,published_pdl,42800,公共工事設計労務単価＋必要経費(法定福利費(事業主負担分)、労務管理費、宿舎費等)の参考値,2026-03,2026-03-01,mlit-roumu-r8,参1-参3,https://www.mlit.go.jp/report/press/content/001981942.pdf,PDL1.0,,
057d775e945f2011,JP,labor,労務単価,とび工,所定労働時間内8時間あたり,人日,pref,33,岡山県,,,,29400,JPY,labor_wage_8h,published_pdl,43400,公共工事設計労務単価＋必要経費(法定福利費(事業主負担分)、労務管理費、宿舎費等)の参考値,2026-03,2026-03-01,mlit-roumu-r8,参1-参3,https://www.mlit.go.jp/report/press/content/001981942.pdf,PDL1.0,,
50929fa4659061fc,JP,labor,労務単価,石工,所定労働時間内8時間あたり,人日,pref,33,岡山県,,,,,JPY,labor_wage_8h,not_set,,,2026-03,2026-03-01,mlit-roumu-r8,参1-参3,https://www.mlit.go.jp/report/press/content/001981942.pdf,PDL1.0,,原本の表で『-』(この都道府県ではこの職種の単価を設定していない)
980bca8c58962205,JP,labor,労務単価,ブロック工,所定労働時間内8時間あたり,人日,pref,33,岡山県,,,,,JPY,labor_wage_8h,not_set,,,2026-03,2026-03-01,mlit-roumu-r8,参1-参3,https://www.mlit.go.jp/report/press/content/001981942.pdf,PDL1.0,,原本の表で『-』(この都道府県ではこの職種の単価を設定していない)
dd275b38ccacccc9,JP,labor,労務単価,電工,所定労働時間内8時間あたり,人日,pref,33,岡山県,,,,25700,JPY,labor_wage_8h,published_pdl,38000,公共工事設計労務単価＋必要経費(法定福利費(事業主負担分)、労務管理費、宿舎費等)の参考値,2026-03,2026-03-01,mlit-roumu-r8,参1-参3,https://www.mlit.go.jp/report/press/content/001981942.pdf,PDL1.0,,
8ebbddf84894a925,JP,labor,労務単価,鉄筋工,所定労働時間内8時間あたり,人日,pref,33,岡山県,,,,29900,JPY,labor_wage_8h,published_pdl,44200,公共工事設計労務単価＋必要経費(法定福利費(事業主負担分)、労務管理費、宿舎費等)の参考値,2026-03,2026-03-01,mlit-roumu-r8,参1-参3,https://www.mlit.go.jp/report/press/content/001981942.pdf,PDL1.0,,
5b36b1fa83532618,JP,labor,労務単価,鉄骨工,所定労働時間内8時間あたり,人日,pref,33,岡山県,,,,27400,JPY,labor_wage_8h,published_pdl,40500,公共工事設計労務単価＋必要経費(法定福利費(事業主負担分)、労務管理費、宿舎費等)の参考値,2026-03,2026-03-01,mlit-roumu-r8,参1-参3,https://www.mlit.go.jp/report/press/content/001981942.pdf,PDL1.0,,
02542f949a52905f,JP,labor,労務単価,塗装工,所定労働時間内8時間あたり,人日,pref,33,岡山県,,,,28300,JPY,labor_wage_8h,published_pdl,41800,公共工事設計労務単価＋必要経費(法定福利費(事業主負担分)、労務管理費、宿舎費等)の参考値,2026-03,2026-03-01,mlit-roumu-r8,参1-参3,https://www.mlit.go.jp/report/press/content/001981942.pdf,PDL1.0,,
8190fd59495d3a8f,JP,labor,労務単価,溶接工,所定労働時間内8時間あたり,人日,pref,33,岡山県,,,,30000,JPY,labor_wage_8h,published_pdl,44300,公共工事設計労務単価＋必要経費(法定福利費(事業主負担分)、労務管理費、宿舎費等)の参考値,2026-03,2026-03-01,mlit-roumu-r8,参1-参3,https://www.mlit.go.jp/report/press/content/001981942.pdf,PDL1.0,,
861502cdd3646582,JP,labor,労務単価,運転手（特殊）,所定労働時間内8時間あたり,人日,pref,33,岡山県,,,,25600,JPY,labor_wage_8h,published_pdl,37800,公共工事設計労務単価＋必要経費(法定福利費(事業主負担分)、労務管理費、宿舎費等)の参考値,2026-03,2026-03-01,mlit-roumu-r8,参1-参3,https://www.mlit.go.jp/report/press/content/001981942.pdf,PDL1.0,,
7d4536d9b96966d8,JP,labor,労務単価,運転手（一般）,所定労働時間内8時間あたり,人日,pref,33,岡山県,,,,22700,JPY,labor_wage_8h,published_pdl,33500,公共工事設計労務単価＋必要経費(法定福利費(事業主負担分)、労務管理費、宿舎費等)の参考値,2026-03,2026-03-01,mlit-roumu-r8,参1-参3,https://www.mlit.go.jp/report/press/content/001981942.pdf,PDL1.0,,
f97134d880a3a767,JP,labor,労務単価,潜かん工,所定労働時間内8時間あたり,人日,pref,33,岡山県,,,,37800,JPY,labor_wage_8h,published_pdl,55800,公共工事設計労務単価＋必要経費(法定福利費(事業主負担分)、労務管理費、宿舎費等)の参考値,2026-03,2026-03-01,mlit-roumu-r8,参1-参3,https://www.mlit.go.jp/report/press/content/001981942.pdf,PDL1.0,,
4a821200394adf29,JP,labor,労務単価,潜かん世話役,所定労働時間内8時間あたり,人日,pref,33,岡山県,,,,46300,JPY,labor_wage_8h,published_pdl,68400,公共工事設計労務単価＋必要経費(法定福利費(事業主負担分)、労務管理費、宿舎費等)の参考値,2026-03,2026-03-01,mlit-roumu-r8,参1-参3,https://www.mlit.go.jp/report/press/content/001981942.pdf,PDL1.0,,
e79bda0a5fe646ce,JP,labor,労務単価,さく岩工,所定労働時間内8時間あたり,人日,pref,33,岡山県,,,,34100,JPY,labor_wage_8h,published_pdl,50400,公共工事設計労務単価＋必要経費(法定福利費(事業主負担分)、労務管理費、宿舎費等)の参考値,2026-03,2026-03-01,mlit-roumu-r8,参1-参3,https://www.mlit.go.jp/report/press/content/001981942.pdf,PDL1.0,,
6c48f69e681ffab3,JP,labor,労務単価,トンネル特殊工,所定労働時間内8時間あたり,人日,pref,33,岡山県,,,,47400,JPY,labor_wage_8h,published_pdl,70000,公共工事設計労務単価＋必要経費(法定福利費(事業主負担分)、労務管理費、宿舎費等)の参考値,2026-03,2026-03-01,mlit-roumu-r8,参1-参3,https://www.mlit.go.jp/report/press/content/001981942.pdf,PDL1.0,,
0a70bd44cd2804d5,JP,labor,労務単価,トンネル作業員,所定労働時間内8時間あたり,人日,pref,33,岡山県,,,,33700,JPY,labor_wage_8h,published_pdl,49800,公共工事設計労務単価＋必要経費(法定福利費(事業主負担分)、労務管理費、宿舎費等)の参考値,2026-03,2026-03-01,mlit-roumu-r8,参1-参3,https://www.mlit.go.jp/report/press/content/001981942.pdf,PDL1.0,,
5fa8f3c7cbf5d676,JP,labor,労務単価,トンネル世話役,所定労働時間内8時間あたり,人日,pref,33,岡山県,,,,52000,JPY,labor_wage_8h,published_pdl,76800,公共工事設計労務単価＋必要経費(法定福利費(事業主負担分)、労務管理費、宿舎費等)の参考値,2026-03,2026-03-01,mlit-roumu-r8,参1-参3,https://www.mlit.go.jp/report/press/content/001981942.pdf,PDL1.0,,
c4d1f46586f324b1,JP,labor,労務単価,橋りょう特殊工,所定労働時間内8時間あたり,人日,pref,33,岡山県,,,,33000,JPY,labor_wage_8h,published_pdl,48700,公共工事設計労務単価＋必要経費(法定福利費(事業主負担分)、労務管理費、宿舎費等)の参考値,2026-03,2026-03-01,mlit-roumu-r8,参1-参3,https://www.mlit.go.jp/report/press/content/001981942.pdf,PDL1.0,,
54e6ebc9ec792dd0,JP,labor,労務単価,橋りょう塗装工,所定労働時間内8時間あたり,人日,pref,33,岡山県,,,,32600,JPY,labor_wage_8h,published_pdl,48200,公共工事設計労務単価＋必要経費(法定福利費(事業主負担分)、労務管理費、宿舎費等)の参考値,2026-03,2026-03-01,mlit-roumu-r8,参1-参3,https://www.mlit.go.jp/report/press/content/001981942.pdf,PDL1.0,,
6c7c0c1fbcf7a57f,JP,labor,労務単価,橋りょう世話役,所定労働時間内8時間あたり,人日,pref,33,岡山県,,,,42100,JPY,labor_wage_8h,published_pdl,62200,公共工事設計労務単価＋必要経費(法定福利費(事業主負担分)、労務管理費、宿舎費等)の参考値,2026-03,2026-03-01,mlit-roumu-r8,参1-参3,https://www.mlit.go.jp/report/press/content/001981942.pdf,PDL1.0,,
f15924f74bb0dbe9,JP,labor,労務単価,土木一般世話役,所定労働時間内8時間あたり,人日,pref,33,岡山県,,,,27800,JPY,labor_wage_8h,published_pdl,41100,公共工事設計労務単価＋必要経費(法定福利費(事業主負担分)、労務管理費、宿舎費等)の参考値,2026-03,2026-03-01,mlit-roumu-r8,参1-参3,https://www.mlit.go.jp/report/press/content/001981942.pdf,PDL1.0,,
d039bdb4f631eb7c,JP,labor,労務単価,高級船員,所定労働時間内8時間あたり,人日,pref,33,岡山県,,,,32800,JPY,labor_wage_8h,published_pdl,48400,公共工事設計労務単価＋必要経費(法定福利費(事業主負担分)、労務管理費、宿舎費等)の参考値,2026-03,2026-03-01,mlit-roumu-r8,参1-参3,https://www.mlit.go.jp/report/press/content/001981942.pdf,PDL1.0,,
567ba4fed7aa3365,JP,labor,労務単価,普通船員,所定労働時間内8時間あたり,人日,pref,33,岡山県,,,,26100,JPY,labor_wage_8h,published_pdl,38500,公共工事設計労務単価＋必要経費(法定福利費(事業主負担分)、労務管理費、宿舎費等)の参考値,2026-03,2026-03-01,mlit-roumu-r8,参1-参3,https://www.mlit.go.jp/report/press/content/001981942.pdf,PDL1.0,,
4ec6e55c9c6baa5d,JP,labor,労務単価,潜水士,所定労働時間内8時間あたり,人日,pref,33,岡山県,,,,49200,JPY,labor_wage_8h,published_pdl,72700,公共工事設計労務単価＋必要経費(法定福利費(事業主負担分)、労務管理費、宿舎費等)の参考値,2026-03,2026-03-01,mlit-roumu-r8,参1-参3,https://www.mlit.go.jp/report/press/content/001981942.pdf,PDL1.0,,
33edef1fbc9c6969,JP,labor,労務単価,潜水連絡員,所定労働時間内8時間あたり,人日,pref,33,岡山県,,,,36700,JPY,labor_wage_8h,published_pdl,54200,公共工事設計労務単価＋必要経費(法定福利費(事業主負担分)、労務管理費、宿舎費等)の参考値,2026-03,2026-03-01,mlit-roumu-r8,参1-参3,https://www.mlit.go.jp/report/press/content/001981942.pdf,PDL1.0,,
5eb4ecf6e585c1ba,JP,labor,労務単価,潜水送気員,所定労働時間内8時間あたり,人日,pref,33,岡山県,,,,35700,JPY,labor_wage_8h,published_pdl,52700,公共工事設計労務単価＋必要経費(法定福利費(事業主負担分)、労務管理費、宿舎費等)の参考値,2026-03,2026-03-01,mlit-roumu-r8,参1-参3,https://www.mlit.go.jp/report/press/content/001981942.pdf,PDL1.0,,
13d073e46459ba29,JP,labor,労務単価,山林砂防工,所定労働時間内8時間あたり,人日,pref,33,岡山県,,,,,JPY,labor_wage_8h,not_set,,,2026-03,2026-03-01,mlit-roumu-r8,参1-参3,https://www.mlit.go.jp/report/press/content/001981942.pdf,PDL1.0,,原本の表で『-』(この都道府県ではこの職種の単価を設定していない)
6f9d0960199a3bee,JP,labor,労務単価,軌道工,所定労働時間内8時間あたり,人日,pref,33,岡山県,,,,39900,JPY,labor_wage_8h,published_pdl,58900,公共工事設計労務単価＋必要経費(法定福利費(事業主負担分)、労務管理費、宿舎費等)の参考値,2026-03,2026-03-01,mlit-roumu-r8,参1-参3,https://www.mlit.go.jp/report/press/content/001981942.pdf,PDL1.0,,
09db5bfdedd4742e,JP,labor,労務単価,型わく工,所定労働時間内8時間あたり,人日,pref,33,岡山県,,,,29300,JPY,labor_wage_8h,published_pdl,43300,公共工事設計労務単価＋必要経費(法定福利費(事業主負担分)、労務管理費、宿舎費等)の参考値,2026-03,2026-03-01,mlit-roumu-r8,参1-参3,https://www.mlit.go.jp/report/press/content/001981942.pdf,PDL1.0,,
d06ee63384c473d7,JP,labor,労務単価,大工,所定労働時間内8時間あたり,人日,pref,33,岡山県,,,,27500,JPY,labor_wage_8h,published_pdl,40600,公共工事設計労務単価＋必要経費(法定福利費(事業主負担分)、労務管理費、宿舎費等)の参考値,2026-03,2026-03-01,mlit-roumu-r8,参1-参3,https://www.mlit.go.jp/report/press/content/001981942.pdf,PDL1.0,,
716d6e4d082f08a5,JP,labor,労務単価,左官,所定労働時間内8時間あたり,人日,pref,33,岡山県,,,,25900,JPY,labor_wage_8h,published_pdl,38300,公共工事設計労務単価＋必要経費(法定福利費(事業主負担分)、労務管理費、宿舎費等)の参考値,2026-03,2026-03-01,mlit-roumu-r8,参1-参3,https://www.mlit.go.jp/report/press/content/001981942.pdf,PDL1.0,,
81c91e49a9be99ec,JP,labor,労務単価,配管工,所定労働時間内8時間あたり,人日,pref,33,岡山県,,,,25800,JPY,labor_wage_8h,published_pdl,38100,公共工事設計労務単価＋必要経費(法定福利費(事業主負担分)、労務管理費、宿舎費等)の参考値,2026-03,2026-03-01,mlit-roumu-r8,参1-参3,https://www.mlit.go.jp/report/press/content/001981942.pdf,PDL1.0,,
a384d5888727fa0e,JP,labor,労務単価,はつり工,所定労働時間内8時間あたり,人日,pref,33,岡山県,,,,30900,JPY,labor_wage_8h,published_pdl,45600,公共工事設計労務単価＋必要経費(法定福利費(事業主負担分)、労務管理費、宿舎費等)の参考値,2026-03,2026-03-01,mlit-roumu-r8,参1-参3,https://www.mlit.go.jp/report/press/content/001981942.pdf,PDL1.0,,
70dd14811062744d,JP,labor,労務単価,防水工,所定労働時間内8時間あたり,人日,pref,33,岡山県,,,,29500,JPY,labor_wage_8h,published_pdl,43600,公共工事設計労務単価＋必要経費(法定福利費(事業主負担分)、労務管理費、宿舎費等)の参考値,2026-03,2026-03-01,mlit-roumu-r8,参1-参3,https://www.mlit.go.jp/report/press/content/001981942.pdf,PDL1.0,,
c02bdb9bd68a1950,JP,labor,労務単価,板金工,所定労働時間内8時間あたり,人日,pref,33,岡山県,,,,27300,JPY,labor_wage_8h,published_pdl,40300,公共工事設計労務単価＋必要経費(法定福利費(事業主負担分)、労務管理費、宿舎費等)の参考値,2026-03,2026-03-01,mlit-roumu-r8,参1-参3,https://www.mlit.go.jp/report/press/content/001981942.pdf,PDL1.0,,
f6338592b4abc868,JP,labor,労務単価,タイル工,所定労働時間内8時間あたり,人日,pref,33,岡山県,,,,,JPY,labor_wage_8h,not_set,,,2026-03,2026-03-01,mlit-roumu-r8,参1-参3,https://www.mlit.go.jp/report/press/content/001981942.pdf,PDL1.0,,原本の表で『-』(この都道府県ではこの職種の単価を設定していない)
698aedcc5c19c088,JP,labor,労務単価,サッシ工,所定労働時間内8時間あたり,人日,pref,33,岡山県,,,,28800,JPY,labor_wage_8h,published_pdl,42500,公共工事設計労務単価＋必要経費(法定福利費(事業主負担分)、労務管理費、宿舎費等)の参考値,2026-03,2026-03-01,mlit-roumu-r8,参1-参3,https://www.mlit.go.jp/report/press/content/001981942.pdf,PDL1.0,,
a8410be05f7cbaf0,JP,labor,労務単価,屋根ふき工,所定労働時間内8時間あたり,人日,pref,33,岡山県,,,,28600,JPY,labor_wage_8h,published_pdl,42200,公共工事設計労務単価＋必要経費(法定福利費(事業主負担分)、労務管理費、宿舎費等)の参考値,2026-03,2026-03-01,mlit-roumu-r8,参1-参3,https://www.mlit.go.jp/report/press/content/001981942.pdf,PDL1.0,,
5470d02e2fcf6db8,JP,labor,労務単価,内装工,所定労働時間内8時間あたり,人日,pref,33,岡山県,,,,29300,JPY,labor_wage_8h,published_pdl,43300,公共工事設計労務単価＋必要経費(法定福利費(事業主負担分)、労務管理費、宿舎費等)の参考値,2026-03,2026-03-01,mlit-roumu-r8,参1-参3,https://www.mlit.go.jp/report/press/content/001981942.pdf,PDL1.0,,
262a0c89bcceb6ce,JP,labor,労務単価,ガラス工,所定労働時間内8時間あたり,人日,pref,33,岡山県,,,,27500,JPY,labor_wage_8h,published_pdl,40600,公共工事設計労務単価＋必要経費(法定福利費(事業主負担分)、労務管理費、宿舎費等)の参考値,2026-03,2026-03-01,mlit-roumu-r8,参1-参3,https://www.mlit.go.jp/report/press/content/001981942.pdf,PDL1.0,,
0f8bfa5b50b5cec1,JP,labor,労務単価,建具工,所定労働時間内8時間あたり,人日,pref,33,岡山県,,,,,JPY,labor_wage_8h,not_set,,,2026-03,2026-03-01,mlit-roumu-r8,参1-参3,https://www.mlit.go.jp/report/press/content/001981942.pdf,PDL1.0,,原本の表で『-』(この都道府県ではこの職種の単価を設定していない)
0318d42affae5b6c,JP,labor,労務単価,ダクト工,所定労働時間内8時間あたり,人日,pref,33,岡山県,,,,24800,JPY,labor_wage_8h,published_pdl,36600,公共工事設計労務単価＋必要経費(法定福利費(事業主負担分)、労務管理費、宿舎費等)の参考値,2026-03,2026-03-01,mlit-roumu-r8,参1-参3,https://www.mlit.go.jp/report/press/content/001981942.pdf,PDL1.0,,
430e27e34eca0247,JP,labor,労務単価,保温工,所定労働時間内8時間あたり,人日,pref,33,岡山県,,,,25400,JPY,labor_wage_8h,published_pdl,37500,公共工事設計労務単価＋必要経費(法定福利費(事業主負担分)、労務管理費、宿舎費等)の参考値,2026-03,2026-03-01,mlit-roumu-r8,参1-参3,https://www.mlit.go.jp/report/press/content/001981942.pdf,PDL1.0,,
7cdf97690a9623b9,JP,labor,労務単価,設備機械工,所定労働時間内8時間あたり,人日,pref,33,岡山県,,,,29700,JPY,labor_wage_8h,published_pdl,43900,公共工事設計労務単価＋必要経費(法定福利費(事業主負担分)、労務管理費、宿舎費等)の参考値,2026-03,2026-03-01,mlit-roumu-r8,参1-参3,https://www.mlit.go.jp/report/press/content/001981942.pdf,PDL1.0,,
af82b5ac49722bf3,JP,labor,労務単価,交通誘導警備員Ａ,所定労働時間内8時間あたり,人日,pref,33,岡山県,,,,18900,JPY,labor_wage_8h,published_pdl,27900,公共工事設計労務単価＋必要経費(法定福利費(事業主負担分)、労務管理費、宿舎費等)の参考値,2026-03,2026-03-01,mlit-roumu-r8,参1-参3,https://www.mlit.go.jp/report/press/content/001981942.pdf,PDL1.0,,
fc6b74ec1bc3e157,JP,labor,労務単価,交通誘導警備員Ｂ,所定労働時間内8時間あたり,人日,pref,33,岡山県,,,,16500,JPY,labor_wage_8h,published_pdl,24400,公共工事設計労務単価＋必要経費(法定福利費(事業主負担分)、労務管理費、宿舎費等)の参考値,2026-03,2026-03-01,mlit-roumu-r8,参1-参3,https://www.mlit.go.jp/report/press/content/001981942.pdf,PDL1.0,,
52acbcd823450cf9,JP,labor,労務単価,特殊作業員,所定労働時間内8時間あたり,人日,pref,34,広島県,,,,25800,JPY,labor_wage_8h,published_pdl,38100,公共工事設計労務単価＋必要経費(法定福利費(事業主負担分)、労務管理費、宿舎費等)の参考値,2026-03,2026-03-01,mlit-roumu-r8,参1-参3,https://www.mlit.go.jp/report/press/content/001981942.pdf,PDL1.0,,
a928b3ade726e189,JP,labor,労務単価,普通作業員,所定労働時間内8時間あたり,人日,pref,34,広島県,,,,22200,JPY,labor_wage_8h,published_pdl,32800,公共工事設計労務単価＋必要経費(法定福利費(事業主負担分)、労務管理費、宿舎費等)の参考値,2026-03,2026-03-01,mlit-roumu-r8,参1-参3,https://www.mlit.go.jp/report/press/content/001981942.pdf,PDL1.0,,
20eebbec7c6e3d7f,JP,labor,労務単価,軽作業員,所定労働時間内8時間あたり,人日,pref,34,広島県,,,,17300,JPY,labor_wage_8h,published_pdl,25600,公共工事設計労務単価＋必要経費(法定福利費(事業主負担分)、労務管理費、宿舎費等)の参考値,2026-03,2026-03-01,mlit-roumu-r8,参1-参3,https://www.mlit.go.jp/report/press/content/001981942.pdf,PDL1.0,,
6710bb81d5d4aa51,JP,labor,労務単価,造園工,所定労働時間内8時間あたり,人日,pref,34,広島県,,,,22500,JPY,labor_wage_8h,published_pdl,33200,公共工事設計労務単価＋必要経費(法定福利費(事業主負担分)、労務管理費、宿舎費等)の参考値,2026-03,2026-03-01,mlit-roumu-r8,参1-参3,https://www.mlit.go.jp/report/press/content/001981942.pdf,PDL1.0,,
92689a974e1c4456,JP,labor,労務単価,法面工,所定労働時間内8時間あたり,人日,pref,34,広島県,,,,29100,JPY,labor_wage_8h,published_pdl,43000,公共工事設計労務単価＋必要経費(法定福利費(事業主負担分)、労務管理費、宿舎費等)の参考値,2026-03,2026-03-01,mlit-roumu-r8,参1-参3,https://www.mlit.go.jp/report/press/content/001981942.pdf,PDL1.0,,
d5aeb113ef224db9,JP,labor,労務単価,とび工,所定労働時間内8時間あたり,人日,pref,34,広島県,,,,28700,JPY,labor_wage_8h,published_pdl,42400,公共工事設計労務単価＋必要経費(法定福利費(事業主負担分)、労務管理費、宿舎費等)の参考値,2026-03,2026-03-01,mlit-roumu-r8,参1-参3,https://www.mlit.go.jp/report/press/content/001981942.pdf,PDL1.0,,
827a317cb2820c46,JP,labor,労務単価,石工,所定労働時間内8時間あたり,人日,pref,34,広島県,,,,,JPY,labor_wage_8h,not_set,,,2026-03,2026-03-01,mlit-roumu-r8,参1-参3,https://www.mlit.go.jp/report/press/content/001981942.pdf,PDL1.0,,原本の表で『-』(この都道府県ではこの職種の単価を設定していない)
33dfbaaa9885d051,JP,labor,労務単価,ブロック工,所定労働時間内8時間あたり,人日,pref,34,広島県,,,,,JPY,labor_wage_8h,not_set,,,2026-03,2026-03-01,mlit-roumu-r8,参1-参3,https://www.mlit.go.jp/report/press/content/001981942.pdf,PDL1.0,,原本の表で『-』(この都道府県ではこの職種の単価を設定していない)
dce9e9fce76007e3,JP,labor,労務単価,電工,所定労働時間内8時間あたり,人日,pref,34,広島県,,,,26300,JPY,labor_wage_8h,published_pdl,38800,公共工事設計労務単価＋必要経費(法定福利費(事業主負担分)、労務管理費、宿舎費等)の参考値,2026-03,2026-03-01,mlit-roumu-r8,参1-参3,https://www.mlit.go.jp/report/press/content/001981942.pdf,PDL1.0,,
2944f6eb6ff3244a,JP,labor,労務単価,鉄筋工,所定労働時間内8時間あたり,人日,pref,34,広島県,,,,28300,JPY,labor_wage_8h,published_pdl,41800,公共工事設計労務単価＋必要経費(法定福利費(事業主負担分)、労務管理費、宿舎費等)の参考値,2026-03,2026-03-01,mlit-roumu-r8,参1-参3,https://www.mlit.go.jp/report/press/content/001981942.pdf,PDL1.0,,
0bfdd3b2dbc4a04d,JP,labor,労務単価,鉄骨工,所定労働時間内8時間あたり,人日,pref,34,広島県,,,,27000,JPY,labor_wage_8h,published_pdl,39900,公共工事設計労務単価＋必要経費(法定福利費(事業主負担分)、労務管理費、宿舎費等)の参考値,2026-03,2026-03-01,mlit-roumu-r8,参1-参3,https://www.mlit.go.jp/report/press/content/001981942.pdf,PDL1.0,,
cb9b4fe7ec81d44e,JP,labor,労務単価,塗装工,所定労働時間内8時間あたり,人日,pref,34,広島県,,,,26700,JPY,labor_wage_8h,published_pdl,39400,公共工事設計労務単価＋必要経費(法定福利費(事業主負担分)、労務管理費、宿舎費等)の参考値,2026-03,2026-03-01,mlit-roumu-r8,参1-参3,https://www.mlit.go.jp/report/press/content/001981942.pdf,PDL1.0,,
c163c0a03e8f6ba6,JP,labor,労務単価,溶接工,所定労働時間内8時間あたり,人日,pref,34,広島県,,,,27300,JPY,labor_wage_8h,published_pdl,40300,公共工事設計労務単価＋必要経費(法定福利費(事業主負担分)、労務管理費、宿舎費等)の参考値,2026-03,2026-03-01,mlit-roumu-r8,参1-参3,https://www.mlit.go.jp/report/press/content/001981942.pdf,PDL1.0,,
0113366bde63cd12,JP,labor,労務単価,運転手（特殊）,所定労働時間内8時間あたり,人日,pref,34,広島県,,,,25900,JPY,labor_wage_8h,published_pdl,38300,公共工事設計労務単価＋必要経費(法定福利費(事業主負担分)、労務管理費、宿舎費等)の参考値,2026-03,2026-03-01,mlit-roumu-r8,参1-参3,https://www.mlit.go.jp/report/press/content/001981942.pdf,PDL1.0,,
57beb2f8a7d0c50c,JP,labor,労務単価,運転手（一般）,所定労働時間内8時間あたり,人日,pref,34,広島県,,,,22500,JPY,labor_wage_8h,published_pdl,33200,公共工事設計労務単価＋必要経費(法定福利費(事業主負担分)、労務管理費、宿舎費等)の参考値,2026-03,2026-03-01,mlit-roumu-r8,参1-参3,https://www.mlit.go.jp/report/press/content/001981942.pdf,PDL1.0,,
3375ba05ab6fa2d7,JP,labor,労務単価,潜かん工,所定労働時間内8時間あたり,人日,pref,34,広島県,,,,37800,JPY,labor_wage_8h,published_pdl,55800,公共工事設計労務単価＋必要経費(法定福利費(事業主負担分)、労務管理費、宿舎費等)の参考値,2026-03,2026-03-01,mlit-roumu-r8,参1-参3,https://www.mlit.go.jp/report/press/content/001981942.pdf,PDL1.0,,
1ba4691baf53f0a7,JP,labor,労務単価,潜かん世話役,所定労働時間内8時間あたり,人日,pref,34,広島県,,,,46200,JPY,labor_wage_8h,published_pdl,68200,公共工事設計労務単価＋必要経費(法定福利費(事業主負担分)、労務管理費、宿舎費等)の参考値,2026-03,2026-03-01,mlit-roumu-r8,参1-参3,https://www.mlit.go.jp/report/press/content/001981942.pdf,PDL1.0,,
d6044d117068aee8,JP,labor,労務単価,さく岩工,所定労働時間内8時間あたり,人日,pref,34,広島県,,,,33700,JPY,labor_wage_8h,published_pdl,49800,公共工事設計労務単価＋必要経費(法定福利費(事業主負担分)、労務管理費、宿舎費等)の参考値,2026-03,2026-03-01,mlit-roumu-r8,参1-参3,https://www.mlit.go.jp/report/press/content/001981942.pdf,PDL1.0,,
e4cda9700a83a753,JP,labor,労務単価,トンネル特殊工,所定労働時間内8時間あたり,人日,pref,34,広島県,,,,49400,JPY,labor_wage_8h,published_pdl,73000,公共工事設計労務単価＋必要経費(法定福利費(事業主負担分)、労務管理費、宿舎費等)の参考値,2026-03,2026-03-01,mlit-roumu-r8,参1-参3,https://www.mlit.go.jp/report/press/content/001981942.pdf,PDL1.0,,
f31fd6233ff99dcc,JP,labor,労務単価,トンネル作業員,所定労働時間内8時間あたり,人日,pref,34,広島県,,,,33500,JPY,labor_wage_8h,published_pdl,49500,公共工事設計労務単価＋必要経費(法定福利費(事業主負担分)、労務管理費、宿舎費等)の参考値,2026-03,2026-03-01,mlit-roumu-r8,参1-参3,https://www.mlit.go.jp/report/press/content/001981942.pdf,PDL1.0,,
01d7f11ea076b7a1,JP,labor,労務単価,トンネル世話役,所定労働時間内8時間あたり,人日,pref,34,広島県,,,,51100,JPY,labor_wage_8h,published_pdl,75500,公共工事設計労務単価＋必要経費(法定福利費(事業主負担分)、労務管理費、宿舎費等)の参考値,2026-03,2026-03-01,mlit-roumu-r8,参1-参3,https://www.mlit.go.jp/report/press/content/001981942.pdf,PDL1.0,,
206c01f40b7a43f9,JP,labor,労務単価,橋りょう特殊工,所定労働時間内8時間あたり,人日,pref,34,広島県,,,,32700,JPY,labor_wage_8h,published_pdl,48300,公共工事設計労務単価＋必要経費(法定福利費(事業主負担分)、労務管理費、宿舎費等)の参考値,2026-03,2026-03-01,mlit-roumu-r8,参1-参3,https://www.mlit.go.jp/report/press/content/001981942.pdf,PDL1.0,,
f252989d93fe655f,JP,labor,労務単価,橋りょう塗装工,所定労働時間内8時間あたり,人日,pref,34,広島県,,,,32400,JPY,labor_wage_8h,published_pdl,47900,公共工事設計労務単価＋必要経費(法定福利費(事業主負担分)、労務管理費、宿舎費等)の参考値,2026-03,2026-03-01,mlit-roumu-r8,参1-参3,https://www.mlit.go.jp/report/press/content/001981942.pdf,PDL1.0,,
0ae065d4f85465e7,JP,labor,労務単価,橋りょう世話役,所定労働時間内8時間あたり,人日,pref,34,広島県,,,,41900,JPY,labor_wage_8h,published_pdl,61900,公共工事設計労務単価＋必要経費(法定福利費(事業主負担分)、労務管理費、宿舎費等)の参考値,2026-03,2026-03-01,mlit-roumu-r8,参1-参3,https://www.mlit.go.jp/report/press/content/001981942.pdf,PDL1.0,,
50dd291c5ac11eca,JP,labor,労務単価,土木一般世話役,所定労働時間内8時間あたり,人日,pref,34,広島県,,,,26800,JPY,labor_wage_8h,published_pdl,39600,公共工事設計労務単価＋必要経費(法定福利費(事業主負担分)、労務管理費、宿舎費等)の参考値,2026-03,2026-03-01,mlit-roumu-r8,参1-参3,https://www.mlit.go.jp/report/press/content/001981942.pdf,PDL1.0,,
e01c35c178567a5f,JP,labor,労務単価,高級船員,所定労働時間内8時間あたり,人日,pref,34,広島県,,,,32100,JPY,labor_wage_8h,published_pdl,47400,公共工事設計労務単価＋必要経費(法定福利費(事業主負担分)、労務管理費、宿舎費等)の参考値,2026-03,2026-03-01,mlit-roumu-r8,参1-参3,https://www.mlit.go.jp/report/press/content/001981942.pdf,PDL1.0,,
357c7e5c500c985f,JP,labor,労務単価,普通船員,所定労働時間内8時間あたり,人日,pref,34,広島県,,,,26400,JPY,labor_wage_8h,published_pdl,39000,公共工事設計労務単価＋必要経費(法定福利費(事業主負担分)、労務管理費、宿舎費等)の参考値,2026-03,2026-03-01,mlit-roumu-r8,参1-参3,https://www.mlit.go.jp/report/press/content/001981942.pdf,PDL1.0,,
f493e060574661f7,JP,labor,労務単価,潜水士,所定労働時間内8時間あたり,人日,pref,34,広島県,,,,49800,JPY,labor_wage_8h,published_pdl,73600,公共工事設計労務単価＋必要経費(法定福利費(事業主負担分)、労務管理費、宿舎費等)の参考値,2026-03,2026-03-01,mlit-roumu-r8,参1-参3,https://www.mlit.go.jp/report/press/content/001981942.pdf,PDL1.0,,
7deb2767f83bd8ec,JP,labor,労務単価,潜水連絡員,所定労働時間内8時間あたり,人日,pref,34,広島県,,,,38800,JPY,labor_wage_8h,published_pdl,57300,公共工事設計労務単価＋必要経費(法定福利費(事業主負担分)、労務管理費、宿舎費等)の参考値,2026-03,2026-03-01,mlit-roumu-r8,参1-参3,https://www.mlit.go.jp/report/press/content/001981942.pdf,PDL1.0,,
c247ad36309bcd35,JP,labor,労務単価,潜水送気員,所定労働時間内8時間あたり,人日,pref,34,広島県,,,,35800,JPY,labor_wage_8h,published_pdl,52900,公共工事設計労務単価＋必要経費(法定福利費(事業主負担分)、労務管理費、宿舎費等)の参考値,2026-03,2026-03-01,mlit-roumu-r8,参1-参3,https://www.mlit.go.jp/report/press/content/001981942.pdf,PDL1.0,,
929d09753abf1514,JP,labor,労務単価,山林砂防工,所定労働時間内8時間あたり,人日,pref,34,広島県,,,,,JPY,labor_wage_8h,not_set,,,2026-03,2026-03-01,mlit-roumu-r8,参1-参3,https://www.mlit.go.jp/report/press/content/001981942.pdf,PDL1.0,,原本の表で『-』(この都道府県ではこの職種の単価を設定していない)
0d85966da19fea7c,JP,labor,労務単価,軌道工,所定労働時間内8時間あたり,人日,pref,34,広島県,,,,34800,JPY,labor_wage_8h,published_pdl,51400,公共工事設計労務単価＋必要経費(法定福利費(事業主負担分)、労務管理費、宿舎費等)の参考値,2026-03,2026-03-01,mlit-roumu-r8,参1-参3,https://www.mlit.go.jp/report/press/content/001981942.pdf,PDL1.0,,
847786771b8d1aa7,JP,labor,労務単価,型わく工,所定労働時間内8時間あたり,人日,pref,34,広島県,,,,28200,JPY,labor_wage_8h,published_pdl,41700,公共工事設計労務単価＋必要経費(法定福利費(事業主負担分)、労務管理費、宿舎費等)の参考値,2026-03,2026-03-01,mlit-roumu-r8,参1-参3,https://www.mlit.go.jp/report/press/content/001981942.pdf,PDL1.0,,
fe387bb580f2128e,JP,labor,労務単価,大工,所定労働時間内8時間あたり,人日,pref,34,広島県,,,,27600,JPY,labor_wage_8h,published_pdl,40800,公共工事設計労務単価＋必要経費(法定福利費(事業主負担分)、労務管理費、宿舎費等)の参考値,2026-03,2026-03-01,mlit-roumu-r8,参1-参3,https://www.mlit.go.jp/report/press/content/001981942.pdf,PDL1.0,,
f3db21ca42909adf,JP,labor,労務単価,左官,所定労働時間内8時間あたり,人日,pref,34,広島県,,,,25400,JPY,labor_wage_8h,published_pdl,37500,公共工事設計労務単価＋必要経費(法定福利費(事業主負担分)、労務管理費、宿舎費等)の参考値,2026-03,2026-03-01,mlit-roumu-r8,参1-参3,https://www.mlit.go.jp/report/press/content/001981942.pdf,PDL1.0,,
2b5d53c91fdd9f0a,JP,labor,労務単価,配管工,所定労働時間内8時間あたり,人日,pref,34,広島県,,,,24700,JPY,labor_wage_8h,published_pdl,36500,公共工事設計労務単価＋必要経費(法定福利費(事業主負担分)、労務管理費、宿舎費等)の参考値,2026-03,2026-03-01,mlit-roumu-r8,参1-参3,https://www.mlit.go.jp/report/press/content/001981942.pdf,PDL1.0,,
e00da54b0e41942c,JP,labor,労務単価,はつり工,所定労働時間内8時間あたり,人日,pref,34,広島県,,,,30800,JPY,labor_wage_8h,published_pdl,45500,公共工事設計労務単価＋必要経費(法定福利費(事業主負担分)、労務管理費、宿舎費等)の参考値,2026-03,2026-03-01,mlit-roumu-r8,参1-参3,https://www.mlit.go.jp/report/press/content/001981942.pdf,PDL1.0,,
c951f8feed5f33d8,JP,labor,労務単価,防水工,所定労働時間内8時間あたり,人日,pref,34,広島県,,,,28200,JPY,labor_wage_8h,published_pdl,41700,公共工事設計労務単価＋必要経費(法定福利費(事業主負担分)、労務管理費、宿舎費等)の参考値,2026-03,2026-03-01,mlit-roumu-r8,参1-参3,https://www.mlit.go.jp/report/press/content/001981942.pdf,PDL1.0,,
6dd85ef91ab089f0,JP,labor,労務単価,板金工,所定労働時間内8時間あたり,人日,pref,34,広島県,,,,26300,JPY,labor_wage_8h,published_pdl,38800,公共工事設計労務単価＋必要経費(法定福利費(事業主負担分)、労務管理費、宿舎費等)の参考値,2026-03,2026-03-01,mlit-roumu-r8,参1-参3,https://www.mlit.go.jp/report/press/content/001981942.pdf,PDL1.0,,
b27591d5975d809e,JP,labor,労務単価,タイル工,所定労働時間内8時間あたり,人日,pref,34,広島県,,,,,JPY,labor_wage_8h,not_set,,,2026-03,2026-03-01,mlit-roumu-r8,参1-参3,https://www.mlit.go.jp/report/press/content/001981942.pdf,PDL1.0,,原本の表で『-』(この都道府県ではこの職種の単価を設定していない)
1022a20d27e47ec1,JP,labor,労務単価,サッシ工,所定労働時間内8時間あたり,人日,pref,34,広島県,,,,28400,JPY,labor_wage_8h,published_pdl,41900,公共工事設計労務単価＋必要経費(法定福利費(事業主負担分)、労務管理費、宿舎費等)の参考値,2026-03,2026-03-01,mlit-roumu-r8,参1-参3,https://www.mlit.go.jp/report/press/content/001981942.pdf,PDL1.0,,
992c0819c76fa278,JP,labor,労務単価,屋根ふき工,所定労働時間内8時間あたり,人日,pref,34,広島県,,,,28600,JPY,labor_wage_8h,published_pdl,42200,公共工事設計労務単価＋必要経費(法定福利費(事業主負担分)、労務管理費、宿舎費等)の参考値,2026-03,2026-03-01,mlit-roumu-r8,参1-参3,https://www.mlit.go.jp/report/press/content/001981942.pdf,PDL1.0,,
b661589cc67671d0,JP,labor,労務単価,内装工,所定労働時間内8時間あたり,人日,pref,34,広島県,,,,27700,JPY,labor_wage_8h,published_pdl,40900,公共工事設計労務単価＋必要経費(法定福利費(事業主負担分)、労務管理費、宿舎費等)の参考値,2026-03,2026-03-01,mlit-roumu-r8,参1-参3,https://www.mlit.go.jp/report/press/content/001981942.pdf,PDL1.0,,
db172e7e86a1fa8c,JP,labor,労務単価,ガラス工,所定労働時間内8時間あたり,人日,pref,34,広島県,,,,27300,JPY,labor_wage_8h,published_pdl,40300,公共工事設計労務単価＋必要経費(法定福利費(事業主負担分)、労務管理費、宿舎費等)の参考値,2026-03,2026-03-01,mlit-roumu-r8,参1-参3,https://www.mlit.go.jp/report/press/content/001981942.pdf,PDL1.0,,
98265ce5ba143696,JP,labor,労務単価,建具工,所定労働時間内8時間あたり,人日,pref,34,広島県,,,,,JPY,labor_wage_8h,not_set,,,2026-03,2026-03-01,mlit-roumu-r8,参1-参3,https://www.mlit.go.jp/report/press/content/001981942.pdf,PDL1.0,,原本の表で『-』(この都道府県ではこの職種の単価を設定していない)
357b102ca53770ce,JP,labor,労務単価,ダクト工,所定労働時間内8時間あたり,人日,pref,34,広島県,,,,24300,JPY,labor_wage_8h,published_pdl,35900,公共工事設計労務単価＋必要経費(法定福利費(事業主負担分)、労務管理費、宿舎費等)の参考値,2026-03,2026-03-01,mlit-roumu-r8,参1-参3,https://www.mlit.go.jp/report/press/content/001981942.pdf,PDL1.0,,
5bee87a8641eef9e,JP,labor,労務単価,保温工,所定労働時間内8時間あたり,人日,pref,34,広島県,,,,25100,JPY,labor_wage_8h,published_pdl,37100,公共工事設計労務単価＋必要経費(法定福利費(事業主負担分)、労務管理費、宿舎費等)の参考値,2026-03,2026-03-01,mlit-roumu-r8,参1-参3,https://www.mlit.go.jp/report/press/content/001981942.pdf,PDL1.0,,
ab03dd57529b371a,JP,labor,労務単価,設備機械工,所定労働時間内8時間あたり,人日,pref,34,広島県,,,,29500,JPY,labor_wage_8h,published_pdl,43600,公共工事設計労務単価＋必要経費(法定福利費(事業主負担分)、労務管理費、宿舎費等)の参考値,2026-03,2026-03-01,mlit-roumu-r8,参1-参3,https://www.mlit.go.jp/report/press/content/001981942.pdf,PDL1.0,,
cc9b090c8a92623f,JP,labor,労務単価,交通誘導警備員Ａ,所定労働時間内8時間あたり,人日,pref,34,広島県,,,,18700,JPY,labor_wage_8h,published_pdl,27600,公共工事設計労務単価＋必要経費(法定福利費(事業主負担分)、労務管理費、宿舎費等)の参考値,2026-03,2026-03-01,mlit-roumu-r8,参1-参3,https://www.mlit.go.jp/report/press/content/001981942.pdf,PDL1.0,,
8dddc63ab3eccc63,JP,labor,労務単価,交通誘導警備員Ｂ,所定労働時間内8時間あたり,人日,pref,34,広島県,,,,16000,JPY,labor_wage_8h,published_pdl,23600,公共工事設計労務単価＋必要経費(法定福利費(事業主負担分)、労務管理費、宿舎費等)の参考値,2026-03,2026-03-01,mlit-roumu-r8,参1-参3,https://www.mlit.go.jp/report/press/content/001981942.pdf,PDL1.0,,
bfd2954ffef32413,JP,labor,労務単価,特殊作業員,所定労働時間内8時間あたり,人日,pref,35,山口県,,,,24100,JPY,labor_wage_8h,published_pdl,35600,公共工事設計労務単価＋必要経費(法定福利費(事業主負担分)、労務管理費、宿舎費等)の参考値,2026-03,2026-03-01,mlit-roumu-r8,参1-参3,https://www.mlit.go.jp/report/press/content/001981942.pdf,PDL1.0,,
245f90ce510343e5,JP,labor,労務単価,普通作業員,所定労働時間内8時間あたり,人日,pref,35,山口県,,,,20500,JPY,labor_wage_8h,published_pdl,30300,公共工事設計労務単価＋必要経費(法定福利費(事業主負担分)、労務管理費、宿舎費等)の参考値,2026-03,2026-03-01,mlit-roumu-r8,参1-参3,https://www.mlit.go.jp/report/press/content/001981942.pdf,PDL1.0,,
66a94ffe16ca67fc,JP,labor,労務単価,軽作業員,所定労働時間内8時間あたり,人日,pref,35,山口県,,,,17300,JPY,labor_wage_8h,published_pdl,25600,公共工事設計労務単価＋必要経費(法定福利費(事業主負担分)、労務管理費、宿舎費等)の参考値,2026-03,2026-03-01,mlit-roumu-r8,参1-参3,https://www.mlit.go.jp/report/press/content/001981942.pdf,PDL1.0,,
596f347bfa8e9646,JP,labor,労務単価,造園工,所定労働時間内8時間あたり,人日,pref,35,山口県,,,,22800,JPY,labor_wage_8h,published_pdl,33700,公共工事設計労務単価＋必要経費(法定福利費(事業主負担分)、労務管理費、宿舎費等)の参考値,2026-03,2026-03-01,mlit-roumu-r8,参1-参3,https://www.mlit.go.jp/report/press/content/001981942.pdf,PDL1.0,,
d5f86a818fac9e70,JP,labor,労務単価,法面工,所定労働時間内8時間あたり,人日,pref,35,山口県,,,,28300,JPY,labor_wage_8h,published_pdl,41800,公共工事設計労務単価＋必要経費(法定福利費(事業主負担分)、労務管理費、宿舎費等)の参考値,2026-03,2026-03-01,mlit-roumu-r8,参1-参3,https://www.mlit.go.jp/report/press/content/001981942.pdf,PDL1.0,,
9b14c3914990cd25,JP,labor,労務単価,とび工,所定労働時間内8時間あたり,人日,pref,35,山口県,,,,28900,JPY,labor_wage_8h,published_pdl,42700,公共工事設計労務単価＋必要経費(法定福利費(事業主負担分)、労務管理費、宿舎費等)の参考値,2026-03,2026-03-01,mlit-roumu-r8,参1-参3,https://www.mlit.go.jp/report/press/content/001981942.pdf,PDL1.0,,
43f8b5556341e575,JP,labor,労務単価,石工,所定労働時間内8時間あたり,人日,pref,35,山口県,,,,,JPY,labor_wage_8h,not_set,,,2026-03,2026-03-01,mlit-roumu-r8,参1-参3,https://www.mlit.go.jp/report/press/content/001981942.pdf,PDL1.0,,原本の表で『-』(この都道府県ではこの職種の単価を設定していない)
c9b9663f4c31fc6f,JP,labor,労務単価,ブロック工,所定労働時間内8時間あたり,人日,pref,35,山口県,,,,,JPY,labor_wage_8h,not_set,,,2026-03,2026-03-01,mlit-roumu-r8,参1-参3,https://www.mlit.go.jp/report/press/content/001981942.pdf,PDL1.0,,原本の表で『-』(この都道府県ではこの職種の単価を設定していない)
dd7abf01507804ed,JP,labor,労務単価,電工,所定労働時間内8時間あたり,人日,pref,35,山口県,,,,25900,JPY,labor_wage_8h,published_pdl,38300,公共工事設計労務単価＋必要経費(法定福利費(事業主負担分)、労務管理費、宿舎費等)の参考値,2026-03,2026-03-01,mlit-roumu-r8,参1-参3,https://www.mlit.go.jp/report/press/content/001981942.pdf,PDL1.0,,
799367c53a639276,JP,labor,労務単価,鉄筋工,所定労働時間内8時間あたり,人日,pref,35,山口県,,,,29300,JPY,labor_wage_8h,published_pdl,43300,公共工事設計労務単価＋必要経費(法定福利費(事業主負担分)、労務管理費、宿舎費等)の参考値,2026-03,2026-03-01,mlit-roumu-r8,参1-参3,https://www.mlit.go.jp/report/press/content/001981942.pdf,PDL1.0,,
365bef876f472a33,JP,labor,労務単価,鉄骨工,所定労働時間内8時間あたり,人日,pref,35,山口県,,,,26500,JPY,labor_wage_8h,published_pdl,39100,公共工事設計労務単価＋必要経費(法定福利費(事業主負担分)、労務管理費、宿舎費等)の参考値,2026-03,2026-03-01,mlit-roumu-r8,参1-参3,https://www.mlit.go.jp/report/press/content/001981942.pdf,PDL1.0,,
2fdee5ebe3cafe32,JP,labor,労務単価,塗装工,所定労働時間内8時間あたり,人日,pref,35,山口県,,,,25900,JPY,labor_wage_8h,published_pdl,38300,公共工事設計労務単価＋必要経費(法定福利費(事業主負担分)、労務管理費、宿舎費等)の参考値,2026-03,2026-03-01,mlit-roumu-r8,参1-参3,https://www.mlit.go.jp/report/press/content/001981942.pdf,PDL1.0,,
470d00e745946969,JP,labor,労務単価,溶接工,所定労働時間内8時間あたり,人日,pref,35,山口県,,,,27900,JPY,labor_wage_8h,published_pdl,41200,公共工事設計労務単価＋必要経費(法定福利費(事業主負担分)、労務管理費、宿舎費等)の参考値,2026-03,2026-03-01,mlit-roumu-r8,参1-参3,https://www.mlit.go.jp/report/press/content/001981942.pdf,PDL1.0,,
91c65762212086cf,JP,labor,労務単価,運転手（特殊）,所定労働時間内8時間あたり,人日,pref,35,山口県,,,,24000,JPY,labor_wage_8h,published_pdl,35400,公共工事設計労務単価＋必要経費(法定福利費(事業主負担分)、労務管理費、宿舎費等)の参考値,2026-03,2026-03-01,mlit-roumu-r8,参1-参3,https://www.mlit.go.jp/report/press/content/001981942.pdf,PDL1.0,,
b52a22067f3ae186,JP,labor,労務単価,運転手（一般）,所定労働時間内8時間あたり,人日,pref,35,山口県,,,,21700,JPY,labor_wage_8h,published_pdl,32100,公共工事設計労務単価＋必要経費(法定福利費(事業主負担分)、労務管理費、宿舎費等)の参考値,2026-03,2026-03-01,mlit-roumu-r8,参1-参3,https://www.mlit.go.jp/report/press/content/001981942.pdf,PDL1.0,,
b6365d3f67ef52d1,JP,labor,労務単価,潜かん工,所定労働時間内8時間あたり,人日,pref,35,山口県,,,,37700,JPY,labor_wage_8h,published_pdl,55700,公共工事設計労務単価＋必要経費(法定福利費(事業主負担分)、労務管理費、宿舎費等)の参考値,2026-03,2026-03-01,mlit-roumu-r8,参1-参3,https://www.mlit.go.jp/report/press/content/001981942.pdf,PDL1.0,,
bd4e0559de3530a8,JP,labor,労務単価,潜かん世話役,所定労働時間内8時間あたり,人日,pref,35,山口県,,,,46200,JPY,labor_wage_8h,published_pdl,68200,公共工事設計労務単価＋必要経費(法定福利費(事業主負担分)、労務管理費、宿舎費等)の参考値,2026-03,2026-03-01,mlit-roumu-r8,参1-参3,https://www.mlit.go.jp/report/press/content/001981942.pdf,PDL1.0,,
fce7cfdad3685c4b,JP,labor,労務単価,さく岩工,所定労働時間内8時間あたり,人日,pref,35,山口県,,,,34000,JPY,labor_wage_8h,published_pdl,50200,公共工事設計労務単価＋必要経費(法定福利費(事業主負担分)、労務管理費、宿舎費等)の参考値,2026-03,2026-03-01,mlit-roumu-r8,参1-参3,https://www.mlit.go.jp/report/press/content/001981942.pdf,PDL1.0,,
952be1b128b8643b,JP,labor,労務単価,トンネル特殊工,所定労働時間内8時間あたり,人日,pref,35,山口県,,,,50200,JPY,labor_wage_8h,published_pdl,74100,公共工事設計労務単価＋必要経費(法定福利費(事業主負担分)、労務管理費、宿舎費等)の参考値,2026-03,2026-03-01,mlit-roumu-r8,参1-参3,https://www.mlit.go.jp/report/press/content/001981942.pdf,PDL1.0,,
964387191c2ff166,JP,labor,労務単価,トンネル作業員,所定労働時間内8時間あたり,人日,pref,35,山口県,,,,33900,JPY,labor_wage_8h,published_pdl,50100,公共工事設計労務単価＋必要経費(法定福利費(事業主負担分)、労務管理費、宿舎費等)の参考値,2026-03,2026-03-01,mlit-roumu-r8,参1-参3,https://www.mlit.go.jp/report/press/content/001981942.pdf,PDL1.0,,
40feda1fdb1960b0,JP,labor,労務単価,トンネル世話役,所定労働時間内8時間あたり,人日,pref,35,山口県,,,,51500,JPY,labor_wage_8h,published_pdl,76100,公共工事設計労務単価＋必要経費(法定福利費(事業主負担分)、労務管理費、宿舎費等)の参考値,2026-03,2026-03-01,mlit-roumu-r8,参1-参3,https://www.mlit.go.jp/report/press/content/001981942.pdf,PDL1.0,,
0042250384103681,JP,labor,労務単価,橋りょう特殊工,所定労働時間内8時間あたり,人日,pref,35,山口県,,,,32800,JPY,labor_wage_8h,published_pdl,48400,公共工事設計労務単価＋必要経費(法定福利費(事業主負担分)、労務管理費、宿舎費等)の参考値,2026-03,2026-03-01,mlit-roumu-r8,参1-参3,https://www.mlit.go.jp/report/press/content/001981942.pdf,PDL1.0,,
59997418bcb377d2,JP,labor,労務単価,橋りょう塗装工,所定労働時間内8時間あたり,人日,pref,35,山口県,,,,32500,JPY,labor_wage_8h,published_pdl,48000,公共工事設計労務単価＋必要経費(法定福利費(事業主負担分)、労務管理費、宿舎費等)の参考値,2026-03,2026-03-01,mlit-roumu-r8,参1-参3,https://www.mlit.go.jp/report/press/content/001981942.pdf,PDL1.0,,
060425fe85098bb0,JP,labor,労務単価,橋りょう世話役,所定労働時間内8時間あたり,人日,pref,35,山口県,,,,41900,JPY,labor_wage_8h,published_pdl,61900,公共工事設計労務単価＋必要経費(法定福利費(事業主負担分)、労務管理費、宿舎費等)の参考値,2026-03,2026-03-01,mlit-roumu-r8,参1-参3,https://www.mlit.go.jp/report/press/content/001981942.pdf,PDL1.0,,
2d7648aef6171ddb,JP,labor,労務単価,土木一般世話役,所定労働時間内8時間あたり,人日,pref,35,山口県,,,,27600,JPY,labor_wage_8h,published_pdl,40800,公共工事設計労務単価＋必要経費(法定福利費(事業主負担分)、労務管理費、宿舎費等)の参考値,2026-03,2026-03-01,mlit-roumu-r8,参1-参3,https://www.mlit.go.jp/report/press/content/001981942.pdf,PDL1.0,,
4689a49efa053005,JP,labor,労務単価,高級船員,所定労働時間内8時間あたり,人日,pref,35,山口県,,,,32100,JPY,labor_wage_8h,published_pdl,47400,公共工事設計労務単価＋必要経費(法定福利費(事業主負担分)、労務管理費、宿舎費等)の参考値,2026-03,2026-03-01,mlit-roumu-r8,参1-参3,https://www.mlit.go.jp/report/press/content/001981942.pdf,PDL1.0,,
9e18af9c52df3de9,JP,labor,労務単価,普通船員,所定労働時間内8時間あたり,人日,pref,35,山口県,,,,25700,JPY,labor_wage_8h,published_pdl,38000,公共工事設計労務単価＋必要経費(法定福利費(事業主負担分)、労務管理費、宿舎費等)の参考値,2026-03,2026-03-01,mlit-roumu-r8,参1-参3,https://www.mlit.go.jp/report/press/content/001981942.pdf,PDL1.0,,
b815426865bdb0d0,JP,labor,労務単価,潜水士,所定労働時間内8時間あたり,人日,pref,35,山口県,,,,50000,JPY,labor_wage_8h,published_pdl,73900,公共工事設計労務単価＋必要経費(法定福利費(事業主負担分)、労務管理費、宿舎費等)の参考値,2026-03,2026-03-01,mlit-roumu-r8,参1-参3,https://www.mlit.go.jp/report/press/content/001981942.pdf,PDL1.0,,
366650c5c9d8c89a,JP,labor,労務単価,潜水連絡員,所定労働時間内8時間あたり,人日,pref,35,山口県,,,,39000,JPY,labor_wage_8h,published_pdl,57600,公共工事設計労務単価＋必要経費(法定福利費(事業主負担分)、労務管理費、宿舎費等)の参考値,2026-03,2026-03-01,mlit-roumu-r8,参1-参3,https://www.mlit.go.jp/report/press/content/001981942.pdf,PDL1.0,,
db82523ed95d93ac,JP,labor,労務単価,潜水送気員,所定労働時間内8時間あたり,人日,pref,35,山口県,,,,36100,JPY,labor_wage_8h,published_pdl,53300,公共工事設計労務単価＋必要経費(法定福利費(事業主負担分)、労務管理費、宿舎費等)の参考値,2026-03,2026-03-01,mlit-roumu-r8,参1-参3,https://www.mlit.go.jp/report/press/content/001981942.pdf,PDL1.0,,
e89d9f540d02d763,JP,labor,労務単価,山林砂防工,所定労働時間内8時間あたり,人日,pref,35,山口県,,,,,JPY,labor_wage_8h,not_set,,,2026-03,2026-03-01,mlit-roumu-r8,参1-参3,https://www.mlit.go.jp/report/press/content/001981942.pdf,PDL1.0,,原本の表で『-』(この都道府県ではこの職種の単価を設定していない)
1c069d83053c88fe,JP,labor,労務単価,軌道工,所定労働時間内8時間あたり,人日,pref,35,山口県,,,,35100,JPY,labor_wage_8h,published_pdl,51800,公共工事設計労務単価＋必要経費(法定福利費(事業主負担分)、労務管理費、宿舎費等)の参考値,2026-03,2026-03-01,mlit-roumu-r8,参1-参3,https://www.mlit.go.jp/report/press/content/001981942.pdf,PDL1.0,,
bd7060bdb8011fa0,JP,labor,労務単価,型わく工,所定労働時間内8時間あたり,人日,pref,35,山口県,,,,27100,JPY,labor_wage_8h,published_pdl,40000,公共工事設計労務単価＋必要経費(法定福利費(事業主負担分)、労務管理費、宿舎費等)の参考値,2026-03,2026-03-01,mlit-roumu-r8,参1-参3,https://www.mlit.go.jp/report/press/content/001981942.pdf,PDL1.0,,
7859631333384084,JP,labor,労務単価,大工,所定労働時間内8時間あたり,人日,pref,35,山口県,,,,28000,JPY,labor_wage_8h,published_pdl,41400,公共工事設計労務単価＋必要経費(法定福利費(事業主負担分)、労務管理費、宿舎費等)の参考値,2026-03,2026-03-01,mlit-roumu-r8,参1-参3,https://www.mlit.go.jp/report/press/content/001981942.pdf,PDL1.0,,
8b6cb0ec509808bb,JP,labor,労務単価,左官,所定労働時間内8時間あたり,人日,pref,35,山口県,,,,25100,JPY,labor_wage_8h,published_pdl,37100,公共工事設計労務単価＋必要経費(法定福利費(事業主負担分)、労務管理費、宿舎費等)の参考値,2026-03,2026-03-01,mlit-roumu-r8,参1-参3,https://www.mlit.go.jp/report/press/content/001981942.pdf,PDL1.0,,
8ea2b91a8faaf127,JP,labor,労務単価,配管工,所定労働時間内8時間あたり,人日,pref,35,山口県,,,,25100,JPY,labor_wage_8h,published_pdl,37100,公共工事設計労務単価＋必要経費(法定福利費(事業主負担分)、労務管理費、宿舎費等)の参考値,2026-03,2026-03-01,mlit-roumu-r8,参1-参3,https://www.mlit.go.jp/report/press/content/001981942.pdf,PDL1.0,,
10f04592ed0453fb,JP,labor,労務単価,はつり工,所定労働時間内8時間あたり,人日,pref,35,山口県,,,,31100,JPY,labor_wage_8h,published_pdl,45900,公共工事設計労務単価＋必要経費(法定福利費(事業主負担分)、労務管理費、宿舎費等)の参考値,2026-03,2026-03-01,mlit-roumu-r8,参1-参3,https://www.mlit.go.jp/report/press/content/001981942.pdf,PDL1.0,,
8ca9a3cda891e38d,JP,labor,労務単価,防水工,所定労働時間内8時間あたり,人日,pref,35,山口県,,,,28000,JPY,labor_wage_8h,published_pdl,41400,公共工事設計労務単価＋必要経費(法定福利費(事業主負担分)、労務管理費、宿舎費等)の参考値,2026-03,2026-03-01,mlit-roumu-r8,参1-参3,https://www.mlit.go.jp/report/press/content/001981942.pdf,PDL1.0,,
c7fdcfd95ad570cc,JP,labor,労務単価,板金工,所定労働時間内8時間あたり,人日,pref,35,山口県,,,,26800,JPY,labor_wage_8h,published_pdl,39600,公共工事設計労務単価＋必要経費(法定福利費(事業主負担分)、労務管理費、宿舎費等)の参考値,2026-03,2026-03-01,mlit-roumu-r8,参1-参3,https://www.mlit.go.jp/report/press/content/001981942.pdf,PDL1.0,,
965e7639f98044c0,JP,labor,労務単価,タイル工,所定労働時間内8時間あたり,人日,pref,35,山口県,,,,,JPY,labor_wage_8h,not_set,,,2026-03,2026-03-01,mlit-roumu-r8,参1-参3,https://www.mlit.go.jp/report/press/content/001981942.pdf,PDL1.0,,原本の表で『-』(この都道府県ではこの職種の単価を設定していない)
0e6f4f428a6cb98f,JP,labor,労務単価,サッシ工,所定労働時間内8時間あたり,人日,pref,35,山口県,,,,28700,JPY,labor_wage_8h,published_pdl,42400,公共工事設計労務単価＋必要経費(法定福利費(事業主負担分)、労務管理費、宿舎費等)の参考値,2026-03,2026-03-01,mlit-roumu-r8,参1-参3,https://www.mlit.go.jp/report/press/content/001981942.pdf,PDL1.0,,
edab0a71e15f6155,JP,labor,労務単価,屋根ふき工,所定労働時間内8時間あたり,人日,pref,35,山口県,,,,28500,JPY,labor_wage_8h,published_pdl,42100,公共工事設計労務単価＋必要経費(法定福利費(事業主負担分)、労務管理費、宿舎費等)の参考値,2026-03,2026-03-01,mlit-roumu-r8,参1-参3,https://www.mlit.go.jp/report/press/content/001981942.pdf,PDL1.0,,
153e649b5b59cacc,JP,labor,労務単価,内装工,所定労働時間内8時間あたり,人日,pref,35,山口県,,,,28100,JPY,labor_wage_8h,published_pdl,41500,公共工事設計労務単価＋必要経費(法定福利費(事業主負担分)、労務管理費、宿舎費等)の参考値,2026-03,2026-03-01,mlit-roumu-r8,参1-参3,https://www.mlit.go.jp/report/press/content/001981942.pdf,PDL1.0,,
d1b6245188b0ae15,JP,labor,労務単価,ガラス工,所定労働時間内8時間あたり,人日,pref,35,山口県,,,,27400,JPY,labor_wage_8h,published_pdl,40500,公共工事設計労務単価＋必要経費(法定福利費(事業主負担分)、労務管理費、宿舎費等)の参考値,2026-03,2026-03-01,mlit-roumu-r8,参1-参3,https://www.mlit.go.jp/report/press/content/001981942.pdf,PDL1.0,,
359fd8365463d5c1,JP,labor,労務単価,建具工,所定労働時間内8時間あたり,人日,pref,35,山口県,,,,,JPY,labor_wage_8h,not_set,,,2026-03,2026-03-01,mlit-roumu-r8,参1-参3,https://www.mlit.go.jp/report/press/content/001981942.pdf,PDL1.0,,原本の表で『-』(この都道府県ではこの職種の単価を設定していない)
2c9e895bdea64b6b,JP,labor,労務単価,ダクト工,所定労働時間内8時間あたり,人日,pref,35,山口県,,,,24400,JPY,labor_wage_8h,published_pdl,36000,公共工事設計労務単価＋必要経費(法定福利費(事業主負担分)、労務管理費、宿舎費等)の参考値,2026-03,2026-03-01,mlit-roumu-r8,参1-参3,https://www.mlit.go.jp/report/press/content/001981942.pdf,PDL1.0,,
644b89e771aa61fd,JP,labor,労務単価,保温工,所定労働時間内8時間あたり,人日,pref,35,山口県,,,,25200,JPY,labor_wage_8h,published_pdl,37200,公共工事設計労務単価＋必要経費(法定福利費(事業主負担分)、労務管理費、宿舎費等)の参考値,2026-03,2026-03-01,mlit-roumu-r8,参1-参3,https://www.mlit.go.jp/report/press/content/001981942.pdf,PDL1.0,,
1e3aeb036257f327,JP,labor,労務単価,設備機械工,所定労働時間内8時間あたり,人日,pref,35,山口県,,,,29600,JPY,labor_wage_8h,published_pdl,43700,公共工事設計労務単価＋必要経費(法定福利費(事業主負担分)、労務管理費、宿舎費等)の参考値,2026-03,2026-03-01,mlit-roumu-r8,参1-参3,https://www.mlit.go.jp/report/press/content/001981942.pdf,PDL1.0,,
beab191e76488986,JP,labor,労務単価,交通誘導警備員Ａ,所定労働時間内8時間あたり,人日,pref,35,山口県,,,,18500,JPY,labor_wage_8h,published_pdl,27300,公共工事設計労務単価＋必要経費(法定福利費(事業主負担分)、労務管理費、宿舎費等)の参考値,2026-03,2026-03-01,mlit-roumu-r8,参1-参3,https://www.mlit.go.jp/report/press/content/001981942.pdf,PDL1.0,,
736cf703aa1d1f7e,JP,labor,労務単価,交通誘導警備員Ｂ,所定労働時間内8時間あたり,人日,pref,35,山口県,,,,15500,JPY,labor_wage_8h,published_pdl,22900,公共工事設計労務単価＋必要経費(法定福利費(事業主負担分)、労務管理費、宿舎費等)の参考値,2026-03,2026-03-01,mlit-roumu-r8,参1-参3,https://www.mlit.go.jp/report/press/content/001981942.pdf,PDL1.0,,
8d06c5e72fcfa136,JP,labor,労務単価,特殊作業員,所定労働時間内8時間あたり,人日,pref,36,徳島県,,,,26300,JPY,labor_wage_8h,published_pdl,38800,公共工事設計労務単価＋必要経費(法定福利費(事業主負担分)、労務管理費、宿舎費等)の参考値,2026-03,2026-03-01,mlit-roumu-r8,参1-参3,https://www.mlit.go.jp/report/press/content/001981942.pdf,PDL1.0,,
3651b3780e64b819,JP,labor,労務単価,普通作業員,所定労働時間内8時間あたり,人日,pref,36,徳島県,,,,24100,JPY,labor_wage_8h,published_pdl,35600,公共工事設計労務単価＋必要経費(法定福利費(事業主負担分)、労務管理費、宿舎費等)の参考値,2026-03,2026-03-01,mlit-roumu-r8,参1-参3,https://www.mlit.go.jp/report/press/content/001981942.pdf,PDL1.0,,
bcb4b1e614cbec09,JP,labor,労務単価,軽作業員,所定労働時間内8時間あたり,人日,pref,36,徳島県,,,,17400,JPY,labor_wage_8h,published_pdl,25700,公共工事設計労務単価＋必要経費(法定福利費(事業主負担分)、労務管理費、宿舎費等)の参考値,2026-03,2026-03-01,mlit-roumu-r8,参1-参3,https://www.mlit.go.jp/report/press/content/001981942.pdf,PDL1.0,,
1c1bed24b4ae6596,JP,labor,労務単価,造園工,所定労働時間内8時間あたり,人日,pref,36,徳島県,,,,23500,JPY,labor_wage_8h,published_pdl,34700,公共工事設計労務単価＋必要経費(法定福利費(事業主負担分)、労務管理費、宿舎費等)の参考値,2026-03,2026-03-01,mlit-roumu-r8,参1-参3,https://www.mlit.go.jp/report/press/content/001981942.pdf,PDL1.0,,
9a6c10fd8424884c,JP,labor,労務単価,法面工,所定労働時間内8時間あたり,人日,pref,36,徳島県,,,,33700,JPY,labor_wage_8h,published_pdl,49800,公共工事設計労務単価＋必要経費(法定福利費(事業主負担分)、労務管理費、宿舎費等)の参考値,2026-03,2026-03-01,mlit-roumu-r8,参1-参3,https://www.mlit.go.jp/report/press/content/001981942.pdf,PDL1.0,,
9a66655b2f7c8799,JP,labor,労務単価,とび工,所定労働時間内8時間あたり,人日,pref,36,徳島県,,,,28900,JPY,labor_wage_8h,published_pdl,42700,公共工事設計労務単価＋必要経費(法定福利費(事業主負担分)、労務管理費、宿舎費等)の参考値,2026-03,2026-03-01,mlit-roumu-r8,参1-参3,https://www.mlit.go.jp/report/press/content/001981942.pdf,PDL1.0,,
d92cb771261b7543,JP,labor,労務単価,石工,所定労働時間内8時間あたり,人日,pref,36,徳島県,,,,32600,JPY,labor_wage_8h,published_pdl,48200,公共工事設計労務単価＋必要経費(法定福利費(事業主負担分)、労務管理費、宿舎費等)の参考値,2026-03,2026-03-01,mlit-roumu-r8,参1-参3,https://www.mlit.go.jp/report/press/content/001981942.pdf,PDL1.0,,
a3748f6de694a8ba,JP,labor,労務単価,ブロック工,所定労働時間内8時間あたり,人日,pref,36,徳島県,,,,,JPY,labor_wage_8h,not_set,,,2026-03,2026-03-01,mlit-roumu-r8,参1-参3,https://www.mlit.go.jp/report/press/content/001981942.pdf,PDL1.0,,原本の表で『-』(この都道府県ではこの職種の単価を設定していない)
245ea0d96c79516f,JP,labor,労務単価,電工,所定労働時間内8時間あたり,人日,pref,36,徳島県,,,,26600,JPY,labor_wage_8h,published_pdl,39300,公共工事設計労務単価＋必要経費(法定福利費(事業主負担分)、労務管理費、宿舎費等)の参考値,2026-03,2026-03-01,mlit-roumu-r8,参1-参3,https://www.mlit.go.jp/report/press/content/001981942.pdf,PDL1.0,,
b64ff4adc43cbb00,JP,labor,労務単価,鉄筋工,所定労働時間内8時間あたり,人日,pref,36,徳島県,,,,27100,JPY,labor_wage_8h,published_pdl,40000,公共工事設計労務単価＋必要経費(法定福利費(事業主負担分)、労務管理費、宿舎費等)の参考値,2026-03,2026-03-01,mlit-roumu-r8,参1-参3,https://www.mlit.go.jp/report/press/content/001981942.pdf,PDL1.0,,
176194bd6be05eaa,JP,labor,労務単価,鉄骨工,所定労働時間内8時間あたり,人日,pref,36,徳島県,,,,28000,JPY,labor_wage_8h,published_pdl,41400,公共工事設計労務単価＋必要経費(法定福利費(事業主負担分)、労務管理費、宿舎費等)の参考値,2026-03,2026-03-01,mlit-roumu-r8,参1-参3,https://www.mlit.go.jp/report/press/content/001981942.pdf,PDL1.0,,
5c71a0f657f5a2bd,JP,labor,労務単価,塗装工,所定労働時間内8時間あたり,人日,pref,36,徳島県,,,,27300,JPY,labor_wage_8h,published_pdl,40300,公共工事設計労務単価＋必要経費(法定福利費(事業主負担分)、労務管理費、宿舎費等)の参考値,2026-03,2026-03-01,mlit-roumu-r8,参1-参3,https://www.mlit.go.jp/report/press/content/001981942.pdf,PDL1.0,,
4207a39575d3dc78,JP,labor,労務単価,溶接工,所定労働時間内8時間あたり,人日,pref,36,徳島県,,,,30400,JPY,labor_wage_8h,published_pdl,44900,公共工事設計労務単価＋必要経費(法定福利費(事業主負担分)、労務管理費、宿舎費等)の参考値,2026-03,2026-03-01,mlit-roumu-r8,参1-参3,https://www.mlit.go.jp/report/press/content/001981942.pdf,PDL1.0,,
e5fbbaf53c28c5a1,JP,labor,労務単価,運転手（特殊）,所定労働時間内8時間あたり,人日,pref,36,徳島県,,,,24300,JPY,labor_wage_8h,published_pdl,35900,公共工事設計労務単価＋必要経費(法定福利費(事業主負担分)、労務管理費、宿舎費等)の参考値,2026-03,2026-03-01,mlit-roumu-r8,参1-参3,https://www.mlit.go.jp/report/press/content/001981942.pdf,PDL1.0,,
1e90424f38ea793e,JP,labor,労務単価,運転手（一般）,所定労働時間内8時間あたり,人日,pref,36,徳島県,,,,23500,JPY,labor_wage_8h,published_pdl,34700,公共工事設計労務単価＋必要経費(法定福利費(事業主負担分)、労務管理費、宿舎費等)の参考値,2026-03,2026-03-01,mlit-roumu-r8,参1-参3,https://www.mlit.go.jp/report/press/content/001981942.pdf,PDL1.0,,
0c6fadd405ba60d9,JP,labor,労務単価,潜かん工,所定労働時間内8時間あたり,人日,pref,36,徳島県,,,,38000,JPY,labor_wage_8h,published_pdl,56100,公共工事設計労務単価＋必要経費(法定福利費(事業主負担分)、労務管理費、宿舎費等)の参考値,2026-03,2026-03-01,mlit-roumu-r8,参1-参3,https://www.mlit.go.jp/report/press/content/001981942.pdf,PDL1.0,,
738b24d9e78b4e13,JP,labor,労務単価,潜かん世話役,所定労働時間内8時間あたり,人日,pref,36,徳島県,,,,46500,JPY,labor_wage_8h,published_pdl,68700,公共工事設計労務単価＋必要経費(法定福利費(事業主負担分)、労務管理費、宿舎費等)の参考値,2026-03,2026-03-01,mlit-roumu-r8,参1-参3,https://www.mlit.go.jp/report/press/content/001981942.pdf,PDL1.0,,
48c51944eb5a23f8,JP,labor,労務単価,さく岩工,所定労働時間内8時間あたり,人日,pref,36,徳島県,,,,31400,JPY,labor_wage_8h,published_pdl,46400,公共工事設計労務単価＋必要経費(法定福利費(事業主負担分)、労務管理費、宿舎費等)の参考値,2026-03,2026-03-01,mlit-roumu-r8,参1-参3,https://www.mlit.go.jp/report/press/content/001981942.pdf,PDL1.0,,
c02773251b5ef858,JP,labor,労務単価,トンネル特殊工,所定労働時間内8時間あたり,人日,pref,36,徳島県,,,,45800,JPY,labor_wage_8h,published_pdl,67600,公共工事設計労務単価＋必要経費(法定福利費(事業主負担分)、労務管理費、宿舎費等)の参考値,2026-03,2026-03-01,mlit-roumu-r8,参1-参3,https://www.mlit.go.jp/report/press/content/001981942.pdf,PDL1.0,,
473778dab001dcd2,JP,labor,労務単価,トンネル作業員,所定労働時間内8時間あたり,人日,pref,36,徳島県,,,,32900,JPY,labor_wage_8h,published_pdl,48600,公共工事設計労務単価＋必要経費(法定福利費(事業主負担分)、労務管理費、宿舎費等)の参考値,2026-03,2026-03-01,mlit-roumu-r8,参1-参3,https://www.mlit.go.jp/report/press/content/001981942.pdf,PDL1.0,,
6e69455013813165,JP,labor,労務単価,トンネル世話役,所定労働時間内8時間あたり,人日,pref,36,徳島県,,,,46600,JPY,labor_wage_8h,published_pdl,68800,公共工事設計労務単価＋必要経費(法定福利費(事業主負担分)、労務管理費、宿舎費等)の参考値,2026-03,2026-03-01,mlit-roumu-r8,参1-参3,https://www.mlit.go.jp/report/press/content/001981942.pdf,PDL1.0,,
0bd0ef35f4729f6b,JP,labor,労務単価,橋りょう特殊工,所定労働時間内8時間あたり,人日,pref,36,徳島県,,,,34500,JPY,labor_wage_8h,published_pdl,51000,公共工事設計労務単価＋必要経費(法定福利費(事業主負担分)、労務管理費、宿舎費等)の参考値,2026-03,2026-03-01,mlit-roumu-r8,参1-参3,https://www.mlit.go.jp/report/press/content/001981942.pdf,PDL1.0,,
3dbf6bc2466bf1cc,JP,labor,労務単価,橋りょう塗装工,所定労働時間内8時間あたり,人日,pref,36,徳島県,,,,36300,JPY,labor_wage_8h,published_pdl,53600,公共工事設計労務単価＋必要経費(法定福利費(事業主負担分)、労務管理費、宿舎費等)の参考値,2026-03,2026-03-01,mlit-roumu-r8,参1-参3,https://www.mlit.go.jp/report/press/content/001981942.pdf,PDL1.0,,
5534ebdeeb92010b,JP,labor,労務単価,橋りょう世話役,所定労働時間内8時間あたり,人日,pref,36,徳島県,,,,40000,JPY,labor_wage_8h,published_pdl,59100,公共工事設計労務単価＋必要経費(法定福利費(事業主負担分)、労務管理費、宿舎費等)の参考値,2026-03,2026-03-01,mlit-roumu-r8,参1-参3,https://www.mlit.go.jp/report/press/content/001981942.pdf,PDL1.0,,
5575acefdfa9f32e,JP,labor,労務単価,土木一般世話役,所定労働時間内8時間あたり,人日,pref,36,徳島県,,,,28600,JPY,labor_wage_8h,published_pdl,42200,公共工事設計労務単価＋必要経費(法定福利費(事業主負担分)、労務管理費、宿舎費等)の参考値,2026-03,2026-03-01,mlit-roumu-r8,参1-参3,https://www.mlit.go.jp/report/press/content/001981942.pdf,PDL1.0,,
fd66909bddac0dd7,JP,labor,労務単価,高級船員,所定労働時間内8時間あたり,人日,pref,36,徳島県,,,,43300,JPY,labor_wage_8h,published_pdl,64000,公共工事設計労務単価＋必要経費(法定福利費(事業主負担分)、労務管理費、宿舎費等)の参考値,2026-03,2026-03-01,mlit-roumu-r8,参1-参3,https://www.mlit.go.jp/report/press/content/001981942.pdf,PDL1.0,,
fdb2bed3ed2f9555,JP,labor,労務単価,普通船員,所定労働時間内8時間あたり,人日,pref,36,徳島県,,,,33000,JPY,labor_wage_8h,published_pdl,48700,公共工事設計労務単価＋必要経費(法定福利費(事業主負担分)、労務管理費、宿舎費等)の参考値,2026-03,2026-03-01,mlit-roumu-r8,参1-参3,https://www.mlit.go.jp/report/press/content/001981942.pdf,PDL1.0,,
7fa12aea48ad816b,JP,labor,労務単価,潜水士,所定労働時間内8時間あたり,人日,pref,36,徳島県,,,,51900,JPY,labor_wage_8h,published_pdl,76700,公共工事設計労務単価＋必要経費(法定福利費(事業主負担分)、労務管理費、宿舎費等)の参考値,2026-03,2026-03-01,mlit-roumu-r8,参1-参3,https://www.mlit.go.jp/report/press/content/001981942.pdf,PDL1.0,,
4329213ae602488c,JP,labor,労務単価,潜水連絡員,所定労働時間内8時間あたり,人日,pref,36,徳島県,,,,,JPY,labor_wage_8h,not_set,,,2026-03,2026-03-01,mlit-roumu-r8,参1-参3,https://www.mlit.go.jp/report/press/content/001981942.pdf,PDL1.0,,原本の表で『-』(この都道府県ではこの職種の単価を設定していない)
11c9e6277b80fac2,JP,labor,労務単価,潜水送気員,所定労働時間内8時間あたり,人日,pref,36,徳島県,,,,27200,JPY,labor_wage_8h,published_pdl,40200,公共工事設計労務単価＋必要経費(法定福利費(事業主負担分)、労務管理費、宿舎費等)の参考値,2026-03,2026-03-01,mlit-roumu-r8,参1-参3,https://www.mlit.go.jp/report/press/content/001981942.pdf,PDL1.0,,
86918e65206bd91b,JP,labor,労務単価,山林砂防工,所定労働時間内8時間あたり,人日,pref,36,徳島県,,,,27700,JPY,labor_wage_8h,published_pdl,40900,公共工事設計労務単価＋必要経費(法定福利費(事業主負担分)、労務管理費、宿舎費等)の参考値,2026-03,2026-03-01,mlit-roumu-r8,参1-参3,https://www.mlit.go.jp/report/press/content/001981942.pdf,PDL1.0,,
a1342889580366bd,JP,labor,労務単価,軌道工,所定労働時間内8時間あたり,人日,pref,36,徳島県,,,,35200,JPY,labor_wage_8h,published_pdl,52000,公共工事設計労務単価＋必要経費(法定福利費(事業主負担分)、労務管理費、宿舎費等)の参考値,2026-03,2026-03-01,mlit-roumu-r8,参1-参3,https://www.mlit.go.jp/report/press/content/001981942.pdf,PDL1.0,,
0cbb16905f227f0f,JP,labor,労務単価,型わく工,所定労働時間内8時間あたり,人日,pref,36,徳島県,,,,29500,JPY,labor_wage_8h,published_pdl,43600,公共工事設計労務単価＋必要経費(法定福利費(事業主負担分)、労務管理費、宿舎費等)の参考値,2026-03,2026-03-01,mlit-roumu-r8,参1-参3,https://www.mlit.go.jp/report/press/content/001981942.pdf,PDL1.0,,
b6a5d3a67645e654,JP,labor,労務単価,大工,所定労働時間内8時間あたり,人日,pref,36,徳島県,,,,,JPY,labor_wage_8h,not_set,,,2026-03,2026-03-01,mlit-roumu-r8,参1-参3,https://www.mlit.go.jp/report/press/content/001981942.pdf,PDL1.0,,原本の表で『-』(この都道府県ではこの職種の単価を設定していない)
f24e5a3baad4f607,JP,labor,労務単価,左官,所定労働時間内8時間あたり,人日,pref,36,徳島県,,,,27700,JPY,labor_wage_8h,published_pdl,40900,公共工事設計労務単価＋必要経費(法定福利費(事業主負担分)、労務管理費、宿舎費等)の参考値,2026-03,2026-03-01,mlit-roumu-r8,参1-参3,https://www.mlit.go.jp/report/press/content/001981942.pdf,PDL1.0,,
ce3bc2a8b70f4df2,JP,labor,労務単価,配管工,所定労働時間内8時間あたり,人日,pref,36,徳島県,,,,25600,JPY,labor_wage_8h,published_pdl,37800,公共工事設計労務単価＋必要経費(法定福利費(事業主負担分)、労務管理費、宿舎費等)の参考値,2026-03,2026-03-01,mlit-roumu-r8,参1-参3,https://www.mlit.go.jp/report/press/content/001981942.pdf,PDL1.0,,
804f6274c94988c8,JP,labor,労務単価,はつり工,所定労働時間内8時間あたり,人日,pref,36,徳島県,,,,31000,JPY,labor_wage_8h,published_pdl,45800,公共工事設計労務単価＋必要経費(法定福利費(事業主負担分)、労務管理費、宿舎費等)の参考値,2026-03,2026-03-01,mlit-roumu-r8,参1-参3,https://www.mlit.go.jp/report/press/content/001981942.pdf,PDL1.0,,
050a3f7738b87e3c,JP,labor,労務単価,防水工,所定労働時間内8時間あたり,人日,pref,36,徳島県,,,,28300,JPY,labor_wage_8h,published_pdl,41800,公共工事設計労務単価＋必要経費(法定福利費(事業主負担分)、労務管理費、宿舎費等)の参考値,2026-03,2026-03-01,mlit-roumu-r8,参1-参3,https://www.mlit.go.jp/report/press/content/001981942.pdf,PDL1.0,,
8ed68f48bb63c355,JP,labor,労務単価,板金工,所定労働時間内8時間あたり,人日,pref,36,徳島県,,,,,JPY,labor_wage_8h,not_set,,,2026-03,2026-03-01,mlit-roumu-r8,参1-参3,https://www.mlit.go.jp/report/press/content/001981942.pdf,PDL1.0,,原本の表で『-』(この都道府県ではこの職種の単価を設定していない)
9e6d8efcd6b1ce42,JP,labor,労務単価,タイル工,所定労働時間内8時間あたり,人日,pref,36,徳島県,,,,,JPY,labor_wage_8h,not_set,,,2026-03,2026-03-01,mlit-roumu-r8,参1-参3,https://www.mlit.go.jp/report/press/content/001981942.pdf,PDL1.0,,原本の表で『-』(この都道府県ではこの職種の単価を設定していない)
ed49b82bedb36436,JP,labor,労務単価,サッシ工,所定労働時間内8時間あたり,人日,pref,36,徳島県,,,,,JPY,labor_wage_8h,not_set,,,2026-03,2026-03-01,mlit-roumu-r8,参1-参3,https://www.mlit.go.jp/report/press/content/001981942.pdf,PDL1.0,,原本の表で『-』(この都道府県ではこの職種の単価を設定していない)
139e3977a2cb1553,JP,labor,労務単価,屋根ふき工,所定労働時間内8時間あたり,人日,pref,36,徳島県,,,,,JPY,labor_wage_8h,not_set,,,2026-03,2026-03-01,mlit-roumu-r8,参1-参3,https://www.mlit.go.jp/report/press/content/001981942.pdf,PDL1.0,,原本の表で『-』(この都道府県ではこの職種の単価を設定していない)
a99e38f5d43288e8,JP,labor,労務単価,内装工,所定労働時間内8時間あたり,人日,pref,36,徳島県,,,,33900,JPY,labor_wage_8h,published_pdl,50100,公共工事設計労務単価＋必要経費(法定福利費(事業主負担分)、労務管理費、宿舎費等)の参考値,2026-03,2026-03-01,mlit-roumu-r8,参1-参3,https://www.mlit.go.jp/report/press/content/001981942.pdf,PDL1.0,,
f5cc99ebcd7d15f2,JP,labor,労務単価,ガラス工,所定労働時間内8時間あたり,人日,pref,36,徳島県,,,,26900,JPY,labor_wage_8h,published_pdl,39700,公共工事設計労務単価＋必要経費(法定福利費(事業主負担分)、労務管理費、宿舎費等)の参考値,2026-03,2026-03-01,mlit-roumu-r8,参1-参3,https://www.mlit.go.jp/report/press/content/001981942.pdf,PDL1.0,,
b697120ad988006f,JP,labor,労務単価,建具工,所定労働時間内8時間あたり,人日,pref,36,徳島県,,,,,JPY,labor_wage_8h,not_set,,,2026-03,2026-03-01,mlit-roumu-r8,参1-参3,https://www.mlit.go.jp/report/press/content/001981942.pdf,PDL1.0,,原本の表で『-』(この都道府県ではこの職種の単価を設定していない)
7f4ec2eb8bbd9ee0,JP,labor,労務単価,ダクト工,所定労働時間内8時間あたり,人日,pref,36,徳島県,,,,24400,JPY,labor_wage_8h,published_pdl,36000,公共工事設計労務単価＋必要経費(法定福利費(事業主負担分)、労務管理費、宿舎費等)の参考値,2026-03,2026-03-01,mlit-roumu-r8,参1-参3,https://www.mlit.go.jp/report/press/content/001981942.pdf,PDL1.0,,
f298d33922f6b1df,JP,labor,労務単価,保温工,所定労働時間内8時間あたり,人日,pref,36,徳島県,,,,30000,JPY,labor_wage_8h,published_pdl,44300,公共工事設計労務単価＋必要経費(法定福利費(事業主負担分)、労務管理費、宿舎費等)の参考値,2026-03,2026-03-01,mlit-roumu-r8,参1-参3,https://www.mlit.go.jp/report/press/content/001981942.pdf,PDL1.0,,
0c05757abf512e15,JP,labor,労務単価,設備機械工,所定労働時間内8時間あたり,人日,pref,36,徳島県,,,,27000,JPY,labor_wage_8h,published_pdl,39900,公共工事設計労務単価＋必要経費(法定福利費(事業主負担分)、労務管理費、宿舎費等)の参考値,2026-03,2026-03-01,mlit-roumu-r8,参1-参3,https://www.mlit.go.jp/report/press/content/001981942.pdf,PDL1.0,,
4b587a74ed0675b6,JP,labor,労務単価,交通誘導警備員Ａ,所定労働時間内8時間あたり,人日,pref,36,徳島県,,,,17900,JPY,labor_wage_8h,published_pdl,26400,公共工事設計労務単価＋必要経費(法定福利費(事業主負担分)、労務管理費、宿舎費等)の参考値,2026-03,2026-03-01,mlit-roumu-r8,参1-参3,https://www.mlit.go.jp/report/press/content/001981942.pdf,PDL1.0,,
4dbd2fbf3c7b6d6a,JP,labor,労務単価,交通誘導警備員Ｂ,所定労働時間内8時間あたり,人日,pref,36,徳島県,,,,16000,JPY,labor_wage_8h,published_pdl,23600,公共工事設計労務単価＋必要経費(法定福利費(事業主負担分)、労務管理費、宿舎費等)の参考値,2026-03,2026-03-01,mlit-roumu-r8,参1-参3,https://www.mlit.go.jp/report/press/content/001981942.pdf,PDL1.0,,
5758a7df6308e783,JP,labor,労務単価,特殊作業員,所定労働時間内8時間あたり,人日,pref,37,香川県,,,,27500,JPY,labor_wage_8h,published_pdl,40600,公共工事設計労務単価＋必要経費(法定福利費(事業主負担分)、労務管理費、宿舎費等)の参考値,2026-03,2026-03-01,mlit-roumu-r8,参1-参3,https://www.mlit.go.jp/report/press/content/001981942.pdf,PDL1.0,,
2473a9593b598c6c,JP,labor,労務単価,普通作業員,所定労働時間内8時間あたり,人日,pref,37,香川県,,,,25000,JPY,labor_wage_8h,published_pdl,36900,公共工事設計労務単価＋必要経費(法定福利費(事業主負担分)、労務管理費、宿舎費等)の参考値,2026-03,2026-03-01,mlit-roumu-r8,参1-参3,https://www.mlit.go.jp/report/press/content/001981942.pdf,PDL1.0,,
3513af658d778767,JP,labor,労務単価,軽作業員,所定労働時間内8時間あたり,人日,pref,37,香川県,,,,17500,JPY,labor_wage_8h,published_pdl,25800,公共工事設計労務単価＋必要経費(法定福利費(事業主負担分)、労務管理費、宿舎費等)の参考値,2026-03,2026-03-01,mlit-roumu-r8,参1-参3,https://www.mlit.go.jp/report/press/content/001981942.pdf,PDL1.0,,
22bae5fdeaada43b,JP,labor,労務単価,造園工,所定労働時間内8時間あたり,人日,pref,37,香川県,,,,24200,JPY,labor_wage_8h,published_pdl,35700,公共工事設計労務単価＋必要経費(法定福利費(事業主負担分)、労務管理費、宿舎費等)の参考値,2026-03,2026-03-01,mlit-roumu-r8,参1-参3,https://www.mlit.go.jp/report/press/content/001981942.pdf,PDL1.0,,
e1a5a2ec79eec9fb,JP,labor,労務単価,法面工,所定労働時間内8時間あたり,人日,pref,37,香川県,,,,31800,JPY,labor_wage_8h,published_pdl,47000,公共工事設計労務単価＋必要経費(法定福利費(事業主負担分)、労務管理費、宿舎費等)の参考値,2026-03,2026-03-01,mlit-roumu-r8,参1-参3,https://www.mlit.go.jp/report/press/content/001981942.pdf,PDL1.0,,
1d98a460138c71b1,JP,labor,労務単価,とび工,所定労働時間内8時間あたり,人日,pref,37,香川県,,,,29200,JPY,labor_wage_8h,published_pdl,43100,公共工事設計労務単価＋必要経費(法定福利費(事業主負担分)、労務管理費、宿舎費等)の参考値,2026-03,2026-03-01,mlit-roumu-r8,参1-参3,https://www.mlit.go.jp/report/press/content/001981942.pdf,PDL1.0,,
6d5b3b028331a6af,JP,labor,労務単価,石工,所定労働時間内8時間あたり,人日,pref,37,香川県,,,,33400,JPY,labor_wage_8h,published_pdl,49300,公共工事設計労務単価＋必要経費(法定福利費(事業主負担分)、労務管理費、宿舎費等)の参考値,2026-03,2026-03-01,mlit-roumu-r8,参1-参3,https://www.mlit.go.jp/report/press/content/001981942.pdf,PDL1.0,,
535cece00066bd0e,JP,labor,労務単価,ブロック工,所定労働時間内8時間あたり,人日,pref,37,香川県,,,,,JPY,labor_wage_8h,not_set,,,2026-03,2026-03-01,mlit-roumu-r8,参1-参3,https://www.mlit.go.jp/report/press/content/001981942.pdf,PDL1.0,,原本の表で『-』(この都道府県ではこの職種の単価を設定していない)
a169a7a09903d0b8,JP,labor,労務単価,電工,所定労働時間内8時間あたり,人日,pref,37,香川県,,,,27400,JPY,labor_wage_8h,published_pdl,40500,公共工事設計労務単価＋必要経費(法定福利費(事業主負担分)、労務管理費、宿舎費等)の参考値,2026-03,2026-03-01,mlit-roumu-r8,参1-参3,https://www.mlit.go.jp/report/press/content/001981942.pdf,PDL1.0,,
5ec7aef3f17a7c4e,JP,labor,労務単価,鉄筋工,所定労働時間内8時間あたり,人日,pref,37,香川県,,,,27600,JPY,labor_wage_8h,published_pdl,40800,公共工事設計労務単価＋必要経費(法定福利費(事業主負担分)、労務管理費、宿舎費等)の参考値,2026-03,2026-03-01,mlit-roumu-r8,参1-参3,https://www.mlit.go.jp/report/press/content/001981942.pdf,PDL1.0,,
d16c13a89be934c6,JP,labor,労務単価,鉄骨工,所定労働時間内8時間あたり,人日,pref,37,香川県,,,,28300,JPY,labor_wage_8h,published_pdl,41800,公共工事設計労務単価＋必要経費(法定福利費(事業主負担分)、労務管理費、宿舎費等)の参考値,2026-03,2026-03-01,mlit-roumu-r8,参1-参3,https://www.mlit.go.jp/report/press/content/001981942.pdf,PDL1.0,,
0cd82af184572858,JP,labor,労務単価,塗装工,所定労働時間内8時間あたり,人日,pref,37,香川県,,,,27500,JPY,labor_wage_8h,published_pdl,40600,公共工事設計労務単価＋必要経費(法定福利費(事業主負担分)、労務管理費、宿舎費等)の参考値,2026-03,2026-03-01,mlit-roumu-r8,参1-参3,https://www.mlit.go.jp/report/press/content/001981942.pdf,PDL1.0,,
4afb19ea3d0c8a5b,JP,labor,労務単価,溶接工,所定労働時間内8時間あたり,人日,pref,37,香川県,,,,30700,JPY,labor_wage_8h,published_pdl,45300,公共工事設計労務単価＋必要経費(法定福利費(事業主負担分)、労務管理費、宿舎費等)の参考値,2026-03,2026-03-01,mlit-roumu-r8,参1-参3,https://www.mlit.go.jp/report/press/content/001981942.pdf,PDL1.0,,
76580efb14a804ff,JP,labor,労務単価,運転手（特殊）,所定労働時間内8時間あたり,人日,pref,37,香川県,,,,26300,JPY,labor_wage_8h,published_pdl,38800,公共工事設計労務単価＋必要経費(法定福利費(事業主負担分)、労務管理費、宿舎費等)の参考値,2026-03,2026-03-01,mlit-roumu-r8,参1-参3,https://www.mlit.go.jp/report/press/content/001981942.pdf,PDL1.0,,
a3be25756ba20929,JP,labor,労務単価,運転手（一般）,所定労働時間内8時間あたり,人日,pref,37,香川県,,,,24800,JPY,labor_wage_8h,published_pdl,36600,公共工事設計労務単価＋必要経費(法定福利費(事業主負担分)、労務管理費、宿舎費等)の参考値,2026-03,2026-03-01,mlit-roumu-r8,参1-参3,https://www.mlit.go.jp/report/press/content/001981942.pdf,PDL1.0,,
5ace085c11a9ab1d,JP,labor,労務単価,潜かん工,所定労働時間内8時間あたり,人日,pref,37,香川県,,,,38100,JPY,labor_wage_8h,published_pdl,56300,公共工事設計労務単価＋必要経費(法定福利費(事業主負担分)、労務管理費、宿舎費等)の参考値,2026-03,2026-03-01,mlit-roumu-r8,参1-参3,https://www.mlit.go.jp/report/press/content/001981942.pdf,PDL1.0,,
443ffa886b1ad0d9,JP,labor,労務単価,潜かん世話役,所定労働時間内8時間あたり,人日,pref,37,香川県,,,,46600,JPY,labor_wage_8h,published_pdl,68800,公共工事設計労務単価＋必要経費(法定福利費(事業主負担分)、労務管理費、宿舎費等)の参考値,2026-03,2026-03-01,mlit-roumu-r8,参1-参3,https://www.mlit.go.jp/report/press/content/001981942.pdf,PDL1.0,,
56e85279e5d5ae08,JP,labor,労務単価,さく岩工,所定労働時間内8時間あたり,人日,pref,37,香川県,,,,31500,JPY,labor_wage_8h,published_pdl,46500,公共工事設計労務単価＋必要経費(法定福利費(事業主負担分)、労務管理費、宿舎費等)の参考値,2026-03,2026-03-01,mlit-roumu-r8,参1-参3,https://www.mlit.go.jp/report/press/content/001981942.pdf,PDL1.0,,
00e2ac58ea77dfb3,JP,labor,労務単価,トンネル特殊工,所定労働時間内8時間あたり,人日,pref,37,香川県,,,,46500,JPY,labor_wage_8h,published_pdl,68700,公共工事設計労務単価＋必要経費(法定福利費(事業主負担分)、労務管理費、宿舎費等)の参考値,2026-03,2026-03-01,mlit-roumu-r8,参1-参3,https://www.mlit.go.jp/report/press/content/001981942.pdf,PDL1.0,,
aaacb68d1e22a6b1,JP,labor,労務単価,トンネル作業員,所定労働時間内8時間あたり,人日,pref,37,香川県,,,,33000,JPY,labor_wage_8h,published_pdl,48700,公共工事設計労務単価＋必要経費(法定福利費(事業主負担分)、労務管理費、宿舎費等)の参考値,2026-03,2026-03-01,mlit-roumu-r8,参1-参3,https://www.mlit.go.jp/report/press/content/001981942.pdf,PDL1.0,,
9e462715fee6faa1,JP,labor,労務単価,トンネル世話役,所定労働時間内8時間あたり,人日,pref,37,香川県,,,,47200,JPY,labor_wage_8h,published_pdl,69700,公共工事設計労務単価＋必要経費(法定福利費(事業主負担分)、労務管理費、宿舎費等)の参考値,2026-03,2026-03-01,mlit-roumu-r8,参1-参3,https://www.mlit.go.jp/report/press/content/001981942.pdf,PDL1.0,,
d028e7bd136ce791,JP,labor,労務単価,橋りょう特殊工,所定労働時間内8時間あたり,人日,pref,37,香川県,,,,34600,JPY,labor_wage_8h,published_pdl,51100,公共工事設計労務単価＋必要経費(法定福利費(事業主負担分)、労務管理費、宿舎費等)の参考値,2026-03,2026-03-01,mlit-roumu-r8,参1-参3,https://www.mlit.go.jp/report/press/content/001981942.pdf,PDL1.0,,
4156a1f2aee1edbd,JP,labor,労務単価,橋りょう塗装工,所定労働時間内8時間あたり,人日,pref,37,香川県,,,,36500,JPY,labor_wage_8h,published_pdl,53900,公共工事設計労務単価＋必要経費(法定福利費(事業主負担分)、労務管理費、宿舎費等)の参考値,2026-03,2026-03-01,mlit-roumu-r8,参1-参3,https://www.mlit.go.jp/report/press/content/001981942.pdf,PDL1.0,,
67a7879b83c824e8,JP,labor,労務単価,橋りょう世話役,所定労働時間内8時間あたり,人日,pref,37,香川県,,,,40700,JPY,labor_wage_8h,published_pdl,60100,公共工事設計労務単価＋必要経費(法定福利費(事業主負担分)、労務管理費、宿舎費等)の参考値,2026-03,2026-03-01,mlit-roumu-r8,参1-参3,https://www.mlit.go.jp/report/press/content/001981942.pdf,PDL1.0,,
96804d583f5f13db,JP,labor,労務単価,土木一般世話役,所定労働時間内8時間あたり,人日,pref,37,香川県,,,,28800,JPY,labor_wage_8h,published_pdl,42500,公共工事設計労務単価＋必要経費(法定福利費(事業主負担分)、労務管理費、宿舎費等)の参考値,2026-03,2026-03-01,mlit-roumu-r8,参1-参3,https://www.mlit.go.jp/report/press/content/001981942.pdf,PDL1.0,,
48007b9e917d9940,JP,labor,労務単価,高級船員,所定労働時間内8時間あたり,人日,pref,37,香川県,,,,43700,JPY,labor_wage_8h,published_pdl,64500,公共工事設計労務単価＋必要経費(法定福利費(事業主負担分)、労務管理費、宿舎費等)の参考値,2026-03,2026-03-01,mlit-roumu-r8,参1-参3,https://www.mlit.go.jp/report/press/content/001981942.pdf,PDL1.0,,
805fbef0995f4075,JP,labor,労務単価,普通船員,所定労働時間内8時間あたり,人日,pref,37,香川県,,,,34700,JPY,labor_wage_8h,published_pdl,51300,公共工事設計労務単価＋必要経費(法定福利費(事業主負担分)、労務管理費、宿舎費等)の参考値,2026-03,2026-03-01,mlit-roumu-r8,参1-参3,https://www.mlit.go.jp/report/press/content/001981942.pdf,PDL1.0,,
df307a82a2f13997,JP,labor,労務単価,潜水士,所定労働時間内8時間あたり,人日,pref,37,香川県,,,,53000,JPY,labor_wage_8h,published_pdl,78300,公共工事設計労務単価＋必要経費(法定福利費(事業主負担分)、労務管理費、宿舎費等)の参考値,2026-03,2026-03-01,mlit-roumu-r8,参1-参3,https://www.mlit.go.jp/report/press/content/001981942.pdf,PDL1.0,,
adb361e53434d5cd,JP,labor,労務単価,潜水連絡員,所定労働時間内8時間あたり,人日,pref,37,香川県,,,,,JPY,labor_wage_8h,not_set,,,2026-03,2026-03-01,mlit-roumu-r8,参1-参3,https://www.mlit.go.jp/report/press/content/001981942.pdf,PDL1.0,,原本の表で『-』(この都道府県ではこの職種の単価を設定していない)
269ba92042e9d62c,JP,labor,労務単価,潜水送気員,所定労働時間内8時間あたり,人日,pref,37,香川県,,,,28000,JPY,labor_wage_8h,published_pdl,41400,公共工事設計労務単価＋必要経費(法定福利費(事業主負担分)、労務管理費、宿舎費等)の参考値,2026-03,2026-03-01,mlit-roumu-r8,参1-参3,https://www.mlit.go.jp/report/press/content/001981942.pdf,PDL1.0,,
a6fb267faa482b72,JP,labor,労務単価,山林砂防工,所定労働時間内8時間あたり,人日,pref,37,香川県,,,,27900,JPY,labor_wage_8h,published_pdl,41200,公共工事設計労務単価＋必要経費(法定福利費(事業主負担分)、労務管理費、宿舎費等)の参考値,2026-03,2026-03-01,mlit-roumu-r8,参1-参3,https://www.mlit.go.jp/report/press/content/001981942.pdf,PDL1.0,,
56dfdd06dea58aab,JP,labor,労務単価,軌道工,所定労働時間内8時間あたり,人日,pref,37,香川県,,,,35400,JPY,labor_wage_8h,published_pdl,52300,公共工事設計労務単価＋必要経費(法定福利費(事業主負担分)、労務管理費、宿舎費等)の参考値,2026-03,2026-03-01,mlit-roumu-r8,参1-参3,https://www.mlit.go.jp/report/press/content/001981942.pdf,PDL1.0,,
ef48a405afc482f9,JP,labor,労務単価,型わく工,所定労働時間内8時間あたり,人日,pref,37,香川県,,,,29600,JPY,labor_wage_8h,published_pdl,43700,公共工事設計労務単価＋必要経費(法定福利費(事業主負担分)、労務管理費、宿舎費等)の参考値,2026-03,2026-03-01,mlit-roumu-r8,参1-参3,https://www.mlit.go.jp/report/press/content/001981942.pdf,PDL1.0,,
34436e04778ae5a1,JP,labor,労務単価,大工,所定労働時間内8時間あたり,人日,pref,37,香川県,,,,,JPY,labor_wage_8h,not_set,,,2026-03,2026-03-01,mlit-roumu-r8,参1-参3,https://www.mlit.go.jp/report/press/content/001981942.pdf,PDL1.0,,原本の表で『-』(この都道府県ではこの職種の単価を設定していない)
ce3d40478c20cbc2,JP,labor,労務単価,左官,所定労働時間内8時間あたり,人日,pref,37,香川県,,,,27900,JPY,labor_wage_8h,published_pdl,41200,公共工事設計労務単価＋必要経費(法定福利費(事業主負担分)、労務管理費、宿舎費等)の参考値,2026-03,2026-03-01,mlit-roumu-r8,参1-参3,https://www.mlit.go.jp/report/press/content/001981942.pdf,PDL1.0,,
cfbdc08f088b04fc,JP,labor,労務単価,配管工,所定労働時間内8時間あたり,人日,pref,37,香川県,,,,27000,JPY,labor_wage_8h,published_pdl,39900,公共工事設計労務単価＋必要経費(法定福利費(事業主負担分)、労務管理費、宿舎費等)の参考値,2026-03,2026-03-01,mlit-roumu-r8,参1-参3,https://www.mlit.go.jp/report/press/content/001981942.pdf,PDL1.0,,
9abcd61d8fc85c4f,JP,labor,労務単価,はつり工,所定労働時間内8時間あたり,人日,pref,37,香川県,,,,31200,JPY,labor_wage_8h,published_pdl,46100,公共工事設計労務単価＋必要経費(法定福利費(事業主負担分)、労務管理費、宿舎費等)の参考値,2026-03,2026-03-01,mlit-roumu-r8,参1-参3,https://www.mlit.go.jp/report/press/content/001981942.pdf,PDL1.0,,
3c0bda39a9e1eb18,JP,labor,労務単価,防水工,所定労働時間内8時間あたり,人日,pref,37,香川県,,,,28600,JPY,labor_wage_8h,published_pdl,42200,公共工事設計労務単価＋必要経費(法定福利費(事業主負担分)、労務管理費、宿舎費等)の参考値,2026-03,2026-03-01,mlit-roumu-r8,参1-参3,https://www.mlit.go.jp/report/press/content/001981942.pdf,PDL1.0,,
e52a59582ec54424,JP,labor,労務単価,板金工,所定労働時間内8時間あたり,人日,pref,37,香川県,,,,,JPY,labor_wage_8h,not_set,,,2026-03,2026-03-01,mlit-roumu-r8,参1-参3,https://www.mlit.go.jp/report/press/content/001981942.pdf,PDL1.0,,原本の表で『-』(この都道府県ではこの職種の単価を設定していない)
2202c7ecf6f32b4e,JP,labor,労務単価,タイル工,所定労働時間内8時間あたり,人日,pref,37,香川県,,,,,JPY,labor_wage_8h,not_set,,,2026-03,2026-03-01,mlit-roumu-r8,参1-参3,https://www.mlit.go.jp/report/press/content/001981942.pdf,PDL1.0,,原本の表で『-』(この都道府県ではこの職種の単価を設定していない)
8256f6fe5f2c9fd9,JP,labor,労務単価,サッシ工,所定労働時間内8時間あたり,人日,pref,37,香川県,,,,,JPY,labor_wage_8h,not_set,,,2026-03,2026-03-01,mlit-roumu-r8,参1-参3,https://www.mlit.go.jp/report/press/content/001981942.pdf,PDL1.0,,原本の表で『-』(この都道府県ではこの職種の単価を設定していない)
25725316bf05a329,JP,labor,労務単価,屋根ふき工,所定労働時間内8時間あたり,人日,pref,37,香川県,,,,,JPY,labor_wage_8h,not_set,,,2026-03,2026-03-01,mlit-roumu-r8,参1-参3,https://www.mlit.go.jp/report/press/content/001981942.pdf,PDL1.0,,原本の表で『-』(この都道府県ではこの職種の単価を設定していない)
523062e62adaa07e,JP,labor,労務単価,内装工,所定労働時間内8時間あたり,人日,pref,37,香川県,,,,34500,JPY,labor_wage_8h,published_pdl,51000,公共工事設計労務単価＋必要経費(法定福利費(事業主負担分)、労務管理費、宿舎費等)の参考値,2026-03,2026-03-01,mlit-roumu-r8,参1-参3,https://www.mlit.go.jp/report/press/content/001981942.pdf,PDL1.0,,
24841113d09663f9,JP,labor,労務単価,ガラス工,所定労働時間内8時間あたり,人日,pref,37,香川県,,,,27000,JPY,labor_wage_8h,published_pdl,39900,公共工事設計労務単価＋必要経費(法定福利費(事業主負担分)、労務管理費、宿舎費等)の参考値,2026-03,2026-03-01,mlit-roumu-r8,参1-参3,https://www.mlit.go.jp/report/press/content/001981942.pdf,PDL1.0,,
1ea51d8f7b69cd6f,JP,labor,労務単価,建具工,所定労働時間内8時間あたり,人日,pref,37,香川県,,,,,JPY,labor_wage_8h,not_set,,,2026-03,2026-03-01,mlit-roumu-r8,参1-参3,https://www.mlit.go.jp/report/press/content/001981942.pdf,PDL1.0,,原本の表で『-』(この都道府県ではこの職種の単価を設定していない)
347ba623a7666e48,JP,labor,労務単価,ダクト工,所定労働時間内8時間あたり,人日,pref,37,香川県,,,,24600,JPY,labor_wage_8h,published_pdl,36300,公共工事設計労務単価＋必要経費(法定福利費(事業主負担分)、労務管理費、宿舎費等)の参考値,2026-03,2026-03-01,mlit-roumu-r8,参1-参3,https://www.mlit.go.jp/report/press/content/001981942.pdf,PDL1.0,,
58237d25cf3ec522,JP,labor,労務単価,保温工,所定労働時間内8時間あたり,人日,pref,37,香川県,,,,30200,JPY,labor_wage_8h,published_pdl,44600,公共工事設計労務単価＋必要経費(法定福利費(事業主負担分)、労務管理費、宿舎費等)の参考値,2026-03,2026-03-01,mlit-roumu-r8,参1-参3,https://www.mlit.go.jp/report/press/content/001981942.pdf,PDL1.0,,
cd23da6f853054e5,JP,labor,労務単価,設備機械工,所定労働時間内8時間あたり,人日,pref,37,香川県,,,,27200,JPY,labor_wage_8h,published_pdl,40200,公共工事設計労務単価＋必要経費(法定福利費(事業主負担分)、労務管理費、宿舎費等)の参考値,2026-03,2026-03-01,mlit-roumu-r8,参1-参3,https://www.mlit.go.jp/report/press/content/001981942.pdf,PDL1.0,,
e9490ec9c3f43f3f,JP,labor,労務単価,交通誘導警備員Ａ,所定労働時間内8時間あたり,人日,pref,37,香川県,,,,18200,JPY,labor_wage_8h,published_pdl,26900,公共工事設計労務単価＋必要経費(法定福利費(事業主負担分)、労務管理費、宿舎費等)の参考値,2026-03,2026-03-01,mlit-roumu-r8,参1-参3,https://www.mlit.go.jp/report/press/content/001981942.pdf,PDL1.0,,
3c4fa34c8e511a73,JP,labor,労務単価,交通誘導警備員Ｂ,所定労働時間内8時間あたり,人日,pref,37,香川県,,,,16300,JPY,labor_wage_8h,published_pdl,24100,公共工事設計労務単価＋必要経費(法定福利費(事業主負担分)、労務管理費、宿舎費等)の参考値,2026-03,2026-03-01,mlit-roumu-r8,参1-参3,https://www.mlit.go.jp/report/press/content/001981942.pdf,PDL1.0,,
eb9e8d0f1f13ac58,JP,labor,労務単価,特殊作業員,所定労働時間内8時間あたり,人日,pref,38,愛媛県,,,,25500,JPY,labor_wage_8h,published_pdl,37700,公共工事設計労務単価＋必要経費(法定福利費(事業主負担分)、労務管理費、宿舎費等)の参考値,2026-03,2026-03-01,mlit-roumu-r8,参1-参3,https://www.mlit.go.jp/report/press/content/001981942.pdf,PDL1.0,,
e2346fa1282a79a4,JP,labor,労務単価,普通作業員,所定労働時間内8時間あたり,人日,pref,38,愛媛県,,,,21500,JPY,labor_wage_8h,published_pdl,31800,公共工事設計労務単価＋必要経費(法定福利費(事業主負担分)、労務管理費、宿舎費等)の参考値,2026-03,2026-03-01,mlit-roumu-r8,参1-参3,https://www.mlit.go.jp/report/press/content/001981942.pdf,PDL1.0,,
9db0e95e039928cc,JP,labor,労務単価,軽作業員,所定労働時間内8時間あたり,人日,pref,38,愛媛県,,,,16800,JPY,labor_wage_8h,published_pdl,24800,公共工事設計労務単価＋必要経費(法定福利費(事業主負担分)、労務管理費、宿舎費等)の参考値,2026-03,2026-03-01,mlit-roumu-r8,参1-参3,https://www.mlit.go.jp/report/press/content/001981942.pdf,PDL1.0,,
63b8bdf599fe6fa5,JP,labor,労務単価,造園工,所定労働時間内8時間あたり,人日,pref,38,愛媛県,,,,23600,JPY,labor_wage_8h,published_pdl,34900,公共工事設計労務単価＋必要経費(法定福利費(事業主負担分)、労務管理費、宿舎費等)の参考値,2026-03,2026-03-01,mlit-roumu-r8,参1-参3,https://www.mlit.go.jp/report/press/content/001981942.pdf,PDL1.0,,
9ce713c359345e9e,JP,labor,労務単価,法面工,所定労働時間内8時間あたり,人日,pref,38,愛媛県,,,,30800,JPY,labor_wage_8h,published_pdl,45500,公共工事設計労務単価＋必要経費(法定福利費(事業主負担分)、労務管理費、宿舎費等)の参考値,2026-03,2026-03-01,mlit-roumu-r8,参1-参3,https://www.mlit.go.jp/report/press/content/001981942.pdf,PDL1.0,,
916c1765530e7353,JP,labor,労務単価,とび工,所定労働時間内8時間あたり,人日,pref,38,愛媛県,,,,28500,JPY,labor_wage_8h,published_pdl,42100,公共工事設計労務単価＋必要経費(法定福利費(事業主負担分)、労務管理費、宿舎費等)の参考値,2026-03,2026-03-01,mlit-roumu-r8,参1-参3,https://www.mlit.go.jp/report/press/content/001981942.pdf,PDL1.0,,
1f241a9f9b0fc93f,JP,labor,労務単価,石工,所定労働時間内8時間あたり,人日,pref,38,愛媛県,,,,32900,JPY,labor_wage_8h,published_pdl,48600,公共工事設計労務単価＋必要経費(法定福利費(事業主負担分)、労務管理費、宿舎費等)の参考値,2026-03,2026-03-01,mlit-roumu-r8,参1-参3,https://www.mlit.go.jp/report/press/content/001981942.pdf,PDL1.0,,
2e41db246a3e513c,JP,labor,労務単価,ブロック工,所定労働時間内8時間あたり,人日,pref,38,愛媛県,,,,,JPY,labor_wage_8h,not_set,,,2026-03,2026-03-01,mlit-roumu-r8,参1-参3,https://www.mlit.go.jp/report/press/content/001981942.pdf,PDL1.0,,原本の表で『-』(この都道府県ではこの職種の単価を設定していない)
fb3a019c2e15a7d8,JP,labor,労務単価,電工,所定労働時間内8時間あたり,人日,pref,38,愛媛県,,,,25700,JPY,labor_wage_8h,published_pdl,38000,公共工事設計労務単価＋必要経費(法定福利費(事業主負担分)、労務管理費、宿舎費等)の参考値,2026-03,2026-03-01,mlit-roumu-r8,参1-参3,https://www.mlit.go.jp/report/press/content/001981942.pdf,PDL1.0,,
3f4b423c9d0925b9,JP,labor,労務単価,鉄筋工,所定労働時間内8時間あたり,人日,pref,38,愛媛県,,,,25700,JPY,labor_wage_8h,published_pdl,38000,公共工事設計労務単価＋必要経費(法定福利費(事業主負担分)、労務管理費、宿舎費等)の参考値,2026-03,2026-03-01,mlit-roumu-r8,参1-参3,https://www.mlit.go.jp/report/press/content/001981942.pdf,PDL1.0,,
c6cf6c35d99288ab,JP,labor,労務単価,鉄骨工,所定労働時間内8時間あたり,人日,pref,38,愛媛県,,,,27800,JPY,labor_wage_8h,published_pdl,41100,公共工事設計労務単価＋必要経費(法定福利費(事業主負担分)、労務管理費、宿舎費等)の参考値,2026-03,2026-03-01,mlit-roumu-r8,参1-参3,https://www.mlit.go.jp/report/press/content/001981942.pdf,PDL1.0,,
866e616e2ab3260e,JP,labor,労務単価,塗装工,所定労働時間内8時間あたり,人日,pref,38,愛媛県,,,,27000,JPY,labor_wage_8h,published_pdl,39900,公共工事設計労務単価＋必要経費(法定福利費(事業主負担分)、労務管理費、宿舎費等)の参考値,2026-03,2026-03-01,mlit-roumu-r8,参1-参3,https://www.mlit.go.jp/report/press/content/001981942.pdf,PDL1.0,,
8158eb6612673fe1,JP,labor,労務単価,溶接工,所定労働時間内8時間あたり,人日,pref,38,愛媛県,,,,30300,JPY,labor_wage_8h,published_pdl,44800,公共工事設計労務単価＋必要経費(法定福利費(事業主負担分)、労務管理費、宿舎費等)の参考値,2026-03,2026-03-01,mlit-roumu-r8,参1-参3,https://www.mlit.go.jp/report/press/content/001981942.pdf,PDL1.0,,
342cfa13c41fcc38,JP,labor,労務単価,運転手（特殊）,所定労働時間内8時間あたり,人日,pref,38,愛媛県,,,,26400,JPY,labor_wage_8h,published_pdl,39000,公共工事設計労務単価＋必要経費(法定福利費(事業主負担分)、労務管理費、宿舎費等)の参考値,2026-03,2026-03-01,mlit-roumu-r8,参1-参3,https://www.mlit.go.jp/report/press/content/001981942.pdf,PDL1.0,,
0cd825d6cd842965,JP,labor,労務単価,運転手（一般）,所定労働時間内8時間あたり,人日,pref,38,愛媛県,,,,24000,JPY,labor_wage_8h,published_pdl,35400,公共工事設計労務単価＋必要経費(法定福利費(事業主負担分)、労務管理費、宿舎費等)の参考値,2026-03,2026-03-01,mlit-roumu-r8,参1-参3,https://www.mlit.go.jp/report/press/content/001981942.pdf,PDL1.0,,
815e26624ce00df7,JP,labor,労務単価,潜かん工,所定労働時間内8時間あたり,人日,pref,38,愛媛県,,,,38100,JPY,labor_wage_8h,published_pdl,56300,公共工事設計労務単価＋必要経費(法定福利費(事業主負担分)、労務管理費、宿舎費等)の参考値,2026-03,2026-03-01,mlit-roumu-r8,参1-参3,https://www.mlit.go.jp/report/press/content/001981942.pdf,PDL1.0,,
c2bce86d487b4407,JP,labor,労務単価,潜かん世話役,所定労働時間内8時間あたり,人日,pref,38,愛媛県,,,,46600,JPY,labor_wage_8h,published_pdl,68800,公共工事設計労務単価＋必要経費(法定福利費(事業主負担分)、労務管理費、宿舎費等)の参考値,2026-03,2026-03-01,mlit-roumu-r8,参1-参3,https://www.mlit.go.jp/report/press/content/001981942.pdf,PDL1.0,,
4091d43681b5e40b,JP,labor,労務単価,さく岩工,所定労働時間内8時間あたり,人日,pref,38,愛媛県,,,,31400,JPY,labor_wage_8h,published_pdl,46400,公共工事設計労務単価＋必要経費(法定福利費(事業主負担分)、労務管理費、宿舎費等)の参考値,2026-03,2026-03-01,mlit-roumu-r8,参1-参3,https://www.mlit.go.jp/report/press/content/001981942.pdf,PDL1.0,,
1c961cc59aa309ba,JP,labor,労務単価,トンネル特殊工,所定労働時間内8時間あたり,人日,pref,38,愛媛県,,,,45700,JPY,labor_wage_8h,published_pdl,67500,公共工事設計労務単価＋必要経費(法定福利費(事業主負担分)、労務管理費、宿舎費等)の参考値,2026-03,2026-03-01,mlit-roumu-r8,参1-参3,https://www.mlit.go.jp/report/press/content/001981942.pdf,PDL1.0,,
cd14fffc682fe6ac,JP,labor,労務単価,トンネル作業員,所定労働時間内8時間あたり,人日,pref,38,愛媛県,,,,32400,JPY,labor_wage_8h,published_pdl,47900,公共工事設計労務単価＋必要経費(法定福利費(事業主負担分)、労務管理費、宿舎費等)の参考値,2026-03,2026-03-01,mlit-roumu-r8,参1-参3,https://www.mlit.go.jp/report/press/content/001981942.pdf,PDL1.0,,
f12248ba65ec4f81,JP,labor,労務単価,トンネル世話役,所定労働時間内8時間あたり,人日,pref,38,愛媛県,,,,46500,JPY,labor_wage_8h,published_pdl,68700,公共工事設計労務単価＋必要経費(法定福利費(事業主負担分)、労務管理費、宿舎費等)の参考値,2026-03,2026-03-01,mlit-roumu-r8,参1-参3,https://www.mlit.go.jp/report/press/content/001981942.pdf,PDL1.0,,
31d2e7b9aba8e53e,JP,labor,労務単価,橋りょう特殊工,所定労働時間内8時間あたり,人日,pref,38,愛媛県,,,,33800,JPY,labor_wage_8h,published_pdl,49900,公共工事設計労務単価＋必要経費(法定福利費(事業主負担分)、労務管理費、宿舎費等)の参考値,2026-03,2026-03-01,mlit-roumu-r8,参1-参3,https://www.mlit.go.jp/report/press/content/001981942.pdf,PDL1.0,,
13728d589ab7233a,JP,labor,労務単価,橋りょう塗装工,所定労働時間内8時間あたり,人日,pref,38,愛媛県,,,,36000,JPY,labor_wage_8h,published_pdl,53200,公共工事設計労務単価＋必要経費(法定福利費(事業主負担分)、労務管理費、宿舎費等)の参考値,2026-03,2026-03-01,mlit-roumu-r8,参1-参3,https://www.mlit.go.jp/report/press/content/001981942.pdf,PDL1.0,,
da2a5d37e71d7993,JP,labor,労務単価,橋りょう世話役,所定労働時間内8時間あたり,人日,pref,38,愛媛県,,,,38800,JPY,labor_wage_8h,published_pdl,57300,公共工事設計労務単価＋必要経費(法定福利費(事業主負担分)、労務管理費、宿舎費等)の参考値,2026-03,2026-03-01,mlit-roumu-r8,参1-参3,https://www.mlit.go.jp/report/press/content/001981942.pdf,PDL1.0,,
fb99494c54d8c1cf,JP,labor,労務単価,土木一般世話役,所定労働時間内8時間あたり,人日,pref,38,愛媛県,,,,29700,JPY,labor_wage_8h,published_pdl,43900,公共工事設計労務単価＋必要経費(法定福利費(事業主負担分)、労務管理費、宿舎費等)の参考値,2026-03,2026-03-01,mlit-roumu-r8,参1-参3,https://www.mlit.go.jp/report/press/content/001981942.pdf,PDL1.0,,
d39d7207a42142f1,JP,labor,労務単価,高級船員,所定労働時間内8時間あたり,人日,pref,38,愛媛県,,,,42700,JPY,labor_wage_8h,published_pdl,63100,公共工事設計労務単価＋必要経費(法定福利費(事業主負担分)、労務管理費、宿舎費等)の参考値,2026-03,2026-03-01,mlit-roumu-r8,参1-参3,https://www.mlit.go.jp/report/press/content/001981942.pdf,PDL1.0,,
ca9f7c8ce1db512e,JP,labor,労務単価,普通船員,所定労働時間内8時間あたり,人日,pref,38,愛媛県,,,,32800,JPY,labor_wage_8h,published_pdl,48400,公共工事設計労務単価＋必要経費(法定福利費(事業主負担分)、労務管理費、宿舎費等)の参考値,2026-03,2026-03-01,mlit-roumu-r8,参1-参3,https://www.mlit.go.jp/report/press/content/001981942.pdf,PDL1.0,,
849aa2380f0d7f46,JP,labor,労務単価,潜水士,所定労働時間内8時間あたり,人日,pref,38,愛媛県,,,,52000,JPY,labor_wage_8h,published_pdl,76800,公共工事設計労務単価＋必要経費(法定福利費(事業主負担分)、労務管理費、宿舎費等)の参考値,2026-03,2026-03-01,mlit-roumu-r8,参1-参3,https://www.mlit.go.jp/report/press/content/001981942.pdf,PDL1.0,,
3842b700f601eb63,JP,labor,労務単価,潜水連絡員,所定労働時間内8時間あたり,人日,pref,38,愛媛県,,,,,JPY,labor_wage_8h,not_set,,,2026-03,2026-03-01,mlit-roumu-r8,参1-参3,https://www.mlit.go.jp/report/press/content/001981942.pdf,PDL1.0,,原本の表で『-』(この都道府県ではこの職種の単価を設定していない)
f34fe9113101708b,JP,labor,労務単価,潜水送気員,所定労働時間内8時間あたり,人日,pref,38,愛媛県,,,,27200,JPY,labor_wage_8h,published_pdl,40200,公共工事設計労務単価＋必要経費(法定福利費(事業主負担分)、労務管理費、宿舎費等)の参考値,2026-03,2026-03-01,mlit-roumu-r8,参1-参3,https://www.mlit.go.jp/report/press/content/001981942.pdf,PDL1.0,,
559078452cff57f3,JP,labor,労務単価,山林砂防工,所定労働時間内8時間あたり,人日,pref,38,愛媛県,,,,27500,JPY,labor_wage_8h,published_pdl,40600,公共工事設計労務単価＋必要経費(法定福利費(事業主負担分)、労務管理費、宿舎費等)の参考値,2026-03,2026-03-01,mlit-roumu-r8,参1-参3,https://www.mlit.go.jp/report/press/content/001981942.pdf,PDL1.0,,
01baae724d8d0d01,JP,labor,労務単価,軌道工,所定労働時間内8時間あたり,人日,pref,38,愛媛県,,,,34900,JPY,labor_wage_8h,published_pdl,51500,公共工事設計労務単価＋必要経費(法定福利費(事業主負担分)、労務管理費、宿舎費等)の参考値,2026-03,2026-03-01,mlit-roumu-r8,参1-参3,https://www.mlit.go.jp/report/press/content/001981942.pdf,PDL1.0,,
b6d48cd88d6a9ba2,JP,labor,労務単価,型わく工,所定労働時間内8時間あたり,人日,pref,38,愛媛県,,,,29100,JPY,labor_wage_8h,published_pdl,43000,公共工事設計労務単価＋必要経費(法定福利費(事業主負担分)、労務管理費、宿舎費等)の参考値,2026-03,2026-03-01,mlit-roumu-r8,参1-参3,https://www.mlit.go.jp/report/press/content/001981942.pdf,PDL1.0,,
dbbcf6a23eb761d4,JP,labor,労務単価,大工,所定労働時間内8時間あたり,人日,pref,38,愛媛県,,,,,JPY,labor_wage_8h,not_set,,,2026-03,2026-03-01,mlit-roumu-r8,参1-参3,https://www.mlit.go.jp/report/press/content/001981942.pdf,PDL1.0,,原本の表で『-』(この都道府県ではこの職種の単価を設定していない)
c6038b754db36325,JP,labor,労務単価,左官,所定労働時間内8時間あたり,人日,pref,38,愛媛県,,,,27300,JPY,labor_wage_8h,published_pdl,40300,公共工事設計労務単価＋必要経費(法定福利費(事業主負担分)、労務管理費、宿舎費等)の参考値,2026-03,2026-03-01,mlit-roumu-r8,参1-参3,https://www.mlit.go.jp/report/press/content/001981942.pdf,PDL1.0,,
3a63d91ac230d938,JP,labor,労務単価,配管工,所定労働時間内8時間あたり,人日,pref,38,愛媛県,,,,25300,JPY,labor_wage_8h,published_pdl,37400,公共工事設計労務単価＋必要経費(法定福利費(事業主負担分)、労務管理費、宿舎費等)の参考値,2026-03,2026-03-01,mlit-roumu-r8,参1-参3,https://www.mlit.go.jp/report/press/content/001981942.pdf,PDL1.0,,
8aa80411e9a0704e,JP,labor,労務単価,はつり工,所定労働時間内8時間あたり,人日,pref,38,愛媛県,,,,30800,JPY,labor_wage_8h,published_pdl,45500,公共工事設計労務単価＋必要経費(法定福利費(事業主負担分)、労務管理費、宿舎費等)の参考値,2026-03,2026-03-01,mlit-roumu-r8,参1-参3,https://www.mlit.go.jp/report/press/content/001981942.pdf,PDL1.0,,
43665c78ad3c701a,JP,labor,労務単価,防水工,所定労働時間内8時間あたり,人日,pref,38,愛媛県,,,,27800,JPY,labor_wage_8h,published_pdl,41100,公共工事設計労務単価＋必要経費(法定福利費(事業主負担分)、労務管理費、宿舎費等)の参考値,2026-03,2026-03-01,mlit-roumu-r8,参1-参3,https://www.mlit.go.jp/report/press/content/001981942.pdf,PDL1.0,,
ff2ef54179a39fd5,JP,labor,労務単価,板金工,所定労働時間内8時間あたり,人日,pref,38,愛媛県,,,,,JPY,labor_wage_8h,not_set,,,2026-03,2026-03-01,mlit-roumu-r8,参1-参3,https://www.mlit.go.jp/report/press/content/001981942.pdf,PDL1.0,,原本の表で『-』(この都道府県ではこの職種の単価を設定していない)
4d7cb0b862795c28,JP,labor,労務単価,タイル工,所定労働時間内8時間あたり,人日,pref,38,愛媛県,,,,,JPY,labor_wage_8h,not_set,,,2026-03,2026-03-01,mlit-roumu-r8,参1-参3,https://www.mlit.go.jp/report/press/content/001981942.pdf,PDL1.0,,原本の表で『-』(この都道府県ではこの職種の単価を設定していない)
7a361def9b8b20c5,JP,labor,労務単価,サッシ工,所定労働時間内8時間あたり,人日,pref,38,愛媛県,,,,,JPY,labor_wage_8h,not_set,,,2026-03,2026-03-01,mlit-roumu-r8,参1-参3,https://www.mlit.go.jp/report/press/content/001981942.pdf,PDL1.0,,原本の表で『-』(この都道府県ではこの職種の単価を設定していない)
078a146fd5a91281,JP,labor,労務単価,屋根ふき工,所定労働時間内8時間あたり,人日,pref,38,愛媛県,,,,,JPY,labor_wage_8h,not_set,,,2026-03,2026-03-01,mlit-roumu-r8,参1-参3,https://www.mlit.go.jp/report/press/content/001981942.pdf,PDL1.0,,原本の表で『-』(この都道府県ではこの職種の単価を設定していない)
7c9194a4eb4ddd0c,JP,labor,労務単価,内装工,所定労働時間内8時間あたり,人日,pref,38,愛媛県,,,,34000,JPY,labor_wage_8h,published_pdl,50200,公共工事設計労務単価＋必要経費(法定福利費(事業主負担分)、労務管理費、宿舎費等)の参考値,2026-03,2026-03-01,mlit-roumu-r8,参1-参3,https://www.mlit.go.jp/report/press/content/001981942.pdf,PDL1.0,,
960cfba5f5a0aba0,JP,labor,労務単価,ガラス工,所定労働時間内8時間あたり,人日,pref,38,愛媛県,,,,26900,JPY,labor_wage_8h,published_pdl,39700,公共工事設計労務単価＋必要経費(法定福利費(事業主負担分)、労務管理費、宿舎費等)の参考値,2026-03,2026-03-01,mlit-roumu-r8,参1-参3,https://www.mlit.go.jp/report/press/content/001981942.pdf,PDL1.0,,
993de1df5f3ca790,JP,labor,労務単価,建具工,所定労働時間内8時間あたり,人日,pref,38,愛媛県,,,,,JPY,labor_wage_8h,not_set,,,2026-03,2026-03-01,mlit-roumu-r8,参1-参3,https://www.mlit.go.jp/report/press/content/001981942.pdf,PDL1.0,,原本の表で『-』(この都道府県ではこの職種の単価を設定していない)
7152b7a6b1a58822,JP,labor,労務単価,ダクト工,所定労働時間内8時間あたり,人日,pref,38,愛媛県,,,,24200,JPY,labor_wage_8h,published_pdl,35700,公共工事設計労務単価＋必要経費(法定福利費(事業主負担分)、労務管理費、宿舎費等)の参考値,2026-03,2026-03-01,mlit-roumu-r8,参1-参3,https://www.mlit.go.jp/report/press/content/001981942.pdf,PDL1.0,,
bd8bce11f9f78370,JP,labor,労務単価,保温工,所定労働時間内8時間あたり,人日,pref,38,愛媛県,,,,30000,JPY,labor_wage_8h,published_pdl,44300,公共工事設計労務単価＋必要経費(法定福利費(事業主負担分)、労務管理費、宿舎費等)の参考値,2026-03,2026-03-01,mlit-roumu-r8,参1-参3,https://www.mlit.go.jp/report/press/content/001981942.pdf,PDL1.0,,
99306c0f01634e43,JP,labor,労務単価,設備機械工,所定労働時間内8時間あたり,人日,pref,38,愛媛県,,,,27100,JPY,labor_wage_8h,published_pdl,40000,公共工事設計労務単価＋必要経費(法定福利費(事業主負担分)、労務管理費、宿舎費等)の参考値,2026-03,2026-03-01,mlit-roumu-r8,参1-参3,https://www.mlit.go.jp/report/press/content/001981942.pdf,PDL1.0,,
96f3ca5eed65c0fb,JP,labor,労務単価,交通誘導警備員Ａ,所定労働時間内8時間あたり,人日,pref,38,愛媛県,,,,17100,JPY,labor_wage_8h,published_pdl,25300,公共工事設計労務単価＋必要経費(法定福利費(事業主負担分)、労務管理費、宿舎費等)の参考値,2026-03,2026-03-01,mlit-roumu-r8,参1-参3,https://www.mlit.go.jp/report/press/content/001981942.pdf,PDL1.0,,
c3ff324c5e46c3f4,JP,labor,労務単価,交通誘導警備員Ｂ,所定労働時間内8時間あたり,人日,pref,38,愛媛県,,,,14500,JPY,labor_wage_8h,published_pdl,21400,公共工事設計労務単価＋必要経費(法定福利費(事業主負担分)、労務管理費、宿舎費等)の参考値,2026-03,2026-03-01,mlit-roumu-r8,参1-参3,https://www.mlit.go.jp/report/press/content/001981942.pdf,PDL1.0,,
c15f975859531cbf,JP,labor,労務単価,特殊作業員,所定労働時間内8時間あたり,人日,pref,39,高知県,,,,25200,JPY,labor_wage_8h,published_pdl,37200,公共工事設計労務単価＋必要経費(法定福利費(事業主負担分)、労務管理費、宿舎費等)の参考値,2026-03,2026-03-01,mlit-roumu-r8,参1-参3,https://www.mlit.go.jp/report/press/content/001981942.pdf,PDL1.0,,
07c0f6f2f1ad31ce,JP,labor,労務単価,普通作業員,所定労働時間内8時間あたり,人日,pref,39,高知県,,,,21900,JPY,labor_wage_8h,published_pdl,32300,公共工事設計労務単価＋必要経費(法定福利費(事業主負担分)、労務管理費、宿舎費等)の参考値,2026-03,2026-03-01,mlit-roumu-r8,参1-参3,https://www.mlit.go.jp/report/press/content/001981942.pdf,PDL1.0,,
bee3bd3179618083,JP,labor,労務単価,軽作業員,所定労働時間内8時間あたり,人日,pref,39,高知県,,,,17700,JPY,labor_wage_8h,published_pdl,26100,公共工事設計労務単価＋必要経費(法定福利費(事業主負担分)、労務管理費、宿舎費等)の参考値,2026-03,2026-03-01,mlit-roumu-r8,参1-参3,https://www.mlit.go.jp/report/press/content/001981942.pdf,PDL1.0,,
c09e08030e0e6930,JP,labor,労務単価,造園工,所定労働時間内8時間あたり,人日,pref,39,高知県,,,,24000,JPY,labor_wage_8h,published_pdl,35400,公共工事設計労務単価＋必要経費(法定福利費(事業主負担分)、労務管理費、宿舎費等)の参考値,2026-03,2026-03-01,mlit-roumu-r8,参1-参3,https://www.mlit.go.jp/report/press/content/001981942.pdf,PDL1.0,,
c9da1e17d4b61c7a,JP,labor,労務単価,法面工,所定労働時間内8時間あたり,人日,pref,39,高知県,,,,32000,JPY,labor_wage_8h,published_pdl,47300,公共工事設計労務単価＋必要経費(法定福利費(事業主負担分)、労務管理費、宿舎費等)の参考値,2026-03,2026-03-01,mlit-roumu-r8,参1-参3,https://www.mlit.go.jp/report/press/content/001981942.pdf,PDL1.0,,
d044964655170a14,JP,labor,労務単価,とび工,所定労働時間内8時間あたり,人日,pref,39,高知県,,,,29000,JPY,labor_wage_8h,published_pdl,42800,公共工事設計労務単価＋必要経費(法定福利費(事業主負担分)、労務管理費、宿舎費等)の参考値,2026-03,2026-03-01,mlit-roumu-r8,参1-参3,https://www.mlit.go.jp/report/press/content/001981942.pdf,PDL1.0,,
bee6158b4051a80f,JP,labor,労務単価,石工,所定労働時間内8時間あたり,人日,pref,39,高知県,,,,32900,JPY,labor_wage_8h,published_pdl,48600,公共工事設計労務単価＋必要経費(法定福利費(事業主負担分)、労務管理費、宿舎費等)の参考値,2026-03,2026-03-01,mlit-roumu-r8,参1-参3,https://www.mlit.go.jp/report/press/content/001981942.pdf,PDL1.0,,
8066451f682c1d6e,JP,labor,労務単価,ブロック工,所定労働時間内8時間あたり,人日,pref,39,高知県,,,,,JPY,labor_wage_8h,not_set,,,2026-03,2026-03-01,mlit-roumu-r8,参1-参3,https://www.mlit.go.jp/report/press/content/001981942.pdf,PDL1.0,,原本の表で『-』(この都道府県ではこの職種の単価を設定していない)
f81ab3a803a840a2,JP,labor,労務単価,電工,所定労働時間内8時間あたり,人日,pref,39,高知県,,,,25700,JPY,labor_wage_8h,published_pdl,38000,公共工事設計労務単価＋必要経費(法定福利費(事業主負担分)、労務管理費、宿舎費等)の参考値,2026-03,2026-03-01,mlit-roumu-r8,参1-参3,https://www.mlit.go.jp/report/press/content/001981942.pdf,PDL1.0,,
dea899671f89c8c8,JP,labor,労務単価,鉄筋工,所定労働時間内8時間あたり,人日,pref,39,高知県,,,,25700,JPY,labor_wage_8h,published_pdl,38000,公共工事設計労務単価＋必要経費(法定福利費(事業主負担分)、労務管理費、宿舎費等)の参考値,2026-03,2026-03-01,mlit-roumu-r8,参1-参3,https://www.mlit.go.jp/report/press/content/001981942.pdf,PDL1.0,,
278bee430334d58a,JP,labor,労務単価,鉄骨工,所定労働時間内8時間あたり,人日,pref,39,高知県,,,,27800,JPY,labor_wage_8h,published_pdl,41100,公共工事設計労務単価＋必要経費(法定福利費(事業主負担分)、労務管理費、宿舎費等)の参考値,2026-03,2026-03-01,mlit-roumu-r8,参1-参3,https://www.mlit.go.jp/report/press/content/001981942.pdf,PDL1.0,,
34464d940fd6a10c,JP,labor,労務単価,塗装工,所定労働時間内8時間あたり,人日,pref,39,高知県,,,,27300,JPY,labor_wage_8h,published_pdl,40300,公共工事設計労務単価＋必要経費(法定福利費(事業主負担分)、労務管理費、宿舎費等)の参考値,2026-03,2026-03-01,mlit-roumu-r8,参1-参3,https://www.mlit.go.jp/report/press/content/001981942.pdf,PDL1.0,,
0cb66fdc465e5d50,JP,labor,労務単価,溶接工,所定労働時間内8時間あたり,人日,pref,39,高知県,,,,30300,JPY,labor_wage_8h,published_pdl,44800,公共工事設計労務単価＋必要経費(法定福利費(事業主負担分)、労務管理費、宿舎費等)の参考値,2026-03,2026-03-01,mlit-roumu-r8,参1-参3,https://www.mlit.go.jp/report/press/content/001981942.pdf,PDL1.0,,
30d1d13a3e1955f0,JP,labor,労務単価,運転手（特殊）,所定労働時間内8時間あたり,人日,pref,39,高知県,,,,26800,JPY,labor_wage_8h,published_pdl,39600,公共工事設計労務単価＋必要経費(法定福利費(事業主負担分)、労務管理費、宿舎費等)の参考値,2026-03,2026-03-01,mlit-roumu-r8,参1-参3,https://www.mlit.go.jp/report/press/content/001981942.pdf,PDL1.0,,
8a9f32e9973ebd60,JP,labor,労務単価,運転手（一般）,所定労働時間内8時間あたり,人日,pref,39,高知県,,,,24500,JPY,labor_wage_8h,published_pdl,36200,公共工事設計労務単価＋必要経費(法定福利費(事業主負担分)、労務管理費、宿舎費等)の参考値,2026-03,2026-03-01,mlit-roumu-r8,参1-参3,https://www.mlit.go.jp/report/press/content/001981942.pdf,PDL1.0,,
3a0c719dfc9a7886,JP,labor,労務単価,潜かん工,所定労働時間内8時間あたり,人日,pref,39,高知県,,,,38000,JPY,labor_wage_8h,published_pdl,56100,公共工事設計労務単価＋必要経費(法定福利費(事業主負担分)、労務管理費、宿舎費等)の参考値,2026-03,2026-03-01,mlit-roumu-r8,参1-参3,https://www.mlit.go.jp/report/press/content/001981942.pdf,PDL1.0,,
c14d2bb3b8c94028,JP,labor,労務単価,潜かん世話役,所定労働時間内8時間あたり,人日,pref,39,高知県,,,,46500,JPY,labor_wage_8h,published_pdl,68700,公共工事設計労務単価＋必要経費(法定福利費(事業主負担分)、労務管理費、宿舎費等)の参考値,2026-03,2026-03-01,mlit-roumu-r8,参1-参3,https://www.mlit.go.jp/report/press/content/001981942.pdf,PDL1.0,,
369bf0c7a87da550,JP,labor,労務単価,さく岩工,所定労働時間内8時間あたり,人日,pref,39,高知県,,,,31400,JPY,labor_wage_8h,published_pdl,46400,公共工事設計労務単価＋必要経費(法定福利費(事業主負担分)、労務管理費、宿舎費等)の参考値,2026-03,2026-03-01,mlit-roumu-r8,参1-参3,https://www.mlit.go.jp/report/press/content/001981942.pdf,PDL1.0,,
7579f05fa751d776,JP,labor,労務単価,トンネル特殊工,所定労働時間内8時間あたり,人日,pref,39,高知県,,,,45700,JPY,labor_wage_8h,published_pdl,67500,公共工事設計労務単価＋必要経費(法定福利費(事業主負担分)、労務管理費、宿舎費等)の参考値,2026-03,2026-03-01,mlit-roumu-r8,参1-参3,https://www.mlit.go.jp/report/press/content/001981942.pdf,PDL1.0,,
01da468d3223def3,JP,labor,労務単価,トンネル作業員,所定労働時間内8時間あたり,人日,pref,39,高知県,,,,32400,JPY,labor_wage_8h,published_pdl,47900,公共工事設計労務単価＋必要経費(法定福利費(事業主負担分)、労務管理費、宿舎費等)の参考値,2026-03,2026-03-01,mlit-roumu-r8,参1-参3,https://www.mlit.go.jp/report/press/content/001981942.pdf,PDL1.0,,
3fe8341c5380b2b1,JP,labor,労務単価,トンネル世話役,所定労働時間内8時間あたり,人日,pref,39,高知県,,,,46100,JPY,labor_wage_8h,published_pdl,68100,公共工事設計労務単価＋必要経費(法定福利費(事業主負担分)、労務管理費、宿舎費等)の参考値,2026-03,2026-03-01,mlit-roumu-r8,参1-参3,https://www.mlit.go.jp/report/press/content/001981942.pdf,PDL1.0,,
be8d94b70e388d73,JP,labor,労務単価,橋りょう特殊工,所定労働時間内8時間あたり,人日,pref,39,高知県,,,,34100,JPY,labor_wage_8h,published_pdl,50400,公共工事設計労務単価＋必要経費(法定福利費(事業主負担分)、労務管理費、宿舎費等)の参考値,2026-03,2026-03-01,mlit-roumu-r8,参1-参3,https://www.mlit.go.jp/report/press/content/001981942.pdf,PDL1.0,,
5fbb155b6ad42e06,JP,labor,労務単価,橋りょう塗装工,所定労働時間内8時間あたり,人日,pref,39,高知県,,,,35900,JPY,labor_wage_8h,published_pdl,53000,公共工事設計労務単価＋必要経費(法定福利費(事業主負担分)、労務管理費、宿舎費等)の参考値,2026-03,2026-03-01,mlit-roumu-r8,参1-参3,https://www.mlit.go.jp/report/press/content/001981942.pdf,PDL1.0,,
4e7bae8061952264,JP,labor,労務単価,橋りょう世話役,所定労働時間内8時間あたり,人日,pref,39,高知県,,,,39600,JPY,labor_wage_8h,published_pdl,58500,公共工事設計労務単価＋必要経費(法定福利費(事業主負担分)、労務管理費、宿舎費等)の参考値,2026-03,2026-03-01,mlit-roumu-r8,参1-参3,https://www.mlit.go.jp/report/press/content/001981942.pdf,PDL1.0,,
a0f941cc24f30f93,JP,labor,労務単価,土木一般世話役,所定労働時間内8時間あたり,人日,pref,39,高知県,,,,28000,JPY,labor_wage_8h,published_pdl,41400,公共工事設計労務単価＋必要経費(法定福利費(事業主負担分)、労務管理費、宿舎費等)の参考値,2026-03,2026-03-01,mlit-roumu-r8,参1-参3,https://www.mlit.go.jp/report/press/content/001981942.pdf,PDL1.0,,
5ba184f4611605d2,JP,labor,労務単価,高級船員,所定労働時間内8時間あたり,人日,pref,39,高知県,,,,42600,JPY,labor_wage_8h,published_pdl,62900,公共工事設計労務単価＋必要経費(法定福利費(事業主負担分)、労務管理費、宿舎費等)の参考値,2026-03,2026-03-01,mlit-roumu-r8,参1-参3,https://www.mlit.go.jp/report/press/content/001981942.pdf,PDL1.0,,
2493e50f800d939e,JP,labor,労務単価,普通船員,所定労働時間内8時間あたり,人日,pref,39,高知県,,,,32100,JPY,labor_wage_8h,published_pdl,47400,公共工事設計労務単価＋必要経費(法定福利費(事業主負担分)、労務管理費、宿舎費等)の参考値,2026-03,2026-03-01,mlit-roumu-r8,参1-参3,https://www.mlit.go.jp/report/press/content/001981942.pdf,PDL1.0,,
e5e824f2b7186e96,JP,labor,労務単価,潜水士,所定労働時間内8時間あたり,人日,pref,39,高知県,,,,51700,JPY,labor_wage_8h,published_pdl,76400,公共工事設計労務単価＋必要経費(法定福利費(事業主負担分)、労務管理費、宿舎費等)の参考値,2026-03,2026-03-01,mlit-roumu-r8,参1-参3,https://www.mlit.go.jp/report/press/content/001981942.pdf,PDL1.0,,
ee05e3aeddf7da0a,JP,labor,労務単価,潜水連絡員,所定労働時間内8時間あたり,人日,pref,39,高知県,,,,,JPY,labor_wage_8h,not_set,,,2026-03,2026-03-01,mlit-roumu-r8,参1-参3,https://www.mlit.go.jp/report/press/content/001981942.pdf,PDL1.0,,原本の表で『-』(この都道府県ではこの職種の単価を設定していない)
cb226399aa5468cc,JP,labor,労務単価,潜水送気員,所定労働時間内8時間あたり,人日,pref,39,高知県,,,,27200,JPY,labor_wage_8h,published_pdl,40200,公共工事設計労務単価＋必要経費(法定福利費(事業主負担分)、労務管理費、宿舎費等)の参考値,2026-03,2026-03-01,mlit-roumu-r8,参1-参3,https://www.mlit.go.jp/report/press/content/001981942.pdf,PDL1.0,,
8c48a92ddde4a1c9,JP,labor,労務単価,山林砂防工,所定労働時間内8時間あたり,人日,pref,39,高知県,,,,27400,JPY,labor_wage_8h,published_pdl,40500,公共工事設計労務単価＋必要経費(法定福利費(事業主負担分)、労務管理費、宿舎費等)の参考値,2026-03,2026-03-01,mlit-roumu-r8,参1-参3,https://www.mlit.go.jp/report/press/content/001981942.pdf,PDL1.0,,
73a180a7c1fdb032,JP,labor,労務単価,軌道工,所定労働時間内8時間あたり,人日,pref,39,高知県,,,,34800,JPY,labor_wage_8h,published_pdl,51400,公共工事設計労務単価＋必要経費(法定福利費(事業主負担分)、労務管理費、宿舎費等)の参考値,2026-03,2026-03-01,mlit-roumu-r8,参1-参3,https://www.mlit.go.jp/report/press/content/001981942.pdf,PDL1.0,,
e1d7fdcf33b04baf,JP,labor,労務単価,型わく工,所定労働時間内8時間あたり,人日,pref,39,高知県,,,,28600,JPY,labor_wage_8h,published_pdl,42200,公共工事設計労務単価＋必要経費(法定福利費(事業主負担分)、労務管理費、宿舎費等)の参考値,2026-03,2026-03-01,mlit-roumu-r8,参1-参3,https://www.mlit.go.jp/report/press/content/001981942.pdf,PDL1.0,,
f135a57dc2f88970,JP,labor,労務単価,大工,所定労働時間内8時間あたり,人日,pref,39,高知県,,,,,JPY,labor_wage_8h,not_set,,,2026-03,2026-03-01,mlit-roumu-r8,参1-参3,https://www.mlit.go.jp/report/press/content/001981942.pdf,PDL1.0,,原本の表で『-』(この都道府県ではこの職種の単価を設定していない)
62495641f73c6cde,JP,labor,労務単価,左官,所定労働時間内8時間あたり,人日,pref,39,高知県,,,,27000,JPY,labor_wage_8h,published_pdl,39900,公共工事設計労務単価＋必要経費(法定福利費(事業主負担分)、労務管理費、宿舎費等)の参考値,2026-03,2026-03-01,mlit-roumu-r8,参1-参3,https://www.mlit.go.jp/report/press/content/001981942.pdf,PDL1.0,,
24c38387db3c111a,JP,labor,労務単価,配管工,所定労働時間内8時間あたり,人日,pref,39,高知県,,,,24800,JPY,labor_wage_8h,published_pdl,36600,公共工事設計労務単価＋必要経費(法定福利費(事業主負担分)、労務管理費、宿舎費等)の参考値,2026-03,2026-03-01,mlit-roumu-r8,参1-参3,https://www.mlit.go.jp/report/press/content/001981942.pdf,PDL1.0,,
ac7d3849e0ebe87d,JP,labor,労務単価,はつり工,所定労働時間内8時間あたり,人日,pref,39,高知県,,,,30700,JPY,labor_wage_8h,published_pdl,45300,公共工事設計労務単価＋必要経費(法定福利費(事業主負担分)、労務管理費、宿舎費等)の参考値,2026-03,2026-03-01,mlit-roumu-r8,参1-参3,https://www.mlit.go.jp/report/press/content/001981942.pdf,PDL1.0,,
43ac59ea8c31ace2,JP,labor,労務単価,防水工,所定労働時間内8時間あたり,人日,pref,39,高知県,,,,27700,JPY,labor_wage_8h,published_pdl,40900,公共工事設計労務単価＋必要経費(法定福利費(事業主負担分)、労務管理費、宿舎費等)の参考値,2026-03,2026-03-01,mlit-roumu-r8,参1-参3,https://www.mlit.go.jp/report/press/content/001981942.pdf,PDL1.0,,
623b39d11f75eed2,JP,labor,労務単価,板金工,所定労働時間内8時間あたり,人日,pref,39,高知県,,,,,JPY,labor_wage_8h,not_set,,,2026-03,2026-03-01,mlit-roumu-r8,参1-参3,https://www.mlit.go.jp/report/press/content/001981942.pdf,PDL1.0,,原本の表で『-』(この都道府県ではこの職種の単価を設定していない)
fca3d36fc017c2b1,JP,labor,労務単価,タイル工,所定労働時間内8時間あたり,人日,pref,39,高知県,,,,,JPY,labor_wage_8h,not_set,,,2026-03,2026-03-01,mlit-roumu-r8,参1-参3,https://www.mlit.go.jp/report/press/content/001981942.pdf,PDL1.0,,原本の表で『-』(この都道府県ではこの職種の単価を設定していない)
d6fa366c8f46cda6,JP,labor,労務単価,サッシ工,所定労働時間内8時間あたり,人日,pref,39,高知県,,,,,JPY,labor_wage_8h,not_set,,,2026-03,2026-03-01,mlit-roumu-r8,参1-参3,https://www.mlit.go.jp/report/press/content/001981942.pdf,PDL1.0,,原本の表で『-』(この都道府県ではこの職種の単価を設定していない)
74f57fda3cf573fa,JP,labor,労務単価,屋根ふき工,所定労働時間内8時間あたり,人日,pref,39,高知県,,,,,JPY,labor_wage_8h,not_set,,,2026-03,2026-03-01,mlit-roumu-r8,参1-参3,https://www.mlit.go.jp/report/press/content/001981942.pdf,PDL1.0,,原本の表で『-』(この都道府県ではこの職種の単価を設定していない)
a3185bce87bc3519,JP,labor,労務単価,内装工,所定労働時間内8時間あたり,人日,pref,39,高知県,,,,33700,JPY,labor_wage_8h,published_pdl,49800,公共工事設計労務単価＋必要経費(法定福利費(事業主負担分)、労務管理費、宿舎費等)の参考値,2026-03,2026-03-01,mlit-roumu-r8,参1-参3,https://www.mlit.go.jp/report/press/content/001981942.pdf,PDL1.0,,
cf44fab5a701eed9,JP,labor,労務単価,ガラス工,所定労働時間内8時間あたり,人日,pref,39,高知県,,,,26900,JPY,labor_wage_8h,published_pdl,39700,公共工事設計労務単価＋必要経費(法定福利費(事業主負担分)、労務管理費、宿舎費等)の参考値,2026-03,2026-03-01,mlit-roumu-r8,参1-参3,https://www.mlit.go.jp/report/press/content/001981942.pdf,PDL1.0,,
1514ca94b0c9ffad,JP,labor,労務単価,建具工,所定労働時間内8時間あたり,人日,pref,39,高知県,,,,,JPY,labor_wage_8h,not_set,,,2026-03,2026-03-01,mlit-roumu-r8,参1-参3,https://www.mlit.go.jp/report/press/content/001981942.pdf,PDL1.0,,原本の表で『-』(この都道府県ではこの職種の単価を設定していない)
53aed2672ae6e5bd,JP,labor,労務単価,ダクト工,所定労働時間内8時間あたり,人日,pref,39,高知県,,,,24200,JPY,labor_wage_8h,published_pdl,35700,公共工事設計労務単価＋必要経費(法定福利費(事業主負担分)、労務管理費、宿舎費等)の参考値,2026-03,2026-03-01,mlit-roumu-r8,参1-参3,https://www.mlit.go.jp/report/press/content/001981942.pdf,PDL1.0,,
d723759f3595c521,JP,labor,労務単価,保温工,所定労働時間内8時間あたり,人日,pref,39,高知県,,,,30000,JPY,labor_wage_8h,published_pdl,44300,公共工事設計労務単価＋必要経費(法定福利費(事業主負担分)、労務管理費、宿舎費等)の参考値,2026-03,2026-03-01,mlit-roumu-r8,参1-参3,https://www.mlit.go.jp/report/press/content/001981942.pdf,PDL1.0,,
baf7848ba215bc62,JP,labor,労務単価,設備機械工,所定労働時間内8時間あたり,人日,pref,39,高知県,,,,27000,JPY,labor_wage_8h,published_pdl,39900,公共工事設計労務単価＋必要経費(法定福利費(事業主負担分)、労務管理費、宿舎費等)の参考値,2026-03,2026-03-01,mlit-roumu-r8,参1-参3,https://www.mlit.go.jp/report/press/content/001981942.pdf,PDL1.0,,
188edc2fede95d81,JP,labor,労務単価,交通誘導警備員Ａ,所定労働時間内8時間あたり,人日,pref,39,高知県,,,,16200,JPY,labor_wage_8h,published_pdl,23900,公共工事設計労務単価＋必要経費(法定福利費(事業主負担分)、労務管理費、宿舎費等)の参考値,2026-03,2026-03-01,mlit-roumu-r8,参1-参3,https://www.mlit.go.jp/report/press/content/001981942.pdf,PDL1.0,,
ad24ebc319cdb016,JP,labor,労務単価,交通誘導警備員Ｂ,所定労働時間内8時間あたり,人日,pref,39,高知県,,,,13800,JPY,labor_wage_8h,published_pdl,20400,公共工事設計労務単価＋必要経費(法定福利費(事業主負担分)、労務管理費、宿舎費等)の参考値,2026-03,2026-03-01,mlit-roumu-r8,参1-参3,https://www.mlit.go.jp/report/press/content/001981942.pdf,PDL1.0,,
0599f3c69d410485,JP,labor,労務単価,特殊作業員,所定労働時間内8時間あたり,人日,pref,40,福岡県,,,,29000,JPY,labor_wage_8h,published_pdl,42800,公共工事設計労務単価＋必要経費(法定福利費(事業主負担分)、労務管理費、宿舎費等)の参考値,2026-03,2026-03-01,mlit-roumu-r8,参1-参3,https://www.mlit.go.jp/report/press/content/001981942.pdf,PDL1.0,,
bbfbb72e8bfa0cc1,JP,labor,労務単価,普通作業員,所定労働時間内8時間あたり,人日,pref,40,福岡県,,,,24100,JPY,labor_wage_8h,published_pdl,35600,公共工事設計労務単価＋必要経費(法定福利費(事業主負担分)、労務管理費、宿舎費等)の参考値,2026-03,2026-03-01,mlit-roumu-r8,参1-参3,https://www.mlit.go.jp/report/press/content/001981942.pdf,PDL1.0,,
8d422353ea613bcf,JP,labor,労務単価,軽作業員,所定労働時間内8時間あたり,人日,pref,40,福岡県,,,,16900,JPY,labor_wage_8h,published_pdl,25000,公共工事設計労務単価＋必要経費(法定福利費(事業主負担分)、労務管理費、宿舎費等)の参考値,2026-03,2026-03-01,mlit-roumu-r8,参1-参3,https://www.mlit.go.jp/report/press/content/001981942.pdf,PDL1.0,,
573951a4b75f9914,JP,labor,労務単価,造園工,所定労働時間内8時間あたり,人日,pref,40,福岡県,,,,25400,JPY,labor_wage_8h,published_pdl,37500,公共工事設計労務単価＋必要経費(法定福利費(事業主負担分)、労務管理費、宿舎費等)の参考値,2026-03,2026-03-01,mlit-roumu-r8,参1-参3,https://www.mlit.go.jp/report/press/content/001981942.pdf,PDL1.0,,
9794d21dde41a9a5,JP,labor,労務単価,法面工,所定労働時間内8時間あたり,人日,pref,40,福岡県,,,,30900,JPY,labor_wage_8h,published_pdl,45600,公共工事設計労務単価＋必要経費(法定福利費(事業主負担分)、労務管理費、宿舎費等)の参考値,2026-03,2026-03-01,mlit-roumu-r8,参1-参3,https://www.mlit.go.jp/report/press/content/001981942.pdf,PDL1.0,,
f1859579990e2454,JP,labor,労務単価,とび工,所定労働時間内8時間あたり,人日,pref,40,福岡県,,,,29900,JPY,labor_wage_8h,published_pdl,44200,公共工事設計労務単価＋必要経費(法定福利費(事業主負担分)、労務管理費、宿舎費等)の参考値,2026-03,2026-03-01,mlit-roumu-r8,参1-参3,https://www.mlit.go.jp/report/press/content/001981942.pdf,PDL1.0,,
d13cb70b06fd665e,JP,labor,労務単価,石工,所定労働時間内8時間あたり,人日,pref,40,福岡県,,,,33200,JPY,labor_wage_8h,published_pdl,49000,公共工事設計労務単価＋必要経費(法定福利費(事業主負担分)、労務管理費、宿舎費等)の参考値,2026-03,2026-03-01,mlit-roumu-r8,参1-参3,https://www.mlit.go.jp/report/press/content/001981942.pdf,PDL1.0,,
4503a5507ae0af20,JP,labor,労務単価,ブロック工,所定労働時間内8時間あたり,人日,pref,40,福岡県,,,,,JPY,labor_wage_8h,not_set,,,2026-03,2026-03-01,mlit-roumu-r8,参1-参3,https://www.mlit.go.jp/report/press/content/001981942.pdf,PDL1.0,,原本の表で『-』(この都道府県ではこの職種の単価を設定していない)
43e96eaadecbfaa9,JP,labor,労務単価,電工,所定労働時間内8時間あたり,人日,pref,40,福岡県,,,,28900,JPY,labor_wage_8h,published_pdl,42700,公共工事設計労務単価＋必要経費(法定福利費(事業主負担分)、労務管理費、宿舎費等)の参考値,2026-03,2026-03-01,mlit-roumu-r8,参1-参3,https://www.mlit.go.jp/report/press/content/001981942.pdf,PDL1.0,,
e6ac097f70394bb1,JP,labor,労務単価,鉄筋工,所定労働時間内8時間あたり,人日,pref,40,福岡県,,,,29900,JPY,labor_wage_8h,published_pdl,44200,公共工事設計労務単価＋必要経費(法定福利費(事業主負担分)、労務管理費、宿舎費等)の参考値,2026-03,2026-03-01,mlit-roumu-r8,参1-参3,https://www.mlit.go.jp/report/press/content/001981942.pdf,PDL1.0,,
a1e5f86e184f8770,JP,labor,労務単価,鉄骨工,所定労働時間内8時間あたり,人日,pref,40,福岡県,,,,26400,JPY,labor_wage_8h,published_pdl,39000,公共工事設計労務単価＋必要経費(法定福利費(事業主負担分)、労務管理費、宿舎費等)の参考値,2026-03,2026-03-01,mlit-roumu-r8,参1-参3,https://www.mlit.go.jp/report/press/content/001981942.pdf,PDL1.0,,
4c68fbb301d574d1,JP,labor,労務単価,塗装工,所定労働時間内8時間あたり,人日,pref,40,福岡県,,,,29200,JPY,labor_wage_8h,published_pdl,43100,公共工事設計労務単価＋必要経費(法定福利費(事業主負担分)、労務管理費、宿舎費等)の参考値,2026-03,2026-03-01,mlit-roumu-r8,参1-参3,https://www.mlit.go.jp/report/press/content/001981942.pdf,PDL1.0,,
0a7be67aaf7cd9ac,JP,labor,労務単価,溶接工,所定労働時間内8時間あたり,人日,pref,40,福岡県,,,,30600,JPY,labor_wage_8h,published_pdl,45200,公共工事設計労務単価＋必要経費(法定福利費(事業主負担分)、労務管理費、宿舎費等)の参考値,2026-03,2026-03-01,mlit-roumu-r8,参1-参3,https://www.mlit.go.jp/report/press/content/001981942.pdf,PDL1.0,,
f1df06fb8369d9eb,JP,labor,労務単価,運転手（特殊）,所定労働時間内8時間あたり,人日,pref,40,福岡県,,,,28200,JPY,labor_wage_8h,published_pdl,41700,公共工事設計労務単価＋必要経費(法定福利費(事業主負担分)、労務管理費、宿舎費等)の参考値,2026-03,2026-03-01,mlit-roumu-r8,参1-参3,https://www.mlit.go.jp/report/press/content/001981942.pdf,PDL1.0,,
e613f3625138a1bd,JP,labor,労務単価,運転手（一般）,所定労働時間内8時間あたり,人日,pref,40,福岡県,,,,24400,JPY,labor_wage_8h,published_pdl,36000,公共工事設計労務単価＋必要経費(法定福利費(事業主負担分)、労務管理費、宿舎費等)の参考値,2026-03,2026-03-01,mlit-roumu-r8,参1-参3,https://www.mlit.go.jp/report/press/content/001981942.pdf,PDL1.0,,
b4558655f94cc130,JP,labor,労務単価,潜かん工,所定労働時間内8時間あたり,人日,pref,40,福岡県,,,,40600,JPY,labor_wage_8h,published_pdl,60000,公共工事設計労務単価＋必要経費(法定福利費(事業主負担分)、労務管理費、宿舎費等)の参考値,2026-03,2026-03-01,mlit-roumu-r8,参1-参3,https://www.mlit.go.jp/report/press/content/001981942.pdf,PDL1.0,,
1449c1873e3fb71a,JP,labor,労務単価,潜かん世話役,所定労働時間内8時間あたり,人日,pref,40,福岡県,,,,49700,JPY,labor_wage_8h,published_pdl,73400,公共工事設計労務単価＋必要経費(法定福利費(事業主負担分)、労務管理費、宿舎費等)の参考値,2026-03,2026-03-01,mlit-roumu-r8,参1-参3,https://www.mlit.go.jp/report/press/content/001981942.pdf,PDL1.0,,
f7bec6fbebf911ff,JP,labor,労務単価,さく岩工,所定労働時間内8時間あたり,人日,pref,40,福岡県,,,,39800,JPY,labor_wage_8h,published_pdl,58800,公共工事設計労務単価＋必要経費(法定福利費(事業主負担分)、労務管理費、宿舎費等)の参考値,2026-03,2026-03-01,mlit-roumu-r8,参1-参3,https://www.mlit.go.jp/report/press/content/001981942.pdf,PDL1.0,,
f34a843b29b6d9bc,JP,labor,労務単価,トンネル特殊工,所定労働時間内8時間あたり,人日,pref,40,福岡県,,,,47300,JPY,labor_wage_8h,published_pdl,69900,公共工事設計労務単価＋必要経費(法定福利費(事業主負担分)、労務管理費、宿舎費等)の参考値,2026-03,2026-03-01,mlit-roumu-r8,参1-参3,https://www.mlit.go.jp/report/press/content/001981942.pdf,PDL1.0,,
336d30623e49806f,JP,labor,労務単価,トンネル作業員,所定労働時間内8時間あたり,人日,pref,40,福岡県,,,,32600,JPY,labor_wage_8h,published_pdl,48200,公共工事設計労務単価＋必要経費(法定福利費(事業主負担分)、労務管理費、宿舎費等)の参考値,2026-03,2026-03-01,mlit-roumu-r8,参1-参3,https://www.mlit.go.jp/report/press/content/001981942.pdf,PDL1.0,,
08ee0c2a707264e8,JP,labor,労務単価,トンネル世話役,所定労働時間内8時間あたり,人日,pref,40,福岡県,,,,50700,JPY,labor_wage_8h,published_pdl,74900,公共工事設計労務単価＋必要経費(法定福利費(事業主負担分)、労務管理費、宿舎費等)の参考値,2026-03,2026-03-01,mlit-roumu-r8,参1-参3,https://www.mlit.go.jp/report/press/content/001981942.pdf,PDL1.0,,
56e3c130bd189548,JP,labor,労務単価,橋りょう特殊工,所定労働時間内8時間あたり,人日,pref,40,福岡県,,,,34700,JPY,labor_wage_8h,published_pdl,51300,公共工事設計労務単価＋必要経費(法定福利費(事業主負担分)、労務管理費、宿舎費等)の参考値,2026-03,2026-03-01,mlit-roumu-r8,参1-参3,https://www.mlit.go.jp/report/press/content/001981942.pdf,PDL1.0,,
b41973b3f51011d6,JP,labor,労務単価,橋りょう塗装工,所定労働時間内8時間あたり,人日,pref,40,福岡県,,,,36800,JPY,labor_wage_8h,published_pdl,54400,公共工事設計労務単価＋必要経費(法定福利費(事業主負担分)、労務管理費、宿舎費等)の参考値,2026-03,2026-03-01,mlit-roumu-r8,参1-参3,https://www.mlit.go.jp/report/press/content/001981942.pdf,PDL1.0,,
b87ce02f863438a7,JP,labor,労務単価,橋りょう世話役,所定労働時間内8時間あたり,人日,pref,40,福岡県,,,,41300,JPY,labor_wage_8h,published_pdl,61000,公共工事設計労務単価＋必要経費(法定福利費(事業主負担分)、労務管理費、宿舎費等)の参考値,2026-03,2026-03-01,mlit-roumu-r8,参1-参3,https://www.mlit.go.jp/report/press/content/001981942.pdf,PDL1.0,,
48f292e1cd2dee30,JP,labor,労務単価,土木一般世話役,所定労働時間内8時間あたり,人日,pref,40,福岡県,,,,33200,JPY,labor_wage_8h,published_pdl,49000,公共工事設計労務単価＋必要経費(法定福利費(事業主負担分)、労務管理費、宿舎費等)の参考値,2026-03,2026-03-01,mlit-roumu-r8,参1-参3,https://www.mlit.go.jp/report/press/content/001981942.pdf,PDL1.0,,
695f353f6c69e1f0,JP,labor,労務単価,高級船員,所定労働時間内8時間あたり,人日,pref,40,福岡県,,,,36200,JPY,labor_wage_8h,published_pdl,53500,公共工事設計労務単価＋必要経費(法定福利費(事業主負担分)、労務管理費、宿舎費等)の参考値,2026-03,2026-03-01,mlit-roumu-r8,参1-参3,https://www.mlit.go.jp/report/press/content/001981942.pdf,PDL1.0,,
75b29fc58d91c278,JP,labor,労務単価,普通船員,所定労働時間内8時間あたり,人日,pref,40,福岡県,,,,29600,JPY,labor_wage_8h,published_pdl,43700,公共工事設計労務単価＋必要経費(法定福利費(事業主負担分)、労務管理費、宿舎費等)の参考値,2026-03,2026-03-01,mlit-roumu-r8,参1-参3,https://www.mlit.go.jp/report/press/content/001981942.pdf,PDL1.0,,
1e47e79b1094d1fd,JP,labor,労務単価,潜水士,所定労働時間内8時間あたり,人日,pref,40,福岡県,,,,46500,JPY,labor_wage_8h,published_pdl,68700,公共工事設計労務単価＋必要経費(法定福利費(事業主負担分)、労務管理費、宿舎費等)の参考値,2026-03,2026-03-01,mlit-roumu-r8,参1-参3,https://www.mlit.go.jp/report/press/content/001981942.pdf,PDL1.0,,
859bed2e11960e9e,JP,labor,労務単価,潜水連絡員,所定労働時間内8時間あたり,人日,pref,40,福岡県,,,,29400,JPY,labor_wage_8h,published_pdl,43400,公共工事設計労務単価＋必要経費(法定福利費(事業主負担分)、労務管理費、宿舎費等)の参考値,2026-03,2026-03-01,mlit-roumu-r8,参1-参3,https://www.mlit.go.jp/report/press/content/001981942.pdf,PDL1.0,,
201fbda457966444,JP,labor,労務単価,潜水送気員,所定労働時間内8時間あたり,人日,pref,40,福岡県,,,,30300,JPY,labor_wage_8h,published_pdl,44800,公共工事設計労務単価＋必要経費(法定福利費(事業主負担分)、労務管理費、宿舎費等)の参考値,2026-03,2026-03-01,mlit-roumu-r8,参1-参3,https://www.mlit.go.jp/report/press/content/001981942.pdf,PDL1.0,,
12be76bd8e5eef06,JP,labor,労務単価,山林砂防工,所定労働時間内8時間あたり,人日,pref,40,福岡県,,,,,JPY,labor_wage_8h,not_set,,,2026-03,2026-03-01,mlit-roumu-r8,参1-参3,https://www.mlit.go.jp/report/press/content/001981942.pdf,PDL1.0,,原本の表で『-』(この都道府県ではこの職種の単価を設定していない)
5e1232ed159339d8,JP,labor,労務単価,軌道工,所定労働時間内8時間あたり,人日,pref,40,福岡県,,,,38300,JPY,labor_wage_8h,published_pdl,56600,公共工事設計労務単価＋必要経費(法定福利費(事業主負担分)、労務管理費、宿舎費等)の参考値,2026-03,2026-03-01,mlit-roumu-r8,参1-参3,https://www.mlit.go.jp/report/press/content/001981942.pdf,PDL1.0,,
cb3bb2e1e0feffba,JP,labor,労務単価,型わく工,所定労働時間内8時間あたり,人日,pref,40,福岡県,,,,28200,JPY,labor_wage_8h,published_pdl,41700,公共工事設計労務単価＋必要経費(法定福利費(事業主負担分)、労務管理費、宿舎費等)の参考値,2026-03,2026-03-01,mlit-roumu-r8,参1-参3,https://www.mlit.go.jp/report/press/content/001981942.pdf,PDL1.0,,
491922fd213ffc27,JP,labor,労務単価,大工,所定労働時間内8時間あたり,人日,pref,40,福岡県,,,,29200,JPY,labor_wage_8h,published_pdl,43100,公共工事設計労務単価＋必要経費(法定福利費(事業主負担分)、労務管理費、宿舎費等)の参考値,2026-03,2026-03-01,mlit-roumu-r8,参1-参3,https://www.mlit.go.jp/report/press/content/001981942.pdf,PDL1.0,,
cad91b2b13ed77a4,JP,labor,労務単価,左官,所定労働時間内8時間あたり,人日,pref,40,福岡県,,,,29000,JPY,labor_wage_8h,published_pdl,42800,公共工事設計労務単価＋必要経費(法定福利費(事業主負担分)、労務管理費、宿舎費等)の参考値,2026-03,2026-03-01,mlit-roumu-r8,参1-参3,https://www.mlit.go.jp/report/press/content/001981942.pdf,PDL1.0,,
902b07143e943c37,JP,labor,労務単価,配管工,所定労働時間内8時間あたり,人日,pref,40,福岡県,,,,26500,JPY,labor_wage_8h,published_pdl,39100,公共工事設計労務単価＋必要経費(法定福利費(事業主負担分)、労務管理費、宿舎費等)の参考値,2026-03,2026-03-01,mlit-roumu-r8,参1-参3,https://www.mlit.go.jp/report/press/content/001981942.pdf,PDL1.0,,
f64b73bcff48ea47,JP,labor,労務単価,はつり工,所定労働時間内8時間あたり,人日,pref,40,福岡県,,,,30200,JPY,labor_wage_8h,published_pdl,44600,公共工事設計労務単価＋必要経費(法定福利費(事業主負担分)、労務管理費、宿舎費等)の参考値,2026-03,2026-03-01,mlit-roumu-r8,参1-参3,https://www.mlit.go.jp/report/press/content/001981942.pdf,PDL1.0,,
053f356aa03d8b63,JP,labor,労務単価,防水工,所定労働時間内8時間あたり,人日,pref,40,福岡県,,,,29600,JPY,labor_wage_8h,published_pdl,43700,公共工事設計労務単価＋必要経費(法定福利費(事業主負担分)、労務管理費、宿舎費等)の参考値,2026-03,2026-03-01,mlit-roumu-r8,参1-参3,https://www.mlit.go.jp/report/press/content/001981942.pdf,PDL1.0,,
f626052979861f4c,JP,labor,労務単価,板金工,所定労働時間内8時間あたり,人日,pref,40,福岡県,,,,29000,JPY,labor_wage_8h,published_pdl,42800,公共工事設計労務単価＋必要経費(法定福利費(事業主負担分)、労務管理費、宿舎費等)の参考値,2026-03,2026-03-01,mlit-roumu-r8,参1-参3,https://www.mlit.go.jp/report/press/content/001981942.pdf,PDL1.0,,
526ccf6a6d85cb5e,JP,labor,労務単価,タイル工,所定労働時間内8時間あたり,人日,pref,40,福岡県,,,,,JPY,labor_wage_8h,not_set,,,2026-03,2026-03-01,mlit-roumu-r8,参1-参3,https://www.mlit.go.jp/report/press/content/001981942.pdf,PDL1.0,,原本の表で『-』(この都道府県ではこの職種の単価を設定していない)
65386a6eb37aeabc,JP,labor,労務単価,サッシ工,所定労働時間内8時間あたり,人日,pref,40,福岡県,,,,37200,JPY,labor_wage_8h,published_pdl,54900,公共工事設計労務単価＋必要経費(法定福利費(事業主負担分)、労務管理費、宿舎費等)の参考値,2026-03,2026-03-01,mlit-roumu-r8,参1-参3,https://www.mlit.go.jp/report/press/content/001981942.pdf,PDL1.0,,
364c9375bd461d0c,JP,labor,労務単価,屋根ふき工,所定労働時間内8時間あたり,人日,pref,40,福岡県,,,,,JPY,labor_wage_8h,not_set,,,2026-03,2026-03-01,mlit-roumu-r8,参1-参3,https://www.mlit.go.jp/report/press/content/001981942.pdf,PDL1.0,,原本の表で『-』(この都道府県ではこの職種の単価を設定していない)
2c190fb30d7a3a35,JP,labor,労務単価,内装工,所定労働時間内8時間あたり,人日,pref,40,福岡県,,,,30900,JPY,labor_wage_8h,published_pdl,45600,公共工事設計労務単価＋必要経費(法定福利費(事業主負担分)、労務管理費、宿舎費等)の参考値,2026-03,2026-03-01,mlit-roumu-r8,参1-参3,https://www.mlit.go.jp/report/press/content/001981942.pdf,PDL1.0,,
f2f77c2b94342b16,JP,labor,労務単価,ガラス工,所定労働時間内8時間あたり,人日,pref,40,福岡県,,,,30600,JPY,labor_wage_8h,published_pdl,45200,公共工事設計労務単価＋必要経費(法定福利費(事業主負担分)、労務管理費、宿舎費等)の参考値,2026-03,2026-03-01,mlit-roumu-r8,参1-参3,https://www.mlit.go.jp/report/press/content/001981942.pdf,PDL1.0,,
1ed08b9948ba9bf2,JP,labor,労務単価,建具工,所定労働時間内8時間あたり,人日,pref,40,福岡県,,,,,JPY,labor_wage_8h,not_set,,,2026-03,2026-03-01,mlit-roumu-r8,参1-参3,https://www.mlit.go.jp/report/press/content/001981942.pdf,PDL1.0,,原本の表で『-』(この都道府県ではこの職種の単価を設定していない)
cd1203a85ea77e2c,JP,labor,労務単価,ダクト工,所定労働時間内8時間あたり,人日,pref,40,福岡県,,,,25700,JPY,labor_wage_8h,published_pdl,38000,公共工事設計労務単価＋必要経費(法定福利費(事業主負担分)、労務管理費、宿舎費等)の参考値,2026-03,2026-03-01,mlit-roumu-r8,参1-参3,https://www.mlit.go.jp/report/press/content/001981942.pdf,PDL1.0,,
a3d86ef556bbb679,JP,labor,労務単価,保温工,所定労働時間内8時間あたり,人日,pref,40,福岡県,,,,28100,JPY,labor_wage_8h,published_pdl,41500,公共工事設計労務単価＋必要経費(法定福利費(事業主負担分)、労務管理費、宿舎費等)の参考値,2026-03,2026-03-01,mlit-roumu-r8,参1-参3,https://www.mlit.go.jp/report/press/content/001981942.pdf,PDL1.0,,
2d402e924e4c43ae,JP,labor,労務単価,設備機械工,所定労働時間内8時間あたり,人日,pref,40,福岡県,,,,29200,JPY,labor_wage_8h,published_pdl,43100,公共工事設計労務単価＋必要経費(法定福利費(事業主負担分)、労務管理費、宿舎費等)の参考値,2026-03,2026-03-01,mlit-roumu-r8,参1-参3,https://www.mlit.go.jp/report/press/content/001981942.pdf,PDL1.0,,
e381f18bf18ea069,JP,labor,労務単価,交通誘導警備員Ａ,所定労働時間内8時間あたり,人日,pref,40,福岡県,,,,18200,JPY,labor_wage_8h,published_pdl,26900,公共工事設計労務単価＋必要経費(法定福利費(事業主負担分)、労務管理費、宿舎費等)の参考値,2026-03,2026-03-01,mlit-roumu-r8,参1-参3,https://www.mlit.go.jp/report/press/content/001981942.pdf,PDL1.0,,
3e1022470355495c,JP,labor,労務単価,交通誘導警備員Ｂ,所定労働時間内8時間あたり,人日,pref,40,福岡県,,,,16300,JPY,labor_wage_8h,published_pdl,24100,公共工事設計労務単価＋必要経費(法定福利費(事業主負担分)、労務管理費、宿舎費等)の参考値,2026-03,2026-03-01,mlit-roumu-r8,参1-参3,https://www.mlit.go.jp/report/press/content/001981942.pdf,PDL1.0,,
d4244086d6b95d77,JP,labor,労務単価,特殊作業員,所定労働時間内8時間あたり,人日,pref,41,佐賀県,,,,25700,JPY,labor_wage_8h,published_pdl,38000,公共工事設計労務単価＋必要経費(法定福利費(事業主負担分)、労務管理費、宿舎費等)の参考値,2026-03,2026-03-01,mlit-roumu-r8,参1-参3,https://www.mlit.go.jp/report/press/content/001981942.pdf,PDL1.0,,
7108bba733cec0ac,JP,labor,労務単価,普通作業員,所定労働時間内8時間あたり,人日,pref,41,佐賀県,,,,20700,JPY,labor_wage_8h,published_pdl,30600,公共工事設計労務単価＋必要経費(法定福利費(事業主負担分)、労務管理費、宿舎費等)の参考値,2026-03,2026-03-01,mlit-roumu-r8,参1-参3,https://www.mlit.go.jp/report/press/content/001981942.pdf,PDL1.0,,
3f8cd3dabd879d64,JP,labor,労務単価,軽作業員,所定労働時間内8時間あたり,人日,pref,41,佐賀県,,,,16500,JPY,labor_wage_8h,published_pdl,24400,公共工事設計労務単価＋必要経費(法定福利費(事業主負担分)、労務管理費、宿舎費等)の参考値,2026-03,2026-03-01,mlit-roumu-r8,参1-参3,https://www.mlit.go.jp/report/press/content/001981942.pdf,PDL1.0,,
dafc6f0174dd54f7,JP,labor,労務単価,造園工,所定労働時間内8時間あたり,人日,pref,41,佐賀県,,,,25400,JPY,labor_wage_8h,published_pdl,37500,公共工事設計労務単価＋必要経費(法定福利費(事業主負担分)、労務管理費、宿舎費等)の参考値,2026-03,2026-03-01,mlit-roumu-r8,参1-参3,https://www.mlit.go.jp/report/press/content/001981942.pdf,PDL1.0,,
1ffd9b84f21c3c11,JP,labor,労務単価,法面工,所定労働時間内8時間あたり,人日,pref,41,佐賀県,,,,30500,JPY,labor_wage_8h,published_pdl,45000,公共工事設計労務単価＋必要経費(法定福利費(事業主負担分)、労務管理費、宿舎費等)の参考値,2026-03,2026-03-01,mlit-roumu-r8,参1-参3,https://www.mlit.go.jp/report/press/content/001981942.pdf,PDL1.0,,
b1c954402694d237,JP,labor,労務単価,とび工,所定労働時間内8時間あたり,人日,pref,41,佐賀県,,,,28100,JPY,labor_wage_8h,published_pdl,41500,公共工事設計労務単価＋必要経費(法定福利費(事業主負担分)、労務管理費、宿舎費等)の参考値,2026-03,2026-03-01,mlit-roumu-r8,参1-参3,https://www.mlit.go.jp/report/press/content/001981942.pdf,PDL1.0,,
5cfab4d59fa328ef,JP,labor,労務単価,石工,所定労働時間内8時間あたり,人日,pref,41,佐賀県,,,,33800,JPY,labor_wage_8h,published_pdl,49900,公共工事設計労務単価＋必要経費(法定福利費(事業主負担分)、労務管理費、宿舎費等)の参考値,2026-03,2026-03-01,mlit-roumu-r8,参1-参3,https://www.mlit.go.jp/report/press/content/001981942.pdf,PDL1.0,,
77dce574f3404a91,JP,labor,労務単価,ブロック工,所定労働時間内8時間あたり,人日,pref,41,佐賀県,,,,,JPY,labor_wage_8h,not_set,,,2026-03,2026-03-01,mlit-roumu-r8,参1-参3,https://www.mlit.go.jp/report/press/content/001981942.pdf,PDL1.0,,原本の表で『-』(この都道府県ではこの職種の単価を設定していない)
63ddab10791f99c9,JP,labor,労務単価,電工,所定労働時間内8時間あたり,人日,pref,41,佐賀県,,,,28400,JPY,labor_wage_8h,published_pdl,41900,公共工事設計労務単価＋必要経費(法定福利費(事業主負担分)、労務管理費、宿舎費等)の参考値,2026-03,2026-03-01,mlit-roumu-r8,参1-参3,https://www.mlit.go.jp/report/press/content/001981942.pdf,PDL1.0,,
4cc6804600b89932,JP,labor,労務単価,鉄筋工,所定労働時間内8時間あたり,人日,pref,41,佐賀県,,,,29500,JPY,labor_wage_8h,published_pdl,43600,公共工事設計労務単価＋必要経費(法定福利費(事業主負担分)、労務管理費、宿舎費等)の参考値,2026-03,2026-03-01,mlit-roumu-r8,参1-参3,https://www.mlit.go.jp/report/press/content/001981942.pdf,PDL1.0,,
121bbbf63180fcef,JP,labor,労務単価,鉄骨工,所定労働時間内8時間あたり,人日,pref,41,佐賀県,,,,26800,JPY,labor_wage_8h,published_pdl,39600,公共工事設計労務単価＋必要経費(法定福利費(事業主負担分)、労務管理費、宿舎費等)の参考値,2026-03,2026-03-01,mlit-roumu-r8,参1-参3,https://www.mlit.go.jp/report/press/content/001981942.pdf,PDL1.0,,
7fe4cfe9a326620f,JP,labor,労務単価,塗装工,所定労働時間内8時間あたり,人日,pref,41,佐賀県,,,,30200,JPY,labor_wage_8h,published_pdl,44600,公共工事設計労務単価＋必要経費(法定福利費(事業主負担分)、労務管理費、宿舎費等)の参考値,2026-03,2026-03-01,mlit-roumu-r8,参1-参3,https://www.mlit.go.jp/report/press/content/001981942.pdf,PDL1.0,,
195ebd10e89ad104,JP,labor,労務単価,溶接工,所定労働時間内8時間あたり,人日,pref,41,佐賀県,,,,30200,JPY,labor_wage_8h,published_pdl,44600,公共工事設計労務単価＋必要経費(法定福利費(事業主負担分)、労務管理費、宿舎費等)の参考値,2026-03,2026-03-01,mlit-roumu-r8,参1-参3,https://www.mlit.go.jp/report/press/content/001981942.pdf,PDL1.0,,
166c04b5ef6e7c40,JP,labor,労務単価,運転手（特殊）,所定労働時間内8時間あたり,人日,pref,41,佐賀県,,,,31200,JPY,labor_wage_8h,published_pdl,46100,公共工事設計労務単価＋必要経費(法定福利費(事業主負担分)、労務管理費、宿舎費等)の参考値,2026-03,2026-03-01,mlit-roumu-r8,参1-参3,https://www.mlit.go.jp/report/press/content/001981942.pdf,PDL1.0,,
4fc0201fc74ddeed,JP,labor,労務単価,運転手（一般）,所定労働時間内8時間あたり,人日,pref,41,佐賀県,,,,25300,JPY,labor_wage_8h,published_pdl,37400,公共工事設計労務単価＋必要経費(法定福利費(事業主負担分)、労務管理費、宿舎費等)の参考値,2026-03,2026-03-01,mlit-roumu-r8,参1-参3,https://www.mlit.go.jp/report/press/content/001981942.pdf,PDL1.0,,
888d34afd7a25028,JP,labor,労務単価,潜かん工,所定労働時間内8時間あたり,人日,pref,41,佐賀県,,,,40600,JPY,labor_wage_8h,published_pdl,60000,公共工事設計労務単価＋必要経費(法定福利費(事業主負担分)、労務管理費、宿舎費等)の参考値,2026-03,2026-03-01,mlit-roumu-r8,参1-参3,https://www.mlit.go.jp/report/press/content/001981942.pdf,PDL1.0,,
660bff4b83af3a5c,JP,labor,労務単価,潜かん世話役,所定労働時間内8時間あたり,人日,pref,41,佐賀県,,,,49700,JPY,labor_wage_8h,published_pdl,73400,公共工事設計労務単価＋必要経費(法定福利費(事業主負担分)、労務管理費、宿舎費等)の参考値,2026-03,2026-03-01,mlit-roumu-r8,参1-参3,https://www.mlit.go.jp/report/press/content/001981942.pdf,PDL1.0,,
47a6a5051caeae4f,JP,labor,労務単価,さく岩工,所定労働時間内8時間あたり,人日,pref,41,佐賀県,,,,39800,JPY,labor_wage_8h,published_pdl,58800,公共工事設計労務単価＋必要経費(法定福利費(事業主負担分)、労務管理費、宿舎費等)の参考値,2026-03,2026-03-01,mlit-roumu-r8,参1-参3,https://www.mlit.go.jp/report/press/content/001981942.pdf,PDL1.0,,
8b90e2d03868542c,JP,labor,労務単価,トンネル特殊工,所定労働時間内8時間あたり,人日,pref,41,佐賀県,,,,45900,JPY,labor_wage_8h,published_pdl,67800,公共工事設計労務単価＋必要経費(法定福利費(事業主負担分)、労務管理費、宿舎費等)の参考値,2026-03,2026-03-01,mlit-roumu-r8,参1-参3,https://www.mlit.go.jp/report/press/content/001981942.pdf,PDL1.0,,
b4b3875ce18b2fee,JP,labor,労務単価,トンネル作業員,所定労働時間内8時間あたり,人日,pref,41,佐賀県,,,,33100,JPY,labor_wage_8h,published_pdl,48900,公共工事設計労務単価＋必要経費(法定福利費(事業主負担分)、労務管理費、宿舎費等)の参考値,2026-03,2026-03-01,mlit-roumu-r8,参1-参3,https://www.mlit.go.jp/report/press/content/001981942.pdf,PDL1.0,,
4aa8b9fbc7aec10a,JP,labor,労務単価,トンネル世話役,所定労働時間内8時間あたり,人日,pref,41,佐賀県,,,,51100,JPY,labor_wage_8h,published_pdl,75500,公共工事設計労務単価＋必要経費(法定福利費(事業主負担分)、労務管理費、宿舎費等)の参考値,2026-03,2026-03-01,mlit-roumu-r8,参1-参3,https://www.mlit.go.jp/report/press/content/001981942.pdf,PDL1.0,,
46a5eac3cb1c603d,JP,labor,労務単価,橋りょう特殊工,所定労働時間内8時間あたり,人日,pref,41,佐賀県,,,,34800,JPY,labor_wage_8h,published_pdl,51400,公共工事設計労務単価＋必要経費(法定福利費(事業主負担分)、労務管理費、宿舎費等)の参考値,2026-03,2026-03-01,mlit-roumu-r8,参1-参3,https://www.mlit.go.jp/report/press/content/001981942.pdf,PDL1.0,,
8699d81e5f9a1004,JP,labor,労務単価,橋りょう塗装工,所定労働時間内8時間あたり,人日,pref,41,佐賀県,,,,37000,JPY,labor_wage_8h,published_pdl,54600,公共工事設計労務単価＋必要経費(法定福利費(事業主負担分)、労務管理費、宿舎費等)の参考値,2026-03,2026-03-01,mlit-roumu-r8,参1-参3,https://www.mlit.go.jp/report/press/content/001981942.pdf,PDL1.0,,
45472775631382cb,JP,labor,労務単価,橋りょう世話役,所定労働時間内8時間あたり,人日,pref,41,佐賀県,,,,41700,JPY,labor_wage_8h,published_pdl,61600,公共工事設計労務単価＋必要経費(法定福利費(事業主負担分)、労務管理費、宿舎費等)の参考値,2026-03,2026-03-01,mlit-roumu-r8,参1-参3,https://www.mlit.go.jp/report/press/content/001981942.pdf,PDL1.0,,
269a7500bf637b79,JP,labor,労務単価,土木一般世話役,所定労働時間内8時間あたり,人日,pref,41,佐賀県,,,,31800,JPY,labor_wage_8h,published_pdl,47000,公共工事設計労務単価＋必要経費(法定福利費(事業主負担分)、労務管理費、宿舎費等)の参考値,2026-03,2026-03-01,mlit-roumu-r8,参1-参3,https://www.mlit.go.jp/report/press/content/001981942.pdf,PDL1.0,,
40b9943ccca8fa31,JP,labor,労務単価,高級船員,所定労働時間内8時間あたり,人日,pref,41,佐賀県,,,,36100,JPY,labor_wage_8h,published_pdl,53300,公共工事設計労務単価＋必要経費(法定福利費(事業主負担分)、労務管理費、宿舎費等)の参考値,2026-03,2026-03-01,mlit-roumu-r8,参1-参3,https://www.mlit.go.jp/report/press/content/001981942.pdf,PDL1.0,,
56aa11256d2303ae,JP,labor,労務単価,普通船員,所定労働時間内8時間あたり,人日,pref,41,佐賀県,,,,29800,JPY,labor_wage_8h,published_pdl,44000,公共工事設計労務単価＋必要経費(法定福利費(事業主負担分)、労務管理費、宿舎費等)の参考値,2026-03,2026-03-01,mlit-roumu-r8,参1-参3,https://www.mlit.go.jp/report/press/content/001981942.pdf,PDL1.0,,
152bfd079cf7abab,JP,labor,労務単価,潜水士,所定労働時間内8時間あたり,人日,pref,41,佐賀県,,,,46900,JPY,labor_wage_8h,published_pdl,69300,公共工事設計労務単価＋必要経費(法定福利費(事業主負担分)、労務管理費、宿舎費等)の参考値,2026-03,2026-03-01,mlit-roumu-r8,参1-参3,https://www.mlit.go.jp/report/press/content/001981942.pdf,PDL1.0,,
ca72428a14535a60,JP,labor,労務単価,潜水連絡員,所定労働時間内8時間あたり,人日,pref,41,佐賀県,,,,29500,JPY,labor_wage_8h,published_pdl,43600,公共工事設計労務単価＋必要経費(法定福利費(事業主負担分)、労務管理費、宿舎費等)の参考値,2026-03,2026-03-01,mlit-roumu-r8,参1-参3,https://www.mlit.go.jp/report/press/content/001981942.pdf,PDL1.0,,
ae1b386ef73eb453,JP,labor,労務単価,潜水送気員,所定労働時間内8時間あたり,人日,pref,41,佐賀県,,,,30500,JPY,labor_wage_8h,published_pdl,45000,公共工事設計労務単価＋必要経費(法定福利費(事業主負担分)、労務管理費、宿舎費等)の参考値,2026-03,2026-03-01,mlit-roumu-r8,参1-参3,https://www.mlit.go.jp/report/press/content/001981942.pdf,PDL1.0,,
bfa6964728edf9c2,JP,labor,労務単価,山林砂防工,所定労働時間内8時間あたり,人日,pref,41,佐賀県,,,,,JPY,labor_wage_8h,not_set,,,2026-03,2026-03-01,mlit-roumu-r8,参1-参3,https://www.mlit.go.jp/report/press/content/001981942.pdf,PDL1.0,,原本の表で『-』(この都道府県ではこの職種の単価を設定していない)
d133c3aafafd88c0,JP,labor,労務単価,軌道工,所定労働時間内8時間あたり,人日,pref,41,佐賀県,,,,40100,JPY,labor_wage_8h,published_pdl,59200,公共工事設計労務単価＋必要経費(法定福利費(事業主負担分)、労務管理費、宿舎費等)の参考値,2026-03,2026-03-01,mlit-roumu-r8,参1-参3,https://www.mlit.go.jp/report/press/content/001981942.pdf,PDL1.0,,
f163a423400303cd,JP,labor,労務単価,型わく工,所定労働時間内8時間あたり,人日,pref,41,佐賀県,,,,30600,JPY,labor_wage_8h,published_pdl,45200,公共工事設計労務単価＋必要経費(法定福利費(事業主負担分)、労務管理費、宿舎費等)の参考値,2026-03,2026-03-01,mlit-roumu-r8,参1-参3,https://www.mlit.go.jp/report/press/content/001981942.pdf,PDL1.0,,
e6f8305ccd99735f,JP,labor,労務単価,大工,所定労働時間内8時間あたり,人日,pref,41,佐賀県,,,,29500,JPY,labor_wage_8h,published_pdl,43600,公共工事設計労務単価＋必要経費(法定福利費(事業主負担分)、労務管理費、宿舎費等)の参考値,2026-03,2026-03-01,mlit-roumu-r8,参1-参3,https://www.mlit.go.jp/report/press/content/001981942.pdf,PDL1.0,,
16c4edd622596122,JP,labor,労務単価,左官,所定労働時間内8時間あたり,人日,pref,41,佐賀県,,,,29300,JPY,labor_wage_8h,published_pdl,43300,公共工事設計労務単価＋必要経費(法定福利費(事業主負担分)、労務管理費、宿舎費等)の参考値,2026-03,2026-03-01,mlit-roumu-r8,参1-参3,https://www.mlit.go.jp/report/press/content/001981942.pdf,PDL1.0,,
1d200fc4769785bd,JP,labor,労務単価,配管工,所定労働時間内8時間あたり,人日,pref,41,佐賀県,,,,26000,JPY,labor_wage_8h,published_pdl,38400,公共工事設計労務単価＋必要経費(法定福利費(事業主負担分)、労務管理費、宿舎費等)の参考値,2026-03,2026-03-01,mlit-roumu-r8,参1-参3,https://www.mlit.go.jp/report/press/content/001981942.pdf,PDL1.0,,
e955d150ffe750cb,JP,labor,労務単価,はつり工,所定労働時間内8時間あたり,人日,pref,41,佐賀県,,,,30300,JPY,labor_wage_8h,published_pdl,44800,公共工事設計労務単価＋必要経費(法定福利費(事業主負担分)、労務管理費、宿舎費等)の参考値,2026-03,2026-03-01,mlit-roumu-r8,参1-参3,https://www.mlit.go.jp/report/press/content/001981942.pdf,PDL1.0,,
eb9318453e0895f6,JP,labor,労務単価,防水工,所定労働時間内8時間あたり,人日,pref,41,佐賀県,,,,29900,JPY,labor_wage_8h,published_pdl,44200,公共工事設計労務単価＋必要経費(法定福利費(事業主負担分)、労務管理費、宿舎費等)の参考値,2026-03,2026-03-01,mlit-roumu-r8,参1-参3,https://www.mlit.go.jp/report/press/content/001981942.pdf,PDL1.0,,
1a1b526930d53d5f,JP,labor,労務単価,板金工,所定労働時間内8時間あたり,人日,pref,41,佐賀県,,,,29200,JPY,labor_wage_8h,published_pdl,43100,公共工事設計労務単価＋必要経費(法定福利費(事業主負担分)、労務管理費、宿舎費等)の参考値,2026-03,2026-03-01,mlit-roumu-r8,参1-参3,https://www.mlit.go.jp/report/press/content/001981942.pdf,PDL1.0,,
fc81c7a38eea1f04,JP,labor,労務単価,タイル工,所定労働時間内8時間あたり,人日,pref,41,佐賀県,,,,,JPY,labor_wage_8h,not_set,,,2026-03,2026-03-01,mlit-roumu-r8,参1-参3,https://www.mlit.go.jp/report/press/content/001981942.pdf,PDL1.0,,原本の表で『-』(この都道府県ではこの職種の単価を設定していない)
06f90a39010fdb36,JP,labor,労務単価,サッシ工,所定労働時間内8時間あたり,人日,pref,41,佐賀県,,,,37200,JPY,labor_wage_8h,published_pdl,54900,公共工事設計労務単価＋必要経費(法定福利費(事業主負担分)、労務管理費、宿舎費等)の参考値,2026-03,2026-03-01,mlit-roumu-r8,参1-参3,https://www.mlit.go.jp/report/press/content/001981942.pdf,PDL1.0,,
398bd5acbd88269c,JP,labor,労務単価,屋根ふき工,所定労働時間内8時間あたり,人日,pref,41,佐賀県,,,,,JPY,labor_wage_8h,not_set,,,2026-03,2026-03-01,mlit-roumu-r8,参1-参3,https://www.mlit.go.jp/report/press/content/001981942.pdf,PDL1.0,,原本の表で『-』(この都道府県ではこの職種の単価を設定していない)
047a800ffeff5ee4,JP,labor,労務単価,内装工,所定労働時間内8時間あたり,人日,pref,41,佐賀県,,,,31000,JPY,labor_wage_8h,published_pdl,45800,公共工事設計労務単価＋必要経費(法定福利費(事業主負担分)、労務管理費、宿舎費等)の参考値,2026-03,2026-03-01,mlit-roumu-r8,参1-参3,https://www.mlit.go.jp/report/press/content/001981942.pdf,PDL1.0,,
fc707b658580064d,JP,labor,労務単価,ガラス工,所定労働時間内8時間あたり,人日,pref,41,佐賀県,,,,30600,JPY,labor_wage_8h,published_pdl,45200,公共工事設計労務単価＋必要経費(法定福利費(事業主負担分)、労務管理費、宿舎費等)の参考値,2026-03,2026-03-01,mlit-roumu-r8,参1-参3,https://www.mlit.go.jp/report/press/content/001981942.pdf,PDL1.0,,
0ac141b05ae234b9,JP,labor,労務単価,建具工,所定労働時間内8時間あたり,人日,pref,41,佐賀県,,,,,JPY,labor_wage_8h,not_set,,,2026-03,2026-03-01,mlit-roumu-r8,参1-参3,https://www.mlit.go.jp/report/press/content/001981942.pdf,PDL1.0,,原本の表で『-』(この都道府県ではこの職種の単価を設定していない)
4c206658a662b3d1,JP,labor,労務単価,ダクト工,所定労働時間内8時間あたり,人日,pref,41,佐賀県,,,,25500,JPY,labor_wage_8h,published_pdl,37700,公共工事設計労務単価＋必要経費(法定福利費(事業主負担分)、労務管理費、宿舎費等)の参考値,2026-03,2026-03-01,mlit-roumu-r8,参1-参3,https://www.mlit.go.jp/report/press/content/001981942.pdf,PDL1.0,,
70bf1555bf4fba95,JP,labor,労務単価,保温工,所定労働時間内8時間あたり,人日,pref,41,佐賀県,,,,28300,JPY,labor_wage_8h,published_pdl,41800,公共工事設計労務単価＋必要経費(法定福利費(事業主負担分)、労務管理費、宿舎費等)の参考値,2026-03,2026-03-01,mlit-roumu-r8,参1-参3,https://www.mlit.go.jp/report/press/content/001981942.pdf,PDL1.0,,
62e199a00df03708,JP,labor,労務単価,設備機械工,所定労働時間内8時間あたり,人日,pref,41,佐賀県,,,,29600,JPY,labor_wage_8h,published_pdl,43700,公共工事設計労務単価＋必要経費(法定福利費(事業主負担分)、労務管理費、宿舎費等)の参考値,2026-03,2026-03-01,mlit-roumu-r8,参1-参3,https://www.mlit.go.jp/report/press/content/001981942.pdf,PDL1.0,,
d675d77694cbd868,JP,labor,労務単価,交通誘導警備員Ａ,所定労働時間内8時間あたり,人日,pref,41,佐賀県,,,,18200,JPY,labor_wage_8h,published_pdl,26900,公共工事設計労務単価＋必要経費(法定福利費(事業主負担分)、労務管理費、宿舎費等)の参考値,2026-03,2026-03-01,mlit-roumu-r8,参1-参3,https://www.mlit.go.jp/report/press/content/001981942.pdf,PDL1.0,,
098f89929f7f0862,JP,labor,労務単価,交通誘導警備員Ｂ,所定労働時間内8時間あたり,人日,pref,41,佐賀県,,,,16100,JPY,labor_wage_8h,published_pdl,23800,公共工事設計労務単価＋必要経費(法定福利費(事業主負担分)、労務管理費、宿舎費等)の参考値,2026-03,2026-03-01,mlit-roumu-r8,参1-参3,https://www.mlit.go.jp/report/press/content/001981942.pdf,PDL1.0,,
ba3cfdf57da45d1b,JP,labor,労務単価,特殊作業員,所定労働時間内8時間あたり,人日,pref,42,長崎県,,,,27000,JPY,labor_wage_8h,published_pdl,39900,公共工事設計労務単価＋必要経費(法定福利費(事業主負担分)、労務管理費、宿舎費等)の参考値,2026-03,2026-03-01,mlit-roumu-r8,参1-参3,https://www.mlit.go.jp/report/press/content/001981942.pdf,PDL1.0,,
f0463745c66b6b11,JP,labor,労務単価,普通作業員,所定労働時間内8時間あたり,人日,pref,42,長崎県,,,,21900,JPY,labor_wage_8h,published_pdl,32300,公共工事設計労務単価＋必要経費(法定福利費(事業主負担分)、労務管理費、宿舎費等)の参考値,2026-03,2026-03-01,mlit-roumu-r8,参1-参3,https://www.mlit.go.jp/report/press/content/001981942.pdf,PDL1.0,,
cedc055837ccaba5,JP,labor,労務単価,軽作業員,所定労働時間内8時間あたり,人日,pref,42,長崎県,,,,17500,JPY,labor_wage_8h,published_pdl,25800,公共工事設計労務単価＋必要経費(法定福利費(事業主負担分)、労務管理費、宿舎費等)の参考値,2026-03,2026-03-01,mlit-roumu-r8,参1-参3,https://www.mlit.go.jp/report/press/content/001981942.pdf,PDL1.0,,
5e2087ca517d5ef2,JP,labor,労務単価,造園工,所定労働時間内8時間あたり,人日,pref,42,長崎県,,,,26400,JPY,labor_wage_8h,published_pdl,39000,公共工事設計労務単価＋必要経費(法定福利費(事業主負担分)、労務管理費、宿舎費等)の参考値,2026-03,2026-03-01,mlit-roumu-r8,参1-参3,https://www.mlit.go.jp/report/press/content/001981942.pdf,PDL1.0,,
82ae2c2249554cd5,JP,labor,労務単価,法面工,所定労働時間内8時間あたり,人日,pref,42,長崎県,,,,30400,JPY,labor_wage_8h,published_pdl,44900,公共工事設計労務単価＋必要経費(法定福利費(事業主負担分)、労務管理費、宿舎費等)の参考値,2026-03,2026-03-01,mlit-roumu-r8,参1-参3,https://www.mlit.go.jp/report/press/content/001981942.pdf,PDL1.0,,
f4e01e461423e582,JP,labor,労務単価,とび工,所定労働時間内8時間あたり,人日,pref,42,長崎県,,,,28100,JPY,labor_wage_8h,published_pdl,41500,公共工事設計労務単価＋必要経費(法定福利費(事業主負担分)、労務管理費、宿舎費等)の参考値,2026-03,2026-03-01,mlit-roumu-r8,参1-参3,https://www.mlit.go.jp/report/press/content/001981942.pdf,PDL1.0,,
f9a38fc908d4b27e,JP,labor,労務単価,石工,所定労働時間内8時間あたり,人日,pref,42,長崎県,,,,34200,JPY,labor_wage_8h,published_pdl,50500,公共工事設計労務単価＋必要経費(法定福利費(事業主負担分)、労務管理費、宿舎費等)の参考値,2026-03,2026-03-01,mlit-roumu-r8,参1-参3,https://www.mlit.go.jp/report/press/content/001981942.pdf,PDL1.0,,
2cf2c6c7dc7a874e,JP,labor,労務単価,ブロック工,所定労働時間内8時間あたり,人日,pref,42,長崎県,,,,,JPY,labor_wage_8h,not_set,,,2026-03,2026-03-01,mlit-roumu-r8,参1-参3,https://www.mlit.go.jp/report/press/content/001981942.pdf,PDL1.0,,原本の表で『-』(この都道府県ではこの職種の単価を設定していない)
a407c6d43d744d38,JP,labor,労務単価,電工,所定労働時間内8時間あたり,人日,pref,42,長崎県,,,,27300,JPY,labor_wage_8h,published_pdl,40300,公共工事設計労務単価＋必要経費(法定福利費(事業主負担分)、労務管理費、宿舎費等)の参考値,2026-03,2026-03-01,mlit-roumu-r8,参1-参3,https://www.mlit.go.jp/report/press/content/001981942.pdf,PDL1.0,,
e2728810300aa060,JP,labor,労務単価,鉄筋工,所定労働時間内8時間あたり,人日,pref,42,長崎県,,,,29500,JPY,labor_wage_8h,published_pdl,43600,公共工事設計労務単価＋必要経費(法定福利費(事業主負担分)、労務管理費、宿舎費等)の参考値,2026-03,2026-03-01,mlit-roumu-r8,参1-参3,https://www.mlit.go.jp/report/press/content/001981942.pdf,PDL1.0,,
399b7c39aeca0382,JP,labor,労務単価,鉄骨工,所定労働時間内8時間あたり,人日,pref,42,長崎県,,,,26500,JPY,labor_wage_8h,published_pdl,39100,公共工事設計労務単価＋必要経費(法定福利費(事業主負担分)、労務管理費、宿舎費等)の参考値,2026-03,2026-03-01,mlit-roumu-r8,参1-参3,https://www.mlit.go.jp/report/press/content/001981942.pdf,PDL1.0,,
4ed374172634ac12,JP,labor,労務単価,塗装工,所定労働時間内8時間あたり,人日,pref,42,長崎県,,,,29900,JPY,labor_wage_8h,published_pdl,44200,公共工事設計労務単価＋必要経費(法定福利費(事業主負担分)、労務管理費、宿舎費等)の参考値,2026-03,2026-03-01,mlit-roumu-r8,参1-参3,https://www.mlit.go.jp/report/press/content/001981942.pdf,PDL1.0,,
2f35cc25a595492f,JP,labor,労務単価,溶接工,所定労働時間内8時間あたり,人日,pref,42,長崎県,,,,29800,JPY,labor_wage_8h,published_pdl,44000,公共工事設計労務単価＋必要経費(法定福利費(事業主負担分)、労務管理費、宿舎費等)の参考値,2026-03,2026-03-01,mlit-roumu-r8,参1-参3,https://www.mlit.go.jp/report/press/content/001981942.pdf,PDL1.0,,
833abad94c7d64e1,JP,labor,労務単価,運転手（特殊）,所定労働時間内8時間あたり,人日,pref,42,長崎県,,,,26700,JPY,labor_wage_8h,published_pdl,39400,公共工事設計労務単価＋必要経費(法定福利費(事業主負担分)、労務管理費、宿舎費等)の参考値,2026-03,2026-03-01,mlit-roumu-r8,参1-参3,https://www.mlit.go.jp/report/press/content/001981942.pdf,PDL1.0,,
df4192d806fe8d51,JP,labor,労務単価,運転手（一般）,所定労働時間内8時間あたり,人日,pref,42,長崎県,,,,23500,JPY,labor_wage_8h,published_pdl,34700,公共工事設計労務単価＋必要経費(法定福利費(事業主負担分)、労務管理費、宿舎費等)の参考値,2026-03,2026-03-01,mlit-roumu-r8,参1-参3,https://www.mlit.go.jp/report/press/content/001981942.pdf,PDL1.0,,
627a4d92708bcf0c,JP,labor,労務単価,潜かん工,所定労働時間内8時間あたり,人日,pref,42,長崎県,,,,40800,JPY,labor_wage_8h,published_pdl,60300,公共工事設計労務単価＋必要経費(法定福利費(事業主負担分)、労務管理費、宿舎費等)の参考値,2026-03,2026-03-01,mlit-roumu-r8,参1-参3,https://www.mlit.go.jp/report/press/content/001981942.pdf,PDL1.0,,
0b1be6c392425d4f,JP,labor,労務単価,潜かん世話役,所定労働時間内8時間あたり,人日,pref,42,長崎県,,,,50000,JPY,labor_wage_8h,published_pdl,73900,公共工事設計労務単価＋必要経費(法定福利費(事業主負担分)、労務管理費、宿舎費等)の参考値,2026-03,2026-03-01,mlit-roumu-r8,参1-参3,https://www.mlit.go.jp/report/press/content/001981942.pdf,PDL1.0,,
dc75402c802fabff,JP,labor,労務単価,さく岩工,所定労働時間内8時間あたり,人日,pref,42,長崎県,,,,40000,JPY,labor_wage_8h,published_pdl,59100,公共工事設計労務単価＋必要経費(法定福利費(事業主負担分)、労務管理費、宿舎費等)の参考値,2026-03,2026-03-01,mlit-roumu-r8,参1-参3,https://www.mlit.go.jp/report/press/content/001981942.pdf,PDL1.0,,
8d17013352caf779,JP,labor,労務単価,トンネル特殊工,所定労働時間内8時間あたり,人日,pref,42,長崎県,,,,47300,JPY,labor_wage_8h,published_pdl,69900,公共工事設計労務単価＋必要経費(法定福利費(事業主負担分)、労務管理費、宿舎費等)の参考値,2026-03,2026-03-01,mlit-roumu-r8,参1-参3,https://www.mlit.go.jp/report/press/content/001981942.pdf,PDL1.0,,
0ea2f0bdc847f491,JP,labor,労務単価,トンネル作業員,所定労働時間内8時間あたり,人日,pref,42,長崎県,,,,33500,JPY,labor_wage_8h,published_pdl,49500,公共工事設計労務単価＋必要経費(法定福利費(事業主負担分)、労務管理費、宿舎費等)の参考値,2026-03,2026-03-01,mlit-roumu-r8,参1-参3,https://www.mlit.go.jp/report/press/content/001981942.pdf,PDL1.0,,
3ae37980b7c19647,JP,labor,労務単価,トンネル世話役,所定労働時間内8時間あたり,人日,pref,42,長崎県,,,,51300,JPY,labor_wage_8h,published_pdl,75800,公共工事設計労務単価＋必要経費(法定福利費(事業主負担分)、労務管理費、宿舎費等)の参考値,2026-03,2026-03-01,mlit-roumu-r8,参1-参3,https://www.mlit.go.jp/report/press/content/001981942.pdf,PDL1.0,,
17248720fb596aa0,JP,labor,労務単価,橋りょう特殊工,所定労働時間内8時間あたり,人日,pref,42,長崎県,,,,35000,JPY,labor_wage_8h,published_pdl,51700,公共工事設計労務単価＋必要経費(法定福利費(事業主負担分)、労務管理費、宿舎費等)の参考値,2026-03,2026-03-01,mlit-roumu-r8,参1-参3,https://www.mlit.go.jp/report/press/content/001981942.pdf,PDL1.0,,
1dff578956b3ec6d,JP,labor,労務単価,橋りょう塗装工,所定労働時間内8時間あたり,人日,pref,42,長崎県,,,,37300,JPY,labor_wage_8h,published_pdl,55100,公共工事設計労務単価＋必要経費(法定福利費(事業主負担分)、労務管理費、宿舎費等)の参考値,2026-03,2026-03-01,mlit-roumu-r8,参1-参3,https://www.mlit.go.jp/report/press/content/001981942.pdf,PDL1.0,,
ce698ccfdfdeb1da,JP,labor,労務単価,橋りょう世話役,所定労働時間内8時間あたり,人日,pref,42,長崎県,,,,41900,JPY,labor_wage_8h,published_pdl,61900,公共工事設計労務単価＋必要経費(法定福利費(事業主負担分)、労務管理費、宿舎費等)の参考値,2026-03,2026-03-01,mlit-roumu-r8,参1-参3,https://www.mlit.go.jp/report/press/content/001981942.pdf,PDL1.0,,
86750bcd7d9d072b,JP,labor,労務単価,土木一般世話役,所定労働時間内8時間あたり,人日,pref,42,長崎県,,,,31500,JPY,labor_wage_8h,published_pdl,46500,公共工事設計労務単価＋必要経費(法定福利費(事業主負担分)、労務管理費、宿舎費等)の参考値,2026-03,2026-03-01,mlit-roumu-r8,参1-参3,https://www.mlit.go.jp/report/press/content/001981942.pdf,PDL1.0,,
51a744414684d98f,JP,labor,労務単価,高級船員,所定労働時間内8時間あたり,人日,pref,42,長崎県,,,,34800,JPY,labor_wage_8h,published_pdl,51400,公共工事設計労務単価＋必要経費(法定福利費(事業主負担分)、労務管理費、宿舎費等)の参考値,2026-03,2026-03-01,mlit-roumu-r8,参1-参3,https://www.mlit.go.jp/report/press/content/001981942.pdf,PDL1.0,,
2e02adfa83a5ec24,JP,labor,労務単価,普通船員,所定労働時間内8時間あたり,人日,pref,42,長崎県,,,,28700,JPY,labor_wage_8h,published_pdl,42400,公共工事設計労務単価＋必要経費(法定福利費(事業主負担分)、労務管理費、宿舎費等)の参考値,2026-03,2026-03-01,mlit-roumu-r8,参1-参3,https://www.mlit.go.jp/report/press/content/001981942.pdf,PDL1.0,,
781a3e30880c4b16,JP,labor,労務単価,潜水士,所定労働時間内8時間あたり,人日,pref,42,長崎県,,,,46800,JPY,labor_wage_8h,published_pdl,69100,公共工事設計労務単価＋必要経費(法定福利費(事業主負担分)、労務管理費、宿舎費等)の参考値,2026-03,2026-03-01,mlit-roumu-r8,参1-参3,https://www.mlit.go.jp/report/press/content/001981942.pdf,PDL1.0,,
800dbeb16eb478c7,JP,labor,労務単価,潜水連絡員,所定労働時間内8時間あたり,人日,pref,42,長崎県,,,,29400,JPY,labor_wage_8h,published_pdl,43400,公共工事設計労務単価＋必要経費(法定福利費(事業主負担分)、労務管理費、宿舎費等)の参考値,2026-03,2026-03-01,mlit-roumu-r8,参1-参3,https://www.mlit.go.jp/report/press/content/001981942.pdf,PDL1.0,,
828ea7b5f67c9acf,JP,labor,労務単価,潜水送気員,所定労働時間内8時間あたり,人日,pref,42,長崎県,,,,30300,JPY,labor_wage_8h,published_pdl,44800,公共工事設計労務単価＋必要経費(法定福利費(事業主負担分)、労務管理費、宿舎費等)の参考値,2026-03,2026-03-01,mlit-roumu-r8,参1-参3,https://www.mlit.go.jp/report/press/content/001981942.pdf,PDL1.0,,
2498e81fbfd94ccf,JP,labor,労務単価,山林砂防工,所定労働時間内8時間あたり,人日,pref,42,長崎県,,,,,JPY,labor_wage_8h,not_set,,,2026-03,2026-03-01,mlit-roumu-r8,参1-参3,https://www.mlit.go.jp/report/press/content/001981942.pdf,PDL1.0,,原本の表で『-』(この都道府県ではこの職種の単価を設定していない)
59c6fbb1a7291762,JP,labor,労務単価,軌道工,所定労働時間内8時間あたり,人日,pref,42,長崎県,,,,39700,JPY,labor_wage_8h,published_pdl,58600,公共工事設計労務単価＋必要経費(法定福利費(事業主負担分)、労務管理費、宿舎費等)の参考値,2026-03,2026-03-01,mlit-roumu-r8,参1-参3,https://www.mlit.go.jp/report/press/content/001981942.pdf,PDL1.0,,
dac8d249274f477c,JP,labor,労務単価,型わく工,所定労働時間内8時間あたり,人日,pref,42,長崎県,,,,28000,JPY,labor_wage_8h,published_pdl,41400,公共工事設計労務単価＋必要経費(法定福利費(事業主負担分)、労務管理費、宿舎費等)の参考値,2026-03,2026-03-01,mlit-roumu-r8,参1-参3,https://www.mlit.go.jp/report/press/content/001981942.pdf,PDL1.0,,
3708c4bea2e06934,JP,labor,労務単価,大工,所定労働時間内8時間あたり,人日,pref,42,長崎県,,,,29500,JPY,labor_wage_8h,published_pdl,43600,公共工事設計労務単価＋必要経費(法定福利費(事業主負担分)、労務管理費、宿舎費等)の参考値,2026-03,2026-03-01,mlit-roumu-r8,参1-参3,https://www.mlit.go.jp/report/press/content/001981942.pdf,PDL1.0,,
87501e18564060de,JP,labor,労務単価,左官,所定労働時間内8時間あたり,人日,pref,42,長崎県,,,,29300,JPY,labor_wage_8h,published_pdl,43300,公共工事設計労務単価＋必要経費(法定福利費(事業主負担分)、労務管理費、宿舎費等)の参考値,2026-03,2026-03-01,mlit-roumu-r8,参1-参3,https://www.mlit.go.jp/report/press/content/001981942.pdf,PDL1.0,,
04ceb153e5bad885,JP,labor,労務単価,配管工,所定労働時間内8時間あたり,人日,pref,42,長崎県,,,,26100,JPY,labor_wage_8h,published_pdl,38500,公共工事設計労務単価＋必要経費(法定福利費(事業主負担分)、労務管理費、宿舎費等)の参考値,2026-03,2026-03-01,mlit-roumu-r8,参1-参3,https://www.mlit.go.jp/report/press/content/001981942.pdf,PDL1.0,,
e8266f0bb4fde50e,JP,labor,労務単価,はつり工,所定労働時間内8時間あたり,人日,pref,42,長崎県,,,,30400,JPY,labor_wage_8h,published_pdl,44900,公共工事設計労務単価＋必要経費(法定福利費(事業主負担分)、労務管理費、宿舎費等)の参考値,2026-03,2026-03-01,mlit-roumu-r8,参1-参3,https://www.mlit.go.jp/report/press/content/001981942.pdf,PDL1.0,,
c82d03a230f2427a,JP,labor,労務単価,防水工,所定労働時間内8時間あたり,人日,pref,42,長崎県,,,,29600,JPY,labor_wage_8h,published_pdl,43700,公共工事設計労務単価＋必要経費(法定福利費(事業主負担分)、労務管理費、宿舎費等)の参考値,2026-03,2026-03-01,mlit-roumu-r8,参1-参3,https://www.mlit.go.jp/report/press/content/001981942.pdf,PDL1.0,,
6a3e970f6a5a5f37,JP,labor,労務単価,板金工,所定労働時間内8時間あたり,人日,pref,42,長崎県,,,,29600,JPY,labor_wage_8h,published_pdl,43700,公共工事設計労務単価＋必要経費(法定福利費(事業主負担分)、労務管理費、宿舎費等)の参考値,2026-03,2026-03-01,mlit-roumu-r8,参1-参3,https://www.mlit.go.jp/report/press/content/001981942.pdf,PDL1.0,,
6ea1ed94b552e20a,JP,labor,労務単価,タイル工,所定労働時間内8時間あたり,人日,pref,42,長崎県,,,,,JPY,labor_wage_8h,not_set,,,2026-03,2026-03-01,mlit-roumu-r8,参1-参3,https://www.mlit.go.jp/report/press/content/001981942.pdf,PDL1.0,,原本の表で『-』(この都道府県ではこの職種の単価を設定していない)
407e192d48bcccff,JP,labor,労務単価,サッシ工,所定労働時間内8時間あたり,人日,pref,42,長崎県,,,,37100,JPY,labor_wage_8h,published_pdl,54800,公共工事設計労務単価＋必要経費(法定福利費(事業主負担分)、労務管理費、宿舎費等)の参考値,2026-03,2026-03-01,mlit-roumu-r8,参1-参3,https://www.mlit.go.jp/report/press/content/001981942.pdf,PDL1.0,,
687c30ad20a5fc8b,JP,labor,労務単価,屋根ふき工,所定労働時間内8時間あたり,人日,pref,42,長崎県,,,,,JPY,labor_wage_8h,not_set,,,2026-03,2026-03-01,mlit-roumu-r8,参1-参3,https://www.mlit.go.jp/report/press/content/001981942.pdf,PDL1.0,,原本の表で『-』(この都道府県ではこの職種の単価を設定していない)
6b6c9e87ac53abbd,JP,labor,労務単価,内装工,所定労働時間内8時間あたり,人日,pref,42,長崎県,,,,32500,JPY,labor_wage_8h,published_pdl,48000,公共工事設計労務単価＋必要経費(法定福利費(事業主負担分)、労務管理費、宿舎費等)の参考値,2026-03,2026-03-01,mlit-roumu-r8,参1-参3,https://www.mlit.go.jp/report/press/content/001981942.pdf,PDL1.0,,
af80856bf87d59aa,JP,labor,労務単価,ガラス工,所定労働時間内8時間あたり,人日,pref,42,長崎県,,,,30900,JPY,labor_wage_8h,published_pdl,45600,公共工事設計労務単価＋必要経費(法定福利費(事業主負担分)、労務管理費、宿舎費等)の参考値,2026-03,2026-03-01,mlit-roumu-r8,参1-参3,https://www.mlit.go.jp/report/press/content/001981942.pdf,PDL1.0,,
02b7641f683a39e1,JP,labor,労務単価,建具工,所定労働時間内8時間あたり,人日,pref,42,長崎県,,,,,JPY,labor_wage_8h,not_set,,,2026-03,2026-03-01,mlit-roumu-r8,参1-参3,https://www.mlit.go.jp/report/press/content/001981942.pdf,PDL1.0,,原本の表で『-』(この都道府県ではこの職種の単価を設定していない)
4380ee593d67daea,JP,labor,労務単価,ダクト工,所定労働時間内8時間あたり,人日,pref,42,長崎県,,,,25900,JPY,labor_wage_8h,published_pdl,38300,公共工事設計労務単価＋必要経費(法定福利費(事業主負担分)、労務管理費、宿舎費等)の参考値,2026-03,2026-03-01,mlit-roumu-r8,参1-参3,https://www.mlit.go.jp/report/press/content/001981942.pdf,PDL1.0,,
e6836c286cd0a71f,JP,labor,労務単価,保温工,所定労働時間内8時間あたり,人日,pref,42,長崎県,,,,28400,JPY,labor_wage_8h,published_pdl,41900,公共工事設計労務単価＋必要経費(法定福利費(事業主負担分)、労務管理費、宿舎費等)の参考値,2026-03,2026-03-01,mlit-roumu-r8,参1-参3,https://www.mlit.go.jp/report/press/content/001981942.pdf,PDL1.0,,
7cbc962a5cdf76e5,JP,labor,労務単価,設備機械工,所定労働時間内8時間あたり,人日,pref,42,長崎県,,,,29900,JPY,labor_wage_8h,published_pdl,44200,公共工事設計労務単価＋必要経費(法定福利費(事業主負担分)、労務管理費、宿舎費等)の参考値,2026-03,2026-03-01,mlit-roumu-r8,参1-参3,https://www.mlit.go.jp/report/press/content/001981942.pdf,PDL1.0,,
9a452650d793c464,JP,labor,労務単価,交通誘導警備員Ａ,所定労働時間内8時間あたり,人日,pref,42,長崎県,,,,18500,JPY,labor_wage_8h,published_pdl,27300,公共工事設計労務単価＋必要経費(法定福利費(事業主負担分)、労務管理費、宿舎費等)の参考値,2026-03,2026-03-01,mlit-roumu-r8,参1-参3,https://www.mlit.go.jp/report/press/content/001981942.pdf,PDL1.0,,
d8df952450d079a6,JP,labor,労務単価,交通誘導警備員Ｂ,所定労働時間内8時間あたり,人日,pref,42,長崎県,,,,17200,JPY,labor_wage_8h,published_pdl,25400,公共工事設計労務単価＋必要経費(法定福利費(事業主負担分)、労務管理費、宿舎費等)の参考値,2026-03,2026-03-01,mlit-roumu-r8,参1-参3,https://www.mlit.go.jp/report/press/content/001981942.pdf,PDL1.0,,
b53a6e80bccbad71,JP,labor,労務単価,特殊作業員,所定労働時間内8時間あたり,人日,pref,43,熊本県,,,,27100,JPY,labor_wage_8h,published_pdl,40000,公共工事設計労務単価＋必要経費(法定福利費(事業主負担分)、労務管理費、宿舎費等)の参考値,2026-03,2026-03-01,mlit-roumu-r8,参1-参3,https://www.mlit.go.jp/report/press/content/001981942.pdf,PDL1.0,,
c001570ef8ae822e,JP,labor,労務単価,普通作業員,所定労働時間内8時間あたり,人日,pref,43,熊本県,,,,22100,JPY,labor_wage_8h,published_pdl,32600,公共工事設計労務単価＋必要経費(法定福利費(事業主負担分)、労務管理費、宿舎費等)の参考値,2026-03,2026-03-01,mlit-roumu-r8,参1-参3,https://www.mlit.go.jp/report/press/content/001981942.pdf,PDL1.0,,
1a66268a01578b89,JP,labor,労務単価,軽作業員,所定労働時間内8時間あたり,人日,pref,43,熊本県,,,,18200,JPY,labor_wage_8h,published_pdl,26900,公共工事設計労務単価＋必要経費(法定福利費(事業主負担分)、労務管理費、宿舎費等)の参考値,2026-03,2026-03-01,mlit-roumu-r8,参1-参3,https://www.mlit.go.jp/report/press/content/001981942.pdf,PDL1.0,,
c2879f974336ac6f,JP,labor,労務単価,造園工,所定労働時間内8時間あたり,人日,pref,43,熊本県,,,,25600,JPY,labor_wage_8h,published_pdl,37800,公共工事設計労務単価＋必要経費(法定福利費(事業主負担分)、労務管理費、宿舎費等)の参考値,2026-03,2026-03-01,mlit-roumu-r8,参1-参3,https://www.mlit.go.jp/report/press/content/001981942.pdf,PDL1.0,,
75a82ec9bce773c5,JP,labor,労務単価,法面工,所定労働時間内8時間あたり,人日,pref,43,熊本県,,,,31400,JPY,labor_wage_8h,published_pdl,46400,公共工事設計労務単価＋必要経費(法定福利費(事業主負担分)、労務管理費、宿舎費等)の参考値,2026-03,2026-03-01,mlit-roumu-r8,参1-参3,https://www.mlit.go.jp/report/press/content/001981942.pdf,PDL1.0,,
b33d420b97fb8394,JP,labor,労務単価,とび工,所定労働時間内8時間あたり,人日,pref,43,熊本県,,,,29000,JPY,labor_wage_8h,published_pdl,42800,公共工事設計労務単価＋必要経費(法定福利費(事業主負担分)、労務管理費、宿舎費等)の参考値,2026-03,2026-03-01,mlit-roumu-r8,参1-参3,https://www.mlit.go.jp/report/press/content/001981942.pdf,PDL1.0,,
0b7b06a26624431d,JP,labor,労務単価,石工,所定労働時間内8時間あたり,人日,pref,43,熊本県,,,,33600,JPY,labor_wage_8h,published_pdl,49600,公共工事設計労務単価＋必要経費(法定福利費(事業主負担分)、労務管理費、宿舎費等)の参考値,2026-03,2026-03-01,mlit-roumu-r8,参1-参3,https://www.mlit.go.jp/report/press/content/001981942.pdf,PDL1.0,,
bc327a358740dc85,JP,labor,労務単価,ブロック工,所定労働時間内8時間あたり,人日,pref,43,熊本県,,,,,JPY,labor_wage_8h,not_set,,,2026-03,2026-03-01,mlit-roumu-r8,参1-参3,https://www.mlit.go.jp/report/press/content/001981942.pdf,PDL1.0,,原本の表で『-』(この都道府県ではこの職種の単価を設定していない)
9d513296c8f6029c,JP,labor,労務単価,電工,所定労働時間内8時間あたり,人日,pref,43,熊本県,,,,26500,JPY,labor_wage_8h,published_pdl,39100,公共工事設計労務単価＋必要経費(法定福利費(事業主負担分)、労務管理費、宿舎費等)の参考値,2026-03,2026-03-01,mlit-roumu-r8,参1-参3,https://www.mlit.go.jp/report/press/content/001981942.pdf,PDL1.0,,
8a629fbc66ea90e8,JP,labor,労務単価,鉄筋工,所定労働時間内8時間あたり,人日,pref,43,熊本県,,,,30000,JPY,labor_wage_8h,published_pdl,44300,公共工事設計労務単価＋必要経費(法定福利費(事業主負担分)、労務管理費、宿舎費等)の参考値,2026-03,2026-03-01,mlit-roumu-r8,参1-参3,https://www.mlit.go.jp/report/press/content/001981942.pdf,PDL1.0,,
647ad81b887f52b6,JP,labor,労務単価,鉄骨工,所定労働時間内8時間あたり,人日,pref,43,熊本県,,,,26500,JPY,labor_wage_8h,published_pdl,39100,公共工事設計労務単価＋必要経費(法定福利費(事業主負担分)、労務管理費、宿舎費等)の参考値,2026-03,2026-03-01,mlit-roumu-r8,参1-参3,https://www.mlit.go.jp/report/press/content/001981942.pdf,PDL1.0,,
a7535670731fffe6,JP,labor,労務単価,塗装工,所定労働時間内8時間あたり,人日,pref,43,熊本県,,,,29300,JPY,labor_wage_8h,published_pdl,43300,公共工事設計労務単価＋必要経費(法定福利費(事業主負担分)、労務管理費、宿舎費等)の参考値,2026-03,2026-03-01,mlit-roumu-r8,参1-参3,https://www.mlit.go.jp/report/press/content/001981942.pdf,PDL1.0,,
19a32eb7024e5a78,JP,labor,労務単価,溶接工,所定労働時間内8時間あたり,人日,pref,43,熊本県,,,,29900,JPY,labor_wage_8h,published_pdl,44200,公共工事設計労務単価＋必要経費(法定福利費(事業主負担分)、労務管理費、宿舎費等)の参考値,2026-03,2026-03-01,mlit-roumu-r8,参1-参3,https://www.mlit.go.jp/report/press/content/001981942.pdf,PDL1.0,,
d8933bd66c6e0d5d,JP,labor,労務単価,運転手（特殊）,所定労働時間内8時間あたり,人日,pref,43,熊本県,,,,27400,JPY,labor_wage_8h,published_pdl,40500,公共工事設計労務単価＋必要経費(法定福利費(事業主負担分)、労務管理費、宿舎費等)の参考値,2026-03,2026-03-01,mlit-roumu-r8,参1-参3,https://www.mlit.go.jp/report/press/content/001981942.pdf,PDL1.0,,
15f3d06598e1b0c3,JP,labor,労務単価,運転手（一般）,所定労働時間内8時間あたり,人日,pref,43,熊本県,,,,23800,JPY,labor_wage_8h,published_pdl,35200,公共工事設計労務単価＋必要経費(法定福利費(事業主負担分)、労務管理費、宿舎費等)の参考値,2026-03,2026-03-01,mlit-roumu-r8,参1-参3,https://www.mlit.go.jp/report/press/content/001981942.pdf,PDL1.0,,
611b1b5cc0c0004e,JP,labor,労務単価,潜かん工,所定労働時間内8時間あたり,人日,pref,43,熊本県,,,,40700,JPY,labor_wage_8h,published_pdl,60100,公共工事設計労務単価＋必要経費(法定福利費(事業主負担分)、労務管理費、宿舎費等)の参考値,2026-03,2026-03-01,mlit-roumu-r8,参1-参3,https://www.mlit.go.jp/report/press/content/001981942.pdf,PDL1.0,,
858dc92023d32da6,JP,labor,労務単価,潜かん世話役,所定労働時間内8時間あたり,人日,pref,43,熊本県,,,,49800,JPY,labor_wage_8h,published_pdl,73600,公共工事設計労務単価＋必要経費(法定福利費(事業主負担分)、労務管理費、宿舎費等)の参考値,2026-03,2026-03-01,mlit-roumu-r8,参1-参3,https://www.mlit.go.jp/report/press/content/001981942.pdf,PDL1.0,,
fe088a51344a7f98,JP,labor,労務単価,さく岩工,所定労働時間内8時間あたり,人日,pref,43,熊本県,,,,39800,JPY,labor_wage_8h,published_pdl,58800,公共工事設計労務単価＋必要経費(法定福利費(事業主負担分)、労務管理費、宿舎費等)の参考値,2026-03,2026-03-01,mlit-roumu-r8,参1-参3,https://www.mlit.go.jp/report/press/content/001981942.pdf,PDL1.0,,
5cbbc722d43dca87,JP,labor,労務単価,トンネル特殊工,所定労働時間内8時間あたり,人日,pref,43,熊本県,,,,47000,JPY,labor_wage_8h,published_pdl,69400,公共工事設計労務単価＋必要経費(法定福利費(事業主負担分)、労務管理費、宿舎費等)の参考値,2026-03,2026-03-01,mlit-roumu-r8,参1-参3,https://www.mlit.go.jp/report/press/content/001981942.pdf,PDL1.0,,
711e46f56dda7bef,JP,labor,労務単価,トンネル作業員,所定労働時間内8時間あたり,人日,pref,43,熊本県,,,,31800,JPY,labor_wage_8h,published_pdl,47000,公共工事設計労務単価＋必要経費(法定福利費(事業主負担分)、労務管理費、宿舎費等)の参考値,2026-03,2026-03-01,mlit-roumu-r8,参1-参3,https://www.mlit.go.jp/report/press/content/001981942.pdf,PDL1.0,,
54e561b6977e1c89,JP,labor,労務単価,トンネル世話役,所定労働時間内8時間あたり,人日,pref,43,熊本県,,,,50500,JPY,labor_wage_8h,published_pdl,74600,公共工事設計労務単価＋必要経費(法定福利費(事業主負担分)、労務管理費、宿舎費等)の参考値,2026-03,2026-03-01,mlit-roumu-r8,参1-参3,https://www.mlit.go.jp/report/press/content/001981942.pdf,PDL1.0,,
fb9624e670b7c3a7,JP,labor,労務単価,橋りょう特殊工,所定労働時間内8時間あたり,人日,pref,43,熊本県,,,,34500,JPY,labor_wage_8h,published_pdl,51000,公共工事設計労務単価＋必要経費(法定福利費(事業主負担分)、労務管理費、宿舎費等)の参考値,2026-03,2026-03-01,mlit-roumu-r8,参1-参3,https://www.mlit.go.jp/report/press/content/001981942.pdf,PDL1.0,,
0e25abf47efc1cf8,JP,labor,労務単価,橋りょう塗装工,所定労働時間内8時間あたり,人日,pref,43,熊本県,,,,36700,JPY,labor_wage_8h,published_pdl,54200,公共工事設計労務単価＋必要経費(法定福利費(事業主負担分)、労務管理費、宿舎費等)の参考値,2026-03,2026-03-01,mlit-roumu-r8,参1-参3,https://www.mlit.go.jp/report/press/content/001981942.pdf,PDL1.0,,
426a13b3316e03bd,JP,labor,労務単価,橋りょう世話役,所定労働時間内8時間あたり,人日,pref,43,熊本県,,,,39800,JPY,labor_wage_8h,published_pdl,58800,公共工事設計労務単価＋必要経費(法定福利費(事業主負担分)、労務管理費、宿舎費等)の参考値,2026-03,2026-03-01,mlit-roumu-r8,参1-参3,https://www.mlit.go.jp/report/press/content/001981942.pdf,PDL1.0,,
5dd502fc2f6bf931,JP,labor,労務単価,土木一般世話役,所定労働時間内8時間あたり,人日,pref,43,熊本県,,,,32300,JPY,labor_wage_8h,published_pdl,47700,公共工事設計労務単価＋必要経費(法定福利費(事業主負担分)、労務管理費、宿舎費等)の参考値,2026-03,2026-03-01,mlit-roumu-r8,参1-参3,https://www.mlit.go.jp/report/press/content/001981942.pdf,PDL1.0,,
92d62db5ebcd83e7,JP,labor,労務単価,高級船員,所定労働時間内8時間あたり,人日,pref,43,熊本県,,,,36000,JPY,labor_wage_8h,published_pdl,53200,公共工事設計労務単価＋必要経費(法定福利費(事業主負担分)、労務管理費、宿舎費等)の参考値,2026-03,2026-03-01,mlit-roumu-r8,参1-参3,https://www.mlit.go.jp/report/press/content/001981942.pdf,PDL1.0,,
02a3787c8fdfc4cb,JP,labor,労務単価,普通船員,所定労働時間内8時間あたり,人日,pref,43,熊本県,,,,28700,JPY,labor_wage_8h,published_pdl,42400,公共工事設計労務単価＋必要経費(法定福利費(事業主負担分)、労務管理費、宿舎費等)の参考値,2026-03,2026-03-01,mlit-roumu-r8,参1-参3,https://www.mlit.go.jp/report/press/content/001981942.pdf,PDL1.0,,
eb62dd44a080cffa,JP,labor,労務単価,潜水士,所定労働時間内8時間あたり,人日,pref,43,熊本県,,,,46400,JPY,labor_wage_8h,published_pdl,68500,公共工事設計労務単価＋必要経費(法定福利費(事業主負担分)、労務管理費、宿舎費等)の参考値,2026-03,2026-03-01,mlit-roumu-r8,参1-参3,https://www.mlit.go.jp/report/press/content/001981942.pdf,PDL1.0,,
0b98ca6af425facb,JP,labor,労務単価,潜水連絡員,所定労働時間内8時間あたり,人日,pref,43,熊本県,,,,29200,JPY,labor_wage_8h,published_pdl,43100,公共工事設計労務単価＋必要経費(法定福利費(事業主負担分)、労務管理費、宿舎費等)の参考値,2026-03,2026-03-01,mlit-roumu-r8,参1-参3,https://www.mlit.go.jp/report/press/content/001981942.pdf,PDL1.0,,
0d4d324749356258,JP,labor,労務単価,潜水送気員,所定労働時間内8時間あたり,人日,pref,43,熊本県,,,,30100,JPY,labor_wage_8h,published_pdl,44500,公共工事設計労務単価＋必要経費(法定福利費(事業主負担分)、労務管理費、宿舎費等)の参考値,2026-03,2026-03-01,mlit-roumu-r8,参1-参3,https://www.mlit.go.jp/report/press/content/001981942.pdf,PDL1.0,,
cb7bc17674aa7fa2,JP,labor,労務単価,山林砂防工,所定労働時間内8時間あたり,人日,pref,43,熊本県,,,,,JPY,labor_wage_8h,not_set,,,2026-03,2026-03-01,mlit-roumu-r8,参1-参3,https://www.mlit.go.jp/report/press/content/001981942.pdf,PDL1.0,,原本の表で『-』(この都道府県ではこの職種の単価を設定していない)
13dee5d9597a3845,JP,labor,労務単価,軌道工,所定労働時間内8時間あたり,人日,pref,43,熊本県,,,,39000,JPY,labor_wage_8h,published_pdl,57600,公共工事設計労務単価＋必要経費(法定福利費(事業主負担分)、労務管理費、宿舎費等)の参考値,2026-03,2026-03-01,mlit-roumu-r8,参1-参3,https://www.mlit.go.jp/report/press/content/001981942.pdf,PDL1.0,,
b43dba59c31704cf,JP,labor,労務単価,型わく工,所定労働時間内8時間あたり,人日,pref,43,熊本県,,,,27900,JPY,labor_wage_8h,published_pdl,41200,公共工事設計労務単価＋必要経費(法定福利費(事業主負担分)、労務管理費、宿舎費等)の参考値,2026-03,2026-03-01,mlit-roumu-r8,参1-参3,https://www.mlit.go.jp/report/press/content/001981942.pdf,PDL1.0,,
a2258f0c8963b278,JP,labor,労務単価,大工,所定労働時間内8時間あたり,人日,pref,43,熊本県,,,,29200,JPY,labor_wage_8h,published_pdl,43100,公共工事設計労務単価＋必要経費(法定福利費(事業主負担分)、労務管理費、宿舎費等)の参考値,2026-03,2026-03-01,mlit-roumu-r8,参1-参3,https://www.mlit.go.jp/report/press/content/001981942.pdf,PDL1.0,,
9746491b223810db,JP,labor,労務単価,左官,所定労働時間内8時間あたり,人日,pref,43,熊本県,,,,28400,JPY,labor_wage_8h,published_pdl,41900,公共工事設計労務単価＋必要経費(法定福利費(事業主負担分)、労務管理費、宿舎費等)の参考値,2026-03,2026-03-01,mlit-roumu-r8,参1-参3,https://www.mlit.go.jp/report/press/content/001981942.pdf,PDL1.0,,
a55ccb910fda9302,JP,labor,労務単価,配管工,所定労働時間内8時間あたり,人日,pref,43,熊本県,,,,25300,JPY,labor_wage_8h,published_pdl,37400,公共工事設計労務単価＋必要経費(法定福利費(事業主負担分)、労務管理費、宿舎費等)の参考値,2026-03,2026-03-01,mlit-roumu-r8,参1-参3,https://www.mlit.go.jp/report/press/content/001981942.pdf,PDL1.0,,
4645015f650510ce,JP,labor,労務単価,はつり工,所定労働時間内8時間あたり,人日,pref,43,熊本県,,,,30000,JPY,labor_wage_8h,published_pdl,44300,公共工事設計労務単価＋必要経費(法定福利費(事業主負担分)、労務管理費、宿舎費等)の参考値,2026-03,2026-03-01,mlit-roumu-r8,参1-参3,https://www.mlit.go.jp/report/press/content/001981942.pdf,PDL1.0,,
5e53550bf38c5cd0,JP,labor,労務単価,防水工,所定労働時間内8時間あたり,人日,pref,43,熊本県,,,,29400,JPY,labor_wage_8h,published_pdl,43400,公共工事設計労務単価＋必要経費(法定福利費(事業主負担分)、労務管理費、宿舎費等)の参考値,2026-03,2026-03-01,mlit-roumu-r8,参1-参3,https://www.mlit.go.jp/report/press/content/001981942.pdf,PDL1.0,,
ddbf16de73a96330,JP,labor,労務単価,板金工,所定労働時間内8時間あたり,人日,pref,43,熊本県,,,,28800,JPY,labor_wage_8h,published_pdl,42500,公共工事設計労務単価＋必要経費(法定福利費(事業主負担分)、労務管理費、宿舎費等)の参考値,2026-03,2026-03-01,mlit-roumu-r8,参1-参3,https://www.mlit.go.jp/report/press/content/001981942.pdf,PDL1.0,,
da2714688e6adedb,JP,labor,労務単価,タイル工,所定労働時間内8時間あたり,人日,pref,43,熊本県,,,,,JPY,labor_wage_8h,not_set,,,2026-03,2026-03-01,mlit-roumu-r8,参1-参3,https://www.mlit.go.jp/report/press/content/001981942.pdf,PDL1.0,,原本の表で『-』(この都道府県ではこの職種の単価を設定していない)
31c3765ad1a40910,JP,labor,労務単価,サッシ工,所定労働時間内8時間あたり,人日,pref,43,熊本県,,,,37000,JPY,labor_wage_8h,published_pdl,54600,公共工事設計労務単価＋必要経費(法定福利費(事業主負担分)、労務管理費、宿舎費等)の参考値,2026-03,2026-03-01,mlit-roumu-r8,参1-参3,https://www.mlit.go.jp/report/press/content/001981942.pdf,PDL1.0,,
d3e773ef232b9418,JP,labor,労務単価,屋根ふき工,所定労働時間内8時間あたり,人日,pref,43,熊本県,,,,,JPY,labor_wage_8h,not_set,,,2026-03,2026-03-01,mlit-roumu-r8,参1-参3,https://www.mlit.go.jp/report/press/content/001981942.pdf,PDL1.0,,原本の表で『-』(この都道府県ではこの職種の単価を設定していない)
894315d22b4e1fea,JP,labor,労務単価,内装工,所定労働時間内8時間あたり,人日,pref,43,熊本県,,,,30800,JPY,labor_wage_8h,published_pdl,45500,公共工事設計労務単価＋必要経費(法定福利費(事業主負担分)、労務管理費、宿舎費等)の参考値,2026-03,2026-03-01,mlit-roumu-r8,参1-参3,https://www.mlit.go.jp/report/press/content/001981942.pdf,PDL1.0,,
95d89ab9f6def584,JP,labor,労務単価,ガラス工,所定労働時間内8時間あたり,人日,pref,43,熊本県,,,,30800,JPY,labor_wage_8h,published_pdl,45500,公共工事設計労務単価＋必要経費(法定福利費(事業主負担分)、労務管理費、宿舎費等)の参考値,2026-03,2026-03-01,mlit-roumu-r8,参1-参3,https://www.mlit.go.jp/report/press/content/001981942.pdf,PDL1.0,,
925c7d065aa4cf8a,JP,labor,労務単価,建具工,所定労働時間内8時間あたり,人日,pref,43,熊本県,,,,,JPY,labor_wage_8h,not_set,,,2026-03,2026-03-01,mlit-roumu-r8,参1-参3,https://www.mlit.go.jp/report/press/content/001981942.pdf,PDL1.0,,原本の表で『-』(この都道府県ではこの職種の単価を設定していない)
4552eca68754cff3,JP,labor,労務単価,ダクト工,所定労働時間内8時間あたり,人日,pref,43,熊本県,,,,25200,JPY,labor_wage_8h,published_pdl,37200,公共工事設計労務単価＋必要経費(法定福利費(事業主負担分)、労務管理費、宿舎費等)の参考値,2026-03,2026-03-01,mlit-roumu-r8,参1-参3,https://www.mlit.go.jp/report/press/content/001981942.pdf,PDL1.0,,
ca0da3fca504cbd4,JP,labor,労務単価,保温工,所定労働時間内8時間あたり,人日,pref,43,熊本県,,,,28000,JPY,labor_wage_8h,published_pdl,41400,公共工事設計労務単価＋必要経費(法定福利費(事業主負担分)、労務管理費、宿舎費等)の参考値,2026-03,2026-03-01,mlit-roumu-r8,参1-参3,https://www.mlit.go.jp/report/press/content/001981942.pdf,PDL1.0,,
0048b5992af3c8be,JP,labor,労務単価,設備機械工,所定労働時間内8時間あたり,人日,pref,43,熊本県,,,,29000,JPY,labor_wage_8h,published_pdl,42800,公共工事設計労務単価＋必要経費(法定福利費(事業主負担分)、労務管理費、宿舎費等)の参考値,2026-03,2026-03-01,mlit-roumu-r8,参1-参3,https://www.mlit.go.jp/report/press/content/001981942.pdf,PDL1.0,,
3193b083c9a5bbad,JP,labor,労務単価,交通誘導警備員Ａ,所定労働時間内8時間あたり,人日,pref,43,熊本県,,,,17700,JPY,labor_wage_8h,published_pdl,26100,公共工事設計労務単価＋必要経費(法定福利費(事業主負担分)、労務管理費、宿舎費等)の参考値,2026-03,2026-03-01,mlit-roumu-r8,参1-参3,https://www.mlit.go.jp/report/press/content/001981942.pdf,PDL1.0,,
63d733baa0d0b4a7,JP,labor,労務単価,交通誘導警備員Ｂ,所定労働時間内8時間あたり,人日,pref,43,熊本県,,,,15500,JPY,labor_wage_8h,published_pdl,22900,公共工事設計労務単価＋必要経費(法定福利費(事業主負担分)、労務管理費、宿舎費等)の参考値,2026-03,2026-03-01,mlit-roumu-r8,参1-参3,https://www.mlit.go.jp/report/press/content/001981942.pdf,PDL1.0,,
1029f8f66c497c30,JP,labor,労務単価,特殊作業員,所定労働時間内8時間あたり,人日,pref,44,大分県,,,,26300,JPY,labor_wage_8h,published_pdl,38800,公共工事設計労務単価＋必要経費(法定福利費(事業主負担分)、労務管理費、宿舎費等)の参考値,2026-03,2026-03-01,mlit-roumu-r8,参1-参3,https://www.mlit.go.jp/report/press/content/001981942.pdf,PDL1.0,,
074f347592dc926d,JP,labor,労務単価,普通作業員,所定労働時間内8時間あたり,人日,pref,44,大分県,,,,21000,JPY,labor_wage_8h,published_pdl,31000,公共工事設計労務単価＋必要経費(法定福利費(事業主負担分)、労務管理費、宿舎費等)の参考値,2026-03,2026-03-01,mlit-roumu-r8,参1-参3,https://www.mlit.go.jp/report/press/content/001981942.pdf,PDL1.0,,
c91930a50244725b,JP,labor,労務単価,軽作業員,所定労働時間内8時間あたり,人日,pref,44,大分県,,,,17400,JPY,labor_wage_8h,published_pdl,25700,公共工事設計労務単価＋必要経費(法定福利費(事業主負担分)、労務管理費、宿舎費等)の参考値,2026-03,2026-03-01,mlit-roumu-r8,参1-参3,https://www.mlit.go.jp/report/press/content/001981942.pdf,PDL1.0,,
410dd1975accaae6,JP,labor,労務単価,造園工,所定労働時間内8時間あたり,人日,pref,44,大分県,,,,25600,JPY,labor_wage_8h,published_pdl,37800,公共工事設計労務単価＋必要経費(法定福利費(事業主負担分)、労務管理費、宿舎費等)の参考値,2026-03,2026-03-01,mlit-roumu-r8,参1-参3,https://www.mlit.go.jp/report/press/content/001981942.pdf,PDL1.0,,
d2eaa4dc48a33892,JP,labor,労務単価,法面工,所定労働時間内8時間あたり,人日,pref,44,大分県,,,,29500,JPY,labor_wage_8h,published_pdl,43600,公共工事設計労務単価＋必要経費(法定福利費(事業主負担分)、労務管理費、宿舎費等)の参考値,2026-03,2026-03-01,mlit-roumu-r8,参1-参3,https://www.mlit.go.jp/report/press/content/001981942.pdf,PDL1.0,,
66b9b6bae8db7c63,JP,labor,労務単価,とび工,所定労働時間内8時間あたり,人日,pref,44,大分県,,,,29000,JPY,labor_wage_8h,published_pdl,42800,公共工事設計労務単価＋必要経費(法定福利費(事業主負担分)、労務管理費、宿舎費等)の参考値,2026-03,2026-03-01,mlit-roumu-r8,参1-参3,https://www.mlit.go.jp/report/press/content/001981942.pdf,PDL1.0,,
9b0c82e89441c028,JP,labor,労務単価,石工,所定労働時間内8時間あたり,人日,pref,44,大分県,,,,33500,JPY,labor_wage_8h,published_pdl,49500,公共工事設計労務単価＋必要経費(法定福利費(事業主負担分)、労務管理費、宿舎費等)の参考値,2026-03,2026-03-01,mlit-roumu-r8,参1-参3,https://www.mlit.go.jp/report/press/content/001981942.pdf,PDL1.0,,
5c11768468fecb68,JP,labor,労務単価,ブロック工,所定労働時間内8時間あたり,人日,pref,44,大分県,,,,,JPY,labor_wage_8h,not_set,,,2026-03,2026-03-01,mlit-roumu-r8,参1-参3,https://www.mlit.go.jp/report/press/content/001981942.pdf,PDL1.0,,原本の表で『-』(この都道府県ではこの職種の単価を設定していない)
49598d805a854140,JP,labor,労務単価,電工,所定労働時間内8時間あたり,人日,pref,44,大分県,,,,27200,JPY,labor_wage_8h,published_pdl,40200,公共工事設計労務単価＋必要経費(法定福利費(事業主負担分)、労務管理費、宿舎費等)の参考値,2026-03,2026-03-01,mlit-roumu-r8,参1-参3,https://www.mlit.go.jp/report/press/content/001981942.pdf,PDL1.0,,
eac6646a6e8c6d0e,JP,labor,労務単価,鉄筋工,所定労働時間内8時間あたり,人日,pref,44,大分県,,,,30200,JPY,labor_wage_8h,published_pdl,44600,公共工事設計労務単価＋必要経費(法定福利費(事業主負担分)、労務管理費、宿舎費等)の参考値,2026-03,2026-03-01,mlit-roumu-r8,参1-参3,https://www.mlit.go.jp/report/press/content/001981942.pdf,PDL1.0,,
8794ca5e48debc2a,JP,labor,労務単価,鉄骨工,所定労働時間内8時間あたり,人日,pref,44,大分県,,,,26900,JPY,labor_wage_8h,published_pdl,39700,公共工事設計労務単価＋必要経費(法定福利費(事業主負担分)、労務管理費、宿舎費等)の参考値,2026-03,2026-03-01,mlit-roumu-r8,参1-参3,https://www.mlit.go.jp/report/press/content/001981942.pdf,PDL1.0,,
8361f7bec3759ee9,JP,labor,労務単価,塗装工,所定労働時間内8時間あたり,人日,pref,44,大分県,,,,28500,JPY,labor_wage_8h,published_pdl,42100,公共工事設計労務単価＋必要経費(法定福利費(事業主負担分)、労務管理費、宿舎費等)の参考値,2026-03,2026-03-01,mlit-roumu-r8,参1-参3,https://www.mlit.go.jp/report/press/content/001981942.pdf,PDL1.0,,
c3b948a25c4bc481,JP,labor,労務単価,溶接工,所定労働時間内8時間あたり,人日,pref,44,大分県,,,,30000,JPY,labor_wage_8h,published_pdl,44300,公共工事設計労務単価＋必要経費(法定福利費(事業主負担分)、労務管理費、宿舎費等)の参考値,2026-03,2026-03-01,mlit-roumu-r8,参1-参3,https://www.mlit.go.jp/report/press/content/001981942.pdf,PDL1.0,,
68b08d9e10186f00,JP,labor,労務単価,運転手（特殊）,所定労働時間内8時間あたり,人日,pref,44,大分県,,,,29800,JPY,labor_wage_8h,published_pdl,44000,公共工事設計労務単価＋必要経費(法定福利費(事業主負担分)、労務管理費、宿舎費等)の参考値,2026-03,2026-03-01,mlit-roumu-r8,参1-参3,https://www.mlit.go.jp/report/press/content/001981942.pdf,PDL1.0,,
cf25bbd0fca51afd,JP,labor,労務単価,運転手（一般）,所定労働時間内8時間あたり,人日,pref,44,大分県,,,,27100,JPY,labor_wage_8h,published_pdl,40000,公共工事設計労務単価＋必要経費(法定福利費(事業主負担分)、労務管理費、宿舎費等)の参考値,2026-03,2026-03-01,mlit-roumu-r8,参1-参3,https://www.mlit.go.jp/report/press/content/001981942.pdf,PDL1.0,,
cdd0dbf156b41378,JP,labor,労務単価,潜かん工,所定労働時間内8時間あたり,人日,pref,44,大分県,,,,40600,JPY,labor_wage_8h,published_pdl,60000,公共工事設計労務単価＋必要経費(法定福利費(事業主負担分)、労務管理費、宿舎費等)の参考値,2026-03,2026-03-01,mlit-roumu-r8,参1-参3,https://www.mlit.go.jp/report/press/content/001981942.pdf,PDL1.0,,
80167f45e66c0f60,JP,labor,労務単価,潜かん世話役,所定労働時間内8時間あたり,人日,pref,44,大分県,,,,49700,JPY,labor_wage_8h,published_pdl,73400,公共工事設計労務単価＋必要経費(法定福利費(事業主負担分)、労務管理費、宿舎費等)の参考値,2026-03,2026-03-01,mlit-roumu-r8,参1-参3,https://www.mlit.go.jp/report/press/content/001981942.pdf,PDL1.0,,
e9c1c5f572eea5d4,JP,labor,労務単価,さく岩工,所定労働時間内8時間あたり,人日,pref,44,大分県,,,,39800,JPY,labor_wage_8h,published_pdl,58800,公共工事設計労務単価＋必要経費(法定福利費(事業主負担分)、労務管理費、宿舎費等)の参考値,2026-03,2026-03-01,mlit-roumu-r8,参1-参3,https://www.mlit.go.jp/report/press/content/001981942.pdf,PDL1.0,,
6c48e9fc26f9da03,JP,labor,労務単価,トンネル特殊工,所定労働時間内8時間あたり,人日,pref,44,大分県,,,,46500,JPY,labor_wage_8h,published_pdl,68700,公共工事設計労務単価＋必要経費(法定福利費(事業主負担分)、労務管理費、宿舎費等)の参考値,2026-03,2026-03-01,mlit-roumu-r8,参1-参3,https://www.mlit.go.jp/report/press/content/001981942.pdf,PDL1.0,,
da29ef9ae8182c82,JP,labor,労務単価,トンネル作業員,所定労働時間内8時間あたり,人日,pref,44,大分県,,,,32200,JPY,labor_wage_8h,published_pdl,47600,公共工事設計労務単価＋必要経費(法定福利費(事業主負担分)、労務管理費、宿舎費等)の参考値,2026-03,2026-03-01,mlit-roumu-r8,参1-参3,https://www.mlit.go.jp/report/press/content/001981942.pdf,PDL1.0,,
6a7bca43114561f1,JP,labor,労務単価,トンネル世話役,所定労働時間内8時間あたり,人日,pref,44,大分県,,,,51300,JPY,labor_wage_8h,published_pdl,75800,公共工事設計労務単価＋必要経費(法定福利費(事業主負担分)、労務管理費、宿舎費等)の参考値,2026-03,2026-03-01,mlit-roumu-r8,参1-参3,https://www.mlit.go.jp/report/press/content/001981942.pdf,PDL1.0,,
665dcc0421cade70,JP,labor,労務単価,橋りょう特殊工,所定労働時間内8時間あたり,人日,pref,44,大分県,,,,35000,JPY,labor_wage_8h,published_pdl,51700,公共工事設計労務単価＋必要経費(法定福利費(事業主負担分)、労務管理費、宿舎費等)の参考値,2026-03,2026-03-01,mlit-roumu-r8,参1-参3,https://www.mlit.go.jp/report/press/content/001981942.pdf,PDL1.0,,
f662e35c750208c4,JP,labor,労務単価,橋りょう塗装工,所定労働時間内8時間あたり,人日,pref,44,大分県,,,,37300,JPY,labor_wage_8h,published_pdl,55100,公共工事設計労務単価＋必要経費(法定福利費(事業主負担分)、労務管理費、宿舎費等)の参考値,2026-03,2026-03-01,mlit-roumu-r8,参1-参3,https://www.mlit.go.jp/report/press/content/001981942.pdf,PDL1.0,,
f3ff74272478d812,JP,labor,労務単価,橋りょう世話役,所定労働時間内8時間あたり,人日,pref,44,大分県,,,,41000,JPY,labor_wage_8h,published_pdl,60600,公共工事設計労務単価＋必要経費(法定福利費(事業主負担分)、労務管理費、宿舎費等)の参考値,2026-03,2026-03-01,mlit-roumu-r8,参1-参3,https://www.mlit.go.jp/report/press/content/001981942.pdf,PDL1.0,,
4c213756c7d7bd81,JP,labor,労務単価,土木一般世話役,所定労働時間内8時間あたり,人日,pref,44,大分県,,,,33100,JPY,labor_wage_8h,published_pdl,48900,公共工事設計労務単価＋必要経費(法定福利費(事業主負担分)、労務管理費、宿舎費等)の参考値,2026-03,2026-03-01,mlit-roumu-r8,参1-参3,https://www.mlit.go.jp/report/press/content/001981942.pdf,PDL1.0,,
38342bd6daa93979,JP,labor,労務単価,高級船員,所定労働時間内8時間あたり,人日,pref,44,大分県,,,,36400,JPY,labor_wage_8h,published_pdl,53800,公共工事設計労務単価＋必要経費(法定福利費(事業主負担分)、労務管理費、宿舎費等)の参考値,2026-03,2026-03-01,mlit-roumu-r8,参1-参3,https://www.mlit.go.jp/report/press/content/001981942.pdf,PDL1.0,,
3abc266a90842e99,JP,labor,労務単価,普通船員,所定労働時間内8時間あたり,人日,pref,44,大分県,,,,29500,JPY,labor_wage_8h,published_pdl,43600,公共工事設計労務単価＋必要経費(法定福利費(事業主負担分)、労務管理費、宿舎費等)の参考値,2026-03,2026-03-01,mlit-roumu-r8,参1-参3,https://www.mlit.go.jp/report/press/content/001981942.pdf,PDL1.0,,
455f9c6bae091024,JP,labor,労務単価,潜水士,所定労働時間内8時間あたり,人日,pref,44,大分県,,,,47200,JPY,labor_wage_8h,published_pdl,69700,公共工事設計労務単価＋必要経費(法定福利費(事業主負担分)、労務管理費、宿舎費等)の参考値,2026-03,2026-03-01,mlit-roumu-r8,参1-参3,https://www.mlit.go.jp/report/press/content/001981942.pdf,PDL1.0,,
40dbf24192ddfd88,JP,labor,労務単価,潜水連絡員,所定労働時間内8時間あたり,人日,pref,44,大分県,,,,29600,JPY,labor_wage_8h,published_pdl,43700,公共工事設計労務単価＋必要経費(法定福利費(事業主負担分)、労務管理費、宿舎費等)の参考値,2026-03,2026-03-01,mlit-roumu-r8,参1-参3,https://www.mlit.go.jp/report/press/content/001981942.pdf,PDL1.0,,
a2ed588e981489e2,JP,labor,労務単価,潜水送気員,所定労働時間内8時間あたり,人日,pref,44,大分県,,,,30500,JPY,labor_wage_8h,published_pdl,45000,公共工事設計労務単価＋必要経費(法定福利費(事業主負担分)、労務管理費、宿舎費等)の参考値,2026-03,2026-03-01,mlit-roumu-r8,参1-参3,https://www.mlit.go.jp/report/press/content/001981942.pdf,PDL1.0,,
35694b32112b90f2,JP,labor,労務単価,山林砂防工,所定労働時間内8時間あたり,人日,pref,44,大分県,,,,,JPY,labor_wage_8h,not_set,,,2026-03,2026-03-01,mlit-roumu-r8,参1-参3,https://www.mlit.go.jp/report/press/content/001981942.pdf,PDL1.0,,原本の表で『-』(この都道府県ではこの職種の単価を設定していない)
f0940389e8ce1969,JP,labor,労務単価,軌道工,所定労働時間内8時間あたり,人日,pref,44,大分県,,,,39400,JPY,labor_wage_8h,published_pdl,58200,公共工事設計労務単価＋必要経費(法定福利費(事業主負担分)、労務管理費、宿舎費等)の参考値,2026-03,2026-03-01,mlit-roumu-r8,参1-参3,https://www.mlit.go.jp/report/press/content/001981942.pdf,PDL1.0,,
f23b8c29f46b4296,JP,labor,労務単価,型わく工,所定労働時間内8時間あたり,人日,pref,44,大分県,,,,27400,JPY,labor_wage_8h,published_pdl,40500,公共工事設計労務単価＋必要経費(法定福利費(事業主負担分)、労務管理費、宿舎費等)の参考値,2026-03,2026-03-01,mlit-roumu-r8,参1-参3,https://www.mlit.go.jp/report/press/content/001981942.pdf,PDL1.0,,
0be2e2cc503d1166,JP,labor,労務単価,大工,所定労働時間内8時間あたり,人日,pref,44,大分県,,,,29300,JPY,labor_wage_8h,published_pdl,43300,公共工事設計労務単価＋必要経費(法定福利費(事業主負担分)、労務管理費、宿舎費等)の参考値,2026-03,2026-03-01,mlit-roumu-r8,参1-参3,https://www.mlit.go.jp/report/press/content/001981942.pdf,PDL1.0,,
15a01210509aecd2,JP,labor,労務単価,左官,所定労働時間内8時間あたり,人日,pref,44,大分県,,,,29000,JPY,labor_wage_8h,published_pdl,42800,公共工事設計労務単価＋必要経費(法定福利費(事業主負担分)、労務管理費、宿舎費等)の参考値,2026-03,2026-03-01,mlit-roumu-r8,参1-参3,https://www.mlit.go.jp/report/press/content/001981942.pdf,PDL1.0,,
d5655328462568da,JP,labor,労務単価,配管工,所定労働時間内8時間あたり,人日,pref,44,大分県,,,,26600,JPY,labor_wage_8h,published_pdl,39300,公共工事設計労務単価＋必要経費(法定福利費(事業主負担分)、労務管理費、宿舎費等)の参考値,2026-03,2026-03-01,mlit-roumu-r8,参1-参3,https://www.mlit.go.jp/report/press/content/001981942.pdf,PDL1.0,,
03667cf02097d4be,JP,labor,労務単価,はつり工,所定労働時間内8時間あたり,人日,pref,44,大分県,,,,30500,JPY,labor_wage_8h,published_pdl,45000,公共工事設計労務単価＋必要経費(法定福利費(事業主負担分)、労務管理費、宿舎費等)の参考値,2026-03,2026-03-01,mlit-roumu-r8,参1-参3,https://www.mlit.go.jp/report/press/content/001981942.pdf,PDL1.0,,
a44cfd15e03ded47,JP,labor,労務単価,防水工,所定労働時間内8時間あたり,人日,pref,44,大分県,,,,29900,JPY,labor_wage_8h,published_pdl,44200,公共工事設計労務単価＋必要経費(法定福利費(事業主負担分)、労務管理費、宿舎費等)の参考値,2026-03,2026-03-01,mlit-roumu-r8,参1-参3,https://www.mlit.go.jp/report/press/content/001981942.pdf,PDL1.0,,
9c32395892b520d2,JP,labor,労務単価,板金工,所定労働時間内8時間あたり,人日,pref,44,大分県,,,,29400,JPY,labor_wage_8h,published_pdl,43400,公共工事設計労務単価＋必要経費(法定福利費(事業主負担分)、労務管理費、宿舎費等)の参考値,2026-03,2026-03-01,mlit-roumu-r8,参1-参3,https://www.mlit.go.jp/report/press/content/001981942.pdf,PDL1.0,,
3572540111c47a12,JP,labor,労務単価,タイル工,所定労働時間内8時間あたり,人日,pref,44,大分県,,,,,JPY,labor_wage_8h,not_set,,,2026-03,2026-03-01,mlit-roumu-r8,参1-参3,https://www.mlit.go.jp/report/press/content/001981942.pdf,PDL1.0,,原本の表で『-』(この都道府県ではこの職種の単価を設定していない)
8ae30613cd0fa041,JP,labor,労務単価,サッシ工,所定労働時間内8時間あたり,人日,pref,44,大分県,,,,36800,JPY,labor_wage_8h,published_pdl,54400,公共工事設計労務単価＋必要経費(法定福利費(事業主負担分)、労務管理費、宿舎費等)の参考値,2026-03,2026-03-01,mlit-roumu-r8,参1-参3,https://www.mlit.go.jp/report/press/content/001981942.pdf,PDL1.0,,
76f4ce84491c1889,JP,labor,労務単価,屋根ふき工,所定労働時間内8時間あたり,人日,pref,44,大分県,,,,,JPY,labor_wage_8h,not_set,,,2026-03,2026-03-01,mlit-roumu-r8,参1-参3,https://www.mlit.go.jp/report/press/content/001981942.pdf,PDL1.0,,原本の表で『-』(この都道府県ではこの職種の単価を設定していない)
9ccfc26fe0a25873,JP,labor,労務単価,内装工,所定労働時間内8時間あたり,人日,pref,44,大分県,,,,31200,JPY,labor_wage_8h,published_pdl,46100,公共工事設計労務単価＋必要経費(法定福利費(事業主負担分)、労務管理費、宿舎費等)の参考値,2026-03,2026-03-01,mlit-roumu-r8,参1-参3,https://www.mlit.go.jp/report/press/content/001981942.pdf,PDL1.0,,
460bd4ab226a343c,JP,labor,労務単価,ガラス工,所定労働時間内8時間あたり,人日,pref,44,大分県,,,,30500,JPY,labor_wage_8h,published_pdl,45000,公共工事設計労務単価＋必要経費(法定福利費(事業主負担分)、労務管理費、宿舎費等)の参考値,2026-03,2026-03-01,mlit-roumu-r8,参1-参3,https://www.mlit.go.jp/report/press/content/001981942.pdf,PDL1.0,,
c1a4ce5f3df493e0,JP,labor,労務単価,建具工,所定労働時間内8時間あたり,人日,pref,44,大分県,,,,,JPY,labor_wage_8h,not_set,,,2026-03,2026-03-01,mlit-roumu-r8,参1-参3,https://www.mlit.go.jp/report/press/content/001981942.pdf,PDL1.0,,原本の表で『-』(この都道府県ではこの職種の単価を設定していない)
37e1f0f9a9dccbdc,JP,labor,労務単価,ダクト工,所定労働時間内8時間あたり,人日,pref,44,大分県,,,,26100,JPY,labor_wage_8h,published_pdl,38500,公共工事設計労務単価＋必要経費(法定福利費(事業主負担分)、労務管理費、宿舎費等)の参考値,2026-03,2026-03-01,mlit-roumu-r8,参1-参3,https://www.mlit.go.jp/report/press/content/001981942.pdf,PDL1.0,,
b6315b98d9454f41,JP,labor,労務単価,保温工,所定労働時間内8時間あたり,人日,pref,44,大分県,,,,28400,JPY,labor_wage_8h,published_pdl,41900,公共工事設計労務単価＋必要経費(法定福利費(事業主負担分)、労務管理費、宿舎費等)の参考値,2026-03,2026-03-01,mlit-roumu-r8,参1-参3,https://www.mlit.go.jp/report/press/content/001981942.pdf,PDL1.0,,
c9fca4cc9e793159,JP,labor,労務単価,設備機械工,所定労働時間内8時間あたり,人日,pref,44,大分県,,,,29500,JPY,labor_wage_8h,published_pdl,43600,公共工事設計労務単価＋必要経費(法定福利費(事業主負担分)、労務管理費、宿舎費等)の参考値,2026-03,2026-03-01,mlit-roumu-r8,参1-参3,https://www.mlit.go.jp/report/press/content/001981942.pdf,PDL1.0,,
8507ac9597f60b7d,JP,labor,労務単価,交通誘導警備員Ａ,所定労働時間内8時間あたり,人日,pref,44,大分県,,,,18200,JPY,labor_wage_8h,published_pdl,26900,公共工事設計労務単価＋必要経費(法定福利費(事業主負担分)、労務管理費、宿舎費等)の参考値,2026-03,2026-03-01,mlit-roumu-r8,参1-参3,https://www.mlit.go.jp/report/press/content/001981942.pdf,PDL1.0,,
b4997dc90f66af7b,JP,labor,労務単価,交通誘導警備員Ｂ,所定労働時間内8時間あたり,人日,pref,44,大分県,,,,14900,JPY,labor_wage_8h,published_pdl,22000,公共工事設計労務単価＋必要経費(法定福利費(事業主負担分)、労務管理費、宿舎費等)の参考値,2026-03,2026-03-01,mlit-roumu-r8,参1-参3,https://www.mlit.go.jp/report/press/content/001981942.pdf,PDL1.0,,
bde8a0a0b3757afd,JP,labor,労務単価,特殊作業員,所定労働時間内8時間あたり,人日,pref,45,宮崎県,,,,29100,JPY,labor_wage_8h,published_pdl,43000,公共工事設計労務単価＋必要経費(法定福利費(事業主負担分)、労務管理費、宿舎費等)の参考値,2026-03,2026-03-01,mlit-roumu-r8,参1-参3,https://www.mlit.go.jp/report/press/content/001981942.pdf,PDL1.0,,
6e2362b0bec81f10,JP,labor,労務単価,普通作業員,所定労働時間内8時間あたり,人日,pref,45,宮崎県,,,,20300,JPY,labor_wage_8h,published_pdl,30000,公共工事設計労務単価＋必要経費(法定福利費(事業主負担分)、労務管理費、宿舎費等)の参考値,2026-03,2026-03-01,mlit-roumu-r8,参1-参3,https://www.mlit.go.jp/report/press/content/001981942.pdf,PDL1.0,,
08d41b23303ebe0f,JP,labor,労務単価,軽作業員,所定労働時間内8時間あたり,人日,pref,45,宮崎県,,,,17400,JPY,labor_wage_8h,published_pdl,25700,公共工事設計労務単価＋必要経費(法定福利費(事業主負担分)、労務管理費、宿舎費等)の参考値,2026-03,2026-03-01,mlit-roumu-r8,参1-参3,https://www.mlit.go.jp/report/press/content/001981942.pdf,PDL1.0,,
7a8e19811ecf4c7d,JP,labor,労務単価,造園工,所定労働時間内8時間あたり,人日,pref,45,宮崎県,,,,25600,JPY,labor_wage_8h,published_pdl,37800,公共工事設計労務単価＋必要経費(法定福利費(事業主負担分)、労務管理費、宿舎費等)の参考値,2026-03,2026-03-01,mlit-roumu-r8,参1-参3,https://www.mlit.go.jp/report/press/content/001981942.pdf,PDL1.0,,
3183066036e33f96,JP,labor,労務単価,法面工,所定労働時間内8時間あたり,人日,pref,45,宮崎県,,,,29600,JPY,labor_wage_8h,published_pdl,43700,公共工事設計労務単価＋必要経費(法定福利費(事業主負担分)、労務管理費、宿舎費等)の参考値,2026-03,2026-03-01,mlit-roumu-r8,参1-参3,https://www.mlit.go.jp/report/press/content/001981942.pdf,PDL1.0,,
3946a0fcdb401eac,JP,labor,労務単価,とび工,所定労働時間内8時間あたり,人日,pref,45,宮崎県,,,,29100,JPY,labor_wage_8h,published_pdl,43000,公共工事設計労務単価＋必要経費(法定福利費(事業主負担分)、労務管理費、宿舎費等)の参考値,2026-03,2026-03-01,mlit-roumu-r8,参1-参3,https://www.mlit.go.jp/report/press/content/001981942.pdf,PDL1.0,,
5c78c21d83f7f824,JP,labor,労務単価,石工,所定労働時間内8時間あたり,人日,pref,45,宮崎県,,,,33800,JPY,labor_wage_8h,published_pdl,49900,公共工事設計労務単価＋必要経費(法定福利費(事業主負担分)、労務管理費、宿舎費等)の参考値,2026-03,2026-03-01,mlit-roumu-r8,参1-参3,https://www.mlit.go.jp/report/press/content/001981942.pdf,PDL1.0,,
2c87bfb6d6fd0af7,JP,labor,労務単価,ブロック工,所定労働時間内8時間あたり,人日,pref,45,宮崎県,,,,,JPY,labor_wage_8h,not_set,,,2026-03,2026-03-01,mlit-roumu-r8,参1-参3,https://www.mlit.go.jp/report/press/content/001981942.pdf,PDL1.0,,原本の表で『-』(この都道府県ではこの職種の単価を設定していない)
325ad1680eb1b4d2,JP,labor,労務単価,電工,所定労働時間内8時間あたり,人日,pref,45,宮崎県,,,,26500,JPY,labor_wage_8h,published_pdl,39100,公共工事設計労務単価＋必要経費(法定福利費(事業主負担分)、労務管理費、宿舎費等)の参考値,2026-03,2026-03-01,mlit-roumu-r8,参1-参3,https://www.mlit.go.jp/report/press/content/001981942.pdf,PDL1.0,,
53ce426a9899bdb8,JP,labor,労務単価,鉄筋工,所定労働時間内8時間あたり,人日,pref,45,宮崎県,,,,28400,JPY,labor_wage_8h,published_pdl,41900,公共工事設計労務単価＋必要経費(法定福利費(事業主負担分)、労務管理費、宿舎費等)の参考値,2026-03,2026-03-01,mlit-roumu-r8,参1-参3,https://www.mlit.go.jp/report/press/content/001981942.pdf,PDL1.0,,
1cef35d1cdd3ae90,JP,labor,労務単価,鉄骨工,所定労働時間内8時間あたり,人日,pref,45,宮崎県,,,,26600,JPY,labor_wage_8h,published_pdl,39300,公共工事設計労務単価＋必要経費(法定福利費(事業主負担分)、労務管理費、宿舎費等)の参考値,2026-03,2026-03-01,mlit-roumu-r8,参1-参3,https://www.mlit.go.jp/report/press/content/001981942.pdf,PDL1.0,,
ad8e775222235831,JP,labor,労務単価,塗装工,所定労働時間内8時間あたり,人日,pref,45,宮崎県,,,,29000,JPY,labor_wage_8h,published_pdl,42800,公共工事設計労務単価＋必要経費(法定福利費(事業主負担分)、労務管理費、宿舎費等)の参考値,2026-03,2026-03-01,mlit-roumu-r8,参1-参3,https://www.mlit.go.jp/report/press/content/001981942.pdf,PDL1.0,,
baf04ca3b2e0c4a9,JP,labor,労務単価,溶接工,所定労働時間内8時間あたり,人日,pref,45,宮崎県,,,,28900,JPY,labor_wage_8h,published_pdl,42700,公共工事設計労務単価＋必要経費(法定福利費(事業主負担分)、労務管理費、宿舎費等)の参考値,2026-03,2026-03-01,mlit-roumu-r8,参1-参3,https://www.mlit.go.jp/report/press/content/001981942.pdf,PDL1.0,,
9a14793b395dad33,JP,labor,労務単価,運転手（特殊）,所定労働時間内8時間あたり,人日,pref,45,宮崎県,,,,29600,JPY,labor_wage_8h,published_pdl,43700,公共工事設計労務単価＋必要経費(法定福利費(事業主負担分)、労務管理費、宿舎費等)の参考値,2026-03,2026-03-01,mlit-roumu-r8,参1-参3,https://www.mlit.go.jp/report/press/content/001981942.pdf,PDL1.0,,
81d239462e2a3d35,JP,labor,労務単価,運転手（一般）,所定労働時間内8時間あたり,人日,pref,45,宮崎県,,,,25100,JPY,labor_wage_8h,published_pdl,37100,公共工事設計労務単価＋必要経費(法定福利費(事業主負担分)、労務管理費、宿舎費等)の参考値,2026-03,2026-03-01,mlit-roumu-r8,参1-参3,https://www.mlit.go.jp/report/press/content/001981942.pdf,PDL1.0,,
0b42e37953f3e0cf,JP,labor,労務単価,潜かん工,所定労働時間内8時間あたり,人日,pref,45,宮崎県,,,,40500,JPY,labor_wage_8h,published_pdl,59800,公共工事設計労務単価＋必要経費(法定福利費(事業主負担分)、労務管理費、宿舎費等)の参考値,2026-03,2026-03-01,mlit-roumu-r8,参1-参3,https://www.mlit.go.jp/report/press/content/001981942.pdf,PDL1.0,,
b888bf1099da8c93,JP,labor,労務単価,潜かん世話役,所定労働時間内8時間あたり,人日,pref,45,宮崎県,,,,49600,JPY,labor_wage_8h,published_pdl,73300,公共工事設計労務単価＋必要経費(法定福利費(事業主負担分)、労務管理費、宿舎費等)の参考値,2026-03,2026-03-01,mlit-roumu-r8,参1-参3,https://www.mlit.go.jp/report/press/content/001981942.pdf,PDL1.0,,
93607bf57838a1c8,JP,labor,労務単価,さく岩工,所定労働時間内8時間あたり,人日,pref,45,宮崎県,,,,39700,JPY,labor_wage_8h,published_pdl,58600,公共工事設計労務単価＋必要経費(法定福利費(事業主負担分)、労務管理費、宿舎費等)の参考値,2026-03,2026-03-01,mlit-roumu-r8,参1-参3,https://www.mlit.go.jp/report/press/content/001981942.pdf,PDL1.0,,
8387351fb1c76d66,JP,labor,労務単価,トンネル特殊工,所定労働時間内8時間あたり,人日,pref,45,宮崎県,,,,48200,JPY,labor_wage_8h,published_pdl,71200,公共工事設計労務単価＋必要経費(法定福利費(事業主負担分)、労務管理費、宿舎費等)の参考値,2026-03,2026-03-01,mlit-roumu-r8,参1-参3,https://www.mlit.go.jp/report/press/content/001981942.pdf,PDL1.0,,
9c54b942ea8d2347,JP,labor,労務単価,トンネル作業員,所定労働時間内8時間あたり,人日,pref,45,宮崎県,,,,32000,JPY,labor_wage_8h,published_pdl,47300,公共工事設計労務単価＋必要経費(法定福利費(事業主負担分)、労務管理費、宿舎費等)の参考値,2026-03,2026-03-01,mlit-roumu-r8,参1-参3,https://www.mlit.go.jp/report/press/content/001981942.pdf,PDL1.0,,
21e6049d642d5c71,JP,labor,労務単価,トンネル世話役,所定労働時間内8時間あたり,人日,pref,45,宮崎県,,,,51100,JPY,labor_wage_8h,published_pdl,75500,公共工事設計労務単価＋必要経費(法定福利費(事業主負担分)、労務管理費、宿舎費等)の参考値,2026-03,2026-03-01,mlit-roumu-r8,参1-参3,https://www.mlit.go.jp/report/press/content/001981942.pdf,PDL1.0,,
8403691cc3c065cf,JP,labor,労務単価,橋りょう特殊工,所定労働時間内8時間あたり,人日,pref,45,宮崎県,,,,34800,JPY,labor_wage_8h,published_pdl,51400,公共工事設計労務単価＋必要経費(法定福利費(事業主負担分)、労務管理費、宿舎費等)の参考値,2026-03,2026-03-01,mlit-roumu-r8,参1-参3,https://www.mlit.go.jp/report/press/content/001981942.pdf,PDL1.0,,
6e9ef2638cad09b8,JP,labor,労務単価,橋りょう塗装工,所定労働時間内8時間あたり,人日,pref,45,宮崎県,,,,37000,JPY,labor_wage_8h,published_pdl,54600,公共工事設計労務単価＋必要経費(法定福利費(事業主負担分)、労務管理費、宿舎費等)の参考値,2026-03,2026-03-01,mlit-roumu-r8,参1-参3,https://www.mlit.go.jp/report/press/content/001981942.pdf,PDL1.0,,
b65a73814d00134a,JP,labor,労務単価,橋りょう世話役,所定労働時間内8時間あたり,人日,pref,45,宮崎県,,,,41500,JPY,labor_wage_8h,published_pdl,61300,公共工事設計労務単価＋必要経費(法定福利費(事業主負担分)、労務管理費、宿舎費等)の参考値,2026-03,2026-03-01,mlit-roumu-r8,参1-参3,https://www.mlit.go.jp/report/press/content/001981942.pdf,PDL1.0,,
af1beb1fbc023acb,JP,labor,労務単価,土木一般世話役,所定労働時間内8時間あたり,人日,pref,45,宮崎県,,,,33400,JPY,labor_wage_8h,published_pdl,49300,公共工事設計労務単価＋必要経費(法定福利費(事業主負担分)、労務管理費、宿舎費等)の参考値,2026-03,2026-03-01,mlit-roumu-r8,参1-参3,https://www.mlit.go.jp/report/press/content/001981942.pdf,PDL1.0,,
f17a4df5ddfc57c1,JP,labor,労務単価,高級船員,所定労働時間内8時間あたり,人日,pref,45,宮崎県,,,,34600,JPY,labor_wage_8h,published_pdl,51100,公共工事設計労務単価＋必要経費(法定福利費(事業主負担分)、労務管理費、宿舎費等)の参考値,2026-03,2026-03-01,mlit-roumu-r8,参1-参3,https://www.mlit.go.jp/report/press/content/001981942.pdf,PDL1.0,,
cdf9b4bb386d27ff,JP,labor,労務単価,普通船員,所定労働時間内8時間あたり,人日,pref,45,宮崎県,,,,28600,JPY,labor_wage_8h,published_pdl,42200,公共工事設計労務単価＋必要経費(法定福利費(事業主負担分)、労務管理費、宿舎費等)の参考値,2026-03,2026-03-01,mlit-roumu-r8,参1-参3,https://www.mlit.go.jp/report/press/content/001981942.pdf,PDL1.0,,
efea4ef091537bb7,JP,labor,労務単価,潜水士,所定労働時間内8時間あたり,人日,pref,45,宮崎県,,,,46800,JPY,labor_wage_8h,published_pdl,69100,公共工事設計労務単価＋必要経費(法定福利費(事業主負担分)、労務管理費、宿舎費等)の参考値,2026-03,2026-03-01,mlit-roumu-r8,参1-参3,https://www.mlit.go.jp/report/press/content/001981942.pdf,PDL1.0,,
9a928831ca99425e,JP,labor,労務単価,潜水連絡員,所定労働時間内8時間あたり,人日,pref,45,宮崎県,,,,29300,JPY,labor_wage_8h,published_pdl,43300,公共工事設計労務単価＋必要経費(法定福利費(事業主負担分)、労務管理費、宿舎費等)の参考値,2026-03,2026-03-01,mlit-roumu-r8,参1-参3,https://www.mlit.go.jp/report/press/content/001981942.pdf,PDL1.0,,
8374e404e9fa9a93,JP,labor,労務単価,潜水送気員,所定労働時間内8時間あたり,人日,pref,45,宮崎県,,,,30200,JPY,labor_wage_8h,published_pdl,44600,公共工事設計労務単価＋必要経費(法定福利費(事業主負担分)、労務管理費、宿舎費等)の参考値,2026-03,2026-03-01,mlit-roumu-r8,参1-参3,https://www.mlit.go.jp/report/press/content/001981942.pdf,PDL1.0,,
d06e2be86a12bb53,JP,labor,労務単価,山林砂防工,所定労働時間内8時間あたり,人日,pref,45,宮崎県,,,,,JPY,labor_wage_8h,not_set,,,2026-03,2026-03-01,mlit-roumu-r8,参1-参3,https://www.mlit.go.jp/report/press/content/001981942.pdf,PDL1.0,,原本の表で『-』(この都道府県ではこの職種の単価を設定していない)
16343c4cc9963d05,JP,labor,労務単価,軌道工,所定労働時間内8時間あたり,人日,pref,45,宮崎県,,,,38800,JPY,labor_wage_8h,published_pdl,57300,公共工事設計労務単価＋必要経費(法定福利費(事業主負担分)、労務管理費、宿舎費等)の参考値,2026-03,2026-03-01,mlit-roumu-r8,参1-参3,https://www.mlit.go.jp/report/press/content/001981942.pdf,PDL1.0,,
376c7375d9801fec,JP,labor,労務単価,型わく工,所定労働時間内8時間あたり,人日,pref,45,宮崎県,,,,28600,JPY,labor_wage_8h,published_pdl,42200,公共工事設計労務単価＋必要経費(法定福利費(事業主負担分)、労務管理費、宿舎費等)の参考値,2026-03,2026-03-01,mlit-roumu-r8,参1-参3,https://www.mlit.go.jp/report/press/content/001981942.pdf,PDL1.0,,
bcc80ca06a05cbab,JP,labor,労務単価,大工,所定労働時間内8時間あたり,人日,pref,45,宮崎県,,,,28800,JPY,labor_wage_8h,published_pdl,42500,公共工事設計労務単価＋必要経費(法定福利費(事業主負担分)、労務管理費、宿舎費等)の参考値,2026-03,2026-03-01,mlit-roumu-r8,参1-参3,https://www.mlit.go.jp/report/press/content/001981942.pdf,PDL1.0,,
aaa7026a052a04f3,JP,labor,労務単価,左官,所定労働時間内8時間あたり,人日,pref,45,宮崎県,,,,28800,JPY,labor_wage_8h,published_pdl,42500,公共工事設計労務単価＋必要経費(法定福利費(事業主負担分)、労務管理費、宿舎費等)の参考値,2026-03,2026-03-01,mlit-roumu-r8,参1-参3,https://www.mlit.go.jp/report/press/content/001981942.pdf,PDL1.0,,
1c3855ac292927f2,JP,labor,労務単価,配管工,所定労働時間内8時間あたり,人日,pref,45,宮崎県,,,,25300,JPY,labor_wage_8h,published_pdl,37400,公共工事設計労務単価＋必要経費(法定福利費(事業主負担分)、労務管理費、宿舎費等)の参考値,2026-03,2026-03-01,mlit-roumu-r8,参1-参3,https://www.mlit.go.jp/report/press/content/001981942.pdf,PDL1.0,,
af77826c8d48b4b6,JP,labor,労務単価,はつり工,所定労働時間内8時間あたり,人日,pref,45,宮崎県,,,,30300,JPY,labor_wage_8h,published_pdl,44800,公共工事設計労務単価＋必要経費(法定福利費(事業主負担分)、労務管理費、宿舎費等)の参考値,2026-03,2026-03-01,mlit-roumu-r8,参1-参3,https://www.mlit.go.jp/report/press/content/001981942.pdf,PDL1.0,,
7582653ca89aba56,JP,labor,労務単価,防水工,所定労働時間内8時間あたり,人日,pref,45,宮崎県,,,,29300,JPY,labor_wage_8h,published_pdl,43300,公共工事設計労務単価＋必要経費(法定福利費(事業主負担分)、労務管理費、宿舎費等)の参考値,2026-03,2026-03-01,mlit-roumu-r8,参1-参3,https://www.mlit.go.jp/report/press/content/001981942.pdf,PDL1.0,,
35402f1626e550a2,JP,labor,労務単価,板金工,所定労働時間内8時間あたり,人日,pref,45,宮崎県,,,,29100,JPY,labor_wage_8h,published_pdl,43000,公共工事設計労務単価＋必要経費(法定福利費(事業主負担分)、労務管理費、宿舎費等)の参考値,2026-03,2026-03-01,mlit-roumu-r8,参1-参3,https://www.mlit.go.jp/report/press/content/001981942.pdf,PDL1.0,,
3354b687289238f2,JP,labor,労務単価,タイル工,所定労働時間内8時間あたり,人日,pref,45,宮崎県,,,,,JPY,labor_wage_8h,not_set,,,2026-03,2026-03-01,mlit-roumu-r8,参1-参3,https://www.mlit.go.jp/report/press/content/001981942.pdf,PDL1.0,,原本の表で『-』(この都道府県ではこの職種の単価を設定していない)
c9b2222d06649ab7,JP,labor,労務単価,サッシ工,所定労働時間内8時間あたり,人日,pref,45,宮崎県,,,,36300,JPY,labor_wage_8h,published_pdl,53600,公共工事設計労務単価＋必要経費(法定福利費(事業主負担分)、労務管理費、宿舎費等)の参考値,2026-03,2026-03-01,mlit-roumu-r8,参1-参3,https://www.mlit.go.jp/report/press/content/001981942.pdf,PDL1.0,,
85c9121a5b70bdf3,JP,labor,労務単価,屋根ふき工,所定労働時間内8時間あたり,人日,pref,45,宮崎県,,,,,JPY,labor_wage_8h,not_set,,,2026-03,2026-03-01,mlit-roumu-r8,参1-参3,https://www.mlit.go.jp/report/press/content/001981942.pdf,PDL1.0,,原本の表で『-』(この都道府県ではこの職種の単価を設定していない)
5c13b1bbf3e818d1,JP,labor,労務単価,内装工,所定労働時間内8時間あたり,人日,pref,45,宮崎県,,,,30900,JPY,labor_wage_8h,published_pdl,45600,公共工事設計労務単価＋必要経費(法定福利費(事業主負担分)、労務管理費、宿舎費等)の参考値,2026-03,2026-03-01,mlit-roumu-r8,参1-参3,https://www.mlit.go.jp/report/press/content/001981942.pdf,PDL1.0,,
efe7e3bfb69e2042,JP,labor,労務単価,ガラス工,所定労働時間内8時間あたり,人日,pref,45,宮崎県,,,,30600,JPY,labor_wage_8h,published_pdl,45200,公共工事設計労務単価＋必要経費(法定福利費(事業主負担分)、労務管理費、宿舎費等)の参考値,2026-03,2026-03-01,mlit-roumu-r8,参1-参3,https://www.mlit.go.jp/report/press/content/001981942.pdf,PDL1.0,,
56d999af219768b7,JP,labor,労務単価,建具工,所定労働時間内8時間あたり,人日,pref,45,宮崎県,,,,,JPY,labor_wage_8h,not_set,,,2026-03,2026-03-01,mlit-roumu-r8,参1-参3,https://www.mlit.go.jp/report/press/content/001981942.pdf,PDL1.0,,原本の表で『-』(この都道府県ではこの職種の単価を設定していない)
1fba3aa716149172,JP,labor,労務単価,ダクト工,所定労働時間内8時間あたり,人日,pref,45,宮崎県,,,,25800,JPY,labor_wage_8h,published_pdl,38100,公共工事設計労務単価＋必要経費(法定福利費(事業主負担分)、労務管理費、宿舎費等)の参考値,2026-03,2026-03-01,mlit-roumu-r8,参1-参3,https://www.mlit.go.jp/report/press/content/001981942.pdf,PDL1.0,,
f794408254ce3843,JP,labor,労務単価,保温工,所定労働時間内8時間あたり,人日,pref,45,宮崎県,,,,28300,JPY,labor_wage_8h,published_pdl,41800,公共工事設計労務単価＋必要経費(法定福利費(事業主負担分)、労務管理費、宿舎費等)の参考値,2026-03,2026-03-01,mlit-roumu-r8,参1-参3,https://www.mlit.go.jp/report/press/content/001981942.pdf,PDL1.0,,
435f79ee24609e2a,JP,labor,労務単価,設備機械工,所定労働時間内8時間あたり,人日,pref,45,宮崎県,,,,29200,JPY,labor_wage_8h,published_pdl,43100,公共工事設計労務単価＋必要経費(法定福利費(事業主負担分)、労務管理費、宿舎費等)の参考値,2026-03,2026-03-01,mlit-roumu-r8,参1-参3,https://www.mlit.go.jp/report/press/content/001981942.pdf,PDL1.0,,
90e45c8e4fce9fb6,JP,labor,労務単価,交通誘導警備員Ａ,所定労働時間内8時間あたり,人日,pref,45,宮崎県,,,,18200,JPY,labor_wage_8h,published_pdl,26900,公共工事設計労務単価＋必要経費(法定福利費(事業主負担分)、労務管理費、宿舎費等)の参考値,2026-03,2026-03-01,mlit-roumu-r8,参1-参3,https://www.mlit.go.jp/report/press/content/001981942.pdf,PDL1.0,,
c3a8226cbb15702a,JP,labor,労務単価,交通誘導警備員Ｂ,所定労働時間内8時間あたり,人日,pref,45,宮崎県,,,,14400,JPY,labor_wage_8h,published_pdl,21300,公共工事設計労務単価＋必要経費(法定福利費(事業主負担分)、労務管理費、宿舎費等)の参考値,2026-03,2026-03-01,mlit-roumu-r8,参1-参3,https://www.mlit.go.jp/report/press/content/001981942.pdf,PDL1.0,,
c391a9116f92f78f,JP,labor,労務単価,特殊作業員,所定労働時間内8時間あたり,人日,pref,46,鹿児島県,,,,32000,JPY,labor_wage_8h,published_pdl,47300,公共工事設計労務単価＋必要経費(法定福利費(事業主負担分)、労務管理費、宿舎費等)の参考値,2026-03,2026-03-01,mlit-roumu-r8,参1-参3,https://www.mlit.go.jp/report/press/content/001981942.pdf,PDL1.0,,
a2687543d5751f6f,JP,labor,労務単価,普通作業員,所定労働時間内8時間あたり,人日,pref,46,鹿児島県,,,,21900,JPY,labor_wage_8h,published_pdl,32300,公共工事設計労務単価＋必要経費(法定福利費(事業主負担分)、労務管理費、宿舎費等)の参考値,2026-03,2026-03-01,mlit-roumu-r8,参1-参3,https://www.mlit.go.jp/report/press/content/001981942.pdf,PDL1.0,,
b7a3a69711d720a8,JP,labor,労務単価,軽作業員,所定労働時間内8時間あたり,人日,pref,46,鹿児島県,,,,18700,JPY,labor_wage_8h,published_pdl,27600,公共工事設計労務単価＋必要経費(法定福利費(事業主負担分)、労務管理費、宿舎費等)の参考値,2026-03,2026-03-01,mlit-roumu-r8,参1-参3,https://www.mlit.go.jp/report/press/content/001981942.pdf,PDL1.0,,
60ac2da64f05dfed,JP,labor,労務単価,造園工,所定労働時間内8時間あたり,人日,pref,46,鹿児島県,,,,25100,JPY,labor_wage_8h,published_pdl,37100,公共工事設計労務単価＋必要経費(法定福利費(事業主負担分)、労務管理費、宿舎費等)の参考値,2026-03,2026-03-01,mlit-roumu-r8,参1-参3,https://www.mlit.go.jp/report/press/content/001981942.pdf,PDL1.0,,
64778b30bfaff873,JP,labor,労務単価,法面工,所定労働時間内8時間あたり,人日,pref,46,鹿児島県,,,,34300,JPY,labor_wage_8h,published_pdl,50700,公共工事設計労務単価＋必要経費(法定福利費(事業主負担分)、労務管理費、宿舎費等)の参考値,2026-03,2026-03-01,mlit-roumu-r8,参1-参3,https://www.mlit.go.jp/report/press/content/001981942.pdf,PDL1.0,,
de1e64a15f9a6f47,JP,labor,労務単価,とび工,所定労働時間内8時間あたり,人日,pref,46,鹿児島県,,,,29600,JPY,labor_wage_8h,published_pdl,43700,公共工事設計労務単価＋必要経費(法定福利費(事業主負担分)、労務管理費、宿舎費等)の参考値,2026-03,2026-03-01,mlit-roumu-r8,参1-参3,https://www.mlit.go.jp/report/press/content/001981942.pdf,PDL1.0,,
dcd5a28af420ea56,JP,labor,労務単価,石工,所定労働時間内8時間あたり,人日,pref,46,鹿児島県,,,,33800,JPY,labor_wage_8h,published_pdl,49900,公共工事設計労務単価＋必要経費(法定福利費(事業主負担分)、労務管理費、宿舎費等)の参考値,2026-03,2026-03-01,mlit-roumu-r8,参1-参3,https://www.mlit.go.jp/report/press/content/001981942.pdf,PDL1.0,,
6cd95cc21557bd6c,JP,labor,労務単価,ブロック工,所定労働時間内8時間あたり,人日,pref,46,鹿児島県,,,,,JPY,labor_wage_8h,not_set,,,2026-03,2026-03-01,mlit-roumu-r8,参1-参3,https://www.mlit.go.jp/report/press/content/001981942.pdf,PDL1.0,,原本の表で『-』(この都道府県ではこの職種の単価を設定していない)
9af673f9208bcfb4,JP,labor,労務単価,電工,所定労働時間内8時間あたり,人日,pref,46,鹿児島県,,,,27200,JPY,labor_wage_8h,published_pdl,40200,公共工事設計労務単価＋必要経費(法定福利費(事業主負担分)、労務管理費、宿舎費等)の参考値,2026-03,2026-03-01,mlit-roumu-r8,参1-参3,https://www.mlit.go.jp/report/press/content/001981942.pdf,PDL1.0,,
d2fe345f2770b1dc,JP,labor,労務単価,鉄筋工,所定労働時間内8時間あたり,人日,pref,46,鹿児島県,,,,29900,JPY,labor_wage_8h,published_pdl,44200,公共工事設計労務単価＋必要経費(法定福利費(事業主負担分)、労務管理費、宿舎費等)の参考値,2026-03,2026-03-01,mlit-roumu-r8,参1-参3,https://www.mlit.go.jp/report/press/content/001981942.pdf,PDL1.0,,
cde2d28c68fe6c5f,JP,labor,労務単価,鉄骨工,所定労働時間内8時間あたり,人日,pref,46,鹿児島県,,,,26600,JPY,labor_wage_8h,published_pdl,39300,公共工事設計労務単価＋必要経費(法定福利費(事業主負担分)、労務管理費、宿舎費等)の参考値,2026-03,2026-03-01,mlit-roumu-r8,参1-参3,https://www.mlit.go.jp/report/press/content/001981942.pdf,PDL1.0,,
1c3d81a5b57a4d33,JP,labor,労務単価,塗装工,所定労働時間内8時間あたり,人日,pref,46,鹿児島県,,,,29500,JPY,labor_wage_8h,published_pdl,43600,公共工事設計労務単価＋必要経費(法定福利費(事業主負担分)、労務管理費、宿舎費等)の参考値,2026-03,2026-03-01,mlit-roumu-r8,参1-参3,https://www.mlit.go.jp/report/press/content/001981942.pdf,PDL1.0,,
52c65ef9df391b6e,JP,labor,労務単価,溶接工,所定労働時間内8時間あたり,人日,pref,46,鹿児島県,,,,30000,JPY,labor_wage_8h,published_pdl,44300,公共工事設計労務単価＋必要経費(法定福利費(事業主負担分)、労務管理費、宿舎費等)の参考値,2026-03,2026-03-01,mlit-roumu-r8,参1-参3,https://www.mlit.go.jp/report/press/content/001981942.pdf,PDL1.0,,
114faeb8d33fd4c5,JP,labor,労務単価,運転手（特殊）,所定労働時間内8時間あたり,人日,pref,46,鹿児島県,,,,32700,JPY,labor_wage_8h,published_pdl,48300,公共工事設計労務単価＋必要経費(法定福利費(事業主負担分)、労務管理費、宿舎費等)の参考値,2026-03,2026-03-01,mlit-roumu-r8,参1-参3,https://www.mlit.go.jp/report/press/content/001981942.pdf,PDL1.0,,
46bd44576ed15973,JP,labor,労務単価,運転手（一般）,所定労働時間内8時間あたり,人日,pref,46,鹿児島県,,,,28700,JPY,labor_wage_8h,published_pdl,42400,公共工事設計労務単価＋必要経費(法定福利費(事業主負担分)、労務管理費、宿舎費等)の参考値,2026-03,2026-03-01,mlit-roumu-r8,参1-参3,https://www.mlit.go.jp/report/press/content/001981942.pdf,PDL1.0,,
6407d45502027554,JP,labor,労務単価,潜かん工,所定労働時間内8時間あたり,人日,pref,46,鹿児島県,,,,40800,JPY,labor_wage_8h,published_pdl,60300,公共工事設計労務単価＋必要経費(法定福利費(事業主負担分)、労務管理費、宿舎費等)の参考値,2026-03,2026-03-01,mlit-roumu-r8,参1-参3,https://www.mlit.go.jp/report/press/content/001981942.pdf,PDL1.0,,
37eedd429912985f,JP,labor,労務単価,潜かん世話役,所定労働時間内8時間あたり,人日,pref,46,鹿児島県,,,,49900,JPY,labor_wage_8h,published_pdl,73700,公共工事設計労務単価＋必要経費(法定福利費(事業主負担分)、労務管理費、宿舎費等)の参考値,2026-03,2026-03-01,mlit-roumu-r8,参1-参3,https://www.mlit.go.jp/report/press/content/001981942.pdf,PDL1.0,,
053deaaa3b149bba,JP,labor,労務単価,さく岩工,所定労働時間内8時間あたり,人日,pref,46,鹿児島県,,,,40000,JPY,labor_wage_8h,published_pdl,59100,公共工事設計労務単価＋必要経費(法定福利費(事業主負担分)、労務管理費、宿舎費等)の参考値,2026-03,2026-03-01,mlit-roumu-r8,参1-参3,https://www.mlit.go.jp/report/press/content/001981942.pdf,PDL1.0,,
3e4cbda6c4fef8f1,JP,labor,労務単価,トンネル特殊工,所定労働時間内8時間あたり,人日,pref,46,鹿児島県,,,,48000,JPY,labor_wage_8h,published_pdl,70900,公共工事設計労務単価＋必要経費(法定福利費(事業主負担分)、労務管理費、宿舎費等)の参考値,2026-03,2026-03-01,mlit-roumu-r8,参1-参3,https://www.mlit.go.jp/report/press/content/001981942.pdf,PDL1.0,,
908b237ec90bb1be,JP,labor,労務単価,トンネル作業員,所定労働時間内8時間あたり,人日,pref,46,鹿児島県,,,,32400,JPY,labor_wage_8h,published_pdl,47900,公共工事設計労務単価＋必要経費(法定福利費(事業主負担分)、労務管理費、宿舎費等)の参考値,2026-03,2026-03-01,mlit-roumu-r8,参1-参3,https://www.mlit.go.jp/report/press/content/001981942.pdf,PDL1.0,,
d4eaa1315df50446,JP,labor,労務単価,トンネル世話役,所定労働時間内8時間あたり,人日,pref,46,鹿児島県,,,,51000,JPY,labor_wage_8h,published_pdl,75300,公共工事設計労務単価＋必要経費(法定福利費(事業主負担分)、労務管理費、宿舎費等)の参考値,2026-03,2026-03-01,mlit-roumu-r8,参1-参3,https://www.mlit.go.jp/report/press/content/001981942.pdf,PDL1.0,,
287b12112ca8fbeb,JP,labor,労務単価,橋りょう特殊工,所定労働時間内8時間あたり,人日,pref,46,鹿児島県,,,,34800,JPY,labor_wage_8h,published_pdl,51400,公共工事設計労務単価＋必要経費(法定福利費(事業主負担分)、労務管理費、宿舎費等)の参考値,2026-03,2026-03-01,mlit-roumu-r8,参1-参3,https://www.mlit.go.jp/report/press/content/001981942.pdf,PDL1.0,,
059e61f38a647b1e,JP,labor,労務単価,橋りょう塗装工,所定労働時間内8時間あたり,人日,pref,46,鹿児島県,,,,37100,JPY,labor_wage_8h,published_pdl,54800,公共工事設計労務単価＋必要経費(法定福利費(事業主負担分)、労務管理費、宿舎費等)の参考値,2026-03,2026-03-01,mlit-roumu-r8,参1-参3,https://www.mlit.go.jp/report/press/content/001981942.pdf,PDL1.0,,
ccf611f91dbf2a10,JP,labor,労務単価,橋りょう世話役,所定労働時間内8時間あたり,人日,pref,46,鹿児島県,,,,41800,JPY,labor_wage_8h,published_pdl,61700,公共工事設計労務単価＋必要経費(法定福利費(事業主負担分)、労務管理費、宿舎費等)の参考値,2026-03,2026-03-01,mlit-roumu-r8,参1-参3,https://www.mlit.go.jp/report/press/content/001981942.pdf,PDL1.0,,
e0e60e8adb25713f,JP,labor,労務単価,土木一般世話役,所定労働時間内8時間あたり,人日,pref,46,鹿児島県,,,,36100,JPY,labor_wage_8h,published_pdl,53300,公共工事設計労務単価＋必要経費(法定福利費(事業主負担分)、労務管理費、宿舎費等)の参考値,2026-03,2026-03-01,mlit-roumu-r8,参1-参3,https://www.mlit.go.jp/report/press/content/001981942.pdf,PDL1.0,,
6814137b139cbe62,JP,labor,労務単価,高級船員,所定労働時間内8時間あたり,人日,pref,46,鹿児島県,,,,34500,JPY,labor_wage_8h,published_pdl,51000,公共工事設計労務単価＋必要経費(法定福利費(事業主負担分)、労務管理費、宿舎費等)の参考値,2026-03,2026-03-01,mlit-roumu-r8,参1-参3,https://www.mlit.go.jp/report/press/content/001981942.pdf,PDL1.0,,
891b9c6bc608f9a5,JP,labor,労務単価,普通船員,所定労働時間内8時間あたり,人日,pref,46,鹿児島県,,,,28600,JPY,labor_wage_8h,published_pdl,42200,公共工事設計労務単価＋必要経費(法定福利費(事業主負担分)、労務管理費、宿舎費等)の参考値,2026-03,2026-03-01,mlit-roumu-r8,参1-参3,https://www.mlit.go.jp/report/press/content/001981942.pdf,PDL1.0,,
e106133b6c19c05d,JP,labor,労務単価,潜水士,所定労働時間内8時間あたり,人日,pref,46,鹿児島県,,,,47000,JPY,labor_wage_8h,published_pdl,69400,公共工事設計労務単価＋必要経費(法定福利費(事業主負担分)、労務管理費、宿舎費等)の参考値,2026-03,2026-03-01,mlit-roumu-r8,参1-参3,https://www.mlit.go.jp/report/press/content/001981942.pdf,PDL1.0,,
e7b91b72cc7f1d89,JP,labor,労務単価,潜水連絡員,所定労働時間内8時間あたり,人日,pref,46,鹿児島県,,,,29400,JPY,labor_wage_8h,published_pdl,43400,公共工事設計労務単価＋必要経費(法定福利費(事業主負担分)、労務管理費、宿舎費等)の参考値,2026-03,2026-03-01,mlit-roumu-r8,参1-参3,https://www.mlit.go.jp/report/press/content/001981942.pdf,PDL1.0,,
64145c164ee772b2,JP,labor,労務単価,潜水送気員,所定労働時間内8時間あたり,人日,pref,46,鹿児島県,,,,30400,JPY,labor_wage_8h,published_pdl,44900,公共工事設計労務単価＋必要経費(法定福利費(事業主負担分)、労務管理費、宿舎費等)の参考値,2026-03,2026-03-01,mlit-roumu-r8,参1-参3,https://www.mlit.go.jp/report/press/content/001981942.pdf,PDL1.0,,
4bd6899cb54175a4,JP,labor,労務単価,山林砂防工,所定労働時間内8時間あたり,人日,pref,46,鹿児島県,,,,,JPY,labor_wage_8h,not_set,,,2026-03,2026-03-01,mlit-roumu-r8,参1-参3,https://www.mlit.go.jp/report/press/content/001981942.pdf,PDL1.0,,原本の表で『-』(この都道府県ではこの職種の単価を設定していない)
f3e7070257cb4152,JP,labor,労務単価,軌道工,所定労働時間内8時間あたり,人日,pref,46,鹿児島県,,,,39000,JPY,labor_wage_8h,published_pdl,57600,公共工事設計労務単価＋必要経費(法定福利費(事業主負担分)、労務管理費、宿舎費等)の参考値,2026-03,2026-03-01,mlit-roumu-r8,参1-参3,https://www.mlit.go.jp/report/press/content/001981942.pdf,PDL1.0,,
58733c4c00b389c1,JP,labor,労務単価,型わく工,所定労働時間内8時間あたり,人日,pref,46,鹿児島県,,,,31400,JPY,labor_wage_8h,published_pdl,46400,公共工事設計労務単価＋必要経費(法定福利費(事業主負担分)、労務管理費、宿舎費等)の参考値,2026-03,2026-03-01,mlit-roumu-r8,参1-参3,https://www.mlit.go.jp/report/press/content/001981942.pdf,PDL1.0,,
c67a46d206ef59e2,JP,labor,労務単価,大工,所定労働時間内8時間あたり,人日,pref,46,鹿児島県,,,,29600,JPY,labor_wage_8h,published_pdl,43700,公共工事設計労務単価＋必要経費(法定福利費(事業主負担分)、労務管理費、宿舎費等)の参考値,2026-03,2026-03-01,mlit-roumu-r8,参1-参3,https://www.mlit.go.jp/report/press/content/001981942.pdf,PDL1.0,,
109f1183f04a1f6f,JP,labor,労務単価,左官,所定労働時間内8時間あたり,人日,pref,46,鹿児島県,,,,29300,JPY,labor_wage_8h,published_pdl,43300,公共工事設計労務単価＋必要経費(法定福利費(事業主負担分)、労務管理費、宿舎費等)の参考値,2026-03,2026-03-01,mlit-roumu-r8,参1-参3,https://www.mlit.go.jp/report/press/content/001981942.pdf,PDL1.0,,
834be301286d369d,JP,labor,労務単価,配管工,所定労働時間内8時間あたり,人日,pref,46,鹿児島県,,,,25700,JPY,labor_wage_8h,published_pdl,38000,公共工事設計労務単価＋必要経費(法定福利費(事業主負担分)、労務管理費、宿舎費等)の参考値,2026-03,2026-03-01,mlit-roumu-r8,参1-参3,https://www.mlit.go.jp/report/press/content/001981942.pdf,PDL1.0,,
f4f20a9068b108d5,JP,labor,労務単価,はつり工,所定労働時間内8時間あたり,人日,pref,46,鹿児島県,,,,30300,JPY,labor_wage_8h,published_pdl,44800,公共工事設計労務単価＋必要経費(法定福利費(事業主負担分)、労務管理費、宿舎費等)の参考値,2026-03,2026-03-01,mlit-roumu-r8,参1-参3,https://www.mlit.go.jp/report/press/content/001981942.pdf,PDL1.0,,
f71190409e6407ff,JP,labor,労務単価,防水工,所定労働時間内8時間あたり,人日,pref,46,鹿児島県,,,,29500,JPY,labor_wage_8h,published_pdl,43600,公共工事設計労務単価＋必要経費(法定福利費(事業主負担分)、労務管理費、宿舎費等)の参考値,2026-03,2026-03-01,mlit-roumu-r8,参1-参3,https://www.mlit.go.jp/report/press/content/001981942.pdf,PDL1.0,,
97b6876e1a49f3fb,JP,labor,労務単価,板金工,所定労働時間内8時間あたり,人日,pref,46,鹿児島県,,,,29200,JPY,labor_wage_8h,published_pdl,43100,公共工事設計労務単価＋必要経費(法定福利費(事業主負担分)、労務管理費、宿舎費等)の参考値,2026-03,2026-03-01,mlit-roumu-r8,参1-参3,https://www.mlit.go.jp/report/press/content/001981942.pdf,PDL1.0,,
c84e02cc5fe7a576,JP,labor,労務単価,タイル工,所定労働時間内8時間あたり,人日,pref,46,鹿児島県,,,,,JPY,labor_wage_8h,not_set,,,2026-03,2026-03-01,mlit-roumu-r8,参1-参3,https://www.mlit.go.jp/report/press/content/001981942.pdf,PDL1.0,,原本の表で『-』(この都道府県ではこの職種の単価を設定していない)
664ef5492f59a78c,JP,labor,労務単価,サッシ工,所定労働時間内8時間あたり,人日,pref,46,鹿児島県,,,,36500,JPY,labor_wage_8h,published_pdl,53900,公共工事設計労務単価＋必要経費(法定福利費(事業主負担分)、労務管理費、宿舎費等)の参考値,2026-03,2026-03-01,mlit-roumu-r8,参1-参3,https://www.mlit.go.jp/report/press/content/001981942.pdf,PDL1.0,,
115bdc35eafe6655,JP,labor,労務単価,屋根ふき工,所定労働時間内8時間あたり,人日,pref,46,鹿児島県,,,,,JPY,labor_wage_8h,not_set,,,2026-03,2026-03-01,mlit-roumu-r8,参1-参3,https://www.mlit.go.jp/report/press/content/001981942.pdf,PDL1.0,,原本の表で『-』(この都道府県ではこの職種の単価を設定していない)
2e87ab2e66d3f068,JP,labor,労務単価,内装工,所定労働時間内8時間あたり,人日,pref,46,鹿児島県,,,,30600,JPY,labor_wage_8h,published_pdl,45200,公共工事設計労務単価＋必要経費(法定福利費(事業主負担分)、労務管理費、宿舎費等)の参考値,2026-03,2026-03-01,mlit-roumu-r8,参1-参3,https://www.mlit.go.jp/report/press/content/001981942.pdf,PDL1.0,,
31ba7aa43b0267ff,JP,labor,労務単価,ガラス工,所定労働時間内8時間あたり,人日,pref,46,鹿児島県,,,,30800,JPY,labor_wage_8h,published_pdl,45500,公共工事設計労務単価＋必要経費(法定福利費(事業主負担分)、労務管理費、宿舎費等)の参考値,2026-03,2026-03-01,mlit-roumu-r8,参1-参3,https://www.mlit.go.jp/report/press/content/001981942.pdf,PDL1.0,,
4b693a1f2c4f2aa9,JP,labor,労務単価,建具工,所定労働時間内8時間あたり,人日,pref,46,鹿児島県,,,,,JPY,labor_wage_8h,not_set,,,2026-03,2026-03-01,mlit-roumu-r8,参1-参3,https://www.mlit.go.jp/report/press/content/001981942.pdf,PDL1.0,,原本の表で『-』(この都道府県ではこの職種の単価を設定していない)
37967974088e0c8e,JP,labor,労務単価,ダクト工,所定労働時間内8時間あたり,人日,pref,46,鹿児島県,,,,25600,JPY,labor_wage_8h,published_pdl,37800,公共工事設計労務単価＋必要経費(法定福利費(事業主負担分)、労務管理費、宿舎費等)の参考値,2026-03,2026-03-01,mlit-roumu-r8,参1-参3,https://www.mlit.go.jp/report/press/content/001981942.pdf,PDL1.0,,
35850627bd7765f0,JP,labor,労務単価,保温工,所定労働時間内8時間あたり,人日,pref,46,鹿児島県,,,,28200,JPY,labor_wage_8h,published_pdl,41700,公共工事設計労務単価＋必要経費(法定福利費(事業主負担分)、労務管理費、宿舎費等)の参考値,2026-03,2026-03-01,mlit-roumu-r8,参1-参3,https://www.mlit.go.jp/report/press/content/001981942.pdf,PDL1.0,,
208a289af5bc0961,JP,labor,労務単価,設備機械工,所定労働時間内8時間あたり,人日,pref,46,鹿児島県,,,,29200,JPY,labor_wage_8h,published_pdl,43100,公共工事設計労務単価＋必要経費(法定福利費(事業主負担分)、労務管理費、宿舎費等)の参考値,2026-03,2026-03-01,mlit-roumu-r8,参1-参3,https://www.mlit.go.jp/report/press/content/001981942.pdf,PDL1.0,,
9ef91ff8dff3fdb5,JP,labor,労務単価,交通誘導警備員Ａ,所定労働時間内8時間あたり,人日,pref,46,鹿児島県,,,,19300,JPY,labor_wage_8h,published_pdl,28500,公共工事設計労務単価＋必要経費(法定福利費(事業主負担分)、労務管理費、宿舎費等)の参考値,2026-03,2026-03-01,mlit-roumu-r8,参1-参3,https://www.mlit.go.jp/report/press/content/001981942.pdf,PDL1.0,,
72661108862ba466,JP,labor,労務単価,交通誘導警備員Ｂ,所定労働時間内8時間あたり,人日,pref,46,鹿児島県,,,,16700,JPY,labor_wage_8h,published_pdl,24700,公共工事設計労務単価＋必要経費(法定福利費(事業主負担分)、労務管理費、宿舎費等)の参考値,2026-03,2026-03-01,mlit-roumu-r8,参1-参3,https://www.mlit.go.jp/report/press/content/001981942.pdf,PDL1.0,,
3f7eaa555fc06ab9,JP,labor,労務単価,特殊作業員,所定労働時間内8時間あたり,人日,pref,47,沖縄県,,,,28500,JPY,labor_wage_8h,published_pdl,42100,公共工事設計労務単価＋必要経費(法定福利費(事業主負担分)、労務管理費、宿舎費等)の参考値,2026-03,2026-03-01,mlit-roumu-r8,参1-参3,https://www.mlit.go.jp/report/press/content/001981942.pdf,PDL1.0,,
c89d4e683323b743,JP,labor,労務単価,普通作業員,所定労働時間内8時間あたり,人日,pref,47,沖縄県,,,,23300,JPY,labor_wage_8h,published_pdl,34400,公共工事設計労務単価＋必要経費(法定福利費(事業主負担分)、労務管理費、宿舎費等)の参考値,2026-03,2026-03-01,mlit-roumu-r8,参1-参3,https://www.mlit.go.jp/report/press/content/001981942.pdf,PDL1.0,,
c637fbaf07e8f22a,JP,labor,労務単価,軽作業員,所定労働時間内8時間あたり,人日,pref,47,沖縄県,,,,18100,JPY,labor_wage_8h,published_pdl,26700,公共工事設計労務単価＋必要経費(法定福利費(事業主負担分)、労務管理費、宿舎費等)の参考値,2026-03,2026-03-01,mlit-roumu-r8,参1-参3,https://www.mlit.go.jp/report/press/content/001981942.pdf,PDL1.0,,
0c3542391e68d03d,JP,labor,労務単価,造園工,所定労働時間内8時間あたり,人日,pref,47,沖縄県,,,,24700,JPY,labor_wage_8h,published_pdl,36500,公共工事設計労務単価＋必要経費(法定福利費(事業主負担分)、労務管理費、宿舎費等)の参考値,2026-03,2026-03-01,mlit-roumu-r8,参1-参3,https://www.mlit.go.jp/report/press/content/001981942.pdf,PDL1.0,,
e9dc33df91142800,JP,labor,労務単価,法面工,所定労働時間内8時間あたり,人日,pref,47,沖縄県,,,,28800,JPY,labor_wage_8h,published_pdl,42500,公共工事設計労務単価＋必要経費(法定福利費(事業主負担分)、労務管理費、宿舎費等)の参考値,2026-03,2026-03-01,mlit-roumu-r8,参1-参3,https://www.mlit.go.jp/report/press/content/001981942.pdf,PDL1.0,,
c0f0a0383943e57d,JP,labor,労務単価,とび工,所定労働時間内8時間あたり,人日,pref,47,沖縄県,,,,35100,JPY,labor_wage_8h,published_pdl,51800,公共工事設計労務単価＋必要経費(法定福利費(事業主負担分)、労務管理費、宿舎費等)の参考値,2026-03,2026-03-01,mlit-roumu-r8,参1-参3,https://www.mlit.go.jp/report/press/content/001981942.pdf,PDL1.0,,
a196a6f4b5249e35,JP,labor,労務単価,石工,所定労働時間内8時間あたり,人日,pref,47,沖縄県,,,,,JPY,labor_wage_8h,not_set,,,2026-03,2026-03-01,mlit-roumu-r8,参1-参3,https://www.mlit.go.jp/report/press/content/001981942.pdf,PDL1.0,,原本の表で『-』(この都道府県ではこの職種の単価を設定していない)
93560c838a837552,JP,labor,労務単価,ブロック工,所定労働時間内8時間あたり,人日,pref,47,沖縄県,,,,,JPY,labor_wage_8h,not_set,,,2026-03,2026-03-01,mlit-roumu-r8,参1-参3,https://www.mlit.go.jp/report/press/content/001981942.pdf,PDL1.0,,原本の表で『-』(この都道府県ではこの職種の単価を設定していない)
1670ae16630e33ea,JP,labor,労務単価,電工,所定労働時間内8時間あたり,人日,pref,47,沖縄県,,,,23700,JPY,labor_wage_8h,published_pdl,35000,公共工事設計労務単価＋必要経費(法定福利費(事業主負担分)、労務管理費、宿舎費等)の参考値,2026-03,2026-03-01,mlit-roumu-r8,参1-参3,https://www.mlit.go.jp/report/press/content/001981942.pdf,PDL1.0,,
76508cded5b0ca6c,JP,labor,労務単価,鉄筋工,所定労働時間内8時間あたり,人日,pref,47,沖縄県,,,,33200,JPY,labor_wage_8h,published_pdl,49000,公共工事設計労務単価＋必要経費(法定福利費(事業主負担分)、労務管理費、宿舎費等)の参考値,2026-03,2026-03-01,mlit-roumu-r8,参1-参3,https://www.mlit.go.jp/report/press/content/001981942.pdf,PDL1.0,,
4a1db16ab9bf374b,JP,labor,労務単価,鉄骨工,所定労働時間内8時間あたり,人日,pref,47,沖縄県,,,,25000,JPY,labor_wage_8h,published_pdl,36900,公共工事設計労務単価＋必要経費(法定福利費(事業主負担分)、労務管理費、宿舎費等)の参考値,2026-03,2026-03-01,mlit-roumu-r8,参1-参3,https://www.mlit.go.jp/report/press/content/001981942.pdf,PDL1.0,,
8e6e3a094497fe85,JP,labor,労務単価,塗装工,所定労働時間内8時間あたり,人日,pref,47,沖縄県,,,,29800,JPY,labor_wage_8h,published_pdl,44000,公共工事設計労務単価＋必要経費(法定福利費(事業主負担分)、労務管理費、宿舎費等)の参考値,2026-03,2026-03-01,mlit-roumu-r8,参1-参3,https://www.mlit.go.jp/report/press/content/001981942.pdf,PDL1.0,,
e98762468f7be79e,JP,labor,労務単価,溶接工,所定労働時間内8時間あたり,人日,pref,47,沖縄県,,,,29700,JPY,labor_wage_8h,published_pdl,43900,公共工事設計労務単価＋必要経費(法定福利費(事業主負担分)、労務管理費、宿舎費等)の参考値,2026-03,2026-03-01,mlit-roumu-r8,参1-参3,https://www.mlit.go.jp/report/press/content/001981942.pdf,PDL1.0,,
23613be7634d1ee2,JP,labor,労務単価,運転手（特殊）,所定労働時間内8時間あたり,人日,pref,47,沖縄県,,,,32400,JPY,labor_wage_8h,published_pdl,47900,公共工事設計労務単価＋必要経費(法定福利費(事業主負担分)、労務管理費、宿舎費等)の参考値,2026-03,2026-03-01,mlit-roumu-r8,参1-参3,https://www.mlit.go.jp/report/press/content/001981942.pdf,PDL1.0,,
a7528b2f9a9c0614,JP,labor,労務単価,運転手（一般）,所定労働時間内8時間あたり,人日,pref,47,沖縄県,,,,28700,JPY,labor_wage_8h,published_pdl,42400,公共工事設計労務単価＋必要経費(法定福利費(事業主負担分)、労務管理費、宿舎費等)の参考値,2026-03,2026-03-01,mlit-roumu-r8,参1-参3,https://www.mlit.go.jp/report/press/content/001981942.pdf,PDL1.0,,
e93679f277dca05b,JP,labor,労務単価,潜かん工,所定労働時間内8時間あたり,人日,pref,47,沖縄県,,,,41100,JPY,labor_wage_8h,published_pdl,60700,公共工事設計労務単価＋必要経費(法定福利費(事業主負担分)、労務管理費、宿舎費等)の参考値,2026-03,2026-03-01,mlit-roumu-r8,参1-参3,https://www.mlit.go.jp/report/press/content/001981942.pdf,PDL1.0,,
2e97012b17997deb,JP,labor,労務単価,潜かん世話役,所定労働時間内8時間あたり,人日,pref,47,沖縄県,,,,50300,JPY,labor_wage_8h,published_pdl,74300,公共工事設計労務単価＋必要経費(法定福利費(事業主負担分)、労務管理費、宿舎費等)の参考値,2026-03,2026-03-01,mlit-roumu-r8,参1-参3,https://www.mlit.go.jp/report/press/content/001981942.pdf,PDL1.0,,
74289520a622ab36,JP,labor,労務単価,さく岩工,所定労働時間内8時間あたり,人日,pref,47,沖縄県,,,,38200,JPY,labor_wage_8h,published_pdl,56400,公共工事設計労務単価＋必要経費(法定福利費(事業主負担分)、労務管理費、宿舎費等)の参考値,2026-03,2026-03-01,mlit-roumu-r8,参1-参3,https://www.mlit.go.jp/report/press/content/001981942.pdf,PDL1.0,,
ed81cf126f7eb755,JP,labor,労務単価,トンネル特殊工,所定労働時間内8時間あたり,人日,pref,47,沖縄県,,,,36300,JPY,labor_wage_8h,published_pdl,53600,公共工事設計労務単価＋必要経費(法定福利費(事業主負担分)、労務管理費、宿舎費等)の参考値,2026-03,2026-03-01,mlit-roumu-r8,参1-参3,https://www.mlit.go.jp/report/press/content/001981942.pdf,PDL1.0,,
8966b7e72ce37b60,JP,labor,労務単価,トンネル作業員,所定労働時間内8時間あたり,人日,pref,47,沖縄県,,,,28900,JPY,labor_wage_8h,published_pdl,42700,公共工事設計労務単価＋必要経費(法定福利費(事業主負担分)、労務管理費、宿舎費等)の参考値,2026-03,2026-03-01,mlit-roumu-r8,参1-参3,https://www.mlit.go.jp/report/press/content/001981942.pdf,PDL1.0,,
b11de8da01c1059b,JP,labor,労務単価,トンネル世話役,所定労働時間内8時間あたり,人日,pref,47,沖縄県,,,,47700,JPY,labor_wage_8h,published_pdl,70500,公共工事設計労務単価＋必要経費(法定福利費(事業主負担分)、労務管理費、宿舎費等)の参考値,2026-03,2026-03-01,mlit-roumu-r8,参1-参3,https://www.mlit.go.jp/report/press/content/001981942.pdf,PDL1.0,,
fdfce2fe01572bd7,JP,labor,労務単価,橋りょう特殊工,所定労働時間内8時間あたり,人日,pref,47,沖縄県,,,,41100,JPY,labor_wage_8h,published_pdl,60700,公共工事設計労務単価＋必要経費(法定福利費(事業主負担分)、労務管理費、宿舎費等)の参考値,2026-03,2026-03-01,mlit-roumu-r8,参1-参3,https://www.mlit.go.jp/report/press/content/001981942.pdf,PDL1.0,,
3abca4ff86f42087,JP,labor,労務単価,橋りょう塗装工,所定労働時間内8時間あたり,人日,pref,47,沖縄県,,,,32500,JPY,labor_wage_8h,published_pdl,48000,公共工事設計労務単価＋必要経費(法定福利費(事業主負担分)、労務管理費、宿舎費等)の参考値,2026-03,2026-03-01,mlit-roumu-r8,参1-参3,https://www.mlit.go.jp/report/press/content/001981942.pdf,PDL1.0,,
76b437b0d705676e,JP,labor,労務単価,橋りょう世話役,所定労働時間内8時間あたり,人日,pref,47,沖縄県,,,,47700,JPY,labor_wage_8h,published_pdl,70500,公共工事設計労務単価＋必要経費(法定福利費(事業主負担分)、労務管理費、宿舎費等)の参考値,2026-03,2026-03-01,mlit-roumu-r8,参1-参3,https://www.mlit.go.jp/report/press/content/001981942.pdf,PDL1.0,,
e21a5a2b55fdbe0f,JP,labor,労務単価,土木一般世話役,所定労働時間内8時間あたり,人日,pref,47,沖縄県,,,,35000,JPY,labor_wage_8h,published_pdl,51700,公共工事設計労務単価＋必要経費(法定福利費(事業主負担分)、労務管理費、宿舎費等)の参考値,2026-03,2026-03-01,mlit-roumu-r8,参1-参3,https://www.mlit.go.jp/report/press/content/001981942.pdf,PDL1.0,,
fb165bf2c7af6f1a,JP,labor,労務単価,高級船員,所定労働時間内8時間あたり,人日,pref,47,沖縄県,,,,30100,JPY,labor_wage_8h,published_pdl,44500,公共工事設計労務単価＋必要経費(法定福利費(事業主負担分)、労務管理費、宿舎費等)の参考値,2026-03,2026-03-01,mlit-roumu-r8,参1-参3,https://www.mlit.go.jp/report/press/content/001981942.pdf,PDL1.0,,
fce66c14ab674e8e,JP,labor,労務単価,普通船員,所定労働時間内8時間あたり,人日,pref,47,沖縄県,,,,28800,JPY,labor_wage_8h,published_pdl,42500,公共工事設計労務単価＋必要経費(法定福利費(事業主負担分)、労務管理費、宿舎費等)の参考値,2026-03,2026-03-01,mlit-roumu-r8,参1-参3,https://www.mlit.go.jp/report/press/content/001981942.pdf,PDL1.0,,
1cd1295680cbb1d1,JP,labor,労務単価,潜水士,所定労働時間内8時間あたり,人日,pref,47,沖縄県,,,,55400,JPY,labor_wage_8h,published_pdl,81800,公共工事設計労務単価＋必要経費(法定福利費(事業主負担分)、労務管理費、宿舎費等)の参考値,2026-03,2026-03-01,mlit-roumu-r8,参1-参3,https://www.mlit.go.jp/report/press/content/001981942.pdf,PDL1.0,,
ee3ccdc9d4e6e51c,JP,labor,労務単価,潜水連絡員,所定労働時間内8時間あたり,人日,pref,47,沖縄県,,,,34000,JPY,labor_wage_8h,published_pdl,50200,公共工事設計労務単価＋必要経費(法定福利費(事業主負担分)、労務管理費、宿舎費等)の参考値,2026-03,2026-03-01,mlit-roumu-r8,参1-参3,https://www.mlit.go.jp/report/press/content/001981942.pdf,PDL1.0,,
92c836d7bf54e92b,JP,labor,労務単価,潜水送気員,所定労働時間内8時間あたり,人日,pref,47,沖縄県,,,,37800,JPY,labor_wage_8h,published_pdl,55800,公共工事設計労務単価＋必要経費(法定福利費(事業主負担分)、労務管理費、宿舎費等)の参考値,2026-03,2026-03-01,mlit-roumu-r8,参1-参3,https://www.mlit.go.jp/report/press/content/001981942.pdf,PDL1.0,,
6e6fb1540992cb90,JP,labor,労務単価,山林砂防工,所定労働時間内8時間あたり,人日,pref,47,沖縄県,,,,,JPY,labor_wage_8h,not_set,,,2026-03,2026-03-01,mlit-roumu-r8,参1-参3,https://www.mlit.go.jp/report/press/content/001981942.pdf,PDL1.0,,原本の表で『-』(この都道府県ではこの職種の単価を設定していない)
ab09eccc7051bb12,JP,labor,労務単価,軌道工,所定労働時間内8時間あたり,人日,pref,47,沖縄県,,,,,JPY,labor_wage_8h,not_set,,,2026-03,2026-03-01,mlit-roumu-r8,参1-参3,https://www.mlit.go.jp/report/press/content/001981942.pdf,PDL1.0,,原本の表で『-』(この都道府県ではこの職種の単価を設定していない)
ed95ebce20b93119,JP,labor,労務単価,型わく工,所定労働時間内8時間あたり,人日,pref,47,沖縄県,,,,32300,JPY,labor_wage_8h,published_pdl,47700,公共工事設計労務単価＋必要経費(法定福利費(事業主負担分)、労務管理費、宿舎費等)の参考値,2026-03,2026-03-01,mlit-roumu-r8,参1-参3,https://www.mlit.go.jp/report/press/content/001981942.pdf,PDL1.0,,
4bbbe5c211c76280,JP,labor,労務単価,大工,所定労働時間内8時間あたり,人日,pref,47,沖縄県,,,,,JPY,labor_wage_8h,not_set,,,2026-03,2026-03-01,mlit-roumu-r8,参1-参3,https://www.mlit.go.jp/report/press/content/001981942.pdf,PDL1.0,,原本の表で『-』(この都道府県ではこの職種の単価を設定していない)
db3f8fb6077b169d,JP,labor,労務単価,左官,所定労働時間内8時間あたり,人日,pref,47,沖縄県,,,,31800,JPY,labor_wage_8h,published_pdl,47000,公共工事設計労務単価＋必要経費(法定福利費(事業主負担分)、労務管理費、宿舎費等)の参考値,2026-03,2026-03-01,mlit-roumu-r8,参1-参3,https://www.mlit.go.jp/report/press/content/001981942.pdf,PDL1.0,,
feb41e39e416b1ba,JP,labor,労務単価,配管工,所定労働時間内8時間あたり,人日,pref,47,沖縄県,,,,23500,JPY,labor_wage_8h,published_pdl,34700,公共工事設計労務単価＋必要経費(法定福利費(事業主負担分)、労務管理費、宿舎費等)の参考値,2026-03,2026-03-01,mlit-roumu-r8,参1-参3,https://www.mlit.go.jp/report/press/content/001981942.pdf,PDL1.0,,
66c20e092e9e6ba1,JP,labor,労務単価,はつり工,所定労働時間内8時間あたり,人日,pref,47,沖縄県,,,,29800,JPY,labor_wage_8h,published_pdl,44000,公共工事設計労務単価＋必要経費(法定福利費(事業主負担分)、労務管理費、宿舎費等)の参考値,2026-03,2026-03-01,mlit-roumu-r8,参1-参3,https://www.mlit.go.jp/report/press/content/001981942.pdf,PDL1.0,,
d68c08b1ce1a61aa,JP,labor,労務単価,防水工,所定労働時間内8時間あたり,人日,pref,47,沖縄県,,,,38900,JPY,labor_wage_8h,published_pdl,57500,公共工事設計労務単価＋必要経費(法定福利費(事業主負担分)、労務管理費、宿舎費等)の参考値,2026-03,2026-03-01,mlit-roumu-r8,参1-参3,https://www.mlit.go.jp/report/press/content/001981942.pdf,PDL1.0,,
cc72ec4dc4a4b329,JP,labor,労務単価,板金工,所定労働時間内8時間あたり,人日,pref,47,沖縄県,,,,,JPY,labor_wage_8h,not_set,,,2026-03,2026-03-01,mlit-roumu-r8,参1-参3,https://www.mlit.go.jp/report/press/content/001981942.pdf,PDL1.0,,原本の表で『-』(この都道府県ではこの職種の単価を設定していない)
8c890cb08eb9e34d,JP,labor,労務単価,タイル工,所定労働時間内8時間あたり,人日,pref,47,沖縄県,,,,,JPY,labor_wage_8h,not_set,,,2026-03,2026-03-01,mlit-roumu-r8,参1-参3,https://www.mlit.go.jp/report/press/content/001981942.pdf,PDL1.0,,原本の表で『-』(この都道府県ではこの職種の単価を設定していない)
16812ec0352e9198,JP,labor,労務単価,サッシ工,所定労働時間内8時間あたり,人日,pref,47,沖縄県,,,,33600,JPY,labor_wage_8h,published_pdl,49600,公共工事設計労務単価＋必要経費(法定福利費(事業主負担分)、労務管理費、宿舎費等)の参考値,2026-03,2026-03-01,mlit-roumu-r8,参1-参3,https://www.mlit.go.jp/report/press/content/001981942.pdf,PDL1.0,,
a4222e736721cf60,JP,labor,労務単価,屋根ふき工,所定労働時間内8時間あたり,人日,pref,47,沖縄県,,,,,JPY,labor_wage_8h,not_set,,,2026-03,2026-03-01,mlit-roumu-r8,参1-参3,https://www.mlit.go.jp/report/press/content/001981942.pdf,PDL1.0,,原本の表で『-』(この都道府県ではこの職種の単価を設定していない)
4bd93db0b9594710,JP,labor,労務単価,内装工,所定労働時間内8時間あたり,人日,pref,47,沖縄県,,,,26300,JPY,labor_wage_8h,published_pdl,38800,公共工事設計労務単価＋必要経費(法定福利費(事業主負担分)、労務管理費、宿舎費等)の参考値,2026-03,2026-03-01,mlit-roumu-r8,参1-参3,https://www.mlit.go.jp/report/press/content/001981942.pdf,PDL1.0,,
6339dadc414fb791,JP,labor,労務単価,ガラス工,所定労働時間内8時間あたり,人日,pref,47,沖縄県,,,,,JPY,labor_wage_8h,not_set,,,2026-03,2026-03-01,mlit-roumu-r8,参1-参3,https://www.mlit.go.jp/report/press/content/001981942.pdf,PDL1.0,,原本の表で『-』(この都道府県ではこの職種の単価を設定していない)
b600cd58925075f6,JP,labor,労務単価,建具工,所定労働時間内8時間あたり,人日,pref,47,沖縄県,,,,,JPY,labor_wage_8h,not_set,,,2026-03,2026-03-01,mlit-roumu-r8,参1-参3,https://www.mlit.go.jp/report/press/content/001981942.pdf,PDL1.0,,原本の表で『-』(この都道府県ではこの職種の単価を設定していない)
c23162d7c89e7625,JP,labor,労務単価,ダクト工,所定労働時間内8時間あたり,人日,pref,47,沖縄県,,,,22200,JPY,labor_wage_8h,published_pdl,32800,公共工事設計労務単価＋必要経費(法定福利費(事業主負担分)、労務管理費、宿舎費等)の参考値,2026-03,2026-03-01,mlit-roumu-r8,参1-参3,https://www.mlit.go.jp/report/press/content/001981942.pdf,PDL1.0,,
55254cc044fbf396,JP,labor,労務単価,保温工,所定労働時間内8時間あたり,人日,pref,47,沖縄県,,,,28000,JPY,labor_wage_8h,published_pdl,41400,公共工事設計労務単価＋必要経費(法定福利費(事業主負担分)、労務管理費、宿舎費等)の参考値,2026-03,2026-03-01,mlit-roumu-r8,参1-参3,https://www.mlit.go.jp/report/press/content/001981942.pdf,PDL1.0,,
32dfb5b854f0779b,JP,labor,労務単価,設備機械工,所定労働時間内8時間あたり,人日,pref,47,沖縄県,,,,25500,JPY,labor_wage_8h,published_pdl,37700,公共工事設計労務単価＋必要経費(法定福利費(事業主負担分)、労務管理費、宿舎費等)の参考値,2026-03,2026-03-01,mlit-roumu-r8,参1-参3,https://www.mlit.go.jp/report/press/content/001981942.pdf,PDL1.0,,
a5e19124b3c847cf,JP,labor,労務単価,交通誘導警備員Ａ,所定労働時間内8時間あたり,人日,pref,47,沖縄県,,,,16800,JPY,labor_wage_8h,published_pdl,24800,公共工事設計労務単価＋必要経費(法定福利費(事業主負担分)、労務管理費、宿舎費等)の参考値,2026-03,2026-03-01,mlit-roumu-r8,参1-参3,https://www.mlit.go.jp/report/press/content/001981942.pdf,PDL1.0,,
52a3636fff240925,JP,labor,労務単価,交通誘導警備員Ｂ,所定労働時間内8時間あたり,人日,pref,47,沖縄県,,,,14300,JPY,labor_wage_8h,published_pdl,21100,公共工事設計労務単価＋必要経費(法定福利費(事業主負担分)、労務管理費、宿舎費等)の参考値,2026-03,2026-03-01,mlit-roumu-r8,参1-参3,https://www.mlit.go.jp/report/press/content/001981942.pdf,PDL1.0,,
