obs_id,country,layer,category,item_name,spec,unit,geo_level,geo_code,geo_name,area_label,area_code,area_members,price,currency,price_basis,price_status,ref_value,ref_note,period,effective_from,source_id,source_page,evidence_url,license,jccdb_v4_item_id,note
4ae87a217f941cc8,JP,labor,労務単価,特殊作業員,所定労働時間内8時間あたり,人日,pref,01,北海道,,,,15400,JPY,labor_wage_8h,published_pdl,21700,原本の下段(括弧書き): 公共工事設計労務単価+必要経費(法定福利費の事業主負担額、労務管理費、宿舎費等)(試算値),2013-04,2013-04-01,mlit-roumu-h25,p16(横長の表) / p5(縦長の表),https://www.mlit.go.jp/common/000993048.pdf,PDL1.0,,
a37bdbdab2c346a3,JP,labor,労務単価,普通作業員,所定労働時間内8時間あたり,人日,pref,01,北海道,,,,12700,JPY,labor_wage_8h,published_pdl,17900,原本の下段(括弧書き): 公共工事設計労務単価+必要経費(法定福利費の事業主負担額、労務管理費、宿舎費等)(試算値),2013-04,2013-04-01,mlit-roumu-h25,p16(横長の表) / p5(縦長の表),https://www.mlit.go.jp/common/000993048.pdf,PDL1.0,,
043d1c0e732a7ca6,JP,labor,労務単価,軽作業員,所定労働時間内8時間あたり,人日,pref,01,北海道,,,,10600,JPY,labor_wage_8h,published_pdl,14900,原本の下段(括弧書き): 公共工事設計労務単価+必要経費(法定福利費の事業主負担額、労務管理費、宿舎費等)(試算値),2013-04,2013-04-01,mlit-roumu-h25,p16(横長の表) / p5(縦長の表),https://www.mlit.go.jp/common/000993048.pdf,PDL1.0,,
7f7583a56448b17e,JP,labor,労務単価,造園工,所定労働時間内8時間あたり,人日,pref,01,北海道,,,,15700,JPY,labor_wage_8h,published_pdl,22100,原本の下段(括弧書き): 公共工事設計労務単価+必要経費(法定福利費の事業主負担額、労務管理費、宿舎費等)(試算値),2013-04,2013-04-01,mlit-roumu-h25,p16(横長の表) / p5(縦長の表),https://www.mlit.go.jp/common/000993048.pdf,PDL1.0,,
dffdea3303acd775,JP,labor,労務単価,法面工,所定労働時間内8時間あたり,人日,pref,01,北海道,,,,17300,JPY,labor_wage_8h,published_pdl,24300,原本の下段(括弧書き): 公共工事設計労務単価+必要経費(法定福利費の事業主負担額、労務管理費、宿舎費等)(試算値),2013-04,2013-04-01,mlit-roumu-h25,p16(横長の表) / p5(縦長の表),https://www.mlit.go.jp/common/000993048.pdf,PDL1.0,,
04b9293844db690c,JP,labor,労務単価,とび工,所定労働時間内8時間あたり,人日,pref,01,北海道,,,,15700,JPY,labor_wage_8h,published_pdl,22100,原本の下段(括弧書き): 公共工事設計労務単価+必要経費(法定福利費の事業主負担額、労務管理費、宿舎費等)(試算値),2013-04,2013-04-01,mlit-roumu-h25,p16(横長の表) / p5(縦長の表),https://www.mlit.go.jp/common/000993048.pdf,PDL1.0,,
c90e7e612695c9b2,JP,labor,労務単価,石工,所定労働時間内8時間あたり,人日,pref,01,北海道,,,,24900,JPY,labor_wage_8h,published_pdl,35000,原本の下段(括弧書き): 公共工事設計労務単価+必要経費(法定福利費の事業主負担額、労務管理費、宿舎費等)(試算値),2013-04,2013-04-01,mlit-roumu-h25,p16(横長の表) / p5(縦長の表),https://www.mlit.go.jp/common/000993048.pdf,PDL1.0,,
843664f351a145bd,JP,labor,労務単価,ブロック工,所定労働時間内8時間あたり,人日,pref,01,北海道,,,,21800,JPY,labor_wage_8h,published_pdl,30700,原本の下段(括弧書き): 公共工事設計労務単価+必要経費(法定福利費の事業主負担額、労務管理費、宿舎費等)(試算値),2013-04,2013-04-01,mlit-roumu-h25,p16(横長の表) / p5(縦長の表),https://www.mlit.go.jp/common/000993048.pdf,PDL1.0,,
09339675ca48008e,JP,labor,労務単価,電工,所定労働時間内8時間あたり,人日,pref,01,北海道,,,,16600,JPY,labor_wage_8h,published_pdl,23300,原本の下段(括弧書き): 公共工事設計労務単価+必要経費(法定福利費の事業主負担額、労務管理費、宿舎費等)(試算値),2013-04,2013-04-01,mlit-roumu-h25,p16(横長の表) / p5(縦長の表),https://www.mlit.go.jp/common/000993048.pdf,PDL1.0,,
bae92ceff062518b,JP,labor,労務単価,鉄筋工,所定労働時間内8時間あたり,人日,pref,01,北海道,,,,16000,JPY,labor_wage_8h,published_pdl,22500,原本の下段(括弧書き): 公共工事設計労務単価+必要経費(法定福利費の事業主負担額、労務管理費、宿舎費等)(試算値),2013-04,2013-04-01,mlit-roumu-h25,p16(横長の表) / p5(縦長の表),https://www.mlit.go.jp/common/000993048.pdf,PDL1.0,,
5b8dccc8ffa69ba3,JP,labor,労務単価,鉄骨工,所定労働時間内8時間あたり,人日,pref,01,北海道,,,,16400,JPY,labor_wage_8h,published_pdl,23100,原本の下段(括弧書き): 公共工事設計労務単価+必要経費(法定福利費の事業主負担額、労務管理費、宿舎費等)(試算値),2013-04,2013-04-01,mlit-roumu-h25,p16(横長の表) / p6(縦長の表),https://www.mlit.go.jp/common/000993048.pdf,PDL1.0,,
21ba105eaff6fe51,JP,labor,労務単価,塗装工,所定労働時間内8時間あたり,人日,pref,01,北海道,,,,16000,JPY,labor_wage_8h,published_pdl,22500,原本の下段(括弧書き): 公共工事設計労務単価+必要経費(法定福利費の事業主負担額、労務管理費、宿舎費等)(試算値),2013-04,2013-04-01,mlit-roumu-h25,p16(横長の表) / p6(縦長の表),https://www.mlit.go.jp/common/000993048.pdf,PDL1.0,,
dd1eacebfaee9b7f,JP,labor,労務単価,溶接工,所定労働時間内8時間あたり,人日,pref,01,北海道,,,,17600,JPY,labor_wage_8h,published_pdl,24700,原本の下段(括弧書き): 公共工事設計労務単価+必要経費(法定福利費の事業主負担額、労務管理費、宿舎費等)(試算値),2013-04,2013-04-01,mlit-roumu-h25,p16(横長の表) / p6(縦長の表),https://www.mlit.go.jp/common/000993048.pdf,PDL1.0,,
447e2d49a98621de,JP,labor,労務単価,運転手（特殊）,所定労働時間内8時間あたり,人日,pref,01,北海道,,,,15300,JPY,labor_wage_8h,published_pdl,21500,原本の下段(括弧書き): 公共工事設計労務単価+必要経費(法定福利費の事業主負担額、労務管理費、宿舎費等)(試算値),2013-04,2013-04-01,mlit-roumu-h25,p16(横長の表) / p6(縦長の表),https://www.mlit.go.jp/common/000993048.pdf,PDL1.0,,
97c8b3f6ba26f72e,JP,labor,労務単価,運転手（一般）,所定労働時間内8時間あたり,人日,pref,01,北海道,,,,12800,JPY,labor_wage_8h,published_pdl,18000,原本の下段(括弧書き): 公共工事設計労務単価+必要経費(法定福利費の事業主負担額、労務管理費、宿舎費等)(試算値),2013-04,2013-04-01,mlit-roumu-h25,p16(横長の表) / p6(縦長の表),https://www.mlit.go.jp/common/000993048.pdf,PDL1.0,,
d4648c765962bff4,JP,labor,労務単価,潜かん工,所定労働時間内8時間あたり,人日,pref,01,北海道,,,,24900,JPY,labor_wage_8h,published_pdl,35000,原本の下段(括弧書き): 公共工事設計労務単価+必要経費(法定福利費の事業主負担額、労務管理費、宿舎費等)(試算値),2013-04,2013-04-01,mlit-roumu-h25,p16(横長の表) / p6(縦長の表),https://www.mlit.go.jp/common/000993048.pdf,PDL1.0,,
421aa28cd3f4a5bf,JP,labor,労務単価,潜かん世話役,所定労働時間内8時間あたり,人日,pref,01,北海道,,,,29500,JPY,labor_wage_8h,published_pdl,41500,原本の下段(括弧書き): 公共工事設計労務単価+必要経費(法定福利費の事業主負担額、労務管理費、宿舎費等)(試算値),2013-04,2013-04-01,mlit-roumu-h25,p16(横長の表) / p6(縦長の表),https://www.mlit.go.jp/common/000993048.pdf,PDL1.0,,
ff51ce0a5548d968,JP,labor,労務単価,さく岩工,所定労働時間内8時間あたり,人日,pref,01,北海道,,,,18600,JPY,labor_wage_8h,published_pdl,26200,原本の下段(括弧書き): 公共工事設計労務単価+必要経費(法定福利費の事業主負担額、労務管理費、宿舎費等)(試算値),2013-04,2013-04-01,mlit-roumu-h25,p16(横長の表) / p6(縦長の表),https://www.mlit.go.jp/common/000993048.pdf,PDL1.0,,
8293eed87f65f750,JP,labor,労務単価,トンネル特殊工,所定労働時間内8時間あたり,人日,pref,01,北海道,,,,22100,JPY,labor_wage_8h,published_pdl,31100,原本の下段(括弧書き): 公共工事設計労務単価+必要経費(法定福利費の事業主負担額、労務管理費、宿舎費等)(試算値),2013-04,2013-04-01,mlit-roumu-h25,p16(横長の表) / p6(縦長の表),https://www.mlit.go.jp/common/000993048.pdf,PDL1.0,,
7179e7804b1c650c,JP,labor,労務単価,トンネル作業員,所定労働時間内8時間あたり,人日,pref,01,北海道,,,,18400,JPY,labor_wage_8h,published_pdl,25900,原本の下段(括弧書き): 公共工事設計労務単価+必要経費(法定福利費の事業主負担額、労務管理費、宿舎費等)(試算値),2013-04,2013-04-01,mlit-roumu-h25,p16(横長の表) / p6(縦長の表),https://www.mlit.go.jp/common/000993048.pdf,PDL1.0,,
20015527afdabf6a,JP,labor,労務単価,トンネル世話役,所定労働時間内8時間あたり,人日,pref,01,北海道,,,,24800,JPY,labor_wage_8h,published_pdl,34900,原本の下段(括弧書き): 公共工事設計労務単価+必要経費(法定福利費の事業主負担額、労務管理費、宿舎費等)(試算値),2013-04,2013-04-01,mlit-roumu-h25,p17(横長の表) / p7(縦長の表),https://www.mlit.go.jp/common/000993048.pdf,PDL1.0,,
80f141d2607c8290,JP,labor,労務単価,橋りょう特殊工,所定労働時間内8時間あたり,人日,pref,01,北海道,,,,20800,JPY,labor_wage_8h,published_pdl,29200,原本の下段(括弧書き): 公共工事設計労務単価+必要経費(法定福利費の事業主負担額、労務管理費、宿舎費等)(試算値),2013-04,2013-04-01,mlit-roumu-h25,p17(横長の表) / p7(縦長の表),https://www.mlit.go.jp/common/000993048.pdf,PDL1.0,,
ce9ffe2305314228,JP,labor,労務単価,橋りょう塗装工,所定労働時間内8時間あたり,人日,pref,01,北海道,,,,21000,JPY,labor_wage_8h,published_pdl,29500,原本の下段(括弧書き): 公共工事設計労務単価+必要経費(法定福利費の事業主負担額、労務管理費、宿舎費等)(試算値),2013-04,2013-04-01,mlit-roumu-h25,p17(横長の表) / p7(縦長の表),https://www.mlit.go.jp/common/000993048.pdf,PDL1.0,,
40209dbf3e6ecec1,JP,labor,労務単価,橋りょう世話役,所定労働時間内8時間あたり,人日,pref,01,北海道,,,,25500,JPY,labor_wage_8h,published_pdl,35900,原本の下段(括弧書き): 公共工事設計労務単価+必要経費(法定福利費の事業主負担額、労務管理費、宿舎費等)(試算値),2013-04,2013-04-01,mlit-roumu-h25,p17(横長の表) / p7(縦長の表),https://www.mlit.go.jp/common/000993048.pdf,PDL1.0,,
c453a931a4103c29,JP,labor,労務単価,土木一般世話役,所定労働時間内8時間あたり,人日,pref,01,北海道,,,,17500,JPY,labor_wage_8h,published_pdl,24600,原本の下段(括弧書き): 公共工事設計労務単価+必要経費(法定福利費の事業主負担額、労務管理費、宿舎費等)(試算値),2013-04,2013-04-01,mlit-roumu-h25,p17(横長の表) / p7(縦長の表),https://www.mlit.go.jp/common/000993048.pdf,PDL1.0,,
4ea4141301e40ca7,JP,labor,労務単価,高級船員,所定労働時間内8時間あたり,人日,pref,01,北海道,,,,21800,JPY,labor_wage_8h,published_pdl,30700,原本の下段(括弧書き): 公共工事設計労務単価+必要経費(法定福利費の事業主負担額、労務管理費、宿舎費等)(試算値),2013-04,2013-04-01,mlit-roumu-h25,p17(横長の表) / p7(縦長の表),https://www.mlit.go.jp/common/000993048.pdf,PDL1.0,,
7152ba3d8cd94df6,JP,labor,労務単価,普通船員,所定労働時間内8時間あたり,人日,pref,01,北海道,,,,17300,JPY,labor_wage_8h,published_pdl,24300,原本の下段(括弧書き): 公共工事設計労務単価+必要経費(法定福利費の事業主負担額、労務管理費、宿舎費等)(試算値),2013-04,2013-04-01,mlit-roumu-h25,p17(横長の表) / p7(縦長の表),https://www.mlit.go.jp/common/000993048.pdf,PDL1.0,,
9470e0aaa7cb841d,JP,labor,労務単価,潜水士,所定労働時間内8時間あたり,人日,pref,01,北海道,,,,27600,JPY,labor_wage_8h,published_pdl,38800,原本の下段(括弧書き): 公共工事設計労務単価+必要経費(法定福利費の事業主負担額、労務管理費、宿舎費等)(試算値),2013-04,2013-04-01,mlit-roumu-h25,p17(横長の表) / p7(縦長の表),https://www.mlit.go.jp/common/000993048.pdf,PDL1.0,,
3c65f6f1a8110073,JP,labor,労務単価,潜水連絡員,所定労働時間内8時間あたり,人日,pref,01,北海道,,,,18100,JPY,labor_wage_8h,published_pdl,25400,原本の下段(括弧書き): 公共工事設計労務単価+必要経費(法定福利費の事業主負担額、労務管理費、宿舎費等)(試算値),2013-04,2013-04-01,mlit-roumu-h25,p17(横長の表) / p7(縦長の表),https://www.mlit.go.jp/common/000993048.pdf,PDL1.0,,
25bb98ef66e01b2a,JP,labor,労務単価,潜水送気員,所定労働時間内8時間あたり,人日,pref,01,北海道,,,,17200,JPY,labor_wage_8h,published_pdl,24200,原本の下段(括弧書き): 公共工事設計労務単価+必要経費(法定福利費の事業主負担額、労務管理費、宿舎費等)(試算値),2013-04,2013-04-01,mlit-roumu-h25,p17(横長の表) / p7(縦長の表),https://www.mlit.go.jp/common/000993048.pdf,PDL1.0,,
321b37fd210483e3,JP,labor,労務単価,山林砂防工,所定労働時間内8時間あたり,人日,pref,01,北海道,,,,,JPY,labor_wage_8h,not_set,,,2013-04,2013-04-01,mlit-roumu-h25,p17(横長の表) / p8(縦長の表),https://www.mlit.go.jp/common/000993048.pdf,PDL1.0,,原本の表で『-』(この都道府県ではこの職種の単価を設定していない)
213ac966d563fbb7,JP,labor,労務単価,軌道工,所定労働時間内8時間あたり,人日,pref,01,北海道,,,,19800,JPY,labor_wage_8h,published_pdl,27800,原本の下段(括弧書き): 公共工事設計労務単価+必要経費(法定福利費の事業主負担額、労務管理費、宿舎費等)(試算値),2013-04,2013-04-01,mlit-roumu-h25,p17(横長の表) / p8(縦長の表),https://www.mlit.go.jp/common/000993048.pdf,PDL1.0,,
3f428f594e518596,JP,labor,労務単価,型わく工,所定労働時間内8時間あたり,人日,pref,01,北海道,,,,15400,JPY,labor_wage_8h,published_pdl,21700,原本の下段(括弧書き): 公共工事設計労務単価+必要経費(法定福利費の事業主負担額、労務管理費、宿舎費等)(試算値),2013-04,2013-04-01,mlit-roumu-h25,p17(横長の表) / p8(縦長の表),https://www.mlit.go.jp/common/000993048.pdf,PDL1.0,,
d7177e79c3052163,JP,labor,労務単価,大工,所定労働時間内8時間あたり,人日,pref,01,北海道,,,,16500,JPY,labor_wage_8h,published_pdl,23200,原本の下段(括弧書き): 公共工事設計労務単価+必要経費(法定福利費の事業主負担額、労務管理費、宿舎費等)(試算値),2013-04,2013-04-01,mlit-roumu-h25,p17(横長の表) / p8(縦長の表),https://www.mlit.go.jp/common/000993048.pdf,PDL1.0,,
36e64693ef0e882d,JP,labor,労務単価,左官,所定労働時間内8時間あたり,人日,pref,01,北海道,,,,16500,JPY,labor_wage_8h,published_pdl,23200,原本の下段(括弧書き): 公共工事設計労務単価+必要経費(法定福利費の事業主負担額、労務管理費、宿舎費等)(試算値),2013-04,2013-04-01,mlit-roumu-h25,p17(横長の表) / p8(縦長の表),https://www.mlit.go.jp/common/000993048.pdf,PDL1.0,,
20429f136c1595be,JP,labor,労務単価,配管工,所定労働時間内8時間あたり,人日,pref,01,北海道,,,,16200,JPY,labor_wage_8h,published_pdl,22800,原本の下段(括弧書き): 公共工事設計労務単価+必要経費(法定福利費の事業主負担額、労務管理費、宿舎費等)(試算値),2013-04,2013-04-01,mlit-roumu-h25,p17(横長の表) / p8(縦長の表),https://www.mlit.go.jp/common/000993048.pdf,PDL1.0,,
7e19689ece192cfe,JP,labor,労務単価,はつり工,所定労働時間内8時間あたり,人日,pref,01,北海道,,,,16700,JPY,labor_wage_8h,published_pdl,23500,原本の下段(括弧書き): 公共工事設計労務単価+必要経費(法定福利費の事業主負担額、労務管理費、宿舎費等)(試算値),2013-04,2013-04-01,mlit-roumu-h25,p17(横長の表) / p8(縦長の表),https://www.mlit.go.jp/common/000993048.pdf,PDL1.0,,
cce888581e20af4c,JP,labor,労務単価,防水工,所定労働時間内8時間あたり,人日,pref,01,北海道,,,,17300,JPY,labor_wage_8h,published_pdl,24300,原本の下段(括弧書き): 公共工事設計労務単価+必要経費(法定福利費の事業主負担額、労務管理費、宿舎費等)(試算値),2013-04,2013-04-01,mlit-roumu-h25,p17(横長の表) / p8(縦長の表),https://www.mlit.go.jp/common/000993048.pdf,PDL1.0,,
5b52a8132f4036f2,JP,labor,労務単価,板金工,所定労働時間内8時間あたり,人日,pref,01,北海道,,,,16600,JPY,labor_wage_8h,published_pdl,23300,原本の下段(括弧書き): 公共工事設計労務単価+必要経費(法定福利費の事業主負担額、労務管理費、宿舎費等)(試算値),2013-04,2013-04-01,mlit-roumu-h25,p17(横長の表) / p8(縦長の表),https://www.mlit.go.jp/common/000993048.pdf,PDL1.0,,
1400921360c119e4,JP,labor,労務単価,タイル工,所定労働時間内8時間あたり,人日,pref,01,北海道,,,,17600,JPY,labor_wage_8h,published_pdl,24700,原本の下段(括弧書き): 公共工事設計労務単価+必要経費(法定福利費の事業主負担額、労務管理費、宿舎費等)(試算値),2013-04,2013-04-01,mlit-roumu-h25,p17(横長の表) / p8(縦長の表),https://www.mlit.go.jp/common/000993048.pdf,PDL1.0,,
4d9200b7be57d7a1,JP,labor,労務単価,サッシ工,所定労働時間内8時間あたり,人日,pref,01,北海道,,,,16600,JPY,labor_wage_8h,published_pdl,23300,原本の下段(括弧書き): 公共工事設計労務単価+必要経費(法定福利費の事業主負担額、労務管理費、宿舎費等)(試算値),2013-04,2013-04-01,mlit-roumu-h25,p18(横長の表) / p9(縦長の表),https://www.mlit.go.jp/common/000993048.pdf,PDL1.0,,
091ceaa72bbb0d50,JP,labor,労務単価,内装工,所定労働時間内8時間あたり,人日,pref,01,北海道,,,,15500,JPY,labor_wage_8h,published_pdl,21800,原本の下段(括弧書き): 公共工事設計労務単価+必要経費(法定福利費の事業主負担額、労務管理費、宿舎費等)(試算値),2013-04,2013-04-01,mlit-roumu-h25,p18(横長の表) / p9(縦長の表),https://www.mlit.go.jp/common/000993048.pdf,PDL1.0,,
6bec779fb9820d77,JP,labor,労務単価,ガラス工,所定労働時間内8時間あたり,人日,pref,01,北海道,,,,14700,JPY,labor_wage_8h,published_pdl,20700,原本の下段(括弧書き): 公共工事設計労務単価+必要経費(法定福利費の事業主負担額、労務管理費、宿舎費等)(試算値),2013-04,2013-04-01,mlit-roumu-h25,p18(横長の表) / p9(縦長の表),https://www.mlit.go.jp/common/000993048.pdf,PDL1.0,,
2b98aa78f148e0e6,JP,labor,労務単価,建具工,所定労働時間内8時間あたり,人日,pref,01,北海道,,,,15800,JPY,labor_wage_8h,published_pdl,22200,原本の下段(括弧書き): 公共工事設計労務単価+必要経費(法定福利費の事業主負担額、労務管理費、宿舎費等)(試算値),2013-04,2013-04-01,mlit-roumu-h25,p18(横長の表) / p9(縦長の表),https://www.mlit.go.jp/common/000993048.pdf,PDL1.0,,
ed46a2dd15614ddf,JP,labor,労務単価,ダクト工,所定労働時間内8時間あたり,人日,pref,01,北海道,,,,16100,JPY,labor_wage_8h,published_pdl,22600,原本の下段(括弧書き): 公共工事設計労務単価+必要経費(法定福利費の事業主負担額、労務管理費、宿舎費等)(試算値),2013-04,2013-04-01,mlit-roumu-h25,p18(横長の表) / p9(縦長の表),https://www.mlit.go.jp/common/000993048.pdf,PDL1.0,,
1cecce2cf97890fe,JP,labor,労務単価,保温工,所定労働時間内8時間あたり,人日,pref,01,北海道,,,,17100,JPY,labor_wage_8h,published_pdl,24000,原本の下段(括弧書き): 公共工事設計労務単価+必要経費(法定福利費の事業主負担額、労務管理費、宿舎費等)(試算値),2013-04,2013-04-01,mlit-roumu-h25,p18(横長の表) / p9(縦長の表),https://www.mlit.go.jp/common/000993048.pdf,PDL1.0,,
8cfe940b0a7557a9,JP,labor,労務単価,建築ブロック工,所定労働時間内8時間あたり,人日,pref,01,北海道,,,,,JPY,labor_wage_8h,not_set,,,2013-04,2013-04-01,mlit-roumu-h25,p18(横長の表) / p9(縦長の表),https://www.mlit.go.jp/common/000993048.pdf,PDL1.0,,原本の表で『-』(この都道府県ではこの職種の単価を設定していない)
6bd74c25d08a3ecc,JP,labor,労務単価,設備機械工,所定労働時間内8時間あたり,人日,pref,01,北海道,,,,17700,JPY,labor_wage_8h,published_pdl,24900,原本の下段(括弧書き): 公共工事設計労務単価+必要経費(法定福利費の事業主負担額、労務管理費、宿舎費等)(試算値),2013-04,2013-04-01,mlit-roumu-h25,p18(横長の表) / p9(縦長の表),https://www.mlit.go.jp/common/000993048.pdf,PDL1.0,,
b97ce471ad6c5ffa,JP,labor,労務単価,交通誘導員Ａ,所定労働時間内8時間あたり,人日,pref,01,北海道,,,,9100,JPY,labor_wage_8h,published_pdl,12800,原本の下段(括弧書き): 公共工事設計労務単価+必要経費(法定福利費の事業主負担額、労務管理費、宿舎費等)(試算値),2013-04,2013-04-01,mlit-roumu-h25,p18(横長の表) / p9(縦長の表),https://www.mlit.go.jp/common/000993048.pdf,PDL1.0,,
c1995fd89532817f,JP,labor,労務単価,交通誘導員Ｂ,所定労働時間内8時間あたり,人日,pref,01,北海道,,,,8300,JPY,labor_wage_8h,published_pdl,11700,原本の下段(括弧書き): 公共工事設計労務単価+必要経費(法定福利費の事業主負担額、労務管理費、宿舎費等)(試算値),2013-04,2013-04-01,mlit-roumu-h25,p18(横長の表) / p9(縦長の表),https://www.mlit.go.jp/common/000993048.pdf,PDL1.0,,
7e83b3c19240b64f,JP,labor,労務単価,特殊作業員,所定労働時間内8時間あたり,人日,pref,02,青森県,,,,18200,JPY,labor_wage_8h,published_pdl,25600,原本の下段(括弧書き): 公共工事設計労務単価+必要経費(法定福利費の事業主負担額、労務管理費、宿舎費等)(試算値),2013-04,2013-04-01,mlit-roumu-h25,p16(横長の表) / p5(縦長の表),https://www.mlit.go.jp/common/000993048.pdf,PDL1.0,,
ec93f6aa141c9026,JP,labor,労務単価,普通作業員,所定労働時間内8時間あたり,人日,pref,02,青森県,,,,13400,JPY,labor_wage_8h,published_pdl,18800,原本の下段(括弧書き): 公共工事設計労務単価+必要経費(法定福利費の事業主負担額、労務管理費、宿舎費等)(試算値),2013-04,2013-04-01,mlit-roumu-h25,p16(横長の表) / p5(縦長の表),https://www.mlit.go.jp/common/000993048.pdf,PDL1.0,,
e8e04c49c2110c23,JP,labor,労務単価,軽作業員,所定労働時間内8時間あたり,人日,pref,02,青森県,,,,10100,JPY,labor_wage_8h,published_pdl,14200,原本の下段(括弧書き): 公共工事設計労務単価+必要経費(法定福利費の事業主負担額、労務管理費、宿舎費等)(試算値),2013-04,2013-04-01,mlit-roumu-h25,p16(横長の表) / p5(縦長の表),https://www.mlit.go.jp/common/000993048.pdf,PDL1.0,,
ff7d7e3c98efb59e,JP,labor,労務単価,造園工,所定労働時間内8時間あたり,人日,pref,02,青森県,,,,15700,JPY,labor_wage_8h,published_pdl,22100,原本の下段(括弧書き): 公共工事設計労務単価+必要経費(法定福利費の事業主負担額、労務管理費、宿舎費等)(試算値),2013-04,2013-04-01,mlit-roumu-h25,p16(横長の表) / p5(縦長の表),https://www.mlit.go.jp/common/000993048.pdf,PDL1.0,,
03a25a3f109ee619,JP,labor,労務単価,法面工,所定労働時間内8時間あたり,人日,pref,02,青森県,,,,18000,JPY,labor_wage_8h,published_pdl,25300,原本の下段(括弧書き): 公共工事設計労務単価+必要経費(法定福利費の事業主負担額、労務管理費、宿舎費等)(試算値),2013-04,2013-04-01,mlit-roumu-h25,p16(横長の表) / p5(縦長の表),https://www.mlit.go.jp/common/000993048.pdf,PDL1.0,,
c76333e65aa22cf6,JP,labor,労務単価,とび工,所定労働時間内8時間あたり,人日,pref,02,青森県,,,,16500,JPY,labor_wage_8h,published_pdl,23200,原本の下段(括弧書き): 公共工事設計労務単価+必要経費(法定福利費の事業主負担額、労務管理費、宿舎費等)(試算値),2013-04,2013-04-01,mlit-roumu-h25,p16(横長の表) / p5(縦長の表),https://www.mlit.go.jp/common/000993048.pdf,PDL1.0,,
99c357c1f86dec51,JP,labor,労務単価,石工,所定労働時間内8時間あたり,人日,pref,02,青森県,,,,,JPY,labor_wage_8h,not_set,,,2013-04,2013-04-01,mlit-roumu-h25,p16(横長の表) / p5(縦長の表),https://www.mlit.go.jp/common/000993048.pdf,PDL1.0,,原本の表で『-』(この都道府県ではこの職種の単価を設定していない)
1ed6527223db0e77,JP,labor,労務単価,ブロック工,所定労働時間内8時間あたり,人日,pref,02,青森県,,,,18400,JPY,labor_wage_8h,published_pdl,25900,原本の下段(括弧書き): 公共工事設計労務単価+必要経費(法定福利費の事業主負担額、労務管理費、宿舎費等)(試算値),2013-04,2013-04-01,mlit-roumu-h25,p16(横長の表) / p5(縦長の表),https://www.mlit.go.jp/common/000993048.pdf,PDL1.0,,
b9213667693ace14,JP,labor,労務単価,電工,所定労働時間内8時間あたり,人日,pref,02,青森県,,,,15300,JPY,labor_wage_8h,published_pdl,21500,原本の下段(括弧書き): 公共工事設計労務単価+必要経費(法定福利費の事業主負担額、労務管理費、宿舎費等)(試算値),2013-04,2013-04-01,mlit-roumu-h25,p16(横長の表) / p5(縦長の表),https://www.mlit.go.jp/common/000993048.pdf,PDL1.0,,
becb9673672a5b17,JP,labor,労務単価,鉄筋工,所定労働時間内8時間あたり,人日,pref,02,青森県,,,,17400,JPY,labor_wage_8h,published_pdl,24500,原本の下段(括弧書き): 公共工事設計労務単価+必要経費(法定福利費の事業主負担額、労務管理費、宿舎費等)(試算値),2013-04,2013-04-01,mlit-roumu-h25,p16(横長の表) / p5(縦長の表),https://www.mlit.go.jp/common/000993048.pdf,PDL1.0,,
eebf5a30df341f5a,JP,labor,労務単価,鉄骨工,所定労働時間内8時間あたり,人日,pref,02,青森県,,,,15600,JPY,labor_wage_8h,published_pdl,21900,原本の下段(括弧書き): 公共工事設計労務単価+必要経費(法定福利費の事業主負担額、労務管理費、宿舎費等)(試算値),2013-04,2013-04-01,mlit-roumu-h25,p16(横長の表) / p6(縦長の表),https://www.mlit.go.jp/common/000993048.pdf,PDL1.0,,
f3817beb19ee45c8,JP,labor,労務単価,塗装工,所定労働時間内8時間あたり,人日,pref,02,青森県,,,,14800,JPY,labor_wage_8h,published_pdl,20800,原本の下段(括弧書き): 公共工事設計労務単価+必要経費(法定福利費の事業主負担額、労務管理費、宿舎費等)(試算値),2013-04,2013-04-01,mlit-roumu-h25,p16(横長の表) / p6(縦長の表),https://www.mlit.go.jp/common/000993048.pdf,PDL1.0,,
83b22b02165bd839,JP,labor,労務単価,溶接工,所定労働時間内8時間あたり,人日,pref,02,青森県,,,,16700,JPY,labor_wage_8h,published_pdl,23500,原本の下段(括弧書き): 公共工事設計労務単価+必要経費(法定福利費の事業主負担額、労務管理費、宿舎費等)(試算値),2013-04,2013-04-01,mlit-roumu-h25,p16(横長の表) / p6(縦長の表),https://www.mlit.go.jp/common/000993048.pdf,PDL1.0,,
24020d2ee2a6253f,JP,labor,労務単価,運転手（特殊）,所定労働時間内8時間あたり,人日,pref,02,青森県,,,,19600,JPY,labor_wage_8h,published_pdl,27600,原本の下段(括弧書き): 公共工事設計労務単価+必要経費(法定福利費の事業主負担額、労務管理費、宿舎費等)(試算値),2013-04,2013-04-01,mlit-roumu-h25,p16(横長の表) / p6(縦長の表),https://www.mlit.go.jp/common/000993048.pdf,PDL1.0,,
88dd206016a17e8e,JP,labor,労務単価,運転手（一般）,所定労働時間内8時間あたり,人日,pref,02,青森県,,,,17900,JPY,labor_wage_8h,published_pdl,25200,原本の下段(括弧書き): 公共工事設計労務単価+必要経費(法定福利費の事業主負担額、労務管理費、宿舎費等)(試算値),2013-04,2013-04-01,mlit-roumu-h25,p16(横長の表) / p6(縦長の表),https://www.mlit.go.jp/common/000993048.pdf,PDL1.0,,
c125d5b9ebd4a31f,JP,labor,労務単価,潜かん工,所定労働時間内8時間あたり,人日,pref,02,青森県,,,,23900,JPY,labor_wage_8h,published_pdl,33600,原本の下段(括弧書き): 公共工事設計労務単価+必要経費(法定福利費の事業主負担額、労務管理費、宿舎費等)(試算値),2013-04,2013-04-01,mlit-roumu-h25,p16(横長の表) / p6(縦長の表),https://www.mlit.go.jp/common/000993048.pdf,PDL1.0,,
ca9636a656f0d553,JP,labor,労務単価,潜かん世話役,所定労働時間内8時間あたり,人日,pref,02,青森県,,,,28300,JPY,labor_wage_8h,published_pdl,39800,原本の下段(括弧書き): 公共工事設計労務単価+必要経費(法定福利費の事業主負担額、労務管理費、宿舎費等)(試算値),2013-04,2013-04-01,mlit-roumu-h25,p16(横長の表) / p6(縦長の表),https://www.mlit.go.jp/common/000993048.pdf,PDL1.0,,
3991e5dd2f6c7e87,JP,labor,労務単価,さく岩工,所定労働時間内8時間あたり,人日,pref,02,青森県,,,,19500,JPY,labor_wage_8h,published_pdl,27400,原本の下段(括弧書き): 公共工事設計労務単価+必要経費(法定福利費の事業主負担額、労務管理費、宿舎費等)(試算値),2013-04,2013-04-01,mlit-roumu-h25,p16(横長の表) / p6(縦長の表),https://www.mlit.go.jp/common/000993048.pdf,PDL1.0,,
1fcae408f150640e,JP,labor,労務単価,トンネル特殊工,所定労働時間内8時間あたり,人日,pref,02,青森県,,,,22800,JPY,labor_wage_8h,published_pdl,32100,原本の下段(括弧書き): 公共工事設計労務単価+必要経費(法定福利費の事業主負担額、労務管理費、宿舎費等)(試算値),2013-04,2013-04-01,mlit-roumu-h25,p16(横長の表) / p6(縦長の表),https://www.mlit.go.jp/common/000993048.pdf,PDL1.0,,
b63f06c550ef52a8,JP,labor,労務単価,トンネル作業員,所定労働時間内8時間あたり,人日,pref,02,青森県,,,,18100,JPY,labor_wage_8h,published_pdl,25400,原本の下段(括弧書き): 公共工事設計労務単価+必要経費(法定福利費の事業主負担額、労務管理費、宿舎費等)(試算値),2013-04,2013-04-01,mlit-roumu-h25,p16(横長の表) / p6(縦長の表),https://www.mlit.go.jp/common/000993048.pdf,PDL1.0,,
7de2f8975319baed,JP,labor,労務単価,トンネル世話役,所定労働時間内8時間あたり,人日,pref,02,青森県,,,,25300,JPY,labor_wage_8h,published_pdl,35600,原本の下段(括弧書き): 公共工事設計労務単価+必要経費(法定福利費の事業主負担額、労務管理費、宿舎費等)(試算値),2013-04,2013-04-01,mlit-roumu-h25,p17(横長の表) / p7(縦長の表),https://www.mlit.go.jp/common/000993048.pdf,PDL1.0,,
1ce586a1a652f306,JP,labor,労務単価,橋りょう特殊工,所定労働時間内8時間あたり,人日,pref,02,青森県,,,,20700,JPY,labor_wage_8h,published_pdl,29100,原本の下段(括弧書き): 公共工事設計労務単価+必要経費(法定福利費の事業主負担額、労務管理費、宿舎費等)(試算値),2013-04,2013-04-01,mlit-roumu-h25,p17(横長の表) / p7(縦長の表),https://www.mlit.go.jp/common/000993048.pdf,PDL1.0,,
ceff4d56e6108254,JP,labor,労務単価,橋りょう塗装工,所定労働時間内8時間あたり,人日,pref,02,青森県,,,,22200,JPY,labor_wage_8h,published_pdl,31200,原本の下段(括弧書き): 公共工事設計労務単価+必要経費(法定福利費の事業主負担額、労務管理費、宿舎費等)(試算値),2013-04,2013-04-01,mlit-roumu-h25,p17(横長の表) / p7(縦長の表),https://www.mlit.go.jp/common/000993048.pdf,PDL1.0,,
ba1f768a5e5d398a,JP,labor,労務単価,橋りょう世話役,所定労働時間内8時間あたり,人日,pref,02,青森県,,,,25000,JPY,labor_wage_8h,published_pdl,35200,原本の下段(括弧書き): 公共工事設計労務単価+必要経費(法定福利費の事業主負担額、労務管理費、宿舎費等)(試算値),2013-04,2013-04-01,mlit-roumu-h25,p17(横長の表) / p7(縦長の表),https://www.mlit.go.jp/common/000993048.pdf,PDL1.0,,
386ee2d24dc0f1fd,JP,labor,労務単価,土木一般世話役,所定労働時間内8時間あたり,人日,pref,02,青森県,,,,20900,JPY,labor_wage_8h,published_pdl,29400,原本の下段(括弧書き): 公共工事設計労務単価+必要経費(法定福利費の事業主負担額、労務管理費、宿舎費等)(試算値),2013-04,2013-04-01,mlit-roumu-h25,p17(横長の表) / p7(縦長の表),https://www.mlit.go.jp/common/000993048.pdf,PDL1.0,,
ec1a95a4eeca0f86,JP,labor,労務単価,高級船員,所定労働時間内8時間あたり,人日,pref,02,青森県,,,,21800,JPY,labor_wage_8h,published_pdl,30700,原本の下段(括弧書き): 公共工事設計労務単価+必要経費(法定福利費の事業主負担額、労務管理費、宿舎費等)(試算値),2013-04,2013-04-01,mlit-roumu-h25,p17(横長の表) / p7(縦長の表),https://www.mlit.go.jp/common/000993048.pdf,PDL1.0,,
4f70048e0b681587,JP,labor,労務単価,普通船員,所定労働時間内8時間あたり,人日,pref,02,青森県,,,,17800,JPY,labor_wage_8h,published_pdl,25000,原本の下段(括弧書き): 公共工事設計労務単価+必要経費(法定福利費の事業主負担額、労務管理費、宿舎費等)(試算値),2013-04,2013-04-01,mlit-roumu-h25,p17(横長の表) / p7(縦長の表),https://www.mlit.go.jp/common/000993048.pdf,PDL1.0,,
ef44a9c2b00f3b2a,JP,labor,労務単価,潜水士,所定労働時間内8時間あたり,人日,pref,02,青森県,,,,32300,JPY,labor_wage_8h,published_pdl,45400,原本の下段(括弧書き): 公共工事設計労務単価+必要経費(法定福利費の事業主負担額、労務管理費、宿舎費等)(試算値),2013-04,2013-04-01,mlit-roumu-h25,p17(横長の表) / p7(縦長の表),https://www.mlit.go.jp/common/000993048.pdf,PDL1.0,,
47646ea6c805ce9a,JP,labor,労務単価,潜水連絡員,所定労働時間内8時間あたり,人日,pref,02,青森県,,,,19800,JPY,labor_wage_8h,published_pdl,27800,原本の下段(括弧書き): 公共工事設計労務単価+必要経費(法定福利費の事業主負担額、労務管理費、宿舎費等)(試算値),2013-04,2013-04-01,mlit-roumu-h25,p17(横長の表) / p7(縦長の表),https://www.mlit.go.jp/common/000993048.pdf,PDL1.0,,
50775a14152c4693,JP,labor,労務単価,潜水送気員,所定労働時間内8時間あたり,人日,pref,02,青森県,,,,20200,JPY,labor_wage_8h,published_pdl,28400,原本の下段(括弧書き): 公共工事設計労務単価+必要経費(法定福利費の事業主負担額、労務管理費、宿舎費等)(試算値),2013-04,2013-04-01,mlit-roumu-h25,p17(横長の表) / p7(縦長の表),https://www.mlit.go.jp/common/000993048.pdf,PDL1.0,,
7498e77e000fc3b2,JP,labor,労務単価,山林砂防工,所定労働時間内8時間あたり,人日,pref,02,青森県,,,,,JPY,labor_wage_8h,not_set,,,2013-04,2013-04-01,mlit-roumu-h25,p17(横長の表) / p8(縦長の表),https://www.mlit.go.jp/common/000993048.pdf,PDL1.0,,原本の表で『-』(この都道府県ではこの職種の単価を設定していない)
36f059bfc8a65b89,JP,labor,労務単価,軌道工,所定労働時間内8時間あたり,人日,pref,02,青森県,,,,21700,JPY,labor_wage_8h,published_pdl,30500,原本の下段(括弧書き): 公共工事設計労務単価+必要経費(法定福利費の事業主負担額、労務管理費、宿舎費等)(試算値),2013-04,2013-04-01,mlit-roumu-h25,p17(横長の表) / p8(縦長の表),https://www.mlit.go.jp/common/000993048.pdf,PDL1.0,,
f448758ec03c2623,JP,labor,労務単価,型わく工,所定労働時間内8時間あたり,人日,pref,02,青森県,,,,20100,JPY,labor_wage_8h,published_pdl,28300,原本の下段(括弧書き): 公共工事設計労務単価+必要経費(法定福利費の事業主負担額、労務管理費、宿舎費等)(試算値),2013-04,2013-04-01,mlit-roumu-h25,p17(横長の表) / p8(縦長の表),https://www.mlit.go.jp/common/000993048.pdf,PDL1.0,,
774d848791facd1c,JP,labor,労務単価,大工,所定労働時間内8時間あたり,人日,pref,02,青森県,,,,17600,JPY,labor_wage_8h,published_pdl,24700,原本の下段(括弧書き): 公共工事設計労務単価+必要経費(法定福利費の事業主負担額、労務管理費、宿舎費等)(試算値),2013-04,2013-04-01,mlit-roumu-h25,p17(横長の表) / p8(縦長の表),https://www.mlit.go.jp/common/000993048.pdf,PDL1.0,,
1b93f6b7d69ff7e4,JP,labor,労務単価,左官,所定労働時間内8時間あたり,人日,pref,02,青森県,,,,17800,JPY,labor_wage_8h,published_pdl,25000,原本の下段(括弧書き): 公共工事設計労務単価+必要経費(法定福利費の事業主負担額、労務管理費、宿舎費等)(試算値),2013-04,2013-04-01,mlit-roumu-h25,p17(横長の表) / p8(縦長の表),https://www.mlit.go.jp/common/000993048.pdf,PDL1.0,,
746b5aab18fd8ee9,JP,labor,労務単価,配管工,所定労働時間内8時間あたり,人日,pref,02,青森県,,,,15300,JPY,labor_wage_8h,published_pdl,21500,原本の下段(括弧書き): 公共工事設計労務単価+必要経費(法定福利費の事業主負担額、労務管理費、宿舎費等)(試算値),2013-04,2013-04-01,mlit-roumu-h25,p17(横長の表) / p8(縦長の表),https://www.mlit.go.jp/common/000993048.pdf,PDL1.0,,
211d05dc5f4048ed,JP,labor,労務単価,はつり工,所定労働時間内8時間あたり,人日,pref,02,青森県,,,,15700,JPY,labor_wage_8h,published_pdl,22100,原本の下段(括弧書き): 公共工事設計労務単価+必要経費(法定福利費の事業主負担額、労務管理費、宿舎費等)(試算値),2013-04,2013-04-01,mlit-roumu-h25,p17(横長の表) / p8(縦長の表),https://www.mlit.go.jp/common/000993048.pdf,PDL1.0,,
b8da5a2d6ea04ea4,JP,labor,労務単価,防水工,所定労働時間内8時間あたり,人日,pref,02,青森県,,,,15600,JPY,labor_wage_8h,published_pdl,21900,原本の下段(括弧書き): 公共工事設計労務単価+必要経費(法定福利費の事業主負担額、労務管理費、宿舎費等)(試算値),2013-04,2013-04-01,mlit-roumu-h25,p17(横長の表) / p8(縦長の表),https://www.mlit.go.jp/common/000993048.pdf,PDL1.0,,
c6120b90bd5b9bf7,JP,labor,労務単価,板金工,所定労働時間内8時間あたり,人日,pref,02,青森県,,,,16400,JPY,labor_wage_8h,published_pdl,23100,原本の下段(括弧書き): 公共工事設計労務単価+必要経費(法定福利費の事業主負担額、労務管理費、宿舎費等)(試算値),2013-04,2013-04-01,mlit-roumu-h25,p17(横長の表) / p8(縦長の表),https://www.mlit.go.jp/common/000993048.pdf,PDL1.0,,
1c20694447082d05,JP,labor,労務単価,タイル工,所定労働時間内8時間あたり,人日,pref,02,青森県,,,,16000,JPY,labor_wage_8h,published_pdl,22500,原本の下段(括弧書き): 公共工事設計労務単価+必要経費(法定福利費の事業主負担額、労務管理費、宿舎費等)(試算値),2013-04,2013-04-01,mlit-roumu-h25,p17(横長の表) / p8(縦長の表),https://www.mlit.go.jp/common/000993048.pdf,PDL1.0,,
1c1c5ee08b401c6d,JP,labor,労務単価,サッシ工,所定労働時間内8時間あたり,人日,pref,02,青森県,,,,17400,JPY,labor_wage_8h,published_pdl,24500,原本の下段(括弧書き): 公共工事設計労務単価+必要経費(法定福利費の事業主負担額、労務管理費、宿舎費等)(試算値),2013-04,2013-04-01,mlit-roumu-h25,p18(横長の表) / p9(縦長の表),https://www.mlit.go.jp/common/000993048.pdf,PDL1.0,,
14bacd5b9dee8052,JP,labor,労務単価,内装工,所定労働時間内8時間あたり,人日,pref,02,青森県,,,,15600,JPY,labor_wage_8h,published_pdl,21900,原本の下段(括弧書き): 公共工事設計労務単価+必要経費(法定福利費の事業主負担額、労務管理費、宿舎費等)(試算値),2013-04,2013-04-01,mlit-roumu-h25,p18(横長の表) / p9(縦長の表),https://www.mlit.go.jp/common/000993048.pdf,PDL1.0,,
1399d87a535a87b9,JP,labor,労務単価,ガラス工,所定労働時間内8時間あたり,人日,pref,02,青森県,,,,15600,JPY,labor_wage_8h,published_pdl,21900,原本の下段(括弧書き): 公共工事設計労務単価+必要経費(法定福利費の事業主負担額、労務管理費、宿舎費等)(試算値),2013-04,2013-04-01,mlit-roumu-h25,p18(横長の表) / p9(縦長の表),https://www.mlit.go.jp/common/000993048.pdf,PDL1.0,,
379b60e369575e21,JP,labor,労務単価,建具工,所定労働時間内8時間あたり,人日,pref,02,青森県,,,,14600,JPY,labor_wage_8h,published_pdl,20500,原本の下段(括弧書き): 公共工事設計労務単価+必要経費(法定福利費の事業主負担額、労務管理費、宿舎費等)(試算値),2013-04,2013-04-01,mlit-roumu-h25,p18(横長の表) / p9(縦長の表),https://www.mlit.go.jp/common/000993048.pdf,PDL1.0,,
adec552b134bec5b,JP,labor,労務単価,ダクト工,所定労働時間内8時間あたり,人日,pref,02,青森県,,,,14700,JPY,labor_wage_8h,published_pdl,20700,原本の下段(括弧書き): 公共工事設計労務単価+必要経費(法定福利費の事業主負担額、労務管理費、宿舎費等)(試算値),2013-04,2013-04-01,mlit-roumu-h25,p18(横長の表) / p9(縦長の表),https://www.mlit.go.jp/common/000993048.pdf,PDL1.0,,
7789405a3196b435,JP,labor,労務単価,保温工,所定労働時間内8時間あたり,人日,pref,02,青森県,,,,16100,JPY,labor_wage_8h,published_pdl,22600,原本の下段(括弧書き): 公共工事設計労務単価+必要経費(法定福利費の事業主負担額、労務管理費、宿舎費等)(試算値),2013-04,2013-04-01,mlit-roumu-h25,p18(横長の表) / p9(縦長の表),https://www.mlit.go.jp/common/000993048.pdf,PDL1.0,,
81ff83f5a31a8925,JP,labor,労務単価,建築ブロック工,所定労働時間内8時間あたり,人日,pref,02,青森県,,,,15600,JPY,labor_wage_8h,published_pdl,21900,原本の下段(括弧書き): 公共工事設計労務単価+必要経費(法定福利費の事業主負担額、労務管理費、宿舎費等)(試算値),2013-04,2013-04-01,mlit-roumu-h25,p18(横長の表) / p9(縦長の表),https://www.mlit.go.jp/common/000993048.pdf,PDL1.0,,
2dff0be7f75b98fb,JP,labor,労務単価,設備機械工,所定労働時間内8時間あたり,人日,pref,02,青森県,,,,15900,JPY,labor_wage_8h,published_pdl,22400,原本の下段(括弧書き): 公共工事設計労務単価+必要経費(法定福利費の事業主負担額、労務管理費、宿舎費等)(試算値),2013-04,2013-04-01,mlit-roumu-h25,p18(横長の表) / p9(縦長の表),https://www.mlit.go.jp/common/000993048.pdf,PDL1.0,,
c2aae9cf4c8946f8,JP,labor,労務単価,交通誘導員Ａ,所定労働時間内8時間あたり,人日,pref,02,青森県,,,,8500,JPY,labor_wage_8h,published_pdl,12000,原本の下段(括弧書き): 公共工事設計労務単価+必要経費(法定福利費の事業主負担額、労務管理費、宿舎費等)(試算値),2013-04,2013-04-01,mlit-roumu-h25,p18(横長の表) / p9(縦長の表),https://www.mlit.go.jp/common/000993048.pdf,PDL1.0,,
d13f4451577f7e36,JP,labor,労務単価,交通誘導員Ｂ,所定労働時間内8時間あたり,人日,pref,02,青森県,,,,8000,JPY,labor_wage_8h,published_pdl,11200,原本の下段(括弧書き): 公共工事設計労務単価+必要経費(法定福利費の事業主負担額、労務管理費、宿舎費等)(試算値),2013-04,2013-04-01,mlit-roumu-h25,p18(横長の表) / p9(縦長の表),https://www.mlit.go.jp/common/000993048.pdf,PDL1.0,,
f4ce9847ed27e649,JP,labor,労務単価,特殊作業員,所定労働時間内8時間あたり,人日,pref,03,岩手県,,,,18200,JPY,labor_wage_8h,published_pdl,25600,原本の下段(括弧書き): 公共工事設計労務単価+必要経費(法定福利費の事業主負担額、労務管理費、宿舎費等)(試算値),2013-04,2013-04-01,mlit-roumu-h25,p16(横長の表) / p5(縦長の表),https://www.mlit.go.jp/common/000993048.pdf,PDL1.0,,原本の縦長の表で丸括弧書き。(注)岩手県、宮城県、福島県における単価括弧書きは、労務費の上昇に伴う入札不調の増加が認められるため、入札不調に対応した単価を採用している。
0e25d681fb387f32,JP,labor,労務単価,普通作業員,所定労働時間内8時間あたり,人日,pref,03,岩手県,,,,15100,JPY,labor_wage_8h,published_pdl,21200,原本の下段(括弧書き): 公共工事設計労務単価+必要経費(法定福利費の事業主負担額、労務管理費、宿舎費等)(試算値),2013-04,2013-04-01,mlit-roumu-h25,p16(横長の表) / p5(縦長の表),https://www.mlit.go.jp/common/000993048.pdf,PDL1.0,,原本の縦長の表で丸括弧書き。(注)岩手県、宮城県、福島県における単価括弧書きは、労務費の上昇に伴う入札不調の増加が認められるため、入札不調に対応した単価を採用している。
df16f91856f73ff9,JP,labor,労務単価,軽作業員,所定労働時間内8時間あたり,人日,pref,03,岩手県,,,,11000,JPY,labor_wage_8h,published_pdl,15500,原本の下段(括弧書き): 公共工事設計労務単価+必要経費(法定福利費の事業主負担額、労務管理費、宿舎費等)(試算値),2013-04,2013-04-01,mlit-roumu-h25,p16(横長の表) / p5(縦長の表),https://www.mlit.go.jp/common/000993048.pdf,PDL1.0,,原本の縦長の表で丸括弧書き。(注)岩手県、宮城県、福島県における単価括弧書きは、労務費の上昇に伴う入札不調の増加が認められるため、入札不調に対応した単価を採用している。
44a2ba30a39cbe24,JP,labor,労務単価,造園工,所定労働時間内8時間あたり,人日,pref,03,岩手県,,,,16400,JPY,labor_wage_8h,published_pdl,23100,原本の下段(括弧書き): 公共工事設計労務単価+必要経費(法定福利費の事業主負担額、労務管理費、宿舎費等)(試算値),2013-04,2013-04-01,mlit-roumu-h25,p16(横長の表) / p5(縦長の表),https://www.mlit.go.jp/common/000993048.pdf,PDL1.0,,
217efb08342395e8,JP,labor,労務単価,法面工,所定労働時間内8時間あたり,人日,pref,03,岩手県,,,,19800,JPY,labor_wage_8h,published_pdl,27800,原本の下段(括弧書き): 公共工事設計労務単価+必要経費(法定福利費の事業主負担額、労務管理費、宿舎費等)(試算値),2013-04,2013-04-01,mlit-roumu-h25,p16(横長の表) / p5(縦長の表),https://www.mlit.go.jp/common/000993048.pdf,PDL1.0,,原本の縦長の表で丸括弧書き。(注)岩手県、宮城県、福島県における単価括弧書きは、労務費の上昇に伴う入札不調の増加が認められるため、入札不調に対応した単価を採用している。
c074ed19bceea913,JP,labor,労務単価,とび工,所定労働時間内8時間あたり,人日,pref,03,岩手県,,,,16600,JPY,labor_wage_8h,published_pdl,23300,原本の下段(括弧書き): 公共工事設計労務単価+必要経費(法定福利費の事業主負担額、労務管理費、宿舎費等)(試算値),2013-04,2013-04-01,mlit-roumu-h25,p16(横長の表) / p5(縦長の表),https://www.mlit.go.jp/common/000993048.pdf,PDL1.0,,原本の縦長の表で丸括弧書き。(注)岩手県、宮城県、福島県における単価括弧書きは、労務費の上昇に伴う入札不調の増加が認められるため、入札不調に対応した単価を採用している。
6185d3e83d47d13e,JP,labor,労務単価,石工,所定労働時間内8時間あたり,人日,pref,03,岩手県,,,,,JPY,labor_wage_8h,not_set,,,2013-04,2013-04-01,mlit-roumu-h25,p16(横長の表) / p5(縦長の表),https://www.mlit.go.jp/common/000993048.pdf,PDL1.0,,原本の表で『-』(この都道府県ではこの職種の単価を設定していない)
18f929e2a9ae3cab,JP,labor,労務単価,ブロック工,所定労働時間内8時間あたり,人日,pref,03,岩手県,,,,20100,JPY,labor_wage_8h,published_pdl,28300,原本の下段(括弧書き): 公共工事設計労務単価+必要経費(法定福利費の事業主負担額、労務管理費、宿舎費等)(試算値),2013-04,2013-04-01,mlit-roumu-h25,p16(横長の表) / p5(縦長の表),https://www.mlit.go.jp/common/000993048.pdf,PDL1.0,,
417a5cd52a073199,JP,labor,労務単価,電工,所定労働時間内8時間あたり,人日,pref,03,岩手県,,,,16100,JPY,labor_wage_8h,published_pdl,22600,原本の下段(括弧書き): 公共工事設計労務単価+必要経費(法定福利費の事業主負担額、労務管理費、宿舎費等)(試算値),2013-04,2013-04-01,mlit-roumu-h25,p16(横長の表) / p5(縦長の表),https://www.mlit.go.jp/common/000993048.pdf,PDL1.0,,
7617533f376e4828,JP,labor,労務単価,鉄筋工,所定労働時間内8時間あたり,人日,pref,03,岩手県,,,,18300,JPY,labor_wage_8h,published_pdl,25700,原本の下段(括弧書き): 公共工事設計労務単価+必要経費(法定福利費の事業主負担額、労務管理費、宿舎費等)(試算値),2013-04,2013-04-01,mlit-roumu-h25,p16(横長の表) / p5(縦長の表),https://www.mlit.go.jp/common/000993048.pdf,PDL1.0,,原本の縦長の表で丸括弧書き。(注)岩手県、宮城県、福島県における単価括弧書きは、労務費の上昇に伴う入札不調の増加が認められるため、入札不調に対応した単価を採用している。
57e38f459b007c91,JP,labor,労務単価,鉄骨工,所定労働時間内8時間あたり,人日,pref,03,岩手県,,,,16400,JPY,labor_wage_8h,published_pdl,23100,原本の下段(括弧書き): 公共工事設計労務単価+必要経費(法定福利費の事業主負担額、労務管理費、宿舎費等)(試算値),2013-04,2013-04-01,mlit-roumu-h25,p16(横長の表) / p6(縦長の表),https://www.mlit.go.jp/common/000993048.pdf,PDL1.0,,原本の縦長の表で丸括弧書き。(注)岩手県、宮城県、福島県における単価括弧書きは、労務費の上昇に伴う入札不調の増加が認められるため、入札不調に対応した単価を採用している。
14530f3d8f1e33b3,JP,labor,労務単価,塗装工,所定労働時間内8時間あたり,人日,pref,03,岩手県,,,,16100,JPY,labor_wage_8h,published_pdl,22600,原本の下段(括弧書き): 公共工事設計労務単価+必要経費(法定福利費の事業主負担額、労務管理費、宿舎費等)(試算値),2013-04,2013-04-01,mlit-roumu-h25,p16(横長の表) / p6(縦長の表),https://www.mlit.go.jp/common/000993048.pdf,PDL1.0,,原本の縦長の表で丸括弧書き。(注)岩手県、宮城県、福島県における単価括弧書きは、労務費の上昇に伴う入札不調の増加が認められるため、入札不調に対応した単価を採用している。
869cc25d3ea4323b,JP,labor,労務単価,溶接工,所定労働時間内8時間あたり,人日,pref,03,岩手県,,,,17500,JPY,labor_wage_8h,published_pdl,24600,原本の下段(括弧書き): 公共工事設計労務単価+必要経費(法定福利費の事業主負担額、労務管理費、宿舎費等)(試算値),2013-04,2013-04-01,mlit-roumu-h25,p16(横長の表) / p6(縦長の表),https://www.mlit.go.jp/common/000993048.pdf,PDL1.0,,原本の縦長の表で丸括弧書き。(注)岩手県、宮城県、福島県における単価括弧書きは、労務費の上昇に伴う入札不調の増加が認められるため、入札不調に対応した単価を採用している。
380e7ec58c45bc6d,JP,labor,労務単価,運転手（特殊）,所定労働時間内8時間あたり,人日,pref,03,岩手県,,,,20100,JPY,labor_wage_8h,published_pdl,28300,原本の下段(括弧書き): 公共工事設計労務単価+必要経費(法定福利費の事業主負担額、労務管理費、宿舎費等)(試算値),2013-04,2013-04-01,mlit-roumu-h25,p16(横長の表) / p6(縦長の表),https://www.mlit.go.jp/common/000993048.pdf,PDL1.0,,原本の縦長の表で丸括弧書き。(注)岩手県、宮城県、福島県における単価括弧書きは、労務費の上昇に伴う入札不調の増加が認められるため、入札不調に対応した単価を採用している。
05b94466ab809f33,JP,labor,労務単価,運転手（一般）,所定労働時間内8時間あたり,人日,pref,03,岩手県,,,,16900,JPY,labor_wage_8h,published_pdl,23800,原本の下段(括弧書き): 公共工事設計労務単価+必要経費(法定福利費の事業主負担額、労務管理費、宿舎費等)(試算値),2013-04,2013-04-01,mlit-roumu-h25,p16(横長の表) / p6(縦長の表),https://www.mlit.go.jp/common/000993048.pdf,PDL1.0,,原本の縦長の表で丸括弧書き。(注)岩手県、宮城県、福島県における単価括弧書きは、労務費の上昇に伴う入札不調の増加が認められるため、入札不調に対応した単価を採用している。
9b51e6c71e2076e5,JP,labor,労務単価,潜かん工,所定労働時間内8時間あたり,人日,pref,03,岩手県,,,,25100,JPY,labor_wage_8h,published_pdl,35300,原本の下段(括弧書き): 公共工事設計労務単価+必要経費(法定福利費の事業主負担額、労務管理費、宿舎費等)(試算値),2013-04,2013-04-01,mlit-roumu-h25,p16(横長の表) / p6(縦長の表),https://www.mlit.go.jp/common/000993048.pdf,PDL1.0,,原本の縦長の表で丸括弧書き。(注)岩手県、宮城県、福島県における単価括弧書きは、労務費の上昇に伴う入札不調の増加が認められるため、入札不調に対応した単価を採用している。
2bc7d1d3867b69e2,JP,labor,労務単価,潜かん世話役,所定労働時間内8時間あたり,人日,pref,03,岩手県,,,,29700,JPY,labor_wage_8h,published_pdl,41800,原本の下段(括弧書き): 公共工事設計労務単価+必要経費(法定福利費の事業主負担額、労務管理費、宿舎費等)(試算値),2013-04,2013-04-01,mlit-roumu-h25,p16(横長の表) / p6(縦長の表),https://www.mlit.go.jp/common/000993048.pdf,PDL1.0,,原本の縦長の表で丸括弧書き。(注)岩手県、宮城県、福島県における単価括弧書きは、労務費の上昇に伴う入札不調の増加が認められるため、入札不調に対応した単価を採用している。
f280379a6f5d7ef5,JP,labor,労務単価,さく岩工,所定労働時間内8時間あたり,人日,pref,03,岩手県,,,,20500,JPY,labor_wage_8h,published_pdl,28800,原本の下段(括弧書き): 公共工事設計労務単価+必要経費(法定福利費の事業主負担額、労務管理費、宿舎費等)(試算値),2013-04,2013-04-01,mlit-roumu-h25,p16(横長の表) / p6(縦長の表),https://www.mlit.go.jp/common/000993048.pdf,PDL1.0,,原本の縦長の表で丸括弧書き。(注)岩手県、宮城県、福島県における単価括弧書きは、労務費の上昇に伴う入札不調の増加が認められるため、入札不調に対応した単価を採用している。
dae448d5c08ac3eb,JP,labor,労務単価,トンネル特殊工,所定労働時間内8時間あたり,人日,pref,03,岩手県,,,,25000,JPY,labor_wage_8h,published_pdl,35200,原本の下段(括弧書き): 公共工事設計労務単価+必要経費(法定福利費の事業主負担額、労務管理費、宿舎費等)(試算値),2013-04,2013-04-01,mlit-roumu-h25,p16(横長の表) / p6(縦長の表),https://www.mlit.go.jp/common/000993048.pdf,PDL1.0,,原本の縦長の表で丸括弧書き。(注)岩手県、宮城県、福島県における単価括弧書きは、労務費の上昇に伴う入札不調の増加が認められるため、入札不調に対応した単価を採用している。
3eb68582e5d03fc4,JP,labor,労務単価,トンネル作業員,所定労働時間内8時間あたり,人日,pref,03,岩手県,,,,19000,JPY,labor_wage_8h,published_pdl,26700,原本の下段(括弧書き): 公共工事設計労務単価+必要経費(法定福利費の事業主負担額、労務管理費、宿舎費等)(試算値),2013-04,2013-04-01,mlit-roumu-h25,p16(横長の表) / p6(縦長の表),https://www.mlit.go.jp/common/000993048.pdf,PDL1.0,,原本の縦長の表で丸括弧書き。(注)岩手県、宮城県、福島県における単価括弧書きは、労務費の上昇に伴う入札不調の増加が認められるため、入札不調に対応した単価を採用している。
6d69d7e3c252338a,JP,labor,労務単価,トンネル世話役,所定労働時間内8時間あたり,人日,pref,03,岩手県,,,,26600,JPY,labor_wage_8h,published_pdl,37400,原本の下段(括弧書き): 公共工事設計労務単価+必要経費(法定福利費の事業主負担額、労務管理費、宿舎費等)(試算値),2013-04,2013-04-01,mlit-roumu-h25,p17(横長の表) / p7(縦長の表),https://www.mlit.go.jp/common/000993048.pdf,PDL1.0,,原本の縦長の表で丸括弧書き。(注)岩手県、宮城県、福島県における単価括弧書きは、労務費の上昇に伴う入札不調の増加が認められるため、入札不調に対応した単価を採用している。
a5997ec3de91ed15,JP,labor,労務単価,橋りょう特殊工,所定労働時間内8時間あたり,人日,pref,03,岩手県,,,,21700,JPY,labor_wage_8h,published_pdl,30500,原本の下段(括弧書き): 公共工事設計労務単価+必要経費(法定福利費の事業主負担額、労務管理費、宿舎費等)(試算値),2013-04,2013-04-01,mlit-roumu-h25,p17(横長の表) / p7(縦長の表),https://www.mlit.go.jp/common/000993048.pdf,PDL1.0,,原本の縦長の表で丸括弧書き。(注)岩手県、宮城県、福島県における単価括弧書きは、労務費の上昇に伴う入札不調の増加が認められるため、入札不調に対応した単価を採用している。
071b0c5fe94f6975,JP,labor,労務単価,橋りょう塗装工,所定労働時間内8時間あたり,人日,pref,03,岩手県,,,,23300,JPY,labor_wage_8h,published_pdl,32800,原本の下段(括弧書き): 公共工事設計労務単価+必要経費(法定福利費の事業主負担額、労務管理費、宿舎費等)(試算値),2013-04,2013-04-01,mlit-roumu-h25,p17(横長の表) / p7(縦長の表),https://www.mlit.go.jp/common/000993048.pdf,PDL1.0,,原本の縦長の表で丸括弧書き。(注)岩手県、宮城県、福島県における単価括弧書きは、労務費の上昇に伴う入札不調の増加が認められるため、入札不調に対応した単価を採用している。
6f00c4c2612908c2,JP,labor,労務単価,橋りょう世話役,所定労働時間内8時間あたり,人日,pref,03,岩手県,,,,27300,JPY,labor_wage_8h,published_pdl,38400,原本の下段(括弧書き): 公共工事設計労務単価+必要経費(法定福利費の事業主負担額、労務管理費、宿舎費等)(試算値),2013-04,2013-04-01,mlit-roumu-h25,p17(横長の表) / p7(縦長の表),https://www.mlit.go.jp/common/000993048.pdf,PDL1.0,,原本の縦長の表で丸括弧書き。(注)岩手県、宮城県、福島県における単価括弧書きは、労務費の上昇に伴う入札不調の増加が認められるため、入札不調に対応した単価を採用している。
f72b1f332d68cb56,JP,labor,労務単価,土木一般世話役,所定労働時間内8時間あたり,人日,pref,03,岩手県,,,,20900,JPY,labor_wage_8h,published_pdl,29400,原本の下段(括弧書き): 公共工事設計労務単価+必要経費(法定福利費の事業主負担額、労務管理費、宿舎費等)(試算値),2013-04,2013-04-01,mlit-roumu-h25,p17(横長の表) / p7(縦長の表),https://www.mlit.go.jp/common/000993048.pdf,PDL1.0,,
fc73a04fe2841dab,JP,labor,労務単価,高級船員,所定労働時間内8時間あたり,人日,pref,03,岩手県,,,,21800,JPY,labor_wage_8h,published_pdl,30700,原本の下段(括弧書き): 公共工事設計労務単価+必要経費(法定福利費の事業主負担額、労務管理費、宿舎費等)(試算値),2013-04,2013-04-01,mlit-roumu-h25,p17(横長の表) / p7(縦長の表),https://www.mlit.go.jp/common/000993048.pdf,PDL1.0,,
ab47a53f6a63d06a,JP,labor,労務単価,普通船員,所定労働時間内8時間あたり,人日,pref,03,岩手県,,,,17800,JPY,labor_wage_8h,published_pdl,25000,原本の下段(括弧書き): 公共工事設計労務単価+必要経費(法定福利費の事業主負担額、労務管理費、宿舎費等)(試算値),2013-04,2013-04-01,mlit-roumu-h25,p17(横長の表) / p7(縦長の表),https://www.mlit.go.jp/common/000993048.pdf,PDL1.0,,
85d1188dac615eeb,JP,labor,労務単価,潜水士,所定労働時間内8時間あたり,人日,pref,03,岩手県,,,,35200,JPY,labor_wage_8h,published_pdl,49500,原本の下段(括弧書き): 公共工事設計労務単価+必要経費(法定福利費の事業主負担額、労務管理費、宿舎費等)(試算値),2013-04,2013-04-01,mlit-roumu-h25,p17(横長の表) / p7(縦長の表),https://www.mlit.go.jp/common/000993048.pdf,PDL1.0,,原本の縦長の表で丸括弧書き。(注)岩手県、宮城県、福島県における単価括弧書きは、労務費の上昇に伴う入札不調の増加が認められるため、入札不調に対応した単価を採用している。
fe749a6ebde63437,JP,labor,労務単価,潜水連絡員,所定労働時間内8時間あたり,人日,pref,03,岩手県,,,,21700,JPY,labor_wage_8h,published_pdl,30500,原本の下段(括弧書き): 公共工事設計労務単価+必要経費(法定福利費の事業主負担額、労務管理費、宿舎費等)(試算値),2013-04,2013-04-01,mlit-roumu-h25,p17(横長の表) / p7(縦長の表),https://www.mlit.go.jp/common/000993048.pdf,PDL1.0,,原本の縦長の表で丸括弧書き。(注)岩手県、宮城県、福島県における単価括弧書きは、労務費の上昇に伴う入札不調の増加が認められるため、入札不調に対応した単価を採用している。
b0192686554e5785,JP,labor,労務単価,潜水送気員,所定労働時間内8時間あたり,人日,pref,03,岩手県,,,,22300,JPY,labor_wage_8h,published_pdl,31400,原本の下段(括弧書き): 公共工事設計労務単価+必要経費(法定福利費の事業主負担額、労務管理費、宿舎費等)(試算値),2013-04,2013-04-01,mlit-roumu-h25,p17(横長の表) / p7(縦長の表),https://www.mlit.go.jp/common/000993048.pdf,PDL1.0,,原本の縦長の表で丸括弧書き。(注)岩手県、宮城県、福島県における単価括弧書きは、労務費の上昇に伴う入札不調の増加が認められるため、入札不調に対応した単価を採用している。
3c5a268a30678f10,JP,labor,労務単価,山林砂防工,所定労働時間内8時間あたり,人日,pref,03,岩手県,,,,,JPY,labor_wage_8h,not_set,,,2013-04,2013-04-01,mlit-roumu-h25,p17(横長の表) / p8(縦長の表),https://www.mlit.go.jp/common/000993048.pdf,PDL1.0,,原本の表で『-』(この都道府県ではこの職種の単価を設定していない)
45f2440c2f1571d8,JP,labor,労務単価,軌道工,所定労働時間内8時間あたり,人日,pref,03,岩手県,,,,23600,JPY,labor_wage_8h,published_pdl,33200,原本の下段(括弧書き): 公共工事設計労務単価+必要経費(法定福利費の事業主負担額、労務管理費、宿舎費等)(試算値),2013-04,2013-04-01,mlit-roumu-h25,p17(横長の表) / p8(縦長の表),https://www.mlit.go.jp/common/000993048.pdf,PDL1.0,,原本の縦長の表で丸括弧書き。(注)岩手県、宮城県、福島県における単価括弧書きは、労務費の上昇に伴う入札不調の増加が認められるため、入札不調に対応した単価を採用している。
f029b6868f25f885,JP,labor,労務単価,型わく工,所定労働時間内8時間あたり,人日,pref,03,岩手県,,,,21200,JPY,labor_wage_8h,published_pdl,29800,原本の下段(括弧書き): 公共工事設計労務単価+必要経費(法定福利費の事業主負担額、労務管理費、宿舎費等)(試算値),2013-04,2013-04-01,mlit-roumu-h25,p17(横長の表) / p8(縦長の表),https://www.mlit.go.jp/common/000993048.pdf,PDL1.0,,原本の縦長の表で丸括弧書き。(注)岩手県、宮城県、福島県における単価括弧書きは、労務費の上昇に伴う入札不調の増加が認められるため、入札不調に対応した単価を採用している。
b2e9b5e31902a197,JP,labor,労務単価,大工,所定労働時間内8時間あたり,人日,pref,03,岩手県,,,,19000,JPY,labor_wage_8h,published_pdl,26700,原本の下段(括弧書き): 公共工事設計労務単価+必要経費(法定福利費の事業主負担額、労務管理費、宿舎費等)(試算値),2013-04,2013-04-01,mlit-roumu-h25,p17(横長の表) / p8(縦長の表),https://www.mlit.go.jp/common/000993048.pdf,PDL1.0,,原本の縦長の表で丸括弧書き。(注)岩手県、宮城県、福島県における単価括弧書きは、労務費の上昇に伴う入札不調の増加が認められるため、入札不調に対応した単価を採用している。
ec55195c0c6e4d8c,JP,labor,労務単価,左官,所定労働時間内8時間あたり,人日,pref,03,岩手県,,,,19800,JPY,labor_wage_8h,published_pdl,27800,原本の下段(括弧書き): 公共工事設計労務単価+必要経費(法定福利費の事業主負担額、労務管理費、宿舎費等)(試算値),2013-04,2013-04-01,mlit-roumu-h25,p17(横長の表) / p8(縦長の表),https://www.mlit.go.jp/common/000993048.pdf,PDL1.0,,原本の縦長の表で丸括弧書き。(注)岩手県、宮城県、福島県における単価括弧書きは、労務費の上昇に伴う入札不調の増加が認められるため、入札不調に対応した単価を採用している。
bcb4df4e965a2a59,JP,labor,労務単価,配管工,所定労働時間内8時間あたり,人日,pref,03,岩手県,,,,16400,JPY,labor_wage_8h,published_pdl,23100,原本の下段(括弧書き): 公共工事設計労務単価+必要経費(法定福利費の事業主負担額、労務管理費、宿舎費等)(試算値),2013-04,2013-04-01,mlit-roumu-h25,p17(横長の表) / p8(縦長の表),https://www.mlit.go.jp/common/000993048.pdf,PDL1.0,,
af12a4b57b0af9b3,JP,labor,労務単価,はつり工,所定労働時間内8時間あたり,人日,pref,03,岩手県,,,,17200,JPY,labor_wage_8h,published_pdl,24200,原本の下段(括弧書き): 公共工事設計労務単価+必要経費(法定福利費の事業主負担額、労務管理費、宿舎費等)(試算値),2013-04,2013-04-01,mlit-roumu-h25,p17(横長の表) / p8(縦長の表),https://www.mlit.go.jp/common/000993048.pdf,PDL1.0,,原本の縦長の表で丸括弧書き。(注)岩手県、宮城県、福島県における単価括弧書きは、労務費の上昇に伴う入札不調の増加が認められるため、入札不調に対応した単価を採用している。
423dae67af261f5c,JP,labor,労務単価,防水工,所定労働時間内8時間あたり,人日,pref,03,岩手県,,,,16400,JPY,labor_wage_8h,published_pdl,23100,原本の下段(括弧書き): 公共工事設計労務単価+必要経費(法定福利費の事業主負担額、労務管理費、宿舎費等)(試算値),2013-04,2013-04-01,mlit-roumu-h25,p17(横長の表) / p8(縦長の表),https://www.mlit.go.jp/common/000993048.pdf,PDL1.0,,原本の縦長の表で丸括弧書き。(注)岩手県、宮城県、福島県における単価括弧書きは、労務費の上昇に伴う入札不調の増加が認められるため、入札不調に対応した単価を採用している。
8c7bf25e9b2afdcf,JP,labor,労務単価,板金工,所定労働時間内8時間あたり,人日,pref,03,岩手県,,,,17300,JPY,labor_wage_8h,published_pdl,24300,原本の下段(括弧書き): 公共工事設計労務単価+必要経費(法定福利費の事業主負担額、労務管理費、宿舎費等)(試算値),2013-04,2013-04-01,mlit-roumu-h25,p17(横長の表) / p8(縦長の表),https://www.mlit.go.jp/common/000993048.pdf,PDL1.0,,原本の縦長の表で丸括弧書き。(注)岩手県、宮城県、福島県における単価括弧書きは、労務費の上昇に伴う入札不調の増加が認められるため、入札不調に対応した単価を採用している。
d3c5dff4691f4415,JP,labor,労務単価,タイル工,所定労働時間内8時間あたり,人日,pref,03,岩手県,,,,15200,JPY,labor_wage_8h,published_pdl,21400,原本の下段(括弧書き): 公共工事設計労務単価+必要経費(法定福利費の事業主負担額、労務管理費、宿舎費等)(試算値),2013-04,2013-04-01,mlit-roumu-h25,p17(横長の表) / p8(縦長の表),https://www.mlit.go.jp/common/000993048.pdf,PDL1.0,,原本の縦長の表で丸括弧書き。(注)岩手県、宮城県、福島県における単価括弧書きは、労務費の上昇に伴う入札不調の増加が認められるため、入札不調に対応した単価を採用している。
2f133868ac143577,JP,labor,労務単価,サッシ工,所定労働時間内8時間あたり,人日,pref,03,岩手県,,,,18900,JPY,labor_wage_8h,published_pdl,26600,原本の下段(括弧書き): 公共工事設計労務単価+必要経費(法定福利費の事業主負担額、労務管理費、宿舎費等)(試算値),2013-04,2013-04-01,mlit-roumu-h25,p18(横長の表) / p9(縦長の表),https://www.mlit.go.jp/common/000993048.pdf,PDL1.0,,原本の縦長の表で丸括弧書き。(注)岩手県、宮城県、福島県における単価括弧書きは、労務費の上昇に伴う入札不調の増加が認められるため、入札不調に対応した単価を採用している。
afeb7c9454538eea,JP,labor,労務単価,内装工,所定労働時間内8時間あたり,人日,pref,03,岩手県,,,,17000,JPY,labor_wage_8h,published_pdl,23900,原本の下段(括弧書き): 公共工事設計労務単価+必要経費(法定福利費の事業主負担額、労務管理費、宿舎費等)(試算値),2013-04,2013-04-01,mlit-roumu-h25,p18(横長の表) / p9(縦長の表),https://www.mlit.go.jp/common/000993048.pdf,PDL1.0,,原本の縦長の表で丸括弧書き。(注)岩手県、宮城県、福島県における単価括弧書きは、労務費の上昇に伴う入札不調の増加が認められるため、入札不調に対応した単価を採用している。
81e5440268b120b9,JP,labor,労務単価,ガラス工,所定労働時間内8時間あたり,人日,pref,03,岩手県,,,,16400,JPY,labor_wage_8h,published_pdl,23100,原本の下段(括弧書き): 公共工事設計労務単価+必要経費(法定福利費の事業主負担額、労務管理費、宿舎費等)(試算値),2013-04,2013-04-01,mlit-roumu-h25,p18(横長の表) / p9(縦長の表),https://www.mlit.go.jp/common/000993048.pdf,PDL1.0,,原本の縦長の表で丸括弧書き。(注)岩手県、宮城県、福島県における単価括弧書きは、労務費の上昇に伴う入札不調の増加が認められるため、入札不調に対応した単価を採用している。
780374f9b68756a8,JP,labor,労務単価,建具工,所定労働時間内8時間あたり,人日,pref,03,岩手県,,,,15200,JPY,labor_wage_8h,published_pdl,21400,原本の下段(括弧書き): 公共工事設計労務単価+必要経費(法定福利費の事業主負担額、労務管理費、宿舎費等)(試算値),2013-04,2013-04-01,mlit-roumu-h25,p18(横長の表) / p9(縦長の表),https://www.mlit.go.jp/common/000993048.pdf,PDL1.0,,原本の縦長の表で丸括弧書き。(注)岩手県、宮城県、福島県における単価括弧書きは、労務費の上昇に伴う入札不調の増加が認められるため、入札不調に対応した単価を採用している。
0c039214597a9a8f,JP,labor,労務単価,ダクト工,所定労働時間内8時間あたり,人日,pref,03,岩手県,,,,15600,JPY,labor_wage_8h,published_pdl,21900,原本の下段(括弧書き): 公共工事設計労務単価+必要経費(法定福利費の事業主負担額、労務管理費、宿舎費等)(試算値),2013-04,2013-04-01,mlit-roumu-h25,p18(横長の表) / p9(縦長の表),https://www.mlit.go.jp/common/000993048.pdf,PDL1.0,,
a28ddfd0209c72ce,JP,labor,労務単価,保温工,所定労働時間内8時間あたり,人日,pref,03,岩手県,,,,16100,JPY,labor_wage_8h,published_pdl,22600,原本の下段(括弧書き): 公共工事設計労務単価+必要経費(法定福利費の事業主負担額、労務管理費、宿舎費等)(試算値),2013-04,2013-04-01,mlit-roumu-h25,p18(横長の表) / p9(縦長の表),https://www.mlit.go.jp/common/000993048.pdf,PDL1.0,,
57c7ab70f76931df,JP,labor,労務単価,建築ブロック工,所定労働時間内8時間あたり,人日,pref,03,岩手県,,,,17000,JPY,labor_wage_8h,published_pdl,23900,原本の下段(括弧書き): 公共工事設計労務単価+必要経費(法定福利費の事業主負担額、労務管理費、宿舎費等)(試算値),2013-04,2013-04-01,mlit-roumu-h25,p18(横長の表) / p9(縦長の表),https://www.mlit.go.jp/common/000993048.pdf,PDL1.0,,原本の縦長の表で丸括弧書き。(注)岩手県、宮城県、福島県における単価括弧書きは、労務費の上昇に伴う入札不調の増加が認められるため、入札不調に対応した単価を採用している。
de5cf7997cc37add,JP,labor,労務単価,設備機械工,所定労働時間内8時間あたり,人日,pref,03,岩手県,,,,16600,JPY,labor_wage_8h,published_pdl,23300,原本の下段(括弧書き): 公共工事設計労務単価+必要経費(法定福利費の事業主負担額、労務管理費、宿舎費等)(試算値),2013-04,2013-04-01,mlit-roumu-h25,p18(横長の表) / p9(縦長の表),https://www.mlit.go.jp/common/000993048.pdf,PDL1.0,,
5ae11a1ed61d49d4,JP,labor,労務単価,交通誘導員Ａ,所定労働時間内8時間あたり,人日,pref,03,岩手県,,,,9600,JPY,labor_wage_8h,published_pdl,13500,原本の下段(括弧書き): 公共工事設計労務単価+必要経費(法定福利費の事業主負担額、労務管理費、宿舎費等)(試算値),2013-04,2013-04-01,mlit-roumu-h25,p18(横長の表) / p9(縦長の表),https://www.mlit.go.jp/common/000993048.pdf,PDL1.0,,原本の縦長の表で丸括弧書き。(注)岩手県、宮城県、福島県における単価括弧書きは、労務費の上昇に伴う入札不調の増加が認められるため、入札不調に対応した単価を採用している。
1575e1a9b59ce716,JP,labor,労務単価,交通誘導員Ｂ,所定労働時間内8時間あたり,人日,pref,03,岩手県,,,,8900,JPY,labor_wage_8h,published_pdl,12500,原本の下段(括弧書き): 公共工事設計労務単価+必要経費(法定福利費の事業主負担額、労務管理費、宿舎費等)(試算値),2013-04,2013-04-01,mlit-roumu-h25,p18(横長の表) / p9(縦長の表),https://www.mlit.go.jp/common/000993048.pdf,PDL1.0,,原本の縦長の表で丸括弧書き。(注)岩手県、宮城県、福島県における単価括弧書きは、労務費の上昇に伴う入札不調の増加が認められるため、入札不調に対応した単価を採用している。
ee767fadc9bb9bba,JP,labor,労務単価,特殊作業員,所定労働時間内8時間あたり,人日,pref,04,宮城県,,,,19500,JPY,labor_wage_8h,published_pdl,27400,原本の下段(括弧書き): 公共工事設計労務単価+必要経費(法定福利費の事業主負担額、労務管理費、宿舎費等)(試算値),2013-04,2013-04-01,mlit-roumu-h25,p16(横長の表) / p5(縦長の表),https://www.mlit.go.jp/common/000993048.pdf,PDL1.0,,原本の縦長の表で丸括弧書き。(注)岩手県、宮城県、福島県における単価括弧書きは、労務費の上昇に伴う入札不調の増加が認められるため、入札不調に対応した単価を採用している。
2275b53e4dabc482,JP,labor,労務単価,普通作業員,所定労働時間内8時間あたり,人日,pref,04,宮城県,,,,15100,JPY,labor_wage_8h,published_pdl,21200,原本の下段(括弧書き): 公共工事設計労務単価+必要経費(法定福利費の事業主負担額、労務管理費、宿舎費等)(試算値),2013-04,2013-04-01,mlit-roumu-h25,p16(横長の表) / p5(縦長の表),https://www.mlit.go.jp/common/000993048.pdf,PDL1.0,,原本の縦長の表で丸括弧書き。(注)岩手県、宮城県、福島県における単価括弧書きは、労務費の上昇に伴う入札不調の増加が認められるため、入札不調に対応した単価を採用している。
c7b7a8879cac36e9,JP,labor,労務単価,軽作業員,所定労働時間内8時間あたり,人日,pref,04,宮城県,,,,11900,JPY,labor_wage_8h,published_pdl,16700,原本の下段(括弧書き): 公共工事設計労務単価+必要経費(法定福利費の事業主負担額、労務管理費、宿舎費等)(試算値),2013-04,2013-04-01,mlit-roumu-h25,p16(横長の表) / p5(縦長の表),https://www.mlit.go.jp/common/000993048.pdf,PDL1.0,,原本の縦長の表で丸括弧書き。(注)岩手県、宮城県、福島県における単価括弧書きは、労務費の上昇に伴う入札不調の増加が認められるため、入札不調に対応した単価を採用している。
235629aa4448771e,JP,labor,労務単価,造園工,所定労働時間内8時間あたり,人日,pref,04,宮城県,,,,17400,JPY,labor_wage_8h,published_pdl,24500,原本の下段(括弧書き): 公共工事設計労務単価+必要経費(法定福利費の事業主負担額、労務管理費、宿舎費等)(試算値),2013-04,2013-04-01,mlit-roumu-h25,p16(横長の表) / p5(縦長の表),https://www.mlit.go.jp/common/000993048.pdf,PDL1.0,,
d3ccca47bfdd7ebd,JP,labor,労務単価,法面工,所定労働時間内8時間あたり,人日,pref,04,宮城県,,,,20600,JPY,labor_wage_8h,published_pdl,29000,原本の下段(括弧書き): 公共工事設計労務単価+必要経費(法定福利費の事業主負担額、労務管理費、宿舎費等)(試算値),2013-04,2013-04-01,mlit-roumu-h25,p16(横長の表) / p5(縦長の表),https://www.mlit.go.jp/common/000993048.pdf,PDL1.0,,原本の縦長の表で丸括弧書き。(注)岩手県、宮城県、福島県における単価括弧書きは、労務費の上昇に伴う入札不調の増加が認められるため、入札不調に対応した単価を採用している。
eb304b9145a3f5df,JP,labor,労務単価,とび工,所定労働時間内8時間あたり,人日,pref,04,宮城県,,,,18900,JPY,labor_wage_8h,published_pdl,26600,原本の下段(括弧書き): 公共工事設計労務単価+必要経費(法定福利費の事業主負担額、労務管理費、宿舎費等)(試算値),2013-04,2013-04-01,mlit-roumu-h25,p16(横長の表) / p5(縦長の表),https://www.mlit.go.jp/common/000993048.pdf,PDL1.0,,原本の縦長の表で丸括弧書き。(注)岩手県、宮城県、福島県における単価括弧書きは、労務費の上昇に伴う入札不調の増加が認められるため、入札不調に対応した単価を採用している。
2c07b4ee5238bb01,JP,labor,労務単価,石工,所定労働時間内8時間あたり,人日,pref,04,宮城県,,,,,JPY,labor_wage_8h,not_set,,,2013-04,2013-04-01,mlit-roumu-h25,p16(横長の表) / p5(縦長の表),https://www.mlit.go.jp/common/000993048.pdf,PDL1.0,,原本の表で『-』(この都道府県ではこの職種の単価を設定していない)
aa19a15e4245fd34,JP,labor,労務単価,ブロック工,所定労働時間内8時間あたり,人日,pref,04,宮城県,,,,20900,JPY,labor_wage_8h,published_pdl,29400,原本の下段(括弧書き): 公共工事設計労務単価+必要経費(法定福利費の事業主負担額、労務管理費、宿舎費等)(試算値),2013-04,2013-04-01,mlit-roumu-h25,p16(横長の表) / p5(縦長の表),https://www.mlit.go.jp/common/000993048.pdf,PDL1.0,,
6d2bb6055d3606da,JP,labor,労務単価,電工,所定労働時間内8時間あたり,人日,pref,04,宮城県,,,,16500,JPY,labor_wage_8h,published_pdl,23200,原本の下段(括弧書き): 公共工事設計労務単価+必要経費(法定福利費の事業主負担額、労務管理費、宿舎費等)(試算値),2013-04,2013-04-01,mlit-roumu-h25,p16(横長の表) / p5(縦長の表),https://www.mlit.go.jp/common/000993048.pdf,PDL1.0,,
08a0bf69ee6f8bde,JP,labor,労務単価,鉄筋工,所定労働時間内8時間あたり,人日,pref,04,宮城県,,,,22400,JPY,labor_wage_8h,published_pdl,31500,原本の下段(括弧書き): 公共工事設計労務単価+必要経費(法定福利費の事業主負担額、労務管理費、宿舎費等)(試算値),2013-04,2013-04-01,mlit-roumu-h25,p16(横長の表) / p5(縦長の表),https://www.mlit.go.jp/common/000993048.pdf,PDL1.0,,原本の縦長の表で丸括弧書き。(注)岩手県、宮城県、福島県における単価括弧書きは、労務費の上昇に伴う入札不調の増加が認められるため、入札不調に対応した単価を採用している。
e7336d58bffa157a,JP,labor,労務単価,鉄骨工,所定労働時間内8時間あたり,人日,pref,04,宮城県,,,,18700,JPY,labor_wage_8h,published_pdl,26300,原本の下段(括弧書き): 公共工事設計労務単価+必要経費(法定福利費の事業主負担額、労務管理費、宿舎費等)(試算値),2013-04,2013-04-01,mlit-roumu-h25,p16(横長の表) / p6(縦長の表),https://www.mlit.go.jp/common/000993048.pdf,PDL1.0,,原本の縦長の表で丸括弧書き。(注)岩手県、宮城県、福島県における単価括弧書きは、労務費の上昇に伴う入札不調の増加が認められるため、入札不調に対応した単価を採用している。
b7cbb33fa023a3df,JP,labor,労務単価,塗装工,所定労働時間内8時間あたり,人日,pref,04,宮城県,,,,19000,JPY,labor_wage_8h,published_pdl,26700,原本の下段(括弧書き): 公共工事設計労務単価+必要経費(法定福利費の事業主負担額、労務管理費、宿舎費等)(試算値),2013-04,2013-04-01,mlit-roumu-h25,p16(横長の表) / p6(縦長の表),https://www.mlit.go.jp/common/000993048.pdf,PDL1.0,,原本の縦長の表で丸括弧書き。(注)岩手県、宮城県、福島県における単価括弧書きは、労務費の上昇に伴う入札不調の増加が認められるため、入札不調に対応した単価を採用している。
afb10dc2d6eb346b,JP,labor,労務単価,溶接工,所定労働時間内8時間あたり,人日,pref,04,宮城県,,,,19000,JPY,labor_wage_8h,published_pdl,26700,原本の下段(括弧書き): 公共工事設計労務単価+必要経費(法定福利費の事業主負担額、労務管理費、宿舎費等)(試算値),2013-04,2013-04-01,mlit-roumu-h25,p16(横長の表) / p6(縦長の表),https://www.mlit.go.jp/common/000993048.pdf,PDL1.0,,原本の縦長の表で丸括弧書き。(注)岩手県、宮城県、福島県における単価括弧書きは、労務費の上昇に伴う入札不調の増加が認められるため、入札不調に対応した単価を採用している。
83118c1098e2f8bb,JP,labor,労務単価,運転手（特殊）,所定労働時間内8時間あたり,人日,pref,04,宮城県,,,,21400,JPY,labor_wage_8h,published_pdl,30100,原本の下段(括弧書き): 公共工事設計労務単価+必要経費(法定福利費の事業主負担額、労務管理費、宿舎費等)(試算値),2013-04,2013-04-01,mlit-roumu-h25,p16(横長の表) / p6(縦長の表),https://www.mlit.go.jp/common/000993048.pdf,PDL1.0,,原本の縦長の表で丸括弧書き。(注)岩手県、宮城県、福島県における単価括弧書きは、労務費の上昇に伴う入札不調の増加が認められるため、入札不調に対応した単価を採用している。
55861760426683bf,JP,labor,労務単価,運転手（一般）,所定労働時間内8時間あたり,人日,pref,04,宮城県,,,,19200,JPY,labor_wage_8h,published_pdl,27000,原本の下段(括弧書き): 公共工事設計労務単価+必要経費(法定福利費の事業主負担額、労務管理費、宿舎費等)(試算値),2013-04,2013-04-01,mlit-roumu-h25,p16(横長の表) / p6(縦長の表),https://www.mlit.go.jp/common/000993048.pdf,PDL1.0,,原本の縦長の表で丸括弧書き。(注)岩手県、宮城県、福島県における単価括弧書きは、労務費の上昇に伴う入札不調の増加が認められるため、入札不調に対応した単価を採用している。
1335ac4426429872,JP,labor,労務単価,潜かん工,所定労働時間内8時間あたり,人日,pref,04,宮城県,,,,25100,JPY,labor_wage_8h,published_pdl,35300,原本の下段(括弧書き): 公共工事設計労務単価+必要経費(法定福利費の事業主負担額、労務管理費、宿舎費等)(試算値),2013-04,2013-04-01,mlit-roumu-h25,p16(横長の表) / p6(縦長の表),https://www.mlit.go.jp/common/000993048.pdf,PDL1.0,,原本の縦長の表で丸括弧書き。(注)岩手県、宮城県、福島県における単価括弧書きは、労務費の上昇に伴う入札不調の増加が認められるため、入札不調に対応した単価を採用している。
f7303c63492a09cc,JP,labor,労務単価,潜かん世話役,所定労働時間内8時間あたり,人日,pref,04,宮城県,,,,29700,JPY,labor_wage_8h,published_pdl,41800,原本の下段(括弧書き): 公共工事設計労務単価+必要経費(法定福利費の事業主負担額、労務管理費、宿舎費等)(試算値),2013-04,2013-04-01,mlit-roumu-h25,p16(横長の表) / p6(縦長の表),https://www.mlit.go.jp/common/000993048.pdf,PDL1.0,,原本の縦長の表で丸括弧書き。(注)岩手県、宮城県、福島県における単価括弧書きは、労務費の上昇に伴う入札不調の増加が認められるため、入札不調に対応した単価を採用している。
4738b60edca1acf2,JP,labor,労務単価,さく岩工,所定労働時間内8時間あたり,人日,pref,04,宮城県,,,,20500,JPY,labor_wage_8h,published_pdl,28800,原本の下段(括弧書き): 公共工事設計労務単価+必要経費(法定福利費の事業主負担額、労務管理費、宿舎費等)(試算値),2013-04,2013-04-01,mlit-roumu-h25,p16(横長の表) / p6(縦長の表),https://www.mlit.go.jp/common/000993048.pdf,PDL1.0,,原本の縦長の表で丸括弧書き。(注)岩手県、宮城県、福島県における単価括弧書きは、労務費の上昇に伴う入札不調の増加が認められるため、入札不調に対応した単価を採用している。
d9854f2fc79aaefa,JP,labor,労務単価,トンネル特殊工,所定労働時間内8時間あたり,人日,pref,04,宮城県,,,,26600,JPY,labor_wage_8h,published_pdl,37400,原本の下段(括弧書き): 公共工事設計労務単価+必要経費(法定福利費の事業主負担額、労務管理費、宿舎費等)(試算値),2013-04,2013-04-01,mlit-roumu-h25,p16(横長の表) / p6(縦長の表),https://www.mlit.go.jp/common/000993048.pdf,PDL1.0,,原本の縦長の表で丸括弧書き。(注)岩手県、宮城県、福島県における単価括弧書きは、労務費の上昇に伴う入札不調の増加が認められるため、入札不調に対応した単価を採用している。
d62701e6250eb928,JP,labor,労務単価,トンネル作業員,所定労働時間内8時間あたり,人日,pref,04,宮城県,,,,19000,JPY,labor_wage_8h,published_pdl,26700,原本の下段(括弧書き): 公共工事設計労務単価+必要経費(法定福利費の事業主負担額、労務管理費、宿舎費等)(試算値),2013-04,2013-04-01,mlit-roumu-h25,p16(横長の表) / p6(縦長の表),https://www.mlit.go.jp/common/000993048.pdf,PDL1.0,,原本の縦長の表で丸括弧書き。(注)岩手県、宮城県、福島県における単価括弧書きは、労務費の上昇に伴う入札不調の増加が認められるため、入札不調に対応した単価を採用している。
633ab400600503a3,JP,labor,労務単価,トンネル世話役,所定労働時間内8時間あたり,人日,pref,04,宮城県,,,,26600,JPY,labor_wage_8h,published_pdl,37400,原本の下段(括弧書き): 公共工事設計労務単価+必要経費(法定福利費の事業主負担額、労務管理費、宿舎費等)(試算値),2013-04,2013-04-01,mlit-roumu-h25,p17(横長の表) / p7(縦長の表),https://www.mlit.go.jp/common/000993048.pdf,PDL1.0,,原本の縦長の表で丸括弧書き。(注)岩手県、宮城県、福島県における単価括弧書きは、労務費の上昇に伴う入札不調の増加が認められるため、入札不調に対応した単価を採用している。
b8eb58e51005df5a,JP,labor,労務単価,橋りょう特殊工,所定労働時間内8時間あたり,人日,pref,04,宮城県,,,,21700,JPY,labor_wage_8h,published_pdl,30500,原本の下段(括弧書き): 公共工事設計労務単価+必要経費(法定福利費の事業主負担額、労務管理費、宿舎費等)(試算値),2013-04,2013-04-01,mlit-roumu-h25,p17(横長の表) / p7(縦長の表),https://www.mlit.go.jp/common/000993048.pdf,PDL1.0,,原本の縦長の表で丸括弧書き。(注)岩手県、宮城県、福島県における単価括弧書きは、労務費の上昇に伴う入札不調の増加が認められるため、入札不調に対応した単価を採用している。
4fc5ed5d16a3b3ed,JP,labor,労務単価,橋りょう塗装工,所定労働時間内8時間あたり,人日,pref,04,宮城県,,,,23300,JPY,labor_wage_8h,published_pdl,32800,原本の下段(括弧書き): 公共工事設計労務単価+必要経費(法定福利費の事業主負担額、労務管理費、宿舎費等)(試算値),2013-04,2013-04-01,mlit-roumu-h25,p17(横長の表) / p7(縦長の表),https://www.mlit.go.jp/common/000993048.pdf,PDL1.0,,原本の縦長の表で丸括弧書き。(注)岩手県、宮城県、福島県における単価括弧書きは、労務費の上昇に伴う入札不調の増加が認められるため、入札不調に対応した単価を採用している。
6a7a96fa331c8f78,JP,labor,労務単価,橋りょう世話役,所定労働時間内8時間あたり,人日,pref,04,宮城県,,,,29900,JPY,labor_wage_8h,published_pdl,42000,原本の下段(括弧書き): 公共工事設計労務単価+必要経費(法定福利費の事業主負担額、労務管理費、宿舎費等)(試算値),2013-04,2013-04-01,mlit-roumu-h25,p17(横長の表) / p7(縦長の表),https://www.mlit.go.jp/common/000993048.pdf,PDL1.0,,原本の縦長の表で丸括弧書き。(注)岩手県、宮城県、福島県における単価括弧書きは、労務費の上昇に伴う入札不調の増加が認められるため、入札不調に対応した単価を採用している。
1af43cc756c3b672,JP,labor,労務単価,土木一般世話役,所定労働時間内8時間あたり,人日,pref,04,宮城県,,,,21200,JPY,labor_wage_8h,published_pdl,29800,原本の下段(括弧書き): 公共工事設計労務単価+必要経費(法定福利費の事業主負担額、労務管理費、宿舎費等)(試算値),2013-04,2013-04-01,mlit-roumu-h25,p17(横長の表) / p7(縦長の表),https://www.mlit.go.jp/common/000993048.pdf,PDL1.0,,
3dd776c527b6810c,JP,labor,労務単価,高級船員,所定労働時間内8時間あたり,人日,pref,04,宮城県,,,,21800,JPY,labor_wage_8h,published_pdl,30700,原本の下段(括弧書き): 公共工事設計労務単価+必要経費(法定福利費の事業主負担額、労務管理費、宿舎費等)(試算値),2013-04,2013-04-01,mlit-roumu-h25,p17(横長の表) / p7(縦長の表),https://www.mlit.go.jp/common/000993048.pdf,PDL1.0,,
607c56fb7e9b19b8,JP,labor,労務単価,普通船員,所定労働時間内8時間あたり,人日,pref,04,宮城県,,,,17800,JPY,labor_wage_8h,published_pdl,25000,原本の下段(括弧書き): 公共工事設計労務単価+必要経費(法定福利費の事業主負担額、労務管理費、宿舎費等)(試算値),2013-04,2013-04-01,mlit-roumu-h25,p17(横長の表) / p7(縦長の表),https://www.mlit.go.jp/common/000993048.pdf,PDL1.0,,
37fa27d0eb914d27,JP,labor,労務単価,潜水士,所定労働時間内8時間あたり,人日,pref,04,宮城県,,,,38600,JPY,labor_wage_8h,published_pdl,54300,原本の下段(括弧書き): 公共工事設計労務単価+必要経費(法定福利費の事業主負担額、労務管理費、宿舎費等)(試算値),2013-04,2013-04-01,mlit-roumu-h25,p17(横長の表) / p7(縦長の表),https://www.mlit.go.jp/common/000993048.pdf,PDL1.0,,原本の縦長の表で丸括弧書き。(注)岩手県、宮城県、福島県における単価括弧書きは、労務費の上昇に伴う入札不調の増加が認められるため、入札不調に対応した単価を採用している。
280bae4eedefc1ee,JP,labor,労務単価,潜水連絡員,所定労働時間内8時間あたり,人日,pref,04,宮城県,,,,23800,JPY,labor_wage_8h,published_pdl,33500,原本の下段(括弧書き): 公共工事設計労務単価+必要経費(法定福利費の事業主負担額、労務管理費、宿舎費等)(試算値),2013-04,2013-04-01,mlit-roumu-h25,p17(横長の表) / p7(縦長の表),https://www.mlit.go.jp/common/000993048.pdf,PDL1.0,,原本の縦長の表で丸括弧書き。(注)岩手県、宮城県、福島県における単価括弧書きは、労務費の上昇に伴う入札不調の増加が認められるため、入札不調に対応した単価を採用している。
f5bedba29cf7181c,JP,labor,労務単価,潜水送気員,所定労働時間内8時間あたり,人日,pref,04,宮城県,,,,24200,JPY,labor_wage_8h,published_pdl,34000,原本の下段(括弧書き): 公共工事設計労務単価+必要経費(法定福利費の事業主負担額、労務管理費、宿舎費等)(試算値),2013-04,2013-04-01,mlit-roumu-h25,p17(横長の表) / p7(縦長の表),https://www.mlit.go.jp/common/000993048.pdf,PDL1.0,,原本の縦長の表で丸括弧書き。(注)岩手県、宮城県、福島県における単価括弧書きは、労務費の上昇に伴う入札不調の増加が認められるため、入札不調に対応した単価を採用している。
4dba426d777671b0,JP,labor,労務単価,山林砂防工,所定労働時間内8時間あたり,人日,pref,04,宮城県,,,,,JPY,labor_wage_8h,not_set,,,2013-04,2013-04-01,mlit-roumu-h25,p17(横長の表) / p8(縦長の表),https://www.mlit.go.jp/common/000993048.pdf,PDL1.0,,原本の表で『-』(この都道府県ではこの職種の単価を設定していない)
87170792f19ae7f1,JP,labor,労務単価,軌道工,所定労働時間内8時間あたり,人日,pref,04,宮城県,,,,26100,JPY,labor_wage_8h,published_pdl,36700,原本の下段(括弧書き): 公共工事設計労務単価+必要経費(法定福利費の事業主負担額、労務管理費、宿舎費等)(試算値),2013-04,2013-04-01,mlit-roumu-h25,p17(横長の表) / p8(縦長の表),https://www.mlit.go.jp/common/000993048.pdf,PDL1.0,,原本の縦長の表で丸括弧書き。(注)岩手県、宮城県、福島県における単価括弧書きは、労務費の上昇に伴う入札不調の増加が認められるため、入札不調に対応した単価を採用している。
435320fea83b7199,JP,labor,労務単価,型わく工,所定労働時間内8時間あたり,人日,pref,04,宮城県,,,,24000,JPY,labor_wage_8h,published_pdl,33700,原本の下段(括弧書き): 公共工事設計労務単価+必要経費(法定福利費の事業主負担額、労務管理費、宿舎費等)(試算値),2013-04,2013-04-01,mlit-roumu-h25,p17(横長の表) / p8(縦長の表),https://www.mlit.go.jp/common/000993048.pdf,PDL1.0,,原本の縦長の表で丸括弧書き。(注)岩手県、宮城県、福島県における単価括弧書きは、労務費の上昇に伴う入札不調の増加が認められるため、入札不調に対応した単価を採用している。
2d065b4f2718f8ca,JP,labor,労務単価,大工,所定労働時間内8時間あたり,人日,pref,04,宮城県,,,,21000,JPY,labor_wage_8h,published_pdl,29500,原本の下段(括弧書き): 公共工事設計労務単価+必要経費(法定福利費の事業主負担額、労務管理費、宿舎費等)(試算値),2013-04,2013-04-01,mlit-roumu-h25,p17(横長の表) / p8(縦長の表),https://www.mlit.go.jp/common/000993048.pdf,PDL1.0,,原本の縦長の表で丸括弧書き。(注)岩手県、宮城県、福島県における単価括弧書きは、労務費の上昇に伴う入札不調の増加が認められるため、入札不調に対応した単価を採用している。
fcbed42f3d8bfc20,JP,labor,労務単価,左官,所定労働時間内8時間あたり,人日,pref,04,宮城県,,,,21800,JPY,labor_wage_8h,published_pdl,30700,原本の下段(括弧書き): 公共工事設計労務単価+必要経費(法定福利費の事業主負担額、労務管理費、宿舎費等)(試算値),2013-04,2013-04-01,mlit-roumu-h25,p17(横長の表) / p8(縦長の表),https://www.mlit.go.jp/common/000993048.pdf,PDL1.0,,原本の縦長の表で丸括弧書き。(注)岩手県、宮城県、福島県における単価括弧書きは、労務費の上昇に伴う入札不調の増加が認められるため、入札不調に対応した単価を採用している。
554c12e509ae0d09,JP,labor,労務単価,配管工,所定労働時間内8時間あたり,人日,pref,04,宮城県,,,,17100,JPY,labor_wage_8h,published_pdl,24000,原本の下段(括弧書き): 公共工事設計労務単価+必要経費(法定福利費の事業主負担額、労務管理費、宿舎費等)(試算値),2013-04,2013-04-01,mlit-roumu-h25,p17(横長の表) / p8(縦長の表),https://www.mlit.go.jp/common/000993048.pdf,PDL1.0,,
247f1e9866ae9c8e,JP,labor,労務単価,はつり工,所定労働時間内8時間あたり,人日,pref,04,宮城県,,,,18800,JPY,labor_wage_8h,published_pdl,26400,原本の下段(括弧書き): 公共工事設計労務単価+必要経費(法定福利費の事業主負担額、労務管理費、宿舎費等)(試算値),2013-04,2013-04-01,mlit-roumu-h25,p17(横長の表) / p8(縦長の表),https://www.mlit.go.jp/common/000993048.pdf,PDL1.0,,原本の縦長の表で丸括弧書き。(注)岩手県、宮城県、福島県における単価括弧書きは、労務費の上昇に伴う入札不調の増加が認められるため、入札不調に対応した単価を採用している。
564199c41d52636b,JP,labor,労務単価,防水工,所定労働時間内8時間あたり,人日,pref,04,宮城県,,,,18300,JPY,labor_wage_8h,published_pdl,25700,原本の下段(括弧書き): 公共工事設計労務単価+必要経費(法定福利費の事業主負担額、労務管理費、宿舎費等)(試算値),2013-04,2013-04-01,mlit-roumu-h25,p17(横長の表) / p8(縦長の表),https://www.mlit.go.jp/common/000993048.pdf,PDL1.0,,原本の縦長の表で丸括弧書き。(注)岩手県、宮城県、福島県における単価括弧書きは、労務費の上昇に伴う入札不調の増加が認められるため、入札不調に対応した単価を採用している。
1ec12c3e8d4d7654,JP,labor,労務単価,板金工,所定労働時間内8時間あたり,人日,pref,04,宮城県,,,,18900,JPY,labor_wage_8h,published_pdl,26600,原本の下段(括弧書き): 公共工事設計労務単価+必要経費(法定福利費の事業主負担額、労務管理費、宿舎費等)(試算値),2013-04,2013-04-01,mlit-roumu-h25,p17(横長の表) / p8(縦長の表),https://www.mlit.go.jp/common/000993048.pdf,PDL1.0,,原本の縦長の表で丸括弧書き。(注)岩手県、宮城県、福島県における単価括弧書きは、労務費の上昇に伴う入札不調の増加が認められるため、入札不調に対応した単価を採用している。
7bff45cb5cc97f0b,JP,labor,労務単価,タイル工,所定労働時間内8時間あたり,人日,pref,04,宮城県,,,,15200,JPY,labor_wage_8h,published_pdl,21400,原本の下段(括弧書き): 公共工事設計労務単価+必要経費(法定福利費の事業主負担額、労務管理費、宿舎費等)(試算値),2013-04,2013-04-01,mlit-roumu-h25,p17(横長の表) / p8(縦長の表),https://www.mlit.go.jp/common/000993048.pdf,PDL1.0,,原本の縦長の表で丸括弧書き。(注)岩手県、宮城県、福島県における単価括弧書きは、労務費の上昇に伴う入札不調の増加が認められるため、入札不調に対応した単価を採用している。
702dfd93947bb061,JP,labor,労務単価,サッシ工,所定労働時間内8時間あたり,人日,pref,04,宮城県,,,,20600,JPY,labor_wage_8h,published_pdl,29000,原本の下段(括弧書き): 公共工事設計労務単価+必要経費(法定福利費の事業主負担額、労務管理費、宿舎費等)(試算値),2013-04,2013-04-01,mlit-roumu-h25,p18(横長の表) / p9(縦長の表),https://www.mlit.go.jp/common/000993048.pdf,PDL1.0,,原本の縦長の表で丸括弧書き。(注)岩手県、宮城県、福島県における単価括弧書きは、労務費の上昇に伴う入札不調の増加が認められるため、入札不調に対応した単価を採用している。
065ca5bc5f860c4d,JP,labor,労務単価,内装工,所定労働時間内8時間あたり,人日,pref,04,宮城県,,,,18700,JPY,labor_wage_8h,published_pdl,26300,原本の下段(括弧書き): 公共工事設計労務単価+必要経費(法定福利費の事業主負担額、労務管理費、宿舎費等)(試算値),2013-04,2013-04-01,mlit-roumu-h25,p18(横長の表) / p9(縦長の表),https://www.mlit.go.jp/common/000993048.pdf,PDL1.0,,原本の縦長の表で丸括弧書き。(注)岩手県、宮城県、福島県における単価括弧書きは、労務費の上昇に伴う入札不調の増加が認められるため、入札不調に対応した単価を採用している。
f143826c41c62ad1,JP,labor,労務単価,ガラス工,所定労働時間内8時間あたり,人日,pref,04,宮城県,,,,16400,JPY,labor_wage_8h,published_pdl,23100,原本の下段(括弧書き): 公共工事設計労務単価+必要経費(法定福利費の事業主負担額、労務管理費、宿舎費等)(試算値),2013-04,2013-04-01,mlit-roumu-h25,p18(横長の表) / p9(縦長の表),https://www.mlit.go.jp/common/000993048.pdf,PDL1.0,,原本の縦長の表で丸括弧書き。(注)岩手県、宮城県、福島県における単価括弧書きは、労務費の上昇に伴う入札不調の増加が認められるため、入札不調に対応した単価を採用している。
4668cce5d2c0212d,JP,labor,労務単価,建具工,所定労働時間内8時間あたり,人日,pref,04,宮城県,,,,16800,JPY,labor_wage_8h,published_pdl,23600,原本の下段(括弧書き): 公共工事設計労務単価+必要経費(法定福利費の事業主負担額、労務管理費、宿舎費等)(試算値),2013-04,2013-04-01,mlit-roumu-h25,p18(横長の表) / p9(縦長の表),https://www.mlit.go.jp/common/000993048.pdf,PDL1.0,,原本の縦長の表で丸括弧書き。(注)岩手県、宮城県、福島県における単価括弧書きは、労務費の上昇に伴う入札不調の増加が認められるため、入札不調に対応した単価を採用している。
6e2673fcc96ce6e7,JP,labor,労務単価,ダクト工,所定労働時間内8時間あたり,人日,pref,04,宮城県,,,,15800,JPY,labor_wage_8h,published_pdl,22200,原本の下段(括弧書き): 公共工事設計労務単価+必要経費(法定福利費の事業主負担額、労務管理費、宿舎費等)(試算値),2013-04,2013-04-01,mlit-roumu-h25,p18(横長の表) / p9(縦長の表),https://www.mlit.go.jp/common/000993048.pdf,PDL1.0,,
cfc30fe06399039a,JP,labor,労務単価,保温工,所定労働時間内8時間あたり,人日,pref,04,宮城県,,,,16100,JPY,labor_wage_8h,published_pdl,22600,原本の下段(括弧書き): 公共工事設計労務単価+必要経費(法定福利費の事業主負担額、労務管理費、宿舎費等)(試算値),2013-04,2013-04-01,mlit-roumu-h25,p18(横長の表) / p9(縦長の表),https://www.mlit.go.jp/common/000993048.pdf,PDL1.0,,
a0e7a7bcaa345ea4,JP,labor,労務単価,建築ブロック工,所定労働時間内8時間あたり,人日,pref,04,宮城県,,,,18700,JPY,labor_wage_8h,published_pdl,26300,原本の下段(括弧書き): 公共工事設計労務単価+必要経費(法定福利費の事業主負担額、労務管理費、宿舎費等)(試算値),2013-04,2013-04-01,mlit-roumu-h25,p18(横長の表) / p9(縦長の表),https://www.mlit.go.jp/common/000993048.pdf,PDL1.0,,原本の縦長の表で丸括弧書き。(注)岩手県、宮城県、福島県における単価括弧書きは、労務費の上昇に伴う入札不調の増加が認められるため、入札不調に対応した単価を採用している。
fe2fd5a19aef3d55,JP,labor,労務単価,設備機械工,所定労働時間内8時間あたり,人日,pref,04,宮城県,,,,17400,JPY,labor_wage_8h,published_pdl,24500,原本の下段(括弧書き): 公共工事設計労務単価+必要経費(法定福利費の事業主負担額、労務管理費、宿舎費等)(試算値),2013-04,2013-04-01,mlit-roumu-h25,p18(横長の表) / p9(縦長の表),https://www.mlit.go.jp/common/000993048.pdf,PDL1.0,,
378c1f33759caa1c,JP,labor,労務単価,交通誘導員Ａ,所定労働時間内8時間あたり,人日,pref,04,宮城県,,,,10600,JPY,labor_wage_8h,published_pdl,14900,原本の下段(括弧書き): 公共工事設計労務単価+必要経費(法定福利費の事業主負担額、労務管理費、宿舎費等)(試算値),2013-04,2013-04-01,mlit-roumu-h25,p18(横長の表) / p9(縦長の表),https://www.mlit.go.jp/common/000993048.pdf,PDL1.0,,原本の縦長の表で丸括弧書き。(注)岩手県、宮城県、福島県における単価括弧書きは、労務費の上昇に伴う入札不調の増加が認められるため、入札不調に対応した単価を採用している。
30a979312cf8530e,JP,labor,労務単価,交通誘導員Ｂ,所定労働時間内8時間あたり,人日,pref,04,宮城県,,,,9700,JPY,labor_wage_8h,published_pdl,13600,原本の下段(括弧書き): 公共工事設計労務単価+必要経費(法定福利費の事業主負担額、労務管理費、宿舎費等)(試算値),2013-04,2013-04-01,mlit-roumu-h25,p18(横長の表) / p9(縦長の表),https://www.mlit.go.jp/common/000993048.pdf,PDL1.0,,原本の縦長の表で丸括弧書き。(注)岩手県、宮城県、福島県における単価括弧書きは、労務費の上昇に伴う入札不調の増加が認められるため、入札不調に対応した単価を採用している。
5474fb6b5e87806e,JP,labor,労務単価,特殊作業員,所定労働時間内8時間あたり,人日,pref,05,秋田県,,,,17200,JPY,labor_wage_8h,published_pdl,24200,原本の下段(括弧書き): 公共工事設計労務単価+必要経費(法定福利費の事業主負担額、労務管理費、宿舎費等)(試算値),2013-04,2013-04-01,mlit-roumu-h25,p16(横長の表) / p5(縦長の表),https://www.mlit.go.jp/common/000993048.pdf,PDL1.0,,
a550f864902e9acf,JP,labor,労務単価,普通作業員,所定労働時間内8時間あたり,人日,pref,05,秋田県,,,,13500,JPY,labor_wage_8h,published_pdl,19000,原本の下段(括弧書き): 公共工事設計労務単価+必要経費(法定福利費の事業主負担額、労務管理費、宿舎費等)(試算値),2013-04,2013-04-01,mlit-roumu-h25,p16(横長の表) / p5(縦長の表),https://www.mlit.go.jp/common/000993048.pdf,PDL1.0,,
ea27adc9de491b90,JP,labor,労務単価,軽作業員,所定労働時間内8時間あたり,人日,pref,05,秋田県,,,,10900,JPY,labor_wage_8h,published_pdl,15300,原本の下段(括弧書き): 公共工事設計労務単価+必要経費(法定福利費の事業主負担額、労務管理費、宿舎費等)(試算値),2013-04,2013-04-01,mlit-roumu-h25,p16(横長の表) / p5(縦長の表),https://www.mlit.go.jp/common/000993048.pdf,PDL1.0,,
cd6e42dfb8c684e1,JP,labor,労務単価,造園工,所定労働時間内8時間あたり,人日,pref,05,秋田県,,,,16200,JPY,labor_wage_8h,published_pdl,22800,原本の下段(括弧書き): 公共工事設計労務単価+必要経費(法定福利費の事業主負担額、労務管理費、宿舎費等)(試算値),2013-04,2013-04-01,mlit-roumu-h25,p16(横長の表) / p5(縦長の表),https://www.mlit.go.jp/common/000993048.pdf,PDL1.0,,
286850e6088f6c71,JP,labor,労務単価,法面工,所定労働時間内8時間あたり,人日,pref,05,秋田県,,,,17800,JPY,labor_wage_8h,published_pdl,25000,原本の下段(括弧書き): 公共工事設計労務単価+必要経費(法定福利費の事業主負担額、労務管理費、宿舎費等)(試算値),2013-04,2013-04-01,mlit-roumu-h25,p16(横長の表) / p5(縦長の表),https://www.mlit.go.jp/common/000993048.pdf,PDL1.0,,
1ebb3922e05f08a2,JP,labor,労務単価,とび工,所定労働時間内8時間あたり,人日,pref,05,秋田県,,,,16000,JPY,labor_wage_8h,published_pdl,22500,原本の下段(括弧書き): 公共工事設計労務単価+必要経費(法定福利費の事業主負担額、労務管理費、宿舎費等)(試算値),2013-04,2013-04-01,mlit-roumu-h25,p16(横長の表) / p5(縦長の表),https://www.mlit.go.jp/common/000993048.pdf,PDL1.0,,
a6a10b92e4d0c6e1,JP,labor,労務単価,石工,所定労働時間内8時間あたり,人日,pref,05,秋田県,,,,,JPY,labor_wage_8h,not_set,,,2013-04,2013-04-01,mlit-roumu-h25,p16(横長の表) / p5(縦長の表),https://www.mlit.go.jp/common/000993048.pdf,PDL1.0,,原本の表で『-』(この都道府県ではこの職種の単価を設定していない)
d0ff77f615964ae2,JP,labor,労務単価,ブロック工,所定労働時間内8時間あたり,人日,pref,05,秋田県,,,,19200,JPY,labor_wage_8h,published_pdl,27000,原本の下段(括弧書き): 公共工事設計労務単価+必要経費(法定福利費の事業主負担額、労務管理費、宿舎費等)(試算値),2013-04,2013-04-01,mlit-roumu-h25,p16(横長の表) / p5(縦長の表),https://www.mlit.go.jp/common/000993048.pdf,PDL1.0,,
80d4bcca50a519a5,JP,labor,労務単価,電工,所定労働時間内8時間あたり,人日,pref,05,秋田県,,,,15600,JPY,labor_wage_8h,published_pdl,21900,原本の下段(括弧書き): 公共工事設計労務単価+必要経費(法定福利費の事業主負担額、労務管理費、宿舎費等)(試算値),2013-04,2013-04-01,mlit-roumu-h25,p16(横長の表) / p5(縦長の表),https://www.mlit.go.jp/common/000993048.pdf,PDL1.0,,
d5310d58b4952301,JP,labor,労務単価,鉄筋工,所定労働時間内8時間あたり,人日,pref,05,秋田県,,,,17700,JPY,labor_wage_8h,published_pdl,24900,原本の下段(括弧書き): 公共工事設計労務単価+必要経費(法定福利費の事業主負担額、労務管理費、宿舎費等)(試算値),2013-04,2013-04-01,mlit-roumu-h25,p16(横長の表) / p5(縦長の表),https://www.mlit.go.jp/common/000993048.pdf,PDL1.0,,
5ba67164bf5baa6e,JP,labor,労務単価,鉄骨工,所定労働時間内8時間あたり,人日,pref,05,秋田県,,,,15800,JPY,labor_wage_8h,published_pdl,22200,原本の下段(括弧書き): 公共工事設計労務単価+必要経費(法定福利費の事業主負担額、労務管理費、宿舎費等)(試算値),2013-04,2013-04-01,mlit-roumu-h25,p16(横長の表) / p6(縦長の表),https://www.mlit.go.jp/common/000993048.pdf,PDL1.0,,
24ad437d3a71943d,JP,labor,労務単価,塗装工,所定労働時間内8時間あたり,人日,pref,05,秋田県,,,,15700,JPY,labor_wage_8h,published_pdl,22100,原本の下段(括弧書き): 公共工事設計労務単価+必要経費(法定福利費の事業主負担額、労務管理費、宿舎費等)(試算値),2013-04,2013-04-01,mlit-roumu-h25,p16(横長の表) / p6(縦長の表),https://www.mlit.go.jp/common/000993048.pdf,PDL1.0,,
9865fc83b81271c4,JP,labor,労務単価,溶接工,所定労働時間内8時間あたり,人日,pref,05,秋田県,,,,16900,JPY,labor_wage_8h,published_pdl,23800,原本の下段(括弧書き): 公共工事設計労務単価+必要経費(法定福利費の事業主負担額、労務管理費、宿舎費等)(試算値),2013-04,2013-04-01,mlit-roumu-h25,p16(横長の表) / p6(縦長の表),https://www.mlit.go.jp/common/000993048.pdf,PDL1.0,,
68e8f0c9312264c2,JP,labor,労務単価,運転手（特殊）,所定労働時間内8時間あたり,人日,pref,05,秋田県,,,,18800,JPY,labor_wage_8h,published_pdl,26400,原本の下段(括弧書き): 公共工事設計労務単価+必要経費(法定福利費の事業主負担額、労務管理費、宿舎費等)(試算値),2013-04,2013-04-01,mlit-roumu-h25,p16(横長の表) / p6(縦長の表),https://www.mlit.go.jp/common/000993048.pdf,PDL1.0,,
47f4673521f310e5,JP,labor,労務単価,運転手（一般）,所定労働時間内8時間あたり,人日,pref,05,秋田県,,,,18300,JPY,labor_wage_8h,published_pdl,25700,原本の下段(括弧書き): 公共工事設計労務単価+必要経費(法定福利費の事業主負担額、労務管理費、宿舎費等)(試算値),2013-04,2013-04-01,mlit-roumu-h25,p16(横長の表) / p6(縦長の表),https://www.mlit.go.jp/common/000993048.pdf,PDL1.0,,
862c54c1e36c2733,JP,labor,労務単価,潜かん工,所定労働時間内8時間あたり,人日,pref,05,秋田県,,,,23900,JPY,labor_wage_8h,published_pdl,33600,原本の下段(括弧書き): 公共工事設計労務単価+必要経費(法定福利費の事業主負担額、労務管理費、宿舎費等)(試算値),2013-04,2013-04-01,mlit-roumu-h25,p16(横長の表) / p6(縦長の表),https://www.mlit.go.jp/common/000993048.pdf,PDL1.0,,
6a6d09475b7ebb86,JP,labor,労務単価,潜かん世話役,所定労働時間内8時間あたり,人日,pref,05,秋田県,,,,28300,JPY,labor_wage_8h,published_pdl,39800,原本の下段(括弧書き): 公共工事設計労務単価+必要経費(法定福利費の事業主負担額、労務管理費、宿舎費等)(試算値),2013-04,2013-04-01,mlit-roumu-h25,p16(横長の表) / p6(縦長の表),https://www.mlit.go.jp/common/000993048.pdf,PDL1.0,,
3b2e05d77aa19485,JP,labor,労務単価,さく岩工,所定労働時間内8時間あたり,人日,pref,05,秋田県,,,,19500,JPY,labor_wage_8h,published_pdl,27400,原本の下段(括弧書き): 公共工事設計労務単価+必要経費(法定福利費の事業主負担額、労務管理費、宿舎費等)(試算値),2013-04,2013-04-01,mlit-roumu-h25,p16(横長の表) / p6(縦長の表),https://www.mlit.go.jp/common/000993048.pdf,PDL1.0,,
f10e6c6a0d84364e,JP,labor,労務単価,トンネル特殊工,所定労働時間内8時間あたり,人日,pref,05,秋田県,,,,22900,JPY,labor_wage_8h,published_pdl,32200,原本の下段(括弧書き): 公共工事設計労務単価+必要経費(法定福利費の事業主負担額、労務管理費、宿舎費等)(試算値),2013-04,2013-04-01,mlit-roumu-h25,p16(横長の表) / p6(縦長の表),https://www.mlit.go.jp/common/000993048.pdf,PDL1.0,,
bdd70f7e6bbcb6e9,JP,labor,労務単価,トンネル作業員,所定労働時間内8時間あたり,人日,pref,05,秋田県,,,,18100,JPY,labor_wage_8h,published_pdl,25400,原本の下段(括弧書き): 公共工事設計労務単価+必要経費(法定福利費の事業主負担額、労務管理費、宿舎費等)(試算値),2013-04,2013-04-01,mlit-roumu-h25,p16(横長の表) / p6(縦長の表),https://www.mlit.go.jp/common/000993048.pdf,PDL1.0,,
3e28ec52d32242ba,JP,labor,労務単価,トンネル世話役,所定労働時間内8時間あたり,人日,pref,05,秋田県,,,,25300,JPY,labor_wage_8h,published_pdl,35600,原本の下段(括弧書き): 公共工事設計労務単価+必要経費(法定福利費の事業主負担額、労務管理費、宿舎費等)(試算値),2013-04,2013-04-01,mlit-roumu-h25,p17(横長の表) / p7(縦長の表),https://www.mlit.go.jp/common/000993048.pdf,PDL1.0,,
773b9455f4061909,JP,labor,労務単価,橋りょう特殊工,所定労働時間内8時間あたり,人日,pref,05,秋田県,,,,20700,JPY,labor_wage_8h,published_pdl,29100,原本の下段(括弧書き): 公共工事設計労務単価+必要経費(法定福利費の事業主負担額、労務管理費、宿舎費等)(試算値),2013-04,2013-04-01,mlit-roumu-h25,p17(横長の表) / p7(縦長の表),https://www.mlit.go.jp/common/000993048.pdf,PDL1.0,,
87fe760bc0987125,JP,labor,労務単価,橋りょう塗装工,所定労働時間内8時間あたり,人日,pref,05,秋田県,,,,22200,JPY,labor_wage_8h,published_pdl,31200,原本の下段(括弧書き): 公共工事設計労務単価+必要経費(法定福利費の事業主負担額、労務管理費、宿舎費等)(試算値),2013-04,2013-04-01,mlit-roumu-h25,p17(横長の表) / p7(縦長の表),https://www.mlit.go.jp/common/000993048.pdf,PDL1.0,,
5f648621ef859b3f,JP,labor,労務単価,橋りょう世話役,所定労働時間内8時間あたり,人日,pref,05,秋田県,,,,25500,JPY,labor_wage_8h,published_pdl,35900,原本の下段(括弧書き): 公共工事設計労務単価+必要経費(法定福利費の事業主負担額、労務管理費、宿舎費等)(試算値),2013-04,2013-04-01,mlit-roumu-h25,p17(横長の表) / p7(縦長の表),https://www.mlit.go.jp/common/000993048.pdf,PDL1.0,,
7fb7283e0307b368,JP,labor,労務単価,土木一般世話役,所定労働時間内8時間あたり,人日,pref,05,秋田県,,,,21800,JPY,labor_wage_8h,published_pdl,30700,原本の下段(括弧書き): 公共工事設計労務単価+必要経費(法定福利費の事業主負担額、労務管理費、宿舎費等)(試算値),2013-04,2013-04-01,mlit-roumu-h25,p17(横長の表) / p7(縦長の表),https://www.mlit.go.jp/common/000993048.pdf,PDL1.0,,
6ef7632e54219704,JP,labor,労務単価,高級船員,所定労働時間内8時間あたり,人日,pref,05,秋田県,,,,21800,JPY,labor_wage_8h,published_pdl,30700,原本の下段(括弧書き): 公共工事設計労務単価+必要経費(法定福利費の事業主負担額、労務管理費、宿舎費等)(試算値),2013-04,2013-04-01,mlit-roumu-h25,p17(横長の表) / p7(縦長の表),https://www.mlit.go.jp/common/000993048.pdf,PDL1.0,,
411f77f325a9ef4a,JP,labor,労務単価,普通船員,所定労働時間内8時間あたり,人日,pref,05,秋田県,,,,17800,JPY,labor_wage_8h,published_pdl,25000,原本の下段(括弧書き): 公共工事設計労務単価+必要経費(法定福利費の事業主負担額、労務管理費、宿舎費等)(試算値),2013-04,2013-04-01,mlit-roumu-h25,p17(横長の表) / p7(縦長の表),https://www.mlit.go.jp/common/000993048.pdf,PDL1.0,,
05f9f45564b26fbc,JP,labor,労務単価,潜水士,所定労働時間内8時間あたり,人日,pref,05,秋田県,,,,32900,JPY,labor_wage_8h,published_pdl,46300,原本の下段(括弧書き): 公共工事設計労務単価+必要経費(法定福利費の事業主負担額、労務管理費、宿舎費等)(試算値),2013-04,2013-04-01,mlit-roumu-h25,p17(横長の表) / p7(縦長の表),https://www.mlit.go.jp/common/000993048.pdf,PDL1.0,,
01cbc0b3c0fa3354,JP,labor,労務単価,潜水連絡員,所定労働時間内8時間あたり,人日,pref,05,秋田県,,,,20200,JPY,labor_wage_8h,published_pdl,28400,原本の下段(括弧書き): 公共工事設計労務単価+必要経費(法定福利費の事業主負担額、労務管理費、宿舎費等)(試算値),2013-04,2013-04-01,mlit-roumu-h25,p17(横長の表) / p7(縦長の表),https://www.mlit.go.jp/common/000993048.pdf,PDL1.0,,
1a9d596df21d301c,JP,labor,労務単価,潜水送気員,所定労働時間内8時間あたり,人日,pref,05,秋田県,,,,20500,JPY,labor_wage_8h,published_pdl,28800,原本の下段(括弧書き): 公共工事設計労務単価+必要経費(法定福利費の事業主負担額、労務管理費、宿舎費等)(試算値),2013-04,2013-04-01,mlit-roumu-h25,p17(横長の表) / p7(縦長の表),https://www.mlit.go.jp/common/000993048.pdf,PDL1.0,,
ca9846ea90dfadaa,JP,labor,労務単価,山林砂防工,所定労働時間内8時間あたり,人日,pref,05,秋田県,,,,,JPY,labor_wage_8h,not_set,,,2013-04,2013-04-01,mlit-roumu-h25,p17(横長の表) / p8(縦長の表),https://www.mlit.go.jp/common/000993048.pdf,PDL1.0,,原本の表で『-』(この都道府県ではこの職種の単価を設定していない)
8f78c5bf2c31b0bb,JP,labor,労務単価,軌道工,所定労働時間内8時間あたり,人日,pref,05,秋田県,,,,21700,JPY,labor_wage_8h,published_pdl,30500,原本の下段(括弧書き): 公共工事設計労務単価+必要経費(法定福利費の事業主負担額、労務管理費、宿舎費等)(試算値),2013-04,2013-04-01,mlit-roumu-h25,p17(横長の表) / p8(縦長の表),https://www.mlit.go.jp/common/000993048.pdf,PDL1.0,,
b129d519ec208b86,JP,labor,労務単価,型わく工,所定労働時間内8時間あたり,人日,pref,05,秋田県,,,,17700,JPY,labor_wage_8h,published_pdl,24900,原本の下段(括弧書き): 公共工事設計労務単価+必要経費(法定福利費の事業主負担額、労務管理費、宿舎費等)(試算値),2013-04,2013-04-01,mlit-roumu-h25,p17(横長の表) / p8(縦長の表),https://www.mlit.go.jp/common/000993048.pdf,PDL1.0,,
20be9ee6aab0ece8,JP,labor,労務単価,大工,所定労働時間内8時間あたり,人日,pref,05,秋田県,,,,19200,JPY,labor_wage_8h,published_pdl,27000,原本の下段(括弧書き): 公共工事設計労務単価+必要経費(法定福利費の事業主負担額、労務管理費、宿舎費等)(試算値),2013-04,2013-04-01,mlit-roumu-h25,p17(横長の表) / p8(縦長の表),https://www.mlit.go.jp/common/000993048.pdf,PDL1.0,,
b88e71d087cb372e,JP,labor,労務単価,左官,所定労働時間内8時間あたり,人日,pref,05,秋田県,,,,17800,JPY,labor_wage_8h,published_pdl,25000,原本の下段(括弧書き): 公共工事設計労務単価+必要経費(法定福利費の事業主負担額、労務管理費、宿舎費等)(試算値),2013-04,2013-04-01,mlit-roumu-h25,p17(横長の表) / p8(縦長の表),https://www.mlit.go.jp/common/000993048.pdf,PDL1.0,,
9e0ed3d225c1620b,JP,labor,労務単価,配管工,所定労働時間内8時間あたり,人日,pref,05,秋田県,,,,15200,JPY,labor_wage_8h,published_pdl,21400,原本の下段(括弧書き): 公共工事設計労務単価+必要経費(法定福利費の事業主負担額、労務管理費、宿舎費等)(試算値),2013-04,2013-04-01,mlit-roumu-h25,p17(横長の表) / p8(縦長の表),https://www.mlit.go.jp/common/000993048.pdf,PDL1.0,,
1d2435f9f3e0e6a3,JP,labor,労務単価,はつり工,所定労働時間内8時間あたり,人日,pref,05,秋田県,,,,16000,JPY,labor_wage_8h,published_pdl,22500,原本の下段(括弧書き): 公共工事設計労務単価+必要経費(法定福利費の事業主負担額、労務管理費、宿舎費等)(試算値),2013-04,2013-04-01,mlit-roumu-h25,p17(横長の表) / p8(縦長の表),https://www.mlit.go.jp/common/000993048.pdf,PDL1.0,,
6da659d017cbf192,JP,labor,労務単価,防水工,所定労働時間内8時間あたり,人日,pref,05,秋田県,,,,15800,JPY,labor_wage_8h,published_pdl,22200,原本の下段(括弧書き): 公共工事設計労務単価+必要経費(法定福利費の事業主負担額、労務管理費、宿舎費等)(試算値),2013-04,2013-04-01,mlit-roumu-h25,p17(横長の表) / p8(縦長の表),https://www.mlit.go.jp/common/000993048.pdf,PDL1.0,,
1ab63b4fed2c382c,JP,labor,労務単価,板金工,所定労働時間内8時間あたり,人日,pref,05,秋田県,,,,16100,JPY,labor_wage_8h,published_pdl,22600,原本の下段(括弧書き): 公共工事設計労務単価+必要経費(法定福利費の事業主負担額、労務管理費、宿舎費等)(試算値),2013-04,2013-04-01,mlit-roumu-h25,p17(横長の表) / p8(縦長の表),https://www.mlit.go.jp/common/000993048.pdf,PDL1.0,,
287324f39a529461,JP,labor,労務単価,タイル工,所定労働時間内8時間あたり,人日,pref,05,秋田県,,,,16200,JPY,labor_wage_8h,published_pdl,22800,原本の下段(括弧書き): 公共工事設計労務単価+必要経費(法定福利費の事業主負担額、労務管理費、宿舎費等)(試算値),2013-04,2013-04-01,mlit-roumu-h25,p17(横長の表) / p8(縦長の表),https://www.mlit.go.jp/common/000993048.pdf,PDL1.0,,
c7a34a03716eb63a,JP,labor,労務単価,サッシ工,所定労働時間内8時間あたり,人日,pref,05,秋田県,,,,17600,JPY,labor_wage_8h,published_pdl,24700,原本の下段(括弧書き): 公共工事設計労務単価+必要経費(法定福利費の事業主負担額、労務管理費、宿舎費等)(試算値),2013-04,2013-04-01,mlit-roumu-h25,p18(横長の表) / p9(縦長の表),https://www.mlit.go.jp/common/000993048.pdf,PDL1.0,,
a7a4c7a5646e1c8c,JP,labor,労務単価,内装工,所定労働時間内8時間あたり,人日,pref,05,秋田県,,,,16000,JPY,labor_wage_8h,published_pdl,22500,原本の下段(括弧書き): 公共工事設計労務単価+必要経費(法定福利費の事業主負担額、労務管理費、宿舎費等)(試算値),2013-04,2013-04-01,mlit-roumu-h25,p18(横長の表) / p9(縦長の表),https://www.mlit.go.jp/common/000993048.pdf,PDL1.0,,
968383995635f3da,JP,labor,労務単価,ガラス工,所定労働時間内8時間あたり,人日,pref,05,秋田県,,,,15600,JPY,labor_wage_8h,published_pdl,21900,原本の下段(括弧書き): 公共工事設計労務単価+必要経費(法定福利費の事業主負担額、労務管理費、宿舎費等)(試算値),2013-04,2013-04-01,mlit-roumu-h25,p18(横長の表) / p9(縦長の表),https://www.mlit.go.jp/common/000993048.pdf,PDL1.0,,
12289126a52d9f1e,JP,labor,労務単価,建具工,所定労働時間内8時間あたり,人日,pref,05,秋田県,,,,14500,JPY,labor_wage_8h,published_pdl,20400,原本の下段(括弧書き): 公共工事設計労務単価+必要経費(法定福利費の事業主負担額、労務管理費、宿舎費等)(試算値),2013-04,2013-04-01,mlit-roumu-h25,p18(横長の表) / p9(縦長の表),https://www.mlit.go.jp/common/000993048.pdf,PDL1.0,,
4dec3ad6745fb755,JP,labor,労務単価,ダクト工,所定労働時間内8時間あたり,人日,pref,05,秋田県,,,,14900,JPY,labor_wage_8h,published_pdl,20900,原本の下段(括弧書き): 公共工事設計労務単価+必要経費(法定福利費の事業主負担額、労務管理費、宿舎費等)(試算値),2013-04,2013-04-01,mlit-roumu-h25,p18(横長の表) / p9(縦長の表),https://www.mlit.go.jp/common/000993048.pdf,PDL1.0,,
5be9fbd312d7fd61,JP,labor,労務単価,保温工,所定労働時間内8時間あたり,人日,pref,05,秋田県,,,,16100,JPY,labor_wage_8h,published_pdl,22600,原本の下段(括弧書き): 公共工事設計労務単価+必要経費(法定福利費の事業主負担額、労務管理費、宿舎費等)(試算値),2013-04,2013-04-01,mlit-roumu-h25,p18(横長の表) / p9(縦長の表),https://www.mlit.go.jp/common/000993048.pdf,PDL1.0,,
92ba1e7c3942ef23,JP,labor,労務単価,建築ブロック工,所定労働時間内8時間あたり,人日,pref,05,秋田県,,,,15800,JPY,labor_wage_8h,published_pdl,22200,原本の下段(括弧書き): 公共工事設計労務単価+必要経費(法定福利費の事業主負担額、労務管理費、宿舎費等)(試算値),2013-04,2013-04-01,mlit-roumu-h25,p18(横長の表) / p9(縦長の表),https://www.mlit.go.jp/common/000993048.pdf,PDL1.0,,
b0cc734c1bcd5699,JP,labor,労務単価,設備機械工,所定労働時間内8時間あたり,人日,pref,05,秋田県,,,,15800,JPY,labor_wage_8h,published_pdl,22200,原本の下段(括弧書き): 公共工事設計労務単価+必要経費(法定福利費の事業主負担額、労務管理費、宿舎費等)(試算値),2013-04,2013-04-01,mlit-roumu-h25,p18(横長の表) / p9(縦長の表),https://www.mlit.go.jp/common/000993048.pdf,PDL1.0,,
c39d8111f586f07b,JP,labor,労務単価,交通誘導員Ａ,所定労働時間内8時間あたり,人日,pref,05,秋田県,,,,8500,JPY,labor_wage_8h,published_pdl,12000,原本の下段(括弧書き): 公共工事設計労務単価+必要経費(法定福利費の事業主負担額、労務管理費、宿舎費等)(試算値),2013-04,2013-04-01,mlit-roumu-h25,p18(横長の表) / p9(縦長の表),https://www.mlit.go.jp/common/000993048.pdf,PDL1.0,,
69c8869a231c994a,JP,labor,労務単価,交通誘導員Ｂ,所定労働時間内8時間あたり,人日,pref,05,秋田県,,,,7900,JPY,labor_wage_8h,published_pdl,11100,原本の下段(括弧書き): 公共工事設計労務単価+必要経費(法定福利費の事業主負担額、労務管理費、宿舎費等)(試算値),2013-04,2013-04-01,mlit-roumu-h25,p18(横長の表) / p9(縦長の表),https://www.mlit.go.jp/common/000993048.pdf,PDL1.0,,
7daa2fa8f6d28162,JP,labor,労務単価,特殊作業員,所定労働時間内8時間あたり,人日,pref,06,山形県,,,,17200,JPY,labor_wage_8h,published_pdl,24200,原本の下段(括弧書き): 公共工事設計労務単価+必要経費(法定福利費の事業主負担額、労務管理費、宿舎費等)(試算値),2013-04,2013-04-01,mlit-roumu-h25,p16(横長の表) / p5(縦長の表),https://www.mlit.go.jp/common/000993048.pdf,PDL1.0,,
5fffdc5f9eb366ed,JP,labor,労務単価,普通作業員,所定労働時間内8時間あたり,人日,pref,06,山形県,,,,13500,JPY,labor_wage_8h,published_pdl,19000,原本の下段(括弧書き): 公共工事設計労務単価+必要経費(法定福利費の事業主負担額、労務管理費、宿舎費等)(試算値),2013-04,2013-04-01,mlit-roumu-h25,p16(横長の表) / p5(縦長の表),https://www.mlit.go.jp/common/000993048.pdf,PDL1.0,,
bc33fd24ea9fecef,JP,labor,労務単価,軽作業員,所定労働時間内8時間あたり,人日,pref,06,山形県,,,,11400,JPY,labor_wage_8h,published_pdl,16000,原本の下段(括弧書き): 公共工事設計労務単価+必要経費(法定福利費の事業主負担額、労務管理費、宿舎費等)(試算値),2013-04,2013-04-01,mlit-roumu-h25,p16(横長の表) / p5(縦長の表),https://www.mlit.go.jp/common/000993048.pdf,PDL1.0,,
cb848e0a6eb86260,JP,labor,労務単価,造園工,所定労働時間内8時間あたり,人日,pref,06,山形県,,,,16500,JPY,labor_wage_8h,published_pdl,23200,原本の下段(括弧書き): 公共工事設計労務単価+必要経費(法定福利費の事業主負担額、労務管理費、宿舎費等)(試算値),2013-04,2013-04-01,mlit-roumu-h25,p16(横長の表) / p5(縦長の表),https://www.mlit.go.jp/common/000993048.pdf,PDL1.0,,
6341ebfc05186460,JP,labor,労務単価,法面工,所定労働時間内8時間あたり,人日,pref,06,山形県,,,,17100,JPY,labor_wage_8h,published_pdl,24000,原本の下段(括弧書き): 公共工事設計労務単価+必要経費(法定福利費の事業主負担額、労務管理費、宿舎費等)(試算値),2013-04,2013-04-01,mlit-roumu-h25,p16(横長の表) / p5(縦長の表),https://www.mlit.go.jp/common/000993048.pdf,PDL1.0,,
69e974dab783b931,JP,labor,労務単価,とび工,所定労働時間内8時間あたり,人日,pref,06,山形県,,,,16200,JPY,labor_wage_8h,published_pdl,22800,原本の下段(括弧書き): 公共工事設計労務単価+必要経費(法定福利費の事業主負担額、労務管理費、宿舎費等)(試算値),2013-04,2013-04-01,mlit-roumu-h25,p16(横長の表) / p5(縦長の表),https://www.mlit.go.jp/common/000993048.pdf,PDL1.0,,
16dab8b1c7ac3abb,JP,labor,労務単価,石工,所定労働時間内8時間あたり,人日,pref,06,山形県,,,,20300,JPY,labor_wage_8h,published_pdl,28500,原本の下段(括弧書き): 公共工事設計労務単価+必要経費(法定福利費の事業主負担額、労務管理費、宿舎費等)(試算値),2013-04,2013-04-01,mlit-roumu-h25,p16(横長の表) / p5(縦長の表),https://www.mlit.go.jp/common/000993048.pdf,PDL1.0,,
9dcdd45d18539cc6,JP,labor,労務単価,ブロック工,所定労働時間内8時間あたり,人日,pref,06,山形県,,,,19700,JPY,labor_wage_8h,published_pdl,27700,原本の下段(括弧書き): 公共工事設計労務単価+必要経費(法定福利費の事業主負担額、労務管理費、宿舎費等)(試算値),2013-04,2013-04-01,mlit-roumu-h25,p16(横長の表) / p5(縦長の表),https://www.mlit.go.jp/common/000993048.pdf,PDL1.0,,
9950836cb810eb22,JP,labor,労務単価,電工,所定労働時間内8時間あたり,人日,pref,06,山形県,,,,16500,JPY,labor_wage_8h,published_pdl,23200,原本の下段(括弧書き): 公共工事設計労務単価+必要経費(法定福利費の事業主負担額、労務管理費、宿舎費等)(試算値),2013-04,2013-04-01,mlit-roumu-h25,p16(横長の表) / p5(縦長の表),https://www.mlit.go.jp/common/000993048.pdf,PDL1.0,,
9bfc22c06111a426,JP,labor,労務単価,鉄筋工,所定労働時間内8時間あたり,人日,pref,06,山形県,,,,18100,JPY,labor_wage_8h,published_pdl,25400,原本の下段(括弧書き): 公共工事設計労務単価+必要経費(法定福利費の事業主負担額、労務管理費、宿舎費等)(試算値),2013-04,2013-04-01,mlit-roumu-h25,p16(横長の表) / p5(縦長の表),https://www.mlit.go.jp/common/000993048.pdf,PDL1.0,,
ab5a3ab766af0fae,JP,labor,労務単価,鉄骨工,所定労働時間内8時間あたり,人日,pref,06,山形県,,,,16500,JPY,labor_wage_8h,published_pdl,23200,原本の下段(括弧書き): 公共工事設計労務単価+必要経費(法定福利費の事業主負担額、労務管理費、宿舎費等)(試算値),2013-04,2013-04-01,mlit-roumu-h25,p16(横長の表) / p6(縦長の表),https://www.mlit.go.jp/common/000993048.pdf,PDL1.0,,
de8c765c2e4b6fe2,JP,labor,労務単価,塗装工,所定労働時間内8時間あたり,人日,pref,06,山形県,,,,17600,JPY,labor_wage_8h,published_pdl,24700,原本の下段(括弧書き): 公共工事設計労務単価+必要経費(法定福利費の事業主負担額、労務管理費、宿舎費等)(試算値),2013-04,2013-04-01,mlit-roumu-h25,p16(横長の表) / p6(縦長の表),https://www.mlit.go.jp/common/000993048.pdf,PDL1.0,,
b0d45f7b69bb1113,JP,labor,労務単価,溶接工,所定労働時間内8時間あたり,人日,pref,06,山形県,,,,17700,JPY,labor_wage_8h,published_pdl,24900,原本の下段(括弧書き): 公共工事設計労務単価+必要経費(法定福利費の事業主負担額、労務管理費、宿舎費等)(試算値),2013-04,2013-04-01,mlit-roumu-h25,p16(横長の表) / p6(縦長の表),https://www.mlit.go.jp/common/000993048.pdf,PDL1.0,,
569d3f32a53b037b,JP,labor,労務単価,運転手（特殊）,所定労働時間内8時間あたり,人日,pref,06,山形県,,,,17800,JPY,labor_wage_8h,published_pdl,25000,原本の下段(括弧書き): 公共工事設計労務単価+必要経費(法定福利費の事業主負担額、労務管理費、宿舎費等)(試算値),2013-04,2013-04-01,mlit-roumu-h25,p16(横長の表) / p6(縦長の表),https://www.mlit.go.jp/common/000993048.pdf,PDL1.0,,
90e7d5294e972a2b,JP,labor,労務単価,運転手（一般）,所定労働時間内8時間あたり,人日,pref,06,山形県,,,,16100,JPY,labor_wage_8h,published_pdl,22600,原本の下段(括弧書き): 公共工事設計労務単価+必要経費(法定福利費の事業主負担額、労務管理費、宿舎費等)(試算値),2013-04,2013-04-01,mlit-roumu-h25,p16(横長の表) / p6(縦長の表),https://www.mlit.go.jp/common/000993048.pdf,PDL1.0,,
ec677daf7b127a24,JP,labor,労務単価,潜かん工,所定労働時間内8時間あたり,人日,pref,06,山形県,,,,23900,JPY,labor_wage_8h,published_pdl,33600,原本の下段(括弧書き): 公共工事設計労務単価+必要経費(法定福利費の事業主負担額、労務管理費、宿舎費等)(試算値),2013-04,2013-04-01,mlit-roumu-h25,p16(横長の表) / p6(縦長の表),https://www.mlit.go.jp/common/000993048.pdf,PDL1.0,,
04323866bbe27d20,JP,labor,労務単価,潜かん世話役,所定労働時間内8時間あたり,人日,pref,06,山形県,,,,28300,JPY,labor_wage_8h,published_pdl,39800,原本の下段(括弧書き): 公共工事設計労務単価+必要経費(法定福利費の事業主負担額、労務管理費、宿舎費等)(試算値),2013-04,2013-04-01,mlit-roumu-h25,p16(横長の表) / p6(縦長の表),https://www.mlit.go.jp/common/000993048.pdf,PDL1.0,,
84c40336353e6347,JP,labor,労務単価,さく岩工,所定労働時間内8時間あたり,人日,pref,06,山形県,,,,19500,JPY,labor_wage_8h,published_pdl,27400,原本の下段(括弧書き): 公共工事設計労務単価+必要経費(法定福利費の事業主負担額、労務管理費、宿舎費等)(試算値),2013-04,2013-04-01,mlit-roumu-h25,p16(横長の表) / p6(縦長の表),https://www.mlit.go.jp/common/000993048.pdf,PDL1.0,,
4c89704bd964e921,JP,labor,労務単価,トンネル特殊工,所定労働時間内8時間あたり,人日,pref,06,山形県,,,,24700,JPY,labor_wage_8h,published_pdl,34700,原本の下段(括弧書き): 公共工事設計労務単価+必要経費(法定福利費の事業主負担額、労務管理費、宿舎費等)(試算値),2013-04,2013-04-01,mlit-roumu-h25,p16(横長の表) / p6(縦長の表),https://www.mlit.go.jp/common/000993048.pdf,PDL1.0,,
7a0546e7c91ff351,JP,labor,労務単価,トンネル作業員,所定労働時間内8時間あたり,人日,pref,06,山形県,,,,18100,JPY,labor_wage_8h,published_pdl,25400,原本の下段(括弧書き): 公共工事設計労務単価+必要経費(法定福利費の事業主負担額、労務管理費、宿舎費等)(試算値),2013-04,2013-04-01,mlit-roumu-h25,p16(横長の表) / p6(縦長の表),https://www.mlit.go.jp/common/000993048.pdf,PDL1.0,,
4fa0703df3c8dbc6,JP,labor,労務単価,トンネル世話役,所定労働時間内8時間あたり,人日,pref,06,山形県,,,,25300,JPY,labor_wage_8h,published_pdl,35600,原本の下段(括弧書き): 公共工事設計労務単価+必要経費(法定福利費の事業主負担額、労務管理費、宿舎費等)(試算値),2013-04,2013-04-01,mlit-roumu-h25,p17(横長の表) / p7(縦長の表),https://www.mlit.go.jp/common/000993048.pdf,PDL1.0,,
611125fed67849b5,JP,labor,労務単価,橋りょう特殊工,所定労働時間内8時間あたり,人日,pref,06,山形県,,,,20700,JPY,labor_wage_8h,published_pdl,29100,原本の下段(括弧書き): 公共工事設計労務単価+必要経費(法定福利費の事業主負担額、労務管理費、宿舎費等)(試算値),2013-04,2013-04-01,mlit-roumu-h25,p17(横長の表) / p7(縦長の表),https://www.mlit.go.jp/common/000993048.pdf,PDL1.0,,
8346733fb95cda82,JP,labor,労務単価,橋りょう塗装工,所定労働時間内8時間あたり,人日,pref,06,山形県,,,,22200,JPY,labor_wage_8h,published_pdl,31200,原本の下段(括弧書き): 公共工事設計労務単価+必要経費(法定福利費の事業主負担額、労務管理費、宿舎費等)(試算値),2013-04,2013-04-01,mlit-roumu-h25,p17(横長の表) / p7(縦長の表),https://www.mlit.go.jp/common/000993048.pdf,PDL1.0,,
6a49cf39408f342a,JP,labor,労務単価,橋りょう世話役,所定労働時間内8時間あたり,人日,pref,06,山形県,,,,25200,JPY,labor_wage_8h,published_pdl,35400,原本の下段(括弧書き): 公共工事設計労務単価+必要経費(法定福利費の事業主負担額、労務管理費、宿舎費等)(試算値),2013-04,2013-04-01,mlit-roumu-h25,p17(横長の表) / p7(縦長の表),https://www.mlit.go.jp/common/000993048.pdf,PDL1.0,,
ee652da4f18fc2e6,JP,labor,労務単価,土木一般世話役,所定労働時間内8時間あたり,人日,pref,06,山形県,,,,20100,JPY,labor_wage_8h,published_pdl,28300,原本の下段(括弧書き): 公共工事設計労務単価+必要経費(法定福利費の事業主負担額、労務管理費、宿舎費等)(試算値),2013-04,2013-04-01,mlit-roumu-h25,p17(横長の表) / p7(縦長の表),https://www.mlit.go.jp/common/000993048.pdf,PDL1.0,,
d06d02789035a490,JP,labor,労務単価,高級船員,所定労働時間内8時間あたり,人日,pref,06,山形県,,,,21800,JPY,labor_wage_8h,published_pdl,30700,原本の下段(括弧書き): 公共工事設計労務単価+必要経費(法定福利費の事業主負担額、労務管理費、宿舎費等)(試算値),2013-04,2013-04-01,mlit-roumu-h25,p17(横長の表) / p7(縦長の表),https://www.mlit.go.jp/common/000993048.pdf,PDL1.0,,
2b21d8ec3dfc403f,JP,labor,労務単価,普通船員,所定労働時間内8時間あたり,人日,pref,06,山形県,,,,17800,JPY,labor_wage_8h,published_pdl,25000,原本の下段(括弧書き): 公共工事設計労務単価+必要経費(法定福利費の事業主負担額、労務管理費、宿舎費等)(試算値),2013-04,2013-04-01,mlit-roumu-h25,p17(横長の表) / p7(縦長の表),https://www.mlit.go.jp/common/000993048.pdf,PDL1.0,,
0568c8423b4fca1e,JP,labor,労務単価,潜水士,所定労働時間内8時間あたり,人日,pref,06,山形県,,,,33300,JPY,labor_wage_8h,published_pdl,46800,原本の下段(括弧書き): 公共工事設計労務単価+必要経費(法定福利費の事業主負担額、労務管理費、宿舎費等)(試算値),2013-04,2013-04-01,mlit-roumu-h25,p17(横長の表) / p7(縦長の表),https://www.mlit.go.jp/common/000993048.pdf,PDL1.0,,
43a95d2a3cb2271c,JP,labor,労務単価,潜水連絡員,所定労働時間内8時間あたり,人日,pref,06,山形県,,,,20500,JPY,labor_wage_8h,published_pdl,28800,原本の下段(括弧書き): 公共工事設計労務単価+必要経費(法定福利費の事業主負担額、労務管理費、宿舎費等)(試算値),2013-04,2013-04-01,mlit-roumu-h25,p17(横長の表) / p7(縦長の表),https://www.mlit.go.jp/common/000993048.pdf,PDL1.0,,
cfd050ac856ef0e2,JP,labor,労務単価,潜水送気員,所定労働時間内8時間あたり,人日,pref,06,山形県,,,,20800,JPY,labor_wage_8h,published_pdl,29200,原本の下段(括弧書き): 公共工事設計労務単価+必要経費(法定福利費の事業主負担額、労務管理費、宿舎費等)(試算値),2013-04,2013-04-01,mlit-roumu-h25,p17(横長の表) / p7(縦長の表),https://www.mlit.go.jp/common/000993048.pdf,PDL1.0,,
43a257318308fe2c,JP,labor,労務単価,山林砂防工,所定労働時間内8時間あたり,人日,pref,06,山形県,,,,,JPY,labor_wage_8h,not_set,,,2013-04,2013-04-01,mlit-roumu-h25,p17(横長の表) / p8(縦長の表),https://www.mlit.go.jp/common/000993048.pdf,PDL1.0,,原本の表で『-』(この都道府県ではこの職種の単価を設定していない)
16b1ce455aff644e,JP,labor,労務単価,軌道工,所定労働時間内8時間あたり,人日,pref,06,山形県,,,,19500,JPY,labor_wage_8h,published_pdl,27400,原本の下段(括弧書き): 公共工事設計労務単価+必要経費(法定福利費の事業主負担額、労務管理費、宿舎費等)(試算値),2013-04,2013-04-01,mlit-roumu-h25,p17(横長の表) / p8(縦長の表),https://www.mlit.go.jp/common/000993048.pdf,PDL1.0,,
21bc0cf9bb5ad00d,JP,labor,労務単価,型わく工,所定労働時間内8時間あたり,人日,pref,06,山形県,,,,18100,JPY,labor_wage_8h,published_pdl,25400,原本の下段(括弧書き): 公共工事設計労務単価+必要経費(法定福利費の事業主負担額、労務管理費、宿舎費等)(試算値),2013-04,2013-04-01,mlit-roumu-h25,p17(横長の表) / p8(縦長の表),https://www.mlit.go.jp/common/000993048.pdf,PDL1.0,,
561a4b429773703a,JP,labor,労務単価,大工,所定労働時間内8時間あたり,人日,pref,06,山形県,,,,16900,JPY,labor_wage_8h,published_pdl,23800,原本の下段(括弧書き): 公共工事設計労務単価+必要経費(法定福利費の事業主負担額、労務管理費、宿舎費等)(試算値),2013-04,2013-04-01,mlit-roumu-h25,p17(横長の表) / p8(縦長の表),https://www.mlit.go.jp/common/000993048.pdf,PDL1.0,,
2c85fde767f7e6d9,JP,labor,労務単価,左官,所定労働時間内8時間あたり,人日,pref,06,山形県,,,,17600,JPY,labor_wage_8h,published_pdl,24700,原本の下段(括弧書き): 公共工事設計労務単価+必要経費(法定福利費の事業主負担額、労務管理費、宿舎費等)(試算値),2013-04,2013-04-01,mlit-roumu-h25,p17(横長の表) / p8(縦長の表),https://www.mlit.go.jp/common/000993048.pdf,PDL1.0,,
8412cb12512f8d3a,JP,labor,労務単価,配管工,所定労働時間内8時間あたり,人日,pref,06,山形県,,,,16500,JPY,labor_wage_8h,published_pdl,23200,原本の下段(括弧書き): 公共工事設計労務単価+必要経費(法定福利費の事業主負担額、労務管理費、宿舎費等)(試算値),2013-04,2013-04-01,mlit-roumu-h25,p17(横長の表) / p8(縦長の表),https://www.mlit.go.jp/common/000993048.pdf,PDL1.0,,
7a7a9be4cd794ccf,JP,labor,労務単価,はつり工,所定労働時間内8時間あたり,人日,pref,06,山形県,,,,16000,JPY,labor_wage_8h,published_pdl,22500,原本の下段(括弧書き): 公共工事設計労務単価+必要経費(法定福利費の事業主負担額、労務管理費、宿舎費等)(試算値),2013-04,2013-04-01,mlit-roumu-h25,p17(横長の表) / p8(縦長の表),https://www.mlit.go.jp/common/000993048.pdf,PDL1.0,,
36990be9ddadee73,JP,labor,労務単価,防水工,所定労働時間内8時間あたり,人日,pref,06,山形県,,,,17700,JPY,labor_wage_8h,published_pdl,24900,原本の下段(括弧書き): 公共工事設計労務単価+必要経費(法定福利費の事業主負担額、労務管理費、宿舎費等)(試算値),2013-04,2013-04-01,mlit-roumu-h25,p17(横長の表) / p8(縦長の表),https://www.mlit.go.jp/common/000993048.pdf,PDL1.0,,
0c5df24f61fa8d21,JP,labor,労務単価,板金工,所定労働時間内8時間あたり,人日,pref,06,山形県,,,,16900,JPY,labor_wage_8h,published_pdl,23800,原本の下段(括弧書き): 公共工事設計労務単価+必要経費(法定福利費の事業主負担額、労務管理費、宿舎費等)(試算値),2013-04,2013-04-01,mlit-roumu-h25,p17(横長の表) / p8(縦長の表),https://www.mlit.go.jp/common/000993048.pdf,PDL1.0,,
9febca88865a1f83,JP,labor,労務単価,タイル工,所定労働時間内8時間あたり,人日,pref,06,山形県,,,,16500,JPY,labor_wage_8h,published_pdl,23200,原本の下段(括弧書き): 公共工事設計労務単価+必要経費(法定福利費の事業主負担額、労務管理費、宿舎費等)(試算値),2013-04,2013-04-01,mlit-roumu-h25,p17(横長の表) / p8(縦長の表),https://www.mlit.go.jp/common/000993048.pdf,PDL1.0,,
2284d0a23d5f1719,JP,labor,労務単価,サッシ工,所定労働時間内8時間あたり,人日,pref,06,山形県,,,,17800,JPY,labor_wage_8h,published_pdl,25000,原本の下段(括弧書き): 公共工事設計労務単価+必要経費(法定福利費の事業主負担額、労務管理費、宿舎費等)(試算値),2013-04,2013-04-01,mlit-roumu-h25,p18(横長の表) / p9(縦長の表),https://www.mlit.go.jp/common/000993048.pdf,PDL1.0,,
99aab5f2b8a5798b,JP,labor,労務単価,内装工,所定労働時間内8時間あたり,人日,pref,06,山形県,,,,17100,JPY,labor_wage_8h,published_pdl,24000,原本の下段(括弧書き): 公共工事設計労務単価+必要経費(法定福利費の事業主負担額、労務管理費、宿舎費等)(試算値),2013-04,2013-04-01,mlit-roumu-h25,p18(横長の表) / p9(縦長の表),https://www.mlit.go.jp/common/000993048.pdf,PDL1.0,,
4c355eecec22787a,JP,labor,労務単価,ガラス工,所定労働時間内8時間あたり,人日,pref,06,山形県,,,,15600,JPY,labor_wage_8h,published_pdl,21900,原本の下段(括弧書き): 公共工事設計労務単価+必要経費(法定福利費の事業主負担額、労務管理費、宿舎費等)(試算値),2013-04,2013-04-01,mlit-roumu-h25,p18(横長の表) / p9(縦長の表),https://www.mlit.go.jp/common/000993048.pdf,PDL1.0,,
5ae9782dce4d8014,JP,labor,労務単価,建具工,所定労働時間内8時間あたり,人日,pref,06,山形県,,,,14900,JPY,labor_wage_8h,published_pdl,20900,原本の下段(括弧書き): 公共工事設計労務単価+必要経費(法定福利費の事業主負担額、労務管理費、宿舎費等)(試算値),2013-04,2013-04-01,mlit-roumu-h25,p18(横長の表) / p9(縦長の表),https://www.mlit.go.jp/common/000993048.pdf,PDL1.0,,
543e1844fdc7df67,JP,labor,労務単価,ダクト工,所定労働時間内8時間あたり,人日,pref,06,山形県,,,,16500,JPY,labor_wage_8h,published_pdl,23200,原本の下段(括弧書き): 公共工事設計労務単価+必要経費(法定福利費の事業主負担額、労務管理費、宿舎費等)(試算値),2013-04,2013-04-01,mlit-roumu-h25,p18(横長の表) / p9(縦長の表),https://www.mlit.go.jp/common/000993048.pdf,PDL1.0,,
695cb5998bccbf13,JP,labor,労務単価,保温工,所定労働時間内8時間あたり,人日,pref,06,山形県,,,,16100,JPY,labor_wage_8h,published_pdl,22600,原本の下段(括弧書き): 公共工事設計労務単価+必要経費(法定福利費の事業主負担額、労務管理費、宿舎費等)(試算値),2013-04,2013-04-01,mlit-roumu-h25,p18(横長の表) / p9(縦長の表),https://www.mlit.go.jp/common/000993048.pdf,PDL1.0,,
b577fe7fe3f2f1e9,JP,labor,労務単価,建築ブロック工,所定労働時間内8時間あたり,人日,pref,06,山形県,,,,16000,JPY,labor_wage_8h,published_pdl,22500,原本の下段(括弧書き): 公共工事設計労務単価+必要経費(法定福利費の事業主負担額、労務管理費、宿舎費等)(試算値),2013-04,2013-04-01,mlit-roumu-h25,p18(横長の表) / p9(縦長の表),https://www.mlit.go.jp/common/000993048.pdf,PDL1.0,,
8e60cb6877cafe14,JP,labor,労務単価,設備機械工,所定労働時間内8時間あたり,人日,pref,06,山形県,,,,15900,JPY,labor_wage_8h,published_pdl,22400,原本の下段(括弧書き): 公共工事設計労務単価+必要経費(法定福利費の事業主負担額、労務管理費、宿舎費等)(試算値),2013-04,2013-04-01,mlit-roumu-h25,p18(横長の表) / p9(縦長の表),https://www.mlit.go.jp/common/000993048.pdf,PDL1.0,,
8c9457f36cd0c7ef,JP,labor,労務単価,交通誘導員Ａ,所定労働時間内8時間あたり,人日,pref,06,山形県,,,,9600,JPY,labor_wage_8h,published_pdl,13500,原本の下段(括弧書き): 公共工事設計労務単価+必要経費(法定福利費の事業主負担額、労務管理費、宿舎費等)(試算値),2013-04,2013-04-01,mlit-roumu-h25,p18(横長の表) / p9(縦長の表),https://www.mlit.go.jp/common/000993048.pdf,PDL1.0,,
f63a1a078ac15695,JP,labor,労務単価,交通誘導員Ｂ,所定労働時間内8時間あたり,人日,pref,06,山形県,,,,8900,JPY,labor_wage_8h,published_pdl,12500,原本の下段(括弧書き): 公共工事設計労務単価+必要経費(法定福利費の事業主負担額、労務管理費、宿舎費等)(試算値),2013-04,2013-04-01,mlit-roumu-h25,p18(横長の表) / p9(縦長の表),https://www.mlit.go.jp/common/000993048.pdf,PDL1.0,,
aef1493f1871d9aa,JP,labor,労務単価,特殊作業員,所定労働時間内8時間あたり,人日,pref,07,福島県,,,,19400,JPY,labor_wage_8h,published_pdl,27300,原本の下段(括弧書き): 公共工事設計労務単価+必要経費(法定福利費の事業主負担額、労務管理費、宿舎費等)(試算値),2013-04,2013-04-01,mlit-roumu-h25,p16(横長の表) / p5(縦長の表),https://www.mlit.go.jp/common/000993048.pdf,PDL1.0,,原本の縦長の表で丸括弧書き。(注)岩手県、宮城県、福島県における単価括弧書きは、労務費の上昇に伴う入札不調の増加が認められるため、入札不調に対応した単価を採用している。
ed8f200545ae13fe,JP,labor,労務単価,普通作業員,所定労働時間内8時間あたり,人日,pref,07,福島県,,,,15000,JPY,labor_wage_8h,published_pdl,21100,原本の下段(括弧書き): 公共工事設計労務単価+必要経費(法定福利費の事業主負担額、労務管理費、宿舎費等)(試算値),2013-04,2013-04-01,mlit-roumu-h25,p16(横長の表) / p5(縦長の表),https://www.mlit.go.jp/common/000993048.pdf,PDL1.0,,原本の縦長の表で丸括弧書き。(注)岩手県、宮城県、福島県における単価括弧書きは、労務費の上昇に伴う入札不調の増加が認められるため、入札不調に対応した単価を採用している。
c44e0f50f02f9bc8,JP,labor,労務単価,軽作業員,所定労働時間内8時間あたり,人日,pref,07,福島県,,,,12900,JPY,labor_wage_8h,published_pdl,18100,原本の下段(括弧書き): 公共工事設計労務単価+必要経費(法定福利費の事業主負担額、労務管理費、宿舎費等)(試算値),2013-04,2013-04-01,mlit-roumu-h25,p16(横長の表) / p5(縦長の表),https://www.mlit.go.jp/common/000993048.pdf,PDL1.0,,原本の縦長の表で丸括弧書き。(注)岩手県、宮城県、福島県における単価括弧書きは、労務費の上昇に伴う入札不調の増加が認められるため、入札不調に対応した単価を採用している。
0a49e3b560ae179a,JP,labor,労務単価,造園工,所定労働時間内8時間あたり,人日,pref,07,福島県,,,,17000,JPY,labor_wage_8h,published_pdl,23900,原本の下段(括弧書き): 公共工事設計労務単価+必要経費(法定福利費の事業主負担額、労務管理費、宿舎費等)(試算値),2013-04,2013-04-01,mlit-roumu-h25,p16(横長の表) / p5(縦長の表),https://www.mlit.go.jp/common/000993048.pdf,PDL1.0,,
b02cad0d22b17512,JP,labor,労務単価,法面工,所定労働時間内8時間あたり,人日,pref,07,福島県,,,,18900,JPY,labor_wage_8h,published_pdl,26600,原本の下段(括弧書き): 公共工事設計労務単価+必要経費(法定福利費の事業主負担額、労務管理費、宿舎費等)(試算値),2013-04,2013-04-01,mlit-roumu-h25,p16(横長の表) / p5(縦長の表),https://www.mlit.go.jp/common/000993048.pdf,PDL1.0,,
2f0217af2018b8df,JP,labor,労務単価,とび工,所定労働時間内8時間あたり,人日,pref,07,福島県,,,,17900,JPY,labor_wage_8h,published_pdl,25200,原本の下段(括弧書き): 公共工事設計労務単価+必要経費(法定福利費の事業主負担額、労務管理費、宿舎費等)(試算値),2013-04,2013-04-01,mlit-roumu-h25,p16(横長の表) / p5(縦長の表),https://www.mlit.go.jp/common/000993048.pdf,PDL1.0,,
7212686be95e6812,JP,labor,労務単価,石工,所定労働時間内8時間あたり,人日,pref,07,福島県,,,,20900,JPY,labor_wage_8h,published_pdl,29400,原本の下段(括弧書き): 公共工事設計労務単価+必要経費(法定福利費の事業主負担額、労務管理費、宿舎費等)(試算値),2013-04,2013-04-01,mlit-roumu-h25,p16(横長の表) / p5(縦長の表),https://www.mlit.go.jp/common/000993048.pdf,PDL1.0,,
2de45ad81c27c0d4,JP,labor,労務単価,ブロック工,所定労働時間内8時間あたり,人日,pref,07,福島県,,,,20100,JPY,labor_wage_8h,published_pdl,28300,原本の下段(括弧書き): 公共工事設計労務単価+必要経費(法定福利費の事業主負担額、労務管理費、宿舎費等)(試算値),2013-04,2013-04-01,mlit-roumu-h25,p16(横長の表) / p5(縦長の表),https://www.mlit.go.jp/common/000993048.pdf,PDL1.0,,
3c685853e62a4c5b,JP,labor,労務単価,電工,所定労働時間内8時間あたり,人日,pref,07,福島県,,,,16900,JPY,labor_wage_8h,published_pdl,23800,原本の下段(括弧書き): 公共工事設計労務単価+必要経費(法定福利費の事業主負担額、労務管理費、宿舎費等)(試算値),2013-04,2013-04-01,mlit-roumu-h25,p16(横長の表) / p5(縦長の表),https://www.mlit.go.jp/common/000993048.pdf,PDL1.0,,
bc0cd2d98a855eb1,JP,labor,労務単価,鉄筋工,所定労働時間内8時間あたり,人日,pref,07,福島県,,,,18600,JPY,labor_wage_8h,published_pdl,26200,原本の下段(括弧書き): 公共工事設計労務単価+必要経費(法定福利費の事業主負担額、労務管理費、宿舎費等)(試算値),2013-04,2013-04-01,mlit-roumu-h25,p16(横長の表) / p5(縦長の表),https://www.mlit.go.jp/common/000993048.pdf,PDL1.0,,
18b0c29d8acdc511,JP,labor,労務単価,鉄骨工,所定労働時間内8時間あたり,人日,pref,07,福島県,,,,16600,JPY,labor_wage_8h,published_pdl,23300,原本の下段(括弧書き): 公共工事設計労務単価+必要経費(法定福利費の事業主負担額、労務管理費、宿舎費等)(試算値),2013-04,2013-04-01,mlit-roumu-h25,p16(横長の表) / p6(縦長の表),https://www.mlit.go.jp/common/000993048.pdf,PDL1.0,,
c7f8307fc282dd41,JP,labor,労務単価,塗装工,所定労働時間内8時間あたり,人日,pref,07,福島県,,,,17900,JPY,labor_wage_8h,published_pdl,25200,原本の下段(括弧書き): 公共工事設計労務単価+必要経費(法定福利費の事業主負担額、労務管理費、宿舎費等)(試算値),2013-04,2013-04-01,mlit-roumu-h25,p16(横長の表) / p6(縦長の表),https://www.mlit.go.jp/common/000993048.pdf,PDL1.0,,
32027961deb6c69b,JP,labor,労務単価,溶接工,所定労働時間内8時間あたり,人日,pref,07,福島県,,,,17900,JPY,labor_wage_8h,published_pdl,25200,原本の下段(括弧書き): 公共工事設計労務単価+必要経費(法定福利費の事業主負担額、労務管理費、宿舎費等)(試算値),2013-04,2013-04-01,mlit-roumu-h25,p16(横長の表) / p6(縦長の表),https://www.mlit.go.jp/common/000993048.pdf,PDL1.0,,
f4004ba33e80a630,JP,labor,労務単価,運転手（特殊）,所定労働時間内8時間あたり,人日,pref,07,福島県,,,,18100,JPY,labor_wage_8h,published_pdl,25400,原本の下段(括弧書き): 公共工事設計労務単価+必要経費(法定福利費の事業主負担額、労務管理費、宿舎費等)(試算値),2013-04,2013-04-01,mlit-roumu-h25,p16(横長の表) / p6(縦長の表),https://www.mlit.go.jp/common/000993048.pdf,PDL1.0,,原本の縦長の表で丸括弧書き。(注)岩手県、宮城県、福島県における単価括弧書きは、労務費の上昇に伴う入札不調の増加が認められるため、入札不調に対応した単価を採用している。
b207d1c47aa69e1a,JP,labor,労務単価,運転手（一般）,所定労働時間内8時間あたり,人日,pref,07,福島県,,,,16300,JPY,labor_wage_8h,published_pdl,22900,原本の下段(括弧書き): 公共工事設計労務単価+必要経費(法定福利費の事業主負担額、労務管理費、宿舎費等)(試算値),2013-04,2013-04-01,mlit-roumu-h25,p16(横長の表) / p6(縦長の表),https://www.mlit.go.jp/common/000993048.pdf,PDL1.0,,原本の縦長の表で丸括弧書き。(注)岩手県、宮城県、福島県における単価括弧書きは、労務費の上昇に伴う入札不調の増加が認められるため、入札不調に対応した単価を採用している。
58a40d0c3980d7ad,JP,labor,労務単価,潜かん工,所定労働時間内8時間あたり,人日,pref,07,福島県,,,,23900,JPY,labor_wage_8h,published_pdl,33600,原本の下段(括弧書き): 公共工事設計労務単価+必要経費(法定福利費の事業主負担額、労務管理費、宿舎費等)(試算値),2013-04,2013-04-01,mlit-roumu-h25,p16(横長の表) / p6(縦長の表),https://www.mlit.go.jp/common/000993048.pdf,PDL1.0,,
8bab659c190f0db7,JP,labor,労務単価,潜かん世話役,所定労働時間内8時間あたり,人日,pref,07,福島県,,,,28300,JPY,labor_wage_8h,published_pdl,39800,原本の下段(括弧書き): 公共工事設計労務単価+必要経費(法定福利費の事業主負担額、労務管理費、宿舎費等)(試算値),2013-04,2013-04-01,mlit-roumu-h25,p16(横長の表) / p6(縦長の表),https://www.mlit.go.jp/common/000993048.pdf,PDL1.0,,
81d59657a0a2ea52,JP,labor,労務単価,さく岩工,所定労働時間内8時間あたり,人日,pref,07,福島県,,,,19500,JPY,labor_wage_8h,published_pdl,27400,原本の下段(括弧書き): 公共工事設計労務単価+必要経費(法定福利費の事業主負担額、労務管理費、宿舎費等)(試算値),2013-04,2013-04-01,mlit-roumu-h25,p16(横長の表) / p6(縦長の表),https://www.mlit.go.jp/common/000993048.pdf,PDL1.0,,
cdb190234fe8f3c7,JP,labor,労務単価,トンネル特殊工,所定労働時間内8時間あたり,人日,pref,07,福島県,,,,23100,JPY,labor_wage_8h,published_pdl,32500,原本の下段(括弧書き): 公共工事設計労務単価+必要経費(法定福利費の事業主負担額、労務管理費、宿舎費等)(試算値),2013-04,2013-04-01,mlit-roumu-h25,p16(横長の表) / p6(縦長の表),https://www.mlit.go.jp/common/000993048.pdf,PDL1.0,,
e820691cbaa5a105,JP,labor,労務単価,トンネル作業員,所定労働時間内8時間あたり,人日,pref,07,福島県,,,,18100,JPY,labor_wage_8h,published_pdl,25400,原本の下段(括弧書き): 公共工事設計労務単価+必要経費(法定福利費の事業主負担額、労務管理費、宿舎費等)(試算値),2013-04,2013-04-01,mlit-roumu-h25,p16(横長の表) / p6(縦長の表),https://www.mlit.go.jp/common/000993048.pdf,PDL1.0,,
397dffae9dbf640e,JP,labor,労務単価,トンネル世話役,所定労働時間内8時間あたり,人日,pref,07,福島県,,,,25300,JPY,labor_wage_8h,published_pdl,35600,原本の下段(括弧書き): 公共工事設計労務単価+必要経費(法定福利費の事業主負担額、労務管理費、宿舎費等)(試算値),2013-04,2013-04-01,mlit-roumu-h25,p17(横長の表) / p7(縦長の表),https://www.mlit.go.jp/common/000993048.pdf,PDL1.0,,
f1d7c18ead6d648c,JP,labor,労務単価,橋りょう特殊工,所定労働時間内8時間あたり,人日,pref,07,福島県,,,,20700,JPY,labor_wage_8h,published_pdl,29100,原本の下段(括弧書き): 公共工事設計労務単価+必要経費(法定福利費の事業主負担額、労務管理費、宿舎費等)(試算値),2013-04,2013-04-01,mlit-roumu-h25,p17(横長の表) / p7(縦長の表),https://www.mlit.go.jp/common/000993048.pdf,PDL1.0,,
d0101deaaafaf195,JP,labor,労務単価,橋りょう塗装工,所定労働時間内8時間あたり,人日,pref,07,福島県,,,,22200,JPY,labor_wage_8h,published_pdl,31200,原本の下段(括弧書き): 公共工事設計労務単価+必要経費(法定福利費の事業主負担額、労務管理費、宿舎費等)(試算値),2013-04,2013-04-01,mlit-roumu-h25,p17(横長の表) / p7(縦長の表),https://www.mlit.go.jp/common/000993048.pdf,PDL1.0,,
4c91a7d9d242c5f0,JP,labor,労務単価,橋りょう世話役,所定労働時間内8時間あたり,人日,pref,07,福島県,,,,25400,JPY,labor_wage_8h,published_pdl,35700,原本の下段(括弧書き): 公共工事設計労務単価+必要経費(法定福利費の事業主負担額、労務管理費、宿舎費等)(試算値),2013-04,2013-04-01,mlit-roumu-h25,p17(横長の表) / p7(縦長の表),https://www.mlit.go.jp/common/000993048.pdf,PDL1.0,,
f8fa1fff57c741dd,JP,labor,労務単価,土木一般世話役,所定労働時間内8時間あたり,人日,pref,07,福島県,,,,18900,JPY,labor_wage_8h,published_pdl,26600,原本の下段(括弧書き): 公共工事設計労務単価+必要経費(法定福利費の事業主負担額、労務管理費、宿舎費等)(試算値),2013-04,2013-04-01,mlit-roumu-h25,p17(横長の表) / p7(縦長の表),https://www.mlit.go.jp/common/000993048.pdf,PDL1.0,,
a726bd4d182237b3,JP,labor,労務単価,高級船員,所定労働時間内8時間あたり,人日,pref,07,福島県,,,,21800,JPY,labor_wage_8h,published_pdl,30700,原本の下段(括弧書き): 公共工事設計労務単価+必要経費(法定福利費の事業主負担額、労務管理費、宿舎費等)(試算値),2013-04,2013-04-01,mlit-roumu-h25,p17(横長の表) / p7(縦長の表),https://www.mlit.go.jp/common/000993048.pdf,PDL1.0,,
884eeb86076b90e8,JP,labor,労務単価,普通船員,所定労働時間内8時間あたり,人日,pref,07,福島県,,,,17800,JPY,labor_wage_8h,published_pdl,25000,原本の下段(括弧書き): 公共工事設計労務単価+必要経費(法定福利費の事業主負担額、労務管理費、宿舎費等)(試算値),2013-04,2013-04-01,mlit-roumu-h25,p17(横長の表) / p7(縦長の表),https://www.mlit.go.jp/common/000993048.pdf,PDL1.0,,
db058150e818ad92,JP,labor,労務単価,潜水士,所定労働時間内8時間あたり,人日,pref,07,福島県,,,,33600,JPY,labor_wage_8h,published_pdl,47200,原本の下段(括弧書き): 公共工事設計労務単価+必要経費(法定福利費の事業主負担額、労務管理費、宿舎費等)(試算値),2013-04,2013-04-01,mlit-roumu-h25,p17(横長の表) / p7(縦長の表),https://www.mlit.go.jp/common/000993048.pdf,PDL1.0,,
bc27f7d9245c371a,JP,labor,労務単価,潜水連絡員,所定労働時間内8時間あたり,人日,pref,07,福島県,,,,20700,JPY,labor_wage_8h,published_pdl,29100,原本の下段(括弧書き): 公共工事設計労務単価+必要経費(法定福利費の事業主負担額、労務管理費、宿舎費等)(試算値),2013-04,2013-04-01,mlit-roumu-h25,p17(横長の表) / p7(縦長の表),https://www.mlit.go.jp/common/000993048.pdf,PDL1.0,,
bad87c271f35597d,JP,labor,労務単価,潜水送気員,所定労働時間内8時間あたり,人日,pref,07,福島県,,,,21200,JPY,labor_wage_8h,published_pdl,29800,原本の下段(括弧書き): 公共工事設計労務単価+必要経費(法定福利費の事業主負担額、労務管理費、宿舎費等)(試算値),2013-04,2013-04-01,mlit-roumu-h25,p17(横長の表) / p7(縦長の表),https://www.mlit.go.jp/common/000993048.pdf,PDL1.0,,
24a0ecd81057f3fa,JP,labor,労務単価,山林砂防工,所定労働時間内8時間あたり,人日,pref,07,福島県,,,,19600,JPY,labor_wage_8h,published_pdl,27600,原本の下段(括弧書き): 公共工事設計労務単価+必要経費(法定福利費の事業主負担額、労務管理費、宿舎費等)(試算値),2013-04,2013-04-01,mlit-roumu-h25,p17(横長の表) / p8(縦長の表),https://www.mlit.go.jp/common/000993048.pdf,PDL1.0,,
f887373fce00b4c3,JP,labor,労務単価,軌道工,所定労働時間内8時間あたり,人日,pref,07,福島県,,,,26000,JPY,labor_wage_8h,published_pdl,36600,原本の下段(括弧書き): 公共工事設計労務単価+必要経費(法定福利費の事業主負担額、労務管理費、宿舎費等)(試算値),2013-04,2013-04-01,mlit-roumu-h25,p17(横長の表) / p8(縦長の表),https://www.mlit.go.jp/common/000993048.pdf,PDL1.0,,
ad27443e7e66af24,JP,labor,労務単価,型わく工,所定労働時間内8時間あたり,人日,pref,07,福島県,,,,17000,JPY,labor_wage_8h,published_pdl,23900,原本の下段(括弧書き): 公共工事設計労務単価+必要経費(法定福利費の事業主負担額、労務管理費、宿舎費等)(試算値),2013-04,2013-04-01,mlit-roumu-h25,p17(横長の表) / p8(縦長の表),https://www.mlit.go.jp/common/000993048.pdf,PDL1.0,,
248b23400eaa15cf,JP,labor,労務単価,大工,所定労働時間内8時間あたり,人日,pref,07,福島県,,,,18900,JPY,labor_wage_8h,published_pdl,26600,原本の下段(括弧書き): 公共工事設計労務単価+必要経費(法定福利費の事業主負担額、労務管理費、宿舎費等)(試算値),2013-04,2013-04-01,mlit-roumu-h25,p17(横長の表) / p8(縦長の表),https://www.mlit.go.jp/common/000993048.pdf,PDL1.0,,
17f09625c34d5054,JP,labor,労務単価,左官,所定労働時間内8時間あたり,人日,pref,07,福島県,,,,17900,JPY,labor_wage_8h,published_pdl,25200,原本の下段(括弧書き): 公共工事設計労務単価+必要経費(法定福利費の事業主負担額、労務管理費、宿舎費等)(試算値),2013-04,2013-04-01,mlit-roumu-h25,p17(横長の表) / p8(縦長の表),https://www.mlit.go.jp/common/000993048.pdf,PDL1.0,,
7916bda45183ae88,JP,labor,労務単価,配管工,所定労働時間内8時間あたり,人日,pref,07,福島県,,,,16900,JPY,labor_wage_8h,published_pdl,23800,原本の下段(括弧書き): 公共工事設計労務単価+必要経費(法定福利費の事業主負担額、労務管理費、宿舎費等)(試算値),2013-04,2013-04-01,mlit-roumu-h25,p17(横長の表) / p8(縦長の表),https://www.mlit.go.jp/common/000993048.pdf,PDL1.0,,
eb9b11fb4899c57f,JP,labor,労務単価,はつり工,所定労働時間内8時間あたり,人日,pref,07,福島県,,,,16200,JPY,labor_wage_8h,published_pdl,22800,原本の下段(括弧書き): 公共工事設計労務単価+必要経費(法定福利費の事業主負担額、労務管理費、宿舎費等)(試算値),2013-04,2013-04-01,mlit-roumu-h25,p17(横長の表) / p8(縦長の表),https://www.mlit.go.jp/common/000993048.pdf,PDL1.0,,
7e7f26824019f7aa,JP,labor,労務単価,防水工,所定労働時間内8時間あたり,人日,pref,07,福島県,,,,17700,JPY,labor_wage_8h,published_pdl,24900,原本の下段(括弧書き): 公共工事設計労務単価+必要経費(法定福利費の事業主負担額、労務管理費、宿舎費等)(試算値),2013-04,2013-04-01,mlit-roumu-h25,p17(横長の表) / p8(縦長の表),https://www.mlit.go.jp/common/000993048.pdf,PDL1.0,,
d24d06f9c5c42394,JP,labor,労務単価,板金工,所定労働時間内8時間あたり,人日,pref,07,福島県,,,,17400,JPY,labor_wage_8h,published_pdl,24500,原本の下段(括弧書き): 公共工事設計労務単価+必要経費(法定福利費の事業主負担額、労務管理費、宿舎費等)(試算値),2013-04,2013-04-01,mlit-roumu-h25,p17(横長の表) / p8(縦長の表),https://www.mlit.go.jp/common/000993048.pdf,PDL1.0,,
931a4a821ddbd6fa,JP,labor,労務単価,タイル工,所定労働時間内8時間あたり,人日,pref,07,福島県,,,,18200,JPY,labor_wage_8h,published_pdl,25600,原本の下段(括弧書き): 公共工事設計労務単価+必要経費(法定福利費の事業主負担額、労務管理費、宿舎費等)(試算値),2013-04,2013-04-01,mlit-roumu-h25,p17(横長の表) / p8(縦長の表),https://www.mlit.go.jp/common/000993048.pdf,PDL1.0,,
959dc74f4dd7158c,JP,labor,労務単価,サッシ工,所定労働時間内8時間あたり,人日,pref,07,福島県,,,,18400,JPY,labor_wage_8h,published_pdl,25900,原本の下段(括弧書き): 公共工事設計労務単価+必要経費(法定福利費の事業主負担額、労務管理費、宿舎費等)(試算値),2013-04,2013-04-01,mlit-roumu-h25,p18(横長の表) / p9(縦長の表),https://www.mlit.go.jp/common/000993048.pdf,PDL1.0,,
bfbffc4672bfa858,JP,labor,労務単価,内装工,所定労働時間内8時間あたり,人日,pref,07,福島県,,,,17700,JPY,labor_wage_8h,published_pdl,24900,原本の下段(括弧書き): 公共工事設計労務単価+必要経費(法定福利費の事業主負担額、労務管理費、宿舎費等)(試算値),2013-04,2013-04-01,mlit-roumu-h25,p18(横長の表) / p9(縦長の表),https://www.mlit.go.jp/common/000993048.pdf,PDL1.0,,
b030f78f4fe3b872,JP,labor,労務単価,ガラス工,所定労働時間内8時間あたり,人日,pref,07,福島県,,,,15600,JPY,labor_wage_8h,published_pdl,21900,原本の下段(括弧書き): 公共工事設計労務単価+必要経費(法定福利費の事業主負担額、労務管理費、宿舎費等)(試算値),2013-04,2013-04-01,mlit-roumu-h25,p18(横長の表) / p9(縦長の表),https://www.mlit.go.jp/common/000993048.pdf,PDL1.0,,
b8c156e6b45a6f3c,JP,labor,労務単価,建具工,所定労働時間内8時間あたり,人日,pref,07,福島県,,,,14400,JPY,labor_wage_8h,published_pdl,20200,原本の下段(括弧書き): 公共工事設計労務単価+必要経費(法定福利費の事業主負担額、労務管理費、宿舎費等)(試算値),2013-04,2013-04-01,mlit-roumu-h25,p18(横長の表) / p9(縦長の表),https://www.mlit.go.jp/common/000993048.pdf,PDL1.0,,
4d51fbff341dd717,JP,labor,労務単価,ダクト工,所定労働時間内8時間あたり,人日,pref,07,福島県,,,,16200,JPY,labor_wage_8h,published_pdl,22800,原本の下段(括弧書き): 公共工事設計労務単価+必要経費(法定福利費の事業主負担額、労務管理費、宿舎費等)(試算値),2013-04,2013-04-01,mlit-roumu-h25,p18(横長の表) / p9(縦長の表),https://www.mlit.go.jp/common/000993048.pdf,PDL1.0,,
7ea7b20399bd2818,JP,labor,労務単価,保温工,所定労働時間内8時間あたり,人日,pref,07,福島県,,,,16100,JPY,labor_wage_8h,published_pdl,22600,原本の下段(括弧書き): 公共工事設計労務単価+必要経費(法定福利費の事業主負担額、労務管理費、宿舎費等)(試算値),2013-04,2013-04-01,mlit-roumu-h25,p18(横長の表) / p9(縦長の表),https://www.mlit.go.jp/common/000993048.pdf,PDL1.0,,
4d78b30f16d4d850,JP,labor,労務単価,建築ブロック工,所定労働時間内8時間あたり,人日,pref,07,福島県,,,,15400,JPY,labor_wage_8h,published_pdl,21700,原本の下段(括弧書き): 公共工事設計労務単価+必要経費(法定福利費の事業主負担額、労務管理費、宿舎費等)(試算値),2013-04,2013-04-01,mlit-roumu-h25,p18(横長の表) / p9(縦長の表),https://www.mlit.go.jp/common/000993048.pdf,PDL1.0,,
99dba21fd9c55374,JP,labor,労務単価,設備機械工,所定労働時間内8時間あたり,人日,pref,07,福島県,,,,17000,JPY,labor_wage_8h,published_pdl,23900,原本の下段(括弧書き): 公共工事設計労務単価+必要経費(法定福利費の事業主負担額、労務管理費、宿舎費等)(試算値),2013-04,2013-04-01,mlit-roumu-h25,p18(横長の表) / p9(縦長の表),https://www.mlit.go.jp/common/000993048.pdf,PDL1.0,,
1c3e1292abf66dc6,JP,labor,労務単価,交通誘導員Ａ,所定労働時間内8時間あたり,人日,pref,07,福島県,,,,10300,JPY,labor_wage_8h,published_pdl,14500,原本の下段(括弧書き): 公共工事設計労務単価+必要経費(法定福利費の事業主負担額、労務管理費、宿舎費等)(試算値),2013-04,2013-04-01,mlit-roumu-h25,p18(横長の表) / p9(縦長の表),https://www.mlit.go.jp/common/000993048.pdf,PDL1.0,,原本の縦長の表で丸括弧書き。(注)岩手県、宮城県、福島県における単価括弧書きは、労務費の上昇に伴う入札不調の増加が認められるため、入札不調に対応した単価を採用している。
681ffe777d4a3205,JP,labor,労務単価,交通誘導員Ｂ,所定労働時間内8時間あたり,人日,pref,07,福島県,,,,9600,JPY,labor_wage_8h,published_pdl,13500,原本の下段(括弧書き): 公共工事設計労務単価+必要経費(法定福利費の事業主負担額、労務管理費、宿舎費等)(試算値),2013-04,2013-04-01,mlit-roumu-h25,p18(横長の表) / p9(縦長の表),https://www.mlit.go.jp/common/000993048.pdf,PDL1.0,,原本の縦長の表で丸括弧書き。(注)岩手県、宮城県、福島県における単価括弧書きは、労務費の上昇に伴う入札不調の増加が認められるため、入札不調に対応した単価を採用している。
a2e957e9fe102252,JP,labor,労務単価,特殊作業員,所定労働時間内8時間あたり,人日,pref,08,茨城県,,,,18100,JPY,labor_wage_8h,published_pdl,25400,原本の下段(括弧書き): 公共工事設計労務単価+必要経費(法定福利費の事業主負担額、労務管理費、宿舎費等)(試算値),2013-04,2013-04-01,mlit-roumu-h25,p16(横長の表) / p5(縦長の表),https://www.mlit.go.jp/common/000993048.pdf,PDL1.0,,
9a47b4fda4627349,JP,labor,労務単価,普通作業員,所定労働時間内8時間あたり,人日,pref,08,茨城県,,,,16100,JPY,labor_wage_8h,published_pdl,22600,原本の下段(括弧書き): 公共工事設計労務単価+必要経費(法定福利費の事業主負担額、労務管理費、宿舎費等)(試算値),2013-04,2013-04-01,mlit-roumu-h25,p16(横長の表) / p5(縦長の表),https://www.mlit.go.jp/common/000993048.pdf,PDL1.0,,
68621643c48496d3,JP,labor,労務単価,軽作業員,所定労働時間内8時間あたり,人日,pref,08,茨城県,,,,11300,JPY,labor_wage_8h,published_pdl,15900,原本の下段(括弧書き): 公共工事設計労務単価+必要経費(法定福利費の事業主負担額、労務管理費、宿舎費等)(試算値),2013-04,2013-04-01,mlit-roumu-h25,p16(横長の表) / p5(縦長の表),https://www.mlit.go.jp/common/000993048.pdf,PDL1.0,,
7fc3e2469ab74c4d,JP,labor,労務単価,造園工,所定労働時間内8時間あたり,人日,pref,08,茨城県,,,,18200,JPY,labor_wage_8h,published_pdl,25600,原本の下段(括弧書き): 公共工事設計労務単価+必要経費(法定福利費の事業主負担額、労務管理費、宿舎費等)(試算値),2013-04,2013-04-01,mlit-roumu-h25,p16(横長の表) / p5(縦長の表),https://www.mlit.go.jp/common/000993048.pdf,PDL1.0,,
be9d24585ef123bd,JP,labor,労務単価,法面工,所定労働時間内8時間あたり,人日,pref,08,茨城県,,,,19400,JPY,labor_wage_8h,published_pdl,27300,原本の下段(括弧書き): 公共工事設計労務単価+必要経費(法定福利費の事業主負担額、労務管理費、宿舎費等)(試算値),2013-04,2013-04-01,mlit-roumu-h25,p16(横長の表) / p5(縦長の表),https://www.mlit.go.jp/common/000993048.pdf,PDL1.0,,
c59cab0078685298,JP,labor,労務単価,とび工,所定労働時間内8時間あたり,人日,pref,08,茨城県,,,,20600,JPY,labor_wage_8h,published_pdl,29000,原本の下段(括弧書き): 公共工事設計労務単価+必要経費(法定福利費の事業主負担額、労務管理費、宿舎費等)(試算値),2013-04,2013-04-01,mlit-roumu-h25,p16(横長の表) / p5(縦長の表),https://www.mlit.go.jp/common/000993048.pdf,PDL1.0,,
a5ddfbd697c83285,JP,labor,労務単価,石工,所定労働時間内8時間あたり,人日,pref,08,茨城県,,,,22900,JPY,labor_wage_8h,published_pdl,32200,原本の下段(括弧書き): 公共工事設計労務単価+必要経費(法定福利費の事業主負担額、労務管理費、宿舎費等)(試算値),2013-04,2013-04-01,mlit-roumu-h25,p16(横長の表) / p5(縦長の表),https://www.mlit.go.jp/common/000993048.pdf,PDL1.0,,
e33540452361cdbb,JP,labor,労務単価,ブロック工,所定労働時間内8時間あたり,人日,pref,08,茨城県,,,,21300,JPY,labor_wage_8h,published_pdl,29900,原本の下段(括弧書き): 公共工事設計労務単価+必要経費(法定福利費の事業主負担額、労務管理費、宿舎費等)(試算値),2013-04,2013-04-01,mlit-roumu-h25,p16(横長の表) / p5(縦長の表),https://www.mlit.go.jp/common/000993048.pdf,PDL1.0,,
a46625261f1a9643,JP,labor,労務単価,電工,所定労働時間内8時間あたり,人日,pref,08,茨城県,,,,18500,JPY,labor_wage_8h,published_pdl,26000,原本の下段(括弧書き): 公共工事設計労務単価+必要経費(法定福利費の事業主負担額、労務管理費、宿舎費等)(試算値),2013-04,2013-04-01,mlit-roumu-h25,p16(横長の表) / p5(縦長の表),https://www.mlit.go.jp/common/000993048.pdf,PDL1.0,,
c131aabe8cc80532,JP,labor,労務単価,鉄筋工,所定労働時間内8時間あたり,人日,pref,08,茨城県,,,,20300,JPY,labor_wage_8h,published_pdl,28500,原本の下段(括弧書き): 公共工事設計労務単価+必要経費(法定福利費の事業主負担額、労務管理費、宿舎費等)(試算値),2013-04,2013-04-01,mlit-roumu-h25,p16(横長の表) / p5(縦長の表),https://www.mlit.go.jp/common/000993048.pdf,PDL1.0,,
4da1f44f894933ee,JP,labor,労務単価,鉄骨工,所定労働時間内8時間あたり,人日,pref,08,茨城県,,,,18900,JPY,labor_wage_8h,published_pdl,26600,原本の下段(括弧書き): 公共工事設計労務単価+必要経費(法定福利費の事業主負担額、労務管理費、宿舎費等)(試算値),2013-04,2013-04-01,mlit-roumu-h25,p16(横長の表) / p6(縦長の表),https://www.mlit.go.jp/common/000993048.pdf,PDL1.0,,
b158eb619d4aac15,JP,labor,労務単価,塗装工,所定労働時間内8時間あたり,人日,pref,08,茨城県,,,,20100,JPY,labor_wage_8h,published_pdl,28300,原本の下段(括弧書き): 公共工事設計労務単価+必要経費(法定福利費の事業主負担額、労務管理費、宿舎費等)(試算値),2013-04,2013-04-01,mlit-roumu-h25,p16(横長の表) / p6(縦長の表),https://www.mlit.go.jp/common/000993048.pdf,PDL1.0,,
ededee33bf7bb1d8,JP,labor,労務単価,溶接工,所定労働時間内8時間あたり,人日,pref,08,茨城県,,,,22100,JPY,labor_wage_8h,published_pdl,31100,原本の下段(括弧書き): 公共工事設計労務単価+必要経費(法定福利費の事業主負担額、労務管理費、宿舎費等)(試算値),2013-04,2013-04-01,mlit-roumu-h25,p16(横長の表) / p6(縦長の表),https://www.mlit.go.jp/common/000993048.pdf,PDL1.0,,
742eecd8481c1bd6,JP,labor,労務単価,運転手（特殊）,所定労働時間内8時間あたり,人日,pref,08,茨城県,,,,18800,JPY,labor_wage_8h,published_pdl,26400,原本の下段(括弧書き): 公共工事設計労務単価+必要経費(法定福利費の事業主負担額、労務管理費、宿舎費等)(試算値),2013-04,2013-04-01,mlit-roumu-h25,p16(横長の表) / p6(縦長の表),https://www.mlit.go.jp/common/000993048.pdf,PDL1.0,,
b87384f1ba9ccccf,JP,labor,労務単価,運転手（一般）,所定労働時間内8時間あたり,人日,pref,08,茨城県,,,,16200,JPY,labor_wage_8h,published_pdl,22800,原本の下段(括弧書き): 公共工事設計労務単価+必要経費(法定福利費の事業主負担額、労務管理費、宿舎費等)(試算値),2013-04,2013-04-01,mlit-roumu-h25,p16(横長の表) / p6(縦長の表),https://www.mlit.go.jp/common/000993048.pdf,PDL1.0,,
77d61c72e665e313,JP,labor,労務単価,潜かん工,所定労働時間内8時間あたり,人日,pref,08,茨城県,,,,23900,JPY,labor_wage_8h,published_pdl,33600,原本の下段(括弧書き): 公共工事設計労務単価+必要経費(法定福利費の事業主負担額、労務管理費、宿舎費等)(試算値),2013-04,2013-04-01,mlit-roumu-h25,p16(横長の表) / p6(縦長の表),https://www.mlit.go.jp/common/000993048.pdf,PDL1.0,,
c31e9cde3ed722b8,JP,labor,労務単価,潜かん世話役,所定労働時間内8時間あたり,人日,pref,08,茨城県,,,,28400,JPY,labor_wage_8h,published_pdl,39900,原本の下段(括弧書き): 公共工事設計労務単価+必要経費(法定福利費の事業主負担額、労務管理費、宿舎費等)(試算値),2013-04,2013-04-01,mlit-roumu-h25,p16(横長の表) / p6(縦長の表),https://www.mlit.go.jp/common/000993048.pdf,PDL1.0,,
f3870f4e48818b77,JP,labor,労務単価,さく岩工,所定労働時間内8時間あたり,人日,pref,08,茨城県,,,,21700,JPY,labor_wage_8h,published_pdl,30500,原本の下段(括弧書き): 公共工事設計労務単価+必要経費(法定福利費の事業主負担額、労務管理費、宿舎費等)(試算値),2013-04,2013-04-01,mlit-roumu-h25,p16(横長の表) / p6(縦長の表),https://www.mlit.go.jp/common/000993048.pdf,PDL1.0,,
011014c74ec14fa0,JP,labor,労務単価,トンネル特殊工,所定労働時間内8時間あたり,人日,pref,08,茨城県,,,,22900,JPY,labor_wage_8h,published_pdl,32200,原本の下段(括弧書き): 公共工事設計労務単価+必要経費(法定福利費の事業主負担額、労務管理費、宿舎費等)(試算値),2013-04,2013-04-01,mlit-roumu-h25,p16(横長の表) / p6(縦長の表),https://www.mlit.go.jp/common/000993048.pdf,PDL1.0,,
5d32eb538dec2585,JP,labor,労務単価,トンネル作業員,所定労働時間内8時間あたり,人日,pref,08,茨城県,,,,19400,JPY,labor_wage_8h,published_pdl,27300,原本の下段(括弧書き): 公共工事設計労務単価+必要経費(法定福利費の事業主負担額、労務管理費、宿舎費等)(試算値),2013-04,2013-04-01,mlit-roumu-h25,p16(横長の表) / p6(縦長の表),https://www.mlit.go.jp/common/000993048.pdf,PDL1.0,,
71a182b5240515a8,JP,labor,労務単価,トンネル世話役,所定労働時間内8時間あたり,人日,pref,08,茨城県,,,,25700,JPY,labor_wage_8h,published_pdl,36100,原本の下段(括弧書き): 公共工事設計労務単価+必要経費(法定福利費の事業主負担額、労務管理費、宿舎費等)(試算値),2013-04,2013-04-01,mlit-roumu-h25,p17(横長の表) / p7(縦長の表),https://www.mlit.go.jp/common/000993048.pdf,PDL1.0,,
0889101c8eb405f6,JP,labor,労務単価,橋りょう特殊工,所定労働時間内8時間あたり,人日,pref,08,茨城県,,,,23900,JPY,labor_wage_8h,published_pdl,33600,原本の下段(括弧書き): 公共工事設計労務単価+必要経費(法定福利費の事業主負担額、労務管理費、宿舎費等)(試算値),2013-04,2013-04-01,mlit-roumu-h25,p17(横長の表) / p7(縦長の表),https://www.mlit.go.jp/common/000993048.pdf,PDL1.0,,
7b820bdece4784e9,JP,labor,労務単価,橋りょう塗装工,所定労働時間内8時間あたり,人日,pref,08,茨城県,,,,24900,JPY,labor_wage_8h,published_pdl,35000,原本の下段(括弧書き): 公共工事設計労務単価+必要経費(法定福利費の事業主負担額、労務管理費、宿舎費等)(試算値),2013-04,2013-04-01,mlit-roumu-h25,p17(横長の表) / p7(縦長の表),https://www.mlit.go.jp/common/000993048.pdf,PDL1.0,,
c275563736aec96f,JP,labor,労務単価,橋りょう世話役,所定労働時間内8時間あたり,人日,pref,08,茨城県,,,,26700,JPY,labor_wage_8h,published_pdl,37500,原本の下段(括弧書き): 公共工事設計労務単価+必要経費(法定福利費の事業主負担額、労務管理費、宿舎費等)(試算値),2013-04,2013-04-01,mlit-roumu-h25,p17(横長の表) / p7(縦長の表),https://www.mlit.go.jp/common/000993048.pdf,PDL1.0,,
36a8d524610c6725,JP,labor,労務単価,土木一般世話役,所定労働時間内8時間あたり,人日,pref,08,茨城県,,,,20300,JPY,labor_wage_8h,published_pdl,28500,原本の下段(括弧書き): 公共工事設計労務単価+必要経費(法定福利費の事業主負担額、労務管理費、宿舎費等)(試算値),2013-04,2013-04-01,mlit-roumu-h25,p17(横長の表) / p7(縦長の表),https://www.mlit.go.jp/common/000993048.pdf,PDL1.0,,
fd8c7f09b7a12346,JP,labor,労務単価,高級船員,所定労働時間内8時間あたり,人日,pref,08,茨城県,,,,25900,JPY,labor_wage_8h,published_pdl,36400,原本の下段(括弧書き): 公共工事設計労務単価+必要経費(法定福利費の事業主負担額、労務管理費、宿舎費等)(試算値),2013-04,2013-04-01,mlit-roumu-h25,p17(横長の表) / p7(縦長の表),https://www.mlit.go.jp/common/000993048.pdf,PDL1.0,,
6e8e9745c3488aaf,JP,labor,労務単価,普通船員,所定労働時間内8時間あたり,人日,pref,08,茨城県,,,,20200,JPY,labor_wage_8h,published_pdl,28400,原本の下段(括弧書き): 公共工事設計労務単価+必要経費(法定福利費の事業主負担額、労務管理費、宿舎費等)(試算値),2013-04,2013-04-01,mlit-roumu-h25,p17(横長の表) / p7(縦長の表),https://www.mlit.go.jp/common/000993048.pdf,PDL1.0,,
9122d215a51a2308,JP,labor,労務単価,潜水士,所定労働時間内8時間あたり,人日,pref,08,茨城県,,,,30500,JPY,labor_wage_8h,published_pdl,42900,原本の下段(括弧書き): 公共工事設計労務単価+必要経費(法定福利費の事業主負担額、労務管理費、宿舎費等)(試算値),2013-04,2013-04-01,mlit-roumu-h25,p17(横長の表) / p7(縦長の表),https://www.mlit.go.jp/common/000993048.pdf,PDL1.0,,
5d69c81e6d8863b7,JP,labor,労務単価,潜水連絡員,所定労働時間内8時間あたり,人日,pref,08,茨城県,,,,19500,JPY,labor_wage_8h,published_pdl,27400,原本の下段(括弧書き): 公共工事設計労務単価+必要経費(法定福利費の事業主負担額、労務管理費、宿舎費等)(試算値),2013-04,2013-04-01,mlit-roumu-h25,p17(横長の表) / p7(縦長の表),https://www.mlit.go.jp/common/000993048.pdf,PDL1.0,,
1a59338f43459956,JP,labor,労務単価,潜水送気員,所定労働時間内8時間あたり,人日,pref,08,茨城県,,,,21400,JPY,labor_wage_8h,published_pdl,30100,原本の下段(括弧書き): 公共工事設計労務単価+必要経費(法定福利費の事業主負担額、労務管理費、宿舎費等)(試算値),2013-04,2013-04-01,mlit-roumu-h25,p17(横長の表) / p7(縦長の表),https://www.mlit.go.jp/common/000993048.pdf,PDL1.0,,
3a32cf72eabc8f7e,JP,labor,労務単価,山林砂防工,所定労働時間内8時間あたり,人日,pref,08,茨城県,,,,23500,JPY,labor_wage_8h,published_pdl,33000,原本の下段(括弧書き): 公共工事設計労務単価+必要経費(法定福利費の事業主負担額、労務管理費、宿舎費等)(試算値),2013-04,2013-04-01,mlit-roumu-h25,p17(横長の表) / p8(縦長の表),https://www.mlit.go.jp/common/000993048.pdf,PDL1.0,,
abc3fd3ae3a31f9e,JP,labor,労務単価,軌道工,所定労働時間内8時間あたり,人日,pref,08,茨城県,,,,36500,JPY,labor_wage_8h,published_pdl,51300,原本の下段(括弧書き): 公共工事設計労務単価+必要経費(法定福利費の事業主負担額、労務管理費、宿舎費等)(試算値),2013-04,2013-04-01,mlit-roumu-h25,p17(横長の表) / p8(縦長の表),https://www.mlit.go.jp/common/000993048.pdf,PDL1.0,,
47d0939736d50f1b,JP,labor,労務単価,型わく工,所定労働時間内8時間あたり,人日,pref,08,茨城県,,,,20000,JPY,labor_wage_8h,published_pdl,28100,原本の下段(括弧書き): 公共工事設計労務単価+必要経費(法定福利費の事業主負担額、労務管理費、宿舎費等)(試算値),2013-04,2013-04-01,mlit-roumu-h25,p17(横長の表) / p8(縦長の表),https://www.mlit.go.jp/common/000993048.pdf,PDL1.0,,
76b3a80b1dba931e,JP,labor,労務単価,大工,所定労働時間内8時間あたり,人日,pref,08,茨城県,,,,20800,JPY,labor_wage_8h,published_pdl,29200,原本の下段(括弧書き): 公共工事設計労務単価+必要経費(法定福利費の事業主負担額、労務管理費、宿舎費等)(試算値),2013-04,2013-04-01,mlit-roumu-h25,p17(横長の表) / p8(縦長の表),https://www.mlit.go.jp/common/000993048.pdf,PDL1.0,,
a5e758b9715be2d6,JP,labor,労務単価,左官,所定労働時間内8時間あたり,人日,pref,08,茨城県,,,,21400,JPY,labor_wage_8h,published_pdl,30100,原本の下段(括弧書き): 公共工事設計労務単価+必要経費(法定福利費の事業主負担額、労務管理費、宿舎費等)(試算値),2013-04,2013-04-01,mlit-roumu-h25,p17(横長の表) / p8(縦長の表),https://www.mlit.go.jp/common/000993048.pdf,PDL1.0,,
d191c401db6d7df9,JP,labor,労務単価,配管工,所定労働時間内8時間あたり,人日,pref,08,茨城県,,,,18100,JPY,labor_wage_8h,published_pdl,25400,原本の下段(括弧書き): 公共工事設計労務単価+必要経費(法定福利費の事業主負担額、労務管理費、宿舎費等)(試算値),2013-04,2013-04-01,mlit-roumu-h25,p17(横長の表) / p8(縦長の表),https://www.mlit.go.jp/common/000993048.pdf,PDL1.0,,
6396a7b209aa9e81,JP,labor,労務単価,はつり工,所定労働時間内8時間あたり,人日,pref,08,茨城県,,,,19100,JPY,labor_wage_8h,published_pdl,26900,原本の下段(括弧書き): 公共工事設計労務単価+必要経費(法定福利費の事業主負担額、労務管理費、宿舎費等)(試算値),2013-04,2013-04-01,mlit-roumu-h25,p17(横長の表) / p8(縦長の表),https://www.mlit.go.jp/common/000993048.pdf,PDL1.0,,
51bacd4d39d1255c,JP,labor,労務単価,防水工,所定労働時間内8時間あたり,人日,pref,08,茨城県,,,,21600,JPY,labor_wage_8h,published_pdl,30400,原本の下段(括弧書き): 公共工事設計労務単価+必要経費(法定福利費の事業主負担額、労務管理費、宿舎費等)(試算値),2013-04,2013-04-01,mlit-roumu-h25,p17(横長の表) / p8(縦長の表),https://www.mlit.go.jp/common/000993048.pdf,PDL1.0,,
5a7ffb0cec1062dc,JP,labor,労務単価,板金工,所定労働時間内8時間あたり,人日,pref,08,茨城県,,,,21600,JPY,labor_wage_8h,published_pdl,30400,原本の下段(括弧書き): 公共工事設計労務単価+必要経費(法定福利費の事業主負担額、労務管理費、宿舎費等)(試算値),2013-04,2013-04-01,mlit-roumu-h25,p17(横長の表) / p8(縦長の表),https://www.mlit.go.jp/common/000993048.pdf,PDL1.0,,
5d7f414c2bd7b49a,JP,labor,労務単価,タイル工,所定労働時間内8時間あたり,人日,pref,08,茨城県,,,,21600,JPY,labor_wage_8h,published_pdl,30400,原本の下段(括弧書き): 公共工事設計労務単価+必要経費(法定福利費の事業主負担額、労務管理費、宿舎費等)(試算値),2013-04,2013-04-01,mlit-roumu-h25,p17(横長の表) / p8(縦長の表),https://www.mlit.go.jp/common/000993048.pdf,PDL1.0,,
05785bf60d7fe5c5,JP,labor,労務単価,サッシ工,所定労働時間内8時間あたり,人日,pref,08,茨城県,,,,20700,JPY,labor_wage_8h,published_pdl,29100,原本の下段(括弧書き): 公共工事設計労務単価+必要経費(法定福利費の事業主負担額、労務管理費、宿舎費等)(試算値),2013-04,2013-04-01,mlit-roumu-h25,p18(横長の表) / p9(縦長の表),https://www.mlit.go.jp/common/000993048.pdf,PDL1.0,,
e3c0c0d9aad434bb,JP,labor,労務単価,内装工,所定労働時間内8時間あたり,人日,pref,08,茨城県,,,,21300,JPY,labor_wage_8h,published_pdl,29900,原本の下段(括弧書き): 公共工事設計労務単価+必要経費(法定福利費の事業主負担額、労務管理費、宿舎費等)(試算値),2013-04,2013-04-01,mlit-roumu-h25,p18(横長の表) / p9(縦長の表),https://www.mlit.go.jp/common/000993048.pdf,PDL1.0,,
f5fee3f62d384ad1,JP,labor,労務単価,ガラス工,所定労働時間内8時間あたり,人日,pref,08,茨城県,,,,19800,JPY,labor_wage_8h,published_pdl,27800,原本の下段(括弧書き): 公共工事設計労務単価+必要経費(法定福利費の事業主負担額、労務管理費、宿舎費等)(試算値),2013-04,2013-04-01,mlit-roumu-h25,p18(横長の表) / p9(縦長の表),https://www.mlit.go.jp/common/000993048.pdf,PDL1.0,,
ff9af6ac856352ac,JP,labor,労務単価,建具工,所定労働時間内8時間あたり,人日,pref,08,茨城県,,,,22200,JPY,labor_wage_8h,published_pdl,31200,原本の下段(括弧書き): 公共工事設計労務単価+必要経費(法定福利費の事業主負担額、労務管理費、宿舎費等)(試算値),2013-04,2013-04-01,mlit-roumu-h25,p18(横長の表) / p9(縦長の表),https://www.mlit.go.jp/common/000993048.pdf,PDL1.0,,
80673a338b308725,JP,labor,労務単価,ダクト工,所定労働時間内8時間あたり,人日,pref,08,茨城県,,,,18500,JPY,labor_wage_8h,published_pdl,26000,原本の下段(括弧書き): 公共工事設計労務単価+必要経費(法定福利費の事業主負担額、労務管理費、宿舎費等)(試算値),2013-04,2013-04-01,mlit-roumu-h25,p18(横長の表) / p9(縦長の表),https://www.mlit.go.jp/common/000993048.pdf,PDL1.0,,
722c463829571335,JP,labor,労務単価,保温工,所定労働時間内8時間あたり,人日,pref,08,茨城県,,,,18500,JPY,labor_wage_8h,published_pdl,26000,原本の下段(括弧書き): 公共工事設計労務単価+必要経費(法定福利費の事業主負担額、労務管理費、宿舎費等)(試算値),2013-04,2013-04-01,mlit-roumu-h25,p18(横長の表) / p9(縦長の表),https://www.mlit.go.jp/common/000993048.pdf,PDL1.0,,
312ac69c6d555f30,JP,labor,労務単価,建築ブロック工,所定労働時間内8時間あたり,人日,pref,08,茨城県,,,,20100,JPY,labor_wage_8h,published_pdl,28300,原本の下段(括弧書き): 公共工事設計労務単価+必要経費(法定福利費の事業主負担額、労務管理費、宿舎費等)(試算値),2013-04,2013-04-01,mlit-roumu-h25,p18(横長の表) / p9(縦長の表),https://www.mlit.go.jp/common/000993048.pdf,PDL1.0,,
88f10255674e2a83,JP,labor,労務単価,設備機械工,所定労働時間内8時間あたり,人日,pref,08,茨城県,,,,20000,JPY,labor_wage_8h,published_pdl,28100,原本の下段(括弧書き): 公共工事設計労務単価+必要経費(法定福利費の事業主負担額、労務管理費、宿舎費等)(試算値),2013-04,2013-04-01,mlit-roumu-h25,p18(横長の表) / p9(縦長の表),https://www.mlit.go.jp/common/000993048.pdf,PDL1.0,,
8cedd5ae918e6845,JP,labor,労務単価,交通誘導員Ａ,所定労働時間内8時間あたり,人日,pref,08,茨城県,,,,11000,JPY,labor_wage_8h,published_pdl,15500,原本の下段(括弧書き): 公共工事設計労務単価+必要経費(法定福利費の事業主負担額、労務管理費、宿舎費等)(試算値),2013-04,2013-04-01,mlit-roumu-h25,p18(横長の表) / p9(縦長の表),https://www.mlit.go.jp/common/000993048.pdf,PDL1.0,,
2984ec32db6ba096,JP,labor,労務単価,交通誘導員Ｂ,所定労働時間内8時間あたり,人日,pref,08,茨城県,,,,10400,JPY,labor_wage_8h,published_pdl,14600,原本の下段(括弧書き): 公共工事設計労務単価+必要経費(法定福利費の事業主負担額、労務管理費、宿舎費等)(試算値),2013-04,2013-04-01,mlit-roumu-h25,p18(横長の表) / p9(縦長の表),https://www.mlit.go.jp/common/000993048.pdf,PDL1.0,,
14ad756108963089,JP,labor,労務単価,特殊作業員,所定労働時間内8時間あたり,人日,pref,09,栃木県,,,,18000,JPY,labor_wage_8h,published_pdl,25300,原本の下段(括弧書き): 公共工事設計労務単価+必要経費(法定福利費の事業主負担額、労務管理費、宿舎費等)(試算値),2013-04,2013-04-01,mlit-roumu-h25,p16(横長の表) / p5(縦長の表),https://www.mlit.go.jp/common/000993048.pdf,PDL1.0,,
b91dc5292b5aafa7,JP,labor,労務単価,普通作業員,所定労働時間内8時間あたり,人日,pref,09,栃木県,,,,15800,JPY,labor_wage_8h,published_pdl,22200,原本の下段(括弧書き): 公共工事設計労務単価+必要経費(法定福利費の事業主負担額、労務管理費、宿舎費等)(試算値),2013-04,2013-04-01,mlit-roumu-h25,p16(横長の表) / p5(縦長の表),https://www.mlit.go.jp/common/000993048.pdf,PDL1.0,,
3b668713dce79ae5,JP,labor,労務単価,軽作業員,所定労働時間内8時間あたり,人日,pref,09,栃木県,,,,11400,JPY,labor_wage_8h,published_pdl,16000,原本の下段(括弧書き): 公共工事設計労務単価+必要経費(法定福利費の事業主負担額、労務管理費、宿舎費等)(試算値),2013-04,2013-04-01,mlit-roumu-h25,p16(横長の表) / p5(縦長の表),https://www.mlit.go.jp/common/000993048.pdf,PDL1.0,,
97e657c3aa76efcd,JP,labor,労務単価,造園工,所定労働時間内8時間あたり,人日,pref,09,栃木県,,,,18000,JPY,labor_wage_8h,published_pdl,25300,原本の下段(括弧書き): 公共工事設計労務単価+必要経費(法定福利費の事業主負担額、労務管理費、宿舎費等)(試算値),2013-04,2013-04-01,mlit-roumu-h25,p16(横長の表) / p5(縦長の表),https://www.mlit.go.jp/common/000993048.pdf,PDL1.0,,
ef48e37e81337a6d,JP,labor,労務単価,法面工,所定労働時間内8時間あたり,人日,pref,09,栃木県,,,,20500,JPY,labor_wage_8h,published_pdl,28800,原本の下段(括弧書き): 公共工事設計労務単価+必要経費(法定福利費の事業主負担額、労務管理費、宿舎費等)(試算値),2013-04,2013-04-01,mlit-roumu-h25,p16(横長の表) / p5(縦長の表),https://www.mlit.go.jp/common/000993048.pdf,PDL1.0,,
b5e980cf3bbbfb1b,JP,labor,労務単価,とび工,所定労働時間内8時間あたり,人日,pref,09,栃木県,,,,19200,JPY,labor_wage_8h,published_pdl,27000,原本の下段(括弧書き): 公共工事設計労務単価+必要経費(法定福利費の事業主負担額、労務管理費、宿舎費等)(試算値),2013-04,2013-04-01,mlit-roumu-h25,p16(横長の表) / p5(縦長の表),https://www.mlit.go.jp/common/000993048.pdf,PDL1.0,,
4ca65db113f5845e,JP,labor,労務単価,石工,所定労働時間内8時間あたり,人日,pref,09,栃木県,,,,22900,JPY,labor_wage_8h,published_pdl,32200,原本の下段(括弧書き): 公共工事設計労務単価+必要経費(法定福利費の事業主負担額、労務管理費、宿舎費等)(試算値),2013-04,2013-04-01,mlit-roumu-h25,p16(横長の表) / p5(縦長の表),https://www.mlit.go.jp/common/000993048.pdf,PDL1.0,,
316ee1a70d951118,JP,labor,労務単価,ブロック工,所定労働時間内8時間あたり,人日,pref,09,栃木県,,,,21300,JPY,labor_wage_8h,published_pdl,29900,原本の下段(括弧書き): 公共工事設計労務単価+必要経費(法定福利費の事業主負担額、労務管理費、宿舎費等)(試算値),2013-04,2013-04-01,mlit-roumu-h25,p16(横長の表) / p5(縦長の表),https://www.mlit.go.jp/common/000993048.pdf,PDL1.0,,
6a3b6b6ad9a943ca,JP,labor,労務単価,電工,所定労働時間内8時間あたり,人日,pref,09,栃木県,,,,18200,JPY,labor_wage_8h,published_pdl,25600,原本の下段(括弧書き): 公共工事設計労務単価+必要経費(法定福利費の事業主負担額、労務管理費、宿舎費等)(試算値),2013-04,2013-04-01,mlit-roumu-h25,p16(横長の表) / p5(縦長の表),https://www.mlit.go.jp/common/000993048.pdf,PDL1.0,,
6128c92313c7cda8,JP,labor,労務単価,鉄筋工,所定労働時間内8時間あたり,人日,pref,09,栃木県,,,,20000,JPY,labor_wage_8h,published_pdl,28100,原本の下段(括弧書き): 公共工事設計労務単価+必要経費(法定福利費の事業主負担額、労務管理費、宿舎費等)(試算値),2013-04,2013-04-01,mlit-roumu-h25,p16(横長の表) / p5(縦長の表),https://www.mlit.go.jp/common/000993048.pdf,PDL1.0,,
2c63fe7114d0321e,JP,labor,労務単価,鉄骨工,所定労働時間内8時間あたり,人日,pref,09,栃木県,,,,19400,JPY,labor_wage_8h,published_pdl,27300,原本の下段(括弧書き): 公共工事設計労務単価+必要経費(法定福利費の事業主負担額、労務管理費、宿舎費等)(試算値),2013-04,2013-04-01,mlit-roumu-h25,p16(横長の表) / p6(縦長の表),https://www.mlit.go.jp/common/000993048.pdf,PDL1.0,,
dc6dc7c93bd158fe,JP,labor,労務単価,塗装工,所定労働時間内8時間あたり,人日,pref,09,栃木県,,,,20800,JPY,labor_wage_8h,published_pdl,29200,原本の下段(括弧書き): 公共工事設計労務単価+必要経費(法定福利費の事業主負担額、労務管理費、宿舎費等)(試算値),2013-04,2013-04-01,mlit-roumu-h25,p16(横長の表) / p6(縦長の表),https://www.mlit.go.jp/common/000993048.pdf,PDL1.0,,
c9da9fdc4a42c002,JP,labor,労務単価,溶接工,所定労働時間内8時間あたり,人日,pref,09,栃木県,,,,23000,JPY,labor_wage_8h,published_pdl,32300,原本の下段(括弧書き): 公共工事設計労務単価+必要経費(法定福利費の事業主負担額、労務管理費、宿舎費等)(試算値),2013-04,2013-04-01,mlit-roumu-h25,p16(横長の表) / p6(縦長の表),https://www.mlit.go.jp/common/000993048.pdf,PDL1.0,,
a7eb3c4527c90251,JP,labor,労務単価,運転手（特殊）,所定労働時間内8時間あたり,人日,pref,09,栃木県,,,,17700,JPY,labor_wage_8h,published_pdl,24900,原本の下段(括弧書き): 公共工事設計労務単価+必要経費(法定福利費の事業主負担額、労務管理費、宿舎費等)(試算値),2013-04,2013-04-01,mlit-roumu-h25,p16(横長の表) / p6(縦長の表),https://www.mlit.go.jp/common/000993048.pdf,PDL1.0,,
78d718bf3bafa35e,JP,labor,労務単価,運転手（一般）,所定労働時間内8時間あたり,人日,pref,09,栃木県,,,,16900,JPY,labor_wage_8h,published_pdl,23800,原本の下段(括弧書き): 公共工事設計労務単価+必要経費(法定福利費の事業主負担額、労務管理費、宿舎費等)(試算値),2013-04,2013-04-01,mlit-roumu-h25,p16(横長の表) / p6(縦長の表),https://www.mlit.go.jp/common/000993048.pdf,PDL1.0,,
15fdc855a02c3bdd,JP,labor,労務単価,潜かん工,所定労働時間内8時間あたり,人日,pref,09,栃木県,,,,23900,JPY,labor_wage_8h,published_pdl,33600,原本の下段(括弧書き): 公共工事設計労務単価+必要経費(法定福利費の事業主負担額、労務管理費、宿舎費等)(試算値),2013-04,2013-04-01,mlit-roumu-h25,p16(横長の表) / p6(縦長の表),https://www.mlit.go.jp/common/000993048.pdf,PDL1.0,,
d29ec3482c6ddd22,JP,labor,労務単価,潜かん世話役,所定労働時間内8時間あたり,人日,pref,09,栃木県,,,,28400,JPY,labor_wage_8h,published_pdl,39900,原本の下段(括弧書き): 公共工事設計労務単価+必要経費(法定福利費の事業主負担額、労務管理費、宿舎費等)(試算値),2013-04,2013-04-01,mlit-roumu-h25,p16(横長の表) / p6(縦長の表),https://www.mlit.go.jp/common/000993048.pdf,PDL1.0,,
7d4a9f2d6fcd4412,JP,labor,労務単価,さく岩工,所定労働時間内8時間あたり,人日,pref,09,栃木県,,,,21700,JPY,labor_wage_8h,published_pdl,30500,原本の下段(括弧書き): 公共工事設計労務単価+必要経費(法定福利費の事業主負担額、労務管理費、宿舎費等)(試算値),2013-04,2013-04-01,mlit-roumu-h25,p16(横長の表) / p6(縦長の表),https://www.mlit.go.jp/common/000993048.pdf,PDL1.0,,
1cb1590400424283,JP,labor,労務単価,トンネル特殊工,所定労働時間内8時間あたり,人日,pref,09,栃木県,,,,23300,JPY,labor_wage_8h,published_pdl,32800,原本の下段(括弧書き): 公共工事設計労務単価+必要経費(法定福利費の事業主負担額、労務管理費、宿舎費等)(試算値),2013-04,2013-04-01,mlit-roumu-h25,p16(横長の表) / p6(縦長の表),https://www.mlit.go.jp/common/000993048.pdf,PDL1.0,,
d16a09b6190850da,JP,labor,労務単価,トンネル作業員,所定労働時間内8時間あたり,人日,pref,09,栃木県,,,,19400,JPY,labor_wage_8h,published_pdl,27300,原本の下段(括弧書き): 公共工事設計労務単価+必要経費(法定福利費の事業主負担額、労務管理費、宿舎費等)(試算値),2013-04,2013-04-01,mlit-roumu-h25,p16(横長の表) / p6(縦長の表),https://www.mlit.go.jp/common/000993048.pdf,PDL1.0,,
af3b3fa44a9f7a0a,JP,labor,労務単価,トンネル世話役,所定労働時間内8時間あたり,人日,pref,09,栃木県,,,,25700,JPY,labor_wage_8h,published_pdl,36100,原本の下段(括弧書き): 公共工事設計労務単価+必要経費(法定福利費の事業主負担額、労務管理費、宿舎費等)(試算値),2013-04,2013-04-01,mlit-roumu-h25,p17(横長の表) / p7(縦長の表),https://www.mlit.go.jp/common/000993048.pdf,PDL1.0,,
8dada357d8788fb5,JP,labor,労務単価,橋りょう特殊工,所定労働時間内8時間あたり,人日,pref,09,栃木県,,,,23900,JPY,labor_wage_8h,published_pdl,33600,原本の下段(括弧書き): 公共工事設計労務単価+必要経費(法定福利費の事業主負担額、労務管理費、宿舎費等)(試算値),2013-04,2013-04-01,mlit-roumu-h25,p17(横長の表) / p7(縦長の表),https://www.mlit.go.jp/common/000993048.pdf,PDL1.0,,
64a30642d3b6ce64,JP,labor,労務単価,橋りょう塗装工,所定労働時間内8時間あたり,人日,pref,09,栃木県,,,,24900,JPY,labor_wage_8h,published_pdl,35000,原本の下段(括弧書き): 公共工事設計労務単価+必要経費(法定福利費の事業主負担額、労務管理費、宿舎費等)(試算値),2013-04,2013-04-01,mlit-roumu-h25,p17(横長の表) / p7(縦長の表),https://www.mlit.go.jp/common/000993048.pdf,PDL1.0,,
cfdb8b773fdab812,JP,labor,労務単価,橋りょう世話役,所定労働時間内8時間あたり,人日,pref,09,栃木県,,,,26700,JPY,labor_wage_8h,published_pdl,37500,原本の下段(括弧書き): 公共工事設計労務単価+必要経費(法定福利費の事業主負担額、労務管理費、宿舎費等)(試算値),2013-04,2013-04-01,mlit-roumu-h25,p17(横長の表) / p7(縦長の表),https://www.mlit.go.jp/common/000993048.pdf,PDL1.0,,
9788c2944a2ed197,JP,labor,労務単価,土木一般世話役,所定労働時間内8時間あたり,人日,pref,09,栃木県,,,,20200,JPY,labor_wage_8h,published_pdl,28400,原本の下段(括弧書き): 公共工事設計労務単価+必要経費(法定福利費の事業主負担額、労務管理費、宿舎費等)(試算値),2013-04,2013-04-01,mlit-roumu-h25,p17(横長の表) / p7(縦長の表),https://www.mlit.go.jp/common/000993048.pdf,PDL1.0,,
d3ed475604f3cc40,JP,labor,労務単価,高級船員,所定労働時間内8時間あたり,人日,pref,09,栃木県,,,,25900,JPY,labor_wage_8h,published_pdl,36400,原本の下段(括弧書き): 公共工事設計労務単価+必要経費(法定福利費の事業主負担額、労務管理費、宿舎費等)(試算値),2013-04,2013-04-01,mlit-roumu-h25,p17(横長の表) / p7(縦長の表),https://www.mlit.go.jp/common/000993048.pdf,PDL1.0,,
961612de30b8f1aa,JP,labor,労務単価,普通船員,所定労働時間内8時間あたり,人日,pref,09,栃木県,,,,20200,JPY,labor_wage_8h,published_pdl,28400,原本の下段(括弧書き): 公共工事設計労務単価+必要経費(法定福利費の事業主負担額、労務管理費、宿舎費等)(試算値),2013-04,2013-04-01,mlit-roumu-h25,p17(横長の表) / p7(縦長の表),https://www.mlit.go.jp/common/000993048.pdf,PDL1.0,,
f7ea32bfd2e1227a,JP,labor,労務単価,潜水士,所定労働時間内8時間あたり,人日,pref,09,栃木県,,,,30400,JPY,labor_wage_8h,published_pdl,42700,原本の下段(括弧書き): 公共工事設計労務単価+必要経費(法定福利費の事業主負担額、労務管理費、宿舎費等)(試算値),2013-04,2013-04-01,mlit-roumu-h25,p17(横長の表) / p7(縦長の表),https://www.mlit.go.jp/common/000993048.pdf,PDL1.0,,
7795aa5ac0215eec,JP,labor,労務単価,潜水連絡員,所定労働時間内8時間あたり,人日,pref,09,栃木県,,,,19800,JPY,labor_wage_8h,published_pdl,27800,原本の下段(括弧書き): 公共工事設計労務単価+必要経費(法定福利費の事業主負担額、労務管理費、宿舎費等)(試算値),2013-04,2013-04-01,mlit-roumu-h25,p17(横長の表) / p7(縦長の表),https://www.mlit.go.jp/common/000993048.pdf,PDL1.0,,
88b1edf5033e092e,JP,labor,労務単価,潜水送気員,所定労働時間内8時間あたり,人日,pref,09,栃木県,,,,21400,JPY,labor_wage_8h,published_pdl,30100,原本の下段(括弧書き): 公共工事設計労務単価+必要経費(法定福利費の事業主負担額、労務管理費、宿舎費等)(試算値),2013-04,2013-04-01,mlit-roumu-h25,p17(横長の表) / p7(縦長の表),https://www.mlit.go.jp/common/000993048.pdf,PDL1.0,,
57a339fbe8d055d0,JP,labor,労務単価,山林砂防工,所定労働時間内8時間あたり,人日,pref,09,栃木県,,,,23500,JPY,labor_wage_8h,published_pdl,33000,原本の下段(括弧書き): 公共工事設計労務単価+必要経費(法定福利費の事業主負担額、労務管理費、宿舎費等)(試算値),2013-04,2013-04-01,mlit-roumu-h25,p17(横長の表) / p8(縦長の表),https://www.mlit.go.jp/common/000993048.pdf,PDL1.0,,
81d011160225a925,JP,labor,労務単価,軌道工,所定労働時間内8時間あたり,人日,pref,09,栃木県,,,,36700,JPY,labor_wage_8h,published_pdl,51600,原本の下段(括弧書き): 公共工事設計労務単価+必要経費(法定福利費の事業主負担額、労務管理費、宿舎費等)(試算値),2013-04,2013-04-01,mlit-roumu-h25,p17(横長の表) / p8(縦長の表),https://www.mlit.go.jp/common/000993048.pdf,PDL1.0,,
505ddcc5845ad803,JP,labor,労務単価,型わく工,所定労働時間内8時間あたり,人日,pref,09,栃木県,,,,19500,JPY,labor_wage_8h,published_pdl,27400,原本の下段(括弧書き): 公共工事設計労務単価+必要経費(法定福利費の事業主負担額、労務管理費、宿舎費等)(試算値),2013-04,2013-04-01,mlit-roumu-h25,p17(横長の表) / p8(縦長の表),https://www.mlit.go.jp/common/000993048.pdf,PDL1.0,,
221a0003342251dc,JP,labor,労務単価,大工,所定労働時間内8時間あたり,人日,pref,09,栃木県,,,,20800,JPY,labor_wage_8h,published_pdl,29200,原本の下段(括弧書き): 公共工事設計労務単価+必要経費(法定福利費の事業主負担額、労務管理費、宿舎費等)(試算値),2013-04,2013-04-01,mlit-roumu-h25,p17(横長の表) / p8(縦長の表),https://www.mlit.go.jp/common/000993048.pdf,PDL1.0,,
245132d1c4b3e981,JP,labor,労務単価,左官,所定労働時間内8時間あたり,人日,pref,09,栃木県,,,,21400,JPY,labor_wage_8h,published_pdl,30100,原本の下段(括弧書き): 公共工事設計労務単価+必要経費(法定福利費の事業主負担額、労務管理費、宿舎費等)(試算値),2013-04,2013-04-01,mlit-roumu-h25,p17(横長の表) / p8(縦長の表),https://www.mlit.go.jp/common/000993048.pdf,PDL1.0,,
fb59d3703e90837d,JP,labor,労務単価,配管工,所定労働時間内8時間あたり,人日,pref,09,栃木県,,,,18100,JPY,labor_wage_8h,published_pdl,25400,原本の下段(括弧書き): 公共工事設計労務単価+必要経費(法定福利費の事業主負担額、労務管理費、宿舎費等)(試算値),2013-04,2013-04-01,mlit-roumu-h25,p17(横長の表) / p8(縦長の表),https://www.mlit.go.jp/common/000993048.pdf,PDL1.0,,
3c7c86f0e258a84b,JP,labor,労務単価,はつり工,所定労働時間内8時間あたり,人日,pref,09,栃木県,,,,20100,JPY,labor_wage_8h,published_pdl,28300,原本の下段(括弧書き): 公共工事設計労務単価+必要経費(法定福利費の事業主負担額、労務管理費、宿舎費等)(試算値),2013-04,2013-04-01,mlit-roumu-h25,p17(横長の表) / p8(縦長の表),https://www.mlit.go.jp/common/000993048.pdf,PDL1.0,,
10354ca32f683bb1,JP,labor,労務単価,防水工,所定労働時間内8時間あたり,人日,pref,09,栃木県,,,,22000,JPY,labor_wage_8h,published_pdl,30900,原本の下段(括弧書き): 公共工事設計労務単価+必要経費(法定福利費の事業主負担額、労務管理費、宿舎費等)(試算値),2013-04,2013-04-01,mlit-roumu-h25,p17(横長の表) / p8(縦長の表),https://www.mlit.go.jp/common/000993048.pdf,PDL1.0,,
f5aaff767ebb402e,JP,labor,労務単価,板金工,所定労働時間内8時間あたり,人日,pref,09,栃木県,,,,21700,JPY,labor_wage_8h,published_pdl,30500,原本の下段(括弧書き): 公共工事設計労務単価+必要経費(法定福利費の事業主負担額、労務管理費、宿舎費等)(試算値),2013-04,2013-04-01,mlit-roumu-h25,p17(横長の表) / p8(縦長の表),https://www.mlit.go.jp/common/000993048.pdf,PDL1.0,,
786f889876ea3439,JP,labor,労務単価,タイル工,所定労働時間内8時間あたり,人日,pref,09,栃木県,,,,21600,JPY,labor_wage_8h,published_pdl,30400,原本の下段(括弧書き): 公共工事設計労務単価+必要経費(法定福利費の事業主負担額、労務管理費、宿舎費等)(試算値),2013-04,2013-04-01,mlit-roumu-h25,p17(横長の表) / p8(縦長の表),https://www.mlit.go.jp/common/000993048.pdf,PDL1.0,,
29ff4ab192b5688c,JP,labor,労務単価,サッシ工,所定労働時間内8時間あたり,人日,pref,09,栃木県,,,,20500,JPY,labor_wage_8h,published_pdl,28800,原本の下段(括弧書き): 公共工事設計労務単価+必要経費(法定福利費の事業主負担額、労務管理費、宿舎費等)(試算値),2013-04,2013-04-01,mlit-roumu-h25,p18(横長の表) / p9(縦長の表),https://www.mlit.go.jp/common/000993048.pdf,PDL1.0,,
812d66ec1c1a45a6,JP,labor,労務単価,内装工,所定労働時間内8時間あたり,人日,pref,09,栃木県,,,,21400,JPY,labor_wage_8h,published_pdl,30100,原本の下段(括弧書き): 公共工事設計労務単価+必要経費(法定福利費の事業主負担額、労務管理費、宿舎費等)(試算値),2013-04,2013-04-01,mlit-roumu-h25,p18(横長の表) / p9(縦長の表),https://www.mlit.go.jp/common/000993048.pdf,PDL1.0,,
a663066e182619b0,JP,labor,労務単価,ガラス工,所定労働時間内8時間あたり,人日,pref,09,栃木県,,,,19800,JPY,labor_wage_8h,published_pdl,27800,原本の下段(括弧書き): 公共工事設計労務単価+必要経費(法定福利費の事業主負担額、労務管理費、宿舎費等)(試算値),2013-04,2013-04-01,mlit-roumu-h25,p18(横長の表) / p9(縦長の表),https://www.mlit.go.jp/common/000993048.pdf,PDL1.0,,
8f63a344ac421f3e,JP,labor,労務単価,建具工,所定労働時間内8時間あたり,人日,pref,09,栃木県,,,,22200,JPY,labor_wage_8h,published_pdl,31200,原本の下段(括弧書き): 公共工事設計労務単価+必要経費(法定福利費の事業主負担額、労務管理費、宿舎費等)(試算値),2013-04,2013-04-01,mlit-roumu-h25,p18(横長の表) / p9(縦長の表),https://www.mlit.go.jp/common/000993048.pdf,PDL1.0,,
a137a1037e772a28,JP,labor,労務単価,ダクト工,所定労働時間内8時間あたり,人日,pref,09,栃木県,,,,18600,JPY,labor_wage_8h,published_pdl,26200,原本の下段(括弧書き): 公共工事設計労務単価+必要経費(法定福利費の事業主負担額、労務管理費、宿舎費等)(試算値),2013-04,2013-04-01,mlit-roumu-h25,p18(横長の表) / p9(縦長の表),https://www.mlit.go.jp/common/000993048.pdf,PDL1.0,,
a7d848515b740d9e,JP,labor,労務単価,保温工,所定労働時間内8時間あたり,人日,pref,09,栃木県,,,,18500,JPY,labor_wage_8h,published_pdl,26000,原本の下段(括弧書き): 公共工事設計労務単価+必要経費(法定福利費の事業主負担額、労務管理費、宿舎費等)(試算値),2013-04,2013-04-01,mlit-roumu-h25,p18(横長の表) / p9(縦長の表),https://www.mlit.go.jp/common/000993048.pdf,PDL1.0,,
2d6fb5b2f6be2c43,JP,labor,労務単価,建築ブロック工,所定労働時間内8時間あたり,人日,pref,09,栃木県,,,,20200,JPY,labor_wage_8h,published_pdl,28400,原本の下段(括弧書き): 公共工事設計労務単価+必要経費(法定福利費の事業主負担額、労務管理費、宿舎費等)(試算値),2013-04,2013-04-01,mlit-roumu-h25,p18(横長の表) / p9(縦長の表),https://www.mlit.go.jp/common/000993048.pdf,PDL1.0,,
961cef9a46cbd225,JP,labor,労務単価,設備機械工,所定労働時間内8時間あたり,人日,pref,09,栃木県,,,,19300,JPY,labor_wage_8h,published_pdl,27100,原本の下段(括弧書き): 公共工事設計労務単価+必要経費(法定福利費の事業主負担額、労務管理費、宿舎費等)(試算値),2013-04,2013-04-01,mlit-roumu-h25,p18(横長の表) / p9(縦長の表),https://www.mlit.go.jp/common/000993048.pdf,PDL1.0,,
e4181bd556f42d29,JP,labor,労務単価,交通誘導員Ａ,所定労働時間内8時間あたり,人日,pref,09,栃木県,,,,10200,JPY,labor_wage_8h,published_pdl,14300,原本の下段(括弧書き): 公共工事設計労務単価+必要経費(法定福利費の事業主負担額、労務管理費、宿舎費等)(試算値),2013-04,2013-04-01,mlit-roumu-h25,p18(横長の表) / p9(縦長の表),https://www.mlit.go.jp/common/000993048.pdf,PDL1.0,,
e17442317cbab2e2,JP,labor,労務単価,交通誘導員Ｂ,所定労働時間内8時間あたり,人日,pref,09,栃木県,,,,9200,JPY,labor_wage_8h,published_pdl,12900,原本の下段(括弧書き): 公共工事設計労務単価+必要経費(法定福利費の事業主負担額、労務管理費、宿舎費等)(試算値),2013-04,2013-04-01,mlit-roumu-h25,p18(横長の表) / p9(縦長の表),https://www.mlit.go.jp/common/000993048.pdf,PDL1.0,,
42eea2d5beb3f733,JP,labor,労務単価,特殊作業員,所定労働時間内8時間あたり,人日,pref,10,群馬県,,,,18000,JPY,labor_wage_8h,published_pdl,25300,原本の下段(括弧書き): 公共工事設計労務単価+必要経費(法定福利費の事業主負担額、労務管理費、宿舎費等)(試算値),2013-04,2013-04-01,mlit-roumu-h25,p16(横長の表) / p5(縦長の表),https://www.mlit.go.jp/common/000993048.pdf,PDL1.0,,
f6d235ec7f3512a3,JP,labor,労務単価,普通作業員,所定労働時間内8時間あたり,人日,pref,10,群馬県,,,,16100,JPY,labor_wage_8h,published_pdl,22600,原本の下段(括弧書き): 公共工事設計労務単価+必要経費(法定福利費の事業主負担額、労務管理費、宿舎費等)(試算値),2013-04,2013-04-01,mlit-roumu-h25,p16(横長の表) / p5(縦長の表),https://www.mlit.go.jp/common/000993048.pdf,PDL1.0,,
112ae5ac21f6fdd5,JP,labor,労務単価,軽作業員,所定労働時間内8時間あたり,人日,pref,10,群馬県,,,,12300,JPY,labor_wage_8h,published_pdl,17300,原本の下段(括弧書き): 公共工事設計労務単価+必要経費(法定福利費の事業主負担額、労務管理費、宿舎費等)(試算値),2013-04,2013-04-01,mlit-roumu-h25,p16(横長の表) / p5(縦長の表),https://www.mlit.go.jp/common/000993048.pdf,PDL1.0,,
50cf729ce00d5bed,JP,labor,労務単価,造園工,所定労働時間内8時間あたり,人日,pref,10,群馬県,,,,17800,JPY,labor_wage_8h,published_pdl,25000,原本の下段(括弧書き): 公共工事設計労務単価+必要経費(法定福利費の事業主負担額、労務管理費、宿舎費等)(試算値),2013-04,2013-04-01,mlit-roumu-h25,p16(横長の表) / p5(縦長の表),https://www.mlit.go.jp/common/000993048.pdf,PDL1.0,,
094025d52bfa6a1a,JP,labor,労務単価,法面工,所定労働時間内8時間あたり,人日,pref,10,群馬県,,,,21400,JPY,labor_wage_8h,published_pdl,30100,原本の下段(括弧書き): 公共工事設計労務単価+必要経費(法定福利費の事業主負担額、労務管理費、宿舎費等)(試算値),2013-04,2013-04-01,mlit-roumu-h25,p16(横長の表) / p5(縦長の表),https://www.mlit.go.jp/common/000993048.pdf,PDL1.0,,
e601707cd7918253,JP,labor,労務単価,とび工,所定労働時間内8時間あたり,人日,pref,10,群馬県,,,,18300,JPY,labor_wage_8h,published_pdl,25700,原本の下段(括弧書き): 公共工事設計労務単価+必要経費(法定福利費の事業主負担額、労務管理費、宿舎費等)(試算値),2013-04,2013-04-01,mlit-roumu-h25,p16(横長の表) / p5(縦長の表),https://www.mlit.go.jp/common/000993048.pdf,PDL1.0,,
3fb80062b5667bd4,JP,labor,労務単価,石工,所定労働時間内8時間あたり,人日,pref,10,群馬県,,,,22300,JPY,labor_wage_8h,published_pdl,31400,原本の下段(括弧書き): 公共工事設計労務単価+必要経費(法定福利費の事業主負担額、労務管理費、宿舎費等)(試算値),2013-04,2013-04-01,mlit-roumu-h25,p16(横長の表) / p5(縦長の表),https://www.mlit.go.jp/common/000993048.pdf,PDL1.0,,
ff8c4894041229b2,JP,labor,労務単価,ブロック工,所定労働時間内8時間あたり,人日,pref,10,群馬県,,,,21000,JPY,labor_wage_8h,published_pdl,29500,原本の下段(括弧書き): 公共工事設計労務単価+必要経費(法定福利費の事業主負担額、労務管理費、宿舎費等)(試算値),2013-04,2013-04-01,mlit-roumu-h25,p16(横長の表) / p5(縦長の表),https://www.mlit.go.jp/common/000993048.pdf,PDL1.0,,
6ec0f013409ab81b,JP,labor,労務単価,電工,所定労働時間内8時間あたり,人日,pref,10,群馬県,,,,17100,JPY,labor_wage_8h,published_pdl,24000,原本の下段(括弧書き): 公共工事設計労務単価+必要経費(法定福利費の事業主負担額、労務管理費、宿舎費等)(試算値),2013-04,2013-04-01,mlit-roumu-h25,p16(横長の表) / p5(縦長の表),https://www.mlit.go.jp/common/000993048.pdf,PDL1.0,,
02ce32da7a3480b4,JP,labor,労務単価,鉄筋工,所定労働時間内8時間あたり,人日,pref,10,群馬県,,,,19400,JPY,labor_wage_8h,published_pdl,27300,原本の下段(括弧書き): 公共工事設計労務単価+必要経費(法定福利費の事業主負担額、労務管理費、宿舎費等)(試算値),2013-04,2013-04-01,mlit-roumu-h25,p16(横長の表) / p5(縦長の表),https://www.mlit.go.jp/common/000993048.pdf,PDL1.0,,
2765e8fd8950a1d5,JP,labor,労務単価,鉄骨工,所定労働時間内8時間あたり,人日,pref,10,群馬県,,,,19000,JPY,labor_wage_8h,published_pdl,26700,原本の下段(括弧書き): 公共工事設計労務単価+必要経費(法定福利費の事業主負担額、労務管理費、宿舎費等)(試算値),2013-04,2013-04-01,mlit-roumu-h25,p16(横長の表) / p6(縦長の表),https://www.mlit.go.jp/common/000993048.pdf,PDL1.0,,
78ba08f01bce113c,JP,labor,労務単価,塗装工,所定労働時間内8時間あたり,人日,pref,10,群馬県,,,,18100,JPY,labor_wage_8h,published_pdl,25400,原本の下段(括弧書き): 公共工事設計労務単価+必要経費(法定福利費の事業主負担額、労務管理費、宿舎費等)(試算値),2013-04,2013-04-01,mlit-roumu-h25,p16(横長の表) / p6(縦長の表),https://www.mlit.go.jp/common/000993048.pdf,PDL1.0,,
ff56ce4d9ad34eb7,JP,labor,労務単価,溶接工,所定労働時間内8時間あたり,人日,pref,10,群馬県,,,,21600,JPY,labor_wage_8h,published_pdl,30400,原本の下段(括弧書き): 公共工事設計労務単価+必要経費(法定福利費の事業主負担額、労務管理費、宿舎費等)(試算値),2013-04,2013-04-01,mlit-roumu-h25,p16(横長の表) / p6(縦長の表),https://www.mlit.go.jp/common/000993048.pdf,PDL1.0,,
bfeecee35f87f72a,JP,labor,労務単価,運転手（特殊）,所定労働時間内8時間あたり,人日,pref,10,群馬県,,,,18000,JPY,labor_wage_8h,published_pdl,25300,原本の下段(括弧書き): 公共工事設計労務単価+必要経費(法定福利費の事業主負担額、労務管理費、宿舎費等)(試算値),2013-04,2013-04-01,mlit-roumu-h25,p16(横長の表) / p6(縦長の表),https://www.mlit.go.jp/common/000993048.pdf,PDL1.0,,
72f7c426c0408778,JP,labor,労務単価,運転手（一般）,所定労働時間内8時間あたり,人日,pref,10,群馬県,,,,15200,JPY,labor_wage_8h,published_pdl,21400,原本の下段(括弧書き): 公共工事設計労務単価+必要経費(法定福利費の事業主負担額、労務管理費、宿舎費等)(試算値),2013-04,2013-04-01,mlit-roumu-h25,p16(横長の表) / p6(縦長の表),https://www.mlit.go.jp/common/000993048.pdf,PDL1.0,,
f229199d95d40fa7,JP,labor,労務単価,潜かん工,所定労働時間内8時間あたり,人日,pref,10,群馬県,,,,23900,JPY,labor_wage_8h,published_pdl,33600,原本の下段(括弧書き): 公共工事設計労務単価+必要経費(法定福利費の事業主負担額、労務管理費、宿舎費等)(試算値),2013-04,2013-04-01,mlit-roumu-h25,p16(横長の表) / p6(縦長の表),https://www.mlit.go.jp/common/000993048.pdf,PDL1.0,,
10d18b18c9b39b61,JP,labor,労務単価,潜かん世話役,所定労働時間内8時間あたり,人日,pref,10,群馬県,,,,28400,JPY,labor_wage_8h,published_pdl,39900,原本の下段(括弧書き): 公共工事設計労務単価+必要経費(法定福利費の事業主負担額、労務管理費、宿舎費等)(試算値),2013-04,2013-04-01,mlit-roumu-h25,p16(横長の表) / p6(縦長の表),https://www.mlit.go.jp/common/000993048.pdf,PDL1.0,,
a4465ca91cec7dc7,JP,labor,労務単価,さく岩工,所定労働時間内8時間あたり,人日,pref,10,群馬県,,,,21700,JPY,labor_wage_8h,published_pdl,30500,原本の下段(括弧書き): 公共工事設計労務単価+必要経費(法定福利費の事業主負担額、労務管理費、宿舎費等)(試算値),2013-04,2013-04-01,mlit-roumu-h25,p16(横長の表) / p6(縦長の表),https://www.mlit.go.jp/common/000993048.pdf,PDL1.0,,
d53b9c9e185d776c,JP,labor,労務単価,トンネル特殊工,所定労働時間内8時間あたり,人日,pref,10,群馬県,,,,24400,JPY,labor_wage_8h,published_pdl,34300,原本の下段(括弧書き): 公共工事設計労務単価+必要経費(法定福利費の事業主負担額、労務管理費、宿舎費等)(試算値),2013-04,2013-04-01,mlit-roumu-h25,p16(横長の表) / p6(縦長の表),https://www.mlit.go.jp/common/000993048.pdf,PDL1.0,,
f7affc2d98074670,JP,labor,労務単価,トンネル作業員,所定労働時間内8時間あたり,人日,pref,10,群馬県,,,,19400,JPY,labor_wage_8h,published_pdl,27300,原本の下段(括弧書き): 公共工事設計労務単価+必要経費(法定福利費の事業主負担額、労務管理費、宿舎費等)(試算値),2013-04,2013-04-01,mlit-roumu-h25,p16(横長の表) / p6(縦長の表),https://www.mlit.go.jp/common/000993048.pdf,PDL1.0,,
9f3d4d0604bf2b6b,JP,labor,労務単価,トンネル世話役,所定労働時間内8時間あたり,人日,pref,10,群馬県,,,,25700,JPY,labor_wage_8h,published_pdl,36100,原本の下段(括弧書き): 公共工事設計労務単価+必要経費(法定福利費の事業主負担額、労務管理費、宿舎費等)(試算値),2013-04,2013-04-01,mlit-roumu-h25,p17(横長の表) / p7(縦長の表),https://www.mlit.go.jp/common/000993048.pdf,PDL1.0,,
a5b268e5a888eb63,JP,labor,労務単価,橋りょう特殊工,所定労働時間内8時間あたり,人日,pref,10,群馬県,,,,23900,JPY,labor_wage_8h,published_pdl,33600,原本の下段(括弧書き): 公共工事設計労務単価+必要経費(法定福利費の事業主負担額、労務管理費、宿舎費等)(試算値),2013-04,2013-04-01,mlit-roumu-h25,p17(横長の表) / p7(縦長の表),https://www.mlit.go.jp/common/000993048.pdf,PDL1.0,,
efcd60da76689d0f,JP,labor,労務単価,橋りょう塗装工,所定労働時間内8時間あたり,人日,pref,10,群馬県,,,,24900,JPY,labor_wage_8h,published_pdl,35000,原本の下段(括弧書き): 公共工事設計労務単価+必要経費(法定福利費の事業主負担額、労務管理費、宿舎費等)(試算値),2013-04,2013-04-01,mlit-roumu-h25,p17(横長の表) / p7(縦長の表),https://www.mlit.go.jp/common/000993048.pdf,PDL1.0,,
c4fe49d2befaeec8,JP,labor,労務単価,橋りょう世話役,所定労働時間内8時間あたり,人日,pref,10,群馬県,,,,26800,JPY,labor_wage_8h,published_pdl,37700,原本の下段(括弧書き): 公共工事設計労務単価+必要経費(法定福利費の事業主負担額、労務管理費、宿舎費等)(試算値),2013-04,2013-04-01,mlit-roumu-h25,p17(横長の表) / p7(縦長の表),https://www.mlit.go.jp/common/000993048.pdf,PDL1.0,,
001fcd4616721dda,JP,labor,労務単価,土木一般世話役,所定労働時間内8時間あたり,人日,pref,10,群馬県,,,,20300,JPY,labor_wage_8h,published_pdl,28500,原本の下段(括弧書き): 公共工事設計労務単価+必要経費(法定福利費の事業主負担額、労務管理費、宿舎費等)(試算値),2013-04,2013-04-01,mlit-roumu-h25,p17(横長の表) / p7(縦長の表),https://www.mlit.go.jp/common/000993048.pdf,PDL1.0,,
c1a1d7c661a4ec12,JP,labor,労務単価,高級船員,所定労働時間内8時間あたり,人日,pref,10,群馬県,,,,25900,JPY,labor_wage_8h,published_pdl,36400,原本の下段(括弧書き): 公共工事設計労務単価+必要経費(法定福利費の事業主負担額、労務管理費、宿舎費等)(試算値),2013-04,2013-04-01,mlit-roumu-h25,p17(横長の表) / p7(縦長の表),https://www.mlit.go.jp/common/000993048.pdf,PDL1.0,,
08a82d33cdc50882,JP,labor,労務単価,普通船員,所定労働時間内8時間あたり,人日,pref,10,群馬県,,,,20200,JPY,labor_wage_8h,published_pdl,28400,原本の下段(括弧書き): 公共工事設計労務単価+必要経費(法定福利費の事業主負担額、労務管理費、宿舎費等)(試算値),2013-04,2013-04-01,mlit-roumu-h25,p17(横長の表) / p7(縦長の表),https://www.mlit.go.jp/common/000993048.pdf,PDL1.0,,
33891868c41933f2,JP,labor,労務単価,潜水士,所定労働時間内8時間あたり,人日,pref,10,群馬県,,,,31800,JPY,labor_wage_8h,published_pdl,44700,原本の下段(括弧書き): 公共工事設計労務単価+必要経費(法定福利費の事業主負担額、労務管理費、宿舎費等)(試算値),2013-04,2013-04-01,mlit-roumu-h25,p17(横長の表) / p7(縦長の表),https://www.mlit.go.jp/common/000993048.pdf,PDL1.0,,
18f68a5185e56394,JP,labor,労務単価,潜水連絡員,所定労働時間内8時間あたり,人日,pref,10,群馬県,,,,19400,JPY,labor_wage_8h,published_pdl,27300,原本の下段(括弧書き): 公共工事設計労務単価+必要経費(法定福利費の事業主負担額、労務管理費、宿舎費等)(試算値),2013-04,2013-04-01,mlit-roumu-h25,p17(横長の表) / p7(縦長の表),https://www.mlit.go.jp/common/000993048.pdf,PDL1.0,,
74e0150e490e2f48,JP,labor,労務単価,潜水送気員,所定労働時間内8時間あたり,人日,pref,10,群馬県,,,,20900,JPY,labor_wage_8h,published_pdl,29400,原本の下段(括弧書き): 公共工事設計労務単価+必要経費(法定福利費の事業主負担額、労務管理費、宿舎費等)(試算値),2013-04,2013-04-01,mlit-roumu-h25,p17(横長の表) / p7(縦長の表),https://www.mlit.go.jp/common/000993048.pdf,PDL1.0,,
64d6448954847c77,JP,labor,労務単価,山林砂防工,所定労働時間内8時間あたり,人日,pref,10,群馬県,,,,23100,JPY,labor_wage_8h,published_pdl,32500,原本の下段(括弧書き): 公共工事設計労務単価+必要経費(法定福利費の事業主負担額、労務管理費、宿舎費等)(試算値),2013-04,2013-04-01,mlit-roumu-h25,p17(横長の表) / p8(縦長の表),https://www.mlit.go.jp/common/000993048.pdf,PDL1.0,,
a36b0ef606e18351,JP,labor,労務単価,軌道工,所定労働時間内8時間あたり,人日,pref,10,群馬県,,,,34200,JPY,labor_wage_8h,published_pdl,48100,原本の下段(括弧書き): 公共工事設計労務単価+必要経費(法定福利費の事業主負担額、労務管理費、宿舎費等)(試算値),2013-04,2013-04-01,mlit-roumu-h25,p17(横長の表) / p8(縦長の表),https://www.mlit.go.jp/common/000993048.pdf,PDL1.0,,
82a4b459f1a18a7f,JP,labor,労務単価,型わく工,所定労働時間内8時間あたり,人日,pref,10,群馬県,,,,19500,JPY,labor_wage_8h,published_pdl,27400,原本の下段(括弧書き): 公共工事設計労務単価+必要経費(法定福利費の事業主負担額、労務管理費、宿舎費等)(試算値),2013-04,2013-04-01,mlit-roumu-h25,p17(横長の表) / p8(縦長の表),https://www.mlit.go.jp/common/000993048.pdf,PDL1.0,,
509e6622ec61fd73,JP,labor,労務単価,大工,所定労働時間内8時間あたり,人日,pref,10,群馬県,,,,20300,JPY,labor_wage_8h,published_pdl,28500,原本の下段(括弧書き): 公共工事設計労務単価+必要経費(法定福利費の事業主負担額、労務管理費、宿舎費等)(試算値),2013-04,2013-04-01,mlit-roumu-h25,p17(横長の表) / p8(縦長の表),https://www.mlit.go.jp/common/000993048.pdf,PDL1.0,,
bd56c75c8afe72d0,JP,labor,労務単価,左官,所定労働時間内8時間あたり,人日,pref,10,群馬県,,,,18800,JPY,labor_wage_8h,published_pdl,26400,原本の下段(括弧書き): 公共工事設計労務単価+必要経費(法定福利費の事業主負担額、労務管理費、宿舎費等)(試算値),2013-04,2013-04-01,mlit-roumu-h25,p17(横長の表) / p8(縦長の表),https://www.mlit.go.jp/common/000993048.pdf,PDL1.0,,
8f8ea7aa4ce9f3ba,JP,labor,労務単価,配管工,所定労働時間内8時間あたり,人日,pref,10,群馬県,,,,16900,JPY,labor_wage_8h,published_pdl,23800,原本の下段(括弧書き): 公共工事設計労務単価+必要経費(法定福利費の事業主負担額、労務管理費、宿舎費等)(試算値),2013-04,2013-04-01,mlit-roumu-h25,p17(横長の表) / p8(縦長の表),https://www.mlit.go.jp/common/000993048.pdf,PDL1.0,,
2635eeaccc125076,JP,labor,労務単価,はつり工,所定労働時間内8時間あたり,人日,pref,10,群馬県,,,,19000,JPY,labor_wage_8h,published_pdl,26700,原本の下段(括弧書き): 公共工事設計労務単価+必要経費(法定福利費の事業主負担額、労務管理費、宿舎費等)(試算値),2013-04,2013-04-01,mlit-roumu-h25,p17(横長の表) / p8(縦長の表),https://www.mlit.go.jp/common/000993048.pdf,PDL1.0,,
aa5fcdabc77bfd09,JP,labor,労務単価,防水工,所定労働時間内8時間あたり,人日,pref,10,群馬県,,,,20500,JPY,labor_wage_8h,published_pdl,28800,原本の下段(括弧書き): 公共工事設計労務単価+必要経費(法定福利費の事業主負担額、労務管理費、宿舎費等)(試算値),2013-04,2013-04-01,mlit-roumu-h25,p17(横長の表) / p8(縦長の表),https://www.mlit.go.jp/common/000993048.pdf,PDL1.0,,
e70e420f78a12847,JP,labor,労務単価,板金工,所定労働時間内8時間あたり,人日,pref,10,群馬県,,,,19900,JPY,labor_wage_8h,published_pdl,28000,原本の下段(括弧書き): 公共工事設計労務単価+必要経費(法定福利費の事業主負担額、労務管理費、宿舎費等)(試算値),2013-04,2013-04-01,mlit-roumu-h25,p17(横長の表) / p8(縦長の表),https://www.mlit.go.jp/common/000993048.pdf,PDL1.0,,
3b4b1ac632d7de46,JP,labor,労務単価,タイル工,所定労働時間内8時間あたり,人日,pref,10,群馬県,,,,21600,JPY,labor_wage_8h,published_pdl,30400,原本の下段(括弧書き): 公共工事設計労務単価+必要経費(法定福利費の事業主負担額、労務管理費、宿舎費等)(試算値),2013-04,2013-04-01,mlit-roumu-h25,p17(横長の表) / p8(縦長の表),https://www.mlit.go.jp/common/000993048.pdf,PDL1.0,,
a15a033683e624c2,JP,labor,労務単価,サッシ工,所定労働時間内8時間あたり,人日,pref,10,群馬県,,,,19900,JPY,labor_wage_8h,published_pdl,28000,原本の下段(括弧書き): 公共工事設計労務単価+必要経費(法定福利費の事業主負担額、労務管理費、宿舎費等)(試算値),2013-04,2013-04-01,mlit-roumu-h25,p18(横長の表) / p9(縦長の表),https://www.mlit.go.jp/common/000993048.pdf,PDL1.0,,
4f6349ddc96b4750,JP,labor,労務単価,内装工,所定労働時間内8時間あたり,人日,pref,10,群馬県,,,,21900,JPY,labor_wage_8h,published_pdl,30800,原本の下段(括弧書き): 公共工事設計労務単価+必要経費(法定福利費の事業主負担額、労務管理費、宿舎費等)(試算値),2013-04,2013-04-01,mlit-roumu-h25,p18(横長の表) / p9(縦長の表),https://www.mlit.go.jp/common/000993048.pdf,PDL1.0,,
4482f475dd766840,JP,labor,労務単価,ガラス工,所定労働時間内8時間あたり,人日,pref,10,群馬県,,,,19800,JPY,labor_wage_8h,published_pdl,27800,原本の下段(括弧書き): 公共工事設計労務単価+必要経費(法定福利費の事業主負担額、労務管理費、宿舎費等)(試算値),2013-04,2013-04-01,mlit-roumu-h25,p18(横長の表) / p9(縦長の表),https://www.mlit.go.jp/common/000993048.pdf,PDL1.0,,
410c11cca933be4d,JP,labor,労務単価,建具工,所定労働時間内8時間あたり,人日,pref,10,群馬県,,,,18400,JPY,labor_wage_8h,published_pdl,25900,原本の下段(括弧書き): 公共工事設計労務単価+必要経費(法定福利費の事業主負担額、労務管理費、宿舎費等)(試算値),2013-04,2013-04-01,mlit-roumu-h25,p18(横長の表) / p9(縦長の表),https://www.mlit.go.jp/common/000993048.pdf,PDL1.0,,
21b012459579245a,JP,labor,労務単価,ダクト工,所定労働時間内8時間あたり,人日,pref,10,群馬県,,,,18200,JPY,labor_wage_8h,published_pdl,25600,原本の下段(括弧書き): 公共工事設計労務単価+必要経費(法定福利費の事業主負担額、労務管理費、宿舎費等)(試算値),2013-04,2013-04-01,mlit-roumu-h25,p18(横長の表) / p9(縦長の表),https://www.mlit.go.jp/common/000993048.pdf,PDL1.0,,
b3133d57d637b373,JP,labor,労務単価,保温工,所定労働時間内8時間あたり,人日,pref,10,群馬県,,,,18500,JPY,labor_wage_8h,published_pdl,26000,原本の下段(括弧書き): 公共工事設計労務単価+必要経費(法定福利費の事業主負担額、労務管理費、宿舎費等)(試算値),2013-04,2013-04-01,mlit-roumu-h25,p18(横長の表) / p9(縦長の表),https://www.mlit.go.jp/common/000993048.pdf,PDL1.0,,
2f40296f22dd34a8,JP,labor,労務単価,建築ブロック工,所定労働時間内8時間あたり,人日,pref,10,群馬県,,,,20100,JPY,labor_wage_8h,published_pdl,28300,原本の下段(括弧書き): 公共工事設計労務単価+必要経費(法定福利費の事業主負担額、労務管理費、宿舎費等)(試算値),2013-04,2013-04-01,mlit-roumu-h25,p18(横長の表) / p9(縦長の表),https://www.mlit.go.jp/common/000993048.pdf,PDL1.0,,
0df4d1484178aa8c,JP,labor,労務単価,設備機械工,所定労働時間内8時間あたり,人日,pref,10,群馬県,,,,18500,JPY,labor_wage_8h,published_pdl,26000,原本の下段(括弧書き): 公共工事設計労務単価+必要経費(法定福利費の事業主負担額、労務管理費、宿舎費等)(試算値),2013-04,2013-04-01,mlit-roumu-h25,p18(横長の表) / p9(縦長の表),https://www.mlit.go.jp/common/000993048.pdf,PDL1.0,,
63883801db69d5c5,JP,labor,労務単価,交通誘導員Ａ,所定労働時間内8時間あたり,人日,pref,10,群馬県,,,,10000,JPY,labor_wage_8h,published_pdl,14100,原本の下段(括弧書き): 公共工事設計労務単価+必要経費(法定福利費の事業主負担額、労務管理費、宿舎費等)(試算値),2013-04,2013-04-01,mlit-roumu-h25,p18(横長の表) / p9(縦長の表),https://www.mlit.go.jp/common/000993048.pdf,PDL1.0,,
849e0421d2987453,JP,labor,労務単価,交通誘導員Ｂ,所定労働時間内8時間あたり,人日,pref,10,群馬県,,,,9300,JPY,labor_wage_8h,published_pdl,13100,原本の下段(括弧書き): 公共工事設計労務単価+必要経費(法定福利費の事業主負担額、労務管理費、宿舎費等)(試算値),2013-04,2013-04-01,mlit-roumu-h25,p18(横長の表) / p9(縦長の表),https://www.mlit.go.jp/common/000993048.pdf,PDL1.0,,
4f2159fb11f1b79a,JP,labor,労務単価,特殊作業員,所定労働時間内8時間あたり,人日,pref,11,埼玉県,,,,19200,JPY,labor_wage_8h,published_pdl,27000,原本の下段(括弧書き): 公共工事設計労務単価+必要経費(法定福利費の事業主負担額、労務管理費、宿舎費等)(試算値),2013-04,2013-04-01,mlit-roumu-h25,p16(横長の表) / p5(縦長の表),https://www.mlit.go.jp/common/000993048.pdf,PDL1.0,,
ade3a59d6a42e33d,JP,labor,労務単価,普通作業員,所定労働時間内8時間あたり,人日,pref,11,埼玉県,,,,16400,JPY,labor_wage_8h,published_pdl,23100,原本の下段(括弧書き): 公共工事設計労務単価+必要経費(法定福利費の事業主負担額、労務管理費、宿舎費等)(試算値),2013-04,2013-04-01,mlit-roumu-h25,p16(横長の表) / p5(縦長の表),https://www.mlit.go.jp/common/000993048.pdf,PDL1.0,,
6717a205889368a6,JP,labor,労務単価,軽作業員,所定労働時間内8時間あたり,人日,pref,11,埼玉県,,,,12300,JPY,labor_wage_8h,published_pdl,17300,原本の下段(括弧書き): 公共工事設計労務単価+必要経費(法定福利費の事業主負担額、労務管理費、宿舎費等)(試算値),2013-04,2013-04-01,mlit-roumu-h25,p16(横長の表) / p5(縦長の表),https://www.mlit.go.jp/common/000993048.pdf,PDL1.0,,
234aea3bda184f88,JP,labor,労務単価,造園工,所定労働時間内8時間あたり,人日,pref,11,埼玉県,,,,18000,JPY,labor_wage_8h,published_pdl,25300,原本の下段(括弧書き): 公共工事設計労務単価+必要経費(法定福利費の事業主負担額、労務管理費、宿舎費等)(試算値),2013-04,2013-04-01,mlit-roumu-h25,p16(横長の表) / p5(縦長の表),https://www.mlit.go.jp/common/000993048.pdf,PDL1.0,,
4835e4189cf3e1aa,JP,labor,労務単価,法面工,所定労働時間内8時間あたり,人日,pref,11,埼玉県,,,,20900,JPY,labor_wage_8h,published_pdl,29400,原本の下段(括弧書き): 公共工事設計労務単価+必要経費(法定福利費の事業主負担額、労務管理費、宿舎費等)(試算値),2013-04,2013-04-01,mlit-roumu-h25,p16(横長の表) / p5(縦長の表),https://www.mlit.go.jp/common/000993048.pdf,PDL1.0,,
a063636b01c718a8,JP,labor,労務単価,とび工,所定労働時間内8時間あたり,人日,pref,11,埼玉県,,,,21400,JPY,labor_wage_8h,published_pdl,30100,原本の下段(括弧書き): 公共工事設計労務単価+必要経費(法定福利費の事業主負担額、労務管理費、宿舎費等)(試算値),2013-04,2013-04-01,mlit-roumu-h25,p16(横長の表) / p5(縦長の表),https://www.mlit.go.jp/common/000993048.pdf,PDL1.0,,
032083cf35dc71ec,JP,labor,労務単価,石工,所定労働時間内8時間あたり,人日,pref,11,埼玉県,,,,22700,JPY,labor_wage_8h,published_pdl,31900,原本の下段(括弧書き): 公共工事設計労務単価+必要経費(法定福利費の事業主負担額、労務管理費、宿舎費等)(試算値),2013-04,2013-04-01,mlit-roumu-h25,p16(横長の表) / p5(縦長の表),https://www.mlit.go.jp/common/000993048.pdf,PDL1.0,,
8d988ec19b58700f,JP,labor,労務単価,ブロック工,所定労働時間内8時間あたり,人日,pref,11,埼玉県,,,,21200,JPY,labor_wage_8h,published_pdl,29800,原本の下段(括弧書き): 公共工事設計労務単価+必要経費(法定福利費の事業主負担額、労務管理費、宿舎費等)(試算値),2013-04,2013-04-01,mlit-roumu-h25,p16(横長の表) / p5(縦長の表),https://www.mlit.go.jp/common/000993048.pdf,PDL1.0,,
5b0e7aca842c0a06,JP,labor,労務単価,電工,所定労働時間内8時間あたり,人日,pref,11,埼玉県,,,,19500,JPY,labor_wage_8h,published_pdl,27400,原本の下段(括弧書き): 公共工事設計労務単価+必要経費(法定福利費の事業主負担額、労務管理費、宿舎費等)(試算値),2013-04,2013-04-01,mlit-roumu-h25,p16(横長の表) / p5(縦長の表),https://www.mlit.go.jp/common/000993048.pdf,PDL1.0,,
ca1dce76b2c68e32,JP,labor,労務単価,鉄筋工,所定労働時間内8時間あたり,人日,pref,11,埼玉県,,,,21700,JPY,labor_wage_8h,published_pdl,30500,原本の下段(括弧書き): 公共工事設計労務単価+必要経費(法定福利費の事業主負担額、労務管理費、宿舎費等)(試算値),2013-04,2013-04-01,mlit-roumu-h25,p16(横長の表) / p5(縦長の表),https://www.mlit.go.jp/common/000993048.pdf,PDL1.0,,
b846300db293286e,JP,labor,労務単価,鉄骨工,所定労働時間内8時間あたり,人日,pref,11,埼玉県,,,,20200,JPY,labor_wage_8h,published_pdl,28400,原本の下段(括弧書き): 公共工事設計労務単価+必要経費(法定福利費の事業主負担額、労務管理費、宿舎費等)(試算値),2013-04,2013-04-01,mlit-roumu-h25,p16(横長の表) / p6(縦長の表),https://www.mlit.go.jp/common/000993048.pdf,PDL1.0,,
60413d6ef8db014a,JP,labor,労務単価,塗装工,所定労働時間内8時間あたり,人日,pref,11,埼玉県,,,,21400,JPY,labor_wage_8h,published_pdl,30100,原本の下段(括弧書き): 公共工事設計労務単価+必要経費(法定福利費の事業主負担額、労務管理費、宿舎費等)(試算値),2013-04,2013-04-01,mlit-roumu-h25,p16(横長の表) / p6(縦長の表),https://www.mlit.go.jp/common/000993048.pdf,PDL1.0,,
9c090d301e48c338,JP,labor,労務単価,溶接工,所定労働時間内8時間あたり,人日,pref,11,埼玉県,,,,22800,JPY,labor_wage_8h,published_pdl,32100,原本の下段(括弧書き): 公共工事設計労務単価+必要経費(法定福利費の事業主負担額、労務管理費、宿舎費等)(試算値),2013-04,2013-04-01,mlit-roumu-h25,p16(横長の表) / p6(縦長の表),https://www.mlit.go.jp/common/000993048.pdf,PDL1.0,,
8683b729962f2844,JP,labor,労務単価,運転手（特殊）,所定労働時間内8時間あたり,人日,pref,11,埼玉県,,,,20700,JPY,labor_wage_8h,published_pdl,29100,原本の下段(括弧書き): 公共工事設計労務単価+必要経費(法定福利費の事業主負担額、労務管理費、宿舎費等)(試算値),2013-04,2013-04-01,mlit-roumu-h25,p16(横長の表) / p6(縦長の表),https://www.mlit.go.jp/common/000993048.pdf,PDL1.0,,
8fb0c1fb3dbc6d3f,JP,labor,労務単価,運転手（一般）,所定労働時間内8時間あたり,人日,pref,11,埼玉県,,,,17900,JPY,labor_wage_8h,published_pdl,25200,原本の下段(括弧書き): 公共工事設計労務単価+必要経費(法定福利費の事業主負担額、労務管理費、宿舎費等)(試算値),2013-04,2013-04-01,mlit-roumu-h25,p16(横長の表) / p6(縦長の表),https://www.mlit.go.jp/common/000993048.pdf,PDL1.0,,
20895ec1b1f300ef,JP,labor,労務単価,潜かん工,所定労働時間内8時間あたり,人日,pref,11,埼玉県,,,,23900,JPY,labor_wage_8h,published_pdl,33600,原本の下段(括弧書き): 公共工事設計労務単価+必要経費(法定福利費の事業主負担額、労務管理費、宿舎費等)(試算値),2013-04,2013-04-01,mlit-roumu-h25,p16(横長の表) / p6(縦長の表),https://www.mlit.go.jp/common/000993048.pdf,PDL1.0,,
da0e05ad3f8eb43a,JP,labor,労務単価,潜かん世話役,所定労働時間内8時間あたり,人日,pref,11,埼玉県,,,,28400,JPY,labor_wage_8h,published_pdl,39900,原本の下段(括弧書き): 公共工事設計労務単価+必要経費(法定福利費の事業主負担額、労務管理費、宿舎費等)(試算値),2013-04,2013-04-01,mlit-roumu-h25,p16(横長の表) / p6(縦長の表),https://www.mlit.go.jp/common/000993048.pdf,PDL1.0,,
262e4a3d26275a92,JP,labor,労務単価,さく岩工,所定労働時間内8時間あたり,人日,pref,11,埼玉県,,,,21700,JPY,labor_wage_8h,published_pdl,30500,原本の下段(括弧書き): 公共工事設計労務単価+必要経費(法定福利費の事業主負担額、労務管理費、宿舎費等)(試算値),2013-04,2013-04-01,mlit-roumu-h25,p16(横長の表) / p6(縦長の表),https://www.mlit.go.jp/common/000993048.pdf,PDL1.0,,
0ed4133aa4312941,JP,labor,労務単価,トンネル特殊工,所定労働時間内8時間あたり,人日,pref,11,埼玉県,,,,22900,JPY,labor_wage_8h,published_pdl,32200,原本の下段(括弧書き): 公共工事設計労務単価+必要経費(法定福利費の事業主負担額、労務管理費、宿舎費等)(試算値),2013-04,2013-04-01,mlit-roumu-h25,p16(横長の表) / p6(縦長の表),https://www.mlit.go.jp/common/000993048.pdf,PDL1.0,,
5537de131e5b0767,JP,labor,労務単価,トンネル作業員,所定労働時間内8時間あたり,人日,pref,11,埼玉県,,,,19400,JPY,labor_wage_8h,published_pdl,27300,原本の下段(括弧書き): 公共工事設計労務単価+必要経費(法定福利費の事業主負担額、労務管理費、宿舎費等)(試算値),2013-04,2013-04-01,mlit-roumu-h25,p16(横長の表) / p6(縦長の表),https://www.mlit.go.jp/common/000993048.pdf,PDL1.0,,
c1da658d633fa924,JP,labor,労務単価,トンネル世話役,所定労働時間内8時間あたり,人日,pref,11,埼玉県,,,,25700,JPY,labor_wage_8h,published_pdl,36100,原本の下段(括弧書き): 公共工事設計労務単価+必要経費(法定福利費の事業主負担額、労務管理費、宿舎費等)(試算値),2013-04,2013-04-01,mlit-roumu-h25,p17(横長の表) / p7(縦長の表),https://www.mlit.go.jp/common/000993048.pdf,PDL1.0,,
c906b2de4005e985,JP,labor,労務単価,橋りょう特殊工,所定労働時間内8時間あたり,人日,pref,11,埼玉県,,,,23900,JPY,labor_wage_8h,published_pdl,33600,原本の下段(括弧書き): 公共工事設計労務単価+必要経費(法定福利費の事業主負担額、労務管理費、宿舎費等)(試算値),2013-04,2013-04-01,mlit-roumu-h25,p17(横長の表) / p7(縦長の表),https://www.mlit.go.jp/common/000993048.pdf,PDL1.0,,
c9b41324ad39c529,JP,labor,労務単価,橋りょう塗装工,所定労働時間内8時間あたり,人日,pref,11,埼玉県,,,,24900,JPY,labor_wage_8h,published_pdl,35000,原本の下段(括弧書き): 公共工事設計労務単価+必要経費(法定福利費の事業主負担額、労務管理費、宿舎費等)(試算値),2013-04,2013-04-01,mlit-roumu-h25,p17(横長の表) / p7(縦長の表),https://www.mlit.go.jp/common/000993048.pdf,PDL1.0,,
6f3902af9732039f,JP,labor,労務単価,橋りょう世話役,所定労働時間内8時間あたり,人日,pref,11,埼玉県,,,,27200,JPY,labor_wage_8h,published_pdl,38200,原本の下段(括弧書き): 公共工事設計労務単価+必要経費(法定福利費の事業主負担額、労務管理費、宿舎費等)(試算値),2013-04,2013-04-01,mlit-roumu-h25,p17(横長の表) / p7(縦長の表),https://www.mlit.go.jp/common/000993048.pdf,PDL1.0,,
1dab94c26e149b56,JP,labor,労務単価,土木一般世話役,所定労働時間内8時間あたり,人日,pref,11,埼玉県,,,,20800,JPY,labor_wage_8h,published_pdl,29200,原本の下段(括弧書き): 公共工事設計労務単価+必要経費(法定福利費の事業主負担額、労務管理費、宿舎費等)(試算値),2013-04,2013-04-01,mlit-roumu-h25,p17(横長の表) / p7(縦長の表),https://www.mlit.go.jp/common/000993048.pdf,PDL1.0,,
61d3e141acb5783e,JP,labor,労務単価,高級船員,所定労働時間内8時間あたり,人日,pref,11,埼玉県,,,,25900,JPY,labor_wage_8h,published_pdl,36400,原本の下段(括弧書き): 公共工事設計労務単価+必要経費(法定福利費の事業主負担額、労務管理費、宿舎費等)(試算値),2013-04,2013-04-01,mlit-roumu-h25,p17(横長の表) / p7(縦長の表),https://www.mlit.go.jp/common/000993048.pdf,PDL1.0,,
be71845b1d672091,JP,labor,労務単価,普通船員,所定労働時間内8時間あたり,人日,pref,11,埼玉県,,,,20200,JPY,labor_wage_8h,published_pdl,28400,原本の下段(括弧書き): 公共工事設計労務単価+必要経費(法定福利費の事業主負担額、労務管理費、宿舎費等)(試算値),2013-04,2013-04-01,mlit-roumu-h25,p17(横長の表) / p7(縦長の表),https://www.mlit.go.jp/common/000993048.pdf,PDL1.0,,
f56cadcedaebad1f,JP,labor,労務単価,潜水士,所定労働時間内8時間あたり,人日,pref,11,埼玉県,,,,32000,JPY,labor_wage_8h,published_pdl,45000,原本の下段(括弧書き): 公共工事設計労務単価+必要経費(法定福利費の事業主負担額、労務管理費、宿舎費等)(試算値),2013-04,2013-04-01,mlit-roumu-h25,p17(横長の表) / p7(縦長の表),https://www.mlit.go.jp/common/000993048.pdf,PDL1.0,,
6cc95e43e15efa79,JP,labor,労務単価,潜水連絡員,所定労働時間内8時間あたり,人日,pref,11,埼玉県,,,,22700,JPY,labor_wage_8h,published_pdl,31900,原本の下段(括弧書き): 公共工事設計労務単価+必要経費(法定福利費の事業主負担額、労務管理費、宿舎費等)(試算値),2013-04,2013-04-01,mlit-roumu-h25,p17(横長の表) / p7(縦長の表),https://www.mlit.go.jp/common/000993048.pdf,PDL1.0,,
aa0401f0be1cf440,JP,labor,労務単価,潜水送気員,所定労働時間内8時間あたり,人日,pref,11,埼玉県,,,,22700,JPY,labor_wage_8h,published_pdl,31900,原本の下段(括弧書き): 公共工事設計労務単価+必要経費(法定福利費の事業主負担額、労務管理費、宿舎費等)(試算値),2013-04,2013-04-01,mlit-roumu-h25,p17(横長の表) / p7(縦長の表),https://www.mlit.go.jp/common/000993048.pdf,PDL1.0,,
fb3f1026d9d773a1,JP,labor,労務単価,山林砂防工,所定労働時間内8時間あたり,人日,pref,11,埼玉県,,,,23200,JPY,labor_wage_8h,published_pdl,32600,原本の下段(括弧書き): 公共工事設計労務単価+必要経費(法定福利費の事業主負担額、労務管理費、宿舎費等)(試算値),2013-04,2013-04-01,mlit-roumu-h25,p17(横長の表) / p8(縦長の表),https://www.mlit.go.jp/common/000993048.pdf,PDL1.0,,
4f30fd24dc0d3d4f,JP,labor,労務単価,軌道工,所定労働時間内8時間あたり,人日,pref,11,埼玉県,,,,37300,JPY,labor_wage_8h,published_pdl,52400,原本の下段(括弧書き): 公共工事設計労務単価+必要経費(法定福利費の事業主負担額、労務管理費、宿舎費等)(試算値),2013-04,2013-04-01,mlit-roumu-h25,p17(横長の表) / p8(縦長の表),https://www.mlit.go.jp/common/000993048.pdf,PDL1.0,,
8b3be6f6ad02ce14,JP,labor,労務単価,型わく工,所定労働時間内8時間あたり,人日,pref,11,埼玉県,,,,20800,JPY,labor_wage_8h,published_pdl,29200,原本の下段(括弧書き): 公共工事設計労務単価+必要経費(法定福利費の事業主負担額、労務管理費、宿舎費等)(試算値),2013-04,2013-04-01,mlit-roumu-h25,p17(横長の表) / p8(縦長の表),https://www.mlit.go.jp/common/000993048.pdf,PDL1.0,,
32797ce25b478ea6,JP,labor,労務単価,大工,所定労働時間内8時間あたり,人日,pref,11,埼玉県,,,,21500,JPY,labor_wage_8h,published_pdl,30200,原本の下段(括弧書き): 公共工事設計労務単価+必要経費(法定福利費の事業主負担額、労務管理費、宿舎費等)(試算値),2013-04,2013-04-01,mlit-roumu-h25,p17(横長の表) / p8(縦長の表),https://www.mlit.go.jp/common/000993048.pdf,PDL1.0,,
3abdd74f952bb56d,JP,labor,労務単価,左官,所定労働時間内8時間あたり,人日,pref,11,埼玉県,,,,21500,JPY,labor_wage_8h,published_pdl,30200,原本の下段(括弧書き): 公共工事設計労務単価+必要経費(法定福利費の事業主負担額、労務管理費、宿舎費等)(試算値),2013-04,2013-04-01,mlit-roumu-h25,p17(横長の表) / p8(縦長の表),https://www.mlit.go.jp/common/000993048.pdf,PDL1.0,,
7d7d7944ef38e8b4,JP,labor,労務単価,配管工,所定労働時間内8時間あたり,人日,pref,11,埼玉県,,,,18800,JPY,labor_wage_8h,published_pdl,26400,原本の下段(括弧書き): 公共工事設計労務単価+必要経費(法定福利費の事業主負担額、労務管理費、宿舎費等)(試算値),2013-04,2013-04-01,mlit-roumu-h25,p17(横長の表) / p8(縦長の表),https://www.mlit.go.jp/common/000993048.pdf,PDL1.0,,
e603ba6e563f732c,JP,labor,労務単価,はつり工,所定労働時間内8時間あたり,人日,pref,11,埼玉県,,,,19900,JPY,labor_wage_8h,published_pdl,28000,原本の下段(括弧書き): 公共工事設計労務単価+必要経費(法定福利費の事業主負担額、労務管理費、宿舎費等)(試算値),2013-04,2013-04-01,mlit-roumu-h25,p17(横長の表) / p8(縦長の表),https://www.mlit.go.jp/common/000993048.pdf,PDL1.0,,
10bf131f52d0a273,JP,labor,労務単価,防水工,所定労働時間内8時間あたり,人日,pref,11,埼玉県,,,,23100,JPY,labor_wage_8h,published_pdl,32500,原本の下段(括弧書き): 公共工事設計労務単価+必要経費(法定福利費の事業主負担額、労務管理費、宿舎費等)(試算値),2013-04,2013-04-01,mlit-roumu-h25,p17(横長の表) / p8(縦長の表),https://www.mlit.go.jp/common/000993048.pdf,PDL1.0,,
45777f3580dbdf6f,JP,labor,労務単価,板金工,所定労働時間内8時間あたり,人日,pref,11,埼玉県,,,,22300,JPY,labor_wage_8h,published_pdl,31400,原本の下段(括弧書き): 公共工事設計労務単価+必要経費(法定福利費の事業主負担額、労務管理費、宿舎費等)(試算値),2013-04,2013-04-01,mlit-roumu-h25,p17(横長の表) / p8(縦長の表),https://www.mlit.go.jp/common/000993048.pdf,PDL1.0,,
bc036af86fa1318c,JP,labor,労務単価,タイル工,所定労働時間内8時間あたり,人日,pref,11,埼玉県,,,,21700,JPY,labor_wage_8h,published_pdl,30500,原本の下段(括弧書き): 公共工事設計労務単価+必要経費(法定福利費の事業主負担額、労務管理費、宿舎費等)(試算値),2013-04,2013-04-01,mlit-roumu-h25,p17(横長の表) / p8(縦長の表),https://www.mlit.go.jp/common/000993048.pdf,PDL1.0,,
0d2d01b28d471dd6,JP,labor,労務単価,サッシ工,所定労働時間内8時間あたり,人日,pref,11,埼玉県,,,,20500,JPY,labor_wage_8h,published_pdl,28800,原本の下段(括弧書き): 公共工事設計労務単価+必要経費(法定福利費の事業主負担額、労務管理費、宿舎費等)(試算値),2013-04,2013-04-01,mlit-roumu-h25,p18(横長の表) / p9(縦長の表),https://www.mlit.go.jp/common/000993048.pdf,PDL1.0,,
8e6a86f3a4468394,JP,labor,労務単価,内装工,所定労働時間内8時間あたり,人日,pref,11,埼玉県,,,,21500,JPY,labor_wage_8h,published_pdl,30200,原本の下段(括弧書き): 公共工事設計労務単価+必要経費(法定福利費の事業主負担額、労務管理費、宿舎費等)(試算値),2013-04,2013-04-01,mlit-roumu-h25,p18(横長の表) / p9(縦長の表),https://www.mlit.go.jp/common/000993048.pdf,PDL1.0,,
c6efcbdc793dc1bb,JP,labor,労務単価,ガラス工,所定労働時間内8時間あたり,人日,pref,11,埼玉県,,,,19800,JPY,labor_wage_8h,published_pdl,27800,原本の下段(括弧書き): 公共工事設計労務単価+必要経費(法定福利費の事業主負担額、労務管理費、宿舎費等)(試算値),2013-04,2013-04-01,mlit-roumu-h25,p18(横長の表) / p9(縦長の表),https://www.mlit.go.jp/common/000993048.pdf,PDL1.0,,
0b307e8ab507ea86,JP,labor,労務単価,建具工,所定労働時間内8時間あたり,人日,pref,11,埼玉県,,,,22200,JPY,labor_wage_8h,published_pdl,31200,原本の下段(括弧書き): 公共工事設計労務単価+必要経費(法定福利費の事業主負担額、労務管理費、宿舎費等)(試算値),2013-04,2013-04-01,mlit-roumu-h25,p18(横長の表) / p9(縦長の表),https://www.mlit.go.jp/common/000993048.pdf,PDL1.0,,
614997453aa99b9f,JP,labor,労務単価,ダクト工,所定労働時間内8時間あたり,人日,pref,11,埼玉県,,,,18400,JPY,labor_wage_8h,published_pdl,25900,原本の下段(括弧書き): 公共工事設計労務単価+必要経費(法定福利費の事業主負担額、労務管理費、宿舎費等)(試算値),2013-04,2013-04-01,mlit-roumu-h25,p18(横長の表) / p9(縦長の表),https://www.mlit.go.jp/common/000993048.pdf,PDL1.0,,
63524b51f5a50c01,JP,labor,労務単価,保温工,所定労働時間内8時間あたり,人日,pref,11,埼玉県,,,,18500,JPY,labor_wage_8h,published_pdl,26000,原本の下段(括弧書き): 公共工事設計労務単価+必要経費(法定福利費の事業主負担額、労務管理費、宿舎費等)(試算値),2013-04,2013-04-01,mlit-roumu-h25,p18(横長の表) / p9(縦長の表),https://www.mlit.go.jp/common/000993048.pdf,PDL1.0,,
4fa62213142521f1,JP,labor,労務単価,建築ブロック工,所定労働時間内8時間あたり,人日,pref,11,埼玉県,,,,,JPY,labor_wage_8h,not_set,,,2013-04,2013-04-01,mlit-roumu-h25,p18(横長の表) / p9(縦長の表),https://www.mlit.go.jp/common/000993048.pdf,PDL1.0,,原本の表で『-』(この都道府県ではこの職種の単価を設定していない)
249a9bcfdd74d0cd,JP,labor,労務単価,設備機械工,所定労働時間内8時間あたり,人日,pref,11,埼玉県,,,,19700,JPY,labor_wage_8h,published_pdl,27700,原本の下段(括弧書き): 公共工事設計労務単価+必要経費(法定福利費の事業主負担額、労務管理費、宿舎費等)(試算値),2013-04,2013-04-01,mlit-roumu-h25,p18(横長の表) / p9(縦長の表),https://www.mlit.go.jp/common/000993048.pdf,PDL1.0,,
f2d9bf8e891b3de5,JP,labor,労務単価,交通誘導員Ａ,所定労働時間内8時間あたり,人日,pref,11,埼玉県,,,,10600,JPY,labor_wage_8h,published_pdl,14900,原本の下段(括弧書き): 公共工事設計労務単価+必要経費(法定福利費の事業主負担額、労務管理費、宿舎費等)(試算値),2013-04,2013-04-01,mlit-roumu-h25,p18(横長の表) / p9(縦長の表),https://www.mlit.go.jp/common/000993048.pdf,PDL1.0,,
f8aa0abafed46e48,JP,labor,労務単価,交通誘導員Ｂ,所定労働時間内8時間あたり,人日,pref,11,埼玉県,,,,9800,JPY,labor_wage_8h,published_pdl,13800,原本の下段(括弧書き): 公共工事設計労務単価+必要経費(法定福利費の事業主負担額、労務管理費、宿舎費等)(試算値),2013-04,2013-04-01,mlit-roumu-h25,p18(横長の表) / p9(縦長の表),https://www.mlit.go.jp/common/000993048.pdf,PDL1.0,,
34a68e45ab8853e0,JP,labor,労務単価,特殊作業員,所定労働時間内8時間あたり,人日,pref,12,千葉県,,,,19200,JPY,labor_wage_8h,published_pdl,27000,原本の下段(括弧書き): 公共工事設計労務単価+必要経費(法定福利費の事業主負担額、労務管理費、宿舎費等)(試算値),2013-04,2013-04-01,mlit-roumu-h25,p16(横長の表) / p5(縦長の表),https://www.mlit.go.jp/common/000993048.pdf,PDL1.0,,
614c16c38a87ddf4,JP,labor,労務単価,普通作業員,所定労働時間内8時間あたり,人日,pref,12,千葉県,,,,16400,JPY,labor_wage_8h,published_pdl,23100,原本の下段(括弧書き): 公共工事設計労務単価+必要経費(法定福利費の事業主負担額、労務管理費、宿舎費等)(試算値),2013-04,2013-04-01,mlit-roumu-h25,p16(横長の表) / p5(縦長の表),https://www.mlit.go.jp/common/000993048.pdf,PDL1.0,,
730b7ee2b12d0bbc,JP,labor,労務単価,軽作業員,所定労働時間内8時間あたり,人日,pref,12,千葉県,,,,12200,JPY,labor_wage_8h,published_pdl,17200,原本の下段(括弧書き): 公共工事設計労務単価+必要経費(法定福利費の事業主負担額、労務管理費、宿舎費等)(試算値),2013-04,2013-04-01,mlit-roumu-h25,p16(横長の表) / p5(縦長の表),https://www.mlit.go.jp/common/000993048.pdf,PDL1.0,,
7550a8dae930f44f,JP,labor,労務単価,造園工,所定労働時間内8時間あたり,人日,pref,12,千葉県,,,,18700,JPY,labor_wage_8h,published_pdl,26300,原本の下段(括弧書き): 公共工事設計労務単価+必要経費(法定福利費の事業主負担額、労務管理費、宿舎費等)(試算値),2013-04,2013-04-01,mlit-roumu-h25,p16(横長の表) / p5(縦長の表),https://www.mlit.go.jp/common/000993048.pdf,PDL1.0,,
ccd03c233945e947,JP,labor,労務単価,法面工,所定労働時間内8時間あたり,人日,pref,12,千葉県,,,,20800,JPY,labor_wage_8h,published_pdl,29200,原本の下段(括弧書き): 公共工事設計労務単価+必要経費(法定福利費の事業主負担額、労務管理費、宿舎費等)(試算値),2013-04,2013-04-01,mlit-roumu-h25,p16(横長の表) / p5(縦長の表),https://www.mlit.go.jp/common/000993048.pdf,PDL1.0,,
d591c2a68335dc34,JP,labor,労務単価,とび工,所定労働時間内8時間あたり,人日,pref,12,千葉県,,,,22200,JPY,labor_wage_8h,published_pdl,31200,原本の下段(括弧書き): 公共工事設計労務単価+必要経費(法定福利費の事業主負担額、労務管理費、宿舎費等)(試算値),2013-04,2013-04-01,mlit-roumu-h25,p16(横長の表) / p5(縦長の表),https://www.mlit.go.jp/common/000993048.pdf,PDL1.0,,
4a1e9fd98dd3e72e,JP,labor,労務単価,石工,所定労働時間内8時間あたり,人日,pref,12,千葉県,,,,23100,JPY,labor_wage_8h,published_pdl,32500,原本の下段(括弧書き): 公共工事設計労務単価+必要経費(法定福利費の事業主負担額、労務管理費、宿舎費等)(試算値),2013-04,2013-04-01,mlit-roumu-h25,p16(横長の表) / p5(縦長の表),https://www.mlit.go.jp/common/000993048.pdf,PDL1.0,,
4402a52ea0903e7b,JP,labor,労務単価,ブロック工,所定労働時間内8時間あたり,人日,pref,12,千葉県,,,,21500,JPY,labor_wage_8h,published_pdl,30200,原本の下段(括弧書き): 公共工事設計労務単価+必要経費(法定福利費の事業主負担額、労務管理費、宿舎費等)(試算値),2013-04,2013-04-01,mlit-roumu-h25,p16(横長の表) / p5(縦長の表),https://www.mlit.go.jp/common/000993048.pdf,PDL1.0,,
4b1f156933860dc7,JP,labor,労務単価,電工,所定労働時間内8時間あたり,人日,pref,12,千葉県,,,,20600,JPY,labor_wage_8h,published_pdl,29000,原本の下段(括弧書き): 公共工事設計労務単価+必要経費(法定福利費の事業主負担額、労務管理費、宿舎費等)(試算値),2013-04,2013-04-01,mlit-roumu-h25,p16(横長の表) / p5(縦長の表),https://www.mlit.go.jp/common/000993048.pdf,PDL1.0,,
cfbc6ffb8ac20e3c,JP,labor,労務単価,鉄筋工,所定労働時間内8時間あたり,人日,pref,12,千葉県,,,,22500,JPY,labor_wage_8h,published_pdl,31600,原本の下段(括弧書き): 公共工事設計労務単価+必要経費(法定福利費の事業主負担額、労務管理費、宿舎費等)(試算値),2013-04,2013-04-01,mlit-roumu-h25,p16(横長の表) / p5(縦長の表),https://www.mlit.go.jp/common/000993048.pdf,PDL1.0,,
f75f34dca78d5953,JP,labor,労務単価,鉄骨工,所定労働時間内8時間あたり,人日,pref,12,千葉県,,,,20100,JPY,labor_wage_8h,published_pdl,28300,原本の下段(括弧書き): 公共工事設計労務単価+必要経費(法定福利費の事業主負担額、労務管理費、宿舎費等)(試算値),2013-04,2013-04-01,mlit-roumu-h25,p16(横長の表) / p6(縦長の表),https://www.mlit.go.jp/common/000993048.pdf,PDL1.0,,
a298385a7d919f52,JP,labor,労務単価,塗装工,所定労働時間内8時間あたり,人日,pref,12,千葉県,,,,21600,JPY,labor_wage_8h,published_pdl,30400,原本の下段(括弧書き): 公共工事設計労務単価+必要経費(法定福利費の事業主負担額、労務管理費、宿舎費等)(試算値),2013-04,2013-04-01,mlit-roumu-h25,p16(横長の表) / p6(縦長の表),https://www.mlit.go.jp/common/000993048.pdf,PDL1.0,,
4aa3305fd2e2605d,JP,labor,労務単価,溶接工,所定労働時間内8時間あたり,人日,pref,12,千葉県,,,,22900,JPY,labor_wage_8h,published_pdl,32200,原本の下段(括弧書き): 公共工事設計労務単価+必要経費(法定福利費の事業主負担額、労務管理費、宿舎費等)(試算値),2013-04,2013-04-01,mlit-roumu-h25,p16(横長の表) / p6(縦長の表),https://www.mlit.go.jp/common/000993048.pdf,PDL1.0,,
837f7d351b9f7293,JP,labor,労務単価,運転手（特殊）,所定労働時間内8時間あたり,人日,pref,12,千葉県,,,,19900,JPY,labor_wage_8h,published_pdl,28000,原本の下段(括弧書き): 公共工事設計労務単価+必要経費(法定福利費の事業主負担額、労務管理費、宿舎費等)(試算値),2013-04,2013-04-01,mlit-roumu-h25,p16(横長の表) / p6(縦長の表),https://www.mlit.go.jp/common/000993048.pdf,PDL1.0,,
b7d4f86a7bf2992c,JP,labor,労務単価,運転手（一般）,所定労働時間内8時間あたり,人日,pref,12,千葉県,,,,17800,JPY,labor_wage_8h,published_pdl,25000,原本の下段(括弧書き): 公共工事設計労務単価+必要経費(法定福利費の事業主負担額、労務管理費、宿舎費等)(試算値),2013-04,2013-04-01,mlit-roumu-h25,p16(横長の表) / p6(縦長の表),https://www.mlit.go.jp/common/000993048.pdf,PDL1.0,,
a4233398ae2a5aa8,JP,labor,労務単価,潜かん工,所定労働時間内8時間あたり,人日,pref,12,千葉県,,,,23900,JPY,labor_wage_8h,published_pdl,33600,原本の下段(括弧書き): 公共工事設計労務単価+必要経費(法定福利費の事業主負担額、労務管理費、宿舎費等)(試算値),2013-04,2013-04-01,mlit-roumu-h25,p16(横長の表) / p6(縦長の表),https://www.mlit.go.jp/common/000993048.pdf,PDL1.0,,
73da7a085f918c94,JP,labor,労務単価,潜かん世話役,所定労働時間内8時間あたり,人日,pref,12,千葉県,,,,28400,JPY,labor_wage_8h,published_pdl,39900,原本の下段(括弧書き): 公共工事設計労務単価+必要経費(法定福利費の事業主負担額、労務管理費、宿舎費等)(試算値),2013-04,2013-04-01,mlit-roumu-h25,p16(横長の表) / p6(縦長の表),https://www.mlit.go.jp/common/000993048.pdf,PDL1.0,,
e2633875309cb02f,JP,labor,労務単価,さく岩工,所定労働時間内8時間あたり,人日,pref,12,千葉県,,,,21700,JPY,labor_wage_8h,published_pdl,30500,原本の下段(括弧書き): 公共工事設計労務単価+必要経費(法定福利費の事業主負担額、労務管理費、宿舎費等)(試算値),2013-04,2013-04-01,mlit-roumu-h25,p16(横長の表) / p6(縦長の表),https://www.mlit.go.jp/common/000993048.pdf,PDL1.0,,
944f9d59153d3529,JP,labor,労務単価,トンネル特殊工,所定労働時間内8時間あたり,人日,pref,12,千葉県,,,,22700,JPY,labor_wage_8h,published_pdl,31900,原本の下段(括弧書き): 公共工事設計労務単価+必要経費(法定福利費の事業主負担額、労務管理費、宿舎費等)(試算値),2013-04,2013-04-01,mlit-roumu-h25,p16(横長の表) / p6(縦長の表),https://www.mlit.go.jp/common/000993048.pdf,PDL1.0,,
fafb1498aed37f65,JP,labor,労務単価,トンネル作業員,所定労働時間内8時間あたり,人日,pref,12,千葉県,,,,19400,JPY,labor_wage_8h,published_pdl,27300,原本の下段(括弧書き): 公共工事設計労務単価+必要経費(法定福利費の事業主負担額、労務管理費、宿舎費等)(試算値),2013-04,2013-04-01,mlit-roumu-h25,p16(横長の表) / p6(縦長の表),https://www.mlit.go.jp/common/000993048.pdf,PDL1.0,,
3e22c66d974a1f8d,JP,labor,労務単価,トンネル世話役,所定労働時間内8時間あたり,人日,pref,12,千葉県,,,,25700,JPY,labor_wage_8h,published_pdl,36100,原本の下段(括弧書き): 公共工事設計労務単価+必要経費(法定福利費の事業主負担額、労務管理費、宿舎費等)(試算値),2013-04,2013-04-01,mlit-roumu-h25,p17(横長の表) / p7(縦長の表),https://www.mlit.go.jp/common/000993048.pdf,PDL1.0,,
8bedfe491a842dd5,JP,labor,労務単価,橋りょう特殊工,所定労働時間内8時間あたり,人日,pref,12,千葉県,,,,23900,JPY,labor_wage_8h,published_pdl,33600,原本の下段(括弧書き): 公共工事設計労務単価+必要経費(法定福利費の事業主負担額、労務管理費、宿舎費等)(試算値),2013-04,2013-04-01,mlit-roumu-h25,p17(横長の表) / p7(縦長の表),https://www.mlit.go.jp/common/000993048.pdf,PDL1.0,,
e4acffc88e19b7b7,JP,labor,労務単価,橋りょう塗装工,所定労働時間内8時間あたり,人日,pref,12,千葉県,,,,24900,JPY,labor_wage_8h,published_pdl,35000,原本の下段(括弧書き): 公共工事設計労務単価+必要経費(法定福利費の事業主負担額、労務管理費、宿舎費等)(試算値),2013-04,2013-04-01,mlit-roumu-h25,p17(横長の表) / p7(縦長の表),https://www.mlit.go.jp/common/000993048.pdf,PDL1.0,,
10489589e80a5707,JP,labor,労務単価,橋りょう世話役,所定労働時間内8時間あたり,人日,pref,12,千葉県,,,,27200,JPY,labor_wage_8h,published_pdl,38200,原本の下段(括弧書き): 公共工事設計労務単価+必要経費(法定福利費の事業主負担額、労務管理費、宿舎費等)(試算値),2013-04,2013-04-01,mlit-roumu-h25,p17(横長の表) / p7(縦長の表),https://www.mlit.go.jp/common/000993048.pdf,PDL1.0,,
7a09e6bcc00c2f6b,JP,labor,労務単価,土木一般世話役,所定労働時間内8時間あたり,人日,pref,12,千葉県,,,,21300,JPY,labor_wage_8h,published_pdl,29900,原本の下段(括弧書き): 公共工事設計労務単価+必要経費(法定福利費の事業主負担額、労務管理費、宿舎費等)(試算値),2013-04,2013-04-01,mlit-roumu-h25,p17(横長の表) / p7(縦長の表),https://www.mlit.go.jp/common/000993048.pdf,PDL1.0,,
f55b010ccb6d57a7,JP,labor,労務単価,高級船員,所定労働時間内8時間あたり,人日,pref,12,千葉県,,,,25900,JPY,labor_wage_8h,published_pdl,36400,原本の下段(括弧書き): 公共工事設計労務単価+必要経費(法定福利費の事業主負担額、労務管理費、宿舎費等)(試算値),2013-04,2013-04-01,mlit-roumu-h25,p17(横長の表) / p7(縦長の表),https://www.mlit.go.jp/common/000993048.pdf,PDL1.0,,
c77df19dfcb22df3,JP,labor,労務単価,普通船員,所定労働時間内8時間あたり,人日,pref,12,千葉県,,,,20200,JPY,labor_wage_8h,published_pdl,28400,原本の下段(括弧書き): 公共工事設計労務単価+必要経費(法定福利費の事業主負担額、労務管理費、宿舎費等)(試算値),2013-04,2013-04-01,mlit-roumu-h25,p17(横長の表) / p7(縦長の表),https://www.mlit.go.jp/common/000993048.pdf,PDL1.0,,
a80001eeaa097fab,JP,labor,労務単価,潜水士,所定労働時間内8時間あたり,人日,pref,12,千葉県,,,,32000,JPY,labor_wage_8h,published_pdl,45000,原本の下段(括弧書き): 公共工事設計労務単価+必要経費(法定福利費の事業主負担額、労務管理費、宿舎費等)(試算値),2013-04,2013-04-01,mlit-roumu-h25,p17(横長の表) / p7(縦長の表),https://www.mlit.go.jp/common/000993048.pdf,PDL1.0,,
ebd36808ad9482aa,JP,labor,労務単価,潜水連絡員,所定労働時間内8時間あたり,人日,pref,12,千葉県,,,,22700,JPY,labor_wage_8h,published_pdl,31900,原本の下段(括弧書き): 公共工事設計労務単価+必要経費(法定福利費の事業主負担額、労務管理費、宿舎費等)(試算値),2013-04,2013-04-01,mlit-roumu-h25,p17(横長の表) / p7(縦長の表),https://www.mlit.go.jp/common/000993048.pdf,PDL1.0,,
e8682ad122c3c63d,JP,labor,労務単価,潜水送気員,所定労働時間内8時間あたり,人日,pref,12,千葉県,,,,22700,JPY,labor_wage_8h,published_pdl,31900,原本の下段(括弧書き): 公共工事設計労務単価+必要経費(法定福利費の事業主負担額、労務管理費、宿舎費等)(試算値),2013-04,2013-04-01,mlit-roumu-h25,p17(横長の表) / p7(縦長の表),https://www.mlit.go.jp/common/000993048.pdf,PDL1.0,,
820f15faae12bb46,JP,labor,労務単価,山林砂防工,所定労働時間内8時間あたり,人日,pref,12,千葉県,,,,23700,JPY,labor_wage_8h,published_pdl,33300,原本の下段(括弧書き): 公共工事設計労務単価+必要経費(法定福利費の事業主負担額、労務管理費、宿舎費等)(試算値),2013-04,2013-04-01,mlit-roumu-h25,p17(横長の表) / p8(縦長の表),https://www.mlit.go.jp/common/000993048.pdf,PDL1.0,,
92d0207d6ef5bfe0,JP,labor,労務単価,軌道工,所定労働時間内8時間あたり,人日,pref,12,千葉県,,,,38100,JPY,labor_wage_8h,published_pdl,53600,原本の下段(括弧書き): 公共工事設計労務単価+必要経費(法定福利費の事業主負担額、労務管理費、宿舎費等)(試算値),2013-04,2013-04-01,mlit-roumu-h25,p17(横長の表) / p8(縦長の表),https://www.mlit.go.jp/common/000993048.pdf,PDL1.0,,
2ddc40eb5a64aac2,JP,labor,労務単価,型わく工,所定労働時間内8時間あたり,人日,pref,12,千葉県,,,,20200,JPY,labor_wage_8h,published_pdl,28400,原本の下段(括弧書き): 公共工事設計労務単価+必要経費(法定福利費の事業主負担額、労務管理費、宿舎費等)(試算値),2013-04,2013-04-01,mlit-roumu-h25,p17(横長の表) / p8(縦長の表),https://www.mlit.go.jp/common/000993048.pdf,PDL1.0,,
f16fd72fce2a0c14,JP,labor,労務単価,大工,所定労働時間内8時間あたり,人日,pref,12,千葉県,,,,22900,JPY,labor_wage_8h,published_pdl,32200,原本の下段(括弧書き): 公共工事設計労務単価+必要経費(法定福利費の事業主負担額、労務管理費、宿舎費等)(試算値),2013-04,2013-04-01,mlit-roumu-h25,p17(横長の表) / p8(縦長の表),https://www.mlit.go.jp/common/000993048.pdf,PDL1.0,,
e10a9deacdf1b002,JP,labor,労務単価,左官,所定労働時間内8時間あたり,人日,pref,12,千葉県,,,,22000,JPY,labor_wage_8h,published_pdl,30900,原本の下段(括弧書き): 公共工事設計労務単価+必要経費(法定福利費の事業主負担額、労務管理費、宿舎費等)(試算値),2013-04,2013-04-01,mlit-roumu-h25,p17(横長の表) / p8(縦長の表),https://www.mlit.go.jp/common/000993048.pdf,PDL1.0,,
ad9c30723924b8a9,JP,labor,労務単価,配管工,所定労働時間内8時間あたり,人日,pref,12,千葉県,,,,19300,JPY,labor_wage_8h,published_pdl,27100,原本の下段(括弧書き): 公共工事設計労務単価+必要経費(法定福利費の事業主負担額、労務管理費、宿舎費等)(試算値),2013-04,2013-04-01,mlit-roumu-h25,p17(横長の表) / p8(縦長の表),https://www.mlit.go.jp/common/000993048.pdf,PDL1.0,,
6f9f932afe539d33,JP,labor,労務単価,はつり工,所定労働時間内8時間あたり,人日,pref,12,千葉県,,,,20700,JPY,labor_wage_8h,published_pdl,29100,原本の下段(括弧書き): 公共工事設計労務単価+必要経費(法定福利費の事業主負担額、労務管理費、宿舎費等)(試算値),2013-04,2013-04-01,mlit-roumu-h25,p17(横長の表) / p8(縦長の表),https://www.mlit.go.jp/common/000993048.pdf,PDL1.0,,
44e0927f0dfa75a4,JP,labor,労務単価,防水工,所定労働時間内8時間あたり,人日,pref,12,千葉県,,,,23200,JPY,labor_wage_8h,published_pdl,32600,原本の下段(括弧書き): 公共工事設計労務単価+必要経費(法定福利費の事業主負担額、労務管理費、宿舎費等)(試算値),2013-04,2013-04-01,mlit-roumu-h25,p17(横長の表) / p8(縦長の表),https://www.mlit.go.jp/common/000993048.pdf,PDL1.0,,
5b7a26e6546b4232,JP,labor,労務単価,板金工,所定労働時間内8時間あたり,人日,pref,12,千葉県,,,,22400,JPY,labor_wage_8h,published_pdl,31500,原本の下段(括弧書き): 公共工事設計労務単価+必要経費(法定福利費の事業主負担額、労務管理費、宿舎費等)(試算値),2013-04,2013-04-01,mlit-roumu-h25,p17(横長の表) / p8(縦長の表),https://www.mlit.go.jp/common/000993048.pdf,PDL1.0,,
881adedc5c6b6960,JP,labor,労務単価,タイル工,所定労働時間内8時間あたり,人日,pref,12,千葉県,,,,21700,JPY,labor_wage_8h,published_pdl,30500,原本の下段(括弧書き): 公共工事設計労務単価+必要経費(法定福利費の事業主負担額、労務管理費、宿舎費等)(試算値),2013-04,2013-04-01,mlit-roumu-h25,p17(横長の表) / p8(縦長の表),https://www.mlit.go.jp/common/000993048.pdf,PDL1.0,,
859f15bdf664ac64,JP,labor,労務単価,サッシ工,所定労働時間内8時間あたり,人日,pref,12,千葉県,,,,20600,JPY,labor_wage_8h,published_pdl,29000,原本の下段(括弧書き): 公共工事設計労務単価+必要経費(法定福利費の事業主負担額、労務管理費、宿舎費等)(試算値),2013-04,2013-04-01,mlit-roumu-h25,p18(横長の表) / p9(縦長の表),https://www.mlit.go.jp/common/000993048.pdf,PDL1.0,,
228bdd90547cf838,JP,labor,労務単価,内装工,所定労働時間内8時間あたり,人日,pref,12,千葉県,,,,21300,JPY,labor_wage_8h,published_pdl,29900,原本の下段(括弧書き): 公共工事設計労務単価+必要経費(法定福利費の事業主負担額、労務管理費、宿舎費等)(試算値),2013-04,2013-04-01,mlit-roumu-h25,p18(横長の表) / p9(縦長の表),https://www.mlit.go.jp/common/000993048.pdf,PDL1.0,,
690949d10e2e089b,JP,labor,労務単価,ガラス工,所定労働時間内8時間あたり,人日,pref,12,千葉県,,,,19800,JPY,labor_wage_8h,published_pdl,27800,原本の下段(括弧書き): 公共工事設計労務単価+必要経費(法定福利費の事業主負担額、労務管理費、宿舎費等)(試算値),2013-04,2013-04-01,mlit-roumu-h25,p18(横長の表) / p9(縦長の表),https://www.mlit.go.jp/common/000993048.pdf,PDL1.0,,
7683244a4abd99eb,JP,labor,労務単価,建具工,所定労働時間内8時間あたり,人日,pref,12,千葉県,,,,22200,JPY,labor_wage_8h,published_pdl,31200,原本の下段(括弧書き): 公共工事設計労務単価+必要経費(法定福利費の事業主負担額、労務管理費、宿舎費等)(試算値),2013-04,2013-04-01,mlit-roumu-h25,p18(横長の表) / p9(縦長の表),https://www.mlit.go.jp/common/000993048.pdf,PDL1.0,,
bbdc4fbebc7fda6f,JP,labor,労務単価,ダクト工,所定労働時間内8時間あたり,人日,pref,12,千葉県,,,,18500,JPY,labor_wage_8h,published_pdl,26000,原本の下段(括弧書き): 公共工事設計労務単価+必要経費(法定福利費の事業主負担額、労務管理費、宿舎費等)(試算値),2013-04,2013-04-01,mlit-roumu-h25,p18(横長の表) / p9(縦長の表),https://www.mlit.go.jp/common/000993048.pdf,PDL1.0,,
c4624ca3f5087cdd,JP,labor,労務単価,保温工,所定労働時間内8時間あたり,人日,pref,12,千葉県,,,,18500,JPY,labor_wage_8h,published_pdl,26000,原本の下段(括弧書き): 公共工事設計労務単価+必要経費(法定福利費の事業主負担額、労務管理費、宿舎費等)(試算値),2013-04,2013-04-01,mlit-roumu-h25,p18(横長の表) / p9(縦長の表),https://www.mlit.go.jp/common/000993048.pdf,PDL1.0,,
6581336a970dca25,JP,labor,労務単価,建築ブロック工,所定労働時間内8時間あたり,人日,pref,12,千葉県,,,,,JPY,labor_wage_8h,not_set,,,2013-04,2013-04-01,mlit-roumu-h25,p18(横長の表) / p9(縦長の表),https://www.mlit.go.jp/common/000993048.pdf,PDL1.0,,原本の表で『-』(この都道府県ではこの職種の単価を設定していない)
8b974db362cd29af,JP,labor,労務単価,設備機械工,所定労働時間内8時間あたり,人日,pref,12,千葉県,,,,20000,JPY,labor_wage_8h,published_pdl,28100,原本の下段(括弧書き): 公共工事設計労務単価+必要経費(法定福利費の事業主負担額、労務管理費、宿舎費等)(試算値),2013-04,2013-04-01,mlit-roumu-h25,p18(横長の表) / p9(縦長の表),https://www.mlit.go.jp/common/000993048.pdf,PDL1.0,,
38e12d9f9b964f86,JP,labor,労務単価,交通誘導員Ａ,所定労働時間内8時間あたり,人日,pref,12,千葉県,,,,10800,JPY,labor_wage_8h,published_pdl,15200,原本の下段(括弧書き): 公共工事設計労務単価+必要経費(法定福利費の事業主負担額、労務管理費、宿舎費等)(試算値),2013-04,2013-04-01,mlit-roumu-h25,p18(横長の表) / p9(縦長の表),https://www.mlit.go.jp/common/000993048.pdf,PDL1.0,,
3e9f324a281c52ac,JP,labor,労務単価,交通誘導員Ｂ,所定労働時間内8時間あたり,人日,pref,12,千葉県,,,,9800,JPY,labor_wage_8h,published_pdl,13800,原本の下段(括弧書き): 公共工事設計労務単価+必要経費(法定福利費の事業主負担額、労務管理費、宿舎費等)(試算値),2013-04,2013-04-01,mlit-roumu-h25,p18(横長の表) / p9(縦長の表),https://www.mlit.go.jp/common/000993048.pdf,PDL1.0,,
246a2b4b85ecda98,JP,labor,労務単価,特殊作業員,所定労働時間内8時間あたり,人日,pref,13,東京都,,,,20600,JPY,labor_wage_8h,published_pdl,29000,原本の下段(括弧書き): 公共工事設計労務単価+必要経費(法定福利費の事業主負担額、労務管理費、宿舎費等)(試算値),2013-04,2013-04-01,mlit-roumu-h25,p16(横長の表) / p5(縦長の表),https://www.mlit.go.jp/common/000993048.pdf,PDL1.0,,
69c31df79247417c,JP,labor,労務単価,普通作業員,所定労働時間内8時間あたり,人日,pref,13,東京都,,,,17200,JPY,labor_wage_8h,published_pdl,24200,原本の下段(括弧書き): 公共工事設計労務単価+必要経費(法定福利費の事業主負担額、労務管理費、宿舎費等)(試算値),2013-04,2013-04-01,mlit-roumu-h25,p16(横長の表) / p5(縦長の表),https://www.mlit.go.jp/common/000993048.pdf,PDL1.0,,
7bf4a93e3f67c6ef,JP,labor,労務単価,軽作業員,所定労働時間内8時間あたり,人日,pref,13,東京都,,,,12800,JPY,labor_wage_8h,published_pdl,18000,原本の下段(括弧書き): 公共工事設計労務単価+必要経費(法定福利費の事業主負担額、労務管理費、宿舎費等)(試算値),2013-04,2013-04-01,mlit-roumu-h25,p16(横長の表) / p5(縦長の表),https://www.mlit.go.jp/common/000993048.pdf,PDL1.0,,
d3cc9ae3bf398fa2,JP,labor,労務単価,造園工,所定労働時間内8時間あたり,人日,pref,13,東京都,,,,18700,JPY,labor_wage_8h,published_pdl,26300,原本の下段(括弧書き): 公共工事設計労務単価+必要経費(法定福利費の事業主負担額、労務管理費、宿舎費等)(試算値),2013-04,2013-04-01,mlit-roumu-h25,p16(横長の表) / p5(縦長の表),https://www.mlit.go.jp/common/000993048.pdf,PDL1.0,,
0a60bf0f60a1dd24,JP,labor,労務単価,法面工,所定労働時間内8時間あたり,人日,pref,13,東京都,,,,21800,JPY,labor_wage_8h,published_pdl,30700,原本の下段(括弧書き): 公共工事設計労務単価+必要経費(法定福利費の事業主負担額、労務管理費、宿舎費等)(試算値),2013-04,2013-04-01,mlit-roumu-h25,p16(横長の表) / p5(縦長の表),https://www.mlit.go.jp/common/000993048.pdf,PDL1.0,,
cccf01d3d36890f9,JP,labor,労務単価,とび工,所定労働時間内8時間あたり,人日,pref,13,東京都,,,,22000,JPY,labor_wage_8h,published_pdl,30900,原本の下段(括弧書き): 公共工事設計労務単価+必要経費(法定福利費の事業主負担額、労務管理費、宿舎費等)(試算値),2013-04,2013-04-01,mlit-roumu-h25,p16(横長の表) / p5(縦長の表),https://www.mlit.go.jp/common/000993048.pdf,PDL1.0,,
0656ea65bcd368e8,JP,labor,労務単価,石工,所定労働時間内8時間あたり,人日,pref,13,東京都,,,,23100,JPY,labor_wage_8h,published_pdl,32500,原本の下段(括弧書き): 公共工事設計労務単価+必要経費(法定福利費の事業主負担額、労務管理費、宿舎費等)(試算値),2013-04,2013-04-01,mlit-roumu-h25,p16(横長の表) / p5(縦長の表),https://www.mlit.go.jp/common/000993048.pdf,PDL1.0,,
b5b4f860b1390454,JP,labor,労務単価,ブロック工,所定労働時間内8時間あたり,人日,pref,13,東京都,,,,21900,JPY,labor_wage_8h,published_pdl,30800,原本の下段(括弧書き): 公共工事設計労務単価+必要経費(法定福利費の事業主負担額、労務管理費、宿舎費等)(試算値),2013-04,2013-04-01,mlit-roumu-h25,p16(横長の表) / p5(縦長の表),https://www.mlit.go.jp/common/000993048.pdf,PDL1.0,,
7800e4894b06567f,JP,labor,労務単価,電工,所定労働時間内8時間あたり,人日,pref,13,東京都,,,,21700,JPY,labor_wage_8h,published_pdl,30500,原本の下段(括弧書き): 公共工事設計労務単価+必要経費(法定福利費の事業主負担額、労務管理費、宿舎費等)(試算値),2013-04,2013-04-01,mlit-roumu-h25,p16(横長の表) / p5(縦長の表),https://www.mlit.go.jp/common/000993048.pdf,PDL1.0,,
327a3083e79da4a2,JP,labor,労務単価,鉄筋工,所定労働時間内8時間あたり,人日,pref,13,東京都,,,,22200,JPY,labor_wage_8h,published_pdl,31200,原本の下段(括弧書き): 公共工事設計労務単価+必要経費(法定福利費の事業主負担額、労務管理費、宿舎費等)(試算値),2013-04,2013-04-01,mlit-roumu-h25,p16(横長の表) / p5(縦長の表),https://www.mlit.go.jp/common/000993048.pdf,PDL1.0,,
511dd5257acc51a8,JP,labor,労務単価,鉄骨工,所定労働時間内8時間あたり,人日,pref,13,東京都,,,,20800,JPY,labor_wage_8h,published_pdl,29200,原本の下段(括弧書き): 公共工事設計労務単価+必要経費(法定福利費の事業主負担額、労務管理費、宿舎費等)(試算値),2013-04,2013-04-01,mlit-roumu-h25,p16(横長の表) / p6(縦長の表),https://www.mlit.go.jp/common/000993048.pdf,PDL1.0,,
c0839b227bbd0de1,JP,labor,労務単価,塗装工,所定労働時間内8時間あたり,人日,pref,13,東京都,,,,22700,JPY,labor_wage_8h,published_pdl,31900,原本の下段(括弧書き): 公共工事設計労務単価+必要経費(法定福利費の事業主負担額、労務管理費、宿舎費等)(試算値),2013-04,2013-04-01,mlit-roumu-h25,p16(横長の表) / p6(縦長の表),https://www.mlit.go.jp/common/000993048.pdf,PDL1.0,,
4fcb1e03ecf2a91a,JP,labor,労務単価,溶接工,所定労働時間内8時間あたり,人日,pref,13,東京都,,,,24300,JPY,labor_wage_8h,published_pdl,34200,原本の下段(括弧書き): 公共工事設計労務単価+必要経費(法定福利費の事業主負担額、労務管理費、宿舎費等)(試算値),2013-04,2013-04-01,mlit-roumu-h25,p16(横長の表) / p6(縦長の表),https://www.mlit.go.jp/common/000993048.pdf,PDL1.0,,
e76e39ec718d58ba,JP,labor,労務単価,運転手（特殊）,所定労働時間内8時間あたり,人日,pref,13,東京都,,,,20200,JPY,labor_wage_8h,published_pdl,28400,原本の下段(括弧書き): 公共工事設計労務単価+必要経費(法定福利費の事業主負担額、労務管理費、宿舎費等)(試算値),2013-04,2013-04-01,mlit-roumu-h25,p16(横長の表) / p6(縦長の表),https://www.mlit.go.jp/common/000993048.pdf,PDL1.0,,
a9ac297a35083e6a,JP,labor,労務単価,運転手（一般）,所定労働時間内8時間あたり,人日,pref,13,東京都,,,,16700,JPY,labor_wage_8h,published_pdl,23500,原本の下段(括弧書き): 公共工事設計労務単価+必要経費(法定福利費の事業主負担額、労務管理費、宿舎費等)(試算値),2013-04,2013-04-01,mlit-roumu-h25,p16(横長の表) / p6(縦長の表),https://www.mlit.go.jp/common/000993048.pdf,PDL1.0,,
7991bf1373afde9b,JP,labor,労務単価,潜かん工,所定労働時間内8時間あたり,人日,pref,13,東京都,,,,23900,JPY,labor_wage_8h,published_pdl,33600,原本の下段(括弧書き): 公共工事設計労務単価+必要経費(法定福利費の事業主負担額、労務管理費、宿舎費等)(試算値),2013-04,2013-04-01,mlit-roumu-h25,p16(横長の表) / p6(縦長の表),https://www.mlit.go.jp/common/000993048.pdf,PDL1.0,,
cfb494133f07a272,JP,labor,労務単価,潜かん世話役,所定労働時間内8時間あたり,人日,pref,13,東京都,,,,28400,JPY,labor_wage_8h,published_pdl,39900,原本の下段(括弧書き): 公共工事設計労務単価+必要経費(法定福利費の事業主負担額、労務管理費、宿舎費等)(試算値),2013-04,2013-04-01,mlit-roumu-h25,p16(横長の表) / p6(縦長の表),https://www.mlit.go.jp/common/000993048.pdf,PDL1.0,,
ab17983d87e8588e,JP,labor,労務単価,さく岩工,所定労働時間内8時間あたり,人日,pref,13,東京都,,,,21700,JPY,labor_wage_8h,published_pdl,30500,原本の下段(括弧書き): 公共工事設計労務単価+必要経費(法定福利費の事業主負担額、労務管理費、宿舎費等)(試算値),2013-04,2013-04-01,mlit-roumu-h25,p16(横長の表) / p6(縦長の表),https://www.mlit.go.jp/common/000993048.pdf,PDL1.0,,
0626140df5019253,JP,labor,労務単価,トンネル特殊工,所定労働時間内8時間あたり,人日,pref,13,東京都,,,,22500,JPY,labor_wage_8h,published_pdl,31600,原本の下段(括弧書き): 公共工事設計労務単価+必要経費(法定福利費の事業主負担額、労務管理費、宿舎費等)(試算値),2013-04,2013-04-01,mlit-roumu-h25,p16(横長の表) / p6(縦長の表),https://www.mlit.go.jp/common/000993048.pdf,PDL1.0,,
af6078637c1ab3f8,JP,labor,労務単価,トンネル作業員,所定労働時間内8時間あたり,人日,pref,13,東京都,,,,19400,JPY,labor_wage_8h,published_pdl,27300,原本の下段(括弧書き): 公共工事設計労務単価+必要経費(法定福利費の事業主負担額、労務管理費、宿舎費等)(試算値),2013-04,2013-04-01,mlit-roumu-h25,p16(横長の表) / p6(縦長の表),https://www.mlit.go.jp/common/000993048.pdf,PDL1.0,,
2c9d9b5732826fe3,JP,labor,労務単価,トンネル世話役,所定労働時間内8時間あたり,人日,pref,13,東京都,,,,25700,JPY,labor_wage_8h,published_pdl,36100,原本の下段(括弧書き): 公共工事設計労務単価+必要経費(法定福利費の事業主負担額、労務管理費、宿舎費等)(試算値),2013-04,2013-04-01,mlit-roumu-h25,p17(横長の表) / p7(縦長の表),https://www.mlit.go.jp/common/000993048.pdf,PDL1.0,,
cbb766097771957f,JP,labor,労務単価,橋りょう特殊工,所定労働時間内8時間あたり,人日,pref,13,東京都,,,,23900,JPY,labor_wage_8h,published_pdl,33600,原本の下段(括弧書き): 公共工事設計労務単価+必要経費(法定福利費の事業主負担額、労務管理費、宿舎費等)(試算値),2013-04,2013-04-01,mlit-roumu-h25,p17(横長の表) / p7(縦長の表),https://www.mlit.go.jp/common/000993048.pdf,PDL1.0,,
883d417207eaafb3,JP,labor,労務単価,橋りょう塗装工,所定労働時間内8時間あたり,人日,pref,13,東京都,,,,24900,JPY,labor_wage_8h,published_pdl,35000,原本の下段(括弧書き): 公共工事設計労務単価+必要経費(法定福利費の事業主負担額、労務管理費、宿舎費等)(試算値),2013-04,2013-04-01,mlit-roumu-h25,p17(横長の表) / p7(縦長の表),https://www.mlit.go.jp/common/000993048.pdf,PDL1.0,,
60d3390f9450cd7e,JP,labor,労務単価,橋りょう世話役,所定労働時間内8時間あたり,人日,pref,13,東京都,,,,27600,JPY,labor_wage_8h,published_pdl,38800,原本の下段(括弧書き): 公共工事設計労務単価+必要経費(法定福利費の事業主負担額、労務管理費、宿舎費等)(試算値),2013-04,2013-04-01,mlit-roumu-h25,p17(横長の表) / p7(縦長の表),https://www.mlit.go.jp/common/000993048.pdf,PDL1.0,,
720af31926c31743,JP,labor,労務単価,土木一般世話役,所定労働時間内8時間あたり,人日,pref,13,東京都,,,,21900,JPY,labor_wage_8h,published_pdl,30800,原本の下段(括弧書き): 公共工事設計労務単価+必要経費(法定福利費の事業主負担額、労務管理費、宿舎費等)(試算値),2013-04,2013-04-01,mlit-roumu-h25,p17(横長の表) / p7(縦長の表),https://www.mlit.go.jp/common/000993048.pdf,PDL1.0,,
bf0cbd86cb5a0d2d,JP,labor,労務単価,高級船員,所定労働時間内8時間あたり,人日,pref,13,東京都,,,,25900,JPY,labor_wage_8h,published_pdl,36400,原本の下段(括弧書き): 公共工事設計労務単価+必要経費(法定福利費の事業主負担額、労務管理費、宿舎費等)(試算値),2013-04,2013-04-01,mlit-roumu-h25,p17(横長の表) / p7(縦長の表),https://www.mlit.go.jp/common/000993048.pdf,PDL1.0,,
d7dbd56452e57f09,JP,labor,労務単価,普通船員,所定労働時間内8時間あたり,人日,pref,13,東京都,,,,20200,JPY,labor_wage_8h,published_pdl,28400,原本の下段(括弧書き): 公共工事設計労務単価+必要経費(法定福利費の事業主負担額、労務管理費、宿舎費等)(試算値),2013-04,2013-04-01,mlit-roumu-h25,p17(横長の表) / p7(縦長の表),https://www.mlit.go.jp/common/000993048.pdf,PDL1.0,,
5d5a544db9667d71,JP,labor,労務単価,潜水士,所定労働時間内8時間あたり,人日,pref,13,東京都,,,,33000,JPY,labor_wage_8h,published_pdl,46400,原本の下段(括弧書き): 公共工事設計労務単価+必要経費(法定福利費の事業主負担額、労務管理費、宿舎費等)(試算値),2013-04,2013-04-01,mlit-roumu-h25,p17(横長の表) / p7(縦長の表),https://www.mlit.go.jp/common/000993048.pdf,PDL1.0,,
cf5cdada162e1d94,JP,labor,労務単価,潜水連絡員,所定労働時間内8時間あたり,人日,pref,13,東京都,,,,22700,JPY,labor_wage_8h,published_pdl,31900,原本の下段(括弧書き): 公共工事設計労務単価+必要経費(法定福利費の事業主負担額、労務管理費、宿舎費等)(試算値),2013-04,2013-04-01,mlit-roumu-h25,p17(横長の表) / p7(縦長の表),https://www.mlit.go.jp/common/000993048.pdf,PDL1.0,,
1988f2db2927d836,JP,labor,労務単価,潜水送気員,所定労働時間内8時間あたり,人日,pref,13,東京都,,,,22500,JPY,labor_wage_8h,published_pdl,31600,原本の下段(括弧書き): 公共工事設計労務単価+必要経費(法定福利費の事業主負担額、労務管理費、宿舎費等)(試算値),2013-04,2013-04-01,mlit-roumu-h25,p17(横長の表) / p7(縦長の表),https://www.mlit.go.jp/common/000993048.pdf,PDL1.0,,
953095f632180ab3,JP,labor,労務単価,山林砂防工,所定労働時間内8時間あたり,人日,pref,13,東京都,,,,24100,JPY,labor_wage_8h,published_pdl,33900,原本の下段(括弧書き): 公共工事設計労務単価+必要経費(法定福利費の事業主負担額、労務管理費、宿舎費等)(試算値),2013-04,2013-04-01,mlit-roumu-h25,p17(横長の表) / p8(縦長の表),https://www.mlit.go.jp/common/000993048.pdf,PDL1.0,,
7d0fdd6d816aec03,JP,labor,労務単価,軌道工,所定労働時間内8時間あたり,人日,pref,13,東京都,,,,36400,JPY,labor_wage_8h,published_pdl,51200,原本の下段(括弧書き): 公共工事設計労務単価+必要経費(法定福利費の事業主負担額、労務管理費、宿舎費等)(試算値),2013-04,2013-04-01,mlit-roumu-h25,p17(横長の表) / p8(縦長の表),https://www.mlit.go.jp/common/000993048.pdf,PDL1.0,,
b3a621ca15c22ee8,JP,labor,労務単価,型わく工,所定労働時間内8時間あたり,人日,pref,13,東京都,,,,20200,JPY,labor_wage_8h,published_pdl,28400,原本の下段(括弧書き): 公共工事設計労務単価+必要経費(法定福利費の事業主負担額、労務管理費、宿舎費等)(試算値),2013-04,2013-04-01,mlit-roumu-h25,p17(横長の表) / p8(縦長の表),https://www.mlit.go.jp/common/000993048.pdf,PDL1.0,,
be0096c909530a73,JP,labor,労務単価,大工,所定労働時間内8時間あたり,人日,pref,13,東京都,,,,22800,JPY,labor_wage_8h,published_pdl,32100,原本の下段(括弧書き): 公共工事設計労務単価+必要経費(法定福利費の事業主負担額、労務管理費、宿舎費等)(試算値),2013-04,2013-04-01,mlit-roumu-h25,p17(横長の表) / p8(縦長の表),https://www.mlit.go.jp/common/000993048.pdf,PDL1.0,,
84da944f126cdbbc,JP,labor,労務単価,左官,所定労働時間内8時間あたり,人日,pref,13,東京都,,,,22300,JPY,labor_wage_8h,published_pdl,31400,原本の下段(括弧書き): 公共工事設計労務単価+必要経費(法定福利費の事業主負担額、労務管理費、宿舎費等)(試算値),2013-04,2013-04-01,mlit-roumu-h25,p17(横長の表) / p8(縦長の表),https://www.mlit.go.jp/common/000993048.pdf,PDL1.0,,
3069bc8a221efafb,JP,labor,労務単価,配管工,所定労働時間内8時間あたり,人日,pref,13,東京都,,,,19500,JPY,labor_wage_8h,published_pdl,27400,原本の下段(括弧書き): 公共工事設計労務単価+必要経費(法定福利費の事業主負担額、労務管理費、宿舎費等)(試算値),2013-04,2013-04-01,mlit-roumu-h25,p17(横長の表) / p8(縦長の表),https://www.mlit.go.jp/common/000993048.pdf,PDL1.0,,
fbaa4f50aaedf562,JP,labor,労務単価,はつり工,所定労働時間内8時間あたり,人日,pref,13,東京都,,,,21200,JPY,labor_wage_8h,published_pdl,29800,原本の下段(括弧書き): 公共工事設計労務単価+必要経費(法定福利費の事業主負担額、労務管理費、宿舎費等)(試算値),2013-04,2013-04-01,mlit-roumu-h25,p17(横長の表) / p8(縦長の表),https://www.mlit.go.jp/common/000993048.pdf,PDL1.0,,
2fb2429b959aa31d,JP,labor,労務単価,防水工,所定労働時間内8時間あたり,人日,pref,13,東京都,,,,24000,JPY,labor_wage_8h,published_pdl,33700,原本の下段(括弧書き): 公共工事設計労務単価+必要経費(法定福利費の事業主負担額、労務管理費、宿舎費等)(試算値),2013-04,2013-04-01,mlit-roumu-h25,p17(横長の表) / p8(縦長の表),https://www.mlit.go.jp/common/000993048.pdf,PDL1.0,,
032d093d84e68b5c,JP,labor,労務単価,板金工,所定労働時間内8時間あたり,人日,pref,13,東京都,,,,22400,JPY,labor_wage_8h,published_pdl,31500,原本の下段(括弧書き): 公共工事設計労務単価+必要経費(法定福利費の事業主負担額、労務管理費、宿舎費等)(試算値),2013-04,2013-04-01,mlit-roumu-h25,p17(横長の表) / p8(縦長の表),https://www.mlit.go.jp/common/000993048.pdf,PDL1.0,,
eff5b26d2b40fafe,JP,labor,労務単価,タイル工,所定労働時間内8時間あたり,人日,pref,13,東京都,,,,21700,JPY,labor_wage_8h,published_pdl,30500,原本の下段(括弧書き): 公共工事設計労務単価+必要経費(法定福利費の事業主負担額、労務管理費、宿舎費等)(試算値),2013-04,2013-04-01,mlit-roumu-h25,p17(横長の表) / p8(縦長の表),https://www.mlit.go.jp/common/000993048.pdf,PDL1.0,,
ab3eb55bd81ccd4a,JP,labor,労務単価,サッシ工,所定労働時間内8時間あたり,人日,pref,13,東京都,,,,20700,JPY,labor_wage_8h,published_pdl,29100,原本の下段(括弧書き): 公共工事設計労務単価+必要経費(法定福利費の事業主負担額、労務管理費、宿舎費等)(試算値),2013-04,2013-04-01,mlit-roumu-h25,p18(横長の表) / p9(縦長の表),https://www.mlit.go.jp/common/000993048.pdf,PDL1.0,,
99a9971a88ac8d47,JP,labor,労務単価,内装工,所定労働時間内8時間あたり,人日,pref,13,東京都,,,,21300,JPY,labor_wage_8h,published_pdl,29900,原本の下段(括弧書き): 公共工事設計労務単価+必要経費(法定福利費の事業主負担額、労務管理費、宿舎費等)(試算値),2013-04,2013-04-01,mlit-roumu-h25,p18(横長の表) / p9(縦長の表),https://www.mlit.go.jp/common/000993048.pdf,PDL1.0,,
8dff0c9daa5e0c73,JP,labor,労務単価,ガラス工,所定労働時間内8時間あたり,人日,pref,13,東京都,,,,19800,JPY,labor_wage_8h,published_pdl,27800,原本の下段(括弧書き): 公共工事設計労務単価+必要経費(法定福利費の事業主負担額、労務管理費、宿舎費等)(試算値),2013-04,2013-04-01,mlit-roumu-h25,p18(横長の表) / p9(縦長の表),https://www.mlit.go.jp/common/000993048.pdf,PDL1.0,,
54d240e075221b42,JP,labor,労務単価,建具工,所定労働時間内8時間あたり,人日,pref,13,東京都,,,,22200,JPY,labor_wage_8h,published_pdl,31200,原本の下段(括弧書き): 公共工事設計労務単価+必要経費(法定福利費の事業主負担額、労務管理費、宿舎費等)(試算値),2013-04,2013-04-01,mlit-roumu-h25,p18(横長の表) / p9(縦長の表),https://www.mlit.go.jp/common/000993048.pdf,PDL1.0,,
fbbd1717a0bbf588,JP,labor,労務単価,ダクト工,所定労働時間内8時間あたり,人日,pref,13,東京都,,,,18800,JPY,labor_wage_8h,published_pdl,26400,原本の下段(括弧書き): 公共工事設計労務単価+必要経費(法定福利費の事業主負担額、労務管理費、宿舎費等)(試算値),2013-04,2013-04-01,mlit-roumu-h25,p18(横長の表) / p9(縦長の表),https://www.mlit.go.jp/common/000993048.pdf,PDL1.0,,
286a0c74f86e7520,JP,labor,労務単価,保温工,所定労働時間内8時間あたり,人日,pref,13,東京都,,,,18500,JPY,labor_wage_8h,published_pdl,26000,原本の下段(括弧書き): 公共工事設計労務単価+必要経費(法定福利費の事業主負担額、労務管理費、宿舎費等)(試算値),2013-04,2013-04-01,mlit-roumu-h25,p18(横長の表) / p9(縦長の表),https://www.mlit.go.jp/common/000993048.pdf,PDL1.0,,
297ba67ae5234a16,JP,labor,労務単価,建築ブロック工,所定労働時間内8時間あたり,人日,pref,13,東京都,,,,,JPY,labor_wage_8h,not_set,,,2013-04,2013-04-01,mlit-roumu-h25,p18(横長の表) / p9(縦長の表),https://www.mlit.go.jp/common/000993048.pdf,PDL1.0,,原本の表で『-』(この都道府県ではこの職種の単価を設定していない)
7404ecb5104c3a5d,JP,labor,労務単価,設備機械工,所定労働時間内8時間あたり,人日,pref,13,東京都,,,,20000,JPY,labor_wage_8h,published_pdl,28100,原本の下段(括弧書き): 公共工事設計労務単価+必要経費(法定福利費の事業主負担額、労務管理費、宿舎費等)(試算値),2013-04,2013-04-01,mlit-roumu-h25,p18(横長の表) / p9(縦長の表),https://www.mlit.go.jp/common/000993048.pdf,PDL1.0,,
9be22b8e9d5d029c,JP,labor,労務単価,交通誘導員Ａ,所定労働時間内8時間あたり,人日,pref,13,東京都,,,,11300,JPY,labor_wage_8h,published_pdl,15900,原本の下段(括弧書き): 公共工事設計労務単価+必要経費(法定福利費の事業主負担額、労務管理費、宿舎費等)(試算値),2013-04,2013-04-01,mlit-roumu-h25,p18(横長の表) / p9(縦長の表),https://www.mlit.go.jp/common/000993048.pdf,PDL1.0,,
6a6960c2ddb8de45,JP,labor,労務単価,交通誘導員Ｂ,所定労働時間内8時間あたり,人日,pref,13,東京都,,,,10100,JPY,labor_wage_8h,published_pdl,14200,原本の下段(括弧書き): 公共工事設計労務単価+必要経費(法定福利費の事業主負担額、労務管理費、宿舎費等)(試算値),2013-04,2013-04-01,mlit-roumu-h25,p18(横長の表) / p9(縦長の表),https://www.mlit.go.jp/common/000993048.pdf,PDL1.0,,
e0a6b94d7f2890e9,JP,labor,労務単価,特殊作業員,所定労働時間内8時間あたり,人日,pref,14,神奈川県,,,,20900,JPY,labor_wage_8h,published_pdl,29400,原本の下段(括弧書き): 公共工事設計労務単価+必要経費(法定福利費の事業主負担額、労務管理費、宿舎費等)(試算値),2013-04,2013-04-01,mlit-roumu-h25,p16(横長の表) / p5(縦長の表),https://www.mlit.go.jp/common/000993048.pdf,PDL1.0,,
4a520b1327d9726f,JP,labor,労務単価,普通作業員,所定労働時間内8時間あたり,人日,pref,14,神奈川県,,,,17700,JPY,labor_wage_8h,published_pdl,24900,原本の下段(括弧書き): 公共工事設計労務単価+必要経費(法定福利費の事業主負担額、労務管理費、宿舎費等)(試算値),2013-04,2013-04-01,mlit-roumu-h25,p16(横長の表) / p5(縦長の表),https://www.mlit.go.jp/common/000993048.pdf,PDL1.0,,
10ace9f84eecd82c,JP,labor,労務単価,軽作業員,所定労働時間内8時間あたり,人日,pref,14,神奈川県,,,,12500,JPY,labor_wage_8h,published_pdl,17600,原本の下段(括弧書き): 公共工事設計労務単価+必要経費(法定福利費の事業主負担額、労務管理費、宿舎費等)(試算値),2013-04,2013-04-01,mlit-roumu-h25,p16(横長の表) / p5(縦長の表),https://www.mlit.go.jp/common/000993048.pdf,PDL1.0,,
a36fb464e1818327,JP,labor,労務単価,造園工,所定労働時間内8時間あたり,人日,pref,14,神奈川県,,,,18300,JPY,labor_wage_8h,published_pdl,25700,原本の下段(括弧書き): 公共工事設計労務単価+必要経費(法定福利費の事業主負担額、労務管理費、宿舎費等)(試算値),2013-04,2013-04-01,mlit-roumu-h25,p16(横長の表) / p5(縦長の表),https://www.mlit.go.jp/common/000993048.pdf,PDL1.0,,
405e77802096ad97,JP,labor,労務単価,法面工,所定労働時間内8時間あたり,人日,pref,14,神奈川県,,,,20800,JPY,labor_wage_8h,published_pdl,29200,原本の下段(括弧書き): 公共工事設計労務単価+必要経費(法定福利費の事業主負担額、労務管理費、宿舎費等)(試算値),2013-04,2013-04-01,mlit-roumu-h25,p16(横長の表) / p5(縦長の表),https://www.mlit.go.jp/common/000993048.pdf,PDL1.0,,
6a774094e7160a10,JP,labor,労務単価,とび工,所定労働時間内8時間あたり,人日,pref,14,神奈川県,,,,22000,JPY,labor_wage_8h,published_pdl,30900,原本の下段(括弧書き): 公共工事設計労務単価+必要経費(法定福利費の事業主負担額、労務管理費、宿舎費等)(試算値),2013-04,2013-04-01,mlit-roumu-h25,p16(横長の表) / p5(縦長の表),https://www.mlit.go.jp/common/000993048.pdf,PDL1.0,,
eacdc636852236db,JP,labor,労務単価,石工,所定労働時間内8時間あたり,人日,pref,14,神奈川県,,,,22900,JPY,labor_wage_8h,published_pdl,32200,原本の下段(括弧書き): 公共工事設計労務単価+必要経費(法定福利費の事業主負担額、労務管理費、宿舎費等)(試算値),2013-04,2013-04-01,mlit-roumu-h25,p16(横長の表) / p5(縦長の表),https://www.mlit.go.jp/common/000993048.pdf,PDL1.0,,
7dfaa057947747ef,JP,labor,労務単価,ブロック工,所定労働時間内8時間あたり,人日,pref,14,神奈川県,,,,21600,JPY,labor_wage_8h,published_pdl,30400,原本の下段(括弧書き): 公共工事設計労務単価+必要経費(法定福利費の事業主負担額、労務管理費、宿舎費等)(試算値),2013-04,2013-04-01,mlit-roumu-h25,p16(横長の表) / p5(縦長の表),https://www.mlit.go.jp/common/000993048.pdf,PDL1.0,,
2be1f20296fa100c,JP,labor,労務単価,電工,所定労働時間内8時間あたり,人日,pref,14,神奈川県,,,,19900,JPY,labor_wage_8h,published_pdl,28000,原本の下段(括弧書き): 公共工事設計労務単価+必要経費(法定福利費の事業主負担額、労務管理費、宿舎費等)(試算値),2013-04,2013-04-01,mlit-roumu-h25,p16(横長の表) / p5(縦長の表),https://www.mlit.go.jp/common/000993048.pdf,PDL1.0,,
1ed86dc6cb898f76,JP,labor,労務単価,鉄筋工,所定労働時間内8時間あたり,人日,pref,14,神奈川県,,,,21000,JPY,labor_wage_8h,published_pdl,29500,原本の下段(括弧書き): 公共工事設計労務単価+必要経費(法定福利費の事業主負担額、労務管理費、宿舎費等)(試算値),2013-04,2013-04-01,mlit-roumu-h25,p16(横長の表) / p5(縦長の表),https://www.mlit.go.jp/common/000993048.pdf,PDL1.0,,
a2d65d88424001dc,JP,labor,労務単価,鉄骨工,所定労働時間内8時間あたり,人日,pref,14,神奈川県,,,,20800,JPY,labor_wage_8h,published_pdl,29200,原本の下段(括弧書き): 公共工事設計労務単価+必要経費(法定福利費の事業主負担額、労務管理費、宿舎費等)(試算値),2013-04,2013-04-01,mlit-roumu-h25,p16(横長の表) / p6(縦長の表),https://www.mlit.go.jp/common/000993048.pdf,PDL1.0,,
6cbd79b9427dce6b,JP,labor,労務単価,塗装工,所定労働時間内8時間あたり,人日,pref,14,神奈川県,,,,22700,JPY,labor_wage_8h,published_pdl,31900,原本の下段(括弧書き): 公共工事設計労務単価+必要経費(法定福利費の事業主負担額、労務管理費、宿舎費等)(試算値),2013-04,2013-04-01,mlit-roumu-h25,p16(横長の表) / p6(縦長の表),https://www.mlit.go.jp/common/000993048.pdf,PDL1.0,,
9ec95e8381e24e3d,JP,labor,労務単価,溶接工,所定労働時間内8時間あたり,人日,pref,14,神奈川県,,,,25000,JPY,labor_wage_8h,published_pdl,35200,原本の下段(括弧書き): 公共工事設計労務単価+必要経費(法定福利費の事業主負担額、労務管理費、宿舎費等)(試算値),2013-04,2013-04-01,mlit-roumu-h25,p16(横長の表) / p6(縦長の表),https://www.mlit.go.jp/common/000993048.pdf,PDL1.0,,
a70f80160830795a,JP,labor,労務単価,運転手（特殊）,所定労働時間内8時間あたり,人日,pref,14,神奈川県,,,,21200,JPY,labor_wage_8h,published_pdl,29800,原本の下段(括弧書き): 公共工事設計労務単価+必要経費(法定福利費の事業主負担額、労務管理費、宿舎費等)(試算値),2013-04,2013-04-01,mlit-roumu-h25,p16(横長の表) / p6(縦長の表),https://www.mlit.go.jp/common/000993048.pdf,PDL1.0,,
05dd2555451f1c7d,JP,labor,労務単価,運転手（一般）,所定労働時間内8時間あたり,人日,pref,14,神奈川県,,,,18000,JPY,labor_wage_8h,published_pdl,25300,原本の下段(括弧書き): 公共工事設計労務単価+必要経費(法定福利費の事業主負担額、労務管理費、宿舎費等)(試算値),2013-04,2013-04-01,mlit-roumu-h25,p16(横長の表) / p6(縦長の表),https://www.mlit.go.jp/common/000993048.pdf,PDL1.0,,
b1de7716b6b6b986,JP,labor,労務単価,潜かん工,所定労働時間内8時間あたり,人日,pref,14,神奈川県,,,,23900,JPY,labor_wage_8h,published_pdl,33600,原本の下段(括弧書き): 公共工事設計労務単価+必要経費(法定福利費の事業主負担額、労務管理費、宿舎費等)(試算値),2013-04,2013-04-01,mlit-roumu-h25,p16(横長の表) / p6(縦長の表),https://www.mlit.go.jp/common/000993048.pdf,PDL1.0,,
0293049246a4a8e6,JP,labor,労務単価,潜かん世話役,所定労働時間内8時間あたり,人日,pref,14,神奈川県,,,,28400,JPY,labor_wage_8h,published_pdl,39900,原本の下段(括弧書き): 公共工事設計労務単価+必要経費(法定福利費の事業主負担額、労務管理費、宿舎費等)(試算値),2013-04,2013-04-01,mlit-roumu-h25,p16(横長の表) / p6(縦長の表),https://www.mlit.go.jp/common/000993048.pdf,PDL1.0,,
a69ac2a73d5e6d02,JP,labor,労務単価,さく岩工,所定労働時間内8時間あたり,人日,pref,14,神奈川県,,,,21700,JPY,labor_wage_8h,published_pdl,30500,原本の下段(括弧書き): 公共工事設計労務単価+必要経費(法定福利費の事業主負担額、労務管理費、宿舎費等)(試算値),2013-04,2013-04-01,mlit-roumu-h25,p16(横長の表) / p6(縦長の表),https://www.mlit.go.jp/common/000993048.pdf,PDL1.0,,
c72391c7dabc8d27,JP,labor,労務単価,トンネル特殊工,所定労働時間内8時間あたり,人日,pref,14,神奈川県,,,,22500,JPY,labor_wage_8h,published_pdl,31600,原本の下段(括弧書き): 公共工事設計労務単価+必要経費(法定福利費の事業主負担額、労務管理費、宿舎費等)(試算値),2013-04,2013-04-01,mlit-roumu-h25,p16(横長の表) / p6(縦長の表),https://www.mlit.go.jp/common/000993048.pdf,PDL1.0,,
f9d0f1b247da13d1,JP,labor,労務単価,トンネル作業員,所定労働時間内8時間あたり,人日,pref,14,神奈川県,,,,19400,JPY,labor_wage_8h,published_pdl,27300,原本の下段(括弧書き): 公共工事設計労務単価+必要経費(法定福利費の事業主負担額、労務管理費、宿舎費等)(試算値),2013-04,2013-04-01,mlit-roumu-h25,p16(横長の表) / p6(縦長の表),https://www.mlit.go.jp/common/000993048.pdf,PDL1.0,,
7f769c932e8020ff,JP,labor,労務単価,トンネル世話役,所定労働時間内8時間あたり,人日,pref,14,神奈川県,,,,25700,JPY,labor_wage_8h,published_pdl,36100,原本の下段(括弧書き): 公共工事設計労務単価+必要経費(法定福利費の事業主負担額、労務管理費、宿舎費等)(試算値),2013-04,2013-04-01,mlit-roumu-h25,p17(横長の表) / p7(縦長の表),https://www.mlit.go.jp/common/000993048.pdf,PDL1.0,,
9882692513ccc107,JP,labor,労務単価,橋りょう特殊工,所定労働時間内8時間あたり,人日,pref,14,神奈川県,,,,23900,JPY,labor_wage_8h,published_pdl,33600,原本の下段(括弧書き): 公共工事設計労務単価+必要経費(法定福利費の事業主負担額、労務管理費、宿舎費等)(試算値),2013-04,2013-04-01,mlit-roumu-h25,p17(横長の表) / p7(縦長の表),https://www.mlit.go.jp/common/000993048.pdf,PDL1.0,,
35cc87b953b976a7,JP,labor,労務単価,橋りょう塗装工,所定労働時間内8時間あたり,人日,pref,14,神奈川県,,,,24900,JPY,labor_wage_8h,published_pdl,35000,原本の下段(括弧書き): 公共工事設計労務単価+必要経費(法定福利費の事業主負担額、労務管理費、宿舎費等)(試算値),2013-04,2013-04-01,mlit-roumu-h25,p17(横長の表) / p7(縦長の表),https://www.mlit.go.jp/common/000993048.pdf,PDL1.0,,
be136c4ebc552d1f,JP,labor,労務単価,橋りょう世話役,所定労働時間内8時間あたり,人日,pref,14,神奈川県,,,,26900,JPY,labor_wage_8h,published_pdl,37800,原本の下段(括弧書き): 公共工事設計労務単価+必要経費(法定福利費の事業主負担額、労務管理費、宿舎費等)(試算値),2013-04,2013-04-01,mlit-roumu-h25,p17(横長の表) / p7(縦長の表),https://www.mlit.go.jp/common/000993048.pdf,PDL1.0,,
5aa179cef6e7bba8,JP,labor,労務単価,土木一般世話役,所定労働時間内8時間あたり,人日,pref,14,神奈川県,,,,22300,JPY,labor_wage_8h,published_pdl,31400,原本の下段(括弧書き): 公共工事設計労務単価+必要経費(法定福利費の事業主負担額、労務管理費、宿舎費等)(試算値),2013-04,2013-04-01,mlit-roumu-h25,p17(横長の表) / p7(縦長の表),https://www.mlit.go.jp/common/000993048.pdf,PDL1.0,,
82c7c7ad02db997f,JP,labor,労務単価,高級船員,所定労働時間内8時間あたり,人日,pref,14,神奈川県,,,,25900,JPY,labor_wage_8h,published_pdl,36400,原本の下段(括弧書き): 公共工事設計労務単価+必要経費(法定福利費の事業主負担額、労務管理費、宿舎費等)(試算値),2013-04,2013-04-01,mlit-roumu-h25,p17(横長の表) / p7(縦長の表),https://www.mlit.go.jp/common/000993048.pdf,PDL1.0,,
9f2b6a5bbe7798f0,JP,labor,労務単価,普通船員,所定労働時間内8時間あたり,人日,pref,14,神奈川県,,,,20200,JPY,labor_wage_8h,published_pdl,28400,原本の下段(括弧書き): 公共工事設計労務単価+必要経費(法定福利費の事業主負担額、労務管理費、宿舎費等)(試算値),2013-04,2013-04-01,mlit-roumu-h25,p17(横長の表) / p7(縦長の表),https://www.mlit.go.jp/common/000993048.pdf,PDL1.0,,
44a8812511c9124c,JP,labor,労務単価,潜水士,所定労働時間内8時間あたり,人日,pref,14,神奈川県,,,,32500,JPY,labor_wage_8h,published_pdl,45700,原本の下段(括弧書き): 公共工事設計労務単価+必要経費(法定福利費の事業主負担額、労務管理費、宿舎費等)(試算値),2013-04,2013-04-01,mlit-roumu-h25,p17(横長の表) / p7(縦長の表),https://www.mlit.go.jp/common/000993048.pdf,PDL1.0,,
ab3247e9c0592727,JP,labor,労務単価,潜水連絡員,所定労働時間内8時間あたり,人日,pref,14,神奈川県,,,,22000,JPY,labor_wage_8h,published_pdl,30900,原本の下段(括弧書き): 公共工事設計労務単価+必要経費(法定福利費の事業主負担額、労務管理費、宿舎費等)(試算値),2013-04,2013-04-01,mlit-roumu-h25,p17(横長の表) / p7(縦長の表),https://www.mlit.go.jp/common/000993048.pdf,PDL1.0,,
d5678d5bc5e9cc29,JP,labor,労務単価,潜水送気員,所定労働時間内8時間あたり,人日,pref,14,神奈川県,,,,21700,JPY,labor_wage_8h,published_pdl,30500,原本の下段(括弧書き): 公共工事設計労務単価+必要経費(法定福利費の事業主負担額、労務管理費、宿舎費等)(試算値),2013-04,2013-04-01,mlit-roumu-h25,p17(横長の表) / p7(縦長の表),https://www.mlit.go.jp/common/000993048.pdf,PDL1.0,,
d60b61d52f50231c,JP,labor,労務単価,山林砂防工,所定労働時間内8時間あたり,人日,pref,14,神奈川県,,,,23900,JPY,labor_wage_8h,published_pdl,33600,原本の下段(括弧書き): 公共工事設計労務単価+必要経費(法定福利費の事業主負担額、労務管理費、宿舎費等)(試算値),2013-04,2013-04-01,mlit-roumu-h25,p17(横長の表) / p8(縦長の表),https://www.mlit.go.jp/common/000993048.pdf,PDL1.0,,
6d991b5c4cad6f49,JP,labor,労務単価,軌道工,所定労働時間内8時間あたり,人日,pref,14,神奈川県,,,,35300,JPY,labor_wage_8h,published_pdl,49600,原本の下段(括弧書き): 公共工事設計労務単価+必要経費(法定福利費の事業主負担額、労務管理費、宿舎費等)(試算値),2013-04,2013-04-01,mlit-roumu-h25,p17(横長の表) / p8(縦長の表),https://www.mlit.go.jp/common/000993048.pdf,PDL1.0,,
d94c66364874e464,JP,labor,労務単価,型わく工,所定労働時間内8時間あたり,人日,pref,14,神奈川県,,,,21000,JPY,labor_wage_8h,published_pdl,29500,原本の下段(括弧書き): 公共工事設計労務単価+必要経費(法定福利費の事業主負担額、労務管理費、宿舎費等)(試算値),2013-04,2013-04-01,mlit-roumu-h25,p17(横長の表) / p8(縦長の表),https://www.mlit.go.jp/common/000993048.pdf,PDL1.0,,
5e08b3fa8fc2e3ae,JP,labor,労務単価,大工,所定労働時間内8時間あたり,人日,pref,14,神奈川県,,,,21600,JPY,labor_wage_8h,published_pdl,30400,原本の下段(括弧書き): 公共工事設計労務単価+必要経費(法定福利費の事業主負担額、労務管理費、宿舎費等)(試算値),2013-04,2013-04-01,mlit-roumu-h25,p17(横長の表) / p8(縦長の表),https://www.mlit.go.jp/common/000993048.pdf,PDL1.0,,
318294fe18dcc9cc,JP,labor,労務単価,左官,所定労働時間内8時間あたり,人日,pref,14,神奈川県,,,,21600,JPY,labor_wage_8h,published_pdl,30400,原本の下段(括弧書き): 公共工事設計労務単価+必要経費(法定福利費の事業主負担額、労務管理費、宿舎費等)(試算値),2013-04,2013-04-01,mlit-roumu-h25,p17(横長の表) / p8(縦長の表),https://www.mlit.go.jp/common/000993048.pdf,PDL1.0,,
b22e8a2b87400f8e,JP,labor,労務単価,配管工,所定労働時間内8時間あたり,人日,pref,14,神奈川県,,,,19000,JPY,labor_wage_8h,published_pdl,26700,原本の下段(括弧書き): 公共工事設計労務単価+必要経費(法定福利費の事業主負担額、労務管理費、宿舎費等)(試算値),2013-04,2013-04-01,mlit-roumu-h25,p17(横長の表) / p8(縦長の表),https://www.mlit.go.jp/common/000993048.pdf,PDL1.0,,
67ba3571d3230678,JP,labor,労務単価,はつり工,所定労働時間内8時間あたり,人日,pref,14,神奈川県,,,,21300,JPY,labor_wage_8h,published_pdl,29900,原本の下段(括弧書き): 公共工事設計労務単価+必要経費(法定福利費の事業主負担額、労務管理費、宿舎費等)(試算値),2013-04,2013-04-01,mlit-roumu-h25,p17(横長の表) / p8(縦長の表),https://www.mlit.go.jp/common/000993048.pdf,PDL1.0,,
28ad4af8c9667c7e,JP,labor,労務単価,防水工,所定労働時間内8時間あたり,人日,pref,14,神奈川県,,,,22000,JPY,labor_wage_8h,published_pdl,30900,原本の下段(括弧書き): 公共工事設計労務単価+必要経費(法定福利費の事業主負担額、労務管理費、宿舎費等)(試算値),2013-04,2013-04-01,mlit-roumu-h25,p17(横長の表) / p8(縦長の表),https://www.mlit.go.jp/common/000993048.pdf,PDL1.0,,
f7b07e0d523a1116,JP,labor,労務単価,板金工,所定労働時間内8時間あたり,人日,pref,14,神奈川県,,,,21900,JPY,labor_wage_8h,published_pdl,30800,原本の下段(括弧書き): 公共工事設計労務単価+必要経費(法定福利費の事業主負担額、労務管理費、宿舎費等)(試算値),2013-04,2013-04-01,mlit-roumu-h25,p17(横長の表) / p8(縦長の表),https://www.mlit.go.jp/common/000993048.pdf,PDL1.0,,
f4c478930dbeafec,JP,labor,労務単価,タイル工,所定労働時間内8時間あたり,人日,pref,14,神奈川県,,,,21700,JPY,labor_wage_8h,published_pdl,30500,原本の下段(括弧書き): 公共工事設計労務単価+必要経費(法定福利費の事業主負担額、労務管理費、宿舎費等)(試算値),2013-04,2013-04-01,mlit-roumu-h25,p17(横長の表) / p8(縦長の表),https://www.mlit.go.jp/common/000993048.pdf,PDL1.0,,
873d2414c38e165b,JP,labor,労務単価,サッシ工,所定労働時間内8時間あたり,人日,pref,14,神奈川県,,,,20300,JPY,labor_wage_8h,published_pdl,28500,原本の下段(括弧書き): 公共工事設計労務単価+必要経費(法定福利費の事業主負担額、労務管理費、宿舎費等)(試算値),2013-04,2013-04-01,mlit-roumu-h25,p18(横長の表) / p9(縦長の表),https://www.mlit.go.jp/common/000993048.pdf,PDL1.0,,
fa74d05cddb9dd0b,JP,labor,労務単価,内装工,所定労働時間内8時間あたり,人日,pref,14,神奈川県,,,,21600,JPY,labor_wage_8h,published_pdl,30400,原本の下段(括弧書き): 公共工事設計労務単価+必要経費(法定福利費の事業主負担額、労務管理費、宿舎費等)(試算値),2013-04,2013-04-01,mlit-roumu-h25,p18(横長の表) / p9(縦長の表),https://www.mlit.go.jp/common/000993048.pdf,PDL1.0,,
b27d8b6c5b4bad5c,JP,labor,労務単価,ガラス工,所定労働時間内8時間あたり,人日,pref,14,神奈川県,,,,19800,JPY,labor_wage_8h,published_pdl,27800,原本の下段(括弧書き): 公共工事設計労務単価+必要経費(法定福利費の事業主負担額、労務管理費、宿舎費等)(試算値),2013-04,2013-04-01,mlit-roumu-h25,p18(横長の表) / p9(縦長の表),https://www.mlit.go.jp/common/000993048.pdf,PDL1.0,,
394a34bcecf5ec8c,JP,labor,労務単価,建具工,所定労働時間内8時間あたり,人日,pref,14,神奈川県,,,,20600,JPY,labor_wage_8h,published_pdl,29000,原本の下段(括弧書き): 公共工事設計労務単価+必要経費(法定福利費の事業主負担額、労務管理費、宿舎費等)(試算値),2013-04,2013-04-01,mlit-roumu-h25,p18(横長の表) / p9(縦長の表),https://www.mlit.go.jp/common/000993048.pdf,PDL1.0,,
7edc4e7b4a3a1753,JP,labor,労務単価,ダクト工,所定労働時間内8時間あたり,人日,pref,14,神奈川県,,,,18200,JPY,labor_wage_8h,published_pdl,25600,原本の下段(括弧書き): 公共工事設計労務単価+必要経費(法定福利費の事業主負担額、労務管理費、宿舎費等)(試算値),2013-04,2013-04-01,mlit-roumu-h25,p18(横長の表) / p9(縦長の表),https://www.mlit.go.jp/common/000993048.pdf,PDL1.0,,
d3ad84546fdfe24a,JP,labor,労務単価,保温工,所定労働時間内8時間あたり,人日,pref,14,神奈川県,,,,18500,JPY,labor_wage_8h,published_pdl,26000,原本の下段(括弧書き): 公共工事設計労務単価+必要経費(法定福利費の事業主負担額、労務管理費、宿舎費等)(試算値),2013-04,2013-04-01,mlit-roumu-h25,p18(横長の表) / p9(縦長の表),https://www.mlit.go.jp/common/000993048.pdf,PDL1.0,,
b93462bc4cd29dd2,JP,labor,労務単価,建築ブロック工,所定労働時間内8時間あたり,人日,pref,14,神奈川県,,,,,JPY,labor_wage_8h,not_set,,,2013-04,2013-04-01,mlit-roumu-h25,p18(横長の表) / p9(縦長の表),https://www.mlit.go.jp/common/000993048.pdf,PDL1.0,,原本の表で『-』(この都道府県ではこの職種の単価を設定していない)
26f678edf81abdd7,JP,labor,労務単価,設備機械工,所定労働時間内8時間あたり,人日,pref,14,神奈川県,,,,20200,JPY,labor_wage_8h,published_pdl,28400,原本の下段(括弧書き): 公共工事設計労務単価+必要経費(法定福利費の事業主負担額、労務管理費、宿舎費等)(試算値),2013-04,2013-04-01,mlit-roumu-h25,p18(横長の表) / p9(縦長の表),https://www.mlit.go.jp/common/000993048.pdf,PDL1.0,,
b6a36edae746995f,JP,labor,労務単価,交通誘導員Ａ,所定労働時間内8時間あたり,人日,pref,14,神奈川県,,,,11200,JPY,labor_wage_8h,published_pdl,15700,原本の下段(括弧書き): 公共工事設計労務単価+必要経費(法定福利費の事業主負担額、労務管理費、宿舎費等)(試算値),2013-04,2013-04-01,mlit-roumu-h25,p18(横長の表) / p9(縦長の表),https://www.mlit.go.jp/common/000993048.pdf,PDL1.0,,
a69e0c0447f2a48c,JP,labor,労務単価,交通誘導員Ｂ,所定労働時間内8時間あたり,人日,pref,14,神奈川県,,,,10000,JPY,labor_wage_8h,published_pdl,14100,原本の下段(括弧書き): 公共工事設計労務単価+必要経費(法定福利費の事業主負担額、労務管理費、宿舎費等)(試算値),2013-04,2013-04-01,mlit-roumu-h25,p18(横長の表) / p9(縦長の表),https://www.mlit.go.jp/common/000993048.pdf,PDL1.0,,
15dcd406b80b0567,JP,labor,労務単価,特殊作業員,所定労働時間内8時間あたり,人日,pref,15,新潟県,,,,16500,JPY,labor_wage_8h,published_pdl,23200,原本の下段(括弧書き): 公共工事設計労務単価+必要経費(法定福利費の事業主負担額、労務管理費、宿舎費等)(試算値),2013-04,2013-04-01,mlit-roumu-h25,p16(横長の表) / p5(縦長の表),https://www.mlit.go.jp/common/000993048.pdf,PDL1.0,,
25aa9aff923febea,JP,labor,労務単価,普通作業員,所定労働時間内8時間あたり,人日,pref,15,新潟県,,,,13600,JPY,labor_wage_8h,published_pdl,19100,原本の下段(括弧書き): 公共工事設計労務単価+必要経費(法定福利費の事業主負担額、労務管理費、宿舎費等)(試算値),2013-04,2013-04-01,mlit-roumu-h25,p16(横長の表) / p5(縦長の表),https://www.mlit.go.jp/common/000993048.pdf,PDL1.0,,
da7aa3011313bf41,JP,labor,労務単価,軽作業員,所定労働時間内8時間あたり,人日,pref,15,新潟県,,,,12100,JPY,labor_wage_8h,published_pdl,17000,原本の下段(括弧書き): 公共工事設計労務単価+必要経費(法定福利費の事業主負担額、労務管理費、宿舎費等)(試算値),2013-04,2013-04-01,mlit-roumu-h25,p16(横長の表) / p5(縦長の表),https://www.mlit.go.jp/common/000993048.pdf,PDL1.0,,
cd20aa7ea96fba6e,JP,labor,労務単価,造園工,所定労働時間内8時間あたり,人日,pref,15,新潟県,,,,16100,JPY,labor_wage_8h,published_pdl,22600,原本の下段(括弧書き): 公共工事設計労務単価+必要経費(法定福利費の事業主負担額、労務管理費、宿舎費等)(試算値),2013-04,2013-04-01,mlit-roumu-h25,p16(横長の表) / p5(縦長の表),https://www.mlit.go.jp/common/000993048.pdf,PDL1.0,,
13d4dbe7de4afbd1,JP,labor,労務単価,法面工,所定労働時間内8時間あたり,人日,pref,15,新潟県,,,,17700,JPY,labor_wage_8h,published_pdl,24900,原本の下段(括弧書き): 公共工事設計労務単価+必要経費(法定福利費の事業主負担額、労務管理費、宿舎費等)(試算値),2013-04,2013-04-01,mlit-roumu-h25,p16(横長の表) / p5(縦長の表),https://www.mlit.go.jp/common/000993048.pdf,PDL1.0,,
75903d59c4cc532d,JP,labor,労務単価,とび工,所定労働時間内8時間あたり,人日,pref,15,新潟県,,,,16300,JPY,labor_wage_8h,published_pdl,22900,原本の下段(括弧書き): 公共工事設計労務単価+必要経費(法定福利費の事業主負担額、労務管理費、宿舎費等)(試算値),2013-04,2013-04-01,mlit-roumu-h25,p16(横長の表) / p5(縦長の表),https://www.mlit.go.jp/common/000993048.pdf,PDL1.0,,
da466e5d2e9be529,JP,labor,労務単価,石工,所定労働時間内8時間あたり,人日,pref,15,新潟県,,,,19000,JPY,labor_wage_8h,published_pdl,26700,原本の下段(括弧書き): 公共工事設計労務単価+必要経費(法定福利費の事業主負担額、労務管理費、宿舎費等)(試算値),2013-04,2013-04-01,mlit-roumu-h25,p16(横長の表) / p5(縦長の表),https://www.mlit.go.jp/common/000993048.pdf,PDL1.0,,
a3a4c0b7e9f3e266,JP,labor,労務単価,ブロック工,所定労働時間内8時間あたり,人日,pref,15,新潟県,,,,19800,JPY,labor_wage_8h,published_pdl,27800,原本の下段(括弧書き): 公共工事設計労務単価+必要経費(法定福利費の事業主負担額、労務管理費、宿舎費等)(試算値),2013-04,2013-04-01,mlit-roumu-h25,p16(横長の表) / p5(縦長の表),https://www.mlit.go.jp/common/000993048.pdf,PDL1.0,,
f8677923fa5e9781,JP,labor,労務単価,電工,所定労働時間内8時間あたり,人日,pref,15,新潟県,,,,16400,JPY,labor_wage_8h,published_pdl,23100,原本の下段(括弧書き): 公共工事設計労務単価+必要経費(法定福利費の事業主負担額、労務管理費、宿舎費等)(試算値),2013-04,2013-04-01,mlit-roumu-h25,p16(横長の表) / p5(縦長の表),https://www.mlit.go.jp/common/000993048.pdf,PDL1.0,,
432eb31de0cb99a3,JP,labor,労務単価,鉄筋工,所定労働時間内8時間あたり,人日,pref,15,新潟県,,,,17100,JPY,labor_wage_8h,published_pdl,24000,原本の下段(括弧書き): 公共工事設計労務単価+必要経費(法定福利費の事業主負担額、労務管理費、宿舎費等)(試算値),2013-04,2013-04-01,mlit-roumu-h25,p16(横長の表) / p5(縦長の表),https://www.mlit.go.jp/common/000993048.pdf,PDL1.0,,
4648f195830e24cf,JP,labor,労務単価,鉄骨工,所定労働時間内8時間あたり,人日,pref,15,新潟県,,,,16000,JPY,labor_wage_8h,published_pdl,22500,原本の下段(括弧書き): 公共工事設計労務単価+必要経費(法定福利費の事業主負担額、労務管理費、宿舎費等)(試算値),2013-04,2013-04-01,mlit-roumu-h25,p16(横長の表) / p6(縦長の表),https://www.mlit.go.jp/common/000993048.pdf,PDL1.0,,
ac8a1cf65b3e91b7,JP,labor,労務単価,塗装工,所定労働時間内8時間あたり,人日,pref,15,新潟県,,,,16500,JPY,labor_wage_8h,published_pdl,23200,原本の下段(括弧書き): 公共工事設計労務単価+必要経費(法定福利費の事業主負担額、労務管理費、宿舎費等)(試算値),2013-04,2013-04-01,mlit-roumu-h25,p16(横長の表) / p6(縦長の表),https://www.mlit.go.jp/common/000993048.pdf,PDL1.0,,
ae6d488cb16dbfe7,JP,labor,労務単価,溶接工,所定労働時間内8時間あたり,人日,pref,15,新潟県,,,,17400,JPY,labor_wage_8h,published_pdl,24500,原本の下段(括弧書き): 公共工事設計労務単価+必要経費(法定福利費の事業主負担額、労務管理費、宿舎費等)(試算値),2013-04,2013-04-01,mlit-roumu-h25,p16(横長の表) / p6(縦長の表),https://www.mlit.go.jp/common/000993048.pdf,PDL1.0,,
0979215532fa6b02,JP,labor,労務単価,運転手（特殊）,所定労働時間内8時間あたり,人日,pref,15,新潟県,,,,16400,JPY,labor_wage_8h,published_pdl,23100,原本の下段(括弧書き): 公共工事設計労務単価+必要経費(法定福利費の事業主負担額、労務管理費、宿舎費等)(試算値),2013-04,2013-04-01,mlit-roumu-h25,p16(横長の表) / p6(縦長の表),https://www.mlit.go.jp/common/000993048.pdf,PDL1.0,,
15575542afff1b10,JP,labor,労務単価,運転手（一般）,所定労働時間内8時間あたり,人日,pref,15,新潟県,,,,14400,JPY,labor_wage_8h,published_pdl,20200,原本の下段(括弧書き): 公共工事設計労務単価+必要経費(法定福利費の事業主負担額、労務管理費、宿舎費等)(試算値),2013-04,2013-04-01,mlit-roumu-h25,p16(横長の表) / p6(縦長の表),https://www.mlit.go.jp/common/000993048.pdf,PDL1.0,,
1c4a32fc838885d2,JP,labor,労務単価,潜かん工,所定労働時間内8時間あたり,人日,pref,15,新潟県,,,,23800,JPY,labor_wage_8h,published_pdl,33500,原本の下段(括弧書き): 公共工事設計労務単価+必要経費(法定福利費の事業主負担額、労務管理費、宿舎費等)(試算値),2013-04,2013-04-01,mlit-roumu-h25,p16(横長の表) / p6(縦長の表),https://www.mlit.go.jp/common/000993048.pdf,PDL1.0,,
fd0a1329e7c55fa0,JP,labor,労務単価,潜かん世話役,所定労働時間内8時間あたり,人日,pref,15,新潟県,,,,28200,JPY,labor_wage_8h,published_pdl,39600,原本の下段(括弧書き): 公共工事設計労務単価+必要経費(法定福利費の事業主負担額、労務管理費、宿舎費等)(試算値),2013-04,2013-04-01,mlit-roumu-h25,p16(横長の表) / p6(縦長の表),https://www.mlit.go.jp/common/000993048.pdf,PDL1.0,,
7cc7e07a070368a0,JP,labor,労務単価,さく岩工,所定労働時間内8時間あたり,人日,pref,15,新潟県,,,,20400,JPY,labor_wage_8h,published_pdl,28700,原本の下段(括弧書き): 公共工事設計労務単価+必要経費(法定福利費の事業主負担額、労務管理費、宿舎費等)(試算値),2013-04,2013-04-01,mlit-roumu-h25,p16(横長の表) / p6(縦長の表),https://www.mlit.go.jp/common/000993048.pdf,PDL1.0,,
d644aa87740ab241,JP,labor,労務単価,トンネル特殊工,所定労働時間内8時間あたり,人日,pref,15,新潟県,,,,23100,JPY,labor_wage_8h,published_pdl,32500,原本の下段(括弧書き): 公共工事設計労務単価+必要経費(法定福利費の事業主負担額、労務管理費、宿舎費等)(試算値),2013-04,2013-04-01,mlit-roumu-h25,p16(横長の表) / p6(縦長の表),https://www.mlit.go.jp/common/000993048.pdf,PDL1.0,,
1e6479fc29aa855f,JP,labor,労務単価,トンネル作業員,所定労働時間内8時間あたり,人日,pref,15,新潟県,,,,17600,JPY,labor_wage_8h,published_pdl,24700,原本の下段(括弧書き): 公共工事設計労務単価+必要経費(法定福利費の事業主負担額、労務管理費、宿舎費等)(試算値),2013-04,2013-04-01,mlit-roumu-h25,p16(横長の表) / p6(縦長の表),https://www.mlit.go.jp/common/000993048.pdf,PDL1.0,,
a7273858766935b2,JP,labor,労務単価,トンネル世話役,所定労働時間内8時間あたり,人日,pref,15,新潟県,,,,24600,JPY,labor_wage_8h,published_pdl,34600,原本の下段(括弧書き): 公共工事設計労務単価+必要経費(法定福利費の事業主負担額、労務管理費、宿舎費等)(試算値),2013-04,2013-04-01,mlit-roumu-h25,p17(横長の表) / p7(縦長の表),https://www.mlit.go.jp/common/000993048.pdf,PDL1.0,,
8c28ed924e564956,JP,labor,労務単価,橋りょう特殊工,所定労働時間内8時間あたり,人日,pref,15,新潟県,,,,20500,JPY,labor_wage_8h,published_pdl,28800,原本の下段(括弧書き): 公共工事設計労務単価+必要経費(法定福利費の事業主負担額、労務管理費、宿舎費等)(試算値),2013-04,2013-04-01,mlit-roumu-h25,p17(横長の表) / p7(縦長の表),https://www.mlit.go.jp/common/000993048.pdf,PDL1.0,,
530699f8055f70b4,JP,labor,労務単価,橋りょう塗装工,所定労働時間内8時間あたり,人日,pref,15,新潟県,,,,24700,JPY,labor_wage_8h,published_pdl,34700,原本の下段(括弧書き): 公共工事設計労務単価+必要経費(法定福利費の事業主負担額、労務管理費、宿舎費等)(試算値),2013-04,2013-04-01,mlit-roumu-h25,p17(横長の表) / p7(縦長の表),https://www.mlit.go.jp/common/000993048.pdf,PDL1.0,,
8055f6338ee80dbf,JP,labor,労務単価,橋りょう世話役,所定労働時間内8時間あたり,人日,pref,15,新潟県,,,,23300,JPY,labor_wage_8h,published_pdl,32800,原本の下段(括弧書き): 公共工事設計労務単価+必要経費(法定福利費の事業主負担額、労務管理費、宿舎費等)(試算値),2013-04,2013-04-01,mlit-roumu-h25,p17(横長の表) / p7(縦長の表),https://www.mlit.go.jp/common/000993048.pdf,PDL1.0,,
5b61a00d5797852f,JP,labor,労務単価,土木一般世話役,所定労働時間内8時間あたり,人日,pref,15,新潟県,,,,18000,JPY,labor_wage_8h,published_pdl,25300,原本の下段(括弧書き): 公共工事設計労務単価+必要経費(法定福利費の事業主負担額、労務管理費、宿舎費等)(試算値),2013-04,2013-04-01,mlit-roumu-h25,p17(横長の表) / p7(縦長の表),https://www.mlit.go.jp/common/000993048.pdf,PDL1.0,,
6832f439c3050232,JP,labor,労務単価,高級船員,所定労働時間内8時間あたり,人日,pref,15,新潟県,,,,21600,JPY,labor_wage_8h,published_pdl,30400,原本の下段(括弧書き): 公共工事設計労務単価+必要経費(法定福利費の事業主負担額、労務管理費、宿舎費等)(試算値),2013-04,2013-04-01,mlit-roumu-h25,p17(横長の表) / p7(縦長の表),https://www.mlit.go.jp/common/000993048.pdf,PDL1.0,,
3ea1b2b01ad1081e,JP,labor,労務単価,普通船員,所定労働時間内8時間あたり,人日,pref,15,新潟県,,,,17900,JPY,labor_wage_8h,published_pdl,25200,原本の下段(括弧書き): 公共工事設計労務単価+必要経費(法定福利費の事業主負担額、労務管理費、宿舎費等)(試算値),2013-04,2013-04-01,mlit-roumu-h25,p17(横長の表) / p7(縦長の表),https://www.mlit.go.jp/common/000993048.pdf,PDL1.0,,
3eeb3ea2b1031883,JP,labor,労務単価,潜水士,所定労働時間内8時間あたり,人日,pref,15,新潟県,,,,29500,JPY,labor_wage_8h,published_pdl,41500,原本の下段(括弧書き): 公共工事設計労務単価+必要経費(法定福利費の事業主負担額、労務管理費、宿舎費等)(試算値),2013-04,2013-04-01,mlit-roumu-h25,p17(横長の表) / p7(縦長の表),https://www.mlit.go.jp/common/000993048.pdf,PDL1.0,,
7b07fd8f9c19ec48,JP,labor,労務単価,潜水連絡員,所定労働時間内8時間あたり,人日,pref,15,新潟県,,,,17900,JPY,labor_wage_8h,published_pdl,25200,原本の下段(括弧書き): 公共工事設計労務単価+必要経費(法定福利費の事業主負担額、労務管理費、宿舎費等)(試算値),2013-04,2013-04-01,mlit-roumu-h25,p17(横長の表) / p7(縦長の表),https://www.mlit.go.jp/common/000993048.pdf,PDL1.0,,
104e8098e9baf3ae,JP,labor,労務単価,潜水送気員,所定労働時間内8時間あたり,人日,pref,15,新潟県,,,,19300,JPY,labor_wage_8h,published_pdl,27100,原本の下段(括弧書き): 公共工事設計労務単価+必要経費(法定福利費の事業主負担額、労務管理費、宿舎費等)(試算値),2013-04,2013-04-01,mlit-roumu-h25,p17(横長の表) / p7(縦長の表),https://www.mlit.go.jp/common/000993048.pdf,PDL1.0,,
ee7253cf2bd7e80a,JP,labor,労務単価,山林砂防工,所定労働時間内8時間あたり,人日,pref,15,新潟県,,,,21000,JPY,labor_wage_8h,published_pdl,29500,原本の下段(括弧書き): 公共工事設計労務単価+必要経費(法定福利費の事業主負担額、労務管理費、宿舎費等)(試算値),2013-04,2013-04-01,mlit-roumu-h25,p17(横長の表) / p8(縦長の表),https://www.mlit.go.jp/common/000993048.pdf,PDL1.0,,
9bf944261176a388,JP,labor,労務単価,軌道工,所定労働時間内8時間あたり,人日,pref,15,新潟県,,,,21400,JPY,labor_wage_8h,published_pdl,30100,原本の下段(括弧書き): 公共工事設計労務単価+必要経費(法定福利費の事業主負担額、労務管理費、宿舎費等)(試算値),2013-04,2013-04-01,mlit-roumu-h25,p17(横長の表) / p8(縦長の表),https://www.mlit.go.jp/common/000993048.pdf,PDL1.0,,
cfc774807c26250e,JP,labor,労務単価,型わく工,所定労働時間内8時間あたり,人日,pref,15,新潟県,,,,16200,JPY,labor_wage_8h,published_pdl,22800,原本の下段(括弧書き): 公共工事設計労務単価+必要経費(法定福利費の事業主負担額、労務管理費、宿舎費等)(試算値),2013-04,2013-04-01,mlit-roumu-h25,p17(横長の表) / p8(縦長の表),https://www.mlit.go.jp/common/000993048.pdf,PDL1.0,,
6cec19cc8afb284e,JP,labor,労務単価,大工,所定労働時間内8時間あたり,人日,pref,15,新潟県,,,,16500,JPY,labor_wage_8h,published_pdl,23200,原本の下段(括弧書き): 公共工事設計労務単価+必要経費(法定福利費の事業主負担額、労務管理費、宿舎費等)(試算値),2013-04,2013-04-01,mlit-roumu-h25,p17(横長の表) / p8(縦長の表),https://www.mlit.go.jp/common/000993048.pdf,PDL1.0,,
a51f85b5a11285c6,JP,labor,労務単価,左官,所定労働時間内8時間あたり,人日,pref,15,新潟県,,,,16200,JPY,labor_wage_8h,published_pdl,22800,原本の下段(括弧書き): 公共工事設計労務単価+必要経費(法定福利費の事業主負担額、労務管理費、宿舎費等)(試算値),2013-04,2013-04-01,mlit-roumu-h25,p17(横長の表) / p8(縦長の表),https://www.mlit.go.jp/common/000993048.pdf,PDL1.0,,
350960af75a65b26,JP,labor,労務単価,配管工,所定労働時間内8時間あたり,人日,pref,15,新潟県,,,,16200,JPY,labor_wage_8h,published_pdl,22800,原本の下段(括弧書き): 公共工事設計労務単価+必要経費(法定福利費の事業主負担額、労務管理費、宿舎費等)(試算値),2013-04,2013-04-01,mlit-roumu-h25,p17(横長の表) / p8(縦長の表),https://www.mlit.go.jp/common/000993048.pdf,PDL1.0,,
9db78beb3ad26cb6,JP,labor,労務単価,はつり工,所定労働時間内8時間あたり,人日,pref,15,新潟県,,,,15200,JPY,labor_wage_8h,published_pdl,21400,原本の下段(括弧書き): 公共工事設計労務単価+必要経費(法定福利費の事業主負担額、労務管理費、宿舎費等)(試算値),2013-04,2013-04-01,mlit-roumu-h25,p17(横長の表) / p8(縦長の表),https://www.mlit.go.jp/common/000993048.pdf,PDL1.0,,
a1dd82a183e1bc61,JP,labor,労務単価,防水工,所定労働時間内8時間あたり,人日,pref,15,新潟県,,,,16500,JPY,labor_wage_8h,published_pdl,23200,原本の下段(括弧書き): 公共工事設計労務単価+必要経費(法定福利費の事業主負担額、労務管理費、宿舎費等)(試算値),2013-04,2013-04-01,mlit-roumu-h25,p17(横長の表) / p8(縦長の表),https://www.mlit.go.jp/common/000993048.pdf,PDL1.0,,
0a2e6c740d8b0f3c,JP,labor,労務単価,板金工,所定労働時間内8時間あたり,人日,pref,15,新潟県,,,,16400,JPY,labor_wage_8h,published_pdl,23100,原本の下段(括弧書き): 公共工事設計労務単価+必要経費(法定福利費の事業主負担額、労務管理費、宿舎費等)(試算値),2013-04,2013-04-01,mlit-roumu-h25,p17(横長の表) / p8(縦長の表),https://www.mlit.go.jp/common/000993048.pdf,PDL1.0,,
e92231195d0091df,JP,labor,労務単価,タイル工,所定労働時間内8時間あたり,人日,pref,15,新潟県,,,,20700,JPY,labor_wage_8h,published_pdl,29100,原本の下段(括弧書き): 公共工事設計労務単価+必要経費(法定福利費の事業主負担額、労務管理費、宿舎費等)(試算値),2013-04,2013-04-01,mlit-roumu-h25,p17(横長の表) / p8(縦長の表),https://www.mlit.go.jp/common/000993048.pdf,PDL1.0,,
947a5ab447cddb08,JP,labor,労務単価,サッシ工,所定労働時間内8時間あたり,人日,pref,15,新潟県,,,,17300,JPY,labor_wage_8h,published_pdl,24300,原本の下段(括弧書き): 公共工事設計労務単価+必要経費(法定福利費の事業主負担額、労務管理費、宿舎費等)(試算値),2013-04,2013-04-01,mlit-roumu-h25,p18(横長の表) / p9(縦長の表),https://www.mlit.go.jp/common/000993048.pdf,PDL1.0,,
609af5c567dbb999,JP,labor,労務単価,内装工,所定労働時間内8時間あたり,人日,pref,15,新潟県,,,,17200,JPY,labor_wage_8h,published_pdl,24200,原本の下段(括弧書き): 公共工事設計労務単価+必要経費(法定福利費の事業主負担額、労務管理費、宿舎費等)(試算値),2013-04,2013-04-01,mlit-roumu-h25,p18(横長の表) / p9(縦長の表),https://www.mlit.go.jp/common/000993048.pdf,PDL1.0,,
52c9515db55ebe30,JP,labor,労務単価,ガラス工,所定労働時間内8時間あたり,人日,pref,15,新潟県,,,,16300,JPY,labor_wage_8h,published_pdl,22900,原本の下段(括弧書き): 公共工事設計労務単価+必要経費(法定福利費の事業主負担額、労務管理費、宿舎費等)(試算値),2013-04,2013-04-01,mlit-roumu-h25,p18(横長の表) / p9(縦長の表),https://www.mlit.go.jp/common/000993048.pdf,PDL1.0,,
1daab1ed062af56d,JP,labor,労務単価,建具工,所定労働時間内8時間あたり,人日,pref,15,新潟県,,,,13600,JPY,labor_wage_8h,published_pdl,19100,原本の下段(括弧書き): 公共工事設計労務単価+必要経費(法定福利費の事業主負担額、労務管理費、宿舎費等)(試算値),2013-04,2013-04-01,mlit-roumu-h25,p18(横長の表) / p9(縦長の表),https://www.mlit.go.jp/common/000993048.pdf,PDL1.0,,
809c5d0afefaaca5,JP,labor,労務単価,ダクト工,所定労働時間内8時間あたり,人日,pref,15,新潟県,,,,16600,JPY,labor_wage_8h,published_pdl,23300,原本の下段(括弧書き): 公共工事設計労務単価+必要経費(法定福利費の事業主負担額、労務管理費、宿舎費等)(試算値),2013-04,2013-04-01,mlit-roumu-h25,p18(横長の表) / p9(縦長の表),https://www.mlit.go.jp/common/000993048.pdf,PDL1.0,,
79b6b260d504d9ad,JP,labor,労務単価,保温工,所定労働時間内8時間あたり,人日,pref,15,新潟県,,,,17000,JPY,labor_wage_8h,published_pdl,23900,原本の下段(括弧書き): 公共工事設計労務単価+必要経費(法定福利費の事業主負担額、労務管理費、宿舎費等)(試算値),2013-04,2013-04-01,mlit-roumu-h25,p18(横長の表) / p9(縦長の表),https://www.mlit.go.jp/common/000993048.pdf,PDL1.0,,
c1fef2a648b1d941,JP,labor,労務単価,建築ブロック工,所定労働時間内8時間あたり,人日,pref,15,新潟県,,,,14500,JPY,labor_wage_8h,published_pdl,20400,原本の下段(括弧書き): 公共工事設計労務単価+必要経費(法定福利費の事業主負担額、労務管理費、宿舎費等)(試算値),2013-04,2013-04-01,mlit-roumu-h25,p18(横長の表) / p9(縦長の表),https://www.mlit.go.jp/common/000993048.pdf,PDL1.0,,
99805532d0d7bdf4,JP,labor,労務単価,設備機械工,所定労働時間内8時間あたり,人日,pref,15,新潟県,,,,16900,JPY,labor_wage_8h,published_pdl,23800,原本の下段(括弧書き): 公共工事設計労務単価+必要経費(法定福利費の事業主負担額、労務管理費、宿舎費等)(試算値),2013-04,2013-04-01,mlit-roumu-h25,p18(横長の表) / p9(縦長の表),https://www.mlit.go.jp/common/000993048.pdf,PDL1.0,,
1285911c6132d28c,JP,labor,労務単価,交通誘導員Ａ,所定労働時間内8時間あたり,人日,pref,15,新潟県,,,,9500,JPY,labor_wage_8h,published_pdl,13400,原本の下段(括弧書き): 公共工事設計労務単価+必要経費(法定福利費の事業主負担額、労務管理費、宿舎費等)(試算値),2013-04,2013-04-01,mlit-roumu-h25,p18(横長の表) / p9(縦長の表),https://www.mlit.go.jp/common/000993048.pdf,PDL1.0,,
30e69a8c8bb64f8d,JP,labor,労務単価,交通誘導員Ｂ,所定労働時間内8時間あたり,人日,pref,15,新潟県,,,,8700,JPY,labor_wage_8h,published_pdl,12200,原本の下段(括弧書き): 公共工事設計労務単価+必要経費(法定福利費の事業主負担額、労務管理費、宿舎費等)(試算値),2013-04,2013-04-01,mlit-roumu-h25,p18(横長の表) / p9(縦長の表),https://www.mlit.go.jp/common/000993048.pdf,PDL1.0,,
4022f9064becf1a6,JP,labor,労務単価,特殊作業員,所定労働時間内8時間あたり,人日,pref,16,富山県,,,,17300,JPY,labor_wage_8h,published_pdl,24300,原本の下段(括弧書き): 公共工事設計労務単価+必要経費(法定福利費の事業主負担額、労務管理費、宿舎費等)(試算値),2013-04,2013-04-01,mlit-roumu-h25,p16(横長の表) / p5(縦長の表),https://www.mlit.go.jp/common/000993048.pdf,PDL1.0,,
44b86f2132fecb65,JP,labor,労務単価,普通作業員,所定労働時間内8時間あたり,人日,pref,16,富山県,,,,14500,JPY,labor_wage_8h,published_pdl,20400,原本の下段(括弧書き): 公共工事設計労務単価+必要経費(法定福利費の事業主負担額、労務管理費、宿舎費等)(試算値),2013-04,2013-04-01,mlit-roumu-h25,p16(横長の表) / p5(縦長の表),https://www.mlit.go.jp/common/000993048.pdf,PDL1.0,,
15f334568aa0b23d,JP,labor,労務単価,軽作業員,所定労働時間内8時間あたり,人日,pref,16,富山県,,,,11600,JPY,labor_wage_8h,published_pdl,16300,原本の下段(括弧書き): 公共工事設計労務単価+必要経費(法定福利費の事業主負担額、労務管理費、宿舎費等)(試算値),2013-04,2013-04-01,mlit-roumu-h25,p16(横長の表) / p5(縦長の表),https://www.mlit.go.jp/common/000993048.pdf,PDL1.0,,
512dd7457066b7f1,JP,labor,労務単価,造園工,所定労働時間内8時間あたり,人日,pref,16,富山県,,,,15400,JPY,labor_wage_8h,published_pdl,21700,原本の下段(括弧書き): 公共工事設計労務単価+必要経費(法定福利費の事業主負担額、労務管理費、宿舎費等)(試算値),2013-04,2013-04-01,mlit-roumu-h25,p16(横長の表) / p5(縦長の表),https://www.mlit.go.jp/common/000993048.pdf,PDL1.0,,
feb158c33e5c4bf8,JP,labor,労務単価,法面工,所定労働時間内8時間あたり,人日,pref,16,富山県,,,,19400,JPY,labor_wage_8h,published_pdl,27300,原本の下段(括弧書き): 公共工事設計労務単価+必要経費(法定福利費の事業主負担額、労務管理費、宿舎費等)(試算値),2013-04,2013-04-01,mlit-roumu-h25,p16(横長の表) / p5(縦長の表),https://www.mlit.go.jp/common/000993048.pdf,PDL1.0,,
fda7d14d4c20a94c,JP,labor,労務単価,とび工,所定労働時間内8時間あたり,人日,pref,16,富山県,,,,18300,JPY,labor_wage_8h,published_pdl,25700,原本の下段(括弧書き): 公共工事設計労務単価+必要経費(法定福利費の事業主負担額、労務管理費、宿舎費等)(試算値),2013-04,2013-04-01,mlit-roumu-h25,p16(横長の表) / p5(縦長の表),https://www.mlit.go.jp/common/000993048.pdf,PDL1.0,,
dbfca2c2f39dd72b,JP,labor,労務単価,石工,所定労働時間内8時間あたり,人日,pref,16,富山県,,,,19700,JPY,labor_wage_8h,published_pdl,27700,原本の下段(括弧書き): 公共工事設計労務単価+必要経費(法定福利費の事業主負担額、労務管理費、宿舎費等)(試算値),2013-04,2013-04-01,mlit-roumu-h25,p16(横長の表) / p5(縦長の表),https://www.mlit.go.jp/common/000993048.pdf,PDL1.0,,
d9b6517fe9b14315,JP,labor,労務単価,ブロック工,所定労働時間内8時間あたり,人日,pref,16,富山県,,,,20100,JPY,labor_wage_8h,published_pdl,28300,原本の下段(括弧書き): 公共工事設計労務単価+必要経費(法定福利費の事業主負担額、労務管理費、宿舎費等)(試算値),2013-04,2013-04-01,mlit-roumu-h25,p16(横長の表) / p5(縦長の表),https://www.mlit.go.jp/common/000993048.pdf,PDL1.0,,
dc0883ab13037628,JP,labor,労務単価,電工,所定労働時間内8時間あたり,人日,pref,16,富山県,,,,17400,JPY,labor_wage_8h,published_pdl,24500,原本の下段(括弧書き): 公共工事設計労務単価+必要経費(法定福利費の事業主負担額、労務管理費、宿舎費等)(試算値),2013-04,2013-04-01,mlit-roumu-h25,p16(横長の表) / p5(縦長の表),https://www.mlit.go.jp/common/000993048.pdf,PDL1.0,,
e8d78b4ae1558e44,JP,labor,労務単価,鉄筋工,所定労働時間内8時間あたり,人日,pref,16,富山県,,,,18500,JPY,labor_wage_8h,published_pdl,26000,原本の下段(括弧書き): 公共工事設計労務単価+必要経費(法定福利費の事業主負担額、労務管理費、宿舎費等)(試算値),2013-04,2013-04-01,mlit-roumu-h25,p16(横長の表) / p5(縦長の表),https://www.mlit.go.jp/common/000993048.pdf,PDL1.0,,
ba217b8dfaaaf808,JP,labor,労務単価,鉄骨工,所定労働時間内8時間あたり,人日,pref,16,富山県,,,,17900,JPY,labor_wage_8h,published_pdl,25200,原本の下段(括弧書き): 公共工事設計労務単価+必要経費(法定福利費の事業主負担額、労務管理費、宿舎費等)(試算値),2013-04,2013-04-01,mlit-roumu-h25,p16(横長の表) / p6(縦長の表),https://www.mlit.go.jp/common/000993048.pdf,PDL1.0,,
57b8182256b34f95,JP,labor,労務単価,塗装工,所定労働時間内8時間あたり,人日,pref,16,富山県,,,,17800,JPY,labor_wage_8h,published_pdl,25000,原本の下段(括弧書き): 公共工事設計労務単価+必要経費(法定福利費の事業主負担額、労務管理費、宿舎費等)(試算値),2013-04,2013-04-01,mlit-roumu-h25,p16(横長の表) / p6(縦長の表),https://www.mlit.go.jp/common/000993048.pdf,PDL1.0,,
e0a44bdbca2e69a1,JP,labor,労務単価,溶接工,所定労働時間内8時間あたり,人日,pref,16,富山県,,,,18300,JPY,labor_wage_8h,published_pdl,25700,原本の下段(括弧書き): 公共工事設計労務単価+必要経費(法定福利費の事業主負担額、労務管理費、宿舎費等)(試算値),2013-04,2013-04-01,mlit-roumu-h25,p16(横長の表) / p6(縦長の表),https://www.mlit.go.jp/common/000993048.pdf,PDL1.0,,
944ff42d020bc2ea,JP,labor,労務単価,運転手（特殊）,所定労働時間内8時間あたり,人日,pref,16,富山県,,,,16900,JPY,labor_wage_8h,published_pdl,23800,原本の下段(括弧書き): 公共工事設計労務単価+必要経費(法定福利費の事業主負担額、労務管理費、宿舎費等)(試算値),2013-04,2013-04-01,mlit-roumu-h25,p16(横長の表) / p6(縦長の表),https://www.mlit.go.jp/common/000993048.pdf,PDL1.0,,
b5ff0df38b3d2c46,JP,labor,労務単価,運転手（一般）,所定労働時間内8時間あたり,人日,pref,16,富山県,,,,14700,JPY,labor_wage_8h,published_pdl,20700,原本の下段(括弧書き): 公共工事設計労務単価+必要経費(法定福利費の事業主負担額、労務管理費、宿舎費等)(試算値),2013-04,2013-04-01,mlit-roumu-h25,p16(横長の表) / p6(縦長の表),https://www.mlit.go.jp/common/000993048.pdf,PDL1.0,,
320d0d2cfea37a56,JP,labor,労務単価,潜かん工,所定労働時間内8時間あたり,人日,pref,16,富山県,,,,23800,JPY,labor_wage_8h,published_pdl,33500,原本の下段(括弧書き): 公共工事設計労務単価+必要経費(法定福利費の事業主負担額、労務管理費、宿舎費等)(試算値),2013-04,2013-04-01,mlit-roumu-h25,p16(横長の表) / p6(縦長の表),https://www.mlit.go.jp/common/000993048.pdf,PDL1.0,,
b3686594261f91a9,JP,labor,労務単価,潜かん世話役,所定労働時間内8時間あたり,人日,pref,16,富山県,,,,28200,JPY,labor_wage_8h,published_pdl,39600,原本の下段(括弧書き): 公共工事設計労務単価+必要経費(法定福利費の事業主負担額、労務管理費、宿舎費等)(試算値),2013-04,2013-04-01,mlit-roumu-h25,p16(横長の表) / p6(縦長の表),https://www.mlit.go.jp/common/000993048.pdf,PDL1.0,,
f84a953e4150ada1,JP,labor,労務単価,さく岩工,所定労働時間内8時間あたり,人日,pref,16,富山県,,,,20400,JPY,labor_wage_8h,published_pdl,28700,原本の下段(括弧書き): 公共工事設計労務単価+必要経費(法定福利費の事業主負担額、労務管理費、宿舎費等)(試算値),2013-04,2013-04-01,mlit-roumu-h25,p16(横長の表) / p6(縦長の表),https://www.mlit.go.jp/common/000993048.pdf,PDL1.0,,
3181a27b59ec6b89,JP,labor,労務単価,トンネル特殊工,所定労働時間内8時間あたり,人日,pref,16,富山県,,,,23400,JPY,labor_wage_8h,published_pdl,32900,原本の下段(括弧書き): 公共工事設計労務単価+必要経費(法定福利費の事業主負担額、労務管理費、宿舎費等)(試算値),2013-04,2013-04-01,mlit-roumu-h25,p16(横長の表) / p6(縦長の表),https://www.mlit.go.jp/common/000993048.pdf,PDL1.0,,
4499a1e2a1d102b0,JP,labor,労務単価,トンネル作業員,所定労働時間内8時間あたり,人日,pref,16,富山県,,,,17600,JPY,labor_wage_8h,published_pdl,24700,原本の下段(括弧書き): 公共工事設計労務単価+必要経費(法定福利費の事業主負担額、労務管理費、宿舎費等)(試算値),2013-04,2013-04-01,mlit-roumu-h25,p16(横長の表) / p6(縦長の表),https://www.mlit.go.jp/common/000993048.pdf,PDL1.0,,
8ce4a1c7fba9cada,JP,labor,労務単価,トンネル世話役,所定労働時間内8時間あたり,人日,pref,16,富山県,,,,24600,JPY,labor_wage_8h,published_pdl,34600,原本の下段(括弧書き): 公共工事設計労務単価+必要経費(法定福利費の事業主負担額、労務管理費、宿舎費等)(試算値),2013-04,2013-04-01,mlit-roumu-h25,p17(横長の表) / p7(縦長の表),https://www.mlit.go.jp/common/000993048.pdf,PDL1.0,,
b291e7a907abc8ec,JP,labor,労務単価,橋りょう特殊工,所定労働時間内8時間あたり,人日,pref,16,富山県,,,,20500,JPY,labor_wage_8h,published_pdl,28800,原本の下段(括弧書き): 公共工事設計労務単価+必要経費(法定福利費の事業主負担額、労務管理費、宿舎費等)(試算値),2013-04,2013-04-01,mlit-roumu-h25,p17(横長の表) / p7(縦長の表),https://www.mlit.go.jp/common/000993048.pdf,PDL1.0,,
96f3815b7de9695d,JP,labor,労務単価,橋りょう塗装工,所定労働時間内8時間あたり,人日,pref,16,富山県,,,,24700,JPY,labor_wage_8h,published_pdl,34700,原本の下段(括弧書き): 公共工事設計労務単価+必要経費(法定福利費の事業主負担額、労務管理費、宿舎費等)(試算値),2013-04,2013-04-01,mlit-roumu-h25,p17(横長の表) / p7(縦長の表),https://www.mlit.go.jp/common/000993048.pdf,PDL1.0,,
11bc9f4b80e5a303,JP,labor,労務単価,橋りょう世話役,所定労働時間内8時間あたり,人日,pref,16,富山県,,,,23800,JPY,labor_wage_8h,published_pdl,33500,原本の下段(括弧書き): 公共工事設計労務単価+必要経費(法定福利費の事業主負担額、労務管理費、宿舎費等)(試算値),2013-04,2013-04-01,mlit-roumu-h25,p17(横長の表) / p7(縦長の表),https://www.mlit.go.jp/common/000993048.pdf,PDL1.0,,
66e69574fbd0aa60,JP,labor,労務単価,土木一般世話役,所定労働時間内8時間あたり,人日,pref,16,富山県,,,,18900,JPY,labor_wage_8h,published_pdl,26600,原本の下段(括弧書き): 公共工事設計労務単価+必要経費(法定福利費の事業主負担額、労務管理費、宿舎費等)(試算値),2013-04,2013-04-01,mlit-roumu-h25,p17(横長の表) / p7(縦長の表),https://www.mlit.go.jp/common/000993048.pdf,PDL1.0,,
4c422b8690a8610b,JP,labor,労務単価,高級船員,所定労働時間内8時間あたり,人日,pref,16,富山県,,,,21600,JPY,labor_wage_8h,published_pdl,30400,原本の下段(括弧書き): 公共工事設計労務単価+必要経費(法定福利費の事業主負担額、労務管理費、宿舎費等)(試算値),2013-04,2013-04-01,mlit-roumu-h25,p17(横長の表) / p7(縦長の表),https://www.mlit.go.jp/common/000993048.pdf,PDL1.0,,
dce220ceabad3280,JP,labor,労務単価,普通船員,所定労働時間内8時間あたり,人日,pref,16,富山県,,,,17900,JPY,labor_wage_8h,published_pdl,25200,原本の下段(括弧書き): 公共工事設計労務単価+必要経費(法定福利費の事業主負担額、労務管理費、宿舎費等)(試算値),2013-04,2013-04-01,mlit-roumu-h25,p17(横長の表) / p7(縦長の表),https://www.mlit.go.jp/common/000993048.pdf,PDL1.0,,
9f68e48ca1987237,JP,labor,労務単価,潜水士,所定労働時間内8時間あたり,人日,pref,16,富山県,,,,30000,JPY,labor_wage_8h,published_pdl,42200,原本の下段(括弧書き): 公共工事設計労務単価+必要経費(法定福利費の事業主負担額、労務管理費、宿舎費等)(試算値),2013-04,2013-04-01,mlit-roumu-h25,p17(横長の表) / p7(縦長の表),https://www.mlit.go.jp/common/000993048.pdf,PDL1.0,,
6d5bcbdec7e917ec,JP,labor,労務単価,潜水連絡員,所定労働時間内8時間あたり,人日,pref,16,富山県,,,,18000,JPY,labor_wage_8h,published_pdl,25300,原本の下段(括弧書き): 公共工事設計労務単価+必要経費(法定福利費の事業主負担額、労務管理費、宿舎費等)(試算値),2013-04,2013-04-01,mlit-roumu-h25,p17(横長の表) / p7(縦長の表),https://www.mlit.go.jp/common/000993048.pdf,PDL1.0,,
69d21b879578f56d,JP,labor,労務単価,潜水送気員,所定労働時間内8時間あたり,人日,pref,16,富山県,,,,19800,JPY,labor_wage_8h,published_pdl,27800,原本の下段(括弧書き): 公共工事設計労務単価+必要経費(法定福利費の事業主負担額、労務管理費、宿舎費等)(試算値),2013-04,2013-04-01,mlit-roumu-h25,p17(横長の表) / p7(縦長の表),https://www.mlit.go.jp/common/000993048.pdf,PDL1.0,,
100adfbe9aa6eee8,JP,labor,労務単価,山林砂防工,所定労働時間内8時間あたり,人日,pref,16,富山県,,,,20900,JPY,labor_wage_8h,published_pdl,29400,原本の下段(括弧書き): 公共工事設計労務単価+必要経費(法定福利費の事業主負担額、労務管理費、宿舎費等)(試算値),2013-04,2013-04-01,mlit-roumu-h25,p17(横長の表) / p8(縦長の表),https://www.mlit.go.jp/common/000993048.pdf,PDL1.0,,
ef3d84e20200a6fa,JP,labor,労務単価,軌道工,所定労働時間内8時間あたり,人日,pref,16,富山県,,,,24800,JPY,labor_wage_8h,published_pdl,34900,原本の下段(括弧書き): 公共工事設計労務単価+必要経費(法定福利費の事業主負担額、労務管理費、宿舎費等)(試算値),2013-04,2013-04-01,mlit-roumu-h25,p17(横長の表) / p8(縦長の表),https://www.mlit.go.jp/common/000993048.pdf,PDL1.0,,
4f03df6e7e5636e1,JP,labor,労務単価,型わく工,所定労働時間内8時間あたり,人日,pref,16,富山県,,,,18100,JPY,labor_wage_8h,published_pdl,25400,原本の下段(括弧書き): 公共工事設計労務単価+必要経費(法定福利費の事業主負担額、労務管理費、宿舎費等)(試算値),2013-04,2013-04-01,mlit-roumu-h25,p17(横長の表) / p8(縦長の表),https://www.mlit.go.jp/common/000993048.pdf,PDL1.0,,
8e00bd8f5a4a51c9,JP,labor,労務単価,大工,所定労働時間内8時間あたり,人日,pref,16,富山県,,,,16900,JPY,labor_wage_8h,published_pdl,23800,原本の下段(括弧書き): 公共工事設計労務単価+必要経費(法定福利費の事業主負担額、労務管理費、宿舎費等)(試算値),2013-04,2013-04-01,mlit-roumu-h25,p17(横長の表) / p8(縦長の表),https://www.mlit.go.jp/common/000993048.pdf,PDL1.0,,
fabb4ab855a3a5ef,JP,labor,労務単価,左官,所定労働時間内8時間あたり,人日,pref,16,富山県,,,,16800,JPY,labor_wage_8h,published_pdl,23600,原本の下段(括弧書き): 公共工事設計労務単価+必要経費(法定福利費の事業主負担額、労務管理費、宿舎費等)(試算値),2013-04,2013-04-01,mlit-roumu-h25,p17(横長の表) / p8(縦長の表),https://www.mlit.go.jp/common/000993048.pdf,PDL1.0,,
553d0e5f25994e59,JP,labor,労務単価,配管工,所定労働時間内8時間あたり,人日,pref,16,富山県,,,,16800,JPY,labor_wage_8h,published_pdl,23600,原本の下段(括弧書き): 公共工事設計労務単価+必要経費(法定福利費の事業主負担額、労務管理費、宿舎費等)(試算値),2013-04,2013-04-01,mlit-roumu-h25,p17(横長の表) / p8(縦長の表),https://www.mlit.go.jp/common/000993048.pdf,PDL1.0,,
238ed8ff99c98895,JP,labor,労務単価,はつり工,所定労働時間内8時間あたり,人日,pref,16,富山県,,,,16300,JPY,labor_wage_8h,published_pdl,22900,原本の下段(括弧書き): 公共工事設計労務単価+必要経費(法定福利費の事業主負担額、労務管理費、宿舎費等)(試算値),2013-04,2013-04-01,mlit-roumu-h25,p17(横長の表) / p8(縦長の表),https://www.mlit.go.jp/common/000993048.pdf,PDL1.0,,
248489be92cd184e,JP,labor,労務単価,防水工,所定労働時間内8時間あたり,人日,pref,16,富山県,,,,16500,JPY,labor_wage_8h,published_pdl,23200,原本の下段(括弧書き): 公共工事設計労務単価+必要経費(法定福利費の事業主負担額、労務管理費、宿舎費等)(試算値),2013-04,2013-04-01,mlit-roumu-h25,p17(横長の表) / p8(縦長の表),https://www.mlit.go.jp/common/000993048.pdf,PDL1.0,,
d3bb6fb8c8f12da6,JP,labor,労務単価,板金工,所定労働時間内8時間あたり,人日,pref,16,富山県,,,,17100,JPY,labor_wage_8h,published_pdl,24000,原本の下段(括弧書き): 公共工事設計労務単価+必要経費(法定福利費の事業主負担額、労務管理費、宿舎費等)(試算値),2013-04,2013-04-01,mlit-roumu-h25,p17(横長の表) / p8(縦長の表),https://www.mlit.go.jp/common/000993048.pdf,PDL1.0,,
04a3158da285fe39,JP,labor,労務単価,タイル工,所定労働時間内8時間あたり,人日,pref,16,富山県,,,,20700,JPY,labor_wage_8h,published_pdl,29100,原本の下段(括弧書き): 公共工事設計労務単価+必要経費(法定福利費の事業主負担額、労務管理費、宿舎費等)(試算値),2013-04,2013-04-01,mlit-roumu-h25,p17(横長の表) / p8(縦長の表),https://www.mlit.go.jp/common/000993048.pdf,PDL1.0,,
6e6475ff16a230de,JP,labor,労務単価,サッシ工,所定労働時間内8時間あたり,人日,pref,16,富山県,,,,16900,JPY,labor_wage_8h,published_pdl,23800,原本の下段(括弧書き): 公共工事設計労務単価+必要経費(法定福利費の事業主負担額、労務管理費、宿舎費等)(試算値),2013-04,2013-04-01,mlit-roumu-h25,p18(横長の表) / p9(縦長の表),https://www.mlit.go.jp/common/000993048.pdf,PDL1.0,,
7828dd76f4b3e926,JP,labor,労務単価,内装工,所定労働時間内8時間あたり,人日,pref,16,富山県,,,,17100,JPY,labor_wage_8h,published_pdl,24000,原本の下段(括弧書き): 公共工事設計労務単価+必要経費(法定福利費の事業主負担額、労務管理費、宿舎費等)(試算値),2013-04,2013-04-01,mlit-roumu-h25,p18(横長の表) / p9(縦長の表),https://www.mlit.go.jp/common/000993048.pdf,PDL1.0,,
fb8ea44263caf2c5,JP,labor,労務単価,ガラス工,所定労働時間内8時間あたり,人日,pref,16,富山県,,,,16300,JPY,labor_wage_8h,published_pdl,22900,原本の下段(括弧書き): 公共工事設計労務単価+必要経費(法定福利費の事業主負担額、労務管理費、宿舎費等)(試算値),2013-04,2013-04-01,mlit-roumu-h25,p18(横長の表) / p9(縦長の表),https://www.mlit.go.jp/common/000993048.pdf,PDL1.0,,
d41ff809c7a263d7,JP,labor,労務単価,建具工,所定労働時間内8時間あたり,人日,pref,16,富山県,,,,14000,JPY,labor_wage_8h,published_pdl,19700,原本の下段(括弧書き): 公共工事設計労務単価+必要経費(法定福利費の事業主負担額、労務管理費、宿舎費等)(試算値),2013-04,2013-04-01,mlit-roumu-h25,p18(横長の表) / p9(縦長の表),https://www.mlit.go.jp/common/000993048.pdf,PDL1.0,,
41bc08255bfda01d,JP,labor,労務単価,ダクト工,所定労働時間内8時間あたり,人日,pref,16,富山県,,,,17100,JPY,labor_wage_8h,published_pdl,24000,原本の下段(括弧書き): 公共工事設計労務単価+必要経費(法定福利費の事業主負担額、労務管理費、宿舎費等)(試算値),2013-04,2013-04-01,mlit-roumu-h25,p18(横長の表) / p9(縦長の表),https://www.mlit.go.jp/common/000993048.pdf,PDL1.0,,
82245560ca527f94,JP,labor,労務単価,保温工,所定労働時間内8時間あたり,人日,pref,16,富山県,,,,17000,JPY,labor_wage_8h,published_pdl,23900,原本の下段(括弧書き): 公共工事設計労務単価+必要経費(法定福利費の事業主負担額、労務管理費、宿舎費等)(試算値),2013-04,2013-04-01,mlit-roumu-h25,p18(横長の表) / p9(縦長の表),https://www.mlit.go.jp/common/000993048.pdf,PDL1.0,,
45efe080cbb20793,JP,labor,労務単価,建築ブロック工,所定労働時間内8時間あたり,人日,pref,16,富山県,,,,,JPY,labor_wage_8h,not_set,,,2013-04,2013-04-01,mlit-roumu-h25,p18(横長の表) / p9(縦長の表),https://www.mlit.go.jp/common/000993048.pdf,PDL1.0,,原本の表で『-』(この都道府県ではこの職種の単価を設定していない)
80cc3482e8fa0c6b,JP,labor,労務単価,設備機械工,所定労働時間内8時間あたり,人日,pref,16,富山県,,,,17200,JPY,labor_wage_8h,published_pdl,24200,原本の下段(括弧書き): 公共工事設計労務単価+必要経費(法定福利費の事業主負担額、労務管理費、宿舎費等)(試算値),2013-04,2013-04-01,mlit-roumu-h25,p18(横長の表) / p9(縦長の表),https://www.mlit.go.jp/common/000993048.pdf,PDL1.0,,
0500dd1264d6fa52,JP,labor,労務単価,交通誘導員Ａ,所定労働時間内8時間あたり,人日,pref,16,富山県,,,,9700,JPY,labor_wage_8h,published_pdl,13600,原本の下段(括弧書き): 公共工事設計労務単価+必要経費(法定福利費の事業主負担額、労務管理費、宿舎費等)(試算値),2013-04,2013-04-01,mlit-roumu-h25,p18(横長の表) / p9(縦長の表),https://www.mlit.go.jp/common/000993048.pdf,PDL1.0,,
ecaf37a53c9d3329,JP,labor,労務単価,交通誘導員Ｂ,所定労働時間内8時間あたり,人日,pref,16,富山県,,,,9200,JPY,labor_wage_8h,published_pdl,12900,原本の下段(括弧書き): 公共工事設計労務単価+必要経費(法定福利費の事業主負担額、労務管理費、宿舎費等)(試算値),2013-04,2013-04-01,mlit-roumu-h25,p18(横長の表) / p9(縦長の表),https://www.mlit.go.jp/common/000993048.pdf,PDL1.0,,
1ee91663ec388438,JP,labor,労務単価,特殊作業員,所定労働時間内8時間あたり,人日,pref,17,石川県,,,,18100,JPY,labor_wage_8h,published_pdl,25400,原本の下段(括弧書き): 公共工事設計労務単価+必要経費(法定福利費の事業主負担額、労務管理費、宿舎費等)(試算値),2013-04,2013-04-01,mlit-roumu-h25,p16(横長の表) / p5(縦長の表),https://www.mlit.go.jp/common/000993048.pdf,PDL1.0,,
d515c30e5497ea8e,JP,labor,労務単価,普通作業員,所定労働時間内8時間あたり,人日,pref,17,石川県,,,,14400,JPY,labor_wage_8h,published_pdl,20200,原本の下段(括弧書き): 公共工事設計労務単価+必要経費(法定福利費の事業主負担額、労務管理費、宿舎費等)(試算値),2013-04,2013-04-01,mlit-roumu-h25,p16(横長の表) / p5(縦長の表),https://www.mlit.go.jp/common/000993048.pdf,PDL1.0,,
27a4db0295be9be2,JP,labor,労務単価,軽作業員,所定労働時間内8時間あたり,人日,pref,17,石川県,,,,11500,JPY,labor_wage_8h,published_pdl,16200,原本の下段(括弧書き): 公共工事設計労務単価+必要経費(法定福利費の事業主負担額、労務管理費、宿舎費等)(試算値),2013-04,2013-04-01,mlit-roumu-h25,p16(横長の表) / p5(縦長の表),https://www.mlit.go.jp/common/000993048.pdf,PDL1.0,,
c423389780043f18,JP,labor,労務単価,造園工,所定労働時間内8時間あたり,人日,pref,17,石川県,,,,16400,JPY,labor_wage_8h,published_pdl,23100,原本の下段(括弧書き): 公共工事設計労務単価+必要経費(法定福利費の事業主負担額、労務管理費、宿舎費等)(試算値),2013-04,2013-04-01,mlit-roumu-h25,p16(横長の表) / p5(縦長の表),https://www.mlit.go.jp/common/000993048.pdf,PDL1.0,,
9ba1ca08cd4123ce,JP,labor,労務単価,法面工,所定労働時間内8時間あたり,人日,pref,17,石川県,,,,19300,JPY,labor_wage_8h,published_pdl,27100,原本の下段(括弧書き): 公共工事設計労務単価+必要経費(法定福利費の事業主負担額、労務管理費、宿舎費等)(試算値),2013-04,2013-04-01,mlit-roumu-h25,p16(横長の表) / p5(縦長の表),https://www.mlit.go.jp/common/000993048.pdf,PDL1.0,,
6b23f0f4a6c53228,JP,labor,労務単価,とび工,所定労働時間内8時間あたり,人日,pref,17,石川県,,,,18300,JPY,labor_wage_8h,published_pdl,25700,原本の下段(括弧書き): 公共工事設計労務単価+必要経費(法定福利費の事業主負担額、労務管理費、宿舎費等)(試算値),2013-04,2013-04-01,mlit-roumu-h25,p16(横長の表) / p5(縦長の表),https://www.mlit.go.jp/common/000993048.pdf,PDL1.0,,
c9dd2e94bcf80306,JP,labor,労務単価,石工,所定労働時間内8時間あたり,人日,pref,17,石川県,,,,19300,JPY,labor_wage_8h,published_pdl,27100,原本の下段(括弧書き): 公共工事設計労務単価+必要経費(法定福利費の事業主負担額、労務管理費、宿舎費等)(試算値),2013-04,2013-04-01,mlit-roumu-h25,p16(横長の表) / p5(縦長の表),https://www.mlit.go.jp/common/000993048.pdf,PDL1.0,,
53e8c11736c4bf2d,JP,labor,労務単価,ブロック工,所定労働時間内8時間あたり,人日,pref,17,石川県,,,,20100,JPY,labor_wage_8h,published_pdl,28300,原本の下段(括弧書き): 公共工事設計労務単価+必要経費(法定福利費の事業主負担額、労務管理費、宿舎費等)(試算値),2013-04,2013-04-01,mlit-roumu-h25,p16(横長の表) / p5(縦長の表),https://www.mlit.go.jp/common/000993048.pdf,PDL1.0,,
ec79481b172e53f2,JP,labor,労務単価,電工,所定労働時間内8時間あたり,人日,pref,17,石川県,,,,17500,JPY,labor_wage_8h,published_pdl,24600,原本の下段(括弧書き): 公共工事設計労務単価+必要経費(法定福利費の事業主負担額、労務管理費、宿舎費等)(試算値),2013-04,2013-04-01,mlit-roumu-h25,p16(横長の表) / p5(縦長の表),https://www.mlit.go.jp/common/000993048.pdf,PDL1.0,,
c789e73de18670c3,JP,labor,労務単価,鉄筋工,所定労働時間内8時間あたり,人日,pref,17,石川県,,,,18100,JPY,labor_wage_8h,published_pdl,25400,原本の下段(括弧書き): 公共工事設計労務単価+必要経費(法定福利費の事業主負担額、労務管理費、宿舎費等)(試算値),2013-04,2013-04-01,mlit-roumu-h25,p16(横長の表) / p5(縦長の表),https://www.mlit.go.jp/common/000993048.pdf,PDL1.0,,
45b8c767c5b83ea3,JP,labor,労務単価,鉄骨工,所定労働時間内8時間あたり,人日,pref,17,石川県,,,,17400,JPY,labor_wage_8h,published_pdl,24500,原本の下段(括弧書き): 公共工事設計労務単価+必要経費(法定福利費の事業主負担額、労務管理費、宿舎費等)(試算値),2013-04,2013-04-01,mlit-roumu-h25,p16(横長の表) / p6(縦長の表),https://www.mlit.go.jp/common/000993048.pdf,PDL1.0,,
493f5fffe6610473,JP,labor,労務単価,塗装工,所定労働時間内8時間あたり,人日,pref,17,石川県,,,,17400,JPY,labor_wage_8h,published_pdl,24500,原本の下段(括弧書き): 公共工事設計労務単価+必要経費(法定福利費の事業主負担額、労務管理費、宿舎費等)(試算値),2013-04,2013-04-01,mlit-roumu-h25,p16(横長の表) / p6(縦長の表),https://www.mlit.go.jp/common/000993048.pdf,PDL1.0,,
205b342910bb70b0,JP,labor,労務単価,溶接工,所定労働時間内8時間あたり,人日,pref,17,石川県,,,,18000,JPY,labor_wage_8h,published_pdl,25300,原本の下段(括弧書き): 公共工事設計労務単価+必要経費(法定福利費の事業主負担額、労務管理費、宿舎費等)(試算値),2013-04,2013-04-01,mlit-roumu-h25,p16(横長の表) / p6(縦長の表),https://www.mlit.go.jp/common/000993048.pdf,PDL1.0,,
94d789d7e8876399,JP,labor,労務単価,運転手（特殊）,所定労働時間内8時間あたり,人日,pref,17,石川県,,,,17100,JPY,labor_wage_8h,published_pdl,24000,原本の下段(括弧書き): 公共工事設計労務単価+必要経費(法定福利費の事業主負担額、労務管理費、宿舎費等)(試算値),2013-04,2013-04-01,mlit-roumu-h25,p16(横長の表) / p6(縦長の表),https://www.mlit.go.jp/common/000993048.pdf,PDL1.0,,
dfb5f04e8a5a22b8,JP,labor,労務単価,運転手（一般）,所定労働時間内8時間あたり,人日,pref,17,石川県,,,,15100,JPY,labor_wage_8h,published_pdl,21200,原本の下段(括弧書き): 公共工事設計労務単価+必要経費(法定福利費の事業主負担額、労務管理費、宿舎費等)(試算値),2013-04,2013-04-01,mlit-roumu-h25,p16(横長の表) / p6(縦長の表),https://www.mlit.go.jp/common/000993048.pdf,PDL1.0,,
04919d01d414d3f2,JP,labor,労務単価,潜かん工,所定労働時間内8時間あたり,人日,pref,17,石川県,,,,23800,JPY,labor_wage_8h,published_pdl,33500,原本の下段(括弧書き): 公共工事設計労務単価+必要経費(法定福利費の事業主負担額、労務管理費、宿舎費等)(試算値),2013-04,2013-04-01,mlit-roumu-h25,p16(横長の表) / p6(縦長の表),https://www.mlit.go.jp/common/000993048.pdf,PDL1.0,,
8e647906a06b5ff1,JP,labor,労務単価,潜かん世話役,所定労働時間内8時間あたり,人日,pref,17,石川県,,,,28200,JPY,labor_wage_8h,published_pdl,39600,原本の下段(括弧書き): 公共工事設計労務単価+必要経費(法定福利費の事業主負担額、労務管理費、宿舎費等)(試算値),2013-04,2013-04-01,mlit-roumu-h25,p16(横長の表) / p6(縦長の表),https://www.mlit.go.jp/common/000993048.pdf,PDL1.0,,
00bc0bc01dd3e80c,JP,labor,労務単価,さく岩工,所定労働時間内8時間あたり,人日,pref,17,石川県,,,,20400,JPY,labor_wage_8h,published_pdl,28700,原本の下段(括弧書き): 公共工事設計労務単価+必要経費(法定福利費の事業主負担額、労務管理費、宿舎費等)(試算値),2013-04,2013-04-01,mlit-roumu-h25,p16(横長の表) / p6(縦長の表),https://www.mlit.go.jp/common/000993048.pdf,PDL1.0,,
b5afb9d292cb85e1,JP,labor,労務単価,トンネル特殊工,所定労働時間内8時間あたり,人日,pref,17,石川県,,,,21800,JPY,labor_wage_8h,published_pdl,30700,原本の下段(括弧書き): 公共工事設計労務単価+必要経費(法定福利費の事業主負担額、労務管理費、宿舎費等)(試算値),2013-04,2013-04-01,mlit-roumu-h25,p16(横長の表) / p6(縦長の表),https://www.mlit.go.jp/common/000993048.pdf,PDL1.0,,
b7b1dd53f5ee2fc1,JP,labor,労務単価,トンネル作業員,所定労働時間内8時間あたり,人日,pref,17,石川県,,,,17600,JPY,labor_wage_8h,published_pdl,24700,原本の下段(括弧書き): 公共工事設計労務単価+必要経費(法定福利費の事業主負担額、労務管理費、宿舎費等)(試算値),2013-04,2013-04-01,mlit-roumu-h25,p16(横長の表) / p6(縦長の表),https://www.mlit.go.jp/common/000993048.pdf,PDL1.0,,
4f40d519c436cd4c,JP,labor,労務単価,トンネル世話役,所定労働時間内8時間あたり,人日,pref,17,石川県,,,,24600,JPY,labor_wage_8h,published_pdl,34600,原本の下段(括弧書き): 公共工事設計労務単価+必要経費(法定福利費の事業主負担額、労務管理費、宿舎費等)(試算値),2013-04,2013-04-01,mlit-roumu-h25,p17(横長の表) / p7(縦長の表),https://www.mlit.go.jp/common/000993048.pdf,PDL1.0,,
3e573ea9eee7311f,JP,labor,労務単価,橋りょう特殊工,所定労働時間内8時間あたり,人日,pref,17,石川県,,,,20500,JPY,labor_wage_8h,published_pdl,28800,原本の下段(括弧書き): 公共工事設計労務単価+必要経費(法定福利費の事業主負担額、労務管理費、宿舎費等)(試算値),2013-04,2013-04-01,mlit-roumu-h25,p17(横長の表) / p7(縦長の表),https://www.mlit.go.jp/common/000993048.pdf,PDL1.0,,
78106da093fb8057,JP,labor,労務単価,橋りょう塗装工,所定労働時間内8時間あたり,人日,pref,17,石川県,,,,24700,JPY,labor_wage_8h,published_pdl,34700,原本の下段(括弧書き): 公共工事設計労務単価+必要経費(法定福利費の事業主負担額、労務管理費、宿舎費等)(試算値),2013-04,2013-04-01,mlit-roumu-h25,p17(横長の表) / p7(縦長の表),https://www.mlit.go.jp/common/000993048.pdf,PDL1.0,,
cef6f1bcfc963e30,JP,labor,労務単価,橋りょう世話役,所定労働時間内8時間あたり,人日,pref,17,石川県,,,,24100,JPY,labor_wage_8h,published_pdl,33900,原本の下段(括弧書き): 公共工事設計労務単価+必要経費(法定福利費の事業主負担額、労務管理費、宿舎費等)(試算値),2013-04,2013-04-01,mlit-roumu-h25,p17(横長の表) / p7(縦長の表),https://www.mlit.go.jp/common/000993048.pdf,PDL1.0,,
a00b4330da222e48,JP,labor,労務単価,土木一般世話役,所定労働時間内8時間あたり,人日,pref,17,石川県,,,,20400,JPY,labor_wage_8h,published_pdl,28700,原本の下段(括弧書き): 公共工事設計労務単価+必要経費(法定福利費の事業主負担額、労務管理費、宿舎費等)(試算値),2013-04,2013-04-01,mlit-roumu-h25,p17(横長の表) / p7(縦長の表),https://www.mlit.go.jp/common/000993048.pdf,PDL1.0,,
ab567cc4fc7f68af,JP,labor,労務単価,高級船員,所定労働時間内8時間あたり,人日,pref,17,石川県,,,,21600,JPY,labor_wage_8h,published_pdl,30400,原本の下段(括弧書き): 公共工事設計労務単価+必要経費(法定福利費の事業主負担額、労務管理費、宿舎費等)(試算値),2013-04,2013-04-01,mlit-roumu-h25,p17(横長の表) / p7(縦長の表),https://www.mlit.go.jp/common/000993048.pdf,PDL1.0,,
a6ebcc5ed9369661,JP,labor,労務単価,普通船員,所定労働時間内8時間あたり,人日,pref,17,石川県,,,,17900,JPY,labor_wage_8h,published_pdl,25200,原本の下段(括弧書き): 公共工事設計労務単価+必要経費(法定福利費の事業主負担額、労務管理費、宿舎費等)(試算値),2013-04,2013-04-01,mlit-roumu-h25,p17(横長の表) / p7(縦長の表),https://www.mlit.go.jp/common/000993048.pdf,PDL1.0,,
f67d30f761a0b516,JP,labor,労務単価,潜水士,所定労働時間内8時間あたり,人日,pref,17,石川県,,,,28900,JPY,labor_wage_8h,published_pdl,40600,原本の下段(括弧書き): 公共工事設計労務単価+必要経費(法定福利費の事業主負担額、労務管理費、宿舎費等)(試算値),2013-04,2013-04-01,mlit-roumu-h25,p17(横長の表) / p7(縦長の表),https://www.mlit.go.jp/common/000993048.pdf,PDL1.0,,
ce4f8749cf06e545,JP,labor,労務単価,潜水連絡員,所定労働時間内8時間あたり,人日,pref,17,石川県,,,,18400,JPY,labor_wage_8h,published_pdl,25900,原本の下段(括弧書き): 公共工事設計労務単価+必要経費(法定福利費の事業主負担額、労務管理費、宿舎費等)(試算値),2013-04,2013-04-01,mlit-roumu-h25,p17(横長の表) / p7(縦長の表),https://www.mlit.go.jp/common/000993048.pdf,PDL1.0,,
f609c424ecd644ff,JP,labor,労務単価,潜水送気員,所定労働時間内8時間あたり,人日,pref,17,石川県,,,,18500,JPY,labor_wage_8h,published_pdl,26000,原本の下段(括弧書き): 公共工事設計労務単価+必要経費(法定福利費の事業主負担額、労務管理費、宿舎費等)(試算値),2013-04,2013-04-01,mlit-roumu-h25,p17(横長の表) / p7(縦長の表),https://www.mlit.go.jp/common/000993048.pdf,PDL1.0,,
55bb0abd73bcbfee,JP,labor,労務単価,山林砂防工,所定労働時間内8時間あたり,人日,pref,17,石川県,,,,21600,JPY,labor_wage_8h,published_pdl,30400,原本の下段(括弧書き): 公共工事設計労務単価+必要経費(法定福利費の事業主負担額、労務管理費、宿舎費等)(試算値),2013-04,2013-04-01,mlit-roumu-h25,p17(横長の表) / p8(縦長の表),https://www.mlit.go.jp/common/000993048.pdf,PDL1.0,,
a2f199840508b1bb,JP,labor,労務単価,軌道工,所定労働時間内8時間あたり,人日,pref,17,石川県,,,,25100,JPY,labor_wage_8h,published_pdl,35300,原本の下段(括弧書き): 公共工事設計労務単価+必要経費(法定福利費の事業主負担額、労務管理費、宿舎費等)(試算値),2013-04,2013-04-01,mlit-roumu-h25,p17(横長の表) / p8(縦長の表),https://www.mlit.go.jp/common/000993048.pdf,PDL1.0,,
d647457689fef449,JP,labor,労務単価,型わく工,所定労働時間内8時間あたり,人日,pref,17,石川県,,,,17600,JPY,labor_wage_8h,published_pdl,24700,原本の下段(括弧書き): 公共工事設計労務単価+必要経費(法定福利費の事業主負担額、労務管理費、宿舎費等)(試算値),2013-04,2013-04-01,mlit-roumu-h25,p17(横長の表) / p8(縦長の表),https://www.mlit.go.jp/common/000993048.pdf,PDL1.0,,
61fb4281c5a1e994,JP,labor,労務単価,大工,所定労働時間内8時間あたり,人日,pref,17,石川県,,,,16900,JPY,labor_wage_8h,published_pdl,23800,原本の下段(括弧書き): 公共工事設計労務単価+必要経費(法定福利費の事業主負担額、労務管理費、宿舎費等)(試算値),2013-04,2013-04-01,mlit-roumu-h25,p17(横長の表) / p8(縦長の表),https://www.mlit.go.jp/common/000993048.pdf,PDL1.0,,
8d2f3a50279c1353,JP,labor,労務単価,左官,所定労働時間内8時間あたり,人日,pref,17,石川県,,,,16400,JPY,labor_wage_8h,published_pdl,23100,原本の下段(括弧書き): 公共工事設計労務単価+必要経費(法定福利費の事業主負担額、労務管理費、宿舎費等)(試算値),2013-04,2013-04-01,mlit-roumu-h25,p17(横長の表) / p8(縦長の表),https://www.mlit.go.jp/common/000993048.pdf,PDL1.0,,
84e5f30f25dd9724,JP,labor,労務単価,配管工,所定労働時間内8時間あたり,人日,pref,17,石川県,,,,16500,JPY,labor_wage_8h,published_pdl,23200,原本の下段(括弧書き): 公共工事設計労務単価+必要経費(法定福利費の事業主負担額、労務管理費、宿舎費等)(試算値),2013-04,2013-04-01,mlit-roumu-h25,p17(横長の表) / p8(縦長の表),https://www.mlit.go.jp/common/000993048.pdf,PDL1.0,,
e2f29700a1410d3a,JP,labor,労務単価,はつり工,所定労働時間内8時間あたり,人日,pref,17,石川県,,,,16500,JPY,labor_wage_8h,published_pdl,23200,原本の下段(括弧書き): 公共工事設計労務単価+必要経費(法定福利費の事業主負担額、労務管理費、宿舎費等)(試算値),2013-04,2013-04-01,mlit-roumu-h25,p17(横長の表) / p8(縦長の表),https://www.mlit.go.jp/common/000993048.pdf,PDL1.0,,
03389c227a097392,JP,labor,労務単価,防水工,所定労働時間内8時間あたり,人日,pref,17,石川県,,,,17100,JPY,labor_wage_8h,published_pdl,24000,原本の下段(括弧書き): 公共工事設計労務単価+必要経費(法定福利費の事業主負担額、労務管理費、宿舎費等)(試算値),2013-04,2013-04-01,mlit-roumu-h25,p17(横長の表) / p8(縦長の表),https://www.mlit.go.jp/common/000993048.pdf,PDL1.0,,
7bea4f7917349433,JP,labor,労務単価,板金工,所定労働時間内8時間あたり,人日,pref,17,石川県,,,,17200,JPY,labor_wage_8h,published_pdl,24200,原本の下段(括弧書き): 公共工事設計労務単価+必要経費(法定福利費の事業主負担額、労務管理費、宿舎費等)(試算値),2013-04,2013-04-01,mlit-roumu-h25,p17(横長の表) / p8(縦長の表),https://www.mlit.go.jp/common/000993048.pdf,PDL1.0,,
94370208be193e40,JP,labor,労務単価,タイル工,所定労働時間内8時間あたり,人日,pref,17,石川県,,,,21700,JPY,labor_wage_8h,published_pdl,30500,原本の下段(括弧書き): 公共工事設計労務単価+必要経費(法定福利費の事業主負担額、労務管理費、宿舎費等)(試算値),2013-04,2013-04-01,mlit-roumu-h25,p17(横長の表) / p8(縦長の表),https://www.mlit.go.jp/common/000993048.pdf,PDL1.0,,
a601263ca62c321c,JP,labor,労務単価,サッシ工,所定労働時間内8時間あたり,人日,pref,17,石川県,,,,17000,JPY,labor_wage_8h,published_pdl,23900,原本の下段(括弧書き): 公共工事設計労務単価+必要経費(法定福利費の事業主負担額、労務管理費、宿舎費等)(試算値),2013-04,2013-04-01,mlit-roumu-h25,p18(横長の表) / p9(縦長の表),https://www.mlit.go.jp/common/000993048.pdf,PDL1.0,,
869001ad89dd166e,JP,labor,労務単価,内装工,所定労働時間内8時間あたり,人日,pref,17,石川県,,,,16500,JPY,labor_wage_8h,published_pdl,23200,原本の下段(括弧書き): 公共工事設計労務単価+必要経費(法定福利費の事業主負担額、労務管理費、宿舎費等)(試算値),2013-04,2013-04-01,mlit-roumu-h25,p18(横長の表) / p9(縦長の表),https://www.mlit.go.jp/common/000993048.pdf,PDL1.0,,
19a499164d9877e8,JP,labor,労務単価,ガラス工,所定労働時間内8時間あたり,人日,pref,17,石川県,,,,16300,JPY,labor_wage_8h,published_pdl,22900,原本の下段(括弧書き): 公共工事設計労務単価+必要経費(法定福利費の事業主負担額、労務管理費、宿舎費等)(試算値),2013-04,2013-04-01,mlit-roumu-h25,p18(横長の表) / p9(縦長の表),https://www.mlit.go.jp/common/000993048.pdf,PDL1.0,,
08f7756f50930249,JP,labor,労務単価,建具工,所定労働時間内8時間あたり,人日,pref,17,石川県,,,,14000,JPY,labor_wage_8h,published_pdl,19700,原本の下段(括弧書き): 公共工事設計労務単価+必要経費(法定福利費の事業主負担額、労務管理費、宿舎費等)(試算値),2013-04,2013-04-01,mlit-roumu-h25,p18(横長の表) / p9(縦長の表),https://www.mlit.go.jp/common/000993048.pdf,PDL1.0,,
591499de480d9cd5,JP,labor,労務単価,ダクト工,所定労働時間内8時間あたり,人日,pref,17,石川県,,,,17200,JPY,labor_wage_8h,published_pdl,24200,原本の下段(括弧書き): 公共工事設計労務単価+必要経費(法定福利費の事業主負担額、労務管理費、宿舎費等)(試算値),2013-04,2013-04-01,mlit-roumu-h25,p18(横長の表) / p9(縦長の表),https://www.mlit.go.jp/common/000993048.pdf,PDL1.0,,
815ff5f42b7796d3,JP,labor,労務単価,保温工,所定労働時間内8時間あたり,人日,pref,17,石川県,,,,17000,JPY,labor_wage_8h,published_pdl,23900,原本の下段(括弧書き): 公共工事設計労務単価+必要経費(法定福利費の事業主負担額、労務管理費、宿舎費等)(試算値),2013-04,2013-04-01,mlit-roumu-h25,p18(横長の表) / p9(縦長の表),https://www.mlit.go.jp/common/000993048.pdf,PDL1.0,,
6065a8162c0c54b4,JP,labor,労務単価,建築ブロック工,所定労働時間内8時間あたり,人日,pref,17,石川県,,,,,JPY,labor_wage_8h,not_set,,,2013-04,2013-04-01,mlit-roumu-h25,p18(横長の表) / p9(縦長の表),https://www.mlit.go.jp/common/000993048.pdf,PDL1.0,,原本の表で『-』(この都道府県ではこの職種の単価を設定していない)
d4520acfddbe24c8,JP,labor,労務単価,設備機械工,所定労働時間内8時間あたり,人日,pref,17,石川県,,,,17600,JPY,labor_wage_8h,published_pdl,24700,原本の下段(括弧書き): 公共工事設計労務単価+必要経費(法定福利費の事業主負担額、労務管理費、宿舎費等)(試算値),2013-04,2013-04-01,mlit-roumu-h25,p18(横長の表) / p9(縦長の表),https://www.mlit.go.jp/common/000993048.pdf,PDL1.0,,
b598d29601b93431,JP,labor,労務単価,交通誘導員Ａ,所定労働時間内8時間あたり,人日,pref,17,石川県,,,,10100,JPY,labor_wage_8h,published_pdl,14200,原本の下段(括弧書き): 公共工事設計労務単価+必要経費(法定福利費の事業主負担額、労務管理費、宿舎費等)(試算値),2013-04,2013-04-01,mlit-roumu-h25,p18(横長の表) / p9(縦長の表),https://www.mlit.go.jp/common/000993048.pdf,PDL1.0,,
d65c21f9cd448267,JP,labor,労務単価,交通誘導員Ｂ,所定労働時間内8時間あたり,人日,pref,17,石川県,,,,9100,JPY,labor_wage_8h,published_pdl,12800,原本の下段(括弧書き): 公共工事設計労務単価+必要経費(法定福利費の事業主負担額、労務管理費、宿舎費等)(試算値),2013-04,2013-04-01,mlit-roumu-h25,p18(横長の表) / p9(縦長の表),https://www.mlit.go.jp/common/000993048.pdf,PDL1.0,,
23a8c2eadec21fdc,JP,labor,労務単価,特殊作業員,所定労働時間内8時間あたり,人日,pref,18,福井県,,,,17900,JPY,labor_wage_8h,published_pdl,25200,原本の下段(括弧書き): 公共工事設計労務単価+必要経費(法定福利費の事業主負担額、労務管理費、宿舎費等)(試算値),2013-04,2013-04-01,mlit-roumu-h25,p16(横長の表) / p5(縦長の表),https://www.mlit.go.jp/common/000993048.pdf,PDL1.0,,
a8844ac2bc674a6b,JP,labor,労務単価,普通作業員,所定労働時間内8時間あたり,人日,pref,18,福井県,,,,14800,JPY,labor_wage_8h,published_pdl,20800,原本の下段(括弧書き): 公共工事設計労務単価+必要経費(法定福利費の事業主負担額、労務管理費、宿舎費等)(試算値),2013-04,2013-04-01,mlit-roumu-h25,p16(横長の表) / p5(縦長の表),https://www.mlit.go.jp/common/000993048.pdf,PDL1.0,,
ffca04b07f01d09b,JP,labor,労務単価,軽作業員,所定労働時間内8時間あたり,人日,pref,18,福井県,,,,11100,JPY,labor_wage_8h,published_pdl,15600,原本の下段(括弧書き): 公共工事設計労務単価+必要経費(法定福利費の事業主負担額、労務管理費、宿舎費等)(試算値),2013-04,2013-04-01,mlit-roumu-h25,p16(横長の表) / p5(縦長の表),https://www.mlit.go.jp/common/000993048.pdf,PDL1.0,,
bd4e10355ada92e0,JP,labor,労務単価,造園工,所定労働時間内8時間あたり,人日,pref,18,福井県,,,,17500,JPY,labor_wage_8h,published_pdl,24600,原本の下段(括弧書き): 公共工事設計労務単価+必要経費(法定福利費の事業主負担額、労務管理費、宿舎費等)(試算値),2013-04,2013-04-01,mlit-roumu-h25,p16(横長の表) / p5(縦長の表),https://www.mlit.go.jp/common/000993048.pdf,PDL1.0,,
472db37909ba3e33,JP,labor,労務単価,法面工,所定労働時間内8時間あたり,人日,pref,18,福井県,,,,18300,JPY,labor_wage_8h,published_pdl,25700,原本の下段(括弧書き): 公共工事設計労務単価+必要経費(法定福利費の事業主負担額、労務管理費、宿舎費等)(試算値),2013-04,2013-04-01,mlit-roumu-h25,p16(横長の表) / p5(縦長の表),https://www.mlit.go.jp/common/000993048.pdf,PDL1.0,,
7a5d4872dccd53c4,JP,labor,労務単価,とび工,所定労働時間内8時間あたり,人日,pref,18,福井県,,,,18000,JPY,labor_wage_8h,published_pdl,25300,原本の下段(括弧書き): 公共工事設計労務単価+必要経費(法定福利費の事業主負担額、労務管理費、宿舎費等)(試算値),2013-04,2013-04-01,mlit-roumu-h25,p16(横長の表) / p5(縦長の表),https://www.mlit.go.jp/common/000993048.pdf,PDL1.0,,
669701d8f309a1e3,JP,labor,労務単価,石工,所定労働時間内8時間あたり,人日,pref,18,福井県,,,,23300,JPY,labor_wage_8h,published_pdl,32800,原本の下段(括弧書き): 公共工事設計労務単価+必要経費(法定福利費の事業主負担額、労務管理費、宿舎費等)(試算値),2013-04,2013-04-01,mlit-roumu-h25,p16(横長の表) / p5(縦長の表),https://www.mlit.go.jp/common/000993048.pdf,PDL1.0,,
504e8b77d0f1f3af,JP,labor,労務単価,ブロック工,所定労働時間内8時間あたり,人日,pref,18,福井県,,,,20700,JPY,labor_wage_8h,published_pdl,29100,原本の下段(括弧書き): 公共工事設計労務単価+必要経費(法定福利費の事業主負担額、労務管理費、宿舎費等)(試算値),2013-04,2013-04-01,mlit-roumu-h25,p16(横長の表) / p5(縦長の表),https://www.mlit.go.jp/common/000993048.pdf,PDL1.0,,
ce6fd9d41a77790b,JP,labor,労務単価,電工,所定労働時間内8時間あたり,人日,pref,18,福井県,,,,17400,JPY,labor_wage_8h,published_pdl,24500,原本の下段(括弧書き): 公共工事設計労務単価+必要経費(法定福利費の事業主負担額、労務管理費、宿舎費等)(試算値),2013-04,2013-04-01,mlit-roumu-h25,p16(横長の表) / p5(縦長の表),https://www.mlit.go.jp/common/000993048.pdf,PDL1.0,,
44b9d1bbab74e871,JP,labor,労務単価,鉄筋工,所定労働時間内8時間あたり,人日,pref,18,福井県,,,,17400,JPY,labor_wage_8h,published_pdl,24500,原本の下段(括弧書き): 公共工事設計労務単価+必要経費(法定福利費の事業主負担額、労務管理費、宿舎費等)(試算値),2013-04,2013-04-01,mlit-roumu-h25,p16(横長の表) / p5(縦長の表),https://www.mlit.go.jp/common/000993048.pdf,PDL1.0,,
a088efe0b6c56515,JP,labor,労務単価,鉄骨工,所定労働時間内8時間あたり,人日,pref,18,福井県,,,,17800,JPY,labor_wage_8h,published_pdl,25000,原本の下段(括弧書き): 公共工事設計労務単価+必要経費(法定福利費の事業主負担額、労務管理費、宿舎費等)(試算値),2013-04,2013-04-01,mlit-roumu-h25,p16(横長の表) / p6(縦長の表),https://www.mlit.go.jp/common/000993048.pdf,PDL1.0,,
50deb931b053cd0d,JP,labor,労務単価,塗装工,所定労働時間内8時間あたり,人日,pref,18,福井県,,,,19200,JPY,labor_wage_8h,published_pdl,27000,原本の下段(括弧書き): 公共工事設計労務単価+必要経費(法定福利費の事業主負担額、労務管理費、宿舎費等)(試算値),2013-04,2013-04-01,mlit-roumu-h25,p16(横長の表) / p6(縦長の表),https://www.mlit.go.jp/common/000993048.pdf,PDL1.0,,
8bdcd76a0ef36192,JP,labor,労務単価,溶接工,所定労働時間内8時間あたり,人日,pref,18,福井県,,,,19100,JPY,labor_wage_8h,published_pdl,26900,原本の下段(括弧書き): 公共工事設計労務単価+必要経費(法定福利費の事業主負担額、労務管理費、宿舎費等)(試算値),2013-04,2013-04-01,mlit-roumu-h25,p16(横長の表) / p6(縦長の表),https://www.mlit.go.jp/common/000993048.pdf,PDL1.0,,
94e106a7d6f53db5,JP,labor,労務単価,運転手（特殊）,所定労働時間内8時間あたり,人日,pref,18,福井県,,,,17200,JPY,labor_wage_8h,published_pdl,24200,原本の下段(括弧書き): 公共工事設計労務単価+必要経費(法定福利費の事業主負担額、労務管理費、宿舎費等)(試算値),2013-04,2013-04-01,mlit-roumu-h25,p16(横長の表) / p6(縦長の表),https://www.mlit.go.jp/common/000993048.pdf,PDL1.0,,
34d18dd482cc34f1,JP,labor,労務単価,運転手（一般）,所定労働時間内8時間あたり,人日,pref,18,福井県,,,,16800,JPY,labor_wage_8h,published_pdl,23600,原本の下段(括弧書き): 公共工事設計労務単価+必要経費(法定福利費の事業主負担額、労務管理費、宿舎費等)(試算値),2013-04,2013-04-01,mlit-roumu-h25,p16(横長の表) / p6(縦長の表),https://www.mlit.go.jp/common/000993048.pdf,PDL1.0,,
ae874edb1576f5d9,JP,labor,労務単価,潜かん工,所定労働時間内8時間あたり,人日,pref,18,福井県,,,,23700,JPY,labor_wage_8h,published_pdl,33300,原本の下段(括弧書き): 公共工事設計労務単価+必要経費(法定福利費の事業主負担額、労務管理費、宿舎費等)(試算値),2013-04,2013-04-01,mlit-roumu-h25,p16(横長の表) / p6(縦長の表),https://www.mlit.go.jp/common/000993048.pdf,PDL1.0,,
c32d86533214a9dd,JP,labor,労務単価,潜かん世話役,所定労働時間内8時間あたり,人日,pref,18,福井県,,,,28100,JPY,labor_wage_8h,published_pdl,39500,原本の下段(括弧書き): 公共工事設計労務単価+必要経費(法定福利費の事業主負担額、労務管理費、宿舎費等)(試算値),2013-04,2013-04-01,mlit-roumu-h25,p16(横長の表) / p6(縦長の表),https://www.mlit.go.jp/common/000993048.pdf,PDL1.0,,
9b3602aba39f2324,JP,labor,労務単価,さく岩工,所定労働時間内8時間あたり,人日,pref,18,福井県,,,,19300,JPY,labor_wage_8h,published_pdl,27100,原本の下段(括弧書き): 公共工事設計労務単価+必要経費(法定福利費の事業主負担額、労務管理費、宿舎費等)(試算値),2013-04,2013-04-01,mlit-roumu-h25,p16(横長の表) / p6(縦長の表),https://www.mlit.go.jp/common/000993048.pdf,PDL1.0,,
0f52b27036a58536,JP,labor,労務単価,トンネル特殊工,所定労働時間内8時間あたり,人日,pref,18,福井県,,,,21600,JPY,labor_wage_8h,published_pdl,30400,原本の下段(括弧書き): 公共工事設計労務単価+必要経費(法定福利費の事業主負担額、労務管理費、宿舎費等)(試算値),2013-04,2013-04-01,mlit-roumu-h25,p16(横長の表) / p6(縦長の表),https://www.mlit.go.jp/common/000993048.pdf,PDL1.0,,
ae6470f1c7b13ecb,JP,labor,労務単価,トンネル作業員,所定労働時間内8時間あたり,人日,pref,18,福井県,,,,17800,JPY,labor_wage_8h,published_pdl,25000,原本の下段(括弧書き): 公共工事設計労務単価+必要経費(法定福利費の事業主負担額、労務管理費、宿舎費等)(試算値),2013-04,2013-04-01,mlit-roumu-h25,p16(横長の表) / p6(縦長の表),https://www.mlit.go.jp/common/000993048.pdf,PDL1.0,,
1827ebbcaf6b4511,JP,labor,労務単価,トンネル世話役,所定労働時間内8時間あたり,人日,pref,18,福井県,,,,23800,JPY,labor_wage_8h,published_pdl,33500,原本の下段(括弧書き): 公共工事設計労務単価+必要経費(法定福利費の事業主負担額、労務管理費、宿舎費等)(試算値),2013-04,2013-04-01,mlit-roumu-h25,p17(横長の表) / p7(縦長の表),https://www.mlit.go.jp/common/000993048.pdf,PDL1.0,,
b5299756141854e8,JP,labor,労務単価,橋りょう特殊工,所定労働時間内8時間あたり,人日,pref,18,福井県,,,,22800,JPY,labor_wage_8h,published_pdl,32100,原本の下段(括弧書き): 公共工事設計労務単価+必要経費(法定福利費の事業主負担額、労務管理費、宿舎費等)(試算値),2013-04,2013-04-01,mlit-roumu-h25,p17(横長の表) / p7(縦長の表),https://www.mlit.go.jp/common/000993048.pdf,PDL1.0,,
cc8761716a2b8e9c,JP,labor,労務単価,橋りょう塗装工,所定労働時間内8時間あたり,人日,pref,18,福井県,,,,23900,JPY,labor_wage_8h,published_pdl,33600,原本の下段(括弧書き): 公共工事設計労務単価+必要経費(法定福利費の事業主負担額、労務管理費、宿舎費等)(試算値),2013-04,2013-04-01,mlit-roumu-h25,p17(横長の表) / p7(縦長の表),https://www.mlit.go.jp/common/000993048.pdf,PDL1.0,,
0aadf8a72ded407d,JP,labor,労務単価,橋りょう世話役,所定労働時間内8時間あたり,人日,pref,18,福井県,,,,26500,JPY,labor_wage_8h,published_pdl,37300,原本の下段(括弧書き): 公共工事設計労務単価+必要経費(法定福利費の事業主負担額、労務管理費、宿舎費等)(試算値),2013-04,2013-04-01,mlit-roumu-h25,p17(横長の表) / p7(縦長の表),https://www.mlit.go.jp/common/000993048.pdf,PDL1.0,,
f9ef760cd2854e15,JP,labor,労務単価,土木一般世話役,所定労働時間内8時間あたり,人日,pref,18,福井県,,,,19500,JPY,labor_wage_8h,published_pdl,27400,原本の下段(括弧書き): 公共工事設計労務単価+必要経費(法定福利費の事業主負担額、労務管理費、宿舎費等)(試算値),2013-04,2013-04-01,mlit-roumu-h25,p17(横長の表) / p7(縦長の表),https://www.mlit.go.jp/common/000993048.pdf,PDL1.0,,
7b01f1aa0872cc8c,JP,labor,労務単価,高級船員,所定労働時間内8時間あたり,人日,pref,18,福井県,,,,22700,JPY,labor_wage_8h,published_pdl,31900,原本の下段(括弧書き): 公共工事設計労務単価+必要経費(法定福利費の事業主負担額、労務管理費、宿舎費等)(試算値),2013-04,2013-04-01,mlit-roumu-h25,p17(横長の表) / p7(縦長の表),https://www.mlit.go.jp/common/000993048.pdf,PDL1.0,,
d8c69870dcc89a01,JP,labor,労務単価,普通船員,所定労働時間内8時間あたり,人日,pref,18,福井県,,,,17700,JPY,labor_wage_8h,published_pdl,24900,原本の下段(括弧書き): 公共工事設計労務単価+必要経費(法定福利費の事業主負担額、労務管理費、宿舎費等)(試算値),2013-04,2013-04-01,mlit-roumu-h25,p17(横長の表) / p7(縦長の表),https://www.mlit.go.jp/common/000993048.pdf,PDL1.0,,
10e5144f431c17ef,JP,labor,労務単価,潜水士,所定労働時間内8時間あたり,人日,pref,18,福井県,,,,26400,JPY,labor_wage_8h,published_pdl,37100,原本の下段(括弧書き): 公共工事設計労務単価+必要経費(法定福利費の事業主負担額、労務管理費、宿舎費等)(試算値),2013-04,2013-04-01,mlit-roumu-h25,p17(横長の表) / p7(縦長の表),https://www.mlit.go.jp/common/000993048.pdf,PDL1.0,,
382593084579674f,JP,labor,労務単価,潜水連絡員,所定労働時間内8時間あたり,人日,pref,18,福井県,,,,19100,JPY,labor_wage_8h,published_pdl,26900,原本の下段(括弧書き): 公共工事設計労務単価+必要経費(法定福利費の事業主負担額、労務管理費、宿舎費等)(試算値),2013-04,2013-04-01,mlit-roumu-h25,p17(横長の表) / p7(縦長の表),https://www.mlit.go.jp/common/000993048.pdf,PDL1.0,,
c88b89bad9bc15f1,JP,labor,労務単価,潜水送気員,所定労働時間内8時間あたり,人日,pref,18,福井県,,,,19000,JPY,labor_wage_8h,published_pdl,26700,原本の下段(括弧書き): 公共工事設計労務単価+必要経費(法定福利費の事業主負担額、労務管理費、宿舎費等)(試算値),2013-04,2013-04-01,mlit-roumu-h25,p17(横長の表) / p7(縦長の表),https://www.mlit.go.jp/common/000993048.pdf,PDL1.0,,
f4018c4a1ed33b4a,JP,labor,労務単価,山林砂防工,所定労働時間内8時間あたり,人日,pref,18,福井県,,,,19700,JPY,labor_wage_8h,published_pdl,27700,原本の下段(括弧書き): 公共工事設計労務単価+必要経費(法定福利費の事業主負担額、労務管理費、宿舎費等)(試算値),2013-04,2013-04-01,mlit-roumu-h25,p17(横長の表) / p8(縦長の表),https://www.mlit.go.jp/common/000993048.pdf,PDL1.0,,
5f09db2b3533e88f,JP,labor,労務単価,軌道工,所定労働時間内8時間あたり,人日,pref,18,福井県,,,,28900,JPY,labor_wage_8h,published_pdl,40600,原本の下段(括弧書き): 公共工事設計労務単価+必要経費(法定福利費の事業主負担額、労務管理費、宿舎費等)(試算値),2013-04,2013-04-01,mlit-roumu-h25,p17(横長の表) / p8(縦長の表),https://www.mlit.go.jp/common/000993048.pdf,PDL1.0,,
07866ea2f1db0161,JP,labor,労務単価,型わく工,所定労働時間内8時間あたり,人日,pref,18,福井県,,,,17800,JPY,labor_wage_8h,published_pdl,25000,原本の下段(括弧書き): 公共工事設計労務単価+必要経費(法定福利費の事業主負担額、労務管理費、宿舎費等)(試算値),2013-04,2013-04-01,mlit-roumu-h25,p17(横長の表) / p8(縦長の表),https://www.mlit.go.jp/common/000993048.pdf,PDL1.0,,
4d43acb9ff519c13,JP,labor,労務単価,大工,所定労働時間内8時間あたり,人日,pref,18,福井県,,,,16900,JPY,labor_wage_8h,published_pdl,23800,原本の下段(括弧書き): 公共工事設計労務単価+必要経費(法定福利費の事業主負担額、労務管理費、宿舎費等)(試算値),2013-04,2013-04-01,mlit-roumu-h25,p17(横長の表) / p8(縦長の表),https://www.mlit.go.jp/common/000993048.pdf,PDL1.0,,
1d0de17b75059eae,JP,labor,労務単価,左官,所定労働時間内8時間あたり,人日,pref,18,福井県,,,,16800,JPY,labor_wage_8h,published_pdl,23600,原本の下段(括弧書き): 公共工事設計労務単価+必要経費(法定福利費の事業主負担額、労務管理費、宿舎費等)(試算値),2013-04,2013-04-01,mlit-roumu-h25,p17(横長の表) / p8(縦長の表),https://www.mlit.go.jp/common/000993048.pdf,PDL1.0,,
97cd889bc4154386,JP,labor,労務単価,配管工,所定労働時間内8時間あたり,人日,pref,18,福井県,,,,17600,JPY,labor_wage_8h,published_pdl,24700,原本の下段(括弧書き): 公共工事設計労務単価+必要経費(法定福利費の事業主負担額、労務管理費、宿舎費等)(試算値),2013-04,2013-04-01,mlit-roumu-h25,p17(横長の表) / p8(縦長の表),https://www.mlit.go.jp/common/000993048.pdf,PDL1.0,,
dd37bfaacd22d988,JP,labor,労務単価,はつり工,所定労働時間内8時間あたり,人日,pref,18,福井県,,,,18200,JPY,labor_wage_8h,published_pdl,25600,原本の下段(括弧書き): 公共工事設計労務単価+必要経費(法定福利費の事業主負担額、労務管理費、宿舎費等)(試算値),2013-04,2013-04-01,mlit-roumu-h25,p17(横長の表) / p8(縦長の表),https://www.mlit.go.jp/common/000993048.pdf,PDL1.0,,
93b399ebfe5185b5,JP,labor,労務単価,防水工,所定労働時間内8時間あたり,人日,pref,18,福井県,,,,18600,JPY,labor_wage_8h,published_pdl,26200,原本の下段(括弧書き): 公共工事設計労務単価+必要経費(法定福利費の事業主負担額、労務管理費、宿舎費等)(試算値),2013-04,2013-04-01,mlit-roumu-h25,p17(横長の表) / p8(縦長の表),https://www.mlit.go.jp/common/000993048.pdf,PDL1.0,,
b3915948c78760bc,JP,labor,労務単価,板金工,所定労働時間内8時間あたり,人日,pref,18,福井県,,,,18300,JPY,labor_wage_8h,published_pdl,25700,原本の下段(括弧書き): 公共工事設計労務単価+必要経費(法定福利費の事業主負担額、労務管理費、宿舎費等)(試算値),2013-04,2013-04-01,mlit-roumu-h25,p17(横長の表) / p8(縦長の表),https://www.mlit.go.jp/common/000993048.pdf,PDL1.0,,
576e7584a422115a,JP,labor,労務単価,タイル工,所定労働時間内8時間あたり,人日,pref,18,福井県,,,,17700,JPY,labor_wage_8h,published_pdl,24900,原本の下段(括弧書き): 公共工事設計労務単価+必要経費(法定福利費の事業主負担額、労務管理費、宿舎費等)(試算値),2013-04,2013-04-01,mlit-roumu-h25,p17(横長の表) / p8(縦長の表),https://www.mlit.go.jp/common/000993048.pdf,PDL1.0,,
ab6184d488a905c1,JP,labor,労務単価,サッシ工,所定労働時間内8時間あたり,人日,pref,18,福井県,,,,17600,JPY,labor_wage_8h,published_pdl,24700,原本の下段(括弧書き): 公共工事設計労務単価+必要経費(法定福利費の事業主負担額、労務管理費、宿舎費等)(試算値),2013-04,2013-04-01,mlit-roumu-h25,p18(横長の表) / p9(縦長の表),https://www.mlit.go.jp/common/000993048.pdf,PDL1.0,,
d56ede7fd910b91e,JP,labor,労務単価,内装工,所定労働時間内8時間あたり,人日,pref,18,福井県,,,,18000,JPY,labor_wage_8h,published_pdl,25300,原本の下段(括弧書き): 公共工事設計労務単価+必要経費(法定福利費の事業主負担額、労務管理費、宿舎費等)(試算値),2013-04,2013-04-01,mlit-roumu-h25,p18(横長の表) / p9(縦長の表),https://www.mlit.go.jp/common/000993048.pdf,PDL1.0,,
5a4aa2c33c9a480c,JP,labor,労務単価,ガラス工,所定労働時間内8時間あたり,人日,pref,18,福井県,,,,18100,JPY,labor_wage_8h,published_pdl,25400,原本の下段(括弧書き): 公共工事設計労務単価+必要経費(法定福利費の事業主負担額、労務管理費、宿舎費等)(試算値),2013-04,2013-04-01,mlit-roumu-h25,p18(横長の表) / p9(縦長の表),https://www.mlit.go.jp/common/000993048.pdf,PDL1.0,,
0285d87f60a634e0,JP,labor,労務単価,建具工,所定労働時間内8時間あたり,人日,pref,18,福井県,,,,15600,JPY,labor_wage_8h,published_pdl,21900,原本の下段(括弧書き): 公共工事設計労務単価+必要経費(法定福利費の事業主負担額、労務管理費、宿舎費等)(試算値),2013-04,2013-04-01,mlit-roumu-h25,p18(横長の表) / p9(縦長の表),https://www.mlit.go.jp/common/000993048.pdf,PDL1.0,,
b19fc655c77abd80,JP,labor,労務単価,ダクト工,所定労働時間内8時間あたり,人日,pref,18,福井県,,,,16800,JPY,labor_wage_8h,published_pdl,23600,原本の下段(括弧書き): 公共工事設計労務単価+必要経費(法定福利費の事業主負担額、労務管理費、宿舎費等)(試算値),2013-04,2013-04-01,mlit-roumu-h25,p18(横長の表) / p9(縦長の表),https://www.mlit.go.jp/common/000993048.pdf,PDL1.0,,
63b9848c537fa6be,JP,labor,労務単価,保温工,所定労働時間内8時間あたり,人日,pref,18,福井県,,,,19100,JPY,labor_wage_8h,published_pdl,26900,原本の下段(括弧書き): 公共工事設計労務単価+必要経費(法定福利費の事業主負担額、労務管理費、宿舎費等)(試算値),2013-04,2013-04-01,mlit-roumu-h25,p18(横長の表) / p9(縦長の表),https://www.mlit.go.jp/common/000993048.pdf,PDL1.0,,
7224cc5be75bcc1c,JP,labor,労務単価,建築ブロック工,所定労働時間内8時間あたり,人日,pref,18,福井県,,,,,JPY,labor_wage_8h,not_set,,,2013-04,2013-04-01,mlit-roumu-h25,p18(横長の表) / p9(縦長の表),https://www.mlit.go.jp/common/000993048.pdf,PDL1.0,,原本の表で『-』(この都道府県ではこの職種の単価を設定していない)
eaa82d969d6de321,JP,labor,労務単価,設備機械工,所定労働時間内8時間あたり,人日,pref,18,福井県,,,,19800,JPY,labor_wage_8h,published_pdl,27800,原本の下段(括弧書き): 公共工事設計労務単価+必要経費(法定福利費の事業主負担額、労務管理費、宿舎費等)(試算値),2013-04,2013-04-01,mlit-roumu-h25,p18(横長の表) / p9(縦長の表),https://www.mlit.go.jp/common/000993048.pdf,PDL1.0,,
40e673d3e87723ff,JP,labor,労務単価,交通誘導員Ａ,所定労働時間内8時間あたり,人日,pref,18,福井県,,,,10000,JPY,labor_wage_8h,published_pdl,14100,原本の下段(括弧書き): 公共工事設計労務単価+必要経費(法定福利費の事業主負担額、労務管理費、宿舎費等)(試算値),2013-04,2013-04-01,mlit-roumu-h25,p18(横長の表) / p9(縦長の表),https://www.mlit.go.jp/common/000993048.pdf,PDL1.0,,
fceb3868d2cda72e,JP,labor,労務単価,交通誘導員Ｂ,所定労働時間内8時間あたり,人日,pref,18,福井県,,,,9200,JPY,labor_wage_8h,published_pdl,12900,原本の下段(括弧書き): 公共工事設計労務単価+必要経費(法定福利費の事業主負担額、労務管理費、宿舎費等)(試算値),2013-04,2013-04-01,mlit-roumu-h25,p18(横長の表) / p9(縦長の表),https://www.mlit.go.jp/common/000993048.pdf,PDL1.0,,
ccfbed369ffe3650,JP,labor,労務単価,特殊作業員,所定労働時間内8時間あたり,人日,pref,19,山梨県,,,,19200,JPY,labor_wage_8h,published_pdl,27000,原本の下段(括弧書き): 公共工事設計労務単価+必要経費(法定福利費の事業主負担額、労務管理費、宿舎費等)(試算値),2013-04,2013-04-01,mlit-roumu-h25,p16(横長の表) / p5(縦長の表),https://www.mlit.go.jp/common/000993048.pdf,PDL1.0,,
172da03ffdd50398,JP,labor,労務単価,普通作業員,所定労働時間内8時間あたり,人日,pref,19,山梨県,,,,17400,JPY,labor_wage_8h,published_pdl,24500,原本の下段(括弧書き): 公共工事設計労務単価+必要経費(法定福利費の事業主負担額、労務管理費、宿舎費等)(試算値),2013-04,2013-04-01,mlit-roumu-h25,p16(横長の表) / p5(縦長の表),https://www.mlit.go.jp/common/000993048.pdf,PDL1.0,,
dd259eb92ce8d480,JP,labor,労務単価,軽作業員,所定労働時間内8時間あたり,人日,pref,19,山梨県,,,,12000,JPY,labor_wage_8h,published_pdl,16900,原本の下段(括弧書き): 公共工事設計労務単価+必要経費(法定福利費の事業主負担額、労務管理費、宿舎費等)(試算値),2013-04,2013-04-01,mlit-roumu-h25,p16(横長の表) / p5(縦長の表),https://www.mlit.go.jp/common/000993048.pdf,PDL1.0,,
0a9033b0c98297e8,JP,labor,労務単価,造園工,所定労働時間内8時間あたり,人日,pref,19,山梨県,,,,18200,JPY,labor_wage_8h,published_pdl,25600,原本の下段(括弧書き): 公共工事設計労務単価+必要経費(法定福利費の事業主負担額、労務管理費、宿舎費等)(試算値),2013-04,2013-04-01,mlit-roumu-h25,p16(横長の表) / p5(縦長の表),https://www.mlit.go.jp/common/000993048.pdf,PDL1.0,,
85d6d8bd8cfb49c6,JP,labor,労務単価,法面工,所定労働時間内8時間あたり,人日,pref,19,山梨県,,,,21200,JPY,labor_wage_8h,published_pdl,29800,原本の下段(括弧書き): 公共工事設計労務単価+必要経費(法定福利費の事業主負担額、労務管理費、宿舎費等)(試算値),2013-04,2013-04-01,mlit-roumu-h25,p16(横長の表) / p5(縦長の表),https://www.mlit.go.jp/common/000993048.pdf,PDL1.0,,
7b1ddf1040aae31e,JP,labor,労務単価,とび工,所定労働時間内8時間あたり,人日,pref,19,山梨県,,,,19500,JPY,labor_wage_8h,published_pdl,27400,原本の下段(括弧書き): 公共工事設計労務単価+必要経費(法定福利費の事業主負担額、労務管理費、宿舎費等)(試算値),2013-04,2013-04-01,mlit-roumu-h25,p16(横長の表) / p5(縦長の表),https://www.mlit.go.jp/common/000993048.pdf,PDL1.0,,
eda68fa8cbf27dc6,JP,labor,労務単価,石工,所定労働時間内8時間あたり,人日,pref,19,山梨県,,,,22900,JPY,labor_wage_8h,published_pdl,32200,原本の下段(括弧書き): 公共工事設計労務単価+必要経費(法定福利費の事業主負担額、労務管理費、宿舎費等)(試算値),2013-04,2013-04-01,mlit-roumu-h25,p16(横長の表) / p5(縦長の表),https://www.mlit.go.jp/common/000993048.pdf,PDL1.0,,
986ece0ed5ffb662,JP,labor,労務単価,ブロック工,所定労働時間内8時間あたり,人日,pref,19,山梨県,,,,21600,JPY,labor_wage_8h,published_pdl,30400,原本の下段(括弧書き): 公共工事設計労務単価+必要経費(法定福利費の事業主負担額、労務管理費、宿舎費等)(試算値),2013-04,2013-04-01,mlit-roumu-h25,p16(横長の表) / p5(縦長の表),https://www.mlit.go.jp/common/000993048.pdf,PDL1.0,,
505f942c6dc66b46,JP,labor,労務単価,電工,所定労働時間内8時間あたり,人日,pref,19,山梨県,,,,20200,JPY,labor_wage_8h,published_pdl,28400,原本の下段(括弧書き): 公共工事設計労務単価+必要経費(法定福利費の事業主負担額、労務管理費、宿舎費等)(試算値),2013-04,2013-04-01,mlit-roumu-h25,p16(横長の表) / p5(縦長の表),https://www.mlit.go.jp/common/000993048.pdf,PDL1.0,,
47a57e135b50023b,JP,labor,労務単価,鉄筋工,所定労働時間内8時間あたり,人日,pref,19,山梨県,,,,20300,JPY,labor_wage_8h,published_pdl,28500,原本の下段(括弧書き): 公共工事設計労務単価+必要経費(法定福利費の事業主負担額、労務管理費、宿舎費等)(試算値),2013-04,2013-04-01,mlit-roumu-h25,p16(横長の表) / p5(縦長の表),https://www.mlit.go.jp/common/000993048.pdf,PDL1.0,,
d75a4570a30df8fa,JP,labor,労務単価,鉄骨工,所定労働時間内8時間あたり,人日,pref,19,山梨県,,,,20900,JPY,labor_wage_8h,published_pdl,29400,原本の下段(括弧書き): 公共工事設計労務単価+必要経費(法定福利費の事業主負担額、労務管理費、宿舎費等)(試算値),2013-04,2013-04-01,mlit-roumu-h25,p16(横長の表) / p6(縦長の表),https://www.mlit.go.jp/common/000993048.pdf,PDL1.0,,
0b2ae24f21d2804c,JP,labor,労務単価,塗装工,所定労働時間内8時間あたり,人日,pref,19,山梨県,,,,21400,JPY,labor_wage_8h,published_pdl,30100,原本の下段(括弧書き): 公共工事設計労務単価+必要経費(法定福利費の事業主負担額、労務管理費、宿舎費等)(試算値),2013-04,2013-04-01,mlit-roumu-h25,p16(横長の表) / p6(縦長の表),https://www.mlit.go.jp/common/000993048.pdf,PDL1.0,,
f90df99a4ce495e0,JP,labor,労務単価,溶接工,所定労働時間内8時間あたり,人日,pref,19,山梨県,,,,23800,JPY,labor_wage_8h,published_pdl,33500,原本の下段(括弧書き): 公共工事設計労務単価+必要経費(法定福利費の事業主負担額、労務管理費、宿舎費等)(試算値),2013-04,2013-04-01,mlit-roumu-h25,p16(横長の表) / p6(縦長の表),https://www.mlit.go.jp/common/000993048.pdf,PDL1.0,,
cfb5d9bd6fa91a36,JP,labor,労務単価,運転手（特殊）,所定労働時間内8時間あたり,人日,pref,19,山梨県,,,,19700,JPY,labor_wage_8h,published_pdl,27700,原本の下段(括弧書き): 公共工事設計労務単価+必要経費(法定福利費の事業主負担額、労務管理費、宿舎費等)(試算値),2013-04,2013-04-01,mlit-roumu-h25,p16(横長の表) / p6(縦長の表),https://www.mlit.go.jp/common/000993048.pdf,PDL1.0,,
5ac9ad680b7d9dac,JP,labor,労務単価,運転手（一般）,所定労働時間内8時間あたり,人日,pref,19,山梨県,,,,17000,JPY,labor_wage_8h,published_pdl,23900,原本の下段(括弧書き): 公共工事設計労務単価+必要経費(法定福利費の事業主負担額、労務管理費、宿舎費等)(試算値),2013-04,2013-04-01,mlit-roumu-h25,p16(横長の表) / p6(縦長の表),https://www.mlit.go.jp/common/000993048.pdf,PDL1.0,,
93397378f0aedf34,JP,labor,労務単価,潜かん工,所定労働時間内8時間あたり,人日,pref,19,山梨県,,,,23900,JPY,labor_wage_8h,published_pdl,33600,原本の下段(括弧書き): 公共工事設計労務単価+必要経費(法定福利費の事業主負担額、労務管理費、宿舎費等)(試算値),2013-04,2013-04-01,mlit-roumu-h25,p16(横長の表) / p6(縦長の表),https://www.mlit.go.jp/common/000993048.pdf,PDL1.0,,
ca9ff3a18bffe9ae,JP,labor,労務単価,潜かん世話役,所定労働時間内8時間あたり,人日,pref,19,山梨県,,,,28400,JPY,labor_wage_8h,published_pdl,39900,原本の下段(括弧書き): 公共工事設計労務単価+必要経費(法定福利費の事業主負担額、労務管理費、宿舎費等)(試算値),2013-04,2013-04-01,mlit-roumu-h25,p16(横長の表) / p6(縦長の表),https://www.mlit.go.jp/common/000993048.pdf,PDL1.0,,
5859b9e51d722307,JP,labor,労務単価,さく岩工,所定労働時間内8時間あたり,人日,pref,19,山梨県,,,,21700,JPY,labor_wage_8h,published_pdl,30500,原本の下段(括弧書き): 公共工事設計労務単価+必要経費(法定福利費の事業主負担額、労務管理費、宿舎費等)(試算値),2013-04,2013-04-01,mlit-roumu-h25,p16(横長の表) / p6(縦長の表),https://www.mlit.go.jp/common/000993048.pdf,PDL1.0,,
c76694c6cac87464,JP,labor,労務単価,トンネル特殊工,所定労働時間内8時間あたり,人日,pref,19,山梨県,,,,23900,JPY,labor_wage_8h,published_pdl,33600,原本の下段(括弧書き): 公共工事設計労務単価+必要経費(法定福利費の事業主負担額、労務管理費、宿舎費等)(試算値),2013-04,2013-04-01,mlit-roumu-h25,p16(横長の表) / p6(縦長の表),https://www.mlit.go.jp/common/000993048.pdf,PDL1.0,,
b72b6d7e70a771da,JP,labor,労務単価,トンネル作業員,所定労働時間内8時間あたり,人日,pref,19,山梨県,,,,19400,JPY,labor_wage_8h,published_pdl,27300,原本の下段(括弧書き): 公共工事設計労務単価+必要経費(法定福利費の事業主負担額、労務管理費、宿舎費等)(試算値),2013-04,2013-04-01,mlit-roumu-h25,p16(横長の表) / p6(縦長の表),https://www.mlit.go.jp/common/000993048.pdf,PDL1.0,,
6919dc08270ef906,JP,labor,労務単価,トンネル世話役,所定労働時間内8時間あたり,人日,pref,19,山梨県,,,,25700,JPY,labor_wage_8h,published_pdl,36100,原本の下段(括弧書き): 公共工事設計労務単価+必要経費(法定福利費の事業主負担額、労務管理費、宿舎費等)(試算値),2013-04,2013-04-01,mlit-roumu-h25,p17(横長の表) / p7(縦長の表),https://www.mlit.go.jp/common/000993048.pdf,PDL1.0,,
154004132a013b64,JP,labor,労務単価,橋りょう特殊工,所定労働時間内8時間あたり,人日,pref,19,山梨県,,,,23900,JPY,labor_wage_8h,published_pdl,33600,原本の下段(括弧書き): 公共工事設計労務単価+必要経費(法定福利費の事業主負担額、労務管理費、宿舎費等)(試算値),2013-04,2013-04-01,mlit-roumu-h25,p17(横長の表) / p7(縦長の表),https://www.mlit.go.jp/common/000993048.pdf,PDL1.0,,
b0e36de15d4bc270,JP,labor,労務単価,橋りょう塗装工,所定労働時間内8時間あたり,人日,pref,19,山梨県,,,,24900,JPY,labor_wage_8h,published_pdl,35000,原本の下段(括弧書き): 公共工事設計労務単価+必要経費(法定福利費の事業主負担額、労務管理費、宿舎費等)(試算値),2013-04,2013-04-01,mlit-roumu-h25,p17(横長の表) / p7(縦長の表),https://www.mlit.go.jp/common/000993048.pdf,PDL1.0,,
aa10a22314219e4c,JP,labor,労務単価,橋りょう世話役,所定労働時間内8時間あたり,人日,pref,19,山梨県,,,,26400,JPY,labor_wage_8h,published_pdl,37100,原本の下段(括弧書き): 公共工事設計労務単価+必要経費(法定福利費の事業主負担額、労務管理費、宿舎費等)(試算値),2013-04,2013-04-01,mlit-roumu-h25,p17(横長の表) / p7(縦長の表),https://www.mlit.go.jp/common/000993048.pdf,PDL1.0,,
ec5b6a83fdb4a15e,JP,labor,労務単価,土木一般世話役,所定労働時間内8時間あたり,人日,pref,19,山梨県,,,,21200,JPY,labor_wage_8h,published_pdl,29800,原本の下段(括弧書き): 公共工事設計労務単価+必要経費(法定福利費の事業主負担額、労務管理費、宿舎費等)(試算値),2013-04,2013-04-01,mlit-roumu-h25,p17(横長の表) / p7(縦長の表),https://www.mlit.go.jp/common/000993048.pdf,PDL1.0,,
3e93316a2853eaad,JP,labor,労務単価,高級船員,所定労働時間内8時間あたり,人日,pref,19,山梨県,,,,25900,JPY,labor_wage_8h,published_pdl,36400,原本の下段(括弧書き): 公共工事設計労務単価+必要経費(法定福利費の事業主負担額、労務管理費、宿舎費等)(試算値),2013-04,2013-04-01,mlit-roumu-h25,p17(横長の表) / p7(縦長の表),https://www.mlit.go.jp/common/000993048.pdf,PDL1.0,,
3b6019ed5a3ab055,JP,labor,労務単価,普通船員,所定労働時間内8時間あたり,人日,pref,19,山梨県,,,,20200,JPY,labor_wage_8h,published_pdl,28400,原本の下段(括弧書き): 公共工事設計労務単価+必要経費(法定福利費の事業主負担額、労務管理費、宿舎費等)(試算値),2013-04,2013-04-01,mlit-roumu-h25,p17(横長の表) / p7(縦長の表),https://www.mlit.go.jp/common/000993048.pdf,PDL1.0,,
126ec56e6714cf21,JP,labor,労務単価,潜水士,所定労働時間内8時間あたり,人日,pref,19,山梨県,,,,32600,JPY,labor_wage_8h,published_pdl,45800,原本の下段(括弧書き): 公共工事設計労務単価+必要経費(法定福利費の事業主負担額、労務管理費、宿舎費等)(試算値),2013-04,2013-04-01,mlit-roumu-h25,p17(横長の表) / p7(縦長の表),https://www.mlit.go.jp/common/000993048.pdf,PDL1.0,,
95a0e93601c2eef3,JP,labor,労務単価,潜水連絡員,所定労働時間内8時間あたり,人日,pref,19,山梨県,,,,21600,JPY,labor_wage_8h,published_pdl,30400,原本の下段(括弧書き): 公共工事設計労務単価+必要経費(法定福利費の事業主負担額、労務管理費、宿舎費等)(試算値),2013-04,2013-04-01,mlit-roumu-h25,p17(横長の表) / p7(縦長の表),https://www.mlit.go.jp/common/000993048.pdf,PDL1.0,,
fcfdb9e749895d98,JP,labor,労務単価,潜水送気員,所定労働時間内8時間あたり,人日,pref,19,山梨県,,,,21700,JPY,labor_wage_8h,published_pdl,30500,原本の下段(括弧書き): 公共工事設計労務単価+必要経費(法定福利費の事業主負担額、労務管理費、宿舎費等)(試算値),2013-04,2013-04-01,mlit-roumu-h25,p17(横長の表) / p7(縦長の表),https://www.mlit.go.jp/common/000993048.pdf,PDL1.0,,
af26bd1de684f80f,JP,labor,労務単価,山林砂防工,所定労働時間内8時間あたり,人日,pref,19,山梨県,,,,23900,JPY,labor_wage_8h,published_pdl,33600,原本の下段(括弧書き): 公共工事設計労務単価+必要経費(法定福利費の事業主負担額、労務管理費、宿舎費等)(試算値),2013-04,2013-04-01,mlit-roumu-h25,p17(横長の表) / p8(縦長の表),https://www.mlit.go.jp/common/000993048.pdf,PDL1.0,,
3631b7a1989000e2,JP,labor,労務単価,軌道工,所定労働時間内8時間あたり,人日,pref,19,山梨県,,,,34800,JPY,labor_wage_8h,published_pdl,48900,原本の下段(括弧書き): 公共工事設計労務単価+必要経費(法定福利費の事業主負担額、労務管理費、宿舎費等)(試算値),2013-04,2013-04-01,mlit-roumu-h25,p17(横長の表) / p8(縦長の表),https://www.mlit.go.jp/common/000993048.pdf,PDL1.0,,
3f395620a35ad454,JP,labor,労務単価,型わく工,所定労働時間内8時間あたり,人日,pref,19,山梨県,,,,20900,JPY,labor_wage_8h,published_pdl,29400,原本の下段(括弧書き): 公共工事設計労務単価+必要経費(法定福利費の事業主負担額、労務管理費、宿舎費等)(試算値),2013-04,2013-04-01,mlit-roumu-h25,p17(横長の表) / p8(縦長の表),https://www.mlit.go.jp/common/000993048.pdf,PDL1.0,,
cefb5c860302817c,JP,labor,労務単価,大工,所定労働時間内8時間あたり,人日,pref,19,山梨県,,,,21700,JPY,labor_wage_8h,published_pdl,30500,原本の下段(括弧書き): 公共工事設計労務単価+必要経費(法定福利費の事業主負担額、労務管理費、宿舎費等)(試算値),2013-04,2013-04-01,mlit-roumu-h25,p17(横長の表) / p8(縦長の表),https://www.mlit.go.jp/common/000993048.pdf,PDL1.0,,
18d8a8d44164010b,JP,labor,労務単価,左官,所定労働時間内8時間あたり,人日,pref,19,山梨県,,,,21200,JPY,labor_wage_8h,published_pdl,29800,原本の下段(括弧書き): 公共工事設計労務単価+必要経費(法定福利費の事業主負担額、労務管理費、宿舎費等)(試算値),2013-04,2013-04-01,mlit-roumu-h25,p17(横長の表) / p8(縦長の表),https://www.mlit.go.jp/common/000993048.pdf,PDL1.0,,
c9d8f1e066f9b9b3,JP,labor,労務単価,配管工,所定労働時間内8時間あたり,人日,pref,19,山梨県,,,,19000,JPY,labor_wage_8h,published_pdl,26700,原本の下段(括弧書き): 公共工事設計労務単価+必要経費(法定福利費の事業主負担額、労務管理費、宿舎費等)(試算値),2013-04,2013-04-01,mlit-roumu-h25,p17(横長の表) / p8(縦長の表),https://www.mlit.go.jp/common/000993048.pdf,PDL1.0,,
41cc75402ac4b1ec,JP,labor,労務単価,はつり工,所定労働時間内8時間あたり,人日,pref,19,山梨県,,,,20700,JPY,labor_wage_8h,published_pdl,29100,原本の下段(括弧書き): 公共工事設計労務単価+必要経費(法定福利費の事業主負担額、労務管理費、宿舎費等)(試算値),2013-04,2013-04-01,mlit-roumu-h25,p17(横長の表) / p8(縦長の表),https://www.mlit.go.jp/common/000993048.pdf,PDL1.0,,
02924f1e4204f36a,JP,labor,労務単価,防水工,所定労働時間内8時間あたり,人日,pref,19,山梨県,,,,21700,JPY,labor_wage_8h,published_pdl,30500,原本の下段(括弧書き): 公共工事設計労務単価+必要経費(法定福利費の事業主負担額、労務管理費、宿舎費等)(試算値),2013-04,2013-04-01,mlit-roumu-h25,p17(横長の表) / p8(縦長の表),https://www.mlit.go.jp/common/000993048.pdf,PDL1.0,,
bd1535ab69171376,JP,labor,労務単価,板金工,所定労働時間内8時間あたり,人日,pref,19,山梨県,,,,21600,JPY,labor_wage_8h,published_pdl,30400,原本の下段(括弧書き): 公共工事設計労務単価+必要経費(法定福利費の事業主負担額、労務管理費、宿舎費等)(試算値),2013-04,2013-04-01,mlit-roumu-h25,p17(横長の表) / p8(縦長の表),https://www.mlit.go.jp/common/000993048.pdf,PDL1.0,,
e55ddbd837591db4,JP,labor,労務単価,タイル工,所定労働時間内8時間あたり,人日,pref,19,山梨県,,,,21400,JPY,labor_wage_8h,published_pdl,30100,原本の下段(括弧書き): 公共工事設計労務単価+必要経費(法定福利費の事業主負担額、労務管理費、宿舎費等)(試算値),2013-04,2013-04-01,mlit-roumu-h25,p17(横長の表) / p8(縦長の表),https://www.mlit.go.jp/common/000993048.pdf,PDL1.0,,
3ed483c47ae581b1,JP,labor,労務単価,サッシ工,所定労働時間内8時間あたり,人日,pref,19,山梨県,,,,20300,JPY,labor_wage_8h,published_pdl,28500,原本の下段(括弧書き): 公共工事設計労務単価+必要経費(法定福利費の事業主負担額、労務管理費、宿舎費等)(試算値),2013-04,2013-04-01,mlit-roumu-h25,p18(横長の表) / p9(縦長の表),https://www.mlit.go.jp/common/000993048.pdf,PDL1.0,,
496f7bcb83bac39b,JP,labor,労務単価,内装工,所定労働時間内8時間あたり,人日,pref,19,山梨県,,,,21600,JPY,labor_wage_8h,published_pdl,30400,原本の下段(括弧書き): 公共工事設計労務単価+必要経費(法定福利費の事業主負担額、労務管理費、宿舎費等)(試算値),2013-04,2013-04-01,mlit-roumu-h25,p18(横長の表) / p9(縦長の表),https://www.mlit.go.jp/common/000993048.pdf,PDL1.0,,
461fa58bc9a9724c,JP,labor,労務単価,ガラス工,所定労働時間内8時間あたり,人日,pref,19,山梨県,,,,19800,JPY,labor_wage_8h,published_pdl,27800,原本の下段(括弧書き): 公共工事設計労務単価+必要経費(法定福利費の事業主負担額、労務管理費、宿舎費等)(試算値),2013-04,2013-04-01,mlit-roumu-h25,p18(横長の表) / p9(縦長の表),https://www.mlit.go.jp/common/000993048.pdf,PDL1.0,,
e670d8c0bdd2fccb,JP,labor,労務単価,建具工,所定労働時間内8時間あたり,人日,pref,19,山梨県,,,,20600,JPY,labor_wage_8h,published_pdl,29000,原本の下段(括弧書き): 公共工事設計労務単価+必要経費(法定福利費の事業主負担額、労務管理費、宿舎費等)(試算値),2013-04,2013-04-01,mlit-roumu-h25,p18(横長の表) / p9(縦長の表),https://www.mlit.go.jp/common/000993048.pdf,PDL1.0,,
cb41514abd4ba727,JP,labor,労務単価,ダクト工,所定労働時間内8時間あたり,人日,pref,19,山梨県,,,,18100,JPY,labor_wage_8h,published_pdl,25400,原本の下段(括弧書き): 公共工事設計労務単価+必要経費(法定福利費の事業主負担額、労務管理費、宿舎費等)(試算値),2013-04,2013-04-01,mlit-roumu-h25,p18(横長の表) / p9(縦長の表),https://www.mlit.go.jp/common/000993048.pdf,PDL1.0,,
5f842b6bcb3ce37f,JP,labor,労務単価,保温工,所定労働時間内8時間あたり,人日,pref,19,山梨県,,,,18500,JPY,labor_wage_8h,published_pdl,26000,原本の下段(括弧書き): 公共工事設計労務単価+必要経費(法定福利費の事業主負担額、労務管理費、宿舎費等)(試算値),2013-04,2013-04-01,mlit-roumu-h25,p18(横長の表) / p9(縦長の表),https://www.mlit.go.jp/common/000993048.pdf,PDL1.0,,
6fe70be6a96e72dd,JP,labor,労務単価,建築ブロック工,所定労働時間内8時間あたり,人日,pref,19,山梨県,,,,,JPY,labor_wage_8h,not_set,,,2013-04,2013-04-01,mlit-roumu-h25,p18(横長の表) / p9(縦長の表),https://www.mlit.go.jp/common/000993048.pdf,PDL1.0,,原本の表で『-』(この都道府県ではこの職種の単価を設定していない)
fb73539bed96c5c5,JP,labor,労務単価,設備機械工,所定労働時間内8時間あたり,人日,pref,19,山梨県,,,,20000,JPY,labor_wage_8h,published_pdl,28100,原本の下段(括弧書き): 公共工事設計労務単価+必要経費(法定福利費の事業主負担額、労務管理費、宿舎費等)(試算値),2013-04,2013-04-01,mlit-roumu-h25,p18(横長の表) / p9(縦長の表),https://www.mlit.go.jp/common/000993048.pdf,PDL1.0,,
13c876acc5c85dd5,JP,labor,労務単価,交通誘導員Ａ,所定労働時間内8時間あたり,人日,pref,19,山梨県,,,,10500,JPY,labor_wage_8h,published_pdl,14800,原本の下段(括弧書き): 公共工事設計労務単価+必要経費(法定福利費の事業主負担額、労務管理費、宿舎費等)(試算値),2013-04,2013-04-01,mlit-roumu-h25,p18(横長の表) / p9(縦長の表),https://www.mlit.go.jp/common/000993048.pdf,PDL1.0,,
6fe39a96dd129b74,JP,labor,労務単価,交通誘導員Ｂ,所定労働時間内8時間あたり,人日,pref,19,山梨県,,,,9300,JPY,labor_wage_8h,published_pdl,13100,原本の下段(括弧書き): 公共工事設計労務単価+必要経費(法定福利費の事業主負担額、労務管理費、宿舎費等)(試算値),2013-04,2013-04-01,mlit-roumu-h25,p18(横長の表) / p9(縦長の表),https://www.mlit.go.jp/common/000993048.pdf,PDL1.0,,
4cff6b308335c3cd,JP,labor,労務単価,特殊作業員,所定労働時間内8時間あたり,人日,pref,20,長野県,,,,18300,JPY,labor_wage_8h,published_pdl,25700,原本の下段(括弧書き): 公共工事設計労務単価+必要経費(法定福利費の事業主負担額、労務管理費、宿舎費等)(試算値),2013-04,2013-04-01,mlit-roumu-h25,p16(横長の表) / p5(縦長の表),https://www.mlit.go.jp/common/000993048.pdf,PDL1.0,,
23b38a085f3efb83,JP,labor,労務単価,普通作業員,所定労働時間内8時間あたり,人日,pref,20,長野県,,,,15700,JPY,labor_wage_8h,published_pdl,22100,原本の下段(括弧書き): 公共工事設計労務単価+必要経費(法定福利費の事業主負担額、労務管理費、宿舎費等)(試算値),2013-04,2013-04-01,mlit-roumu-h25,p16(横長の表) / p5(縦長の表),https://www.mlit.go.jp/common/000993048.pdf,PDL1.0,,
47d9d1007c2fc8b7,JP,labor,労務単価,軽作業員,所定労働時間内8時間あたり,人日,pref,20,長野県,,,,12400,JPY,labor_wage_8h,published_pdl,17400,原本の下段(括弧書き): 公共工事設計労務単価+必要経費(法定福利費の事業主負担額、労務管理費、宿舎費等)(試算値),2013-04,2013-04-01,mlit-roumu-h25,p16(横長の表) / p5(縦長の表),https://www.mlit.go.jp/common/000993048.pdf,PDL1.0,,
890abef50f384154,JP,labor,労務単価,造園工,所定労働時間内8時間あたり,人日,pref,20,長野県,,,,17500,JPY,labor_wage_8h,published_pdl,24600,原本の下段(括弧書き): 公共工事設計労務単価+必要経費(法定福利費の事業主負担額、労務管理費、宿舎費等)(試算値),2013-04,2013-04-01,mlit-roumu-h25,p16(横長の表) / p5(縦長の表),https://www.mlit.go.jp/common/000993048.pdf,PDL1.0,,
3733388a860728c6,JP,labor,労務単価,法面工,所定労働時間内8時間あたり,人日,pref,20,長野県,,,,19500,JPY,labor_wage_8h,published_pdl,27400,原本の下段(括弧書き): 公共工事設計労務単価+必要経費(法定福利費の事業主負担額、労務管理費、宿舎費等)(試算値),2013-04,2013-04-01,mlit-roumu-h25,p16(横長の表) / p5(縦長の表),https://www.mlit.go.jp/common/000993048.pdf,PDL1.0,,
49f53136ee5c2379,JP,labor,労務単価,とび工,所定労働時間内8時間あたり,人日,pref,20,長野県,,,,19000,JPY,labor_wage_8h,published_pdl,26700,原本の下段(括弧書き): 公共工事設計労務単価+必要経費(法定福利費の事業主負担額、労務管理費、宿舎費等)(試算値),2013-04,2013-04-01,mlit-roumu-h25,p16(横長の表) / p5(縦長の表),https://www.mlit.go.jp/common/000993048.pdf,PDL1.0,,
2c33f04234b0b084,JP,labor,労務単価,石工,所定労働時間内8時間あたり,人日,pref,20,長野県,,,,21700,JPY,labor_wage_8h,published_pdl,30500,原本の下段(括弧書き): 公共工事設計労務単価+必要経費(法定福利費の事業主負担額、労務管理費、宿舎費等)(試算値),2013-04,2013-04-01,mlit-roumu-h25,p16(横長の表) / p5(縦長の表),https://www.mlit.go.jp/common/000993048.pdf,PDL1.0,,
a1a827cf4e3e10b0,JP,labor,労務単価,ブロック工,所定労働時間内8時間あたり,人日,pref,20,長野県,,,,20900,JPY,labor_wage_8h,published_pdl,29400,原本の下段(括弧書き): 公共工事設計労務単価+必要経費(法定福利費の事業主負担額、労務管理費、宿舎費等)(試算値),2013-04,2013-04-01,mlit-roumu-h25,p16(横長の表) / p5(縦長の表),https://www.mlit.go.jp/common/000993048.pdf,PDL1.0,,
a9eded494302be01,JP,labor,労務単価,電工,所定労働時間内8時間あたり,人日,pref,20,長野県,,,,18300,JPY,labor_wage_8h,published_pdl,25700,原本の下段(括弧書き): 公共工事設計労務単価+必要経費(法定福利費の事業主負担額、労務管理費、宿舎費等)(試算値),2013-04,2013-04-01,mlit-roumu-h25,p16(横長の表) / p5(縦長の表),https://www.mlit.go.jp/common/000993048.pdf,PDL1.0,,
60751522728b7440,JP,labor,労務単価,鉄筋工,所定労働時間内8時間あたり,人日,pref,20,長野県,,,,18700,JPY,labor_wage_8h,published_pdl,26300,原本の下段(括弧書き): 公共工事設計労務単価+必要経費(法定福利費の事業主負担額、労務管理費、宿舎費等)(試算値),2013-04,2013-04-01,mlit-roumu-h25,p16(横長の表) / p5(縦長の表),https://www.mlit.go.jp/common/000993048.pdf,PDL1.0,,
de34a580cd35eca4,JP,labor,労務単価,鉄骨工,所定労働時間内8時間あたり,人日,pref,20,長野県,,,,19100,JPY,labor_wage_8h,published_pdl,26900,原本の下段(括弧書き): 公共工事設計労務単価+必要経費(法定福利費の事業主負担額、労務管理費、宿舎費等)(試算値),2013-04,2013-04-01,mlit-roumu-h25,p16(横長の表) / p6(縦長の表),https://www.mlit.go.jp/common/000993048.pdf,PDL1.0,,
4cb805020c3371e0,JP,labor,労務単価,塗装工,所定労働時間内8時間あたり,人日,pref,20,長野県,,,,18900,JPY,labor_wage_8h,published_pdl,26600,原本の下段(括弧書き): 公共工事設計労務単価+必要経費(法定福利費の事業主負担額、労務管理費、宿舎費等)(試算値),2013-04,2013-04-01,mlit-roumu-h25,p16(横長の表) / p6(縦長の表),https://www.mlit.go.jp/common/000993048.pdf,PDL1.0,,
bc967a081cb4a59b,JP,labor,労務単価,溶接工,所定労働時間内8時間あたり,人日,pref,20,長野県,,,,20900,JPY,labor_wage_8h,published_pdl,29400,原本の下段(括弧書き): 公共工事設計労務単価+必要経費(法定福利費の事業主負担額、労務管理費、宿舎費等)(試算値),2013-04,2013-04-01,mlit-roumu-h25,p16(横長の表) / p6(縦長の表),https://www.mlit.go.jp/common/000993048.pdf,PDL1.0,,
46875d5010d80358,JP,labor,労務単価,運転手（特殊）,所定労働時間内8時間あたり,人日,pref,20,長野県,,,,17400,JPY,labor_wage_8h,published_pdl,24500,原本の下段(括弧書き): 公共工事設計労務単価+必要経費(法定福利費の事業主負担額、労務管理費、宿舎費等)(試算値),2013-04,2013-04-01,mlit-roumu-h25,p16(横長の表) / p6(縦長の表),https://www.mlit.go.jp/common/000993048.pdf,PDL1.0,,
f5f6b464f96fde73,JP,labor,労務単価,運転手（一般）,所定労働時間内8時間あたり,人日,pref,20,長野県,,,,15200,JPY,labor_wage_8h,published_pdl,21400,原本の下段(括弧書き): 公共工事設計労務単価+必要経費(法定福利費の事業主負担額、労務管理費、宿舎費等)(試算値),2013-04,2013-04-01,mlit-roumu-h25,p16(横長の表) / p6(縦長の表),https://www.mlit.go.jp/common/000993048.pdf,PDL1.0,,
99c6a87af3ee369f,JP,labor,労務単価,潜かん工,所定労働時間内8時間あたり,人日,pref,20,長野県,,,,23900,JPY,labor_wage_8h,published_pdl,33600,原本の下段(括弧書き): 公共工事設計労務単価+必要経費(法定福利費の事業主負担額、労務管理費、宿舎費等)(試算値),2013-04,2013-04-01,mlit-roumu-h25,p16(横長の表) / p6(縦長の表),https://www.mlit.go.jp/common/000993048.pdf,PDL1.0,,
ac478c21fbb96cb6,JP,labor,労務単価,潜かん世話役,所定労働時間内8時間あたり,人日,pref,20,長野県,,,,28400,JPY,labor_wage_8h,published_pdl,39900,原本の下段(括弧書き): 公共工事設計労務単価+必要経費(法定福利費の事業主負担額、労務管理費、宿舎費等)(試算値),2013-04,2013-04-01,mlit-roumu-h25,p16(横長の表) / p6(縦長の表),https://www.mlit.go.jp/common/000993048.pdf,PDL1.0,,
74419404e0ec1392,JP,labor,労務単価,さく岩工,所定労働時間内8時間あたり,人日,pref,20,長野県,,,,21700,JPY,labor_wage_8h,published_pdl,30500,原本の下段(括弧書き): 公共工事設計労務単価+必要経費(法定福利費の事業主負担額、労務管理費、宿舎費等)(試算値),2013-04,2013-04-01,mlit-roumu-h25,p16(横長の表) / p6(縦長の表),https://www.mlit.go.jp/common/000993048.pdf,PDL1.0,,
019486746aaf7429,JP,labor,労務単価,トンネル特殊工,所定労働時間内8時間あたり,人日,pref,20,長野県,,,,23900,JPY,labor_wage_8h,published_pdl,33600,原本の下段(括弧書き): 公共工事設計労務単価+必要経費(法定福利費の事業主負担額、労務管理費、宿舎費等)(試算値),2013-04,2013-04-01,mlit-roumu-h25,p16(横長の表) / p6(縦長の表),https://www.mlit.go.jp/common/000993048.pdf,PDL1.0,,
8d7c717e4689a0c9,JP,labor,労務単価,トンネル作業員,所定労働時間内8時間あたり,人日,pref,20,長野県,,,,19400,JPY,labor_wage_8h,published_pdl,27300,原本の下段(括弧書き): 公共工事設計労務単価+必要経費(法定福利費の事業主負担額、労務管理費、宿舎費等)(試算値),2013-04,2013-04-01,mlit-roumu-h25,p16(横長の表) / p6(縦長の表),https://www.mlit.go.jp/common/000993048.pdf,PDL1.0,,
d122c8ab64b063e0,JP,labor,労務単価,トンネル世話役,所定労働時間内8時間あたり,人日,pref,20,長野県,,,,25700,JPY,labor_wage_8h,published_pdl,36100,原本の下段(括弧書き): 公共工事設計労務単価+必要経費(法定福利費の事業主負担額、労務管理費、宿舎費等)(試算値),2013-04,2013-04-01,mlit-roumu-h25,p17(横長の表) / p7(縦長の表),https://www.mlit.go.jp/common/000993048.pdf,PDL1.0,,
c61cd97d28a7cc16,JP,labor,労務単価,橋りょう特殊工,所定労働時間内8時間あたり,人日,pref,20,長野県,,,,23900,JPY,labor_wage_8h,published_pdl,33600,原本の下段(括弧書き): 公共工事設計労務単価+必要経費(法定福利費の事業主負担額、労務管理費、宿舎費等)(試算値),2013-04,2013-04-01,mlit-roumu-h25,p17(横長の表) / p7(縦長の表),https://www.mlit.go.jp/common/000993048.pdf,PDL1.0,,
c1ace019804bbea5,JP,labor,労務単価,橋りょう塗装工,所定労働時間内8時間あたり,人日,pref,20,長野県,,,,24900,JPY,labor_wage_8h,published_pdl,35000,原本の下段(括弧書き): 公共工事設計労務単価+必要経費(法定福利費の事業主負担額、労務管理費、宿舎費等)(試算値),2013-04,2013-04-01,mlit-roumu-h25,p17(横長の表) / p7(縦長の表),https://www.mlit.go.jp/common/000993048.pdf,PDL1.0,,
071f06fc84269f34,JP,labor,労務単価,橋りょう世話役,所定労働時間内8時間あたり,人日,pref,20,長野県,,,,25800,JPY,labor_wage_8h,published_pdl,36300,原本の下段(括弧書き): 公共工事設計労務単価+必要経費(法定福利費の事業主負担額、労務管理費、宿舎費等)(試算値),2013-04,2013-04-01,mlit-roumu-h25,p17(横長の表) / p7(縦長の表),https://www.mlit.go.jp/common/000993048.pdf,PDL1.0,,
9f78a8a9fc25c9f7,JP,labor,労務単価,土木一般世話役,所定労働時間内8時間あたり,人日,pref,20,長野県,,,,20400,JPY,labor_wage_8h,published_pdl,28700,原本の下段(括弧書き): 公共工事設計労務単価+必要経費(法定福利費の事業主負担額、労務管理費、宿舎費等)(試算値),2013-04,2013-04-01,mlit-roumu-h25,p17(横長の表) / p7(縦長の表),https://www.mlit.go.jp/common/000993048.pdf,PDL1.0,,
de98a33cbe388425,JP,labor,労務単価,高級船員,所定労働時間内8時間あたり,人日,pref,20,長野県,,,,25900,JPY,labor_wage_8h,published_pdl,36400,原本の下段(括弧書き): 公共工事設計労務単価+必要経費(法定福利費の事業主負担額、労務管理費、宿舎費等)(試算値),2013-04,2013-04-01,mlit-roumu-h25,p17(横長の表) / p7(縦長の表),https://www.mlit.go.jp/common/000993048.pdf,PDL1.0,,
0ba93f705dd8d3ee,JP,labor,労務単価,普通船員,所定労働時間内8時間あたり,人日,pref,20,長野県,,,,20200,JPY,labor_wage_8h,published_pdl,28400,原本の下段(括弧書き): 公共工事設計労務単価+必要経費(法定福利費の事業主負担額、労務管理費、宿舎費等)(試算値),2013-04,2013-04-01,mlit-roumu-h25,p17(横長の表) / p7(縦長の表),https://www.mlit.go.jp/common/000993048.pdf,PDL1.0,,
5a5282bcc38accd7,JP,labor,労務単価,潜水士,所定労働時間内8時間あたり,人日,pref,20,長野県,,,,30800,JPY,labor_wage_8h,published_pdl,43300,原本の下段(括弧書き): 公共工事設計労務単価+必要経費(法定福利費の事業主負担額、労務管理費、宿舎費等)(試算値),2013-04,2013-04-01,mlit-roumu-h25,p17(横長の表) / p7(縦長の表),https://www.mlit.go.jp/common/000993048.pdf,PDL1.0,,
ddd79b94fe761eb8,JP,labor,労務単価,潜水連絡員,所定労働時間内8時間あたり,人日,pref,20,長野県,,,,20300,JPY,labor_wage_8h,published_pdl,28500,原本の下段(括弧書き): 公共工事設計労務単価+必要経費(法定福利費の事業主負担額、労務管理費、宿舎費等)(試算値),2013-04,2013-04-01,mlit-roumu-h25,p17(横長の表) / p7(縦長の表),https://www.mlit.go.jp/common/000993048.pdf,PDL1.0,,
2261ceafc2b808cd,JP,labor,労務単価,潜水送気員,所定労働時間内8時間あたり,人日,pref,20,長野県,,,,21300,JPY,labor_wage_8h,published_pdl,29900,原本の下段(括弧書き): 公共工事設計労務単価+必要経費(法定福利費の事業主負担額、労務管理費、宿舎費等)(試算値),2013-04,2013-04-01,mlit-roumu-h25,p17(横長の表) / p7(縦長の表),https://www.mlit.go.jp/common/000993048.pdf,PDL1.0,,
085cda1c09871c1e,JP,labor,労務単価,山林砂防工,所定労働時間内8時間あたり,人日,pref,20,長野県,,,,23100,JPY,labor_wage_8h,published_pdl,32500,原本の下段(括弧書き): 公共工事設計労務単価+必要経費(法定福利費の事業主負担額、労務管理費、宿舎費等)(試算値),2013-04,2013-04-01,mlit-roumu-h25,p17(横長の表) / p8(縦長の表),https://www.mlit.go.jp/common/000993048.pdf,PDL1.0,,
35ca360d7cf91beb,JP,labor,労務単価,軌道工,所定労働時間内8時間あたり,人日,pref,20,長野県,,,,30300,JPY,labor_wage_8h,published_pdl,42600,原本の下段(括弧書き): 公共工事設計労務単価+必要経費(法定福利費の事業主負担額、労務管理費、宿舎費等)(試算値),2013-04,2013-04-01,mlit-roumu-h25,p17(横長の表) / p8(縦長の表),https://www.mlit.go.jp/common/000993048.pdf,PDL1.0,,
d8f2bdc5f9f57ec7,JP,labor,労務単価,型わく工,所定労働時間内8時間あたり,人日,pref,20,長野県,,,,17900,JPY,labor_wage_8h,published_pdl,25200,原本の下段(括弧書き): 公共工事設計労務単価+必要経費(法定福利費の事業主負担額、労務管理費、宿舎費等)(試算値),2013-04,2013-04-01,mlit-roumu-h25,p17(横長の表) / p8(縦長の表),https://www.mlit.go.jp/common/000993048.pdf,PDL1.0,,
6d282fe9624fc498,JP,labor,労務単価,大工,所定労働時間内8時間あたり,人日,pref,20,長野県,,,,19800,JPY,labor_wage_8h,published_pdl,27800,原本の下段(括弧書き): 公共工事設計労務単価+必要経費(法定福利費の事業主負担額、労務管理費、宿舎費等)(試算値),2013-04,2013-04-01,mlit-roumu-h25,p17(横長の表) / p8(縦長の表),https://www.mlit.go.jp/common/000993048.pdf,PDL1.0,,
da1aa2853afe7723,JP,labor,労務単価,左官,所定労働時間内8時間あたり,人日,pref,20,長野県,,,,18000,JPY,labor_wage_8h,published_pdl,25300,原本の下段(括弧書き): 公共工事設計労務単価+必要経費(法定福利費の事業主負担額、労務管理費、宿舎費等)(試算値),2013-04,2013-04-01,mlit-roumu-h25,p17(横長の表) / p8(縦長の表),https://www.mlit.go.jp/common/000993048.pdf,PDL1.0,,
06db86432d3035d3,JP,labor,労務単価,配管工,所定労働時間内8時間あたり,人日,pref,20,長野県,,,,17300,JPY,labor_wage_8h,published_pdl,24300,原本の下段(括弧書き): 公共工事設計労務単価+必要経費(法定福利費の事業主負担額、労務管理費、宿舎費等)(試算値),2013-04,2013-04-01,mlit-roumu-h25,p17(横長の表) / p8(縦長の表),https://www.mlit.go.jp/common/000993048.pdf,PDL1.0,,
87f4bc1fc1ee0f3e,JP,labor,労務単価,はつり工,所定労働時間内8時間あたり,人日,pref,20,長野県,,,,18700,JPY,labor_wage_8h,published_pdl,26300,原本の下段(括弧書き): 公共工事設計労務単価+必要経費(法定福利費の事業主負担額、労務管理費、宿舎費等)(試算値),2013-04,2013-04-01,mlit-roumu-h25,p17(横長の表) / p8(縦長の表),https://www.mlit.go.jp/common/000993048.pdf,PDL1.0,,
e825220e03a2899c,JP,labor,労務単価,防水工,所定労働時間内8時間あたり,人日,pref,20,長野県,,,,20000,JPY,labor_wage_8h,published_pdl,28100,原本の下段(括弧書き): 公共工事設計労務単価+必要経費(法定福利費の事業主負担額、労務管理費、宿舎費等)(試算値),2013-04,2013-04-01,mlit-roumu-h25,p17(横長の表) / p8(縦長の表),https://www.mlit.go.jp/common/000993048.pdf,PDL1.0,,
01fe5092d6a287ef,JP,labor,労務単価,板金工,所定労働時間内8時間あたり,人日,pref,20,長野県,,,,19900,JPY,labor_wage_8h,published_pdl,28000,原本の下段(括弧書き): 公共工事設計労務単価+必要経費(法定福利費の事業主負担額、労務管理費、宿舎費等)(試算値),2013-04,2013-04-01,mlit-roumu-h25,p17(横長の表) / p8(縦長の表),https://www.mlit.go.jp/common/000993048.pdf,PDL1.0,,
986d166ed7559b63,JP,labor,労務単価,タイル工,所定労働時間内8時間あたり,人日,pref,20,長野県,,,,21500,JPY,labor_wage_8h,published_pdl,30200,原本の下段(括弧書き): 公共工事設計労務単価+必要経費(法定福利費の事業主負担額、労務管理費、宿舎費等)(試算値),2013-04,2013-04-01,mlit-roumu-h25,p17(横長の表) / p8(縦長の表),https://www.mlit.go.jp/common/000993048.pdf,PDL1.0,,
29deddfe8e2f3d34,JP,labor,労務単価,サッシ工,所定労働時間内8時間あたり,人日,pref,20,長野県,,,,19400,JPY,labor_wage_8h,published_pdl,27300,原本の下段(括弧書き): 公共工事設計労務単価+必要経費(法定福利費の事業主負担額、労務管理費、宿舎費等)(試算値),2013-04,2013-04-01,mlit-roumu-h25,p18(横長の表) / p9(縦長の表),https://www.mlit.go.jp/common/000993048.pdf,PDL1.0,,
9e7167a38719dfcf,JP,labor,労務単価,内装工,所定労働時間内8時間あたり,人日,pref,20,長野県,,,,21300,JPY,labor_wage_8h,published_pdl,29900,原本の下段(括弧書き): 公共工事設計労務単価+必要経費(法定福利費の事業主負担額、労務管理費、宿舎費等)(試算値),2013-04,2013-04-01,mlit-roumu-h25,p18(横長の表) / p9(縦長の表),https://www.mlit.go.jp/common/000993048.pdf,PDL1.0,,
31ee1952fb35320a,JP,labor,労務単価,ガラス工,所定労働時間内8時間あたり,人日,pref,20,長野県,,,,19800,JPY,labor_wage_8h,published_pdl,27800,原本の下段(括弧書き): 公共工事設計労務単価+必要経費(法定福利費の事業主負担額、労務管理費、宿舎費等)(試算値),2013-04,2013-04-01,mlit-roumu-h25,p18(横長の表) / p9(縦長の表),https://www.mlit.go.jp/common/000993048.pdf,PDL1.0,,
2ea49987eb5f0bd2,JP,labor,労務単価,建具工,所定労働時間内8時間あたり,人日,pref,20,長野県,,,,18100,JPY,labor_wage_8h,published_pdl,25400,原本の下段(括弧書き): 公共工事設計労務単価+必要経費(法定福利費の事業主負担額、労務管理費、宿舎費等)(試算値),2013-04,2013-04-01,mlit-roumu-h25,p18(横長の表) / p9(縦長の表),https://www.mlit.go.jp/common/000993048.pdf,PDL1.0,,
069e2c3e77956b97,JP,labor,労務単価,ダクト工,所定労働時間内8時間あたり,人日,pref,20,長野県,,,,17700,JPY,labor_wage_8h,published_pdl,24900,原本の下段(括弧書き): 公共工事設計労務単価+必要経費(法定福利費の事業主負担額、労務管理費、宿舎費等)(試算値),2013-04,2013-04-01,mlit-roumu-h25,p18(横長の表) / p9(縦長の表),https://www.mlit.go.jp/common/000993048.pdf,PDL1.0,,
1bb46b86785b2515,JP,labor,労務単価,保温工,所定労働時間内8時間あたり,人日,pref,20,長野県,,,,18500,JPY,labor_wage_8h,published_pdl,26000,原本の下段(括弧書き): 公共工事設計労務単価+必要経費(法定福利費の事業主負担額、労務管理費、宿舎費等)(試算値),2013-04,2013-04-01,mlit-roumu-h25,p18(横長の表) / p9(縦長の表),https://www.mlit.go.jp/common/000993048.pdf,PDL1.0,,
a64b1e00f63a7030,JP,labor,労務単価,建築ブロック工,所定労働時間内8時間あたり,人日,pref,20,長野県,,,,21300,JPY,labor_wage_8h,published_pdl,29900,原本の下段(括弧書き): 公共工事設計労務単価+必要経費(法定福利費の事業主負担額、労務管理費、宿舎費等)(試算値),2013-04,2013-04-01,mlit-roumu-h25,p18(横長の表) / p9(縦長の表),https://www.mlit.go.jp/common/000993048.pdf,PDL1.0,,
44adb92dcdeabc9e,JP,labor,労務単価,設備機械工,所定労働時間内8時間あたり,人日,pref,20,長野県,,,,18800,JPY,labor_wage_8h,published_pdl,26400,原本の下段(括弧書き): 公共工事設計労務単価+必要経費(法定福利費の事業主負担額、労務管理費、宿舎費等)(試算値),2013-04,2013-04-01,mlit-roumu-h25,p18(横長の表) / p9(縦長の表),https://www.mlit.go.jp/common/000993048.pdf,PDL1.0,,
ca785a9fe3fc4357,JP,labor,労務単価,交通誘導員Ａ,所定労働時間内8時間あたり,人日,pref,20,長野県,,,,9500,JPY,labor_wage_8h,published_pdl,13400,原本の下段(括弧書き): 公共工事設計労務単価+必要経費(法定福利費の事業主負担額、労務管理費、宿舎費等)(試算値),2013-04,2013-04-01,mlit-roumu-h25,p18(横長の表) / p9(縦長の表),https://www.mlit.go.jp/common/000993048.pdf,PDL1.0,,
559fad140979189c,JP,labor,労務単価,交通誘導員Ｂ,所定労働時間内8時間あたり,人日,pref,20,長野県,,,,8300,JPY,labor_wage_8h,published_pdl,11700,原本の下段(括弧書き): 公共工事設計労務単価+必要経費(法定福利費の事業主負担額、労務管理費、宿舎費等)(試算値),2013-04,2013-04-01,mlit-roumu-h25,p18(横長の表) / p9(縦長の表),https://www.mlit.go.jp/common/000993048.pdf,PDL1.0,,
24d7304e45a29586,JP,labor,労務単価,特殊作業員,所定労働時間内8時間あたり,人日,pref,21,岐阜県,,,,17900,JPY,labor_wage_8h,published_pdl,25200,原本の下段(括弧書き): 公共工事設計労務単価+必要経費(法定福利費の事業主負担額、労務管理費、宿舎費等)(試算値),2013-04,2013-04-01,mlit-roumu-h25,p16(横長の表) / p5(縦長の表),https://www.mlit.go.jp/common/000993048.pdf,PDL1.0,,
6e5921158552bf58,JP,labor,労務単価,普通作業員,所定労働時間内8時間あたり,人日,pref,21,岐阜県,,,,15900,JPY,labor_wage_8h,published_pdl,22400,原本の下段(括弧書き): 公共工事設計労務単価+必要経費(法定福利費の事業主負担額、労務管理費、宿舎費等)(試算値),2013-04,2013-04-01,mlit-roumu-h25,p16(横長の表) / p5(縦長の表),https://www.mlit.go.jp/common/000993048.pdf,PDL1.0,,
5447db72a97dc8ba,JP,labor,労務単価,軽作業員,所定労働時間内8時間あたり,人日,pref,21,岐阜県,,,,11900,JPY,labor_wage_8h,published_pdl,16700,原本の下段(括弧書き): 公共工事設計労務単価+必要経費(法定福利費の事業主負担額、労務管理費、宿舎費等)(試算値),2013-04,2013-04-01,mlit-roumu-h25,p16(横長の表) / p5(縦長の表),https://www.mlit.go.jp/common/000993048.pdf,PDL1.0,,
2e339f04c37fb40d,JP,labor,労務単価,造園工,所定労働時間内8時間あたり,人日,pref,21,岐阜県,,,,17400,JPY,labor_wage_8h,published_pdl,24500,原本の下段(括弧書き): 公共工事設計労務単価+必要経費(法定福利費の事業主負担額、労務管理費、宿舎費等)(試算値),2013-04,2013-04-01,mlit-roumu-h25,p16(横長の表) / p5(縦長の表),https://www.mlit.go.jp/common/000993048.pdf,PDL1.0,,
db832d5cf1d9bd7e,JP,labor,労務単価,法面工,所定労働時間内8時間あたり,人日,pref,21,岐阜県,,,,18900,JPY,labor_wage_8h,published_pdl,26600,原本の下段(括弧書き): 公共工事設計労務単価+必要経費(法定福利費の事業主負担額、労務管理費、宿舎費等)(試算値),2013-04,2013-04-01,mlit-roumu-h25,p16(横長の表) / p5(縦長の表),https://www.mlit.go.jp/common/000993048.pdf,PDL1.0,,
4483c04f19c544d3,JP,labor,労務単価,とび工,所定労働時間内8時間あたり,人日,pref,21,岐阜県,,,,18800,JPY,labor_wage_8h,published_pdl,26400,原本の下段(括弧書き): 公共工事設計労務単価+必要経費(法定福利費の事業主負担額、労務管理費、宿舎費等)(試算値),2013-04,2013-04-01,mlit-roumu-h25,p16(横長の表) / p5(縦長の表),https://www.mlit.go.jp/common/000993048.pdf,PDL1.0,,
a3326cafb0d8e797,JP,labor,労務単価,石工,所定労働時間内8時間あたり,人日,pref,21,岐阜県,,,,24400,JPY,labor_wage_8h,published_pdl,34300,原本の下段(括弧書き): 公共工事設計労務単価+必要経費(法定福利費の事業主負担額、労務管理費、宿舎費等)(試算値),2013-04,2013-04-01,mlit-roumu-h25,p16(横長の表) / p5(縦長の表),https://www.mlit.go.jp/common/000993048.pdf,PDL1.0,,
d19dbff593635c1b,JP,labor,労務単価,ブロック工,所定労働時間内8時間あたり,人日,pref,21,岐阜県,,,,22900,JPY,labor_wage_8h,published_pdl,32200,原本の下段(括弧書き): 公共工事設計労務単価+必要経費(法定福利費の事業主負担額、労務管理費、宿舎費等)(試算値),2013-04,2013-04-01,mlit-roumu-h25,p16(横長の表) / p5(縦長の表),https://www.mlit.go.jp/common/000993048.pdf,PDL1.0,,
ad20d26afea5648c,JP,labor,労務単価,電工,所定労働時間内8時間あたり,人日,pref,21,岐阜県,,,,17900,JPY,labor_wage_8h,published_pdl,25200,原本の下段(括弧書き): 公共工事設計労務単価+必要経費(法定福利費の事業主負担額、労務管理費、宿舎費等)(試算値),2013-04,2013-04-01,mlit-roumu-h25,p16(横長の表) / p5(縦長の表),https://www.mlit.go.jp/common/000993048.pdf,PDL1.0,,
89cd1121d4df9709,JP,labor,労務単価,鉄筋工,所定労働時間内8時間あたり,人日,pref,21,岐阜県,,,,18300,JPY,labor_wage_8h,published_pdl,25700,原本の下段(括弧書き): 公共工事設計労務単価+必要経費(法定福利費の事業主負担額、労務管理費、宿舎費等)(試算値),2013-04,2013-04-01,mlit-roumu-h25,p16(横長の表) / p5(縦長の表),https://www.mlit.go.jp/common/000993048.pdf,PDL1.0,,
44e7cf07a3214ce7,JP,labor,労務単価,鉄骨工,所定労働時間内8時間あたり,人日,pref,21,岐阜県,,,,18100,JPY,labor_wage_8h,published_pdl,25400,原本の下段(括弧書き): 公共工事設計労務単価+必要経費(法定福利費の事業主負担額、労務管理費、宿舎費等)(試算値),2013-04,2013-04-01,mlit-roumu-h25,p16(横長の表) / p6(縦長の表),https://www.mlit.go.jp/common/000993048.pdf,PDL1.0,,
ba021b1c81a54b51,JP,labor,労務単価,塗装工,所定労働時間内8時間あたり,人日,pref,21,岐阜県,,,,18600,JPY,labor_wage_8h,published_pdl,26200,原本の下段(括弧書き): 公共工事設計労務単価+必要経費(法定福利費の事業主負担額、労務管理費、宿舎費等)(試算値),2013-04,2013-04-01,mlit-roumu-h25,p16(横長の表) / p6(縦長の表),https://www.mlit.go.jp/common/000993048.pdf,PDL1.0,,
8b81bab39a5a2c0e,JP,labor,労務単価,溶接工,所定労働時間内8時間あたり,人日,pref,21,岐阜県,,,,20300,JPY,labor_wage_8h,published_pdl,28500,原本の下段(括弧書き): 公共工事設計労務単価+必要経費(法定福利費の事業主負担額、労務管理費、宿舎費等)(試算値),2013-04,2013-04-01,mlit-roumu-h25,p16(横長の表) / p6(縦長の表),https://www.mlit.go.jp/common/000993048.pdf,PDL1.0,,
216a4e01a375a6f9,JP,labor,労務単価,運転手（特殊）,所定労働時間内8時間あたり,人日,pref,21,岐阜県,,,,18600,JPY,labor_wage_8h,published_pdl,26200,原本の下段(括弧書き): 公共工事設計労務単価+必要経費(法定福利費の事業主負担額、労務管理費、宿舎費等)(試算値),2013-04,2013-04-01,mlit-roumu-h25,p16(横長の表) / p6(縦長の表),https://www.mlit.go.jp/common/000993048.pdf,PDL1.0,,
b8c6b3988f393888,JP,labor,労務単価,運転手（一般）,所定労働時間内8時間あたり,人日,pref,21,岐阜県,,,,16000,JPY,labor_wage_8h,published_pdl,22500,原本の下段(括弧書き): 公共工事設計労務単価+必要経費(法定福利費の事業主負担額、労務管理費、宿舎費等)(試算値),2013-04,2013-04-01,mlit-roumu-h25,p16(横長の表) / p6(縦長の表),https://www.mlit.go.jp/common/000993048.pdf,PDL1.0,,
fd4d07ee397e1242,JP,labor,労務単価,潜かん工,所定労働時間内8時間あたり,人日,pref,21,岐阜県,,,,23900,JPY,labor_wage_8h,published_pdl,33600,原本の下段(括弧書き): 公共工事設計労務単価+必要経費(法定福利費の事業主負担額、労務管理費、宿舎費等)(試算値),2013-04,2013-04-01,mlit-roumu-h25,p16(横長の表) / p6(縦長の表),https://www.mlit.go.jp/common/000993048.pdf,PDL1.0,,
aad4e8772fb8cdb7,JP,labor,労務単価,潜かん世話役,所定労働時間内8時間あたり,人日,pref,21,岐阜県,,,,28300,JPY,labor_wage_8h,published_pdl,39800,原本の下段(括弧書き): 公共工事設計労務単価+必要経費(法定福利費の事業主負担額、労務管理費、宿舎費等)(試算値),2013-04,2013-04-01,mlit-roumu-h25,p16(横長の表) / p6(縦長の表),https://www.mlit.go.jp/common/000993048.pdf,PDL1.0,,
ac4dc728e5be9c58,JP,labor,労務単価,さく岩工,所定労働時間内8時間あたり,人日,pref,21,岐阜県,,,,20600,JPY,labor_wage_8h,published_pdl,29000,原本の下段(括弧書き): 公共工事設計労務単価+必要経費(法定福利費の事業主負担額、労務管理費、宿舎費等)(試算値),2013-04,2013-04-01,mlit-roumu-h25,p16(横長の表) / p6(縦長の表),https://www.mlit.go.jp/common/000993048.pdf,PDL1.0,,
43cfd58cd698e018,JP,labor,労務単価,トンネル特殊工,所定労働時間内8時間あたり,人日,pref,21,岐阜県,,,,21900,JPY,labor_wage_8h,published_pdl,30800,原本の下段(括弧書き): 公共工事設計労務単価+必要経費(法定福利費の事業主負担額、労務管理費、宿舎費等)(試算値),2013-04,2013-04-01,mlit-roumu-h25,p16(横長の表) / p6(縦長の表),https://www.mlit.go.jp/common/000993048.pdf,PDL1.0,,
a90724b9168ee46f,JP,labor,労務単価,トンネル作業員,所定労働時間内8時間あたり,人日,pref,21,岐阜県,,,,18800,JPY,labor_wage_8h,published_pdl,26400,原本の下段(括弧書き): 公共工事設計労務単価+必要経費(法定福利費の事業主負担額、労務管理費、宿舎費等)(試算値),2013-04,2013-04-01,mlit-roumu-h25,p16(横長の表) / p6(縦長の表),https://www.mlit.go.jp/common/000993048.pdf,PDL1.0,,
399f733db637cc0b,JP,labor,労務単価,トンネル世話役,所定労働時間内8時間あたり,人日,pref,21,岐阜県,,,,24600,JPY,labor_wage_8h,published_pdl,34600,原本の下段(括弧書き): 公共工事設計労務単価+必要経費(法定福利費の事業主負担額、労務管理費、宿舎費等)(試算値),2013-04,2013-04-01,mlit-roumu-h25,p17(横長の表) / p7(縦長の表),https://www.mlit.go.jp/common/000993048.pdf,PDL1.0,,
0ce8a86fc50f428a,JP,labor,労務単価,橋りょう特殊工,所定労働時間内8時間あたり,人日,pref,21,岐阜県,,,,22100,JPY,labor_wage_8h,published_pdl,31100,原本の下段(括弧書き): 公共工事設計労務単価+必要経費(法定福利費の事業主負担額、労務管理費、宿舎費等)(試算値),2013-04,2013-04-01,mlit-roumu-h25,p17(横長の表) / p7(縦長の表),https://www.mlit.go.jp/common/000993048.pdf,PDL1.0,,
d4c8bacae0640c4d,JP,labor,労務単価,橋りょう塗装工,所定労働時間内8時間あたり,人日,pref,21,岐阜県,,,,24000,JPY,labor_wage_8h,published_pdl,33700,原本の下段(括弧書き): 公共工事設計労務単価+必要経費(法定福利費の事業主負担額、労務管理費、宿舎費等)(試算値),2013-04,2013-04-01,mlit-roumu-h25,p17(横長の表) / p7(縦長の表),https://www.mlit.go.jp/common/000993048.pdf,PDL1.0,,
8c8883674caaa259,JP,labor,労務単価,橋りょう世話役,所定労働時間内8時間あたり,人日,pref,21,岐阜県,,,,24700,JPY,labor_wage_8h,published_pdl,34700,原本の下段(括弧書き): 公共工事設計労務単価+必要経費(法定福利費の事業主負担額、労務管理費、宿舎費等)(試算値),2013-04,2013-04-01,mlit-roumu-h25,p17(横長の表) / p7(縦長の表),https://www.mlit.go.jp/common/000993048.pdf,PDL1.0,,
50202e6dcec084a7,JP,labor,労務単価,土木一般世話役,所定労働時間内8時間あたり,人日,pref,21,岐阜県,,,,20600,JPY,labor_wage_8h,published_pdl,29000,原本の下段(括弧書き): 公共工事設計労務単価+必要経費(法定福利費の事業主負担額、労務管理費、宿舎費等)(試算値),2013-04,2013-04-01,mlit-roumu-h25,p17(横長の表) / p7(縦長の表),https://www.mlit.go.jp/common/000993048.pdf,PDL1.0,,
571c853e9d37217f,JP,labor,労務単価,高級船員,所定労働時間内8時間あたり,人日,pref,21,岐阜県,,,,23600,JPY,labor_wage_8h,published_pdl,33200,原本の下段(括弧書き): 公共工事設計労務単価+必要経費(法定福利費の事業主負担額、労務管理費、宿舎費等)(試算値),2013-04,2013-04-01,mlit-roumu-h25,p17(横長の表) / p7(縦長の表),https://www.mlit.go.jp/common/000993048.pdf,PDL1.0,,
15e988630f845077,JP,labor,労務単価,普通船員,所定労働時間内8時間あたり,人日,pref,21,岐阜県,,,,18900,JPY,labor_wage_8h,published_pdl,26600,原本の下段(括弧書き): 公共工事設計労務単価+必要経費(法定福利費の事業主負担額、労務管理費、宿舎費等)(試算値),2013-04,2013-04-01,mlit-roumu-h25,p17(横長の表) / p7(縦長の表),https://www.mlit.go.jp/common/000993048.pdf,PDL1.0,,
42d7547f80549c5f,JP,labor,労務単価,潜水士,所定労働時間内8時間あたり,人日,pref,21,岐阜県,,,,27900,JPY,labor_wage_8h,published_pdl,39200,原本の下段(括弧書き): 公共工事設計労務単価+必要経費(法定福利費の事業主負担額、労務管理費、宿舎費等)(試算値),2013-04,2013-04-01,mlit-roumu-h25,p17(横長の表) / p7(縦長の表),https://www.mlit.go.jp/common/000993048.pdf,PDL1.0,,
f1f79a9495549c23,JP,labor,労務単価,潜水連絡員,所定労働時間内8時間あたり,人日,pref,21,岐阜県,,,,18300,JPY,labor_wage_8h,published_pdl,25700,原本の下段(括弧書き): 公共工事設計労務単価+必要経費(法定福利費の事業主負担額、労務管理費、宿舎費等)(試算値),2013-04,2013-04-01,mlit-roumu-h25,p17(横長の表) / p7(縦長の表),https://www.mlit.go.jp/common/000993048.pdf,PDL1.0,,
eacdac0cde4663cb,JP,labor,労務単価,潜水送気員,所定労働時間内8時間あたり,人日,pref,21,岐阜県,,,,17900,JPY,labor_wage_8h,published_pdl,25200,原本の下段(括弧書き): 公共工事設計労務単価+必要経費(法定福利費の事業主負担額、労務管理費、宿舎費等)(試算値),2013-04,2013-04-01,mlit-roumu-h25,p17(横長の表) / p7(縦長の表),https://www.mlit.go.jp/common/000993048.pdf,PDL1.0,,
9cc9f2a92deb5cc1,JP,labor,労務単価,山林砂防工,所定労働時間内8時間あたり,人日,pref,21,岐阜県,,,,23600,JPY,labor_wage_8h,published_pdl,33200,原本の下段(括弧書き): 公共工事設計労務単価+必要経費(法定福利費の事業主負担額、労務管理費、宿舎費等)(試算値),2013-04,2013-04-01,mlit-roumu-h25,p17(横長の表) / p8(縦長の表),https://www.mlit.go.jp/common/000993048.pdf,PDL1.0,,
c5db7b7aa48461d4,JP,labor,労務単価,軌道工,所定労働時間内8時間あたり,人日,pref,21,岐阜県,,,,28700,JPY,labor_wage_8h,published_pdl,40400,原本の下段(括弧書き): 公共工事設計労務単価+必要経費(法定福利費の事業主負担額、労務管理費、宿舎費等)(試算値),2013-04,2013-04-01,mlit-roumu-h25,p17(横長の表) / p8(縦長の表),https://www.mlit.go.jp/common/000993048.pdf,PDL1.0,,
0f5e8f7f9be387d5,JP,labor,労務単価,型わく工,所定労働時間内8時間あたり,人日,pref,21,岐阜県,,,,19500,JPY,labor_wage_8h,published_pdl,27400,原本の下段(括弧書き): 公共工事設計労務単価+必要経費(法定福利費の事業主負担額、労務管理費、宿舎費等)(試算値),2013-04,2013-04-01,mlit-roumu-h25,p17(横長の表) / p8(縦長の表),https://www.mlit.go.jp/common/000993048.pdf,PDL1.0,,
56662209e7ffe83a,JP,labor,労務単価,大工,所定労働時間内8時間あたり,人日,pref,21,岐阜県,,,,19700,JPY,labor_wage_8h,published_pdl,27700,原本の下段(括弧書き): 公共工事設計労務単価+必要経費(法定福利費の事業主負担額、労務管理費、宿舎費等)(試算値),2013-04,2013-04-01,mlit-roumu-h25,p17(横長の表) / p8(縦長の表),https://www.mlit.go.jp/common/000993048.pdf,PDL1.0,,
e94606eda584f07e,JP,labor,労務単価,左官,所定労働時間内8時間あたり,人日,pref,21,岐阜県,,,,17700,JPY,labor_wage_8h,published_pdl,24900,原本の下段(括弧書き): 公共工事設計労務単価+必要経費(法定福利費の事業主負担額、労務管理費、宿舎費等)(試算値),2013-04,2013-04-01,mlit-roumu-h25,p17(横長の表) / p8(縦長の表),https://www.mlit.go.jp/common/000993048.pdf,PDL1.0,,
65d02c3392781681,JP,labor,労務単価,配管工,所定労働時間内8時間あたり,人日,pref,21,岐阜県,,,,18000,JPY,labor_wage_8h,published_pdl,25300,原本の下段(括弧書き): 公共工事設計労務単価+必要経費(法定福利費の事業主負担額、労務管理費、宿舎費等)(試算値),2013-04,2013-04-01,mlit-roumu-h25,p17(横長の表) / p8(縦長の表),https://www.mlit.go.jp/common/000993048.pdf,PDL1.0,,
3a5414f3875d073c,JP,labor,労務単価,はつり工,所定労働時間内8時間あたり,人日,pref,21,岐阜県,,,,18500,JPY,labor_wage_8h,published_pdl,26000,原本の下段(括弧書き): 公共工事設計労務単価+必要経費(法定福利費の事業主負担額、労務管理費、宿舎費等)(試算値),2013-04,2013-04-01,mlit-roumu-h25,p17(横長の表) / p8(縦長の表),https://www.mlit.go.jp/common/000993048.pdf,PDL1.0,,
f7da1cfcbdded300,JP,labor,労務単価,防水工,所定労働時間内8時間あたり,人日,pref,21,岐阜県,,,,18100,JPY,labor_wage_8h,published_pdl,25400,原本の下段(括弧書き): 公共工事設計労務単価+必要経費(法定福利費の事業主負担額、労務管理費、宿舎費等)(試算値),2013-04,2013-04-01,mlit-roumu-h25,p17(横長の表) / p8(縦長の表),https://www.mlit.go.jp/common/000993048.pdf,PDL1.0,,
afdba8109db20b37,JP,labor,労務単価,板金工,所定労働時間内8時間あたり,人日,pref,21,岐阜県,,,,18000,JPY,labor_wage_8h,published_pdl,25300,原本の下段(括弧書き): 公共工事設計労務単価+必要経費(法定福利費の事業主負担額、労務管理費、宿舎費等)(試算値),2013-04,2013-04-01,mlit-roumu-h25,p17(横長の表) / p8(縦長の表),https://www.mlit.go.jp/common/000993048.pdf,PDL1.0,,
f21c237fc3bd6803,JP,labor,労務単価,タイル工,所定労働時間内8時間あたり,人日,pref,21,岐阜県,,,,19800,JPY,labor_wage_8h,published_pdl,27800,原本の下段(括弧書き): 公共工事設計労務単価+必要経費(法定福利費の事業主負担額、労務管理費、宿舎費等)(試算値),2013-04,2013-04-01,mlit-roumu-h25,p17(横長の表) / p8(縦長の表),https://www.mlit.go.jp/common/000993048.pdf,PDL1.0,,
b67064e0e3d5e16e,JP,labor,労務単価,サッシ工,所定労働時間内8時間あたり,人日,pref,21,岐阜県,,,,18700,JPY,labor_wage_8h,published_pdl,26300,原本の下段(括弧書き): 公共工事設計労務単価+必要経費(法定福利費の事業主負担額、労務管理費、宿舎費等)(試算値),2013-04,2013-04-01,mlit-roumu-h25,p18(横長の表) / p9(縦長の表),https://www.mlit.go.jp/common/000993048.pdf,PDL1.0,,
814aeeb1a2c9f8e0,JP,labor,労務単価,内装工,所定労働時間内8時間あたり,人日,pref,21,岐阜県,,,,18500,JPY,labor_wage_8h,published_pdl,26000,原本の下段(括弧書き): 公共工事設計労務単価+必要経費(法定福利費の事業主負担額、労務管理費、宿舎費等)(試算値),2013-04,2013-04-01,mlit-roumu-h25,p18(横長の表) / p9(縦長の表),https://www.mlit.go.jp/common/000993048.pdf,PDL1.0,,
455da0dd6d5e7401,JP,labor,労務単価,ガラス工,所定労働時間内8時間あたり,人日,pref,21,岐阜県,,,,18100,JPY,labor_wage_8h,published_pdl,25400,原本の下段(括弧書き): 公共工事設計労務単価+必要経費(法定福利費の事業主負担額、労務管理費、宿舎費等)(試算値),2013-04,2013-04-01,mlit-roumu-h25,p18(横長の表) / p9(縦長の表),https://www.mlit.go.jp/common/000993048.pdf,PDL1.0,,
c0ad35c4676ae5b7,JP,labor,労務単価,建具工,所定労働時間内8時間あたり,人日,pref,21,岐阜県,,,,16400,JPY,labor_wage_8h,published_pdl,23100,原本の下段(括弧書き): 公共工事設計労務単価+必要経費(法定福利費の事業主負担額、労務管理費、宿舎費等)(試算値),2013-04,2013-04-01,mlit-roumu-h25,p18(横長の表) / p9(縦長の表),https://www.mlit.go.jp/common/000993048.pdf,PDL1.0,,
54e4cb2b328d602b,JP,labor,労務単価,ダクト工,所定労働時間内8時間あたり,人日,pref,21,岐阜県,,,,17200,JPY,labor_wage_8h,published_pdl,24200,原本の下段(括弧書き): 公共工事設計労務単価+必要経費(法定福利費の事業主負担額、労務管理費、宿舎費等)(試算値),2013-04,2013-04-01,mlit-roumu-h25,p18(横長の表) / p9(縦長の表),https://www.mlit.go.jp/common/000993048.pdf,PDL1.0,,
c8fafb506340685a,JP,labor,労務単価,保温工,所定労働時間内8時間あたり,人日,pref,21,岐阜県,,,,18200,JPY,labor_wage_8h,published_pdl,25600,原本の下段(括弧書き): 公共工事設計労務単価+必要経費(法定福利費の事業主負担額、労務管理費、宿舎費等)(試算値),2013-04,2013-04-01,mlit-roumu-h25,p18(横長の表) / p9(縦長の表),https://www.mlit.go.jp/common/000993048.pdf,PDL1.0,,
ffe7a05a95ecfe02,JP,labor,労務単価,建築ブロック工,所定労働時間内8時間あたり,人日,pref,21,岐阜県,,,,22700,JPY,labor_wage_8h,published_pdl,31900,原本の下段(括弧書き): 公共工事設計労務単価+必要経費(法定福利費の事業主負担額、労務管理費、宿舎費等)(試算値),2013-04,2013-04-01,mlit-roumu-h25,p18(横長の表) / p9(縦長の表),https://www.mlit.go.jp/common/000993048.pdf,PDL1.0,,
dd4255a03b8a22ac,JP,labor,労務単価,設備機械工,所定労働時間内8時間あたり,人日,pref,21,岐阜県,,,,19200,JPY,labor_wage_8h,published_pdl,27000,原本の下段(括弧書き): 公共工事設計労務単価+必要経費(法定福利費の事業主負担額、労務管理費、宿舎費等)(試算値),2013-04,2013-04-01,mlit-roumu-h25,p18(横長の表) / p9(縦長の表),https://www.mlit.go.jp/common/000993048.pdf,PDL1.0,,
baee9b77882a6945,JP,labor,労務単価,交通誘導員Ａ,所定労働時間内8時間あたり,人日,pref,21,岐阜県,,,,10000,JPY,labor_wage_8h,published_pdl,14100,原本の下段(括弧書き): 公共工事設計労務単価+必要経費(法定福利費の事業主負担額、労務管理費、宿舎費等)(試算値),2013-04,2013-04-01,mlit-roumu-h25,p18(横長の表) / p9(縦長の表),https://www.mlit.go.jp/common/000993048.pdf,PDL1.0,,
31251421fc767dc1,JP,labor,労務単価,交通誘導員Ｂ,所定労働時間内8時間あたり,人日,pref,21,岐阜県,,,,9300,JPY,labor_wage_8h,published_pdl,13100,原本の下段(括弧書き): 公共工事設計労務単価+必要経費(法定福利費の事業主負担額、労務管理費、宿舎費等)(試算値),2013-04,2013-04-01,mlit-roumu-h25,p18(横長の表) / p9(縦長の表),https://www.mlit.go.jp/common/000993048.pdf,PDL1.0,,
fdd9962e2f8aff51,JP,labor,労務単価,特殊作業員,所定労働時間内8時間あたり,人日,pref,22,静岡県,,,,17900,JPY,labor_wage_8h,published_pdl,25200,原本の下段(括弧書き): 公共工事設計労務単価+必要経費(法定福利費の事業主負担額、労務管理費、宿舎費等)(試算値),2013-04,2013-04-01,mlit-roumu-h25,p16(横長の表) / p5(縦長の表),https://www.mlit.go.jp/common/000993048.pdf,PDL1.0,,
6f0432a055769ce4,JP,labor,労務単価,普通作業員,所定労働時間内8時間あたり,人日,pref,22,静岡県,,,,15900,JPY,labor_wage_8h,published_pdl,22400,原本の下段(括弧書き): 公共工事設計労務単価+必要経費(法定福利費の事業主負担額、労務管理費、宿舎費等)(試算値),2013-04,2013-04-01,mlit-roumu-h25,p16(横長の表) / p5(縦長の表),https://www.mlit.go.jp/common/000993048.pdf,PDL1.0,,
e50259f6a966d49a,JP,labor,労務単価,軽作業員,所定労働時間内8時間あたり,人日,pref,22,静岡県,,,,10900,JPY,labor_wage_8h,published_pdl,15300,原本の下段(括弧書き): 公共工事設計労務単価+必要経費(法定福利費の事業主負担額、労務管理費、宿舎費等)(試算値),2013-04,2013-04-01,mlit-roumu-h25,p16(横長の表) / p5(縦長の表),https://www.mlit.go.jp/common/000993048.pdf,PDL1.0,,
b2e84a137ff607cc,JP,labor,労務単価,造園工,所定労働時間内8時間あたり,人日,pref,22,静岡県,,,,17500,JPY,labor_wage_8h,published_pdl,24600,原本の下段(括弧書き): 公共工事設計労務単価+必要経費(法定福利費の事業主負担額、労務管理費、宿舎費等)(試算値),2013-04,2013-04-01,mlit-roumu-h25,p16(横長の表) / p5(縦長の表),https://www.mlit.go.jp/common/000993048.pdf,PDL1.0,,
6df13432f21d2254,JP,labor,労務単価,法面工,所定労働時間内8時間あたり,人日,pref,22,静岡県,,,,18500,JPY,labor_wage_8h,published_pdl,26000,原本の下段(括弧書き): 公共工事設計労務単価+必要経費(法定福利費の事業主負担額、労務管理費、宿舎費等)(試算値),2013-04,2013-04-01,mlit-roumu-h25,p16(横長の表) / p5(縦長の表),https://www.mlit.go.jp/common/000993048.pdf,PDL1.0,,
7308b87b02a79811,JP,labor,労務単価,とび工,所定労働時間内8時間あたり,人日,pref,22,静岡県,,,,18600,JPY,labor_wage_8h,published_pdl,26200,原本の下段(括弧書き): 公共工事設計労務単価+必要経費(法定福利費の事業主負担額、労務管理費、宿舎費等)(試算値),2013-04,2013-04-01,mlit-roumu-h25,p16(横長の表) / p5(縦長の表),https://www.mlit.go.jp/common/000993048.pdf,PDL1.0,,
685d5c7ebe163282,JP,labor,労務単価,石工,所定労働時間内8時間あたり,人日,pref,22,静岡県,,,,23500,JPY,labor_wage_8h,published_pdl,33000,原本の下段(括弧書き): 公共工事設計労務単価+必要経費(法定福利費の事業主負担額、労務管理費、宿舎費等)(試算値),2013-04,2013-04-01,mlit-roumu-h25,p16(横長の表) / p5(縦長の表),https://www.mlit.go.jp/common/000993048.pdf,PDL1.0,,
5e45f84b99d91c25,JP,labor,労務単価,ブロック工,所定労働時間内8時間あたり,人日,pref,22,静岡県,,,,24000,JPY,labor_wage_8h,published_pdl,33700,原本の下段(括弧書き): 公共工事設計労務単価+必要経費(法定福利費の事業主負担額、労務管理費、宿舎費等)(試算値),2013-04,2013-04-01,mlit-roumu-h25,p16(横長の表) / p5(縦長の表),https://www.mlit.go.jp/common/000993048.pdf,PDL1.0,,
8b520060f9e03ab8,JP,labor,労務単価,電工,所定労働時間内8時間あたり,人日,pref,22,静岡県,,,,18900,JPY,labor_wage_8h,published_pdl,26600,原本の下段(括弧書き): 公共工事設計労務単価+必要経費(法定福利費の事業主負担額、労務管理費、宿舎費等)(試算値),2013-04,2013-04-01,mlit-roumu-h25,p16(横長の表) / p5(縦長の表),https://www.mlit.go.jp/common/000993048.pdf,PDL1.0,,
ab33e16dbd39d719,JP,labor,労務単価,鉄筋工,所定労働時間内8時間あたり,人日,pref,22,静岡県,,,,18800,JPY,labor_wage_8h,published_pdl,26400,原本の下段(括弧書き): 公共工事設計労務単価+必要経費(法定福利費の事業主負担額、労務管理費、宿舎費等)(試算値),2013-04,2013-04-01,mlit-roumu-h25,p16(横長の表) / p5(縦長の表),https://www.mlit.go.jp/common/000993048.pdf,PDL1.0,,
1d09fa1a1cf1bb5b,JP,labor,労務単価,鉄骨工,所定労働時間内8時間あたり,人日,pref,22,静岡県,,,,18900,JPY,labor_wage_8h,published_pdl,26600,原本の下段(括弧書き): 公共工事設計労務単価+必要経費(法定福利費の事業主負担額、労務管理費、宿舎費等)(試算値),2013-04,2013-04-01,mlit-roumu-h25,p16(横長の表) / p6(縦長の表),https://www.mlit.go.jp/common/000993048.pdf,PDL1.0,,
6066ec5e4ff15023,JP,labor,労務単価,塗装工,所定労働時間内8時間あたり,人日,pref,22,静岡県,,,,19700,JPY,labor_wage_8h,published_pdl,27700,原本の下段(括弧書き): 公共工事設計労務単価+必要経費(法定福利費の事業主負担額、労務管理費、宿舎費等)(試算値),2013-04,2013-04-01,mlit-roumu-h25,p16(横長の表) / p6(縦長の表),https://www.mlit.go.jp/common/000993048.pdf,PDL1.0,,
af003e05cbc4d689,JP,labor,労務単価,溶接工,所定労働時間内8時間あたり,人日,pref,22,静岡県,,,,22100,JPY,labor_wage_8h,published_pdl,31100,原本の下段(括弧書き): 公共工事設計労務単価+必要経費(法定福利費の事業主負担額、労務管理費、宿舎費等)(試算値),2013-04,2013-04-01,mlit-roumu-h25,p16(横長の表) / p6(縦長の表),https://www.mlit.go.jp/common/000993048.pdf,PDL1.0,,
df2d56aadac3dc30,JP,labor,労務単価,運転手（特殊）,所定労働時間内8時間あたり,人日,pref,22,静岡県,,,,18400,JPY,labor_wage_8h,published_pdl,25900,原本の下段(括弧書き): 公共工事設計労務単価+必要経費(法定福利費の事業主負担額、労務管理費、宿舎費等)(試算値),2013-04,2013-04-01,mlit-roumu-h25,p16(横長の表) / p6(縦長の表),https://www.mlit.go.jp/common/000993048.pdf,PDL1.0,,
ae0e038f9a1d7536,JP,labor,労務単価,運転手（一般）,所定労働時間内8時間あたり,人日,pref,22,静岡県,,,,15900,JPY,labor_wage_8h,published_pdl,22400,原本の下段(括弧書き): 公共工事設計労務単価+必要経費(法定福利費の事業主負担額、労務管理費、宿舎費等)(試算値),2013-04,2013-04-01,mlit-roumu-h25,p16(横長の表) / p6(縦長の表),https://www.mlit.go.jp/common/000993048.pdf,PDL1.0,,
85a3e263f37c08b1,JP,labor,労務単価,潜かん工,所定労働時間内8時間あたり,人日,pref,22,静岡県,,,,23900,JPY,labor_wage_8h,published_pdl,33600,原本の下段(括弧書き): 公共工事設計労務単価+必要経費(法定福利費の事業主負担額、労務管理費、宿舎費等)(試算値),2013-04,2013-04-01,mlit-roumu-h25,p16(横長の表) / p6(縦長の表),https://www.mlit.go.jp/common/000993048.pdf,PDL1.0,,
33279deeb56864b6,JP,labor,労務単価,潜かん世話役,所定労働時間内8時間あたり,人日,pref,22,静岡県,,,,28300,JPY,labor_wage_8h,published_pdl,39800,原本の下段(括弧書き): 公共工事設計労務単価+必要経費(法定福利費の事業主負担額、労務管理費、宿舎費等)(試算値),2013-04,2013-04-01,mlit-roumu-h25,p16(横長の表) / p6(縦長の表),https://www.mlit.go.jp/common/000993048.pdf,PDL1.0,,
c84319a8dd011fdd,JP,labor,労務単価,さく岩工,所定労働時間内8時間あたり,人日,pref,22,静岡県,,,,20600,JPY,labor_wage_8h,published_pdl,29000,原本の下段(括弧書き): 公共工事設計労務単価+必要経費(法定福利費の事業主負担額、労務管理費、宿舎費等)(試算値),2013-04,2013-04-01,mlit-roumu-h25,p16(横長の表) / p6(縦長の表),https://www.mlit.go.jp/common/000993048.pdf,PDL1.0,,
c701fc1118ab7d1b,JP,labor,労務単価,トンネル特殊工,所定労働時間内8時間あたり,人日,pref,22,静岡県,,,,24000,JPY,labor_wage_8h,published_pdl,33700,原本の下段(括弧書き): 公共工事設計労務単価+必要経費(法定福利費の事業主負担額、労務管理費、宿舎費等)(試算値),2013-04,2013-04-01,mlit-roumu-h25,p16(横長の表) / p6(縦長の表),https://www.mlit.go.jp/common/000993048.pdf,PDL1.0,,
f3c6840420fa33f0,JP,labor,労務単価,トンネル作業員,所定労働時間内8時間あたり,人日,pref,22,静岡県,,,,18800,JPY,labor_wage_8h,published_pdl,26400,原本の下段(括弧書き): 公共工事設計労務単価+必要経費(法定福利費の事業主負担額、労務管理費、宿舎費等)(試算値),2013-04,2013-04-01,mlit-roumu-h25,p16(横長の表) / p6(縦長の表),https://www.mlit.go.jp/common/000993048.pdf,PDL1.0,,
7e7978f5b9639987,JP,labor,労務単価,トンネル世話役,所定労働時間内8時間あたり,人日,pref,22,静岡県,,,,24600,JPY,labor_wage_8h,published_pdl,34600,原本の下段(括弧書き): 公共工事設計労務単価+必要経費(法定福利費の事業主負担額、労務管理費、宿舎費等)(試算値),2013-04,2013-04-01,mlit-roumu-h25,p17(横長の表) / p7(縦長の表),https://www.mlit.go.jp/common/000993048.pdf,PDL1.0,,
a5bffee81d58efd5,JP,labor,労務単価,橋りょう特殊工,所定労働時間内8時間あたり,人日,pref,22,静岡県,,,,22100,JPY,labor_wage_8h,published_pdl,31100,原本の下段(括弧書き): 公共工事設計労務単価+必要経費(法定福利費の事業主負担額、労務管理費、宿舎費等)(試算値),2013-04,2013-04-01,mlit-roumu-h25,p17(横長の表) / p7(縦長の表),https://www.mlit.go.jp/common/000993048.pdf,PDL1.0,,
fd119fca1fe6ff40,JP,labor,労務単価,橋りょう塗装工,所定労働時間内8時間あたり,人日,pref,22,静岡県,,,,24000,JPY,labor_wage_8h,published_pdl,33700,原本の下段(括弧書き): 公共工事設計労務単価+必要経費(法定福利費の事業主負担額、労務管理費、宿舎費等)(試算値),2013-04,2013-04-01,mlit-roumu-h25,p17(横長の表) / p7(縦長の表),https://www.mlit.go.jp/common/000993048.pdf,PDL1.0,,
fd3e8228e8cef613,JP,labor,労務単価,橋りょう世話役,所定労働時間内8時間あたり,人日,pref,22,静岡県,,,,25200,JPY,labor_wage_8h,published_pdl,35400,原本の下段(括弧書き): 公共工事設計労務単価+必要経費(法定福利費の事業主負担額、労務管理費、宿舎費等)(試算値),2013-04,2013-04-01,mlit-roumu-h25,p17(横長の表) / p7(縦長の表),https://www.mlit.go.jp/common/000993048.pdf,PDL1.0,,
940f6f62f1e3bae6,JP,labor,労務単価,土木一般世話役,所定労働時間内8時間あたり,人日,pref,22,静岡県,,,,20900,JPY,labor_wage_8h,published_pdl,29400,原本の下段(括弧書き): 公共工事設計労務単価+必要経費(法定福利費の事業主負担額、労務管理費、宿舎費等)(試算値),2013-04,2013-04-01,mlit-roumu-h25,p17(横長の表) / p7(縦長の表),https://www.mlit.go.jp/common/000993048.pdf,PDL1.0,,
084e949f1537e7b6,JP,labor,労務単価,高級船員,所定労働時間内8時間あたり,人日,pref,22,静岡県,,,,23600,JPY,labor_wage_8h,published_pdl,33200,原本の下段(括弧書き): 公共工事設計労務単価+必要経費(法定福利費の事業主負担額、労務管理費、宿舎費等)(試算値),2013-04,2013-04-01,mlit-roumu-h25,p17(横長の表) / p7(縦長の表),https://www.mlit.go.jp/common/000993048.pdf,PDL1.0,,
472cda7502d07bc9,JP,labor,労務単価,普通船員,所定労働時間内8時間あたり,人日,pref,22,静岡県,,,,18900,JPY,labor_wage_8h,published_pdl,26600,原本の下段(括弧書き): 公共工事設計労務単価+必要経費(法定福利費の事業主負担額、労務管理費、宿舎費等)(試算値),2013-04,2013-04-01,mlit-roumu-h25,p17(横長の表) / p7(縦長の表),https://www.mlit.go.jp/common/000993048.pdf,PDL1.0,,
38d9755fffe1fb8d,JP,labor,労務単価,潜水士,所定労働時間内8時間あたり,人日,pref,22,静岡県,,,,32100,JPY,labor_wage_8h,published_pdl,45100,原本の下段(括弧書き): 公共工事設計労務単価+必要経費(法定福利費の事業主負担額、労務管理費、宿舎費等)(試算値),2013-04,2013-04-01,mlit-roumu-h25,p17(横長の表) / p7(縦長の表),https://www.mlit.go.jp/common/000993048.pdf,PDL1.0,,
8538059eea95012d,JP,labor,労務単価,潜水連絡員,所定労働時間内8時間あたり,人日,pref,22,静岡県,,,,19900,JPY,labor_wage_8h,published_pdl,28000,原本の下段(括弧書き): 公共工事設計労務単価+必要経費(法定福利費の事業主負担額、労務管理費、宿舎費等)(試算値),2013-04,2013-04-01,mlit-roumu-h25,p17(横長の表) / p7(縦長の表),https://www.mlit.go.jp/common/000993048.pdf,PDL1.0,,
50021306e5ef9361,JP,labor,労務単価,潜水送気員,所定労働時間内8時間あたり,人日,pref,22,静岡県,,,,20600,JPY,labor_wage_8h,published_pdl,29000,原本の下段(括弧書き): 公共工事設計労務単価+必要経費(法定福利費の事業主負担額、労務管理費、宿舎費等)(試算値),2013-04,2013-04-01,mlit-roumu-h25,p17(横長の表) / p7(縦長の表),https://www.mlit.go.jp/common/000993048.pdf,PDL1.0,,
0d8aa55c3db85f4b,JP,labor,労務単価,山林砂防工,所定労働時間内8時間あたり,人日,pref,22,静岡県,,,,23600,JPY,labor_wage_8h,published_pdl,33200,原本の下段(括弧書き): 公共工事設計労務単価+必要経費(法定福利費の事業主負担額、労務管理費、宿舎費等)(試算値),2013-04,2013-04-01,mlit-roumu-h25,p17(横長の表) / p8(縦長の表),https://www.mlit.go.jp/common/000993048.pdf,PDL1.0,,
00d2353e099cf4c6,JP,labor,労務単価,軌道工,所定労働時間内8時間あたり,人日,pref,22,静岡県,,,,31000,JPY,labor_wage_8h,published_pdl,43600,原本の下段(括弧書き): 公共工事設計労務単価+必要経費(法定福利費の事業主負担額、労務管理費、宿舎費等)(試算値),2013-04,2013-04-01,mlit-roumu-h25,p17(横長の表) / p8(縦長の表),https://www.mlit.go.jp/common/000993048.pdf,PDL1.0,,
668230e224b426ee,JP,labor,労務単価,型わく工,所定労働時間内8時間あたり,人日,pref,22,静岡県,,,,18600,JPY,labor_wage_8h,published_pdl,26200,原本の下段(括弧書き): 公共工事設計労務単価+必要経費(法定福利費の事業主負担額、労務管理費、宿舎費等)(試算値),2013-04,2013-04-01,mlit-roumu-h25,p17(横長の表) / p8(縦長の表),https://www.mlit.go.jp/common/000993048.pdf,PDL1.0,,
6d23868c03cbb4dd,JP,labor,労務単価,大工,所定労働時間内8時間あたり,人日,pref,22,静岡県,,,,21400,JPY,labor_wage_8h,published_pdl,30100,原本の下段(括弧書き): 公共工事設計労務単価+必要経費(法定福利費の事業主負担額、労務管理費、宿舎費等)(試算値),2013-04,2013-04-01,mlit-roumu-h25,p17(横長の表) / p8(縦長の表),https://www.mlit.go.jp/common/000993048.pdf,PDL1.0,,
96761286bd45047e,JP,labor,労務単価,左官,所定労働時間内8時間あたり,人日,pref,22,静岡県,,,,18900,JPY,labor_wage_8h,published_pdl,26600,原本の下段(括弧書き): 公共工事設計労務単価+必要経費(法定福利費の事業主負担額、労務管理費、宿舎費等)(試算値),2013-04,2013-04-01,mlit-roumu-h25,p17(横長の表) / p8(縦長の表),https://www.mlit.go.jp/common/000993048.pdf,PDL1.0,,
9a5b52474ed4178a,JP,labor,労務単価,配管工,所定労働時間内8時間あたり,人日,pref,22,静岡県,,,,18100,JPY,labor_wage_8h,published_pdl,25400,原本の下段(括弧書き): 公共工事設計労務単価+必要経費(法定福利費の事業主負担額、労務管理費、宿舎費等)(試算値),2013-04,2013-04-01,mlit-roumu-h25,p17(横長の表) / p8(縦長の表),https://www.mlit.go.jp/common/000993048.pdf,PDL1.0,,
2f2e259e285c8172,JP,labor,労務単価,はつり工,所定労働時間内8時間あたり,人日,pref,22,静岡県,,,,19200,JPY,labor_wage_8h,published_pdl,27000,原本の下段(括弧書き): 公共工事設計労務単価+必要経費(法定福利費の事業主負担額、労務管理費、宿舎費等)(試算値),2013-04,2013-04-01,mlit-roumu-h25,p17(横長の表) / p8(縦長の表),https://www.mlit.go.jp/common/000993048.pdf,PDL1.0,,
6d23e45487754a5d,JP,labor,労務単価,防水工,所定労働時間内8時間あたり,人日,pref,22,静岡県,,,,20000,JPY,labor_wage_8h,published_pdl,28100,原本の下段(括弧書き): 公共工事設計労務単価+必要経費(法定福利費の事業主負担額、労務管理費、宿舎費等)(試算値),2013-04,2013-04-01,mlit-roumu-h25,p17(横長の表) / p8(縦長の表),https://www.mlit.go.jp/common/000993048.pdf,PDL1.0,,
c84b3b73d8158c76,JP,labor,労務単価,板金工,所定労働時間内8時間あたり,人日,pref,22,静岡県,,,,18300,JPY,labor_wage_8h,published_pdl,25700,原本の下段(括弧書き): 公共工事設計労務単価+必要経費(法定福利費の事業主負担額、労務管理費、宿舎費等)(試算値),2013-04,2013-04-01,mlit-roumu-h25,p17(横長の表) / p8(縦長の表),https://www.mlit.go.jp/common/000993048.pdf,PDL1.0,,
649aedf9fda4b2b1,JP,labor,労務単価,タイル工,所定労働時間内8時間あたり,人日,pref,22,静岡県,,,,20100,JPY,labor_wage_8h,published_pdl,28300,原本の下段(括弧書き): 公共工事設計労務単価+必要経費(法定福利費の事業主負担額、労務管理費、宿舎費等)(試算値),2013-04,2013-04-01,mlit-roumu-h25,p17(横長の表) / p8(縦長の表),https://www.mlit.go.jp/common/000993048.pdf,PDL1.0,,
abe6438ec4a9271c,JP,labor,労務単価,サッシ工,所定労働時間内8時間あたり,人日,pref,22,静岡県,,,,18500,JPY,labor_wage_8h,published_pdl,26000,原本の下段(括弧書き): 公共工事設計労務単価+必要経費(法定福利費の事業主負担額、労務管理費、宿舎費等)(試算値),2013-04,2013-04-01,mlit-roumu-h25,p18(横長の表) / p9(縦長の表),https://www.mlit.go.jp/common/000993048.pdf,PDL1.0,,
4707730926dd0865,JP,labor,労務単価,内装工,所定労働時間内8時間あたり,人日,pref,22,静岡県,,,,21300,JPY,labor_wage_8h,published_pdl,29900,原本の下段(括弧書き): 公共工事設計労務単価+必要経費(法定福利費の事業主負担額、労務管理費、宿舎費等)(試算値),2013-04,2013-04-01,mlit-roumu-h25,p18(横長の表) / p9(縦長の表),https://www.mlit.go.jp/common/000993048.pdf,PDL1.0,,
00a13d3eb3023036,JP,labor,労務単価,ガラス工,所定労働時間内8時間あたり,人日,pref,22,静岡県,,,,18100,JPY,labor_wage_8h,published_pdl,25400,原本の下段(括弧書き): 公共工事設計労務単価+必要経費(法定福利費の事業主負担額、労務管理費、宿舎費等)(試算値),2013-04,2013-04-01,mlit-roumu-h25,p18(横長の表) / p9(縦長の表),https://www.mlit.go.jp/common/000993048.pdf,PDL1.0,,
404eb06d803bb263,JP,labor,労務単価,建具工,所定労働時間内8時間あたり,人日,pref,22,静岡県,,,,17700,JPY,labor_wage_8h,published_pdl,24900,原本の下段(括弧書き): 公共工事設計労務単価+必要経費(法定福利費の事業主負担額、労務管理費、宿舎費等)(試算値),2013-04,2013-04-01,mlit-roumu-h25,p18(横長の表) / p9(縦長の表),https://www.mlit.go.jp/common/000993048.pdf,PDL1.0,,
73efa454c0bc9ba7,JP,labor,労務単価,ダクト工,所定労働時間内8時間あたり,人日,pref,22,静岡県,,,,17500,JPY,labor_wage_8h,published_pdl,24600,原本の下段(括弧書き): 公共工事設計労務単価+必要経費(法定福利費の事業主負担額、労務管理費、宿舎費等)(試算値),2013-04,2013-04-01,mlit-roumu-h25,p18(横長の表) / p9(縦長の表),https://www.mlit.go.jp/common/000993048.pdf,PDL1.0,,
cefc807eb5b71afb,JP,labor,労務単価,保温工,所定労働時間内8時間あたり,人日,pref,22,静岡県,,,,18200,JPY,labor_wage_8h,published_pdl,25600,原本の下段(括弧書き): 公共工事設計労務単価+必要経費(法定福利費の事業主負担額、労務管理費、宿舎費等)(試算値),2013-04,2013-04-01,mlit-roumu-h25,p18(横長の表) / p9(縦長の表),https://www.mlit.go.jp/common/000993048.pdf,PDL1.0,,
76d879cf0071320a,JP,labor,労務単価,建築ブロック工,所定労働時間内8時間あたり,人日,pref,22,静岡県,,,,22700,JPY,labor_wage_8h,published_pdl,31900,原本の下段(括弧書き): 公共工事設計労務単価+必要経費(法定福利費の事業主負担額、労務管理費、宿舎費等)(試算値),2013-04,2013-04-01,mlit-roumu-h25,p18(横長の表) / p9(縦長の表),https://www.mlit.go.jp/common/000993048.pdf,PDL1.0,,
bb7a36fa099f24bb,JP,labor,労務単価,設備機械工,所定労働時間内8時間あたり,人日,pref,22,静岡県,,,,20300,JPY,labor_wage_8h,published_pdl,28500,原本の下段(括弧書き): 公共工事設計労務単価+必要経費(法定福利費の事業主負担額、労務管理費、宿舎費等)(試算値),2013-04,2013-04-01,mlit-roumu-h25,p18(横長の表) / p9(縦長の表),https://www.mlit.go.jp/common/000993048.pdf,PDL1.0,,
5bfa8566ce10f96c,JP,labor,労務単価,交通誘導員Ａ,所定労働時間内8時間あたり,人日,pref,22,静岡県,,,,10400,JPY,labor_wage_8h,published_pdl,14600,原本の下段(括弧書き): 公共工事設計労務単価+必要経費(法定福利費の事業主負担額、労務管理費、宿舎費等)(試算値),2013-04,2013-04-01,mlit-roumu-h25,p18(横長の表) / p9(縦長の表),https://www.mlit.go.jp/common/000993048.pdf,PDL1.0,,
28a1677d784cb2c2,JP,labor,労務単価,交通誘導員Ｂ,所定労働時間内8時間あたり,人日,pref,22,静岡県,,,,9200,JPY,labor_wage_8h,published_pdl,12900,原本の下段(括弧書き): 公共工事設計労務単価+必要経費(法定福利費の事業主負担額、労務管理費、宿舎費等)(試算値),2013-04,2013-04-01,mlit-roumu-h25,p18(横長の表) / p9(縦長の表),https://www.mlit.go.jp/common/000993048.pdf,PDL1.0,,
7314325c86e3ebcb,JP,labor,労務単価,特殊作業員,所定労働時間内8時間あたり,人日,pref,23,愛知県,,,,18800,JPY,labor_wage_8h,published_pdl,26400,原本の下段(括弧書き): 公共工事設計労務単価+必要経費(法定福利費の事業主負担額、労務管理費、宿舎費等)(試算値),2013-04,2013-04-01,mlit-roumu-h25,p16(横長の表) / p5(縦長の表),https://www.mlit.go.jp/common/000993048.pdf,PDL1.0,,
835616776a014eae,JP,labor,労務単価,普通作業員,所定労働時間内8時間あたり,人日,pref,23,愛知県,,,,16100,JPY,labor_wage_8h,published_pdl,22600,原本の下段(括弧書き): 公共工事設計労務単価+必要経費(法定福利費の事業主負担額、労務管理費、宿舎費等)(試算値),2013-04,2013-04-01,mlit-roumu-h25,p16(横長の表) / p5(縦長の表),https://www.mlit.go.jp/common/000993048.pdf,PDL1.0,,
bdc3d7754c8e05bc,JP,labor,労務単価,軽作業員,所定労働時間内8時間あたり,人日,pref,23,愛知県,,,,12300,JPY,labor_wage_8h,published_pdl,17300,原本の下段(括弧書き): 公共工事設計労務単価+必要経費(法定福利費の事業主負担額、労務管理費、宿舎費等)(試算値),2013-04,2013-04-01,mlit-roumu-h25,p16(横長の表) / p5(縦長の表),https://www.mlit.go.jp/common/000993048.pdf,PDL1.0,,
a71bd9035ac5d014,JP,labor,労務単価,造園工,所定労働時間内8時間あたり,人日,pref,23,愛知県,,,,17600,JPY,labor_wage_8h,published_pdl,24700,原本の下段(括弧書き): 公共工事設計労務単価+必要経費(法定福利費の事業主負担額、労務管理費、宿舎費等)(試算値),2013-04,2013-04-01,mlit-roumu-h25,p16(横長の表) / p5(縦長の表),https://www.mlit.go.jp/common/000993048.pdf,PDL1.0,,
5b59bfb11c38e9c1,JP,labor,労務単価,法面工,所定労働時間内8時間あたり,人日,pref,23,愛知県,,,,18900,JPY,labor_wage_8h,published_pdl,26600,原本の下段(括弧書き): 公共工事設計労務単価+必要経費(法定福利費の事業主負担額、労務管理費、宿舎費等)(試算値),2013-04,2013-04-01,mlit-roumu-h25,p16(横長の表) / p5(縦長の表),https://www.mlit.go.jp/common/000993048.pdf,PDL1.0,,
79e8f1bd897f17d2,JP,labor,労務単価,とび工,所定労働時間内8時間あたり,人日,pref,23,愛知県,,,,19700,JPY,labor_wage_8h,published_pdl,27700,原本の下段(括弧書き): 公共工事設計労務単価+必要経費(法定福利費の事業主負担額、労務管理費、宿舎費等)(試算値),2013-04,2013-04-01,mlit-roumu-h25,p16(横長の表) / p5(縦長の表),https://www.mlit.go.jp/common/000993048.pdf,PDL1.0,,
5109d7d65349161c,JP,labor,労務単価,石工,所定労働時間内8時間あたり,人日,pref,23,愛知県,,,,24800,JPY,labor_wage_8h,published_pdl,34900,原本の下段(括弧書き): 公共工事設計労務単価+必要経費(法定福利費の事業主負担額、労務管理費、宿舎費等)(試算値),2013-04,2013-04-01,mlit-roumu-h25,p16(横長の表) / p5(縦長の表),https://www.mlit.go.jp/common/000993048.pdf,PDL1.0,,
a376287b63a19cc0,JP,labor,労務単価,ブロック工,所定労働時間内8時間あたり,人日,pref,23,愛知県,,,,24000,JPY,labor_wage_8h,published_pdl,33700,原本の下段(括弧書き): 公共工事設計労務単価+必要経費(法定福利費の事業主負担額、労務管理費、宿舎費等)(試算値),2013-04,2013-04-01,mlit-roumu-h25,p16(横長の表) / p5(縦長の表),https://www.mlit.go.jp/common/000993048.pdf,PDL1.0,,
5384f9c801482687,JP,labor,労務単価,電工,所定労働時間内8時間あたり,人日,pref,23,愛知県,,,,18500,JPY,labor_wage_8h,published_pdl,26000,原本の下段(括弧書き): 公共工事設計労務単価+必要経費(法定福利費の事業主負担額、労務管理費、宿舎費等)(試算値),2013-04,2013-04-01,mlit-roumu-h25,p16(横長の表) / p5(縦長の表),https://www.mlit.go.jp/common/000993048.pdf,PDL1.0,,
98193dee282968b2,JP,labor,労務単価,鉄筋工,所定労働時間内8時間あたり,人日,pref,23,愛知県,,,,18400,JPY,labor_wage_8h,published_pdl,25900,原本の下段(括弧書き): 公共工事設計労務単価+必要経費(法定福利費の事業主負担額、労務管理費、宿舎費等)(試算値),2013-04,2013-04-01,mlit-roumu-h25,p16(横長の表) / p5(縦長の表),https://www.mlit.go.jp/common/000993048.pdf,PDL1.0,,
8b6e7e995da7550b,JP,labor,労務単価,鉄骨工,所定労働時間内8時間あたり,人日,pref,23,愛知県,,,,18600,JPY,labor_wage_8h,published_pdl,26200,原本の下段(括弧書き): 公共工事設計労務単価+必要経費(法定福利費の事業主負担額、労務管理費、宿舎費等)(試算値),2013-04,2013-04-01,mlit-roumu-h25,p16(横長の表) / p6(縦長の表),https://www.mlit.go.jp/common/000993048.pdf,PDL1.0,,
0ce6b28e8efb5fea,JP,labor,労務単価,塗装工,所定労働時間内8時間あたり,人日,pref,23,愛知県,,,,19300,JPY,labor_wage_8h,published_pdl,27100,原本の下段(括弧書き): 公共工事設計労務単価+必要経費(法定福利費の事業主負担額、労務管理費、宿舎費等)(試算値),2013-04,2013-04-01,mlit-roumu-h25,p16(横長の表) / p6(縦長の表),https://www.mlit.go.jp/common/000993048.pdf,PDL1.0,,
b4162e21b5a54f0f,JP,labor,労務単価,溶接工,所定労働時間内8時間あたり,人日,pref,23,愛知県,,,,21500,JPY,labor_wage_8h,published_pdl,30200,原本の下段(括弧書き): 公共工事設計労務単価+必要経費(法定福利費の事業主負担額、労務管理費、宿舎費等)(試算値),2013-04,2013-04-01,mlit-roumu-h25,p16(横長の表) / p6(縦長の表),https://www.mlit.go.jp/common/000993048.pdf,PDL1.0,,
2867900e8b50c23c,JP,labor,労務単価,運転手（特殊）,所定労働時間内8時間あたり,人日,pref,23,愛知県,,,,18600,JPY,labor_wage_8h,published_pdl,26200,原本の下段(括弧書き): 公共工事設計労務単価+必要経費(法定福利費の事業主負担額、労務管理費、宿舎費等)(試算値),2013-04,2013-04-01,mlit-roumu-h25,p16(横長の表) / p6(縦長の表),https://www.mlit.go.jp/common/000993048.pdf,PDL1.0,,
8b60504e3de36378,JP,labor,労務単価,運転手（一般）,所定労働時間内8時間あたり,人日,pref,23,愛知県,,,,16700,JPY,labor_wage_8h,published_pdl,23500,原本の下段(括弧書き): 公共工事設計労務単価+必要経費(法定福利費の事業主負担額、労務管理費、宿舎費等)(試算値),2013-04,2013-04-01,mlit-roumu-h25,p16(横長の表) / p6(縦長の表),https://www.mlit.go.jp/common/000993048.pdf,PDL1.0,,
234e214acd6b312f,JP,labor,労務単価,潜かん工,所定労働時間内8時間あたり,人日,pref,23,愛知県,,,,23900,JPY,labor_wage_8h,published_pdl,33600,原本の下段(括弧書き): 公共工事設計労務単価+必要経費(法定福利費の事業主負担額、労務管理費、宿舎費等)(試算値),2013-04,2013-04-01,mlit-roumu-h25,p16(横長の表) / p6(縦長の表),https://www.mlit.go.jp/common/000993048.pdf,PDL1.0,,
b33a044da8580595,JP,labor,労務単価,潜かん世話役,所定労働時間内8時間あたり,人日,pref,23,愛知県,,,,28300,JPY,labor_wage_8h,published_pdl,39800,原本の下段(括弧書き): 公共工事設計労務単価+必要経費(法定福利費の事業主負担額、労務管理費、宿舎費等)(試算値),2013-04,2013-04-01,mlit-roumu-h25,p16(横長の表) / p6(縦長の表),https://www.mlit.go.jp/common/000993048.pdf,PDL1.0,,
8fc1b44a4570366e,JP,labor,労務単価,さく岩工,所定労働時間内8時間あたり,人日,pref,23,愛知県,,,,20600,JPY,labor_wage_8h,published_pdl,29000,原本の下段(括弧書き): 公共工事設計労務単価+必要経費(法定福利費の事業主負担額、労務管理費、宿舎費等)(試算値),2013-04,2013-04-01,mlit-roumu-h25,p16(横長の表) / p6(縦長の表),https://www.mlit.go.jp/common/000993048.pdf,PDL1.0,,
a0cfa710697cbc29,JP,labor,労務単価,トンネル特殊工,所定労働時間内8時間あたり,人日,pref,23,愛知県,,,,23500,JPY,labor_wage_8h,published_pdl,33000,原本の下段(括弧書き): 公共工事設計労務単価+必要経費(法定福利費の事業主負担額、労務管理費、宿舎費等)(試算値),2013-04,2013-04-01,mlit-roumu-h25,p16(横長の表) / p6(縦長の表),https://www.mlit.go.jp/common/000993048.pdf,PDL1.0,,
4f62240a22651b14,JP,labor,労務単価,トンネル作業員,所定労働時間内8時間あたり,人日,pref,23,愛知県,,,,18800,JPY,labor_wage_8h,published_pdl,26400,原本の下段(括弧書き): 公共工事設計労務単価+必要経費(法定福利費の事業主負担額、労務管理費、宿舎費等)(試算値),2013-04,2013-04-01,mlit-roumu-h25,p16(横長の表) / p6(縦長の表),https://www.mlit.go.jp/common/000993048.pdf,PDL1.0,,
5af20f59e95bbed6,JP,labor,労務単価,トンネル世話役,所定労働時間内8時間あたり,人日,pref,23,愛知県,,,,24600,JPY,labor_wage_8h,published_pdl,34600,原本の下段(括弧書き): 公共工事設計労務単価+必要経費(法定福利費の事業主負担額、労務管理費、宿舎費等)(試算値),2013-04,2013-04-01,mlit-roumu-h25,p17(横長の表) / p7(縦長の表),https://www.mlit.go.jp/common/000993048.pdf,PDL1.0,,
b497ee799738238e,JP,labor,労務単価,橋りょう特殊工,所定労働時間内8時間あたり,人日,pref,23,愛知県,,,,22100,JPY,labor_wage_8h,published_pdl,31100,原本の下段(括弧書き): 公共工事設計労務単価+必要経費(法定福利費の事業主負担額、労務管理費、宿舎費等)(試算値),2013-04,2013-04-01,mlit-roumu-h25,p17(横長の表) / p7(縦長の表),https://www.mlit.go.jp/common/000993048.pdf,PDL1.0,,
cb953a127b958f97,JP,labor,労務単価,橋りょう塗装工,所定労働時間内8時間あたり,人日,pref,23,愛知県,,,,24000,JPY,labor_wage_8h,published_pdl,33700,原本の下段(括弧書き): 公共工事設計労務単価+必要経費(法定福利費の事業主負担額、労務管理費、宿舎費等)(試算値),2013-04,2013-04-01,mlit-roumu-h25,p17(横長の表) / p7(縦長の表),https://www.mlit.go.jp/common/000993048.pdf,PDL1.0,,
085be08188838021,JP,labor,労務単価,橋りょう世話役,所定労働時間内8時間あたり,人日,pref,23,愛知県,,,,24600,JPY,labor_wage_8h,published_pdl,34600,原本の下段(括弧書き): 公共工事設計労務単価+必要経費(法定福利費の事業主負担額、労務管理費、宿舎費等)(試算値),2013-04,2013-04-01,mlit-roumu-h25,p17(横長の表) / p7(縦長の表),https://www.mlit.go.jp/common/000993048.pdf,PDL1.0,,
66913218e8ac5bf9,JP,labor,労務単価,土木一般世話役,所定労働時間内8時間あたり,人日,pref,23,愛知県,,,,20600,JPY,labor_wage_8h,published_pdl,29000,原本の下段(括弧書き): 公共工事設計労務単価+必要経費(法定福利費の事業主負担額、労務管理費、宿舎費等)(試算値),2013-04,2013-04-01,mlit-roumu-h25,p17(横長の表) / p7(縦長の表),https://www.mlit.go.jp/common/000993048.pdf,PDL1.0,,
8e5faa4ed01ab116,JP,labor,労務単価,高級船員,所定労働時間内8時間あたり,人日,pref,23,愛知県,,,,23600,JPY,labor_wage_8h,published_pdl,33200,原本の下段(括弧書き): 公共工事設計労務単価+必要経費(法定福利費の事業主負担額、労務管理費、宿舎費等)(試算値),2013-04,2013-04-01,mlit-roumu-h25,p17(横長の表) / p7(縦長の表),https://www.mlit.go.jp/common/000993048.pdf,PDL1.0,,
f4a02c08d2c3bd8c,JP,labor,労務単価,普通船員,所定労働時間内8時間あたり,人日,pref,23,愛知県,,,,18900,JPY,labor_wage_8h,published_pdl,26600,原本の下段(括弧書き): 公共工事設計労務単価+必要経費(法定福利費の事業主負担額、労務管理費、宿舎費等)(試算値),2013-04,2013-04-01,mlit-roumu-h25,p17(横長の表) / p7(縦長の表),https://www.mlit.go.jp/common/000993048.pdf,PDL1.0,,
79ddfe26f17a9d0b,JP,labor,労務単価,潜水士,所定労働時間内8時間あたり,人日,pref,23,愛知県,,,,30100,JPY,labor_wage_8h,published_pdl,42300,原本の下段(括弧書き): 公共工事設計労務単価+必要経費(法定福利費の事業主負担額、労務管理費、宿舎費等)(試算値),2013-04,2013-04-01,mlit-roumu-h25,p17(横長の表) / p7(縦長の表),https://www.mlit.go.jp/common/000993048.pdf,PDL1.0,,
5692f18bf8fdb441,JP,labor,労務単価,潜水連絡員,所定労働時間内8時間あたり,人日,pref,23,愛知県,,,,19400,JPY,labor_wage_8h,published_pdl,27300,原本の下段(括弧書き): 公共工事設計労務単価+必要経費(法定福利費の事業主負担額、労務管理費、宿舎費等)(試算値),2013-04,2013-04-01,mlit-roumu-h25,p17(横長の表) / p7(縦長の表),https://www.mlit.go.jp/common/000993048.pdf,PDL1.0,,
a1c51c0aa91807c1,JP,labor,労務単価,潜水送気員,所定労働時間内8時間あたり,人日,pref,23,愛知県,,,,18300,JPY,labor_wage_8h,published_pdl,25700,原本の下段(括弧書き): 公共工事設計労務単価+必要経費(法定福利費の事業主負担額、労務管理費、宿舎費等)(試算値),2013-04,2013-04-01,mlit-roumu-h25,p17(横長の表) / p7(縦長の表),https://www.mlit.go.jp/common/000993048.pdf,PDL1.0,,
823118ce02b1be53,JP,labor,労務単価,山林砂防工,所定労働時間内8時間あたり,人日,pref,23,愛知県,,,,25200,JPY,labor_wage_8h,published_pdl,35400,原本の下段(括弧書き): 公共工事設計労務単価+必要経費(法定福利費の事業主負担額、労務管理費、宿舎費等)(試算値),2013-04,2013-04-01,mlit-roumu-h25,p17(横長の表) / p8(縦長の表),https://www.mlit.go.jp/common/000993048.pdf,PDL1.0,,
61f383995cfa7b0f,JP,labor,労務単価,軌道工,所定労働時間内8時間あたり,人日,pref,23,愛知県,,,,29300,JPY,labor_wage_8h,published_pdl,41200,原本の下段(括弧書き): 公共工事設計労務単価+必要経費(法定福利費の事業主負担額、労務管理費、宿舎費等)(試算値),2013-04,2013-04-01,mlit-roumu-h25,p17(横長の表) / p8(縦長の表),https://www.mlit.go.jp/common/000993048.pdf,PDL1.0,,
1905e8cd7f2eba35,JP,labor,労務単価,型わく工,所定労働時間内8時間あたり,人日,pref,23,愛知県,,,,19900,JPY,labor_wage_8h,published_pdl,28000,原本の下段(括弧書き): 公共工事設計労務単価+必要経費(法定福利費の事業主負担額、労務管理費、宿舎費等)(試算値),2013-04,2013-04-01,mlit-roumu-h25,p17(横長の表) / p8(縦長の表),https://www.mlit.go.jp/common/000993048.pdf,PDL1.0,,
702e4a0e4a2937fc,JP,labor,労務単価,大工,所定労働時間内8時間あたり,人日,pref,23,愛知県,,,,20700,JPY,labor_wage_8h,published_pdl,29100,原本の下段(括弧書き): 公共工事設計労務単価+必要経費(法定福利費の事業主負担額、労務管理費、宿舎費等)(試算値),2013-04,2013-04-01,mlit-roumu-h25,p17(横長の表) / p8(縦長の表),https://www.mlit.go.jp/common/000993048.pdf,PDL1.0,,
4675b0d3c89f835e,JP,labor,労務単価,左官,所定労働時間内8時間あたり,人日,pref,23,愛知県,,,,18400,JPY,labor_wage_8h,published_pdl,25900,原本の下段(括弧書き): 公共工事設計労務単価+必要経費(法定福利費の事業主負担額、労務管理費、宿舎費等)(試算値),2013-04,2013-04-01,mlit-roumu-h25,p17(横長の表) / p8(縦長の表),https://www.mlit.go.jp/common/000993048.pdf,PDL1.0,,
566fb192a709b795,JP,labor,労務単価,配管工,所定労働時間内8時間あたり,人日,pref,23,愛知県,,,,18600,JPY,labor_wage_8h,published_pdl,26200,原本の下段(括弧書き): 公共工事設計労務単価+必要経費(法定福利費の事業主負担額、労務管理費、宿舎費等)(試算値),2013-04,2013-04-01,mlit-roumu-h25,p17(横長の表) / p8(縦長の表),https://www.mlit.go.jp/common/000993048.pdf,PDL1.0,,
53de86f70e30e017,JP,labor,労務単価,はつり工,所定労働時間内8時間あたり,人日,pref,23,愛知県,,,,18900,JPY,labor_wage_8h,published_pdl,26600,原本の下段(括弧書き): 公共工事設計労務単価+必要経費(法定福利費の事業主負担額、労務管理費、宿舎費等)(試算値),2013-04,2013-04-01,mlit-roumu-h25,p17(横長の表) / p8(縦長の表),https://www.mlit.go.jp/common/000993048.pdf,PDL1.0,,
f7e8ac2b281b9409,JP,labor,労務単価,防水工,所定労働時間内8時間あたり,人日,pref,23,愛知県,,,,19600,JPY,labor_wage_8h,published_pdl,27600,原本の下段(括弧書き): 公共工事設計労務単価+必要経費(法定福利費の事業主負担額、労務管理費、宿舎費等)(試算値),2013-04,2013-04-01,mlit-roumu-h25,p17(横長の表) / p8(縦長の表),https://www.mlit.go.jp/common/000993048.pdf,PDL1.0,,
ee236462056a3b94,JP,labor,労務単価,板金工,所定労働時間内8時間あたり,人日,pref,23,愛知県,,,,18400,JPY,labor_wage_8h,published_pdl,25900,原本の下段(括弧書き): 公共工事設計労務単価+必要経費(法定福利費の事業主負担額、労務管理費、宿舎費等)(試算値),2013-04,2013-04-01,mlit-roumu-h25,p17(横長の表) / p8(縦長の表),https://www.mlit.go.jp/common/000993048.pdf,PDL1.0,,
25c73eae260d8734,JP,labor,労務単価,タイル工,所定労働時間内8時間あたり,人日,pref,23,愛知県,,,,18800,JPY,labor_wage_8h,published_pdl,26400,原本の下段(括弧書き): 公共工事設計労務単価+必要経費(法定福利費の事業主負担額、労務管理費、宿舎費等)(試算値),2013-04,2013-04-01,mlit-roumu-h25,p17(横長の表) / p8(縦長の表),https://www.mlit.go.jp/common/000993048.pdf,PDL1.0,,
16a59f835a272214,JP,labor,労務単価,サッシ工,所定労働時間内8時間あたり,人日,pref,23,愛知県,,,,18700,JPY,labor_wage_8h,published_pdl,26300,原本の下段(括弧書き): 公共工事設計労務単価+必要経費(法定福利費の事業主負担額、労務管理費、宿舎費等)(試算値),2013-04,2013-04-01,mlit-roumu-h25,p18(横長の表) / p9(縦長の表),https://www.mlit.go.jp/common/000993048.pdf,PDL1.0,,
2a735f583ae68ce9,JP,labor,労務単価,内装工,所定労働時間内8時間あたり,人日,pref,23,愛知県,,,,19400,JPY,labor_wage_8h,published_pdl,27300,原本の下段(括弧書き): 公共工事設計労務単価+必要経費(法定福利費の事業主負担額、労務管理費、宿舎費等)(試算値),2013-04,2013-04-01,mlit-roumu-h25,p18(横長の表) / p9(縦長の表),https://www.mlit.go.jp/common/000993048.pdf,PDL1.0,,
a16c2eb96fbc4d7d,JP,labor,労務単価,ガラス工,所定労働時間内8時間あたり,人日,pref,23,愛知県,,,,18100,JPY,labor_wage_8h,published_pdl,25400,原本の下段(括弧書き): 公共工事設計労務単価+必要経費(法定福利費の事業主負担額、労務管理費、宿舎費等)(試算値),2013-04,2013-04-01,mlit-roumu-h25,p18(横長の表) / p9(縦長の表),https://www.mlit.go.jp/common/000993048.pdf,PDL1.0,,
0ef4ce763b882051,JP,labor,労務単価,建具工,所定労働時間内8時間あたり,人日,pref,23,愛知県,,,,17700,JPY,labor_wage_8h,published_pdl,24900,原本の下段(括弧書き): 公共工事設計労務単価+必要経費(法定福利費の事業主負担額、労務管理費、宿舎費等)(試算値),2013-04,2013-04-01,mlit-roumu-h25,p18(横長の表) / p9(縦長の表),https://www.mlit.go.jp/common/000993048.pdf,PDL1.0,,
727954828e36ae75,JP,labor,労務単価,ダクト工,所定労働時間内8時間あたり,人日,pref,23,愛知県,,,,17500,JPY,labor_wage_8h,published_pdl,24600,原本の下段(括弧書き): 公共工事設計労務単価+必要経費(法定福利費の事業主負担額、労務管理費、宿舎費等)(試算値),2013-04,2013-04-01,mlit-roumu-h25,p18(横長の表) / p9(縦長の表),https://www.mlit.go.jp/common/000993048.pdf,PDL1.0,,
eca48ddf7861037c,JP,labor,労務単価,保温工,所定労働時間内8時間あたり,人日,pref,23,愛知県,,,,18200,JPY,labor_wage_8h,published_pdl,25600,原本の下段(括弧書き): 公共工事設計労務単価+必要経費(法定福利費の事業主負担額、労務管理費、宿舎費等)(試算値),2013-04,2013-04-01,mlit-roumu-h25,p18(横長の表) / p9(縦長の表),https://www.mlit.go.jp/common/000993048.pdf,PDL1.0,,
215af205586a7e73,JP,labor,労務単価,建築ブロック工,所定労働時間内8時間あたり,人日,pref,23,愛知県,,,,22700,JPY,labor_wage_8h,published_pdl,31900,原本の下段(括弧書き): 公共工事設計労務単価+必要経費(法定福利費の事業主負担額、労務管理費、宿舎費等)(試算値),2013-04,2013-04-01,mlit-roumu-h25,p18(横長の表) / p9(縦長の表),https://www.mlit.go.jp/common/000993048.pdf,PDL1.0,,
217d7a58e025f01f,JP,labor,労務単価,設備機械工,所定労働時間内8時間あたり,人日,pref,23,愛知県,,,,20500,JPY,labor_wage_8h,published_pdl,28800,原本の下段(括弧書き): 公共工事設計労務単価+必要経費(法定福利費の事業主負担額、労務管理費、宿舎費等)(試算値),2013-04,2013-04-01,mlit-roumu-h25,p18(横長の表) / p9(縦長の表),https://www.mlit.go.jp/common/000993048.pdf,PDL1.0,,
b77b1da476c10d53,JP,labor,労務単価,交通誘導員Ａ,所定労働時間内8時間あたり,人日,pref,23,愛知県,,,,10400,JPY,labor_wage_8h,published_pdl,14600,原本の下段(括弧書き): 公共工事設計労務単価+必要経費(法定福利費の事業主負担額、労務管理費、宿舎費等)(試算値),2013-04,2013-04-01,mlit-roumu-h25,p18(横長の表) / p9(縦長の表),https://www.mlit.go.jp/common/000993048.pdf,PDL1.0,,
8e97c177d0f50036,JP,labor,労務単価,交通誘導員Ｂ,所定労働時間内8時間あたり,人日,pref,23,愛知県,,,,9400,JPY,labor_wage_8h,published_pdl,13200,原本の下段(括弧書き): 公共工事設計労務単価+必要経費(法定福利費の事業主負担額、労務管理費、宿舎費等)(試算値),2013-04,2013-04-01,mlit-roumu-h25,p18(横長の表) / p9(縦長の表),https://www.mlit.go.jp/common/000993048.pdf,PDL1.0,,
8a75795270deb70e,JP,labor,労務単価,特殊作業員,所定労働時間内8時間あたり,人日,pref,24,三重県,,,,18000,JPY,labor_wage_8h,published_pdl,25300,原本の下段(括弧書き): 公共工事設計労務単価+必要経費(法定福利費の事業主負担額、労務管理費、宿舎費等)(試算値),2013-04,2013-04-01,mlit-roumu-h25,p16(横長の表) / p5(縦長の表),https://www.mlit.go.jp/common/000993048.pdf,PDL1.0,,
bafa902d564ad287,JP,labor,労務単価,普通作業員,所定労働時間内8時間あたり,人日,pref,24,三重県,,,,14900,JPY,labor_wage_8h,published_pdl,20900,原本の下段(括弧書き): 公共工事設計労務単価+必要経費(法定福利費の事業主負担額、労務管理費、宿舎費等)(試算値),2013-04,2013-04-01,mlit-roumu-h25,p16(横長の表) / p5(縦長の表),https://www.mlit.go.jp/common/000993048.pdf,PDL1.0,,
b51ddcd2fdfaee57,JP,labor,労務単価,軽作業員,所定労働時間内8時間あたり,人日,pref,24,三重県,,,,11200,JPY,labor_wage_8h,published_pdl,15700,原本の下段(括弧書き): 公共工事設計労務単価+必要経費(法定福利費の事業主負担額、労務管理費、宿舎費等)(試算値),2013-04,2013-04-01,mlit-roumu-h25,p16(横長の表) / p5(縦長の表),https://www.mlit.go.jp/common/000993048.pdf,PDL1.0,,
a9215f54592ea599,JP,labor,労務単価,造園工,所定労働時間内8時間あたり,人日,pref,24,三重県,,,,17800,JPY,labor_wage_8h,published_pdl,25000,原本の下段(括弧書き): 公共工事設計労務単価+必要経費(法定福利費の事業主負担額、労務管理費、宿舎費等)(試算値),2013-04,2013-04-01,mlit-roumu-h25,p16(横長の表) / p5(縦長の表),https://www.mlit.go.jp/common/000993048.pdf,PDL1.0,,
b1691fdc9853cddb,JP,labor,労務単価,法面工,所定労働時間内8時間あたり,人日,pref,24,三重県,,,,19400,JPY,labor_wage_8h,published_pdl,27300,原本の下段(括弧書き): 公共工事設計労務単価+必要経費(法定福利費の事業主負担額、労務管理費、宿舎費等)(試算値),2013-04,2013-04-01,mlit-roumu-h25,p16(横長の表) / p5(縦長の表),https://www.mlit.go.jp/common/000993048.pdf,PDL1.0,,
92ae5e98fed1568e,JP,labor,労務単価,とび工,所定労働時間内8時間あたり,人日,pref,24,三重県,,,,20200,JPY,labor_wage_8h,published_pdl,28400,原本の下段(括弧書き): 公共工事設計労務単価+必要経費(法定福利費の事業主負担額、労務管理費、宿舎費等)(試算値),2013-04,2013-04-01,mlit-roumu-h25,p16(横長の表) / p5(縦長の表),https://www.mlit.go.jp/common/000993048.pdf,PDL1.0,,
f368bae49ef8b9ca,JP,labor,労務単価,石工,所定労働時間内8時間あたり,人日,pref,24,三重県,,,,24800,JPY,labor_wage_8h,published_pdl,34900,原本の下段(括弧書き): 公共工事設計労務単価+必要経費(法定福利費の事業主負担額、労務管理費、宿舎費等)(試算値),2013-04,2013-04-01,mlit-roumu-h25,p16(横長の表) / p5(縦長の表),https://www.mlit.go.jp/common/000993048.pdf,PDL1.0,,
a32e0921122b10f1,JP,labor,労務単価,ブロック工,所定労働時間内8時間あたり,人日,pref,24,三重県,,,,22100,JPY,labor_wage_8h,published_pdl,31100,原本の下段(括弧書き): 公共工事設計労務単価+必要経費(法定福利費の事業主負担額、労務管理費、宿舎費等)(試算値),2013-04,2013-04-01,mlit-roumu-h25,p16(横長の表) / p5(縦長の表),https://www.mlit.go.jp/common/000993048.pdf,PDL1.0,,
85fbe18325269dd2,JP,labor,労務単価,電工,所定労働時間内8時間あたり,人日,pref,24,三重県,,,,17900,JPY,labor_wage_8h,published_pdl,25200,原本の下段(括弧書き): 公共工事設計労務単価+必要経費(法定福利費の事業主負担額、労務管理費、宿舎費等)(試算値),2013-04,2013-04-01,mlit-roumu-h25,p16(横長の表) / p5(縦長の表),https://www.mlit.go.jp/common/000993048.pdf,PDL1.0,,
e190c4082cb4e650,JP,labor,労務単価,鉄筋工,所定労働時間内8時間あたり,人日,pref,24,三重県,,,,18600,JPY,labor_wage_8h,published_pdl,26200,原本の下段(括弧書き): 公共工事設計労務単価+必要経費(法定福利費の事業主負担額、労務管理費、宿舎費等)(試算値),2013-04,2013-04-01,mlit-roumu-h25,p16(横長の表) / p5(縦長の表),https://www.mlit.go.jp/common/000993048.pdf,PDL1.0,,
9e054accbd3d78da,JP,labor,労務単価,鉄骨工,所定労働時間内8時間あたり,人日,pref,24,三重県,,,,19200,JPY,labor_wage_8h,published_pdl,27000,原本の下段(括弧書き): 公共工事設計労務単価+必要経費(法定福利費の事業主負担額、労務管理費、宿舎費等)(試算値),2013-04,2013-04-01,mlit-roumu-h25,p16(横長の表) / p6(縦長の表),https://www.mlit.go.jp/common/000993048.pdf,PDL1.0,,
5ed63ed7f5818e1c,JP,labor,労務単価,塗装工,所定労働時間内8時間あたり,人日,pref,24,三重県,,,,18800,JPY,labor_wage_8h,published_pdl,26400,原本の下段(括弧書き): 公共工事設計労務単価+必要経費(法定福利費の事業主負担額、労務管理費、宿舎費等)(試算値),2013-04,2013-04-01,mlit-roumu-h25,p16(横長の表) / p6(縦長の表),https://www.mlit.go.jp/common/000993048.pdf,PDL1.0,,
a7fe634237f32bab,JP,labor,労務単価,溶接工,所定労働時間内8時間あたり,人日,pref,24,三重県,,,,21200,JPY,labor_wage_8h,published_pdl,29800,原本の下段(括弧書き): 公共工事設計労務単価+必要経費(法定福利費の事業主負担額、労務管理費、宿舎費等)(試算値),2013-04,2013-04-01,mlit-roumu-h25,p16(横長の表) / p6(縦長の表),https://www.mlit.go.jp/common/000993048.pdf,PDL1.0,,
32a48b95e7ca97ca,JP,labor,労務単価,運転手（特殊）,所定労働時間内8時間あたり,人日,pref,24,三重県,,,,17500,JPY,labor_wage_8h,published_pdl,24600,原本の下段(括弧書き): 公共工事設計労務単価+必要経費(法定福利費の事業主負担額、労務管理費、宿舎費等)(試算値),2013-04,2013-04-01,mlit-roumu-h25,p16(横長の表) / p6(縦長の表),https://www.mlit.go.jp/common/000993048.pdf,PDL1.0,,
3e2e1ddab3feb817,JP,labor,労務単価,運転手（一般）,所定労働時間内8時間あたり,人日,pref,24,三重県,,,,16000,JPY,labor_wage_8h,published_pdl,22500,原本の下段(括弧書き): 公共工事設計労務単価+必要経費(法定福利費の事業主負担額、労務管理費、宿舎費等)(試算値),2013-04,2013-04-01,mlit-roumu-h25,p16(横長の表) / p6(縦長の表),https://www.mlit.go.jp/common/000993048.pdf,PDL1.0,,
2200a0cc6a362c0f,JP,labor,労務単価,潜かん工,所定労働時間内8時間あたり,人日,pref,24,三重県,,,,23900,JPY,labor_wage_8h,published_pdl,33600,原本の下段(括弧書き): 公共工事設計労務単価+必要経費(法定福利費の事業主負担額、労務管理費、宿舎費等)(試算値),2013-04,2013-04-01,mlit-roumu-h25,p16(横長の表) / p6(縦長の表),https://www.mlit.go.jp/common/000993048.pdf,PDL1.0,,
4807ae31faabd019,JP,labor,労務単価,潜かん世話役,所定労働時間内8時間あたり,人日,pref,24,三重県,,,,28300,JPY,labor_wage_8h,published_pdl,39800,原本の下段(括弧書き): 公共工事設計労務単価+必要経費(法定福利費の事業主負担額、労務管理費、宿舎費等)(試算値),2013-04,2013-04-01,mlit-roumu-h25,p16(横長の表) / p6(縦長の表),https://www.mlit.go.jp/common/000993048.pdf,PDL1.0,,
520e5ec7b7cd56d1,JP,labor,労務単価,さく岩工,所定労働時間内8時間あたり,人日,pref,24,三重県,,,,20600,JPY,labor_wage_8h,published_pdl,29000,原本の下段(括弧書き): 公共工事設計労務単価+必要経費(法定福利費の事業主負担額、労務管理費、宿舎費等)(試算値),2013-04,2013-04-01,mlit-roumu-h25,p16(横長の表) / p6(縦長の表),https://www.mlit.go.jp/common/000993048.pdf,PDL1.0,,
d9606e6d583b4101,JP,labor,労務単価,トンネル特殊工,所定労働時間内8時間あたり,人日,pref,24,三重県,,,,21500,JPY,labor_wage_8h,published_pdl,30200,原本の下段(括弧書き): 公共工事設計労務単価+必要経費(法定福利費の事業主負担額、労務管理費、宿舎費等)(試算値),2013-04,2013-04-01,mlit-roumu-h25,p16(横長の表) / p6(縦長の表),https://www.mlit.go.jp/common/000993048.pdf,PDL1.0,,
b9277648e5668b76,JP,labor,労務単価,トンネル作業員,所定労働時間内8時間あたり,人日,pref,24,三重県,,,,18800,JPY,labor_wage_8h,published_pdl,26400,原本の下段(括弧書き): 公共工事設計労務単価+必要経費(法定福利費の事業主負担額、労務管理費、宿舎費等)(試算値),2013-04,2013-04-01,mlit-roumu-h25,p16(横長の表) / p6(縦長の表),https://www.mlit.go.jp/common/000993048.pdf,PDL1.0,,
41210a2dc67050b5,JP,labor,労務単価,トンネル世話役,所定労働時間内8時間あたり,人日,pref,24,三重県,,,,24600,JPY,labor_wage_8h,published_pdl,34600,原本の下段(括弧書き): 公共工事設計労務単価+必要経費(法定福利費の事業主負担額、労務管理費、宿舎費等)(試算値),2013-04,2013-04-01,mlit-roumu-h25,p17(横長の表) / p7(縦長の表),https://www.mlit.go.jp/common/000993048.pdf,PDL1.0,,
a20d7b0f4e9ae4de,JP,labor,労務単価,橋りょう特殊工,所定労働時間内8時間あたり,人日,pref,24,三重県,,,,22100,JPY,labor_wage_8h,published_pdl,31100,原本の下段(括弧書き): 公共工事設計労務単価+必要経費(法定福利費の事業主負担額、労務管理費、宿舎費等)(試算値),2013-04,2013-04-01,mlit-roumu-h25,p17(横長の表) / p7(縦長の表),https://www.mlit.go.jp/common/000993048.pdf,PDL1.0,,
23b5e599ddf65c5f,JP,labor,労務単価,橋りょう塗装工,所定労働時間内8時間あたり,人日,pref,24,三重県,,,,24000,JPY,labor_wage_8h,published_pdl,33700,原本の下段(括弧書き): 公共工事設計労務単価+必要経費(法定福利費の事業主負担額、労務管理費、宿舎費等)(試算値),2013-04,2013-04-01,mlit-roumu-h25,p17(横長の表) / p7(縦長の表),https://www.mlit.go.jp/common/000993048.pdf,PDL1.0,,
3b0b431629d8300a,JP,labor,労務単価,橋りょう世話役,所定労働時間内8時間あたり,人日,pref,24,三重県,,,,25500,JPY,labor_wage_8h,published_pdl,35900,原本の下段(括弧書き): 公共工事設計労務単価+必要経費(法定福利費の事業主負担額、労務管理費、宿舎費等)(試算値),2013-04,2013-04-01,mlit-roumu-h25,p17(横長の表) / p7(縦長の表),https://www.mlit.go.jp/common/000993048.pdf,PDL1.0,,
ebfd6419aa24bf6f,JP,labor,労務単価,土木一般世話役,所定労働時間内8時間あたり,人日,pref,24,三重県,,,,19900,JPY,labor_wage_8h,published_pdl,28000,原本の下段(括弧書き): 公共工事設計労務単価+必要経費(法定福利費の事業主負担額、労務管理費、宿舎費等)(試算値),2013-04,2013-04-01,mlit-roumu-h25,p17(横長の表) / p7(縦長の表),https://www.mlit.go.jp/common/000993048.pdf,PDL1.0,,
8d8bc3109c6f662d,JP,labor,労務単価,高級船員,所定労働時間内8時間あたり,人日,pref,24,三重県,,,,23600,JPY,labor_wage_8h,published_pdl,33200,原本の下段(括弧書き): 公共工事設計労務単価+必要経費(法定福利費の事業主負担額、労務管理費、宿舎費等)(試算値),2013-04,2013-04-01,mlit-roumu-h25,p17(横長の表) / p7(縦長の表),https://www.mlit.go.jp/common/000993048.pdf,PDL1.0,,
c744fd4a118d805d,JP,labor,労務単価,普通船員,所定労働時間内8時間あたり,人日,pref,24,三重県,,,,18900,JPY,labor_wage_8h,published_pdl,26600,原本の下段(括弧書き): 公共工事設計労務単価+必要経費(法定福利費の事業主負担額、労務管理費、宿舎費等)(試算値),2013-04,2013-04-01,mlit-roumu-h25,p17(横長の表) / p7(縦長の表),https://www.mlit.go.jp/common/000993048.pdf,PDL1.0,,
efdaf1702431d284,JP,labor,労務単価,潜水士,所定労働時間内8時間あたり,人日,pref,24,三重県,,,,30100,JPY,labor_wage_8h,published_pdl,42300,原本の下段(括弧書き): 公共工事設計労務単価+必要経費(法定福利費の事業主負担額、労務管理費、宿舎費等)(試算値),2013-04,2013-04-01,mlit-roumu-h25,p17(横長の表) / p7(縦長の表),https://www.mlit.go.jp/common/000993048.pdf,PDL1.0,,
260351044beb883a,JP,labor,労務単価,潜水連絡員,所定労働時間内8時間あたり,人日,pref,24,三重県,,,,18900,JPY,labor_wage_8h,published_pdl,26600,原本の下段(括弧書き): 公共工事設計労務単価+必要経費(法定福利費の事業主負担額、労務管理費、宿舎費等)(試算値),2013-04,2013-04-01,mlit-roumu-h25,p17(横長の表) / p7(縦長の表),https://www.mlit.go.jp/common/000993048.pdf,PDL1.0,,
0d4eb416bbaa014f,JP,labor,労務単価,潜水送気員,所定労働時間内8時間あたり,人日,pref,24,三重県,,,,18200,JPY,labor_wage_8h,published_pdl,25600,原本の下段(括弧書き): 公共工事設計労務単価+必要経費(法定福利費の事業主負担額、労務管理費、宿舎費等)(試算値),2013-04,2013-04-01,mlit-roumu-h25,p17(横長の表) / p7(縦長の表),https://www.mlit.go.jp/common/000993048.pdf,PDL1.0,,
e32cb7a5e13a0c4f,JP,labor,労務単価,山林砂防工,所定労働時間内8時間あたり,人日,pref,24,三重県,,,,22100,JPY,labor_wage_8h,published_pdl,31100,原本の下段(括弧書き): 公共工事設計労務単価+必要経費(法定福利費の事業主負担額、労務管理費、宿舎費等)(試算値),2013-04,2013-04-01,mlit-roumu-h25,p17(横長の表) / p8(縦長の表),https://www.mlit.go.jp/common/000993048.pdf,PDL1.0,,
f6fd631b13801d2a,JP,labor,労務単価,軌道工,所定労働時間内8時間あたり,人日,pref,24,三重県,,,,30300,JPY,labor_wage_8h,published_pdl,42600,原本の下段(括弧書き): 公共工事設計労務単価+必要経費(法定福利費の事業主負担額、労務管理費、宿舎費等)(試算値),2013-04,2013-04-01,mlit-roumu-h25,p17(横長の表) / p8(縦長の表),https://www.mlit.go.jp/common/000993048.pdf,PDL1.0,,
de49745f3b67cfa9,JP,labor,労務単価,型わく工,所定労働時間内8時間あたり,人日,pref,24,三重県,,,,18600,JPY,labor_wage_8h,published_pdl,26200,原本の下段(括弧書き): 公共工事設計労務単価+必要経費(法定福利費の事業主負担額、労務管理費、宿舎費等)(試算値),2013-04,2013-04-01,mlit-roumu-h25,p17(横長の表) / p8(縦長の表),https://www.mlit.go.jp/common/000993048.pdf,PDL1.0,,
18fcabfbc19e3aa9,JP,labor,労務単価,大工,所定労働時間内8時間あたり,人日,pref,24,三重県,,,,20300,JPY,labor_wage_8h,published_pdl,28500,原本の下段(括弧書き): 公共工事設計労務単価+必要経費(法定福利費の事業主負担額、労務管理費、宿舎費等)(試算値),2013-04,2013-04-01,mlit-roumu-h25,p17(横長の表) / p8(縦長の表),https://www.mlit.go.jp/common/000993048.pdf,PDL1.0,,
43ee36c072943fc7,JP,labor,労務単価,左官,所定労働時間内8時間あたり,人日,pref,24,三重県,,,,17900,JPY,labor_wage_8h,published_pdl,25200,原本の下段(括弧書き): 公共工事設計労務単価+必要経費(法定福利費の事業主負担額、労務管理費、宿舎費等)(試算値),2013-04,2013-04-01,mlit-roumu-h25,p17(横長の表) / p8(縦長の表),https://www.mlit.go.jp/common/000993048.pdf,PDL1.0,,
ea2015d10ae3705a,JP,labor,労務単価,配管工,所定労働時間内8時間あたり,人日,pref,24,三重県,,,,18800,JPY,labor_wage_8h,published_pdl,26400,原本の下段(括弧書き): 公共工事設計労務単価+必要経費(法定福利費の事業主負担額、労務管理費、宿舎費等)(試算値),2013-04,2013-04-01,mlit-roumu-h25,p17(横長の表) / p8(縦長の表),https://www.mlit.go.jp/common/000993048.pdf,PDL1.0,,
f463dd59c4cdabbd,JP,labor,労務単価,はつり工,所定労働時間内8時間あたり,人日,pref,24,三重県,,,,18500,JPY,labor_wage_8h,published_pdl,26000,原本の下段(括弧書き): 公共工事設計労務単価+必要経費(法定福利費の事業主負担額、労務管理費、宿舎費等)(試算値),2013-04,2013-04-01,mlit-roumu-h25,p17(横長の表) / p8(縦長の表),https://www.mlit.go.jp/common/000993048.pdf,PDL1.0,,
9d50b395e24700b4,JP,labor,労務単価,防水工,所定労働時間内8時間あたり,人日,pref,24,三重県,,,,19400,JPY,labor_wage_8h,published_pdl,27300,原本の下段(括弧書き): 公共工事設計労務単価+必要経費(法定福利費の事業主負担額、労務管理費、宿舎費等)(試算値),2013-04,2013-04-01,mlit-roumu-h25,p17(横長の表) / p8(縦長の表),https://www.mlit.go.jp/common/000993048.pdf,PDL1.0,,
d81dc3a70f5ec6bf,JP,labor,労務単価,板金工,所定労働時間内8時間あたり,人日,pref,24,三重県,,,,19500,JPY,labor_wage_8h,published_pdl,27400,原本の下段(括弧書き): 公共工事設計労務単価+必要経費(法定福利費の事業主負担額、労務管理費、宿舎費等)(試算値),2013-04,2013-04-01,mlit-roumu-h25,p17(横長の表) / p8(縦長の表),https://www.mlit.go.jp/common/000993048.pdf,PDL1.0,,
7c1daf4fce09b067,JP,labor,労務単価,タイル工,所定労働時間内8時間あたり,人日,pref,24,三重県,,,,,JPY,labor_wage_8h,not_set,,,2013-04,2013-04-01,mlit-roumu-h25,p17(横長の表) / p8(縦長の表),https://www.mlit.go.jp/common/000993048.pdf,PDL1.0,,原本の表で『-』(この都道府県ではこの職種の単価を設定していない)
696482534f4c83c1,JP,labor,労務単価,サッシ工,所定労働時間内8時間あたり,人日,pref,24,三重県,,,,18700,JPY,labor_wage_8h,published_pdl,26300,原本の下段(括弧書き): 公共工事設計労務単価+必要経費(法定福利費の事業主負担額、労務管理費、宿舎費等)(試算値),2013-04,2013-04-01,mlit-roumu-h25,p18(横長の表) / p9(縦長の表),https://www.mlit.go.jp/common/000993048.pdf,PDL1.0,,
8075bedaa2d0ddde,JP,labor,労務単価,内装工,所定労働時間内8時間あたり,人日,pref,24,三重県,,,,19900,JPY,labor_wage_8h,published_pdl,28000,原本の下段(括弧書き): 公共工事設計労務単価+必要経費(法定福利費の事業主負担額、労務管理費、宿舎費等)(試算値),2013-04,2013-04-01,mlit-roumu-h25,p18(横長の表) / p9(縦長の表),https://www.mlit.go.jp/common/000993048.pdf,PDL1.0,,
a6878e651c8dcd9c,JP,labor,労務単価,ガラス工,所定労働時間内8時間あたり,人日,pref,24,三重県,,,,18100,JPY,labor_wage_8h,published_pdl,25400,原本の下段(括弧書き): 公共工事設計労務単価+必要経費(法定福利費の事業主負担額、労務管理費、宿舎費等)(試算値),2013-04,2013-04-01,mlit-roumu-h25,p18(横長の表) / p9(縦長の表),https://www.mlit.go.jp/common/000993048.pdf,PDL1.0,,
c40a334812d382ea,JP,labor,労務単価,建具工,所定労働時間内8時間あたり,人日,pref,24,三重県,,,,18300,JPY,labor_wage_8h,published_pdl,25700,原本の下段(括弧書き): 公共工事設計労務単価+必要経費(法定福利費の事業主負担額、労務管理費、宿舎費等)(試算値),2013-04,2013-04-01,mlit-roumu-h25,p18(横長の表) / p9(縦長の表),https://www.mlit.go.jp/common/000993048.pdf,PDL1.0,,
0cd18410d6bfddc9,JP,labor,労務単価,ダクト工,所定労働時間内8時間あたり,人日,pref,24,三重県,,,,17100,JPY,labor_wage_8h,published_pdl,24000,原本の下段(括弧書き): 公共工事設計労務単価+必要経費(法定福利費の事業主負担額、労務管理費、宿舎費等)(試算値),2013-04,2013-04-01,mlit-roumu-h25,p18(横長の表) / p9(縦長の表),https://www.mlit.go.jp/common/000993048.pdf,PDL1.0,,
1fd40a0ca033539a,JP,labor,労務単価,保温工,所定労働時間内8時間あたり,人日,pref,24,三重県,,,,18200,JPY,labor_wage_8h,published_pdl,25600,原本の下段(括弧書き): 公共工事設計労務単価+必要経費(法定福利費の事業主負担額、労務管理費、宿舎費等)(試算値),2013-04,2013-04-01,mlit-roumu-h25,p18(横長の表) / p9(縦長の表),https://www.mlit.go.jp/common/000993048.pdf,PDL1.0,,
e8721fc790d40f1c,JP,labor,労務単価,建築ブロック工,所定労働時間内8時間あたり,人日,pref,24,三重県,,,,21500,JPY,labor_wage_8h,published_pdl,30200,原本の下段(括弧書き): 公共工事設計労務単価+必要経費(法定福利費の事業主負担額、労務管理費、宿舎費等)(試算値),2013-04,2013-04-01,mlit-roumu-h25,p18(横長の表) / p9(縦長の表),https://www.mlit.go.jp/common/000993048.pdf,PDL1.0,,
54bc5feb508bf14e,JP,labor,労務単価,設備機械工,所定労働時間内8時間あたり,人日,pref,24,三重県,,,,20600,JPY,labor_wage_8h,published_pdl,29000,原本の下段(括弧書き): 公共工事設計労務単価+必要経費(法定福利費の事業主負担額、労務管理費、宿舎費等)(試算値),2013-04,2013-04-01,mlit-roumu-h25,p18(横長の表) / p9(縦長の表),https://www.mlit.go.jp/common/000993048.pdf,PDL1.0,,
65808a166e86b9cf,JP,labor,労務単価,交通誘導員Ａ,所定労働時間内8時間あたり,人日,pref,24,三重県,,,,10000,JPY,labor_wage_8h,published_pdl,14100,原本の下段(括弧書き): 公共工事設計労務単価+必要経費(法定福利費の事業主負担額、労務管理費、宿舎費等)(試算値),2013-04,2013-04-01,mlit-roumu-h25,p18(横長の表) / p9(縦長の表),https://www.mlit.go.jp/common/000993048.pdf,PDL1.0,,
04f0b0784d27ab36,JP,labor,労務単価,交通誘導員Ｂ,所定労働時間内8時間あたり,人日,pref,24,三重県,,,,8700,JPY,labor_wage_8h,published_pdl,12200,原本の下段(括弧書き): 公共工事設計労務単価+必要経費(法定福利費の事業主負担額、労務管理費、宿舎費等)(試算値),2013-04,2013-04-01,mlit-roumu-h25,p18(横長の表) / p9(縦長の表),https://www.mlit.go.jp/common/000993048.pdf,PDL1.0,,
3b407073183889b3,JP,labor,労務単価,特殊作業員,所定労働時間内8時間あたり,人日,pref,25,滋賀県,,,,17400,JPY,labor_wage_8h,published_pdl,24500,原本の下段(括弧書き): 公共工事設計労務単価+必要経費(法定福利費の事業主負担額、労務管理費、宿舎費等)(試算値),2013-04,2013-04-01,mlit-roumu-h25,p16(横長の表) / p5(縦長の表),https://www.mlit.go.jp/common/000993048.pdf,PDL1.0,,
db351578fc5c44f2,JP,labor,労務単価,普通作業員,所定労働時間内8時間あたり,人日,pref,25,滋賀県,,,,15000,JPY,labor_wage_8h,published_pdl,21100,原本の下段(括弧書き): 公共工事設計労務単価+必要経費(法定福利費の事業主負担額、労務管理費、宿舎費等)(試算値),2013-04,2013-04-01,mlit-roumu-h25,p16(横長の表) / p5(縦長の表),https://www.mlit.go.jp/common/000993048.pdf,PDL1.0,,
376a96f94ded1bdb,JP,labor,労務単価,軽作業員,所定労働時間内8時間あたり,人日,pref,25,滋賀県,,,,11400,JPY,labor_wage_8h,published_pdl,16000,原本の下段(括弧書き): 公共工事設計労務単価+必要経費(法定福利費の事業主負担額、労務管理費、宿舎費等)(試算値),2013-04,2013-04-01,mlit-roumu-h25,p16(横長の表) / p5(縦長の表),https://www.mlit.go.jp/common/000993048.pdf,PDL1.0,,
4bd8811ad3444240,JP,labor,労務単価,造園工,所定労働時間内8時間あたり,人日,pref,25,滋賀県,,,,17500,JPY,labor_wage_8h,published_pdl,24600,原本の下段(括弧書き): 公共工事設計労務単価+必要経費(法定福利費の事業主負担額、労務管理費、宿舎費等)(試算値),2013-04,2013-04-01,mlit-roumu-h25,p16(横長の表) / p5(縦長の表),https://www.mlit.go.jp/common/000993048.pdf,PDL1.0,,
d5812f2268c535ab,JP,labor,労務単価,法面工,所定労働時間内8時間あたり,人日,pref,25,滋賀県,,,,18600,JPY,labor_wage_8h,published_pdl,26200,原本の下段(括弧書き): 公共工事設計労務単価+必要経費(法定福利費の事業主負担額、労務管理費、宿舎費等)(試算値),2013-04,2013-04-01,mlit-roumu-h25,p16(横長の表) / p5(縦長の表),https://www.mlit.go.jp/common/000993048.pdf,PDL1.0,,
6e38dac34c69122d,JP,labor,労務単価,とび工,所定労働時間内8時間あたり,人日,pref,25,滋賀県,,,,19200,JPY,labor_wage_8h,published_pdl,27000,原本の下段(括弧書き): 公共工事設計労務単価+必要経費(法定福利費の事業主負担額、労務管理費、宿舎費等)(試算値),2013-04,2013-04-01,mlit-roumu-h25,p16(横長の表) / p5(縦長の表),https://www.mlit.go.jp/common/000993048.pdf,PDL1.0,,
2fc4e486d8cf4578,JP,labor,労務単価,石工,所定労働時間内8時間あたり,人日,pref,25,滋賀県,,,,,JPY,labor_wage_8h,not_set,,,2013-04,2013-04-01,mlit-roumu-h25,p16(横長の表) / p5(縦長の表),https://www.mlit.go.jp/common/000993048.pdf,PDL1.0,,原本の表で『-』(この都道府県ではこの職種の単価を設定していない)
99ad540c1e6309a6,JP,labor,労務単価,ブロック工,所定労働時間内8時間あたり,人日,pref,25,滋賀県,,,,21100,JPY,labor_wage_8h,published_pdl,29700,原本の下段(括弧書き): 公共工事設計労務単価+必要経費(法定福利費の事業主負担額、労務管理費、宿舎費等)(試算値),2013-04,2013-04-01,mlit-roumu-h25,p16(横長の表) / p5(縦長の表),https://www.mlit.go.jp/common/000993048.pdf,PDL1.0,,
f72a9b1af3b39312,JP,labor,労務単価,電工,所定労働時間内8時間あたり,人日,pref,25,滋賀県,,,,17600,JPY,labor_wage_8h,published_pdl,24700,原本の下段(括弧書き): 公共工事設計労務単価+必要経費(法定福利費の事業主負担額、労務管理費、宿舎費等)(試算値),2013-04,2013-04-01,mlit-roumu-h25,p16(横長の表) / p5(縦長の表),https://www.mlit.go.jp/common/000993048.pdf,PDL1.0,,
75bea7d085a76475,JP,labor,労務単価,鉄筋工,所定労働時間内8時間あたり,人日,pref,25,滋賀県,,,,18500,JPY,labor_wage_8h,published_pdl,26000,原本の下段(括弧書き): 公共工事設計労務単価+必要経費(法定福利費の事業主負担額、労務管理費、宿舎費等)(試算値),2013-04,2013-04-01,mlit-roumu-h25,p16(横長の表) / p5(縦長の表),https://www.mlit.go.jp/common/000993048.pdf,PDL1.0,,
381569f733391cf0,JP,labor,労務単価,鉄骨工,所定労働時間内8時間あたり,人日,pref,25,滋賀県,,,,17800,JPY,labor_wage_8h,published_pdl,25000,原本の下段(括弧書き): 公共工事設計労務単価+必要経費(法定福利費の事業主負担額、労務管理費、宿舎費等)(試算値),2013-04,2013-04-01,mlit-roumu-h25,p16(横長の表) / p6(縦長の表),https://www.mlit.go.jp/common/000993048.pdf,PDL1.0,,
12b0c37826e999f4,JP,labor,労務単価,塗装工,所定労働時間内8時間あたり,人日,pref,25,滋賀県,,,,18800,JPY,labor_wage_8h,published_pdl,26400,原本の下段(括弧書き): 公共工事設計労務単価+必要経費(法定福利費の事業主負担額、労務管理費、宿舎費等)(試算値),2013-04,2013-04-01,mlit-roumu-h25,p16(横長の表) / p6(縦長の表),https://www.mlit.go.jp/common/000993048.pdf,PDL1.0,,
2dcdbd2bfe828611,JP,labor,労務単価,溶接工,所定労働時間内8時間あたり,人日,pref,25,滋賀県,,,,19600,JPY,labor_wage_8h,published_pdl,27600,原本の下段(括弧書き): 公共工事設計労務単価+必要経費(法定福利費の事業主負担額、労務管理費、宿舎費等)(試算値),2013-04,2013-04-01,mlit-roumu-h25,p16(横長の表) / p6(縦長の表),https://www.mlit.go.jp/common/000993048.pdf,PDL1.0,,
4d408668f6fa3c7b,JP,labor,労務単価,運転手（特殊）,所定労働時間内8時間あたり,人日,pref,25,滋賀県,,,,17600,JPY,labor_wage_8h,published_pdl,24700,原本の下段(括弧書き): 公共工事設計労務単価+必要経費(法定福利費の事業主負担額、労務管理費、宿舎費等)(試算値),2013-04,2013-04-01,mlit-roumu-h25,p16(横長の表) / p6(縦長の表),https://www.mlit.go.jp/common/000993048.pdf,PDL1.0,,
60cc969a39b978e2,JP,labor,労務単価,運転手（一般）,所定労働時間内8時間あたり,人日,pref,25,滋賀県,,,,15600,JPY,labor_wage_8h,published_pdl,21900,原本の下段(括弧書き): 公共工事設計労務単価+必要経費(法定福利費の事業主負担額、労務管理費、宿舎費等)(試算値),2013-04,2013-04-01,mlit-roumu-h25,p16(横長の表) / p6(縦長の表),https://www.mlit.go.jp/common/000993048.pdf,PDL1.0,,
ee2ee2bd7d19a0da,JP,labor,労務単価,潜かん工,所定労働時間内8時間あたり,人日,pref,25,滋賀県,,,,23700,JPY,labor_wage_8h,published_pdl,33300,原本の下段(括弧書き): 公共工事設計労務単価+必要経費(法定福利費の事業主負担額、労務管理費、宿舎費等)(試算値),2013-04,2013-04-01,mlit-roumu-h25,p16(横長の表) / p6(縦長の表),https://www.mlit.go.jp/common/000993048.pdf,PDL1.0,,
461da7c7f63b4507,JP,labor,労務単価,潜かん世話役,所定労働時間内8時間あたり,人日,pref,25,滋賀県,,,,28100,JPY,labor_wage_8h,published_pdl,39500,原本の下段(括弧書き): 公共工事設計労務単価+必要経費(法定福利費の事業主負担額、労務管理費、宿舎費等)(試算値),2013-04,2013-04-01,mlit-roumu-h25,p16(横長の表) / p6(縦長の表),https://www.mlit.go.jp/common/000993048.pdf,PDL1.0,,
62a3884fc02e0fd0,JP,labor,労務単価,さく岩工,所定労働時間内8時間あたり,人日,pref,25,滋賀県,,,,19300,JPY,labor_wage_8h,published_pdl,27100,原本の下段(括弧書き): 公共工事設計労務単価+必要経費(法定福利費の事業主負担額、労務管理費、宿舎費等)(試算値),2013-04,2013-04-01,mlit-roumu-h25,p16(横長の表) / p6(縦長の表),https://www.mlit.go.jp/common/000993048.pdf,PDL1.0,,
37dacfc8803a444a,JP,labor,労務単価,トンネル特殊工,所定労働時間内8時間あたり,人日,pref,25,滋賀県,,,,23400,JPY,labor_wage_8h,published_pdl,32900,原本の下段(括弧書き): 公共工事設計労務単価+必要経費(法定福利費の事業主負担額、労務管理費、宿舎費等)(試算値),2013-04,2013-04-01,mlit-roumu-h25,p16(横長の表) / p6(縦長の表),https://www.mlit.go.jp/common/000993048.pdf,PDL1.0,,
4ccbf78ca5da8a48,JP,labor,労務単価,トンネル作業員,所定労働時間内8時間あたり,人日,pref,25,滋賀県,,,,17800,JPY,labor_wage_8h,published_pdl,25000,原本の下段(括弧書き): 公共工事設計労務単価+必要経費(法定福利費の事業主負担額、労務管理費、宿舎費等)(試算値),2013-04,2013-04-01,mlit-roumu-h25,p16(横長の表) / p6(縦長の表),https://www.mlit.go.jp/common/000993048.pdf,PDL1.0,,
180484ea761acc26,JP,labor,労務単価,トンネル世話役,所定労働時間内8時間あたり,人日,pref,25,滋賀県,,,,23800,JPY,labor_wage_8h,published_pdl,33500,原本の下段(括弧書き): 公共工事設計労務単価+必要経費(法定福利費の事業主負担額、労務管理費、宿舎費等)(試算値),2013-04,2013-04-01,mlit-roumu-h25,p17(横長の表) / p7(縦長の表),https://www.mlit.go.jp/common/000993048.pdf,PDL1.0,,
fd28dd89c30270e8,JP,labor,労務単価,橋りょう特殊工,所定労働時間内8時間あたり,人日,pref,25,滋賀県,,,,22800,JPY,labor_wage_8h,published_pdl,32100,原本の下段(括弧書き): 公共工事設計労務単価+必要経費(法定福利費の事業主負担額、労務管理費、宿舎費等)(試算値),2013-04,2013-04-01,mlit-roumu-h25,p17(横長の表) / p7(縦長の表),https://www.mlit.go.jp/common/000993048.pdf,PDL1.0,,
0512350d98ace1be,JP,labor,労務単価,橋りょう塗装工,所定労働時間内8時間あたり,人日,pref,25,滋賀県,,,,23900,JPY,labor_wage_8h,published_pdl,33600,原本の下段(括弧書き): 公共工事設計労務単価+必要経費(法定福利費の事業主負担額、労務管理費、宿舎費等)(試算値),2013-04,2013-04-01,mlit-roumu-h25,p17(横長の表) / p7(縦長の表),https://www.mlit.go.jp/common/000993048.pdf,PDL1.0,,
31a33c8cb7be22b9,JP,labor,労務単価,橋りょう世話役,所定労働時間内8時間あたり,人日,pref,25,滋賀県,,,,26400,JPY,labor_wage_8h,published_pdl,37100,原本の下段(括弧書き): 公共工事設計労務単価+必要経費(法定福利費の事業主負担額、労務管理費、宿舎費等)(試算値),2013-04,2013-04-01,mlit-roumu-h25,p17(横長の表) / p7(縦長の表),https://www.mlit.go.jp/common/000993048.pdf,PDL1.0,,
6768262fa053c60a,JP,labor,労務単価,土木一般世話役,所定労働時間内8時間あたり,人日,pref,25,滋賀県,,,,19700,JPY,labor_wage_8h,published_pdl,27700,原本の下段(括弧書き): 公共工事設計労務単価+必要経費(法定福利費の事業主負担額、労務管理費、宿舎費等)(試算値),2013-04,2013-04-01,mlit-roumu-h25,p17(横長の表) / p7(縦長の表),https://www.mlit.go.jp/common/000993048.pdf,PDL1.0,,
a925052d43efa6af,JP,labor,労務単価,高級船員,所定労働時間内8時間あたり,人日,pref,25,滋賀県,,,,22700,JPY,labor_wage_8h,published_pdl,31900,原本の下段(括弧書き): 公共工事設計労務単価+必要経費(法定福利費の事業主負担額、労務管理費、宿舎費等)(試算値),2013-04,2013-04-01,mlit-roumu-h25,p17(横長の表) / p7(縦長の表),https://www.mlit.go.jp/common/000993048.pdf,PDL1.0,,
04a964518b3a1dfe,JP,labor,労務単価,普通船員,所定労働時間内8時間あたり,人日,pref,25,滋賀県,,,,17700,JPY,labor_wage_8h,published_pdl,24900,原本の下段(括弧書き): 公共工事設計労務単価+必要経費(法定福利費の事業主負担額、労務管理費、宿舎費等)(試算値),2013-04,2013-04-01,mlit-roumu-h25,p17(横長の表) / p7(縦長の表),https://www.mlit.go.jp/common/000993048.pdf,PDL1.0,,
6c60f2d623b9e277,JP,labor,労務単価,潜水士,所定労働時間内8時間あたり,人日,pref,25,滋賀県,,,,26200,JPY,labor_wage_8h,published_pdl,36800,原本の下段(括弧書き): 公共工事設計労務単価+必要経費(法定福利費の事業主負担額、労務管理費、宿舎費等)(試算値),2013-04,2013-04-01,mlit-roumu-h25,p17(横長の表) / p7(縦長の表),https://www.mlit.go.jp/common/000993048.pdf,PDL1.0,,
d1c7c8229902dd3e,JP,labor,労務単価,潜水連絡員,所定労働時間内8時間あたり,人日,pref,25,滋賀県,,,,19300,JPY,labor_wage_8h,published_pdl,27100,原本の下段(括弧書き): 公共工事設計労務単価+必要経費(法定福利費の事業主負担額、労務管理費、宿舎費等)(試算値),2013-04,2013-04-01,mlit-roumu-h25,p17(横長の表) / p7(縦長の表),https://www.mlit.go.jp/common/000993048.pdf,PDL1.0,,
829c9c0951cf5e63,JP,labor,労務単価,潜水送気員,所定労働時間内8時間あたり,人日,pref,25,滋賀県,,,,18700,JPY,labor_wage_8h,published_pdl,26300,原本の下段(括弧書き): 公共工事設計労務単価+必要経費(法定福利費の事業主負担額、労務管理費、宿舎費等)(試算値),2013-04,2013-04-01,mlit-roumu-h25,p17(横長の表) / p7(縦長の表),https://www.mlit.go.jp/common/000993048.pdf,PDL1.0,,
60c63441860b5de9,JP,labor,労務単価,山林砂防工,所定労働時間内8時間あたり,人日,pref,25,滋賀県,,,,19500,JPY,labor_wage_8h,published_pdl,27400,原本の下段(括弧書き): 公共工事設計労務単価+必要経費(法定福利費の事業主負担額、労務管理費、宿舎費等)(試算値),2013-04,2013-04-01,mlit-roumu-h25,p17(横長の表) / p8(縦長の表),https://www.mlit.go.jp/common/000993048.pdf,PDL1.0,,
6dcf7fb8d147983a,JP,labor,労務単価,軌道工,所定労働時間内8時間あたり,人日,pref,25,滋賀県,,,,28500,JPY,labor_wage_8h,published_pdl,40100,原本の下段(括弧書き): 公共工事設計労務単価+必要経費(法定福利費の事業主負担額、労務管理費、宿舎費等)(試算値),2013-04,2013-04-01,mlit-roumu-h25,p17(横長の表) / p8(縦長の表),https://www.mlit.go.jp/common/000993048.pdf,PDL1.0,,
c0cadcaca3741135,JP,labor,労務単価,型わく工,所定労働時間内8時間あたり,人日,pref,25,滋賀県,,,,17700,JPY,labor_wage_8h,published_pdl,24900,原本の下段(括弧書き): 公共工事設計労務単価+必要経費(法定福利費の事業主負担額、労務管理費、宿舎費等)(試算値),2013-04,2013-04-01,mlit-roumu-h25,p17(横長の表) / p8(縦長の表),https://www.mlit.go.jp/common/000993048.pdf,PDL1.0,,
84bc859106062f54,JP,labor,労務単価,大工,所定労働時間内8時間あたり,人日,pref,25,滋賀県,,,,18100,JPY,labor_wage_8h,published_pdl,25400,原本の下段(括弧書き): 公共工事設計労務単価+必要経費(法定福利費の事業主負担額、労務管理費、宿舎費等)(試算値),2013-04,2013-04-01,mlit-roumu-h25,p17(横長の表) / p8(縦長の表),https://www.mlit.go.jp/common/000993048.pdf,PDL1.0,,
2204a601aef94bd1,JP,labor,労務単価,左官,所定労働時間内8時間あたり,人日,pref,25,滋賀県,,,,17700,JPY,labor_wage_8h,published_pdl,24900,原本の下段(括弧書き): 公共工事設計労務単価+必要経費(法定福利費の事業主負担額、労務管理費、宿舎費等)(試算値),2013-04,2013-04-01,mlit-roumu-h25,p17(横長の表) / p8(縦長の表),https://www.mlit.go.jp/common/000993048.pdf,PDL1.0,,
af3d00094116b4ba,JP,labor,労務単価,配管工,所定労働時間内8時間あたり,人日,pref,25,滋賀県,,,,17800,JPY,labor_wage_8h,published_pdl,25000,原本の下段(括弧書き): 公共工事設計労務単価+必要経費(法定福利費の事業主負担額、労務管理費、宿舎費等)(試算値),2013-04,2013-04-01,mlit-roumu-h25,p17(横長の表) / p8(縦長の表),https://www.mlit.go.jp/common/000993048.pdf,PDL1.0,,
5cd7c02e5569cf14,JP,labor,労務単価,はつり工,所定労働時間内8時間あたり,人日,pref,25,滋賀県,,,,18600,JPY,labor_wage_8h,published_pdl,26200,原本の下段(括弧書き): 公共工事設計労務単価+必要経費(法定福利費の事業主負担額、労務管理費、宿舎費等)(試算値),2013-04,2013-04-01,mlit-roumu-h25,p17(横長の表) / p8(縦長の表),https://www.mlit.go.jp/common/000993048.pdf,PDL1.0,,
eca95de07e47b1b7,JP,labor,労務単価,防水工,所定労働時間内8時間あたり,人日,pref,25,滋賀県,,,,19000,JPY,labor_wage_8h,published_pdl,26700,原本の下段(括弧書き): 公共工事設計労務単価+必要経費(法定福利費の事業主負担額、労務管理費、宿舎費等)(試算値),2013-04,2013-04-01,mlit-roumu-h25,p17(横長の表) / p8(縦長の表),https://www.mlit.go.jp/common/000993048.pdf,PDL1.0,,
73dc2a2c37ac7ee7,JP,labor,労務単価,板金工,所定労働時間内8時間あたり,人日,pref,25,滋賀県,,,,18300,JPY,labor_wage_8h,published_pdl,25700,原本の下段(括弧書き): 公共工事設計労務単価+必要経費(法定福利費の事業主負担額、労務管理費、宿舎費等)(試算値),2013-04,2013-04-01,mlit-roumu-h25,p17(横長の表) / p8(縦長の表),https://www.mlit.go.jp/common/000993048.pdf,PDL1.0,,
bd3ef29e83ba1114,JP,labor,労務単価,タイル工,所定労働時間内8時間あたり,人日,pref,25,滋賀県,,,,17600,JPY,labor_wage_8h,published_pdl,24700,原本の下段(括弧書き): 公共工事設計労務単価+必要経費(法定福利費の事業主負担額、労務管理費、宿舎費等)(試算値),2013-04,2013-04-01,mlit-roumu-h25,p17(横長の表) / p8(縦長の表),https://www.mlit.go.jp/common/000993048.pdf,PDL1.0,,
59c15204f84f5bdb,JP,labor,労務単価,サッシ工,所定労働時間内8時間あたり,人日,pref,25,滋賀県,,,,18200,JPY,labor_wage_8h,published_pdl,25600,原本の下段(括弧書き): 公共工事設計労務単価+必要経費(法定福利費の事業主負担額、労務管理費、宿舎費等)(試算値),2013-04,2013-04-01,mlit-roumu-h25,p18(横長の表) / p9(縦長の表),https://www.mlit.go.jp/common/000993048.pdf,PDL1.0,,
d228a96ce12e8651,JP,labor,労務単価,内装工,所定労働時間内8時間あたり,人日,pref,25,滋賀県,,,,18500,JPY,labor_wage_8h,published_pdl,26000,原本の下段(括弧書き): 公共工事設計労務単価+必要経費(法定福利費の事業主負担額、労務管理費、宿舎費等)(試算値),2013-04,2013-04-01,mlit-roumu-h25,p18(横長の表) / p9(縦長の表),https://www.mlit.go.jp/common/000993048.pdf,PDL1.0,,
4380023c4523bf71,JP,labor,労務単価,ガラス工,所定労働時間内8時間あたり,人日,pref,25,滋賀県,,,,18100,JPY,labor_wage_8h,published_pdl,25400,原本の下段(括弧書き): 公共工事設計労務単価+必要経費(法定福利費の事業主負担額、労務管理費、宿舎費等)(試算値),2013-04,2013-04-01,mlit-roumu-h25,p18(横長の表) / p9(縦長の表),https://www.mlit.go.jp/common/000993048.pdf,PDL1.0,,
5e7d0008260cedb2,JP,labor,労務単価,建具工,所定労働時間内8時間あたり,人日,pref,25,滋賀県,,,,18200,JPY,labor_wage_8h,published_pdl,25600,原本の下段(括弧書き): 公共工事設計労務単価+必要経費(法定福利費の事業主負担額、労務管理費、宿舎費等)(試算値),2013-04,2013-04-01,mlit-roumu-h25,p18(横長の表) / p9(縦長の表),https://www.mlit.go.jp/common/000993048.pdf,PDL1.0,,
6c997f91779ded53,JP,labor,労務単価,ダクト工,所定労働時間内8時間あたり,人日,pref,25,滋賀県,,,,16200,JPY,labor_wage_8h,published_pdl,22800,原本の下段(括弧書き): 公共工事設計労務単価+必要経費(法定福利費の事業主負担額、労務管理費、宿舎費等)(試算値),2013-04,2013-04-01,mlit-roumu-h25,p18(横長の表) / p9(縦長の表),https://www.mlit.go.jp/common/000993048.pdf,PDL1.0,,
72087d5c7fccf377,JP,labor,労務単価,保温工,所定労働時間内8時間あたり,人日,pref,25,滋賀県,,,,19100,JPY,labor_wage_8h,published_pdl,26900,原本の下段(括弧書き): 公共工事設計労務単価+必要経費(法定福利費の事業主負担額、労務管理費、宿舎費等)(試算値),2013-04,2013-04-01,mlit-roumu-h25,p18(横長の表) / p9(縦長の表),https://www.mlit.go.jp/common/000993048.pdf,PDL1.0,,
d4569ce55aba5a5c,JP,labor,労務単価,建築ブロック工,所定労働時間内8時間あたり,人日,pref,25,滋賀県,,,,,JPY,labor_wage_8h,not_set,,,2013-04,2013-04-01,mlit-roumu-h25,p18(横長の表) / p9(縦長の表),https://www.mlit.go.jp/common/000993048.pdf,PDL1.0,,原本の表で『-』(この都道府県ではこの職種の単価を設定していない)
558b1a7a75b0600f,JP,labor,労務単価,設備機械工,所定労働時間内8時間あたり,人日,pref,25,滋賀県,,,,19600,JPY,labor_wage_8h,published_pdl,27600,原本の下段(括弧書き): 公共工事設計労務単価+必要経費(法定福利費の事業主負担額、労務管理費、宿舎費等)(試算値),2013-04,2013-04-01,mlit-roumu-h25,p18(横長の表) / p9(縦長の表),https://www.mlit.go.jp/common/000993048.pdf,PDL1.0,,
523c010bbd88857e,JP,labor,労務単価,交通誘導員Ａ,所定労働時間内8時間あたり,人日,pref,25,滋賀県,,,,9900,JPY,labor_wage_8h,published_pdl,13900,原本の下段(括弧書き): 公共工事設計労務単価+必要経費(法定福利費の事業主負担額、労務管理費、宿舎費等)(試算値),2013-04,2013-04-01,mlit-roumu-h25,p18(横長の表) / p9(縦長の表),https://www.mlit.go.jp/common/000993048.pdf,PDL1.0,,
2adee42eb0b4ae3e,JP,labor,労務単価,交通誘導員Ｂ,所定労働時間内8時間あたり,人日,pref,25,滋賀県,,,,8100,JPY,labor_wage_8h,published_pdl,11400,原本の下段(括弧書き): 公共工事設計労務単価+必要経費(法定福利費の事業主負担額、労務管理費、宿舎費等)(試算値),2013-04,2013-04-01,mlit-roumu-h25,p18(横長の表) / p9(縦長の表),https://www.mlit.go.jp/common/000993048.pdf,PDL1.0,,
32644d1b4cae7a5e,JP,labor,労務単価,特殊作業員,所定労働時間内8時間あたり,人日,pref,26,京都府,,,,17800,JPY,labor_wage_8h,published_pdl,25000,原本の下段(括弧書き): 公共工事設計労務単価+必要経費(法定福利費の事業主負担額、労務管理費、宿舎費等)(試算値),2013-04,2013-04-01,mlit-roumu-h25,p16(横長の表) / p5(縦長の表),https://www.mlit.go.jp/common/000993048.pdf,PDL1.0,,
b2683c9a2cd5f1c6,JP,labor,労務単価,普通作業員,所定労働時間内8時間あたり,人日,pref,26,京都府,,,,15000,JPY,labor_wage_8h,published_pdl,21100,原本の下段(括弧書き): 公共工事設計労務単価+必要経費(法定福利費の事業主負担額、労務管理費、宿舎費等)(試算値),2013-04,2013-04-01,mlit-roumu-h25,p16(横長の表) / p5(縦長の表),https://www.mlit.go.jp/common/000993048.pdf,PDL1.0,,
299f8afdf1d3612a,JP,labor,労務単価,軽作業員,所定労働時間内8時間あたり,人日,pref,26,京都府,,,,11200,JPY,labor_wage_8h,published_pdl,15700,原本の下段(括弧書き): 公共工事設計労務単価+必要経費(法定福利費の事業主負担額、労務管理費、宿舎費等)(試算値),2013-04,2013-04-01,mlit-roumu-h25,p16(横長の表) / p5(縦長の表),https://www.mlit.go.jp/common/000993048.pdf,PDL1.0,,
4eca3f2311478061,JP,labor,労務単価,造園工,所定労働時間内8時間あたり,人日,pref,26,京都府,,,,18200,JPY,labor_wage_8h,published_pdl,25600,原本の下段(括弧書き): 公共工事設計労務単価+必要経費(法定福利費の事業主負担額、労務管理費、宿舎費等)(試算値),2013-04,2013-04-01,mlit-roumu-h25,p16(横長の表) / p5(縦長の表),https://www.mlit.go.jp/common/000993048.pdf,PDL1.0,,
55ebd7eec65f5074,JP,labor,労務単価,法面工,所定労働時間内8時間あたり,人日,pref,26,京都府,,,,19600,JPY,labor_wage_8h,published_pdl,27600,原本の下段(括弧書き): 公共工事設計労務単価+必要経費(法定福利費の事業主負担額、労務管理費、宿舎費等)(試算値),2013-04,2013-04-01,mlit-roumu-h25,p16(横長の表) / p5(縦長の表),https://www.mlit.go.jp/common/000993048.pdf,PDL1.0,,
a81fa237b9c05066,JP,labor,労務単価,とび工,所定労働時間内8時間あたり,人日,pref,26,京都府,,,,18900,JPY,labor_wage_8h,published_pdl,26600,原本の下段(括弧書き): 公共工事設計労務単価+必要経費(法定福利費の事業主負担額、労務管理費、宿舎費等)(試算値),2013-04,2013-04-01,mlit-roumu-h25,p16(横長の表) / p5(縦長の表),https://www.mlit.go.jp/common/000993048.pdf,PDL1.0,,
44128db3f1ff66da,JP,labor,労務単価,石工,所定労働時間内8時間あたり,人日,pref,26,京都府,,,,,JPY,labor_wage_8h,not_set,,,2013-04,2013-04-01,mlit-roumu-h25,p16(横長の表) / p5(縦長の表),https://www.mlit.go.jp/common/000993048.pdf,PDL1.0,,原本の表で『-』(この都道府県ではこの職種の単価を設定していない)
976fe346081f353e,JP,labor,労務単価,ブロック工,所定労働時間内8時間あたり,人日,pref,26,京都府,,,,20800,JPY,labor_wage_8h,published_pdl,29200,原本の下段(括弧書き): 公共工事設計労務単価+必要経費(法定福利費の事業主負担額、労務管理費、宿舎費等)(試算値),2013-04,2013-04-01,mlit-roumu-h25,p16(横長の表) / p5(縦長の表),https://www.mlit.go.jp/common/000993048.pdf,PDL1.0,,
803b77ffb2ed6586,JP,labor,労務単価,電工,所定労働時間内8時間あたり,人日,pref,26,京都府,,,,18200,JPY,labor_wage_8h,published_pdl,25600,原本の下段(括弧書き): 公共工事設計労務単価+必要経費(法定福利費の事業主負担額、労務管理費、宿舎費等)(試算値),2013-04,2013-04-01,mlit-roumu-h25,p16(横長の表) / p5(縦長の表),https://www.mlit.go.jp/common/000993048.pdf,PDL1.0,,
ec7907208213df31,JP,labor,労務単価,鉄筋工,所定労働時間内8時間あたり,人日,pref,26,京都府,,,,18000,JPY,labor_wage_8h,published_pdl,25300,原本の下段(括弧書き): 公共工事設計労務単価+必要経費(法定福利費の事業主負担額、労務管理費、宿舎費等)(試算値),2013-04,2013-04-01,mlit-roumu-h25,p16(横長の表) / p5(縦長の表),https://www.mlit.go.jp/common/000993048.pdf,PDL1.0,,
79fad3de60fe27ac,JP,labor,労務単価,鉄骨工,所定労働時間内8時間あたり,人日,pref,26,京都府,,,,17900,JPY,labor_wage_8h,published_pdl,25200,原本の下段(括弧書き): 公共工事設計労務単価+必要経費(法定福利費の事業主負担額、労務管理費、宿舎費等)(試算値),2013-04,2013-04-01,mlit-roumu-h25,p16(横長の表) / p6(縦長の表),https://www.mlit.go.jp/common/000993048.pdf,PDL1.0,,
4ea7f82f93cec232,JP,labor,労務単価,塗装工,所定労働時間内8時間あたり,人日,pref,26,京都府,,,,19300,JPY,labor_wage_8h,published_pdl,27100,原本の下段(括弧書き): 公共工事設計労務単価+必要経費(法定福利費の事業主負担額、労務管理費、宿舎費等)(試算値),2013-04,2013-04-01,mlit-roumu-h25,p16(横長の表) / p6(縦長の表),https://www.mlit.go.jp/common/000993048.pdf,PDL1.0,,
4e671eeba9e485b5,JP,labor,労務単価,溶接工,所定労働時間内8時間あたり,人日,pref,26,京都府,,,,19300,JPY,labor_wage_8h,published_pdl,27100,原本の下段(括弧書き): 公共工事設計労務単価+必要経費(法定福利費の事業主負担額、労務管理費、宿舎費等)(試算値),2013-04,2013-04-01,mlit-roumu-h25,p16(横長の表) / p6(縦長の表),https://www.mlit.go.jp/common/000993048.pdf,PDL1.0,,
508f1a173c8c58ac,JP,labor,労務単価,運転手（特殊）,所定労働時間内8時間あたり,人日,pref,26,京都府,,,,17500,JPY,labor_wage_8h,published_pdl,24600,原本の下段(括弧書き): 公共工事設計労務単価+必要経費(法定福利費の事業主負担額、労務管理費、宿舎費等)(試算値),2013-04,2013-04-01,mlit-roumu-h25,p16(横長の表) / p6(縦長の表),https://www.mlit.go.jp/common/000993048.pdf,PDL1.0,,
945d418ac034f029,JP,labor,労務単価,運転手（一般）,所定労働時間内8時間あたり,人日,pref,26,京都府,,,,15400,JPY,labor_wage_8h,published_pdl,21700,原本の下段(括弧書き): 公共工事設計労務単価+必要経費(法定福利費の事業主負担額、労務管理費、宿舎費等)(試算値),2013-04,2013-04-01,mlit-roumu-h25,p16(横長の表) / p6(縦長の表),https://www.mlit.go.jp/common/000993048.pdf,PDL1.0,,
8ccad4edabc47aab,JP,labor,労務単価,潜かん工,所定労働時間内8時間あたり,人日,pref,26,京都府,,,,23700,JPY,labor_wage_8h,published_pdl,33300,原本の下段(括弧書き): 公共工事設計労務単価+必要経費(法定福利費の事業主負担額、労務管理費、宿舎費等)(試算値),2013-04,2013-04-01,mlit-roumu-h25,p16(横長の表) / p6(縦長の表),https://www.mlit.go.jp/common/000993048.pdf,PDL1.0,,
4d5dd355d5388409,JP,labor,労務単価,潜かん世話役,所定労働時間内8時間あたり,人日,pref,26,京都府,,,,28100,JPY,labor_wage_8h,published_pdl,39500,原本の下段(括弧書き): 公共工事設計労務単価+必要経費(法定福利費の事業主負担額、労務管理費、宿舎費等)(試算値),2013-04,2013-04-01,mlit-roumu-h25,p16(横長の表) / p6(縦長の表),https://www.mlit.go.jp/common/000993048.pdf,PDL1.0,,
69422c1ae9f52157,JP,labor,労務単価,さく岩工,所定労働時間内8時間あたり,人日,pref,26,京都府,,,,19300,JPY,labor_wage_8h,published_pdl,27100,原本の下段(括弧書き): 公共工事設計労務単価+必要経費(法定福利費の事業主負担額、労務管理費、宿舎費等)(試算値),2013-04,2013-04-01,mlit-roumu-h25,p16(横長の表) / p6(縦長の表),https://www.mlit.go.jp/common/000993048.pdf,PDL1.0,,
76640007304a48f9,JP,labor,労務単価,トンネル特殊工,所定労働時間内8時間あたり,人日,pref,26,京都府,,,,21300,JPY,labor_wage_8h,published_pdl,29900,原本の下段(括弧書き): 公共工事設計労務単価+必要経費(法定福利費の事業主負担額、労務管理費、宿舎費等)(試算値),2013-04,2013-04-01,mlit-roumu-h25,p16(横長の表) / p6(縦長の表),https://www.mlit.go.jp/common/000993048.pdf,PDL1.0,,
dc8abeaabf6c5597,JP,labor,労務単価,トンネル作業員,所定労働時間内8時間あたり,人日,pref,26,京都府,,,,17800,JPY,labor_wage_8h,published_pdl,25000,原本の下段(括弧書き): 公共工事設計労務単価+必要経費(法定福利費の事業主負担額、労務管理費、宿舎費等)(試算値),2013-04,2013-04-01,mlit-roumu-h25,p16(横長の表) / p6(縦長の表),https://www.mlit.go.jp/common/000993048.pdf,PDL1.0,,
fd365149b7b72c31,JP,labor,労務単価,トンネル世話役,所定労働時間内8時間あたり,人日,pref,26,京都府,,,,23800,JPY,labor_wage_8h,published_pdl,33500,原本の下段(括弧書き): 公共工事設計労務単価+必要経費(法定福利費の事業主負担額、労務管理費、宿舎費等)(試算値),2013-04,2013-04-01,mlit-roumu-h25,p17(横長の表) / p7(縦長の表),https://www.mlit.go.jp/common/000993048.pdf,PDL1.0,,
b2e2238c8b6b9af3,JP,labor,労務単価,橋りょう特殊工,所定労働時間内8時間あたり,人日,pref,26,京都府,,,,22800,JPY,labor_wage_8h,published_pdl,32100,原本の下段(括弧書き): 公共工事設計労務単価+必要経費(法定福利費の事業主負担額、労務管理費、宿舎費等)(試算値),2013-04,2013-04-01,mlit-roumu-h25,p17(横長の表) / p7(縦長の表),https://www.mlit.go.jp/common/000993048.pdf,PDL1.0,,
4e4819072ceed67b,JP,labor,労務単価,橋りょう塗装工,所定労働時間内8時間あたり,人日,pref,26,京都府,,,,23900,JPY,labor_wage_8h,published_pdl,33600,原本の下段(括弧書き): 公共工事設計労務単価+必要経費(法定福利費の事業主負担額、労務管理費、宿舎費等)(試算値),2013-04,2013-04-01,mlit-roumu-h25,p17(横長の表) / p7(縦長の表),https://www.mlit.go.jp/common/000993048.pdf,PDL1.0,,
4583884b61c795ee,JP,labor,労務単価,橋りょう世話役,所定労働時間内8時間あたり,人日,pref,26,京都府,,,,26400,JPY,labor_wage_8h,published_pdl,37100,原本の下段(括弧書き): 公共工事設計労務単価+必要経費(法定福利費の事業主負担額、労務管理費、宿舎費等)(試算値),2013-04,2013-04-01,mlit-roumu-h25,p17(横長の表) / p7(縦長の表),https://www.mlit.go.jp/common/000993048.pdf,PDL1.0,,
eadcc64f2a7cccca,JP,labor,労務単価,土木一般世話役,所定労働時間内8時間あたり,人日,pref,26,京都府,,,,19800,JPY,labor_wage_8h,published_pdl,27800,原本の下段(括弧書き): 公共工事設計労務単価+必要経費(法定福利費の事業主負担額、労務管理費、宿舎費等)(試算値),2013-04,2013-04-01,mlit-roumu-h25,p17(横長の表) / p7(縦長の表),https://www.mlit.go.jp/common/000993048.pdf,PDL1.0,,
5832f365a4f40ee3,JP,labor,労務単価,高級船員,所定労働時間内8時間あたり,人日,pref,26,京都府,,,,22700,JPY,labor_wage_8h,published_pdl,31900,原本の下段(括弧書き): 公共工事設計労務単価+必要経費(法定福利費の事業主負担額、労務管理費、宿舎費等)(試算値),2013-04,2013-04-01,mlit-roumu-h25,p17(横長の表) / p7(縦長の表),https://www.mlit.go.jp/common/000993048.pdf,PDL1.0,,
1453cc5959963d14,JP,labor,労務単価,普通船員,所定労働時間内8時間あたり,人日,pref,26,京都府,,,,17700,JPY,labor_wage_8h,published_pdl,24900,原本の下段(括弧書き): 公共工事設計労務単価+必要経費(法定福利費の事業主負担額、労務管理費、宿舎費等)(試算値),2013-04,2013-04-01,mlit-roumu-h25,p17(横長の表) / p7(縦長の表),https://www.mlit.go.jp/common/000993048.pdf,PDL1.0,,
ce11b7cc72b067f5,JP,labor,労務単価,潜水士,所定労働時間内8時間あたり,人日,pref,26,京都府,,,,26200,JPY,labor_wage_8h,published_pdl,36800,原本の下段(括弧書き): 公共工事設計労務単価+必要経費(法定福利費の事業主負担額、労務管理費、宿舎費等)(試算値),2013-04,2013-04-01,mlit-roumu-h25,p17(横長の表) / p7(縦長の表),https://www.mlit.go.jp/common/000993048.pdf,PDL1.0,,
2cc66b70a7362531,JP,labor,労務単価,潜水連絡員,所定労働時間内8時間あたり,人日,pref,26,京都府,,,,19300,JPY,labor_wage_8h,published_pdl,27100,原本の下段(括弧書き): 公共工事設計労務単価+必要経費(法定福利費の事業主負担額、労務管理費、宿舎費等)(試算値),2013-04,2013-04-01,mlit-roumu-h25,p17(横長の表) / p7(縦長の表),https://www.mlit.go.jp/common/000993048.pdf,PDL1.0,,
d6210a7abf6b9a04,JP,labor,労務単価,潜水送気員,所定労働時間内8時間あたり,人日,pref,26,京都府,,,,18800,JPY,labor_wage_8h,published_pdl,26400,原本の下段(括弧書き): 公共工事設計労務単価+必要経費(法定福利費の事業主負担額、労務管理費、宿舎費等)(試算値),2013-04,2013-04-01,mlit-roumu-h25,p17(横長の表) / p7(縦長の表),https://www.mlit.go.jp/common/000993048.pdf,PDL1.0,,
0c5fa60deb938429,JP,labor,労務単価,山林砂防工,所定労働時間内8時間あたり,人日,pref,26,京都府,,,,19900,JPY,labor_wage_8h,published_pdl,28000,原本の下段(括弧書き): 公共工事設計労務単価+必要経費(法定福利費の事業主負担額、労務管理費、宿舎費等)(試算値),2013-04,2013-04-01,mlit-roumu-h25,p17(横長の表) / p8(縦長の表),https://www.mlit.go.jp/common/000993048.pdf,PDL1.0,,
a2ace400be2300e8,JP,labor,労務単価,軌道工,所定労働時間内8時間あたり,人日,pref,26,京都府,,,,29800,JPY,labor_wage_8h,published_pdl,41900,原本の下段(括弧書き): 公共工事設計労務単価+必要経費(法定福利費の事業主負担額、労務管理費、宿舎費等)(試算値),2013-04,2013-04-01,mlit-roumu-h25,p17(横長の表) / p8(縦長の表),https://www.mlit.go.jp/common/000993048.pdf,PDL1.0,,
2d41fec6b0bebfd0,JP,labor,労務単価,型わく工,所定労働時間内8時間あたり,人日,pref,26,京都府,,,,19000,JPY,labor_wage_8h,published_pdl,26700,原本の下段(括弧書き): 公共工事設計労務単価+必要経費(法定福利費の事業主負担額、労務管理費、宿舎費等)(試算値),2013-04,2013-04-01,mlit-roumu-h25,p17(横長の表) / p8(縦長の表),https://www.mlit.go.jp/common/000993048.pdf,PDL1.0,,
311addc50b008a92,JP,labor,労務単価,大工,所定労働時間内8時間あたり,人日,pref,26,京都府,,,,18200,JPY,labor_wage_8h,published_pdl,25600,原本の下段(括弧書き): 公共工事設計労務単価+必要経費(法定福利費の事業主負担額、労務管理費、宿舎費等)(試算値),2013-04,2013-04-01,mlit-roumu-h25,p17(横長の表) / p8(縦長の表),https://www.mlit.go.jp/common/000993048.pdf,PDL1.0,,
111bcda40f98f4ee,JP,labor,労務単価,左官,所定労働時間内8時間あたり,人日,pref,26,京都府,,,,17800,JPY,labor_wage_8h,published_pdl,25000,原本の下段(括弧書き): 公共工事設計労務単価+必要経費(法定福利費の事業主負担額、労務管理費、宿舎費等)(試算値),2013-04,2013-04-01,mlit-roumu-h25,p17(横長の表) / p8(縦長の表),https://www.mlit.go.jp/common/000993048.pdf,PDL1.0,,
1dff5d0090164c85,JP,labor,労務単価,配管工,所定労働時間内8時間あたり,人日,pref,26,京都府,,,,18300,JPY,labor_wage_8h,published_pdl,25700,原本の下段(括弧書き): 公共工事設計労務単価+必要経費(法定福利費の事業主負担額、労務管理費、宿舎費等)(試算値),2013-04,2013-04-01,mlit-roumu-h25,p17(横長の表) / p8(縦長の表),https://www.mlit.go.jp/common/000993048.pdf,PDL1.0,,
cdeebaca5d820e4d,JP,labor,労務単価,はつり工,所定労働時間内8時間あたり,人日,pref,26,京都府,,,,18900,JPY,labor_wage_8h,published_pdl,26600,原本の下段(括弧書き): 公共工事設計労務単価+必要経費(法定福利費の事業主負担額、労務管理費、宿舎費等)(試算値),2013-04,2013-04-01,mlit-roumu-h25,p17(横長の表) / p8(縦長の表),https://www.mlit.go.jp/common/000993048.pdf,PDL1.0,,
5d9e23b8b477eeaf,JP,labor,労務単価,防水工,所定労働時間内8時間あたり,人日,pref,26,京都府,,,,19200,JPY,labor_wage_8h,published_pdl,27000,原本の下段(括弧書き): 公共工事設計労務単価+必要経費(法定福利費の事業主負担額、労務管理費、宿舎費等)(試算値),2013-04,2013-04-01,mlit-roumu-h25,p17(横長の表) / p8(縦長の表),https://www.mlit.go.jp/common/000993048.pdf,PDL1.0,,
8edec6a18d429e4b,JP,labor,労務単価,板金工,所定労働時間内8時間あたり,人日,pref,26,京都府,,,,18300,JPY,labor_wage_8h,published_pdl,25700,原本の下段(括弧書き): 公共工事設計労務単価+必要経費(法定福利費の事業主負担額、労務管理費、宿舎費等)(試算値),2013-04,2013-04-01,mlit-roumu-h25,p17(横長の表) / p8(縦長の表),https://www.mlit.go.jp/common/000993048.pdf,PDL1.0,,
2b44af3b22808e22,JP,labor,労務単価,タイル工,所定労働時間内8時間あたり,人日,pref,26,京都府,,,,17700,JPY,labor_wage_8h,published_pdl,24900,原本の下段(括弧書き): 公共工事設計労務単価+必要経費(法定福利費の事業主負担額、労務管理費、宿舎費等)(試算値),2013-04,2013-04-01,mlit-roumu-h25,p17(横長の表) / p8(縦長の表),https://www.mlit.go.jp/common/000993048.pdf,PDL1.0,,
96698a8356335c96,JP,labor,労務単価,サッシ工,所定労働時間内8時間あたり,人日,pref,26,京都府,,,,18500,JPY,labor_wage_8h,published_pdl,26000,原本の下段(括弧書き): 公共工事設計労務単価+必要経費(法定福利費の事業主負担額、労務管理費、宿舎費等)(試算値),2013-04,2013-04-01,mlit-roumu-h25,p18(横長の表) / p9(縦長の表),https://www.mlit.go.jp/common/000993048.pdf,PDL1.0,,
ae382c4ad8e1c784,JP,labor,労務単価,内装工,所定労働時間内8時間あたり,人日,pref,26,京都府,,,,18600,JPY,labor_wage_8h,published_pdl,26200,原本の下段(括弧書き): 公共工事設計労務単価+必要経費(法定福利費の事業主負担額、労務管理費、宿舎費等)(試算値),2013-04,2013-04-01,mlit-roumu-h25,p18(横長の表) / p9(縦長の表),https://www.mlit.go.jp/common/000993048.pdf,PDL1.0,,
132d43d21ae58de9,JP,labor,労務単価,ガラス工,所定労働時間内8時間あたり,人日,pref,26,京都府,,,,18100,JPY,labor_wage_8h,published_pdl,25400,原本の下段(括弧書き): 公共工事設計労務単価+必要経費(法定福利費の事業主負担額、労務管理費、宿舎費等)(試算値),2013-04,2013-04-01,mlit-roumu-h25,p18(横長の表) / p9(縦長の表),https://www.mlit.go.jp/common/000993048.pdf,PDL1.0,,
88c695a51c884a5b,JP,labor,労務単価,建具工,所定労働時間内8時間あたり,人日,pref,26,京都府,,,,18300,JPY,labor_wage_8h,published_pdl,25700,原本の下段(括弧書き): 公共工事設計労務単価+必要経費(法定福利費の事業主負担額、労務管理費、宿舎費等)(試算値),2013-04,2013-04-01,mlit-roumu-h25,p18(横長の表) / p9(縦長の表),https://www.mlit.go.jp/common/000993048.pdf,PDL1.0,,
df1a4207b20df465,JP,labor,労務単価,ダクト工,所定労働時間内8時間あたり,人日,pref,26,京都府,,,,16400,JPY,labor_wage_8h,published_pdl,23100,原本の下段(括弧書き): 公共工事設計労務単価+必要経費(法定福利費の事業主負担額、労務管理費、宿舎費等)(試算値),2013-04,2013-04-01,mlit-roumu-h25,p18(横長の表) / p9(縦長の表),https://www.mlit.go.jp/common/000993048.pdf,PDL1.0,,
09157568e00c0e9d,JP,labor,労務単価,保温工,所定労働時間内8時間あたり,人日,pref,26,京都府,,,,19100,JPY,labor_wage_8h,published_pdl,26900,原本の下段(括弧書き): 公共工事設計労務単価+必要経費(法定福利費の事業主負担額、労務管理費、宿舎費等)(試算値),2013-04,2013-04-01,mlit-roumu-h25,p18(横長の表) / p9(縦長の表),https://www.mlit.go.jp/common/000993048.pdf,PDL1.0,,
a7f6aae663891c25,JP,labor,労務単価,建築ブロック工,所定労働時間内8時間あたり,人日,pref,26,京都府,,,,,JPY,labor_wage_8h,not_set,,,2013-04,2013-04-01,mlit-roumu-h25,p18(横長の表) / p9(縦長の表),https://www.mlit.go.jp/common/000993048.pdf,PDL1.0,,原本の表で『-』(この都道府県ではこの職種の単価を設定していない)
db5ec9d9afa3e3f2,JP,labor,労務単価,設備機械工,所定労働時間内8時間あたり,人日,pref,26,京都府,,,,20200,JPY,labor_wage_8h,published_pdl,28400,原本の下段(括弧書き): 公共工事設計労務単価+必要経費(法定福利費の事業主負担額、労務管理費、宿舎費等)(試算値),2013-04,2013-04-01,mlit-roumu-h25,p18(横長の表) / p9(縦長の表),https://www.mlit.go.jp/common/000993048.pdf,PDL1.0,,
ba974de1dd6f8555,JP,labor,労務単価,交通誘導員Ａ,所定労働時間内8時間あたり,人日,pref,26,京都府,,,,9500,JPY,labor_wage_8h,published_pdl,13400,原本の下段(括弧書き): 公共工事設計労務単価+必要経費(法定福利費の事業主負担額、労務管理費、宿舎費等)(試算値),2013-04,2013-04-01,mlit-roumu-h25,p18(横長の表) / p9(縦長の表),https://www.mlit.go.jp/common/000993048.pdf,PDL1.0,,
0c066e9356993b74,JP,labor,労務単価,交通誘導員Ｂ,所定労働時間内8時間あたり,人日,pref,26,京都府,,,,8500,JPY,labor_wage_8h,published_pdl,12000,原本の下段(括弧書き): 公共工事設計労務単価+必要経費(法定福利費の事業主負担額、労務管理費、宿舎費等)(試算値),2013-04,2013-04-01,mlit-roumu-h25,p18(横長の表) / p9(縦長の表),https://www.mlit.go.jp/common/000993048.pdf,PDL1.0,,
70d8fe95f4b2ab03,JP,labor,労務単価,特殊作業員,所定労働時間内8時間あたり,人日,pref,27,大阪府,,,,17900,JPY,labor_wage_8h,published_pdl,25200,原本の下段(括弧書き): 公共工事設計労務単価+必要経費(法定福利費の事業主負担額、労務管理費、宿舎費等)(試算値),2013-04,2013-04-01,mlit-roumu-h25,p16(横長の表) / p5(縦長の表),https://www.mlit.go.jp/common/000993048.pdf,PDL1.0,,
9384b90f49391e5d,JP,labor,労務単価,普通作業員,所定労働時間内8時間あたり,人日,pref,27,大阪府,,,,14700,JPY,labor_wage_8h,published_pdl,20700,原本の下段(括弧書き): 公共工事設計労務単価+必要経費(法定福利費の事業主負担額、労務管理費、宿舎費等)(試算値),2013-04,2013-04-01,mlit-roumu-h25,p16(横長の表) / p5(縦長の表),https://www.mlit.go.jp/common/000993048.pdf,PDL1.0,,
d7ca5050f15135ba,JP,labor,労務単価,軽作業員,所定労働時間内8時間あたり,人日,pref,27,大阪府,,,,11500,JPY,labor_wage_8h,published_pdl,16200,原本の下段(括弧書き): 公共工事設計労務単価+必要経費(法定福利費の事業主負担額、労務管理費、宿舎費等)(試算値),2013-04,2013-04-01,mlit-roumu-h25,p16(横長の表) / p5(縦長の表),https://www.mlit.go.jp/common/000993048.pdf,PDL1.0,,
2df2b5365e3a710b,JP,labor,労務単価,造園工,所定労働時間内8時間あたり,人日,pref,27,大阪府,,,,18100,JPY,labor_wage_8h,published_pdl,25400,原本の下段(括弧書き): 公共工事設計労務単価+必要経費(法定福利費の事業主負担額、労務管理費、宿舎費等)(試算値),2013-04,2013-04-01,mlit-roumu-h25,p16(横長の表) / p5(縦長の表),https://www.mlit.go.jp/common/000993048.pdf,PDL1.0,,
f79c21186942bdb6,JP,labor,労務単価,法面工,所定労働時間内8時間あたり,人日,pref,27,大阪府,,,,20400,JPY,labor_wage_8h,published_pdl,28700,原本の下段(括弧書き): 公共工事設計労務単価+必要経費(法定福利費の事業主負担額、労務管理費、宿舎費等)(試算値),2013-04,2013-04-01,mlit-roumu-h25,p16(横長の表) / p5(縦長の表),https://www.mlit.go.jp/common/000993048.pdf,PDL1.0,,
4fc9c4efe8bdb65a,JP,labor,労務単価,とび工,所定労働時間内8時間あたり,人日,pref,27,大阪府,,,,20100,JPY,labor_wage_8h,published_pdl,28300,原本の下段(括弧書き): 公共工事設計労務単価+必要経費(法定福利費の事業主負担額、労務管理費、宿舎費等)(試算値),2013-04,2013-04-01,mlit-roumu-h25,p16(横長の表) / p5(縦長の表),https://www.mlit.go.jp/common/000993048.pdf,PDL1.0,,
48b6a08c7ab9ee76,JP,labor,労務単価,石工,所定労働時間内8時間あたり,人日,pref,27,大阪府,,,,,JPY,labor_wage_8h,not_set,,,2013-04,2013-04-01,mlit-roumu-h25,p16(横長の表) / p5(縦長の表),https://www.mlit.go.jp/common/000993048.pdf,PDL1.0,,原本の表で『-』(この都道府県ではこの職種の単価を設定していない)
82dc11f00b21519e,JP,labor,労務単価,ブロック工,所定労働時間内8時間あたり,人日,pref,27,大阪府,,,,20600,JPY,labor_wage_8h,published_pdl,29000,原本の下段(括弧書き): 公共工事設計労務単価+必要経費(法定福利費の事業主負担額、労務管理費、宿舎費等)(試算値),2013-04,2013-04-01,mlit-roumu-h25,p16(横長の表) / p5(縦長の表),https://www.mlit.go.jp/common/000993048.pdf,PDL1.0,,
2c910e41e45974ca,JP,labor,労務単価,電工,所定労働時間内8時間あたり,人日,pref,27,大阪府,,,,19200,JPY,labor_wage_8h,published_pdl,27000,原本の下段(括弧書き): 公共工事設計労務単価+必要経費(法定福利費の事業主負担額、労務管理費、宿舎費等)(試算値),2013-04,2013-04-01,mlit-roumu-h25,p16(横長の表) / p5(縦長の表),https://www.mlit.go.jp/common/000993048.pdf,PDL1.0,,
811dbc357458f864,JP,labor,労務単価,鉄筋工,所定労働時間内8時間あたり,人日,pref,27,大阪府,,,,18700,JPY,labor_wage_8h,published_pdl,26300,原本の下段(括弧書き): 公共工事設計労務単価+必要経費(法定福利費の事業主負担額、労務管理費、宿舎費等)(試算値),2013-04,2013-04-01,mlit-roumu-h25,p16(横長の表) / p5(縦長の表),https://www.mlit.go.jp/common/000993048.pdf,PDL1.0,,
fab1d05d6891367e,JP,labor,労務単価,鉄骨工,所定労働時間内8時間あたり,人日,pref,27,大阪府,,,,18200,JPY,labor_wage_8h,published_pdl,25600,原本の下段(括弧書き): 公共工事設計労務単価+必要経費(法定福利費の事業主負担額、労務管理費、宿舎費等)(試算値),2013-04,2013-04-01,mlit-roumu-h25,p16(横長の表) / p6(縦長の表),https://www.mlit.go.jp/common/000993048.pdf,PDL1.0,,
f1ed5da10f09b0ef,JP,labor,労務単価,塗装工,所定労働時間内8時間あたり,人日,pref,27,大阪府,,,,20000,JPY,labor_wage_8h,published_pdl,28100,原本の下段(括弧書き): 公共工事設計労務単価+必要経費(法定福利費の事業主負担額、労務管理費、宿舎費等)(試算値),2013-04,2013-04-01,mlit-roumu-h25,p16(横長の表) / p6(縦長の表),https://www.mlit.go.jp/common/000993048.pdf,PDL1.0,,
90722eef08a36523,JP,labor,労務単価,溶接工,所定労働時間内8時間あたり,人日,pref,27,大阪府,,,,19900,JPY,labor_wage_8h,published_pdl,28000,原本の下段(括弧書き): 公共工事設計労務単価+必要経費(法定福利費の事業主負担額、労務管理費、宿舎費等)(試算値),2013-04,2013-04-01,mlit-roumu-h25,p16(横長の表) / p6(縦長の表),https://www.mlit.go.jp/common/000993048.pdf,PDL1.0,,
0d508c43ca605e9a,JP,labor,労務単価,運転手（特殊）,所定労働時間内8時間あたり,人日,pref,27,大阪府,,,,18500,JPY,labor_wage_8h,published_pdl,26000,原本の下段(括弧書き): 公共工事設計労務単価+必要経費(法定福利費の事業主負担額、労務管理費、宿舎費等)(試算値),2013-04,2013-04-01,mlit-roumu-h25,p16(横長の表) / p6(縦長の表),https://www.mlit.go.jp/common/000993048.pdf,PDL1.0,,
c03914ddf184b21d,JP,labor,労務単価,運転手（一般）,所定労働時間内8時間あたり,人日,pref,27,大阪府,,,,15600,JPY,labor_wage_8h,published_pdl,21900,原本の下段(括弧書き): 公共工事設計労務単価+必要経費(法定福利費の事業主負担額、労務管理費、宿舎費等)(試算値),2013-04,2013-04-01,mlit-roumu-h25,p16(横長の表) / p6(縦長の表),https://www.mlit.go.jp/common/000993048.pdf,PDL1.0,,
fbd6555ad6a586a6,JP,labor,労務単価,潜かん工,所定労働時間内8時間あたり,人日,pref,27,大阪府,,,,23700,JPY,labor_wage_8h,published_pdl,33300,原本の下段(括弧書き): 公共工事設計労務単価+必要経費(法定福利費の事業主負担額、労務管理費、宿舎費等)(試算値),2013-04,2013-04-01,mlit-roumu-h25,p16(横長の表) / p6(縦長の表),https://www.mlit.go.jp/common/000993048.pdf,PDL1.0,,
dd6e6f0ff050439e,JP,labor,労務単価,潜かん世話役,所定労働時間内8時間あたり,人日,pref,27,大阪府,,,,28100,JPY,labor_wage_8h,published_pdl,39500,原本の下段(括弧書き): 公共工事設計労務単価+必要経費(法定福利費の事業主負担額、労務管理費、宿舎費等)(試算値),2013-04,2013-04-01,mlit-roumu-h25,p16(横長の表) / p6(縦長の表),https://www.mlit.go.jp/common/000993048.pdf,PDL1.0,,
3b8de7a5048975ec,JP,labor,労務単価,さく岩工,所定労働時間内8時間あたり,人日,pref,27,大阪府,,,,19300,JPY,labor_wage_8h,published_pdl,27100,原本の下段(括弧書き): 公共工事設計労務単価+必要経費(法定福利費の事業主負担額、労務管理費、宿舎費等)(試算値),2013-04,2013-04-01,mlit-roumu-h25,p16(横長の表) / p6(縦長の表),https://www.mlit.go.jp/common/000993048.pdf,PDL1.0,,
cd206655a6017e15,JP,labor,労務単価,トンネル特殊工,所定労働時間内8時間あたり,人日,pref,27,大阪府,,,,21000,JPY,labor_wage_8h,published_pdl,29500,原本の下段(括弧書き): 公共工事設計労務単価+必要経費(法定福利費の事業主負担額、労務管理費、宿舎費等)(試算値),2013-04,2013-04-01,mlit-roumu-h25,p16(横長の表) / p6(縦長の表),https://www.mlit.go.jp/common/000993048.pdf,PDL1.0,,
0374050923c06233,JP,labor,労務単価,トンネル作業員,所定労働時間内8時間あたり,人日,pref,27,大阪府,,,,17800,JPY,labor_wage_8h,published_pdl,25000,原本の下段(括弧書き): 公共工事設計労務単価+必要経費(法定福利費の事業主負担額、労務管理費、宿舎費等)(試算値),2013-04,2013-04-01,mlit-roumu-h25,p16(横長の表) / p6(縦長の表),https://www.mlit.go.jp/common/000993048.pdf,PDL1.0,,
3e26da08e863eb74,JP,labor,労務単価,トンネル世話役,所定労働時間内8時間あたり,人日,pref,27,大阪府,,,,23800,JPY,labor_wage_8h,published_pdl,33500,原本の下段(括弧書き): 公共工事設計労務単価+必要経費(法定福利費の事業主負担額、労務管理費、宿舎費等)(試算値),2013-04,2013-04-01,mlit-roumu-h25,p17(横長の表) / p7(縦長の表),https://www.mlit.go.jp/common/000993048.pdf,PDL1.0,,
afd4fe37fa529019,JP,labor,労務単価,橋りょう特殊工,所定労働時間内8時間あたり,人日,pref,27,大阪府,,,,22800,JPY,labor_wage_8h,published_pdl,32100,原本の下段(括弧書き): 公共工事設計労務単価+必要経費(法定福利費の事業主負担額、労務管理費、宿舎費等)(試算値),2013-04,2013-04-01,mlit-roumu-h25,p17(横長の表) / p7(縦長の表),https://www.mlit.go.jp/common/000993048.pdf,PDL1.0,,
965fa6f648376766,JP,labor,労務単価,橋りょう塗装工,所定労働時間内8時間あたり,人日,pref,27,大阪府,,,,23900,JPY,labor_wage_8h,published_pdl,33600,原本の下段(括弧書き): 公共工事設計労務単価+必要経費(法定福利費の事業主負担額、労務管理費、宿舎費等)(試算値),2013-04,2013-04-01,mlit-roumu-h25,p17(横長の表) / p7(縦長の表),https://www.mlit.go.jp/common/000993048.pdf,PDL1.0,,
64f69d58e1cdca52,JP,labor,労務単価,橋りょう世話役,所定労働時間内8時間あたり,人日,pref,27,大阪府,,,,26900,JPY,labor_wage_8h,published_pdl,37800,原本の下段(括弧書き): 公共工事設計労務単価+必要経費(法定福利費の事業主負担額、労務管理費、宿舎費等)(試算値),2013-04,2013-04-01,mlit-roumu-h25,p17(横長の表) / p7(縦長の表),https://www.mlit.go.jp/common/000993048.pdf,PDL1.0,,
317286b680a3af82,JP,labor,労務単価,土木一般世話役,所定労働時間内8時間あたり,人日,pref,27,大阪府,,,,20800,JPY,labor_wage_8h,published_pdl,29200,原本の下段(括弧書き): 公共工事設計労務単価+必要経費(法定福利費の事業主負担額、労務管理費、宿舎費等)(試算値),2013-04,2013-04-01,mlit-roumu-h25,p17(横長の表) / p7(縦長の表),https://www.mlit.go.jp/common/000993048.pdf,PDL1.0,,
5181725563684115,JP,labor,労務単価,高級船員,所定労働時間内8時間あたり,人日,pref,27,大阪府,,,,22700,JPY,labor_wage_8h,published_pdl,31900,原本の下段(括弧書き): 公共工事設計労務単価+必要経費(法定福利費の事業主負担額、労務管理費、宿舎費等)(試算値),2013-04,2013-04-01,mlit-roumu-h25,p17(横長の表) / p7(縦長の表),https://www.mlit.go.jp/common/000993048.pdf,PDL1.0,,
6d11a9fc3f7d25cb,JP,labor,労務単価,普通船員,所定労働時間内8時間あたり,人日,pref,27,大阪府,,,,17700,JPY,labor_wage_8h,published_pdl,24900,原本の下段(括弧書き): 公共工事設計労務単価+必要経費(法定福利費の事業主負担額、労務管理費、宿舎費等)(試算値),2013-04,2013-04-01,mlit-roumu-h25,p17(横長の表) / p7(縦長の表),https://www.mlit.go.jp/common/000993048.pdf,PDL1.0,,
75a98934ffde4a9f,JP,labor,労務単価,潜水士,所定労働時間内8時間あたり,人日,pref,27,大阪府,,,,26700,JPY,labor_wage_8h,published_pdl,37500,原本の下段(括弧書き): 公共工事設計労務単価+必要経費(法定福利費の事業主負担額、労務管理費、宿舎費等)(試算値),2013-04,2013-04-01,mlit-roumu-h25,p17(横長の表) / p7(縦長の表),https://www.mlit.go.jp/common/000993048.pdf,PDL1.0,,
5f6916c4d801f588,JP,labor,労務単価,潜水連絡員,所定労働時間内8時間あたり,人日,pref,27,大阪府,,,,19800,JPY,labor_wage_8h,published_pdl,27800,原本の下段(括弧書き): 公共工事設計労務単価+必要経費(法定福利費の事業主負担額、労務管理費、宿舎費等)(試算値),2013-04,2013-04-01,mlit-roumu-h25,p17(横長の表) / p7(縦長の表),https://www.mlit.go.jp/common/000993048.pdf,PDL1.0,,
1a210212b0a9a0be,JP,labor,労務単価,潜水送気員,所定労働時間内8時間あたり,人日,pref,27,大阪府,,,,19200,JPY,labor_wage_8h,published_pdl,27000,原本の下段(括弧書き): 公共工事設計労務単価+必要経費(法定福利費の事業主負担額、労務管理費、宿舎費等)(試算値),2013-04,2013-04-01,mlit-roumu-h25,p17(横長の表) / p7(縦長の表),https://www.mlit.go.jp/common/000993048.pdf,PDL1.0,,
24dbae8d8edd5578,JP,labor,労務単価,山林砂防工,所定労働時間内8時間あたり,人日,pref,27,大阪府,,,,19900,JPY,labor_wage_8h,published_pdl,28000,原本の下段(括弧書き): 公共工事設計労務単価+必要経費(法定福利費の事業主負担額、労務管理費、宿舎費等)(試算値),2013-04,2013-04-01,mlit-roumu-h25,p17(横長の表) / p8(縦長の表),https://www.mlit.go.jp/common/000993048.pdf,PDL1.0,,
e05e7242b61ccf9f,JP,labor,労務単価,軌道工,所定労働時間内8時間あたり,人日,pref,27,大阪府,,,,28900,JPY,labor_wage_8h,published_pdl,40600,原本の下段(括弧書き): 公共工事設計労務単価+必要経費(法定福利費の事業主負担額、労務管理費、宿舎費等)(試算値),2013-04,2013-04-01,mlit-roumu-h25,p17(横長の表) / p8(縦長の表),https://www.mlit.go.jp/common/000993048.pdf,PDL1.0,,
8e9d74096ec59e67,JP,labor,労務単価,型わく工,所定労働時間内8時間あたり,人日,pref,27,大阪府,,,,20200,JPY,labor_wage_8h,published_pdl,28400,原本の下段(括弧書き): 公共工事設計労務単価+必要経費(法定福利費の事業主負担額、労務管理費、宿舎費等)(試算値),2013-04,2013-04-01,mlit-roumu-h25,p17(横長の表) / p8(縦長の表),https://www.mlit.go.jp/common/000993048.pdf,PDL1.0,,
8915a68702660edf,JP,labor,労務単価,大工,所定労働時間内8時間あたり,人日,pref,27,大阪府,,,,18100,JPY,labor_wage_8h,published_pdl,25400,原本の下段(括弧書き): 公共工事設計労務単価+必要経費(法定福利費の事業主負担額、労務管理費、宿舎費等)(試算値),2013-04,2013-04-01,mlit-roumu-h25,p17(横長の表) / p8(縦長の表),https://www.mlit.go.jp/common/000993048.pdf,PDL1.0,,
a43021a582234fc1,JP,labor,労務単価,左官,所定労働時間内8時間あたり,人日,pref,27,大阪府,,,,18000,JPY,labor_wage_8h,published_pdl,25300,原本の下段(括弧書き): 公共工事設計労務単価+必要経費(法定福利費の事業主負担額、労務管理費、宿舎費等)(試算値),2013-04,2013-04-01,mlit-roumu-h25,p17(横長の表) / p8(縦長の表),https://www.mlit.go.jp/common/000993048.pdf,PDL1.0,,
635e31d8257d876b,JP,labor,労務単価,配管工,所定労働時間内8時間あたり,人日,pref,27,大阪府,,,,19100,JPY,labor_wage_8h,published_pdl,26900,原本の下段(括弧書き): 公共工事設計労務単価+必要経費(法定福利費の事業主負担額、労務管理費、宿舎費等)(試算値),2013-04,2013-04-01,mlit-roumu-h25,p17(横長の表) / p8(縦長の表),https://www.mlit.go.jp/common/000993048.pdf,PDL1.0,,
b1dfc1a3573eca87,JP,labor,労務単価,はつり工,所定労働時間内8時間あたり,人日,pref,27,大阪府,,,,19100,JPY,labor_wage_8h,published_pdl,26900,原本の下段(括弧書き): 公共工事設計労務単価+必要経費(法定福利費の事業主負担額、労務管理費、宿舎費等)(試算値),2013-04,2013-04-01,mlit-roumu-h25,p17(横長の表) / p8(縦長の表),https://www.mlit.go.jp/common/000993048.pdf,PDL1.0,,
761587769b9c5736,JP,labor,労務単価,防水工,所定労働時間内8時間あたり,人日,pref,27,大阪府,,,,19300,JPY,labor_wage_8h,published_pdl,27100,原本の下段(括弧書き): 公共工事設計労務単価+必要経費(法定福利費の事業主負担額、労務管理費、宿舎費等)(試算値),2013-04,2013-04-01,mlit-roumu-h25,p17(横長の表) / p8(縦長の表),https://www.mlit.go.jp/common/000993048.pdf,PDL1.0,,
6d5e90e5ddf3e66d,JP,labor,労務単価,板金工,所定労働時間内8時間あたり,人日,pref,27,大阪府,,,,18600,JPY,labor_wage_8h,published_pdl,26200,原本の下段(括弧書き): 公共工事設計労務単価+必要経費(法定福利費の事業主負担額、労務管理費、宿舎費等)(試算値),2013-04,2013-04-01,mlit-roumu-h25,p17(横長の表) / p8(縦長の表),https://www.mlit.go.jp/common/000993048.pdf,PDL1.0,,
940f8b3ce56332ae,JP,labor,労務単価,タイル工,所定労働時間内8時間あたり,人日,pref,27,大阪府,,,,17600,JPY,labor_wage_8h,published_pdl,24700,原本の下段(括弧書き): 公共工事設計労務単価+必要経費(法定福利費の事業主負担額、労務管理費、宿舎費等)(試算値),2013-04,2013-04-01,mlit-roumu-h25,p17(横長の表) / p8(縦長の表),https://www.mlit.go.jp/common/000993048.pdf,PDL1.0,,
915c280306f8db95,JP,labor,労務単価,サッシ工,所定労働時間内8時間あたり,人日,pref,27,大阪府,,,,17900,JPY,labor_wage_8h,published_pdl,25200,原本の下段(括弧書き): 公共工事設計労務単価+必要経費(法定福利費の事業主負担額、労務管理費、宿舎費等)(試算値),2013-04,2013-04-01,mlit-roumu-h25,p18(横長の表) / p9(縦長の表),https://www.mlit.go.jp/common/000993048.pdf,PDL1.0,,
35bfb02b2bfb0e44,JP,labor,労務単価,内装工,所定労働時間内8時間あたり,人日,pref,27,大阪府,,,,18600,JPY,labor_wage_8h,published_pdl,26200,原本の下段(括弧書き): 公共工事設計労務単価+必要経費(法定福利費の事業主負担額、労務管理費、宿舎費等)(試算値),2013-04,2013-04-01,mlit-roumu-h25,p18(横長の表) / p9(縦長の表),https://www.mlit.go.jp/common/000993048.pdf,PDL1.0,,
650d23037e4d2e69,JP,labor,労務単価,ガラス工,所定労働時間内8時間あたり,人日,pref,27,大阪府,,,,18100,JPY,labor_wage_8h,published_pdl,25400,原本の下段(括弧書き): 公共工事設計労務単価+必要経費(法定福利費の事業主負担額、労務管理費、宿舎費等)(試算値),2013-04,2013-04-01,mlit-roumu-h25,p18(横長の表) / p9(縦長の表),https://www.mlit.go.jp/common/000993048.pdf,PDL1.0,,
f8cbfc5e9288b6e6,JP,labor,労務単価,建具工,所定労働時間内8時間あたり,人日,pref,27,大阪府,,,,17800,JPY,labor_wage_8h,published_pdl,25000,原本の下段(括弧書き): 公共工事設計労務単価+必要経費(法定福利費の事業主負担額、労務管理費、宿舎費等)(試算値),2013-04,2013-04-01,mlit-roumu-h25,p18(横長の表) / p9(縦長の表),https://www.mlit.go.jp/common/000993048.pdf,PDL1.0,,
743df94a415c529a,JP,labor,労務単価,ダクト工,所定労働時間内8時間あたり,人日,pref,27,大阪府,,,,16600,JPY,labor_wage_8h,published_pdl,23300,原本の下段(括弧書き): 公共工事設計労務単価+必要経費(法定福利費の事業主負担額、労務管理費、宿舎費等)(試算値),2013-04,2013-04-01,mlit-roumu-h25,p18(横長の表) / p9(縦長の表),https://www.mlit.go.jp/common/000993048.pdf,PDL1.0,,
96b9700de6f30e7c,JP,labor,労務単価,保温工,所定労働時間内8時間あたり,人日,pref,27,大阪府,,,,19100,JPY,labor_wage_8h,published_pdl,26900,原本の下段(括弧書き): 公共工事設計労務単価+必要経費(法定福利費の事業主負担額、労務管理費、宿舎費等)(試算値),2013-04,2013-04-01,mlit-roumu-h25,p18(横長の表) / p9(縦長の表),https://www.mlit.go.jp/common/000993048.pdf,PDL1.0,,
c5ce2b6db01ee93f,JP,labor,労務単価,建築ブロック工,所定労働時間内8時間あたり,人日,pref,27,大阪府,,,,,JPY,labor_wage_8h,not_set,,,2013-04,2013-04-01,mlit-roumu-h25,p18(横長の表) / p9(縦長の表),https://www.mlit.go.jp/common/000993048.pdf,PDL1.0,,原本の表で『-』(この都道府県ではこの職種の単価を設定していない)
e9d60a3673db8bdf,JP,labor,労務単価,設備機械工,所定労働時間内8時間あたり,人日,pref,27,大阪府,,,,19700,JPY,labor_wage_8h,published_pdl,27700,原本の下段(括弧書き): 公共工事設計労務単価+必要経費(法定福利費の事業主負担額、労務管理費、宿舎費等)(試算値),2013-04,2013-04-01,mlit-roumu-h25,p18(横長の表) / p9(縦長の表),https://www.mlit.go.jp/common/000993048.pdf,PDL1.0,,
57f0de3e922cc671,JP,labor,労務単価,交通誘導員Ａ,所定労働時間内8時間あたり,人日,pref,27,大阪府,,,,9500,JPY,labor_wage_8h,published_pdl,13400,原本の下段(括弧書き): 公共工事設計労務単価+必要経費(法定福利費の事業主負担額、労務管理費、宿舎費等)(試算値),2013-04,2013-04-01,mlit-roumu-h25,p18(横長の表) / p9(縦長の表),https://www.mlit.go.jp/common/000993048.pdf,PDL1.0,,
247d484f775d4224,JP,labor,労務単価,交通誘導員Ｂ,所定労働時間内8時間あたり,人日,pref,27,大阪府,,,,8500,JPY,labor_wage_8h,published_pdl,12000,原本の下段(括弧書き): 公共工事設計労務単価+必要経費(法定福利費の事業主負担額、労務管理費、宿舎費等)(試算値),2013-04,2013-04-01,mlit-roumu-h25,p18(横長の表) / p9(縦長の表),https://www.mlit.go.jp/common/000993048.pdf,PDL1.0,,
1703015510b84ba1,JP,labor,労務単価,特殊作業員,所定労働時間内8時間あたり,人日,pref,28,兵庫県,,,,17100,JPY,labor_wage_8h,published_pdl,24000,原本の下段(括弧書き): 公共工事設計労務単価+必要経費(法定福利費の事業主負担額、労務管理費、宿舎費等)(試算値),2013-04,2013-04-01,mlit-roumu-h25,p16(横長の表) / p5(縦長の表),https://www.mlit.go.jp/common/000993048.pdf,PDL1.0,,
3dedc687491150e7,JP,labor,労務単価,普通作業員,所定労働時間内8時間あたり,人日,pref,28,兵庫県,,,,15100,JPY,labor_wage_8h,published_pdl,21200,原本の下段(括弧書き): 公共工事設計労務単価+必要経費(法定福利費の事業主負担額、労務管理費、宿舎費等)(試算値),2013-04,2013-04-01,mlit-roumu-h25,p16(横長の表) / p5(縦長の表),https://www.mlit.go.jp/common/000993048.pdf,PDL1.0,,
34063f74242887c2,JP,labor,労務単価,軽作業員,所定労働時間内8時間あたり,人日,pref,28,兵庫県,,,,11000,JPY,labor_wage_8h,published_pdl,15500,原本の下段(括弧書き): 公共工事設計労務単価+必要経費(法定福利費の事業主負担額、労務管理費、宿舎費等)(試算値),2013-04,2013-04-01,mlit-roumu-h25,p16(横長の表) / p5(縦長の表),https://www.mlit.go.jp/common/000993048.pdf,PDL1.0,,
617616cec6e9e54f,JP,labor,労務単価,造園工,所定労働時間内8時間あたり,人日,pref,28,兵庫県,,,,17700,JPY,labor_wage_8h,published_pdl,24900,原本の下段(括弧書き): 公共工事設計労務単価+必要経費(法定福利費の事業主負担額、労務管理費、宿舎費等)(試算値),2013-04,2013-04-01,mlit-roumu-h25,p16(横長の表) / p5(縦長の表),https://www.mlit.go.jp/common/000993048.pdf,PDL1.0,,
070faf01125ea9aa,JP,labor,労務単価,法面工,所定労働時間内8時間あたり,人日,pref,28,兵庫県,,,,19200,JPY,labor_wage_8h,published_pdl,27000,原本の下段(括弧書き): 公共工事設計労務単価+必要経費(法定福利費の事業主負担額、労務管理費、宿舎費等)(試算値),2013-04,2013-04-01,mlit-roumu-h25,p16(横長の表) / p5(縦長の表),https://www.mlit.go.jp/common/000993048.pdf,PDL1.0,,
e13eba547f83181d,JP,labor,労務単価,とび工,所定労働時間内8時間あたり,人日,pref,28,兵庫県,,,,18400,JPY,labor_wage_8h,published_pdl,25900,原本の下段(括弧書き): 公共工事設計労務単価+必要経費(法定福利費の事業主負担額、労務管理費、宿舎費等)(試算値),2013-04,2013-04-01,mlit-roumu-h25,p16(横長の表) / p5(縦長の表),https://www.mlit.go.jp/common/000993048.pdf,PDL1.0,,
be18ceca8ff2595d,JP,labor,労務単価,石工,所定労働時間内8時間あたり,人日,pref,28,兵庫県,,,,24900,JPY,labor_wage_8h,published_pdl,35000,原本の下段(括弧書き): 公共工事設計労務単価+必要経費(法定福利費の事業主負担額、労務管理費、宿舎費等)(試算値),2013-04,2013-04-01,mlit-roumu-h25,p16(横長の表) / p5(縦長の表),https://www.mlit.go.jp/common/000993048.pdf,PDL1.0,,
3d2db8f2015e5f1c,JP,labor,労務単価,ブロック工,所定労働時間内8時間あたり,人日,pref,28,兵庫県,,,,20900,JPY,labor_wage_8h,published_pdl,29400,原本の下段(括弧書き): 公共工事設計労務単価+必要経費(法定福利費の事業主負担額、労務管理費、宿舎費等)(試算値),2013-04,2013-04-01,mlit-roumu-h25,p16(横長の表) / p5(縦長の表),https://www.mlit.go.jp/common/000993048.pdf,PDL1.0,,
da53e666ce80092b,JP,labor,労務単価,電工,所定労働時間内8時間あたり,人日,pref,28,兵庫県,,,,17900,JPY,labor_wage_8h,published_pdl,25200,原本の下段(括弧書き): 公共工事設計労務単価+必要経費(法定福利費の事業主負担額、労務管理費、宿舎費等)(試算値),2013-04,2013-04-01,mlit-roumu-h25,p16(横長の表) / p5(縦長の表),https://www.mlit.go.jp/common/000993048.pdf,PDL1.0,,
f3e2733ec6a04c8b,JP,labor,労務単価,鉄筋工,所定労働時間内8時間あたり,人日,pref,28,兵庫県,,,,17400,JPY,labor_wage_8h,published_pdl,24500,原本の下段(括弧書き): 公共工事設計労務単価+必要経費(法定福利費の事業主負担額、労務管理費、宿舎費等)(試算値),2013-04,2013-04-01,mlit-roumu-h25,p16(横長の表) / p5(縦長の表),https://www.mlit.go.jp/common/000993048.pdf,PDL1.0,,
a4007e844c949d35,JP,labor,労務単価,鉄骨工,所定労働時間内8時間あたり,人日,pref,28,兵庫県,,,,17100,JPY,labor_wage_8h,published_pdl,24000,原本の下段(括弧書き): 公共工事設計労務単価+必要経費(法定福利費の事業主負担額、労務管理費、宿舎費等)(試算値),2013-04,2013-04-01,mlit-roumu-h25,p16(横長の表) / p6(縦長の表),https://www.mlit.go.jp/common/000993048.pdf,PDL1.0,,
00166eb28b62f443,JP,labor,労務単価,塗装工,所定労働時間内8時間あたり,人日,pref,28,兵庫県,,,,18300,JPY,labor_wage_8h,published_pdl,25700,原本の下段(括弧書き): 公共工事設計労務単価+必要経費(法定福利費の事業主負担額、労務管理費、宿舎費等)(試算値),2013-04,2013-04-01,mlit-roumu-h25,p16(横長の表) / p6(縦長の表),https://www.mlit.go.jp/common/000993048.pdf,PDL1.0,,
8962426fb793dc95,JP,labor,労務単価,溶接工,所定労働時間内8時間あたり,人日,pref,28,兵庫県,,,,19600,JPY,labor_wage_8h,published_pdl,27600,原本の下段(括弧書き): 公共工事設計労務単価+必要経費(法定福利費の事業主負担額、労務管理費、宿舎費等)(試算値),2013-04,2013-04-01,mlit-roumu-h25,p16(横長の表) / p6(縦長の表),https://www.mlit.go.jp/common/000993048.pdf,PDL1.0,,
98553a850417bf33,JP,labor,労務単価,運転手（特殊）,所定労働時間内8時間あたり,人日,pref,28,兵庫県,,,,17300,JPY,labor_wage_8h,published_pdl,24300,原本の下段(括弧書き): 公共工事設計労務単価+必要経費(法定福利費の事業主負担額、労務管理費、宿舎費等)(試算値),2013-04,2013-04-01,mlit-roumu-h25,p16(横長の表) / p6(縦長の表),https://www.mlit.go.jp/common/000993048.pdf,PDL1.0,,
e82a6081a27efad6,JP,labor,労務単価,運転手（一般）,所定労働時間内8時間あたり,人日,pref,28,兵庫県,,,,15600,JPY,labor_wage_8h,published_pdl,21900,原本の下段(括弧書き): 公共工事設計労務単価+必要経費(法定福利費の事業主負担額、労務管理費、宿舎費等)(試算値),2013-04,2013-04-01,mlit-roumu-h25,p16(横長の表) / p6(縦長の表),https://www.mlit.go.jp/common/000993048.pdf,PDL1.0,,
444bd48547449fff,JP,labor,労務単価,潜かん工,所定労働時間内8時間あたり,人日,pref,28,兵庫県,,,,23700,JPY,labor_wage_8h,published_pdl,33300,原本の下段(括弧書き): 公共工事設計労務単価+必要経費(法定福利費の事業主負担額、労務管理費、宿舎費等)(試算値),2013-04,2013-04-01,mlit-roumu-h25,p16(横長の表) / p6(縦長の表),https://www.mlit.go.jp/common/000993048.pdf,PDL1.0,,
9066a5f36892d687,JP,labor,労務単価,潜かん世話役,所定労働時間内8時間あたり,人日,pref,28,兵庫県,,,,28100,JPY,labor_wage_8h,published_pdl,39500,原本の下段(括弧書き): 公共工事設計労務単価+必要経費(法定福利費の事業主負担額、労務管理費、宿舎費等)(試算値),2013-04,2013-04-01,mlit-roumu-h25,p16(横長の表) / p6(縦長の表),https://www.mlit.go.jp/common/000993048.pdf,PDL1.0,,
9f4a0274e8920c16,JP,labor,労務単価,さく岩工,所定労働時間内8時間あたり,人日,pref,28,兵庫県,,,,19300,JPY,labor_wage_8h,published_pdl,27100,原本の下段(括弧書き): 公共工事設計労務単価+必要経費(法定福利費の事業主負担額、労務管理費、宿舎費等)(試算値),2013-04,2013-04-01,mlit-roumu-h25,p16(横長の表) / p6(縦長の表),https://www.mlit.go.jp/common/000993048.pdf,PDL1.0,,
c6e79de30f2ab486,JP,labor,労務単価,トンネル特殊工,所定労働時間内8時間あたり,人日,pref,28,兵庫県,,,,20300,JPY,labor_wage_8h,published_pdl,28500,原本の下段(括弧書き): 公共工事設計労務単価+必要経費(法定福利費の事業主負担額、労務管理費、宿舎費等)(試算値),2013-04,2013-04-01,mlit-roumu-h25,p16(横長の表) / p6(縦長の表),https://www.mlit.go.jp/common/000993048.pdf,PDL1.0,,
4ddb5d13355a017d,JP,labor,労務単価,トンネル作業員,所定労働時間内8時間あたり,人日,pref,28,兵庫県,,,,17800,JPY,labor_wage_8h,published_pdl,25000,原本の下段(括弧書き): 公共工事設計労務単価+必要経費(法定福利費の事業主負担額、労務管理費、宿舎費等)(試算値),2013-04,2013-04-01,mlit-roumu-h25,p16(横長の表) / p6(縦長の表),https://www.mlit.go.jp/common/000993048.pdf,PDL1.0,,
264e082ae18d3dfb,JP,labor,労務単価,トンネル世話役,所定労働時間内8時間あたり,人日,pref,28,兵庫県,,,,23800,JPY,labor_wage_8h,published_pdl,33500,原本の下段(括弧書き): 公共工事設計労務単価+必要経費(法定福利費の事業主負担額、労務管理費、宿舎費等)(試算値),2013-04,2013-04-01,mlit-roumu-h25,p17(横長の表) / p7(縦長の表),https://www.mlit.go.jp/common/000993048.pdf,PDL1.0,,
be461eeb677bdbab,JP,labor,労務単価,橋りょう特殊工,所定労働時間内8時間あたり,人日,pref,28,兵庫県,,,,22800,JPY,labor_wage_8h,published_pdl,32100,原本の下段(括弧書き): 公共工事設計労務単価+必要経費(法定福利費の事業主負担額、労務管理費、宿舎費等)(試算値),2013-04,2013-04-01,mlit-roumu-h25,p17(横長の表) / p7(縦長の表),https://www.mlit.go.jp/common/000993048.pdf,PDL1.0,,
c09f74038f24a08e,JP,labor,労務単価,橋りょう塗装工,所定労働時間内8時間あたり,人日,pref,28,兵庫県,,,,23900,JPY,labor_wage_8h,published_pdl,33600,原本の下段(括弧書き): 公共工事設計労務単価+必要経費(法定福利費の事業主負担額、労務管理費、宿舎費等)(試算値),2013-04,2013-04-01,mlit-roumu-h25,p17(横長の表) / p7(縦長の表),https://www.mlit.go.jp/common/000993048.pdf,PDL1.0,,
229d0310f8e73f93,JP,labor,労務単価,橋りょう世話役,所定労働時間内8時間あたり,人日,pref,28,兵庫県,,,,26500,JPY,labor_wage_8h,published_pdl,37300,原本の下段(括弧書き): 公共工事設計労務単価+必要経費(法定福利費の事業主負担額、労務管理費、宿舎費等)(試算値),2013-04,2013-04-01,mlit-roumu-h25,p17(横長の表) / p7(縦長の表),https://www.mlit.go.jp/common/000993048.pdf,PDL1.0,,
524192ce88b6fd39,JP,labor,労務単価,土木一般世話役,所定労働時間内8時間あたり,人日,pref,28,兵庫県,,,,19600,JPY,labor_wage_8h,published_pdl,27600,原本の下段(括弧書き): 公共工事設計労務単価+必要経費(法定福利費の事業主負担額、労務管理費、宿舎費等)(試算値),2013-04,2013-04-01,mlit-roumu-h25,p17(横長の表) / p7(縦長の表),https://www.mlit.go.jp/common/000993048.pdf,PDL1.0,,
1f1af42c3fcbb06f,JP,labor,労務単価,高級船員,所定労働時間内8時間あたり,人日,pref,28,兵庫県,,,,22700,JPY,labor_wage_8h,published_pdl,31900,原本の下段(括弧書き): 公共工事設計労務単価+必要経費(法定福利費の事業主負担額、労務管理費、宿舎費等)(試算値),2013-04,2013-04-01,mlit-roumu-h25,p17(横長の表) / p7(縦長の表),https://www.mlit.go.jp/common/000993048.pdf,PDL1.0,,
4d0b1c56848db5f7,JP,labor,労務単価,普通船員,所定労働時間内8時間あたり,人日,pref,28,兵庫県,,,,17700,JPY,labor_wage_8h,published_pdl,24900,原本の下段(括弧書き): 公共工事設計労務単価+必要経費(法定福利費の事業主負担額、労務管理費、宿舎費等)(試算値),2013-04,2013-04-01,mlit-roumu-h25,p17(横長の表) / p7(縦長の表),https://www.mlit.go.jp/common/000993048.pdf,PDL1.0,,
95abee4f95dd0ebf,JP,labor,労務単価,潜水士,所定労働時間内8時間あたり,人日,pref,28,兵庫県,,,,28100,JPY,labor_wage_8h,published_pdl,39500,原本の下段(括弧書き): 公共工事設計労務単価+必要経費(法定福利費の事業主負担額、労務管理費、宿舎費等)(試算値),2013-04,2013-04-01,mlit-roumu-h25,p17(横長の表) / p7(縦長の表),https://www.mlit.go.jp/common/000993048.pdf,PDL1.0,,
2eeca0f82e78b65f,JP,labor,労務単価,潜水連絡員,所定労働時間内8時間あたり,人日,pref,28,兵庫県,,,,20400,JPY,labor_wage_8h,published_pdl,28700,原本の下段(括弧書き): 公共工事設計労務単価+必要経費(法定福利費の事業主負担額、労務管理費、宿舎費等)(試算値),2013-04,2013-04-01,mlit-roumu-h25,p17(横長の表) / p7(縦長の表),https://www.mlit.go.jp/common/000993048.pdf,PDL1.0,,
2f3d1e6878155b3f,JP,labor,労務単価,潜水送気員,所定労働時間内8時間あたり,人日,pref,28,兵庫県,,,,19600,JPY,labor_wage_8h,published_pdl,27600,原本の下段(括弧書き): 公共工事設計労務単価+必要経費(法定福利費の事業主負担額、労務管理費、宿舎費等)(試算値),2013-04,2013-04-01,mlit-roumu-h25,p17(横長の表) / p7(縦長の表),https://www.mlit.go.jp/common/000993048.pdf,PDL1.0,,
63b0172911242bd4,JP,labor,労務単価,山林砂防工,所定労働時間内8時間あたり,人日,pref,28,兵庫県,,,,19900,JPY,labor_wage_8h,published_pdl,28000,原本の下段(括弧書き): 公共工事設計労務単価+必要経費(法定福利費の事業主負担額、労務管理費、宿舎費等)(試算値),2013-04,2013-04-01,mlit-roumu-h25,p17(横長の表) / p8(縦長の表),https://www.mlit.go.jp/common/000993048.pdf,PDL1.0,,
9744dc7a1d8c1794,JP,labor,労務単価,軌道工,所定労働時間内8時間あたり,人日,pref,28,兵庫県,,,,28900,JPY,labor_wage_8h,published_pdl,40600,原本の下段(括弧書き): 公共工事設計労務単価+必要経費(法定福利費の事業主負担額、労務管理費、宿舎費等)(試算値),2013-04,2013-04-01,mlit-roumu-h25,p17(横長の表) / p8(縦長の表),https://www.mlit.go.jp/common/000993048.pdf,PDL1.0,,
bf56319050520a44,JP,labor,労務単価,型わく工,所定労働時間内8時間あたり,人日,pref,28,兵庫県,,,,18800,JPY,labor_wage_8h,published_pdl,26400,原本の下段(括弧書き): 公共工事設計労務単価+必要経費(法定福利費の事業主負担額、労務管理費、宿舎費等)(試算値),2013-04,2013-04-01,mlit-roumu-h25,p17(横長の表) / p8(縦長の表),https://www.mlit.go.jp/common/000993048.pdf,PDL1.0,,
f65d789a458b0943,JP,labor,労務単価,大工,所定労働時間内8時間あたり,人日,pref,28,兵庫県,,,,17700,JPY,labor_wage_8h,published_pdl,24900,原本の下段(括弧書き): 公共工事設計労務単価+必要経費(法定福利費の事業主負担額、労務管理費、宿舎費等)(試算値),2013-04,2013-04-01,mlit-roumu-h25,p17(横長の表) / p8(縦長の表),https://www.mlit.go.jp/common/000993048.pdf,PDL1.0,,
25f84717e34813aa,JP,labor,労務単価,左官,所定労働時間内8時間あたり,人日,pref,28,兵庫県,,,,17900,JPY,labor_wage_8h,published_pdl,25200,原本の下段(括弧書き): 公共工事設計労務単価+必要経費(法定福利費の事業主負担額、労務管理費、宿舎費等)(試算値),2013-04,2013-04-01,mlit-roumu-h25,p17(横長の表) / p8(縦長の表),https://www.mlit.go.jp/common/000993048.pdf,PDL1.0,,
d3c4c4b26bb537f6,JP,labor,労務単価,配管工,所定労働時間内8時間あたり,人日,pref,28,兵庫県,,,,17100,JPY,labor_wage_8h,published_pdl,24000,原本の下段(括弧書き): 公共工事設計労務単価+必要経費(法定福利費の事業主負担額、労務管理費、宿舎費等)(試算値),2013-04,2013-04-01,mlit-roumu-h25,p17(横長の表) / p8(縦長の表),https://www.mlit.go.jp/common/000993048.pdf,PDL1.0,,
d3b0298cf6514779,JP,labor,労務単価,はつり工,所定労働時間内8時間あたり,人日,pref,28,兵庫県,,,,18700,JPY,labor_wage_8h,published_pdl,26300,原本の下段(括弧書き): 公共工事設計労務単価+必要経費(法定福利費の事業主負担額、労務管理費、宿舎費等)(試算値),2013-04,2013-04-01,mlit-roumu-h25,p17(横長の表) / p8(縦長の表),https://www.mlit.go.jp/common/000993048.pdf,PDL1.0,,
b396cef60e55eef3,JP,labor,労務単価,防水工,所定労働時間内8時間あたり,人日,pref,28,兵庫県,,,,18600,JPY,labor_wage_8h,published_pdl,26200,原本の下段(括弧書き): 公共工事設計労務単価+必要経費(法定福利費の事業主負担額、労務管理費、宿舎費等)(試算値),2013-04,2013-04-01,mlit-roumu-h25,p17(横長の表) / p8(縦長の表),https://www.mlit.go.jp/common/000993048.pdf,PDL1.0,,
ddd7822815dbd20c,JP,labor,労務単価,板金工,所定労働時間内8時間あたり,人日,pref,28,兵庫県,,,,17700,JPY,labor_wage_8h,published_pdl,24900,原本の下段(括弧書き): 公共工事設計労務単価+必要経費(法定福利費の事業主負担額、労務管理費、宿舎費等)(試算値),2013-04,2013-04-01,mlit-roumu-h25,p17(横長の表) / p8(縦長の表),https://www.mlit.go.jp/common/000993048.pdf,PDL1.0,,
3ed2c182e074ba33,JP,labor,労務単価,タイル工,所定労働時間内8時間あたり,人日,pref,28,兵庫県,,,,17800,JPY,labor_wage_8h,published_pdl,25000,原本の下段(括弧書き): 公共工事設計労務単価+必要経費(法定福利費の事業主負担額、労務管理費、宿舎費等)(試算値),2013-04,2013-04-01,mlit-roumu-h25,p17(横長の表) / p8(縦長の表),https://www.mlit.go.jp/common/000993048.pdf,PDL1.0,,
916cb9085a310e40,JP,labor,労務単価,サッシ工,所定労働時間内8時間あたり,人日,pref,28,兵庫県,,,,17000,JPY,labor_wage_8h,published_pdl,23900,原本の下段(括弧書き): 公共工事設計労務単価+必要経費(法定福利費の事業主負担額、労務管理費、宿舎費等)(試算値),2013-04,2013-04-01,mlit-roumu-h25,p18(横長の表) / p9(縦長の表),https://www.mlit.go.jp/common/000993048.pdf,PDL1.0,,
adbe982a41279ccf,JP,labor,労務単価,内装工,所定労働時間内8時間あたり,人日,pref,28,兵庫県,,,,18600,JPY,labor_wage_8h,published_pdl,26200,原本の下段(括弧書き): 公共工事設計労務単価+必要経費(法定福利費の事業主負担額、労務管理費、宿舎費等)(試算値),2013-04,2013-04-01,mlit-roumu-h25,p18(横長の表) / p9(縦長の表),https://www.mlit.go.jp/common/000993048.pdf,PDL1.0,,
0b09d3a2c8a5693c,JP,labor,労務単価,ガラス工,所定労働時間内8時間あたり,人日,pref,28,兵庫県,,,,18100,JPY,labor_wage_8h,published_pdl,25400,原本の下段(括弧書き): 公共工事設計労務単価+必要経費(法定福利費の事業主負担額、労務管理費、宿舎費等)(試算値),2013-04,2013-04-01,mlit-roumu-h25,p18(横長の表) / p9(縦長の表),https://www.mlit.go.jp/common/000993048.pdf,PDL1.0,,
dee317f4b21cc336,JP,labor,労務単価,建具工,所定労働時間内8時間あたり,人日,pref,28,兵庫県,,,,17200,JPY,labor_wage_8h,published_pdl,24200,原本の下段(括弧書き): 公共工事設計労務単価+必要経費(法定福利費の事業主負担額、労務管理費、宿舎費等)(試算値),2013-04,2013-04-01,mlit-roumu-h25,p18(横長の表) / p9(縦長の表),https://www.mlit.go.jp/common/000993048.pdf,PDL1.0,,
09b05e03abf44d48,JP,labor,労務単価,ダクト工,所定労働時間内8時間あたり,人日,pref,28,兵庫県,,,,16500,JPY,labor_wage_8h,published_pdl,23200,原本の下段(括弧書き): 公共工事設計労務単価+必要経費(法定福利費の事業主負担額、労務管理費、宿舎費等)(試算値),2013-04,2013-04-01,mlit-roumu-h25,p18(横長の表) / p9(縦長の表),https://www.mlit.go.jp/common/000993048.pdf,PDL1.0,,
c0cd684a4c120c87,JP,labor,労務単価,保温工,所定労働時間内8時間あたり,人日,pref,28,兵庫県,,,,19100,JPY,labor_wage_8h,published_pdl,26900,原本の下段(括弧書き): 公共工事設計労務単価+必要経費(法定福利費の事業主負担額、労務管理費、宿舎費等)(試算値),2013-04,2013-04-01,mlit-roumu-h25,p18(横長の表) / p9(縦長の表),https://www.mlit.go.jp/common/000993048.pdf,PDL1.0,,
4b3c8df2036675bd,JP,labor,労務単価,建築ブロック工,所定労働時間内8時間あたり,人日,pref,28,兵庫県,,,,,JPY,labor_wage_8h,not_set,,,2013-04,2013-04-01,mlit-roumu-h25,p18(横長の表) / p9(縦長の表),https://www.mlit.go.jp/common/000993048.pdf,PDL1.0,,原本の表で『-』(この都道府県ではこの職種の単価を設定していない)
17003e677eef48d1,JP,labor,労務単価,設備機械工,所定労働時間内8時間あたり,人日,pref,28,兵庫県,,,,19900,JPY,labor_wage_8h,published_pdl,28000,原本の下段(括弧書き): 公共工事設計労務単価+必要経費(法定福利費の事業主負担額、労務管理費、宿舎費等)(試算値),2013-04,2013-04-01,mlit-roumu-h25,p18(横長の表) / p9(縦長の表),https://www.mlit.go.jp/common/000993048.pdf,PDL1.0,,
eb381dcbc6d114a8,JP,labor,労務単価,交通誘導員Ａ,所定労働時間内8時間あたり,人日,pref,28,兵庫県,,,,9500,JPY,labor_wage_8h,published_pdl,13400,原本の下段(括弧書き): 公共工事設計労務単価+必要経費(法定福利費の事業主負担額、労務管理費、宿舎費等)(試算値),2013-04,2013-04-01,mlit-roumu-h25,p18(横長の表) / p9(縦長の表),https://www.mlit.go.jp/common/000993048.pdf,PDL1.0,,
6806c3419ea8ceb5,JP,labor,労務単価,交通誘導員Ｂ,所定労働時間内8時間あたり,人日,pref,28,兵庫県,,,,8400,JPY,labor_wage_8h,published_pdl,11800,原本の下段(括弧書き): 公共工事設計労務単価+必要経費(法定福利費の事業主負担額、労務管理費、宿舎費等)(試算値),2013-04,2013-04-01,mlit-roumu-h25,p18(横長の表) / p9(縦長の表),https://www.mlit.go.jp/common/000993048.pdf,PDL1.0,,
1104ba05f7252a40,JP,labor,労務単価,特殊作業員,所定労働時間内8時間あたり,人日,pref,29,奈良県,,,,17500,JPY,labor_wage_8h,published_pdl,24600,原本の下段(括弧書き): 公共工事設計労務単価+必要経費(法定福利費の事業主負担額、労務管理費、宿舎費等)(試算値),2013-04,2013-04-01,mlit-roumu-h25,p16(横長の表) / p5(縦長の表),https://www.mlit.go.jp/common/000993048.pdf,PDL1.0,,
afed53111ca6bf88,JP,labor,労務単価,普通作業員,所定労働時間内8時間あたり,人日,pref,29,奈良県,,,,15100,JPY,labor_wage_8h,published_pdl,21200,原本の下段(括弧書き): 公共工事設計労務単価+必要経費(法定福利費の事業主負担額、労務管理費、宿舎費等)(試算値),2013-04,2013-04-01,mlit-roumu-h25,p16(横長の表) / p5(縦長の表),https://www.mlit.go.jp/common/000993048.pdf,PDL1.0,,
24f86ac10dc6ce92,JP,labor,労務単価,軽作業員,所定労働時間内8時間あたり,人日,pref,29,奈良県,,,,11400,JPY,labor_wage_8h,published_pdl,16000,原本の下段(括弧書き): 公共工事設計労務単価+必要経費(法定福利費の事業主負担額、労務管理費、宿舎費等)(試算値),2013-04,2013-04-01,mlit-roumu-h25,p16(横長の表) / p5(縦長の表),https://www.mlit.go.jp/common/000993048.pdf,PDL1.0,,
0a0c65c61040827e,JP,labor,労務単価,造園工,所定労働時間内8時間あたり,人日,pref,29,奈良県,,,,18300,JPY,labor_wage_8h,published_pdl,25700,原本の下段(括弧書き): 公共工事設計労務単価+必要経費(法定福利費の事業主負担額、労務管理費、宿舎費等)(試算値),2013-04,2013-04-01,mlit-roumu-h25,p16(横長の表) / p5(縦長の表),https://www.mlit.go.jp/common/000993048.pdf,PDL1.0,,
3367aabfd8eb49c3,JP,labor,労務単価,法面工,所定労働時間内8時間あたり,人日,pref,29,奈良県,,,,19300,JPY,labor_wage_8h,published_pdl,27100,原本の下段(括弧書き): 公共工事設計労務単価+必要経費(法定福利費の事業主負担額、労務管理費、宿舎費等)(試算値),2013-04,2013-04-01,mlit-roumu-h25,p16(横長の表) / p5(縦長の表),https://www.mlit.go.jp/common/000993048.pdf,PDL1.0,,
513e18c2c4bbdb6d,JP,labor,労務単価,とび工,所定労働時間内8時間あたり,人日,pref,29,奈良県,,,,19500,JPY,labor_wage_8h,published_pdl,27400,原本の下段(括弧書き): 公共工事設計労務単価+必要経費(法定福利費の事業主負担額、労務管理費、宿舎費等)(試算値),2013-04,2013-04-01,mlit-roumu-h25,p16(横長の表) / p5(縦長の表),https://www.mlit.go.jp/common/000993048.pdf,PDL1.0,,
c9fb87bded1df431,JP,labor,労務単価,石工,所定労働時間内8時間あたり,人日,pref,29,奈良県,,,,,JPY,labor_wage_8h,not_set,,,2013-04,2013-04-01,mlit-roumu-h25,p16(横長の表) / p5(縦長の表),https://www.mlit.go.jp/common/000993048.pdf,PDL1.0,,原本の表で『-』(この都道府県ではこの職種の単価を設定していない)
1e9181a7dc43ef28,JP,labor,労務単価,ブロック工,所定労働時間内8時間あたり,人日,pref,29,奈良県,,,,20800,JPY,labor_wage_8h,published_pdl,29200,原本の下段(括弧書き): 公共工事設計労務単価+必要経費(法定福利費の事業主負担額、労務管理費、宿舎費等)(試算値),2013-04,2013-04-01,mlit-roumu-h25,p16(横長の表) / p5(縦長の表),https://www.mlit.go.jp/common/000993048.pdf,PDL1.0,,
23557a3eb564b409,JP,labor,労務単価,電工,所定労働時間内8時間あたり,人日,pref,29,奈良県,,,,18600,JPY,labor_wage_8h,published_pdl,26200,原本の下段(括弧書き): 公共工事設計労務単価+必要経費(法定福利費の事業主負担額、労務管理費、宿舎費等)(試算値),2013-04,2013-04-01,mlit-roumu-h25,p16(横長の表) / p5(縦長の表),https://www.mlit.go.jp/common/000993048.pdf,PDL1.0,,
268817499898b8a8,JP,labor,労務単価,鉄筋工,所定労働時間内8時間あたり,人日,pref,29,奈良県,,,,18300,JPY,labor_wage_8h,published_pdl,25700,原本の下段(括弧書き): 公共工事設計労務単価+必要経費(法定福利費の事業主負担額、労務管理費、宿舎費等)(試算値),2013-04,2013-04-01,mlit-roumu-h25,p16(横長の表) / p5(縦長の表),https://www.mlit.go.jp/common/000993048.pdf,PDL1.0,,
4111da00834280b0,JP,labor,労務単価,鉄骨工,所定労働時間内8時間あたり,人日,pref,29,奈良県,,,,18200,JPY,labor_wage_8h,published_pdl,25600,原本の下段(括弧書き): 公共工事設計労務単価+必要経費(法定福利費の事業主負担額、労務管理費、宿舎費等)(試算値),2013-04,2013-04-01,mlit-roumu-h25,p16(横長の表) / p6(縦長の表),https://www.mlit.go.jp/common/000993048.pdf,PDL1.0,,
33f43ca4c6819766,JP,labor,労務単価,塗装工,所定労働時間内8時間あたり,人日,pref,29,奈良県,,,,19500,JPY,labor_wage_8h,published_pdl,27400,原本の下段(括弧書き): 公共工事設計労務単価+必要経費(法定福利費の事業主負担額、労務管理費、宿舎費等)(試算値),2013-04,2013-04-01,mlit-roumu-h25,p16(横長の表) / p6(縦長の表),https://www.mlit.go.jp/common/000993048.pdf,PDL1.0,,
34f8f28b270c3a7e,JP,labor,労務単価,溶接工,所定労働時間内8時間あたり,人日,pref,29,奈良県,,,,20100,JPY,labor_wage_8h,published_pdl,28300,原本の下段(括弧書き): 公共工事設計労務単価+必要経費(法定福利費の事業主負担額、労務管理費、宿舎費等)(試算値),2013-04,2013-04-01,mlit-roumu-h25,p16(横長の表) / p6(縦長の表),https://www.mlit.go.jp/common/000993048.pdf,PDL1.0,,
038ace6b4e7643c8,JP,labor,労務単価,運転手（特殊）,所定労働時間内8時間あたり,人日,pref,29,奈良県,,,,17500,JPY,labor_wage_8h,published_pdl,24600,原本の下段(括弧書き): 公共工事設計労務単価+必要経費(法定福利費の事業主負担額、労務管理費、宿舎費等)(試算値),2013-04,2013-04-01,mlit-roumu-h25,p16(横長の表) / p6(縦長の表),https://www.mlit.go.jp/common/000993048.pdf,PDL1.0,,
b9b26baa098b4455,JP,labor,労務単価,運転手（一般）,所定労働時間内8時間あたり,人日,pref,29,奈良県,,,,15300,JPY,labor_wage_8h,published_pdl,21500,原本の下段(括弧書き): 公共工事設計労務単価+必要経費(法定福利費の事業主負担額、労務管理費、宿舎費等)(試算値),2013-04,2013-04-01,mlit-roumu-h25,p16(横長の表) / p6(縦長の表),https://www.mlit.go.jp/common/000993048.pdf,PDL1.0,,
556d0db03103cc4a,JP,labor,労務単価,潜かん工,所定労働時間内8時間あたり,人日,pref,29,奈良県,,,,23700,JPY,labor_wage_8h,published_pdl,33300,原本の下段(括弧書き): 公共工事設計労務単価+必要経費(法定福利費の事業主負担額、労務管理費、宿舎費等)(試算値),2013-04,2013-04-01,mlit-roumu-h25,p16(横長の表) / p6(縦長の表),https://www.mlit.go.jp/common/000993048.pdf,PDL1.0,,
941f40a1fc14e59a,JP,labor,労務単価,潜かん世話役,所定労働時間内8時間あたり,人日,pref,29,奈良県,,,,28100,JPY,labor_wage_8h,published_pdl,39500,原本の下段(括弧書き): 公共工事設計労務単価+必要経費(法定福利費の事業主負担額、労務管理費、宿舎費等)(試算値),2013-04,2013-04-01,mlit-roumu-h25,p16(横長の表) / p6(縦長の表),https://www.mlit.go.jp/common/000993048.pdf,PDL1.0,,
be9f62615cb9a524,JP,labor,労務単価,さく岩工,所定労働時間内8時間あたり,人日,pref,29,奈良県,,,,19300,JPY,labor_wage_8h,published_pdl,27100,原本の下段(括弧書き): 公共工事設計労務単価+必要経費(法定福利費の事業主負担額、労務管理費、宿舎費等)(試算値),2013-04,2013-04-01,mlit-roumu-h25,p16(横長の表) / p6(縦長の表),https://www.mlit.go.jp/common/000993048.pdf,PDL1.0,,
9b9defca63a45b5b,JP,labor,労務単価,トンネル特殊工,所定労働時間内8時間あたり,人日,pref,29,奈良県,,,,20900,JPY,labor_wage_8h,published_pdl,29400,原本の下段(括弧書き): 公共工事設計労務単価+必要経費(法定福利費の事業主負担額、労務管理費、宿舎費等)(試算値),2013-04,2013-04-01,mlit-roumu-h25,p16(横長の表) / p6(縦長の表),https://www.mlit.go.jp/common/000993048.pdf,PDL1.0,,
fca8faa962f838ef,JP,labor,労務単価,トンネル作業員,所定労働時間内8時間あたり,人日,pref,29,奈良県,,,,17800,JPY,labor_wage_8h,published_pdl,25000,原本の下段(括弧書き): 公共工事設計労務単価+必要経費(法定福利費の事業主負担額、労務管理費、宿舎費等)(試算値),2013-04,2013-04-01,mlit-roumu-h25,p16(横長の表) / p6(縦長の表),https://www.mlit.go.jp/common/000993048.pdf,PDL1.0,,
6b1c27de07460b29,JP,labor,労務単価,トンネル世話役,所定労働時間内8時間あたり,人日,pref,29,奈良県,,,,23800,JPY,labor_wage_8h,published_pdl,33500,原本の下段(括弧書き): 公共工事設計労務単価+必要経費(法定福利費の事業主負担額、労務管理費、宿舎費等)(試算値),2013-04,2013-04-01,mlit-roumu-h25,p17(横長の表) / p7(縦長の表),https://www.mlit.go.jp/common/000993048.pdf,PDL1.0,,
c7a6e50c99c01089,JP,labor,労務単価,橋りょう特殊工,所定労働時間内8時間あたり,人日,pref,29,奈良県,,,,22800,JPY,labor_wage_8h,published_pdl,32100,原本の下段(括弧書き): 公共工事設計労務単価+必要経費(法定福利費の事業主負担額、労務管理費、宿舎費等)(試算値),2013-04,2013-04-01,mlit-roumu-h25,p17(横長の表) / p7(縦長の表),https://www.mlit.go.jp/common/000993048.pdf,PDL1.0,,
efb36236643bf12d,JP,labor,労務単価,橋りょう塗装工,所定労働時間内8時間あたり,人日,pref,29,奈良県,,,,23900,JPY,labor_wage_8h,published_pdl,33600,原本の下段(括弧書き): 公共工事設計労務単価+必要経費(法定福利費の事業主負担額、労務管理費、宿舎費等)(試算値),2013-04,2013-04-01,mlit-roumu-h25,p17(横長の表) / p7(縦長の表),https://www.mlit.go.jp/common/000993048.pdf,PDL1.0,,
471984cb033c6205,JP,labor,労務単価,橋りょう世話役,所定労働時間内8時間あたり,人日,pref,29,奈良県,,,,26300,JPY,labor_wage_8h,published_pdl,37000,原本の下段(括弧書き): 公共工事設計労務単価+必要経費(法定福利費の事業主負担額、労務管理費、宿舎費等)(試算値),2013-04,2013-04-01,mlit-roumu-h25,p17(横長の表) / p7(縦長の表),https://www.mlit.go.jp/common/000993048.pdf,PDL1.0,,
0d51f5bfa035ab28,JP,labor,労務単価,土木一般世話役,所定労働時間内8時間あたり,人日,pref,29,奈良県,,,,20000,JPY,labor_wage_8h,published_pdl,28100,原本の下段(括弧書き): 公共工事設計労務単価+必要経費(法定福利費の事業主負担額、労務管理費、宿舎費等)(試算値),2013-04,2013-04-01,mlit-roumu-h25,p17(横長の表) / p7(縦長の表),https://www.mlit.go.jp/common/000993048.pdf,PDL1.0,,
3aba26e18a4a079a,JP,labor,労務単価,高級船員,所定労働時間内8時間あたり,人日,pref,29,奈良県,,,,22700,JPY,labor_wage_8h,published_pdl,31900,原本の下段(括弧書き): 公共工事設計労務単価+必要経費(法定福利費の事業主負担額、労務管理費、宿舎費等)(試算値),2013-04,2013-04-01,mlit-roumu-h25,p17(横長の表) / p7(縦長の表),https://www.mlit.go.jp/common/000993048.pdf,PDL1.0,,
f426f6f8b63d7c5e,JP,labor,労務単価,普通船員,所定労働時間内8時間あたり,人日,pref,29,奈良県,,,,17700,JPY,labor_wage_8h,published_pdl,24900,原本の下段(括弧書き): 公共工事設計労務単価+必要経費(法定福利費の事業主負担額、労務管理費、宿舎費等)(試算値),2013-04,2013-04-01,mlit-roumu-h25,p17(横長の表) / p7(縦長の表),https://www.mlit.go.jp/common/000993048.pdf,PDL1.0,,
0aabb2f9fdad2897,JP,labor,労務単価,潜水士,所定労働時間内8時間あたり,人日,pref,29,奈良県,,,,26700,JPY,labor_wage_8h,published_pdl,37500,原本の下段(括弧書き): 公共工事設計労務単価+必要経費(法定福利費の事業主負担額、労務管理費、宿舎費等)(試算値),2013-04,2013-04-01,mlit-roumu-h25,p17(横長の表) / p7(縦長の表),https://www.mlit.go.jp/common/000993048.pdf,PDL1.0,,
57e377357610b40f,JP,labor,労務単価,潜水連絡員,所定労働時間内8時間あたり,人日,pref,29,奈良県,,,,19500,JPY,labor_wage_8h,published_pdl,27400,原本の下段(括弧書き): 公共工事設計労務単価+必要経費(法定福利費の事業主負担額、労務管理費、宿舎費等)(試算値),2013-04,2013-04-01,mlit-roumu-h25,p17(横長の表) / p7(縦長の表),https://www.mlit.go.jp/common/000993048.pdf,PDL1.0,,
c5e417130f564fae,JP,labor,労務単価,潜水送気員,所定労働時間内8時間あたり,人日,pref,29,奈良県,,,,18800,JPY,labor_wage_8h,published_pdl,26400,原本の下段(括弧書き): 公共工事設計労務単価+必要経費(法定福利費の事業主負担額、労務管理費、宿舎費等)(試算値),2013-04,2013-04-01,mlit-roumu-h25,p17(横長の表) / p7(縦長の表),https://www.mlit.go.jp/common/000993048.pdf,PDL1.0,,
926fcf4a1d414e41,JP,labor,労務単価,山林砂防工,所定労働時間内8時間あたり,人日,pref,29,奈良県,,,,19900,JPY,labor_wage_8h,published_pdl,28000,原本の下段(括弧書き): 公共工事設計労務単価+必要経費(法定福利費の事業主負担額、労務管理費、宿舎費等)(試算値),2013-04,2013-04-01,mlit-roumu-h25,p17(横長の表) / p8(縦長の表),https://www.mlit.go.jp/common/000993048.pdf,PDL1.0,,
7aac339a73e639d6,JP,labor,労務単価,軌道工,所定労働時間内8時間あたり,人日,pref,29,奈良県,,,,29900,JPY,labor_wage_8h,published_pdl,42000,原本の下段(括弧書き): 公共工事設計労務単価+必要経費(法定福利費の事業主負担額、労務管理費、宿舎費等)(試算値),2013-04,2013-04-01,mlit-roumu-h25,p17(横長の表) / p8(縦長の表),https://www.mlit.go.jp/common/000993048.pdf,PDL1.0,,
885ed489ed79cb7a,JP,labor,労務単価,型わく工,所定労働時間内8時間あたり,人日,pref,29,奈良県,,,,20000,JPY,labor_wage_8h,published_pdl,28100,原本の下段(括弧書き): 公共工事設計労務単価+必要経費(法定福利費の事業主負担額、労務管理費、宿舎費等)(試算値),2013-04,2013-04-01,mlit-roumu-h25,p17(横長の表) / p8(縦長の表),https://www.mlit.go.jp/common/000993048.pdf,PDL1.0,,
cc7928d28fcc76b9,JP,labor,労務単価,大工,所定労働時間内8時間あたり,人日,pref,29,奈良県,,,,18200,JPY,labor_wage_8h,published_pdl,25600,原本の下段(括弧書き): 公共工事設計労務単価+必要経費(法定福利費の事業主負担額、労務管理費、宿舎費等)(試算値),2013-04,2013-04-01,mlit-roumu-h25,p17(横長の表) / p8(縦長の表),https://www.mlit.go.jp/common/000993048.pdf,PDL1.0,,
130a9620220bdb04,JP,labor,労務単価,左官,所定労働時間内8時間あたり,人日,pref,29,奈良県,,,,18300,JPY,labor_wage_8h,published_pdl,25700,原本の下段(括弧書き): 公共工事設計労務単価+必要経費(法定福利費の事業主負担額、労務管理費、宿舎費等)(試算値),2013-04,2013-04-01,mlit-roumu-h25,p17(横長の表) / p8(縦長の表),https://www.mlit.go.jp/common/000993048.pdf,PDL1.0,,
bb943f9e1975fba4,JP,labor,労務単価,配管工,所定労働時間内8時間あたり,人日,pref,29,奈良県,,,,19100,JPY,labor_wage_8h,published_pdl,26900,原本の下段(括弧書き): 公共工事設計労務単価+必要経費(法定福利費の事業主負担額、労務管理費、宿舎費等)(試算値),2013-04,2013-04-01,mlit-roumu-h25,p17(横長の表) / p8(縦長の表),https://www.mlit.go.jp/common/000993048.pdf,PDL1.0,,
e35b133b7758d2fa,JP,labor,労務単価,はつり工,所定労働時間内8時間あたり,人日,pref,29,奈良県,,,,18800,JPY,labor_wage_8h,published_pdl,26400,原本の下段(括弧書き): 公共工事設計労務単価+必要経費(法定福利費の事業主負担額、労務管理費、宿舎費等)(試算値),2013-04,2013-04-01,mlit-roumu-h25,p17(横長の表) / p8(縦長の表),https://www.mlit.go.jp/common/000993048.pdf,PDL1.0,,
14ed6fa3d4f35be9,JP,labor,労務単価,防水工,所定労働時間内8時間あたり,人日,pref,29,奈良県,,,,19200,JPY,labor_wage_8h,published_pdl,27000,原本の下段(括弧書き): 公共工事設計労務単価+必要経費(法定福利費の事業主負担額、労務管理費、宿舎費等)(試算値),2013-04,2013-04-01,mlit-roumu-h25,p17(横長の表) / p8(縦長の表),https://www.mlit.go.jp/common/000993048.pdf,PDL1.0,,
b0bff4b59e8c28f4,JP,labor,労務単価,板金工,所定労働時間内8時間あたり,人日,pref,29,奈良県,,,,18400,JPY,labor_wage_8h,published_pdl,25900,原本の下段(括弧書き): 公共工事設計労務単価+必要経費(法定福利費の事業主負担額、労務管理費、宿舎費等)(試算値),2013-04,2013-04-01,mlit-roumu-h25,p17(横長の表) / p8(縦長の表),https://www.mlit.go.jp/common/000993048.pdf,PDL1.0,,
197f24622ab2f75b,JP,labor,労務単価,タイル工,所定労働時間内8時間あたり,人日,pref,29,奈良県,,,,17700,JPY,labor_wage_8h,published_pdl,24900,原本の下段(括弧書き): 公共工事設計労務単価+必要経費(法定福利費の事業主負担額、労務管理費、宿舎費等)(試算値),2013-04,2013-04-01,mlit-roumu-h25,p17(横長の表) / p8(縦長の表),https://www.mlit.go.jp/common/000993048.pdf,PDL1.0,,
4b7cd9a162529fd4,JP,labor,労務単価,サッシ工,所定労働時間内8時間あたり,人日,pref,29,奈良県,,,,18500,JPY,labor_wage_8h,published_pdl,26000,原本の下段(括弧書き): 公共工事設計労務単価+必要経費(法定福利費の事業主負担額、労務管理費、宿舎費等)(試算値),2013-04,2013-04-01,mlit-roumu-h25,p18(横長の表) / p9(縦長の表),https://www.mlit.go.jp/common/000993048.pdf,PDL1.0,,
def3ca4ff8f43fbf,JP,labor,労務単価,内装工,所定労働時間内8時間あたり,人日,pref,29,奈良県,,,,18700,JPY,labor_wage_8h,published_pdl,26300,原本の下段(括弧書き): 公共工事設計労務単価+必要経費(法定福利費の事業主負担額、労務管理費、宿舎費等)(試算値),2013-04,2013-04-01,mlit-roumu-h25,p18(横長の表) / p9(縦長の表),https://www.mlit.go.jp/common/000993048.pdf,PDL1.0,,
85605445f5a67de3,JP,labor,労務単価,ガラス工,所定労働時間内8時間あたり,人日,pref,29,奈良県,,,,18100,JPY,labor_wage_8h,published_pdl,25400,原本の下段(括弧書き): 公共工事設計労務単価+必要経費(法定福利費の事業主負担額、労務管理費、宿舎費等)(試算値),2013-04,2013-04-01,mlit-roumu-h25,p18(横長の表) / p9(縦長の表),https://www.mlit.go.jp/common/000993048.pdf,PDL1.0,,
69a94efa9d86b578,JP,labor,労務単価,建具工,所定労働時間内8時間あたり,人日,pref,29,奈良県,,,,18400,JPY,labor_wage_8h,published_pdl,25900,原本の下段(括弧書き): 公共工事設計労務単価+必要経費(法定福利費の事業主負担額、労務管理費、宿舎費等)(試算値),2013-04,2013-04-01,mlit-roumu-h25,p18(横長の表) / p9(縦長の表),https://www.mlit.go.jp/common/000993048.pdf,PDL1.0,,
20e5047a3d4ebb79,JP,labor,労務単価,ダクト工,所定労働時間内8時間あたり,人日,pref,29,奈良県,,,,16400,JPY,labor_wage_8h,published_pdl,23100,原本の下段(括弧書き): 公共工事設計労務単価+必要経費(法定福利費の事業主負担額、労務管理費、宿舎費等)(試算値),2013-04,2013-04-01,mlit-roumu-h25,p18(横長の表) / p9(縦長の表),https://www.mlit.go.jp/common/000993048.pdf,PDL1.0,,
808170df1937f107,JP,labor,労務単価,保温工,所定労働時間内8時間あたり,人日,pref,29,奈良県,,,,19100,JPY,labor_wage_8h,published_pdl,26900,原本の下段(括弧書き): 公共工事設計労務単価+必要経費(法定福利費の事業主負担額、労務管理費、宿舎費等)(試算値),2013-04,2013-04-01,mlit-roumu-h25,p18(横長の表) / p9(縦長の表),https://www.mlit.go.jp/common/000993048.pdf,PDL1.0,,
5e294ec56b9eb1de,JP,labor,労務単価,建築ブロック工,所定労働時間内8時間あたり,人日,pref,29,奈良県,,,,,JPY,labor_wage_8h,not_set,,,2013-04,2013-04-01,mlit-roumu-h25,p18(横長の表) / p9(縦長の表),https://www.mlit.go.jp/common/000993048.pdf,PDL1.0,,原本の表で『-』(この都道府県ではこの職種の単価を設定していない)
6b5835fd00b9901b,JP,labor,労務単価,設備機械工,所定労働時間内8時間あたり,人日,pref,29,奈良県,,,,19700,JPY,labor_wage_8h,published_pdl,27700,原本の下段(括弧書き): 公共工事設計労務単価+必要経費(法定福利費の事業主負担額、労務管理費、宿舎費等)(試算値),2013-04,2013-04-01,mlit-roumu-h25,p18(横長の表) / p9(縦長の表),https://www.mlit.go.jp/common/000993048.pdf,PDL1.0,,
30395f81aa590711,JP,labor,労務単価,交通誘導員Ａ,所定労働時間内8時間あたり,人日,pref,29,奈良県,,,,9500,JPY,labor_wage_8h,published_pdl,13400,原本の下段(括弧書き): 公共工事設計労務単価+必要経費(法定福利費の事業主負担額、労務管理費、宿舎費等)(試算値),2013-04,2013-04-01,mlit-roumu-h25,p18(横長の表) / p9(縦長の表),https://www.mlit.go.jp/common/000993048.pdf,PDL1.0,,
d24e4fef77ab6ca5,JP,labor,労務単価,交通誘導員Ｂ,所定労働時間内8時間あたり,人日,pref,29,奈良県,,,,8400,JPY,labor_wage_8h,published_pdl,11800,原本の下段(括弧書き): 公共工事設計労務単価+必要経費(法定福利費の事業主負担額、労務管理費、宿舎費等)(試算値),2013-04,2013-04-01,mlit-roumu-h25,p18(横長の表) / p9(縦長の表),https://www.mlit.go.jp/common/000993048.pdf,PDL1.0,,
80a1ee6c81fca736,JP,labor,労務単価,特殊作業員,所定労働時間内8時間あたり,人日,pref,30,和歌山県,,,,17700,JPY,labor_wage_8h,published_pdl,24900,原本の下段(括弧書き): 公共工事設計労務単価+必要経費(法定福利費の事業主負担額、労務管理費、宿舎費等)(試算値),2013-04,2013-04-01,mlit-roumu-h25,p16(横長の表) / p5(縦長の表),https://www.mlit.go.jp/common/000993048.pdf,PDL1.0,,
503f16429f1e0293,JP,labor,労務単価,普通作業員,所定労働時間内8時間あたり,人日,pref,30,和歌山県,,,,15600,JPY,labor_wage_8h,published_pdl,21900,原本の下段(括弧書き): 公共工事設計労務単価+必要経費(法定福利費の事業主負担額、労務管理費、宿舎費等)(試算値),2013-04,2013-04-01,mlit-roumu-h25,p16(横長の表) / p5(縦長の表),https://www.mlit.go.jp/common/000993048.pdf,PDL1.0,,
60b44ab9befa3e5e,JP,labor,労務単価,軽作業員,所定労働時間内8時間あたり,人日,pref,30,和歌山県,,,,11300,JPY,labor_wage_8h,published_pdl,15900,原本の下段(括弧書き): 公共工事設計労務単価+必要経費(法定福利費の事業主負担額、労務管理費、宿舎費等)(試算値),2013-04,2013-04-01,mlit-roumu-h25,p16(横長の表) / p5(縦長の表),https://www.mlit.go.jp/common/000993048.pdf,PDL1.0,,
335b17321b9d020a,JP,labor,労務単価,造園工,所定労働時間内8時間あたり,人日,pref,30,和歌山県,,,,17900,JPY,labor_wage_8h,published_pdl,25200,原本の下段(括弧書き): 公共工事設計労務単価+必要経費(法定福利費の事業主負担額、労務管理費、宿舎費等)(試算値),2013-04,2013-04-01,mlit-roumu-h25,p16(横長の表) / p5(縦長の表),https://www.mlit.go.jp/common/000993048.pdf,PDL1.0,,
d2952ef55815895e,JP,labor,労務単価,法面工,所定労働時間内8時間あたり,人日,pref,30,和歌山県,,,,19500,JPY,labor_wage_8h,published_pdl,27400,原本の下段(括弧書き): 公共工事設計労務単価+必要経費(法定福利費の事業主負担額、労務管理費、宿舎費等)(試算値),2013-04,2013-04-01,mlit-roumu-h25,p16(横長の表) / p5(縦長の表),https://www.mlit.go.jp/common/000993048.pdf,PDL1.0,,
3013ff9fdfa9bed6,JP,labor,労務単価,とび工,所定労働時間内8時間あたり,人日,pref,30,和歌山県,,,,19500,JPY,labor_wage_8h,published_pdl,27400,原本の下段(括弧書き): 公共工事設計労務単価+必要経費(法定福利費の事業主負担額、労務管理費、宿舎費等)(試算値),2013-04,2013-04-01,mlit-roumu-h25,p16(横長の表) / p5(縦長の表),https://www.mlit.go.jp/common/000993048.pdf,PDL1.0,,
b9c63afd50d2fa30,JP,labor,労務単価,石工,所定労働時間内8時間あたり,人日,pref,30,和歌山県,,,,,JPY,labor_wage_8h,not_set,,,2013-04,2013-04-01,mlit-roumu-h25,p16(横長の表) / p5(縦長の表),https://www.mlit.go.jp/common/000993048.pdf,PDL1.0,,原本の表で『-』(この都道府県ではこの職種の単価を設定していない)
96fd35bfa0fcd26a,JP,labor,労務単価,ブロック工,所定労働時間内8時間あたり,人日,pref,30,和歌山県,,,,20800,JPY,labor_wage_8h,published_pdl,29200,原本の下段(括弧書き): 公共工事設計労務単価+必要経費(法定福利費の事業主負担額、労務管理費、宿舎費等)(試算値),2013-04,2013-04-01,mlit-roumu-h25,p16(横長の表) / p5(縦長の表),https://www.mlit.go.jp/common/000993048.pdf,PDL1.0,,
8d498f2e633b27b6,JP,labor,労務単価,電工,所定労働時間内8時間あたり,人日,pref,30,和歌山県,,,,18200,JPY,labor_wage_8h,published_pdl,25600,原本の下段(括弧書き): 公共工事設計労務単価+必要経費(法定福利費の事業主負担額、労務管理費、宿舎費等)(試算値),2013-04,2013-04-01,mlit-roumu-h25,p16(横長の表) / p5(縦長の表),https://www.mlit.go.jp/common/000993048.pdf,PDL1.0,,
3a28470e0b880b2a,JP,labor,労務単価,鉄筋工,所定労働時間内8時間あたり,人日,pref,30,和歌山県,,,,18300,JPY,labor_wage_8h,published_pdl,25700,原本の下段(括弧書き): 公共工事設計労務単価+必要経費(法定福利費の事業主負担額、労務管理費、宿舎費等)(試算値),2013-04,2013-04-01,mlit-roumu-h25,p16(横長の表) / p5(縦長の表),https://www.mlit.go.jp/common/000993048.pdf,PDL1.0,,
458a69b49a22f942,JP,labor,労務単価,鉄骨工,所定労働時間内8時間あたり,人日,pref,30,和歌山県,,,,17900,JPY,labor_wage_8h,published_pdl,25200,原本の下段(括弧書き): 公共工事設計労務単価+必要経費(法定福利費の事業主負担額、労務管理費、宿舎費等)(試算値),2013-04,2013-04-01,mlit-roumu-h25,p16(横長の表) / p6(縦長の表),https://www.mlit.go.jp/common/000993048.pdf,PDL1.0,,
855e0f5cf6e0882e,JP,labor,労務単価,塗装工,所定労働時間内8時間あたり,人日,pref,30,和歌山県,,,,19300,JPY,labor_wage_8h,published_pdl,27100,原本の下段(括弧書き): 公共工事設計労務単価+必要経費(法定福利費の事業主負担額、労務管理費、宿舎費等)(試算値),2013-04,2013-04-01,mlit-roumu-h25,p16(横長の表) / p6(縦長の表),https://www.mlit.go.jp/common/000993048.pdf,PDL1.0,,
f19e329ad4352710,JP,labor,労務単価,溶接工,所定労働時間内8時間あたり,人日,pref,30,和歌山県,,,,19500,JPY,labor_wage_8h,published_pdl,27400,原本の下段(括弧書き): 公共工事設計労務単価+必要経費(法定福利費の事業主負担額、労務管理費、宿舎費等)(試算値),2013-04,2013-04-01,mlit-roumu-h25,p16(横長の表) / p6(縦長の表),https://www.mlit.go.jp/common/000993048.pdf,PDL1.0,,
2236300df86873b0,JP,labor,労務単価,運転手（特殊）,所定労働時間内8時間あたり,人日,pref,30,和歌山県,,,,17000,JPY,labor_wage_8h,published_pdl,23900,原本の下段(括弧書き): 公共工事設計労務単価+必要経費(法定福利費の事業主負担額、労務管理費、宿舎費等)(試算値),2013-04,2013-04-01,mlit-roumu-h25,p16(横長の表) / p6(縦長の表),https://www.mlit.go.jp/common/000993048.pdf,PDL1.0,,
d36e7dd41e7d7da3,JP,labor,労務単価,運転手（一般）,所定労働時間内8時間あたり,人日,pref,30,和歌山県,,,,14800,JPY,labor_wage_8h,published_pdl,20800,原本の下段(括弧書き): 公共工事設計労務単価+必要経費(法定福利費の事業主負担額、労務管理費、宿舎費等)(試算値),2013-04,2013-04-01,mlit-roumu-h25,p16(横長の表) / p6(縦長の表),https://www.mlit.go.jp/common/000993048.pdf,PDL1.0,,
ee74b4193ba42d6b,JP,labor,労務単価,潜かん工,所定労働時間内8時間あたり,人日,pref,30,和歌山県,,,,23700,JPY,labor_wage_8h,published_pdl,33300,原本の下段(括弧書き): 公共工事設計労務単価+必要経費(法定福利費の事業主負担額、労務管理費、宿舎費等)(試算値),2013-04,2013-04-01,mlit-roumu-h25,p16(横長の表) / p6(縦長の表),https://www.mlit.go.jp/common/000993048.pdf,PDL1.0,,
d94079ede03463ff,JP,labor,労務単価,潜かん世話役,所定労働時間内8時間あたり,人日,pref,30,和歌山県,,,,28100,JPY,labor_wage_8h,published_pdl,39500,原本の下段(括弧書き): 公共工事設計労務単価+必要経費(法定福利費の事業主負担額、労務管理費、宿舎費等)(試算値),2013-04,2013-04-01,mlit-roumu-h25,p16(横長の表) / p6(縦長の表),https://www.mlit.go.jp/common/000993048.pdf,PDL1.0,,
98274c84c7a4391d,JP,labor,労務単価,さく岩工,所定労働時間内8時間あたり,人日,pref,30,和歌山県,,,,19300,JPY,labor_wage_8h,published_pdl,27100,原本の下段(括弧書き): 公共工事設計労務単価+必要経費(法定福利費の事業主負担額、労務管理費、宿舎費等)(試算値),2013-04,2013-04-01,mlit-roumu-h25,p16(横長の表) / p6(縦長の表),https://www.mlit.go.jp/common/000993048.pdf,PDL1.0,,
f07e6c3b785987be,JP,labor,労務単価,トンネル特殊工,所定労働時間内8時間あたり,人日,pref,30,和歌山県,,,,20400,JPY,labor_wage_8h,published_pdl,28700,原本の下段(括弧書き): 公共工事設計労務単価+必要経費(法定福利費の事業主負担額、労務管理費、宿舎費等)(試算値),2013-04,2013-04-01,mlit-roumu-h25,p16(横長の表) / p6(縦長の表),https://www.mlit.go.jp/common/000993048.pdf,PDL1.0,,
f86448c3a208d2ba,JP,labor,労務単価,トンネル作業員,所定労働時間内8時間あたり,人日,pref,30,和歌山県,,,,17800,JPY,labor_wage_8h,published_pdl,25000,原本の下段(括弧書き): 公共工事設計労務単価+必要経費(法定福利費の事業主負担額、労務管理費、宿舎費等)(試算値),2013-04,2013-04-01,mlit-roumu-h25,p16(横長の表) / p6(縦長の表),https://www.mlit.go.jp/common/000993048.pdf,PDL1.0,,
c3f06aa6ea8a5dc1,JP,labor,労務単価,トンネル世話役,所定労働時間内8時間あたり,人日,pref,30,和歌山県,,,,23800,JPY,labor_wage_8h,published_pdl,33500,原本の下段(括弧書き): 公共工事設計労務単価+必要経費(法定福利費の事業主負担額、労務管理費、宿舎費等)(試算値),2013-04,2013-04-01,mlit-roumu-h25,p17(横長の表) / p7(縦長の表),https://www.mlit.go.jp/common/000993048.pdf,PDL1.0,,
66afb26bb33eda39,JP,labor,労務単価,橋りょう特殊工,所定労働時間内8時間あたり,人日,pref,30,和歌山県,,,,22800,JPY,labor_wage_8h,published_pdl,32100,原本の下段(括弧書き): 公共工事設計労務単価+必要経費(法定福利費の事業主負担額、労務管理費、宿舎費等)(試算値),2013-04,2013-04-01,mlit-roumu-h25,p17(横長の表) / p7(縦長の表),https://www.mlit.go.jp/common/000993048.pdf,PDL1.0,,
66aa35ba7a6d8037,JP,labor,労務単価,橋りょう塗装工,所定労働時間内8時間あたり,人日,pref,30,和歌山県,,,,23900,JPY,labor_wage_8h,published_pdl,33600,原本の下段(括弧書き): 公共工事設計労務単価+必要経費(法定福利費の事業主負担額、労務管理費、宿舎費等)(試算値),2013-04,2013-04-01,mlit-roumu-h25,p17(横長の表) / p7(縦長の表),https://www.mlit.go.jp/common/000993048.pdf,PDL1.0,,
7e2e05e5fb89a5c6,JP,labor,労務単価,橋りょう世話役,所定労働時間内8時間あたり,人日,pref,30,和歌山県,,,,26300,JPY,labor_wage_8h,published_pdl,37000,原本の下段(括弧書き): 公共工事設計労務単価+必要経費(法定福利費の事業主負担額、労務管理費、宿舎費等)(試算値),2013-04,2013-04-01,mlit-roumu-h25,p17(横長の表) / p7(縦長の表),https://www.mlit.go.jp/common/000993048.pdf,PDL1.0,,
c29cad94dee70c7e,JP,labor,労務単価,土木一般世話役,所定労働時間内8時間あたり,人日,pref,30,和歌山県,,,,19600,JPY,labor_wage_8h,published_pdl,27600,原本の下段(括弧書き): 公共工事設計労務単価+必要経費(法定福利費の事業主負担額、労務管理費、宿舎費等)(試算値),2013-04,2013-04-01,mlit-roumu-h25,p17(横長の表) / p7(縦長の表),https://www.mlit.go.jp/common/000993048.pdf,PDL1.0,,
74bc8e3c40dfe338,JP,labor,労務単価,高級船員,所定労働時間内8時間あたり,人日,pref,30,和歌山県,,,,22700,JPY,labor_wage_8h,published_pdl,31900,原本の下段(括弧書き): 公共工事設計労務単価+必要経費(法定福利費の事業主負担額、労務管理費、宿舎費等)(試算値),2013-04,2013-04-01,mlit-roumu-h25,p17(横長の表) / p7(縦長の表),https://www.mlit.go.jp/common/000993048.pdf,PDL1.0,,
8a756447e6c3a43d,JP,labor,労務単価,普通船員,所定労働時間内8時間あたり,人日,pref,30,和歌山県,,,,17700,JPY,labor_wage_8h,published_pdl,24900,原本の下段(括弧書き): 公共工事設計労務単価+必要経費(法定福利費の事業主負担額、労務管理費、宿舎費等)(試算値),2013-04,2013-04-01,mlit-roumu-h25,p17(横長の表) / p7(縦長の表),https://www.mlit.go.jp/common/000993048.pdf,PDL1.0,,
8d2cfcf0f614473b,JP,labor,労務単価,潜水士,所定労働時間内8時間あたり,人日,pref,30,和歌山県,,,,26600,JPY,labor_wage_8h,published_pdl,37400,原本の下段(括弧書き): 公共工事設計労務単価+必要経費(法定福利費の事業主負担額、労務管理費、宿舎費等)(試算値),2013-04,2013-04-01,mlit-roumu-h25,p17(横長の表) / p7(縦長の表),https://www.mlit.go.jp/common/000993048.pdf,PDL1.0,,
dcf385fbfd242600,JP,labor,労務単価,潜水連絡員,所定労働時間内8時間あたり,人日,pref,30,和歌山県,,,,19300,JPY,labor_wage_8h,published_pdl,27100,原本の下段(括弧書き): 公共工事設計労務単価+必要経費(法定福利費の事業主負担額、労務管理費、宿舎費等)(試算値),2013-04,2013-04-01,mlit-roumu-h25,p17(横長の表) / p7(縦長の表),https://www.mlit.go.jp/common/000993048.pdf,PDL1.0,,
18c7cd3a63881c65,JP,labor,労務単価,潜水送気員,所定労働時間内8時間あたり,人日,pref,30,和歌山県,,,,18700,JPY,labor_wage_8h,published_pdl,26300,原本の下段(括弧書き): 公共工事設計労務単価+必要経費(法定福利費の事業主負担額、労務管理費、宿舎費等)(試算値),2013-04,2013-04-01,mlit-roumu-h25,p17(横長の表) / p7(縦長の表),https://www.mlit.go.jp/common/000993048.pdf,PDL1.0,,
deacbc9771365aa9,JP,labor,労務単価,山林砂防工,所定労働時間内8時間あたり,人日,pref,30,和歌山県,,,,19900,JPY,labor_wage_8h,published_pdl,28000,原本の下段(括弧書き): 公共工事設計労務単価+必要経費(法定福利費の事業主負担額、労務管理費、宿舎費等)(試算値),2013-04,2013-04-01,mlit-roumu-h25,p17(横長の表) / p8(縦長の表),https://www.mlit.go.jp/common/000993048.pdf,PDL1.0,,
96c365df6eac8871,JP,labor,労務単価,軌道工,所定労働時間内8時間あたり,人日,pref,30,和歌山県,,,,30100,JPY,labor_wage_8h,published_pdl,42300,原本の下段(括弧書き): 公共工事設計労務単価+必要経費(法定福利費の事業主負担額、労務管理費、宿舎費等)(試算値),2013-04,2013-04-01,mlit-roumu-h25,p17(横長の表) / p8(縦長の表),https://www.mlit.go.jp/common/000993048.pdf,PDL1.0,,
fdf7865559df1816,JP,labor,労務単価,型わく工,所定労働時間内8時間あたり,人日,pref,30,和歌山県,,,,20200,JPY,labor_wage_8h,published_pdl,28400,原本の下段(括弧書き): 公共工事設計労務単価+必要経費(法定福利費の事業主負担額、労務管理費、宿舎費等)(試算値),2013-04,2013-04-01,mlit-roumu-h25,p17(横長の表) / p8(縦長の表),https://www.mlit.go.jp/common/000993048.pdf,PDL1.0,,
2e96f5d968d7bcd4,JP,labor,労務単価,大工,所定労働時間内8時間あたり,人日,pref,30,和歌山県,,,,18100,JPY,labor_wage_8h,published_pdl,25400,原本の下段(括弧書き): 公共工事設計労務単価+必要経費(法定福利費の事業主負担額、労務管理費、宿舎費等)(試算値),2013-04,2013-04-01,mlit-roumu-h25,p17(横長の表) / p8(縦長の表),https://www.mlit.go.jp/common/000993048.pdf,PDL1.0,,
e3ff1b6f317fd4fe,JP,labor,労務単価,左官,所定労働時間内8時間あたり,人日,pref,30,和歌山県,,,,18000,JPY,labor_wage_8h,published_pdl,25300,原本の下段(括弧書き): 公共工事設計労務単価+必要経費(法定福利費の事業主負担額、労務管理費、宿舎費等)(試算値),2013-04,2013-04-01,mlit-roumu-h25,p17(横長の表) / p8(縦長の表),https://www.mlit.go.jp/common/000993048.pdf,PDL1.0,,
90d038fdbadd3882,JP,labor,労務単価,配管工,所定労働時間内8時間あたり,人日,pref,30,和歌山県,,,,18000,JPY,labor_wage_8h,published_pdl,25300,原本の下段(括弧書き): 公共工事設計労務単価+必要経費(法定福利費の事業主負担額、労務管理費、宿舎費等)(試算値),2013-04,2013-04-01,mlit-roumu-h25,p17(横長の表) / p8(縦長の表),https://www.mlit.go.jp/common/000993048.pdf,PDL1.0,,
10104ac404a9a7b0,JP,labor,労務単価,はつり工,所定労働時間内8時間あたり,人日,pref,30,和歌山県,,,,18800,JPY,labor_wage_8h,published_pdl,26400,原本の下段(括弧書き): 公共工事設計労務単価+必要経費(法定福利費の事業主負担額、労務管理費、宿舎費等)(試算値),2013-04,2013-04-01,mlit-roumu-h25,p17(横長の表) / p8(縦長の表),https://www.mlit.go.jp/common/000993048.pdf,PDL1.0,,
cace2e785e2c589e,JP,labor,労務単価,防水工,所定労働時間内8時間あたり,人日,pref,30,和歌山県,,,,19000,JPY,labor_wage_8h,published_pdl,26700,原本の下段(括弧書き): 公共工事設計労務単価+必要経費(法定福利費の事業主負担額、労務管理費、宿舎費等)(試算値),2013-04,2013-04-01,mlit-roumu-h25,p17(横長の表) / p8(縦長の表),https://www.mlit.go.jp/common/000993048.pdf,PDL1.0,,
4e46d4ee70850472,JP,labor,労務単価,板金工,所定労働時間内8時間あたり,人日,pref,30,和歌山県,,,,18300,JPY,labor_wage_8h,published_pdl,25700,原本の下段(括弧書き): 公共工事設計労務単価+必要経費(法定福利費の事業主負担額、労務管理費、宿舎費等)(試算値),2013-04,2013-04-01,mlit-roumu-h25,p17(横長の表) / p8(縦長の表),https://www.mlit.go.jp/common/000993048.pdf,PDL1.0,,
8b4cf3a1df027ccd,JP,labor,労務単価,タイル工,所定労働時間内8時間あたり,人日,pref,30,和歌山県,,,,17600,JPY,labor_wage_8h,published_pdl,24700,原本の下段(括弧書き): 公共工事設計労務単価+必要経費(法定福利費の事業主負担額、労務管理費、宿舎費等)(試算値),2013-04,2013-04-01,mlit-roumu-h25,p17(横長の表) / p8(縦長の表),https://www.mlit.go.jp/common/000993048.pdf,PDL1.0,,
7aa64ccff830d5ca,JP,labor,労務単価,サッシ工,所定労働時間内8時間あたり,人日,pref,30,和歌山県,,,,18400,JPY,labor_wage_8h,published_pdl,25900,原本の下段(括弧書き): 公共工事設計労務単価+必要経費(法定福利費の事業主負担額、労務管理費、宿舎費等)(試算値),2013-04,2013-04-01,mlit-roumu-h25,p18(横長の表) / p9(縦長の表),https://www.mlit.go.jp/common/000993048.pdf,PDL1.0,,
8a6abaddccfdd8ab,JP,labor,労務単価,内装工,所定労働時間内8時間あたり,人日,pref,30,和歌山県,,,,18600,JPY,labor_wage_8h,published_pdl,26200,原本の下段(括弧書き): 公共工事設計労務単価+必要経費(法定福利費の事業主負担額、労務管理費、宿舎費等)(試算値),2013-04,2013-04-01,mlit-roumu-h25,p18(横長の表) / p9(縦長の表),https://www.mlit.go.jp/common/000993048.pdf,PDL1.0,,
cebf3490fd32af99,JP,labor,労務単価,ガラス工,所定労働時間内8時間あたり,人日,pref,30,和歌山県,,,,18100,JPY,labor_wage_8h,published_pdl,25400,原本の下段(括弧書き): 公共工事設計労務単価+必要経費(法定福利費の事業主負担額、労務管理費、宿舎費等)(試算値),2013-04,2013-04-01,mlit-roumu-h25,p18(横長の表) / p9(縦長の表),https://www.mlit.go.jp/common/000993048.pdf,PDL1.0,,
89f1b36646005ee1,JP,labor,労務単価,建具工,所定労働時間内8時間あたり,人日,pref,30,和歌山県,,,,18300,JPY,labor_wage_8h,published_pdl,25700,原本の下段(括弧書き): 公共工事設計労務単価+必要経費(法定福利費の事業主負担額、労務管理費、宿舎費等)(試算値),2013-04,2013-04-01,mlit-roumu-h25,p18(横長の表) / p9(縦長の表),https://www.mlit.go.jp/common/000993048.pdf,PDL1.0,,
da16ab8175562df8,JP,labor,労務単価,ダクト工,所定労働時間内8時間あたり,人日,pref,30,和歌山県,,,,16500,JPY,labor_wage_8h,published_pdl,23200,原本の下段(括弧書き): 公共工事設計労務単価+必要経費(法定福利費の事業主負担額、労務管理費、宿舎費等)(試算値),2013-04,2013-04-01,mlit-roumu-h25,p18(横長の表) / p9(縦長の表),https://www.mlit.go.jp/common/000993048.pdf,PDL1.0,,
d4295b525b2dc9d1,JP,labor,労務単価,保温工,所定労働時間内8時間あたり,人日,pref,30,和歌山県,,,,19100,JPY,labor_wage_8h,published_pdl,26900,原本の下段(括弧書き): 公共工事設計労務単価+必要経費(法定福利費の事業主負担額、労務管理費、宿舎費等)(試算値),2013-04,2013-04-01,mlit-roumu-h25,p18(横長の表) / p9(縦長の表),https://www.mlit.go.jp/common/000993048.pdf,PDL1.0,,
631f72c3919cf136,JP,labor,労務単価,建築ブロック工,所定労働時間内8時間あたり,人日,pref,30,和歌山県,,,,,JPY,labor_wage_8h,not_set,,,2013-04,2013-04-01,mlit-roumu-h25,p18(横長の表) / p9(縦長の表),https://www.mlit.go.jp/common/000993048.pdf,PDL1.0,,原本の表で『-』(この都道府県ではこの職種の単価を設定していない)
1a23e7c76e5e0da1,JP,labor,労務単価,設備機械工,所定労働時間内8時間あたり,人日,pref,30,和歌山県,,,,19900,JPY,labor_wage_8h,published_pdl,28000,原本の下段(括弧書き): 公共工事設計労務単価+必要経費(法定福利費の事業主負担額、労務管理費、宿舎費等)(試算値),2013-04,2013-04-01,mlit-roumu-h25,p18(横長の表) / p9(縦長の表),https://www.mlit.go.jp/common/000993048.pdf,PDL1.0,,
129778394d3a971f,JP,labor,労務単価,交通誘導員Ａ,所定労働時間内8時間あたり,人日,pref,30,和歌山県,,,,9700,JPY,labor_wage_8h,published_pdl,13600,原本の下段(括弧書き): 公共工事設計労務単価+必要経費(法定福利費の事業主負担額、労務管理費、宿舎費等)(試算値),2013-04,2013-04-01,mlit-roumu-h25,p18(横長の表) / p9(縦長の表),https://www.mlit.go.jp/common/000993048.pdf,PDL1.0,,
8de790d611509201,JP,labor,労務単価,交通誘導員Ｂ,所定労働時間内8時間あたり,人日,pref,30,和歌山県,,,,8500,JPY,labor_wage_8h,published_pdl,12000,原本の下段(括弧書き): 公共工事設計労務単価+必要経費(法定福利費の事業主負担額、労務管理費、宿舎費等)(試算値),2013-04,2013-04-01,mlit-roumu-h25,p18(横長の表) / p9(縦長の表),https://www.mlit.go.jp/common/000993048.pdf,PDL1.0,,
fbdff39ab53e7101,JP,labor,労務単価,特殊作業員,所定労働時間内8時間あたり,人日,pref,31,鳥取県,,,,15300,JPY,labor_wage_8h,published_pdl,21500,原本の下段(括弧書き): 公共工事設計労務単価+必要経費(法定福利費の事業主負担額、労務管理費、宿舎費等)(試算値),2013-04,2013-04-01,mlit-roumu-h25,p16(横長の表) / p5(縦長の表),https://www.mlit.go.jp/common/000993048.pdf,PDL1.0,,
35639ca22663ae4b,JP,labor,労務単価,普通作業員,所定労働時間内8時間あたり,人日,pref,31,鳥取県,,,,12000,JPY,labor_wage_8h,published_pdl,16900,原本の下段(括弧書き): 公共工事設計労務単価+必要経費(法定福利費の事業主負担額、労務管理費、宿舎費等)(試算値),2013-04,2013-04-01,mlit-roumu-h25,p16(横長の表) / p5(縦長の表),https://www.mlit.go.jp/common/000993048.pdf,PDL1.0,,
5dd9ce600a0188b7,JP,labor,労務単価,軽作業員,所定労働時間内8時間あたり,人日,pref,31,鳥取県,,,,10900,JPY,labor_wage_8h,published_pdl,15300,原本の下段(括弧書き): 公共工事設計労務単価+必要経費(法定福利費の事業主負担額、労務管理費、宿舎費等)(試算値),2013-04,2013-04-01,mlit-roumu-h25,p16(横長の表) / p5(縦長の表),https://www.mlit.go.jp/common/000993048.pdf,PDL1.0,,
1caf9b5f143e064d,JP,labor,労務単価,造園工,所定労働時間内8時間あたり,人日,pref,31,鳥取県,,,,16000,JPY,labor_wage_8h,published_pdl,22500,原本の下段(括弧書き): 公共工事設計労務単価+必要経費(法定福利費の事業主負担額、労務管理費、宿舎費等)(試算値),2013-04,2013-04-01,mlit-roumu-h25,p16(横長の表) / p5(縦長の表),https://www.mlit.go.jp/common/000993048.pdf,PDL1.0,,
48c565cf473d807a,JP,labor,労務単価,法面工,所定労働時間内8時間あたり,人日,pref,31,鳥取県,,,,16600,JPY,labor_wage_8h,published_pdl,23300,原本の下段(括弧書き): 公共工事設計労務単価+必要経費(法定福利費の事業主負担額、労務管理費、宿舎費等)(試算値),2013-04,2013-04-01,mlit-roumu-h25,p16(横長の表) / p5(縦長の表),https://www.mlit.go.jp/common/000993048.pdf,PDL1.0,,
6d59521bedd8f54c,JP,labor,労務単価,とび工,所定労働時間内8時間あたり,人日,pref,31,鳥取県,,,,16800,JPY,labor_wage_8h,published_pdl,23600,原本の下段(括弧書き): 公共工事設計労務単価+必要経費(法定福利費の事業主負担額、労務管理費、宿舎費等)(試算値),2013-04,2013-04-01,mlit-roumu-h25,p16(横長の表) / p5(縦長の表),https://www.mlit.go.jp/common/000993048.pdf,PDL1.0,,
adc8befad1a4e2e6,JP,labor,労務単価,石工,所定労働時間内8時間あたり,人日,pref,31,鳥取県,,,,23100,JPY,labor_wage_8h,published_pdl,32500,原本の下段(括弧書き): 公共工事設計労務単価+必要経費(法定福利費の事業主負担額、労務管理費、宿舎費等)(試算値),2013-04,2013-04-01,mlit-roumu-h25,p16(横長の表) / p5(縦長の表),https://www.mlit.go.jp/common/000993048.pdf,PDL1.0,,
00e5993f052f0f6d,JP,labor,労務単価,ブロック工,所定労働時間内8時間あたり,人日,pref,31,鳥取県,,,,18700,JPY,labor_wage_8h,published_pdl,26300,原本の下段(括弧書き): 公共工事設計労務単価+必要経費(法定福利費の事業主負担額、労務管理費、宿舎費等)(試算値),2013-04,2013-04-01,mlit-roumu-h25,p16(横長の表) / p5(縦長の表),https://www.mlit.go.jp/common/000993048.pdf,PDL1.0,,
647bc140a35e9c29,JP,labor,労務単価,電工,所定労働時間内8時間あたり,人日,pref,31,鳥取県,,,,15900,JPY,labor_wage_8h,published_pdl,22400,原本の下段(括弧書き): 公共工事設計労務単価+必要経費(法定福利費の事業主負担額、労務管理費、宿舎費等)(試算値),2013-04,2013-04-01,mlit-roumu-h25,p16(横長の表) / p5(縦長の表),https://www.mlit.go.jp/common/000993048.pdf,PDL1.0,,
78bda4a2f02c87e3,JP,labor,労務単価,鉄筋工,所定労働時間内8時間あたり,人日,pref,31,鳥取県,,,,16700,JPY,labor_wage_8h,published_pdl,23500,原本の下段(括弧書き): 公共工事設計労務単価+必要経費(法定福利費の事業主負担額、労務管理費、宿舎費等)(試算値),2013-04,2013-04-01,mlit-roumu-h25,p16(横長の表) / p5(縦長の表),https://www.mlit.go.jp/common/000993048.pdf,PDL1.0,,
a73ab84f83149124,JP,labor,労務単価,鉄骨工,所定労働時間内8時間あたり,人日,pref,31,鳥取県,,,,15900,JPY,labor_wage_8h,published_pdl,22400,原本の下段(括弧書き): 公共工事設計労務単価+必要経費(法定福利費の事業主負担額、労務管理費、宿舎費等)(試算値),2013-04,2013-04-01,mlit-roumu-h25,p16(横長の表) / p6(縦長の表),https://www.mlit.go.jp/common/000993048.pdf,PDL1.0,,
a3a272c4890d93d8,JP,labor,労務単価,塗装工,所定労働時間内8時間あたり,人日,pref,31,鳥取県,,,,16600,JPY,labor_wage_8h,published_pdl,23300,原本の下段(括弧書き): 公共工事設計労務単価+必要経費(法定福利費の事業主負担額、労務管理費、宿舎費等)(試算値),2013-04,2013-04-01,mlit-roumu-h25,p16(横長の表) / p6(縦長の表),https://www.mlit.go.jp/common/000993048.pdf,PDL1.0,,
7692b07f2bcf9c09,JP,labor,労務単価,溶接工,所定労働時間内8時間あたり,人日,pref,31,鳥取県,,,,17500,JPY,labor_wage_8h,published_pdl,24600,原本の下段(括弧書き): 公共工事設計労務単価+必要経費(法定福利費の事業主負担額、労務管理費、宿舎費等)(試算値),2013-04,2013-04-01,mlit-roumu-h25,p16(横長の表) / p6(縦長の表),https://www.mlit.go.jp/common/000993048.pdf,PDL1.0,,
99b2c0e11b18047c,JP,labor,労務単価,運転手（特殊）,所定労働時間内8時間あたり,人日,pref,31,鳥取県,,,,14300,JPY,labor_wage_8h,published_pdl,20100,原本の下段(括弧書き): 公共工事設計労務単価+必要経費(法定福利費の事業主負担額、労務管理費、宿舎費等)(試算値),2013-04,2013-04-01,mlit-roumu-h25,p16(横長の表) / p6(縦長の表),https://www.mlit.go.jp/common/000993048.pdf,PDL1.0,,
76505bcb3b135133,JP,labor,労務単価,運転手（一般）,所定労働時間内8時間あたり,人日,pref,31,鳥取県,,,,12300,JPY,labor_wage_8h,published_pdl,17300,原本の下段(括弧書き): 公共工事設計労務単価+必要経費(法定福利費の事業主負担額、労務管理費、宿舎費等)(試算値),2013-04,2013-04-01,mlit-roumu-h25,p16(横長の表) / p6(縦長の表),https://www.mlit.go.jp/common/000993048.pdf,PDL1.0,,
80d76a42f75f340c,JP,labor,労務単価,潜かん工,所定労働時間内8時間あたり,人日,pref,31,鳥取県,,,,23800,JPY,labor_wage_8h,published_pdl,33500,原本の下段(括弧書き): 公共工事設計労務単価+必要経費(法定福利費の事業主負担額、労務管理費、宿舎費等)(試算値),2013-04,2013-04-01,mlit-roumu-h25,p16(横長の表) / p6(縦長の表),https://www.mlit.go.jp/common/000993048.pdf,PDL1.0,,
1c663edab80f830b,JP,labor,労務単価,潜かん世話役,所定労働時間内8時間あたり,人日,pref,31,鳥取県,,,,28200,JPY,labor_wage_8h,published_pdl,39600,原本の下段(括弧書き): 公共工事設計労務単価+必要経費(法定福利費の事業主負担額、労務管理費、宿舎費等)(試算値),2013-04,2013-04-01,mlit-roumu-h25,p16(横長の表) / p6(縦長の表),https://www.mlit.go.jp/common/000993048.pdf,PDL1.0,,
116e9b07f46a5cdd,JP,labor,労務単価,さく岩工,所定労働時間内8時間あたり,人日,pref,31,鳥取県,,,,19500,JPY,labor_wage_8h,published_pdl,27400,原本の下段(括弧書き): 公共工事設計労務単価+必要経費(法定福利費の事業主負担額、労務管理費、宿舎費等)(試算値),2013-04,2013-04-01,mlit-roumu-h25,p16(横長の表) / p6(縦長の表),https://www.mlit.go.jp/common/000993048.pdf,PDL1.0,,
c6edd313cc3bf20f,JP,labor,労務単価,トンネル特殊工,所定労働時間内8時間あたり,人日,pref,31,鳥取県,,,,23300,JPY,labor_wage_8h,published_pdl,32800,原本の下段(括弧書き): 公共工事設計労務単価+必要経費(法定福利費の事業主負担額、労務管理費、宿舎費等)(試算値),2013-04,2013-04-01,mlit-roumu-h25,p16(横長の表) / p6(縦長の表),https://www.mlit.go.jp/common/000993048.pdf,PDL1.0,,
412189448a88a11f,JP,labor,労務単価,トンネル作業員,所定労働時間内8時間あたり,人日,pref,31,鳥取県,,,,17900,JPY,labor_wage_8h,published_pdl,25200,原本の下段(括弧書き): 公共工事設計労務単価+必要経費(法定福利費の事業主負担額、労務管理費、宿舎費等)(試算値),2013-04,2013-04-01,mlit-roumu-h25,p16(横長の表) / p6(縦長の表),https://www.mlit.go.jp/common/000993048.pdf,PDL1.0,,
f45f99b6953e7dfc,JP,labor,労務単価,トンネル世話役,所定労働時間内8時間あたり,人日,pref,31,鳥取県,,,,24100,JPY,labor_wage_8h,published_pdl,33900,原本の下段(括弧書き): 公共工事設計労務単価+必要経費(法定福利費の事業主負担額、労務管理費、宿舎費等)(試算値),2013-04,2013-04-01,mlit-roumu-h25,p17(横長の表) / p7(縦長の表),https://www.mlit.go.jp/common/000993048.pdf,PDL1.0,,
3f178bff8d9dce09,JP,labor,労務単価,橋りょう特殊工,所定労働時間内8時間あたり,人日,pref,31,鳥取県,,,,20500,JPY,labor_wage_8h,published_pdl,28800,原本の下段(括弧書き): 公共工事設計労務単価+必要経費(法定福利費の事業主負担額、労務管理費、宿舎費等)(試算値),2013-04,2013-04-01,mlit-roumu-h25,p17(横長の表) / p7(縦長の表),https://www.mlit.go.jp/common/000993048.pdf,PDL1.0,,
dc8ad15e9c3ba405,JP,labor,労務単価,橋りょう塗装工,所定労働時間内8時間あたり,人日,pref,31,鳥取県,,,,20900,JPY,labor_wage_8h,published_pdl,29400,原本の下段(括弧書き): 公共工事設計労務単価+必要経費(法定福利費の事業主負担額、労務管理費、宿舎費等)(試算値),2013-04,2013-04-01,mlit-roumu-h25,p17(横長の表) / p7(縦長の表),https://www.mlit.go.jp/common/000993048.pdf,PDL1.0,,
fa059cc6a0ab23e5,JP,labor,労務単価,橋りょう世話役,所定労働時間内8時間あたり,人日,pref,31,鳥取県,,,,23400,JPY,labor_wage_8h,published_pdl,32900,原本の下段(括弧書き): 公共工事設計労務単価+必要経費(法定福利費の事業主負担額、労務管理費、宿舎費等)(試算値),2013-04,2013-04-01,mlit-roumu-h25,p17(横長の表) / p7(縦長の表),https://www.mlit.go.jp/common/000993048.pdf,PDL1.0,,
3a465615fb2211f4,JP,labor,労務単価,土木一般世話役,所定労働時間内8時間あたり,人日,pref,31,鳥取県,,,,17900,JPY,labor_wage_8h,published_pdl,25200,原本の下段(括弧書き): 公共工事設計労務単価+必要経費(法定福利費の事業主負担額、労務管理費、宿舎費等)(試算値),2013-04,2013-04-01,mlit-roumu-h25,p17(横長の表) / p7(縦長の表),https://www.mlit.go.jp/common/000993048.pdf,PDL1.0,,
380d91157806faee,JP,labor,労務単価,高級船員,所定労働時間内8時間あたり,人日,pref,31,鳥取県,,,,22500,JPY,labor_wage_8h,published_pdl,31600,原本の下段(括弧書き): 公共工事設計労務単価+必要経費(法定福利費の事業主負担額、労務管理費、宿舎費等)(試算値),2013-04,2013-04-01,mlit-roumu-h25,p17(横長の表) / p7(縦長の表),https://www.mlit.go.jp/common/000993048.pdf,PDL1.0,,
409d05eecd336b2a,JP,labor,労務単価,普通船員,所定労働時間内8時間あたり,人日,pref,31,鳥取県,,,,17100,JPY,labor_wage_8h,published_pdl,24000,原本の下段(括弧書き): 公共工事設計労務単価+必要経費(法定福利費の事業主負担額、労務管理費、宿舎費等)(試算値),2013-04,2013-04-01,mlit-roumu-h25,p17(横長の表) / p7(縦長の表),https://www.mlit.go.jp/common/000993048.pdf,PDL1.0,,
b867e595f8e20d09,JP,labor,労務単価,潜水士,所定労働時間内8時間あたり,人日,pref,31,鳥取県,,,,28900,JPY,labor_wage_8h,published_pdl,40600,原本の下段(括弧書き): 公共工事設計労務単価+必要経費(法定福利費の事業主負担額、労務管理費、宿舎費等)(試算値),2013-04,2013-04-01,mlit-roumu-h25,p17(横長の表) / p7(縦長の表),https://www.mlit.go.jp/common/000993048.pdf,PDL1.0,,
84c3b06c7899ae47,JP,labor,労務単価,潜水連絡員,所定労働時間内8時間あたり,人日,pref,31,鳥取県,,,,22600,JPY,labor_wage_8h,published_pdl,31800,原本の下段(括弧書き): 公共工事設計労務単価+必要経費(法定福利費の事業主負担額、労務管理費、宿舎費等)(試算値),2013-04,2013-04-01,mlit-roumu-h25,p17(横長の表) / p7(縦長の表),https://www.mlit.go.jp/common/000993048.pdf,PDL1.0,,
29cdc422edc1eb23,JP,labor,労務単価,潜水送気員,所定労働時間内8時間あたり,人日,pref,31,鳥取県,,,,20900,JPY,labor_wage_8h,published_pdl,29400,原本の下段(括弧書き): 公共工事設計労務単価+必要経費(法定福利費の事業主負担額、労務管理費、宿舎費等)(試算値),2013-04,2013-04-01,mlit-roumu-h25,p17(横長の表) / p7(縦長の表),https://www.mlit.go.jp/common/000993048.pdf,PDL1.0,,
8fc2371ed0fd97ab,JP,labor,労務単価,山林砂防工,所定労働時間内8時間あたり,人日,pref,31,鳥取県,,,,,JPY,labor_wage_8h,not_set,,,2013-04,2013-04-01,mlit-roumu-h25,p17(横長の表) / p8(縦長の表),https://www.mlit.go.jp/common/000993048.pdf,PDL1.0,,原本の表で『-』(この都道府県ではこの職種の単価を設定していない)
d833fbdc590f9c6d,JP,labor,労務単価,軌道工,所定労働時間内8時間あたり,人日,pref,31,鳥取県,,,,25700,JPY,labor_wage_8h,published_pdl,36100,原本の下段(括弧書き): 公共工事設計労務単価+必要経費(法定福利費の事業主負担額、労務管理費、宿舎費等)(試算値),2013-04,2013-04-01,mlit-roumu-h25,p17(横長の表) / p8(縦長の表),https://www.mlit.go.jp/common/000993048.pdf,PDL1.0,,
f2ae70d5f8906fca,JP,labor,労務単価,型わく工,所定労働時間内8時間あたり,人日,pref,31,鳥取県,,,,16400,JPY,labor_wage_8h,published_pdl,23100,原本の下段(括弧書き): 公共工事設計労務単価+必要経費(法定福利費の事業主負担額、労務管理費、宿舎費等)(試算値),2013-04,2013-04-01,mlit-roumu-h25,p17(横長の表) / p8(縦長の表),https://www.mlit.go.jp/common/000993048.pdf,PDL1.0,,
a3a10601d02f6cf4,JP,labor,労務単価,大工,所定労働時間内8時間あたり,人日,pref,31,鳥取県,,,,16700,JPY,labor_wage_8h,published_pdl,23500,原本の下段(括弧書き): 公共工事設計労務単価+必要経費(法定福利費の事業主負担額、労務管理費、宿舎費等)(試算値),2013-04,2013-04-01,mlit-roumu-h25,p17(横長の表) / p8(縦長の表),https://www.mlit.go.jp/common/000993048.pdf,PDL1.0,,
5a83c6a27862af18,JP,labor,労務単価,左官,所定労働時間内8時間あたり,人日,pref,31,鳥取県,,,,15900,JPY,labor_wage_8h,published_pdl,22400,原本の下段(括弧書き): 公共工事設計労務単価+必要経費(法定福利費の事業主負担額、労務管理費、宿舎費等)(試算値),2013-04,2013-04-01,mlit-roumu-h25,p17(横長の表) / p8(縦長の表),https://www.mlit.go.jp/common/000993048.pdf,PDL1.0,,
e46ebab245c0f56b,JP,labor,労務単価,配管工,所定労働時間内8時間あたり,人日,pref,31,鳥取県,,,,15200,JPY,labor_wage_8h,published_pdl,21400,原本の下段(括弧書き): 公共工事設計労務単価+必要経費(法定福利費の事業主負担額、労務管理費、宿舎費等)(試算値),2013-04,2013-04-01,mlit-roumu-h25,p17(横長の表) / p8(縦長の表),https://www.mlit.go.jp/common/000993048.pdf,PDL1.0,,
28fb52d77106c6a3,JP,labor,労務単価,はつり工,所定労働時間内8時間あたり,人日,pref,31,鳥取県,,,,17500,JPY,labor_wage_8h,published_pdl,24600,原本の下段(括弧書き): 公共工事設計労務単価+必要経費(法定福利費の事業主負担額、労務管理費、宿舎費等)(試算値),2013-04,2013-04-01,mlit-roumu-h25,p17(横長の表) / p8(縦長の表),https://www.mlit.go.jp/common/000993048.pdf,PDL1.0,,
1537df63b658e22c,JP,labor,労務単価,防水工,所定労働時間内8時間あたり,人日,pref,31,鳥取県,,,,18000,JPY,labor_wage_8h,published_pdl,25300,原本の下段(括弧書き): 公共工事設計労務単価+必要経費(法定福利費の事業主負担額、労務管理費、宿舎費等)(試算値),2013-04,2013-04-01,mlit-roumu-h25,p17(横長の表) / p8(縦長の表),https://www.mlit.go.jp/common/000993048.pdf,PDL1.0,,
905e832bcb71fc3e,JP,labor,労務単価,板金工,所定労働時間内8時間あたり,人日,pref,31,鳥取県,,,,17100,JPY,labor_wage_8h,published_pdl,24000,原本の下段(括弧書き): 公共工事設計労務単価+必要経費(法定福利費の事業主負担額、労務管理費、宿舎費等)(試算値),2013-04,2013-04-01,mlit-roumu-h25,p17(横長の表) / p8(縦長の表),https://www.mlit.go.jp/common/000993048.pdf,PDL1.0,,
5b3c4e7321a6bfb1,JP,labor,労務単価,タイル工,所定労働時間内8時間あたり,人日,pref,31,鳥取県,,,,15500,JPY,labor_wage_8h,published_pdl,21800,原本の下段(括弧書き): 公共工事設計労務単価+必要経費(法定福利費の事業主負担額、労務管理費、宿舎費等)(試算値),2013-04,2013-04-01,mlit-roumu-h25,p17(横長の表) / p8(縦長の表),https://www.mlit.go.jp/common/000993048.pdf,PDL1.0,,
bb11e218eb9e28a2,JP,labor,労務単価,サッシ工,所定労働時間内8時間あたり,人日,pref,31,鳥取県,,,,16000,JPY,labor_wage_8h,published_pdl,22500,原本の下段(括弧書き): 公共工事設計労務単価+必要経費(法定福利費の事業主負担額、労務管理費、宿舎費等)(試算値),2013-04,2013-04-01,mlit-roumu-h25,p18(横長の表) / p9(縦長の表),https://www.mlit.go.jp/common/000993048.pdf,PDL1.0,,
feb9bc062dd0ae42,JP,labor,労務単価,内装工,所定労働時間内8時間あたり,人日,pref,31,鳥取県,,,,17300,JPY,labor_wage_8h,published_pdl,24300,原本の下段(括弧書き): 公共工事設計労務単価+必要経費(法定福利費の事業主負担額、労務管理費、宿舎費等)(試算値),2013-04,2013-04-01,mlit-roumu-h25,p18(横長の表) / p9(縦長の表),https://www.mlit.go.jp/common/000993048.pdf,PDL1.0,,
0b96110fd857ab3b,JP,labor,労務単価,ガラス工,所定労働時間内8時間あたり,人日,pref,31,鳥取県,,,,16100,JPY,labor_wage_8h,published_pdl,22600,原本の下段(括弧書き): 公共工事設計労務単価+必要経費(法定福利費の事業主負担額、労務管理費、宿舎費等)(試算値),2013-04,2013-04-01,mlit-roumu-h25,p18(横長の表) / p9(縦長の表),https://www.mlit.go.jp/common/000993048.pdf,PDL1.0,,
880089f6a937baa2,JP,labor,労務単価,建具工,所定労働時間内8時間あたり,人日,pref,31,鳥取県,,,,15300,JPY,labor_wage_8h,published_pdl,21500,原本の下段(括弧書き): 公共工事設計労務単価+必要経費(法定福利費の事業主負担額、労務管理費、宿舎費等)(試算値),2013-04,2013-04-01,mlit-roumu-h25,p18(横長の表) / p9(縦長の表),https://www.mlit.go.jp/common/000993048.pdf,PDL1.0,,
597f145af0e22509,JP,labor,労務単価,ダクト工,所定労働時間内8時間あたり,人日,pref,31,鳥取県,,,,15900,JPY,labor_wage_8h,published_pdl,22400,原本の下段(括弧書き): 公共工事設計労務単価+必要経費(法定福利費の事業主負担額、労務管理費、宿舎費等)(試算値),2013-04,2013-04-01,mlit-roumu-h25,p18(横長の表) / p9(縦長の表),https://www.mlit.go.jp/common/000993048.pdf,PDL1.0,,
7a9f017af85cd92a,JP,labor,労務単価,保温工,所定労働時間内8時間あたり,人日,pref,31,鳥取県,,,,16600,JPY,labor_wage_8h,published_pdl,23300,原本の下段(括弧書き): 公共工事設計労務単価+必要経費(法定福利費の事業主負担額、労務管理費、宿舎費等)(試算値),2013-04,2013-04-01,mlit-roumu-h25,p18(横長の表) / p9(縦長の表),https://www.mlit.go.jp/common/000993048.pdf,PDL1.0,,
263c376b61ba0397,JP,labor,労務単価,建築ブロック工,所定労働時間内8時間あたり,人日,pref,31,鳥取県,,,,,JPY,labor_wage_8h,not_set,,,2013-04,2013-04-01,mlit-roumu-h25,p18(横長の表) / p9(縦長の表),https://www.mlit.go.jp/common/000993048.pdf,PDL1.0,,原本の表で『-』(この都道府県ではこの職種の単価を設定していない)
bd7892b980536a8c,JP,labor,労務単価,設備機械工,所定労働時間内8時間あたり,人日,pref,31,鳥取県,,,,18300,JPY,labor_wage_8h,published_pdl,25700,原本の下段(括弧書き): 公共工事設計労務単価+必要経費(法定福利費の事業主負担額、労務管理費、宿舎費等)(試算値),2013-04,2013-04-01,mlit-roumu-h25,p18(横長の表) / p9(縦長の表),https://www.mlit.go.jp/common/000993048.pdf,PDL1.0,,
6a755ac3d10d3638,JP,labor,労務単価,交通誘導員Ａ,所定労働時間内8時間あたり,人日,pref,31,鳥取県,,,,9300,JPY,labor_wage_8h,published_pdl,13100,原本の下段(括弧書き): 公共工事設計労務単価+必要経費(法定福利費の事業主負担額、労務管理費、宿舎費等)(試算値),2013-04,2013-04-01,mlit-roumu-h25,p18(横長の表) / p9(縦長の表),https://www.mlit.go.jp/common/000993048.pdf,PDL1.0,,
135bff29c72d67b8,JP,labor,労務単価,交通誘導員Ｂ,所定労働時間内8時間あたり,人日,pref,31,鳥取県,,,,8100,JPY,labor_wage_8h,published_pdl,11400,原本の下段(括弧書き): 公共工事設計労務単価+必要経費(法定福利費の事業主負担額、労務管理費、宿舎費等)(試算値),2013-04,2013-04-01,mlit-roumu-h25,p18(横長の表) / p9(縦長の表),https://www.mlit.go.jp/common/000993048.pdf,PDL1.0,,
2af7721c6777a19e,JP,labor,労務単価,特殊作業員,所定労働時間内8時間あたり,人日,pref,32,島根県,,,,15500,JPY,labor_wage_8h,published_pdl,21800,原本の下段(括弧書き): 公共工事設計労務単価+必要経費(法定福利費の事業主負担額、労務管理費、宿舎費等)(試算値),2013-04,2013-04-01,mlit-roumu-h25,p16(横長の表) / p5(縦長の表),https://www.mlit.go.jp/common/000993048.pdf,PDL1.0,,
13acdb06eeadb85e,JP,labor,労務単価,普通作業員,所定労働時間内8時間あたり,人日,pref,32,島根県,,,,13000,JPY,labor_wage_8h,published_pdl,18300,原本の下段(括弧書き): 公共工事設計労務単価+必要経費(法定福利費の事業主負担額、労務管理費、宿舎費等)(試算値),2013-04,2013-04-01,mlit-roumu-h25,p16(横長の表) / p5(縦長の表),https://www.mlit.go.jp/common/000993048.pdf,PDL1.0,,
e68ad96925b09726,JP,labor,労務単価,軽作業員,所定労働時間内8時間あたり,人日,pref,32,島根県,,,,10500,JPY,labor_wage_8h,published_pdl,14800,原本の下段(括弧書き): 公共工事設計労務単価+必要経費(法定福利費の事業主負担額、労務管理費、宿舎費等)(試算値),2013-04,2013-04-01,mlit-roumu-h25,p16(横長の表) / p5(縦長の表),https://www.mlit.go.jp/common/000993048.pdf,PDL1.0,,
1b2875f3c1a41e43,JP,labor,労務単価,造園工,所定労働時間内8時間あたり,人日,pref,32,島根県,,,,15700,JPY,labor_wage_8h,published_pdl,22100,原本の下段(括弧書き): 公共工事設計労務単価+必要経費(法定福利費の事業主負担額、労務管理費、宿舎費等)(試算値),2013-04,2013-04-01,mlit-roumu-h25,p16(横長の表) / p5(縦長の表),https://www.mlit.go.jp/common/000993048.pdf,PDL1.0,,
54fd8d98f3d46312,JP,labor,労務単価,法面工,所定労働時間内8時間あたり,人日,pref,32,島根県,,,,16500,JPY,labor_wage_8h,published_pdl,23200,原本の下段(括弧書き): 公共工事設計労務単価+必要経費(法定福利費の事業主負担額、労務管理費、宿舎費等)(試算値),2013-04,2013-04-01,mlit-roumu-h25,p16(横長の表) / p5(縦長の表),https://www.mlit.go.jp/common/000993048.pdf,PDL1.0,,
c72da08a19a34d6a,JP,labor,労務単価,とび工,所定労働時間内8時間あたり,人日,pref,32,島根県,,,,16700,JPY,labor_wage_8h,published_pdl,23500,原本の下段(括弧書き): 公共工事設計労務単価+必要経費(法定福利費の事業主負担額、労務管理費、宿舎費等)(試算値),2013-04,2013-04-01,mlit-roumu-h25,p16(横長の表) / p5(縦長の表),https://www.mlit.go.jp/common/000993048.pdf,PDL1.0,,
01d61d28d165a367,JP,labor,労務単価,石工,所定労働時間内8時間あたり,人日,pref,32,島根県,,,,23300,JPY,labor_wage_8h,published_pdl,32800,原本の下段(括弧書き): 公共工事設計労務単価+必要経費(法定福利費の事業主負担額、労務管理費、宿舎費等)(試算値),2013-04,2013-04-01,mlit-roumu-h25,p16(横長の表) / p5(縦長の表),https://www.mlit.go.jp/common/000993048.pdf,PDL1.0,,
28e0b0082285c316,JP,labor,労務単価,ブロック工,所定労働時間内8時間あたり,人日,pref,32,島根県,,,,18500,JPY,labor_wage_8h,published_pdl,26000,原本の下段(括弧書き): 公共工事設計労務単価+必要経費(法定福利費の事業主負担額、労務管理費、宿舎費等)(試算値),2013-04,2013-04-01,mlit-roumu-h25,p16(横長の表) / p5(縦長の表),https://www.mlit.go.jp/common/000993048.pdf,PDL1.0,,
77b569be3f4f6f3b,JP,labor,労務単価,電工,所定労働時間内8時間あたり,人日,pref,32,島根県,,,,15800,JPY,labor_wage_8h,published_pdl,22200,原本の下段(括弧書き): 公共工事設計労務単価+必要経費(法定福利費の事業主負担額、労務管理費、宿舎費等)(試算値),2013-04,2013-04-01,mlit-roumu-h25,p16(横長の表) / p5(縦長の表),https://www.mlit.go.jp/common/000993048.pdf,PDL1.0,,
cd5ec976726887fa,JP,labor,労務単価,鉄筋工,所定労働時間内8時間あたり,人日,pref,32,島根県,,,,16100,JPY,labor_wage_8h,published_pdl,22600,原本の下段(括弧書き): 公共工事設計労務単価+必要経費(法定福利費の事業主負担額、労務管理費、宿舎費等)(試算値),2013-04,2013-04-01,mlit-roumu-h25,p16(横長の表) / p5(縦長の表),https://www.mlit.go.jp/common/000993048.pdf,PDL1.0,,
41d4ef1a3e73b1ac,JP,labor,労務単価,鉄骨工,所定労働時間内8時間あたり,人日,pref,32,島根県,,,,15600,JPY,labor_wage_8h,published_pdl,21900,原本の下段(括弧書き): 公共工事設計労務単価+必要経費(法定福利費の事業主負担額、労務管理費、宿舎費等)(試算値),2013-04,2013-04-01,mlit-roumu-h25,p16(横長の表) / p6(縦長の表),https://www.mlit.go.jp/common/000993048.pdf,PDL1.0,,
56bdc076b3c2b2bd,JP,labor,労務単価,塗装工,所定労働時間内8時間あたり,人日,pref,32,島根県,,,,15400,JPY,labor_wage_8h,published_pdl,21700,原本の下段(括弧書き): 公共工事設計労務単価+必要経費(法定福利費の事業主負担額、労務管理費、宿舎費等)(試算値),2013-04,2013-04-01,mlit-roumu-h25,p16(横長の表) / p6(縦長の表),https://www.mlit.go.jp/common/000993048.pdf,PDL1.0,,
c03617b641d94948,JP,labor,労務単価,溶接工,所定労働時間内8時間あたり,人日,pref,32,島根県,,,,16200,JPY,labor_wage_8h,published_pdl,22800,原本の下段(括弧書き): 公共工事設計労務単価+必要経費(法定福利費の事業主負担額、労務管理費、宿舎費等)(試算値),2013-04,2013-04-01,mlit-roumu-h25,p16(横長の表) / p6(縦長の表),https://www.mlit.go.jp/common/000993048.pdf,PDL1.0,,
3e4a73c0bd0dd044,JP,labor,労務単価,運転手（特殊）,所定労働時間内8時間あたり,人日,pref,32,島根県,,,,15500,JPY,labor_wage_8h,published_pdl,21800,原本の下段(括弧書き): 公共工事設計労務単価+必要経費(法定福利費の事業主負担額、労務管理費、宿舎費等)(試算値),2013-04,2013-04-01,mlit-roumu-h25,p16(横長の表) / p6(縦長の表),https://www.mlit.go.jp/common/000993048.pdf,PDL1.0,,
a52fee139a0ed0c7,JP,labor,労務単価,運転手（一般）,所定労働時間内8時間あたり,人日,pref,32,島根県,,,,12300,JPY,labor_wage_8h,published_pdl,17300,原本の下段(括弧書き): 公共工事設計労務単価+必要経費(法定福利費の事業主負担額、労務管理費、宿舎費等)(試算値),2013-04,2013-04-01,mlit-roumu-h25,p16(横長の表) / p6(縦長の表),https://www.mlit.go.jp/common/000993048.pdf,PDL1.0,,
aaf395241ddde899,JP,labor,労務単価,潜かん工,所定労働時間内8時間あたり,人日,pref,32,島根県,,,,23800,JPY,labor_wage_8h,published_pdl,33500,原本の下段(括弧書き): 公共工事設計労務単価+必要経費(法定福利費の事業主負担額、労務管理費、宿舎費等)(試算値),2013-04,2013-04-01,mlit-roumu-h25,p16(横長の表) / p6(縦長の表),https://www.mlit.go.jp/common/000993048.pdf,PDL1.0,,
89340e39a3cefe81,JP,labor,労務単価,潜かん世話役,所定労働時間内8時間あたり,人日,pref,32,島根県,,,,28200,JPY,labor_wage_8h,published_pdl,39600,原本の下段(括弧書き): 公共工事設計労務単価+必要経費(法定福利費の事業主負担額、労務管理費、宿舎費等)(試算値),2013-04,2013-04-01,mlit-roumu-h25,p16(横長の表) / p6(縦長の表),https://www.mlit.go.jp/common/000993048.pdf,PDL1.0,,
5365763567648eba,JP,labor,労務単価,さく岩工,所定労働時間内8時間あたり,人日,pref,32,島根県,,,,19500,JPY,labor_wage_8h,published_pdl,27400,原本の下段(括弧書き): 公共工事設計労務単価+必要経費(法定福利費の事業主負担額、労務管理費、宿舎費等)(試算値),2013-04,2013-04-01,mlit-roumu-h25,p16(横長の表) / p6(縦長の表),https://www.mlit.go.jp/common/000993048.pdf,PDL1.0,,
0cdb76d3b94bbd73,JP,labor,労務単価,トンネル特殊工,所定労働時間内8時間あたり,人日,pref,32,島根県,,,,24100,JPY,labor_wage_8h,published_pdl,33900,原本の下段(括弧書き): 公共工事設計労務単価+必要経費(法定福利費の事業主負担額、労務管理費、宿舎費等)(試算値),2013-04,2013-04-01,mlit-roumu-h25,p16(横長の表) / p6(縦長の表),https://www.mlit.go.jp/common/000993048.pdf,PDL1.0,,
3614b52d774d4349,JP,labor,労務単価,トンネル作業員,所定労働時間内8時間あたり,人日,pref,32,島根県,,,,17900,JPY,labor_wage_8h,published_pdl,25200,原本の下段(括弧書き): 公共工事設計労務単価+必要経費(法定福利費の事業主負担額、労務管理費、宿舎費等)(試算値),2013-04,2013-04-01,mlit-roumu-h25,p16(横長の表) / p6(縦長の表),https://www.mlit.go.jp/common/000993048.pdf,PDL1.0,,
21a4faf9e389defa,JP,labor,労務単価,トンネル世話役,所定労働時間内8時間あたり,人日,pref,32,島根県,,,,24100,JPY,labor_wage_8h,published_pdl,33900,原本の下段(括弧書き): 公共工事設計労務単価+必要経費(法定福利費の事業主負担額、労務管理費、宿舎費等)(試算値),2013-04,2013-04-01,mlit-roumu-h25,p17(横長の表) / p7(縦長の表),https://www.mlit.go.jp/common/000993048.pdf,PDL1.0,,
73e3522747eca07f,JP,labor,労務単価,橋りょう特殊工,所定労働時間内8時間あたり,人日,pref,32,島根県,,,,20500,JPY,labor_wage_8h,published_pdl,28800,原本の下段(括弧書き): 公共工事設計労務単価+必要経費(法定福利費の事業主負担額、労務管理費、宿舎費等)(試算値),2013-04,2013-04-01,mlit-roumu-h25,p17(横長の表) / p7(縦長の表),https://www.mlit.go.jp/common/000993048.pdf,PDL1.0,,
c3e22a7cceaf1de6,JP,labor,労務単価,橋りょう塗装工,所定労働時間内8時間あたり,人日,pref,32,島根県,,,,20900,JPY,labor_wage_8h,published_pdl,29400,原本の下段(括弧書き): 公共工事設計労務単価+必要経費(法定福利費の事業主負担額、労務管理費、宿舎費等)(試算値),2013-04,2013-04-01,mlit-roumu-h25,p17(横長の表) / p7(縦長の表),https://www.mlit.go.jp/common/000993048.pdf,PDL1.0,,
cd0ca42637255a00,JP,labor,労務単価,橋りょう世話役,所定労働時間内8時間あたり,人日,pref,32,島根県,,,,23300,JPY,labor_wage_8h,published_pdl,32800,原本の下段(括弧書き): 公共工事設計労務単価+必要経費(法定福利費の事業主負担額、労務管理費、宿舎費等)(試算値),2013-04,2013-04-01,mlit-roumu-h25,p17(横長の表) / p7(縦長の表),https://www.mlit.go.jp/common/000993048.pdf,PDL1.0,,
da5d4a4b92f415b1,JP,labor,労務単価,土木一般世話役,所定労働時間内8時間あたり,人日,pref,32,島根県,,,,17300,JPY,labor_wage_8h,published_pdl,24300,原本の下段(括弧書き): 公共工事設計労務単価+必要経費(法定福利費の事業主負担額、労務管理費、宿舎費等)(試算値),2013-04,2013-04-01,mlit-roumu-h25,p17(横長の表) / p7(縦長の表),https://www.mlit.go.jp/common/000993048.pdf,PDL1.0,,
04c33fce2747f2bf,JP,labor,労務単価,高級船員,所定労働時間内8時間あたり,人日,pref,32,島根県,,,,22500,JPY,labor_wage_8h,published_pdl,31600,原本の下段(括弧書き): 公共工事設計労務単価+必要経費(法定福利費の事業主負担額、労務管理費、宿舎費等)(試算値),2013-04,2013-04-01,mlit-roumu-h25,p17(横長の表) / p7(縦長の表),https://www.mlit.go.jp/common/000993048.pdf,PDL1.0,,
db31f0e9fa3f3abf,JP,labor,労務単価,普通船員,所定労働時間内8時間あたり,人日,pref,32,島根県,,,,17100,JPY,labor_wage_8h,published_pdl,24000,原本の下段(括弧書き): 公共工事設計労務単価+必要経費(法定福利費の事業主負担額、労務管理費、宿舎費等)(試算値),2013-04,2013-04-01,mlit-roumu-h25,p17(横長の表) / p7(縦長の表),https://www.mlit.go.jp/common/000993048.pdf,PDL1.0,,
c0633d436e03bb8e,JP,labor,労務単価,潜水士,所定労働時間内8時間あたり,人日,pref,32,島根県,,,,29100,JPY,labor_wage_8h,published_pdl,40900,原本の下段(括弧書き): 公共工事設計労務単価+必要経費(法定福利費の事業主負担額、労務管理費、宿舎費等)(試算値),2013-04,2013-04-01,mlit-roumu-h25,p17(横長の表) / p7(縦長の表),https://www.mlit.go.jp/common/000993048.pdf,PDL1.0,,
de33166de979d31b,JP,labor,労務単価,潜水連絡員,所定労働時間内8時間あたり,人日,pref,32,島根県,,,,24000,JPY,labor_wage_8h,published_pdl,33700,原本の下段(括弧書き): 公共工事設計労務単価+必要経費(法定福利費の事業主負担額、労務管理費、宿舎費等)(試算値),2013-04,2013-04-01,mlit-roumu-h25,p17(横長の表) / p7(縦長の表),https://www.mlit.go.jp/common/000993048.pdf,PDL1.0,,
519294e4b01acf0e,JP,labor,労務単価,潜水送気員,所定労働時間内8時間あたり,人日,pref,32,島根県,,,,21200,JPY,labor_wage_8h,published_pdl,29800,原本の下段(括弧書き): 公共工事設計労務単価+必要経費(法定福利費の事業主負担額、労務管理費、宿舎費等)(試算値),2013-04,2013-04-01,mlit-roumu-h25,p17(横長の表) / p7(縦長の表),https://www.mlit.go.jp/common/000993048.pdf,PDL1.0,,
86b1763e202fae0e,JP,labor,労務単価,山林砂防工,所定労働時間内8時間あたり,人日,pref,32,島根県,,,,,JPY,labor_wage_8h,not_set,,,2013-04,2013-04-01,mlit-roumu-h25,p17(横長の表) / p8(縦長の表),https://www.mlit.go.jp/common/000993048.pdf,PDL1.0,,原本の表で『-』(この都道府県ではこの職種の単価を設定していない)
5a01565be7f0b633,JP,labor,労務単価,軌道工,所定労働時間内8時間あたり,人日,pref,32,島根県,,,,21600,JPY,labor_wage_8h,published_pdl,30400,原本の下段(括弧書き): 公共工事設計労務単価+必要経費(法定福利費の事業主負担額、労務管理費、宿舎費等)(試算値),2013-04,2013-04-01,mlit-roumu-h25,p17(横長の表) / p8(縦長の表),https://www.mlit.go.jp/common/000993048.pdf,PDL1.0,,
849ca065008ddabb,JP,labor,労務単価,型わく工,所定労働時間内8時間あたり,人日,pref,32,島根県,,,,15900,JPY,labor_wage_8h,published_pdl,22400,原本の下段(括弧書き): 公共工事設計労務単価+必要経費(法定福利費の事業主負担額、労務管理費、宿舎費等)(試算値),2013-04,2013-04-01,mlit-roumu-h25,p17(横長の表) / p8(縦長の表),https://www.mlit.go.jp/common/000993048.pdf,PDL1.0,,
e756bce124958152,JP,labor,労務単価,大工,所定労働時間内8時間あたり,人日,pref,32,島根県,,,,16900,JPY,labor_wage_8h,published_pdl,23800,原本の下段(括弧書き): 公共工事設計労務単価+必要経費(法定福利費の事業主負担額、労務管理費、宿舎費等)(試算値),2013-04,2013-04-01,mlit-roumu-h25,p17(横長の表) / p8(縦長の表),https://www.mlit.go.jp/common/000993048.pdf,PDL1.0,,
c4f511754a6cb04b,JP,labor,労務単価,左官,所定労働時間内8時間あたり,人日,pref,32,島根県,,,,15500,JPY,labor_wage_8h,published_pdl,21800,原本の下段(括弧書き): 公共工事設計労務単価+必要経費(法定福利費の事業主負担額、労務管理費、宿舎費等)(試算値),2013-04,2013-04-01,mlit-roumu-h25,p17(横長の表) / p8(縦長の表),https://www.mlit.go.jp/common/000993048.pdf,PDL1.0,,
248d8368b4f70409,JP,labor,労務単価,配管工,所定労働時間内8時間あたり,人日,pref,32,島根県,,,,15500,JPY,labor_wage_8h,published_pdl,21800,原本の下段(括弧書き): 公共工事設計労務単価+必要経費(法定福利費の事業主負担額、労務管理費、宿舎費等)(試算値),2013-04,2013-04-01,mlit-roumu-h25,p17(横長の表) / p8(縦長の表),https://www.mlit.go.jp/common/000993048.pdf,PDL1.0,,
4bab67eaa845ecb8,JP,labor,労務単価,はつり工,所定労働時間内8時間あたり,人日,pref,32,島根県,,,,16100,JPY,labor_wage_8h,published_pdl,22600,原本の下段(括弧書き): 公共工事設計労務単価+必要経費(法定福利費の事業主負担額、労務管理費、宿舎費等)(試算値),2013-04,2013-04-01,mlit-roumu-h25,p17(横長の表) / p8(縦長の表),https://www.mlit.go.jp/common/000993048.pdf,PDL1.0,,
d468f9881ad524a4,JP,labor,労務単価,防水工,所定労働時間内8時間あたり,人日,pref,32,島根県,,,,17100,JPY,labor_wage_8h,published_pdl,24000,原本の下段(括弧書き): 公共工事設計労務単価+必要経費(法定福利費の事業主負担額、労務管理費、宿舎費等)(試算値),2013-04,2013-04-01,mlit-roumu-h25,p17(横長の表) / p8(縦長の表),https://www.mlit.go.jp/common/000993048.pdf,PDL1.0,,
62081efa8e567bea,JP,labor,労務単価,板金工,所定労働時間内8時間あたり,人日,pref,32,島根県,,,,16700,JPY,labor_wage_8h,published_pdl,23500,原本の下段(括弧書き): 公共工事設計労務単価+必要経費(法定福利費の事業主負担額、労務管理費、宿舎費等)(試算値),2013-04,2013-04-01,mlit-roumu-h25,p17(横長の表) / p8(縦長の表),https://www.mlit.go.jp/common/000993048.pdf,PDL1.0,,
e6acad882200589e,JP,labor,労務単価,タイル工,所定労働時間内8時間あたり,人日,pref,32,島根県,,,,15800,JPY,labor_wage_8h,published_pdl,22200,原本の下段(括弧書き): 公共工事設計労務単価+必要経費(法定福利費の事業主負担額、労務管理費、宿舎費等)(試算値),2013-04,2013-04-01,mlit-roumu-h25,p17(横長の表) / p8(縦長の表),https://www.mlit.go.jp/common/000993048.pdf,PDL1.0,,
4ce9022643e90861,JP,labor,労務単価,サッシ工,所定労働時間内8時間あたり,人日,pref,32,島根県,,,,16400,JPY,labor_wage_8h,published_pdl,23100,原本の下段(括弧書き): 公共工事設計労務単価+必要経費(法定福利費の事業主負担額、労務管理費、宿舎費等)(試算値),2013-04,2013-04-01,mlit-roumu-h25,p18(横長の表) / p9(縦長の表),https://www.mlit.go.jp/common/000993048.pdf,PDL1.0,,
fa5cd44b8375cbb7,JP,labor,労務単価,内装工,所定労働時間内8時間あたり,人日,pref,32,島根県,,,,16800,JPY,labor_wage_8h,published_pdl,23600,原本の下段(括弧書き): 公共工事設計労務単価+必要経費(法定福利費の事業主負担額、労務管理費、宿舎費等)(試算値),2013-04,2013-04-01,mlit-roumu-h25,p18(横長の表) / p9(縦長の表),https://www.mlit.go.jp/common/000993048.pdf,PDL1.0,,
b2fe49fefd56073d,JP,labor,労務単価,ガラス工,所定労働時間内8時間あたり,人日,pref,32,島根県,,,,16100,JPY,labor_wage_8h,published_pdl,22600,原本の下段(括弧書き): 公共工事設計労務単価+必要経費(法定福利費の事業主負担額、労務管理費、宿舎費等)(試算値),2013-04,2013-04-01,mlit-roumu-h25,p18(横長の表) / p9(縦長の表),https://www.mlit.go.jp/common/000993048.pdf,PDL1.0,,
7f34bfd63a7ea8ad,JP,labor,労務単価,建具工,所定労働時間内8時間あたり,人日,pref,32,島根県,,,,15000,JPY,labor_wage_8h,published_pdl,21100,原本の下段(括弧書き): 公共工事設計労務単価+必要経費(法定福利費の事業主負担額、労務管理費、宿舎費等)(試算値),2013-04,2013-04-01,mlit-roumu-h25,p18(横長の表) / p9(縦長の表),https://www.mlit.go.jp/common/000993048.pdf,PDL1.0,,
f23c23b4bb7e85ac,JP,labor,労務単価,ダクト工,所定労働時間内8時間あたり,人日,pref,32,島根県,,,,16100,JPY,labor_wage_8h,published_pdl,22600,原本の下段(括弧書き): 公共工事設計労務単価+必要経費(法定福利費の事業主負担額、労務管理費、宿舎費等)(試算値),2013-04,2013-04-01,mlit-roumu-h25,p18(横長の表) / p9(縦長の表),https://www.mlit.go.jp/common/000993048.pdf,PDL1.0,,
fa740895387a8a8c,JP,labor,労務単価,保温工,所定労働時間内8時間あたり,人日,pref,32,島根県,,,,16600,JPY,labor_wage_8h,published_pdl,23300,原本の下段(括弧書き): 公共工事設計労務単価+必要経費(法定福利費の事業主負担額、労務管理費、宿舎費等)(試算値),2013-04,2013-04-01,mlit-roumu-h25,p18(横長の表) / p9(縦長の表),https://www.mlit.go.jp/common/000993048.pdf,PDL1.0,,
172e06bc7472c96f,JP,labor,労務単価,建築ブロック工,所定労働時間内8時間あたり,人日,pref,32,島根県,,,,,JPY,labor_wage_8h,not_set,,,2013-04,2013-04-01,mlit-roumu-h25,p18(横長の表) / p9(縦長の表),https://www.mlit.go.jp/common/000993048.pdf,PDL1.0,,原本の表で『-』(この都道府県ではこの職種の単価を設定していない)
1f56b4a141742cbc,JP,labor,労務単価,設備機械工,所定労働時間内8時間あたり,人日,pref,32,島根県,,,,17600,JPY,labor_wage_8h,published_pdl,24700,原本の下段(括弧書き): 公共工事設計労務単価+必要経費(法定福利費の事業主負担額、労務管理費、宿舎費等)(試算値),2013-04,2013-04-01,mlit-roumu-h25,p18(横長の表) / p9(縦長の表),https://www.mlit.go.jp/common/000993048.pdf,PDL1.0,,
40d22a1e9f641f54,JP,labor,労務単価,交通誘導員Ａ,所定労働時間内8時間あたり,人日,pref,32,島根県,,,,9300,JPY,labor_wage_8h,published_pdl,13100,原本の下段(括弧書き): 公共工事設計労務単価+必要経費(法定福利費の事業主負担額、労務管理費、宿舎費等)(試算値),2013-04,2013-04-01,mlit-roumu-h25,p18(横長の表) / p9(縦長の表),https://www.mlit.go.jp/common/000993048.pdf,PDL1.0,,
c149775a4397f823,JP,labor,労務単価,交通誘導員Ｂ,所定労働時間内8時間あたり,人日,pref,32,島根県,,,,8500,JPY,labor_wage_8h,published_pdl,12000,原本の下段(括弧書き): 公共工事設計労務単価+必要経費(法定福利費の事業主負担額、労務管理費、宿舎費等)(試算値),2013-04,2013-04-01,mlit-roumu-h25,p18(横長の表) / p9(縦長の表),https://www.mlit.go.jp/common/000993048.pdf,PDL1.0,,
49191b51852ea2bc,JP,labor,労務単価,特殊作業員,所定労働時間内8時間あたり,人日,pref,33,岡山県,,,,16300,JPY,labor_wage_8h,published_pdl,22900,原本の下段(括弧書き): 公共工事設計労務単価+必要経費(法定福利費の事業主負担額、労務管理費、宿舎費等)(試算値),2013-04,2013-04-01,mlit-roumu-h25,p16(横長の表) / p5(縦長の表),https://www.mlit.go.jp/common/000993048.pdf,PDL1.0,,
69620dbccce87d69,JP,labor,労務単価,普通作業員,所定労働時間内8時間あたり,人日,pref,33,岡山県,,,,14200,JPY,labor_wage_8h,published_pdl,20000,原本の下段(括弧書き): 公共工事設計労務単価+必要経費(法定福利費の事業主負担額、労務管理費、宿舎費等)(試算値),2013-04,2013-04-01,mlit-roumu-h25,p16(横長の表) / p5(縦長の表),https://www.mlit.go.jp/common/000993048.pdf,PDL1.0,,
d7166e61cc7a98e0,JP,labor,労務単価,軽作業員,所定労働時間内8時間あたり,人日,pref,33,岡山県,,,,11200,JPY,labor_wage_8h,published_pdl,15700,原本の下段(括弧書き): 公共工事設計労務単価+必要経費(法定福利費の事業主負担額、労務管理費、宿舎費等)(試算値),2013-04,2013-04-01,mlit-roumu-h25,p16(横長の表) / p5(縦長の表),https://www.mlit.go.jp/common/000993048.pdf,PDL1.0,,
94019cb62b5d15d8,JP,labor,労務単価,造園工,所定労働時間内8時間あたり,人日,pref,33,岡山県,,,,16200,JPY,labor_wage_8h,published_pdl,22800,原本の下段(括弧書き): 公共工事設計労務単価+必要経費(法定福利費の事業主負担額、労務管理費、宿舎費等)(試算値),2013-04,2013-04-01,mlit-roumu-h25,p16(横長の表) / p5(縦長の表),https://www.mlit.go.jp/common/000993048.pdf,PDL1.0,,
73c6f70939a42587,JP,labor,労務単価,法面工,所定労働時間内8時間あたり,人日,pref,33,岡山県,,,,17500,JPY,labor_wage_8h,published_pdl,24600,原本の下段(括弧書き): 公共工事設計労務単価+必要経費(法定福利費の事業主負担額、労務管理費、宿舎費等)(試算値),2013-04,2013-04-01,mlit-roumu-h25,p16(横長の表) / p5(縦長の表),https://www.mlit.go.jp/common/000993048.pdf,PDL1.0,,
0b6ecc017258fa09,JP,labor,労務単価,とび工,所定労働時間内8時間あたり,人日,pref,33,岡山県,,,,17200,JPY,labor_wage_8h,published_pdl,24200,原本の下段(括弧書き): 公共工事設計労務単価+必要経費(法定福利費の事業主負担額、労務管理費、宿舎費等)(試算値),2013-04,2013-04-01,mlit-roumu-h25,p16(横長の表) / p5(縦長の表),https://www.mlit.go.jp/common/000993048.pdf,PDL1.0,,
3a8bbb0cc4eb77fb,JP,labor,労務単価,石工,所定労働時間内8時間あたり,人日,pref,33,岡山県,,,,23100,JPY,labor_wage_8h,published_pdl,32500,原本の下段(括弧書き): 公共工事設計労務単価+必要経費(法定福利費の事業主負担額、労務管理費、宿舎費等)(試算値),2013-04,2013-04-01,mlit-roumu-h25,p16(横長の表) / p5(縦長の表),https://www.mlit.go.jp/common/000993048.pdf,PDL1.0,,
74a92062ce68deee,JP,labor,労務単価,ブロック工,所定労働時間内8時間あたり,人日,pref,33,岡山県,,,,18700,JPY,labor_wage_8h,published_pdl,26300,原本の下段(括弧書き): 公共工事設計労務単価+必要経費(法定福利費の事業主負担額、労務管理費、宿舎費等)(試算値),2013-04,2013-04-01,mlit-roumu-h25,p16(横長の表) / p5(縦長の表),https://www.mlit.go.jp/common/000993048.pdf,PDL1.0,,
fb3f85354c70e5f0,JP,labor,労務単価,電工,所定労働時間内8時間あたり,人日,pref,33,岡山県,,,,16900,JPY,labor_wage_8h,published_pdl,23800,原本の下段(括弧書き): 公共工事設計労務単価+必要経費(法定福利費の事業主負担額、労務管理費、宿舎費等)(試算値),2013-04,2013-04-01,mlit-roumu-h25,p16(横長の表) / p5(縦長の表),https://www.mlit.go.jp/common/000993048.pdf,PDL1.0,,
0b1b55cdacd60939,JP,labor,労務単価,鉄筋工,所定労働時間内8時間あたり,人日,pref,33,岡山県,,,,17100,JPY,labor_wage_8h,published_pdl,24000,原本の下段(括弧書き): 公共工事設計労務単価+必要経費(法定福利費の事業主負担額、労務管理費、宿舎費等)(試算値),2013-04,2013-04-01,mlit-roumu-h25,p16(横長の表) / p5(縦長の表),https://www.mlit.go.jp/common/000993048.pdf,PDL1.0,,
bea0c2a17ef74904,JP,labor,労務単価,鉄骨工,所定労働時間内8時間あたり,人日,pref,33,岡山県,,,,16200,JPY,labor_wage_8h,published_pdl,22800,原本の下段(括弧書き): 公共工事設計労務単価+必要経費(法定福利費の事業主負担額、労務管理費、宿舎費等)(試算値),2013-04,2013-04-01,mlit-roumu-h25,p16(横長の表) / p6(縦長の表),https://www.mlit.go.jp/common/000993048.pdf,PDL1.0,,
573475b4cc7a39e6,JP,labor,労務単価,塗装工,所定労働時間内8時間あたり,人日,pref,33,岡山県,,,,16500,JPY,labor_wage_8h,published_pdl,23200,原本の下段(括弧書き): 公共工事設計労務単価+必要経費(法定福利費の事業主負担額、労務管理費、宿舎費等)(試算値),2013-04,2013-04-01,mlit-roumu-h25,p16(横長の表) / p6(縦長の表),https://www.mlit.go.jp/common/000993048.pdf,PDL1.0,,
bf7c576ea7d0ca42,JP,labor,労務単価,溶接工,所定労働時間内8時間あたり,人日,pref,33,岡山県,,,,17600,JPY,labor_wage_8h,published_pdl,24700,原本の下段(括弧書き): 公共工事設計労務単価+必要経費(法定福利費の事業主負担額、労務管理費、宿舎費等)(試算値),2013-04,2013-04-01,mlit-roumu-h25,p16(横長の表) / p6(縦長の表),https://www.mlit.go.jp/common/000993048.pdf,PDL1.0,,
1f6473e56d29ffaf,JP,labor,労務単価,運転手（特殊）,所定労働時間内8時間あたり,人日,pref,33,岡山県,,,,16600,JPY,labor_wage_8h,published_pdl,23300,原本の下段(括弧書き): 公共工事設計労務単価+必要経費(法定福利費の事業主負担額、労務管理費、宿舎費等)(試算値),2013-04,2013-04-01,mlit-roumu-h25,p16(横長の表) / p6(縦長の表),https://www.mlit.go.jp/common/000993048.pdf,PDL1.0,,
ae3363eaf29c81a4,JP,labor,労務単価,運転手（一般）,所定労働時間内8時間あたり,人日,pref,33,岡山県,,,,14400,JPY,labor_wage_8h,published_pdl,20200,原本の下段(括弧書き): 公共工事設計労務単価+必要経費(法定福利費の事業主負担額、労務管理費、宿舎費等)(試算値),2013-04,2013-04-01,mlit-roumu-h25,p16(横長の表) / p6(縦長の表),https://www.mlit.go.jp/common/000993048.pdf,PDL1.0,,
777fa8c09c80d8e2,JP,labor,労務単価,潜かん工,所定労働時間内8時間あたり,人日,pref,33,岡山県,,,,23800,JPY,labor_wage_8h,published_pdl,33500,原本の下段(括弧書き): 公共工事設計労務単価+必要経費(法定福利費の事業主負担額、労務管理費、宿舎費等)(試算値),2013-04,2013-04-01,mlit-roumu-h25,p16(横長の表) / p6(縦長の表),https://www.mlit.go.jp/common/000993048.pdf,PDL1.0,,
01c6010ef3701726,JP,labor,労務単価,潜かん世話役,所定労働時間内8時間あたり,人日,pref,33,岡山県,,,,28200,JPY,labor_wage_8h,published_pdl,39600,原本の下段(括弧書き): 公共工事設計労務単価+必要経費(法定福利費の事業主負担額、労務管理費、宿舎費等)(試算値),2013-04,2013-04-01,mlit-roumu-h25,p16(横長の表) / p6(縦長の表),https://www.mlit.go.jp/common/000993048.pdf,PDL1.0,,
aa031d02a58a1657,JP,labor,労務単価,さく岩工,所定労働時間内8時間あたり,人日,pref,33,岡山県,,,,19500,JPY,labor_wage_8h,published_pdl,27400,原本の下段(括弧書き): 公共工事設計労務単価+必要経費(法定福利費の事業主負担額、労務管理費、宿舎費等)(試算値),2013-04,2013-04-01,mlit-roumu-h25,p16(横長の表) / p6(縦長の表),https://www.mlit.go.jp/common/000993048.pdf,PDL1.0,,
97dcf1cc60ccb93a,JP,labor,労務単価,トンネル特殊工,所定労働時間内8時間あたり,人日,pref,33,岡山県,,,,21600,JPY,labor_wage_8h,published_pdl,30400,原本の下段(括弧書き): 公共工事設計労務単価+必要経費(法定福利費の事業主負担額、労務管理費、宿舎費等)(試算値),2013-04,2013-04-01,mlit-roumu-h25,p16(横長の表) / p6(縦長の表),https://www.mlit.go.jp/common/000993048.pdf,PDL1.0,,
c09e72623d1663ec,JP,labor,労務単価,トンネル作業員,所定労働時間内8時間あたり,人日,pref,33,岡山県,,,,17900,JPY,labor_wage_8h,published_pdl,25200,原本の下段(括弧書き): 公共工事設計労務単価+必要経費(法定福利費の事業主負担額、労務管理費、宿舎費等)(試算値),2013-04,2013-04-01,mlit-roumu-h25,p16(横長の表) / p6(縦長の表),https://www.mlit.go.jp/common/000993048.pdf,PDL1.0,,
821ec4e3584b8639,JP,labor,労務単価,トンネル世話役,所定労働時間内8時間あたり,人日,pref,33,岡山県,,,,24100,JPY,labor_wage_8h,published_pdl,33900,原本の下段(括弧書き): 公共工事設計労務単価+必要経費(法定福利費の事業主負担額、労務管理費、宿舎費等)(試算値),2013-04,2013-04-01,mlit-roumu-h25,p17(横長の表) / p7(縦長の表),https://www.mlit.go.jp/common/000993048.pdf,PDL1.0,,
461d6ac4642f7e05,JP,labor,労務単価,橋りょう特殊工,所定労働時間内8時間あたり,人日,pref,33,岡山県,,,,20500,JPY,labor_wage_8h,published_pdl,28800,原本の下段(括弧書き): 公共工事設計労務単価+必要経費(法定福利費の事業主負担額、労務管理費、宿舎費等)(試算値),2013-04,2013-04-01,mlit-roumu-h25,p17(横長の表) / p7(縦長の表),https://www.mlit.go.jp/common/000993048.pdf,PDL1.0,,
db4c97a461f6be6a,JP,labor,労務単価,橋りょう塗装工,所定労働時間内8時間あたり,人日,pref,33,岡山県,,,,20900,JPY,labor_wage_8h,published_pdl,29400,原本の下段(括弧書き): 公共工事設計労務単価+必要経費(法定福利費の事業主負担額、労務管理費、宿舎費等)(試算値),2013-04,2013-04-01,mlit-roumu-h25,p17(横長の表) / p7(縦長の表),https://www.mlit.go.jp/common/000993048.pdf,PDL1.0,,
8587057644df8a91,JP,labor,労務単価,橋りょう世話役,所定労働時間内8時間あたり,人日,pref,33,岡山県,,,,23300,JPY,labor_wage_8h,published_pdl,32800,原本の下段(括弧書き): 公共工事設計労務単価+必要経費(法定福利費の事業主負担額、労務管理費、宿舎費等)(試算値),2013-04,2013-04-01,mlit-roumu-h25,p17(横長の表) / p7(縦長の表),https://www.mlit.go.jp/common/000993048.pdf,PDL1.0,,
1d253f2bcd2f605b,JP,labor,労務単価,土木一般世話役,所定労働時間内8時間あたり,人日,pref,33,岡山県,,,,18600,JPY,labor_wage_8h,published_pdl,26200,原本の下段(括弧書き): 公共工事設計労務単価+必要経費(法定福利費の事業主負担額、労務管理費、宿舎費等)(試算値),2013-04,2013-04-01,mlit-roumu-h25,p17(横長の表) / p7(縦長の表),https://www.mlit.go.jp/common/000993048.pdf,PDL1.0,,
de1bcff955d41f22,JP,labor,労務単価,高級船員,所定労働時間内8時間あたり,人日,pref,33,岡山県,,,,22500,JPY,labor_wage_8h,published_pdl,31600,原本の下段(括弧書き): 公共工事設計労務単価+必要経費(法定福利費の事業主負担額、労務管理費、宿舎費等)(試算値),2013-04,2013-04-01,mlit-roumu-h25,p17(横長の表) / p7(縦長の表),https://www.mlit.go.jp/common/000993048.pdf,PDL1.0,,
191eead59aaf5400,JP,labor,労務単価,普通船員,所定労働時間内8時間あたり,人日,pref,33,岡山県,,,,17100,JPY,labor_wage_8h,published_pdl,24000,原本の下段(括弧書き): 公共工事設計労務単価+必要経費(法定福利費の事業主負担額、労務管理費、宿舎費等)(試算値),2013-04,2013-04-01,mlit-roumu-h25,p17(横長の表) / p7(縦長の表),https://www.mlit.go.jp/common/000993048.pdf,PDL1.0,,
a3f9c3a186ddb722,JP,labor,労務単価,潜水士,所定労働時間内8時間あたり,人日,pref,33,岡山県,,,,28800,JPY,labor_wage_8h,published_pdl,40500,原本の下段(括弧書き): 公共工事設計労務単価+必要経費(法定福利費の事業主負担額、労務管理費、宿舎費等)(試算値),2013-04,2013-04-01,mlit-roumu-h25,p17(横長の表) / p7(縦長の表),https://www.mlit.go.jp/common/000993048.pdf,PDL1.0,,
43678cf706542bdf,JP,labor,労務単価,潜水連絡員,所定労働時間内8時間あたり,人日,pref,33,岡山県,,,,22600,JPY,labor_wage_8h,published_pdl,31800,原本の下段(括弧書き): 公共工事設計労務単価+必要経費(法定福利費の事業主負担額、労務管理費、宿舎費等)(試算値),2013-04,2013-04-01,mlit-roumu-h25,p17(横長の表) / p7(縦長の表),https://www.mlit.go.jp/common/000993048.pdf,PDL1.0,,
275cbc87ccda63e5,JP,labor,労務単価,潜水送気員,所定労働時間内8時間あたり,人日,pref,33,岡山県,,,,21000,JPY,labor_wage_8h,published_pdl,29500,原本の下段(括弧書き): 公共工事設計労務単価+必要経費(法定福利費の事業主負担額、労務管理費、宿舎費等)(試算値),2013-04,2013-04-01,mlit-roumu-h25,p17(横長の表) / p7(縦長の表),https://www.mlit.go.jp/common/000993048.pdf,PDL1.0,,
12dae0b4e311d81f,JP,labor,労務単価,山林砂防工,所定労働時間内8時間あたり,人日,pref,33,岡山県,,,,,JPY,labor_wage_8h,not_set,,,2013-04,2013-04-01,mlit-roumu-h25,p17(横長の表) / p8(縦長の表),https://www.mlit.go.jp/common/000993048.pdf,PDL1.0,,原本の表で『-』(この都道府県ではこの職種の単価を設定していない)
15ca60bf6b2478d0,JP,labor,労務単価,軌道工,所定労働時間内8時間あたり,人日,pref,33,岡山県,,,,24500,JPY,labor_wage_8h,published_pdl,34400,原本の下段(括弧書き): 公共工事設計労務単価+必要経費(法定福利費の事業主負担額、労務管理費、宿舎費等)(試算値),2013-04,2013-04-01,mlit-roumu-h25,p17(横長の表) / p8(縦長の表),https://www.mlit.go.jp/common/000993048.pdf,PDL1.0,,
77e1281cd382ba35,JP,labor,労務単価,型わく工,所定労働時間内8時間あたり,人日,pref,33,岡山県,,,,17000,JPY,labor_wage_8h,published_pdl,23900,原本の下段(括弧書き): 公共工事設計労務単価+必要経費(法定福利費の事業主負担額、労務管理費、宿舎費等)(試算値),2013-04,2013-04-01,mlit-roumu-h25,p17(横長の表) / p8(縦長の表),https://www.mlit.go.jp/common/000993048.pdf,PDL1.0,,
bc3bb81bb4895cc0,JP,labor,労務単価,大工,所定労働時間内8時間あたり,人日,pref,33,岡山県,,,,16700,JPY,labor_wage_8h,published_pdl,23500,原本の下段(括弧書き): 公共工事設計労務単価+必要経費(法定福利費の事業主負担額、労務管理費、宿舎費等)(試算値),2013-04,2013-04-01,mlit-roumu-h25,p17(横長の表) / p8(縦長の表),https://www.mlit.go.jp/common/000993048.pdf,PDL1.0,,
c1be978fc705182e,JP,labor,労務単価,左官,所定労働時間内8時間あたり,人日,pref,33,岡山県,,,,16200,JPY,labor_wage_8h,published_pdl,22800,原本の下段(括弧書き): 公共工事設計労務単価+必要経費(法定福利費の事業主負担額、労務管理費、宿舎費等)(試算値),2013-04,2013-04-01,mlit-roumu-h25,p17(横長の表) / p8(縦長の表),https://www.mlit.go.jp/common/000993048.pdf,PDL1.0,,
2aa9a4f1035cc63d,JP,labor,労務単価,配管工,所定労働時間内8時間あたり,人日,pref,33,岡山県,,,,15800,JPY,labor_wage_8h,published_pdl,22200,原本の下段(括弧書き): 公共工事設計労務単価+必要経費(法定福利費の事業主負担額、労務管理費、宿舎費等)(試算値),2013-04,2013-04-01,mlit-roumu-h25,p17(横長の表) / p8(縦長の表),https://www.mlit.go.jp/common/000993048.pdf,PDL1.0,,
c13bfe23ca5fca55,JP,labor,労務単価,はつり工,所定労働時間内8時間あたり,人日,pref,33,岡山県,,,,17500,JPY,labor_wage_8h,published_pdl,24600,原本の下段(括弧書き): 公共工事設計労務単価+必要経費(法定福利費の事業主負担額、労務管理費、宿舎費等)(試算値),2013-04,2013-04-01,mlit-roumu-h25,p17(横長の表) / p8(縦長の表),https://www.mlit.go.jp/common/000993048.pdf,PDL1.0,,
8c404b14e4acba75,JP,labor,労務単価,防水工,所定労働時間内8時間あたり,人日,pref,33,岡山県,,,,18200,JPY,labor_wage_8h,published_pdl,25600,原本の下段(括弧書き): 公共工事設計労務単価+必要経費(法定福利費の事業主負担額、労務管理費、宿舎費等)(試算値),2013-04,2013-04-01,mlit-roumu-h25,p17(横長の表) / p8(縦長の表),https://www.mlit.go.jp/common/000993048.pdf,PDL1.0,,
3295b885099c3f3b,JP,labor,労務単価,板金工,所定労働時間内8時間あたり,人日,pref,33,岡山県,,,,17000,JPY,labor_wage_8h,published_pdl,23900,原本の下段(括弧書き): 公共工事設計労務単価+必要経費(法定福利費の事業主負担額、労務管理費、宿舎費等)(試算値),2013-04,2013-04-01,mlit-roumu-h25,p17(横長の表) / p8(縦長の表),https://www.mlit.go.jp/common/000993048.pdf,PDL1.0,,
ab382e9221167d8b,JP,labor,労務単価,タイル工,所定労働時間内8時間あたり,人日,pref,33,岡山県,,,,15500,JPY,labor_wage_8h,published_pdl,21800,原本の下段(括弧書き): 公共工事設計労務単価+必要経費(法定福利費の事業主負担額、労務管理費、宿舎費等)(試算値),2013-04,2013-04-01,mlit-roumu-h25,p17(横長の表) / p8(縦長の表),https://www.mlit.go.jp/common/000993048.pdf,PDL1.0,,
bd062e527162a5bb,JP,labor,労務単価,サッシ工,所定労働時間内8時間あたり,人日,pref,33,岡山県,,,,16000,JPY,labor_wage_8h,published_pdl,22500,原本の下段(括弧書き): 公共工事設計労務単価+必要経費(法定福利費の事業主負担額、労務管理費、宿舎費等)(試算値),2013-04,2013-04-01,mlit-roumu-h25,p18(横長の表) / p9(縦長の表),https://www.mlit.go.jp/common/000993048.pdf,PDL1.0,,
5b2aa7eac9e53bd0,JP,labor,労務単価,内装工,所定労働時間内8時間あたり,人日,pref,33,岡山県,,,,17600,JPY,labor_wage_8h,published_pdl,24700,原本の下段(括弧書き): 公共工事設計労務単価+必要経費(法定福利費の事業主負担額、労務管理費、宿舎費等)(試算値),2013-04,2013-04-01,mlit-roumu-h25,p18(横長の表) / p9(縦長の表),https://www.mlit.go.jp/common/000993048.pdf,PDL1.0,,
b74acdf572d91fa6,JP,labor,労務単価,ガラス工,所定労働時間内8時間あたり,人日,pref,33,岡山県,,,,16100,JPY,labor_wage_8h,published_pdl,22600,原本の下段(括弧書き): 公共工事設計労務単価+必要経費(法定福利費の事業主負担額、労務管理費、宿舎費等)(試算値),2013-04,2013-04-01,mlit-roumu-h25,p18(横長の表) / p9(縦長の表),https://www.mlit.go.jp/common/000993048.pdf,PDL1.0,,
553503be180da537,JP,labor,労務単価,建具工,所定労働時間内8時間あたり,人日,pref,33,岡山県,,,,15200,JPY,labor_wage_8h,published_pdl,21400,原本の下段(括弧書き): 公共工事設計労務単価+必要経費(法定福利費の事業主負担額、労務管理費、宿舎費等)(試算値),2013-04,2013-04-01,mlit-roumu-h25,p18(横長の表) / p9(縦長の表),https://www.mlit.go.jp/common/000993048.pdf,PDL1.0,,
8dbab0bbf558e8d4,JP,labor,労務単価,ダクト工,所定労働時間内8時間あたり,人日,pref,33,岡山県,,,,15900,JPY,labor_wage_8h,published_pdl,22400,原本の下段(括弧書き): 公共工事設計労務単価+必要経費(法定福利費の事業主負担額、労務管理費、宿舎費等)(試算値),2013-04,2013-04-01,mlit-roumu-h25,p18(横長の表) / p9(縦長の表),https://www.mlit.go.jp/common/000993048.pdf,PDL1.0,,
abb6985a0813e3d3,JP,labor,労務単価,保温工,所定労働時間内8時間あたり,人日,pref,33,岡山県,,,,16600,JPY,labor_wage_8h,published_pdl,23300,原本の下段(括弧書き): 公共工事設計労務単価+必要経費(法定福利費の事業主負担額、労務管理費、宿舎費等)(試算値),2013-04,2013-04-01,mlit-roumu-h25,p18(横長の表) / p9(縦長の表),https://www.mlit.go.jp/common/000993048.pdf,PDL1.0,,
301bdefa334643c6,JP,labor,労務単価,建築ブロック工,所定労働時間内8時間あたり,人日,pref,33,岡山県,,,,,JPY,labor_wage_8h,not_set,,,2013-04,2013-04-01,mlit-roumu-h25,p18(横長の表) / p9(縦長の表),https://www.mlit.go.jp/common/000993048.pdf,PDL1.0,,原本の表で『-』(この都道府県ではこの職種の単価を設定していない)
5aa38e243e88dd77,JP,labor,労務単価,設備機械工,所定労働時間内8時間あたり,人日,pref,33,岡山県,,,,18300,JPY,labor_wage_8h,published_pdl,25700,原本の下段(括弧書き): 公共工事設計労務単価+必要経費(法定福利費の事業主負担額、労務管理費、宿舎費等)(試算値),2013-04,2013-04-01,mlit-roumu-h25,p18(横長の表) / p9(縦長の表),https://www.mlit.go.jp/common/000993048.pdf,PDL1.0,,
7fd8aa593d1d504e,JP,labor,労務単価,交通誘導員Ａ,所定労働時間内8時間あたり,人日,pref,33,岡山県,,,,10100,JPY,labor_wage_8h,published_pdl,14200,原本の下段(括弧書き): 公共工事設計労務単価+必要経費(法定福利費の事業主負担額、労務管理費、宿舎費等)(試算値),2013-04,2013-04-01,mlit-roumu-h25,p18(横長の表) / p9(縦長の表),https://www.mlit.go.jp/common/000993048.pdf,PDL1.0,,
0d919d21817a93ee,JP,labor,労務単価,交通誘導員Ｂ,所定労働時間内8時間あたり,人日,pref,33,岡山県,,,,8900,JPY,labor_wage_8h,published_pdl,12500,原本の下段(括弧書き): 公共工事設計労務単価+必要経費(法定福利費の事業主負担額、労務管理費、宿舎費等)(試算値),2013-04,2013-04-01,mlit-roumu-h25,p18(横長の表) / p9(縦長の表),https://www.mlit.go.jp/common/000993048.pdf,PDL1.0,,
695e1b1877293178,JP,labor,労務単価,特殊作業員,所定労働時間内8時間あたり,人日,pref,34,広島県,,,,16600,JPY,labor_wage_8h,published_pdl,23300,原本の下段(括弧書き): 公共工事設計労務単価+必要経費(法定福利費の事業主負担額、労務管理費、宿舎費等)(試算値),2013-04,2013-04-01,mlit-roumu-h25,p16(横長の表) / p5(縦長の表),https://www.mlit.go.jp/common/000993048.pdf,PDL1.0,,
d8054d7188511ef9,JP,labor,労務単価,普通作業員,所定労働時間内8時間あたり,人日,pref,34,広島県,,,,14700,JPY,labor_wage_8h,published_pdl,20700,原本の下段(括弧書き): 公共工事設計労務単価+必要経費(法定福利費の事業主負担額、労務管理費、宿舎費等)(試算値),2013-04,2013-04-01,mlit-roumu-h25,p16(横長の表) / p5(縦長の表),https://www.mlit.go.jp/common/000993048.pdf,PDL1.0,,
7561228c01006413,JP,labor,労務単価,軽作業員,所定労働時間内8時間あたり,人日,pref,34,広島県,,,,11000,JPY,labor_wage_8h,published_pdl,15500,原本の下段(括弧書き): 公共工事設計労務単価+必要経費(法定福利費の事業主負担額、労務管理費、宿舎費等)(試算値),2013-04,2013-04-01,mlit-roumu-h25,p16(横長の表) / p5(縦長の表),https://www.mlit.go.jp/common/000993048.pdf,PDL1.0,,
84a1ba098b575c6a,JP,labor,労務単価,造園工,所定労働時間内8時間あたり,人日,pref,34,広島県,,,,15700,JPY,labor_wage_8h,published_pdl,22100,原本の下段(括弧書き): 公共工事設計労務単価+必要経費(法定福利費の事業主負担額、労務管理費、宿舎費等)(試算値),2013-04,2013-04-01,mlit-roumu-h25,p16(横長の表) / p5(縦長の表),https://www.mlit.go.jp/common/000993048.pdf,PDL1.0,,
53e7ae93273e9d76,JP,labor,労務単価,法面工,所定労働時間内8時間あたり,人日,pref,34,広島県,,,,17600,JPY,labor_wage_8h,published_pdl,24700,原本の下段(括弧書き): 公共工事設計労務単価+必要経費(法定福利費の事業主負担額、労務管理費、宿舎費等)(試算値),2013-04,2013-04-01,mlit-roumu-h25,p16(横長の表) / p5(縦長の表),https://www.mlit.go.jp/common/000993048.pdf,PDL1.0,,
1283d4c9d7998dd6,JP,labor,労務単価,とび工,所定労働時間内8時間あたり,人日,pref,34,広島県,,,,17200,JPY,labor_wage_8h,published_pdl,24200,原本の下段(括弧書き): 公共工事設計労務単価+必要経費(法定福利費の事業主負担額、労務管理費、宿舎費等)(試算値),2013-04,2013-04-01,mlit-roumu-h25,p16(横長の表) / p5(縦長の表),https://www.mlit.go.jp/common/000993048.pdf,PDL1.0,,
a8958b76a1d9126c,JP,labor,労務単価,石工,所定労働時間内8時間あたり,人日,pref,34,広島県,,,,23300,JPY,labor_wage_8h,published_pdl,32800,原本の下段(括弧書き): 公共工事設計労務単価+必要経費(法定福利費の事業主負担額、労務管理費、宿舎費等)(試算値),2013-04,2013-04-01,mlit-roumu-h25,p16(横長の表) / p5(縦長の表),https://www.mlit.go.jp/common/000993048.pdf,PDL1.0,,
02d339823032fb3d,JP,labor,労務単価,ブロック工,所定労働時間内8時間あたり,人日,pref,34,広島県,,,,18500,JPY,labor_wage_8h,published_pdl,26000,原本の下段(括弧書き): 公共工事設計労務単価+必要経費(法定福利費の事業主負担額、労務管理費、宿舎費等)(試算値),2013-04,2013-04-01,mlit-roumu-h25,p16(横長の表) / p5(縦長の表),https://www.mlit.go.jp/common/000993048.pdf,PDL1.0,,
1f5545ed63352f96,JP,labor,労務単価,電工,所定労働時間内8時間あたり,人日,pref,34,広島県,,,,16000,JPY,labor_wage_8h,published_pdl,22500,原本の下段(括弧書き): 公共工事設計労務単価+必要経費(法定福利費の事業主負担額、労務管理費、宿舎費等)(試算値),2013-04,2013-04-01,mlit-roumu-h25,p16(横長の表) / p5(縦長の表),https://www.mlit.go.jp/common/000993048.pdf,PDL1.0,,
e6f91ef05ebee950,JP,labor,労務単価,鉄筋工,所定労働時間内8時間あたり,人日,pref,34,広島県,,,,17000,JPY,labor_wage_8h,published_pdl,23900,原本の下段(括弧書き): 公共工事設計労務単価+必要経費(法定福利費の事業主負担額、労務管理費、宿舎費等)(試算値),2013-04,2013-04-01,mlit-roumu-h25,p16(横長の表) / p5(縦長の表),https://www.mlit.go.jp/common/000993048.pdf,PDL1.0,,
ffbf5c2f98137cc8,JP,labor,労務単価,鉄骨工,所定労働時間内8時間あたり,人日,pref,34,広島県,,,,16100,JPY,labor_wage_8h,published_pdl,22600,原本の下段(括弧書き): 公共工事設計労務単価+必要経費(法定福利費の事業主負担額、労務管理費、宿舎費等)(試算値),2013-04,2013-04-01,mlit-roumu-h25,p16(横長の表) / p6(縦長の表),https://www.mlit.go.jp/common/000993048.pdf,PDL1.0,,
7b4dc2ae48cce788,JP,labor,労務単価,塗装工,所定労働時間内8時間あたり,人日,pref,34,広島県,,,,15600,JPY,labor_wage_8h,published_pdl,21900,原本の下段(括弧書き): 公共工事設計労務単価+必要経費(法定福利費の事業主負担額、労務管理費、宿舎費等)(試算値),2013-04,2013-04-01,mlit-roumu-h25,p16(横長の表) / p6(縦長の表),https://www.mlit.go.jp/common/000993048.pdf,PDL1.0,,
6bcdfbd91ecaab33,JP,labor,労務単価,溶接工,所定労働時間内8時間あたり,人日,pref,34,広島県,,,,16200,JPY,labor_wage_8h,published_pdl,22800,原本の下段(括弧書き): 公共工事設計労務単価+必要経費(法定福利費の事業主負担額、労務管理費、宿舎費等)(試算値),2013-04,2013-04-01,mlit-roumu-h25,p16(横長の表) / p6(縦長の表),https://www.mlit.go.jp/common/000993048.pdf,PDL1.0,,
74a9a19f0dbd6c8a,JP,labor,労務単価,運転手（特殊）,所定労働時間内8時間あたり,人日,pref,34,広島県,,,,17000,JPY,labor_wage_8h,published_pdl,23900,原本の下段(括弧書き): 公共工事設計労務単価+必要経費(法定福利費の事業主負担額、労務管理費、宿舎費等)(試算値),2013-04,2013-04-01,mlit-roumu-h25,p16(横長の表) / p6(縦長の表),https://www.mlit.go.jp/common/000993048.pdf,PDL1.0,,
867f26c115d39980,JP,labor,労務単価,運転手（一般）,所定労働時間内8時間あたり,人日,pref,34,広島県,,,,14400,JPY,labor_wage_8h,published_pdl,20200,原本の下段(括弧書き): 公共工事設計労務単価+必要経費(法定福利費の事業主負担額、労務管理費、宿舎費等)(試算値),2013-04,2013-04-01,mlit-roumu-h25,p16(横長の表) / p6(縦長の表),https://www.mlit.go.jp/common/000993048.pdf,PDL1.0,,
a516b0982037e470,JP,labor,労務単価,潜かん工,所定労働時間内8時間あたり,人日,pref,34,広島県,,,,23800,JPY,labor_wage_8h,published_pdl,33500,原本の下段(括弧書き): 公共工事設計労務単価+必要経費(法定福利費の事業主負担額、労務管理費、宿舎費等)(試算値),2013-04,2013-04-01,mlit-roumu-h25,p16(横長の表) / p6(縦長の表),https://www.mlit.go.jp/common/000993048.pdf,PDL1.0,,
dc72f48b1dfb80a8,JP,labor,労務単価,潜かん世話役,所定労働時間内8時間あたり,人日,pref,34,広島県,,,,28200,JPY,labor_wage_8h,published_pdl,39600,原本の下段(括弧書き): 公共工事設計労務単価+必要経費(法定福利費の事業主負担額、労務管理費、宿舎費等)(試算値),2013-04,2013-04-01,mlit-roumu-h25,p16(横長の表) / p6(縦長の表),https://www.mlit.go.jp/common/000993048.pdf,PDL1.0,,
117e07eae243bf50,JP,labor,労務単価,さく岩工,所定労働時間内8時間あたり,人日,pref,34,広島県,,,,19500,JPY,labor_wage_8h,published_pdl,27400,原本の下段(括弧書き): 公共工事設計労務単価+必要経費(法定福利費の事業主負担額、労務管理費、宿舎費等)(試算値),2013-04,2013-04-01,mlit-roumu-h25,p16(横長の表) / p6(縦長の表),https://www.mlit.go.jp/common/000993048.pdf,PDL1.0,,
7b0068ba856b0dfd,JP,labor,労務単価,トンネル特殊工,所定労働時間内8時間あたり,人日,pref,34,広島県,,,,23400,JPY,labor_wage_8h,published_pdl,32900,原本の下段(括弧書き): 公共工事設計労務単価+必要経費(法定福利費の事業主負担額、労務管理費、宿舎費等)(試算値),2013-04,2013-04-01,mlit-roumu-h25,p16(横長の表) / p6(縦長の表),https://www.mlit.go.jp/common/000993048.pdf,PDL1.0,,
954c23bce119345d,JP,labor,労務単価,トンネル作業員,所定労働時間内8時間あたり,人日,pref,34,広島県,,,,17900,JPY,labor_wage_8h,published_pdl,25200,原本の下段(括弧書き): 公共工事設計労務単価+必要経費(法定福利費の事業主負担額、労務管理費、宿舎費等)(試算値),2013-04,2013-04-01,mlit-roumu-h25,p16(横長の表) / p6(縦長の表),https://www.mlit.go.jp/common/000993048.pdf,PDL1.0,,
5283f4e5dcffd0ae,JP,labor,労務単価,トンネル世話役,所定労働時間内8時間あたり,人日,pref,34,広島県,,,,24100,JPY,labor_wage_8h,published_pdl,33900,原本の下段(括弧書き): 公共工事設計労務単価+必要経費(法定福利費の事業主負担額、労務管理費、宿舎費等)(試算値),2013-04,2013-04-01,mlit-roumu-h25,p17(横長の表) / p7(縦長の表),https://www.mlit.go.jp/common/000993048.pdf,PDL1.0,,
d17f5f8d1b1de186,JP,labor,労務単価,橋りょう特殊工,所定労働時間内8時間あたり,人日,pref,34,広島県,,,,20500,JPY,labor_wage_8h,published_pdl,28800,原本の下段(括弧書き): 公共工事設計労務単価+必要経費(法定福利費の事業主負担額、労務管理費、宿舎費等)(試算値),2013-04,2013-04-01,mlit-roumu-h25,p17(横長の表) / p7(縦長の表),https://www.mlit.go.jp/common/000993048.pdf,PDL1.0,,
502e4dc25edc5fcd,JP,labor,労務単価,橋りょう塗装工,所定労働時間内8時間あたり,人日,pref,34,広島県,,,,20900,JPY,labor_wage_8h,published_pdl,29400,原本の下段(括弧書き): 公共工事設計労務単価+必要経費(法定福利費の事業主負担額、労務管理費、宿舎費等)(試算値),2013-04,2013-04-01,mlit-roumu-h25,p17(横長の表) / p7(縦長の表),https://www.mlit.go.jp/common/000993048.pdf,PDL1.0,,
e23ceec32219c0f5,JP,labor,労務単価,橋りょう世話役,所定労働時間内8時間あたり,人日,pref,34,広島県,,,,23400,JPY,labor_wage_8h,published_pdl,32900,原本の下段(括弧書き): 公共工事設計労務単価+必要経費(法定福利費の事業主負担額、労務管理費、宿舎費等)(試算値),2013-04,2013-04-01,mlit-roumu-h25,p17(横長の表) / p7(縦長の表),https://www.mlit.go.jp/common/000993048.pdf,PDL1.0,,
073c482f64374792,JP,labor,労務単価,土木一般世話役,所定労働時間内8時間あたり,人日,pref,34,広島県,,,,18000,JPY,labor_wage_8h,published_pdl,25300,原本の下段(括弧書き): 公共工事設計労務単価+必要経費(法定福利費の事業主負担額、労務管理費、宿舎費等)(試算値),2013-04,2013-04-01,mlit-roumu-h25,p17(横長の表) / p7(縦長の表),https://www.mlit.go.jp/common/000993048.pdf,PDL1.0,,
75d7555bcc638da9,JP,labor,労務単価,高級船員,所定労働時間内8時間あたり,人日,pref,34,広島県,,,,22500,JPY,labor_wage_8h,published_pdl,31600,原本の下段(括弧書き): 公共工事設計労務単価+必要経費(法定福利費の事業主負担額、労務管理費、宿舎費等)(試算値),2013-04,2013-04-01,mlit-roumu-h25,p17(横長の表) / p7(縦長の表),https://www.mlit.go.jp/common/000993048.pdf,PDL1.0,,
9b5071d23b645766,JP,labor,労務単価,普通船員,所定労働時間内8時間あたり,人日,pref,34,広島県,,,,17100,JPY,labor_wage_8h,published_pdl,24000,原本の下段(括弧書き): 公共工事設計労務単価+必要経費(法定福利費の事業主負担額、労務管理費、宿舎費等)(試算値),2013-04,2013-04-01,mlit-roumu-h25,p17(横長の表) / p7(縦長の表),https://www.mlit.go.jp/common/000993048.pdf,PDL1.0,,
62f791be5df23985,JP,labor,労務単価,潜水士,所定労働時間内8時間あたり,人日,pref,34,広島県,,,,29200,JPY,labor_wage_8h,published_pdl,41100,原本の下段(括弧書き): 公共工事設計労務単価+必要経費(法定福利費の事業主負担額、労務管理費、宿舎費等)(試算値),2013-04,2013-04-01,mlit-roumu-h25,p17(横長の表) / p7(縦長の表),https://www.mlit.go.jp/common/000993048.pdf,PDL1.0,,
ec54a9af9978f5fa,JP,labor,労務単価,潜水連絡員,所定労働時間内8時間あたり,人日,pref,34,広島県,,,,24000,JPY,labor_wage_8h,published_pdl,33700,原本の下段(括弧書き): 公共工事設計労務単価+必要経費(法定福利費の事業主負担額、労務管理費、宿舎費等)(試算値),2013-04,2013-04-01,mlit-roumu-h25,p17(横長の表) / p7(縦長の表),https://www.mlit.go.jp/common/000993048.pdf,PDL1.0,,
b07947d39956f8d5,JP,labor,労務単価,潜水送気員,所定労働時間内8時間あたり,人日,pref,34,広島県,,,,21300,JPY,labor_wage_8h,published_pdl,29900,原本の下段(括弧書き): 公共工事設計労務単価+必要経費(法定福利費の事業主負担額、労務管理費、宿舎費等)(試算値),2013-04,2013-04-01,mlit-roumu-h25,p17(横長の表) / p7(縦長の表),https://www.mlit.go.jp/common/000993048.pdf,PDL1.0,,
365393cf0232f275,JP,labor,労務単価,山林砂防工,所定労働時間内8時間あたり,人日,pref,34,広島県,,,,,JPY,labor_wage_8h,not_set,,,2013-04,2013-04-01,mlit-roumu-h25,p17(横長の表) / p8(縦長の表),https://www.mlit.go.jp/common/000993048.pdf,PDL1.0,,原本の表で『-』(この都道府県ではこの職種の単価を設定していない)
f4a75f6d8ba72d7b,JP,labor,労務単価,軌道工,所定労働時間内8時間あたり,人日,pref,34,広島県,,,,21600,JPY,labor_wage_8h,published_pdl,30400,原本の下段(括弧書き): 公共工事設計労務単価+必要経費(法定福利費の事業主負担額、労務管理費、宿舎費等)(試算値),2013-04,2013-04-01,mlit-roumu-h25,p17(横長の表) / p8(縦長の表),https://www.mlit.go.jp/common/000993048.pdf,PDL1.0,,
21c4081d29a412e2,JP,labor,労務単価,型わく工,所定労働時間内8時間あたり,人日,pref,34,広島県,,,,16600,JPY,labor_wage_8h,published_pdl,23300,原本の下段(括弧書き): 公共工事設計労務単価+必要経費(法定福利費の事業主負担額、労務管理費、宿舎費等)(試算値),2013-04,2013-04-01,mlit-roumu-h25,p17(横長の表) / p8(縦長の表),https://www.mlit.go.jp/common/000993048.pdf,PDL1.0,,
ff66df4f1112d6cb,JP,labor,労務単価,大工,所定労働時間内8時間あたり,人日,pref,34,広島県,,,,16900,JPY,labor_wage_8h,published_pdl,23800,原本の下段(括弧書き): 公共工事設計労務単価+必要経費(法定福利費の事業主負担額、労務管理費、宿舎費等)(試算値),2013-04,2013-04-01,mlit-roumu-h25,p17(横長の表) / p8(縦長の表),https://www.mlit.go.jp/common/000993048.pdf,PDL1.0,,
ff94d38c06c4ba32,JP,labor,労務単価,左官,所定労働時間内8時間あたり,人日,pref,34,広島県,,,,15900,JPY,labor_wage_8h,published_pdl,22400,原本の下段(括弧書き): 公共工事設計労務単価+必要経費(法定福利費の事業主負担額、労務管理費、宿舎費等)(試算値),2013-04,2013-04-01,mlit-roumu-h25,p17(横長の表) / p8(縦長の表),https://www.mlit.go.jp/common/000993048.pdf,PDL1.0,,
2432a7456a51bd5b,JP,labor,労務単価,配管工,所定労働時間内8時間あたり,人日,pref,34,広島県,,,,15800,JPY,labor_wage_8h,published_pdl,22200,原本の下段(括弧書き): 公共工事設計労務単価+必要経費(法定福利費の事業主負担額、労務管理費、宿舎費等)(試算値),2013-04,2013-04-01,mlit-roumu-h25,p17(横長の表) / p8(縦長の表),https://www.mlit.go.jp/common/000993048.pdf,PDL1.0,,
7f581dd4207d9208,JP,labor,労務単価,はつり工,所定労働時間内8時間あたり,人日,pref,34,広島県,,,,16100,JPY,labor_wage_8h,published_pdl,22600,原本の下段(括弧書き): 公共工事設計労務単価+必要経費(法定福利費の事業主負担額、労務管理費、宿舎費等)(試算値),2013-04,2013-04-01,mlit-roumu-h25,p17(横長の表) / p8(縦長の表),https://www.mlit.go.jp/common/000993048.pdf,PDL1.0,,
d5d2ea48af95ece8,JP,labor,労務単価,防水工,所定労働時間内8時間あたり,人日,pref,34,広島県,,,,17500,JPY,labor_wage_8h,published_pdl,24600,原本の下段(括弧書き): 公共工事設計労務単価+必要経費(法定福利費の事業主負担額、労務管理費、宿舎費等)(試算値),2013-04,2013-04-01,mlit-roumu-h25,p17(横長の表) / p8(縦長の表),https://www.mlit.go.jp/common/000993048.pdf,PDL1.0,,
48a7e75f36786998,JP,labor,労務単価,板金工,所定労働時間内8時間あたり,人日,pref,34,広島県,,,,16600,JPY,labor_wage_8h,published_pdl,23300,原本の下段(括弧書き): 公共工事設計労務単価+必要経費(法定福利費の事業主負担額、労務管理費、宿舎費等)(試算値),2013-04,2013-04-01,mlit-roumu-h25,p17(横長の表) / p8(縦長の表),https://www.mlit.go.jp/common/000993048.pdf,PDL1.0,,
5b313e4f5b30bd92,JP,labor,労務単価,タイル工,所定労働時間内8時間あたり,人日,pref,34,広島県,,,,15800,JPY,labor_wage_8h,published_pdl,22200,原本の下段(括弧書き): 公共工事設計労務単価+必要経費(法定福利費の事業主負担額、労務管理費、宿舎費等)(試算値),2013-04,2013-04-01,mlit-roumu-h25,p17(横長の表) / p8(縦長の表),https://www.mlit.go.jp/common/000993048.pdf,PDL1.0,,
f9cb8f4397a17a83,JP,labor,労務単価,サッシ工,所定労働時間内8時間あたり,人日,pref,34,広島県,,,,16400,JPY,labor_wage_8h,published_pdl,23100,原本の下段(括弧書き): 公共工事設計労務単価+必要経費(法定福利費の事業主負担額、労務管理費、宿舎費等)(試算値),2013-04,2013-04-01,mlit-roumu-h25,p18(横長の表) / p9(縦長の表),https://www.mlit.go.jp/common/000993048.pdf,PDL1.0,,
df3d4123ecdee497,JP,labor,労務単価,内装工,所定労働時間内8時間あたり,人日,pref,34,広島県,,,,16900,JPY,labor_wage_8h,published_pdl,23800,原本の下段(括弧書き): 公共工事設計労務単価+必要経費(法定福利費の事業主負担額、労務管理費、宿舎費等)(試算値),2013-04,2013-04-01,mlit-roumu-h25,p18(横長の表) / p9(縦長の表),https://www.mlit.go.jp/common/000993048.pdf,PDL1.0,,
3b539d049758900e,JP,labor,労務単価,ガラス工,所定労働時間内8時間あたり,人日,pref,34,広島県,,,,16100,JPY,labor_wage_8h,published_pdl,22600,原本の下段(括弧書き): 公共工事設計労務単価+必要経費(法定福利費の事業主負担額、労務管理費、宿舎費等)(試算値),2013-04,2013-04-01,mlit-roumu-h25,p18(横長の表) / p9(縦長の表),https://www.mlit.go.jp/common/000993048.pdf,PDL1.0,,
c79bd3ae3fa45a70,JP,labor,労務単価,建具工,所定労働時間内8時間あたり,人日,pref,34,広島県,,,,14900,JPY,labor_wage_8h,published_pdl,20900,原本の下段(括弧書き): 公共工事設計労務単価+必要経費(法定福利費の事業主負担額、労務管理費、宿舎費等)(試算値),2013-04,2013-04-01,mlit-roumu-h25,p18(横長の表) / p9(縦長の表),https://www.mlit.go.jp/common/000993048.pdf,PDL1.0,,
e592f1321e5080b3,JP,labor,労務単価,ダクト工,所定労働時間内8時間あたり,人日,pref,34,広島県,,,,15900,JPY,labor_wage_8h,published_pdl,22400,原本の下段(括弧書き): 公共工事設計労務単価+必要経費(法定福利費の事業主負担額、労務管理費、宿舎費等)(試算値),2013-04,2013-04-01,mlit-roumu-h25,p18(横長の表) / p9(縦長の表),https://www.mlit.go.jp/common/000993048.pdf,PDL1.0,,
a85f6d1a6e1915c1,JP,labor,労務単価,保温工,所定労働時間内8時間あたり,人日,pref,34,広島県,,,,16600,JPY,labor_wage_8h,published_pdl,23300,原本の下段(括弧書き): 公共工事設計労務単価+必要経費(法定福利費の事業主負担額、労務管理費、宿舎費等)(試算値),2013-04,2013-04-01,mlit-roumu-h25,p18(横長の表) / p9(縦長の表),https://www.mlit.go.jp/common/000993048.pdf,PDL1.0,,
0000bcb7d52dc92c,JP,labor,労務単価,建築ブロック工,所定労働時間内8時間あたり,人日,pref,34,広島県,,,,,JPY,labor_wage_8h,not_set,,,2013-04,2013-04-01,mlit-roumu-h25,p18(横長の表) / p9(縦長の表),https://www.mlit.go.jp/common/000993048.pdf,PDL1.0,,原本の表で『-』(この都道府県ではこの職種の単価を設定していない)
deba067bc85961a3,JP,labor,労務単価,設備機械工,所定労働時間内8時間あたり,人日,pref,34,広島県,,,,17300,JPY,labor_wage_8h,published_pdl,24300,原本の下段(括弧書き): 公共工事設計労務単価+必要経費(法定福利費の事業主負担額、労務管理費、宿舎費等)(試算値),2013-04,2013-04-01,mlit-roumu-h25,p18(横長の表) / p9(縦長の表),https://www.mlit.go.jp/common/000993048.pdf,PDL1.0,,
da2c8a84797ca85a,JP,labor,労務単価,交通誘導員Ａ,所定労働時間内8時間あたり,人日,pref,34,広島県,,,,10200,JPY,labor_wage_8h,published_pdl,14300,原本の下段(括弧書き): 公共工事設計労務単価+必要経費(法定福利費の事業主負担額、労務管理費、宿舎費等)(試算値),2013-04,2013-04-01,mlit-roumu-h25,p18(横長の表) / p9(縦長の表),https://www.mlit.go.jp/common/000993048.pdf,PDL1.0,,
213994debf7ab52c,JP,labor,労務単価,交通誘導員Ｂ,所定労働時間内8時間あたり,人日,pref,34,広島県,,,,9100,JPY,labor_wage_8h,published_pdl,12800,原本の下段(括弧書き): 公共工事設計労務単価+必要経費(法定福利費の事業主負担額、労務管理費、宿舎費等)(試算値),2013-04,2013-04-01,mlit-roumu-h25,p18(横長の表) / p9(縦長の表),https://www.mlit.go.jp/common/000993048.pdf,PDL1.0,,
3425840713ca8c75,JP,labor,労務単価,特殊作業員,所定労働時間内8時間あたり,人日,pref,35,山口県,,,,15500,JPY,labor_wage_8h,published_pdl,21800,原本の下段(括弧書き): 公共工事設計労務単価+必要経費(法定福利費の事業主負担額、労務管理費、宿舎費等)(試算値),2013-04,2013-04-01,mlit-roumu-h25,p16(横長の表) / p5(縦長の表),https://www.mlit.go.jp/common/000993048.pdf,PDL1.0,,
4edb9b727c180fd6,JP,labor,労務単価,普通作業員,所定労働時間内8時間あたり,人日,pref,35,山口県,,,,13600,JPY,labor_wage_8h,published_pdl,19100,原本の下段(括弧書き): 公共工事設計労務単価+必要経費(法定福利費の事業主負担額、労務管理費、宿舎費等)(試算値),2013-04,2013-04-01,mlit-roumu-h25,p16(横長の表) / p5(縦長の表),https://www.mlit.go.jp/common/000993048.pdf,PDL1.0,,
ad0b665c506cd0a5,JP,labor,労務単価,軽作業員,所定労働時間内8時間あたり,人日,pref,35,山口県,,,,10600,JPY,labor_wage_8h,published_pdl,14900,原本の下段(括弧書き): 公共工事設計労務単価+必要経費(法定福利費の事業主負担額、労務管理費、宿舎費等)(試算値),2013-04,2013-04-01,mlit-roumu-h25,p16(横長の表) / p5(縦長の表),https://www.mlit.go.jp/common/000993048.pdf,PDL1.0,,
cb416cfecca39ad0,JP,labor,労務単価,造園工,所定労働時間内8時間あたり,人日,pref,35,山口県,,,,15800,JPY,labor_wage_8h,published_pdl,22200,原本の下段(括弧書き): 公共工事設計労務単価+必要経費(法定福利費の事業主負担額、労務管理費、宿舎費等)(試算値),2013-04,2013-04-01,mlit-roumu-h25,p16(横長の表) / p5(縦長の表),https://www.mlit.go.jp/common/000993048.pdf,PDL1.0,,
0952d9bb43c5dea0,JP,labor,労務単価,法面工,所定労働時間内8時間あたり,人日,pref,35,山口県,,,,17100,JPY,labor_wage_8h,published_pdl,24000,原本の下段(括弧書き): 公共工事設計労務単価+必要経費(法定福利費の事業主負担額、労務管理費、宿舎費等)(試算値),2013-04,2013-04-01,mlit-roumu-h25,p16(横長の表) / p5(縦長の表),https://www.mlit.go.jp/common/000993048.pdf,PDL1.0,,
c0cb5b03a11c19e2,JP,labor,労務単価,とび工,所定労働時間内8時間あたり,人日,pref,35,山口県,,,,16600,JPY,labor_wage_8h,published_pdl,23300,原本の下段(括弧書き): 公共工事設計労務単価+必要経費(法定福利費の事業主負担額、労務管理費、宿舎費等)(試算値),2013-04,2013-04-01,mlit-roumu-h25,p16(横長の表) / p5(縦長の表),https://www.mlit.go.jp/common/000993048.pdf,PDL1.0,,
32b88178197bcebc,JP,labor,労務単価,石工,所定労働時間内8時間あたり,人日,pref,35,山口県,,,,23300,JPY,labor_wage_8h,published_pdl,32800,原本の下段(括弧書き): 公共工事設計労務単価+必要経費(法定福利費の事業主負担額、労務管理費、宿舎費等)(試算値),2013-04,2013-04-01,mlit-roumu-h25,p16(横長の表) / p5(縦長の表),https://www.mlit.go.jp/common/000993048.pdf,PDL1.0,,
ebd2d3476295ab4d,JP,labor,労務単価,ブロック工,所定労働時間内8時間あたり,人日,pref,35,山口県,,,,18500,JPY,labor_wage_8h,published_pdl,26000,原本の下段(括弧書き): 公共工事設計労務単価+必要経費(法定福利費の事業主負担額、労務管理費、宿舎費等)(試算値),2013-04,2013-04-01,mlit-roumu-h25,p16(横長の表) / p5(縦長の表),https://www.mlit.go.jp/common/000993048.pdf,PDL1.0,,
cc898f5b2c4d1743,JP,labor,労務単価,電工,所定労働時間内8時間あたり,人日,pref,35,山口県,,,,16300,JPY,labor_wage_8h,published_pdl,22900,原本の下段(括弧書き): 公共工事設計労務単価+必要経費(法定福利費の事業主負担額、労務管理費、宿舎費等)(試算値),2013-04,2013-04-01,mlit-roumu-h25,p16(横長の表) / p5(縦長の表),https://www.mlit.go.jp/common/000993048.pdf,PDL1.0,,
dcffccc3825f56fc,JP,labor,労務単価,鉄筋工,所定労働時間内8時間あたり,人日,pref,35,山口県,,,,16400,JPY,labor_wage_8h,published_pdl,23100,原本の下段(括弧書き): 公共工事設計労務単価+必要経費(法定福利費の事業主負担額、労務管理費、宿舎費等)(試算値),2013-04,2013-04-01,mlit-roumu-h25,p16(横長の表) / p5(縦長の表),https://www.mlit.go.jp/common/000993048.pdf,PDL1.0,,
cb67059428daee63,JP,labor,労務単価,鉄骨工,所定労働時間内8時間あたり,人日,pref,35,山口県,,,,15700,JPY,labor_wage_8h,published_pdl,22100,原本の下段(括弧書き): 公共工事設計労務単価+必要経費(法定福利費の事業主負担額、労務管理費、宿舎費等)(試算値),2013-04,2013-04-01,mlit-roumu-h25,p16(横長の表) / p6(縦長の表),https://www.mlit.go.jp/common/000993048.pdf,PDL1.0,,
eb0d6d955b77fbd1,JP,labor,労務単価,塗装工,所定労働時間内8時間あたり,人日,pref,35,山口県,,,,15000,JPY,labor_wage_8h,published_pdl,21100,原本の下段(括弧書き): 公共工事設計労務単価+必要経費(法定福利費の事業主負担額、労務管理費、宿舎費等)(試算値),2013-04,2013-04-01,mlit-roumu-h25,p16(横長の表) / p6(縦長の表),https://www.mlit.go.jp/common/000993048.pdf,PDL1.0,,
934565ff07d7e579,JP,labor,労務単価,溶接工,所定労働時間内8時間あたり,人日,pref,35,山口県,,,,16400,JPY,labor_wage_8h,published_pdl,23100,原本の下段(括弧書き): 公共工事設計労務単価+必要経費(法定福利費の事業主負担額、労務管理費、宿舎費等)(試算値),2013-04,2013-04-01,mlit-roumu-h25,p16(横長の表) / p6(縦長の表),https://www.mlit.go.jp/common/000993048.pdf,PDL1.0,,
c75ecf2141e2abb6,JP,labor,労務単価,運転手（特殊）,所定労働時間内8時間あたり,人日,pref,35,山口県,,,,15500,JPY,labor_wage_8h,published_pdl,21800,原本の下段(括弧書き): 公共工事設計労務単価+必要経費(法定福利費の事業主負担額、労務管理費、宿舎費等)(試算値),2013-04,2013-04-01,mlit-roumu-h25,p16(横長の表) / p6(縦長の表),https://www.mlit.go.jp/common/000993048.pdf,PDL1.0,,
d1f6541d17df3510,JP,labor,労務単価,運転手（一般）,所定労働時間内8時間あたり,人日,pref,35,山口県,,,,13700,JPY,labor_wage_8h,published_pdl,19300,原本の下段(括弧書き): 公共工事設計労務単価+必要経費(法定福利費の事業主負担額、労務管理費、宿舎費等)(試算値),2013-04,2013-04-01,mlit-roumu-h25,p16(横長の表) / p6(縦長の表),https://www.mlit.go.jp/common/000993048.pdf,PDL1.0,,
f9243c70e71c24a9,JP,labor,労務単価,潜かん工,所定労働時間内8時間あたり,人日,pref,35,山口県,,,,23800,JPY,labor_wage_8h,published_pdl,33500,原本の下段(括弧書き): 公共工事設計労務単価+必要経費(法定福利費の事業主負担額、労務管理費、宿舎費等)(試算値),2013-04,2013-04-01,mlit-roumu-h25,p16(横長の表) / p6(縦長の表),https://www.mlit.go.jp/common/000993048.pdf,PDL1.0,,
4805d5b888fc9120,JP,labor,労務単価,潜かん世話役,所定労働時間内8時間あたり,人日,pref,35,山口県,,,,28200,JPY,labor_wage_8h,published_pdl,39600,原本の下段(括弧書き): 公共工事設計労務単価+必要経費(法定福利費の事業主負担額、労務管理費、宿舎費等)(試算値),2013-04,2013-04-01,mlit-roumu-h25,p16(横長の表) / p6(縦長の表),https://www.mlit.go.jp/common/000993048.pdf,PDL1.0,,
e8cd91676295d4f2,JP,labor,労務単価,さく岩工,所定労働時間内8時間あたり,人日,pref,35,山口県,,,,19500,JPY,labor_wage_8h,published_pdl,27400,原本の下段(括弧書き): 公共工事設計労務単価+必要経費(法定福利費の事業主負担額、労務管理費、宿舎費等)(試算値),2013-04,2013-04-01,mlit-roumu-h25,p16(横長の表) / p6(縦長の表),https://www.mlit.go.jp/common/000993048.pdf,PDL1.0,,
6e8c82a4a3d38ae3,JP,labor,労務単価,トンネル特殊工,所定労働時間内8時間あたり,人日,pref,35,山口県,,,,22900,JPY,labor_wage_8h,published_pdl,32200,原本の下段(括弧書き): 公共工事設計労務単価+必要経費(法定福利費の事業主負担額、労務管理費、宿舎費等)(試算値),2013-04,2013-04-01,mlit-roumu-h25,p16(横長の表) / p6(縦長の表),https://www.mlit.go.jp/common/000993048.pdf,PDL1.0,,
acd113245bf580e5,JP,labor,労務単価,トンネル作業員,所定労働時間内8時間あたり,人日,pref,35,山口県,,,,17900,JPY,labor_wage_8h,published_pdl,25200,原本の下段(括弧書き): 公共工事設計労務単価+必要経費(法定福利費の事業主負担額、労務管理費、宿舎費等)(試算値),2013-04,2013-04-01,mlit-roumu-h25,p16(横長の表) / p6(縦長の表),https://www.mlit.go.jp/common/000993048.pdf,PDL1.0,,
e97b17f85b05f5f0,JP,labor,労務単価,トンネル世話役,所定労働時間内8時間あたり,人日,pref,35,山口県,,,,24100,JPY,labor_wage_8h,published_pdl,33900,原本の下段(括弧書き): 公共工事設計労務単価+必要経費(法定福利費の事業主負担額、労務管理費、宿舎費等)(試算値),2013-04,2013-04-01,mlit-roumu-h25,p17(横長の表) / p7(縦長の表),https://www.mlit.go.jp/common/000993048.pdf,PDL1.0,,
cff9daa0051afa8c,JP,labor,労務単価,橋りょう特殊工,所定労働時間内8時間あたり,人日,pref,35,山口県,,,,20500,JPY,labor_wage_8h,published_pdl,28800,原本の下段(括弧書き): 公共工事設計労務単価+必要経費(法定福利費の事業主負担額、労務管理費、宿舎費等)(試算値),2013-04,2013-04-01,mlit-roumu-h25,p17(横長の表) / p7(縦長の表),https://www.mlit.go.jp/common/000993048.pdf,PDL1.0,,
71693d58cb5b1c0b,JP,labor,労務単価,橋りょう塗装工,所定労働時間内8時間あたり,人日,pref,35,山口県,,,,20900,JPY,labor_wage_8h,published_pdl,29400,原本の下段(括弧書き): 公共工事設計労務単価+必要経費(法定福利費の事業主負担額、労務管理費、宿舎費等)(試算値),2013-04,2013-04-01,mlit-roumu-h25,p17(横長の表) / p7(縦長の表),https://www.mlit.go.jp/common/000993048.pdf,PDL1.0,,
d9c12e407494e609,JP,labor,労務単価,橋りょう世話役,所定労働時間内8時間あたり,人日,pref,35,山口県,,,,23200,JPY,labor_wage_8h,published_pdl,32600,原本の下段(括弧書き): 公共工事設計労務単価+必要経費(法定福利費の事業主負担額、労務管理費、宿舎費等)(試算値),2013-04,2013-04-01,mlit-roumu-h25,p17(横長の表) / p7(縦長の表),https://www.mlit.go.jp/common/000993048.pdf,PDL1.0,,
012d028c7046ffc7,JP,labor,労務単価,土木一般世話役,所定労働時間内8時間あたり,人日,pref,35,山口県,,,,18500,JPY,labor_wage_8h,published_pdl,26000,原本の下段(括弧書き): 公共工事設計労務単価+必要経費(法定福利費の事業主負担額、労務管理費、宿舎費等)(試算値),2013-04,2013-04-01,mlit-roumu-h25,p17(横長の表) / p7(縦長の表),https://www.mlit.go.jp/common/000993048.pdf,PDL1.0,,
9d58311959508f27,JP,labor,労務単価,高級船員,所定労働時間内8時間あたり,人日,pref,35,山口県,,,,22500,JPY,labor_wage_8h,published_pdl,31600,原本の下段(括弧書き): 公共工事設計労務単価+必要経費(法定福利費の事業主負担額、労務管理費、宿舎費等)(試算値),2013-04,2013-04-01,mlit-roumu-h25,p17(横長の表) / p7(縦長の表),https://www.mlit.go.jp/common/000993048.pdf,PDL1.0,,
a53bbf0bdcd99fe4,JP,labor,労務単価,普通船員,所定労働時間内8時間あたり,人日,pref,35,山口県,,,,17100,JPY,labor_wage_8h,published_pdl,24000,原本の下段(括弧書き): 公共工事設計労務単価+必要経費(法定福利費の事業主負担額、労務管理費、宿舎費等)(試算値),2013-04,2013-04-01,mlit-roumu-h25,p17(横長の表) / p7(縦長の表),https://www.mlit.go.jp/common/000993048.pdf,PDL1.0,,
c1b8dd75f77b9bb1,JP,labor,労務単価,潜水士,所定労働時間内8時間あたり,人日,pref,35,山口県,,,,29200,JPY,labor_wage_8h,published_pdl,41100,原本の下段(括弧書き): 公共工事設計労務単価+必要経費(法定福利費の事業主負担額、労務管理費、宿舎費等)(試算値),2013-04,2013-04-01,mlit-roumu-h25,p17(横長の表) / p7(縦長の表),https://www.mlit.go.jp/common/000993048.pdf,PDL1.0,,
c8fc2c7d00c92c81,JP,labor,労務単価,潜水連絡員,所定労働時間内8時間あたり,人日,pref,35,山口県,,,,24000,JPY,labor_wage_8h,published_pdl,33700,原本の下段(括弧書き): 公共工事設計労務単価+必要経費(法定福利費の事業主負担額、労務管理費、宿舎費等)(試算値),2013-04,2013-04-01,mlit-roumu-h25,p17(横長の表) / p7(縦長の表),https://www.mlit.go.jp/common/000993048.pdf,PDL1.0,,
db0f297a8bf385d4,JP,labor,労務単価,潜水送気員,所定労働時間内8時間あたり,人日,pref,35,山口県,,,,21300,JPY,labor_wage_8h,published_pdl,29900,原本の下段(括弧書き): 公共工事設計労務単価+必要経費(法定福利費の事業主負担額、労務管理費、宿舎費等)(試算値),2013-04,2013-04-01,mlit-roumu-h25,p17(横長の表) / p7(縦長の表),https://www.mlit.go.jp/common/000993048.pdf,PDL1.0,,
576436f5d2b96771,JP,labor,労務単価,山林砂防工,所定労働時間内8時間あたり,人日,pref,35,山口県,,,,,JPY,labor_wage_8h,not_set,,,2013-04,2013-04-01,mlit-roumu-h25,p17(横長の表) / p8(縦長の表),https://www.mlit.go.jp/common/000993048.pdf,PDL1.0,,原本の表で『-』(この都道府県ではこの職種の単価を設定していない)
63d0b43592f13cb6,JP,labor,労務単価,軌道工,所定労働時間内8時間あたり,人日,pref,35,山口県,,,,21600,JPY,labor_wage_8h,published_pdl,30400,原本の下段(括弧書き): 公共工事設計労務単価+必要経費(法定福利費の事業主負担額、労務管理費、宿舎費等)(試算値),2013-04,2013-04-01,mlit-roumu-h25,p17(横長の表) / p8(縦長の表),https://www.mlit.go.jp/common/000993048.pdf,PDL1.0,,
f23739c4d342076f,JP,labor,労務単価,型わく工,所定労働時間内8時間あたり,人日,pref,35,山口県,,,,15800,JPY,labor_wage_8h,published_pdl,22200,原本の下段(括弧書き): 公共工事設計労務単価+必要経費(法定福利費の事業主負担額、労務管理費、宿舎費等)(試算値),2013-04,2013-04-01,mlit-roumu-h25,p17(横長の表) / p8(縦長の表),https://www.mlit.go.jp/common/000993048.pdf,PDL1.0,,
ae01ba22eea46cba,JP,labor,労務単価,大工,所定労働時間内8時間あたり,人日,pref,35,山口県,,,,16900,JPY,labor_wage_8h,published_pdl,23800,原本の下段(括弧書き): 公共工事設計労務単価+必要経費(法定福利費の事業主負担額、労務管理費、宿舎費等)(試算値),2013-04,2013-04-01,mlit-roumu-h25,p17(横長の表) / p8(縦長の表),https://www.mlit.go.jp/common/000993048.pdf,PDL1.0,,
0fcf80ec737520da,JP,labor,労務単価,左官,所定労働時間内8時間あたり,人日,pref,35,山口県,,,,15700,JPY,labor_wage_8h,published_pdl,22100,原本の下段(括弧書き): 公共工事設計労務単価+必要経費(法定福利費の事業主負担額、労務管理費、宿舎費等)(試算値),2013-04,2013-04-01,mlit-roumu-h25,p17(横長の表) / p8(縦長の表),https://www.mlit.go.jp/common/000993048.pdf,PDL1.0,,
10910364fd21dbd1,JP,labor,労務単価,配管工,所定労働時間内8時間あたり,人日,pref,35,山口県,,,,15800,JPY,labor_wage_8h,published_pdl,22200,原本の下段(括弧書き): 公共工事設計労務単価+必要経費(法定福利費の事業主負担額、労務管理費、宿舎費等)(試算値),2013-04,2013-04-01,mlit-roumu-h25,p17(横長の表) / p8(縦長の表),https://www.mlit.go.jp/common/000993048.pdf,PDL1.0,,
e2017e7cb2801477,JP,labor,労務単価,はつり工,所定労働時間内8時間あたり,人日,pref,35,山口県,,,,16100,JPY,labor_wage_8h,published_pdl,22600,原本の下段(括弧書き): 公共工事設計労務単価+必要経費(法定福利費の事業主負担額、労務管理費、宿舎費等)(試算値),2013-04,2013-04-01,mlit-roumu-h25,p17(横長の表) / p8(縦長の表),https://www.mlit.go.jp/common/000993048.pdf,PDL1.0,,
529ef541f39fea7c,JP,labor,労務単価,防水工,所定労働時間内8時間あたり,人日,pref,35,山口県,,,,17300,JPY,labor_wage_8h,published_pdl,24300,原本の下段(括弧書き): 公共工事設計労務単価+必要経費(法定福利費の事業主負担額、労務管理費、宿舎費等)(試算値),2013-04,2013-04-01,mlit-roumu-h25,p17(横長の表) / p8(縦長の表),https://www.mlit.go.jp/common/000993048.pdf,PDL1.0,,
bfd3f2ebdd0ea092,JP,labor,労務単価,板金工,所定労働時間内8時間あたり,人日,pref,35,山口県,,,,16600,JPY,labor_wage_8h,published_pdl,23300,原本の下段(括弧書き): 公共工事設計労務単価+必要経費(法定福利費の事業主負担額、労務管理費、宿舎費等)(試算値),2013-04,2013-04-01,mlit-roumu-h25,p17(横長の表) / p8(縦長の表),https://www.mlit.go.jp/common/000993048.pdf,PDL1.0,,
890f19e976892552,JP,labor,労務単価,タイル工,所定労働時間内8時間あたり,人日,pref,35,山口県,,,,15800,JPY,labor_wage_8h,published_pdl,22200,原本の下段(括弧書き): 公共工事設計労務単価+必要経費(法定福利費の事業主負担額、労務管理費、宿舎費等)(試算値),2013-04,2013-04-01,mlit-roumu-h25,p17(横長の表) / p8(縦長の表),https://www.mlit.go.jp/common/000993048.pdf,PDL1.0,,
8ef6b507edac82bf,JP,labor,労務単価,サッシ工,所定労働時間内8時間あたり,人日,pref,35,山口県,,,,16400,JPY,labor_wage_8h,published_pdl,23100,原本の下段(括弧書き): 公共工事設計労務単価+必要経費(法定福利費の事業主負担額、労務管理費、宿舎費等)(試算値),2013-04,2013-04-01,mlit-roumu-h25,p18(横長の表) / p9(縦長の表),https://www.mlit.go.jp/common/000993048.pdf,PDL1.0,,
698d84f5fa0641e9,JP,labor,労務単価,内装工,所定労働時間内8時間あたり,人日,pref,35,山口県,,,,16900,JPY,labor_wage_8h,published_pdl,23800,原本の下段(括弧書き): 公共工事設計労務単価+必要経費(法定福利費の事業主負担額、労務管理費、宿舎費等)(試算値),2013-04,2013-04-01,mlit-roumu-h25,p18(横長の表) / p9(縦長の表),https://www.mlit.go.jp/common/000993048.pdf,PDL1.0,,
a815a32f19e15a81,JP,labor,労務単価,ガラス工,所定労働時間内8時間あたり,人日,pref,35,山口県,,,,16100,JPY,labor_wage_8h,published_pdl,22600,原本の下段(括弧書き): 公共工事設計労務単価+必要経費(法定福利費の事業主負担額、労務管理費、宿舎費等)(試算値),2013-04,2013-04-01,mlit-roumu-h25,p18(横長の表) / p9(縦長の表),https://www.mlit.go.jp/common/000993048.pdf,PDL1.0,,
73d3c21a7ae30c22,JP,labor,労務単価,建具工,所定労働時間内8時間あたり,人日,pref,35,山口県,,,,14900,JPY,labor_wage_8h,published_pdl,20900,原本の下段(括弧書き): 公共工事設計労務単価+必要経費(法定福利費の事業主負担額、労務管理費、宿舎費等)(試算値),2013-04,2013-04-01,mlit-roumu-h25,p18(横長の表) / p9(縦長の表),https://www.mlit.go.jp/common/000993048.pdf,PDL1.0,,
2f8ef6776c14a818,JP,labor,労務単価,ダクト工,所定労働時間内8時間あたり,人日,pref,35,山口県,,,,16000,JPY,labor_wage_8h,published_pdl,22500,原本の下段(括弧書き): 公共工事設計労務単価+必要経費(法定福利費の事業主負担額、労務管理費、宿舎費等)(試算値),2013-04,2013-04-01,mlit-roumu-h25,p18(横長の表) / p9(縦長の表),https://www.mlit.go.jp/common/000993048.pdf,PDL1.0,,
6c9858767fb18c30,JP,labor,労務単価,保温工,所定労働時間内8時間あたり,人日,pref,35,山口県,,,,16600,JPY,labor_wage_8h,published_pdl,23300,原本の下段(括弧書き): 公共工事設計労務単価+必要経費(法定福利費の事業主負担額、労務管理費、宿舎費等)(試算値),2013-04,2013-04-01,mlit-roumu-h25,p18(横長の表) / p9(縦長の表),https://www.mlit.go.jp/common/000993048.pdf,PDL1.0,,
8ac9ad580d6d0b62,JP,labor,労務単価,建築ブロック工,所定労働時間内8時間あたり,人日,pref,35,山口県,,,,,JPY,labor_wage_8h,not_set,,,2013-04,2013-04-01,mlit-roumu-h25,p18(横長の表) / p9(縦長の表),https://www.mlit.go.jp/common/000993048.pdf,PDL1.0,,原本の表で『-』(この都道府県ではこの職種の単価を設定していない)
02eef17f1b9a4466,JP,labor,労務単価,設備機械工,所定労働時間内8時間あたり,人日,pref,35,山口県,,,,17500,JPY,labor_wage_8h,published_pdl,24600,原本の下段(括弧書き): 公共工事設計労務単価+必要経費(法定福利費の事業主負担額、労務管理費、宿舎費等)(試算値),2013-04,2013-04-01,mlit-roumu-h25,p18(横長の表) / p9(縦長の表),https://www.mlit.go.jp/common/000993048.pdf,PDL1.0,,
9d3f99eb22ee2b98,JP,labor,労務単価,交通誘導員Ａ,所定労働時間内8時間あたり,人日,pref,35,山口県,,,,9500,JPY,labor_wage_8h,published_pdl,13400,原本の下段(括弧書き): 公共工事設計労務単価+必要経費(法定福利費の事業主負担額、労務管理費、宿舎費等)(試算値),2013-04,2013-04-01,mlit-roumu-h25,p18(横長の表) / p9(縦長の表),https://www.mlit.go.jp/common/000993048.pdf,PDL1.0,,
89addc1dea919c03,JP,labor,労務単価,交通誘導員Ｂ,所定労働時間内8時間あたり,人日,pref,35,山口県,,,,8700,JPY,labor_wage_8h,published_pdl,12200,原本の下段(括弧書き): 公共工事設計労務単価+必要経費(法定福利費の事業主負担額、労務管理費、宿舎費等)(試算値),2013-04,2013-04-01,mlit-roumu-h25,p18(横長の表) / p9(縦長の表),https://www.mlit.go.jp/common/000993048.pdf,PDL1.0,,
370eb89184c3cfeb,JP,labor,労務単価,特殊作業員,所定労働時間内8時間あたり,人日,pref,36,徳島県,,,,15800,JPY,labor_wage_8h,published_pdl,22200,原本の下段(括弧書き): 公共工事設計労務単価+必要経費(法定福利費の事業主負担額、労務管理費、宿舎費等)(試算値),2013-04,2013-04-01,mlit-roumu-h25,p16(横長の表) / p5(縦長の表),https://www.mlit.go.jp/common/000993048.pdf,PDL1.0,,
31c44009368af6bb,JP,labor,労務単価,普通作業員,所定労働時間内8時間あたり,人日,pref,36,徳島県,,,,14000,JPY,labor_wage_8h,published_pdl,19700,原本の下段(括弧書き): 公共工事設計労務単価+必要経費(法定福利費の事業主負担額、労務管理費、宿舎費等)(試算値),2013-04,2013-04-01,mlit-roumu-h25,p16(横長の表) / p5(縦長の表),https://www.mlit.go.jp/common/000993048.pdf,PDL1.0,,
aa860578dcb8d0b0,JP,labor,労務単価,軽作業員,所定労働時間内8時間あたり,人日,pref,36,徳島県,,,,11200,JPY,labor_wage_8h,published_pdl,15700,原本の下段(括弧書き): 公共工事設計労務単価+必要経費(法定福利費の事業主負担額、労務管理費、宿舎費等)(試算値),2013-04,2013-04-01,mlit-roumu-h25,p16(横長の表) / p5(縦長の表),https://www.mlit.go.jp/common/000993048.pdf,PDL1.0,,
c21147aec354c667,JP,labor,労務単価,造園工,所定労働時間内8時間あたり,人日,pref,36,徳島県,,,,15500,JPY,labor_wage_8h,published_pdl,21800,原本の下段(括弧書き): 公共工事設計労務単価+必要経費(法定福利費の事業主負担額、労務管理費、宿舎費等)(試算値),2013-04,2013-04-01,mlit-roumu-h25,p16(横長の表) / p5(縦長の表),https://www.mlit.go.jp/common/000993048.pdf,PDL1.0,,
df4b4308ff420f1e,JP,labor,労務単価,法面工,所定労働時間内8時間あたり,人日,pref,36,徳島県,,,,20400,JPY,labor_wage_8h,published_pdl,28700,原本の下段(括弧書き): 公共工事設計労務単価+必要経費(法定福利費の事業主負担額、労務管理費、宿舎費等)(試算値),2013-04,2013-04-01,mlit-roumu-h25,p16(横長の表) / p5(縦長の表),https://www.mlit.go.jp/common/000993048.pdf,PDL1.0,,
723e364de8114bb0,JP,labor,労務単価,とび工,所定労働時間内8時間あたり,人日,pref,36,徳島県,,,,16700,JPY,labor_wage_8h,published_pdl,23500,原本の下段(括弧書き): 公共工事設計労務単価+必要経費(法定福利費の事業主負担額、労務管理費、宿舎費等)(試算値),2013-04,2013-04-01,mlit-roumu-h25,p16(横長の表) / p5(縦長の表),https://www.mlit.go.jp/common/000993048.pdf,PDL1.0,,
665047139c2fb358,JP,labor,労務単価,石工,所定労働時間内8時間あたり,人日,pref,36,徳島県,,,,,JPY,labor_wage_8h,not_set,,,2013-04,2013-04-01,mlit-roumu-h25,p16(横長の表) / p5(縦長の表),https://www.mlit.go.jp/common/000993048.pdf,PDL1.0,,原本の表で『-』(この都道府県ではこの職種の単価を設定していない)
e6265bcb8feed643,JP,labor,労務単価,ブロック工,所定労働時間内8時間あたり,人日,pref,36,徳島県,,,,23800,JPY,labor_wage_8h,published_pdl,33500,原本の下段(括弧書き): 公共工事設計労務単価+必要経費(法定福利費の事業主負担額、労務管理費、宿舎費等)(試算値),2013-04,2013-04-01,mlit-roumu-h25,p16(横長の表) / p5(縦長の表),https://www.mlit.go.jp/common/000993048.pdf,PDL1.0,,
2dc46733daa10df2,JP,labor,労務単価,電工,所定労働時間内8時間あたり,人日,pref,36,徳島県,,,,17000,JPY,labor_wage_8h,published_pdl,23900,原本の下段(括弧書き): 公共工事設計労務単価+必要経費(法定福利費の事業主負担額、労務管理費、宿舎費等)(試算値),2013-04,2013-04-01,mlit-roumu-h25,p16(横長の表) / p5(縦長の表),https://www.mlit.go.jp/common/000993048.pdf,PDL1.0,,
533cb84874f1aace,JP,labor,労務単価,鉄筋工,所定労働時間内8時間あたり,人日,pref,36,徳島県,,,,15900,JPY,labor_wage_8h,published_pdl,22400,原本の下段(括弧書き): 公共工事設計労務単価+必要経費(法定福利費の事業主負担額、労務管理費、宿舎費等)(試算値),2013-04,2013-04-01,mlit-roumu-h25,p16(横長の表) / p5(縦長の表),https://www.mlit.go.jp/common/000993048.pdf,PDL1.0,,
e39883cb887343d7,JP,labor,労務単価,鉄骨工,所定労働時間内8時間あたり,人日,pref,36,徳島県,,,,16000,JPY,labor_wage_8h,published_pdl,22500,原本の下段(括弧書き): 公共工事設計労務単価+必要経費(法定福利費の事業主負担額、労務管理費、宿舎費等)(試算値),2013-04,2013-04-01,mlit-roumu-h25,p16(横長の表) / p6(縦長の表),https://www.mlit.go.jp/common/000993048.pdf,PDL1.0,,
3342754df629898a,JP,labor,労務単価,塗装工,所定労働時間内8時間あたり,人日,pref,36,徳島県,,,,15600,JPY,labor_wage_8h,published_pdl,21900,原本の下段(括弧書き): 公共工事設計労務単価+必要経費(法定福利費の事業主負担額、労務管理費、宿舎費等)(試算値),2013-04,2013-04-01,mlit-roumu-h25,p16(横長の表) / p6(縦長の表),https://www.mlit.go.jp/common/000993048.pdf,PDL1.0,,
8230908465868ddf,JP,labor,労務単価,溶接工,所定労働時間内8時間あたり,人日,pref,36,徳島県,,,,18200,JPY,labor_wage_8h,published_pdl,25600,原本の下段(括弧書き): 公共工事設計労務単価+必要経費(法定福利費の事業主負担額、労務管理費、宿舎費等)(試算値),2013-04,2013-04-01,mlit-roumu-h25,p16(横長の表) / p6(縦長の表),https://www.mlit.go.jp/common/000993048.pdf,PDL1.0,,
15f7b7e5fd004f99,JP,labor,労務単価,運転手（特殊）,所定労働時間内8時間あたり,人日,pref,36,徳島県,,,,14900,JPY,labor_wage_8h,published_pdl,20900,原本の下段(括弧書き): 公共工事設計労務単価+必要経費(法定福利費の事業主負担額、労務管理費、宿舎費等)(試算値),2013-04,2013-04-01,mlit-roumu-h25,p16(横長の表) / p6(縦長の表),https://www.mlit.go.jp/common/000993048.pdf,PDL1.0,,
1a7af9048b5afb54,JP,labor,労務単価,運転手（一般）,所定労働時間内8時間あたり,人日,pref,36,徳島県,,,,14100,JPY,labor_wage_8h,published_pdl,19800,原本の下段(括弧書き): 公共工事設計労務単価+必要経費(法定福利費の事業主負担額、労務管理費、宿舎費等)(試算値),2013-04,2013-04-01,mlit-roumu-h25,p16(横長の表) / p6(縦長の表),https://www.mlit.go.jp/common/000993048.pdf,PDL1.0,,
e294f15c1b103e47,JP,labor,労務単価,潜かん工,所定労働時間内8時間あたり,人日,pref,36,徳島県,,,,24100,JPY,labor_wage_8h,published_pdl,33900,原本の下段(括弧書き): 公共工事設計労務単価+必要経費(法定福利費の事業主負担額、労務管理費、宿舎費等)(試算値),2013-04,2013-04-01,mlit-roumu-h25,p16(横長の表) / p6(縦長の表),https://www.mlit.go.jp/common/000993048.pdf,PDL1.0,,
c9b7dedbdc072a0f,JP,labor,労務単価,潜かん世話役,所定労働時間内8時間あたり,人日,pref,36,徳島県,,,,28600,JPY,labor_wage_8h,published_pdl,40200,原本の下段(括弧書き): 公共工事設計労務単価+必要経費(法定福利費の事業主負担額、労務管理費、宿舎費等)(試算値),2013-04,2013-04-01,mlit-roumu-h25,p16(横長の表) / p6(縦長の表),https://www.mlit.go.jp/common/000993048.pdf,PDL1.0,,
14cbf11c7a8a5696,JP,labor,労務単価,さく岩工,所定労働時間内8時間あたり,人日,pref,36,徳島県,,,,17900,JPY,labor_wage_8h,published_pdl,25200,原本の下段(括弧書き): 公共工事設計労務単価+必要経費(法定福利費の事業主負担額、労務管理費、宿舎費等)(試算値),2013-04,2013-04-01,mlit-roumu-h25,p16(横長の表) / p6(縦長の表),https://www.mlit.go.jp/common/000993048.pdf,PDL1.0,,
5a1fdeba6c76a950,JP,labor,労務単価,トンネル特殊工,所定労働時間内8時間あたり,人日,pref,36,徳島県,,,,22400,JPY,labor_wage_8h,published_pdl,31500,原本の下段(括弧書き): 公共工事設計労務単価+必要経費(法定福利費の事業主負担額、労務管理費、宿舎費等)(試算値),2013-04,2013-04-01,mlit-roumu-h25,p16(横長の表) / p6(縦長の表),https://www.mlit.go.jp/common/000993048.pdf,PDL1.0,,
9251a641975d8722,JP,labor,労務単価,トンネル作業員,所定労働時間内8時間あたり,人日,pref,36,徳島県,,,,18200,JPY,labor_wage_8h,published_pdl,25600,原本の下段(括弧書き): 公共工事設計労務単価+必要経費(法定福利費の事業主負担額、労務管理費、宿舎費等)(試算値),2013-04,2013-04-01,mlit-roumu-h25,p16(横長の表) / p6(縦長の表),https://www.mlit.go.jp/common/000993048.pdf,PDL1.0,,
95201b80fd6db58d,JP,labor,労務単価,トンネル世話役,所定労働時間内8時間あたり,人日,pref,36,徳島県,,,,23400,JPY,labor_wage_8h,published_pdl,32900,原本の下段(括弧書き): 公共工事設計労務単価+必要経費(法定福利費の事業主負担額、労務管理費、宿舎費等)(試算値),2013-04,2013-04-01,mlit-roumu-h25,p17(横長の表) / p7(縦長の表),https://www.mlit.go.jp/common/000993048.pdf,PDL1.0,,
c249e921edd539bf,JP,labor,労務単価,橋りょう特殊工,所定労働時間内8時間あたり,人日,pref,36,徳島県,,,,20300,JPY,labor_wage_8h,published_pdl,28500,原本の下段(括弧書き): 公共工事設計労務単価+必要経費(法定福利費の事業主負担額、労務管理費、宿舎費等)(試算値),2013-04,2013-04-01,mlit-roumu-h25,p17(横長の表) / p7(縦長の表),https://www.mlit.go.jp/common/000993048.pdf,PDL1.0,,
c2786e2d89ffb8d3,JP,labor,労務単価,橋りょう塗装工,所定労働時間内8時間あたり,人日,pref,36,徳島県,,,,21100,JPY,labor_wage_8h,published_pdl,29700,原本の下段(括弧書き): 公共工事設計労務単価+必要経費(法定福利費の事業主負担額、労務管理費、宿舎費等)(試算値),2013-04,2013-04-01,mlit-roumu-h25,p17(横長の表) / p7(縦長の表),https://www.mlit.go.jp/common/000993048.pdf,PDL1.0,,
863c320834cb71df,JP,labor,労務単価,橋りょう世話役,所定労働時間内8時間あたり,人日,pref,36,徳島県,,,,22400,JPY,labor_wage_8h,published_pdl,31500,原本の下段(括弧書き): 公共工事設計労務単価+必要経費(法定福利費の事業主負担額、労務管理費、宿舎費等)(試算値),2013-04,2013-04-01,mlit-roumu-h25,p17(横長の表) / p7(縦長の表),https://www.mlit.go.jp/common/000993048.pdf,PDL1.0,,
bd55dabdfb847d24,JP,labor,労務単価,土木一般世話役,所定労働時間内8時間あたり,人日,pref,36,徳島県,,,,18000,JPY,labor_wage_8h,published_pdl,25300,原本の下段(括弧書き): 公共工事設計労務単価+必要経費(法定福利費の事業主負担額、労務管理費、宿舎費等)(試算値),2013-04,2013-04-01,mlit-roumu-h25,p17(横長の表) / p7(縦長の表),https://www.mlit.go.jp/common/000993048.pdf,PDL1.0,,
0694ea7cd8468c4c,JP,labor,労務単価,高級船員,所定労働時間内8時間あたり,人日,pref,36,徳島県,,,,25200,JPY,labor_wage_8h,published_pdl,35400,原本の下段(括弧書き): 公共工事設計労務単価+必要経費(法定福利費の事業主負担額、労務管理費、宿舎費等)(試算値),2013-04,2013-04-01,mlit-roumu-h25,p17(横長の表) / p7(縦長の表),https://www.mlit.go.jp/common/000993048.pdf,PDL1.0,,
4821c56579893054,JP,labor,労務単価,普通船員,所定労働時間内8時間あたり,人日,pref,36,徳島県,,,,18700,JPY,labor_wage_8h,published_pdl,26300,原本の下段(括弧書き): 公共工事設計労務単価+必要経費(法定福利費の事業主負担額、労務管理費、宿舎費等)(試算値),2013-04,2013-04-01,mlit-roumu-h25,p17(横長の表) / p7(縦長の表),https://www.mlit.go.jp/common/000993048.pdf,PDL1.0,,
69be7e007ce1b657,JP,labor,労務単価,潜水士,所定労働時間内8時間あたり,人日,pref,36,徳島県,,,,31100,JPY,labor_wage_8h,published_pdl,43700,原本の下段(括弧書き): 公共工事設計労務単価+必要経費(法定福利費の事業主負担額、労務管理費、宿舎費等)(試算値),2013-04,2013-04-01,mlit-roumu-h25,p17(横長の表) / p7(縦長の表),https://www.mlit.go.jp/common/000993048.pdf,PDL1.0,,
6531a97f773688d3,JP,labor,労務単価,潜水連絡員,所定労働時間内8時間あたり,人日,pref,36,徳島県,,,,,JPY,labor_wage_8h,not_set,,,2013-04,2013-04-01,mlit-roumu-h25,p17(横長の表) / p7(縦長の表),https://www.mlit.go.jp/common/000993048.pdf,PDL1.0,,原本の表で『-』(この都道府県ではこの職種の単価を設定していない)
156f429390ed6401,JP,labor,労務単価,潜水送気員,所定労働時間内8時間あたり,人日,pref,36,徳島県,,,,,JPY,labor_wage_8h,not_set,,,2013-04,2013-04-01,mlit-roumu-h25,p17(横長の表) / p7(縦長の表),https://www.mlit.go.jp/common/000993048.pdf,PDL1.0,,原本の表で『-』(この都道府県ではこの職種の単価を設定していない)
810dcf96990c6c44,JP,labor,労務単価,山林砂防工,所定労働時間内8時間あたり,人日,pref,36,徳島県,,,,18700,JPY,labor_wage_8h,published_pdl,26300,原本の下段(括弧書き): 公共工事設計労務単価+必要経費(法定福利費の事業主負担額、労務管理費、宿舎費等)(試算値),2013-04,2013-04-01,mlit-roumu-h25,p17(横長の表) / p8(縦長の表),https://www.mlit.go.jp/common/000993048.pdf,PDL1.0,,
24bdd1063a8f1f11,JP,labor,労務単価,軌道工,所定労働時間内8時間あたり,人日,pref,36,徳島県,,,,25200,JPY,labor_wage_8h,published_pdl,35400,原本の下段(括弧書き): 公共工事設計労務単価+必要経費(法定福利費の事業主負担額、労務管理費、宿舎費等)(試算値),2013-04,2013-04-01,mlit-roumu-h25,p17(横長の表) / p8(縦長の表),https://www.mlit.go.jp/common/000993048.pdf,PDL1.0,,
b884a4c520ab8c39,JP,labor,労務単価,型わく工,所定労働時間内8時間あたり,人日,pref,36,徳島県,,,,16300,JPY,labor_wage_8h,published_pdl,22900,原本の下段(括弧書き): 公共工事設計労務単価+必要経費(法定福利費の事業主負担額、労務管理費、宿舎費等)(試算値),2013-04,2013-04-01,mlit-roumu-h25,p17(横長の表) / p8(縦長の表),https://www.mlit.go.jp/common/000993048.pdf,PDL1.0,,
f5a5b83509c67b00,JP,labor,労務単価,大工,所定労働時間内8時間あたり,人日,pref,36,徳島県,,,,17000,JPY,labor_wage_8h,published_pdl,23900,原本の下段(括弧書き): 公共工事設計労務単価+必要経費(法定福利費の事業主負担額、労務管理費、宿舎費等)(試算値),2013-04,2013-04-01,mlit-roumu-h25,p17(横長の表) / p8(縦長の表),https://www.mlit.go.jp/common/000993048.pdf,PDL1.0,,
17dd94197905dfb1,JP,labor,労務単価,左官,所定労働時間内8時間あたり,人日,pref,36,徳島県,,,,16900,JPY,labor_wage_8h,published_pdl,23800,原本の下段(括弧書き): 公共工事設計労務単価+必要経費(法定福利費の事業主負担額、労務管理費、宿舎費等)(試算値),2013-04,2013-04-01,mlit-roumu-h25,p17(横長の表) / p8(縦長の表),https://www.mlit.go.jp/common/000993048.pdf,PDL1.0,,
99b73efa971a5711,JP,labor,労務単価,配管工,所定労働時間内8時間あたり,人日,pref,36,徳島県,,,,15400,JPY,labor_wage_8h,published_pdl,21700,原本の下段(括弧書き): 公共工事設計労務単価+必要経費(法定福利費の事業主負担額、労務管理費、宿舎費等)(試算値),2013-04,2013-04-01,mlit-roumu-h25,p17(横長の表) / p8(縦長の表),https://www.mlit.go.jp/common/000993048.pdf,PDL1.0,,
5f1e0f1165d8b798,JP,labor,労務単価,はつり工,所定労働時間内8時間あたり,人日,pref,36,徳島県,,,,16000,JPY,labor_wage_8h,published_pdl,22500,原本の下段(括弧書き): 公共工事設計労務単価+必要経費(法定福利費の事業主負担額、労務管理費、宿舎費等)(試算値),2013-04,2013-04-01,mlit-roumu-h25,p17(横長の表) / p8(縦長の表),https://www.mlit.go.jp/common/000993048.pdf,PDL1.0,,
3ec54a40a1fdafd2,JP,labor,労務単価,防水工,所定労働時間内8時間あたり,人日,pref,36,徳島県,,,,16700,JPY,labor_wage_8h,published_pdl,23500,原本の下段(括弧書き): 公共工事設計労務単価+必要経費(法定福利費の事業主負担額、労務管理費、宿舎費等)(試算値),2013-04,2013-04-01,mlit-roumu-h25,p17(横長の表) / p8(縦長の表),https://www.mlit.go.jp/common/000993048.pdf,PDL1.0,,
1a84271678ade738,JP,labor,労務単価,板金工,所定労働時間内8時間あたり,人日,pref,36,徳島県,,,,,JPY,labor_wage_8h,not_set,,,2013-04,2013-04-01,mlit-roumu-h25,p17(横長の表) / p8(縦長の表),https://www.mlit.go.jp/common/000993048.pdf,PDL1.0,,原本の表で『-』(この都道府県ではこの職種の単価を設定していない)
b1f681f282912e97,JP,labor,労務単価,タイル工,所定労働時間内8時間あたり,人日,pref,36,徳島県,,,,,JPY,labor_wage_8h,not_set,,,2013-04,2013-04-01,mlit-roumu-h25,p17(横長の表) / p8(縦長の表),https://www.mlit.go.jp/common/000993048.pdf,PDL1.0,,原本の表で『-』(この都道府県ではこの職種の単価を設定していない)
937cbdd7502b7d7d,JP,labor,労務単価,サッシ工,所定労働時間内8時間あたり,人日,pref,36,徳島県,,,,16600,JPY,labor_wage_8h,published_pdl,23300,原本の下段(括弧書き): 公共工事設計労務単価+必要経費(法定福利費の事業主負担額、労務管理費、宿舎費等)(試算値),2013-04,2013-04-01,mlit-roumu-h25,p18(横長の表) / p9(縦長の表),https://www.mlit.go.jp/common/000993048.pdf,PDL1.0,,
5aacf58a6bfc8fd3,JP,labor,労務単価,内装工,所定労働時間内8時間あたり,人日,pref,36,徳島県,,,,17800,JPY,labor_wage_8h,published_pdl,25000,原本の下段(括弧書き): 公共工事設計労務単価+必要経費(法定福利費の事業主負担額、労務管理費、宿舎費等)(試算値),2013-04,2013-04-01,mlit-roumu-h25,p18(横長の表) / p9(縦長の表),https://www.mlit.go.jp/common/000993048.pdf,PDL1.0,,
f77248b81e04348b,JP,labor,労務単価,ガラス工,所定労働時間内8時間あたり,人日,pref,36,徳島県,,,,15500,JPY,labor_wage_8h,published_pdl,21800,原本の下段(括弧書き): 公共工事設計労務単価+必要経費(法定福利費の事業主負担額、労務管理費、宿舎費等)(試算値),2013-04,2013-04-01,mlit-roumu-h25,p18(横長の表) / p9(縦長の表),https://www.mlit.go.jp/common/000993048.pdf,PDL1.0,,
3093ccf734430432,JP,labor,労務単価,建具工,所定労働時間内8時間あたり,人日,pref,36,徳島県,,,,,JPY,labor_wage_8h,not_set,,,2013-04,2013-04-01,mlit-roumu-h25,p18(横長の表) / p9(縦長の表),https://www.mlit.go.jp/common/000993048.pdf,PDL1.0,,原本の表で『-』(この都道府県ではこの職種の単価を設定していない)
c7ad5b398a617a76,JP,labor,労務単価,ダクト工,所定労働時間内8時間あたり,人日,pref,36,徳島県,,,,14700,JPY,labor_wage_8h,published_pdl,20700,原本の下段(括弧書き): 公共工事設計労務単価+必要経費(法定福利費の事業主負担額、労務管理費、宿舎費等)(試算値),2013-04,2013-04-01,mlit-roumu-h25,p18(横長の表) / p9(縦長の表),https://www.mlit.go.jp/common/000993048.pdf,PDL1.0,,
2241bfa6483737c0,JP,labor,労務単価,保温工,所定労働時間内8時間あたり,人日,pref,36,徳島県,,,,17200,JPY,labor_wage_8h,published_pdl,24200,原本の下段(括弧書き): 公共工事設計労務単価+必要経費(法定福利費の事業主負担額、労務管理費、宿舎費等)(試算値),2013-04,2013-04-01,mlit-roumu-h25,p18(横長の表) / p9(縦長の表),https://www.mlit.go.jp/common/000993048.pdf,PDL1.0,,
b1c015f1a130a0ce,JP,labor,労務単価,建築ブロック工,所定労働時間内8時間あたり,人日,pref,36,徳島県,,,,,JPY,labor_wage_8h,not_set,,,2013-04,2013-04-01,mlit-roumu-h25,p18(横長の表) / p9(縦長の表),https://www.mlit.go.jp/common/000993048.pdf,PDL1.0,,原本の表で『-』(この都道府県ではこの職種の単価を設定していない)
15a6a04e16a4130e,JP,labor,労務単価,設備機械工,所定労働時間内8時間あたり,人日,pref,36,徳島県,,,,16400,JPY,labor_wage_8h,published_pdl,23100,原本の下段(括弧書き): 公共工事設計労務単価+必要経費(法定福利費の事業主負担額、労務管理費、宿舎費等)(試算値),2013-04,2013-04-01,mlit-roumu-h25,p18(横長の表) / p9(縦長の表),https://www.mlit.go.jp/common/000993048.pdf,PDL1.0,,
94f443cd78925404,JP,labor,労務単価,交通誘導員Ａ,所定労働時間内8時間あたり,人日,pref,36,徳島県,,,,9300,JPY,labor_wage_8h,published_pdl,13100,原本の下段(括弧書き): 公共工事設計労務単価+必要経費(法定福利費の事業主負担額、労務管理費、宿舎費等)(試算値),2013-04,2013-04-01,mlit-roumu-h25,p18(横長の表) / p9(縦長の表),https://www.mlit.go.jp/common/000993048.pdf,PDL1.0,,
a180918d339719a4,JP,labor,労務単価,交通誘導員Ｂ,所定労働時間内8時間あたり,人日,pref,36,徳島県,,,,8600,JPY,labor_wage_8h,published_pdl,12100,原本の下段(括弧書き): 公共工事設計労務単価+必要経費(法定福利費の事業主負担額、労務管理費、宿舎費等)(試算値),2013-04,2013-04-01,mlit-roumu-h25,p18(横長の表) / p9(縦長の表),https://www.mlit.go.jp/common/000993048.pdf,PDL1.0,,
5929bbcf42896965,JP,labor,労務単価,特殊作業員,所定労働時間内8時間あたり,人日,pref,37,香川県,,,,16600,JPY,labor_wage_8h,published_pdl,23300,原本の下段(括弧書き): 公共工事設計労務単価+必要経費(法定福利費の事業主負担額、労務管理費、宿舎費等)(試算値),2013-04,2013-04-01,mlit-roumu-h25,p16(横長の表) / p5(縦長の表),https://www.mlit.go.jp/common/000993048.pdf,PDL1.0,,
cfb3c0ae1bc64190,JP,labor,労務単価,普通作業員,所定労働時間内8時間あたり,人日,pref,37,香川県,,,,14700,JPY,labor_wage_8h,published_pdl,20700,原本の下段(括弧書き): 公共工事設計労務単価+必要経費(法定福利費の事業主負担額、労務管理費、宿舎費等)(試算値),2013-04,2013-04-01,mlit-roumu-h25,p16(横長の表) / p5(縦長の表),https://www.mlit.go.jp/common/000993048.pdf,PDL1.0,,
99c68d183f660b51,JP,labor,労務単価,軽作業員,所定労働時間内8時間あたり,人日,pref,37,香川県,,,,11200,JPY,labor_wage_8h,published_pdl,15700,原本の下段(括弧書き): 公共工事設計労務単価+必要経費(法定福利費の事業主負担額、労務管理費、宿舎費等)(試算値),2013-04,2013-04-01,mlit-roumu-h25,p16(横長の表) / p5(縦長の表),https://www.mlit.go.jp/common/000993048.pdf,PDL1.0,,
c2985853831af5fd,JP,labor,労務単価,造園工,所定労働時間内8時間あたり,人日,pref,37,香川県,,,,15900,JPY,labor_wage_8h,published_pdl,22400,原本の下段(括弧書き): 公共工事設計労務単価+必要経費(法定福利費の事業主負担額、労務管理費、宿舎費等)(試算値),2013-04,2013-04-01,mlit-roumu-h25,p16(横長の表) / p5(縦長の表),https://www.mlit.go.jp/common/000993048.pdf,PDL1.0,,
c856e6b72ece289d,JP,labor,労務単価,法面工,所定労働時間内8時間あたり,人日,pref,37,香川県,,,,19000,JPY,labor_wage_8h,published_pdl,26700,原本の下段(括弧書き): 公共工事設計労務単価+必要経費(法定福利費の事業主負担額、労務管理費、宿舎費等)(試算値),2013-04,2013-04-01,mlit-roumu-h25,p16(横長の表) / p5(縦長の表),https://www.mlit.go.jp/common/000993048.pdf,PDL1.0,,
e592fee4b2746b0e,JP,labor,労務単価,とび工,所定労働時間内8時間あたり,人日,pref,37,香川県,,,,16100,JPY,labor_wage_8h,published_pdl,22600,原本の下段(括弧書き): 公共工事設計労務単価+必要経費(法定福利費の事業主負担額、労務管理費、宿舎費等)(試算値),2013-04,2013-04-01,mlit-roumu-h25,p16(横長の表) / p5(縦長の表),https://www.mlit.go.jp/common/000993048.pdf,PDL1.0,,
a3cebd5efc9397bc,JP,labor,労務単価,石工,所定労働時間内8時間あたり,人日,pref,37,香川県,,,,,JPY,labor_wage_8h,not_set,,,2013-04,2013-04-01,mlit-roumu-h25,p16(横長の表) / p5(縦長の表),https://www.mlit.go.jp/common/000993048.pdf,PDL1.0,,原本の表で『-』(この都道府県ではこの職種の単価を設定していない)
25d380ee0359d625,JP,labor,労務単価,ブロック工,所定労働時間内8時間あたり,人日,pref,37,香川県,,,,23900,JPY,labor_wage_8h,published_pdl,33600,原本の下段(括弧書き): 公共工事設計労務単価+必要経費(法定福利費の事業主負担額、労務管理費、宿舎費等)(試算値),2013-04,2013-04-01,mlit-roumu-h25,p16(横長の表) / p5(縦長の表),https://www.mlit.go.jp/common/000993048.pdf,PDL1.0,,
31df6cae558ddea7,JP,labor,労務単価,電工,所定労働時間内8時間あたり,人日,pref,37,香川県,,,,16500,JPY,labor_wage_8h,published_pdl,23200,原本の下段(括弧書き): 公共工事設計労務単価+必要経費(法定福利費の事業主負担額、労務管理費、宿舎費等)(試算値),2013-04,2013-04-01,mlit-roumu-h25,p16(横長の表) / p5(縦長の表),https://www.mlit.go.jp/common/000993048.pdf,PDL1.0,,
14ba3e5d9c4f8267,JP,labor,労務単価,鉄筋工,所定労働時間内8時間あたり,人日,pref,37,香川県,,,,16000,JPY,labor_wage_8h,published_pdl,22500,原本の下段(括弧書き): 公共工事設計労務単価+必要経費(法定福利費の事業主負担額、労務管理費、宿舎費等)(試算値),2013-04,2013-04-01,mlit-roumu-h25,p16(横長の表) / p5(縦長の表),https://www.mlit.go.jp/common/000993048.pdf,PDL1.0,,
8cbec3e64c999850,JP,labor,労務単価,鉄骨工,所定労働時間内8時間あたり,人日,pref,37,香川県,,,,16000,JPY,labor_wage_8h,published_pdl,22500,原本の下段(括弧書き): 公共工事設計労務単価+必要経費(法定福利費の事業主負担額、労務管理費、宿舎費等)(試算値),2013-04,2013-04-01,mlit-roumu-h25,p16(横長の表) / p6(縦長の表),https://www.mlit.go.jp/common/000993048.pdf,PDL1.0,,
f95c879a470b8273,JP,labor,労務単価,塗装工,所定労働時間内8時間あたり,人日,pref,37,香川県,,,,15600,JPY,labor_wage_8h,published_pdl,21900,原本の下段(括弧書き): 公共工事設計労務単価+必要経費(法定福利費の事業主負担額、労務管理費、宿舎費等)(試算値),2013-04,2013-04-01,mlit-roumu-h25,p16(横長の表) / p6(縦長の表),https://www.mlit.go.jp/common/000993048.pdf,PDL1.0,,
6c34301b4d355353,JP,labor,労務単価,溶接工,所定労働時間内8時間あたり,人日,pref,37,香川県,,,,18400,JPY,labor_wage_8h,published_pdl,25900,原本の下段(括弧書き): 公共工事設計労務単価+必要経費(法定福利費の事業主負担額、労務管理費、宿舎費等)(試算値),2013-04,2013-04-01,mlit-roumu-h25,p16(横長の表) / p6(縦長の表),https://www.mlit.go.jp/common/000993048.pdf,PDL1.0,,
08de16bbee362c78,JP,labor,労務単価,運転手（特殊）,所定労働時間内8時間あたり,人日,pref,37,香川県,,,,15900,JPY,labor_wage_8h,published_pdl,22400,原本の下段(括弧書き): 公共工事設計労務単価+必要経費(法定福利費の事業主負担額、労務管理費、宿舎費等)(試算値),2013-04,2013-04-01,mlit-roumu-h25,p16(横長の表) / p6(縦長の表),https://www.mlit.go.jp/common/000993048.pdf,PDL1.0,,
a5b21d7e69932d3e,JP,labor,労務単価,運転手（一般）,所定労働時間内8時間あたり,人日,pref,37,香川県,,,,14800,JPY,labor_wage_8h,published_pdl,20800,原本の下段(括弧書き): 公共工事設計労務単価+必要経費(法定福利費の事業主負担額、労務管理費、宿舎費等)(試算値),2013-04,2013-04-01,mlit-roumu-h25,p16(横長の表) / p6(縦長の表),https://www.mlit.go.jp/common/000993048.pdf,PDL1.0,,
d3ee8b03d50afbd6,JP,labor,労務単価,潜かん工,所定労働時間内8時間あたり,人日,pref,37,香川県,,,,24100,JPY,labor_wage_8h,published_pdl,33900,原本の下段(括弧書き): 公共工事設計労務単価+必要経費(法定福利費の事業主負担額、労務管理費、宿舎費等)(試算値),2013-04,2013-04-01,mlit-roumu-h25,p16(横長の表) / p6(縦長の表),https://www.mlit.go.jp/common/000993048.pdf,PDL1.0,,
a57723f4b3da31ed,JP,labor,労務単価,潜かん世話役,所定労働時間内8時間あたり,人日,pref,37,香川県,,,,28600,JPY,labor_wage_8h,published_pdl,40200,原本の下段(括弧書き): 公共工事設計労務単価+必要経費(法定福利費の事業主負担額、労務管理費、宿舎費等)(試算値),2013-04,2013-04-01,mlit-roumu-h25,p16(横長の表) / p6(縦長の表),https://www.mlit.go.jp/common/000993048.pdf,PDL1.0,,
7079311022ac19ba,JP,labor,労務単価,さく岩工,所定労働時間内8時間あたり,人日,pref,37,香川県,,,,17900,JPY,labor_wage_8h,published_pdl,25200,原本の下段(括弧書き): 公共工事設計労務単価+必要経費(法定福利費の事業主負担額、労務管理費、宿舎費等)(試算値),2013-04,2013-04-01,mlit-roumu-h25,p16(横長の表) / p6(縦長の表),https://www.mlit.go.jp/common/000993048.pdf,PDL1.0,,
a90de0d99049a444,JP,labor,労務単価,トンネル特殊工,所定労働時間内8時間あたり,人日,pref,37,香川県,,,,21900,JPY,labor_wage_8h,published_pdl,30800,原本の下段(括弧書き): 公共工事設計労務単価+必要経費(法定福利費の事業主負担額、労務管理費、宿舎費等)(試算値),2013-04,2013-04-01,mlit-roumu-h25,p16(横長の表) / p6(縦長の表),https://www.mlit.go.jp/common/000993048.pdf,PDL1.0,,
0df608d40aa3ee00,JP,labor,労務単価,トンネル作業員,所定労働時間内8時間あたり,人日,pref,37,香川県,,,,18200,JPY,labor_wage_8h,published_pdl,25600,原本の下段(括弧書き): 公共工事設計労務単価+必要経費(法定福利費の事業主負担額、労務管理費、宿舎費等)(試算値),2013-04,2013-04-01,mlit-roumu-h25,p16(横長の表) / p6(縦長の表),https://www.mlit.go.jp/common/000993048.pdf,PDL1.0,,
d4479f0aa69c46e4,JP,labor,労務単価,トンネル世話役,所定労働時間内8時間あたり,人日,pref,37,香川県,,,,23400,JPY,labor_wage_8h,published_pdl,32900,原本の下段(括弧書き): 公共工事設計労務単価+必要経費(法定福利費の事業主負担額、労務管理費、宿舎費等)(試算値),2013-04,2013-04-01,mlit-roumu-h25,p17(横長の表) / p7(縦長の表),https://www.mlit.go.jp/common/000993048.pdf,PDL1.0,,
375ae4fa7ead9534,JP,labor,労務単価,橋りょう特殊工,所定労働時間内8時間あたり,人日,pref,37,香川県,,,,20300,JPY,labor_wage_8h,published_pdl,28500,原本の下段(括弧書き): 公共工事設計労務単価+必要経費(法定福利費の事業主負担額、労務管理費、宿舎費等)(試算値),2013-04,2013-04-01,mlit-roumu-h25,p17(横長の表) / p7(縦長の表),https://www.mlit.go.jp/common/000993048.pdf,PDL1.0,,
f6a2f514d68f3e0c,JP,labor,労務単価,橋りょう塗装工,所定労働時間内8時間あたり,人日,pref,37,香川県,,,,21100,JPY,labor_wage_8h,published_pdl,29700,原本の下段(括弧書き): 公共工事設計労務単価+必要経費(法定福利費の事業主負担額、労務管理費、宿舎費等)(試算値),2013-04,2013-04-01,mlit-roumu-h25,p17(横長の表) / p7(縦長の表),https://www.mlit.go.jp/common/000993048.pdf,PDL1.0,,
6e7381f71b9f865f,JP,labor,労務単価,橋りょう世話役,所定労働時間内8時間あたり,人日,pref,37,香川県,,,,22600,JPY,labor_wage_8h,published_pdl,31800,原本の下段(括弧書き): 公共工事設計労務単価+必要経費(法定福利費の事業主負担額、労務管理費、宿舎費等)(試算値),2013-04,2013-04-01,mlit-roumu-h25,p17(横長の表) / p7(縦長の表),https://www.mlit.go.jp/common/000993048.pdf,PDL1.0,,
047b5fc7f66ca7c0,JP,labor,労務単価,土木一般世話役,所定労働時間内8時間あたり,人日,pref,37,香川県,,,,17700,JPY,labor_wage_8h,published_pdl,24900,原本の下段(括弧書き): 公共工事設計労務単価+必要経費(法定福利費の事業主負担額、労務管理費、宿舎費等)(試算値),2013-04,2013-04-01,mlit-roumu-h25,p17(横長の表) / p7(縦長の表),https://www.mlit.go.jp/common/000993048.pdf,PDL1.0,,
518138a8138f3fda,JP,labor,労務単価,高級船員,所定労働時間内8時間あたり,人日,pref,37,香川県,,,,25200,JPY,labor_wage_8h,published_pdl,35400,原本の下段(括弧書き): 公共工事設計労務単価+必要経費(法定福利費の事業主負担額、労務管理費、宿舎費等)(試算値),2013-04,2013-04-01,mlit-roumu-h25,p17(横長の表) / p7(縦長の表),https://www.mlit.go.jp/common/000993048.pdf,PDL1.0,,
d36415f947b28905,JP,labor,労務単価,普通船員,所定労働時間内8時間あたり,人日,pref,37,香川県,,,,18700,JPY,labor_wage_8h,published_pdl,26300,原本の下段(括弧書き): 公共工事設計労務単価+必要経費(法定福利費の事業主負担額、労務管理費、宿舎費等)(試算値),2013-04,2013-04-01,mlit-roumu-h25,p17(横長の表) / p7(縦長の表),https://www.mlit.go.jp/common/000993048.pdf,PDL1.0,,
2f78f9c4f4fa9fe5,JP,labor,労務単価,潜水士,所定労働時間内8時間あたり,人日,pref,37,香川県,,,,31500,JPY,labor_wage_8h,published_pdl,44300,原本の下段(括弧書き): 公共工事設計労務単価+必要経費(法定福利費の事業主負担額、労務管理費、宿舎費等)(試算値),2013-04,2013-04-01,mlit-roumu-h25,p17(横長の表) / p7(縦長の表),https://www.mlit.go.jp/common/000993048.pdf,PDL1.0,,
a48014a93cae7c95,JP,labor,労務単価,潜水連絡員,所定労働時間内8時間あたり,人日,pref,37,香川県,,,,,JPY,labor_wage_8h,not_set,,,2013-04,2013-04-01,mlit-roumu-h25,p17(横長の表) / p7(縦長の表),https://www.mlit.go.jp/common/000993048.pdf,PDL1.0,,原本の表で『-』(この都道府県ではこの職種の単価を設定していない)
1881528d6d6af843,JP,labor,労務単価,潜水送気員,所定労働時間内8時間あたり,人日,pref,37,香川県,,,,,JPY,labor_wage_8h,not_set,,,2013-04,2013-04-01,mlit-roumu-h25,p17(横長の表) / p7(縦長の表),https://www.mlit.go.jp/common/000993048.pdf,PDL1.0,,原本の表で『-』(この都道府県ではこの職種の単価を設定していない)
8697fbc95b3fa473,JP,labor,労務単価,山林砂防工,所定労働時間内8時間あたり,人日,pref,37,香川県,,,,18500,JPY,labor_wage_8h,published_pdl,26000,原本の下段(括弧書き): 公共工事設計労務単価+必要経費(法定福利費の事業主負担額、労務管理費、宿舎費等)(試算値),2013-04,2013-04-01,mlit-roumu-h25,p17(横長の表) / p8(縦長の表),https://www.mlit.go.jp/common/000993048.pdf,PDL1.0,,
9f46cefbcc49b5f9,JP,labor,労務単価,軌道工,所定労働時間内8時間あたり,人日,pref,37,香川県,,,,25200,JPY,labor_wage_8h,published_pdl,35400,原本の下段(括弧書き): 公共工事設計労務単価+必要経費(法定福利費の事業主負担額、労務管理費、宿舎費等)(試算値),2013-04,2013-04-01,mlit-roumu-h25,p17(横長の表) / p8(縦長の表),https://www.mlit.go.jp/common/000993048.pdf,PDL1.0,,
db6ca20476d0693f,JP,labor,労務単価,型わく工,所定労働時間内8時間あたり,人日,pref,37,香川県,,,,16300,JPY,labor_wage_8h,published_pdl,22900,原本の下段(括弧書き): 公共工事設計労務単価+必要経費(法定福利費の事業主負担額、労務管理費、宿舎費等)(試算値),2013-04,2013-04-01,mlit-roumu-h25,p17(横長の表) / p8(縦長の表),https://www.mlit.go.jp/common/000993048.pdf,PDL1.0,,
1cfb4a12e6b4e260,JP,labor,労務単価,大工,所定労働時間内8時間あたり,人日,pref,37,香川県,,,,17100,JPY,labor_wage_8h,published_pdl,24000,原本の下段(括弧書き): 公共工事設計労務単価+必要経費(法定福利費の事業主負担額、労務管理費、宿舎費等)(試算値),2013-04,2013-04-01,mlit-roumu-h25,p17(横長の表) / p8(縦長の表),https://www.mlit.go.jp/common/000993048.pdf,PDL1.0,,
88fc4ca3979a3294,JP,labor,労務単価,左官,所定労働時間内8時間あたり,人日,pref,37,香川県,,,,16900,JPY,labor_wage_8h,published_pdl,23800,原本の下段(括弧書き): 公共工事設計労務単価+必要経費(法定福利費の事業主負担額、労務管理費、宿舎費等)(試算値),2013-04,2013-04-01,mlit-roumu-h25,p17(横長の表) / p8(縦長の表),https://www.mlit.go.jp/common/000993048.pdf,PDL1.0,,
790b0bb0d28e6582,JP,labor,労務単価,配管工,所定労働時間内8時間あたり,人日,pref,37,香川県,,,,15600,JPY,labor_wage_8h,published_pdl,21900,原本の下段(括弧書き): 公共工事設計労務単価+必要経費(法定福利費の事業主負担額、労務管理費、宿舎費等)(試算値),2013-04,2013-04-01,mlit-roumu-h25,p17(横長の表) / p8(縦長の表),https://www.mlit.go.jp/common/000993048.pdf,PDL1.0,,
0f9499bc9f398a3c,JP,labor,労務単価,はつり工,所定労働時間内8時間あたり,人日,pref,37,香川県,,,,16100,JPY,labor_wage_8h,published_pdl,22600,原本の下段(括弧書き): 公共工事設計労務単価+必要経費(法定福利費の事業主負担額、労務管理費、宿舎費等)(試算値),2013-04,2013-04-01,mlit-roumu-h25,p17(横長の表) / p8(縦長の表),https://www.mlit.go.jp/common/000993048.pdf,PDL1.0,,
5b68ceb4165ad825,JP,labor,労務単価,防水工,所定労働時間内8時間あたり,人日,pref,37,香川県,,,,16800,JPY,labor_wage_8h,published_pdl,23600,原本の下段(括弧書き): 公共工事設計労務単価+必要経費(法定福利費の事業主負担額、労務管理費、宿舎費等)(試算値),2013-04,2013-04-01,mlit-roumu-h25,p17(横長の表) / p8(縦長の表),https://www.mlit.go.jp/common/000993048.pdf,PDL1.0,,
dcdef15567a53801,JP,labor,労務単価,板金工,所定労働時間内8時間あたり,人日,pref,37,香川県,,,,,JPY,labor_wage_8h,not_set,,,2013-04,2013-04-01,mlit-roumu-h25,p17(横長の表) / p8(縦長の表),https://www.mlit.go.jp/common/000993048.pdf,PDL1.0,,原本の表で『-』(この都道府県ではこの職種の単価を設定していない)
cc6df94ac59e3058,JP,labor,労務単価,タイル工,所定労働時間内8時間あたり,人日,pref,37,香川県,,,,,JPY,labor_wage_8h,not_set,,,2013-04,2013-04-01,mlit-roumu-h25,p17(横長の表) / p8(縦長の表),https://www.mlit.go.jp/common/000993048.pdf,PDL1.0,,原本の表で『-』(この都道府県ではこの職種の単価を設定していない)
54956cc292e87eff,JP,labor,労務単価,サッシ工,所定労働時間内8時間あたり,人日,pref,37,香川県,,,,16700,JPY,labor_wage_8h,published_pdl,23500,原本の下段(括弧書き): 公共工事設計労務単価+必要経費(法定福利費の事業主負担額、労務管理費、宿舎費等)(試算値),2013-04,2013-04-01,mlit-roumu-h25,p18(横長の表) / p9(縦長の表),https://www.mlit.go.jp/common/000993048.pdf,PDL1.0,,
fd9dbc3e1d8be25b,JP,labor,労務単価,内装工,所定労働時間内8時間あたり,人日,pref,37,香川県,,,,18000,JPY,labor_wage_8h,published_pdl,25300,原本の下段(括弧書き): 公共工事設計労務単価+必要経費(法定福利費の事業主負担額、労務管理費、宿舎費等)(試算値),2013-04,2013-04-01,mlit-roumu-h25,p18(横長の表) / p9(縦長の表),https://www.mlit.go.jp/common/000993048.pdf,PDL1.0,,
18a681781aba3f72,JP,labor,労務単価,ガラス工,所定労働時間内8時間あたり,人日,pref,37,香川県,,,,15500,JPY,labor_wage_8h,published_pdl,21800,原本の下段(括弧書き): 公共工事設計労務単価+必要経費(法定福利費の事業主負担額、労務管理費、宿舎費等)(試算値),2013-04,2013-04-01,mlit-roumu-h25,p18(横長の表) / p9(縦長の表),https://www.mlit.go.jp/common/000993048.pdf,PDL1.0,,
0d41193597acc506,JP,labor,労務単価,建具工,所定労働時間内8時間あたり,人日,pref,37,香川県,,,,,JPY,labor_wage_8h,not_set,,,2013-04,2013-04-01,mlit-roumu-h25,p18(横長の表) / p9(縦長の表),https://www.mlit.go.jp/common/000993048.pdf,PDL1.0,,原本の表で『-』(この都道府県ではこの職種の単価を設定していない)
2955522a5fee05dc,JP,labor,労務単価,ダクト工,所定労働時間内8時間あたり,人日,pref,37,香川県,,,,14900,JPY,labor_wage_8h,published_pdl,20900,原本の下段(括弧書き): 公共工事設計労務単価+必要経費(法定福利費の事業主負担額、労務管理費、宿舎費等)(試算値),2013-04,2013-04-01,mlit-roumu-h25,p18(横長の表) / p9(縦長の表),https://www.mlit.go.jp/common/000993048.pdf,PDL1.0,,
7f3581f0c3216a37,JP,labor,労務単価,保温工,所定労働時間内8時間あたり,人日,pref,37,香川県,,,,17200,JPY,labor_wage_8h,published_pdl,24200,原本の下段(括弧書き): 公共工事設計労務単価+必要経費(法定福利費の事業主負担額、労務管理費、宿舎費等)(試算値),2013-04,2013-04-01,mlit-roumu-h25,p18(横長の表) / p9(縦長の表),https://www.mlit.go.jp/common/000993048.pdf,PDL1.0,,
c1666837bd793ffa,JP,labor,労務単価,建築ブロック工,所定労働時間内8時間あたり,人日,pref,37,香川県,,,,,JPY,labor_wage_8h,not_set,,,2013-04,2013-04-01,mlit-roumu-h25,p18(横長の表) / p9(縦長の表),https://www.mlit.go.jp/common/000993048.pdf,PDL1.0,,原本の表で『-』(この都道府県ではこの職種の単価を設定していない)
8f57690ebbbefed7,JP,labor,労務単価,設備機械工,所定労働時間内8時間あたり,人日,pref,37,香川県,,,,16200,JPY,labor_wage_8h,published_pdl,22800,原本の下段(括弧書き): 公共工事設計労務単価+必要経費(法定福利費の事業主負担額、労務管理費、宿舎費等)(試算値),2013-04,2013-04-01,mlit-roumu-h25,p18(横長の表) / p9(縦長の表),https://www.mlit.go.jp/common/000993048.pdf,PDL1.0,,
5885475bd700eb15,JP,labor,労務単価,交通誘導員Ａ,所定労働時間内8時間あたり,人日,pref,37,香川県,,,,9400,JPY,labor_wage_8h,published_pdl,13200,原本の下段(括弧書き): 公共工事設計労務単価+必要経費(法定福利費の事業主負担額、労務管理費、宿舎費等)(試算値),2013-04,2013-04-01,mlit-roumu-h25,p18(横長の表) / p9(縦長の表),https://www.mlit.go.jp/common/000993048.pdf,PDL1.0,,
507e68d9075184c8,JP,labor,労務単価,交通誘導員Ｂ,所定労働時間内8時間あたり,人日,pref,37,香川県,,,,8600,JPY,labor_wage_8h,published_pdl,12100,原本の下段(括弧書き): 公共工事設計労務単価+必要経費(法定福利費の事業主負担額、労務管理費、宿舎費等)(試算値),2013-04,2013-04-01,mlit-roumu-h25,p18(横長の表) / p9(縦長の表),https://www.mlit.go.jp/common/000993048.pdf,PDL1.0,,
6093721c90051531,JP,labor,労務単価,特殊作業員,所定労働時間内8時間あたり,人日,pref,38,愛媛県,,,,15600,JPY,labor_wage_8h,published_pdl,21900,原本の下段(括弧書き): 公共工事設計労務単価+必要経費(法定福利費の事業主負担額、労務管理費、宿舎費等)(試算値),2013-04,2013-04-01,mlit-roumu-h25,p16(横長の表) / p5(縦長の表),https://www.mlit.go.jp/common/000993048.pdf,PDL1.0,,
53be15ba89c9c56e,JP,labor,労務単価,普通作業員,所定労働時間内8時間あたり,人日,pref,38,愛媛県,,,,13200,JPY,labor_wage_8h,published_pdl,18600,原本の下段(括弧書き): 公共工事設計労務単価+必要経費(法定福利費の事業主負担額、労務管理費、宿舎費等)(試算値),2013-04,2013-04-01,mlit-roumu-h25,p16(横長の表) / p5(縦長の表),https://www.mlit.go.jp/common/000993048.pdf,PDL1.0,,
7930b0cc60971a0b,JP,labor,労務単価,軽作業員,所定労働時間内8時間あたり,人日,pref,38,愛媛県,,,,10800,JPY,labor_wage_8h,published_pdl,15200,原本の下段(括弧書き): 公共工事設計労務単価+必要経費(法定福利費の事業主負担額、労務管理費、宿舎費等)(試算値),2013-04,2013-04-01,mlit-roumu-h25,p16(横長の表) / p5(縦長の表),https://www.mlit.go.jp/common/000993048.pdf,PDL1.0,,
9564b4d45a7d8a00,JP,labor,労務単価,造園工,所定労働時間内8時間あたり,人日,pref,38,愛媛県,,,,15700,JPY,labor_wage_8h,published_pdl,22100,原本の下段(括弧書き): 公共工事設計労務単価+必要経費(法定福利費の事業主負担額、労務管理費、宿舎費等)(試算値),2013-04,2013-04-01,mlit-roumu-h25,p16(横長の表) / p5(縦長の表),https://www.mlit.go.jp/common/000993048.pdf,PDL1.0,,
b4c83766dee2176d,JP,labor,労務単価,法面工,所定労働時間内8時間あたり,人日,pref,38,愛媛県,,,,18700,JPY,labor_wage_8h,published_pdl,26300,原本の下段(括弧書き): 公共工事設計労務単価+必要経費(法定福利費の事業主負担額、労務管理費、宿舎費等)(試算値),2013-04,2013-04-01,mlit-roumu-h25,p16(横長の表) / p5(縦長の表),https://www.mlit.go.jp/common/000993048.pdf,PDL1.0,,
8ba4aa09f39c5621,JP,labor,労務単価,とび工,所定労働時間内8時間あたり,人日,pref,38,愛媛県,,,,16000,JPY,labor_wage_8h,published_pdl,22500,原本の下段(括弧書き): 公共工事設計労務単価+必要経費(法定福利費の事業主負担額、労務管理費、宿舎費等)(試算値),2013-04,2013-04-01,mlit-roumu-h25,p16(横長の表) / p5(縦長の表),https://www.mlit.go.jp/common/000993048.pdf,PDL1.0,,
4488025c07d1d0f5,JP,labor,労務単価,石工,所定労働時間内8時間あたり,人日,pref,38,愛媛県,,,,,JPY,labor_wage_8h,not_set,,,2013-04,2013-04-01,mlit-roumu-h25,p16(横長の表) / p5(縦長の表),https://www.mlit.go.jp/common/000993048.pdf,PDL1.0,,原本の表で『-』(この都道府県ではこの職種の単価を設定していない)
c87288a3165e37e5,JP,labor,労務単価,ブロック工,所定労働時間内8時間あたり,人日,pref,38,愛媛県,,,,23800,JPY,labor_wage_8h,published_pdl,33500,原本の下段(括弧書き): 公共工事設計労務単価+必要経費(法定福利費の事業主負担額、労務管理費、宿舎費等)(試算値),2013-04,2013-04-01,mlit-roumu-h25,p16(横長の表) / p5(縦長の表),https://www.mlit.go.jp/common/000993048.pdf,PDL1.0,,
454dff93b568437b,JP,labor,労務単価,電工,所定労働時間内8時間あたり,人日,pref,38,愛媛県,,,,16500,JPY,labor_wage_8h,published_pdl,23200,原本の下段(括弧書き): 公共工事設計労務単価+必要経費(法定福利費の事業主負担額、労務管理費、宿舎費等)(試算値),2013-04,2013-04-01,mlit-roumu-h25,p16(横長の表) / p5(縦長の表),https://www.mlit.go.jp/common/000993048.pdf,PDL1.0,,
a198cbb957a1cc1d,JP,labor,労務単価,鉄筋工,所定労働時間内8時間あたり,人日,pref,38,愛媛県,,,,15200,JPY,labor_wage_8h,published_pdl,21400,原本の下段(括弧書き): 公共工事設計労務単価+必要経費(法定福利費の事業主負担額、労務管理費、宿舎費等)(試算値),2013-04,2013-04-01,mlit-roumu-h25,p16(横長の表) / p5(縦長の表),https://www.mlit.go.jp/common/000993048.pdf,PDL1.0,,
486c20671652ea37,JP,labor,労務単価,鉄骨工,所定労働時間内8時間あたり,人日,pref,38,愛媛県,,,,16000,JPY,labor_wage_8h,published_pdl,22500,原本の下段(括弧書き): 公共工事設計労務単価+必要経費(法定福利費の事業主負担額、労務管理費、宿舎費等)(試算値),2013-04,2013-04-01,mlit-roumu-h25,p16(横長の表) / p6(縦長の表),https://www.mlit.go.jp/common/000993048.pdf,PDL1.0,,
40c3d5f48fefeddc,JP,labor,労務単価,塗装工,所定労働時間内8時間あたり,人日,pref,38,愛媛県,,,,15600,JPY,labor_wage_8h,published_pdl,21900,原本の下段(括弧書き): 公共工事設計労務単価+必要経費(法定福利費の事業主負担額、労務管理費、宿舎費等)(試算値),2013-04,2013-04-01,mlit-roumu-h25,p16(横長の表) / p6(縦長の表),https://www.mlit.go.jp/common/000993048.pdf,PDL1.0,,
e06a5c90fcd79dab,JP,labor,労務単価,溶接工,所定労働時間内8時間あたり,人日,pref,38,愛媛県,,,,18400,JPY,labor_wage_8h,published_pdl,25900,原本の下段(括弧書き): 公共工事設計労務単価+必要経費(法定福利費の事業主負担額、労務管理費、宿舎費等)(試算値),2013-04,2013-04-01,mlit-roumu-h25,p16(横長の表) / p6(縦長の表),https://www.mlit.go.jp/common/000993048.pdf,PDL1.0,,
4d9067297ede6804,JP,labor,労務単価,運転手（特殊）,所定労働時間内8時間あたり,人日,pref,38,愛媛県,,,,16100,JPY,labor_wage_8h,published_pdl,22600,原本の下段(括弧書き): 公共工事設計労務単価+必要経費(法定福利費の事業主負担額、労務管理費、宿舎費等)(試算値),2013-04,2013-04-01,mlit-roumu-h25,p16(横長の表) / p6(縦長の表),https://www.mlit.go.jp/common/000993048.pdf,PDL1.0,,
d52122431094495d,JP,labor,労務単価,運転手（一般）,所定労働時間内8時間あたり,人日,pref,38,愛媛県,,,,14400,JPY,labor_wage_8h,published_pdl,20200,原本の下段(括弧書き): 公共工事設計労務単価+必要経費(法定福利費の事業主負担額、労務管理費、宿舎費等)(試算値),2013-04,2013-04-01,mlit-roumu-h25,p16(横長の表) / p6(縦長の表),https://www.mlit.go.jp/common/000993048.pdf,PDL1.0,,
aecd187a744dac3d,JP,labor,労務単価,潜かん工,所定労働時間内8時間あたり,人日,pref,38,愛媛県,,,,24100,JPY,labor_wage_8h,published_pdl,33900,原本の下段(括弧書き): 公共工事設計労務単価+必要経費(法定福利費の事業主負担額、労務管理費、宿舎費等)(試算値),2013-04,2013-04-01,mlit-roumu-h25,p16(横長の表) / p6(縦長の表),https://www.mlit.go.jp/common/000993048.pdf,PDL1.0,,
60409da86640aac7,JP,labor,労務単価,潜かん世話役,所定労働時間内8時間あたり,人日,pref,38,愛媛県,,,,28600,JPY,labor_wage_8h,published_pdl,40200,原本の下段(括弧書き): 公共工事設計労務単価+必要経費(法定福利費の事業主負担額、労務管理費、宿舎費等)(試算値),2013-04,2013-04-01,mlit-roumu-h25,p16(横長の表) / p6(縦長の表),https://www.mlit.go.jp/common/000993048.pdf,PDL1.0,,
b31f77e0015c70de,JP,labor,労務単価,さく岩工,所定労働時間内8時間あたり,人日,pref,38,愛媛県,,,,17900,JPY,labor_wage_8h,published_pdl,25200,原本の下段(括弧書き): 公共工事設計労務単価+必要経費(法定福利費の事業主負担額、労務管理費、宿舎費等)(試算値),2013-04,2013-04-01,mlit-roumu-h25,p16(横長の表) / p6(縦長の表),https://www.mlit.go.jp/common/000993048.pdf,PDL1.0,,
561d7bc9f999e8c3,JP,labor,労務単価,トンネル特殊工,所定労働時間内8時間あたり,人日,pref,38,愛媛県,,,,21900,JPY,labor_wage_8h,published_pdl,30800,原本の下段(括弧書き): 公共工事設計労務単価+必要経費(法定福利費の事業主負担額、労務管理費、宿舎費等)(試算値),2013-04,2013-04-01,mlit-roumu-h25,p16(横長の表) / p6(縦長の表),https://www.mlit.go.jp/common/000993048.pdf,PDL1.0,,
626fa7956907b14d,JP,labor,労務単価,トンネル作業員,所定労働時間内8時間あたり,人日,pref,38,愛媛県,,,,18200,JPY,labor_wage_8h,published_pdl,25600,原本の下段(括弧書き): 公共工事設計労務単価+必要経費(法定福利費の事業主負担額、労務管理費、宿舎費等)(試算値),2013-04,2013-04-01,mlit-roumu-h25,p16(横長の表) / p6(縦長の表),https://www.mlit.go.jp/common/000993048.pdf,PDL1.0,,
c6c2b198cfbb3a32,JP,labor,労務単価,トンネル世話役,所定労働時間内8時間あたり,人日,pref,38,愛媛県,,,,23400,JPY,labor_wage_8h,published_pdl,32900,原本の下段(括弧書き): 公共工事設計労務単価+必要経費(法定福利費の事業主負担額、労務管理費、宿舎費等)(試算値),2013-04,2013-04-01,mlit-roumu-h25,p17(横長の表) / p7(縦長の表),https://www.mlit.go.jp/common/000993048.pdf,PDL1.0,,
c5a68af13d831aa5,JP,labor,労務単価,橋りょう特殊工,所定労働時間内8時間あたり,人日,pref,38,愛媛県,,,,20300,JPY,labor_wage_8h,published_pdl,28500,原本の下段(括弧書き): 公共工事設計労務単価+必要経費(法定福利費の事業主負担額、労務管理費、宿舎費等)(試算値),2013-04,2013-04-01,mlit-roumu-h25,p17(横長の表) / p7(縦長の表),https://www.mlit.go.jp/common/000993048.pdf,PDL1.0,,
3f73e22d0315a87f,JP,labor,労務単価,橋りょう塗装工,所定労働時間内8時間あたり,人日,pref,38,愛媛県,,,,21100,JPY,labor_wage_8h,published_pdl,29700,原本の下段(括弧書き): 公共工事設計労務単価+必要経費(法定福利費の事業主負担額、労務管理費、宿舎費等)(試算値),2013-04,2013-04-01,mlit-roumu-h25,p17(横長の表) / p7(縦長の表),https://www.mlit.go.jp/common/000993048.pdf,PDL1.0,,
85411e586162d067,JP,labor,労務単価,橋りょう世話役,所定労働時間内8時間あたり,人日,pref,38,愛媛県,,,,22100,JPY,labor_wage_8h,published_pdl,31100,原本の下段(括弧書き): 公共工事設計労務単価+必要経費(法定福利費の事業主負担額、労務管理費、宿舎費等)(試算値),2013-04,2013-04-01,mlit-roumu-h25,p17(横長の表) / p7(縦長の表),https://www.mlit.go.jp/common/000993048.pdf,PDL1.0,,
04ba5f97d5226597,JP,labor,労務単価,土木一般世話役,所定労働時間内8時間あたり,人日,pref,38,愛媛県,,,,18700,JPY,labor_wage_8h,published_pdl,26300,原本の下段(括弧書き): 公共工事設計労務単価+必要経費(法定福利費の事業主負担額、労務管理費、宿舎費等)(試算値),2013-04,2013-04-01,mlit-roumu-h25,p17(横長の表) / p7(縦長の表),https://www.mlit.go.jp/common/000993048.pdf,PDL1.0,,
f0856864925a545c,JP,labor,労務単価,高級船員,所定労働時間内8時間あたり,人日,pref,38,愛媛県,,,,25200,JPY,labor_wage_8h,published_pdl,35400,原本の下段(括弧書き): 公共工事設計労務単価+必要経費(法定福利費の事業主負担額、労務管理費、宿舎費等)(試算値),2013-04,2013-04-01,mlit-roumu-h25,p17(横長の表) / p7(縦長の表),https://www.mlit.go.jp/common/000993048.pdf,PDL1.0,,
37aeea195312b76c,JP,labor,労務単価,普通船員,所定労働時間内8時間あたり,人日,pref,38,愛媛県,,,,18700,JPY,labor_wage_8h,published_pdl,26300,原本の下段(括弧書き): 公共工事設計労務単価+必要経費(法定福利費の事業主負担額、労務管理費、宿舎費等)(試算値),2013-04,2013-04-01,mlit-roumu-h25,p17(横長の表) / p7(縦長の表),https://www.mlit.go.jp/common/000993048.pdf,PDL1.0,,
e4c198d9af027e41,JP,labor,労務単価,潜水士,所定労働時間内8時間あたり,人日,pref,38,愛媛県,,,,31500,JPY,labor_wage_8h,published_pdl,44300,原本の下段(括弧書き): 公共工事設計労務単価+必要経費(法定福利費の事業主負担額、労務管理費、宿舎費等)(試算値),2013-04,2013-04-01,mlit-roumu-h25,p17(横長の表) / p7(縦長の表),https://www.mlit.go.jp/common/000993048.pdf,PDL1.0,,
c2a65e8564d90c2f,JP,labor,労務単価,潜水連絡員,所定労働時間内8時間あたり,人日,pref,38,愛媛県,,,,,JPY,labor_wage_8h,not_set,,,2013-04,2013-04-01,mlit-roumu-h25,p17(横長の表) / p7(縦長の表),https://www.mlit.go.jp/common/000993048.pdf,PDL1.0,,原本の表で『-』(この都道府県ではこの職種の単価を設定していない)
5d13e27f2c53cb5d,JP,labor,労務単価,潜水送気員,所定労働時間内8時間あたり,人日,pref,38,愛媛県,,,,,JPY,labor_wage_8h,not_set,,,2013-04,2013-04-01,mlit-roumu-h25,p17(横長の表) / p7(縦長の表),https://www.mlit.go.jp/common/000993048.pdf,PDL1.0,,原本の表で『-』(この都道府県ではこの職種の単価を設定していない)
e14299a14ee0d56f,JP,labor,労務単価,山林砂防工,所定労働時間内8時間あたり,人日,pref,38,愛媛県,,,,18400,JPY,labor_wage_8h,published_pdl,25900,原本の下段(括弧書き): 公共工事設計労務単価+必要経費(法定福利費の事業主負担額、労務管理費、宿舎費等)(試算値),2013-04,2013-04-01,mlit-roumu-h25,p17(横長の表) / p8(縦長の表),https://www.mlit.go.jp/common/000993048.pdf,PDL1.0,,
cfd77aa1250c2af3,JP,labor,労務単価,軌道工,所定労働時間内8時間あたり,人日,pref,38,愛媛県,,,,25200,JPY,labor_wage_8h,published_pdl,35400,原本の下段(括弧書き): 公共工事設計労務単価+必要経費(法定福利費の事業主負担額、労務管理費、宿舎費等)(試算値),2013-04,2013-04-01,mlit-roumu-h25,p17(横長の表) / p8(縦長の表),https://www.mlit.go.jp/common/000993048.pdf,PDL1.0,,
217f40555cdc4b54,JP,labor,労務単価,型わく工,所定労働時間内8時間あたり,人日,pref,38,愛媛県,,,,16300,JPY,labor_wage_8h,published_pdl,22900,原本の下段(括弧書き): 公共工事設計労務単価+必要経費(法定福利費の事業主負担額、労務管理費、宿舎費等)(試算値),2013-04,2013-04-01,mlit-roumu-h25,p17(横長の表) / p8(縦長の表),https://www.mlit.go.jp/common/000993048.pdf,PDL1.0,,
e82ef5085ea25b2f,JP,labor,労務単価,大工,所定労働時間内8時間あたり,人日,pref,38,愛媛県,,,,17000,JPY,labor_wage_8h,published_pdl,23900,原本の下段(括弧書き): 公共工事設計労務単価+必要経費(法定福利費の事業主負担額、労務管理費、宿舎費等)(試算値),2013-04,2013-04-01,mlit-roumu-h25,p17(横長の表) / p8(縦長の表),https://www.mlit.go.jp/common/000993048.pdf,PDL1.0,,
a1c0001bdc481d78,JP,labor,労務単価,左官,所定労働時間内8時間あたり,人日,pref,38,愛媛県,,,,16900,JPY,labor_wage_8h,published_pdl,23800,原本の下段(括弧書き): 公共工事設計労務単価+必要経費(法定福利費の事業主負担額、労務管理費、宿舎費等)(試算値),2013-04,2013-04-01,mlit-roumu-h25,p17(横長の表) / p8(縦長の表),https://www.mlit.go.jp/common/000993048.pdf,PDL1.0,,
d2a19d30d8d264e4,JP,labor,労務単価,配管工,所定労働時間内8時間あたり,人日,pref,38,愛媛県,,,,15500,JPY,labor_wage_8h,published_pdl,21800,原本の下段(括弧書き): 公共工事設計労務単価+必要経費(法定福利費の事業主負担額、労務管理費、宿舎費等)(試算値),2013-04,2013-04-01,mlit-roumu-h25,p17(横長の表) / p8(縦長の表),https://www.mlit.go.jp/common/000993048.pdf,PDL1.0,,
63074d85d5a28d0a,JP,labor,労務単価,はつり工,所定労働時間内8時間あたり,人日,pref,38,愛媛県,,,,16200,JPY,labor_wage_8h,published_pdl,22800,原本の下段(括弧書き): 公共工事設計労務単価+必要経費(法定福利費の事業主負担額、労務管理費、宿舎費等)(試算値),2013-04,2013-04-01,mlit-roumu-h25,p17(横長の表) / p8(縦長の表),https://www.mlit.go.jp/common/000993048.pdf,PDL1.0,,
4a783711c2bc1d23,JP,labor,労務単価,防水工,所定労働時間内8時間あたり,人日,pref,38,愛媛県,,,,16700,JPY,labor_wage_8h,published_pdl,23500,原本の下段(括弧書き): 公共工事設計労務単価+必要経費(法定福利費の事業主負担額、労務管理費、宿舎費等)(試算値),2013-04,2013-04-01,mlit-roumu-h25,p17(横長の表) / p8(縦長の表),https://www.mlit.go.jp/common/000993048.pdf,PDL1.0,,
f9b334e8a424525a,JP,labor,労務単価,板金工,所定労働時間内8時間あたり,人日,pref,38,愛媛県,,,,,JPY,labor_wage_8h,not_set,,,2013-04,2013-04-01,mlit-roumu-h25,p17(横長の表) / p8(縦長の表),https://www.mlit.go.jp/common/000993048.pdf,PDL1.0,,原本の表で『-』(この都道府県ではこの職種の単価を設定していない)
b21ca9a6f31c88e5,JP,labor,労務単価,タイル工,所定労働時間内8時間あたり,人日,pref,38,愛媛県,,,,,JPY,labor_wage_8h,not_set,,,2013-04,2013-04-01,mlit-roumu-h25,p17(横長の表) / p8(縦長の表),https://www.mlit.go.jp/common/000993048.pdf,PDL1.0,,原本の表で『-』(この都道府県ではこの職種の単価を設定していない)
84ee75fe13fe1aa6,JP,labor,労務単価,サッシ工,所定労働時間内8時間あたり,人日,pref,38,愛媛県,,,,16600,JPY,labor_wage_8h,published_pdl,23300,原本の下段(括弧書き): 公共工事設計労務単価+必要経費(法定福利費の事業主負担額、労務管理費、宿舎費等)(試算値),2013-04,2013-04-01,mlit-roumu-h25,p18(横長の表) / p9(縦長の表),https://www.mlit.go.jp/common/000993048.pdf,PDL1.0,,
e5f05f5e6bf57234,JP,labor,労務単価,内装工,所定労働時間内8時間あたり,人日,pref,38,愛媛県,,,,18000,JPY,labor_wage_8h,published_pdl,25300,原本の下段(括弧書き): 公共工事設計労務単価+必要経費(法定福利費の事業主負担額、労務管理費、宿舎費等)(試算値),2013-04,2013-04-01,mlit-roumu-h25,p18(横長の表) / p9(縦長の表),https://www.mlit.go.jp/common/000993048.pdf,PDL1.0,,
ba8cb1a517ae5199,JP,labor,労務単価,ガラス工,所定労働時間内8時間あたり,人日,pref,38,愛媛県,,,,15500,JPY,labor_wage_8h,published_pdl,21800,原本の下段(括弧書き): 公共工事設計労務単価+必要経費(法定福利費の事業主負担額、労務管理費、宿舎費等)(試算値),2013-04,2013-04-01,mlit-roumu-h25,p18(横長の表) / p9(縦長の表),https://www.mlit.go.jp/common/000993048.pdf,PDL1.0,,
3af1f5b8fb5a24bd,JP,labor,労務単価,建具工,所定労働時間内8時間あたり,人日,pref,38,愛媛県,,,,,JPY,labor_wage_8h,not_set,,,2013-04,2013-04-01,mlit-roumu-h25,p18(横長の表) / p9(縦長の表),https://www.mlit.go.jp/common/000993048.pdf,PDL1.0,,原本の表で『-』(この都道府県ではこの職種の単価を設定していない)
be5eba7f6653ddbd,JP,labor,労務単価,ダクト工,所定労働時間内8時間あたり,人日,pref,38,愛媛県,,,,14800,JPY,labor_wage_8h,published_pdl,20800,原本の下段(括弧書き): 公共工事設計労務単価+必要経費(法定福利費の事業主負担額、労務管理費、宿舎費等)(試算値),2013-04,2013-04-01,mlit-roumu-h25,p18(横長の表) / p9(縦長の表),https://www.mlit.go.jp/common/000993048.pdf,PDL1.0,,
00cee282590808b8,JP,labor,労務単価,保温工,所定労働時間内8時間あたり,人日,pref,38,愛媛県,,,,17200,JPY,labor_wage_8h,published_pdl,24200,原本の下段(括弧書き): 公共工事設計労務単価+必要経費(法定福利費の事業主負担額、労務管理費、宿舎費等)(試算値),2013-04,2013-04-01,mlit-roumu-h25,p18(横長の表) / p9(縦長の表),https://www.mlit.go.jp/common/000993048.pdf,PDL1.0,,
38886755bd9d9b5b,JP,labor,労務単価,建築ブロック工,所定労働時間内8時間あたり,人日,pref,38,愛媛県,,,,,JPY,labor_wage_8h,not_set,,,2013-04,2013-04-01,mlit-roumu-h25,p18(横長の表) / p9(縦長の表),https://www.mlit.go.jp/common/000993048.pdf,PDL1.0,,原本の表で『-』(この都道府県ではこの職種の単価を設定していない)
4b40b35038388ff9,JP,labor,労務単価,設備機械工,所定労働時間内8時間あたり,人日,pref,38,愛媛県,,,,16400,JPY,labor_wage_8h,published_pdl,23100,原本の下段(括弧書き): 公共工事設計労務単価+必要経費(法定福利費の事業主負担額、労務管理費、宿舎費等)(試算値),2013-04,2013-04-01,mlit-roumu-h25,p18(横長の表) / p9(縦長の表),https://www.mlit.go.jp/common/000993048.pdf,PDL1.0,,
0ca4d84e0aa10276,JP,labor,労務単価,交通誘導員Ａ,所定労働時間内8時間あたり,人日,pref,38,愛媛県,,,,9000,JPY,labor_wage_8h,published_pdl,12700,原本の下段(括弧書き): 公共工事設計労務単価+必要経費(法定福利費の事業主負担額、労務管理費、宿舎費等)(試算値),2013-04,2013-04-01,mlit-roumu-h25,p18(横長の表) / p9(縦長の表),https://www.mlit.go.jp/common/000993048.pdf,PDL1.0,,
fb8ccde72ea71d1c,JP,labor,労務単価,交通誘導員Ｂ,所定労働時間内8時間あたり,人日,pref,38,愛媛県,,,,8100,JPY,labor_wage_8h,published_pdl,11400,原本の下段(括弧書き): 公共工事設計労務単価+必要経費(法定福利費の事業主負担額、労務管理費、宿舎費等)(試算値),2013-04,2013-04-01,mlit-roumu-h25,p18(横長の表) / p9(縦長の表),https://www.mlit.go.jp/common/000993048.pdf,PDL1.0,,
5847a1ac797222bf,JP,labor,労務単価,特殊作業員,所定労働時間内8時間あたり,人日,pref,39,高知県,,,,16100,JPY,labor_wage_8h,published_pdl,22600,原本の下段(括弧書き): 公共工事設計労務単価+必要経費(法定福利費の事業主負担額、労務管理費、宿舎費等)(試算値),2013-04,2013-04-01,mlit-roumu-h25,p16(横長の表) / p5(縦長の表),https://www.mlit.go.jp/common/000993048.pdf,PDL1.0,,
56dd9938cfbfb28f,JP,labor,労務単価,普通作業員,所定労働時間内8時間あたり,人日,pref,39,高知県,,,,13700,JPY,labor_wage_8h,published_pdl,19300,原本の下段(括弧書き): 公共工事設計労務単価+必要経費(法定福利費の事業主負担額、労務管理費、宿舎費等)(試算値),2013-04,2013-04-01,mlit-roumu-h25,p16(横長の表) / p5(縦長の表),https://www.mlit.go.jp/common/000993048.pdf,PDL1.0,,
349f0587c1be4068,JP,labor,労務単価,軽作業員,所定労働時間内8時間あたり,人日,pref,39,高知県,,,,11500,JPY,labor_wage_8h,published_pdl,16200,原本の下段(括弧書き): 公共工事設計労務単価+必要経費(法定福利費の事業主負担額、労務管理費、宿舎費等)(試算値),2013-04,2013-04-01,mlit-roumu-h25,p16(横長の表) / p5(縦長の表),https://www.mlit.go.jp/common/000993048.pdf,PDL1.0,,
c4c833a4a092bdb9,JP,labor,労務単価,造園工,所定労働時間内8時間あたり,人日,pref,39,高知県,,,,16000,JPY,labor_wage_8h,published_pdl,22500,原本の下段(括弧書き): 公共工事設計労務単価+必要経費(法定福利費の事業主負担額、労務管理費、宿舎費等)(試算値),2013-04,2013-04-01,mlit-roumu-h25,p16(横長の表) / p5(縦長の表),https://www.mlit.go.jp/common/000993048.pdf,PDL1.0,,
85e728003bbd4227,JP,labor,労務単価,法面工,所定労働時間内8時間あたり,人日,pref,39,高知県,,,,19500,JPY,labor_wage_8h,published_pdl,27400,原本の下段(括弧書き): 公共工事設計労務単価+必要経費(法定福利費の事業主負担額、労務管理費、宿舎費等)(試算値),2013-04,2013-04-01,mlit-roumu-h25,p16(横長の表) / p5(縦長の表),https://www.mlit.go.jp/common/000993048.pdf,PDL1.0,,
56aa5bf91ee631e9,JP,labor,労務単価,とび工,所定労働時間内8時間あたり,人日,pref,39,高知県,,,,16200,JPY,labor_wage_8h,published_pdl,22800,原本の下段(括弧書き): 公共工事設計労務単価+必要経費(法定福利費の事業主負担額、労務管理費、宿舎費等)(試算値),2013-04,2013-04-01,mlit-roumu-h25,p16(横長の表) / p5(縦長の表),https://www.mlit.go.jp/common/000993048.pdf,PDL1.0,,
11462c3732fd7109,JP,labor,労務単価,石工,所定労働時間内8時間あたり,人日,pref,39,高知県,,,,,JPY,labor_wage_8h,not_set,,,2013-04,2013-04-01,mlit-roumu-h25,p16(横長の表) / p5(縦長の表),https://www.mlit.go.jp/common/000993048.pdf,PDL1.0,,原本の表で『-』(この都道府県ではこの職種の単価を設定していない)
f26c6f59455f56ea,JP,labor,労務単価,ブロック工,所定労働時間内8時間あたり,人日,pref,39,高知県,,,,23800,JPY,labor_wage_8h,published_pdl,33500,原本の下段(括弧書き): 公共工事設計労務単価+必要経費(法定福利費の事業主負担額、労務管理費、宿舎費等)(試算値),2013-04,2013-04-01,mlit-roumu-h25,p16(横長の表) / p5(縦長の表),https://www.mlit.go.jp/common/000993048.pdf,PDL1.0,,
a729a718041327d0,JP,labor,労務単価,電工,所定労働時間内8時間あたり,人日,pref,39,高知県,,,,16500,JPY,labor_wage_8h,published_pdl,23200,原本の下段(括弧書き): 公共工事設計労務単価+必要経費(法定福利費の事業主負担額、労務管理費、宿舎費等)(試算値),2013-04,2013-04-01,mlit-roumu-h25,p16(横長の表) / p5(縦長の表),https://www.mlit.go.jp/common/000993048.pdf,PDL1.0,,
1a4ced9dc145c3c9,JP,labor,労務単価,鉄筋工,所定労働時間内8時間あたり,人日,pref,39,高知県,,,,15200,JPY,labor_wage_8h,published_pdl,21400,原本の下段(括弧書き): 公共工事設計労務単価+必要経費(法定福利費の事業主負担額、労務管理費、宿舎費等)(試算値),2013-04,2013-04-01,mlit-roumu-h25,p16(横長の表) / p5(縦長の表),https://www.mlit.go.jp/common/000993048.pdf,PDL1.0,,
cbf794ac0b78c7bf,JP,labor,労務単価,鉄骨工,所定労働時間内8時間あたり,人日,pref,39,高知県,,,,16000,JPY,labor_wage_8h,published_pdl,22500,原本の下段(括弧書き): 公共工事設計労務単価+必要経費(法定福利費の事業主負担額、労務管理費、宿舎費等)(試算値),2013-04,2013-04-01,mlit-roumu-h25,p16(横長の表) / p6(縦長の表),https://www.mlit.go.jp/common/000993048.pdf,PDL1.0,,
c0ad2ef6dc22074f,JP,labor,労務単価,塗装工,所定労働時間内8時間あたり,人日,pref,39,高知県,,,,15700,JPY,labor_wage_8h,published_pdl,22100,原本の下段(括弧書き): 公共工事設計労務単価+必要経費(法定福利費の事業主負担額、労務管理費、宿舎費等)(試算値),2013-04,2013-04-01,mlit-roumu-h25,p16(横長の表) / p6(縦長の表),https://www.mlit.go.jp/common/000993048.pdf,PDL1.0,,
110fd6a9f70dd0be,JP,labor,労務単価,溶接工,所定労働時間内8時間あたり,人日,pref,39,高知県,,,,18300,JPY,labor_wage_8h,published_pdl,25700,原本の下段(括弧書き): 公共工事設計労務単価+必要経費(法定福利費の事業主負担額、労務管理費、宿舎費等)(試算値),2013-04,2013-04-01,mlit-roumu-h25,p16(横長の表) / p6(縦長の表),https://www.mlit.go.jp/common/000993048.pdf,PDL1.0,,
051bbd1b05dae910,JP,labor,労務単価,運転手（特殊）,所定労働時間内8時間あたり,人日,pref,39,高知県,,,,16500,JPY,labor_wage_8h,published_pdl,23200,原本の下段(括弧書き): 公共工事設計労務単価+必要経費(法定福利費の事業主負担額、労務管理費、宿舎費等)(試算値),2013-04,2013-04-01,mlit-roumu-h25,p16(横長の表) / p6(縦長の表),https://www.mlit.go.jp/common/000993048.pdf,PDL1.0,,
eaa61b640a843593,JP,labor,労務単価,運転手（一般）,所定労働時間内8時間あたり,人日,pref,39,高知県,,,,14700,JPY,labor_wage_8h,published_pdl,20700,原本の下段(括弧書き): 公共工事設計労務単価+必要経費(法定福利費の事業主負担額、労務管理費、宿舎費等)(試算値),2013-04,2013-04-01,mlit-roumu-h25,p16(横長の表) / p6(縦長の表),https://www.mlit.go.jp/common/000993048.pdf,PDL1.0,,
9f94c07109fc9933,JP,labor,労務単価,潜かん工,所定労働時間内8時間あたり,人日,pref,39,高知県,,,,24100,JPY,labor_wage_8h,published_pdl,33900,原本の下段(括弧書き): 公共工事設計労務単価+必要経費(法定福利費の事業主負担額、労務管理費、宿舎費等)(試算値),2013-04,2013-04-01,mlit-roumu-h25,p16(横長の表) / p6(縦長の表),https://www.mlit.go.jp/common/000993048.pdf,PDL1.0,,
05c1f8c02bc52f27,JP,labor,労務単価,潜かん世話役,所定労働時間内8時間あたり,人日,pref,39,高知県,,,,28600,JPY,labor_wage_8h,published_pdl,40200,原本の下段(括弧書き): 公共工事設計労務単価+必要経費(法定福利費の事業主負担額、労務管理費、宿舎費等)(試算値),2013-04,2013-04-01,mlit-roumu-h25,p16(横長の表) / p6(縦長の表),https://www.mlit.go.jp/common/000993048.pdf,PDL1.0,,
da1cac571fa25036,JP,labor,労務単価,さく岩工,所定労働時間内8時間あたり,人日,pref,39,高知県,,,,17900,JPY,labor_wage_8h,published_pdl,25200,原本の下段(括弧書き): 公共工事設計労務単価+必要経費(法定福利費の事業主負担額、労務管理費、宿舎費等)(試算値),2013-04,2013-04-01,mlit-roumu-h25,p16(横長の表) / p6(縦長の表),https://www.mlit.go.jp/common/000993048.pdf,PDL1.0,,
366e5c591185462c,JP,labor,労務単価,トンネル特殊工,所定労働時間内8時間あたり,人日,pref,39,高知県,,,,21700,JPY,labor_wage_8h,published_pdl,30500,原本の下段(括弧書き): 公共工事設計労務単価+必要経費(法定福利費の事業主負担額、労務管理費、宿舎費等)(試算値),2013-04,2013-04-01,mlit-roumu-h25,p16(横長の表) / p6(縦長の表),https://www.mlit.go.jp/common/000993048.pdf,PDL1.0,,
13701988a0cad39b,JP,labor,労務単価,トンネル作業員,所定労働時間内8時間あたり,人日,pref,39,高知県,,,,18200,JPY,labor_wage_8h,published_pdl,25600,原本の下段(括弧書き): 公共工事設計労務単価+必要経費(法定福利費の事業主負担額、労務管理費、宿舎費等)(試算値),2013-04,2013-04-01,mlit-roumu-h25,p16(横長の表) / p6(縦長の表),https://www.mlit.go.jp/common/000993048.pdf,PDL1.0,,
8f8f3d003a596889,JP,labor,労務単価,トンネル世話役,所定労働時間内8時間あたり,人日,pref,39,高知県,,,,23400,JPY,labor_wage_8h,published_pdl,32900,原本の下段(括弧書き): 公共工事設計労務単価+必要経費(法定福利費の事業主負担額、労務管理費、宿舎費等)(試算値),2013-04,2013-04-01,mlit-roumu-h25,p17(横長の表) / p7(縦長の表),https://www.mlit.go.jp/common/000993048.pdf,PDL1.0,,
7818b7e582bb6324,JP,labor,労務単価,橋りょう特殊工,所定労働時間内8時間あたり,人日,pref,39,高知県,,,,20300,JPY,labor_wage_8h,published_pdl,28500,原本の下段(括弧書き): 公共工事設計労務単価+必要経費(法定福利費の事業主負担額、労務管理費、宿舎費等)(試算値),2013-04,2013-04-01,mlit-roumu-h25,p17(横長の表) / p7(縦長の表),https://www.mlit.go.jp/common/000993048.pdf,PDL1.0,,
90b7623066ac4e48,JP,labor,労務単価,橋りょう塗装工,所定労働時間内8時間あたり,人日,pref,39,高知県,,,,21100,JPY,labor_wage_8h,published_pdl,29700,原本の下段(括弧書き): 公共工事設計労務単価+必要経費(法定福利費の事業主負担額、労務管理費、宿舎費等)(試算値),2013-04,2013-04-01,mlit-roumu-h25,p17(横長の表) / p7(縦長の表),https://www.mlit.go.jp/common/000993048.pdf,PDL1.0,,
498c196bab2c3bb7,JP,labor,労務単価,橋りょう世話役,所定労働時間内8時間あたり,人日,pref,39,高知県,,,,22400,JPY,labor_wage_8h,published_pdl,31500,原本の下段(括弧書き): 公共工事設計労務単価+必要経費(法定福利費の事業主負担額、労務管理費、宿舎費等)(試算値),2013-04,2013-04-01,mlit-roumu-h25,p17(横長の表) / p7(縦長の表),https://www.mlit.go.jp/common/000993048.pdf,PDL1.0,,
dd74fc62fe8b8af1,JP,labor,労務単価,土木一般世話役,所定労働時間内8時間あたり,人日,pref,39,高知県,,,,17800,JPY,labor_wage_8h,published_pdl,25000,原本の下段(括弧書き): 公共工事設計労務単価+必要経費(法定福利費の事業主負担額、労務管理費、宿舎費等)(試算値),2013-04,2013-04-01,mlit-roumu-h25,p17(横長の表) / p7(縦長の表),https://www.mlit.go.jp/common/000993048.pdf,PDL1.0,,
6183aa059b671317,JP,labor,労務単価,高級船員,所定労働時間内8時間あたり,人日,pref,39,高知県,,,,25200,JPY,labor_wage_8h,published_pdl,35400,原本の下段(括弧書き): 公共工事設計労務単価+必要経費(法定福利費の事業主負担額、労務管理費、宿舎費等)(試算値),2013-04,2013-04-01,mlit-roumu-h25,p17(横長の表) / p7(縦長の表),https://www.mlit.go.jp/common/000993048.pdf,PDL1.0,,
47a9551ee71b7ac2,JP,labor,労務単価,普通船員,所定労働時間内8時間あたり,人日,pref,39,高知県,,,,18700,JPY,labor_wage_8h,published_pdl,26300,原本の下段(括弧書き): 公共工事設計労務単価+必要経費(法定福利費の事業主負担額、労務管理費、宿舎費等)(試算値),2013-04,2013-04-01,mlit-roumu-h25,p17(横長の表) / p7(縦長の表),https://www.mlit.go.jp/common/000993048.pdf,PDL1.0,,
104dadfc5788ae52,JP,labor,労務単価,潜水士,所定労働時間内8時間あたり,人日,pref,39,高知県,,,,31200,JPY,labor_wage_8h,published_pdl,43900,原本の下段(括弧書き): 公共工事設計労務単価+必要経費(法定福利費の事業主負担額、労務管理費、宿舎費等)(試算値),2013-04,2013-04-01,mlit-roumu-h25,p17(横長の表) / p7(縦長の表),https://www.mlit.go.jp/common/000993048.pdf,PDL1.0,,
b1a5b1df6d58c0e2,JP,labor,労務単価,潜水連絡員,所定労働時間内8時間あたり,人日,pref,39,高知県,,,,,JPY,labor_wage_8h,not_set,,,2013-04,2013-04-01,mlit-roumu-h25,p17(横長の表) / p7(縦長の表),https://www.mlit.go.jp/common/000993048.pdf,PDL1.0,,原本の表で『-』(この都道府県ではこの職種の単価を設定していない)
8eecfe0f353a2dad,JP,labor,労務単価,潜水送気員,所定労働時間内8時間あたり,人日,pref,39,高知県,,,,,JPY,labor_wage_8h,not_set,,,2013-04,2013-04-01,mlit-roumu-h25,p17(横長の表) / p7(縦長の表),https://www.mlit.go.jp/common/000993048.pdf,PDL1.0,,原本の表で『-』(この都道府県ではこの職種の単価を設定していない)
da375b11a9d56cf3,JP,labor,労務単価,山林砂防工,所定労働時間内8時間あたり,人日,pref,39,高知県,,,,18300,JPY,labor_wage_8h,published_pdl,25700,原本の下段(括弧書き): 公共工事設計労務単価+必要経費(法定福利費の事業主負担額、労務管理費、宿舎費等)(試算値),2013-04,2013-04-01,mlit-roumu-h25,p17(横長の表) / p8(縦長の表),https://www.mlit.go.jp/common/000993048.pdf,PDL1.0,,
56f8003320728c66,JP,labor,労務単価,軌道工,所定労働時間内8時間あたり,人日,pref,39,高知県,,,,25100,JPY,labor_wage_8h,published_pdl,35300,原本の下段(括弧書き): 公共工事設計労務単価+必要経費(法定福利費の事業主負担額、労務管理費、宿舎費等)(試算値),2013-04,2013-04-01,mlit-roumu-h25,p17(横長の表) / p8(縦長の表),https://www.mlit.go.jp/common/000993048.pdf,PDL1.0,,
38a1d3bf569b96af,JP,labor,労務単価,型わく工,所定労働時間内8時間あたり,人日,pref,39,高知県,,,,15900,JPY,labor_wage_8h,published_pdl,22400,原本の下段(括弧書き): 公共工事設計労務単価+必要経費(法定福利費の事業主負担額、労務管理費、宿舎費等)(試算値),2013-04,2013-04-01,mlit-roumu-h25,p17(横長の表) / p8(縦長の表),https://www.mlit.go.jp/common/000993048.pdf,PDL1.0,,
f0adb29567000800,JP,labor,労務単価,大工,所定労働時間内8時間あたり,人日,pref,39,高知県,,,,17000,JPY,labor_wage_8h,published_pdl,23900,原本の下段(括弧書き): 公共工事設計労務単価+必要経費(法定福利費の事業主負担額、労務管理費、宿舎費等)(試算値),2013-04,2013-04-01,mlit-roumu-h25,p17(横長の表) / p8(縦長の表),https://www.mlit.go.jp/common/000993048.pdf,PDL1.0,,
225d6998bee5795a,JP,labor,労務単価,左官,所定労働時間内8時間あたり,人日,pref,39,高知県,,,,16800,JPY,labor_wage_8h,published_pdl,23600,原本の下段(括弧書き): 公共工事設計労務単価+必要経費(法定福利費の事業主負担額、労務管理費、宿舎費等)(試算値),2013-04,2013-04-01,mlit-roumu-h25,p17(横長の表) / p8(縦長の表),https://www.mlit.go.jp/common/000993048.pdf,PDL1.0,,
b7e313f800c69e28,JP,labor,労務単価,配管工,所定労働時間内8時間あたり,人日,pref,39,高知県,,,,15400,JPY,labor_wage_8h,published_pdl,21700,原本の下段(括弧書き): 公共工事設計労務単価+必要経費(法定福利費の事業主負担額、労務管理費、宿舎費等)(試算値),2013-04,2013-04-01,mlit-roumu-h25,p17(横長の表) / p8(縦長の表),https://www.mlit.go.jp/common/000993048.pdf,PDL1.0,,
59aaf99afd675c5e,JP,labor,労務単価,はつり工,所定労働時間内8時間あたり,人日,pref,39,高知県,,,,16000,JPY,labor_wage_8h,published_pdl,22500,原本の下段(括弧書き): 公共工事設計労務単価+必要経費(法定福利費の事業主負担額、労務管理費、宿舎費等)(試算値),2013-04,2013-04-01,mlit-roumu-h25,p17(横長の表) / p8(縦長の表),https://www.mlit.go.jp/common/000993048.pdf,PDL1.0,,
0879d857f582711d,JP,labor,労務単価,防水工,所定労働時間内8時間あたり,人日,pref,39,高知県,,,,16600,JPY,labor_wage_8h,published_pdl,23300,原本の下段(括弧書き): 公共工事設計労務単価+必要経費(法定福利費の事業主負担額、労務管理費、宿舎費等)(試算値),2013-04,2013-04-01,mlit-roumu-h25,p17(横長の表) / p8(縦長の表),https://www.mlit.go.jp/common/000993048.pdf,PDL1.0,,
509adc2e7a8b6fa0,JP,labor,労務単価,板金工,所定労働時間内8時間あたり,人日,pref,39,高知県,,,,,JPY,labor_wage_8h,not_set,,,2013-04,2013-04-01,mlit-roumu-h25,p17(横長の表) / p8(縦長の表),https://www.mlit.go.jp/common/000993048.pdf,PDL1.0,,原本の表で『-』(この都道府県ではこの職種の単価を設定していない)
d6b24195808030e7,JP,labor,労務単価,タイル工,所定労働時間内8時間あたり,人日,pref,39,高知県,,,,,JPY,labor_wage_8h,not_set,,,2013-04,2013-04-01,mlit-roumu-h25,p17(横長の表) / p8(縦長の表),https://www.mlit.go.jp/common/000993048.pdf,PDL1.0,,原本の表で『-』(この都道府県ではこの職種の単価を設定していない)
874e8cff9ff52735,JP,labor,労務単価,サッシ工,所定労働時間内8時間あたり,人日,pref,39,高知県,,,,16600,JPY,labor_wage_8h,published_pdl,23300,原本の下段(括弧書き): 公共工事設計労務単価+必要経費(法定福利費の事業主負担額、労務管理費、宿舎費等)(試算値),2013-04,2013-04-01,mlit-roumu-h25,p18(横長の表) / p9(縦長の表),https://www.mlit.go.jp/common/000993048.pdf,PDL1.0,,
0946ae6ceb1c1f49,JP,labor,労務単価,内装工,所定労働時間内8時間あたり,人日,pref,39,高知県,,,,17900,JPY,labor_wage_8h,published_pdl,25200,原本の下段(括弧書き): 公共工事設計労務単価+必要経費(法定福利費の事業主負担額、労務管理費、宿舎費等)(試算値),2013-04,2013-04-01,mlit-roumu-h25,p18(横長の表) / p9(縦長の表),https://www.mlit.go.jp/common/000993048.pdf,PDL1.0,,
76c5133713f85b3d,JP,labor,労務単価,ガラス工,所定労働時間内8時間あたり,人日,pref,39,高知県,,,,15500,JPY,labor_wage_8h,published_pdl,21800,原本の下段(括弧書き): 公共工事設計労務単価+必要経費(法定福利費の事業主負担額、労務管理費、宿舎費等)(試算値),2013-04,2013-04-01,mlit-roumu-h25,p18(横長の表) / p9(縦長の表),https://www.mlit.go.jp/common/000993048.pdf,PDL1.0,,
643e60ab484fc591,JP,labor,労務単価,建具工,所定労働時間内8時間あたり,人日,pref,39,高知県,,,,,JPY,labor_wage_8h,not_set,,,2013-04,2013-04-01,mlit-roumu-h25,p18(横長の表) / p9(縦長の表),https://www.mlit.go.jp/common/000993048.pdf,PDL1.0,,原本の表で『-』(この都道府県ではこの職種の単価を設定していない)
17f9eea45f5e6e54,JP,labor,労務単価,ダクト工,所定労働時間内8時間あたり,人日,pref,39,高知県,,,,14700,JPY,labor_wage_8h,published_pdl,20700,原本の下段(括弧書き): 公共工事設計労務単価+必要経費(法定福利費の事業主負担額、労務管理費、宿舎費等)(試算値),2013-04,2013-04-01,mlit-roumu-h25,p18(横長の表) / p9(縦長の表),https://www.mlit.go.jp/common/000993048.pdf,PDL1.0,,
4692de47c6d99718,JP,labor,労務単価,保温工,所定労働時間内8時間あたり,人日,pref,39,高知県,,,,17200,JPY,labor_wage_8h,published_pdl,24200,原本の下段(括弧書き): 公共工事設計労務単価+必要経費(法定福利費の事業主負担額、労務管理費、宿舎費等)(試算値),2013-04,2013-04-01,mlit-roumu-h25,p18(横長の表) / p9(縦長の表),https://www.mlit.go.jp/common/000993048.pdf,PDL1.0,,
73e0e068e76fcb1e,JP,labor,労務単価,建築ブロック工,所定労働時間内8時間あたり,人日,pref,39,高知県,,,,,JPY,labor_wage_8h,not_set,,,2013-04,2013-04-01,mlit-roumu-h25,p18(横長の表) / p9(縦長の表),https://www.mlit.go.jp/common/000993048.pdf,PDL1.0,,原本の表で『-』(この都道府県ではこの職種の単価を設定していない)
e772b610d8a04cef,JP,labor,労務単価,設備機械工,所定労働時間内8時間あたり,人日,pref,39,高知県,,,,16500,JPY,labor_wage_8h,published_pdl,23200,原本の下段(括弧書き): 公共工事設計労務単価+必要経費(法定福利費の事業主負担額、労務管理費、宿舎費等)(試算値),2013-04,2013-04-01,mlit-roumu-h25,p18(横長の表) / p9(縦長の表),https://www.mlit.go.jp/common/000993048.pdf,PDL1.0,,
8f51f9804c433619,JP,labor,労務単価,交通誘導員Ａ,所定労働時間内8時間あたり,人日,pref,39,高知県,,,,8500,JPY,labor_wage_8h,published_pdl,12000,原本の下段(括弧書き): 公共工事設計労務単価+必要経費(法定福利費の事業主負担額、労務管理費、宿舎費等)(試算値),2013-04,2013-04-01,mlit-roumu-h25,p18(横長の表) / p9(縦長の表),https://www.mlit.go.jp/common/000993048.pdf,PDL1.0,,
7fa29abce4bb4f8d,JP,labor,労務単価,交通誘導員Ｂ,所定労働時間内8時間あたり,人日,pref,39,高知県,,,,7700,JPY,labor_wage_8h,published_pdl,10800,原本の下段(括弧書き): 公共工事設計労務単価+必要経費(法定福利費の事業主負担額、労務管理費、宿舎費等)(試算値),2013-04,2013-04-01,mlit-roumu-h25,p18(横長の表) / p9(縦長の表),https://www.mlit.go.jp/common/000993048.pdf,PDL1.0,,
9a4d30703a2ce7af,JP,labor,労務単価,特殊作業員,所定労働時間内8時間あたり,人日,pref,40,福岡県,,,,17000,JPY,labor_wage_8h,published_pdl,23900,原本の下段(括弧書き): 公共工事設計労務単価+必要経費(法定福利費の事業主負担額、労務管理費、宿舎費等)(試算値),2013-04,2013-04-01,mlit-roumu-h25,p16(横長の表) / p5(縦長の表),https://www.mlit.go.jp/common/000993048.pdf,PDL1.0,,
22c41689a87d04b4,JP,labor,労務単価,普通作業員,所定労働時間内8時間あたり,人日,pref,40,福岡県,,,,14500,JPY,labor_wage_8h,published_pdl,20400,原本の下段(括弧書き): 公共工事設計労務単価+必要経費(法定福利費の事業主負担額、労務管理費、宿舎費等)(試算値),2013-04,2013-04-01,mlit-roumu-h25,p16(横長の表) / p5(縦長の表),https://www.mlit.go.jp/common/000993048.pdf,PDL1.0,,
132dde140e3bad9a,JP,labor,労務単価,軽作業員,所定労働時間内8時間あたり,人日,pref,40,福岡県,,,,10500,JPY,labor_wage_8h,published_pdl,14800,原本の下段(括弧書き): 公共工事設計労務単価+必要経費(法定福利費の事業主負担額、労務管理費、宿舎費等)(試算値),2013-04,2013-04-01,mlit-roumu-h25,p16(横長の表) / p5(縦長の表),https://www.mlit.go.jp/common/000993048.pdf,PDL1.0,,
4e66878b50ee4ac4,JP,labor,労務単価,造園工,所定労働時間内8時間あたり,人日,pref,40,福岡県,,,,15400,JPY,labor_wage_8h,published_pdl,21700,原本の下段(括弧書き): 公共工事設計労務単価+必要経費(法定福利費の事業主負担額、労務管理費、宿舎費等)(試算値),2013-04,2013-04-01,mlit-roumu-h25,p16(横長の表) / p5(縦長の表),https://www.mlit.go.jp/common/000993048.pdf,PDL1.0,,
c5096494035b6e49,JP,labor,労務単価,法面工,所定労働時間内8時間あたり,人日,pref,40,福岡県,,,,17200,JPY,labor_wage_8h,published_pdl,24200,原本の下段(括弧書き): 公共工事設計労務単価+必要経費(法定福利費の事業主負担額、労務管理費、宿舎費等)(試算値),2013-04,2013-04-01,mlit-roumu-h25,p16(横長の表) / p5(縦長の表),https://www.mlit.go.jp/common/000993048.pdf,PDL1.0,,
1bd9e755dff4772f,JP,labor,労務単価,とび工,所定労働時間内8時間あたり,人日,pref,40,福岡県,,,,16700,JPY,labor_wage_8h,published_pdl,23500,原本の下段(括弧書き): 公共工事設計労務単価+必要経費(法定福利費の事業主負担額、労務管理費、宿舎費等)(試算値),2013-04,2013-04-01,mlit-roumu-h25,p16(横長の表) / p5(縦長の表),https://www.mlit.go.jp/common/000993048.pdf,PDL1.0,,
13ff02eeef6d21c2,JP,labor,労務単価,石工,所定労働時間内8時間あたり,人日,pref,40,福岡県,,,,19500,JPY,labor_wage_8h,published_pdl,27400,原本の下段(括弧書き): 公共工事設計労務単価+必要経費(法定福利費の事業主負担額、労務管理費、宿舎費等)(試算値),2013-04,2013-04-01,mlit-roumu-h25,p16(横長の表) / p5(縦長の表),https://www.mlit.go.jp/common/000993048.pdf,PDL1.0,,
e6a9c6796e70eef1,JP,labor,労務単価,ブロック工,所定労働時間内8時間あたり,人日,pref,40,福岡県,,,,18800,JPY,labor_wage_8h,published_pdl,26400,原本の下段(括弧書き): 公共工事設計労務単価+必要経費(法定福利費の事業主負担額、労務管理費、宿舎費等)(試算値),2013-04,2013-04-01,mlit-roumu-h25,p16(横長の表) / p5(縦長の表),https://www.mlit.go.jp/common/000993048.pdf,PDL1.0,,
fd756a0eb2f6df54,JP,labor,労務単価,電工,所定労働時間内8時間あたり,人日,pref,40,福岡県,,,,16300,JPY,labor_wage_8h,published_pdl,22900,原本の下段(括弧書き): 公共工事設計労務単価+必要経費(法定福利費の事業主負担額、労務管理費、宿舎費等)(試算値),2013-04,2013-04-01,mlit-roumu-h25,p16(横長の表) / p5(縦長の表),https://www.mlit.go.jp/common/000993048.pdf,PDL1.0,,
c05236996c2cffbc,JP,labor,労務単価,鉄筋工,所定労働時間内8時間あたり,人日,pref,40,福岡県,,,,16100,JPY,labor_wage_8h,published_pdl,22600,原本の下段(括弧書き): 公共工事設計労務単価+必要経費(法定福利費の事業主負担額、労務管理費、宿舎費等)(試算値),2013-04,2013-04-01,mlit-roumu-h25,p16(横長の表) / p5(縦長の表),https://www.mlit.go.jp/common/000993048.pdf,PDL1.0,,
574e1bbb34454c4f,JP,labor,労務単価,鉄骨工,所定労働時間内8時間あたり,人日,pref,40,福岡県,,,,14600,JPY,labor_wage_8h,published_pdl,20500,原本の下段(括弧書き): 公共工事設計労務単価+必要経費(法定福利費の事業主負担額、労務管理費、宿舎費等)(試算値),2013-04,2013-04-01,mlit-roumu-h25,p16(横長の表) / p6(縦長の表),https://www.mlit.go.jp/common/000993048.pdf,PDL1.0,,
8694c1312391224c,JP,labor,労務単価,塗装工,所定労働時間内8時間あたり,人日,pref,40,福岡県,,,,16100,JPY,labor_wage_8h,published_pdl,22600,原本の下段(括弧書き): 公共工事設計労務単価+必要経費(法定福利費の事業主負担額、労務管理費、宿舎費等)(試算値),2013-04,2013-04-01,mlit-roumu-h25,p16(横長の表) / p6(縦長の表),https://www.mlit.go.jp/common/000993048.pdf,PDL1.0,,
8aac5acdd548dbaf,JP,labor,労務単価,溶接工,所定労働時間内8時間あたり,人日,pref,40,福岡県,,,,16700,JPY,labor_wage_8h,published_pdl,23500,原本の下段(括弧書き): 公共工事設計労務単価+必要経費(法定福利費の事業主負担額、労務管理費、宿舎費等)(試算値),2013-04,2013-04-01,mlit-roumu-h25,p16(横長の表) / p6(縦長の表),https://www.mlit.go.jp/common/000993048.pdf,PDL1.0,,
7d0dd707fd580aaa,JP,labor,労務単価,運転手（特殊）,所定労働時間内8時間あたり,人日,pref,40,福岡県,,,,16400,JPY,labor_wage_8h,published_pdl,23100,原本の下段(括弧書き): 公共工事設計労務単価+必要経費(法定福利費の事業主負担額、労務管理費、宿舎費等)(試算値),2013-04,2013-04-01,mlit-roumu-h25,p16(横長の表) / p6(縦長の表),https://www.mlit.go.jp/common/000993048.pdf,PDL1.0,,
56189485f54abc27,JP,labor,労務単価,運転手（一般）,所定労働時間内8時間あたり,人日,pref,40,福岡県,,,,13700,JPY,labor_wage_8h,published_pdl,19300,原本の下段(括弧書き): 公共工事設計労務単価+必要経費(法定福利費の事業主負担額、労務管理費、宿舎費等)(試算値),2013-04,2013-04-01,mlit-roumu-h25,p16(横長の表) / p6(縦長の表),https://www.mlit.go.jp/common/000993048.pdf,PDL1.0,,
be53d4401a0460f2,JP,labor,労務単価,潜かん工,所定労働時間内8時間あたり,人日,pref,40,福岡県,,,,23900,JPY,labor_wage_8h,published_pdl,33600,原本の下段(括弧書き): 公共工事設計労務単価+必要経費(法定福利費の事業主負担額、労務管理費、宿舎費等)(試算値),2013-04,2013-04-01,mlit-roumu-h25,p16(横長の表) / p6(縦長の表),https://www.mlit.go.jp/common/000993048.pdf,PDL1.0,,
6b8a4afd58f48fc1,JP,labor,労務単価,潜かん世話役,所定労働時間内8時間あたり,人日,pref,40,福岡県,,,,28300,JPY,labor_wage_8h,published_pdl,39800,原本の下段(括弧書き): 公共工事設計労務単価+必要経費(法定福利費の事業主負担額、労務管理費、宿舎費等)(試算値),2013-04,2013-04-01,mlit-roumu-h25,p16(横長の表) / p6(縦長の表),https://www.mlit.go.jp/common/000993048.pdf,PDL1.0,,
93edb54c28b6f1cd,JP,labor,労務単価,さく岩工,所定労働時間内8時間あたり,人日,pref,40,福岡県,,,,21700,JPY,labor_wage_8h,published_pdl,30500,原本の下段(括弧書き): 公共工事設計労務単価+必要経費(法定福利費の事業主負担額、労務管理費、宿舎費等)(試算値),2013-04,2013-04-01,mlit-roumu-h25,p16(横長の表) / p6(縦長の表),https://www.mlit.go.jp/common/000993048.pdf,PDL1.0,,
ecad74b9c5dda9eb,JP,labor,労務単価,トンネル特殊工,所定労働時間内8時間あたり,人日,pref,40,福岡県,,,,21000,JPY,labor_wage_8h,published_pdl,29500,原本の下段(括弧書き): 公共工事設計労務単価+必要経費(法定福利費の事業主負担額、労務管理費、宿舎費等)(試算値),2013-04,2013-04-01,mlit-roumu-h25,p16(横長の表) / p6(縦長の表),https://www.mlit.go.jp/common/000993048.pdf,PDL1.0,,
0322dd0a4590b576,JP,labor,労務単価,トンネル作業員,所定労働時間内8時間あたり,人日,pref,40,福岡県,,,,17200,JPY,labor_wage_8h,published_pdl,24200,原本の下段(括弧書き): 公共工事設計労務単価+必要経費(法定福利費の事業主負担額、労務管理費、宿舎費等)(試算値),2013-04,2013-04-01,mlit-roumu-h25,p16(横長の表) / p6(縦長の表),https://www.mlit.go.jp/common/000993048.pdf,PDL1.0,,
d62ce83f6f8ee996,JP,labor,労務単価,トンネル世話役,所定労働時間内8時間あたり,人日,pref,40,福岡県,,,,23900,JPY,labor_wage_8h,published_pdl,33600,原本の下段(括弧書き): 公共工事設計労務単価+必要経費(法定福利費の事業主負担額、労務管理費、宿舎費等)(試算値),2013-04,2013-04-01,mlit-roumu-h25,p17(横長の表) / p7(縦長の表),https://www.mlit.go.jp/common/000993048.pdf,PDL1.0,,
d939de2678fb445e,JP,labor,労務単価,橋りょう特殊工,所定労働時間内8時間あたり,人日,pref,40,福岡県,,,,19400,JPY,labor_wage_8h,published_pdl,27300,原本の下段(括弧書き): 公共工事設計労務単価+必要経費(法定福利費の事業主負担額、労務管理費、宿舎費等)(試算値),2013-04,2013-04-01,mlit-roumu-h25,p17(横長の表) / p7(縦長の表),https://www.mlit.go.jp/common/000993048.pdf,PDL1.0,,
672de88e9815bfec,JP,labor,労務単価,橋りょう塗装工,所定労働時間内8時間あたり,人日,pref,40,福岡県,,,,21000,JPY,labor_wage_8h,published_pdl,29500,原本の下段(括弧書き): 公共工事設計労務単価+必要経費(法定福利費の事業主負担額、労務管理費、宿舎費等)(試算値),2013-04,2013-04-01,mlit-roumu-h25,p17(横長の表) / p7(縦長の表),https://www.mlit.go.jp/common/000993048.pdf,PDL1.0,,
64a6e597ced0beaf,JP,labor,労務単価,橋りょう世話役,所定労働時間内8時間あたり,人日,pref,40,福岡県,,,,23900,JPY,labor_wage_8h,published_pdl,33600,原本の下段(括弧書き): 公共工事設計労務単価+必要経費(法定福利費の事業主負担額、労務管理費、宿舎費等)(試算値),2013-04,2013-04-01,mlit-roumu-h25,p17(横長の表) / p7(縦長の表),https://www.mlit.go.jp/common/000993048.pdf,PDL1.0,,
c9d492238697d897,JP,labor,労務単価,土木一般世話役,所定労働時間内8時間あたり,人日,pref,40,福岡県,,,,18300,JPY,labor_wage_8h,published_pdl,25700,原本の下段(括弧書き): 公共工事設計労務単価+必要経費(法定福利費の事業主負担額、労務管理費、宿舎費等)(試算値),2013-04,2013-04-01,mlit-roumu-h25,p17(横長の表) / p7(縦長の表),https://www.mlit.go.jp/common/000993048.pdf,PDL1.0,,
2fd4fd1a454d5463,JP,labor,労務単価,高級船員,所定労働時間内8時間あたり,人日,pref,40,福岡県,,,,22000,JPY,labor_wage_8h,published_pdl,30900,原本の下段(括弧書き): 公共工事設計労務単価+必要経費(法定福利費の事業主負担額、労務管理費、宿舎費等)(試算値),2013-04,2013-04-01,mlit-roumu-h25,p17(横長の表) / p7(縦長の表),https://www.mlit.go.jp/common/000993048.pdf,PDL1.0,,
5180a16dd055dd9a,JP,labor,労務単価,普通船員,所定労働時間内8時間あたり,人日,pref,40,福岡県,,,,17400,JPY,labor_wage_8h,published_pdl,24500,原本の下段(括弧書き): 公共工事設計労務単価+必要経費(法定福利費の事業主負担額、労務管理費、宿舎費等)(試算値),2013-04,2013-04-01,mlit-roumu-h25,p17(横長の表) / p7(縦長の表),https://www.mlit.go.jp/common/000993048.pdf,PDL1.0,,
969f7bd0e09ae183,JP,labor,労務単価,潜水士,所定労働時間内8時間あたり,人日,pref,40,福岡県,,,,27600,JPY,labor_wage_8h,published_pdl,38800,原本の下段(括弧書き): 公共工事設計労務単価+必要経費(法定福利費の事業主負担額、労務管理費、宿舎費等)(試算値),2013-04,2013-04-01,mlit-roumu-h25,p17(横長の表) / p7(縦長の表),https://www.mlit.go.jp/common/000993048.pdf,PDL1.0,,
60d8d52197566caf,JP,labor,労務単価,潜水連絡員,所定労働時間内8時間あたり,人日,pref,40,福岡県,,,,17300,JPY,labor_wage_8h,published_pdl,24300,原本の下段(括弧書き): 公共工事設計労務単価+必要経費(法定福利費の事業主負担額、労務管理費、宿舎費等)(試算値),2013-04,2013-04-01,mlit-roumu-h25,p17(横長の表) / p7(縦長の表),https://www.mlit.go.jp/common/000993048.pdf,PDL1.0,,
8c0d947711acd426,JP,labor,労務単価,潜水送気員,所定労働時間内8時間あたり,人日,pref,40,福岡県,,,,17400,JPY,labor_wage_8h,published_pdl,24500,原本の下段(括弧書き): 公共工事設計労務単価+必要経費(法定福利費の事業主負担額、労務管理費、宿舎費等)(試算値),2013-04,2013-04-01,mlit-roumu-h25,p17(横長の表) / p7(縦長の表),https://www.mlit.go.jp/common/000993048.pdf,PDL1.0,,
0179d4c279d8dba4,JP,labor,労務単価,山林砂防工,所定労働時間内8時間あたり,人日,pref,40,福岡県,,,,,JPY,labor_wage_8h,not_set,,,2013-04,2013-04-01,mlit-roumu-h25,p17(横長の表) / p8(縦長の表),https://www.mlit.go.jp/common/000993048.pdf,PDL1.0,,原本の表で『-』(この都道府県ではこの職種の単価を設定していない)
75a834f7b3940d27,JP,labor,労務単価,軌道工,所定労働時間内8時間あたり,人日,pref,40,福岡県,,,,19200,JPY,labor_wage_8h,published_pdl,27000,原本の下段(括弧書き): 公共工事設計労務単価+必要経費(法定福利費の事業主負担額、労務管理費、宿舎費等)(試算値),2013-04,2013-04-01,mlit-roumu-h25,p17(横長の表) / p8(縦長の表),https://www.mlit.go.jp/common/000993048.pdf,PDL1.0,,
f91fda3a842b1fe2,JP,labor,労務単価,型わく工,所定労働時間内8時間あたり,人日,pref,40,福岡県,,,,16100,JPY,labor_wage_8h,published_pdl,22600,原本の下段(括弧書き): 公共工事設計労務単価+必要経費(法定福利費の事業主負担額、労務管理費、宿舎費等)(試算値),2013-04,2013-04-01,mlit-roumu-h25,p17(横長の表) / p8(縦長の表),https://www.mlit.go.jp/common/000993048.pdf,PDL1.0,,
eae52678d255580c,JP,labor,労務単価,大工,所定労働時間内8時間あたり,人日,pref,40,福岡県,,,,17100,JPY,labor_wage_8h,published_pdl,24000,原本の下段(括弧書き): 公共工事設計労務単価+必要経費(法定福利費の事業主負担額、労務管理費、宿舎費等)(試算値),2013-04,2013-04-01,mlit-roumu-h25,p17(横長の表) / p8(縦長の表),https://www.mlit.go.jp/common/000993048.pdf,PDL1.0,,
a5a1b0a3fd70ac42,JP,labor,労務単価,左官,所定労働時間内8時間あたり,人日,pref,40,福岡県,,,,16300,JPY,labor_wage_8h,published_pdl,22900,原本の下段(括弧書き): 公共工事設計労務単価+必要経費(法定福利費の事業主負担額、労務管理費、宿舎費等)(試算値),2013-04,2013-04-01,mlit-roumu-h25,p17(横長の表) / p8(縦長の表),https://www.mlit.go.jp/common/000993048.pdf,PDL1.0,,
8a519a58e3caf078,JP,labor,労務単価,配管工,所定労働時間内8時間あたり,人日,pref,40,福岡県,,,,15100,JPY,labor_wage_8h,published_pdl,21200,原本の下段(括弧書き): 公共工事設計労務単価+必要経費(法定福利費の事業主負担額、労務管理費、宿舎費等)(試算値),2013-04,2013-04-01,mlit-roumu-h25,p17(横長の表) / p8(縦長の表),https://www.mlit.go.jp/common/000993048.pdf,PDL1.0,,
47a7a88599b344a3,JP,labor,労務単価,はつり工,所定労働時間内8時間あたり,人日,pref,40,福岡県,,,,14800,JPY,labor_wage_8h,published_pdl,20800,原本の下段(括弧書き): 公共工事設計労務単価+必要経費(法定福利費の事業主負担額、労務管理費、宿舎費等)(試算値),2013-04,2013-04-01,mlit-roumu-h25,p17(横長の表) / p8(縦長の表),https://www.mlit.go.jp/common/000993048.pdf,PDL1.0,,
78baae0edea2a7d0,JP,labor,労務単価,防水工,所定労働時間内8時間あたり,人日,pref,40,福岡県,,,,15900,JPY,labor_wage_8h,published_pdl,22400,原本の下段(括弧書き): 公共工事設計労務単価+必要経費(法定福利費の事業主負担額、労務管理費、宿舎費等)(試算値),2013-04,2013-04-01,mlit-roumu-h25,p17(横長の表) / p8(縦長の表),https://www.mlit.go.jp/common/000993048.pdf,PDL1.0,,
4a77f84c62ad208a,JP,labor,労務単価,板金工,所定労働時間内8時間あたり,人日,pref,40,福岡県,,,,14700,JPY,labor_wage_8h,published_pdl,20700,原本の下段(括弧書き): 公共工事設計労務単価+必要経費(法定福利費の事業主負担額、労務管理費、宿舎費等)(試算値),2013-04,2013-04-01,mlit-roumu-h25,p17(横長の表) / p8(縦長の表),https://www.mlit.go.jp/common/000993048.pdf,PDL1.0,,
09d757a994ceccf5,JP,labor,労務単価,タイル工,所定労働時間内8時間あたり,人日,pref,40,福岡県,,,,,JPY,labor_wage_8h,not_set,,,2013-04,2013-04-01,mlit-roumu-h25,p17(横長の表) / p8(縦長の表),https://www.mlit.go.jp/common/000993048.pdf,PDL1.0,,原本の表で『-』(この都道府県ではこの職種の単価を設定していない)
068c9beae362ad26,JP,labor,労務単価,サッシ工,所定労働時間内8時間あたり,人日,pref,40,福岡県,,,,19500,JPY,labor_wage_8h,published_pdl,27400,原本の下段(括弧書き): 公共工事設計労務単価+必要経費(法定福利費の事業主負担額、労務管理費、宿舎費等)(試算値),2013-04,2013-04-01,mlit-roumu-h25,p18(横長の表) / p9(縦長の表),https://www.mlit.go.jp/common/000993048.pdf,PDL1.0,,
ef77501989cd136e,JP,labor,労務単価,内装工,所定労働時間内8時間あたり,人日,pref,40,福岡県,,,,16200,JPY,labor_wage_8h,published_pdl,22800,原本の下段(括弧書き): 公共工事設計労務単価+必要経費(法定福利費の事業主負担額、労務管理費、宿舎費等)(試算値),2013-04,2013-04-01,mlit-roumu-h25,p18(横長の表) / p9(縦長の表),https://www.mlit.go.jp/common/000993048.pdf,PDL1.0,,
1b37f8763a870f0f,JP,labor,労務単価,ガラス工,所定労働時間内8時間あたり,人日,pref,40,福岡県,,,,16200,JPY,labor_wage_8h,published_pdl,22800,原本の下段(括弧書き): 公共工事設計労務単価+必要経費(法定福利費の事業主負担額、労務管理費、宿舎費等)(試算値),2013-04,2013-04-01,mlit-roumu-h25,p18(横長の表) / p9(縦長の表),https://www.mlit.go.jp/common/000993048.pdf,PDL1.0,,
ffdddb644109c3f2,JP,labor,労務単価,建具工,所定労働時間内8時間あたり,人日,pref,40,福岡県,,,,,JPY,labor_wage_8h,not_set,,,2013-04,2013-04-01,mlit-roumu-h25,p18(横長の表) / p9(縦長の表),https://www.mlit.go.jp/common/000993048.pdf,PDL1.0,,原本の表で『-』(この都道府県ではこの職種の単価を設定していない)
363988f427440111,JP,labor,労務単価,ダクト工,所定労働時間内8時間あたり,人日,pref,40,福岡県,,,,13700,JPY,labor_wage_8h,published_pdl,19300,原本の下段(括弧書き): 公共工事設計労務単価+必要経費(法定福利費の事業主負担額、労務管理費、宿舎費等)(試算値),2013-04,2013-04-01,mlit-roumu-h25,p18(横長の表) / p9(縦長の表),https://www.mlit.go.jp/common/000993048.pdf,PDL1.0,,
f07dc48b1077ae45,JP,labor,労務単価,保温工,所定労働時間内8時間あたり,人日,pref,40,福岡県,,,,15300,JPY,labor_wage_8h,published_pdl,21500,原本の下段(括弧書き): 公共工事設計労務単価+必要経費(法定福利費の事業主負担額、労務管理費、宿舎費等)(試算値),2013-04,2013-04-01,mlit-roumu-h25,p18(横長の表) / p9(縦長の表),https://www.mlit.go.jp/common/000993048.pdf,PDL1.0,,
38be1c6dfac64037,JP,labor,労務単価,建築ブロック工,所定労働時間内8時間あたり,人日,pref,40,福岡県,,,,,JPY,labor_wage_8h,not_set,,,2013-04,2013-04-01,mlit-roumu-h25,p18(横長の表) / p9(縦長の表),https://www.mlit.go.jp/common/000993048.pdf,PDL1.0,,原本の表で『-』(この都道府県ではこの職種の単価を設定していない)
b3d2fd3995d6706a,JP,labor,労務単価,設備機械工,所定労働時間内8時間あたり,人日,pref,40,福岡県,,,,16200,JPY,labor_wage_8h,published_pdl,22800,原本の下段(括弧書き): 公共工事設計労務単価+必要経費(法定福利費の事業主負担額、労務管理費、宿舎費等)(試算値),2013-04,2013-04-01,mlit-roumu-h25,p18(横長の表) / p9(縦長の表),https://www.mlit.go.jp/common/000993048.pdf,PDL1.0,,
9e9d5581edbd7005,JP,labor,労務単価,交通誘導員Ａ,所定労働時間内8時間あたり,人日,pref,40,福岡県,,,,8900,JPY,labor_wage_8h,published_pdl,12500,原本の下段(括弧書き): 公共工事設計労務単価+必要経費(法定福利費の事業主負担額、労務管理費、宿舎費等)(試算値),2013-04,2013-04-01,mlit-roumu-h25,p18(横長の表) / p9(縦長の表),https://www.mlit.go.jp/common/000993048.pdf,PDL1.0,,
a5e0c0dec37add5b,JP,labor,労務単価,交通誘導員Ｂ,所定労働時間内8時間あたり,人日,pref,40,福岡県,,,,8100,JPY,labor_wage_8h,published_pdl,11400,原本の下段(括弧書き): 公共工事設計労務単価+必要経費(法定福利費の事業主負担額、労務管理費、宿舎費等)(試算値),2013-04,2013-04-01,mlit-roumu-h25,p18(横長の表) / p9(縦長の表),https://www.mlit.go.jp/common/000993048.pdf,PDL1.0,,
689fa0f40cd76b6a,JP,labor,労務単価,特殊作業員,所定労働時間内8時間あたり,人日,pref,41,佐賀県,,,,14900,JPY,labor_wage_8h,published_pdl,20900,原本の下段(括弧書き): 公共工事設計労務単価+必要経費(法定福利費の事業主負担額、労務管理費、宿舎費等)(試算値),2013-04,2013-04-01,mlit-roumu-h25,p16(横長の表) / p5(縦長の表),https://www.mlit.go.jp/common/000993048.pdf,PDL1.0,,
ccde6705bd587146,JP,labor,労務単価,普通作業員,所定労働時間内8時間あたり,人日,pref,41,佐賀県,,,,12800,JPY,labor_wage_8h,published_pdl,18000,原本の下段(括弧書き): 公共工事設計労務単価+必要経費(法定福利費の事業主負担額、労務管理費、宿舎費等)(試算値),2013-04,2013-04-01,mlit-roumu-h25,p16(横長の表) / p5(縦長の表),https://www.mlit.go.jp/common/000993048.pdf,PDL1.0,,
b466221da16dca6a,JP,labor,労務単価,軽作業員,所定労働時間内8時間あたり,人日,pref,41,佐賀県,,,,10100,JPY,labor_wage_8h,published_pdl,14200,原本の下段(括弧書き): 公共工事設計労務単価+必要経費(法定福利費の事業主負担額、労務管理費、宿舎費等)(試算値),2013-04,2013-04-01,mlit-roumu-h25,p16(横長の表) / p5(縦長の表),https://www.mlit.go.jp/common/000993048.pdf,PDL1.0,,
0c5aab66f42d417c,JP,labor,労務単価,造園工,所定労働時間内8時間あたり,人日,pref,41,佐賀県,,,,15300,JPY,labor_wage_8h,published_pdl,21500,原本の下段(括弧書き): 公共工事設計労務単価+必要経費(法定福利費の事業主負担額、労務管理費、宿舎費等)(試算値),2013-04,2013-04-01,mlit-roumu-h25,p16(横長の表) / p5(縦長の表),https://www.mlit.go.jp/common/000993048.pdf,PDL1.0,,
0dc04743c88efc6a,JP,labor,労務単価,法面工,所定労働時間内8時間あたり,人日,pref,41,佐賀県,,,,16900,JPY,labor_wage_8h,published_pdl,23800,原本の下段(括弧書き): 公共工事設計労務単価+必要経費(法定福利費の事業主負担額、労務管理費、宿舎費等)(試算値),2013-04,2013-04-01,mlit-roumu-h25,p16(横長の表) / p5(縦長の表),https://www.mlit.go.jp/common/000993048.pdf,PDL1.0,,
aecf4feab1e87760,JP,labor,労務単価,とび工,所定労働時間内8時間あたり,人日,pref,41,佐賀県,,,,15500,JPY,labor_wage_8h,published_pdl,21800,原本の下段(括弧書き): 公共工事設計労務単価+必要経費(法定福利費の事業主負担額、労務管理費、宿舎費等)(試算値),2013-04,2013-04-01,mlit-roumu-h25,p16(横長の表) / p5(縦長の表),https://www.mlit.go.jp/common/000993048.pdf,PDL1.0,,
ac002c5bc695ecb5,JP,labor,労務単価,石工,所定労働時間内8時間あたり,人日,pref,41,佐賀県,,,,19700,JPY,labor_wage_8h,published_pdl,27700,原本の下段(括弧書き): 公共工事設計労務単価+必要経費(法定福利費の事業主負担額、労務管理費、宿舎費等)(試算値),2013-04,2013-04-01,mlit-roumu-h25,p16(横長の表) / p5(縦長の表),https://www.mlit.go.jp/common/000993048.pdf,PDL1.0,,
67d69644015de51c,JP,labor,労務単価,ブロック工,所定労働時間内8時間あたり,人日,pref,41,佐賀県,,,,19100,JPY,labor_wage_8h,published_pdl,26900,原本の下段(括弧書き): 公共工事設計労務単価+必要経費(法定福利費の事業主負担額、労務管理費、宿舎費等)(試算値),2013-04,2013-04-01,mlit-roumu-h25,p16(横長の表) / p5(縦長の表),https://www.mlit.go.jp/common/000993048.pdf,PDL1.0,,
6f8217085d5d8cc4,JP,labor,労務単価,電工,所定労働時間内8時間あたり,人日,pref,41,佐賀県,,,,16400,JPY,labor_wage_8h,published_pdl,23100,原本の下段(括弧書き): 公共工事設計労務単価+必要経費(法定福利費の事業主負担額、労務管理費、宿舎費等)(試算値),2013-04,2013-04-01,mlit-roumu-h25,p16(横長の表) / p5(縦長の表),https://www.mlit.go.jp/common/000993048.pdf,PDL1.0,,
08fac1460ad1c4bb,JP,labor,労務単価,鉄筋工,所定労働時間内8時間あたり,人日,pref,41,佐賀県,,,,15700,JPY,labor_wage_8h,published_pdl,22100,原本の下段(括弧書き): 公共工事設計労務単価+必要経費(法定福利費の事業主負担額、労務管理費、宿舎費等)(試算値),2013-04,2013-04-01,mlit-roumu-h25,p16(横長の表) / p5(縦長の表),https://www.mlit.go.jp/common/000993048.pdf,PDL1.0,,
cd16192c254f9604,JP,labor,労務単価,鉄骨工,所定労働時間内8時間あたり,人日,pref,41,佐賀県,,,,14800,JPY,labor_wage_8h,published_pdl,20800,原本の下段(括弧書き): 公共工事設計労務単価+必要経費(法定福利費の事業主負担額、労務管理費、宿舎費等)(試算値),2013-04,2013-04-01,mlit-roumu-h25,p16(横長の表) / p6(縦長の表),https://www.mlit.go.jp/common/000993048.pdf,PDL1.0,,
e10acd99f2ceee37,JP,labor,労務単価,塗装工,所定労働時間内8時間あたり,人日,pref,41,佐賀県,,,,16300,JPY,labor_wage_8h,published_pdl,22900,原本の下段(括弧書き): 公共工事設計労務単価+必要経費(法定福利費の事業主負担額、労務管理費、宿舎費等)(試算値),2013-04,2013-04-01,mlit-roumu-h25,p16(横長の表) / p6(縦長の表),https://www.mlit.go.jp/common/000993048.pdf,PDL1.0,,
b1b560c98e87b96f,JP,labor,労務単価,溶接工,所定労働時間内8時間あたり,人日,pref,41,佐賀県,,,,16400,JPY,labor_wage_8h,published_pdl,23100,原本の下段(括弧書き): 公共工事設計労務単価+必要経費(法定福利費の事業主負担額、労務管理費、宿舎費等)(試算値),2013-04,2013-04-01,mlit-roumu-h25,p16(横長の表) / p6(縦長の表),https://www.mlit.go.jp/common/000993048.pdf,PDL1.0,,
fe323a1fba7347ec,JP,labor,労務単価,運転手（特殊）,所定労働時間内8時間あたり,人日,pref,41,佐賀県,,,,18100,JPY,labor_wage_8h,published_pdl,25400,原本の下段(括弧書き): 公共工事設計労務単価+必要経費(法定福利費の事業主負担額、労務管理費、宿舎費等)(試算値),2013-04,2013-04-01,mlit-roumu-h25,p16(横長の表) / p6(縦長の表),https://www.mlit.go.jp/common/000993048.pdf,PDL1.0,,
c6d27b112d8e89cb,JP,labor,労務単価,運転手（一般）,所定労働時間内8時間あたり,人日,pref,41,佐賀県,,,,14700,JPY,labor_wage_8h,published_pdl,20700,原本の下段(括弧書き): 公共工事設計労務単価+必要経費(法定福利費の事業主負担額、労務管理費、宿舎費等)(試算値),2013-04,2013-04-01,mlit-roumu-h25,p16(横長の表) / p6(縦長の表),https://www.mlit.go.jp/common/000993048.pdf,PDL1.0,,
7335e345fd85f332,JP,labor,労務単価,潜かん工,所定労働時間内8時間あたり,人日,pref,41,佐賀県,,,,23900,JPY,labor_wage_8h,published_pdl,33600,原本の下段(括弧書き): 公共工事設計労務単価+必要経費(法定福利費の事業主負担額、労務管理費、宿舎費等)(試算値),2013-04,2013-04-01,mlit-roumu-h25,p16(横長の表) / p6(縦長の表),https://www.mlit.go.jp/common/000993048.pdf,PDL1.0,,
9bd56fc7882751ba,JP,labor,労務単価,潜かん世話役,所定労働時間内8時間あたり,人日,pref,41,佐賀県,,,,28300,JPY,labor_wage_8h,published_pdl,39800,原本の下段(括弧書き): 公共工事設計労務単価+必要経費(法定福利費の事業主負担額、労務管理費、宿舎費等)(試算値),2013-04,2013-04-01,mlit-roumu-h25,p16(横長の表) / p6(縦長の表),https://www.mlit.go.jp/common/000993048.pdf,PDL1.0,,
587f60eba30aeb8e,JP,labor,労務単価,さく岩工,所定労働時間内8時間あたり,人日,pref,41,佐賀県,,,,21700,JPY,labor_wage_8h,published_pdl,30500,原本の下段(括弧書き): 公共工事設計労務単価+必要経費(法定福利費の事業主負担額、労務管理費、宿舎費等)(試算値),2013-04,2013-04-01,mlit-roumu-h25,p16(横長の表) / p6(縦長の表),https://www.mlit.go.jp/common/000993048.pdf,PDL1.0,,
3e590661262553bc,JP,labor,労務単価,トンネル特殊工,所定労働時間内8時間あたり,人日,pref,41,佐賀県,,,,21300,JPY,labor_wage_8h,published_pdl,29900,原本の下段(括弧書き): 公共工事設計労務単価+必要経費(法定福利費の事業主負担額、労務管理費、宿舎費等)(試算値),2013-04,2013-04-01,mlit-roumu-h25,p16(横長の表) / p6(縦長の表),https://www.mlit.go.jp/common/000993048.pdf,PDL1.0,,
38fe255b9de1c101,JP,labor,労務単価,トンネル作業員,所定労働時間内8時間あたり,人日,pref,41,佐賀県,,,,17200,JPY,labor_wage_8h,published_pdl,24200,原本の下段(括弧書き): 公共工事設計労務単価+必要経費(法定福利費の事業主負担額、労務管理費、宿舎費等)(試算値),2013-04,2013-04-01,mlit-roumu-h25,p16(横長の表) / p6(縦長の表),https://www.mlit.go.jp/common/000993048.pdf,PDL1.0,,
3be4312de859986b,JP,labor,労務単価,トンネル世話役,所定労働時間内8時間あたり,人日,pref,41,佐賀県,,,,23900,JPY,labor_wage_8h,published_pdl,33600,原本の下段(括弧書き): 公共工事設計労務単価+必要経費(法定福利費の事業主負担額、労務管理費、宿舎費等)(試算値),2013-04,2013-04-01,mlit-roumu-h25,p17(横長の表) / p7(縦長の表),https://www.mlit.go.jp/common/000993048.pdf,PDL1.0,,
28d6c48ac00d9129,JP,labor,労務単価,橋りょう特殊工,所定労働時間内8時間あたり,人日,pref,41,佐賀県,,,,19400,JPY,labor_wage_8h,published_pdl,27300,原本の下段(括弧書き): 公共工事設計労務単価+必要経費(法定福利費の事業主負担額、労務管理費、宿舎費等)(試算値),2013-04,2013-04-01,mlit-roumu-h25,p17(横長の表) / p7(縦長の表),https://www.mlit.go.jp/common/000993048.pdf,PDL1.0,,
5b05c9960ee61c7d,JP,labor,労務単価,橋りょう塗装工,所定労働時間内8時間あたり,人日,pref,41,佐賀県,,,,21000,JPY,labor_wage_8h,published_pdl,29500,原本の下段(括弧書き): 公共工事設計労務単価+必要経費(法定福利費の事業主負担額、労務管理費、宿舎費等)(試算値),2013-04,2013-04-01,mlit-roumu-h25,p17(横長の表) / p7(縦長の表),https://www.mlit.go.jp/common/000993048.pdf,PDL1.0,,
6f0c58260263a519,JP,labor,労務単価,橋りょう世話役,所定労働時間内8時間あたり,人日,pref,41,佐賀県,,,,24100,JPY,labor_wage_8h,published_pdl,33900,原本の下段(括弧書き): 公共工事設計労務単価+必要経費(法定福利費の事業主負担額、労務管理費、宿舎費等)(試算値),2013-04,2013-04-01,mlit-roumu-h25,p17(横長の表) / p7(縦長の表),https://www.mlit.go.jp/common/000993048.pdf,PDL1.0,,
55c346be32ff2ed6,JP,labor,労務単価,土木一般世話役,所定労働時間内8時間あたり,人日,pref,41,佐賀県,,,,17400,JPY,labor_wage_8h,published_pdl,24500,原本の下段(括弧書き): 公共工事設計労務単価+必要経費(法定福利費の事業主負担額、労務管理費、宿舎費等)(試算値),2013-04,2013-04-01,mlit-roumu-h25,p17(横長の表) / p7(縦長の表),https://www.mlit.go.jp/common/000993048.pdf,PDL1.0,,
6eb1ce6f81724df6,JP,labor,労務単価,高級船員,所定労働時間内8時間あたり,人日,pref,41,佐賀県,,,,22000,JPY,labor_wage_8h,published_pdl,30900,原本の下段(括弧書き): 公共工事設計労務単価+必要経費(法定福利費の事業主負担額、労務管理費、宿舎費等)(試算値),2013-04,2013-04-01,mlit-roumu-h25,p17(横長の表) / p7(縦長の表),https://www.mlit.go.jp/common/000993048.pdf,PDL1.0,,
2818bd001dd740bc,JP,labor,労務単価,普通船員,所定労働時間内8時間あたり,人日,pref,41,佐賀県,,,,17400,JPY,labor_wage_8h,published_pdl,24500,原本の下段(括弧書き): 公共工事設計労務単価+必要経費(法定福利費の事業主負担額、労務管理費、宿舎費等)(試算値),2013-04,2013-04-01,mlit-roumu-h25,p17(横長の表) / p7(縦長の表),https://www.mlit.go.jp/common/000993048.pdf,PDL1.0,,
1554548c66eb36a9,JP,labor,労務単価,潜水士,所定労働時間内8時間あたり,人日,pref,41,佐賀県,,,,27600,JPY,labor_wage_8h,published_pdl,38800,原本の下段(括弧書き): 公共工事設計労務単価+必要経費(法定福利費の事業主負担額、労務管理費、宿舎費等)(試算値),2013-04,2013-04-01,mlit-roumu-h25,p17(横長の表) / p7(縦長の表),https://www.mlit.go.jp/common/000993048.pdf,PDL1.0,,
a1a3b31989d589d8,JP,labor,労務単価,潜水連絡員,所定労働時間内8時間あたり,人日,pref,41,佐賀県,,,,17300,JPY,labor_wage_8h,published_pdl,24300,原本の下段(括弧書き): 公共工事設計労務単価+必要経費(法定福利費の事業主負担額、労務管理費、宿舎費等)(試算値),2013-04,2013-04-01,mlit-roumu-h25,p17(横長の表) / p7(縦長の表),https://www.mlit.go.jp/common/000993048.pdf,PDL1.0,,
2436d5ac603c2580,JP,labor,労務単価,潜水送気員,所定労働時間内8時間あたり,人日,pref,41,佐賀県,,,,17400,JPY,labor_wage_8h,published_pdl,24500,原本の下段(括弧書き): 公共工事設計労務単価+必要経費(法定福利費の事業主負担額、労務管理費、宿舎費等)(試算値),2013-04,2013-04-01,mlit-roumu-h25,p17(横長の表) / p7(縦長の表),https://www.mlit.go.jp/common/000993048.pdf,PDL1.0,,
0f7e808ae3e51712,JP,labor,労務単価,山林砂防工,所定労働時間内8時間あたり,人日,pref,41,佐賀県,,,,,JPY,labor_wage_8h,not_set,,,2013-04,2013-04-01,mlit-roumu-h25,p17(横長の表) / p8(縦長の表),https://www.mlit.go.jp/common/000993048.pdf,PDL1.0,,原本の表で『-』(この都道府県ではこの職種の単価を設定していない)
a5073704ace91d1f,JP,labor,労務単価,軌道工,所定労働時間内8時間あたり,人日,pref,41,佐賀県,,,,19100,JPY,labor_wage_8h,published_pdl,26900,原本の下段(括弧書き): 公共工事設計労務単価+必要経費(法定福利費の事業主負担額、労務管理費、宿舎費等)(試算値),2013-04,2013-04-01,mlit-roumu-h25,p17(横長の表) / p8(縦長の表),https://www.mlit.go.jp/common/000993048.pdf,PDL1.0,,
2a9c7381194395a5,JP,labor,労務単価,型わく工,所定労働時間内8時間あたり,人日,pref,41,佐賀県,,,,17300,JPY,labor_wage_8h,published_pdl,24300,原本の下段(括弧書き): 公共工事設計労務単価+必要経費(法定福利費の事業主負担額、労務管理費、宿舎費等)(試算値),2013-04,2013-04-01,mlit-roumu-h25,p17(横長の表) / p8(縦長の表),https://www.mlit.go.jp/common/000993048.pdf,PDL1.0,,
25c21a68bc3f4610,JP,labor,労務単価,大工,所定労働時間内8時間あたり,人日,pref,41,佐賀県,,,,17100,JPY,labor_wage_8h,published_pdl,24000,原本の下段(括弧書き): 公共工事設計労務単価+必要経費(法定福利費の事業主負担額、労務管理費、宿舎費等)(試算値),2013-04,2013-04-01,mlit-roumu-h25,p17(横長の表) / p8(縦長の表),https://www.mlit.go.jp/common/000993048.pdf,PDL1.0,,
a4fba9cb4f61324e,JP,labor,労務単価,左官,所定労働時間内8時間あたり,人日,pref,41,佐賀県,,,,16400,JPY,labor_wage_8h,published_pdl,23100,原本の下段(括弧書き): 公共工事設計労務単価+必要経費(法定福利費の事業主負担額、労務管理費、宿舎費等)(試算値),2013-04,2013-04-01,mlit-roumu-h25,p17(横長の表) / p8(縦長の表),https://www.mlit.go.jp/common/000993048.pdf,PDL1.0,,
e9a8aa738c1a98ec,JP,labor,労務単価,配管工,所定労働時間内8時間あたり,人日,pref,41,佐賀県,,,,14800,JPY,labor_wage_8h,published_pdl,20800,原本の下段(括弧書き): 公共工事設計労務単価+必要経費(法定福利費の事業主負担額、労務管理費、宿舎費等)(試算値),2013-04,2013-04-01,mlit-roumu-h25,p17(横長の表) / p8(縦長の表),https://www.mlit.go.jp/common/000993048.pdf,PDL1.0,,
23208ecc99e694ac,JP,labor,労務単価,はつり工,所定労働時間内8時間あたり,人日,pref,41,佐賀県,,,,14800,JPY,labor_wage_8h,published_pdl,20800,原本の下段(括弧書き): 公共工事設計労務単価+必要経費(法定福利費の事業主負担額、労務管理費、宿舎費等)(試算値),2013-04,2013-04-01,mlit-roumu-h25,p17(横長の表) / p8(縦長の表),https://www.mlit.go.jp/common/000993048.pdf,PDL1.0,,
968260061d35978d,JP,labor,労務単価,防水工,所定労働時間内8時間あたり,人日,pref,41,佐賀県,,,,16100,JPY,labor_wage_8h,published_pdl,22600,原本の下段(括弧書き): 公共工事設計労務単価+必要経費(法定福利費の事業主負担額、労務管理費、宿舎費等)(試算値),2013-04,2013-04-01,mlit-roumu-h25,p17(横長の表) / p8(縦長の表),https://www.mlit.go.jp/common/000993048.pdf,PDL1.0,,
798ed576d280a132,JP,labor,労務単価,板金工,所定労働時間内8時間あたり,人日,pref,41,佐賀県,,,,14700,JPY,labor_wage_8h,published_pdl,20700,原本の下段(括弧書き): 公共工事設計労務単価+必要経費(法定福利費の事業主負担額、労務管理費、宿舎費等)(試算値),2013-04,2013-04-01,mlit-roumu-h25,p17(横長の表) / p8(縦長の表),https://www.mlit.go.jp/common/000993048.pdf,PDL1.0,,
e79969f880f2e6fd,JP,labor,労務単価,タイル工,所定労働時間内8時間あたり,人日,pref,41,佐賀県,,,,,JPY,labor_wage_8h,not_set,,,2013-04,2013-04-01,mlit-roumu-h25,p17(横長の表) / p8(縦長の表),https://www.mlit.go.jp/common/000993048.pdf,PDL1.0,,原本の表で『-』(この都道府県ではこの職種の単価を設定していない)
8387b0e75d8fd969,JP,labor,労務単価,サッシ工,所定労働時間内8時間あたり,人日,pref,41,佐賀県,,,,19500,JPY,labor_wage_8h,published_pdl,27400,原本の下段(括弧書き): 公共工事設計労務単価+必要経費(法定福利費の事業主負担額、労務管理費、宿舎費等)(試算値),2013-04,2013-04-01,mlit-roumu-h25,p18(横長の表) / p9(縦長の表),https://www.mlit.go.jp/common/000993048.pdf,PDL1.0,,
750dd1760b568fd4,JP,labor,労務単価,内装工,所定労働時間内8時間あたり,人日,pref,41,佐賀県,,,,16200,JPY,labor_wage_8h,published_pdl,22800,原本の下段(括弧書き): 公共工事設計労務単価+必要経費(法定福利費の事業主負担額、労務管理費、宿舎費等)(試算値),2013-04,2013-04-01,mlit-roumu-h25,p18(横長の表) / p9(縦長の表),https://www.mlit.go.jp/common/000993048.pdf,PDL1.0,,
48a2c728706ed263,JP,labor,労務単価,ガラス工,所定労働時間内8時間あたり,人日,pref,41,佐賀県,,,,16200,JPY,labor_wage_8h,published_pdl,22800,原本の下段(括弧書き): 公共工事設計労務単価+必要経費(法定福利費の事業主負担額、労務管理費、宿舎費等)(試算値),2013-04,2013-04-01,mlit-roumu-h25,p18(横長の表) / p9(縦長の表),https://www.mlit.go.jp/common/000993048.pdf,PDL1.0,,
00e66ff6c42bbe64,JP,labor,労務単価,建具工,所定労働時間内8時間あたり,人日,pref,41,佐賀県,,,,,JPY,labor_wage_8h,not_set,,,2013-04,2013-04-01,mlit-roumu-h25,p18(横長の表) / p9(縦長の表),https://www.mlit.go.jp/common/000993048.pdf,PDL1.0,,原本の表で『-』(この都道府県ではこの職種の単価を設定していない)
0ee30412403321e0,JP,labor,労務単価,ダクト工,所定労働時間内8時間あたり,人日,pref,41,佐賀県,,,,13600,JPY,labor_wage_8h,published_pdl,19100,原本の下段(括弧書き): 公共工事設計労務単価+必要経費(法定福利費の事業主負担額、労務管理費、宿舎費等)(試算値),2013-04,2013-04-01,mlit-roumu-h25,p18(横長の表) / p9(縦長の表),https://www.mlit.go.jp/common/000993048.pdf,PDL1.0,,
0ae717c03fee7297,JP,labor,労務単価,保温工,所定労働時間内8時間あたり,人日,pref,41,佐賀県,,,,15300,JPY,labor_wage_8h,published_pdl,21500,原本の下段(括弧書き): 公共工事設計労務単価+必要経費(法定福利費の事業主負担額、労務管理費、宿舎費等)(試算値),2013-04,2013-04-01,mlit-roumu-h25,p18(横長の表) / p9(縦長の表),https://www.mlit.go.jp/common/000993048.pdf,PDL1.0,,
f99709b0e7ae78f5,JP,labor,労務単価,建築ブロック工,所定労働時間内8時間あたり,人日,pref,41,佐賀県,,,,,JPY,labor_wage_8h,not_set,,,2013-04,2013-04-01,mlit-roumu-h25,p18(横長の表) / p9(縦長の表),https://www.mlit.go.jp/common/000993048.pdf,PDL1.0,,原本の表で『-』(この都道府県ではこの職種の単価を設定していない)
c9dfa46df12f8bea,JP,labor,労務単価,設備機械工,所定労働時間内8時間あたり,人日,pref,41,佐賀県,,,,16000,JPY,labor_wage_8h,published_pdl,22500,原本の下段(括弧書き): 公共工事設計労務単価+必要経費(法定福利費の事業主負担額、労務管理費、宿舎費等)(試算値),2013-04,2013-04-01,mlit-roumu-h25,p18(横長の表) / p9(縦長の表),https://www.mlit.go.jp/common/000993048.pdf,PDL1.0,,
886f9f157f0ce903,JP,labor,労務単価,交通誘導員Ａ,所定労働時間内8時間あたり,人日,pref,41,佐賀県,,,,8400,JPY,labor_wage_8h,published_pdl,11800,原本の下段(括弧書き): 公共工事設計労務単価+必要経費(法定福利費の事業主負担額、労務管理費、宿舎費等)(試算値),2013-04,2013-04-01,mlit-roumu-h25,p18(横長の表) / p9(縦長の表),https://www.mlit.go.jp/common/000993048.pdf,PDL1.0,,
6f0f420e122b0ac8,JP,labor,労務単価,交通誘導員Ｂ,所定労働時間内8時間あたり,人日,pref,41,佐賀県,,,,7800,JPY,labor_wage_8h,published_pdl,11000,原本の下段(括弧書き): 公共工事設計労務単価+必要経費(法定福利費の事業主負担額、労務管理費、宿舎費等)(試算値),2013-04,2013-04-01,mlit-roumu-h25,p18(横長の表) / p9(縦長の表),https://www.mlit.go.jp/common/000993048.pdf,PDL1.0,,
e10865b5021288fb,JP,labor,労務単価,特殊作業員,所定労働時間内8時間あたり,人日,pref,42,長崎県,,,,15000,JPY,labor_wage_8h,published_pdl,21100,原本の下段(括弧書き): 公共工事設計労務単価+必要経費(法定福利費の事業主負担額、労務管理費、宿舎費等)(試算値),2013-04,2013-04-01,mlit-roumu-h25,p16(横長の表) / p5(縦長の表),https://www.mlit.go.jp/common/000993048.pdf,PDL1.0,,
4417650dbd257e2c,JP,labor,労務単価,普通作業員,所定労働時間内8時間あたり,人日,pref,42,長崎県,,,,12400,JPY,labor_wage_8h,published_pdl,17400,原本の下段(括弧書き): 公共工事設計労務単価+必要経費(法定福利費の事業主負担額、労務管理費、宿舎費等)(試算値),2013-04,2013-04-01,mlit-roumu-h25,p16(横長の表) / p5(縦長の表),https://www.mlit.go.jp/common/000993048.pdf,PDL1.0,,
4182cc2015c387bf,JP,labor,労務単価,軽作業員,所定労働時間内8時間あたり,人日,pref,42,長崎県,,,,9900,JPY,labor_wage_8h,published_pdl,13900,原本の下段(括弧書き): 公共工事設計労務単価+必要経費(法定福利費の事業主負担額、労務管理費、宿舎費等)(試算値),2013-04,2013-04-01,mlit-roumu-h25,p16(横長の表) / p5(縦長の表),https://www.mlit.go.jp/common/000993048.pdf,PDL1.0,,
1d8cec1e3f8f774f,JP,labor,労務単価,造園工,所定労働時間内8時間あたり,人日,pref,42,長崎県,,,,15300,JPY,labor_wage_8h,published_pdl,21500,原本の下段(括弧書き): 公共工事設計労務単価+必要経費(法定福利費の事業主負担額、労務管理費、宿舎費等)(試算値),2013-04,2013-04-01,mlit-roumu-h25,p16(横長の表) / p5(縦長の表),https://www.mlit.go.jp/common/000993048.pdf,PDL1.0,,
cc5a40dd6d6dac36,JP,labor,労務単価,法面工,所定労働時間内8時間あたり,人日,pref,42,長崎県,,,,16600,JPY,labor_wage_8h,published_pdl,23300,原本の下段(括弧書き): 公共工事設計労務単価+必要経費(法定福利費の事業主負担額、労務管理費、宿舎費等)(試算値),2013-04,2013-04-01,mlit-roumu-h25,p16(横長の表) / p5(縦長の表),https://www.mlit.go.jp/common/000993048.pdf,PDL1.0,,
c9415e2ee3637d8d,JP,labor,労務単価,とび工,所定労働時間内8時間あたり,人日,pref,42,長崎県,,,,15400,JPY,labor_wage_8h,published_pdl,21700,原本の下段(括弧書き): 公共工事設計労務単価+必要経費(法定福利費の事業主負担額、労務管理費、宿舎費等)(試算値),2013-04,2013-04-01,mlit-roumu-h25,p16(横長の表) / p5(縦長の表),https://www.mlit.go.jp/common/000993048.pdf,PDL1.0,,
2e53c92f6954acde,JP,labor,労務単価,石工,所定労働時間内8時間あたり,人日,pref,42,長崎県,,,,19700,JPY,labor_wage_8h,published_pdl,27700,原本の下段(括弧書き): 公共工事設計労務単価+必要経費(法定福利費の事業主負担額、労務管理費、宿舎費等)(試算値),2013-04,2013-04-01,mlit-roumu-h25,p16(横長の表) / p5(縦長の表),https://www.mlit.go.jp/common/000993048.pdf,PDL1.0,,
098cb961ec8f6eff,JP,labor,労務単価,ブロック工,所定労働時間内8時間あたり,人日,pref,42,長崎県,,,,19100,JPY,labor_wage_8h,published_pdl,26900,原本の下段(括弧書き): 公共工事設計労務単価+必要経費(法定福利費の事業主負担額、労務管理費、宿舎費等)(試算値),2013-04,2013-04-01,mlit-roumu-h25,p16(横長の表) / p5(縦長の表),https://www.mlit.go.jp/common/000993048.pdf,PDL1.0,,
9246f7847954e393,JP,labor,労務単価,電工,所定労働時間内8時間あたり,人日,pref,42,長崎県,,,,15500,JPY,labor_wage_8h,published_pdl,21800,原本の下段(括弧書き): 公共工事設計労務単価+必要経費(法定福利費の事業主負担額、労務管理費、宿舎費等)(試算値),2013-04,2013-04-01,mlit-roumu-h25,p16(横長の表) / p5(縦長の表),https://www.mlit.go.jp/common/000993048.pdf,PDL1.0,,
35b0c86f28425c8a,JP,labor,労務単価,鉄筋工,所定労働時間内8時間あたり,人日,pref,42,長崎県,,,,15200,JPY,labor_wage_8h,published_pdl,21400,原本の下段(括弧書き): 公共工事設計労務単価+必要経費(法定福利費の事業主負担額、労務管理費、宿舎費等)(試算値),2013-04,2013-04-01,mlit-roumu-h25,p16(横長の表) / p5(縦長の表),https://www.mlit.go.jp/common/000993048.pdf,PDL1.0,,
052af01e0a151841,JP,labor,労務単価,鉄骨工,所定労働時間内8時間あたり,人日,pref,42,長崎県,,,,14200,JPY,labor_wage_8h,published_pdl,20000,原本の下段(括弧書き): 公共工事設計労務単価+必要経費(法定福利費の事業主負担額、労務管理費、宿舎費等)(試算値),2013-04,2013-04-01,mlit-roumu-h25,p16(横長の表) / p6(縦長の表),https://www.mlit.go.jp/common/000993048.pdf,PDL1.0,,
e8c3db9a42b07637,JP,labor,労務単価,塗装工,所定労働時間内8時間あたり,人日,pref,42,長崎県,,,,16000,JPY,labor_wage_8h,published_pdl,22500,原本の下段(括弧書き): 公共工事設計労務単価+必要経費(法定福利費の事業主負担額、労務管理費、宿舎費等)(試算値),2013-04,2013-04-01,mlit-roumu-h25,p16(横長の表) / p6(縦長の表),https://www.mlit.go.jp/common/000993048.pdf,PDL1.0,,
38d12fb6329da653,JP,labor,労務単価,溶接工,所定労働時間内8時間あたり,人日,pref,42,長崎県,,,,16300,JPY,labor_wage_8h,published_pdl,22900,原本の下段(括弧書き): 公共工事設計労務単価+必要経費(法定福利費の事業主負担額、労務管理費、宿舎費等)(試算値),2013-04,2013-04-01,mlit-roumu-h25,p16(横長の表) / p6(縦長の表),https://www.mlit.go.jp/common/000993048.pdf,PDL1.0,,
a49138fcb13f8bb8,JP,labor,労務単価,運転手（特殊）,所定労働時間内8時間あたり,人日,pref,42,長崎県,,,,14800,JPY,labor_wage_8h,published_pdl,20800,原本の下段(括弧書き): 公共工事設計労務単価+必要経費(法定福利費の事業主負担額、労務管理費、宿舎費等)(試算値),2013-04,2013-04-01,mlit-roumu-h25,p16(横長の表) / p6(縦長の表),https://www.mlit.go.jp/common/000993048.pdf,PDL1.0,,
1cb1829116e09169,JP,labor,労務単価,運転手（一般）,所定労働時間内8時間あたり,人日,pref,42,長崎県,,,,13400,JPY,labor_wage_8h,published_pdl,18800,原本の下段(括弧書き): 公共工事設計労務単価+必要経費(法定福利費の事業主負担額、労務管理費、宿舎費等)(試算値),2013-04,2013-04-01,mlit-roumu-h25,p16(横長の表) / p6(縦長の表),https://www.mlit.go.jp/common/000993048.pdf,PDL1.0,,
4552b3f0c8fc7834,JP,labor,労務単価,潜かん工,所定労働時間内8時間あたり,人日,pref,42,長崎県,,,,23900,JPY,labor_wage_8h,published_pdl,33600,原本の下段(括弧書き): 公共工事設計労務単価+必要経費(法定福利費の事業主負担額、労務管理費、宿舎費等)(試算値),2013-04,2013-04-01,mlit-roumu-h25,p16(横長の表) / p6(縦長の表),https://www.mlit.go.jp/common/000993048.pdf,PDL1.0,,
afa18824c1ce35ae,JP,labor,労務単価,潜かん世話役,所定労働時間内8時間あたり,人日,pref,42,長崎県,,,,28300,JPY,labor_wage_8h,published_pdl,39800,原本の下段(括弧書き): 公共工事設計労務単価+必要経費(法定福利費の事業主負担額、労務管理費、宿舎費等)(試算値),2013-04,2013-04-01,mlit-roumu-h25,p16(横長の表) / p6(縦長の表),https://www.mlit.go.jp/common/000993048.pdf,PDL1.0,,
177dad7346f62e6d,JP,labor,労務単価,さく岩工,所定労働時間内8時間あたり,人日,pref,42,長崎県,,,,21700,JPY,labor_wage_8h,published_pdl,30500,原本の下段(括弧書き): 公共工事設計労務単価+必要経費(法定福利費の事業主負担額、労務管理費、宿舎費等)(試算値),2013-04,2013-04-01,mlit-roumu-h25,p16(横長の表) / p6(縦長の表),https://www.mlit.go.jp/common/000993048.pdf,PDL1.0,,
1279569a3309bf82,JP,labor,労務単価,トンネル特殊工,所定労働時間内8時間あたり,人日,pref,42,長崎県,,,,21800,JPY,labor_wage_8h,published_pdl,30700,原本の下段(括弧書き): 公共工事設計労務単価+必要経費(法定福利費の事業主負担額、労務管理費、宿舎費等)(試算値),2013-04,2013-04-01,mlit-roumu-h25,p16(横長の表) / p6(縦長の表),https://www.mlit.go.jp/common/000993048.pdf,PDL1.0,,
4f24bd9f25551f1d,JP,labor,労務単価,トンネル作業員,所定労働時間内8時間あたり,人日,pref,42,長崎県,,,,17200,JPY,labor_wage_8h,published_pdl,24200,原本の下段(括弧書き): 公共工事設計労務単価+必要経費(法定福利費の事業主負担額、労務管理費、宿舎費等)(試算値),2013-04,2013-04-01,mlit-roumu-h25,p16(横長の表) / p6(縦長の表),https://www.mlit.go.jp/common/000993048.pdf,PDL1.0,,
f9dc4c16b81bb733,JP,labor,労務単価,トンネル世話役,所定労働時間内8時間あたり,人日,pref,42,長崎県,,,,23900,JPY,labor_wage_8h,published_pdl,33600,原本の下段(括弧書き): 公共工事設計労務単価+必要経費(法定福利費の事業主負担額、労務管理費、宿舎費等)(試算値),2013-04,2013-04-01,mlit-roumu-h25,p17(横長の表) / p7(縦長の表),https://www.mlit.go.jp/common/000993048.pdf,PDL1.0,,
79813fd548cb120c,JP,labor,労務単価,橋りょう特殊工,所定労働時間内8時間あたり,人日,pref,42,長崎県,,,,19400,JPY,labor_wage_8h,published_pdl,27300,原本の下段(括弧書き): 公共工事設計労務単価+必要経費(法定福利費の事業主負担額、労務管理費、宿舎費等)(試算値),2013-04,2013-04-01,mlit-roumu-h25,p17(横長の表) / p7(縦長の表),https://www.mlit.go.jp/common/000993048.pdf,PDL1.0,,
5822baaa638e880c,JP,labor,労務単価,橋りょう塗装工,所定労働時間内8時間あたり,人日,pref,42,長崎県,,,,21000,JPY,labor_wage_8h,published_pdl,29500,原本の下段(括弧書き): 公共工事設計労務単価+必要経費(法定福利費の事業主負担額、労務管理費、宿舎費等)(試算値),2013-04,2013-04-01,mlit-roumu-h25,p17(横長の表) / p7(縦長の表),https://www.mlit.go.jp/common/000993048.pdf,PDL1.0,,
a1eb3d185462af18,JP,labor,労務単価,橋りょう世話役,所定労働時間内8時間あたり,人日,pref,42,長崎県,,,,24000,JPY,labor_wage_8h,published_pdl,33700,原本の下段(括弧書き): 公共工事設計労務単価+必要経費(法定福利費の事業主負担額、労務管理費、宿舎費等)(試算値),2013-04,2013-04-01,mlit-roumu-h25,p17(横長の表) / p7(縦長の表),https://www.mlit.go.jp/common/000993048.pdf,PDL1.0,,
67528b0098f630d3,JP,labor,労務単価,土木一般世話役,所定労働時間内8時間あたり,人日,pref,42,長崎県,,,,17200,JPY,labor_wage_8h,published_pdl,24200,原本の下段(括弧書き): 公共工事設計労務単価+必要経費(法定福利費の事業主負担額、労務管理費、宿舎費等)(試算値),2013-04,2013-04-01,mlit-roumu-h25,p17(横長の表) / p7(縦長の表),https://www.mlit.go.jp/common/000993048.pdf,PDL1.0,,
57be156400e03aca,JP,labor,労務単価,高級船員,所定労働時間内8時間あたり,人日,pref,42,長崎県,,,,22000,JPY,labor_wage_8h,published_pdl,30900,原本の下段(括弧書き): 公共工事設計労務単価+必要経費(法定福利費の事業主負担額、労務管理費、宿舎費等)(試算値),2013-04,2013-04-01,mlit-roumu-h25,p17(横長の表) / p7(縦長の表),https://www.mlit.go.jp/common/000993048.pdf,PDL1.0,,
d2298aa3353fe2ed,JP,labor,労務単価,普通船員,所定労働時間内8時間あたり,人日,pref,42,長崎県,,,,17400,JPY,labor_wage_8h,published_pdl,24500,原本の下段(括弧書き): 公共工事設計労務単価+必要経費(法定福利費の事業主負担額、労務管理費、宿舎費等)(試算値),2013-04,2013-04-01,mlit-roumu-h25,p17(横長の表) / p7(縦長の表),https://www.mlit.go.jp/common/000993048.pdf,PDL1.0,,
90be9fbb22f1f25c,JP,labor,労務単価,潜水士,所定労働時間内8時間あたり,人日,pref,42,長崎県,,,,27400,JPY,labor_wage_8h,published_pdl,38500,原本の下段(括弧書き): 公共工事設計労務単価+必要経費(法定福利費の事業主負担額、労務管理費、宿舎費等)(試算値),2013-04,2013-04-01,mlit-roumu-h25,p17(横長の表) / p7(縦長の表),https://www.mlit.go.jp/common/000993048.pdf,PDL1.0,,
780a396fd1d99836,JP,labor,労務単価,潜水連絡員,所定労働時間内8時間あたり,人日,pref,42,長崎県,,,,17200,JPY,labor_wage_8h,published_pdl,24200,原本の下段(括弧書き): 公共工事設計労務単価+必要経費(法定福利費の事業主負担額、労務管理費、宿舎費等)(試算値),2013-04,2013-04-01,mlit-roumu-h25,p17(横長の表) / p7(縦長の表),https://www.mlit.go.jp/common/000993048.pdf,PDL1.0,,
8f45e7d0fe1a14a0,JP,labor,労務単価,潜水送気員,所定労働時間内8時間あたり,人日,pref,42,長崎県,,,,17300,JPY,labor_wage_8h,published_pdl,24300,原本の下段(括弧書き): 公共工事設計労務単価+必要経費(法定福利費の事業主負担額、労務管理費、宿舎費等)(試算値),2013-04,2013-04-01,mlit-roumu-h25,p17(横長の表) / p7(縦長の表),https://www.mlit.go.jp/common/000993048.pdf,PDL1.0,,
a575116eb68503eb,JP,labor,労務単価,山林砂防工,所定労働時間内8時間あたり,人日,pref,42,長崎県,,,,,JPY,labor_wage_8h,not_set,,,2013-04,2013-04-01,mlit-roumu-h25,p17(横長の表) / p8(縦長の表),https://www.mlit.go.jp/common/000993048.pdf,PDL1.0,,原本の表で『-』(この都道府県ではこの職種の単価を設定していない)
bb97ae2ae0a9e9ce,JP,labor,労務単価,軌道工,所定労働時間内8時間あたり,人日,pref,42,長崎県,,,,19600,JPY,labor_wage_8h,published_pdl,27600,原本の下段(括弧書き): 公共工事設計労務単価+必要経費(法定福利費の事業主負担額、労務管理費、宿舎費等)(試算値),2013-04,2013-04-01,mlit-roumu-h25,p17(横長の表) / p8(縦長の表),https://www.mlit.go.jp/common/000993048.pdf,PDL1.0,,
1e8800f7ae2e7113,JP,labor,労務単価,型わく工,所定労働時間内8時間あたり,人日,pref,42,長崎県,,,,15800,JPY,labor_wage_8h,published_pdl,22200,原本の下段(括弧書き): 公共工事設計労務単価+必要経費(法定福利費の事業主負担額、労務管理費、宿舎費等)(試算値),2013-04,2013-04-01,mlit-roumu-h25,p17(横長の表) / p8(縦長の表),https://www.mlit.go.jp/common/000993048.pdf,PDL1.0,,
bfd8a685ef35517f,JP,labor,労務単価,大工,所定労働時間内8時間あたり,人日,pref,42,長崎県,,,,17000,JPY,labor_wage_8h,published_pdl,23900,原本の下段(括弧書き): 公共工事設計労務単価+必要経費(法定福利費の事業主負担額、労務管理費、宿舎費等)(試算値),2013-04,2013-04-01,mlit-roumu-h25,p17(横長の表) / p8(縦長の表),https://www.mlit.go.jp/common/000993048.pdf,PDL1.0,,
795fc88543883820,JP,labor,労務単価,左官,所定労働時間内8時間あたり,人日,pref,42,長崎県,,,,16200,JPY,labor_wage_8h,published_pdl,22800,原本の下段(括弧書き): 公共工事設計労務単価+必要経費(法定福利費の事業主負担額、労務管理費、宿舎費等)(試算値),2013-04,2013-04-01,mlit-roumu-h25,p17(横長の表) / p8(縦長の表),https://www.mlit.go.jp/common/000993048.pdf,PDL1.0,,
db29f292767d3fe4,JP,labor,労務単価,配管工,所定労働時間内8時間あたり,人日,pref,42,長崎県,,,,14700,JPY,labor_wage_8h,published_pdl,20700,原本の下段(括弧書き): 公共工事設計労務単価+必要経費(法定福利費の事業主負担額、労務管理費、宿舎費等)(試算値),2013-04,2013-04-01,mlit-roumu-h25,p17(横長の表) / p8(縦長の表),https://www.mlit.go.jp/common/000993048.pdf,PDL1.0,,
0cc3195d1c1e5559,JP,labor,労務単価,はつり工,所定労働時間内8時間あたり,人日,pref,42,長崎県,,,,14600,JPY,labor_wage_8h,published_pdl,20500,原本の下段(括弧書き): 公共工事設計労務単価+必要経費(法定福利費の事業主負担額、労務管理費、宿舎費等)(試算値),2013-04,2013-04-01,mlit-roumu-h25,p17(横長の表) / p8(縦長の表),https://www.mlit.go.jp/common/000993048.pdf,PDL1.0,,
ebedbb53794418f3,JP,labor,労務単価,防水工,所定労働時間内8時間あたり,人日,pref,42,長崎県,,,,15800,JPY,labor_wage_8h,published_pdl,22200,原本の下段(括弧書き): 公共工事設計労務単価+必要経費(法定福利費の事業主負担額、労務管理費、宿舎費等)(試算値),2013-04,2013-04-01,mlit-roumu-h25,p17(横長の表) / p8(縦長の表),https://www.mlit.go.jp/common/000993048.pdf,PDL1.0,,
8bdfe87e2b87a7be,JP,labor,労務単価,板金工,所定労働時間内8時間あたり,人日,pref,42,長崎県,,,,14600,JPY,labor_wage_8h,published_pdl,20500,原本の下段(括弧書き): 公共工事設計労務単価+必要経費(法定福利費の事業主負担額、労務管理費、宿舎費等)(試算値),2013-04,2013-04-01,mlit-roumu-h25,p17(横長の表) / p8(縦長の表),https://www.mlit.go.jp/common/000993048.pdf,PDL1.0,,
2ae0a884349c3ba5,JP,labor,労務単価,タイル工,所定労働時間内8時間あたり,人日,pref,42,長崎県,,,,,JPY,labor_wage_8h,not_set,,,2013-04,2013-04-01,mlit-roumu-h25,p17(横長の表) / p8(縦長の表),https://www.mlit.go.jp/common/000993048.pdf,PDL1.0,,原本の表で『-』(この都道府県ではこの職種の単価を設定していない)
de46630499df4c47,JP,labor,労務単価,サッシ工,所定労働時間内8時間あたり,人日,pref,42,長崎県,,,,19400,JPY,labor_wage_8h,published_pdl,27300,原本の下段(括弧書き): 公共工事設計労務単価+必要経費(法定福利費の事業主負担額、労務管理費、宿舎費等)(試算値),2013-04,2013-04-01,mlit-roumu-h25,p18(横長の表) / p9(縦長の表),https://www.mlit.go.jp/common/000993048.pdf,PDL1.0,,
f084b38f4803ec53,JP,labor,労務単価,内装工,所定労働時間内8時間あたり,人日,pref,42,長崎県,,,,16000,JPY,labor_wage_8h,published_pdl,22500,原本の下段(括弧書き): 公共工事設計労務単価+必要経費(法定福利費の事業主負担額、労務管理費、宿舎費等)(試算値),2013-04,2013-04-01,mlit-roumu-h25,p18(横長の表) / p9(縦長の表),https://www.mlit.go.jp/common/000993048.pdf,PDL1.0,,
6bb33fd14b153b4c,JP,labor,労務単価,ガラス工,所定労働時間内8時間あたり,人日,pref,42,長崎県,,,,16200,JPY,labor_wage_8h,published_pdl,22800,原本の下段(括弧書き): 公共工事設計労務単価+必要経費(法定福利費の事業主負担額、労務管理費、宿舎費等)(試算値),2013-04,2013-04-01,mlit-roumu-h25,p18(横長の表) / p9(縦長の表),https://www.mlit.go.jp/common/000993048.pdf,PDL1.0,,
462a6997c199b02c,JP,labor,労務単価,建具工,所定労働時間内8時間あたり,人日,pref,42,長崎県,,,,,JPY,labor_wage_8h,not_set,,,2013-04,2013-04-01,mlit-roumu-h25,p18(横長の表) / p9(縦長の表),https://www.mlit.go.jp/common/000993048.pdf,PDL1.0,,原本の表で『-』(この都道府県ではこの職種の単価を設定していない)
d3e5452686052260,JP,labor,労務単価,ダクト工,所定労働時間内8時間あたり,人日,pref,42,長崎県,,,,13600,JPY,labor_wage_8h,published_pdl,19100,原本の下段(括弧書き): 公共工事設計労務単価+必要経費(法定福利費の事業主負担額、労務管理費、宿舎費等)(試算値),2013-04,2013-04-01,mlit-roumu-h25,p18(横長の表) / p9(縦長の表),https://www.mlit.go.jp/common/000993048.pdf,PDL1.0,,
858334222fd8881d,JP,labor,労務単価,保温工,所定労働時間内8時間あたり,人日,pref,42,長崎県,,,,15300,JPY,labor_wage_8h,published_pdl,21500,原本の下段(括弧書き): 公共工事設計労務単価+必要経費(法定福利費の事業主負担額、労務管理費、宿舎費等)(試算値),2013-04,2013-04-01,mlit-roumu-h25,p18(横長の表) / p9(縦長の表),https://www.mlit.go.jp/common/000993048.pdf,PDL1.0,,
ce22e35cc7efcb10,JP,labor,労務単価,建築ブロック工,所定労働時間内8時間あたり,人日,pref,42,長崎県,,,,,JPY,labor_wage_8h,not_set,,,2013-04,2013-04-01,mlit-roumu-h25,p18(横長の表) / p9(縦長の表),https://www.mlit.go.jp/common/000993048.pdf,PDL1.0,,原本の表で『-』(この都道府県ではこの職種の単価を設定していない)
c053e034ac15c186,JP,labor,労務単価,設備機械工,所定労働時間内8時間あたり,人日,pref,42,長崎県,,,,16100,JPY,labor_wage_8h,published_pdl,22600,原本の下段(括弧書き): 公共工事設計労務単価+必要経費(法定福利費の事業主負担額、労務管理費、宿舎費等)(試算値),2013-04,2013-04-01,mlit-roumu-h25,p18(横長の表) / p9(縦長の表),https://www.mlit.go.jp/common/000993048.pdf,PDL1.0,,
bb311586ab4fd821,JP,labor,労務単価,交通誘導員Ａ,所定労働時間内8時間あたり,人日,pref,42,長崎県,,,,8900,JPY,labor_wage_8h,published_pdl,12500,原本の下段(括弧書き): 公共工事設計労務単価+必要経費(法定福利費の事業主負担額、労務管理費、宿舎費等)(試算値),2013-04,2013-04-01,mlit-roumu-h25,p18(横長の表) / p9(縦長の表),https://www.mlit.go.jp/common/000993048.pdf,PDL1.0,,
2f6de3f9c2c21f38,JP,labor,労務単価,交通誘導員Ｂ,所定労働時間内8時間あたり,人日,pref,42,長崎県,,,,7800,JPY,labor_wage_8h,published_pdl,11000,原本の下段(括弧書き): 公共工事設計労務単価+必要経費(法定福利費の事業主負担額、労務管理費、宿舎費等)(試算値),2013-04,2013-04-01,mlit-roumu-h25,p18(横長の表) / p9(縦長の表),https://www.mlit.go.jp/common/000993048.pdf,PDL1.0,,
5f88c4134fd6e6c1,JP,labor,労務単価,特殊作業員,所定労働時間内8時間あたり,人日,pref,43,熊本県,,,,15900,JPY,labor_wage_8h,published_pdl,22400,原本の下段(括弧書き): 公共工事設計労務単価+必要経費(法定福利費の事業主負担額、労務管理費、宿舎費等)(試算値),2013-04,2013-04-01,mlit-roumu-h25,p16(横長の表) / p5(縦長の表),https://www.mlit.go.jp/common/000993048.pdf,PDL1.0,,
c5a29fee3f8d00b4,JP,labor,労務単価,普通作業員,所定労働時間内8時間あたり,人日,pref,43,熊本県,,,,13300,JPY,labor_wage_8h,published_pdl,18700,原本の下段(括弧書き): 公共工事設計労務単価+必要経費(法定福利費の事業主負担額、労務管理費、宿舎費等)(試算値),2013-04,2013-04-01,mlit-roumu-h25,p16(横長の表) / p5(縦長の表),https://www.mlit.go.jp/common/000993048.pdf,PDL1.0,,
14d146c558736b3f,JP,labor,労務単価,軽作業員,所定労働時間内8時間あたり,人日,pref,43,熊本県,,,,10800,JPY,labor_wage_8h,published_pdl,15200,原本の下段(括弧書き): 公共工事設計労務単価+必要経費(法定福利費の事業主負担額、労務管理費、宿舎費等)(試算値),2013-04,2013-04-01,mlit-roumu-h25,p16(横長の表) / p5(縦長の表),https://www.mlit.go.jp/common/000993048.pdf,PDL1.0,,
4cb4bc62d62d672b,JP,labor,労務単価,造園工,所定労働時間内8時間あたり,人日,pref,43,熊本県,,,,15600,JPY,labor_wage_8h,published_pdl,21900,原本の下段(括弧書き): 公共工事設計労務単価+必要経費(法定福利費の事業主負担額、労務管理費、宿舎費等)(試算値),2013-04,2013-04-01,mlit-roumu-h25,p16(横長の表) / p5(縦長の表),https://www.mlit.go.jp/common/000993048.pdf,PDL1.0,,
1385caacb05867df,JP,labor,労務単価,法面工,所定労働時間内8時間あたり,人日,pref,43,熊本県,,,,17700,JPY,labor_wage_8h,published_pdl,24900,原本の下段(括弧書き): 公共工事設計労務単価+必要経費(法定福利費の事業主負担額、労務管理費、宿舎費等)(試算値),2013-04,2013-04-01,mlit-roumu-h25,p16(横長の表) / p5(縦長の表),https://www.mlit.go.jp/common/000993048.pdf,PDL1.0,,
166de1e6a5ed7637,JP,labor,労務単価,とび工,所定労働時間内8時間あたり,人日,pref,43,熊本県,,,,16100,JPY,labor_wage_8h,published_pdl,22600,原本の下段(括弧書き): 公共工事設計労務単価+必要経費(法定福利費の事業主負担額、労務管理費、宿舎費等)(試算値),2013-04,2013-04-01,mlit-roumu-h25,p16(横長の表) / p5(縦長の表),https://www.mlit.go.jp/common/000993048.pdf,PDL1.0,,
30f7b3462e8f0d8e,JP,labor,労務単価,石工,所定労働時間内8時間あたり,人日,pref,43,熊本県,,,,19700,JPY,labor_wage_8h,published_pdl,27700,原本の下段(括弧書き): 公共工事設計労務単価+必要経費(法定福利費の事業主負担額、労務管理費、宿舎費等)(試算値),2013-04,2013-04-01,mlit-roumu-h25,p16(横長の表) / p5(縦長の表),https://www.mlit.go.jp/common/000993048.pdf,PDL1.0,,
207f3566997f5ac7,JP,labor,労務単価,ブロック工,所定労働時間内8時間あたり,人日,pref,43,熊本県,,,,18600,JPY,labor_wage_8h,published_pdl,26200,原本の下段(括弧書き): 公共工事設計労務単価+必要経費(法定福利費の事業主負担額、労務管理費、宿舎費等)(試算値),2013-04,2013-04-01,mlit-roumu-h25,p16(横長の表) / p5(縦長の表),https://www.mlit.go.jp/common/000993048.pdf,PDL1.0,,
0959c1f5b7697ab2,JP,labor,労務単価,電工,所定労働時間内8時間あたり,人日,pref,43,熊本県,,,,15400,JPY,labor_wage_8h,published_pdl,21700,原本の下段(括弧書き): 公共工事設計労務単価+必要経費(法定福利費の事業主負担額、労務管理費、宿舎費等)(試算値),2013-04,2013-04-01,mlit-roumu-h25,p16(横長の表) / p5(縦長の表),https://www.mlit.go.jp/common/000993048.pdf,PDL1.0,,
45c98bf76e6658bf,JP,labor,労務単価,鉄筋工,所定労働時間内8時間あたり,人日,pref,43,熊本県,,,,16100,JPY,labor_wage_8h,published_pdl,22600,原本の下段(括弧書き): 公共工事設計労務単価+必要経費(法定福利費の事業主負担額、労務管理費、宿舎費等)(試算値),2013-04,2013-04-01,mlit-roumu-h25,p16(横長の表) / p5(縦長の表),https://www.mlit.go.jp/common/000993048.pdf,PDL1.0,,
91a4905261bc6f37,JP,labor,労務単価,鉄骨工,所定労働時間内8時間あたり,人日,pref,43,熊本県,,,,14400,JPY,labor_wage_8h,published_pdl,20200,原本の下段(括弧書き): 公共工事設計労務単価+必要経費(法定福利費の事業主負担額、労務管理費、宿舎費等)(試算値),2013-04,2013-04-01,mlit-roumu-h25,p16(横長の表) / p6(縦長の表),https://www.mlit.go.jp/common/000993048.pdf,PDL1.0,,
db2117ccca7a306d,JP,labor,労務単価,塗装工,所定労働時間内8時間あたり,人日,pref,43,熊本県,,,,16100,JPY,labor_wage_8h,published_pdl,22600,原本の下段(括弧書き): 公共工事設計労務単価+必要経費(法定福利費の事業主負担額、労務管理費、宿舎費等)(試算値),2013-04,2013-04-01,mlit-roumu-h25,p16(横長の表) / p6(縦長の表),https://www.mlit.go.jp/common/000993048.pdf,PDL1.0,,
12348c4a55bd4851,JP,labor,労務単価,溶接工,所定労働時間内8時間あたり,人日,pref,43,熊本県,,,,16600,JPY,labor_wage_8h,published_pdl,23300,原本の下段(括弧書き): 公共工事設計労務単価+必要経費(法定福利費の事業主負担額、労務管理費、宿舎費等)(試算値),2013-04,2013-04-01,mlit-roumu-h25,p16(横長の表) / p6(縦長の表),https://www.mlit.go.jp/common/000993048.pdf,PDL1.0,,
4212b01ea39ff942,JP,labor,労務単価,運転手（特殊）,所定労働時間内8時間あたり,人日,pref,43,熊本県,,,,15700,JPY,labor_wage_8h,published_pdl,22100,原本の下段(括弧書き): 公共工事設計労務単価+必要経費(法定福利費の事業主負担額、労務管理費、宿舎費等)(試算値),2013-04,2013-04-01,mlit-roumu-h25,p16(横長の表) / p6(縦長の表),https://www.mlit.go.jp/common/000993048.pdf,PDL1.0,,
4930f5accf7e58f2,JP,labor,労務単価,運転手（一般）,所定労働時間内8時間あたり,人日,pref,43,熊本県,,,,14200,JPY,labor_wage_8h,published_pdl,20000,原本の下段(括弧書き): 公共工事設計労務単価+必要経費(法定福利費の事業主負担額、労務管理費、宿舎費等)(試算値),2013-04,2013-04-01,mlit-roumu-h25,p16(横長の表) / p6(縦長の表),https://www.mlit.go.jp/common/000993048.pdf,PDL1.0,,
d962308fd9006e18,JP,labor,労務単価,潜かん工,所定労働時間内8時間あたり,人日,pref,43,熊本県,,,,23900,JPY,labor_wage_8h,published_pdl,33600,原本の下段(括弧書き): 公共工事設計労務単価+必要経費(法定福利費の事業主負担額、労務管理費、宿舎費等)(試算値),2013-04,2013-04-01,mlit-roumu-h25,p16(横長の表) / p6(縦長の表),https://www.mlit.go.jp/common/000993048.pdf,PDL1.0,,
57b673ce9e77f51a,JP,labor,労務単価,潜かん世話役,所定労働時間内8時間あたり,人日,pref,43,熊本県,,,,28300,JPY,labor_wage_8h,published_pdl,39800,原本の下段(括弧書き): 公共工事設計労務単価+必要経費(法定福利費の事業主負担額、労務管理費、宿舎費等)(試算値),2013-04,2013-04-01,mlit-roumu-h25,p16(横長の表) / p6(縦長の表),https://www.mlit.go.jp/common/000993048.pdf,PDL1.0,,
0dd674f4d39cb17b,JP,labor,労務単価,さく岩工,所定労働時間内8時間あたり,人日,pref,43,熊本県,,,,21700,JPY,labor_wage_8h,published_pdl,30500,原本の下段(括弧書き): 公共工事設計労務単価+必要経費(法定福利費の事業主負担額、労務管理費、宿舎費等)(試算値),2013-04,2013-04-01,mlit-roumu-h25,p16(横長の表) / p6(縦長の表),https://www.mlit.go.jp/common/000993048.pdf,PDL1.0,,
9078ef67ee0205a9,JP,labor,労務単価,トンネル特殊工,所定労働時間内8時間あたり,人日,pref,43,熊本県,,,,21800,JPY,labor_wage_8h,published_pdl,30700,原本の下段(括弧書き): 公共工事設計労務単価+必要経費(法定福利費の事業主負担額、労務管理費、宿舎費等)(試算値),2013-04,2013-04-01,mlit-roumu-h25,p16(横長の表) / p6(縦長の表),https://www.mlit.go.jp/common/000993048.pdf,PDL1.0,,
4c210f0fad3103b7,JP,labor,労務単価,トンネル作業員,所定労働時間内8時間あたり,人日,pref,43,熊本県,,,,17200,JPY,labor_wage_8h,published_pdl,24200,原本の下段(括弧書き): 公共工事設計労務単価+必要経費(法定福利費の事業主負担額、労務管理費、宿舎費等)(試算値),2013-04,2013-04-01,mlit-roumu-h25,p16(横長の表) / p6(縦長の表),https://www.mlit.go.jp/common/000993048.pdf,PDL1.0,,
665bc0dcc8cba1e6,JP,labor,労務単価,トンネル世話役,所定労働時間内8時間あたり,人日,pref,43,熊本県,,,,23900,JPY,labor_wage_8h,published_pdl,33600,原本の下段(括弧書き): 公共工事設計労務単価+必要経費(法定福利費の事業主負担額、労務管理費、宿舎費等)(試算値),2013-04,2013-04-01,mlit-roumu-h25,p17(横長の表) / p7(縦長の表),https://www.mlit.go.jp/common/000993048.pdf,PDL1.0,,
8a5d49b669169cb0,JP,labor,労務単価,橋りょう特殊工,所定労働時間内8時間あたり,人日,pref,43,熊本県,,,,19400,JPY,labor_wage_8h,published_pdl,27300,原本の下段(括弧書き): 公共工事設計労務単価+必要経費(法定福利費の事業主負担額、労務管理費、宿舎費等)(試算値),2013-04,2013-04-01,mlit-roumu-h25,p17(横長の表) / p7(縦長の表),https://www.mlit.go.jp/common/000993048.pdf,PDL1.0,,
cc6fb89aa1bca006,JP,labor,労務単価,橋りょう塗装工,所定労働時間内8時間あたり,人日,pref,43,熊本県,,,,21000,JPY,labor_wage_8h,published_pdl,29500,原本の下段(括弧書き): 公共工事設計労務単価+必要経費(法定福利費の事業主負担額、労務管理費、宿舎費等)(試算値),2013-04,2013-04-01,mlit-roumu-h25,p17(横長の表) / p7(縦長の表),https://www.mlit.go.jp/common/000993048.pdf,PDL1.0,,
6f338ef96a3ee63c,JP,labor,労務単価,橋りょう世話役,所定労働時間内8時間あたり,人日,pref,43,熊本県,,,,23000,JPY,labor_wage_8h,published_pdl,32300,原本の下段(括弧書き): 公共工事設計労務単価+必要経費(法定福利費の事業主負担額、労務管理費、宿舎費等)(試算値),2013-04,2013-04-01,mlit-roumu-h25,p17(横長の表) / p7(縦長の表),https://www.mlit.go.jp/common/000993048.pdf,PDL1.0,,
b612190eb256e6b7,JP,labor,労務単価,土木一般世話役,所定労働時間内8時間あたり,人日,pref,43,熊本県,,,,17700,JPY,labor_wage_8h,published_pdl,24900,原本の下段(括弧書き): 公共工事設計労務単価+必要経費(法定福利費の事業主負担額、労務管理費、宿舎費等)(試算値),2013-04,2013-04-01,mlit-roumu-h25,p17(横長の表) / p7(縦長の表),https://www.mlit.go.jp/common/000993048.pdf,PDL1.0,,
8ed04a0ff3879644,JP,labor,労務単価,高級船員,所定労働時間内8時間あたり,人日,pref,43,熊本県,,,,22000,JPY,labor_wage_8h,published_pdl,30900,原本の下段(括弧書き): 公共工事設計労務単価+必要経費(法定福利費の事業主負担額、労務管理費、宿舎費等)(試算値),2013-04,2013-04-01,mlit-roumu-h25,p17(横長の表) / p7(縦長の表),https://www.mlit.go.jp/common/000993048.pdf,PDL1.0,,
9490c4c61046e671,JP,labor,労務単価,普通船員,所定労働時間内8時間あたり,人日,pref,43,熊本県,,,,17400,JPY,labor_wage_8h,published_pdl,24500,原本の下段(括弧書き): 公共工事設計労務単価+必要経費(法定福利費の事業主負担額、労務管理費、宿舎費等)(試算値),2013-04,2013-04-01,mlit-roumu-h25,p17(横長の表) / p7(縦長の表),https://www.mlit.go.jp/common/000993048.pdf,PDL1.0,,
d4a727a04fa59c2e,JP,labor,労務単価,潜水士,所定労働時間内8時間あたり,人日,pref,43,熊本県,,,,27600,JPY,labor_wage_8h,published_pdl,38800,原本の下段(括弧書き): 公共工事設計労務単価+必要経費(法定福利費の事業主負担額、労務管理費、宿舎費等)(試算値),2013-04,2013-04-01,mlit-roumu-h25,p17(横長の表) / p7(縦長の表),https://www.mlit.go.jp/common/000993048.pdf,PDL1.0,,
cc37805c3121553d,JP,labor,労務単価,潜水連絡員,所定労働時間内8時間あたり,人日,pref,43,熊本県,,,,17300,JPY,labor_wage_8h,published_pdl,24300,原本の下段(括弧書き): 公共工事設計労務単価+必要経費(法定福利費の事業主負担額、労務管理費、宿舎費等)(試算値),2013-04,2013-04-01,mlit-roumu-h25,p17(横長の表) / p7(縦長の表),https://www.mlit.go.jp/common/000993048.pdf,PDL1.0,,
106296866e4c7fcd,JP,labor,労務単価,潜水送気員,所定労働時間内8時間あたり,人日,pref,43,熊本県,,,,17400,JPY,labor_wage_8h,published_pdl,24500,原本の下段(括弧書き): 公共工事設計労務単価+必要経費(法定福利費の事業主負担額、労務管理費、宿舎費等)(試算値),2013-04,2013-04-01,mlit-roumu-h25,p17(横長の表) / p7(縦長の表),https://www.mlit.go.jp/common/000993048.pdf,PDL1.0,,
65c9dc125bcf7947,JP,labor,労務単価,山林砂防工,所定労働時間内8時間あたり,人日,pref,43,熊本県,,,,,JPY,labor_wage_8h,not_set,,,2013-04,2013-04-01,mlit-roumu-h25,p17(横長の表) / p8(縦長の表),https://www.mlit.go.jp/common/000993048.pdf,PDL1.0,,原本の表で『-』(この都道府県ではこの職種の単価を設定していない)
6aa02e225b6a5526,JP,labor,労務単価,軌道工,所定労働時間内8時間あたり,人日,pref,43,熊本県,,,,19600,JPY,labor_wage_8h,published_pdl,27600,原本の下段(括弧書き): 公共工事設計労務単価+必要経費(法定福利費の事業主負担額、労務管理費、宿舎費等)(試算値),2013-04,2013-04-01,mlit-roumu-h25,p17(横長の表) / p8(縦長の表),https://www.mlit.go.jp/common/000993048.pdf,PDL1.0,,
784da0b893492440,JP,labor,労務単価,型わく工,所定労働時間内8時間あたり,人日,pref,43,熊本県,,,,15900,JPY,labor_wage_8h,published_pdl,22400,原本の下段(括弧書き): 公共工事設計労務単価+必要経費(法定福利費の事業主負担額、労務管理費、宿舎費等)(試算値),2013-04,2013-04-01,mlit-roumu-h25,p17(横長の表) / p8(縦長の表),https://www.mlit.go.jp/common/000993048.pdf,PDL1.0,,
0ce686924f9ac317,JP,labor,労務単価,大工,所定労働時間内8時間あたり,人日,pref,43,熊本県,,,,17100,JPY,labor_wage_8h,published_pdl,24000,原本の下段(括弧書き): 公共工事設計労務単価+必要経費(法定福利費の事業主負担額、労務管理費、宿舎費等)(試算値),2013-04,2013-04-01,mlit-roumu-h25,p17(横長の表) / p8(縦長の表),https://www.mlit.go.jp/common/000993048.pdf,PDL1.0,,
fddd36f7ba592edd,JP,labor,労務単価,左官,所定労働時間内8時間あたり,人日,pref,43,熊本県,,,,15900,JPY,labor_wage_8h,published_pdl,22400,原本の下段(括弧書き): 公共工事設計労務単価+必要経費(法定福利費の事業主負担額、労務管理費、宿舎費等)(試算値),2013-04,2013-04-01,mlit-roumu-h25,p17(横長の表) / p8(縦長の表),https://www.mlit.go.jp/common/000993048.pdf,PDL1.0,,
c64e260b2308b805,JP,labor,労務単価,配管工,所定労働時間内8時間あたり,人日,pref,43,熊本県,,,,14800,JPY,labor_wage_8h,published_pdl,20800,原本の下段(括弧書き): 公共工事設計労務単価+必要経費(法定福利費の事業主負担額、労務管理費、宿舎費等)(試算値),2013-04,2013-04-01,mlit-roumu-h25,p17(横長の表) / p8(縦長の表),https://www.mlit.go.jp/common/000993048.pdf,PDL1.0,,
516f9ab8d135da53,JP,labor,労務単価,はつり工,所定労働時間内8時間あたり,人日,pref,43,熊本県,,,,14600,JPY,labor_wage_8h,published_pdl,20500,原本の下段(括弧書き): 公共工事設計労務単価+必要経費(法定福利費の事業主負担額、労務管理費、宿舎費等)(試算値),2013-04,2013-04-01,mlit-roumu-h25,p17(横長の表) / p8(縦長の表),https://www.mlit.go.jp/common/000993048.pdf,PDL1.0,,
9b88e8904fddd632,JP,labor,労務単価,防水工,所定労働時間内8時間あたり,人日,pref,43,熊本県,,,,15900,JPY,labor_wage_8h,published_pdl,22400,原本の下段(括弧書き): 公共工事設計労務単価+必要経費(法定福利費の事業主負担額、労務管理費、宿舎費等)(試算値),2013-04,2013-04-01,mlit-roumu-h25,p17(横長の表) / p8(縦長の表),https://www.mlit.go.jp/common/000993048.pdf,PDL1.0,,
df67769fa3e70fa0,JP,labor,労務単価,板金工,所定労働時間内8時間あたり,人日,pref,43,熊本県,,,,14600,JPY,labor_wage_8h,published_pdl,20500,原本の下段(括弧書き): 公共工事設計労務単価+必要経費(法定福利費の事業主負担額、労務管理費、宿舎費等)(試算値),2013-04,2013-04-01,mlit-roumu-h25,p17(横長の表) / p8(縦長の表),https://www.mlit.go.jp/common/000993048.pdf,PDL1.0,,
9abd527d021714f3,JP,labor,労務単価,タイル工,所定労働時間内8時間あたり,人日,pref,43,熊本県,,,,,JPY,labor_wage_8h,not_set,,,2013-04,2013-04-01,mlit-roumu-h25,p17(横長の表) / p8(縦長の表),https://www.mlit.go.jp/common/000993048.pdf,PDL1.0,,原本の表で『-』(この都道府県ではこの職種の単価を設定していない)
98689320b26f1f6e,JP,labor,労務単価,サッシ工,所定労働時間内8時間あたり,人日,pref,43,熊本県,,,,19500,JPY,labor_wage_8h,published_pdl,27400,原本の下段(括弧書き): 公共工事設計労務単価+必要経費(法定福利費の事業主負担額、労務管理費、宿舎費等)(試算値),2013-04,2013-04-01,mlit-roumu-h25,p18(横長の表) / p9(縦長の表),https://www.mlit.go.jp/common/000993048.pdf,PDL1.0,,
9fcbc62bf6dd000d,JP,labor,労務単価,内装工,所定労働時間内8時間あたり,人日,pref,43,熊本県,,,,16100,JPY,labor_wage_8h,published_pdl,22600,原本の下段(括弧書き): 公共工事設計労務単価+必要経費(法定福利費の事業主負担額、労務管理費、宿舎費等)(試算値),2013-04,2013-04-01,mlit-roumu-h25,p18(横長の表) / p9(縦長の表),https://www.mlit.go.jp/common/000993048.pdf,PDL1.0,,
7936bd2a8b22fd51,JP,labor,労務単価,ガラス工,所定労働時間内8時間あたり,人日,pref,43,熊本県,,,,16200,JPY,labor_wage_8h,published_pdl,22800,原本の下段(括弧書き): 公共工事設計労務単価+必要経費(法定福利費の事業主負担額、労務管理費、宿舎費等)(試算値),2013-04,2013-04-01,mlit-roumu-h25,p18(横長の表) / p9(縦長の表),https://www.mlit.go.jp/common/000993048.pdf,PDL1.0,,
feddc1d9e6e559dc,JP,labor,労務単価,建具工,所定労働時間内8時間あたり,人日,pref,43,熊本県,,,,,JPY,labor_wage_8h,not_set,,,2013-04,2013-04-01,mlit-roumu-h25,p18(横長の表) / p9(縦長の表),https://www.mlit.go.jp/common/000993048.pdf,PDL1.0,,原本の表で『-』(この都道府県ではこの職種の単価を設定していない)
93a12e21cd38d899,JP,labor,労務単価,ダクト工,所定労働時間内8時間あたり,人日,pref,43,熊本県,,,,13700,JPY,labor_wage_8h,published_pdl,19300,原本の下段(括弧書き): 公共工事設計労務単価+必要経費(法定福利費の事業主負担額、労務管理費、宿舎費等)(試算値),2013-04,2013-04-01,mlit-roumu-h25,p18(横長の表) / p9(縦長の表),https://www.mlit.go.jp/common/000993048.pdf,PDL1.0,,
49c0138441cf4af4,JP,labor,労務単価,保温工,所定労働時間内8時間あたり,人日,pref,43,熊本県,,,,15300,JPY,labor_wage_8h,published_pdl,21500,原本の下段(括弧書き): 公共工事設計労務単価+必要経費(法定福利費の事業主負担額、労務管理費、宿舎費等)(試算値),2013-04,2013-04-01,mlit-roumu-h25,p18(横長の表) / p9(縦長の表),https://www.mlit.go.jp/common/000993048.pdf,PDL1.0,,
717a3b0ff157edda,JP,labor,労務単価,建築ブロック工,所定労働時間内8時間あたり,人日,pref,43,熊本県,,,,,JPY,labor_wage_8h,not_set,,,2013-04,2013-04-01,mlit-roumu-h25,p18(横長の表) / p9(縦長の表),https://www.mlit.go.jp/common/000993048.pdf,PDL1.0,,原本の表で『-』(この都道府県ではこの職種の単価を設定していない)
bea3bb5ae3d60e31,JP,labor,労務単価,設備機械工,所定労働時間内8時間あたり,人日,pref,43,熊本県,,,,16200,JPY,labor_wage_8h,published_pdl,22800,原本の下段(括弧書き): 公共工事設計労務単価+必要経費(法定福利費の事業主負担額、労務管理費、宿舎費等)(試算値),2013-04,2013-04-01,mlit-roumu-h25,p18(横長の表) / p9(縦長の表),https://www.mlit.go.jp/common/000993048.pdf,PDL1.0,,
2854ded1bf7f8835,JP,labor,労務単価,交通誘導員Ａ,所定労働時間内8時間あたり,人日,pref,43,熊本県,,,,8600,JPY,labor_wage_8h,published_pdl,12100,原本の下段(括弧書き): 公共工事設計労務単価+必要経費(法定福利費の事業主負担額、労務管理費、宿舎費等)(試算値),2013-04,2013-04-01,mlit-roumu-h25,p18(横長の表) / p9(縦長の表),https://www.mlit.go.jp/common/000993048.pdf,PDL1.0,,
44b110fb40d1d38b,JP,labor,労務単価,交通誘導員Ｂ,所定労働時間内8時間あたり,人日,pref,43,熊本県,,,,7800,JPY,labor_wage_8h,published_pdl,11000,原本の下段(括弧書き): 公共工事設計労務単価+必要経費(法定福利費の事業主負担額、労務管理費、宿舎費等)(試算値),2013-04,2013-04-01,mlit-roumu-h25,p18(横長の表) / p9(縦長の表),https://www.mlit.go.jp/common/000993048.pdf,PDL1.0,,
1a4fe043f6ca54d6,JP,labor,労務単価,特殊作業員,所定労働時間内8時間あたり,人日,pref,44,大分県,,,,15400,JPY,labor_wage_8h,published_pdl,21700,原本の下段(括弧書き): 公共工事設計労務単価+必要経費(法定福利費の事業主負担額、労務管理費、宿舎費等)(試算値),2013-04,2013-04-01,mlit-roumu-h25,p16(横長の表) / p5(縦長の表),https://www.mlit.go.jp/common/000993048.pdf,PDL1.0,,
97e9ca405141bfb7,JP,labor,労務単価,普通作業員,所定労働時間内8時間あたり,人日,pref,44,大分県,,,,13100,JPY,labor_wage_8h,published_pdl,18400,原本の下段(括弧書き): 公共工事設計労務単価+必要経費(法定福利費の事業主負担額、労務管理費、宿舎費等)(試算値),2013-04,2013-04-01,mlit-roumu-h25,p16(横長の表) / p5(縦長の表),https://www.mlit.go.jp/common/000993048.pdf,PDL1.0,,
c40a8a5bc3e5851e,JP,labor,労務単価,軽作業員,所定労働時間内8時間あたり,人日,pref,44,大分県,,,,10400,JPY,labor_wage_8h,published_pdl,14600,原本の下段(括弧書き): 公共工事設計労務単価+必要経費(法定福利費の事業主負担額、労務管理費、宿舎費等)(試算値),2013-04,2013-04-01,mlit-roumu-h25,p16(横長の表) / p5(縦長の表),https://www.mlit.go.jp/common/000993048.pdf,PDL1.0,,
0595a83fcc5edb65,JP,labor,労務単価,造園工,所定労働時間内8時間あたり,人日,pref,44,大分県,,,,15300,JPY,labor_wage_8h,published_pdl,21500,原本の下段(括弧書き): 公共工事設計労務単価+必要経費(法定福利費の事業主負担額、労務管理費、宿舎費等)(試算値),2013-04,2013-04-01,mlit-roumu-h25,p16(横長の表) / p5(縦長の表),https://www.mlit.go.jp/common/000993048.pdf,PDL1.0,,
68bbade106aea0ed,JP,labor,労務単価,法面工,所定労働時間内8時間あたり,人日,pref,44,大分県,,,,16400,JPY,labor_wage_8h,published_pdl,23100,原本の下段(括弧書き): 公共工事設計労務単価+必要経費(法定福利費の事業主負担額、労務管理費、宿舎費等)(試算値),2013-04,2013-04-01,mlit-roumu-h25,p16(横長の表) / p5(縦長の表),https://www.mlit.go.jp/common/000993048.pdf,PDL1.0,,
a0b4b972590cb236,JP,labor,労務単価,とび工,所定労働時間内8時間あたり,人日,pref,44,大分県,,,,15900,JPY,labor_wage_8h,published_pdl,22400,原本の下段(括弧書き): 公共工事設計労務単価+必要経費(法定福利費の事業主負担額、労務管理費、宿舎費等)(試算値),2013-04,2013-04-01,mlit-roumu-h25,p16(横長の表) / p5(縦長の表),https://www.mlit.go.jp/common/000993048.pdf,PDL1.0,,
b788dc3830e15071,JP,labor,労務単価,石工,所定労働時間内8時間あたり,人日,pref,44,大分県,,,,19500,JPY,labor_wage_8h,published_pdl,27400,原本の下段(括弧書き): 公共工事設計労務単価+必要経費(法定福利費の事業主負担額、労務管理費、宿舎費等)(試算値),2013-04,2013-04-01,mlit-roumu-h25,p16(横長の表) / p5(縦長の表),https://www.mlit.go.jp/common/000993048.pdf,PDL1.0,,
9ba76db16e0648c0,JP,labor,労務単価,ブロック工,所定労働時間内8時間あたり,人日,pref,44,大分県,,,,18900,JPY,labor_wage_8h,published_pdl,26600,原本の下段(括弧書き): 公共工事設計労務単価+必要経費(法定福利費の事業主負担額、労務管理費、宿舎費等)(試算値),2013-04,2013-04-01,mlit-roumu-h25,p16(横長の表) / p5(縦長の表),https://www.mlit.go.jp/common/000993048.pdf,PDL1.0,,
74b93e22155086cf,JP,labor,労務単価,電工,所定労働時間内8時間あたり,人日,pref,44,大分県,,,,15000,JPY,labor_wage_8h,published_pdl,21100,原本の下段(括弧書き): 公共工事設計労務単価+必要経費(法定福利費の事業主負担額、労務管理費、宿舎費等)(試算値),2013-04,2013-04-01,mlit-roumu-h25,p16(横長の表) / p5(縦長の表),https://www.mlit.go.jp/common/000993048.pdf,PDL1.0,,
92edace23bccba18,JP,labor,労務単価,鉄筋工,所定労働時間内8時間あたり,人日,pref,44,大分県,,,,16100,JPY,labor_wage_8h,published_pdl,22600,原本の下段(括弧書き): 公共工事設計労務単価+必要経費(法定福利費の事業主負担額、労務管理費、宿舎費等)(試算値),2013-04,2013-04-01,mlit-roumu-h25,p16(横長の表) / p5(縦長の表),https://www.mlit.go.jp/common/000993048.pdf,PDL1.0,,
de578a90a29628e7,JP,labor,労務単価,鉄骨工,所定労働時間内8時間あたり,人日,pref,44,大分県,,,,14700,JPY,labor_wage_8h,published_pdl,20700,原本の下段(括弧書き): 公共工事設計労務単価+必要経費(法定福利費の事業主負担額、労務管理費、宿舎費等)(試算値),2013-04,2013-04-01,mlit-roumu-h25,p16(横長の表) / p6(縦長の表),https://www.mlit.go.jp/common/000993048.pdf,PDL1.0,,
65b4cdba81c38c8b,JP,labor,労務単価,塗装工,所定労働時間内8時間あたり,人日,pref,44,大分県,,,,16000,JPY,labor_wage_8h,published_pdl,22500,原本の下段(括弧書き): 公共工事設計労務単価+必要経費(法定福利費の事業主負担額、労務管理費、宿舎費等)(試算値),2013-04,2013-04-01,mlit-roumu-h25,p16(横長の表) / p6(縦長の表),https://www.mlit.go.jp/common/000993048.pdf,PDL1.0,,
ead33ea0b551a5f2,JP,labor,労務単価,溶接工,所定労働時間内8時間あたり,人日,pref,44,大分県,,,,16600,JPY,labor_wage_8h,published_pdl,23300,原本の下段(括弧書き): 公共工事設計労務単価+必要経費(法定福利費の事業主負担額、労務管理費、宿舎費等)(試算値),2013-04,2013-04-01,mlit-roumu-h25,p16(横長の表) / p6(縦長の表),https://www.mlit.go.jp/common/000993048.pdf,PDL1.0,,
624fa86eb975f96b,JP,labor,労務単価,運転手（特殊）,所定労働時間内8時間あたり,人日,pref,44,大分県,,,,17400,JPY,labor_wage_8h,published_pdl,24500,原本の下段(括弧書き): 公共工事設計労務単価+必要経費(法定福利費の事業主負担額、労務管理費、宿舎費等)(試算値),2013-04,2013-04-01,mlit-roumu-h25,p16(横長の表) / p6(縦長の表),https://www.mlit.go.jp/common/000993048.pdf,PDL1.0,,
d880d37409c48f72,JP,labor,労務単価,運転手（一般）,所定労働時間内8時間あたり,人日,pref,44,大分県,,,,15900,JPY,labor_wage_8h,published_pdl,22400,原本の下段(括弧書き): 公共工事設計労務単価+必要経費(法定福利費の事業主負担額、労務管理費、宿舎費等)(試算値),2013-04,2013-04-01,mlit-roumu-h25,p16(横長の表) / p6(縦長の表),https://www.mlit.go.jp/common/000993048.pdf,PDL1.0,,
2149013fb06b69a3,JP,labor,労務単価,潜かん工,所定労働時間内8時間あたり,人日,pref,44,大分県,,,,23900,JPY,labor_wage_8h,published_pdl,33600,原本の下段(括弧書き): 公共工事設計労務単価+必要経費(法定福利費の事業主負担額、労務管理費、宿舎費等)(試算値),2013-04,2013-04-01,mlit-roumu-h25,p16(横長の表) / p6(縦長の表),https://www.mlit.go.jp/common/000993048.pdf,PDL1.0,,
3d7cdb41d5f00af1,JP,labor,労務単価,潜かん世話役,所定労働時間内8時間あたり,人日,pref,44,大分県,,,,28300,JPY,labor_wage_8h,published_pdl,39800,原本の下段(括弧書き): 公共工事設計労務単価+必要経費(法定福利費の事業主負担額、労務管理費、宿舎費等)(試算値),2013-04,2013-04-01,mlit-roumu-h25,p16(横長の表) / p6(縦長の表),https://www.mlit.go.jp/common/000993048.pdf,PDL1.0,,
a6762abe32c4fc3e,JP,labor,労務単価,さく岩工,所定労働時間内8時間あたり,人日,pref,44,大分県,,,,21700,JPY,labor_wage_8h,published_pdl,30500,原本の下段(括弧書き): 公共工事設計労務単価+必要経費(法定福利費の事業主負担額、労務管理費、宿舎費等)(試算値),2013-04,2013-04-01,mlit-roumu-h25,p16(横長の表) / p6(縦長の表),https://www.mlit.go.jp/common/000993048.pdf,PDL1.0,,
b55221131dbee961,JP,labor,労務単価,トンネル特殊工,所定労働時間内8時間あたり,人日,pref,44,大分県,,,,21400,JPY,labor_wage_8h,published_pdl,30100,原本の下段(括弧書き): 公共工事設計労務単価+必要経費(法定福利費の事業主負担額、労務管理費、宿舎費等)(試算値),2013-04,2013-04-01,mlit-roumu-h25,p16(横長の表) / p6(縦長の表),https://www.mlit.go.jp/common/000993048.pdf,PDL1.0,,
48eba05b31247093,JP,labor,労務単価,トンネル作業員,所定労働時間内8時間あたり,人日,pref,44,大分県,,,,17200,JPY,labor_wage_8h,published_pdl,24200,原本の下段(括弧書き): 公共工事設計労務単価+必要経費(法定福利費の事業主負担額、労務管理費、宿舎費等)(試算値),2013-04,2013-04-01,mlit-roumu-h25,p16(横長の表) / p6(縦長の表),https://www.mlit.go.jp/common/000993048.pdf,PDL1.0,,
785b2d33867c857d,JP,labor,労務単価,トンネル世話役,所定労働時間内8時間あたり,人日,pref,44,大分県,,,,23900,JPY,labor_wage_8h,published_pdl,33600,原本の下段(括弧書き): 公共工事設計労務単価+必要経費(法定福利費の事業主負担額、労務管理費、宿舎費等)(試算値),2013-04,2013-04-01,mlit-roumu-h25,p17(横長の表) / p7(縦長の表),https://www.mlit.go.jp/common/000993048.pdf,PDL1.0,,
700a1ee14deaeb38,JP,labor,労務単価,橋りょう特殊工,所定労働時間内8時間あたり,人日,pref,44,大分県,,,,19400,JPY,labor_wage_8h,published_pdl,27300,原本の下段(括弧書き): 公共工事設計労務単価+必要経費(法定福利費の事業主負担額、労務管理費、宿舎費等)(試算値),2013-04,2013-04-01,mlit-roumu-h25,p17(横長の表) / p7(縦長の表),https://www.mlit.go.jp/common/000993048.pdf,PDL1.0,,
b3c86f135e9b22fd,JP,labor,労務単価,橋りょう塗装工,所定労働時間内8時間あたり,人日,pref,44,大分県,,,,21000,JPY,labor_wage_8h,published_pdl,29500,原本の下段(括弧書き): 公共工事設計労務単価+必要経費(法定福利費の事業主負担額、労務管理費、宿舎費等)(試算値),2013-04,2013-04-01,mlit-roumu-h25,p17(横長の表) / p7(縦長の表),https://www.mlit.go.jp/common/000993048.pdf,PDL1.0,,
9b35f158364a807d,JP,labor,労務単価,橋りょう世話役,所定労働時間内8時間あたり,人日,pref,44,大分県,,,,23400,JPY,labor_wage_8h,published_pdl,32900,原本の下段(括弧書き): 公共工事設計労務単価+必要経費(法定福利費の事業主負担額、労務管理費、宿舎費等)(試算値),2013-04,2013-04-01,mlit-roumu-h25,p17(横長の表) / p7(縦長の表),https://www.mlit.go.jp/common/000993048.pdf,PDL1.0,,
e7682e5e52d5180d,JP,labor,労務単価,土木一般世話役,所定労働時間内8時間あたり,人日,pref,44,大分県,,,,18600,JPY,labor_wage_8h,published_pdl,26200,原本の下段(括弧書き): 公共工事設計労務単価+必要経費(法定福利費の事業主負担額、労務管理費、宿舎費等)(試算値),2013-04,2013-04-01,mlit-roumu-h25,p17(横長の表) / p7(縦長の表),https://www.mlit.go.jp/common/000993048.pdf,PDL1.0,,
67c1d8e45400565c,JP,labor,労務単価,高級船員,所定労働時間内8時間あたり,人日,pref,44,大分県,,,,22000,JPY,labor_wage_8h,published_pdl,30900,原本の下段(括弧書き): 公共工事設計労務単価+必要経費(法定福利費の事業主負担額、労務管理費、宿舎費等)(試算値),2013-04,2013-04-01,mlit-roumu-h25,p17(横長の表) / p7(縦長の表),https://www.mlit.go.jp/common/000993048.pdf,PDL1.0,,
d2bb0996763fb8da,JP,labor,労務単価,普通船員,所定労働時間内8時間あたり,人日,pref,44,大分県,,,,17400,JPY,labor_wage_8h,published_pdl,24500,原本の下段(括弧書き): 公共工事設計労務単価+必要経費(法定福利費の事業主負担額、労務管理費、宿舎費等)(試算値),2013-04,2013-04-01,mlit-roumu-h25,p17(横長の表) / p7(縦長の表),https://www.mlit.go.jp/common/000993048.pdf,PDL1.0,,
c09a90d18b858c63,JP,labor,労務単価,潜水士,所定労働時間内8時間あたり,人日,pref,44,大分県,,,,27600,JPY,labor_wage_8h,published_pdl,38800,原本の下段(括弧書き): 公共工事設計労務単価+必要経費(法定福利費の事業主負担額、労務管理費、宿舎費等)(試算値),2013-04,2013-04-01,mlit-roumu-h25,p17(横長の表) / p7(縦長の表),https://www.mlit.go.jp/common/000993048.pdf,PDL1.0,,
35582f3ea0cf107a,JP,labor,労務単価,潜水連絡員,所定労働時間内8時間あたり,人日,pref,44,大分県,,,,17300,JPY,labor_wage_8h,published_pdl,24300,原本の下段(括弧書き): 公共工事設計労務単価+必要経費(法定福利費の事業主負担額、労務管理費、宿舎費等)(試算値),2013-04,2013-04-01,mlit-roumu-h25,p17(横長の表) / p7(縦長の表),https://www.mlit.go.jp/common/000993048.pdf,PDL1.0,,
349afc4a2168acaa,JP,labor,労務単価,潜水送気員,所定労働時間内8時間あたり,人日,pref,44,大分県,,,,17400,JPY,labor_wage_8h,published_pdl,24500,原本の下段(括弧書き): 公共工事設計労務単価+必要経費(法定福利費の事業主負担額、労務管理費、宿舎費等)(試算値),2013-04,2013-04-01,mlit-roumu-h25,p17(横長の表) / p7(縦長の表),https://www.mlit.go.jp/common/000993048.pdf,PDL1.0,,
f5c1b66408c051c9,JP,labor,労務単価,山林砂防工,所定労働時間内8時間あたり,人日,pref,44,大分県,,,,,JPY,labor_wage_8h,not_set,,,2013-04,2013-04-01,mlit-roumu-h25,p17(横長の表) / p8(縦長の表),https://www.mlit.go.jp/common/000993048.pdf,PDL1.0,,原本の表で『-』(この都道府県ではこの職種の単価を設定していない)
e8bcb63ff2910d98,JP,labor,労務単価,軌道工,所定労働時間内8時間あたり,人日,pref,44,大分県,,,,19500,JPY,labor_wage_8h,published_pdl,27400,原本の下段(括弧書き): 公共工事設計労務単価+必要経費(法定福利費の事業主負担額、労務管理費、宿舎費等)(試算値),2013-04,2013-04-01,mlit-roumu-h25,p17(横長の表) / p8(縦長の表),https://www.mlit.go.jp/common/000993048.pdf,PDL1.0,,
1ebfbe9ba70d6c14,JP,labor,労務単価,型わく工,所定労働時間内8時間あたり,人日,pref,44,大分県,,,,15400,JPY,labor_wage_8h,published_pdl,21700,原本の下段(括弧書き): 公共工事設計労務単価+必要経費(法定福利費の事業主負担額、労務管理費、宿舎費等)(試算値),2013-04,2013-04-01,mlit-roumu-h25,p17(横長の表) / p8(縦長の表),https://www.mlit.go.jp/common/000993048.pdf,PDL1.0,,
b903d8a99df1f668,JP,labor,労務単価,大工,所定労働時間内8時間あたり,人日,pref,44,大分県,,,,16900,JPY,labor_wage_8h,published_pdl,23800,原本の下段(括弧書き): 公共工事設計労務単価+必要経費(法定福利費の事業主負担額、労務管理費、宿舎費等)(試算値),2013-04,2013-04-01,mlit-roumu-h25,p17(横長の表) / p8(縦長の表),https://www.mlit.go.jp/common/000993048.pdf,PDL1.0,,
658eab5ee4d2eca9,JP,labor,労務単価,左官,所定労働時間内8時間あたり,人日,pref,44,大分県,,,,16100,JPY,labor_wage_8h,published_pdl,22600,原本の下段(括弧書き): 公共工事設計労務単価+必要経費(法定福利費の事業主負担額、労務管理費、宿舎費等)(試算値),2013-04,2013-04-01,mlit-roumu-h25,p17(横長の表) / p8(縦長の表),https://www.mlit.go.jp/common/000993048.pdf,PDL1.0,,
bad12df6243b7ae8,JP,labor,労務単価,配管工,所定労働時間内8時間あたり,人日,pref,44,大分県,,,,14900,JPY,labor_wage_8h,published_pdl,20900,原本の下段(括弧書き): 公共工事設計労務単価+必要経費(法定福利費の事業主負担額、労務管理費、宿舎費等)(試算値),2013-04,2013-04-01,mlit-roumu-h25,p17(横長の表) / p8(縦長の表),https://www.mlit.go.jp/common/000993048.pdf,PDL1.0,,
2afb1d318a9892f0,JP,labor,労務単価,はつり工,所定労働時間内8時間あたり,人日,pref,44,大分県,,,,14700,JPY,labor_wage_8h,published_pdl,20700,原本の下段(括弧書き): 公共工事設計労務単価+必要経費(法定福利費の事業主負担額、労務管理費、宿舎費等)(試算値),2013-04,2013-04-01,mlit-roumu-h25,p17(横長の表) / p8(縦長の表),https://www.mlit.go.jp/common/000993048.pdf,PDL1.0,,
0bea9cd5c49932c8,JP,labor,労務単価,防水工,所定労働時間内8時間あたり,人日,pref,44,大分県,,,,16000,JPY,labor_wage_8h,published_pdl,22500,原本の下段(括弧書き): 公共工事設計労務単価+必要経費(法定福利費の事業主負担額、労務管理費、宿舎費等)(試算値),2013-04,2013-04-01,mlit-roumu-h25,p17(横長の表) / p8(縦長の表),https://www.mlit.go.jp/common/000993048.pdf,PDL1.0,,
dc9f6852f1b8b2e0,JP,labor,労務単価,板金工,所定労働時間内8時間あたり,人日,pref,44,大分県,,,,14700,JPY,labor_wage_8h,published_pdl,20700,原本の下段(括弧書き): 公共工事設計労務単価+必要経費(法定福利費の事業主負担額、労務管理費、宿舎費等)(試算値),2013-04,2013-04-01,mlit-roumu-h25,p17(横長の表) / p8(縦長の表),https://www.mlit.go.jp/common/000993048.pdf,PDL1.0,,
e619ba2db8e49dc6,JP,labor,労務単価,タイル工,所定労働時間内8時間あたり,人日,pref,44,大分県,,,,,JPY,labor_wage_8h,not_set,,,2013-04,2013-04-01,mlit-roumu-h25,p17(横長の表) / p8(縦長の表),https://www.mlit.go.jp/common/000993048.pdf,PDL1.0,,原本の表で『-』(この都道府県ではこの職種の単価を設定していない)
06535ab0dc0ae600,JP,labor,労務単価,サッシ工,所定労働時間内8時間あたり,人日,pref,44,大分県,,,,19500,JPY,labor_wage_8h,published_pdl,27400,原本の下段(括弧書き): 公共工事設計労務単価+必要経費(法定福利費の事業主負担額、労務管理費、宿舎費等)(試算値),2013-04,2013-04-01,mlit-roumu-h25,p18(横長の表) / p9(縦長の表),https://www.mlit.go.jp/common/000993048.pdf,PDL1.0,,
a93b9ca5a0d263cf,JP,labor,労務単価,内装工,所定労働時間内8時間あたり,人日,pref,44,大分県,,,,16200,JPY,labor_wage_8h,published_pdl,22800,原本の下段(括弧書き): 公共工事設計労務単価+必要経費(法定福利費の事業主負担額、労務管理費、宿舎費等)(試算値),2013-04,2013-04-01,mlit-roumu-h25,p18(横長の表) / p9(縦長の表),https://www.mlit.go.jp/common/000993048.pdf,PDL1.0,,
d7457b754f91cde8,JP,labor,労務単価,ガラス工,所定労働時間内8時間あたり,人日,pref,44,大分県,,,,16200,JPY,labor_wage_8h,published_pdl,22800,原本の下段(括弧書き): 公共工事設計労務単価+必要経費(法定福利費の事業主負担額、労務管理費、宿舎費等)(試算値),2013-04,2013-04-01,mlit-roumu-h25,p18(横長の表) / p9(縦長の表),https://www.mlit.go.jp/common/000993048.pdf,PDL1.0,,
814e730db6df3c90,JP,labor,労務単価,建具工,所定労働時間内8時間あたり,人日,pref,44,大分県,,,,,JPY,labor_wage_8h,not_set,,,2013-04,2013-04-01,mlit-roumu-h25,p18(横長の表) / p9(縦長の表),https://www.mlit.go.jp/common/000993048.pdf,PDL1.0,,原本の表で『-』(この都道府県ではこの職種の単価を設定していない)
9763ec087c377746,JP,labor,労務単価,ダクト工,所定労働時間内8時間あたり,人日,pref,44,大分県,,,,13600,JPY,labor_wage_8h,published_pdl,19100,原本の下段(括弧書き): 公共工事設計労務単価+必要経費(法定福利費の事業主負担額、労務管理費、宿舎費等)(試算値),2013-04,2013-04-01,mlit-roumu-h25,p18(横長の表) / p9(縦長の表),https://www.mlit.go.jp/common/000993048.pdf,PDL1.0,,
aaf6e0f0948f525d,JP,labor,労務単価,保温工,所定労働時間内8時間あたり,人日,pref,44,大分県,,,,15300,JPY,labor_wage_8h,published_pdl,21500,原本の下段(括弧書き): 公共工事設計労務単価+必要経費(法定福利費の事業主負担額、労務管理費、宿舎費等)(試算値),2013-04,2013-04-01,mlit-roumu-h25,p18(横長の表) / p9(縦長の表),https://www.mlit.go.jp/common/000993048.pdf,PDL1.0,,
01fe03ead6f1bbb1,JP,labor,労務単価,建築ブロック工,所定労働時間内8時間あたり,人日,pref,44,大分県,,,,,JPY,labor_wage_8h,not_set,,,2013-04,2013-04-01,mlit-roumu-h25,p18(横長の表) / p9(縦長の表),https://www.mlit.go.jp/common/000993048.pdf,PDL1.0,,原本の表で『-』(この都道府県ではこの職種の単価を設定していない)
a4a28ef3692c9e25,JP,labor,労務単価,設備機械工,所定労働時間内8時間あたり,人日,pref,44,大分県,,,,16100,JPY,labor_wage_8h,published_pdl,22600,原本の下段(括弧書き): 公共工事設計労務単価+必要経費(法定福利費の事業主負担額、労務管理費、宿舎費等)(試算値),2013-04,2013-04-01,mlit-roumu-h25,p18(横長の表) / p9(縦長の表),https://www.mlit.go.jp/common/000993048.pdf,PDL1.0,,
91fb8f5e2009ceef,JP,labor,労務単価,交通誘導員Ａ,所定労働時間内8時間あたり,人日,pref,44,大分県,,,,8800,JPY,labor_wage_8h,published_pdl,12400,原本の下段(括弧書き): 公共工事設計労務単価+必要経費(法定福利費の事業主負担額、労務管理費、宿舎費等)(試算値),2013-04,2013-04-01,mlit-roumu-h25,p18(横長の表) / p9(縦長の表),https://www.mlit.go.jp/common/000993048.pdf,PDL1.0,,
7516a623b6360479,JP,labor,労務単価,交通誘導員Ｂ,所定労働時間内8時間あたり,人日,pref,44,大分県,,,,7600,JPY,labor_wage_8h,published_pdl,10700,原本の下段(括弧書き): 公共工事設計労務単価+必要経費(法定福利費の事業主負担額、労務管理費、宿舎費等)(試算値),2013-04,2013-04-01,mlit-roumu-h25,p18(横長の表) / p9(縦長の表),https://www.mlit.go.jp/common/000993048.pdf,PDL1.0,,
b50a1bb8aef1ac4c,JP,labor,労務単価,特殊作業員,所定労働時間内8時間あたり,人日,pref,45,宮崎県,,,,17200,JPY,labor_wage_8h,published_pdl,24200,原本の下段(括弧書き): 公共工事設計労務単価+必要経費(法定福利費の事業主負担額、労務管理費、宿舎費等)(試算値),2013-04,2013-04-01,mlit-roumu-h25,p16(横長の表) / p5(縦長の表),https://www.mlit.go.jp/common/000993048.pdf,PDL1.0,,
543713387f545aa9,JP,labor,労務単価,普通作業員,所定労働時間内8時間あたり,人日,pref,45,宮崎県,,,,12600,JPY,labor_wage_8h,published_pdl,17700,原本の下段(括弧書き): 公共工事設計労務単価+必要経費(法定福利費の事業主負担額、労務管理費、宿舎費等)(試算値),2013-04,2013-04-01,mlit-roumu-h25,p16(横長の表) / p5(縦長の表),https://www.mlit.go.jp/common/000993048.pdf,PDL1.0,,
1a84a53e5758eae0,JP,labor,労務単価,軽作業員,所定労働時間内8時間あたり,人日,pref,45,宮崎県,,,,10400,JPY,labor_wage_8h,published_pdl,14600,原本の下段(括弧書き): 公共工事設計労務単価+必要経費(法定福利費の事業主負担額、労務管理費、宿舎費等)(試算値),2013-04,2013-04-01,mlit-roumu-h25,p16(横長の表) / p5(縦長の表),https://www.mlit.go.jp/common/000993048.pdf,PDL1.0,,
b96128de81c26525,JP,labor,労務単価,造園工,所定労働時間内8時間あたり,人日,pref,45,宮崎県,,,,15300,JPY,labor_wage_8h,published_pdl,21500,原本の下段(括弧書き): 公共工事設計労務単価+必要経費(法定福利費の事業主負担額、労務管理費、宿舎費等)(試算値),2013-04,2013-04-01,mlit-roumu-h25,p16(横長の表) / p5(縦長の表),https://www.mlit.go.jp/common/000993048.pdf,PDL1.0,,
1f407bfa0c0a9abc,JP,labor,労務単価,法面工,所定労働時間内8時間あたり,人日,pref,45,宮崎県,,,,16600,JPY,labor_wage_8h,published_pdl,23300,原本の下段(括弧書き): 公共工事設計労務単価+必要経費(法定福利費の事業主負担額、労務管理費、宿舎費等)(試算値),2013-04,2013-04-01,mlit-roumu-h25,p16(横長の表) / p5(縦長の表),https://www.mlit.go.jp/common/000993048.pdf,PDL1.0,,
d19f321f75fa853c,JP,labor,労務単価,とび工,所定労働時間内8時間あたり,人日,pref,45,宮崎県,,,,16100,JPY,labor_wage_8h,published_pdl,22600,原本の下段(括弧書き): 公共工事設計労務単価+必要経費(法定福利費の事業主負担額、労務管理費、宿舎費等)(試算値),2013-04,2013-04-01,mlit-roumu-h25,p16(横長の表) / p5(縦長の表),https://www.mlit.go.jp/common/000993048.pdf,PDL1.0,,
1e9cba880e858dc8,JP,labor,労務単価,石工,所定労働時間内8時間あたり,人日,pref,45,宮崎県,,,,19700,JPY,labor_wage_8h,published_pdl,27700,原本の下段(括弧書き): 公共工事設計労務単価+必要経費(法定福利費の事業主負担額、労務管理費、宿舎費等)(試算値),2013-04,2013-04-01,mlit-roumu-h25,p16(横長の表) / p5(縦長の表),https://www.mlit.go.jp/common/000993048.pdf,PDL1.0,,
bb017ca6b009014a,JP,labor,労務単価,ブロック工,所定労働時間内8時間あたり,人日,pref,45,宮崎県,,,,19100,JPY,labor_wage_8h,published_pdl,26900,原本の下段(括弧書き): 公共工事設計労務単価+必要経費(法定福利費の事業主負担額、労務管理費、宿舎費等)(試算値),2013-04,2013-04-01,mlit-roumu-h25,p16(横長の表) / p5(縦長の表),https://www.mlit.go.jp/common/000993048.pdf,PDL1.0,,
82717ec3834ee81f,JP,labor,労務単価,電工,所定労働時間内8時間あたり,人日,pref,45,宮崎県,,,,14700,JPY,labor_wage_8h,published_pdl,20700,原本の下段(括弧書き): 公共工事設計労務単価+必要経費(法定福利費の事業主負担額、労務管理費、宿舎費等)(試算値),2013-04,2013-04-01,mlit-roumu-h25,p16(横長の表) / p5(縦長の表),https://www.mlit.go.jp/common/000993048.pdf,PDL1.0,,
1c0f9b5af6440fce,JP,labor,労務単価,鉄筋工,所定労働時間内8時間あたり,人日,pref,45,宮崎県,,,,15300,JPY,labor_wage_8h,published_pdl,21500,原本の下段(括弧書き): 公共工事設計労務単価+必要経費(法定福利費の事業主負担額、労務管理費、宿舎費等)(試算値),2013-04,2013-04-01,mlit-roumu-h25,p16(横長の表) / p5(縦長の表),https://www.mlit.go.jp/common/000993048.pdf,PDL1.0,,
73050423c53fd82e,JP,labor,労務単価,鉄骨工,所定労働時間内8時間あたり,人日,pref,45,宮崎県,,,,14600,JPY,labor_wage_8h,published_pdl,20500,原本の下段(括弧書き): 公共工事設計労務単価+必要経費(法定福利費の事業主負担額、労務管理費、宿舎費等)(試算値),2013-04,2013-04-01,mlit-roumu-h25,p16(横長の表) / p6(縦長の表),https://www.mlit.go.jp/common/000993048.pdf,PDL1.0,,
26085389de31ba9b,JP,labor,労務単価,塗装工,所定労働時間内8時間あたり,人日,pref,45,宮崎県,,,,15800,JPY,labor_wage_8h,published_pdl,22200,原本の下段(括弧書き): 公共工事設計労務単価+必要経費(法定福利費の事業主負担額、労務管理費、宿舎費等)(試算値),2013-04,2013-04-01,mlit-roumu-h25,p16(横長の表) / p6(縦長の表),https://www.mlit.go.jp/common/000993048.pdf,PDL1.0,,
4cfa6ff8a530f77c,JP,labor,労務単価,溶接工,所定労働時間内8時間あたり,人日,pref,45,宮崎県,,,,16400,JPY,labor_wage_8h,published_pdl,23100,原本の下段(括弧書き): 公共工事設計労務単価+必要経費(法定福利費の事業主負担額、労務管理費、宿舎費等)(試算値),2013-04,2013-04-01,mlit-roumu-h25,p16(横長の表) / p6(縦長の表),https://www.mlit.go.jp/common/000993048.pdf,PDL1.0,,
d7eda0414557c0e0,JP,labor,労務単価,運転手（特殊）,所定労働時間内8時間あたり,人日,pref,45,宮崎県,,,,17400,JPY,labor_wage_8h,published_pdl,24500,原本の下段(括弧書き): 公共工事設計労務単価+必要経費(法定福利費の事業主負担額、労務管理費、宿舎費等)(試算値),2013-04,2013-04-01,mlit-roumu-h25,p16(横長の表) / p6(縦長の表),https://www.mlit.go.jp/common/000993048.pdf,PDL1.0,,
87e7bbd2f1bb66af,JP,labor,労務単価,運転手（一般）,所定労働時間内8時間あたり,人日,pref,45,宮崎県,,,,14900,JPY,labor_wage_8h,published_pdl,20900,原本の下段(括弧書き): 公共工事設計労務単価+必要経費(法定福利費の事業主負担額、労務管理費、宿舎費等)(試算値),2013-04,2013-04-01,mlit-roumu-h25,p16(横長の表) / p6(縦長の表),https://www.mlit.go.jp/common/000993048.pdf,PDL1.0,,
e44d1284040da002,JP,labor,労務単価,潜かん工,所定労働時間内8時間あたり,人日,pref,45,宮崎県,,,,23900,JPY,labor_wage_8h,published_pdl,33600,原本の下段(括弧書き): 公共工事設計労務単価+必要経費(法定福利費の事業主負担額、労務管理費、宿舎費等)(試算値),2013-04,2013-04-01,mlit-roumu-h25,p16(横長の表) / p6(縦長の表),https://www.mlit.go.jp/common/000993048.pdf,PDL1.0,,
af272a087febba19,JP,labor,労務単価,潜かん世話役,所定労働時間内8時間あたり,人日,pref,45,宮崎県,,,,28300,JPY,labor_wage_8h,published_pdl,39800,原本の下段(括弧書き): 公共工事設計労務単価+必要経費(法定福利費の事業主負担額、労務管理費、宿舎費等)(試算値),2013-04,2013-04-01,mlit-roumu-h25,p16(横長の表) / p6(縦長の表),https://www.mlit.go.jp/common/000993048.pdf,PDL1.0,,
54d039e726487983,JP,labor,労務単価,さく岩工,所定労働時間内8時間あたり,人日,pref,45,宮崎県,,,,21700,JPY,labor_wage_8h,published_pdl,30500,原本の下段(括弧書き): 公共工事設計労務単価+必要経費(法定福利費の事業主負担額、労務管理費、宿舎費等)(試算値),2013-04,2013-04-01,mlit-roumu-h25,p16(横長の表) / p6(縦長の表),https://www.mlit.go.jp/common/000993048.pdf,PDL1.0,,
d1421ea0c3d51b37,JP,labor,労務単価,トンネル特殊工,所定労働時間内8時間あたり,人日,pref,45,宮崎県,,,,22300,JPY,labor_wage_8h,published_pdl,31400,原本の下段(括弧書き): 公共工事設計労務単価+必要経費(法定福利費の事業主負担額、労務管理費、宿舎費等)(試算値),2013-04,2013-04-01,mlit-roumu-h25,p16(横長の表) / p6(縦長の表),https://www.mlit.go.jp/common/000993048.pdf,PDL1.0,,
6f9ddc8123ec5c09,JP,labor,労務単価,トンネル作業員,所定労働時間内8時間あたり,人日,pref,45,宮崎県,,,,17200,JPY,labor_wage_8h,published_pdl,24200,原本の下段(括弧書き): 公共工事設計労務単価+必要経費(法定福利費の事業主負担額、労務管理費、宿舎費等)(試算値),2013-04,2013-04-01,mlit-roumu-h25,p16(横長の表) / p6(縦長の表),https://www.mlit.go.jp/common/000993048.pdf,PDL1.0,,
472922e07802cba8,JP,labor,労務単価,トンネル世話役,所定労働時間内8時間あたり,人日,pref,45,宮崎県,,,,23900,JPY,labor_wage_8h,published_pdl,33600,原本の下段(括弧書き): 公共工事設計労務単価+必要経費(法定福利費の事業主負担額、労務管理費、宿舎費等)(試算値),2013-04,2013-04-01,mlit-roumu-h25,p17(横長の表) / p7(縦長の表),https://www.mlit.go.jp/common/000993048.pdf,PDL1.0,,
793aec131a5d218d,JP,labor,労務単価,橋りょう特殊工,所定労働時間内8時間あたり,人日,pref,45,宮崎県,,,,19400,JPY,labor_wage_8h,published_pdl,27300,原本の下段(括弧書き): 公共工事設計労務単価+必要経費(法定福利費の事業主負担額、労務管理費、宿舎費等)(試算値),2013-04,2013-04-01,mlit-roumu-h25,p17(横長の表) / p7(縦長の表),https://www.mlit.go.jp/common/000993048.pdf,PDL1.0,,
47047fd747581612,JP,labor,労務単価,橋りょう塗装工,所定労働時間内8時間あたり,人日,pref,45,宮崎県,,,,21000,JPY,labor_wage_8h,published_pdl,29500,原本の下段(括弧書き): 公共工事設計労務単価+必要経費(法定福利費の事業主負担額、労務管理費、宿舎費等)(試算値),2013-04,2013-04-01,mlit-roumu-h25,p17(横長の表) / p7(縦長の表),https://www.mlit.go.jp/common/000993048.pdf,PDL1.0,,
1366f138b6853e4d,JP,labor,労務単価,橋りょう世話役,所定労働時間内8時間あたり,人日,pref,45,宮崎県,,,,23900,JPY,labor_wage_8h,published_pdl,33600,原本の下段(括弧書き): 公共工事設計労務単価+必要経費(法定福利費の事業主負担額、労務管理費、宿舎費等)(試算値),2013-04,2013-04-01,mlit-roumu-h25,p17(横長の表) / p7(縦長の表),https://www.mlit.go.jp/common/000993048.pdf,PDL1.0,,
148cf9e980a855e5,JP,labor,労務単価,土木一般世話役,所定労働時間内8時間あたり,人日,pref,45,宮崎県,,,,19000,JPY,labor_wage_8h,published_pdl,26700,原本の下段(括弧書き): 公共工事設計労務単価+必要経費(法定福利費の事業主負担額、労務管理費、宿舎費等)(試算値),2013-04,2013-04-01,mlit-roumu-h25,p17(横長の表) / p7(縦長の表),https://www.mlit.go.jp/common/000993048.pdf,PDL1.0,,
03a86177779b11f2,JP,labor,労務単価,高級船員,所定労働時間内8時間あたり,人日,pref,45,宮崎県,,,,22000,JPY,labor_wage_8h,published_pdl,30900,原本の下段(括弧書き): 公共工事設計労務単価+必要経費(法定福利費の事業主負担額、労務管理費、宿舎費等)(試算値),2013-04,2013-04-01,mlit-roumu-h25,p17(横長の表) / p7(縦長の表),https://www.mlit.go.jp/common/000993048.pdf,PDL1.0,,
4a918bbb98801864,JP,labor,労務単価,普通船員,所定労働時間内8時間あたり,人日,pref,45,宮崎県,,,,17400,JPY,labor_wage_8h,published_pdl,24500,原本の下段(括弧書き): 公共工事設計労務単価+必要経費(法定福利費の事業主負担額、労務管理費、宿舎費等)(試算値),2013-04,2013-04-01,mlit-roumu-h25,p17(横長の表) / p7(縦長の表),https://www.mlit.go.jp/common/000993048.pdf,PDL1.0,,
aeb625d705ae2cf8,JP,labor,労務単価,潜水士,所定労働時間内8時間あたり,人日,pref,45,宮崎県,,,,27600,JPY,labor_wage_8h,published_pdl,38800,原本の下段(括弧書き): 公共工事設計労務単価+必要経費(法定福利費の事業主負担額、労務管理費、宿舎費等)(試算値),2013-04,2013-04-01,mlit-roumu-h25,p17(横長の表) / p7(縦長の表),https://www.mlit.go.jp/common/000993048.pdf,PDL1.0,,
1a674a5883a1bb7d,JP,labor,労務単価,潜水連絡員,所定労働時間内8時間あたり,人日,pref,45,宮崎県,,,,17300,JPY,labor_wage_8h,published_pdl,24300,原本の下段(括弧書き): 公共工事設計労務単価+必要経費(法定福利費の事業主負担額、労務管理費、宿舎費等)(試算値),2013-04,2013-04-01,mlit-roumu-h25,p17(横長の表) / p7(縦長の表),https://www.mlit.go.jp/common/000993048.pdf,PDL1.0,,
e76455d0e37711f3,JP,labor,労務単価,潜水送気員,所定労働時間内8時間あたり,人日,pref,45,宮崎県,,,,17400,JPY,labor_wage_8h,published_pdl,24500,原本の下段(括弧書き): 公共工事設計労務単価+必要経費(法定福利費の事業主負担額、労務管理費、宿舎費等)(試算値),2013-04,2013-04-01,mlit-roumu-h25,p17(横長の表) / p7(縦長の表),https://www.mlit.go.jp/common/000993048.pdf,PDL1.0,,
51e10ce7599ab7df,JP,labor,労務単価,山林砂防工,所定労働時間内8時間あたり,人日,pref,45,宮崎県,,,,,JPY,labor_wage_8h,not_set,,,2013-04,2013-04-01,mlit-roumu-h25,p17(横長の表) / p8(縦長の表),https://www.mlit.go.jp/common/000993048.pdf,PDL1.0,,原本の表で『-』(この都道府県ではこの職種の単価を設定していない)
ee6529130e9940f9,JP,labor,労務単価,軌道工,所定労働時間内8時間あたり,人日,pref,45,宮崎県,,,,19400,JPY,labor_wage_8h,published_pdl,27300,原本の下段(括弧書き): 公共工事設計労務単価+必要経費(法定福利費の事業主負担額、労務管理費、宿舎費等)(試算値),2013-04,2013-04-01,mlit-roumu-h25,p17(横長の表) / p8(縦長の表),https://www.mlit.go.jp/common/000993048.pdf,PDL1.0,,
97ca858be4c73cfa,JP,labor,労務単価,型わく工,所定労働時間内8時間あたり,人日,pref,45,宮崎県,,,,16300,JPY,labor_wage_8h,published_pdl,22900,原本の下段(括弧書き): 公共工事設計労務単価+必要経費(法定福利費の事業主負担額、労務管理費、宿舎費等)(試算値),2013-04,2013-04-01,mlit-roumu-h25,p17(横長の表) / p8(縦長の表),https://www.mlit.go.jp/common/000993048.pdf,PDL1.0,,
a7a40a63c8c156b3,JP,labor,労務単価,大工,所定労働時間内8時間あたり,人日,pref,45,宮崎県,,,,16900,JPY,labor_wage_8h,published_pdl,23800,原本の下段(括弧書き): 公共工事設計労務単価+必要経費(法定福利費の事業主負担額、労務管理費、宿舎費等)(試算値),2013-04,2013-04-01,mlit-roumu-h25,p17(横長の表) / p8(縦長の表),https://www.mlit.go.jp/common/000993048.pdf,PDL1.0,,
e24c7a666ead1328,JP,labor,労務単価,左官,所定労働時間内8時間あたり,人日,pref,45,宮崎県,,,,16000,JPY,labor_wage_8h,published_pdl,22500,原本の下段(括弧書き): 公共工事設計労務単価+必要経費(法定福利費の事業主負担額、労務管理費、宿舎費等)(試算値),2013-04,2013-04-01,mlit-roumu-h25,p17(横長の表) / p8(縦長の表),https://www.mlit.go.jp/common/000993048.pdf,PDL1.0,,
63402f7cb0670a28,JP,labor,労務単価,配管工,所定労働時間内8時間あたり,人日,pref,45,宮崎県,,,,14700,JPY,labor_wage_8h,published_pdl,20700,原本の下段(括弧書き): 公共工事設計労務単価+必要経費(法定福利費の事業主負担額、労務管理費、宿舎費等)(試算値),2013-04,2013-04-01,mlit-roumu-h25,p17(横長の表) / p8(縦長の表),https://www.mlit.go.jp/common/000993048.pdf,PDL1.0,,
6ddb3dbcb3799a3d,JP,labor,労務単価,はつり工,所定労働時間内8時間あたり,人日,pref,45,宮崎県,,,,14700,JPY,labor_wage_8h,published_pdl,20700,原本の下段(括弧書き): 公共工事設計労務単価+必要経費(法定福利費の事業主負担額、労務管理費、宿舎費等)(試算値),2013-04,2013-04-01,mlit-roumu-h25,p17(横長の表) / p8(縦長の表),https://www.mlit.go.jp/common/000993048.pdf,PDL1.0,,
2a40f202ebe9c4de,JP,labor,労務単価,防水工,所定労働時間内8時間あたり,人日,pref,45,宮崎県,,,,15800,JPY,labor_wage_8h,published_pdl,22200,原本の下段(括弧書き): 公共工事設計労務単価+必要経費(法定福利費の事業主負担額、労務管理費、宿舎費等)(試算値),2013-04,2013-04-01,mlit-roumu-h25,p17(横長の表) / p8(縦長の表),https://www.mlit.go.jp/common/000993048.pdf,PDL1.0,,
cc54031d046fd621,JP,labor,労務単価,板金工,所定労働時間内8時間あたり,人日,pref,45,宮崎県,,,,14700,JPY,labor_wage_8h,published_pdl,20700,原本の下段(括弧書き): 公共工事設計労務単価+必要経費(法定福利費の事業主負担額、労務管理費、宿舎費等)(試算値),2013-04,2013-04-01,mlit-roumu-h25,p17(横長の表) / p8(縦長の表),https://www.mlit.go.jp/common/000993048.pdf,PDL1.0,,
55163f81f3a7f7f5,JP,labor,労務単価,タイル工,所定労働時間内8時間あたり,人日,pref,45,宮崎県,,,,,JPY,labor_wage_8h,not_set,,,2013-04,2013-04-01,mlit-roumu-h25,p17(横長の表) / p8(縦長の表),https://www.mlit.go.jp/common/000993048.pdf,PDL1.0,,原本の表で『-』(この都道府県ではこの職種の単価を設定していない)
39d4b1abadd109dc,JP,labor,労務単価,サッシ工,所定労働時間内8時間あたり,人日,pref,45,宮崎県,,,,19500,JPY,labor_wage_8h,published_pdl,27400,原本の下段(括弧書き): 公共工事設計労務単価+必要経費(法定福利費の事業主負担額、労務管理費、宿舎費等)(試算値),2013-04,2013-04-01,mlit-roumu-h25,p18(横長の表) / p9(縦長の表),https://www.mlit.go.jp/common/000993048.pdf,PDL1.0,,
eee285ca7bedd56d,JP,labor,労務単価,内装工,所定労働時間内8時間あたり,人日,pref,45,宮崎県,,,,16100,JPY,labor_wage_8h,published_pdl,22600,原本の下段(括弧書き): 公共工事設計労務単価+必要経費(法定福利費の事業主負担額、労務管理費、宿舎費等)(試算値),2013-04,2013-04-01,mlit-roumu-h25,p18(横長の表) / p9(縦長の表),https://www.mlit.go.jp/common/000993048.pdf,PDL1.0,,
b05d20609596893a,JP,labor,労務単価,ガラス工,所定労働時間内8時間あたり,人日,pref,45,宮崎県,,,,16200,JPY,labor_wage_8h,published_pdl,22800,原本の下段(括弧書き): 公共工事設計労務単価+必要経費(法定福利費の事業主負担額、労務管理費、宿舎費等)(試算値),2013-04,2013-04-01,mlit-roumu-h25,p18(横長の表) / p9(縦長の表),https://www.mlit.go.jp/common/000993048.pdf,PDL1.0,,
9c9af80f6a286f84,JP,labor,労務単価,建具工,所定労働時間内8時間あたり,人日,pref,45,宮崎県,,,,,JPY,labor_wage_8h,not_set,,,2013-04,2013-04-01,mlit-roumu-h25,p18(横長の表) / p9(縦長の表),https://www.mlit.go.jp/common/000993048.pdf,PDL1.0,,原本の表で『-』(この都道府県ではこの職種の単価を設定していない)
4c3642df540359f7,JP,labor,労務単価,ダクト工,所定労働時間内8時間あたり,人日,pref,45,宮崎県,,,,13600,JPY,labor_wage_8h,published_pdl,19100,原本の下段(括弧書き): 公共工事設計労務単価+必要経費(法定福利費の事業主負担額、労務管理費、宿舎費等)(試算値),2013-04,2013-04-01,mlit-roumu-h25,p18(横長の表) / p9(縦長の表),https://www.mlit.go.jp/common/000993048.pdf,PDL1.0,,
d7f6ed899ec676be,JP,labor,労務単価,保温工,所定労働時間内8時間あたり,人日,pref,45,宮崎県,,,,15300,JPY,labor_wage_8h,published_pdl,21500,原本の下段(括弧書き): 公共工事設計労務単価+必要経費(法定福利費の事業主負担額、労務管理費、宿舎費等)(試算値),2013-04,2013-04-01,mlit-roumu-h25,p18(横長の表) / p9(縦長の表),https://www.mlit.go.jp/common/000993048.pdf,PDL1.0,,
01af14d2de741cb9,JP,labor,労務単価,建築ブロック工,所定労働時間内8時間あたり,人日,pref,45,宮崎県,,,,,JPY,labor_wage_8h,not_set,,,2013-04,2013-04-01,mlit-roumu-h25,p18(横長の表) / p9(縦長の表),https://www.mlit.go.jp/common/000993048.pdf,PDL1.0,,原本の表で『-』(この都道府県ではこの職種の単価を設定していない)
486617f183dea1b2,JP,labor,労務単価,設備機械工,所定労働時間内8時間あたり,人日,pref,45,宮崎県,,,,15900,JPY,labor_wage_8h,published_pdl,22400,原本の下段(括弧書き): 公共工事設計労務単価+必要経費(法定福利費の事業主負担額、労務管理費、宿舎費等)(試算値),2013-04,2013-04-01,mlit-roumu-h25,p18(横長の表) / p9(縦長の表),https://www.mlit.go.jp/common/000993048.pdf,PDL1.0,,
c34a9563b58682d6,JP,labor,労務単価,交通誘導員Ａ,所定労働時間内8時間あたり,人日,pref,45,宮崎県,,,,8600,JPY,labor_wage_8h,published_pdl,12100,原本の下段(括弧書き): 公共工事設計労務単価+必要経費(法定福利費の事業主負担額、労務管理費、宿舎費等)(試算値),2013-04,2013-04-01,mlit-roumu-h25,p18(横長の表) / p9(縦長の表),https://www.mlit.go.jp/common/000993048.pdf,PDL1.0,,
37a580eea74f92fe,JP,labor,労務単価,交通誘導員Ｂ,所定労働時間内8時間あたり,人日,pref,45,宮崎県,,,,7100,JPY,labor_wage_8h,published_pdl,10000,原本の下段(括弧書き): 公共工事設計労務単価+必要経費(法定福利費の事業主負担額、労務管理費、宿舎費等)(試算値),2013-04,2013-04-01,mlit-roumu-h25,p18(横長の表) / p9(縦長の表),https://www.mlit.go.jp/common/000993048.pdf,PDL1.0,,
52899baf180b5cbb,JP,labor,労務単価,特殊作業員,所定労働時間内8時間あたり,人日,pref,46,鹿児島県,,,,18900,JPY,labor_wage_8h,published_pdl,26600,原本の下段(括弧書き): 公共工事設計労務単価+必要経費(法定福利費の事業主負担額、労務管理費、宿舎費等)(試算値),2013-04,2013-04-01,mlit-roumu-h25,p16(横長の表) / p5(縦長の表),https://www.mlit.go.jp/common/000993048.pdf,PDL1.0,,
98fccf72d691c22c,JP,labor,労務単価,普通作業員,所定労働時間内8時間あたり,人日,pref,46,鹿児島県,,,,13900,JPY,labor_wage_8h,published_pdl,19500,原本の下段(括弧書き): 公共工事設計労務単価+必要経費(法定福利費の事業主負担額、労務管理費、宿舎費等)(試算値),2013-04,2013-04-01,mlit-roumu-h25,p16(横長の表) / p5(縦長の表),https://www.mlit.go.jp/common/000993048.pdf,PDL1.0,,
3da836d91afdc757,JP,labor,労務単価,軽作業員,所定労働時間内8時間あたり,人日,pref,46,鹿児島県,,,,11100,JPY,labor_wage_8h,published_pdl,15600,原本の下段(括弧書き): 公共工事設計労務単価+必要経費(法定福利費の事業主負担額、労務管理費、宿舎費等)(試算値),2013-04,2013-04-01,mlit-roumu-h25,p16(横長の表) / p5(縦長の表),https://www.mlit.go.jp/common/000993048.pdf,PDL1.0,,
7dc18498edf00e9d,JP,labor,労務単価,造園工,所定労働時間内8時間あたり,人日,pref,46,鹿児島県,,,,15300,JPY,labor_wage_8h,published_pdl,21500,原本の下段(括弧書き): 公共工事設計労務単価+必要経費(法定福利費の事業主負担額、労務管理費、宿舎費等)(試算値),2013-04,2013-04-01,mlit-roumu-h25,p16(横長の表) / p5(縦長の表),https://www.mlit.go.jp/common/000993048.pdf,PDL1.0,,
54800d36e1bb32b9,JP,labor,労務単価,法面工,所定労働時間内8時間あたり,人日,pref,46,鹿児島県,,,,19000,JPY,labor_wage_8h,published_pdl,26700,原本の下段(括弧書き): 公共工事設計労務単価+必要経費(法定福利費の事業主負担額、労務管理費、宿舎費等)(試算値),2013-04,2013-04-01,mlit-roumu-h25,p16(横長の表) / p5(縦長の表),https://www.mlit.go.jp/common/000993048.pdf,PDL1.0,,
37926cb89a334a8c,JP,labor,労務単価,とび工,所定労働時間内8時間あたり,人日,pref,46,鹿児島県,,,,16400,JPY,labor_wage_8h,published_pdl,23100,原本の下段(括弧書き): 公共工事設計労務単価+必要経費(法定福利費の事業主負担額、労務管理費、宿舎費等)(試算値),2013-04,2013-04-01,mlit-roumu-h25,p16(横長の表) / p5(縦長の表),https://www.mlit.go.jp/common/000993048.pdf,PDL1.0,,
cb0fa77964b5b82a,JP,labor,労務単価,石工,所定労働時間内8時間あたり,人日,pref,46,鹿児島県,,,,19700,JPY,labor_wage_8h,published_pdl,27700,原本の下段(括弧書き): 公共工事設計労務単価+必要経費(法定福利費の事業主負担額、労務管理費、宿舎費等)(試算値),2013-04,2013-04-01,mlit-roumu-h25,p16(横長の表) / p5(縦長の表),https://www.mlit.go.jp/common/000993048.pdf,PDL1.0,,
c51b1e169afe69eb,JP,labor,労務単価,ブロック工,所定労働時間内8時間あたり,人日,pref,46,鹿児島県,,,,19100,JPY,labor_wage_8h,published_pdl,26900,原本の下段(括弧書き): 公共工事設計労務単価+必要経費(法定福利費の事業主負担額、労務管理費、宿舎費等)(試算値),2013-04,2013-04-01,mlit-roumu-h25,p16(横長の表) / p5(縦長の表),https://www.mlit.go.jp/common/000993048.pdf,PDL1.0,,
e99c95ee09f6407b,JP,labor,労務単価,電工,所定労働時間内8時間あたり,人日,pref,46,鹿児島県,,,,15000,JPY,labor_wage_8h,published_pdl,21100,原本の下段(括弧書き): 公共工事設計労務単価+必要経費(法定福利費の事業主負担額、労務管理費、宿舎費等)(試算値),2013-04,2013-04-01,mlit-roumu-h25,p16(横長の表) / p5(縦長の表),https://www.mlit.go.jp/common/000993048.pdf,PDL1.0,,
9dd68468d7d03cdc,JP,labor,労務単価,鉄筋工,所定労働時間内8時間あたり,人日,pref,46,鹿児島県,,,,16100,JPY,labor_wage_8h,published_pdl,22600,原本の下段(括弧書き): 公共工事設計労務単価+必要経費(法定福利費の事業主負担額、労務管理費、宿舎費等)(試算値),2013-04,2013-04-01,mlit-roumu-h25,p16(横長の表) / p5(縦長の表),https://www.mlit.go.jp/common/000993048.pdf,PDL1.0,,
56d9c4076691cad3,JP,labor,労務単価,鉄骨工,所定労働時間内8時間あたり,人日,pref,46,鹿児島県,,,,14600,JPY,labor_wage_8h,published_pdl,20500,原本の下段(括弧書き): 公共工事設計労務単価+必要経費(法定福利費の事業主負担額、労務管理費、宿舎費等)(試算値),2013-04,2013-04-01,mlit-roumu-h25,p16(横長の表) / p6(縦長の表),https://www.mlit.go.jp/common/000993048.pdf,PDL1.0,,
f89afd6f6f799407,JP,labor,労務単価,塗装工,所定労働時間内8時間あたり,人日,pref,46,鹿児島県,,,,16000,JPY,labor_wage_8h,published_pdl,22500,原本の下段(括弧書き): 公共工事設計労務単価+必要経費(法定福利費の事業主負担額、労務管理費、宿舎費等)(試算値),2013-04,2013-04-01,mlit-roumu-h25,p16(横長の表) / p6(縦長の表),https://www.mlit.go.jp/common/000993048.pdf,PDL1.0,,
0c99081d5de99017,JP,labor,労務単価,溶接工,所定労働時間内8時間あたり,人日,pref,46,鹿児島県,,,,16400,JPY,labor_wage_8h,published_pdl,23100,原本の下段(括弧書き): 公共工事設計労務単価+必要経費(法定福利費の事業主負担額、労務管理費、宿舎費等)(試算値),2013-04,2013-04-01,mlit-roumu-h25,p16(横長の表) / p6(縦長の表),https://www.mlit.go.jp/common/000993048.pdf,PDL1.0,,
1e87da10ac085d5e,JP,labor,労務単価,運転手（特殊）,所定労働時間内8時間あたり,人日,pref,46,鹿児島県,,,,19400,JPY,labor_wage_8h,published_pdl,27300,原本の下段(括弧書き): 公共工事設計労務単価+必要経費(法定福利費の事業主負担額、労務管理費、宿舎費等)(試算値),2013-04,2013-04-01,mlit-roumu-h25,p16(横長の表) / p6(縦長の表),https://www.mlit.go.jp/common/000993048.pdf,PDL1.0,,
0ecc5fb3e137cf32,JP,labor,労務単価,運転手（一般）,所定労働時間内8時間あたり,人日,pref,46,鹿児島県,,,,17000,JPY,labor_wage_8h,published_pdl,23900,原本の下段(括弧書き): 公共工事設計労務単価+必要経費(法定福利費の事業主負担額、労務管理費、宿舎費等)(試算値),2013-04,2013-04-01,mlit-roumu-h25,p16(横長の表) / p6(縦長の表),https://www.mlit.go.jp/common/000993048.pdf,PDL1.0,,
b50038dfce2aa947,JP,labor,労務単価,潜かん工,所定労働時間内8時間あたり,人日,pref,46,鹿児島県,,,,23900,JPY,labor_wage_8h,published_pdl,33600,原本の下段(括弧書き): 公共工事設計労務単価+必要経費(法定福利費の事業主負担額、労務管理費、宿舎費等)(試算値),2013-04,2013-04-01,mlit-roumu-h25,p16(横長の表) / p6(縦長の表),https://www.mlit.go.jp/common/000993048.pdf,PDL1.0,,
43b9f08366af9d09,JP,labor,労務単価,潜かん世話役,所定労働時間内8時間あたり,人日,pref,46,鹿児島県,,,,28300,JPY,labor_wage_8h,published_pdl,39800,原本の下段(括弧書き): 公共工事設計労務単価+必要経費(法定福利費の事業主負担額、労務管理費、宿舎費等)(試算値),2013-04,2013-04-01,mlit-roumu-h25,p16(横長の表) / p6(縦長の表),https://www.mlit.go.jp/common/000993048.pdf,PDL1.0,,
14b275d0762a4c3f,JP,labor,労務単価,さく岩工,所定労働時間内8時間あたり,人日,pref,46,鹿児島県,,,,21700,JPY,labor_wage_8h,published_pdl,30500,原本の下段(括弧書き): 公共工事設計労務単価+必要経費(法定福利費の事業主負担額、労務管理費、宿舎費等)(試算値),2013-04,2013-04-01,mlit-roumu-h25,p16(横長の表) / p6(縦長の表),https://www.mlit.go.jp/common/000993048.pdf,PDL1.0,,
fe26e5b95da41d4e,JP,labor,労務単価,トンネル特殊工,所定労働時間内8時間あたり,人日,pref,46,鹿児島県,,,,22200,JPY,labor_wage_8h,published_pdl,31200,原本の下段(括弧書き): 公共工事設計労務単価+必要経費(法定福利費の事業主負担額、労務管理費、宿舎費等)(試算値),2013-04,2013-04-01,mlit-roumu-h25,p16(横長の表) / p6(縦長の表),https://www.mlit.go.jp/common/000993048.pdf,PDL1.0,,
b15cd225f8962592,JP,labor,労務単価,トンネル作業員,所定労働時間内8時間あたり,人日,pref,46,鹿児島県,,,,17200,JPY,labor_wage_8h,published_pdl,24200,原本の下段(括弧書き): 公共工事設計労務単価+必要経費(法定福利費の事業主負担額、労務管理費、宿舎費等)(試算値),2013-04,2013-04-01,mlit-roumu-h25,p16(横長の表) / p6(縦長の表),https://www.mlit.go.jp/common/000993048.pdf,PDL1.0,,
818e35623a3bf165,JP,labor,労務単価,トンネル世話役,所定労働時間内8時間あたり,人日,pref,46,鹿児島県,,,,23900,JPY,labor_wage_8h,published_pdl,33600,原本の下段(括弧書き): 公共工事設計労務単価+必要経費(法定福利費の事業主負担額、労務管理費、宿舎費等)(試算値),2013-04,2013-04-01,mlit-roumu-h25,p17(横長の表) / p7(縦長の表),https://www.mlit.go.jp/common/000993048.pdf,PDL1.0,,
2132e17b3c8b1261,JP,labor,労務単価,橋りょう特殊工,所定労働時間内8時間あたり,人日,pref,46,鹿児島県,,,,19400,JPY,labor_wage_8h,published_pdl,27300,原本の下段(括弧書き): 公共工事設計労務単価+必要経費(法定福利費の事業主負担額、労務管理費、宿舎費等)(試算値),2013-04,2013-04-01,mlit-roumu-h25,p17(横長の表) / p7(縦長の表),https://www.mlit.go.jp/common/000993048.pdf,PDL1.0,,
2e22d78ad48815b5,JP,labor,労務単価,橋りょう塗装工,所定労働時間内8時間あたり,人日,pref,46,鹿児島県,,,,21000,JPY,labor_wage_8h,published_pdl,29500,原本の下段(括弧書き): 公共工事設計労務単価+必要経費(法定福利費の事業主負担額、労務管理費、宿舎費等)(試算値),2013-04,2013-04-01,mlit-roumu-h25,p17(横長の表) / p7(縦長の表),https://www.mlit.go.jp/common/000993048.pdf,PDL1.0,,
f0f8e6c44e570a1a,JP,labor,労務単価,橋りょう世話役,所定労働時間内8時間あたり,人日,pref,46,鹿児島県,,,,24100,JPY,labor_wage_8h,published_pdl,33900,原本の下段(括弧書き): 公共工事設計労務単価+必要経費(法定福利費の事業主負担額、労務管理費、宿舎費等)(試算値),2013-04,2013-04-01,mlit-roumu-h25,p17(横長の表) / p7(縦長の表),https://www.mlit.go.jp/common/000993048.pdf,PDL1.0,,
91325e48d4637b3c,JP,labor,労務単価,土木一般世話役,所定労働時間内8時間あたり,人日,pref,46,鹿児島県,,,,20600,JPY,labor_wage_8h,published_pdl,29000,原本の下段(括弧書き): 公共工事設計労務単価+必要経費(法定福利費の事業主負担額、労務管理費、宿舎費等)(試算値),2013-04,2013-04-01,mlit-roumu-h25,p17(横長の表) / p7(縦長の表),https://www.mlit.go.jp/common/000993048.pdf,PDL1.0,,
8ff7c2b736dc9b41,JP,labor,労務単価,高級船員,所定労働時間内8時間あたり,人日,pref,46,鹿児島県,,,,22000,JPY,labor_wage_8h,published_pdl,30900,原本の下段(括弧書き): 公共工事設計労務単価+必要経費(法定福利費の事業主負担額、労務管理費、宿舎費等)(試算値),2013-04,2013-04-01,mlit-roumu-h25,p17(横長の表) / p7(縦長の表),https://www.mlit.go.jp/common/000993048.pdf,PDL1.0,,
94c56ab73325b1cb,JP,labor,労務単価,普通船員,所定労働時間内8時間あたり,人日,pref,46,鹿児島県,,,,17400,JPY,labor_wage_8h,published_pdl,24500,原本の下段(括弧書き): 公共工事設計労務単価+必要経費(法定福利費の事業主負担額、労務管理費、宿舎費等)(試算値),2013-04,2013-04-01,mlit-roumu-h25,p17(横長の表) / p7(縦長の表),https://www.mlit.go.jp/common/000993048.pdf,PDL1.0,,
91beead2c9b227ac,JP,labor,労務単価,潜水士,所定労働時間内8時間あたり,人日,pref,46,鹿児島県,,,,27700,JPY,labor_wage_8h,published_pdl,38900,原本の下段(括弧書き): 公共工事設計労務単価+必要経費(法定福利費の事業主負担額、労務管理費、宿舎費等)(試算値),2013-04,2013-04-01,mlit-roumu-h25,p17(横長の表) / p7(縦長の表),https://www.mlit.go.jp/common/000993048.pdf,PDL1.0,,
9070e5e7aa56de43,JP,labor,労務単価,潜水連絡員,所定労働時間内8時間あたり,人日,pref,46,鹿児島県,,,,17300,JPY,labor_wage_8h,published_pdl,24300,原本の下段(括弧書き): 公共工事設計労務単価+必要経費(法定福利費の事業主負担額、労務管理費、宿舎費等)(試算値),2013-04,2013-04-01,mlit-roumu-h25,p17(横長の表) / p7(縦長の表),https://www.mlit.go.jp/common/000993048.pdf,PDL1.0,,
0ad6e0d11eb9efd6,JP,labor,労務単価,潜水送気員,所定労働時間内8時間あたり,人日,pref,46,鹿児島県,,,,17400,JPY,labor_wage_8h,published_pdl,24500,原本の下段(括弧書き): 公共工事設計労務単価+必要経費(法定福利費の事業主負担額、労務管理費、宿舎費等)(試算値),2013-04,2013-04-01,mlit-roumu-h25,p17(横長の表) / p7(縦長の表),https://www.mlit.go.jp/common/000993048.pdf,PDL1.0,,
6b39808c7dd6fc38,JP,labor,労務単価,山林砂防工,所定労働時間内8時間あたり,人日,pref,46,鹿児島県,,,,,JPY,labor_wage_8h,not_set,,,2013-04,2013-04-01,mlit-roumu-h25,p17(横長の表) / p8(縦長の表),https://www.mlit.go.jp/common/000993048.pdf,PDL1.0,,原本の表で『-』(この都道府県ではこの職種の単価を設定していない)
5c8a4b26c8e7890a,JP,labor,労務単価,軌道工,所定労働時間内8時間あたり,人日,pref,46,鹿児島県,,,,19500,JPY,labor_wage_8h,published_pdl,27400,原本の下段(括弧書き): 公共工事設計労務単価+必要経費(法定福利費の事業主負担額、労務管理費、宿舎費等)(試算値),2013-04,2013-04-01,mlit-roumu-h25,p17(横長の表) / p8(縦長の表),https://www.mlit.go.jp/common/000993048.pdf,PDL1.0,,
c5f771e9d18c032e,JP,labor,労務単価,型わく工,所定労働時間内8時間あたり,人日,pref,46,鹿児島県,,,,18000,JPY,labor_wage_8h,published_pdl,25300,原本の下段(括弧書き): 公共工事設計労務単価+必要経費(法定福利費の事業主負担額、労務管理費、宿舎費等)(試算値),2013-04,2013-04-01,mlit-roumu-h25,p17(横長の表) / p8(縦長の表),https://www.mlit.go.jp/common/000993048.pdf,PDL1.0,,
aed18ca5595b4676,JP,labor,労務単価,大工,所定労働時間内8時間あたり,人日,pref,46,鹿児島県,,,,17200,JPY,labor_wage_8h,published_pdl,24200,原本の下段(括弧書き): 公共工事設計労務単価+必要経費(法定福利費の事業主負担額、労務管理費、宿舎費等)(試算値),2013-04,2013-04-01,mlit-roumu-h25,p17(横長の表) / p8(縦長の表),https://www.mlit.go.jp/common/000993048.pdf,PDL1.0,,
912e60494cf0d8c4,JP,labor,労務単価,左官,所定労働時間内8時間あたり,人日,pref,46,鹿児島県,,,,16300,JPY,labor_wage_8h,published_pdl,22900,原本の下段(括弧書き): 公共工事設計労務単価+必要経費(法定福利費の事業主負担額、労務管理費、宿舎費等)(試算値),2013-04,2013-04-01,mlit-roumu-h25,p17(横長の表) / p8(縦長の表),https://www.mlit.go.jp/common/000993048.pdf,PDL1.0,,
d9688ff2edf6ea9a,JP,labor,労務単価,配管工,所定労働時間内8時間あたり,人日,pref,46,鹿児島県,,,,14700,JPY,labor_wage_8h,published_pdl,20700,原本の下段(括弧書き): 公共工事設計労務単価+必要経費(法定福利費の事業主負担額、労務管理費、宿舎費等)(試算値),2013-04,2013-04-01,mlit-roumu-h25,p17(横長の表) / p8(縦長の表),https://www.mlit.go.jp/common/000993048.pdf,PDL1.0,,
522216c995d44cf3,JP,labor,労務単価,はつり工,所定労働時間内8時間あたり,人日,pref,46,鹿児島県,,,,14800,JPY,labor_wage_8h,published_pdl,20800,原本の下段(括弧書き): 公共工事設計労務単価+必要経費(法定福利費の事業主負担額、労務管理費、宿舎費等)(試算値),2013-04,2013-04-01,mlit-roumu-h25,p17(横長の表) / p8(縦長の表),https://www.mlit.go.jp/common/000993048.pdf,PDL1.0,,
c5fd34aae3b8b9de,JP,labor,労務単価,防水工,所定労働時間内8時間あたり,人日,pref,46,鹿児島県,,,,15900,JPY,labor_wage_8h,published_pdl,22400,原本の下段(括弧書き): 公共工事設計労務単価+必要経費(法定福利費の事業主負担額、労務管理費、宿舎費等)(試算値),2013-04,2013-04-01,mlit-roumu-h25,p17(横長の表) / p8(縦長の表),https://www.mlit.go.jp/common/000993048.pdf,PDL1.0,,
ce9931efe7716e04,JP,labor,労務単価,板金工,所定労働時間内8時間あたり,人日,pref,46,鹿児島県,,,,14700,JPY,labor_wage_8h,published_pdl,20700,原本の下段(括弧書き): 公共工事設計労務単価+必要経費(法定福利費の事業主負担額、労務管理費、宿舎費等)(試算値),2013-04,2013-04-01,mlit-roumu-h25,p17(横長の表) / p8(縦長の表),https://www.mlit.go.jp/common/000993048.pdf,PDL1.0,,
2e923846405bd633,JP,labor,労務単価,タイル工,所定労働時間内8時間あたり,人日,pref,46,鹿児島県,,,,,JPY,labor_wage_8h,not_set,,,2013-04,2013-04-01,mlit-roumu-h25,p17(横長の表) / p8(縦長の表),https://www.mlit.go.jp/common/000993048.pdf,PDL1.0,,原本の表で『-』(この都道府県ではこの職種の単価を設定していない)
fffe9418e61b1fc8,JP,labor,労務単価,サッシ工,所定労働時間内8時間あたり,人日,pref,46,鹿児島県,,,,19600,JPY,labor_wage_8h,published_pdl,27600,原本の下段(括弧書き): 公共工事設計労務単価+必要経費(法定福利費の事業主負担額、労務管理費、宿舎費等)(試算値),2013-04,2013-04-01,mlit-roumu-h25,p18(横長の表) / p9(縦長の表),https://www.mlit.go.jp/common/000993048.pdf,PDL1.0,,
c2252407a9743275,JP,labor,労務単価,内装工,所定労働時間内8時間あたり,人日,pref,46,鹿児島県,,,,16000,JPY,labor_wage_8h,published_pdl,22500,原本の下段(括弧書き): 公共工事設計労務単価+必要経費(法定福利費の事業主負担額、労務管理費、宿舎費等)(試算値),2013-04,2013-04-01,mlit-roumu-h25,p18(横長の表) / p9(縦長の表),https://www.mlit.go.jp/common/000993048.pdf,PDL1.0,,
318268cedcdca39a,JP,labor,労務単価,ガラス工,所定労働時間内8時間あたり,人日,pref,46,鹿児島県,,,,16200,JPY,labor_wage_8h,published_pdl,22800,原本の下段(括弧書き): 公共工事設計労務単価+必要経費(法定福利費の事業主負担額、労務管理費、宿舎費等)(試算値),2013-04,2013-04-01,mlit-roumu-h25,p18(横長の表) / p9(縦長の表),https://www.mlit.go.jp/common/000993048.pdf,PDL1.0,,
edc45251e0be8693,JP,labor,労務単価,建具工,所定労働時間内8時間あたり,人日,pref,46,鹿児島県,,,,,JPY,labor_wage_8h,not_set,,,2013-04,2013-04-01,mlit-roumu-h25,p18(横長の表) / p9(縦長の表),https://www.mlit.go.jp/common/000993048.pdf,PDL1.0,,原本の表で『-』(この都道府県ではこの職種の単価を設定していない)
5ad2825d79adaa3e,JP,labor,労務単価,ダクト工,所定労働時間内8時間あたり,人日,pref,46,鹿児島県,,,,13600,JPY,labor_wage_8h,published_pdl,19100,原本の下段(括弧書き): 公共工事設計労務単価+必要経費(法定福利費の事業主負担額、労務管理費、宿舎費等)(試算値),2013-04,2013-04-01,mlit-roumu-h25,p18(横長の表) / p9(縦長の表),https://www.mlit.go.jp/common/000993048.pdf,PDL1.0,,
7761c2506bc6ce04,JP,labor,労務単価,保温工,所定労働時間内8時間あたり,人日,pref,46,鹿児島県,,,,15300,JPY,labor_wage_8h,published_pdl,21500,原本の下段(括弧書き): 公共工事設計労務単価+必要経費(法定福利費の事業主負担額、労務管理費、宿舎費等)(試算値),2013-04,2013-04-01,mlit-roumu-h25,p18(横長の表) / p9(縦長の表),https://www.mlit.go.jp/common/000993048.pdf,PDL1.0,,
6f0b1f9081bf9c79,JP,labor,労務単価,建築ブロック工,所定労働時間内8時間あたり,人日,pref,46,鹿児島県,,,,,JPY,labor_wage_8h,not_set,,,2013-04,2013-04-01,mlit-roumu-h25,p18(横長の表) / p9(縦長の表),https://www.mlit.go.jp/common/000993048.pdf,PDL1.0,,原本の表で『-』(この都道府県ではこの職種の単価を設定していない)
fbf9d6b4dff57d56,JP,labor,労務単価,設備機械工,所定労働時間内8時間あたり,人日,pref,46,鹿児島県,,,,15900,JPY,labor_wage_8h,published_pdl,22400,原本の下段(括弧書き): 公共工事設計労務単価+必要経費(法定福利費の事業主負担額、労務管理費、宿舎費等)(試算値),2013-04,2013-04-01,mlit-roumu-h25,p18(横長の表) / p9(縦長の表),https://www.mlit.go.jp/common/000993048.pdf,PDL1.0,,
d1ff95ad5e9cd6ca,JP,labor,労務単価,交通誘導員Ａ,所定労働時間内8時間あたり,人日,pref,46,鹿児島県,,,,9300,JPY,labor_wage_8h,published_pdl,13100,原本の下段(括弧書き): 公共工事設計労務単価+必要経費(法定福利費の事業主負担額、労務管理費、宿舎費等)(試算値),2013-04,2013-04-01,mlit-roumu-h25,p18(横長の表) / p9(縦長の表),https://www.mlit.go.jp/common/000993048.pdf,PDL1.0,,
56d3c2e23f758592,JP,labor,労務単価,交通誘導員Ｂ,所定労働時間内8時間あたり,人日,pref,46,鹿児島県,,,,8700,JPY,labor_wage_8h,published_pdl,12200,原本の下段(括弧書き): 公共工事設計労務単価+必要経費(法定福利費の事業主負担額、労務管理費、宿舎費等)(試算値),2013-04,2013-04-01,mlit-roumu-h25,p18(横長の表) / p9(縦長の表),https://www.mlit.go.jp/common/000993048.pdf,PDL1.0,,
25ff10817c604945,JP,labor,労務単価,特殊作業員,所定労働時間内8時間あたり,人日,pref,47,沖縄県,,,,17000,JPY,labor_wage_8h,published_pdl,23900,原本の下段(括弧書き): 公共工事設計労務単価+必要経費(法定福利費の事業主負担額、労務管理費、宿舎費等)(試算値),2013-04,2013-04-01,mlit-roumu-h25,p16(横長の表) / p5(縦長の表),https://www.mlit.go.jp/common/000993048.pdf,PDL1.0,,
c66c12cd45ad9c8a,JP,labor,労務単価,普通作業員,所定労働時間内8時間あたり,人日,pref,47,沖縄県,,,,13700,JPY,labor_wage_8h,published_pdl,19300,原本の下段(括弧書き): 公共工事設計労務単価+必要経費(法定福利費の事業主負担額、労務管理費、宿舎費等)(試算値),2013-04,2013-04-01,mlit-roumu-h25,p16(横長の表) / p5(縦長の表),https://www.mlit.go.jp/common/000993048.pdf,PDL1.0,,
e1d4bb5e67647306,JP,labor,労務単価,軽作業員,所定労働時間内8時間あたり,人日,pref,47,沖縄県,,,,10400,JPY,labor_wage_8h,published_pdl,14600,原本の下段(括弧書き): 公共工事設計労務単価+必要経費(法定福利費の事業主負担額、労務管理費、宿舎費等)(試算値),2013-04,2013-04-01,mlit-roumu-h25,p16(横長の表) / p5(縦長の表),https://www.mlit.go.jp/common/000993048.pdf,PDL1.0,,
7beed116bb01da18,JP,labor,労務単価,造園工,所定労働時間内8時間あたり,人日,pref,47,沖縄県,,,,15600,JPY,labor_wage_8h,published_pdl,21900,原本の下段(括弧書き): 公共工事設計労務単価+必要経費(法定福利費の事業主負担額、労務管理費、宿舎費等)(試算値),2013-04,2013-04-01,mlit-roumu-h25,p16(横長の表) / p5(縦長の表),https://www.mlit.go.jp/common/000993048.pdf,PDL1.0,,
ec4d5add60af69e7,JP,labor,労務単価,法面工,所定労働時間内8時間あたり,人日,pref,47,沖縄県,,,,16700,JPY,labor_wage_8h,published_pdl,23500,原本の下段(括弧書き): 公共工事設計労務単価+必要経費(法定福利費の事業主負担額、労務管理費、宿舎費等)(試算値),2013-04,2013-04-01,mlit-roumu-h25,p16(横長の表) / p5(縦長の表),https://www.mlit.go.jp/common/000993048.pdf,PDL1.0,,
ab4f10e3d48a72c7,JP,labor,労務単価,とび工,所定労働時間内8時間あたり,人日,pref,47,沖縄県,,,,18600,JPY,labor_wage_8h,published_pdl,26200,原本の下段(括弧書き): 公共工事設計労務単価+必要経費(法定福利費の事業主負担額、労務管理費、宿舎費等)(試算値),2013-04,2013-04-01,mlit-roumu-h25,p16(横長の表) / p5(縦長の表),https://www.mlit.go.jp/common/000993048.pdf,PDL1.0,,
cc058a3d39a53f6e,JP,labor,労務単価,石工,所定労働時間内8時間あたり,人日,pref,47,沖縄県,,,,21100,JPY,labor_wage_8h,published_pdl,29700,原本の下段(括弧書き): 公共工事設計労務単価+必要経費(法定福利費の事業主負担額、労務管理費、宿舎費等)(試算値),2013-04,2013-04-01,mlit-roumu-h25,p16(横長の表) / p5(縦長の表),https://www.mlit.go.jp/common/000993048.pdf,PDL1.0,,
eee23d97af2e1146,JP,labor,労務単価,ブロック工,所定労働時間内8時間あたり,人日,pref,47,沖縄県,,,,,JPY,labor_wage_8h,not_set,,,2013-04,2013-04-01,mlit-roumu-h25,p16(横長の表) / p5(縦長の表),https://www.mlit.go.jp/common/000993048.pdf,PDL1.0,,原本の表で『-』(この都道府県ではこの職種の単価を設定していない)
d65d3491d41cb025,JP,labor,労務単価,電工,所定労働時間内8時間あたり,人日,pref,47,沖縄県,,,,13500,JPY,labor_wage_8h,published_pdl,19000,原本の下段(括弧書き): 公共工事設計労務単価+必要経費(法定福利費の事業主負担額、労務管理費、宿舎費等)(試算値),2013-04,2013-04-01,mlit-roumu-h25,p16(横長の表) / p5(縦長の表),https://www.mlit.go.jp/common/000993048.pdf,PDL1.0,,
85f5a2d1da0e1206,JP,labor,労務単価,鉄筋工,所定労働時間内8時間あたり,人日,pref,47,沖縄県,,,,16900,JPY,labor_wage_8h,published_pdl,23800,原本の下段(括弧書き): 公共工事設計労務単価+必要経費(法定福利費の事業主負担額、労務管理費、宿舎費等)(試算値),2013-04,2013-04-01,mlit-roumu-h25,p16(横長の表) / p5(縦長の表),https://www.mlit.go.jp/common/000993048.pdf,PDL1.0,,
c343784345667e38,JP,labor,労務単価,鉄骨工,所定労働時間内8時間あたり,人日,pref,47,沖縄県,,,,16000,JPY,labor_wage_8h,published_pdl,22500,原本の下段(括弧書き): 公共工事設計労務単価+必要経費(法定福利費の事業主負担額、労務管理費、宿舎費等)(試算値),2013-04,2013-04-01,mlit-roumu-h25,p16(横長の表) / p6(縦長の表),https://www.mlit.go.jp/common/000993048.pdf,PDL1.0,,
cf035232c77b4bdb,JP,labor,労務単価,塗装工,所定労働時間内8時間あたり,人日,pref,47,沖縄県,,,,16700,JPY,labor_wage_8h,published_pdl,23500,原本の下段(括弧書き): 公共工事設計労務単価+必要経費(法定福利費の事業主負担額、労務管理費、宿舎費等)(試算値),2013-04,2013-04-01,mlit-roumu-h25,p16(横長の表) / p6(縦長の表),https://www.mlit.go.jp/common/000993048.pdf,PDL1.0,,
6d0726b10730e639,JP,labor,労務単価,溶接工,所定労働時間内8時間あたり,人日,pref,47,沖縄県,,,,17000,JPY,labor_wage_8h,published_pdl,23900,原本の下段(括弧書き): 公共工事設計労務単価+必要経費(法定福利費の事業主負担額、労務管理費、宿舎費等)(試算値),2013-04,2013-04-01,mlit-roumu-h25,p16(横長の表) / p6(縦長の表),https://www.mlit.go.jp/common/000993048.pdf,PDL1.0,,
e336b8b7b89d6f42,JP,labor,労務単価,運転手（特殊）,所定労働時間内8時間あたり,人日,pref,47,沖縄県,,,,19300,JPY,labor_wage_8h,published_pdl,27100,原本の下段(括弧書き): 公共工事設計労務単価+必要経費(法定福利費の事業主負担額、労務管理費、宿舎費等)(試算値),2013-04,2013-04-01,mlit-roumu-h25,p16(横長の表) / p6(縦長の表),https://www.mlit.go.jp/common/000993048.pdf,PDL1.0,,
ed34693a143171c1,JP,labor,労務単価,運転手（一般）,所定労働時間内8時間あたり,人日,pref,47,沖縄県,,,,17000,JPY,labor_wage_8h,published_pdl,23900,原本の下段(括弧書き): 公共工事設計労務単価+必要経費(法定福利費の事業主負担額、労務管理費、宿舎費等)(試算値),2013-04,2013-04-01,mlit-roumu-h25,p16(横長の表) / p6(縦長の表),https://www.mlit.go.jp/common/000993048.pdf,PDL1.0,,
a3a11b38cdf594e6,JP,labor,労務単価,潜かん工,所定労働時間内8時間あたり,人日,pref,47,沖縄県,,,,24200,JPY,labor_wage_8h,published_pdl,34000,原本の下段(括弧書き): 公共工事設計労務単価+必要経費(法定福利費の事業主負担額、労務管理費、宿舎費等)(試算値),2013-04,2013-04-01,mlit-roumu-h25,p16(横長の表) / p6(縦長の表),https://www.mlit.go.jp/common/000993048.pdf,PDL1.0,,
c130c6f1b4bc0c8b,JP,labor,労務単価,潜かん世話役,所定労働時間内8時間あたり,人日,pref,47,沖縄県,,,,28700,JPY,labor_wage_8h,published_pdl,40400,原本の下段(括弧書き): 公共工事設計労務単価+必要経費(法定福利費の事業主負担額、労務管理費、宿舎費等)(試算値),2013-04,2013-04-01,mlit-roumu-h25,p16(横長の表) / p6(縦長の表),https://www.mlit.go.jp/common/000993048.pdf,PDL1.0,,
4a90ba669f32b0f3,JP,labor,労務単価,さく岩工,所定労働時間内8時間あたり,人日,pref,47,沖縄県,,,,20000,JPY,labor_wage_8h,published_pdl,28100,原本の下段(括弧書き): 公共工事設計労務単価+必要経費(法定福利費の事業主負担額、労務管理費、宿舎費等)(試算値),2013-04,2013-04-01,mlit-roumu-h25,p16(横長の表) / p6(縦長の表),https://www.mlit.go.jp/common/000993048.pdf,PDL1.0,,
37ccd3897bbfdb77,JP,labor,労務単価,トンネル特殊工,所定労働時間内8時間あたり,人日,pref,47,沖縄県,,,,20400,JPY,labor_wage_8h,published_pdl,28700,原本の下段(括弧書き): 公共工事設計労務単価+必要経費(法定福利費の事業主負担額、労務管理費、宿舎費等)(試算値),2013-04,2013-04-01,mlit-roumu-h25,p16(横長の表) / p6(縦長の表),https://www.mlit.go.jp/common/000993048.pdf,PDL1.0,,
334e3a65536e4e2a,JP,labor,労務単価,トンネル作業員,所定労働時間内8時間あたり,人日,pref,47,沖縄県,,,,15900,JPY,labor_wage_8h,published_pdl,22400,原本の下段(括弧書き): 公共工事設計労務単価+必要経費(法定福利費の事業主負担額、労務管理費、宿舎費等)(試算値),2013-04,2013-04-01,mlit-roumu-h25,p16(横長の表) / p6(縦長の表),https://www.mlit.go.jp/common/000993048.pdf,PDL1.0,,
3441b3436f55fecb,JP,labor,労務単価,トンネル世話役,所定労働時間内8時間あたり,人日,pref,47,沖縄県,,,,23000,JPY,labor_wage_8h,published_pdl,32300,原本の下段(括弧書き): 公共工事設計労務単価+必要経費(法定福利費の事業主負担額、労務管理費、宿舎費等)(試算値),2013-04,2013-04-01,mlit-roumu-h25,p17(横長の表) / p7(縦長の表),https://www.mlit.go.jp/common/000993048.pdf,PDL1.0,,
16fb0fa5c77d05fc,JP,labor,労務単価,橋りょう特殊工,所定労働時間内8時間あたり,人日,pref,47,沖縄県,,,,22200,JPY,labor_wage_8h,published_pdl,31200,原本の下段(括弧書き): 公共工事設計労務単価+必要経費(法定福利費の事業主負担額、労務管理費、宿舎費等)(試算値),2013-04,2013-04-01,mlit-roumu-h25,p17(横長の表) / p7(縦長の表),https://www.mlit.go.jp/common/000993048.pdf,PDL1.0,,
2013839dc4a62566,JP,labor,労務単価,橋りょう塗装工,所定労働時間内8時間あたり,人日,pref,47,沖縄県,,,,17900,JPY,labor_wage_8h,published_pdl,25200,原本の下段(括弧書き): 公共工事設計労務単価+必要経費(法定福利費の事業主負担額、労務管理費、宿舎費等)(試算値),2013-04,2013-04-01,mlit-roumu-h25,p17(横長の表) / p7(縦長の表),https://www.mlit.go.jp/common/000993048.pdf,PDL1.0,,
5d39bef1a1b8a319,JP,labor,労務単価,橋りょう世話役,所定労働時間内8時間あたり,人日,pref,47,沖縄県,,,,27400,JPY,labor_wage_8h,published_pdl,38500,原本の下段(括弧書き): 公共工事設計労務単価+必要経費(法定福利費の事業主負担額、労務管理費、宿舎費等)(試算値),2013-04,2013-04-01,mlit-roumu-h25,p17(横長の表) / p7(縦長の表),https://www.mlit.go.jp/common/000993048.pdf,PDL1.0,,
f5866f334e021384,JP,labor,労務単価,土木一般世話役,所定労働時間内8時間あたり,人日,pref,47,沖縄県,,,,20400,JPY,labor_wage_8h,published_pdl,28700,原本の下段(括弧書き): 公共工事設計労務単価+必要経費(法定福利費の事業主負担額、労務管理費、宿舎費等)(試算値),2013-04,2013-04-01,mlit-roumu-h25,p17(横長の表) / p7(縦長の表),https://www.mlit.go.jp/common/000993048.pdf,PDL1.0,,
50a8e763922caedd,JP,labor,労務単価,高級船員,所定労働時間内8時間あたり,人日,pref,47,沖縄県,,,,20200,JPY,labor_wage_8h,published_pdl,28400,原本の下段(括弧書き): 公共工事設計労務単価+必要経費(法定福利費の事業主負担額、労務管理費、宿舎費等)(試算値),2013-04,2013-04-01,mlit-roumu-h25,p17(横長の表) / p7(縦長の表),https://www.mlit.go.jp/common/000993048.pdf,PDL1.0,,
c1cb58a89eb4735f,JP,labor,労務単価,普通船員,所定労働時間内8時間あたり,人日,pref,47,沖縄県,,,,17300,JPY,labor_wage_8h,published_pdl,24300,原本の下段(括弧書き): 公共工事設計労務単価+必要経費(法定福利費の事業主負担額、労務管理費、宿舎費等)(試算値),2013-04,2013-04-01,mlit-roumu-h25,p17(横長の表) / p7(縦長の表),https://www.mlit.go.jp/common/000993048.pdf,PDL1.0,,
09734ac887bfb63a,JP,labor,労務単価,潜水士,所定労働時間内8時間あたり,人日,pref,47,沖縄県,,,,33100,JPY,labor_wage_8h,published_pdl,46500,原本の下段(括弧書き): 公共工事設計労務単価+必要経費(法定福利費の事業主負担額、労務管理費、宿舎費等)(試算値),2013-04,2013-04-01,mlit-roumu-h25,p17(横長の表) / p7(縦長の表),https://www.mlit.go.jp/common/000993048.pdf,PDL1.0,,
5acebe2972df4326,JP,labor,労務単価,潜水連絡員,所定労働時間内8時間あたり,人日,pref,47,沖縄県,,,,20100,JPY,labor_wage_8h,published_pdl,28300,原本の下段(括弧書き): 公共工事設計労務単価+必要経費(法定福利費の事業主負担額、労務管理費、宿舎費等)(試算値),2013-04,2013-04-01,mlit-roumu-h25,p17(横長の表) / p7(縦長の表),https://www.mlit.go.jp/common/000993048.pdf,PDL1.0,,
910b0d5b1df9f0a5,JP,labor,労務単価,潜水送気員,所定労働時間内8時間あたり,人日,pref,47,沖縄県,,,,22000,JPY,labor_wage_8h,published_pdl,30900,原本の下段(括弧書き): 公共工事設計労務単価+必要経費(法定福利費の事業主負担額、労務管理費、宿舎費等)(試算値),2013-04,2013-04-01,mlit-roumu-h25,p17(横長の表) / p7(縦長の表),https://www.mlit.go.jp/common/000993048.pdf,PDL1.0,,
11bb4c214e138fa9,JP,labor,労務単価,山林砂防工,所定労働時間内8時間あたり,人日,pref,47,沖縄県,,,,,JPY,labor_wage_8h,not_set,,,2013-04,2013-04-01,mlit-roumu-h25,p17(横長の表) / p8(縦長の表),https://www.mlit.go.jp/common/000993048.pdf,PDL1.0,,原本の表で『-』(この都道府県ではこの職種の単価を設定していない)
1120e07f45e0d393,JP,labor,労務単価,軌道工,所定労働時間内8時間あたり,人日,pref,47,沖縄県,,,,,JPY,labor_wage_8h,not_set,,,2013-04,2013-04-01,mlit-roumu-h25,p17(横長の表) / p8(縦長の表),https://www.mlit.go.jp/common/000993048.pdf,PDL1.0,,原本の表で『-』(この都道府県ではこの職種の単価を設定していない)
3b91991abf71263c,JP,labor,労務単価,型わく工,所定労働時間内8時間あたり,人日,pref,47,沖縄県,,,,18100,JPY,labor_wage_8h,published_pdl,25400,原本の下段(括弧書き): 公共工事設計労務単価+必要経費(法定福利費の事業主負担額、労務管理費、宿舎費等)(試算値),2013-04,2013-04-01,mlit-roumu-h25,p17(横長の表) / p8(縦長の表),https://www.mlit.go.jp/common/000993048.pdf,PDL1.0,,
9cb0ffbc117a9567,JP,labor,労務単価,大工,所定労働時間内8時間あたり,人日,pref,47,沖縄県,,,,17700,JPY,labor_wage_8h,published_pdl,24900,原本の下段(括弧書き): 公共工事設計労務単価+必要経費(法定福利費の事業主負担額、労務管理費、宿舎費等)(試算値),2013-04,2013-04-01,mlit-roumu-h25,p17(横長の表) / p8(縦長の表),https://www.mlit.go.jp/common/000993048.pdf,PDL1.0,,
dbc27ea78cc341be,JP,labor,労務単価,左官,所定労働時間内8時間あたり,人日,pref,47,沖縄県,,,,17200,JPY,labor_wage_8h,published_pdl,24200,原本の下段(括弧書き): 公共工事設計労務単価+必要経費(法定福利費の事業主負担額、労務管理費、宿舎費等)(試算値),2013-04,2013-04-01,mlit-roumu-h25,p17(横長の表) / p8(縦長の表),https://www.mlit.go.jp/common/000993048.pdf,PDL1.0,,
fde2749f249c7692,JP,labor,労務単価,配管工,所定労働時間内8時間あたり,人日,pref,47,沖縄県,,,,14300,JPY,labor_wage_8h,published_pdl,20100,原本の下段(括弧書き): 公共工事設計労務単価+必要経費(法定福利費の事業主負担額、労務管理費、宿舎費等)(試算値),2013-04,2013-04-01,mlit-roumu-h25,p17(横長の表) / p8(縦長の表),https://www.mlit.go.jp/common/000993048.pdf,PDL1.0,,
d358bb2652d922f2,JP,labor,労務単価,はつり工,所定労働時間内8時間あたり,人日,pref,47,沖縄県,,,,16400,JPY,labor_wage_8h,published_pdl,23100,原本の下段(括弧書き): 公共工事設計労務単価+必要経費(法定福利費の事業主負担額、労務管理費、宿舎費等)(試算値),2013-04,2013-04-01,mlit-roumu-h25,p17(横長の表) / p8(縦長の表),https://www.mlit.go.jp/common/000993048.pdf,PDL1.0,,
5388978cbb2172ee,JP,labor,労務単価,防水工,所定労働時間内8時間あたり,人日,pref,47,沖縄県,,,,20100,JPY,labor_wage_8h,published_pdl,28300,原本の下段(括弧書き): 公共工事設計労務単価+必要経費(法定福利費の事業主負担額、労務管理費、宿舎費等)(試算値),2013-04,2013-04-01,mlit-roumu-h25,p17(横長の表) / p8(縦長の表),https://www.mlit.go.jp/common/000993048.pdf,PDL1.0,,
a9b5ccc80068690d,JP,labor,労務単価,板金工,所定労働時間内8時間あたり,人日,pref,47,沖縄県,,,,16900,JPY,labor_wage_8h,published_pdl,23800,原本の下段(括弧書き): 公共工事設計労務単価+必要経費(法定福利費の事業主負担額、労務管理費、宿舎費等)(試算値),2013-04,2013-04-01,mlit-roumu-h25,p17(横長の表) / p8(縦長の表),https://www.mlit.go.jp/common/000993048.pdf,PDL1.0,,
3411167567cc4357,JP,labor,労務単価,タイル工,所定労働時間内8時間あたり,人日,pref,47,沖縄県,,,,,JPY,labor_wage_8h,not_set,,,2013-04,2013-04-01,mlit-roumu-h25,p17(横長の表) / p8(縦長の表),https://www.mlit.go.jp/common/000993048.pdf,PDL1.0,,原本の表で『-』(この都道府県ではこの職種の単価を設定していない)
1d11c03d0d6509ae,JP,labor,労務単価,サッシ工,所定労働時間内8時間あたり,人日,pref,47,沖縄県,,,,15400,JPY,labor_wage_8h,published_pdl,21700,原本の下段(括弧書き): 公共工事設計労務単価+必要経費(法定福利費の事業主負担額、労務管理費、宿舎費等)(試算値),2013-04,2013-04-01,mlit-roumu-h25,p18(横長の表) / p9(縦長の表),https://www.mlit.go.jp/common/000993048.pdf,PDL1.0,,
cfe4c48bc808964d,JP,labor,労務単価,内装工,所定労働時間内8時間あたり,人日,pref,47,沖縄県,,,,16200,JPY,labor_wage_8h,published_pdl,22800,原本の下段(括弧書き): 公共工事設計労務単価+必要経費(法定福利費の事業主負担額、労務管理費、宿舎費等)(試算値),2013-04,2013-04-01,mlit-roumu-h25,p18(横長の表) / p9(縦長の表),https://www.mlit.go.jp/common/000993048.pdf,PDL1.0,,
6c77550ca7dc49ba,JP,labor,労務単価,ガラス工,所定労働時間内8時間あたり,人日,pref,47,沖縄県,,,,15700,JPY,labor_wage_8h,published_pdl,22100,原本の下段(括弧書き): 公共工事設計労務単価+必要経費(法定福利費の事業主負担額、労務管理費、宿舎費等)(試算値),2013-04,2013-04-01,mlit-roumu-h25,p18(横長の表) / p9(縦長の表),https://www.mlit.go.jp/common/000993048.pdf,PDL1.0,,
d292a85748047c9c,JP,labor,労務単価,建具工,所定労働時間内8時間あたり,人日,pref,47,沖縄県,,,,,JPY,labor_wage_8h,not_set,,,2013-04,2013-04-01,mlit-roumu-h25,p18(横長の表) / p9(縦長の表),https://www.mlit.go.jp/common/000993048.pdf,PDL1.0,,原本の表で『-』(この都道府県ではこの職種の単価を設定していない)
8c8f2e53fb1a07f6,JP,labor,労務単価,ダクト工,所定労働時間内8時間あたり,人日,pref,47,沖縄県,,,,13400,JPY,labor_wage_8h,published_pdl,18800,原本の下段(括弧書き): 公共工事設計労務単価+必要経費(法定福利費の事業主負担額、労務管理費、宿舎費等)(試算値),2013-04,2013-04-01,mlit-roumu-h25,p18(横長の表) / p9(縦長の表),https://www.mlit.go.jp/common/000993048.pdf,PDL1.0,,
f2bef21a59d13180,JP,labor,労務単価,保温工,所定労働時間内8時間あたり,人日,pref,47,沖縄県,,,,15400,JPY,labor_wage_8h,published_pdl,21700,原本の下段(括弧書き): 公共工事設計労務単価+必要経費(法定福利費の事業主負担額、労務管理費、宿舎費等)(試算値),2013-04,2013-04-01,mlit-roumu-h25,p18(横長の表) / p9(縦長の表),https://www.mlit.go.jp/common/000993048.pdf,PDL1.0,,
05180bcf08117b62,JP,labor,労務単価,建築ブロック工,所定労働時間内8時間あたり,人日,pref,47,沖縄県,,,,,JPY,labor_wage_8h,not_set,,,2013-04,2013-04-01,mlit-roumu-h25,p18(横長の表) / p9(縦長の表),https://www.mlit.go.jp/common/000993048.pdf,PDL1.0,,原本の表で『-』(この都道府県ではこの職種の単価を設定していない)
86500a56005baccf,JP,labor,労務単価,設備機械工,所定労働時間内8時間あたり,人日,pref,47,沖縄県,,,,15000,JPY,labor_wage_8h,published_pdl,21100,原本の下段(括弧書き): 公共工事設計労務単価+必要経費(法定福利費の事業主負担額、労務管理費、宿舎費等)(試算値),2013-04,2013-04-01,mlit-roumu-h25,p18(横長の表) / p9(縦長の表),https://www.mlit.go.jp/common/000993048.pdf,PDL1.0,,
b3ab5a2529df3906,JP,labor,労務単価,交通誘導員Ａ,所定労働時間内8時間あたり,人日,pref,47,沖縄県,,,,8000,JPY,labor_wage_8h,published_pdl,11200,原本の下段(括弧書き): 公共工事設計労務単価+必要経費(法定福利費の事業主負担額、労務管理費、宿舎費等)(試算値),2013-04,2013-04-01,mlit-roumu-h25,p18(横長の表) / p9(縦長の表),https://www.mlit.go.jp/common/000993048.pdf,PDL1.0,,
a17b90559f25d2a7,JP,labor,労務単価,交通誘導員Ｂ,所定労働時間内8時間あたり,人日,pref,47,沖縄県,,,,7400,JPY,labor_wage_8h,published_pdl,10400,原本の下段(括弧書き): 公共工事設計労務単価+必要経費(法定福利費の事業主負担額、労務管理費、宿舎費等)(試算値),2013-04,2013-04-01,mlit-roumu-h25,p18(横長の表) / p9(縦長の表),https://www.mlit.go.jp/common/000993048.pdf,PDL1.0,,
