obs_id,country,layer,category,item_name,spec,unit,geo_level,geo_code,geo_name,area_label,area_code,area_members,price,currency,price_basis,price_status,ref_value,ref_note,period,effective_from,source_id,source_page,evidence_url,license,jccdb_v4_item_id,note
861715bab1742584,JP,labor,労務単価,特殊作業員,所定労働時間内8時間あたり,人日,pref,01,北海道,,,,16400,JPY,labor_wage_8h,published_pdl,23100,原本の下段(括弧書き): 公共工事設計労務単価+必要経費(法定福利費の事業主負担額、労務管理費、宿舎費等)(参考値),2014-02,2014-02-01,mlit-roumu-h26,p16(横長の表) / p5(縦長の表),https://www.mlit.go.jp/common/001026047.pdf,PDL1.0,,
5354198b5d53df84,JP,labor,労務単価,普通作業員,所定労働時間内8時間あたり,人日,pref,01,北海道,,,,13500,JPY,labor_wage_8h,published_pdl,19000,原本の下段(括弧書き): 公共工事設計労務単価+必要経費(法定福利費の事業主負担額、労務管理費、宿舎費等)(参考値),2014-02,2014-02-01,mlit-roumu-h26,p16(横長の表) / p5(縦長の表),https://www.mlit.go.jp/common/001026047.pdf,PDL1.0,,
df624b1d5ed12ce3,JP,labor,労務単価,軽作業員,所定労働時間内8時間あたり,人日,pref,01,北海道,,,,11300,JPY,labor_wage_8h,published_pdl,15900,原本の下段(括弧書き): 公共工事設計労務単価+必要経費(法定福利費の事業主負担額、労務管理費、宿舎費等)(参考値),2014-02,2014-02-01,mlit-roumu-h26,p16(横長の表) / p5(縦長の表),https://www.mlit.go.jp/common/001026047.pdf,PDL1.0,,
1a09f6c3ade92069,JP,labor,労務単価,造園工,所定労働時間内8時間あたり,人日,pref,01,北海道,,,,16600,JPY,labor_wage_8h,published_pdl,23300,原本の下段(括弧書き): 公共工事設計労務単価+必要経費(法定福利費の事業主負担額、労務管理費、宿舎費等)(参考値),2014-02,2014-02-01,mlit-roumu-h26,p16(横長の表) / p5(縦長の表),https://www.mlit.go.jp/common/001026047.pdf,PDL1.0,,
7acef0220d43f113,JP,labor,労務単価,法面工,所定労働時間内8時間あたり,人日,pref,01,北海道,,,,18800,JPY,labor_wage_8h,published_pdl,26400,原本の下段(括弧書き): 公共工事設計労務単価+必要経費(法定福利費の事業主負担額、労務管理費、宿舎費等)(参考値),2014-02,2014-02-01,mlit-roumu-h26,p16(横長の表) / p5(縦長の表),https://www.mlit.go.jp/common/001026047.pdf,PDL1.0,,
d7128f9e837caa68,JP,labor,労務単価,とび工,所定労働時間内8時間あたり,人日,pref,01,北海道,,,,17100,JPY,labor_wage_8h,published_pdl,24000,原本の下段(括弧書き): 公共工事設計労務単価+必要経費(法定福利費の事業主負担額、労務管理費、宿舎費等)(参考値),2014-02,2014-02-01,mlit-roumu-h26,p16(横長の表) / p5(縦長の表),https://www.mlit.go.jp/common/001026047.pdf,PDL1.0,,
4da0e129a4928bda,JP,labor,労務単価,石工,所定労働時間内8時間あたり,人日,pref,01,北海道,,,,26200,JPY,labor_wage_8h,published_pdl,36800,原本の下段(括弧書き): 公共工事設計労務単価+必要経費(法定福利費の事業主負担額、労務管理費、宿舎費等)(参考値),2014-02,2014-02-01,mlit-roumu-h26,p16(横長の表) / p5(縦長の表),https://www.mlit.go.jp/common/001026047.pdf,PDL1.0,,
4c6b14c315761ec8,JP,labor,労務単価,ブロック工,所定労働時間内8時間あたり,人日,pref,01,北海道,,,,23000,JPY,labor_wage_8h,published_pdl,32300,原本の下段(括弧書き): 公共工事設計労務単価+必要経費(法定福利費の事業主負担額、労務管理費、宿舎費等)(参考値),2014-02,2014-02-01,mlit-roumu-h26,p16(横長の表) / p5(縦長の表),https://www.mlit.go.jp/common/001026047.pdf,PDL1.0,,
ebb0ec64581a5658,JP,labor,労務単価,電工,所定労働時間内8時間あたり,人日,pref,01,北海道,,,,17400,JPY,labor_wage_8h,published_pdl,24500,原本の下段(括弧書き): 公共工事設計労務単価+必要経費(法定福利費の事業主負担額、労務管理費、宿舎費等)(参考値),2014-02,2014-02-01,mlit-roumu-h26,p16(横長の表) / p5(縦長の表),https://www.mlit.go.jp/common/001026047.pdf,PDL1.0,,
253f38065ae01e76,JP,labor,労務単価,鉄筋工,所定労働時間内8時間あたり,人日,pref,01,北海道,,,,17400,JPY,labor_wage_8h,published_pdl,24500,原本の下段(括弧書き): 公共工事設計労務単価+必要経費(法定福利費の事業主負担額、労務管理費、宿舎費等)(参考値),2014-02,2014-02-01,mlit-roumu-h26,p16(横長の表) / p5(縦長の表),https://www.mlit.go.jp/common/001026047.pdf,PDL1.0,,
7f083193a55727d3,JP,labor,労務単価,鉄骨工,所定労働時間内8時間あたり,人日,pref,01,北海道,,,,17900,JPY,labor_wage_8h,published_pdl,25200,原本の下段(括弧書き): 公共工事設計労務単価+必要経費(法定福利費の事業主負担額、労務管理費、宿舎費等)(参考値),2014-02,2014-02-01,mlit-roumu-h26,p16(横長の表) / p6(縦長の表),https://www.mlit.go.jp/common/001026047.pdf,PDL1.0,,
93915f6f75cda65a,JP,labor,労務単価,塗装工,所定労働時間内8時間あたり,人日,pref,01,北海道,,,,17400,JPY,labor_wage_8h,published_pdl,24500,原本の下段(括弧書き): 公共工事設計労務単価+必要経費(法定福利費の事業主負担額、労務管理費、宿舎費等)(参考値),2014-02,2014-02-01,mlit-roumu-h26,p16(横長の表) / p6(縦長の表),https://www.mlit.go.jp/common/001026047.pdf,PDL1.0,,
cb85345eb7b751f6,JP,labor,労務単価,溶接工,所定労働時間内8時間あたり,人日,pref,01,北海道,,,,19100,JPY,labor_wage_8h,published_pdl,26900,原本の下段(括弧書き): 公共工事設計労務単価+必要経費(法定福利費の事業主負担額、労務管理費、宿舎費等)(参考値),2014-02,2014-02-01,mlit-roumu-h26,p16(横長の表) / p6(縦長の表),https://www.mlit.go.jp/common/001026047.pdf,PDL1.0,,
fc462be4a37f8ed4,JP,labor,労務単価,運転手（特殊）,所定労働時間内8時間あたり,人日,pref,01,北海道,,,,16300,JPY,labor_wage_8h,published_pdl,22900,原本の下段(括弧書き): 公共工事設計労務単価+必要経費(法定福利費の事業主負担額、労務管理費、宿舎費等)(参考値),2014-02,2014-02-01,mlit-roumu-h26,p16(横長の表) / p6(縦長の表),https://www.mlit.go.jp/common/001026047.pdf,PDL1.0,,
00e98bcfc6670643,JP,labor,労務単価,運転手（一般）,所定労働時間内8時間あたり,人日,pref,01,北海道,,,,13700,JPY,labor_wage_8h,published_pdl,19300,原本の下段(括弧書き): 公共工事設計労務単価+必要経費(法定福利費の事業主負担額、労務管理費、宿舎費等)(参考値),2014-02,2014-02-01,mlit-roumu-h26,p16(横長の表) / p6(縦長の表),https://www.mlit.go.jp/common/001026047.pdf,PDL1.0,,
13161441167a8762,JP,labor,労務単価,潜かん工,所定労働時間内8時間あたり,人日,pref,01,北海道,,,,26000,JPY,labor_wage_8h,published_pdl,36600,原本の下段(括弧書き): 公共工事設計労務単価+必要経費(法定福利費の事業主負担額、労務管理費、宿舎費等)(参考値),2014-02,2014-02-01,mlit-roumu-h26,p16(横長の表) / p6(縦長の表),https://www.mlit.go.jp/common/001026047.pdf,PDL1.0,,
582a3099ef61a1f5,JP,labor,労務単価,潜かん世話役,所定労働時間内8時間あたり,人日,pref,01,北海道,,,,30700,JPY,labor_wage_8h,published_pdl,43200,原本の下段(括弧書き): 公共工事設計労務単価+必要経費(法定福利費の事業主負担額、労務管理費、宿舎費等)(参考値),2014-02,2014-02-01,mlit-roumu-h26,p16(横長の表) / p6(縦長の表),https://www.mlit.go.jp/common/001026047.pdf,PDL1.0,,
3d90c347f39d6697,JP,labor,労務単価,さく岩工,所定労働時間内8時間あたり,人日,pref,01,北海道,,,,20200,JPY,labor_wage_8h,published_pdl,28400,原本の下段(括弧書き): 公共工事設計労務単価+必要経費(法定福利費の事業主負担額、労務管理費、宿舎費等)(参考値),2014-02,2014-02-01,mlit-roumu-h26,p16(横長の表) / p6(縦長の表),https://www.mlit.go.jp/common/001026047.pdf,PDL1.0,,
7267dce02bfd8025,JP,labor,労務単価,トンネル特殊工,所定労働時間内8時間あたり,人日,pref,01,北海道,,,,24000,JPY,labor_wage_8h,published_pdl,33700,原本の下段(括弧書き): 公共工事設計労務単価+必要経費(法定福利費の事業主負担額、労務管理費、宿舎費等)(参考値),2014-02,2014-02-01,mlit-roumu-h26,p16(横長の表) / p6(縦長の表),https://www.mlit.go.jp/common/001026047.pdf,PDL1.0,,
1bb7468b53091408,JP,labor,労務単価,トンネル作業員,所定労働時間内8時間あたり,人日,pref,01,北海道,,,,20000,JPY,labor_wage_8h,published_pdl,28100,原本の下段(括弧書き): 公共工事設計労務単価+必要経費(法定福利費の事業主負担額、労務管理費、宿舎費等)(参考値),2014-02,2014-02-01,mlit-roumu-h26,p16(横長の表) / p6(縦長の表),https://www.mlit.go.jp/common/001026047.pdf,PDL1.0,,
1003e1a4b7b5d7a4,JP,labor,労務単価,トンネル世話役,所定労働時間内8時間あたり,人日,pref,01,北海道,,,,26900,JPY,labor_wage_8h,published_pdl,37800,原本の下段(括弧書き): 公共工事設計労務単価+必要経費(法定福利費の事業主負担額、労務管理費、宿舎費等)(参考値),2014-02,2014-02-01,mlit-roumu-h26,p17(横長の表) / p7(縦長の表),https://www.mlit.go.jp/common/001026047.pdf,PDL1.0,,
939fc70dbee38b08,JP,labor,労務単価,橋りょう特殊工,所定労働時間内8時間あたり,人日,pref,01,北海道,,,,22600,JPY,labor_wage_8h,published_pdl,31800,原本の下段(括弧書き): 公共工事設計労務単価+必要経費(法定福利費の事業主負担額、労務管理費、宿舎費等)(参考値),2014-02,2014-02-01,mlit-roumu-h26,p17(横長の表) / p7(縦長の表),https://www.mlit.go.jp/common/001026047.pdf,PDL1.0,,
95467742a8658582,JP,labor,労務単価,橋りょう塗装工,所定労働時間内8時間あたり,人日,pref,01,北海道,,,,22800,JPY,labor_wage_8h,published_pdl,32100,原本の下段(括弧書き): 公共工事設計労務単価+必要経費(法定福利費の事業主負担額、労務管理費、宿舎費等)(参考値),2014-02,2014-02-01,mlit-roumu-h26,p17(横長の表) / p7(縦長の表),https://www.mlit.go.jp/common/001026047.pdf,PDL1.0,,
09f6c9105771e58d,JP,labor,労務単価,橋りょう世話役,所定労働時間内8時間あたり,人日,pref,01,北海道,,,,27700,JPY,labor_wage_8h,published_pdl,38900,原本の下段(括弧書き): 公共工事設計労務単価+必要経費(法定福利費の事業主負担額、労務管理費、宿舎費等)(参考値),2014-02,2014-02-01,mlit-roumu-h26,p17(横長の表) / p7(縦長の表),https://www.mlit.go.jp/common/001026047.pdf,PDL1.0,,
f2ba0f33d927eb31,JP,labor,労務単価,土木一般世話役,所定労働時間内8時間あたり,人日,pref,01,北海道,,,,18500,JPY,labor_wage_8h,published_pdl,26000,原本の下段(括弧書き): 公共工事設計労務単価+必要経費(法定福利費の事業主負担額、労務管理費、宿舎費等)(参考値),2014-02,2014-02-01,mlit-roumu-h26,p17(横長の表) / p7(縦長の表),https://www.mlit.go.jp/common/001026047.pdf,PDL1.0,,
710da5e27681a16e,JP,labor,労務単価,高級船員,所定労働時間内8時間あたり,人日,pref,01,北海道,,,,23000,JPY,labor_wage_8h,published_pdl,32300,原本の下段(括弧書き): 公共工事設計労務単価+必要経費(法定福利費の事業主負担額、労務管理費、宿舎費等)(参考値),2014-02,2014-02-01,mlit-roumu-h26,p17(横長の表) / p7(縦長の表),https://www.mlit.go.jp/common/001026047.pdf,PDL1.0,,
85e8cf18443d8e24,JP,labor,労務単価,普通船員,所定労働時間内8時間あたり,人日,pref,01,北海道,,,,18200,JPY,labor_wage_8h,published_pdl,25600,原本の下段(括弧書き): 公共工事設計労務単価+必要経費(法定福利費の事業主負担額、労務管理費、宿舎費等)(参考値),2014-02,2014-02-01,mlit-roumu-h26,p17(横長の表) / p7(縦長の表),https://www.mlit.go.jp/common/001026047.pdf,PDL1.0,,
c0f1ce184b01b36f,JP,labor,労務単価,潜水士,所定労働時間内8時間あたり,人日,pref,01,北海道,,,,30000,JPY,labor_wage_8h,published_pdl,42200,原本の下段(括弧書き): 公共工事設計労務単価+必要経費(法定福利費の事業主負担額、労務管理費、宿舎費等)(参考値),2014-02,2014-02-01,mlit-roumu-h26,p17(横長の表) / p7(縦長の表),https://www.mlit.go.jp/common/001026047.pdf,PDL1.0,,
b36f743edea9404f,JP,labor,労務単価,潜水連絡員,所定労働時間内8時間あたり,人日,pref,01,北海道,,,,19600,JPY,labor_wage_8h,published_pdl,27600,原本の下段(括弧書き): 公共工事設計労務単価+必要経費(法定福利費の事業主負担額、労務管理費、宿舎費等)(参考値),2014-02,2014-02-01,mlit-roumu-h26,p17(横長の表) / p7(縦長の表),https://www.mlit.go.jp/common/001026047.pdf,PDL1.0,,
55800a9991a1503c,JP,labor,労務単価,潜水送気員,所定労働時間内8時間あたり,人日,pref,01,北海道,,,,18700,JPY,labor_wage_8h,published_pdl,26300,原本の下段(括弧書き): 公共工事設計労務単価+必要経費(法定福利費の事業主負担額、労務管理費、宿舎費等)(参考値),2014-02,2014-02-01,mlit-roumu-h26,p17(横長の表) / p7(縦長の表),https://www.mlit.go.jp/common/001026047.pdf,PDL1.0,,
38a4d4ecf14c4508,JP,labor,労務単価,山林砂防工,所定労働時間内8時間あたり,人日,pref,01,北海道,,,,,JPY,labor_wage_8h,not_set,,,2014-02,2014-02-01,mlit-roumu-h26,p17(横長の表) / p8(縦長の表),https://www.mlit.go.jp/common/001026047.pdf,PDL1.0,,原本の表で『-』(この都道府県ではこの職種の単価を設定していない)
367bfb9b36bfb51b,JP,labor,労務単価,軌道工,所定労働時間内8時間あたり,人日,pref,01,北海道,,,,21500,JPY,labor_wage_8h,published_pdl,30200,原本の下段(括弧書き): 公共工事設計労務単価+必要経費(法定福利費の事業主負担額、労務管理費、宿舎費等)(参考値),2014-02,2014-02-01,mlit-roumu-h26,p17(横長の表) / p8(縦長の表),https://www.mlit.go.jp/common/001026047.pdf,PDL1.0,,
868978fe442dfd07,JP,labor,労務単価,型わく工,所定労働時間内8時間あたり,人日,pref,01,北海道,,,,16800,JPY,labor_wage_8h,published_pdl,23600,原本の下段(括弧書き): 公共工事設計労務単価+必要経費(法定福利費の事業主負担額、労務管理費、宿舎費等)(参考値),2014-02,2014-02-01,mlit-roumu-h26,p17(横長の表) / p8(縦長の表),https://www.mlit.go.jp/common/001026047.pdf,PDL1.0,,
8f6f2f5b15a1fff9,JP,labor,労務単価,大工,所定労働時間内8時間あたり,人日,pref,01,北海道,,,,18000,JPY,labor_wage_8h,published_pdl,25300,原本の下段(括弧書き): 公共工事設計労務単価+必要経費(法定福利費の事業主負担額、労務管理費、宿舎費等)(参考値),2014-02,2014-02-01,mlit-roumu-h26,p17(横長の表) / p8(縦長の表),https://www.mlit.go.jp/common/001026047.pdf,PDL1.0,,
5d36965125703c5b,JP,labor,労務単価,左官,所定労働時間内8時間あたり,人日,pref,01,北海道,,,,18000,JPY,labor_wage_8h,published_pdl,25300,原本の下段(括弧書き): 公共工事設計労務単価+必要経費(法定福利費の事業主負担額、労務管理費、宿舎費等)(参考値),2014-02,2014-02-01,mlit-roumu-h26,p17(横長の表) / p8(縦長の表),https://www.mlit.go.jp/common/001026047.pdf,PDL1.0,,
ba8a8a3f8daa8aff,JP,labor,労務単価,配管工,所定労働時間内8時間あたり,人日,pref,01,北海道,,,,17000,JPY,labor_wage_8h,published_pdl,23900,原本の下段(括弧書き): 公共工事設計労務単価+必要経費(法定福利費の事業主負担額、労務管理費、宿舎費等)(参考値),2014-02,2014-02-01,mlit-roumu-h26,p17(横長の表) / p8(縦長の表),https://www.mlit.go.jp/common/001026047.pdf,PDL1.0,,
06f09531c537a9be,JP,labor,労務単価,はつり工,所定労働時間内8時間あたり,人日,pref,01,北海道,,,,18200,JPY,labor_wage_8h,published_pdl,25600,原本の下段(括弧書き): 公共工事設計労務単価+必要経費(法定福利費の事業主負担額、労務管理費、宿舎費等)(参考値),2014-02,2014-02-01,mlit-roumu-h26,p17(横長の表) / p8(縦長の表),https://www.mlit.go.jp/common/001026047.pdf,PDL1.0,,
e2d4ac93b0e4672a,JP,labor,労務単価,防水工,所定労働時間内8時間あたり,人日,pref,01,北海道,,,,18800,JPY,labor_wage_8h,published_pdl,26400,原本の下段(括弧書き): 公共工事設計労務単価+必要経費(法定福利費の事業主負担額、労務管理費、宿舎費等)(参考値),2014-02,2014-02-01,mlit-roumu-h26,p17(横長の表) / p8(縦長の表),https://www.mlit.go.jp/common/001026047.pdf,PDL1.0,,
cf038a9a73b7a1cb,JP,labor,労務単価,板金工,所定労働時間内8時間あたり,人日,pref,01,北海道,,,,18100,JPY,labor_wage_8h,published_pdl,25400,原本の下段(括弧書き): 公共工事設計労務単価+必要経費(法定福利費の事業主負担額、労務管理費、宿舎費等)(参考値),2014-02,2014-02-01,mlit-roumu-h26,p17(横長の表) / p8(縦長の表),https://www.mlit.go.jp/common/001026047.pdf,PDL1.0,,
929dfc6690ad3653,JP,labor,労務単価,タイル工,所定労働時間内8時間あたり,人日,pref,01,北海道,,,,19100,JPY,labor_wage_8h,published_pdl,26900,原本の下段(括弧書き): 公共工事設計労務単価+必要経費(法定福利費の事業主負担額、労務管理費、宿舎費等)(参考値),2014-02,2014-02-01,mlit-roumu-h26,p17(横長の表) / p8(縦長の表),https://www.mlit.go.jp/common/001026047.pdf,PDL1.0,,
2f870cdc1c59a23f,JP,labor,労務単価,サッシ工,所定労働時間内8時間あたり,人日,pref,01,北海道,,,,18100,JPY,labor_wage_8h,published_pdl,25400,原本の下段(括弧書き): 公共工事設計労務単価+必要経費(法定福利費の事業主負担額、労務管理費、宿舎費等)(参考値),2014-02,2014-02-01,mlit-roumu-h26,p18(横長の表) / p9(縦長の表),https://www.mlit.go.jp/common/001026047.pdf,PDL1.0,,
0d7d9974100add0c,JP,labor,労務単価,内装工,所定労働時間内8時間あたり,人日,pref,01,北海道,,,,16900,JPY,labor_wage_8h,published_pdl,23800,原本の下段(括弧書き): 公共工事設計労務単価+必要経費(法定福利費の事業主負担額、労務管理費、宿舎費等)(参考値),2014-02,2014-02-01,mlit-roumu-h26,p18(横長の表) / p9(縦長の表),https://www.mlit.go.jp/common/001026047.pdf,PDL1.0,,
4cb93b804e9f35e3,JP,labor,労務単価,ガラス工,所定労働時間内8時間あたり,人日,pref,01,北海道,,,,15900,JPY,labor_wage_8h,published_pdl,22400,原本の下段(括弧書き): 公共工事設計労務単価+必要経費(法定福利費の事業主負担額、労務管理費、宿舎費等)(参考値),2014-02,2014-02-01,mlit-roumu-h26,p18(横長の表) / p9(縦長の表),https://www.mlit.go.jp/common/001026047.pdf,PDL1.0,,
ffd8a56f6d347eb7,JP,labor,労務単価,建具工,所定労働時間内8時間あたり,人日,pref,01,北海道,,,,16600,JPY,labor_wage_8h,published_pdl,23300,原本の下段(括弧書き): 公共工事設計労務単価+必要経費(法定福利費の事業主負担額、労務管理費、宿舎費等)(参考値),2014-02,2014-02-01,mlit-roumu-h26,p18(横長の表) / p9(縦長の表),https://www.mlit.go.jp/common/001026047.pdf,PDL1.0,,
232c86e03d5483c3,JP,labor,労務単価,ダクト工,所定労働時間内8時間あたり,人日,pref,01,北海道,,,,16900,JPY,labor_wage_8h,published_pdl,23800,原本の下段(括弧書き): 公共工事設計労務単価+必要経費(法定福利費の事業主負担額、労務管理費、宿舎費等)(参考値),2014-02,2014-02-01,mlit-roumu-h26,p18(横長の表) / p9(縦長の表),https://www.mlit.go.jp/common/001026047.pdf,PDL1.0,,
45039a657df0b9da,JP,labor,労務単価,保温工,所定労働時間内8時間あたり,人日,pref,01,北海道,,,,18600,JPY,labor_wage_8h,published_pdl,26200,原本の下段(括弧書き): 公共工事設計労務単価+必要経費(法定福利費の事業主負担額、労務管理費、宿舎費等)(参考値),2014-02,2014-02-01,mlit-roumu-h26,p18(横長の表) / p9(縦長の表),https://www.mlit.go.jp/common/001026047.pdf,PDL1.0,,
3701b19bd932f008,JP,labor,労務単価,建築ブロック工,所定労働時間内8時間あたり,人日,pref,01,北海道,,,,,JPY,labor_wage_8h,not_set,,,2014-02,2014-02-01,mlit-roumu-h26,p18(横長の表) / p9(縦長の表),https://www.mlit.go.jp/common/001026047.pdf,PDL1.0,,原本の表で『-』(この都道府県ではこの職種の単価を設定していない)
9abd0649e2d15766,JP,labor,労務単価,設備機械工,所定労働時間内8時間あたり,人日,pref,01,北海道,,,,18800,JPY,labor_wage_8h,published_pdl,26400,原本の下段(括弧書き): 公共工事設計労務単価+必要経費(法定福利費の事業主負担額、労務管理費、宿舎費等)(参考値),2014-02,2014-02-01,mlit-roumu-h26,p18(横長の表) / p9(縦長の表),https://www.mlit.go.jp/common/001026047.pdf,PDL1.0,,
1a3b1d506a36f170,JP,labor,労務単価,交通誘導警備員Ａ,所定労働時間内8時間あたり,人日,pref,01,北海道,,,,9900,JPY,labor_wage_8h,published_pdl,13900,原本の下段(括弧書き): 公共工事設計労務単価+必要経費(法定福利費の事業主負担額、労務管理費、宿舎費等)(参考値),2014-02,2014-02-01,mlit-roumu-h26,p18(横長の表) / p9(縦長の表),https://www.mlit.go.jp/common/001026047.pdf,PDL1.0,,
843bef6754a17962,JP,labor,労務単価,交通誘導警備員Ｂ,所定労働時間内8時間あたり,人日,pref,01,北海道,,,,8900,JPY,labor_wage_8h,published_pdl,12500,原本の下段(括弧書き): 公共工事設計労務単価+必要経費(法定福利費の事業主負担額、労務管理費、宿舎費等)(参考値),2014-02,2014-02-01,mlit-roumu-h26,p18(横長の表) / p9(縦長の表),https://www.mlit.go.jp/common/001026047.pdf,PDL1.0,,
b93606a0aa5e93e6,JP,labor,労務単価,特殊作業員,所定労働時間内8時間あたり,人日,pref,02,青森県,,,,19300,JPY,labor_wage_8h,published_pdl,27100,原本の下段(括弧書き): 公共工事設計労務単価+必要経費(法定福利費の事業主負担額、労務管理費、宿舎費等)(参考値),2014-02,2014-02-01,mlit-roumu-h26,p16(横長の表) / p5(縦長の表),https://www.mlit.go.jp/common/001026047.pdf,PDL1.0,,
c9923406b7177ec5,JP,labor,労務単価,普通作業員,所定労働時間内8時間あたり,人日,pref,02,青森県,,,,14300,JPY,labor_wage_8h,published_pdl,20100,原本の下段(括弧書き): 公共工事設計労務単価+必要経費(法定福利費の事業主負担額、労務管理費、宿舎費等)(参考値),2014-02,2014-02-01,mlit-roumu-h26,p16(横長の表) / p5(縦長の表),https://www.mlit.go.jp/common/001026047.pdf,PDL1.0,,
12348236e8242d56,JP,labor,労務単価,軽作業員,所定労働時間内8時間あたり,人日,pref,02,青森県,,,,10700,JPY,labor_wage_8h,published_pdl,15000,原本の下段(括弧書き): 公共工事設計労務単価+必要経費(法定福利費の事業主負担額、労務管理費、宿舎費等)(参考値),2014-02,2014-02-01,mlit-roumu-h26,p16(横長の表) / p5(縦長の表),https://www.mlit.go.jp/common/001026047.pdf,PDL1.0,,
537623677c919432,JP,labor,労務単価,造園工,所定労働時間内8時間あたり,人日,pref,02,青森県,,,,16600,JPY,labor_wage_8h,published_pdl,23300,原本の下段(括弧書き): 公共工事設計労務単価+必要経費(法定福利費の事業主負担額、労務管理費、宿舎費等)(参考値),2014-02,2014-02-01,mlit-roumu-h26,p16(横長の表) / p5(縦長の表),https://www.mlit.go.jp/common/001026047.pdf,PDL1.0,,
a97c9e0d1d75500d,JP,labor,労務単価,法面工,所定労働時間内8時間あたり,人日,pref,02,青森県,,,,19600,JPY,labor_wage_8h,published_pdl,27600,原本の下段(括弧書き): 公共工事設計労務単価+必要経費(法定福利費の事業主負担額、労務管理費、宿舎費等)(参考値),2014-02,2014-02-01,mlit-roumu-h26,p16(横長の表) / p5(縦長の表),https://www.mlit.go.jp/common/001026047.pdf,PDL1.0,,
c4e69b0e217ea513,JP,labor,労務単価,とび工,所定労働時間内8時間あたり,人日,pref,02,青森県,,,,18000,JPY,labor_wage_8h,published_pdl,25300,原本の下段(括弧書き): 公共工事設計労務単価+必要経費(法定福利費の事業主負担額、労務管理費、宿舎費等)(参考値),2014-02,2014-02-01,mlit-roumu-h26,p16(横長の表) / p5(縦長の表),https://www.mlit.go.jp/common/001026047.pdf,PDL1.0,,
0668bf409be2a80b,JP,labor,労務単価,石工,所定労働時間内8時間あたり,人日,pref,02,青森県,,,,,JPY,labor_wage_8h,not_set,,,2014-02,2014-02-01,mlit-roumu-h26,p16(横長の表) / p5(縦長の表),https://www.mlit.go.jp/common/001026047.pdf,PDL1.0,,原本の表で『-』(この都道府県ではこの職種の単価を設定していない)
d57cd4e904e2e461,JP,labor,労務単価,ブロック工,所定労働時間内8時間あたり,人日,pref,02,青森県,,,,19300,JPY,labor_wage_8h,published_pdl,27100,原本の下段(括弧書き): 公共工事設計労務単価+必要経費(法定福利費の事業主負担額、労務管理費、宿舎費等)(参考値),2014-02,2014-02-01,mlit-roumu-h26,p16(横長の表) / p5(縦長の表),https://www.mlit.go.jp/common/001026047.pdf,PDL1.0,,
31353c5e2d93bf3d,JP,labor,労務単価,電工,所定労働時間内8時間あたり,人日,pref,02,青森県,,,,16100,JPY,labor_wage_8h,published_pdl,22600,原本の下段(括弧書き): 公共工事設計労務単価+必要経費(法定福利費の事業主負担額、労務管理費、宿舎費等)(参考値),2014-02,2014-02-01,mlit-roumu-h26,p16(横長の表) / p5(縦長の表),https://www.mlit.go.jp/common/001026047.pdf,PDL1.0,,
e7a7444c42ebd4e6,JP,labor,労務単価,鉄筋工,所定労働時間内8時間あたり,人日,pref,02,青森県,,,,19000,JPY,labor_wage_8h,published_pdl,26700,原本の下段(括弧書き): 公共工事設計労務単価+必要経費(法定福利費の事業主負担額、労務管理費、宿舎費等)(参考値),2014-02,2014-02-01,mlit-roumu-h26,p16(横長の表) / p5(縦長の表),https://www.mlit.go.jp/common/001026047.pdf,PDL1.0,,
af08f06c2302af4c,JP,labor,労務単価,鉄骨工,所定労働時間内8時間あたり,人日,pref,02,青森県,,,,17000,JPY,labor_wage_8h,published_pdl,23900,原本の下段(括弧書き): 公共工事設計労務単価+必要経費(法定福利費の事業主負担額、労務管理費、宿舎費等)(参考値),2014-02,2014-02-01,mlit-roumu-h26,p16(横長の表) / p6(縦長の表),https://www.mlit.go.jp/common/001026047.pdf,PDL1.0,,
6212a7891fcf4a8d,JP,labor,労務単価,塗装工,所定労働時間内8時間あたり,人日,pref,02,青森県,,,,16100,JPY,labor_wage_8h,published_pdl,22600,原本の下段(括弧書き): 公共工事設計労務単価+必要経費(法定福利費の事業主負担額、労務管理費、宿舎費等)(参考値),2014-02,2014-02-01,mlit-roumu-h26,p16(横長の表) / p6(縦長の表),https://www.mlit.go.jp/common/001026047.pdf,PDL1.0,,
dedd5b7995158b5d,JP,labor,労務単価,溶接工,所定労働時間内8時間あたり,人日,pref,02,青森県,,,,18200,JPY,labor_wage_8h,published_pdl,25600,原本の下段(括弧書き): 公共工事設計労務単価+必要経費(法定福利費の事業主負担額、労務管理費、宿舎費等)(参考値),2014-02,2014-02-01,mlit-roumu-h26,p16(横長の表) / p6(縦長の表),https://www.mlit.go.jp/common/001026047.pdf,PDL1.0,,
709d9c4a49c64f71,JP,labor,労務単価,運転手（特殊）,所定労働時間内8時間あたり,人日,pref,02,青森県,,,,20900,JPY,labor_wage_8h,published_pdl,29400,原本の下段(括弧書き): 公共工事設計労務単価+必要経費(法定福利費の事業主負担額、労務管理費、宿舎費等)(参考値),2014-02,2014-02-01,mlit-roumu-h26,p16(横長の表) / p6(縦長の表),https://www.mlit.go.jp/common/001026047.pdf,PDL1.0,,
ad8a32664f2df622,JP,labor,労務単価,運転手（一般）,所定労働時間内8時間あたり,人日,pref,02,青森県,,,,19000,JPY,labor_wage_8h,published_pdl,26700,原本の下段(括弧書き): 公共工事設計労務単価+必要経費(法定福利費の事業主負担額、労務管理費、宿舎費等)(参考値),2014-02,2014-02-01,mlit-roumu-h26,p16(横長の表) / p6(縦長の表),https://www.mlit.go.jp/common/001026047.pdf,PDL1.0,,
9bef0d8c05fd08d0,JP,labor,労務単価,潜かん工,所定労働時間内8時間あたり,人日,pref,02,青森県,,,,26000,JPY,labor_wage_8h,published_pdl,36600,原本の下段(括弧書き): 公共工事設計労務単価+必要経費(法定福利費の事業主負担額、労務管理費、宿舎費等)(参考値),2014-02,2014-02-01,mlit-roumu-h26,p16(横長の表) / p6(縦長の表),https://www.mlit.go.jp/common/001026047.pdf,PDL1.0,,
8b72631d53684b8a,JP,labor,労務単価,潜かん世話役,所定労働時間内8時間あたり,人日,pref,02,青森県,,,,30800,JPY,labor_wage_8h,published_pdl,43300,原本の下段(括弧書き): 公共工事設計労務単価+必要経費(法定福利費の事業主負担額、労務管理費、宿舎費等)(参考値),2014-02,2014-02-01,mlit-roumu-h26,p16(横長の表) / p6(縦長の表),https://www.mlit.go.jp/common/001026047.pdf,PDL1.0,,
0003865df1878fdc,JP,labor,労務単価,さく岩工,所定労働時間内8時間あたり,人日,pref,02,青森県,,,,21300,JPY,labor_wage_8h,published_pdl,29900,原本の下段(括弧書き): 公共工事設計労務単価+必要経費(法定福利費の事業主負担額、労務管理費、宿舎費等)(参考値),2014-02,2014-02-01,mlit-roumu-h26,p16(横長の表) / p6(縦長の表),https://www.mlit.go.jp/common/001026047.pdf,PDL1.0,,
bf0ceec6a520583e,JP,labor,労務単価,トンネル特殊工,所定労働時間内8時間あたり,人日,pref,02,青森県,,,,24900,JPY,labor_wage_8h,published_pdl,35000,原本の下段(括弧書き): 公共工事設計労務単価+必要経費(法定福利費の事業主負担額、労務管理費、宿舎費等)(参考値),2014-02,2014-02-01,mlit-roumu-h26,p16(横長の表) / p6(縦長の表),https://www.mlit.go.jp/common/001026047.pdf,PDL1.0,,
9035a550fc765a1d,JP,labor,労務単価,トンネル作業員,所定労働時間内8時間あたり,人日,pref,02,青森県,,,,19700,JPY,labor_wage_8h,published_pdl,27700,原本の下段(括弧書き): 公共工事設計労務単価+必要経費(法定福利費の事業主負担額、労務管理費、宿舎費等)(参考値),2014-02,2014-02-01,mlit-roumu-h26,p16(横長の表) / p6(縦長の表),https://www.mlit.go.jp/common/001026047.pdf,PDL1.0,,
51ca5435fab7b489,JP,labor,労務単価,トンネル世話役,所定労働時間内8時間あたり,人日,pref,02,青森県,,,,27500,JPY,labor_wage_8h,published_pdl,38700,原本の下段(括弧書き): 公共工事設計労務単価+必要経費(法定福利費の事業主負担額、労務管理費、宿舎費等)(参考値),2014-02,2014-02-01,mlit-roumu-h26,p17(横長の表) / p7(縦長の表),https://www.mlit.go.jp/common/001026047.pdf,PDL1.0,,
0e46578b7d0ee806,JP,labor,労務単価,橋りょう特殊工,所定労働時間内8時間あたり,人日,pref,02,青森県,,,,22500,JPY,labor_wage_8h,published_pdl,31600,原本の下段(括弧書き): 公共工事設計労務単価+必要経費(法定福利費の事業主負担額、労務管理費、宿舎費等)(参考値),2014-02,2014-02-01,mlit-roumu-h26,p17(横長の表) / p7(縦長の表),https://www.mlit.go.jp/common/001026047.pdf,PDL1.0,,
2edcd5e0a6243415,JP,labor,労務単価,橋りょう塗装工,所定労働時間内8時間あたり,人日,pref,02,青森県,,,,24100,JPY,labor_wage_8h,published_pdl,33900,原本の下段(括弧書き): 公共工事設計労務単価+必要経費(法定福利費の事業主負担額、労務管理費、宿舎費等)(参考値),2014-02,2014-02-01,mlit-roumu-h26,p17(横長の表) / p7(縦長の表),https://www.mlit.go.jp/common/001026047.pdf,PDL1.0,,
5d96f6ae5d9ff06c,JP,labor,労務単価,橋りょう世話役,所定労働時間内8時間あたり,人日,pref,02,青森県,,,,27200,JPY,labor_wage_8h,published_pdl,38200,原本の下段(括弧書き): 公共工事設計労務単価+必要経費(法定福利費の事業主負担額、労務管理費、宿舎費等)(参考値),2014-02,2014-02-01,mlit-roumu-h26,p17(横長の表) / p7(縦長の表),https://www.mlit.go.jp/common/001026047.pdf,PDL1.0,,
a41bc5c35b22a23f,JP,labor,労務単価,土木一般世話役,所定労働時間内8時間あたり,人日,pref,02,青森県,,,,22000,JPY,labor_wage_8h,published_pdl,30900,原本の下段(括弧書き): 公共工事設計労務単価+必要経費(法定福利費の事業主負担額、労務管理費、宿舎費等)(参考値),2014-02,2014-02-01,mlit-roumu-h26,p17(横長の表) / p7(縦長の表),https://www.mlit.go.jp/common/001026047.pdf,PDL1.0,,
fe43eeb0e769d20d,JP,labor,労務単価,高級船員,所定労働時間内8時間あたり,人日,pref,02,青森県,,,,23900,JPY,labor_wage_8h,published_pdl,33600,原本の下段(括弧書き): 公共工事設計労務単価+必要経費(法定福利費の事業主負担額、労務管理費、宿舎費等)(参考値),2014-02,2014-02-01,mlit-roumu-h26,p17(横長の表) / p7(縦長の表),https://www.mlit.go.jp/common/001026047.pdf,PDL1.0,,
f1e1bd14323f4d20,JP,labor,労務単価,普通船員,所定労働時間内8時間あたり,人日,pref,02,青森県,,,,18700,JPY,labor_wage_8h,published_pdl,26300,原本の下段(括弧書き): 公共工事設計労務単価+必要経費(法定福利費の事業主負担額、労務管理費、宿舎費等)(参考値),2014-02,2014-02-01,mlit-roumu-h26,p17(横長の表) / p7(縦長の表),https://www.mlit.go.jp/common/001026047.pdf,PDL1.0,,
d65fb04a50b20cba,JP,labor,労務単価,潜水士,所定労働時間内8時間あたり,人日,pref,02,青森県,,,,35100,JPY,labor_wage_8h,published_pdl,49400,原本の下段(括弧書き): 公共工事設計労務単価+必要経費(法定福利費の事業主負担額、労務管理費、宿舎費等)(参考値),2014-02,2014-02-01,mlit-roumu-h26,p17(横長の表) / p7(縦長の表),https://www.mlit.go.jp/common/001026047.pdf,PDL1.0,,
f0ccdf0fd02136b0,JP,labor,労務単価,潜水連絡員,所定労働時間内8時間あたり,人日,pref,02,青森県,,,,21600,JPY,labor_wage_8h,published_pdl,30400,原本の下段(括弧書き): 公共工事設計労務単価+必要経費(法定福利費の事業主負担額、労務管理費、宿舎費等)(参考値),2014-02,2014-02-01,mlit-roumu-h26,p17(横長の表) / p7(縦長の表),https://www.mlit.go.jp/common/001026047.pdf,PDL1.0,,
a1f92ebfab4e7d69,JP,labor,労務単価,潜水送気員,所定労働時間内8時間あたり,人日,pref,02,青森県,,,,22000,JPY,labor_wage_8h,published_pdl,30900,原本の下段(括弧書き): 公共工事設計労務単価+必要経費(法定福利費の事業主負担額、労務管理費、宿舎費等)(参考値),2014-02,2014-02-01,mlit-roumu-h26,p17(横長の表) / p7(縦長の表),https://www.mlit.go.jp/common/001026047.pdf,PDL1.0,,
11e51a10c93dcc69,JP,labor,労務単価,山林砂防工,所定労働時間内8時間あたり,人日,pref,02,青森県,,,,,JPY,labor_wage_8h,not_set,,,2014-02,2014-02-01,mlit-roumu-h26,p17(横長の表) / p8(縦長の表),https://www.mlit.go.jp/common/001026047.pdf,PDL1.0,,原本の表で『-』(この都道府県ではこの職種の単価を設定していない)
5ebc4dfade51e275,JP,labor,労務単価,軌道工,所定労働時間内8時間あたり,人日,pref,02,青森県,,,,23600,JPY,labor_wage_8h,published_pdl,33200,原本の下段(括弧書き): 公共工事設計労務単価+必要経費(法定福利費の事業主負担額、労務管理費、宿舎費等)(参考値),2014-02,2014-02-01,mlit-roumu-h26,p17(横長の表) / p8(縦長の表),https://www.mlit.go.jp/common/001026047.pdf,PDL1.0,,
baef2c25c25f4554,JP,labor,労務単価,型わく工,所定労働時間内8時間あたり,人日,pref,02,青森県,,,,21900,JPY,labor_wage_8h,published_pdl,30800,原本の下段(括弧書き): 公共工事設計労務単価+必要経費(法定福利費の事業主負担額、労務管理費、宿舎費等)(参考値),2014-02,2014-02-01,mlit-roumu-h26,p17(横長の表) / p8(縦長の表),https://www.mlit.go.jp/common/001026047.pdf,PDL1.0,,
148832685ccd47c1,JP,labor,労務単価,大工,所定労働時間内8時間あたり,人日,pref,02,青森県,,,,19200,JPY,labor_wage_8h,published_pdl,27000,原本の下段(括弧書き): 公共工事設計労務単価+必要経費(法定福利費の事業主負担額、労務管理費、宿舎費等)(参考値),2014-02,2014-02-01,mlit-roumu-h26,p17(横長の表) / p8(縦長の表),https://www.mlit.go.jp/common/001026047.pdf,PDL1.0,,
24abe91d2849c53e,JP,labor,労務単価,左官,所定労働時間内8時間あたり,人日,pref,02,青森県,,,,19400,JPY,labor_wage_8h,published_pdl,27300,原本の下段(括弧書き): 公共工事設計労務単価+必要経費(法定福利費の事業主負担額、労務管理費、宿舎費等)(参考値),2014-02,2014-02-01,mlit-roumu-h26,p17(横長の表) / p8(縦長の表),https://www.mlit.go.jp/common/001026047.pdf,PDL1.0,,
3b086ac3ac614bb2,JP,labor,労務単価,配管工,所定労働時間内8時間あたり,人日,pref,02,青森県,,,,16700,JPY,labor_wage_8h,published_pdl,23500,原本の下段(括弧書き): 公共工事設計労務単価+必要経費(法定福利費の事業主負担額、労務管理費、宿舎費等)(参考値),2014-02,2014-02-01,mlit-roumu-h26,p17(横長の表) / p8(縦長の表),https://www.mlit.go.jp/common/001026047.pdf,PDL1.0,,
24b0efc5bd40a410,JP,labor,労務単価,はつり工,所定労働時間内8時間あたり,人日,pref,02,青森県,,,,17200,JPY,labor_wage_8h,published_pdl,24200,原本の下段(括弧書き): 公共工事設計労務単価+必要経費(法定福利費の事業主負担額、労務管理費、宿舎費等)(参考値),2014-02,2014-02-01,mlit-roumu-h26,p17(横長の表) / p8(縦長の表),https://www.mlit.go.jp/common/001026047.pdf,PDL1.0,,
87f9130e785439ff,JP,labor,労務単価,防水工,所定労働時間内8時間あたり,人日,pref,02,青森県,,,,17000,JPY,labor_wage_8h,published_pdl,23900,原本の下段(括弧書き): 公共工事設計労務単価+必要経費(法定福利費の事業主負担額、労務管理費、宿舎費等)(参考値),2014-02,2014-02-01,mlit-roumu-h26,p17(横長の表) / p8(縦長の表),https://www.mlit.go.jp/common/001026047.pdf,PDL1.0,,
60dd0c3d728b287a,JP,labor,労務単価,板金工,所定労働時間内8時間あたり,人日,pref,02,青森県,,,,17900,JPY,labor_wage_8h,published_pdl,25200,原本の下段(括弧書き): 公共工事設計労務単価+必要経費(法定福利費の事業主負担額、労務管理費、宿舎費等)(参考値),2014-02,2014-02-01,mlit-roumu-h26,p17(横長の表) / p8(縦長の表),https://www.mlit.go.jp/common/001026047.pdf,PDL1.0,,
069d383df89633c4,JP,labor,労務単価,タイル工,所定労働時間内8時間あたり,人日,pref,02,青森県,,,,17500,JPY,labor_wage_8h,published_pdl,24600,原本の下段(括弧書き): 公共工事設計労務単価+必要経費(法定福利費の事業主負担額、労務管理費、宿舎費等)(参考値),2014-02,2014-02-01,mlit-roumu-h26,p17(横長の表) / p8(縦長の表),https://www.mlit.go.jp/common/001026047.pdf,PDL1.0,,
9cb4039c37b8bf80,JP,labor,労務単価,サッシ工,所定労働時間内8時間あたり,人日,pref,02,青森県,,,,19000,JPY,labor_wage_8h,published_pdl,26700,原本の下段(括弧書き): 公共工事設計労務単価+必要経費(法定福利費の事業主負担額、労務管理費、宿舎費等)(参考値),2014-02,2014-02-01,mlit-roumu-h26,p18(横長の表) / p9(縦長の表),https://www.mlit.go.jp/common/001026047.pdf,PDL1.0,,
ba036c9699d2db37,JP,labor,労務単価,内装工,所定労働時間内8時間あたり,人日,pref,02,青森県,,,,17000,JPY,labor_wage_8h,published_pdl,23900,原本の下段(括弧書き): 公共工事設計労務単価+必要経費(法定福利費の事業主負担額、労務管理費、宿舎費等)(参考値),2014-02,2014-02-01,mlit-roumu-h26,p18(横長の表) / p9(縦長の表),https://www.mlit.go.jp/common/001026047.pdf,PDL1.0,,
215ddce707ee1a48,JP,labor,労務単価,ガラス工,所定労働時間内8時間あたり,人日,pref,02,青森県,,,,17000,JPY,labor_wage_8h,published_pdl,23900,原本の下段(括弧書き): 公共工事設計労務単価+必要経費(法定福利費の事業主負担額、労務管理費、宿舎費等)(参考値),2014-02,2014-02-01,mlit-roumu-h26,p18(横長の表) / p9(縦長の表),https://www.mlit.go.jp/common/001026047.pdf,PDL1.0,,
7916d67ac2039856,JP,labor,労務単価,建具工,所定労働時間内8時間あたり,人日,pref,02,青森県,,,,,JPY,labor_wage_8h,not_set,,,2014-02,2014-02-01,mlit-roumu-h26,p18(横長の表) / p9(縦長の表),https://www.mlit.go.jp/common/001026047.pdf,PDL1.0,,原本の表で『-』(この都道府県ではこの職種の単価を設定していない)
9dda27476e32b458,JP,labor,労務単価,ダクト工,所定労働時間内8時間あたり,人日,pref,02,青森県,,,,15500,JPY,labor_wage_8h,published_pdl,21800,原本の下段(括弧書き): 公共工事設計労務単価+必要経費(法定福利費の事業主負担額、労務管理費、宿舎費等)(参考値),2014-02,2014-02-01,mlit-roumu-h26,p18(横長の表) / p9(縦長の表),https://www.mlit.go.jp/common/001026047.pdf,PDL1.0,,
b29d46290bd739b1,JP,labor,労務単価,保温工,所定労働時間内8時間あたり,人日,pref,02,青森県,,,,17600,JPY,labor_wage_8h,published_pdl,24700,原本の下段(括弧書き): 公共工事設計労務単価+必要経費(法定福利費の事業主負担額、労務管理費、宿舎費等)(参考値),2014-02,2014-02-01,mlit-roumu-h26,p18(横長の表) / p9(縦長の表),https://www.mlit.go.jp/common/001026047.pdf,PDL1.0,,
d5befa30a1955edc,JP,labor,労務単価,建築ブロック工,所定労働時間内8時間あたり,人日,pref,02,青森県,,,,16400,JPY,labor_wage_8h,published_pdl,23100,原本の下段(括弧書き): 公共工事設計労務単価+必要経費(法定福利費の事業主負担額、労務管理費、宿舎費等)(参考値),2014-02,2014-02-01,mlit-roumu-h26,p18(横長の表) / p9(縦長の表),https://www.mlit.go.jp/common/001026047.pdf,PDL1.0,,
77e64e149a1899d7,JP,labor,労務単価,設備機械工,所定労働時間内8時間あたり,人日,pref,02,青森県,,,,17000,JPY,labor_wage_8h,published_pdl,23900,原本の下段(括弧書き): 公共工事設計労務単価+必要経費(法定福利費の事業主負担額、労務管理費、宿舎費等)(参考値),2014-02,2014-02-01,mlit-roumu-h26,p18(横長の表) / p9(縦長の表),https://www.mlit.go.jp/common/001026047.pdf,PDL1.0,,
4919769b851793cd,JP,labor,労務単価,交通誘導警備員Ａ,所定労働時間内8時間あたり,人日,pref,02,青森県,,,,9300,JPY,labor_wage_8h,published_pdl,13100,原本の下段(括弧書き): 公共工事設計労務単価+必要経費(法定福利費の事業主負担額、労務管理費、宿舎費等)(参考値),2014-02,2014-02-01,mlit-roumu-h26,p18(横長の表) / p9(縦長の表),https://www.mlit.go.jp/common/001026047.pdf,PDL1.0,,
2e4e3cba5b7f2643,JP,labor,労務単価,交通誘導警備員Ｂ,所定労働時間内8時間あたり,人日,pref,02,青森県,,,,8600,JPY,labor_wage_8h,published_pdl,12100,原本の下段(括弧書き): 公共工事設計労務単価+必要経費(法定福利費の事業主負担額、労務管理費、宿舎費等)(参考値),2014-02,2014-02-01,mlit-roumu-h26,p18(横長の表) / p9(縦長の表),https://www.mlit.go.jp/common/001026047.pdf,PDL1.0,,
6e04a3bb43cd8bb8,JP,labor,労務単価,特殊作業員,所定労働時間内8時間あたり,人日,pref,03,岩手県,,,,19300,JPY,labor_wage_8h,published_pdl,27100,原本の下段(括弧書き): 公共工事設計労務単価+必要経費(法定福利費の事業主負担額、労務管理費、宿舎費等)(参考値),2014-02,2014-02-01,mlit-roumu-h26,p16(横長の表) / p5(縦長の表),https://www.mlit.go.jp/common/001026047.pdf,PDL1.0,,原本の縦長の表で丸括弧書き。(注)岩手県、宮城県、福島県における単価括弧書きは、労務費の上昇に伴う入札不調の多発が認められるため、入札不調に対応した単価を採用している。
d549424a0327e3b1,JP,labor,労務単価,普通作業員,所定労働時間内8時間あたり,人日,pref,03,岩手県,,,,16100,JPY,labor_wage_8h,published_pdl,22600,原本の下段(括弧書き): 公共工事設計労務単価+必要経費(法定福利費の事業主負担額、労務管理費、宿舎費等)(参考値),2014-02,2014-02-01,mlit-roumu-h26,p16(横長の表) / p5(縦長の表),https://www.mlit.go.jp/common/001026047.pdf,PDL1.0,,原本の縦長の表で丸括弧書き。(注)岩手県、宮城県、福島県における単価括弧書きは、労務費の上昇に伴う入札不調の多発が認められるため、入札不調に対応した単価を採用している。
7c3c86bf169b1cd6,JP,labor,労務単価,軽作業員,所定労働時間内8時間あたり,人日,pref,03,岩手県,,,,11800,JPY,labor_wage_8h,published_pdl,16600,原本の下段(括弧書き): 公共工事設計労務単価+必要経費(法定福利費の事業主負担額、労務管理費、宿舎費等)(参考値),2014-02,2014-02-01,mlit-roumu-h26,p16(横長の表) / p5(縦長の表),https://www.mlit.go.jp/common/001026047.pdf,PDL1.0,,原本の縦長の表で丸括弧書き。(注)岩手県、宮城県、福島県における単価括弧書きは、労務費の上昇に伴う入札不調の多発が認められるため、入札不調に対応した単価を採用している。
ea398425f0612efe,JP,labor,労務単価,造園工,所定労働時間内8時間あたり,人日,pref,03,岩手県,,,,17300,JPY,labor_wage_8h,published_pdl,24300,原本の下段(括弧書き): 公共工事設計労務単価+必要経費(法定福利費の事業主負担額、労務管理費、宿舎費等)(参考値),2014-02,2014-02-01,mlit-roumu-h26,p16(横長の表) / p5(縦長の表),https://www.mlit.go.jp/common/001026047.pdf,PDL1.0,,
ef2d4617bdbbc9d5,JP,labor,労務単価,法面工,所定労働時間内8時間あたり,人日,pref,03,岩手県,,,,21700,JPY,labor_wage_8h,published_pdl,30500,原本の下段(括弧書き): 公共工事設計労務単価+必要経費(法定福利費の事業主負担額、労務管理費、宿舎費等)(参考値),2014-02,2014-02-01,mlit-roumu-h26,p16(横長の表) / p5(縦長の表),https://www.mlit.go.jp/common/001026047.pdf,PDL1.0,,原本の縦長の表で丸括弧書き。(注)岩手県、宮城県、福島県における単価括弧書きは、労務費の上昇に伴う入札不調の多発が認められるため、入札不調に対応した単価を採用している。
c288675672c19164,JP,labor,労務単価,とび工,所定労働時間内8時間あたり,人日,pref,03,岩手県,,,,18200,JPY,labor_wage_8h,published_pdl,25600,原本の下段(括弧書き): 公共工事設計労務単価+必要経費(法定福利費の事業主負担額、労務管理費、宿舎費等)(参考値),2014-02,2014-02-01,mlit-roumu-h26,p16(横長の表) / p5(縦長の表),https://www.mlit.go.jp/common/001026047.pdf,PDL1.0,,原本の縦長の表で丸括弧書き。(注)岩手県、宮城県、福島県における単価括弧書きは、労務費の上昇に伴う入札不調の多発が認められるため、入札不調に対応した単価を採用している。
1aef8356ff79a49a,JP,labor,労務単価,石工,所定労働時間内8時間あたり,人日,pref,03,岩手県,,,,,JPY,labor_wage_8h,not_set,,,2014-02,2014-02-01,mlit-roumu-h26,p16(横長の表) / p5(縦長の表),https://www.mlit.go.jp/common/001026047.pdf,PDL1.0,,原本の表で『-』(この都道府県ではこの職種の単価を設定していない)
b116d7b75669d795,JP,labor,労務単価,ブロック工,所定労働時間内8時間あたり,人日,pref,03,岩手県,,,,21200,JPY,labor_wage_8h,published_pdl,29800,原本の下段(括弧書き): 公共工事設計労務単価+必要経費(法定福利費の事業主負担額、労務管理費、宿舎費等)(参考値),2014-02,2014-02-01,mlit-roumu-h26,p16(横長の表) / p5(縦長の表),https://www.mlit.go.jp/common/001026047.pdf,PDL1.0,,
b2747db7be6b8d61,JP,labor,労務単価,電工,所定労働時間内8時間あたり,人日,pref,03,岩手県,,,,16900,JPY,labor_wage_8h,published_pdl,23800,原本の下段(括弧書き): 公共工事設計労務単価+必要経費(法定福利費の事業主負担額、労務管理費、宿舎費等)(参考値),2014-02,2014-02-01,mlit-roumu-h26,p16(横長の表) / p5(縦長の表),https://www.mlit.go.jp/common/001026047.pdf,PDL1.0,,
56c7c0c55db316c7,JP,labor,労務単価,鉄筋工,所定労働時間内8時間あたり,人日,pref,03,岩手県,,,,20000,JPY,labor_wage_8h,published_pdl,28100,原本の下段(括弧書き): 公共工事設計労務単価+必要経費(法定福利費の事業主負担額、労務管理費、宿舎費等)(参考値),2014-02,2014-02-01,mlit-roumu-h26,p16(横長の表) / p5(縦長の表),https://www.mlit.go.jp/common/001026047.pdf,PDL1.0,,原本の縦長の表で丸括弧書き。(注)岩手県、宮城県、福島県における単価括弧書きは、労務費の上昇に伴う入札不調の多発が認められるため、入札不調に対応した単価を採用している。
e4de3c59b422ea4a,JP,labor,労務単価,鉄骨工,所定労働時間内8時間あたり,人日,pref,03,岩手県,,,,18000,JPY,labor_wage_8h,published_pdl,25300,原本の下段(括弧書き): 公共工事設計労務単価+必要経費(法定福利費の事業主負担額、労務管理費、宿舎費等)(参考値),2014-02,2014-02-01,mlit-roumu-h26,p16(横長の表) / p6(縦長の表),https://www.mlit.go.jp/common/001026047.pdf,PDL1.0,,原本の縦長の表で丸括弧書き。(注)岩手県、宮城県、福島県における単価括弧書きは、労務費の上昇に伴う入札不調の多発が認められるため、入札不調に対応した単価を採用している。
5a97ce8bf5409452,JP,labor,労務単価,塗装工,所定労働時間内8時間あたり,人日,pref,03,岩手県,,,,17600,JPY,labor_wage_8h,published_pdl,24700,原本の下段(括弧書き): 公共工事設計労務単価+必要経費(法定福利費の事業主負担額、労務管理費、宿舎費等)(参考値),2014-02,2014-02-01,mlit-roumu-h26,p16(横長の表) / p6(縦長の表),https://www.mlit.go.jp/common/001026047.pdf,PDL1.0,,原本の縦長の表で丸括弧書き。(注)岩手県、宮城県、福島県における単価括弧書きは、労務費の上昇に伴う入札不調の多発が認められるため、入札不調に対応した単価を採用している。
7eb8e956152b39b1,JP,labor,労務単価,溶接工,所定労働時間内8時間あたり,人日,pref,03,岩手県,,,,19200,JPY,labor_wage_8h,published_pdl,27000,原本の下段(括弧書き): 公共工事設計労務単価+必要経費(法定福利費の事業主負担額、労務管理費、宿舎費等)(参考値),2014-02,2014-02-01,mlit-roumu-h26,p16(横長の表) / p6(縦長の表),https://www.mlit.go.jp/common/001026047.pdf,PDL1.0,,原本の縦長の表で丸括弧書き。(注)岩手県、宮城県、福島県における単価括弧書きは、労務費の上昇に伴う入札不調の多発が認められるため、入札不調に対応した単価を採用している。
f03bb03fcca16bd1,JP,labor,労務単価,運転手（特殊）,所定労働時間内8時間あたり,人日,pref,03,岩手県,,,,21400,JPY,labor_wage_8h,published_pdl,30100,原本の下段(括弧書き): 公共工事設計労務単価+必要経費(法定福利費の事業主負担額、労務管理費、宿舎費等)(参考値),2014-02,2014-02-01,mlit-roumu-h26,p16(横長の表) / p6(縦長の表),https://www.mlit.go.jp/common/001026047.pdf,PDL1.0,,原本の縦長の表で丸括弧書き。(注)岩手県、宮城県、福島県における単価括弧書きは、労務費の上昇に伴う入札不調の多発が認められるため、入札不調に対応した単価を採用している。
ebcfc12dc444795d,JP,labor,労務単価,運転手（一般）,所定労働時間内8時間あたり,人日,pref,03,岩手県,,,,18100,JPY,labor_wage_8h,published_pdl,25400,原本の下段(括弧書き): 公共工事設計労務単価+必要経費(法定福利費の事業主負担額、労務管理費、宿舎費等)(参考値),2014-02,2014-02-01,mlit-roumu-h26,p16(横長の表) / p6(縦長の表),https://www.mlit.go.jp/common/001026047.pdf,PDL1.0,,原本の縦長の表で丸括弧書き。(注)岩手県、宮城県、福島県における単価括弧書きは、労務費の上昇に伴う入札不調の多発が認められるため、入札不調に対応した単価を採用している。
6d85b75e2c81c768,JP,labor,労務単価,潜かん工,所定労働時間内8時間あたり,人日,pref,03,岩手県,,,,27400,JPY,labor_wage_8h,published_pdl,38500,原本の下段(括弧書き): 公共工事設計労務単価+必要経費(法定福利費の事業主負担額、労務管理費、宿舎費等)(参考値),2014-02,2014-02-01,mlit-roumu-h26,p16(横長の表) / p6(縦長の表),https://www.mlit.go.jp/common/001026047.pdf,PDL1.0,,原本の縦長の表で丸括弧書き。(注)岩手県、宮城県、福島県における単価括弧書きは、労務費の上昇に伴う入札不調の多発が認められるため、入札不調に対応した単価を採用している。
fc6b0a534be81d02,JP,labor,労務単価,潜かん世話役,所定労働時間内8時間あたり,人日,pref,03,岩手県,,,,32400,JPY,labor_wage_8h,published_pdl,45600,原本の下段(括弧書き): 公共工事設計労務単価+必要経費(法定福利費の事業主負担額、労務管理費、宿舎費等)(参考値),2014-02,2014-02-01,mlit-roumu-h26,p16(横長の表) / p6(縦長の表),https://www.mlit.go.jp/common/001026047.pdf,PDL1.0,,原本の縦長の表で丸括弧書き。(注)岩手県、宮城県、福島県における単価括弧書きは、労務費の上昇に伴う入札不調の多発が認められるため、入札不調に対応した単価を採用している。
81597ea6b5ad5647,JP,labor,労務単価,さく岩工,所定労働時間内8時間あたり,人日,pref,03,岩手県,,,,22400,JPY,labor_wage_8h,published_pdl,31500,原本の下段(括弧書き): 公共工事設計労務単価+必要経費(法定福利費の事業主負担額、労務管理費、宿舎費等)(参考値),2014-02,2014-02-01,mlit-roumu-h26,p16(横長の表) / p6(縦長の表),https://www.mlit.go.jp/common/001026047.pdf,PDL1.0,,原本の縦長の表で丸括弧書き。(注)岩手県、宮城県、福島県における単価括弧書きは、労務費の上昇に伴う入札不調の多発が認められるため、入札不調に対応した単価を採用している。
341c7c1d1c894886,JP,labor,労務単価,トンネル特殊工,所定労働時間内8時間あたり,人日,pref,03,岩手県,,,,27300,JPY,labor_wage_8h,published_pdl,38400,原本の下段(括弧書き): 公共工事設計労務単価+必要経費(法定福利費の事業主負担額、労務管理費、宿舎費等)(参考値),2014-02,2014-02-01,mlit-roumu-h26,p16(横長の表) / p6(縦長の表),https://www.mlit.go.jp/common/001026047.pdf,PDL1.0,,原本の縦長の表で丸括弧書き。(注)岩手県、宮城県、福島県における単価括弧書きは、労務費の上昇に伴う入札不調の多発が認められるため、入札不調に対応した単価を採用している。
981ca5f25c5a4bc2,JP,labor,労務単価,トンネル作業員,所定労働時間内8時間あたり,人日,pref,03,岩手県,,,,20800,JPY,labor_wage_8h,published_pdl,29200,原本の下段(括弧書き): 公共工事設計労務単価+必要経費(法定福利費の事業主負担額、労務管理費、宿舎費等)(参考値),2014-02,2014-02-01,mlit-roumu-h26,p16(横長の表) / p6(縦長の表),https://www.mlit.go.jp/common/001026047.pdf,PDL1.0,,原本の縦長の表で丸括弧書き。(注)岩手県、宮城県、福島県における単価括弧書きは、労務費の上昇に伴う入札不調の多発が認められるため、入札不調に対応した単価を採用している。
623c982b1c19ad76,JP,labor,労務単価,トンネル世話役,所定労働時間内8時間あたり,人日,pref,03,岩手県,,,,29000,JPY,labor_wage_8h,published_pdl,40800,原本の下段(括弧書き): 公共工事設計労務単価+必要経費(法定福利費の事業主負担額、労務管理費、宿舎費等)(参考値),2014-02,2014-02-01,mlit-roumu-h26,p17(横長の表) / p7(縦長の表),https://www.mlit.go.jp/common/001026047.pdf,PDL1.0,,原本の縦長の表で丸括弧書き。(注)岩手県、宮城県、福島県における単価括弧書きは、労務費の上昇に伴う入札不調の多発が認められるため、入札不調に対応した単価を採用している。
2acd1aa9ca4f6aa2,JP,labor,労務単価,橋りょう特殊工,所定労働時間内8時間あたり,人日,pref,03,岩手県,,,,23700,JPY,labor_wage_8h,published_pdl,33300,原本の下段(括弧書き): 公共工事設計労務単価+必要経費(法定福利費の事業主負担額、労務管理費、宿舎費等)(参考値),2014-02,2014-02-01,mlit-roumu-h26,p17(横長の表) / p7(縦長の表),https://www.mlit.go.jp/common/001026047.pdf,PDL1.0,,原本の縦長の表で丸括弧書き。(注)岩手県、宮城県、福島県における単価括弧書きは、労務費の上昇に伴う入札不調の多発が認められるため、入札不調に対応した単価を採用している。
4bae538873186cbf,JP,labor,労務単価,橋りょう塗装工,所定労働時間内8時間あたり,人日,pref,03,岩手県,,,,25400,JPY,labor_wage_8h,published_pdl,35700,原本の下段(括弧書き): 公共工事設計労務単価+必要経費(法定福利費の事業主負担額、労務管理費、宿舎費等)(参考値),2014-02,2014-02-01,mlit-roumu-h26,p17(横長の表) / p7(縦長の表),https://www.mlit.go.jp/common/001026047.pdf,PDL1.0,,原本の縦長の表で丸括弧書き。(注)岩手県、宮城県、福島県における単価括弧書きは、労務費の上昇に伴う入札不調の多発が認められるため、入札不調に対応した単価を採用している。
300baf9b52fe0927,JP,labor,労務単価,橋りょう世話役,所定労働時間内8時間あたり,人日,pref,03,岩手県,,,,29800,JPY,labor_wage_8h,published_pdl,41900,原本の下段(括弧書き): 公共工事設計労務単価+必要経費(法定福利費の事業主負担額、労務管理費、宿舎費等)(参考値),2014-02,2014-02-01,mlit-roumu-h26,p17(横長の表) / p7(縦長の表),https://www.mlit.go.jp/common/001026047.pdf,PDL1.0,,原本の縦長の表で丸括弧書き。(注)岩手県、宮城県、福島県における単価括弧書きは、労務費の上昇に伴う入札不調の多発が認められるため、入札不調に対応した単価を採用している。
c7dd64003bb4fe25,JP,labor,労務単価,土木一般世話役,所定労働時間内8時間あたり,人日,pref,03,岩手県,,,,22000,JPY,labor_wage_8h,published_pdl,30900,原本の下段(括弧書き): 公共工事設計労務単価+必要経費(法定福利費の事業主負担額、労務管理費、宿舎費等)(参考値),2014-02,2014-02-01,mlit-roumu-h26,p17(横長の表) / p7(縦長の表),https://www.mlit.go.jp/common/001026047.pdf,PDL1.0,,
24b9e4072af3a1c2,JP,labor,労務単価,高級船員,所定労働時間内8時間あたり,人日,pref,03,岩手県,,,,23900,JPY,labor_wage_8h,published_pdl,33600,原本の下段(括弧書き): 公共工事設計労務単価+必要経費(法定福利費の事業主負担額、労務管理費、宿舎費等)(参考値),2014-02,2014-02-01,mlit-roumu-h26,p17(横長の表) / p7(縦長の表),https://www.mlit.go.jp/common/001026047.pdf,PDL1.0,,
ed24585fe9e6ddcc,JP,labor,労務単価,普通船員,所定労働時間内8時間あたり,人日,pref,03,岩手県,,,,18700,JPY,labor_wage_8h,published_pdl,26300,原本の下段(括弧書き): 公共工事設計労務単価+必要経費(法定福利費の事業主負担額、労務管理費、宿舎費等)(参考値),2014-02,2014-02-01,mlit-roumu-h26,p17(横長の表) / p7(縦長の表),https://www.mlit.go.jp/common/001026047.pdf,PDL1.0,,
36206ac5c08c90e7,JP,labor,労務単価,潜水士,所定労働時間内8時間あたり,人日,pref,03,岩手県,,,,38300,JPY,labor_wage_8h,published_pdl,53800,原本の下段(括弧書き): 公共工事設計労務単価+必要経費(法定福利費の事業主負担額、労務管理費、宿舎費等)(参考値),2014-02,2014-02-01,mlit-roumu-h26,p17(横長の表) / p7(縦長の表),https://www.mlit.go.jp/common/001026047.pdf,PDL1.0,,原本の縦長の表で丸括弧書き。(注)岩手県、宮城県、福島県における単価括弧書きは、労務費の上昇に伴う入札不調の多発が認められるため、入札不調に対応した単価を採用している。
164f74f930d71fd1,JP,labor,労務単価,潜水連絡員,所定労働時間内8時間あたり,人日,pref,03,岩手県,,,,23700,JPY,labor_wage_8h,published_pdl,33300,原本の下段(括弧書き): 公共工事設計労務単価+必要経費(法定福利費の事業主負担額、労務管理費、宿舎費等)(参考値),2014-02,2014-02-01,mlit-roumu-h26,p17(横長の表) / p7(縦長の表),https://www.mlit.go.jp/common/001026047.pdf,PDL1.0,,原本の縦長の表で丸括弧書き。(注)岩手県、宮城県、福島県における単価括弧書きは、労務費の上昇に伴う入札不調の多発が認められるため、入札不調に対応した単価を採用している。
512d0edc94143e47,JP,labor,労務単価,潜水送気員,所定労働時間内8時間あたり,人日,pref,03,岩手県,,,,24400,JPY,labor_wage_8h,published_pdl,34300,原本の下段(括弧書き): 公共工事設計労務単価+必要経費(法定福利費の事業主負担額、労務管理費、宿舎費等)(参考値),2014-02,2014-02-01,mlit-roumu-h26,p17(横長の表) / p7(縦長の表),https://www.mlit.go.jp/common/001026047.pdf,PDL1.0,,原本の縦長の表で丸括弧書き。(注)岩手県、宮城県、福島県における単価括弧書きは、労務費の上昇に伴う入札不調の多発が認められるため、入札不調に対応した単価を採用している。
eb05be7bc46dc37c,JP,labor,労務単価,山林砂防工,所定労働時間内8時間あたり,人日,pref,03,岩手県,,,,,JPY,labor_wage_8h,not_set,,,2014-02,2014-02-01,mlit-roumu-h26,p17(横長の表) / p8(縦長の表),https://www.mlit.go.jp/common/001026047.pdf,PDL1.0,,原本の表で『-』(この都道府県ではこの職種の単価を設定していない)
2c6a6bebf8f5ea6e,JP,labor,労務単価,軌道工,所定労働時間内8時間あたり,人日,pref,03,岩手県,,,,25800,JPY,labor_wage_8h,published_pdl,36300,原本の下段(括弧書き): 公共工事設計労務単価+必要経費(法定福利費の事業主負担額、労務管理費、宿舎費等)(参考値),2014-02,2014-02-01,mlit-roumu-h26,p17(横長の表) / p8(縦長の表),https://www.mlit.go.jp/common/001026047.pdf,PDL1.0,,原本の縦長の表で丸括弧書き。(注)岩手県、宮城県、福島県における単価括弧書きは、労務費の上昇に伴う入札不調の多発が認められるため、入札不調に対応した単価を採用している。
81ea0fd2a7661aab,JP,labor,労務単価,型わく工,所定労働時間内8時間あたり,人日,pref,03,岩手県,,,,23200,JPY,labor_wage_8h,published_pdl,32600,原本の下段(括弧書き): 公共工事設計労務単価+必要経費(法定福利費の事業主負担額、労務管理費、宿舎費等)(参考値),2014-02,2014-02-01,mlit-roumu-h26,p17(横長の表) / p8(縦長の表),https://www.mlit.go.jp/common/001026047.pdf,PDL1.0,,原本の縦長の表で丸括弧書き。(注)岩手県、宮城県、福島県における単価括弧書きは、労務費の上昇に伴う入札不調の多発が認められるため、入札不調に対応した単価を採用している。
7dab3981b68062eb,JP,labor,労務単価,大工,所定労働時間内8時間あたり,人日,pref,03,岩手県,,,,20800,JPY,labor_wage_8h,published_pdl,29200,原本の下段(括弧書き): 公共工事設計労務単価+必要経費(法定福利費の事業主負担額、労務管理費、宿舎費等)(参考値),2014-02,2014-02-01,mlit-roumu-h26,p17(横長の表) / p8(縦長の表),https://www.mlit.go.jp/common/001026047.pdf,PDL1.0,,原本の縦長の表で丸括弧書き。(注)岩手県、宮城県、福島県における単価括弧書きは、労務費の上昇に伴う入札不調の多発が認められるため、入札不調に対応した単価を採用している。
7b17596cdb1f9bc0,JP,labor,労務単価,左官,所定労働時間内8時間あたり,人日,pref,03,岩手県,,,,21700,JPY,labor_wage_8h,published_pdl,30500,原本の下段(括弧書き): 公共工事設計労務単価+必要経費(法定福利費の事業主負担額、労務管理費、宿舎費等)(参考値),2014-02,2014-02-01,mlit-roumu-h26,p17(横長の表) / p8(縦長の表),https://www.mlit.go.jp/common/001026047.pdf,PDL1.0,,原本の縦長の表で丸括弧書き。(注)岩手県、宮城県、福島県における単価括弧書きは、労務費の上昇に伴う入札不調の多発が認められるため、入札不調に対応した単価を採用している。
6d3bf7dd860983b9,JP,labor,労務単価,配管工,所定労働時間内8時間あたり,人日,pref,03,岩手県,,,,17900,JPY,labor_wage_8h,published_pdl,25200,原本の下段(括弧書き): 公共工事設計労務単価+必要経費(法定福利費の事業主負担額、労務管理費、宿舎費等)(参考値),2014-02,2014-02-01,mlit-roumu-h26,p17(横長の表) / p8(縦長の表),https://www.mlit.go.jp/common/001026047.pdf,PDL1.0,,
d740d7bd810a3057,JP,labor,労務単価,はつり工,所定労働時間内8時間あたり,人日,pref,03,岩手県,,,,18800,JPY,labor_wage_8h,published_pdl,26400,原本の下段(括弧書き): 公共工事設計労務単価+必要経費(法定福利費の事業主負担額、労務管理費、宿舎費等)(参考値),2014-02,2014-02-01,mlit-roumu-h26,p17(横長の表) / p8(縦長の表),https://www.mlit.go.jp/common/001026047.pdf,PDL1.0,,原本の縦長の表で丸括弧書き。(注)岩手県、宮城県、福島県における単価括弧書きは、労務費の上昇に伴う入札不調の多発が認められるため、入札不調に対応した単価を採用している。
509a07254f0ff9aa,JP,labor,労務単価,防水工,所定労働時間内8時間あたり,人日,pref,03,岩手県,,,,18000,JPY,labor_wage_8h,published_pdl,25300,原本の下段(括弧書き): 公共工事設計労務単価+必要経費(法定福利費の事業主負担額、労務管理費、宿舎費等)(参考値),2014-02,2014-02-01,mlit-roumu-h26,p17(横長の表) / p8(縦長の表),https://www.mlit.go.jp/common/001026047.pdf,PDL1.0,,原本の縦長の表で丸括弧書き。(注)岩手県、宮城県、福島県における単価括弧書きは、労務費の上昇に伴う入札不調の多発が認められるため、入札不調に対応した単価を採用している。
cd5f33e95d7e3c2c,JP,labor,労務単価,板金工,所定労働時間内8時間あたり,人日,pref,03,岩手県,,,,19000,JPY,labor_wage_8h,published_pdl,26700,原本の下段(括弧書き): 公共工事設計労務単価+必要経費(法定福利費の事業主負担額、労務管理費、宿舎費等)(参考値),2014-02,2014-02-01,mlit-roumu-h26,p17(横長の表) / p8(縦長の表),https://www.mlit.go.jp/common/001026047.pdf,PDL1.0,,原本の縦長の表で丸括弧書き。(注)岩手県、宮城県、福島県における単価括弧書きは、労務費の上昇に伴う入札不調の多発が認められるため、入札不調に対応した単価を採用している。
7dc0777cb7fe82fa,JP,labor,労務単価,タイル工,所定労働時間内8時間あたり,人日,pref,03,岩手県,,,,16800,JPY,labor_wage_8h,published_pdl,23600,原本の下段(括弧書き): 公共工事設計労務単価+必要経費(法定福利費の事業主負担額、労務管理費、宿舎費等)(参考値),2014-02,2014-02-01,mlit-roumu-h26,p17(横長の表) / p8(縦長の表),https://www.mlit.go.jp/common/001026047.pdf,PDL1.0,,原本の縦長の表で丸括弧書き。(注)岩手県、宮城県、福島県における単価括弧書きは、労務費の上昇に伴う入札不調の多発が認められるため、入札不調に対応した単価を採用している。
7b8624d3eeeb8372,JP,labor,労務単価,サッシ工,所定労働時間内8時間あたり,人日,pref,03,岩手県,,,,20600,JPY,labor_wage_8h,published_pdl,29000,原本の下段(括弧書き): 公共工事設計労務単価+必要経費(法定福利費の事業主負担額、労務管理費、宿舎費等)(参考値),2014-02,2014-02-01,mlit-roumu-h26,p18(横長の表) / p9(縦長の表),https://www.mlit.go.jp/common/001026047.pdf,PDL1.0,,原本の縦長の表で丸括弧書き。(注)岩手県、宮城県、福島県における単価括弧書きは、労務費の上昇に伴う入札不調の多発が認められるため、入札不調に対応した単価を採用している。
aa56e5ce09b2c303,JP,labor,労務単価,内装工,所定労働時間内8時間あたり,人日,pref,03,岩手県,,,,18600,JPY,labor_wage_8h,published_pdl,26200,原本の下段(括弧書き): 公共工事設計労務単価+必要経費(法定福利費の事業主負担額、労務管理費、宿舎費等)(参考値),2014-02,2014-02-01,mlit-roumu-h26,p18(横長の表) / p9(縦長の表),https://www.mlit.go.jp/common/001026047.pdf,PDL1.0,,原本の縦長の表で丸括弧書き。(注)岩手県、宮城県、福島県における単価括弧書きは、労務費の上昇に伴う入札不調の多発が認められるため、入札不調に対応した単価を採用している。
524a7c51ac0d8423,JP,labor,労務単価,ガラス工,所定労働時間内8時間あたり,人日,pref,03,岩手県,,,,18000,JPY,labor_wage_8h,published_pdl,25300,原本の下段(括弧書き): 公共工事設計労務単価+必要経費(法定福利費の事業主負担額、労務管理費、宿舎費等)(参考値),2014-02,2014-02-01,mlit-roumu-h26,p18(横長の表) / p9(縦長の表),https://www.mlit.go.jp/common/001026047.pdf,PDL1.0,,原本の縦長の表で丸括弧書き。(注)岩手県、宮城県、福島県における単価括弧書きは、労務費の上昇に伴う入札不調の多発が認められるため、入札不調に対応した単価を採用している。
b5920973444ef8b8,JP,labor,労務単価,建具工,所定労働時間内8時間あたり,人日,pref,03,岩手県,,,,,JPY,labor_wage_8h,not_set,,,2014-02,2014-02-01,mlit-roumu-h26,p18(横長の表) / p9(縦長の表),https://www.mlit.go.jp/common/001026047.pdf,PDL1.0,,原本の表で『-』(この都道府県ではこの職種の単価を設定していない)
72de60eaa1ceaa99,JP,labor,労務単価,ダクト工,所定労働時間内8時間あたり,人日,pref,03,岩手県,,,,16400,JPY,labor_wage_8h,published_pdl,23100,原本の下段(括弧書き): 公共工事設計労務単価+必要経費(法定福利費の事業主負担額、労務管理費、宿舎費等)(参考値),2014-02,2014-02-01,mlit-roumu-h26,p18(横長の表) / p9(縦長の表),https://www.mlit.go.jp/common/001026047.pdf,PDL1.0,,
efc42b28c2cbb85d,JP,labor,労務単価,保温工,所定労働時間内8時間あたり,人日,pref,03,岩手県,,,,17600,JPY,labor_wage_8h,published_pdl,24700,原本の下段(括弧書き): 公共工事設計労務単価+必要経費(法定福利費の事業主負担額、労務管理費、宿舎費等)(参考値),2014-02,2014-02-01,mlit-roumu-h26,p18(横長の表) / p9(縦長の表),https://www.mlit.go.jp/common/001026047.pdf,PDL1.0,,
39a436aeb7fb9794,JP,labor,労務単価,建築ブロック工,所定労働時間内8時間あたり,人日,pref,03,岩手県,,,,17900,JPY,labor_wage_8h,published_pdl,25200,原本の下段(括弧書き): 公共工事設計労務単価+必要経費(法定福利費の事業主負担額、労務管理費、宿舎費等)(参考値),2014-02,2014-02-01,mlit-roumu-h26,p18(横長の表) / p9(縦長の表),https://www.mlit.go.jp/common/001026047.pdf,PDL1.0,,原本の縦長の表で丸括弧書き。(注)岩手県、宮城県、福島県における単価括弧書きは、労務費の上昇に伴う入札不調の多発が認められるため、入札不調に対応した単価を採用している。
349263b9753be904,JP,labor,労務単価,設備機械工,所定労働時間内8時間あたり,人日,pref,03,岩手県,,,,17700,JPY,labor_wage_8h,published_pdl,24900,原本の下段(括弧書き): 公共工事設計労務単価+必要経費(法定福利費の事業主負担額、労務管理費、宿舎費等)(参考値),2014-02,2014-02-01,mlit-roumu-h26,p18(横長の表) / p9(縦長の表),https://www.mlit.go.jp/common/001026047.pdf,PDL1.0,,
a34f14200ed331dd,JP,labor,労務単価,交通誘導警備員Ａ,所定労働時間内8時間あたり,人日,pref,03,岩手県,,,,10500,JPY,labor_wage_8h,published_pdl,14800,原本の下段(括弧書き): 公共工事設計労務単価+必要経費(法定福利費の事業主負担額、労務管理費、宿舎費等)(参考値),2014-02,2014-02-01,mlit-roumu-h26,p18(横長の表) / p9(縦長の表),https://www.mlit.go.jp/common/001026047.pdf,PDL1.0,,原本の縦長の表で丸括弧書き。(注)岩手県、宮城県、福島県における単価括弧書きは、労務費の上昇に伴う入札不調の多発が認められるため、入札不調に対応した単価を採用している。
99ddfe46a4826e68,JP,labor,労務単価,交通誘導警備員Ｂ,所定労働時間内8時間あたり,人日,pref,03,岩手県,,,,9600,JPY,labor_wage_8h,published_pdl,13500,原本の下段(括弧書き): 公共工事設計労務単価+必要経費(法定福利費の事業主負担額、労務管理費、宿舎費等)(参考値),2014-02,2014-02-01,mlit-roumu-h26,p18(横長の表) / p9(縦長の表),https://www.mlit.go.jp/common/001026047.pdf,PDL1.0,,原本の縦長の表で丸括弧書き。(注)岩手県、宮城県、福島県における単価括弧書きは、労務費の上昇に伴う入札不調の多発が認められるため、入札不調に対応した単価を採用している。
75da2b236cf3e43c,JP,labor,労務単価,特殊作業員,所定労働時間内8時間あたり,人日,pref,04,宮城県,,,,20700,JPY,labor_wage_8h,published_pdl,29100,原本の下段(括弧書き): 公共工事設計労務単価+必要経費(法定福利費の事業主負担額、労務管理費、宿舎費等)(参考値),2014-02,2014-02-01,mlit-roumu-h26,p16(横長の表) / p5(縦長の表),https://www.mlit.go.jp/common/001026047.pdf,PDL1.0,,原本の縦長の表で丸括弧書き。(注)岩手県、宮城県、福島県における単価括弧書きは、労務費の上昇に伴う入札不調の多発が認められるため、入札不調に対応した単価を採用している。
872ce41ddefe93c0,JP,labor,労務単価,普通作業員,所定労働時間内8時間あたり,人日,pref,04,宮城県,,,,16100,JPY,labor_wage_8h,published_pdl,22600,原本の下段(括弧書き): 公共工事設計労務単価+必要経費(法定福利費の事業主負担額、労務管理費、宿舎費等)(参考値),2014-02,2014-02-01,mlit-roumu-h26,p16(横長の表) / p5(縦長の表),https://www.mlit.go.jp/common/001026047.pdf,PDL1.0,,原本の縦長の表で丸括弧書き。(注)岩手県、宮城県、福島県における単価括弧書きは、労務費の上昇に伴う入札不調の多発が認められるため、入札不調に対応した単価を採用している。
d8f8a305bf0fcc57,JP,labor,労務単価,軽作業員,所定労働時間内8時間あたり,人日,pref,04,宮城県,,,,12700,JPY,labor_wage_8h,published_pdl,17900,原本の下段(括弧書き): 公共工事設計労務単価+必要経費(法定福利費の事業主負担額、労務管理費、宿舎費等)(参考値),2014-02,2014-02-01,mlit-roumu-h26,p16(横長の表) / p5(縦長の表),https://www.mlit.go.jp/common/001026047.pdf,PDL1.0,,原本の縦長の表で丸括弧書き。(注)岩手県、宮城県、福島県における単価括弧書きは、労務費の上昇に伴う入札不調の多発が認められるため、入札不調に対応した単価を採用している。
f28291b1c09432e0,JP,labor,労務単価,造園工,所定労働時間内8時間あたり,人日,pref,04,宮城県,,,,18300,JPY,labor_wage_8h,published_pdl,25700,原本の下段(括弧書き): 公共工事設計労務単価+必要経費(法定福利費の事業主負担額、労務管理費、宿舎費等)(参考値),2014-02,2014-02-01,mlit-roumu-h26,p16(横長の表) / p5(縦長の表),https://www.mlit.go.jp/common/001026047.pdf,PDL1.0,,
4193da53b4ab08f6,JP,labor,労務単価,法面工,所定労働時間内8時間あたり,人日,pref,04,宮城県,,,,22500,JPY,labor_wage_8h,published_pdl,31600,原本の下段(括弧書き): 公共工事設計労務単価+必要経費(法定福利費の事業主負担額、労務管理費、宿舎費等)(参考値),2014-02,2014-02-01,mlit-roumu-h26,p16(横長の表) / p5(縦長の表),https://www.mlit.go.jp/common/001026047.pdf,PDL1.0,,原本の縦長の表で丸括弧書き。(注)岩手県、宮城県、福島県における単価括弧書きは、労務費の上昇に伴う入札不調の多発が認められるため、入札不調に対応した単価を採用している。
bdfaf7fbd28e87c1,JP,labor,労務単価,とび工,所定労働時間内8時間あたり,人日,pref,04,宮城県,,,,20600,JPY,labor_wage_8h,published_pdl,29000,原本の下段(括弧書き): 公共工事設計労務単価+必要経費(法定福利費の事業主負担額、労務管理費、宿舎費等)(参考値),2014-02,2014-02-01,mlit-roumu-h26,p16(横長の表) / p5(縦長の表),https://www.mlit.go.jp/common/001026047.pdf,PDL1.0,,原本の縦長の表で丸括弧書き。(注)岩手県、宮城県、福島県における単価括弧書きは、労務費の上昇に伴う入札不調の多発が認められるため、入札不調に対応した単価を採用している。
2a5a5a67558e7f60,JP,labor,労務単価,石工,所定労働時間内8時間あたり,人日,pref,04,宮城県,,,,,JPY,labor_wage_8h,not_set,,,2014-02,2014-02-01,mlit-roumu-h26,p16(横長の表) / p5(縦長の表),https://www.mlit.go.jp/common/001026047.pdf,PDL1.0,,原本の表で『-』(この都道府県ではこの職種の単価を設定していない)
67888eae09d9c834,JP,labor,労務単価,ブロック工,所定労働時間内8時間あたり,人日,pref,04,宮城県,,,,22000,JPY,labor_wage_8h,published_pdl,30900,原本の下段(括弧書き): 公共工事設計労務単価+必要経費(法定福利費の事業主負担額、労務管理費、宿舎費等)(参考値),2014-02,2014-02-01,mlit-roumu-h26,p16(横長の表) / p5(縦長の表),https://www.mlit.go.jp/common/001026047.pdf,PDL1.0,,
8d2cb9642d6021e8,JP,labor,労務単価,電工,所定労働時間内8時間あたり,人日,pref,04,宮城県,,,,17300,JPY,labor_wage_8h,published_pdl,24300,原本の下段(括弧書き): 公共工事設計労務単価+必要経費(法定福利費の事業主負担額、労務管理費、宿舎費等)(参考値),2014-02,2014-02-01,mlit-roumu-h26,p16(横長の表) / p5(縦長の表),https://www.mlit.go.jp/common/001026047.pdf,PDL1.0,,
60114a81e43f591d,JP,labor,労務単価,鉄筋工,所定労働時間内8時間あたり,人日,pref,04,宮城県,,,,24400,JPY,labor_wage_8h,published_pdl,34300,原本の下段(括弧書き): 公共工事設計労務単価+必要経費(法定福利費の事業主負担額、労務管理費、宿舎費等)(参考値),2014-02,2014-02-01,mlit-roumu-h26,p16(横長の表) / p5(縦長の表),https://www.mlit.go.jp/common/001026047.pdf,PDL1.0,,原本の縦長の表で丸括弧書き。(注)岩手県、宮城県、福島県における単価括弧書きは、労務費の上昇に伴う入札不調の多発が認められるため、入札不調に対応した単価を採用している。
03943db189e25fca,JP,labor,労務単価,鉄骨工,所定労働時間内8時間あたり,人日,pref,04,宮城県,,,,20400,JPY,labor_wage_8h,published_pdl,28700,原本の下段(括弧書き): 公共工事設計労務単価+必要経費(法定福利費の事業主負担額、労務管理費、宿舎費等)(参考値),2014-02,2014-02-01,mlit-roumu-h26,p16(横長の表) / p6(縦長の表),https://www.mlit.go.jp/common/001026047.pdf,PDL1.0,,原本の縦長の表で丸括弧書き。(注)岩手県、宮城県、福島県における単価括弧書きは、労務費の上昇に伴う入札不調の多発が認められるため、入札不調に対応した単価を採用している。
76a8b2fd78ec6e63,JP,labor,労務単価,塗装工,所定労働時間内8時間あたり,人日,pref,04,宮城県,,,,20700,JPY,labor_wage_8h,published_pdl,29100,原本の下段(括弧書き): 公共工事設計労務単価+必要経費(法定福利費の事業主負担額、労務管理費、宿舎費等)(参考値),2014-02,2014-02-01,mlit-roumu-h26,p16(横長の表) / p6(縦長の表),https://www.mlit.go.jp/common/001026047.pdf,PDL1.0,,原本の縦長の表で丸括弧書き。(注)岩手県、宮城県、福島県における単価括弧書きは、労務費の上昇に伴う入札不調の多発が認められるため、入札不調に対応した単価を採用している。
613e5c6d79a62990,JP,labor,労務単価,溶接工,所定労働時間内8時間あたり,人日,pref,04,宮城県,,,,20700,JPY,labor_wage_8h,published_pdl,29100,原本の下段(括弧書き): 公共工事設計労務単価+必要経費(法定福利費の事業主負担額、労務管理費、宿舎費等)(参考値),2014-02,2014-02-01,mlit-roumu-h26,p16(横長の表) / p6(縦長の表),https://www.mlit.go.jp/common/001026047.pdf,PDL1.0,,原本の縦長の表で丸括弧書き。(注)岩手県、宮城県、福島県における単価括弧書きは、労務費の上昇に伴う入札不調の多発が認められるため、入札不調に対応した単価を採用している。
adb40f5dc0226bba,JP,labor,労務単価,運転手（特殊）,所定労働時間内8時間あたり,人日,pref,04,宮城県,,,,22800,JPY,labor_wage_8h,published_pdl,32100,原本の下段(括弧書き): 公共工事設計労務単価+必要経費(法定福利費の事業主負担額、労務管理費、宿舎費等)(参考値),2014-02,2014-02-01,mlit-roumu-h26,p16(横長の表) / p6(縦長の表),https://www.mlit.go.jp/common/001026047.pdf,PDL1.0,,原本の縦長の表で丸括弧書き。(注)岩手県、宮城県、福島県における単価括弧書きは、労務費の上昇に伴う入札不調の多発が認められるため、入札不調に対応した単価を採用している。
90abceacf8926877,JP,labor,労務単価,運転手（一般）,所定労働時間内8時間あたり,人日,pref,04,宮城県,,,,20400,JPY,labor_wage_8h,published_pdl,28700,原本の下段(括弧書き): 公共工事設計労務単価+必要経費(法定福利費の事業主負担額、労務管理費、宿舎費等)(参考値),2014-02,2014-02-01,mlit-roumu-h26,p16(横長の表) / p6(縦長の表),https://www.mlit.go.jp/common/001026047.pdf,PDL1.0,,原本の縦長の表で丸括弧書き。(注)岩手県、宮城県、福島県における単価括弧書きは、労務費の上昇に伴う入札不調の多発が認められるため、入札不調に対応した単価を採用している。
a6a40a2bc904a695,JP,labor,労務単価,潜かん工,所定労働時間内8時間あたり,人日,pref,04,宮城県,,,,27300,JPY,labor_wage_8h,published_pdl,38400,原本の下段(括弧書き): 公共工事設計労務単価+必要経費(法定福利費の事業主負担額、労務管理費、宿舎費等)(参考値),2014-02,2014-02-01,mlit-roumu-h26,p16(横長の表) / p6(縦長の表),https://www.mlit.go.jp/common/001026047.pdf,PDL1.0,,原本の縦長の表で丸括弧書き。(注)岩手県、宮城県、福島県における単価括弧書きは、労務費の上昇に伴う入札不調の多発が認められるため、入札不調に対応した単価を採用している。
264a9634f229de86,JP,labor,労務単価,潜かん世話役,所定労働時間内8時間あたり,人日,pref,04,宮城県,,,,32300,JPY,labor_wage_8h,published_pdl,45400,原本の下段(括弧書き): 公共工事設計労務単価+必要経費(法定福利費の事業主負担額、労務管理費、宿舎費等)(参考値),2014-02,2014-02-01,mlit-roumu-h26,p16(横長の表) / p6(縦長の表),https://www.mlit.go.jp/common/001026047.pdf,PDL1.0,,原本の縦長の表で丸括弧書き。(注)岩手県、宮城県、福島県における単価括弧書きは、労務費の上昇に伴う入札不調の多発が認められるため、入札不調に対応した単価を採用している。
c25bd5ccec002d20,JP,labor,労務単価,さく岩工,所定労働時間内8時間あたり,人日,pref,04,宮城県,,,,22400,JPY,labor_wage_8h,published_pdl,31500,原本の下段(括弧書き): 公共工事設計労務単価+必要経費(法定福利費の事業主負担額、労務管理費、宿舎費等)(参考値),2014-02,2014-02-01,mlit-roumu-h26,p16(横長の表) / p6(縦長の表),https://www.mlit.go.jp/common/001026047.pdf,PDL1.0,,原本の縦長の表で丸括弧書き。(注)岩手県、宮城県、福島県における単価括弧書きは、労務費の上昇に伴う入札不調の多発が認められるため、入札不調に対応した単価を採用している。
64e48a435cc585ef,JP,labor,労務単価,トンネル特殊工,所定労働時間内8時間あたり,人日,pref,04,宮城県,,,,28900,JPY,labor_wage_8h,published_pdl,40600,原本の下段(括弧書き): 公共工事設計労務単価+必要経費(法定福利費の事業主負担額、労務管理費、宿舎費等)(参考値),2014-02,2014-02-01,mlit-roumu-h26,p16(横長の表) / p6(縦長の表),https://www.mlit.go.jp/common/001026047.pdf,PDL1.0,,原本の縦長の表で丸括弧書き。(注)岩手県、宮城県、福島県における単価括弧書きは、労務費の上昇に伴う入札不調の多発が認められるため、入札不調に対応した単価を採用している。
5145a4f73493866c,JP,labor,労務単価,トンネル作業員,所定労働時間内8時間あたり,人日,pref,04,宮城県,,,,20700,JPY,labor_wage_8h,published_pdl,29100,原本の下段(括弧書き): 公共工事設計労務単価+必要経費(法定福利費の事業主負担額、労務管理費、宿舎費等)(参考値),2014-02,2014-02-01,mlit-roumu-h26,p16(横長の表) / p6(縦長の表),https://www.mlit.go.jp/common/001026047.pdf,PDL1.0,,原本の縦長の表で丸括弧書き。(注)岩手県、宮城県、福島県における単価括弧書きは、労務費の上昇に伴う入札不調の多発が認められるため、入札不調に対応した単価を採用している。
8c5e185543ba8662,JP,labor,労務単価,トンネル世話役,所定労働時間内8時間あたり,人日,pref,04,宮城県,,,,28900,JPY,labor_wage_8h,published_pdl,40600,原本の下段(括弧書き): 公共工事設計労務単価+必要経費(法定福利費の事業主負担額、労務管理費、宿舎費等)(参考値),2014-02,2014-02-01,mlit-roumu-h26,p17(横長の表) / p7(縦長の表),https://www.mlit.go.jp/common/001026047.pdf,PDL1.0,,原本の縦長の表で丸括弧書き。(注)岩手県、宮城県、福島県における単価括弧書きは、労務費の上昇に伴う入札不調の多発が認められるため、入札不調に対応した単価を採用している。
6d0d12786b5ec6ca,JP,labor,労務単価,橋りょう特殊工,所定労働時間内8時間あたり,人日,pref,04,宮城県,,,,23600,JPY,labor_wage_8h,published_pdl,33200,原本の下段(括弧書き): 公共工事設計労務単価+必要経費(法定福利費の事業主負担額、労務管理費、宿舎費等)(参考値),2014-02,2014-02-01,mlit-roumu-h26,p17(横長の表) / p7(縦長の表),https://www.mlit.go.jp/common/001026047.pdf,PDL1.0,,原本の縦長の表で丸括弧書き。(注)岩手県、宮城県、福島県における単価括弧書きは、労務費の上昇に伴う入札不調の多発が認められるため、入札不調に対応した単価を採用している。
9d3d891c8607c8f0,JP,labor,労務単価,橋りょう塗装工,所定労働時間内8時間あたり,人日,pref,04,宮城県,,,,25300,JPY,labor_wage_8h,published_pdl,35600,原本の下段(括弧書き): 公共工事設計労務単価+必要経費(法定福利費の事業主負担額、労務管理費、宿舎費等)(参考値),2014-02,2014-02-01,mlit-roumu-h26,p17(横長の表) / p7(縦長の表),https://www.mlit.go.jp/common/001026047.pdf,PDL1.0,,原本の縦長の表で丸括弧書き。(注)岩手県、宮城県、福島県における単価括弧書きは、労務費の上昇に伴う入札不調の多発が認められるため、入札不調に対応した単価を採用している。
35c6bb4e3031c49b,JP,labor,労務単価,橋りょう世話役,所定労働時間内8時間あたり,人日,pref,04,宮城県,,,,32600,JPY,labor_wage_8h,published_pdl,45800,原本の下段(括弧書き): 公共工事設計労務単価+必要経費(法定福利費の事業主負担額、労務管理費、宿舎費等)(参考値),2014-02,2014-02-01,mlit-roumu-h26,p17(横長の表) / p7(縦長の表),https://www.mlit.go.jp/common/001026047.pdf,PDL1.0,,原本の縦長の表で丸括弧書き。(注)岩手県、宮城県、福島県における単価括弧書きは、労務費の上昇に伴う入札不調の多発が認められるため、入札不調に対応した単価を採用している。
8e96412fbb17f389,JP,labor,労務単価,土木一般世話役,所定労働時間内8時間あたり,人日,pref,04,宮城県,,,,22300,JPY,labor_wage_8h,published_pdl,31400,原本の下段(括弧書き): 公共工事設計労務単価+必要経費(法定福利費の事業主負担額、労務管理費、宿舎費等)(参考値),2014-02,2014-02-01,mlit-roumu-h26,p17(横長の表) / p7(縦長の表),https://www.mlit.go.jp/common/001026047.pdf,PDL1.0,,
d5a9a0678427a5a4,JP,labor,労務単価,高級船員,所定労働時間内8時間あたり,人日,pref,04,宮城県,,,,23900,JPY,labor_wage_8h,published_pdl,33600,原本の下段(括弧書き): 公共工事設計労務単価+必要経費(法定福利費の事業主負担額、労務管理費、宿舎費等)(参考値),2014-02,2014-02-01,mlit-roumu-h26,p17(横長の表) / p7(縦長の表),https://www.mlit.go.jp/common/001026047.pdf,PDL1.0,,
727797f3c6804fe8,JP,labor,労務単価,普通船員,所定労働時間内8時間あたり,人日,pref,04,宮城県,,,,18700,JPY,labor_wage_8h,published_pdl,26300,原本の下段(括弧書き): 公共工事設計労務単価+必要経費(法定福利費の事業主負担額、労務管理費、宿舎費等)(参考値),2014-02,2014-02-01,mlit-roumu-h26,p17(横長の表) / p7(縦長の表),https://www.mlit.go.jp/common/001026047.pdf,PDL1.0,,
c8261739fdaedb05,JP,labor,労務単価,潜水士,所定労働時間内8時間あたり,人日,pref,04,宮城県,,,,42000,JPY,labor_wage_8h,published_pdl,59100,原本の下段(括弧書き): 公共工事設計労務単価+必要経費(法定福利費の事業主負担額、労務管理費、宿舎費等)(参考値),2014-02,2014-02-01,mlit-roumu-h26,p17(横長の表) / p7(縦長の表),https://www.mlit.go.jp/common/001026047.pdf,PDL1.0,,原本の縦長の表で丸括弧書き。(注)岩手県、宮城県、福島県における単価括弧書きは、労務費の上昇に伴う入札不調の多発が認められるため、入札不調に対応した単価を採用している。
bbc6d9686158e25d,JP,labor,労務単価,潜水連絡員,所定労働時間内8時間あたり,人日,pref,04,宮城県,,,,25900,JPY,labor_wage_8h,published_pdl,36400,原本の下段(括弧書き): 公共工事設計労務単価+必要経費(法定福利費の事業主負担額、労務管理費、宿舎費等)(参考値),2014-02,2014-02-01,mlit-roumu-h26,p17(横長の表) / p7(縦長の表),https://www.mlit.go.jp/common/001026047.pdf,PDL1.0,,原本の縦長の表で丸括弧書き。(注)岩手県、宮城県、福島県における単価括弧書きは、労務費の上昇に伴う入札不調の多発が認められるため、入札不調に対応した単価を採用している。
f4825a177ccb09ac,JP,labor,労務単価,潜水送気員,所定労働時間内8時間あたり,人日,pref,04,宮城県,,,,26400,JPY,labor_wage_8h,published_pdl,37100,原本の下段(括弧書き): 公共工事設計労務単価+必要経費(法定福利費の事業主負担額、労務管理費、宿舎費等)(参考値),2014-02,2014-02-01,mlit-roumu-h26,p17(横長の表) / p7(縦長の表),https://www.mlit.go.jp/common/001026047.pdf,PDL1.0,,原本の縦長の表で丸括弧書き。(注)岩手県、宮城県、福島県における単価括弧書きは、労務費の上昇に伴う入札不調の多発が認められるため、入札不調に対応した単価を採用している。
fd482d2dcf949c0a,JP,labor,労務単価,山林砂防工,所定労働時間内8時間あたり,人日,pref,04,宮城県,,,,,JPY,labor_wage_8h,not_set,,,2014-02,2014-02-01,mlit-roumu-h26,p17(横長の表) / p8(縦長の表),https://www.mlit.go.jp/common/001026047.pdf,PDL1.0,,原本の表で『-』(この都道府県ではこの職種の単価を設定していない)
ef3dc81997dc2be9,JP,labor,労務単価,軌道工,所定労働時間内8時間あたり,人日,pref,04,宮城県,,,,28500,JPY,labor_wage_8h,published_pdl,40100,原本の下段(括弧書き): 公共工事設計労務単価+必要経費(法定福利費の事業主負担額、労務管理費、宿舎費等)(参考値),2014-02,2014-02-01,mlit-roumu-h26,p17(横長の表) / p8(縦長の表),https://www.mlit.go.jp/common/001026047.pdf,PDL1.0,,原本の縦長の表で丸括弧書き。(注)岩手県、宮城県、福島県における単価括弧書きは、労務費の上昇に伴う入札不調の多発が認められるため、入札不調に対応した単価を採用している。
294f4c23c51ddff7,JP,labor,労務単価,型わく工,所定労働時間内8時間あたり,人日,pref,04,宮城県,,,,26300,JPY,labor_wage_8h,published_pdl,37000,原本の下段(括弧書き): 公共工事設計労務単価+必要経費(法定福利費の事業主負担額、労務管理費、宿舎費等)(参考値),2014-02,2014-02-01,mlit-roumu-h26,p17(横長の表) / p8(縦長の表),https://www.mlit.go.jp/common/001026047.pdf,PDL1.0,,原本の縦長の表で丸括弧書き。(注)岩手県、宮城県、福島県における単価括弧書きは、労務費の上昇に伴う入札不調の多発が認められるため、入札不調に対応した単価を採用している。
48b3dc08872e91f4,JP,labor,労務単価,大工,所定労働時間内8時間あたり,人日,pref,04,宮城県,,,,22900,JPY,labor_wage_8h,published_pdl,32200,原本の下段(括弧書き): 公共工事設計労務単価+必要経費(法定福利費の事業主負担額、労務管理費、宿舎費等)(参考値),2014-02,2014-02-01,mlit-roumu-h26,p17(横長の表) / p8(縦長の表),https://www.mlit.go.jp/common/001026047.pdf,PDL1.0,,原本の縦長の表で丸括弧書き。(注)岩手県、宮城県、福島県における単価括弧書きは、労務費の上昇に伴う入札不調の多発が認められるため、入札不調に対応した単価を採用している。
0120bb8e0f15a0a5,JP,labor,労務単価,左官,所定労働時間内8時間あたり,人日,pref,04,宮城県,,,,23700,JPY,labor_wage_8h,published_pdl,33300,原本の下段(括弧書き): 公共工事設計労務単価+必要経費(法定福利費の事業主負担額、労務管理費、宿舎費等)(参考値),2014-02,2014-02-01,mlit-roumu-h26,p17(横長の表) / p8(縦長の表),https://www.mlit.go.jp/common/001026047.pdf,PDL1.0,,原本の縦長の表で丸括弧書き。(注)岩手県、宮城県、福島県における単価括弧書きは、労務費の上昇に伴う入札不調の多発が認められるため、入札不調に対応した単価を採用している。
0597b699117b5f8a,JP,labor,労務単価,配管工,所定労働時間内8時間あたり,人日,pref,04,宮城県,,,,18700,JPY,labor_wage_8h,published_pdl,26300,原本の下段(括弧書き): 公共工事設計労務単価+必要経費(法定福利費の事業主負担額、労務管理費、宿舎費等)(参考値),2014-02,2014-02-01,mlit-roumu-h26,p17(横長の表) / p8(縦長の表),https://www.mlit.go.jp/common/001026047.pdf,PDL1.0,,
55c5b232a48a21ff,JP,labor,労務単価,はつり工,所定労働時間内8時間あたり,人日,pref,04,宮城県,,,,20500,JPY,labor_wage_8h,published_pdl,28800,原本の下段(括弧書き): 公共工事設計労務単価+必要経費(法定福利費の事業主負担額、労務管理費、宿舎費等)(参考値),2014-02,2014-02-01,mlit-roumu-h26,p17(横長の表) / p8(縦長の表),https://www.mlit.go.jp/common/001026047.pdf,PDL1.0,,原本の縦長の表で丸括弧書き。(注)岩手県、宮城県、福島県における単価括弧書きは、労務費の上昇に伴う入札不調の多発が認められるため、入札不調に対応した単価を採用している。
a2f943a5cb58c5c2,JP,labor,労務単価,防水工,所定労働時間内8時間あたり,人日,pref,04,宮城県,,,,19800,JPY,labor_wage_8h,published_pdl,27800,原本の下段(括弧書き): 公共工事設計労務単価+必要経費(法定福利費の事業主負担額、労務管理費、宿舎費等)(参考値),2014-02,2014-02-01,mlit-roumu-h26,p17(横長の表) / p8(縦長の表),https://www.mlit.go.jp/common/001026047.pdf,PDL1.0,,原本の縦長の表で丸括弧書き。(注)岩手県、宮城県、福島県における単価括弧書きは、労務費の上昇に伴う入札不調の多発が認められるため、入札不調に対応した単価を採用している。
b167f76abd714f51,JP,labor,労務単価,板金工,所定労働時間内8時間あたり,人日,pref,04,宮城県,,,,20600,JPY,labor_wage_8h,published_pdl,29000,原本の下段(括弧書き): 公共工事設計労務単価+必要経費(法定福利費の事業主負担額、労務管理費、宿舎費等)(参考値),2014-02,2014-02-01,mlit-roumu-h26,p17(横長の表) / p8(縦長の表),https://www.mlit.go.jp/common/001026047.pdf,PDL1.0,,原本の縦長の表で丸括弧書き。(注)岩手県、宮城県、福島県における単価括弧書きは、労務費の上昇に伴う入札不調の多発が認められるため、入札不調に対応した単価を採用している。
46f8814954f524b2,JP,labor,労務単価,タイル工,所定労働時間内8時間あたり,人日,pref,04,宮城県,,,,16800,JPY,labor_wage_8h,published_pdl,23600,原本の下段(括弧書き): 公共工事設計労務単価+必要経費(法定福利費の事業主負担額、労務管理費、宿舎費等)(参考値),2014-02,2014-02-01,mlit-roumu-h26,p17(横長の表) / p8(縦長の表),https://www.mlit.go.jp/common/001026047.pdf,PDL1.0,,原本の縦長の表で丸括弧書き。(注)岩手県、宮城県、福島県における単価括弧書きは、労務費の上昇に伴う入札不調の多発が認められるため、入札不調に対応した単価を採用している。
9e4d38c7eb3ec6c8,JP,labor,労務単価,サッシ工,所定労働時間内8時間あたり,人日,pref,04,宮城県,,,,22500,JPY,labor_wage_8h,published_pdl,31600,原本の下段(括弧書き): 公共工事設計労務単価+必要経費(法定福利費の事業主負担額、労務管理費、宿舎費等)(参考値),2014-02,2014-02-01,mlit-roumu-h26,p18(横長の表) / p9(縦長の表),https://www.mlit.go.jp/common/001026047.pdf,PDL1.0,,原本の縦長の表で丸括弧書き。(注)岩手県、宮城県、福島県における単価括弧書きは、労務費の上昇に伴う入札不調の多発が認められるため、入札不調に対応した単価を採用している。
cfb4247d2c9a61f9,JP,labor,労務単価,内装工,所定労働時間内8時間あたり,人日,pref,04,宮城県,,,,20400,JPY,labor_wage_8h,published_pdl,28700,原本の下段(括弧書き): 公共工事設計労務単価+必要経費(法定福利費の事業主負担額、労務管理費、宿舎費等)(参考値),2014-02,2014-02-01,mlit-roumu-h26,p18(横長の表) / p9(縦長の表),https://www.mlit.go.jp/common/001026047.pdf,PDL1.0,,原本の縦長の表で丸括弧書き。(注)岩手県、宮城県、福島県における単価括弧書きは、労務費の上昇に伴う入札不調の多発が認められるため、入札不調に対応した単価を採用している。
36de64aa4e8bb4ba,JP,labor,労務単価,ガラス工,所定労働時間内8時間あたり,人日,pref,04,宮城県,,,,17900,JPY,labor_wage_8h,published_pdl,25200,原本の下段(括弧書き): 公共工事設計労務単価+必要経費(法定福利費の事業主負担額、労務管理費、宿舎費等)(参考値),2014-02,2014-02-01,mlit-roumu-h26,p18(横長の表) / p9(縦長の表),https://www.mlit.go.jp/common/001026047.pdf,PDL1.0,,原本の縦長の表で丸括弧書き。(注)岩手県、宮城県、福島県における単価括弧書きは、労務費の上昇に伴う入札不調の多発が認められるため、入札不調に対応した単価を採用している。
0b5c4e66279d7219,JP,labor,労務単価,建具工,所定労働時間内8時間あたり,人日,pref,04,宮城県,,,,,JPY,labor_wage_8h,not_set,,,2014-02,2014-02-01,mlit-roumu-h26,p18(横長の表) / p9(縦長の表),https://www.mlit.go.jp/common/001026047.pdf,PDL1.0,,原本の表で『-』(この都道府県ではこの職種の単価を設定していない)
d8598575afc31d8c,JP,labor,労務単価,ダクト工,所定労働時間内8時間あたり,人日,pref,04,宮城県,,,,16600,JPY,labor_wage_8h,published_pdl,23300,原本の下段(括弧書き): 公共工事設計労務単価+必要経費(法定福利費の事業主負担額、労務管理費、宿舎費等)(参考値),2014-02,2014-02-01,mlit-roumu-h26,p18(横長の表) / p9(縦長の表),https://www.mlit.go.jp/common/001026047.pdf,PDL1.0,,
6c9e8fc8272e7d02,JP,labor,労務単価,保温工,所定労働時間内8時間あたり,人日,pref,04,宮城県,,,,17600,JPY,labor_wage_8h,published_pdl,24700,原本の下段(括弧書き): 公共工事設計労務単価+必要経費(法定福利費の事業主負担額、労務管理費、宿舎費等)(参考値),2014-02,2014-02-01,mlit-roumu-h26,p18(横長の表) / p9(縦長の表),https://www.mlit.go.jp/common/001026047.pdf,PDL1.0,,
04be8dcb6ca8efc6,JP,labor,労務単価,建築ブロック工,所定労働時間内8時間あたり,人日,pref,04,宮城県,,,,19500,JPY,labor_wage_8h,published_pdl,27400,原本の下段(括弧書き): 公共工事設計労務単価+必要経費(法定福利費の事業主負担額、労務管理費、宿舎費等)(参考値),2014-02,2014-02-01,mlit-roumu-h26,p18(横長の表) / p9(縦長の表),https://www.mlit.go.jp/common/001026047.pdf,PDL1.0,,原本の縦長の表で丸括弧書き。(注)岩手県、宮城県、福島県における単価括弧書きは、労務費の上昇に伴う入札不調の多発が認められるため、入札不調に対応した単価を採用している。
0cee5b0e6f603bcf,JP,labor,労務単価,設備機械工,所定労働時間内8時間あたり,人日,pref,04,宮城県,,,,18500,JPY,labor_wage_8h,published_pdl,26000,原本の下段(括弧書き): 公共工事設計労務単価+必要経費(法定福利費の事業主負担額、労務管理費、宿舎費等)(参考値),2014-02,2014-02-01,mlit-roumu-h26,p18(横長の表) / p9(縦長の表),https://www.mlit.go.jp/common/001026047.pdf,PDL1.0,,
fc7a3e462db0c362,JP,labor,労務単価,交通誘導警備員Ａ,所定労働時間内8時間あたり,人日,pref,04,宮城県,,,,11600,JPY,labor_wage_8h,published_pdl,16300,原本の下段(括弧書き): 公共工事設計労務単価+必要経費(法定福利費の事業主負担額、労務管理費、宿舎費等)(参考値),2014-02,2014-02-01,mlit-roumu-h26,p18(横長の表) / p9(縦長の表),https://www.mlit.go.jp/common/001026047.pdf,PDL1.0,,原本の縦長の表で丸括弧書き。(注)岩手県、宮城県、福島県における単価括弧書きは、労務費の上昇に伴う入札不調の多発が認められるため、入札不調に対応した単価を採用している。
7f33e7be136a9ba2,JP,labor,労務単価,交通誘導警備員Ｂ,所定労働時間内8時間あたり,人日,pref,04,宮城県,,,,10300,JPY,labor_wage_8h,published_pdl,14500,原本の下段(括弧書き): 公共工事設計労務単価+必要経費(法定福利費の事業主負担額、労務管理費、宿舎費等)(参考値),2014-02,2014-02-01,mlit-roumu-h26,p18(横長の表) / p9(縦長の表),https://www.mlit.go.jp/common/001026047.pdf,PDL1.0,,原本の縦長の表で丸括弧書き。(注)岩手県、宮城県、福島県における単価括弧書きは、労務費の上昇に伴う入札不調の多発が認められるため、入札不調に対応した単価を採用している。
247b91ced40cbc68,JP,labor,労務単価,特殊作業員,所定労働時間内8時間あたり,人日,pref,05,秋田県,,,,18300,JPY,labor_wage_8h,published_pdl,25700,原本の下段(括弧書き): 公共工事設計労務単価+必要経費(法定福利費の事業主負担額、労務管理費、宿舎費等)(参考値),2014-02,2014-02-01,mlit-roumu-h26,p16(横長の表) / p5(縦長の表),https://www.mlit.go.jp/common/001026047.pdf,PDL1.0,,
0deb86d3315f41d6,JP,labor,労務単価,普通作業員,所定労働時間内8時間あたり,人日,pref,05,秋田県,,,,14400,JPY,labor_wage_8h,published_pdl,20200,原本の下段(括弧書き): 公共工事設計労務単価+必要経費(法定福利費の事業主負担額、労務管理費、宿舎費等)(参考値),2014-02,2014-02-01,mlit-roumu-h26,p16(横長の表) / p5(縦長の表),https://www.mlit.go.jp/common/001026047.pdf,PDL1.0,,
f46e83b791c27b54,JP,labor,労務単価,軽作業員,所定労働時間内8時間あたり,人日,pref,05,秋田県,,,,11600,JPY,labor_wage_8h,published_pdl,16300,原本の下段(括弧書き): 公共工事設計労務単価+必要経費(法定福利費の事業主負担額、労務管理費、宿舎費等)(参考値),2014-02,2014-02-01,mlit-roumu-h26,p16(横長の表) / p5(縦長の表),https://www.mlit.go.jp/common/001026047.pdf,PDL1.0,,
da281f763cf260b0,JP,labor,労務単価,造園工,所定労働時間内8時間あたり,人日,pref,05,秋田県,,,,17100,JPY,labor_wage_8h,published_pdl,24000,原本の下段(括弧書き): 公共工事設計労務単価+必要経費(法定福利費の事業主負担額、労務管理費、宿舎費等)(参考値),2014-02,2014-02-01,mlit-roumu-h26,p16(横長の表) / p5(縦長の表),https://www.mlit.go.jp/common/001026047.pdf,PDL1.0,,
c8ae89162bd1d4eb,JP,labor,労務単価,法面工,所定労働時間内8時間あたり,人日,pref,05,秋田県,,,,19400,JPY,labor_wage_8h,published_pdl,27300,原本の下段(括弧書き): 公共工事設計労務単価+必要経費(法定福利費の事業主負担額、労務管理費、宿舎費等)(参考値),2014-02,2014-02-01,mlit-roumu-h26,p16(横長の表) / p5(縦長の表),https://www.mlit.go.jp/common/001026047.pdf,PDL1.0,,
faa7b86cdca5ec8b,JP,labor,労務単価,とび工,所定労働時間内8時間あたり,人日,pref,05,秋田県,,,,17500,JPY,labor_wage_8h,published_pdl,24600,原本の下段(括弧書き): 公共工事設計労務単価+必要経費(法定福利費の事業主負担額、労務管理費、宿舎費等)(参考値),2014-02,2014-02-01,mlit-roumu-h26,p16(横長の表) / p5(縦長の表),https://www.mlit.go.jp/common/001026047.pdf,PDL1.0,,
d53a6056f0f1cb47,JP,labor,労務単価,石工,所定労働時間内8時間あたり,人日,pref,05,秋田県,,,,,JPY,labor_wage_8h,not_set,,,2014-02,2014-02-01,mlit-roumu-h26,p16(横長の表) / p5(縦長の表),https://www.mlit.go.jp/common/001026047.pdf,PDL1.0,,原本の表で『-』(この都道府県ではこの職種の単価を設定していない)
eb727f8919d8b565,JP,labor,労務単価,ブロック工,所定労働時間内8時間あたり,人日,pref,05,秋田県,,,,20200,JPY,labor_wage_8h,published_pdl,28400,原本の下段(括弧書き): 公共工事設計労務単価+必要経費(法定福利費の事業主負担額、労務管理費、宿舎費等)(参考値),2014-02,2014-02-01,mlit-roumu-h26,p16(横長の表) / p5(縦長の表),https://www.mlit.go.jp/common/001026047.pdf,PDL1.0,,
b54fe873d19cfb2b,JP,labor,労務単価,電工,所定労働時間内8時間あたり,人日,pref,05,秋田県,,,,16400,JPY,labor_wage_8h,published_pdl,23100,原本の下段(括弧書き): 公共工事設計労務単価+必要経費(法定福利費の事業主負担額、労務管理費、宿舎費等)(参考値),2014-02,2014-02-01,mlit-roumu-h26,p16(横長の表) / p5(縦長の表),https://www.mlit.go.jp/common/001026047.pdf,PDL1.0,,
e91fd485e0ba9ef4,JP,labor,労務単価,鉄筋工,所定労働時間内8時間あたり,人日,pref,05,秋田県,,,,19300,JPY,labor_wage_8h,published_pdl,27100,原本の下段(括弧書き): 公共工事設計労務単価+必要経費(法定福利費の事業主負担額、労務管理費、宿舎費等)(参考値),2014-02,2014-02-01,mlit-roumu-h26,p16(横長の表) / p5(縦長の表),https://www.mlit.go.jp/common/001026047.pdf,PDL1.0,,
36ea4fd82ac3b29d,JP,labor,労務単価,鉄骨工,所定労働時間内8時間あたり,人日,pref,05,秋田県,,,,17300,JPY,labor_wage_8h,published_pdl,24300,原本の下段(括弧書き): 公共工事設計労務単価+必要経費(法定福利費の事業主負担額、労務管理費、宿舎費等)(参考値),2014-02,2014-02-01,mlit-roumu-h26,p16(横長の表) / p6(縦長の表),https://www.mlit.go.jp/common/001026047.pdf,PDL1.0,,
1f95b568eaece220,JP,labor,労務単価,塗装工,所定労働時間内8時間あたり,人日,pref,05,秋田県,,,,17200,JPY,labor_wage_8h,published_pdl,24200,原本の下段(括弧書き): 公共工事設計労務単価+必要経費(法定福利費の事業主負担額、労務管理費、宿舎費等)(参考値),2014-02,2014-02-01,mlit-roumu-h26,p16(横長の表) / p6(縦長の表),https://www.mlit.go.jp/common/001026047.pdf,PDL1.0,,
9ba709f0876b4979,JP,labor,労務単価,溶接工,所定労働時間内8時間あたり,人日,pref,05,秋田県,,,,18400,JPY,labor_wage_8h,published_pdl,25900,原本の下段(括弧書き): 公共工事設計労務単価+必要経費(法定福利費の事業主負担額、労務管理費、宿舎費等)(参考値),2014-02,2014-02-01,mlit-roumu-h26,p16(横長の表) / p6(縦長の表),https://www.mlit.go.jp/common/001026047.pdf,PDL1.0,,
89ef17aa1ee64a5a,JP,labor,労務単価,運転手（特殊）,所定労働時間内8時間あたり,人日,pref,05,秋田県,,,,20100,JPY,labor_wage_8h,published_pdl,28300,原本の下段(括弧書き): 公共工事設計労務単価+必要経費(法定福利費の事業主負担額、労務管理費、宿舎費等)(参考値),2014-02,2014-02-01,mlit-roumu-h26,p16(横長の表) / p6(縦長の表),https://www.mlit.go.jp/common/001026047.pdf,PDL1.0,,
a810485f9195e01d,JP,labor,労務単価,運転手（一般）,所定労働時間内8時間あたり,人日,pref,05,秋田県,,,,19400,JPY,labor_wage_8h,published_pdl,27300,原本の下段(括弧書き): 公共工事設計労務単価+必要経費(法定福利費の事業主負担額、労務管理費、宿舎費等)(参考値),2014-02,2014-02-01,mlit-roumu-h26,p16(横長の表) / p6(縦長の表),https://www.mlit.go.jp/common/001026047.pdf,PDL1.0,,
39eb7b0decd24b7a,JP,labor,労務単価,潜かん工,所定労働時間内8時間あたり,人日,pref,05,秋田県,,,,26100,JPY,labor_wage_8h,published_pdl,36700,原本の下段(括弧書き): 公共工事設計労務単価+必要経費(法定福利費の事業主負担額、労務管理費、宿舎費等)(参考値),2014-02,2014-02-01,mlit-roumu-h26,p16(横長の表) / p6(縦長の表),https://www.mlit.go.jp/common/001026047.pdf,PDL1.0,,
d99abc1aa2e170cb,JP,labor,労務単価,潜かん世話役,所定労働時間内8時間あたり,人日,pref,05,秋田県,,,,30800,JPY,labor_wage_8h,published_pdl,43300,原本の下段(括弧書き): 公共工事設計労務単価+必要経費(法定福利費の事業主負担額、労務管理費、宿舎費等)(参考値),2014-02,2014-02-01,mlit-roumu-h26,p16(横長の表) / p6(縦長の表),https://www.mlit.go.jp/common/001026047.pdf,PDL1.0,,
193495f5dcef313f,JP,labor,労務単価,さく岩工,所定労働時間内8時間あたり,人日,pref,05,秋田県,,,,21300,JPY,labor_wage_8h,published_pdl,29900,原本の下段(括弧書き): 公共工事設計労務単価+必要経費(法定福利費の事業主負担額、労務管理費、宿舎費等)(参考値),2014-02,2014-02-01,mlit-roumu-h26,p16(横長の表) / p6(縦長の表),https://www.mlit.go.jp/common/001026047.pdf,PDL1.0,,
b2a0dfb2c1539d01,JP,labor,労務単価,トンネル特殊工,所定労働時間内8時間あたり,人日,pref,05,秋田県,,,,25000,JPY,labor_wage_8h,published_pdl,35200,原本の下段(括弧書き): 公共工事設計労務単価+必要経費(法定福利費の事業主負担額、労務管理費、宿舎費等)(参考値),2014-02,2014-02-01,mlit-roumu-h26,p16(横長の表) / p6(縦長の表),https://www.mlit.go.jp/common/001026047.pdf,PDL1.0,,
2b135043fbae4750,JP,labor,労務単価,トンネル作業員,所定労働時間内8時間あたり,人日,pref,05,秋田県,,,,19700,JPY,labor_wage_8h,published_pdl,27700,原本の下段(括弧書き): 公共工事設計労務単価+必要経費(法定福利費の事業主負担額、労務管理費、宿舎費等)(参考値),2014-02,2014-02-01,mlit-roumu-h26,p16(横長の表) / p6(縦長の表),https://www.mlit.go.jp/common/001026047.pdf,PDL1.0,,
20d591b9527c5371,JP,labor,労務単価,トンネル世話役,所定労働時間内8時間あたり,人日,pref,05,秋田県,,,,27500,JPY,labor_wage_8h,published_pdl,38700,原本の下段(括弧書き): 公共工事設計労務単価+必要経費(法定福利費の事業主負担額、労務管理費、宿舎費等)(参考値),2014-02,2014-02-01,mlit-roumu-h26,p17(横長の表) / p7(縦長の表),https://www.mlit.go.jp/common/001026047.pdf,PDL1.0,,
fccc4d1542f635f2,JP,labor,労務単価,橋りょう特殊工,所定労働時間内8時間あたり,人日,pref,05,秋田県,,,,22600,JPY,labor_wage_8h,published_pdl,31800,原本の下段(括弧書き): 公共工事設計労務単価+必要経費(法定福利費の事業主負担額、労務管理費、宿舎費等)(参考値),2014-02,2014-02-01,mlit-roumu-h26,p17(横長の表) / p7(縦長の表),https://www.mlit.go.jp/common/001026047.pdf,PDL1.0,,
edaaf3c829e57d70,JP,labor,労務単価,橋りょう塗装工,所定労働時間内8時間あたり,人日,pref,05,秋田県,,,,24200,JPY,labor_wage_8h,published_pdl,34000,原本の下段(括弧書き): 公共工事設計労務単価+必要経費(法定福利費の事業主負担額、労務管理費、宿舎費等)(参考値),2014-02,2014-02-01,mlit-roumu-h26,p17(横長の表) / p7(縦長の表),https://www.mlit.go.jp/common/001026047.pdf,PDL1.0,,
1934bce0e76bd305,JP,labor,労務単価,橋りょう世話役,所定労働時間内8時間あたり,人日,pref,05,秋田県,,,,27800,JPY,labor_wage_8h,published_pdl,39100,原本の下段(括弧書き): 公共工事設計労務単価+必要経費(法定福利費の事業主負担額、労務管理費、宿舎費等)(参考値),2014-02,2014-02-01,mlit-roumu-h26,p17(横長の表) / p7(縦長の表),https://www.mlit.go.jp/common/001026047.pdf,PDL1.0,,
b7eb2f54d5121ec3,JP,labor,労務単価,土木一般世話役,所定労働時間内8時間あたり,人日,pref,05,秋田県,,,,22900,JPY,labor_wage_8h,published_pdl,32200,原本の下段(括弧書き): 公共工事設計労務単価+必要経費(法定福利費の事業主負担額、労務管理費、宿舎費等)(参考値),2014-02,2014-02-01,mlit-roumu-h26,p17(横長の表) / p7(縦長の表),https://www.mlit.go.jp/common/001026047.pdf,PDL1.0,,
06467cfea8bdcd64,JP,labor,労務単価,高級船員,所定労働時間内8時間あたり,人日,pref,05,秋田県,,,,23900,JPY,labor_wage_8h,published_pdl,33600,原本の下段(括弧書き): 公共工事設計労務単価+必要経費(法定福利費の事業主負担額、労務管理費、宿舎費等)(参考値),2014-02,2014-02-01,mlit-roumu-h26,p17(横長の表) / p7(縦長の表),https://www.mlit.go.jp/common/001026047.pdf,PDL1.0,,
3f5ba819f9c516ab,JP,labor,労務単価,普通船員,所定労働時間内8時間あたり,人日,pref,05,秋田県,,,,18700,JPY,labor_wage_8h,published_pdl,26300,原本の下段(括弧書き): 公共工事設計労務単価+必要経費(法定福利費の事業主負担額、労務管理費、宿舎費等)(参考値),2014-02,2014-02-01,mlit-roumu-h26,p17(横長の表) / p7(縦長の表),https://www.mlit.go.jp/common/001026047.pdf,PDL1.0,,
f4c6be8ec5f8d128,JP,labor,労務単価,潜水士,所定労働時間内8時間あたり,人日,pref,05,秋田県,,,,35800,JPY,labor_wage_8h,published_pdl,50300,原本の下段(括弧書き): 公共工事設計労務単価+必要経費(法定福利費の事業主負担額、労務管理費、宿舎費等)(参考値),2014-02,2014-02-01,mlit-roumu-h26,p17(横長の表) / p7(縦長の表),https://www.mlit.go.jp/common/001026047.pdf,PDL1.0,,
83e4f47ed190620e,JP,labor,労務単価,潜水連絡員,所定労働時間内8時間あたり,人日,pref,05,秋田県,,,,22000,JPY,labor_wage_8h,published_pdl,30900,原本の下段(括弧書き): 公共工事設計労務単価+必要経費(法定福利費の事業主負担額、労務管理費、宿舎費等)(参考値),2014-02,2014-02-01,mlit-roumu-h26,p17(横長の表) / p7(縦長の表),https://www.mlit.go.jp/common/001026047.pdf,PDL1.0,,
77647ebb4bb1ad95,JP,labor,労務単価,潜水送気員,所定労働時間内8時間あたり,人日,pref,05,秋田県,,,,22400,JPY,labor_wage_8h,published_pdl,31500,原本の下段(括弧書き): 公共工事設計労務単価+必要経費(法定福利費の事業主負担額、労務管理費、宿舎費等)(参考値),2014-02,2014-02-01,mlit-roumu-h26,p17(横長の表) / p7(縦長の表),https://www.mlit.go.jp/common/001026047.pdf,PDL1.0,,
25d6e47d6f5a010a,JP,labor,労務単価,山林砂防工,所定労働時間内8時間あたり,人日,pref,05,秋田県,,,,,JPY,labor_wage_8h,not_set,,,2014-02,2014-02-01,mlit-roumu-h26,p17(横長の表) / p8(縦長の表),https://www.mlit.go.jp/common/001026047.pdf,PDL1.0,,原本の表で『-』(この都道府県ではこの職種の単価を設定していない)
9e253cba026b01a0,JP,labor,労務単価,軌道工,所定労働時間内8時間あたり,人日,pref,05,秋田県,,,,23600,JPY,labor_wage_8h,published_pdl,33200,原本の下段(括弧書き): 公共工事設計労務単価+必要経費(法定福利費の事業主負担額、労務管理費、宿舎費等)(参考値),2014-02,2014-02-01,mlit-roumu-h26,p17(横長の表) / p8(縦長の表),https://www.mlit.go.jp/common/001026047.pdf,PDL1.0,,
d78fa8209dae7cae,JP,labor,労務単価,型わく工,所定労働時間内8時間あたり,人日,pref,05,秋田県,,,,19300,JPY,labor_wage_8h,published_pdl,27100,原本の下段(括弧書き): 公共工事設計労務単価+必要経費(法定福利費の事業主負担額、労務管理費、宿舎費等)(参考値),2014-02,2014-02-01,mlit-roumu-h26,p17(横長の表) / p8(縦長の表),https://www.mlit.go.jp/common/001026047.pdf,PDL1.0,,
c7b83d9b6c5a4aa3,JP,labor,労務単価,大工,所定労働時間内8時間あたり,人日,pref,05,秋田県,,,,21000,JPY,labor_wage_8h,published_pdl,29500,原本の下段(括弧書き): 公共工事設計労務単価+必要経費(法定福利費の事業主負担額、労務管理費、宿舎費等)(参考値),2014-02,2014-02-01,mlit-roumu-h26,p17(横長の表) / p8(縦長の表),https://www.mlit.go.jp/common/001026047.pdf,PDL1.0,,
7eea3571dd5dcc5b,JP,labor,労務単価,左官,所定労働時間内8時間あたり,人日,pref,05,秋田県,,,,19400,JPY,labor_wage_8h,published_pdl,27300,原本の下段(括弧書き): 公共工事設計労務単価+必要経費(法定福利費の事業主負担額、労務管理費、宿舎費等)(参考値),2014-02,2014-02-01,mlit-roumu-h26,p17(横長の表) / p8(縦長の表),https://www.mlit.go.jp/common/001026047.pdf,PDL1.0,,
e14da09c98ee1c7a,JP,labor,労務単価,配管工,所定労働時間内8時間あたり,人日,pref,05,秋田県,,,,16000,JPY,labor_wage_8h,published_pdl,22500,原本の下段(括弧書き): 公共工事設計労務単価+必要経費(法定福利費の事業主負担額、労務管理費、宿舎費等)(参考値),2014-02,2014-02-01,mlit-roumu-h26,p17(横長の表) / p8(縦長の表),https://www.mlit.go.jp/common/001026047.pdf,PDL1.0,,
f748f1ffe9ee4e7e,JP,labor,労務単価,はつり工,所定労働時間内8時間あたり,人日,pref,05,秋田県,,,,17500,JPY,labor_wage_8h,published_pdl,24600,原本の下段(括弧書き): 公共工事設計労務単価+必要経費(法定福利費の事業主負担額、労務管理費、宿舎費等)(参考値),2014-02,2014-02-01,mlit-roumu-h26,p17(横長の表) / p8(縦長の表),https://www.mlit.go.jp/common/001026047.pdf,PDL1.0,,
5cd73e6a18b120c3,JP,labor,労務単価,防水工,所定労働時間内8時間あたり,人日,pref,05,秋田県,,,,17300,JPY,labor_wage_8h,published_pdl,24300,原本の下段(括弧書き): 公共工事設計労務単価+必要経費(法定福利費の事業主負担額、労務管理費、宿舎費等)(参考値),2014-02,2014-02-01,mlit-roumu-h26,p17(横長の表) / p8(縦長の表),https://www.mlit.go.jp/common/001026047.pdf,PDL1.0,,
74baec59f815edb9,JP,labor,労務単価,板金工,所定労働時間内8時間あたり,人日,pref,05,秋田県,,,,17600,JPY,labor_wage_8h,published_pdl,24700,原本の下段(括弧書き): 公共工事設計労務単価+必要経費(法定福利費の事業主負担額、労務管理費、宿舎費等)(参考値),2014-02,2014-02-01,mlit-roumu-h26,p17(横長の表) / p8(縦長の表),https://www.mlit.go.jp/common/001026047.pdf,PDL1.0,,
5df29abf8b003b95,JP,labor,労務単価,タイル工,所定労働時間内8時間あたり,人日,pref,05,秋田県,,,,17700,JPY,labor_wage_8h,published_pdl,24900,原本の下段(括弧書き): 公共工事設計労務単価+必要経費(法定福利費の事業主負担額、労務管理費、宿舎費等)(参考値),2014-02,2014-02-01,mlit-roumu-h26,p17(横長の表) / p8(縦長の表),https://www.mlit.go.jp/common/001026047.pdf,PDL1.0,,
e9dd6ebb4d6cafd4,JP,labor,労務単価,サッシ工,所定労働時間内8時間あたり,人日,pref,05,秋田県,,,,19200,JPY,labor_wage_8h,published_pdl,27000,原本の下段(括弧書き): 公共工事設計労務単価+必要経費(法定福利費の事業主負担額、労務管理費、宿舎費等)(参考値),2014-02,2014-02-01,mlit-roumu-h26,p18(横長の表) / p9(縦長の表),https://www.mlit.go.jp/common/001026047.pdf,PDL1.0,,
0a975c447d9ea3a5,JP,labor,労務単価,内装工,所定労働時間内8時間あたり,人日,pref,05,秋田県,,,,17500,JPY,labor_wage_8h,published_pdl,24600,原本の下段(括弧書き): 公共工事設計労務単価+必要経費(法定福利費の事業主負担額、労務管理費、宿舎費等)(参考値),2014-02,2014-02-01,mlit-roumu-h26,p18(横長の表) / p9(縦長の表),https://www.mlit.go.jp/common/001026047.pdf,PDL1.0,,
b6859b8f285e5771,JP,labor,労務単価,ガラス工,所定労働時間内8時間あたり,人日,pref,05,秋田県,,,,17100,JPY,labor_wage_8h,published_pdl,24000,原本の下段(括弧書き): 公共工事設計労務単価+必要経費(法定福利費の事業主負担額、労務管理費、宿舎費等)(参考値),2014-02,2014-02-01,mlit-roumu-h26,p18(横長の表) / p9(縦長の表),https://www.mlit.go.jp/common/001026047.pdf,PDL1.0,,
3827414287094032,JP,labor,労務単価,建具工,所定労働時間内8時間あたり,人日,pref,05,秋田県,,,,,JPY,labor_wage_8h,not_set,,,2014-02,2014-02-01,mlit-roumu-h26,p18(横長の表) / p9(縦長の表),https://www.mlit.go.jp/common/001026047.pdf,PDL1.0,,原本の表で『-』(この都道府県ではこの職種の単価を設定していない)
cc3d064c8b83fccb,JP,labor,労務単価,ダクト工,所定労働時間内8時間あたり,人日,pref,05,秋田県,,,,15600,JPY,labor_wage_8h,published_pdl,21900,原本の下段(括弧書き): 公共工事設計労務単価+必要経費(法定福利費の事業主負担額、労務管理費、宿舎費等)(参考値),2014-02,2014-02-01,mlit-roumu-h26,p18(横長の表) / p9(縦長の表),https://www.mlit.go.jp/common/001026047.pdf,PDL1.0,,
27cba629b852f6f9,JP,labor,労務単価,保温工,所定労働時間内8時間あたり,人日,pref,05,秋田県,,,,17600,JPY,labor_wage_8h,published_pdl,24700,原本の下段(括弧書き): 公共工事設計労務単価+必要経費(法定福利費の事業主負担額、労務管理費、宿舎費等)(参考値),2014-02,2014-02-01,mlit-roumu-h26,p18(横長の表) / p9(縦長の表),https://www.mlit.go.jp/common/001026047.pdf,PDL1.0,,
99100fdb3e4f81b6,JP,labor,労務単価,建築ブロック工,所定労働時間内8時間あたり,人日,pref,05,秋田県,,,,16600,JPY,labor_wage_8h,published_pdl,23300,原本の下段(括弧書き): 公共工事設計労務単価+必要経費(法定福利費の事業主負担額、労務管理費、宿舎費等)(参考値),2014-02,2014-02-01,mlit-roumu-h26,p18(横長の表) / p9(縦長の表),https://www.mlit.go.jp/common/001026047.pdf,PDL1.0,,
171041471e67a417,JP,labor,労務単価,設備機械工,所定労働時間内8時間あたり,人日,pref,05,秋田県,,,,16900,JPY,labor_wage_8h,published_pdl,23800,原本の下段(括弧書き): 公共工事設計労務単価+必要経費(法定福利費の事業主負担額、労務管理費、宿舎費等)(参考値),2014-02,2014-02-01,mlit-roumu-h26,p18(横長の表) / p9(縦長の表),https://www.mlit.go.jp/common/001026047.pdf,PDL1.0,,
ad2ed755ccf540dc,JP,labor,労務単価,交通誘導警備員Ａ,所定労働時間内8時間あたり,人日,pref,05,秋田県,,,,9300,JPY,labor_wage_8h,published_pdl,13100,原本の下段(括弧書き): 公共工事設計労務単価+必要経費(法定福利費の事業主負担額、労務管理費、宿舎費等)(参考値),2014-02,2014-02-01,mlit-roumu-h26,p18(横長の表) / p9(縦長の表),https://www.mlit.go.jp/common/001026047.pdf,PDL1.0,,
2c0d5c3bff2f2b00,JP,labor,労務単価,交通誘導警備員Ｂ,所定労働時間内8時間あたり,人日,pref,05,秋田県,,,,8500,JPY,labor_wage_8h,published_pdl,12000,原本の下段(括弧書き): 公共工事設計労務単価+必要経費(法定福利費の事業主負担額、労務管理費、宿舎費等)(参考値),2014-02,2014-02-01,mlit-roumu-h26,p18(横長の表) / p9(縦長の表),https://www.mlit.go.jp/common/001026047.pdf,PDL1.0,,
ff45bc8c44578819,JP,labor,労務単価,特殊作業員,所定労働時間内8時間あたり,人日,pref,06,山形県,,,,18300,JPY,labor_wage_8h,published_pdl,25700,原本の下段(括弧書き): 公共工事設計労務単価+必要経費(法定福利費の事業主負担額、労務管理費、宿舎費等)(参考値),2014-02,2014-02-01,mlit-roumu-h26,p16(横長の表) / p5(縦長の表),https://www.mlit.go.jp/common/001026047.pdf,PDL1.0,,
0e1edb01500ee42c,JP,labor,労務単価,普通作業員,所定労働時間内8時間あたり,人日,pref,06,山形県,,,,14400,JPY,labor_wage_8h,published_pdl,20200,原本の下段(括弧書き): 公共工事設計労務単価+必要経費(法定福利費の事業主負担額、労務管理費、宿舎費等)(参考値),2014-02,2014-02-01,mlit-roumu-h26,p16(横長の表) / p5(縦長の表),https://www.mlit.go.jp/common/001026047.pdf,PDL1.0,,
f84ac46a57096182,JP,labor,労務単価,軽作業員,所定労働時間内8時間あたり,人日,pref,06,山形県,,,,12200,JPY,labor_wage_8h,published_pdl,17200,原本の下段(括弧書き): 公共工事設計労務単価+必要経費(法定福利費の事業主負担額、労務管理費、宿舎費等)(参考値),2014-02,2014-02-01,mlit-roumu-h26,p16(横長の表) / p5(縦長の表),https://www.mlit.go.jp/common/001026047.pdf,PDL1.0,,
fa19b7eb9ebb476a,JP,labor,労務単価,造園工,所定労働時間内8時間あたり,人日,pref,06,山形県,,,,17400,JPY,labor_wage_8h,published_pdl,24500,原本の下段(括弧書き): 公共工事設計労務単価+必要経費(法定福利費の事業主負担額、労務管理費、宿舎費等)(参考値),2014-02,2014-02-01,mlit-roumu-h26,p16(横長の表) / p5(縦長の表),https://www.mlit.go.jp/common/001026047.pdf,PDL1.0,,
64302b002b30ee74,JP,labor,労務単価,法面工,所定労働時間内8時間あたり,人日,pref,06,山形県,,,,18600,JPY,labor_wage_8h,published_pdl,26200,原本の下段(括弧書き): 公共工事設計労務単価+必要経費(法定福利費の事業主負担額、労務管理費、宿舎費等)(参考値),2014-02,2014-02-01,mlit-roumu-h26,p16(横長の表) / p5(縦長の表),https://www.mlit.go.jp/common/001026047.pdf,PDL1.0,,
49b221e0620ec4da,JP,labor,労務単価,とび工,所定労働時間内8時間あたり,人日,pref,06,山形県,,,,17700,JPY,labor_wage_8h,published_pdl,24900,原本の下段(括弧書き): 公共工事設計労務単価+必要経費(法定福利費の事業主負担額、労務管理費、宿舎費等)(参考値),2014-02,2014-02-01,mlit-roumu-h26,p16(横長の表) / p5(縦長の表),https://www.mlit.go.jp/common/001026047.pdf,PDL1.0,,
42f3b42d4ed24802,JP,labor,労務単価,石工,所定労働時間内8時間あたり,人日,pref,06,山形県,,,,21400,JPY,labor_wage_8h,published_pdl,30100,原本の下段(括弧書き): 公共工事設計労務単価+必要経費(法定福利費の事業主負担額、労務管理費、宿舎費等)(参考値),2014-02,2014-02-01,mlit-roumu-h26,p16(横長の表) / p5(縦長の表),https://www.mlit.go.jp/common/001026047.pdf,PDL1.0,,
adca790691d989f6,JP,labor,労務単価,ブロック工,所定労働時間内8時間あたり,人日,pref,06,山形県,,,,20800,JPY,labor_wage_8h,published_pdl,29200,原本の下段(括弧書き): 公共工事設計労務単価+必要経費(法定福利費の事業主負担額、労務管理費、宿舎費等)(参考値),2014-02,2014-02-01,mlit-roumu-h26,p16(横長の表) / p5(縦長の表),https://www.mlit.go.jp/common/001026047.pdf,PDL1.0,,
f06ba99308d338d2,JP,labor,労務単価,電工,所定労働時間内8時間あたり,人日,pref,06,山形県,,,,17300,JPY,labor_wage_8h,published_pdl,24300,原本の下段(括弧書き): 公共工事設計労務単価+必要経費(法定福利費の事業主負担額、労務管理費、宿舎費等)(参考値),2014-02,2014-02-01,mlit-roumu-h26,p16(横長の表) / p5(縦長の表),https://www.mlit.go.jp/common/001026047.pdf,PDL1.0,,
f651c9b7b87e3a73,JP,labor,労務単価,鉄筋工,所定労働時間内8時間あたり,人日,pref,06,山形県,,,,19700,JPY,labor_wage_8h,published_pdl,27700,原本の下段(括弧書き): 公共工事設計労務単価+必要経費(法定福利費の事業主負担額、労務管理費、宿舎費等)(参考値),2014-02,2014-02-01,mlit-roumu-h26,p16(横長の表) / p5(縦長の表),https://www.mlit.go.jp/common/001026047.pdf,PDL1.0,,
f3dad0044e8497e2,JP,labor,労務単価,鉄骨工,所定労働時間内8時間あたり,人日,pref,06,山形県,,,,18000,JPY,labor_wage_8h,published_pdl,25300,原本の下段(括弧書き): 公共工事設計労務単価+必要経費(法定福利費の事業主負担額、労務管理費、宿舎費等)(参考値),2014-02,2014-02-01,mlit-roumu-h26,p16(横長の表) / p6(縦長の表),https://www.mlit.go.jp/common/001026047.pdf,PDL1.0,,
5d9fe27b88256071,JP,labor,労務単価,塗装工,所定労働時間内8時間あたり,人日,pref,06,山形県,,,,19200,JPY,labor_wage_8h,published_pdl,27000,原本の下段(括弧書き): 公共工事設計労務単価+必要経費(法定福利費の事業主負担額、労務管理費、宿舎費等)(参考値),2014-02,2014-02-01,mlit-roumu-h26,p16(横長の表) / p6(縦長の表),https://www.mlit.go.jp/common/001026047.pdf,PDL1.0,,
afbfb5aa07f1b1cd,JP,labor,労務単価,溶接工,所定労働時間内8時間あたり,人日,pref,06,山形県,,,,19300,JPY,labor_wage_8h,published_pdl,27100,原本の下段(括弧書き): 公共工事設計労務単価+必要経費(法定福利費の事業主負担額、労務管理費、宿舎費等)(参考値),2014-02,2014-02-01,mlit-roumu-h26,p16(横長の表) / p6(縦長の表),https://www.mlit.go.jp/common/001026047.pdf,PDL1.0,,
0e6c80be5acce71a,JP,labor,労務単価,運転手（特殊）,所定労働時間内8時間あたり,人日,pref,06,山形県,,,,18900,JPY,labor_wage_8h,published_pdl,26600,原本の下段(括弧書き): 公共工事設計労務単価+必要経費(法定福利費の事業主負担額、労務管理費、宿舎費等)(参考値),2014-02,2014-02-01,mlit-roumu-h26,p16(横長の表) / p6(縦長の表),https://www.mlit.go.jp/common/001026047.pdf,PDL1.0,,
97600a87cc7b372a,JP,labor,労務単価,運転手（一般）,所定労働時間内8時間あたり,人日,pref,06,山形県,,,,17200,JPY,labor_wage_8h,published_pdl,24200,原本の下段(括弧書き): 公共工事設計労務単価+必要経費(法定福利費の事業主負担額、労務管理費、宿舎費等)(参考値),2014-02,2014-02-01,mlit-roumu-h26,p16(横長の表) / p6(縦長の表),https://www.mlit.go.jp/common/001026047.pdf,PDL1.0,,
603c70031a4a0517,JP,labor,労務単価,潜かん工,所定労働時間内8時間あたり,人日,pref,06,山形県,,,,26000,JPY,labor_wage_8h,published_pdl,36600,原本の下段(括弧書き): 公共工事設計労務単価+必要経費(法定福利費の事業主負担額、労務管理費、宿舎費等)(参考値),2014-02,2014-02-01,mlit-roumu-h26,p16(横長の表) / p6(縦長の表),https://www.mlit.go.jp/common/001026047.pdf,PDL1.0,,
83ca2bd7223d15f2,JP,labor,労務単価,潜かん世話役,所定労働時間内8時間あたり,人日,pref,06,山形県,,,,30800,JPY,labor_wage_8h,published_pdl,43300,原本の下段(括弧書き): 公共工事設計労務単価+必要経費(法定福利費の事業主負担額、労務管理費、宿舎費等)(参考値),2014-02,2014-02-01,mlit-roumu-h26,p16(横長の表) / p6(縦長の表),https://www.mlit.go.jp/common/001026047.pdf,PDL1.0,,
c1a5c92de9213134,JP,labor,労務単価,さく岩工,所定労働時間内8時間あたり,人日,pref,06,山形県,,,,21300,JPY,labor_wage_8h,published_pdl,29900,原本の下段(括弧書き): 公共工事設計労務単価+必要経費(法定福利費の事業主負担額、労務管理費、宿舎費等)(参考値),2014-02,2014-02-01,mlit-roumu-h26,p16(横長の表) / p6(縦長の表),https://www.mlit.go.jp/common/001026047.pdf,PDL1.0,,
d04a7667d1a67329,JP,labor,労務単価,トンネル特殊工,所定労働時間内8時間あたり,人日,pref,06,山形県,,,,26900,JPY,labor_wage_8h,published_pdl,37800,原本の下段(括弧書き): 公共工事設計労務単価+必要経費(法定福利費の事業主負担額、労務管理費、宿舎費等)(参考値),2014-02,2014-02-01,mlit-roumu-h26,p16(横長の表) / p6(縦長の表),https://www.mlit.go.jp/common/001026047.pdf,PDL1.0,,
3003505fa7a8964f,JP,labor,労務単価,トンネル作業員,所定労働時間内8時間あたり,人日,pref,06,山形県,,,,19700,JPY,labor_wage_8h,published_pdl,27700,原本の下段(括弧書き): 公共工事設計労務単価+必要経費(法定福利費の事業主負担額、労務管理費、宿舎費等)(参考値),2014-02,2014-02-01,mlit-roumu-h26,p16(横長の表) / p6(縦長の表),https://www.mlit.go.jp/common/001026047.pdf,PDL1.0,,
17b9833f14d06e04,JP,labor,労務単価,トンネル世話役,所定労働時間内8時間あたり,人日,pref,06,山形県,,,,27500,JPY,labor_wage_8h,published_pdl,38700,原本の下段(括弧書き): 公共工事設計労務単価+必要経費(法定福利費の事業主負担額、労務管理費、宿舎費等)(参考値),2014-02,2014-02-01,mlit-roumu-h26,p17(横長の表) / p7(縦長の表),https://www.mlit.go.jp/common/001026047.pdf,PDL1.0,,
51bdb5aa096f8464,JP,labor,労務単価,橋りょう特殊工,所定労働時間内8時間あたり,人日,pref,06,山形県,,,,22600,JPY,labor_wage_8h,published_pdl,31800,原本の下段(括弧書き): 公共工事設計労務単価+必要経費(法定福利費の事業主負担額、労務管理費、宿舎費等)(参考値),2014-02,2014-02-01,mlit-roumu-h26,p17(横長の表) / p7(縦長の表),https://www.mlit.go.jp/common/001026047.pdf,PDL1.0,,
426ec500ce4d231f,JP,labor,労務単価,橋りょう塗装工,所定労働時間内8時間あたり,人日,pref,06,山形県,,,,24100,JPY,labor_wage_8h,published_pdl,33900,原本の下段(括弧書き): 公共工事設計労務単価+必要経費(法定福利費の事業主負担額、労務管理費、宿舎費等)(参考値),2014-02,2014-02-01,mlit-roumu-h26,p17(横長の表) / p7(縦長の表),https://www.mlit.go.jp/common/001026047.pdf,PDL1.0,,
c44e002119c76fd5,JP,labor,労務単価,橋りょう世話役,所定労働時間内8時間あたり,人日,pref,06,山形県,,,,27400,JPY,labor_wage_8h,published_pdl,38500,原本の下段(括弧書き): 公共工事設計労務単価+必要経費(法定福利費の事業主負担額、労務管理費、宿舎費等)(参考値),2014-02,2014-02-01,mlit-roumu-h26,p17(横長の表) / p7(縦長の表),https://www.mlit.go.jp/common/001026047.pdf,PDL1.0,,
f7198274a478a421,JP,labor,労務単価,土木一般世話役,所定労働時間内8時間あたり,人日,pref,06,山形県,,,,21200,JPY,labor_wage_8h,published_pdl,29800,原本の下段(括弧書き): 公共工事設計労務単価+必要経費(法定福利費の事業主負担額、労務管理費、宿舎費等)(参考値),2014-02,2014-02-01,mlit-roumu-h26,p17(横長の表) / p7(縦長の表),https://www.mlit.go.jp/common/001026047.pdf,PDL1.0,,
c7e6397162d88eb5,JP,labor,労務単価,高級船員,所定労働時間内8時間あたり,人日,pref,06,山形県,,,,23900,JPY,labor_wage_8h,published_pdl,33600,原本の下段(括弧書き): 公共工事設計労務単価+必要経費(法定福利費の事業主負担額、労務管理費、宿舎費等)(参考値),2014-02,2014-02-01,mlit-roumu-h26,p17(横長の表) / p7(縦長の表),https://www.mlit.go.jp/common/001026047.pdf,PDL1.0,,
53279e15209c2f5c,JP,labor,労務単価,普通船員,所定労働時間内8時間あたり,人日,pref,06,山形県,,,,19500,JPY,labor_wage_8h,published_pdl,27400,原本の下段(括弧書き): 公共工事設計労務単価+必要経費(法定福利費の事業主負担額、労務管理費、宿舎費等)(参考値),2014-02,2014-02-01,mlit-roumu-h26,p17(横長の表) / p7(縦長の表),https://www.mlit.go.jp/common/001026047.pdf,PDL1.0,,
2e40ef9ddfb6ac6b,JP,labor,労務単価,潜水士,所定労働時間内8時間あたり,人日,pref,06,山形県,,,,36200,JPY,labor_wage_8h,published_pdl,50900,原本の下段(括弧書き): 公共工事設計労務単価+必要経費(法定福利費の事業主負担額、労務管理費、宿舎費等)(参考値),2014-02,2014-02-01,mlit-roumu-h26,p17(横長の表) / p7(縦長の表),https://www.mlit.go.jp/common/001026047.pdf,PDL1.0,,
5a59864e689210c9,JP,labor,労務単価,潜水連絡員,所定労働時間内8時間あたり,人日,pref,06,山形県,,,,22300,JPY,labor_wage_8h,published_pdl,31400,原本の下段(括弧書き): 公共工事設計労務単価+必要経費(法定福利費の事業主負担額、労務管理費、宿舎費等)(参考値),2014-02,2014-02-01,mlit-roumu-h26,p17(横長の表) / p7(縦長の表),https://www.mlit.go.jp/common/001026047.pdf,PDL1.0,,
31b781461d2cf983,JP,labor,労務単価,潜水送気員,所定労働時間内8時間あたり,人日,pref,06,山形県,,,,22700,JPY,labor_wage_8h,published_pdl,31900,原本の下段(括弧書き): 公共工事設計労務単価+必要経費(法定福利費の事業主負担額、労務管理費、宿舎費等)(参考値),2014-02,2014-02-01,mlit-roumu-h26,p17(横長の表) / p7(縦長の表),https://www.mlit.go.jp/common/001026047.pdf,PDL1.0,,
aa1cecd19034365c,JP,labor,労務単価,山林砂防工,所定労働時間内8時間あたり,人日,pref,06,山形県,,,,,JPY,labor_wage_8h,not_set,,,2014-02,2014-02-01,mlit-roumu-h26,p17(横長の表) / p8(縦長の表),https://www.mlit.go.jp/common/001026047.pdf,PDL1.0,,原本の表で『-』(この都道府県ではこの職種の単価を設定していない)
aed8b82985895342,JP,labor,労務単価,軌道工,所定労働時間内8時間あたり,人日,pref,06,山形県,,,,22100,JPY,labor_wage_8h,published_pdl,31100,原本の下段(括弧書き): 公共工事設計労務単価+必要経費(法定福利費の事業主負担額、労務管理費、宿舎費等)(参考値),2014-02,2014-02-01,mlit-roumu-h26,p17(横長の表) / p8(縦長の表),https://www.mlit.go.jp/common/001026047.pdf,PDL1.0,,
fd1a748081880fbf,JP,labor,労務単価,型わく工,所定労働時間内8時間あたり,人日,pref,06,山形県,,,,19700,JPY,labor_wage_8h,published_pdl,27700,原本の下段(括弧書き): 公共工事設計労務単価+必要経費(法定福利費の事業主負担額、労務管理費、宿舎費等)(参考値),2014-02,2014-02-01,mlit-roumu-h26,p17(横長の表) / p8(縦長の表),https://www.mlit.go.jp/common/001026047.pdf,PDL1.0,,
d1c049c2d0f8a009,JP,labor,労務単価,大工,所定労働時間内8時間あたり,人日,pref,06,山形県,,,,18400,JPY,labor_wage_8h,published_pdl,25900,原本の下段(括弧書き): 公共工事設計労務単価+必要経費(法定福利費の事業主負担額、労務管理費、宿舎費等)(参考値),2014-02,2014-02-01,mlit-roumu-h26,p17(横長の表) / p8(縦長の表),https://www.mlit.go.jp/common/001026047.pdf,PDL1.0,,
f0a694a91d0a4f77,JP,labor,労務単価,左官,所定労働時間内8時間あたり,人日,pref,06,山形県,,,,19200,JPY,labor_wage_8h,published_pdl,27000,原本の下段(括弧書き): 公共工事設計労務単価+必要経費(法定福利費の事業主負担額、労務管理費、宿舎費等)(参考値),2014-02,2014-02-01,mlit-roumu-h26,p17(横長の表) / p8(縦長の表),https://www.mlit.go.jp/common/001026047.pdf,PDL1.0,,
707934e868ebdf94,JP,labor,労務単価,配管工,所定労働時間内8時間あたり,人日,pref,06,山形県,,,,18000,JPY,labor_wage_8h,published_pdl,25300,原本の下段(括弧書き): 公共工事設計労務単価+必要経費(法定福利費の事業主負担額、労務管理費、宿舎費等)(参考値),2014-02,2014-02-01,mlit-roumu-h26,p17(横長の表) / p8(縦長の表),https://www.mlit.go.jp/common/001026047.pdf,PDL1.0,,
d22e3a4369b13e7b,JP,labor,労務単価,はつり工,所定労働時間内8時間あたり,人日,pref,06,山形県,,,,17500,JPY,labor_wage_8h,published_pdl,24600,原本の下段(括弧書き): 公共工事設計労務単価+必要経費(法定福利費の事業主負担額、労務管理費、宿舎費等)(参考値),2014-02,2014-02-01,mlit-roumu-h26,p17(横長の表) / p8(縦長の表),https://www.mlit.go.jp/common/001026047.pdf,PDL1.0,,
c8c7bf64806daa58,JP,labor,労務単価,防水工,所定労働時間内8時間あたり,人日,pref,06,山形県,,,,19300,JPY,labor_wage_8h,published_pdl,27100,原本の下段(括弧書き): 公共工事設計労務単価+必要経費(法定福利費の事業主負担額、労務管理費、宿舎費等)(参考値),2014-02,2014-02-01,mlit-roumu-h26,p17(横長の表) / p8(縦長の表),https://www.mlit.go.jp/common/001026047.pdf,PDL1.0,,
ceb797f0e13f1525,JP,labor,労務単価,板金工,所定労働時間内8時間あたり,人日,pref,06,山形県,,,,18400,JPY,labor_wage_8h,published_pdl,25900,原本の下段(括弧書き): 公共工事設計労務単価+必要経費(法定福利費の事業主負担額、労務管理費、宿舎費等)(参考値),2014-02,2014-02-01,mlit-roumu-h26,p17(横長の表) / p8(縦長の表),https://www.mlit.go.jp/common/001026047.pdf,PDL1.0,,
f81c55250b4d72ed,JP,labor,労務単価,タイル工,所定労働時間内8時間あたり,人日,pref,06,山形県,,,,18000,JPY,labor_wage_8h,published_pdl,25300,原本の下段(括弧書き): 公共工事設計労務単価+必要経費(法定福利費の事業主負担額、労務管理費、宿舎費等)(参考値),2014-02,2014-02-01,mlit-roumu-h26,p17(横長の表) / p8(縦長の表),https://www.mlit.go.jp/common/001026047.pdf,PDL1.0,,
43a266f2ed922adf,JP,labor,労務単価,サッシ工,所定労働時間内8時間あたり,人日,pref,06,山形県,,,,19400,JPY,labor_wage_8h,published_pdl,27300,原本の下段(括弧書き): 公共工事設計労務単価+必要経費(法定福利費の事業主負担額、労務管理費、宿舎費等)(参考値),2014-02,2014-02-01,mlit-roumu-h26,p18(横長の表) / p9(縦長の表),https://www.mlit.go.jp/common/001026047.pdf,PDL1.0,,
b6f98a2184c3feee,JP,labor,労務単価,内装工,所定労働時間内8時間あたり,人日,pref,06,山形県,,,,18600,JPY,labor_wage_8h,published_pdl,26200,原本の下段(括弧書き): 公共工事設計労務単価+必要経費(法定福利費の事業主負担額、労務管理費、宿舎費等)(参考値),2014-02,2014-02-01,mlit-roumu-h26,p18(横長の表) / p9(縦長の表),https://www.mlit.go.jp/common/001026047.pdf,PDL1.0,,
ea788c976786626d,JP,labor,労務単価,ガラス工,所定労働時間内8時間あたり,人日,pref,06,山形県,,,,17000,JPY,labor_wage_8h,published_pdl,23900,原本の下段(括弧書き): 公共工事設計労務単価+必要経費(法定福利費の事業主負担額、労務管理費、宿舎費等)(参考値),2014-02,2014-02-01,mlit-roumu-h26,p18(横長の表) / p9(縦長の表),https://www.mlit.go.jp/common/001026047.pdf,PDL1.0,,
15ae9352551ead7d,JP,labor,労務単価,建具工,所定労働時間内8時間あたり,人日,pref,06,山形県,,,,15600,JPY,labor_wage_8h,published_pdl,21900,原本の下段(括弧書き): 公共工事設計労務単価+必要経費(法定福利費の事業主負担額、労務管理費、宿舎費等)(参考値),2014-02,2014-02-01,mlit-roumu-h26,p18(横長の表) / p9(縦長の表),https://www.mlit.go.jp/common/001026047.pdf,PDL1.0,,
308271d6575d5448,JP,labor,労務単価,ダクト工,所定労働時間内8時間あたり,人日,pref,06,山形県,,,,17300,JPY,labor_wage_8h,published_pdl,24300,原本の下段(括弧書き): 公共工事設計労務単価+必要経費(法定福利費の事業主負担額、労務管理費、宿舎費等)(参考値),2014-02,2014-02-01,mlit-roumu-h26,p18(横長の表) / p9(縦長の表),https://www.mlit.go.jp/common/001026047.pdf,PDL1.0,,
6b5b6e76cf3d2ce1,JP,labor,労務単価,保温工,所定労働時間内8時間あたり,人日,pref,06,山形県,,,,17600,JPY,labor_wage_8h,published_pdl,24700,原本の下段(括弧書き): 公共工事設計労務単価+必要経費(法定福利費の事業主負担額、労務管理費、宿舎費等)(参考値),2014-02,2014-02-01,mlit-roumu-h26,p18(横長の表) / p9(縦長の表),https://www.mlit.go.jp/common/001026047.pdf,PDL1.0,,
2cde2fd20271830a,JP,labor,労務単価,建築ブロック工,所定労働時間内8時間あたり,人日,pref,06,山形県,,,,16800,JPY,labor_wage_8h,published_pdl,23600,原本の下段(括弧書き): 公共工事設計労務単価+必要経費(法定福利費の事業主負担額、労務管理費、宿舎費等)(参考値),2014-02,2014-02-01,mlit-roumu-h26,p18(横長の表) / p9(縦長の表),https://www.mlit.go.jp/common/001026047.pdf,PDL1.0,,
c52670f265607564,JP,labor,労務単価,設備機械工,所定労働時間内8時間あたり,人日,pref,06,山形県,,,,17000,JPY,labor_wage_8h,published_pdl,23900,原本の下段(括弧書き): 公共工事設計労務単価+必要経費(法定福利費の事業主負担額、労務管理費、宿舎費等)(参考値),2014-02,2014-02-01,mlit-roumu-h26,p18(横長の表) / p9(縦長の表),https://www.mlit.go.jp/common/001026047.pdf,PDL1.0,,
2f3014bfcd852fed,JP,labor,労務単価,交通誘導警備員Ａ,所定労働時間内8時間あたり,人日,pref,06,山形県,,,,10500,JPY,labor_wage_8h,published_pdl,14800,原本の下段(括弧書き): 公共工事設計労務単価+必要経費(法定福利費の事業主負担額、労務管理費、宿舎費等)(参考値),2014-02,2014-02-01,mlit-roumu-h26,p18(横長の表) / p9(縦長の表),https://www.mlit.go.jp/common/001026047.pdf,PDL1.0,,
8e55635f73582150,JP,labor,労務単価,交通誘導警備員Ｂ,所定労働時間内8時間あたり,人日,pref,06,山形県,,,,9500,JPY,labor_wage_8h,published_pdl,13400,原本の下段(括弧書き): 公共工事設計労務単価+必要経費(法定福利費の事業主負担額、労務管理費、宿舎費等)(参考値),2014-02,2014-02-01,mlit-roumu-h26,p18(横長の表) / p9(縦長の表),https://www.mlit.go.jp/common/001026047.pdf,PDL1.0,,
8b650271edf213fa,JP,labor,労務単価,特殊作業員,所定労働時間内8時間あたり,人日,pref,07,福島県,,,,20600,JPY,labor_wage_8h,published_pdl,29000,原本の下段(括弧書き): 公共工事設計労務単価+必要経費(法定福利費の事業主負担額、労務管理費、宿舎費等)(参考値),2014-02,2014-02-01,mlit-roumu-h26,p16(横長の表) / p5(縦長の表),https://www.mlit.go.jp/common/001026047.pdf,PDL1.0,,原本の縦長の表で丸括弧書き。(注)岩手県、宮城県、福島県における単価括弧書きは、労務費の上昇に伴う入札不調の多発が認められるため、入札不調に対応した単価を採用している。
fc1682afcbe6c6b3,JP,labor,労務単価,普通作業員,所定労働時間内8時間あたり,人日,pref,07,福島県,,,,16000,JPY,labor_wage_8h,published_pdl,22500,原本の下段(括弧書き): 公共工事設計労務単価+必要経費(法定福利費の事業主負担額、労務管理費、宿舎費等)(参考値),2014-02,2014-02-01,mlit-roumu-h26,p16(横長の表) / p5(縦長の表),https://www.mlit.go.jp/common/001026047.pdf,PDL1.0,,原本の縦長の表で丸括弧書き。(注)岩手県、宮城県、福島県における単価括弧書きは、労務費の上昇に伴う入札不調の多発が認められるため、入札不調に対応した単価を採用している。
85571ebe59b62b51,JP,labor,労務単価,軽作業員,所定労働時間内8時間あたり,人日,pref,07,福島県,,,,13800,JPY,labor_wage_8h,published_pdl,19400,原本の下段(括弧書き): 公共工事設計労務単価+必要経費(法定福利費の事業主負担額、労務管理費、宿舎費等)(参考値),2014-02,2014-02-01,mlit-roumu-h26,p16(横長の表) / p5(縦長の表),https://www.mlit.go.jp/common/001026047.pdf,PDL1.0,,原本の縦長の表で丸括弧書き。(注)岩手県、宮城県、福島県における単価括弧書きは、労務費の上昇に伴う入札不調の多発が認められるため、入札不調に対応した単価を採用している。
62f78bea9d417dfa,JP,labor,労務単価,造園工,所定労働時間内8時間あたり,人日,pref,07,福島県,,,,17900,JPY,labor_wage_8h,published_pdl,25200,原本の下段(括弧書き): 公共工事設計労務単価+必要経費(法定福利費の事業主負担額、労務管理費、宿舎費等)(参考値),2014-02,2014-02-01,mlit-roumu-h26,p16(横長の表) / p5(縦長の表),https://www.mlit.go.jp/common/001026047.pdf,PDL1.0,,
b65ee5e4320482cf,JP,labor,労務単価,法面工,所定労働時間内8時間あたり,人日,pref,07,福島県,,,,20600,JPY,labor_wage_8h,published_pdl,29000,原本の下段(括弧書き): 公共工事設計労務単価+必要経費(法定福利費の事業主負担額、労務管理費、宿舎費等)(参考値),2014-02,2014-02-01,mlit-roumu-h26,p16(横長の表) / p5(縦長の表),https://www.mlit.go.jp/common/001026047.pdf,PDL1.0,,
2a232a55ba31eef9,JP,labor,労務単価,とび工,所定労働時間内8時間あたり,人日,pref,07,福島県,,,,19400,JPY,labor_wage_8h,published_pdl,27300,原本の下段(括弧書き): 公共工事設計労務単価+必要経費(法定福利費の事業主負担額、労務管理費、宿舎費等)(参考値),2014-02,2014-02-01,mlit-roumu-h26,p16(横長の表) / p5(縦長の表),https://www.mlit.go.jp/common/001026047.pdf,PDL1.0,,
a35295239c23b0ea,JP,labor,労務単価,石工,所定労働時間内8時間あたり,人日,pref,07,福島県,,,,22000,JPY,labor_wage_8h,published_pdl,30900,原本の下段(括弧書き): 公共工事設計労務単価+必要経費(法定福利費の事業主負担額、労務管理費、宿舎費等)(参考値),2014-02,2014-02-01,mlit-roumu-h26,p16(横長の表) / p5(縦長の表),https://www.mlit.go.jp/common/001026047.pdf,PDL1.0,,
8e5e8c33a37bc237,JP,labor,労務単価,ブロック工,所定労働時間内8時間あたり,人日,pref,07,福島県,,,,21200,JPY,labor_wage_8h,published_pdl,29800,原本の下段(括弧書き): 公共工事設計労務単価+必要経費(法定福利費の事業主負担額、労務管理費、宿舎費等)(参考値),2014-02,2014-02-01,mlit-roumu-h26,p16(横長の表) / p5(縦長の表),https://www.mlit.go.jp/common/001026047.pdf,PDL1.0,,
94c6423310fcfa60,JP,labor,労務単価,電工,所定労働時間内8時間あたり,人日,pref,07,福島県,,,,17700,JPY,labor_wage_8h,published_pdl,24900,原本の下段(括弧書き): 公共工事設計労務単価+必要経費(法定福利費の事業主負担額、労務管理費、宿舎費等)(参考値),2014-02,2014-02-01,mlit-roumu-h26,p16(横長の表) / p5(縦長の表),https://www.mlit.go.jp/common/001026047.pdf,PDL1.0,,
0fc9ef5c4954d8f8,JP,labor,労務単価,鉄筋工,所定労働時間内8時間あたり,人日,pref,07,福島県,,,,20200,JPY,labor_wage_8h,published_pdl,28400,原本の下段(括弧書き): 公共工事設計労務単価+必要経費(法定福利費の事業主負担額、労務管理費、宿舎費等)(参考値),2014-02,2014-02-01,mlit-roumu-h26,p16(横長の表) / p5(縦長の表),https://www.mlit.go.jp/common/001026047.pdf,PDL1.0,,
81d2899d4d1dd110,JP,labor,労務単価,鉄骨工,所定労働時間内8時間あたり,人日,pref,07,福島県,,,,18100,JPY,labor_wage_8h,published_pdl,25400,原本の下段(括弧書き): 公共工事設計労務単価+必要経費(法定福利費の事業主負担額、労務管理費、宿舎費等)(参考値),2014-02,2014-02-01,mlit-roumu-h26,p16(横長の表) / p6(縦長の表),https://www.mlit.go.jp/common/001026047.pdf,PDL1.0,,
c744d2b2da9cfe3c,JP,labor,労務単価,塗装工,所定労働時間内8時間あたり,人日,pref,07,福島県,,,,19400,JPY,labor_wage_8h,published_pdl,27300,原本の下段(括弧書き): 公共工事設計労務単価+必要経費(法定福利費の事業主負担額、労務管理費、宿舎費等)(参考値),2014-02,2014-02-01,mlit-roumu-h26,p16(横長の表) / p6(縦長の表),https://www.mlit.go.jp/common/001026047.pdf,PDL1.0,,
ac168dfd08686da7,JP,labor,労務単価,溶接工,所定労働時間内8時間あたり,人日,pref,07,福島県,,,,19400,JPY,labor_wage_8h,published_pdl,27300,原本の下段(括弧書き): 公共工事設計労務単価+必要経費(法定福利費の事業主負担額、労務管理費、宿舎費等)(参考値),2014-02,2014-02-01,mlit-roumu-h26,p16(横長の表) / p6(縦長の表),https://www.mlit.go.jp/common/001026047.pdf,PDL1.0,,
7c00db9e57ad3107,JP,labor,労務単価,運転手（特殊）,所定労働時間内8時間あたり,人日,pref,07,福島県,,,,19200,JPY,labor_wage_8h,published_pdl,27000,原本の下段(括弧書き): 公共工事設計労務単価+必要経費(法定福利費の事業主負担額、労務管理費、宿舎費等)(参考値),2014-02,2014-02-01,mlit-roumu-h26,p16(横長の表) / p6(縦長の表),https://www.mlit.go.jp/common/001026047.pdf,PDL1.0,,原本の縦長の表で丸括弧書き。(注)岩手県、宮城県、福島県における単価括弧書きは、労務費の上昇に伴う入札不調の多発が認められるため、入札不調に対応した単価を採用している。
a6193084b2236aa8,JP,labor,労務単価,運転手（一般）,所定労働時間内8時間あたり,人日,pref,07,福島県,,,,17300,JPY,labor_wage_8h,published_pdl,24300,原本の下段(括弧書き): 公共工事設計労務単価+必要経費(法定福利費の事業主負担額、労務管理費、宿舎費等)(参考値),2014-02,2014-02-01,mlit-roumu-h26,p16(横長の表) / p6(縦長の表),https://www.mlit.go.jp/common/001026047.pdf,PDL1.0,,原本の縦長の表で丸括弧書き。(注)岩手県、宮城県、福島県における単価括弧書きは、労務費の上昇に伴う入札不調の多発が認められるため、入札不調に対応した単価を採用している。
6a4925ae025156e1,JP,labor,労務単価,潜かん工,所定労働時間内8時間あたり,人日,pref,07,福島県,,,,26000,JPY,labor_wage_8h,published_pdl,36600,原本の下段(括弧書き): 公共工事設計労務単価+必要経費(法定福利費の事業主負担額、労務管理費、宿舎費等)(参考値),2014-02,2014-02-01,mlit-roumu-h26,p16(横長の表) / p6(縦長の表),https://www.mlit.go.jp/common/001026047.pdf,PDL1.0,,
9433604e2aea3864,JP,labor,労務単価,潜かん世話役,所定労働時間内8時間あたり,人日,pref,07,福島県,,,,30700,JPY,labor_wage_8h,published_pdl,43200,原本の下段(括弧書き): 公共工事設計労務単価+必要経費(法定福利費の事業主負担額、労務管理費、宿舎費等)(参考値),2014-02,2014-02-01,mlit-roumu-h26,p16(横長の表) / p6(縦長の表),https://www.mlit.go.jp/common/001026047.pdf,PDL1.0,,
a03c6a5c1afa86a6,JP,labor,労務単価,さく岩工,所定労働時間内8時間あたり,人日,pref,07,福島県,,,,21200,JPY,labor_wage_8h,published_pdl,29800,原本の下段(括弧書き): 公共工事設計労務単価+必要経費(法定福利費の事業主負担額、労務管理費、宿舎費等)(参考値),2014-02,2014-02-01,mlit-roumu-h26,p16(横長の表) / p6(縦長の表),https://www.mlit.go.jp/common/001026047.pdf,PDL1.0,,
074d3e47fda93a6c,JP,labor,労務単価,トンネル特殊工,所定労働時間内8時間あたり,人日,pref,07,福島県,,,,25100,JPY,labor_wage_8h,published_pdl,35300,原本の下段(括弧書き): 公共工事設計労務単価+必要経費(法定福利費の事業主負担額、労務管理費、宿舎費等)(参考値),2014-02,2014-02-01,mlit-roumu-h26,p16(横長の表) / p6(縦長の表),https://www.mlit.go.jp/common/001026047.pdf,PDL1.0,,
99098ff303d796fd,JP,labor,労務単価,トンネル作業員,所定労働時間内8時間あたり,人日,pref,07,福島県,,,,19600,JPY,labor_wage_8h,published_pdl,27600,原本の下段(括弧書き): 公共工事設計労務単価+必要経費(法定福利費の事業主負担額、労務管理費、宿舎費等)(参考値),2014-02,2014-02-01,mlit-roumu-h26,p16(横長の表) / p6(縦長の表),https://www.mlit.go.jp/common/001026047.pdf,PDL1.0,,
1f0892f9667170ca,JP,labor,労務単価,トンネル世話役,所定労働時間内8時間あたり,人日,pref,07,福島県,,,,27500,JPY,labor_wage_8h,published_pdl,38700,原本の下段(括弧書き): 公共工事設計労務単価+必要経費(法定福利費の事業主負担額、労務管理費、宿舎費等)(参考値),2014-02,2014-02-01,mlit-roumu-h26,p17(横長の表) / p7(縦長の表),https://www.mlit.go.jp/common/001026047.pdf,PDL1.0,,
f38dd126fe85df62,JP,labor,労務単価,橋りょう特殊工,所定労働時間内8時間あたり,人日,pref,07,福島県,,,,22500,JPY,labor_wage_8h,published_pdl,31600,原本の下段(括弧書き): 公共工事設計労務単価+必要経費(法定福利費の事業主負担額、労務管理費、宿舎費等)(参考値),2014-02,2014-02-01,mlit-roumu-h26,p17(横長の表) / p7(縦長の表),https://www.mlit.go.jp/common/001026047.pdf,PDL1.0,,
70551fcc252ed3dd,JP,labor,労務単価,橋りょう塗装工,所定労働時間内8時間あたり,人日,pref,07,福島県,,,,24100,JPY,labor_wage_8h,published_pdl,33900,原本の下段(括弧書き): 公共工事設計労務単価+必要経費(法定福利費の事業主負担額、労務管理費、宿舎費等)(参考値),2014-02,2014-02-01,mlit-roumu-h26,p17(横長の表) / p7(縦長の表),https://www.mlit.go.jp/common/001026047.pdf,PDL1.0,,
a30e08f9d7106ea6,JP,labor,労務単価,橋りょう世話役,所定労働時間内8時間あたり,人日,pref,07,福島県,,,,27600,JPY,labor_wage_8h,published_pdl,38800,原本の下段(括弧書き): 公共工事設計労務単価+必要経費(法定福利費の事業主負担額、労務管理費、宿舎費等)(参考値),2014-02,2014-02-01,mlit-roumu-h26,p17(横長の表) / p7(縦長の表),https://www.mlit.go.jp/common/001026047.pdf,PDL1.0,,
61106d0e5357155d,JP,labor,労務単価,土木一般世話役,所定労働時間内8時間あたり,人日,pref,07,福島県,,,,20000,JPY,labor_wage_8h,published_pdl,28100,原本の下段(括弧書き): 公共工事設計労務単価+必要経費(法定福利費の事業主負担額、労務管理費、宿舎費等)(参考値),2014-02,2014-02-01,mlit-roumu-h26,p17(横長の表) / p7(縦長の表),https://www.mlit.go.jp/common/001026047.pdf,PDL1.0,,
2d118291169197d0,JP,labor,労務単価,高級船員,所定労働時間内8時間あたり,人日,pref,07,福島県,,,,23900,JPY,labor_wage_8h,published_pdl,33600,原本の下段(括弧書き): 公共工事設計労務単価+必要経費(法定福利費の事業主負担額、労務管理費、宿舎費等)(参考値),2014-02,2014-02-01,mlit-roumu-h26,p17(横長の表) / p7(縦長の表),https://www.mlit.go.jp/common/001026047.pdf,PDL1.0,,
045438c3d3fa2d5f,JP,labor,労務単価,普通船員,所定労働時間内8時間あたり,人日,pref,07,福島県,,,,19500,JPY,labor_wage_8h,published_pdl,27400,原本の下段(括弧書き): 公共工事設計労務単価+必要経費(法定福利費の事業主負担額、労務管理費、宿舎費等)(参考値),2014-02,2014-02-01,mlit-roumu-h26,p17(横長の表) / p7(縦長の表),https://www.mlit.go.jp/common/001026047.pdf,PDL1.0,,
4246813684c7ecf3,JP,labor,労務単価,潜水士,所定労働時間内8時間あたり,人日,pref,07,福島県,,,,36400,JPY,labor_wage_8h,published_pdl,51200,原本の下段(括弧書き): 公共工事設計労務単価+必要経費(法定福利費の事業主負担額、労務管理費、宿舎費等)(参考値),2014-02,2014-02-01,mlit-roumu-h26,p17(横長の表) / p7(縦長の表),https://www.mlit.go.jp/common/001026047.pdf,PDL1.0,,
114c0dc67b0b0797,JP,labor,労務単価,潜水連絡員,所定労働時間内8時間あたり,人日,pref,07,福島県,,,,22500,JPY,labor_wage_8h,published_pdl,31600,原本の下段(括弧書き): 公共工事設計労務単価+必要経費(法定福利費の事業主負担額、労務管理費、宿舎費等)(参考値),2014-02,2014-02-01,mlit-roumu-h26,p17(横長の表) / p7(縦長の表),https://www.mlit.go.jp/common/001026047.pdf,PDL1.0,,
9c42bd6cc12c3b8b,JP,labor,労務単価,潜水送気員,所定労働時間内8時間あたり,人日,pref,07,福島県,,,,23000,JPY,labor_wage_8h,published_pdl,32300,原本の下段(括弧書き): 公共工事設計労務単価+必要経費(法定福利費の事業主負担額、労務管理費、宿舎費等)(参考値),2014-02,2014-02-01,mlit-roumu-h26,p17(横長の表) / p7(縦長の表),https://www.mlit.go.jp/common/001026047.pdf,PDL1.0,,
d494cac95c67f4b8,JP,labor,労務単価,山林砂防工,所定労働時間内8時間あたり,人日,pref,07,福島県,,,,,JPY,labor_wage_8h,not_set,,,2014-02,2014-02-01,mlit-roumu-h26,p17(横長の表) / p8(縦長の表),https://www.mlit.go.jp/common/001026047.pdf,PDL1.0,,原本の表で『-』(この都道府県ではこの職種の単価を設定していない)
9fcfdbf832343a86,JP,labor,労務単価,軌道工,所定労働時間内8時間あたり,人日,pref,07,福島県,,,,28200,JPY,labor_wage_8h,published_pdl,39600,原本の下段(括弧書き): 公共工事設計労務単価+必要経費(法定福利費の事業主負担額、労務管理費、宿舎費等)(参考値),2014-02,2014-02-01,mlit-roumu-h26,p17(横長の表) / p8(縦長の表),https://www.mlit.go.jp/common/001026047.pdf,PDL1.0,,
17f2c4f6320dd1ab,JP,labor,労務単価,型わく工,所定労働時間内8時間あたり,人日,pref,07,福島県,,,,18500,JPY,labor_wage_8h,published_pdl,26000,原本の下段(括弧書き): 公共工事設計労務単価+必要経費(法定福利費の事業主負担額、労務管理費、宿舎費等)(参考値),2014-02,2014-02-01,mlit-roumu-h26,p17(横長の表) / p8(縦長の表),https://www.mlit.go.jp/common/001026047.pdf,PDL1.0,,
2e649003cdfd1586,JP,labor,労務単価,大工,所定労働時間内8時間あたり,人日,pref,07,福島県,,,,20600,JPY,labor_wage_8h,published_pdl,29000,原本の下段(括弧書き): 公共工事設計労務単価+必要経費(法定福利費の事業主負担額、労務管理費、宿舎費等)(参考値),2014-02,2014-02-01,mlit-roumu-h26,p17(横長の表) / p8(縦長の表),https://www.mlit.go.jp/common/001026047.pdf,PDL1.0,,
8910d1e089abab27,JP,labor,労務単価,左官,所定労働時間内8時間あたり,人日,pref,07,福島県,,,,19400,JPY,labor_wage_8h,published_pdl,27300,原本の下段(括弧書き): 公共工事設計労務単価+必要経費(法定福利費の事業主負担額、労務管理費、宿舎費等)(参考値),2014-02,2014-02-01,mlit-roumu-h26,p17(横長の表) / p8(縦長の表),https://www.mlit.go.jp/common/001026047.pdf,PDL1.0,,
a5002fc491889fa8,JP,labor,労務単価,配管工,所定労働時間内8時間あたり,人日,pref,07,福島県,,,,18400,JPY,labor_wage_8h,published_pdl,25900,原本の下段(括弧書き): 公共工事設計労務単価+必要経費(法定福利費の事業主負担額、労務管理費、宿舎費等)(参考値),2014-02,2014-02-01,mlit-roumu-h26,p17(横長の表) / p8(縦長の表),https://www.mlit.go.jp/common/001026047.pdf,PDL1.0,,
5dc88bceac13064a,JP,labor,労務単価,はつり工,所定労働時間内8時間あたり,人日,pref,07,福島県,,,,17600,JPY,labor_wage_8h,published_pdl,24700,原本の下段(括弧書き): 公共工事設計労務単価+必要経費(法定福利費の事業主負担額、労務管理費、宿舎費等)(参考値),2014-02,2014-02-01,mlit-roumu-h26,p17(横長の表) / p8(縦長の表),https://www.mlit.go.jp/common/001026047.pdf,PDL1.0,,
7b94bb8be8d84771,JP,labor,労務単価,防水工,所定労働時間内8時間あたり,人日,pref,07,福島県,,,,19200,JPY,labor_wage_8h,published_pdl,27000,原本の下段(括弧書き): 公共工事設計労務単価+必要経費(法定福利費の事業主負担額、労務管理費、宿舎費等)(参考値),2014-02,2014-02-01,mlit-roumu-h26,p17(横長の表) / p8(縦長の表),https://www.mlit.go.jp/common/001026047.pdf,PDL1.0,,
f5fd83b2834d060d,JP,labor,労務単価,板金工,所定労働時間内8時間あたり,人日,pref,07,福島県,,,,18900,JPY,labor_wage_8h,published_pdl,26600,原本の下段(括弧書き): 公共工事設計労務単価+必要経費(法定福利費の事業主負担額、労務管理費、宿舎費等)(参考値),2014-02,2014-02-01,mlit-roumu-h26,p17(横長の表) / p8(縦長の表),https://www.mlit.go.jp/common/001026047.pdf,PDL1.0,,
872ee648e29679b0,JP,labor,労務単価,タイル工,所定労働時間内8時間あたり,人日,pref,07,福島県,,,,19800,JPY,labor_wage_8h,published_pdl,27800,原本の下段(括弧書き): 公共工事設計労務単価+必要経費(法定福利費の事業主負担額、労務管理費、宿舎費等)(参考値),2014-02,2014-02-01,mlit-roumu-h26,p17(横長の表) / p8(縦長の表),https://www.mlit.go.jp/common/001026047.pdf,PDL1.0,,
5d9c282e01ba22e1,JP,labor,労務単価,サッシ工,所定労働時間内8時間あたり,人日,pref,07,福島県,,,,20000,JPY,labor_wage_8h,published_pdl,28100,原本の下段(括弧書き): 公共工事設計労務単価+必要経費(法定福利費の事業主負担額、労務管理費、宿舎費等)(参考値),2014-02,2014-02-01,mlit-roumu-h26,p18(横長の表) / p9(縦長の表),https://www.mlit.go.jp/common/001026047.pdf,PDL1.0,,
0e2a2b1eb50d3677,JP,labor,労務単価,内装工,所定労働時間内8時間あたり,人日,pref,07,福島県,,,,19200,JPY,labor_wage_8h,published_pdl,27000,原本の下段(括弧書き): 公共工事設計労務単価+必要経費(法定福利費の事業主負担額、労務管理費、宿舎費等)(参考値),2014-02,2014-02-01,mlit-roumu-h26,p18(横長の表) / p9(縦長の表),https://www.mlit.go.jp/common/001026047.pdf,PDL1.0,,
63d8c1a9f943adf7,JP,labor,労務単価,ガラス工,所定労働時間内8時間あたり,人日,pref,07,福島県,,,,17000,JPY,labor_wage_8h,published_pdl,23900,原本の下段(括弧書き): 公共工事設計労務単価+必要経費(法定福利費の事業主負担額、労務管理費、宿舎費等)(参考値),2014-02,2014-02-01,mlit-roumu-h26,p18(横長の表) / p9(縦長の表),https://www.mlit.go.jp/common/001026047.pdf,PDL1.0,,
76234afa344d8ce2,JP,labor,労務単価,建具工,所定労働時間内8時間あたり,人日,pref,07,福島県,,,,15100,JPY,labor_wage_8h,published_pdl,21200,原本の下段(括弧書き): 公共工事設計労務単価+必要経費(法定福利費の事業主負担額、労務管理費、宿舎費等)(参考値),2014-02,2014-02-01,mlit-roumu-h26,p18(横長の表) / p9(縦長の表),https://www.mlit.go.jp/common/001026047.pdf,PDL1.0,,
bf045272bfb6854b,JP,labor,労務単価,ダクト工,所定労働時間内8時間あたり,人日,pref,07,福島県,,,,17000,JPY,labor_wage_8h,published_pdl,23900,原本の下段(括弧書き): 公共工事設計労務単価+必要経費(法定福利費の事業主負担額、労務管理費、宿舎費等)(参考値),2014-02,2014-02-01,mlit-roumu-h26,p18(横長の表) / p9(縦長の表),https://www.mlit.go.jp/common/001026047.pdf,PDL1.0,,
6caed5d9ebfa0f2f,JP,labor,労務単価,保温工,所定労働時間内8時間あたり,人日,pref,07,福島県,,,,17500,JPY,labor_wage_8h,published_pdl,24600,原本の下段(括弧書き): 公共工事設計労務単価+必要経費(法定福利費の事業主負担額、労務管理費、宿舎費等)(参考値),2014-02,2014-02-01,mlit-roumu-h26,p18(横長の表) / p9(縦長の表),https://www.mlit.go.jp/common/001026047.pdf,PDL1.0,,
8b07093c012c4031,JP,labor,労務単価,建築ブロック工,所定労働時間内8時間あたり,人日,pref,07,福島県,,,,16200,JPY,labor_wage_8h,published_pdl,22800,原本の下段(括弧書き): 公共工事設計労務単価+必要経費(法定福利費の事業主負担額、労務管理費、宿舎費等)(参考値),2014-02,2014-02-01,mlit-roumu-h26,p18(横長の表) / p9(縦長の表),https://www.mlit.go.jp/common/001026047.pdf,PDL1.0,,
f0d5d589ae5d2d44,JP,labor,労務単価,設備機械工,所定労働時間内8時間あたり,人日,pref,07,福島県,,,,18100,JPY,labor_wage_8h,published_pdl,25400,原本の下段(括弧書き): 公共工事設計労務単価+必要経費(法定福利費の事業主負担額、労務管理費、宿舎費等)(参考値),2014-02,2014-02-01,mlit-roumu-h26,p18(横長の表) / p9(縦長の表),https://www.mlit.go.jp/common/001026047.pdf,PDL1.0,,
f42a7f50d2f59f64,JP,labor,労務単価,交通誘導警備員Ａ,所定労働時間内8時間あたり,人日,pref,07,福島県,,,,11300,JPY,labor_wage_8h,published_pdl,15900,原本の下段(括弧書き): 公共工事設計労務単価+必要経費(法定福利費の事業主負担額、労務管理費、宿舎費等)(参考値),2014-02,2014-02-01,mlit-roumu-h26,p18(横長の表) / p9(縦長の表),https://www.mlit.go.jp/common/001026047.pdf,PDL1.0,,原本の縦長の表で丸括弧書き。(注)岩手県、宮城県、福島県における単価括弧書きは、労務費の上昇に伴う入札不調の多発が認められるため、入札不調に対応した単価を採用している。
bcffd12966c4c2db,JP,labor,労務単価,交通誘導警備員Ｂ,所定労働時間内8時間あたり,人日,pref,07,福島県,,,,10200,JPY,labor_wage_8h,published_pdl,14300,原本の下段(括弧書き): 公共工事設計労務単価+必要経費(法定福利費の事業主負担額、労務管理費、宿舎費等)(参考値),2014-02,2014-02-01,mlit-roumu-h26,p18(横長の表) / p9(縦長の表),https://www.mlit.go.jp/common/001026047.pdf,PDL1.0,,原本の縦長の表で丸括弧書き。(注)岩手県、宮城県、福島県における単価括弧書きは、労務費の上昇に伴う入札不調の多発が認められるため、入札不調に対応した単価を採用している。
7b45472d3ae7f877,JP,labor,労務単価,特殊作業員,所定労働時間内8時間あたり,人日,pref,08,茨城県,,,,19000,JPY,labor_wage_8h,published_pdl,26700,原本の下段(括弧書き): 公共工事設計労務単価+必要経費(法定福利費の事業主負担額、労務管理費、宿舎費等)(参考値),2014-02,2014-02-01,mlit-roumu-h26,p16(横長の表) / p5(縦長の表),https://www.mlit.go.jp/common/001026047.pdf,PDL1.0,,
b2744c88a293eb39,JP,labor,労務単価,普通作業員,所定労働時間内8時間あたり,人日,pref,08,茨城県,,,,16900,JPY,labor_wage_8h,published_pdl,23800,原本の下段(括弧書き): 公共工事設計労務単価+必要経費(法定福利費の事業主負担額、労務管理費、宿舎費等)(参考値),2014-02,2014-02-01,mlit-roumu-h26,p16(横長の表) / p5(縦長の表),https://www.mlit.go.jp/common/001026047.pdf,PDL1.0,,
a14df6a6caf5ed5b,JP,labor,労務単価,軽作業員,所定労働時間内8時間あたり,人日,pref,08,茨城県,,,,11900,JPY,labor_wage_8h,published_pdl,16700,原本の下段(括弧書き): 公共工事設計労務単価+必要経費(法定福利費の事業主負担額、労務管理費、宿舎費等)(参考値),2014-02,2014-02-01,mlit-roumu-h26,p16(横長の表) / p5(縦長の表),https://www.mlit.go.jp/common/001026047.pdf,PDL1.0,,
ee561c040ebbe835,JP,labor,労務単価,造園工,所定労働時間内8時間あたり,人日,pref,08,茨城県,,,,19100,JPY,labor_wage_8h,published_pdl,26900,原本の下段(括弧書き): 公共工事設計労務単価+必要経費(法定福利費の事業主負担額、労務管理費、宿舎費等)(参考値),2014-02,2014-02-01,mlit-roumu-h26,p16(横長の表) / p5(縦長の表),https://www.mlit.go.jp/common/001026047.pdf,PDL1.0,,
34efc942060f35fa,JP,labor,労務単価,法面工,所定労働時間内8時間あたり,人日,pref,08,茨城県,,,,21100,JPY,labor_wage_8h,published_pdl,29700,原本の下段(括弧書き): 公共工事設計労務単価+必要経費(法定福利費の事業主負担額、労務管理費、宿舎費等)(参考値),2014-02,2014-02-01,mlit-roumu-h26,p16(横長の表) / p5(縦長の表),https://www.mlit.go.jp/common/001026047.pdf,PDL1.0,,
c1a0e91dce59ac82,JP,labor,労務単価,とび工,所定労働時間内8時間あたり,人日,pref,08,茨城県,,,,22300,JPY,labor_wage_8h,published_pdl,31400,原本の下段(括弧書き): 公共工事設計労務単価+必要経費(法定福利費の事業主負担額、労務管理費、宿舎費等)(参考値),2014-02,2014-02-01,mlit-roumu-h26,p16(横長の表) / p5(縦長の表),https://www.mlit.go.jp/common/001026047.pdf,PDL1.0,,
c64209f6eb5098d9,JP,labor,労務単価,石工,所定労働時間内8時間あたり,人日,pref,08,茨城県,,,,24200,JPY,labor_wage_8h,published_pdl,34000,原本の下段(括弧書き): 公共工事設計労務単価+必要経費(法定福利費の事業主負担額、労務管理費、宿舎費等)(参考値),2014-02,2014-02-01,mlit-roumu-h26,p16(横長の表) / p5(縦長の表),https://www.mlit.go.jp/common/001026047.pdf,PDL1.0,,
cce3d43ac46e1791,JP,labor,労務単価,ブロック工,所定労働時間内8時間あたり,人日,pref,08,茨城県,,,,22400,JPY,labor_wage_8h,published_pdl,31500,原本の下段(括弧書き): 公共工事設計労務単価+必要経費(法定福利費の事業主負担額、労務管理費、宿舎費等)(参考値),2014-02,2014-02-01,mlit-roumu-h26,p16(横長の表) / p5(縦長の表),https://www.mlit.go.jp/common/001026047.pdf,PDL1.0,,
fb2c6b265382b668,JP,labor,労務単価,電工,所定労働時間内8時間あたり,人日,pref,08,茨城県,,,,19200,JPY,labor_wage_8h,published_pdl,27000,原本の下段(括弧書き): 公共工事設計労務単価+必要経費(法定福利費の事業主負担額、労務管理費、宿舎費等)(参考値),2014-02,2014-02-01,mlit-roumu-h26,p16(横長の表) / p5(縦長の表),https://www.mlit.go.jp/common/001026047.pdf,PDL1.0,,
640cec0e5ce5e81a,JP,labor,労務単価,鉄筋工,所定労働時間内8時間あたり,人日,pref,08,茨城県,,,,22000,JPY,labor_wage_8h,published_pdl,30900,原本の下段(括弧書き): 公共工事設計労務単価+必要経費(法定福利費の事業主負担額、労務管理費、宿舎費等)(参考値),2014-02,2014-02-01,mlit-roumu-h26,p16(横長の表) / p5(縦長の表),https://www.mlit.go.jp/common/001026047.pdf,PDL1.0,,
2df1bf2a8ec02d75,JP,labor,労務単価,鉄骨工,所定労働時間内8時間あたり,人日,pref,08,茨城県,,,,20500,JPY,labor_wage_8h,published_pdl,28800,原本の下段(括弧書き): 公共工事設計労務単価+必要経費(法定福利費の事業主負担額、労務管理費、宿舎費等)(参考値),2014-02,2014-02-01,mlit-roumu-h26,p16(横長の表) / p6(縦長の表),https://www.mlit.go.jp/common/001026047.pdf,PDL1.0,,
7cd08267e17e7f93,JP,labor,労務単価,塗装工,所定労働時間内8時間あたり,人日,pref,08,茨城県,,,,21800,JPY,labor_wage_8h,published_pdl,30700,原本の下段(括弧書き): 公共工事設計労務単価+必要経費(法定福利費の事業主負担額、労務管理費、宿舎費等)(参考値),2014-02,2014-02-01,mlit-roumu-h26,p16(横長の表) / p6(縦長の表),https://www.mlit.go.jp/common/001026047.pdf,PDL1.0,,
d5c0db7e11b03f9e,JP,labor,労務単価,溶接工,所定労働時間内8時間あたり,人日,pref,08,茨城県,,,,24600,JPY,labor_wage_8h,published_pdl,34600,原本の下段(括弧書き): 公共工事設計労務単価+必要経費(法定福利費の事業主負担額、労務管理費、宿舎費等)(参考値),2014-02,2014-02-01,mlit-roumu-h26,p16(横長の表) / p6(縦長の表),https://www.mlit.go.jp/common/001026047.pdf,PDL1.0,,
99d38274876129ec,JP,labor,労務単価,運転手（特殊）,所定労働時間内8時間あたり,人日,pref,08,茨城県,,,,20600,JPY,labor_wage_8h,published_pdl,29000,原本の下段(括弧書き): 公共工事設計労務単価+必要経費(法定福利費の事業主負担額、労務管理費、宿舎費等)(参考値),2014-02,2014-02-01,mlit-roumu-h26,p16(横長の表) / p6(縦長の表),https://www.mlit.go.jp/common/001026047.pdf,PDL1.0,,
f8e3db140e0909c9,JP,labor,労務単価,運転手（一般）,所定労働時間内8時間あたり,人日,pref,08,茨城県,,,,17000,JPY,labor_wage_8h,published_pdl,23900,原本の下段(括弧書き): 公共工事設計労務単価+必要経費(法定福利費の事業主負担額、労務管理費、宿舎費等)(参考値),2014-02,2014-02-01,mlit-roumu-h26,p16(横長の表) / p6(縦長の表),https://www.mlit.go.jp/common/001026047.pdf,PDL1.0,,
38c591fbbdd02ef3,JP,labor,労務単価,潜かん工,所定労働時間内8時間あたり,人日,pref,08,茨城県,,,,25900,JPY,labor_wage_8h,published_pdl,36400,原本の下段(括弧書き): 公共工事設計労務単価+必要経費(法定福利費の事業主負担額、労務管理費、宿舎費等)(参考値),2014-02,2014-02-01,mlit-roumu-h26,p16(横長の表) / p6(縦長の表),https://www.mlit.go.jp/common/001026047.pdf,PDL1.0,,
d12756ad63adeddd,JP,labor,労務単価,潜かん世話役,所定労働時間内8時間あたり,人日,pref,08,茨城県,,,,30700,JPY,labor_wage_8h,published_pdl,43200,原本の下段(括弧書き): 公共工事設計労務単価+必要経費(法定福利費の事業主負担額、労務管理費、宿舎費等)(参考値),2014-02,2014-02-01,mlit-roumu-h26,p16(横長の表) / p6(縦長の表),https://www.mlit.go.jp/common/001026047.pdf,PDL1.0,,
089ac52b6191f84f,JP,labor,労務単価,さく岩工,所定労働時間内8時間あたり,人日,pref,08,茨城県,,,,23500,JPY,labor_wage_8h,published_pdl,33000,原本の下段(括弧書き): 公共工事設計労務単価+必要経費(法定福利費の事業主負担額、労務管理費、宿舎費等)(参考値),2014-02,2014-02-01,mlit-roumu-h26,p16(横長の表) / p6(縦長の表),https://www.mlit.go.jp/common/001026047.pdf,PDL1.0,,
a1624bb0cd5d30a5,JP,labor,労務単価,トンネル特殊工,所定労働時間内8時間あたり,人日,pref,08,茨城県,,,,24900,JPY,labor_wage_8h,published_pdl,35000,原本の下段(括弧書き): 公共工事設計労務単価+必要経費(法定福利費の事業主負担額、労務管理費、宿舎費等)(参考値),2014-02,2014-02-01,mlit-roumu-h26,p16(横長の表) / p6(縦長の表),https://www.mlit.go.jp/common/001026047.pdf,PDL1.0,,
32406bdad867d64d,JP,labor,労務単価,トンネル作業員,所定労働時間内8時間あたり,人日,pref,08,茨城県,,,,21100,JPY,labor_wage_8h,published_pdl,29700,原本の下段(括弧書き): 公共工事設計労務単価+必要経費(法定福利費の事業主負担額、労務管理費、宿舎費等)(参考値),2014-02,2014-02-01,mlit-roumu-h26,p16(横長の表) / p6(縦長の表),https://www.mlit.go.jp/common/001026047.pdf,PDL1.0,,
e9c75737e14071d3,JP,labor,労務単価,トンネル世話役,所定労働時間内8時間あたり,人日,pref,08,茨城県,,,,27800,JPY,labor_wage_8h,published_pdl,39100,原本の下段(括弧書き): 公共工事設計労務単価+必要経費(法定福利費の事業主負担額、労務管理費、宿舎費等)(参考値),2014-02,2014-02-01,mlit-roumu-h26,p17(横長の表) / p7(縦長の表),https://www.mlit.go.jp/common/001026047.pdf,PDL1.0,,
75164df2c0206720,JP,labor,労務単価,橋りょう特殊工,所定労働時間内8時間あたり,人日,pref,08,茨城県,,,,25900,JPY,labor_wage_8h,published_pdl,36400,原本の下段(括弧書き): 公共工事設計労務単価+必要経費(法定福利費の事業主負担額、労務管理費、宿舎費等)(参考値),2014-02,2014-02-01,mlit-roumu-h26,p17(横長の表) / p7(縦長の表),https://www.mlit.go.jp/common/001026047.pdf,PDL1.0,,
474dcaeb6b843864,JP,labor,労務単価,橋りょう塗装工,所定労働時間内8時間あたり,人日,pref,08,茨城県,,,,27000,JPY,labor_wage_8h,published_pdl,38000,原本の下段(括弧書き): 公共工事設計労務単価+必要経費(法定福利費の事業主負担額、労務管理費、宿舎費等)(参考値),2014-02,2014-02-01,mlit-roumu-h26,p17(横長の表) / p7(縦長の表),https://www.mlit.go.jp/common/001026047.pdf,PDL1.0,,
03c1228f9a499ed2,JP,labor,労務単価,橋りょう世話役,所定労働時間内8時間あたり,人日,pref,08,茨城県,,,,29000,JPY,labor_wage_8h,published_pdl,40800,原本の下段(括弧書き): 公共工事設計労務単価+必要経費(法定福利費の事業主負担額、労務管理費、宿舎費等)(参考値),2014-02,2014-02-01,mlit-roumu-h26,p17(横長の表) / p7(縦長の表),https://www.mlit.go.jp/common/001026047.pdf,PDL1.0,,
cd30867d29878782,JP,labor,労務単価,土木一般世話役,所定労働時間内8時間あたり,人日,pref,08,茨城県,,,,21400,JPY,labor_wage_8h,published_pdl,30100,原本の下段(括弧書き): 公共工事設計労務単価+必要経費(法定福利費の事業主負担額、労務管理費、宿舎費等)(参考値),2014-02,2014-02-01,mlit-roumu-h26,p17(横長の表) / p7(縦長の表),https://www.mlit.go.jp/common/001026047.pdf,PDL1.0,,
0807e7ed0442aa43,JP,labor,労務単価,高級船員,所定労働時間内8時間あたり,人日,pref,08,茨城県,,,,27200,JPY,labor_wage_8h,published_pdl,38200,原本の下段(括弧書き): 公共工事設計労務単価+必要経費(法定福利費の事業主負担額、労務管理費、宿舎費等)(参考値),2014-02,2014-02-01,mlit-roumu-h26,p17(横長の表) / p7(縦長の表),https://www.mlit.go.jp/common/001026047.pdf,PDL1.0,,
4a128c666ad3be14,JP,labor,労務単価,普通船員,所定労働時間内8時間あたり,人日,pref,08,茨城県,,,,21300,JPY,labor_wage_8h,published_pdl,29900,原本の下段(括弧書き): 公共工事設計労務単価+必要経費(法定福利費の事業主負担額、労務管理費、宿舎費等)(参考値),2014-02,2014-02-01,mlit-roumu-h26,p17(横長の表) / p7(縦長の表),https://www.mlit.go.jp/common/001026047.pdf,PDL1.0,,
3f33c1db5b863f63,JP,labor,労務単価,潜水士,所定労働時間内8時間あたり,人日,pref,08,茨城県,,,,33100,JPY,labor_wage_8h,published_pdl,46500,原本の下段(括弧書き): 公共工事設計労務単価+必要経費(法定福利費の事業主負担額、労務管理費、宿舎費等)(参考値),2014-02,2014-02-01,mlit-roumu-h26,p17(横長の表) / p7(縦長の表),https://www.mlit.go.jp/common/001026047.pdf,PDL1.0,,
2191cb29fdb9ff40,JP,labor,労務単価,潜水連絡員,所定労働時間内8時間あたり,人日,pref,08,茨城県,,,,21200,JPY,labor_wage_8h,published_pdl,29800,原本の下段(括弧書き): 公共工事設計労務単価+必要経費(法定福利費の事業主負担額、労務管理費、宿舎費等)(参考値),2014-02,2014-02-01,mlit-roumu-h26,p17(横長の表) / p7(縦長の表),https://www.mlit.go.jp/common/001026047.pdf,PDL1.0,,
072eeb71cba3e028,JP,labor,労務単価,潜水送気員,所定労働時間内8時間あたり,人日,pref,08,茨城県,,,,23200,JPY,labor_wage_8h,published_pdl,32600,原本の下段(括弧書き): 公共工事設計労務単価+必要経費(法定福利費の事業主負担額、労務管理費、宿舎費等)(参考値),2014-02,2014-02-01,mlit-roumu-h26,p17(横長の表) / p7(縦長の表),https://www.mlit.go.jp/common/001026047.pdf,PDL1.0,,
f8fb7ad6e5d6cae6,JP,labor,労務単価,山林砂防工,所定労働時間内8時間あたり,人日,pref,08,茨城県,,,,25200,JPY,labor_wage_8h,published_pdl,35400,原本の下段(括弧書き): 公共工事設計労務単価+必要経費(法定福利費の事業主負担額、労務管理費、宿舎費等)(参考値),2014-02,2014-02-01,mlit-roumu-h26,p17(横長の表) / p8(縦長の表),https://www.mlit.go.jp/common/001026047.pdf,PDL1.0,,
a10ccbbcc666a259,JP,labor,労務単価,軌道工,所定労働時間内8時間あたり,人日,pref,08,茨城県,,,,39500,JPY,labor_wage_8h,published_pdl,55500,原本の下段(括弧書き): 公共工事設計労務単価+必要経費(法定福利費の事業主負担額、労務管理費、宿舎費等)(参考値),2014-02,2014-02-01,mlit-roumu-h26,p17(横長の表) / p8(縦長の表),https://www.mlit.go.jp/common/001026047.pdf,PDL1.0,,
f9b3b2fd98453954,JP,labor,労務単価,型わく工,所定労働時間内8時間あたり,人日,pref,08,茨城県,,,,21700,JPY,labor_wage_8h,published_pdl,30500,原本の下段(括弧書き): 公共工事設計労務単価+必要経費(法定福利費の事業主負担額、労務管理費、宿舎費等)(参考値),2014-02,2014-02-01,mlit-roumu-h26,p17(横長の表) / p8(縦長の表),https://www.mlit.go.jp/common/001026047.pdf,PDL1.0,,
c10d5b22535876cc,JP,labor,労務単価,大工,所定労働時間内8時間あたり,人日,pref,08,茨城県,,,,22600,JPY,labor_wage_8h,published_pdl,31800,原本の下段(括弧書き): 公共工事設計労務単価+必要経費(法定福利費の事業主負担額、労務管理費、宿舎費等)(参考値),2014-02,2014-02-01,mlit-roumu-h26,p17(横長の表) / p8(縦長の表),https://www.mlit.go.jp/common/001026047.pdf,PDL1.0,,
b97dd030a00332e1,JP,labor,労務単価,左官,所定労働時間内8時間あたり,人日,pref,08,茨城県,,,,23200,JPY,labor_wage_8h,published_pdl,32600,原本の下段(括弧書き): 公共工事設計労務単価+必要経費(法定福利費の事業主負担額、労務管理費、宿舎費等)(参考値),2014-02,2014-02-01,mlit-roumu-h26,p17(横長の表) / p8(縦長の表),https://www.mlit.go.jp/common/001026047.pdf,PDL1.0,,
f1d61b5a9f8db633,JP,labor,労務単価,配管工,所定労働時間内8時間あたり,人日,pref,08,茨城県,,,,19700,JPY,labor_wage_8h,published_pdl,27700,原本の下段(括弧書き): 公共工事設計労務単価+必要経費(法定福利費の事業主負担額、労務管理費、宿舎費等)(参考値),2014-02,2014-02-01,mlit-roumu-h26,p17(横長の表) / p8(縦長の表),https://www.mlit.go.jp/common/001026047.pdf,PDL1.0,,
f0692ab4e15dfbbb,JP,labor,労務単価,はつり工,所定労働時間内8時間あたり,人日,pref,08,茨城県,,,,20800,JPY,labor_wage_8h,published_pdl,29200,原本の下段(括弧書き): 公共工事設計労務単価+必要経費(法定福利費の事業主負担額、労務管理費、宿舎費等)(参考値),2014-02,2014-02-01,mlit-roumu-h26,p17(横長の表) / p8(縦長の表),https://www.mlit.go.jp/common/001026047.pdf,PDL1.0,,
38dbf72549f71842,JP,labor,労務単価,防水工,所定労働時間内8時間あたり,人日,pref,08,茨城県,,,,23400,JPY,labor_wage_8h,published_pdl,32900,原本の下段(括弧書き): 公共工事設計労務単価+必要経費(法定福利費の事業主負担額、労務管理費、宿舎費等)(参考値),2014-02,2014-02-01,mlit-roumu-h26,p17(横長の表) / p8(縦長の表),https://www.mlit.go.jp/common/001026047.pdf,PDL1.0,,
8fe4aedc2b1e0b1b,JP,labor,労務単価,板金工,所定労働時間内8時間あたり,人日,pref,08,茨城県,,,,23400,JPY,labor_wage_8h,published_pdl,32900,原本の下段(括弧書き): 公共工事設計労務単価+必要経費(法定福利費の事業主負担額、労務管理費、宿舎費等)(参考値),2014-02,2014-02-01,mlit-roumu-h26,p17(横長の表) / p8(縦長の表),https://www.mlit.go.jp/common/001026047.pdf,PDL1.0,,
609fad4b02f43209,JP,labor,労務単価,タイル工,所定労働時間内8時間あたり,人日,pref,08,茨城県,,,,23400,JPY,labor_wage_8h,published_pdl,32900,原本の下段(括弧書き): 公共工事設計労務単価+必要経費(法定福利費の事業主負担額、労務管理費、宿舎費等)(参考値),2014-02,2014-02-01,mlit-roumu-h26,p17(横長の表) / p8(縦長の表),https://www.mlit.go.jp/common/001026047.pdf,PDL1.0,,
0ec25c0b8828ce04,JP,labor,労務単価,サッシ工,所定労働時間内8時間あたり,人日,pref,08,茨城県,,,,22400,JPY,labor_wage_8h,published_pdl,31500,原本の下段(括弧書き): 公共工事設計労務単価+必要経費(法定福利費の事業主負担額、労務管理費、宿舎費等)(参考値),2014-02,2014-02-01,mlit-roumu-h26,p18(横長の表) / p9(縦長の表),https://www.mlit.go.jp/common/001026047.pdf,PDL1.0,,
92ebca1375b644bf,JP,labor,労務単価,内装工,所定労働時間内8時間あたり,人日,pref,08,茨城県,,,,24100,JPY,labor_wage_8h,published_pdl,33900,原本の下段(括弧書き): 公共工事設計労務単価+必要経費(法定福利費の事業主負担額、労務管理費、宿舎費等)(参考値),2014-02,2014-02-01,mlit-roumu-h26,p18(横長の表) / p9(縦長の表),https://www.mlit.go.jp/common/001026047.pdf,PDL1.0,,
89474f07fad3dc49,JP,labor,労務単価,ガラス工,所定労働時間内8時間あたり,人日,pref,08,茨城県,,,,21500,JPY,labor_wage_8h,published_pdl,30200,原本の下段(括弧書き): 公共工事設計労務単価+必要経費(法定福利費の事業主負担額、労務管理費、宿舎費等)(参考値),2014-02,2014-02-01,mlit-roumu-h26,p18(横長の表) / p9(縦長の表),https://www.mlit.go.jp/common/001026047.pdf,PDL1.0,,
94872177efa0dc8d,JP,labor,労務単価,建具工,所定労働時間内8時間あたり,人日,pref,08,茨城県,,,,23100,JPY,labor_wage_8h,published_pdl,32500,原本の下段(括弧書き): 公共工事設計労務単価+必要経費(法定福利費の事業主負担額、労務管理費、宿舎費等)(参考値),2014-02,2014-02-01,mlit-roumu-h26,p18(横長の表) / p9(縦長の表),https://www.mlit.go.jp/common/001026047.pdf,PDL1.0,,
01928fbd10101562,JP,labor,労務単価,ダクト工,所定労働時間内8時間あたり,人日,pref,08,茨城県,,,,20200,JPY,labor_wage_8h,published_pdl,28400,原本の下段(括弧書き): 公共工事設計労務単価+必要経費(法定福利費の事業主負担額、労務管理費、宿舎費等)(参考値),2014-02,2014-02-01,mlit-roumu-h26,p18(横長の表) / p9(縦長の表),https://www.mlit.go.jp/common/001026047.pdf,PDL1.0,,
4b03ef13de3fcb3c,JP,labor,労務単価,保温工,所定労働時間内8時間あたり,人日,pref,08,茨城県,,,,20000,JPY,labor_wage_8h,published_pdl,28100,原本の下段(括弧書き): 公共工事設計労務単価+必要経費(法定福利費の事業主負担額、労務管理費、宿舎費等)(参考値),2014-02,2014-02-01,mlit-roumu-h26,p18(横長の表) / p9(縦長の表),https://www.mlit.go.jp/common/001026047.pdf,PDL1.0,,
e42973061af7ab52,JP,labor,労務単価,建築ブロック工,所定労働時間内8時間あたり,人日,pref,08,茨城県,,,,21000,JPY,labor_wage_8h,published_pdl,29500,原本の下段(括弧書き): 公共工事設計労務単価+必要経費(法定福利費の事業主負担額、労務管理費、宿舎費等)(参考値),2014-02,2014-02-01,mlit-roumu-h26,p18(横長の表) / p9(縦長の表),https://www.mlit.go.jp/common/001026047.pdf,PDL1.0,,
b94e734b1076e225,JP,labor,労務単価,設備機械工,所定労働時間内8時間あたり,人日,pref,08,茨城県,,,,21000,JPY,labor_wage_8h,published_pdl,29500,原本の下段(括弧書き): 公共工事設計労務単価+必要経費(法定福利費の事業主負担額、労務管理費、宿舎費等)(参考値),2014-02,2014-02-01,mlit-roumu-h26,p18(横長の表) / p9(縦長の表),https://www.mlit.go.jp/common/001026047.pdf,PDL1.0,,
a78d328659ba83c8,JP,labor,労務単価,交通誘導警備員Ａ,所定労働時間内8時間あたり,人日,pref,08,茨城県,,,,11900,JPY,labor_wage_8h,published_pdl,16700,原本の下段(括弧書き): 公共工事設計労務単価+必要経費(法定福利費の事業主負担額、労務管理費、宿舎費等)(参考値),2014-02,2014-02-01,mlit-roumu-h26,p18(横長の表) / p9(縦長の表),https://www.mlit.go.jp/common/001026047.pdf,PDL1.0,,
da8f53e4e8fe4db6,JP,labor,労務単価,交通誘導警備員Ｂ,所定労働時間内8時間あたり,人日,pref,08,茨城県,,,,10900,JPY,labor_wage_8h,published_pdl,15300,原本の下段(括弧書き): 公共工事設計労務単価+必要経費(法定福利費の事業主負担額、労務管理費、宿舎費等)(参考値),2014-02,2014-02-01,mlit-roumu-h26,p18(横長の表) / p9(縦長の表),https://www.mlit.go.jp/common/001026047.pdf,PDL1.0,,
56f8be43103303d5,JP,labor,労務単価,特殊作業員,所定労働時間内8時間あたり,人日,pref,09,栃木県,,,,18900,JPY,labor_wage_8h,published_pdl,26600,原本の下段(括弧書き): 公共工事設計労務単価+必要経費(法定福利費の事業主負担額、労務管理費、宿舎費等)(参考値),2014-02,2014-02-01,mlit-roumu-h26,p16(横長の表) / p5(縦長の表),https://www.mlit.go.jp/common/001026047.pdf,PDL1.0,,
0c7a3f16de2e65c2,JP,labor,労務単価,普通作業員,所定労働時間内8時間あたり,人日,pref,09,栃木県,,,,16600,JPY,labor_wage_8h,published_pdl,23300,原本の下段(括弧書き): 公共工事設計労務単価+必要経費(法定福利費の事業主負担額、労務管理費、宿舎費等)(参考値),2014-02,2014-02-01,mlit-roumu-h26,p16(横長の表) / p5(縦長の表),https://www.mlit.go.jp/common/001026047.pdf,PDL1.0,,
4828244d4b66cf03,JP,labor,労務単価,軽作業員,所定労働時間内8時間あたり,人日,pref,09,栃木県,,,,12000,JPY,labor_wage_8h,published_pdl,16900,原本の下段(括弧書き): 公共工事設計労務単価+必要経費(法定福利費の事業主負担額、労務管理費、宿舎費等)(参考値),2014-02,2014-02-01,mlit-roumu-h26,p16(横長の表) / p5(縦長の表),https://www.mlit.go.jp/common/001026047.pdf,PDL1.0,,
c23ea38b347aeca7,JP,labor,労務単価,造園工,所定労働時間内8時間あたり,人日,pref,09,栃木県,,,,18900,JPY,labor_wage_8h,published_pdl,26600,原本の下段(括弧書き): 公共工事設計労務単価+必要経費(法定福利費の事業主負担額、労務管理費、宿舎費等)(参考値),2014-02,2014-02-01,mlit-roumu-h26,p16(横長の表) / p5(縦長の表),https://www.mlit.go.jp/common/001026047.pdf,PDL1.0,,
fae0cad01e41a2e2,JP,labor,労務単価,法面工,所定労働時間内8時間あたり,人日,pref,09,栃木県,,,,22300,JPY,labor_wage_8h,published_pdl,31400,原本の下段(括弧書き): 公共工事設計労務単価+必要経費(法定福利費の事業主負担額、労務管理費、宿舎費等)(参考値),2014-02,2014-02-01,mlit-roumu-h26,p16(横長の表) / p5(縦長の表),https://www.mlit.go.jp/common/001026047.pdf,PDL1.0,,
788b61314d336215,JP,labor,労務単価,とび工,所定労働時間内8時間あたり,人日,pref,09,栃木県,,,,20900,JPY,labor_wage_8h,published_pdl,29400,原本の下段(括弧書き): 公共工事設計労務単価+必要経費(法定福利費の事業主負担額、労務管理費、宿舎費等)(参考値),2014-02,2014-02-01,mlit-roumu-h26,p16(横長の表) / p5(縦長の表),https://www.mlit.go.jp/common/001026047.pdf,PDL1.0,,
5eb9b191b95fceb4,JP,labor,労務単価,石工,所定労働時間内8時間あたり,人日,pref,09,栃木県,,,,24400,JPY,labor_wage_8h,published_pdl,34300,原本の下段(括弧書き): 公共工事設計労務単価+必要経費(法定福利費の事業主負担額、労務管理費、宿舎費等)(参考値),2014-02,2014-02-01,mlit-roumu-h26,p16(横長の表) / p5(縦長の表),https://www.mlit.go.jp/common/001026047.pdf,PDL1.0,,
29512d6d3d49fd69,JP,labor,労務単価,ブロック工,所定労働時間内8時間あたり,人日,pref,09,栃木県,,,,22400,JPY,labor_wage_8h,published_pdl,31500,原本の下段(括弧書き): 公共工事設計労務単価+必要経費(法定福利費の事業主負担額、労務管理費、宿舎費等)(参考値),2014-02,2014-02-01,mlit-roumu-h26,p16(横長の表) / p5(縦長の表),https://www.mlit.go.jp/common/001026047.pdf,PDL1.0,,
67fb14d7466a749c,JP,labor,労務単価,電工,所定労働時間内8時間あたり,人日,pref,09,栃木県,,,,18900,JPY,labor_wage_8h,published_pdl,26600,原本の下段(括弧書き): 公共工事設計労務単価+必要経費(法定福利費の事業主負担額、労務管理費、宿舎費等)(参考値),2014-02,2014-02-01,mlit-roumu-h26,p16(横長の表) / p5(縦長の表),https://www.mlit.go.jp/common/001026047.pdf,PDL1.0,,
048d669759b21f60,JP,labor,労務単価,鉄筋工,所定労働時間内8時間あたり,人日,pref,09,栃木県,,,,21800,JPY,labor_wage_8h,published_pdl,30700,原本の下段(括弧書き): 公共工事設計労務単価+必要経費(法定福利費の事業主負担額、労務管理費、宿舎費等)(参考値),2014-02,2014-02-01,mlit-roumu-h26,p16(横長の表) / p5(縦長の表),https://www.mlit.go.jp/common/001026047.pdf,PDL1.0,,
37e403856ba6f02d,JP,labor,労務単価,鉄骨工,所定労働時間内8時間あたり,人日,pref,09,栃木県,,,,21200,JPY,labor_wage_8h,published_pdl,29800,原本の下段(括弧書き): 公共工事設計労務単価+必要経費(法定福利費の事業主負担額、労務管理費、宿舎費等)(参考値),2014-02,2014-02-01,mlit-roumu-h26,p16(横長の表) / p6(縦長の表),https://www.mlit.go.jp/common/001026047.pdf,PDL1.0,,
6264cac11400209f,JP,labor,労務単価,塗装工,所定労働時間内8時間あたり,人日,pref,09,栃木県,,,,22600,JPY,labor_wage_8h,published_pdl,31800,原本の下段(括弧書き): 公共工事設計労務単価+必要経費(法定福利費の事業主負担額、労務管理費、宿舎費等)(参考値),2014-02,2014-02-01,mlit-roumu-h26,p16(横長の表) / p6(縦長の表),https://www.mlit.go.jp/common/001026047.pdf,PDL1.0,,
9c98ed07ebb8aeb4,JP,labor,労務単価,溶接工,所定労働時間内8時間あたり,人日,pref,09,栃木県,,,,25100,JPY,labor_wage_8h,published_pdl,35300,原本の下段(括弧書き): 公共工事設計労務単価+必要経費(法定福利費の事業主負担額、労務管理費、宿舎費等)(参考値),2014-02,2014-02-01,mlit-roumu-h26,p16(横長の表) / p6(縦長の表),https://www.mlit.go.jp/common/001026047.pdf,PDL1.0,,
5a0cae48cad2e2c2,JP,labor,労務単価,運転手（特殊）,所定労働時間内8時間あたり,人日,pref,09,栃木県,,,,18600,JPY,labor_wage_8h,published_pdl,26200,原本の下段(括弧書き): 公共工事設計労務単価+必要経費(法定福利費の事業主負担額、労務管理費、宿舎費等)(参考値),2014-02,2014-02-01,mlit-roumu-h26,p16(横長の表) / p6(縦長の表),https://www.mlit.go.jp/common/001026047.pdf,PDL1.0,,
328d9593d32f13b7,JP,labor,労務単価,運転手（一般）,所定労働時間内8時間あたり,人日,pref,09,栃木県,,,,17800,JPY,labor_wage_8h,published_pdl,25000,原本の下段(括弧書き): 公共工事設計労務単価+必要経費(法定福利費の事業主負担額、労務管理費、宿舎費等)(参考値),2014-02,2014-02-01,mlit-roumu-h26,p16(横長の表) / p6(縦長の表),https://www.mlit.go.jp/common/001026047.pdf,PDL1.0,,
dfe0418ef5e171c9,JP,labor,労務単価,潜かん工,所定労働時間内8時間あたり,人日,pref,09,栃木県,,,,26000,JPY,labor_wage_8h,published_pdl,36600,原本の下段(括弧書き): 公共工事設計労務単価+必要経費(法定福利費の事業主負担額、労務管理費、宿舎費等)(参考値),2014-02,2014-02-01,mlit-roumu-h26,p16(横長の表) / p6(縦長の表),https://www.mlit.go.jp/common/001026047.pdf,PDL1.0,,
cee24982fd4bb0d0,JP,labor,労務単価,潜かん世話役,所定労働時間内8時間あたり,人日,pref,09,栃木県,,,,30800,JPY,labor_wage_8h,published_pdl,43300,原本の下段(括弧書き): 公共工事設計労務単価+必要経費(法定福利費の事業主負担額、労務管理費、宿舎費等)(参考値),2014-02,2014-02-01,mlit-roumu-h26,p16(横長の表) / p6(縦長の表),https://www.mlit.go.jp/common/001026047.pdf,PDL1.0,,
7fa463690d4ecda8,JP,labor,労務単価,さく岩工,所定労働時間内8時間あたり,人日,pref,09,栃木県,,,,23600,JPY,labor_wage_8h,published_pdl,33200,原本の下段(括弧書き): 公共工事設計労務単価+必要経費(法定福利費の事業主負担額、労務管理費、宿舎費等)(参考値),2014-02,2014-02-01,mlit-roumu-h26,p16(横長の表) / p6(縦長の表),https://www.mlit.go.jp/common/001026047.pdf,PDL1.0,,
ed5e6e4ecb89b6a5,JP,labor,労務単価,トンネル特殊工,所定労働時間内8時間あたり,人日,pref,09,栃木県,,,,25400,JPY,labor_wage_8h,published_pdl,35700,原本の下段(括弧書き): 公共工事設計労務単価+必要経費(法定福利費の事業主負担額、労務管理費、宿舎費等)(参考値),2014-02,2014-02-01,mlit-roumu-h26,p16(横長の表) / p6(縦長の表),https://www.mlit.go.jp/common/001026047.pdf,PDL1.0,,
f5ecaef4595c14c2,JP,labor,労務単価,トンネル作業員,所定労働時間内8時間あたり,人日,pref,09,栃木県,,,,21200,JPY,labor_wage_8h,published_pdl,29800,原本の下段(括弧書き): 公共工事設計労務単価+必要経費(法定福利費の事業主負担額、労務管理費、宿舎費等)(参考値),2014-02,2014-02-01,mlit-roumu-h26,p16(横長の表) / p6(縦長の表),https://www.mlit.go.jp/common/001026047.pdf,PDL1.0,,
3d00c8778424bea0,JP,labor,労務単価,トンネル世話役,所定労働時間内8時間あたり,人日,pref,09,栃木県,,,,27900,JPY,labor_wage_8h,published_pdl,39200,原本の下段(括弧書き): 公共工事設計労務単価+必要経費(法定福利費の事業主負担額、労務管理費、宿舎費等)(参考値),2014-02,2014-02-01,mlit-roumu-h26,p17(横長の表) / p7(縦長の表),https://www.mlit.go.jp/common/001026047.pdf,PDL1.0,,
f88f8cfe7050d671,JP,labor,労務単価,橋りょう特殊工,所定労働時間内8時間あたり,人日,pref,09,栃木県,,,,26000,JPY,labor_wage_8h,published_pdl,36600,原本の下段(括弧書き): 公共工事設計労務単価+必要経費(法定福利費の事業主負担額、労務管理費、宿舎費等)(参考値),2014-02,2014-02-01,mlit-roumu-h26,p17(横長の表) / p7(縦長の表),https://www.mlit.go.jp/common/001026047.pdf,PDL1.0,,
d3bdff3b7c673c95,JP,labor,労務単価,橋りょう塗装工,所定労働時間内8時間あたり,人日,pref,09,栃木県,,,,27100,JPY,labor_wage_8h,published_pdl,38100,原本の下段(括弧書き): 公共工事設計労務単価+必要経費(法定福利費の事業主負担額、労務管理費、宿舎費等)(参考値),2014-02,2014-02-01,mlit-roumu-h26,p17(横長の表) / p7(縦長の表),https://www.mlit.go.jp/common/001026047.pdf,PDL1.0,,
581d092f6b1d481e,JP,labor,労務単価,橋りょう世話役,所定労働時間内8時間あたり,人日,pref,09,栃木県,,,,29100,JPY,labor_wage_8h,published_pdl,40900,原本の下段(括弧書き): 公共工事設計労務単価+必要経費(法定福利費の事業主負担額、労務管理費、宿舎費等)(参考値),2014-02,2014-02-01,mlit-roumu-h26,p17(横長の表) / p7(縦長の表),https://www.mlit.go.jp/common/001026047.pdf,PDL1.0,,
72c3b079ef5532d6,JP,labor,労務単価,土木一般世話役,所定労働時間内8時間あたり,人日,pref,09,栃木県,,,,21300,JPY,labor_wage_8h,published_pdl,29900,原本の下段(括弧書き): 公共工事設計労務単価+必要経費(法定福利費の事業主負担額、労務管理費、宿舎費等)(参考値),2014-02,2014-02-01,mlit-roumu-h26,p17(横長の表) / p7(縦長の表),https://www.mlit.go.jp/common/001026047.pdf,PDL1.0,,
9bad0ac72b6fb2ad,JP,labor,労務単価,高級船員,所定労働時間内8時間あたり,人日,pref,09,栃木県,,,,27200,JPY,labor_wage_8h,published_pdl,38200,原本の下段(括弧書き): 公共工事設計労務単価+必要経費(法定福利費の事業主負担額、労務管理費、宿舎費等)(参考値),2014-02,2014-02-01,mlit-roumu-h26,p17(横長の表) / p7(縦長の表),https://www.mlit.go.jp/common/001026047.pdf,PDL1.0,,
e2fc04d0110075c1,JP,labor,労務単価,普通船員,所定労働時間内8時間あたり,人日,pref,09,栃木県,,,,21300,JPY,labor_wage_8h,published_pdl,29900,原本の下段(括弧書き): 公共工事設計労務単価+必要経費(法定福利費の事業主負担額、労務管理費、宿舎費等)(参考値),2014-02,2014-02-01,mlit-roumu-h26,p17(横長の表) / p7(縦長の表),https://www.mlit.go.jp/common/001026047.pdf,PDL1.0,,
fa907261ed77691e,JP,labor,労務単価,潜水士,所定労働時間内8時間あたり,人日,pref,09,栃木県,,,,33100,JPY,labor_wage_8h,published_pdl,46500,原本の下段(括弧書き): 公共工事設計労務単価+必要経費(法定福利費の事業主負担額、労務管理費、宿舎費等)(参考値),2014-02,2014-02-01,mlit-roumu-h26,p17(横長の表) / p7(縦長の表),https://www.mlit.go.jp/common/001026047.pdf,PDL1.0,,
2ca3dbb28f8c3f83,JP,labor,労務単価,潜水連絡員,所定労働時間内8時間あたり,人日,pref,09,栃木県,,,,21600,JPY,labor_wage_8h,published_pdl,30400,原本の下段(括弧書き): 公共工事設計労務単価+必要経費(法定福利費の事業主負担額、労務管理費、宿舎費等)(参考値),2014-02,2014-02-01,mlit-roumu-h26,p17(横長の表) / p7(縦長の表),https://www.mlit.go.jp/common/001026047.pdf,PDL1.0,,
2eabb5b4d9744020,JP,labor,労務単価,潜水送気員,所定労働時間内8時間あたり,人日,pref,09,栃木県,,,,23300,JPY,labor_wage_8h,published_pdl,32800,原本の下段(括弧書き): 公共工事設計労務単価+必要経費(法定福利費の事業主負担額、労務管理費、宿舎費等)(参考値),2014-02,2014-02-01,mlit-roumu-h26,p17(横長の表) / p7(縦長の表),https://www.mlit.go.jp/common/001026047.pdf,PDL1.0,,
4590a59b3780f681,JP,labor,労務単価,山林砂防工,所定労働時間内8時間あたり,人日,pref,09,栃木県,,,,25300,JPY,labor_wage_8h,published_pdl,35600,原本の下段(括弧書き): 公共工事設計労務単価+必要経費(法定福利費の事業主負担額、労務管理費、宿舎費等)(参考値),2014-02,2014-02-01,mlit-roumu-h26,p17(横長の表) / p8(縦長の表),https://www.mlit.go.jp/common/001026047.pdf,PDL1.0,,
a376b867b9afe167,JP,labor,労務単価,軌道工,所定労働時間内8時間あたり,人日,pref,09,栃木県,,,,39900,JPY,labor_wage_8h,published_pdl,56100,原本の下段(括弧書き): 公共工事設計労務単価+必要経費(法定福利費の事業主負担額、労務管理費、宿舎費等)(参考値),2014-02,2014-02-01,mlit-roumu-h26,p17(横長の表) / p8(縦長の表),https://www.mlit.go.jp/common/001026047.pdf,PDL1.0,,
2d78e766bbebf19e,JP,labor,労務単価,型わく工,所定労働時間内8時間あたり,人日,pref,09,栃木県,,,,21300,JPY,labor_wage_8h,published_pdl,29900,原本の下段(括弧書き): 公共工事設計労務単価+必要経費(法定福利費の事業主負担額、労務管理費、宿舎費等)(参考値),2014-02,2014-02-01,mlit-roumu-h26,p17(横長の表) / p8(縦長の表),https://www.mlit.go.jp/common/001026047.pdf,PDL1.0,,
5690c328756d0467,JP,labor,労務単価,大工,所定労働時間内8時間あたり,人日,pref,09,栃木県,,,,22600,JPY,labor_wage_8h,published_pdl,31800,原本の下段(括弧書き): 公共工事設計労務単価+必要経費(法定福利費の事業主負担額、労務管理費、宿舎費等)(参考値),2014-02,2014-02-01,mlit-roumu-h26,p17(横長の表) / p8(縦長の表),https://www.mlit.go.jp/common/001026047.pdf,PDL1.0,,
bfcf9ba32e11ab18,JP,labor,労務単価,左官,所定労働時間内8時間あたり,人日,pref,09,栃木県,,,,23300,JPY,labor_wage_8h,published_pdl,32800,原本の下段(括弧書き): 公共工事設計労務単価+必要経費(法定福利費の事業主負担額、労務管理費、宿舎費等)(参考値),2014-02,2014-02-01,mlit-roumu-h26,p17(横長の表) / p8(縦長の表),https://www.mlit.go.jp/common/001026047.pdf,PDL1.0,,
24c9291fa7f4e26c,JP,labor,労務単価,配管工,所定労働時間内8時間あたり,人日,pref,09,栃木県,,,,19700,JPY,labor_wage_8h,published_pdl,27700,原本の下段(括弧書き): 公共工事設計労務単価+必要経費(法定福利費の事業主負担額、労務管理費、宿舎費等)(参考値),2014-02,2014-02-01,mlit-roumu-h26,p17(横長の表) / p8(縦長の表),https://www.mlit.go.jp/common/001026047.pdf,PDL1.0,,
31dd5cc037700a99,JP,labor,労務単価,はつり工,所定労働時間内8時間あたり,人日,pref,09,栃木県,,,,21900,JPY,labor_wage_8h,published_pdl,30800,原本の下段(括弧書き): 公共工事設計労務単価+必要経費(法定福利費の事業主負担額、労務管理費、宿舎費等)(参考値),2014-02,2014-02-01,mlit-roumu-h26,p17(横長の表) / p8(縦長の表),https://www.mlit.go.jp/common/001026047.pdf,PDL1.0,,
f5ed3477e583d4ad,JP,labor,労務単価,防水工,所定労働時間内8時間あたり,人日,pref,09,栃木県,,,,23900,JPY,labor_wage_8h,published_pdl,33600,原本の下段(括弧書き): 公共工事設計労務単価+必要経費(法定福利費の事業主負担額、労務管理費、宿舎費等)(参考値),2014-02,2014-02-01,mlit-roumu-h26,p17(横長の表) / p8(縦長の表),https://www.mlit.go.jp/common/001026047.pdf,PDL1.0,,
1370fc4ed44d912a,JP,labor,労務単価,板金工,所定労働時間内8時間あたり,人日,pref,09,栃木県,,,,23600,JPY,labor_wage_8h,published_pdl,33200,原本の下段(括弧書き): 公共工事設計労務単価+必要経費(法定福利費の事業主負担額、労務管理費、宿舎費等)(参考値),2014-02,2014-02-01,mlit-roumu-h26,p17(横長の表) / p8(縦長の表),https://www.mlit.go.jp/common/001026047.pdf,PDL1.0,,
6eda0f1ca03154e2,JP,labor,労務単価,タイル工,所定労働時間内8時間あたり,人日,pref,09,栃木県,,,,23500,JPY,labor_wage_8h,published_pdl,33000,原本の下段(括弧書き): 公共工事設計労務単価+必要経費(法定福利費の事業主負担額、労務管理費、宿舎費等)(参考値),2014-02,2014-02-01,mlit-roumu-h26,p17(横長の表) / p8(縦長の表),https://www.mlit.go.jp/common/001026047.pdf,PDL1.0,,
116b29493e9ec06d,JP,labor,労務単価,サッシ工,所定労働時間内8時間あたり,人日,pref,09,栃木県,,,,22300,JPY,labor_wage_8h,published_pdl,31400,原本の下段(括弧書き): 公共工事設計労務単価+必要経費(法定福利費の事業主負担額、労務管理費、宿舎費等)(参考値),2014-02,2014-02-01,mlit-roumu-h26,p18(横長の表) / p9(縦長の表),https://www.mlit.go.jp/common/001026047.pdf,PDL1.0,,
a4337f712ead37f9,JP,labor,労務単価,内装工,所定労働時間内8時間あたり,人日,pref,09,栃木県,,,,24300,JPY,labor_wage_8h,published_pdl,34200,原本の下段(括弧書き): 公共工事設計労務単価+必要経費(法定福利費の事業主負担額、労務管理費、宿舎費等)(参考値),2014-02,2014-02-01,mlit-roumu-h26,p18(横長の表) / p9(縦長の表),https://www.mlit.go.jp/common/001026047.pdf,PDL1.0,,
937e3af63bb16ca7,JP,labor,労務単価,ガラス工,所定労働時間内8時間あたり,人日,pref,09,栃木県,,,,21600,JPY,labor_wage_8h,published_pdl,30400,原本の下段(括弧書き): 公共工事設計労務単価+必要経費(法定福利費の事業主負担額、労務管理費、宿舎費等)(参考値),2014-02,2014-02-01,mlit-roumu-h26,p18(横長の表) / p9(縦長の表),https://www.mlit.go.jp/common/001026047.pdf,PDL1.0,,
7e8432fe79e69446,JP,labor,労務単価,建具工,所定労働時間内8時間あたり,人日,pref,09,栃木県,,,,23100,JPY,labor_wage_8h,published_pdl,32500,原本の下段(括弧書き): 公共工事設計労務単価+必要経費(法定福利費の事業主負担額、労務管理費、宿舎費等)(参考値),2014-02,2014-02-01,mlit-roumu-h26,p18(横長の表) / p9(縦長の表),https://www.mlit.go.jp/common/001026047.pdf,PDL1.0,,
46500cc15dc4723c,JP,labor,労務単価,ダクト工,所定労働時間内8時間あたり,人日,pref,09,栃木県,,,,20000,JPY,labor_wage_8h,published_pdl,28100,原本の下段(括弧書き): 公共工事設計労務単価+必要経費(法定福利費の事業主負担額、労務管理費、宿舎費等)(参考値),2014-02,2014-02-01,mlit-roumu-h26,p18(横長の表) / p9(縦長の表),https://www.mlit.go.jp/common/001026047.pdf,PDL1.0,,
6eafe48539f6adf3,JP,labor,労務単価,保温工,所定労働時間内8時間あたり,人日,pref,09,栃木県,,,,20100,JPY,labor_wage_8h,published_pdl,28300,原本の下段(括弧書き): 公共工事設計労務単価+必要経費(法定福利費の事業主負担額、労務管理費、宿舎費等)(参考値),2014-02,2014-02-01,mlit-roumu-h26,p18(横長の表) / p9(縦長の表),https://www.mlit.go.jp/common/001026047.pdf,PDL1.0,,
cadb7c10e23cf8aa,JP,labor,労務単価,建築ブロック工,所定労働時間内8時間あたり,人日,pref,09,栃木県,,,,21100,JPY,labor_wage_8h,published_pdl,29700,原本の下段(括弧書き): 公共工事設計労務単価+必要経費(法定福利費の事業主負担額、労務管理費、宿舎費等)(参考値),2014-02,2014-02-01,mlit-roumu-h26,p18(横長の表) / p9(縦長の表),https://www.mlit.go.jp/common/001026047.pdf,PDL1.0,,
960cdf46a7927098,JP,labor,労務単価,設備機械工,所定労働時間内8時間あたり,人日,pref,09,栃木県,,,,20300,JPY,labor_wage_8h,published_pdl,28500,原本の下段(括弧書き): 公共工事設計労務単価+必要経費(法定福利費の事業主負担額、労務管理費、宿舎費等)(参考値),2014-02,2014-02-01,mlit-roumu-h26,p18(横長の表) / p9(縦長の表),https://www.mlit.go.jp/common/001026047.pdf,PDL1.0,,
e6591b7da8e23a1a,JP,labor,労務単価,交通誘導警備員Ａ,所定労働時間内8時間あたり,人日,pref,09,栃木県,,,,11500,JPY,labor_wage_8h,published_pdl,16200,原本の下段(括弧書き): 公共工事設計労務単価+必要経費(法定福利費の事業主負担額、労務管理費、宿舎費等)(参考値),2014-02,2014-02-01,mlit-roumu-h26,p18(横長の表) / p9(縦長の表),https://www.mlit.go.jp/common/001026047.pdf,PDL1.0,,
263a681d576c9c2c,JP,labor,労務単価,交通誘導警備員Ｂ,所定労働時間内8時間あたり,人日,pref,09,栃木県,,,,10100,JPY,labor_wage_8h,published_pdl,14200,原本の下段(括弧書き): 公共工事設計労務単価+必要経費(法定福利費の事業主負担額、労務管理費、宿舎費等)(参考値),2014-02,2014-02-01,mlit-roumu-h26,p18(横長の表) / p9(縦長の表),https://www.mlit.go.jp/common/001026047.pdf,PDL1.0,,
26c5a27694d6781c,JP,labor,労務単価,特殊作業員,所定労働時間内8時間あたり,人日,pref,10,群馬県,,,,18900,JPY,labor_wage_8h,published_pdl,26600,原本の下段(括弧書き): 公共工事設計労務単価+必要経費(法定福利費の事業主負担額、労務管理費、宿舎費等)(参考値),2014-02,2014-02-01,mlit-roumu-h26,p16(横長の表) / p5(縦長の表),https://www.mlit.go.jp/common/001026047.pdf,PDL1.0,,
52cc527e1947292d,JP,labor,労務単価,普通作業員,所定労働時間内8時間あたり,人日,pref,10,群馬県,,,,17000,JPY,labor_wage_8h,published_pdl,23900,原本の下段(括弧書き): 公共工事設計労務単価+必要経費(法定福利費の事業主負担額、労務管理費、宿舎費等)(参考値),2014-02,2014-02-01,mlit-roumu-h26,p16(横長の表) / p5(縦長の表),https://www.mlit.go.jp/common/001026047.pdf,PDL1.0,,
e430165b345c638a,JP,labor,労務単価,軽作業員,所定労働時間内8時間あたり,人日,pref,10,群馬県,,,,13000,JPY,labor_wage_8h,published_pdl,18300,原本の下段(括弧書き): 公共工事設計労務単価+必要経費(法定福利費の事業主負担額、労務管理費、宿舎費等)(参考値),2014-02,2014-02-01,mlit-roumu-h26,p16(横長の表) / p5(縦長の表),https://www.mlit.go.jp/common/001026047.pdf,PDL1.0,,
b77a5107e683edfc,JP,labor,労務単価,造園工,所定労働時間内8時間あたり,人日,pref,10,群馬県,,,,18700,JPY,labor_wage_8h,published_pdl,26300,原本の下段(括弧書き): 公共工事設計労務単価+必要経費(法定福利費の事業主負担額、労務管理費、宿舎費等)(参考値),2014-02,2014-02-01,mlit-roumu-h26,p16(横長の表) / p5(縦長の表),https://www.mlit.go.jp/common/001026047.pdf,PDL1.0,,
9db8b07ca0126fe2,JP,labor,労務単価,法面工,所定労働時間内8時間あたり,人日,pref,10,群馬県,,,,23300,JPY,labor_wage_8h,published_pdl,32800,原本の下段(括弧書き): 公共工事設計労務単価+必要経費(法定福利費の事業主負担額、労務管理費、宿舎費等)(参考値),2014-02,2014-02-01,mlit-roumu-h26,p16(横長の表) / p5(縦長の表),https://www.mlit.go.jp/common/001026047.pdf,PDL1.0,,
5812f5205812d4e8,JP,labor,労務単価,とび工,所定労働時間内8時間あたり,人日,pref,10,群馬県,,,,19900,JPY,labor_wage_8h,published_pdl,28000,原本の下段(括弧書き): 公共工事設計労務単価+必要経費(法定福利費の事業主負担額、労務管理費、宿舎費等)(参考値),2014-02,2014-02-01,mlit-roumu-h26,p16(横長の表) / p5(縦長の表),https://www.mlit.go.jp/common/001026047.pdf,PDL1.0,,
c3daba07d10cc20c,JP,labor,労務単価,石工,所定労働時間内8時間あたり,人日,pref,10,群馬県,,,,23400,JPY,labor_wage_8h,published_pdl,32900,原本の下段(括弧書き): 公共工事設計労務単価+必要経費(法定福利費の事業主負担額、労務管理費、宿舎費等)(参考値),2014-02,2014-02-01,mlit-roumu-h26,p16(横長の表) / p5(縦長の表),https://www.mlit.go.jp/common/001026047.pdf,PDL1.0,,
f624ab0ff3c8e8f2,JP,labor,労務単価,ブロック工,所定労働時間内8時間あたり,人日,pref,10,群馬県,,,,22100,JPY,labor_wage_8h,published_pdl,31100,原本の下段(括弧書き): 公共工事設計労務単価+必要経費(法定福利費の事業主負担額、労務管理費、宿舎費等)(参考値),2014-02,2014-02-01,mlit-roumu-h26,p16(横長の表) / p5(縦長の表),https://www.mlit.go.jp/common/001026047.pdf,PDL1.0,,
7b6dd6cf1ffcfe91,JP,labor,労務単価,電工,所定労働時間内8時間あたり,人日,pref,10,群馬県,,,,18500,JPY,labor_wage_8h,published_pdl,26000,原本の下段(括弧書き): 公共工事設計労務単価+必要経費(法定福利費の事業主負担額、労務管理費、宿舎費等)(参考値),2014-02,2014-02-01,mlit-roumu-h26,p16(横長の表) / p5(縦長の表),https://www.mlit.go.jp/common/001026047.pdf,PDL1.0,,
9e5183403318c39a,JP,labor,労務単価,鉄筋工,所定労働時間内8時間あたり,人日,pref,10,群馬県,,,,21200,JPY,labor_wage_8h,published_pdl,29800,原本の下段(括弧書き): 公共工事設計労務単価+必要経費(法定福利費の事業主負担額、労務管理費、宿舎費等)(参考値),2014-02,2014-02-01,mlit-roumu-h26,p16(横長の表) / p5(縦長の表),https://www.mlit.go.jp/common/001026047.pdf,PDL1.0,,
ab218e8f46bb2faf,JP,labor,労務単価,鉄骨工,所定労働時間内8時間あたり,人日,pref,10,群馬県,,,,20700,JPY,labor_wage_8h,published_pdl,29100,原本の下段(括弧書き): 公共工事設計労務単価+必要経費(法定福利費の事業主負担額、労務管理費、宿舎費等)(参考値),2014-02,2014-02-01,mlit-roumu-h26,p16(横長の表) / p6(縦長の表),https://www.mlit.go.jp/common/001026047.pdf,PDL1.0,,
38d511736d3b8e81,JP,labor,労務単価,塗装工,所定労働時間内8時間あたり,人日,pref,10,群馬県,,,,19700,JPY,labor_wage_8h,published_pdl,27700,原本の下段(括弧書き): 公共工事設計労務単価+必要経費(法定福利費の事業主負担額、労務管理費、宿舎費等)(参考値),2014-02,2014-02-01,mlit-roumu-h26,p16(横長の表) / p6(縦長の表),https://www.mlit.go.jp/common/001026047.pdf,PDL1.0,,
f535ea596b463b84,JP,labor,労務単価,溶接工,所定労働時間内8時間あたり,人日,pref,10,群馬県,,,,23500,JPY,labor_wage_8h,published_pdl,33000,原本の下段(括弧書き): 公共工事設計労務単価+必要経費(法定福利費の事業主負担額、労務管理費、宿舎費等)(参考値),2014-02,2014-02-01,mlit-roumu-h26,p16(横長の表) / p6(縦長の表),https://www.mlit.go.jp/common/001026047.pdf,PDL1.0,,
dcf68c09b6d91d72,JP,labor,労務単価,運転手（特殊）,所定労働時間内8時間あたり,人日,pref,10,群馬県,,,,18900,JPY,labor_wage_8h,published_pdl,26600,原本の下段(括弧書き): 公共工事設計労務単価+必要経費(法定福利費の事業主負担額、労務管理費、宿舎費等)(参考値),2014-02,2014-02-01,mlit-roumu-h26,p16(横長の表) / p6(縦長の表),https://www.mlit.go.jp/common/001026047.pdf,PDL1.0,,
e54f368816664041,JP,labor,労務単価,運転手（一般）,所定労働時間内8時間あたり,人日,pref,10,群馬県,,,,16000,JPY,labor_wage_8h,published_pdl,22500,原本の下段(括弧書き): 公共工事設計労務単価+必要経費(法定福利費の事業主負担額、労務管理費、宿舎費等)(参考値),2014-02,2014-02-01,mlit-roumu-h26,p16(横長の表) / p6(縦長の表),https://www.mlit.go.jp/common/001026047.pdf,PDL1.0,,
433e08f5f0448096,JP,labor,労務単価,潜かん工,所定労働時間内8時間あたり,人日,pref,10,群馬県,,,,26000,JPY,labor_wage_8h,published_pdl,36600,原本の下段(括弧書き): 公共工事設計労務単価+必要経費(法定福利費の事業主負担額、労務管理費、宿舎費等)(参考値),2014-02,2014-02-01,mlit-roumu-h26,p16(横長の表) / p6(縦長の表),https://www.mlit.go.jp/common/001026047.pdf,PDL1.0,,
c5d6ad69af67d75b,JP,labor,労務単価,潜かん世話役,所定労働時間内8時間あたり,人日,pref,10,群馬県,,,,30800,JPY,labor_wage_8h,published_pdl,43300,原本の下段(括弧書き): 公共工事設計労務単価+必要経費(法定福利費の事業主負担額、労務管理費、宿舎費等)(参考値),2014-02,2014-02-01,mlit-roumu-h26,p16(横長の表) / p6(縦長の表),https://www.mlit.go.jp/common/001026047.pdf,PDL1.0,,
9e6290bb9d85d7ac,JP,labor,労務単価,さく岩工,所定労働時間内8時間あたり,人日,pref,10,群馬県,,,,23600,JPY,labor_wage_8h,published_pdl,33200,原本の下段(括弧書き): 公共工事設計労務単価+必要経費(法定福利費の事業主負担額、労務管理費、宿舎費等)(参考値),2014-02,2014-02-01,mlit-roumu-h26,p16(横長の表) / p6(縦長の表),https://www.mlit.go.jp/common/001026047.pdf,PDL1.0,,
776e00b81052f970,JP,labor,労務単価,トンネル特殊工,所定労働時間内8時間あたり,人日,pref,10,群馬県,,,,26600,JPY,labor_wage_8h,published_pdl,37400,原本の下段(括弧書き): 公共工事設計労務単価+必要経費(法定福利費の事業主負担額、労務管理費、宿舎費等)(参考値),2014-02,2014-02-01,mlit-roumu-h26,p16(横長の表) / p6(縦長の表),https://www.mlit.go.jp/common/001026047.pdf,PDL1.0,,
1b4225b50b4996a5,JP,labor,労務単価,トンネル作業員,所定労働時間内8時間あたり,人日,pref,10,群馬県,,,,21200,JPY,labor_wage_8h,published_pdl,29800,原本の下段(括弧書き): 公共工事設計労務単価+必要経費(法定福利費の事業主負担額、労務管理費、宿舎費等)(参考値),2014-02,2014-02-01,mlit-roumu-h26,p16(横長の表) / p6(縦長の表),https://www.mlit.go.jp/common/001026047.pdf,PDL1.0,,
c689b5a71ae64359,JP,labor,労務単価,トンネル世話役,所定労働時間内8時間あたり,人日,pref,10,群馬県,,,,27900,JPY,labor_wage_8h,published_pdl,39200,原本の下段(括弧書き): 公共工事設計労務単価+必要経費(法定福利費の事業主負担額、労務管理費、宿舎費等)(参考値),2014-02,2014-02-01,mlit-roumu-h26,p17(横長の表) / p7(縦長の表),https://www.mlit.go.jp/common/001026047.pdf,PDL1.0,,
f4b75de9e8de9cfd,JP,labor,労務単価,橋りょう特殊工,所定労働時間内8時間あたり,人日,pref,10,群馬県,,,,26000,JPY,labor_wage_8h,published_pdl,36600,原本の下段(括弧書き): 公共工事設計労務単価+必要経費(法定福利費の事業主負担額、労務管理費、宿舎費等)(参考値),2014-02,2014-02-01,mlit-roumu-h26,p17(横長の表) / p7(縦長の表),https://www.mlit.go.jp/common/001026047.pdf,PDL1.0,,
84638ab11c040d6d,JP,labor,労務単価,橋りょう塗装工,所定労働時間内8時間あたり,人日,pref,10,群馬県,,,,27100,JPY,labor_wage_8h,published_pdl,38100,原本の下段(括弧書き): 公共工事設計労務単価+必要経費(法定福利費の事業主負担額、労務管理費、宿舎費等)(参考値),2014-02,2014-02-01,mlit-roumu-h26,p17(横長の表) / p7(縦長の表),https://www.mlit.go.jp/common/001026047.pdf,PDL1.0,,
584548a3f9977672,JP,labor,労務単価,橋りょう世話役,所定労働時間内8時間あたり,人日,pref,10,群馬県,,,,29200,JPY,labor_wage_8h,published_pdl,41100,原本の下段(括弧書き): 公共工事設計労務単価+必要経費(法定福利費の事業主負担額、労務管理費、宿舎費等)(参考値),2014-02,2014-02-01,mlit-roumu-h26,p17(横長の表) / p7(縦長の表),https://www.mlit.go.jp/common/001026047.pdf,PDL1.0,,
2517bfebeeaec98d,JP,labor,労務単価,土木一般世話役,所定労働時間内8時間あたり,人日,pref,10,群馬県,,,,21400,JPY,labor_wage_8h,published_pdl,30100,原本の下段(括弧書き): 公共工事設計労務単価+必要経費(法定福利費の事業主負担額、労務管理費、宿舎費等)(参考値),2014-02,2014-02-01,mlit-roumu-h26,p17(横長の表) / p7(縦長の表),https://www.mlit.go.jp/common/001026047.pdf,PDL1.0,,
dedda94cf7044258,JP,labor,労務単価,高級船員,所定労働時間内8時間あたり,人日,pref,10,群馬県,,,,27200,JPY,labor_wage_8h,published_pdl,38200,原本の下段(括弧書き): 公共工事設計労務単価+必要経費(法定福利費の事業主負担額、労務管理費、宿舎費等)(参考値),2014-02,2014-02-01,mlit-roumu-h26,p17(横長の表) / p7(縦長の表),https://www.mlit.go.jp/common/001026047.pdf,PDL1.0,,
3f6186c52ecde7a1,JP,labor,労務単価,普通船員,所定労働時間内8時間あたり,人日,pref,10,群馬県,,,,21300,JPY,labor_wage_8h,published_pdl,29900,原本の下段(括弧書き): 公共工事設計労務単価+必要経費(法定福利費の事業主負担額、労務管理費、宿舎費等)(参考値),2014-02,2014-02-01,mlit-roumu-h26,p17(横長の表) / p7(縦長の表),https://www.mlit.go.jp/common/001026047.pdf,PDL1.0,,
3fddac1c983b4ae1,JP,labor,労務単価,潜水士,所定労働時間内8時間あたり,人日,pref,10,群馬県,,,,34600,JPY,labor_wage_8h,published_pdl,48600,原本の下段(括弧書き): 公共工事設計労務単価+必要経費(法定福利費の事業主負担額、労務管理費、宿舎費等)(参考値),2014-02,2014-02-01,mlit-roumu-h26,p17(横長の表) / p7(縦長の表),https://www.mlit.go.jp/common/001026047.pdf,PDL1.0,,
197d134ca48f24f1,JP,labor,労務単価,潜水連絡員,所定労働時間内8時間あたり,人日,pref,10,群馬県,,,,21200,JPY,labor_wage_8h,published_pdl,29800,原本の下段(括弧書き): 公共工事設計労務単価+必要経費(法定福利費の事業主負担額、労務管理費、宿舎費等)(参考値),2014-02,2014-02-01,mlit-roumu-h26,p17(横長の表) / p7(縦長の表),https://www.mlit.go.jp/common/001026047.pdf,PDL1.0,,
9de597da5b9e8dbb,JP,labor,労務単価,潜水送気員,所定労働時間内8時間あたり,人日,pref,10,群馬県,,,,22800,JPY,labor_wage_8h,published_pdl,32100,原本の下段(括弧書き): 公共工事設計労務単価+必要経費(法定福利費の事業主負担額、労務管理費、宿舎費等)(参考値),2014-02,2014-02-01,mlit-roumu-h26,p17(横長の表) / p7(縦長の表),https://www.mlit.go.jp/common/001026047.pdf,PDL1.0,,
58bf6016a4ea106f,JP,labor,労務単価,山林砂防工,所定労働時間内8時間あたり,人日,pref,10,群馬県,,,,25100,JPY,labor_wage_8h,published_pdl,35300,原本の下段(括弧書き): 公共工事設計労務単価+必要経費(法定福利費の事業主負担額、労務管理費、宿舎費等)(参考値),2014-02,2014-02-01,mlit-roumu-h26,p17(横長の表) / p8(縦長の表),https://www.mlit.go.jp/common/001026047.pdf,PDL1.0,,
7b37e2b8f10d0be1,JP,labor,労務単価,軌道工,所定労働時間内8時間あたり,人日,pref,10,群馬県,,,,37300,JPY,labor_wage_8h,published_pdl,52400,原本の下段(括弧書き): 公共工事設計労務単価+必要経費(法定福利費の事業主負担額、労務管理費、宿舎費等)(参考値),2014-02,2014-02-01,mlit-roumu-h26,p17(横長の表) / p8(縦長の表),https://www.mlit.go.jp/common/001026047.pdf,PDL1.0,,
9adc86a68caf0330,JP,labor,労務単価,型わく工,所定労働時間内8時間あたり,人日,pref,10,群馬県,,,,21300,JPY,labor_wage_8h,published_pdl,29900,原本の下段(括弧書き): 公共工事設計労務単価+必要経費(法定福利費の事業主負担額、労務管理費、宿舎費等)(参考値),2014-02,2014-02-01,mlit-roumu-h26,p17(横長の表) / p8(縦長の表),https://www.mlit.go.jp/common/001026047.pdf,PDL1.0,,
171124b3062cef74,JP,labor,労務単価,大工,所定労働時間内8時間あたり,人日,pref,10,群馬県,,,,22100,JPY,labor_wage_8h,published_pdl,31100,原本の下段(括弧書き): 公共工事設計労務単価+必要経費(法定福利費の事業主負担額、労務管理費、宿舎費等)(参考値),2014-02,2014-02-01,mlit-roumu-h26,p17(横長の表) / p8(縦長の表),https://www.mlit.go.jp/common/001026047.pdf,PDL1.0,,
f594f6eef0855dbe,JP,labor,労務単価,左官,所定労働時間内8時間あたり,人日,pref,10,群馬県,,,,20500,JPY,labor_wage_8h,published_pdl,28800,原本の下段(括弧書き): 公共工事設計労務単価+必要経費(法定福利費の事業主負担額、労務管理費、宿舎費等)(参考値),2014-02,2014-02-01,mlit-roumu-h26,p17(横長の表) / p8(縦長の表),https://www.mlit.go.jp/common/001026047.pdf,PDL1.0,,
6544cd159d1be956,JP,labor,労務単価,配管工,所定労働時間内8時間あたり,人日,pref,10,群馬県,,,,18300,JPY,labor_wage_8h,published_pdl,25700,原本の下段(括弧書き): 公共工事設計労務単価+必要経費(法定福利費の事業主負担額、労務管理費、宿舎費等)(参考値),2014-02,2014-02-01,mlit-roumu-h26,p17(横長の表) / p8(縦長の表),https://www.mlit.go.jp/common/001026047.pdf,PDL1.0,,
43079022a3584757,JP,labor,労務単価,はつり工,所定労働時間内8時間あたり,人日,pref,10,群馬県,,,,20700,JPY,labor_wage_8h,published_pdl,29100,原本の下段(括弧書き): 公共工事設計労務単価+必要経費(法定福利費の事業主負担額、労務管理費、宿舎費等)(参考値),2014-02,2014-02-01,mlit-roumu-h26,p17(横長の表) / p8(縦長の表),https://www.mlit.go.jp/common/001026047.pdf,PDL1.0,,
996818a28feb1dae,JP,labor,労務単価,防水工,所定労働時間内8時間あたり,人日,pref,10,群馬県,,,,22300,JPY,labor_wage_8h,published_pdl,31400,原本の下段(括弧書き): 公共工事設計労務単価+必要経費(法定福利費の事業主負担額、労務管理費、宿舎費等)(参考値),2014-02,2014-02-01,mlit-roumu-h26,p17(横長の表) / p8(縦長の表),https://www.mlit.go.jp/common/001026047.pdf,PDL1.0,,
a19808ccab556088,JP,labor,労務単価,板金工,所定労働時間内8時間あたり,人日,pref,10,群馬県,,,,21700,JPY,labor_wage_8h,published_pdl,30500,原本の下段(括弧書き): 公共工事設計労務単価+必要経費(法定福利費の事業主負担額、労務管理費、宿舎費等)(参考値),2014-02,2014-02-01,mlit-roumu-h26,p17(横長の表) / p8(縦長の表),https://www.mlit.go.jp/common/001026047.pdf,PDL1.0,,
4d572858431ed51b,JP,labor,労務単価,タイル工,所定労働時間内8時間あたり,人日,pref,10,群馬県,,,,23500,JPY,labor_wage_8h,published_pdl,33000,原本の下段(括弧書き): 公共工事設計労務単価+必要経費(法定福利費の事業主負担額、労務管理費、宿舎費等)(参考値),2014-02,2014-02-01,mlit-roumu-h26,p17(横長の表) / p8(縦長の表),https://www.mlit.go.jp/common/001026047.pdf,PDL1.0,,
780c4881074ad6cd,JP,labor,労務単価,サッシ工,所定労働時間内8時間あたり,人日,pref,10,群馬県,,,,21700,JPY,labor_wage_8h,published_pdl,30500,原本の下段(括弧書き): 公共工事設計労務単価+必要経費(法定福利費の事業主負担額、労務管理費、宿舎費等)(参考値),2014-02,2014-02-01,mlit-roumu-h26,p18(横長の表) / p9(縦長の表),https://www.mlit.go.jp/common/001026047.pdf,PDL1.0,,
9a20ad894c2eb6b8,JP,labor,労務単価,内装工,所定労働時間内8時間あたり,人日,pref,10,群馬県,,,,23800,JPY,labor_wage_8h,published_pdl,33500,原本の下段(括弧書き): 公共工事設計労務単価+必要経費(法定福利費の事業主負担額、労務管理費、宿舎費等)(参考値),2014-02,2014-02-01,mlit-roumu-h26,p18(横長の表) / p9(縦長の表),https://www.mlit.go.jp/common/001026047.pdf,PDL1.0,,
6535d9e2efd73aa4,JP,labor,労務単価,ガラス工,所定労働時間内8時間あたり,人日,pref,10,群馬県,,,,21600,JPY,labor_wage_8h,published_pdl,30400,原本の下段(括弧書き): 公共工事設計労務単価+必要経費(法定福利費の事業主負担額、労務管理費、宿舎費等)(参考値),2014-02,2014-02-01,mlit-roumu-h26,p18(横長の表) / p9(縦長の表),https://www.mlit.go.jp/common/001026047.pdf,PDL1.0,,
6bd1abf9520fb3d8,JP,labor,労務単価,建具工,所定労働時間内8時間あたり,人日,pref,10,群馬県,,,,19100,JPY,labor_wage_8h,published_pdl,26900,原本の下段(括弧書き): 公共工事設計労務単価+必要経費(法定福利費の事業主負担額、労務管理費、宿舎費等)(参考値),2014-02,2014-02-01,mlit-roumu-h26,p18(横長の表) / p9(縦長の表),https://www.mlit.go.jp/common/001026047.pdf,PDL1.0,,
4bf654804510ef42,JP,labor,労務単価,ダクト工,所定労働時間内8時間あたり,人日,pref,10,群馬県,,,,18900,JPY,labor_wage_8h,published_pdl,26600,原本の下段(括弧書き): 公共工事設計労務単価+必要経費(法定福利費の事業主負担額、労務管理費、宿舎費等)(参考値),2014-02,2014-02-01,mlit-roumu-h26,p18(横長の表) / p9(縦長の表),https://www.mlit.go.jp/common/001026047.pdf,PDL1.0,,
b7a5b6f3e61856b1,JP,labor,労務単価,保温工,所定労働時間内8時間あたり,人日,pref,10,群馬県,,,,20100,JPY,labor_wage_8h,published_pdl,28300,原本の下段(括弧書き): 公共工事設計労務単価+必要経費(法定福利費の事業主負担額、労務管理費、宿舎費等)(参考値),2014-02,2014-02-01,mlit-roumu-h26,p18(横長の表) / p9(縦長の表),https://www.mlit.go.jp/common/001026047.pdf,PDL1.0,,
2c02add56b168d1b,JP,labor,労務単価,建築ブロック工,所定労働時間内8時間あたり,人日,pref,10,群馬県,,,,21000,JPY,labor_wage_8h,published_pdl,29500,原本の下段(括弧書き): 公共工事設計労務単価+必要経費(法定福利費の事業主負担額、労務管理費、宿舎費等)(参考値),2014-02,2014-02-01,mlit-roumu-h26,p18(横長の表) / p9(縦長の表),https://www.mlit.go.jp/common/001026047.pdf,PDL1.0,,
eb64dd989d4affe5,JP,labor,労務単価,設備機械工,所定労働時間内8時間あたり,人日,pref,10,群馬県,,,,19400,JPY,labor_wage_8h,published_pdl,27300,原本の下段(括弧書き): 公共工事設計労務単価+必要経費(法定福利費の事業主負担額、労務管理費、宿舎費等)(参考値),2014-02,2014-02-01,mlit-roumu-h26,p18(横長の表) / p9(縦長の表),https://www.mlit.go.jp/common/001026047.pdf,PDL1.0,,
1a8a7ceb660efafd,JP,labor,労務単価,交通誘導警備員Ａ,所定労働時間内8時間あたり,人日,pref,10,群馬県,,,,11000,JPY,labor_wage_8h,published_pdl,15500,原本の下段(括弧書き): 公共工事設計労務単価+必要経費(法定福利費の事業主負担額、労務管理費、宿舎費等)(参考値),2014-02,2014-02-01,mlit-roumu-h26,p18(横長の表) / p9(縦長の表),https://www.mlit.go.jp/common/001026047.pdf,PDL1.0,,
80f01e8d450003c7,JP,labor,労務単価,交通誘導警備員Ｂ,所定労働時間内8時間あたり,人日,pref,10,群馬県,,,,9800,JPY,labor_wage_8h,published_pdl,13800,原本の下段(括弧書き): 公共工事設計労務単価+必要経費(法定福利費の事業主負担額、労務管理費、宿舎費等)(参考値),2014-02,2014-02-01,mlit-roumu-h26,p18(横長の表) / p9(縦長の表),https://www.mlit.go.jp/common/001026047.pdf,PDL1.0,,
39d47a46f6605b18,JP,labor,労務単価,特殊作業員,所定労働時間内8時間あたり,人日,pref,11,埼玉県,,,,20200,JPY,labor_wage_8h,published_pdl,28400,原本の下段(括弧書き): 公共工事設計労務単価+必要経費(法定福利費の事業主負担額、労務管理費、宿舎費等)(参考値),2014-02,2014-02-01,mlit-roumu-h26,p16(横長の表) / p5(縦長の表),https://www.mlit.go.jp/common/001026047.pdf,PDL1.0,,
a83bf20843115cc1,JP,labor,労務単価,普通作業員,所定労働時間内8時間あたり,人日,pref,11,埼玉県,,,,18000,JPY,labor_wage_8h,published_pdl,25300,原本の下段(括弧書き): 公共工事設計労務単価+必要経費(法定福利費の事業主負担額、労務管理費、宿舎費等)(参考値),2014-02,2014-02-01,mlit-roumu-h26,p16(横長の表) / p5(縦長の表),https://www.mlit.go.jp/common/001026047.pdf,PDL1.0,,
3e5e96c41093dcda,JP,labor,労務単価,軽作業員,所定労働時間内8時間あたり,人日,pref,11,埼玉県,,,,13000,JPY,labor_wage_8h,published_pdl,18300,原本の下段(括弧書き): 公共工事設計労務単価+必要経費(法定福利費の事業主負担額、労務管理費、宿舎費等)(参考値),2014-02,2014-02-01,mlit-roumu-h26,p16(横長の表) / p5(縦長の表),https://www.mlit.go.jp/common/001026047.pdf,PDL1.0,,
da38259fc909861c,JP,labor,労務単価,造園工,所定労働時間内8時間あたり,人日,pref,11,埼玉県,,,,18900,JPY,labor_wage_8h,published_pdl,26600,原本の下段(括弧書き): 公共工事設計労務単価+必要経費(法定福利費の事業主負担額、労務管理費、宿舎費等)(参考値),2014-02,2014-02-01,mlit-roumu-h26,p16(横長の表) / p5(縦長の表),https://www.mlit.go.jp/common/001026047.pdf,PDL1.0,,
5bce3c39965f115b,JP,labor,労務単価,法面工,所定労働時間内8時間あたり,人日,pref,11,埼玉県,,,,22600,JPY,labor_wage_8h,published_pdl,31800,原本の下段(括弧書き): 公共工事設計労務単価+必要経費(法定福利費の事業主負担額、労務管理費、宿舎費等)(参考値),2014-02,2014-02-01,mlit-roumu-h26,p16(横長の表) / p5(縦長の表),https://www.mlit.go.jp/common/001026047.pdf,PDL1.0,,
ca148da219cbd41c,JP,labor,労務単価,とび工,所定労働時間内8時間あたり,人日,pref,11,埼玉県,,,,23200,JPY,labor_wage_8h,published_pdl,32600,原本の下段(括弧書き): 公共工事設計労務単価+必要経費(法定福利費の事業主負担額、労務管理費、宿舎費等)(参考値),2014-02,2014-02-01,mlit-roumu-h26,p16(横長の表) / p5(縦長の表),https://www.mlit.go.jp/common/001026047.pdf,PDL1.0,,
a56ce6b473186669,JP,labor,労務単価,石工,所定労働時間内8時間あたり,人日,pref,11,埼玉県,,,,23900,JPY,labor_wage_8h,published_pdl,33600,原本の下段(括弧書き): 公共工事設計労務単価+必要経費(法定福利費の事業主負担額、労務管理費、宿舎費等)(参考値),2014-02,2014-02-01,mlit-roumu-h26,p16(横長の表) / p5(縦長の表),https://www.mlit.go.jp/common/001026047.pdf,PDL1.0,,
721f2164059f6e19,JP,labor,労務単価,ブロック工,所定労働時間内8時間あたり,人日,pref,11,埼玉県,,,,22300,JPY,labor_wage_8h,published_pdl,31400,原本の下段(括弧書き): 公共工事設計労務単価+必要経費(法定福利費の事業主負担額、労務管理費、宿舎費等)(参考値),2014-02,2014-02-01,mlit-roumu-h26,p16(横長の表) / p5(縦長の表),https://www.mlit.go.jp/common/001026047.pdf,PDL1.0,,
0433183505930659,JP,labor,労務単価,電工,所定労働時間内8時間あたり,人日,pref,11,埼玉県,,,,20400,JPY,labor_wage_8h,published_pdl,28700,原本の下段(括弧書き): 公共工事設計労務単価+必要経費(法定福利費の事業主負担額、労務管理費、宿舎費等)(参考値),2014-02,2014-02-01,mlit-roumu-h26,p16(横長の表) / p5(縦長の表),https://www.mlit.go.jp/common/001026047.pdf,PDL1.0,,
94caffbbd8e79324,JP,labor,労務単価,鉄筋工,所定労働時間内8時間あたり,人日,pref,11,埼玉県,,,,23500,JPY,labor_wage_8h,published_pdl,33000,原本の下段(括弧書き): 公共工事設計労務単価+必要経費(法定福利費の事業主負担額、労務管理費、宿舎費等)(参考値),2014-02,2014-02-01,mlit-roumu-h26,p16(横長の表) / p5(縦長の表),https://www.mlit.go.jp/common/001026047.pdf,PDL1.0,,
c1912d99da8c4894,JP,labor,労務単価,鉄骨工,所定労働時間内8時間あたり,人日,pref,11,埼玉県,,,,21900,JPY,labor_wage_8h,published_pdl,30800,原本の下段(括弧書き): 公共工事設計労務単価+必要経費(法定福利費の事業主負担額、労務管理費、宿舎費等)(参考値),2014-02,2014-02-01,mlit-roumu-h26,p16(横長の表) / p6(縦長の表),https://www.mlit.go.jp/common/001026047.pdf,PDL1.0,,
2fcef5183fc0df79,JP,labor,労務単価,塗装工,所定労働時間内8時間あたり,人日,pref,11,埼玉県,,,,23200,JPY,labor_wage_8h,published_pdl,32600,原本の下段(括弧書き): 公共工事設計労務単価+必要経費(法定福利費の事業主負担額、労務管理費、宿舎費等)(参考値),2014-02,2014-02-01,mlit-roumu-h26,p16(横長の表) / p6(縦長の表),https://www.mlit.go.jp/common/001026047.pdf,PDL1.0,,
ba4d7affa072f193,JP,labor,労務単価,溶接工,所定労働時間内8時間あたり,人日,pref,11,埼玉県,,,,24700,JPY,labor_wage_8h,published_pdl,34700,原本の下段(括弧書き): 公共工事設計労務単価+必要経費(法定福利費の事業主負担額、労務管理費、宿舎費等)(参考値),2014-02,2014-02-01,mlit-roumu-h26,p16(横長の表) / p6(縦長の表),https://www.mlit.go.jp/common/001026047.pdf,PDL1.0,,
9380a0335874315c,JP,labor,労務単価,運転手（特殊）,所定労働時間内8時間あたり,人日,pref,11,埼玉県,,,,21700,JPY,labor_wage_8h,published_pdl,30500,原本の下段(括弧書き): 公共工事設計労務単価+必要経費(法定福利費の事業主負担額、労務管理費、宿舎費等)(参考値),2014-02,2014-02-01,mlit-roumu-h26,p16(横長の表) / p6(縦長の表),https://www.mlit.go.jp/common/001026047.pdf,PDL1.0,,
1ea9f61d96c47115,JP,labor,労務単価,運転手（一般）,所定労働時間内8時間あたり,人日,pref,11,埼玉県,,,,18800,JPY,labor_wage_8h,published_pdl,26400,原本の下段(括弧書き): 公共工事設計労務単価+必要経費(法定福利費の事業主負担額、労務管理費、宿舎費等)(参考値),2014-02,2014-02-01,mlit-roumu-h26,p16(横長の表) / p6(縦長の表),https://www.mlit.go.jp/common/001026047.pdf,PDL1.0,,
08626676e844ca41,JP,labor,労務単価,潜かん工,所定労働時間内8時間あたり,人日,pref,11,埼玉県,,,,25900,JPY,labor_wage_8h,published_pdl,36400,原本の下段(括弧書き): 公共工事設計労務単価+必要経費(法定福利費の事業主負担額、労務管理費、宿舎費等)(参考値),2014-02,2014-02-01,mlit-roumu-h26,p16(横長の表) / p6(縦長の表),https://www.mlit.go.jp/common/001026047.pdf,PDL1.0,,
003742b8c874948c,JP,labor,労務単価,潜かん世話役,所定労働時間内8時間あたり,人日,pref,11,埼玉県,,,,30600,JPY,labor_wage_8h,published_pdl,43000,原本の下段(括弧書き): 公共工事設計労務単価+必要経費(法定福利費の事業主負担額、労務管理費、宿舎費等)(参考値),2014-02,2014-02-01,mlit-roumu-h26,p16(横長の表) / p6(縦長の表),https://www.mlit.go.jp/common/001026047.pdf,PDL1.0,,
b4b8e4905ec96e86,JP,labor,労務単価,さく岩工,所定労働時間内8時間あたり,人日,pref,11,埼玉県,,,,23500,JPY,labor_wage_8h,published_pdl,33000,原本の下段(括弧書き): 公共工事設計労務単価+必要経費(法定福利費の事業主負担額、労務管理費、宿舎費等)(参考値),2014-02,2014-02-01,mlit-roumu-h26,p16(横長の表) / p6(縦長の表),https://www.mlit.go.jp/common/001026047.pdf,PDL1.0,,
121166256e7c3b9b,JP,labor,労務単価,トンネル特殊工,所定労働時間内8時間あたり,人日,pref,11,埼玉県,,,,24800,JPY,labor_wage_8h,published_pdl,34900,原本の下段(括弧書き): 公共工事設計労務単価+必要経費(法定福利費の事業主負担額、労務管理費、宿舎費等)(参考値),2014-02,2014-02-01,mlit-roumu-h26,p16(横長の表) / p6(縦長の表),https://www.mlit.go.jp/common/001026047.pdf,PDL1.0,,
c7fba5cb1b531d05,JP,labor,労務単価,トンネル作業員,所定労働時間内8時間あたり,人日,pref,11,埼玉県,,,,21100,JPY,labor_wage_8h,published_pdl,29700,原本の下段(括弧書き): 公共工事設計労務単価+必要経費(法定福利費の事業主負担額、労務管理費、宿舎費等)(参考値),2014-02,2014-02-01,mlit-roumu-h26,p16(横長の表) / p6(縦長の表),https://www.mlit.go.jp/common/001026047.pdf,PDL1.0,,
5e87d9493d0649ab,JP,labor,労務単価,トンネル世話役,所定労働時間内8時間あたり,人日,pref,11,埼玉県,,,,27800,JPY,labor_wage_8h,published_pdl,39100,原本の下段(括弧書き): 公共工事設計労務単価+必要経費(法定福利費の事業主負担額、労務管理費、宿舎費等)(参考値),2014-02,2014-02-01,mlit-roumu-h26,p17(横長の表) / p7(縦長の表),https://www.mlit.go.jp/common/001026047.pdf,PDL1.0,,
5993dc35c488c020,JP,labor,労務単価,橋りょう特殊工,所定労働時間内8時間あたり,人日,pref,11,埼玉県,,,,26900,JPY,labor_wage_8h,published_pdl,37800,原本の下段(括弧書き): 公共工事設計労務単価+必要経費(法定福利費の事業主負担額、労務管理費、宿舎費等)(参考値),2014-02,2014-02-01,mlit-roumu-h26,p17(横長の表) / p7(縦長の表),https://www.mlit.go.jp/common/001026047.pdf,PDL1.0,,
43876f2321602da7,JP,labor,労務単価,橋りょう塗装工,所定労働時間内8時間あたり,人日,pref,11,埼玉県,,,,26900,JPY,labor_wage_8h,published_pdl,37800,原本の下段(括弧書き): 公共工事設計労務単価+必要経費(法定福利費の事業主負担額、労務管理費、宿舎費等)(参考値),2014-02,2014-02-01,mlit-roumu-h26,p17(横長の表) / p7(縦長の表),https://www.mlit.go.jp/common/001026047.pdf,PDL1.0,,
200e40e47a8b29ca,JP,labor,労務単価,橋りょう世話役,所定労働時間内8時間あたり,人日,pref,11,埼玉県,,,,29500,JPY,labor_wage_8h,published_pdl,41500,原本の下段(括弧書き): 公共工事設計労務単価+必要経費(法定福利費の事業主負担額、労務管理費、宿舎費等)(参考値),2014-02,2014-02-01,mlit-roumu-h26,p17(横長の表) / p7(縦長の表),https://www.mlit.go.jp/common/001026047.pdf,PDL1.0,,
7330af4820876e60,JP,labor,労務単価,土木一般世話役,所定労働時間内8時間あたり,人日,pref,11,埼玉県,,,,21900,JPY,labor_wage_8h,published_pdl,30800,原本の下段(括弧書き): 公共工事設計労務単価+必要経費(法定福利費の事業主負担額、労務管理費、宿舎費等)(参考値),2014-02,2014-02-01,mlit-roumu-h26,p17(横長の表) / p7(縦長の表),https://www.mlit.go.jp/common/001026047.pdf,PDL1.0,,
85b74ab03aac6fb9,JP,labor,労務単価,高級船員,所定労働時間内8時間あたり,人日,pref,11,埼玉県,,,,27200,JPY,labor_wage_8h,published_pdl,38200,原本の下段(括弧書き): 公共工事設計労務単価+必要経費(法定福利費の事業主負担額、労務管理費、宿舎費等)(参考値),2014-02,2014-02-01,mlit-roumu-h26,p17(横長の表) / p7(縦長の表),https://www.mlit.go.jp/common/001026047.pdf,PDL1.0,,
30bd46ee94fcfbbe,JP,labor,労務単価,普通船員,所定労働時間内8時間あたり,人日,pref,11,埼玉県,,,,21300,JPY,labor_wage_8h,published_pdl,29900,原本の下段(括弧書き): 公共工事設計労務単価+必要経費(法定福利費の事業主負担額、労務管理費、宿舎費等)(参考値),2014-02,2014-02-01,mlit-roumu-h26,p17(横長の表) / p7(縦長の表),https://www.mlit.go.jp/common/001026047.pdf,PDL1.0,,
413f82f46539cbd3,JP,labor,労務単価,潜水士,所定労働時間内8時間あたり,人日,pref,11,埼玉県,,,,34600,JPY,labor_wage_8h,published_pdl,48600,原本の下段(括弧書き): 公共工事設計労務単価+必要経費(法定福利費の事業主負担額、労務管理費、宿舎費等)(参考値),2014-02,2014-02-01,mlit-roumu-h26,p17(横長の表) / p7(縦長の表),https://www.mlit.go.jp/common/001026047.pdf,PDL1.0,,
81cf8ccc93a79e70,JP,labor,労務単価,潜水連絡員,所定労働時間内8時間あたり,人日,pref,11,埼玉県,,,,24600,JPY,labor_wage_8h,published_pdl,34600,原本の下段(括弧書き): 公共工事設計労務単価+必要経費(法定福利費の事業主負担額、労務管理費、宿舎費等)(参考値),2014-02,2014-02-01,mlit-roumu-h26,p17(横長の表) / p7(縦長の表),https://www.mlit.go.jp/common/001026047.pdf,PDL1.0,,
65858378c9f8a536,JP,labor,労務単価,潜水送気員,所定労働時間内8時間あたり,人日,pref,11,埼玉県,,,,24600,JPY,labor_wage_8h,published_pdl,34600,原本の下段(括弧書き): 公共工事設計労務単価+必要経費(法定福利費の事業主負担額、労務管理費、宿舎費等)(参考値),2014-02,2014-02-01,mlit-roumu-h26,p17(横長の表) / p7(縦長の表),https://www.mlit.go.jp/common/001026047.pdf,PDL1.0,,
8ddecbd22df8d0c8,JP,labor,労務単価,山林砂防工,所定労働時間内8時間あたり,人日,pref,11,埼玉県,,,,24900,JPY,labor_wage_8h,published_pdl,35000,原本の下段(括弧書き): 公共工事設計労務単価+必要経費(法定福利費の事業主負担額、労務管理費、宿舎費等)(参考値),2014-02,2014-02-01,mlit-roumu-h26,p17(横長の表) / p8(縦長の表),https://www.mlit.go.jp/common/001026047.pdf,PDL1.0,,
ffaa738f6bb18465,JP,labor,労務単価,軌道工,所定労働時間内8時間あたり,人日,pref,11,埼玉県,,,,40300,JPY,labor_wage_8h,published_pdl,56700,原本の下段(括弧書き): 公共工事設計労務単価+必要経費(法定福利費の事業主負担額、労務管理費、宿舎費等)(参考値),2014-02,2014-02-01,mlit-roumu-h26,p17(横長の表) / p8(縦長の表),https://www.mlit.go.jp/common/001026047.pdf,PDL1.0,,
eae8194209313791,JP,labor,労務単価,型わく工,所定労働時間内8時間あたり,人日,pref,11,埼玉県,,,,22500,JPY,labor_wage_8h,published_pdl,31600,原本の下段(括弧書き): 公共工事設計労務単価+必要経費(法定福利費の事業主負担額、労務管理費、宿舎費等)(参考値),2014-02,2014-02-01,mlit-roumu-h26,p17(横長の表) / p8(縦長の表),https://www.mlit.go.jp/common/001026047.pdf,PDL1.0,,
5961153ad61e57c4,JP,labor,労務単価,大工,所定労働時間内8時間あたり,人日,pref,11,埼玉県,,,,23300,JPY,labor_wage_8h,published_pdl,32800,原本の下段(括弧書き): 公共工事設計労務単価+必要経費(法定福利費の事業主負担額、労務管理費、宿舎費等)(参考値),2014-02,2014-02-01,mlit-roumu-h26,p17(横長の表) / p8(縦長の表),https://www.mlit.go.jp/common/001026047.pdf,PDL1.0,,
86d794ecfa756656,JP,labor,労務単価,左官,所定労働時間内8時間あたり,人日,pref,11,埼玉県,,,,23300,JPY,labor_wage_8h,published_pdl,32800,原本の下段(括弧書き): 公共工事設計労務単価+必要経費(法定福利費の事業主負担額、労務管理費、宿舎費等)(参考値),2014-02,2014-02-01,mlit-roumu-h26,p17(横長の表) / p8(縦長の表),https://www.mlit.go.jp/common/001026047.pdf,PDL1.0,,
d350ed782f52a85b,JP,labor,労務単価,配管工,所定労働時間内8時間あたり,人日,pref,11,埼玉県,,,,19700,JPY,labor_wage_8h,published_pdl,27700,原本の下段(括弧書き): 公共工事設計労務単価+必要経費(法定福利費の事業主負担額、労務管理費、宿舎費等)(参考値),2014-02,2014-02-01,mlit-roumu-h26,p17(横長の表) / p8(縦長の表),https://www.mlit.go.jp/common/001026047.pdf,PDL1.0,,
cd13509ece26a488,JP,labor,労務単価,はつり工,所定労働時間内8時間あたり,人日,pref,11,埼玉県,,,,21600,JPY,labor_wage_8h,published_pdl,30400,原本の下段(括弧書き): 公共工事設計労務単価+必要経費(法定福利費の事業主負担額、労務管理費、宿舎費等)(参考値),2014-02,2014-02-01,mlit-roumu-h26,p17(横長の表) / p8(縦長の表),https://www.mlit.go.jp/common/001026047.pdf,PDL1.0,,
1ba03a126a58cda0,JP,labor,労務単価,防水工,所定労働時間内8時間あたり,人日,pref,11,埼玉県,,,,25100,JPY,labor_wage_8h,published_pdl,35300,原本の下段(括弧書き): 公共工事設計労務単価+必要経費(法定福利費の事業主負担額、労務管理費、宿舎費等)(参考値),2014-02,2014-02-01,mlit-roumu-h26,p17(横長の表) / p8(縦長の表),https://www.mlit.go.jp/common/001026047.pdf,PDL1.0,,
f9a0239d95b29940,JP,labor,労務単価,板金工,所定労働時間内8時間あたり,人日,pref,11,埼玉県,,,,24100,JPY,labor_wage_8h,published_pdl,33900,原本の下段(括弧書き): 公共工事設計労務単価+必要経費(法定福利費の事業主負担額、労務管理費、宿舎費等)(参考値),2014-02,2014-02-01,mlit-roumu-h26,p17(横長の表) / p8(縦長の表),https://www.mlit.go.jp/common/001026047.pdf,PDL1.0,,
9a28161c2bf9c598,JP,labor,労務単価,タイル工,所定労働時間内8時間あたり,人日,pref,11,埼玉県,,,,23500,JPY,labor_wage_8h,published_pdl,33000,原本の下段(括弧書き): 公共工事設計労務単価+必要経費(法定福利費の事業主負担額、労務管理費、宿舎費等)(参考値),2014-02,2014-02-01,mlit-roumu-h26,p17(横長の表) / p8(縦長の表),https://www.mlit.go.jp/common/001026047.pdf,PDL1.0,,
2c218aa44ce9193a,JP,labor,労務単価,サッシ工,所定労働時間内8時間あたり,人日,pref,11,埼玉県,,,,22200,JPY,labor_wage_8h,published_pdl,31200,原本の下段(括弧書き): 公共工事設計労務単価+必要経費(法定福利費の事業主負担額、労務管理費、宿舎費等)(参考値),2014-02,2014-02-01,mlit-roumu-h26,p18(横長の表) / p9(縦長の表),https://www.mlit.go.jp/common/001026047.pdf,PDL1.0,,
23627466d2bbcbca,JP,labor,労務単価,内装工,所定労働時間内8時間あたり,人日,pref,11,埼玉県,,,,24300,JPY,labor_wage_8h,published_pdl,34200,原本の下段(括弧書き): 公共工事設計労務単価+必要経費(法定福利費の事業主負担額、労務管理費、宿舎費等)(参考値),2014-02,2014-02-01,mlit-roumu-h26,p18(横長の表) / p9(縦長の表),https://www.mlit.go.jp/common/001026047.pdf,PDL1.0,,
affdb910a0696789,JP,labor,労務単価,ガラス工,所定労働時間内8時間あたり,人日,pref,11,埼玉県,,,,21500,JPY,labor_wage_8h,published_pdl,30200,原本の下段(括弧書き): 公共工事設計労務単価+必要経費(法定福利費の事業主負担額、労務管理費、宿舎費等)(参考値),2014-02,2014-02-01,mlit-roumu-h26,p18(横長の表) / p9(縦長の表),https://www.mlit.go.jp/common/001026047.pdf,PDL1.0,,
65785c74e4eedc09,JP,labor,労務単価,建具工,所定労働時間内8時間あたり,人日,pref,11,埼玉県,,,,23100,JPY,labor_wage_8h,published_pdl,32500,原本の下段(括弧書き): 公共工事設計労務単価+必要経費(法定福利費の事業主負担額、労務管理費、宿舎費等)(参考値),2014-02,2014-02-01,mlit-roumu-h26,p18(横長の表) / p9(縦長の表),https://www.mlit.go.jp/common/001026047.pdf,PDL1.0,,
aa9b82a188c66abb,JP,labor,労務単価,ダクト工,所定労働時間内8時間あたり,人日,pref,11,埼玉県,,,,20100,JPY,labor_wage_8h,published_pdl,28300,原本の下段(括弧書き): 公共工事設計労務単価+必要経費(法定福利費の事業主負担額、労務管理費、宿舎費等)(参考値),2014-02,2014-02-01,mlit-roumu-h26,p18(横長の表) / p9(縦長の表),https://www.mlit.go.jp/common/001026047.pdf,PDL1.0,,
0c3cdf31bab227e1,JP,labor,労務単価,保温工,所定労働時間内8時間あたり,人日,pref,11,埼玉県,,,,20000,JPY,labor_wage_8h,published_pdl,28100,原本の下段(括弧書き): 公共工事設計労務単価+必要経費(法定福利費の事業主負担額、労務管理費、宿舎費等)(参考値),2014-02,2014-02-01,mlit-roumu-h26,p18(横長の表) / p9(縦長の表),https://www.mlit.go.jp/common/001026047.pdf,PDL1.0,,
7b16d0d025c7be20,JP,labor,労務単価,建築ブロック工,所定労働時間内8時間あたり,人日,pref,11,埼玉県,,,,21300,JPY,labor_wage_8h,published_pdl,29900,原本の下段(括弧書き): 公共工事設計労務単価+必要経費(法定福利費の事業主負担額、労務管理費、宿舎費等)(参考値),2014-02,2014-02-01,mlit-roumu-h26,p18(横長の表) / p9(縦長の表),https://www.mlit.go.jp/common/001026047.pdf,PDL1.0,,
6cd881b0a3b0b822,JP,labor,労務単価,設備機械工,所定労働時間内8時間あたり,人日,pref,11,埼玉県,,,,20700,JPY,labor_wage_8h,published_pdl,29100,原本の下段(括弧書き): 公共工事設計労務単価+必要経費(法定福利費の事業主負担額、労務管理費、宿舎費等)(参考値),2014-02,2014-02-01,mlit-roumu-h26,p18(横長の表) / p9(縦長の表),https://www.mlit.go.jp/common/001026047.pdf,PDL1.0,,
25dccc26f3e2656e,JP,labor,労務単価,交通誘導警備員Ａ,所定労働時間内8時間あたり,人日,pref,11,埼玉県,,,,11800,JPY,labor_wage_8h,published_pdl,16600,原本の下段(括弧書き): 公共工事設計労務単価+必要経費(法定福利費の事業主負担額、労務管理費、宿舎費等)(参考値),2014-02,2014-02-01,mlit-roumu-h26,p18(横長の表) / p9(縦長の表),https://www.mlit.go.jp/common/001026047.pdf,PDL1.0,,
e155ce5bf0f50238,JP,labor,労務単価,交通誘導警備員Ｂ,所定労働時間内8時間あたり,人日,pref,11,埼玉県,,,,10700,JPY,labor_wage_8h,published_pdl,15000,原本の下段(括弧書き): 公共工事設計労務単価+必要経費(法定福利費の事業主負担額、労務管理費、宿舎費等)(参考値),2014-02,2014-02-01,mlit-roumu-h26,p18(横長の表) / p9(縦長の表),https://www.mlit.go.jp/common/001026047.pdf,PDL1.0,,
262e564cc840ed92,JP,labor,労務単価,特殊作業員,所定労働時間内8時間あたり,人日,pref,12,千葉県,,,,21000,JPY,labor_wage_8h,published_pdl,29500,原本の下段(括弧書き): 公共工事設計労務単価+必要経費(法定福利費の事業主負担額、労務管理費、宿舎費等)(参考値),2014-02,2014-02-01,mlit-roumu-h26,p16(横長の表) / p5(縦長の表),https://www.mlit.go.jp/common/001026047.pdf,PDL1.0,,
12865e6ba72e0825,JP,labor,労務単価,普通作業員,所定労働時間内8時間あたり,人日,pref,12,千葉県,,,,17300,JPY,labor_wage_8h,published_pdl,24300,原本の下段(括弧書き): 公共工事設計労務単価+必要経費(法定福利費の事業主負担額、労務管理費、宿舎費等)(参考値),2014-02,2014-02-01,mlit-roumu-h26,p16(横長の表) / p5(縦長の表),https://www.mlit.go.jp/common/001026047.pdf,PDL1.0,,
2d8d22de0f4a2fe4,JP,labor,労務単価,軽作業員,所定労働時間内8時間あたり,人日,pref,12,千葉県,,,,12900,JPY,labor_wage_8h,published_pdl,18100,原本の下段(括弧書き): 公共工事設計労務単価+必要経費(法定福利費の事業主負担額、労務管理費、宿舎費等)(参考値),2014-02,2014-02-01,mlit-roumu-h26,p16(横長の表) / p5(縦長の表),https://www.mlit.go.jp/common/001026047.pdf,PDL1.0,,
4b72b0f802434fb7,JP,labor,労務単価,造園工,所定労働時間内8時間あたり,人日,pref,12,千葉県,,,,19700,JPY,labor_wage_8h,published_pdl,27700,原本の下段(括弧書き): 公共工事設計労務単価+必要経費(法定福利費の事業主負担額、労務管理費、宿舎費等)(参考値),2014-02,2014-02-01,mlit-roumu-h26,p16(横長の表) / p5(縦長の表),https://www.mlit.go.jp/common/001026047.pdf,PDL1.0,,
ce61bcc6a72b5eab,JP,labor,労務単価,法面工,所定労働時間内8時間あたり,人日,pref,12,千葉県,,,,22500,JPY,labor_wage_8h,published_pdl,31600,原本の下段(括弧書き): 公共工事設計労務単価+必要経費(法定福利費の事業主負担額、労務管理費、宿舎費等)(参考値),2014-02,2014-02-01,mlit-roumu-h26,p16(横長の表) / p5(縦長の表),https://www.mlit.go.jp/common/001026047.pdf,PDL1.0,,
fcd426fc18da0e81,JP,labor,労務単価,とび工,所定労働時間内8時間あたり,人日,pref,12,千葉県,,,,24000,JPY,labor_wage_8h,published_pdl,33700,原本の下段(括弧書き): 公共工事設計労務単価+必要経費(法定福利費の事業主負担額、労務管理費、宿舎費等)(参考値),2014-02,2014-02-01,mlit-roumu-h26,p16(横長の表) / p5(縦長の表),https://www.mlit.go.jp/common/001026047.pdf,PDL1.0,,
645b9ab1a3b81069,JP,labor,労務単価,石工,所定労働時間内8時間あたり,人日,pref,12,千葉県,,,,24300,JPY,labor_wage_8h,published_pdl,34200,原本の下段(括弧書き): 公共工事設計労務単価+必要経費(法定福利費の事業主負担額、労務管理費、宿舎費等)(参考値),2014-02,2014-02-01,mlit-roumu-h26,p16(横長の表) / p5(縦長の表),https://www.mlit.go.jp/common/001026047.pdf,PDL1.0,,
b33bcb5924b290da,JP,labor,労務単価,ブロック工,所定労働時間内8時間あたり,人日,pref,12,千葉県,,,,22600,JPY,labor_wage_8h,published_pdl,31800,原本の下段(括弧書き): 公共工事設計労務単価+必要経費(法定福利費の事業主負担額、労務管理費、宿舎費等)(参考値),2014-02,2014-02-01,mlit-roumu-h26,p16(横長の表) / p5(縦長の表),https://www.mlit.go.jp/common/001026047.pdf,PDL1.0,,
2471e5481a1061c5,JP,labor,労務単価,電工,所定労働時間内8時間あたり,人日,pref,12,千葉県,,,,21500,JPY,labor_wage_8h,published_pdl,30200,原本の下段(括弧書き): 公共工事設計労務単価+必要経費(法定福利費の事業主負担額、労務管理費、宿舎費等)(参考値),2014-02,2014-02-01,mlit-roumu-h26,p16(横長の表) / p5(縦長の表),https://www.mlit.go.jp/common/001026047.pdf,PDL1.0,,
1e2331412a9a02d7,JP,labor,労務単価,鉄筋工,所定労働時間内8時間あたり,人日,pref,12,千葉県,,,,24400,JPY,labor_wage_8h,published_pdl,34300,原本の下段(括弧書き): 公共工事設計労務単価+必要経費(法定福利費の事業主負担額、労務管理費、宿舎費等)(参考値),2014-02,2014-02-01,mlit-roumu-h26,p16(横長の表) / p5(縦長の表),https://www.mlit.go.jp/common/001026047.pdf,PDL1.0,,
43f2c41b630f3090,JP,labor,労務単価,鉄骨工,所定労働時間内8時間あたり,人日,pref,12,千葉県,,,,21800,JPY,labor_wage_8h,published_pdl,30700,原本の下段(括弧書き): 公共工事設計労務単価+必要経費(法定福利費の事業主負担額、労務管理費、宿舎費等)(参考値),2014-02,2014-02-01,mlit-roumu-h26,p16(横長の表) / p6(縦長の表),https://www.mlit.go.jp/common/001026047.pdf,PDL1.0,,
b84ba652a23df8a4,JP,labor,労務単価,塗装工,所定労働時間内8時間あたり,人日,pref,12,千葉県,,,,23400,JPY,labor_wage_8h,published_pdl,32900,原本の下段(括弧書き): 公共工事設計労務単価+必要経費(法定福利費の事業主負担額、労務管理費、宿舎費等)(参考値),2014-02,2014-02-01,mlit-roumu-h26,p16(横長の表) / p6(縦長の表),https://www.mlit.go.jp/common/001026047.pdf,PDL1.0,,
47cae9a0115dcede,JP,labor,労務単価,溶接工,所定労働時間内8時間あたり,人日,pref,12,千葉県,,,,24800,JPY,labor_wage_8h,published_pdl,34900,原本の下段(括弧書き): 公共工事設計労務単価+必要経費(法定福利費の事業主負担額、労務管理費、宿舎費等)(参考値),2014-02,2014-02-01,mlit-roumu-h26,p16(横長の表) / p6(縦長の表),https://www.mlit.go.jp/common/001026047.pdf,PDL1.0,,
d8b2c7adf28963e0,JP,labor,労務単価,運転手（特殊）,所定労働時間内8時間あたり,人日,pref,12,千葉県,,,,20900,JPY,labor_wage_8h,published_pdl,29400,原本の下段(括弧書き): 公共工事設計労務単価+必要経費(法定福利費の事業主負担額、労務管理費、宿舎費等)(参考値),2014-02,2014-02-01,mlit-roumu-h26,p16(横長の表) / p6(縦長の表),https://www.mlit.go.jp/common/001026047.pdf,PDL1.0,,
e65a676f95eaa4c3,JP,labor,労務単価,運転手（一般）,所定労働時間内8時間あたり,人日,pref,12,千葉県,,,,18700,JPY,labor_wage_8h,published_pdl,26300,原本の下段(括弧書き): 公共工事設計労務単価+必要経費(法定福利費の事業主負担額、労務管理費、宿舎費等)(参考値),2014-02,2014-02-01,mlit-roumu-h26,p16(横長の表) / p6(縦長の表),https://www.mlit.go.jp/common/001026047.pdf,PDL1.0,,
3c49876c7b959cc4,JP,labor,労務単価,潜かん工,所定労働時間内8時間あたり,人日,pref,12,千葉県,,,,25900,JPY,labor_wage_8h,published_pdl,36400,原本の下段(括弧書き): 公共工事設計労務単価+必要経費(法定福利費の事業主負担額、労務管理費、宿舎費等)(参考値),2014-02,2014-02-01,mlit-roumu-h26,p16(横長の表) / p6(縦長の表),https://www.mlit.go.jp/common/001026047.pdf,PDL1.0,,
12ff3ade4c134d8f,JP,labor,労務単価,潜かん世話役,所定労働時間内8時間あたり,人日,pref,12,千葉県,,,,30600,JPY,labor_wage_8h,published_pdl,43000,原本の下段(括弧書き): 公共工事設計労務単価+必要経費(法定福利費の事業主負担額、労務管理費、宿舎費等)(参考値),2014-02,2014-02-01,mlit-roumu-h26,p16(横長の表) / p6(縦長の表),https://www.mlit.go.jp/common/001026047.pdf,PDL1.0,,
9b6afff75e404b2b,JP,labor,労務単価,さく岩工,所定労働時間内8時間あたり,人日,pref,12,千葉県,,,,23500,JPY,labor_wage_8h,published_pdl,33000,原本の下段(括弧書き): 公共工事設計労務単価+必要経費(法定福利費の事業主負担額、労務管理費、宿舎費等)(参考値),2014-02,2014-02-01,mlit-roumu-h26,p16(横長の表) / p6(縦長の表),https://www.mlit.go.jp/common/001026047.pdf,PDL1.0,,
91418f3cf126a077,JP,labor,労務単価,トンネル特殊工,所定労働時間内8時間あたり,人日,pref,12,千葉県,,,,24600,JPY,labor_wage_8h,published_pdl,34600,原本の下段(括弧書き): 公共工事設計労務単価+必要経費(法定福利費の事業主負担額、労務管理費、宿舎費等)(参考値),2014-02,2014-02-01,mlit-roumu-h26,p16(横長の表) / p6(縦長の表),https://www.mlit.go.jp/common/001026047.pdf,PDL1.0,,
c2b481e9159f3b05,JP,labor,労務単価,トンネル作業員,所定労働時間内8時間あたり,人日,pref,12,千葉県,,,,21000,JPY,labor_wage_8h,published_pdl,29500,原本の下段(括弧書き): 公共工事設計労務単価+必要経費(法定福利費の事業主負担額、労務管理費、宿舎費等)(参考値),2014-02,2014-02-01,mlit-roumu-h26,p16(横長の表) / p6(縦長の表),https://www.mlit.go.jp/common/001026047.pdf,PDL1.0,,
cb9522621724cfe4,JP,labor,労務単価,トンネル世話役,所定労働時間内8時間あたり,人日,pref,12,千葉県,,,,27800,JPY,labor_wage_8h,published_pdl,39100,原本の下段(括弧書き): 公共工事設計労務単価+必要経費(法定福利費の事業主負担額、労務管理費、宿舎費等)(参考値),2014-02,2014-02-01,mlit-roumu-h26,p17(横長の表) / p7(縦長の表),https://www.mlit.go.jp/common/001026047.pdf,PDL1.0,,
a0778bc1d1c6b667,JP,labor,労務単価,橋りょう特殊工,所定労働時間内8時間あたり,人日,pref,12,千葉県,,,,26300,JPY,labor_wage_8h,published_pdl,37000,原本の下段(括弧書き): 公共工事設計労務単価+必要経費(法定福利費の事業主負担額、労務管理費、宿舎費等)(参考値),2014-02,2014-02-01,mlit-roumu-h26,p17(横長の表) / p7(縦長の表),https://www.mlit.go.jp/common/001026047.pdf,PDL1.0,,
1caaa76134dc04de,JP,labor,労務単価,橋りょう塗装工,所定労働時間内8時間あたり,人日,pref,12,千葉県,,,,26900,JPY,labor_wage_8h,published_pdl,37800,原本の下段(括弧書き): 公共工事設計労務単価+必要経費(法定福利費の事業主負担額、労務管理費、宿舎費等)(参考値),2014-02,2014-02-01,mlit-roumu-h26,p17(横長の表) / p7(縦長の表),https://www.mlit.go.jp/common/001026047.pdf,PDL1.0,,
d6e2241d142c2fca,JP,labor,労務単価,橋りょう世話役,所定労働時間内8時間あたり,人日,pref,12,千葉県,,,,29500,JPY,labor_wage_8h,published_pdl,41500,原本の下段(括弧書き): 公共工事設計労務単価+必要経費(法定福利費の事業主負担額、労務管理費、宿舎費等)(参考値),2014-02,2014-02-01,mlit-roumu-h26,p17(横長の表) / p7(縦長の表),https://www.mlit.go.jp/common/001026047.pdf,PDL1.0,,
9208cb83435dad35,JP,labor,労務単価,土木一般世話役,所定労働時間内8時間あたり,人日,pref,12,千葉県,,,,22400,JPY,labor_wage_8h,published_pdl,31500,原本の下段(括弧書き): 公共工事設計労務単価+必要経費(法定福利費の事業主負担額、労務管理費、宿舎費等)(参考値),2014-02,2014-02-01,mlit-roumu-h26,p17(横長の表) / p7(縦長の表),https://www.mlit.go.jp/common/001026047.pdf,PDL1.0,,
36859a2a91bb82f0,JP,labor,労務単価,高級船員,所定労働時間内8時間あたり,人日,pref,12,千葉県,,,,27200,JPY,labor_wage_8h,published_pdl,38200,原本の下段(括弧書き): 公共工事設計労務単価+必要経費(法定福利費の事業主負担額、労務管理費、宿舎費等)(参考値),2014-02,2014-02-01,mlit-roumu-h26,p17(横長の表) / p7(縦長の表),https://www.mlit.go.jp/common/001026047.pdf,PDL1.0,,
0bfad8ff6b5d4b8f,JP,labor,労務単価,普通船員,所定労働時間内8時間あたり,人日,pref,12,千葉県,,,,21300,JPY,labor_wage_8h,published_pdl,29900,原本の下段(括弧書き): 公共工事設計労務単価+必要経費(法定福利費の事業主負担額、労務管理費、宿舎費等)(参考値),2014-02,2014-02-01,mlit-roumu-h26,p17(横長の表) / p7(縦長の表),https://www.mlit.go.jp/common/001026047.pdf,PDL1.0,,
149e579326b8515f,JP,labor,労務単価,潜水士,所定労働時間内8時間あたり,人日,pref,12,千葉県,,,,34600,JPY,labor_wage_8h,published_pdl,48600,原本の下段(括弧書き): 公共工事設計労務単価+必要経費(法定福利費の事業主負担額、労務管理費、宿舎費等)(参考値),2014-02,2014-02-01,mlit-roumu-h26,p17(横長の表) / p7(縦長の表),https://www.mlit.go.jp/common/001026047.pdf,PDL1.0,,
e39d401a5ea6fdaf,JP,labor,労務単価,潜水連絡員,所定労働時間内8時間あたり,人日,pref,12,千葉県,,,,24600,JPY,labor_wage_8h,published_pdl,34600,原本の下段(括弧書き): 公共工事設計労務単価+必要経費(法定福利費の事業主負担額、労務管理費、宿舎費等)(参考値),2014-02,2014-02-01,mlit-roumu-h26,p17(横長の表) / p7(縦長の表),https://www.mlit.go.jp/common/001026047.pdf,PDL1.0,,
820677a9525b09b4,JP,labor,労務単価,潜水送気員,所定労働時間内8時間あたり,人日,pref,12,千葉県,,,,24600,JPY,labor_wage_8h,published_pdl,34600,原本の下段(括弧書き): 公共工事設計労務単価+必要経費(法定福利費の事業主負担額、労務管理費、宿舎費等)(参考値),2014-02,2014-02-01,mlit-roumu-h26,p17(横長の表) / p7(縦長の表),https://www.mlit.go.jp/common/001026047.pdf,PDL1.0,,
10c5a7ff51bdfb1e,JP,labor,労務単価,山林砂防工,所定労働時間内8時間あたり,人日,pref,12,千葉県,,,,25000,JPY,labor_wage_8h,published_pdl,35200,原本の下段(括弧書き): 公共工事設計労務単価+必要経費(法定福利費の事業主負担額、労務管理費、宿舎費等)(参考値),2014-02,2014-02-01,mlit-roumu-h26,p17(横長の表) / p8(縦長の表),https://www.mlit.go.jp/common/001026047.pdf,PDL1.0,,
49e0d0de729ea3c2,JP,labor,労務単価,軌道工,所定労働時間内8時間あたり,人日,pref,12,千葉県,,,,41300,JPY,labor_wage_8h,published_pdl,58100,原本の下段(括弧書き): 公共工事設計労務単価+必要経費(法定福利費の事業主負担額、労務管理費、宿舎費等)(参考値),2014-02,2014-02-01,mlit-roumu-h26,p17(横長の表) / p8(縦長の表),https://www.mlit.go.jp/common/001026047.pdf,PDL1.0,,
fc7c1fd3b8263d84,JP,labor,労務単価,型わく工,所定労働時間内8時間あたり,人日,pref,12,千葉県,,,,21900,JPY,labor_wage_8h,published_pdl,30800,原本の下段(括弧書き): 公共工事設計労務単価+必要経費(法定福利費の事業主負担額、労務管理費、宿舎費等)(参考値),2014-02,2014-02-01,mlit-roumu-h26,p17(横長の表) / p8(縦長の表),https://www.mlit.go.jp/common/001026047.pdf,PDL1.0,,
f17e8396669f4628,JP,labor,労務単価,大工,所定労働時間内8時間あたり,人日,pref,12,千葉県,,,,24800,JPY,labor_wage_8h,published_pdl,34900,原本の下段(括弧書き): 公共工事設計労務単価+必要経費(法定福利費の事業主負担額、労務管理費、宿舎費等)(参考値),2014-02,2014-02-01,mlit-roumu-h26,p17(横長の表) / p8(縦長の表),https://www.mlit.go.jp/common/001026047.pdf,PDL1.0,,
20f4cf14ddeafeb3,JP,labor,労務単価,左官,所定労働時間内8時間あたり,人日,pref,12,千葉県,,,,23800,JPY,labor_wage_8h,published_pdl,33500,原本の下段(括弧書き): 公共工事設計労務単価+必要経費(法定福利費の事業主負担額、労務管理費、宿舎費等)(参考値),2014-02,2014-02-01,mlit-roumu-h26,p17(横長の表) / p8(縦長の表),https://www.mlit.go.jp/common/001026047.pdf,PDL1.0,,
70a589aab1bb6384,JP,labor,労務単価,配管工,所定労働時間内8時間あたり,人日,pref,12,千葉県,,,,20200,JPY,labor_wage_8h,published_pdl,28400,原本の下段(括弧書き): 公共工事設計労務単価+必要経費(法定福利費の事業主負担額、労務管理費、宿舎費等)(参考値),2014-02,2014-02-01,mlit-roumu-h26,p17(横長の表) / p8(縦長の表),https://www.mlit.go.jp/common/001026047.pdf,PDL1.0,,
712dd833f51d4e1a,JP,labor,労務単価,はつり工,所定労働時間内8時間あたり,人日,pref,12,千葉県,,,,22400,JPY,labor_wage_8h,published_pdl,31500,原本の下段(括弧書き): 公共工事設計労務単価+必要経費(法定福利費の事業主負担額、労務管理費、宿舎費等)(参考値),2014-02,2014-02-01,mlit-roumu-h26,p17(横長の表) / p8(縦長の表),https://www.mlit.go.jp/common/001026047.pdf,PDL1.0,,
ca7e62a85b094220,JP,labor,労務単価,防水工,所定労働時間内8時間あたり,人日,pref,12,千葉県,,,,25200,JPY,labor_wage_8h,published_pdl,35400,原本の下段(括弧書き): 公共工事設計労務単価+必要経費(法定福利費の事業主負担額、労務管理費、宿舎費等)(参考値),2014-02,2014-02-01,mlit-roumu-h26,p17(横長の表) / p8(縦長の表),https://www.mlit.go.jp/common/001026047.pdf,PDL1.0,,
eaae613ed43d4b42,JP,labor,労務単価,板金工,所定労働時間内8時間あたり,人日,pref,12,千葉県,,,,24200,JPY,labor_wage_8h,published_pdl,34000,原本の下段(括弧書き): 公共工事設計労務単価+必要経費(法定福利費の事業主負担額、労務管理費、宿舎費等)(参考値),2014-02,2014-02-01,mlit-roumu-h26,p17(横長の表) / p8(縦長の表),https://www.mlit.go.jp/common/001026047.pdf,PDL1.0,,
48145aed0e760e95,JP,labor,労務単価,タイル工,所定労働時間内8時間あたり,人日,pref,12,千葉県,,,,23500,JPY,labor_wage_8h,published_pdl,33000,原本の下段(括弧書き): 公共工事設計労務単価+必要経費(法定福利費の事業主負担額、労務管理費、宿舎費等)(参考値),2014-02,2014-02-01,mlit-roumu-h26,p17(横長の表) / p8(縦長の表),https://www.mlit.go.jp/common/001026047.pdf,PDL1.0,,
33bcf2aa728a3174,JP,labor,労務単価,サッシ工,所定労働時間内8時間あたり,人日,pref,12,千葉県,,,,22300,JPY,labor_wage_8h,published_pdl,31400,原本の下段(括弧書き): 公共工事設計労務単価+必要経費(法定福利費の事業主負担額、労務管理費、宿舎費等)(参考値),2014-02,2014-02-01,mlit-roumu-h26,p18(横長の表) / p9(縦長の表),https://www.mlit.go.jp/common/001026047.pdf,PDL1.0,,
2780eacac0c30337,JP,labor,労務単価,内装工,所定労働時間内8時間あたり,人日,pref,12,千葉県,,,,23000,JPY,labor_wage_8h,published_pdl,32300,原本の下段(括弧書き): 公共工事設計労務単価+必要経費(法定福利費の事業主負担額、労務管理費、宿舎費等)(参考値),2014-02,2014-02-01,mlit-roumu-h26,p18(横長の表) / p9(縦長の表),https://www.mlit.go.jp/common/001026047.pdf,PDL1.0,,
7d283b96155f2472,JP,labor,労務単価,ガラス工,所定労働時間内8時間あたり,人日,pref,12,千葉県,,,,21500,JPY,labor_wage_8h,published_pdl,30200,原本の下段(括弧書き): 公共工事設計労務単価+必要経費(法定福利費の事業主負担額、労務管理費、宿舎費等)(参考値),2014-02,2014-02-01,mlit-roumu-h26,p18(横長の表) / p9(縦長の表),https://www.mlit.go.jp/common/001026047.pdf,PDL1.0,,
66d7215b1e9c66d2,JP,labor,労務単価,建具工,所定労働時間内8時間あたり,人日,pref,12,千葉県,,,,23100,JPY,labor_wage_8h,published_pdl,32500,原本の下段(括弧書き): 公共工事設計労務単価+必要経費(法定福利費の事業主負担額、労務管理費、宿舎費等)(参考値),2014-02,2014-02-01,mlit-roumu-h26,p18(横長の表) / p9(縦長の表),https://www.mlit.go.jp/common/001026047.pdf,PDL1.0,,
a6f3db564f0bdf19,JP,labor,労務単価,ダクト工,所定労働時間内8時間あたり,人日,pref,12,千葉県,,,,20200,JPY,labor_wage_8h,published_pdl,28400,原本の下段(括弧書き): 公共工事設計労務単価+必要経費(法定福利費の事業主負担額、労務管理費、宿舎費等)(参考値),2014-02,2014-02-01,mlit-roumu-h26,p18(横長の表) / p9(縦長の表),https://www.mlit.go.jp/common/001026047.pdf,PDL1.0,,
b7190df218928fee,JP,labor,労務単価,保温工,所定労働時間内8時間あたり,人日,pref,12,千葉県,,,,20000,JPY,labor_wage_8h,published_pdl,28100,原本の下段(括弧書き): 公共工事設計労務単価+必要経費(法定福利費の事業主負担額、労務管理費、宿舎費等)(参考値),2014-02,2014-02-01,mlit-roumu-h26,p18(横長の表) / p9(縦長の表),https://www.mlit.go.jp/common/001026047.pdf,PDL1.0,,
8c55ec61f854af09,JP,labor,労務単価,建築ブロック工,所定労働時間内8時間あたり,人日,pref,12,千葉県,,,,21300,JPY,labor_wage_8h,published_pdl,29900,原本の下段(括弧書き): 公共工事設計労務単価+必要経費(法定福利費の事業主負担額、労務管理費、宿舎費等)(参考値),2014-02,2014-02-01,mlit-roumu-h26,p18(横長の表) / p9(縦長の表),https://www.mlit.go.jp/common/001026047.pdf,PDL1.0,,
65c3568ab7cd967e,JP,labor,労務単価,設備機械工,所定労働時間内8時間あたり,人日,pref,12,千葉県,,,,21000,JPY,labor_wage_8h,published_pdl,29500,原本の下段(括弧書き): 公共工事設計労務単価+必要経費(法定福利費の事業主負担額、労務管理費、宿舎費等)(参考値),2014-02,2014-02-01,mlit-roumu-h26,p18(横長の表) / p9(縦長の表),https://www.mlit.go.jp/common/001026047.pdf,PDL1.0,,
ce21ded57cde0fad,JP,labor,労務単価,交通誘導警備員Ａ,所定労働時間内8時間あたり,人日,pref,12,千葉県,,,,12200,JPY,labor_wage_8h,published_pdl,17200,原本の下段(括弧書き): 公共工事設計労務単価+必要経費(法定福利費の事業主負担額、労務管理費、宿舎費等)(参考値),2014-02,2014-02-01,mlit-roumu-h26,p18(横長の表) / p9(縦長の表),https://www.mlit.go.jp/common/001026047.pdf,PDL1.0,,
5833c30f5cc505d9,JP,labor,労務単価,交通誘導警備員Ｂ,所定労働時間内8時間あたり,人日,pref,12,千葉県,,,,10700,JPY,labor_wage_8h,published_pdl,15000,原本の下段(括弧書き): 公共工事設計労務単価+必要経費(法定福利費の事業主負担額、労務管理費、宿舎費等)(参考値),2014-02,2014-02-01,mlit-roumu-h26,p18(横長の表) / p9(縦長の表),https://www.mlit.go.jp/common/001026047.pdf,PDL1.0,,
cfb884810e591f8f,JP,labor,労務単価,特殊作業員,所定労働時間内8時間あたり,人日,pref,13,東京都,,,,21600,JPY,labor_wage_8h,published_pdl,30400,原本の下段(括弧書き): 公共工事設計労務単価+必要経費(法定福利費の事業主負担額、労務管理費、宿舎費等)(参考値),2014-02,2014-02-01,mlit-roumu-h26,p16(横長の表) / p5(縦長の表),https://www.mlit.go.jp/common/001026047.pdf,PDL1.0,,
45e1a3753ee7c843,JP,labor,労務単価,普通作業員,所定労働時間内8時間あたり,人日,pref,13,東京都,,,,18900,JPY,labor_wage_8h,published_pdl,26600,原本の下段(括弧書き): 公共工事設計労務単価+必要経費(法定福利費の事業主負担額、労務管理費、宿舎費等)(参考値),2014-02,2014-02-01,mlit-roumu-h26,p16(横長の表) / p5(縦長の表),https://www.mlit.go.jp/common/001026047.pdf,PDL1.0,,
82025e4971f8ed63,JP,labor,労務単価,軽作業員,所定労働時間内8時間あたり,人日,pref,13,東京都,,,,13500,JPY,labor_wage_8h,published_pdl,19000,原本の下段(括弧書き): 公共工事設計労務単価+必要経費(法定福利費の事業主負担額、労務管理費、宿舎費等)(参考値),2014-02,2014-02-01,mlit-roumu-h26,p16(横長の表) / p5(縦長の表),https://www.mlit.go.jp/common/001026047.pdf,PDL1.0,,
928b1f9ad98c13ee,JP,labor,労務単価,造園工,所定労働時間内8時間あたり,人日,pref,13,東京都,,,,19700,JPY,labor_wage_8h,published_pdl,27700,原本の下段(括弧書き): 公共工事設計労務単価+必要経費(法定福利費の事業主負担額、労務管理費、宿舎費等)(参考値),2014-02,2014-02-01,mlit-roumu-h26,p16(横長の表) / p5(縦長の表),https://www.mlit.go.jp/common/001026047.pdf,PDL1.0,,
2c01eb200ec15ffb,JP,labor,労務単価,法面工,所定労働時間内8時間あたり,人日,pref,13,東京都,,,,23600,JPY,labor_wage_8h,published_pdl,33200,原本の下段(括弧書き): 公共工事設計労務単価+必要経費(法定福利費の事業主負担額、労務管理費、宿舎費等)(参考値),2014-02,2014-02-01,mlit-roumu-h26,p16(横長の表) / p5(縦長の表),https://www.mlit.go.jp/common/001026047.pdf,PDL1.0,,
0704c375d7638639,JP,labor,労務単価,とび工,所定労働時間内8時間あたり,人日,pref,13,東京都,,,,23800,JPY,labor_wage_8h,published_pdl,33500,原本の下段(括弧書き): 公共工事設計労務単価+必要経費(法定福利費の事業主負担額、労務管理費、宿舎費等)(参考値),2014-02,2014-02-01,mlit-roumu-h26,p16(横長の表) / p5(縦長の表),https://www.mlit.go.jp/common/001026047.pdf,PDL1.0,,
4e9fb2d9aaa8dfe9,JP,labor,労務単価,石工,所定労働時間内8時間あたり,人日,pref,13,東京都,,,,24300,JPY,labor_wage_8h,published_pdl,34200,原本の下段(括弧書き): 公共工事設計労務単価+必要経費(法定福利費の事業主負担額、労務管理費、宿舎費等)(参考値),2014-02,2014-02-01,mlit-roumu-h26,p16(横長の表) / p5(縦長の表),https://www.mlit.go.jp/common/001026047.pdf,PDL1.0,,
a15bf06040fd6b15,JP,labor,労務単価,ブロック工,所定労働時間内8時間あたり,人日,pref,13,東京都,,,,23000,JPY,labor_wage_8h,published_pdl,32300,原本の下段(括弧書き): 公共工事設計労務単価+必要経費(法定福利費の事業主負担額、労務管理費、宿舎費等)(参考値),2014-02,2014-02-01,mlit-roumu-h26,p16(横長の表) / p5(縦長の表),https://www.mlit.go.jp/common/001026047.pdf,PDL1.0,,
fcd6e56ded6a59bf,JP,labor,労務単価,電工,所定労働時間内8時間あたり,人日,pref,13,東京都,,,,22600,JPY,labor_wage_8h,published_pdl,31800,原本の下段(括弧書き): 公共工事設計労務単価+必要経費(法定福利費の事業主負担額、労務管理費、宿舎費等)(参考値),2014-02,2014-02-01,mlit-roumu-h26,p16(横長の表) / p5(縦長の表),https://www.mlit.go.jp/common/001026047.pdf,PDL1.0,,
3c59ac38c7963566,JP,labor,労務単価,鉄筋工,所定労働時間内8時間あたり,人日,pref,13,東京都,,,,24000,JPY,labor_wage_8h,published_pdl,33700,原本の下段(括弧書き): 公共工事設計労務単価+必要経費(法定福利費の事業主負担額、労務管理費、宿舎費等)(参考値),2014-02,2014-02-01,mlit-roumu-h26,p16(横長の表) / p5(縦長の表),https://www.mlit.go.jp/common/001026047.pdf,PDL1.0,,
ac72d11272dee481,JP,labor,労務単価,鉄骨工,所定労働時間内8時間あたり,人日,pref,13,東京都,,,,22500,JPY,labor_wage_8h,published_pdl,31600,原本の下段(括弧書き): 公共工事設計労務単価+必要経費(法定福利費の事業主負担額、労務管理費、宿舎費等)(参考値),2014-02,2014-02-01,mlit-roumu-h26,p16(横長の表) / p6(縦長の表),https://www.mlit.go.jp/common/001026047.pdf,PDL1.0,,
773b26bdff64c9de,JP,labor,労務単価,塗装工,所定労働時間内8時間あたり,人日,pref,13,東京都,,,,24600,JPY,labor_wage_8h,published_pdl,34600,原本の下段(括弧書き): 公共工事設計労務単価+必要経費(法定福利費の事業主負担額、労務管理費、宿舎費等)(参考値),2014-02,2014-02-01,mlit-roumu-h26,p16(横長の表) / p6(縦長の表),https://www.mlit.go.jp/common/001026047.pdf,PDL1.0,,
e7ca4cfb206cf9ac,JP,labor,労務単価,溶接工,所定労働時間内8時間あたり,人日,pref,13,東京都,,,,26300,JPY,labor_wage_8h,published_pdl,37000,原本の下段(括弧書き): 公共工事設計労務単価+必要経費(法定福利費の事業主負担額、労務管理費、宿舎費等)(参考値),2014-02,2014-02-01,mlit-roumu-h26,p16(横長の表) / p6(縦長の表),https://www.mlit.go.jp/common/001026047.pdf,PDL1.0,,
0bb6bc2480178b8b,JP,labor,労務単価,運転手（特殊）,所定労働時間内8時間あたり,人日,pref,13,東京都,,,,21200,JPY,labor_wage_8h,published_pdl,29800,原本の下段(括弧書き): 公共工事設計労務単価+必要経費(法定福利費の事業主負担額、労務管理費、宿舎費等)(参考値),2014-02,2014-02-01,mlit-roumu-h26,p16(横長の表) / p6(縦長の表),https://www.mlit.go.jp/common/001026047.pdf,PDL1.0,,
7bd6cb0403439dfa,JP,labor,労務単価,運転手（一般）,所定労働時間内8時間あたり,人日,pref,13,東京都,,,,17600,JPY,labor_wage_8h,published_pdl,24700,原本の下段(括弧書き): 公共工事設計労務単価+必要経費(法定福利費の事業主負担額、労務管理費、宿舎費等)(参考値),2014-02,2014-02-01,mlit-roumu-h26,p16(横長の表) / p6(縦長の表),https://www.mlit.go.jp/common/001026047.pdf,PDL1.0,,
6ebfcba926007311,JP,labor,労務単価,潜かん工,所定労働時間内8時間あたり,人日,pref,13,東京都,,,,25900,JPY,labor_wage_8h,published_pdl,36400,原本の下段(括弧書き): 公共工事設計労務単価+必要経費(法定福利費の事業主負担額、労務管理費、宿舎費等)(参考値),2014-02,2014-02-01,mlit-roumu-h26,p16(横長の表) / p6(縦長の表),https://www.mlit.go.jp/common/001026047.pdf,PDL1.0,,
1ef27b3ca877e4bb,JP,labor,労務単価,潜かん世話役,所定労働時間内8時間あたり,人日,pref,13,東京都,,,,30600,JPY,labor_wage_8h,published_pdl,43000,原本の下段(括弧書き): 公共工事設計労務単価+必要経費(法定福利費の事業主負担額、労務管理費、宿舎費等)(参考値),2014-02,2014-02-01,mlit-roumu-h26,p16(横長の表) / p6(縦長の表),https://www.mlit.go.jp/common/001026047.pdf,PDL1.0,,
94463ce5b24a35e2,JP,labor,労務単価,さく岩工,所定労働時間内8時間あたり,人日,pref,13,東京都,,,,23500,JPY,labor_wage_8h,published_pdl,33000,原本の下段(括弧書き): 公共工事設計労務単価+必要経費(法定福利費の事業主負担額、労務管理費、宿舎費等)(参考値),2014-02,2014-02-01,mlit-roumu-h26,p16(横長の表) / p6(縦長の表),https://www.mlit.go.jp/common/001026047.pdf,PDL1.0,,
6e94cfdaad3f588a,JP,labor,労務単価,トンネル特殊工,所定労働時間内8時間あたり,人日,pref,13,東京都,,,,24400,JPY,labor_wage_8h,published_pdl,34300,原本の下段(括弧書き): 公共工事設計労務単価+必要経費(法定福利費の事業主負担額、労務管理費、宿舎費等)(参考値),2014-02,2014-02-01,mlit-roumu-h26,p16(横長の表) / p6(縦長の表),https://www.mlit.go.jp/common/001026047.pdf,PDL1.0,,
9cf64e2dbacf34f9,JP,labor,労務単価,トンネル作業員,所定労働時間内8時間あたり,人日,pref,13,東京都,,,,21000,JPY,labor_wage_8h,published_pdl,29500,原本の下段(括弧書き): 公共工事設計労務単価+必要経費(法定福利費の事業主負担額、労務管理費、宿舎費等)(参考値),2014-02,2014-02-01,mlit-roumu-h26,p16(横長の表) / p6(縦長の表),https://www.mlit.go.jp/common/001026047.pdf,PDL1.0,,
d9027f0963314a3f,JP,labor,労務単価,トンネル世話役,所定労働時間内8時間あたり,人日,pref,13,東京都,,,,27800,JPY,labor_wage_8h,published_pdl,39100,原本の下段(括弧書き): 公共工事設計労務単価+必要経費(法定福利費の事業主負担額、労務管理費、宿舎費等)(参考値),2014-02,2014-02-01,mlit-roumu-h26,p17(横長の表) / p7(縦長の表),https://www.mlit.go.jp/common/001026047.pdf,PDL1.0,,
85a7e2792a4cf3b5,JP,labor,労務単価,橋りょう特殊工,所定労働時間内8時間あたり,人日,pref,13,東京都,,,,26100,JPY,labor_wage_8h,published_pdl,36700,原本の下段(括弧書き): 公共工事設計労務単価+必要経費(法定福利費の事業主負担額、労務管理費、宿舎費等)(参考値),2014-02,2014-02-01,mlit-roumu-h26,p17(横長の表) / p7(縦長の表),https://www.mlit.go.jp/common/001026047.pdf,PDL1.0,,
743aaf5613f15a70,JP,labor,労務単価,橋りょう塗装工,所定労働時間内8時間あたり,人日,pref,13,東京都,,,,26900,JPY,labor_wage_8h,published_pdl,37800,原本の下段(括弧書き): 公共工事設計労務単価+必要経費(法定福利費の事業主負担額、労務管理費、宿舎費等)(参考値),2014-02,2014-02-01,mlit-roumu-h26,p17(横長の表) / p7(縦長の表),https://www.mlit.go.jp/common/001026047.pdf,PDL1.0,,
b5fe35bff16e7a52,JP,labor,労務単価,橋りょう世話役,所定労働時間内8時間あたり,人日,pref,13,東京都,,,,29900,JPY,labor_wage_8h,published_pdl,42000,原本の下段(括弧書き): 公共工事設計労務単価+必要経費(法定福利費の事業主負担額、労務管理費、宿舎費等)(参考値),2014-02,2014-02-01,mlit-roumu-h26,p17(横長の表) / p7(縦長の表),https://www.mlit.go.jp/common/001026047.pdf,PDL1.0,,
ce2ae23419c32ed9,JP,labor,労務単価,土木一般世話役,所定労働時間内8時間あたり,人日,pref,13,東京都,,,,23000,JPY,labor_wage_8h,published_pdl,32300,原本の下段(括弧書き): 公共工事設計労務単価+必要経費(法定福利費の事業主負担額、労務管理費、宿舎費等)(参考値),2014-02,2014-02-01,mlit-roumu-h26,p17(横長の表) / p7(縦長の表),https://www.mlit.go.jp/common/001026047.pdf,PDL1.0,,
2dedf3ec2910d392,JP,labor,労務単価,高級船員,所定労働時間内8時間あたり,人日,pref,13,東京都,,,,27200,JPY,labor_wage_8h,published_pdl,38200,原本の下段(括弧書き): 公共工事設計労務単価+必要経費(法定福利費の事業主負担額、労務管理費、宿舎費等)(参考値),2014-02,2014-02-01,mlit-roumu-h26,p17(横長の表) / p7(縦長の表),https://www.mlit.go.jp/common/001026047.pdf,PDL1.0,,
55bed19d87fbd041,JP,labor,労務単価,普通船員,所定労働時間内8時間あたり,人日,pref,13,東京都,,,,21300,JPY,labor_wage_8h,published_pdl,29900,原本の下段(括弧書き): 公共工事設計労務単価+必要経費(法定福利費の事業主負担額、労務管理費、宿舎費等)(参考値),2014-02,2014-02-01,mlit-roumu-h26,p17(横長の表) / p7(縦長の表),https://www.mlit.go.jp/common/001026047.pdf,PDL1.0,,
a8a74b674a16b58d,JP,labor,労務単価,潜水士,所定労働時間内8時間あたり,人日,pref,13,東京都,,,,35700,JPY,labor_wage_8h,published_pdl,50200,原本の下段(括弧書き): 公共工事設計労務単価+必要経費(法定福利費の事業主負担額、労務管理費、宿舎費等)(参考値),2014-02,2014-02-01,mlit-roumu-h26,p17(横長の表) / p7(縦長の表),https://www.mlit.go.jp/common/001026047.pdf,PDL1.0,,
5ae4dcd447d904ea,JP,labor,労務単価,潜水連絡員,所定労働時間内8時間あたり,人日,pref,13,東京都,,,,24600,JPY,labor_wage_8h,published_pdl,34600,原本の下段(括弧書き): 公共工事設計労務単価+必要経費(法定福利費の事業主負担額、労務管理費、宿舎費等)(参考値),2014-02,2014-02-01,mlit-roumu-h26,p17(横長の表) / p7(縦長の表),https://www.mlit.go.jp/common/001026047.pdf,PDL1.0,,
7918d3d0459dda35,JP,labor,労務単価,潜水送気員,所定労働時間内8時間あたり,人日,pref,13,東京都,,,,24400,JPY,labor_wage_8h,published_pdl,34300,原本の下段(括弧書き): 公共工事設計労務単価+必要経費(法定福利費の事業主負担額、労務管理費、宿舎費等)(参考値),2014-02,2014-02-01,mlit-roumu-h26,p17(横長の表) / p7(縦長の表),https://www.mlit.go.jp/common/001026047.pdf,PDL1.0,,
d2489924579239cd,JP,labor,労務単価,山林砂防工,所定労働時間内8時間あたり,人日,pref,13,東京都,,,,25500,JPY,labor_wage_8h,published_pdl,35900,原本の下段(括弧書き): 公共工事設計労務単価+必要経費(法定福利費の事業主負担額、労務管理費、宿舎費等)(参考値),2014-02,2014-02-01,mlit-roumu-h26,p17(横長の表) / p8(縦長の表),https://www.mlit.go.jp/common/001026047.pdf,PDL1.0,,
bac44cc0a9a7a7af,JP,labor,労務単価,軌道工,所定労働時間内8時間あたり,人日,pref,13,東京都,,,,39400,JPY,labor_wage_8h,published_pdl,55400,原本の下段(括弧書き): 公共工事設計労務単価+必要経費(法定福利費の事業主負担額、労務管理費、宿舎費等)(参考値),2014-02,2014-02-01,mlit-roumu-h26,p17(横長の表) / p8(縦長の表),https://www.mlit.go.jp/common/001026047.pdf,PDL1.0,,
ab56f3311df340ec,JP,labor,労務単価,型わく工,所定労働時間内8時間あたり,人日,pref,13,東京都,,,,22800,JPY,labor_wage_8h,published_pdl,32100,原本の下段(括弧書き): 公共工事設計労務単価+必要経費(法定福利費の事業主負担額、労務管理費、宿舎費等)(参考値),2014-02,2014-02-01,mlit-roumu-h26,p17(横長の表) / p8(縦長の表),https://www.mlit.go.jp/common/001026047.pdf,PDL1.0,,
285234c88230c68c,JP,labor,労務単価,大工,所定労働時間内8時間あたり,人日,pref,13,東京都,,,,24700,JPY,labor_wage_8h,published_pdl,34700,原本の下段(括弧書き): 公共工事設計労務単価+必要経費(法定福利費の事業主負担額、労務管理費、宿舎費等)(参考値),2014-02,2014-02-01,mlit-roumu-h26,p17(横長の表) / p8(縦長の表),https://www.mlit.go.jp/common/001026047.pdf,PDL1.0,,
f1639b96dfd5e031,JP,labor,労務単価,左官,所定労働時間内8時間あたり,人日,pref,13,東京都,,,,24100,JPY,labor_wage_8h,published_pdl,33900,原本の下段(括弧書き): 公共工事設計労務単価+必要経費(法定福利費の事業主負担額、労務管理費、宿舎費等)(参考値),2014-02,2014-02-01,mlit-roumu-h26,p17(横長の表) / p8(縦長の表),https://www.mlit.go.jp/common/001026047.pdf,PDL1.0,,
575acae56315ecef,JP,labor,労務単価,配管工,所定労働時間内8時間あたり,人日,pref,13,東京都,,,,20400,JPY,labor_wage_8h,published_pdl,28700,原本の下段(括弧書き): 公共工事設計労務単価+必要経費(法定福利費の事業主負担額、労務管理費、宿舎費等)(参考値),2014-02,2014-02-01,mlit-roumu-h26,p17(横長の表) / p8(縦長の表),https://www.mlit.go.jp/common/001026047.pdf,PDL1.0,,
10705d2d388c7f60,JP,labor,労務単価,はつり工,所定労働時間内8時間あたり,人日,pref,13,東京都,,,,22900,JPY,labor_wage_8h,published_pdl,32200,原本の下段(括弧書き): 公共工事設計労務単価+必要経費(法定福利費の事業主負担額、労務管理費、宿舎費等)(参考値),2014-02,2014-02-01,mlit-roumu-h26,p17(横長の表) / p8(縦長の表),https://www.mlit.go.jp/common/001026047.pdf,PDL1.0,,
dd8ce37acfa29d27,JP,labor,労務単価,防水工,所定労働時間内8時間あたり,人日,pref,13,東京都,,,,26000,JPY,labor_wage_8h,published_pdl,36600,原本の下段(括弧書き): 公共工事設計労務単価+必要経費(法定福利費の事業主負担額、労務管理費、宿舎費等)(参考値),2014-02,2014-02-01,mlit-roumu-h26,p17(横長の表) / p8(縦長の表),https://www.mlit.go.jp/common/001026047.pdf,PDL1.0,,
c5a556122016b124,JP,labor,労務単価,板金工,所定労働時間内8時間あたり,人日,pref,13,東京都,,,,24200,JPY,labor_wage_8h,published_pdl,34000,原本の下段(括弧書き): 公共工事設計労務単価+必要経費(法定福利費の事業主負担額、労務管理費、宿舎費等)(参考値),2014-02,2014-02-01,mlit-roumu-h26,p17(横長の表) / p8(縦長の表),https://www.mlit.go.jp/common/001026047.pdf,PDL1.0,,
8e773bfbb326cc1b,JP,labor,労務単価,タイル工,所定労働時間内8時間あたり,人日,pref,13,東京都,,,,23500,JPY,labor_wage_8h,published_pdl,33000,原本の下段(括弧書き): 公共工事設計労務単価+必要経費(法定福利費の事業主負担額、労務管理費、宿舎費等)(参考値),2014-02,2014-02-01,mlit-roumu-h26,p17(横長の表) / p8(縦長の表),https://www.mlit.go.jp/common/001026047.pdf,PDL1.0,,
65d382e384958581,JP,labor,労務単価,サッシ工,所定労働時間内8時間あたり,人日,pref,13,東京都,,,,22400,JPY,labor_wage_8h,published_pdl,31500,原本の下段(括弧書き): 公共工事設計労務単価+必要経費(法定福利費の事業主負担額、労務管理費、宿舎費等)(参考値),2014-02,2014-02-01,mlit-roumu-h26,p18(横長の表) / p9(縦長の表),https://www.mlit.go.jp/common/001026047.pdf,PDL1.0,,
6bde358d89c17252,JP,labor,労務単価,内装工,所定労働時間内8時間あたり,人日,pref,13,東京都,,,,23000,JPY,labor_wage_8h,published_pdl,32300,原本の下段(括弧書き): 公共工事設計労務単価+必要経費(法定福利費の事業主負担額、労務管理費、宿舎費等)(参考値),2014-02,2014-02-01,mlit-roumu-h26,p18(横長の表) / p9(縦長の表),https://www.mlit.go.jp/common/001026047.pdf,PDL1.0,,
45c5d3d2234852c5,JP,labor,労務単価,ガラス工,所定労働時間内8時間あたり,人日,pref,13,東京都,,,,21500,JPY,labor_wage_8h,published_pdl,30200,原本の下段(括弧書き): 公共工事設計労務単価+必要経費(法定福利費の事業主負担額、労務管理費、宿舎費等)(参考値),2014-02,2014-02-01,mlit-roumu-h26,p18(横長の表) / p9(縦長の表),https://www.mlit.go.jp/common/001026047.pdf,PDL1.0,,
5a7f7aff810e3f71,JP,labor,労務単価,建具工,所定労働時間内8時間あたり,人日,pref,13,東京都,,,,23100,JPY,labor_wage_8h,published_pdl,32500,原本の下段(括弧書き): 公共工事設計労務単価+必要経費(法定福利費の事業主負担額、労務管理費、宿舎費等)(参考値),2014-02,2014-02-01,mlit-roumu-h26,p18(横長の表) / p9(縦長の表),https://www.mlit.go.jp/common/001026047.pdf,PDL1.0,,
4ec5b9b710c04682,JP,labor,労務単価,ダクト工,所定労働時間内8時間あたり,人日,pref,13,東京都,,,,20500,JPY,labor_wage_8h,published_pdl,28800,原本の下段(括弧書き): 公共工事設計労務単価+必要経費(法定福利費の事業主負担額、労務管理費、宿舎費等)(参考値),2014-02,2014-02-01,mlit-roumu-h26,p18(横長の表) / p9(縦長の表),https://www.mlit.go.jp/common/001026047.pdf,PDL1.0,,
08a1ed4f99fd7d20,JP,labor,労務単価,保温工,所定労働時間内8時間あたり,人日,pref,13,東京都,,,,20000,JPY,labor_wage_8h,published_pdl,28100,原本の下段(括弧書き): 公共工事設計労務単価+必要経費(法定福利費の事業主負担額、労務管理費、宿舎費等)(参考値),2014-02,2014-02-01,mlit-roumu-h26,p18(横長の表) / p9(縦長の表),https://www.mlit.go.jp/common/001026047.pdf,PDL1.0,,
4c6011fb3ee91d74,JP,labor,労務単価,建築ブロック工,所定労働時間内8時間あたり,人日,pref,13,東京都,,,,21300,JPY,labor_wage_8h,published_pdl,29900,原本の下段(括弧書き): 公共工事設計労務単価+必要経費(法定福利費の事業主負担額、労務管理費、宿舎費等)(参考値),2014-02,2014-02-01,mlit-roumu-h26,p18(横長の表) / p9(縦長の表),https://www.mlit.go.jp/common/001026047.pdf,PDL1.0,,
6399cd4b145b8cf9,JP,labor,労務単価,設備機械工,所定労働時間内8時間あたり,人日,pref,13,東京都,,,,21000,JPY,labor_wage_8h,published_pdl,29500,原本の下段(括弧書き): 公共工事設計労務単価+必要経費(法定福利費の事業主負担額、労務管理費、宿舎費等)(参考値),2014-02,2014-02-01,mlit-roumu-h26,p18(横長の表) / p9(縦長の表),https://www.mlit.go.jp/common/001026047.pdf,PDL1.0,,
0667f9fd3b2cd6c1,JP,labor,労務単価,交通誘導警備員Ａ,所定労働時間内8時間あたり,人日,pref,13,東京都,,,,12400,JPY,labor_wage_8h,published_pdl,17400,原本の下段(括弧書き): 公共工事設計労務単価+必要経費(法定福利費の事業主負担額、労務管理費、宿舎費等)(参考値),2014-02,2014-02-01,mlit-roumu-h26,p18(横長の表) / p9(縦長の表),https://www.mlit.go.jp/common/001026047.pdf,PDL1.0,,
67d6286ca4c83877,JP,labor,労務単価,交通誘導警備員Ｂ,所定労働時間内8時間あたり,人日,pref,13,東京都,,,,10900,JPY,labor_wage_8h,published_pdl,15300,原本の下段(括弧書き): 公共工事設計労務単価+必要経費(法定福利費の事業主負担額、労務管理費、宿舎費等)(参考値),2014-02,2014-02-01,mlit-roumu-h26,p18(横長の表) / p9(縦長の表),https://www.mlit.go.jp/common/001026047.pdf,PDL1.0,,
77d0faeee6bf0bf3,JP,labor,労務単価,特殊作業員,所定労働時間内8時間あたり,人日,pref,14,神奈川県,,,,21900,JPY,labor_wage_8h,published_pdl,30800,原本の下段(括弧書き): 公共工事設計労務単価+必要経費(法定福利費の事業主負担額、労務管理費、宿舎費等)(参考値),2014-02,2014-02-01,mlit-roumu-h26,p16(横長の表) / p5(縦長の表),https://www.mlit.go.jp/common/001026047.pdf,PDL1.0,,
ff48c8986021dc35,JP,labor,労務単価,普通作業員,所定労働時間内8時間あたり,人日,pref,14,神奈川県,,,,18900,JPY,labor_wage_8h,published_pdl,26600,原本の下段(括弧書き): 公共工事設計労務単価+必要経費(法定福利費の事業主負担額、労務管理費、宿舎費等)(参考値),2014-02,2014-02-01,mlit-roumu-h26,p16(横長の表) / p5(縦長の表),https://www.mlit.go.jp/common/001026047.pdf,PDL1.0,,
f21bad3ca0306be9,JP,labor,労務単価,軽作業員,所定労働時間内8時間あたり,人日,pref,14,神奈川県,,,,13200,JPY,labor_wage_8h,published_pdl,18600,原本の下段(括弧書き): 公共工事設計労務単価+必要経費(法定福利費の事業主負担額、労務管理費、宿舎費等)(参考値),2014-02,2014-02-01,mlit-roumu-h26,p16(横長の表) / p5(縦長の表),https://www.mlit.go.jp/common/001026047.pdf,PDL1.0,,
e1b932acde17859a,JP,labor,労務単価,造園工,所定労働時間内8時間あたり,人日,pref,14,神奈川県,,,,19200,JPY,labor_wage_8h,published_pdl,27000,原本の下段(括弧書き): 公共工事設計労務単価+必要経費(法定福利費の事業主負担額、労務管理費、宿舎費等)(参考値),2014-02,2014-02-01,mlit-roumu-h26,p16(横長の表) / p5(縦長の表),https://www.mlit.go.jp/common/001026047.pdf,PDL1.0,,
edadad6efd9c35dd,JP,labor,労務単価,法面工,所定労働時間内8時間あたり,人日,pref,14,神奈川県,,,,22500,JPY,labor_wage_8h,published_pdl,31600,原本の下段(括弧書き): 公共工事設計労務単価+必要経費(法定福利費の事業主負担額、労務管理費、宿舎費等)(参考値),2014-02,2014-02-01,mlit-roumu-h26,p16(横長の表) / p5(縦長の表),https://www.mlit.go.jp/common/001026047.pdf,PDL1.0,,
40ebb31930f9701c,JP,labor,労務単価,とび工,所定労働時間内8時間あたり,人日,pref,14,神奈川県,,,,23800,JPY,labor_wage_8h,published_pdl,33500,原本の下段(括弧書き): 公共工事設計労務単価+必要経費(法定福利費の事業主負担額、労務管理費、宿舎費等)(参考値),2014-02,2014-02-01,mlit-roumu-h26,p16(横長の表) / p5(縦長の表),https://www.mlit.go.jp/common/001026047.pdf,PDL1.0,,
fd4de40a9df640b8,JP,labor,労務単価,石工,所定労働時間内8時間あたり,人日,pref,14,神奈川県,,,,24100,JPY,labor_wage_8h,published_pdl,33900,原本の下段(括弧書き): 公共工事設計労務単価+必要経費(法定福利費の事業主負担額、労務管理費、宿舎費等)(参考値),2014-02,2014-02-01,mlit-roumu-h26,p16(横長の表) / p5(縦長の表),https://www.mlit.go.jp/common/001026047.pdf,PDL1.0,,
75c399482c3dce55,JP,labor,労務単価,ブロック工,所定労働時間内8時間あたり,人日,pref,14,神奈川県,,,,22700,JPY,labor_wage_8h,published_pdl,31900,原本の下段(括弧書き): 公共工事設計労務単価+必要経費(法定福利費の事業主負担額、労務管理費、宿舎費等)(参考値),2014-02,2014-02-01,mlit-roumu-h26,p16(横長の表) / p5(縦長の表),https://www.mlit.go.jp/common/001026047.pdf,PDL1.0,,
fd1f7ccb760aa035,JP,labor,労務単価,電工,所定労働時間内8時間あたり,人日,pref,14,神奈川県,,,,21700,JPY,labor_wage_8h,published_pdl,30500,原本の下段(括弧書き): 公共工事設計労務単価+必要経費(法定福利費の事業主負担額、労務管理費、宿舎費等)(参考値),2014-02,2014-02-01,mlit-roumu-h26,p16(横長の表) / p5(縦長の表),https://www.mlit.go.jp/common/001026047.pdf,PDL1.0,,
91eae2f4b89b2083,JP,labor,労務単価,鉄筋工,所定労働時間内8時間あたり,人日,pref,14,神奈川県,,,,22700,JPY,labor_wage_8h,published_pdl,31900,原本の下段(括弧書き): 公共工事設計労務単価+必要経費(法定福利費の事業主負担額、労務管理費、宿舎費等)(参考値),2014-02,2014-02-01,mlit-roumu-h26,p16(横長の表) / p5(縦長の表),https://www.mlit.go.jp/common/001026047.pdf,PDL1.0,,
2387afb0ef650346,JP,labor,労務単価,鉄骨工,所定労働時間内8時間あたり,人日,pref,14,神奈川県,,,,22500,JPY,labor_wage_8h,published_pdl,31600,原本の下段(括弧書き): 公共工事設計労務単価+必要経費(法定福利費の事業主負担額、労務管理費、宿舎費等)(参考値),2014-02,2014-02-01,mlit-roumu-h26,p16(横長の表) / p6(縦長の表),https://www.mlit.go.jp/common/001026047.pdf,PDL1.0,,
1c8163abdfe4a11a,JP,labor,労務単価,塗装工,所定労働時間内8時間あたり,人日,pref,14,神奈川県,,,,24600,JPY,labor_wage_8h,published_pdl,34600,原本の下段(括弧書き): 公共工事設計労務単価+必要経費(法定福利費の事業主負担額、労務管理費、宿舎費等)(参考値),2014-02,2014-02-01,mlit-roumu-h26,p16(横長の表) / p6(縦長の表),https://www.mlit.go.jp/common/001026047.pdf,PDL1.0,,
2b32d142a338896b,JP,labor,労務単価,溶接工,所定労働時間内8時間あたり,人日,pref,14,神奈川県,,,,27000,JPY,labor_wage_8h,published_pdl,38000,原本の下段(括弧書き): 公共工事設計労務単価+必要経費(法定福利費の事業主負担額、労務管理費、宿舎費等)(参考値),2014-02,2014-02-01,mlit-roumu-h26,p16(横長の表) / p6(縦長の表),https://www.mlit.go.jp/common/001026047.pdf,PDL1.0,,
0603bf999e6a5ac7,JP,labor,労務単価,運転手（特殊）,所定労働時間内8時間あたり,人日,pref,14,神奈川県,,,,22200,JPY,labor_wage_8h,published_pdl,31200,原本の下段(括弧書き): 公共工事設計労務単価+必要経費(法定福利費の事業主負担額、労務管理費、宿舎費等)(参考値),2014-02,2014-02-01,mlit-roumu-h26,p16(横長の表) / p6(縦長の表),https://www.mlit.go.jp/common/001026047.pdf,PDL1.0,,
f938455c5568ecb9,JP,labor,労務単価,運転手（一般）,所定労働時間内8時間あたり,人日,pref,14,神奈川県,,,,18900,JPY,labor_wage_8h,published_pdl,26600,原本の下段(括弧書き): 公共工事設計労務単価+必要経費(法定福利費の事業主負担額、労務管理費、宿舎費等)(参考値),2014-02,2014-02-01,mlit-roumu-h26,p16(横長の表) / p6(縦長の表),https://www.mlit.go.jp/common/001026047.pdf,PDL1.0,,
0d6e3520c353b65e,JP,labor,労務単価,潜かん工,所定労働時間内8時間あたり,人日,pref,14,神奈川県,,,,25900,JPY,labor_wage_8h,published_pdl,36400,原本の下段(括弧書き): 公共工事設計労務単価+必要経費(法定福利費の事業主負担額、労務管理費、宿舎費等)(参考値),2014-02,2014-02-01,mlit-roumu-h26,p16(横長の表) / p6(縦長の表),https://www.mlit.go.jp/common/001026047.pdf,PDL1.0,,
dccd8f35c981a117,JP,labor,労務単価,潜かん世話役,所定労働時間内8時間あたり,人日,pref,14,神奈川県,,,,30600,JPY,labor_wage_8h,published_pdl,43000,原本の下段(括弧書き): 公共工事設計労務単価+必要経費(法定福利費の事業主負担額、労務管理費、宿舎費等)(参考値),2014-02,2014-02-01,mlit-roumu-h26,p16(横長の表) / p6(縦長の表),https://www.mlit.go.jp/common/001026047.pdf,PDL1.0,,
35ce3803eeb06b91,JP,labor,労務単価,さく岩工,所定労働時間内8時間あたり,人日,pref,14,神奈川県,,,,23500,JPY,labor_wage_8h,published_pdl,33000,原本の下段(括弧書き): 公共工事設計労務単価+必要経費(法定福利費の事業主負担額、労務管理費、宿舎費等)(参考値),2014-02,2014-02-01,mlit-roumu-h26,p16(横長の表) / p6(縦長の表),https://www.mlit.go.jp/common/001026047.pdf,PDL1.0,,
b0fa2b855034bf70,JP,labor,労務単価,トンネル特殊工,所定労働時間内8時間あたり,人日,pref,14,神奈川県,,,,24400,JPY,labor_wage_8h,published_pdl,34300,原本の下段(括弧書き): 公共工事設計労務単価+必要経費(法定福利費の事業主負担額、労務管理費、宿舎費等)(参考値),2014-02,2014-02-01,mlit-roumu-h26,p16(横長の表) / p6(縦長の表),https://www.mlit.go.jp/common/001026047.pdf,PDL1.0,,
a70dde900a57e4ae,JP,labor,労務単価,トンネル作業員,所定労働時間内8時間あたり,人日,pref,14,神奈川県,,,,21000,JPY,labor_wage_8h,published_pdl,29500,原本の下段(括弧書き): 公共工事設計労務単価+必要経費(法定福利費の事業主負担額、労務管理費、宿舎費等)(参考値),2014-02,2014-02-01,mlit-roumu-h26,p16(横長の表) / p6(縦長の表),https://www.mlit.go.jp/common/001026047.pdf,PDL1.0,,
55ca1ca9f0384581,JP,labor,労務単価,トンネル世話役,所定労働時間内8時間あたり,人日,pref,14,神奈川県,,,,27800,JPY,labor_wage_8h,published_pdl,39100,原本の下段(括弧書き): 公共工事設計労務単価+必要経費(法定福利費の事業主負担額、労務管理費、宿舎費等)(参考値),2014-02,2014-02-01,mlit-roumu-h26,p17(横長の表) / p7(縦長の表),https://www.mlit.go.jp/common/001026047.pdf,PDL1.0,,
db7b2df49ce68cc8,JP,labor,労務単価,橋りょう特殊工,所定労働時間内8時間あたり,人日,pref,14,神奈川県,,,,25900,JPY,labor_wage_8h,published_pdl,36400,原本の下段(括弧書き): 公共工事設計労務単価+必要経費(法定福利費の事業主負担額、労務管理費、宿舎費等)(参考値),2014-02,2014-02-01,mlit-roumu-h26,p17(横長の表) / p7(縦長の表),https://www.mlit.go.jp/common/001026047.pdf,PDL1.0,,
e012cf57f4463fda,JP,labor,労務単価,橋りょう塗装工,所定労働時間内8時間あたり,人日,pref,14,神奈川県,,,,26900,JPY,labor_wage_8h,published_pdl,37800,原本の下段(括弧書き): 公共工事設計労務単価+必要経費(法定福利費の事業主負担額、労務管理費、宿舎費等)(参考値),2014-02,2014-02-01,mlit-roumu-h26,p17(横長の表) / p7(縦長の表),https://www.mlit.go.jp/common/001026047.pdf,PDL1.0,,
374d508a9d81fc0f,JP,labor,労務単価,橋りょう世話役,所定労働時間内8時間あたり,人日,pref,14,神奈川県,,,,29200,JPY,labor_wage_8h,published_pdl,41100,原本の下段(括弧書き): 公共工事設計労務単価+必要経費(法定福利費の事業主負担額、労務管理費、宿舎費等)(参考値),2014-02,2014-02-01,mlit-roumu-h26,p17(横長の表) / p7(縦長の表),https://www.mlit.go.jp/common/001026047.pdf,PDL1.0,,
e5aad4292768ed9f,JP,labor,労務単価,土木一般世話役,所定労働時間内8時間あたり,人日,pref,14,神奈川県,,,,23400,JPY,labor_wage_8h,published_pdl,32900,原本の下段(括弧書き): 公共工事設計労務単価+必要経費(法定福利費の事業主負担額、労務管理費、宿舎費等)(参考値),2014-02,2014-02-01,mlit-roumu-h26,p17(横長の表) / p7(縦長の表),https://www.mlit.go.jp/common/001026047.pdf,PDL1.0,,
6d5f2300a2fb5e50,JP,labor,労務単価,高級船員,所定労働時間内8時間あたり,人日,pref,14,神奈川県,,,,27200,JPY,labor_wage_8h,published_pdl,38200,原本の下段(括弧書き): 公共工事設計労務単価+必要経費(法定福利費の事業主負担額、労務管理費、宿舎費等)(参考値),2014-02,2014-02-01,mlit-roumu-h26,p17(横長の表) / p7(縦長の表),https://www.mlit.go.jp/common/001026047.pdf,PDL1.0,,
9eab1d35ea50c084,JP,labor,労務単価,普通船員,所定労働時間内8時間あたり,人日,pref,14,神奈川県,,,,21300,JPY,labor_wage_8h,published_pdl,29900,原本の下段(括弧書き): 公共工事設計労務単価+必要経費(法定福利費の事業主負担額、労務管理費、宿舎費等)(参考値),2014-02,2014-02-01,mlit-roumu-h26,p17(横長の表) / p7(縦長の表),https://www.mlit.go.jp/common/001026047.pdf,PDL1.0,,
612c1779f56ba890,JP,labor,労務単価,潜水士,所定労働時間内8時間あたり,人日,pref,14,神奈川県,,,,35100,JPY,labor_wage_8h,published_pdl,49400,原本の下段(括弧書き): 公共工事設計労務単価+必要経費(法定福利費の事業主負担額、労務管理費、宿舎費等)(参考値),2014-02,2014-02-01,mlit-roumu-h26,p17(横長の表) / p7(縦長の表),https://www.mlit.go.jp/common/001026047.pdf,PDL1.0,,
de91bca6a39eefee,JP,labor,労務単価,潜水連絡員,所定労働時間内8時間あたり,人日,pref,14,神奈川県,,,,23800,JPY,labor_wage_8h,published_pdl,33500,原本の下段(括弧書き): 公共工事設計労務単価+必要経費(法定福利費の事業主負担額、労務管理費、宿舎費等)(参考値),2014-02,2014-02-01,mlit-roumu-h26,p17(横長の表) / p7(縦長の表),https://www.mlit.go.jp/common/001026047.pdf,PDL1.0,,
2dd4832a6e983ccb,JP,labor,労務単価,潜水送気員,所定労働時間内8時間あたり,人日,pref,14,神奈川県,,,,23500,JPY,labor_wage_8h,published_pdl,33000,原本の下段(括弧書き): 公共工事設計労務単価+必要経費(法定福利費の事業主負担額、労務管理費、宿舎費等)(参考値),2014-02,2014-02-01,mlit-roumu-h26,p17(横長の表) / p7(縦長の表),https://www.mlit.go.jp/common/001026047.pdf,PDL1.0,,
faf01495fdd4944c,JP,labor,労務単価,山林砂防工,所定労働時間内8時間あたり,人日,pref,14,神奈川県,,,,25300,JPY,labor_wage_8h,published_pdl,35600,原本の下段(括弧書き): 公共工事設計労務単価+必要経費(法定福利費の事業主負担額、労務管理費、宿舎費等)(参考値),2014-02,2014-02-01,mlit-roumu-h26,p17(横長の表) / p8(縦長の表),https://www.mlit.go.jp/common/001026047.pdf,PDL1.0,,
31b0f5e24301b3ba,JP,labor,労務単価,軌道工,所定労働時間内8時間あたり,人日,pref,14,神奈川県,,,,38200,JPY,labor_wage_8h,published_pdl,53700,原本の下段(括弧書き): 公共工事設計労務単価+必要経費(法定福利費の事業主負担額、労務管理費、宿舎費等)(参考値),2014-02,2014-02-01,mlit-roumu-h26,p17(横長の表) / p8(縦長の表),https://www.mlit.go.jp/common/001026047.pdf,PDL1.0,,
3bc3e54737cb296e,JP,labor,労務単価,型わく工,所定労働時間内8時間あたり,人日,pref,14,神奈川県,,,,22700,JPY,labor_wage_8h,published_pdl,31900,原本の下段(括弧書き): 公共工事設計労務単価+必要経費(法定福利費の事業主負担額、労務管理費、宿舎費等)(参考値),2014-02,2014-02-01,mlit-roumu-h26,p17(横長の表) / p8(縦長の表),https://www.mlit.go.jp/common/001026047.pdf,PDL1.0,,
52b279311475665b,JP,labor,労務単価,大工,所定労働時間内8時間あたり,人日,pref,14,神奈川県,,,,23400,JPY,labor_wage_8h,published_pdl,32900,原本の下段(括弧書き): 公共工事設計労務単価+必要経費(法定福利費の事業主負担額、労務管理費、宿舎費等)(参考値),2014-02,2014-02-01,mlit-roumu-h26,p17(横長の表) / p8(縦長の表),https://www.mlit.go.jp/common/001026047.pdf,PDL1.0,,
3ba0751ccf32e4f9,JP,labor,労務単価,左官,所定労働時間内8時間あたり,人日,pref,14,神奈川県,,,,23400,JPY,labor_wage_8h,published_pdl,32900,原本の下段(括弧書き): 公共工事設計労務単価+必要経費(法定福利費の事業主負担額、労務管理費、宿舎費等)(参考値),2014-02,2014-02-01,mlit-roumu-h26,p17(横長の表) / p8(縦長の表),https://www.mlit.go.jp/common/001026047.pdf,PDL1.0,,
e7c28a229259c569,JP,labor,労務単価,配管工,所定労働時間内8時間あたり,人日,pref,14,神奈川県,,,,19900,JPY,labor_wage_8h,published_pdl,28000,原本の下段(括弧書き): 公共工事設計労務単価+必要経費(法定福利費の事業主負担額、労務管理費、宿舎費等)(参考値),2014-02,2014-02-01,mlit-roumu-h26,p17(横長の表) / p8(縦長の表),https://www.mlit.go.jp/common/001026047.pdf,PDL1.0,,
2a2dec3d9f1d16fa,JP,labor,労務単価,はつり工,所定労働時間内8時間あたり,人日,pref,14,神奈川県,,,,23000,JPY,labor_wage_8h,published_pdl,32300,原本の下段(括弧書き): 公共工事設計労務単価+必要経費(法定福利費の事業主負担額、労務管理費、宿舎費等)(参考値),2014-02,2014-02-01,mlit-roumu-h26,p17(横長の表) / p8(縦長の表),https://www.mlit.go.jp/common/001026047.pdf,PDL1.0,,
58ed91d1cfe282c7,JP,labor,労務単価,防水工,所定労働時間内8時間あたり,人日,pref,14,神奈川県,,,,23800,JPY,labor_wage_8h,published_pdl,33500,原本の下段(括弧書き): 公共工事設計労務単価+必要経費(法定福利費の事業主負担額、労務管理費、宿舎費等)(参考値),2014-02,2014-02-01,mlit-roumu-h26,p17(横長の表) / p8(縦長の表),https://www.mlit.go.jp/common/001026047.pdf,PDL1.0,,
9dc73599fd4191c1,JP,labor,労務単価,板金工,所定労働時間内8時間あたり,人日,pref,14,神奈川県,,,,23700,JPY,labor_wage_8h,published_pdl,33300,原本の下段(括弧書き): 公共工事設計労務単価+必要経費(法定福利費の事業主負担額、労務管理費、宿舎費等)(参考値),2014-02,2014-02-01,mlit-roumu-h26,p17(横長の表) / p8(縦長の表),https://www.mlit.go.jp/common/001026047.pdf,PDL1.0,,
93dd21f5d0e856e3,JP,labor,労務単価,タイル工,所定労働時間内8時間あたり,人日,pref,14,神奈川県,,,,23500,JPY,labor_wage_8h,published_pdl,33000,原本の下段(括弧書き): 公共工事設計労務単価+必要経費(法定福利費の事業主負担額、労務管理費、宿舎費等)(参考値),2014-02,2014-02-01,mlit-roumu-h26,p17(横長の表) / p8(縦長の表),https://www.mlit.go.jp/common/001026047.pdf,PDL1.0,,
5401e1f3240bcac6,JP,labor,労務単価,サッシ工,所定労働時間内8時間あたり,人日,pref,14,神奈川県,,,,22000,JPY,labor_wage_8h,published_pdl,30900,原本の下段(括弧書き): 公共工事設計労務単価+必要経費(法定福利費の事業主負担額、労務管理費、宿舎費等)(参考値),2014-02,2014-02-01,mlit-roumu-h26,p18(横長の表) / p9(縦長の表),https://www.mlit.go.jp/common/001026047.pdf,PDL1.0,,
31fc0ac22883e1bf,JP,labor,労務単価,内装工,所定労働時間内8時間あたり,人日,pref,14,神奈川県,,,,24400,JPY,labor_wage_8h,published_pdl,34300,原本の下段(括弧書き): 公共工事設計労務単価+必要経費(法定福利費の事業主負担額、労務管理費、宿舎費等)(参考値),2014-02,2014-02-01,mlit-roumu-h26,p18(横長の表) / p9(縦長の表),https://www.mlit.go.jp/common/001026047.pdf,PDL1.0,,
87c92129471d3fc6,JP,labor,労務単価,ガラス工,所定労働時間内8時間あたり,人日,pref,14,神奈川県,,,,21500,JPY,labor_wage_8h,published_pdl,30200,原本の下段(括弧書き): 公共工事設計労務単価+必要経費(法定福利費の事業主負担額、労務管理費、宿舎費等)(参考値),2014-02,2014-02-01,mlit-roumu-h26,p18(横長の表) / p9(縦長の表),https://www.mlit.go.jp/common/001026047.pdf,PDL1.0,,
03e11cb053f7861f,JP,labor,労務単価,建具工,所定労働時間内8時間あたり,人日,pref,14,神奈川県,,,,21500,JPY,labor_wage_8h,published_pdl,30200,原本の下段(括弧書き): 公共工事設計労務単価+必要経費(法定福利費の事業主負担額、労務管理費、宿舎費等)(参考値),2014-02,2014-02-01,mlit-roumu-h26,p18(横長の表) / p9(縦長の表),https://www.mlit.go.jp/common/001026047.pdf,PDL1.0,,
7236df6f65376c26,JP,labor,労務単価,ダクト工,所定労働時間内8時間あたり,人日,pref,14,神奈川県,,,,19800,JPY,labor_wage_8h,published_pdl,27800,原本の下段(括弧書き): 公共工事設計労務単価+必要経費(法定福利費の事業主負担額、労務管理費、宿舎費等)(参考値),2014-02,2014-02-01,mlit-roumu-h26,p18(横長の表) / p9(縦長の表),https://www.mlit.go.jp/common/001026047.pdf,PDL1.0,,
2303b0a3fbf36c9d,JP,labor,労務単価,保温工,所定労働時間内8時間あたり,人日,pref,14,神奈川県,,,,20000,JPY,labor_wage_8h,published_pdl,28100,原本の下段(括弧書き): 公共工事設計労務単価+必要経費(法定福利費の事業主負担額、労務管理費、宿舎費等)(参考値),2014-02,2014-02-01,mlit-roumu-h26,p18(横長の表) / p9(縦長の表),https://www.mlit.go.jp/common/001026047.pdf,PDL1.0,,
e7b5cb15d1449d8c,JP,labor,労務単価,建築ブロック工,所定労働時間内8時間あたり,人日,pref,14,神奈川県,,,,21300,JPY,labor_wage_8h,published_pdl,29900,原本の下段(括弧書き): 公共工事設計労務単価+必要経費(法定福利費の事業主負担額、労務管理費、宿舎費等)(参考値),2014-02,2014-02-01,mlit-roumu-h26,p18(横長の表) / p9(縦長の表),https://www.mlit.go.jp/common/001026047.pdf,PDL1.0,,
ee65b1ccb05bf0f5,JP,labor,労務単価,設備機械工,所定労働時間内8時間あたり,人日,pref,14,神奈川県,,,,21200,JPY,labor_wage_8h,published_pdl,29800,原本の下段(括弧書き): 公共工事設計労務単価+必要経費(法定福利費の事業主負担額、労務管理費、宿舎費等)(参考値),2014-02,2014-02-01,mlit-roumu-h26,p18(横長の表) / p9(縦長の表),https://www.mlit.go.jp/common/001026047.pdf,PDL1.0,,
f2fa58f3085a745c,JP,labor,労務単価,交通誘導警備員Ａ,所定労働時間内8時間あたり,人日,pref,14,神奈川県,,,,12600,JPY,labor_wage_8h,published_pdl,17700,原本の下段(括弧書き): 公共工事設計労務単価+必要経費(法定福利費の事業主負担額、労務管理費、宿舎費等)(参考値),2014-02,2014-02-01,mlit-roumu-h26,p18(横長の表) / p9(縦長の表),https://www.mlit.go.jp/common/001026047.pdf,PDL1.0,,
5556071e330f3275,JP,labor,労務単価,交通誘導警備員Ｂ,所定労働時間内8時間あたり,人日,pref,14,神奈川県,,,,10800,JPY,labor_wage_8h,published_pdl,15200,原本の下段(括弧書き): 公共工事設計労務単価+必要経費(法定福利費の事業主負担額、労務管理費、宿舎費等)(参考値),2014-02,2014-02-01,mlit-roumu-h26,p18(横長の表) / p9(縦長の表),https://www.mlit.go.jp/common/001026047.pdf,PDL1.0,,
2fcd39e00e82942a,JP,labor,労務単価,特殊作業員,所定労働時間内8時間あたり,人日,pref,15,新潟県,,,,17600,JPY,labor_wage_8h,published_pdl,24700,原本の下段(括弧書き): 公共工事設計労務単価+必要経費(法定福利費の事業主負担額、労務管理費、宿舎費等)(参考値),2014-02,2014-02-01,mlit-roumu-h26,p16(横長の表) / p5(縦長の表),https://www.mlit.go.jp/common/001026047.pdf,PDL1.0,,
0fdc7cd4ef485287,JP,labor,労務単価,普通作業員,所定労働時間内8時間あたり,人日,pref,15,新潟県,,,,14900,JPY,labor_wage_8h,published_pdl,20900,原本の下段(括弧書き): 公共工事設計労務単価+必要経費(法定福利費の事業主負担額、労務管理費、宿舎費等)(参考値),2014-02,2014-02-01,mlit-roumu-h26,p16(横長の表) / p5(縦長の表),https://www.mlit.go.jp/common/001026047.pdf,PDL1.0,,
d5bd23ce0cbf5cc0,JP,labor,労務単価,軽作業員,所定労働時間内8時間あたり,人日,pref,15,新潟県,,,,12900,JPY,labor_wage_8h,published_pdl,18100,原本の下段(括弧書き): 公共工事設計労務単価+必要経費(法定福利費の事業主負担額、労務管理費、宿舎費等)(参考値),2014-02,2014-02-01,mlit-roumu-h26,p16(横長の表) / p5(縦長の表),https://www.mlit.go.jp/common/001026047.pdf,PDL1.0,,
ec17484976a8a3a0,JP,labor,労務単価,造園工,所定労働時間内8時間あたり,人日,pref,15,新潟県,,,,16900,JPY,labor_wage_8h,published_pdl,23800,原本の下段(括弧書き): 公共工事設計労務単価+必要経費(法定福利費の事業主負担額、労務管理費、宿舎費等)(参考値),2014-02,2014-02-01,mlit-roumu-h26,p16(横長の表) / p5(縦長の表),https://www.mlit.go.jp/common/001026047.pdf,PDL1.0,,
2c06c35b5c60a368,JP,labor,労務単価,法面工,所定労働時間内8時間あたり,人日,pref,15,新潟県,,,,19500,JPY,labor_wage_8h,published_pdl,27400,原本の下段(括弧書き): 公共工事設計労務単価+必要経費(法定福利費の事業主負担額、労務管理費、宿舎費等)(参考値),2014-02,2014-02-01,mlit-roumu-h26,p16(横長の表) / p5(縦長の表),https://www.mlit.go.jp/common/001026047.pdf,PDL1.0,,
758a7a0d7b892ebb,JP,labor,労務単価,とび工,所定労働時間内8時間あたり,人日,pref,15,新潟県,,,,17600,JPY,labor_wage_8h,published_pdl,24700,原本の下段(括弧書き): 公共工事設計労務単価+必要経費(法定福利費の事業主負担額、労務管理費、宿舎費等)(参考値),2014-02,2014-02-01,mlit-roumu-h26,p16(横長の表) / p5(縦長の表),https://www.mlit.go.jp/common/001026047.pdf,PDL1.0,,
49cedf471970bf1d,JP,labor,労務単価,石工,所定労働時間内8時間あたり,人日,pref,15,新潟県,,,,19900,JPY,labor_wage_8h,published_pdl,28000,原本の下段(括弧書き): 公共工事設計労務単価+必要経費(法定福利費の事業主負担額、労務管理費、宿舎費等)(参考値),2014-02,2014-02-01,mlit-roumu-h26,p16(横長の表) / p5(縦長の表),https://www.mlit.go.jp/common/001026047.pdf,PDL1.0,,
5f51cece0ed449b5,JP,labor,労務単価,ブロック工,所定労働時間内8時間あたり,人日,pref,15,新潟県,,,,20700,JPY,labor_wage_8h,published_pdl,29100,原本の下段(括弧書き): 公共工事設計労務単価+必要経費(法定福利費の事業主負担額、労務管理費、宿舎費等)(参考値),2014-02,2014-02-01,mlit-roumu-h26,p16(横長の表) / p5(縦長の表),https://www.mlit.go.jp/common/001026047.pdf,PDL1.0,,
d6ee4a4f0e2f5848,JP,labor,労務単価,電工,所定労働時間内8時間あたり,人日,pref,15,新潟県,,,,17100,JPY,labor_wage_8h,published_pdl,24000,原本の下段(括弧書き): 公共工事設計労務単価+必要経費(法定福利費の事業主負担額、労務管理費、宿舎費等)(参考値),2014-02,2014-02-01,mlit-roumu-h26,p16(横長の表) / p5(縦長の表),https://www.mlit.go.jp/common/001026047.pdf,PDL1.0,,
35bbed00e7f38b03,JP,labor,労務単価,鉄筋工,所定労働時間内8時間あたり,人日,pref,15,新潟県,,,,18400,JPY,labor_wage_8h,published_pdl,25900,原本の下段(括弧書き): 公共工事設計労務単価+必要経費(法定福利費の事業主負担額、労務管理費、宿舎費等)(参考値),2014-02,2014-02-01,mlit-roumu-h26,p16(横長の表) / p5(縦長の表),https://www.mlit.go.jp/common/001026047.pdf,PDL1.0,,
2e95568fd3378e16,JP,labor,労務単価,鉄骨工,所定労働時間内8時間あたり,人日,pref,15,新潟県,,,,17300,JPY,labor_wage_8h,published_pdl,24300,原本の下段(括弧書き): 公共工事設計労務単価+必要経費(法定福利費の事業主負担額、労務管理費、宿舎費等)(参考値),2014-02,2014-02-01,mlit-roumu-h26,p16(横長の表) / p6(縦長の表),https://www.mlit.go.jp/common/001026047.pdf,PDL1.0,,
814c04c1c99c742d,JP,labor,労務単価,塗装工,所定労働時間内8時間あたり,人日,pref,15,新潟県,,,,17900,JPY,labor_wage_8h,published_pdl,25200,原本の下段(括弧書き): 公共工事設計労務単価+必要経費(法定福利費の事業主負担額、労務管理費、宿舎費等)(参考値),2014-02,2014-02-01,mlit-roumu-h26,p16(横長の表) / p6(縦長の表),https://www.mlit.go.jp/common/001026047.pdf,PDL1.0,,
0f2beeef49edd6b7,JP,labor,労務単価,溶接工,所定労働時間内8時間あたり,人日,pref,15,新潟県,,,,18800,JPY,labor_wage_8h,published_pdl,26400,原本の下段(括弧書き): 公共工事設計労務単価+必要経費(法定福利費の事業主負担額、労務管理費、宿舎費等)(参考値),2014-02,2014-02-01,mlit-roumu-h26,p16(横長の表) / p6(縦長の表),https://www.mlit.go.jp/common/001026047.pdf,PDL1.0,,
3fb4e8069eedc23f,JP,labor,労務単価,運転手（特殊）,所定労働時間内8時間あたり,人日,pref,15,新潟県,,,,17400,JPY,labor_wage_8h,published_pdl,24500,原本の下段(括弧書き): 公共工事設計労務単価+必要経費(法定福利費の事業主負担額、労務管理費、宿舎費等)(参考値),2014-02,2014-02-01,mlit-roumu-h26,p16(横長の表) / p6(縦長の表),https://www.mlit.go.jp/common/001026047.pdf,PDL1.0,,
44fedd27cc4a6c23,JP,labor,労務単価,運転手（一般）,所定労働時間内8時間あたり,人日,pref,15,新潟県,,,,15300,JPY,labor_wage_8h,published_pdl,21500,原本の下段(括弧書き): 公共工事設計労務単価+必要経費(法定福利費の事業主負担額、労務管理費、宿舎費等)(参考値),2014-02,2014-02-01,mlit-roumu-h26,p16(横長の表) / p6(縦長の表),https://www.mlit.go.jp/common/001026047.pdf,PDL1.0,,
0e38eeff9a58049a,JP,labor,労務単価,潜かん工,所定労働時間内8時間あたり,人日,pref,15,新潟県,,,,25700,JPY,labor_wage_8h,published_pdl,36100,原本の下段(括弧書き): 公共工事設計労務単価+必要経費(法定福利費の事業主負担額、労務管理費、宿舎費等)(参考値),2014-02,2014-02-01,mlit-roumu-h26,p16(横長の表) / p6(縦長の表),https://www.mlit.go.jp/common/001026047.pdf,PDL1.0,,
63ecf529149f88c0,JP,labor,労務単価,潜かん世話役,所定労働時間内8時間あたり,人日,pref,15,新潟県,,,,30400,JPY,labor_wage_8h,published_pdl,42700,原本の下段(括弧書き): 公共工事設計労務単価+必要経費(法定福利費の事業主負担額、労務管理費、宿舎費等)(参考値),2014-02,2014-02-01,mlit-roumu-h26,p16(横長の表) / p6(縦長の表),https://www.mlit.go.jp/common/001026047.pdf,PDL1.0,,
d9e4ef5ff7be65ff,JP,labor,労務単価,さく岩工,所定労働時間内8時間あたり,人日,pref,15,新潟県,,,,22000,JPY,labor_wage_8h,published_pdl,30900,原本の下段(括弧書き): 公共工事設計労務単価+必要経費(法定福利費の事業主負担額、労務管理費、宿舎費等)(参考値),2014-02,2014-02-01,mlit-roumu-h26,p16(横長の表) / p6(縦長の表),https://www.mlit.go.jp/common/001026047.pdf,PDL1.0,,
1724a458c4062cd2,JP,labor,労務単価,トンネル特殊工,所定労働時間内8時間あたり,人日,pref,15,新潟県,,,,24900,JPY,labor_wage_8h,published_pdl,35000,原本の下段(括弧書き): 公共工事設計労務単価+必要経費(法定福利費の事業主負担額、労務管理費、宿舎費等)(参考値),2014-02,2014-02-01,mlit-roumu-h26,p16(横長の表) / p6(縦長の表),https://www.mlit.go.jp/common/001026047.pdf,PDL1.0,,
c144bf2f9cc7a6ef,JP,labor,労務単価,トンネル作業員,所定労働時間内8時間あたり,人日,pref,15,新潟県,,,,18900,JPY,labor_wage_8h,published_pdl,26600,原本の下段(括弧書き): 公共工事設計労務単価+必要経費(法定福利費の事業主負担額、労務管理費、宿舎費等)(参考値),2014-02,2014-02-01,mlit-roumu-h26,p16(横長の表) / p6(縦長の表),https://www.mlit.go.jp/common/001026047.pdf,PDL1.0,,
cb6d5733dbede421,JP,labor,労務単価,トンネル世話役,所定労働時間内8時間あたり,人日,pref,15,新潟県,,,,26500,JPY,labor_wage_8h,published_pdl,37300,原本の下段(括弧書き): 公共工事設計労務単価+必要経費(法定福利費の事業主負担額、労務管理費、宿舎費等)(参考値),2014-02,2014-02-01,mlit-roumu-h26,p17(横長の表) / p7(縦長の表),https://www.mlit.go.jp/common/001026047.pdf,PDL1.0,,
079d9604c96ec10d,JP,labor,労務単価,橋りょう特殊工,所定労働時間内8時間あたり,人日,pref,15,新潟県,,,,22100,JPY,labor_wage_8h,published_pdl,31100,原本の下段(括弧書き): 公共工事設計労務単価+必要経費(法定福利費の事業主負担額、労務管理費、宿舎費等)(参考値),2014-02,2014-02-01,mlit-roumu-h26,p17(横長の表) / p7(縦長の表),https://www.mlit.go.jp/common/001026047.pdf,PDL1.0,,
3bccd62bfe9ba68d,JP,labor,労務単価,橋りょう塗装工,所定労働時間内8時間あたり,人日,pref,15,新潟県,,,,26600,JPY,labor_wage_8h,published_pdl,37400,原本の下段(括弧書き): 公共工事設計労務単価+必要経費(法定福利費の事業主負担額、労務管理費、宿舎費等)(参考値),2014-02,2014-02-01,mlit-roumu-h26,p17(横長の表) / p7(縦長の表),https://www.mlit.go.jp/common/001026047.pdf,PDL1.0,,
4a96fce47f873b9a,JP,labor,労務単価,橋りょう世話役,所定労働時間内8時間あたり,人日,pref,15,新潟県,,,,25100,JPY,labor_wage_8h,published_pdl,35300,原本の下段(括弧書き): 公共工事設計労務単価+必要経費(法定福利費の事業主負担額、労務管理費、宿舎費等)(参考値),2014-02,2014-02-01,mlit-roumu-h26,p17(横長の表) / p7(縦長の表),https://www.mlit.go.jp/common/001026047.pdf,PDL1.0,,
a1eae726b06067a7,JP,labor,労務単価,土木一般世話役,所定労働時間内8時間あたり,人日,pref,15,新潟県,,,,18800,JPY,labor_wage_8h,published_pdl,26400,原本の下段(括弧書き): 公共工事設計労務単価+必要経費(法定福利費の事業主負担額、労務管理費、宿舎費等)(参考値),2014-02,2014-02-01,mlit-roumu-h26,p17(横長の表) / p7(縦長の表),https://www.mlit.go.jp/common/001026047.pdf,PDL1.0,,
3fbe72ee11a7e54a,JP,labor,労務単価,高級船員,所定労働時間内8時間あたり,人日,pref,15,新潟県,,,,22600,JPY,labor_wage_8h,published_pdl,31800,原本の下段(括弧書き): 公共工事設計労務単価+必要経費(法定福利費の事業主負担額、労務管理費、宿舎費等)(参考値),2014-02,2014-02-01,mlit-roumu-h26,p17(横長の表) / p7(縦長の表),https://www.mlit.go.jp/common/001026047.pdf,PDL1.0,,
fb48f99cd4690efd,JP,labor,労務単価,普通船員,所定労働時間内8時間あたり,人日,pref,15,新潟県,,,,19500,JPY,labor_wage_8h,published_pdl,27400,原本の下段(括弧書き): 公共工事設計労務単価+必要経費(法定福利費の事業主負担額、労務管理費、宿舎費等)(参考値),2014-02,2014-02-01,mlit-roumu-h26,p17(横長の表) / p7(縦長の表),https://www.mlit.go.jp/common/001026047.pdf,PDL1.0,,
423691c3adce0ce2,JP,labor,労務単価,潜水士,所定労働時間内8時間あたり,人日,pref,15,新潟県,,,,31700,JPY,labor_wage_8h,published_pdl,44600,原本の下段(括弧書き): 公共工事設計労務単価+必要経費(法定福利費の事業主負担額、労務管理費、宿舎費等)(参考値),2014-02,2014-02-01,mlit-roumu-h26,p17(横長の表) / p7(縦長の表),https://www.mlit.go.jp/common/001026047.pdf,PDL1.0,,
3bfc033f9398d361,JP,labor,労務単価,潜水連絡員,所定労働時間内8時間あたり,人日,pref,15,新潟県,,,,19200,JPY,labor_wage_8h,published_pdl,27000,原本の下段(括弧書き): 公共工事設計労務単価+必要経費(法定福利費の事業主負担額、労務管理費、宿舎費等)(参考値),2014-02,2014-02-01,mlit-roumu-h26,p17(横長の表) / p7(縦長の表),https://www.mlit.go.jp/common/001026047.pdf,PDL1.0,,
70b7cff099ee0b3b,JP,labor,労務単価,潜水送気員,所定労働時間内8時間あたり,人日,pref,15,新潟県,,,,20800,JPY,labor_wage_8h,published_pdl,29200,原本の下段(括弧書き): 公共工事設計労務単価+必要経費(法定福利費の事業主負担額、労務管理費、宿舎費等)(参考値),2014-02,2014-02-01,mlit-roumu-h26,p17(横長の表) / p7(縦長の表),https://www.mlit.go.jp/common/001026047.pdf,PDL1.0,,
4a55862256798a9c,JP,labor,労務単価,山林砂防工,所定労働時間内8時間あたり,人日,pref,15,新潟県,,,,21900,JPY,labor_wage_8h,published_pdl,30800,原本の下段(括弧書き): 公共工事設計労務単価+必要経費(法定福利費の事業主負担額、労務管理費、宿舎費等)(参考値),2014-02,2014-02-01,mlit-roumu-h26,p17(横長の表) / p8(縦長の表),https://www.mlit.go.jp/common/001026047.pdf,PDL1.0,,
cb922137fe7ec0e0,JP,labor,労務単価,軌道工,所定労働時間内8時間あたり,人日,pref,15,新潟県,,,,23000,JPY,labor_wage_8h,published_pdl,32300,原本の下段(括弧書き): 公共工事設計労務単価+必要経費(法定福利費の事業主負担額、労務管理費、宿舎費等)(参考値),2014-02,2014-02-01,mlit-roumu-h26,p17(横長の表) / p8(縦長の表),https://www.mlit.go.jp/common/001026047.pdf,PDL1.0,,
3453c5f21fffc28d,JP,labor,労務単価,型わく工,所定労働時間内8時間あたり,人日,pref,15,新潟県,,,,17500,JPY,labor_wage_8h,published_pdl,24600,原本の下段(括弧書き): 公共工事設計労務単価+必要経費(法定福利費の事業主負担額、労務管理費、宿舎費等)(参考値),2014-02,2014-02-01,mlit-roumu-h26,p17(横長の表) / p8(縦長の表),https://www.mlit.go.jp/common/001026047.pdf,PDL1.0,,
c94cb6e237121174,JP,labor,労務単価,大工,所定労働時間内8時間あたり,人日,pref,15,新潟県,,,,17800,JPY,labor_wage_8h,published_pdl,25000,原本の下段(括弧書き): 公共工事設計労務単価+必要経費(法定福利費の事業主負担額、労務管理費、宿舎費等)(参考値),2014-02,2014-02-01,mlit-roumu-h26,p17(横長の表) / p8(縦長の表),https://www.mlit.go.jp/common/001026047.pdf,PDL1.0,,
403e15208674894f,JP,labor,労務単価,左官,所定労働時間内8時間あたり,人日,pref,15,新潟県,,,,17500,JPY,labor_wage_8h,published_pdl,24600,原本の下段(括弧書き): 公共工事設計労務単価+必要経費(法定福利費の事業主負担額、労務管理費、宿舎費等)(参考値),2014-02,2014-02-01,mlit-roumu-h26,p17(横長の表) / p8(縦長の表),https://www.mlit.go.jp/common/001026047.pdf,PDL1.0,,
2f4a1abec6f7bdf1,JP,labor,労務単価,配管工,所定労働時間内8時間あたり,人日,pref,15,新潟県,,,,17600,JPY,labor_wage_8h,published_pdl,24700,原本の下段(括弧書き): 公共工事設計労務単価+必要経費(法定福利費の事業主負担額、労務管理費、宿舎費等)(参考値),2014-02,2014-02-01,mlit-roumu-h26,p17(横長の表) / p8(縦長の表),https://www.mlit.go.jp/common/001026047.pdf,PDL1.0,,
a486070acf4c846d,JP,labor,労務単価,はつり工,所定労働時間内8時間あたり,人日,pref,15,新潟県,,,,16400,JPY,labor_wage_8h,published_pdl,23100,原本の下段(括弧書き): 公共工事設計労務単価+必要経費(法定福利費の事業主負担額、労務管理費、宿舎費等)(参考値),2014-02,2014-02-01,mlit-roumu-h26,p17(横長の表) / p8(縦長の表),https://www.mlit.go.jp/common/001026047.pdf,PDL1.0,,
0ed3d294348fc45e,JP,labor,労務単価,防水工,所定労働時間内8時間あたり,人日,pref,15,新潟県,,,,17800,JPY,labor_wage_8h,published_pdl,25000,原本の下段(括弧書き): 公共工事設計労務単価+必要経費(法定福利費の事業主負担額、労務管理費、宿舎費等)(参考値),2014-02,2014-02-01,mlit-roumu-h26,p17(横長の表) / p8(縦長の表),https://www.mlit.go.jp/common/001026047.pdf,PDL1.0,,
0f6a829ca469680b,JP,labor,労務単価,板金工,所定労働時間内8時間あたり,人日,pref,15,新潟県,,,,17700,JPY,labor_wage_8h,published_pdl,24900,原本の下段(括弧書き): 公共工事設計労務単価+必要経費(法定福利費の事業主負担額、労務管理費、宿舎費等)(参考値),2014-02,2014-02-01,mlit-roumu-h26,p17(横長の表) / p8(縦長の表),https://www.mlit.go.jp/common/001026047.pdf,PDL1.0,,
9ce6907953bb9e4c,JP,labor,労務単価,タイル工,所定労働時間内8時間あたり,人日,pref,15,新潟県,,,,23100,JPY,labor_wage_8h,published_pdl,32500,原本の下段(括弧書き): 公共工事設計労務単価+必要経費(法定福利費の事業主負担額、労務管理費、宿舎費等)(参考値),2014-02,2014-02-01,mlit-roumu-h26,p17(横長の表) / p8(縦長の表),https://www.mlit.go.jp/common/001026047.pdf,PDL1.0,,
071c007d10227dea,JP,labor,労務単価,サッシ工,所定労働時間内8時間あたり,人日,pref,15,新潟県,,,,19500,JPY,labor_wage_8h,published_pdl,27400,原本の下段(括弧書き): 公共工事設計労務単価+必要経費(法定福利費の事業主負担額、労務管理費、宿舎費等)(参考値),2014-02,2014-02-01,mlit-roumu-h26,p18(横長の表) / p9(縦長の表),https://www.mlit.go.jp/common/001026047.pdf,PDL1.0,,
2cf4a2707e02195f,JP,labor,労務単価,内装工,所定労働時間内8時間あたり,人日,pref,15,新潟県,,,,18500,JPY,labor_wage_8h,published_pdl,26000,原本の下段(括弧書き): 公共工事設計労務単価+必要経費(法定福利費の事業主負担額、労務管理費、宿舎費等)(参考値),2014-02,2014-02-01,mlit-roumu-h26,p18(横長の表) / p9(縦長の表),https://www.mlit.go.jp/common/001026047.pdf,PDL1.0,,
f8335cbde02fc2c0,JP,labor,労務単価,ガラス工,所定労働時間内8時間あたり,人日,pref,15,新潟県,,,,17600,JPY,labor_wage_8h,published_pdl,24700,原本の下段(括弧書き): 公共工事設計労務単価+必要経費(法定福利費の事業主負担額、労務管理費、宿舎費等)(参考値),2014-02,2014-02-01,mlit-roumu-h26,p18(横長の表) / p9(縦長の表),https://www.mlit.go.jp/common/001026047.pdf,PDL1.0,,
86e0ab9b5096edfb,JP,labor,労務単価,建具工,所定労働時間内8時間あたり,人日,pref,15,新潟県,,,,14500,JPY,labor_wage_8h,published_pdl,20400,原本の下段(括弧書き): 公共工事設計労務単価+必要経費(法定福利費の事業主負担額、労務管理費、宿舎費等)(参考値),2014-02,2014-02-01,mlit-roumu-h26,p18(横長の表) / p9(縦長の表),https://www.mlit.go.jp/common/001026047.pdf,PDL1.0,,
655cc4555695584f,JP,labor,労務単価,ダクト工,所定労働時間内8時間あたり,人日,pref,15,新潟県,,,,17300,JPY,labor_wage_8h,published_pdl,24300,原本の下段(括弧書き): 公共工事設計労務単価+必要経費(法定福利費の事業主負担額、労務管理費、宿舎費等)(参考値),2014-02,2014-02-01,mlit-roumu-h26,p18(横長の表) / p9(縦長の表),https://www.mlit.go.jp/common/001026047.pdf,PDL1.0,,
6209e474c5442a07,JP,labor,労務単価,保温工,所定労働時間内8時間あたり,人日,pref,15,新潟県,,,,18300,JPY,labor_wage_8h,published_pdl,25700,原本の下段(括弧書き): 公共工事設計労務単価+必要経費(法定福利費の事業主負担額、労務管理費、宿舎費等)(参考値),2014-02,2014-02-01,mlit-roumu-h26,p18(横長の表) / p9(縦長の表),https://www.mlit.go.jp/common/001026047.pdf,PDL1.0,,
4176c25e555b489d,JP,labor,労務単価,建築ブロック工,所定労働時間内8時間あたり,人日,pref,15,新潟県,,,,15000,JPY,labor_wage_8h,published_pdl,21100,原本の下段(括弧書き): 公共工事設計労務単価+必要経費(法定福利費の事業主負担額、労務管理費、宿舎費等)(参考値),2014-02,2014-02-01,mlit-roumu-h26,p18(横長の表) / p9(縦長の表),https://www.mlit.go.jp/common/001026047.pdf,PDL1.0,,
d868e85d8ade009b,JP,labor,労務単価,設備機械工,所定労働時間内8時間あたり,人日,pref,15,新潟県,,,,17900,JPY,labor_wage_8h,published_pdl,25200,原本の下段(括弧書き): 公共工事設計労務単価+必要経費(法定福利費の事業主負担額、労務管理費、宿舎費等)(参考値),2014-02,2014-02-01,mlit-roumu-h26,p18(横長の表) / p9(縦長の表),https://www.mlit.go.jp/common/001026047.pdf,PDL1.0,,
2b7fdfcb35042335,JP,labor,労務単価,交通誘導警備員Ａ,所定労働時間内8時間あたり,人日,pref,15,新潟県,,,,10500,JPY,labor_wage_8h,published_pdl,14800,原本の下段(括弧書き): 公共工事設計労務単価+必要経費(法定福利費の事業主負担額、労務管理費、宿舎費等)(参考値),2014-02,2014-02-01,mlit-roumu-h26,p18(横長の表) / p9(縦長の表),https://www.mlit.go.jp/common/001026047.pdf,PDL1.0,,
ee4b4d1000d124e6,JP,labor,労務単価,交通誘導警備員Ｂ,所定労働時間内8時間あたり,人日,pref,15,新潟県,,,,9300,JPY,labor_wage_8h,published_pdl,13100,原本の下段(括弧書き): 公共工事設計労務単価+必要経費(法定福利費の事業主負担額、労務管理費、宿舎費等)(参考値),2014-02,2014-02-01,mlit-roumu-h26,p18(横長の表) / p9(縦長の表),https://www.mlit.go.jp/common/001026047.pdf,PDL1.0,,
2307884cc8409ed7,JP,labor,労務単価,特殊作業員,所定労働時間内8時間あたり,人日,pref,16,富山県,,,,18100,JPY,labor_wage_8h,published_pdl,25400,原本の下段(括弧書き): 公共工事設計労務単価+必要経費(法定福利費の事業主負担額、労務管理費、宿舎費等)(参考値),2014-02,2014-02-01,mlit-roumu-h26,p16(横長の表) / p5(縦長の表),https://www.mlit.go.jp/common/001026047.pdf,PDL1.0,,
1abaf3c3f7a78b1c,JP,labor,労務単価,普通作業員,所定労働時間内8時間あたり,人日,pref,16,富山県,,,,15100,JPY,labor_wage_8h,published_pdl,21200,原本の下段(括弧書き): 公共工事設計労務単価+必要経費(法定福利費の事業主負担額、労務管理費、宿舎費等)(参考値),2014-02,2014-02-01,mlit-roumu-h26,p16(横長の表) / p5(縦長の表),https://www.mlit.go.jp/common/001026047.pdf,PDL1.0,,
7a5387eb4746a94b,JP,labor,労務単価,軽作業員,所定労働時間内8時間あたり,人日,pref,16,富山県,,,,12200,JPY,labor_wage_8h,published_pdl,17200,原本の下段(括弧書き): 公共工事設計労務単価+必要経費(法定福利費の事業主負担額、労務管理費、宿舎費等)(参考値),2014-02,2014-02-01,mlit-roumu-h26,p16(横長の表) / p5(縦長の表),https://www.mlit.go.jp/common/001026047.pdf,PDL1.0,,
801c1d1c0e7ffc38,JP,labor,労務単価,造園工,所定労働時間内8時間あたり,人日,pref,16,富山県,,,,16300,JPY,labor_wage_8h,published_pdl,22900,原本の下段(括弧書き): 公共工事設計労務単価+必要経費(法定福利費の事業主負担額、労務管理費、宿舎費等)(参考値),2014-02,2014-02-01,mlit-roumu-h26,p16(横長の表) / p5(縦長の表),https://www.mlit.go.jp/common/001026047.pdf,PDL1.0,,
16f82321d04f55d3,JP,labor,労務単価,法面工,所定労働時間内8時間あたり,人日,pref,16,富山県,,,,21700,JPY,labor_wage_8h,published_pdl,30500,原本の下段(括弧書き): 公共工事設計労務単価+必要経費(法定福利費の事業主負担額、労務管理費、宿舎費等)(参考値),2014-02,2014-02-01,mlit-roumu-h26,p16(横長の表) / p5(縦長の表),https://www.mlit.go.jp/common/001026047.pdf,PDL1.0,,
16928ee5abfc23a0,JP,labor,労務単価,とび工,所定労働時間内8時間あたり,人日,pref,16,富山県,,,,19600,JPY,labor_wage_8h,published_pdl,27600,原本の下段(括弧書き): 公共工事設計労務単価+必要経費(法定福利費の事業主負担額、労務管理費、宿舎費等)(参考値),2014-02,2014-02-01,mlit-roumu-h26,p16(横長の表) / p5(縦長の表),https://www.mlit.go.jp/common/001026047.pdf,PDL1.0,,
64a034c535ddacd9,JP,labor,労務単価,石工,所定労働時間内8時間あたり,人日,pref,16,富山県,,,,20700,JPY,labor_wage_8h,published_pdl,29100,原本の下段(括弧書き): 公共工事設計労務単価+必要経費(法定福利費の事業主負担額、労務管理費、宿舎費等)(参考値),2014-02,2014-02-01,mlit-roumu-h26,p16(横長の表) / p5(縦長の表),https://www.mlit.go.jp/common/001026047.pdf,PDL1.0,,
f647ae28c79dcb60,JP,labor,労務単価,ブロック工,所定労働時間内8時間あたり,人日,pref,16,富山県,,,,21100,JPY,labor_wage_8h,published_pdl,29700,原本の下段(括弧書き): 公共工事設計労務単価+必要経費(法定福利費の事業主負担額、労務管理費、宿舎費等)(参考値),2014-02,2014-02-01,mlit-roumu-h26,p16(横長の表) / p5(縦長の表),https://www.mlit.go.jp/common/001026047.pdf,PDL1.0,,
319a80bb394be9f4,JP,labor,労務単価,電工,所定労働時間内8時間あたり,人日,pref,16,富山県,,,,18100,JPY,labor_wage_8h,published_pdl,25400,原本の下段(括弧書き): 公共工事設計労務単価+必要経費(法定福利費の事業主負担額、労務管理費、宿舎費等)(参考値),2014-02,2014-02-01,mlit-roumu-h26,p16(横長の表) / p5(縦長の表),https://www.mlit.go.jp/common/001026047.pdf,PDL1.0,,
160b62024c0c8bdf,JP,labor,労務単価,鉄筋工,所定労働時間内8時間あたり,人日,pref,16,富山県,,,,19800,JPY,labor_wage_8h,published_pdl,27800,原本の下段(括弧書き): 公共工事設計労務単価+必要経費(法定福利費の事業主負担額、労務管理費、宿舎費等)(参考値),2014-02,2014-02-01,mlit-roumu-h26,p16(横長の表) / p5(縦長の表),https://www.mlit.go.jp/common/001026047.pdf,PDL1.0,,
1a2d83cb3469c4aa,JP,labor,労務単価,鉄骨工,所定労働時間内8時間あたり,人日,pref,16,富山県,,,,19200,JPY,labor_wage_8h,published_pdl,27000,原本の下段(括弧書き): 公共工事設計労務単価+必要経費(法定福利費の事業主負担額、労務管理費、宿舎費等)(参考値),2014-02,2014-02-01,mlit-roumu-h26,p16(横長の表) / p6(縦長の表),https://www.mlit.go.jp/common/001026047.pdf,PDL1.0,,
a3ae8f0dbce4bc9d,JP,labor,労務単価,塗装工,所定労働時間内8時間あたり,人日,pref,16,富山県,,,,19100,JPY,labor_wage_8h,published_pdl,26900,原本の下段(括弧書き): 公共工事設計労務単価+必要経費(法定福利費の事業主負担額、労務管理費、宿舎費等)(参考値),2014-02,2014-02-01,mlit-roumu-h26,p16(横長の表) / p6(縦長の表),https://www.mlit.go.jp/common/001026047.pdf,PDL1.0,,
f9d490020a2c3265,JP,labor,労務単価,溶接工,所定労働時間内8時間あたり,人日,pref,16,富山県,,,,19600,JPY,labor_wage_8h,published_pdl,27600,原本の下段(括弧書き): 公共工事設計労務単価+必要経費(法定福利費の事業主負担額、労務管理費、宿舎費等)(参考値),2014-02,2014-02-01,mlit-roumu-h26,p16(横長の表) / p6(縦長の表),https://www.mlit.go.jp/common/001026047.pdf,PDL1.0,,
c4380c44ca21b53f,JP,labor,労務単価,運転手（特殊）,所定労働時間内8時間あたり,人日,pref,16,富山県,,,,17600,JPY,labor_wage_8h,published_pdl,24700,原本の下段(括弧書き): 公共工事設計労務単価+必要経費(法定福利費の事業主負担額、労務管理費、宿舎費等)(参考値),2014-02,2014-02-01,mlit-roumu-h26,p16(横長の表) / p6(縦長の表),https://www.mlit.go.jp/common/001026047.pdf,PDL1.0,,
a60b2453ea4a239f,JP,labor,労務単価,運転手（一般）,所定労働時間内8時間あたり,人日,pref,16,富山県,,,,15300,JPY,labor_wage_8h,published_pdl,21500,原本の下段(括弧書き): 公共工事設計労務単価+必要経費(法定福利費の事業主負担額、労務管理費、宿舎費等)(参考値),2014-02,2014-02-01,mlit-roumu-h26,p16(横長の表) / p6(縦長の表),https://www.mlit.go.jp/common/001026047.pdf,PDL1.0,,
a938694c920a0275,JP,labor,労務単価,潜かん工,所定労働時間内8時間あたり,人日,pref,16,富山県,,,,25700,JPY,labor_wage_8h,published_pdl,36100,原本の下段(括弧書き): 公共工事設計労務単価+必要経費(法定福利費の事業主負担額、労務管理費、宿舎費等)(参考値),2014-02,2014-02-01,mlit-roumu-h26,p16(横長の表) / p6(縦長の表),https://www.mlit.go.jp/common/001026047.pdf,PDL1.0,,
299a6c935efece53,JP,labor,労務単価,潜かん世話役,所定労働時間内8時間あたり,人日,pref,16,富山県,,,,30400,JPY,labor_wage_8h,published_pdl,42700,原本の下段(括弧書き): 公共工事設計労務単価+必要経費(法定福利費の事業主負担額、労務管理費、宿舎費等)(参考値),2014-02,2014-02-01,mlit-roumu-h26,p16(横長の表) / p6(縦長の表),https://www.mlit.go.jp/common/001026047.pdf,PDL1.0,,
895589665ca246da,JP,labor,労務単価,さく岩工,所定労働時間内8時間あたり,人日,pref,16,富山県,,,,21900,JPY,labor_wage_8h,published_pdl,30800,原本の下段(括弧書き): 公共工事設計労務単価+必要経費(法定福利費の事業主負担額、労務管理費、宿舎費等)(参考値),2014-02,2014-02-01,mlit-roumu-h26,p16(横長の表) / p6(縦長の表),https://www.mlit.go.jp/common/001026047.pdf,PDL1.0,,
eca4522284e3e97d,JP,labor,労務単価,トンネル特殊工,所定労働時間内8時間あたり,人日,pref,16,富山県,,,,25200,JPY,labor_wage_8h,published_pdl,35400,原本の下段(括弧書き): 公共工事設計労務単価+必要経費(法定福利費の事業主負担額、労務管理費、宿舎費等)(参考値),2014-02,2014-02-01,mlit-roumu-h26,p16(横長の表) / p6(縦長の表),https://www.mlit.go.jp/common/001026047.pdf,PDL1.0,,
60a727db72c7fc8e,JP,labor,労務単価,トンネル作業員,所定労働時間内8時間あたり,人日,pref,16,富山県,,,,18900,JPY,labor_wage_8h,published_pdl,26600,原本の下段(括弧書き): 公共工事設計労務単価+必要経費(法定福利費の事業主負担額、労務管理費、宿舎費等)(参考値),2014-02,2014-02-01,mlit-roumu-h26,p16(横長の表) / p6(縦長の表),https://www.mlit.go.jp/common/001026047.pdf,PDL1.0,,
baa534a4a9ac51cf,JP,labor,労務単価,トンネル世話役,所定労働時間内8時間あたり,人日,pref,16,富山県,,,,26400,JPY,labor_wage_8h,published_pdl,37100,原本の下段(括弧書き): 公共工事設計労務単価+必要経費(法定福利費の事業主負担額、労務管理費、宿舎費等)(参考値),2014-02,2014-02-01,mlit-roumu-h26,p17(横長の表) / p7(縦長の表),https://www.mlit.go.jp/common/001026047.pdf,PDL1.0,,
c11431ea829d315b,JP,labor,労務単価,橋りょう特殊工,所定労働時間内8時間あたり,人日,pref,16,富山県,,,,22000,JPY,labor_wage_8h,published_pdl,30900,原本の下段(括弧書き): 公共工事設計労務単価+必要経費(法定福利費の事業主負担額、労務管理費、宿舎費等)(参考値),2014-02,2014-02-01,mlit-roumu-h26,p17(横長の表) / p7(縦長の表),https://www.mlit.go.jp/common/001026047.pdf,PDL1.0,,
c000e33eb6f6ab6c,JP,labor,労務単価,橋りょう塗装工,所定労働時間内8時間あたり,人日,pref,16,富山県,,,,26500,JPY,labor_wage_8h,published_pdl,37300,原本の下段(括弧書き): 公共工事設計労務単価+必要経費(法定福利費の事業主負担額、労務管理費、宿舎費等)(参考値),2014-02,2014-02-01,mlit-roumu-h26,p17(横長の表) / p7(縦長の表),https://www.mlit.go.jp/common/001026047.pdf,PDL1.0,,
8681d89858120bc9,JP,labor,労務単価,橋りょう世話役,所定労働時間内8時間あたり,人日,pref,16,富山県,,,,25600,JPY,labor_wage_8h,published_pdl,36000,原本の下段(括弧書き): 公共工事設計労務単価+必要経費(法定福利費の事業主負担額、労務管理費、宿舎費等)(参考値),2014-02,2014-02-01,mlit-roumu-h26,p17(横長の表) / p7(縦長の表),https://www.mlit.go.jp/common/001026047.pdf,PDL1.0,,
1b6aad7f87c74792,JP,labor,労務単価,土木一般世話役,所定労働時間内8時間あたり,人日,pref,16,富山県,,,,19800,JPY,labor_wage_8h,published_pdl,27800,原本の下段(括弧書き): 公共工事設計労務単価+必要経費(法定福利費の事業主負担額、労務管理費、宿舎費等)(参考値),2014-02,2014-02-01,mlit-roumu-h26,p17(横長の表) / p7(縦長の表),https://www.mlit.go.jp/common/001026047.pdf,PDL1.0,,
7a1cb79b2d714099,JP,labor,労務単価,高級船員,所定労働時間内8時間あたり,人日,pref,16,富山県,,,,22600,JPY,labor_wage_8h,published_pdl,31800,原本の下段(括弧書き): 公共工事設計労務単価+必要経費(法定福利費の事業主負担額、労務管理費、宿舎費等)(参考値),2014-02,2014-02-01,mlit-roumu-h26,p17(横長の表) / p7(縦長の表),https://www.mlit.go.jp/common/001026047.pdf,PDL1.0,,
b5efb1ab2a390b22,JP,labor,労務単価,普通船員,所定労働時間内8時間あたり,人日,pref,16,富山県,,,,19500,JPY,labor_wage_8h,published_pdl,27400,原本の下段(括弧書き): 公共工事設計労務単価+必要経費(法定福利費の事業主負担額、労務管理費、宿舎費等)(参考値),2014-02,2014-02-01,mlit-roumu-h26,p17(横長の表) / p7(縦長の表),https://www.mlit.go.jp/common/001026047.pdf,PDL1.0,,
64f1e4fe1d5f32e3,JP,labor,労務単価,潜水士,所定労働時間内8時間あたり,人日,pref,16,富山県,,,,32300,JPY,labor_wage_8h,published_pdl,45400,原本の下段(括弧書き): 公共工事設計労務単価+必要経費(法定福利費の事業主負担額、労務管理費、宿舎費等)(参考値),2014-02,2014-02-01,mlit-roumu-h26,p17(横長の表) / p7(縦長の表),https://www.mlit.go.jp/common/001026047.pdf,PDL1.0,,
bfa1f050e4c7f97b,JP,labor,労務単価,潜水連絡員,所定労働時間内8時間あたり,人日,pref,16,富山県,,,,19300,JPY,labor_wage_8h,published_pdl,27100,原本の下段(括弧書き): 公共工事設計労務単価+必要経費(法定福利費の事業主負担額、労務管理費、宿舎費等)(参考値),2014-02,2014-02-01,mlit-roumu-h26,p17(横長の表) / p7(縦長の表),https://www.mlit.go.jp/common/001026047.pdf,PDL1.0,,
af77711404d663ff,JP,labor,労務単価,潜水送気員,所定労働時間内8時間あたり,人日,pref,16,富山県,,,,21300,JPY,labor_wage_8h,published_pdl,29900,原本の下段(括弧書き): 公共工事設計労務単価+必要経費(法定福利費の事業主負担額、労務管理費、宿舎費等)(参考値),2014-02,2014-02-01,mlit-roumu-h26,p17(横長の表) / p7(縦長の表),https://www.mlit.go.jp/common/001026047.pdf,PDL1.0,,
44950f7bff6aad50,JP,labor,労務単価,山林砂防工,所定労働時間内8時間あたり,人日,pref,16,富山県,,,,21900,JPY,labor_wage_8h,published_pdl,30800,原本の下段(括弧書き): 公共工事設計労務単価+必要経費(法定福利費の事業主負担額、労務管理費、宿舎費等)(参考値),2014-02,2014-02-01,mlit-roumu-h26,p17(横長の表) / p8(縦長の表),https://www.mlit.go.jp/common/001026047.pdf,PDL1.0,,
f17ce0d304e9f259,JP,labor,労務単価,軌道工,所定労働時間内8時間あたり,人日,pref,16,富山県,,,,26600,JPY,labor_wage_8h,published_pdl,37400,原本の下段(括弧書き): 公共工事設計労務単価+必要経費(法定福利費の事業主負担額、労務管理費、宿舎費等)(参考値),2014-02,2014-02-01,mlit-roumu-h26,p17(横長の表) / p8(縦長の表),https://www.mlit.go.jp/common/001026047.pdf,PDL1.0,,
8221917c5b413984,JP,labor,労務単価,型わく工,所定労働時間内8時間あたり,人日,pref,16,富山県,,,,19400,JPY,labor_wage_8h,published_pdl,27300,原本の下段(括弧書き): 公共工事設計労務単価+必要経費(法定福利費の事業主負担額、労務管理費、宿舎費等)(参考値),2014-02,2014-02-01,mlit-roumu-h26,p17(横長の表) / p8(縦長の表),https://www.mlit.go.jp/common/001026047.pdf,PDL1.0,,
ba820b776cf152c1,JP,labor,労務単価,大工,所定労働時間内8時間あたり,人日,pref,16,富山県,,,,18200,JPY,labor_wage_8h,published_pdl,25600,原本の下段(括弧書き): 公共工事設計労務単価+必要経費(法定福利費の事業主負担額、労務管理費、宿舎費等)(参考値),2014-02,2014-02-01,mlit-roumu-h26,p17(横長の表) / p8(縦長の表),https://www.mlit.go.jp/common/001026047.pdf,PDL1.0,,
9fb7becd7a704221,JP,labor,労務単価,左官,所定労働時間内8時間あたり,人日,pref,16,富山県,,,,18100,JPY,labor_wage_8h,published_pdl,25400,原本の下段(括弧書き): 公共工事設計労務単価+必要経費(法定福利費の事業主負担額、労務管理費、宿舎費等)(参考値),2014-02,2014-02-01,mlit-roumu-h26,p17(横長の表) / p8(縦長の表),https://www.mlit.go.jp/common/001026047.pdf,PDL1.0,,
10f331dbdbe0e492,JP,labor,労務単価,配管工,所定労働時間内8時間あたり,人日,pref,16,富山県,,,,17500,JPY,labor_wage_8h,published_pdl,24600,原本の下段(括弧書き): 公共工事設計労務単価+必要経費(法定福利費の事業主負担額、労務管理費、宿舎費等)(参考値),2014-02,2014-02-01,mlit-roumu-h26,p17(横長の表) / p8(縦長の表),https://www.mlit.go.jp/common/001026047.pdf,PDL1.0,,
ec8a9465621effa7,JP,labor,労務単価,はつり工,所定労働時間内8時間あたり,人日,pref,16,富山県,,,,17500,JPY,labor_wage_8h,published_pdl,24600,原本の下段(括弧書き): 公共工事設計労務単価+必要経費(法定福利費の事業主負担額、労務管理費、宿舎費等)(参考値),2014-02,2014-02-01,mlit-roumu-h26,p17(横長の表) / p8(縦長の表),https://www.mlit.go.jp/common/001026047.pdf,PDL1.0,,
32b4455fe5270e2a,JP,labor,労務単価,防水工,所定労働時間内8時間あたり,人日,pref,16,富山県,,,,17800,JPY,labor_wage_8h,published_pdl,25000,原本の下段(括弧書き): 公共工事設計労務単価+必要経費(法定福利費の事業主負担額、労務管理費、宿舎費等)(参考値),2014-02,2014-02-01,mlit-roumu-h26,p17(横長の表) / p8(縦長の表),https://www.mlit.go.jp/common/001026047.pdf,PDL1.0,,
3f3015ea0ed5b6de,JP,labor,労務単価,板金工,所定労働時間内8時間あたり,人日,pref,16,富山県,,,,18400,JPY,labor_wage_8h,published_pdl,25900,原本の下段(括弧書き): 公共工事設計労務単価+必要経費(法定福利費の事業主負担額、労務管理費、宿舎費等)(参考値),2014-02,2014-02-01,mlit-roumu-h26,p17(横長の表) / p8(縦長の表),https://www.mlit.go.jp/common/001026047.pdf,PDL1.0,,
7797ef0c6c127fc8,JP,labor,労務単価,タイル工,所定労働時間内8時間あたり,人日,pref,16,富山県,,,,23100,JPY,labor_wage_8h,published_pdl,32500,原本の下段(括弧書き): 公共工事設計労務単価+必要経費(法定福利費の事業主負担額、労務管理費、宿舎費等)(参考値),2014-02,2014-02-01,mlit-roumu-h26,p17(横長の表) / p8(縦長の表),https://www.mlit.go.jp/common/001026047.pdf,PDL1.0,,
fdc0a702573af896,JP,labor,労務単価,サッシ工,所定労働時間内8時間あたり,人日,pref,16,富山県,,,,18900,JPY,labor_wage_8h,published_pdl,26600,原本の下段(括弧書き): 公共工事設計労務単価+必要経費(法定福利費の事業主負担額、労務管理費、宿舎費等)(参考値),2014-02,2014-02-01,mlit-roumu-h26,p18(横長の表) / p9(縦長の表),https://www.mlit.go.jp/common/001026047.pdf,PDL1.0,,
fca56aea3600e76c,JP,labor,労務単価,内装工,所定労働時間内8時間あたり,人日,pref,16,富山県,,,,18400,JPY,labor_wage_8h,published_pdl,25900,原本の下段(括弧書き): 公共工事設計労務単価+必要経費(法定福利費の事業主負担額、労務管理費、宿舎費等)(参考値),2014-02,2014-02-01,mlit-roumu-h26,p18(横長の表) / p9(縦長の表),https://www.mlit.go.jp/common/001026047.pdf,PDL1.0,,
204edac3c03230d6,JP,labor,労務単価,ガラス工,所定労働時間内8時間あたり,人日,pref,16,富山県,,,,17500,JPY,labor_wage_8h,published_pdl,24600,原本の下段(括弧書き): 公共工事設計労務単価+必要経費(法定福利費の事業主負担額、労務管理費、宿舎費等)(参考値),2014-02,2014-02-01,mlit-roumu-h26,p18(横長の表) / p9(縦長の表),https://www.mlit.go.jp/common/001026047.pdf,PDL1.0,,
9f8a8a260605a809,JP,labor,労務単価,建具工,所定労働時間内8時間あたり,人日,pref,16,富山県,,,,14800,JPY,labor_wage_8h,published_pdl,20800,原本の下段(括弧書き): 公共工事設計労務単価+必要経費(法定福利費の事業主負担額、労務管理費、宿舎費等)(参考値),2014-02,2014-02-01,mlit-roumu-h26,p18(横長の表) / p9(縦長の表),https://www.mlit.go.jp/common/001026047.pdf,PDL1.0,,
cb457de6ba2a22ac,JP,labor,労務単価,ダクト工,所定労働時間内8時間あたり,人日,pref,16,富山県,,,,17800,JPY,labor_wage_8h,published_pdl,25000,原本の下段(括弧書き): 公共工事設計労務単価+必要経費(法定福利費の事業主負担額、労務管理費、宿舎費等)(参考値),2014-02,2014-02-01,mlit-roumu-h26,p18(横長の表) / p9(縦長の表),https://www.mlit.go.jp/common/001026047.pdf,PDL1.0,,
904630e1bcaf9675,JP,labor,労務単価,保温工,所定労働時間内8時間あたり,人日,pref,16,富山県,,,,18300,JPY,labor_wage_8h,published_pdl,25700,原本の下段(括弧書き): 公共工事設計労務単価+必要経費(法定福利費の事業主負担額、労務管理費、宿舎費等)(参考値),2014-02,2014-02-01,mlit-roumu-h26,p18(横長の表) / p9(縦長の表),https://www.mlit.go.jp/common/001026047.pdf,PDL1.0,,
30457ffd012d28d8,JP,labor,労務単価,建築ブロック工,所定労働時間内8時間あたり,人日,pref,16,富山県,,,,15000,JPY,labor_wage_8h,published_pdl,21100,原本の下段(括弧書き): 公共工事設計労務単価+必要経費(法定福利費の事業主負担額、労務管理費、宿舎費等)(参考値),2014-02,2014-02-01,mlit-roumu-h26,p18(横長の表) / p9(縦長の表),https://www.mlit.go.jp/common/001026047.pdf,PDL1.0,,
7e77513f9605774d,JP,labor,労務単価,設備機械工,所定労働時間内8時間あたり,人日,pref,16,富山県,,,,17900,JPY,labor_wage_8h,published_pdl,25200,原本の下段(括弧書き): 公共工事設計労務単価+必要経費(法定福利費の事業主負担額、労務管理費、宿舎費等)(参考値),2014-02,2014-02-01,mlit-roumu-h26,p18(横長の表) / p9(縦長の表),https://www.mlit.go.jp/common/001026047.pdf,PDL1.0,,
dd891125843e16e4,JP,labor,労務単価,交通誘導警備員Ａ,所定労働時間内8時間あたり,人日,pref,16,富山県,,,,10400,JPY,labor_wage_8h,published_pdl,14600,原本の下段(括弧書き): 公共工事設計労務単価+必要経費(法定福利費の事業主負担額、労務管理費、宿舎費等)(参考値),2014-02,2014-02-01,mlit-roumu-h26,p18(横長の表) / p9(縦長の表),https://www.mlit.go.jp/common/001026047.pdf,PDL1.0,,
b5e9c5eb20807e4a,JP,labor,労務単価,交通誘導警備員Ｂ,所定労働時間内8時間あたり,人日,pref,16,富山県,,,,9700,JPY,labor_wage_8h,published_pdl,13600,原本の下段(括弧書き): 公共工事設計労務単価+必要経費(法定福利費の事業主負担額、労務管理費、宿舎費等)(参考値),2014-02,2014-02-01,mlit-roumu-h26,p18(横長の表) / p9(縦長の表),https://www.mlit.go.jp/common/001026047.pdf,PDL1.0,,
042ff57284905077,JP,labor,労務単価,特殊作業員,所定労働時間内8時間あたり,人日,pref,17,石川県,,,,18900,JPY,labor_wage_8h,published_pdl,26600,原本の下段(括弧書き): 公共工事設計労務単価+必要経費(法定福利費の事業主負担額、労務管理費、宿舎費等)(参考値),2014-02,2014-02-01,mlit-roumu-h26,p16(横長の表) / p5(縦長の表),https://www.mlit.go.jp/common/001026047.pdf,PDL1.0,,
d75848e690b46c8f,JP,labor,労務単価,普通作業員,所定労働時間内8時間あたり,人日,pref,17,石川県,,,,15600,JPY,labor_wage_8h,published_pdl,21900,原本の下段(括弧書き): 公共工事設計労務単価+必要経費(法定福利費の事業主負担額、労務管理費、宿舎費等)(参考値),2014-02,2014-02-01,mlit-roumu-h26,p16(横長の表) / p5(縦長の表),https://www.mlit.go.jp/common/001026047.pdf,PDL1.0,,
0b0964910edbb6f7,JP,labor,労務単価,軽作業員,所定労働時間内8時間あたり,人日,pref,17,石川県,,,,12100,JPY,labor_wage_8h,published_pdl,17000,原本の下段(括弧書き): 公共工事設計労務単価+必要経費(法定福利費の事業主負担額、労務管理費、宿舎費等)(参考値),2014-02,2014-02-01,mlit-roumu-h26,p16(横長の表) / p5(縦長の表),https://www.mlit.go.jp/common/001026047.pdf,PDL1.0,,
b784d5bc6d091f7e,JP,labor,労務単価,造園工,所定労働時間内8時間あたり,人日,pref,17,石川県,,,,17200,JPY,labor_wage_8h,published_pdl,24200,原本の下段(括弧書き): 公共工事設計労務単価+必要経費(法定福利費の事業主負担額、労務管理費、宿舎費等)(参考値),2014-02,2014-02-01,mlit-roumu-h26,p16(横長の表) / p5(縦長の表),https://www.mlit.go.jp/common/001026047.pdf,PDL1.0,,
23532e1068bac10b,JP,labor,労務単価,法面工,所定労働時間内8時間あたり,人日,pref,17,石川県,,,,21600,JPY,labor_wage_8h,published_pdl,30400,原本の下段(括弧書き): 公共工事設計労務単価+必要経費(法定福利費の事業主負担額、労務管理費、宿舎費等)(参考値),2014-02,2014-02-01,mlit-roumu-h26,p16(横長の表) / p5(縦長の表),https://www.mlit.go.jp/common/001026047.pdf,PDL1.0,,
bd78b67b2c3292ad,JP,labor,労務単価,とび工,所定労働時間内8時間あたり,人日,pref,17,石川県,,,,19800,JPY,labor_wage_8h,published_pdl,27800,原本の下段(括弧書き): 公共工事設計労務単価+必要経費(法定福利費の事業主負担額、労務管理費、宿舎費等)(参考値),2014-02,2014-02-01,mlit-roumu-h26,p16(横長の表) / p5(縦長の表),https://www.mlit.go.jp/common/001026047.pdf,PDL1.0,,
5b58f8fb1cce7e8c,JP,labor,労務単価,石工,所定労働時間内8時間あたり,人日,pref,17,石川県,,,,20300,JPY,labor_wage_8h,published_pdl,28500,原本の下段(括弧書き): 公共工事設計労務単価+必要経費(法定福利費の事業主負担額、労務管理費、宿舎費等)(参考値),2014-02,2014-02-01,mlit-roumu-h26,p16(横長の表) / p5(縦長の表),https://www.mlit.go.jp/common/001026047.pdf,PDL1.0,,
40bd51849ab0f89e,JP,labor,労務単価,ブロック工,所定労働時間内8時間あたり,人日,pref,17,石川県,,,,21100,JPY,labor_wage_8h,published_pdl,29700,原本の下段(括弧書き): 公共工事設計労務単価+必要経費(法定福利費の事業主負担額、労務管理費、宿舎費等)(参考値),2014-02,2014-02-01,mlit-roumu-h26,p16(横長の表) / p5(縦長の表),https://www.mlit.go.jp/common/001026047.pdf,PDL1.0,,
cb784a207abd64c7,JP,labor,労務単価,電工,所定労働時間内8時間あたり,人日,pref,17,石川県,,,,18200,JPY,labor_wage_8h,published_pdl,25600,原本の下段(括弧書き): 公共工事設計労務単価+必要経費(法定福利費の事業主負担額、労務管理費、宿舎費等)(参考値),2014-02,2014-02-01,mlit-roumu-h26,p16(横長の表) / p5(縦長の表),https://www.mlit.go.jp/common/001026047.pdf,PDL1.0,,
15d1c3e296658f8d,JP,labor,労務単価,鉄筋工,所定労働時間内8時間あたり,人日,pref,17,石川県,,,,19500,JPY,labor_wage_8h,published_pdl,27400,原本の下段(括弧書き): 公共工事設計労務単価+必要経費(法定福利費の事業主負担額、労務管理費、宿舎費等)(参考値),2014-02,2014-02-01,mlit-roumu-h26,p16(横長の表) / p5(縦長の表),https://www.mlit.go.jp/common/001026047.pdf,PDL1.0,,
54853e33d96e0536,JP,labor,労務単価,鉄骨工,所定労働時間内8時間あたり,人日,pref,17,石川県,,,,18800,JPY,labor_wage_8h,published_pdl,26400,原本の下段(括弧書き): 公共工事設計労務単価+必要経費(法定福利費の事業主負担額、労務管理費、宿舎費等)(参考値),2014-02,2014-02-01,mlit-roumu-h26,p16(横長の表) / p6(縦長の表),https://www.mlit.go.jp/common/001026047.pdf,PDL1.0,,
80e54bff9dd68ac6,JP,labor,労務単価,塗装工,所定労働時間内8時間あたり,人日,pref,17,石川県,,,,18800,JPY,labor_wage_8h,published_pdl,26400,原本の下段(括弧書き): 公共工事設計労務単価+必要経費(法定福利費の事業主負担額、労務管理費、宿舎費等)(参考値),2014-02,2014-02-01,mlit-roumu-h26,p16(横長の表) / p6(縦長の表),https://www.mlit.go.jp/common/001026047.pdf,PDL1.0,,
0a2451325ded3970,JP,labor,労務単価,溶接工,所定労働時間内8時間あたり,人日,pref,17,石川県,,,,19400,JPY,labor_wage_8h,published_pdl,27300,原本の下段(括弧書き): 公共工事設計労務単価+必要経費(法定福利費の事業主負担額、労務管理費、宿舎費等)(参考値),2014-02,2014-02-01,mlit-roumu-h26,p16(横長の表) / p6(縦長の表),https://www.mlit.go.jp/common/001026047.pdf,PDL1.0,,
82e02ea502ae6fcb,JP,labor,労務単価,運転手（特殊）,所定労働時間内8時間あたり,人日,pref,17,石川県,,,,17900,JPY,labor_wage_8h,published_pdl,25200,原本の下段(括弧書き): 公共工事設計労務単価+必要経費(法定福利費の事業主負担額、労務管理費、宿舎費等)(参考値),2014-02,2014-02-01,mlit-roumu-h26,p16(横長の表) / p6(縦長の表),https://www.mlit.go.jp/common/001026047.pdf,PDL1.0,,
963c072831a5e05b,JP,labor,労務単価,運転手（一般）,所定労働時間内8時間あたり,人日,pref,17,石川県,,,,15900,JPY,labor_wage_8h,published_pdl,22400,原本の下段(括弧書き): 公共工事設計労務単価+必要経費(法定福利費の事業主負担額、労務管理費、宿舎費等)(参考値),2014-02,2014-02-01,mlit-roumu-h26,p16(横長の表) / p6(縦長の表),https://www.mlit.go.jp/common/001026047.pdf,PDL1.0,,
8726790be90b7693,JP,labor,労務単価,潜かん工,所定労働時間内8時間あたり,人日,pref,17,石川県,,,,25900,JPY,labor_wage_8h,published_pdl,36400,原本の下段(括弧書き): 公共工事設計労務単価+必要経費(法定福利費の事業主負担額、労務管理費、宿舎費等)(参考値),2014-02,2014-02-01,mlit-roumu-h26,p16(横長の表) / p6(縦長の表),https://www.mlit.go.jp/common/001026047.pdf,PDL1.0,,
de9ba073abcea8d6,JP,labor,労務単価,潜かん世話役,所定労働時間内8時間あたり,人日,pref,17,石川県,,,,30600,JPY,labor_wage_8h,published_pdl,43000,原本の下段(括弧書き): 公共工事設計労務単価+必要経費(法定福利費の事業主負担額、労務管理費、宿舎費等)(参考値),2014-02,2014-02-01,mlit-roumu-h26,p16(横長の表) / p6(縦長の表),https://www.mlit.go.jp/common/001026047.pdf,PDL1.0,,
427ca3640443024a,JP,labor,労務単価,さく岩工,所定労働時間内8時間あたり,人日,pref,17,石川県,,,,22100,JPY,labor_wage_8h,published_pdl,31100,原本の下段(括弧書き): 公共工事設計労務単価+必要経費(法定福利費の事業主負担額、労務管理費、宿舎費等)(参考値),2014-02,2014-02-01,mlit-roumu-h26,p16(横長の表) / p6(縦長の表),https://www.mlit.go.jp/common/001026047.pdf,PDL1.0,,
34b8e10c9df1eb0a,JP,labor,労務単価,トンネル特殊工,所定労働時間内8時間あたり,人日,pref,17,石川県,,,,23500,JPY,labor_wage_8h,published_pdl,33000,原本の下段(括弧書き): 公共工事設計労務単価+必要経費(法定福利費の事業主負担額、労務管理費、宿舎費等)(参考値),2014-02,2014-02-01,mlit-roumu-h26,p16(横長の表) / p6(縦長の表),https://www.mlit.go.jp/common/001026047.pdf,PDL1.0,,
5badace23312fce8,JP,labor,労務単価,トンネル作業員,所定労働時間内8時間あたり,人日,pref,17,石川県,,,,19000,JPY,labor_wage_8h,published_pdl,26700,原本の下段(括弧書き): 公共工事設計労務単価+必要経費(法定福利費の事業主負担額、労務管理費、宿舎費等)(参考値),2014-02,2014-02-01,mlit-roumu-h26,p16(横長の表) / p6(縦長の表),https://www.mlit.go.jp/common/001026047.pdf,PDL1.0,,
53f6c772338f1d40,JP,labor,労務単価,トンネル世話役,所定労働時間内8時間あたり,人日,pref,17,石川県,,,,26600,JPY,labor_wage_8h,published_pdl,37400,原本の下段(括弧書き): 公共工事設計労務単価+必要経費(法定福利費の事業主負担額、労務管理費、宿舎費等)(参考値),2014-02,2014-02-01,mlit-roumu-h26,p17(横長の表) / p7(縦長の表),https://www.mlit.go.jp/common/001026047.pdf,PDL1.0,,
0b675d0a824f2627,JP,labor,労務単価,橋りょう特殊工,所定労働時間内8時間あたり,人日,pref,17,石川県,,,,22200,JPY,labor_wage_8h,published_pdl,31200,原本の下段(括弧書き): 公共工事設計労務単価+必要経費(法定福利費の事業主負担額、労務管理費、宿舎費等)(参考値),2014-02,2014-02-01,mlit-roumu-h26,p17(横長の表) / p7(縦長の表),https://www.mlit.go.jp/common/001026047.pdf,PDL1.0,,
ce565e405491ced5,JP,labor,労務単価,橋りょう塗装工,所定労働時間内8時間あたり,人日,pref,17,石川県,,,,26700,JPY,labor_wage_8h,published_pdl,37500,原本の下段(括弧書き): 公共工事設計労務単価+必要経費(法定福利費の事業主負担額、労務管理費、宿舎費等)(参考値),2014-02,2014-02-01,mlit-roumu-h26,p17(横長の表) / p7(縦長の表),https://www.mlit.go.jp/common/001026047.pdf,PDL1.0,,
09b131bc98fa606a,JP,labor,労務単価,橋りょう世話役,所定労働時間内8時間あたり,人日,pref,17,石川県,,,,26100,JPY,labor_wage_8h,published_pdl,36700,原本の下段(括弧書き): 公共工事設計労務単価+必要経費(法定福利費の事業主負担額、労務管理費、宿舎費等)(参考値),2014-02,2014-02-01,mlit-roumu-h26,p17(横長の表) / p7(縦長の表),https://www.mlit.go.jp/common/001026047.pdf,PDL1.0,,
7df772e253971018,JP,labor,労務単価,土木一般世話役,所定労働時間内8時間あたり,人日,pref,17,石川県,,,,21400,JPY,labor_wage_8h,published_pdl,30100,原本の下段(括弧書き): 公共工事設計労務単価+必要経費(法定福利費の事業主負担額、労務管理費、宿舎費等)(参考値),2014-02,2014-02-01,mlit-roumu-h26,p17(横長の表) / p7(縦長の表),https://www.mlit.go.jp/common/001026047.pdf,PDL1.0,,
40a0fa4453c48ad8,JP,labor,労務単価,高級船員,所定労働時間内8時間あたり,人日,pref,17,石川県,,,,22600,JPY,labor_wage_8h,published_pdl,31800,原本の下段(括弧書き): 公共工事設計労務単価+必要経費(法定福利費の事業主負担額、労務管理費、宿舎費等)(参考値),2014-02,2014-02-01,mlit-roumu-h26,p17(横長の表) / p7(縦長の表),https://www.mlit.go.jp/common/001026047.pdf,PDL1.0,,
799dcaa8ae3e6e15,JP,labor,労務単価,普通船員,所定労働時間内8時間あたり,人日,pref,17,石川県,,,,19600,JPY,labor_wage_8h,published_pdl,27600,原本の下段(括弧書き): 公共工事設計労務単価+必要経費(法定福利費の事業主負担額、労務管理費、宿舎費等)(参考値),2014-02,2014-02-01,mlit-roumu-h26,p17(横長の表) / p7(縦長の表),https://www.mlit.go.jp/common/001026047.pdf,PDL1.0,,
4a00bc6d84cccec5,JP,labor,労務単価,潜水士,所定労働時間内8時間あたり,人日,pref,17,石川県,,,,31200,JPY,labor_wage_8h,published_pdl,43900,原本の下段(括弧書き): 公共工事設計労務単価+必要経費(法定福利費の事業主負担額、労務管理費、宿舎費等)(参考値),2014-02,2014-02-01,mlit-roumu-h26,p17(横長の表) / p7(縦長の表),https://www.mlit.go.jp/common/001026047.pdf,PDL1.0,,
325134a8e3ada053,JP,labor,労務単価,潜水連絡員,所定労働時間内8時間あたり,人日,pref,17,石川県,,,,19900,JPY,labor_wage_8h,published_pdl,28000,原本の下段(括弧書き): 公共工事設計労務単価+必要経費(法定福利費の事業主負担額、労務管理費、宿舎費等)(参考値),2014-02,2014-02-01,mlit-roumu-h26,p17(横長の表) / p7(縦長の表),https://www.mlit.go.jp/common/001026047.pdf,PDL1.0,,
67cbf925a8826280,JP,labor,労務単価,潜水送気員,所定労働時間内8時間あたり,人日,pref,17,石川県,,,,20000,JPY,labor_wage_8h,published_pdl,28100,原本の下段(括弧書き): 公共工事設計労務単価+必要経費(法定福利費の事業主負担額、労務管理費、宿舎費等)(参考値),2014-02,2014-02-01,mlit-roumu-h26,p17(横長の表) / p7(縦長の表),https://www.mlit.go.jp/common/001026047.pdf,PDL1.0,,
a8583d9faa6795b1,JP,labor,労務単価,山林砂防工,所定労働時間内8時間あたり,人日,pref,17,石川県,,,,22600,JPY,labor_wage_8h,published_pdl,31800,原本の下段(括弧書き): 公共工事設計労務単価+必要経費(法定福利費の事業主負担額、労務管理費、宿舎費等)(参考値),2014-02,2014-02-01,mlit-roumu-h26,p17(横長の表) / p8(縦長の表),https://www.mlit.go.jp/common/001026047.pdf,PDL1.0,,
307e28597ad0ef20,JP,labor,労務単価,軌道工,所定労働時間内8時間あたり,人日,pref,17,石川県,,,,27100,JPY,labor_wage_8h,published_pdl,38100,原本の下段(括弧書き): 公共工事設計労務単価+必要経費(法定福利費の事業主負担額、労務管理費、宿舎費等)(参考値),2014-02,2014-02-01,mlit-roumu-h26,p17(横長の表) / p8(縦長の表),https://www.mlit.go.jp/common/001026047.pdf,PDL1.0,,
d004a7fd92dbed5d,JP,labor,労務単価,型わく工,所定労働時間内8時間あたり,人日,pref,17,石川県,,,,19000,JPY,labor_wage_8h,published_pdl,26700,原本の下段(括弧書き): 公共工事設計労務単価+必要経費(法定福利費の事業主負担額、労務管理費、宿舎費等)(参考値),2014-02,2014-02-01,mlit-roumu-h26,p17(横長の表) / p8(縦長の表),https://www.mlit.go.jp/common/001026047.pdf,PDL1.0,,
e4d06de9b7ffacb7,JP,labor,労務単価,大工,所定労働時間内8時間あたり,人日,pref,17,石川県,,,,18300,JPY,labor_wage_8h,published_pdl,25700,原本の下段(括弧書き): 公共工事設計労務単価+必要経費(法定福利費の事業主負担額、労務管理費、宿舎費等)(参考値),2014-02,2014-02-01,mlit-roumu-h26,p17(横長の表) / p8(縦長の表),https://www.mlit.go.jp/common/001026047.pdf,PDL1.0,,
20e68d036d24b25a,JP,labor,労務単価,左官,所定労働時間内8時間あたり,人日,pref,17,石川県,,,,17800,JPY,labor_wage_8h,published_pdl,25000,原本の下段(括弧書き): 公共工事設計労務単価+必要経費(法定福利費の事業主負担額、労務管理費、宿舎費等)(参考値),2014-02,2014-02-01,mlit-roumu-h26,p17(横長の表) / p8(縦長の表),https://www.mlit.go.jp/common/001026047.pdf,PDL1.0,,
7f40c01301b7af27,JP,labor,労務単価,配管工,所定労働時間内8時間あたり,人日,pref,17,石川県,,,,17200,JPY,labor_wage_8h,published_pdl,24200,原本の下段(括弧書き): 公共工事設計労務単価+必要経費(法定福利費の事業主負担額、労務管理費、宿舎費等)(参考値),2014-02,2014-02-01,mlit-roumu-h26,p17(横長の表) / p8(縦長の表),https://www.mlit.go.jp/common/001026047.pdf,PDL1.0,,
eb5221e6d87f2bb1,JP,labor,労務単価,はつり工,所定労働時間内8時間あたり,人日,pref,17,石川県,,,,17900,JPY,labor_wage_8h,published_pdl,25200,原本の下段(括弧書き): 公共工事設計労務単価+必要経費(法定福利費の事業主負担額、労務管理費、宿舎費等)(参考値),2014-02,2014-02-01,mlit-roumu-h26,p17(横長の表) / p8(縦長の表),https://www.mlit.go.jp/common/001026047.pdf,PDL1.0,,
0ce3201104b940cc,JP,labor,労務単価,防水工,所定労働時間内8時間あたり,人日,pref,17,石川県,,,,18500,JPY,labor_wage_8h,published_pdl,26000,原本の下段(括弧書き): 公共工事設計労務単価+必要経費(法定福利費の事業主負担額、労務管理費、宿舎費等)(参考値),2014-02,2014-02-01,mlit-roumu-h26,p17(横長の表) / p8(縦長の表),https://www.mlit.go.jp/common/001026047.pdf,PDL1.0,,
498b70cd23559e49,JP,labor,労務単価,板金工,所定労働時間内8時間あたり,人日,pref,17,石川県,,,,18600,JPY,labor_wage_8h,published_pdl,26200,原本の下段(括弧書き): 公共工事設計労務単価+必要経費(法定福利費の事業主負担額、労務管理費、宿舎費等)(参考値),2014-02,2014-02-01,mlit-roumu-h26,p17(横長の表) / p8(縦長の表),https://www.mlit.go.jp/common/001026047.pdf,PDL1.0,,
bb37da84e53d9508,JP,labor,労務単価,タイル工,所定労働時間内8時間あたり,人日,pref,17,石川県,,,,23400,JPY,labor_wage_8h,published_pdl,32900,原本の下段(括弧書き): 公共工事設計労務単価+必要経費(法定福利費の事業主負担額、労務管理費、宿舎費等)(参考値),2014-02,2014-02-01,mlit-roumu-h26,p17(横長の表) / p8(縦長の表),https://www.mlit.go.jp/common/001026047.pdf,PDL1.0,,
9840561f72d56994,JP,labor,労務単価,サッシ工,所定労働時間内8時間あたり,人日,pref,17,石川県,,,,19100,JPY,labor_wage_8h,published_pdl,26900,原本の下段(括弧書き): 公共工事設計労務単価+必要経費(法定福利費の事業主負担額、労務管理費、宿舎費等)(参考値),2014-02,2014-02-01,mlit-roumu-h26,p18(横長の表) / p9(縦長の表),https://www.mlit.go.jp/common/001026047.pdf,PDL1.0,,
a187a40bcbd6e360,JP,labor,労務単価,内装工,所定労働時間内8時間あたり,人日,pref,17,石川県,,,,17900,JPY,labor_wage_8h,published_pdl,25200,原本の下段(括弧書き): 公共工事設計労務単価+必要経費(法定福利費の事業主負担額、労務管理費、宿舎費等)(参考値),2014-02,2014-02-01,mlit-roumu-h26,p18(横長の表) / p9(縦長の表),https://www.mlit.go.jp/common/001026047.pdf,PDL1.0,,
506dddbf6ddd566b,JP,labor,労務単価,ガラス工,所定労働時間内8時間あたり,人日,pref,17,石川県,,,,17700,JPY,labor_wage_8h,published_pdl,24900,原本の下段(括弧書き): 公共工事設計労務単価+必要経費(法定福利費の事業主負担額、労務管理費、宿舎費等)(参考値),2014-02,2014-02-01,mlit-roumu-h26,p18(横長の表) / p9(縦長の表),https://www.mlit.go.jp/common/001026047.pdf,PDL1.0,,
98a1c980afab89a5,JP,labor,労務単価,建具工,所定労働時間内8時間あたり,人日,pref,17,石川県,,,,14500,JPY,labor_wage_8h,published_pdl,20400,原本の下段(括弧書き): 公共工事設計労務単価+必要経費(法定福利費の事業主負担額、労務管理費、宿舎費等)(参考値),2014-02,2014-02-01,mlit-roumu-h26,p18(横長の表) / p9(縦長の表),https://www.mlit.go.jp/common/001026047.pdf,PDL1.0,,
1746e10202680497,JP,labor,労務単価,ダクト工,所定労働時間内8時間あたり,人日,pref,17,石川県,,,,17900,JPY,labor_wage_8h,published_pdl,25200,原本の下段(括弧書き): 公共工事設計労務単価+必要経費(法定福利費の事業主負担額、労務管理費、宿舎費等)(参考値),2014-02,2014-02-01,mlit-roumu-h26,p18(横長の表) / p9(縦長の表),https://www.mlit.go.jp/common/001026047.pdf,PDL1.0,,
a134ee16d4fb7b21,JP,labor,労務単価,保温工,所定労働時間内8時間あたり,人日,pref,17,石川県,,,,18400,JPY,labor_wage_8h,published_pdl,25900,原本の下段(括弧書き): 公共工事設計労務単価+必要経費(法定福利費の事業主負担額、労務管理費、宿舎費等)(参考値),2014-02,2014-02-01,mlit-roumu-h26,p18(横長の表) / p9(縦長の表),https://www.mlit.go.jp/common/001026047.pdf,PDL1.0,,
55d3c3d9aaa664d8,JP,labor,労務単価,建築ブロック工,所定労働時間内8時間あたり,人日,pref,17,石川県,,,,15000,JPY,labor_wage_8h,published_pdl,21100,原本の下段(括弧書き): 公共工事設計労務単価+必要経費(法定福利費の事業主負担額、労務管理費、宿舎費等)(参考値),2014-02,2014-02-01,mlit-roumu-h26,p18(横長の表) / p9(縦長の表),https://www.mlit.go.jp/common/001026047.pdf,PDL1.0,,
d4149c45ad21c058,JP,labor,労務単価,設備機械工,所定労働時間内8時間あたり,人日,pref,17,石川県,,,,18400,JPY,labor_wage_8h,published_pdl,25900,原本の下段(括弧書き): 公共工事設計労務単価+必要経費(法定福利費の事業主負担額、労務管理費、宿舎費等)(参考値),2014-02,2014-02-01,mlit-roumu-h26,p18(横長の表) / p9(縦長の表),https://www.mlit.go.jp/common/001026047.pdf,PDL1.0,,
831c702457700890,JP,labor,労務単価,交通誘導警備員Ａ,所定労働時間内8時間あたり,人日,pref,17,石川県,,,,10900,JPY,labor_wage_8h,published_pdl,15300,原本の下段(括弧書き): 公共工事設計労務単価+必要経費(法定福利費の事業主負担額、労務管理費、宿舎費等)(参考値),2014-02,2014-02-01,mlit-roumu-h26,p18(横長の表) / p9(縦長の表),https://www.mlit.go.jp/common/001026047.pdf,PDL1.0,,
db27b7923242ff91,JP,labor,労務単価,交通誘導警備員Ｂ,所定労働時間内8時間あたり,人日,pref,17,石川県,,,,9600,JPY,labor_wage_8h,published_pdl,13500,原本の下段(括弧書き): 公共工事設計労務単価+必要経費(法定福利費の事業主負担額、労務管理費、宿舎費等)(参考値),2014-02,2014-02-01,mlit-roumu-h26,p18(横長の表) / p9(縦長の表),https://www.mlit.go.jp/common/001026047.pdf,PDL1.0,,
d74c1621ee377d71,JP,labor,労務単価,特殊作業員,所定労働時間内8時間あたり,人日,pref,18,福井県,,,,18500,JPY,labor_wage_8h,published_pdl,26000,原本の下段(括弧書き): 公共工事設計労務単価+必要経費(法定福利費の事業主負担額、労務管理費、宿舎費等)(参考値),2014-02,2014-02-01,mlit-roumu-h26,p16(横長の表) / p5(縦長の表),https://www.mlit.go.jp/common/001026047.pdf,PDL1.0,,
09a63c01a252faff,JP,labor,労務単価,普通作業員,所定労働時間内8時間あたり,人日,pref,18,福井県,,,,15300,JPY,labor_wage_8h,published_pdl,21500,原本の下段(括弧書き): 公共工事設計労務単価+必要経費(法定福利費の事業主負担額、労務管理費、宿舎費等)(参考値),2014-02,2014-02-01,mlit-roumu-h26,p16(横長の表) / p5(縦長の表),https://www.mlit.go.jp/common/001026047.pdf,PDL1.0,,
4b9494e1caad26ec,JP,labor,労務単価,軽作業員,所定労働時間内8時間あたり,人日,pref,18,福井県,,,,11500,JPY,labor_wage_8h,published_pdl,16200,原本の下段(括弧書き): 公共工事設計労務単価+必要経費(法定福利費の事業主負担額、労務管理費、宿舎費等)(参考値),2014-02,2014-02-01,mlit-roumu-h26,p16(横長の表) / p5(縦長の表),https://www.mlit.go.jp/common/001026047.pdf,PDL1.0,,
000be2cef7cbacfa,JP,labor,労務単価,造園工,所定労働時間内8時間あたり,人日,pref,18,福井県,,,,18100,JPY,labor_wage_8h,published_pdl,25400,原本の下段(括弧書き): 公共工事設計労務単価+必要経費(法定福利費の事業主負担額、労務管理費、宿舎費等)(参考値),2014-02,2014-02-01,mlit-roumu-h26,p16(横長の表) / p5(縦長の表),https://www.mlit.go.jp/common/001026047.pdf,PDL1.0,,
ad055a487d0c989e,JP,labor,労務単価,法面工,所定労働時間内8時間あたり,人日,pref,18,福井県,,,,20300,JPY,labor_wage_8h,published_pdl,28500,原本の下段(括弧書き): 公共工事設計労務単価+必要経費(法定福利費の事業主負担額、労務管理費、宿舎費等)(参考値),2014-02,2014-02-01,mlit-roumu-h26,p16(横長の表) / p5(縦長の表),https://www.mlit.go.jp/common/001026047.pdf,PDL1.0,,
d68a4c173f850e84,JP,labor,労務単価,とび工,所定労働時間内8時間あたり,人日,pref,18,福井県,,,,19100,JPY,labor_wage_8h,published_pdl,26900,原本の下段(括弧書き): 公共工事設計労務単価+必要経費(法定福利費の事業主負担額、労務管理費、宿舎費等)(参考値),2014-02,2014-02-01,mlit-roumu-h26,p16(横長の表) / p5(縦長の表),https://www.mlit.go.jp/common/001026047.pdf,PDL1.0,,
882168e33b740653,JP,labor,労務単価,石工,所定労働時間内8時間あたり,人日,pref,18,福井県,,,,24100,JPY,labor_wage_8h,published_pdl,33900,原本の下段(括弧書き): 公共工事設計労務単価+必要経費(法定福利費の事業主負担額、労務管理費、宿舎費等)(参考値),2014-02,2014-02-01,mlit-roumu-h26,p16(横長の表) / p5(縦長の表),https://www.mlit.go.jp/common/001026047.pdf,PDL1.0,,
6c66f220dad4d637,JP,labor,労務単価,ブロック工,所定労働時間内8時間あたり,人日,pref,18,福井県,,,,21600,JPY,labor_wage_8h,published_pdl,30400,原本の下段(括弧書き): 公共工事設計労務単価+必要経費(法定福利費の事業主負担額、労務管理費、宿舎費等)(参考値),2014-02,2014-02-01,mlit-roumu-h26,p16(横長の表) / p5(縦長の表),https://www.mlit.go.jp/common/001026047.pdf,PDL1.0,,
ef97240e1c8f1a8c,JP,labor,労務単価,電工,所定労働時間内8時間あたり,人日,pref,18,福井県,,,,17900,JPY,labor_wage_8h,published_pdl,25200,原本の下段(括弧書き): 公共工事設計労務単価+必要経費(法定福利費の事業主負担額、労務管理費、宿舎費等)(参考値),2014-02,2014-02-01,mlit-roumu-h26,p16(横長の表) / p5(縦長の表),https://www.mlit.go.jp/common/001026047.pdf,PDL1.0,,
2f001e5b1036e831,JP,labor,労務単価,鉄筋工,所定労働時間内8時間あたり,人日,pref,18,福井県,,,,18500,JPY,labor_wage_8h,published_pdl,26000,原本の下段(括弧書き): 公共工事設計労務単価+必要経費(法定福利費の事業主負担額、労務管理費、宿舎費等)(参考値),2014-02,2014-02-01,mlit-roumu-h26,p16(横長の表) / p5(縦長の表),https://www.mlit.go.jp/common/001026047.pdf,PDL1.0,,
cd3bb7cad990b631,JP,labor,労務単価,鉄骨工,所定労働時間内8時間あたり,人日,pref,18,福井県,,,,18900,JPY,labor_wage_8h,published_pdl,26600,原本の下段(括弧書き): 公共工事設計労務単価+必要経費(法定福利費の事業主負担額、労務管理費、宿舎費等)(参考値),2014-02,2014-02-01,mlit-roumu-h26,p16(横長の表) / p6(縦長の表),https://www.mlit.go.jp/common/001026047.pdf,PDL1.0,,
94b558fc7ff8bbd0,JP,labor,労務単価,塗装工,所定労働時間内8時間あたり,人日,pref,18,福井県,,,,20500,JPY,labor_wage_8h,published_pdl,28800,原本の下段(括弧書き): 公共工事設計労務単価+必要経費(法定福利費の事業主負担額、労務管理費、宿舎費等)(参考値),2014-02,2014-02-01,mlit-roumu-h26,p16(横長の表) / p6(縦長の表),https://www.mlit.go.jp/common/001026047.pdf,PDL1.0,,
d1fe45f9e2972a29,JP,labor,労務単価,溶接工,所定労働時間内8時間あたり,人日,pref,18,福井県,,,,20300,JPY,labor_wage_8h,published_pdl,28500,原本の下段(括弧書き): 公共工事設計労務単価+必要経費(法定福利費の事業主負担額、労務管理費、宿舎費等)(参考値),2014-02,2014-02-01,mlit-roumu-h26,p16(横長の表) / p6(縦長の表),https://www.mlit.go.jp/common/001026047.pdf,PDL1.0,,
64d05e46fa289ec6,JP,labor,労務単価,運転手（特殊）,所定労働時間内8時間あたり,人日,pref,18,福井県,,,,17800,JPY,labor_wage_8h,published_pdl,25000,原本の下段(括弧書き): 公共工事設計労務単価+必要経費(法定福利費の事業主負担額、労務管理費、宿舎費等)(参考値),2014-02,2014-02-01,mlit-roumu-h26,p16(横長の表) / p6(縦長の表),https://www.mlit.go.jp/common/001026047.pdf,PDL1.0,,
8b2d3ba9f69c8390,JP,labor,労務単価,運転手（一般）,所定労働時間内8時間あたり,人日,pref,18,福井県,,,,17400,JPY,labor_wage_8h,published_pdl,24500,原本の下段(括弧書き): 公共工事設計労務単価+必要経費(法定福利費の事業主負担額、労務管理費、宿舎費等)(参考値),2014-02,2014-02-01,mlit-roumu-h26,p16(横長の表) / p6(縦長の表),https://www.mlit.go.jp/common/001026047.pdf,PDL1.0,,
f86659eadfd7dc28,JP,labor,労務単価,潜かん工,所定労働時間内8時間あたり,人日,pref,18,福井県,,,,25400,JPY,labor_wage_8h,published_pdl,35700,原本の下段(括弧書き): 公共工事設計労務単価+必要経費(法定福利費の事業主負担額、労務管理費、宿舎費等)(参考値),2014-02,2014-02-01,mlit-roumu-h26,p16(横長の表) / p6(縦長の表),https://www.mlit.go.jp/common/001026047.pdf,PDL1.0,,
600951f6ea4a4ccd,JP,labor,労務単価,潜かん世話役,所定労働時間内8時間あたり,人日,pref,18,福井県,,,,30100,JPY,labor_wage_8h,published_pdl,42300,原本の下段(括弧書き): 公共工事設計労務単価+必要経費(法定福利費の事業主負担額、労務管理費、宿舎費等)(参考値),2014-02,2014-02-01,mlit-roumu-h26,p16(横長の表) / p6(縦長の表),https://www.mlit.go.jp/common/001026047.pdf,PDL1.0,,
dc6c4c471f6b30dc,JP,labor,労務単価,さく岩工,所定労働時間内8時間あたり,人日,pref,18,福井県,,,,20600,JPY,labor_wage_8h,published_pdl,29000,原本の下段(括弧書き): 公共工事設計労務単価+必要経費(法定福利費の事業主負担額、労務管理費、宿舎費等)(参考値),2014-02,2014-02-01,mlit-roumu-h26,p16(横長の表) / p6(縦長の表),https://www.mlit.go.jp/common/001026047.pdf,PDL1.0,,
8dd3cbdfb2ca271e,JP,labor,労務単価,トンネル特殊工,所定労働時間内8時間あたり,人日,pref,18,福井県,,,,22900,JPY,labor_wage_8h,published_pdl,32200,原本の下段(括弧書き): 公共工事設計労務単価+必要経費(法定福利費の事業主負担額、労務管理費、宿舎費等)(参考値),2014-02,2014-02-01,mlit-roumu-h26,p16(横長の表) / p6(縦長の表),https://www.mlit.go.jp/common/001026047.pdf,PDL1.0,,
27bd2fd2e058b99b,JP,labor,労務単価,トンネル作業員,所定労働時間内8時間あたり,人日,pref,18,福井県,,,,18900,JPY,labor_wage_8h,published_pdl,26600,原本の下段(括弧書き): 公共工事設計労務単価+必要経費(法定福利費の事業主負担額、労務管理費、宿舎費等)(参考値),2014-02,2014-02-01,mlit-roumu-h26,p16(横長の表) / p6(縦長の表),https://www.mlit.go.jp/common/001026047.pdf,PDL1.0,,
2867e93d4a5c8076,JP,labor,労務単価,トンネル世話役,所定労働時間内8時間あたり,人日,pref,18,福井県,,,,25300,JPY,labor_wage_8h,published_pdl,35600,原本の下段(括弧書き): 公共工事設計労務単価+必要経費(法定福利費の事業主負担額、労務管理費、宿舎費等)(参考値),2014-02,2014-02-01,mlit-roumu-h26,p17(横長の表) / p7(縦長の表),https://www.mlit.go.jp/common/001026047.pdf,PDL1.0,,
062cd1342f506a4c,JP,labor,労務単価,橋りょう特殊工,所定労働時間内8時間あたり,人日,pref,18,福井県,,,,24300,JPY,labor_wage_8h,published_pdl,34200,原本の下段(括弧書き): 公共工事設計労務単価+必要経費(法定福利費の事業主負担額、労務管理費、宿舎費等)(参考値),2014-02,2014-02-01,mlit-roumu-h26,p17(横長の表) / p7(縦長の表),https://www.mlit.go.jp/common/001026047.pdf,PDL1.0,,
bf393b5004d4275f,JP,labor,労務単価,橋りょう塗装工,所定労働時間内8時間あたり,人日,pref,18,福井県,,,,25400,JPY,labor_wage_8h,published_pdl,35700,原本の下段(括弧書き): 公共工事設計労務単価+必要経費(法定福利費の事業主負担額、労務管理費、宿舎費等)(参考値),2014-02,2014-02-01,mlit-roumu-h26,p17(横長の表) / p7(縦長の表),https://www.mlit.go.jp/common/001026047.pdf,PDL1.0,,
8b03055465b594c8,JP,labor,労務単価,橋りょう世話役,所定労働時間内8時間あたり,人日,pref,18,福井県,,,,28200,JPY,labor_wage_8h,published_pdl,39600,原本の下段(括弧書き): 公共工事設計労務単価+必要経費(法定福利費の事業主負担額、労務管理費、宿舎費等)(参考値),2014-02,2014-02-01,mlit-roumu-h26,p17(横長の表) / p7(縦長の表),https://www.mlit.go.jp/common/001026047.pdf,PDL1.0,,
8cdadf84ee2930b8,JP,labor,労務単価,土木一般世話役,所定労働時間内8時間あたり,人日,pref,18,福井県,,,,20200,JPY,labor_wage_8h,published_pdl,28400,原本の下段(括弧書き): 公共工事設計労務単価+必要経費(法定福利費の事業主負担額、労務管理費、宿舎費等)(参考値),2014-02,2014-02-01,mlit-roumu-h26,p17(横長の表) / p7(縦長の表),https://www.mlit.go.jp/common/001026047.pdf,PDL1.0,,
8180b5b5da927980,JP,labor,労務単価,高級船員,所定労働時間内8時間あたり,人日,pref,18,福井県,,,,23500,JPY,labor_wage_8h,published_pdl,33000,原本の下段(括弧書き): 公共工事設計労務単価+必要経費(法定福利費の事業主負担額、労務管理費、宿舎費等)(参考値),2014-02,2014-02-01,mlit-roumu-h26,p17(横長の表) / p7(縦長の表),https://www.mlit.go.jp/common/001026047.pdf,PDL1.0,,
12cc82b4313d584c,JP,labor,労務単価,普通船員,所定労働時間内8時間あたり,人日,pref,18,福井県,,,,19100,JPY,labor_wage_8h,published_pdl,26900,原本の下段(括弧書き): 公共工事設計労務単価+必要経費(法定福利費の事業主負担額、労務管理費、宿舎費等)(参考値),2014-02,2014-02-01,mlit-roumu-h26,p17(横長の表) / p7(縦長の表),https://www.mlit.go.jp/common/001026047.pdf,PDL1.0,,
d666739da3daeafa,JP,labor,労務単価,潜水士,所定労働時間内8時間あたり,人日,pref,18,福井県,,,,28100,JPY,labor_wage_8h,published_pdl,39500,原本の下段(括弧書き): 公共工事設計労務単価+必要経費(法定福利費の事業主負担額、労務管理費、宿舎費等)(参考値),2014-02,2014-02-01,mlit-roumu-h26,p17(横長の表) / p7(縦長の表),https://www.mlit.go.jp/common/001026047.pdf,PDL1.0,,
9afc02c458840850,JP,labor,労務単価,潜水連絡員,所定労働時間内8時間あたり,人日,pref,18,福井県,,,,20300,JPY,labor_wage_8h,published_pdl,28500,原本の下段(括弧書き): 公共工事設計労務単価+必要経費(法定福利費の事業主負担額、労務管理費、宿舎費等)(参考値),2014-02,2014-02-01,mlit-roumu-h26,p17(横長の表) / p7(縦長の表),https://www.mlit.go.jp/common/001026047.pdf,PDL1.0,,
ff0532594b3fe4c6,JP,labor,労務単価,潜水送気員,所定労働時間内8時間あたり,人日,pref,18,福井県,,,,20200,JPY,labor_wage_8h,published_pdl,28400,原本の下段(括弧書き): 公共工事設計労務単価+必要経費(法定福利費の事業主負担額、労務管理費、宿舎費等)(参考値),2014-02,2014-02-01,mlit-roumu-h26,p17(横長の表) / p7(縦長の表),https://www.mlit.go.jp/common/001026047.pdf,PDL1.0,,
11b651d162e5ef69,JP,labor,労務単価,山林砂防工,所定労働時間内8時間あたり,人日,pref,18,福井県,,,,20900,JPY,labor_wage_8h,published_pdl,29400,原本の下段(括弧書き): 公共工事設計労務単価+必要経費(法定福利費の事業主負担額、労務管理費、宿舎費等)(参考値),2014-02,2014-02-01,mlit-roumu-h26,p17(横長の表) / p8(縦長の表),https://www.mlit.go.jp/common/001026047.pdf,PDL1.0,,
5b4117db42190eaa,JP,labor,労務単価,軌道工,所定労働時間内8時間あたり,人日,pref,18,福井県,,,,30700,JPY,labor_wage_8h,published_pdl,43200,原本の下段(括弧書き): 公共工事設計労務単価+必要経費(法定福利費の事業主負担額、労務管理費、宿舎費等)(参考値),2014-02,2014-02-01,mlit-roumu-h26,p17(横長の表) / p8(縦長の表),https://www.mlit.go.jp/common/001026047.pdf,PDL1.0,,
e35658b825cdbe57,JP,labor,労務単価,型わく工,所定労働時間内8時間あたり,人日,pref,18,福井県,,,,18900,JPY,labor_wage_8h,published_pdl,26600,原本の下段(括弧書き): 公共工事設計労務単価+必要経費(法定福利費の事業主負担額、労務管理費、宿舎費等)(参考値),2014-02,2014-02-01,mlit-roumu-h26,p17(横長の表) / p8(縦長の表),https://www.mlit.go.jp/common/001026047.pdf,PDL1.0,,
2bc7fe8665647636,JP,labor,労務単価,大工,所定労働時間内8時間あたり,人日,pref,18,福井県,,,,18000,JPY,labor_wage_8h,published_pdl,25300,原本の下段(括弧書き): 公共工事設計労務単価+必要経費(法定福利費の事業主負担額、労務管理費、宿舎費等)(参考値),2014-02,2014-02-01,mlit-roumu-h26,p17(横長の表) / p8(縦長の表),https://www.mlit.go.jp/common/001026047.pdf,PDL1.0,,
bedb79c8abb2fd74,JP,labor,労務単価,左官,所定労働時間内8時間あたり,人日,pref,18,福井県,,,,17900,JPY,labor_wage_8h,published_pdl,25200,原本の下段(括弧書き): 公共工事設計労務単価+必要経費(法定福利費の事業主負担額、労務管理費、宿舎費等)(参考値),2014-02,2014-02-01,mlit-roumu-h26,p17(横長の表) / p8(縦長の表),https://www.mlit.go.jp/common/001026047.pdf,PDL1.0,,
2f8bd5031cdfc49e,JP,labor,労務単価,配管工,所定労働時間内8時間あたり,人日,pref,18,福井県,,,,18100,JPY,labor_wage_8h,published_pdl,25400,原本の下段(括弧書き): 公共工事設計労務単価+必要経費(法定福利費の事業主負担額、労務管理費、宿舎費等)(参考値),2014-02,2014-02-01,mlit-roumu-h26,p17(横長の表) / p8(縦長の表),https://www.mlit.go.jp/common/001026047.pdf,PDL1.0,,
a73d157c2090162e,JP,labor,労務単価,はつり工,所定労働時間内8時間あたり,人日,pref,18,福井県,,,,19300,JPY,labor_wage_8h,published_pdl,27100,原本の下段(括弧書き): 公共工事設計労務単価+必要経費(法定福利費の事業主負担額、労務管理費、宿舎費等)(参考値),2014-02,2014-02-01,mlit-roumu-h26,p17(横長の表) / p8(縦長の表),https://www.mlit.go.jp/common/001026047.pdf,PDL1.0,,
9d6e738d2121e0cb,JP,labor,労務単価,防水工,所定労働時間内8時間あたり,人日,pref,18,福井県,,,,19700,JPY,labor_wage_8h,published_pdl,27700,原本の下段(括弧書き): 公共工事設計労務単価+必要経費(法定福利費の事業主負担額、労務管理費、宿舎費等)(参考値),2014-02,2014-02-01,mlit-roumu-h26,p17(横長の表) / p8(縦長の表),https://www.mlit.go.jp/common/001026047.pdf,PDL1.0,,
0a02bb98eccdadca,JP,labor,労務単価,板金工,所定労働時間内8時間あたり,人日,pref,18,福井県,,,,19400,JPY,labor_wage_8h,published_pdl,27300,原本の下段(括弧書き): 公共工事設計労務単価+必要経費(法定福利費の事業主負担額、労務管理費、宿舎費等)(参考値),2014-02,2014-02-01,mlit-roumu-h26,p17(横長の表) / p8(縦長の表),https://www.mlit.go.jp/common/001026047.pdf,PDL1.0,,
027b85f023fe5301,JP,labor,労務単価,タイル工,所定労働時間内8時間あたり,人日,pref,18,福井県,,,,,JPY,labor_wage_8h,not_set,,,2014-02,2014-02-01,mlit-roumu-h26,p17(横長の表) / p8(縦長の表),https://www.mlit.go.jp/common/001026047.pdf,PDL1.0,,原本の表で『-』(この都道府県ではこの職種の単価を設定していない)
c560a129ebb6145e,JP,labor,労務単価,サッシ工,所定労働時間内8時間あたり,人日,pref,18,福井県,,,,18700,JPY,labor_wage_8h,published_pdl,26300,原本の下段(括弧書き): 公共工事設計労務単価+必要経費(法定福利費の事業主負担額、労務管理費、宿舎費等)(参考値),2014-02,2014-02-01,mlit-roumu-h26,p18(横長の表) / p9(縦長の表),https://www.mlit.go.jp/common/001026047.pdf,PDL1.0,,
5cdcf94b78ccb2f1,JP,labor,労務単価,内装工,所定労働時間内8時間あたり,人日,pref,18,福井県,,,,19900,JPY,labor_wage_8h,published_pdl,28000,原本の下段(括弧書き): 公共工事設計労務単価+必要経費(法定福利費の事業主負担額、労務管理費、宿舎費等)(参考値),2014-02,2014-02-01,mlit-roumu-h26,p18(横長の表) / p9(縦長の表),https://www.mlit.go.jp/common/001026047.pdf,PDL1.0,,
0e24a936fc57a5e1,JP,labor,労務単価,ガラス工,所定労働時間内8時間あたり,人日,pref,18,福井県,,,,19200,JPY,labor_wage_8h,published_pdl,27000,原本の下段(括弧書き): 公共工事設計労務単価+必要経費(法定福利費の事業主負担額、労務管理費、宿舎費等)(参考値),2014-02,2014-02-01,mlit-roumu-h26,p18(横長の表) / p9(縦長の表),https://www.mlit.go.jp/common/001026047.pdf,PDL1.0,,
09bbd6bcea93fb8f,JP,labor,労務単価,建具工,所定労働時間内8時間あたり,人日,pref,18,福井県,,,,16700,JPY,labor_wage_8h,published_pdl,23500,原本の下段(括弧書き): 公共工事設計労務単価+必要経費(法定福利費の事業主負担額、労務管理費、宿舎費等)(参考値),2014-02,2014-02-01,mlit-roumu-h26,p18(横長の表) / p9(縦長の表),https://www.mlit.go.jp/common/001026047.pdf,PDL1.0,,
7d2176f11b55bd34,JP,labor,労務単価,ダクト工,所定労働時間内8時間あたり,人日,pref,18,福井県,,,,18000,JPY,labor_wage_8h,published_pdl,25300,原本の下段(括弧書き): 公共工事設計労務単価+必要経費(法定福利費の事業主負担額、労務管理費、宿舎費等)(参考値),2014-02,2014-02-01,mlit-roumu-h26,p18(横長の表) / p9(縦長の表),https://www.mlit.go.jp/common/001026047.pdf,PDL1.0,,
ba5d282655b6b5e0,JP,labor,労務単価,保温工,所定労働時間内8時間あたり,人日,pref,18,福井県,,,,20600,JPY,labor_wage_8h,published_pdl,29000,原本の下段(括弧書き): 公共工事設計労務単価+必要経費(法定福利費の事業主負担額、労務管理費、宿舎費等)(参考値),2014-02,2014-02-01,mlit-roumu-h26,p18(横長の表) / p9(縦長の表),https://www.mlit.go.jp/common/001026047.pdf,PDL1.0,,
e140b4c4b8b0e434,JP,labor,労務単価,建築ブロック工,所定労働時間内8時間あたり,人日,pref,18,福井県,,,,,JPY,labor_wage_8h,not_set,,,2014-02,2014-02-01,mlit-roumu-h26,p18(横長の表) / p9(縦長の表),https://www.mlit.go.jp/common/001026047.pdf,PDL1.0,,原本の表で『-』(この都道府県ではこの職種の単価を設定していない)
0e98f08387cc01c2,JP,labor,労務単価,設備機械工,所定労働時間内8時間あたり,人日,pref,18,福井県,,,,21500,JPY,labor_wage_8h,published_pdl,30200,原本の下段(括弧書き): 公共工事設計労務単価+必要経費(法定福利費の事業主負担額、労務管理費、宿舎費等)(参考値),2014-02,2014-02-01,mlit-roumu-h26,p18(横長の表) / p9(縦長の表),https://www.mlit.go.jp/common/001026047.pdf,PDL1.0,,
5faa04d4e695a130,JP,labor,労務単価,交通誘導警備員Ａ,所定労働時間内8時間あたり,人日,pref,18,福井県,,,,11100,JPY,labor_wage_8h,published_pdl,15600,原本の下段(括弧書き): 公共工事設計労務単価+必要経費(法定福利費の事業主負担額、労務管理費、宿舎費等)(参考値),2014-02,2014-02-01,mlit-roumu-h26,p18(横長の表) / p9(縦長の表),https://www.mlit.go.jp/common/001026047.pdf,PDL1.0,,
5071452621175401,JP,labor,労務単価,交通誘導警備員Ｂ,所定労働時間内8時間あたり,人日,pref,18,福井県,,,,9900,JPY,labor_wage_8h,published_pdl,13900,原本の下段(括弧書き): 公共工事設計労務単価+必要経費(法定福利費の事業主負担額、労務管理費、宿舎費等)(参考値),2014-02,2014-02-01,mlit-roumu-h26,p18(横長の表) / p9(縦長の表),https://www.mlit.go.jp/common/001026047.pdf,PDL1.0,,
de57f5383cac16aa,JP,labor,労務単価,特殊作業員,所定労働時間内8時間あたり,人日,pref,19,山梨県,,,,20500,JPY,labor_wage_8h,published_pdl,28800,原本の下段(括弧書き): 公共工事設計労務単価+必要経費(法定福利費の事業主負担額、労務管理費、宿舎費等)(参考値),2014-02,2014-02-01,mlit-roumu-h26,p16(横長の表) / p5(縦長の表),https://www.mlit.go.jp/common/001026047.pdf,PDL1.0,,
f7324bbfc53e00bb,JP,labor,労務単価,普通作業員,所定労働時間内8時間あたり,人日,pref,19,山梨県,,,,18500,JPY,labor_wage_8h,published_pdl,26000,原本の下段(括弧書き): 公共工事設計労務単価+必要経費(法定福利費の事業主負担額、労務管理費、宿舎費等)(参考値),2014-02,2014-02-01,mlit-roumu-h26,p16(横長の表) / p5(縦長の表),https://www.mlit.go.jp/common/001026047.pdf,PDL1.0,,
2dbc7a3ced26fb6f,JP,labor,労務単価,軽作業員,所定労働時間内8時間あたり,人日,pref,19,山梨県,,,,12800,JPY,labor_wage_8h,published_pdl,18000,原本の下段(括弧書き): 公共工事設計労務単価+必要経費(法定福利費の事業主負担額、労務管理費、宿舎費等)(参考値),2014-02,2014-02-01,mlit-roumu-h26,p16(横長の表) / p5(縦長の表),https://www.mlit.go.jp/common/001026047.pdf,PDL1.0,,
b52141a905d89fa7,JP,labor,労務単価,造園工,所定労働時間内8時間あたり,人日,pref,19,山梨県,,,,19100,JPY,labor_wage_8h,published_pdl,26900,原本の下段(括弧書き): 公共工事設計労務単価+必要経費(法定福利費の事業主負担額、労務管理費、宿舎費等)(参考値),2014-02,2014-02-01,mlit-roumu-h26,p16(横長の表) / p5(縦長の表),https://www.mlit.go.jp/common/001026047.pdf,PDL1.0,,
3698158d199d40b0,JP,labor,労務単価,法面工,所定労働時間内8時間あたり,人日,pref,19,山梨県,,,,23000,JPY,labor_wage_8h,published_pdl,32300,原本の下段(括弧書き): 公共工事設計労務単価+必要経費(法定福利費の事業主負担額、労務管理費、宿舎費等)(参考値),2014-02,2014-02-01,mlit-roumu-h26,p16(横長の表) / p5(縦長の表),https://www.mlit.go.jp/common/001026047.pdf,PDL1.0,,
8730132a7cb26c9a,JP,labor,労務単価,とび工,所定労働時間内8時間あたり,人日,pref,19,山梨県,,,,21200,JPY,labor_wage_8h,published_pdl,29800,原本の下段(括弧書き): 公共工事設計労務単価+必要経費(法定福利費の事業主負担額、労務管理費、宿舎費等)(参考値),2014-02,2014-02-01,mlit-roumu-h26,p16(横長の表) / p5(縦長の表),https://www.mlit.go.jp/common/001026047.pdf,PDL1.0,,
c111d33d201bbe15,JP,labor,労務単価,石工,所定労働時間内8時間あたり,人日,pref,19,山梨県,,,,24000,JPY,labor_wage_8h,published_pdl,33700,原本の下段(括弧書き): 公共工事設計労務単価+必要経費(法定福利費の事業主負担額、労務管理費、宿舎費等)(参考値),2014-02,2014-02-01,mlit-roumu-h26,p16(横長の表) / p5(縦長の表),https://www.mlit.go.jp/common/001026047.pdf,PDL1.0,,
753080f140a32dca,JP,labor,労務単価,ブロック工,所定労働時間内8時間あたり,人日,pref,19,山梨県,,,,22600,JPY,labor_wage_8h,published_pdl,31800,原本の下段(括弧書き): 公共工事設計労務単価+必要経費(法定福利費の事業主負担額、労務管理費、宿舎費等)(参考値),2014-02,2014-02-01,mlit-roumu-h26,p16(横長の表) / p5(縦長の表),https://www.mlit.go.jp/common/001026047.pdf,PDL1.0,,
ee7fdeecaabc8535,JP,labor,労務単価,電工,所定労働時間内8時間あたり,人日,pref,19,山梨県,,,,21100,JPY,labor_wage_8h,published_pdl,29700,原本の下段(括弧書き): 公共工事設計労務単価+必要経費(法定福利費の事業主負担額、労務管理費、宿舎費等)(参考値),2014-02,2014-02-01,mlit-roumu-h26,p16(横長の表) / p5(縦長の表),https://www.mlit.go.jp/common/001026047.pdf,PDL1.0,,
e70154f7d5b3e8e0,JP,labor,労務単価,鉄筋工,所定労働時間内8時間あたり,人日,pref,19,山梨県,,,,22000,JPY,labor_wage_8h,published_pdl,30900,原本の下段(括弧書き): 公共工事設計労務単価+必要経費(法定福利費の事業主負担額、労務管理費、宿舎費等)(参考値),2014-02,2014-02-01,mlit-roumu-h26,p16(横長の表) / p5(縦長の表),https://www.mlit.go.jp/common/001026047.pdf,PDL1.0,,
8bcb46a0d0e108be,JP,labor,労務単価,鉄骨工,所定労働時間内8時間あたり,人日,pref,19,山梨県,,,,22600,JPY,labor_wage_8h,published_pdl,31800,原本の下段(括弧書き): 公共工事設計労務単価+必要経費(法定福利費の事業主負担額、労務管理費、宿舎費等)(参考値),2014-02,2014-02-01,mlit-roumu-h26,p16(横長の表) / p6(縦長の表),https://www.mlit.go.jp/common/001026047.pdf,PDL1.0,,
6a240e457dbc4faa,JP,labor,労務単価,塗装工,所定労働時間内8時間あたり,人日,pref,19,山梨県,,,,23200,JPY,labor_wage_8h,published_pdl,32600,原本の下段(括弧書き): 公共工事設計労務単価+必要経費(法定福利費の事業主負担額、労務管理費、宿舎費等)(参考値),2014-02,2014-02-01,mlit-roumu-h26,p16(横長の表) / p6(縦長の表),https://www.mlit.go.jp/common/001026047.pdf,PDL1.0,,
11c104d5c6e015db,JP,labor,労務単価,溶接工,所定労働時間内8時間あたり,人日,pref,19,山梨県,,,,25800,JPY,labor_wage_8h,published_pdl,36300,原本の下段(括弧書き): 公共工事設計労務単価+必要経費(法定福利費の事業主負担額、労務管理費、宿舎費等)(参考値),2014-02,2014-02-01,mlit-roumu-h26,p16(横長の表) / p6(縦長の表),https://www.mlit.go.jp/common/001026047.pdf,PDL1.0,,
d341a762e3bcf251,JP,labor,労務単価,運転手（特殊）,所定労働時間内8時間あたり,人日,pref,19,山梨県,,,,21000,JPY,labor_wage_8h,published_pdl,29500,原本の下段(括弧書き): 公共工事設計労務単価+必要経費(法定福利費の事業主負担額、労務管理費、宿舎費等)(参考値),2014-02,2014-02-01,mlit-roumu-h26,p16(横長の表) / p6(縦長の表),https://www.mlit.go.jp/common/001026047.pdf,PDL1.0,,
36575a6e167e7451,JP,labor,労務単価,運転手（一般）,所定労働時間内8時間あたり,人日,pref,19,山梨県,,,,18100,JPY,labor_wage_8h,published_pdl,25400,原本の下段(括弧書き): 公共工事設計労務単価+必要経費(法定福利費の事業主負担額、労務管理費、宿舎費等)(参考値),2014-02,2014-02-01,mlit-roumu-h26,p16(横長の表) / p6(縦長の表),https://www.mlit.go.jp/common/001026047.pdf,PDL1.0,,
b704fdd6bb96faf0,JP,labor,労務単価,潜かん工,所定労働時間内8時間あたり,人日,pref,19,山梨県,,,,25900,JPY,labor_wage_8h,published_pdl,36400,原本の下段(括弧書き): 公共工事設計労務単価+必要経費(法定福利費の事業主負担額、労務管理費、宿舎費等)(参考値),2014-02,2014-02-01,mlit-roumu-h26,p16(横長の表) / p6(縦長の表),https://www.mlit.go.jp/common/001026047.pdf,PDL1.0,,
6dc3ddc294a20b9e,JP,labor,労務単価,潜かん世話役,所定労働時間内8時間あたり,人日,pref,19,山梨県,,,,30600,JPY,labor_wage_8h,published_pdl,43000,原本の下段(括弧書き): 公共工事設計労務単価+必要経費(法定福利費の事業主負担額、労務管理費、宿舎費等)(参考値),2014-02,2014-02-01,mlit-roumu-h26,p16(横長の表) / p6(縦長の表),https://www.mlit.go.jp/common/001026047.pdf,PDL1.0,,
cf241dece47d0240,JP,labor,労務単価,さく岩工,所定労働時間内8時間あたり,人日,pref,19,山梨県,,,,23500,JPY,labor_wage_8h,published_pdl,33000,原本の下段(括弧書き): 公共工事設計労務単価+必要経費(法定福利費の事業主負担額、労務管理費、宿舎費等)(参考値),2014-02,2014-02-01,mlit-roumu-h26,p16(横長の表) / p6(縦長の表),https://www.mlit.go.jp/common/001026047.pdf,PDL1.0,,
51de5dab10280506,JP,labor,労務単価,トンネル特殊工,所定労働時間内8時間あたり,人日,pref,19,山梨県,,,,25900,JPY,labor_wage_8h,published_pdl,36400,原本の下段(括弧書き): 公共工事設計労務単価+必要経費(法定福利費の事業主負担額、労務管理費、宿舎費等)(参考値),2014-02,2014-02-01,mlit-roumu-h26,p16(横長の表) / p6(縦長の表),https://www.mlit.go.jp/common/001026047.pdf,PDL1.0,,
7aff977243f27197,JP,labor,労務単価,トンネル作業員,所定労働時間内8時間あたり,人日,pref,19,山梨県,,,,21100,JPY,labor_wage_8h,published_pdl,29700,原本の下段(括弧書き): 公共工事設計労務単価+必要経費(法定福利費の事業主負担額、労務管理費、宿舎費等)(参考値),2014-02,2014-02-01,mlit-roumu-h26,p16(横長の表) / p6(縦長の表),https://www.mlit.go.jp/common/001026047.pdf,PDL1.0,,
9d6b287f5a1b92cf,JP,labor,労務単価,トンネル世話役,所定労働時間内8時間あたり,人日,pref,19,山梨県,,,,27800,JPY,labor_wage_8h,published_pdl,39100,原本の下段(括弧書き): 公共工事設計労務単価+必要経費(法定福利費の事業主負担額、労務管理費、宿舎費等)(参考値),2014-02,2014-02-01,mlit-roumu-h26,p17(横長の表) / p7(縦長の表),https://www.mlit.go.jp/common/001026047.pdf,PDL1.0,,
509e2e9c440bb343,JP,labor,労務単価,橋りょう特殊工,所定労働時間内8時間あたり,人日,pref,19,山梨県,,,,25900,JPY,labor_wage_8h,published_pdl,36400,原本の下段(括弧書き): 公共工事設計労務単価+必要経費(法定福利費の事業主負担額、労務管理費、宿舎費等)(参考値),2014-02,2014-02-01,mlit-roumu-h26,p17(横長の表) / p7(縦長の表),https://www.mlit.go.jp/common/001026047.pdf,PDL1.0,,
681c1df312197513,JP,labor,労務単価,橋りょう塗装工,所定労働時間内8時間あたり,人日,pref,19,山梨県,,,,27000,JPY,labor_wage_8h,published_pdl,38000,原本の下段(括弧書き): 公共工事設計労務単価+必要経費(法定福利費の事業主負担額、労務管理費、宿舎費等)(参考値),2014-02,2014-02-01,mlit-roumu-h26,p17(横長の表) / p7(縦長の表),https://www.mlit.go.jp/common/001026047.pdf,PDL1.0,,
3bb39b2491831762,JP,labor,労務単価,橋りょう世話役,所定労働時間内8時間あたり,人日,pref,19,山梨県,,,,28600,JPY,labor_wage_8h,published_pdl,40200,原本の下段(括弧書き): 公共工事設計労務単価+必要経費(法定福利費の事業主負担額、労務管理費、宿舎費等)(参考値),2014-02,2014-02-01,mlit-roumu-h26,p17(横長の表) / p7(縦長の表),https://www.mlit.go.jp/common/001026047.pdf,PDL1.0,,
af92ac0548d0bf6c,JP,labor,労務単価,土木一般世話役,所定労働時間内8時間あたり,人日,pref,19,山梨県,,,,22200,JPY,labor_wage_8h,published_pdl,31200,原本の下段(括弧書き): 公共工事設計労務単価+必要経費(法定福利費の事業主負担額、労務管理費、宿舎費等)(参考値),2014-02,2014-02-01,mlit-roumu-h26,p17(横長の表) / p7(縦長の表),https://www.mlit.go.jp/common/001026047.pdf,PDL1.0,,
7683f7b9adb1a1ad,JP,labor,労務単価,高級船員,所定労働時間内8時間あたり,人日,pref,19,山梨県,,,,27100,JPY,labor_wage_8h,published_pdl,38100,原本の下段(括弧書き): 公共工事設計労務単価+必要経費(法定福利費の事業主負担額、労務管理費、宿舎費等)(参考値),2014-02,2014-02-01,mlit-roumu-h26,p17(横長の表) / p7(縦長の表),https://www.mlit.go.jp/common/001026047.pdf,PDL1.0,,
aa6237129bdc70fe,JP,labor,労務単価,普通船員,所定労働時間内8時間あたり,人日,pref,19,山梨県,,,,21200,JPY,labor_wage_8h,published_pdl,29800,原本の下段(括弧書き): 公共工事設計労務単価+必要経費(法定福利費の事業主負担額、労務管理費、宿舎費等)(参考値),2014-02,2014-02-01,mlit-roumu-h26,p17(横長の表) / p7(縦長の表),https://www.mlit.go.jp/common/001026047.pdf,PDL1.0,,
e429aaf714232c73,JP,labor,労務単価,潜水士,所定労働時間内8時間あたり,人日,pref,19,山梨県,,,,35300,JPY,labor_wage_8h,published_pdl,49600,原本の下段(括弧書き): 公共工事設計労務単価+必要経費(法定福利費の事業主負担額、労務管理費、宿舎費等)(参考値),2014-02,2014-02-01,mlit-roumu-h26,p17(横長の表) / p7(縦長の表),https://www.mlit.go.jp/common/001026047.pdf,PDL1.0,,
f37bed15eb79a772,JP,labor,労務単価,潜水連絡員,所定労働時間内8時間あたり,人日,pref,19,山梨県,,,,23400,JPY,labor_wage_8h,published_pdl,32900,原本の下段(括弧書き): 公共工事設計労務単価+必要経費(法定福利費の事業主負担額、労務管理費、宿舎費等)(参考値),2014-02,2014-02-01,mlit-roumu-h26,p17(横長の表) / p7(縦長の表),https://www.mlit.go.jp/common/001026047.pdf,PDL1.0,,
165195bd2021063e,JP,labor,労務単価,潜水送気員,所定労働時間内8時間あたり,人日,pref,19,山梨県,,,,23500,JPY,labor_wage_8h,published_pdl,33000,原本の下段(括弧書き): 公共工事設計労務単価+必要経費(法定福利費の事業主負担額、労務管理費、宿舎費等)(参考値),2014-02,2014-02-01,mlit-roumu-h26,p17(横長の表) / p7(縦長の表),https://www.mlit.go.jp/common/001026047.pdf,PDL1.0,,
88ee9d03c275d559,JP,labor,労務単価,山林砂防工,所定労働時間内8時間あたり,人日,pref,19,山梨県,,,,25200,JPY,labor_wage_8h,published_pdl,35400,原本の下段(括弧書き): 公共工事設計労務単価+必要経費(法定福利費の事業主負担額、労務管理費、宿舎費等)(参考値),2014-02,2014-02-01,mlit-roumu-h26,p17(横長の表) / p8(縦長の表),https://www.mlit.go.jp/common/001026047.pdf,PDL1.0,,
ecd2a9107802cd02,JP,labor,労務単価,軌道工,所定労働時間内8時間あたり,人日,pref,19,山梨県,,,,37700,JPY,labor_wage_8h,published_pdl,53000,原本の下段(括弧書き): 公共工事設計労務単価+必要経費(法定福利費の事業主負担額、労務管理費、宿舎費等)(参考値),2014-02,2014-02-01,mlit-roumu-h26,p17(横長の表) / p8(縦長の表),https://www.mlit.go.jp/common/001026047.pdf,PDL1.0,,
44d0cbfc5121a9a4,JP,labor,労務単価,型わく工,所定労働時間内8時間あたり,人日,pref,19,山梨県,,,,22600,JPY,labor_wage_8h,published_pdl,31800,原本の下段(括弧書き): 公共工事設計労務単価+必要経費(法定福利費の事業主負担額、労務管理費、宿舎費等)(参考値),2014-02,2014-02-01,mlit-roumu-h26,p17(横長の表) / p8(縦長の表),https://www.mlit.go.jp/common/001026047.pdf,PDL1.0,,
7c0f95ce4178a603,JP,labor,労務単価,大工,所定労働時間内8時間あたり,人日,pref,19,山梨県,,,,23500,JPY,labor_wage_8h,published_pdl,33000,原本の下段(括弧書き): 公共工事設計労務単価+必要経費(法定福利費の事業主負担額、労務管理費、宿舎費等)(参考値),2014-02,2014-02-01,mlit-roumu-h26,p17(横長の表) / p8(縦長の表),https://www.mlit.go.jp/common/001026047.pdf,PDL1.0,,
aa1ab4d2a9ff2ccf,JP,labor,労務単価,左官,所定労働時間内8時間あたり,人日,pref,19,山梨県,,,,23000,JPY,labor_wage_8h,published_pdl,32300,原本の下段(括弧書き): 公共工事設計労務単価+必要経費(法定福利費の事業主負担額、労務管理費、宿舎費等)(参考値),2014-02,2014-02-01,mlit-roumu-h26,p17(横長の表) / p8(縦長の表),https://www.mlit.go.jp/common/001026047.pdf,PDL1.0,,
e12087d9d36b7d54,JP,labor,労務単価,配管工,所定労働時間内8時間あたり,人日,pref,19,山梨県,,,,19900,JPY,labor_wage_8h,published_pdl,28000,原本の下段(括弧書き): 公共工事設計労務単価+必要経費(法定福利費の事業主負担額、労務管理費、宿舎費等)(参考値),2014-02,2014-02-01,mlit-roumu-h26,p17(横長の表) / p8(縦長の表),https://www.mlit.go.jp/common/001026047.pdf,PDL1.0,,
7fffc37034d0f20b,JP,labor,労務単価,はつり工,所定労働時間内8時間あたり,人日,pref,19,山梨県,,,,22400,JPY,labor_wage_8h,published_pdl,31500,原本の下段(括弧書き): 公共工事設計労務単価+必要経費(法定福利費の事業主負担額、労務管理費、宿舎費等)(参考値),2014-02,2014-02-01,mlit-roumu-h26,p17(横長の表) / p8(縦長の表),https://www.mlit.go.jp/common/001026047.pdf,PDL1.0,,
565db971e5a82974,JP,labor,労務単価,防水工,所定労働時間内8時間あたり,人日,pref,19,山梨県,,,,23500,JPY,labor_wage_8h,published_pdl,33000,原本の下段(括弧書き): 公共工事設計労務単価+必要経費(法定福利費の事業主負担額、労務管理費、宿舎費等)(参考値),2014-02,2014-02-01,mlit-roumu-h26,p17(横長の表) / p8(縦長の表),https://www.mlit.go.jp/common/001026047.pdf,PDL1.0,,
ba17d358311eaf9a,JP,labor,労務単価,板金工,所定労働時間内8時間あたり,人日,pref,19,山梨県,,,,23400,JPY,labor_wage_8h,published_pdl,32900,原本の下段(括弧書き): 公共工事設計労務単価+必要経費(法定福利費の事業主負担額、労務管理費、宿舎費等)(参考値),2014-02,2014-02-01,mlit-roumu-h26,p17(横長の表) / p8(縦長の表),https://www.mlit.go.jp/common/001026047.pdf,PDL1.0,,
e6c7fbe6060fe3fb,JP,labor,労務単価,タイル工,所定労働時間内8時間あたり,人日,pref,19,山梨県,,,,23200,JPY,labor_wage_8h,published_pdl,32600,原本の下段(括弧書き): 公共工事設計労務単価+必要経費(法定福利費の事業主負担額、労務管理費、宿舎費等)(参考値),2014-02,2014-02-01,mlit-roumu-h26,p17(横長の表) / p8(縦長の表),https://www.mlit.go.jp/common/001026047.pdf,PDL1.0,,
a0ecde739f70f1ab,JP,labor,労務単価,サッシ工,所定労働時間内8時間あたり,人日,pref,19,山梨県,,,,22000,JPY,labor_wage_8h,published_pdl,30900,原本の下段(括弧書き): 公共工事設計労務単価+必要経費(法定福利費の事業主負担額、労務管理費、宿舎費等)(参考値),2014-02,2014-02-01,mlit-roumu-h26,p18(横長の表) / p9(縦長の表),https://www.mlit.go.jp/common/001026047.pdf,PDL1.0,,
a7ee0ce288a38813,JP,labor,労務単価,内装工,所定労働時間内8時間あたり,人日,pref,19,山梨県,,,,24400,JPY,labor_wage_8h,published_pdl,34300,原本の下段(括弧書き): 公共工事設計労務単価+必要経費(法定福利費の事業主負担額、労務管理費、宿舎費等)(参考値),2014-02,2014-02-01,mlit-roumu-h26,p18(横長の表) / p9(縦長の表),https://www.mlit.go.jp/common/001026047.pdf,PDL1.0,,
b862e8f63282410e,JP,labor,労務単価,ガラス工,所定労働時間内8時間あたり,人日,pref,19,山梨県,,,,21500,JPY,labor_wage_8h,published_pdl,30200,原本の下段(括弧書き): 公共工事設計労務単価+必要経費(法定福利費の事業主負担額、労務管理費、宿舎費等)(参考値),2014-02,2014-02-01,mlit-roumu-h26,p18(横長の表) / p9(縦長の表),https://www.mlit.go.jp/common/001026047.pdf,PDL1.0,,
b44f4080ba21e29e,JP,labor,労務単価,建具工,所定労働時間内8時間あたり,人日,pref,19,山梨県,,,,21500,JPY,labor_wage_8h,published_pdl,30200,原本の下段(括弧書き): 公共工事設計労務単価+必要経費(法定福利費の事業主負担額、労務管理費、宿舎費等)(参考値),2014-02,2014-02-01,mlit-roumu-h26,p18(横長の表) / p9(縦長の表),https://www.mlit.go.jp/common/001026047.pdf,PDL1.0,,
a0e49c67845d2498,JP,labor,労務単価,ダクト工,所定労働時間内8時間あたり,人日,pref,19,山梨県,,,,19700,JPY,labor_wage_8h,published_pdl,27700,原本の下段(括弧書き): 公共工事設計労務単価+必要経費(法定福利費の事業主負担額、労務管理費、宿舎費等)(参考値),2014-02,2014-02-01,mlit-roumu-h26,p18(横長の表) / p9(縦長の表),https://www.mlit.go.jp/common/001026047.pdf,PDL1.0,,
1ca6a7c426547bbd,JP,labor,労務単価,保温工,所定労働時間内8時間あたり,人日,pref,19,山梨県,,,,20000,JPY,labor_wage_8h,published_pdl,28100,原本の下段(括弧書き): 公共工事設計労務単価+必要経費(法定福利費の事業主負担額、労務管理費、宿舎費等)(参考値),2014-02,2014-02-01,mlit-roumu-h26,p18(横長の表) / p9(縦長の表),https://www.mlit.go.jp/common/001026047.pdf,PDL1.0,,
f5db195fe9f13f1e,JP,labor,労務単価,建築ブロック工,所定労働時間内8時間あたり,人日,pref,19,山梨県,,,,21300,JPY,labor_wage_8h,published_pdl,29900,原本の下段(括弧書き): 公共工事設計労務単価+必要経費(法定福利費の事業主負担額、労務管理費、宿舎費等)(参考値),2014-02,2014-02-01,mlit-roumu-h26,p18(横長の表) / p9(縦長の表),https://www.mlit.go.jp/common/001026047.pdf,PDL1.0,,
73c380a6724e9e15,JP,labor,労務単価,設備機械工,所定労働時間内8時間あたり,人日,pref,19,山梨県,,,,21300,JPY,labor_wage_8h,published_pdl,29900,原本の下段(括弧書き): 公共工事設計労務単価+必要経費(法定福利費の事業主負担額、労務管理費、宿舎費等)(参考値),2014-02,2014-02-01,mlit-roumu-h26,p18(横長の表) / p9(縦長の表),https://www.mlit.go.jp/common/001026047.pdf,PDL1.0,,
751e64c94c4862aa,JP,labor,労務単価,交通誘導警備員Ａ,所定労働時間内8時間あたり,人日,pref,19,山梨県,,,,11400,JPY,labor_wage_8h,published_pdl,16000,原本の下段(括弧書き): 公共工事設計労務単価+必要経費(法定福利費の事業主負担額、労務管理費、宿舎費等)(参考値),2014-02,2014-02-01,mlit-roumu-h26,p18(横長の表) / p9(縦長の表),https://www.mlit.go.jp/common/001026047.pdf,PDL1.0,,
d5eda295c109c4ce,JP,labor,労務単価,交通誘導警備員Ｂ,所定労働時間内8時間あたり,人日,pref,19,山梨県,,,,10000,JPY,labor_wage_8h,published_pdl,14100,原本の下段(括弧書き): 公共工事設計労務単価+必要経費(法定福利費の事業主負担額、労務管理費、宿舎費等)(参考値),2014-02,2014-02-01,mlit-roumu-h26,p18(横長の表) / p9(縦長の表),https://www.mlit.go.jp/common/001026047.pdf,PDL1.0,,
47bb5928baf4256b,JP,labor,労務単価,特殊作業員,所定労働時間内8時間あたり,人日,pref,20,長野県,,,,19800,JPY,labor_wage_8h,published_pdl,27800,原本の下段(括弧書き): 公共工事設計労務単価+必要経費(法定福利費の事業主負担額、労務管理費、宿舎費等)(参考値),2014-02,2014-02-01,mlit-roumu-h26,p16(横長の表) / p5(縦長の表),https://www.mlit.go.jp/common/001026047.pdf,PDL1.0,,
a3424e8adafcb02e,JP,labor,労務単価,普通作業員,所定労働時間内8時間あたり,人日,pref,20,長野県,,,,17100,JPY,labor_wage_8h,published_pdl,24000,原本の下段(括弧書き): 公共工事設計労務単価+必要経費(法定福利費の事業主負担額、労務管理費、宿舎費等)(参考値),2014-02,2014-02-01,mlit-roumu-h26,p16(横長の表) / p5(縦長の表),https://www.mlit.go.jp/common/001026047.pdf,PDL1.0,,
f19e2245210d7d5a,JP,labor,労務単価,軽作業員,所定労働時間内8時間あたり,人日,pref,20,長野県,,,,13500,JPY,labor_wage_8h,published_pdl,19000,原本の下段(括弧書き): 公共工事設計労務単価+必要経費(法定福利費の事業主負担額、労務管理費、宿舎費等)(参考値),2014-02,2014-02-01,mlit-roumu-h26,p16(横長の表) / p5(縦長の表),https://www.mlit.go.jp/common/001026047.pdf,PDL1.0,,
4e2577097b0ba9ae,JP,labor,労務単価,造園工,所定労働時間内8時間あたり,人日,pref,20,長野県,,,,18400,JPY,labor_wage_8h,published_pdl,25900,原本の下段(括弧書き): 公共工事設計労務単価+必要経費(法定福利費の事業主負担額、労務管理費、宿舎費等)(参考値),2014-02,2014-02-01,mlit-roumu-h26,p16(横長の表) / p5(縦長の表),https://www.mlit.go.jp/common/001026047.pdf,PDL1.0,,
f8f561f156908243,JP,labor,労務単価,法面工,所定労働時間内8時間あたり,人日,pref,20,長野県,,,,22000,JPY,labor_wage_8h,published_pdl,30900,原本の下段(括弧書き): 公共工事設計労務単価+必要経費(法定福利費の事業主負担額、労務管理費、宿舎費等)(参考値),2014-02,2014-02-01,mlit-roumu-h26,p16(横長の表) / p5(縦長の表),https://www.mlit.go.jp/common/001026047.pdf,PDL1.0,,
91c1759f07306468,JP,labor,労務単価,とび工,所定労働時間内8時間あたり,人日,pref,20,長野県,,,,20600,JPY,labor_wage_8h,published_pdl,29000,原本の下段(括弧書き): 公共工事設計労務単価+必要経費(法定福利費の事業主負担額、労務管理費、宿舎費等)(参考値),2014-02,2014-02-01,mlit-roumu-h26,p16(横長の表) / p5(縦長の表),https://www.mlit.go.jp/common/001026047.pdf,PDL1.0,,
a4fa44ffa1df687c,JP,labor,労務単価,石工,所定労働時間内8時間あたり,人日,pref,20,長野県,,,,22800,JPY,labor_wage_8h,published_pdl,32100,原本の下段(括弧書き): 公共工事設計労務単価+必要経費(法定福利費の事業主負担額、労務管理費、宿舎費等)(参考値),2014-02,2014-02-01,mlit-roumu-h26,p16(横長の表) / p5(縦長の表),https://www.mlit.go.jp/common/001026047.pdf,PDL1.0,,
4e2d7f9f3d4e179f,JP,labor,労務単価,ブロック工,所定労働時間内8時間あたり,人日,pref,20,長野県,,,,22000,JPY,labor_wage_8h,published_pdl,30900,原本の下段(括弧書き): 公共工事設計労務単価+必要経費(法定福利費の事業主負担額、労務管理費、宿舎費等)(参考値),2014-02,2014-02-01,mlit-roumu-h26,p16(横長の表) / p5(縦長の表),https://www.mlit.go.jp/common/001026047.pdf,PDL1.0,,
a590fbc307766c3d,JP,labor,労務単価,電工,所定労働時間内8時間あたり,人日,pref,20,長野県,,,,19000,JPY,labor_wage_8h,published_pdl,26700,原本の下段(括弧書き): 公共工事設計労務単価+必要経費(法定福利費の事業主負担額、労務管理費、宿舎費等)(参考値),2014-02,2014-02-01,mlit-roumu-h26,p16(横長の表) / p5(縦長の表),https://www.mlit.go.jp/common/001026047.pdf,PDL1.0,,
25352cbf74477daf,JP,labor,労務単価,鉄筋工,所定労働時間内8時間あたり,人日,pref,20,長野県,,,,20300,JPY,labor_wage_8h,published_pdl,28500,原本の下段(括弧書き): 公共工事設計労務単価+必要経費(法定福利費の事業主負担額、労務管理費、宿舎費等)(参考値),2014-02,2014-02-01,mlit-roumu-h26,p16(横長の表) / p5(縦長の表),https://www.mlit.go.jp/common/001026047.pdf,PDL1.0,,
1bb404775e4a550e,JP,labor,労務単価,鉄骨工,所定労働時間内8時間あたり,人日,pref,20,長野県,,,,20800,JPY,labor_wage_8h,published_pdl,29200,原本の下段(括弧書き): 公共工事設計労務単価+必要経費(法定福利費の事業主負担額、労務管理費、宿舎費等)(参考値),2014-02,2014-02-01,mlit-roumu-h26,p16(横長の表) / p6(縦長の表),https://www.mlit.go.jp/common/001026047.pdf,PDL1.0,,
e977704faf8a7b9e,JP,labor,労務単価,塗装工,所定労働時間内8時間あたり,人日,pref,20,長野県,,,,20500,JPY,labor_wage_8h,published_pdl,28800,原本の下段(括弧書き): 公共工事設計労務単価+必要経費(法定福利費の事業主負担額、労務管理費、宿舎費等)(参考値),2014-02,2014-02-01,mlit-roumu-h26,p16(横長の表) / p6(縦長の表),https://www.mlit.go.jp/common/001026047.pdf,PDL1.0,,
e67c834f5e2e09ea,JP,labor,労務単価,溶接工,所定労働時間内8時間あたり,人日,pref,20,長野県,,,,22600,JPY,labor_wage_8h,published_pdl,31800,原本の下段(括弧書き): 公共工事設計労務単価+必要経費(法定福利費の事業主負担額、労務管理費、宿舎費等)(参考値),2014-02,2014-02-01,mlit-roumu-h26,p16(横長の表) / p6(縦長の表),https://www.mlit.go.jp/common/001026047.pdf,PDL1.0,,
cf035b312f781394,JP,labor,労務単価,運転手（特殊）,所定労働時間内8時間あたり,人日,pref,20,長野県,,,,18800,JPY,labor_wage_8h,published_pdl,26400,原本の下段(括弧書き): 公共工事設計労務単価+必要経費(法定福利費の事業主負担額、労務管理費、宿舎費等)(参考値),2014-02,2014-02-01,mlit-roumu-h26,p16(横長の表) / p6(縦長の表),https://www.mlit.go.jp/common/001026047.pdf,PDL1.0,,
801b095d407d5079,JP,labor,労務単価,運転手（一般）,所定労働時間内8時間あたり,人日,pref,20,長野県,,,,16500,JPY,labor_wage_8h,published_pdl,23200,原本の下段(括弧書き): 公共工事設計労務単価+必要経費(法定福利費の事業主負担額、労務管理費、宿舎費等)(参考値),2014-02,2014-02-01,mlit-roumu-h26,p16(横長の表) / p6(縦長の表),https://www.mlit.go.jp/common/001026047.pdf,PDL1.0,,
bb493e409333e313,JP,labor,労務単価,潜かん工,所定労働時間内8時間あたり,人日,pref,20,長野県,,,,25900,JPY,labor_wage_8h,published_pdl,36400,原本の下段(括弧書き): 公共工事設計労務単価+必要経費(法定福利費の事業主負担額、労務管理費、宿舎費等)(参考値),2014-02,2014-02-01,mlit-roumu-h26,p16(横長の表) / p6(縦長の表),https://www.mlit.go.jp/common/001026047.pdf,PDL1.0,,
7990cfabd1dddc50,JP,labor,労務単価,潜かん世話役,所定労働時間内8時間あたり,人日,pref,20,長野県,,,,30700,JPY,labor_wage_8h,published_pdl,43200,原本の下段(括弧書き): 公共工事設計労務単価+必要経費(法定福利費の事業主負担額、労務管理費、宿舎費等)(参考値),2014-02,2014-02-01,mlit-roumu-h26,p16(横長の表) / p6(縦長の表),https://www.mlit.go.jp/common/001026047.pdf,PDL1.0,,
3fff4ce4ac5b6cad,JP,labor,労務単価,さく岩工,所定労働時間内8時間あたり,人日,pref,20,長野県,,,,23500,JPY,labor_wage_8h,published_pdl,33000,原本の下段(括弧書き): 公共工事設計労務単価+必要経費(法定福利費の事業主負担額、労務管理費、宿舎費等)(参考値),2014-02,2014-02-01,mlit-roumu-h26,p16(横長の表) / p6(縦長の表),https://www.mlit.go.jp/common/001026047.pdf,PDL1.0,,
d378e6c59916d1db,JP,labor,労務単価,トンネル特殊工,所定労働時間内8時間あたり,人日,pref,20,長野県,,,,25900,JPY,labor_wage_8h,published_pdl,36400,原本の下段(括弧書き): 公共工事設計労務単価+必要経費(法定福利費の事業主負担額、労務管理費、宿舎費等)(参考値),2014-02,2014-02-01,mlit-roumu-h26,p16(横長の表) / p6(縦長の表),https://www.mlit.go.jp/common/001026047.pdf,PDL1.0,,
85262dcab44c2572,JP,labor,労務単価,トンネル作業員,所定労働時間内8時間あたり,人日,pref,20,長野県,,,,21100,JPY,labor_wage_8h,published_pdl,29700,原本の下段(括弧書き): 公共工事設計労務単価+必要経費(法定福利費の事業主負担額、労務管理費、宿舎費等)(参考値),2014-02,2014-02-01,mlit-roumu-h26,p16(横長の表) / p6(縦長の表),https://www.mlit.go.jp/common/001026047.pdf,PDL1.0,,
1c16795a2016cca4,JP,labor,労務単価,トンネル世話役,所定労働時間内8時間あたり,人日,pref,20,長野県,,,,27800,JPY,labor_wage_8h,published_pdl,39100,原本の下段(括弧書き): 公共工事設計労務単価+必要経費(法定福利費の事業主負担額、労務管理費、宿舎費等)(参考値),2014-02,2014-02-01,mlit-roumu-h26,p17(横長の表) / p7(縦長の表),https://www.mlit.go.jp/common/001026047.pdf,PDL1.0,,
c705a212cf6499f8,JP,labor,労務単価,橋りょう特殊工,所定労働時間内8時間あたり,人日,pref,20,長野県,,,,25900,JPY,labor_wage_8h,published_pdl,36400,原本の下段(括弧書き): 公共工事設計労務単価+必要経費(法定福利費の事業主負担額、労務管理費、宿舎費等)(参考値),2014-02,2014-02-01,mlit-roumu-h26,p17(横長の表) / p7(縦長の表),https://www.mlit.go.jp/common/001026047.pdf,PDL1.0,,
07a1ceb11464939d,JP,labor,労務単価,橋りょう塗装工,所定労働時間内8時間あたり,人日,pref,20,長野県,,,,27000,JPY,labor_wage_8h,published_pdl,38000,原本の下段(括弧書き): 公共工事設計労務単価+必要経費(法定福利費の事業主負担額、労務管理費、宿舎費等)(参考値),2014-02,2014-02-01,mlit-roumu-h26,p17(横長の表) / p7(縦長の表),https://www.mlit.go.jp/common/001026047.pdf,PDL1.0,,
21d9734817f952fb,JP,labor,労務単価,橋りょう世話役,所定労働時間内8時間あたり,人日,pref,20,長野県,,,,27900,JPY,labor_wage_8h,published_pdl,39200,原本の下段(括弧書き): 公共工事設計労務単価+必要経費(法定福利費の事業主負担額、労務管理費、宿舎費等)(参考値),2014-02,2014-02-01,mlit-roumu-h26,p17(横長の表) / p7(縦長の表),https://www.mlit.go.jp/common/001026047.pdf,PDL1.0,,
84be838ac27454dd,JP,labor,労務単価,土木一般世話役,所定労働時間内8時間あたり,人日,pref,20,長野県,,,,21500,JPY,labor_wage_8h,published_pdl,30200,原本の下段(括弧書き): 公共工事設計労務単価+必要経費(法定福利費の事業主負担額、労務管理費、宿舎費等)(参考値),2014-02,2014-02-01,mlit-roumu-h26,p17(横長の表) / p7(縦長の表),https://www.mlit.go.jp/common/001026047.pdf,PDL1.0,,
d0665ace8ff21dbe,JP,labor,労務単価,高級船員,所定労働時間内8時間あたり,人日,pref,20,長野県,,,,27200,JPY,labor_wage_8h,published_pdl,38200,原本の下段(括弧書き): 公共工事設計労務単価+必要経費(法定福利費の事業主負担額、労務管理費、宿舎費等)(参考値),2014-02,2014-02-01,mlit-roumu-h26,p17(横長の表) / p7(縦長の表),https://www.mlit.go.jp/common/001026047.pdf,PDL1.0,,
722035e0cb962f4b,JP,labor,労務単価,普通船員,所定労働時間内8時間あたり,人日,pref,20,長野県,,,,21300,JPY,labor_wage_8h,published_pdl,29900,原本の下段(括弧書き): 公共工事設計労務単価+必要経費(法定福利費の事業主負担額、労務管理費、宿舎費等)(参考値),2014-02,2014-02-01,mlit-roumu-h26,p17(横長の表) / p7(縦長の表),https://www.mlit.go.jp/common/001026047.pdf,PDL1.0,,
5707534c92ad242e,JP,labor,労務単価,潜水士,所定労働時間内8時間あたり,人日,pref,20,長野県,,,,33400,JPY,labor_wage_8h,published_pdl,47000,原本の下段(括弧書き): 公共工事設計労務単価+必要経費(法定福利費の事業主負担額、労務管理費、宿舎費等)(参考値),2014-02,2014-02-01,mlit-roumu-h26,p17(横長の表) / p7(縦長の表),https://www.mlit.go.jp/common/001026047.pdf,PDL1.0,,
73bac7d00cbd3941,JP,labor,労務単価,潜水連絡員,所定労働時間内8時間あたり,人日,pref,20,長野県,,,,22000,JPY,labor_wage_8h,published_pdl,30900,原本の下段(括弧書き): 公共工事設計労務単価+必要経費(法定福利費の事業主負担額、労務管理費、宿舎費等)(参考値),2014-02,2014-02-01,mlit-roumu-h26,p17(横長の表) / p7(縦長の表),https://www.mlit.go.jp/common/001026047.pdf,PDL1.0,,
1134dc8f46ad9bb4,JP,labor,労務単価,潜水送気員,所定労働時間内8時間あたり,人日,pref,20,長野県,,,,23100,JPY,labor_wage_8h,published_pdl,32500,原本の下段(括弧書き): 公共工事設計労務単価+必要経費(法定福利費の事業主負担額、労務管理費、宿舎費等)(参考値),2014-02,2014-02-01,mlit-roumu-h26,p17(横長の表) / p7(縦長の表),https://www.mlit.go.jp/common/001026047.pdf,PDL1.0,,
c1fdd1b306d6a6fd,JP,labor,労務単価,山林砂防工,所定労働時間内8時間あたり,人日,pref,20,長野県,,,,24300,JPY,labor_wage_8h,published_pdl,34200,原本の下段(括弧書き): 公共工事設計労務単価+必要経費(法定福利費の事業主負担額、労務管理費、宿舎費等)(参考値),2014-02,2014-02-01,mlit-roumu-h26,p17(横長の表) / p8(縦長の表),https://www.mlit.go.jp/common/001026047.pdf,PDL1.0,,
ba0471d8866a6e94,JP,labor,労務単価,軌道工,所定労働時間内8時間あたり,人日,pref,20,長野県,,,,32900,JPY,labor_wage_8h,published_pdl,46300,原本の下段(括弧書き): 公共工事設計労務単価+必要経費(法定福利費の事業主負担額、労務管理費、宿舎費等)(参考値),2014-02,2014-02-01,mlit-roumu-h26,p17(横長の表) / p8(縦長の表),https://www.mlit.go.jp/common/001026047.pdf,PDL1.0,,
900daf6d38acd8f3,JP,labor,労務単価,型わく工,所定労働時間内8時間あたり,人日,pref,20,長野県,,,,19400,JPY,labor_wage_8h,published_pdl,27300,原本の下段(括弧書き): 公共工事設計労務単価+必要経費(法定福利費の事業主負担額、労務管理費、宿舎費等)(参考値),2014-02,2014-02-01,mlit-roumu-h26,p17(横長の表) / p8(縦長の表),https://www.mlit.go.jp/common/001026047.pdf,PDL1.0,,
4846685f9648381e,JP,labor,労務単価,大工,所定労働時間内8時間あたり,人日,pref,20,長野県,,,,21500,JPY,labor_wage_8h,published_pdl,30200,原本の下段(括弧書き): 公共工事設計労務単価+必要経費(法定福利費の事業主負担額、労務管理費、宿舎費等)(参考値),2014-02,2014-02-01,mlit-roumu-h26,p17(横長の表) / p8(縦長の表),https://www.mlit.go.jp/common/001026047.pdf,PDL1.0,,
ed8e1649a0ede6f0,JP,labor,労務単価,左官,所定労働時間内8時間あたり,人日,pref,20,長野県,,,,19500,JPY,labor_wage_8h,published_pdl,27400,原本の下段(括弧書き): 公共工事設計労務単価+必要経費(法定福利費の事業主負担額、労務管理費、宿舎費等)(参考値),2014-02,2014-02-01,mlit-roumu-h26,p17(横長の表) / p8(縦長の表),https://www.mlit.go.jp/common/001026047.pdf,PDL1.0,,
51ff7b5d077130e5,JP,labor,労務単価,配管工,所定労働時間内8時間あたり,人日,pref,20,長野県,,,,18000,JPY,labor_wage_8h,published_pdl,25300,原本の下段(括弧書き): 公共工事設計労務単価+必要経費(法定福利費の事業主負担額、労務管理費、宿舎費等)(参考値),2014-02,2014-02-01,mlit-roumu-h26,p17(横長の表) / p8(縦長の表),https://www.mlit.go.jp/common/001026047.pdf,PDL1.0,,
34c17dc6709aa473,JP,labor,労務単価,はつり工,所定労働時間内8時間あたり,人日,pref,20,長野県,,,,20300,JPY,labor_wage_8h,published_pdl,28500,原本の下段(括弧書き): 公共工事設計労務単価+必要経費(法定福利費の事業主負担額、労務管理費、宿舎費等)(参考値),2014-02,2014-02-01,mlit-roumu-h26,p17(横長の表) / p8(縦長の表),https://www.mlit.go.jp/common/001026047.pdf,PDL1.0,,
cf0145650e2d838d,JP,labor,労務単価,防水工,所定労働時間内8時間あたり,人日,pref,20,長野県,,,,21700,JPY,labor_wage_8h,published_pdl,30500,原本の下段(括弧書き): 公共工事設計労務単価+必要経費(法定福利費の事業主負担額、労務管理費、宿舎費等)(参考値),2014-02,2014-02-01,mlit-roumu-h26,p17(横長の表) / p8(縦長の表),https://www.mlit.go.jp/common/001026047.pdf,PDL1.0,,
4d3b7b551a12018f,JP,labor,労務単価,板金工,所定労働時間内8時間あたり,人日,pref,20,長野県,,,,21600,JPY,labor_wage_8h,published_pdl,30400,原本の下段(括弧書き): 公共工事設計労務単価+必要経費(法定福利費の事業主負担額、労務管理費、宿舎費等)(参考値),2014-02,2014-02-01,mlit-roumu-h26,p17(横長の表) / p8(縦長の表),https://www.mlit.go.jp/common/001026047.pdf,PDL1.0,,
2860f60882b0e14b,JP,labor,労務単価,タイル工,所定労働時間内8時間あたり,人日,pref,20,長野県,,,,23300,JPY,labor_wage_8h,published_pdl,32800,原本の下段(括弧書き): 公共工事設計労務単価+必要経費(法定福利費の事業主負担額、労務管理費、宿舎費等)(参考値),2014-02,2014-02-01,mlit-roumu-h26,p17(横長の表) / p8(縦長の表),https://www.mlit.go.jp/common/001026047.pdf,PDL1.0,,
95add560fb7bbbf8,JP,labor,労務単価,サッシ工,所定労働時間内8時間あたり,人日,pref,20,長野県,,,,21100,JPY,labor_wage_8h,published_pdl,29700,原本の下段(括弧書き): 公共工事設計労務単価+必要経費(法定福利費の事業主負担額、労務管理費、宿舎費等)(参考値),2014-02,2014-02-01,mlit-roumu-h26,p18(横長の表) / p9(縦長の表),https://www.mlit.go.jp/common/001026047.pdf,PDL1.0,,
534f7136b2281079,JP,labor,労務単価,内装工,所定労働時間内8時間あたり,人日,pref,20,長野県,,,,23100,JPY,labor_wage_8h,published_pdl,32500,原本の下段(括弧書き): 公共工事設計労務単価+必要経費(法定福利費の事業主負担額、労務管理費、宿舎費等)(参考値),2014-02,2014-02-01,mlit-roumu-h26,p18(横長の表) / p9(縦長の表),https://www.mlit.go.jp/common/001026047.pdf,PDL1.0,,
411292c118a5f0c5,JP,labor,労務単価,ガラス工,所定労働時間内8時間あたり,人日,pref,20,長野県,,,,21500,JPY,labor_wage_8h,published_pdl,30200,原本の下段(括弧書き): 公共工事設計労務単価+必要経費(法定福利費の事業主負担額、労務管理費、宿舎費等)(参考値),2014-02,2014-02-01,mlit-roumu-h26,p18(横長の表) / p9(縦長の表),https://www.mlit.go.jp/common/001026047.pdf,PDL1.0,,
01591c618b8aeaf1,JP,labor,労務単価,建具工,所定労働時間内8時間あたり,人日,pref,20,長野県,,,,18800,JPY,labor_wage_8h,published_pdl,26400,原本の下段(括弧書き): 公共工事設計労務単価+必要経費(法定福利費の事業主負担額、労務管理費、宿舎費等)(参考値),2014-02,2014-02-01,mlit-roumu-h26,p18(横長の表) / p9(縦長の表),https://www.mlit.go.jp/common/001026047.pdf,PDL1.0,,
f1a67c132c8e65c0,JP,labor,労務単価,ダクト工,所定労働時間内8時間あたり,人日,pref,20,長野県,,,,18400,JPY,labor_wage_8h,published_pdl,25900,原本の下段(括弧書き): 公共工事設計労務単価+必要経費(法定福利費の事業主負担額、労務管理費、宿舎費等)(参考値),2014-02,2014-02-01,mlit-roumu-h26,p18(横長の表) / p9(縦長の表),https://www.mlit.go.jp/common/001026047.pdf,PDL1.0,,
3bc319ecfce084a9,JP,labor,労務単価,保温工,所定労働時間内8時間あたり,人日,pref,20,長野県,,,,20000,JPY,labor_wage_8h,published_pdl,28100,原本の下段(括弧書き): 公共工事設計労務単価+必要経費(法定福利費の事業主負担額、労務管理費、宿舎費等)(参考値),2014-02,2014-02-01,mlit-roumu-h26,p18(横長の表) / p9(縦長の表),https://www.mlit.go.jp/common/001026047.pdf,PDL1.0,,
eae6371da6693caa,JP,labor,労務単価,建築ブロック工,所定労働時間内8時間あたり,人日,pref,20,長野県,,,,22200,JPY,labor_wage_8h,published_pdl,31200,原本の下段(括弧書き): 公共工事設計労務単価+必要経費(法定福利費の事業主負担額、労務管理費、宿舎費等)(参考値),2014-02,2014-02-01,mlit-roumu-h26,p18(横長の表) / p9(縦長の表),https://www.mlit.go.jp/common/001026047.pdf,PDL1.0,,
b2a4d5c3bfc6cc68,JP,labor,労務単価,設備機械工,所定労働時間内8時間あたり,人日,pref,20,長野県,,,,20400,JPY,labor_wage_8h,published_pdl,28700,原本の下段(括弧書き): 公共工事設計労務単価+必要経費(法定福利費の事業主負担額、労務管理費、宿舎費等)(参考値),2014-02,2014-02-01,mlit-roumu-h26,p18(横長の表) / p9(縦長の表),https://www.mlit.go.jp/common/001026047.pdf,PDL1.0,,
881ec9e53930cf57,JP,labor,労務単価,交通誘導警備員Ａ,所定労働時間内8時間あたり,人日,pref,20,長野県,,,,10300,JPY,labor_wage_8h,published_pdl,14500,原本の下段(括弧書き): 公共工事設計労務単価+必要経費(法定福利費の事業主負担額、労務管理費、宿舎費等)(参考値),2014-02,2014-02-01,mlit-roumu-h26,p18(横長の表) / p9(縦長の表),https://www.mlit.go.jp/common/001026047.pdf,PDL1.0,,
10b77e1ece121541,JP,labor,労務単価,交通誘導警備員Ｂ,所定労働時間内8時間あたり,人日,pref,20,長野県,,,,9100,JPY,labor_wage_8h,published_pdl,12800,原本の下段(括弧書き): 公共工事設計労務単価+必要経費(法定福利費の事業主負担額、労務管理費、宿舎費等)(参考値),2014-02,2014-02-01,mlit-roumu-h26,p18(横長の表) / p9(縦長の表),https://www.mlit.go.jp/common/001026047.pdf,PDL1.0,,
ccf481481b970004,JP,labor,労務単価,特殊作業員,所定労働時間内8時間あたり,人日,pref,21,岐阜県,,,,19000,JPY,labor_wage_8h,published_pdl,26700,原本の下段(括弧書き): 公共工事設計労務単価+必要経費(法定福利費の事業主負担額、労務管理費、宿舎費等)(参考値),2014-02,2014-02-01,mlit-roumu-h26,p16(横長の表) / p5(縦長の表),https://www.mlit.go.jp/common/001026047.pdf,PDL1.0,,
dc03e017c5a2a154,JP,labor,労務単価,普通作業員,所定労働時間内8時間あたり,人日,pref,21,岐阜県,,,,17000,JPY,labor_wage_8h,published_pdl,23900,原本の下段(括弧書き): 公共工事設計労務単価+必要経費(法定福利費の事業主負担額、労務管理費、宿舎費等)(参考値),2014-02,2014-02-01,mlit-roumu-h26,p16(横長の表) / p5(縦長の表),https://www.mlit.go.jp/common/001026047.pdf,PDL1.0,,
ca3875d196b8170d,JP,labor,労務単価,軽作業員,所定労働時間内8時間あたり,人日,pref,21,岐阜県,,,,12700,JPY,labor_wage_8h,published_pdl,17900,原本の下段(括弧書き): 公共工事設計労務単価+必要経費(法定福利費の事業主負担額、労務管理費、宿舎費等)(参考値),2014-02,2014-02-01,mlit-roumu-h26,p16(横長の表) / p5(縦長の表),https://www.mlit.go.jp/common/001026047.pdf,PDL1.0,,
6271d6666a797cfd,JP,labor,労務単価,造園工,所定労働時間内8時間あたり,人日,pref,21,岐阜県,,,,18300,JPY,labor_wage_8h,published_pdl,25700,原本の下段(括弧書き): 公共工事設計労務単価+必要経費(法定福利費の事業主負担額、労務管理費、宿舎費等)(参考値),2014-02,2014-02-01,mlit-roumu-h26,p16(横長の表) / p5(縦長の表),https://www.mlit.go.jp/common/001026047.pdf,PDL1.0,,
841b3a6ac73fbcdc,JP,labor,労務単価,法面工,所定労働時間内8時間あたり,人日,pref,21,岐阜県,,,,21400,JPY,labor_wage_8h,published_pdl,30100,原本の下段(括弧書き): 公共工事設計労務単価+必要経費(法定福利費の事業主負担額、労務管理費、宿舎費等)(参考値),2014-02,2014-02-01,mlit-roumu-h26,p16(横長の表) / p5(縦長の表),https://www.mlit.go.jp/common/001026047.pdf,PDL1.0,,
5eca0a46d57bcd3f,JP,labor,労務単価,とび工,所定労働時間内8時間あたり,人日,pref,21,岐阜県,,,,20500,JPY,labor_wage_8h,published_pdl,28800,原本の下段(括弧書き): 公共工事設計労務単価+必要経費(法定福利費の事業主負担額、労務管理費、宿舎費等)(参考値),2014-02,2014-02-01,mlit-roumu-h26,p16(横長の表) / p5(縦長の表),https://www.mlit.go.jp/common/001026047.pdf,PDL1.0,,
77dabe366a3bab25,JP,labor,労務単価,石工,所定労働時間内8時間あたり,人日,pref,21,岐阜県,,,,25700,JPY,labor_wage_8h,published_pdl,36100,原本の下段(括弧書き): 公共工事設計労務単価+必要経費(法定福利費の事業主負担額、労務管理費、宿舎費等)(参考値),2014-02,2014-02-01,mlit-roumu-h26,p16(横長の表) / p5(縦長の表),https://www.mlit.go.jp/common/001026047.pdf,PDL1.0,,
61789efa59ac8b00,JP,labor,労務単価,ブロック工,所定労働時間内8時間あたり,人日,pref,21,岐阜県,,,,24100,JPY,labor_wage_8h,published_pdl,33900,原本の下段(括弧書き): 公共工事設計労務単価+必要経費(法定福利費の事業主負担額、労務管理費、宿舎費等)(参考値),2014-02,2014-02-01,mlit-roumu-h26,p16(横長の表) / p5(縦長の表),https://www.mlit.go.jp/common/001026047.pdf,PDL1.0,,
10a596c22b6ece30,JP,labor,労務単価,電工,所定労働時間内8時間あたり,人日,pref,21,岐阜県,,,,18600,JPY,labor_wage_8h,published_pdl,26200,原本の下段(括弧書き): 公共工事設計労務単価+必要経費(法定福利費の事業主負担額、労務管理費、宿舎費等)(参考値),2014-02,2014-02-01,mlit-roumu-h26,p16(横長の表) / p5(縦長の表),https://www.mlit.go.jp/common/001026047.pdf,PDL1.0,,
bc884cd00a6b1c70,JP,labor,労務単価,鉄筋工,所定労働時間内8時間あたり,人日,pref,21,岐阜県,,,,19800,JPY,labor_wage_8h,published_pdl,27800,原本の下段(括弧書き): 公共工事設計労務単価+必要経費(法定福利費の事業主負担額、労務管理費、宿舎費等)(参考値),2014-02,2014-02-01,mlit-roumu-h26,p16(横長の表) / p5(縦長の表),https://www.mlit.go.jp/common/001026047.pdf,PDL1.0,,
888840ce8601c0f7,JP,labor,労務単価,鉄骨工,所定労働時間内8時間あたり,人日,pref,21,岐阜県,,,,19600,JPY,labor_wage_8h,published_pdl,27600,原本の下段(括弧書き): 公共工事設計労務単価+必要経費(法定福利費の事業主負担額、労務管理費、宿舎費等)(参考値),2014-02,2014-02-01,mlit-roumu-h26,p16(横長の表) / p6(縦長の表),https://www.mlit.go.jp/common/001026047.pdf,PDL1.0,,
cbc6c5ff2e719771,JP,labor,労務単価,塗装工,所定労働時間内8時間あたり,人日,pref,21,岐阜県,,,,20100,JPY,labor_wage_8h,published_pdl,28300,原本の下段(括弧書き): 公共工事設計労務単価+必要経費(法定福利費の事業主負担額、労務管理費、宿舎費等)(参考値),2014-02,2014-02-01,mlit-roumu-h26,p16(横長の表) / p6(縦長の表),https://www.mlit.go.jp/common/001026047.pdf,PDL1.0,,
fa6687d788e4a366,JP,labor,労務単価,溶接工,所定労働時間内8時間あたり,人日,pref,21,岐阜県,,,,22000,JPY,labor_wage_8h,published_pdl,30900,原本の下段(括弧書き): 公共工事設計労務単価+必要経費(法定福利費の事業主負担額、労務管理費、宿舎費等)(参考値),2014-02,2014-02-01,mlit-roumu-h26,p16(横長の表) / p6(縦長の表),https://www.mlit.go.jp/common/001026047.pdf,PDL1.0,,
622caad3778de6e3,JP,labor,労務単価,運転手（特殊）,所定労働時間内8時間あたり,人日,pref,21,岐阜県,,,,19800,JPY,labor_wage_8h,published_pdl,27800,原本の下段(括弧書き): 公共工事設計労務単価+必要経費(法定福利費の事業主負担額、労務管理費、宿舎費等)(参考値),2014-02,2014-02-01,mlit-roumu-h26,p16(横長の表) / p6(縦長の表),https://www.mlit.go.jp/common/001026047.pdf,PDL1.0,,
4952e5b203d3657b,JP,labor,労務単価,運転手（一般）,所定労働時間内8時間あたり,人日,pref,21,岐阜県,,,,17100,JPY,labor_wage_8h,published_pdl,24000,原本の下段(括弧書き): 公共工事設計労務単価+必要経費(法定福利費の事業主負担額、労務管理費、宿舎費等)(参考値),2014-02,2014-02-01,mlit-roumu-h26,p16(横長の表) / p6(縦長の表),https://www.mlit.go.jp/common/001026047.pdf,PDL1.0,,
71dbcadfb9cdc000,JP,labor,労務単価,潜かん工,所定労働時間内8時間あたり,人日,pref,21,岐阜県,,,,25900,JPY,labor_wage_8h,published_pdl,36400,原本の下段(括弧書き): 公共工事設計労務単価+必要経費(法定福利費の事業主負担額、労務管理費、宿舎費等)(参考値),2014-02,2014-02-01,mlit-roumu-h26,p16(横長の表) / p6(縦長の表),https://www.mlit.go.jp/common/001026047.pdf,PDL1.0,,
8f146f96c7e1ec5e,JP,labor,労務単価,潜かん世話役,所定労働時間内8時間あたり,人日,pref,21,岐阜県,,,,30700,JPY,labor_wage_8h,published_pdl,43200,原本の下段(括弧書き): 公共工事設計労務単価+必要経費(法定福利費の事業主負担額、労務管理費、宿舎費等)(参考値),2014-02,2014-02-01,mlit-roumu-h26,p16(横長の表) / p6(縦長の表),https://www.mlit.go.jp/common/001026047.pdf,PDL1.0,,
1bb5ddb720ace126,JP,labor,労務単価,さく岩工,所定労働時間内8時間あたり,人日,pref,21,岐阜県,,,,22400,JPY,labor_wage_8h,published_pdl,31500,原本の下段(括弧書き): 公共工事設計労務単価+必要経費(法定福利費の事業主負担額、労務管理費、宿舎費等)(参考値),2014-02,2014-02-01,mlit-roumu-h26,p16(横長の表) / p6(縦長の表),https://www.mlit.go.jp/common/001026047.pdf,PDL1.0,,
43da4f557b4a69df,JP,labor,労務単価,トンネル特殊工,所定労働時間内8時間あたり,人日,pref,21,岐阜県,,,,23700,JPY,labor_wage_8h,published_pdl,33300,原本の下段(括弧書き): 公共工事設計労務単価+必要経費(法定福利費の事業主負担額、労務管理費、宿舎費等)(参考値),2014-02,2014-02-01,mlit-roumu-h26,p16(横長の表) / p6(縦長の表),https://www.mlit.go.jp/common/001026047.pdf,PDL1.0,,
105b714ee5124146,JP,labor,労務単価,トンネル作業員,所定労働時間内8時間あたり,人日,pref,21,岐阜県,,,,20500,JPY,labor_wage_8h,published_pdl,28800,原本の下段(括弧書き): 公共工事設計労務単価+必要経費(法定福利費の事業主負担額、労務管理費、宿舎費等)(参考値),2014-02,2014-02-01,mlit-roumu-h26,p16(横長の表) / p6(縦長の表),https://www.mlit.go.jp/common/001026047.pdf,PDL1.0,,
2452f0fcc42e81d3,JP,labor,労務単価,トンネル世話役,所定労働時間内8時間あたり,人日,pref,21,岐阜県,,,,26700,JPY,labor_wage_8h,published_pdl,37500,原本の下段(括弧書き): 公共工事設計労務単価+必要経費(法定福利費の事業主負担額、労務管理費、宿舎費等)(参考値),2014-02,2014-02-01,mlit-roumu-h26,p17(横長の表) / p7(縦長の表),https://www.mlit.go.jp/common/001026047.pdf,PDL1.0,,
4911b32ab485efc5,JP,labor,労務単価,橋りょう特殊工,所定労働時間内8時間あたり,人日,pref,21,岐阜県,,,,23900,JPY,labor_wage_8h,published_pdl,33600,原本の下段(括弧書き): 公共工事設計労務単価+必要経費(法定福利費の事業主負担額、労務管理費、宿舎費等)(参考値),2014-02,2014-02-01,mlit-roumu-h26,p17(横長の表) / p7(縦長の表),https://www.mlit.go.jp/common/001026047.pdf,PDL1.0,,
4be8eec704ad06d7,JP,labor,労務単価,橋りょう塗装工,所定労働時間内8時間あたり,人日,pref,21,岐阜県,,,,26000,JPY,labor_wage_8h,published_pdl,36600,原本の下段(括弧書き): 公共工事設計労務単価+必要経費(法定福利費の事業主負担額、労務管理費、宿舎費等)(参考値),2014-02,2014-02-01,mlit-roumu-h26,p17(横長の表) / p7(縦長の表),https://www.mlit.go.jp/common/001026047.pdf,PDL1.0,,
80473b3361e96ada,JP,labor,労務単価,橋りょう世話役,所定労働時間内8時間あたり,人日,pref,21,岐阜県,,,,26800,JPY,labor_wage_8h,published_pdl,37700,原本の下段(括弧書き): 公共工事設計労務単価+必要経費(法定福利費の事業主負担額、労務管理費、宿舎費等)(参考値),2014-02,2014-02-01,mlit-roumu-h26,p17(横長の表) / p7(縦長の表),https://www.mlit.go.jp/common/001026047.pdf,PDL1.0,,
b261ab0bdb81e2ab,JP,labor,労務単価,土木一般世話役,所定労働時間内8時間あたり,人日,pref,21,岐阜県,,,,21700,JPY,labor_wage_8h,published_pdl,30500,原本の下段(括弧書き): 公共工事設計労務単価+必要経費(法定福利費の事業主負担額、労務管理費、宿舎費等)(参考値),2014-02,2014-02-01,mlit-roumu-h26,p17(横長の表) / p7(縦長の表),https://www.mlit.go.jp/common/001026047.pdf,PDL1.0,,
27cc1d46f00ae0f4,JP,labor,労務単価,高級船員,所定労働時間内8時間あたり,人日,pref,21,岐阜県,,,,24800,JPY,labor_wage_8h,published_pdl,34900,原本の下段(括弧書き): 公共工事設計労務単価+必要経費(法定福利費の事業主負担額、労務管理費、宿舎費等)(参考値),2014-02,2014-02-01,mlit-roumu-h26,p17(横長の表) / p7(縦長の表),https://www.mlit.go.jp/common/001026047.pdf,PDL1.0,,
30cbd6db0829d8a7,JP,labor,労務単価,普通船員,所定労働時間内8時間あたり,人日,pref,21,岐阜県,,,,19900,JPY,labor_wage_8h,published_pdl,28000,原本の下段(括弧書き): 公共工事設計労務単価+必要経費(法定福利費の事業主負担額、労務管理費、宿舎費等)(参考値),2014-02,2014-02-01,mlit-roumu-h26,p17(横長の表) / p7(縦長の表),https://www.mlit.go.jp/common/001026047.pdf,PDL1.0,,
a8f24ef96bde7219,JP,labor,労務単価,潜水士,所定労働時間内8時間あたり,人日,pref,21,岐阜県,,,,30300,JPY,labor_wage_8h,published_pdl,42600,原本の下段(括弧書き): 公共工事設計労務単価+必要経費(法定福利費の事業主負担額、労務管理費、宿舎費等)(参考値),2014-02,2014-02-01,mlit-roumu-h26,p17(横長の表) / p7(縦長の表),https://www.mlit.go.jp/common/001026047.pdf,PDL1.0,,
43959c3bce19f139,JP,labor,労務単価,潜水連絡員,所定労働時間内8時間あたり,人日,pref,21,岐阜県,,,,19800,JPY,labor_wage_8h,published_pdl,27800,原本の下段(括弧書き): 公共工事設計労務単価+必要経費(法定福利費の事業主負担額、労務管理費、宿舎費等)(参考値),2014-02,2014-02-01,mlit-roumu-h26,p17(横長の表) / p7(縦長の表),https://www.mlit.go.jp/common/001026047.pdf,PDL1.0,,
5597acb938ae78d3,JP,labor,労務単価,潜水送気員,所定労働時間内8時間あたり,人日,pref,21,岐阜県,,,,19400,JPY,labor_wage_8h,published_pdl,27300,原本の下段(括弧書き): 公共工事設計労務単価+必要経費(法定福利費の事業主負担額、労務管理費、宿舎費等)(参考値),2014-02,2014-02-01,mlit-roumu-h26,p17(横長の表) / p7(縦長の表),https://www.mlit.go.jp/common/001026047.pdf,PDL1.0,,
c60097c05f313442,JP,labor,労務単価,山林砂防工,所定労働時間内8時間あたり,人日,pref,21,岐阜県,,,,24800,JPY,labor_wage_8h,published_pdl,34900,原本の下段(括弧書き): 公共工事設計労務単価+必要経費(法定福利費の事業主負担額、労務管理費、宿舎費等)(参考値),2014-02,2014-02-01,mlit-roumu-h26,p17(横長の表) / p8(縦長の表),https://www.mlit.go.jp/common/001026047.pdf,PDL1.0,,
8637c66c67ff6f12,JP,labor,労務単価,軌道工,所定労働時間内8時間あたり,人日,pref,21,岐阜県,,,,31100,JPY,labor_wage_8h,published_pdl,43700,原本の下段(括弧書き): 公共工事設計労務単価+必要経費(法定福利費の事業主負担額、労務管理費、宿舎費等)(参考値),2014-02,2014-02-01,mlit-roumu-h26,p17(横長の表) / p8(縦長の表),https://www.mlit.go.jp/common/001026047.pdf,PDL1.0,,
910ee526032f4e96,JP,labor,労務単価,型わく工,所定労働時間内8時間あたり,人日,pref,21,岐阜県,,,,21200,JPY,labor_wage_8h,published_pdl,29800,原本の下段(括弧書き): 公共工事設計労務単価+必要経費(法定福利費の事業主負担額、労務管理費、宿舎費等)(参考値),2014-02,2014-02-01,mlit-roumu-h26,p17(横長の表) / p8(縦長の表),https://www.mlit.go.jp/common/001026047.pdf,PDL1.0,,
616cb65255317748,JP,labor,労務単価,大工,所定労働時間内8時間あたり,人日,pref,21,岐阜県,,,,21400,JPY,labor_wage_8h,published_pdl,30100,原本の下段(括弧書き): 公共工事設計労務単価+必要経費(法定福利費の事業主負担額、労務管理費、宿舎費等)(参考値),2014-02,2014-02-01,mlit-roumu-h26,p17(横長の表) / p8(縦長の表),https://www.mlit.go.jp/common/001026047.pdf,PDL1.0,,
0524832389db5dea,JP,labor,労務単価,左官,所定労働時間内8時間あたり,人日,pref,21,岐阜県,,,,19200,JPY,labor_wage_8h,published_pdl,27000,原本の下段(括弧書き): 公共工事設計労務単価+必要経費(法定福利費の事業主負担額、労務管理費、宿舎費等)(参考値),2014-02,2014-02-01,mlit-roumu-h26,p17(横長の表) / p8(縦長の表),https://www.mlit.go.jp/common/001026047.pdf,PDL1.0,,
6f564a3cf83e4d68,JP,labor,労務単価,配管工,所定労働時間内8時間あたり,人日,pref,21,岐阜県,,,,18700,JPY,labor_wage_8h,published_pdl,26300,原本の下段(括弧書き): 公共工事設計労務単価+必要経費(法定福利費の事業主負担額、労務管理費、宿舎費等)(参考値),2014-02,2014-02-01,mlit-roumu-h26,p17(横長の表) / p8(縦長の表),https://www.mlit.go.jp/common/001026047.pdf,PDL1.0,,
a4239326efdb1deb,JP,labor,労務単価,はつり工,所定労働時間内8時間あたり,人日,pref,21,岐阜県,,,,20000,JPY,labor_wage_8h,published_pdl,28100,原本の下段(括弧書き): 公共工事設計労務単価+必要経費(法定福利費の事業主負担額、労務管理費、宿舎費等)(参考値),2014-02,2014-02-01,mlit-roumu-h26,p17(横長の表) / p8(縦長の表),https://www.mlit.go.jp/common/001026047.pdf,PDL1.0,,
35af4918f024ff1c,JP,labor,労務単価,防水工,所定労働時間内8時間あたり,人日,pref,21,岐阜県,,,,19600,JPY,labor_wage_8h,published_pdl,27600,原本の下段(括弧書き): 公共工事設計労務単価+必要経費(法定福利費の事業主負担額、労務管理費、宿舎費等)(参考値),2014-02,2014-02-01,mlit-roumu-h26,p17(横長の表) / p8(縦長の表),https://www.mlit.go.jp/common/001026047.pdf,PDL1.0,,
e596a37f2d6aa9ba,JP,labor,労務単価,板金工,所定労働時間内8時間あたり,人日,pref,21,岐阜県,,,,19500,JPY,labor_wage_8h,published_pdl,27400,原本の下段(括弧書き): 公共工事設計労務単価+必要経費(法定福利費の事業主負担額、労務管理費、宿舎費等)(参考値),2014-02,2014-02-01,mlit-roumu-h26,p17(横長の表) / p8(縦長の表),https://www.mlit.go.jp/common/001026047.pdf,PDL1.0,,
95d6881c75c10096,JP,labor,労務単価,タイル工,所定労働時間内8時間あたり,人日,pref,21,岐阜県,,,,21700,JPY,labor_wage_8h,published_pdl,30500,原本の下段(括弧書き): 公共工事設計労務単価+必要経費(法定福利費の事業主負担額、労務管理費、宿舎費等)(参考値),2014-02,2014-02-01,mlit-roumu-h26,p17(横長の表) / p8(縦長の表),https://www.mlit.go.jp/common/001026047.pdf,PDL1.0,,
be5e0b9f672f65d7,JP,labor,労務単価,サッシ工,所定労働時間内8時間あたり,人日,pref,21,岐阜県,,,,20400,JPY,labor_wage_8h,published_pdl,28700,原本の下段(括弧書き): 公共工事設計労務単価+必要経費(法定福利費の事業主負担額、労務管理費、宿舎費等)(参考値),2014-02,2014-02-01,mlit-roumu-h26,p18(横長の表) / p9(縦長の表),https://www.mlit.go.jp/common/001026047.pdf,PDL1.0,,
f187b476d1c27aba,JP,labor,労務単価,内装工,所定労働時間内8時間あたり,人日,pref,21,岐阜県,,,,20000,JPY,labor_wage_8h,published_pdl,28100,原本の下段(括弧書き): 公共工事設計労務単価+必要経費(法定福利費の事業主負担額、労務管理費、宿舎費等)(参考値),2014-02,2014-02-01,mlit-roumu-h26,p18(横長の表) / p9(縦長の表),https://www.mlit.go.jp/common/001026047.pdf,PDL1.0,,
ff7de5f91fdcb62f,JP,labor,労務単価,ガラス工,所定労働時間内8時間あたり,人日,pref,21,岐阜県,,,,19600,JPY,labor_wage_8h,published_pdl,27600,原本の下段(括弧書き): 公共工事設計労務単価+必要経費(法定福利費の事業主負担額、労務管理費、宿舎費等)(参考値),2014-02,2014-02-01,mlit-roumu-h26,p18(横長の表) / p9(縦長の表),https://www.mlit.go.jp/common/001026047.pdf,PDL1.0,,
4d0a7c218e1c614d,JP,labor,労務単価,建具工,所定労働時間内8時間あたり,人日,pref,21,岐阜県,,,,17800,JPY,labor_wage_8h,published_pdl,25000,原本の下段(括弧書き): 公共工事設計労務単価+必要経費(法定福利費の事業主負担額、労務管理費、宿舎費等)(参考値),2014-02,2014-02-01,mlit-roumu-h26,p18(横長の表) / p9(縦長の表),https://www.mlit.go.jp/common/001026047.pdf,PDL1.0,,
c6864a26786806b5,JP,labor,労務単価,ダクト工,所定労働時間内8時間あたり,人日,pref,21,岐阜県,,,,17900,JPY,labor_wage_8h,published_pdl,25200,原本の下段(括弧書き): 公共工事設計労務単価+必要経費(法定福利費の事業主負担額、労務管理費、宿舎費等)(参考値),2014-02,2014-02-01,mlit-roumu-h26,p18(横長の表) / p9(縦長の表),https://www.mlit.go.jp/common/001026047.pdf,PDL1.0,,
a6819a7de54362e7,JP,labor,労務単価,保温工,所定労働時間内8時間あたり,人日,pref,21,岐阜県,,,,20500,JPY,labor_wage_8h,published_pdl,28800,原本の下段(括弧書き): 公共工事設計労務単価+必要経費(法定福利費の事業主負担額、労務管理費、宿舎費等)(参考値),2014-02,2014-02-01,mlit-roumu-h26,p18(横長の表) / p9(縦長の表),https://www.mlit.go.jp/common/001026047.pdf,PDL1.0,,
28099cf23d8502e9,JP,labor,労務単価,建築ブロック工,所定労働時間内8時間あたり,人日,pref,21,岐阜県,,,,23700,JPY,labor_wage_8h,published_pdl,33300,原本の下段(括弧書き): 公共工事設計労務単価+必要経費(法定福利費の事業主負担額、労務管理費、宿舎費等)(参考値),2014-02,2014-02-01,mlit-roumu-h26,p18(横長の表) / p9(縦長の表),https://www.mlit.go.jp/common/001026047.pdf,PDL1.0,,
fb8af97e11e52fc2,JP,labor,労務単価,設備機械工,所定労働時間内8時間あたり,人日,pref,21,岐阜県,,,,20500,JPY,labor_wage_8h,published_pdl,28800,原本の下段(括弧書き): 公共工事設計労務単価+必要経費(法定福利費の事業主負担額、労務管理費、宿舎費等)(参考値),2014-02,2014-02-01,mlit-roumu-h26,p18(横長の表) / p9(縦長の表),https://www.mlit.go.jp/common/001026047.pdf,PDL1.0,,
35b121c4b66dc591,JP,labor,労務単価,交通誘導警備員Ａ,所定労働時間内8時間あたり,人日,pref,21,岐阜県,,,,10900,JPY,labor_wage_8h,published_pdl,15300,原本の下段(括弧書き): 公共工事設計労務単価+必要経費(法定福利費の事業主負担額、労務管理費、宿舎費等)(参考値),2014-02,2014-02-01,mlit-roumu-h26,p18(横長の表) / p9(縦長の表),https://www.mlit.go.jp/common/001026047.pdf,PDL1.0,,
19888215948bb87c,JP,labor,労務単価,交通誘導警備員Ｂ,所定労働時間内8時間あたり,人日,pref,21,岐阜県,,,,9900,JPY,labor_wage_8h,published_pdl,13900,原本の下段(括弧書き): 公共工事設計労務単価+必要経費(法定福利費の事業主負担額、労務管理費、宿舎費等)(参考値),2014-02,2014-02-01,mlit-roumu-h26,p18(横長の表) / p9(縦長の表),https://www.mlit.go.jp/common/001026047.pdf,PDL1.0,,
b33b02b6e8ac7431,JP,labor,労務単価,特殊作業員,所定労働時間内8時間あたり,人日,pref,22,静岡県,,,,18800,JPY,labor_wage_8h,published_pdl,26400,原本の下段(括弧書き): 公共工事設計労務単価+必要経費(法定福利費の事業主負担額、労務管理費、宿舎費等)(参考値),2014-02,2014-02-01,mlit-roumu-h26,p16(横長の表) / p5(縦長の表),https://www.mlit.go.jp/common/001026047.pdf,PDL1.0,,
a51b13e75edf705e,JP,labor,労務単価,普通作業員,所定労働時間内8時間あたり,人日,pref,22,静岡県,,,,17500,JPY,labor_wage_8h,published_pdl,24600,原本の下段(括弧書き): 公共工事設計労務単価+必要経費(法定福利費の事業主負担額、労務管理費、宿舎費等)(参考値),2014-02,2014-02-01,mlit-roumu-h26,p16(横長の表) / p5(縦長の表),https://www.mlit.go.jp/common/001026047.pdf,PDL1.0,,
9c5faba7b6847917,JP,labor,労務単価,軽作業員,所定労働時間内8時間あたり,人日,pref,22,静岡県,,,,11500,JPY,labor_wage_8h,published_pdl,16200,原本の下段(括弧書き): 公共工事設計労務単価+必要経費(法定福利費の事業主負担額、労務管理費、宿舎費等)(参考値),2014-02,2014-02-01,mlit-roumu-h26,p16(横長の表) / p5(縦長の表),https://www.mlit.go.jp/common/001026047.pdf,PDL1.0,,
dc5718aeefae90a6,JP,labor,労務単価,造園工,所定労働時間内8時間あたり,人日,pref,22,静岡県,,,,18300,JPY,labor_wage_8h,published_pdl,25700,原本の下段(括弧書き): 公共工事設計労務単価+必要経費(法定福利費の事業主負担額、労務管理費、宿舎費等)(参考値),2014-02,2014-02-01,mlit-roumu-h26,p16(横長の表) / p5(縦長の表),https://www.mlit.go.jp/common/001026047.pdf,PDL1.0,,
deb9c908a79c690b,JP,labor,労務単価,法面工,所定労働時間内8時間あたり,人日,pref,22,静岡県,,,,20900,JPY,labor_wage_8h,published_pdl,29400,原本の下段(括弧書き): 公共工事設計労務単価+必要経費(法定福利費の事業主負担額、労務管理費、宿舎費等)(参考値),2014-02,2014-02-01,mlit-roumu-h26,p16(横長の表) / p5(縦長の表),https://www.mlit.go.jp/common/001026047.pdf,PDL1.0,,
ca0d0c26b68adff0,JP,labor,労務単価,とび工,所定労働時間内8時間あたり,人日,pref,22,静岡県,,,,20000,JPY,labor_wage_8h,published_pdl,28100,原本の下段(括弧書き): 公共工事設計労務単価+必要経費(法定福利費の事業主負担額、労務管理費、宿舎費等)(参考値),2014-02,2014-02-01,mlit-roumu-h26,p16(横長の表) / p5(縦長の表),https://www.mlit.go.jp/common/001026047.pdf,PDL1.0,,
0effe65b1086bf05,JP,labor,労務単価,石工,所定労働時間内8時間あたり,人日,pref,22,静岡県,,,,24700,JPY,labor_wage_8h,published_pdl,34700,原本の下段(括弧書き): 公共工事設計労務単価+必要経費(法定福利費の事業主負担額、労務管理費、宿舎費等)(参考値),2014-02,2014-02-01,mlit-roumu-h26,p16(横長の表) / p5(縦長の表),https://www.mlit.go.jp/common/001026047.pdf,PDL1.0,,
651497f694889ff5,JP,labor,労務単価,ブロック工,所定労働時間内8時間あたり,人日,pref,22,静岡県,,,,25200,JPY,labor_wage_8h,published_pdl,35400,原本の下段(括弧書き): 公共工事設計労務単価+必要経費(法定福利費の事業主負担額、労務管理費、宿舎費等)(参考値),2014-02,2014-02-01,mlit-roumu-h26,p16(横長の表) / p5(縦長の表),https://www.mlit.go.jp/common/001026047.pdf,PDL1.0,,
b63c094320326f9e,JP,labor,労務単価,電工,所定労働時間内8時間あたり,人日,pref,22,静岡県,,,,20100,JPY,labor_wage_8h,published_pdl,28300,原本の下段(括弧書き): 公共工事設計労務単価+必要経費(法定福利費の事業主負担額、労務管理費、宿舎費等)(参考値),2014-02,2014-02-01,mlit-roumu-h26,p16(横長の表) / p5(縦長の表),https://www.mlit.go.jp/common/001026047.pdf,PDL1.0,,
9ca2c6d470967a6f,JP,labor,労務単価,鉄筋工,所定労働時間内8時間あたり,人日,pref,22,静岡県,,,,20300,JPY,labor_wage_8h,published_pdl,28500,原本の下段(括弧書き): 公共工事設計労務単価+必要経費(法定福利費の事業主負担額、労務管理費、宿舎費等)(参考値),2014-02,2014-02-01,mlit-roumu-h26,p16(横長の表) / p5(縦長の表),https://www.mlit.go.jp/common/001026047.pdf,PDL1.0,,
2878b934dfbf6777,JP,labor,労務単価,鉄骨工,所定労働時間内8時間あたり,人日,pref,22,静岡県,,,,20400,JPY,labor_wage_8h,published_pdl,28700,原本の下段(括弧書き): 公共工事設計労務単価+必要経費(法定福利費の事業主負担額、労務管理費、宿舎費等)(参考値),2014-02,2014-02-01,mlit-roumu-h26,p16(横長の表) / p6(縦長の表),https://www.mlit.go.jp/common/001026047.pdf,PDL1.0,,
0e615c4d2fdf9b7d,JP,labor,労務単価,塗装工,所定労働時間内8時間あたり,人日,pref,22,静岡県,,,,21300,JPY,labor_wage_8h,published_pdl,29900,原本の下段(括弧書き): 公共工事設計労務単価+必要経費(法定福利費の事業主負担額、労務管理費、宿舎費等)(参考値),2014-02,2014-02-01,mlit-roumu-h26,p16(横長の表) / p6(縦長の表),https://www.mlit.go.jp/common/001026047.pdf,PDL1.0,,
7637611735ca59f0,JP,labor,労務単価,溶接工,所定労働時間内8時間あたり,人日,pref,22,静岡県,,,,23800,JPY,labor_wage_8h,published_pdl,33500,原本の下段(括弧書き): 公共工事設計労務単価+必要経費(法定福利費の事業主負担額、労務管理費、宿舎費等)(参考値),2014-02,2014-02-01,mlit-roumu-h26,p16(横長の表) / p6(縦長の表),https://www.mlit.go.jp/common/001026047.pdf,PDL1.0,,
085db9e1e5bddf5d,JP,labor,労務単価,運転手（特殊）,所定労働時間内8時間あたり,人日,pref,22,静岡県,,,,19300,JPY,labor_wage_8h,published_pdl,27100,原本の下段(括弧書き): 公共工事設計労務単価+必要経費(法定福利費の事業主負担額、労務管理費、宿舎費等)(参考値),2014-02,2014-02-01,mlit-roumu-h26,p16(横長の表) / p6(縦長の表),https://www.mlit.go.jp/common/001026047.pdf,PDL1.0,,
1cb7c1e5ea8a1ff8,JP,labor,労務単価,運転手（一般）,所定労働時間内8時間あたり,人日,pref,22,静岡県,,,,16800,JPY,labor_wage_8h,published_pdl,23600,原本の下段(括弧書き): 公共工事設計労務単価+必要経費(法定福利費の事業主負担額、労務管理費、宿舎費等)(参考値),2014-02,2014-02-01,mlit-roumu-h26,p16(横長の表) / p6(縦長の表),https://www.mlit.go.jp/common/001026047.pdf,PDL1.0,,
516adf6d3a560058,JP,labor,労務単価,潜かん工,所定労働時間内8時間あたり,人日,pref,22,静岡県,,,,25800,JPY,labor_wage_8h,published_pdl,36300,原本の下段(括弧書き): 公共工事設計労務単価+必要経費(法定福利費の事業主負担額、労務管理費、宿舎費等)(参考値),2014-02,2014-02-01,mlit-roumu-h26,p16(横長の表) / p6(縦長の表),https://www.mlit.go.jp/common/001026047.pdf,PDL1.0,,
3ed95b1337c9e7f9,JP,labor,労務単価,潜かん世話役,所定労働時間内8時間あたり,人日,pref,22,静岡県,,,,30500,JPY,labor_wage_8h,published_pdl,42900,原本の下段(括弧書き): 公共工事設計労務単価+必要経費(法定福利費の事業主負担額、労務管理費、宿舎費等)(参考値),2014-02,2014-02-01,mlit-roumu-h26,p16(横長の表) / p6(縦長の表),https://www.mlit.go.jp/common/001026047.pdf,PDL1.0,,
4fdeac99c9f3b020,JP,labor,労務単価,さく岩工,所定労働時間内8時間あたり,人日,pref,22,静岡県,,,,22200,JPY,labor_wage_8h,published_pdl,31200,原本の下段(括弧書き): 公共工事設計労務単価+必要経費(法定福利費の事業主負担額、労務管理費、宿舎費等)(参考値),2014-02,2014-02-01,mlit-roumu-h26,p16(横長の表) / p6(縦長の表),https://www.mlit.go.jp/common/001026047.pdf,PDL1.0,,
d6f6239ecfae3d77,JP,labor,労務単価,トンネル特殊工,所定労働時間内8時間あたり,人日,pref,22,静岡県,,,,25900,JPY,labor_wage_8h,published_pdl,36400,原本の下段(括弧書き): 公共工事設計労務単価+必要経費(法定福利費の事業主負担額、労務管理費、宿舎費等)(参考値),2014-02,2014-02-01,mlit-roumu-h26,p16(横長の表) / p6(縦長の表),https://www.mlit.go.jp/common/001026047.pdf,PDL1.0,,
036a8d0c93fb33bd,JP,labor,労務単価,トンネル作業員,所定労働時間内8時間あたり,人日,pref,22,静岡県,,,,20300,JPY,labor_wage_8h,published_pdl,28500,原本の下段(括弧書き): 公共工事設計労務単価+必要経費(法定福利費の事業主負担額、労務管理費、宿舎費等)(参考値),2014-02,2014-02-01,mlit-roumu-h26,p16(横長の表) / p6(縦長の表),https://www.mlit.go.jp/common/001026047.pdf,PDL1.0,,
7d64944970de2cba,JP,labor,労務単価,トンネル世話役,所定労働時間内8時間あたり,人日,pref,22,静岡県,,,,26500,JPY,labor_wage_8h,published_pdl,37300,原本の下段(括弧書き): 公共工事設計労務単価+必要経費(法定福利費の事業主負担額、労務管理費、宿舎費等)(参考値),2014-02,2014-02-01,mlit-roumu-h26,p17(横長の表) / p7(縦長の表),https://www.mlit.go.jp/common/001026047.pdf,PDL1.0,,
3180e6c5736c5c17,JP,labor,労務単価,橋りょう特殊工,所定労働時間内8時間あたり,人日,pref,22,静岡県,,,,24600,JPY,labor_wage_8h,published_pdl,34600,原本の下段(括弧書き): 公共工事設計労務単価+必要経費(法定福利費の事業主負担額、労務管理費、宿舎費等)(参考値),2014-02,2014-02-01,mlit-roumu-h26,p17(横長の表) / p7(縦長の表),https://www.mlit.go.jp/common/001026047.pdf,PDL1.0,,
48782085c6b8e37f,JP,labor,労務単価,橋りょう塗装工,所定労働時間内8時間あたり,人日,pref,22,静岡県,,,,25900,JPY,labor_wage_8h,published_pdl,36400,原本の下段(括弧書き): 公共工事設計労務単価+必要経費(法定福利費の事業主負担額、労務管理費、宿舎費等)(参考値),2014-02,2014-02-01,mlit-roumu-h26,p17(横長の表) / p7(縦長の表),https://www.mlit.go.jp/common/001026047.pdf,PDL1.0,,
111164f11f080b00,JP,labor,労務単価,橋りょう世話役,所定労働時間内8時間あたり,人日,pref,22,静岡県,,,,27100,JPY,labor_wage_8h,published_pdl,38100,原本の下段(括弧書き): 公共工事設計労務単価+必要経費(法定福利費の事業主負担額、労務管理費、宿舎費等)(参考値),2014-02,2014-02-01,mlit-roumu-h26,p17(横長の表) / p7(縦長の表),https://www.mlit.go.jp/common/001026047.pdf,PDL1.0,,
6e519c24fdbce4ac,JP,labor,労務単価,土木一般世話役,所定労働時間内8時間あたり,人日,pref,22,静岡県,,,,21900,JPY,labor_wage_8h,published_pdl,30800,原本の下段(括弧書き): 公共工事設計労務単価+必要経費(法定福利費の事業主負担額、労務管理費、宿舎費等)(参考値),2014-02,2014-02-01,mlit-roumu-h26,p17(横長の表) / p7(縦長の表),https://www.mlit.go.jp/common/001026047.pdf,PDL1.0,,
17d576d99dc53a69,JP,labor,労務単価,高級船員,所定労働時間内8時間あたり,人日,pref,22,静岡県,,,,24800,JPY,labor_wage_8h,published_pdl,34900,原本の下段(括弧書き): 公共工事設計労務単価+必要経費(法定福利費の事業主負担額、労務管理費、宿舎費等)(参考値),2014-02,2014-02-01,mlit-roumu-h26,p17(横長の表) / p7(縦長の表),https://www.mlit.go.jp/common/001026047.pdf,PDL1.0,,
d80f848139b06798,JP,labor,労務単価,普通船員,所定労働時間内8時間あたり,人日,pref,22,静岡県,,,,19900,JPY,labor_wage_8h,published_pdl,28000,原本の下段(括弧書き): 公共工事設計労務単価+必要経費(法定福利費の事業主負担額、労務管理費、宿舎費等)(参考値),2014-02,2014-02-01,mlit-roumu-h26,p17(横長の表) / p7(縦長の表),https://www.mlit.go.jp/common/001026047.pdf,PDL1.0,,
9567a79b2a598fce,JP,labor,労務単価,潜水士,所定労働時間内8時間あたり,人日,pref,22,静岡県,,,,34600,JPY,labor_wage_8h,published_pdl,48600,原本の下段(括弧書き): 公共工事設計労務単価+必要経費(法定福利費の事業主負担額、労務管理費、宿舎費等)(参考値),2014-02,2014-02-01,mlit-roumu-h26,p17(横長の表) / p7(縦長の表),https://www.mlit.go.jp/common/001026047.pdf,PDL1.0,,
8aecb362a03aa655,JP,labor,労務単価,潜水連絡員,所定労働時間内8時間あたり,人日,pref,22,静岡県,,,,21500,JPY,labor_wage_8h,published_pdl,30200,原本の下段(括弧書き): 公共工事設計労務単価+必要経費(法定福利費の事業主負担額、労務管理費、宿舎費等)(参考値),2014-02,2014-02-01,mlit-roumu-h26,p17(横長の表) / p7(縦長の表),https://www.mlit.go.jp/common/001026047.pdf,PDL1.0,,
8900f94994889148,JP,labor,労務単価,潜水送気員,所定労働時間内8時間あたり,人日,pref,22,静岡県,,,,22200,JPY,labor_wage_8h,published_pdl,31200,原本の下段(括弧書き): 公共工事設計労務単価+必要経費(法定福利費の事業主負担額、労務管理費、宿舎費等)(参考値),2014-02,2014-02-01,mlit-roumu-h26,p17(横長の表) / p7(縦長の表),https://www.mlit.go.jp/common/001026047.pdf,PDL1.0,,
ce4fe07fc58e75e1,JP,labor,労務単価,山林砂防工,所定労働時間内8時間あたり,人日,pref,22,静岡県,,,,25100,JPY,labor_wage_8h,published_pdl,35300,原本の下段(括弧書き): 公共工事設計労務単価+必要経費(法定福利費の事業主負担額、労務管理費、宿舎費等)(参考値),2014-02,2014-02-01,mlit-roumu-h26,p17(横長の表) / p8(縦長の表),https://www.mlit.go.jp/common/001026047.pdf,PDL1.0,,
84d1904b36abfd7e,JP,labor,労務単価,軌道工,所定労働時間内8時間あたり,人日,pref,22,静岡県,,,,33400,JPY,labor_wage_8h,published_pdl,47000,原本の下段(括弧書き): 公共工事設計労務単価+必要経費(法定福利費の事業主負担額、労務管理費、宿舎費等)(参考値),2014-02,2014-02-01,mlit-roumu-h26,p17(横長の表) / p8(縦長の表),https://www.mlit.go.jp/common/001026047.pdf,PDL1.0,,
697149ad9e1f7876,JP,labor,労務単価,型わく工,所定労働時間内8時間あたり,人日,pref,22,静岡県,,,,20000,JPY,labor_wage_8h,published_pdl,28100,原本の下段(括弧書き): 公共工事設計労務単価+必要経費(法定福利費の事業主負担額、労務管理費、宿舎費等)(参考値),2014-02,2014-02-01,mlit-roumu-h26,p17(横長の表) / p8(縦長の表),https://www.mlit.go.jp/common/001026047.pdf,PDL1.0,,
b69a569cec4d025f,JP,labor,労務単価,大工,所定労働時間内8時間あたり,人日,pref,22,静岡県,,,,23900,JPY,labor_wage_8h,published_pdl,33600,原本の下段(括弧書き): 公共工事設計労務単価+必要経費(法定福利費の事業主負担額、労務管理費、宿舎費等)(参考値),2014-02,2014-02-01,mlit-roumu-h26,p17(横長の表) / p8(縦長の表),https://www.mlit.go.jp/common/001026047.pdf,PDL1.0,,
c9bc3fbba6f518f8,JP,labor,労務単価,左官,所定労働時間内8時間あたり,人日,pref,22,静岡県,,,,20400,JPY,labor_wage_8h,published_pdl,28700,原本の下段(括弧書き): 公共工事設計労務単価+必要経費(法定福利費の事業主負担額、労務管理費、宿舎費等)(参考値),2014-02,2014-02-01,mlit-roumu-h26,p17(横長の表) / p8(縦長の表),https://www.mlit.go.jp/common/001026047.pdf,PDL1.0,,
0f33c6ad260f7275,JP,labor,労務単価,配管工,所定労働時間内8時間あたり,人日,pref,22,静岡県,,,,18800,JPY,labor_wage_8h,published_pdl,26400,原本の下段(括弧書き): 公共工事設計労務単価+必要経費(法定福利費の事業主負担額、労務管理費、宿舎費等)(参考値),2014-02,2014-02-01,mlit-roumu-h26,p17(横長の表) / p8(縦長の表),https://www.mlit.go.jp/common/001026047.pdf,PDL1.0,,
2fdfa5be94a26e2b,JP,labor,労務単価,はつり工,所定労働時間内8時間あたり,人日,pref,22,静岡県,,,,20800,JPY,labor_wage_8h,published_pdl,29200,原本の下段(括弧書き): 公共工事設計労務単価+必要経費(法定福利費の事業主負担額、労務管理費、宿舎費等)(参考値),2014-02,2014-02-01,mlit-roumu-h26,p17(横長の表) / p8(縦長の表),https://www.mlit.go.jp/common/001026047.pdf,PDL1.0,,
d16da7d97d4dee13,JP,labor,労務単価,防水工,所定労働時間内8時間あたり,人日,pref,22,静岡県,,,,21600,JPY,labor_wage_8h,published_pdl,30400,原本の下段(括弧書き): 公共工事設計労務単価+必要経費(法定福利費の事業主負担額、労務管理費、宿舎費等)(参考値),2014-02,2014-02-01,mlit-roumu-h26,p17(横長の表) / p8(縦長の表),https://www.mlit.go.jp/common/001026047.pdf,PDL1.0,,
ca049907b14d13b1,JP,labor,労務単価,板金工,所定労働時間内8時間あたり,人日,pref,22,静岡県,,,,19700,JPY,labor_wage_8h,published_pdl,27700,原本の下段(括弧書き): 公共工事設計労務単価+必要経費(法定福利費の事業主負担額、労務管理費、宿舎費等)(参考値),2014-02,2014-02-01,mlit-roumu-h26,p17(横長の表) / p8(縦長の表),https://www.mlit.go.jp/common/001026047.pdf,PDL1.0,,
6e8c155cff3e0210,JP,labor,労務単価,タイル工,所定労働時間内8時間あたり,人日,pref,22,静岡県,,,,21700,JPY,labor_wage_8h,published_pdl,30500,原本の下段(括弧書き): 公共工事設計労務単価+必要経費(法定福利費の事業主負担額、労務管理費、宿舎費等)(参考値),2014-02,2014-02-01,mlit-roumu-h26,p17(横長の表) / p8(縦長の表),https://www.mlit.go.jp/common/001026047.pdf,PDL1.0,,
ddedc4f575ad0542,JP,labor,労務単価,サッシ工,所定労働時間内8時間あたり,人日,pref,22,静岡県,,,,19900,JPY,labor_wage_8h,published_pdl,28000,原本の下段(括弧書き): 公共工事設計労務単価+必要経費(法定福利費の事業主負担額、労務管理費、宿舎費等)(参考値),2014-02,2014-02-01,mlit-roumu-h26,p18(横長の表) / p9(縦長の表),https://www.mlit.go.jp/common/001026047.pdf,PDL1.0,,
f972b6235219cc3d,JP,labor,労務単価,内装工,所定労働時間内8時間あたり,人日,pref,22,静岡県,,,,24000,JPY,labor_wage_8h,published_pdl,33700,原本の下段(括弧書き): 公共工事設計労務単価+必要経費(法定福利費の事業主負担額、労務管理費、宿舎費等)(参考値),2014-02,2014-02-01,mlit-roumu-h26,p18(横長の表) / p9(縦長の表),https://www.mlit.go.jp/common/001026047.pdf,PDL1.0,,
168a5d7234ff4409,JP,labor,労務単価,ガラス工,所定労働時間内8時間あたり,人日,pref,22,静岡県,,,,19500,JPY,labor_wage_8h,published_pdl,27400,原本の下段(括弧書き): 公共工事設計労務単価+必要経費(法定福利費の事業主負担額、労務管理費、宿舎費等)(参考値),2014-02,2014-02-01,mlit-roumu-h26,p18(横長の表) / p9(縦長の表),https://www.mlit.go.jp/common/001026047.pdf,PDL1.0,,
114a08e768814ec2,JP,labor,労務単価,建具工,所定労働時間内8時間あたり,人日,pref,22,静岡県,,,,19200,JPY,labor_wage_8h,published_pdl,27000,原本の下段(括弧書き): 公共工事設計労務単価+必要経費(法定福利費の事業主負担額、労務管理費、宿舎費等)(参考値),2014-02,2014-02-01,mlit-roumu-h26,p18(横長の表) / p9(縦長の表),https://www.mlit.go.jp/common/001026047.pdf,PDL1.0,,
7788720005a86502,JP,labor,労務単価,ダクト工,所定労働時間内8時間あたり,人日,pref,22,静岡県,,,,19000,JPY,labor_wage_8h,published_pdl,26700,原本の下段(括弧書き): 公共工事設計労務単価+必要経費(法定福利費の事業主負担額、労務管理費、宿舎費等)(参考値),2014-02,2014-02-01,mlit-roumu-h26,p18(横長の表) / p9(縦長の表),https://www.mlit.go.jp/common/001026047.pdf,PDL1.0,,
769c8d8fd945f3c1,JP,labor,労務単価,保温工,所定労働時間内8時間あたり,人日,pref,22,静岡県,,,,20300,JPY,labor_wage_8h,published_pdl,28500,原本の下段(括弧書き): 公共工事設計労務単価+必要経費(法定福利費の事業主負担額、労務管理費、宿舎費等)(参考値),2014-02,2014-02-01,mlit-roumu-h26,p18(横長の表) / p9(縦長の表),https://www.mlit.go.jp/common/001026047.pdf,PDL1.0,,
6563fad24c82cec4,JP,labor,労務単価,建築ブロック工,所定労働時間内8時間あたり,人日,pref,22,静岡県,,,,23700,JPY,labor_wage_8h,published_pdl,33300,原本の下段(括弧書き): 公共工事設計労務単価+必要経費(法定福利費の事業主負担額、労務管理費、宿舎費等)(参考値),2014-02,2014-02-01,mlit-roumu-h26,p18(横長の表) / p9(縦長の表),https://www.mlit.go.jp/common/001026047.pdf,PDL1.0,,
a3609a5a7f8b7067,JP,labor,労務単価,設備機械工,所定労働時間内8時間あたり,人日,pref,22,静岡県,,,,22200,JPY,labor_wage_8h,published_pdl,31200,原本の下段(括弧書き): 公共工事設計労務単価+必要経費(法定福利費の事業主負担額、労務管理費、宿舎費等)(参考値),2014-02,2014-02-01,mlit-roumu-h26,p18(横長の表) / p9(縦長の表),https://www.mlit.go.jp/common/001026047.pdf,PDL1.0,,
10d224cfa1a55130,JP,labor,労務単価,交通誘導警備員Ａ,所定労働時間内8時間あたり,人日,pref,22,静岡県,,,,11300,JPY,labor_wage_8h,published_pdl,15900,原本の下段(括弧書き): 公共工事設計労務単価+必要経費(法定福利費の事業主負担額、労務管理費、宿舎費等)(参考値),2014-02,2014-02-01,mlit-roumu-h26,p18(横長の表) / p9(縦長の表),https://www.mlit.go.jp/common/001026047.pdf,PDL1.0,,
c8c90189a7bea659,JP,labor,労務単価,交通誘導警備員Ｂ,所定労働時間内8時間あたり,人日,pref,22,静岡県,,,,9800,JPY,labor_wage_8h,published_pdl,13800,原本の下段(括弧書き): 公共工事設計労務単価+必要経費(法定福利費の事業主負担額、労務管理費、宿舎費等)(参考値),2014-02,2014-02-01,mlit-roumu-h26,p18(横長の表) / p9(縦長の表),https://www.mlit.go.jp/common/001026047.pdf,PDL1.0,,
751cf8c89ef7ed33,JP,labor,労務単価,特殊作業員,所定労働時間内8時間あたり,人日,pref,23,愛知県,,,,19800,JPY,labor_wage_8h,published_pdl,27800,原本の下段(括弧書き): 公共工事設計労務単価+必要経費(法定福利費の事業主負担額、労務管理費、宿舎費等)(参考値),2014-02,2014-02-01,mlit-roumu-h26,p16(横長の表) / p5(縦長の表),https://www.mlit.go.jp/common/001026047.pdf,PDL1.0,,
432eee3174657ccd,JP,labor,労務単価,普通作業員,所定労働時間内8時間あたり,人日,pref,23,愛知県,,,,17000,JPY,labor_wage_8h,published_pdl,23900,原本の下段(括弧書き): 公共工事設計労務単価+必要経費(法定福利費の事業主負担額、労務管理費、宿舎費等)(参考値),2014-02,2014-02-01,mlit-roumu-h26,p16(横長の表) / p5(縦長の表),https://www.mlit.go.jp/common/001026047.pdf,PDL1.0,,
9af45bb3d1bdf8bb,JP,labor,労務単価,軽作業員,所定労働時間内8時間あたり,人日,pref,23,愛知県,,,,13000,JPY,labor_wage_8h,published_pdl,18300,原本の下段(括弧書き): 公共工事設計労務単価+必要経費(法定福利費の事業主負担額、労務管理費、宿舎費等)(参考値),2014-02,2014-02-01,mlit-roumu-h26,p16(横長の表) / p5(縦長の表),https://www.mlit.go.jp/common/001026047.pdf,PDL1.0,,
a5f2c360351f74ea,JP,labor,労務単価,造園工,所定労働時間内8時間あたり,人日,pref,23,愛知県,,,,18500,JPY,labor_wage_8h,published_pdl,26000,原本の下段(括弧書き): 公共工事設計労務単価+必要経費(法定福利費の事業主負担額、労務管理費、宿舎費等)(参考値),2014-02,2014-02-01,mlit-roumu-h26,p16(横長の表) / p5(縦長の表),https://www.mlit.go.jp/common/001026047.pdf,PDL1.0,,
737896dfa1747fd5,JP,labor,労務単価,法面工,所定労働時間内8時間あたり,人日,pref,23,愛知県,,,,21300,JPY,labor_wage_8h,published_pdl,29900,原本の下段(括弧書き): 公共工事設計労務単価+必要経費(法定福利費の事業主負担額、労務管理費、宿舎費等)(参考値),2014-02,2014-02-01,mlit-roumu-h26,p16(横長の表) / p5(縦長の表),https://www.mlit.go.jp/common/001026047.pdf,PDL1.0,,
84f076b8fca81dc8,JP,labor,労務単価,とび工,所定労働時間内8時間あたり,人日,pref,23,愛知県,,,,21300,JPY,labor_wage_8h,published_pdl,29900,原本の下段(括弧書き): 公共工事設計労務単価+必要経費(法定福利費の事業主負担額、労務管理費、宿舎費等)(参考値),2014-02,2014-02-01,mlit-roumu-h26,p16(横長の表) / p5(縦長の表),https://www.mlit.go.jp/common/001026047.pdf,PDL1.0,,
686b267e5b5a09b0,JP,labor,労務単価,石工,所定労働時間内8時間あたり,人日,pref,23,愛知県,,,,26000,JPY,labor_wage_8h,published_pdl,36600,原本の下段(括弧書き): 公共工事設計労務単価+必要経費(法定福利費の事業主負担額、労務管理費、宿舎費等)(参考値),2014-02,2014-02-01,mlit-roumu-h26,p16(横長の表) / p5(縦長の表),https://www.mlit.go.jp/common/001026047.pdf,PDL1.0,,
086f169bfb34ce21,JP,labor,労務単価,ブロック工,所定労働時間内8時間あたり,人日,pref,23,愛知県,,,,25200,JPY,labor_wage_8h,published_pdl,35400,原本の下段(括弧書き): 公共工事設計労務単価+必要経費(法定福利費の事業主負担額、労務管理費、宿舎費等)(参考値),2014-02,2014-02-01,mlit-roumu-h26,p16(横長の表) / p5(縦長の表),https://www.mlit.go.jp/common/001026047.pdf,PDL1.0,,
d737a656baddf8a1,JP,labor,労務単価,電工,所定労働時間内8時間あたり,人日,pref,23,愛知県,,,,19200,JPY,labor_wage_8h,published_pdl,27000,原本の下段(括弧書き): 公共工事設計労務単価+必要経費(法定福利費の事業主負担額、労務管理費、宿舎費等)(参考値),2014-02,2014-02-01,mlit-roumu-h26,p16(横長の表) / p5(縦長の表),https://www.mlit.go.jp/common/001026047.pdf,PDL1.0,,
cb3a81d0f9bd8c02,JP,labor,労務単価,鉄筋工,所定労働時間内8時間あたり,人日,pref,23,愛知県,,,,19800,JPY,labor_wage_8h,published_pdl,27800,原本の下段(括弧書き): 公共工事設計労務単価+必要経費(法定福利費の事業主負担額、労務管理費、宿舎費等)(参考値),2014-02,2014-02-01,mlit-roumu-h26,p16(横長の表) / p5(縦長の表),https://www.mlit.go.jp/common/001026047.pdf,PDL1.0,,
e3d3786f95211f1e,JP,labor,労務単価,鉄骨工,所定労働時間内8時間あたり,人日,pref,23,愛知県,,,,20000,JPY,labor_wage_8h,published_pdl,28100,原本の下段(括弧書き): 公共工事設計労務単価+必要経費(法定福利費の事業主負担額、労務管理費、宿舎費等)(参考値),2014-02,2014-02-01,mlit-roumu-h26,p16(横長の表) / p6(縦長の表),https://www.mlit.go.jp/common/001026047.pdf,PDL1.0,,
5d202575dde38318,JP,labor,労務単価,塗装工,所定労働時間内8時間あたり,人日,pref,23,愛知県,,,,20900,JPY,labor_wage_8h,published_pdl,29400,原本の下段(括弧書き): 公共工事設計労務単価+必要経費(法定福利費の事業主負担額、労務管理費、宿舎費等)(参考値),2014-02,2014-02-01,mlit-roumu-h26,p16(横長の表) / p6(縦長の表),https://www.mlit.go.jp/common/001026047.pdf,PDL1.0,,
135e68f260fa200c,JP,labor,労務単価,溶接工,所定労働時間内8時間あたり,人日,pref,23,愛知県,,,,23200,JPY,labor_wage_8h,published_pdl,32600,原本の下段(括弧書き): 公共工事設計労務単価+必要経費(法定福利費の事業主負担額、労務管理費、宿舎費等)(参考値),2014-02,2014-02-01,mlit-roumu-h26,p16(横長の表) / p6(縦長の表),https://www.mlit.go.jp/common/001026047.pdf,PDL1.0,,
09aef52ea5332194,JP,labor,労務単価,運転手（特殊）,所定労働時間内8時間あたり,人日,pref,23,愛知県,,,,19500,JPY,labor_wage_8h,published_pdl,27400,原本の下段(括弧書き): 公共工事設計労務単価+必要経費(法定福利費の事業主負担額、労務管理費、宿舎費等)(参考値),2014-02,2014-02-01,mlit-roumu-h26,p16(横長の表) / p6(縦長の表),https://www.mlit.go.jp/common/001026047.pdf,PDL1.0,,
07b4dbb2cae1878f,JP,labor,労務単価,運転手（一般）,所定労働時間内8時間あたり,人日,pref,23,愛知県,,,,17600,JPY,labor_wage_8h,published_pdl,24700,原本の下段(括弧書き): 公共工事設計労務単価+必要経費(法定福利費の事業主負担額、労務管理費、宿舎費等)(参考値),2014-02,2014-02-01,mlit-roumu-h26,p16(横長の表) / p6(縦長の表),https://www.mlit.go.jp/common/001026047.pdf,PDL1.0,,
a02efd17f12aecb7,JP,labor,労務単価,潜かん工,所定労働時間内8時間あたり,人日,pref,23,愛知県,,,,25800,JPY,labor_wage_8h,published_pdl,36300,原本の下段(括弧書き): 公共工事設計労務単価+必要経費(法定福利費の事業主負担額、労務管理費、宿舎費等)(参考値),2014-02,2014-02-01,mlit-roumu-h26,p16(横長の表) / p6(縦長の表),https://www.mlit.go.jp/common/001026047.pdf,PDL1.0,,
5e68f99421236ccd,JP,labor,労務単価,潜かん世話役,所定労働時間内8時間あたり,人日,pref,23,愛知県,,,,30500,JPY,labor_wage_8h,published_pdl,42900,原本の下段(括弧書き): 公共工事設計労務単価+必要経費(法定福利費の事業主負担額、労務管理費、宿舎費等)(参考値),2014-02,2014-02-01,mlit-roumu-h26,p16(横長の表) / p6(縦長の表),https://www.mlit.go.jp/common/001026047.pdf,PDL1.0,,
bf6b366401098740,JP,labor,労務単価,さく岩工,所定労働時間内8時間あたり,人日,pref,23,愛知県,,,,22200,JPY,labor_wage_8h,published_pdl,31200,原本の下段(括弧書き): 公共工事設計労務単価+必要経費(法定福利費の事業主負担額、労務管理費、宿舎費等)(参考値),2014-02,2014-02-01,mlit-roumu-h26,p16(横長の表) / p6(縦長の表),https://www.mlit.go.jp/common/001026047.pdf,PDL1.0,,
2f040dbbb75488fa,JP,labor,労務単価,トンネル特殊工,所定労働時間内8時間あたり,人日,pref,23,愛知県,,,,25400,JPY,labor_wage_8h,published_pdl,35700,原本の下段(括弧書き): 公共工事設計労務単価+必要経費(法定福利費の事業主負担額、労務管理費、宿舎費等)(参考値),2014-02,2014-02-01,mlit-roumu-h26,p16(横長の表) / p6(縦長の表),https://www.mlit.go.jp/common/001026047.pdf,PDL1.0,,
7ffc2c1579b3598a,JP,labor,労務単価,トンネル作業員,所定労働時間内8時間あたり,人日,pref,23,愛知県,,,,20300,JPY,labor_wage_8h,published_pdl,28500,原本の下段(括弧書き): 公共工事設計労務単価+必要経費(法定福利費の事業主負担額、労務管理費、宿舎費等)(参考値),2014-02,2014-02-01,mlit-roumu-h26,p16(横長の表) / p6(縦長の表),https://www.mlit.go.jp/common/001026047.pdf,PDL1.0,,
7dac6562da18f859,JP,labor,労務単価,トンネル世話役,所定労働時間内8時間あたり,人日,pref,23,愛知県,,,,26500,JPY,labor_wage_8h,published_pdl,37300,原本の下段(括弧書き): 公共工事設計労務単価+必要経費(法定福利費の事業主負担額、労務管理費、宿舎費等)(参考値),2014-02,2014-02-01,mlit-roumu-h26,p17(横長の表) / p7(縦長の表),https://www.mlit.go.jp/common/001026047.pdf,PDL1.0,,
9539577783f468fe,JP,labor,労務単価,橋りょう特殊工,所定労働時間内8時間あたり,人日,pref,23,愛知県,,,,23800,JPY,labor_wage_8h,published_pdl,33500,原本の下段(括弧書き): 公共工事設計労務単価+必要経費(法定福利費の事業主負担額、労務管理費、宿舎費等)(参考値),2014-02,2014-02-01,mlit-roumu-h26,p17(横長の表) / p7(縦長の表),https://www.mlit.go.jp/common/001026047.pdf,PDL1.0,,
3f542ab143b97f29,JP,labor,労務単価,橋りょう塗装工,所定労働時間内8時間あたり,人日,pref,23,愛知県,,,,25900,JPY,labor_wage_8h,published_pdl,36400,原本の下段(括弧書き): 公共工事設計労務単価+必要経費(法定福利費の事業主負担額、労務管理費、宿舎費等)(参考値),2014-02,2014-02-01,mlit-roumu-h26,p17(横長の表) / p7(縦長の表),https://www.mlit.go.jp/common/001026047.pdf,PDL1.0,,
657f4a4ca6d96bd2,JP,labor,労務単価,橋りょう世話役,所定労働時間内8時間あたり,人日,pref,23,愛知県,,,,26500,JPY,labor_wage_8h,published_pdl,37300,原本の下段(括弧書き): 公共工事設計労務単価+必要経費(法定福利費の事業主負担額、労務管理費、宿舎費等)(参考値),2014-02,2014-02-01,mlit-roumu-h26,p17(横長の表) / p7(縦長の表),https://www.mlit.go.jp/common/001026047.pdf,PDL1.0,,
5d08fdc05fc1bbd4,JP,labor,労務単価,土木一般世話役,所定労働時間内8時間あたり,人日,pref,23,愛知県,,,,21600,JPY,labor_wage_8h,published_pdl,30400,原本の下段(括弧書き): 公共工事設計労務単価+必要経費(法定福利費の事業主負担額、労務管理費、宿舎費等)(参考値),2014-02,2014-02-01,mlit-roumu-h26,p17(横長の表) / p7(縦長の表),https://www.mlit.go.jp/common/001026047.pdf,PDL1.0,,
64a5bdc7e55d583e,JP,labor,労務単価,高級船員,所定労働時間内8時間あたり,人日,pref,23,愛知県,,,,24800,JPY,labor_wage_8h,published_pdl,34900,原本の下段(括弧書き): 公共工事設計労務単価+必要経費(法定福利費の事業主負担額、労務管理費、宿舎費等)(参考値),2014-02,2014-02-01,mlit-roumu-h26,p17(横長の表) / p7(縦長の表),https://www.mlit.go.jp/common/001026047.pdf,PDL1.0,,
914f82545607cbf9,JP,labor,労務単価,普通船員,所定労働時間内8時間あたり,人日,pref,23,愛知県,,,,19900,JPY,labor_wage_8h,published_pdl,28000,原本の下段(括弧書き): 公共工事設計労務単価+必要経費(法定福利費の事業主負担額、労務管理費、宿舎費等)(参考値),2014-02,2014-02-01,mlit-roumu-h26,p17(横長の表) / p7(縦長の表),https://www.mlit.go.jp/common/001026047.pdf,PDL1.0,,
6637c6fcc4792e81,JP,labor,労務単価,潜水士,所定労働時間内8時間あたり,人日,pref,23,愛知県,,,,32500,JPY,labor_wage_8h,published_pdl,45700,原本の下段(括弧書き): 公共工事設計労務単価+必要経費(法定福利費の事業主負担額、労務管理費、宿舎費等)(参考値),2014-02,2014-02-01,mlit-roumu-h26,p17(横長の表) / p7(縦長の表),https://www.mlit.go.jp/common/001026047.pdf,PDL1.0,,
42a525eabce4097a,JP,labor,労務単価,潜水連絡員,所定労働時間内8時間あたり,人日,pref,23,愛知県,,,,21000,JPY,labor_wage_8h,published_pdl,29500,原本の下段(括弧書き): 公共工事設計労務単価+必要経費(法定福利費の事業主負担額、労務管理費、宿舎費等)(参考値),2014-02,2014-02-01,mlit-roumu-h26,p17(横長の表) / p7(縦長の表),https://www.mlit.go.jp/common/001026047.pdf,PDL1.0,,
baa4e9b8a37771c9,JP,labor,労務単価,潜水送気員,所定労働時間内8時間あたり,人日,pref,23,愛知県,,,,19700,JPY,labor_wage_8h,published_pdl,27700,原本の下段(括弧書き): 公共工事設計労務単価+必要経費(法定福利費の事業主負担額、労務管理費、宿舎費等)(参考値),2014-02,2014-02-01,mlit-roumu-h26,p17(横長の表) / p7(縦長の表),https://www.mlit.go.jp/common/001026047.pdf,PDL1.0,,
ca2ec09db61e71e3,JP,labor,労務単価,山林砂防工,所定労働時間内8時間あたり,人日,pref,23,愛知県,,,,26400,JPY,labor_wage_8h,published_pdl,37100,原本の下段(括弧書き): 公共工事設計労務単価+必要経費(法定福利費の事業主負担額、労務管理費、宿舎費等)(参考値),2014-02,2014-02-01,mlit-roumu-h26,p17(横長の表) / p8(縦長の表),https://www.mlit.go.jp/common/001026047.pdf,PDL1.0,,
b76bee471a713bc1,JP,labor,労務単価,軌道工,所定労働時間内8時間あたり,人日,pref,23,愛知県,,,,31600,JPY,labor_wage_8h,published_pdl,44400,原本の下段(括弧書き): 公共工事設計労務単価+必要経費(法定福利費の事業主負担額、労務管理費、宿舎費等)(参考値),2014-02,2014-02-01,mlit-roumu-h26,p17(横長の表) / p8(縦長の表),https://www.mlit.go.jp/common/001026047.pdf,PDL1.0,,
2702e3860762e3d3,JP,labor,労務単価,型わく工,所定労働時間内8時間あたり,人日,pref,23,愛知県,,,,21500,JPY,labor_wage_8h,published_pdl,30200,原本の下段(括弧書き): 公共工事設計労務単価+必要経費(法定福利費の事業主負担額、労務管理費、宿舎費等)(参考値),2014-02,2014-02-01,mlit-roumu-h26,p17(横長の表) / p8(縦長の表),https://www.mlit.go.jp/common/001026047.pdf,PDL1.0,,
65790107c2be20a3,JP,labor,労務単価,大工,所定労働時間内8時間あたり,人日,pref,23,愛知県,,,,,JPY,labor_wage_8h,not_set,,,2014-02,2014-02-01,mlit-roumu-h26,p17(横長の表) / p8(縦長の表),https://www.mlit.go.jp/common/001026047.pdf,PDL1.0,,原本の表で『-』(この都道府県ではこの職種の単価を設定していない)
7cd4e06a2115ff66,JP,labor,労務単価,左官,所定労働時間内8時間あたり,人日,pref,23,愛知県,,,,19800,JPY,labor_wage_8h,published_pdl,27800,原本の下段(括弧書き): 公共工事設計労務単価+必要経費(法定福利費の事業主負担額、労務管理費、宿舎費等)(参考値),2014-02,2014-02-01,mlit-roumu-h26,p17(横長の表) / p8(縦長の表),https://www.mlit.go.jp/common/001026047.pdf,PDL1.0,,
768929ab6d316149,JP,labor,労務単価,配管工,所定労働時間内8時間あたり,人日,pref,23,愛知県,,,,19300,JPY,labor_wage_8h,published_pdl,27100,原本の下段(括弧書き): 公共工事設計労務単価+必要経費(法定福利費の事業主負担額、労務管理費、宿舎費等)(参考値),2014-02,2014-02-01,mlit-roumu-h26,p17(横長の表) / p8(縦長の表),https://www.mlit.go.jp/common/001026047.pdf,PDL1.0,,
1eeb1798f1e1c1f5,JP,labor,労務単価,はつり工,所定労働時間内8時間あたり,人日,pref,23,愛知県,,,,20500,JPY,labor_wage_8h,published_pdl,28800,原本の下段(括弧書き): 公共工事設計労務単価+必要経費(法定福利費の事業主負担額、労務管理費、宿舎費等)(参考値),2014-02,2014-02-01,mlit-roumu-h26,p17(横長の表) / p8(縦長の表),https://www.mlit.go.jp/common/001026047.pdf,PDL1.0,,
eba2c9c0523173bb,JP,labor,労務単価,防水工,所定労働時間内8時間あたり,人日,pref,23,愛知県,,,,21200,JPY,labor_wage_8h,published_pdl,29800,原本の下段(括弧書き): 公共工事設計労務単価+必要経費(法定福利費の事業主負担額、労務管理費、宿舎費等)(参考値),2014-02,2014-02-01,mlit-roumu-h26,p17(横長の表) / p8(縦長の表),https://www.mlit.go.jp/common/001026047.pdf,PDL1.0,,
cbf97fae61389648,JP,labor,労務単価,板金工,所定労働時間内8時間あたり,人日,pref,23,愛知県,,,,19800,JPY,labor_wage_8h,published_pdl,27800,原本の下段(括弧書き): 公共工事設計労務単価+必要経費(法定福利費の事業主負担額、労務管理費、宿舎費等)(参考値),2014-02,2014-02-01,mlit-roumu-h26,p17(横長の表) / p8(縦長の表),https://www.mlit.go.jp/common/001026047.pdf,PDL1.0,,
f49335a489499da6,JP,labor,労務単価,タイル工,所定労働時間内8時間あたり,人日,pref,23,愛知県,,,,21200,JPY,labor_wage_8h,published_pdl,29800,原本の下段(括弧書き): 公共工事設計労務単価+必要経費(法定福利費の事業主負担額、労務管理費、宿舎費等)(参考値),2014-02,2014-02-01,mlit-roumu-h26,p17(横長の表) / p8(縦長の表),https://www.mlit.go.jp/common/001026047.pdf,PDL1.0,,
72c85d6ff451a5d5,JP,labor,労務単価,サッシ工,所定労働時間内8時間あたり,人日,pref,23,愛知県,,,,20200,JPY,labor_wage_8h,published_pdl,28400,原本の下段(括弧書き): 公共工事設計労務単価+必要経費(法定福利費の事業主負担額、労務管理費、宿舎費等)(参考値),2014-02,2014-02-01,mlit-roumu-h26,p18(横長の表) / p9(縦長の表),https://www.mlit.go.jp/common/001026047.pdf,PDL1.0,,
7ddd76cea5b4abff,JP,labor,労務単価,内装工,所定労働時間内8時間あたり,人日,pref,23,愛知県,,,,21000,JPY,labor_wage_8h,published_pdl,29500,原本の下段(括弧書き): 公共工事設計労務単価+必要経費(法定福利費の事業主負担額、労務管理費、宿舎費等)(参考値),2014-02,2014-02-01,mlit-roumu-h26,p18(横長の表) / p9(縦長の表),https://www.mlit.go.jp/common/001026047.pdf,PDL1.0,,
6d752f58cae76718,JP,labor,労務単価,ガラス工,所定労働時間内8時間あたり,人日,pref,23,愛知県,,,,19500,JPY,labor_wage_8h,published_pdl,27400,原本の下段(括弧書き): 公共工事設計労務単価+必要経費(法定福利費の事業主負担額、労務管理費、宿舎費等)(参考値),2014-02,2014-02-01,mlit-roumu-h26,p18(横長の表) / p9(縦長の表),https://www.mlit.go.jp/common/001026047.pdf,PDL1.0,,
b51e3ac2dd9e8543,JP,labor,労務単価,建具工,所定労働時間内8時間あたり,人日,pref,23,愛知県,,,,19100,JPY,labor_wage_8h,published_pdl,26900,原本の下段(括弧書き): 公共工事設計労務単価+必要経費(法定福利費の事業主負担額、労務管理費、宿舎費等)(参考値),2014-02,2014-02-01,mlit-roumu-h26,p18(横長の表) / p9(縦長の表),https://www.mlit.go.jp/common/001026047.pdf,PDL1.0,,
5661332ecd0bbd6b,JP,labor,労務単価,ダクト工,所定労働時間内8時間あたり,人日,pref,23,愛知県,,,,18200,JPY,labor_wage_8h,published_pdl,25600,原本の下段(括弧書き): 公共工事設計労務単価+必要経費(法定福利費の事業主負担額、労務管理費、宿舎費等)(参考値),2014-02,2014-02-01,mlit-roumu-h26,p18(横長の表) / p9(縦長の表),https://www.mlit.go.jp/common/001026047.pdf,PDL1.0,,
22a5acc449a0f64e,JP,labor,労務単価,保温工,所定労働時間内8時間あたり,人日,pref,23,愛知県,,,,20300,JPY,labor_wage_8h,published_pdl,28500,原本の下段(括弧書き): 公共工事設計労務単価+必要経費(法定福利費の事業主負担額、労務管理費、宿舎費等)(参考値),2014-02,2014-02-01,mlit-roumu-h26,p18(横長の表) / p9(縦長の表),https://www.mlit.go.jp/common/001026047.pdf,PDL1.0,,
7d607593b4346100,JP,labor,労務単価,建築ブロック工,所定労働時間内8時間あたり,人日,pref,23,愛知県,,,,23700,JPY,labor_wage_8h,published_pdl,33300,原本の下段(括弧書き): 公共工事設計労務単価+必要経費(法定福利費の事業主負担額、労務管理費、宿舎費等)(参考値),2014-02,2014-02-01,mlit-roumu-h26,p18(横長の表) / p9(縦長の表),https://www.mlit.go.jp/common/001026047.pdf,PDL1.0,,
aa33b6fea3ccf358,JP,labor,労務単価,設備機械工,所定労働時間内8時間あたり,人日,pref,23,愛知県,,,,21600,JPY,labor_wage_8h,published_pdl,30400,原本の下段(括弧書き): 公共工事設計労務単価+必要経費(法定福利費の事業主負担額、労務管理費、宿舎費等)(参考値),2014-02,2014-02-01,mlit-roumu-h26,p18(横長の表) / p9(縦長の表),https://www.mlit.go.jp/common/001026047.pdf,PDL1.0,,
8b9c13eab084591e,JP,labor,労務単価,交通誘導警備員Ａ,所定労働時間内8時間あたり,人日,pref,23,愛知県,,,,11600,JPY,labor_wage_8h,published_pdl,16300,原本の下段(括弧書き): 公共工事設計労務単価+必要経費(法定福利費の事業主負担額、労務管理費、宿舎費等)(参考値),2014-02,2014-02-01,mlit-roumu-h26,p18(横長の表) / p9(縦長の表),https://www.mlit.go.jp/common/001026047.pdf,PDL1.0,,
20e81db24bd6efe0,JP,labor,労務単価,交通誘導警備員Ｂ,所定労働時間内8時間あたり,人日,pref,23,愛知県,,,,10100,JPY,labor_wage_8h,published_pdl,14200,原本の下段(括弧書き): 公共工事設計労務単価+必要経費(法定福利費の事業主負担額、労務管理費、宿舎費等)(参考値),2014-02,2014-02-01,mlit-roumu-h26,p18(横長の表) / p9(縦長の表),https://www.mlit.go.jp/common/001026047.pdf,PDL1.0,,
b433c4096a7ab677,JP,labor,労務単価,特殊作業員,所定労働時間内8時間あたり,人日,pref,24,三重県,,,,18900,JPY,labor_wage_8h,published_pdl,26600,原本の下段(括弧書き): 公共工事設計労務単価+必要経費(法定福利費の事業主負担額、労務管理費、宿舎費等)(参考値),2014-02,2014-02-01,mlit-roumu-h26,p16(横長の表) / p5(縦長の表),https://www.mlit.go.jp/common/001026047.pdf,PDL1.0,,
8e39e1434478056e,JP,labor,労務単価,普通作業員,所定労働時間内8時間あたり,人日,pref,24,三重県,,,,15700,JPY,labor_wage_8h,published_pdl,22100,原本の下段(括弧書き): 公共工事設計労務単価+必要経費(法定福利費の事業主負担額、労務管理費、宿舎費等)(参考値),2014-02,2014-02-01,mlit-roumu-h26,p16(横長の表) / p5(縦長の表),https://www.mlit.go.jp/common/001026047.pdf,PDL1.0,,
f01d83fbaa1b6e42,JP,labor,労務単価,軽作業員,所定労働時間内8時間あたり,人日,pref,24,三重県,,,,12300,JPY,labor_wage_8h,published_pdl,17300,原本の下段(括弧書き): 公共工事設計労務単価+必要経費(法定福利費の事業主負担額、労務管理費、宿舎費等)(参考値),2014-02,2014-02-01,mlit-roumu-h26,p16(横長の表) / p5(縦長の表),https://www.mlit.go.jp/common/001026047.pdf,PDL1.0,,
78e6b6a712e89e24,JP,labor,労務単価,造園工,所定労働時間内8時間あたり,人日,pref,24,三重県,,,,18700,JPY,labor_wage_8h,published_pdl,26300,原本の下段(括弧書き): 公共工事設計労務単価+必要経費(法定福利費の事業主負担額、労務管理費、宿舎費等)(参考値),2014-02,2014-02-01,mlit-roumu-h26,p16(横長の表) / p5(縦長の表),https://www.mlit.go.jp/common/001026047.pdf,PDL1.0,,
0d6f76dfc11091d6,JP,labor,労務単価,法面工,所定労働時間内8時間あたり,人日,pref,24,三重県,,,,21800,JPY,labor_wage_8h,published_pdl,30700,原本の下段(括弧書き): 公共工事設計労務単価+必要経費(法定福利費の事業主負担額、労務管理費、宿舎費等)(参考値),2014-02,2014-02-01,mlit-roumu-h26,p16(横長の表) / p5(縦長の表),https://www.mlit.go.jp/common/001026047.pdf,PDL1.0,,
b687b2f847f42881,JP,labor,労務単価,とび工,所定労働時間内8時間あたり,人日,pref,24,三重県,,,,21800,JPY,labor_wage_8h,published_pdl,30700,原本の下段(括弧書き): 公共工事設計労務単価+必要経費(法定福利費の事業主負担額、労務管理費、宿舎費等)(参考値),2014-02,2014-02-01,mlit-roumu-h26,p16(横長の表) / p5(縦長の表),https://www.mlit.go.jp/common/001026047.pdf,PDL1.0,,
07e14bd66ffce3e0,JP,labor,労務単価,石工,所定労働時間内8時間あたり,人日,pref,24,三重県,,,,26000,JPY,labor_wage_8h,published_pdl,36600,原本の下段(括弧書き): 公共工事設計労務単価+必要経費(法定福利費の事業主負担額、労務管理費、宿舎費等)(参考値),2014-02,2014-02-01,mlit-roumu-h26,p16(横長の表) / p5(縦長の表),https://www.mlit.go.jp/common/001026047.pdf,PDL1.0,,
9d92f267be0f8a2f,JP,labor,労務単価,ブロック工,所定労働時間内8時間あたり,人日,pref,24,三重県,,,,23100,JPY,labor_wage_8h,published_pdl,32500,原本の下段(括弧書き): 公共工事設計労務単価+必要経費(法定福利費の事業主負担額、労務管理費、宿舎費等)(参考値),2014-02,2014-02-01,mlit-roumu-h26,p16(横長の表) / p5(縦長の表),https://www.mlit.go.jp/common/001026047.pdf,PDL1.0,,
f2527bfed524c473,JP,labor,労務単価,電工,所定労働時間内8時間あたり,人日,pref,24,三重県,,,,19100,JPY,labor_wage_8h,published_pdl,26900,原本の下段(括弧書き): 公共工事設計労務単価+必要経費(法定福利費の事業主負担額、労務管理費、宿舎費等)(参考値),2014-02,2014-02-01,mlit-roumu-h26,p16(横長の表) / p5(縦長の表),https://www.mlit.go.jp/common/001026047.pdf,PDL1.0,,
74403478a431ada7,JP,labor,労務単価,鉄筋工,所定労働時間内8時間あたり,人日,pref,24,三重県,,,,20000,JPY,labor_wage_8h,published_pdl,28100,原本の下段(括弧書き): 公共工事設計労務単価+必要経費(法定福利費の事業主負担額、労務管理費、宿舎費等)(参考値),2014-02,2014-02-01,mlit-roumu-h26,p16(横長の表) / p5(縦長の表),https://www.mlit.go.jp/common/001026047.pdf,PDL1.0,,
e2bbd5123f40fce3,JP,labor,労務単価,鉄骨工,所定労働時間内8時間あたり,人日,pref,24,三重県,,,,20700,JPY,labor_wage_8h,published_pdl,29100,原本の下段(括弧書き): 公共工事設計労務単価+必要経費(法定福利費の事業主負担額、労務管理費、宿舎費等)(参考値),2014-02,2014-02-01,mlit-roumu-h26,p16(横長の表) / p6(縦長の表),https://www.mlit.go.jp/common/001026047.pdf,PDL1.0,,
14bd4977db83353a,JP,labor,労務単価,塗装工,所定労働時間内8時間あたり,人日,pref,24,三重県,,,,20300,JPY,labor_wage_8h,published_pdl,28500,原本の下段(括弧書き): 公共工事設計労務単価+必要経費(法定福利費の事業主負担額、労務管理費、宿舎費等)(参考値),2014-02,2014-02-01,mlit-roumu-h26,p16(横長の表) / p6(縦長の表),https://www.mlit.go.jp/common/001026047.pdf,PDL1.0,,
68c4f8e7e7e8f30d,JP,labor,労務単価,溶接工,所定労働時間内8時間あたり,人日,pref,24,三重県,,,,22800,JPY,labor_wage_8h,published_pdl,32100,原本の下段(括弧書き): 公共工事設計労務単価+必要経費(法定福利費の事業主負担額、労務管理費、宿舎費等)(参考値),2014-02,2014-02-01,mlit-roumu-h26,p16(横長の表) / p6(縦長の表),https://www.mlit.go.jp/common/001026047.pdf,PDL1.0,,
193eb99c320a1c4f,JP,labor,労務単価,運転手（特殊）,所定労働時間内8時間あたり,人日,pref,24,三重県,,,,18400,JPY,labor_wage_8h,published_pdl,25900,原本の下段(括弧書き): 公共工事設計労務単価+必要経費(法定福利費の事業主負担額、労務管理費、宿舎費等)(参考値),2014-02,2014-02-01,mlit-roumu-h26,p16(横長の表) / p6(縦長の表),https://www.mlit.go.jp/common/001026047.pdf,PDL1.0,,
6aa8869631adb6b2,JP,labor,労務単価,運転手（一般）,所定労働時間内8時間あたり,人日,pref,24,三重県,,,,16900,JPY,labor_wage_8h,published_pdl,23800,原本の下段(括弧書き): 公共工事設計労務単価+必要経費(法定福利費の事業主負担額、労務管理費、宿舎費等)(参考値),2014-02,2014-02-01,mlit-roumu-h26,p16(横長の表) / p6(縦長の表),https://www.mlit.go.jp/common/001026047.pdf,PDL1.0,,
179518fa444541eb,JP,labor,労務単価,潜かん工,所定労働時間内8時間あたり,人日,pref,24,三重県,,,,25800,JPY,labor_wage_8h,published_pdl,36300,原本の下段(括弧書き): 公共工事設計労務単価+必要経費(法定福利費の事業主負担額、労務管理費、宿舎費等)(参考値),2014-02,2014-02-01,mlit-roumu-h26,p16(横長の表) / p6(縦長の表),https://www.mlit.go.jp/common/001026047.pdf,PDL1.0,,
ce08aa04ac03ec36,JP,labor,労務単価,潜かん世話役,所定労働時間内8時間あたり,人日,pref,24,三重県,,,,30500,JPY,labor_wage_8h,published_pdl,42900,原本の下段(括弧書き): 公共工事設計労務単価+必要経費(法定福利費の事業主負担額、労務管理費、宿舎費等)(参考値),2014-02,2014-02-01,mlit-roumu-h26,p16(横長の表) / p6(縦長の表),https://www.mlit.go.jp/common/001026047.pdf,PDL1.0,,
faaf77b081e78a37,JP,labor,労務単価,さく岩工,所定労働時間内8時間あたり,人日,pref,24,三重県,,,,22200,JPY,labor_wage_8h,published_pdl,31200,原本の下段(括弧書き): 公共工事設計労務単価+必要経費(法定福利費の事業主負担額、労務管理費、宿舎費等)(参考値),2014-02,2014-02-01,mlit-roumu-h26,p16(横長の表) / p6(縦長の表),https://www.mlit.go.jp/common/001026047.pdf,PDL1.0,,
afb8dcd80e35564d,JP,labor,労務単価,トンネル特殊工,所定労働時間内8時間あたり,人日,pref,24,三重県,,,,23200,JPY,labor_wage_8h,published_pdl,32600,原本の下段(括弧書き): 公共工事設計労務単価+必要経費(法定福利費の事業主負担額、労務管理費、宿舎費等)(参考値),2014-02,2014-02-01,mlit-roumu-h26,p16(横長の表) / p6(縦長の表),https://www.mlit.go.jp/common/001026047.pdf,PDL1.0,,
f193355ec5b79ed0,JP,labor,労務単価,トンネル作業員,所定労働時間内8時間あたり,人日,pref,24,三重県,,,,20300,JPY,labor_wage_8h,published_pdl,28500,原本の下段(括弧書き): 公共工事設計労務単価+必要経費(法定福利費の事業主負担額、労務管理費、宿舎費等)(参考値),2014-02,2014-02-01,mlit-roumu-h26,p16(横長の表) / p6(縦長の表),https://www.mlit.go.jp/common/001026047.pdf,PDL1.0,,
ed2264d8fd446314,JP,labor,労務単価,トンネル世話役,所定労働時間内8時間あたり,人日,pref,24,三重県,,,,26500,JPY,labor_wage_8h,published_pdl,37300,原本の下段(括弧書き): 公共工事設計労務単価+必要経費(法定福利費の事業主負担額、労務管理費、宿舎費等)(参考値),2014-02,2014-02-01,mlit-roumu-h26,p17(横長の表) / p7(縦長の表),https://www.mlit.go.jp/common/001026047.pdf,PDL1.0,,
3f3fda0474869b28,JP,labor,労務単価,橋りょう特殊工,所定労働時間内8時間あたり,人日,pref,24,三重県,,,,23800,JPY,labor_wage_8h,published_pdl,33500,原本の下段(括弧書き): 公共工事設計労務単価+必要経費(法定福利費の事業主負担額、労務管理費、宿舎費等)(参考値),2014-02,2014-02-01,mlit-roumu-h26,p17(横長の表) / p7(縦長の表),https://www.mlit.go.jp/common/001026047.pdf,PDL1.0,,
4efedaee77771ebf,JP,labor,労務単価,橋りょう塗装工,所定労働時間内8時間あたり,人日,pref,24,三重県,,,,25900,JPY,labor_wage_8h,published_pdl,36400,原本の下段(括弧書き): 公共工事設計労務単価+必要経費(法定福利費の事業主負担額、労務管理費、宿舎費等)(参考値),2014-02,2014-02-01,mlit-roumu-h26,p17(横長の表) / p7(縦長の表),https://www.mlit.go.jp/common/001026047.pdf,PDL1.0,,
189fe28886fe6444,JP,labor,労務単価,橋りょう世話役,所定労働時間内8時間あたり,人日,pref,24,三重県,,,,27400,JPY,labor_wage_8h,published_pdl,38500,原本の下段(括弧書き): 公共工事設計労務単価+必要経費(法定福利費の事業主負担額、労務管理費、宿舎費等)(参考値),2014-02,2014-02-01,mlit-roumu-h26,p17(横長の表) / p7(縦長の表),https://www.mlit.go.jp/common/001026047.pdf,PDL1.0,,
f9229a7f1d3faee7,JP,labor,労務単価,土木一般世話役,所定労働時間内8時間あたり,人日,pref,24,三重県,,,,20900,JPY,labor_wage_8h,published_pdl,29400,原本の下段(括弧書き): 公共工事設計労務単価+必要経費(法定福利費の事業主負担額、労務管理費、宿舎費等)(参考値),2014-02,2014-02-01,mlit-roumu-h26,p17(横長の表) / p7(縦長の表),https://www.mlit.go.jp/common/001026047.pdf,PDL1.0,,
b0a191ccd83e7ae4,JP,labor,労務単価,高級船員,所定労働時間内8時間あたり,人日,pref,24,三重県,,,,24800,JPY,labor_wage_8h,published_pdl,34900,原本の下段(括弧書き): 公共工事設計労務単価+必要経費(法定福利費の事業主負担額、労務管理費、宿舎費等)(参考値),2014-02,2014-02-01,mlit-roumu-h26,p17(横長の表) / p7(縦長の表),https://www.mlit.go.jp/common/001026047.pdf,PDL1.0,,
364c455498cc42a7,JP,labor,労務単価,普通船員,所定労働時間内8時間あたり,人日,pref,24,三重県,,,,19900,JPY,labor_wage_8h,published_pdl,28000,原本の下段(括弧書き): 公共工事設計労務単価+必要経費(法定福利費の事業主負担額、労務管理費、宿舎費等)(参考値),2014-02,2014-02-01,mlit-roumu-h26,p17(横長の表) / p7(縦長の表),https://www.mlit.go.jp/common/001026047.pdf,PDL1.0,,
5c386bfbb23bef57,JP,labor,労務単価,潜水士,所定労働時間内8時間あたり,人日,pref,24,三重県,,,,32500,JPY,labor_wage_8h,published_pdl,45700,原本の下段(括弧書き): 公共工事設計労務単価+必要経費(法定福利費の事業主負担額、労務管理費、宿舎費等)(参考値),2014-02,2014-02-01,mlit-roumu-h26,p17(横長の表) / p7(縦長の表),https://www.mlit.go.jp/common/001026047.pdf,PDL1.0,,
12e909120ecfb942,JP,labor,労務単価,潜水連絡員,所定労働時間内8時間あたり,人日,pref,24,三重県,,,,20400,JPY,labor_wage_8h,published_pdl,28700,原本の下段(括弧書き): 公共工事設計労務単価+必要経費(法定福利費の事業主負担額、労務管理費、宿舎費等)(参考値),2014-02,2014-02-01,mlit-roumu-h26,p17(横長の表) / p7(縦長の表),https://www.mlit.go.jp/common/001026047.pdf,PDL1.0,,
c5138c584c9cc89f,JP,labor,労務単価,潜水送気員,所定労働時間内8時間あたり,人日,pref,24,三重県,,,,19600,JPY,labor_wage_8h,published_pdl,27600,原本の下段(括弧書き): 公共工事設計労務単価+必要経費(法定福利費の事業主負担額、労務管理費、宿舎費等)(参考値),2014-02,2014-02-01,mlit-roumu-h26,p17(横長の表) / p7(縦長の表),https://www.mlit.go.jp/common/001026047.pdf,PDL1.0,,
91d323cdf6bbbb4d,JP,labor,労務単価,山林砂防工,所定労働時間内8時間あたり,人日,pref,24,三重県,,,,23100,JPY,labor_wage_8h,published_pdl,32500,原本の下段(括弧書き): 公共工事設計労務単価+必要経費(法定福利費の事業主負担額、労務管理費、宿舎費等)(参考値),2014-02,2014-02-01,mlit-roumu-h26,p17(横長の表) / p8(縦長の表),https://www.mlit.go.jp/common/001026047.pdf,PDL1.0,,
61790000d8f98229,JP,labor,労務単価,軌道工,所定労働時間内8時間あたり,人日,pref,24,三重県,,,,32700,JPY,labor_wage_8h,published_pdl,46000,原本の下段(括弧書き): 公共工事設計労務単価+必要経費(法定福利費の事業主負担額、労務管理費、宿舎費等)(参考値),2014-02,2014-02-01,mlit-roumu-h26,p17(横長の表) / p8(縦長の表),https://www.mlit.go.jp/common/001026047.pdf,PDL1.0,,
0faece7c709bc23c,JP,labor,労務単価,型わく工,所定労働時間内8時間あたり,人日,pref,24,三重県,,,,20000,JPY,labor_wage_8h,published_pdl,28100,原本の下段(括弧書き): 公共工事設計労務単価+必要経費(法定福利費の事業主負担額、労務管理費、宿舎費等)(参考値),2014-02,2014-02-01,mlit-roumu-h26,p17(横長の表) / p8(縦長の表),https://www.mlit.go.jp/common/001026047.pdf,PDL1.0,,
17785e9a9b6219bd,JP,labor,労務単価,大工,所定労働時間内8時間あたり,人日,pref,24,三重県,,,,21900,JPY,labor_wage_8h,published_pdl,30800,原本の下段(括弧書き): 公共工事設計労務単価+必要経費(法定福利費の事業主負担額、労務管理費、宿舎費等)(参考値),2014-02,2014-02-01,mlit-roumu-h26,p17(横長の表) / p8(縦長の表),https://www.mlit.go.jp/common/001026047.pdf,PDL1.0,,
2733e2dc056803fd,JP,labor,労務単価,左官,所定労働時間内8時間あたり,人日,pref,24,三重県,,,,19300,JPY,labor_wage_8h,published_pdl,27100,原本の下段(括弧書き): 公共工事設計労務単価+必要経費(法定福利費の事業主負担額、労務管理費、宿舎費等)(参考値),2014-02,2014-02-01,mlit-roumu-h26,p17(横長の表) / p8(縦長の表),https://www.mlit.go.jp/common/001026047.pdf,PDL1.0,,
93089b0e4ea822b6,JP,labor,労務単価,配管工,所定労働時間内8時間あたり,人日,pref,24,三重県,,,,19600,JPY,labor_wage_8h,published_pdl,27600,原本の下段(括弧書き): 公共工事設計労務単価+必要経費(法定福利費の事業主負担額、労務管理費、宿舎費等)(参考値),2014-02,2014-02-01,mlit-roumu-h26,p17(横長の表) / p8(縦長の表),https://www.mlit.go.jp/common/001026047.pdf,PDL1.0,,
5504cdf08e6565e6,JP,labor,労務単価,はつり工,所定労働時間内8時間あたり,人日,pref,24,三重県,,,,19900,JPY,labor_wage_8h,published_pdl,28000,原本の下段(括弧書き): 公共工事設計労務単価+必要経費(法定福利費の事業主負担額、労務管理費、宿舎費等)(参考値),2014-02,2014-02-01,mlit-roumu-h26,p17(横長の表) / p8(縦長の表),https://www.mlit.go.jp/common/001026047.pdf,PDL1.0,,
73065811576961b5,JP,labor,労務単価,防水工,所定労働時間内8時間あたり,人日,pref,24,三重県,,,,21000,JPY,labor_wage_8h,published_pdl,29500,原本の下段(括弧書き): 公共工事設計労務単価+必要経費(法定福利費の事業主負担額、労務管理費、宿舎費等)(参考値),2014-02,2014-02-01,mlit-roumu-h26,p17(横長の表) / p8(縦長の表),https://www.mlit.go.jp/common/001026047.pdf,PDL1.0,,
cf7dd5480fdd1cf5,JP,labor,労務単価,板金工,所定労働時間内8時間あたり,人日,pref,24,三重県,,,,21100,JPY,labor_wage_8h,published_pdl,29700,原本の下段(括弧書き): 公共工事設計労務単価+必要経費(法定福利費の事業主負担額、労務管理費、宿舎費等)(参考値),2014-02,2014-02-01,mlit-roumu-h26,p17(横長の表) / p8(縦長の表),https://www.mlit.go.jp/common/001026047.pdf,PDL1.0,,
f21d7d237dc1f6d5,JP,labor,労務単価,タイル工,所定労働時間内8時間あたり,人日,pref,24,三重県,,,,21600,JPY,labor_wage_8h,published_pdl,30400,原本の下段(括弧書き): 公共工事設計労務単価+必要経費(法定福利費の事業主負担額、労務管理費、宿舎費等)(参考値),2014-02,2014-02-01,mlit-roumu-h26,p17(横長の表) / p8(縦長の表),https://www.mlit.go.jp/common/001026047.pdf,PDL1.0,,
949dcc9f85c984b6,JP,labor,労務単価,サッシ工,所定労働時間内8時間あたり,人日,pref,24,三重県,,,,20200,JPY,labor_wage_8h,published_pdl,28400,原本の下段(括弧書き): 公共工事設計労務単価+必要経費(法定福利費の事業主負担額、労務管理費、宿舎費等)(参考値),2014-02,2014-02-01,mlit-roumu-h26,p18(横長の表) / p9(縦長の表),https://www.mlit.go.jp/common/001026047.pdf,PDL1.0,,
88096798fdc3932e,JP,labor,労務単価,内装工,所定労働時間内8時間あたり,人日,pref,24,三重県,,,,22200,JPY,labor_wage_8h,published_pdl,31200,原本の下段(括弧書き): 公共工事設計労務単価+必要経費(法定福利費の事業主負担額、労務管理費、宿舎費等)(参考値),2014-02,2014-02-01,mlit-roumu-h26,p18(横長の表) / p9(縦長の表),https://www.mlit.go.jp/common/001026047.pdf,PDL1.0,,
11b9e059f4b3bd1f,JP,labor,労務単価,ガラス工,所定労働時間内8時間あたり,人日,pref,24,三重県,,,,19500,JPY,labor_wage_8h,published_pdl,27400,原本の下段(括弧書き): 公共工事設計労務単価+必要経費(法定福利費の事業主負担額、労務管理費、宿舎費等)(参考値),2014-02,2014-02-01,mlit-roumu-h26,p18(横長の表) / p9(縦長の表),https://www.mlit.go.jp/common/001026047.pdf,PDL1.0,,
8d25f6ddfe47a2e2,JP,labor,労務単価,建具工,所定労働時間内8時間あたり,人日,pref,24,三重県,,,,19900,JPY,labor_wage_8h,published_pdl,28000,原本の下段(括弧書き): 公共工事設計労務単価+必要経費(法定福利費の事業主負担額、労務管理費、宿舎費等)(参考値),2014-02,2014-02-01,mlit-roumu-h26,p18(横長の表) / p9(縦長の表),https://www.mlit.go.jp/common/001026047.pdf,PDL1.0,,
0aae30ad543ad9ea,JP,labor,労務単価,ダクト工,所定労働時間内8時間あたり,人日,pref,24,三重県,,,,17800,JPY,labor_wage_8h,published_pdl,25000,原本の下段(括弧書き): 公共工事設計労務単価+必要経費(法定福利費の事業主負担額、労務管理費、宿舎費等)(参考値),2014-02,2014-02-01,mlit-roumu-h26,p18(横長の表) / p9(縦長の表),https://www.mlit.go.jp/common/001026047.pdf,PDL1.0,,
b4031c18625f1a91,JP,labor,労務単価,保温工,所定労働時間内8時間あたり,人日,pref,24,三重県,,,,20300,JPY,labor_wage_8h,published_pdl,28500,原本の下段(括弧書き): 公共工事設計労務単価+必要経費(法定福利費の事業主負担額、労務管理費、宿舎費等)(参考値),2014-02,2014-02-01,mlit-roumu-h26,p18(横長の表) / p9(縦長の表),https://www.mlit.go.jp/common/001026047.pdf,PDL1.0,,
c615d639ec1ae945,JP,labor,労務単価,建築ブロック工,所定労働時間内8時間あたり,人日,pref,24,三重県,,,,22400,JPY,labor_wage_8h,published_pdl,31500,原本の下段(括弧書き): 公共工事設計労務単価+必要経費(法定福利費の事業主負担額、労務管理費、宿舎費等)(参考値),2014-02,2014-02-01,mlit-roumu-h26,p18(横長の表) / p9(縦長の表),https://www.mlit.go.jp/common/001026047.pdf,PDL1.0,,
1d640a81db01c54f,JP,labor,労務単価,設備機械工,所定労働時間内8時間あたり,人日,pref,24,三重県,,,,21800,JPY,labor_wage_8h,published_pdl,30700,原本の下段(括弧書き): 公共工事設計労務単価+必要経費(法定福利費の事業主負担額、労務管理費、宿舎費等)(参考値),2014-02,2014-02-01,mlit-roumu-h26,p18(横長の表) / p9(縦長の表),https://www.mlit.go.jp/common/001026047.pdf,PDL1.0,,
5a209a450d7c059c,JP,labor,労務単価,交通誘導警備員Ａ,所定労働時間内8時間あたり,人日,pref,24,三重県,,,,11000,JPY,labor_wage_8h,published_pdl,15500,原本の下段(括弧書き): 公共工事設計労務単価+必要経費(法定福利費の事業主負担額、労務管理費、宿舎費等)(参考値),2014-02,2014-02-01,mlit-roumu-h26,p18(横長の表) / p9(縦長の表),https://www.mlit.go.jp/common/001026047.pdf,PDL1.0,,
0215c22f6b373652,JP,labor,労務単価,交通誘導警備員Ｂ,所定労働時間内8時間あたり,人日,pref,24,三重県,,,,9500,JPY,labor_wage_8h,published_pdl,13400,原本の下段(括弧書き): 公共工事設計労務単価+必要経費(法定福利費の事業主負担額、労務管理費、宿舎費等)(参考値),2014-02,2014-02-01,mlit-roumu-h26,p18(横長の表) / p9(縦長の表),https://www.mlit.go.jp/common/001026047.pdf,PDL1.0,,
0bf9484aae57a696,JP,labor,労務単価,特殊作業員,所定労働時間内8時間あたり,人日,pref,25,滋賀県,,,,17900,JPY,labor_wage_8h,published_pdl,25200,原本の下段(括弧書き): 公共工事設計労務単価+必要経費(法定福利費の事業主負担額、労務管理費、宿舎費等)(参考値),2014-02,2014-02-01,mlit-roumu-h26,p16(横長の表) / p5(縦長の表),https://www.mlit.go.jp/common/001026047.pdf,PDL1.0,,
2a46548a2eaef0c8,JP,labor,労務単価,普通作業員,所定労働時間内8時間あたり,人日,pref,25,滋賀県,,,,16100,JPY,labor_wage_8h,published_pdl,22600,原本の下段(括弧書き): 公共工事設計労務単価+必要経費(法定福利費の事業主負担額、労務管理費、宿舎費等)(参考値),2014-02,2014-02-01,mlit-roumu-h26,p16(横長の表) / p5(縦長の表),https://www.mlit.go.jp/common/001026047.pdf,PDL1.0,,
5ecb826a9c8b2de5,JP,labor,労務単価,軽作業員,所定労働時間内8時間あたり,人日,pref,25,滋賀県,,,,12200,JPY,labor_wage_8h,published_pdl,17200,原本の下段(括弧書き): 公共工事設計労務単価+必要経費(法定福利費の事業主負担額、労務管理費、宿舎費等)(参考値),2014-02,2014-02-01,mlit-roumu-h26,p16(横長の表) / p5(縦長の表),https://www.mlit.go.jp/common/001026047.pdf,PDL1.0,,
61ddc7fda939a1b0,JP,labor,労務単価,造園工,所定労働時間内8時間あたり,人日,pref,25,滋賀県,,,,18100,JPY,labor_wage_8h,published_pdl,25400,原本の下段(括弧書き): 公共工事設計労務単価+必要経費(法定福利費の事業主負担額、労務管理費、宿舎費等)(参考値),2014-02,2014-02-01,mlit-roumu-h26,p16(横長の表) / p5(縦長の表),https://www.mlit.go.jp/common/001026047.pdf,PDL1.0,,
755ab8e25cbf3625,JP,labor,労務単価,法面工,所定労働時間内8時間あたり,人日,pref,25,滋賀県,,,,20600,JPY,labor_wage_8h,published_pdl,29000,原本の下段(括弧書き): 公共工事設計労務単価+必要経費(法定福利費の事業主負担額、労務管理費、宿舎費等)(参考値),2014-02,2014-02-01,mlit-roumu-h26,p16(横長の表) / p5(縦長の表),https://www.mlit.go.jp/common/001026047.pdf,PDL1.0,,
29e6b3424bc54280,JP,labor,労務単価,とび工,所定労働時間内8時間あたり,人日,pref,25,滋賀県,,,,20400,JPY,labor_wage_8h,published_pdl,28700,原本の下段(括弧書き): 公共工事設計労務単価+必要経費(法定福利費の事業主負担額、労務管理費、宿舎費等)(参考値),2014-02,2014-02-01,mlit-roumu-h26,p16(横長の表) / p5(縦長の表),https://www.mlit.go.jp/common/001026047.pdf,PDL1.0,,
fa47ce660cd9441f,JP,labor,労務単価,石工,所定労働時間内8時間あたり,人日,pref,25,滋賀県,,,,,JPY,labor_wage_8h,not_set,,,2014-02,2014-02-01,mlit-roumu-h26,p16(横長の表) / p5(縦長の表),https://www.mlit.go.jp/common/001026047.pdf,PDL1.0,,原本の表で『-』(この都道府県ではこの職種の単価を設定していない)
626aba6f3cfa6905,JP,labor,労務単価,ブロック工,所定労働時間内8時間あたり,人日,pref,25,滋賀県,,,,22400,JPY,labor_wage_8h,published_pdl,31500,原本の下段(括弧書き): 公共工事設計労務単価+必要経費(法定福利費の事業主負担額、労務管理費、宿舎費等)(参考値),2014-02,2014-02-01,mlit-roumu-h26,p16(横長の表) / p5(縦長の表),https://www.mlit.go.jp/common/001026047.pdf,PDL1.0,,
0750a37a21f5a34e,JP,labor,労務単価,電工,所定労働時間内8時間あたり,人日,pref,25,滋賀県,,,,18300,JPY,labor_wage_8h,published_pdl,25700,原本の下段(括弧書き): 公共工事設計労務単価+必要経費(法定福利費の事業主負担額、労務管理費、宿舎費等)(参考値),2014-02,2014-02-01,mlit-roumu-h26,p16(横長の表) / p5(縦長の表),https://www.mlit.go.jp/common/001026047.pdf,PDL1.0,,
eed7e446c17a2594,JP,labor,労務単価,鉄筋工,所定労働時間内8時間あたり,人日,pref,25,滋賀県,,,,19600,JPY,labor_wage_8h,published_pdl,27600,原本の下段(括弧書き): 公共工事設計労務単価+必要経費(法定福利費の事業主負担額、労務管理費、宿舎費等)(参考値),2014-02,2014-02-01,mlit-roumu-h26,p16(横長の表) / p5(縦長の表),https://www.mlit.go.jp/common/001026047.pdf,PDL1.0,,
c10245da2e7ecc00,JP,labor,労務単価,鉄骨工,所定労働時間内8時間あたり,人日,pref,25,滋賀県,,,,18800,JPY,labor_wage_8h,published_pdl,26400,原本の下段(括弧書き): 公共工事設計労務単価+必要経費(法定福利費の事業主負担額、労務管理費、宿舎費等)(参考値),2014-02,2014-02-01,mlit-roumu-h26,p16(横長の表) / p6(縦長の表),https://www.mlit.go.jp/common/001026047.pdf,PDL1.0,,
fe311a2bc3f0e269,JP,labor,労務単価,塗装工,所定労働時間内8時間あたり,人日,pref,25,滋賀県,,,,20000,JPY,labor_wage_8h,published_pdl,28100,原本の下段(括弧書き): 公共工事設計労務単価+必要経費(法定福利費の事業主負担額、労務管理費、宿舎費等)(参考値),2014-02,2014-02-01,mlit-roumu-h26,p16(横長の表) / p6(縦長の表),https://www.mlit.go.jp/common/001026047.pdf,PDL1.0,,
77f7ef71cba2fdd8,JP,labor,労務単価,溶接工,所定労働時間内8時間あたり,人日,pref,25,滋賀県,,,,20800,JPY,labor_wage_8h,published_pdl,29200,原本の下段(括弧書き): 公共工事設計労務単価+必要経費(法定福利費の事業主負担額、労務管理費、宿舎費等)(参考値),2014-02,2014-02-01,mlit-roumu-h26,p16(横長の表) / p6(縦長の表),https://www.mlit.go.jp/common/001026047.pdf,PDL1.0,,
2f2fa56b66db101d,JP,labor,労務単価,運転手（特殊）,所定労働時間内8時間あたり,人日,pref,25,滋賀県,,,,18100,JPY,labor_wage_8h,published_pdl,25400,原本の下段(括弧書き): 公共工事設計労務単価+必要経費(法定福利費の事業主負担額、労務管理費、宿舎費等)(参考値),2014-02,2014-02-01,mlit-roumu-h26,p16(横長の表) / p6(縦長の表),https://www.mlit.go.jp/common/001026047.pdf,PDL1.0,,
3bdac39ff54ef607,JP,labor,労務単価,運転手（一般）,所定労働時間内8時間あたり,人日,pref,25,滋賀県,,,,16100,JPY,labor_wage_8h,published_pdl,22600,原本の下段(括弧書き): 公共工事設計労務単価+必要経費(法定福利費の事業主負担額、労務管理費、宿舎費等)(参考値),2014-02,2014-02-01,mlit-roumu-h26,p16(横長の表) / p6(縦長の表),https://www.mlit.go.jp/common/001026047.pdf,PDL1.0,,
adf3860004eeb8f1,JP,labor,労務単価,潜かん工,所定労働時間内8時間あたり,人日,pref,25,滋賀県,,,,25300,JPY,labor_wage_8h,published_pdl,35600,原本の下段(括弧書き): 公共工事設計労務単価+必要経費(法定福利費の事業主負担額、労務管理費、宿舎費等)(参考値),2014-02,2014-02-01,mlit-roumu-h26,p16(横長の表) / p6(縦長の表),https://www.mlit.go.jp/common/001026047.pdf,PDL1.0,,
3eab1f9d4a667a1c,JP,labor,労務単価,潜かん世話役,所定労働時間内8時間あたり,人日,pref,25,滋賀県,,,,30000,JPY,labor_wage_8h,published_pdl,42200,原本の下段(括弧書き): 公共工事設計労務単価+必要経費(法定福利費の事業主負担額、労務管理費、宿舎費等)(参考値),2014-02,2014-02-01,mlit-roumu-h26,p16(横長の表) / p6(縦長の表),https://www.mlit.go.jp/common/001026047.pdf,PDL1.0,,
792ef198650528e4,JP,labor,労務単価,さく岩工,所定労働時間内8時間あたり,人日,pref,25,滋賀県,,,,20500,JPY,labor_wage_8h,published_pdl,28800,原本の下段(括弧書き): 公共工事設計労務単価+必要経費(法定福利費の事業主負担額、労務管理費、宿舎費等)(参考値),2014-02,2014-02-01,mlit-roumu-h26,p16(横長の表) / p6(縦長の表),https://www.mlit.go.jp/common/001026047.pdf,PDL1.0,,
934b83bd978dca86,JP,labor,労務単価,トンネル特殊工,所定労働時間内8時間あたり,人日,pref,25,滋賀県,,,,24800,JPY,labor_wage_8h,published_pdl,34900,原本の下段(括弧書き): 公共工事設計労務単価+必要経費(法定福利費の事業主負担額、労務管理費、宿舎費等)(参考値),2014-02,2014-02-01,mlit-roumu-h26,p16(横長の表) / p6(縦長の表),https://www.mlit.go.jp/common/001026047.pdf,PDL1.0,,
2ccd158de41486ec,JP,labor,労務単価,トンネル作業員,所定労働時間内8時間あたり,人日,pref,25,滋賀県,,,,18800,JPY,labor_wage_8h,published_pdl,26400,原本の下段(括弧書き): 公共工事設計労務単価+必要経費(法定福利費の事業主負担額、労務管理費、宿舎費等)(参考値),2014-02,2014-02-01,mlit-roumu-h26,p16(横長の表) / p6(縦長の表),https://www.mlit.go.jp/common/001026047.pdf,PDL1.0,,
af06ab4ab802855c,JP,labor,労務単価,トンネル世話役,所定労働時間内8時間あたり,人日,pref,25,滋賀県,,,,25200,JPY,labor_wage_8h,published_pdl,35400,原本の下段(括弧書き): 公共工事設計労務単価+必要経費(法定福利費の事業主負担額、労務管理費、宿舎費等)(参考値),2014-02,2014-02-01,mlit-roumu-h26,p17(横長の表) / p7(縦長の表),https://www.mlit.go.jp/common/001026047.pdf,PDL1.0,,
2cea9d8ee0b44b06,JP,labor,労務単価,橋りょう特殊工,所定労働時間内8時間あたり,人日,pref,25,滋賀県,,,,24200,JPY,labor_wage_8h,published_pdl,34000,原本の下段(括弧書き): 公共工事設計労務単価+必要経費(法定福利費の事業主負担額、労務管理費、宿舎費等)(参考値),2014-02,2014-02-01,mlit-roumu-h26,p17(横長の表) / p7(縦長の表),https://www.mlit.go.jp/common/001026047.pdf,PDL1.0,,
37fe3e4efdcdea2f,JP,labor,労務単価,橋りょう塗装工,所定労働時間内8時間あたり,人日,pref,25,滋賀県,,,,25300,JPY,labor_wage_8h,published_pdl,35600,原本の下段(括弧書き): 公共工事設計労務単価+必要経費(法定福利費の事業主負担額、労務管理費、宿舎費等)(参考値),2014-02,2014-02-01,mlit-roumu-h26,p17(横長の表) / p7(縦長の表),https://www.mlit.go.jp/common/001026047.pdf,PDL1.0,,
1421920e8c46ed64,JP,labor,労務単価,橋りょう世話役,所定労働時間内8時間あたり,人日,pref,25,滋賀県,,,,28000,JPY,labor_wage_8h,published_pdl,39400,原本の下段(括弧書き): 公共工事設計労務単価+必要経費(法定福利費の事業主負担額、労務管理費、宿舎費等)(参考値),2014-02,2014-02-01,mlit-roumu-h26,p17(横長の表) / p7(縦長の表),https://www.mlit.go.jp/common/001026047.pdf,PDL1.0,,
b7f62336b7b8d617,JP,labor,労務単価,土木一般世話役,所定労働時間内8時間あたり,人日,pref,25,滋賀県,,,,20400,JPY,labor_wage_8h,published_pdl,28700,原本の下段(括弧書き): 公共工事設計労務単価+必要経費(法定福利費の事業主負担額、労務管理費、宿舎費等)(参考値),2014-02,2014-02-01,mlit-roumu-h26,p17(横長の表) / p7(縦長の表),https://www.mlit.go.jp/common/001026047.pdf,PDL1.0,,
42a1df81d48fc163,JP,labor,労務単価,高級船員,所定労働時間内8時間あたり,人日,pref,25,滋賀県,,,,23500,JPY,labor_wage_8h,published_pdl,33000,原本の下段(括弧書き): 公共工事設計労務単価+必要経費(法定福利費の事業主負担額、労務管理費、宿舎費等)(参考値),2014-02,2014-02-01,mlit-roumu-h26,p17(横長の表) / p7(縦長の表),https://www.mlit.go.jp/common/001026047.pdf,PDL1.0,,
e442419f6619805d,JP,labor,労務単価,普通船員,所定労働時間内8時間あたり,人日,pref,25,滋賀県,,,,19100,JPY,labor_wage_8h,published_pdl,26900,原本の下段(括弧書き): 公共工事設計労務単価+必要経費(法定福利費の事業主負担額、労務管理費、宿舎費等)(参考値),2014-02,2014-02-01,mlit-roumu-h26,p17(横長の表) / p7(縦長の表),https://www.mlit.go.jp/common/001026047.pdf,PDL1.0,,
32ee1b886e226877,JP,labor,労務単価,潜水士,所定労働時間内8時間あたり,人日,pref,25,滋賀県,,,,28600,JPY,labor_wage_8h,published_pdl,40200,原本の下段(括弧書き): 公共工事設計労務単価+必要経費(法定福利費の事業主負担額、労務管理費、宿舎費等)(参考値),2014-02,2014-02-01,mlit-roumu-h26,p17(横長の表) / p7(縦長の表),https://www.mlit.go.jp/common/001026047.pdf,PDL1.0,,
872cbf2444bac7a3,JP,labor,労務単価,潜水連絡員,所定労働時間内8時間あたり,人日,pref,25,滋賀県,,,,20500,JPY,labor_wage_8h,published_pdl,28800,原本の下段(括弧書き): 公共工事設計労務単価+必要経費(法定福利費の事業主負担額、労務管理費、宿舎費等)(参考値),2014-02,2014-02-01,mlit-roumu-h26,p17(横長の表) / p7(縦長の表),https://www.mlit.go.jp/common/001026047.pdf,PDL1.0,,
2b71de45e9fc23ef,JP,labor,労務単価,潜水送気員,所定労働時間内8時間あたり,人日,pref,25,滋賀県,,,,20200,JPY,labor_wage_8h,published_pdl,28400,原本の下段(括弧書き): 公共工事設計労務単価+必要経費(法定福利費の事業主負担額、労務管理費、宿舎費等)(参考値),2014-02,2014-02-01,mlit-roumu-h26,p17(横長の表) / p7(縦長の表),https://www.mlit.go.jp/common/001026047.pdf,PDL1.0,,
d0f4579026bedae8,JP,labor,労務単価,山林砂防工,所定労働時間内8時間あたり,人日,pref,25,滋賀県,,,,21000,JPY,labor_wage_8h,published_pdl,29500,原本の下段(括弧書き): 公共工事設計労務単価+必要経費(法定福利費の事業主負担額、労務管理費、宿舎費等)(参考値),2014-02,2014-02-01,mlit-roumu-h26,p17(横長の表) / p8(縦長の表),https://www.mlit.go.jp/common/001026047.pdf,PDL1.0,,
827c2e02a65ff80e,JP,labor,労務単価,軌道工,所定労働時間内8時間あたり,人日,pref,25,滋賀県,,,,31000,JPY,labor_wage_8h,published_pdl,43600,原本の下段(括弧書き): 公共工事設計労務単価+必要経費(法定福利費の事業主負担額、労務管理費、宿舎費等)(参考値),2014-02,2014-02-01,mlit-roumu-h26,p17(横長の表) / p8(縦長の表),https://www.mlit.go.jp/common/001026047.pdf,PDL1.0,,
8c3fd17d3e9387bb,JP,labor,労務単価,型わく工,所定労働時間内8時間あたり,人日,pref,25,滋賀県,,,,18700,JPY,labor_wage_8h,published_pdl,26300,原本の下段(括弧書き): 公共工事設計労務単価+必要経費(法定福利費の事業主負担額、労務管理費、宿舎費等)(参考値),2014-02,2014-02-01,mlit-roumu-h26,p17(横長の表) / p8(縦長の表),https://www.mlit.go.jp/common/001026047.pdf,PDL1.0,,
b807e4b09124ca76,JP,labor,労務単価,大工,所定労働時間内8時間あたり,人日,pref,25,滋賀県,,,,19200,JPY,labor_wage_8h,published_pdl,27000,原本の下段(括弧書き): 公共工事設計労務単価+必要経費(法定福利費の事業主負担額、労務管理費、宿舎費等)(参考値),2014-02,2014-02-01,mlit-roumu-h26,p17(横長の表) / p8(縦長の表),https://www.mlit.go.jp/common/001026047.pdf,PDL1.0,,
aa1877b76da555b2,JP,labor,労務単価,左官,所定労働時間内8時間あたり,人日,pref,25,滋賀県,,,,18700,JPY,labor_wage_8h,published_pdl,26300,原本の下段(括弧書き): 公共工事設計労務単価+必要経費(法定福利費の事業主負担額、労務管理費、宿舎費等)(参考値),2014-02,2014-02-01,mlit-roumu-h26,p17(横長の表) / p8(縦長の表),https://www.mlit.go.jp/common/001026047.pdf,PDL1.0,,
8f8975ff672879e6,JP,labor,労務単価,配管工,所定労働時間内8時間あたり,人日,pref,25,滋賀県,,,,18300,JPY,labor_wage_8h,published_pdl,25700,原本の下段(括弧書き): 公共工事設計労務単価+必要経費(法定福利費の事業主負担額、労務管理費、宿舎費等)(参考値),2014-02,2014-02-01,mlit-roumu-h26,p17(横長の表) / p8(縦長の表),https://www.mlit.go.jp/common/001026047.pdf,PDL1.0,,
5d8852fc1922622c,JP,labor,労務単価,はつり工,所定労働時間内8時間あたり,人日,pref,25,滋賀県,,,,19700,JPY,labor_wage_8h,published_pdl,27700,原本の下段(括弧書き): 公共工事設計労務単価+必要経費(法定福利費の事業主負担額、労務管理費、宿舎費等)(参考値),2014-02,2014-02-01,mlit-roumu-h26,p17(横長の表) / p8(縦長の表),https://www.mlit.go.jp/common/001026047.pdf,PDL1.0,,
847311708dba1dd4,JP,labor,労務単価,防水工,所定労働時間内8時間あたり,人日,pref,25,滋賀県,,,,20400,JPY,labor_wage_8h,published_pdl,28700,原本の下段(括弧書き): 公共工事設計労務単価+必要経費(法定福利費の事業主負担額、労務管理費、宿舎費等)(参考値),2014-02,2014-02-01,mlit-roumu-h26,p17(横長の表) / p8(縦長の表),https://www.mlit.go.jp/common/001026047.pdf,PDL1.0,,
5e53583d4bfc3241,JP,labor,労務単価,板金工,所定労働時間内8時間あたり,人日,pref,25,滋賀県,,,,19400,JPY,labor_wage_8h,published_pdl,27300,原本の下段(括弧書き): 公共工事設計労務単価+必要経費(法定福利費の事業主負担額、労務管理費、宿舎費等)(参考値),2014-02,2014-02-01,mlit-roumu-h26,p17(横長の表) / p8(縦長の表),https://www.mlit.go.jp/common/001026047.pdf,PDL1.0,,
b0e0291fa41ac8a3,JP,labor,労務単価,タイル工,所定労働時間内8時間あたり,人日,pref,25,滋賀県,,,,,JPY,labor_wage_8h,not_set,,,2014-02,2014-02-01,mlit-roumu-h26,p17(横長の表) / p8(縦長の表),https://www.mlit.go.jp/common/001026047.pdf,PDL1.0,,原本の表で『-』(この都道府県ではこの職種の単価を設定していない)
87a1a47211155124,JP,labor,労務単価,サッシ工,所定労働時間内8時間あたり,人日,pref,25,滋賀県,,,,19300,JPY,labor_wage_8h,published_pdl,27100,原本の下段(括弧書き): 公共工事設計労務単価+必要経費(法定福利費の事業主負担額、労務管理費、宿舎費等)(参考値),2014-02,2014-02-01,mlit-roumu-h26,p18(横長の表) / p9(縦長の表),https://www.mlit.go.jp/common/001026047.pdf,PDL1.0,,
88dcc278941245db,JP,labor,労務単価,内装工,所定労働時間内8時間あたり,人日,pref,25,滋賀県,,,,20500,JPY,labor_wage_8h,published_pdl,28800,原本の下段(括弧書き): 公共工事設計労務単価+必要経費(法定福利費の事業主負担額、労務管理費、宿舎費等)(参考値),2014-02,2014-02-01,mlit-roumu-h26,p18(横長の表) / p9(縦長の表),https://www.mlit.go.jp/common/001026047.pdf,PDL1.0,,
08a2b611d048766c,JP,labor,労務単価,ガラス工,所定労働時間内8時間あたり,人日,pref,25,滋賀県,,,,19200,JPY,labor_wage_8h,published_pdl,27000,原本の下段(括弧書き): 公共工事設計労務単価+必要経費(法定福利費の事業主負担額、労務管理費、宿舎費等)(参考値),2014-02,2014-02-01,mlit-roumu-h26,p18(横長の表) / p9(縦長の表),https://www.mlit.go.jp/common/001026047.pdf,PDL1.0,,
d91673d9bf0be7f1,JP,labor,労務単価,建具工,所定労働時間内8時間あたり,人日,pref,25,滋賀県,,,,19500,JPY,labor_wage_8h,published_pdl,27400,原本の下段(括弧書き): 公共工事設計労務単価+必要経費(法定福利費の事業主負担額、労務管理費、宿舎費等)(参考値),2014-02,2014-02-01,mlit-roumu-h26,p18(横長の表) / p9(縦長の表),https://www.mlit.go.jp/common/001026047.pdf,PDL1.0,,
3c1ef794665f9fff,JP,labor,労務単価,ダクト工,所定労働時間内8時間あたり,人日,pref,25,滋賀県,,,,17400,JPY,labor_wage_8h,published_pdl,24500,原本の下段(括弧書き): 公共工事設計労務単価+必要経費(法定福利費の事業主負担額、労務管理費、宿舎費等)(参考値),2014-02,2014-02-01,mlit-roumu-h26,p18(横長の表) / p9(縦長の表),https://www.mlit.go.jp/common/001026047.pdf,PDL1.0,,
502387c21026eabb,JP,labor,労務単価,保温工,所定労働時間内8時間あたり,人日,pref,25,滋賀県,,,,20500,JPY,labor_wage_8h,published_pdl,28800,原本の下段(括弧書き): 公共工事設計労務単価+必要経費(法定福利費の事業主負担額、労務管理費、宿舎費等)(参考値),2014-02,2014-02-01,mlit-roumu-h26,p18(横長の表) / p9(縦長の表),https://www.mlit.go.jp/common/001026047.pdf,PDL1.0,,
f710b6023080fe41,JP,labor,労務単価,建築ブロック工,所定労働時間内8時間あたり,人日,pref,25,滋賀県,,,,,JPY,labor_wage_8h,not_set,,,2014-02,2014-02-01,mlit-roumu-h26,p18(横長の表) / p9(縦長の表),https://www.mlit.go.jp/common/001026047.pdf,PDL1.0,,原本の表で『-』(この都道府県ではこの職種の単価を設定していない)
0296b964dc42bfaa,JP,labor,労務単価,設備機械工,所定労働時間内8時間あたり,人日,pref,25,滋賀県,,,,21100,JPY,labor_wage_8h,published_pdl,29700,原本の下段(括弧書き): 公共工事設計労務単価+必要経費(法定福利費の事業主負担額、労務管理費、宿舎費等)(参考値),2014-02,2014-02-01,mlit-roumu-h26,p18(横長の表) / p9(縦長の表),https://www.mlit.go.jp/common/001026047.pdf,PDL1.0,,
f9a72dd32ef4b4e5,JP,labor,労務単価,交通誘導警備員Ａ,所定労働時間内8時間あたり,人日,pref,25,滋賀県,,,,10500,JPY,labor_wage_8h,published_pdl,14800,原本の下段(括弧書き): 公共工事設計労務単価+必要経費(法定福利費の事業主負担額、労務管理費、宿舎費等)(参考値),2014-02,2014-02-01,mlit-roumu-h26,p18(横長の表) / p9(縦長の表),https://www.mlit.go.jp/common/001026047.pdf,PDL1.0,,
7e9771d4db0e8f4c,JP,labor,労務単価,交通誘導警備員Ｂ,所定労働時間内8時間あたり,人日,pref,25,滋賀県,,,,8700,JPY,labor_wage_8h,published_pdl,12200,原本の下段(括弧書き): 公共工事設計労務単価+必要経費(法定福利費の事業主負担額、労務管理費、宿舎費等)(参考値),2014-02,2014-02-01,mlit-roumu-h26,p18(横長の表) / p9(縦長の表),https://www.mlit.go.jp/common/001026047.pdf,PDL1.0,,
47ae71408854f533,JP,labor,労務単価,特殊作業員,所定労働時間内8時間あたり,人日,pref,26,京都府,,,,18300,JPY,labor_wage_8h,published_pdl,25700,原本の下段(括弧書き): 公共工事設計労務単価+必要経費(法定福利費の事業主負担額、労務管理費、宿舎費等)(参考値),2014-02,2014-02-01,mlit-roumu-h26,p16(横長の表) / p5(縦長の表),https://www.mlit.go.jp/common/001026047.pdf,PDL1.0,,
eabaa9103dda6af8,JP,labor,労務単価,普通作業員,所定労働時間内8時間あたり,人日,pref,26,京都府,,,,16100,JPY,labor_wage_8h,published_pdl,22600,原本の下段(括弧書き): 公共工事設計労務単価+必要経費(法定福利費の事業主負担額、労務管理費、宿舎費等)(参考値),2014-02,2014-02-01,mlit-roumu-h26,p16(横長の表) / p5(縦長の表),https://www.mlit.go.jp/common/001026047.pdf,PDL1.0,,
a60e5f965f8240c9,JP,labor,労務単価,軽作業員,所定労働時間内8時間あたり,人日,pref,26,京都府,,,,12000,JPY,labor_wage_8h,published_pdl,16900,原本の下段(括弧書き): 公共工事設計労務単価+必要経費(法定福利費の事業主負担額、労務管理費、宿舎費等)(参考値),2014-02,2014-02-01,mlit-roumu-h26,p16(横長の表) / p5(縦長の表),https://www.mlit.go.jp/common/001026047.pdf,PDL1.0,,
d4f9ca665f2f0e50,JP,labor,労務単価,造園工,所定労働時間内8時間あたり,人日,pref,26,京都府,,,,18800,JPY,labor_wage_8h,published_pdl,26400,原本の下段(括弧書き): 公共工事設計労務単価+必要経費(法定福利費の事業主負担額、労務管理費、宿舎費等)(参考値),2014-02,2014-02-01,mlit-roumu-h26,p16(横長の表) / p5(縦長の表),https://www.mlit.go.jp/common/001026047.pdf,PDL1.0,,
42c549d023e91c69,JP,labor,労務単価,法面工,所定労働時間内8時間あたり,人日,pref,26,京都府,,,,20800,JPY,labor_wage_8h,published_pdl,29200,原本の下段(括弧書き): 公共工事設計労務単価+必要経費(法定福利費の事業主負担額、労務管理費、宿舎費等)(参考値),2014-02,2014-02-01,mlit-roumu-h26,p16(横長の表) / p5(縦長の表),https://www.mlit.go.jp/common/001026047.pdf,PDL1.0,,
818d74016bc9ad5a,JP,labor,労務単価,とび工,所定労働時間内8時間あたり,人日,pref,26,京都府,,,,20100,JPY,labor_wage_8h,published_pdl,28300,原本の下段(括弧書き): 公共工事設計労務単価+必要経費(法定福利費の事業主負担額、労務管理費、宿舎費等)(参考値),2014-02,2014-02-01,mlit-roumu-h26,p16(横長の表) / p5(縦長の表),https://www.mlit.go.jp/common/001026047.pdf,PDL1.0,,
ee3f227ec5d3feb3,JP,labor,労務単価,石工,所定労働時間内8時間あたり,人日,pref,26,京都府,,,,,JPY,labor_wage_8h,not_set,,,2014-02,2014-02-01,mlit-roumu-h26,p16(横長の表) / p5(縦長の表),https://www.mlit.go.jp/common/001026047.pdf,PDL1.0,,原本の表で『-』(この都道府県ではこの職種の単価を設定していない)
9e7b74e310362903,JP,labor,労務単価,ブロック工,所定労働時間内8時間あたり,人日,pref,26,京都府,,,,22400,JPY,labor_wage_8h,published_pdl,31500,原本の下段(括弧書き): 公共工事設計労務単価+必要経費(法定福利費の事業主負担額、労務管理費、宿舎費等)(参考値),2014-02,2014-02-01,mlit-roumu-h26,p16(横長の表) / p5(縦長の表),https://www.mlit.go.jp/common/001026047.pdf,PDL1.0,,
510c25a37225c9cf,JP,labor,労務単価,電工,所定労働時間内8時間あたり,人日,pref,26,京都府,,,,18700,JPY,labor_wage_8h,published_pdl,26300,原本の下段(括弧書き): 公共工事設計労務単価+必要経費(法定福利費の事業主負担額、労務管理費、宿舎費等)(参考値),2014-02,2014-02-01,mlit-roumu-h26,p16(横長の表) / p5(縦長の表),https://www.mlit.go.jp/common/001026047.pdf,PDL1.0,,
4ca105e52201a929,JP,labor,労務単価,鉄筋工,所定労働時間内8時間あたり,人日,pref,26,京都府,,,,19100,JPY,labor_wage_8h,published_pdl,26900,原本の下段(括弧書き): 公共工事設計労務単価+必要経費(法定福利費の事業主負担額、労務管理費、宿舎費等)(参考値),2014-02,2014-02-01,mlit-roumu-h26,p16(横長の表) / p5(縦長の表),https://www.mlit.go.jp/common/001026047.pdf,PDL1.0,,
35014e3282f6f608,JP,labor,労務単価,鉄骨工,所定労働時間内8時間あたり,人日,pref,26,京都府,,,,19000,JPY,labor_wage_8h,published_pdl,26700,原本の下段(括弧書き): 公共工事設計労務単価+必要経費(法定福利費の事業主負担額、労務管理費、宿舎費等)(参考値),2014-02,2014-02-01,mlit-roumu-h26,p16(横長の表) / p6(縦長の表),https://www.mlit.go.jp/common/001026047.pdf,PDL1.0,,
edf15b0f50c2a18e,JP,labor,労務単価,塗装工,所定労働時間内8時間あたり,人日,pref,26,京都府,,,,20500,JPY,labor_wage_8h,published_pdl,28800,原本の下段(括弧書き): 公共工事設計労務単価+必要経費(法定福利費の事業主負担額、労務管理費、宿舎費等)(参考値),2014-02,2014-02-01,mlit-roumu-h26,p16(横長の表) / p6(縦長の表),https://www.mlit.go.jp/common/001026047.pdf,PDL1.0,,
bd916353bf26a0b3,JP,labor,労務単価,溶接工,所定労働時間内8時間あたり,人日,pref,26,京都府,,,,20500,JPY,labor_wage_8h,published_pdl,28800,原本の下段(括弧書き): 公共工事設計労務単価+必要経費(法定福利費の事業主負担額、労務管理費、宿舎費等)(参考値),2014-02,2014-02-01,mlit-roumu-h26,p16(横長の表) / p6(縦長の表),https://www.mlit.go.jp/common/001026047.pdf,PDL1.0,,
c088492858af6487,JP,labor,労務単価,運転手（特殊）,所定労働時間内8時間あたり,人日,pref,26,京都府,,,,18000,JPY,labor_wage_8h,published_pdl,25300,原本の下段(括弧書き): 公共工事設計労務単価+必要経費(法定福利費の事業主負担額、労務管理費、宿舎費等)(参考値),2014-02,2014-02-01,mlit-roumu-h26,p16(横長の表) / p6(縦長の表),https://www.mlit.go.jp/common/001026047.pdf,PDL1.0,,
8ed1ebb7558317e4,JP,labor,労務単価,運転手（一般）,所定労働時間内8時間あたり,人日,pref,26,京都府,,,,15900,JPY,labor_wage_8h,published_pdl,22400,原本の下段(括弧書き): 公共工事設計労務単価+必要経費(法定福利費の事業主負担額、労務管理費、宿舎費等)(参考値),2014-02,2014-02-01,mlit-roumu-h26,p16(横長の表) / p6(縦長の表),https://www.mlit.go.jp/common/001026047.pdf,PDL1.0,,
eddb7927e8f8bef2,JP,labor,労務単価,潜かん工,所定労働時間内8時間あたり,人日,pref,26,京都府,,,,25300,JPY,labor_wage_8h,published_pdl,35600,原本の下段(括弧書き): 公共工事設計労務単価+必要経費(法定福利費の事業主負担額、労務管理費、宿舎費等)(参考値),2014-02,2014-02-01,mlit-roumu-h26,p16(横長の表) / p6(縦長の表),https://www.mlit.go.jp/common/001026047.pdf,PDL1.0,,
826b06c34a34574b,JP,labor,労務単価,潜かん世話役,所定労働時間内8時間あたり,人日,pref,26,京都府,,,,30000,JPY,labor_wage_8h,published_pdl,42200,原本の下段(括弧書き): 公共工事設計労務単価+必要経費(法定福利費の事業主負担額、労務管理費、宿舎費等)(参考値),2014-02,2014-02-01,mlit-roumu-h26,p16(横長の表) / p6(縦長の表),https://www.mlit.go.jp/common/001026047.pdf,PDL1.0,,
c07800e05b433e81,JP,labor,労務単価,さく岩工,所定労働時間内8時間あたり,人日,pref,26,京都府,,,,20500,JPY,labor_wage_8h,published_pdl,28800,原本の下段(括弧書き): 公共工事設計労務単価+必要経費(法定福利費の事業主負担額、労務管理費、宿舎費等)(参考値),2014-02,2014-02-01,mlit-roumu-h26,p16(横長の表) / p6(縦長の表),https://www.mlit.go.jp/common/001026047.pdf,PDL1.0,,
b00ae574cd422ecd,JP,labor,労務単価,トンネル特殊工,所定労働時間内8時間あたり,人日,pref,26,京都府,,,,22600,JPY,labor_wage_8h,published_pdl,31800,原本の下段(括弧書き): 公共工事設計労務単価+必要経費(法定福利費の事業主負担額、労務管理費、宿舎費等)(参考値),2014-02,2014-02-01,mlit-roumu-h26,p16(横長の表) / p6(縦長の表),https://www.mlit.go.jp/common/001026047.pdf,PDL1.0,,
f722ccc114f51ba7,JP,labor,労務単価,トンネル作業員,所定労働時間内8時間あたり,人日,pref,26,京都府,,,,18800,JPY,labor_wage_8h,published_pdl,26400,原本の下段(括弧書き): 公共工事設計労務単価+必要経費(法定福利費の事業主負担額、労務管理費、宿舎費等)(参考値),2014-02,2014-02-01,mlit-roumu-h26,p16(横長の表) / p6(縦長の表),https://www.mlit.go.jp/common/001026047.pdf,PDL1.0,,
de651ad1143b51db,JP,labor,労務単価,トンネル世話役,所定労働時間内8時間あたり,人日,pref,26,京都府,,,,25200,JPY,labor_wage_8h,published_pdl,35400,原本の下段(括弧書き): 公共工事設計労務単価+必要経費(法定福利費の事業主負担額、労務管理費、宿舎費等)(参考値),2014-02,2014-02-01,mlit-roumu-h26,p17(横長の表) / p7(縦長の表),https://www.mlit.go.jp/common/001026047.pdf,PDL1.0,,
a9ea07c0b1c1e9a9,JP,labor,労務単価,橋りょう特殊工,所定労働時間内8時間あたり,人日,pref,26,京都府,,,,24200,JPY,labor_wage_8h,published_pdl,34000,原本の下段(括弧書き): 公共工事設計労務単価+必要経費(法定福利費の事業主負担額、労務管理費、宿舎費等)(参考値),2014-02,2014-02-01,mlit-roumu-h26,p17(横長の表) / p7(縦長の表),https://www.mlit.go.jp/common/001026047.pdf,PDL1.0,,
d4f14ec6954163a2,JP,labor,労務単価,橋りょう塗装工,所定労働時間内8時間あたり,人日,pref,26,京都府,,,,25300,JPY,labor_wage_8h,published_pdl,35600,原本の下段(括弧書き): 公共工事設計労務単価+必要経費(法定福利費の事業主負担額、労務管理費、宿舎費等)(参考値),2014-02,2014-02-01,mlit-roumu-h26,p17(横長の表) / p7(縦長の表),https://www.mlit.go.jp/common/001026047.pdf,PDL1.0,,
5e12f16fee9df3fe,JP,labor,労務単価,橋りょう世話役,所定労働時間内8時間あたり,人日,pref,26,京都府,,,,28000,JPY,labor_wage_8h,published_pdl,39400,原本の下段(括弧書き): 公共工事設計労務単価+必要経費(法定福利費の事業主負担額、労務管理費、宿舎費等)(参考値),2014-02,2014-02-01,mlit-roumu-h26,p17(横長の表) / p7(縦長の表),https://www.mlit.go.jp/common/001026047.pdf,PDL1.0,,
ab925a3a6af14f6a,JP,labor,労務単価,土木一般世話役,所定労働時間内8時間あたり,人日,pref,26,京都府,,,,20500,JPY,labor_wage_8h,published_pdl,28800,原本の下段(括弧書き): 公共工事設計労務単価+必要経費(法定福利費の事業主負担額、労務管理費、宿舎費等)(参考値),2014-02,2014-02-01,mlit-roumu-h26,p17(横長の表) / p7(縦長の表),https://www.mlit.go.jp/common/001026047.pdf,PDL1.0,,
b2e7183afbe8327e,JP,labor,労務単価,高級船員,所定労働時間内8時間あたり,人日,pref,26,京都府,,,,23500,JPY,labor_wage_8h,published_pdl,33000,原本の下段(括弧書き): 公共工事設計労務単価+必要経費(法定福利費の事業主負担額、労務管理費、宿舎費等)(参考値),2014-02,2014-02-01,mlit-roumu-h26,p17(横長の表) / p7(縦長の表),https://www.mlit.go.jp/common/001026047.pdf,PDL1.0,,
f1168f802b85533b,JP,labor,労務単価,普通船員,所定労働時間内8時間あたり,人日,pref,26,京都府,,,,19100,JPY,labor_wage_8h,published_pdl,26900,原本の下段(括弧書き): 公共工事設計労務単価+必要経費(法定福利費の事業主負担額、労務管理費、宿舎費等)(参考値),2014-02,2014-02-01,mlit-roumu-h26,p17(横長の表) / p7(縦長の表),https://www.mlit.go.jp/common/001026047.pdf,PDL1.0,,
089dd6cb2a7f903b,JP,labor,労務単価,潜水士,所定労働時間内8時間あたり,人日,pref,26,京都府,,,,28200,JPY,labor_wage_8h,published_pdl,39600,原本の下段(括弧書き): 公共工事設計労務単価+必要経費(法定福利費の事業主負担額、労務管理費、宿舎費等)(参考値),2014-02,2014-02-01,mlit-roumu-h26,p17(横長の表) / p7(縦長の表),https://www.mlit.go.jp/common/001026047.pdf,PDL1.0,,
315d86c2f56bf8dd,JP,labor,労務単価,潜水連絡員,所定労働時間内8時間あたり,人日,pref,26,京都府,,,,20500,JPY,labor_wage_8h,published_pdl,28800,原本の下段(括弧書き): 公共工事設計労務単価+必要経費(法定福利費の事業主負担額、労務管理費、宿舎費等)(参考値),2014-02,2014-02-01,mlit-roumu-h26,p17(横長の表) / p7(縦長の表),https://www.mlit.go.jp/common/001026047.pdf,PDL1.0,,
9f50f2ae6bcc7cab,JP,labor,労務単価,潜水送気員,所定労働時間内8時間あたり,人日,pref,26,京都府,,,,20000,JPY,labor_wage_8h,published_pdl,28100,原本の下段(括弧書き): 公共工事設計労務単価+必要経費(法定福利費の事業主負担額、労務管理費、宿舎費等)(参考値),2014-02,2014-02-01,mlit-roumu-h26,p17(横長の表) / p7(縦長の表),https://www.mlit.go.jp/common/001026047.pdf,PDL1.0,,
5ffa5ecfd6caf7b4,JP,labor,労務単価,山林砂防工,所定労働時間内8時間あたり,人日,pref,26,京都府,,,,21500,JPY,labor_wage_8h,published_pdl,30200,原本の下段(括弧書き): 公共工事設計労務単価+必要経費(法定福利費の事業主負担額、労務管理費、宿舎費等)(参考値),2014-02,2014-02-01,mlit-roumu-h26,p17(横長の表) / p8(縦長の表),https://www.mlit.go.jp/common/001026047.pdf,PDL1.0,,
7b626975310b33cc,JP,labor,労務単価,軌道工,所定労働時間内8時間あたり,人日,pref,26,京都府,,,,31500,JPY,labor_wage_8h,published_pdl,44300,原本の下段(括弧書き): 公共工事設計労務単価+必要経費(法定福利費の事業主負担額、労務管理費、宿舎費等)(参考値),2014-02,2014-02-01,mlit-roumu-h26,p17(横長の表) / p8(縦長の表),https://www.mlit.go.jp/common/001026047.pdf,PDL1.0,,
7192254d391f23f3,JP,labor,労務単価,型わく工,所定労働時間内8時間あたり,人日,pref,26,京都府,,,,20200,JPY,labor_wage_8h,published_pdl,28400,原本の下段(括弧書き): 公共工事設計労務単価+必要経費(法定福利費の事業主負担額、労務管理費、宿舎費等)(参考値),2014-02,2014-02-01,mlit-roumu-h26,p17(横長の表) / p8(縦長の表),https://www.mlit.go.jp/common/001026047.pdf,PDL1.0,,
0a465324939db938,JP,labor,労務単価,大工,所定労働時間内8時間あたり,人日,pref,26,京都府,,,,19300,JPY,labor_wage_8h,published_pdl,27100,原本の下段(括弧書き): 公共工事設計労務単価+必要経費(法定福利費の事業主負担額、労務管理費、宿舎費等)(参考値),2014-02,2014-02-01,mlit-roumu-h26,p17(横長の表) / p8(縦長の表),https://www.mlit.go.jp/common/001026047.pdf,PDL1.0,,
62d83a58d9642861,JP,labor,労務単価,左官,所定労働時間内8時間あたり,人日,pref,26,京都府,,,,19700,JPY,labor_wage_8h,published_pdl,27700,原本の下段(括弧書き): 公共工事設計労務単価+必要経費(法定福利費の事業主負担額、労務管理費、宿舎費等)(参考値),2014-02,2014-02-01,mlit-roumu-h26,p17(横長の表) / p8(縦長の表),https://www.mlit.go.jp/common/001026047.pdf,PDL1.0,,
5e5dc37c8584b591,JP,labor,労務単価,配管工,所定労働時間内8時間あたり,人日,pref,26,京都府,,,,18800,JPY,labor_wage_8h,published_pdl,26400,原本の下段(括弧書き): 公共工事設計労務単価+必要経費(法定福利費の事業主負担額、労務管理費、宿舎費等)(参考値),2014-02,2014-02-01,mlit-roumu-h26,p17(横長の表) / p8(縦長の表),https://www.mlit.go.jp/common/001026047.pdf,PDL1.0,,
a641f72a3bd5441a,JP,labor,労務単価,はつり工,所定労働時間内8時間あたり,人日,pref,26,京都府,,,,20100,JPY,labor_wage_8h,published_pdl,28300,原本の下段(括弧書き): 公共工事設計労務単価+必要経費(法定福利費の事業主負担額、労務管理費、宿舎費等)(参考値),2014-02,2014-02-01,mlit-roumu-h26,p17(横長の表) / p8(縦長の表),https://www.mlit.go.jp/common/001026047.pdf,PDL1.0,,
35634359a70d1609,JP,labor,労務単価,防水工,所定労働時間内8時間あたり,人日,pref,26,京都府,,,,20400,JPY,labor_wage_8h,published_pdl,28700,原本の下段(括弧書き): 公共工事設計労務単価+必要経費(法定福利費の事業主負担額、労務管理費、宿舎費等)(参考値),2014-02,2014-02-01,mlit-roumu-h26,p17(横長の表) / p8(縦長の表),https://www.mlit.go.jp/common/001026047.pdf,PDL1.0,,
d79341cedfbc69cc,JP,labor,労務単価,板金工,所定労働時間内8時間あたり,人日,pref,26,京都府,,,,19400,JPY,labor_wage_8h,published_pdl,27300,原本の下段(括弧書き): 公共工事設計労務単価+必要経費(法定福利費の事業主負担額、労務管理費、宿舎費等)(参考値),2014-02,2014-02-01,mlit-roumu-h26,p17(横長の表) / p8(縦長の表),https://www.mlit.go.jp/common/001026047.pdf,PDL1.0,,
16b88f01f00c2eb4,JP,labor,労務単価,タイル工,所定労働時間内8時間あたり,人日,pref,26,京都府,,,,,JPY,labor_wage_8h,not_set,,,2014-02,2014-02-01,mlit-roumu-h26,p17(横長の表) / p8(縦長の表),https://www.mlit.go.jp/common/001026047.pdf,PDL1.0,,原本の表で『-』(この都道府県ではこの職種の単価を設定していない)
398a54c33387547c,JP,labor,労務単価,サッシ工,所定労働時間内8時間あたり,人日,pref,26,京都府,,,,19600,JPY,labor_wage_8h,published_pdl,27600,原本の下段(括弧書き): 公共工事設計労務単価+必要経費(法定福利費の事業主負担額、労務管理費、宿舎費等)(参考値),2014-02,2014-02-01,mlit-roumu-h26,p18(横長の表) / p9(縦長の表),https://www.mlit.go.jp/common/001026047.pdf,PDL1.0,,
5d78a43d966cfa7f,JP,labor,労務単価,内装工,所定労働時間内8時間あたり,人日,pref,26,京都府,,,,20600,JPY,labor_wage_8h,published_pdl,29000,原本の下段(括弧書き): 公共工事設計労務単価+必要経費(法定福利費の事業主負担額、労務管理費、宿舎費等)(参考値),2014-02,2014-02-01,mlit-roumu-h26,p18(横長の表) / p9(縦長の表),https://www.mlit.go.jp/common/001026047.pdf,PDL1.0,,
f5d3a3d32401f63e,JP,labor,労務単価,ガラス工,所定労働時間内8時間あたり,人日,pref,26,京都府,,,,19200,JPY,labor_wage_8h,published_pdl,27000,原本の下段(括弧書き): 公共工事設計労務単価+必要経費(法定福利費の事業主負担額、労務管理費、宿舎費等)(参考値),2014-02,2014-02-01,mlit-roumu-h26,p18(横長の表) / p9(縦長の表),https://www.mlit.go.jp/common/001026047.pdf,PDL1.0,,
5ac7f9478e4315f7,JP,labor,労務単価,建具工,所定労働時間内8時間あたり,人日,pref,26,京都府,,,,19700,JPY,labor_wage_8h,published_pdl,27700,原本の下段(括弧書き): 公共工事設計労務単価+必要経費(法定福利費の事業主負担額、労務管理費、宿舎費等)(参考値),2014-02,2014-02-01,mlit-roumu-h26,p18(横長の表) / p9(縦長の表),https://www.mlit.go.jp/common/001026047.pdf,PDL1.0,,
590fd9b9d0c8f3bb,JP,labor,労務単価,ダクト工,所定労働時間内8時間あたり,人日,pref,26,京都府,,,,17600,JPY,labor_wage_8h,published_pdl,24700,原本の下段(括弧書き): 公共工事設計労務単価+必要経費(法定福利費の事業主負担額、労務管理費、宿舎費等)(参考値),2014-02,2014-02-01,mlit-roumu-h26,p18(横長の表) / p9(縦長の表),https://www.mlit.go.jp/common/001026047.pdf,PDL1.0,,
49555dc69acfd543,JP,labor,労務単価,保温工,所定労働時間内8時間あたり,人日,pref,26,京都府,,,,20500,JPY,labor_wage_8h,published_pdl,28800,原本の下段(括弧書き): 公共工事設計労務単価+必要経費(法定福利費の事業主負担額、労務管理費、宿舎費等)(参考値),2014-02,2014-02-01,mlit-roumu-h26,p18(横長の表) / p9(縦長の表),https://www.mlit.go.jp/common/001026047.pdf,PDL1.0,,
2d8056f0480e5398,JP,labor,労務単価,建築ブロック工,所定労働時間内8時間あたり,人日,pref,26,京都府,,,,,JPY,labor_wage_8h,not_set,,,2014-02,2014-02-01,mlit-roumu-h26,p18(横長の表) / p9(縦長の表),https://www.mlit.go.jp/common/001026047.pdf,PDL1.0,,原本の表で『-』(この都道府県ではこの職種の単価を設定していない)
5259ba15348e5db9,JP,labor,労務単価,設備機械工,所定労働時間内8時間あたり,人日,pref,26,京都府,,,,21700,JPY,labor_wage_8h,published_pdl,30500,原本の下段(括弧書き): 公共工事設計労務単価+必要経費(法定福利費の事業主負担額、労務管理費、宿舎費等)(参考値),2014-02,2014-02-01,mlit-roumu-h26,p18(横長の表) / p9(縦長の表),https://www.mlit.go.jp/common/001026047.pdf,PDL1.0,,
91dfc7617cac1c78,JP,labor,労務単価,交通誘導警備員Ａ,所定労働時間内8時間あたり,人日,pref,26,京都府,,,,10400,JPY,labor_wage_8h,published_pdl,14600,原本の下段(括弧書き): 公共工事設計労務単価+必要経費(法定福利費の事業主負担額、労務管理費、宿舎費等)(参考値),2014-02,2014-02-01,mlit-roumu-h26,p18(横長の表) / p9(縦長の表),https://www.mlit.go.jp/common/001026047.pdf,PDL1.0,,
fb4c6838bc83bfa9,JP,labor,労務単価,交通誘導警備員Ｂ,所定労働時間内8時間あたり,人日,pref,26,京都府,,,,8800,JPY,labor_wage_8h,published_pdl,12400,原本の下段(括弧書き): 公共工事設計労務単価+必要経費(法定福利費の事業主負担額、労務管理費、宿舎費等)(参考値),2014-02,2014-02-01,mlit-roumu-h26,p18(横長の表) / p9(縦長の表),https://www.mlit.go.jp/common/001026047.pdf,PDL1.0,,
b8b94fe4bf21a8fd,JP,labor,労務単価,特殊作業員,所定労働時間内8時間あたり,人日,pref,27,大阪府,,,,19200,JPY,labor_wage_8h,published_pdl,27000,原本の下段(括弧書き): 公共工事設計労務単価+必要経費(法定福利費の事業主負担額、労務管理費、宿舎費等)(参考値),2014-02,2014-02-01,mlit-roumu-h26,p16(横長の表) / p5(縦長の表),https://www.mlit.go.jp/common/001026047.pdf,PDL1.0,,
fdc5c137b5b39f5f,JP,labor,労務単価,普通作業員,所定労働時間内8時間あたり,人日,pref,27,大阪府,,,,15800,JPY,labor_wage_8h,published_pdl,22200,原本の下段(括弧書き): 公共工事設計労務単価+必要経費(法定福利費の事業主負担額、労務管理費、宿舎費等)(参考値),2014-02,2014-02-01,mlit-roumu-h26,p16(横長の表) / p5(縦長の表),https://www.mlit.go.jp/common/001026047.pdf,PDL1.0,,
91003d55a738e91c,JP,labor,労務単価,軽作業員,所定労働時間内8時間あたり,人日,pref,27,大阪府,,,,11900,JPY,labor_wage_8h,published_pdl,16700,原本の下段(括弧書き): 公共工事設計労務単価+必要経費(法定福利費の事業主負担額、労務管理費、宿舎費等)(参考値),2014-02,2014-02-01,mlit-roumu-h26,p16(横長の表) / p5(縦長の表),https://www.mlit.go.jp/common/001026047.pdf,PDL1.0,,
f2062c2f6bdc5f21,JP,labor,労務単価,造園工,所定労働時間内8時間あたり,人日,pref,27,大阪府,,,,18700,JPY,labor_wage_8h,published_pdl,26300,原本の下段(括弧書き): 公共工事設計労務単価+必要経費(法定福利費の事業主負担額、労務管理費、宿舎費等)(参考値),2014-02,2014-02-01,mlit-roumu-h26,p16(横長の表) / p5(縦長の表),https://www.mlit.go.jp/common/001026047.pdf,PDL1.0,,
27f6b595bcb9bae7,JP,labor,労務単価,法面工,所定労働時間内8時間あたり,人日,pref,27,大阪府,,,,21600,JPY,labor_wage_8h,published_pdl,30400,原本の下段(括弧書き): 公共工事設計労務単価+必要経費(法定福利費の事業主負担額、労務管理費、宿舎費等)(参考値),2014-02,2014-02-01,mlit-roumu-h26,p16(横長の表) / p5(縦長の表),https://www.mlit.go.jp/common/001026047.pdf,PDL1.0,,
9866e62af58415e1,JP,labor,労務単価,とび工,所定労働時間内8時間あたり,人日,pref,27,大阪府,,,,21500,JPY,labor_wage_8h,published_pdl,30200,原本の下段(括弧書き): 公共工事設計労務単価+必要経費(法定福利費の事業主負担額、労務管理費、宿舎費等)(参考値),2014-02,2014-02-01,mlit-roumu-h26,p16(横長の表) / p5(縦長の表),https://www.mlit.go.jp/common/001026047.pdf,PDL1.0,,
8bc9423ccf621014,JP,labor,労務単価,石工,所定労働時間内8時間あたり,人日,pref,27,大阪府,,,,,JPY,labor_wage_8h,not_set,,,2014-02,2014-02-01,mlit-roumu-h26,p16(横長の表) / p5(縦長の表),https://www.mlit.go.jp/common/001026047.pdf,PDL1.0,,原本の表で『-』(この都道府県ではこの職種の単価を設定していない)
781842f5e41d6d09,JP,labor,労務単価,ブロック工,所定労働時間内8時間あたり,人日,pref,27,大阪府,,,,22200,JPY,labor_wage_8h,published_pdl,31200,原本の下段(括弧書き): 公共工事設計労務単価+必要経費(法定福利費の事業主負担額、労務管理費、宿舎費等)(参考値),2014-02,2014-02-01,mlit-roumu-h26,p16(横長の表) / p5(縦長の表),https://www.mlit.go.jp/common/001026047.pdf,PDL1.0,,
7a88c14d273bb1ac,JP,labor,労務単価,電工,所定労働時間内8時間あたり,人日,pref,27,大阪府,,,,19800,JPY,labor_wage_8h,published_pdl,27800,原本の下段(括弧書き): 公共工事設計労務単価+必要経費(法定福利費の事業主負担額、労務管理費、宿舎費等)(参考値),2014-02,2014-02-01,mlit-roumu-h26,p16(横長の表) / p5(縦長の表),https://www.mlit.go.jp/common/001026047.pdf,PDL1.0,,
af1c9fd98b323b22,JP,labor,労務単価,鉄筋工,所定労働時間内8時間あたり,人日,pref,27,大阪府,,,,19900,JPY,labor_wage_8h,published_pdl,28000,原本の下段(括弧書き): 公共工事設計労務単価+必要経費(法定福利費の事業主負担額、労務管理費、宿舎費等)(参考値),2014-02,2014-02-01,mlit-roumu-h26,p16(横長の表) / p5(縦長の表),https://www.mlit.go.jp/common/001026047.pdf,PDL1.0,,
72992554c5bdea8a,JP,labor,労務単価,鉄骨工,所定労働時間内8時間あたり,人日,pref,27,大阪府,,,,19300,JPY,labor_wage_8h,published_pdl,27100,原本の下段(括弧書き): 公共工事設計労務単価+必要経費(法定福利費の事業主負担額、労務管理費、宿舎費等)(参考値),2014-02,2014-02-01,mlit-roumu-h26,p16(横長の表) / p6(縦長の表),https://www.mlit.go.jp/common/001026047.pdf,PDL1.0,,
b98d5799924ca9ae,JP,labor,労務単価,塗装工,所定労働時間内8時間あたり,人日,pref,27,大阪府,,,,21200,JPY,labor_wage_8h,published_pdl,29800,原本の下段(括弧書き): 公共工事設計労務単価+必要経費(法定福利費の事業主負担額、労務管理費、宿舎費等)(参考値),2014-02,2014-02-01,mlit-roumu-h26,p16(横長の表) / p6(縦長の表),https://www.mlit.go.jp/common/001026047.pdf,PDL1.0,,
246e85067de1e5e0,JP,labor,労務単価,溶接工,所定労働時間内8時間あたり,人日,pref,27,大阪府,,,,21100,JPY,labor_wage_8h,published_pdl,29700,原本の下段(括弧書き): 公共工事設計労務単価+必要経費(法定福利費の事業主負担額、労務管理費、宿舎費等)(参考値),2014-02,2014-02-01,mlit-roumu-h26,p16(横長の表) / p6(縦長の表),https://www.mlit.go.jp/common/001026047.pdf,PDL1.0,,
145047325cbc08ba,JP,labor,労務単価,運転手（特殊）,所定労働時間内8時間あたり,人日,pref,27,大阪府,,,,19000,JPY,labor_wage_8h,published_pdl,26700,原本の下段(括弧書き): 公共工事設計労務単価+必要経費(法定福利費の事業主負担額、労務管理費、宿舎費等)(参考値),2014-02,2014-02-01,mlit-roumu-h26,p16(横長の表) / p6(縦長の表),https://www.mlit.go.jp/common/001026047.pdf,PDL1.0,,
29969cf117e86c79,JP,labor,労務単価,運転手（一般）,所定労働時間内8時間あたり,人日,pref,27,大阪府,,,,16100,JPY,labor_wage_8h,published_pdl,22600,原本の下段(括弧書き): 公共工事設計労務単価+必要経費(法定福利費の事業主負担額、労務管理費、宿舎費等)(参考値),2014-02,2014-02-01,mlit-roumu-h26,p16(横長の表) / p6(縦長の表),https://www.mlit.go.jp/common/001026047.pdf,PDL1.0,,
5dfffc0b42b4e981,JP,labor,労務単価,潜かん工,所定労働時間内8時間あたり,人日,pref,27,大阪府,,,,25400,JPY,labor_wage_8h,published_pdl,35700,原本の下段(括弧書き): 公共工事設計労務単価+必要経費(法定福利費の事業主負担額、労務管理費、宿舎費等)(参考値),2014-02,2014-02-01,mlit-roumu-h26,p16(横長の表) / p6(縦長の表),https://www.mlit.go.jp/common/001026047.pdf,PDL1.0,,
cb4acf00783accf0,JP,labor,労務単価,潜かん世話役,所定労働時間内8時間あたり,人日,pref,27,大阪府,,,,30000,JPY,labor_wage_8h,published_pdl,42200,原本の下段(括弧書き): 公共工事設計労務単価+必要経費(法定福利費の事業主負担額、労務管理費、宿舎費等)(参考値),2014-02,2014-02-01,mlit-roumu-h26,p16(横長の表) / p6(縦長の表),https://www.mlit.go.jp/common/001026047.pdf,PDL1.0,,
008d8a166a2c50d7,JP,labor,労務単価,さく岩工,所定労働時間内8時間あたり,人日,pref,27,大阪府,,,,20500,JPY,labor_wage_8h,published_pdl,28800,原本の下段(括弧書き): 公共工事設計労務単価+必要経費(法定福利費の事業主負担額、労務管理費、宿舎費等)(参考値),2014-02,2014-02-01,mlit-roumu-h26,p16(横長の表) / p6(縦長の表),https://www.mlit.go.jp/common/001026047.pdf,PDL1.0,,
d53b57c62d68b618,JP,labor,労務単価,トンネル特殊工,所定労働時間内8時間あたり,人日,pref,27,大阪府,,,,22300,JPY,labor_wage_8h,published_pdl,31400,原本の下段(括弧書き): 公共工事設計労務単価+必要経費(法定福利費の事業主負担額、労務管理費、宿舎費等)(参考値),2014-02,2014-02-01,mlit-roumu-h26,p16(横長の表) / p6(縦長の表),https://www.mlit.go.jp/common/001026047.pdf,PDL1.0,,
5b809541bbbd18a3,JP,labor,労務単価,トンネル作業員,所定労働時間内8時間あたり,人日,pref,27,大阪府,,,,18900,JPY,labor_wage_8h,published_pdl,26600,原本の下段(括弧書き): 公共工事設計労務単価+必要経費(法定福利費の事業主負担額、労務管理費、宿舎費等)(参考値),2014-02,2014-02-01,mlit-roumu-h26,p16(横長の表) / p6(縦長の表),https://www.mlit.go.jp/common/001026047.pdf,PDL1.0,,
5ec83414de830414,JP,labor,労務単価,トンネル世話役,所定労働時間内8時間あたり,人日,pref,27,大阪府,,,,25300,JPY,labor_wage_8h,published_pdl,35600,原本の下段(括弧書き): 公共工事設計労務単価+必要経費(法定福利費の事業主負担額、労務管理費、宿舎費等)(参考値),2014-02,2014-02-01,mlit-roumu-h26,p17(横長の表) / p7(縦長の表),https://www.mlit.go.jp/common/001026047.pdf,PDL1.0,,
0e2b197d57d6d6f0,JP,labor,労務単価,橋りょう特殊工,所定労働時間内8時間あたり,人日,pref,27,大阪府,,,,24500,JPY,labor_wage_8h,published_pdl,34400,原本の下段(括弧書き): 公共工事設計労務単価+必要経費(法定福利費の事業主負担額、労務管理費、宿舎費等)(参考値),2014-02,2014-02-01,mlit-roumu-h26,p17(横長の表) / p7(縦長の表),https://www.mlit.go.jp/common/001026047.pdf,PDL1.0,,
1d7099f38dc3f456,JP,labor,労務単価,橋りょう塗装工,所定労働時間内8時間あたり,人日,pref,27,大阪府,,,,25500,JPY,labor_wage_8h,published_pdl,35900,原本の下段(括弧書き): 公共工事設計労務単価+必要経費(法定福利費の事業主負担額、労務管理費、宿舎費等)(参考値),2014-02,2014-02-01,mlit-roumu-h26,p17(横長の表) / p7(縦長の表),https://www.mlit.go.jp/common/001026047.pdf,PDL1.0,,
d6468c4cc73dfcec,JP,labor,労務単価,橋りょう世話役,所定労働時間内8時間あたり,人日,pref,27,大阪府,,,,28600,JPY,labor_wage_8h,published_pdl,40200,原本の下段(括弧書き): 公共工事設計労務単価+必要経費(法定福利費の事業主負担額、労務管理費、宿舎費等)(参考値),2014-02,2014-02-01,mlit-roumu-h26,p17(横長の表) / p7(縦長の表),https://www.mlit.go.jp/common/001026047.pdf,PDL1.0,,
f92c2d48c2d27bc5,JP,labor,労務単価,土木一般世話役,所定労働時間内8時間あたり,人日,pref,27,大阪府,,,,21500,JPY,labor_wage_8h,published_pdl,30200,原本の下段(括弧書き): 公共工事設計労務単価+必要経費(法定福利費の事業主負担額、労務管理費、宿舎費等)(参考値),2014-02,2014-02-01,mlit-roumu-h26,p17(横長の表) / p7(縦長の表),https://www.mlit.go.jp/common/001026047.pdf,PDL1.0,,
a75097ec433f7c9a,JP,labor,労務単価,高級船員,所定労働時間内8時間あたり,人日,pref,27,大阪府,,,,23500,JPY,labor_wage_8h,published_pdl,33000,原本の下段(括弧書き): 公共工事設計労務単価+必要経費(法定福利費の事業主負担額、労務管理費、宿舎費等)(参考値),2014-02,2014-02-01,mlit-roumu-h26,p17(横長の表) / p7(縦長の表),https://www.mlit.go.jp/common/001026047.pdf,PDL1.0,,
9792a85083b1c6f6,JP,labor,労務単価,普通船員,所定労働時間内8時間あたり,人日,pref,27,大阪府,,,,19100,JPY,labor_wage_8h,published_pdl,26900,原本の下段(括弧書き): 公共工事設計労務単価+必要経費(法定福利費の事業主負担額、労務管理費、宿舎費等)(参考値),2014-02,2014-02-01,mlit-roumu-h26,p17(横長の表) / p7(縦長の表),https://www.mlit.go.jp/common/001026047.pdf,PDL1.0,,
3fe5523e160b8cca,JP,labor,労務単価,潜水士,所定労働時間内8時間あたり,人日,pref,27,大阪府,,,,29000,JPY,labor_wage_8h,published_pdl,40800,原本の下段(括弧書き): 公共工事設計労務単価+必要経費(法定福利費の事業主負担額、労務管理費、宿舎費等)(参考値),2014-02,2014-02-01,mlit-roumu-h26,p17(横長の表) / p7(縦長の表),https://www.mlit.go.jp/common/001026047.pdf,PDL1.0,,
3d7ad6b46f959dd6,JP,labor,労務単価,潜水連絡員,所定労働時間内8時間あたり,人日,pref,27,大阪府,,,,21000,JPY,labor_wage_8h,published_pdl,29500,原本の下段(括弧書き): 公共工事設計労務単価+必要経費(法定福利費の事業主負担額、労務管理費、宿舎費等)(参考値),2014-02,2014-02-01,mlit-roumu-h26,p17(横長の表) / p7(縦長の表),https://www.mlit.go.jp/common/001026047.pdf,PDL1.0,,
79200d0284104e4b,JP,labor,労務単価,潜水送気員,所定労働時間内8時間あたり,人日,pref,27,大阪府,,,,20400,JPY,labor_wage_8h,published_pdl,28700,原本の下段(括弧書き): 公共工事設計労務単価+必要経費(法定福利費の事業主負担額、労務管理費、宿舎費等)(参考値),2014-02,2014-02-01,mlit-roumu-h26,p17(横長の表) / p7(縦長の表),https://www.mlit.go.jp/common/001026047.pdf,PDL1.0,,
244cc8aa25b1e1bb,JP,labor,労務単価,山林砂防工,所定労働時間内8時間あたり,人日,pref,27,大阪府,,,,21500,JPY,labor_wage_8h,published_pdl,30200,原本の下段(括弧書き): 公共工事設計労務単価+必要経費(法定福利費の事業主負担額、労務管理費、宿舎費等)(参考値),2014-02,2014-02-01,mlit-roumu-h26,p17(横長の表) / p8(縦長の表),https://www.mlit.go.jp/common/001026047.pdf,PDL1.0,,
5b42c52e52869526,JP,labor,労務単価,軌道工,所定労働時間内8時間あたり,人日,pref,27,大阪府,,,,32100,JPY,labor_wage_8h,published_pdl,45100,原本の下段(括弧書き): 公共工事設計労務単価+必要経費(法定福利費の事業主負担額、労務管理費、宿舎費等)(参考値),2014-02,2014-02-01,mlit-roumu-h26,p17(横長の表) / p8(縦長の表),https://www.mlit.go.jp/common/001026047.pdf,PDL1.0,,
dac2476b167e74b6,JP,labor,労務単価,型わく工,所定労働時間内8時間あたり,人日,pref,27,大阪府,,,,21400,JPY,labor_wage_8h,published_pdl,30100,原本の下段(括弧書き): 公共工事設計労務単価+必要経費(法定福利費の事業主負担額、労務管理費、宿舎費等)(参考値),2014-02,2014-02-01,mlit-roumu-h26,p17(横長の表) / p8(縦長の表),https://www.mlit.go.jp/common/001026047.pdf,PDL1.0,,
e9477e4c835a42f6,JP,labor,労務単価,大工,所定労働時間内8時間あたり,人日,pref,27,大阪府,,,,19200,JPY,labor_wage_8h,published_pdl,27000,原本の下段(括弧書き): 公共工事設計労務単価+必要経費(法定福利費の事業主負担額、労務管理費、宿舎費等)(参考値),2014-02,2014-02-01,mlit-roumu-h26,p17(横長の表) / p8(縦長の表),https://www.mlit.go.jp/common/001026047.pdf,PDL1.0,,
18d15098501e5a6b,JP,labor,労務単価,左官,所定労働時間内8時間あたり,人日,pref,27,大阪府,,,,19900,JPY,labor_wage_8h,published_pdl,28000,原本の下段(括弧書き): 公共工事設計労務単価+必要経費(法定福利費の事業主負担額、労務管理費、宿舎費等)(参考値),2014-02,2014-02-01,mlit-roumu-h26,p17(横長の表) / p8(縦長の表),https://www.mlit.go.jp/common/001026047.pdf,PDL1.0,,
cfa8c26adee81746,JP,labor,労務単価,配管工,所定労働時間内8時間あたり,人日,pref,27,大阪府,,,,19700,JPY,labor_wage_8h,published_pdl,27700,原本の下段(括弧書き): 公共工事設計労務単価+必要経費(法定福利費の事業主負担額、労務管理費、宿舎費等)(参考値),2014-02,2014-02-01,mlit-roumu-h26,p17(横長の表) / p8(縦長の表),https://www.mlit.go.jp/common/001026047.pdf,PDL1.0,,
c7094aa636cdbcb0,JP,labor,労務単価,はつり工,所定労働時間内8時間あたり,人日,pref,27,大阪府,,,,20300,JPY,labor_wage_8h,published_pdl,28500,原本の下段(括弧書き): 公共工事設計労務単価+必要経費(法定福利費の事業主負担額、労務管理費、宿舎費等)(参考値),2014-02,2014-02-01,mlit-roumu-h26,p17(横長の表) / p8(縦長の表),https://www.mlit.go.jp/common/001026047.pdf,PDL1.0,,
07622e7875d5ab06,JP,labor,労務単価,防水工,所定労働時間内8時間あたり,人日,pref,27,大阪府,,,,20500,JPY,labor_wage_8h,published_pdl,28800,原本の下段(括弧書き): 公共工事設計労務単価+必要経費(法定福利費の事業主負担額、労務管理費、宿舎費等)(参考値),2014-02,2014-02-01,mlit-roumu-h26,p17(横長の表) / p8(縦長の表),https://www.mlit.go.jp/common/001026047.pdf,PDL1.0,,
606a6139b72f3a93,JP,labor,労務単価,板金工,所定労働時間内8時間あたり,人日,pref,27,大阪府,,,,19700,JPY,labor_wage_8h,published_pdl,27700,原本の下段(括弧書き): 公共工事設計労務単価+必要経費(法定福利費の事業主負担額、労務管理費、宿舎費等)(参考値),2014-02,2014-02-01,mlit-roumu-h26,p17(横長の表) / p8(縦長の表),https://www.mlit.go.jp/common/001026047.pdf,PDL1.0,,
42bd8a303f7669a0,JP,labor,労務単価,タイル工,所定労働時間内8時間あたり,人日,pref,27,大阪府,,,,,JPY,labor_wage_8h,not_set,,,2014-02,2014-02-01,mlit-roumu-h26,p17(横長の表) / p8(縦長の表),https://www.mlit.go.jp/common/001026047.pdf,PDL1.0,,原本の表で『-』(この都道府県ではこの職種の単価を設定していない)
24bff519e199a2b4,JP,labor,労務単価,サッシ工,所定労働時間内8時間あたり,人日,pref,27,大阪府,,,,19000,JPY,labor_wage_8h,published_pdl,26700,原本の下段(括弧書き): 公共工事設計労務単価+必要経費(法定福利費の事業主負担額、労務管理費、宿舎費等)(参考値),2014-02,2014-02-01,mlit-roumu-h26,p18(横長の表) / p9(縦長の表),https://www.mlit.go.jp/common/001026047.pdf,PDL1.0,,
d12c5ef9e7096407,JP,labor,労務単価,内装工,所定労働時間内8時間あたり,人日,pref,27,大阪府,,,,20600,JPY,labor_wage_8h,published_pdl,29000,原本の下段(括弧書き): 公共工事設計労務単価+必要経費(法定福利費の事業主負担額、労務管理費、宿舎費等)(参考値),2014-02,2014-02-01,mlit-roumu-h26,p18(横長の表) / p9(縦長の表),https://www.mlit.go.jp/common/001026047.pdf,PDL1.0,,
64de8cbc92370d09,JP,labor,労務単価,ガラス工,所定労働時間内8時間あたり,人日,pref,27,大阪府,,,,19200,JPY,labor_wage_8h,published_pdl,27000,原本の下段(括弧書き): 公共工事設計労務単価+必要経費(法定福利費の事業主負担額、労務管理費、宿舎費等)(参考値),2014-02,2014-02-01,mlit-roumu-h26,p18(横長の表) / p9(縦長の表),https://www.mlit.go.jp/common/001026047.pdf,PDL1.0,,
ae10976c603af405,JP,labor,労務単価,建具工,所定労働時間内8時間あたり,人日,pref,27,大阪府,,,,19100,JPY,labor_wage_8h,published_pdl,26900,原本の下段(括弧書き): 公共工事設計労務単価+必要経費(法定福利費の事業主負担額、労務管理費、宿舎費等)(参考値),2014-02,2014-02-01,mlit-roumu-h26,p18(横長の表) / p9(縦長の表),https://www.mlit.go.jp/common/001026047.pdf,PDL1.0,,
26a5c83a962a1cd6,JP,labor,労務単価,ダクト工,所定労働時間内8時間あたり,人日,pref,27,大阪府,,,,17800,JPY,labor_wage_8h,published_pdl,25000,原本の下段(括弧書き): 公共工事設計労務単価+必要経費(法定福利費の事業主負担額、労務管理費、宿舎費等)(参考値),2014-02,2014-02-01,mlit-roumu-h26,p18(横長の表) / p9(縦長の表),https://www.mlit.go.jp/common/001026047.pdf,PDL1.0,,
2ad8239e725c4822,JP,labor,労務単価,保温工,所定労働時間内8時間あたり,人日,pref,27,大阪府,,,,20500,JPY,labor_wage_8h,published_pdl,28800,原本の下段(括弧書き): 公共工事設計労務単価+必要経費(法定福利費の事業主負担額、労務管理費、宿舎費等)(参考値),2014-02,2014-02-01,mlit-roumu-h26,p18(横長の表) / p9(縦長の表),https://www.mlit.go.jp/common/001026047.pdf,PDL1.0,,
38f4deabbd17836d,JP,labor,労務単価,建築ブロック工,所定労働時間内8時間あたり,人日,pref,27,大阪府,,,,,JPY,labor_wage_8h,not_set,,,2014-02,2014-02-01,mlit-roumu-h26,p18(横長の表) / p9(縦長の表),https://www.mlit.go.jp/common/001026047.pdf,PDL1.0,,原本の表で『-』(この都道府県ではこの職種の単価を設定していない)
82bb5a3da632a2e4,JP,labor,労務単価,設備機械工,所定労働時間内8時間あたり,人日,pref,27,大阪府,,,,21200,JPY,labor_wage_8h,published_pdl,29800,原本の下段(括弧書き): 公共工事設計労務単価+必要経費(法定福利費の事業主負担額、労務管理費、宿舎費等)(参考値),2014-02,2014-02-01,mlit-roumu-h26,p18(横長の表) / p9(縦長の表),https://www.mlit.go.jp/common/001026047.pdf,PDL1.0,,
f871d7016dff5ab1,JP,labor,労務単価,交通誘導警備員Ａ,所定労働時間内8時間あたり,人日,pref,27,大阪府,,,,10500,JPY,labor_wage_8h,published_pdl,14800,原本の下段(括弧書き): 公共工事設計労務単価+必要経費(法定福利費の事業主負担額、労務管理費、宿舎費等)(参考値),2014-02,2014-02-01,mlit-roumu-h26,p18(横長の表) / p9(縦長の表),https://www.mlit.go.jp/common/001026047.pdf,PDL1.0,,
9fc45da8c37a1315,JP,labor,労務単価,交通誘導警備員Ｂ,所定労働時間内8時間あたり,人日,pref,27,大阪府,,,,9100,JPY,labor_wage_8h,published_pdl,12800,原本の下段(括弧書き): 公共工事設計労務単価+必要経費(法定福利費の事業主負担額、労務管理費、宿舎費等)(参考値),2014-02,2014-02-01,mlit-roumu-h26,p18(横長の表) / p9(縦長の表),https://www.mlit.go.jp/common/001026047.pdf,PDL1.0,,
d6c4bbe6771687e4,JP,labor,労務単価,特殊作業員,所定労働時間内8時間あたり,人日,pref,28,兵庫県,,,,17600,JPY,labor_wage_8h,published_pdl,24700,原本の下段(括弧書き): 公共工事設計労務単価+必要経費(法定福利費の事業主負担額、労務管理費、宿舎費等)(参考値),2014-02,2014-02-01,mlit-roumu-h26,p16(横長の表) / p5(縦長の表),https://www.mlit.go.jp/common/001026047.pdf,PDL1.0,,
9371701a82a97252,JP,labor,労務単価,普通作業員,所定労働時間内8時間あたり,人日,pref,28,兵庫県,,,,16200,JPY,labor_wage_8h,published_pdl,22800,原本の下段(括弧書き): 公共工事設計労務単価+必要経費(法定福利費の事業主負担額、労務管理費、宿舎費等)(参考値),2014-02,2014-02-01,mlit-roumu-h26,p16(横長の表) / p5(縦長の表),https://www.mlit.go.jp/common/001026047.pdf,PDL1.0,,
66d71928364d6132,JP,labor,労務単価,軽作業員,所定労働時間内8時間あたり,人日,pref,28,兵庫県,,,,11300,JPY,labor_wage_8h,published_pdl,15900,原本の下段(括弧書き): 公共工事設計労務単価+必要経費(法定福利費の事業主負担額、労務管理費、宿舎費等)(参考値),2014-02,2014-02-01,mlit-roumu-h26,p16(横長の表) / p5(縦長の表),https://www.mlit.go.jp/common/001026047.pdf,PDL1.0,,
ba424562e6b98413,JP,labor,労務単価,造園工,所定労働時間内8時間あたり,人日,pref,28,兵庫県,,,,18300,JPY,labor_wage_8h,published_pdl,25700,原本の下段(括弧書き): 公共工事設計労務単価+必要経費(法定福利費の事業主負担額、労務管理費、宿舎費等)(参考値),2014-02,2014-02-01,mlit-roumu-h26,p16(横長の表) / p5(縦長の表),https://www.mlit.go.jp/common/001026047.pdf,PDL1.0,,
44e627e8a082d635,JP,labor,労務単価,法面工,所定労働時間内8時間あたり,人日,pref,28,兵庫県,,,,20400,JPY,labor_wage_8h,published_pdl,28700,原本の下段(括弧書き): 公共工事設計労務単価+必要経費(法定福利費の事業主負担額、労務管理費、宿舎費等)(参考値),2014-02,2014-02-01,mlit-roumu-h26,p16(横長の表) / p5(縦長の表),https://www.mlit.go.jp/common/001026047.pdf,PDL1.0,,
282aa2c83e47ecf8,JP,labor,労務単価,とび工,所定労働時間内8時間あたり,人日,pref,28,兵庫県,,,,20400,JPY,labor_wage_8h,published_pdl,28700,原本の下段(括弧書き): 公共工事設計労務単価+必要経費(法定福利費の事業主負担額、労務管理費、宿舎費等)(参考値),2014-02,2014-02-01,mlit-roumu-h26,p16(横長の表) / p5(縦長の表),https://www.mlit.go.jp/common/001026047.pdf,PDL1.0,,
a1fa5aa914c6df68,JP,labor,労務単価,石工,所定労働時間内8時間あたり,人日,pref,28,兵庫県,,,,25700,JPY,labor_wage_8h,published_pdl,36100,原本の下段(括弧書き): 公共工事設計労務単価+必要経費(法定福利費の事業主負担額、労務管理費、宿舎費等)(参考値),2014-02,2014-02-01,mlit-roumu-h26,p16(横長の表) / p5(縦長の表),https://www.mlit.go.jp/common/001026047.pdf,PDL1.0,,
647073edd40d3c04,JP,labor,労務単価,ブロック工,所定労働時間内8時間あたり,人日,pref,28,兵庫県,,,,22300,JPY,labor_wage_8h,published_pdl,31400,原本の下段(括弧書き): 公共工事設計労務単価+必要経費(法定福利費の事業主負担額、労務管理費、宿舎費等)(参考値),2014-02,2014-02-01,mlit-roumu-h26,p16(横長の表) / p5(縦長の表),https://www.mlit.go.jp/common/001026047.pdf,PDL1.0,,
cb48ab8328bd7854,JP,labor,労務単価,電工,所定労働時間内8時間あたり,人日,pref,28,兵庫県,,,,18400,JPY,labor_wage_8h,published_pdl,25900,原本の下段(括弧書き): 公共工事設計労務単価+必要経費(法定福利費の事業主負担額、労務管理費、宿舎費等)(参考値),2014-02,2014-02-01,mlit-roumu-h26,p16(横長の表) / p5(縦長の表),https://www.mlit.go.jp/common/001026047.pdf,PDL1.0,,
07b08afd0029ce3b,JP,labor,労務単価,鉄筋工,所定労働時間内8時間あたり,人日,pref,28,兵庫県,,,,18500,JPY,labor_wage_8h,published_pdl,26000,原本の下段(括弧書き): 公共工事設計労務単価+必要経費(法定福利費の事業主負担額、労務管理費、宿舎費等)(参考値),2014-02,2014-02-01,mlit-roumu-h26,p16(横長の表) / p5(縦長の表),https://www.mlit.go.jp/common/001026047.pdf,PDL1.0,,
20d69d10a961721e,JP,labor,労務単価,鉄骨工,所定労働時間内8時間あたり,人日,pref,28,兵庫県,,,,18200,JPY,labor_wage_8h,published_pdl,25600,原本の下段(括弧書き): 公共工事設計労務単価+必要経費(法定福利費の事業主負担額、労務管理費、宿舎費等)(参考値),2014-02,2014-02-01,mlit-roumu-h26,p16(横長の表) / p6(縦長の表),https://www.mlit.go.jp/common/001026047.pdf,PDL1.0,,
aafcf4e32612c724,JP,labor,労務単価,塗装工,所定労働時間内8時間あたり,人日,pref,28,兵庫県,,,,19400,JPY,labor_wage_8h,published_pdl,27300,原本の下段(括弧書き): 公共工事設計労務単価+必要経費(法定福利費の事業主負担額、労務管理費、宿舎費等)(参考値),2014-02,2014-02-01,mlit-roumu-h26,p16(横長の表) / p6(縦長の表),https://www.mlit.go.jp/common/001026047.pdf,PDL1.0,,
0f61a77a8d52d751,JP,labor,労務単価,溶接工,所定労働時間内8時間あたり,人日,pref,28,兵庫県,,,,20800,JPY,labor_wage_8h,published_pdl,29200,原本の下段(括弧書き): 公共工事設計労務単価+必要経費(法定福利費の事業主負担額、労務管理費、宿舎費等)(参考値),2014-02,2014-02-01,mlit-roumu-h26,p16(横長の表) / p6(縦長の表),https://www.mlit.go.jp/common/001026047.pdf,PDL1.0,,
99ef07dace380ba8,JP,labor,労務単価,運転手（特殊）,所定労働時間内8時間あたり,人日,pref,28,兵庫県,,,,17800,JPY,labor_wage_8h,published_pdl,25000,原本の下段(括弧書き): 公共工事設計労務単価+必要経費(法定福利費の事業主負担額、労務管理費、宿舎費等)(参考値),2014-02,2014-02-01,mlit-roumu-h26,p16(横長の表) / p6(縦長の表),https://www.mlit.go.jp/common/001026047.pdf,PDL1.0,,
cf42a3ca5160bd9f,JP,labor,労務単価,運転手（一般）,所定労働時間内8時間あたり,人日,pref,28,兵庫県,,,,16100,JPY,labor_wage_8h,published_pdl,22600,原本の下段(括弧書き): 公共工事設計労務単価+必要経費(法定福利費の事業主負担額、労務管理費、宿舎費等)(参考値),2014-02,2014-02-01,mlit-roumu-h26,p16(横長の表) / p6(縦長の表),https://www.mlit.go.jp/common/001026047.pdf,PDL1.0,,
0d208068ace9f254,JP,labor,労務単価,潜かん工,所定労働時間内8時間あたり,人日,pref,28,兵庫県,,,,25400,JPY,labor_wage_8h,published_pdl,35700,原本の下段(括弧書き): 公共工事設計労務単価+必要経費(法定福利費の事業主負担額、労務管理費、宿舎費等)(参考値),2014-02,2014-02-01,mlit-roumu-h26,p16(横長の表) / p6(縦長の表),https://www.mlit.go.jp/common/001026047.pdf,PDL1.0,,
b5f880ec839ae3b5,JP,labor,労務単価,潜かん世話役,所定労働時間内8時間あたり,人日,pref,28,兵庫県,,,,30000,JPY,labor_wage_8h,published_pdl,42200,原本の下段(括弧書き): 公共工事設計労務単価+必要経費(法定福利費の事業主負担額、労務管理費、宿舎費等)(参考値),2014-02,2014-02-01,mlit-roumu-h26,p16(横長の表) / p6(縦長の表),https://www.mlit.go.jp/common/001026047.pdf,PDL1.0,,
dd36ec8a5060fcd6,JP,labor,労務単価,さく岩工,所定労働時間内8時間あたり,人日,pref,28,兵庫県,,,,20500,JPY,labor_wage_8h,published_pdl,28800,原本の下段(括弧書き): 公共工事設計労務単価+必要経費(法定福利費の事業主負担額、労務管理費、宿舎費等)(参考値),2014-02,2014-02-01,mlit-roumu-h26,p16(横長の表) / p6(縦長の表),https://www.mlit.go.jp/common/001026047.pdf,PDL1.0,,
47e67bf046690c4f,JP,labor,労務単価,トンネル特殊工,所定労働時間内8時間あたり,人日,pref,28,兵庫県,,,,21600,JPY,labor_wage_8h,published_pdl,30400,原本の下段(括弧書き): 公共工事設計労務単価+必要経費(法定福利費の事業主負担額、労務管理費、宿舎費等)(参考値),2014-02,2014-02-01,mlit-roumu-h26,p16(横長の表) / p6(縦長の表),https://www.mlit.go.jp/common/001026047.pdf,PDL1.0,,
127e0a8ee84eb976,JP,labor,労務単価,トンネル作業員,所定労働時間内8時間あたり,人日,pref,28,兵庫県,,,,19700,JPY,labor_wage_8h,published_pdl,27700,原本の下段(括弧書き): 公共工事設計労務単価+必要経費(法定福利費の事業主負担額、労務管理費、宿舎費等)(参考値),2014-02,2014-02-01,mlit-roumu-h26,p16(横長の表) / p6(縦長の表),https://www.mlit.go.jp/common/001026047.pdf,PDL1.0,,
84eb8af04f668d8f,JP,labor,労務単価,トンネル世話役,所定労働時間内8時間あたり,人日,pref,28,兵庫県,,,,25300,JPY,labor_wage_8h,published_pdl,35600,原本の下段(括弧書き): 公共工事設計労務単価+必要経費(法定福利費の事業主負担額、労務管理費、宿舎費等)(参考値),2014-02,2014-02-01,mlit-roumu-h26,p17(横長の表) / p7(縦長の表),https://www.mlit.go.jp/common/001026047.pdf,PDL1.0,,
03deba78c0c0a142,JP,labor,労務単価,橋りょう特殊工,所定労働時間内8時間あたり,人日,pref,28,兵庫県,,,,24500,JPY,labor_wage_8h,published_pdl,34400,原本の下段(括弧書き): 公共工事設計労務単価+必要経費(法定福利費の事業主負担額、労務管理費、宿舎費等)(参考値),2014-02,2014-02-01,mlit-roumu-h26,p17(横長の表) / p7(縦長の表),https://www.mlit.go.jp/common/001026047.pdf,PDL1.0,,
74ecb1d563f6e4fc,JP,labor,労務単価,橋りょう塗装工,所定労働時間内8時間あたり,人日,pref,28,兵庫県,,,,25400,JPY,labor_wage_8h,published_pdl,35700,原本の下段(括弧書き): 公共工事設計労務単価+必要経費(法定福利費の事業主負担額、労務管理費、宿舎費等)(参考値),2014-02,2014-02-01,mlit-roumu-h26,p17(横長の表) / p7(縦長の表),https://www.mlit.go.jp/common/001026047.pdf,PDL1.0,,
2b9e3aaa9655a072,JP,labor,労務単価,橋りょう世話役,所定労働時間内8時間あたり,人日,pref,28,兵庫県,,,,28200,JPY,labor_wage_8h,published_pdl,39600,原本の下段(括弧書き): 公共工事設計労務単価+必要経費(法定福利費の事業主負担額、労務管理費、宿舎費等)(参考値),2014-02,2014-02-01,mlit-roumu-h26,p17(横長の表) / p7(縦長の表),https://www.mlit.go.jp/common/001026047.pdf,PDL1.0,,
56ecbf7fcf01395d,JP,labor,労務単価,土木一般世話役,所定労働時間内8時間あたり,人日,pref,28,兵庫県,,,,20300,JPY,labor_wage_8h,published_pdl,28500,原本の下段(括弧書き): 公共工事設計労務単価+必要経費(法定福利費の事業主負担額、労務管理費、宿舎費等)(参考値),2014-02,2014-02-01,mlit-roumu-h26,p17(横長の表) / p7(縦長の表),https://www.mlit.go.jp/common/001026047.pdf,PDL1.0,,
c944ffe4c23c0042,JP,labor,労務単価,高級船員,所定労働時間内8時間あたり,人日,pref,28,兵庫県,,,,23500,JPY,labor_wage_8h,published_pdl,33000,原本の下段(括弧書き): 公共工事設計労務単価+必要経費(法定福利費の事業主負担額、労務管理費、宿舎費等)(参考値),2014-02,2014-02-01,mlit-roumu-h26,p17(横長の表) / p7(縦長の表),https://www.mlit.go.jp/common/001026047.pdf,PDL1.0,,
b1d7aadcade6e468,JP,labor,労務単価,普通船員,所定労働時間内8時間あたり,人日,pref,28,兵庫県,,,,19100,JPY,labor_wage_8h,published_pdl,26900,原本の下段(括弧書き): 公共工事設計労務単価+必要経費(法定福利費の事業主負担額、労務管理費、宿舎費等)(参考値),2014-02,2014-02-01,mlit-roumu-h26,p17(横長の表) / p7(縦長の表),https://www.mlit.go.jp/common/001026047.pdf,PDL1.0,,
92377248b2ea7b86,JP,labor,労務単価,潜水士,所定労働時間内8時間あたり,人日,pref,28,兵庫県,,,,29800,JPY,labor_wage_8h,published_pdl,41900,原本の下段(括弧書き): 公共工事設計労務単価+必要経費(法定福利費の事業主負担額、労務管理費、宿舎費等)(参考値),2014-02,2014-02-01,mlit-roumu-h26,p17(横長の表) / p7(縦長の表),https://www.mlit.go.jp/common/001026047.pdf,PDL1.0,,
4c1736d03757c30f,JP,labor,労務単価,潜水連絡員,所定労働時間内8時間あたり,人日,pref,28,兵庫県,,,,21700,JPY,labor_wage_8h,published_pdl,30500,原本の下段(括弧書き): 公共工事設計労務単価+必要経費(法定福利費の事業主負担額、労務管理費、宿舎費等)(参考値),2014-02,2014-02-01,mlit-roumu-h26,p17(横長の表) / p7(縦長の表),https://www.mlit.go.jp/common/001026047.pdf,PDL1.0,,
c4b531fea478f512,JP,labor,労務単価,潜水送気員,所定労働時間内8時間あたり,人日,pref,28,兵庫県,,,,20800,JPY,labor_wage_8h,published_pdl,29200,原本の下段(括弧書き): 公共工事設計労務単価+必要経費(法定福利費の事業主負担額、労務管理費、宿舎費等)(参考値),2014-02,2014-02-01,mlit-roumu-h26,p17(横長の表) / p7(縦長の表),https://www.mlit.go.jp/common/001026047.pdf,PDL1.0,,
d6404ae5c957e183,JP,labor,労務単価,山林砂防工,所定労働時間内8時間あたり,人日,pref,28,兵庫県,,,,21500,JPY,labor_wage_8h,published_pdl,30200,原本の下段(括弧書き): 公共工事設計労務単価+必要経費(法定福利費の事業主負担額、労務管理費、宿舎費等)(参考値),2014-02,2014-02-01,mlit-roumu-h26,p17(横長の表) / p8(縦長の表),https://www.mlit.go.jp/common/001026047.pdf,PDL1.0,,
af2d9ab05d996044,JP,labor,労務単価,軌道工,所定労働時間内8時間あたり,人日,pref,28,兵庫県,,,,30600,JPY,labor_wage_8h,published_pdl,43000,原本の下段(括弧書き): 公共工事設計労務単価+必要経費(法定福利費の事業主負担額、労務管理費、宿舎費等)(参考値),2014-02,2014-02-01,mlit-roumu-h26,p17(横長の表) / p8(縦長の表),https://www.mlit.go.jp/common/001026047.pdf,PDL1.0,,
160c9c80a277d925,JP,labor,労務単価,型わく工,所定労働時間内8時間あたり,人日,pref,28,兵庫県,,,,20000,JPY,labor_wage_8h,published_pdl,28100,原本の下段(括弧書き): 公共工事設計労務単価+必要経費(法定福利費の事業主負担額、労務管理費、宿舎費等)(参考値),2014-02,2014-02-01,mlit-roumu-h26,p17(横長の表) / p8(縦長の表),https://www.mlit.go.jp/common/001026047.pdf,PDL1.0,,
bb8d05b2fdf8bcd3,JP,labor,労務単価,大工,所定労働時間内8時間あたり,人日,pref,28,兵庫県,,,,18800,JPY,labor_wage_8h,published_pdl,26400,原本の下段(括弧書き): 公共工事設計労務単価+必要経費(法定福利費の事業主負担額、労務管理費、宿舎費等)(参考値),2014-02,2014-02-01,mlit-roumu-h26,p17(横長の表) / p8(縦長の表),https://www.mlit.go.jp/common/001026047.pdf,PDL1.0,,
1170a0a2496b0285,JP,labor,労務単価,左官,所定労働時間内8時間あたり,人日,pref,28,兵庫県,,,,19000,JPY,labor_wage_8h,published_pdl,26700,原本の下段(括弧書き): 公共工事設計労務単価+必要経費(法定福利費の事業主負担額、労務管理費、宿舎費等)(参考値),2014-02,2014-02-01,mlit-roumu-h26,p17(横長の表) / p8(縦長の表),https://www.mlit.go.jp/common/001026047.pdf,PDL1.0,,
d699500e3598f2b4,JP,labor,労務単価,配管工,所定労働時間内8時間あたり,人日,pref,28,兵庫県,,,,17900,JPY,labor_wage_8h,published_pdl,25200,原本の下段(括弧書き): 公共工事設計労務単価+必要経費(法定福利費の事業主負担額、労務管理費、宿舎費等)(参考値),2014-02,2014-02-01,mlit-roumu-h26,p17(横長の表) / p8(縦長の表),https://www.mlit.go.jp/common/001026047.pdf,PDL1.0,,
5e34b91af66af7e5,JP,labor,労務単価,はつり工,所定労働時間内8時間あたり,人日,pref,28,兵庫県,,,,19900,JPY,labor_wage_8h,published_pdl,28000,原本の下段(括弧書き): 公共工事設計労務単価+必要経費(法定福利費の事業主負担額、労務管理費、宿舎費等)(参考値),2014-02,2014-02-01,mlit-roumu-h26,p17(横長の表) / p8(縦長の表),https://www.mlit.go.jp/common/001026047.pdf,PDL1.0,,
4408fecf09754990,JP,labor,労務単価,防水工,所定労働時間内8時間あたり,人日,pref,28,兵庫県,,,,19700,JPY,labor_wage_8h,published_pdl,27700,原本の下段(括弧書き): 公共工事設計労務単価+必要経費(法定福利費の事業主負担額、労務管理費、宿舎費等)(参考値),2014-02,2014-02-01,mlit-roumu-h26,p17(横長の表) / p8(縦長の表),https://www.mlit.go.jp/common/001026047.pdf,PDL1.0,,
b6b0dc79b2ee45eb,JP,labor,労務単価,板金工,所定労働時間内8時間あたり,人日,pref,28,兵庫県,,,,18800,JPY,labor_wage_8h,published_pdl,26400,原本の下段(括弧書き): 公共工事設計労務単価+必要経費(法定福利費の事業主負担額、労務管理費、宿舎費等)(参考値),2014-02,2014-02-01,mlit-roumu-h26,p17(横長の表) / p8(縦長の表),https://www.mlit.go.jp/common/001026047.pdf,PDL1.0,,
0d2279546a4c5fba,JP,labor,労務単価,タイル工,所定労働時間内8時間あたり,人日,pref,28,兵庫県,,,,,JPY,labor_wage_8h,not_set,,,2014-02,2014-02-01,mlit-roumu-h26,p17(横長の表) / p8(縦長の表),https://www.mlit.go.jp/common/001026047.pdf,PDL1.0,,原本の表で『-』(この都道府県ではこの職種の単価を設定していない)
298b2424c8d8967b,JP,labor,労務単価,サッシ工,所定労働時間内8時間あたり,人日,pref,28,兵庫県,,,,18100,JPY,labor_wage_8h,published_pdl,25400,原本の下段(括弧書き): 公共工事設計労務単価+必要経費(法定福利費の事業主負担額、労務管理費、宿舎費等)(参考値),2014-02,2014-02-01,mlit-roumu-h26,p18(横長の表) / p9(縦長の表),https://www.mlit.go.jp/common/001026047.pdf,PDL1.0,,
4370789ca5853830,JP,labor,労務単価,内装工,所定労働時間内8時間あたり,人日,pref,28,兵庫県,,,,20600,JPY,labor_wage_8h,published_pdl,29000,原本の下段(括弧書き): 公共工事設計労務単価+必要経費(法定福利費の事業主負担額、労務管理費、宿舎費等)(参考値),2014-02,2014-02-01,mlit-roumu-h26,p18(横長の表) / p9(縦長の表),https://www.mlit.go.jp/common/001026047.pdf,PDL1.0,,
c84c103f4f92247a,JP,labor,労務単価,ガラス工,所定労働時間内8時間あたり,人日,pref,28,兵庫県,,,,19200,JPY,labor_wage_8h,published_pdl,27000,原本の下段(括弧書き): 公共工事設計労務単価+必要経費(法定福利費の事業主負担額、労務管理費、宿舎費等)(参考値),2014-02,2014-02-01,mlit-roumu-h26,p18(横長の表) / p9(縦長の表),https://www.mlit.go.jp/common/001026047.pdf,PDL1.0,,
ea22f0fd10089ab4,JP,labor,労務単価,建具工,所定労働時間内8時間あたり,人日,pref,28,兵庫県,,,,17700,JPY,labor_wage_8h,published_pdl,24900,原本の下段(括弧書き): 公共工事設計労務単価+必要経費(法定福利費の事業主負担額、労務管理費、宿舎費等)(参考値),2014-02,2014-02-01,mlit-roumu-h26,p18(横長の表) / p9(縦長の表),https://www.mlit.go.jp/common/001026047.pdf,PDL1.0,,
bfc2a5ab426f14ff,JP,labor,労務単価,ダクト工,所定労働時間内8時間あたり,人日,pref,28,兵庫県,,,,17700,JPY,labor_wage_8h,published_pdl,24900,原本の下段(括弧書き): 公共工事設計労務単価+必要経費(法定福利費の事業主負担額、労務管理費、宿舎費等)(参考値),2014-02,2014-02-01,mlit-roumu-h26,p18(横長の表) / p9(縦長の表),https://www.mlit.go.jp/common/001026047.pdf,PDL1.0,,
cdd86680ae5a4394,JP,labor,労務単価,保温工,所定労働時間内8時間あたり,人日,pref,28,兵庫県,,,,20500,JPY,labor_wage_8h,published_pdl,28800,原本の下段(括弧書き): 公共工事設計労務単価+必要経費(法定福利費の事業主負担額、労務管理費、宿舎費等)(参考値),2014-02,2014-02-01,mlit-roumu-h26,p18(横長の表) / p9(縦長の表),https://www.mlit.go.jp/common/001026047.pdf,PDL1.0,,
0e58c7e3d3fcd269,JP,labor,労務単価,建築ブロック工,所定労働時間内8時間あたり,人日,pref,28,兵庫県,,,,,JPY,labor_wage_8h,not_set,,,2014-02,2014-02-01,mlit-roumu-h26,p18(横長の表) / p9(縦長の表),https://www.mlit.go.jp/common/001026047.pdf,PDL1.0,,原本の表で『-』(この都道府県ではこの職種の単価を設定していない)
a98b114eebfdb7fa,JP,labor,労務単価,設備機械工,所定労働時間内8時間あたり,人日,pref,28,兵庫県,,,,21400,JPY,labor_wage_8h,published_pdl,30100,原本の下段(括弧書き): 公共工事設計労務単価+必要経費(法定福利費の事業主負担額、労務管理費、宿舎費等)(参考値),2014-02,2014-02-01,mlit-roumu-h26,p18(横長の表) / p9(縦長の表),https://www.mlit.go.jp/common/001026047.pdf,PDL1.0,,
f33dc2555da01692,JP,labor,労務単価,交通誘導警備員Ａ,所定労働時間内8時間あたり,人日,pref,28,兵庫県,,,,10500,JPY,labor_wage_8h,published_pdl,14800,原本の下段(括弧書き): 公共工事設計労務単価+必要経費(法定福利費の事業主負担額、労務管理費、宿舎費等)(参考値),2014-02,2014-02-01,mlit-roumu-h26,p18(横長の表) / p9(縦長の表),https://www.mlit.go.jp/common/001026047.pdf,PDL1.0,,
1f2b696b13d80f7f,JP,labor,労務単価,交通誘導警備員Ｂ,所定労働時間内8時間あたり,人日,pref,28,兵庫県,,,,9000,JPY,labor_wage_8h,published_pdl,12700,原本の下段(括弧書き): 公共工事設計労務単価+必要経費(法定福利費の事業主負担額、労務管理費、宿舎費等)(参考値),2014-02,2014-02-01,mlit-roumu-h26,p18(横長の表) / p9(縦長の表),https://www.mlit.go.jp/common/001026047.pdf,PDL1.0,,
b5e9238bd15c44c9,JP,labor,労務単価,特殊作業員,所定労働時間内8時間あたり,人日,pref,29,奈良県,,,,18800,JPY,labor_wage_8h,published_pdl,26400,原本の下段(括弧書き): 公共工事設計労務単価+必要経費(法定福利費の事業主負担額、労務管理費、宿舎費等)(参考値),2014-02,2014-02-01,mlit-roumu-h26,p16(横長の表) / p5(縦長の表),https://www.mlit.go.jp/common/001026047.pdf,PDL1.0,,
584248870e08ccf4,JP,labor,労務単価,普通作業員,所定労働時間内8時間あたり,人日,pref,29,奈良県,,,,16200,JPY,labor_wage_8h,published_pdl,22800,原本の下段(括弧書き): 公共工事設計労務単価+必要経費(法定福利費の事業主負担額、労務管理費、宿舎費等)(参考値),2014-02,2014-02-01,mlit-roumu-h26,p16(横長の表) / p5(縦長の表),https://www.mlit.go.jp/common/001026047.pdf,PDL1.0,,
7c5436a9862b697e,JP,labor,労務単価,軽作業員,所定労働時間内8時間あたり,人日,pref,29,奈良県,,,,12200,JPY,labor_wage_8h,published_pdl,17200,原本の下段(括弧書き): 公共工事設計労務単価+必要経費(法定福利費の事業主負担額、労務管理費、宿舎費等)(参考値),2014-02,2014-02-01,mlit-roumu-h26,p16(横長の表) / p5(縦長の表),https://www.mlit.go.jp/common/001026047.pdf,PDL1.0,,
73168a060557a3c5,JP,labor,労務単価,造園工,所定労働時間内8時間あたり,人日,pref,29,奈良県,,,,18900,JPY,labor_wage_8h,published_pdl,26600,原本の下段(括弧書き): 公共工事設計労務単価+必要経費(法定福利費の事業主負担額、労務管理費、宿舎費等)(参考値),2014-02,2014-02-01,mlit-roumu-h26,p16(横長の表) / p5(縦長の表),https://www.mlit.go.jp/common/001026047.pdf,PDL1.0,,
beec4cfbbc44c409,JP,labor,労務単価,法面工,所定労働時間内8時間あたり,人日,pref,29,奈良県,,,,20500,JPY,labor_wage_8h,published_pdl,28800,原本の下段(括弧書き): 公共工事設計労務単価+必要経費(法定福利費の事業主負担額、労務管理費、宿舎費等)(参考値),2014-02,2014-02-01,mlit-roumu-h26,p16(横長の表) / p5(縦長の表),https://www.mlit.go.jp/common/001026047.pdf,PDL1.0,,
e1a1c5fa35dc4d3e,JP,labor,労務単価,とび工,所定労働時間内8時間あたり,人日,pref,29,奈良県,,,,20700,JPY,labor_wage_8h,published_pdl,29100,原本の下段(括弧書き): 公共工事設計労務単価+必要経費(法定福利費の事業主負担額、労務管理費、宿舎費等)(参考値),2014-02,2014-02-01,mlit-roumu-h26,p16(横長の表) / p5(縦長の表),https://www.mlit.go.jp/common/001026047.pdf,PDL1.0,,
8d041fda9c42e579,JP,labor,労務単価,石工,所定労働時間内8時間あたり,人日,pref,29,奈良県,,,,,JPY,labor_wage_8h,not_set,,,2014-02,2014-02-01,mlit-roumu-h26,p16(横長の表) / p5(縦長の表),https://www.mlit.go.jp/common/001026047.pdf,PDL1.0,,原本の表で『-』(この都道府県ではこの職種の単価を設定していない)
b6553935988938f0,JP,labor,労務単価,ブロック工,所定労働時間内8時間あたり,人日,pref,29,奈良県,,,,22400,JPY,labor_wage_8h,published_pdl,31500,原本の下段(括弧書き): 公共工事設計労務単価+必要経費(法定福利費の事業主負担額、労務管理費、宿舎費等)(参考値),2014-02,2014-02-01,mlit-roumu-h26,p16(横長の表) / p5(縦長の表),https://www.mlit.go.jp/common/001026047.pdf,PDL1.0,,
10592870401d8f9b,JP,labor,労務単価,電工,所定労働時間内8時間あたり,人日,pref,29,奈良県,,,,19100,JPY,labor_wage_8h,published_pdl,26900,原本の下段(括弧書き): 公共工事設計労務単価+必要経費(法定福利費の事業主負担額、労務管理費、宿舎費等)(参考値),2014-02,2014-02-01,mlit-roumu-h26,p16(横長の表) / p5(縦長の表),https://www.mlit.go.jp/common/001026047.pdf,PDL1.0,,
081aba64f46b2bd1,JP,labor,労務単価,鉄筋工,所定労働時間内8時間あたり,人日,pref,29,奈良県,,,,19400,JPY,labor_wage_8h,published_pdl,27300,原本の下段(括弧書き): 公共工事設計労務単価+必要経費(法定福利費の事業主負担額、労務管理費、宿舎費等)(参考値),2014-02,2014-02-01,mlit-roumu-h26,p16(横長の表) / p5(縦長の表),https://www.mlit.go.jp/common/001026047.pdf,PDL1.0,,
f8cb0bdff4080f88,JP,labor,労務単価,鉄骨工,所定労働時間内8時間あたり,人日,pref,29,奈良県,,,,19300,JPY,labor_wage_8h,published_pdl,27100,原本の下段(括弧書き): 公共工事設計労務単価+必要経費(法定福利費の事業主負担額、労務管理費、宿舎費等)(参考値),2014-02,2014-02-01,mlit-roumu-h26,p16(横長の表) / p6(縦長の表),https://www.mlit.go.jp/common/001026047.pdf,PDL1.0,,
014b6f90e600a071,JP,labor,労務単価,塗装工,所定労働時間内8時間あたり,人日,pref,29,奈良県,,,,20700,JPY,labor_wage_8h,published_pdl,29100,原本の下段(括弧書き): 公共工事設計労務単価+必要経費(法定福利費の事業主負担額、労務管理費、宿舎費等)(参考値),2014-02,2014-02-01,mlit-roumu-h26,p16(横長の表) / p6(縦長の表),https://www.mlit.go.jp/common/001026047.pdf,PDL1.0,,
d5802491d32f04ec,JP,labor,労務単価,溶接工,所定労働時間内8時間あたり,人日,pref,29,奈良県,,,,21300,JPY,labor_wage_8h,published_pdl,29900,原本の下段(括弧書き): 公共工事設計労務単価+必要経費(法定福利費の事業主負担額、労務管理費、宿舎費等)(参考値),2014-02,2014-02-01,mlit-roumu-h26,p16(横長の表) / p6(縦長の表),https://www.mlit.go.jp/common/001026047.pdf,PDL1.0,,
cd1c685b46fb8318,JP,labor,労務単価,運転手（特殊）,所定労働時間内8時間あたり,人日,pref,29,奈良県,,,,18000,JPY,labor_wage_8h,published_pdl,25300,原本の下段(括弧書き): 公共工事設計労務単価+必要経費(法定福利費の事業主負担額、労務管理費、宿舎費等)(参考値),2014-02,2014-02-01,mlit-roumu-h26,p16(横長の表) / p6(縦長の表),https://www.mlit.go.jp/common/001026047.pdf,PDL1.0,,
c29f3399b5b5defc,JP,labor,労務単価,運転手（一般）,所定労働時間内8時間あたり,人日,pref,29,奈良県,,,,15800,JPY,labor_wage_8h,published_pdl,22200,原本の下段(括弧書き): 公共工事設計労務単価+必要経費(法定福利費の事業主負担額、労務管理費、宿舎費等)(参考値),2014-02,2014-02-01,mlit-roumu-h26,p16(横長の表) / p6(縦長の表),https://www.mlit.go.jp/common/001026047.pdf,PDL1.0,,
78aa39774c1bd7c1,JP,labor,労務単価,潜かん工,所定労働時間内8時間あたり,人日,pref,29,奈良県,,,,25300,JPY,labor_wage_8h,published_pdl,35600,原本の下段(括弧書き): 公共工事設計労務単価+必要経費(法定福利費の事業主負担額、労務管理費、宿舎費等)(参考値),2014-02,2014-02-01,mlit-roumu-h26,p16(横長の表) / p6(縦長の表),https://www.mlit.go.jp/common/001026047.pdf,PDL1.0,,
1df1a200e8cb1130,JP,labor,労務単価,潜かん世話役,所定労働時間内8時間あたり,人日,pref,29,奈良県,,,,30000,JPY,labor_wage_8h,published_pdl,42200,原本の下段(括弧書き): 公共工事設計労務単価+必要経費(法定福利費の事業主負担額、労務管理費、宿舎費等)(参考値),2014-02,2014-02-01,mlit-roumu-h26,p16(横長の表) / p6(縦長の表),https://www.mlit.go.jp/common/001026047.pdf,PDL1.0,,
edfaf8156cb206ca,JP,labor,労務単価,さく岩工,所定労働時間内8時間あたり,人日,pref,29,奈良県,,,,20500,JPY,labor_wage_8h,published_pdl,28800,原本の下段(括弧書き): 公共工事設計労務単価+必要経費(法定福利費の事業主負担額、労務管理費、宿舎費等)(参考値),2014-02,2014-02-01,mlit-roumu-h26,p16(横長の表) / p6(縦長の表),https://www.mlit.go.jp/common/001026047.pdf,PDL1.0,,
45ecfaa8c579d7b7,JP,labor,労務単価,トンネル特殊工,所定労働時間内8時間あたり,人日,pref,29,奈良県,,,,22100,JPY,labor_wage_8h,published_pdl,31100,原本の下段(括弧書き): 公共工事設計労務単価+必要経費(法定福利費の事業主負担額、労務管理費、宿舎費等)(参考値),2014-02,2014-02-01,mlit-roumu-h26,p16(横長の表) / p6(縦長の表),https://www.mlit.go.jp/common/001026047.pdf,PDL1.0,,
8f7f1c11edbce0de,JP,labor,労務単価,トンネル作業員,所定労働時間内8時間あたり,人日,pref,29,奈良県,,,,18800,JPY,labor_wage_8h,published_pdl,26400,原本の下段(括弧書き): 公共工事設計労務単価+必要経費(法定福利費の事業主負担額、労務管理費、宿舎費等)(参考値),2014-02,2014-02-01,mlit-roumu-h26,p16(横長の表) / p6(縦長の表),https://www.mlit.go.jp/common/001026047.pdf,PDL1.0,,
eec28c1e007a8e52,JP,labor,労務単価,トンネル世話役,所定労働時間内8時間あたり,人日,pref,29,奈良県,,,,25200,JPY,labor_wage_8h,published_pdl,35400,原本の下段(括弧書き): 公共工事設計労務単価+必要経費(法定福利費の事業主負担額、労務管理費、宿舎費等)(参考値),2014-02,2014-02-01,mlit-roumu-h26,p17(横長の表) / p7(縦長の表),https://www.mlit.go.jp/common/001026047.pdf,PDL1.0,,
7230c00dd4dd9311,JP,labor,労務単価,橋りょう特殊工,所定労働時間内8時間あたり,人日,pref,29,奈良県,,,,24200,JPY,labor_wage_8h,published_pdl,34000,原本の下段(括弧書き): 公共工事設計労務単価+必要経費(法定福利費の事業主負担額、労務管理費、宿舎費等)(参考値),2014-02,2014-02-01,mlit-roumu-h26,p17(横長の表) / p7(縦長の表),https://www.mlit.go.jp/common/001026047.pdf,PDL1.0,,
08d85e083c6a8262,JP,labor,労務単価,橋りょう塗装工,所定労働時間内8時間あたり,人日,pref,29,奈良県,,,,25800,JPY,labor_wage_8h,published_pdl,36300,原本の下段(括弧書き): 公共工事設計労務単価+必要経費(法定福利費の事業主負担額、労務管理費、宿舎費等)(参考値),2014-02,2014-02-01,mlit-roumu-h26,p17(横長の表) / p7(縦長の表),https://www.mlit.go.jp/common/001026047.pdf,PDL1.0,,
aeefec4c53d10625,JP,labor,労務単価,橋りょう世話役,所定労働時間内8時間あたり,人日,pref,29,奈良県,,,,27900,JPY,labor_wage_8h,published_pdl,39200,原本の下段(括弧書き): 公共工事設計労務単価+必要経費(法定福利費の事業主負担額、労務管理費、宿舎費等)(参考値),2014-02,2014-02-01,mlit-roumu-h26,p17(横長の表) / p7(縦長の表),https://www.mlit.go.jp/common/001026047.pdf,PDL1.0,,
253236730bb2f9d1,JP,labor,労務単価,土木一般世話役,所定労働時間内8時間あたり,人日,pref,29,奈良県,,,,20700,JPY,labor_wage_8h,published_pdl,29100,原本の下段(括弧書き): 公共工事設計労務単価+必要経費(法定福利費の事業主負担額、労務管理費、宿舎費等)(参考値),2014-02,2014-02-01,mlit-roumu-h26,p17(横長の表) / p7(縦長の表),https://www.mlit.go.jp/common/001026047.pdf,PDL1.0,,
a44485cae66d9e4e,JP,labor,労務単価,高級船員,所定労働時間内8時間あたり,人日,pref,29,奈良県,,,,23500,JPY,labor_wage_8h,published_pdl,33000,原本の下段(括弧書き): 公共工事設計労務単価+必要経費(法定福利費の事業主負担額、労務管理費、宿舎費等)(参考値),2014-02,2014-02-01,mlit-roumu-h26,p17(横長の表) / p7(縦長の表),https://www.mlit.go.jp/common/001026047.pdf,PDL1.0,,
2853b4098af25ba0,JP,labor,労務単価,普通船員,所定労働時間内8時間あたり,人日,pref,29,奈良県,,,,19100,JPY,labor_wage_8h,published_pdl,26900,原本の下段(括弧書き): 公共工事設計労務単価+必要経費(法定福利費の事業主負担額、労務管理費、宿舎費等)(参考値),2014-02,2014-02-01,mlit-roumu-h26,p17(横長の表) / p7(縦長の表),https://www.mlit.go.jp/common/001026047.pdf,PDL1.0,,
ea17b80d68724022,JP,labor,労務単価,潜水士,所定労働時間内8時間あたり,人日,pref,29,奈良県,,,,28300,JPY,labor_wage_8h,published_pdl,39800,原本の下段(括弧書き): 公共工事設計労務単価+必要経費(法定福利費の事業主負担額、労務管理費、宿舎費等)(参考値),2014-02,2014-02-01,mlit-roumu-h26,p17(横長の表) / p7(縦長の表),https://www.mlit.go.jp/common/001026047.pdf,PDL1.0,,
33c1afb6ec1daebe,JP,labor,労務単価,潜水連絡員,所定労働時間内8時間あたり,人日,pref,29,奈良県,,,,20700,JPY,labor_wage_8h,published_pdl,29100,原本の下段(括弧書き): 公共工事設計労務単価+必要経費(法定福利費の事業主負担額、労務管理費、宿舎費等)(参考値),2014-02,2014-02-01,mlit-roumu-h26,p17(横長の表) / p7(縦長の表),https://www.mlit.go.jp/common/001026047.pdf,PDL1.0,,
48d8f92b8f7bd1a4,JP,labor,労務単価,潜水送気員,所定労働時間内8時間あたり,人日,pref,29,奈良県,,,,20300,JPY,labor_wage_8h,published_pdl,28500,原本の下段(括弧書き): 公共工事設計労務単価+必要経費(法定福利費の事業主負担額、労務管理費、宿舎費等)(参考値),2014-02,2014-02-01,mlit-roumu-h26,p17(横長の表) / p7(縦長の表),https://www.mlit.go.jp/common/001026047.pdf,PDL1.0,,
dcc902dce17384bb,JP,labor,労務単価,山林砂防工,所定労働時間内8時間あたり,人日,pref,29,奈良県,,,,21500,JPY,labor_wage_8h,published_pdl,30200,原本の下段(括弧書き): 公共工事設計労務単価+必要経費(法定福利費の事業主負担額、労務管理費、宿舎費等)(参考値),2014-02,2014-02-01,mlit-roumu-h26,p17(横長の表) / p8(縦長の表),https://www.mlit.go.jp/common/001026047.pdf,PDL1.0,,
71443e219514bccf,JP,labor,労務単価,軌道工,所定労働時間内8時間あたり,人日,pref,29,奈良県,,,,31700,JPY,labor_wage_8h,published_pdl,44600,原本の下段(括弧書き): 公共工事設計労務単価+必要経費(法定福利費の事業主負担額、労務管理費、宿舎費等)(参考値),2014-02,2014-02-01,mlit-roumu-h26,p17(横長の表) / p8(縦長の表),https://www.mlit.go.jp/common/001026047.pdf,PDL1.0,,
1ae0244bba02d746,JP,labor,労務単価,型わく工,所定労働時間内8時間あたり,人日,pref,29,奈良県,,,,21200,JPY,labor_wage_8h,published_pdl,29800,原本の下段(括弧書き): 公共工事設計労務単価+必要経費(法定福利費の事業主負担額、労務管理費、宿舎費等)(参考値),2014-02,2014-02-01,mlit-roumu-h26,p17(横長の表) / p8(縦長の表),https://www.mlit.go.jp/common/001026047.pdf,PDL1.0,,
123df63c2173baf8,JP,labor,労務単価,大工,所定労働時間内8時間あたり,人日,pref,29,奈良県,,,,19300,JPY,labor_wage_8h,published_pdl,27100,原本の下段(括弧書き): 公共工事設計労務単価+必要経費(法定福利費の事業主負担額、労務管理費、宿舎費等)(参考値),2014-02,2014-02-01,mlit-roumu-h26,p17(横長の表) / p8(縦長の表),https://www.mlit.go.jp/common/001026047.pdf,PDL1.0,,
ab90f9adf07374f4,JP,labor,労務単価,左官,所定労働時間内8時間あたり,人日,pref,29,奈良県,,,,20300,JPY,labor_wage_8h,published_pdl,28500,原本の下段(括弧書き): 公共工事設計労務単価+必要経費(法定福利費の事業主負担額、労務管理費、宿舎費等)(参考値),2014-02,2014-02-01,mlit-roumu-h26,p17(横長の表) / p8(縦長の表),https://www.mlit.go.jp/common/001026047.pdf,PDL1.0,,
d229222bed2426e3,JP,labor,労務単価,配管工,所定労働時間内8時間あたり,人日,pref,29,奈良県,,,,19700,JPY,labor_wage_8h,published_pdl,27700,原本の下段(括弧書き): 公共工事設計労務単価+必要経費(法定福利費の事業主負担額、労務管理費、宿舎費等)(参考値),2014-02,2014-02-01,mlit-roumu-h26,p17(横長の表) / p8(縦長の表),https://www.mlit.go.jp/common/001026047.pdf,PDL1.0,,
3adb0cd2cc914e3b,JP,labor,労務単価,はつり工,所定労働時間内8時間あたり,人日,pref,29,奈良県,,,,20000,JPY,labor_wage_8h,published_pdl,28100,原本の下段(括弧書き): 公共工事設計労務単価+必要経費(法定福利費の事業主負担額、労務管理費、宿舎費等)(参考値),2014-02,2014-02-01,mlit-roumu-h26,p17(横長の表) / p8(縦長の表),https://www.mlit.go.jp/common/001026047.pdf,PDL1.0,,
9175aa554730fb84,JP,labor,労務単価,防水工,所定労働時間内8時間あたり,人日,pref,29,奈良県,,,,20400,JPY,labor_wage_8h,published_pdl,28700,原本の下段(括弧書き): 公共工事設計労務単価+必要経費(法定福利費の事業主負担額、労務管理費、宿舎費等)(参考値),2014-02,2014-02-01,mlit-roumu-h26,p17(横長の表) / p8(縦長の表),https://www.mlit.go.jp/common/001026047.pdf,PDL1.0,,
4c6556ed4aaff9b4,JP,labor,労務単価,板金工,所定労働時間内8時間あたり,人日,pref,29,奈良県,,,,19500,JPY,labor_wage_8h,published_pdl,27400,原本の下段(括弧書き): 公共工事設計労務単価+必要経費(法定福利費の事業主負担額、労務管理費、宿舎費等)(参考値),2014-02,2014-02-01,mlit-roumu-h26,p17(横長の表) / p8(縦長の表),https://www.mlit.go.jp/common/001026047.pdf,PDL1.0,,
6b5dbfecaa4f0670,JP,labor,労務単価,タイル工,所定労働時間内8時間あたり,人日,pref,29,奈良県,,,,,JPY,labor_wage_8h,not_set,,,2014-02,2014-02-01,mlit-roumu-h26,p17(横長の表) / p8(縦長の表),https://www.mlit.go.jp/common/001026047.pdf,PDL1.0,,原本の表で『-』(この都道府県ではこの職種の単価を設定していない)
8e63d7ada50a2f6b,JP,labor,労務単価,サッシ工,所定労働時間内8時間あたり,人日,pref,29,奈良県,,,,19600,JPY,labor_wage_8h,published_pdl,27600,原本の下段(括弧書き): 公共工事設計労務単価+必要経費(法定福利費の事業主負担額、労務管理費、宿舎費等)(参考値),2014-02,2014-02-01,mlit-roumu-h26,p18(横長の表) / p9(縦長の表),https://www.mlit.go.jp/common/001026047.pdf,PDL1.0,,
18753dc6f4ff7d7c,JP,labor,労務単価,内装工,所定労働時間内8時間あたり,人日,pref,29,奈良県,,,,20700,JPY,labor_wage_8h,published_pdl,29100,原本の下段(括弧書き): 公共工事設計労務単価+必要経費(法定福利費の事業主負担額、労務管理費、宿舎費等)(参考値),2014-02,2014-02-01,mlit-roumu-h26,p18(横長の表) / p9(縦長の表),https://www.mlit.go.jp/common/001026047.pdf,PDL1.0,,
e0c99779fe390efc,JP,labor,労務単価,ガラス工,所定労働時間内8時間あたり,人日,pref,29,奈良県,,,,19200,JPY,labor_wage_8h,published_pdl,27000,原本の下段(括弧書き): 公共工事設計労務単価+必要経費(法定福利費の事業主負担額、労務管理費、宿舎費等)(参考値),2014-02,2014-02-01,mlit-roumu-h26,p18(横長の表) / p9(縦長の表),https://www.mlit.go.jp/common/001026047.pdf,PDL1.0,,
a216eee4ade7af42,JP,labor,労務単価,建具工,所定労働時間内8時間あたり,人日,pref,29,奈良県,,,,19800,JPY,labor_wage_8h,published_pdl,27800,原本の下段(括弧書き): 公共工事設計労務単価+必要経費(法定福利費の事業主負担額、労務管理費、宿舎費等)(参考値),2014-02,2014-02-01,mlit-roumu-h26,p18(横長の表) / p9(縦長の表),https://www.mlit.go.jp/common/001026047.pdf,PDL1.0,,
e79c8e8b0e4a4ad2,JP,labor,労務単価,ダクト工,所定労働時間内8時間あたり,人日,pref,29,奈良県,,,,17600,JPY,labor_wage_8h,published_pdl,24700,原本の下段(括弧書き): 公共工事設計労務単価+必要経費(法定福利費の事業主負担額、労務管理費、宿舎費等)(参考値),2014-02,2014-02-01,mlit-roumu-h26,p18(横長の表) / p9(縦長の表),https://www.mlit.go.jp/common/001026047.pdf,PDL1.0,,
93402f1546ba9b6b,JP,labor,労務単価,保温工,所定労働時間内8時間あたり,人日,pref,29,奈良県,,,,20500,JPY,labor_wage_8h,published_pdl,28800,原本の下段(括弧書き): 公共工事設計労務単価+必要経費(法定福利費の事業主負担額、労務管理費、宿舎費等)(参考値),2014-02,2014-02-01,mlit-roumu-h26,p18(横長の表) / p9(縦長の表),https://www.mlit.go.jp/common/001026047.pdf,PDL1.0,,
70c6840099b3eea7,JP,labor,労務単価,建築ブロック工,所定労働時間内8時間あたり,人日,pref,29,奈良県,,,,,JPY,labor_wage_8h,not_set,,,2014-02,2014-02-01,mlit-roumu-h26,p18(横長の表) / p9(縦長の表),https://www.mlit.go.jp/common/001026047.pdf,PDL1.0,,原本の表で『-』(この都道府県ではこの職種の単価を設定していない)
38e3769a6bc3f929,JP,labor,労務単価,設備機械工,所定労働時間内8時間あたり,人日,pref,29,奈良県,,,,21200,JPY,labor_wage_8h,published_pdl,29800,原本の下段(括弧書き): 公共工事設計労務単価+必要経費(法定福利費の事業主負担額、労務管理費、宿舎費等)(参考値),2014-02,2014-02-01,mlit-roumu-h26,p18(横長の表) / p9(縦長の表),https://www.mlit.go.jp/common/001026047.pdf,PDL1.0,,
650f11ad1f3a94da,JP,labor,労務単価,交通誘導警備員Ａ,所定労働時間内8時間あたり,人日,pref,29,奈良県,,,,10500,JPY,labor_wage_8h,published_pdl,14800,原本の下段(括弧書き): 公共工事設計労務単価+必要経費(法定福利費の事業主負担額、労務管理費、宿舎費等)(参考値),2014-02,2014-02-01,mlit-roumu-h26,p18(横長の表) / p9(縦長の表),https://www.mlit.go.jp/common/001026047.pdf,PDL1.0,,
52a85db81c126ead,JP,labor,労務単価,交通誘導警備員Ｂ,所定労働時間内8時間あたり,人日,pref,29,奈良県,,,,9000,JPY,labor_wage_8h,published_pdl,12700,原本の下段(括弧書き): 公共工事設計労務単価+必要経費(法定福利費の事業主負担額、労務管理費、宿舎費等)(参考値),2014-02,2014-02-01,mlit-roumu-h26,p18(横長の表) / p9(縦長の表),https://www.mlit.go.jp/common/001026047.pdf,PDL1.0,,
276ede5ec0bd509e,JP,labor,労務単価,特殊作業員,所定労働時間内8時間あたり,人日,pref,30,和歌山県,,,,19000,JPY,labor_wage_8h,published_pdl,26700,原本の下段(括弧書き): 公共工事設計労務単価+必要経費(法定福利費の事業主負担額、労務管理費、宿舎費等)(参考値),2014-02,2014-02-01,mlit-roumu-h26,p16(横長の表) / p5(縦長の表),https://www.mlit.go.jp/common/001026047.pdf,PDL1.0,,
9db8b84b64ad942e,JP,labor,労務単価,普通作業員,所定労働時間内8時間あたり,人日,pref,30,和歌山県,,,,16700,JPY,labor_wage_8h,published_pdl,23500,原本の下段(括弧書き): 公共工事設計労務単価+必要経費(法定福利費の事業主負担額、労務管理費、宿舎費等)(参考値),2014-02,2014-02-01,mlit-roumu-h26,p16(横長の表) / p5(縦長の表),https://www.mlit.go.jp/common/001026047.pdf,PDL1.0,,
ae7c1a48816ed271,JP,labor,労務単価,軽作業員,所定労働時間内8時間あたり,人日,pref,30,和歌山県,,,,11900,JPY,labor_wage_8h,published_pdl,16700,原本の下段(括弧書き): 公共工事設計労務単価+必要経費(法定福利費の事業主負担額、労務管理費、宿舎費等)(参考値),2014-02,2014-02-01,mlit-roumu-h26,p16(横長の表) / p5(縦長の表),https://www.mlit.go.jp/common/001026047.pdf,PDL1.0,,
6bd78322faf97ce4,JP,labor,労務単価,造園工,所定労働時間内8時間あたり,人日,pref,30,和歌山県,,,,18500,JPY,labor_wage_8h,published_pdl,26000,原本の下段(括弧書き): 公共工事設計労務単価+必要経費(法定福利費の事業主負担額、労務管理費、宿舎費等)(参考値),2014-02,2014-02-01,mlit-roumu-h26,p16(横長の表) / p5(縦長の表),https://www.mlit.go.jp/common/001026047.pdf,PDL1.0,,
a8475007b7ebebe0,JP,labor,労務単価,法面工,所定労働時間内8時間あたり,人日,pref,30,和歌山県,,,,20700,JPY,labor_wage_8h,published_pdl,29100,原本の下段(括弧書き): 公共工事設計労務単価+必要経費(法定福利費の事業主負担額、労務管理費、宿舎費等)(参考値),2014-02,2014-02-01,mlit-roumu-h26,p16(横長の表) / p5(縦長の表),https://www.mlit.go.jp/common/001026047.pdf,PDL1.0,,
5a0d8e4e9a3f0f4c,JP,labor,労務単価,とび工,所定労働時間内8時間あたり,人日,pref,30,和歌山県,,,,20700,JPY,labor_wage_8h,published_pdl,29100,原本の下段(括弧書き): 公共工事設計労務単価+必要経費(法定福利費の事業主負担額、労務管理費、宿舎費等)(参考値),2014-02,2014-02-01,mlit-roumu-h26,p16(横長の表) / p5(縦長の表),https://www.mlit.go.jp/common/001026047.pdf,PDL1.0,,
3c7a99156e1e62a5,JP,labor,労務単価,石工,所定労働時間内8時間あたり,人日,pref,30,和歌山県,,,,,JPY,labor_wage_8h,not_set,,,2014-02,2014-02-01,mlit-roumu-h26,p16(横長の表) / p5(縦長の表),https://www.mlit.go.jp/common/001026047.pdf,PDL1.0,,原本の表で『-』(この都道府県ではこの職種の単価を設定していない)
00670056f57b5a97,JP,labor,労務単価,ブロック工,所定労働時間内8時間あたり,人日,pref,30,和歌山県,,,,22400,JPY,labor_wage_8h,published_pdl,31500,原本の下段(括弧書き): 公共工事設計労務単価+必要経費(法定福利費の事業主負担額、労務管理費、宿舎費等)(参考値),2014-02,2014-02-01,mlit-roumu-h26,p16(横長の表) / p5(縦長の表),https://www.mlit.go.jp/common/001026047.pdf,PDL1.0,,
265874997b90d289,JP,labor,労務単価,電工,所定労働時間内8時間あたり,人日,pref,30,和歌山県,,,,18700,JPY,labor_wage_8h,published_pdl,26300,原本の下段(括弧書き): 公共工事設計労務単価+必要経費(法定福利費の事業主負担額、労務管理費、宿舎費等)(参考値),2014-02,2014-02-01,mlit-roumu-h26,p16(横長の表) / p5(縦長の表),https://www.mlit.go.jp/common/001026047.pdf,PDL1.0,,
7025883350bcc615,JP,labor,労務単価,鉄筋工,所定労働時間内8時間あたり,人日,pref,30,和歌山県,,,,19400,JPY,labor_wage_8h,published_pdl,27300,原本の下段(括弧書き): 公共工事設計労務単価+必要経費(法定福利費の事業主負担額、労務管理費、宿舎費等)(参考値),2014-02,2014-02-01,mlit-roumu-h26,p16(横長の表) / p5(縦長の表),https://www.mlit.go.jp/common/001026047.pdf,PDL1.0,,
22aef5568f7c9366,JP,labor,労務単価,鉄骨工,所定労働時間内8時間あたり,人日,pref,30,和歌山県,,,,18900,JPY,labor_wage_8h,published_pdl,26600,原本の下段(括弧書き): 公共工事設計労務単価+必要経費(法定福利費の事業主負担額、労務管理費、宿舎費等)(参考値),2014-02,2014-02-01,mlit-roumu-h26,p16(横長の表) / p6(縦長の表),https://www.mlit.go.jp/common/001026047.pdf,PDL1.0,,
eafb10bfb50e6d9d,JP,labor,労務単価,塗装工,所定労働時間内8時間あたり,人日,pref,30,和歌山県,,,,20500,JPY,labor_wage_8h,published_pdl,28800,原本の下段(括弧書き): 公共工事設計労務単価+必要経費(法定福利費の事業主負担額、労務管理費、宿舎費等)(参考値),2014-02,2014-02-01,mlit-roumu-h26,p16(横長の表) / p6(縦長の表),https://www.mlit.go.jp/common/001026047.pdf,PDL1.0,,
4c3a65174f1837b4,JP,labor,労務単価,溶接工,所定労働時間内8時間あたり,人日,pref,30,和歌山県,,,,20700,JPY,labor_wage_8h,published_pdl,29100,原本の下段(括弧書き): 公共工事設計労務単価+必要経費(法定福利費の事業主負担額、労務管理費、宿舎費等)(参考値),2014-02,2014-02-01,mlit-roumu-h26,p16(横長の表) / p6(縦長の表),https://www.mlit.go.jp/common/001026047.pdf,PDL1.0,,
76013ea67e4f5846,JP,labor,労務単価,運転手（特殊）,所定労働時間内8時間あたり,人日,pref,30,和歌山県,,,,17500,JPY,labor_wage_8h,published_pdl,24600,原本の下段(括弧書き): 公共工事設計労務単価+必要経費(法定福利費の事業主負担額、労務管理費、宿舎費等)(参考値),2014-02,2014-02-01,mlit-roumu-h26,p16(横長の表) / p6(縦長の表),https://www.mlit.go.jp/common/001026047.pdf,PDL1.0,,
33db837134de79c6,JP,labor,労務単価,運転手（一般）,所定労働時間内8時間あたり,人日,pref,30,和歌山県,,,,15200,JPY,labor_wage_8h,published_pdl,21400,原本の下段(括弧書き): 公共工事設計労務単価+必要経費(法定福利費の事業主負担額、労務管理費、宿舎費等)(参考値),2014-02,2014-02-01,mlit-roumu-h26,p16(横長の表) / p6(縦長の表),https://www.mlit.go.jp/common/001026047.pdf,PDL1.0,,
ada9513cf2bb353a,JP,labor,労務単価,潜かん工,所定労働時間内8時間あたり,人日,pref,30,和歌山県,,,,25300,JPY,labor_wage_8h,published_pdl,35600,原本の下段(括弧書き): 公共工事設計労務単価+必要経費(法定福利費の事業主負担額、労務管理費、宿舎費等)(参考値),2014-02,2014-02-01,mlit-roumu-h26,p16(横長の表) / p6(縦長の表),https://www.mlit.go.jp/common/001026047.pdf,PDL1.0,,
d3df037b9cc1fdc8,JP,labor,労務単価,潜かん世話役,所定労働時間内8時間あたり,人日,pref,30,和歌山県,,,,30000,JPY,labor_wage_8h,published_pdl,42200,原本の下段(括弧書き): 公共工事設計労務単価+必要経費(法定福利費の事業主負担額、労務管理費、宿舎費等)(参考値),2014-02,2014-02-01,mlit-roumu-h26,p16(横長の表) / p6(縦長の表),https://www.mlit.go.jp/common/001026047.pdf,PDL1.0,,
eef1668b386d23a6,JP,labor,労務単価,さく岩工,所定労働時間内8時間あたり,人日,pref,30,和歌山県,,,,20500,JPY,labor_wage_8h,published_pdl,28800,原本の下段(括弧書き): 公共工事設計労務単価+必要経費(法定福利費の事業主負担額、労務管理費、宿舎費等)(参考値),2014-02,2014-02-01,mlit-roumu-h26,p16(横長の表) / p6(縦長の表),https://www.mlit.go.jp/common/001026047.pdf,PDL1.0,,
d8f6189b34837546,JP,labor,労務単価,トンネル特殊工,所定労働時間内8時間あたり,人日,pref,30,和歌山県,,,,21600,JPY,labor_wage_8h,published_pdl,30400,原本の下段(括弧書き): 公共工事設計労務単価+必要経費(法定福利費の事業主負担額、労務管理費、宿舎費等)(参考値),2014-02,2014-02-01,mlit-roumu-h26,p16(横長の表) / p6(縦長の表),https://www.mlit.go.jp/common/001026047.pdf,PDL1.0,,
1443c4ef3e36141d,JP,labor,労務単価,トンネル作業員,所定労働時間内8時間あたり,人日,pref,30,和歌山県,,,,18800,JPY,labor_wage_8h,published_pdl,26400,原本の下段(括弧書き): 公共工事設計労務単価+必要経費(法定福利費の事業主負担額、労務管理費、宿舎費等)(参考値),2014-02,2014-02-01,mlit-roumu-h26,p16(横長の表) / p6(縦長の表),https://www.mlit.go.jp/common/001026047.pdf,PDL1.0,,
19eb7d30af42cf85,JP,labor,労務単価,トンネル世話役,所定労働時間内8時間あたり,人日,pref,30,和歌山県,,,,25200,JPY,labor_wage_8h,published_pdl,35400,原本の下段(括弧書き): 公共工事設計労務単価+必要経費(法定福利費の事業主負担額、労務管理費、宿舎費等)(参考値),2014-02,2014-02-01,mlit-roumu-h26,p17(横長の表) / p7(縦長の表),https://www.mlit.go.jp/common/001026047.pdf,PDL1.0,,
868066b9abd311dc,JP,labor,労務単価,橋りょう特殊工,所定労働時間内8時間あたり,人日,pref,30,和歌山県,,,,24200,JPY,labor_wage_8h,published_pdl,34000,原本の下段(括弧書き): 公共工事設計労務単価+必要経費(法定福利費の事業主負担額、労務管理費、宿舎費等)(参考値),2014-02,2014-02-01,mlit-roumu-h26,p17(横長の表) / p7(縦長の表),https://www.mlit.go.jp/common/001026047.pdf,PDL1.0,,
8f89860529899b12,JP,labor,労務単価,橋りょう塗装工,所定労働時間内8時間あたり,人日,pref,30,和歌山県,,,,25300,JPY,labor_wage_8h,published_pdl,35600,原本の下段(括弧書き): 公共工事設計労務単価+必要経費(法定福利費の事業主負担額、労務管理費、宿舎費等)(参考値),2014-02,2014-02-01,mlit-roumu-h26,p17(横長の表) / p7(縦長の表),https://www.mlit.go.jp/common/001026047.pdf,PDL1.0,,
c9f234e8511ad15a,JP,labor,労務単価,橋りょう世話役,所定労働時間内8時間あたり,人日,pref,30,和歌山県,,,,27900,JPY,labor_wage_8h,published_pdl,39200,原本の下段(括弧書き): 公共工事設計労務単価+必要経費(法定福利費の事業主負担額、労務管理費、宿舎費等)(参考値),2014-02,2014-02-01,mlit-roumu-h26,p17(横長の表) / p7(縦長の表),https://www.mlit.go.jp/common/001026047.pdf,PDL1.0,,
10d95f795c98808d,JP,labor,労務単価,土木一般世話役,所定労働時間内8時間あたり,人日,pref,30,和歌山県,,,,20300,JPY,labor_wage_8h,published_pdl,28500,原本の下段(括弧書き): 公共工事設計労務単価+必要経費(法定福利費の事業主負担額、労務管理費、宿舎費等)(参考値),2014-02,2014-02-01,mlit-roumu-h26,p17(横長の表) / p7(縦長の表),https://www.mlit.go.jp/common/001026047.pdf,PDL1.0,,
4090b7444afbc057,JP,labor,労務単価,高級船員,所定労働時間内8時間あたり,人日,pref,30,和歌山県,,,,23500,JPY,labor_wage_8h,published_pdl,33000,原本の下段(括弧書き): 公共工事設計労務単価+必要経費(法定福利費の事業主負担額、労務管理費、宿舎費等)(参考値),2014-02,2014-02-01,mlit-roumu-h26,p17(横長の表) / p7(縦長の表),https://www.mlit.go.jp/common/001026047.pdf,PDL1.0,,
0492fa4560ce658f,JP,labor,労務単価,普通船員,所定労働時間内8時間あたり,人日,pref,30,和歌山県,,,,19100,JPY,labor_wage_8h,published_pdl,26900,原本の下段(括弧書き): 公共工事設計労務単価+必要経費(法定福利費の事業主負担額、労務管理費、宿舎費等)(参考値),2014-02,2014-02-01,mlit-roumu-h26,p17(横長の表) / p7(縦長の表),https://www.mlit.go.jp/common/001026047.pdf,PDL1.0,,
40a8181b8486054b,JP,labor,労務単価,潜水士,所定労働時間内8時間あたり,人日,pref,30,和歌山県,,,,28200,JPY,labor_wage_8h,published_pdl,39600,原本の下段(括弧書き): 公共工事設計労務単価+必要経費(法定福利費の事業主負担額、労務管理費、宿舎費等)(参考値),2014-02,2014-02-01,mlit-roumu-h26,p17(横長の表) / p7(縦長の表),https://www.mlit.go.jp/common/001026047.pdf,PDL1.0,,
ff0d0aee8554b5b8,JP,labor,労務単価,潜水連絡員,所定労働時間内8時間あたり,人日,pref,30,和歌山県,,,,20500,JPY,labor_wage_8h,published_pdl,28800,原本の下段(括弧書き): 公共工事設計労務単価+必要経費(法定福利費の事業主負担額、労務管理費、宿舎費等)(参考値),2014-02,2014-02-01,mlit-roumu-h26,p17(横長の表) / p7(縦長の表),https://www.mlit.go.jp/common/001026047.pdf,PDL1.0,,
9ee8fa6a6fb4a31c,JP,labor,労務単価,潜水送気員,所定労働時間内8時間あたり,人日,pref,30,和歌山県,,,,19900,JPY,labor_wage_8h,published_pdl,28000,原本の下段(括弧書き): 公共工事設計労務単価+必要経費(法定福利費の事業主負担額、労務管理費、宿舎費等)(参考値),2014-02,2014-02-01,mlit-roumu-h26,p17(横長の表) / p7(縦長の表),https://www.mlit.go.jp/common/001026047.pdf,PDL1.0,,
94ef8e0db0210749,JP,labor,労務単価,山林砂防工,所定労働時間内8時間あたり,人日,pref,30,和歌山県,,,,21300,JPY,labor_wage_8h,published_pdl,29900,原本の下段(括弧書き): 公共工事設計労務単価+必要経費(法定福利費の事業主負担額、労務管理費、宿舎費等)(参考値),2014-02,2014-02-01,mlit-roumu-h26,p17(横長の表) / p8(縦長の表),https://www.mlit.go.jp/common/001026047.pdf,PDL1.0,,
f0dafb2c832406c8,JP,labor,労務単価,軌道工,所定労働時間内8時間あたり,人日,pref,30,和歌山県,,,,31900,JPY,labor_wage_8h,published_pdl,44900,原本の下段(括弧書き): 公共工事設計労務単価+必要経費(法定福利費の事業主負担額、労務管理費、宿舎費等)(参考値),2014-02,2014-02-01,mlit-roumu-h26,p17(横長の表) / p8(縦長の表),https://www.mlit.go.jp/common/001026047.pdf,PDL1.0,,
4240c352691a2f75,JP,labor,労務単価,型わく工,所定労働時間内8時間あたり,人日,pref,30,和歌山県,,,,21400,JPY,labor_wage_8h,published_pdl,30100,原本の下段(括弧書き): 公共工事設計労務単価+必要経費(法定福利費の事業主負担額、労務管理費、宿舎費等)(参考値),2014-02,2014-02-01,mlit-roumu-h26,p17(横長の表) / p8(縦長の表),https://www.mlit.go.jp/common/001026047.pdf,PDL1.0,,
671023db28e25e10,JP,labor,労務単価,大工,所定労働時間内8時間あたり,人日,pref,30,和歌山県,,,,19200,JPY,labor_wage_8h,published_pdl,27000,原本の下段(括弧書き): 公共工事設計労務単価+必要経費(法定福利費の事業主負担額、労務管理費、宿舎費等)(参考値),2014-02,2014-02-01,mlit-roumu-h26,p17(横長の表) / p8(縦長の表),https://www.mlit.go.jp/common/001026047.pdf,PDL1.0,,
7527737afb2c04d2,JP,labor,労務単価,左官,所定労働時間内8時間あたり,人日,pref,30,和歌山県,,,,19900,JPY,labor_wage_8h,published_pdl,28000,原本の下段(括弧書き): 公共工事設計労務単価+必要経費(法定福利費の事業主負担額、労務管理費、宿舎費等)(参考値),2014-02,2014-02-01,mlit-roumu-h26,p17(横長の表) / p8(縦長の表),https://www.mlit.go.jp/common/001026047.pdf,PDL1.0,,
7f72a68d471b1cce,JP,labor,労務単価,配管工,所定労働時間内8時間あたり,人日,pref,30,和歌山県,,,,18500,JPY,labor_wage_8h,published_pdl,26000,原本の下段(括弧書き): 公共工事設計労務単価+必要経費(法定福利費の事業主負担額、労務管理費、宿舎費等)(参考値),2014-02,2014-02-01,mlit-roumu-h26,p17(横長の表) / p8(縦長の表),https://www.mlit.go.jp/common/001026047.pdf,PDL1.0,,
0c901bfa6efae3c5,JP,labor,労務単価,はつり工,所定労働時間内8時間あたり,人日,pref,30,和歌山県,,,,20000,JPY,labor_wage_8h,published_pdl,28100,原本の下段(括弧書き): 公共工事設計労務単価+必要経費(法定福利費の事業主負担額、労務管理費、宿舎費等)(参考値),2014-02,2014-02-01,mlit-roumu-h26,p17(横長の表) / p8(縦長の表),https://www.mlit.go.jp/common/001026047.pdf,PDL1.0,,
6b7aa0c5b2144328,JP,labor,労務単価,防水工,所定労働時間内8時間あたり,人日,pref,30,和歌山県,,,,20200,JPY,labor_wage_8h,published_pdl,28400,原本の下段(括弧書き): 公共工事設計労務単価+必要経費(法定福利費の事業主負担額、労務管理費、宿舎費等)(参考値),2014-02,2014-02-01,mlit-roumu-h26,p17(横長の表) / p8(縦長の表),https://www.mlit.go.jp/common/001026047.pdf,PDL1.0,,
23b9cc4692e322fd,JP,labor,労務単価,板金工,所定労働時間内8時間あたり,人日,pref,30,和歌山県,,,,19400,JPY,labor_wage_8h,published_pdl,27300,原本の下段(括弧書き): 公共工事設計労務単価+必要経費(法定福利費の事業主負担額、労務管理費、宿舎費等)(参考値),2014-02,2014-02-01,mlit-roumu-h26,p17(横長の表) / p8(縦長の表),https://www.mlit.go.jp/common/001026047.pdf,PDL1.0,,
2a1341fdef4e7440,JP,labor,労務単価,タイル工,所定労働時間内8時間あたり,人日,pref,30,和歌山県,,,,,JPY,labor_wage_8h,not_set,,,2014-02,2014-02-01,mlit-roumu-h26,p17(横長の表) / p8(縦長の表),https://www.mlit.go.jp/common/001026047.pdf,PDL1.0,,原本の表で『-』(この都道府県ではこの職種の単価を設定していない)
419cad4e38776b0f,JP,labor,労務単価,サッシ工,所定労働時間内8時間あたり,人日,pref,30,和歌山県,,,,19500,JPY,labor_wage_8h,published_pdl,27400,原本の下段(括弧書き): 公共工事設計労務単価+必要経費(法定福利費の事業主負担額、労務管理費、宿舎費等)(参考値),2014-02,2014-02-01,mlit-roumu-h26,p18(横長の表) / p9(縦長の表),https://www.mlit.go.jp/common/001026047.pdf,PDL1.0,,
44c31e5a5fb37b1a,JP,labor,労務単価,内装工,所定労働時間内8時間あたり,人日,pref,30,和歌山県,,,,20600,JPY,labor_wage_8h,published_pdl,29000,原本の下段(括弧書き): 公共工事設計労務単価+必要経費(法定福利費の事業主負担額、労務管理費、宿舎費等)(参考値),2014-02,2014-02-01,mlit-roumu-h26,p18(横長の表) / p9(縦長の表),https://www.mlit.go.jp/common/001026047.pdf,PDL1.0,,
1720a5832425c5fd,JP,labor,労務単価,ガラス工,所定労働時間内8時間あたり,人日,pref,30,和歌山県,,,,19200,JPY,labor_wage_8h,published_pdl,27000,原本の下段(括弧書き): 公共工事設計労務単価+必要経費(法定福利費の事業主負担額、労務管理費、宿舎費等)(参考値),2014-02,2014-02-01,mlit-roumu-h26,p18(横長の表) / p9(縦長の表),https://www.mlit.go.jp/common/001026047.pdf,PDL1.0,,
9070d1678d4a615f,JP,labor,労務単価,建具工,所定労働時間内8時間あたり,人日,pref,30,和歌山県,,,,19300,JPY,labor_wage_8h,published_pdl,27100,原本の下段(括弧書き): 公共工事設計労務単価+必要経費(法定福利費の事業主負担額、労務管理費、宿舎費等)(参考値),2014-02,2014-02-01,mlit-roumu-h26,p18(横長の表) / p9(縦長の表),https://www.mlit.go.jp/common/001026047.pdf,PDL1.0,,
c8d49c20359b4d1e,JP,labor,労務単価,ダクト工,所定労働時間内8時間あたり,人日,pref,30,和歌山県,,,,17700,JPY,labor_wage_8h,published_pdl,24900,原本の下段(括弧書き): 公共工事設計労務単価+必要経費(法定福利費の事業主負担額、労務管理費、宿舎費等)(参考値),2014-02,2014-02-01,mlit-roumu-h26,p18(横長の表) / p9(縦長の表),https://www.mlit.go.jp/common/001026047.pdf,PDL1.0,,
7a044733acbee453,JP,labor,労務単価,保温工,所定労働時間内8時間あたり,人日,pref,30,和歌山県,,,,20500,JPY,labor_wage_8h,published_pdl,28800,原本の下段(括弧書き): 公共工事設計労務単価+必要経費(法定福利費の事業主負担額、労務管理費、宿舎費等)(参考値),2014-02,2014-02-01,mlit-roumu-h26,p18(横長の表) / p9(縦長の表),https://www.mlit.go.jp/common/001026047.pdf,PDL1.0,,
538c3efa4d32ccb1,JP,labor,労務単価,建築ブロック工,所定労働時間内8時間あたり,人日,pref,30,和歌山県,,,,,JPY,labor_wage_8h,not_set,,,2014-02,2014-02-01,mlit-roumu-h26,p18(横長の表) / p9(縦長の表),https://www.mlit.go.jp/common/001026047.pdf,PDL1.0,,原本の表で『-』(この都道府県ではこの職種の単価を設定していない)
d645aa8188933cfd,JP,labor,労務単価,設備機械工,所定労働時間内8時間あたり,人日,pref,30,和歌山県,,,,21400,JPY,labor_wage_8h,published_pdl,30100,原本の下段(括弧書き): 公共工事設計労務単価+必要経費(法定福利費の事業主負担額、労務管理費、宿舎費等)(参考値),2014-02,2014-02-01,mlit-roumu-h26,p18(横長の表) / p9(縦長の表),https://www.mlit.go.jp/common/001026047.pdf,PDL1.0,,
75b1936d1bb4bdf9,JP,labor,労務単価,交通誘導警備員Ａ,所定労働時間内8時間あたり,人日,pref,30,和歌山県,,,,10300,JPY,labor_wage_8h,published_pdl,14500,原本の下段(括弧書き): 公共工事設計労務単価+必要経費(法定福利費の事業主負担額、労務管理費、宿舎費等)(参考値),2014-02,2014-02-01,mlit-roumu-h26,p18(横長の表) / p9(縦長の表),https://www.mlit.go.jp/common/001026047.pdf,PDL1.0,,
4651e907f3ec7469,JP,labor,労務単価,交通誘導警備員Ｂ,所定労働時間内8時間あたり,人日,pref,30,和歌山県,,,,8800,JPY,labor_wage_8h,published_pdl,12400,原本の下段(括弧書き): 公共工事設計労務単価+必要経費(法定福利費の事業主負担額、労務管理費、宿舎費等)(参考値),2014-02,2014-02-01,mlit-roumu-h26,p18(横長の表) / p9(縦長の表),https://www.mlit.go.jp/common/001026047.pdf,PDL1.0,,
86d1b15a5090cb7f,JP,labor,労務単価,特殊作業員,所定労働時間内8時間あたり,人日,pref,31,鳥取県,,,,15900,JPY,labor_wage_8h,published_pdl,22400,原本の下段(括弧書き): 公共工事設計労務単価+必要経費(法定福利費の事業主負担額、労務管理費、宿舎費等)(参考値),2014-02,2014-02-01,mlit-roumu-h26,p16(横長の表) / p5(縦長の表),https://www.mlit.go.jp/common/001026047.pdf,PDL1.0,,
7a418acad895ad07,JP,labor,労務単価,普通作業員,所定労働時間内8時間あたり,人日,pref,31,鳥取県,,,,12500,JPY,labor_wage_8h,published_pdl,17600,原本の下段(括弧書き): 公共工事設計労務単価+必要経費(法定福利費の事業主負担額、労務管理費、宿舎費等)(参考値),2014-02,2014-02-01,mlit-roumu-h26,p16(横長の表) / p5(縦長の表),https://www.mlit.go.jp/common/001026047.pdf,PDL1.0,,
efcc618521052741,JP,labor,労務単価,軽作業員,所定労働時間内8時間あたり,人日,pref,31,鳥取県,,,,11300,JPY,labor_wage_8h,published_pdl,15900,原本の下段(括弧書き): 公共工事設計労務単価+必要経費(法定福利費の事業主負担額、労務管理費、宿舎費等)(参考値),2014-02,2014-02-01,mlit-roumu-h26,p16(横長の表) / p5(縦長の表),https://www.mlit.go.jp/common/001026047.pdf,PDL1.0,,
11264ddd56e979bb,JP,labor,労務単価,造園工,所定労働時間内8時間あたり,人日,pref,31,鳥取県,,,,16700,JPY,labor_wage_8h,published_pdl,23500,原本の下段(括弧書き): 公共工事設計労務単価+必要経費(法定福利費の事業主負担額、労務管理費、宿舎費等)(参考値),2014-02,2014-02-01,mlit-roumu-h26,p16(横長の表) / p5(縦長の表),https://www.mlit.go.jp/common/001026047.pdf,PDL1.0,,
34259e991ee10aff,JP,labor,労務単価,法面工,所定労働時間内8時間あたり,人日,pref,31,鳥取県,,,,17800,JPY,labor_wage_8h,published_pdl,25000,原本の下段(括弧書き): 公共工事設計労務単価+必要経費(法定福利費の事業主負担額、労務管理費、宿舎費等)(参考値),2014-02,2014-02-01,mlit-roumu-h26,p16(横長の表) / p5(縦長の表),https://www.mlit.go.jp/common/001026047.pdf,PDL1.0,,
e8defc9bc317f4dc,JP,labor,労務単価,とび工,所定労働時間内8時間あたり,人日,pref,31,鳥取県,,,,18000,JPY,labor_wage_8h,published_pdl,25300,原本の下段(括弧書き): 公共工事設計労務単価+必要経費(法定福利費の事業主負担額、労務管理費、宿舎費等)(参考値),2014-02,2014-02-01,mlit-roumu-h26,p16(横長の表) / p5(縦長の表),https://www.mlit.go.jp/common/001026047.pdf,PDL1.0,,
d53b4a25ac6943c3,JP,labor,労務単価,石工,所定労働時間内8時間あたり,人日,pref,31,鳥取県,,,,24000,JPY,labor_wage_8h,published_pdl,33700,原本の下段(括弧書き): 公共工事設計労務単価+必要経費(法定福利費の事業主負担額、労務管理費、宿舎費等)(参考値),2014-02,2014-02-01,mlit-roumu-h26,p16(横長の表) / p5(縦長の表),https://www.mlit.go.jp/common/001026047.pdf,PDL1.0,,
527682a43eb32344,JP,labor,労務単価,ブロック工,所定労働時間内8時間あたり,人日,pref,31,鳥取県,,,,19500,JPY,labor_wage_8h,published_pdl,27400,原本の下段(括弧書き): 公共工事設計労務単価+必要経費(法定福利費の事業主負担額、労務管理費、宿舎費等)(参考値),2014-02,2014-02-01,mlit-roumu-h26,p16(横長の表) / p5(縦長の表),https://www.mlit.go.jp/common/001026047.pdf,PDL1.0,,
893ff44d3b05631e,JP,labor,労務単価,電工,所定労働時間内8時間あたり,人日,pref,31,鳥取県,,,,16500,JPY,labor_wage_8h,published_pdl,23200,原本の下段(括弧書き): 公共工事設計労務単価+必要経費(法定福利費の事業主負担額、労務管理費、宿舎費等)(参考値),2014-02,2014-02-01,mlit-roumu-h26,p16(横長の表) / p5(縦長の表),https://www.mlit.go.jp/common/001026047.pdf,PDL1.0,,
8e0e4f28b3f67644,JP,labor,労務単価,鉄筋工,所定労働時間内8時間あたり,人日,pref,31,鳥取県,,,,17900,JPY,labor_wage_8h,published_pdl,25200,原本の下段(括弧書き): 公共工事設計労務単価+必要経費(法定福利費の事業主負担額、労務管理費、宿舎費等)(参考値),2014-02,2014-02-01,mlit-roumu-h26,p16(横長の表) / p5(縦長の表),https://www.mlit.go.jp/common/001026047.pdf,PDL1.0,,
cd511ab5024f302f,JP,labor,労務単価,鉄骨工,所定労働時間内8時間あたり,人日,pref,31,鳥取県,,,,17100,JPY,labor_wage_8h,published_pdl,24000,原本の下段(括弧書き): 公共工事設計労務単価+必要経費(法定福利費の事業主負担額、労務管理費、宿舎費等)(参考値),2014-02,2014-02-01,mlit-roumu-h26,p16(横長の表) / p6(縦長の表),https://www.mlit.go.jp/common/001026047.pdf,PDL1.0,,
931b6f440b01c1b1,JP,labor,労務単価,塗装工,所定労働時間内8時間あたり,人日,pref,31,鳥取県,,,,17800,JPY,labor_wage_8h,published_pdl,25000,原本の下段(括弧書き): 公共工事設計労務単価+必要経費(法定福利費の事業主負担額、労務管理費、宿舎費等)(参考値),2014-02,2014-02-01,mlit-roumu-h26,p16(横長の表) / p6(縦長の表),https://www.mlit.go.jp/common/001026047.pdf,PDL1.0,,
42097f668f1bb38b,JP,labor,労務単価,溶接工,所定労働時間内8時間あたり,人日,pref,31,鳥取県,,,,18700,JPY,labor_wage_8h,published_pdl,26300,原本の下段(括弧書き): 公共工事設計労務単価+必要経費(法定福利費の事業主負担額、労務管理費、宿舎費等)(参考値),2014-02,2014-02-01,mlit-roumu-h26,p16(横長の表) / p6(縦長の表),https://www.mlit.go.jp/common/001026047.pdf,PDL1.0,,
9e6bcdacbabdfbf9,JP,labor,労務単価,運転手（特殊）,所定労働時間内8時間あたり,人日,pref,31,鳥取県,,,,14800,JPY,labor_wage_8h,published_pdl,20800,原本の下段(括弧書き): 公共工事設計労務単価+必要経費(法定福利費の事業主負担額、労務管理費、宿舎費等)(参考値),2014-02,2014-02-01,mlit-roumu-h26,p16(横長の表) / p6(縦長の表),https://www.mlit.go.jp/common/001026047.pdf,PDL1.0,,
dfde155d44734734,JP,labor,労務単価,運転手（一般）,所定労働時間内8時間あたり,人日,pref,31,鳥取県,,,,12900,JPY,labor_wage_8h,published_pdl,18100,原本の下段(括弧書き): 公共工事設計労務単価+必要経費(法定福利費の事業主負担額、労務管理費、宿舎費等)(参考値),2014-02,2014-02-01,mlit-roumu-h26,p16(横長の表) / p6(縦長の表),https://www.mlit.go.jp/common/001026047.pdf,PDL1.0,,
b0d321aa487bda0a,JP,labor,労務単価,潜かん工,所定労働時間内8時間あたり,人日,pref,31,鳥取県,,,,25600,JPY,labor_wage_8h,published_pdl,36000,原本の下段(括弧書き): 公共工事設計労務単価+必要経費(法定福利費の事業主負担額、労務管理費、宿舎費等)(参考値),2014-02,2014-02-01,mlit-roumu-h26,p16(横長の表) / p6(縦長の表),https://www.mlit.go.jp/common/001026047.pdf,PDL1.0,,
1a89531cb2e24704,JP,labor,労務単価,潜かん世話役,所定労働時間内8時間あたり,人日,pref,31,鳥取県,,,,30300,JPY,labor_wage_8h,published_pdl,42600,原本の下段(括弧書き): 公共工事設計労務単価+必要経費(法定福利費の事業主負担額、労務管理費、宿舎費等)(参考値),2014-02,2014-02-01,mlit-roumu-h26,p16(横長の表) / p6(縦長の表),https://www.mlit.go.jp/common/001026047.pdf,PDL1.0,,
088cef7d1cf438d7,JP,labor,労務単価,さく岩工,所定労働時間内8時間あたり,人日,pref,31,鳥取県,,,,20900,JPY,labor_wage_8h,published_pdl,29400,原本の下段(括弧書き): 公共工事設計労務単価+必要経費(法定福利費の事業主負担額、労務管理費、宿舎費等)(参考値),2014-02,2014-02-01,mlit-roumu-h26,p16(横長の表) / p6(縦長の表),https://www.mlit.go.jp/common/001026047.pdf,PDL1.0,,
45f8ab8dfd02dc37,JP,labor,労務単価,トンネル特殊工,所定労働時間内8時間あたり,人日,pref,31,鳥取県,,,,25000,JPY,labor_wage_8h,published_pdl,35200,原本の下段(括弧書き): 公共工事設計労務単価+必要経費(法定福利費の事業主負担額、労務管理費、宿舎費等)(参考値),2014-02,2014-02-01,mlit-roumu-h26,p16(横長の表) / p6(縦長の表),https://www.mlit.go.jp/common/001026047.pdf,PDL1.0,,
9db15dc81e3e0024,JP,labor,労務単価,トンネル作業員,所定労働時間内8時間あたり,人日,pref,31,鳥取県,,,,19800,JPY,labor_wage_8h,published_pdl,27800,原本の下段(括弧書き): 公共工事設計労務単価+必要経費(法定福利費の事業主負担額、労務管理費、宿舎費等)(参考値),2014-02,2014-02-01,mlit-roumu-h26,p16(横長の表) / p6(縦長の表),https://www.mlit.go.jp/common/001026047.pdf,PDL1.0,,
e680c3ee7ed3ddf5,JP,labor,労務単価,トンネル世話役,所定労働時間内8時間あたり,人日,pref,31,鳥取県,,,,25800,JPY,labor_wage_8h,published_pdl,36300,原本の下段(括弧書き): 公共工事設計労務単価+必要経費(法定福利費の事業主負担額、労務管理費、宿舎費等)(参考値),2014-02,2014-02-01,mlit-roumu-h26,p17(横長の表) / p7(縦長の表),https://www.mlit.go.jp/common/001026047.pdf,PDL1.0,,
234f3ec280933589,JP,labor,労務単価,橋りょう特殊工,所定労働時間内8時間あたり,人日,pref,31,鳥取県,,,,21900,JPY,labor_wage_8h,published_pdl,30800,原本の下段(括弧書き): 公共工事設計労務単価+必要経費(法定福利費の事業主負担額、労務管理費、宿舎費等)(参考値),2014-02,2014-02-01,mlit-roumu-h26,p17(横長の表) / p7(縦長の表),https://www.mlit.go.jp/common/001026047.pdf,PDL1.0,,
6c70e3eb829ddf3e,JP,labor,労務単価,橋りょう塗装工,所定労働時間内8時間あたり,人日,pref,31,鳥取県,,,,23100,JPY,labor_wage_8h,published_pdl,32500,原本の下段(括弧書き): 公共工事設計労務単価+必要経費(法定福利費の事業主負担額、労務管理費、宿舎費等)(参考値),2014-02,2014-02-01,mlit-roumu-h26,p17(横長の表) / p7(縦長の表),https://www.mlit.go.jp/common/001026047.pdf,PDL1.0,,
d1f2e732275cb127,JP,labor,労務単価,橋りょう世話役,所定労働時間内8時間あたり,人日,pref,31,鳥取県,,,,25100,JPY,labor_wage_8h,published_pdl,35300,原本の下段(括弧書き): 公共工事設計労務単価+必要経費(法定福利費の事業主負担額、労務管理費、宿舎費等)(参考値),2014-02,2014-02-01,mlit-roumu-h26,p17(横長の表) / p7(縦長の表),https://www.mlit.go.jp/common/001026047.pdf,PDL1.0,,
2fd2dde0371a7882,JP,labor,労務単価,土木一般世話役,所定労働時間内8時間あたり,人日,pref,31,鳥取県,,,,18600,JPY,labor_wage_8h,published_pdl,26200,原本の下段(括弧書き): 公共工事設計労務単価+必要経費(法定福利費の事業主負担額、労務管理費、宿舎費等)(参考値),2014-02,2014-02-01,mlit-roumu-h26,p17(横長の表) / p7(縦長の表),https://www.mlit.go.jp/common/001026047.pdf,PDL1.0,,
150eb685a12fca43,JP,labor,労務単価,高級船員,所定労働時間内8時間あたり,人日,pref,31,鳥取県,,,,23400,JPY,labor_wage_8h,published_pdl,32900,原本の下段(括弧書き): 公共工事設計労務単価+必要経費(法定福利費の事業主負担額、労務管理費、宿舎費等)(参考値),2014-02,2014-02-01,mlit-roumu-h26,p17(横長の表) / p7(縦長の表),https://www.mlit.go.jp/common/001026047.pdf,PDL1.0,,
5936d71bb305951b,JP,labor,労務単価,普通船員,所定労働時間内8時間あたり,人日,pref,31,鳥取県,,,,18600,JPY,labor_wage_8h,published_pdl,26200,原本の下段(括弧書き): 公共工事設計労務単価+必要経費(法定福利費の事業主負担額、労務管理費、宿舎費等)(参考値),2014-02,2014-02-01,mlit-roumu-h26,p17(横長の表) / p7(縦長の表),https://www.mlit.go.jp/common/001026047.pdf,PDL1.0,,
560945db502dd1ec,JP,labor,労務単価,潜水士,所定労働時間内8時間あたり,人日,pref,31,鳥取県,,,,30900,JPY,labor_wage_8h,published_pdl,43400,原本の下段(括弧書き): 公共工事設計労務単価+必要経費(法定福利費の事業主負担額、労務管理費、宿舎費等)(参考値),2014-02,2014-02-01,mlit-roumu-h26,p17(横長の表) / p7(縦長の表),https://www.mlit.go.jp/common/001026047.pdf,PDL1.0,,
7fc09a55a8b29af8,JP,labor,労務単価,潜水連絡員,所定労働時間内8時間あたり,人日,pref,31,鳥取県,,,,24200,JPY,labor_wage_8h,published_pdl,34000,原本の下段(括弧書き): 公共工事設計労務単価+必要経費(法定福利費の事業主負担額、労務管理費、宿舎費等)(参考値),2014-02,2014-02-01,mlit-roumu-h26,p17(横長の表) / p7(縦長の表),https://www.mlit.go.jp/common/001026047.pdf,PDL1.0,,
b002fa963bce23ba,JP,labor,労務単価,潜水送気員,所定労働時間内8時間あたり,人日,pref,31,鳥取県,,,,22400,JPY,labor_wage_8h,published_pdl,31500,原本の下段(括弧書き): 公共工事設計労務単価+必要経費(法定福利費の事業主負担額、労務管理費、宿舎費等)(参考値),2014-02,2014-02-01,mlit-roumu-h26,p17(横長の表) / p7(縦長の表),https://www.mlit.go.jp/common/001026047.pdf,PDL1.0,,
07e1e0ee3c172cf6,JP,labor,労務単価,山林砂防工,所定労働時間内8時間あたり,人日,pref,31,鳥取県,,,,,JPY,labor_wage_8h,not_set,,,2014-02,2014-02-01,mlit-roumu-h26,p17(横長の表) / p8(縦長の表),https://www.mlit.go.jp/common/001026047.pdf,PDL1.0,,原本の表で『-』(この都道府県ではこの職種の単価を設定していない)
99e1ce9fe932d44b,JP,labor,労務単価,軌道工,所定労働時間内8時間あたり,人日,pref,31,鳥取県,,,,27500,JPY,labor_wage_8h,published_pdl,38700,原本の下段(括弧書き): 公共工事設計労務単価+必要経費(法定福利費の事業主負担額、労務管理費、宿舎費等)(参考値),2014-02,2014-02-01,mlit-roumu-h26,p17(横長の表) / p8(縦長の表),https://www.mlit.go.jp/common/001026047.pdf,PDL1.0,,
60bef0259629d3f6,JP,labor,労務単価,型わく工,所定労働時間内8時間あたり,人日,pref,31,鳥取県,,,,17600,JPY,labor_wage_8h,published_pdl,24700,原本の下段(括弧書き): 公共工事設計労務単価+必要経費(法定福利費の事業主負担額、労務管理費、宿舎費等)(参考値),2014-02,2014-02-01,mlit-roumu-h26,p17(横長の表) / p8(縦長の表),https://www.mlit.go.jp/common/001026047.pdf,PDL1.0,,
738303d97315775c,JP,labor,労務単価,大工,所定労働時間内8時間あたり,人日,pref,31,鳥取県,,,,17900,JPY,labor_wage_8h,published_pdl,25200,原本の下段(括弧書き): 公共工事設計労務単価+必要経費(法定福利費の事業主負担額、労務管理費、宿舎費等)(参考値),2014-02,2014-02-01,mlit-roumu-h26,p17(横長の表) / p8(縦長の表),https://www.mlit.go.jp/common/001026047.pdf,PDL1.0,,
a355c3046017c9bf,JP,labor,労務単価,左官,所定労働時間内8時間あたり,人日,pref,31,鳥取県,,,,17100,JPY,labor_wage_8h,published_pdl,24000,原本の下段(括弧書き): 公共工事設計労務単価+必要経費(法定福利費の事業主負担額、労務管理費、宿舎費等)(参考値),2014-02,2014-02-01,mlit-roumu-h26,p17(横長の表) / p8(縦長の表),https://www.mlit.go.jp/common/001026047.pdf,PDL1.0,,
0f4c0b236c1efd68,JP,labor,労務単価,配管工,所定労働時間内8時間あたり,人日,pref,31,鳥取県,,,,16400,JPY,labor_wage_8h,published_pdl,23100,原本の下段(括弧書き): 公共工事設計労務単価+必要経費(法定福利費の事業主負担額、労務管理費、宿舎費等)(参考値),2014-02,2014-02-01,mlit-roumu-h26,p17(横長の表) / p8(縦長の表),https://www.mlit.go.jp/common/001026047.pdf,PDL1.0,,
6f235b962a67c456,JP,labor,労務単価,はつり工,所定労働時間内8時間あたり,人日,pref,31,鳥取県,,,,18700,JPY,labor_wage_8h,published_pdl,26300,原本の下段(括弧書き): 公共工事設計労務単価+必要経費(法定福利費の事業主負担額、労務管理費、宿舎費等)(参考値),2014-02,2014-02-01,mlit-roumu-h26,p17(横長の表) / p8(縦長の表),https://www.mlit.go.jp/common/001026047.pdf,PDL1.0,,
65d33acdcc34406a,JP,labor,労務単価,防水工,所定労働時間内8時間あたり,人日,pref,31,鳥取県,,,,19200,JPY,labor_wage_8h,published_pdl,27000,原本の下段(括弧書き): 公共工事設計労務単価+必要経費(法定福利費の事業主負担額、労務管理費、宿舎費等)(参考値),2014-02,2014-02-01,mlit-roumu-h26,p17(横長の表) / p8(縦長の表),https://www.mlit.go.jp/common/001026047.pdf,PDL1.0,,
675be779c579b6cd,JP,labor,労務単価,板金工,所定労働時間内8時間あたり,人日,pref,31,鳥取県,,,,18300,JPY,labor_wage_8h,published_pdl,25700,原本の下段(括弧書き): 公共工事設計労務単価+必要経費(法定福利費の事業主負担額、労務管理費、宿舎費等)(参考値),2014-02,2014-02-01,mlit-roumu-h26,p17(横長の表) / p8(縦長の表),https://www.mlit.go.jp/common/001026047.pdf,PDL1.0,,
5ad4b542fe1b3720,JP,labor,労務単価,タイル工,所定労働時間内8時間あたり,人日,pref,31,鳥取県,,,,16600,JPY,labor_wage_8h,published_pdl,23300,原本の下段(括弧書き): 公共工事設計労務単価+必要経費(法定福利費の事業主負担額、労務管理費、宿舎費等)(参考値),2014-02,2014-02-01,mlit-roumu-h26,p17(横長の表) / p8(縦長の表),https://www.mlit.go.jp/common/001026047.pdf,PDL1.0,,
f448af87aa08e6c0,JP,labor,労務単価,サッシ工,所定労働時間内8時間あたり,人日,pref,31,鳥取県,,,,17200,JPY,labor_wage_8h,published_pdl,24200,原本の下段(括弧書き): 公共工事設計労務単価+必要経費(法定福利費の事業主負担額、労務管理費、宿舎費等)(参考値),2014-02,2014-02-01,mlit-roumu-h26,p18(横長の表) / p9(縦長の表),https://www.mlit.go.jp/common/001026047.pdf,PDL1.0,,
1c3864d1d289591a,JP,labor,労務単価,内装工,所定労働時間内8時間あたり,人日,pref,31,鳥取県,,,,18500,JPY,labor_wage_8h,published_pdl,26000,原本の下段(括弧書き): 公共工事設計労務単価+必要経費(法定福利費の事業主負担額、労務管理費、宿舎費等)(参考値),2014-02,2014-02-01,mlit-roumu-h26,p18(横長の表) / p9(縦長の表),https://www.mlit.go.jp/common/001026047.pdf,PDL1.0,,
619d7bcfafe54efb,JP,labor,労務単価,ガラス工,所定労働時間内8時間あたり,人日,pref,31,鳥取県,,,,17300,JPY,labor_wage_8h,published_pdl,24300,原本の下段(括弧書き): 公共工事設計労務単価+必要経費(法定福利費の事業主負担額、労務管理費、宿舎費等)(参考値),2014-02,2014-02-01,mlit-roumu-h26,p18(横長の表) / p9(縦長の表),https://www.mlit.go.jp/common/001026047.pdf,PDL1.0,,
52424cd044b503c9,JP,labor,労務単価,建具工,所定労働時間内8時間あたり,人日,pref,31,鳥取県,,,,15900,JPY,labor_wage_8h,published_pdl,22400,原本の下段(括弧書き): 公共工事設計労務単価+必要経費(法定福利費の事業主負担額、労務管理費、宿舎費等)(参考値),2014-02,2014-02-01,mlit-roumu-h26,p18(横長の表) / p9(縦長の表),https://www.mlit.go.jp/common/001026047.pdf,PDL1.0,,
ec6436c73ba12ba0,JP,labor,労務単価,ダクト工,所定労働時間内8時間あたり,人日,pref,31,鳥取県,,,,16700,JPY,labor_wage_8h,published_pdl,23500,原本の下段(括弧書き): 公共工事設計労務単価+必要経費(法定福利費の事業主負担額、労務管理費、宿舎費等)(参考値),2014-02,2014-02-01,mlit-roumu-h26,p18(横長の表) / p9(縦長の表),https://www.mlit.go.jp/common/001026047.pdf,PDL1.0,,
49e764c7105bf8bd,JP,labor,労務単価,保温工,所定労働時間内8時間あたり,人日,pref,31,鳥取県,,,,17800,JPY,labor_wage_8h,published_pdl,25000,原本の下段(括弧書き): 公共工事設計労務単価+必要経費(法定福利費の事業主負担額、労務管理費、宿舎費等)(参考値),2014-02,2014-02-01,mlit-roumu-h26,p18(横長の表) / p9(縦長の表),https://www.mlit.go.jp/common/001026047.pdf,PDL1.0,,
e6062f837c6a9929,JP,labor,労務単価,建築ブロック工,所定労働時間内8時間あたり,人日,pref,31,鳥取県,,,,,JPY,labor_wage_8h,not_set,,,2014-02,2014-02-01,mlit-roumu-h26,p18(横長の表) / p9(縦長の表),https://www.mlit.go.jp/common/001026047.pdf,PDL1.0,,原本の表で『-』(この都道府県ではこの職種の単価を設定していない)
daeefcba9c3a98dd,JP,labor,労務単価,設備機械工,所定労働時間内8時間あたり,人日,pref,31,鳥取県,,,,19300,JPY,labor_wage_8h,published_pdl,27100,原本の下段(括弧書き): 公共工事設計労務単価+必要経費(法定福利費の事業主負担額、労務管理費、宿舎費等)(参考値),2014-02,2014-02-01,mlit-roumu-h26,p18(横長の表) / p9(縦長の表),https://www.mlit.go.jp/common/001026047.pdf,PDL1.0,,
6811a62a400f7ccf,JP,labor,労務単価,交通誘導警備員Ａ,所定労働時間内8時間あたり,人日,pref,31,鳥取県,,,,10400,JPY,labor_wage_8h,published_pdl,14600,原本の下段(括弧書き): 公共工事設計労務単価+必要経費(法定福利費の事業主負担額、労務管理費、宿舎費等)(参考値),2014-02,2014-02-01,mlit-roumu-h26,p18(横長の表) / p9(縦長の表),https://www.mlit.go.jp/common/001026047.pdf,PDL1.0,,
c08a43a7ff8ebc27,JP,labor,労務単価,交通誘導警備員Ｂ,所定労働時間内8時間あたり,人日,pref,31,鳥取県,,,,8600,JPY,labor_wage_8h,published_pdl,12100,原本の下段(括弧書き): 公共工事設計労務単価+必要経費(法定福利費の事業主負担額、労務管理費、宿舎費等)(参考値),2014-02,2014-02-01,mlit-roumu-h26,p18(横長の表) / p9(縦長の表),https://www.mlit.go.jp/common/001026047.pdf,PDL1.0,,
61f06a66708f8f6d,JP,labor,労務単価,特殊作業員,所定労働時間内8時間あたり,人日,pref,32,島根県,,,,16100,JPY,labor_wage_8h,published_pdl,22600,原本の下段(括弧書き): 公共工事設計労務単価+必要経費(法定福利費の事業主負担額、労務管理費、宿舎費等)(参考値),2014-02,2014-02-01,mlit-roumu-h26,p16(横長の表) / p5(縦長の表),https://www.mlit.go.jp/common/001026047.pdf,PDL1.0,,
7daaaca167182ecf,JP,labor,労務単価,普通作業員,所定労働時間内8時間あたり,人日,pref,32,島根県,,,,13600,JPY,labor_wage_8h,published_pdl,19100,原本の下段(括弧書き): 公共工事設計労務単価+必要経費(法定福利費の事業主負担額、労務管理費、宿舎費等)(参考値),2014-02,2014-02-01,mlit-roumu-h26,p16(横長の表) / p5(縦長の表),https://www.mlit.go.jp/common/001026047.pdf,PDL1.0,,
1711bee29b224dd9,JP,labor,労務単価,軽作業員,所定労働時間内8時間あたり,人日,pref,32,島根県,,,,10900,JPY,labor_wage_8h,published_pdl,15300,原本の下段(括弧書き): 公共工事設計労務単価+必要経費(法定福利費の事業主負担額、労務管理費、宿舎費等)(参考値),2014-02,2014-02-01,mlit-roumu-h26,p16(横長の表) / p5(縦長の表),https://www.mlit.go.jp/common/001026047.pdf,PDL1.0,,
006a3db0c58fb855,JP,labor,労務単価,造園工,所定労働時間内8時間あたり,人日,pref,32,島根県,,,,16300,JPY,labor_wage_8h,published_pdl,22900,原本の下段(括弧書き): 公共工事設計労務単価+必要経費(法定福利費の事業主負担額、労務管理費、宿舎費等)(参考値),2014-02,2014-02-01,mlit-roumu-h26,p16(横長の表) / p5(縦長の表),https://www.mlit.go.jp/common/001026047.pdf,PDL1.0,,
77aea206b144c5c1,JP,labor,労務単価,法面工,所定労働時間内8時間あたり,人日,pref,32,島根県,,,,17600,JPY,labor_wage_8h,published_pdl,24700,原本の下段(括弧書き): 公共工事設計労務単価+必要経費(法定福利費の事業主負担額、労務管理費、宿舎費等)(参考値),2014-02,2014-02-01,mlit-roumu-h26,p16(横長の表) / p5(縦長の表),https://www.mlit.go.jp/common/001026047.pdf,PDL1.0,,
1b0fd780cacd3bc1,JP,labor,労務単価,とび工,所定労働時間内8時間あたり,人日,pref,32,島根県,,,,17900,JPY,labor_wage_8h,published_pdl,25200,原本の下段(括弧書き): 公共工事設計労務単価+必要経費(法定福利費の事業主負担額、労務管理費、宿舎費等)(参考値),2014-02,2014-02-01,mlit-roumu-h26,p16(横長の表) / p5(縦長の表),https://www.mlit.go.jp/common/001026047.pdf,PDL1.0,,
5c9f7fb85d8c9ed3,JP,labor,労務単価,石工,所定労働時間内8時間あたり,人日,pref,32,島根県,,,,,JPY,labor_wage_8h,not_set,,,2014-02,2014-02-01,mlit-roumu-h26,p16(横長の表) / p5(縦長の表),https://www.mlit.go.jp/common/001026047.pdf,PDL1.0,,原本の表で『-』(この都道府県ではこの職種の単価を設定していない)
c0cecd3d51852e93,JP,labor,労務単価,ブロック工,所定労働時間内8時間あたり,人日,pref,32,島根県,,,,19200,JPY,labor_wage_8h,published_pdl,27000,原本の下段(括弧書き): 公共工事設計労務単価+必要経費(法定福利費の事業主負担額、労務管理費、宿舎費等)(参考値),2014-02,2014-02-01,mlit-roumu-h26,p16(横長の表) / p5(縦長の表),https://www.mlit.go.jp/common/001026047.pdf,PDL1.0,,
cc6c383111d7cb1d,JP,labor,労務単価,電工,所定労働時間内8時間あたり,人日,pref,32,島根県,,,,16400,JPY,labor_wage_8h,published_pdl,23100,原本の下段(括弧書き): 公共工事設計労務単価+必要経費(法定福利費の事業主負担額、労務管理費、宿舎費等)(参考値),2014-02,2014-02-01,mlit-roumu-h26,p16(横長の表) / p5(縦長の表),https://www.mlit.go.jp/common/001026047.pdf,PDL1.0,,
4aa1b20cc88d4bf1,JP,labor,労務単価,鉄筋工,所定労働時間内8時間あたり,人日,pref,32,島根県,,,,17200,JPY,labor_wage_8h,published_pdl,24200,原本の下段(括弧書き): 公共工事設計労務単価+必要経費(法定福利費の事業主負担額、労務管理費、宿舎費等)(参考値),2014-02,2014-02-01,mlit-roumu-h26,p16(横長の表) / p5(縦長の表),https://www.mlit.go.jp/common/001026047.pdf,PDL1.0,,
0ee0ff05fce9f4ea,JP,labor,労務単価,鉄骨工,所定労働時間内8時間あたり,人日,pref,32,島根県,,,,16700,JPY,labor_wage_8h,published_pdl,23500,原本の下段(括弧書き): 公共工事設計労務単価+必要経費(法定福利費の事業主負担額、労務管理費、宿舎費等)(参考値),2014-02,2014-02-01,mlit-roumu-h26,p16(横長の表) / p6(縦長の表),https://www.mlit.go.jp/common/001026047.pdf,PDL1.0,,
55cd262b455876e5,JP,labor,労務単価,塗装工,所定労働時間内8時間あたり,人日,pref,32,島根県,,,,16500,JPY,labor_wage_8h,published_pdl,23200,原本の下段(括弧書き): 公共工事設計労務単価+必要経費(法定福利費の事業主負担額、労務管理費、宿舎費等)(参考値),2014-02,2014-02-01,mlit-roumu-h26,p16(横長の表) / p6(縦長の表),https://www.mlit.go.jp/common/001026047.pdf,PDL1.0,,
149449adc1d6d6e7,JP,labor,労務単価,溶接工,所定労働時間内8時間あたり,人日,pref,32,島根県,,,,17300,JPY,labor_wage_8h,published_pdl,24300,原本の下段(括弧書き): 公共工事設計労務単価+必要経費(法定福利費の事業主負担額、労務管理費、宿舎費等)(参考値),2014-02,2014-02-01,mlit-roumu-h26,p16(横長の表) / p6(縦長の表),https://www.mlit.go.jp/common/001026047.pdf,PDL1.0,,
f2883988738653dd,JP,labor,労務単価,運転手（特殊）,所定労働時間内8時間あたり,人日,pref,32,島根県,,,,16100,JPY,labor_wage_8h,published_pdl,22600,原本の下段(括弧書き): 公共工事設計労務単価+必要経費(法定福利費の事業主負担額、労務管理費、宿舎費等)(参考値),2014-02,2014-02-01,mlit-roumu-h26,p16(横長の表) / p6(縦長の表),https://www.mlit.go.jp/common/001026047.pdf,PDL1.0,,
58c6d7af529e8760,JP,labor,労務単価,運転手（一般）,所定労働時間内8時間あたり,人日,pref,32,島根県,,,,12800,JPY,labor_wage_8h,published_pdl,18000,原本の下段(括弧書き): 公共工事設計労務単価+必要経費(法定福利費の事業主負担額、労務管理費、宿舎費等)(参考値),2014-02,2014-02-01,mlit-roumu-h26,p16(横長の表) / p6(縦長の表),https://www.mlit.go.jp/common/001026047.pdf,PDL1.0,,
bdadbfe3c980b641,JP,labor,労務単価,潜かん工,所定労働時間内8時間あたり,人日,pref,32,島根県,,,,25500,JPY,labor_wage_8h,published_pdl,35900,原本の下段(括弧書き): 公共工事設計労務単価+必要経費(法定福利費の事業主負担額、労務管理費、宿舎費等)(参考値),2014-02,2014-02-01,mlit-roumu-h26,p16(横長の表) / p6(縦長の表),https://www.mlit.go.jp/common/001026047.pdf,PDL1.0,,
8a9311a248049fd9,JP,labor,労務単価,潜かん世話役,所定労働時間内8時間あたり,人日,pref,32,島根県,,,,30200,JPY,labor_wage_8h,published_pdl,42500,原本の下段(括弧書き): 公共工事設計労務単価+必要経費(法定福利費の事業主負担額、労務管理費、宿舎費等)(参考値),2014-02,2014-02-01,mlit-roumu-h26,p16(横長の表) / p6(縦長の表),https://www.mlit.go.jp/common/001026047.pdf,PDL1.0,,
531102ad18dd63f9,JP,labor,労務単価,さく岩工,所定労働時間内8時間あたり,人日,pref,32,島根県,,,,20900,JPY,labor_wage_8h,published_pdl,29400,原本の下段(括弧書き): 公共工事設計労務単価+必要経費(法定福利費の事業主負担額、労務管理費、宿舎費等)(参考値),2014-02,2014-02-01,mlit-roumu-h26,p16(横長の表) / p6(縦長の表),https://www.mlit.go.jp/common/001026047.pdf,PDL1.0,,
6bdc6111deeecb0e,JP,labor,労務単価,トンネル特殊工,所定労働時間内8時間あたり,人日,pref,32,島根県,,,,25700,JPY,labor_wage_8h,published_pdl,36100,原本の下段(括弧書き): 公共工事設計労務単価+必要経費(法定福利費の事業主負担額、労務管理費、宿舎費等)(参考値),2014-02,2014-02-01,mlit-roumu-h26,p16(横長の表) / p6(縦長の表),https://www.mlit.go.jp/common/001026047.pdf,PDL1.0,,
9f0d8b769851ae54,JP,labor,労務単価,トンネル作業員,所定労働時間内8時間あたり,人日,pref,32,島根県,,,,19400,JPY,labor_wage_8h,published_pdl,27300,原本の下段(括弧書き): 公共工事設計労務単価+必要経費(法定福利費の事業主負担額、労務管理費、宿舎費等)(参考値),2014-02,2014-02-01,mlit-roumu-h26,p16(横長の表) / p6(縦長の表),https://www.mlit.go.jp/common/001026047.pdf,PDL1.0,,
8054f3eaefdc9580,JP,labor,労務単価,トンネル世話役,所定労働時間内8時間あたり,人日,pref,32,島根県,,,,25700,JPY,labor_wage_8h,published_pdl,36100,原本の下段(括弧書き): 公共工事設計労務単価+必要経費(法定福利費の事業主負担額、労務管理費、宿舎費等)(参考値),2014-02,2014-02-01,mlit-roumu-h26,p17(横長の表) / p7(縦長の表),https://www.mlit.go.jp/common/001026047.pdf,PDL1.0,,
9485c99ac6e8bef7,JP,labor,労務単価,橋りょう特殊工,所定労働時間内8時間あたり,人日,pref,32,島根県,,,,21900,JPY,labor_wage_8h,published_pdl,30800,原本の下段(括弧書き): 公共工事設計労務単価+必要経費(法定福利費の事業主負担額、労務管理費、宿舎費等)(参考値),2014-02,2014-02-01,mlit-roumu-h26,p17(横長の表) / p7(縦長の表),https://www.mlit.go.jp/common/001026047.pdf,PDL1.0,,
41ffe66d707d11e1,JP,labor,労務単価,橋りょう塗装工,所定労働時間内8時間あたり,人日,pref,32,島根県,,,,22500,JPY,labor_wage_8h,published_pdl,31600,原本の下段(括弧書き): 公共工事設計労務単価+必要経費(法定福利費の事業主負担額、労務管理費、宿舎費等)(参考値),2014-02,2014-02-01,mlit-roumu-h26,p17(横長の表) / p7(縦長の表),https://www.mlit.go.jp/common/001026047.pdf,PDL1.0,,
e22a08f4c5561126,JP,labor,労務単価,橋りょう世話役,所定労働時間内8時間あたり,人日,pref,32,島根県,,,,24900,JPY,labor_wage_8h,published_pdl,35000,原本の下段(括弧書き): 公共工事設計労務単価+必要経費(法定福利費の事業主負担額、労務管理費、宿舎費等)(参考値),2014-02,2014-02-01,mlit-roumu-h26,p17(横長の表) / p7(縦長の表),https://www.mlit.go.jp/common/001026047.pdf,PDL1.0,,
297b4ae50336bb6d,JP,labor,労務単価,土木一般世話役,所定労働時間内8時間あたり,人日,pref,32,島根県,,,,18000,JPY,labor_wage_8h,published_pdl,25300,原本の下段(括弧書き): 公共工事設計労務単価+必要経費(法定福利費の事業主負担額、労務管理費、宿舎費等)(参考値),2014-02,2014-02-01,mlit-roumu-h26,p17(横長の表) / p7(縦長の表),https://www.mlit.go.jp/common/001026047.pdf,PDL1.0,,
11ca2b4abd604ebf,JP,labor,労務単価,高級船員,所定労働時間内8時間あたり,人日,pref,32,島根県,,,,23400,JPY,labor_wage_8h,published_pdl,32900,原本の下段(括弧書き): 公共工事設計労務単価+必要経費(法定福利費の事業主負担額、労務管理費、宿舎費等)(参考値),2014-02,2014-02-01,mlit-roumu-h26,p17(横長の表) / p7(縦長の表),https://www.mlit.go.jp/common/001026047.pdf,PDL1.0,,
8d4b9a305d3ddd4b,JP,labor,労務単価,普通船員,所定労働時間内8時間あたり,人日,pref,32,島根県,,,,17800,JPY,labor_wage_8h,published_pdl,25000,原本の下段(括弧書き): 公共工事設計労務単価+必要経費(法定福利費の事業主負担額、労務管理費、宿舎費等)(参考値),2014-02,2014-02-01,mlit-roumu-h26,p17(横長の表) / p7(縦長の表),https://www.mlit.go.jp/common/001026047.pdf,PDL1.0,,
0670bc05ed47b0a8,JP,labor,労務単価,潜水士,所定労働時間内8時間あたり,人日,pref,32,島根県,,,,31000,JPY,labor_wage_8h,published_pdl,43600,原本の下段(括弧書き): 公共工事設計労務単価+必要経費(法定福利費の事業主負担額、労務管理費、宿舎費等)(参考値),2014-02,2014-02-01,mlit-roumu-h26,p17(横長の表) / p7(縦長の表),https://www.mlit.go.jp/common/001026047.pdf,PDL1.0,,
c4907b4578170bc0,JP,labor,労務単価,潜水連絡員,所定労働時間内8時間あたり,人日,pref,32,島根県,,,,25600,JPY,labor_wage_8h,published_pdl,36000,原本の下段(括弧書き): 公共工事設計労務単価+必要経費(法定福利費の事業主負担額、労務管理費、宿舎費等)(参考値),2014-02,2014-02-01,mlit-roumu-h26,p17(横長の表) / p7(縦長の表),https://www.mlit.go.jp/common/001026047.pdf,PDL1.0,,
3b63aacdecce7b86,JP,labor,労務単価,潜水送気員,所定労働時間内8時間あたり,人日,pref,32,島根県,,,,22600,JPY,labor_wage_8h,published_pdl,31800,原本の下段(括弧書き): 公共工事設計労務単価+必要経費(法定福利費の事業主負担額、労務管理費、宿舎費等)(参考値),2014-02,2014-02-01,mlit-roumu-h26,p17(横長の表) / p7(縦長の表),https://www.mlit.go.jp/common/001026047.pdf,PDL1.0,,
4321372b32065348,JP,labor,労務単価,山林砂防工,所定労働時間内8時間あたり,人日,pref,32,島根県,,,,,JPY,labor_wage_8h,not_set,,,2014-02,2014-02-01,mlit-roumu-h26,p17(横長の表) / p8(縦長の表),https://www.mlit.go.jp/common/001026047.pdf,PDL1.0,,原本の表で『-』(この都道府県ではこの職種の単価を設定していない)
2e030faaa7544a9b,JP,labor,労務単価,軌道工,所定労働時間内8時間あたり,人日,pref,32,島根県,,,,23000,JPY,labor_wage_8h,published_pdl,32300,原本の下段(括弧書き): 公共工事設計労務単価+必要経費(法定福利費の事業主負担額、労務管理費、宿舎費等)(参考値),2014-02,2014-02-01,mlit-roumu-h26,p17(横長の表) / p8(縦長の表),https://www.mlit.go.jp/common/001026047.pdf,PDL1.0,,
153e5f1ee72ad4ba,JP,labor,労務単価,型わく工,所定労働時間内8時間あたり,人日,pref,32,島根県,,,,17000,JPY,labor_wage_8h,published_pdl,23900,原本の下段(括弧書き): 公共工事設計労務単価+必要経費(法定福利費の事業主負担額、労務管理費、宿舎費等)(参考値),2014-02,2014-02-01,mlit-roumu-h26,p17(横長の表) / p8(縦長の表),https://www.mlit.go.jp/common/001026047.pdf,PDL1.0,,
523910c488ad9bce,JP,labor,労務単価,大工,所定労働時間内8時間あたり,人日,pref,32,島根県,,,,18100,JPY,labor_wage_8h,published_pdl,25400,原本の下段(括弧書き): 公共工事設計労務単価+必要経費(法定福利費の事業主負担額、労務管理費、宿舎費等)(参考値),2014-02,2014-02-01,mlit-roumu-h26,p17(横長の表) / p8(縦長の表),https://www.mlit.go.jp/common/001026047.pdf,PDL1.0,,
646ed72d8c04dc84,JP,labor,労務単価,左官,所定労働時間内8時間あたり,人日,pref,32,島根県,,,,16600,JPY,labor_wage_8h,published_pdl,23300,原本の下段(括弧書き): 公共工事設計労務単価+必要経費(法定福利費の事業主負担額、労務管理費、宿舎費等)(参考値),2014-02,2014-02-01,mlit-roumu-h26,p17(横長の表) / p8(縦長の表),https://www.mlit.go.jp/common/001026047.pdf,PDL1.0,,
a3e423f2c248fad5,JP,labor,労務単価,配管工,所定労働時間内8時間あたり,人日,pref,32,島根県,,,,16700,JPY,labor_wage_8h,published_pdl,23500,原本の下段(括弧書き): 公共工事設計労務単価+必要経費(法定福利費の事業主負担額、労務管理費、宿舎費等)(参考値),2014-02,2014-02-01,mlit-roumu-h26,p17(横長の表) / p8(縦長の表),https://www.mlit.go.jp/common/001026047.pdf,PDL1.0,,
f79abef71af6c9db,JP,labor,労務単価,はつり工,所定労働時間内8時間あたり,人日,pref,32,島根県,,,,17200,JPY,labor_wage_8h,published_pdl,24200,原本の下段(括弧書き): 公共工事設計労務単価+必要経費(法定福利費の事業主負担額、労務管理費、宿舎費等)(参考値),2014-02,2014-02-01,mlit-roumu-h26,p17(横長の表) / p8(縦長の表),https://www.mlit.go.jp/common/001026047.pdf,PDL1.0,,
79fe125b1f19f500,JP,labor,労務単価,防水工,所定労働時間内8時間あたり,人日,pref,32,島根県,,,,18300,JPY,labor_wage_8h,published_pdl,25700,原本の下段(括弧書き): 公共工事設計労務単価+必要経費(法定福利費の事業主負担額、労務管理費、宿舎費等)(参考値),2014-02,2014-02-01,mlit-roumu-h26,p17(横長の表) / p8(縦長の表),https://www.mlit.go.jp/common/001026047.pdf,PDL1.0,,
78f31e8426d4d06a,JP,labor,労務単価,板金工,所定労働時間内8時間あたり,人日,pref,32,島根県,,,,17900,JPY,labor_wage_8h,published_pdl,25200,原本の下段(括弧書き): 公共工事設計労務単価+必要経費(法定福利費の事業主負担額、労務管理費、宿舎費等)(参考値),2014-02,2014-02-01,mlit-roumu-h26,p17(横長の表) / p8(縦長の表),https://www.mlit.go.jp/common/001026047.pdf,PDL1.0,,
243f57485ff64685,JP,labor,労務単価,タイル工,所定労働時間内8時間あたり,人日,pref,32,島根県,,,,16900,JPY,labor_wage_8h,published_pdl,23800,原本の下段(括弧書き): 公共工事設計労務単価+必要経費(法定福利費の事業主負担額、労務管理費、宿舎費等)(参考値),2014-02,2014-02-01,mlit-roumu-h26,p17(横長の表) / p8(縦長の表),https://www.mlit.go.jp/common/001026047.pdf,PDL1.0,,
343be5411847e56e,JP,labor,労務単価,サッシ工,所定労働時間内8時間あたり,人日,pref,32,島根県,,,,17500,JPY,labor_wage_8h,published_pdl,24600,原本の下段(括弧書き): 公共工事設計労務単価+必要経費(法定福利費の事業主負担額、労務管理費、宿舎費等)(参考値),2014-02,2014-02-01,mlit-roumu-h26,p18(横長の表) / p9(縦長の表),https://www.mlit.go.jp/common/001026047.pdf,PDL1.0,,
1527dad975fddcbc,JP,labor,労務単価,内装工,所定労働時間内8時間あたり,人日,pref,32,島根県,,,,18000,JPY,labor_wage_8h,published_pdl,25300,原本の下段(括弧書き): 公共工事設計労務単価+必要経費(法定福利費の事業主負担額、労務管理費、宿舎費等)(参考値),2014-02,2014-02-01,mlit-roumu-h26,p18(横長の表) / p9(縦長の表),https://www.mlit.go.jp/common/001026047.pdf,PDL1.0,,
e6ba75fdb0790da6,JP,labor,労務単価,ガラス工,所定労働時間内8時間あたり,人日,pref,32,島根県,,,,17200,JPY,labor_wage_8h,published_pdl,24200,原本の下段(括弧書き): 公共工事設計労務単価+必要経費(法定福利費の事業主負担額、労務管理費、宿舎費等)(参考値),2014-02,2014-02-01,mlit-roumu-h26,p18(横長の表) / p9(縦長の表),https://www.mlit.go.jp/common/001026047.pdf,PDL1.0,,
dcd93ca3207e0ae0,JP,labor,労務単価,建具工,所定労働時間内8時間あたり,人日,pref,32,島根県,,,,15600,JPY,labor_wage_8h,published_pdl,21900,原本の下段(括弧書き): 公共工事設計労務単価+必要経費(法定福利費の事業主負担額、労務管理費、宿舎費等)(参考値),2014-02,2014-02-01,mlit-roumu-h26,p18(横長の表) / p9(縦長の表),https://www.mlit.go.jp/common/001026047.pdf,PDL1.0,,
e69523f8d46fc97e,JP,labor,労務単価,ダクト工,所定労働時間内8時間あたり,人日,pref,32,島根県,,,,17100,JPY,labor_wage_8h,published_pdl,24000,原本の下段(括弧書き): 公共工事設計労務単価+必要経費(法定福利費の事業主負担額、労務管理費、宿舎費等)(参考値),2014-02,2014-02-01,mlit-roumu-h26,p18(横長の表) / p9(縦長の表),https://www.mlit.go.jp/common/001026047.pdf,PDL1.0,,
c79e79527de8b89e,JP,labor,労務単価,保温工,所定労働時間内8時間あたり,人日,pref,32,島根県,,,,17800,JPY,labor_wage_8h,published_pdl,25000,原本の下段(括弧書き): 公共工事設計労務単価+必要経費(法定福利費の事業主負担額、労務管理費、宿舎費等)(参考値),2014-02,2014-02-01,mlit-roumu-h26,p18(横長の表) / p9(縦長の表),https://www.mlit.go.jp/common/001026047.pdf,PDL1.0,,
755487b8bb10705b,JP,labor,労務単価,建築ブロック工,所定労働時間内8時間あたり,人日,pref,32,島根県,,,,,JPY,labor_wage_8h,not_set,,,2014-02,2014-02-01,mlit-roumu-h26,p18(横長の表) / p9(縦長の表),https://www.mlit.go.jp/common/001026047.pdf,PDL1.0,,原本の表で『-』(この都道府県ではこの職種の単価を設定していない)
0359f45463ae0962,JP,labor,労務単価,設備機械工,所定労働時間内8時間あたり,人日,pref,32,島根県,,,,18300,JPY,labor_wage_8h,published_pdl,25700,原本の下段(括弧書き): 公共工事設計労務単価+必要経費(法定福利費の事業主負担額、労務管理費、宿舎費等)(参考値),2014-02,2014-02-01,mlit-roumu-h26,p18(横長の表) / p9(縦長の表),https://www.mlit.go.jp/common/001026047.pdf,PDL1.0,,
d923894bde313cc0,JP,labor,労務単価,交通誘導警備員Ａ,所定労働時間内8時間あたり,人日,pref,32,島根県,,,,10400,JPY,labor_wage_8h,published_pdl,14600,原本の下段(括弧書き): 公共工事設計労務単価+必要経費(法定福利費の事業主負担額、労務管理費、宿舎費等)(参考値),2014-02,2014-02-01,mlit-roumu-h26,p18(横長の表) / p9(縦長の表),https://www.mlit.go.jp/common/001026047.pdf,PDL1.0,,
59ed5b100ece4c5d,JP,labor,労務単価,交通誘導警備員Ｂ,所定労働時間内8時間あたり,人日,pref,32,島根県,,,,9200,JPY,labor_wage_8h,published_pdl,12900,原本の下段(括弧書き): 公共工事設計労務単価+必要経費(法定福利費の事業主負担額、労務管理費、宿舎費等)(参考値),2014-02,2014-02-01,mlit-roumu-h26,p18(横長の表) / p9(縦長の表),https://www.mlit.go.jp/common/001026047.pdf,PDL1.0,,
06fcba1c60292204,JP,labor,労務単価,特殊作業員,所定労働時間内8時間あたり,人日,pref,33,岡山県,,,,17000,JPY,labor_wage_8h,published_pdl,23900,原本の下段(括弧書き): 公共工事設計労務単価+必要経費(法定福利費の事業主負担額、労務管理費、宿舎費等)(参考値),2014-02,2014-02-01,mlit-roumu-h26,p16(横長の表) / p5(縦長の表),https://www.mlit.go.jp/common/001026047.pdf,PDL1.0,,
ef434d562027fe55,JP,labor,労務単価,普通作業員,所定労働時間内8時間あたり,人日,pref,33,岡山県,,,,14700,JPY,labor_wage_8h,published_pdl,20700,原本の下段(括弧書き): 公共工事設計労務単価+必要経費(法定福利費の事業主負担額、労務管理費、宿舎費等)(参考値),2014-02,2014-02-01,mlit-roumu-h26,p16(横長の表) / p5(縦長の表),https://www.mlit.go.jp/common/001026047.pdf,PDL1.0,,
125ef1003aeb73a8,JP,labor,労務単価,軽作業員,所定労働時間内8時間あたり,人日,pref,33,岡山県,,,,11600,JPY,labor_wage_8h,published_pdl,16300,原本の下段(括弧書き): 公共工事設計労務単価+必要経費(法定福利費の事業主負担額、労務管理費、宿舎費等)(参考値),2014-02,2014-02-01,mlit-roumu-h26,p16(横長の表) / p5(縦長の表),https://www.mlit.go.jp/common/001026047.pdf,PDL1.0,,
5c3257b9af61de23,JP,labor,労務単価,造園工,所定労働時間内8時間あたり,人日,pref,33,岡山県,,,,16900,JPY,labor_wage_8h,published_pdl,23800,原本の下段(括弧書き): 公共工事設計労務単価+必要経費(法定福利費の事業主負担額、労務管理費、宿舎費等)(参考値),2014-02,2014-02-01,mlit-roumu-h26,p16(横長の表) / p5(縦長の表),https://www.mlit.go.jp/common/001026047.pdf,PDL1.0,,
0167246d259fabd5,JP,labor,労務単価,法面工,所定労働時間内8時間あたり,人日,pref,33,岡山県,,,,18700,JPY,labor_wage_8h,published_pdl,26300,原本の下段(括弧書き): 公共工事設計労務単価+必要経費(法定福利費の事業主負担額、労務管理費、宿舎費等)(参考値),2014-02,2014-02-01,mlit-roumu-h26,p16(横長の表) / p5(縦長の表),https://www.mlit.go.jp/common/001026047.pdf,PDL1.0,,
7166bd35d80ae48a,JP,labor,労務単価,とび工,所定労働時間内8時間あたり,人日,pref,33,岡山県,,,,18600,JPY,labor_wage_8h,published_pdl,26200,原本の下段(括弧書き): 公共工事設計労務単価+必要経費(法定福利費の事業主負担額、労務管理費、宿舎費等)(参考値),2014-02,2014-02-01,mlit-roumu-h26,p16(横長の表) / p5(縦長の表),https://www.mlit.go.jp/common/001026047.pdf,PDL1.0,,
6831982a44d2262e,JP,labor,労務単価,石工,所定労働時間内8時間あたり,人日,pref,33,岡山県,,,,24100,JPY,labor_wage_8h,published_pdl,33900,原本の下段(括弧書き): 公共工事設計労務単価+必要経費(法定福利費の事業主負担額、労務管理費、宿舎費等)(参考値),2014-02,2014-02-01,mlit-roumu-h26,p16(横長の表) / p5(縦長の表),https://www.mlit.go.jp/common/001026047.pdf,PDL1.0,,
f3950dc52f0fbea3,JP,labor,労務単価,ブロック工,所定労働時間内8時間あたり,人日,pref,33,岡山県,,,,19500,JPY,labor_wage_8h,published_pdl,27400,原本の下段(括弧書き): 公共工事設計労務単価+必要経費(法定福利費の事業主負担額、労務管理費、宿舎費等)(参考値),2014-02,2014-02-01,mlit-roumu-h26,p16(横長の表) / p5(縦長の表),https://www.mlit.go.jp/common/001026047.pdf,PDL1.0,,
e31497267a3b11e1,JP,labor,労務単価,電工,所定労働時間内8時間あたり,人日,pref,33,岡山県,,,,17500,JPY,labor_wage_8h,published_pdl,24600,原本の下段(括弧書き): 公共工事設計労務単価+必要経費(法定福利費の事業主負担額、労務管理費、宿舎費等)(参考値),2014-02,2014-02-01,mlit-roumu-h26,p16(横長の表) / p5(縦長の表),https://www.mlit.go.jp/common/001026047.pdf,PDL1.0,,
3e83b99c73d813bc,JP,labor,労務単価,鉄筋工,所定労働時間内8時間あたり,人日,pref,33,岡山県,,,,18300,JPY,labor_wage_8h,published_pdl,25700,原本の下段(括弧書き): 公共工事設計労務単価+必要経費(法定福利費の事業主負担額、労務管理費、宿舎費等)(参考値),2014-02,2014-02-01,mlit-roumu-h26,p16(横長の表) / p5(縦長の表),https://www.mlit.go.jp/common/001026047.pdf,PDL1.0,,
7ed305d39eacfe17,JP,labor,労務単価,鉄骨工,所定労働時間内8時間あたり,人日,pref,33,岡山県,,,,17400,JPY,labor_wage_8h,published_pdl,24500,原本の下段(括弧書き): 公共工事設計労務単価+必要経費(法定福利費の事業主負担額、労務管理費、宿舎費等)(参考値),2014-02,2014-02-01,mlit-roumu-h26,p16(横長の表) / p6(縦長の表),https://www.mlit.go.jp/common/001026047.pdf,PDL1.0,,
7f03abd70561417a,JP,labor,労務単価,塗装工,所定労働時間内8時間あたり,人日,pref,33,岡山県,,,,17700,JPY,labor_wage_8h,published_pdl,24900,原本の下段(括弧書き): 公共工事設計労務単価+必要経費(法定福利費の事業主負担額、労務管理費、宿舎費等)(参考値),2014-02,2014-02-01,mlit-roumu-h26,p16(横長の表) / p6(縦長の表),https://www.mlit.go.jp/common/001026047.pdf,PDL1.0,,
31072168fc4d342a,JP,labor,労務単価,溶接工,所定労働時間内8時間あたり,人日,pref,33,岡山県,,,,18800,JPY,labor_wage_8h,published_pdl,26400,原本の下段(括弧書き): 公共工事設計労務単価+必要経費(法定福利費の事業主負担額、労務管理費、宿舎費等)(参考値),2014-02,2014-02-01,mlit-roumu-h26,p16(横長の表) / p6(縦長の表),https://www.mlit.go.jp/common/001026047.pdf,PDL1.0,,
14fa140416353c4c,JP,labor,労務単価,運転手（特殊）,所定労働時間内8時間あたり,人日,pref,33,岡山県,,,,17300,JPY,labor_wage_8h,published_pdl,24300,原本の下段(括弧書き): 公共工事設計労務単価+必要経費(法定福利費の事業主負担額、労務管理費、宿舎費等)(参考値),2014-02,2014-02-01,mlit-roumu-h26,p16(横長の表) / p6(縦長の表),https://www.mlit.go.jp/common/001026047.pdf,PDL1.0,,
f71e433e3f71334b,JP,labor,労務単価,運転手（一般）,所定労働時間内8時間あたり,人日,pref,33,岡山県,,,,14900,JPY,labor_wage_8h,published_pdl,20900,原本の下段(括弧書き): 公共工事設計労務単価+必要経費(法定福利費の事業主負担額、労務管理費、宿舎費等)(参考値),2014-02,2014-02-01,mlit-roumu-h26,p16(横長の表) / p6(縦長の表),https://www.mlit.go.jp/common/001026047.pdf,PDL1.0,,
b9c6dd5175df18a3,JP,labor,労務単価,潜かん工,所定労働時間内8時間あたり,人日,pref,33,岡山県,,,,25600,JPY,labor_wage_8h,published_pdl,36000,原本の下段(括弧書き): 公共工事設計労務単価+必要経費(法定福利費の事業主負担額、労務管理費、宿舎費等)(参考値),2014-02,2014-02-01,mlit-roumu-h26,p16(横長の表) / p6(縦長の表),https://www.mlit.go.jp/common/001026047.pdf,PDL1.0,,
612a1a9fa9f4f533,JP,labor,労務単価,潜かん世話役,所定労働時間内8時間あたり,人日,pref,33,岡山県,,,,30300,JPY,labor_wage_8h,published_pdl,42600,原本の下段(括弧書き): 公共工事設計労務単価+必要経費(法定福利費の事業主負担額、労務管理費、宿舎費等)(参考値),2014-02,2014-02-01,mlit-roumu-h26,p16(横長の表) / p6(縦長の表),https://www.mlit.go.jp/common/001026047.pdf,PDL1.0,,
15b49348b52ce51c,JP,labor,労務単価,さく岩工,所定労働時間内8時間あたり,人日,pref,33,岡山県,,,,20900,JPY,labor_wage_8h,published_pdl,29400,原本の下段(括弧書き): 公共工事設計労務単価+必要経費(法定福利費の事業主負担額、労務管理費、宿舎費等)(参考値),2014-02,2014-02-01,mlit-roumu-h26,p16(横長の表) / p6(縦長の表),https://www.mlit.go.jp/common/001026047.pdf,PDL1.0,,
4bbd2d6745109460,JP,labor,労務単価,トンネル特殊工,所定労働時間内8時間あたり,人日,pref,33,岡山県,,,,23100,JPY,labor_wage_8h,published_pdl,32500,原本の下段(括弧書き): 公共工事設計労務単価+必要経費(法定福利費の事業主負担額、労務管理費、宿舎費等)(参考値),2014-02,2014-02-01,mlit-roumu-h26,p16(横長の表) / p6(縦長の表),https://www.mlit.go.jp/common/001026047.pdf,PDL1.0,,
1d6e78efb0530dd5,JP,labor,労務単価,トンネル作業員,所定労働時間内8時間あたり,人日,pref,33,岡山県,,,,20000,JPY,labor_wage_8h,published_pdl,28100,原本の下段(括弧書き): 公共工事設計労務単価+必要経費(法定福利費の事業主負担額、労務管理費、宿舎費等)(参考値),2014-02,2014-02-01,mlit-roumu-h26,p16(横長の表) / p6(縦長の表),https://www.mlit.go.jp/common/001026047.pdf,PDL1.0,,
0b98d0161ac847f1,JP,labor,労務単価,トンネル世話役,所定労働時間内8時間あたり,人日,pref,33,岡山県,,,,25800,JPY,labor_wage_8h,published_pdl,36300,原本の下段(括弧書き): 公共工事設計労務単価+必要経費(法定福利費の事業主負担額、労務管理費、宿舎費等)(参考値),2014-02,2014-02-01,mlit-roumu-h26,p17(横長の表) / p7(縦長の表),https://www.mlit.go.jp/common/001026047.pdf,PDL1.0,,
6c5bbaf475ed7ecc,JP,labor,労務単価,橋りょう特殊工,所定労働時間内8時間あたり,人日,pref,33,岡山県,,,,22000,JPY,labor_wage_8h,published_pdl,30900,原本の下段(括弧書き): 公共工事設計労務単価+必要経費(法定福利費の事業主負担額、労務管理費、宿舎費等)(参考値),2014-02,2014-02-01,mlit-roumu-h26,p17(横長の表) / p7(縦長の表),https://www.mlit.go.jp/common/001026047.pdf,PDL1.0,,
932ada0935e20bb2,JP,labor,労務単価,橋りょう塗装工,所定労働時間内8時間あたり,人日,pref,33,岡山県,,,,23100,JPY,labor_wage_8h,published_pdl,32500,原本の下段(括弧書き): 公共工事設計労務単価+必要経費(法定福利費の事業主負担額、労務管理費、宿舎費等)(参考値),2014-02,2014-02-01,mlit-roumu-h26,p17(横長の表) / p7(縦長の表),https://www.mlit.go.jp/common/001026047.pdf,PDL1.0,,
2f2146be984c6f2b,JP,labor,労務単価,橋りょう世話役,所定労働時間内8時間あたり,人日,pref,33,岡山県,,,,25000,JPY,labor_wage_8h,published_pdl,35200,原本の下段(括弧書き): 公共工事設計労務単価+必要経費(法定福利費の事業主負担額、労務管理費、宿舎費等)(参考値),2014-02,2014-02-01,mlit-roumu-h26,p17(横長の表) / p7(縦長の表),https://www.mlit.go.jp/common/001026047.pdf,PDL1.0,,
04377d0ac3b7f7e2,JP,labor,労務単価,土木一般世話役,所定労働時間内8時間あたり,人日,pref,33,岡山県,,,,19300,JPY,labor_wage_8h,published_pdl,27100,原本の下段(括弧書き): 公共工事設計労務単価+必要経費(法定福利費の事業主負担額、労務管理費、宿舎費等)(参考値),2014-02,2014-02-01,mlit-roumu-h26,p17(横長の表) / p7(縦長の表),https://www.mlit.go.jp/common/001026047.pdf,PDL1.0,,
8e39d04ed29615de,JP,labor,労務単価,高級船員,所定労働時間内8時間あたり,人日,pref,33,岡山県,,,,23500,JPY,labor_wage_8h,published_pdl,33000,原本の下段(括弧書き): 公共工事設計労務単価+必要経費(法定福利費の事業主負担額、労務管理費、宿舎費等)(参考値),2014-02,2014-02-01,mlit-roumu-h26,p17(横長の表) / p7(縦長の表),https://www.mlit.go.jp/common/001026047.pdf,PDL1.0,,
8c0794756ae61db2,JP,labor,労務単価,普通船員,所定労働時間内8時間あたり,人日,pref,33,岡山県,,,,18600,JPY,labor_wage_8h,published_pdl,26200,原本の下段(括弧書き): 公共工事設計労務単価+必要経費(法定福利費の事業主負担額、労務管理費、宿舎費等)(参考値),2014-02,2014-02-01,mlit-roumu-h26,p17(横長の表) / p7(縦長の表),https://www.mlit.go.jp/common/001026047.pdf,PDL1.0,,
9c60b403198cb8a9,JP,labor,労務単価,潜水士,所定労働時間内8時間あたり,人日,pref,33,岡山県,,,,30800,JPY,labor_wage_8h,published_pdl,43300,原本の下段(括弧書き): 公共工事設計労務単価+必要経費(法定福利費の事業主負担額、労務管理費、宿舎費等)(参考値),2014-02,2014-02-01,mlit-roumu-h26,p17(横長の表) / p7(縦長の表),https://www.mlit.go.jp/common/001026047.pdf,PDL1.0,,
a0912a10bfff61b1,JP,labor,労務単価,潜水連絡員,所定労働時間内8時間あたり,人日,pref,33,岡山県,,,,24300,JPY,labor_wage_8h,published_pdl,34200,原本の下段(括弧書き): 公共工事設計労務単価+必要経費(法定福利費の事業主負担額、労務管理費、宿舎費等)(参考値),2014-02,2014-02-01,mlit-roumu-h26,p17(横長の表) / p7(縦長の表),https://www.mlit.go.jp/common/001026047.pdf,PDL1.0,,
888a4f1c6efd945d,JP,labor,労務単価,潜水送気員,所定労働時間内8時間あたり,人日,pref,33,岡山県,,,,22500,JPY,labor_wage_8h,published_pdl,31600,原本の下段(括弧書き): 公共工事設計労務単価+必要経費(法定福利費の事業主負担額、労務管理費、宿舎費等)(参考値),2014-02,2014-02-01,mlit-roumu-h26,p17(横長の表) / p7(縦長の表),https://www.mlit.go.jp/common/001026047.pdf,PDL1.0,,
2d5229a4385175ce,JP,labor,労務単価,山林砂防工,所定労働時間内8時間あたり,人日,pref,33,岡山県,,,,,JPY,labor_wage_8h,not_set,,,2014-02,2014-02-01,mlit-roumu-h26,p17(横長の表) / p8(縦長の表),https://www.mlit.go.jp/common/001026047.pdf,PDL1.0,,原本の表で『-』(この都道府県ではこの職種の単価を設定していない)
8bbc8ba80bc17af8,JP,labor,労務単価,軌道工,所定労働時間内8時間あたり,人日,pref,33,岡山県,,,,26200,JPY,labor_wage_8h,published_pdl,36800,原本の下段(括弧書き): 公共工事設計労務単価+必要経費(法定福利費の事業主負担額、労務管理費、宿舎費等)(参考値),2014-02,2014-02-01,mlit-roumu-h26,p17(横長の表) / p8(縦長の表),https://www.mlit.go.jp/common/001026047.pdf,PDL1.0,,
ea70328ce47f8943,JP,labor,労務単価,型わく工,所定労働時間内8時間あたり,人日,pref,33,岡山県,,,,18200,JPY,labor_wage_8h,published_pdl,25600,原本の下段(括弧書き): 公共工事設計労務単価+必要経費(法定福利費の事業主負担額、労務管理費、宿舎費等)(参考値),2014-02,2014-02-01,mlit-roumu-h26,p17(横長の表) / p8(縦長の表),https://www.mlit.go.jp/common/001026047.pdf,PDL1.0,,
7df4899ef11356e3,JP,labor,労務単価,大工,所定労働時間内8時間あたり,人日,pref,33,岡山県,,,,17900,JPY,labor_wage_8h,published_pdl,25200,原本の下段(括弧書き): 公共工事設計労務単価+必要経費(法定福利費の事業主負担額、労務管理費、宿舎費等)(参考値),2014-02,2014-02-01,mlit-roumu-h26,p17(横長の表) / p8(縦長の表),https://www.mlit.go.jp/common/001026047.pdf,PDL1.0,,
7459774d1f41e90b,JP,labor,労務単価,左官,所定労働時間内8時間あたり,人日,pref,33,岡山県,,,,17400,JPY,labor_wage_8h,published_pdl,24500,原本の下段(括弧書き): 公共工事設計労務単価+必要経費(法定福利費の事業主負担額、労務管理費、宿舎費等)(参考値),2014-02,2014-02-01,mlit-roumu-h26,p17(横長の表) / p8(縦長の表),https://www.mlit.go.jp/common/001026047.pdf,PDL1.0,,
934e89f8237a3bb5,JP,labor,労務単価,配管工,所定労働時間内8時間あたり,人日,pref,33,岡山県,,,,17100,JPY,labor_wage_8h,published_pdl,24000,原本の下段(括弧書き): 公共工事設計労務単価+必要経費(法定福利費の事業主負担額、労務管理費、宿舎費等)(参考値),2014-02,2014-02-01,mlit-roumu-h26,p17(横長の表) / p8(縦長の表),https://www.mlit.go.jp/common/001026047.pdf,PDL1.0,,
47729ad70f8d8664,JP,labor,労務単価,はつり工,所定労働時間内8時間あたり,人日,pref,33,岡山県,,,,18700,JPY,labor_wage_8h,published_pdl,26300,原本の下段(括弧書き): 公共工事設計労務単価+必要経費(法定福利費の事業主負担額、労務管理費、宿舎費等)(参考値),2014-02,2014-02-01,mlit-roumu-h26,p17(横長の表) / p8(縦長の表),https://www.mlit.go.jp/common/001026047.pdf,PDL1.0,,
fdecfe835dd44ad7,JP,labor,労務単価,防水工,所定労働時間内8時間あたり,人日,pref,33,岡山県,,,,19500,JPY,labor_wage_8h,published_pdl,27400,原本の下段(括弧書き): 公共工事設計労務単価+必要経費(法定福利費の事業主負担額、労務管理費、宿舎費等)(参考値),2014-02,2014-02-01,mlit-roumu-h26,p17(横長の表) / p8(縦長の表),https://www.mlit.go.jp/common/001026047.pdf,PDL1.0,,
21a0a44ac89716d1,JP,labor,労務単価,板金工,所定労働時間内8時間あたり,人日,pref,33,岡山県,,,,18200,JPY,labor_wage_8h,published_pdl,25600,原本の下段(括弧書き): 公共工事設計労務単価+必要経費(法定福利費の事業主負担額、労務管理費、宿舎費等)(参考値),2014-02,2014-02-01,mlit-roumu-h26,p17(横長の表) / p8(縦長の表),https://www.mlit.go.jp/common/001026047.pdf,PDL1.0,,
9763f3ec726f96e6,JP,labor,労務単価,タイル工,所定労働時間内8時間あたり,人日,pref,33,岡山県,,,,16700,JPY,labor_wage_8h,published_pdl,23500,原本の下段(括弧書き): 公共工事設計労務単価+必要経費(法定福利費の事業主負担額、労務管理費、宿舎費等)(参考値),2014-02,2014-02-01,mlit-roumu-h26,p17(横長の表) / p8(縦長の表),https://www.mlit.go.jp/common/001026047.pdf,PDL1.0,,
b202083d8ad19c0d,JP,labor,労務単価,サッシ工,所定労働時間内8時間あたり,人日,pref,33,岡山県,,,,17200,JPY,labor_wage_8h,published_pdl,24200,原本の下段(括弧書き): 公共工事設計労務単価+必要経費(法定福利費の事業主負担額、労務管理費、宿舎費等)(参考値),2014-02,2014-02-01,mlit-roumu-h26,p18(横長の表) / p9(縦長の表),https://www.mlit.go.jp/common/001026047.pdf,PDL1.0,,
206f582fcd823786,JP,labor,労務単価,内装工,所定労働時間内8時間あたり,人日,pref,33,岡山県,,,,18800,JPY,labor_wage_8h,published_pdl,26400,原本の下段(括弧書き): 公共工事設計労務単価+必要経費(法定福利費の事業主負担額、労務管理費、宿舎費等)(参考値),2014-02,2014-02-01,mlit-roumu-h26,p18(横長の表) / p9(縦長の表),https://www.mlit.go.jp/common/001026047.pdf,PDL1.0,,
2e2c619fcc02948b,JP,labor,労務単価,ガラス工,所定労働時間内8時間あたり,人日,pref,33,岡山県,,,,17300,JPY,labor_wage_8h,published_pdl,24300,原本の下段(括弧書き): 公共工事設計労務単価+必要経費(法定福利費の事業主負担額、労務管理費、宿舎費等)(参考値),2014-02,2014-02-01,mlit-roumu-h26,p18(横長の表) / p9(縦長の表),https://www.mlit.go.jp/common/001026047.pdf,PDL1.0,,
75539d9446d5ac7e,JP,labor,労務単価,建具工,所定労働時間内8時間あたり,人日,pref,33,岡山県,,,,15800,JPY,labor_wage_8h,published_pdl,22200,原本の下段(括弧書き): 公共工事設計労務単価+必要経費(法定福利費の事業主負担額、労務管理費、宿舎費等)(参考値),2014-02,2014-02-01,mlit-roumu-h26,p18(横長の表) / p9(縦長の表),https://www.mlit.go.jp/common/001026047.pdf,PDL1.0,,
6682b5613844274d,JP,labor,労務単価,ダクト工,所定労働時間内8時間あたり,人日,pref,33,岡山県,,,,16700,JPY,labor_wage_8h,published_pdl,23500,原本の下段(括弧書き): 公共工事設計労務単価+必要経費(法定福利費の事業主負担額、労務管理費、宿舎費等)(参考値),2014-02,2014-02-01,mlit-roumu-h26,p18(横長の表) / p9(縦長の表),https://www.mlit.go.jp/common/001026047.pdf,PDL1.0,,
03077cc16288856b,JP,labor,労務単価,保温工,所定労働時間内8時間あたり,人日,pref,33,岡山県,,,,17800,JPY,labor_wage_8h,published_pdl,25000,原本の下段(括弧書き): 公共工事設計労務単価+必要経費(法定福利費の事業主負担額、労務管理費、宿舎費等)(参考値),2014-02,2014-02-01,mlit-roumu-h26,p18(横長の表) / p9(縦長の表),https://www.mlit.go.jp/common/001026047.pdf,PDL1.0,,
033486d7ed7b5f28,JP,labor,労務単価,建築ブロック工,所定労働時間内8時間あたり,人日,pref,33,岡山県,,,,,JPY,labor_wage_8h,not_set,,,2014-02,2014-02-01,mlit-roumu-h26,p18(横長の表) / p9(縦長の表),https://www.mlit.go.jp/common/001026047.pdf,PDL1.0,,原本の表で『-』(この都道府県ではこの職種の単価を設定していない)
7b3a6a8641fb428b,JP,labor,労務単価,設備機械工,所定労働時間内8時間あたり,人日,pref,33,岡山県,,,,19300,JPY,labor_wage_8h,published_pdl,27100,原本の下段(括弧書き): 公共工事設計労務単価+必要経費(法定福利費の事業主負担額、労務管理費、宿舎費等)(参考値),2014-02,2014-02-01,mlit-roumu-h26,p18(横長の表) / p9(縦長の表),https://www.mlit.go.jp/common/001026047.pdf,PDL1.0,,
ba7e1c3fcca4ee8f,JP,labor,労務単価,交通誘導警備員Ａ,所定労働時間内8時間あたり,人日,pref,33,岡山県,,,,10800,JPY,labor_wage_8h,published_pdl,15200,原本の下段(括弧書き): 公共工事設計労務単価+必要経費(法定福利費の事業主負担額、労務管理費、宿舎費等)(参考値),2014-02,2014-02-01,mlit-roumu-h26,p18(横長の表) / p9(縦長の表),https://www.mlit.go.jp/common/001026047.pdf,PDL1.0,,
c78fffa718a9a177,JP,labor,労務単価,交通誘導警備員Ｂ,所定労働時間内8時間あたり,人日,pref,33,岡山県,,,,9300,JPY,labor_wage_8h,published_pdl,13100,原本の下段(括弧書き): 公共工事設計労務単価+必要経費(法定福利費の事業主負担額、労務管理費、宿舎費等)(参考値),2014-02,2014-02-01,mlit-roumu-h26,p18(横長の表) / p9(縦長の表),https://www.mlit.go.jp/common/001026047.pdf,PDL1.0,,
f8ff7ee0114efdf4,JP,labor,労務単価,特殊作業員,所定労働時間内8時間あたり,人日,pref,34,広島県,,,,17300,JPY,labor_wage_8h,published_pdl,24300,原本の下段(括弧書き): 公共工事設計労務単価+必要経費(法定福利費の事業主負担額、労務管理費、宿舎費等)(参考値),2014-02,2014-02-01,mlit-roumu-h26,p16(横長の表) / p5(縦長の表),https://www.mlit.go.jp/common/001026047.pdf,PDL1.0,,
097df2287d5c58b3,JP,labor,労務単価,普通作業員,所定労働時間内8時間あたり,人日,pref,34,広島県,,,,15200,JPY,labor_wage_8h,published_pdl,21400,原本の下段(括弧書き): 公共工事設計労務単価+必要経費(法定福利費の事業主負担額、労務管理費、宿舎費等)(参考値),2014-02,2014-02-01,mlit-roumu-h26,p16(横長の表) / p5(縦長の表),https://www.mlit.go.jp/common/001026047.pdf,PDL1.0,,
0d01fc4e00393f9d,JP,labor,労務単価,軽作業員,所定労働時間内8時間あたり,人日,pref,34,広島県,,,,11400,JPY,labor_wage_8h,published_pdl,16000,原本の下段(括弧書き): 公共工事設計労務単価+必要経費(法定福利費の事業主負担額、労務管理費、宿舎費等)(参考値),2014-02,2014-02-01,mlit-roumu-h26,p16(横長の表) / p5(縦長の表),https://www.mlit.go.jp/common/001026047.pdf,PDL1.0,,
041646df9e144923,JP,labor,労務単価,造園工,所定労働時間内8時間あたり,人日,pref,34,広島県,,,,16400,JPY,labor_wage_8h,published_pdl,23100,原本の下段(括弧書き): 公共工事設計労務単価+必要経費(法定福利費の事業主負担額、労務管理費、宿舎費等)(参考値),2014-02,2014-02-01,mlit-roumu-h26,p16(横長の表) / p5(縦長の表),https://www.mlit.go.jp/common/001026047.pdf,PDL1.0,,
81db69a4462b914d,JP,labor,労務単価,法面工,所定労働時間内8時間あたり,人日,pref,34,広島県,,,,18900,JPY,labor_wage_8h,published_pdl,26600,原本の下段(括弧書き): 公共工事設計労務単価+必要経費(法定福利費の事業主負担額、労務管理費、宿舎費等)(参考値),2014-02,2014-02-01,mlit-roumu-h26,p16(横長の表) / p5(縦長の表),https://www.mlit.go.jp/common/001026047.pdf,PDL1.0,,
8e6968d868e60009,JP,labor,労務単価,とび工,所定労働時間内8時間あたり,人日,pref,34,広島県,,,,18500,JPY,labor_wage_8h,published_pdl,26000,原本の下段(括弧書き): 公共工事設計労務単価+必要経費(法定福利費の事業主負担額、労務管理費、宿舎費等)(参考値),2014-02,2014-02-01,mlit-roumu-h26,p16(横長の表) / p5(縦長の表),https://www.mlit.go.jp/common/001026047.pdf,PDL1.0,,
58eb9074289af99a,JP,labor,労務単価,石工,所定労働時間内8時間あたり,人日,pref,34,広島県,,,,,JPY,labor_wage_8h,not_set,,,2014-02,2014-02-01,mlit-roumu-h26,p16(横長の表) / p5(縦長の表),https://www.mlit.go.jp/common/001026047.pdf,PDL1.0,,原本の表で『-』(この都道府県ではこの職種の単価を設定していない)
2d1e84cdbf1eed27,JP,labor,労務単価,ブロック工,所定労働時間内8時間あたり,人日,pref,34,広島県,,,,19200,JPY,labor_wage_8h,published_pdl,27000,原本の下段(括弧書き): 公共工事設計労務単価+必要経費(法定福利費の事業主負担額、労務管理費、宿舎費等)(参考値),2014-02,2014-02-01,mlit-roumu-h26,p16(横長の表) / p5(縦長の表),https://www.mlit.go.jp/common/001026047.pdf,PDL1.0,,
9284f889d2ebc4f8,JP,labor,労務単価,電工,所定労働時間内8時間あたり,人日,pref,34,広島県,,,,16600,JPY,labor_wage_8h,published_pdl,23300,原本の下段(括弧書き): 公共工事設計労務単価+必要経費(法定福利費の事業主負担額、労務管理費、宿舎費等)(参考値),2014-02,2014-02-01,mlit-roumu-h26,p16(横長の表) / p5(縦長の表),https://www.mlit.go.jp/common/001026047.pdf,PDL1.0,,
cbf79b8b26b628e1,JP,labor,労務単価,鉄筋工,所定労働時間内8時間あたり,人日,pref,34,広島県,,,,18200,JPY,labor_wage_8h,published_pdl,25600,原本の下段(括弧書き): 公共工事設計労務単価+必要経費(法定福利費の事業主負担額、労務管理費、宿舎費等)(参考値),2014-02,2014-02-01,mlit-roumu-h26,p16(横長の表) / p5(縦長の表),https://www.mlit.go.jp/common/001026047.pdf,PDL1.0,,
65a34417fffefd38,JP,labor,労務単価,鉄骨工,所定労働時間内8時間あたり,人日,pref,34,広島県,,,,17300,JPY,labor_wage_8h,published_pdl,24300,原本の下段(括弧書き): 公共工事設計労務単価+必要経費(法定福利費の事業主負担額、労務管理費、宿舎費等)(参考値),2014-02,2014-02-01,mlit-roumu-h26,p16(横長の表) / p6(縦長の表),https://www.mlit.go.jp/common/001026047.pdf,PDL1.0,,
af28e29a0bf29e0e,JP,labor,労務単価,塗装工,所定労働時間内8時間あたり,人日,pref,34,広島県,,,,16800,JPY,labor_wage_8h,published_pdl,23600,原本の下段(括弧書き): 公共工事設計労務単価+必要経費(法定福利費の事業主負担額、労務管理費、宿舎費等)(参考値),2014-02,2014-02-01,mlit-roumu-h26,p16(横長の表) / p6(縦長の表),https://www.mlit.go.jp/common/001026047.pdf,PDL1.0,,
0e2137434ce9d03d,JP,labor,労務単価,溶接工,所定労働時間内8時間あたり,人日,pref,34,広島県,,,,17400,JPY,labor_wage_8h,published_pdl,24500,原本の下段(括弧書き): 公共工事設計労務単価+必要経費(法定福利費の事業主負担額、労務管理費、宿舎費等)(参考値),2014-02,2014-02-01,mlit-roumu-h26,p16(横長の表) / p6(縦長の表),https://www.mlit.go.jp/common/001026047.pdf,PDL1.0,,
efb524f1d9bae76c,JP,labor,労務単価,運転手（特殊）,所定労働時間内8時間あたり,人日,pref,34,広島県,,,,17700,JPY,labor_wage_8h,published_pdl,24900,原本の下段(括弧書き): 公共工事設計労務単価+必要経費(法定福利費の事業主負担額、労務管理費、宿舎費等)(参考値),2014-02,2014-02-01,mlit-roumu-h26,p16(横長の表) / p6(縦長の表),https://www.mlit.go.jp/common/001026047.pdf,PDL1.0,,
c695a642691c0794,JP,labor,労務単価,運転手（一般）,所定労働時間内8時間あたり,人日,pref,34,広島県,,,,14900,JPY,labor_wage_8h,published_pdl,20900,原本の下段(括弧書き): 公共工事設計労務単価+必要経費(法定福利費の事業主負担額、労務管理費、宿舎費等)(参考値),2014-02,2014-02-01,mlit-roumu-h26,p16(横長の表) / p6(縦長の表),https://www.mlit.go.jp/common/001026047.pdf,PDL1.0,,
111c24173846bf13,JP,labor,労務単価,潜かん工,所定労働時間内8時間あたり,人日,pref,34,広島県,,,,25700,JPY,labor_wage_8h,published_pdl,36100,原本の下段(括弧書き): 公共工事設計労務単価+必要経費(法定福利費の事業主負担額、労務管理費、宿舎費等)(参考値),2014-02,2014-02-01,mlit-roumu-h26,p16(横長の表) / p6(縦長の表),https://www.mlit.go.jp/common/001026047.pdf,PDL1.0,,
87b8be1f468bf022,JP,labor,労務単価,潜かん世話役,所定労働時間内8時間あたり,人日,pref,34,広島県,,,,30300,JPY,labor_wage_8h,published_pdl,42600,原本の下段(括弧書き): 公共工事設計労務単価+必要経費(法定福利費の事業主負担額、労務管理費、宿舎費等)(参考値),2014-02,2014-02-01,mlit-roumu-h26,p16(横長の表) / p6(縦長の表),https://www.mlit.go.jp/common/001026047.pdf,PDL1.0,,
7cb8a0a4044d0733,JP,labor,労務単価,さく岩工,所定労働時間内8時間あたり,人日,pref,34,広島県,,,,21000,JPY,labor_wage_8h,published_pdl,29500,原本の下段(括弧書き): 公共工事設計労務単価+必要経費(法定福利費の事業主負担額、労務管理費、宿舎費等)(参考値),2014-02,2014-02-01,mlit-roumu-h26,p16(横長の表) / p6(縦長の表),https://www.mlit.go.jp/common/001026047.pdf,PDL1.0,,
fe46f108526503de,JP,labor,労務単価,トンネル特殊工,所定労働時間内8時間あたり,人日,pref,34,広島県,,,,25100,JPY,labor_wage_8h,published_pdl,35300,原本の下段(括弧書き): 公共工事設計労務単価+必要経費(法定福利費の事業主負担額、労務管理費、宿舎費等)(参考値),2014-02,2014-02-01,mlit-roumu-h26,p16(横長の表) / p6(縦長の表),https://www.mlit.go.jp/common/001026047.pdf,PDL1.0,,
2b50edf17c95a561,JP,labor,労務単価,トンネル作業員,所定労働時間内8時間あたり,人日,pref,34,広島県,,,,19200,JPY,labor_wage_8h,published_pdl,27000,原本の下段(括弧書き): 公共工事設計労務単価+必要経費(法定福利費の事業主負担額、労務管理費、宿舎費等)(参考値),2014-02,2014-02-01,mlit-roumu-h26,p16(横長の表) / p6(縦長の表),https://www.mlit.go.jp/common/001026047.pdf,PDL1.0,,
e90e546989bafb6d,JP,labor,労務単価,トンネル世話役,所定労働時間内8時間あたり,人日,pref,34,広島県,,,,25900,JPY,labor_wage_8h,published_pdl,36400,原本の下段(括弧書き): 公共工事設計労務単価+必要経費(法定福利費の事業主負担額、労務管理費、宿舎費等)(参考値),2014-02,2014-02-01,mlit-roumu-h26,p17(横長の表) / p7(縦長の表),https://www.mlit.go.jp/common/001026047.pdf,PDL1.0,,
6500dec163de2434,JP,labor,労務単価,橋りょう特殊工,所定労働時間内8時間あたり,人日,pref,34,広島県,,,,22000,JPY,labor_wage_8h,published_pdl,30900,原本の下段(括弧書き): 公共工事設計労務単価+必要経費(法定福利費の事業主負担額、労務管理費、宿舎費等)(参考値),2014-02,2014-02-01,mlit-roumu-h26,p17(横長の表) / p7(縦長の表),https://www.mlit.go.jp/common/001026047.pdf,PDL1.0,,
0168f1627b34fa83,JP,labor,労務単価,橋りょう塗装工,所定労働時間内8時間あたり,人日,pref,34,広島県,,,,22400,JPY,labor_wage_8h,published_pdl,31500,原本の下段(括弧書き): 公共工事設計労務単価+必要経費(法定福利費の事業主負担額、労務管理費、宿舎費等)(参考値),2014-02,2014-02-01,mlit-roumu-h26,p17(横長の表) / p7(縦長の表),https://www.mlit.go.jp/common/001026047.pdf,PDL1.0,,
5691ec11e6c6aae8,JP,labor,労務単価,橋りょう世話役,所定労働時間内8時間あたり,人日,pref,34,広島県,,,,25100,JPY,labor_wage_8h,published_pdl,35300,原本の下段(括弧書き): 公共工事設計労務単価+必要経費(法定福利費の事業主負担額、労務管理費、宿舎費等)(参考値),2014-02,2014-02-01,mlit-roumu-h26,p17(横長の表) / p7(縦長の表),https://www.mlit.go.jp/common/001026047.pdf,PDL1.0,,
99b5427b6b20fa67,JP,labor,労務単価,土木一般世話役,所定労働時間内8時間あたり,人日,pref,34,広島県,,,,18700,JPY,labor_wage_8h,published_pdl,26300,原本の下段(括弧書き): 公共工事設計労務単価+必要経費(法定福利費の事業主負担額、労務管理費、宿舎費等)(参考値),2014-02,2014-02-01,mlit-roumu-h26,p17(横長の表) / p7(縦長の表),https://www.mlit.go.jp/common/001026047.pdf,PDL1.0,,
118285a0ebb7dcfe,JP,labor,労務単価,高級船員,所定労働時間内8時間あたり,人日,pref,34,広島県,,,,23500,JPY,labor_wage_8h,published_pdl,33000,原本の下段(括弧書き): 公共工事設計労務単価+必要経費(法定福利費の事業主負担額、労務管理費、宿舎費等)(参考値),2014-02,2014-02-01,mlit-roumu-h26,p17(横長の表) / p7(縦長の表),https://www.mlit.go.jp/common/001026047.pdf,PDL1.0,,
00821f90deed6cbc,JP,labor,労務単価,普通船員,所定労働時間内8時間あたり,人日,pref,34,広島県,,,,17800,JPY,labor_wage_8h,published_pdl,25000,原本の下段(括弧書き): 公共工事設計労務単価+必要経費(法定福利費の事業主負担額、労務管理費、宿舎費等)(参考値),2014-02,2014-02-01,mlit-roumu-h26,p17(横長の表) / p7(縦長の表),https://www.mlit.go.jp/common/001026047.pdf,PDL1.0,,
6d26331e7f25c4b9,JP,labor,労務単価,潜水士,所定労働時間内8時間あたり,人日,pref,34,広島県,,,,31300,JPY,labor_wage_8h,published_pdl,44000,原本の下段(括弧書き): 公共工事設計労務単価+必要経費(法定福利費の事業主負担額、労務管理費、宿舎費等)(参考値),2014-02,2014-02-01,mlit-roumu-h26,p17(横長の表) / p7(縦長の表),https://www.mlit.go.jp/common/001026047.pdf,PDL1.0,,
c739c1b0398ee50b,JP,labor,労務単価,潜水連絡員,所定労働時間内8時間あたり,人日,pref,34,広島県,,,,25800,JPY,labor_wage_8h,published_pdl,36300,原本の下段(括弧書き): 公共工事設計労務単価+必要経費(法定福利費の事業主負担額、労務管理費、宿舎費等)(参考値),2014-02,2014-02-01,mlit-roumu-h26,p17(横長の表) / p7(縦長の表),https://www.mlit.go.jp/common/001026047.pdf,PDL1.0,,
df90916f5f55cae4,JP,labor,労務単価,潜水送気員,所定労働時間内8時間あたり,人日,pref,34,広島県,,,,22800,JPY,labor_wage_8h,published_pdl,32100,原本の下段(括弧書き): 公共工事設計労務単価+必要経費(法定福利費の事業主負担額、労務管理費、宿舎費等)(参考値),2014-02,2014-02-01,mlit-roumu-h26,p17(横長の表) / p7(縦長の表),https://www.mlit.go.jp/common/001026047.pdf,PDL1.0,,
be42507dd88ebb36,JP,labor,労務単価,山林砂防工,所定労働時間内8時間あたり,人日,pref,34,広島県,,,,,JPY,labor_wage_8h,not_set,,,2014-02,2014-02-01,mlit-roumu-h26,p17(横長の表) / p8(縦長の表),https://www.mlit.go.jp/common/001026047.pdf,PDL1.0,,原本の表で『-』(この都道府県ではこの職種の単価を設定していない)
d86deeca0bcfcb50,JP,labor,労務単価,軌道工,所定労働時間内8時間あたり,人日,pref,34,広島県,,,,23100,JPY,labor_wage_8h,published_pdl,32500,原本の下段(括弧書き): 公共工事設計労務単価+必要経費(法定福利費の事業主負担額、労務管理費、宿舎費等)(参考値),2014-02,2014-02-01,mlit-roumu-h26,p17(横長の表) / p8(縦長の表),https://www.mlit.go.jp/common/001026047.pdf,PDL1.0,,
5232bf741e83a154,JP,labor,労務単価,型わく工,所定労働時間内8時間あたり,人日,pref,34,広島県,,,,17800,JPY,labor_wage_8h,published_pdl,25000,原本の下段(括弧書き): 公共工事設計労務単価+必要経費(法定福利費の事業主負担額、労務管理費、宿舎費等)(参考値),2014-02,2014-02-01,mlit-roumu-h26,p17(横長の表) / p8(縦長の表),https://www.mlit.go.jp/common/001026047.pdf,PDL1.0,,
6932c4048a7e62b5,JP,labor,労務単価,大工,所定労働時間内8時間あたり,人日,pref,34,広島県,,,,18100,JPY,labor_wage_8h,published_pdl,25400,原本の下段(括弧書き): 公共工事設計労務単価+必要経費(法定福利費の事業主負担額、労務管理費、宿舎費等)(参考値),2014-02,2014-02-01,mlit-roumu-h26,p17(横長の表) / p8(縦長の表),https://www.mlit.go.jp/common/001026047.pdf,PDL1.0,,
dd175af2509a4ac2,JP,labor,労務単価,左官,所定労働時間内8時間あたり,人日,pref,34,広島県,,,,17100,JPY,labor_wage_8h,published_pdl,24000,原本の下段(括弧書き): 公共工事設計労務単価+必要経費(法定福利費の事業主負担額、労務管理費、宿舎費等)(参考値),2014-02,2014-02-01,mlit-roumu-h26,p17(横長の表) / p8(縦長の表),https://www.mlit.go.jp/common/001026047.pdf,PDL1.0,,
75048900ce53da90,JP,labor,労務単価,配管工,所定労働時間内8時間あたり,人日,pref,34,広島県,,,,17000,JPY,labor_wage_8h,published_pdl,23900,原本の下段(括弧書き): 公共工事設計労務単価+必要経費(法定福利費の事業主負担額、労務管理費、宿舎費等)(参考値),2014-02,2014-02-01,mlit-roumu-h26,p17(横長の表) / p8(縦長の表),https://www.mlit.go.jp/common/001026047.pdf,PDL1.0,,
c7fd40a96c16b029,JP,labor,労務単価,はつり工,所定労働時間内8時間あたり,人日,pref,34,広島県,,,,17300,JPY,labor_wage_8h,published_pdl,24300,原本の下段(括弧書き): 公共工事設計労務単価+必要経費(法定福利費の事業主負担額、労務管理費、宿舎費等)(参考値),2014-02,2014-02-01,mlit-roumu-h26,p17(横長の表) / p8(縦長の表),https://www.mlit.go.jp/common/001026047.pdf,PDL1.0,,
942d61dcaf0f7f70,JP,labor,労務単価,防水工,所定労働時間内8時間あたり,人日,pref,34,広島県,,,,18800,JPY,labor_wage_8h,published_pdl,26400,原本の下段(括弧書き): 公共工事設計労務単価+必要経費(法定福利費の事業主負担額、労務管理費、宿舎費等)(参考値),2014-02,2014-02-01,mlit-roumu-h26,p17(横長の表) / p8(縦長の表),https://www.mlit.go.jp/common/001026047.pdf,PDL1.0,,
ca03a07bf718c80d,JP,labor,労務単価,板金工,所定労働時間内8時間あたり,人日,pref,34,広島県,,,,17800,JPY,labor_wage_8h,published_pdl,25000,原本の下段(括弧書き): 公共工事設計労務単価+必要経費(法定福利費の事業主負担額、労務管理費、宿舎費等)(参考値),2014-02,2014-02-01,mlit-roumu-h26,p17(横長の表) / p8(縦長の表),https://www.mlit.go.jp/common/001026047.pdf,PDL1.0,,
fedcee3115dbce85,JP,labor,労務単価,タイル工,所定労働時間内8時間あたり,人日,pref,34,広島県,,,,17000,JPY,labor_wage_8h,published_pdl,23900,原本の下段(括弧書き): 公共工事設計労務単価+必要経費(法定福利費の事業主負担額、労務管理費、宿舎費等)(参考値),2014-02,2014-02-01,mlit-roumu-h26,p17(横長の表) / p8(縦長の表),https://www.mlit.go.jp/common/001026047.pdf,PDL1.0,,
7d47dc726cba9486,JP,labor,労務単価,サッシ工,所定労働時間内8時間あたり,人日,pref,34,広島県,,,,17600,JPY,labor_wage_8h,published_pdl,24700,原本の下段(括弧書き): 公共工事設計労務単価+必要経費(法定福利費の事業主負担額、労務管理費、宿舎費等)(参考値),2014-02,2014-02-01,mlit-roumu-h26,p18(横長の表) / p9(縦長の表),https://www.mlit.go.jp/common/001026047.pdf,PDL1.0,,
90d93dc3ee7cecb0,JP,labor,労務単価,内装工,所定労働時間内8時間あたり,人日,pref,34,広島県,,,,18100,JPY,labor_wage_8h,published_pdl,25400,原本の下段(括弧書き): 公共工事設計労務単価+必要経費(法定福利費の事業主負担額、労務管理費、宿舎費等)(参考値),2014-02,2014-02-01,mlit-roumu-h26,p18(横長の表) / p9(縦長の表),https://www.mlit.go.jp/common/001026047.pdf,PDL1.0,,
3d17a5a1373232a3,JP,labor,労務単価,ガラス工,所定労働時間内8時間あたり,人日,pref,34,広島県,,,,17300,JPY,labor_wage_8h,published_pdl,24300,原本の下段(括弧書き): 公共工事設計労務単価+必要経費(法定福利費の事業主負担額、労務管理費、宿舎費等)(参考値),2014-02,2014-02-01,mlit-roumu-h26,p18(横長の表) / p9(縦長の表),https://www.mlit.go.jp/common/001026047.pdf,PDL1.0,,
458035c2eb6d1c2d,JP,labor,労務単価,建具工,所定労働時間内8時間あたり,人日,pref,34,広島県,,,,15400,JPY,labor_wage_8h,published_pdl,21700,原本の下段(括弧書き): 公共工事設計労務単価+必要経費(法定福利費の事業主負担額、労務管理費、宿舎費等)(参考値),2014-02,2014-02-01,mlit-roumu-h26,p18(横長の表) / p9(縦長の表),https://www.mlit.go.jp/common/001026047.pdf,PDL1.0,,
2ead5d4672f62b6c,JP,labor,労務単価,ダクト工,所定労働時間内8時間あたり,人日,pref,34,広島県,,,,16800,JPY,labor_wage_8h,published_pdl,23600,原本の下段(括弧書き): 公共工事設計労務単価+必要経費(法定福利費の事業主負担額、労務管理費、宿舎費等)(参考値),2014-02,2014-02-01,mlit-roumu-h26,p18(横長の表) / p9(縦長の表),https://www.mlit.go.jp/common/001026047.pdf,PDL1.0,,
23484a1321636849,JP,labor,労務単価,保温工,所定労働時間内8時間あたり,人日,pref,34,広島県,,,,17800,JPY,labor_wage_8h,published_pdl,25000,原本の下段(括弧書き): 公共工事設計労務単価+必要経費(法定福利費の事業主負担額、労務管理費、宿舎費等)(参考値),2014-02,2014-02-01,mlit-roumu-h26,p18(横長の表) / p9(縦長の表),https://www.mlit.go.jp/common/001026047.pdf,PDL1.0,,
7806f4ac7ff0d93e,JP,labor,労務単価,建築ブロック工,所定労働時間内8時間あたり,人日,pref,34,広島県,,,,,JPY,labor_wage_8h,not_set,,,2014-02,2014-02-01,mlit-roumu-h26,p18(横長の表) / p9(縦長の表),https://www.mlit.go.jp/common/001026047.pdf,PDL1.0,,原本の表で『-』(この都道府県ではこの職種の単価を設定していない)
06b840066b351c0b,JP,labor,労務単価,設備機械工,所定労働時間内8時間あたり,人日,pref,34,広島県,,,,18000,JPY,labor_wage_8h,published_pdl,25300,原本の下段(括弧書き): 公共工事設計労務単価+必要経費(法定福利費の事業主負担額、労務管理費、宿舎費等)(参考値),2014-02,2014-02-01,mlit-roumu-h26,p18(横長の表) / p9(縦長の表),https://www.mlit.go.jp/common/001026047.pdf,PDL1.0,,
0ebb5f7934c5a0ce,JP,labor,労務単価,交通誘導警備員Ａ,所定労働時間内8時間あたり,人日,pref,34,広島県,,,,10900,JPY,labor_wage_8h,published_pdl,15300,原本の下段(括弧書き): 公共工事設計労務単価+必要経費(法定福利費の事業主負担額、労務管理費、宿舎費等)(参考値),2014-02,2014-02-01,mlit-roumu-h26,p18(横長の表) / p9(縦長の表),https://www.mlit.go.jp/common/001026047.pdf,PDL1.0,,
87a92d011eb7d237,JP,labor,労務単価,交通誘導警備員Ｂ,所定労働時間内8時間あたり,人日,pref,34,広島県,,,,9500,JPY,labor_wage_8h,published_pdl,13400,原本の下段(括弧書き): 公共工事設計労務単価+必要経費(法定福利費の事業主負担額、労務管理費、宿舎費等)(参考値),2014-02,2014-02-01,mlit-roumu-h26,p18(横長の表) / p9(縦長の表),https://www.mlit.go.jp/common/001026047.pdf,PDL1.0,,
1ce0f6b7cfa0e5b1,JP,labor,労務単価,特殊作業員,所定労働時間内8時間あたり,人日,pref,35,山口県,,,,16100,JPY,labor_wage_8h,published_pdl,22600,原本の下段(括弧書き): 公共工事設計労務単価+必要経費(法定福利費の事業主負担額、労務管理費、宿舎費等)(参考値),2014-02,2014-02-01,mlit-roumu-h26,p16(横長の表) / p5(縦長の表),https://www.mlit.go.jp/common/001026047.pdf,PDL1.0,,
2f143ed81df2b5e6,JP,labor,労務単価,普通作業員,所定労働時間内8時間あたり,人日,pref,35,山口県,,,,14300,JPY,labor_wage_8h,published_pdl,20100,原本の下段(括弧書き): 公共工事設計労務単価+必要経費(法定福利費の事業主負担額、労務管理費、宿舎費等)(参考値),2014-02,2014-02-01,mlit-roumu-h26,p16(横長の表) / p5(縦長の表),https://www.mlit.go.jp/common/001026047.pdf,PDL1.0,,
4309671be3732e5c,JP,labor,労務単価,軽作業員,所定労働時間内8時間あたり,人日,pref,35,山口県,,,,11000,JPY,labor_wage_8h,published_pdl,15500,原本の下段(括弧書き): 公共工事設計労務単価+必要経費(法定福利費の事業主負担額、労務管理費、宿舎費等)(参考値),2014-02,2014-02-01,mlit-roumu-h26,p16(横長の表) / p5(縦長の表),https://www.mlit.go.jp/common/001026047.pdf,PDL1.0,,
bc5b5fc28fdac8b9,JP,labor,労務単価,造園工,所定労働時間内8時間あたり,人日,pref,35,山口県,,,,16500,JPY,labor_wage_8h,published_pdl,23200,原本の下段(括弧書き): 公共工事設計労務単価+必要経費(法定福利費の事業主負担額、労務管理費、宿舎費等)(参考値),2014-02,2014-02-01,mlit-roumu-h26,p16(横長の表) / p5(縦長の表),https://www.mlit.go.jp/common/001026047.pdf,PDL1.0,,
61a3ebd424ef2634,JP,labor,労務単価,法面工,所定労働時間内8時間あたり,人日,pref,35,山口県,,,,18300,JPY,labor_wage_8h,published_pdl,25700,原本の下段(括弧書き): 公共工事設計労務単価+必要経費(法定福利費の事業主負担額、労務管理費、宿舎費等)(参考値),2014-02,2014-02-01,mlit-roumu-h26,p16(横長の表) / p5(縦長の表),https://www.mlit.go.jp/common/001026047.pdf,PDL1.0,,
791a4a0545c40368,JP,labor,労務単価,とび工,所定労働時間内8時間あたり,人日,pref,35,山口県,,,,18400,JPY,labor_wage_8h,published_pdl,25900,原本の下段(括弧書き): 公共工事設計労務単価+必要経費(法定福利費の事業主負担額、労務管理費、宿舎費等)(参考値),2014-02,2014-02-01,mlit-roumu-h26,p16(横長の表) / p5(縦長の表),https://www.mlit.go.jp/common/001026047.pdf,PDL1.0,,
cf49eb2429c24022,JP,labor,労務単価,石工,所定労働時間内8時間あたり,人日,pref,35,山口県,,,,,JPY,labor_wage_8h,not_set,,,2014-02,2014-02-01,mlit-roumu-h26,p16(横長の表) / p5(縦長の表),https://www.mlit.go.jp/common/001026047.pdf,PDL1.0,,原本の表で『-』(この都道府県ではこの職種の単価を設定していない)
69ee1aa9a9eaa095,JP,labor,労務単価,ブロック工,所定労働時間内8時間あたり,人日,pref,35,山口県,,,,19200,JPY,labor_wage_8h,published_pdl,27000,原本の下段(括弧書き): 公共工事設計労務単価+必要経費(法定福利費の事業主負担額、労務管理費、宿舎費等)(参考値),2014-02,2014-02-01,mlit-roumu-h26,p16(横長の表) / p5(縦長の表),https://www.mlit.go.jp/common/001026047.pdf,PDL1.0,,
105c77398e6bdeec,JP,labor,労務単価,電工,所定労働時間内8時間あたり,人日,pref,35,山口県,,,,16900,JPY,labor_wage_8h,published_pdl,23800,原本の下段(括弧書き): 公共工事設計労務単価+必要経費(法定福利費の事業主負担額、労務管理費、宿舎費等)(参考値),2014-02,2014-02-01,mlit-roumu-h26,p16(横長の表) / p5(縦長の表),https://www.mlit.go.jp/common/001026047.pdf,PDL1.0,,
dd41b2b1766f81e9,JP,labor,労務単価,鉄筋工,所定労働時間内8時間あたり,人日,pref,35,山口県,,,,17600,JPY,labor_wage_8h,published_pdl,24700,原本の下段(括弧書き): 公共工事設計労務単価+必要経費(法定福利費の事業主負担額、労務管理費、宿舎費等)(参考値),2014-02,2014-02-01,mlit-roumu-h26,p16(横長の表) / p5(縦長の表),https://www.mlit.go.jp/common/001026047.pdf,PDL1.0,,
f06f72e6a9eb63f1,JP,labor,労務単価,鉄骨工,所定労働時間内8時間あたり,人日,pref,35,山口県,,,,16900,JPY,labor_wage_8h,published_pdl,23800,原本の下段(括弧書き): 公共工事設計労務単価+必要経費(法定福利費の事業主負担額、労務管理費、宿舎費等)(参考値),2014-02,2014-02-01,mlit-roumu-h26,p16(横長の表) / p6(縦長の表),https://www.mlit.go.jp/common/001026047.pdf,PDL1.0,,
110752305453d306,JP,labor,労務単価,塗装工,所定労働時間内8時間あたり,人日,pref,35,山口県,,,,16100,JPY,labor_wage_8h,published_pdl,22600,原本の下段(括弧書き): 公共工事設計労務単価+必要経費(法定福利費の事業主負担額、労務管理費、宿舎費等)(参考値),2014-02,2014-02-01,mlit-roumu-h26,p16(横長の表) / p6(縦長の表),https://www.mlit.go.jp/common/001026047.pdf,PDL1.0,,
5576ae112ca38783,JP,labor,労務単価,溶接工,所定労働時間内8時間あたり,人日,pref,35,山口県,,,,17600,JPY,labor_wage_8h,published_pdl,24700,原本の下段(括弧書き): 公共工事設計労務単価+必要経費(法定福利費の事業主負担額、労務管理費、宿舎費等)(参考値),2014-02,2014-02-01,mlit-roumu-h26,p16(横長の表) / p6(縦長の表),https://www.mlit.go.jp/common/001026047.pdf,PDL1.0,,
9ee8634f8c645c8d,JP,labor,労務単価,運転手（特殊）,所定労働時間内8時間あたり,人日,pref,35,山口県,,,,16100,JPY,labor_wage_8h,published_pdl,22600,原本の下段(括弧書き): 公共工事設計労務単価+必要経費(法定福利費の事業主負担額、労務管理費、宿舎費等)(参考値),2014-02,2014-02-01,mlit-roumu-h26,p16(横長の表) / p6(縦長の表),https://www.mlit.go.jp/common/001026047.pdf,PDL1.0,,
05a6f53bcf45339d,JP,labor,労務単価,運転手（一般）,所定労働時間内8時間あたり,人日,pref,35,山口県,,,,14200,JPY,labor_wage_8h,published_pdl,20000,原本の下段(括弧書き): 公共工事設計労務単価+必要経費(法定福利費の事業主負担額、労務管理費、宿舎費等)(参考値),2014-02,2014-02-01,mlit-roumu-h26,p16(横長の表) / p6(縦長の表),https://www.mlit.go.jp/common/001026047.pdf,PDL1.0,,
75c6b1526af16d84,JP,labor,労務単価,潜かん工,所定労働時間内8時間あたり,人日,pref,35,山口県,,,,25600,JPY,labor_wage_8h,published_pdl,36000,原本の下段(括弧書き): 公共工事設計労務単価+必要経費(法定福利費の事業主負担額、労務管理費、宿舎費等)(参考値),2014-02,2014-02-01,mlit-roumu-h26,p16(横長の表) / p6(縦長の表),https://www.mlit.go.jp/common/001026047.pdf,PDL1.0,,
7bb12030503d79d4,JP,labor,労務単価,潜かん世話役,所定労働時間内8時間あたり,人日,pref,35,山口県,,,,30300,JPY,labor_wage_8h,published_pdl,42600,原本の下段(括弧書き): 公共工事設計労務単価+必要経費(法定福利費の事業主負担額、労務管理費、宿舎費等)(参考値),2014-02,2014-02-01,mlit-roumu-h26,p16(横長の表) / p6(縦長の表),https://www.mlit.go.jp/common/001026047.pdf,PDL1.0,,
99f644818bf08382,JP,labor,労務単価,さく岩工,所定労働時間内8時間あたり,人日,pref,35,山口県,,,,20900,JPY,labor_wage_8h,published_pdl,29400,原本の下段(括弧書き): 公共工事設計労務単価+必要経費(法定福利費の事業主負担額、労務管理費、宿舎費等)(参考値),2014-02,2014-02-01,mlit-roumu-h26,p16(横長の表) / p6(縦長の表),https://www.mlit.go.jp/common/001026047.pdf,PDL1.0,,
ceca6030075d17d2,JP,labor,労務単価,トンネル特殊工,所定労働時間内8時間あたり,人日,pref,35,山口県,,,,24600,JPY,labor_wage_8h,published_pdl,34600,原本の下段(括弧書き): 公共工事設計労務単価+必要経費(法定福利費の事業主負担額、労務管理費、宿舎費等)(参考値),2014-02,2014-02-01,mlit-roumu-h26,p16(横長の表) / p6(縦長の表),https://www.mlit.go.jp/common/001026047.pdf,PDL1.0,,
f3442bb07bc2c5ed,JP,labor,労務単価,トンネル作業員,所定労働時間内8時間あたり,人日,pref,35,山口県,,,,19300,JPY,labor_wage_8h,published_pdl,27100,原本の下段(括弧書き): 公共工事設計労務単価+必要経費(法定福利費の事業主負担額、労務管理費、宿舎費等)(参考値),2014-02,2014-02-01,mlit-roumu-h26,p16(横長の表) / p6(縦長の表),https://www.mlit.go.jp/common/001026047.pdf,PDL1.0,,
acaba01b439880e2,JP,labor,労務単価,トンネル世話役,所定労働時間内8時間あたり,人日,pref,35,山口県,,,,25800,JPY,labor_wage_8h,published_pdl,36300,原本の下段(括弧書き): 公共工事設計労務単価+必要経費(法定福利費の事業主負担額、労務管理費、宿舎費等)(参考値),2014-02,2014-02-01,mlit-roumu-h26,p17(横長の表) / p7(縦長の表),https://www.mlit.go.jp/common/001026047.pdf,PDL1.0,,
398b4963f2dc66d3,JP,labor,労務単価,橋りょう特殊工,所定労働時間内8時間あたり,人日,pref,35,山口県,,,,22000,JPY,labor_wage_8h,published_pdl,30900,原本の下段(括弧書き): 公共工事設計労務単価+必要経費(法定福利費の事業主負担額、労務管理費、宿舎費等)(参考値),2014-02,2014-02-01,mlit-roumu-h26,p17(横長の表) / p7(縦長の表),https://www.mlit.go.jp/common/001026047.pdf,PDL1.0,,
3613cbc9b2c06012,JP,labor,労務単価,橋りょう塗装工,所定労働時間内8時間あたり,人日,pref,35,山口県,,,,22400,JPY,labor_wage_8h,published_pdl,31500,原本の下段(括弧書き): 公共工事設計労務単価+必要経費(法定福利費の事業主負担額、労務管理費、宿舎費等)(参考値),2014-02,2014-02-01,mlit-roumu-h26,p17(横長の表) / p7(縦長の表),https://www.mlit.go.jp/common/001026047.pdf,PDL1.0,,
791d9c8d817b473a,JP,labor,労務単価,橋りょう世話役,所定労働時間内8時間あたり,人日,pref,35,山口県,,,,24900,JPY,labor_wage_8h,published_pdl,35000,原本の下段(括弧書き): 公共工事設計労務単価+必要経費(法定福利費の事業主負担額、労務管理費、宿舎費等)(参考値),2014-02,2014-02-01,mlit-roumu-h26,p17(横長の表) / p7(縦長の表),https://www.mlit.go.jp/common/001026047.pdf,PDL1.0,,
1f0bc6ad55baf0ca,JP,labor,労務単価,土木一般世話役,所定労働時間内8時間あたり,人日,pref,35,山口県,,,,19200,JPY,labor_wage_8h,published_pdl,27000,原本の下段(括弧書き): 公共工事設計労務単価+必要経費(法定福利費の事業主負担額、労務管理費、宿舎費等)(参考値),2014-02,2014-02-01,mlit-roumu-h26,p17(横長の表) / p7(縦長の表),https://www.mlit.go.jp/common/001026047.pdf,PDL1.0,,
6b264ac37bafa147,JP,labor,労務単価,高級船員,所定労働時間内8時間あたり,人日,pref,35,山口県,,,,23400,JPY,labor_wage_8h,published_pdl,32900,原本の下段(括弧書き): 公共工事設計労務単価+必要経費(法定福利費の事業主負担額、労務管理費、宿舎費等)(参考値),2014-02,2014-02-01,mlit-roumu-h26,p17(横長の表) / p7(縦長の表),https://www.mlit.go.jp/common/001026047.pdf,PDL1.0,,
42784d776635f02e,JP,labor,労務単価,普通船員,所定労働時間内8時間あたり,人日,pref,35,山口県,,,,17800,JPY,labor_wage_8h,published_pdl,25000,原本の下段(括弧書き): 公共工事設計労務単価+必要経費(法定福利費の事業主負担額、労務管理費、宿舎費等)(参考値),2014-02,2014-02-01,mlit-roumu-h26,p17(横長の表) / p7(縦長の表),https://www.mlit.go.jp/common/001026047.pdf,PDL1.0,,
8f26c5b44c7ef4ed,JP,labor,労務単価,潜水士,所定労働時間内8時間あたり,人日,pref,35,山口県,,,,31200,JPY,labor_wage_8h,published_pdl,43900,原本の下段(括弧書き): 公共工事設計労務単価+必要経費(法定福利費の事業主負担額、労務管理費、宿舎費等)(参考値),2014-02,2014-02-01,mlit-roumu-h26,p17(横長の表) / p7(縦長の表),https://www.mlit.go.jp/common/001026047.pdf,PDL1.0,,
af4a199eb32fd78d,JP,labor,労務単価,潜水連絡員,所定労働時間内8時間あたり,人日,pref,35,山口県,,,,25700,JPY,labor_wage_8h,published_pdl,36100,原本の下段(括弧書き): 公共工事設計労務単価+必要経費(法定福利費の事業主負担額、労務管理費、宿舎費等)(参考値),2014-02,2014-02-01,mlit-roumu-h26,p17(横長の表) / p7(縦長の表),https://www.mlit.go.jp/common/001026047.pdf,PDL1.0,,
c2bbd43fd38ba2a5,JP,labor,労務単価,潜水送気員,所定労働時間内8時間あたり,人日,pref,35,山口県,,,,22800,JPY,labor_wage_8h,published_pdl,32100,原本の下段(括弧書き): 公共工事設計労務単価+必要経費(法定福利費の事業主負担額、労務管理費、宿舎費等)(参考値),2014-02,2014-02-01,mlit-roumu-h26,p17(横長の表) / p7(縦長の表),https://www.mlit.go.jp/common/001026047.pdf,PDL1.0,,
28b57e23e9f6388a,JP,labor,労務単価,山林砂防工,所定労働時間内8時間あたり,人日,pref,35,山口県,,,,,JPY,labor_wage_8h,not_set,,,2014-02,2014-02-01,mlit-roumu-h26,p17(横長の表) / p8(縦長の表),https://www.mlit.go.jp/common/001026047.pdf,PDL1.0,,原本の表で『-』(この都道府県ではこの職種の単価を設定していない)
3ced4832bbcbaaf5,JP,labor,労務単価,軌道工,所定労働時間内8時間あたり,人日,pref,35,山口県,,,,23100,JPY,labor_wage_8h,published_pdl,32500,原本の下段(括弧書き): 公共工事設計労務単価+必要経費(法定福利費の事業主負担額、労務管理費、宿舎費等)(参考値),2014-02,2014-02-01,mlit-roumu-h26,p17(横長の表) / p8(縦長の表),https://www.mlit.go.jp/common/001026047.pdf,PDL1.0,,
2ca65ebf8366ab70,JP,labor,労務単価,型わく工,所定労働時間内8時間あたり,人日,pref,35,山口県,,,,17000,JPY,labor_wage_8h,published_pdl,23900,原本の下段(括弧書き): 公共工事設計労務単価+必要経費(法定福利費の事業主負担額、労務管理費、宿舎費等)(参考値),2014-02,2014-02-01,mlit-roumu-h26,p17(横長の表) / p8(縦長の表),https://www.mlit.go.jp/common/001026047.pdf,PDL1.0,,
93e5ba018b6302c1,JP,labor,労務単価,大工,所定労働時間内8時間あたり,人日,pref,35,山口県,,,,18100,JPY,labor_wage_8h,published_pdl,25400,原本の下段(括弧書き): 公共工事設計労務単価+必要経費(法定福利費の事業主負担額、労務管理費、宿舎費等)(参考値),2014-02,2014-02-01,mlit-roumu-h26,p17(横長の表) / p8(縦長の表),https://www.mlit.go.jp/common/001026047.pdf,PDL1.0,,
d9810f1fef60f0c5,JP,labor,労務単価,左官,所定労働時間内8時間あたり,人日,pref,35,山口県,,,,16900,JPY,labor_wage_8h,published_pdl,23800,原本の下段(括弧書き): 公共工事設計労務単価+必要経費(法定福利費の事業主負担額、労務管理費、宿舎費等)(参考値),2014-02,2014-02-01,mlit-roumu-h26,p17(横長の表) / p8(縦長の表),https://www.mlit.go.jp/common/001026047.pdf,PDL1.0,,
1b73da3852877fc4,JP,labor,労務単価,配管工,所定労働時間内8時間あたり,人日,pref,35,山口県,,,,17100,JPY,labor_wage_8h,published_pdl,24000,原本の下段(括弧書き): 公共工事設計労務単価+必要経費(法定福利費の事業主負担額、労務管理費、宿舎費等)(参考値),2014-02,2014-02-01,mlit-roumu-h26,p17(横長の表) / p8(縦長の表),https://www.mlit.go.jp/common/001026047.pdf,PDL1.0,,
216c628fa1ec91e6,JP,labor,労務単価,はつり工,所定労働時間内8時間あたり,人日,pref,35,山口県,,,,17300,JPY,labor_wage_8h,published_pdl,24300,原本の下段(括弧書き): 公共工事設計労務単価+必要経費(法定福利費の事業主負担額、労務管理費、宿舎費等)(参考値),2014-02,2014-02-01,mlit-roumu-h26,p17(横長の表) / p8(縦長の表),https://www.mlit.go.jp/common/001026047.pdf,PDL1.0,,
0c478ce37762ae34,JP,labor,労務単価,防水工,所定労働時間内8時間あたり,人日,pref,35,山口県,,,,18500,JPY,labor_wage_8h,published_pdl,26000,原本の下段(括弧書き): 公共工事設計労務単価+必要経費(法定福利費の事業主負担額、労務管理費、宿舎費等)(参考値),2014-02,2014-02-01,mlit-roumu-h26,p17(横長の表) / p8(縦長の表),https://www.mlit.go.jp/common/001026047.pdf,PDL1.0,,
1fa466c6ee4f149b,JP,labor,労務単価,板金工,所定労働時間内8時間あたり,人日,pref,35,山口県,,,,17800,JPY,labor_wage_8h,published_pdl,25000,原本の下段(括弧書き): 公共工事設計労務単価+必要経費(法定福利費の事業主負担額、労務管理費、宿舎費等)(参考値),2014-02,2014-02-01,mlit-roumu-h26,p17(横長の表) / p8(縦長の表),https://www.mlit.go.jp/common/001026047.pdf,PDL1.0,,
e4f653c6c2c4a051,JP,labor,労務単価,タイル工,所定労働時間内8時間あたり,人日,pref,35,山口県,,,,17000,JPY,labor_wage_8h,published_pdl,23900,原本の下段(括弧書き): 公共工事設計労務単価+必要経費(法定福利費の事業主負担額、労務管理費、宿舎費等)(参考値),2014-02,2014-02-01,mlit-roumu-h26,p17(横長の表) / p8(縦長の表),https://www.mlit.go.jp/common/001026047.pdf,PDL1.0,,
76c04271edea0beb,JP,labor,労務単価,サッシ工,所定労働時間内8時間あたり,人日,pref,35,山口県,,,,17600,JPY,labor_wage_8h,published_pdl,24700,原本の下段(括弧書き): 公共工事設計労務単価+必要経費(法定福利費の事業主負担額、労務管理費、宿舎費等)(参考値),2014-02,2014-02-01,mlit-roumu-h26,p18(横長の表) / p9(縦長の表),https://www.mlit.go.jp/common/001026047.pdf,PDL1.0,,
8a896fc8a2ebe1ae,JP,labor,労務単価,内装工,所定労働時間内8時間あたり,人日,pref,35,山口県,,,,18100,JPY,labor_wage_8h,published_pdl,25400,原本の下段(括弧書き): 公共工事設計労務単価+必要経費(法定福利費の事業主負担額、労務管理費、宿舎費等)(参考値),2014-02,2014-02-01,mlit-roumu-h26,p18(横長の表) / p9(縦長の表),https://www.mlit.go.jp/common/001026047.pdf,PDL1.0,,
49929d70936141e3,JP,labor,労務単価,ガラス工,所定労働時間内8時間あたり,人日,pref,35,山口県,,,,17300,JPY,labor_wage_8h,published_pdl,24300,原本の下段(括弧書き): 公共工事設計労務単価+必要経費(法定福利費の事業主負担額、労務管理費、宿舎費等)(参考値),2014-02,2014-02-01,mlit-roumu-h26,p18(横長の表) / p9(縦長の表),https://www.mlit.go.jp/common/001026047.pdf,PDL1.0,,
bef715223b1accb8,JP,labor,労務単価,建具工,所定労働時間内8時間あたり,人日,pref,35,山口県,,,,15400,JPY,labor_wage_8h,published_pdl,21700,原本の下段(括弧書き): 公共工事設計労務単価+必要経費(法定福利費の事業主負担額、労務管理費、宿舎費等)(参考値),2014-02,2014-02-01,mlit-roumu-h26,p18(横長の表) / p9(縦長の表),https://www.mlit.go.jp/common/001026047.pdf,PDL1.0,,
db528fa544dcefce,JP,labor,労務単価,ダクト工,所定労働時間内8時間あたり,人日,pref,35,山口県,,,,16900,JPY,labor_wage_8h,published_pdl,23800,原本の下段(括弧書き): 公共工事設計労務単価+必要経費(法定福利費の事業主負担額、労務管理費、宿舎費等)(参考値),2014-02,2014-02-01,mlit-roumu-h26,p18(横長の表) / p9(縦長の表),https://www.mlit.go.jp/common/001026047.pdf,PDL1.0,,
4b9181813a7ba13b,JP,labor,労務単価,保温工,所定労働時間内8時間あたり,人日,pref,35,山口県,,,,17800,JPY,labor_wage_8h,published_pdl,25000,原本の下段(括弧書き): 公共工事設計労務単価+必要経費(法定福利費の事業主負担額、労務管理費、宿舎費等)(参考値),2014-02,2014-02-01,mlit-roumu-h26,p18(横長の表) / p9(縦長の表),https://www.mlit.go.jp/common/001026047.pdf,PDL1.0,,
62b0291c0369a639,JP,labor,労務単価,建築ブロック工,所定労働時間内8時間あたり,人日,pref,35,山口県,,,,,JPY,labor_wage_8h,not_set,,,2014-02,2014-02-01,mlit-roumu-h26,p18(横長の表) / p9(縦長の表),https://www.mlit.go.jp/common/001026047.pdf,PDL1.0,,原本の表で『-』(この都道府県ではこの職種の単価を設定していない)
9032eb1dafa1dc1e,JP,labor,労務単価,設備機械工,所定労働時間内8時間あたり,人日,pref,35,山口県,,,,18200,JPY,labor_wage_8h,published_pdl,25600,原本の下段(括弧書き): 公共工事設計労務単価+必要経費(法定福利費の事業主負担額、労務管理費、宿舎費等)(参考値),2014-02,2014-02-01,mlit-roumu-h26,p18(横長の表) / p9(縦長の表),https://www.mlit.go.jp/common/001026047.pdf,PDL1.0,,
0069a2e509edadc3,JP,labor,労務単価,交通誘導警備員Ａ,所定労働時間内8時間あたり,人日,pref,35,山口県,,,,10600,JPY,labor_wage_8h,published_pdl,14900,原本の下段(括弧書き): 公共工事設計労務単価+必要経費(法定福利費の事業主負担額、労務管理費、宿舎費等)(参考値),2014-02,2014-02-01,mlit-roumu-h26,p18(横長の表) / p9(縦長の表),https://www.mlit.go.jp/common/001026047.pdf,PDL1.0,,
0384942f4d44e3a2,JP,labor,労務単価,交通誘導警備員Ｂ,所定労働時間内8時間あたり,人日,pref,35,山口県,,,,9100,JPY,labor_wage_8h,published_pdl,12800,原本の下段(括弧書き): 公共工事設計労務単価+必要経費(法定福利費の事業主負担額、労務管理費、宿舎費等)(参考値),2014-02,2014-02-01,mlit-roumu-h26,p18(横長の表) / p9(縦長の表),https://www.mlit.go.jp/common/001026047.pdf,PDL1.0,,
2e83d1ac2bcc2fce,JP,labor,労務単価,特殊作業員,所定労働時間内8時間あたり,人日,pref,36,徳島県,,,,16800,JPY,labor_wage_8h,published_pdl,23600,原本の下段(括弧書き): 公共工事設計労務単価+必要経費(法定福利費の事業主負担額、労務管理費、宿舎費等)(参考値),2014-02,2014-02-01,mlit-roumu-h26,p16(横長の表) / p5(縦長の表),https://www.mlit.go.jp/common/001026047.pdf,PDL1.0,,
f16aec203b2a3d8d,JP,labor,労務単価,普通作業員,所定労働時間内8時間あたり,人日,pref,36,徳島県,,,,15300,JPY,labor_wage_8h,published_pdl,21500,原本の下段(括弧書き): 公共工事設計労務単価+必要経費(法定福利費の事業主負担額、労務管理費、宿舎費等)(参考値),2014-02,2014-02-01,mlit-roumu-h26,p16(横長の表) / p5(縦長の表),https://www.mlit.go.jp/common/001026047.pdf,PDL1.0,,
387be1a5c8f82264,JP,labor,労務単価,軽作業員,所定労働時間内8時間あたり,人日,pref,36,徳島県,,,,11800,JPY,labor_wage_8h,published_pdl,16600,原本の下段(括弧書き): 公共工事設計労務単価+必要経費(法定福利費の事業主負担額、労務管理費、宿舎費等)(参考値),2014-02,2014-02-01,mlit-roumu-h26,p16(横長の表) / p5(縦長の表),https://www.mlit.go.jp/common/001026047.pdf,PDL1.0,,
b6d07d924798e85e,JP,labor,労務単価,造園工,所定労働時間内8時間あたり,人日,pref,36,徳島県,,,,16300,JPY,labor_wage_8h,published_pdl,22900,原本の下段(括弧書き): 公共工事設計労務単価+必要経費(法定福利費の事業主負担額、労務管理費、宿舎費等)(参考値),2014-02,2014-02-01,mlit-roumu-h26,p16(横長の表) / p5(縦長の表),https://www.mlit.go.jp/common/001026047.pdf,PDL1.0,,
431332e55090ffa1,JP,labor,労務単価,法面工,所定労働時間内8時間あたり,人日,pref,36,徳島県,,,,22200,JPY,labor_wage_8h,published_pdl,31200,原本の下段(括弧書き): 公共工事設計労務単価+必要経費(法定福利費の事業主負担額、労務管理費、宿舎費等)(参考値),2014-02,2014-02-01,mlit-roumu-h26,p16(横長の表) / p5(縦長の表),https://www.mlit.go.jp/common/001026047.pdf,PDL1.0,,
8a697129fb686989,JP,labor,労務単価,とび工,所定労働時間内8時間あたり,人日,pref,36,徳島県,,,,18100,JPY,labor_wage_8h,published_pdl,25400,原本の下段(括弧書き): 公共工事設計労務単価+必要経費(法定福利費の事業主負担額、労務管理費、宿舎費等)(参考値),2014-02,2014-02-01,mlit-roumu-h26,p16(横長の表) / p5(縦長の表),https://www.mlit.go.jp/common/001026047.pdf,PDL1.0,,
1fffafbd40cf9ebc,JP,labor,労務単価,石工,所定労働時間内8時間あたり,人日,pref,36,徳島県,,,,21600,JPY,labor_wage_8h,published_pdl,30400,原本の下段(括弧書き): 公共工事設計労務単価+必要経費(法定福利費の事業主負担額、労務管理費、宿舎費等)(参考値),2014-02,2014-02-01,mlit-roumu-h26,p16(横長の表) / p5(縦長の表),https://www.mlit.go.jp/common/001026047.pdf,PDL1.0,,
9bb86fb6ed1e065b,JP,labor,労務単価,ブロック工,所定労働時間内8時間あたり,人日,pref,36,徳島県,,,,24900,JPY,labor_wage_8h,published_pdl,35000,原本の下段(括弧書き): 公共工事設計労務単価+必要経費(法定福利費の事業主負担額、労務管理費、宿舎費等)(参考値),2014-02,2014-02-01,mlit-roumu-h26,p16(横長の表) / p5(縦長の表),https://www.mlit.go.jp/common/001026047.pdf,PDL1.0,,
4e59f0e0797d1163,JP,labor,労務単価,電工,所定労働時間内8時間あたり,人日,pref,36,徳島県,,,,17700,JPY,labor_wage_8h,published_pdl,24900,原本の下段(括弧書き): 公共工事設計労務単価+必要経費(法定福利費の事業主負担額、労務管理費、宿舎費等)(参考値),2014-02,2014-02-01,mlit-roumu-h26,p16(横長の表) / p5(縦長の表),https://www.mlit.go.jp/common/001026047.pdf,PDL1.0,,
31a49968dce01799,JP,labor,労務単価,鉄筋工,所定労働時間内8時間あたり,人日,pref,36,徳島県,,,,17200,JPY,labor_wage_8h,published_pdl,24200,原本の下段(括弧書き): 公共工事設計労務単価+必要経費(法定福利費の事業主負担額、労務管理費、宿舎費等)(参考値),2014-02,2014-02-01,mlit-roumu-h26,p16(横長の表) / p5(縦長の表),https://www.mlit.go.jp/common/001026047.pdf,PDL1.0,,
7157023f989b1203,JP,labor,労務単価,鉄骨工,所定労働時間内8時間あたり,人日,pref,36,徳島県,,,,17300,JPY,labor_wage_8h,published_pdl,24300,原本の下段(括弧書き): 公共工事設計労務単価+必要経費(法定福利費の事業主負担額、労務管理費、宿舎費等)(参考値),2014-02,2014-02-01,mlit-roumu-h26,p16(横長の表) / p6(縦長の表),https://www.mlit.go.jp/common/001026047.pdf,PDL1.0,,
a96dcaf7f226f5ae,JP,labor,労務単価,塗装工,所定労働時間内8時間あたり,人日,pref,36,徳島県,,,,16900,JPY,labor_wage_8h,published_pdl,23800,原本の下段(括弧書き): 公共工事設計労務単価+必要経費(法定福利費の事業主負担額、労務管理費、宿舎費等)(参考値),2014-02,2014-02-01,mlit-roumu-h26,p16(横長の表) / p6(縦長の表),https://www.mlit.go.jp/common/001026047.pdf,PDL1.0,,
16bd261999490ab3,JP,labor,労務単価,溶接工,所定労働時間内8時間あたり,人日,pref,36,徳島県,,,,19700,JPY,labor_wage_8h,published_pdl,27700,原本の下段(括弧書き): 公共工事設計労務単価+必要経費(法定福利費の事業主負担額、労務管理費、宿舎費等)(参考値),2014-02,2014-02-01,mlit-roumu-h26,p16(横長の表) / p6(縦長の表),https://www.mlit.go.jp/common/001026047.pdf,PDL1.0,,
e68c8fcfcbb645c1,JP,labor,労務単価,運転手（特殊）,所定労働時間内8時間あたり,人日,pref,36,徳島県,,,,15700,JPY,labor_wage_8h,published_pdl,22100,原本の下段(括弧書き): 公共工事設計労務単価+必要経費(法定福利費の事業主負担額、労務管理費、宿舎費等)(参考値),2014-02,2014-02-01,mlit-roumu-h26,p16(横長の表) / p6(縦長の表),https://www.mlit.go.jp/common/001026047.pdf,PDL1.0,,
6e3c6c5682964d7f,JP,labor,労務単価,運転手（一般）,所定労働時間内8時間あたり,人日,pref,36,徳島県,,,,14900,JPY,labor_wage_8h,published_pdl,20900,原本の下段(括弧書き): 公共工事設計労務単価+必要経費(法定福利費の事業主負担額、労務管理費、宿舎費等)(参考値),2014-02,2014-02-01,mlit-roumu-h26,p16(横長の表) / p6(縦長の表),https://www.mlit.go.jp/common/001026047.pdf,PDL1.0,,
81cdceb9c95cbbdb,JP,labor,労務単価,潜かん工,所定労働時間内8時間あたり,人日,pref,36,徳島県,,,,25900,JPY,labor_wage_8h,published_pdl,36400,原本の下段(括弧書き): 公共工事設計労務単価+必要経費(法定福利費の事業主負担額、労務管理費、宿舎費等)(参考値),2014-02,2014-02-01,mlit-roumu-h26,p16(横長の表) / p6(縦長の表),https://www.mlit.go.jp/common/001026047.pdf,PDL1.0,,
c3bcd35c1ea239cb,JP,labor,労務単価,潜かん世話役,所定労働時間内8時間あたり,人日,pref,36,徳島県,,,,30600,JPY,labor_wage_8h,published_pdl,43000,原本の下段(括弧書き): 公共工事設計労務単価+必要経費(法定福利費の事業主負担額、労務管理費、宿舎費等)(参考値),2014-02,2014-02-01,mlit-roumu-h26,p16(横長の表) / p6(縦長の表),https://www.mlit.go.jp/common/001026047.pdf,PDL1.0,,
100e3f3a5f42ce9d,JP,labor,労務単価,さく岩工,所定労働時間内8時間あたり,人日,pref,36,徳島県,,,,19300,JPY,labor_wage_8h,published_pdl,27100,原本の下段(括弧書き): 公共工事設計労務単価+必要経費(法定福利費の事業主負担額、労務管理費、宿舎費等)(参考値),2014-02,2014-02-01,mlit-roumu-h26,p16(横長の表) / p6(縦長の表),https://www.mlit.go.jp/common/001026047.pdf,PDL1.0,,
22dec56c0f38c4b1,JP,labor,労務単価,トンネル特殊工,所定労働時間内8時間あたり,人日,pref,36,徳島県,,,,24200,JPY,labor_wage_8h,published_pdl,34000,原本の下段(括弧書き): 公共工事設計労務単価+必要経費(法定福利費の事業主負担額、労務管理費、宿舎費等)(参考値),2014-02,2014-02-01,mlit-roumu-h26,p16(横長の表) / p6(縦長の表),https://www.mlit.go.jp/common/001026047.pdf,PDL1.0,,
080388ba276ad212,JP,labor,労務単価,トンネル作業員,所定労働時間内8時間あたり,人日,pref,36,徳島県,,,,19700,JPY,labor_wage_8h,published_pdl,27700,原本の下段(括弧書き): 公共工事設計労務単価+必要経費(法定福利費の事業主負担額、労務管理費、宿舎費等)(参考値),2014-02,2014-02-01,mlit-roumu-h26,p16(横長の表) / p6(縦長の表),https://www.mlit.go.jp/common/001026047.pdf,PDL1.0,,
1c458d2338b6caaa,JP,labor,労務単価,トンネル世話役,所定労働時間内8時間あたり,人日,pref,36,徳島県,,,,25300,JPY,labor_wage_8h,published_pdl,35600,原本の下段(括弧書き): 公共工事設計労務単価+必要経費(法定福利費の事業主負担額、労務管理費、宿舎費等)(参考値),2014-02,2014-02-01,mlit-roumu-h26,p17(横長の表) / p7(縦長の表),https://www.mlit.go.jp/common/001026047.pdf,PDL1.0,,
bb446ced605af942,JP,labor,労務単価,橋りょう特殊工,所定労働時間内8時間あたり,人日,pref,36,徳島県,,,,22000,JPY,labor_wage_8h,published_pdl,30900,原本の下段(括弧書き): 公共工事設計労務単価+必要経費(法定福利費の事業主負担額、労務管理費、宿舎費等)(参考値),2014-02,2014-02-01,mlit-roumu-h26,p17(横長の表) / p7(縦長の表),https://www.mlit.go.jp/common/001026047.pdf,PDL1.0,,
91b1cdd830d27ee1,JP,labor,労務単価,橋りょう塗装工,所定労働時間内8時間あたり,人日,pref,36,徳島県,,,,22800,JPY,labor_wage_8h,published_pdl,32100,原本の下段(括弧書き): 公共工事設計労務単価+必要経費(法定福利費の事業主負担額、労務管理費、宿舎費等)(参考値),2014-02,2014-02-01,mlit-roumu-h26,p17(横長の表) / p7(縦長の表),https://www.mlit.go.jp/common/001026047.pdf,PDL1.0,,
93c9e3cd452c4a61,JP,labor,労務単価,橋りょう世話役,所定労働時間内8時間あたり,人日,pref,36,徳島県,,,,24200,JPY,labor_wage_8h,published_pdl,34000,原本の下段(括弧書き): 公共工事設計労務単価+必要経費(法定福利費の事業主負担額、労務管理費、宿舎費等)(参考値),2014-02,2014-02-01,mlit-roumu-h26,p17(横長の表) / p7(縦長の表),https://www.mlit.go.jp/common/001026047.pdf,PDL1.0,,
cd503aa49b19f8ce,JP,labor,労務単価,土木一般世話役,所定労働時間内8時間あたり,人日,pref,36,徳島県,,,,18800,JPY,labor_wage_8h,published_pdl,26400,原本の下段(括弧書き): 公共工事設計労務単価+必要経費(法定福利費の事業主負担額、労務管理費、宿舎費等)(参考値),2014-02,2014-02-01,mlit-roumu-h26,p17(横長の表) / p7(縦長の表),https://www.mlit.go.jp/common/001026047.pdf,PDL1.0,,
8e5b7c32053e4ff4,JP,labor,労務単価,高級船員,所定労働時間内8時間あたり,人日,pref,36,徳島県,,,,27600,JPY,labor_wage_8h,published_pdl,38800,原本の下段(括弧書き): 公共工事設計労務単価+必要経費(法定福利費の事業主負担額、労務管理費、宿舎費等)(参考値),2014-02,2014-02-01,mlit-roumu-h26,p17(横長の表) / p7(縦長の表),https://www.mlit.go.jp/common/001026047.pdf,PDL1.0,,
27cdca0b8311add5,JP,labor,労務単価,普通船員,所定労働時間内8時間あたり,人日,pref,36,徳島県,,,,19600,JPY,labor_wage_8h,published_pdl,27600,原本の下段(括弧書き): 公共工事設計労務単価+必要経費(法定福利費の事業主負担額、労務管理費、宿舎費等)(参考値),2014-02,2014-02-01,mlit-roumu-h26,p17(横長の表) / p7(縦長の表),https://www.mlit.go.jp/common/001026047.pdf,PDL1.0,,
cb6187787afbf226,JP,labor,労務単価,潜水士,所定労働時間内8時間あたり,人日,pref,36,徳島県,,,,33600,JPY,labor_wage_8h,published_pdl,47200,原本の下段(括弧書き): 公共工事設計労務単価+必要経費(法定福利費の事業主負担額、労務管理費、宿舎費等)(参考値),2014-02,2014-02-01,mlit-roumu-h26,p17(横長の表) / p7(縦長の表),https://www.mlit.go.jp/common/001026047.pdf,PDL1.0,,
ba4c292b69081559,JP,labor,労務単価,潜水連絡員,所定労働時間内8時間あたり,人日,pref,36,徳島県,,,,,JPY,labor_wage_8h,not_set,,,2014-02,2014-02-01,mlit-roumu-h26,p17(横長の表) / p7(縦長の表),https://www.mlit.go.jp/common/001026047.pdf,PDL1.0,,原本の表で『-』(この都道府県ではこの職種の単価を設定していない)
f156e1728b1513d5,JP,labor,労務単価,潜水送気員,所定労働時間内8時間あたり,人日,pref,36,徳島県,,,,17200,JPY,labor_wage_8h,published_pdl,24200,原本の下段(括弧書き): 公共工事設計労務単価+必要経費(法定福利費の事業主負担額、労務管理費、宿舎費等)(参考値),2014-02,2014-02-01,mlit-roumu-h26,p17(横長の表) / p7(縦長の表),https://www.mlit.go.jp/common/001026047.pdf,PDL1.0,,
bc9fc387252f5962,JP,labor,労務単価,山林砂防工,所定労働時間内8時間あたり,人日,pref,36,徳島県,,,,19600,JPY,labor_wage_8h,published_pdl,27600,原本の下段(括弧書き): 公共工事設計労務単価+必要経費(法定福利費の事業主負担額、労務管理費、宿舎費等)(参考値),2014-02,2014-02-01,mlit-roumu-h26,p17(横長の表) / p8(縦長の表),https://www.mlit.go.jp/common/001026047.pdf,PDL1.0,,
d3e6d405103d47c8,JP,labor,労務単価,軌道工,所定労働時間内8時間あたり,人日,pref,36,徳島県,,,,27200,JPY,labor_wage_8h,published_pdl,38200,原本の下段(括弧書き): 公共工事設計労務単価+必要経費(法定福利費の事業主負担額、労務管理費、宿舎費等)(参考値),2014-02,2014-02-01,mlit-roumu-h26,p17(横長の表) / p8(縦長の表),https://www.mlit.go.jp/common/001026047.pdf,PDL1.0,,
f6998f7f627960dd,JP,labor,労務単価,型わく工,所定労働時間内8時間あたり,人日,pref,36,徳島県,,,,17700,JPY,labor_wage_8h,published_pdl,24900,原本の下段(括弧書き): 公共工事設計労務単価+必要経費(法定福利費の事業主負担額、労務管理費、宿舎費等)(参考値),2014-02,2014-02-01,mlit-roumu-h26,p17(横長の表) / p8(縦長の表),https://www.mlit.go.jp/common/001026047.pdf,PDL1.0,,
50f2e12359e54551,JP,labor,労務単価,大工,所定労働時間内8時間あたり,人日,pref,36,徳島県,,,,18400,JPY,labor_wage_8h,published_pdl,25900,原本の下段(括弧書き): 公共工事設計労務単価+必要経費(法定福利費の事業主負担額、労務管理費、宿舎費等)(参考値),2014-02,2014-02-01,mlit-roumu-h26,p17(横長の表) / p8(縦長の表),https://www.mlit.go.jp/common/001026047.pdf,PDL1.0,,
d2283a5d9c0e84f6,JP,labor,労務単価,左官,所定労働時間内8時間あたり,人日,pref,36,徳島県,,,,18300,JPY,labor_wage_8h,published_pdl,25700,原本の下段(括弧書き): 公共工事設計労務単価+必要経費(法定福利費の事業主負担額、労務管理費、宿舎費等)(参考値),2014-02,2014-02-01,mlit-roumu-h26,p17(横長の表) / p8(縦長の表),https://www.mlit.go.jp/common/001026047.pdf,PDL1.0,,
8586f0acc8d6f546,JP,labor,労務単価,配管工,所定労働時間内8時間あたり,人日,pref,36,徳島県,,,,16200,JPY,labor_wage_8h,published_pdl,22800,原本の下段(括弧書き): 公共工事設計労務単価+必要経費(法定福利費の事業主負担額、労務管理費、宿舎費等)(参考値),2014-02,2014-02-01,mlit-roumu-h26,p17(横長の表) / p8(縦長の表),https://www.mlit.go.jp/common/001026047.pdf,PDL1.0,,
c563a1782f1e09de,JP,labor,労務単価,はつり工,所定労働時間内8時間あたり,人日,pref,36,徳島県,,,,17300,JPY,labor_wage_8h,published_pdl,24300,原本の下段(括弧書き): 公共工事設計労務単価+必要経費(法定福利費の事業主負担額、労務管理費、宿舎費等)(参考値),2014-02,2014-02-01,mlit-roumu-h26,p17(横長の表) / p8(縦長の表),https://www.mlit.go.jp/common/001026047.pdf,PDL1.0,,
8b988bd99da68e95,JP,labor,労務単価,防水工,所定労働時間内8時間あたり,人日,pref,36,徳島県,,,,18100,JPY,labor_wage_8h,published_pdl,25400,原本の下段(括弧書き): 公共工事設計労務単価+必要経費(法定福利費の事業主負担額、労務管理費、宿舎費等)(参考値),2014-02,2014-02-01,mlit-roumu-h26,p17(横長の表) / p8(縦長の表),https://www.mlit.go.jp/common/001026047.pdf,PDL1.0,,
7f0b224c754adbf2,JP,labor,労務単価,板金工,所定労働時間内8時間あたり,人日,pref,36,徳島県,,,,18300,JPY,labor_wage_8h,published_pdl,25700,原本の下段(括弧書き): 公共工事設計労務単価+必要経費(法定福利費の事業主負担額、労務管理費、宿舎費等)(参考値),2014-02,2014-02-01,mlit-roumu-h26,p17(横長の表) / p8(縦長の表),https://www.mlit.go.jp/common/001026047.pdf,PDL1.0,,
187722615996e745,JP,labor,労務単価,タイル工,所定労働時間内8時間あたり,人日,pref,36,徳島県,,,,,JPY,labor_wage_8h,not_set,,,2014-02,2014-02-01,mlit-roumu-h26,p17(横長の表) / p8(縦長の表),https://www.mlit.go.jp/common/001026047.pdf,PDL1.0,,原本の表で『-』(この都道府県ではこの職種の単価を設定していない)
ca47bf550982279e,JP,labor,労務単価,サッシ工,所定労働時間内8時間あたり,人日,pref,36,徳島県,,,,18100,JPY,labor_wage_8h,published_pdl,25400,原本の下段(括弧書き): 公共工事設計労務単価+必要経費(法定福利費の事業主負担額、労務管理費、宿舎費等)(参考値),2014-02,2014-02-01,mlit-roumu-h26,p18(横長の表) / p9(縦長の表),https://www.mlit.go.jp/common/001026047.pdf,PDL1.0,,
3ee4f18c803f608f,JP,labor,労務単価,内装工,所定労働時間内8時間あたり,人日,pref,36,徳島県,,,,19200,JPY,labor_wage_8h,published_pdl,27000,原本の下段(括弧書き): 公共工事設計労務単価+必要経費(法定福利費の事業主負担額、労務管理費、宿舎費等)(参考値),2014-02,2014-02-01,mlit-roumu-h26,p18(横長の表) / p9(縦長の表),https://www.mlit.go.jp/common/001026047.pdf,PDL1.0,,
d2bdd5bd9983a146,JP,labor,労務単価,ガラス工,所定労働時間内8時間あたり,人日,pref,36,徳島県,,,,16800,JPY,labor_wage_8h,published_pdl,23600,原本の下段(括弧書き): 公共工事設計労務単価+必要経費(法定福利費の事業主負担額、労務管理費、宿舎費等)(参考値),2014-02,2014-02-01,mlit-roumu-h26,p18(横長の表) / p9(縦長の表),https://www.mlit.go.jp/common/001026047.pdf,PDL1.0,,
2fb1336c29ab5a7b,JP,labor,労務単価,建具工,所定労働時間内8時間あたり,人日,pref,36,徳島県,,,,,JPY,labor_wage_8h,not_set,,,2014-02,2014-02-01,mlit-roumu-h26,p18(横長の表) / p9(縦長の表),https://www.mlit.go.jp/common/001026047.pdf,PDL1.0,,原本の表で『-』(この都道府県ではこの職種の単価を設定していない)
64ca629ba0f24307,JP,labor,労務単価,ダクト工,所定労働時間内8時間あたり,人日,pref,36,徳島県,,,,15300,JPY,labor_wage_8h,published_pdl,21500,原本の下段(括弧書き): 公共工事設計労務単価+必要経費(法定福利費の事業主負担額、労務管理費、宿舎費等)(参考値),2014-02,2014-02-01,mlit-roumu-h26,p18(横長の表) / p9(縦長の表),https://www.mlit.go.jp/common/001026047.pdf,PDL1.0,,
a317d87a9c2c4af9,JP,labor,労務単価,保温工,所定労働時間内8時間あたり,人日,pref,36,徳島県,,,,18600,JPY,labor_wage_8h,published_pdl,26200,原本の下段(括弧書き): 公共工事設計労務単価+必要経費(法定福利費の事業主負担額、労務管理費、宿舎費等)(参考値),2014-02,2014-02-01,mlit-roumu-h26,p18(横長の表) / p9(縦長の表),https://www.mlit.go.jp/common/001026047.pdf,PDL1.0,,
827dcd775a347eba,JP,labor,労務単価,建築ブロック工,所定労働時間内8時間あたり,人日,pref,36,徳島県,,,,,JPY,labor_wage_8h,not_set,,,2014-02,2014-02-01,mlit-roumu-h26,p18(横長の表) / p9(縦長の表),https://www.mlit.go.jp/common/001026047.pdf,PDL1.0,,原本の表で『-』(この都道府県ではこの職種の単価を設定していない)
c075cb0175cdcb58,JP,labor,労務単価,設備機械工,所定労働時間内8時間あたり,人日,pref,36,徳島県,,,,17400,JPY,labor_wage_8h,published_pdl,24500,原本の下段(括弧書き): 公共工事設計労務単価+必要経費(法定福利費の事業主負担額、労務管理費、宿舎費等)(参考値),2014-02,2014-02-01,mlit-roumu-h26,p18(横長の表) / p9(縦長の表),https://www.mlit.go.jp/common/001026047.pdf,PDL1.0,,
6cc78ff6dd559cf4,JP,labor,労務単価,交通誘導警備員Ａ,所定労働時間内8時間あたり,人日,pref,36,徳島県,,,,10100,JPY,labor_wage_8h,published_pdl,14200,原本の下段(括弧書き): 公共工事設計労務単価+必要経費(法定福利費の事業主負担額、労務管理費、宿舎費等)(参考値),2014-02,2014-02-01,mlit-roumu-h26,p18(横長の表) / p9(縦長の表),https://www.mlit.go.jp/common/001026047.pdf,PDL1.0,,
3899733562297bda,JP,labor,労務単価,交通誘導警備員Ｂ,所定労働時間内8時間あたり,人日,pref,36,徳島県,,,,9100,JPY,labor_wage_8h,published_pdl,12800,原本の下段(括弧書き): 公共工事設計労務単価+必要経費(法定福利費の事業主負担額、労務管理費、宿舎費等)(参考値),2014-02,2014-02-01,mlit-roumu-h26,p18(横長の表) / p9(縦長の表),https://www.mlit.go.jp/common/001026047.pdf,PDL1.0,,
91338afc51f54a68,JP,labor,労務単価,特殊作業員,所定労働時間内8時間あたり,人日,pref,37,香川県,,,,17600,JPY,labor_wage_8h,published_pdl,24700,原本の下段(括弧書き): 公共工事設計労務単価+必要経費(法定福利費の事業主負担額、労務管理費、宿舎費等)(参考値),2014-02,2014-02-01,mlit-roumu-h26,p16(横長の表) / p5(縦長の表),https://www.mlit.go.jp/common/001026047.pdf,PDL1.0,,
1fa1d735e87ece35,JP,labor,労務単価,普通作業員,所定労働時間内8時間あたり,人日,pref,37,香川県,,,,15700,JPY,labor_wage_8h,published_pdl,22100,原本の下段(括弧書き): 公共工事設計労務単価+必要経費(法定福利費の事業主負担額、労務管理費、宿舎費等)(参考値),2014-02,2014-02-01,mlit-roumu-h26,p16(横長の表) / p5(縦長の表),https://www.mlit.go.jp/common/001026047.pdf,PDL1.0,,
d4b546585fe6c67f,JP,labor,労務単価,軽作業員,所定労働時間内8時間あたり,人日,pref,37,香川県,,,,11800,JPY,labor_wage_8h,published_pdl,16600,原本の下段(括弧書き): 公共工事設計労務単価+必要経費(法定福利費の事業主負担額、労務管理費、宿舎費等)(参考値),2014-02,2014-02-01,mlit-roumu-h26,p16(横長の表) / p5(縦長の表),https://www.mlit.go.jp/common/001026047.pdf,PDL1.0,,
7e84d2d6c401d5f0,JP,labor,労務単価,造園工,所定労働時間内8時間あたり,人日,pref,37,香川県,,,,16700,JPY,labor_wage_8h,published_pdl,23500,原本の下段(括弧書き): 公共工事設計労務単価+必要経費(法定福利費の事業主負担額、労務管理費、宿舎費等)(参考値),2014-02,2014-02-01,mlit-roumu-h26,p16(横長の表) / p5(縦長の表),https://www.mlit.go.jp/common/001026047.pdf,PDL1.0,,
039a5ee319fb0c06,JP,labor,労務単価,法面工,所定労働時間内8時間あたり,人日,pref,37,香川県,,,,20600,JPY,labor_wage_8h,published_pdl,29000,原本の下段(括弧書き): 公共工事設計労務単価+必要経費(法定福利費の事業主負担額、労務管理費、宿舎費等)(参考値),2014-02,2014-02-01,mlit-roumu-h26,p16(横長の表) / p5(縦長の表),https://www.mlit.go.jp/common/001026047.pdf,PDL1.0,,
8a594229377cb40e,JP,labor,労務単価,とび工,所定労働時間内8時間あたり,人日,pref,37,香川県,,,,17400,JPY,labor_wage_8h,published_pdl,24500,原本の下段(括弧書き): 公共工事設計労務単価+必要経費(法定福利費の事業主負担額、労務管理費、宿舎費等)(参考値),2014-02,2014-02-01,mlit-roumu-h26,p16(横長の表) / p5(縦長の表),https://www.mlit.go.jp/common/001026047.pdf,PDL1.0,,
f4b0aad35431b1c8,JP,labor,労務単価,石工,所定労働時間内8時間あたり,人日,pref,37,香川県,,,,22000,JPY,labor_wage_8h,published_pdl,30900,原本の下段(括弧書き): 公共工事設計労務単価+必要経費(法定福利費の事業主負担額、労務管理費、宿舎費等)(参考値),2014-02,2014-02-01,mlit-roumu-h26,p16(横長の表) / p5(縦長の表),https://www.mlit.go.jp/common/001026047.pdf,PDL1.0,,
54d3dff09574e5a4,JP,labor,労務単価,ブロック工,所定労働時間内8時間あたり,人日,pref,37,香川県,,,,25000,JPY,labor_wage_8h,published_pdl,35200,原本の下段(括弧書き): 公共工事設計労務単価+必要経費(法定福利費の事業主負担額、労務管理費、宿舎費等)(参考値),2014-02,2014-02-01,mlit-roumu-h26,p16(横長の表) / p5(縦長の表),https://www.mlit.go.jp/common/001026047.pdf,PDL1.0,,
a5f71881154384eb,JP,labor,労務単価,電工,所定労働時間内8時間あたり,人日,pref,37,香川県,,,,17200,JPY,labor_wage_8h,published_pdl,24200,原本の下段(括弧書き): 公共工事設計労務単価+必要経費(法定福利費の事業主負担額、労務管理費、宿舎費等)(参考値),2014-02,2014-02-01,mlit-roumu-h26,p16(横長の表) / p5(縦長の表),https://www.mlit.go.jp/common/001026047.pdf,PDL1.0,,
5c436e313ee9dcfd,JP,labor,労務単価,鉄筋工,所定労働時間内8時間あたり,人日,pref,37,香川県,,,,17300,JPY,labor_wage_8h,published_pdl,24300,原本の下段(括弧書き): 公共工事設計労務単価+必要経費(法定福利費の事業主負担額、労務管理費、宿舎費等)(参考値),2014-02,2014-02-01,mlit-roumu-h26,p16(横長の表) / p5(縦長の表),https://www.mlit.go.jp/common/001026047.pdf,PDL1.0,,
fae2bd504dc2cc8e,JP,labor,労務単価,鉄骨工,所定労働時間内8時間あたり,人日,pref,37,香川県,,,,17300,JPY,labor_wage_8h,published_pdl,24300,原本の下段(括弧書き): 公共工事設計労務単価+必要経費(法定福利費の事業主負担額、労務管理費、宿舎費等)(参考値),2014-02,2014-02-01,mlit-roumu-h26,p16(横長の表) / p6(縦長の表),https://www.mlit.go.jp/common/001026047.pdf,PDL1.0,,
510f35887958ae3f,JP,labor,労務単価,塗装工,所定労働時間内8時間あたり,人日,pref,37,香川県,,,,16900,JPY,labor_wage_8h,published_pdl,23800,原本の下段(括弧書き): 公共工事設計労務単価+必要経費(法定福利費の事業主負担額、労務管理費、宿舎費等)(参考値),2014-02,2014-02-01,mlit-roumu-h26,p16(横長の表) / p6(縦長の表),https://www.mlit.go.jp/common/001026047.pdf,PDL1.0,,
b26341dfbabbecd2,JP,labor,労務単価,溶接工,所定労働時間内8時間あたり,人日,pref,37,香川県,,,,19800,JPY,labor_wage_8h,published_pdl,27800,原本の下段(括弧書き): 公共工事設計労務単価+必要経費(法定福利費の事業主負担額、労務管理費、宿舎費等)(参考値),2014-02,2014-02-01,mlit-roumu-h26,p16(横長の表) / p6(縦長の表),https://www.mlit.go.jp/common/001026047.pdf,PDL1.0,,
e19b8401c8124773,JP,labor,労務単価,運転手（特殊）,所定労働時間内8時間あたり,人日,pref,37,香川県,,,,16900,JPY,labor_wage_8h,published_pdl,23800,原本の下段(括弧書き): 公共工事設計労務単価+必要経費(法定福利費の事業主負担額、労務管理費、宿舎費等)(参考値),2014-02,2014-02-01,mlit-roumu-h26,p16(横長の表) / p6(縦長の表),https://www.mlit.go.jp/common/001026047.pdf,PDL1.0,,
991bc92159c04a4d,JP,labor,労務単価,運転手（一般）,所定労働時間内8時間あたり,人日,pref,37,香川県,,,,15600,JPY,labor_wage_8h,published_pdl,21900,原本の下段(括弧書き): 公共工事設計労務単価+必要経費(法定福利費の事業主負担額、労務管理費、宿舎費等)(参考値),2014-02,2014-02-01,mlit-roumu-h26,p16(横長の表) / p6(縦長の表),https://www.mlit.go.jp/common/001026047.pdf,PDL1.0,,
e65738c27ef30f04,JP,labor,労務単価,潜かん工,所定労働時間内8時間あたり,人日,pref,37,香川県,,,,25800,JPY,labor_wage_8h,published_pdl,36300,原本の下段(括弧書き): 公共工事設計労務単価+必要経費(法定福利費の事業主負担額、労務管理費、宿舎費等)(参考値),2014-02,2014-02-01,mlit-roumu-h26,p16(横長の表) / p6(縦長の表),https://www.mlit.go.jp/common/001026047.pdf,PDL1.0,,
6d4c4539ae58a877,JP,labor,労務単価,潜かん世話役,所定労働時間内8時間あたり,人日,pref,37,香川県,,,,30500,JPY,labor_wage_8h,published_pdl,42900,原本の下段(括弧書き): 公共工事設計労務単価+必要経費(法定福利費の事業主負担額、労務管理費、宿舎費等)(参考値),2014-02,2014-02-01,mlit-roumu-h26,p16(横長の表) / p6(縦長の表),https://www.mlit.go.jp/common/001026047.pdf,PDL1.0,,
2018130196dee109,JP,labor,労務単価,さく岩工,所定労働時間内8時間あたり,人日,pref,37,香川県,,,,19300,JPY,labor_wage_8h,published_pdl,27100,原本の下段(括弧書き): 公共工事設計労務単価+必要経費(法定福利費の事業主負担額、労務管理費、宿舎費等)(参考値),2014-02,2014-02-01,mlit-roumu-h26,p16(横長の表) / p6(縦長の表),https://www.mlit.go.jp/common/001026047.pdf,PDL1.0,,
2155cdd374a86e09,JP,labor,労務単価,トンネル特殊工,所定労働時間内8時間あたり,人日,pref,37,香川県,,,,23600,JPY,labor_wage_8h,published_pdl,33200,原本の下段(括弧書き): 公共工事設計労務単価+必要経費(法定福利費の事業主負担額、労務管理費、宿舎費等)(参考値),2014-02,2014-02-01,mlit-roumu-h26,p16(横長の表) / p6(縦長の表),https://www.mlit.go.jp/common/001026047.pdf,PDL1.0,,
e2b2a372e50dc4fb,JP,labor,労務単価,トンネル作業員,所定労働時間内8時間あたり,人日,pref,37,香川県,,,,19600,JPY,labor_wage_8h,published_pdl,27600,原本の下段(括弧書き): 公共工事設計労務単価+必要経費(法定福利費の事業主負担額、労務管理費、宿舎費等)(参考値),2014-02,2014-02-01,mlit-roumu-h26,p16(横長の表) / p6(縦長の表),https://www.mlit.go.jp/common/001026047.pdf,PDL1.0,,
0660e2d05d6ab089,JP,labor,労務単価,トンネル世話役,所定労働時間内8時間あたり,人日,pref,37,香川県,,,,25300,JPY,labor_wage_8h,published_pdl,35600,原本の下段(括弧書き): 公共工事設計労務単価+必要経費(法定福利費の事業主負担額、労務管理費、宿舎費等)(参考値),2014-02,2014-02-01,mlit-roumu-h26,p17(横長の表) / p7(縦長の表),https://www.mlit.go.jp/common/001026047.pdf,PDL1.0,,
8ffce8a06e35e72d,JP,labor,労務単価,橋りょう特殊工,所定労働時間内8時間あたり,人日,pref,37,香川県,,,,21900,JPY,labor_wage_8h,published_pdl,30800,原本の下段(括弧書き): 公共工事設計労務単価+必要経費(法定福利費の事業主負担額、労務管理費、宿舎費等)(参考値),2014-02,2014-02-01,mlit-roumu-h26,p17(横長の表) / p7(縦長の表),https://www.mlit.go.jp/common/001026047.pdf,PDL1.0,,
9bc2d3eafd2ed9bf,JP,labor,労務単価,橋りょう塗装工,所定労働時間内8時間あたり,人日,pref,37,香川県,,,,22800,JPY,labor_wage_8h,published_pdl,32100,原本の下段(括弧書き): 公共工事設計労務単価+必要経費(法定福利費の事業主負担額、労務管理費、宿舎費等)(参考値),2014-02,2014-02-01,mlit-roumu-h26,p17(横長の表) / p7(縦長の表),https://www.mlit.go.jp/common/001026047.pdf,PDL1.0,,
54753538fa4759c9,JP,labor,労務単価,橋りょう世話役,所定労働時間内8時間あたり,人日,pref,37,香川県,,,,24500,JPY,labor_wage_8h,published_pdl,34400,原本の下段(括弧書き): 公共工事設計労務単価+必要経費(法定福利費の事業主負担額、労務管理費、宿舎費等)(参考値),2014-02,2014-02-01,mlit-roumu-h26,p17(横長の表) / p7(縦長の表),https://www.mlit.go.jp/common/001026047.pdf,PDL1.0,,
a207514838183415,JP,labor,労務単価,土木一般世話役,所定労働時間内8時間あたり,人日,pref,37,香川県,,,,18500,JPY,labor_wage_8h,published_pdl,26000,原本の下段(括弧書き): 公共工事設計労務単価+必要経費(法定福利費の事業主負担額、労務管理費、宿舎費等)(参考値),2014-02,2014-02-01,mlit-roumu-h26,p17(横長の表) / p7(縦長の表),https://www.mlit.go.jp/common/001026047.pdf,PDL1.0,,
f20c38e6041b787a,JP,labor,労務単価,高級船員,所定労働時間内8時間あたり,人日,pref,37,香川県,,,,27600,JPY,labor_wage_8h,published_pdl,38800,原本の下段(括弧書き): 公共工事設計労務単価+必要経費(法定福利費の事業主負担額、労務管理費、宿舎費等)(参考値),2014-02,2014-02-01,mlit-roumu-h26,p17(横長の表) / p7(縦長の表),https://www.mlit.go.jp/common/001026047.pdf,PDL1.0,,
8f7642c661fc86a2,JP,labor,労務単価,普通船員,所定労働時間内8時間あたり,人日,pref,37,香川県,,,,19600,JPY,labor_wage_8h,published_pdl,27600,原本の下段(括弧書き): 公共工事設計労務単価+必要経費(法定福利費の事業主負担額、労務管理費、宿舎費等)(参考値),2014-02,2014-02-01,mlit-roumu-h26,p17(横長の表) / p7(縦長の表),https://www.mlit.go.jp/common/001026047.pdf,PDL1.0,,
93ad68644683eab1,JP,labor,労務単価,潜水士,所定労働時間内8時間あたり,人日,pref,37,香川県,,,,34000,JPY,labor_wage_8h,published_pdl,47800,原本の下段(括弧書き): 公共工事設計労務単価+必要経費(法定福利費の事業主負担額、労務管理費、宿舎費等)(参考値),2014-02,2014-02-01,mlit-roumu-h26,p17(横長の表) / p7(縦長の表),https://www.mlit.go.jp/common/001026047.pdf,PDL1.0,,
f79521d16b7199fd,JP,labor,労務単価,潜水連絡員,所定労働時間内8時間あたり,人日,pref,37,香川県,,,,,JPY,labor_wage_8h,not_set,,,2014-02,2014-02-01,mlit-roumu-h26,p17(横長の表) / p7(縦長の表),https://www.mlit.go.jp/common/001026047.pdf,PDL1.0,,原本の表で『-』(この都道府県ではこの職種の単価を設定していない)
8dc4bbce25de2a48,JP,labor,労務単価,潜水送気員,所定労働時間内8時間あたり,人日,pref,37,香川県,,,,17500,JPY,labor_wage_8h,published_pdl,24600,原本の下段(括弧書き): 公共工事設計労務単価+必要経費(法定福利費の事業主負担額、労務管理費、宿舎費等)(参考値),2014-02,2014-02-01,mlit-roumu-h26,p17(横長の表) / p7(縦長の表),https://www.mlit.go.jp/common/001026047.pdf,PDL1.0,,
94c7e56822d2127f,JP,labor,労務単価,山林砂防工,所定労働時間内8時間あたり,人日,pref,37,香川県,,,,19300,JPY,labor_wage_8h,published_pdl,27100,原本の下段(括弧書き): 公共工事設計労務単価+必要経費(法定福利費の事業主負担額、労務管理費、宿舎費等)(参考値),2014-02,2014-02-01,mlit-roumu-h26,p17(横長の表) / p8(縦長の表),https://www.mlit.go.jp/common/001026047.pdf,PDL1.0,,
58aadab9662f515b,JP,labor,労務単価,軌道工,所定労働時間内8時間あたり,人日,pref,37,香川県,,,,27200,JPY,labor_wage_8h,published_pdl,38200,原本の下段(括弧書き): 公共工事設計労務単価+必要経費(法定福利費の事業主負担額、労務管理費、宿舎費等)(参考値),2014-02,2014-02-01,mlit-roumu-h26,p17(横長の表) / p8(縦長の表),https://www.mlit.go.jp/common/001026047.pdf,PDL1.0,,
0381f405abe2fe69,JP,labor,労務単価,型わく工,所定労働時間内8時間あたり,人日,pref,37,香川県,,,,17600,JPY,labor_wage_8h,published_pdl,24700,原本の下段(括弧書き): 公共工事設計労務単価+必要経費(法定福利費の事業主負担額、労務管理費、宿舎費等)(参考値),2014-02,2014-02-01,mlit-roumu-h26,p17(横長の表) / p8(縦長の表),https://www.mlit.go.jp/common/001026047.pdf,PDL1.0,,
070e852863fc9c40,JP,labor,労務単価,大工,所定労働時間内8時間あたり,人日,pref,37,香川県,,,,18500,JPY,labor_wage_8h,published_pdl,26000,原本の下段(括弧書き): 公共工事設計労務単価+必要経費(法定福利費の事業主負担額、労務管理費、宿舎費等)(参考値),2014-02,2014-02-01,mlit-roumu-h26,p17(横長の表) / p8(縦長の表),https://www.mlit.go.jp/common/001026047.pdf,PDL1.0,,
f410c8b61c7e0c31,JP,labor,労務単価,左官,所定労働時間内8時間あたり,人日,pref,37,香川県,,,,18300,JPY,labor_wage_8h,published_pdl,25700,原本の下段(括弧書き): 公共工事設計労務単価+必要経費(法定福利費の事業主負担額、労務管理費、宿舎費等)(参考値),2014-02,2014-02-01,mlit-roumu-h26,p17(横長の表) / p8(縦長の表),https://www.mlit.go.jp/common/001026047.pdf,PDL1.0,,
31f5f406ee95bd7e,JP,labor,労務単価,配管工,所定労働時間内8時間あたり,人日,pref,37,香川県,,,,16800,JPY,labor_wage_8h,published_pdl,23600,原本の下段(括弧書き): 公共工事設計労務単価+必要経費(法定福利費の事業主負担額、労務管理費、宿舎費等)(参考値),2014-02,2014-02-01,mlit-roumu-h26,p17(横長の表) / p8(縦長の表),https://www.mlit.go.jp/common/001026047.pdf,PDL1.0,,
7e3c2fb8c5a70516,JP,labor,労務単価,はつり工,所定労働時間内8時間あたり,人日,pref,37,香川県,,,,17400,JPY,labor_wage_8h,published_pdl,24500,原本の下段(括弧書き): 公共工事設計労務単価+必要経費(法定福利費の事業主負担額、労務管理費、宿舎費等)(参考値),2014-02,2014-02-01,mlit-roumu-h26,p17(横長の表) / p8(縦長の表),https://www.mlit.go.jp/common/001026047.pdf,PDL1.0,,
14df190866d8c531,JP,labor,労務単価,防水工,所定労働時間内8時間あたり,人日,pref,37,香川県,,,,18200,JPY,labor_wage_8h,published_pdl,25600,原本の下段(括弧書き): 公共工事設計労務単価+必要経費(法定福利費の事業主負担額、労務管理費、宿舎費等)(参考値),2014-02,2014-02-01,mlit-roumu-h26,p17(横長の表) / p8(縦長の表),https://www.mlit.go.jp/common/001026047.pdf,PDL1.0,,
e7dd26f9985cc6f9,JP,labor,労務単価,板金工,所定労働時間内8時間あたり,人日,pref,37,香川県,,,,18300,JPY,labor_wage_8h,published_pdl,25700,原本の下段(括弧書き): 公共工事設計労務単価+必要経費(法定福利費の事業主負担額、労務管理費、宿舎費等)(参考値),2014-02,2014-02-01,mlit-roumu-h26,p17(横長の表) / p8(縦長の表),https://www.mlit.go.jp/common/001026047.pdf,PDL1.0,,
726f2321cb378aa4,JP,labor,労務単価,タイル工,所定労働時間内8時間あたり,人日,pref,37,香川県,,,,,JPY,labor_wage_8h,not_set,,,2014-02,2014-02-01,mlit-roumu-h26,p17(横長の表) / p8(縦長の表),https://www.mlit.go.jp/common/001026047.pdf,PDL1.0,,原本の表で『-』(この都道府県ではこの職種の単価を設定していない)
f05d717cdd39b7ec,JP,labor,労務単価,サッシ工,所定労働時間内8時間あたり,人日,pref,37,香川県,,,,18400,JPY,labor_wage_8h,published_pdl,25900,原本の下段(括弧書き): 公共工事設計労務単価+必要経費(法定福利費の事業主負担額、労務管理費、宿舎費等)(参考値),2014-02,2014-02-01,mlit-roumu-h26,p18(横長の表) / p9(縦長の表),https://www.mlit.go.jp/common/001026047.pdf,PDL1.0,,
1645fe8105bd48cf,JP,labor,労務単価,内装工,所定労働時間内8時間あたり,人日,pref,37,香川県,,,,19400,JPY,labor_wage_8h,published_pdl,27300,原本の下段(括弧書き): 公共工事設計労務単価+必要経費(法定福利費の事業主負担額、労務管理費、宿舎費等)(参考値),2014-02,2014-02-01,mlit-roumu-h26,p18(横長の表) / p9(縦長の表),https://www.mlit.go.jp/common/001026047.pdf,PDL1.0,,
221c378a751be5a5,JP,labor,労務単価,ガラス工,所定労働時間内8時間あたり,人日,pref,37,香川県,,,,16800,JPY,labor_wage_8h,published_pdl,23600,原本の下段(括弧書き): 公共工事設計労務単価+必要経費(法定福利費の事業主負担額、労務管理費、宿舎費等)(参考値),2014-02,2014-02-01,mlit-roumu-h26,p18(横長の表) / p9(縦長の表),https://www.mlit.go.jp/common/001026047.pdf,PDL1.0,,
ddffcc4ad288f019,JP,labor,労務単価,建具工,所定労働時間内8時間あたり,人日,pref,37,香川県,,,,,JPY,labor_wage_8h,not_set,,,2014-02,2014-02-01,mlit-roumu-h26,p18(横長の表) / p9(縦長の表),https://www.mlit.go.jp/common/001026047.pdf,PDL1.0,,原本の表で『-』(この都道府県ではこの職種の単価を設定していない)
6f7747423f4101d8,JP,labor,労務単価,ダクト工,所定労働時間内8時間あたり,人日,pref,37,香川県,,,,15500,JPY,labor_wage_8h,published_pdl,21800,原本の下段(括弧書き): 公共工事設計労務単価+必要経費(法定福利費の事業主負担額、労務管理費、宿舎費等)(参考値),2014-02,2014-02-01,mlit-roumu-h26,p18(横長の表) / p9(縦長の表),https://www.mlit.go.jp/common/001026047.pdf,PDL1.0,,
af16fe7dcc683a03,JP,labor,労務単価,保温工,所定労働時間内8時間あたり,人日,pref,37,香川県,,,,18600,JPY,labor_wage_8h,published_pdl,26200,原本の下段(括弧書き): 公共工事設計労務単価+必要経費(法定福利費の事業主負担額、労務管理費、宿舎費等)(参考値),2014-02,2014-02-01,mlit-roumu-h26,p18(横長の表) / p9(縦長の表),https://www.mlit.go.jp/common/001026047.pdf,PDL1.0,,
8ff63ad380267026,JP,labor,労務単価,建築ブロック工,所定労働時間内8時間あたり,人日,pref,37,香川県,,,,,JPY,labor_wage_8h,not_set,,,2014-02,2014-02-01,mlit-roumu-h26,p18(横長の表) / p9(縦長の表),https://www.mlit.go.jp/common/001026047.pdf,PDL1.0,,原本の表で『-』(この都道府県ではこの職種の単価を設定していない)
81bbf70d552e3230,JP,labor,労務単価,設備機械工,所定労働時間内8時間あたり,人日,pref,37,香川県,,,,17400,JPY,labor_wage_8h,published_pdl,24500,原本の下段(括弧書き): 公共工事設計労務単価+必要経費(法定福利費の事業主負担額、労務管理費、宿舎費等)(参考値),2014-02,2014-02-01,mlit-roumu-h26,p18(横長の表) / p9(縦長の表),https://www.mlit.go.jp/common/001026047.pdf,PDL1.0,,
6a51aea24f65b47f,JP,labor,労務単価,交通誘導警備員Ａ,所定労働時間内8時間あたり,人日,pref,37,香川県,,,,10200,JPY,labor_wage_8h,published_pdl,14300,原本の下段(括弧書き): 公共工事設計労務単価+必要経費(法定福利費の事業主負担額、労務管理費、宿舎費等)(参考値),2014-02,2014-02-01,mlit-roumu-h26,p18(横長の表) / p9(縦長の表),https://www.mlit.go.jp/common/001026047.pdf,PDL1.0,,
9d5355716f2cc5e6,JP,labor,労務単価,交通誘導警備員Ｂ,所定労働時間内8時間あたり,人日,pref,37,香川県,,,,9100,JPY,labor_wage_8h,published_pdl,12800,原本の下段(括弧書き): 公共工事設計労務単価+必要経費(法定福利費の事業主負担額、労務管理費、宿舎費等)(参考値),2014-02,2014-02-01,mlit-roumu-h26,p18(横長の表) / p9(縦長の表),https://www.mlit.go.jp/common/001026047.pdf,PDL1.0,,
b19c4d5ca7570142,JP,labor,労務単価,特殊作業員,所定労働時間内8時間あたり,人日,pref,38,愛媛県,,,,16500,JPY,labor_wage_8h,published_pdl,23200,原本の下段(括弧書き): 公共工事設計労務単価+必要経費(法定福利費の事業主負担額、労務管理費、宿舎費等)(参考値),2014-02,2014-02-01,mlit-roumu-h26,p16(横長の表) / p5(縦長の表),https://www.mlit.go.jp/common/001026047.pdf,PDL1.0,,
19bf857789448b31,JP,labor,労務単価,普通作業員,所定労働時間内8時間あたり,人日,pref,38,愛媛県,,,,14100,JPY,labor_wage_8h,published_pdl,19800,原本の下段(括弧書き): 公共工事設計労務単価+必要経費(法定福利費の事業主負担額、労務管理費、宿舎費等)(参考値),2014-02,2014-02-01,mlit-roumu-h26,p16(横長の表) / p5(縦長の表),https://www.mlit.go.jp/common/001026047.pdf,PDL1.0,,
cc1817369ba7aaf6,JP,labor,労務単価,軽作業員,所定労働時間内8時間あたり,人日,pref,38,愛媛県,,,,11400,JPY,labor_wage_8h,published_pdl,16000,原本の下段(括弧書き): 公共工事設計労務単価+必要経費(法定福利費の事業主負担額、労務管理費、宿舎費等)(参考値),2014-02,2014-02-01,mlit-roumu-h26,p16(横長の表) / p5(縦長の表),https://www.mlit.go.jp/common/001026047.pdf,PDL1.0,,
bec09127640c87bf,JP,labor,労務単価,造園工,所定労働時間内8時間あたり,人日,pref,38,愛媛県,,,,16500,JPY,labor_wage_8h,published_pdl,23200,原本の下段(括弧書き): 公共工事設計労務単価+必要経費(法定福利費の事業主負担額、労務管理費、宿舎費等)(参考値),2014-02,2014-02-01,mlit-roumu-h26,p16(横長の表) / p5(縦長の表),https://www.mlit.go.jp/common/001026047.pdf,PDL1.0,,
382e79432163c158,JP,labor,労務単価,法面工,所定労働時間内8時間あたり,人日,pref,38,愛媛県,,,,20400,JPY,labor_wage_8h,published_pdl,28700,原本の下段(括弧書き): 公共工事設計労務単価+必要経費(法定福利費の事業主負担額、労務管理費、宿舎費等)(参考値),2014-02,2014-02-01,mlit-roumu-h26,p16(横長の表) / p5(縦長の表),https://www.mlit.go.jp/common/001026047.pdf,PDL1.0,,
9c4607ab4e52e11f,JP,labor,労務単価,とび工,所定労働時間内8時間あたり,人日,pref,38,愛媛県,,,,17300,JPY,labor_wage_8h,published_pdl,24300,原本の下段(括弧書き): 公共工事設計労務単価+必要経費(法定福利費の事業主負担額、労務管理費、宿舎費等)(参考値),2014-02,2014-02-01,mlit-roumu-h26,p16(横長の表) / p5(縦長の表),https://www.mlit.go.jp/common/001026047.pdf,PDL1.0,,
c473b1f30493eb10,JP,labor,労務単価,石工,所定労働時間内8時間あたり,人日,pref,38,愛媛県,,,,21800,JPY,labor_wage_8h,published_pdl,30700,原本の下段(括弧書き): 公共工事設計労務単価+必要経費(法定福利費の事業主負担額、労務管理費、宿舎費等)(参考値),2014-02,2014-02-01,mlit-roumu-h26,p16(横長の表) / p5(縦長の表),https://www.mlit.go.jp/common/001026047.pdf,PDL1.0,,
43edb4b43df20bdb,JP,labor,労務単価,ブロック工,所定労働時間内8時間あたり,人日,pref,38,愛媛県,,,,24900,JPY,labor_wage_8h,published_pdl,35000,原本の下段(括弧書き): 公共工事設計労務単価+必要経費(法定福利費の事業主負担額、労務管理費、宿舎費等)(参考値),2014-02,2014-02-01,mlit-roumu-h26,p16(横長の表) / p5(縦長の表),https://www.mlit.go.jp/common/001026047.pdf,PDL1.0,,
42926a58ce592095,JP,labor,労務単価,電工,所定労働時間内8時間あたり,人日,pref,38,愛媛県,,,,17200,JPY,labor_wage_8h,published_pdl,24200,原本の下段(括弧書き): 公共工事設計労務単価+必要経費(法定福利費の事業主負担額、労務管理費、宿舎費等)(参考値),2014-02,2014-02-01,mlit-roumu-h26,p16(横長の表) / p5(縦長の表),https://www.mlit.go.jp/common/001026047.pdf,PDL1.0,,
9e9974f19661dc17,JP,labor,労務単価,鉄筋工,所定労働時間内8時間あたり,人日,pref,38,愛媛県,,,,16500,JPY,labor_wage_8h,published_pdl,23200,原本の下段(括弧書き): 公共工事設計労務単価+必要経費(法定福利費の事業主負担額、労務管理費、宿舎費等)(参考値),2014-02,2014-02-01,mlit-roumu-h26,p16(横長の表) / p5(縦長の表),https://www.mlit.go.jp/common/001026047.pdf,PDL1.0,,
82daa1c9f31e1b1c,JP,labor,労務単価,鉄骨工,所定労働時間内8時間あたり,人日,pref,38,愛媛県,,,,17300,JPY,labor_wage_8h,published_pdl,24300,原本の下段(括弧書き): 公共工事設計労務単価+必要経費(法定福利費の事業主負担額、労務管理費、宿舎費等)(参考値),2014-02,2014-02-01,mlit-roumu-h26,p16(横長の表) / p6(縦長の表),https://www.mlit.go.jp/common/001026047.pdf,PDL1.0,,
f2fe2bea0ea61df1,JP,labor,労務単価,塗装工,所定労働時間内8時間あたり,人日,pref,38,愛媛県,,,,16900,JPY,labor_wage_8h,published_pdl,23800,原本の下段(括弧書き): 公共工事設計労務単価+必要経費(法定福利費の事業主負担額、労務管理費、宿舎費等)(参考値),2014-02,2014-02-01,mlit-roumu-h26,p16(横長の表) / p6(縦長の表),https://www.mlit.go.jp/common/001026047.pdf,PDL1.0,,
9571ab677de48a60,JP,labor,労務単価,溶接工,所定労働時間内8時間あたり,人日,pref,38,愛媛県,,,,19800,JPY,labor_wage_8h,published_pdl,27800,原本の下段(括弧書き): 公共工事設計労務単価+必要経費(法定福利費の事業主負担額、労務管理費、宿舎費等)(参考値),2014-02,2014-02-01,mlit-roumu-h26,p16(横長の表) / p6(縦長の表),https://www.mlit.go.jp/common/001026047.pdf,PDL1.0,,
97aae446ed08fb9b,JP,labor,労務単価,運転手（特殊）,所定労働時間内8時間あたり,人日,pref,38,愛媛県,,,,17100,JPY,labor_wage_8h,published_pdl,24000,原本の下段(括弧書き): 公共工事設計労務単価+必要経費(法定福利費の事業主負担額、労務管理費、宿舎費等)(参考値),2014-02,2014-02-01,mlit-roumu-h26,p16(横長の表) / p6(縦長の表),https://www.mlit.go.jp/common/001026047.pdf,PDL1.0,,
d5b753309ff0ee35,JP,labor,労務単価,運転手（一般）,所定労働時間内8時間あたり,人日,pref,38,愛媛県,,,,15200,JPY,labor_wage_8h,published_pdl,21400,原本の下段(括弧書き): 公共工事設計労務単価+必要経費(法定福利費の事業主負担額、労務管理費、宿舎費等)(参考値),2014-02,2014-02-01,mlit-roumu-h26,p16(横長の表) / p6(縦長の表),https://www.mlit.go.jp/common/001026047.pdf,PDL1.0,,
384fee20b8f935a5,JP,labor,労務単価,潜かん工,所定労働時間内8時間あたり,人日,pref,38,愛媛県,,,,25800,JPY,labor_wage_8h,published_pdl,36300,原本の下段(括弧書き): 公共工事設計労務単価+必要経費(法定福利費の事業主負担額、労務管理費、宿舎費等)(参考値),2014-02,2014-02-01,mlit-roumu-h26,p16(横長の表) / p6(縦長の表),https://www.mlit.go.jp/common/001026047.pdf,PDL1.0,,
79171e30b331eabf,JP,labor,労務単価,潜かん世話役,所定労働時間内8時間あたり,人日,pref,38,愛媛県,,,,30500,JPY,labor_wage_8h,published_pdl,42900,原本の下段(括弧書き): 公共工事設計労務単価+必要経費(法定福利費の事業主負担額、労務管理費、宿舎費等)(参考値),2014-02,2014-02-01,mlit-roumu-h26,p16(横長の表) / p6(縦長の表),https://www.mlit.go.jp/common/001026047.pdf,PDL1.0,,
c82d7531333a6beb,JP,labor,労務単価,さく岩工,所定労働時間内8時間あたり,人日,pref,38,愛媛県,,,,19300,JPY,labor_wage_8h,published_pdl,27100,原本の下段(括弧書き): 公共工事設計労務単価+必要経費(法定福利費の事業主負担額、労務管理費、宿舎費等)(参考値),2014-02,2014-02-01,mlit-roumu-h26,p16(横長の表) / p6(縦長の表),https://www.mlit.go.jp/common/001026047.pdf,PDL1.0,,
b1c722dd7a5b4b14,JP,labor,労務単価,トンネル特殊工,所定労働時間内8時間あたり,人日,pref,38,愛媛県,,,,23600,JPY,labor_wage_8h,published_pdl,33200,原本の下段(括弧書き): 公共工事設計労務単価+必要経費(法定福利費の事業主負担額、労務管理費、宿舎費等)(参考値),2014-02,2014-02-01,mlit-roumu-h26,p16(横長の表) / p6(縦長の表),https://www.mlit.go.jp/common/001026047.pdf,PDL1.0,,
15cf8b0bdf2be641,JP,labor,労務単価,トンネル作業員,所定労働時間内8時間あたり,人日,pref,38,愛媛県,,,,19600,JPY,labor_wage_8h,published_pdl,27600,原本の下段(括弧書き): 公共工事設計労務単価+必要経費(法定福利費の事業主負担額、労務管理費、宿舎費等)(参考値),2014-02,2014-02-01,mlit-roumu-h26,p16(横長の表) / p6(縦長の表),https://www.mlit.go.jp/common/001026047.pdf,PDL1.0,,
73d0095c71b37a2f,JP,labor,労務単価,トンネル世話役,所定労働時間内8時間あたり,人日,pref,38,愛媛県,,,,25300,JPY,labor_wage_8h,published_pdl,35600,原本の下段(括弧書き): 公共工事設計労務単価+必要経費(法定福利費の事業主負担額、労務管理費、宿舎費等)(参考値),2014-02,2014-02-01,mlit-roumu-h26,p17(横長の表) / p7(縦長の表),https://www.mlit.go.jp/common/001026047.pdf,PDL1.0,,
890d698e9628a11f,JP,labor,労務単価,橋りょう特殊工,所定労働時間内8時間あたり,人日,pref,38,愛媛県,,,,21900,JPY,labor_wage_8h,published_pdl,30800,原本の下段(括弧書き): 公共工事設計労務単価+必要経費(法定福利費の事業主負担額、労務管理費、宿舎費等)(参考値),2014-02,2014-02-01,mlit-roumu-h26,p17(横長の表) / p7(縦長の表),https://www.mlit.go.jp/common/001026047.pdf,PDL1.0,,
c7ab1e8eb8b93ea5,JP,labor,労務単価,橋りょう塗装工,所定労働時間内8時間あたり,人日,pref,38,愛媛県,,,,22800,JPY,labor_wage_8h,published_pdl,32100,原本の下段(括弧書き): 公共工事設計労務単価+必要経費(法定福利費の事業主負担額、労務管理費、宿舎費等)(参考値),2014-02,2014-02-01,mlit-roumu-h26,p17(横長の表) / p7(縦長の表),https://www.mlit.go.jp/common/001026047.pdf,PDL1.0,,
23fae399bb2a3973,JP,labor,労務単価,橋りょう世話役,所定労働時間内8時間あたり,人日,pref,38,愛媛県,,,,23800,JPY,labor_wage_8h,published_pdl,33500,原本の下段(括弧書き): 公共工事設計労務単価+必要経費(法定福利費の事業主負担額、労務管理費、宿舎費等)(参考値),2014-02,2014-02-01,mlit-roumu-h26,p17(横長の表) / p7(縦長の表),https://www.mlit.go.jp/common/001026047.pdf,PDL1.0,,
882922638bfbb428,JP,labor,労務単価,土木一般世話役,所定労働時間内8時間あたり,人日,pref,38,愛媛県,,,,19600,JPY,labor_wage_8h,published_pdl,27600,原本の下段(括弧書き): 公共工事設計労務単価+必要経費(法定福利費の事業主負担額、労務管理費、宿舎費等)(参考値),2014-02,2014-02-01,mlit-roumu-h26,p17(横長の表) / p7(縦長の表),https://www.mlit.go.jp/common/001026047.pdf,PDL1.0,,
3559e3496f69834b,JP,labor,労務単価,高級船員,所定労働時間内8時間あたり,人日,pref,38,愛媛県,,,,27600,JPY,labor_wage_8h,published_pdl,38800,原本の下段(括弧書き): 公共工事設計労務単価+必要経費(法定福利費の事業主負担額、労務管理費、宿舎費等)(参考値),2014-02,2014-02-01,mlit-roumu-h26,p17(横長の表) / p7(縦長の表),https://www.mlit.go.jp/common/001026047.pdf,PDL1.0,,
a64467a9f53014d3,JP,labor,労務単価,普通船員,所定労働時間内8時間あたり,人日,pref,38,愛媛県,,,,19600,JPY,labor_wage_8h,published_pdl,27600,原本の下段(括弧書き): 公共工事設計労務単価+必要経費(法定福利費の事業主負担額、労務管理費、宿舎費等)(参考値),2014-02,2014-02-01,mlit-roumu-h26,p17(横長の表) / p7(縦長の表),https://www.mlit.go.jp/common/001026047.pdf,PDL1.0,,
06affcfed54777bf,JP,labor,労務単価,潜水士,所定労働時間内8時間あたり,人日,pref,38,愛媛県,,,,34000,JPY,labor_wage_8h,published_pdl,47800,原本の下段(括弧書き): 公共工事設計労務単価+必要経費(法定福利費の事業主負担額、労務管理費、宿舎費等)(参考値),2014-02,2014-02-01,mlit-roumu-h26,p17(横長の表) / p7(縦長の表),https://www.mlit.go.jp/common/001026047.pdf,PDL1.0,,
3a74b98c3c187781,JP,labor,労務単価,潜水連絡員,所定労働時間内8時間あたり,人日,pref,38,愛媛県,,,,,JPY,labor_wage_8h,not_set,,,2014-02,2014-02-01,mlit-roumu-h26,p17(横長の表) / p7(縦長の表),https://www.mlit.go.jp/common/001026047.pdf,PDL1.0,,原本の表で『-』(この都道府県ではこの職種の単価を設定していない)
326ac63371d09c44,JP,labor,労務単価,潜水送気員,所定労働時間内8時間あたり,人日,pref,38,愛媛県,,,,17300,JPY,labor_wage_8h,published_pdl,24300,原本の下段(括弧書き): 公共工事設計労務単価+必要経費(法定福利費の事業主負担額、労務管理費、宿舎費等)(参考値),2014-02,2014-02-01,mlit-roumu-h26,p17(横長の表) / p7(縦長の表),https://www.mlit.go.jp/common/001026047.pdf,PDL1.0,,
f0d848e6f03a9ad1,JP,labor,労務単価,山林砂防工,所定労働時間内8時間あたり,人日,pref,38,愛媛県,,,,19200,JPY,labor_wage_8h,published_pdl,27000,原本の下段(括弧書き): 公共工事設計労務単価+必要経費(法定福利費の事業主負担額、労務管理費、宿舎費等)(参考値),2014-02,2014-02-01,mlit-roumu-h26,p17(横長の表) / p8(縦長の表),https://www.mlit.go.jp/common/001026047.pdf,PDL1.0,,
76e0bceaa7e6961b,JP,labor,労務単価,軌道工,所定労働時間内8時間あたり,人日,pref,38,愛媛県,,,,27200,JPY,labor_wage_8h,published_pdl,38200,原本の下段(括弧書き): 公共工事設計労務単価+必要経費(法定福利費の事業主負担額、労務管理費、宿舎費等)(参考値),2014-02,2014-02-01,mlit-roumu-h26,p17(横長の表) / p8(縦長の表),https://www.mlit.go.jp/common/001026047.pdf,PDL1.0,,
034d88a6bf8b83be,JP,labor,労務単価,型わく工,所定労働時間内8時間あたり,人日,pref,38,愛媛県,,,,17600,JPY,labor_wage_8h,published_pdl,24700,原本の下段(括弧書き): 公共工事設計労務単価+必要経費(法定福利費の事業主負担額、労務管理費、宿舎費等)(参考値),2014-02,2014-02-01,mlit-roumu-h26,p17(横長の表) / p8(縦長の表),https://www.mlit.go.jp/common/001026047.pdf,PDL1.0,,
2c0c1f59f546cbad,JP,labor,労務単価,大工,所定労働時間内8時間あたり,人日,pref,38,愛媛県,,,,18400,JPY,labor_wage_8h,published_pdl,25900,原本の下段(括弧書き): 公共工事設計労務単価+必要経費(法定福利費の事業主負担額、労務管理費、宿舎費等)(参考値),2014-02,2014-02-01,mlit-roumu-h26,p17(横長の表) / p8(縦長の表),https://www.mlit.go.jp/common/001026047.pdf,PDL1.0,,
26562e29d874ad28,JP,labor,労務単価,左官,所定労働時間内8時間あたり,人日,pref,38,愛媛県,,,,18300,JPY,labor_wage_8h,published_pdl,25700,原本の下段(括弧書き): 公共工事設計労務単価+必要経費(法定福利費の事業主負担額、労務管理費、宿舎費等)(参考値),2014-02,2014-02-01,mlit-roumu-h26,p17(横長の表) / p8(縦長の表),https://www.mlit.go.jp/common/001026047.pdf,PDL1.0,,
f263596356823da3,JP,labor,労務単価,配管工,所定労働時間内8時間あたり,人日,pref,38,愛媛県,,,,16700,JPY,labor_wage_8h,published_pdl,23500,原本の下段(括弧書き): 公共工事設計労務単価+必要経費(法定福利費の事業主負担額、労務管理費、宿舎費等)(参考値),2014-02,2014-02-01,mlit-roumu-h26,p17(横長の表) / p8(縦長の表),https://www.mlit.go.jp/common/001026047.pdf,PDL1.0,,
3cb66cba81c98be2,JP,labor,労務単価,はつり工,所定労働時間内8時間あたり,人日,pref,38,愛媛県,,,,17500,JPY,labor_wage_8h,published_pdl,24600,原本の下段(括弧書き): 公共工事設計労務単価+必要経費(法定福利費の事業主負担額、労務管理費、宿舎費等)(参考値),2014-02,2014-02-01,mlit-roumu-h26,p17(横長の表) / p8(縦長の表),https://www.mlit.go.jp/common/001026047.pdf,PDL1.0,,
5ea8ebb44dc51e4e,JP,labor,労務単価,防水工,所定労働時間内8時間あたり,人日,pref,38,愛媛県,,,,18000,JPY,labor_wage_8h,published_pdl,25300,原本の下段(括弧書き): 公共工事設計労務単価+必要経費(法定福利費の事業主負担額、労務管理費、宿舎費等)(参考値),2014-02,2014-02-01,mlit-roumu-h26,p17(横長の表) / p8(縦長の表),https://www.mlit.go.jp/common/001026047.pdf,PDL1.0,,
c0c28d4e80ae00af,JP,labor,労務単価,板金工,所定労働時間内8時間あたり,人日,pref,38,愛媛県,,,,18300,JPY,labor_wage_8h,published_pdl,25700,原本の下段(括弧書き): 公共工事設計労務単価+必要経費(法定福利費の事業主負担額、労務管理費、宿舎費等)(参考値),2014-02,2014-02-01,mlit-roumu-h26,p17(横長の表) / p8(縦長の表),https://www.mlit.go.jp/common/001026047.pdf,PDL1.0,,
02a9d584d4294762,JP,labor,労務単価,タイル工,所定労働時間内8時間あたり,人日,pref,38,愛媛県,,,,,JPY,labor_wage_8h,not_set,,,2014-02,2014-02-01,mlit-roumu-h26,p17(横長の表) / p8(縦長の表),https://www.mlit.go.jp/common/001026047.pdf,PDL1.0,,原本の表で『-』(この都道府県ではこの職種の単価を設定していない)
9f3e51fe9162caef,JP,labor,労務単価,サッシ工,所定労働時間内8時間あたり,人日,pref,38,愛媛県,,,,18200,JPY,labor_wage_8h,published_pdl,25600,原本の下段(括弧書き): 公共工事設計労務単価+必要経費(法定福利費の事業主負担額、労務管理費、宿舎費等)(参考値),2014-02,2014-02-01,mlit-roumu-h26,p18(横長の表) / p9(縦長の表),https://www.mlit.go.jp/common/001026047.pdf,PDL1.0,,
4f2cad3ff2e9e74c,JP,labor,労務単価,内装工,所定労働時間内8時間あたり,人日,pref,38,愛媛県,,,,19400,JPY,labor_wage_8h,published_pdl,27300,原本の下段(括弧書き): 公共工事設計労務単価+必要経費(法定福利費の事業主負担額、労務管理費、宿舎費等)(参考値),2014-02,2014-02-01,mlit-roumu-h26,p18(横長の表) / p9(縦長の表),https://www.mlit.go.jp/common/001026047.pdf,PDL1.0,,
2e083de53e77a4e1,JP,labor,労務単価,ガラス工,所定労働時間内8時間あたり,人日,pref,38,愛媛県,,,,16800,JPY,labor_wage_8h,published_pdl,23600,原本の下段(括弧書き): 公共工事設計労務単価+必要経費(法定福利費の事業主負担額、労務管理費、宿舎費等)(参考値),2014-02,2014-02-01,mlit-roumu-h26,p18(横長の表) / p9(縦長の表),https://www.mlit.go.jp/common/001026047.pdf,PDL1.0,,
388372aa94308e63,JP,labor,労務単価,建具工,所定労働時間内8時間あたり,人日,pref,38,愛媛県,,,,,JPY,labor_wage_8h,not_set,,,2014-02,2014-02-01,mlit-roumu-h26,p18(横長の表) / p9(縦長の表),https://www.mlit.go.jp/common/001026047.pdf,PDL1.0,,原本の表で『-』(この都道府県ではこの職種の単価を設定していない)
2eaa8a22382b5ee6,JP,labor,労務単価,ダクト工,所定労働時間内8時間あたり,人日,pref,38,愛媛県,,,,15400,JPY,labor_wage_8h,published_pdl,21700,原本の下段(括弧書き): 公共工事設計労務単価+必要経費(法定福利費の事業主負担額、労務管理費、宿舎費等)(参考値),2014-02,2014-02-01,mlit-roumu-h26,p18(横長の表) / p9(縦長の表),https://www.mlit.go.jp/common/001026047.pdf,PDL1.0,,
38bdad737d20a0fa,JP,labor,労務単価,保温工,所定労働時間内8時間あたり,人日,pref,38,愛媛県,,,,18600,JPY,labor_wage_8h,published_pdl,26200,原本の下段(括弧書き): 公共工事設計労務単価+必要経費(法定福利費の事業主負担額、労務管理費、宿舎費等)(参考値),2014-02,2014-02-01,mlit-roumu-h26,p18(横長の表) / p9(縦長の表),https://www.mlit.go.jp/common/001026047.pdf,PDL1.0,,
4b025c012516e96e,JP,labor,労務単価,建築ブロック工,所定労働時間内8時間あたり,人日,pref,38,愛媛県,,,,,JPY,labor_wage_8h,not_set,,,2014-02,2014-02-01,mlit-roumu-h26,p18(横長の表) / p9(縦長の表),https://www.mlit.go.jp/common/001026047.pdf,PDL1.0,,原本の表で『-』(この都道府県ではこの職種の単価を設定していない)
2b2a91865b4417f6,JP,labor,労務単価,設備機械工,所定労働時間内8時間あたり,人日,pref,38,愛媛県,,,,17400,JPY,labor_wage_8h,published_pdl,24500,原本の下段(括弧書き): 公共工事設計労務単価+必要経費(法定福利費の事業主負担額、労務管理費、宿舎費等)(参考値),2014-02,2014-02-01,mlit-roumu-h26,p18(横長の表) / p9(縦長の表),https://www.mlit.go.jp/common/001026047.pdf,PDL1.0,,
3f5c7627a4b2fde1,JP,labor,労務単価,交通誘導警備員Ａ,所定労働時間内8時間あたり,人日,pref,38,愛媛県,,,,9800,JPY,labor_wage_8h,published_pdl,13800,原本の下段(括弧書き): 公共工事設計労務単価+必要経費(法定福利費の事業主負担額、労務管理費、宿舎費等)(参考値),2014-02,2014-02-01,mlit-roumu-h26,p18(横長の表) / p9(縦長の表),https://www.mlit.go.jp/common/001026047.pdf,PDL1.0,,
6a6c8269b41f2204,JP,labor,労務単価,交通誘導警備員Ｂ,所定労働時間内8時間あたり,人日,pref,38,愛媛県,,,,8600,JPY,labor_wage_8h,published_pdl,12100,原本の下段(括弧書き): 公共工事設計労務単価+必要経費(法定福利費の事業主負担額、労務管理費、宿舎費等)(参考値),2014-02,2014-02-01,mlit-roumu-h26,p18(横長の表) / p9(縦長の表),https://www.mlit.go.jp/common/001026047.pdf,PDL1.0,,
677b5b382f0d4d33,JP,labor,労務単価,特殊作業員,所定労働時間内8時間あたり,人日,pref,39,高知県,,,,17100,JPY,labor_wage_8h,published_pdl,24000,原本の下段(括弧書き): 公共工事設計労務単価+必要経費(法定福利費の事業主負担額、労務管理費、宿舎費等)(参考値),2014-02,2014-02-01,mlit-roumu-h26,p16(横長の表) / p5(縦長の表),https://www.mlit.go.jp/common/001026047.pdf,PDL1.0,,
4a5019164a3b2c03,JP,labor,労務単価,普通作業員,所定労働時間内8時間あたり,人日,pref,39,高知県,,,,14500,JPY,labor_wage_8h,published_pdl,20400,原本の下段(括弧書き): 公共工事設計労務単価+必要経費(法定福利費の事業主負担額、労務管理費、宿舎費等)(参考値),2014-02,2014-02-01,mlit-roumu-h26,p16(横長の表) / p5(縦長の表),https://www.mlit.go.jp/common/001026047.pdf,PDL1.0,,
e8aa686a6690b428,JP,labor,労務単価,軽作業員,所定労働時間内8時間あたり,人日,pref,39,高知県,,,,12200,JPY,labor_wage_8h,published_pdl,17200,原本の下段(括弧書き): 公共工事設計労務単価+必要経費(法定福利費の事業主負担額、労務管理費、宿舎費等)(参考値),2014-02,2014-02-01,mlit-roumu-h26,p16(横長の表) / p5(縦長の表),https://www.mlit.go.jp/common/001026047.pdf,PDL1.0,,
2ddfb8d43dfdd507,JP,labor,労務単価,造園工,所定労働時間内8時間あたり,人日,pref,39,高知県,,,,16800,JPY,labor_wage_8h,published_pdl,23600,原本の下段(括弧書き): 公共工事設計労務単価+必要経費(法定福利費の事業主負担額、労務管理費、宿舎費等)(参考値),2014-02,2014-02-01,mlit-roumu-h26,p16(横長の表) / p5(縦長の表),https://www.mlit.go.jp/common/001026047.pdf,PDL1.0,,
c31751eb77f086c5,JP,labor,労務単価,法面工,所定労働時間内8時間あたり,人日,pref,39,高知県,,,,21100,JPY,labor_wage_8h,published_pdl,29700,原本の下段(括弧書き): 公共工事設計労務単価+必要経費(法定福利費の事業主負担額、労務管理費、宿舎費等)(参考値),2014-02,2014-02-01,mlit-roumu-h26,p16(横長の表) / p5(縦長の表),https://www.mlit.go.jp/common/001026047.pdf,PDL1.0,,
7738323490c16a85,JP,labor,労務単価,とび工,所定労働時間内8時間あたり,人日,pref,39,高知県,,,,17500,JPY,labor_wage_8h,published_pdl,24600,原本の下段(括弧書き): 公共工事設計労務単価+必要経費(法定福利費の事業主負担額、労務管理費、宿舎費等)(参考値),2014-02,2014-02-01,mlit-roumu-h26,p16(横長の表) / p5(縦長の表),https://www.mlit.go.jp/common/001026047.pdf,PDL1.0,,
8ae3f4e6d34f73a6,JP,labor,労務単価,石工,所定労働時間内8時間あたり,人日,pref,39,高知県,,,,21800,JPY,labor_wage_8h,published_pdl,30700,原本の下段(括弧書き): 公共工事設計労務単価+必要経費(法定福利費の事業主負担額、労務管理費、宿舎費等)(参考値),2014-02,2014-02-01,mlit-roumu-h26,p16(横長の表) / p5(縦長の表),https://www.mlit.go.jp/common/001026047.pdf,PDL1.0,,
7b85807a3ee85b14,JP,labor,労務単価,ブロック工,所定労働時間内8時間あたり,人日,pref,39,高知県,,,,24900,JPY,labor_wage_8h,published_pdl,35000,原本の下段(括弧書き): 公共工事設計労務単価+必要経費(法定福利費の事業主負担額、労務管理費、宿舎費等)(参考値),2014-02,2014-02-01,mlit-roumu-h26,p16(横長の表) / p5(縦長の表),https://www.mlit.go.jp/common/001026047.pdf,PDL1.0,,
1c21b6b67450b170,JP,labor,労務単価,電工,所定労働時間内8時間あたり,人日,pref,39,高知県,,,,17200,JPY,labor_wage_8h,published_pdl,24200,原本の下段(括弧書き): 公共工事設計労務単価+必要経費(法定福利費の事業主負担額、労務管理費、宿舎費等)(参考値),2014-02,2014-02-01,mlit-roumu-h26,p16(横長の表) / p5(縦長の表),https://www.mlit.go.jp/common/001026047.pdf,PDL1.0,,
7299b3d82f9d2547,JP,labor,労務単価,鉄筋工,所定労働時間内8時間あたり,人日,pref,39,高知県,,,,16500,JPY,labor_wage_8h,published_pdl,23200,原本の下段(括弧書き): 公共工事設計労務単価+必要経費(法定福利費の事業主負担額、労務管理費、宿舎費等)(参考値),2014-02,2014-02-01,mlit-roumu-h26,p16(横長の表) / p5(縦長の表),https://www.mlit.go.jp/common/001026047.pdf,PDL1.0,,
9f360d6af55739b4,JP,labor,労務単価,鉄骨工,所定労働時間内8時間あたり,人日,pref,39,高知県,,,,17300,JPY,labor_wage_8h,published_pdl,24300,原本の下段(括弧書き): 公共工事設計労務単価+必要経費(法定福利費の事業主負担額、労務管理費、宿舎費等)(参考値),2014-02,2014-02-01,mlit-roumu-h26,p16(横長の表) / p6(縦長の表),https://www.mlit.go.jp/common/001026047.pdf,PDL1.0,,
66763a7b3a14b697,JP,labor,労務単価,塗装工,所定労働時間内8時間あたり,人日,pref,39,高知県,,,,17000,JPY,labor_wage_8h,published_pdl,23900,原本の下段(括弧書き): 公共工事設計労務単価+必要経費(法定福利費の事業主負担額、労務管理費、宿舎費等)(参考値),2014-02,2014-02-01,mlit-roumu-h26,p16(横長の表) / p6(縦長の表),https://www.mlit.go.jp/common/001026047.pdf,PDL1.0,,
1e7f75eb5dc28e0d,JP,labor,労務単価,溶接工,所定労働時間内8時間あたり,人日,pref,39,高知県,,,,19800,JPY,labor_wage_8h,published_pdl,27800,原本の下段(括弧書き): 公共工事設計労務単価+必要経費(法定福利費の事業主負担額、労務管理費、宿舎費等)(参考値),2014-02,2014-02-01,mlit-roumu-h26,p16(横長の表) / p6(縦長の表),https://www.mlit.go.jp/common/001026047.pdf,PDL1.0,,
bd13499dcd86dbcc,JP,labor,労務単価,運転手（特殊）,所定労働時間内8時間あたり,人日,pref,39,高知県,,,,17500,JPY,labor_wage_8h,published_pdl,24600,原本の下段(括弧書き): 公共工事設計労務単価+必要経費(法定福利費の事業主負担額、労務管理費、宿舎費等)(参考値),2014-02,2014-02-01,mlit-roumu-h26,p16(横長の表) / p6(縦長の表),https://www.mlit.go.jp/common/001026047.pdf,PDL1.0,,
bdf28f11802e1cb7,JP,labor,労務単価,運転手（一般）,所定労働時間内8時間あたり,人日,pref,39,高知県,,,,15500,JPY,labor_wage_8h,published_pdl,21800,原本の下段(括弧書き): 公共工事設計労務単価+必要経費(法定福利費の事業主負担額、労務管理費、宿舎費等)(参考値),2014-02,2014-02-01,mlit-roumu-h26,p16(横長の表) / p6(縦長の表),https://www.mlit.go.jp/common/001026047.pdf,PDL1.0,,
e8e5610b5b72edd0,JP,labor,労務単価,潜かん工,所定労働時間内8時間あたり,人日,pref,39,高知県,,,,25800,JPY,labor_wage_8h,published_pdl,36300,原本の下段(括弧書き): 公共工事設計労務単価+必要経費(法定福利費の事業主負担額、労務管理費、宿舎費等)(参考値),2014-02,2014-02-01,mlit-roumu-h26,p16(横長の表) / p6(縦長の表),https://www.mlit.go.jp/common/001026047.pdf,PDL1.0,,
a2b7169cd41ea145,JP,labor,労務単価,潜かん世話役,所定労働時間内8時間あたり,人日,pref,39,高知県,,,,30500,JPY,labor_wage_8h,published_pdl,42900,原本の下段(括弧書き): 公共工事設計労務単価+必要経費(法定福利費の事業主負担額、労務管理費、宿舎費等)(参考値),2014-02,2014-02-01,mlit-roumu-h26,p16(横長の表) / p6(縦長の表),https://www.mlit.go.jp/common/001026047.pdf,PDL1.0,,
bda4736f0d8c0115,JP,labor,労務単価,さく岩工,所定労働時間内8時間あたり,人日,pref,39,高知県,,,,19300,JPY,labor_wage_8h,published_pdl,27100,原本の下段(括弧書き): 公共工事設計労務単価+必要経費(法定福利費の事業主負担額、労務管理費、宿舎費等)(参考値),2014-02,2014-02-01,mlit-roumu-h26,p16(横長の表) / p6(縦長の表),https://www.mlit.go.jp/common/001026047.pdf,PDL1.0,,
b9888fb8455cbd31,JP,labor,労務単価,トンネル特殊工,所定労働時間内8時間あたり,人日,pref,39,高知県,,,,23400,JPY,labor_wage_8h,published_pdl,32900,原本の下段(括弧書き): 公共工事設計労務単価+必要経費(法定福利費の事業主負担額、労務管理費、宿舎費等)(参考値),2014-02,2014-02-01,mlit-roumu-h26,p16(横長の表) / p6(縦長の表),https://www.mlit.go.jp/common/001026047.pdf,PDL1.0,,
9efdd2606f0519bd,JP,labor,労務単価,トンネル作業員,所定労働時間内8時間あたり,人日,pref,39,高知県,,,,19600,JPY,labor_wage_8h,published_pdl,27600,原本の下段(括弧書き): 公共工事設計労務単価+必要経費(法定福利費の事業主負担額、労務管理費、宿舎費等)(参考値),2014-02,2014-02-01,mlit-roumu-h26,p16(横長の表) / p6(縦長の表),https://www.mlit.go.jp/common/001026047.pdf,PDL1.0,,
377df58fc7d37189,JP,labor,労務単価,トンネル世話役,所定労働時間内8時間あたり,人日,pref,39,高知県,,,,25300,JPY,labor_wage_8h,published_pdl,35600,原本の下段(括弧書き): 公共工事設計労務単価+必要経費(法定福利費の事業主負担額、労務管理費、宿舎費等)(参考値),2014-02,2014-02-01,mlit-roumu-h26,p17(横長の表) / p7(縦長の表),https://www.mlit.go.jp/common/001026047.pdf,PDL1.0,,
29540fafd8bad2a9,JP,labor,労務単価,橋りょう特殊工,所定労働時間内8時間あたり,人日,pref,39,高知県,,,,21900,JPY,labor_wage_8h,published_pdl,30800,原本の下段(括弧書き): 公共工事設計労務単価+必要経費(法定福利費の事業主負担額、労務管理費、宿舎費等)(参考値),2014-02,2014-02-01,mlit-roumu-h26,p17(横長の表) / p7(縦長の表),https://www.mlit.go.jp/common/001026047.pdf,PDL1.0,,
c9b8356740c6496a,JP,labor,労務単価,橋りょう塗装工,所定労働時間内8時間あたり,人日,pref,39,高知県,,,,22800,JPY,labor_wage_8h,published_pdl,32100,原本の下段(括弧書き): 公共工事設計労務単価+必要経費(法定福利費の事業主負担額、労務管理費、宿舎費等)(参考値),2014-02,2014-02-01,mlit-roumu-h26,p17(横長の表) / p7(縦長の表),https://www.mlit.go.jp/common/001026047.pdf,PDL1.0,,
085e5faa4af282b4,JP,labor,労務単価,橋りょう世話役,所定労働時間内8時間あたり,人日,pref,39,高知県,,,,24100,JPY,labor_wage_8h,published_pdl,33900,原本の下段(括弧書き): 公共工事設計労務単価+必要経費(法定福利費の事業主負担額、労務管理費、宿舎費等)(参考値),2014-02,2014-02-01,mlit-roumu-h26,p17(横長の表) / p7(縦長の表),https://www.mlit.go.jp/common/001026047.pdf,PDL1.0,,
c56d95a756cf4bc9,JP,labor,労務単価,土木一般世話役,所定労働時間内8時間あたり,人日,pref,39,高知県,,,,18600,JPY,labor_wage_8h,published_pdl,26200,原本の下段(括弧書き): 公共工事設計労務単価+必要経費(法定福利費の事業主負担額、労務管理費、宿舎費等)(参考値),2014-02,2014-02-01,mlit-roumu-h26,p17(横長の表) / p7(縦長の表),https://www.mlit.go.jp/common/001026047.pdf,PDL1.0,,
96ac7b2720a33c1f,JP,labor,労務単価,高級船員,所定労働時間内8時間あたり,人日,pref,39,高知県,,,,27600,JPY,labor_wage_8h,published_pdl,38800,原本の下段(括弧書き): 公共工事設計労務単価+必要経費(法定福利費の事業主負担額、労務管理費、宿舎費等)(参考値),2014-02,2014-02-01,mlit-roumu-h26,p17(横長の表) / p7(縦長の表),https://www.mlit.go.jp/common/001026047.pdf,PDL1.0,,
b84aa058c5c25a79,JP,labor,労務単価,普通船員,所定労働時間内8時間あたり,人日,pref,39,高知県,,,,19600,JPY,labor_wage_8h,published_pdl,27600,原本の下段(括弧書き): 公共工事設計労務単価+必要経費(法定福利費の事業主負担額、労務管理費、宿舎費等)(参考値),2014-02,2014-02-01,mlit-roumu-h26,p17(横長の表) / p7(縦長の表),https://www.mlit.go.jp/common/001026047.pdf,PDL1.0,,
1062a64d976d1293,JP,labor,労務単価,潜水士,所定労働時間内8時間あたり,人日,pref,39,高知県,,,,33700,JPY,labor_wage_8h,published_pdl,47400,原本の下段(括弧書き): 公共工事設計労務単価+必要経費(法定福利費の事業主負担額、労務管理費、宿舎費等)(参考値),2014-02,2014-02-01,mlit-roumu-h26,p17(横長の表) / p7(縦長の表),https://www.mlit.go.jp/common/001026047.pdf,PDL1.0,,
909573b8ed47b035,JP,labor,労務単価,潜水連絡員,所定労働時間内8時間あたり,人日,pref,39,高知県,,,,,JPY,labor_wage_8h,not_set,,,2014-02,2014-02-01,mlit-roumu-h26,p17(横長の表) / p7(縦長の表),https://www.mlit.go.jp/common/001026047.pdf,PDL1.0,,原本の表で『-』(この都道府県ではこの職種の単価を設定していない)
abbd31b8102722d7,JP,labor,労務単価,潜水送気員,所定労働時間内8時間あたり,人日,pref,39,高知県,,,,17300,JPY,labor_wage_8h,published_pdl,24300,原本の下段(括弧書き): 公共工事設計労務単価+必要経費(法定福利費の事業主負担額、労務管理費、宿舎費等)(参考値),2014-02,2014-02-01,mlit-roumu-h26,p17(横長の表) / p7(縦長の表),https://www.mlit.go.jp/common/001026047.pdf,PDL1.0,,
54870bb186a226ee,JP,labor,労務単価,山林砂防工,所定労働時間内8時間あたり,人日,pref,39,高知県,,,,19100,JPY,labor_wage_8h,published_pdl,26900,原本の下段(括弧書き): 公共工事設計労務単価+必要経費(法定福利費の事業主負担額、労務管理費、宿舎費等)(参考値),2014-02,2014-02-01,mlit-roumu-h26,p17(横長の表) / p8(縦長の表),https://www.mlit.go.jp/common/001026047.pdf,PDL1.0,,
cbb904b3cacf57be,JP,labor,労務単価,軌道工,所定労働時間内8時間あたり,人日,pref,39,高知県,,,,27100,JPY,labor_wage_8h,published_pdl,38100,原本の下段(括弧書き): 公共工事設計労務単価+必要経費(法定福利費の事業主負担額、労務管理費、宿舎費等)(参考値),2014-02,2014-02-01,mlit-roumu-h26,p17(横長の表) / p8(縦長の表),https://www.mlit.go.jp/common/001026047.pdf,PDL1.0,,
f3c04b5842071738,JP,labor,労務単価,型わく工,所定労働時間内8時間あたり,人日,pref,39,高知県,,,,17200,JPY,labor_wage_8h,published_pdl,24200,原本の下段(括弧書き): 公共工事設計労務単価+必要経費(法定福利費の事業主負担額、労務管理費、宿舎費等)(参考値),2014-02,2014-02-01,mlit-roumu-h26,p17(横長の表) / p8(縦長の表),https://www.mlit.go.jp/common/001026047.pdf,PDL1.0,,
581f5fb3e6315034,JP,labor,労務単価,大工,所定労働時間内8時間あたり,人日,pref,39,高知県,,,,18400,JPY,labor_wage_8h,published_pdl,25900,原本の下段(括弧書き): 公共工事設計労務単価+必要経費(法定福利費の事業主負担額、労務管理費、宿舎費等)(参考値),2014-02,2014-02-01,mlit-roumu-h26,p17(横長の表) / p8(縦長の表),https://www.mlit.go.jp/common/001026047.pdf,PDL1.0,,
ba84bcf98f12016f,JP,labor,労務単価,左官,所定労働時間内8時間あたり,人日,pref,39,高知県,,,,18100,JPY,labor_wage_8h,published_pdl,25400,原本の下段(括弧書き): 公共工事設計労務単価+必要経費(法定福利費の事業主負担額、労務管理費、宿舎費等)(参考値),2014-02,2014-02-01,mlit-roumu-h26,p17(横長の表) / p8(縦長の表),https://www.mlit.go.jp/common/001026047.pdf,PDL1.0,,
3369dbc3d13278db,JP,labor,労務単価,配管工,所定労働時間内8時間あたり,人日,pref,39,高知県,,,,16600,JPY,labor_wage_8h,published_pdl,23300,原本の下段(括弧書き): 公共工事設計労務単価+必要経費(法定福利費の事業主負担額、労務管理費、宿舎費等)(参考値),2014-02,2014-02-01,mlit-roumu-h26,p17(横長の表) / p8(縦長の表),https://www.mlit.go.jp/common/001026047.pdf,PDL1.0,,
8d942381639a2545,JP,labor,労務単価,はつり工,所定労働時間内8時間あたり,人日,pref,39,高知県,,,,17300,JPY,labor_wage_8h,published_pdl,24300,原本の下段(括弧書き): 公共工事設計労務単価+必要経費(法定福利費の事業主負担額、労務管理費、宿舎費等)(参考値),2014-02,2014-02-01,mlit-roumu-h26,p17(横長の表) / p8(縦長の表),https://www.mlit.go.jp/common/001026047.pdf,PDL1.0,,
8498e85304a813b4,JP,labor,労務単価,防水工,所定労働時間内8時間あたり,人日,pref,39,高知県,,,,17900,JPY,labor_wage_8h,published_pdl,25200,原本の下段(括弧書き): 公共工事設計労務単価+必要経費(法定福利費の事業主負担額、労務管理費、宿舎費等)(参考値),2014-02,2014-02-01,mlit-roumu-h26,p17(横長の表) / p8(縦長の表),https://www.mlit.go.jp/common/001026047.pdf,PDL1.0,,
4fe3df15cb0e69d4,JP,labor,労務単価,板金工,所定労働時間内8時間あたり,人日,pref,39,高知県,,,,18300,JPY,labor_wage_8h,published_pdl,25700,原本の下段(括弧書き): 公共工事設計労務単価+必要経費(法定福利費の事業主負担額、労務管理費、宿舎費等)(参考値),2014-02,2014-02-01,mlit-roumu-h26,p17(横長の表) / p8(縦長の表),https://www.mlit.go.jp/common/001026047.pdf,PDL1.0,,
6c849798c0faff2b,JP,labor,労務単価,タイル工,所定労働時間内8時間あたり,人日,pref,39,高知県,,,,,JPY,labor_wage_8h,not_set,,,2014-02,2014-02-01,mlit-roumu-h26,p17(横長の表) / p8(縦長の表),https://www.mlit.go.jp/common/001026047.pdf,PDL1.0,,原本の表で『-』(この都道府県ではこの職種の単価を設定していない)
2cffb63521bfd3dc,JP,labor,労務単価,サッシ工,所定労働時間内8時間あたり,人日,pref,39,高知県,,,,18100,JPY,labor_wage_8h,published_pdl,25400,原本の下段(括弧書き): 公共工事設計労務単価+必要経費(法定福利費の事業主負担額、労務管理費、宿舎費等)(参考値),2014-02,2014-02-01,mlit-roumu-h26,p18(横長の表) / p9(縦長の表),https://www.mlit.go.jp/common/001026047.pdf,PDL1.0,,
0f2c73fb18476c0c,JP,labor,労務単価,内装工,所定労働時間内8時間あたり,人日,pref,39,高知県,,,,19300,JPY,labor_wage_8h,published_pdl,27100,原本の下段(括弧書き): 公共工事設計労務単価+必要経費(法定福利費の事業主負担額、労務管理費、宿舎費等)(参考値),2014-02,2014-02-01,mlit-roumu-h26,p18(横長の表) / p9(縦長の表),https://www.mlit.go.jp/common/001026047.pdf,PDL1.0,,
e811c2e028860433,JP,labor,労務単価,ガラス工,所定労働時間内8時間あたり,人日,pref,39,高知県,,,,16800,JPY,labor_wage_8h,published_pdl,23600,原本の下段(括弧書き): 公共工事設計労務単価+必要経費(法定福利費の事業主負担額、労務管理費、宿舎費等)(参考値),2014-02,2014-02-01,mlit-roumu-h26,p18(横長の表) / p9(縦長の表),https://www.mlit.go.jp/common/001026047.pdf,PDL1.0,,
8cb58ac3e564fb75,JP,labor,労務単価,建具工,所定労働時間内8時間あたり,人日,pref,39,高知県,,,,,JPY,labor_wage_8h,not_set,,,2014-02,2014-02-01,mlit-roumu-h26,p18(横長の表) / p9(縦長の表),https://www.mlit.go.jp/common/001026047.pdf,PDL1.0,,原本の表で『-』(この都道府県ではこの職種の単価を設定していない)
a61226687674f9e8,JP,labor,労務単価,ダクト工,所定労働時間内8時間あたり,人日,pref,39,高知県,,,,15300,JPY,labor_wage_8h,published_pdl,21500,原本の下段(括弧書き): 公共工事設計労務単価+必要経費(法定福利費の事業主負担額、労務管理費、宿舎費等)(参考値),2014-02,2014-02-01,mlit-roumu-h26,p18(横長の表) / p9(縦長の表),https://www.mlit.go.jp/common/001026047.pdf,PDL1.0,,
1af9ff40f71f3300,JP,labor,労務単価,保温工,所定労働時間内8時間あたり,人日,pref,39,高知県,,,,18600,JPY,labor_wage_8h,published_pdl,26200,原本の下段(括弧書き): 公共工事設計労務単価+必要経費(法定福利費の事業主負担額、労務管理費、宿舎費等)(参考値),2014-02,2014-02-01,mlit-roumu-h26,p18(横長の表) / p9(縦長の表),https://www.mlit.go.jp/common/001026047.pdf,PDL1.0,,
35a64a968526ca48,JP,labor,労務単価,建築ブロック工,所定労働時間内8時間あたり,人日,pref,39,高知県,,,,,JPY,labor_wage_8h,not_set,,,2014-02,2014-02-01,mlit-roumu-h26,p18(横長の表) / p9(縦長の表),https://www.mlit.go.jp/common/001026047.pdf,PDL1.0,,原本の表で『-』(この都道府県ではこの職種の単価を設定していない)
e7a0a7d5601d5a47,JP,labor,労務単価,設備機械工,所定労働時間内8時間あたり,人日,pref,39,高知県,,,,17500,JPY,labor_wage_8h,published_pdl,24600,原本の下段(括弧書き): 公共工事設計労務単価+必要経費(法定福利費の事業主負担額、労務管理費、宿舎費等)(参考値),2014-02,2014-02-01,mlit-roumu-h26,p18(横長の表) / p9(縦長の表),https://www.mlit.go.jp/common/001026047.pdf,PDL1.0,,
032d2854534ccbf2,JP,labor,労務単価,交通誘導警備員Ａ,所定労働時間内8時間あたり,人日,pref,39,高知県,,,,9200,JPY,labor_wage_8h,published_pdl,12900,原本の下段(括弧書き): 公共工事設計労務単価+必要経費(法定福利費の事業主負担額、労務管理費、宿舎費等)(参考値),2014-02,2014-02-01,mlit-roumu-h26,p18(横長の表) / p9(縦長の表),https://www.mlit.go.jp/common/001026047.pdf,PDL1.0,,
189393bf91cb4f60,JP,labor,労務単価,交通誘導警備員Ｂ,所定労働時間内8時間あたり,人日,pref,39,高知県,,,,8200,JPY,labor_wage_8h,published_pdl,11500,原本の下段(括弧書き): 公共工事設計労務単価+必要経費(法定福利費の事業主負担額、労務管理費、宿舎費等)(参考値),2014-02,2014-02-01,mlit-roumu-h26,p18(横長の表) / p9(縦長の表),https://www.mlit.go.jp/common/001026047.pdf,PDL1.0,,
37ddc096f49ee4df,JP,labor,労務単価,特殊作業員,所定労働時間内8時間あたり,人日,pref,40,福岡県,,,,17700,JPY,labor_wage_8h,published_pdl,24900,原本の下段(括弧書き): 公共工事設計労務単価+必要経費(法定福利費の事業主負担額、労務管理費、宿舎費等)(参考値),2014-02,2014-02-01,mlit-roumu-h26,p16(横長の表) / p5(縦長の表),https://www.mlit.go.jp/common/001026047.pdf,PDL1.0,,
deae3ad913e80e94,JP,labor,労務単価,普通作業員,所定労働時間内8時間あたり,人日,pref,40,福岡県,,,,15700,JPY,labor_wage_8h,published_pdl,22100,原本の下段(括弧書き): 公共工事設計労務単価+必要経費(法定福利費の事業主負担額、労務管理費、宿舎費等)(参考値),2014-02,2014-02-01,mlit-roumu-h26,p16(横長の表) / p5(縦長の表),https://www.mlit.go.jp/common/001026047.pdf,PDL1.0,,
174733ed0c4f15dc,JP,labor,労務単価,軽作業員,所定労働時間内8時間あたり,人日,pref,40,福岡県,,,,10900,JPY,labor_wage_8h,published_pdl,15300,原本の下段(括弧書き): 公共工事設計労務単価+必要経費(法定福利費の事業主負担額、労務管理費、宿舎費等)(参考値),2014-02,2014-02-01,mlit-roumu-h26,p16(横長の表) / p5(縦長の表),https://www.mlit.go.jp/common/001026047.pdf,PDL1.0,,
062b08fcd31e3473,JP,labor,労務単価,造園工,所定労働時間内8時間あたり,人日,pref,40,福岡県,,,,16100,JPY,labor_wage_8h,published_pdl,22600,原本の下段(括弧書き): 公共工事設計労務単価+必要経費(法定福利費の事業主負担額、労務管理費、宿舎費等)(参考値),2014-02,2014-02-01,mlit-roumu-h26,p16(横長の表) / p5(縦長の表),https://www.mlit.go.jp/common/001026047.pdf,PDL1.0,,
3f4b4595f7ec2c44,JP,labor,労務単価,法面工,所定労働時間内8時間あたり,人日,pref,40,福岡県,,,,18500,JPY,labor_wage_8h,published_pdl,26000,原本の下段(括弧書き): 公共工事設計労務単価+必要経費(法定福利費の事業主負担額、労務管理費、宿舎費等)(参考値),2014-02,2014-02-01,mlit-roumu-h26,p16(横長の表) / p5(縦長の表),https://www.mlit.go.jp/common/001026047.pdf,PDL1.0,,
abe4d5983fc2eb95,JP,labor,労務単価,とび工,所定労働時間内8時間あたり,人日,pref,40,福岡県,,,,18000,JPY,labor_wage_8h,published_pdl,25300,原本の下段(括弧書き): 公共工事設計労務単価+必要経費(法定福利費の事業主負担額、労務管理費、宿舎費等)(参考値),2014-02,2014-02-01,mlit-roumu-h26,p16(横長の表) / p5(縦長の表),https://www.mlit.go.jp/common/001026047.pdf,PDL1.0,,
e477d5dc2e3cb2fa,JP,labor,労務単価,石工,所定労働時間内8時間あたり,人日,pref,40,福岡県,,,,21100,JPY,labor_wage_8h,published_pdl,29700,原本の下段(括弧書き): 公共工事設計労務単価+必要経費(法定福利費の事業主負担額、労務管理費、宿舎費等)(参考値),2014-02,2014-02-01,mlit-roumu-h26,p16(横長の表) / p5(縦長の表),https://www.mlit.go.jp/common/001026047.pdf,PDL1.0,,
c1f942292784f2ff,JP,labor,労務単価,ブロック工,所定労働時間内8時間あたり,人日,pref,40,福岡県,,,,20400,JPY,labor_wage_8h,published_pdl,28700,原本の下段(括弧書き): 公共工事設計労務単価+必要経費(法定福利費の事業主負担額、労務管理費、宿舎費等)(参考値),2014-02,2014-02-01,mlit-roumu-h26,p16(横長の表) / p5(縦長の表),https://www.mlit.go.jp/common/001026047.pdf,PDL1.0,,
a49663ae5a15a5b6,JP,labor,労務単価,電工,所定労働時間内8時間あたり,人日,pref,40,福岡県,,,,17300,JPY,labor_wage_8h,published_pdl,24300,原本の下段(括弧書き): 公共工事設計労務単価+必要経費(法定福利費の事業主負担額、労務管理費、宿舎費等)(参考値),2014-02,2014-02-01,mlit-roumu-h26,p16(横長の表) / p5(縦長の表),https://www.mlit.go.jp/common/001026047.pdf,PDL1.0,,
095d4b0edd204c81,JP,labor,労務単価,鉄筋工,所定労働時間内8時間あたり,人日,pref,40,福岡県,,,,17300,JPY,labor_wage_8h,published_pdl,24300,原本の下段(括弧書き): 公共工事設計労務単価+必要経費(法定福利費の事業主負担額、労務管理費、宿舎費等)(参考値),2014-02,2014-02-01,mlit-roumu-h26,p16(横長の表) / p5(縦長の表),https://www.mlit.go.jp/common/001026047.pdf,PDL1.0,,
264b53711d1ae597,JP,labor,労務単価,鉄骨工,所定労働時間内8時間あたり,人日,pref,40,福岡県,,,,15600,JPY,labor_wage_8h,published_pdl,21900,原本の下段(括弧書き): 公共工事設計労務単価+必要経費(法定福利費の事業主負担額、労務管理費、宿舎費等)(参考値),2014-02,2014-02-01,mlit-roumu-h26,p16(横長の表) / p6(縦長の表),https://www.mlit.go.jp/common/001026047.pdf,PDL1.0,,
5f4b56463bd6721f,JP,labor,労務単価,塗装工,所定労働時間内8時間あたり,人日,pref,40,福岡県,,,,18000,JPY,labor_wage_8h,published_pdl,25300,原本の下段(括弧書き): 公共工事設計労務単価+必要経費(法定福利費の事業主負担額、労務管理費、宿舎費等)(参考値),2014-02,2014-02-01,mlit-roumu-h26,p16(横長の表) / p6(縦長の表),https://www.mlit.go.jp/common/001026047.pdf,PDL1.0,,
e2d0967aa024cace,JP,labor,労務単価,溶接工,所定労働時間内8時間あたり,人日,pref,40,福岡県,,,,18700,JPY,labor_wage_8h,published_pdl,26300,原本の下段(括弧書き): 公共工事設計労務単価+必要経費(法定福利費の事業主負担額、労務管理費、宿舎費等)(参考値),2014-02,2014-02-01,mlit-roumu-h26,p16(横長の表) / p6(縦長の表),https://www.mlit.go.jp/common/001026047.pdf,PDL1.0,,
e71cb9db8f1a813f,JP,labor,労務単価,運転手（特殊）,所定労働時間内8時間あたり,人日,pref,40,福岡県,,,,17100,JPY,labor_wage_8h,published_pdl,24000,原本の下段(括弧書き): 公共工事設計労務単価+必要経費(法定福利費の事業主負担額、労務管理費、宿舎費等)(参考値),2014-02,2014-02-01,mlit-roumu-h26,p16(横長の表) / p6(縦長の表),https://www.mlit.go.jp/common/001026047.pdf,PDL1.0,,
c3e9cb6ff0a4ddbf,JP,labor,労務単価,運転手（一般）,所定労働時間内8時間あたり,人日,pref,40,福岡県,,,,14800,JPY,labor_wage_8h,published_pdl,20800,原本の下段(括弧書き): 公共工事設計労務単価+必要経費(法定福利費の事業主負担額、労務管理費、宿舎費等)(参考値),2014-02,2014-02-01,mlit-roumu-h26,p16(横長の表) / p6(縦長の表),https://www.mlit.go.jp/common/001026047.pdf,PDL1.0,,
de5994a82b487047,JP,labor,労務単価,潜かん工,所定労働時間内8時間あたり,人日,pref,40,福岡県,,,,25600,JPY,labor_wage_8h,published_pdl,36000,原本の下段(括弧書き): 公共工事設計労務単価+必要経費(法定福利費の事業主負担額、労務管理費、宿舎費等)(参考値),2014-02,2014-02-01,mlit-roumu-h26,p16(横長の表) / p6(縦長の表),https://www.mlit.go.jp/common/001026047.pdf,PDL1.0,,
85622192d2c5aeb8,JP,labor,労務単価,潜かん世話役,所定労働時間内8時間あたり,人日,pref,40,福岡県,,,,30300,JPY,labor_wage_8h,published_pdl,42600,原本の下段(括弧書き): 公共工事設計労務単価+必要経費(法定福利費の事業主負担額、労務管理費、宿舎費等)(参考値),2014-02,2014-02-01,mlit-roumu-h26,p16(横長の表) / p6(縦長の表),https://www.mlit.go.jp/common/001026047.pdf,PDL1.0,,
e160057f1da16dfe,JP,labor,労務単価,さく岩工,所定労働時間内8時間あたり,人日,pref,40,福岡県,,,,23200,JPY,labor_wage_8h,published_pdl,32600,原本の下段(括弧書き): 公共工事設計労務単価+必要経費(法定福利費の事業主負担額、労務管理費、宿舎費等)(参考値),2014-02,2014-02-01,mlit-roumu-h26,p16(横長の表) / p6(縦長の表),https://www.mlit.go.jp/common/001026047.pdf,PDL1.0,,
7e056fb9405fe10c,JP,labor,労務単価,トンネル特殊工,所定労働時間内8時間あたり,人日,pref,40,福岡県,,,,22500,JPY,labor_wage_8h,published_pdl,31600,原本の下段(括弧書き): 公共工事設計労務単価+必要経費(法定福利費の事業主負担額、労務管理費、宿舎費等)(参考値),2014-02,2014-02-01,mlit-roumu-h26,p16(横長の表) / p6(縦長の表),https://www.mlit.go.jp/common/001026047.pdf,PDL1.0,,
9261c64e082618b7,JP,labor,労務単価,トンネル作業員,所定労働時間内8時間あたり,人日,pref,40,福岡県,,,,18800,JPY,labor_wage_8h,published_pdl,26400,原本の下段(括弧書き): 公共工事設計労務単価+必要経費(法定福利費の事業主負担額、労務管理費、宿舎費等)(参考値),2014-02,2014-02-01,mlit-roumu-h26,p16(横長の表) / p6(縦長の表),https://www.mlit.go.jp/common/001026047.pdf,PDL1.0,,
4d4707e3fddda512,JP,labor,労務単価,トンネル世話役,所定労働時間内8時間あたり,人日,pref,40,福岡県,,,,25600,JPY,labor_wage_8h,published_pdl,36000,原本の下段(括弧書き): 公共工事設計労務単価+必要経費(法定福利費の事業主負担額、労務管理費、宿舎費等)(参考値),2014-02,2014-02-01,mlit-roumu-h26,p17(横長の表) / p7(縦長の表),https://www.mlit.go.jp/common/001026047.pdf,PDL1.0,,
2bd8e58605f32e58,JP,labor,労務単価,橋りょう特殊工,所定労働時間内8時間あたり,人日,pref,40,福岡県,,,,20800,JPY,labor_wage_8h,published_pdl,29200,原本の下段(括弧書き): 公共工事設計労務単価+必要経費(法定福利費の事業主負担額、労務管理費、宿舎費等)(参考値),2014-02,2014-02-01,mlit-roumu-h26,p17(横長の表) / p7(縦長の表),https://www.mlit.go.jp/common/001026047.pdf,PDL1.0,,
0cb34e050ec638e1,JP,labor,労務単価,橋りょう塗装工,所定労働時間内8時間あたり,人日,pref,40,福岡県,,,,23600,JPY,labor_wage_8h,published_pdl,33200,原本の下段(括弧書き): 公共工事設計労務単価+必要経費(法定福利費の事業主負担額、労務管理費、宿舎費等)(参考値),2014-02,2014-02-01,mlit-roumu-h26,p17(横長の表) / p7(縦長の表),https://www.mlit.go.jp/common/001026047.pdf,PDL1.0,,
c0a9156070f08373,JP,labor,労務単価,橋りょう世話役,所定労働時間内8時間あたり,人日,pref,40,福岡県,,,,25600,JPY,labor_wage_8h,published_pdl,36000,原本の下段(括弧書き): 公共工事設計労務単価+必要経費(法定福利費の事業主負担額、労務管理費、宿舎費等)(参考値),2014-02,2014-02-01,mlit-roumu-h26,p17(横長の表) / p7(縦長の表),https://www.mlit.go.jp/common/001026047.pdf,PDL1.0,,
90519c35734915fd,JP,labor,労務単価,土木一般世話役,所定労働時間内8時間あたり,人日,pref,40,福岡県,,,,19900,JPY,labor_wage_8h,published_pdl,28000,原本の下段(括弧書き): 公共工事設計労務単価+必要経費(法定福利費の事業主負担額、労務管理費、宿舎費等)(参考値),2014-02,2014-02-01,mlit-roumu-h26,p17(横長の表) / p7(縦長の表),https://www.mlit.go.jp/common/001026047.pdf,PDL1.0,,
827a1ee03b52eada,JP,labor,労務単価,高級船員,所定労働時間内8時間あたり,人日,pref,40,福岡県,,,,23900,JPY,labor_wage_8h,published_pdl,33600,原本の下段(括弧書き): 公共工事設計労務単価+必要経費(法定福利費の事業主負担額、労務管理費、宿舎費等)(参考値),2014-02,2014-02-01,mlit-roumu-h26,p17(横長の表) / p7(縦長の表),https://www.mlit.go.jp/common/001026047.pdf,PDL1.0,,
2ade227145a4bb25,JP,labor,労務単価,普通船員,所定労働時間内8時間あたり,人日,pref,40,福岡県,,,,18900,JPY,labor_wage_8h,published_pdl,26600,原本の下段(括弧書き): 公共工事設計労務単価+必要経費(法定福利費の事業主負担額、労務管理費、宿舎費等)(参考値),2014-02,2014-02-01,mlit-roumu-h26,p17(横長の表) / p7(縦長の表),https://www.mlit.go.jp/common/001026047.pdf,PDL1.0,,
3ebfdc818d1cfd50,JP,labor,労務単価,潜水士,所定労働時間内8時間あたり,人日,pref,40,福岡県,,,,29600,JPY,labor_wage_8h,published_pdl,41600,原本の下段(括弧書き): 公共工事設計労務単価+必要経費(法定福利費の事業主負担額、労務管理費、宿舎費等)(参考値),2014-02,2014-02-01,mlit-roumu-h26,p17(横長の表) / p7(縦長の表),https://www.mlit.go.jp/common/001026047.pdf,PDL1.0,,
5d5c202353dc1565,JP,labor,労務単価,潜水連絡員,所定労働時間内8時間あたり,人日,pref,40,福岡県,,,,18600,JPY,labor_wage_8h,published_pdl,26200,原本の下段(括弧書き): 公共工事設計労務単価+必要経費(法定福利費の事業主負担額、労務管理費、宿舎費等)(参考値),2014-02,2014-02-01,mlit-roumu-h26,p17(横長の表) / p7(縦長の表),https://www.mlit.go.jp/common/001026047.pdf,PDL1.0,,
193db8dcae564d34,JP,labor,労務単価,潜水送気員,所定労働時間内8時間あたり,人日,pref,40,福岡県,,,,18700,JPY,labor_wage_8h,published_pdl,26300,原本の下段(括弧書き): 公共工事設計労務単価+必要経費(法定福利費の事業主負担額、労務管理費、宿舎費等)(参考値),2014-02,2014-02-01,mlit-roumu-h26,p17(横長の表) / p7(縦長の表),https://www.mlit.go.jp/common/001026047.pdf,PDL1.0,,
e5afe7e09920c25a,JP,labor,労務単価,山林砂防工,所定労働時間内8時間あたり,人日,pref,40,福岡県,,,,,JPY,labor_wage_8h,not_set,,,2014-02,2014-02-01,mlit-roumu-h26,p17(横長の表) / p8(縦長の表),https://www.mlit.go.jp/common/001026047.pdf,PDL1.0,,原本の表で『-』(この都道府県ではこの職種の単価を設定していない)
029883553b907d52,JP,labor,労務単価,軌道工,所定労働時間内8時間あたり,人日,pref,40,福岡県,,,,21500,JPY,labor_wage_8h,published_pdl,30200,原本の下段(括弧書き): 公共工事設計労務単価+必要経費(法定福利費の事業主負担額、労務管理費、宿舎費等)(参考値),2014-02,2014-02-01,mlit-roumu-h26,p17(横長の表) / p8(縦長の表),https://www.mlit.go.jp/common/001026047.pdf,PDL1.0,,
8065d3ce705984da,JP,labor,労務単価,型わく工,所定労働時間内8時間あたり,人日,pref,40,福岡県,,,,17300,JPY,labor_wage_8h,published_pdl,24300,原本の下段(括弧書き): 公共工事設計労務単価+必要経費(法定福利費の事業主負担額、労務管理費、宿舎費等)(参考値),2014-02,2014-02-01,mlit-roumu-h26,p17(横長の表) / p8(縦長の表),https://www.mlit.go.jp/common/001026047.pdf,PDL1.0,,
20bb0e6d8973cdb6,JP,labor,労務単価,大工,所定労働時間内8時間あたり,人日,pref,40,福岡県,,,,18300,JPY,labor_wage_8h,published_pdl,25700,原本の下段(括弧書き): 公共工事設計労務単価+必要経費(法定福利費の事業主負担額、労務管理費、宿舎費等)(参考値),2014-02,2014-02-01,mlit-roumu-h26,p17(横長の表) / p8(縦長の表),https://www.mlit.go.jp/common/001026047.pdf,PDL1.0,,
f24593fc99c7499c,JP,labor,労務単価,左官,所定労働時間内8時間あたり,人日,pref,40,福岡県,,,,17500,JPY,labor_wage_8h,published_pdl,24600,原本の下段(括弧書き): 公共工事設計労務単価+必要経費(法定福利費の事業主負担額、労務管理費、宿舎費等)(参考値),2014-02,2014-02-01,mlit-roumu-h26,p17(横長の表) / p8(縦長の表),https://www.mlit.go.jp/common/001026047.pdf,PDL1.0,,
e5c7d36b6b0af9ef,JP,labor,労務単価,配管工,所定労働時間内8時間あたり,人日,pref,40,福岡県,,,,16300,JPY,labor_wage_8h,published_pdl,22900,原本の下段(括弧書き): 公共工事設計労務単価+必要経費(法定福利費の事業主負担額、労務管理費、宿舎費等)(参考値),2014-02,2014-02-01,mlit-roumu-h26,p17(横長の表) / p8(縦長の表),https://www.mlit.go.jp/common/001026047.pdf,PDL1.0,,
9d155ea86269dd35,JP,labor,労務単価,はつり工,所定労働時間内8時間あたり,人日,pref,40,福岡県,,,,16400,JPY,labor_wage_8h,published_pdl,23100,原本の下段(括弧書き): 公共工事設計労務単価+必要経費(法定福利費の事業主負担額、労務管理費、宿舎費等)(参考値),2014-02,2014-02-01,mlit-roumu-h26,p17(横長の表) / p8(縦長の表),https://www.mlit.go.jp/common/001026047.pdf,PDL1.0,,
761122fc626fd82b,JP,labor,労務単価,防水工,所定労働時間内8時間あたり,人日,pref,40,福岡県,,,,17200,JPY,labor_wage_8h,published_pdl,24200,原本の下段(括弧書き): 公共工事設計労務単価+必要経費(法定福利費の事業主負担額、労務管理費、宿舎費等)(参考値),2014-02,2014-02-01,mlit-roumu-h26,p17(横長の表) / p8(縦長の表),https://www.mlit.go.jp/common/001026047.pdf,PDL1.0,,
004f7df1c572f70d,JP,labor,労務単価,板金工,所定労働時間内8時間あたり,人日,pref,40,福岡県,,,,15800,JPY,labor_wage_8h,published_pdl,22200,原本の下段(括弧書き): 公共工事設計労務単価+必要経費(法定福利費の事業主負担額、労務管理費、宿舎費等)(参考値),2014-02,2014-02-01,mlit-roumu-h26,p17(横長の表) / p8(縦長の表),https://www.mlit.go.jp/common/001026047.pdf,PDL1.0,,
a0251f42dd16721d,JP,labor,労務単価,タイル工,所定労働時間内8時間あたり,人日,pref,40,福岡県,,,,20300,JPY,labor_wage_8h,published_pdl,28500,原本の下段(括弧書き): 公共工事設計労務単価+必要経費(法定福利費の事業主負担額、労務管理費、宿舎費等)(参考値),2014-02,2014-02-01,mlit-roumu-h26,p17(横長の表) / p8(縦長の表),https://www.mlit.go.jp/common/001026047.pdf,PDL1.0,,
f9475a4432a29ff6,JP,labor,労務単価,サッシ工,所定労働時間内8時間あたり,人日,pref,40,福岡県,,,,21800,JPY,labor_wage_8h,published_pdl,30700,原本の下段(括弧書き): 公共工事設計労務単価+必要経費(法定福利費の事業主負担額、労務管理費、宿舎費等)(参考値),2014-02,2014-02-01,mlit-roumu-h26,p18(横長の表) / p9(縦長の表),https://www.mlit.go.jp/common/001026047.pdf,PDL1.0,,
911e7153a6b319da,JP,labor,労務単価,内装工,所定労働時間内8時間あたり,人日,pref,40,福岡県,,,,17400,JPY,labor_wage_8h,published_pdl,24500,原本の下段(括弧書き): 公共工事設計労務単価+必要経費(法定福利費の事業主負担額、労務管理費、宿舎費等)(参考値),2014-02,2014-02-01,mlit-roumu-h26,p18(横長の表) / p9(縦長の表),https://www.mlit.go.jp/common/001026047.pdf,PDL1.0,,
3483bcf83722ca14,JP,labor,労務単価,ガラス工,所定労働時間内8時間あたり,人日,pref,40,福岡県,,,,17400,JPY,labor_wage_8h,published_pdl,24500,原本の下段(括弧書き): 公共工事設計労務単価+必要経費(法定福利費の事業主負担額、労務管理費、宿舎費等)(参考値),2014-02,2014-02-01,mlit-roumu-h26,p18(横長の表) / p9(縦長の表),https://www.mlit.go.jp/common/001026047.pdf,PDL1.0,,
670caf9559d7ff0d,JP,labor,労務単価,建具工,所定労働時間内8時間あたり,人日,pref,40,福岡県,,,,15300,JPY,labor_wage_8h,published_pdl,21500,原本の下段(括弧書き): 公共工事設計労務単価+必要経費(法定福利費の事業主負担額、労務管理費、宿舎費等)(参考値),2014-02,2014-02-01,mlit-roumu-h26,p18(横長の表) / p9(縦長の表),https://www.mlit.go.jp/common/001026047.pdf,PDL1.0,,
995abc080af90e2c,JP,labor,労務単価,ダクト工,所定労働時間内8時間あたり,人日,pref,40,福岡県,,,,14800,JPY,labor_wage_8h,published_pdl,20800,原本の下段(括弧書き): 公共工事設計労務単価+必要経費(法定福利費の事業主負担額、労務管理費、宿舎費等)(参考値),2014-02,2014-02-01,mlit-roumu-h26,p18(横長の表) / p9(縦長の表),https://www.mlit.go.jp/common/001026047.pdf,PDL1.0,,
92efc3b468c595a7,JP,labor,労務単価,保温工,所定労働時間内8時間あたり,人日,pref,40,福岡県,,,,17100,JPY,labor_wage_8h,published_pdl,24000,原本の下段(括弧書き): 公共工事設計労務単価+必要経費(法定福利費の事業主負担額、労務管理費、宿舎費等)(参考値),2014-02,2014-02-01,mlit-roumu-h26,p18(横長の表) / p9(縦長の表),https://www.mlit.go.jp/common/001026047.pdf,PDL1.0,,
b28e35faa01d4e0f,JP,labor,労務単価,建築ブロック工,所定労働時間内8時間あたり,人日,pref,40,福岡県,,,,,JPY,labor_wage_8h,not_set,,,2014-02,2014-02-01,mlit-roumu-h26,p18(横長の表) / p9(縦長の表),https://www.mlit.go.jp/common/001026047.pdf,PDL1.0,,原本の表で『-』(この都道府県ではこの職種の単価を設定していない)
463e92108877c90b,JP,labor,労務単価,設備機械工,所定労働時間内8時間あたり,人日,pref,40,福岡県,,,,17600,JPY,labor_wage_8h,published_pdl,24700,原本の下段(括弧書き): 公共工事設計労務単価+必要経費(法定福利費の事業主負担額、労務管理費、宿舎費等)(参考値),2014-02,2014-02-01,mlit-roumu-h26,p18(横長の表) / p9(縦長の表),https://www.mlit.go.jp/common/001026047.pdf,PDL1.0,,
bbc2870f8aa6a4fe,JP,labor,労務単価,交通誘導警備員Ａ,所定労働時間内8時間あたり,人日,pref,40,福岡県,,,,9700,JPY,labor_wage_8h,published_pdl,13600,原本の下段(括弧書き): 公共工事設計労務単価+必要経費(法定福利費の事業主負担額、労務管理費、宿舎費等)(参考値),2014-02,2014-02-01,mlit-roumu-h26,p18(横長の表) / p9(縦長の表),https://www.mlit.go.jp/common/001026047.pdf,PDL1.0,,
403047ce2ff14a68,JP,labor,労務単価,交通誘導警備員Ｂ,所定労働時間内8時間あたり,人日,pref,40,福岡県,,,,8800,JPY,labor_wage_8h,published_pdl,12400,原本の下段(括弧書き): 公共工事設計労務単価+必要経費(法定福利費の事業主負担額、労務管理費、宿舎費等)(参考値),2014-02,2014-02-01,mlit-roumu-h26,p18(横長の表) / p9(縦長の表),https://www.mlit.go.jp/common/001026047.pdf,PDL1.0,,
e49ac13fae055345,JP,labor,労務単価,特殊作業員,所定労働時間内8時間あたり,人日,pref,41,佐賀県,,,,15400,JPY,labor_wage_8h,published_pdl,21700,原本の下段(括弧書き): 公共工事設計労務単価+必要経費(法定福利費の事業主負担額、労務管理費、宿舎費等)(参考値),2014-02,2014-02-01,mlit-roumu-h26,p16(横長の表) / p5(縦長の表),https://www.mlit.go.jp/common/001026047.pdf,PDL1.0,,
638be1f3ce94257b,JP,labor,労務単価,普通作業員,所定労働時間内8時間あたり,人日,pref,41,佐賀県,,,,13300,JPY,labor_wage_8h,published_pdl,18700,原本の下段(括弧書き): 公共工事設計労務単価+必要経費(法定福利費の事業主負担額、労務管理費、宿舎費等)(参考値),2014-02,2014-02-01,mlit-roumu-h26,p16(横長の表) / p5(縦長の表),https://www.mlit.go.jp/common/001026047.pdf,PDL1.0,,
e36197d1cdfa140c,JP,labor,労務単価,軽作業員,所定労働時間内8時間あたり,人日,pref,41,佐賀県,,,,10500,JPY,labor_wage_8h,published_pdl,14800,原本の下段(括弧書き): 公共工事設計労務単価+必要経費(法定福利費の事業主負担額、労務管理費、宿舎費等)(参考値),2014-02,2014-02-01,mlit-roumu-h26,p16(横長の表) / p5(縦長の表),https://www.mlit.go.jp/common/001026047.pdf,PDL1.0,,
8aae76c0deb1ce2b,JP,labor,労務単価,造園工,所定労働時間内8時間あたり,人日,pref,41,佐賀県,,,,16000,JPY,labor_wage_8h,published_pdl,22500,原本の下段(括弧書き): 公共工事設計労務単価+必要経費(法定福利費の事業主負担額、労務管理費、宿舎費等)(参考値),2014-02,2014-02-01,mlit-roumu-h26,p16(横長の表) / p5(縦長の表),https://www.mlit.go.jp/common/001026047.pdf,PDL1.0,,
e884703aad7673cc,JP,labor,労務単価,法面工,所定労働時間内8時間あたり,人日,pref,41,佐賀県,,,,18100,JPY,labor_wage_8h,published_pdl,25400,原本の下段(括弧書き): 公共工事設計労務単価+必要経費(法定福利費の事業主負担額、労務管理費、宿舎費等)(参考値),2014-02,2014-02-01,mlit-roumu-h26,p16(横長の表) / p5(縦長の表),https://www.mlit.go.jp/common/001026047.pdf,PDL1.0,,
d1dc52aac98e646a,JP,labor,労務単価,とび工,所定労働時間内8時間あたり,人日,pref,41,佐賀県,,,,16700,JPY,labor_wage_8h,published_pdl,23500,原本の下段(括弧書き): 公共工事設計労務単価+必要経費(法定福利費の事業主負担額、労務管理費、宿舎費等)(参考値),2014-02,2014-02-01,mlit-roumu-h26,p16(横長の表) / p5(縦長の表),https://www.mlit.go.jp/common/001026047.pdf,PDL1.0,,
8385fc13122957c0,JP,labor,労務単価,石工,所定労働時間内8時間あたり,人日,pref,41,佐賀県,,,,21400,JPY,labor_wage_8h,published_pdl,30100,原本の下段(括弧書き): 公共工事設計労務単価+必要経費(法定福利費の事業主負担額、労務管理費、宿舎費等)(参考値),2014-02,2014-02-01,mlit-roumu-h26,p16(横長の表) / p5(縦長の表),https://www.mlit.go.jp/common/001026047.pdf,PDL1.0,,
053c940e1cf1d10b,JP,labor,労務単価,ブロック工,所定労働時間内8時間あたり,人日,pref,41,佐賀県,,,,20500,JPY,labor_wage_8h,published_pdl,28800,原本の下段(括弧書き): 公共工事設計労務単価+必要経費(法定福利費の事業主負担額、労務管理費、宿舎費等)(参考値),2014-02,2014-02-01,mlit-roumu-h26,p16(横長の表) / p5(縦長の表),https://www.mlit.go.jp/common/001026047.pdf,PDL1.0,,
fd7db341a55e13e3,JP,labor,労務単価,電工,所定労働時間内8時間あたり,人日,pref,41,佐賀県,,,,17000,JPY,labor_wage_8h,published_pdl,23900,原本の下段(括弧書き): 公共工事設計労務単価+必要経費(法定福利費の事業主負担額、労務管理費、宿舎費等)(参考値),2014-02,2014-02-01,mlit-roumu-h26,p16(横長の表) / p5(縦長の表),https://www.mlit.go.jp/common/001026047.pdf,PDL1.0,,
fe68155d4c608b35,JP,labor,労務単価,鉄筋工,所定労働時間内8時間あたり,人日,pref,41,佐賀県,,,,16900,JPY,labor_wage_8h,published_pdl,23800,原本の下段(括弧書き): 公共工事設計労務単価+必要経費(法定福利費の事業主負担額、労務管理費、宿舎費等)(参考値),2014-02,2014-02-01,mlit-roumu-h26,p16(横長の表) / p5(縦長の表),https://www.mlit.go.jp/common/001026047.pdf,PDL1.0,,
ea61d4d4dc58163d,JP,labor,労務単価,鉄骨工,所定労働時間内8時間あたり,人日,pref,41,佐賀県,,,,15800,JPY,labor_wage_8h,published_pdl,22200,原本の下段(括弧書き): 公共工事設計労務単価+必要経費(法定福利費の事業主負担額、労務管理費、宿舎費等)(参考値),2014-02,2014-02-01,mlit-roumu-h26,p16(横長の表) / p6(縦長の表),https://www.mlit.go.jp/common/001026047.pdf,PDL1.0,,
c6f39b51c6c01e93,JP,labor,労務単価,塗装工,所定労働時間内8時間あたり,人日,pref,41,佐賀県,,,,18200,JPY,labor_wage_8h,published_pdl,25600,原本の下段(括弧書き): 公共工事設計労務単価+必要経費(法定福利費の事業主負担額、労務管理費、宿舎費等)(参考値),2014-02,2014-02-01,mlit-roumu-h26,p16(横長の表) / p6(縦長の表),https://www.mlit.go.jp/common/001026047.pdf,PDL1.0,,
400a1e6606599b03,JP,labor,労務単価,溶接工,所定労働時間内8時間あたり,人日,pref,41,佐賀県,,,,18300,JPY,labor_wage_8h,published_pdl,25700,原本の下段(括弧書き): 公共工事設計労務単価+必要経費(法定福利費の事業主負担額、労務管理費、宿舎費等)(参考値),2014-02,2014-02-01,mlit-roumu-h26,p16(横長の表) / p6(縦長の表),https://www.mlit.go.jp/common/001026047.pdf,PDL1.0,,
70c5de60fd8687b0,JP,labor,労務単価,運転手（特殊）,所定労働時間内8時間あたり,人日,pref,41,佐賀県,,,,18800,JPY,labor_wage_8h,published_pdl,26400,原本の下段(括弧書き): 公共工事設計労務単価+必要経費(法定福利費の事業主負担額、労務管理費、宿舎費等)(参考値),2014-02,2014-02-01,mlit-roumu-h26,p16(横長の表) / p6(縦長の表),https://www.mlit.go.jp/common/001026047.pdf,PDL1.0,,
1b0d6d6b8f3a8270,JP,labor,労務単価,運転手（一般）,所定労働時間内8時間あたり,人日,pref,41,佐賀県,,,,15200,JPY,labor_wage_8h,published_pdl,21400,原本の下段(括弧書き): 公共工事設計労務単価+必要経費(法定福利費の事業主負担額、労務管理費、宿舎費等)(参考値),2014-02,2014-02-01,mlit-roumu-h26,p16(横長の表) / p6(縦長の表),https://www.mlit.go.jp/common/001026047.pdf,PDL1.0,,
21a07383a5153cc8,JP,labor,労務単価,潜かん工,所定労働時間内8時間あたり,人日,pref,41,佐賀県,,,,25600,JPY,labor_wage_8h,published_pdl,36000,原本の下段(括弧書き): 公共工事設計労務単価+必要経費(法定福利費の事業主負担額、労務管理費、宿舎費等)(参考値),2014-02,2014-02-01,mlit-roumu-h26,p16(横長の表) / p6(縦長の表),https://www.mlit.go.jp/common/001026047.pdf,PDL1.0,,
f77fa977284dfeb3,JP,labor,労務単価,潜かん世話役,所定労働時間内8時間あたり,人日,pref,41,佐賀県,,,,30300,JPY,labor_wage_8h,published_pdl,42600,原本の下段(括弧書き): 公共工事設計労務単価+必要経費(法定福利費の事業主負担額、労務管理費、宿舎費等)(参考値),2014-02,2014-02-01,mlit-roumu-h26,p16(横長の表) / p6(縦長の表),https://www.mlit.go.jp/common/001026047.pdf,PDL1.0,,
4ed1fcd17f7ec3ff,JP,labor,労務単価,さく岩工,所定労働時間内8時間あたり,人日,pref,41,佐賀県,,,,23200,JPY,labor_wage_8h,published_pdl,32600,原本の下段(括弧書き): 公共工事設計労務単価+必要経費(法定福利費の事業主負担額、労務管理費、宿舎費等)(参考値),2014-02,2014-02-01,mlit-roumu-h26,p16(横長の表) / p6(縦長の表),https://www.mlit.go.jp/common/001026047.pdf,PDL1.0,,
ace5066f5b2a0fca,JP,labor,労務単価,トンネル特殊工,所定労働時間内8時間あたり,人日,pref,41,佐賀県,,,,22800,JPY,labor_wage_8h,published_pdl,32100,原本の下段(括弧書き): 公共工事設計労務単価+必要経費(法定福利費の事業主負担額、労務管理費、宿舎費等)(参考値),2014-02,2014-02-01,mlit-roumu-h26,p16(横長の表) / p6(縦長の表),https://www.mlit.go.jp/common/001026047.pdf,PDL1.0,,
c2cacc5a68931537,JP,labor,労務単価,トンネル作業員,所定労働時間内8時間あたり,人日,pref,41,佐賀県,,,,18400,JPY,labor_wage_8h,published_pdl,25900,原本の下段(括弧書き): 公共工事設計労務単価+必要経費(法定福利費の事業主負担額、労務管理費、宿舎費等)(参考値),2014-02,2014-02-01,mlit-roumu-h26,p16(横長の表) / p6(縦長の表),https://www.mlit.go.jp/common/001026047.pdf,PDL1.0,,
c31872738cac10b5,JP,labor,労務単価,トンネル世話役,所定労働時間内8時間あたり,人日,pref,41,佐賀県,,,,25600,JPY,labor_wage_8h,published_pdl,36000,原本の下段(括弧書き): 公共工事設計労務単価+必要経費(法定福利費の事業主負担額、労務管理費、宿舎費等)(参考値),2014-02,2014-02-01,mlit-roumu-h26,p17(横長の表) / p7(縦長の表),https://www.mlit.go.jp/common/001026047.pdf,PDL1.0,,
e8868981dc71326d,JP,labor,労務単価,橋りょう特殊工,所定労働時間内8時間あたり,人日,pref,41,佐賀県,,,,20800,JPY,labor_wage_8h,published_pdl,29200,原本の下段(括弧書き): 公共工事設計労務単価+必要経費(法定福利費の事業主負担額、労務管理費、宿舎費等)(参考値),2014-02,2014-02-01,mlit-roumu-h26,p17(横長の表) / p7(縦長の表),https://www.mlit.go.jp/common/001026047.pdf,PDL1.0,,
1acea755e206bfb7,JP,labor,労務単価,橋りょう塗装工,所定労働時間内8時間あたり,人日,pref,41,佐賀県,,,,22900,JPY,labor_wage_8h,published_pdl,32200,原本の下段(括弧書き): 公共工事設計労務単価+必要経費(法定福利費の事業主負担額、労務管理費、宿舎費等)(参考値),2014-02,2014-02-01,mlit-roumu-h26,p17(横長の表) / p7(縦長の表),https://www.mlit.go.jp/common/001026047.pdf,PDL1.0,,
43420000cde75ef2,JP,labor,労務単価,橋りょう世話役,所定労働時間内8時間あたり,人日,pref,41,佐賀県,,,,25800,JPY,labor_wage_8h,published_pdl,36300,原本の下段(括弧書き): 公共工事設計労務単価+必要経費(法定福利費の事業主負担額、労務管理費、宿舎費等)(参考値),2014-02,2014-02-01,mlit-roumu-h26,p17(横長の表) / p7(縦長の表),https://www.mlit.go.jp/common/001026047.pdf,PDL1.0,,
92c8ab3a113ee164,JP,labor,労務単価,土木一般世話役,所定労働時間内8時間あたり,人日,pref,41,佐賀県,,,,18900,JPY,labor_wage_8h,published_pdl,26600,原本の下段(括弧書き): 公共工事設計労務単価+必要経費(法定福利費の事業主負担額、労務管理費、宿舎費等)(参考値),2014-02,2014-02-01,mlit-roumu-h26,p17(横長の表) / p7(縦長の表),https://www.mlit.go.jp/common/001026047.pdf,PDL1.0,,
2667a8ef8d903c70,JP,labor,労務単価,高級船員,所定労働時間内8時間あたり,人日,pref,41,佐賀県,,,,23800,JPY,labor_wage_8h,published_pdl,33500,原本の下段(括弧書き): 公共工事設計労務単価+必要経費(法定福利費の事業主負担額、労務管理費、宿舎費等)(参考値),2014-02,2014-02-01,mlit-roumu-h26,p17(横長の表) / p7(縦長の表),https://www.mlit.go.jp/common/001026047.pdf,PDL1.0,,
6dde6ecbe62181c0,JP,labor,労務単価,普通船員,所定労働時間内8時間あたり,人日,pref,41,佐賀県,,,,18900,JPY,labor_wage_8h,published_pdl,26600,原本の下段(括弧書き): 公共工事設計労務単価+必要経費(法定福利費の事業主負担額、労務管理費、宿舎費等)(参考値),2014-02,2014-02-01,mlit-roumu-h26,p17(横長の表) / p7(縦長の表),https://www.mlit.go.jp/common/001026047.pdf,PDL1.0,,
8425c1100f0cd407,JP,labor,労務単価,潜水士,所定労働時間内8時間あたり,人日,pref,41,佐賀県,,,,29600,JPY,labor_wage_8h,published_pdl,41600,原本の下段(括弧書き): 公共工事設計労務単価+必要経費(法定福利費の事業主負担額、労務管理費、宿舎費等)(参考値),2014-02,2014-02-01,mlit-roumu-h26,p17(横長の表) / p7(縦長の表),https://www.mlit.go.jp/common/001026047.pdf,PDL1.0,,
9b78079d5d76f7c9,JP,labor,労務単価,潜水連絡員,所定労働時間内8時間あたり,人日,pref,41,佐賀県,,,,18600,JPY,labor_wage_8h,published_pdl,26200,原本の下段(括弧書き): 公共工事設計労務単価+必要経費(法定福利費の事業主負担額、労務管理費、宿舎費等)(参考値),2014-02,2014-02-01,mlit-roumu-h26,p17(横長の表) / p7(縦長の表),https://www.mlit.go.jp/common/001026047.pdf,PDL1.0,,
f444443d7ff342f7,JP,labor,労務単価,潜水送気員,所定労働時間内8時間あたり,人日,pref,41,佐賀県,,,,18700,JPY,labor_wage_8h,published_pdl,26300,原本の下段(括弧書き): 公共工事設計労務単価+必要経費(法定福利費の事業主負担額、労務管理費、宿舎費等)(参考値),2014-02,2014-02-01,mlit-roumu-h26,p17(横長の表) / p7(縦長の表),https://www.mlit.go.jp/common/001026047.pdf,PDL1.0,,
2fb4a55f2da31ce3,JP,labor,労務単価,山林砂防工,所定労働時間内8時間あたり,人日,pref,41,佐賀県,,,,,JPY,labor_wage_8h,not_set,,,2014-02,2014-02-01,mlit-roumu-h26,p17(横長の表) / p8(縦長の表),https://www.mlit.go.jp/common/001026047.pdf,PDL1.0,,原本の表で『-』(この都道府県ではこの職種の単価を設定していない)
d0113371147b7e4d,JP,labor,労務単価,軌道工,所定労働時間内8時間あたり,人日,pref,41,佐賀県,,,,21400,JPY,labor_wage_8h,published_pdl,30100,原本の下段(括弧書き): 公共工事設計労務単価+必要経費(法定福利費の事業主負担額、労務管理費、宿舎費等)(参考値),2014-02,2014-02-01,mlit-roumu-h26,p17(横長の表) / p8(縦長の表),https://www.mlit.go.jp/common/001026047.pdf,PDL1.0,,
b609ec37195c2f8c,JP,labor,労務単価,型わく工,所定労働時間内8時間あたり,人日,pref,41,佐賀県,,,,18600,JPY,labor_wage_8h,published_pdl,26200,原本の下段(括弧書き): 公共工事設計労務単価+必要経費(法定福利費の事業主負担額、労務管理費、宿舎費等)(参考値),2014-02,2014-02-01,mlit-roumu-h26,p17(横長の表) / p8(縦長の表),https://www.mlit.go.jp/common/001026047.pdf,PDL1.0,,
b8d73c89b6ed5d01,JP,labor,労務単価,大工,所定労働時間内8時間あたり,人日,pref,41,佐賀県,,,,18300,JPY,labor_wage_8h,published_pdl,25700,原本の下段(括弧書き): 公共工事設計労務単価+必要経費(法定福利費の事業主負担額、労務管理費、宿舎費等)(参考値),2014-02,2014-02-01,mlit-roumu-h26,p17(横長の表) / p8(縦長の表),https://www.mlit.go.jp/common/001026047.pdf,PDL1.0,,
37ddb8deefd3a685,JP,labor,労務単価,左官,所定労働時間内8時間あたり,人日,pref,41,佐賀県,,,,17600,JPY,labor_wage_8h,published_pdl,24700,原本の下段(括弧書き): 公共工事設計労務単価+必要経費(法定福利費の事業主負担額、労務管理費、宿舎費等)(参考値),2014-02,2014-02-01,mlit-roumu-h26,p17(横長の表) / p8(縦長の表),https://www.mlit.go.jp/common/001026047.pdf,PDL1.0,,
2f1fd0f624336608,JP,labor,労務単価,配管工,所定労働時間内8時間あたり,人日,pref,41,佐賀県,,,,15700,JPY,labor_wage_8h,published_pdl,22100,原本の下段(括弧書き): 公共工事設計労務単価+必要経費(法定福利費の事業主負担額、労務管理費、宿舎費等)(参考値),2014-02,2014-02-01,mlit-roumu-h26,p17(横長の表) / p8(縦長の表),https://www.mlit.go.jp/common/001026047.pdf,PDL1.0,,
68062b13fd1deb35,JP,labor,労務単価,はつり工,所定労働時間内8時間あたり,人日,pref,41,佐賀県,,,,15800,JPY,labor_wage_8h,published_pdl,22200,原本の下段(括弧書き): 公共工事設計労務単価+必要経費(法定福利費の事業主負担額、労務管理費、宿舎費等)(参考値),2014-02,2014-02-01,mlit-roumu-h26,p17(横長の表) / p8(縦長の表),https://www.mlit.go.jp/common/001026047.pdf,PDL1.0,,
81d596f85492ed1f,JP,labor,労務単価,防水工,所定労働時間内8時間あたり,人日,pref,41,佐賀県,,,,17300,JPY,labor_wage_8h,published_pdl,24300,原本の下段(括弧書き): 公共工事設計労務単価+必要経費(法定福利費の事業主負担額、労務管理費、宿舎費等)(参考値),2014-02,2014-02-01,mlit-roumu-h26,p17(横長の表) / p8(縦長の表),https://www.mlit.go.jp/common/001026047.pdf,PDL1.0,,
ab62f1715f74dc33,JP,labor,労務単価,板金工,所定労働時間内8時間あたり,人日,pref,41,佐賀県,,,,15800,JPY,labor_wage_8h,published_pdl,22200,原本の下段(括弧書き): 公共工事設計労務単価+必要経費(法定福利費の事業主負担額、労務管理費、宿舎費等)(参考値),2014-02,2014-02-01,mlit-roumu-h26,p17(横長の表) / p8(縦長の表),https://www.mlit.go.jp/common/001026047.pdf,PDL1.0,,
1e9a3e724f123e24,JP,labor,労務単価,タイル工,所定労働時間内8時間あたり,人日,pref,41,佐賀県,,,,20300,JPY,labor_wage_8h,published_pdl,28500,原本の下段(括弧書き): 公共工事設計労務単価+必要経費(法定福利費の事業主負担額、労務管理費、宿舎費等)(参考値),2014-02,2014-02-01,mlit-roumu-h26,p17(横長の表) / p8(縦長の表),https://www.mlit.go.jp/common/001026047.pdf,PDL1.0,,
c925dc2802faa5e4,JP,labor,労務単価,サッシ工,所定労働時間内8時間あたり,人日,pref,41,佐賀県,,,,21800,JPY,labor_wage_8h,published_pdl,30700,原本の下段(括弧書き): 公共工事設計労務単価+必要経費(法定福利費の事業主負担額、労務管理費、宿舎費等)(参考値),2014-02,2014-02-01,mlit-roumu-h26,p18(横長の表) / p9(縦長の表),https://www.mlit.go.jp/common/001026047.pdf,PDL1.0,,
3aa59c2f1a4e8ae0,JP,labor,労務単価,内装工,所定労働時間内8時間あたり,人日,pref,41,佐賀県,,,,17400,JPY,labor_wage_8h,published_pdl,24500,原本の下段(括弧書き): 公共工事設計労務単価+必要経費(法定福利費の事業主負担額、労務管理費、宿舎費等)(参考値),2014-02,2014-02-01,mlit-roumu-h26,p18(横長の表) / p9(縦長の表),https://www.mlit.go.jp/common/001026047.pdf,PDL1.0,,
015cf982aa26366d,JP,labor,労務単価,ガラス工,所定労働時間内8時間あたり,人日,pref,41,佐賀県,,,,17400,JPY,labor_wage_8h,published_pdl,24500,原本の下段(括弧書き): 公共工事設計労務単価+必要経費(法定福利費の事業主負担額、労務管理費、宿舎費等)(参考値),2014-02,2014-02-01,mlit-roumu-h26,p18(横長の表) / p9(縦長の表),https://www.mlit.go.jp/common/001026047.pdf,PDL1.0,,
a24ed7e6c6386482,JP,labor,労務単価,建具工,所定労働時間内8時間あたり,人日,pref,41,佐賀県,,,,14700,JPY,labor_wage_8h,published_pdl,20700,原本の下段(括弧書き): 公共工事設計労務単価+必要経費(法定福利費の事業主負担額、労務管理費、宿舎費等)(参考値),2014-02,2014-02-01,mlit-roumu-h26,p18(横長の表) / p9(縦長の表),https://www.mlit.go.jp/common/001026047.pdf,PDL1.0,,
d4378fa793a41625,JP,labor,労務単価,ダクト工,所定労働時間内8時間あたり,人日,pref,41,佐賀県,,,,14400,JPY,labor_wage_8h,published_pdl,20200,原本の下段(括弧書き): 公共工事設計労務単価+必要経費(法定福利費の事業主負担額、労務管理費、宿舎費等)(参考値),2014-02,2014-02-01,mlit-roumu-h26,p18(横長の表) / p9(縦長の表),https://www.mlit.go.jp/common/001026047.pdf,PDL1.0,,
a50b36e0fae590c9,JP,labor,労務単価,保温工,所定労働時間内8時間あたり,人日,pref,41,佐賀県,,,,17100,JPY,labor_wage_8h,published_pdl,24000,原本の下段(括弧書き): 公共工事設計労務単価+必要経費(法定福利費の事業主負担額、労務管理費、宿舎費等)(参考値),2014-02,2014-02-01,mlit-roumu-h26,p18(横長の表) / p9(縦長の表),https://www.mlit.go.jp/common/001026047.pdf,PDL1.0,,
91d9dbdad17b3001,JP,labor,労務単価,建築ブロック工,所定労働時間内8時間あたり,人日,pref,41,佐賀県,,,,,JPY,labor_wage_8h,not_set,,,2014-02,2014-02-01,mlit-roumu-h26,p18(横長の表) / p9(縦長の表),https://www.mlit.go.jp/common/001026047.pdf,PDL1.0,,原本の表で『-』(この都道府県ではこの職種の単価を設定していない)
3a191f9459d0b0db,JP,labor,労務単価,設備機械工,所定労働時間内8時間あたり,人日,pref,41,佐賀県,,,,17400,JPY,labor_wage_8h,published_pdl,24500,原本の下段(括弧書き): 公共工事設計労務単価+必要経費(法定福利費の事業主負担額、労務管理費、宿舎費等)(参考値),2014-02,2014-02-01,mlit-roumu-h26,p18(横長の表) / p9(縦長の表),https://www.mlit.go.jp/common/001026047.pdf,PDL1.0,,
3b5f980fcd0e22ac,JP,labor,労務単価,交通誘導警備員Ａ,所定労働時間内8時間あたり,人日,pref,41,佐賀県,,,,9300,JPY,labor_wage_8h,published_pdl,13100,原本の下段(括弧書き): 公共工事設計労務単価+必要経費(法定福利費の事業主負担額、労務管理費、宿舎費等)(参考値),2014-02,2014-02-01,mlit-roumu-h26,p18(横長の表) / p9(縦長の表),https://www.mlit.go.jp/common/001026047.pdf,PDL1.0,,
ec094e3d206bac4b,JP,labor,労務単価,交通誘導警備員Ｂ,所定労働時間内8時間あたり,人日,pref,41,佐賀県,,,,8200,JPY,labor_wage_8h,published_pdl,11500,原本の下段(括弧書き): 公共工事設計労務単価+必要経費(法定福利費の事業主負担額、労務管理費、宿舎費等)(参考値),2014-02,2014-02-01,mlit-roumu-h26,p18(横長の表) / p9(縦長の表),https://www.mlit.go.jp/common/001026047.pdf,PDL1.0,,
5dcc72241c6a3446,JP,labor,労務単価,特殊作業員,所定労働時間内8時間あたり,人日,pref,42,長崎県,,,,15600,JPY,labor_wage_8h,published_pdl,21900,原本の下段(括弧書き): 公共工事設計労務単価+必要経費(法定福利費の事業主負担額、労務管理費、宿舎費等)(参考値),2014-02,2014-02-01,mlit-roumu-h26,p16(横長の表) / p5(縦長の表),https://www.mlit.go.jp/common/001026047.pdf,PDL1.0,,
3b36e2a5abcc3e75,JP,labor,労務単価,普通作業員,所定労働時間内8時間あたり,人日,pref,42,長崎県,,,,13400,JPY,labor_wage_8h,published_pdl,18800,原本の下段(括弧書き): 公共工事設計労務単価+必要経費(法定福利費の事業主負担額、労務管理費、宿舎費等)(参考値),2014-02,2014-02-01,mlit-roumu-h26,p16(横長の表) / p5(縦長の表),https://www.mlit.go.jp/common/001026047.pdf,PDL1.0,,
77db785d2e0194eb,JP,labor,労務単価,軽作業員,所定労働時間内8時間あたり,人日,pref,42,長崎県,,,,10700,JPY,labor_wage_8h,published_pdl,15000,原本の下段(括弧書き): 公共工事設計労務単価+必要経費(法定福利費の事業主負担額、労務管理費、宿舎費等)(参考値),2014-02,2014-02-01,mlit-roumu-h26,p16(横長の表) / p5(縦長の表),https://www.mlit.go.jp/common/001026047.pdf,PDL1.0,,
fd96011c34d934df,JP,labor,労務単価,造園工,所定労働時間内8時間あたり,人日,pref,42,長崎県,,,,15900,JPY,labor_wage_8h,published_pdl,22400,原本の下段(括弧書き): 公共工事設計労務単価+必要経費(法定福利費の事業主負担額、労務管理費、宿舎費等)(参考値),2014-02,2014-02-01,mlit-roumu-h26,p16(横長の表) / p5(縦長の表),https://www.mlit.go.jp/common/001026047.pdf,PDL1.0,,
0f761676d9bfc28b,JP,labor,労務単価,法面工,所定労働時間内8時間あたり,人日,pref,42,長崎県,,,,17800,JPY,labor_wage_8h,published_pdl,25000,原本の下段(括弧書き): 公共工事設計労務単価+必要経費(法定福利費の事業主負担額、労務管理費、宿舎費等)(参考値),2014-02,2014-02-01,mlit-roumu-h26,p16(横長の表) / p5(縦長の表),https://www.mlit.go.jp/common/001026047.pdf,PDL1.0,,
ae6422d4a257851d,JP,labor,労務単価,とび工,所定労働時間内8時間あたり,人日,pref,42,長崎県,,,,16500,JPY,labor_wage_8h,published_pdl,23200,原本の下段(括弧書き): 公共工事設計労務単価+必要経費(法定福利費の事業主負担額、労務管理費、宿舎費等)(参考値),2014-02,2014-02-01,mlit-roumu-h26,p16(横長の表) / p5(縦長の表),https://www.mlit.go.jp/common/001026047.pdf,PDL1.0,,
812092cb21c3218f,JP,labor,労務単価,石工,所定労働時間内8時間あたり,人日,pref,42,長崎県,,,,21400,JPY,labor_wage_8h,published_pdl,30100,原本の下段(括弧書き): 公共工事設計労務単価+必要経費(法定福利費の事業主負担額、労務管理費、宿舎費等)(参考値),2014-02,2014-02-01,mlit-roumu-h26,p16(横長の表) / p5(縦長の表),https://www.mlit.go.jp/common/001026047.pdf,PDL1.0,,
895170c96f1552f0,JP,labor,労務単価,ブロック工,所定労働時間内8時間あたり,人日,pref,42,長崎県,,,,20300,JPY,labor_wage_8h,published_pdl,28500,原本の下段(括弧書き): 公共工事設計労務単価+必要経費(法定福利費の事業主負担額、労務管理費、宿舎費等)(参考値),2014-02,2014-02-01,mlit-roumu-h26,p16(横長の表) / p5(縦長の表),https://www.mlit.go.jp/common/001026047.pdf,PDL1.0,,
f9e441c71f117fef,JP,labor,労務単価,電工,所定労働時間内8時間あたり,人日,pref,42,長崎県,,,,16100,JPY,labor_wage_8h,published_pdl,22600,原本の下段(括弧書き): 公共工事設計労務単価+必要経費(法定福利費の事業主負担額、労務管理費、宿舎費等)(参考値),2014-02,2014-02-01,mlit-roumu-h26,p16(横長の表) / p5(縦長の表),https://www.mlit.go.jp/common/001026047.pdf,PDL1.0,,
e77058ae49a83525,JP,labor,労務単価,鉄筋工,所定労働時間内8時間あたり,人日,pref,42,長崎県,,,,16300,JPY,labor_wage_8h,published_pdl,22900,原本の下段(括弧書き): 公共工事設計労務単価+必要経費(法定福利費の事業主負担額、労務管理費、宿舎費等)(参考値),2014-02,2014-02-01,mlit-roumu-h26,p16(横長の表) / p5(縦長の表),https://www.mlit.go.jp/common/001026047.pdf,PDL1.0,,
7a0dd70cbc45c842,JP,labor,労務単価,鉄骨工,所定労働時間内8時間あたり,人日,pref,42,長崎県,,,,15200,JPY,labor_wage_8h,published_pdl,21400,原本の下段(括弧書き): 公共工事設計労務単価+必要経費(法定福利費の事業主負担額、労務管理費、宿舎費等)(参考値),2014-02,2014-02-01,mlit-roumu-h26,p16(横長の表) / p6(縦長の表),https://www.mlit.go.jp/common/001026047.pdf,PDL1.0,,
0f495146ad3aae94,JP,labor,労務単価,塗装工,所定労働時間内8時間あたり,人日,pref,42,長崎県,,,,17300,JPY,labor_wage_8h,published_pdl,24300,原本の下段(括弧書き): 公共工事設計労務単価+必要経費(法定福利費の事業主負担額、労務管理費、宿舎費等)(参考値),2014-02,2014-02-01,mlit-roumu-h26,p16(横長の表) / p6(縦長の表),https://www.mlit.go.jp/common/001026047.pdf,PDL1.0,,
2fd47784117b0434,JP,labor,労務単価,溶接工,所定労働時間内8時間あたり,人日,pref,42,長崎県,,,,18000,JPY,labor_wage_8h,published_pdl,25300,原本の下段(括弧書き): 公共工事設計労務単価+必要経費(法定福利費の事業主負担額、労務管理費、宿舎費等)(参考値),2014-02,2014-02-01,mlit-roumu-h26,p16(横長の表) / p6(縦長の表),https://www.mlit.go.jp/common/001026047.pdf,PDL1.0,,
cf62e5eb858e3078,JP,labor,労務単価,運転手（特殊）,所定労働時間内8時間あたり,人日,pref,42,長崎県,,,,15300,JPY,labor_wage_8h,published_pdl,21500,原本の下段(括弧書き): 公共工事設計労務単価+必要経費(法定福利費の事業主負担額、労務管理費、宿舎費等)(参考値),2014-02,2014-02-01,mlit-roumu-h26,p16(横長の表) / p6(縦長の表),https://www.mlit.go.jp/common/001026047.pdf,PDL1.0,,
62fb4102dd0d8c46,JP,labor,労務単価,運転手（一般）,所定労働時間内8時間あたり,人日,pref,42,長崎県,,,,13900,JPY,labor_wage_8h,published_pdl,19500,原本の下段(括弧書き): 公共工事設計労務単価+必要経費(法定福利費の事業主負担額、労務管理費、宿舎費等)(参考値),2014-02,2014-02-01,mlit-roumu-h26,p16(横長の表) / p6(縦長の表),https://www.mlit.go.jp/common/001026047.pdf,PDL1.0,,
3828fe73905f4a2e,JP,labor,労務単価,潜かん工,所定労働時間内8時間あたり,人日,pref,42,長崎県,,,,25600,JPY,labor_wage_8h,published_pdl,36000,原本の下段(括弧書き): 公共工事設計労務単価+必要経費(法定福利費の事業主負担額、労務管理費、宿舎費等)(参考値),2014-02,2014-02-01,mlit-roumu-h26,p16(横長の表) / p6(縦長の表),https://www.mlit.go.jp/common/001026047.pdf,PDL1.0,,
094f0ba8bffb4aec,JP,labor,労務単価,潜かん世話役,所定労働時間内8時間あたり,人日,pref,42,長崎県,,,,30300,JPY,labor_wage_8h,published_pdl,42600,原本の下段(括弧書き): 公共工事設計労務単価+必要経費(法定福利費の事業主負担額、労務管理費、宿舎費等)(参考値),2014-02,2014-02-01,mlit-roumu-h26,p16(横長の表) / p6(縦長の表),https://www.mlit.go.jp/common/001026047.pdf,PDL1.0,,
4a3be47677fffc9d,JP,labor,労務単価,さく岩工,所定労働時間内8時間あたり,人日,pref,42,長崎県,,,,23200,JPY,labor_wage_8h,published_pdl,32600,原本の下段(括弧書き): 公共工事設計労務単価+必要経費(法定福利費の事業主負担額、労務管理費、宿舎費等)(参考値),2014-02,2014-02-01,mlit-roumu-h26,p16(横長の表) / p6(縦長の表),https://www.mlit.go.jp/common/001026047.pdf,PDL1.0,,
1861377d0f8b0431,JP,labor,労務単価,トンネル特殊工,所定労働時間内8時間あたり,人日,pref,42,長崎県,,,,23300,JPY,labor_wage_8h,published_pdl,32800,原本の下段(括弧書き): 公共工事設計労務単価+必要経費(法定福利費の事業主負担額、労務管理費、宿舎費等)(参考値),2014-02,2014-02-01,mlit-roumu-h26,p16(横長の表) / p6(縦長の表),https://www.mlit.go.jp/common/001026047.pdf,PDL1.0,,
de53d4bda20d61ec,JP,labor,労務単価,トンネル作業員,所定労働時間内8時間あたり,人日,pref,42,長崎県,,,,18400,JPY,labor_wage_8h,published_pdl,25900,原本の下段(括弧書き): 公共工事設計労務単価+必要経費(法定福利費の事業主負担額、労務管理費、宿舎費等)(参考値),2014-02,2014-02-01,mlit-roumu-h26,p16(横長の表) / p6(縦長の表),https://www.mlit.go.jp/common/001026047.pdf,PDL1.0,,
27a4e2084afe87fa,JP,labor,労務単価,トンネル世話役,所定労働時間内8時間あたり,人日,pref,42,長崎県,,,,25600,JPY,labor_wage_8h,published_pdl,36000,原本の下段(括弧書き): 公共工事設計労務単価+必要経費(法定福利費の事業主負担額、労務管理費、宿舎費等)(参考値),2014-02,2014-02-01,mlit-roumu-h26,p17(横長の表) / p7(縦長の表),https://www.mlit.go.jp/common/001026047.pdf,PDL1.0,,
d84433a42847d3a4,JP,labor,労務単価,橋りょう特殊工,所定労働時間内8時間あたり,人日,pref,42,長崎県,,,,20800,JPY,labor_wage_8h,published_pdl,29200,原本の下段(括弧書き): 公共工事設計労務単価+必要経費(法定福利費の事業主負担額、労務管理費、宿舎費等)(参考値),2014-02,2014-02-01,mlit-roumu-h26,p17(横長の表) / p7(縦長の表),https://www.mlit.go.jp/common/001026047.pdf,PDL1.0,,
ae6b706ebbb64f7f,JP,labor,労務単価,橋りょう塗装工,所定労働時間内8時間あたり,人日,pref,42,長崎県,,,,22600,JPY,labor_wage_8h,published_pdl,31800,原本の下段(括弧書き): 公共工事設計労務単価+必要経費(法定福利費の事業主負担額、労務管理費、宿舎費等)(参考値),2014-02,2014-02-01,mlit-roumu-h26,p17(横長の表) / p7(縦長の表),https://www.mlit.go.jp/common/001026047.pdf,PDL1.0,,
9723dcaf7351c14b,JP,labor,労務単価,橋りょう世話役,所定労働時間内8時間あたり,人日,pref,42,長崎県,,,,25700,JPY,labor_wage_8h,published_pdl,36100,原本の下段(括弧書き): 公共工事設計労務単価+必要経費(法定福利費の事業主負担額、労務管理費、宿舎費等)(参考値),2014-02,2014-02-01,mlit-roumu-h26,p17(横長の表) / p7(縦長の表),https://www.mlit.go.jp/common/001026047.pdf,PDL1.0,,
a437143072d6b241,JP,labor,労務単価,土木一般世話役,所定労働時間内8時間あたり,人日,pref,42,長崎県,,,,18600,JPY,labor_wage_8h,published_pdl,26200,原本の下段(括弧書き): 公共工事設計労務単価+必要経費(法定福利費の事業主負担額、労務管理費、宿舎費等)(参考値),2014-02,2014-02-01,mlit-roumu-h26,p17(横長の表) / p7(縦長の表),https://www.mlit.go.jp/common/001026047.pdf,PDL1.0,,
3ac8ed798704bff5,JP,labor,労務単価,高級船員,所定労働時間内8時間あたり,人日,pref,42,長崎県,,,,23800,JPY,labor_wage_8h,published_pdl,33500,原本の下段(括弧書き): 公共工事設計労務単価+必要経費(法定福利費の事業主負担額、労務管理費、宿舎費等)(参考値),2014-02,2014-02-01,mlit-roumu-h26,p17(横長の表) / p7(縦長の表),https://www.mlit.go.jp/common/001026047.pdf,PDL1.0,,
d9a6e5df2cb1dea6,JP,labor,労務単価,普通船員,所定労働時間内8時間あたり,人日,pref,42,長崎県,,,,18100,JPY,labor_wage_8h,published_pdl,25400,原本の下段(括弧書き): 公共工事設計労務単価+必要経費(法定福利費の事業主負担額、労務管理費、宿舎費等)(参考値),2014-02,2014-02-01,mlit-roumu-h26,p17(横長の表) / p7(縦長の表),https://www.mlit.go.jp/common/001026047.pdf,PDL1.0,,
7233a1f84d6d0d7c,JP,labor,労務単価,潜水士,所定労働時間内8時間あたり,人日,pref,42,長崎県,,,,29300,JPY,labor_wage_8h,published_pdl,41200,原本の下段(括弧書き): 公共工事設計労務単価+必要経費(法定福利費の事業主負担額、労務管理費、宿舎費等)(参考値),2014-02,2014-02-01,mlit-roumu-h26,p17(横長の表) / p7(縦長の表),https://www.mlit.go.jp/common/001026047.pdf,PDL1.0,,
eda4c79e75e8d8b0,JP,labor,労務単価,潜水連絡員,所定労働時間内8時間あたり,人日,pref,42,長崎県,,,,18400,JPY,labor_wage_8h,published_pdl,25900,原本の下段(括弧書き): 公共工事設計労務単価+必要経費(法定福利費の事業主負担額、労務管理費、宿舎費等)(参考値),2014-02,2014-02-01,mlit-roumu-h26,p17(横長の表) / p7(縦長の表),https://www.mlit.go.jp/common/001026047.pdf,PDL1.0,,
ac86067c89e27471,JP,labor,労務単価,潜水送気員,所定労働時間内8時間あたり,人日,pref,42,長崎県,,,,18500,JPY,labor_wage_8h,published_pdl,26000,原本の下段(括弧書き): 公共工事設計労務単価+必要経費(法定福利費の事業主負担額、労務管理費、宿舎費等)(参考値),2014-02,2014-02-01,mlit-roumu-h26,p17(横長の表) / p7(縦長の表),https://www.mlit.go.jp/common/001026047.pdf,PDL1.0,,
67d8211ebf9b7391,JP,labor,労務単価,山林砂防工,所定労働時間内8時間あたり,人日,pref,42,長崎県,,,,,JPY,labor_wage_8h,not_set,,,2014-02,2014-02-01,mlit-roumu-h26,p17(横長の表) / p8(縦長の表),https://www.mlit.go.jp/common/001026047.pdf,PDL1.0,,原本の表で『-』(この都道府県ではこの職種の単価を設定していない)
b45c31dd1f7b0be2,JP,labor,労務単価,軌道工,所定労働時間内8時間あたり,人日,pref,42,長崎県,,,,22000,JPY,labor_wage_8h,published_pdl,30900,原本の下段(括弧書き): 公共工事設計労務単価+必要経費(法定福利費の事業主負担額、労務管理費、宿舎費等)(参考値),2014-02,2014-02-01,mlit-roumu-h26,p17(横長の表) / p8(縦長の表),https://www.mlit.go.jp/common/001026047.pdf,PDL1.0,,
0ec5d8fb5021ac01,JP,labor,労務単価,型わく工,所定労働時間内8時間あたり,人日,pref,42,長崎県,,,,17000,JPY,labor_wage_8h,published_pdl,23900,原本の下段(括弧書き): 公共工事設計労務単価+必要経費(法定福利費の事業主負担額、労務管理費、宿舎費等)(参考値),2014-02,2014-02-01,mlit-roumu-h26,p17(横長の表) / p8(縦長の表),https://www.mlit.go.jp/common/001026047.pdf,PDL1.0,,
54d0290dd8a17056,JP,labor,労務単価,大工,所定労働時間内8時間あたり,人日,pref,42,長崎県,,,,18200,JPY,labor_wage_8h,published_pdl,25600,原本の下段(括弧書き): 公共工事設計労務単価+必要経費(法定福利費の事業主負担額、労務管理費、宿舎費等)(参考値),2014-02,2014-02-01,mlit-roumu-h26,p17(横長の表) / p8(縦長の表),https://www.mlit.go.jp/common/001026047.pdf,PDL1.0,,
faccbbc1b3d7a3e3,JP,labor,労務単価,左官,所定労働時間内8時間あたり,人日,pref,42,長崎県,,,,17400,JPY,labor_wage_8h,published_pdl,24500,原本の下段(括弧書き): 公共工事設計労務単価+必要経費(法定福利費の事業主負担額、労務管理費、宿舎費等)(参考値),2014-02,2014-02-01,mlit-roumu-h26,p17(横長の表) / p8(縦長の表),https://www.mlit.go.jp/common/001026047.pdf,PDL1.0,,
c5d6330036888f5a,JP,labor,労務単価,配管工,所定労働時間内8時間あたり,人日,pref,42,長崎県,,,,15500,JPY,labor_wage_8h,published_pdl,21800,原本の下段(括弧書き): 公共工事設計労務単価+必要経費(法定福利費の事業主負担額、労務管理費、宿舎費等)(参考値),2014-02,2014-02-01,mlit-roumu-h26,p17(横長の表) / p8(縦長の表),https://www.mlit.go.jp/common/001026047.pdf,PDL1.0,,
842be3d74bc0e0e3,JP,labor,労務単価,はつり工,所定労働時間内8時間あたり,人日,pref,42,長崎県,,,,15600,JPY,labor_wage_8h,published_pdl,21900,原本の下段(括弧書き): 公共工事設計労務単価+必要経費(法定福利費の事業主負担額、労務管理費、宿舎費等)(参考値),2014-02,2014-02-01,mlit-roumu-h26,p17(横長の表) / p8(縦長の表),https://www.mlit.go.jp/common/001026047.pdf,PDL1.0,,
0c4dd1012d678994,JP,labor,労務単価,防水工,所定労働時間内8時間あたり,人日,pref,42,長崎県,,,,17000,JPY,labor_wage_8h,published_pdl,23900,原本の下段(括弧書き): 公共工事設計労務単価+必要経費(法定福利費の事業主負担額、労務管理費、宿舎費等)(参考値),2014-02,2014-02-01,mlit-roumu-h26,p17(横長の表) / p8(縦長の表),https://www.mlit.go.jp/common/001026047.pdf,PDL1.0,,
c9898154c6fbf00b,JP,labor,労務単価,板金工,所定労働時間内8時間あたり,人日,pref,42,長崎県,,,,15800,JPY,labor_wage_8h,published_pdl,22200,原本の下段(括弧書き): 公共工事設計労務単価+必要経費(法定福利費の事業主負担額、労務管理費、宿舎費等)(参考値),2014-02,2014-02-01,mlit-roumu-h26,p17(横長の表) / p8(縦長の表),https://www.mlit.go.jp/common/001026047.pdf,PDL1.0,,
1790e7c2fbe2fd6a,JP,labor,労務単価,タイル工,所定労働時間内8時間あたり,人日,pref,42,長崎県,,,,20300,JPY,labor_wage_8h,published_pdl,28500,原本の下段(括弧書き): 公共工事設計労務単価+必要経費(法定福利費の事業主負担額、労務管理費、宿舎費等)(参考値),2014-02,2014-02-01,mlit-roumu-h26,p17(横長の表) / p8(縦長の表),https://www.mlit.go.jp/common/001026047.pdf,PDL1.0,,
8a830ef26be20c5b,JP,labor,労務単価,サッシ工,所定労働時間内8時間あたり,人日,pref,42,長崎県,,,,21500,JPY,labor_wage_8h,published_pdl,30200,原本の下段(括弧書き): 公共工事設計労務単価+必要経費(法定福利費の事業主負担額、労務管理費、宿舎費等)(参考値),2014-02,2014-02-01,mlit-roumu-h26,p18(横長の表) / p9(縦長の表),https://www.mlit.go.jp/common/001026047.pdf,PDL1.0,,
195b0d71d81c523c,JP,labor,労務単価,内装工,所定労働時間内8時間あたり,人日,pref,42,長崎県,,,,17200,JPY,labor_wage_8h,published_pdl,24200,原本の下段(括弧書き): 公共工事設計労務単価+必要経費(法定福利費の事業主負担額、労務管理費、宿舎費等)(参考値),2014-02,2014-02-01,mlit-roumu-h26,p18(横長の表) / p9(縦長の表),https://www.mlit.go.jp/common/001026047.pdf,PDL1.0,,
a166e2e6dd7ab18e,JP,labor,労務単価,ガラス工,所定労働時間内8時間あたり,人日,pref,42,長崎県,,,,17400,JPY,labor_wage_8h,published_pdl,24500,原本の下段(括弧書き): 公共工事設計労務単価+必要経費(法定福利費の事業主負担額、労務管理費、宿舎費等)(参考値),2014-02,2014-02-01,mlit-roumu-h26,p18(横長の表) / p9(縦長の表),https://www.mlit.go.jp/common/001026047.pdf,PDL1.0,,
659e9fb841c6f187,JP,labor,労務単価,建具工,所定労働時間内8時間あたり,人日,pref,42,長崎県,,,,14600,JPY,labor_wage_8h,published_pdl,20500,原本の下段(括弧書き): 公共工事設計労務単価+必要経費(法定福利費の事業主負担額、労務管理費、宿舎費等)(参考値),2014-02,2014-02-01,mlit-roumu-h26,p18(横長の表) / p9(縦長の表),https://www.mlit.go.jp/common/001026047.pdf,PDL1.0,,
96f59f7efd756cdc,JP,labor,労務単価,ダクト工,所定労働時間内8時間あたり,人日,pref,42,長崎県,,,,14300,JPY,labor_wage_8h,published_pdl,20100,原本の下段(括弧書き): 公共工事設計労務単価+必要経費(法定福利費の事業主負担額、労務管理費、宿舎費等)(参考値),2014-02,2014-02-01,mlit-roumu-h26,p18(横長の表) / p9(縦長の表),https://www.mlit.go.jp/common/001026047.pdf,PDL1.0,,
4c7a528e0f195073,JP,labor,労務単価,保温工,所定労働時間内8時間あたり,人日,pref,42,長崎県,,,,17100,JPY,labor_wage_8h,published_pdl,24000,原本の下段(括弧書き): 公共工事設計労務単価+必要経費(法定福利費の事業主負担額、労務管理費、宿舎費等)(参考値),2014-02,2014-02-01,mlit-roumu-h26,p18(横長の表) / p9(縦長の表),https://www.mlit.go.jp/common/001026047.pdf,PDL1.0,,
38b270a2b2fb7b66,JP,labor,労務単価,建築ブロック工,所定労働時間内8時間あたり,人日,pref,42,長崎県,,,,,JPY,labor_wage_8h,not_set,,,2014-02,2014-02-01,mlit-roumu-h26,p18(横長の表) / p9(縦長の表),https://www.mlit.go.jp/common/001026047.pdf,PDL1.0,,原本の表で『-』(この都道府県ではこの職種の単価を設定していない)
c4a897d9a33440c0,JP,labor,労務単価,設備機械工,所定労働時間内8時間あたり,人日,pref,42,長崎県,,,,17200,JPY,labor_wage_8h,published_pdl,24200,原本の下段(括弧書き): 公共工事設計労務単価+必要経費(法定福利費の事業主負担額、労務管理費、宿舎費等)(参考値),2014-02,2014-02-01,mlit-roumu-h26,p18(横長の表) / p9(縦長の表),https://www.mlit.go.jp/common/001026047.pdf,PDL1.0,,
a934188b014cc22c,JP,labor,労務単価,交通誘導警備員Ａ,所定労働時間内8時間あたり,人日,pref,42,長崎県,,,,9700,JPY,labor_wage_8h,published_pdl,13600,原本の下段(括弧書き): 公共工事設計労務単価+必要経費(法定福利費の事業主負担額、労務管理費、宿舎費等)(参考値),2014-02,2014-02-01,mlit-roumu-h26,p18(横長の表) / p9(縦長の表),https://www.mlit.go.jp/common/001026047.pdf,PDL1.0,,
ddec973228db11df,JP,labor,労務単価,交通誘導警備員Ｂ,所定労働時間内8時間あたり,人日,pref,42,長崎県,,,,8400,JPY,labor_wage_8h,published_pdl,11800,原本の下段(括弧書き): 公共工事設計労務単価+必要経費(法定福利費の事業主負担額、労務管理費、宿舎費等)(参考値),2014-02,2014-02-01,mlit-roumu-h26,p18(横長の表) / p9(縦長の表),https://www.mlit.go.jp/common/001026047.pdf,PDL1.0,,
e04546144ce3ec82,JP,labor,労務単価,特殊作業員,所定労働時間内8時間あたり,人日,pref,43,熊本県,,,,16500,JPY,labor_wage_8h,published_pdl,23200,原本の下段(括弧書き): 公共工事設計労務単価+必要経費(法定福利費の事業主負担額、労務管理費、宿舎費等)(参考値),2014-02,2014-02-01,mlit-roumu-h26,p16(横長の表) / p5(縦長の表),https://www.mlit.go.jp/common/001026047.pdf,PDL1.0,,
910f367bc12796f9,JP,labor,労務単価,普通作業員,所定労働時間内8時間あたり,人日,pref,43,熊本県,,,,14000,JPY,labor_wage_8h,published_pdl,19700,原本の下段(括弧書き): 公共工事設計労務単価+必要経費(法定福利費の事業主負担額、労務管理費、宿舎費等)(参考値),2014-02,2014-02-01,mlit-roumu-h26,p16(横長の表) / p5(縦長の表),https://www.mlit.go.jp/common/001026047.pdf,PDL1.0,,
53e70a5bc0b086c8,JP,labor,労務単価,軽作業員,所定労働時間内8時間あたり,人日,pref,43,熊本県,,,,11700,JPY,labor_wage_8h,published_pdl,16500,原本の下段(括弧書き): 公共工事設計労務単価+必要経費(法定福利費の事業主負担額、労務管理費、宿舎費等)(参考値),2014-02,2014-02-01,mlit-roumu-h26,p16(横長の表) / p5(縦長の表),https://www.mlit.go.jp/common/001026047.pdf,PDL1.0,,
bf3465754f3fb537,JP,labor,労務単価,造園工,所定労働時間内8時間あたり,人日,pref,43,熊本県,,,,16300,JPY,labor_wage_8h,published_pdl,22900,原本の下段(括弧書き): 公共工事設計労務単価+必要経費(法定福利費の事業主負担額、労務管理費、宿舎費等)(参考値),2014-02,2014-02-01,mlit-roumu-h26,p16(横長の表) / p5(縦長の表),https://www.mlit.go.jp/common/001026047.pdf,PDL1.0,,
5f148bd30a047a7f,JP,labor,労務単価,法面工,所定労働時間内8時間あたり,人日,pref,43,熊本県,,,,18900,JPY,labor_wage_8h,published_pdl,26600,原本の下段(括弧書き): 公共工事設計労務単価+必要経費(法定福利費の事業主負担額、労務管理費、宿舎費等)(参考値),2014-02,2014-02-01,mlit-roumu-h26,p16(横長の表) / p5(縦長の表),https://www.mlit.go.jp/common/001026047.pdf,PDL1.0,,
a81fbacb596605f3,JP,labor,労務単価,とび工,所定労働時間内8時間あたり,人日,pref,43,熊本県,,,,17300,JPY,labor_wage_8h,published_pdl,24300,原本の下段(括弧書き): 公共工事設計労務単価+必要経費(法定福利費の事業主負担額、労務管理費、宿舎費等)(参考値),2014-02,2014-02-01,mlit-roumu-h26,p16(横長の表) / p5(縦長の表),https://www.mlit.go.jp/common/001026047.pdf,PDL1.0,,
9e0156a68dc7bba5,JP,labor,労務単価,石工,所定労働時間内8時間あたり,人日,pref,43,熊本県,,,,21400,JPY,labor_wage_8h,published_pdl,30100,原本の下段(括弧書き): 公共工事設計労務単価+必要経費(法定福利費の事業主負担額、労務管理費、宿舎費等)(参考値),2014-02,2014-02-01,mlit-roumu-h26,p16(横長の表) / p5(縦長の表),https://www.mlit.go.jp/common/001026047.pdf,PDL1.0,,
ecb92465adb3bd7a,JP,labor,労務単価,ブロック工,所定労働時間内8時間あたり,人日,pref,43,熊本県,,,,20200,JPY,labor_wage_8h,published_pdl,28400,原本の下段(括弧書き): 公共工事設計労務単価+必要経費(法定福利費の事業主負担額、労務管理費、宿舎費等)(参考値),2014-02,2014-02-01,mlit-roumu-h26,p16(横長の表) / p5(縦長の表),https://www.mlit.go.jp/common/001026047.pdf,PDL1.0,,
830a6bd9df61376d,JP,labor,労務単価,電工,所定労働時間内8時間あたり,人日,pref,43,熊本県,,,,16000,JPY,labor_wage_8h,published_pdl,22500,原本の下段(括弧書き): 公共工事設計労務単価+必要経費(法定福利費の事業主負担額、労務管理費、宿舎費等)(参考値),2014-02,2014-02-01,mlit-roumu-h26,p16(横長の表) / p5(縦長の表),https://www.mlit.go.jp/common/001026047.pdf,PDL1.0,,
314ee33a34a13c0c,JP,labor,労務単価,鉄筋工,所定労働時間内8時間あたり,人日,pref,43,熊本県,,,,17300,JPY,labor_wage_8h,published_pdl,24300,原本の下段(括弧書き): 公共工事設計労務単価+必要経費(法定福利費の事業主負担額、労務管理費、宿舎費等)(参考値),2014-02,2014-02-01,mlit-roumu-h26,p16(横長の表) / p5(縦長の表),https://www.mlit.go.jp/common/001026047.pdf,PDL1.0,,
b54eaf23f6682656,JP,labor,労務単価,鉄骨工,所定労働時間内8時間あたり,人日,pref,43,熊本県,,,,15400,JPY,labor_wage_8h,published_pdl,21700,原本の下段(括弧書き): 公共工事設計労務単価+必要経費(法定福利費の事業主負担額、労務管理費、宿舎費等)(参考値),2014-02,2014-02-01,mlit-roumu-h26,p16(横長の表) / p6(縦長の表),https://www.mlit.go.jp/common/001026047.pdf,PDL1.0,,
76d1ba837cf74fa8,JP,labor,労務単価,塗装工,所定労働時間内8時間あたり,人日,pref,43,熊本県,,,,18000,JPY,labor_wage_8h,published_pdl,25300,原本の下段(括弧書き): 公共工事設計労務単価+必要経費(法定福利費の事業主負担額、労務管理費、宿舎費等)(参考値),2014-02,2014-02-01,mlit-roumu-h26,p16(横長の表) / p6(縦長の表),https://www.mlit.go.jp/common/001026047.pdf,PDL1.0,,
846af2ca6769b4fe,JP,labor,労務単価,溶接工,所定労働時間内8時間あたり,人日,pref,43,熊本県,,,,18300,JPY,labor_wage_8h,published_pdl,25700,原本の下段(括弧書き): 公共工事設計労務単価+必要経費(法定福利費の事業主負担額、労務管理費、宿舎費等)(参考値),2014-02,2014-02-01,mlit-roumu-h26,p16(横長の表) / p6(縦長の表),https://www.mlit.go.jp/common/001026047.pdf,PDL1.0,,
bdd98d3788431ea2,JP,labor,労務単価,運転手（特殊）,所定労働時間内8時間あたり,人日,pref,43,熊本県,,,,16300,JPY,labor_wage_8h,published_pdl,22900,原本の下段(括弧書き): 公共工事設計労務単価+必要経費(法定福利費の事業主負担額、労務管理費、宿舎費等)(参考値),2014-02,2014-02-01,mlit-roumu-h26,p16(横長の表) / p6(縦長の表),https://www.mlit.go.jp/common/001026047.pdf,PDL1.0,,
e3c6e05dd686420a,JP,labor,労務単価,運転手（一般）,所定労働時間内8時間あたり,人日,pref,43,熊本県,,,,14700,JPY,labor_wage_8h,published_pdl,20700,原本の下段(括弧書き): 公共工事設計労務単価+必要経費(法定福利費の事業主負担額、労務管理費、宿舎費等)(参考値),2014-02,2014-02-01,mlit-roumu-h26,p16(横長の表) / p6(縦長の表),https://www.mlit.go.jp/common/001026047.pdf,PDL1.0,,
2886174e65e7c2a9,JP,labor,労務単価,潜かん工,所定労働時間内8時間あたり,人日,pref,43,熊本県,,,,25600,JPY,labor_wage_8h,published_pdl,36000,原本の下段(括弧書き): 公共工事設計労務単価+必要経費(法定福利費の事業主負担額、労務管理費、宿舎費等)(参考値),2014-02,2014-02-01,mlit-roumu-h26,p16(横長の表) / p6(縦長の表),https://www.mlit.go.jp/common/001026047.pdf,PDL1.0,,
e4b09fb97113d26b,JP,labor,労務単価,潜かん世話役,所定労働時間内8時間あたり,人日,pref,43,熊本県,,,,30300,JPY,labor_wage_8h,published_pdl,42600,原本の下段(括弧書き): 公共工事設計労務単価+必要経費(法定福利費の事業主負担額、労務管理費、宿舎費等)(参考値),2014-02,2014-02-01,mlit-roumu-h26,p16(横長の表) / p6(縦長の表),https://www.mlit.go.jp/common/001026047.pdf,PDL1.0,,
b3cfb768dca8b293,JP,labor,労務単価,さく岩工,所定労働時間内8時間あたり,人日,pref,43,熊本県,,,,23200,JPY,labor_wage_8h,published_pdl,32600,原本の下段(括弧書き): 公共工事設計労務単価+必要経費(法定福利費の事業主負担額、労務管理費、宿舎費等)(参考値),2014-02,2014-02-01,mlit-roumu-h26,p16(横長の表) / p6(縦長の表),https://www.mlit.go.jp/common/001026047.pdf,PDL1.0,,
50837c41ea3e0282,JP,labor,労務単価,トンネル特殊工,所定労働時間内8時間あたり,人日,pref,43,熊本県,,,,23300,JPY,labor_wage_8h,published_pdl,32800,原本の下段(括弧書き): 公共工事設計労務単価+必要経費(法定福利費の事業主負担額、労務管理費、宿舎費等)(参考値),2014-02,2014-02-01,mlit-roumu-h26,p16(横長の表) / p6(縦長の表),https://www.mlit.go.jp/common/001026047.pdf,PDL1.0,,
064c8e04882e4fe4,JP,labor,労務単価,トンネル作業員,所定労働時間内8時間あたり,人日,pref,43,熊本県,,,,18400,JPY,labor_wage_8h,published_pdl,25900,原本の下段(括弧書き): 公共工事設計労務単価+必要経費(法定福利費の事業主負担額、労務管理費、宿舎費等)(参考値),2014-02,2014-02-01,mlit-roumu-h26,p16(横長の表) / p6(縦長の表),https://www.mlit.go.jp/common/001026047.pdf,PDL1.0,,
18943155f6f31c2f,JP,labor,労務単価,トンネル世話役,所定労働時間内8時間あたり,人日,pref,43,熊本県,,,,25600,JPY,labor_wage_8h,published_pdl,36000,原本の下段(括弧書き): 公共工事設計労務単価+必要経費(法定福利費の事業主負担額、労務管理費、宿舎費等)(参考値),2014-02,2014-02-01,mlit-roumu-h26,p17(横長の表) / p7(縦長の表),https://www.mlit.go.jp/common/001026047.pdf,PDL1.0,,
499fba7b08482adb,JP,labor,労務単価,橋りょう特殊工,所定労働時間内8時間あたり,人日,pref,43,熊本県,,,,20800,JPY,labor_wage_8h,published_pdl,29200,原本の下段(括弧書き): 公共工事設計労務単価+必要経費(法定福利費の事業主負担額、労務管理費、宿舎費等)(参考値),2014-02,2014-02-01,mlit-roumu-h26,p17(横長の表) / p7(縦長の表),https://www.mlit.go.jp/common/001026047.pdf,PDL1.0,,
040fe71863819a56,JP,labor,労務単価,橋りょう塗装工,所定労働時間内8時間あたり,人日,pref,43,熊本県,,,,22800,JPY,labor_wage_8h,published_pdl,32100,原本の下段(括弧書き): 公共工事設計労務単価+必要経費(法定福利費の事業主負担額、労務管理費、宿舎費等)(参考値),2014-02,2014-02-01,mlit-roumu-h26,p17(横長の表) / p7(縦長の表),https://www.mlit.go.jp/common/001026047.pdf,PDL1.0,,
07719fa74af5c118,JP,labor,労務単価,橋りょう世話役,所定労働時間内8時間あたり,人日,pref,43,熊本県,,,,24700,JPY,labor_wage_8h,published_pdl,34700,原本の下段(括弧書き): 公共工事設計労務単価+必要経費(法定福利費の事業主負担額、労務管理費、宿舎費等)(参考値),2014-02,2014-02-01,mlit-roumu-h26,p17(横長の表) / p7(縦長の表),https://www.mlit.go.jp/common/001026047.pdf,PDL1.0,,
8b90e33246c7b53a,JP,labor,労務単価,土木一般世話役,所定労働時間内8時間あたり,人日,pref,43,熊本県,,,,19200,JPY,labor_wage_8h,published_pdl,27000,原本の下段(括弧書き): 公共工事設計労務単価+必要経費(法定福利費の事業主負担額、労務管理費、宿舎費等)(参考値),2014-02,2014-02-01,mlit-roumu-h26,p17(横長の表) / p7(縦長の表),https://www.mlit.go.jp/common/001026047.pdf,PDL1.0,,
b68486b3267ad8a3,JP,labor,労務単価,高級船員,所定労働時間内8時間あたり,人日,pref,43,熊本県,,,,23800,JPY,labor_wage_8h,published_pdl,33500,原本の下段(括弧書き): 公共工事設計労務単価+必要経費(法定福利費の事業主負担額、労務管理費、宿舎費等)(参考値),2014-02,2014-02-01,mlit-roumu-h26,p17(横長の表) / p7(縦長の表),https://www.mlit.go.jp/common/001026047.pdf,PDL1.0,,
2be1e68dbfd04c8e,JP,labor,労務単価,普通船員,所定労働時間内8時間あたり,人日,pref,43,熊本県,,,,18300,JPY,labor_wage_8h,published_pdl,25700,原本の下段(括弧書き): 公共工事設計労務単価+必要経費(法定福利費の事業主負担額、労務管理費、宿舎費等)(参考値),2014-02,2014-02-01,mlit-roumu-h26,p17(横長の表) / p7(縦長の表),https://www.mlit.go.jp/common/001026047.pdf,PDL1.0,,
cc33f1ceb26fff42,JP,labor,労務単価,潜水士,所定労働時間内8時間あたり,人日,pref,43,熊本県,,,,29500,JPY,labor_wage_8h,published_pdl,41500,原本の下段(括弧書き): 公共工事設計労務単価+必要経費(法定福利費の事業主負担額、労務管理費、宿舎費等)(参考値),2014-02,2014-02-01,mlit-roumu-h26,p17(横長の表) / p7(縦長の表),https://www.mlit.go.jp/common/001026047.pdf,PDL1.0,,
a20d1c5fc9948889,JP,labor,労務単価,潜水連絡員,所定労働時間内8時間あたり,人日,pref,43,熊本県,,,,18500,JPY,labor_wage_8h,published_pdl,26000,原本の下段(括弧書き): 公共工事設計労務単価+必要経費(法定福利費の事業主負担額、労務管理費、宿舎費等)(参考値),2014-02,2014-02-01,mlit-roumu-h26,p17(横長の表) / p7(縦長の表),https://www.mlit.go.jp/common/001026047.pdf,PDL1.0,,
d922eea058a428c8,JP,labor,労務単価,潜水送気員,所定労働時間内8時間あたり,人日,pref,43,熊本県,,,,18600,JPY,labor_wage_8h,published_pdl,26200,原本の下段(括弧書き): 公共工事設計労務単価+必要経費(法定福利費の事業主負担額、労務管理費、宿舎費等)(参考値),2014-02,2014-02-01,mlit-roumu-h26,p17(横長の表) / p7(縦長の表),https://www.mlit.go.jp/common/001026047.pdf,PDL1.0,,
cb165d6a726e7dd3,JP,labor,労務単価,山林砂防工,所定労働時間内8時間あたり,人日,pref,43,熊本県,,,,,JPY,labor_wage_8h,not_set,,,2014-02,2014-02-01,mlit-roumu-h26,p17(横長の表) / p8(縦長の表),https://www.mlit.go.jp/common/001026047.pdf,PDL1.0,,原本の表で『-』(この都道府県ではこの職種の単価を設定していない)
920738af509f96e8,JP,labor,労務単価,軌道工,所定労働時間内8時間あたり,人日,pref,43,熊本県,,,,22000,JPY,labor_wage_8h,published_pdl,30900,原本の下段(括弧書き): 公共工事設計労務単価+必要経費(法定福利費の事業主負担額、労務管理費、宿舎費等)(参考値),2014-02,2014-02-01,mlit-roumu-h26,p17(横長の表) / p8(縦長の表),https://www.mlit.go.jp/common/001026047.pdf,PDL1.0,,
9b8954d41df81666,JP,labor,労務単価,型わく工,所定労働時間内8時間あたり,人日,pref,43,熊本県,,,,17100,JPY,labor_wage_8h,published_pdl,24000,原本の下段(括弧書き): 公共工事設計労務単価+必要経費(法定福利費の事業主負担額、労務管理費、宿舎費等)(参考値),2014-02,2014-02-01,mlit-roumu-h26,p17(横長の表) / p8(縦長の表),https://www.mlit.go.jp/common/001026047.pdf,PDL1.0,,
a3468156980f539d,JP,labor,労務単価,大工,所定労働時間内8時間あたり,人日,pref,43,熊本県,,,,18300,JPY,labor_wage_8h,published_pdl,25700,原本の下段(括弧書き): 公共工事設計労務単価+必要経費(法定福利費の事業主負担額、労務管理費、宿舎費等)(参考値),2014-02,2014-02-01,mlit-roumu-h26,p17(横長の表) / p8(縦長の表),https://www.mlit.go.jp/common/001026047.pdf,PDL1.0,,
d0cc3e590223f66f,JP,labor,労務単価,左官,所定労働時間内8時間あたり,人日,pref,43,熊本県,,,,17100,JPY,labor_wage_8h,published_pdl,24000,原本の下段(括弧書き): 公共工事設計労務単価+必要経費(法定福利費の事業主負担額、労務管理費、宿舎費等)(参考値),2014-02,2014-02-01,mlit-roumu-h26,p17(横長の表) / p8(縦長の表),https://www.mlit.go.jp/common/001026047.pdf,PDL1.0,,
2805720a64ec76c7,JP,labor,労務単価,配管工,所定労働時間内8時間あたり,人日,pref,43,熊本県,,,,15600,JPY,labor_wage_8h,published_pdl,21900,原本の下段(括弧書き): 公共工事設計労務単価+必要経費(法定福利費の事業主負担額、労務管理費、宿舎費等)(参考値),2014-02,2014-02-01,mlit-roumu-h26,p17(横長の表) / p8(縦長の表),https://www.mlit.go.jp/common/001026047.pdf,PDL1.0,,
28abee14109d21e0,JP,labor,労務単価,はつり工,所定労働時間内8時間あたり,人日,pref,43,熊本県,,,,15700,JPY,labor_wage_8h,published_pdl,22100,原本の下段(括弧書き): 公共工事設計労務単価+必要経費(法定福利費の事業主負担額、労務管理費、宿舎費等)(参考値),2014-02,2014-02-01,mlit-roumu-h26,p17(横長の表) / p8(縦長の表),https://www.mlit.go.jp/common/001026047.pdf,PDL1.0,,
2676e0d99b20a14f,JP,labor,労務単価,防水工,所定労働時間内8時間あたり,人日,pref,43,熊本県,,,,17100,JPY,labor_wage_8h,published_pdl,24000,原本の下段(括弧書き): 公共工事設計労務単価+必要経費(法定福利費の事業主負担額、労務管理費、宿舎費等)(参考値),2014-02,2014-02-01,mlit-roumu-h26,p17(横長の表) / p8(縦長の表),https://www.mlit.go.jp/common/001026047.pdf,PDL1.0,,
ad9a9154b762954f,JP,labor,労務単価,板金工,所定労働時間内8時間あたり,人日,pref,43,熊本県,,,,15800,JPY,labor_wage_8h,published_pdl,22200,原本の下段(括弧書き): 公共工事設計労務単価+必要経費(法定福利費の事業主負担額、労務管理費、宿舎費等)(参考値),2014-02,2014-02-01,mlit-roumu-h26,p17(横長の表) / p8(縦長の表),https://www.mlit.go.jp/common/001026047.pdf,PDL1.0,,
171055c83bd03ca3,JP,labor,労務単価,タイル工,所定労働時間内8時間あたり,人日,pref,43,熊本県,,,,20300,JPY,labor_wage_8h,published_pdl,28500,原本の下段(括弧書き): 公共工事設計労務単価+必要経費(法定福利費の事業主負担額、労務管理費、宿舎費等)(参考値),2014-02,2014-02-01,mlit-roumu-h26,p17(横長の表) / p8(縦長の表),https://www.mlit.go.jp/common/001026047.pdf,PDL1.0,,
374bf79d6a03d52c,JP,labor,労務単価,サッシ工,所定労働時間内8時間あたり,人日,pref,43,熊本県,,,,21600,JPY,labor_wage_8h,published_pdl,30400,原本の下段(括弧書き): 公共工事設計労務単価+必要経費(法定福利費の事業主負担額、労務管理費、宿舎費等)(参考値),2014-02,2014-02-01,mlit-roumu-h26,p18(横長の表) / p9(縦長の表),https://www.mlit.go.jp/common/001026047.pdf,PDL1.0,,
a661b18fc0580521,JP,labor,労務単価,内装工,所定労働時間内8時間あたり,人日,pref,43,熊本県,,,,17300,JPY,labor_wage_8h,published_pdl,24300,原本の下段(括弧書き): 公共工事設計労務単価+必要経費(法定福利費の事業主負担額、労務管理費、宿舎費等)(参考値),2014-02,2014-02-01,mlit-roumu-h26,p18(横長の表) / p9(縦長の表),https://www.mlit.go.jp/common/001026047.pdf,PDL1.0,,
f37538285cde0bbe,JP,labor,労務単価,ガラス工,所定労働時間内8時間あたり,人日,pref,43,熊本県,,,,17400,JPY,labor_wage_8h,published_pdl,24500,原本の下段(括弧書き): 公共工事設計労務単価+必要経費(法定福利費の事業主負担額、労務管理費、宿舎費等)(参考値),2014-02,2014-02-01,mlit-roumu-h26,p18(横長の表) / p9(縦長の表),https://www.mlit.go.jp/common/001026047.pdf,PDL1.0,,
cbb4a3a470428df4,JP,labor,労務単価,建具工,所定労働時間内8時間あたり,人日,pref,43,熊本県,,,,14700,JPY,labor_wage_8h,published_pdl,20700,原本の下段(括弧書き): 公共工事設計労務単価+必要経費(法定福利費の事業主負担額、労務管理費、宿舎費等)(参考値),2014-02,2014-02-01,mlit-roumu-h26,p18(横長の表) / p9(縦長の表),https://www.mlit.go.jp/common/001026047.pdf,PDL1.0,,
6f41294fb469fbd2,JP,labor,労務単価,ダクト工,所定労働時間内8時間あたり,人日,pref,43,熊本県,,,,14200,JPY,labor_wage_8h,published_pdl,20000,原本の下段(括弧書き): 公共工事設計労務単価+必要経費(法定福利費の事業主負担額、労務管理費、宿舎費等)(参考値),2014-02,2014-02-01,mlit-roumu-h26,p18(横長の表) / p9(縦長の表),https://www.mlit.go.jp/common/001026047.pdf,PDL1.0,,
e5c523549cb1af26,JP,labor,労務単価,保温工,所定労働時間内8時間あたり,人日,pref,43,熊本県,,,,17100,JPY,labor_wage_8h,published_pdl,24000,原本の下段(括弧書き): 公共工事設計労務単価+必要経費(法定福利費の事業主負担額、労務管理費、宿舎費等)(参考値),2014-02,2014-02-01,mlit-roumu-h26,p18(横長の表) / p9(縦長の表),https://www.mlit.go.jp/common/001026047.pdf,PDL1.0,,
d0c57b770dea9d4c,JP,labor,労務単価,建築ブロック工,所定労働時間内8時間あたり,人日,pref,43,熊本県,,,,,JPY,labor_wage_8h,not_set,,,2014-02,2014-02-01,mlit-roumu-h26,p18(横長の表) / p9(縦長の表),https://www.mlit.go.jp/common/001026047.pdf,PDL1.0,,原本の表で『-』(この都道府県ではこの職種の単価を設定していない)
6f7f4f4bd650074e,JP,labor,労務単価,設備機械工,所定労働時間内8時間あたり,人日,pref,43,熊本県,,,,17300,JPY,labor_wage_8h,published_pdl,24300,原本の下段(括弧書き): 公共工事設計労務単価+必要経費(法定福利費の事業主負担額、労務管理費、宿舎費等)(参考値),2014-02,2014-02-01,mlit-roumu-h26,p18(横長の表) / p9(縦長の表),https://www.mlit.go.jp/common/001026047.pdf,PDL1.0,,
8e905cd3f0e0043d,JP,labor,労務単価,交通誘導警備員Ａ,所定労働時間内8時間あたり,人日,pref,43,熊本県,,,,9400,JPY,labor_wage_8h,published_pdl,13200,原本の下段(括弧書き): 公共工事設計労務単価+必要経費(法定福利費の事業主負担額、労務管理費、宿舎費等)(参考値),2014-02,2014-02-01,mlit-roumu-h26,p18(横長の表) / p9(縦長の表),https://www.mlit.go.jp/common/001026047.pdf,PDL1.0,,
e68c2f72c07c0daa,JP,labor,労務単価,交通誘導警備員Ｂ,所定労働時間内8時間あたり,人日,pref,43,熊本県,,,,8200,JPY,labor_wage_8h,published_pdl,11500,原本の下段(括弧書き): 公共工事設計労務単価+必要経費(法定福利費の事業主負担額、労務管理費、宿舎費等)(参考値),2014-02,2014-02-01,mlit-roumu-h26,p18(横長の表) / p9(縦長の表),https://www.mlit.go.jp/common/001026047.pdf,PDL1.0,,
ecf760b063fc07b9,JP,labor,労務単価,特殊作業員,所定労働時間内8時間あたり,人日,pref,44,大分県,,,,16000,JPY,labor_wage_8h,published_pdl,22500,原本の下段(括弧書き): 公共工事設計労務単価+必要経費(法定福利費の事業主負担額、労務管理費、宿舎費等)(参考値),2014-02,2014-02-01,mlit-roumu-h26,p16(横長の表) / p5(縦長の表),https://www.mlit.go.jp/common/001026047.pdf,PDL1.0,,
f2b6b256f7cb3eac,JP,labor,労務単価,普通作業員,所定労働時間内8時間あたり,人日,pref,44,大分県,,,,13600,JPY,labor_wage_8h,published_pdl,19100,原本の下段(括弧書き): 公共工事設計労務単価+必要経費(法定福利費の事業主負担額、労務管理費、宿舎費等)(参考値),2014-02,2014-02-01,mlit-roumu-h26,p16(横長の表) / p5(縦長の表),https://www.mlit.go.jp/common/001026047.pdf,PDL1.0,,
24c93d224bc84cf9,JP,labor,労務単価,軽作業員,所定労働時間内8時間あたり,人日,pref,44,大分県,,,,10800,JPY,labor_wage_8h,published_pdl,15200,原本の下段(括弧書き): 公共工事設計労務単価+必要経費(法定福利費の事業主負担額、労務管理費、宿舎費等)(参考値),2014-02,2014-02-01,mlit-roumu-h26,p16(横長の表) / p5(縦長の表),https://www.mlit.go.jp/common/001026047.pdf,PDL1.0,,
bdec35a7cbc187b7,JP,labor,労務単価,造園工,所定労働時間内8時間あたり,人日,pref,44,大分県,,,,16000,JPY,labor_wage_8h,published_pdl,22500,原本の下段(括弧書き): 公共工事設計労務単価+必要経費(法定福利費の事業主負担額、労務管理費、宿舎費等)(参考値),2014-02,2014-02-01,mlit-roumu-h26,p16(横長の表) / p5(縦長の表),https://www.mlit.go.jp/common/001026047.pdf,PDL1.0,,
b9bcf0e01aeab2f3,JP,labor,労務単価,法面工,所定労働時間内8時間あたり,人日,pref,44,大分県,,,,17600,JPY,labor_wage_8h,published_pdl,24700,原本の下段(括弧書き): 公共工事設計労務単価+必要経費(法定福利費の事業主負担額、労務管理費、宿舎費等)(参考値),2014-02,2014-02-01,mlit-roumu-h26,p16(横長の表) / p5(縦長の表),https://www.mlit.go.jp/common/001026047.pdf,PDL1.0,,
337906e03a6359c3,JP,labor,労務単価,とび工,所定労働時間内8時間あたり,人日,pref,44,大分県,,,,17100,JPY,labor_wage_8h,published_pdl,24000,原本の下段(括弧書き): 公共工事設計労務単価+必要経費(法定福利費の事業主負担額、労務管理費、宿舎費等)(参考値),2014-02,2014-02-01,mlit-roumu-h26,p16(横長の表) / p5(縦長の表),https://www.mlit.go.jp/common/001026047.pdf,PDL1.0,,
4bb138cd3ca0fe98,JP,labor,労務単価,石工,所定労働時間内8時間あたり,人日,pref,44,大分県,,,,21100,JPY,labor_wage_8h,published_pdl,29700,原本の下段(括弧書き): 公共工事設計労務単価+必要経費(法定福利費の事業主負担額、労務管理費、宿舎費等)(参考値),2014-02,2014-02-01,mlit-roumu-h26,p16(横長の表) / p5(縦長の表),https://www.mlit.go.jp/common/001026047.pdf,PDL1.0,,
2893aafa7cc71841,JP,labor,労務単価,ブロック工,所定労働時間内8時間あたり,人日,pref,44,大分県,,,,20000,JPY,labor_wage_8h,published_pdl,28100,原本の下段(括弧書き): 公共工事設計労務単価+必要経費(法定福利費の事業主負担額、労務管理費、宿舎費等)(参考値),2014-02,2014-02-01,mlit-roumu-h26,p16(横長の表) / p5(縦長の表),https://www.mlit.go.jp/common/001026047.pdf,PDL1.0,,
744b9c30ffdd23d8,JP,labor,労務単価,電工,所定労働時間内8時間あたり,人日,pref,44,大分県,,,,15600,JPY,labor_wage_8h,published_pdl,21900,原本の下段(括弧書き): 公共工事設計労務単価+必要経費(法定福利費の事業主負担額、労務管理費、宿舎費等)(参考値),2014-02,2014-02-01,mlit-roumu-h26,p16(横長の表) / p5(縦長の表),https://www.mlit.go.jp/common/001026047.pdf,PDL1.0,,
d1b80951ac57b160,JP,labor,労務単価,鉄筋工,所定労働時間内8時間あたり,人日,pref,44,大分県,,,,17300,JPY,labor_wage_8h,published_pdl,24300,原本の下段(括弧書き): 公共工事設計労務単価+必要経費(法定福利費の事業主負担額、労務管理費、宿舎費等)(参考値),2014-02,2014-02-01,mlit-roumu-h26,p16(横長の表) / p5(縦長の表),https://www.mlit.go.jp/common/001026047.pdf,PDL1.0,,
fc995a5a5c71be25,JP,labor,労務単価,鉄骨工,所定労働時間内8時間あたり,人日,pref,44,大分県,,,,15700,JPY,labor_wage_8h,published_pdl,22100,原本の下段(括弧書き): 公共工事設計労務単価+必要経費(法定福利費の事業主負担額、労務管理費、宿舎費等)(参考値),2014-02,2014-02-01,mlit-roumu-h26,p16(横長の表) / p6(縦長の表),https://www.mlit.go.jp/common/001026047.pdf,PDL1.0,,
05d9923bee105ee5,JP,labor,労務単価,塗装工,所定労働時間内8時間あたり,人日,pref,44,大分県,,,,17200,JPY,labor_wage_8h,published_pdl,24200,原本の下段(括弧書き): 公共工事設計労務単価+必要経費(法定福利費の事業主負担額、労務管理費、宿舎費等)(参考値),2014-02,2014-02-01,mlit-roumu-h26,p16(横長の表) / p6(縦長の表),https://www.mlit.go.jp/common/001026047.pdf,PDL1.0,,
02ec4106e63894ed,JP,labor,労務単価,溶接工,所定労働時間内8時間あたり,人日,pref,44,大分県,,,,18100,JPY,labor_wage_8h,published_pdl,25400,原本の下段(括弧書き): 公共工事設計労務単価+必要経費(法定福利費の事業主負担額、労務管理費、宿舎費等)(参考値),2014-02,2014-02-01,mlit-roumu-h26,p16(横長の表) / p6(縦長の表),https://www.mlit.go.jp/common/001026047.pdf,PDL1.0,,
159a971b1ded0a70,JP,labor,労務単価,運転手（特殊）,所定労働時間内8時間あたり,人日,pref,44,大分県,,,,18100,JPY,labor_wage_8h,published_pdl,25400,原本の下段(括弧書き): 公共工事設計労務単価+必要経費(法定福利費の事業主負担額、労務管理費、宿舎費等)(参考値),2014-02,2014-02-01,mlit-roumu-h26,p16(横長の表) / p6(縦長の表),https://www.mlit.go.jp/common/001026047.pdf,PDL1.0,,
e11b39e21657080c,JP,labor,労務単価,運転手（一般）,所定労働時間内8時間あたり,人日,pref,44,大分県,,,,16500,JPY,labor_wage_8h,published_pdl,23200,原本の下段(括弧書き): 公共工事設計労務単価+必要経費(法定福利費の事業主負担額、労務管理費、宿舎費等)(参考値),2014-02,2014-02-01,mlit-roumu-h26,p16(横長の表) / p6(縦長の表),https://www.mlit.go.jp/common/001026047.pdf,PDL1.0,,
394d039371f07f1f,JP,labor,労務単価,潜かん工,所定労働時間内8時間あたり,人日,pref,44,大分県,,,,25600,JPY,labor_wage_8h,published_pdl,36000,原本の下段(括弧書き): 公共工事設計労務単価+必要経費(法定福利費の事業主負担額、労務管理費、宿舎費等)(参考値),2014-02,2014-02-01,mlit-roumu-h26,p16(横長の表) / p6(縦長の表),https://www.mlit.go.jp/common/001026047.pdf,PDL1.0,,
cfec0baa1d791334,JP,labor,労務単価,潜かん世話役,所定労働時間内8時間あたり,人日,pref,44,大分県,,,,30300,JPY,labor_wage_8h,published_pdl,42600,原本の下段(括弧書き): 公共工事設計労務単価+必要経費(法定福利費の事業主負担額、労務管理費、宿舎費等)(参考値),2014-02,2014-02-01,mlit-roumu-h26,p16(横長の表) / p6(縦長の表),https://www.mlit.go.jp/common/001026047.pdf,PDL1.0,,
96b06615e33c06f0,JP,labor,労務単価,さく岩工,所定労働時間内8時間あたり,人日,pref,44,大分県,,,,23200,JPY,labor_wage_8h,published_pdl,32600,原本の下段(括弧書き): 公共工事設計労務単価+必要経費(法定福利費の事業主負担額、労務管理費、宿舎費等)(参考値),2014-02,2014-02-01,mlit-roumu-h26,p16(横長の表) / p6(縦長の表),https://www.mlit.go.jp/common/001026047.pdf,PDL1.0,,
11ef99501bb2a964,JP,labor,労務単価,トンネル特殊工,所定労働時間内8時間あたり,人日,pref,44,大分県,,,,22900,JPY,labor_wage_8h,published_pdl,32200,原本の下段(括弧書き): 公共工事設計労務単価+必要経費(法定福利費の事業主負担額、労務管理費、宿舎費等)(参考値),2014-02,2014-02-01,mlit-roumu-h26,p16(横長の表) / p6(縦長の表),https://www.mlit.go.jp/common/001026047.pdf,PDL1.0,,
10718ce882e5d4bb,JP,labor,労務単価,トンネル作業員,所定労働時間内8時間あたり,人日,pref,44,大分県,,,,18400,JPY,labor_wage_8h,published_pdl,25900,原本の下段(括弧書き): 公共工事設計労務単価+必要経費(法定福利費の事業主負担額、労務管理費、宿舎費等)(参考値),2014-02,2014-02-01,mlit-roumu-h26,p16(横長の表) / p6(縦長の表),https://www.mlit.go.jp/common/001026047.pdf,PDL1.0,,
0c47b7b53284cd8c,JP,labor,労務単価,トンネル世話役,所定労働時間内8時間あたり,人日,pref,44,大分県,,,,25600,JPY,labor_wage_8h,published_pdl,36000,原本の下段(括弧書き): 公共工事設計労務単価+必要経費(法定福利費の事業主負担額、労務管理費、宿舎費等)(参考値),2014-02,2014-02-01,mlit-roumu-h26,p17(横長の表) / p7(縦長の表),https://www.mlit.go.jp/common/001026047.pdf,PDL1.0,,
30b9d23f157a921f,JP,labor,労務単価,橋りょう特殊工,所定労働時間内8時間あたり,人日,pref,44,大分県,,,,20800,JPY,labor_wage_8h,published_pdl,29200,原本の下段(括弧書き): 公共工事設計労務単価+必要経費(法定福利費の事業主負担額、労務管理費、宿舎費等)(参考値),2014-02,2014-02-01,mlit-roumu-h26,p17(横長の表) / p7(縦長の表),https://www.mlit.go.jp/common/001026047.pdf,PDL1.0,,
a2331a720f1bba64,JP,labor,労務単価,橋りょう塗装工,所定労働時間内8時間あたり,人日,pref,44,大分県,,,,22500,JPY,labor_wage_8h,published_pdl,31600,原本の下段(括弧書き): 公共工事設計労務単価+必要経費(法定福利費の事業主負担額、労務管理費、宿舎費等)(参考値),2014-02,2014-02-01,mlit-roumu-h26,p17(横長の表) / p7(縦長の表),https://www.mlit.go.jp/common/001026047.pdf,PDL1.0,,
249e801889c72e78,JP,labor,労務単価,橋りょう世話役,所定労働時間内8時間あたり,人日,pref,44,大分県,,,,25100,JPY,labor_wage_8h,published_pdl,35300,原本の下段(括弧書き): 公共工事設計労務単価+必要経費(法定福利費の事業主負担額、労務管理費、宿舎費等)(参考値),2014-02,2014-02-01,mlit-roumu-h26,p17(横長の表) / p7(縦長の表),https://www.mlit.go.jp/common/001026047.pdf,PDL1.0,,
3de13dffd859264a,JP,labor,労務単価,土木一般世話役,所定労働時間内8時間あたり,人日,pref,44,大分県,,,,19600,JPY,labor_wage_8h,published_pdl,27600,原本の下段(括弧書き): 公共工事設計労務単価+必要経費(法定福利費の事業主負担額、労務管理費、宿舎費等)(参考値),2014-02,2014-02-01,mlit-roumu-h26,p17(横長の表) / p7(縦長の表),https://www.mlit.go.jp/common/001026047.pdf,PDL1.0,,
c3cea63423c733e0,JP,labor,労務単価,高級船員,所定労働時間内8時間あたり,人日,pref,44,大分県,,,,23800,JPY,labor_wage_8h,published_pdl,33500,原本の下段(括弧書き): 公共工事設計労務単価+必要経費(法定福利費の事業主負担額、労務管理費、宿舎費等)(参考値),2014-02,2014-02-01,mlit-roumu-h26,p17(横長の表) / p7(縦長の表),https://www.mlit.go.jp/common/001026047.pdf,PDL1.0,,
62835ae491ca12f3,JP,labor,労務単価,普通船員,所定労働時間内8時間あたり,人日,pref,44,大分県,,,,18600,JPY,labor_wage_8h,published_pdl,26200,原本の下段(括弧書き): 公共工事設計労務単価+必要経費(法定福利費の事業主負担額、労務管理費、宿舎費等)(参考値),2014-02,2014-02-01,mlit-roumu-h26,p17(横長の表) / p7(縦長の表),https://www.mlit.go.jp/common/001026047.pdf,PDL1.0,,
ccdd810e90a58e7b,JP,labor,労務単価,潜水士,所定労働時間内8時間あたり,人日,pref,44,大分県,,,,29600,JPY,labor_wage_8h,published_pdl,41600,原本の下段(括弧書き): 公共工事設計労務単価+必要経費(法定福利費の事業主負担額、労務管理費、宿舎費等)(参考値),2014-02,2014-02-01,mlit-roumu-h26,p17(横長の表) / p7(縦長の表),https://www.mlit.go.jp/common/001026047.pdf,PDL1.0,,
14870035512761bc,JP,labor,労務単価,潜水連絡員,所定労働時間内8時間あたり,人日,pref,44,大分県,,,,18500,JPY,labor_wage_8h,published_pdl,26000,原本の下段(括弧書き): 公共工事設計労務単価+必要経費(法定福利費の事業主負担額、労務管理費、宿舎費等)(参考値),2014-02,2014-02-01,mlit-roumu-h26,p17(横長の表) / p7(縦長の表),https://www.mlit.go.jp/common/001026047.pdf,PDL1.0,,
aa1485962d16e9b7,JP,labor,労務単価,潜水送気員,所定労働時間内8時間あたり,人日,pref,44,大分県,,,,18600,JPY,labor_wage_8h,published_pdl,26200,原本の下段(括弧書き): 公共工事設計労務単価+必要経費(法定福利費の事業主負担額、労務管理費、宿舎費等)(参考値),2014-02,2014-02-01,mlit-roumu-h26,p17(横長の表) / p7(縦長の表),https://www.mlit.go.jp/common/001026047.pdf,PDL1.0,,
36423378c046967d,JP,labor,労務単価,山林砂防工,所定労働時間内8時間あたり,人日,pref,44,大分県,,,,,JPY,labor_wage_8h,not_set,,,2014-02,2014-02-01,mlit-roumu-h26,p17(横長の表) / p8(縦長の表),https://www.mlit.go.jp/common/001026047.pdf,PDL1.0,,原本の表で『-』(この都道府県ではこの職種の単価を設定していない)
cb82dfc526d6fb10,JP,labor,労務単価,軌道工,所定労働時間内8時間あたり,人日,pref,44,大分県,,,,21800,JPY,labor_wage_8h,published_pdl,30700,原本の下段(括弧書き): 公共工事設計労務単価+必要経費(法定福利費の事業主負担額、労務管理費、宿舎費等)(参考値),2014-02,2014-02-01,mlit-roumu-h26,p17(横長の表) / p8(縦長の表),https://www.mlit.go.jp/common/001026047.pdf,PDL1.0,,
d2a5f9329e56e0be,JP,labor,労務単価,型わく工,所定労働時間内8時間あたり,人日,pref,44,大分県,,,,16600,JPY,labor_wage_8h,published_pdl,23300,原本の下段(括弧書き): 公共工事設計労務単価+必要経費(法定福利費の事業主負担額、労務管理費、宿舎費等)(参考値),2014-02,2014-02-01,mlit-roumu-h26,p17(横長の表) / p8(縦長の表),https://www.mlit.go.jp/common/001026047.pdf,PDL1.0,,
ee1e1ad2f692f5d9,JP,labor,労務単価,大工,所定労働時間内8時間あたり,人日,pref,44,大分県,,,,18100,JPY,labor_wage_8h,published_pdl,25400,原本の下段(括弧書き): 公共工事設計労務単価+必要経費(法定福利費の事業主負担額、労務管理費、宿舎費等)(参考値),2014-02,2014-02-01,mlit-roumu-h26,p17(横長の表) / p8(縦長の表),https://www.mlit.go.jp/common/001026047.pdf,PDL1.0,,
9c4ad855a05098f3,JP,labor,労務単価,左官,所定労働時間内8時間あたり,人日,pref,44,大分県,,,,17300,JPY,labor_wage_8h,published_pdl,24300,原本の下段(括弧書き): 公共工事設計労務単価+必要経費(法定福利費の事業主負担額、労務管理費、宿舎費等)(参考値),2014-02,2014-02-01,mlit-roumu-h26,p17(横長の表) / p8(縦長の表),https://www.mlit.go.jp/common/001026047.pdf,PDL1.0,,
f22a341ac1709501,JP,labor,労務単価,配管工,所定労働時間内8時間あたり,人日,pref,44,大分県,,,,15400,JPY,labor_wage_8h,published_pdl,21700,原本の下段(括弧書き): 公共工事設計労務単価+必要経費(法定福利費の事業主負担額、労務管理費、宿舎費等)(参考値),2014-02,2014-02-01,mlit-roumu-h26,p17(横長の表) / p8(縦長の表),https://www.mlit.go.jp/common/001026047.pdf,PDL1.0,,
b892e8fb71c3d2af,JP,labor,労務単価,はつり工,所定労働時間内8時間あたり,人日,pref,44,大分県,,,,15700,JPY,labor_wage_8h,published_pdl,22100,原本の下段(括弧書き): 公共工事設計労務単価+必要経費(法定福利費の事業主負担額、労務管理費、宿舎費等)(参考値),2014-02,2014-02-01,mlit-roumu-h26,p17(横長の表) / p8(縦長の表),https://www.mlit.go.jp/common/001026047.pdf,PDL1.0,,
f3845415d4891da2,JP,labor,労務単価,防水工,所定労働時間内8時間あたり,人日,pref,44,大分県,,,,17200,JPY,labor_wage_8h,published_pdl,24200,原本の下段(括弧書き): 公共工事設計労務単価+必要経費(法定福利費の事業主負担額、労務管理費、宿舎費等)(参考値),2014-02,2014-02-01,mlit-roumu-h26,p17(横長の表) / p8(縦長の表),https://www.mlit.go.jp/common/001026047.pdf,PDL1.0,,
a3a0bc8694909aee,JP,labor,労務単価,板金工,所定労働時間内8時間あたり,人日,pref,44,大分県,,,,15800,JPY,labor_wage_8h,published_pdl,22200,原本の下段(括弧書き): 公共工事設計労務単価+必要経費(法定福利費の事業主負担額、労務管理費、宿舎費等)(参考値),2014-02,2014-02-01,mlit-roumu-h26,p17(横長の表) / p8(縦長の表),https://www.mlit.go.jp/common/001026047.pdf,PDL1.0,,
0a27b8f04892b2b3,JP,labor,労務単価,タイル工,所定労働時間内8時間あたり,人日,pref,44,大分県,,,,20300,JPY,labor_wage_8h,published_pdl,28500,原本の下段(括弧書き): 公共工事設計労務単価+必要経費(法定福利費の事業主負担額、労務管理費、宿舎費等)(参考値),2014-02,2014-02-01,mlit-roumu-h26,p17(横長の表) / p8(縦長の表),https://www.mlit.go.jp/common/001026047.pdf,PDL1.0,,
2baa654dd9c697b3,JP,labor,労務単価,サッシ工,所定労働時間内8時間あたり,人日,pref,44,大分県,,,,21300,JPY,labor_wage_8h,published_pdl,29900,原本の下段(括弧書き): 公共工事設計労務単価+必要経費(法定福利費の事業主負担額、労務管理費、宿舎費等)(参考値),2014-02,2014-02-01,mlit-roumu-h26,p18(横長の表) / p9(縦長の表),https://www.mlit.go.jp/common/001026047.pdf,PDL1.0,,
210beeb77b16e23d,JP,labor,労務単価,内装工,所定労働時間内8時間あたり,人日,pref,44,大分県,,,,17400,JPY,labor_wage_8h,published_pdl,24500,原本の下段(括弧書き): 公共工事設計労務単価+必要経費(法定福利費の事業主負担額、労務管理費、宿舎費等)(参考値),2014-02,2014-02-01,mlit-roumu-h26,p18(横長の表) / p9(縦長の表),https://www.mlit.go.jp/common/001026047.pdf,PDL1.0,,
e361d5a466f4ccb4,JP,labor,労務単価,ガラス工,所定労働時間内8時間あたり,人日,pref,44,大分県,,,,17400,JPY,labor_wage_8h,published_pdl,24500,原本の下段(括弧書き): 公共工事設計労務単価+必要経費(法定福利費の事業主負担額、労務管理費、宿舎費等)(参考値),2014-02,2014-02-01,mlit-roumu-h26,p18(横長の表) / p9(縦長の表),https://www.mlit.go.jp/common/001026047.pdf,PDL1.0,,
dba4f8f784734094,JP,labor,労務単価,建具工,所定労働時間内8時間あたり,人日,pref,44,大分県,,,,14400,JPY,labor_wage_8h,published_pdl,20200,原本の下段(括弧書き): 公共工事設計労務単価+必要経費(法定福利費の事業主負担額、労務管理費、宿舎費等)(参考値),2014-02,2014-02-01,mlit-roumu-h26,p18(横長の表) / p9(縦長の表),https://www.mlit.go.jp/common/001026047.pdf,PDL1.0,,
208a60da5ee73b68,JP,labor,労務単価,ダクト工,所定労働時間内8時間あたり,人日,pref,44,大分県,,,,14100,JPY,labor_wage_8h,published_pdl,19800,原本の下段(括弧書き): 公共工事設計労務単価+必要経費(法定福利費の事業主負担額、労務管理費、宿舎費等)(参考値),2014-02,2014-02-01,mlit-roumu-h26,p18(横長の表) / p9(縦長の表),https://www.mlit.go.jp/common/001026047.pdf,PDL1.0,,
f1a8d88ef7fe7751,JP,labor,労務単価,保温工,所定労働時間内8時間あたり,人日,pref,44,大分県,,,,17100,JPY,labor_wage_8h,published_pdl,24000,原本の下段(括弧書き): 公共工事設計労務単価+必要経費(法定福利費の事業主負担額、労務管理費、宿舎費等)(参考値),2014-02,2014-02-01,mlit-roumu-h26,p18(横長の表) / p9(縦長の表),https://www.mlit.go.jp/common/001026047.pdf,PDL1.0,,
f93225c1abc2875c,JP,labor,労務単価,建築ブロック工,所定労働時間内8時間あたり,人日,pref,44,大分県,,,,,JPY,labor_wage_8h,not_set,,,2014-02,2014-02-01,mlit-roumu-h26,p18(横長の表) / p9(縦長の表),https://www.mlit.go.jp/common/001026047.pdf,PDL1.0,,原本の表で『-』(この都道府県ではこの職種の単価を設定していない)
ee13d23217137354,JP,labor,労務単価,設備機械工,所定労働時間内8時間あたり,人日,pref,44,大分県,,,,17100,JPY,labor_wage_8h,published_pdl,24000,原本の下段(括弧書き): 公共工事設計労務単価+必要経費(法定福利費の事業主負担額、労務管理費、宿舎費等)(参考値),2014-02,2014-02-01,mlit-roumu-h26,p18(横長の表) / p9(縦長の表),https://www.mlit.go.jp/common/001026047.pdf,PDL1.0,,
03d88b415e90f631,JP,labor,労務単価,交通誘導警備員Ａ,所定労働時間内8時間あたり,人日,pref,44,大分県,,,,9500,JPY,labor_wage_8h,published_pdl,13400,原本の下段(括弧書き): 公共工事設計労務単価+必要経費(法定福利費の事業主負担額、労務管理費、宿舎費等)(参考値),2014-02,2014-02-01,mlit-roumu-h26,p18(横長の表) / p9(縦長の表),https://www.mlit.go.jp/common/001026047.pdf,PDL1.0,,
ce10f943d698cd83,JP,labor,労務単価,交通誘導警備員Ｂ,所定労働時間内8時間あたり,人日,pref,44,大分県,,,,8000,JPY,labor_wage_8h,published_pdl,11200,原本の下段(括弧書き): 公共工事設計労務単価+必要経費(法定福利費の事業主負担額、労務管理費、宿舎費等)(参考値),2014-02,2014-02-01,mlit-roumu-h26,p18(横長の表) / p9(縦長の表),https://www.mlit.go.jp/common/001026047.pdf,PDL1.0,,
7da7ccec67cc22a4,JP,labor,労務単価,特殊作業員,所定労働時間内8時間あたり,人日,pref,45,宮崎県,,,,17900,JPY,labor_wage_8h,published_pdl,25200,原本の下段(括弧書き): 公共工事設計労務単価+必要経費(法定福利費の事業主負担額、労務管理費、宿舎費等)(参考値),2014-02,2014-02-01,mlit-roumu-h26,p16(横長の表) / p5(縦長の表),https://www.mlit.go.jp/common/001026047.pdf,PDL1.0,,
a7c3568b0f162a87,JP,labor,労務単価,普通作業員,所定労働時間内8時間あたり,人日,pref,45,宮崎県,,,,13300,JPY,labor_wage_8h,published_pdl,18700,原本の下段(括弧書き): 公共工事設計労務単価+必要経費(法定福利費の事業主負担額、労務管理費、宿舎費等)(参考値),2014-02,2014-02-01,mlit-roumu-h26,p16(横長の表) / p5(縦長の表),https://www.mlit.go.jp/common/001026047.pdf,PDL1.0,,
008dd5a6d8a22dc9,JP,labor,労務単価,軽作業員,所定労働時間内8時間あたり,人日,pref,45,宮崎県,,,,11000,JPY,labor_wage_8h,published_pdl,15500,原本の下段(括弧書き): 公共工事設計労務単価+必要経費(法定福利費の事業主負担額、労務管理費、宿舎費等)(参考値),2014-02,2014-02-01,mlit-roumu-h26,p16(横長の表) / p5(縦長の表),https://www.mlit.go.jp/common/001026047.pdf,PDL1.0,,
4bee14e84b351e63,JP,labor,労務単価,造園工,所定労働時間内8時間あたり,人日,pref,45,宮崎県,,,,15900,JPY,labor_wage_8h,published_pdl,22400,原本の下段(括弧書き): 公共工事設計労務単価+必要経費(法定福利費の事業主負担額、労務管理費、宿舎費等)(参考値),2014-02,2014-02-01,mlit-roumu-h26,p16(横長の表) / p5(縦長の表),https://www.mlit.go.jp/common/001026047.pdf,PDL1.0,,
590cabbbc14fe925,JP,labor,労務単価,法面工,所定労働時間内8時間あたり,人日,pref,45,宮崎県,,,,17800,JPY,labor_wage_8h,published_pdl,25000,原本の下段(括弧書き): 公共工事設計労務単価+必要経費(法定福利費の事業主負担額、労務管理費、宿舎費等)(参考値),2014-02,2014-02-01,mlit-roumu-h26,p16(横長の表) / p5(縦長の表),https://www.mlit.go.jp/common/001026047.pdf,PDL1.0,,
fff372208d70c42b,JP,labor,労務単価,とび工,所定労働時間内8時間あたり,人日,pref,45,宮崎県,,,,17300,JPY,labor_wage_8h,published_pdl,24300,原本の下段(括弧書き): 公共工事設計労務単価+必要経費(法定福利費の事業主負担額、労務管理費、宿舎費等)(参考値),2014-02,2014-02-01,mlit-roumu-h26,p16(横長の表) / p5(縦長の表),https://www.mlit.go.jp/common/001026047.pdf,PDL1.0,,
74c3448785c5d969,JP,labor,労務単価,石工,所定労働時間内8時間あたり,人日,pref,45,宮崎県,,,,21400,JPY,labor_wage_8h,published_pdl,30100,原本の下段(括弧書き): 公共工事設計労務単価+必要経費(法定福利費の事業主負担額、労務管理費、宿舎費等)(参考値),2014-02,2014-02-01,mlit-roumu-h26,p16(横長の表) / p5(縦長の表),https://www.mlit.go.jp/common/001026047.pdf,PDL1.0,,
ce6cdc390580bced,JP,labor,労務単価,ブロック工,所定労働時間内8時間あたり,人日,pref,45,宮崎県,,,,20000,JPY,labor_wage_8h,published_pdl,28100,原本の下段(括弧書き): 公共工事設計労務単価+必要経費(法定福利費の事業主負担額、労務管理費、宿舎費等)(参考値),2014-02,2014-02-01,mlit-roumu-h26,p16(横長の表) / p5(縦長の表),https://www.mlit.go.jp/common/001026047.pdf,PDL1.0,,
2a641ec066f482e9,JP,labor,労務単価,電工,所定労働時間内8時間あたり,人日,pref,45,宮崎県,,,,15200,JPY,labor_wage_8h,published_pdl,21400,原本の下段(括弧書き): 公共工事設計労務単価+必要経費(法定福利費の事業主負担額、労務管理費、宿舎費等)(参考値),2014-02,2014-02-01,mlit-roumu-h26,p16(横長の表) / p5(縦長の表),https://www.mlit.go.jp/common/001026047.pdf,PDL1.0,,
9c08b9c556a34925,JP,labor,労務単価,鉄筋工,所定労働時間内8時間あたり,人日,pref,45,宮崎県,,,,16400,JPY,labor_wage_8h,published_pdl,23100,原本の下段(括弧書き): 公共工事設計労務単価+必要経費(法定福利費の事業主負担額、労務管理費、宿舎費等)(参考値),2014-02,2014-02-01,mlit-roumu-h26,p16(横長の表) / p5(縦長の表),https://www.mlit.go.jp/common/001026047.pdf,PDL1.0,,
48260d5c1a11360c,JP,labor,労務単価,鉄骨工,所定労働時間内8時間あたり,人日,pref,45,宮崎県,,,,15600,JPY,labor_wage_8h,published_pdl,21900,原本の下段(括弧書き): 公共工事設計労務単価+必要経費(法定福利費の事業主負担額、労務管理費、宿舎費等)(参考値),2014-02,2014-02-01,mlit-roumu-h26,p16(横長の表) / p6(縦長の表),https://www.mlit.go.jp/common/001026047.pdf,PDL1.0,,
5416f1273ce2e7e9,JP,labor,労務単価,塗装工,所定労働時間内8時間あたり,人日,pref,45,宮崎県,,,,17500,JPY,labor_wage_8h,published_pdl,24600,原本の下段(括弧書き): 公共工事設計労務単価+必要経費(法定福利費の事業主負担額、労務管理費、宿舎費等)(参考値),2014-02,2014-02-01,mlit-roumu-h26,p16(横長の表) / p6(縦長の表),https://www.mlit.go.jp/common/001026047.pdf,PDL1.0,,
6a2070886709eab6,JP,labor,労務単価,溶接工,所定労働時間内8時間あたり,人日,pref,45,宮崎県,,,,17700,JPY,labor_wage_8h,published_pdl,24900,原本の下段(括弧書き): 公共工事設計労務単価+必要経費(法定福利費の事業主負担額、労務管理費、宿舎費等)(参考値),2014-02,2014-02-01,mlit-roumu-h26,p16(横長の表) / p6(縦長の表),https://www.mlit.go.jp/common/001026047.pdf,PDL1.0,,
1261e68206aa320d,JP,labor,労務単価,運転手（特殊）,所定労働時間内8時間あたり,人日,pref,45,宮崎県,,,,18100,JPY,labor_wage_8h,published_pdl,25400,原本の下段(括弧書き): 公共工事設計労務単価+必要経費(法定福利費の事業主負担額、労務管理費、宿舎費等)(参考値),2014-02,2014-02-01,mlit-roumu-h26,p16(横長の表) / p6(縦長の表),https://www.mlit.go.jp/common/001026047.pdf,PDL1.0,,
f8e67ee7cd6174f7,JP,labor,労務単価,運転手（一般）,所定労働時間内8時間あたり,人日,pref,45,宮崎県,,,,15400,JPY,labor_wage_8h,published_pdl,21700,原本の下段(括弧書き): 公共工事設計労務単価+必要経費(法定福利費の事業主負担額、労務管理費、宿舎費等)(参考値),2014-02,2014-02-01,mlit-roumu-h26,p16(横長の表) / p6(縦長の表),https://www.mlit.go.jp/common/001026047.pdf,PDL1.0,,
c304c84453a6f47d,JP,labor,労務単価,潜かん工,所定労働時間内8時間あたり,人日,pref,45,宮崎県,,,,25600,JPY,labor_wage_8h,published_pdl,36000,原本の下段(括弧書き): 公共工事設計労務単価+必要経費(法定福利費の事業主負担額、労務管理費、宿舎費等)(参考値),2014-02,2014-02-01,mlit-roumu-h26,p16(横長の表) / p6(縦長の表),https://www.mlit.go.jp/common/001026047.pdf,PDL1.0,,
bc03e25f48626dd2,JP,labor,労務単価,潜かん世話役,所定労働時間内8時間あたり,人日,pref,45,宮崎県,,,,30300,JPY,labor_wage_8h,published_pdl,42600,原本の下段(括弧書き): 公共工事設計労務単価+必要経費(法定福利費の事業主負担額、労務管理費、宿舎費等)(参考値),2014-02,2014-02-01,mlit-roumu-h26,p16(横長の表) / p6(縦長の表),https://www.mlit.go.jp/common/001026047.pdf,PDL1.0,,
c1c24b78ca8533ec,JP,labor,労務単価,さく岩工,所定労働時間内8時間あたり,人日,pref,45,宮崎県,,,,23200,JPY,labor_wage_8h,published_pdl,32600,原本の下段(括弧書き): 公共工事設計労務単価+必要経費(法定福利費の事業主負担額、労務管理費、宿舎費等)(参考値),2014-02,2014-02-01,mlit-roumu-h26,p16(横長の表) / p6(縦長の表),https://www.mlit.go.jp/common/001026047.pdf,PDL1.0,,
da62e2d16a793766,JP,labor,労務単価,トンネル特殊工,所定労働時間内8時間あたり,人日,pref,45,宮崎県,,,,23800,JPY,labor_wage_8h,published_pdl,33500,原本の下段(括弧書き): 公共工事設計労務単価+必要経費(法定福利費の事業主負担額、労務管理費、宿舎費等)(参考値),2014-02,2014-02-01,mlit-roumu-h26,p16(横長の表) / p6(縦長の表),https://www.mlit.go.jp/common/001026047.pdf,PDL1.0,,
9b4b8c79eb514791,JP,labor,労務単価,トンネル作業員,所定労働時間内8時間あたり,人日,pref,45,宮崎県,,,,18400,JPY,labor_wage_8h,published_pdl,25900,原本の下段(括弧書き): 公共工事設計労務単価+必要経費(法定福利費の事業主負担額、労務管理費、宿舎費等)(参考値),2014-02,2014-02-01,mlit-roumu-h26,p16(横長の表) / p6(縦長の表),https://www.mlit.go.jp/common/001026047.pdf,PDL1.0,,
80e106c5c138299a,JP,labor,労務単価,トンネル世話役,所定労働時間内8時間あたり,人日,pref,45,宮崎県,,,,25600,JPY,labor_wage_8h,published_pdl,36000,原本の下段(括弧書き): 公共工事設計労務単価+必要経費(法定福利費の事業主負担額、労務管理費、宿舎費等)(参考値),2014-02,2014-02-01,mlit-roumu-h26,p17(横長の表) / p7(縦長の表),https://www.mlit.go.jp/common/001026047.pdf,PDL1.0,,
c309a37a3b6c2496,JP,labor,労務単価,橋りょう特殊工,所定労働時間内8時間あたり,人日,pref,45,宮崎県,,,,20800,JPY,labor_wage_8h,published_pdl,29200,原本の下段(括弧書き): 公共工事設計労務単価+必要経費(法定福利費の事業主負担額、労務管理費、宿舎費等)(参考値),2014-02,2014-02-01,mlit-roumu-h26,p17(横長の表) / p7(縦長の表),https://www.mlit.go.jp/common/001026047.pdf,PDL1.0,,
72d0505c84f6499b,JP,labor,労務単価,橋りょう塗装工,所定労働時間内8時間あたり,人日,pref,45,宮崎県,,,,22500,JPY,labor_wage_8h,published_pdl,31600,原本の下段(括弧書き): 公共工事設計労務単価+必要経費(法定福利費の事業主負担額、労務管理費、宿舎費等)(参考値),2014-02,2014-02-01,mlit-roumu-h26,p17(横長の表) / p7(縦長の表),https://www.mlit.go.jp/common/001026047.pdf,PDL1.0,,
ad5ab19aa38c8e02,JP,labor,労務単価,橋りょう世話役,所定労働時間内8時間あたり,人日,pref,45,宮崎県,,,,25600,JPY,labor_wage_8h,published_pdl,36000,原本の下段(括弧書き): 公共工事設計労務単価+必要経費(法定福利費の事業主負担額、労務管理費、宿舎費等)(参考値),2014-02,2014-02-01,mlit-roumu-h26,p17(横長の表) / p7(縦長の表),https://www.mlit.go.jp/common/001026047.pdf,PDL1.0,,
c6cfd75c6f4a1ea8,JP,labor,労務単価,土木一般世話役,所定労働時間内8時間あたり,人日,pref,45,宮崎県,,,,19800,JPY,labor_wage_8h,published_pdl,27800,原本の下段(括弧書き): 公共工事設計労務単価+必要経費(法定福利費の事業主負担額、労務管理費、宿舎費等)(参考値),2014-02,2014-02-01,mlit-roumu-h26,p17(横長の表) / p7(縦長の表),https://www.mlit.go.jp/common/001026047.pdf,PDL1.0,,
c68499fd0fd44433,JP,labor,労務単価,高級船員,所定労働時間内8時間あたり,人日,pref,45,宮崎県,,,,23800,JPY,labor_wage_8h,published_pdl,33500,原本の下段(括弧書き): 公共工事設計労務単価+必要経費(法定福利費の事業主負担額、労務管理費、宿舎費等)(参考値),2014-02,2014-02-01,mlit-roumu-h26,p17(横長の表) / p7(縦長の表),https://www.mlit.go.jp/common/001026047.pdf,PDL1.0,,
fbaa695eddcf860a,JP,labor,労務単価,普通船員,所定労働時間内8時間あたり,人日,pref,45,宮崎県,,,,18100,JPY,labor_wage_8h,published_pdl,25400,原本の下段(括弧書き): 公共工事設計労務単価+必要経費(法定福利費の事業主負担額、労務管理費、宿舎費等)(参考値),2014-02,2014-02-01,mlit-roumu-h26,p17(横長の表) / p7(縦長の表),https://www.mlit.go.jp/common/001026047.pdf,PDL1.0,,
ae0f1088fb2c81ac,JP,labor,労務単価,潜水士,所定労働時間内8時間あたり,人日,pref,45,宮崎県,,,,29600,JPY,labor_wage_8h,published_pdl,41600,原本の下段(括弧書き): 公共工事設計労務単価+必要経費(法定福利費の事業主負担額、労務管理費、宿舎費等)(参考値),2014-02,2014-02-01,mlit-roumu-h26,p17(横長の表) / p7(縦長の表),https://www.mlit.go.jp/common/001026047.pdf,PDL1.0,,
132f28553570b632,JP,labor,労務単価,潜水連絡員,所定労働時間内8時間あたり,人日,pref,45,宮崎県,,,,18500,JPY,labor_wage_8h,published_pdl,26000,原本の下段(括弧書き): 公共工事設計労務単価+必要経費(法定福利費の事業主負担額、労務管理費、宿舎費等)(参考値),2014-02,2014-02-01,mlit-roumu-h26,p17(横長の表) / p7(縦長の表),https://www.mlit.go.jp/common/001026047.pdf,PDL1.0,,
22879c6a81c89d36,JP,labor,労務単価,潜水送気員,所定労働時間内8時間あたり,人日,pref,45,宮崎県,,,,18600,JPY,labor_wage_8h,published_pdl,26200,原本の下段(括弧書き): 公共工事設計労務単価+必要経費(法定福利費の事業主負担額、労務管理費、宿舎費等)(参考値),2014-02,2014-02-01,mlit-roumu-h26,p17(横長の表) / p7(縦長の表),https://www.mlit.go.jp/common/001026047.pdf,PDL1.0,,
eb221f115f56a487,JP,labor,労務単価,山林砂防工,所定労働時間内8時間あたり,人日,pref,45,宮崎県,,,,,JPY,labor_wage_8h,not_set,,,2014-02,2014-02-01,mlit-roumu-h26,p17(横長の表) / p8(縦長の表),https://www.mlit.go.jp/common/001026047.pdf,PDL1.0,,原本の表で『-』(この都道府県ではこの職種の単価を設定していない)
bf68f2d8ba5d4d81,JP,labor,労務単価,軌道工,所定労働時間内8時間あたり,人日,pref,45,宮崎県,,,,21600,JPY,labor_wage_8h,published_pdl,30400,原本の下段(括弧書き): 公共工事設計労務単価+必要経費(法定福利費の事業主負担額、労務管理費、宿舎費等)(参考値),2014-02,2014-02-01,mlit-roumu-h26,p17(横長の表) / p8(縦長の表),https://www.mlit.go.jp/common/001026047.pdf,PDL1.0,,
ead092ea1a985043,JP,labor,労務単価,型わく工,所定労働時間内8時間あたり,人日,pref,45,宮崎県,,,,17500,JPY,labor_wage_8h,published_pdl,24600,原本の下段(括弧書き): 公共工事設計労務単価+必要経費(法定福利費の事業主負担額、労務管理費、宿舎費等)(参考値),2014-02,2014-02-01,mlit-roumu-h26,p17(横長の表) / p8(縦長の表),https://www.mlit.go.jp/common/001026047.pdf,PDL1.0,,
2d44485aea70eb1d,JP,labor,労務単価,大工,所定労働時間内8時間あたり,人日,pref,45,宮崎県,,,,18100,JPY,labor_wage_8h,published_pdl,25400,原本の下段(括弧書き): 公共工事設計労務単価+必要経費(法定福利費の事業主負担額、労務管理費、宿舎費等)(参考値),2014-02,2014-02-01,mlit-roumu-h26,p17(横長の表) / p8(縦長の表),https://www.mlit.go.jp/common/001026047.pdf,PDL1.0,,
8bff9195ade77789,JP,labor,労務単価,左官,所定労働時間内8時間あたり,人日,pref,45,宮崎県,,,,17200,JPY,labor_wage_8h,published_pdl,24200,原本の下段(括弧書き): 公共工事設計労務単価+必要経費(法定福利費の事業主負担額、労務管理費、宿舎費等)(参考値),2014-02,2014-02-01,mlit-roumu-h26,p17(横長の表) / p8(縦長の表),https://www.mlit.go.jp/common/001026047.pdf,PDL1.0,,
291a429122b284f7,JP,labor,労務単価,配管工,所定労働時間内8時間あたり,人日,pref,45,宮崎県,,,,15300,JPY,labor_wage_8h,published_pdl,21500,原本の下段(括弧書き): 公共工事設計労務単価+必要経費(法定福利費の事業主負担額、労務管理費、宿舎費等)(参考値),2014-02,2014-02-01,mlit-roumu-h26,p17(横長の表) / p8(縦長の表),https://www.mlit.go.jp/common/001026047.pdf,PDL1.0,,
d7eac20823d85aee,JP,labor,労務単価,はつり工,所定労働時間内8時間あたり,人日,pref,45,宮崎県,,,,15700,JPY,labor_wage_8h,published_pdl,22100,原本の下段(括弧書き): 公共工事設計労務単価+必要経費(法定福利費の事業主負担額、労務管理費、宿舎費等)(参考値),2014-02,2014-02-01,mlit-roumu-h26,p17(横長の表) / p8(縦長の表),https://www.mlit.go.jp/common/001026047.pdf,PDL1.0,,
854f06c44f2edaba,JP,labor,労務単価,防水工,所定労働時間内8時間あたり,人日,pref,45,宮崎県,,,,17000,JPY,labor_wage_8h,published_pdl,23900,原本の下段(括弧書き): 公共工事設計労務単価+必要経費(法定福利費の事業主負担額、労務管理費、宿舎費等)(参考値),2014-02,2014-02-01,mlit-roumu-h26,p17(横長の表) / p8(縦長の表),https://www.mlit.go.jp/common/001026047.pdf,PDL1.0,,
0f40cbffd9d48b6d,JP,labor,労務単価,板金工,所定労働時間内8時間あたり,人日,pref,45,宮崎県,,,,15800,JPY,labor_wage_8h,published_pdl,22200,原本の下段(括弧書き): 公共工事設計労務単価+必要経費(法定福利費の事業主負担額、労務管理費、宿舎費等)(参考値),2014-02,2014-02-01,mlit-roumu-h26,p17(横長の表) / p8(縦長の表),https://www.mlit.go.jp/common/001026047.pdf,PDL1.0,,
8bb40946d6a1834e,JP,labor,労務単価,タイル工,所定労働時間内8時間あたり,人日,pref,45,宮崎県,,,,20300,JPY,labor_wage_8h,published_pdl,28500,原本の下段(括弧書き): 公共工事設計労務単価+必要経費(法定福利費の事業主負担額、労務管理費、宿舎費等)(参考値),2014-02,2014-02-01,mlit-roumu-h26,p17(横長の表) / p8(縦長の表),https://www.mlit.go.jp/common/001026047.pdf,PDL1.0,,
89bf501fe71e88fb,JP,labor,労務単価,サッシ工,所定労働時間内8時間あたり,人日,pref,45,宮崎県,,,,21200,JPY,labor_wage_8h,published_pdl,29800,原本の下段(括弧書き): 公共工事設計労務単価+必要経費(法定福利費の事業主負担額、労務管理費、宿舎費等)(参考値),2014-02,2014-02-01,mlit-roumu-h26,p18(横長の表) / p9(縦長の表),https://www.mlit.go.jp/common/001026047.pdf,PDL1.0,,
afe060c5c4159842,JP,labor,労務単価,内装工,所定労働時間内8時間あたり,人日,pref,45,宮崎県,,,,17300,JPY,labor_wage_8h,published_pdl,24300,原本の下段(括弧書き): 公共工事設計労務単価+必要経費(法定福利費の事業主負担額、労務管理費、宿舎費等)(参考値),2014-02,2014-02-01,mlit-roumu-h26,p18(横長の表) / p9(縦長の表),https://www.mlit.go.jp/common/001026047.pdf,PDL1.0,,
74112e7f8fb150ae,JP,labor,労務単価,ガラス工,所定労働時間内8時間あたり,人日,pref,45,宮崎県,,,,17400,JPY,labor_wage_8h,published_pdl,24500,原本の下段(括弧書き): 公共工事設計労務単価+必要経費(法定福利費の事業主負担額、労務管理費、宿舎費等)(参考値),2014-02,2014-02-01,mlit-roumu-h26,p18(横長の表) / p9(縦長の表),https://www.mlit.go.jp/common/001026047.pdf,PDL1.0,,
3dfb14d47dff5b99,JP,labor,労務単価,建具工,所定労働時間内8時間あたり,人日,pref,45,宮崎県,,,,14400,JPY,labor_wage_8h,published_pdl,20200,原本の下段(括弧書き): 公共工事設計労務単価+必要経費(法定福利費の事業主負担額、労務管理費、宿舎費等)(参考値),2014-02,2014-02-01,mlit-roumu-h26,p18(横長の表) / p9(縦長の表),https://www.mlit.go.jp/common/001026047.pdf,PDL1.0,,
bc2ce1519d83abf5,JP,labor,労務単価,ダクト工,所定労働時間内8時間あたり,人日,pref,45,宮崎県,,,,14100,JPY,labor_wage_8h,published_pdl,19800,原本の下段(括弧書き): 公共工事設計労務単価+必要経費(法定福利費の事業主負担額、労務管理費、宿舎費等)(参考値),2014-02,2014-02-01,mlit-roumu-h26,p18(横長の表) / p9(縦長の表),https://www.mlit.go.jp/common/001026047.pdf,PDL1.0,,
96aecd473e59b7d9,JP,labor,労務単価,保温工,所定労働時間内8時間あたり,人日,pref,45,宮崎県,,,,17100,JPY,labor_wage_8h,published_pdl,24000,原本の下段(括弧書き): 公共工事設計労務単価+必要経費(法定福利費の事業主負担額、労務管理費、宿舎費等)(参考値),2014-02,2014-02-01,mlit-roumu-h26,p18(横長の表) / p9(縦長の表),https://www.mlit.go.jp/common/001026047.pdf,PDL1.0,,
acdc010f5598838b,JP,labor,労務単価,建築ブロック工,所定労働時間内8時間あたり,人日,pref,45,宮崎県,,,,,JPY,labor_wage_8h,not_set,,,2014-02,2014-02-01,mlit-roumu-h26,p18(横長の表) / p9(縦長の表),https://www.mlit.go.jp/common/001026047.pdf,PDL1.0,,原本の表で『-』(この都道府県ではこの職種の単価を設定していない)
974e6acb489244ed,JP,labor,労務単価,設備機械工,所定労働時間内8時間あたり,人日,pref,45,宮崎県,,,,17100,JPY,labor_wage_8h,published_pdl,24000,原本の下段(括弧書き): 公共工事設計労務単価+必要経費(法定福利費の事業主負担額、労務管理費、宿舎費等)(参考値),2014-02,2014-02-01,mlit-roumu-h26,p18(横長の表) / p9(縦長の表),https://www.mlit.go.jp/common/001026047.pdf,PDL1.0,,
4e0989b2e6226c06,JP,labor,労務単価,交通誘導警備員Ａ,所定労働時間内8時間あたり,人日,pref,45,宮崎県,,,,9600,JPY,labor_wage_8h,published_pdl,13500,原本の下段(括弧書き): 公共工事設計労務単価+必要経費(法定福利費の事業主負担額、労務管理費、宿舎費等)(参考値),2014-02,2014-02-01,mlit-roumu-h26,p18(横長の表) / p9(縦長の表),https://www.mlit.go.jp/common/001026047.pdf,PDL1.0,,
50562dd663d3591e,JP,labor,労務単価,交通誘導警備員Ｂ,所定労働時間内8時間あたり,人日,pref,45,宮崎県,,,,7400,JPY,labor_wage_8h,published_pdl,10400,原本の下段(括弧書き): 公共工事設計労務単価+必要経費(法定福利費の事業主負担額、労務管理費、宿舎費等)(参考値),2014-02,2014-02-01,mlit-roumu-h26,p18(横長の表) / p9(縦長の表),https://www.mlit.go.jp/common/001026047.pdf,PDL1.0,,
45ae85fd903363a1,JP,labor,労務単価,特殊作業員,所定労働時間内8時間あたり,人日,pref,46,鹿児島県,,,,19700,JPY,labor_wage_8h,published_pdl,27700,原本の下段(括弧書き): 公共工事設計労務単価+必要経費(法定福利費の事業主負担額、労務管理費、宿舎費等)(参考値),2014-02,2014-02-01,mlit-roumu-h26,p16(横長の表) / p5(縦長の表),https://www.mlit.go.jp/common/001026047.pdf,PDL1.0,,
d7d88cc9487857db,JP,labor,労務単価,普通作業員,所定労働時間内8時間あたり,人日,pref,46,鹿児島県,,,,14500,JPY,labor_wage_8h,published_pdl,20400,原本の下段(括弧書き): 公共工事設計労務単価+必要経費(法定福利費の事業主負担額、労務管理費、宿舎費等)(参考値),2014-02,2014-02-01,mlit-roumu-h26,p16(横長の表) / p5(縦長の表),https://www.mlit.go.jp/common/001026047.pdf,PDL1.0,,
1a602428ed32935d,JP,labor,労務単価,軽作業員,所定労働時間内8時間あたり,人日,pref,46,鹿児島県,,,,11800,JPY,labor_wage_8h,published_pdl,16600,原本の下段(括弧書き): 公共工事設計労務単価+必要経費(法定福利費の事業主負担額、労務管理費、宿舎費等)(参考値),2014-02,2014-02-01,mlit-roumu-h26,p16(横長の表) / p5(縦長の表),https://www.mlit.go.jp/common/001026047.pdf,PDL1.0,,
fa06e96a798d0c09,JP,labor,労務単価,造園工,所定労働時間内8時間あたり,人日,pref,46,鹿児島県,,,,15900,JPY,labor_wage_8h,published_pdl,22400,原本の下段(括弧書き): 公共工事設計労務単価+必要経費(法定福利費の事業主負担額、労務管理費、宿舎費等)(参考値),2014-02,2014-02-01,mlit-roumu-h26,p16(横長の表) / p5(縦長の表),https://www.mlit.go.jp/common/001026047.pdf,PDL1.0,,
128b28d12a2671e0,JP,labor,労務単価,法面工,所定労働時間内8時間あたり,人日,pref,46,鹿児島県,,,,20400,JPY,labor_wage_8h,published_pdl,28700,原本の下段(括弧書き): 公共工事設計労務単価+必要経費(法定福利費の事業主負担額、労務管理費、宿舎費等)(参考値),2014-02,2014-02-01,mlit-roumu-h26,p16(横長の表) / p5(縦長の表),https://www.mlit.go.jp/common/001026047.pdf,PDL1.0,,
d408940bdaccf52b,JP,labor,労務単価,とび工,所定労働時間内8時間あたり,人日,pref,46,鹿児島県,,,,17600,JPY,labor_wage_8h,published_pdl,24700,原本の下段(括弧書き): 公共工事設計労務単価+必要経費(法定福利費の事業主負担額、労務管理費、宿舎費等)(参考値),2014-02,2014-02-01,mlit-roumu-h26,p16(横長の表) / p5(縦長の表),https://www.mlit.go.jp/common/001026047.pdf,PDL1.0,,
9367ea3eab1a35cf,JP,labor,労務単価,石工,所定労働時間内8時間あたり,人日,pref,46,鹿児島県,,,,21400,JPY,labor_wage_8h,published_pdl,30100,原本の下段(括弧書き): 公共工事設計労務単価+必要経費(法定福利費の事業主負担額、労務管理費、宿舎費等)(参考値),2014-02,2014-02-01,mlit-roumu-h26,p16(横長の表) / p5(縦長の表),https://www.mlit.go.jp/common/001026047.pdf,PDL1.0,,
6a44479f154b9a60,JP,labor,労務単価,ブロック工,所定労働時間内8時間あたり,人日,pref,46,鹿児島県,,,,20000,JPY,labor_wage_8h,published_pdl,28100,原本の下段(括弧書き): 公共工事設計労務単価+必要経費(法定福利費の事業主負担額、労務管理費、宿舎費等)(参考値),2014-02,2014-02-01,mlit-roumu-h26,p16(横長の表) / p5(縦長の表),https://www.mlit.go.jp/common/001026047.pdf,PDL1.0,,
1b18a9cee5c042c6,JP,labor,労務単価,電工,所定労働時間内8時間あたり,人日,pref,46,鹿児島県,,,,15600,JPY,labor_wage_8h,published_pdl,21900,原本の下段(括弧書き): 公共工事設計労務単価+必要経費(法定福利費の事業主負担額、労務管理費、宿舎費等)(参考値),2014-02,2014-02-01,mlit-roumu-h26,p16(横長の表) / p5(縦長の表),https://www.mlit.go.jp/common/001026047.pdf,PDL1.0,,
7cdbce51386dc5ba,JP,labor,労務単価,鉄筋工,所定労働時間内8時間あたり,人日,pref,46,鹿児島県,,,,17200,JPY,labor_wage_8h,published_pdl,24200,原本の下段(括弧書き): 公共工事設計労務単価+必要経費(法定福利費の事業主負担額、労務管理費、宿舎費等)(参考値),2014-02,2014-02-01,mlit-roumu-h26,p16(横長の表) / p5(縦長の表),https://www.mlit.go.jp/common/001026047.pdf,PDL1.0,,
69a2c59f77f39411,JP,labor,労務単価,鉄骨工,所定労働時間内8時間あたり,人日,pref,46,鹿児島県,,,,15600,JPY,labor_wage_8h,published_pdl,21900,原本の下段(括弧書き): 公共工事設計労務単価+必要経費(法定福利費の事業主負担額、労務管理費、宿舎費等)(参考値),2014-02,2014-02-01,mlit-roumu-h26,p16(横長の表) / p6(縦長の表),https://www.mlit.go.jp/common/001026047.pdf,PDL1.0,,
b607610ed998056c,JP,labor,労務単価,塗装工,所定労働時間内8時間あたり,人日,pref,46,鹿児島県,,,,17900,JPY,labor_wage_8h,published_pdl,25200,原本の下段(括弧書き): 公共工事設計労務単価+必要経費(法定福利費の事業主負担額、労務管理費、宿舎費等)(参考値),2014-02,2014-02-01,mlit-roumu-h26,p16(横長の表) / p6(縦長の表),https://www.mlit.go.jp/common/001026047.pdf,PDL1.0,,
096ce89343234e92,JP,labor,労務単価,溶接工,所定労働時間内8時間あたり,人日,pref,46,鹿児島県,,,,18200,JPY,labor_wage_8h,published_pdl,25600,原本の下段(括弧書き): 公共工事設計労務単価+必要経費(法定福利費の事業主負担額、労務管理費、宿舎費等)(参考値),2014-02,2014-02-01,mlit-roumu-h26,p16(横長の表) / p6(縦長の表),https://www.mlit.go.jp/common/001026047.pdf,PDL1.0,,
e810a7eddea7d150,JP,labor,労務単価,運転手（特殊）,所定労働時間内8時間あたり,人日,pref,46,鹿児島県,,,,20200,JPY,labor_wage_8h,published_pdl,28400,原本の下段(括弧書き): 公共工事設計労務単価+必要経費(法定福利費の事業主負担額、労務管理費、宿舎費等)(参考値),2014-02,2014-02-01,mlit-roumu-h26,p16(横長の表) / p6(縦長の表),https://www.mlit.go.jp/common/001026047.pdf,PDL1.0,,
0e4a6d861fb3873b,JP,labor,労務単価,運転手（一般）,所定労働時間内8時間あたり,人日,pref,46,鹿児島県,,,,17700,JPY,labor_wage_8h,published_pdl,24900,原本の下段(括弧書き): 公共工事設計労務単価+必要経費(法定福利費の事業主負担額、労務管理費、宿舎費等)(参考値),2014-02,2014-02-01,mlit-roumu-h26,p16(横長の表) / p6(縦長の表),https://www.mlit.go.jp/common/001026047.pdf,PDL1.0,,
01f648d7364fbf3e,JP,labor,労務単価,潜かん工,所定労働時間内8時間あたり,人日,pref,46,鹿児島県,,,,25600,JPY,labor_wage_8h,published_pdl,36000,原本の下段(括弧書き): 公共工事設計労務単価+必要経費(法定福利費の事業主負担額、労務管理費、宿舎費等)(参考値),2014-02,2014-02-01,mlit-roumu-h26,p16(横長の表) / p6(縦長の表),https://www.mlit.go.jp/common/001026047.pdf,PDL1.0,,
b76ba6ca299c85a7,JP,labor,労務単価,潜かん世話役,所定労働時間内8時間あたり,人日,pref,46,鹿児島県,,,,30200,JPY,labor_wage_8h,published_pdl,42500,原本の下段(括弧書き): 公共工事設計労務単価+必要経費(法定福利費の事業主負担額、労務管理費、宿舎費等)(参考値),2014-02,2014-02-01,mlit-roumu-h26,p16(横長の表) / p6(縦長の表),https://www.mlit.go.jp/common/001026047.pdf,PDL1.0,,
8f3fe8b242c36fe4,JP,labor,労務単価,さく岩工,所定労働時間内8時間あたり,人日,pref,46,鹿児島県,,,,23200,JPY,labor_wage_8h,published_pdl,32600,原本の下段(括弧書き): 公共工事設計労務単価+必要経費(法定福利費の事業主負担額、労務管理費、宿舎費等)(参考値),2014-02,2014-02-01,mlit-roumu-h26,p16(横長の表) / p6(縦長の表),https://www.mlit.go.jp/common/001026047.pdf,PDL1.0,,
cc2e610543d1d41d,JP,labor,労務単価,トンネル特殊工,所定労働時間内8時間あたり,人日,pref,46,鹿児島県,,,,23700,JPY,labor_wage_8h,published_pdl,33300,原本の下段(括弧書き): 公共工事設計労務単価+必要経費(法定福利費の事業主負担額、労務管理費、宿舎費等)(参考値),2014-02,2014-02-01,mlit-roumu-h26,p16(横長の表) / p6(縦長の表),https://www.mlit.go.jp/common/001026047.pdf,PDL1.0,,
39a7a4816f7f6007,JP,labor,労務単価,トンネル作業員,所定労働時間内8時間あたり,人日,pref,46,鹿児島県,,,,18400,JPY,labor_wage_8h,published_pdl,25900,原本の下段(括弧書き): 公共工事設計労務単価+必要経費(法定福利費の事業主負担額、労務管理費、宿舎費等)(参考値),2014-02,2014-02-01,mlit-roumu-h26,p16(横長の表) / p6(縦長の表),https://www.mlit.go.jp/common/001026047.pdf,PDL1.0,,
de24e5e2ceb365c3,JP,labor,労務単価,トンネル世話役,所定労働時間内8時間あたり,人日,pref,46,鹿児島県,,,,25600,JPY,labor_wage_8h,published_pdl,36000,原本の下段(括弧書き): 公共工事設計労務単価+必要経費(法定福利費の事業主負担額、労務管理費、宿舎費等)(参考値),2014-02,2014-02-01,mlit-roumu-h26,p17(横長の表) / p7(縦長の表),https://www.mlit.go.jp/common/001026047.pdf,PDL1.0,,
99726cf5846bbca1,JP,labor,労務単価,橋りょう特殊工,所定労働時間内8時間あたり,人日,pref,46,鹿児島県,,,,20800,JPY,labor_wage_8h,published_pdl,29200,原本の下段(括弧書き): 公共工事設計労務単価+必要経費(法定福利費の事業主負担額、労務管理費、宿舎費等)(参考値),2014-02,2014-02-01,mlit-roumu-h26,p17(横長の表) / p7(縦長の表),https://www.mlit.go.jp/common/001026047.pdf,PDL1.0,,
06659af53e39c1c3,JP,labor,労務単価,橋りょう塗装工,所定労働時間内8時間あたり,人日,pref,46,鹿児島県,,,,22400,JPY,labor_wage_8h,published_pdl,31500,原本の下段(括弧書き): 公共工事設計労務単価+必要経費(法定福利費の事業主負担額、労務管理費、宿舎費等)(参考値),2014-02,2014-02-01,mlit-roumu-h26,p17(横長の表) / p7(縦長の表),https://www.mlit.go.jp/common/001026047.pdf,PDL1.0,,
c9894d7a1254646f,JP,labor,労務単価,橋りょう世話役,所定労働時間内8時間あたり,人日,pref,46,鹿児島県,,,,25800,JPY,labor_wage_8h,published_pdl,36300,原本の下段(括弧書き): 公共工事設計労務単価+必要経費(法定福利費の事業主負担額、労務管理費、宿舎費等)(参考値),2014-02,2014-02-01,mlit-roumu-h26,p17(横長の表) / p7(縦長の表),https://www.mlit.go.jp/common/001026047.pdf,PDL1.0,,
9f7402866266a767,JP,labor,労務単価,土木一般世話役,所定労働時間内8時間あたり,人日,pref,46,鹿児島県,,,,21400,JPY,labor_wage_8h,published_pdl,30100,原本の下段(括弧書き): 公共工事設計労務単価+必要経費(法定福利費の事業主負担額、労務管理費、宿舎費等)(参考値),2014-02,2014-02-01,mlit-roumu-h26,p17(横長の表) / p7(縦長の表),https://www.mlit.go.jp/common/001026047.pdf,PDL1.0,,
b1e4142dbac8d7e1,JP,labor,労務単価,高級船員,所定労働時間内8時間あたり,人日,pref,46,鹿児島県,,,,23700,JPY,labor_wage_8h,published_pdl,33300,原本の下段(括弧書き): 公共工事設計労務単価+必要経費(法定福利費の事業主負担額、労務管理費、宿舎費等)(参考値),2014-02,2014-02-01,mlit-roumu-h26,p17(横長の表) / p7(縦長の表),https://www.mlit.go.jp/common/001026047.pdf,PDL1.0,,
cb67607b1909ca25,JP,labor,労務単価,普通船員,所定労働時間内8時間あたり,人日,pref,46,鹿児島県,,,,18100,JPY,labor_wage_8h,published_pdl,25400,原本の下段(括弧書き): 公共工事設計労務単価+必要経費(法定福利費の事業主負担額、労務管理費、宿舎費等)(参考値),2014-02,2014-02-01,mlit-roumu-h26,p17(横長の表) / p7(縦長の表),https://www.mlit.go.jp/common/001026047.pdf,PDL1.0,,
3e035b3bcc8cd388,JP,labor,労務単価,潜水士,所定労働時間内8時間あたり,人日,pref,46,鹿児島県,,,,29600,JPY,labor_wage_8h,published_pdl,41600,原本の下段(括弧書き): 公共工事設計労務単価+必要経費(法定福利費の事業主負担額、労務管理費、宿舎費等)(参考値),2014-02,2014-02-01,mlit-roumu-h26,p17(横長の表) / p7(縦長の表),https://www.mlit.go.jp/common/001026047.pdf,PDL1.0,,
edb7d3d1c113b274,JP,labor,労務単価,潜水連絡員,所定労働時間内8時間あたり,人日,pref,46,鹿児島県,,,,18500,JPY,labor_wage_8h,published_pdl,26000,原本の下段(括弧書き): 公共工事設計労務単価+必要経費(法定福利費の事業主負担額、労務管理費、宿舎費等)(参考値),2014-02,2014-02-01,mlit-roumu-h26,p17(横長の表) / p7(縦長の表),https://www.mlit.go.jp/common/001026047.pdf,PDL1.0,,
0254363e12fb8e97,JP,labor,労務単価,潜水送気員,所定労働時間内8時間あたり,人日,pref,46,鹿児島県,,,,18600,JPY,labor_wage_8h,published_pdl,26200,原本の下段(括弧書き): 公共工事設計労務単価+必要経費(法定福利費の事業主負担額、労務管理費、宿舎費等)(参考値),2014-02,2014-02-01,mlit-roumu-h26,p17(横長の表) / p7(縦長の表),https://www.mlit.go.jp/common/001026047.pdf,PDL1.0,,
5121e95bd4fd33f2,JP,labor,労務単価,山林砂防工,所定労働時間内8時間あたり,人日,pref,46,鹿児島県,,,,,JPY,labor_wage_8h,not_set,,,2014-02,2014-02-01,mlit-roumu-h26,p17(横長の表) / p8(縦長の表),https://www.mlit.go.jp/common/001026047.pdf,PDL1.0,,原本の表で『-』(この都道府県ではこの職種の単価を設定していない)
ac47812c8824d65c,JP,labor,労務単価,軌道工,所定労働時間内8時間あたり,人日,pref,46,鹿児島県,,,,21700,JPY,labor_wage_8h,published_pdl,30500,原本の下段(括弧書き): 公共工事設計労務単価+必要経費(法定福利費の事業主負担額、労務管理費、宿舎費等)(参考値),2014-02,2014-02-01,mlit-roumu-h26,p17(横長の表) / p8(縦長の表),https://www.mlit.go.jp/common/001026047.pdf,PDL1.0,,
d73b4e8c5b9af00a,JP,labor,労務単価,型わく工,所定労働時間内8時間あたり,人日,pref,46,鹿児島県,,,,19200,JPY,labor_wage_8h,published_pdl,27000,原本の下段(括弧書き): 公共工事設計労務単価+必要経費(法定福利費の事業主負担額、労務管理費、宿舎費等)(参考値),2014-02,2014-02-01,mlit-roumu-h26,p17(横長の表) / p8(縦長の表),https://www.mlit.go.jp/common/001026047.pdf,PDL1.0,,
b89b52c4ecb98859,JP,labor,労務単価,大工,所定労働時間内8時間あたり,人日,pref,46,鹿児島県,,,,18400,JPY,labor_wage_8h,published_pdl,25900,原本の下段(括弧書き): 公共工事設計労務単価+必要経費(法定福利費の事業主負担額、労務管理費、宿舎費等)(参考値),2014-02,2014-02-01,mlit-roumu-h26,p17(横長の表) / p8(縦長の表),https://www.mlit.go.jp/common/001026047.pdf,PDL1.0,,
76c338ee1e8b8915,JP,labor,労務単価,左官,所定労働時間内8時間あたり,人日,pref,46,鹿児島県,,,,17500,JPY,labor_wage_8h,published_pdl,24600,原本の下段(括弧書き): 公共工事設計労務単価+必要経費(法定福利費の事業主負担額、労務管理費、宿舎費等)(参考値),2014-02,2014-02-01,mlit-roumu-h26,p17(横長の表) / p8(縦長の表),https://www.mlit.go.jp/common/001026047.pdf,PDL1.0,,
8f4511560b2a0d1b,JP,labor,労務単価,配管工,所定労働時間内8時間あたり,人日,pref,46,鹿児島県,,,,15300,JPY,labor_wage_8h,published_pdl,21500,原本の下段(括弧書き): 公共工事設計労務単価+必要経費(法定福利費の事業主負担額、労務管理費、宿舎費等)(参考値),2014-02,2014-02-01,mlit-roumu-h26,p17(横長の表) / p8(縦長の表),https://www.mlit.go.jp/common/001026047.pdf,PDL1.0,,
10b64253d6f422ea,JP,labor,労務単価,はつり工,所定労働時間内8時間あたり,人日,pref,46,鹿児島県,,,,15800,JPY,labor_wage_8h,published_pdl,22200,原本の下段(括弧書き): 公共工事設計労務単価+必要経費(法定福利費の事業主負担額、労務管理費、宿舎費等)(参考値),2014-02,2014-02-01,mlit-roumu-h26,p17(横長の表) / p8(縦長の表),https://www.mlit.go.jp/common/001026047.pdf,PDL1.0,,
cbd229db151f1b52,JP,labor,労務単価,防水工,所定労働時間内8時間あたり,人日,pref,46,鹿児島県,,,,17000,JPY,labor_wage_8h,published_pdl,23900,原本の下段(括弧書き): 公共工事設計労務単価+必要経費(法定福利費の事業主負担額、労務管理費、宿舎費等)(参考値),2014-02,2014-02-01,mlit-roumu-h26,p17(横長の表) / p8(縦長の表),https://www.mlit.go.jp/common/001026047.pdf,PDL1.0,,
b3a6e76140546662,JP,labor,労務単価,板金工,所定労働時間内8時間あたり,人日,pref,46,鹿児島県,,,,15800,JPY,labor_wage_8h,published_pdl,22200,原本の下段(括弧書き): 公共工事設計労務単価+必要経費(法定福利費の事業主負担額、労務管理費、宿舎費等)(参考値),2014-02,2014-02-01,mlit-roumu-h26,p17(横長の表) / p8(縦長の表),https://www.mlit.go.jp/common/001026047.pdf,PDL1.0,,
1c951953d09e4a9d,JP,labor,労務単価,タイル工,所定労働時間内8時間あたり,人日,pref,46,鹿児島県,,,,20300,JPY,labor_wage_8h,published_pdl,28500,原本の下段(括弧書き): 公共工事設計労務単価+必要経費(法定福利費の事業主負担額、労務管理費、宿舎費等)(参考値),2014-02,2014-02-01,mlit-roumu-h26,p17(横長の表) / p8(縦長の表),https://www.mlit.go.jp/common/001026047.pdf,PDL1.0,,
f2025583ccd32867,JP,labor,労務単価,サッシ工,所定労働時間内8時間あたり,人日,pref,46,鹿児島県,,,,21200,JPY,labor_wage_8h,published_pdl,29800,原本の下段(括弧書き): 公共工事設計労務単価+必要経費(法定福利費の事業主負担額、労務管理費、宿舎費等)(参考値),2014-02,2014-02-01,mlit-roumu-h26,p18(横長の表) / p9(縦長の表),https://www.mlit.go.jp/common/001026047.pdf,PDL1.0,,
16444149549eef75,JP,labor,労務単価,内装工,所定労働時間内8時間あたり,人日,pref,46,鹿児島県,,,,17100,JPY,labor_wage_8h,published_pdl,24000,原本の下段(括弧書き): 公共工事設計労務単価+必要経費(法定福利費の事業主負担額、労務管理費、宿舎費等)(参考値),2014-02,2014-02-01,mlit-roumu-h26,p18(横長の表) / p9(縦長の表),https://www.mlit.go.jp/common/001026047.pdf,PDL1.0,,
d81a9fab38781480,JP,labor,労務単価,ガラス工,所定労働時間内8時間あたり,人日,pref,46,鹿児島県,,,,17400,JPY,labor_wage_8h,published_pdl,24500,原本の下段(括弧書き): 公共工事設計労務単価+必要経費(法定福利費の事業主負担額、労務管理費、宿舎費等)(参考値),2014-02,2014-02-01,mlit-roumu-h26,p18(横長の表) / p9(縦長の表),https://www.mlit.go.jp/common/001026047.pdf,PDL1.0,,
f0b06c9381f50f6a,JP,labor,労務単価,建具工,所定労働時間内8時間あたり,人日,pref,46,鹿児島県,,,,14400,JPY,labor_wage_8h,published_pdl,20200,原本の下段(括弧書き): 公共工事設計労務単価+必要経費(法定福利費の事業主負担額、労務管理費、宿舎費等)(参考値),2014-02,2014-02-01,mlit-roumu-h26,p18(横長の表) / p9(縦長の表),https://www.mlit.go.jp/common/001026047.pdf,PDL1.0,,
6f73994ee3a9fe18,JP,labor,労務単価,ダクト工,所定労働時間内8時間あたり,人日,pref,46,鹿児島県,,,,14100,JPY,labor_wage_8h,published_pdl,19800,原本の下段(括弧書き): 公共工事設計労務単価+必要経費(法定福利費の事業主負担額、労務管理費、宿舎費等)(参考値),2014-02,2014-02-01,mlit-roumu-h26,p18(横長の表) / p9(縦長の表),https://www.mlit.go.jp/common/001026047.pdf,PDL1.0,,
1feb8cedd40bfb80,JP,labor,労務単価,保温工,所定労働時間内8時間あたり,人日,pref,46,鹿児島県,,,,17000,JPY,labor_wage_8h,published_pdl,23900,原本の下段(括弧書き): 公共工事設計労務単価+必要経費(法定福利費の事業主負担額、労務管理費、宿舎費等)(参考値),2014-02,2014-02-01,mlit-roumu-h26,p18(横長の表) / p9(縦長の表),https://www.mlit.go.jp/common/001026047.pdf,PDL1.0,,
66ad99fe33200a53,JP,labor,労務単価,建築ブロック工,所定労働時間内8時間あたり,人日,pref,46,鹿児島県,,,,,JPY,labor_wage_8h,not_set,,,2014-02,2014-02-01,mlit-roumu-h26,p18(横長の表) / p9(縦長の表),https://www.mlit.go.jp/common/001026047.pdf,PDL1.0,,原本の表で『-』(この都道府県ではこの職種の単価を設定していない)
99157af22e70b71f,JP,labor,労務単価,設備機械工,所定労働時間内8時間あたり,人日,pref,46,鹿児島県,,,,17000,JPY,labor_wage_8h,published_pdl,23900,原本の下段(括弧書き): 公共工事設計労務単価+必要経費(法定福利費の事業主負担額、労務管理費、宿舎費等)(参考値),2014-02,2014-02-01,mlit-roumu-h26,p18(横長の表) / p9(縦長の表),https://www.mlit.go.jp/common/001026047.pdf,PDL1.0,,
3425f5539a276c0e,JP,labor,労務単価,交通誘導警備員Ａ,所定労働時間内8時間あたり,人日,pref,46,鹿児島県,,,,10200,JPY,labor_wage_8h,published_pdl,14300,原本の下段(括弧書き): 公共工事設計労務単価+必要経費(法定福利費の事業主負担額、労務管理費、宿舎費等)(参考値),2014-02,2014-02-01,mlit-roumu-h26,p18(横長の表) / p9(縦長の表),https://www.mlit.go.jp/common/001026047.pdf,PDL1.0,,
c15fb9a953677be6,JP,labor,労務単価,交通誘導警備員Ｂ,所定労働時間内8時間あたり,人日,pref,46,鹿児島県,,,,9100,JPY,labor_wage_8h,published_pdl,12800,原本の下段(括弧書き): 公共工事設計労務単価+必要経費(法定福利費の事業主負担額、労務管理費、宿舎費等)(参考値),2014-02,2014-02-01,mlit-roumu-h26,p18(横長の表) / p9(縦長の表),https://www.mlit.go.jp/common/001026047.pdf,PDL1.0,,
36a3f6634ee5d498,JP,labor,労務単価,特殊作業員,所定労働時間内8時間あたり,人日,pref,47,沖縄県,,,,17800,JPY,labor_wage_8h,published_pdl,25000,原本の下段(括弧書き): 公共工事設計労務単価+必要経費(法定福利費の事業主負担額、労務管理費、宿舎費等)(参考値),2014-02,2014-02-01,mlit-roumu-h26,p16(横長の表) / p5(縦長の表),https://www.mlit.go.jp/common/001026047.pdf,PDL1.0,,
60519291a372fa0f,JP,labor,労務単価,普通作業員,所定労働時間内8時間あたり,人日,pref,47,沖縄県,,,,14900,JPY,labor_wage_8h,published_pdl,20900,原本の下段(括弧書き): 公共工事設計労務単価+必要経費(法定福利費の事業主負担額、労務管理費、宿舎費等)(参考値),2014-02,2014-02-01,mlit-roumu-h26,p16(横長の表) / p5(縦長の表),https://www.mlit.go.jp/common/001026047.pdf,PDL1.0,,
0f4b80c710c14523,JP,labor,労務単価,軽作業員,所定労働時間内8時間あたり,人日,pref,47,沖縄県,,,,11300,JPY,labor_wage_8h,published_pdl,15900,原本の下段(括弧書き): 公共工事設計労務単価+必要経費(法定福利費の事業主負担額、労務管理費、宿舎費等)(参考値),2014-02,2014-02-01,mlit-roumu-h26,p16(横長の表) / p5(縦長の表),https://www.mlit.go.jp/common/001026047.pdf,PDL1.0,,
4cd22d861d1bc25b,JP,labor,労務単価,造園工,所定労働時間内8時間あたり,人日,pref,47,沖縄県,,,,16200,JPY,labor_wage_8h,published_pdl,22800,原本の下段(括弧書き): 公共工事設計労務単価+必要経費(法定福利費の事業主負担額、労務管理費、宿舎費等)(参考値),2014-02,2014-02-01,mlit-roumu-h26,p16(横長の表) / p5(縦長の表),https://www.mlit.go.jp/common/001026047.pdf,PDL1.0,,
9867d53e89ffd13b,JP,labor,労務単価,法面工,所定労働時間内8時間あたり,人日,pref,47,沖縄県,,,,17700,JPY,labor_wage_8h,published_pdl,24900,原本の下段(括弧書き): 公共工事設計労務単価+必要経費(法定福利費の事業主負担額、労務管理費、宿舎費等)(参考値),2014-02,2014-02-01,mlit-roumu-h26,p16(横長の表) / p5(縦長の表),https://www.mlit.go.jp/common/001026047.pdf,PDL1.0,,
e876478f7f245ce4,JP,labor,労務単価,とび工,所定労働時間内8時間あたり,人日,pref,47,沖縄県,,,,20500,JPY,labor_wage_8h,published_pdl,28800,原本の下段(括弧書き): 公共工事設計労務単価+必要経費(法定福利費の事業主負担額、労務管理費、宿舎費等)(参考値),2014-02,2014-02-01,mlit-roumu-h26,p16(横長の表) / p5(縦長の表),https://www.mlit.go.jp/common/001026047.pdf,PDL1.0,,
5af0682e16453358,JP,labor,労務単価,石工,所定労働時間内8時間あたり,人日,pref,47,沖縄県,,,,22200,JPY,labor_wage_8h,published_pdl,31200,原本の下段(括弧書き): 公共工事設計労務単価+必要経費(法定福利費の事業主負担額、労務管理費、宿舎費等)(参考値),2014-02,2014-02-01,mlit-roumu-h26,p16(横長の表) / p5(縦長の表),https://www.mlit.go.jp/common/001026047.pdf,PDL1.0,,
4e27adc088b04a5b,JP,labor,労務単価,ブロック工,所定労働時間内8時間あたり,人日,pref,47,沖縄県,,,,14900,JPY,labor_wage_8h,published_pdl,20900,原本の下段(括弧書き): 公共工事設計労務単価+必要経費(法定福利費の事業主負担額、労務管理費、宿舎費等)(参考値),2014-02,2014-02-01,mlit-roumu-h26,p16(横長の表) / p5(縦長の表),https://www.mlit.go.jp/common/001026047.pdf,PDL1.0,,
f469bf933a9e40bf,JP,labor,労務単価,電工,所定労働時間内8時間あたり,人日,pref,47,沖縄県,,,,14000,JPY,labor_wage_8h,published_pdl,19700,原本の下段(括弧書き): 公共工事設計労務単価+必要経費(法定福利費の事業主負担額、労務管理費、宿舎費等)(参考値),2014-02,2014-02-01,mlit-roumu-h26,p16(横長の表) / p5(縦長の表),https://www.mlit.go.jp/common/001026047.pdf,PDL1.0,,
c25b49002174047c,JP,labor,労務単価,鉄筋工,所定労働時間内8時間あたり,人日,pref,47,沖縄県,,,,18600,JPY,labor_wage_8h,published_pdl,26200,原本の下段(括弧書き): 公共工事設計労務単価+必要経費(法定福利費の事業主負担額、労務管理費、宿舎費等)(参考値),2014-02,2014-02-01,mlit-roumu-h26,p16(横長の表) / p5(縦長の表),https://www.mlit.go.jp/common/001026047.pdf,PDL1.0,,
12f8680925e9634b,JP,labor,労務単価,鉄骨工,所定労働時間内8時間あたり,人日,pref,47,沖縄県,,,,16900,JPY,labor_wage_8h,published_pdl,23800,原本の下段(括弧書き): 公共工事設計労務単価+必要経費(法定福利費の事業主負担額、労務管理費、宿舎費等)(参考値),2014-02,2014-02-01,mlit-roumu-h26,p16(横長の表) / p6(縦長の表),https://www.mlit.go.jp/common/001026047.pdf,PDL1.0,,
8d6fa93da303acca,JP,labor,労務単価,塗装工,所定労働時間内8時間あたり,人日,pref,47,沖縄県,,,,18000,JPY,labor_wage_8h,published_pdl,25300,原本の下段(括弧書き): 公共工事設計労務単価+必要経費(法定福利費の事業主負担額、労務管理費、宿舎費等)(参考値),2014-02,2014-02-01,mlit-roumu-h26,p16(横長の表) / p6(縦長の表),https://www.mlit.go.jp/common/001026047.pdf,PDL1.0,,
ceb5e0b9c701846d,JP,labor,労務単価,溶接工,所定労働時間内8時間あたり,人日,pref,47,沖縄県,,,,18000,JPY,labor_wage_8h,published_pdl,25300,原本の下段(括弧書き): 公共工事設計労務単価+必要経費(法定福利費の事業主負担額、労務管理費、宿舎費等)(参考値),2014-02,2014-02-01,mlit-roumu-h26,p16(横長の表) / p6(縦長の表),https://www.mlit.go.jp/common/001026047.pdf,PDL1.0,,
5503b00d5b8692a7,JP,labor,労務単価,運転手（特殊）,所定労働時間内8時間あたり,人日,pref,47,沖縄県,,,,20200,JPY,labor_wage_8h,published_pdl,28400,原本の下段(括弧書き): 公共工事設計労務単価+必要経費(法定福利費の事業主負担額、労務管理費、宿舎費等)(参考値),2014-02,2014-02-01,mlit-roumu-h26,p16(横長の表) / p6(縦長の表),https://www.mlit.go.jp/common/001026047.pdf,PDL1.0,,
612e634244bb517d,JP,labor,労務単価,運転手（一般）,所定労働時間内8時間あたり,人日,pref,47,沖縄県,,,,17800,JPY,labor_wage_8h,published_pdl,25000,原本の下段(括弧書き): 公共工事設計労務単価+必要経費(法定福利費の事業主負担額、労務管理費、宿舎費等)(参考値),2014-02,2014-02-01,mlit-roumu-h26,p16(横長の表) / p6(縦長の表),https://www.mlit.go.jp/common/001026047.pdf,PDL1.0,,
f76ec78e3a02ad95,JP,labor,労務単価,潜かん工,所定労働時間内8時間あたり,人日,pref,47,沖縄県,,,,25300,JPY,labor_wage_8h,published_pdl,35600,原本の下段(括弧書き): 公共工事設計労務単価+必要経費(法定福利費の事業主負担額、労務管理費、宿舎費等)(参考値),2014-02,2014-02-01,mlit-roumu-h26,p16(横長の表) / p6(縦長の表),https://www.mlit.go.jp/common/001026047.pdf,PDL1.0,,
5c63b86a62916fa8,JP,labor,労務単価,潜かん世話役,所定労働時間内8時間あたり,人日,pref,47,沖縄県,,,,29900,JPY,labor_wage_8h,published_pdl,42000,原本の下段(括弧書き): 公共工事設計労務単価+必要経費(法定福利費の事業主負担額、労務管理費、宿舎費等)(参考値),2014-02,2014-02-01,mlit-roumu-h26,p16(横長の表) / p6(縦長の表),https://www.mlit.go.jp/common/001026047.pdf,PDL1.0,,
d7f0707d7133c52e,JP,labor,労務単価,さく岩工,所定労働時間内8時間あたり,人日,pref,47,沖縄県,,,,21200,JPY,labor_wage_8h,published_pdl,29800,原本の下段(括弧書き): 公共工事設計労務単価+必要経費(法定福利費の事業主負担額、労務管理費、宿舎費等)(参考値),2014-02,2014-02-01,mlit-roumu-h26,p16(横長の表) / p6(縦長の表),https://www.mlit.go.jp/common/001026047.pdf,PDL1.0,,
0c1d5d455adfb52c,JP,labor,労務単価,トンネル特殊工,所定労働時間内8時間あたり,人日,pref,47,沖縄県,,,,21600,JPY,labor_wage_8h,published_pdl,30400,原本の下段(括弧書き): 公共工事設計労務単価+必要経費(法定福利費の事業主負担額、労務管理費、宿舎費等)(参考値),2014-02,2014-02-01,mlit-roumu-h26,p16(横長の表) / p6(縦長の表),https://www.mlit.go.jp/common/001026047.pdf,PDL1.0,,
4bdd886d5075f698,JP,labor,労務単価,トンネル作業員,所定労働時間内8時間あたり,人日,pref,47,沖縄県,,,,17400,JPY,labor_wage_8h,published_pdl,24500,原本の下段(括弧書き): 公共工事設計労務単価+必要経費(法定福利費の事業主負担額、労務管理費、宿舎費等)(参考値),2014-02,2014-02-01,mlit-roumu-h26,p16(横長の表) / p6(縦長の表),https://www.mlit.go.jp/common/001026047.pdf,PDL1.0,,
208f91748ba78d45,JP,labor,労務単価,トンネル世話役,所定労働時間内8時間あたり,人日,pref,47,沖縄県,,,,24500,JPY,labor_wage_8h,published_pdl,34400,原本の下段(括弧書き): 公共工事設計労務単価+必要経費(法定福利費の事業主負担額、労務管理費、宿舎費等)(参考値),2014-02,2014-02-01,mlit-roumu-h26,p17(横長の表) / p7(縦長の表),https://www.mlit.go.jp/common/001026047.pdf,PDL1.0,,
7f3c80ebaa288003,JP,labor,労務単価,橋りょう特殊工,所定労働時間内8時間あたり,人日,pref,47,沖縄県,,,,24500,JPY,labor_wage_8h,published_pdl,34400,原本の下段(括弧書き): 公共工事設計労務単価+必要経費(法定福利費の事業主負担額、労務管理費、宿舎費等)(参考値),2014-02,2014-02-01,mlit-roumu-h26,p17(横長の表) / p7(縦長の表),https://www.mlit.go.jp/common/001026047.pdf,PDL1.0,,
9cfd806e1f64f44b,JP,labor,労務単価,橋りょう塗装工,所定労働時間内8時間あたり,人日,pref,47,沖縄県,,,,19700,JPY,labor_wage_8h,published_pdl,27700,原本の下段(括弧書き): 公共工事設計労務単価+必要経費(法定福利費の事業主負担額、労務管理費、宿舎費等)(参考値),2014-02,2014-02-01,mlit-roumu-h26,p17(横長の表) / p7(縦長の表),https://www.mlit.go.jp/common/001026047.pdf,PDL1.0,,
b3d839639ddca93e,JP,labor,労務単価,橋りょう世話役,所定労働時間内8時間あたり,人日,pref,47,沖縄県,,,,29300,JPY,labor_wage_8h,published_pdl,41200,原本の下段(括弧書き): 公共工事設計労務単価+必要経費(法定福利費の事業主負担額、労務管理費、宿舎費等)(参考値),2014-02,2014-02-01,mlit-roumu-h26,p17(横長の表) / p7(縦長の表),https://www.mlit.go.jp/common/001026047.pdf,PDL1.0,,
73de4082dda9c89a,JP,labor,労務単価,土木一般世話役,所定労働時間内8時間あたり,人日,pref,47,沖縄県,,,,21200,JPY,labor_wage_8h,published_pdl,29800,原本の下段(括弧書き): 公共工事設計労務単価+必要経費(法定福利費の事業主負担額、労務管理費、宿舎費等)(参考値),2014-02,2014-02-01,mlit-roumu-h26,p17(横長の表) / p7(縦長の表),https://www.mlit.go.jp/common/001026047.pdf,PDL1.0,,
e369bf9a7877f7d1,JP,labor,労務単価,高級船員,所定労働時間内8時間あたり,人日,pref,47,沖縄県,,,,21000,JPY,labor_wage_8h,published_pdl,29500,原本の下段(括弧書き): 公共工事設計労務単価+必要経費(法定福利費の事業主負担額、労務管理費、宿舎費等)(参考値),2014-02,2014-02-01,mlit-roumu-h26,p17(横長の表) / p7(縦長の表),https://www.mlit.go.jp/common/001026047.pdf,PDL1.0,,
0f8c0c658551a813,JP,labor,労務単価,普通船員,所定労働時間内8時間あたり,人日,pref,47,沖縄県,,,,17900,JPY,labor_wage_8h,published_pdl,25200,原本の下段(括弧書き): 公共工事設計労務単価+必要経費(法定福利費の事業主負担額、労務管理費、宿舎費等)(参考値),2014-02,2014-02-01,mlit-roumu-h26,p17(横長の表) / p7(縦長の表),https://www.mlit.go.jp/common/001026047.pdf,PDL1.0,,
2a9e3fd03af21be6,JP,labor,労務単価,潜水士,所定労働時間内8時間あたり,人日,pref,47,沖縄県,,,,34900,JPY,labor_wage_8h,published_pdl,49100,原本の下段(括弧書き): 公共工事設計労務単価+必要経費(法定福利費の事業主負担額、労務管理費、宿舎費等)(参考値),2014-02,2014-02-01,mlit-roumu-h26,p17(横長の表) / p7(縦長の表),https://www.mlit.go.jp/common/001026047.pdf,PDL1.0,,
1da725e92dd3f70c,JP,labor,労務単価,潜水連絡員,所定労働時間内8時間あたり,人日,pref,47,沖縄県,,,,21300,JPY,labor_wage_8h,published_pdl,29900,原本の下段(括弧書き): 公共工事設計労務単価+必要経費(法定福利費の事業主負担額、労務管理費、宿舎費等)(参考値),2014-02,2014-02-01,mlit-roumu-h26,p17(横長の表) / p7(縦長の表),https://www.mlit.go.jp/common/001026047.pdf,PDL1.0,,
ab426604c3784838,JP,labor,労務単価,潜水送気員,所定労働時間内8時間あたり,人日,pref,47,沖縄県,,,,23200,JPY,labor_wage_8h,published_pdl,32600,原本の下段(括弧書き): 公共工事設計労務単価+必要経費(法定福利費の事業主負担額、労務管理費、宿舎費等)(参考値),2014-02,2014-02-01,mlit-roumu-h26,p17(横長の表) / p7(縦長の表),https://www.mlit.go.jp/common/001026047.pdf,PDL1.0,,
9fb9dc15add188c6,JP,labor,労務単価,山林砂防工,所定労働時間内8時間あたり,人日,pref,47,沖縄県,,,,,JPY,labor_wage_8h,not_set,,,2014-02,2014-02-01,mlit-roumu-h26,p17(横長の表) / p8(縦長の表),https://www.mlit.go.jp/common/001026047.pdf,PDL1.0,,原本の表で『-』(この都道府県ではこの職種の単価を設定していない)
ee5547a11053a75b,JP,labor,労務単価,軌道工,所定労働時間内8時間あたり,人日,pref,47,沖縄県,,,,,JPY,labor_wage_8h,not_set,,,2014-02,2014-02-01,mlit-roumu-h26,p17(横長の表) / p8(縦長の表),https://www.mlit.go.jp/common/001026047.pdf,PDL1.0,,原本の表で『-』(この都道府県ではこの職種の単価を設定していない)
a4b3bc1564bfde02,JP,labor,労務単価,型わく工,所定労働時間内8時間あたり,人日,pref,47,沖縄県,,,,19500,JPY,labor_wage_8h,published_pdl,27400,原本の下段(括弧書き): 公共工事設計労務単価+必要経費(法定福利費の事業主負担額、労務管理費、宿舎費等)(参考値),2014-02,2014-02-01,mlit-roumu-h26,p17(横長の表) / p8(縦長の表),https://www.mlit.go.jp/common/001026047.pdf,PDL1.0,,
59e374144b125df8,JP,labor,労務単価,大工,所定労働時間内8時間あたり,人日,pref,47,沖縄県,,,,,JPY,labor_wage_8h,not_set,,,2014-02,2014-02-01,mlit-roumu-h26,p17(横長の表) / p8(縦長の表),https://www.mlit.go.jp/common/001026047.pdf,PDL1.0,,原本の表で『-』(この都道府県ではこの職種の単価を設定していない)
5f24b605ac4a433b,JP,labor,労務単価,左官,所定労働時間内8時間あたり,人日,pref,47,沖縄県,,,,18800,JPY,labor_wage_8h,published_pdl,26400,原本の下段(括弧書き): 公共工事設計労務単価+必要経費(法定福利費の事業主負担額、労務管理費、宿舎費等)(参考値),2014-02,2014-02-01,mlit-roumu-h26,p17(横長の表) / p8(縦長の表),https://www.mlit.go.jp/common/001026047.pdf,PDL1.0,,
280eefe4f7d10e1e,JP,labor,労務単価,配管工,所定労働時間内8時間あたり,人日,pref,47,沖縄県,,,,14800,JPY,labor_wage_8h,published_pdl,20800,原本の下段(括弧書き): 公共工事設計労務単価+必要経費(法定福利費の事業主負担額、労務管理費、宿舎費等)(参考値),2014-02,2014-02-01,mlit-roumu-h26,p17(横長の表) / p8(縦長の表),https://www.mlit.go.jp/common/001026047.pdf,PDL1.0,,
2a8a35a5db7e45a0,JP,labor,労務単価,はつり工,所定労働時間内8時間あたり,人日,pref,47,沖縄県,,,,18100,JPY,labor_wage_8h,published_pdl,25400,原本の下段(括弧書き): 公共工事設計労務単価+必要経費(法定福利費の事業主負担額、労務管理費、宿舎費等)(参考値),2014-02,2014-02-01,mlit-roumu-h26,p17(横長の表) / p8(縦長の表),https://www.mlit.go.jp/common/001026047.pdf,PDL1.0,,
b0fd706d76469366,JP,labor,労務単価,防水工,所定労働時間内8時間あたり,人日,pref,47,沖縄県,,,,22200,JPY,labor_wage_8h,published_pdl,31200,原本の下段(括弧書き): 公共工事設計労務単価+必要経費(法定福利費の事業主負担額、労務管理費、宿舎費等)(参考値),2014-02,2014-02-01,mlit-roumu-h26,p17(横長の表) / p8(縦長の表),https://www.mlit.go.jp/common/001026047.pdf,PDL1.0,,
04d200fc234cd517,JP,labor,労務単価,板金工,所定労働時間内8時間あたり,人日,pref,47,沖縄県,,,,17900,JPY,labor_wage_8h,published_pdl,25200,原本の下段(括弧書き): 公共工事設計労務単価+必要経費(法定福利費の事業主負担額、労務管理費、宿舎費等)(参考値),2014-02,2014-02-01,mlit-roumu-h26,p17(横長の表) / p8(縦長の表),https://www.mlit.go.jp/common/001026047.pdf,PDL1.0,,
8b906b191e0fae41,JP,labor,労務単価,タイル工,所定労働時間内8時間あたり,人日,pref,47,沖縄県,,,,,JPY,labor_wage_8h,not_set,,,2014-02,2014-02-01,mlit-roumu-h26,p17(横長の表) / p8(縦長の表),https://www.mlit.go.jp/common/001026047.pdf,PDL1.0,,原本の表で『-』(この都道府県ではこの職種の単価を設定していない)
41c6b269d323e74c,JP,labor,労務単価,サッシ工,所定労働時間内8時間あたり,人日,pref,47,沖縄県,,,,16600,JPY,labor_wage_8h,published_pdl,23300,原本の下段(括弧書き): 公共工事設計労務単価+必要経費(法定福利費の事業主負担額、労務管理費、宿舎費等)(参考値),2014-02,2014-02-01,mlit-roumu-h26,p18(横長の表) / p9(縦長の表),https://www.mlit.go.jp/common/001026047.pdf,PDL1.0,,
d8762047214498de,JP,labor,労務単価,内装工,所定労働時間内8時間あたり,人日,pref,47,沖縄県,,,,17700,JPY,labor_wage_8h,published_pdl,24900,原本の下段(括弧書き): 公共工事設計労務単価+必要経費(法定福利費の事業主負担額、労務管理費、宿舎費等)(参考値),2014-02,2014-02-01,mlit-roumu-h26,p18(横長の表) / p9(縦長の表),https://www.mlit.go.jp/common/001026047.pdf,PDL1.0,,
a4f52e374c6f9fde,JP,labor,労務単価,ガラス工,所定労働時間内8時間あたり,人日,pref,47,沖縄県,,,,16600,JPY,labor_wage_8h,published_pdl,23300,原本の下段(括弧書き): 公共工事設計労務単価+必要経費(法定福利費の事業主負担額、労務管理費、宿舎費等)(参考値),2014-02,2014-02-01,mlit-roumu-h26,p18(横長の表) / p9(縦長の表),https://www.mlit.go.jp/common/001026047.pdf,PDL1.0,,
3faa51dd37925069,JP,labor,労務単価,建具工,所定労働時間内8時間あたり,人日,pref,47,沖縄県,,,,,JPY,labor_wage_8h,not_set,,,2014-02,2014-02-01,mlit-roumu-h26,p18(横長の表) / p9(縦長の表),https://www.mlit.go.jp/common/001026047.pdf,PDL1.0,,原本の表で『-』(この都道府県ではこの職種の単価を設定していない)
d16c61954e18efa0,JP,labor,労務単価,ダクト工,所定労働時間内8時間あたり,人日,pref,47,沖縄県,,,,13900,JPY,labor_wage_8h,published_pdl,19500,原本の下段(括弧書き): 公共工事設計労務単価+必要経費(法定福利費の事業主負担額、労務管理費、宿舎費等)(参考値),2014-02,2014-02-01,mlit-roumu-h26,p18(横長の表) / p9(縦長の表),https://www.mlit.go.jp/common/001026047.pdf,PDL1.0,,
c66af7b03797882f,JP,labor,労務単価,保温工,所定労働時間内8時間あたり,人日,pref,47,沖縄県,,,,16600,JPY,labor_wage_8h,published_pdl,23300,原本の下段(括弧書き): 公共工事設計労務単価+必要経費(法定福利費の事業主負担額、労務管理費、宿舎費等)(参考値),2014-02,2014-02-01,mlit-roumu-h26,p18(横長の表) / p9(縦長の表),https://www.mlit.go.jp/common/001026047.pdf,PDL1.0,,
4f26f9c697bb2446,JP,labor,労務単価,建築ブロック工,所定労働時間内8時間あたり,人日,pref,47,沖縄県,,,,,JPY,labor_wage_8h,not_set,,,2014-02,2014-02-01,mlit-roumu-h26,p18(横長の表) / p9(縦長の表),https://www.mlit.go.jp/common/001026047.pdf,PDL1.0,,原本の表で『-』(この都道府県ではこの職種の単価を設定していない)
8782208ad75fc58f,JP,labor,労務単価,設備機械工,所定労働時間内8時間あたり,人日,pref,47,沖縄県,,,,15700,JPY,labor_wage_8h,published_pdl,22100,原本の下段(括弧書き): 公共工事設計労務単価+必要経費(法定福利費の事業主負担額、労務管理費、宿舎費等)(参考値),2014-02,2014-02-01,mlit-roumu-h26,p18(横長の表) / p9(縦長の表),https://www.mlit.go.jp/common/001026047.pdf,PDL1.0,,
e6ff949e479a5f9d,JP,labor,労務単価,交通誘導警備員Ａ,所定労働時間内8時間あたり,人日,pref,47,沖縄県,,,,8500,JPY,labor_wage_8h,published_pdl,12000,原本の下段(括弧書き): 公共工事設計労務単価+必要経費(法定福利費の事業主負担額、労務管理費、宿舎費等)(参考値),2014-02,2014-02-01,mlit-roumu-h26,p18(横長の表) / p9(縦長の表),https://www.mlit.go.jp/common/001026047.pdf,PDL1.0,,
db016cc6d99d30ff,JP,labor,労務単価,交通誘導警備員Ｂ,所定労働時間内8時間あたり,人日,pref,47,沖縄県,,,,7900,JPY,labor_wage_8h,published_pdl,11100,原本の下段(括弧書き): 公共工事設計労務単価+必要経費(法定福利費の事業主負担額、労務管理費、宿舎費等)(参考値),2014-02,2014-02-01,mlit-roumu-h26,p18(横長の表) / p9(縦長の表),https://www.mlit.go.jp/common/001026047.pdf,PDL1.0,,
