obs_id,country,layer,category,item_name,spec,unit,geo_level,geo_code,geo_name,area_label,area_code,area_members,price,currency,price_basis,price_status,ref_value,ref_note,period,effective_from,source_id,source_page,evidence_url,license,jccdb_v4_item_id,note
bcd397f9f324ab0e,JP,material,生コンクリート・モルタル,生コンクリート,高炉 ３０－１８－２０（２５） Ｃ＝３５０以上 [単位水量175以下W/C55％],m3,bureau_area,18,福井県,福井 福井市他 / 旧越廼他除,,,15900,JPY,design_unit_price_ex_tax,published_pdl,,,2025-07,2025-07-01,kkr-zairyo-r7-07,10,https://www.kkr.mlit.go.jp/plan/jigyousya/technical_information/gijutsukanri/qgl8vl0000004zj9-att/2025_07tanka.pdf,PDL1.0,,近畿地整が独自調査で設定した単価(物価資料に載っていない地区・規格だけ)。消費税抜き。
f110caf01390eaec,JP,material,生コンクリート・モルタル,生コンクリート,高炉 ３０－１８－２０（２５） Ｃ＝３５０以上 [単位水量175以下W/C55％],m3,bureau_area,18,福井県,福井 勝山市他 / 旧和泉村除,,,23400,JPY,design_unit_price_ex_tax,published_pdl,,,2025-07,2025-07-01,kkr-zairyo-r7-07,10,https://www.kkr.mlit.go.jp/plan/jigyousya/technical_information/gijutsukanri/qgl8vl0000004zj9-att/2025_07tanka.pdf,PDL1.0,,近畿地整が独自調査で設定した単価(物価資料に載っていない地区・規格だけ)。消費税抜き。
f0adc8c009acd054,JP,material,生コンクリート・モルタル,生コンクリート,高炉 ３０－１８－２０（２５） Ｃ＝３５０以上 [単位水量175以下W/C55％],m3,bureau_area,18,福井県,福井 敦賀市他,,,24800,JPY,design_unit_price_ex_tax,published_pdl,,,2025-07,2025-07-01,kkr-zairyo-r7-07,10,https://www.kkr.mlit.go.jp/plan/jigyousya/technical_information/gijutsukanri/qgl8vl0000004zj9-att/2025_07tanka.pdf,PDL1.0,,近畿地整が独自調査で設定した単価(物価資料に載っていない地区・規格だけ)。消費税抜き。
8666af171d77e86b,JP,material,生コンクリート・モルタル,生コンクリート,高炉 ３０－１８－２０（２５） Ｃ＝３５０以上 [単位水量175以下W/C55％],m3,bureau_area,18,福井県,福井 小浜市他,,,24800,JPY,design_unit_price_ex_tax,published_pdl,,,2025-07,2025-07-01,kkr-zairyo-r7-07,10,https://www.kkr.mlit.go.jp/plan/jigyousya/technical_information/gijutsukanri/qgl8vl0000004zj9-att/2025_07tanka.pdf,PDL1.0,,近畿地整が独自調査で設定した単価(物価資料に載っていない地区・規格だけ)。消費税抜き。
f3f17b61b16888d1,JP,material,生コンクリート・モルタル,生コンクリート,３０－１８－２０（２５） Ｃ＝３５０以上 [単位水量175以下W/C55％],m3,bureau_area,18,福井県,福井 福井市他 / 旧越廼他除,,,15700,JPY,design_unit_price_ex_tax,published_pdl,,,2025-07,2025-07-01,kkr-zairyo-r7-07,10,https://www.kkr.mlit.go.jp/plan/jigyousya/technical_information/gijutsukanri/qgl8vl0000004zj9-att/2025_07tanka.pdf,PDL1.0,,近畿地整が独自調査で設定した単価(物価資料に載っていない地区・規格だけ)。消費税抜き。
7692eb62e78654af,JP,material,生コンクリート・モルタル,生コンクリート,３０－１８－２０（２５） Ｃ＝３５０以上 [単位水量175以下W/C55％],m3,bureau_area,18,福井県,福井 勝山市他 / 旧和泉村除,,,23200,JPY,design_unit_price_ex_tax,published_pdl,,,2025-07,2025-07-01,kkr-zairyo-r7-07,10,https://www.kkr.mlit.go.jp/plan/jigyousya/technical_information/gijutsukanri/qgl8vl0000004zj9-att/2025_07tanka.pdf,PDL1.0,,近畿地整が独自調査で設定した単価(物価資料に載っていない地区・規格だけ)。消費税抜き。
a9c450d0d78ae72c,JP,material,生コンクリート・モルタル,生コンクリート,３０－１８－２０（２５） Ｃ＝３５０以上 [単位水量175以下W/C55％],m3,bureau_area,18,福井県,福井 敦賀市他,,,24600,JPY,design_unit_price_ex_tax,published_pdl,,,2025-07,2025-07-01,kkr-zairyo-r7-07,10,https://www.kkr.mlit.go.jp/plan/jigyousya/technical_information/gijutsukanri/qgl8vl0000004zj9-att/2025_07tanka.pdf,PDL1.0,,近畿地整が独自調査で設定した単価(物価資料に載っていない地区・規格だけ)。消費税抜き。
6fca8710422d13e1,JP,material,生コンクリート・モルタル,生コンクリート,３０－１８－２０（２５） Ｃ＝３５０以上 [単位水量175以下W/C55％],m3,bureau_area,18,福井県,福井 小浜市他,,,24600,JPY,design_unit_price_ex_tax,published_pdl,,,2025-07,2025-07-01,kkr-zairyo-r7-07,10,https://www.kkr.mlit.go.jp/plan/jigyousya/technical_information/gijutsukanri/qgl8vl0000004zj9-att/2025_07tanka.pdf,PDL1.0,,近畿地整が独自調査で設定した単価(物価資料に載っていない地区・規格だけ)。消費税抜き。
09f196e3e1722b18,JP,material,生コンクリート・モルタル,生コンクリート,高炉 ３０－１８－２０（２５） Ｃ＝３５０以上 [単位水量175以下W/C55％],m3,bureau_area,25,滋賀県,滋賀 高島市,,,28200,JPY,design_unit_price_ex_tax,published_pdl,,,2025-07,2025-07-01,kkr-zairyo-r7-07,11,https://www.kkr.mlit.go.jp/plan/jigyousya/technical_information/gijutsukanri/qgl8vl0000004zj9-att/2025_07tanka.pdf,PDL1.0,,近畿地整が独自調査で設定した単価(物価資料に載っていない地区・規格だけ)。消費税抜き。
e04c178f0d5d4eae,JP,material,生コンクリート・モルタル,生コンクリート,高炉 ３０－１８－２０（２５） Ｃ＝３５０以上 [単位水量175以下W/C55％],m3,bureau_area,25,滋賀県,滋賀 彦根市他,,,26000,JPY,design_unit_price_ex_tax,published_pdl,,,2025-07,2025-07-01,kkr-zairyo-r7-07,11,https://www.kkr.mlit.go.jp/plan/jigyousya/technical_information/gijutsukanri/qgl8vl0000004zj9-att/2025_07tanka.pdf,PDL1.0,,近畿地整が独自調査で設定した単価(物価資料に載っていない地区・規格だけ)。消費税抜き。
9d91dd7e9753ad35,JP,material,生コンクリート・モルタル,生コンクリート,高炉 ３０－１８－２０（２５） Ｃ＝３５０以上 [単位水量175以下W/C55％],m3,bureau_area,25,滋賀県,滋賀 大津市Ａ他,,,28200,JPY,design_unit_price_ex_tax,published_pdl,,,2025-07,2025-07-01,kkr-zairyo-r7-07,11,https://www.kkr.mlit.go.jp/plan/jigyousya/technical_information/gijutsukanri/qgl8vl0000004zj9-att/2025_07tanka.pdf,PDL1.0,,近畿地整が独自調査で設定した単価(物価資料に載っていない地区・規格だけ)。消費税抜き。
52eec6845563245c,JP,material,生コンクリート・モルタル,生コンクリート,高炉 ３０－１８－２０（２５） Ｃ＝３５０以上 [単位水量175以下W/C55％],m3,bureau_area,25,滋賀県,滋賀 甲賀市他,,,28200,JPY,design_unit_price_ex_tax,published_pdl,,,2025-07,2025-07-01,kkr-zairyo-r7-07,11,https://www.kkr.mlit.go.jp/plan/jigyousya/technical_information/gijutsukanri/qgl8vl0000004zj9-att/2025_07tanka.pdf,PDL1.0,,近畿地整が独自調査で設定した単価(物価資料に載っていない地区・規格だけ)。消費税抜き。
569e7bddf273b0d7,JP,material,生コンクリート・モルタル,生コンクリート,高炉 ３０－１８－２０（２５） Ｃ＝３５０以上 [単位水量175以下W/C55％],m3,bureau_area,25,滋賀県,滋賀 大津市Ｂ,,,28200,JPY,design_unit_price_ex_tax,published_pdl,,,2025-07,2025-07-01,kkr-zairyo-r7-07,11,https://www.kkr.mlit.go.jp/plan/jigyousya/technical_information/gijutsukanri/qgl8vl0000004zj9-att/2025_07tanka.pdf,PDL1.0,,近畿地整が独自調査で設定した単価(物価資料に載っていない地区・規格だけ)。消費税抜き。
a91173b435fdffe9,JP,material,生コンクリート・モルタル,生コンクリート,高炉 ３０－１８－２０（２５） Ｃ＝３５０以上 [単位水量175以下W/C55％],m3,bureau_area,26,京都府,京都北部 京丹後市,,,29260,JPY,design_unit_price_ex_tax,published_pdl,,,2025-07,2025-07-01,kkr-zairyo-r7-07,11,https://www.kkr.mlit.go.jp/plan/jigyousya/technical_information/gijutsukanri/qgl8vl0000004zj9-att/2025_07tanka.pdf,PDL1.0,,近畿地整が独自調査で設定した単価(物価資料に載っていない地区・規格だけ)。消費税抜き。
af831043314e38b4,JP,material,生コンクリート・モルタル,生コンクリート,３０－１８－２０（２５） Ｃ＝３５０以上 [単位水量175以下W/C55％],m3,bureau_area,25,滋賀県,滋賀 高島市,,,28200,JPY,design_unit_price_ex_tax,published_pdl,,,2025-07,2025-07-01,kkr-zairyo-r7-07,11,https://www.kkr.mlit.go.jp/plan/jigyousya/technical_information/gijutsukanri/qgl8vl0000004zj9-att/2025_07tanka.pdf,PDL1.0,,近畿地整が独自調査で設定した単価(物価資料に載っていない地区・規格だけ)。消費税抜き。
cb17f58facf18b90,JP,material,生コンクリート・モルタル,生コンクリート,３０－１８－２０（２５） Ｃ＝３５０以上 [単位水量175以下W/C55％],m3,bureau_area,25,滋賀県,滋賀 彦根市他,,,26000,JPY,design_unit_price_ex_tax,published_pdl,,,2025-07,2025-07-01,kkr-zairyo-r7-07,11,https://www.kkr.mlit.go.jp/plan/jigyousya/technical_information/gijutsukanri/qgl8vl0000004zj9-att/2025_07tanka.pdf,PDL1.0,,近畿地整が独自調査で設定した単価(物価資料に載っていない地区・規格だけ)。消費税抜き。
6f2bc12fc033777c,JP,material,生コンクリート・モルタル,生コンクリート,３０－１８－２０（２５） Ｃ＝３５０以上 [単位水量175以下W/C55％],m3,bureau_area,25,滋賀県,滋賀 大津市Ａ他,,,28200,JPY,design_unit_price_ex_tax,published_pdl,,,2025-07,2025-07-01,kkr-zairyo-r7-07,11,https://www.kkr.mlit.go.jp/plan/jigyousya/technical_information/gijutsukanri/qgl8vl0000004zj9-att/2025_07tanka.pdf,PDL1.0,,近畿地整が独自調査で設定した単価(物価資料に載っていない地区・規格だけ)。消費税抜き。
1b2d2b7d73c5d719,JP,material,生コンクリート・モルタル,生コンクリート,３０－１８－２０（２５） Ｃ＝３５０以上 [単位水量175以下W/C55％],m3,bureau_area,25,滋賀県,滋賀 甲賀市他,,,28200,JPY,design_unit_price_ex_tax,published_pdl,,,2025-07,2025-07-01,kkr-zairyo-r7-07,11,https://www.kkr.mlit.go.jp/plan/jigyousya/technical_information/gijutsukanri/qgl8vl0000004zj9-att/2025_07tanka.pdf,PDL1.0,,近畿地整が独自調査で設定した単価(物価資料に載っていない地区・規格だけ)。消費税抜き。
36ad121af9493ad4,JP,material,生コンクリート・モルタル,生コンクリート,３０－１８－２０（２５） Ｃ＝３５０以上 [単位水量175以下W/C55％],m3,bureau_area,25,滋賀県,滋賀 大津市Ｂ,,,28200,JPY,design_unit_price_ex_tax,published_pdl,,,2025-07,2025-07-01,kkr-zairyo-r7-07,11,https://www.kkr.mlit.go.jp/plan/jigyousya/technical_information/gijutsukanri/qgl8vl0000004zj9-att/2025_07tanka.pdf,PDL1.0,,近畿地整が独自調査で設定した単価(物価資料に載っていない地区・規格だけ)。消費税抜き。
d423c48cc38c5c04,JP,material,生コンクリート・モルタル,生コンクリート,１８－８－２５（２０） [単位水量175以下W/C60以下],m3,bureau_area,18,福井県,福井 池田町他,,,16900,JPY,design_unit_price_ex_tax,published_pdl,,,2025-07,2025-07-01,kkr-zairyo-r7-07,11,https://www.kkr.mlit.go.jp/plan/jigyousya/technical_information/gijutsukanri/qgl8vl0000004zj9-att/2025_07tanka.pdf,PDL1.0,205fb4e2a22c,近畿地整が独自調査で設定した単価(物価資料に載っていない地区・規格だけ)。消費税抜き。
b82e8ce62bcba24f,JP,material,生コンクリート・モルタル,生コンクリート,１８－８－２５（２０） [単位水量175以下W/C60以下],m3,bureau_area,18,福井県,福井 大野市 / 旧和泉村,,,23000,JPY,design_unit_price_ex_tax,published_pdl,,,2025-07,2025-07-01,kkr-zairyo-r7-07,11,https://www.kkr.mlit.go.jp/plan/jigyousya/technical_information/gijutsukanri/qgl8vl0000004zj9-att/2025_07tanka.pdf,PDL1.0,205fb4e2a22c,近畿地整が独自調査で設定した単価(物価資料に載っていない地区・規格だけ)。消費税抜き。
d18bb5aaa6443a7f,JP,material,生コンクリート・モルタル,生コンクリート,１８－８－２５（２０） [単位水量175以下W/C60以下],m3,bureau_area,18,福井県,福井 冠山峠地区,,,24500,JPY,design_unit_price_ex_tax,published_pdl,,,2025-07,2025-07-01,kkr-zairyo-r7-07,11,https://www.kkr.mlit.go.jp/plan/jigyousya/technical_information/gijutsukanri/qgl8vl0000004zj9-att/2025_07tanka.pdf,PDL1.0,205fb4e2a22c,近畿地整が独自調査で設定した単価(物価資料に載っていない地区・規格だけ)。消費税抜き。
5d9fe4d4aeb01ace,JP,material,生コンクリート・モルタル,生コンクリート,１８－１２－２５（２０） [単位水量175以下W/C60以下],m3,bureau_area,18,福井県,福井 池田町他,,,17100,JPY,design_unit_price_ex_tax,published_pdl,,,2025-07,2025-07-01,kkr-zairyo-r7-07,11,https://www.kkr.mlit.go.jp/plan/jigyousya/technical_information/gijutsukanri/qgl8vl0000004zj9-att/2025_07tanka.pdf,PDL1.0,c7752fd452cb,近畿地整が独自調査で設定した単価(物価資料に載っていない地区・規格だけ)。消費税抜き。
af779ad68d9bd575,JP,material,生コンクリート・モルタル,生コンクリート,１８－１２－２５（２０） [単位水量175以下W/C60以下],m3,bureau_area,18,福井県,福井 大野市 / 旧和泉村,,,23200,JPY,design_unit_price_ex_tax,published_pdl,,,2025-07,2025-07-01,kkr-zairyo-r7-07,11,https://www.kkr.mlit.go.jp/plan/jigyousya/technical_information/gijutsukanri/qgl8vl0000004zj9-att/2025_07tanka.pdf,PDL1.0,c7752fd452cb,近畿地整が独自調査で設定した単価(物価資料に載っていない地区・規格だけ)。消費税抜き。
2d0d2f6edffb4286,JP,material,生コンクリート・モルタル,生コンクリート,１８－１２－２５（２０） [単位水量175以下W/C60以下],m3,bureau_area,18,福井県,福井 冠山峠地区,,,24700,JPY,design_unit_price_ex_tax,published_pdl,,,2025-07,2025-07-01,kkr-zairyo-r7-07,11,https://www.kkr.mlit.go.jp/plan/jigyousya/technical_information/gijutsukanri/qgl8vl0000004zj9-att/2025_07tanka.pdf,PDL1.0,c7752fd452cb,近畿地整が独自調査で設定した単価(物価資料に載っていない地区・規格だけ)。消費税抜き。
4c05466dde90e105,JP,material,生コンクリート・モルタル,生コンクリート,１８－１５－２５（２０） [単位水量175以下W/C60以下],m3,bureau_area,18,福井県,福井 池田町他,,,17700,JPY,design_unit_price_ex_tax,published_pdl,,,2025-07,2025-07-01,kkr-zairyo-r7-07,11,https://www.kkr.mlit.go.jp/plan/jigyousya/technical_information/gijutsukanri/qgl8vl0000004zj9-att/2025_07tanka.pdf,PDL1.0,0f948effd799,近畿地整が独自調査で設定した単価(物価資料に載っていない地区・規格だけ)。消費税抜き。
f2b282269ad57e5c,JP,material,生コンクリート・モルタル,生コンクリート,１８－１５－２５（２０） [単位水量175以下W/C60以下],m3,bureau_area,18,福井県,福井 大野市 / 旧和泉村,,,23500,JPY,design_unit_price_ex_tax,published_pdl,,,2025-07,2025-07-01,kkr-zairyo-r7-07,11,https://www.kkr.mlit.go.jp/plan/jigyousya/technical_information/gijutsukanri/qgl8vl0000004zj9-att/2025_07tanka.pdf,PDL1.0,0f948effd799,近畿地整が独自調査で設定した単価(物価資料に載っていない地区・規格だけ)。消費税抜き。
602fde0b9eaf5e66,JP,material,生コンクリート・モルタル,生コンクリート,１８－１５－２５（２０） [単位水量175以下W/C60以下],m3,bureau_area,18,福井県,福井 冠山峠地区,,,25300,JPY,design_unit_price_ex_tax,published_pdl,,,2025-07,2025-07-01,kkr-zairyo-r7-07,11,https://www.kkr.mlit.go.jp/plan/jigyousya/technical_information/gijutsukanri/qgl8vl0000004zj9-att/2025_07tanka.pdf,PDL1.0,0f948effd799,近畿地整が独自調査で設定した単価(物価資料に載っていない地区・規格だけ)。消費税抜き。
17e8736207c915c4,JP,material,生コンクリート・モルタル,生コンクリート,１８－１８－２５（２０） [単位水量175以下W/C60以下],m3,bureau_area,18,福井県,福井 池田町他,,,17700,JPY,design_unit_price_ex_tax,published_pdl,,,2025-07,2025-07-01,kkr-zairyo-r7-07,11,https://www.kkr.mlit.go.jp/plan/jigyousya/technical_information/gijutsukanri/qgl8vl0000004zj9-att/2025_07tanka.pdf,PDL1.0,739a5c3bcc24,近畿地整が独自調査で設定した単価(物価資料に載っていない地区・規格だけ)。消費税抜き。
0cb5be93ab0390c0,JP,material,生コンクリート・モルタル,生コンクリート,１８－１８－２５（２０） [単位水量175以下W/C60以下],m3,bureau_area,18,福井県,福井 冠山峠地区,,,25300,JPY,design_unit_price_ex_tax,published_pdl,,,2025-07,2025-07-01,kkr-zairyo-r7-07,11,https://www.kkr.mlit.go.jp/plan/jigyousya/technical_information/gijutsukanri/qgl8vl0000004zj9-att/2025_07tanka.pdf,PDL1.0,739a5c3bcc24,近畿地整が独自調査で設定した単価(物価資料に載っていない地区・規格だけ)。消費税抜き。
a4f7b04828bdf637,JP,material,生コンクリート・モルタル,生コンクリート,２１－８－２５（２０） [単位水量175以下W/C60以下],m3,bureau_area,18,福井県,福井 池田町他,,,16900,JPY,design_unit_price_ex_tax,published_pdl,,,2025-07,2025-07-01,kkr-zairyo-r7-07,11,https://www.kkr.mlit.go.jp/plan/jigyousya/technical_information/gijutsukanri/qgl8vl0000004zj9-att/2025_07tanka.pdf,PDL1.0,482f8152d5c5,近畿地整が独自調査で設定した単価(物価資料に載っていない地区・規格だけ)。消費税抜き。
4c032908da024890,JP,material,生コンクリート・モルタル,生コンクリート,２１－８－２５（２０） [単位水量175以下W/C60以下],m3,bureau_area,18,福井県,福井 大野市 / 旧和泉村,,,23000,JPY,design_unit_price_ex_tax,published_pdl,,,2025-07,2025-07-01,kkr-zairyo-r7-07,11,https://www.kkr.mlit.go.jp/plan/jigyousya/technical_information/gijutsukanri/qgl8vl0000004zj9-att/2025_07tanka.pdf,PDL1.0,482f8152d5c5,近畿地整が独自調査で設定した単価(物価資料に載っていない地区・規格だけ)。消費税抜き。
c24439c9742c93c6,JP,material,生コンクリート・モルタル,生コンクリート,２１－８－２５（２０） [単位水量175以下W/C60以下],m3,bureau_area,18,福井県,福井 冠山峠地区,,,24500,JPY,design_unit_price_ex_tax,published_pdl,,,2025-07,2025-07-01,kkr-zairyo-r7-07,11,https://www.kkr.mlit.go.jp/plan/jigyousya/technical_information/gijutsukanri/qgl8vl0000004zj9-att/2025_07tanka.pdf,PDL1.0,482f8152d5c5,近畿地整が独自調査で設定した単価(物価資料に載っていない地区・規格だけ)。消費税抜き。
b5bb8ed427284ad5,JP,material,生コンクリート・モルタル,生コンクリート,２１－１５－２５（２０） [単位水量175以下W/C60以下],m3,bureau_area,18,福井県,福井 池田町他,,,17700,JPY,design_unit_price_ex_tax,published_pdl,,,2025-07,2025-07-01,kkr-zairyo-r7-07,11,https://www.kkr.mlit.go.jp/plan/jigyousya/technical_information/gijutsukanri/qgl8vl0000004zj9-att/2025_07tanka.pdf,PDL1.0,4b73c3134218,近畿地整が独自調査で設定した単価(物価資料に載っていない地区・規格だけ)。消費税抜き。
2f40984716907fe9,JP,material,生コンクリート・モルタル,生コンクリート,２１－１５－２５（２０） [単位水量175以下W/C60以下],m3,bureau_area,18,福井県,福井 大野市 / 旧和泉村,,,23500,JPY,design_unit_price_ex_tax,published_pdl,,,2025-07,2025-07-01,kkr-zairyo-r7-07,11,https://www.kkr.mlit.go.jp/plan/jigyousya/technical_information/gijutsukanri/qgl8vl0000004zj9-att/2025_07tanka.pdf,PDL1.0,4b73c3134218,近畿地整が独自調査で設定した単価(物価資料に載っていない地区・規格だけ)。消費税抜き。
f527b7ef2e58f0ad,JP,material,生コンクリート・モルタル,生コンクリート,２１－１５－２５（２０） [単位水量175以下W/C60以下],m3,bureau_area,18,福井県,福井 冠山峠地区,,,25300,JPY,design_unit_price_ex_tax,published_pdl,,,2025-07,2025-07-01,kkr-zairyo-r7-07,11,https://www.kkr.mlit.go.jp/plan/jigyousya/technical_information/gijutsukanri/qgl8vl0000004zj9-att/2025_07tanka.pdf,PDL1.0,4b73c3134218,近畿地整が独自調査で設定した単価(物価資料に載っていない地区・規格だけ)。消費税抜き。
3c4ed8deb70e12fd,JP,material,生コンクリート・モルタル,生コンクリート,２１－１８－２５（２０） [単位水量175以下W/C60以下],m3,bureau_area,18,福井県,福井 池田町他,,,17700,JPY,design_unit_price_ex_tax,published_pdl,,,2025-07,2025-07-01,kkr-zairyo-r7-07,11,https://www.kkr.mlit.go.jp/plan/jigyousya/technical_information/gijutsukanri/qgl8vl0000004zj9-att/2025_07tanka.pdf,PDL1.0,53196cad57e3,近畿地整が独自調査で設定した単価(物価資料に載っていない地区・規格だけ)。消費税抜き。
0d0d9b35c5004a9f,JP,material,生コンクリート・モルタル,生コンクリート,２１－１８－２５（２０） [単位水量175以下W/C60以下],m3,bureau_area,18,福井県,福井 冠山峠地区,,,25300,JPY,design_unit_price_ex_tax,published_pdl,,,2025-07,2025-07-01,kkr-zairyo-r7-07,11,https://www.kkr.mlit.go.jp/plan/jigyousya/technical_information/gijutsukanri/qgl8vl0000004zj9-att/2025_07tanka.pdf,PDL1.0,53196cad57e3,近畿地整が独自調査で設定した単価(物価資料に載っていない地区・規格だけ)。消費税抜き。
69444e029265d03a,JP,material,生コンクリート・モルタル,生コンクリート,２４－８－２５（２０） [単位水量175以下W/C55以下],m3,bureau_area,18,福井県,福井 池田町他,,,17500,JPY,design_unit_price_ex_tax,published_pdl,,,2025-07,2025-07-01,kkr-zairyo-r7-07,11,https://www.kkr.mlit.go.jp/plan/jigyousya/technical_information/gijutsukanri/qgl8vl0000004zj9-att/2025_07tanka.pdf,PDL1.0,c7034bd79cbd,近畿地整が独自調査で設定した単価(物価資料に載っていない地区・規格だけ)。消費税抜き。
6a4547c80aa4b210,JP,material,生コンクリート・モルタル,生コンクリート,２４－８－２５（２０） [単位水量175以下W/C55以下],m3,bureau_area,18,福井県,福井 大野市 / 旧和泉村,,,23300,JPY,design_unit_price_ex_tax,published_pdl,,,2025-07,2025-07-01,kkr-zairyo-r7-07,11,https://www.kkr.mlit.go.jp/plan/jigyousya/technical_information/gijutsukanri/qgl8vl0000004zj9-att/2025_07tanka.pdf,PDL1.0,c7034bd79cbd,近畿地整が独自調査で設定した単価(物価資料に載っていない地区・規格だけ)。消費税抜き。
9bcec5a6700c85c3,JP,material,生コンクリート・モルタル,生コンクリート,２４－８－２５（２０） [単位水量175以下W/C55以下],m3,bureau_area,18,福井県,福井 冠山峠地区,,,25100,JPY,design_unit_price_ex_tax,published_pdl,,,2025-07,2025-07-01,kkr-zairyo-r7-07,11,https://www.kkr.mlit.go.jp/plan/jigyousya/technical_information/gijutsukanri/qgl8vl0000004zj9-att/2025_07tanka.pdf,PDL1.0,c7034bd79cbd,近畿地整が独自調査で設定した単価(物価資料に載っていない地区・規格だけ)。消費税抜き。
db1675ddd3ca4a0e,JP,material,生コンクリート・モルタル,生コンクリート,２４－１２－２５（２０） [単位水量175以下W/C55以下],m3,bureau_area,18,福井県,福井 池田町他,,,17700,JPY,design_unit_price_ex_tax,published_pdl,,,2025-07,2025-07-01,kkr-zairyo-r7-07,11,https://www.kkr.mlit.go.jp/plan/jigyousya/technical_information/gijutsukanri/qgl8vl0000004zj9-att/2025_07tanka.pdf,PDL1.0,2e29a57cb46e,近畿地整が独自調査で設定した単価(物価資料に載っていない地区・規格だけ)。消費税抜き。
327120dbb74c1b7b,JP,material,生コンクリート・モルタル,生コンクリート,２４－１２－２５（２０） [単位水量175以下W/C55以下],m3,bureau_area,18,福井県,福井 大野市 / 旧和泉村,,,23500,JPY,design_unit_price_ex_tax,published_pdl,,,2025-07,2025-07-01,kkr-zairyo-r7-07,11,https://www.kkr.mlit.go.jp/plan/jigyousya/technical_information/gijutsukanri/qgl8vl0000004zj9-att/2025_07tanka.pdf,PDL1.0,2e29a57cb46e,近畿地整が独自調査で設定した単価(物価資料に載っていない地区・規格だけ)。消費税抜き。
3f0373e39e38c579,JP,material,生コンクリート・モルタル,生コンクリート,２４－１２－２５（２０） [単位水量175以下W/C55以下],m3,bureau_area,18,福井県,福井 冠山峠地区,,,25300,JPY,design_unit_price_ex_tax,published_pdl,,,2025-07,2025-07-01,kkr-zairyo-r7-07,11,https://www.kkr.mlit.go.jp/plan/jigyousya/technical_information/gijutsukanri/qgl8vl0000004zj9-att/2025_07tanka.pdf,PDL1.0,2e29a57cb46e,近畿地整が独自調査で設定した単価(物価資料に載っていない地区・規格だけ)。消費税抜き。
1b70ffbefe81f8cc,JP,material,生コンクリート・モルタル,生コンクリート,２７－８－２５（２０） [単位水量175以下W/C55以下],m3,bureau_area,18,福井県,福井 池田町他,,,17500,JPY,design_unit_price_ex_tax,published_pdl,,,2025-07,2025-07-01,kkr-zairyo-r7-07,11,https://www.kkr.mlit.go.jp/plan/jigyousya/technical_information/gijutsukanri/qgl8vl0000004zj9-att/2025_07tanka.pdf,PDL1.0,657cfbeea5e6,近畿地整が独自調査で設定した単価(物価資料に載っていない地区・規格だけ)。消費税抜き。
c3e9bdff8df13b0e,JP,material,生コンクリート・モルタル,生コンクリート,２７－８－２５（２０） [単位水量175以下W/C55以下],m3,bureau_area,18,福井県,福井 大野市 / 旧和泉村,,,23300,JPY,design_unit_price_ex_tax,published_pdl,,,2025-07,2025-07-01,kkr-zairyo-r7-07,11,https://www.kkr.mlit.go.jp/plan/jigyousya/technical_information/gijutsukanri/qgl8vl0000004zj9-att/2025_07tanka.pdf,PDL1.0,657cfbeea5e6,近畿地整が独自調査で設定した単価(物価資料に載っていない地区・規格だけ)。消費税抜き。
ba7b399a6856d4b4,JP,material,生コンクリート・モルタル,生コンクリート,２７－８－２５（２０） [単位水量175以下W/C55以下],m3,bureau_area,18,福井県,福井 冠山峠地区,,,25100,JPY,design_unit_price_ex_tax,published_pdl,,,2025-07,2025-07-01,kkr-zairyo-r7-07,11,https://www.kkr.mlit.go.jp/plan/jigyousya/technical_information/gijutsukanri/qgl8vl0000004zj9-att/2025_07tanka.pdf,PDL1.0,657cfbeea5e6,近畿地整が独自調査で設定した単価(物価資料に載っていない地区・規格だけ)。消費税抜き。
1ab0aa7469cacdef,JP,material,生コンクリート・モルタル,生コンクリート,２７－１２－２５（２０） [単位水量175以下W/C55以下],m3,bureau_area,18,福井県,福井 池田町他,,,17700,JPY,design_unit_price_ex_tax,published_pdl,,,2025-07,2025-07-01,kkr-zairyo-r7-07,11,https://www.kkr.mlit.go.jp/plan/jigyousya/technical_information/gijutsukanri/qgl8vl0000004zj9-att/2025_07tanka.pdf,PDL1.0,,近畿地整が独自調査で設定した単価(物価資料に載っていない地区・規格だけ)。消費税抜き。
abe28e3a00a09aaa,JP,material,生コンクリート・モルタル,生コンクリート,２７－１２－２５（２０） [単位水量175以下W/C55以下],m3,bureau_area,18,福井県,福井 大野市 / 旧和泉村,,,23500,JPY,design_unit_price_ex_tax,published_pdl,,,2025-07,2025-07-01,kkr-zairyo-r7-07,11,https://www.kkr.mlit.go.jp/plan/jigyousya/technical_information/gijutsukanri/qgl8vl0000004zj9-att/2025_07tanka.pdf,PDL1.0,,近畿地整が独自調査で設定した単価(物価資料に載っていない地区・規格だけ)。消費税抜き。
abf013a922ad1f8b,JP,material,生コンクリート・モルタル,生コンクリート,２７－１２－２５（２０） [単位水量175以下W/C55以下],m3,bureau_area,18,福井県,福井 冠山峠地区,,,25300,JPY,design_unit_price_ex_tax,published_pdl,,,2025-07,2025-07-01,kkr-zairyo-r7-07,11,https://www.kkr.mlit.go.jp/plan/jigyousya/technical_information/gijutsukanri/qgl8vl0000004zj9-att/2025_07tanka.pdf,PDL1.0,,近畿地整が独自調査で設定した単価(物価資料に載っていない地区・規格だけ)。消費税抜き。
aa3dded8aa39761b,JP,material,生コンクリート・モルタル,生コンクリート,３０－８－２５（２０） [単位水量175以下W/C55以下],m3,bureau_area,18,福井県,福井 池田町他,,,17800,JPY,design_unit_price_ex_tax,published_pdl,,,2025-07,2025-07-01,kkr-zairyo-r7-07,11,https://www.kkr.mlit.go.jp/plan/jigyousya/technical_information/gijutsukanri/qgl8vl0000004zj9-att/2025_07tanka.pdf,PDL1.0,584e4bdc5be9,近畿地整が独自調査で設定した単価(物価資料に載っていない地区・規格だけ)。消費税抜き。
d3a050abb022bbcf,JP,material,生コンクリート・モルタル,生コンクリート,３０－８－２５（２０） [単位水量175以下W/C55以下],m3,bureau_area,18,福井県,福井 大野市 / 旧和泉村,,,23600,JPY,design_unit_price_ex_tax,published_pdl,,,2025-07,2025-07-01,kkr-zairyo-r7-07,11,https://www.kkr.mlit.go.jp/plan/jigyousya/technical_information/gijutsukanri/qgl8vl0000004zj9-att/2025_07tanka.pdf,PDL1.0,584e4bdc5be9,近畿地整が独自調査で設定した単価(物価資料に載っていない地区・規格だけ)。消費税抜き。
ab8c869818a51198,JP,material,生コンクリート・モルタル,生コンクリート,３０－８－２５（２０） [単位水量175以下W/C55以下],m3,bureau_area,18,福井県,福井 冠山峠地区,,,25400,JPY,design_unit_price_ex_tax,published_pdl,,,2025-07,2025-07-01,kkr-zairyo-r7-07,11,https://www.kkr.mlit.go.jp/plan/jigyousya/technical_information/gijutsukanri/qgl8vl0000004zj9-att/2025_07tanka.pdf,PDL1.0,584e4bdc5be9,近畿地整が独自調査で設定した単価(物価資料に載っていない地区・規格だけ)。消費税抜き。
08eef6b4b78a4c3b,JP,material,生コンクリート・モルタル,生コンクリート,３０－１２－２５（２０） [単位水量175以下W/C55以下],m3,bureau_area,18,福井県,福井 池田町他,,,18000,JPY,design_unit_price_ex_tax,published_pdl,,,2025-07,2025-07-01,kkr-zairyo-r7-07,11,https://www.kkr.mlit.go.jp/plan/jigyousya/technical_information/gijutsukanri/qgl8vl0000004zj9-att/2025_07tanka.pdf,PDL1.0,,近畿地整が独自調査で設定した単価(物価資料に載っていない地区・規格だけ)。消費税抜き。
fc89451d5c126ced,JP,material,生コンクリート・モルタル,生コンクリート,３０－１２－２５（２０） [単位水量175以下W/C55以下],m3,bureau_area,18,福井県,福井 大野市 / 旧和泉村,,,23800,JPY,design_unit_price_ex_tax,published_pdl,,,2025-07,2025-07-01,kkr-zairyo-r7-07,11,https://www.kkr.mlit.go.jp/plan/jigyousya/technical_information/gijutsukanri/qgl8vl0000004zj9-att/2025_07tanka.pdf,PDL1.0,,近畿地整が独自調査で設定した単価(物価資料に載っていない地区・規格だけ)。消費税抜き。
2e582e82773f5036,JP,material,生コンクリート・モルタル,生コンクリート,３０－１２－２５（２０） [単位水量175以下W/C55以下],m3,bureau_area,18,福井県,福井 冠山峠地区,,,25600,JPY,design_unit_price_ex_tax,published_pdl,,,2025-07,2025-07-01,kkr-zairyo-r7-07,11,https://www.kkr.mlit.go.jp/plan/jigyousya/technical_information/gijutsukanri/qgl8vl0000004zj9-att/2025_07tanka.pdf,PDL1.0,,近畿地整が独自調査で設定した単価(物価資料に載っていない地区・規格だけ)。消費税抜き。
134f0fba94f37c16,JP,material,生コンクリート・モルタル,生コンクリート,３６－８－２５（２０） [単位水量175以下W/C55以下],m3,bureau_area,18,福井県,福井 池田町他,,,18500,JPY,design_unit_price_ex_tax,published_pdl,,,2025-07,2025-07-01,kkr-zairyo-r7-07,11,https://www.kkr.mlit.go.jp/plan/jigyousya/technical_information/gijutsukanri/qgl8vl0000004zj9-att/2025_07tanka.pdf,PDL1.0,193e785636bd,近畿地整が独自調査で設定した単価(物価資料に載っていない地区・規格だけ)。消費税抜き。
75ba853ce4640659,JP,material,生コンクリート・モルタル,生コンクリート,３６－８－２５（２０） [単位水量175以下W/C55以下],m3,bureau_area,18,福井県,福井 大野市 / 旧和泉村,,,24300,JPY,design_unit_price_ex_tax,published_pdl,,,2025-07,2025-07-01,kkr-zairyo-r7-07,11,https://www.kkr.mlit.go.jp/plan/jigyousya/technical_information/gijutsukanri/qgl8vl0000004zj9-att/2025_07tanka.pdf,PDL1.0,193e785636bd,近畿地整が独自調査で設定した単価(物価資料に載っていない地区・規格だけ)。消費税抜き。
8e2607df35c2e8cd,JP,material,生コンクリート・モルタル,生コンクリート,３６－８－２５（２０） [単位水量175以下W/C55以下],m3,bureau_area,18,福井県,福井 冠山峠地区,,,26100,JPY,design_unit_price_ex_tax,published_pdl,,,2025-07,2025-07-01,kkr-zairyo-r7-07,11,https://www.kkr.mlit.go.jp/plan/jigyousya/technical_information/gijutsukanri/qgl8vl0000004zj9-att/2025_07tanka.pdf,PDL1.0,193e785636bd,近畿地整が独自調査で設定した単価(物価資料に載っていない地区・規格だけ)。消費税抜き。
1227b187ff23fb05,JP,material,生コンクリート・モルタル,生コンクリート,４０－８－２５（２０） [単位水量175以下W/C55以下],m3,bureau_area,18,福井県,福井 池田町他,,,21000,JPY,design_unit_price_ex_tax,published_pdl,,,2025-07,2025-07-01,kkr-zairyo-r7-07,11,https://www.kkr.mlit.go.jp/plan/jigyousya/technical_information/gijutsukanri/qgl8vl0000004zj9-att/2025_07tanka.pdf,PDL1.0,112927640be2,近畿地整が独自調査で設定した単価(物価資料に載っていない地区・規格だけ)。消費税抜き。
f034f44e4d628c8b,JP,material,生コンクリート・モルタル,生コンクリート,４０－８－２５（２０） [単位水量175以下W/C55以下],m3,bureau_area,18,福井県,福井 大野市 / 旧和泉村,,,26800,JPY,design_unit_price_ex_tax,published_pdl,,,2025-07,2025-07-01,kkr-zairyo-r7-07,11,https://www.kkr.mlit.go.jp/plan/jigyousya/technical_information/gijutsukanri/qgl8vl0000004zj9-att/2025_07tanka.pdf,PDL1.0,112927640be2,近畿地整が独自調査で設定した単価(物価資料に載っていない地区・規格だけ)。消費税抜き。
705c0965fa8cd706,JP,material,生コンクリート・モルタル,生コンクリート,４０－８－２５（２０） [単位水量175以下W/C55以下],m3,bureau_area,18,福井県,福井 冠山峠地区,,,28600,JPY,design_unit_price_ex_tax,published_pdl,,,2025-07,2025-07-01,kkr-zairyo-r7-07,11,https://www.kkr.mlit.go.jp/plan/jigyousya/technical_information/gijutsukanri/qgl8vl0000004zj9-att/2025_07tanka.pdf,PDL1.0,112927640be2,近畿地整が独自調査で設定した単価(物価資料に載っていない地区・規格だけ)。消費税抜き。
c34bdb383ee99a7e,JP,material,生コンクリート・モルタル,生コンクリート,１８－５－４０ [単位水量165以下W/C60以下],m3,bureau_area,18,福井県,福井 池田町他,,,16900,JPY,design_unit_price_ex_tax,published_pdl,,,2025-07,2025-07-01,kkr-zairyo-r7-07,11,https://www.kkr.mlit.go.jp/plan/jigyousya/technical_information/gijutsukanri/qgl8vl0000004zj9-att/2025_07tanka.pdf,PDL1.0,f12f38c0ab30,近畿地整が独自調査で設定した単価(物価資料に載っていない地区・規格だけ)。消費税抜き。
e8d645fe1c8264f3,JP,material,生コンクリート・モルタル,生コンクリート,１８－５－４０ [単位水量165以下W/C60以下],m3,bureau_area,18,福井県,福井 大野市 / 旧和泉村,,,23000,JPY,design_unit_price_ex_tax,published_pdl,,,2025-07,2025-07-01,kkr-zairyo-r7-07,11,https://www.kkr.mlit.go.jp/plan/jigyousya/technical_information/gijutsukanri/qgl8vl0000004zj9-att/2025_07tanka.pdf,PDL1.0,f12f38c0ab30,近畿地整が独自調査で設定した単価(物価資料に載っていない地区・規格だけ)。消費税抜き。
57cd8ec52bafca72,JP,material,生コンクリート・モルタル,生コンクリート,１８－５－４０ [単位水量165以下W/C60以下],m3,bureau_area,18,福井県,福井 冠山峠地区,,,24500,JPY,design_unit_price_ex_tax,published_pdl,,,2025-07,2025-07-01,kkr-zairyo-r7-07,11,https://www.kkr.mlit.go.jp/plan/jigyousya/technical_information/gijutsukanri/qgl8vl0000004zj9-att/2025_07tanka.pdf,PDL1.0,f12f38c0ab30,近畿地整が独自調査で設定した単価(物価資料に載っていない地区・規格だけ)。消費税抜き。
6aae313029b5d68a,JP,material,生コンクリート・モルタル,生コンクリート,１８－８－４０ [単位水量165以下W/C60以下],m3,bureau_area,18,福井県,福井 池田町他,,,16900,JPY,design_unit_price_ex_tax,published_pdl,,,2025-07,2025-07-01,kkr-zairyo-r7-07,11,https://www.kkr.mlit.go.jp/plan/jigyousya/technical_information/gijutsukanri/qgl8vl0000004zj9-att/2025_07tanka.pdf,PDL1.0,a127d57ee7b5,近畿地整が独自調査で設定した単価(物価資料に載っていない地区・規格だけ)。消費税抜き。
85725e01892f2037,JP,material,生コンクリート・モルタル,生コンクリート,１８－８－４０ [単位水量165以下W/C60以下],m3,bureau_area,18,福井県,福井 大野市 / 旧和泉村,,,23000,JPY,design_unit_price_ex_tax,published_pdl,,,2025-07,2025-07-01,kkr-zairyo-r7-07,11,https://www.kkr.mlit.go.jp/plan/jigyousya/technical_information/gijutsukanri/qgl8vl0000004zj9-att/2025_07tanka.pdf,PDL1.0,a127d57ee7b5,近畿地整が独自調査で設定した単価(物価資料に載っていない地区・規格だけ)。消費税抜き。
1de1b28c3a8e357e,JP,material,生コンクリート・モルタル,生コンクリート,１８－８－４０ [単位水量165以下W/C60以下],m3,bureau_area,18,福井県,福井 冠山峠地区,,,24500,JPY,design_unit_price_ex_tax,published_pdl,,,2025-07,2025-07-01,kkr-zairyo-r7-07,11,https://www.kkr.mlit.go.jp/plan/jigyousya/technical_information/gijutsukanri/qgl8vl0000004zj9-att/2025_07tanka.pdf,PDL1.0,a127d57ee7b5,近畿地整が独自調査で設定した単価(物価資料に載っていない地区・規格だけ)。消費税抜き。
1e416372748b91f0,JP,material,生コンクリート・モルタル,生コンクリート,１８－８－４０ Ｃ＝２３０以上 [単位水量165以下W/C60以下],m3,bureau_area,18,福井県,福井 池田町他,,,16900,JPY,design_unit_price_ex_tax,published_pdl,,,2025-07,2025-07-01,kkr-zairyo-r7-07,11,https://www.kkr.mlit.go.jp/plan/jigyousya/technical_information/gijutsukanri/qgl8vl0000004zj9-att/2025_07tanka.pdf,PDL1.0,,近畿地整が独自調査で設定した単価(物価資料に載っていない地区・規格だけ)。消費税抜き。
3e36da135eb8c975,JP,material,生コンクリート・モルタル,生コンクリート,１８－８－４０ Ｃ＝２３０以上 [単位水量165以下W/C60以下],m3,bureau_area,18,福井県,福井 大野市 / 旧和泉村,,,23000,JPY,design_unit_price_ex_tax,published_pdl,,,2025-07,2025-07-01,kkr-zairyo-r7-07,11,https://www.kkr.mlit.go.jp/plan/jigyousya/technical_information/gijutsukanri/qgl8vl0000004zj9-att/2025_07tanka.pdf,PDL1.0,,近畿地整が独自調査で設定した単価(物価資料に載っていない地区・規格だけ)。消費税抜き。
100b16d15cb05abd,JP,material,生コンクリート・モルタル,生コンクリート,１８－８－４０ Ｃ＝２３０以上 [単位水量165以下W/C60以下],m3,bureau_area,18,福井県,福井 冠山峠地区,,,24500,JPY,design_unit_price_ex_tax,published_pdl,,,2025-07,2025-07-01,kkr-zairyo-r7-07,11,https://www.kkr.mlit.go.jp/plan/jigyousya/technical_information/gijutsukanri/qgl8vl0000004zj9-att/2025_07tanka.pdf,PDL1.0,,近畿地整が独自調査で設定した単価(物価資料に載っていない地区・規格だけ)。消費税抜き。
e9f2ec0313eedc32,JP,material,生コンクリート・モルタル,生コンクリート,１８－１２－４０ [単位水量165以下W/C60以下],m3,bureau_area,18,福井県,福井 池田町他,,,17100,JPY,design_unit_price_ex_tax,published_pdl,,,2025-07,2025-07-01,kkr-zairyo-r7-07,11,https://www.kkr.mlit.go.jp/plan/jigyousya/technical_information/gijutsukanri/qgl8vl0000004zj9-att/2025_07tanka.pdf,PDL1.0,a0a2b7e37a63,近畿地整が独自調査で設定した単価(物価資料に載っていない地区・規格だけ)。消費税抜き。
078c6665be5c4cef,JP,material,生コンクリート・モルタル,生コンクリート,１８－１２－４０ [単位水量165以下W/C60以下],m3,bureau_area,18,福井県,福井 大野市 / 旧和泉村,,,23200,JPY,design_unit_price_ex_tax,published_pdl,,,2025-07,2025-07-01,kkr-zairyo-r7-07,11,https://www.kkr.mlit.go.jp/plan/jigyousya/technical_information/gijutsukanri/qgl8vl0000004zj9-att/2025_07tanka.pdf,PDL1.0,a0a2b7e37a63,近畿地整が独自調査で設定した単価(物価資料に載っていない地区・規格だけ)。消費税抜き。
76963a0d8506962a,JP,material,生コンクリート・モルタル,生コンクリート,１８－１２－４０ [単位水量165以下W/C60以下],m3,bureau_area,18,福井県,福井 冠山峠地区,,,24700,JPY,design_unit_price_ex_tax,published_pdl,,,2025-07,2025-07-01,kkr-zairyo-r7-07,11,https://www.kkr.mlit.go.jp/plan/jigyousya/technical_information/gijutsukanri/qgl8vl0000004zj9-att/2025_07tanka.pdf,PDL1.0,a0a2b7e37a63,近畿地整が独自調査で設定した単価(物価資料に載っていない地区・規格だけ)。消費税抜き。
07820cf31406110e,JP,material,生コンクリート・モルタル,生コンクリート,１８－１２－４０ Ｃ＝２７０ [単位水量165以下W/C60以下],m3,bureau_area,18,福井県,福井 池田町他,,,17400,JPY,design_unit_price_ex_tax,published_pdl,,,2025-07,2025-07-01,kkr-zairyo-r7-07,11,https://www.kkr.mlit.go.jp/plan/jigyousya/technical_information/gijutsukanri/qgl8vl0000004zj9-att/2025_07tanka.pdf,PDL1.0,,近畿地整が独自調査で設定した単価(物価資料に載っていない地区・規格だけ)。消費税抜き。
0f89e7bbbbea1812,JP,material,生コンクリート・モルタル,生コンクリート,１８－１２－４０ Ｃ＝２７０ [単位水量165以下W/C60以下],m3,bureau_area,18,福井県,福井 大野市 / 旧和泉村,,,23200,JPY,design_unit_price_ex_tax,published_pdl,,,2025-07,2025-07-01,kkr-zairyo-r7-07,11,https://www.kkr.mlit.go.jp/plan/jigyousya/technical_information/gijutsukanri/qgl8vl0000004zj9-att/2025_07tanka.pdf,PDL1.0,,近畿地整が独自調査で設定した単価(物価資料に載っていない地区・規格だけ)。消費税抜き。
da72bb1d06b4f1d4,JP,material,生コンクリート・モルタル,生コンクリート,１８－１２－４０ Ｃ＝２７０ [単位水量165以下W/C60以下],m3,bureau_area,18,福井県,福井 冠山峠地区,,,25000,JPY,design_unit_price_ex_tax,published_pdl,,,2025-07,2025-07-01,kkr-zairyo-r7-07,11,https://www.kkr.mlit.go.jp/plan/jigyousya/technical_information/gijutsukanri/qgl8vl0000004zj9-att/2025_07tanka.pdf,PDL1.0,,近畿地整が独自調査で設定した単価(物価資料に載っていない地区・規格だけ)。消費税抜き。
eb365e93ef4d5ecb,JP,material,生コンクリート・モルタル,生コンクリート,２１－５－４０ [単位水量165以下W/C60以下],m3,bureau_area,18,福井県,福井 池田町他,,,16900,JPY,design_unit_price_ex_tax,published_pdl,,,2025-07,2025-07-01,kkr-zairyo-r7-07,11,https://www.kkr.mlit.go.jp/plan/jigyousya/technical_information/gijutsukanri/qgl8vl0000004zj9-att/2025_07tanka.pdf,PDL1.0,d935f5461a1f,近畿地整が独自調査で設定した単価(物価資料に載っていない地区・規格だけ)。消費税抜き。
14ceda9e3d243b50,JP,material,生コンクリート・モルタル,生コンクリート,２１－５－４０ [単位水量165以下W/C60以下],m3,bureau_area,18,福井県,福井 大野市 / 旧和泉村,,,23000,JPY,design_unit_price_ex_tax,published_pdl,,,2025-07,2025-07-01,kkr-zairyo-r7-07,11,https://www.kkr.mlit.go.jp/plan/jigyousya/technical_information/gijutsukanri/qgl8vl0000004zj9-att/2025_07tanka.pdf,PDL1.0,d935f5461a1f,近畿地整が独自調査で設定した単価(物価資料に載っていない地区・規格だけ)。消費税抜き。
174867721c6c2177,JP,material,生コンクリート・モルタル,生コンクリート,２１－５－４０ [単位水量165以下W/C60以下],m3,bureau_area,18,福井県,福井 冠山峠地区,,,24500,JPY,design_unit_price_ex_tax,published_pdl,,,2025-07,2025-07-01,kkr-zairyo-r7-07,11,https://www.kkr.mlit.go.jp/plan/jigyousya/technical_information/gijutsukanri/qgl8vl0000004zj9-att/2025_07tanka.pdf,PDL1.0,d935f5461a1f,近畿地整が独自調査で設定した単価(物価資料に載っていない地区・規格だけ)。消費税抜き。
b9c67cc9f6450e4b,JP,material,生コンクリート・モルタル,生コンクリート,２１－８－４０ [単位水量165以下W/C60以下],m3,bureau_area,18,福井県,福井 池田町他,,,16900,JPY,design_unit_price_ex_tax,published_pdl,,,2025-07,2025-07-01,kkr-zairyo-r7-07,11,https://www.kkr.mlit.go.jp/plan/jigyousya/technical_information/gijutsukanri/qgl8vl0000004zj9-att/2025_07tanka.pdf,PDL1.0,4437d43ce7c4,近畿地整が独自調査で設定した単価(物価資料に載っていない地区・規格だけ)。消費税抜き。
83fe21dee74a7c62,JP,material,生コンクリート・モルタル,生コンクリート,２１－８－４０ [単位水量165以下W/C60以下],m3,bureau_area,18,福井県,福井 大野市 / 旧和泉村,,,23000,JPY,design_unit_price_ex_tax,published_pdl,,,2025-07,2025-07-01,kkr-zairyo-r7-07,11,https://www.kkr.mlit.go.jp/plan/jigyousya/technical_information/gijutsukanri/qgl8vl0000004zj9-att/2025_07tanka.pdf,PDL1.0,4437d43ce7c4,近畿地整が独自調査で設定した単価(物価資料に載っていない地区・規格だけ)。消費税抜き。
cabb0b615d3677c0,JP,material,生コンクリート・モルタル,生コンクリート,２１－８－４０ [単位水量165以下W/C60以下],m3,bureau_area,18,福井県,福井 冠山峠地区,,,24500,JPY,design_unit_price_ex_tax,published_pdl,,,2025-07,2025-07-01,kkr-zairyo-r7-07,11,https://www.kkr.mlit.go.jp/plan/jigyousya/technical_information/gijutsukanri/qgl8vl0000004zj9-att/2025_07tanka.pdf,PDL1.0,4437d43ce7c4,近畿地整が独自調査で設定した単価(物価資料に載っていない地区・規格だけ)。消費税抜き。
0917b6cac7732ef6,JP,material,生コンクリート・モルタル,生コンクリート,２１－１２－４０ [単位水量165以下W/C60以下],m3,bureau_area,18,福井県,福井 池田町他,,,17100,JPY,design_unit_price_ex_tax,published_pdl,,,2025-07,2025-07-01,kkr-zairyo-r7-07,11,https://www.kkr.mlit.go.jp/plan/jigyousya/technical_information/gijutsukanri/qgl8vl0000004zj9-att/2025_07tanka.pdf,PDL1.0,8665bf049656,近畿地整が独自調査で設定した単価(物価資料に載っていない地区・規格だけ)。消費税抜き。
1b431aa0951220fa,JP,material,生コンクリート・モルタル,生コンクリート,２１－１２－４０ [単位水量165以下W/C60以下],m3,bureau_area,18,福井県,福井 大野市 / 旧和泉村,,,23200,JPY,design_unit_price_ex_tax,published_pdl,,,2025-07,2025-07-01,kkr-zairyo-r7-07,11,https://www.kkr.mlit.go.jp/plan/jigyousya/technical_information/gijutsukanri/qgl8vl0000004zj9-att/2025_07tanka.pdf,PDL1.0,8665bf049656,近畿地整が独自調査で設定した単価(物価資料に載っていない地区・規格だけ)。消費税抜き。
288941e4f2eb284f,JP,material,生コンクリート・モルタル,生コンクリート,２１－１２－４０ [単位水量165以下W/C60以下],m3,bureau_area,18,福井県,福井 冠山峠地区,,,24700,JPY,design_unit_price_ex_tax,published_pdl,,,2025-07,2025-07-01,kkr-zairyo-r7-07,11,https://www.kkr.mlit.go.jp/plan/jigyousya/technical_information/gijutsukanri/qgl8vl0000004zj9-att/2025_07tanka.pdf,PDL1.0,8665bf049656,近畿地整が独自調査で設定した単価(物価資料に載っていない地区・規格だけ)。消費税抜き。
6a1afae9d3bf103e,JP,material,生コンクリート・モルタル,生コンクリート,高炉 ３０－１８－２０（２５） Ｃ＝３５０以上 [単位水量175以下W/C55％],m3,bureau_area,26,京都府,京都北部 与謝郡他,,,29200,JPY,design_unit_price_ex_tax,published_pdl,,,2025-07,2025-07-01,kkr-zairyo-r7-07,12,https://www.kkr.mlit.go.jp/plan/jigyousya/technical_information/gijutsukanri/qgl8vl0000004zj9-att/2025_07tanka.pdf,PDL1.0,,近畿地整が独自調査で設定した単価(物価資料に載っていない地区・規格だけ)。消費税抜き。
95c954e33e785bf5,JP,material,生コンクリート・モルタル,生コンクリート,高炉 ３０－１８－２０（２５） Ｃ＝３５０以上 [単位水量175以下W/C55％],m3,bureau_area,26,京都府,京都北部 舞鶴市,,,21950,JPY,design_unit_price_ex_tax,published_pdl,,,2025-07,2025-07-01,kkr-zairyo-r7-07,12,https://www.kkr.mlit.go.jp/plan/jigyousya/technical_information/gijutsukanri/qgl8vl0000004zj9-att/2025_07tanka.pdf,PDL1.0,,近畿地整が独自調査で設定した単価(物価資料に載っていない地区・規格だけ)。消費税抜き。
2930b27fdd5f2f24,JP,material,生コンクリート・モルタル,生コンクリート,高炉 ３０－１８－２０（２５） Ｃ＝３５０以上 [単位水量175以下W/C55％],m3,bureau_area,26,京都府,京都北部 京都市２他,,,23400,JPY,design_unit_price_ex_tax,published_pdl,,,2025-07,2025-07-01,kkr-zairyo-r7-07,12,https://www.kkr.mlit.go.jp/plan/jigyousya/technical_information/gijutsukanri/qgl8vl0000004zj9-att/2025_07tanka.pdf,PDL1.0,,近畿地整が独自調査で設定した単価(物価資料に載っていない地区・規格だけ)。消費税抜き。
c567c2f160e8c567,JP,material,生コンクリート・モルタル,生コンクリート,高炉 ３０－１８－２０（２５） Ｃ＝３５０以上 [単位水量175以下W/C55％],m3,bureau_area,26,京都府,京都北部 船井郡他,,,23400,JPY,design_unit_price_ex_tax,published_pdl,,,2025-07,2025-07-01,kkr-zairyo-r7-07,12,https://www.kkr.mlit.go.jp/plan/jigyousya/technical_information/gijutsukanri/qgl8vl0000004zj9-att/2025_07tanka.pdf,PDL1.0,,近畿地整が独自調査で設定した単価(物価資料に載っていない地区・規格だけ)。消費税抜き。
c086ecc5e970bc0a,JP,material,生コンクリート・モルタル,生コンクリート,高炉 ３０－１８－２０（２５） Ｃ＝３５０以上 [単位水量175以下W/C55％],m3,bureau_area,26,京都府,京都南部 亀岡市,,,23400,JPY,design_unit_price_ex_tax,published_pdl,,,2025-07,2025-07-01,kkr-zairyo-r7-07,12,https://www.kkr.mlit.go.jp/plan/jigyousya/technical_information/gijutsukanri/qgl8vl0000004zj9-att/2025_07tanka.pdf,PDL1.0,,近畿地整が独自調査で設定した単価(物価資料に載っていない地区・規格だけ)。消費税抜き。
12d3217c4607db61,JP,material,生コンクリート・モルタル,生コンクリート,高炉 ３０－１８－２０（２５） Ｃ＝３５０以上 [単位水量175以下W/C55％],m3,bureau_area,26,京都府,京都南部 京都市１他,,,28400,JPY,design_unit_price_ex_tax,published_pdl,,,2025-07,2025-07-01,kkr-zairyo-r7-07,12,https://www.kkr.mlit.go.jp/plan/jigyousya/technical_information/gijutsukanri/qgl8vl0000004zj9-att/2025_07tanka.pdf,PDL1.0,,近畿地整が独自調査で設定した単価(物価資料に載っていない地区・規格だけ)。消費税抜き。
d6d2a87fc56d570a,JP,material,生コンクリート・モルタル,生コンクリート,高炉 ３０－１８－２０（２５） Ｃ＝３５０以上 [単位水量175以下W/C55％],m3,bureau_area,26,京都府,京都南部 宇治市他,,,28400,JPY,design_unit_price_ex_tax,published_pdl,,,2025-07,2025-07-01,kkr-zairyo-r7-07,12,https://www.kkr.mlit.go.jp/plan/jigyousya/technical_information/gijutsukanri/qgl8vl0000004zj9-att/2025_07tanka.pdf,PDL1.0,,近畿地整が独自調査で設定した単価(物価資料に載っていない地区・規格だけ)。消費税抜き。
30d0ceed8ca0f9c9,JP,material,生コンクリート・モルタル,生コンクリート,高炉 ３０－１８－２０（２５） Ｃ＝３５０以上 [単位水量175以下W/C55％],m3,bureau_area,26,京都府,京都南部 木津川市他,,,28400,JPY,design_unit_price_ex_tax,published_pdl,,,2025-07,2025-07-01,kkr-zairyo-r7-07,12,https://www.kkr.mlit.go.jp/plan/jigyousya/technical_information/gijutsukanri/qgl8vl0000004zj9-att/2025_07tanka.pdf,PDL1.0,,近畿地整が独自調査で設定した単価(物価資料に載っていない地区・規格だけ)。消費税抜き。
1d3ff3d119f9c772,JP,material,生コンクリート・モルタル,生コンクリート,３０－１８－２０（２５） Ｃ＝３５０以上 [単位水量175以下W/C55％],m3,bureau_area,26,京都府,京都北部 舞鶴市,,,21950,JPY,design_unit_price_ex_tax,published_pdl,,,2025-07,2025-07-01,kkr-zairyo-r7-07,12,https://www.kkr.mlit.go.jp/plan/jigyousya/technical_information/gijutsukanri/qgl8vl0000004zj9-att/2025_07tanka.pdf,PDL1.0,,近畿地整が独自調査で設定した単価(物価資料に載っていない地区・規格だけ)。消費税抜き。
dc985ea89ad8dc34,JP,material,生コンクリート・モルタル,生コンクリート,３０－１８－２０（２５） Ｃ＝３５０以上 [単位水量175以下W/C55％],m3,bureau_area,26,京都府,京都北部 京都市２他,,,23400,JPY,design_unit_price_ex_tax,published_pdl,,,2025-07,2025-07-01,kkr-zairyo-r7-07,12,https://www.kkr.mlit.go.jp/plan/jigyousya/technical_information/gijutsukanri/qgl8vl0000004zj9-att/2025_07tanka.pdf,PDL1.0,,近畿地整が独自調査で設定した単価(物価資料に載っていない地区・規格だけ)。消費税抜き。
ca74435c791977ef,JP,material,生コンクリート・モルタル,生コンクリート,３０－１８－２０（２５） Ｃ＝３５０以上 [単位水量175以下W/C55％],m3,bureau_area,26,京都府,京都北部 船井郡他,,,23400,JPY,design_unit_price_ex_tax,published_pdl,,,2025-07,2025-07-01,kkr-zairyo-r7-07,12,https://www.kkr.mlit.go.jp/plan/jigyousya/technical_information/gijutsukanri/qgl8vl0000004zj9-att/2025_07tanka.pdf,PDL1.0,,近畿地整が独自調査で設定した単価(物価資料に載っていない地区・規格だけ)。消費税抜き。
009e95dd90ff068d,JP,material,生コンクリート・モルタル,生コンクリート,３０－１８－２０（２５） Ｃ＝３５０以上 [単位水量175以下W/C55％],m3,bureau_area,26,京都府,京都南部 亀岡市,,,23400,JPY,design_unit_price_ex_tax,published_pdl,,,2025-07,2025-07-01,kkr-zairyo-r7-07,12,https://www.kkr.mlit.go.jp/plan/jigyousya/technical_information/gijutsukanri/qgl8vl0000004zj9-att/2025_07tanka.pdf,PDL1.0,,近畿地整が独自調査で設定した単価(物価資料に載っていない地区・規格だけ)。消費税抜き。
1e4dd20a9527691a,JP,material,生コンクリート・モルタル,生コンクリート,３０－１８－２０（２５） Ｃ＝３５０以上 [単位水量175以下W/C55％],m3,bureau_area,26,京都府,京都南部 京都市１他,,,28400,JPY,design_unit_price_ex_tax,published_pdl,,,2025-07,2025-07-01,kkr-zairyo-r7-07,12,https://www.kkr.mlit.go.jp/plan/jigyousya/technical_information/gijutsukanri/qgl8vl0000004zj9-att/2025_07tanka.pdf,PDL1.0,,近畿地整が独自調査で設定した単価(物価資料に載っていない地区・規格だけ)。消費税抜き。
6a3269697e48320f,JP,material,生コンクリート・モルタル,生コンクリート,３０－１８－２０（２５） Ｃ＝３５０以上 [単位水量175以下W/C55％],m3,bureau_area,26,京都府,京都南部 宇治市他,,,28400,JPY,design_unit_price_ex_tax,published_pdl,,,2025-07,2025-07-01,kkr-zairyo-r7-07,12,https://www.kkr.mlit.go.jp/plan/jigyousya/technical_information/gijutsukanri/qgl8vl0000004zj9-att/2025_07tanka.pdf,PDL1.0,,近畿地整が独自調査で設定した単価(物価資料に載っていない地区・規格だけ)。消費税抜き。
7d8ec65bbf1b7e49,JP,material,生コンクリート・モルタル,生コンクリート,３０－１８－２０（２５） Ｃ＝３５０以上 [単位水量175以下W/C55％],m3,bureau_area,26,京都府,京都南部 木津川市他,,,28400,JPY,design_unit_price_ex_tax,published_pdl,,,2025-07,2025-07-01,kkr-zairyo-r7-07,12,https://www.kkr.mlit.go.jp/plan/jigyousya/technical_information/gijutsukanri/qgl8vl0000004zj9-att/2025_07tanka.pdf,PDL1.0,,近畿地整が独自調査で設定した単価(物価資料に載っていない地区・規格だけ)。消費税抜き。
b4e555a6a355f5fe,JP,material,生コンクリート・モルタル,生コンクリート,高炉 ３０－１８－２０（２５） Ｃ＝３５０以上 [単位水量175以下W/C55％],m3,bureau_area,27,大阪府,大阪 大阪市,,,27500,JPY,design_unit_price_ex_tax,published_pdl,,,2025-07,2025-07-01,kkr-zairyo-r7-07,13,https://www.kkr.mlit.go.jp/plan/jigyousya/technical_information/gijutsukanri/qgl8vl0000004zj9-att/2025_07tanka.pdf,PDL1.0,,近畿地整が独自調査で設定した単価(物価資料に載っていない地区・規格だけ)。消費税抜き。
04d162279dd32ad3,JP,material,生コンクリート・モルタル,生コンクリート,高炉 ３０－１８－２０（２５） Ｃ＝３５０以上 [単位水量175以下W/C55％],m3,bureau_area,27,大阪府,大阪 堺市他,,,27500,JPY,design_unit_price_ex_tax,published_pdl,,,2025-07,2025-07-01,kkr-zairyo-r7-07,13,https://www.kkr.mlit.go.jp/plan/jigyousya/technical_information/gijutsukanri/qgl8vl0000004zj9-att/2025_07tanka.pdf,PDL1.0,,近畿地整が独自調査で設定した単価(物価資料に載っていない地区・規格だけ)。消費税抜き。
5eab4ee22c3b447d,JP,material,生コンクリート・モルタル,生コンクリート,高炉 ３０－１８－２０（２５） Ｃ＝３５０以上 [単位水量175以下W/C55％],m3,bureau_area,27,大阪府,大阪 岸和田市他,,,27500,JPY,design_unit_price_ex_tax,published_pdl,,,2025-07,2025-07-01,kkr-zairyo-r7-07,13,https://www.kkr.mlit.go.jp/plan/jigyousya/technical_information/gijutsukanri/qgl8vl0000004zj9-att/2025_07tanka.pdf,PDL1.0,,近畿地整が独自調査で設定した単価(物価資料に載っていない地区・規格だけ)。消費税抜き。
5f1b5a5ef128570b,JP,material,生コンクリート・モルタル,生コンクリート,高炉 ３０－１８－２０（２５） Ｃ＝３５０以上 [単位水量175以下W/C55％],m3,bureau_area,27,大阪府,大阪 池田市他,,,27500,JPY,design_unit_price_ex_tax,published_pdl,,,2025-07,2025-07-01,kkr-zairyo-r7-07,13,https://www.kkr.mlit.go.jp/plan/jigyousya/technical_information/gijutsukanri/qgl8vl0000004zj9-att/2025_07tanka.pdf,PDL1.0,,近畿地整が独自調査で設定した単価(物価資料に載っていない地区・規格だけ)。消費税抜き。
112313c07bcfd552,JP,material,生コンクリート・モルタル,生コンクリート,高炉 ３０－１８－２０（２５） Ｃ＝３５０以上 [単位水量175以下W/C55％],m3,bureau_area,27,大阪府,大阪 東大阪市他,,,27500,JPY,design_unit_price_ex_tax,published_pdl,,,2025-07,2025-07-01,kkr-zairyo-r7-07,13,https://www.kkr.mlit.go.jp/plan/jigyousya/technical_information/gijutsukanri/qgl8vl0000004zj9-att/2025_07tanka.pdf,PDL1.0,,近畿地整が独自調査で設定した単価(物価資料に載っていない地区・規格だけ)。消費税抜き。
c0bcc2ee9c18b52b,JP,material,生コンクリート・モルタル,生コンクリート,高炉 ３０－１８－２０（２５） Ｃ＝３５０以上 [単位水量175以下W/C55％],m3,bureau_area,28,兵庫県,兵庫北部 美方郡,,,28600,JPY,design_unit_price_ex_tax,published_pdl,,,2025-07,2025-07-01,kkr-zairyo-r7-07,13,https://www.kkr.mlit.go.jp/plan/jigyousya/technical_information/gijutsukanri/qgl8vl0000004zj9-att/2025_07tanka.pdf,PDL1.0,,近畿地整が独自調査で設定した単価(物価資料に載っていない地区・規格だけ)。消費税抜き。
95bdd539194f5839,JP,material,生コンクリート・モルタル,生コンクリート,高炉 ３０－１８－２０（２５） Ｃ＝３５０以上 [単位水量175以下W/C55％],m3,bureau_area,28,兵庫県,兵庫 淡路市他,,,27500,JPY,design_unit_price_ex_tax,published_pdl,,,2025-07,2025-07-01,kkr-zairyo-r7-07,13,https://www.kkr.mlit.go.jp/plan/jigyousya/technical_information/gijutsukanri/qgl8vl0000004zj9-att/2025_07tanka.pdf,PDL1.0,,近畿地整が独自調査で設定した単価(物価資料に載っていない地区・規格だけ)。消費税抜き。
f140c9b571e4e24d,JP,material,生コンクリート・モルタル,生コンクリート,３０－１８－２０（２５） Ｃ＝３５０以上 [単位水量175以下W/C55％],m3,bureau_area,27,大阪府,大阪 大阪市,,,27500,JPY,design_unit_price_ex_tax,published_pdl,,,2025-07,2025-07-01,kkr-zairyo-r7-07,13,https://www.kkr.mlit.go.jp/plan/jigyousya/technical_information/gijutsukanri/qgl8vl0000004zj9-att/2025_07tanka.pdf,PDL1.0,,近畿地整が独自調査で設定した単価(物価資料に載っていない地区・規格だけ)。消費税抜き。
4c7d8e159acc755a,JP,material,生コンクリート・モルタル,生コンクリート,３０－１８－２０（２５） Ｃ＝３５０以上 [単位水量175以下W/C55％],m3,bureau_area,27,大阪府,大阪 堺市他,,,27500,JPY,design_unit_price_ex_tax,published_pdl,,,2025-07,2025-07-01,kkr-zairyo-r7-07,13,https://www.kkr.mlit.go.jp/plan/jigyousya/technical_information/gijutsukanri/qgl8vl0000004zj9-att/2025_07tanka.pdf,PDL1.0,,近畿地整が独自調査で設定した単価(物価資料に載っていない地区・規格だけ)。消費税抜き。
bde675842dff63fb,JP,material,生コンクリート・モルタル,生コンクリート,３０－１８－２０（２５） Ｃ＝３５０以上 [単位水量175以下W/C55％],m3,bureau_area,27,大阪府,大阪 岸和田市他,,,27500,JPY,design_unit_price_ex_tax,published_pdl,,,2025-07,2025-07-01,kkr-zairyo-r7-07,13,https://www.kkr.mlit.go.jp/plan/jigyousya/technical_information/gijutsukanri/qgl8vl0000004zj9-att/2025_07tanka.pdf,PDL1.0,,近畿地整が独自調査で設定した単価(物価資料に載っていない地区・規格だけ)。消費税抜き。
711d1fa11ebdba84,JP,material,生コンクリート・モルタル,生コンクリート,３０－１８－２０（２５） Ｃ＝３５０以上 [単位水量175以下W/C55％],m3,bureau_area,27,大阪府,大阪 池田市他,,,27500,JPY,design_unit_price_ex_tax,published_pdl,,,2025-07,2025-07-01,kkr-zairyo-r7-07,13,https://www.kkr.mlit.go.jp/plan/jigyousya/technical_information/gijutsukanri/qgl8vl0000004zj9-att/2025_07tanka.pdf,PDL1.0,,近畿地整が独自調査で設定した単価(物価資料に載っていない地区・規格だけ)。消費税抜き。
b7114c99632da8ef,JP,material,生コンクリート・モルタル,生コンクリート,３０－１８－２０（２５） Ｃ＝３５０以上 [単位水量175以下W/C55％],m3,bureau_area,27,大阪府,大阪 東大阪市他,,,27500,JPY,design_unit_price_ex_tax,published_pdl,,,2025-07,2025-07-01,kkr-zairyo-r7-07,13,https://www.kkr.mlit.go.jp/plan/jigyousya/technical_information/gijutsukanri/qgl8vl0000004zj9-att/2025_07tanka.pdf,PDL1.0,,近畿地整が独自調査で設定した単価(物価資料に載っていない地区・規格だけ)。消費税抜き。
070d2c9ad56eb32a,JP,material,生コンクリート・モルタル,生コンクリート,３０－１８－２０（２５） Ｃ＝３５０以上 [単位水量175以下W/C55％],m3,bureau_area,28,兵庫県,兵庫北部 美方郡,,,28600,JPY,design_unit_price_ex_tax,published_pdl,,,2025-07,2025-07-01,kkr-zairyo-r7-07,13,https://www.kkr.mlit.go.jp/plan/jigyousya/technical_information/gijutsukanri/qgl8vl0000004zj9-att/2025_07tanka.pdf,PDL1.0,,近畿地整が独自調査で設定した単価(物価資料に載っていない地区・規格だけ)。消費税抜き。
533591c98ed8b886,JP,material,生コンクリート・モルタル,生コンクリート,３０－１８－２０（２５） Ｃ＝３５０以上 [単位水量175以下W/C55％],m3,bureau_area,28,兵庫県,兵庫 淡路市他,,,27500,JPY,design_unit_price_ex_tax,published_pdl,,,2025-07,2025-07-01,kkr-zairyo-r7-07,13,https://www.kkr.mlit.go.jp/plan/jigyousya/technical_information/gijutsukanri/qgl8vl0000004zj9-att/2025_07tanka.pdf,PDL1.0,,近畿地整が独自調査で設定した単価(物価資料に載っていない地区・規格だけ)。消費税抜き。
0b0a5c6c9ab7fbf6,JP,material,生コンクリート・モルタル,生コンクリート,高炉 ３０－１８－２０（２５） Ｃ＝３５０以上 [単位水量175以下W/C55％],m3,bureau_area,28,兵庫県,兵庫 三田市他,,,27500,JPY,design_unit_price_ex_tax,published_pdl,,,2025-07,2025-07-01,kkr-zairyo-r7-07,14,https://www.kkr.mlit.go.jp/plan/jigyousya/technical_information/gijutsukanri/qgl8vl0000004zj9-att/2025_07tanka.pdf,PDL1.0,,近畿地整が独自調査で設定した単価(物価資料に載っていない地区・規格だけ)。消費税抜き。
6aaf82600d116688,JP,material,生コンクリート・モルタル,生コンクリート,高炉 ３０－１８－２０（２５） Ｃ＝３５０以上 [単位水量175以下W/C55％],m3,bureau_area,28,兵庫県,兵庫西部 赤穂市他,,,27500,JPY,design_unit_price_ex_tax,published_pdl,,,2025-07,2025-07-01,kkr-zairyo-r7-07,14,https://www.kkr.mlit.go.jp/plan/jigyousya/technical_information/gijutsukanri/qgl8vl0000004zj9-att/2025_07tanka.pdf,PDL1.0,,近畿地整が独自調査で設定した単価(物価資料に載っていない地区・規格だけ)。消費税抜き。
007c6ef123606b8c,JP,material,生コンクリート・モルタル,生コンクリート,高炉 ３０－１８－２０（２５） Ｃ＝３５０以上 [単位水量175以下W/C55％],m3,bureau_area,28,兵庫県,兵庫西部 神崎郡他 / 神河町他,,,27500,JPY,design_unit_price_ex_tax,published_pdl,,,2025-07,2025-07-01,kkr-zairyo-r7-07,14,https://www.kkr.mlit.go.jp/plan/jigyousya/technical_information/gijutsukanri/qgl8vl0000004zj9-att/2025_07tanka.pdf,PDL1.0,,近畿地整が独自調査で設定した単価(物価資料に載っていない地区・規格だけ)。消費税抜き。
7199621b3b028f81,JP,material,生コンクリート・モルタル,生コンクリート,高炉 ３０－１８－２０（２５） Ｃ＝３５０以上 [単位水量175以下W/C55％],m3,bureau_area,28,兵庫県,兵庫西部 姫路市他 / 旧安富町除,,,27500,JPY,design_unit_price_ex_tax,published_pdl,,,2025-07,2025-07-01,kkr-zairyo-r7-07,14,https://www.kkr.mlit.go.jp/plan/jigyousya/technical_information/gijutsukanri/qgl8vl0000004zj9-att/2025_07tanka.pdf,PDL1.0,,近畿地整が独自調査で設定した単価(物価資料に載っていない地区・規格だけ)。消費税抜き。
e3eb779e73d57973,JP,material,生コンクリート・モルタル,生コンクリート,高炉 ３０－１８－２０（２５） Ｃ＝３５０以上 [単位水量175以下W/C55％],m3,bureau_area,28,兵庫県,兵庫西部 加西市他,,,27500,JPY,design_unit_price_ex_tax,published_pdl,,,2025-07,2025-07-01,kkr-zairyo-r7-07,14,https://www.kkr.mlit.go.jp/plan/jigyousya/technical_information/gijutsukanri/qgl8vl0000004zj9-att/2025_07tanka.pdf,PDL1.0,,近畿地整が独自調査で設定した単価(物価資料に載っていない地区・規格だけ)。消費税抜き。
3742de949434e24a,JP,material,生コンクリート・モルタル,生コンクリート,高炉 ３０－１８－２０（２５） Ｃ＝３５０以上 [単位水量175以下W/C55％],m3,bureau_area,28,兵庫県,兵庫 明石市他,,,27500,JPY,design_unit_price_ex_tax,published_pdl,,,2025-07,2025-07-01,kkr-zairyo-r7-07,14,https://www.kkr.mlit.go.jp/plan/jigyousya/technical_information/gijutsukanri/qgl8vl0000004zj9-att/2025_07tanka.pdf,PDL1.0,,近畿地整が独自調査で設定した単価(物価資料に載っていない地区・規格だけ)。消費税抜き。
25d289f803ded797,JP,material,生コンクリート・モルタル,生コンクリート,高炉 ３０－１８－２０（２５） Ｃ＝３５０以上 [単位水量175以下W/C55％],m3,bureau_area,28,兵庫県,兵庫 神戸市他 / 北区他除,,,27500,JPY,design_unit_price_ex_tax,published_pdl,,,2025-07,2025-07-01,kkr-zairyo-r7-07,14,https://www.kkr.mlit.go.jp/plan/jigyousya/technical_information/gijutsukanri/qgl8vl0000004zj9-att/2025_07tanka.pdf,PDL1.0,,近畿地整が独自調査で設定した単価(物価資料に載っていない地区・規格だけ)。消費税抜き。
29494a735f482038,JP,material,生コンクリート・モルタル,生コンクリート,高炉 ３０－１８－２０（２５） Ｃ＝３５０以上 [単位水量175以下W/C55％],m3,bureau_area,28,兵庫県,兵庫 川西市他,,,27500,JPY,design_unit_price_ex_tax,published_pdl,,,2025-07,2025-07-01,kkr-zairyo-r7-07,14,https://www.kkr.mlit.go.jp/plan/jigyousya/technical_information/gijutsukanri/qgl8vl0000004zj9-att/2025_07tanka.pdf,PDL1.0,,近畿地整が独自調査で設定した単価(物価資料に載っていない地区・規格だけ)。消費税抜き。
4c30ad781930fd0f,JP,material,生コンクリート・モルタル,生コンクリート,３０－１８－２０（２５） Ｃ＝３５０以上 [単位水量175以下W/C55％],m3,bureau_area,28,兵庫県,兵庫 三田市他,,,27500,JPY,design_unit_price_ex_tax,published_pdl,,,2025-07,2025-07-01,kkr-zairyo-r7-07,14,https://www.kkr.mlit.go.jp/plan/jigyousya/technical_information/gijutsukanri/qgl8vl0000004zj9-att/2025_07tanka.pdf,PDL1.0,,近畿地整が独自調査で設定した単価(物価資料に載っていない地区・規格だけ)。消費税抜き。
539caaab56a4717c,JP,material,生コンクリート・モルタル,生コンクリート,３０－１８－２０（２５） Ｃ＝３５０以上 [単位水量175以下W/C55％],m3,bureau_area,28,兵庫県,兵庫西部 赤穂市他,,,27500,JPY,design_unit_price_ex_tax,published_pdl,,,2025-07,2025-07-01,kkr-zairyo-r7-07,14,https://www.kkr.mlit.go.jp/plan/jigyousya/technical_information/gijutsukanri/qgl8vl0000004zj9-att/2025_07tanka.pdf,PDL1.0,,近畿地整が独自調査で設定した単価(物価資料に載っていない地区・規格だけ)。消費税抜き。
8b6325ea157b7420,JP,material,生コンクリート・モルタル,生コンクリート,３０－１８－２０（２５） Ｃ＝３５０以上 [単位水量175以下W/C55％],m3,bureau_area,28,兵庫県,兵庫西部 神崎郡他 / 神河町他,,,27500,JPY,design_unit_price_ex_tax,published_pdl,,,2025-07,2025-07-01,kkr-zairyo-r7-07,14,https://www.kkr.mlit.go.jp/plan/jigyousya/technical_information/gijutsukanri/qgl8vl0000004zj9-att/2025_07tanka.pdf,PDL1.0,,近畿地整が独自調査で設定した単価(物価資料に載っていない地区・規格だけ)。消費税抜き。
347b8731bf915c98,JP,material,生コンクリート・モルタル,生コンクリート,３０－１８－２０（２５） Ｃ＝３５０以上 [単位水量175以下W/C55％],m3,bureau_area,28,兵庫県,兵庫西部 姫路市他 / 旧安富町除,,,27500,JPY,design_unit_price_ex_tax,published_pdl,,,2025-07,2025-07-01,kkr-zairyo-r7-07,14,https://www.kkr.mlit.go.jp/plan/jigyousya/technical_information/gijutsukanri/qgl8vl0000004zj9-att/2025_07tanka.pdf,PDL1.0,,近畿地整が独自調査で設定した単価(物価資料に載っていない地区・規格だけ)。消費税抜き。
c2325f7b9a930e65,JP,material,生コンクリート・モルタル,生コンクリート,３０－１８－２０（２５） Ｃ＝３５０以上 [単位水量175以下W/C55％],m3,bureau_area,28,兵庫県,兵庫西部 加西市他,,,27500,JPY,design_unit_price_ex_tax,published_pdl,,,2025-07,2025-07-01,kkr-zairyo-r7-07,14,https://www.kkr.mlit.go.jp/plan/jigyousya/technical_information/gijutsukanri/qgl8vl0000004zj9-att/2025_07tanka.pdf,PDL1.0,,近畿地整が独自調査で設定した単価(物価資料に載っていない地区・規格だけ)。消費税抜き。
ca1775f826bc7d1f,JP,material,生コンクリート・モルタル,生コンクリート,３０－１８－２０（２５） Ｃ＝３５０以上 [単位水量175以下W/C55％],m3,bureau_area,28,兵庫県,兵庫 明石市他,,,27500,JPY,design_unit_price_ex_tax,published_pdl,,,2025-07,2025-07-01,kkr-zairyo-r7-07,14,https://www.kkr.mlit.go.jp/plan/jigyousya/technical_information/gijutsukanri/qgl8vl0000004zj9-att/2025_07tanka.pdf,PDL1.0,,近畿地整が独自調査で設定した単価(物価資料に載っていない地区・規格だけ)。消費税抜き。
a4975d9058dda8ae,JP,material,生コンクリート・モルタル,生コンクリート,３０－１８－２０（２５） Ｃ＝３５０以上 [単位水量175以下W/C55％],m3,bureau_area,28,兵庫県,兵庫 神戸市他 / 北区他除,,,27500,JPY,design_unit_price_ex_tax,published_pdl,,,2025-07,2025-07-01,kkr-zairyo-r7-07,14,https://www.kkr.mlit.go.jp/plan/jigyousya/technical_information/gijutsukanri/qgl8vl0000004zj9-att/2025_07tanka.pdf,PDL1.0,,近畿地整が独自調査で設定した単価(物価資料に載っていない地区・規格だけ)。消費税抜き。
7b33ff887cd6b6c1,JP,material,生コンクリート・モルタル,生コンクリート,３０－１８－２０（２５） Ｃ＝３５０以上 [単位水量175以下W/C55％],m3,bureau_area,28,兵庫県,兵庫 川西市他,,,27500,JPY,design_unit_price_ex_tax,published_pdl,,,2025-07,2025-07-01,kkr-zairyo-r7-07,14,https://www.kkr.mlit.go.jp/plan/jigyousya/technical_information/gijutsukanri/qgl8vl0000004zj9-att/2025_07tanka.pdf,PDL1.0,,近畿地整が独自調査で設定した単価(物価資料に載っていない地区・規格だけ)。消費税抜き。
04d429e0dd9e4cbf,JP,material,生コンクリート・モルタル,生コンクリート,高炉 ３０－１８－２０（２５） Ｃ＝３５０以上 [単位水量175以下W/C55％],m3,bureau_area,28,兵庫県,兵庫 芦屋市他,,,27500,JPY,design_unit_price_ex_tax,published_pdl,,,2025-07,2025-07-01,kkr-zairyo-r7-07,15,https://www.kkr.mlit.go.jp/plan/jigyousya/technical_information/gijutsukanri/qgl8vl0000004zj9-att/2025_07tanka.pdf,PDL1.0,,近畿地整が独自調査で設定した単価(物価資料に載っていない地区・規格だけ)。消費税抜き。
73b69eb2eb28be67,JP,material,生コンクリート・モルタル,生コンクリート,高炉 ３０－１８－２０（２５） Ｃ＝３５０以上 [単位水量175以下W/C55％],m3,bureau_area,29,奈良県,奈良 生駒市他,61,生駒市、奈良市（旧月ヶ瀬村、旧都祁村除く）、大和郡山市、天理市、香芝市、桜井市、大和高田市、橿原市、御所市、葛城市、高市郡（高取町、明日香村）、磯城郡（川西町、田原本町、三宅町）、生駒郡（安堵町、斑鳩町、三郷町、平群町）、北葛城郡（王寺町、河合町、上牧町、広陵町）、吉野郡（大淀町、吉野町、下市町）,29300,JPY,design_unit_price_ex_tax,published_pdl,,,2025-07,2025-07-01,kkr-zairyo-r7-07,15,https://www.kkr.mlit.go.jp/plan/jigyousya/technical_information/gijutsukanri/qgl8vl0000004zj9-att/2025_07tanka.pdf,PDL1.0,,近畿地整が独自調査で設定した単価(物価資料に載っていない地区・規格だけ)。消費税抜き。
98a049276ec045db,JP,material,生コンクリート・モルタル,生コンクリート,高炉 ３０－１８－２０（２５） Ｃ＝３５０以上 [単位水量175以下W/C55％],m3,bureau_area,29,奈良県,奈良 奈良市他 / 旧都祁村他,62,奈良市（旧月ヶ瀬村、旧都祁村）、山辺郡山添村、宇陀市、吉野郡（東吉野村）,29300,JPY,design_unit_price_ex_tax,published_pdl,,,2025-07,2025-07-01,kkr-zairyo-r7-07,15,https://www.kkr.mlit.go.jp/plan/jigyousya/technical_information/gijutsukanri/qgl8vl0000004zj9-att/2025_07tanka.pdf,PDL1.0,,近畿地整が独自調査で設定した単価(物価資料に載っていない地区・規格だけ)。消費税抜き。
4be551b3a9ade65e,JP,material,生コンクリート・モルタル,生コンクリート,高炉 ３０－１８－２０（２５） Ｃ＝３５０以上 [単位水量175以下W/C55％],m3,bureau_area,29,奈良県,奈良 宇陀郡,63,宇陀郡（曽爾村、御杖村）,31300,JPY,design_unit_price_ex_tax,published_pdl,,,2025-07,2025-07-01,kkr-zairyo-r7-07,15,https://www.kkr.mlit.go.jp/plan/jigyousya/technical_information/gijutsukanri/qgl8vl0000004zj9-att/2025_07tanka.pdf,PDL1.0,,近畿地整が独自調査で設定した単価(物価資料に載っていない地区・規格だけ)。消費税抜き。
97b6b8eaa1dce3e6,JP,material,生コンクリート・モルタル,生コンクリート,高炉 ３０－１８－２０（２５） Ｃ＝３５０以上 [単位水量175以下W/C55％],m3,bureau_area,29,奈良県,奈良 吉野郡 / 川上村,65,吉野郡（川上村）,31300,JPY,design_unit_price_ex_tax,published_pdl,,,2025-07,2025-07-01,kkr-zairyo-r7-07,15,https://www.kkr.mlit.go.jp/plan/jigyousya/technical_information/gijutsukanri/qgl8vl0000004zj9-att/2025_07tanka.pdf,PDL1.0,,近畿地整が独自調査で設定した単価(物価資料に載っていない地区・規格だけ)。消費税抜き。
b3d91f4d46bbbccd,JP,material,生コンクリート・モルタル,生コンクリート,高炉 ３０－１８－２０（２５） Ｃ＝３５０以上 [単位水量175以下W/C55％],m3,bureau_area,29,奈良県,奈良 竹筒,68,［特定地］竹筒地区（吉野郡十津川村）,44900,JPY,design_unit_price_ex_tax,published_pdl,,,2025-07,2025-07-01,kkr-zairyo-r7-07,15,https://www.kkr.mlit.go.jp/plan/jigyousya/technical_information/gijutsukanri/qgl8vl0000004zj9-att/2025_07tanka.pdf,PDL1.0,,近畿地整が独自調査で設定した単価(物価資料に載っていない地区・規格だけ)。消費税抜き。
2fa3d210078dbaff,JP,material,生コンクリート・モルタル,生コンクリート,３０－１８－２０（２５） Ｃ＝３５０以上 [単位水量175以下W/C55％],m3,bureau_area,28,兵庫県,兵庫 芦屋市他,,,27500,JPY,design_unit_price_ex_tax,published_pdl,,,2025-07,2025-07-01,kkr-zairyo-r7-07,15,https://www.kkr.mlit.go.jp/plan/jigyousya/technical_information/gijutsukanri/qgl8vl0000004zj9-att/2025_07tanka.pdf,PDL1.0,,近畿地整が独自調査で設定した単価(物価資料に載っていない地区・規格だけ)。消費税抜き。
6fd98b046e5dc2dc,JP,material,生コンクリート・モルタル,生コンクリート,３０－１８－２０（２５） Ｃ＝３５０以上 [単位水量175以下W/C55％],m3,bureau_area,29,奈良県,奈良 生駒市他,61,生駒市、奈良市（旧月ヶ瀬村、旧都祁村除く）、大和郡山市、天理市、香芝市、桜井市、大和高田市、橿原市、御所市、葛城市、高市郡（高取町、明日香村）、磯城郡（川西町、田原本町、三宅町）、生駒郡（安堵町、斑鳩町、三郷町、平群町）、北葛城郡（王寺町、河合町、上牧町、広陵町）、吉野郡（大淀町、吉野町、下市町）,29300,JPY,design_unit_price_ex_tax,published_pdl,,,2025-07,2025-07-01,kkr-zairyo-r7-07,15,https://www.kkr.mlit.go.jp/plan/jigyousya/technical_information/gijutsukanri/qgl8vl0000004zj9-att/2025_07tanka.pdf,PDL1.0,,近畿地整が独自調査で設定した単価(物価資料に載っていない地区・規格だけ)。消費税抜き。
45e667b22e948785,JP,material,生コンクリート・モルタル,生コンクリート,３０－１８－２０（２５） Ｃ＝３５０以上 [単位水量175以下W/C55％],m3,bureau_area,29,奈良県,奈良 奈良市他 / 旧都祁村他,62,奈良市（旧月ヶ瀬村、旧都祁村）、山辺郡山添村、宇陀市、吉野郡（東吉野村）,29300,JPY,design_unit_price_ex_tax,published_pdl,,,2025-07,2025-07-01,kkr-zairyo-r7-07,15,https://www.kkr.mlit.go.jp/plan/jigyousya/technical_information/gijutsukanri/qgl8vl0000004zj9-att/2025_07tanka.pdf,PDL1.0,,近畿地整が独自調査で設定した単価(物価資料に載っていない地区・規格だけ)。消費税抜き。
b81c921015d85f2c,JP,material,生コンクリート・モルタル,生コンクリート,３０－１８－２０（２５） Ｃ＝３５０以上 [単位水量175以下W/C55％],m3,bureau_area,29,奈良県,奈良 宇陀郡,63,宇陀郡（曽爾村、御杖村）,31300,JPY,design_unit_price_ex_tax,published_pdl,,,2025-07,2025-07-01,kkr-zairyo-r7-07,15,https://www.kkr.mlit.go.jp/plan/jigyousya/technical_information/gijutsukanri/qgl8vl0000004zj9-att/2025_07tanka.pdf,PDL1.0,,近畿地整が独自調査で設定した単価(物価資料に載っていない地区・規格だけ)。消費税抜き。
e7b25f9fd72bda6b,JP,material,生コンクリート・モルタル,生コンクリート,３０－１８－２０（２５） Ｃ＝３５０以上 [単位水量175以下W/C55％],m3,bureau_area,29,奈良県,奈良 五條市他 / 旧大塔村他,64,五條市（旧西吉野村、旧大塔村）、吉野郡（黒滝村、天川村、野迫川村）,31300,JPY,design_unit_price_ex_tax,published_pdl,,,2025-07,2025-07-01,kkr-zairyo-r7-07,15,https://www.kkr.mlit.go.jp/plan/jigyousya/technical_information/gijutsukanri/qgl8vl0000004zj9-att/2025_07tanka.pdf,PDL1.0,,近畿地整が独自調査で設定した単価(物価資料に載っていない地区・規格だけ)。消費税抜き。
3f0b0203ab87e299,JP,material,生コンクリート・モルタル,生コンクリート,３０－１８－２０（２５） Ｃ＝３５０以上 [単位水量175以下W/C55％],m3,bureau_area,29,奈良県,奈良 吉野郡 / 川上村,65,吉野郡（川上村）,31300,JPY,design_unit_price_ex_tax,published_pdl,,,2025-07,2025-07-01,kkr-zairyo-r7-07,15,https://www.kkr.mlit.go.jp/plan/jigyousya/technical_information/gijutsukanri/qgl8vl0000004zj9-att/2025_07tanka.pdf,PDL1.0,,近畿地整が独自調査で設定した単価(物価資料に載っていない地区・規格だけ)。消費税抜き。
f064a02860479614,JP,material,生コンクリート・モルタル,生コンクリート,３０－１８－２０（２５） Ｃ＝３５０以上 [単位水量175以下W/C55％],m3,bureau_area,29,奈良県,奈良 竹筒,68,［特定地］竹筒地区（吉野郡十津川村）,44900,JPY,design_unit_price_ex_tax,published_pdl,,,2025-07,2025-07-01,kkr-zairyo-r7-07,15,https://www.kkr.mlit.go.jp/plan/jigyousya/technical_information/gijutsukanri/qgl8vl0000004zj9-att/2025_07tanka.pdf,PDL1.0,,近畿地整が独自調査で設定した単価(物価資料に載っていない地区・規格だけ)。消費税抜き。
aef7422fe5e6a4fd,JP,material,生コンクリート・モルタル,生コンクリート,１８－８－２５（２０） [単位水量175以下W/C60以下],m3,bureau_area,29,奈良県,奈良 竹筒,68,［特定地］竹筒地区（吉野郡十津川村）,32900,JPY,design_unit_price_ex_tax,published_pdl,,,2025-07,2025-07-01,kkr-zairyo-r7-07,15,https://www.kkr.mlit.go.jp/plan/jigyousya/technical_information/gijutsukanri/qgl8vl0000004zj9-att/2025_07tanka.pdf,PDL1.0,205fb4e2a22c,近畿地整が独自調査で設定した単価(物価資料に載っていない地区・規格だけ)。消費税抜き。
f86ebec03b190965,JP,material,生コンクリート・モルタル,生コンクリート,１８－１２－２５（２０） [単位水量175以下W/C60以下],m3,bureau_area,29,奈良県,奈良 竹筒,68,［特定地］竹筒地区（吉野郡十津川村）,32900,JPY,design_unit_price_ex_tax,published_pdl,,,2025-07,2025-07-01,kkr-zairyo-r7-07,15,https://www.kkr.mlit.go.jp/plan/jigyousya/technical_information/gijutsukanri/qgl8vl0000004zj9-att/2025_07tanka.pdf,PDL1.0,c7752fd452cb,近畿地整が独自調査で設定した単価(物価資料に載っていない地区・規格だけ)。消費税抜き。
840e54507d541740,JP,material,生コンクリート・モルタル,生コンクリート,１８－１５－２５（２０） [単位水量175以下W/C60以下],m3,bureau_area,29,奈良県,奈良 竹筒,68,［特定地］竹筒地区（吉野郡十津川村）,32900,JPY,design_unit_price_ex_tax,published_pdl,,,2025-07,2025-07-01,kkr-zairyo-r7-07,15,https://www.kkr.mlit.go.jp/plan/jigyousya/technical_information/gijutsukanri/qgl8vl0000004zj9-att/2025_07tanka.pdf,PDL1.0,0f948effd799,近畿地整が独自調査で設定した単価(物価資料に載っていない地区・規格だけ)。消費税抜き。
d4fcc769a4f61bdb,JP,material,生コンクリート・モルタル,生コンクリート,１８－１８－２５（２０） [単位水量175以下W/C60以下],m3,bureau_area,29,奈良県,奈良 竹筒,68,［特定地］竹筒地区（吉野郡十津川村）,32900,JPY,design_unit_price_ex_tax,published_pdl,,,2025-07,2025-07-01,kkr-zairyo-r7-07,15,https://www.kkr.mlit.go.jp/plan/jigyousya/technical_information/gijutsukanri/qgl8vl0000004zj9-att/2025_07tanka.pdf,PDL1.0,739a5c3bcc24,近畿地整が独自調査で設定した単価(物価資料に載っていない地区・規格だけ)。消費税抜き。
ce3485048a9fb9e5,JP,material,生コンクリート・モルタル,生コンクリート,２１－８－２５（２０） [単位水量175以下W/C60以下],m3,bureau_area,29,奈良県,奈良 竹筒,68,［特定地］竹筒地区（吉野郡十津川村）,33900,JPY,design_unit_price_ex_tax,published_pdl,,,2025-07,2025-07-01,kkr-zairyo-r7-07,15,https://www.kkr.mlit.go.jp/plan/jigyousya/technical_information/gijutsukanri/qgl8vl0000004zj9-att/2025_07tanka.pdf,PDL1.0,482f8152d5c5,近畿地整が独自調査で設定した単価(物価資料に載っていない地区・規格だけ)。消費税抜き。
66713789a9a2bc69,JP,material,生コンクリート・モルタル,生コンクリート,２１－１５－２５（２０） [単位水量175以下W/C60以下],m3,bureau_area,29,奈良県,奈良 竹筒,68,［特定地］竹筒地区（吉野郡十津川村）,33900,JPY,design_unit_price_ex_tax,published_pdl,,,2025-07,2025-07-01,kkr-zairyo-r7-07,15,https://www.kkr.mlit.go.jp/plan/jigyousya/technical_information/gijutsukanri/qgl8vl0000004zj9-att/2025_07tanka.pdf,PDL1.0,4b73c3134218,近畿地整が独自調査で設定した単価(物価資料に載っていない地区・規格だけ)。消費税抜き。
ff0883ff6bc49420,JP,material,生コンクリート・モルタル,生コンクリート,２１－１８－２５（２０） [単位水量175以下W/C60以下],m3,bureau_area,29,奈良県,奈良 竹筒,68,［特定地］竹筒地区（吉野郡十津川村）,33900,JPY,design_unit_price_ex_tax,published_pdl,,,2025-07,2025-07-01,kkr-zairyo-r7-07,15,https://www.kkr.mlit.go.jp/plan/jigyousya/technical_information/gijutsukanri/qgl8vl0000004zj9-att/2025_07tanka.pdf,PDL1.0,53196cad57e3,近畿地整が独自調査で設定した単価(物価資料に載っていない地区・規格だけ)。消費税抜き。
1819a3828eb7a6ca,JP,material,生コンクリート・モルタル,生コンクリート,２４－８－２５（２０） [単位水量175以下W/C55以下],m3,bureau_area,29,奈良県,奈良 竹筒,68,［特定地］竹筒地区（吉野郡十津川村）,34900,JPY,design_unit_price_ex_tax,published_pdl,,,2025-07,2025-07-01,kkr-zairyo-r7-07,15,https://www.kkr.mlit.go.jp/plan/jigyousya/technical_information/gijutsukanri/qgl8vl0000004zj9-att/2025_07tanka.pdf,PDL1.0,c7034bd79cbd,近畿地整が独自調査で設定した単価(物価資料に載っていない地区・規格だけ)。消費税抜き。
fa90301060d54cb2,JP,material,生コンクリート・モルタル,生コンクリート,２４－１２－２５（２０） [単位水量175以下W/C55以下],m3,bureau_area,29,奈良県,奈良 竹筒,68,［特定地］竹筒地区（吉野郡十津川村）,34900,JPY,design_unit_price_ex_tax,published_pdl,,,2025-07,2025-07-01,kkr-zairyo-r7-07,15,https://www.kkr.mlit.go.jp/plan/jigyousya/technical_information/gijutsukanri/qgl8vl0000004zj9-att/2025_07tanka.pdf,PDL1.0,2e29a57cb46e,近畿地整が独自調査で設定した単価(物価資料に載っていない地区・規格だけ)。消費税抜き。
ae1849b7bb95e401,JP,material,生コンクリート・モルタル,生コンクリート,２７－８－２５（２０） [単位水量175以下W/C55以下],m3,bureau_area,29,奈良県,奈良 竹筒,68,［特定地］竹筒地区（吉野郡十津川村）,35900,JPY,design_unit_price_ex_tax,published_pdl,,,2025-07,2025-07-01,kkr-zairyo-r7-07,15,https://www.kkr.mlit.go.jp/plan/jigyousya/technical_information/gijutsukanri/qgl8vl0000004zj9-att/2025_07tanka.pdf,PDL1.0,657cfbeea5e6,近畿地整が独自調査で設定した単価(物価資料に載っていない地区・規格だけ)。消費税抜き。
9cd2630ca817987d,JP,material,生コンクリート・モルタル,生コンクリート,２７－１２－２５（２０） [単位水量175以下W/C55以下],m3,bureau_area,29,奈良県,奈良 竹筒,68,［特定地］竹筒地区（吉野郡十津川村）,35900,JPY,design_unit_price_ex_tax,published_pdl,,,2025-07,2025-07-01,kkr-zairyo-r7-07,15,https://www.kkr.mlit.go.jp/plan/jigyousya/technical_information/gijutsukanri/qgl8vl0000004zj9-att/2025_07tanka.pdf,PDL1.0,,近畿地整が独自調査で設定した単価(物価資料に載っていない地区・規格だけ)。消費税抜き。
aecfd818e4330a77,JP,material,生コンクリート・モルタル,生コンクリート,３０－８－２５（２０） [単位水量175以下W/C55以下],m3,bureau_area,29,奈良県,奈良 竹筒,68,［特定地］竹筒地区（吉野郡十津川村）,36900,JPY,design_unit_price_ex_tax,published_pdl,,,2025-07,2025-07-01,kkr-zairyo-r7-07,15,https://www.kkr.mlit.go.jp/plan/jigyousya/technical_information/gijutsukanri/qgl8vl0000004zj9-att/2025_07tanka.pdf,PDL1.0,584e4bdc5be9,近畿地整が独自調査で設定した単価(物価資料に載っていない地区・規格だけ)。消費税抜き。
90ebc1cbc63acd13,JP,material,生コンクリート・モルタル,生コンクリート,３０－１２－２５（２０） [単位水量175以下W/C55以下],m3,bureau_area,29,奈良県,奈良 竹筒,68,［特定地］竹筒地区（吉野郡十津川村）,36900,JPY,design_unit_price_ex_tax,published_pdl,,,2025-07,2025-07-01,kkr-zairyo-r7-07,15,https://www.kkr.mlit.go.jp/plan/jigyousya/technical_information/gijutsukanri/qgl8vl0000004zj9-att/2025_07tanka.pdf,PDL1.0,,近畿地整が独自調査で設定した単価(物価資料に載っていない地区・規格だけ)。消費税抜き。
2f53216475e5e2ac,JP,material,生コンクリート・モルタル,生コンクリート,３６－８－２５（２０） [単位水量175以下W/C55以下],m3,bureau_area,29,奈良県,奈良 竹筒,68,［特定地］竹筒地区（吉野郡十津川村）,44900,JPY,design_unit_price_ex_tax,published_pdl,,,2025-07,2025-07-01,kkr-zairyo-r7-07,15,https://www.kkr.mlit.go.jp/plan/jigyousya/technical_information/gijutsukanri/qgl8vl0000004zj9-att/2025_07tanka.pdf,PDL1.0,193e785636bd,近畿地整が独自調査で設定した単価(物価資料に載っていない地区・規格だけ)。消費税抜き。
1bb4ffbea15bdf96,JP,material,生コンクリート・モルタル,生コンクリート,４０－８－２５（２０） [単位水量175以下W/C55以下],m3,bureau_area,29,奈良県,奈良 竹筒,68,［特定地］竹筒地区（吉野郡十津川村）,45900,JPY,design_unit_price_ex_tax,published_pdl,,,2025-07,2025-07-01,kkr-zairyo-r7-07,15,https://www.kkr.mlit.go.jp/plan/jigyousya/technical_information/gijutsukanri/qgl8vl0000004zj9-att/2025_07tanka.pdf,PDL1.0,112927640be2,近畿地整が独自調査で設定した単価(物価資料に載っていない地区・規格だけ)。消費税抜き。
7ac7592b04e27d29,JP,material,生コンクリート・モルタル,生コンクリート,１８－５－４０ [単位水量165以下W/C60以下],m3,bureau_area,29,奈良県,奈良 竹筒,68,［特定地］竹筒地区（吉野郡十津川村）,32900,JPY,design_unit_price_ex_tax,published_pdl,,,2025-07,2025-07-01,kkr-zairyo-r7-07,15,https://www.kkr.mlit.go.jp/plan/jigyousya/technical_information/gijutsukanri/qgl8vl0000004zj9-att/2025_07tanka.pdf,PDL1.0,f12f38c0ab30,近畿地整が独自調査で設定した単価(物価資料に載っていない地区・規格だけ)。消費税抜き。
cd7d3f9c38b0ee23,JP,material,生コンクリート・モルタル,生コンクリート,１８－８－４０ [単位水量165以下W/C60以下],m3,bureau_area,29,奈良県,奈良 竹筒,68,［特定地］竹筒地区（吉野郡十津川村）,32900,JPY,design_unit_price_ex_tax,published_pdl,,,2025-07,2025-07-01,kkr-zairyo-r7-07,15,https://www.kkr.mlit.go.jp/plan/jigyousya/technical_information/gijutsukanri/qgl8vl0000004zj9-att/2025_07tanka.pdf,PDL1.0,a127d57ee7b5,近畿地整が独自調査で設定した単価(物価資料に載っていない地区・規格だけ)。消費税抜き。
a74c74ac5f39cd3c,JP,material,生コンクリート・モルタル,生コンクリート,１８－８－４０ Ｃ＝２３０以上 [単位水量165以下W/C60以下],m3,bureau_area,29,奈良県,奈良 竹筒,68,［特定地］竹筒地区（吉野郡十津川村）,32900,JPY,design_unit_price_ex_tax,published_pdl,,,2025-07,2025-07-01,kkr-zairyo-r7-07,15,https://www.kkr.mlit.go.jp/plan/jigyousya/technical_information/gijutsukanri/qgl8vl0000004zj9-att/2025_07tanka.pdf,PDL1.0,,近畿地整が独自調査で設定した単価(物価資料に載っていない地区・規格だけ)。消費税抜き。
058e30c417c14c70,JP,material,生コンクリート・モルタル,生コンクリート,１８－１２－４０ [単位水量165以下W/C60以下],m3,bureau_area,29,奈良県,奈良 竹筒,68,［特定地］竹筒地区（吉野郡十津川村）,32900,JPY,design_unit_price_ex_tax,published_pdl,,,2025-07,2025-07-01,kkr-zairyo-r7-07,15,https://www.kkr.mlit.go.jp/plan/jigyousya/technical_information/gijutsukanri/qgl8vl0000004zj9-att/2025_07tanka.pdf,PDL1.0,a0a2b7e37a63,近畿地整が独自調査で設定した単価(物価資料に載っていない地区・規格だけ)。消費税抜き。
6348cf1ec8bdee61,JP,material,生コンクリート・モルタル,生コンクリート,１８－１２－４０ Ｃ＝２７０ [単位水量165以下W/C60以下],m3,bureau_area,29,奈良県,奈良 竹筒,68,［特定地］竹筒地区（吉野郡十津川村）,34900,JPY,design_unit_price_ex_tax,published_pdl,,,2025-07,2025-07-01,kkr-zairyo-r7-07,15,https://www.kkr.mlit.go.jp/plan/jigyousya/technical_information/gijutsukanri/qgl8vl0000004zj9-att/2025_07tanka.pdf,PDL1.0,,近畿地整が独自調査で設定した単価(物価資料に載っていない地区・規格だけ)。消費税抜き。
f7cabc66f42e8f72,JP,material,生コンクリート・モルタル,生コンクリート,２１－５－４０ [単位水量165以下W/C60以下],m3,bureau_area,29,奈良県,奈良 竹筒,68,［特定地］竹筒地区（吉野郡十津川村）,33900,JPY,design_unit_price_ex_tax,published_pdl,,,2025-07,2025-07-01,kkr-zairyo-r7-07,15,https://www.kkr.mlit.go.jp/plan/jigyousya/technical_information/gijutsukanri/qgl8vl0000004zj9-att/2025_07tanka.pdf,PDL1.0,d935f5461a1f,近畿地整が独自調査で設定した単価(物価資料に載っていない地区・規格だけ)。消費税抜き。
8c204b3b20b89690,JP,material,生コンクリート・モルタル,生コンクリート,２１－８－４０ [単位水量165以下W/C60以下],m3,bureau_area,29,奈良県,奈良 竹筒,68,［特定地］竹筒地区（吉野郡十津川村）,33900,JPY,design_unit_price_ex_tax,published_pdl,,,2025-07,2025-07-01,kkr-zairyo-r7-07,15,https://www.kkr.mlit.go.jp/plan/jigyousya/technical_information/gijutsukanri/qgl8vl0000004zj9-att/2025_07tanka.pdf,PDL1.0,4437d43ce7c4,近畿地整が独自調査で設定した単価(物価資料に載っていない地区・規格だけ)。消費税抜き。
0695bda2ad96c1f9,JP,material,生コンクリート・モルタル,生コンクリート,２１－１２－４０ [単位水量165以下W/C60以下],m3,bureau_area,29,奈良県,奈良 竹筒,68,［特定地］竹筒地区（吉野郡十津川村）,33900,JPY,design_unit_price_ex_tax,published_pdl,,,2025-07,2025-07-01,kkr-zairyo-r7-07,15,https://www.kkr.mlit.go.jp/plan/jigyousya/technical_information/gijutsukanri/qgl8vl0000004zj9-att/2025_07tanka.pdf,PDL1.0,8665bf049656,近畿地整が独自調査で設定した単価(物価資料に載っていない地区・規格だけ)。消費税抜き。
582bd7d1372864d5,JP,material,生コンクリート・モルタル,生コンクリート,高炉 ３０－１８－２０（２５） Ｃ＝３５０以上 [単位水量175以下W/C55％],m3,bureau_area,29,奈良県,奈良 五條市 / 旧五條市,69,五條市（旧西吉野村、旧大塔村除く）,29300,JPY,design_unit_price_ex_tax,published_pdl,,,2025-07,2025-07-01,kkr-zairyo-r7-07,16,https://www.kkr.mlit.go.jp/plan/jigyousya/technical_information/gijutsukanri/qgl8vl0000004zj9-att/2025_07tanka.pdf,PDL1.0,,近畿地整が独自調査で設定した単価(物価資料に載っていない地区・規格だけ)。消費税抜き。
0eb2df5ca922fd1f,JP,material,生コンクリート・モルタル,生コンクリート,高炉 ３０－１８－２０（２５） Ｃ＝３５０以上 [単位水量175以下W/C55％],m3,bureau_area,30,和歌山県,和歌山 紀の川市他,,,27000,JPY,design_unit_price_ex_tax,published_pdl,,,2025-07,2025-07-01,kkr-zairyo-r7-07,16,https://www.kkr.mlit.go.jp/plan/jigyousya/technical_information/gijutsukanri/qgl8vl0000004zj9-att/2025_07tanka.pdf,PDL1.0,,近畿地整が独自調査で設定した単価(物価資料に載っていない地区・規格だけ)。消費税抜き。
68970bce3a89a9cd,JP,material,生コンクリート・モルタル,生コンクリート,３０－１８－２０（２５） Ｃ＝３５０以上 [単位水量175以下W/C55％],m3,bureau_area,29,奈良県,奈良 五條市 / 旧五條市,69,五條市（旧西吉野村、旧大塔村除く）,29300,JPY,design_unit_price_ex_tax,published_pdl,,,2025-07,2025-07-01,kkr-zairyo-r7-07,16,https://www.kkr.mlit.go.jp/plan/jigyousya/technical_information/gijutsukanri/qgl8vl0000004zj9-att/2025_07tanka.pdf,PDL1.0,,近畿地整が独自調査で設定した単価(物価資料に載っていない地区・規格だけ)。消費税抜き。
ede9d07e2127e8ec,JP,material,生コンクリート・モルタル,生コンクリート,３０－１８－２０（２５） Ｃ＝３５０以上 [単位水量175以下W/C55％],m3,bureau_area,30,和歌山県,和歌山 紀の川市他,,,27000,JPY,design_unit_price_ex_tax,published_pdl,,,2025-07,2025-07-01,kkr-zairyo-r7-07,16,https://www.kkr.mlit.go.jp/plan/jigyousya/technical_information/gijutsukanri/qgl8vl0000004zj9-att/2025_07tanka.pdf,PDL1.0,,近畿地整が独自調査で設定した単価(物価資料に載っていない地区・規格だけ)。消費税抜き。
212e8d4f1c49a434,JP,material,生コンクリート・モルタル,生コンクリート,高炉 ３０－１８－２０（２５） Ｃ＝３５０以上 [単位水量175以下W/C55％],m3,bureau_area,30,和歌山県,和歌山 西牟婁郡他 / すさみ町,,,30000,JPY,design_unit_price_ex_tax,published_pdl,,,2025-07,2025-07-01,kkr-zairyo-r7-07,17,https://www.kkr.mlit.go.jp/plan/jigyousya/technical_information/gijutsukanri/qgl8vl0000004zj9-att/2025_07tanka.pdf,PDL1.0,,近畿地整が独自調査で設定した単価(物価資料に載っていない地区・規格だけ)。消費税抜き。
c0d0dfa5314b9dcc,JP,material,生コンクリート・モルタル,生コンクリート,高炉 ３０－１８－２０（２５） Ｃ＝３５０以上 [単位水量175以下W/C55％],m3,bureau_area,30,和歌山県,和歌山 東牟婁郡 / 串本町他,,,30000,JPY,design_unit_price_ex_tax,published_pdl,,,2025-07,2025-07-01,kkr-zairyo-r7-07,17,https://www.kkr.mlit.go.jp/plan/jigyousya/technical_information/gijutsukanri/qgl8vl0000004zj9-att/2025_07tanka.pdf,PDL1.0,,近畿地整が独自調査で設定した単価(物価資料に載っていない地区・規格だけ)。消費税抜き。
2d8c2ecde6c3d48e,JP,material,生コンクリート・モルタル,生コンクリート,高炉 ３０－１８－２０（２５） Ｃ＝３５０以上 [単位水量175以下W/C55％],m3,bureau_area,30,和歌山県,和歌山 新宮市他,,,44900,JPY,design_unit_price_ex_tax,published_pdl,,,2025-07,2025-07-01,kkr-zairyo-r7-07,17,https://www.kkr.mlit.go.jp/plan/jigyousya/technical_information/gijutsukanri/qgl8vl0000004zj9-att/2025_07tanka.pdf,PDL1.0,,近畿地整が独自調査で設定した単価(物価資料に載っていない地区・規格だけ)。消費税抜き。
a93ad2d6e614fb28,JP,material,生コンクリート・モルタル,生コンクリート,高炉 ３０－１８－２０（２５） Ｃ＝３５０以上 [単位水量175以下W/C55％],m3,bureau_area,30,和歌山県,和歌山 東牟婁郡 / 北山村,,,44900,JPY,design_unit_price_ex_tax,published_pdl,,,2025-07,2025-07-01,kkr-zairyo-r7-07,17,https://www.kkr.mlit.go.jp/plan/jigyousya/technical_information/gijutsukanri/qgl8vl0000004zj9-att/2025_07tanka.pdf,PDL1.0,,近畿地整が独自調査で設定した単価(物価資料に載っていない地区・規格だけ)。消費税抜き。
fe28b51399eb3b69,JP,material,生コンクリート・モルタル,生コンクリート,高炉 ３０－１８－２０（２５） Ｃ＝３５０以上 [単位水量175以下W/C55％],m3,bureau_area,30,和歌山県,和歌山 玉置口,,,44900,JPY,design_unit_price_ex_tax,published_pdl,,,2025-07,2025-07-01,kkr-zairyo-r7-07,17,https://www.kkr.mlit.go.jp/plan/jigyousya/technical_information/gijutsukanri/qgl8vl0000004zj9-att/2025_07tanka.pdf,PDL1.0,,近畿地整が独自調査で設定した単価(物価資料に載っていない地区・規格だけ)。消費税抜き。
694939a305294e87,JP,material,生コンクリート・モルタル,生コンクリート,高炉 ３０－１８－２０（２５） Ｃ＝３５０以上 [単位水量175以下W/C55％],m3,bureau_area,24,三重県,三重 太郎生,,,31000,JPY,design_unit_price_ex_tax,published_pdl,,,2025-07,2025-07-01,kkr-zairyo-r7-07,17,https://www.kkr.mlit.go.jp/plan/jigyousya/technical_information/gijutsukanri/qgl8vl0000004zj9-att/2025_07tanka.pdf,PDL1.0,,近畿地整が独自調査で設定した単価(物価資料に載っていない地区・規格だけ)。消費税抜き。
37281af6bb9f46c8,JP,material,生コンクリート・モルタル,生コンクリート,高炉 ３０－１８－２０（２５） Ｃ＝３５０以上 [単位水量175以下W/C55％],m3,bureau_area,24,三重県,三重 紀宝町他,,,36900,JPY,design_unit_price_ex_tax,published_pdl,,,2025-07,2025-07-01,kkr-zairyo-r7-07,17,https://www.kkr.mlit.go.jp/plan/jigyousya/technical_information/gijutsukanri/qgl8vl0000004zj9-att/2025_07tanka.pdf,PDL1.0,,近畿地整が独自調査で設定した単価(物価資料に載っていない地区・規格だけ)。消費税抜き。
9ae4cbc39caddf9d,JP,material,生コンクリート・モルタル,生コンクリート,３０－１８－２０（２５） Ｃ＝３５０以上 [単位水量175以下W/C55％],m3,bureau_area,30,和歌山県,和歌山 西牟婁郡他 / すさみ町,,,30100,JPY,design_unit_price_ex_tax,published_pdl,,,2025-07,2025-07-01,kkr-zairyo-r7-07,17,https://www.kkr.mlit.go.jp/plan/jigyousya/technical_information/gijutsukanri/qgl8vl0000004zj9-att/2025_07tanka.pdf,PDL1.0,,近畿地整が独自調査で設定した単価(物価資料に載っていない地区・規格だけ)。消費税抜き。
562efb9573ff9ab8,JP,material,生コンクリート・モルタル,生コンクリート,３０－１８－２０（２５） Ｃ＝３５０以上 [単位水量175以下W/C55％],m3,bureau_area,30,和歌山県,和歌山 東牟婁郡 / 串本町他,,,30100,JPY,design_unit_price_ex_tax,published_pdl,,,2025-07,2025-07-01,kkr-zairyo-r7-07,17,https://www.kkr.mlit.go.jp/plan/jigyousya/technical_information/gijutsukanri/qgl8vl0000004zj9-att/2025_07tanka.pdf,PDL1.0,,近畿地整が独自調査で設定した単価(物価資料に載っていない地区・規格だけ)。消費税抜き。
0ad52f3b36a03d30,JP,material,生コンクリート・モルタル,生コンクリート,３０－１８－２０（２５） Ｃ＝３５０以上 [単位水量175以下W/C55％],m3,bureau_area,30,和歌山県,和歌山 新宮市他,,,44900,JPY,design_unit_price_ex_tax,published_pdl,,,2025-07,2025-07-01,kkr-zairyo-r7-07,17,https://www.kkr.mlit.go.jp/plan/jigyousya/technical_information/gijutsukanri/qgl8vl0000004zj9-att/2025_07tanka.pdf,PDL1.0,,近畿地整が独自調査で設定した単価(物価資料に載っていない地区・規格だけ)。消費税抜き。
1c56af516c7d81d8,JP,material,生コンクリート・モルタル,生コンクリート,３０－１８－２０（２５） Ｃ＝３５０以上 [単位水量175以下W/C55％],m3,bureau_area,30,和歌山県,和歌山 東牟婁郡 / 北山村,,,44900,JPY,design_unit_price_ex_tax,published_pdl,,,2025-07,2025-07-01,kkr-zairyo-r7-07,17,https://www.kkr.mlit.go.jp/plan/jigyousya/technical_information/gijutsukanri/qgl8vl0000004zj9-att/2025_07tanka.pdf,PDL1.0,,近畿地整が独自調査で設定した単価(物価資料に載っていない地区・規格だけ)。消費税抜き。
202f2d9b71b0c01f,JP,material,生コンクリート・モルタル,生コンクリート,３０－１８－２０（２５） Ｃ＝３５０以上 [単位水量175以下W/C55％],m3,bureau_area,30,和歌山県,和歌山 玉置口,,,44900,JPY,design_unit_price_ex_tax,published_pdl,,,2025-07,2025-07-01,kkr-zairyo-r7-07,17,https://www.kkr.mlit.go.jp/plan/jigyousya/technical_information/gijutsukanri/qgl8vl0000004zj9-att/2025_07tanka.pdf,PDL1.0,,近畿地整が独自調査で設定した単価(物価資料に載っていない地区・規格だけ)。消費税抜き。
62da39e70ce0d2a1,JP,material,生コンクリート・モルタル,生コンクリート,３０－１８－２０（２５） Ｃ＝３５０以上 [単位水量175以下W/C55％],m3,bureau_area,24,三重県,三重 太郎生,,,31000,JPY,design_unit_price_ex_tax,published_pdl,,,2025-07,2025-07-01,kkr-zairyo-r7-07,17,https://www.kkr.mlit.go.jp/plan/jigyousya/technical_information/gijutsukanri/qgl8vl0000004zj9-att/2025_07tanka.pdf,PDL1.0,,近畿地整が独自調査で設定した単価(物価資料に載っていない地区・規格だけ)。消費税抜き。
1d265f7dba7c387d,JP,material,生コンクリート・モルタル,生コンクリート,３０－１８－２０（２５） Ｃ＝３５０以上 [単位水量175以下W/C55％],m3,bureau_area,24,三重県,三重 紀宝町他,,,36900,JPY,design_unit_price_ex_tax,published_pdl,,,2025-07,2025-07-01,kkr-zairyo-r7-07,17,https://www.kkr.mlit.go.jp/plan/jigyousya/technical_information/gijutsukanri/qgl8vl0000004zj9-att/2025_07tanka.pdf,PDL1.0,,近畿地整が独自調査で設定した単価(物価資料に載っていない地区・規格だけ)。消費税抜き。
f97c88bd04233a5a,JP,material,生コンクリート・モルタル,生コンクリート,１８－８－２５（２０） [単位水量175以下W/C60以下],m3,bureau_area,30,和歌山県,和歌山 西牟婁郡他 / すさみ町,,,28100,JPY,design_unit_price_ex_tax,published_pdl,,,2025-07,2025-07-01,kkr-zairyo-r7-07,17,https://www.kkr.mlit.go.jp/plan/jigyousya/technical_information/gijutsukanri/qgl8vl0000004zj9-att/2025_07tanka.pdf,PDL1.0,205fb4e2a22c,近畿地整が独自調査で設定した単価(物価資料に載っていない地区・規格だけ)。消費税抜き。
77af639c9c7270e4,JP,material,生コンクリート・モルタル,生コンクリート,１８－８－２５（２０） [単位水量175以下W/C60以下],m3,bureau_area,30,和歌山県,和歌山 玉置口,,,32900,JPY,design_unit_price_ex_tax,published_pdl,,,2025-07,2025-07-01,kkr-zairyo-r7-07,17,https://www.kkr.mlit.go.jp/plan/jigyousya/technical_information/gijutsukanri/qgl8vl0000004zj9-att/2025_07tanka.pdf,PDL1.0,205fb4e2a22c,近畿地整が独自調査で設定した単価(物価資料に載っていない地区・規格だけ)。消費税抜き。
1e0afa682973ba95,JP,material,生コンクリート・モルタル,生コンクリート,１８－８－２５（２０） [単位水量175以下W/C60以下],m3,bureau_area,24,三重県,三重 名張市,,,29000,JPY,design_unit_price_ex_tax,published_pdl,,,2025-07,2025-07-01,kkr-zairyo-r7-07,17,https://www.kkr.mlit.go.jp/plan/jigyousya/technical_information/gijutsukanri/qgl8vl0000004zj9-att/2025_07tanka.pdf,PDL1.0,205fb4e2a22c,近畿地整が独自調査で設定した単価(物価資料に載っていない地区・規格だけ)。消費税抜き。
b6435c0def6cd9c8,JP,material,生コンクリート・モルタル,生コンクリート,１８－８－２５（２０） [単位水量175以下W/C60以下],m3,bureau_area,24,三重県,三重 伊賀市 / 旧上野市他,,,29000,JPY,design_unit_price_ex_tax,published_pdl,,,2025-07,2025-07-01,kkr-zairyo-r7-07,17,https://www.kkr.mlit.go.jp/plan/jigyousya/technical_information/gijutsukanri/qgl8vl0000004zj9-att/2025_07tanka.pdf,PDL1.0,205fb4e2a22c,近畿地整が独自調査で設定した単価(物価資料に載っていない地区・規格だけ)。消費税抜き。
34b7d9aa5d181086,JP,material,生コンクリート・モルタル,生コンクリート,１８－８－２５（２０） [単位水量175以下W/C60以下],m3,bureau_area,24,三重県,三重 伊賀市 / 旧青山町,,,29000,JPY,design_unit_price_ex_tax,published_pdl,,,2025-07,2025-07-01,kkr-zairyo-r7-07,17,https://www.kkr.mlit.go.jp/plan/jigyousya/technical_information/gijutsukanri/qgl8vl0000004zj9-att/2025_07tanka.pdf,PDL1.0,205fb4e2a22c,近畿地整が独自調査で設定した単価(物価資料に載っていない地区・規格だけ)。消費税抜き。
87027b42135d0c78,JP,material,生コンクリート・モルタル,生コンクリート,１８－８－２５（２０） [単位水量175以下W/C60以下],m3,bureau_area,24,三重県,三重 太郎生,,,29500,JPY,design_unit_price_ex_tax,published_pdl,,,2025-07,2025-07-01,kkr-zairyo-r7-07,17,https://www.kkr.mlit.go.jp/plan/jigyousya/technical_information/gijutsukanri/qgl8vl0000004zj9-att/2025_07tanka.pdf,PDL1.0,205fb4e2a22c,近畿地整が独自調査で設定した単価(物価資料に載っていない地区・規格だけ)。消費税抜き。
da019c7e9a29bd26,JP,material,生コンクリート・モルタル,生コンクリート,１８－８－２５（２０） [単位水量175以下W/C60以下],m3,bureau_area,24,三重県,三重 紀宝町他,,,33900,JPY,design_unit_price_ex_tax,published_pdl,,,2025-07,2025-07-01,kkr-zairyo-r7-07,17,https://www.kkr.mlit.go.jp/plan/jigyousya/technical_information/gijutsukanri/qgl8vl0000004zj9-att/2025_07tanka.pdf,PDL1.0,205fb4e2a22c,近畿地整が独自調査で設定した単価(物価資料に載っていない地区・規格だけ)。消費税抜き。
45a7dade40f172d4,JP,material,生コンクリート・モルタル,生コンクリート,１８－１２－２５（２０） [単位水量175以下W/C60以下],m3,bureau_area,30,和歌山県,和歌山 西牟婁郡他 / すさみ町,,,28100,JPY,design_unit_price_ex_tax,published_pdl,,,2025-07,2025-07-01,kkr-zairyo-r7-07,17,https://www.kkr.mlit.go.jp/plan/jigyousya/technical_information/gijutsukanri/qgl8vl0000004zj9-att/2025_07tanka.pdf,PDL1.0,c7752fd452cb,近畿地整が独自調査で設定した単価(物価資料に載っていない地区・規格だけ)。消費税抜き。
f37da43f47e742dd,JP,material,生コンクリート・モルタル,生コンクリート,１８－１２－２５（２０） [単位水量175以下W/C60以下],m3,bureau_area,30,和歌山県,和歌山 玉置口,,,32900,JPY,design_unit_price_ex_tax,published_pdl,,,2025-07,2025-07-01,kkr-zairyo-r7-07,17,https://www.kkr.mlit.go.jp/plan/jigyousya/technical_information/gijutsukanri/qgl8vl0000004zj9-att/2025_07tanka.pdf,PDL1.0,c7752fd452cb,近畿地整が独自調査で設定した単価(物価資料に載っていない地区・規格だけ)。消費税抜き。
8a6d20127c809f73,JP,material,生コンクリート・モルタル,生コンクリート,１８－１２－２５（２０） [単位水量175以下W/C60以下],m3,bureau_area,24,三重県,三重 名張市,,,29000,JPY,design_unit_price_ex_tax,published_pdl,,,2025-07,2025-07-01,kkr-zairyo-r7-07,17,https://www.kkr.mlit.go.jp/plan/jigyousya/technical_information/gijutsukanri/qgl8vl0000004zj9-att/2025_07tanka.pdf,PDL1.0,c7752fd452cb,近畿地整が独自調査で設定した単価(物価資料に載っていない地区・規格だけ)。消費税抜き。
0ee00d95e4c1b7d4,JP,material,生コンクリート・モルタル,生コンクリート,１８－１２－２５（２０） [単位水量175以下W/C60以下],m3,bureau_area,24,三重県,三重 伊賀市 / 旧上野市他,,,29000,JPY,design_unit_price_ex_tax,published_pdl,,,2025-07,2025-07-01,kkr-zairyo-r7-07,17,https://www.kkr.mlit.go.jp/plan/jigyousya/technical_information/gijutsukanri/qgl8vl0000004zj9-att/2025_07tanka.pdf,PDL1.0,c7752fd452cb,近畿地整が独自調査で設定した単価(物価資料に載っていない地区・規格だけ)。消費税抜き。
9c46a0f4b3792ee3,JP,material,生コンクリート・モルタル,生コンクリート,１８－１２－２５（２０） [単位水量175以下W/C60以下],m3,bureau_area,24,三重県,三重 伊賀市 / 旧青山町,,,29000,JPY,design_unit_price_ex_tax,published_pdl,,,2025-07,2025-07-01,kkr-zairyo-r7-07,17,https://www.kkr.mlit.go.jp/plan/jigyousya/technical_information/gijutsukanri/qgl8vl0000004zj9-att/2025_07tanka.pdf,PDL1.0,c7752fd452cb,近畿地整が独自調査で設定した単価(物価資料に載っていない地区・規格だけ)。消費税抜き。
9fad0b3cbdc18d6c,JP,material,生コンクリート・モルタル,生コンクリート,１８－１２－２５（２０） [単位水量175以下W/C60以下],m3,bureau_area,24,三重県,三重 太郎生,,,29500,JPY,design_unit_price_ex_tax,published_pdl,,,2025-07,2025-07-01,kkr-zairyo-r7-07,17,https://www.kkr.mlit.go.jp/plan/jigyousya/technical_information/gijutsukanri/qgl8vl0000004zj9-att/2025_07tanka.pdf,PDL1.0,c7752fd452cb,近畿地整が独自調査で設定した単価(物価資料に載っていない地区・規格だけ)。消費税抜き。
b3ebf1eec2269149,JP,material,生コンクリート・モルタル,生コンクリート,１８－１２－２５（２０） [単位水量175以下W/C60以下],m3,bureau_area,24,三重県,三重 紀宝町他,,,33900,JPY,design_unit_price_ex_tax,published_pdl,,,2025-07,2025-07-01,kkr-zairyo-r7-07,17,https://www.kkr.mlit.go.jp/plan/jigyousya/technical_information/gijutsukanri/qgl8vl0000004zj9-att/2025_07tanka.pdf,PDL1.0,c7752fd452cb,近畿地整が独自調査で設定した単価(物価資料に載っていない地区・規格だけ)。消費税抜き。
3b1e615f100d6f03,JP,material,生コンクリート・モルタル,生コンクリート,１８－１５－２５（２０） [単位水量175以下W/C60以下],m3,bureau_area,30,和歌山県,和歌山 西牟婁郡他 / すさみ町,,,28300,JPY,design_unit_price_ex_tax,published_pdl,,,2025-07,2025-07-01,kkr-zairyo-r7-07,17,https://www.kkr.mlit.go.jp/plan/jigyousya/technical_information/gijutsukanri/qgl8vl0000004zj9-att/2025_07tanka.pdf,PDL1.0,0f948effd799,近畿地整が独自調査で設定した単価(物価資料に載っていない地区・規格だけ)。消費税抜き。
ebf64095c09e904f,JP,material,生コンクリート・モルタル,生コンクリート,１８－１５－２５（２０） [単位水量175以下W/C60以下],m3,bureau_area,30,和歌山県,和歌山 玉置口,,,32900,JPY,design_unit_price_ex_tax,published_pdl,,,2025-07,2025-07-01,kkr-zairyo-r7-07,17,https://www.kkr.mlit.go.jp/plan/jigyousya/technical_information/gijutsukanri/qgl8vl0000004zj9-att/2025_07tanka.pdf,PDL1.0,0f948effd799,近畿地整が独自調査で設定した単価(物価資料に載っていない地区・規格だけ)。消費税抜き。
57d4efa042ad9e77,JP,material,生コンクリート・モルタル,生コンクリート,１８－１５－２５（２０） [単位水量175以下W/C60以下],m3,bureau_area,24,三重県,三重 名張市,,,29000,JPY,design_unit_price_ex_tax,published_pdl,,,2025-07,2025-07-01,kkr-zairyo-r7-07,17,https://www.kkr.mlit.go.jp/plan/jigyousya/technical_information/gijutsukanri/qgl8vl0000004zj9-att/2025_07tanka.pdf,PDL1.0,0f948effd799,近畿地整が独自調査で設定した単価(物価資料に載っていない地区・規格だけ)。消費税抜き。
647b14e8438553a7,JP,material,生コンクリート・モルタル,生コンクリート,１８－１５－２５（２０） [単位水量175以下W/C60以下],m3,bureau_area,24,三重県,三重 伊賀市 / 旧上野市他,,,29000,JPY,design_unit_price_ex_tax,published_pdl,,,2025-07,2025-07-01,kkr-zairyo-r7-07,17,https://www.kkr.mlit.go.jp/plan/jigyousya/technical_information/gijutsukanri/qgl8vl0000004zj9-att/2025_07tanka.pdf,PDL1.0,0f948effd799,近畿地整が独自調査で設定した単価(物価資料に載っていない地区・規格だけ)。消費税抜き。
2e230cf48292194a,JP,material,生コンクリート・モルタル,生コンクリート,１８－１５－２５（２０） [単位水量175以下W/C60以下],m3,bureau_area,24,三重県,三重 伊賀市 / 旧青山町,,,29000,JPY,design_unit_price_ex_tax,published_pdl,,,2025-07,2025-07-01,kkr-zairyo-r7-07,17,https://www.kkr.mlit.go.jp/plan/jigyousya/technical_information/gijutsukanri/qgl8vl0000004zj9-att/2025_07tanka.pdf,PDL1.0,0f948effd799,近畿地整が独自調査で設定した単価(物価資料に載っていない地区・規格だけ)。消費税抜き。
2c839ef4a7ed5c9a,JP,material,生コンクリート・モルタル,生コンクリート,１８－１５－２５（２０） [単位水量175以下W/C60以下],m3,bureau_area,24,三重県,三重 太郎生,,,29500,JPY,design_unit_price_ex_tax,published_pdl,,,2025-07,2025-07-01,kkr-zairyo-r7-07,17,https://www.kkr.mlit.go.jp/plan/jigyousya/technical_information/gijutsukanri/qgl8vl0000004zj9-att/2025_07tanka.pdf,PDL1.0,0f948effd799,近畿地整が独自調査で設定した単価(物価資料に載っていない地区・規格だけ)。消費税抜き。
5007700479d4e7f8,JP,material,生コンクリート・モルタル,生コンクリート,１８－１５－２５（２０） [単位水量175以下W/C60以下],m3,bureau_area,24,三重県,三重 紀宝町他,,,33900,JPY,design_unit_price_ex_tax,published_pdl,,,2025-07,2025-07-01,kkr-zairyo-r7-07,17,https://www.kkr.mlit.go.jp/plan/jigyousya/technical_information/gijutsukanri/qgl8vl0000004zj9-att/2025_07tanka.pdf,PDL1.0,0f948effd799,近畿地整が独自調査で設定した単価(物価資料に載っていない地区・規格だけ)。消費税抜き。
3c5e0b61726a5cc1,JP,material,生コンクリート・モルタル,生コンクリート,１８－１８－２５（２０） [単位水量175以下W/C60以下],m3,bureau_area,30,和歌山県,和歌山 西牟婁郡他 / すさみ町,,,28300,JPY,design_unit_price_ex_tax,published_pdl,,,2025-07,2025-07-01,kkr-zairyo-r7-07,17,https://www.kkr.mlit.go.jp/plan/jigyousya/technical_information/gijutsukanri/qgl8vl0000004zj9-att/2025_07tanka.pdf,PDL1.0,739a5c3bcc24,近畿地整が独自調査で設定した単価(物価資料に載っていない地区・規格だけ)。消費税抜き。
b57fbdab4e347a6c,JP,material,生コンクリート・モルタル,生コンクリート,１８－１８－２５（２０） [単位水量175以下W/C60以下],m3,bureau_area,30,和歌山県,和歌山 玉置口,,,32900,JPY,design_unit_price_ex_tax,published_pdl,,,2025-07,2025-07-01,kkr-zairyo-r7-07,17,https://www.kkr.mlit.go.jp/plan/jigyousya/technical_information/gijutsukanri/qgl8vl0000004zj9-att/2025_07tanka.pdf,PDL1.0,739a5c3bcc24,近畿地整が独自調査で設定した単価(物価資料に載っていない地区・規格だけ)。消費税抜き。
031d8453e76d149e,JP,material,生コンクリート・モルタル,生コンクリート,１８－１８－２５（２０） [単位水量175以下W/C60以下],m3,bureau_area,24,三重県,三重 名張市,,,29800,JPY,design_unit_price_ex_tax,published_pdl,,,2025-07,2025-07-01,kkr-zairyo-r7-07,17,https://www.kkr.mlit.go.jp/plan/jigyousya/technical_information/gijutsukanri/qgl8vl0000004zj9-att/2025_07tanka.pdf,PDL1.0,739a5c3bcc24,近畿地整が独自調査で設定した単価(物価資料に載っていない地区・規格だけ)。消費税抜き。
848d69728ce8fe9b,JP,material,生コンクリート・モルタル,生コンクリート,１８－１８－２５（２０） [単位水量175以下W/C60以下],m3,bureau_area,24,三重県,三重 伊賀市 / 旧上野市他,,,29800,JPY,design_unit_price_ex_tax,published_pdl,,,2025-07,2025-07-01,kkr-zairyo-r7-07,17,https://www.kkr.mlit.go.jp/plan/jigyousya/technical_information/gijutsukanri/qgl8vl0000004zj9-att/2025_07tanka.pdf,PDL1.0,739a5c3bcc24,近畿地整が独自調査で設定した単価(物価資料に載っていない地区・規格だけ)。消費税抜き。
9581fcec76d53d9c,JP,material,生コンクリート・モルタル,生コンクリート,１８－１８－２５（２０） [単位水量175以下W/C60以下],m3,bureau_area,24,三重県,三重 伊賀市 / 旧青山町,,,29800,JPY,design_unit_price_ex_tax,published_pdl,,,2025-07,2025-07-01,kkr-zairyo-r7-07,17,https://www.kkr.mlit.go.jp/plan/jigyousya/technical_information/gijutsukanri/qgl8vl0000004zj9-att/2025_07tanka.pdf,PDL1.0,739a5c3bcc24,近畿地整が独自調査で設定した単価(物価資料に載っていない地区・規格だけ)。消費税抜き。
5a4d7922bdd1b662,JP,material,生コンクリート・モルタル,生コンクリート,１８－１８－２５（２０） [単位水量175以下W/C60以下],m3,bureau_area,24,三重県,三重 太郎生,,,29500,JPY,design_unit_price_ex_tax,published_pdl,,,2025-07,2025-07-01,kkr-zairyo-r7-07,17,https://www.kkr.mlit.go.jp/plan/jigyousya/technical_information/gijutsukanri/qgl8vl0000004zj9-att/2025_07tanka.pdf,PDL1.0,739a5c3bcc24,近畿地整が独自調査で設定した単価(物価資料に載っていない地区・規格だけ)。消費税抜き。
40b473180c794ddc,JP,material,生コンクリート・モルタル,生コンクリート,１８－１８－２５（２０） [単位水量175以下W/C60以下],m3,bureau_area,24,三重県,三重 紀宝町他,,,33900,JPY,design_unit_price_ex_tax,published_pdl,,,2025-07,2025-07-01,kkr-zairyo-r7-07,17,https://www.kkr.mlit.go.jp/plan/jigyousya/technical_information/gijutsukanri/qgl8vl0000004zj9-att/2025_07tanka.pdf,PDL1.0,739a5c3bcc24,近畿地整が独自調査で設定した単価(物価資料に載っていない地区・規格だけ)。消費税抜き。
43dd3748241e0fb7,JP,material,生コンクリート・モルタル,生コンクリート,２１－８－２５（２０） [単位水量175以下W/C60以下],m3,bureau_area,30,和歌山県,和歌山 西牟婁郡他 / すさみ町,,,28100,JPY,design_unit_price_ex_tax,published_pdl,,,2025-07,2025-07-01,kkr-zairyo-r7-07,17,https://www.kkr.mlit.go.jp/plan/jigyousya/technical_information/gijutsukanri/qgl8vl0000004zj9-att/2025_07tanka.pdf,PDL1.0,482f8152d5c5,近畿地整が独自調査で設定した単価(物価資料に載っていない地区・規格だけ)。消費税抜き。
0a8bcb5118ee3139,JP,material,生コンクリート・モルタル,生コンクリート,２１－８－２５（２０） [単位水量175以下W/C60以下],m3,bureau_area,30,和歌山県,和歌山 玉置口,,,33900,JPY,design_unit_price_ex_tax,published_pdl,,,2025-07,2025-07-01,kkr-zairyo-r7-07,17,https://www.kkr.mlit.go.jp/plan/jigyousya/technical_information/gijutsukanri/qgl8vl0000004zj9-att/2025_07tanka.pdf,PDL1.0,482f8152d5c5,近畿地整が独自調査で設定した単価(物価資料に載っていない地区・規格だけ)。消費税抜き。
d702b8786f0be6bd,JP,material,生コンクリート・モルタル,生コンクリート,２１－８－２５（２０） [単位水量175以下W/C60以下],m3,bureau_area,24,三重県,三重 名張市,,,29000,JPY,design_unit_price_ex_tax,published_pdl,,,2025-07,2025-07-01,kkr-zairyo-r7-07,17,https://www.kkr.mlit.go.jp/plan/jigyousya/technical_information/gijutsukanri/qgl8vl0000004zj9-att/2025_07tanka.pdf,PDL1.0,482f8152d5c5,近畿地整が独自調査で設定した単価(物価資料に載っていない地区・規格だけ)。消費税抜き。
633667a5642c52df,JP,material,生コンクリート・モルタル,生コンクリート,２１－８－２５（２０） [単位水量175以下W/C60以下],m3,bureau_area,24,三重県,三重 伊賀市 / 旧上野市他,,,29000,JPY,design_unit_price_ex_tax,published_pdl,,,2025-07,2025-07-01,kkr-zairyo-r7-07,17,https://www.kkr.mlit.go.jp/plan/jigyousya/technical_information/gijutsukanri/qgl8vl0000004zj9-att/2025_07tanka.pdf,PDL1.0,482f8152d5c5,近畿地整が独自調査で設定した単価(物価資料に載っていない地区・規格だけ)。消費税抜き。
413d50cdeda900d7,JP,material,生コンクリート・モルタル,生コンクリート,２１－８－２５（２０） [単位水量175以下W/C60以下],m3,bureau_area,24,三重県,三重 伊賀市 / 旧青山町,,,29000,JPY,design_unit_price_ex_tax,published_pdl,,,2025-07,2025-07-01,kkr-zairyo-r7-07,17,https://www.kkr.mlit.go.jp/plan/jigyousya/technical_information/gijutsukanri/qgl8vl0000004zj9-att/2025_07tanka.pdf,PDL1.0,482f8152d5c5,近畿地整が独自調査で設定した単価(物価資料に載っていない地区・規格だけ)。消費税抜き。
30846b9bdf269210,JP,material,生コンクリート・モルタル,生コンクリート,２１－８－２５（２０） [単位水量175以下W/C60以下],m3,bureau_area,24,三重県,三重 太郎生,,,30000,JPY,design_unit_price_ex_tax,published_pdl,,,2025-07,2025-07-01,kkr-zairyo-r7-07,17,https://www.kkr.mlit.go.jp/plan/jigyousya/technical_information/gijutsukanri/qgl8vl0000004zj9-att/2025_07tanka.pdf,PDL1.0,482f8152d5c5,近畿地整が独自調査で設定した単価(物価資料に載っていない地区・規格だけ)。消費税抜き。
1e734c7a92786b82,JP,material,生コンクリート・モルタル,生コンクリート,２１－８－２５（２０） [単位水量175以下W/C60以下],m3,bureau_area,24,三重県,三重 紀宝町他,,,33900,JPY,design_unit_price_ex_tax,published_pdl,,,2025-07,2025-07-01,kkr-zairyo-r7-07,17,https://www.kkr.mlit.go.jp/plan/jigyousya/technical_information/gijutsukanri/qgl8vl0000004zj9-att/2025_07tanka.pdf,PDL1.0,482f8152d5c5,近畿地整が独自調査で設定した単価(物価資料に載っていない地区・規格だけ)。消費税抜き。
38401a1a1cb613a4,JP,material,生コンクリート・モルタル,生コンクリート,２１－１５－２５（２０） [単位水量175以下W/C60以下],m3,bureau_area,30,和歌山県,和歌山 西牟婁郡他 / すさみ町,,,28300,JPY,design_unit_price_ex_tax,published_pdl,,,2025-07,2025-07-01,kkr-zairyo-r7-07,17,https://www.kkr.mlit.go.jp/plan/jigyousya/technical_information/gijutsukanri/qgl8vl0000004zj9-att/2025_07tanka.pdf,PDL1.0,4b73c3134218,近畿地整が独自調査で設定した単価(物価資料に載っていない地区・規格だけ)。消費税抜き。
320b3bce9b67a659,JP,material,生コンクリート・モルタル,生コンクリート,２１－１５－２５（２０） [単位水量175以下W/C60以下],m3,bureau_area,30,和歌山県,和歌山 玉置口,,,33900,JPY,design_unit_price_ex_tax,published_pdl,,,2025-07,2025-07-01,kkr-zairyo-r7-07,17,https://www.kkr.mlit.go.jp/plan/jigyousya/technical_information/gijutsukanri/qgl8vl0000004zj9-att/2025_07tanka.pdf,PDL1.0,4b73c3134218,近畿地整が独自調査で設定した単価(物価資料に載っていない地区・規格だけ)。消費税抜き。
a05a2d9ea59573c3,JP,material,生コンクリート・モルタル,生コンクリート,２１－１５－２５（２０） [単位水量175以下W/C60以下],m3,bureau_area,24,三重県,三重 名張市,,,29000,JPY,design_unit_price_ex_tax,published_pdl,,,2025-07,2025-07-01,kkr-zairyo-r7-07,17,https://www.kkr.mlit.go.jp/plan/jigyousya/technical_information/gijutsukanri/qgl8vl0000004zj9-att/2025_07tanka.pdf,PDL1.0,4b73c3134218,近畿地整が独自調査で設定した単価(物価資料に載っていない地区・規格だけ)。消費税抜き。
4d80b84fbec3c265,JP,material,生コンクリート・モルタル,生コンクリート,２１－１５－２５（２０） [単位水量175以下W/C60以下],m3,bureau_area,24,三重県,三重 伊賀市 / 旧上野市他,,,29000,JPY,design_unit_price_ex_tax,published_pdl,,,2025-07,2025-07-01,kkr-zairyo-r7-07,17,https://www.kkr.mlit.go.jp/plan/jigyousya/technical_information/gijutsukanri/qgl8vl0000004zj9-att/2025_07tanka.pdf,PDL1.0,4b73c3134218,近畿地整が独自調査で設定した単価(物価資料に載っていない地区・規格だけ)。消費税抜き。
90b52c07e2d5696c,JP,material,生コンクリート・モルタル,生コンクリート,２１－１５－２５（２０） [単位水量175以下W/C60以下],m3,bureau_area,24,三重県,三重 伊賀市 / 旧青山町,,,29000,JPY,design_unit_price_ex_tax,published_pdl,,,2025-07,2025-07-01,kkr-zairyo-r7-07,17,https://www.kkr.mlit.go.jp/plan/jigyousya/technical_information/gijutsukanri/qgl8vl0000004zj9-att/2025_07tanka.pdf,PDL1.0,4b73c3134218,近畿地整が独自調査で設定した単価(物価資料に載っていない地区・規格だけ)。消費税抜き。
3bfe9d4d9936dc38,JP,material,生コンクリート・モルタル,生コンクリート,２１－１５－２５（２０） [単位水量175以下W/C60以下],m3,bureau_area,24,三重県,三重 太郎生,,,30000,JPY,design_unit_price_ex_tax,published_pdl,,,2025-07,2025-07-01,kkr-zairyo-r7-07,17,https://www.kkr.mlit.go.jp/plan/jigyousya/technical_information/gijutsukanri/qgl8vl0000004zj9-att/2025_07tanka.pdf,PDL1.0,4b73c3134218,近畿地整が独自調査で設定した単価(物価資料に載っていない地区・規格だけ)。消費税抜き。
42486b4a2176b47e,JP,material,生コンクリート・モルタル,生コンクリート,２１－１５－２５（２０） [単位水量175以下W/C60以下],m3,bureau_area,24,三重県,三重 紀宝町他,,,33900,JPY,design_unit_price_ex_tax,published_pdl,,,2025-07,2025-07-01,kkr-zairyo-r7-07,17,https://www.kkr.mlit.go.jp/plan/jigyousya/technical_information/gijutsukanri/qgl8vl0000004zj9-att/2025_07tanka.pdf,PDL1.0,4b73c3134218,近畿地整が独自調査で設定した単価(物価資料に載っていない地区・規格だけ)。消費税抜き。
e5ee269d47827587,JP,material,生コンクリート・モルタル,生コンクリート,２１－１８－２５（２０） [単位水量175以下W/C60以下],m3,bureau_area,30,和歌山県,和歌山 西牟婁郡他 / すさみ町,,,28300,JPY,design_unit_price_ex_tax,published_pdl,,,2025-07,2025-07-01,kkr-zairyo-r7-07,17,https://www.kkr.mlit.go.jp/plan/jigyousya/technical_information/gijutsukanri/qgl8vl0000004zj9-att/2025_07tanka.pdf,PDL1.0,53196cad57e3,近畿地整が独自調査で設定した単価(物価資料に載っていない地区・規格だけ)。消費税抜き。
a0f05623d5cf75f8,JP,material,生コンクリート・モルタル,生コンクリート,２１－１８－２５（２０） [単位水量175以下W/C60以下],m3,bureau_area,30,和歌山県,和歌山 玉置口,,,33900,JPY,design_unit_price_ex_tax,published_pdl,,,2025-07,2025-07-01,kkr-zairyo-r7-07,17,https://www.kkr.mlit.go.jp/plan/jigyousya/technical_information/gijutsukanri/qgl8vl0000004zj9-att/2025_07tanka.pdf,PDL1.0,53196cad57e3,近畿地整が独自調査で設定した単価(物価資料に載っていない地区・規格だけ)。消費税抜き。
227a8f689fa9ad8e,JP,material,生コンクリート・モルタル,生コンクリート,２１－１８－２５（２０） [単位水量175以下W/C60以下],m3,bureau_area,24,三重県,三重 名張市,,,29800,JPY,design_unit_price_ex_tax,published_pdl,,,2025-07,2025-07-01,kkr-zairyo-r7-07,17,https://www.kkr.mlit.go.jp/plan/jigyousya/technical_information/gijutsukanri/qgl8vl0000004zj9-att/2025_07tanka.pdf,PDL1.0,53196cad57e3,近畿地整が独自調査で設定した単価(物価資料に載っていない地区・規格だけ)。消費税抜き。
0542d7900a65ea66,JP,material,生コンクリート・モルタル,生コンクリート,２１－１８－２５（２０） [単位水量175以下W/C60以下],m3,bureau_area,24,三重県,三重 伊賀市 / 旧上野市他,,,29800,JPY,design_unit_price_ex_tax,published_pdl,,,2025-07,2025-07-01,kkr-zairyo-r7-07,17,https://www.kkr.mlit.go.jp/plan/jigyousya/technical_information/gijutsukanri/qgl8vl0000004zj9-att/2025_07tanka.pdf,PDL1.0,53196cad57e3,近畿地整が独自調査で設定した単価(物価資料に載っていない地区・規格だけ)。消費税抜き。
da45f35c2a820c65,JP,material,生コンクリート・モルタル,生コンクリート,２１－１８－２５（２０） [単位水量175以下W/C60以下],m3,bureau_area,24,三重県,三重 伊賀市 / 旧青山町,,,29800,JPY,design_unit_price_ex_tax,published_pdl,,,2025-07,2025-07-01,kkr-zairyo-r7-07,17,https://www.kkr.mlit.go.jp/plan/jigyousya/technical_information/gijutsukanri/qgl8vl0000004zj9-att/2025_07tanka.pdf,PDL1.0,53196cad57e3,近畿地整が独自調査で設定した単価(物価資料に載っていない地区・規格だけ)。消費税抜き。
e2b8891923fe30c8,JP,material,生コンクリート・モルタル,生コンクリート,２１－１８－２５（２０） [単位水量175以下W/C60以下],m3,bureau_area,24,三重県,三重 太郎生,,,30000,JPY,design_unit_price_ex_tax,published_pdl,,,2025-07,2025-07-01,kkr-zairyo-r7-07,17,https://www.kkr.mlit.go.jp/plan/jigyousya/technical_information/gijutsukanri/qgl8vl0000004zj9-att/2025_07tanka.pdf,PDL1.0,53196cad57e3,近畿地整が独自調査で設定した単価(物価資料に載っていない地区・規格だけ)。消費税抜き。
c937fd2ce3f00617,JP,material,生コンクリート・モルタル,生コンクリート,２１－１８－２５（２０） [単位水量175以下W/C60以下],m3,bureau_area,24,三重県,三重 紀宝町他,,,33900,JPY,design_unit_price_ex_tax,published_pdl,,,2025-07,2025-07-01,kkr-zairyo-r7-07,17,https://www.kkr.mlit.go.jp/plan/jigyousya/technical_information/gijutsukanri/qgl8vl0000004zj9-att/2025_07tanka.pdf,PDL1.0,53196cad57e3,近畿地整が独自調査で設定した単価(物価資料に載っていない地区・規格だけ)。消費税抜き。
a3a5470d8c73b613,JP,material,生コンクリート・モルタル,生コンクリート,２４－８－２５（２０） [単位水量175以下W/C55以下],m3,bureau_area,30,和歌山県,和歌山 西牟婁郡他 / すさみ町,,,28700,JPY,design_unit_price_ex_tax,published_pdl,,,2025-07,2025-07-01,kkr-zairyo-r7-07,17,https://www.kkr.mlit.go.jp/plan/jigyousya/technical_information/gijutsukanri/qgl8vl0000004zj9-att/2025_07tanka.pdf,PDL1.0,c7034bd79cbd,近畿地整が独自調査で設定した単価(物価資料に載っていない地区・規格だけ)。消費税抜き。
cb206828c1ab542a,JP,material,生コンクリート・モルタル,生コンクリート,２４－８－２５（２０） [単位水量175以下W/C55以下],m3,bureau_area,30,和歌山県,和歌山 玉置口,,,34900,JPY,design_unit_price_ex_tax,published_pdl,,,2025-07,2025-07-01,kkr-zairyo-r7-07,17,https://www.kkr.mlit.go.jp/plan/jigyousya/technical_information/gijutsukanri/qgl8vl0000004zj9-att/2025_07tanka.pdf,PDL1.0,c7034bd79cbd,近畿地整が独自調査で設定した単価(物価資料に載っていない地区・規格だけ)。消費税抜き。
1b7f3c878a48a88e,JP,material,生コンクリート・モルタル,生コンクリート,２４－８－２５（２０） [単位水量175以下W/C55以下],m3,bureau_area,24,三重県,三重 名張市,,,29500,JPY,design_unit_price_ex_tax,published_pdl,,,2025-07,2025-07-01,kkr-zairyo-r7-07,17,https://www.kkr.mlit.go.jp/plan/jigyousya/technical_information/gijutsukanri/qgl8vl0000004zj9-att/2025_07tanka.pdf,PDL1.0,c7034bd79cbd,近畿地整が独自調査で設定した単価(物価資料に載っていない地区・規格だけ)。消費税抜き。
f7071e91239077eb,JP,material,生コンクリート・モルタル,生コンクリート,２４－８－２５（２０） [単位水量175以下W/C55以下],m3,bureau_area,24,三重県,三重 伊賀市 / 旧上野市他,,,29500,JPY,design_unit_price_ex_tax,published_pdl,,,2025-07,2025-07-01,kkr-zairyo-r7-07,17,https://www.kkr.mlit.go.jp/plan/jigyousya/technical_information/gijutsukanri/qgl8vl0000004zj9-att/2025_07tanka.pdf,PDL1.0,c7034bd79cbd,近畿地整が独自調査で設定した単価(物価資料に載っていない地区・規格だけ)。消費税抜き。
24aaf4f0648d4c3b,JP,material,生コンクリート・モルタル,生コンクリート,２４－８－２５（２０） [単位水量175以下W/C55以下],m3,bureau_area,24,三重県,三重 伊賀市 / 旧青山町,,,29500,JPY,design_unit_price_ex_tax,published_pdl,,,2025-07,2025-07-01,kkr-zairyo-r7-07,17,https://www.kkr.mlit.go.jp/plan/jigyousya/technical_information/gijutsukanri/qgl8vl0000004zj9-att/2025_07tanka.pdf,PDL1.0,c7034bd79cbd,近畿地整が独自調査で設定した単価(物価資料に載っていない地区・規格だけ)。消費税抜き。
baf98ea8d01a70eb,JP,material,生コンクリート・モルタル,生コンクリート,２４－８－２５（２０） [単位水量175以下W/C55以下],m3,bureau_area,24,三重県,三重 太郎生,,,30000,JPY,design_unit_price_ex_tax,published_pdl,,,2025-07,2025-07-01,kkr-zairyo-r7-07,17,https://www.kkr.mlit.go.jp/plan/jigyousya/technical_information/gijutsukanri/qgl8vl0000004zj9-att/2025_07tanka.pdf,PDL1.0,c7034bd79cbd,近畿地整が独自調査で設定した単価(物価資料に載っていない地区・規格だけ)。消費税抜き。
8163d68253faaa82,JP,material,生コンクリート・モルタル,生コンクリート,２４－８－２５（２０） [単位水量175以下W/C55以下],m3,bureau_area,24,三重県,三重 紀宝町他,,,34900,JPY,design_unit_price_ex_tax,published_pdl,,,2025-07,2025-07-01,kkr-zairyo-r7-07,17,https://www.kkr.mlit.go.jp/plan/jigyousya/technical_information/gijutsukanri/qgl8vl0000004zj9-att/2025_07tanka.pdf,PDL1.0,c7034bd79cbd,近畿地整が独自調査で設定した単価(物価資料に載っていない地区・規格だけ)。消費税抜き。
9850ca8f6278838e,JP,material,生コンクリート・モルタル,生コンクリート,２４－１２－２５（２０） [単位水量175以下W/C55以下],m3,bureau_area,30,和歌山県,和歌山 西牟婁郡他 / すさみ町,,,28700,JPY,design_unit_price_ex_tax,published_pdl,,,2025-07,2025-07-01,kkr-zairyo-r7-07,17,https://www.kkr.mlit.go.jp/plan/jigyousya/technical_information/gijutsukanri/qgl8vl0000004zj9-att/2025_07tanka.pdf,PDL1.0,2e29a57cb46e,近畿地整が独自調査で設定した単価(物価資料に載っていない地区・規格だけ)。消費税抜き。
338be876c7934213,JP,material,生コンクリート・モルタル,生コンクリート,２４－１２－２５（２０） [単位水量175以下W/C55以下],m3,bureau_area,30,和歌山県,和歌山 玉置口,,,34900,JPY,design_unit_price_ex_tax,published_pdl,,,2025-07,2025-07-01,kkr-zairyo-r7-07,17,https://www.kkr.mlit.go.jp/plan/jigyousya/technical_information/gijutsukanri/qgl8vl0000004zj9-att/2025_07tanka.pdf,PDL1.0,2e29a57cb46e,近畿地整が独自調査で設定した単価(物価資料に載っていない地区・規格だけ)。消費税抜き。
fddf27a9bde395fe,JP,material,生コンクリート・モルタル,生コンクリート,２４－１２－２５（２０） [単位水量175以下W/C55以下],m3,bureau_area,24,三重県,三重 名張市,,,29500,JPY,design_unit_price_ex_tax,published_pdl,,,2025-07,2025-07-01,kkr-zairyo-r7-07,17,https://www.kkr.mlit.go.jp/plan/jigyousya/technical_information/gijutsukanri/qgl8vl0000004zj9-att/2025_07tanka.pdf,PDL1.0,2e29a57cb46e,近畿地整が独自調査で設定した単価(物価資料に載っていない地区・規格だけ)。消費税抜き。
06dd4dbe377b41cb,JP,material,生コンクリート・モルタル,生コンクリート,２４－１２－２５（２０） [単位水量175以下W/C55以下],m3,bureau_area,24,三重県,三重 伊賀市 / 旧上野市他,,,29500,JPY,design_unit_price_ex_tax,published_pdl,,,2025-07,2025-07-01,kkr-zairyo-r7-07,17,https://www.kkr.mlit.go.jp/plan/jigyousya/technical_information/gijutsukanri/qgl8vl0000004zj9-att/2025_07tanka.pdf,PDL1.0,2e29a57cb46e,近畿地整が独自調査で設定した単価(物価資料に載っていない地区・規格だけ)。消費税抜き。
fb88f138686557c4,JP,material,生コンクリート・モルタル,生コンクリート,２４－１２－２５（２０） [単位水量175以下W/C55以下],m3,bureau_area,24,三重県,三重 伊賀市 / 旧青山町,,,29500,JPY,design_unit_price_ex_tax,published_pdl,,,2025-07,2025-07-01,kkr-zairyo-r7-07,17,https://www.kkr.mlit.go.jp/plan/jigyousya/technical_information/gijutsukanri/qgl8vl0000004zj9-att/2025_07tanka.pdf,PDL1.0,2e29a57cb46e,近畿地整が独自調査で設定した単価(物価資料に載っていない地区・規格だけ)。消費税抜き。
0fa0825707ab0271,JP,material,生コンクリート・モルタル,生コンクリート,２４－１２－２５（２０） [単位水量175以下W/C55以下],m3,bureau_area,24,三重県,三重 太郎生,,,30000,JPY,design_unit_price_ex_tax,published_pdl,,,2025-07,2025-07-01,kkr-zairyo-r7-07,17,https://www.kkr.mlit.go.jp/plan/jigyousya/technical_information/gijutsukanri/qgl8vl0000004zj9-att/2025_07tanka.pdf,PDL1.0,2e29a57cb46e,近畿地整が独自調査で設定した単価(物価資料に載っていない地区・規格だけ)。消費税抜き。
4a3ea731a1c55644,JP,material,生コンクリート・モルタル,生コンクリート,２４－１２－２５（２０） [単位水量175以下W/C55以下],m3,bureau_area,24,三重県,三重 紀宝町他,,,34900,JPY,design_unit_price_ex_tax,published_pdl,,,2025-07,2025-07-01,kkr-zairyo-r7-07,17,https://www.kkr.mlit.go.jp/plan/jigyousya/technical_information/gijutsukanri/qgl8vl0000004zj9-att/2025_07tanka.pdf,PDL1.0,2e29a57cb46e,近畿地整が独自調査で設定した単価(物価資料に載っていない地区・規格だけ)。消費税抜き。
5408c64add42bd68,JP,material,生コンクリート・モルタル,生コンクリート,２７－８－２５（２０） [単位水量175以下W/C55以下],m3,bureau_area,30,和歌山県,和歌山 西牟婁郡他 / すさみ町,,,29300,JPY,design_unit_price_ex_tax,published_pdl,,,2025-07,2025-07-01,kkr-zairyo-r7-07,17,https://www.kkr.mlit.go.jp/plan/jigyousya/technical_information/gijutsukanri/qgl8vl0000004zj9-att/2025_07tanka.pdf,PDL1.0,657cfbeea5e6,近畿地整が独自調査で設定した単価(物価資料に載っていない地区・規格だけ)。消費税抜き。
b5190c0b4a01cf0f,JP,material,生コンクリート・モルタル,生コンクリート,２７－８－２５（２０） [単位水量175以下W/C55以下],m3,bureau_area,30,和歌山県,和歌山 玉置口,,,35900,JPY,design_unit_price_ex_tax,published_pdl,,,2025-07,2025-07-01,kkr-zairyo-r7-07,17,https://www.kkr.mlit.go.jp/plan/jigyousya/technical_information/gijutsukanri/qgl8vl0000004zj9-att/2025_07tanka.pdf,PDL1.0,657cfbeea5e6,近畿地整が独自調査で設定した単価(物価資料に載っていない地区・規格だけ)。消費税抜き。
dd683d0b09ca4221,JP,material,生コンクリート・モルタル,生コンクリート,２７－８－２５（２０） [単位水量175以下W/C55以下],m3,bureau_area,24,三重県,三重 名張市,,,30000,JPY,design_unit_price_ex_tax,published_pdl,,,2025-07,2025-07-01,kkr-zairyo-r7-07,17,https://www.kkr.mlit.go.jp/plan/jigyousya/technical_information/gijutsukanri/qgl8vl0000004zj9-att/2025_07tanka.pdf,PDL1.0,657cfbeea5e6,近畿地整が独自調査で設定した単価(物価資料に載っていない地区・規格だけ)。消費税抜き。
1c836d7fc8fdce8a,JP,material,生コンクリート・モルタル,生コンクリート,２７－８－２５（２０） [単位水量175以下W/C55以下],m3,bureau_area,24,三重県,三重 伊賀市 / 旧上野市他,,,30000,JPY,design_unit_price_ex_tax,published_pdl,,,2025-07,2025-07-01,kkr-zairyo-r7-07,17,https://www.kkr.mlit.go.jp/plan/jigyousya/technical_information/gijutsukanri/qgl8vl0000004zj9-att/2025_07tanka.pdf,PDL1.0,657cfbeea5e6,近畿地整が独自調査で設定した単価(物価資料に載っていない地区・規格だけ)。消費税抜き。
63911f41a985d245,JP,material,生コンクリート・モルタル,生コンクリート,２７－８－２５（２０） [単位水量175以下W/C55以下],m3,bureau_area,24,三重県,三重 伊賀市 / 旧青山町,,,30000,JPY,design_unit_price_ex_tax,published_pdl,,,2025-07,2025-07-01,kkr-zairyo-r7-07,17,https://www.kkr.mlit.go.jp/plan/jigyousya/technical_information/gijutsukanri/qgl8vl0000004zj9-att/2025_07tanka.pdf,PDL1.0,657cfbeea5e6,近畿地整が独自調査で設定した単価(物価資料に載っていない地区・規格だけ)。消費税抜き。
06b3e8822502145c,JP,material,生コンクリート・モルタル,生コンクリート,２７－８－２５（２０） [単位水量175以下W/C55以下],m3,bureau_area,24,三重県,三重 太郎生,,,30500,JPY,design_unit_price_ex_tax,published_pdl,,,2025-07,2025-07-01,kkr-zairyo-r7-07,17,https://www.kkr.mlit.go.jp/plan/jigyousya/technical_information/gijutsukanri/qgl8vl0000004zj9-att/2025_07tanka.pdf,PDL1.0,657cfbeea5e6,近畿地整が独自調査で設定した単価(物価資料に載っていない地区・規格だけ)。消費税抜き。
fd59fe303f29cd3b,JP,material,生コンクリート・モルタル,生コンクリート,２７－８－２５（２０） [単位水量175以下W/C55以下],m3,bureau_area,24,三重県,三重 紀宝町他,,,35900,JPY,design_unit_price_ex_tax,published_pdl,,,2025-07,2025-07-01,kkr-zairyo-r7-07,17,https://www.kkr.mlit.go.jp/plan/jigyousya/technical_information/gijutsukanri/qgl8vl0000004zj9-att/2025_07tanka.pdf,PDL1.0,657cfbeea5e6,近畿地整が独自調査で設定した単価(物価資料に載っていない地区・規格だけ)。消費税抜き。
fdf3fac8bb6f5034,JP,material,生コンクリート・モルタル,生コンクリート,２７－１２－２５（２０） [単位水量175以下W/C55以下],m3,bureau_area,30,和歌山県,和歌山 西牟婁郡他 / すさみ町,,,29300,JPY,design_unit_price_ex_tax,published_pdl,,,2025-07,2025-07-01,kkr-zairyo-r7-07,17,https://www.kkr.mlit.go.jp/plan/jigyousya/technical_information/gijutsukanri/qgl8vl0000004zj9-att/2025_07tanka.pdf,PDL1.0,,近畿地整が独自調査で設定した単価(物価資料に載っていない地区・規格だけ)。消費税抜き。
73bfdf6974895166,JP,material,生コンクリート・モルタル,生コンクリート,２７－１２－２５（２０） [単位水量175以下W/C55以下],m3,bureau_area,30,和歌山県,和歌山 玉置口,,,35900,JPY,design_unit_price_ex_tax,published_pdl,,,2025-07,2025-07-01,kkr-zairyo-r7-07,17,https://www.kkr.mlit.go.jp/plan/jigyousya/technical_information/gijutsukanri/qgl8vl0000004zj9-att/2025_07tanka.pdf,PDL1.0,,近畿地整が独自調査で設定した単価(物価資料に載っていない地区・規格だけ)。消費税抜き。
7b7758494dac0f6f,JP,material,生コンクリート・モルタル,生コンクリート,２７－１２－２５（２０） [単位水量175以下W/C55以下],m3,bureau_area,24,三重県,三重 名張市,,,30000,JPY,design_unit_price_ex_tax,published_pdl,,,2025-07,2025-07-01,kkr-zairyo-r7-07,17,https://www.kkr.mlit.go.jp/plan/jigyousya/technical_information/gijutsukanri/qgl8vl0000004zj9-att/2025_07tanka.pdf,PDL1.0,,近畿地整が独自調査で設定した単価(物価資料に載っていない地区・規格だけ)。消費税抜き。
1a97b4163aefc11e,JP,material,生コンクリート・モルタル,生コンクリート,２７－１２－２５（２０） [単位水量175以下W/C55以下],m3,bureau_area,24,三重県,三重 伊賀市 / 旧上野市他,,,30000,JPY,design_unit_price_ex_tax,published_pdl,,,2025-07,2025-07-01,kkr-zairyo-r7-07,17,https://www.kkr.mlit.go.jp/plan/jigyousya/technical_information/gijutsukanri/qgl8vl0000004zj9-att/2025_07tanka.pdf,PDL1.0,,近畿地整が独自調査で設定した単価(物価資料に載っていない地区・規格だけ)。消費税抜き。
075d62a2a63e8b77,JP,material,生コンクリート・モルタル,生コンクリート,２７－１２－２５（２０） [単位水量175以下W/C55以下],m3,bureau_area,24,三重県,三重 伊賀市 / 旧青山町,,,30000,JPY,design_unit_price_ex_tax,published_pdl,,,2025-07,2025-07-01,kkr-zairyo-r7-07,17,https://www.kkr.mlit.go.jp/plan/jigyousya/technical_information/gijutsukanri/qgl8vl0000004zj9-att/2025_07tanka.pdf,PDL1.0,,近畿地整が独自調査で設定した単価(物価資料に載っていない地区・規格だけ)。消費税抜き。
5a80467ba9b769af,JP,material,生コンクリート・モルタル,生コンクリート,２７－１２－２５（２０） [単位水量175以下W/C55以下],m3,bureau_area,24,三重県,三重 太郎生,,,30500,JPY,design_unit_price_ex_tax,published_pdl,,,2025-07,2025-07-01,kkr-zairyo-r7-07,17,https://www.kkr.mlit.go.jp/plan/jigyousya/technical_information/gijutsukanri/qgl8vl0000004zj9-att/2025_07tanka.pdf,PDL1.0,,近畿地整が独自調査で設定した単価(物価資料に載っていない地区・規格だけ)。消費税抜き。
4e0280d6681c1308,JP,material,生コンクリート・モルタル,生コンクリート,２７－１２－２５（２０） [単位水量175以下W/C55以下],m3,bureau_area,24,三重県,三重 紀宝町他,,,35900,JPY,design_unit_price_ex_tax,published_pdl,,,2025-07,2025-07-01,kkr-zairyo-r7-07,17,https://www.kkr.mlit.go.jp/plan/jigyousya/technical_information/gijutsukanri/qgl8vl0000004zj9-att/2025_07tanka.pdf,PDL1.0,,近畿地整が独自調査で設定した単価(物価資料に載っていない地区・規格だけ)。消費税抜き。
1f35085839e3e055,JP,material,生コンクリート・モルタル,生コンクリート,３０－８－２５（２０） [単位水量175以下W/C55以下],m3,bureau_area,30,和歌山県,和歌山 西牟婁郡他 / すさみ町,,,29900,JPY,design_unit_price_ex_tax,published_pdl,,,2025-07,2025-07-01,kkr-zairyo-r7-07,17,https://www.kkr.mlit.go.jp/plan/jigyousya/technical_information/gijutsukanri/qgl8vl0000004zj9-att/2025_07tanka.pdf,PDL1.0,584e4bdc5be9,近畿地整が独自調査で設定した単価(物価資料に載っていない地区・規格だけ)。消費税抜き。
bf76c4bde54fd766,JP,material,生コンクリート・モルタル,生コンクリート,３０－８－２５（２０） [単位水量175以下W/C55以下],m3,bureau_area,30,和歌山県,和歌山 玉置口,,,36900,JPY,design_unit_price_ex_tax,published_pdl,,,2025-07,2025-07-01,kkr-zairyo-r7-07,17,https://www.kkr.mlit.go.jp/plan/jigyousya/technical_information/gijutsukanri/qgl8vl0000004zj9-att/2025_07tanka.pdf,PDL1.0,584e4bdc5be9,近畿地整が独自調査で設定した単価(物価資料に載っていない地区・規格だけ)。消費税抜き。
4eeb9df8d34fd222,JP,material,生コンクリート・モルタル,生コンクリート,３０－８－２５（２０） [単位水量175以下W/C55以下],m3,bureau_area,24,三重県,三重 名張市,,,30500,JPY,design_unit_price_ex_tax,published_pdl,,,2025-07,2025-07-01,kkr-zairyo-r7-07,17,https://www.kkr.mlit.go.jp/plan/jigyousya/technical_information/gijutsukanri/qgl8vl0000004zj9-att/2025_07tanka.pdf,PDL1.0,584e4bdc5be9,近畿地整が独自調査で設定した単価(物価資料に載っていない地区・規格だけ)。消費税抜き。
f10c92772f69d48a,JP,material,生コンクリート・モルタル,生コンクリート,３０－８－２５（２０） [単位水量175以下W/C55以下],m3,bureau_area,24,三重県,三重 伊賀市 / 旧上野市他,,,30500,JPY,design_unit_price_ex_tax,published_pdl,,,2025-07,2025-07-01,kkr-zairyo-r7-07,17,https://www.kkr.mlit.go.jp/plan/jigyousya/technical_information/gijutsukanri/qgl8vl0000004zj9-att/2025_07tanka.pdf,PDL1.0,584e4bdc5be9,近畿地整が独自調査で設定した単価(物価資料に載っていない地区・規格だけ)。消費税抜き。
c797a97c39aca432,JP,material,生コンクリート・モルタル,生コンクリート,３０－８－２５（２０） [単位水量175以下W/C55以下],m3,bureau_area,24,三重県,三重 伊賀市 / 旧青山町,,,30500,JPY,design_unit_price_ex_tax,published_pdl,,,2025-07,2025-07-01,kkr-zairyo-r7-07,17,https://www.kkr.mlit.go.jp/plan/jigyousya/technical_information/gijutsukanri/qgl8vl0000004zj9-att/2025_07tanka.pdf,PDL1.0,584e4bdc5be9,近畿地整が独自調査で設定した単価(物価資料に載っていない地区・規格だけ)。消費税抜き。
a5f91863f8732b26,JP,material,生コンクリート・モルタル,生コンクリート,３０－８－２５（２０） [単位水量175以下W/C55以下],m3,bureau_area,24,三重県,三重 太郎生,,,31000,JPY,design_unit_price_ex_tax,published_pdl,,,2025-07,2025-07-01,kkr-zairyo-r7-07,17,https://www.kkr.mlit.go.jp/plan/jigyousya/technical_information/gijutsukanri/qgl8vl0000004zj9-att/2025_07tanka.pdf,PDL1.0,584e4bdc5be9,近畿地整が独自調査で設定した単価(物価資料に載っていない地区・規格だけ)。消費税抜き。
1d79cd321a5c9385,JP,material,生コンクリート・モルタル,生コンクリート,３０－８－２５（２０） [単位水量175以下W/C55以下],m3,bureau_area,24,三重県,三重 紀宝町他,,,36900,JPY,design_unit_price_ex_tax,published_pdl,,,2025-07,2025-07-01,kkr-zairyo-r7-07,17,https://www.kkr.mlit.go.jp/plan/jigyousya/technical_information/gijutsukanri/qgl8vl0000004zj9-att/2025_07tanka.pdf,PDL1.0,584e4bdc5be9,近畿地整が独自調査で設定した単価(物価資料に載っていない地区・規格だけ)。消費税抜き。
f2b85d3565fd5960,JP,material,生コンクリート・モルタル,生コンクリート,３０－１２－２５（２０） [単位水量175以下W/C55以下],m3,bureau_area,30,和歌山県,和歌山 西牟婁郡他 / すさみ町,,,29900,JPY,design_unit_price_ex_tax,published_pdl,,,2025-07,2025-07-01,kkr-zairyo-r7-07,17,https://www.kkr.mlit.go.jp/plan/jigyousya/technical_information/gijutsukanri/qgl8vl0000004zj9-att/2025_07tanka.pdf,PDL1.0,,近畿地整が独自調査で設定した単価(物価資料に載っていない地区・規格だけ)。消費税抜き。
5294b8e1c1a8599f,JP,material,生コンクリート・モルタル,生コンクリート,３０－１２－２５（２０） [単位水量175以下W/C55以下],m3,bureau_area,30,和歌山県,和歌山 玉置口,,,36900,JPY,design_unit_price_ex_tax,published_pdl,,,2025-07,2025-07-01,kkr-zairyo-r7-07,17,https://www.kkr.mlit.go.jp/plan/jigyousya/technical_information/gijutsukanri/qgl8vl0000004zj9-att/2025_07tanka.pdf,PDL1.0,,近畿地整が独自調査で設定した単価(物価資料に載っていない地区・規格だけ)。消費税抜き。
7e54c753394b26ed,JP,material,生コンクリート・モルタル,生コンクリート,３０－１２－２５（２０） [単位水量175以下W/C55以下],m3,bureau_area,24,三重県,三重 名張市,,,30500,JPY,design_unit_price_ex_tax,published_pdl,,,2025-07,2025-07-01,kkr-zairyo-r7-07,17,https://www.kkr.mlit.go.jp/plan/jigyousya/technical_information/gijutsukanri/qgl8vl0000004zj9-att/2025_07tanka.pdf,PDL1.0,,近畿地整が独自調査で設定した単価(物価資料に載っていない地区・規格だけ)。消費税抜き。
01faa8187589cc39,JP,material,生コンクリート・モルタル,生コンクリート,３０－１２－２５（２０） [単位水量175以下W/C55以下],m3,bureau_area,24,三重県,三重 伊賀市 / 旧上野市他,,,30500,JPY,design_unit_price_ex_tax,published_pdl,,,2025-07,2025-07-01,kkr-zairyo-r7-07,17,https://www.kkr.mlit.go.jp/plan/jigyousya/technical_information/gijutsukanri/qgl8vl0000004zj9-att/2025_07tanka.pdf,PDL1.0,,近畿地整が独自調査で設定した単価(物価資料に載っていない地区・規格だけ)。消費税抜き。
f3732e4b51610ea0,JP,material,生コンクリート・モルタル,生コンクリート,３０－１２－２５（２０） [単位水量175以下W/C55以下],m3,bureau_area,24,三重県,三重 伊賀市 / 旧青山町,,,30500,JPY,design_unit_price_ex_tax,published_pdl,,,2025-07,2025-07-01,kkr-zairyo-r7-07,17,https://www.kkr.mlit.go.jp/plan/jigyousya/technical_information/gijutsukanri/qgl8vl0000004zj9-att/2025_07tanka.pdf,PDL1.0,,近畿地整が独自調査で設定した単価(物価資料に載っていない地区・規格だけ)。消費税抜き。
f3c649795f959fcc,JP,material,生コンクリート・モルタル,生コンクリート,３０－１２－２５（２０） [単位水量175以下W/C55以下],m3,bureau_area,24,三重県,三重 太郎生,,,31000,JPY,design_unit_price_ex_tax,published_pdl,,,2025-07,2025-07-01,kkr-zairyo-r7-07,17,https://www.kkr.mlit.go.jp/plan/jigyousya/technical_information/gijutsukanri/qgl8vl0000004zj9-att/2025_07tanka.pdf,PDL1.0,,近畿地整が独自調査で設定した単価(物価資料に載っていない地区・規格だけ)。消費税抜き。
c81f8ad0ba6705eb,JP,material,生コンクリート・モルタル,生コンクリート,３０－１２－２５（２０） [単位水量175以下W/C55以下],m3,bureau_area,24,三重県,三重 紀宝町他,,,36900,JPY,design_unit_price_ex_tax,published_pdl,,,2025-07,2025-07-01,kkr-zairyo-r7-07,17,https://www.kkr.mlit.go.jp/plan/jigyousya/technical_information/gijutsukanri/qgl8vl0000004zj9-att/2025_07tanka.pdf,PDL1.0,,近畿地整が独自調査で設定した単価(物価資料に載っていない地区・規格だけ)。消費税抜き。
4d8314c33f03b6f1,JP,material,生コンクリート・モルタル,生コンクリート,３６－８－２５（２０） [単位水量175以下W/C55以下],m3,bureau_area,30,和歌山県,和歌山 西牟婁郡他 / すさみ町,,,31100,JPY,design_unit_price_ex_tax,published_pdl,,,2025-07,2025-07-01,kkr-zairyo-r7-07,17,https://www.kkr.mlit.go.jp/plan/jigyousya/technical_information/gijutsukanri/qgl8vl0000004zj9-att/2025_07tanka.pdf,PDL1.0,193e785636bd,近畿地整が独自調査で設定した単価(物価資料に載っていない地区・規格だけ)。消費税抜き。
1f67f25a10944cb5,JP,material,生コンクリート・モルタル,生コンクリート,３６－８－２５（２０） [単位水量175以下W/C55以下],m3,bureau_area,30,和歌山県,和歌山 玉置口,,,44900,JPY,design_unit_price_ex_tax,published_pdl,,,2025-07,2025-07-01,kkr-zairyo-r7-07,17,https://www.kkr.mlit.go.jp/plan/jigyousya/technical_information/gijutsukanri/qgl8vl0000004zj9-att/2025_07tanka.pdf,PDL1.0,193e785636bd,近畿地整が独自調査で設定した単価(物価資料に載っていない地区・規格だけ)。消費税抜き。
a118cb28e0f90097,JP,material,生コンクリート・モルタル,生コンクリート,３６－８－２５（２０） [単位水量175以下W/C55以下],m3,bureau_area,24,三重県,三重 名張市,,,31500,JPY,design_unit_price_ex_tax,published_pdl,,,2025-07,2025-07-01,kkr-zairyo-r7-07,17,https://www.kkr.mlit.go.jp/plan/jigyousya/technical_information/gijutsukanri/qgl8vl0000004zj9-att/2025_07tanka.pdf,PDL1.0,193e785636bd,近畿地整が独自調査で設定した単価(物価資料に載っていない地区・規格だけ)。消費税抜き。
0eb766c24a48a284,JP,material,生コンクリート・モルタル,生コンクリート,３６－８－２５（２０） [単位水量175以下W/C55以下],m3,bureau_area,24,三重県,三重 伊賀市 / 旧上野市他,,,31500,JPY,design_unit_price_ex_tax,published_pdl,,,2025-07,2025-07-01,kkr-zairyo-r7-07,17,https://www.kkr.mlit.go.jp/plan/jigyousya/technical_information/gijutsukanri/qgl8vl0000004zj9-att/2025_07tanka.pdf,PDL1.0,193e785636bd,近畿地整が独自調査で設定した単価(物価資料に載っていない地区・規格だけ)。消費税抜き。
9b05b6c5791f962a,JP,material,生コンクリート・モルタル,生コンクリート,３６－８－２５（２０） [単位水量175以下W/C55以下],m3,bureau_area,24,三重県,三重 伊賀市 / 旧青山町,,,31500,JPY,design_unit_price_ex_tax,published_pdl,,,2025-07,2025-07-01,kkr-zairyo-r7-07,17,https://www.kkr.mlit.go.jp/plan/jigyousya/technical_information/gijutsukanri/qgl8vl0000004zj9-att/2025_07tanka.pdf,PDL1.0,193e785636bd,近畿地整が独自調査で設定した単価(物価資料に載っていない地区・規格だけ)。消費税抜き。
2ac0b36e0945f2ab,JP,material,生コンクリート・モルタル,生コンクリート,３６－８－２５（２０） [単位水量175以下W/C55以下],m3,bureau_area,24,三重県,三重 太郎生,,,32000,JPY,design_unit_price_ex_tax,published_pdl,,,2025-07,2025-07-01,kkr-zairyo-r7-07,17,https://www.kkr.mlit.go.jp/plan/jigyousya/technical_information/gijutsukanri/qgl8vl0000004zj9-att/2025_07tanka.pdf,PDL1.0,193e785636bd,近畿地整が独自調査で設定した単価(物価資料に載っていない地区・規格だけ)。消費税抜き。
a30c2ec5bd6b6776,JP,material,生コンクリート・モルタル,生コンクリート,３６－８－２５（２０） [単位水量175以下W/C55以下],m3,bureau_area,24,三重県,三重 紀宝町他,,,38900,JPY,design_unit_price_ex_tax,published_pdl,,,2025-07,2025-07-01,kkr-zairyo-r7-07,17,https://www.kkr.mlit.go.jp/plan/jigyousya/technical_information/gijutsukanri/qgl8vl0000004zj9-att/2025_07tanka.pdf,PDL1.0,193e785636bd,近畿地整が独自調査で設定した単価(物価資料に載っていない地区・規格だけ)。消費税抜き。
ae19ac0cf46c712f,JP,material,生コンクリート・モルタル,生コンクリート,４０－８－２５（２０） [単位水量175以下W/C55以下],m3,bureau_area,30,和歌山県,和歌山 西牟婁郡他 / すさみ町,,,31700,JPY,design_unit_price_ex_tax,published_pdl,,,2025-07,2025-07-01,kkr-zairyo-r7-07,17,https://www.kkr.mlit.go.jp/plan/jigyousya/technical_information/gijutsukanri/qgl8vl0000004zj9-att/2025_07tanka.pdf,PDL1.0,112927640be2,近畿地整が独自調査で設定した単価(物価資料に載っていない地区・規格だけ)。消費税抜き。
230bf426eadb186f,JP,material,生コンクリート・モルタル,生コンクリート,４０－８－２５（２０） [単位水量175以下W/C55以下],m3,bureau_area,30,和歌山県,和歌山 玉置口,,,45900,JPY,design_unit_price_ex_tax,published_pdl,,,2025-07,2025-07-01,kkr-zairyo-r7-07,17,https://www.kkr.mlit.go.jp/plan/jigyousya/technical_information/gijutsukanri/qgl8vl0000004zj9-att/2025_07tanka.pdf,PDL1.0,112927640be2,近畿地整が独自調査で設定した単価(物価資料に載っていない地区・規格だけ)。消費税抜き。
1f7518d39f5841fb,JP,material,生コンクリート・モルタル,生コンクリート,４０－８－２５（２０） [単位水量175以下W/C55以下],m3,bureau_area,24,三重県,三重 名張市,,,32000,JPY,design_unit_price_ex_tax,published_pdl,,,2025-07,2025-07-01,kkr-zairyo-r7-07,17,https://www.kkr.mlit.go.jp/plan/jigyousya/technical_information/gijutsukanri/qgl8vl0000004zj9-att/2025_07tanka.pdf,PDL1.0,112927640be2,近畿地整が独自調査で設定した単価(物価資料に載っていない地区・規格だけ)。消費税抜き。
4870951b9c90df27,JP,material,生コンクリート・モルタル,生コンクリート,４０－８－２５（２０） [単位水量175以下W/C55以下],m3,bureau_area,24,三重県,三重 伊賀市 / 旧上野市他,,,32000,JPY,design_unit_price_ex_tax,published_pdl,,,2025-07,2025-07-01,kkr-zairyo-r7-07,17,https://www.kkr.mlit.go.jp/plan/jigyousya/technical_information/gijutsukanri/qgl8vl0000004zj9-att/2025_07tanka.pdf,PDL1.0,112927640be2,近畿地整が独自調査で設定した単価(物価資料に載っていない地区・規格だけ)。消費税抜き。
0464eb9bec705119,JP,material,生コンクリート・モルタル,生コンクリート,４０－８－２５（２０） [単位水量175以下W/C55以下],m3,bureau_area,24,三重県,三重 伊賀市 / 旧青山町,,,32000,JPY,design_unit_price_ex_tax,published_pdl,,,2025-07,2025-07-01,kkr-zairyo-r7-07,17,https://www.kkr.mlit.go.jp/plan/jigyousya/technical_information/gijutsukanri/qgl8vl0000004zj9-att/2025_07tanka.pdf,PDL1.0,112927640be2,近畿地整が独自調査で設定した単価(物価資料に載っていない地区・規格だけ)。消費税抜き。
0b1d4e281c32cdf0,JP,material,生コンクリート・モルタル,生コンクリート,４０－８－２５（２０） [単位水量175以下W/C55以下],m3,bureau_area,24,三重県,三重 太郎生,,,34500,JPY,design_unit_price_ex_tax,published_pdl,,,2025-07,2025-07-01,kkr-zairyo-r7-07,17,https://www.kkr.mlit.go.jp/plan/jigyousya/technical_information/gijutsukanri/qgl8vl0000004zj9-att/2025_07tanka.pdf,PDL1.0,112927640be2,近畿地整が独自調査で設定した単価(物価資料に載っていない地区・規格だけ)。消費税抜き。
d24cec4a4eb8d935,JP,material,生コンクリート・モルタル,生コンクリート,４０－８－２５（２０） [単位水量175以下W/C55以下],m3,bureau_area,24,三重県,三重 紀宝町他,,,39900,JPY,design_unit_price_ex_tax,published_pdl,,,2025-07,2025-07-01,kkr-zairyo-r7-07,17,https://www.kkr.mlit.go.jp/plan/jigyousya/technical_information/gijutsukanri/qgl8vl0000004zj9-att/2025_07tanka.pdf,PDL1.0,112927640be2,近畿地整が独自調査で設定した単価(物価資料に載っていない地区・規格だけ)。消費税抜き。
d8fe47f56fde066c,JP,material,生コンクリート・モルタル,生コンクリート,１８－５－４０ [単位水量165以下W/C60以下],m3,bureau_area,30,和歌山県,和歌山 西牟婁郡他 / すさみ町,,,28000,JPY,design_unit_price_ex_tax,published_pdl,,,2025-07,2025-07-01,kkr-zairyo-r7-07,17,https://www.kkr.mlit.go.jp/plan/jigyousya/technical_information/gijutsukanri/qgl8vl0000004zj9-att/2025_07tanka.pdf,PDL1.0,f12f38c0ab30,近畿地整が独自調査で設定した単価(物価資料に載っていない地区・規格だけ)。消費税抜き。
b1438b2fc294af0b,JP,material,生コンクリート・モルタル,生コンクリート,１８－５－４０ [単位水量165以下W/C60以下],m3,bureau_area,30,和歌山県,和歌山 玉置口,,,32900,JPY,design_unit_price_ex_tax,published_pdl,,,2025-07,2025-07-01,kkr-zairyo-r7-07,17,https://www.kkr.mlit.go.jp/plan/jigyousya/technical_information/gijutsukanri/qgl8vl0000004zj9-att/2025_07tanka.pdf,PDL1.0,f12f38c0ab30,近畿地整が独自調査で設定した単価(物価資料に載っていない地区・規格だけ)。消費税抜き。
01484aeaddecab1d,JP,material,生コンクリート・モルタル,生コンクリート,１８－５－４０ [単位水量165以下W/C60以下],m3,bureau_area,24,三重県,三重 名張市,,,29000,JPY,design_unit_price_ex_tax,published_pdl,,,2025-07,2025-07-01,kkr-zairyo-r7-07,17,https://www.kkr.mlit.go.jp/plan/jigyousya/technical_information/gijutsukanri/qgl8vl0000004zj9-att/2025_07tanka.pdf,PDL1.0,f12f38c0ab30,近畿地整が独自調査で設定した単価(物価資料に載っていない地区・規格だけ)。消費税抜き。
0ad46fa4955090b9,JP,material,生コンクリート・モルタル,生コンクリート,１８－５－４０ [単位水量165以下W/C60以下],m3,bureau_area,24,三重県,三重 伊賀市 / 旧上野市他,,,29000,JPY,design_unit_price_ex_tax,published_pdl,,,2025-07,2025-07-01,kkr-zairyo-r7-07,17,https://www.kkr.mlit.go.jp/plan/jigyousya/technical_information/gijutsukanri/qgl8vl0000004zj9-att/2025_07tanka.pdf,PDL1.0,f12f38c0ab30,近畿地整が独自調査で設定した単価(物価資料に載っていない地区・規格だけ)。消費税抜き。
de1c2a0f36b5065e,JP,material,生コンクリート・モルタル,生コンクリート,１８－５－４０ [単位水量165以下W/C60以下],m3,bureau_area,24,三重県,三重 伊賀市 / 旧青山町,,,29000,JPY,design_unit_price_ex_tax,published_pdl,,,2025-07,2025-07-01,kkr-zairyo-r7-07,17,https://www.kkr.mlit.go.jp/plan/jigyousya/technical_information/gijutsukanri/qgl8vl0000004zj9-att/2025_07tanka.pdf,PDL1.0,f12f38c0ab30,近畿地整が独自調査で設定した単価(物価資料に載っていない地区・規格だけ)。消費税抜き。
4bec8c8b23ede6be,JP,material,生コンクリート・モルタル,生コンクリート,１８－５－４０ [単位水量165以下W/C60以下],m3,bureau_area,24,三重県,三重 太郎生,,,29500,JPY,design_unit_price_ex_tax,published_pdl,,,2025-07,2025-07-01,kkr-zairyo-r7-07,17,https://www.kkr.mlit.go.jp/plan/jigyousya/technical_information/gijutsukanri/qgl8vl0000004zj9-att/2025_07tanka.pdf,PDL1.0,f12f38c0ab30,近畿地整が独自調査で設定した単価(物価資料に載っていない地区・規格だけ)。消費税抜き。
61b38501088e0704,JP,material,生コンクリート・モルタル,生コンクリート,１８－５－４０ [単位水量165以下W/C60以下],m3,bureau_area,24,三重県,三重 紀宝町他,,,33900,JPY,design_unit_price_ex_tax,published_pdl,,,2025-07,2025-07-01,kkr-zairyo-r7-07,17,https://www.kkr.mlit.go.jp/plan/jigyousya/technical_information/gijutsukanri/qgl8vl0000004zj9-att/2025_07tanka.pdf,PDL1.0,f12f38c0ab30,近畿地整が独自調査で設定した単価(物価資料に載っていない地区・規格だけ)。消費税抜き。
5ddd3fb277000b72,JP,material,生コンクリート・モルタル,生コンクリート,１８－８－４０ [単位水量165以下W/C60以下],m3,bureau_area,30,和歌山県,和歌山 西牟婁郡他 / すさみ町,,,28000,JPY,design_unit_price_ex_tax,published_pdl,,,2025-07,2025-07-01,kkr-zairyo-r7-07,17,https://www.kkr.mlit.go.jp/plan/jigyousya/technical_information/gijutsukanri/qgl8vl0000004zj9-att/2025_07tanka.pdf,PDL1.0,a127d57ee7b5,近畿地整が独自調査で設定した単価(物価資料に載っていない地区・規格だけ)。消費税抜き。
4f0bb7e989345d08,JP,material,生コンクリート・モルタル,生コンクリート,１８－８－４０ [単位水量165以下W/C60以下],m3,bureau_area,30,和歌山県,和歌山 玉置口,,,32900,JPY,design_unit_price_ex_tax,published_pdl,,,2025-07,2025-07-01,kkr-zairyo-r7-07,17,https://www.kkr.mlit.go.jp/plan/jigyousya/technical_information/gijutsukanri/qgl8vl0000004zj9-att/2025_07tanka.pdf,PDL1.0,a127d57ee7b5,近畿地整が独自調査で設定した単価(物価資料に載っていない地区・規格だけ)。消費税抜き。
5b8cea21f92abd8a,JP,material,生コンクリート・モルタル,生コンクリート,１８－８－４０ [単位水量165以下W/C60以下],m3,bureau_area,24,三重県,三重 名張市,,,29000,JPY,design_unit_price_ex_tax,published_pdl,,,2025-07,2025-07-01,kkr-zairyo-r7-07,17,https://www.kkr.mlit.go.jp/plan/jigyousya/technical_information/gijutsukanri/qgl8vl0000004zj9-att/2025_07tanka.pdf,PDL1.0,a127d57ee7b5,近畿地整が独自調査で設定した単価(物価資料に載っていない地区・規格だけ)。消費税抜き。
0d7029860ac2ed63,JP,material,生コンクリート・モルタル,生コンクリート,１８－８－４０ [単位水量165以下W/C60以下],m3,bureau_area,24,三重県,三重 伊賀市 / 旧上野市他,,,29000,JPY,design_unit_price_ex_tax,published_pdl,,,2025-07,2025-07-01,kkr-zairyo-r7-07,17,https://www.kkr.mlit.go.jp/plan/jigyousya/technical_information/gijutsukanri/qgl8vl0000004zj9-att/2025_07tanka.pdf,PDL1.0,a127d57ee7b5,近畿地整が独自調査で設定した単価(物価資料に載っていない地区・規格だけ)。消費税抜き。
3f2fd9eea2dd7637,JP,material,生コンクリート・モルタル,生コンクリート,１８－８－４０ [単位水量165以下W/C60以下],m3,bureau_area,24,三重県,三重 伊賀市 / 旧青山町,,,29000,JPY,design_unit_price_ex_tax,published_pdl,,,2025-07,2025-07-01,kkr-zairyo-r7-07,17,https://www.kkr.mlit.go.jp/plan/jigyousya/technical_information/gijutsukanri/qgl8vl0000004zj9-att/2025_07tanka.pdf,PDL1.0,a127d57ee7b5,近畿地整が独自調査で設定した単価(物価資料に載っていない地区・規格だけ)。消費税抜き。
cef2da76486be247,JP,material,生コンクリート・モルタル,生コンクリート,１８－８－４０ [単位水量165以下W/C60以下],m3,bureau_area,24,三重県,三重 太郎生,,,29500,JPY,design_unit_price_ex_tax,published_pdl,,,2025-07,2025-07-01,kkr-zairyo-r7-07,17,https://www.kkr.mlit.go.jp/plan/jigyousya/technical_information/gijutsukanri/qgl8vl0000004zj9-att/2025_07tanka.pdf,PDL1.0,a127d57ee7b5,近畿地整が独自調査で設定した単価(物価資料に載っていない地区・規格だけ)。消費税抜き。
9de6cc35827b1aef,JP,material,生コンクリート・モルタル,生コンクリート,１８－８－４０ [単位水量165以下W/C60以下],m3,bureau_area,24,三重県,三重 紀宝町他,,,33900,JPY,design_unit_price_ex_tax,published_pdl,,,2025-07,2025-07-01,kkr-zairyo-r7-07,17,https://www.kkr.mlit.go.jp/plan/jigyousya/technical_information/gijutsukanri/qgl8vl0000004zj9-att/2025_07tanka.pdf,PDL1.0,a127d57ee7b5,近畿地整が独自調査で設定した単価(物価資料に載っていない地区・規格だけ)。消費税抜き。
0b980cb0329b8a7b,JP,material,生コンクリート・モルタル,生コンクリート,１８－８－４０ Ｃ＝２３０以上 [単位水量165以下W/C60以下],m3,bureau_area,30,和歌山県,和歌山 西牟婁郡他 / すさみ町,,,28000,JPY,design_unit_price_ex_tax,published_pdl,,,2025-07,2025-07-01,kkr-zairyo-r7-07,17,https://www.kkr.mlit.go.jp/plan/jigyousya/technical_information/gijutsukanri/qgl8vl0000004zj9-att/2025_07tanka.pdf,PDL1.0,,近畿地整が独自調査で設定した単価(物価資料に載っていない地区・規格だけ)。消費税抜き。
ebf31ecef8a4b409,JP,material,生コンクリート・モルタル,生コンクリート,１８－８－４０ Ｃ＝２３０以上 [単位水量165以下W/C60以下],m3,bureau_area,30,和歌山県,和歌山 玉置口,,,32900,JPY,design_unit_price_ex_tax,published_pdl,,,2025-07,2025-07-01,kkr-zairyo-r7-07,17,https://www.kkr.mlit.go.jp/plan/jigyousya/technical_information/gijutsukanri/qgl8vl0000004zj9-att/2025_07tanka.pdf,PDL1.0,,近畿地整が独自調査で設定した単価(物価資料に載っていない地区・規格だけ)。消費税抜き。
090f920344ae9eea,JP,material,生コンクリート・モルタル,生コンクリート,１８－８－４０ Ｃ＝２３０以上 [単位水量165以下W/C60以下],m3,bureau_area,24,三重県,三重 名張市,,,29000,JPY,design_unit_price_ex_tax,published_pdl,,,2025-07,2025-07-01,kkr-zairyo-r7-07,17,https://www.kkr.mlit.go.jp/plan/jigyousya/technical_information/gijutsukanri/qgl8vl0000004zj9-att/2025_07tanka.pdf,PDL1.0,,近畿地整が独自調査で設定した単価(物価資料に載っていない地区・規格だけ)。消費税抜き。
fd7415a728514f28,JP,material,生コンクリート・モルタル,生コンクリート,１８－８－４０ Ｃ＝２３０以上 [単位水量165以下W/C60以下],m3,bureau_area,24,三重県,三重 伊賀市 / 旧上野市他,,,29000,JPY,design_unit_price_ex_tax,published_pdl,,,2025-07,2025-07-01,kkr-zairyo-r7-07,17,https://www.kkr.mlit.go.jp/plan/jigyousya/technical_information/gijutsukanri/qgl8vl0000004zj9-att/2025_07tanka.pdf,PDL1.0,,近畿地整が独自調査で設定した単価(物価資料に載っていない地区・規格だけ)。消費税抜き。
e63ed4360095ab54,JP,material,生コンクリート・モルタル,生コンクリート,１８－８－４０ Ｃ＝２３０以上 [単位水量165以下W/C60以下],m3,bureau_area,24,三重県,三重 伊賀市 / 旧青山町,,,29000,JPY,design_unit_price_ex_tax,published_pdl,,,2025-07,2025-07-01,kkr-zairyo-r7-07,17,https://www.kkr.mlit.go.jp/plan/jigyousya/technical_information/gijutsukanri/qgl8vl0000004zj9-att/2025_07tanka.pdf,PDL1.0,,近畿地整が独自調査で設定した単価(物価資料に載っていない地区・規格だけ)。消費税抜き。
97e6abb9d9860298,JP,material,生コンクリート・モルタル,生コンクリート,１８－８－４０ Ｃ＝２３０以上 [単位水量165以下W/C60以下],m3,bureau_area,24,三重県,三重 太郎生,,,29500,JPY,design_unit_price_ex_tax,published_pdl,,,2025-07,2025-07-01,kkr-zairyo-r7-07,17,https://www.kkr.mlit.go.jp/plan/jigyousya/technical_information/gijutsukanri/qgl8vl0000004zj9-att/2025_07tanka.pdf,PDL1.0,,近畿地整が独自調査で設定した単価(物価資料に載っていない地区・規格だけ)。消費税抜き。
2ce5e735c48361d4,JP,material,生コンクリート・モルタル,生コンクリート,１８－８－４０ Ｃ＝２３０以上 [単位水量165以下W/C60以下],m3,bureau_area,24,三重県,三重 紀宝町他,,,33900,JPY,design_unit_price_ex_tax,published_pdl,,,2025-07,2025-07-01,kkr-zairyo-r7-07,17,https://www.kkr.mlit.go.jp/plan/jigyousya/technical_information/gijutsukanri/qgl8vl0000004zj9-att/2025_07tanka.pdf,PDL1.0,,近畿地整が独自調査で設定した単価(物価資料に載っていない地区・規格だけ)。消費税抜き。
ffcc044da8b0e2c0,JP,material,生コンクリート・モルタル,生コンクリート,１８－１２－４０ [単位水量165以下W/C60以下],m3,bureau_area,30,和歌山県,和歌山 西牟婁郡他 / すさみ町,,,28000,JPY,design_unit_price_ex_tax,published_pdl,,,2025-07,2025-07-01,kkr-zairyo-r7-07,17,https://www.kkr.mlit.go.jp/plan/jigyousya/technical_information/gijutsukanri/qgl8vl0000004zj9-att/2025_07tanka.pdf,PDL1.0,a0a2b7e37a63,近畿地整が独自調査で設定した単価(物価資料に載っていない地区・規格だけ)。消費税抜き。
e8ec0d604b7f4316,JP,material,生コンクリート・モルタル,生コンクリート,１８－１２－４０ [単位水量165以下W/C60以下],m3,bureau_area,30,和歌山県,和歌山 玉置口,,,32900,JPY,design_unit_price_ex_tax,published_pdl,,,2025-07,2025-07-01,kkr-zairyo-r7-07,17,https://www.kkr.mlit.go.jp/plan/jigyousya/technical_information/gijutsukanri/qgl8vl0000004zj9-att/2025_07tanka.pdf,PDL1.0,a0a2b7e37a63,近畿地整が独自調査で設定した単価(物価資料に載っていない地区・規格だけ)。消費税抜き。
4bee583a1e7a57ef,JP,material,生コンクリート・モルタル,生コンクリート,１８－１２－４０ [単位水量165以下W/C60以下],m3,bureau_area,24,三重県,三重 名張市,,,29000,JPY,design_unit_price_ex_tax,published_pdl,,,2025-07,2025-07-01,kkr-zairyo-r7-07,17,https://www.kkr.mlit.go.jp/plan/jigyousya/technical_information/gijutsukanri/qgl8vl0000004zj9-att/2025_07tanka.pdf,PDL1.0,a0a2b7e37a63,近畿地整が独自調査で設定した単価(物価資料に載っていない地区・規格だけ)。消費税抜き。
a7971c7040259566,JP,material,生コンクリート・モルタル,生コンクリート,１８－１２－４０ [単位水量165以下W/C60以下],m3,bureau_area,24,三重県,三重 伊賀市 / 旧上野市他,,,29000,JPY,design_unit_price_ex_tax,published_pdl,,,2025-07,2025-07-01,kkr-zairyo-r7-07,17,https://www.kkr.mlit.go.jp/plan/jigyousya/technical_information/gijutsukanri/qgl8vl0000004zj9-att/2025_07tanka.pdf,PDL1.0,a0a2b7e37a63,近畿地整が独自調査で設定した単価(物価資料に載っていない地区・規格だけ)。消費税抜き。
890d66ecb22829dc,JP,material,生コンクリート・モルタル,生コンクリート,１８－１２－４０ [単位水量165以下W/C60以下],m3,bureau_area,24,三重県,三重 伊賀市 / 旧青山町,,,29000,JPY,design_unit_price_ex_tax,published_pdl,,,2025-07,2025-07-01,kkr-zairyo-r7-07,17,https://www.kkr.mlit.go.jp/plan/jigyousya/technical_information/gijutsukanri/qgl8vl0000004zj9-att/2025_07tanka.pdf,PDL1.0,a0a2b7e37a63,近畿地整が独自調査で設定した単価(物価資料に載っていない地区・規格だけ)。消費税抜き。
7c087aa262a6f6fb,JP,material,生コンクリート・モルタル,生コンクリート,１８－１２－４０ [単位水量165以下W/C60以下],m3,bureau_area,24,三重県,三重 太郎生,,,29500,JPY,design_unit_price_ex_tax,published_pdl,,,2025-07,2025-07-01,kkr-zairyo-r7-07,17,https://www.kkr.mlit.go.jp/plan/jigyousya/technical_information/gijutsukanri/qgl8vl0000004zj9-att/2025_07tanka.pdf,PDL1.0,a0a2b7e37a63,近畿地整が独自調査で設定した単価(物価資料に載っていない地区・規格だけ)。消費税抜き。
b647660f01a98bb9,JP,material,生コンクリート・モルタル,生コンクリート,１８－１２－４０ [単位水量165以下W/C60以下],m3,bureau_area,24,三重県,三重 紀宝町他,,,33900,JPY,design_unit_price_ex_tax,published_pdl,,,2025-07,2025-07-01,kkr-zairyo-r7-07,17,https://www.kkr.mlit.go.jp/plan/jigyousya/technical_information/gijutsukanri/qgl8vl0000004zj9-att/2025_07tanka.pdf,PDL1.0,a0a2b7e37a63,近畿地整が独自調査で設定した単価(物価資料に載っていない地区・規格だけ)。消費税抜き。
90323baf9e189317,JP,material,生コンクリート・モルタル,生コンクリート,１８－１２－４０ Ｃ＝２７０ [単位水量165以下W/C60以下],m3,bureau_area,30,和歌山県,和歌山 西牟婁郡他 / すさみ町,,,28600,JPY,design_unit_price_ex_tax,published_pdl,,,2025-07,2025-07-01,kkr-zairyo-r7-07,17,https://www.kkr.mlit.go.jp/plan/jigyousya/technical_information/gijutsukanri/qgl8vl0000004zj9-att/2025_07tanka.pdf,PDL1.0,,近畿地整が独自調査で設定した単価(物価資料に載っていない地区・規格だけ)。消費税抜き。
4c893f32a7ca9537,JP,material,生コンクリート・モルタル,生コンクリート,１８－１２－４０ Ｃ＝２７０ [単位水量165以下W/C60以下],m3,bureau_area,30,和歌山県,和歌山 玉置口,,,34900,JPY,design_unit_price_ex_tax,published_pdl,,,2025-07,2025-07-01,kkr-zairyo-r7-07,17,https://www.kkr.mlit.go.jp/plan/jigyousya/technical_information/gijutsukanri/qgl8vl0000004zj9-att/2025_07tanka.pdf,PDL1.0,,近畿地整が独自調査で設定した単価(物価資料に載っていない地区・規格だけ)。消費税抜き。
dc29e40c7e23f593,JP,material,生コンクリート・モルタル,生コンクリート,１８－１２－４０ Ｃ＝２７０ [単位水量165以下W/C60以下],m3,bureau_area,24,三重県,三重 名張市,,,29000,JPY,design_unit_price_ex_tax,published_pdl,,,2025-07,2025-07-01,kkr-zairyo-r7-07,17,https://www.kkr.mlit.go.jp/plan/jigyousya/technical_information/gijutsukanri/qgl8vl0000004zj9-att/2025_07tanka.pdf,PDL1.0,,近畿地整が独自調査で設定した単価(物価資料に載っていない地区・規格だけ)。消費税抜き。
6f24eac42ddacc8e,JP,material,生コンクリート・モルタル,生コンクリート,１８－１２－４０ Ｃ＝２７０ [単位水量165以下W/C60以下],m3,bureau_area,24,三重県,三重 伊賀市 / 旧上野市他,,,29000,JPY,design_unit_price_ex_tax,published_pdl,,,2025-07,2025-07-01,kkr-zairyo-r7-07,17,https://www.kkr.mlit.go.jp/plan/jigyousya/technical_information/gijutsukanri/qgl8vl0000004zj9-att/2025_07tanka.pdf,PDL1.0,,近畿地整が独自調査で設定した単価(物価資料に載っていない地区・規格だけ)。消費税抜き。
a69e87a0ee901a7f,JP,material,生コンクリート・モルタル,生コンクリート,１８－１２－４０ Ｃ＝２７０ [単位水量165以下W/C60以下],m3,bureau_area,24,三重県,三重 伊賀市 / 旧青山町,,,29000,JPY,design_unit_price_ex_tax,published_pdl,,,2025-07,2025-07-01,kkr-zairyo-r7-07,17,https://www.kkr.mlit.go.jp/plan/jigyousya/technical_information/gijutsukanri/qgl8vl0000004zj9-att/2025_07tanka.pdf,PDL1.0,,近畿地整が独自調査で設定した単価(物価資料に載っていない地区・規格だけ)。消費税抜き。
3129c72db37ac2eb,JP,material,生コンクリート・モルタル,生コンクリート,１８－１２－４０ Ｃ＝２７０ [単位水量165以下W/C60以下],m3,bureau_area,24,三重県,三重 太郎生,,,29500,JPY,design_unit_price_ex_tax,published_pdl,,,2025-07,2025-07-01,kkr-zairyo-r7-07,17,https://www.kkr.mlit.go.jp/plan/jigyousya/technical_information/gijutsukanri/qgl8vl0000004zj9-att/2025_07tanka.pdf,PDL1.0,,近畿地整が独自調査で設定した単価(物価資料に載っていない地区・規格だけ)。消費税抜き。
1e8bfc32a6029e4f,JP,material,生コンクリート・モルタル,生コンクリート,１８－１２－４０ Ｃ＝２７０ [単位水量165以下W/C60以下],m3,bureau_area,24,三重県,三重 紀宝町他,,,33900,JPY,design_unit_price_ex_tax,published_pdl,,,2025-07,2025-07-01,kkr-zairyo-r7-07,17,https://www.kkr.mlit.go.jp/plan/jigyousya/technical_information/gijutsukanri/qgl8vl0000004zj9-att/2025_07tanka.pdf,PDL1.0,,近畿地整が独自調査で設定した単価(物価資料に載っていない地区・規格だけ)。消費税抜き。
78450184d5c7e724,JP,material,生コンクリート・モルタル,生コンクリート,２１－５－４０ [単位水量165以下W/C60以下],m3,bureau_area,30,和歌山県,和歌山 西牟婁郡他 / すさみ町,,,28000,JPY,design_unit_price_ex_tax,published_pdl,,,2025-07,2025-07-01,kkr-zairyo-r7-07,17,https://www.kkr.mlit.go.jp/plan/jigyousya/technical_information/gijutsukanri/qgl8vl0000004zj9-att/2025_07tanka.pdf,PDL1.0,d935f5461a1f,近畿地整が独自調査で設定した単価(物価資料に載っていない地区・規格だけ)。消費税抜き。
b42d4d95c39a9b1e,JP,material,生コンクリート・モルタル,生コンクリート,２１－５－４０ [単位水量165以下W/C60以下],m3,bureau_area,30,和歌山県,和歌山 玉置口,,,33900,JPY,design_unit_price_ex_tax,published_pdl,,,2025-07,2025-07-01,kkr-zairyo-r7-07,17,https://www.kkr.mlit.go.jp/plan/jigyousya/technical_information/gijutsukanri/qgl8vl0000004zj9-att/2025_07tanka.pdf,PDL1.0,d935f5461a1f,近畿地整が独自調査で設定した単価(物価資料に載っていない地区・規格だけ)。消費税抜き。
dca19fcb22af051a,JP,material,生コンクリート・モルタル,生コンクリート,２１－５－４０ [単位水量165以下W/C60以下],m3,bureau_area,24,三重県,三重 名張市,,,29000,JPY,design_unit_price_ex_tax,published_pdl,,,2025-07,2025-07-01,kkr-zairyo-r7-07,17,https://www.kkr.mlit.go.jp/plan/jigyousya/technical_information/gijutsukanri/qgl8vl0000004zj9-att/2025_07tanka.pdf,PDL1.0,d935f5461a1f,近畿地整が独自調査で設定した単価(物価資料に載っていない地区・規格だけ)。消費税抜き。
86f5ccd329cd6f0f,JP,material,生コンクリート・モルタル,生コンクリート,２１－５－４０ [単位水量165以下W/C60以下],m3,bureau_area,24,三重県,三重 伊賀市 / 旧上野市他,,,29000,JPY,design_unit_price_ex_tax,published_pdl,,,2025-07,2025-07-01,kkr-zairyo-r7-07,17,https://www.kkr.mlit.go.jp/plan/jigyousya/technical_information/gijutsukanri/qgl8vl0000004zj9-att/2025_07tanka.pdf,PDL1.0,d935f5461a1f,近畿地整が独自調査で設定した単価(物価資料に載っていない地区・規格だけ)。消費税抜き。
39f25170215ceccf,JP,material,生コンクリート・モルタル,生コンクリート,２１－５－４０ [単位水量165以下W/C60以下],m3,bureau_area,24,三重県,三重 伊賀市 / 旧青山町,,,29000,JPY,design_unit_price_ex_tax,published_pdl,,,2025-07,2025-07-01,kkr-zairyo-r7-07,17,https://www.kkr.mlit.go.jp/plan/jigyousya/technical_information/gijutsukanri/qgl8vl0000004zj9-att/2025_07tanka.pdf,PDL1.0,d935f5461a1f,近畿地整が独自調査で設定した単価(物価資料に載っていない地区・規格だけ)。消費税抜き。
dc944a58ec386eef,JP,material,生コンクリート・モルタル,生コンクリート,２１－５－４０ [単位水量165以下W/C60以下],m3,bureau_area,24,三重県,三重 太郎生,,,30000,JPY,design_unit_price_ex_tax,published_pdl,,,2025-07,2025-07-01,kkr-zairyo-r7-07,17,https://www.kkr.mlit.go.jp/plan/jigyousya/technical_information/gijutsukanri/qgl8vl0000004zj9-att/2025_07tanka.pdf,PDL1.0,d935f5461a1f,近畿地整が独自調査で設定した単価(物価資料に載っていない地区・規格だけ)。消費税抜き。
6e505695401184fe,JP,material,生コンクリート・モルタル,生コンクリート,２１－５－４０ [単位水量165以下W/C60以下],m3,bureau_area,24,三重県,三重 紀宝町他,,,34900,JPY,design_unit_price_ex_tax,published_pdl,,,2025-07,2025-07-01,kkr-zairyo-r7-07,17,https://www.kkr.mlit.go.jp/plan/jigyousya/technical_information/gijutsukanri/qgl8vl0000004zj9-att/2025_07tanka.pdf,PDL1.0,d935f5461a1f,近畿地整が独自調査で設定した単価(物価資料に載っていない地区・規格だけ)。消費税抜き。
6df989614f848af5,JP,material,生コンクリート・モルタル,生コンクリート,２１－８－４０ [単位水量165以下W/C60以下],m3,bureau_area,30,和歌山県,和歌山 西牟婁郡他 / すさみ町,,,28000,JPY,design_unit_price_ex_tax,published_pdl,,,2025-07,2025-07-01,kkr-zairyo-r7-07,17,https://www.kkr.mlit.go.jp/plan/jigyousya/technical_information/gijutsukanri/qgl8vl0000004zj9-att/2025_07tanka.pdf,PDL1.0,4437d43ce7c4,近畿地整が独自調査で設定した単価(物価資料に載っていない地区・規格だけ)。消費税抜き。
42b34773622d5b12,JP,material,生コンクリート・モルタル,生コンクリート,２１－８－４０ [単位水量165以下W/C60以下],m3,bureau_area,30,和歌山県,和歌山 玉置口,,,33900,JPY,design_unit_price_ex_tax,published_pdl,,,2025-07,2025-07-01,kkr-zairyo-r7-07,17,https://www.kkr.mlit.go.jp/plan/jigyousya/technical_information/gijutsukanri/qgl8vl0000004zj9-att/2025_07tanka.pdf,PDL1.0,4437d43ce7c4,近畿地整が独自調査で設定した単価(物価資料に載っていない地区・規格だけ)。消費税抜き。
9e5687abf7044d7e,JP,material,生コンクリート・モルタル,生コンクリート,２１－８－４０ [単位水量165以下W/C60以下],m3,bureau_area,24,三重県,三重 名張市,,,29000,JPY,design_unit_price_ex_tax,published_pdl,,,2025-07,2025-07-01,kkr-zairyo-r7-07,17,https://www.kkr.mlit.go.jp/plan/jigyousya/technical_information/gijutsukanri/qgl8vl0000004zj9-att/2025_07tanka.pdf,PDL1.0,4437d43ce7c4,近畿地整が独自調査で設定した単価(物価資料に載っていない地区・規格だけ)。消費税抜き。
8d51870f4f6560a8,JP,material,生コンクリート・モルタル,生コンクリート,２１－８－４０ [単位水量165以下W/C60以下],m3,bureau_area,24,三重県,三重 伊賀市 / 旧上野市他,,,29000,JPY,design_unit_price_ex_tax,published_pdl,,,2025-07,2025-07-01,kkr-zairyo-r7-07,17,https://www.kkr.mlit.go.jp/plan/jigyousya/technical_information/gijutsukanri/qgl8vl0000004zj9-att/2025_07tanka.pdf,PDL1.0,4437d43ce7c4,近畿地整が独自調査で設定した単価(物価資料に載っていない地区・規格だけ)。消費税抜き。
aa44618d5a021354,JP,material,生コンクリート・モルタル,生コンクリート,２１－８－４０ [単位水量165以下W/C60以下],m3,bureau_area,24,三重県,三重 伊賀市 / 旧青山町,,,29000,JPY,design_unit_price_ex_tax,published_pdl,,,2025-07,2025-07-01,kkr-zairyo-r7-07,17,https://www.kkr.mlit.go.jp/plan/jigyousya/technical_information/gijutsukanri/qgl8vl0000004zj9-att/2025_07tanka.pdf,PDL1.0,4437d43ce7c4,近畿地整が独自調査で設定した単価(物価資料に載っていない地区・規格だけ)。消費税抜き。
c6a904e8ee8a31d5,JP,material,生コンクリート・モルタル,生コンクリート,２１－８－４０ [単位水量165以下W/C60以下],m3,bureau_area,24,三重県,三重 太郎生,,,30000,JPY,design_unit_price_ex_tax,published_pdl,,,2025-07,2025-07-01,kkr-zairyo-r7-07,17,https://www.kkr.mlit.go.jp/plan/jigyousya/technical_information/gijutsukanri/qgl8vl0000004zj9-att/2025_07tanka.pdf,PDL1.0,4437d43ce7c4,近畿地整が独自調査で設定した単価(物価資料に載っていない地区・規格だけ)。消費税抜き。
2b194cc271da2123,JP,material,生コンクリート・モルタル,生コンクリート,２１－８－４０ [単位水量165以下W/C60以下],m3,bureau_area,24,三重県,三重 紀宝町他,,,34900,JPY,design_unit_price_ex_tax,published_pdl,,,2025-07,2025-07-01,kkr-zairyo-r7-07,17,https://www.kkr.mlit.go.jp/plan/jigyousya/technical_information/gijutsukanri/qgl8vl0000004zj9-att/2025_07tanka.pdf,PDL1.0,4437d43ce7c4,近畿地整が独自調査で設定した単価(物価資料に載っていない地区・規格だけ)。消費税抜き。
24daa33ca6a9749e,JP,material,生コンクリート・モルタル,生コンクリート,２１－１２－４０ [単位水量165以下W/C60以下],m3,bureau_area,30,和歌山県,和歌山 西牟婁郡他 / すさみ町,,,28000,JPY,design_unit_price_ex_tax,published_pdl,,,2025-07,2025-07-01,kkr-zairyo-r7-07,17,https://www.kkr.mlit.go.jp/plan/jigyousya/technical_information/gijutsukanri/qgl8vl0000004zj9-att/2025_07tanka.pdf,PDL1.0,8665bf049656,近畿地整が独自調査で設定した単価(物価資料に載っていない地区・規格だけ)。消費税抜き。
288153d9c74ee5d4,JP,material,生コンクリート・モルタル,生コンクリート,２１－１２－４０ [単位水量165以下W/C60以下],m3,bureau_area,30,和歌山県,和歌山 玉置口,,,33900,JPY,design_unit_price_ex_tax,published_pdl,,,2025-07,2025-07-01,kkr-zairyo-r7-07,17,https://www.kkr.mlit.go.jp/plan/jigyousya/technical_information/gijutsukanri/qgl8vl0000004zj9-att/2025_07tanka.pdf,PDL1.0,8665bf049656,近畿地整が独自調査で設定した単価(物価資料に載っていない地区・規格だけ)。消費税抜き。
ca36b24026bda103,JP,material,生コンクリート・モルタル,生コンクリート,２１－１２－４０ [単位水量165以下W/C60以下],m3,bureau_area,24,三重県,三重 名張市,,,29000,JPY,design_unit_price_ex_tax,published_pdl,,,2025-07,2025-07-01,kkr-zairyo-r7-07,17,https://www.kkr.mlit.go.jp/plan/jigyousya/technical_information/gijutsukanri/qgl8vl0000004zj9-att/2025_07tanka.pdf,PDL1.0,8665bf049656,近畿地整が独自調査で設定した単価(物価資料に載っていない地区・規格だけ)。消費税抜き。
6c9a3669d7ed2ff9,JP,material,生コンクリート・モルタル,生コンクリート,２１－１２－４０ [単位水量165以下W/C60以下],m3,bureau_area,24,三重県,三重 伊賀市 / 旧上野市他,,,29000,JPY,design_unit_price_ex_tax,published_pdl,,,2025-07,2025-07-01,kkr-zairyo-r7-07,17,https://www.kkr.mlit.go.jp/plan/jigyousya/technical_information/gijutsukanri/qgl8vl0000004zj9-att/2025_07tanka.pdf,PDL1.0,8665bf049656,近畿地整が独自調査で設定した単価(物価資料に載っていない地区・規格だけ)。消費税抜き。
c727e85e5364d4e8,JP,material,生コンクリート・モルタル,生コンクリート,２１－１２－４０ [単位水量165以下W/C60以下],m3,bureau_area,24,三重県,三重 伊賀市 / 旧青山町,,,29000,JPY,design_unit_price_ex_tax,published_pdl,,,2025-07,2025-07-01,kkr-zairyo-r7-07,17,https://www.kkr.mlit.go.jp/plan/jigyousya/technical_information/gijutsukanri/qgl8vl0000004zj9-att/2025_07tanka.pdf,PDL1.0,8665bf049656,近畿地整が独自調査で設定した単価(物価資料に載っていない地区・規格だけ)。消費税抜き。
7ddc21987d5c8622,JP,material,生コンクリート・モルタル,生コンクリート,２１－１２－４０ [単位水量165以下W/C60以下],m3,bureau_area,24,三重県,三重 太郎生,,,30000,JPY,design_unit_price_ex_tax,published_pdl,,,2025-07,2025-07-01,kkr-zairyo-r7-07,17,https://www.kkr.mlit.go.jp/plan/jigyousya/technical_information/gijutsukanri/qgl8vl0000004zj9-att/2025_07tanka.pdf,PDL1.0,8665bf049656,近畿地整が独自調査で設定した単価(物価資料に載っていない地区・規格だけ)。消費税抜き。
c5651e3516290842,JP,material,生コンクリート・モルタル,生コンクリート,２１－１２－４０ [単位水量165以下W/C60以下],m3,bureau_area,24,三重県,三重 紀宝町他,,,33900,JPY,design_unit_price_ex_tax,published_pdl,,,2025-07,2025-07-01,kkr-zairyo-r7-07,17,https://www.kkr.mlit.go.jp/plan/jigyousya/technical_information/gijutsukanri/qgl8vl0000004zj9-att/2025_07tanka.pdf,PDL1.0,8665bf049656,近畿地整が独自調査で設定した単価(物価資料に載っていない地区・規格だけ)。消費税抜き。
5a1ba604dcad1f5b,JP,material,生コンクリート・モルタル,生コンクリート,高炉 ３０－１８－２０（２５） Ｃ＝３５０以上 [単位水量175以下W/C55％],m3,bureau_area,24,三重県,三重 奥瀞地区,,,36900,JPY,design_unit_price_ex_tax,published_pdl,,,2025-07,2025-07-01,kkr-zairyo-r7-07,18,https://www.kkr.mlit.go.jp/plan/jigyousya/technical_information/gijutsukanri/qgl8vl0000004zj9-att/2025_07tanka.pdf,PDL1.0,,近畿地整が独自調査で設定した単価(物価資料に載っていない地区・規格だけ)。消費税抜き。
7082af7924f9f97f,JP,material,生コンクリート・モルタル,生コンクリート,高炉 ３０－１８－２０（２５） Ｃ＝３５０以上 [単位水量175以下W/C55％],m3,bureau_area,21,岐阜県,岐阜 冠山峠地区その２,,,34700,JPY,design_unit_price_ex_tax,published_pdl,,,2025-07,2025-07-01,kkr-zairyo-r7-07,18,https://www.kkr.mlit.go.jp/plan/jigyousya/technical_information/gijutsukanri/qgl8vl0000004zj9-att/2025_07tanka.pdf,PDL1.0,,近畿地整が独自調査で設定した単価(物価資料に載っていない地区・規格だけ)。消費税抜き。
84f9f56ec6d11f85,JP,material,生コンクリート・モルタル,生コンクリート,３０－１８－２０（２５） Ｃ＝３５０以上 [単位水量175以下W/C55％],m3,bureau_area,24,三重県,三重 奥瀞地区,,,36900,JPY,design_unit_price_ex_tax,published_pdl,,,2025-07,2025-07-01,kkr-zairyo-r7-07,18,https://www.kkr.mlit.go.jp/plan/jigyousya/technical_information/gijutsukanri/qgl8vl0000004zj9-att/2025_07tanka.pdf,PDL1.0,,近畿地整が独自調査で設定した単価(物価資料に載っていない地区・規格だけ)。消費税抜き。
8ade06c6e76bb7a8,JP,material,生コンクリート・モルタル,生コンクリート,３０－１８－２０（２５） Ｃ＝３５０以上 [単位水量175以下W/C55％],m3,bureau_area,21,岐阜県,岐阜 冠山峠地区その２,,,34700,JPY,design_unit_price_ex_tax,published_pdl,,,2025-07,2025-07-01,kkr-zairyo-r7-07,18,https://www.kkr.mlit.go.jp/plan/jigyousya/technical_information/gijutsukanri/qgl8vl0000004zj9-att/2025_07tanka.pdf,PDL1.0,,近畿地整が独自調査で設定した単価(物価資料に載っていない地区・規格だけ)。消費税抜き。
dff572a4c6a71119,JP,material,生コンクリート・モルタル,生コンクリート,１８－８－２５（２０） [単位水量175以下W/C60以下],m3,bureau_area,24,三重県,三重 奥瀞地区,,,33900,JPY,design_unit_price_ex_tax,published_pdl,,,2025-07,2025-07-01,kkr-zairyo-r7-07,18,https://www.kkr.mlit.go.jp/plan/jigyousya/technical_information/gijutsukanri/qgl8vl0000004zj9-att/2025_07tanka.pdf,PDL1.0,205fb4e2a22c,近畿地整が独自調査で設定した単価(物価資料に載っていない地区・規格だけ)。消費税抜き。
9af362e470dd7251,JP,material,生コンクリート・モルタル,生コンクリート,１８－８－２５（２０） [単位水量175以下W/C60以下],m3,bureau_area,21,岐阜県,岐阜 冠山峠地区その２,,,33400,JPY,design_unit_price_ex_tax,published_pdl,,,2025-07,2025-07-01,kkr-zairyo-r7-07,18,https://www.kkr.mlit.go.jp/plan/jigyousya/technical_information/gijutsukanri/qgl8vl0000004zj9-att/2025_07tanka.pdf,PDL1.0,205fb4e2a22c,近畿地整が独自調査で設定した単価(物価資料に載っていない地区・規格だけ)。消費税抜き。
5839e0bee7e686cc,JP,material,生コンクリート・モルタル,生コンクリート,１８－１２－２５（２０） [単位水量175以下W/C60以下],m3,bureau_area,24,三重県,三重 奥瀞地区,,,33900,JPY,design_unit_price_ex_tax,published_pdl,,,2025-07,2025-07-01,kkr-zairyo-r7-07,18,https://www.kkr.mlit.go.jp/plan/jigyousya/technical_information/gijutsukanri/qgl8vl0000004zj9-att/2025_07tanka.pdf,PDL1.0,c7752fd452cb,近畿地整が独自調査で設定した単価(物価資料に載っていない地区・規格だけ)。消費税抜き。
b70408126817081e,JP,material,生コンクリート・モルタル,生コンクリート,１８－１２－２５（２０） [単位水量175以下W/C60以下],m3,bureau_area,21,岐阜県,岐阜 冠山峠地区その２,,,33400,JPY,design_unit_price_ex_tax,published_pdl,,,2025-07,2025-07-01,kkr-zairyo-r7-07,18,https://www.kkr.mlit.go.jp/plan/jigyousya/technical_information/gijutsukanri/qgl8vl0000004zj9-att/2025_07tanka.pdf,PDL1.0,c7752fd452cb,近畿地整が独自調査で設定した単価(物価資料に載っていない地区・規格だけ)。消費税抜き。
4623dca1849dd68c,JP,material,生コンクリート・モルタル,生コンクリート,１８－１５－２５（２０） [単位水量175以下W/C60以下],m3,bureau_area,24,三重県,三重 奥瀞地区,,,33900,JPY,design_unit_price_ex_tax,published_pdl,,,2025-07,2025-07-01,kkr-zairyo-r7-07,18,https://www.kkr.mlit.go.jp/plan/jigyousya/technical_information/gijutsukanri/qgl8vl0000004zj9-att/2025_07tanka.pdf,PDL1.0,0f948effd799,近畿地整が独自調査で設定した単価(物価資料に載っていない地区・規格だけ)。消費税抜き。
4fc4487c692b150b,JP,material,生コンクリート・モルタル,生コンクリート,１８－１５－２５（２０） [単位水量175以下W/C60以下],m3,bureau_area,21,岐阜県,岐阜 冠山峠地区その２,,,33400,JPY,design_unit_price_ex_tax,published_pdl,,,2025-07,2025-07-01,kkr-zairyo-r7-07,18,https://www.kkr.mlit.go.jp/plan/jigyousya/technical_information/gijutsukanri/qgl8vl0000004zj9-att/2025_07tanka.pdf,PDL1.0,0f948effd799,近畿地整が独自調査で設定した単価(物価資料に載っていない地区・規格だけ)。消費税抜き。
0d6b2c1dd1697f5d,JP,material,生コンクリート・モルタル,生コンクリート,１８－１８－２５（２０） [単位水量175以下W/C60以下],m3,bureau_area,24,三重県,三重 奥瀞地区,,,33900,JPY,design_unit_price_ex_tax,published_pdl,,,2025-07,2025-07-01,kkr-zairyo-r7-07,18,https://www.kkr.mlit.go.jp/plan/jigyousya/technical_information/gijutsukanri/qgl8vl0000004zj9-att/2025_07tanka.pdf,PDL1.0,739a5c3bcc24,近畿地整が独自調査で設定した単価(物価資料に載っていない地区・規格だけ)。消費税抜き。
a3730003269cd512,JP,material,生コンクリート・モルタル,生コンクリート,１８－１８－２５（２０） [単位水量175以下W/C60以下],m3,bureau_area,21,岐阜県,岐阜 冠山峠地区その２,,,33400,JPY,design_unit_price_ex_tax,published_pdl,,,2025-07,2025-07-01,kkr-zairyo-r7-07,18,https://www.kkr.mlit.go.jp/plan/jigyousya/technical_information/gijutsukanri/qgl8vl0000004zj9-att/2025_07tanka.pdf,PDL1.0,739a5c3bcc24,近畿地整が独自調査で設定した単価(物価資料に載っていない地区・規格だけ)。消費税抜き。
8e8144259f7e9617,JP,material,生コンクリート・モルタル,生コンクリート,２１－８－２５（２０） [単位水量175以下W/C60以下],m3,bureau_area,24,三重県,三重 奥瀞地区,,,33900,JPY,design_unit_price_ex_tax,published_pdl,,,2025-07,2025-07-01,kkr-zairyo-r7-07,18,https://www.kkr.mlit.go.jp/plan/jigyousya/technical_information/gijutsukanri/qgl8vl0000004zj9-att/2025_07tanka.pdf,PDL1.0,482f8152d5c5,近畿地整が独自調査で設定した単価(物価資料に載っていない地区・規格だけ)。消費税抜き。
87b86964682ae269,JP,material,生コンクリート・モルタル,生コンクリート,２１－８－２５（２０） [単位水量175以下W/C60以下],m3,bureau_area,21,岐阜県,岐阜 冠山峠地区その２,,,33400,JPY,design_unit_price_ex_tax,published_pdl,,,2025-07,2025-07-01,kkr-zairyo-r7-07,18,https://www.kkr.mlit.go.jp/plan/jigyousya/technical_information/gijutsukanri/qgl8vl0000004zj9-att/2025_07tanka.pdf,PDL1.0,482f8152d5c5,近畿地整が独自調査で設定した単価(物価資料に載っていない地区・規格だけ)。消費税抜き。
f2abe091a5e6896e,JP,material,生コンクリート・モルタル,生コンクリート,２１－１５－２５（２０） [単位水量175以下W/C60以下],m3,bureau_area,24,三重県,三重 奥瀞地区,,,33900,JPY,design_unit_price_ex_tax,published_pdl,,,2025-07,2025-07-01,kkr-zairyo-r7-07,18,https://www.kkr.mlit.go.jp/plan/jigyousya/technical_information/gijutsukanri/qgl8vl0000004zj9-att/2025_07tanka.pdf,PDL1.0,4b73c3134218,近畿地整が独自調査で設定した単価(物価資料に載っていない地区・規格だけ)。消費税抜き。
d88118e7b60baa6d,JP,material,生コンクリート・モルタル,生コンクリート,２１－１５－２５（２０） [単位水量175以下W/C60以下],m3,bureau_area,21,岐阜県,岐阜 冠山峠地区その２,,,33400,JPY,design_unit_price_ex_tax,published_pdl,,,2025-07,2025-07-01,kkr-zairyo-r7-07,18,https://www.kkr.mlit.go.jp/plan/jigyousya/technical_information/gijutsukanri/qgl8vl0000004zj9-att/2025_07tanka.pdf,PDL1.0,4b73c3134218,近畿地整が独自調査で設定した単価(物価資料に載っていない地区・規格だけ)。消費税抜き。
c47046ffe148f3c5,JP,material,生コンクリート・モルタル,生コンクリート,２１－１８－２５（２０） [単位水量175以下W/C60以下],m3,bureau_area,24,三重県,三重 奥瀞地区,,,33900,JPY,design_unit_price_ex_tax,published_pdl,,,2025-07,2025-07-01,kkr-zairyo-r7-07,18,https://www.kkr.mlit.go.jp/plan/jigyousya/technical_information/gijutsukanri/qgl8vl0000004zj9-att/2025_07tanka.pdf,PDL1.0,53196cad57e3,近畿地整が独自調査で設定した単価(物価資料に載っていない地区・規格だけ)。消費税抜き。
8edf2463394b47a6,JP,material,生コンクリート・モルタル,生コンクリート,２１－１８－２５（２０） [単位水量175以下W/C60以下],m3,bureau_area,21,岐阜県,岐阜 冠山峠地区その２,,,33400,JPY,design_unit_price_ex_tax,published_pdl,,,2025-07,2025-07-01,kkr-zairyo-r7-07,18,https://www.kkr.mlit.go.jp/plan/jigyousya/technical_information/gijutsukanri/qgl8vl0000004zj9-att/2025_07tanka.pdf,PDL1.0,53196cad57e3,近畿地整が独自調査で設定した単価(物価資料に載っていない地区・規格だけ)。消費税抜き。
d155a0e53a1f4dab,JP,material,生コンクリート・モルタル,生コンクリート,２４－８－２５（２０） [単位水量175以下W/C55以下],m3,bureau_area,24,三重県,三重 奥瀞地区,,,34900,JPY,design_unit_price_ex_tax,published_pdl,,,2025-07,2025-07-01,kkr-zairyo-r7-07,18,https://www.kkr.mlit.go.jp/plan/jigyousya/technical_information/gijutsukanri/qgl8vl0000004zj9-att/2025_07tanka.pdf,PDL1.0,c7034bd79cbd,近畿地整が独自調査で設定した単価(物価資料に載っていない地区・規格だけ)。消費税抜き。
9efae67afc4e29b3,JP,material,生コンクリート・モルタル,生コンクリート,２４－８－２５（２０） [単位水量175以下W/C55以下],m3,bureau_area,21,岐阜県,岐阜 冠山峠地区その２,,,33800,JPY,design_unit_price_ex_tax,published_pdl,,,2025-07,2025-07-01,kkr-zairyo-r7-07,18,https://www.kkr.mlit.go.jp/plan/jigyousya/technical_information/gijutsukanri/qgl8vl0000004zj9-att/2025_07tanka.pdf,PDL1.0,c7034bd79cbd,近畿地整が独自調査で設定した単価(物価資料に載っていない地区・規格だけ)。消費税抜き。
a7ff6fcf94d35e9e,JP,material,生コンクリート・モルタル,生コンクリート,２４－１２－２５（２０） [単位水量175以下W/C55以下],m3,bureau_area,24,三重県,三重 奥瀞地区,,,34900,JPY,design_unit_price_ex_tax,published_pdl,,,2025-07,2025-07-01,kkr-zairyo-r7-07,18,https://www.kkr.mlit.go.jp/plan/jigyousya/technical_information/gijutsukanri/qgl8vl0000004zj9-att/2025_07tanka.pdf,PDL1.0,2e29a57cb46e,近畿地整が独自調査で設定した単価(物価資料に載っていない地区・規格だけ)。消費税抜き。
0a8e68fae60bc4ec,JP,material,生コンクリート・モルタル,生コンクリート,２４－１２－２５（２０） [単位水量175以下W/C55以下],m3,bureau_area,21,岐阜県,岐阜 冠山峠地区その２,,,33800,JPY,design_unit_price_ex_tax,published_pdl,,,2025-07,2025-07-01,kkr-zairyo-r7-07,18,https://www.kkr.mlit.go.jp/plan/jigyousya/technical_information/gijutsukanri/qgl8vl0000004zj9-att/2025_07tanka.pdf,PDL1.0,2e29a57cb46e,近畿地整が独自調査で設定した単価(物価資料に載っていない地区・規格だけ)。消費税抜き。
9d472a4e1fb8f9fe,JP,material,生コンクリート・モルタル,生コンクリート,２７－８－２５（２０） [単位水量175以下W/C55以下],m3,bureau_area,24,三重県,三重 奥瀞地区,,,35900,JPY,design_unit_price_ex_tax,published_pdl,,,2025-07,2025-07-01,kkr-zairyo-r7-07,18,https://www.kkr.mlit.go.jp/plan/jigyousya/technical_information/gijutsukanri/qgl8vl0000004zj9-att/2025_07tanka.pdf,PDL1.0,657cfbeea5e6,近畿地整が独自調査で設定した単価(物価資料に載っていない地区・規格だけ)。消費税抜き。
665ec90dfd29bbe1,JP,material,生コンクリート・モルタル,生コンクリート,２７－８－２５（２０） [単位水量175以下W/C55以下],m3,bureau_area,21,岐阜県,岐阜 冠山峠地区その２,,,34200,JPY,design_unit_price_ex_tax,published_pdl,,,2025-07,2025-07-01,kkr-zairyo-r7-07,18,https://www.kkr.mlit.go.jp/plan/jigyousya/technical_information/gijutsukanri/qgl8vl0000004zj9-att/2025_07tanka.pdf,PDL1.0,657cfbeea5e6,近畿地整が独自調査で設定した単価(物価資料に載っていない地区・規格だけ)。消費税抜き。
e26f61d2395a18a1,JP,material,生コンクリート・モルタル,生コンクリート,２７－１２－２５（２０） [単位水量175以下W/C55以下],m3,bureau_area,24,三重県,三重 奥瀞地区,,,35900,JPY,design_unit_price_ex_tax,published_pdl,,,2025-07,2025-07-01,kkr-zairyo-r7-07,18,https://www.kkr.mlit.go.jp/plan/jigyousya/technical_information/gijutsukanri/qgl8vl0000004zj9-att/2025_07tanka.pdf,PDL1.0,,近畿地整が独自調査で設定した単価(物価資料に載っていない地区・規格だけ)。消費税抜き。
856dba463d777d01,JP,material,生コンクリート・モルタル,生コンクリート,２７－１２－２５（２０） [単位水量175以下W/C55以下],m3,bureau_area,21,岐阜県,岐阜 冠山峠地区その２,,,34200,JPY,design_unit_price_ex_tax,published_pdl,,,2025-07,2025-07-01,kkr-zairyo-r7-07,18,https://www.kkr.mlit.go.jp/plan/jigyousya/technical_information/gijutsukanri/qgl8vl0000004zj9-att/2025_07tanka.pdf,PDL1.0,,近畿地整が独自調査で設定した単価(物価資料に載っていない地区・規格だけ)。消費税抜き。
0fff113fa5474d73,JP,material,生コンクリート・モルタル,生コンクリート,３０－８－２５（２０） [単位水量175以下W/C55以下],m3,bureau_area,24,三重県,三重 奥瀞地区,,,36900,JPY,design_unit_price_ex_tax,published_pdl,,,2025-07,2025-07-01,kkr-zairyo-r7-07,18,https://www.kkr.mlit.go.jp/plan/jigyousya/technical_information/gijutsukanri/qgl8vl0000004zj9-att/2025_07tanka.pdf,PDL1.0,584e4bdc5be9,近畿地整が独自調査で設定した単価(物価資料に載っていない地区・規格だけ)。消費税抜き。
3e803b476ef8d44a,JP,material,生コンクリート・モルタル,生コンクリート,３０－８－２５（２０） [単位水量175以下W/C55以下],m3,bureau_area,21,岐阜県,岐阜 冠山峠地区その２,,,34700,JPY,design_unit_price_ex_tax,published_pdl,,,2025-07,2025-07-01,kkr-zairyo-r7-07,18,https://www.kkr.mlit.go.jp/plan/jigyousya/technical_information/gijutsukanri/qgl8vl0000004zj9-att/2025_07tanka.pdf,PDL1.0,584e4bdc5be9,近畿地整が独自調査で設定した単価(物価資料に載っていない地区・規格だけ)。消費税抜き。
824bdb47f00c95dd,JP,material,生コンクリート・モルタル,生コンクリート,３０－１２－２５（２０） [単位水量175以下W/C55以下],m3,bureau_area,24,三重県,三重 奥瀞地区,,,36900,JPY,design_unit_price_ex_tax,published_pdl,,,2025-07,2025-07-01,kkr-zairyo-r7-07,18,https://www.kkr.mlit.go.jp/plan/jigyousya/technical_information/gijutsukanri/qgl8vl0000004zj9-att/2025_07tanka.pdf,PDL1.0,,近畿地整が独自調査で設定した単価(物価資料に載っていない地区・規格だけ)。消費税抜き。
02c926048e7d33b7,JP,material,生コンクリート・モルタル,生コンクリート,３０－１２－２５（２０） [単位水量175以下W/C55以下],m3,bureau_area,21,岐阜県,岐阜 冠山峠地区その２,,,34700,JPY,design_unit_price_ex_tax,published_pdl,,,2025-07,2025-07-01,kkr-zairyo-r7-07,18,https://www.kkr.mlit.go.jp/plan/jigyousya/technical_information/gijutsukanri/qgl8vl0000004zj9-att/2025_07tanka.pdf,PDL1.0,,近畿地整が独自調査で設定した単価(物価資料に載っていない地区・規格だけ)。消費税抜き。
3167a3e3b13ea758,JP,material,生コンクリート・モルタル,生コンクリート,３６－８－２５（２０） [単位水量175以下W/C55以下],m3,bureau_area,24,三重県,三重 奥瀞地区,,,38900,JPY,design_unit_price_ex_tax,published_pdl,,,2025-07,2025-07-01,kkr-zairyo-r7-07,18,https://www.kkr.mlit.go.jp/plan/jigyousya/technical_information/gijutsukanri/qgl8vl0000004zj9-att/2025_07tanka.pdf,PDL1.0,193e785636bd,近畿地整が独自調査で設定した単価(物価資料に載っていない地区・規格だけ)。消費税抜き。
7cd501a1d9c42506,JP,material,生コンクリート・モルタル,生コンクリート,３６－８－２５（２０） [単位水量175以下W/C55以下],m3,bureau_area,21,岐阜県,岐阜 冠山峠地区その２,,,35500,JPY,design_unit_price_ex_tax,published_pdl,,,2025-07,2025-07-01,kkr-zairyo-r7-07,18,https://www.kkr.mlit.go.jp/plan/jigyousya/technical_information/gijutsukanri/qgl8vl0000004zj9-att/2025_07tanka.pdf,PDL1.0,193e785636bd,近畿地整が独自調査で設定した単価(物価資料に載っていない地区・規格だけ)。消費税抜き。
ec67bdbe4292cd11,JP,material,生コンクリート・モルタル,生コンクリート,４０－８－２５（２０） [単位水量175以下W/C55以下],m3,bureau_area,24,三重県,三重 奥瀞地区,,,39900,JPY,design_unit_price_ex_tax,published_pdl,,,2025-07,2025-07-01,kkr-zairyo-r7-07,18,https://www.kkr.mlit.go.jp/plan/jigyousya/technical_information/gijutsukanri/qgl8vl0000004zj9-att/2025_07tanka.pdf,PDL1.0,112927640be2,近畿地整が独自調査で設定した単価(物価資料に載っていない地区・規格だけ)。消費税抜き。
110eb8a49587472c,JP,material,生コンクリート・モルタル,生コンクリート,４０－８－２５（２０） [単位水量175以下W/C55以下],m3,bureau_area,21,岐阜県,岐阜 冠山峠地区その２,,,35900,JPY,design_unit_price_ex_tax,published_pdl,,,2025-07,2025-07-01,kkr-zairyo-r7-07,18,https://www.kkr.mlit.go.jp/plan/jigyousya/technical_information/gijutsukanri/qgl8vl0000004zj9-att/2025_07tanka.pdf,PDL1.0,112927640be2,近畿地整が独自調査で設定した単価(物価資料に載っていない地区・規格だけ)。消費税抜き。
3aa6f174d7ace09a,JP,material,生コンクリート・モルタル,生コンクリート,１８－５－４０ [単位水量165以下W/C60以下],m3,bureau_area,24,三重県,三重 奥瀞地区,,,33900,JPY,design_unit_price_ex_tax,published_pdl,,,2025-07,2025-07-01,kkr-zairyo-r7-07,18,https://www.kkr.mlit.go.jp/plan/jigyousya/technical_information/gijutsukanri/qgl8vl0000004zj9-att/2025_07tanka.pdf,PDL1.0,f12f38c0ab30,近畿地整が独自調査で設定した単価(物価資料に載っていない地区・規格だけ)。消費税抜き。
7840c00f886df44f,JP,material,生コンクリート・モルタル,生コンクリート,１８－５－４０ [単位水量165以下W/C60以下],m3,bureau_area,21,岐阜県,岐阜 冠山峠地区その２,,,33400,JPY,design_unit_price_ex_tax,published_pdl,,,2025-07,2025-07-01,kkr-zairyo-r7-07,18,https://www.kkr.mlit.go.jp/plan/jigyousya/technical_information/gijutsukanri/qgl8vl0000004zj9-att/2025_07tanka.pdf,PDL1.0,f12f38c0ab30,近畿地整が独自調査で設定した単価(物価資料に載っていない地区・規格だけ)。消費税抜き。
6398ac7292d19d89,JP,material,生コンクリート・モルタル,生コンクリート,１８－８－４０ [単位水量165以下W/C60以下],m3,bureau_area,24,三重県,三重 奥瀞地区,,,33900,JPY,design_unit_price_ex_tax,published_pdl,,,2025-07,2025-07-01,kkr-zairyo-r7-07,18,https://www.kkr.mlit.go.jp/plan/jigyousya/technical_information/gijutsukanri/qgl8vl0000004zj9-att/2025_07tanka.pdf,PDL1.0,a127d57ee7b5,近畿地整が独自調査で設定した単価(物価資料に載っていない地区・規格だけ)。消費税抜き。
e3e3fb0723d064ff,JP,material,生コンクリート・モルタル,生コンクリート,１８－８－４０ [単位水量165以下W/C60以下],m3,bureau_area,21,岐阜県,岐阜 冠山峠地区その２,,,33400,JPY,design_unit_price_ex_tax,published_pdl,,,2025-07,2025-07-01,kkr-zairyo-r7-07,18,https://www.kkr.mlit.go.jp/plan/jigyousya/technical_information/gijutsukanri/qgl8vl0000004zj9-att/2025_07tanka.pdf,PDL1.0,a127d57ee7b5,近畿地整が独自調査で設定した単価(物価資料に載っていない地区・規格だけ)。消費税抜き。
43ad0d323740010e,JP,material,生コンクリート・モルタル,生コンクリート,１８－８－４０ Ｃ＝２３０以上 [単位水量165以下W/C60以下],m3,bureau_area,24,三重県,三重 奥瀞地区,,,33900,JPY,design_unit_price_ex_tax,published_pdl,,,2025-07,2025-07-01,kkr-zairyo-r7-07,18,https://www.kkr.mlit.go.jp/plan/jigyousya/technical_information/gijutsukanri/qgl8vl0000004zj9-att/2025_07tanka.pdf,PDL1.0,,近畿地整が独自調査で設定した単価(物価資料に載っていない地区・規格だけ)。消費税抜き。
778b5d8769dfb076,JP,material,生コンクリート・モルタル,生コンクリート,１８－８－４０ Ｃ＝２３０以上 [単位水量165以下W/C60以下],m3,bureau_area,21,岐阜県,岐阜 冠山峠地区その２,,,33400,JPY,design_unit_price_ex_tax,published_pdl,,,2025-07,2025-07-01,kkr-zairyo-r7-07,18,https://www.kkr.mlit.go.jp/plan/jigyousya/technical_information/gijutsukanri/qgl8vl0000004zj9-att/2025_07tanka.pdf,PDL1.0,,近畿地整が独自調査で設定した単価(物価資料に載っていない地区・規格だけ)。消費税抜き。
0cbf78c700f01a53,JP,material,生コンクリート・モルタル,生コンクリート,１８－１２－４０ [単位水量165以下W/C60以下],m3,bureau_area,24,三重県,三重 奥瀞地区,,,33900,JPY,design_unit_price_ex_tax,published_pdl,,,2025-07,2025-07-01,kkr-zairyo-r7-07,18,https://www.kkr.mlit.go.jp/plan/jigyousya/technical_information/gijutsukanri/qgl8vl0000004zj9-att/2025_07tanka.pdf,PDL1.0,a0a2b7e37a63,近畿地整が独自調査で設定した単価(物価資料に載っていない地区・規格だけ)。消費税抜き。
7ff9ae944392aba4,JP,material,生コンクリート・モルタル,生コンクリート,１８－１２－４０ [単位水量165以下W/C60以下],m3,bureau_area,21,岐阜県,岐阜 冠山峠地区その２,,,33400,JPY,design_unit_price_ex_tax,published_pdl,,,2025-07,2025-07-01,kkr-zairyo-r7-07,18,https://www.kkr.mlit.go.jp/plan/jigyousya/technical_information/gijutsukanri/qgl8vl0000004zj9-att/2025_07tanka.pdf,PDL1.0,a0a2b7e37a63,近畿地整が独自調査で設定した単価(物価資料に載っていない地区・規格だけ)。消費税抜き。
4c73f889b7d15afe,JP,material,生コンクリート・モルタル,生コンクリート,１８－１２－４０ Ｃ＝２７０ [単位水量165以下W/C60以下],m3,bureau_area,24,三重県,三重 奥瀞地区,,,33900,JPY,design_unit_price_ex_tax,published_pdl,,,2025-07,2025-07-01,kkr-zairyo-r7-07,18,https://www.kkr.mlit.go.jp/plan/jigyousya/technical_information/gijutsukanri/qgl8vl0000004zj9-att/2025_07tanka.pdf,PDL1.0,,近畿地整が独自調査で設定した単価(物価資料に載っていない地区・規格だけ)。消費税抜き。
ad1cc47992fd406c,JP,material,生コンクリート・モルタル,生コンクリート,１８－１２－４０ Ｃ＝２７０ [単位水量165以下W/C60以下],m3,bureau_area,21,岐阜県,岐阜 冠山峠地区その２,,,33400,JPY,design_unit_price_ex_tax,published_pdl,,,2025-07,2025-07-01,kkr-zairyo-r7-07,18,https://www.kkr.mlit.go.jp/plan/jigyousya/technical_information/gijutsukanri/qgl8vl0000004zj9-att/2025_07tanka.pdf,PDL1.0,,近畿地整が独自調査で設定した単価(物価資料に載っていない地区・規格だけ)。消費税抜き。
b16a811eda97869f,JP,material,生コンクリート・モルタル,生コンクリート,２１－５－４０ [単位水量165以下W/C60以下],m3,bureau_area,24,三重県,三重 奥瀞地区,,,34900,JPY,design_unit_price_ex_tax,published_pdl,,,2025-07,2025-07-01,kkr-zairyo-r7-07,18,https://www.kkr.mlit.go.jp/plan/jigyousya/technical_information/gijutsukanri/qgl8vl0000004zj9-att/2025_07tanka.pdf,PDL1.0,d935f5461a1f,近畿地整が独自調査で設定した単価(物価資料に載っていない地区・規格だけ)。消費税抜き。
3a5669afb41e196c,JP,material,生コンクリート・モルタル,生コンクリート,２１－５－４０ [単位水量165以下W/C60以下],m3,bureau_area,21,岐阜県,岐阜 冠山峠地区その２,,,33400,JPY,design_unit_price_ex_tax,published_pdl,,,2025-07,2025-07-01,kkr-zairyo-r7-07,18,https://www.kkr.mlit.go.jp/plan/jigyousya/technical_information/gijutsukanri/qgl8vl0000004zj9-att/2025_07tanka.pdf,PDL1.0,d935f5461a1f,近畿地整が独自調査で設定した単価(物価資料に載っていない地区・規格だけ)。消費税抜き。
06728669b9a73df6,JP,material,生コンクリート・モルタル,生コンクリート,２１－８－４０ [単位水量165以下W/C60以下],m3,bureau_area,24,三重県,三重 奥瀞地区,,,34900,JPY,design_unit_price_ex_tax,published_pdl,,,2025-07,2025-07-01,kkr-zairyo-r7-07,18,https://www.kkr.mlit.go.jp/plan/jigyousya/technical_information/gijutsukanri/qgl8vl0000004zj9-att/2025_07tanka.pdf,PDL1.0,4437d43ce7c4,近畿地整が独自調査で設定した単価(物価資料に載っていない地区・規格だけ)。消費税抜き。
0911df590c0c818c,JP,material,生コンクリート・モルタル,生コンクリート,２１－８－４０ [単位水量165以下W/C60以下],m3,bureau_area,21,岐阜県,岐阜 冠山峠地区その２,,,33400,JPY,design_unit_price_ex_tax,published_pdl,,,2025-07,2025-07-01,kkr-zairyo-r7-07,18,https://www.kkr.mlit.go.jp/plan/jigyousya/technical_information/gijutsukanri/qgl8vl0000004zj9-att/2025_07tanka.pdf,PDL1.0,4437d43ce7c4,近畿地整が独自調査で設定した単価(物価資料に載っていない地区・規格だけ)。消費税抜き。
4e222a2f6a028fec,JP,material,生コンクリート・モルタル,生コンクリート,２１－１２－４０ [単位水量165以下W/C60以下],m3,bureau_area,24,三重県,三重 奥瀞地区,,,33900,JPY,design_unit_price_ex_tax,published_pdl,,,2025-07,2025-07-01,kkr-zairyo-r7-07,18,https://www.kkr.mlit.go.jp/plan/jigyousya/technical_information/gijutsukanri/qgl8vl0000004zj9-att/2025_07tanka.pdf,PDL1.0,8665bf049656,近畿地整が独自調査で設定した単価(物価資料に載っていない地区・規格だけ)。消費税抜き。
7bff9ebfeffd4b72,JP,material,生コンクリート・モルタル,生コンクリート,２１－１２－４０ [単位水量165以下W/C60以下],m3,bureau_area,21,岐阜県,岐阜 冠山峠地区その２,,,33400,JPY,design_unit_price_ex_tax,published_pdl,,,2025-07,2025-07-01,kkr-zairyo-r7-07,18,https://www.kkr.mlit.go.jp/plan/jigyousya/technical_information/gijutsukanri/qgl8vl0000004zj9-att/2025_07tanka.pdf,PDL1.0,8665bf049656,近畿地整が独自調査で設定した単価(物価資料に載っていない地区・規格だけ)。消費税抜き。
d97eb2aaff3df786,JP,material,生コンクリート・モルタル,生コンクリート,２４－８－４０ [単位水量165以下W/C55以下],m3,bureau_area,18,福井県,福井 池田町他,,,17500,JPY,design_unit_price_ex_tax,published_pdl,,,2025-07,2025-07-01,kkr-zairyo-r7-07,20,https://www.kkr.mlit.go.jp/plan/jigyousya/technical_information/gijutsukanri/qgl8vl0000004zj9-att/2025_07tanka.pdf,PDL1.0,764185d9dd01,近畿地整が独自調査で設定した単価(物価資料に載っていない地区・規格だけ)。消費税抜き。
0d57be522ebd2d25,JP,material,生コンクリート・モルタル,生コンクリート,２４－８－４０ [単位水量165以下W/C55以下],m3,bureau_area,18,福井県,福井 大野市 / 旧和泉村,,,23300,JPY,design_unit_price_ex_tax,published_pdl,,,2025-07,2025-07-01,kkr-zairyo-r7-07,20,https://www.kkr.mlit.go.jp/plan/jigyousya/technical_information/gijutsukanri/qgl8vl0000004zj9-att/2025_07tanka.pdf,PDL1.0,764185d9dd01,近畿地整が独自調査で設定した単価(物価資料に載っていない地区・規格だけ)。消費税抜き。
6a8f4a189ae86b38,JP,material,生コンクリート・モルタル,生コンクリート,２４－８－４０ [単位水量165以下W/C55以下],m3,bureau_area,18,福井県,福井 冠山峠地区,,,25100,JPY,design_unit_price_ex_tax,published_pdl,,,2025-07,2025-07-01,kkr-zairyo-r7-07,20,https://www.kkr.mlit.go.jp/plan/jigyousya/technical_information/gijutsukanri/qgl8vl0000004zj9-att/2025_07tanka.pdf,PDL1.0,764185d9dd01,近畿地整が独自調査で設定した単価(物価資料に載っていない地区・規格だけ)。消費税抜き。
485251b5bde374b9,JP,material,生コンクリート・モルタル,生コンクリート,２４－１２－４０ [単位水量165以下W/C55以下],m3,bureau_area,18,福井県,福井 池田町他,,,17700,JPY,design_unit_price_ex_tax,published_pdl,,,2025-07,2025-07-01,kkr-zairyo-r7-07,20,https://www.kkr.mlit.go.jp/plan/jigyousya/technical_information/gijutsukanri/qgl8vl0000004zj9-att/2025_07tanka.pdf,PDL1.0,1e253097cdd9,近畿地整が独自調査で設定した単価(物価資料に載っていない地区・規格だけ)。消費税抜き。
f494a1f494a0db7c,JP,material,生コンクリート・モルタル,生コンクリート,２４－１２－４０ [単位水量165以下W/C55以下],m3,bureau_area,18,福井県,福井 大野市 / 旧和泉村,,,23500,JPY,design_unit_price_ex_tax,published_pdl,,,2025-07,2025-07-01,kkr-zairyo-r7-07,20,https://www.kkr.mlit.go.jp/plan/jigyousya/technical_information/gijutsukanri/qgl8vl0000004zj9-att/2025_07tanka.pdf,PDL1.0,1e253097cdd9,近畿地整が独自調査で設定した単価(物価資料に載っていない地区・規格だけ)。消費税抜き。
cc6fa87efd651ebe,JP,material,生コンクリート・モルタル,生コンクリート,２４－１２－４０ [単位水量165以下W/C55以下],m3,bureau_area,18,福井県,福井 冠山峠地区,,,25300,JPY,design_unit_price_ex_tax,published_pdl,,,2025-07,2025-07-01,kkr-zairyo-r7-07,20,https://www.kkr.mlit.go.jp/plan/jigyousya/technical_information/gijutsukanri/qgl8vl0000004zj9-att/2025_07tanka.pdf,PDL1.0,1e253097cdd9,近畿地整が独自調査で設定した単価(物価資料に載っていない地区・規格だけ)。消費税抜き。
1b7c8b210ba5460d,JP,material,生コンクリート・モルタル,生コンクリート,２７－５－４０ [単位水量165以下W/C55以下],m3,bureau_area,18,福井県,福井 池田町他,,,17500,JPY,design_unit_price_ex_tax,published_pdl,,,2025-07,2025-07-01,kkr-zairyo-r7-07,20,https://www.kkr.mlit.go.jp/plan/jigyousya/technical_information/gijutsukanri/qgl8vl0000004zj9-att/2025_07tanka.pdf,PDL1.0,f4e44eb1f70d,近畿地整が独自調査で設定した単価(物価資料に載っていない地区・規格だけ)。消費税抜き。
f19daacf8d4f3198,JP,material,生コンクリート・モルタル,生コンクリート,２７－５－４０ [単位水量165以下W/C55以下],m3,bureau_area,18,福井県,福井 大野市 / 旧和泉村,,,23300,JPY,design_unit_price_ex_tax,published_pdl,,,2025-07,2025-07-01,kkr-zairyo-r7-07,20,https://www.kkr.mlit.go.jp/plan/jigyousya/technical_information/gijutsukanri/qgl8vl0000004zj9-att/2025_07tanka.pdf,PDL1.0,f4e44eb1f70d,近畿地整が独自調査で設定した単価(物価資料に載っていない地区・規格だけ)。消費税抜き。
248d9bbee1022be9,JP,material,生コンクリート・モルタル,生コンクリート,２７－５－４０ [単位水量165以下W/C55以下],m3,bureau_area,18,福井県,福井 冠山峠地区,,,25100,JPY,design_unit_price_ex_tax,published_pdl,,,2025-07,2025-07-01,kkr-zairyo-r7-07,20,https://www.kkr.mlit.go.jp/plan/jigyousya/technical_information/gijutsukanri/qgl8vl0000004zj9-att/2025_07tanka.pdf,PDL1.0,f4e44eb1f70d,近畿地整が独自調査で設定した単価(物価資料に載っていない地区・規格だけ)。消費税抜き。
65de1df8bb9770be,JP,material,生コンクリート・モルタル,生コンクリート,曲げ ４．５－２．５－４０ [単位水量165以下W/C60以下],m3,bureau_area,18,福井県,福井 池田町他,,,19000,JPY,design_unit_price_ex_tax,published_pdl,,,2025-07,2025-07-01,kkr-zairyo-r7-07,20,https://www.kkr.mlit.go.jp/plan/jigyousya/technical_information/gijutsukanri/qgl8vl0000004zj9-att/2025_07tanka.pdf,PDL1.0,ca3ac6c8fc60,近畿地整が独自調査で設定した単価(物価資料に載っていない地区・規格だけ)。消費税抜き。
55c886b685649c42,JP,material,生コンクリート・モルタル,生コンクリート,曲げ ４．５－２．５－４０ [単位水量165以下W/C60以下],m3,bureau_area,18,福井県,福井 大野市 / 旧和泉村,,,24800,JPY,design_unit_price_ex_tax,published_pdl,,,2025-07,2025-07-01,kkr-zairyo-r7-07,20,https://www.kkr.mlit.go.jp/plan/jigyousya/technical_information/gijutsukanri/qgl8vl0000004zj9-att/2025_07tanka.pdf,PDL1.0,ca3ac6c8fc60,近畿地整が独自調査で設定した単価(物価資料に載っていない地区・規格だけ)。消費税抜き。
3dd38132d427245d,JP,material,生コンクリート・モルタル,生コンクリート,曲げ ４．５－２．５－４０ [単位水量165以下W/C60以下],m3,bureau_area,18,福井県,福井 冠山峠地区,,,26600,JPY,design_unit_price_ex_tax,published_pdl,,,2025-07,2025-07-01,kkr-zairyo-r7-07,20,https://www.kkr.mlit.go.jp/plan/jigyousya/technical_information/gijutsukanri/qgl8vl0000004zj9-att/2025_07tanka.pdf,PDL1.0,ca3ac6c8fc60,近畿地整が独自調査で設定した単価(物価資料に載っていない地区・規格だけ)。消費税抜き。
9d93b771c510854d,JP,material,生コンクリート・モルタル,生コンクリート,１８－１５－４０ Ｃ＝２７０以上 [単位水量165以下W/C60以下],m3,bureau_area,18,福井県,福井 池田町他,,,17700,JPY,design_unit_price_ex_tax,published_pdl,,,2025-07,2025-07-01,kkr-zairyo-r7-07,20,https://www.kkr.mlit.go.jp/plan/jigyousya/technical_information/gijutsukanri/qgl8vl0000004zj9-att/2025_07tanka.pdf,PDL1.0,7fd4147f10b6,近畿地整が独自調査で設定した単価(物価資料に載っていない地区・規格だけ)。消費税抜き。
a325c810923fb6f1,JP,material,生コンクリート・モルタル,生コンクリート,１８－１５－４０ Ｃ＝２７０以上 [単位水量165以下W/C60以下],m3,bureau_area,18,福井県,福井 冠山峠地区,,,25300,JPY,design_unit_price_ex_tax,published_pdl,,,2025-07,2025-07-01,kkr-zairyo-r7-07,20,https://www.kkr.mlit.go.jp/plan/jigyousya/technical_information/gijutsukanri/qgl8vl0000004zj9-att/2025_07tanka.pdf,PDL1.0,7fd4147f10b6,近畿地整が独自調査で設定した単価(物価資料に載っていない地区・規格だけ)。消費税抜き。
f833656a45596923,JP,material,生コンクリート・モルタル,生コンクリート,２４－１２－２５（２０） Ｃ＝３００以上 [単位水量175以下W/C55以下],m3,bureau_area,18,福井県,福井 池田町他,,,17700,JPY,design_unit_price_ex_tax,published_pdl,,,2025-07,2025-07-01,kkr-zairyo-r7-07,20,https://www.kkr.mlit.go.jp/plan/jigyousya/technical_information/gijutsukanri/qgl8vl0000004zj9-att/2025_07tanka.pdf,PDL1.0,,近畿地整が独自調査で設定した単価(物価資料に載っていない地区・規格だけ)。消費税抜き。
805991f07e67f077,JP,material,生コンクリート・モルタル,生コンクリート,２４－１２－２５（２０） Ｃ＝３００以上 [単位水量175以下W/C55以下],m3,bureau_area,18,福井県,福井 大野市 / 旧和泉村,,,23500,JPY,design_unit_price_ex_tax,published_pdl,,,2025-07,2025-07-01,kkr-zairyo-r7-07,20,https://www.kkr.mlit.go.jp/plan/jigyousya/technical_information/gijutsukanri/qgl8vl0000004zj9-att/2025_07tanka.pdf,PDL1.0,,近畿地整が独自調査で設定した単価(物価資料に載っていない地区・規格だけ)。消費税抜き。
ab6cbd90abb181dc,JP,material,生コンクリート・モルタル,生コンクリート,２４－１２－２５（２０） Ｃ＝３００以上 [単位水量175以下W/C55以下],m3,bureau_area,18,福井県,福井 冠山峠地区,,,25300,JPY,design_unit_price_ex_tax,published_pdl,,,2025-07,2025-07-01,kkr-zairyo-r7-07,20,https://www.kkr.mlit.go.jp/plan/jigyousya/technical_information/gijutsukanri/qgl8vl0000004zj9-att/2025_07tanka.pdf,PDL1.0,,近畿地整が独自調査で設定した単価(物価資料に載っていない地区・規格だけ)。消費税抜き。
27ab932d00a158e7,JP,material,生コンクリート・モルタル,生コンクリート,３６－１２－２５（２０） [単位水量175以下W/C55以下],m3,bureau_area,18,福井県,福井 池田町他,,,18700,JPY,design_unit_price_ex_tax,published_pdl,,,2025-07,2025-07-01,kkr-zairyo-r7-07,20,https://www.kkr.mlit.go.jp/plan/jigyousya/technical_information/gijutsukanri/qgl8vl0000004zj9-att/2025_07tanka.pdf,PDL1.0,,近畿地整が独自調査で設定した単価(物価資料に載っていない地区・規格だけ)。消費税抜き。
271ebff5b608a0bf,JP,material,生コンクリート・モルタル,生コンクリート,３６－１２－２５（２０） [単位水量175以下W/C55以下],m3,bureau_area,18,福井県,福井 大野市 / 旧和泉村,,,24500,JPY,design_unit_price_ex_tax,published_pdl,,,2025-07,2025-07-01,kkr-zairyo-r7-07,20,https://www.kkr.mlit.go.jp/plan/jigyousya/technical_information/gijutsukanri/qgl8vl0000004zj9-att/2025_07tanka.pdf,PDL1.0,,近畿地整が独自調査で設定した単価(物価資料に載っていない地区・規格だけ)。消費税抜き。
e0b76b3456c3ec50,JP,material,生コンクリート・モルタル,生コンクリート,３６－１２－２５（２０） [単位水量175以下W/C55以下],m3,bureau_area,18,福井県,福井 冠山峠地区,,,26300,JPY,design_unit_price_ex_tax,published_pdl,,,2025-07,2025-07-01,kkr-zairyo-r7-07,20,https://www.kkr.mlit.go.jp/plan/jigyousya/technical_information/gijutsukanri/qgl8vl0000004zj9-att/2025_07tanka.pdf,PDL1.0,,近畿地整が独自調査で設定した単価(物価資料に載っていない地区・規格だけ)。消費税抜き。
f0ca4aec8070da58,JP,material,生コンクリート・モルタル,生コンクリート,４０－１２－２５（２０） [単位水量175以下W/C55以下],m3,bureau_area,18,福井県,福井 池田町他,,,21200,JPY,design_unit_price_ex_tax,published_pdl,,,2025-07,2025-07-01,kkr-zairyo-r7-07,20,https://www.kkr.mlit.go.jp/plan/jigyousya/technical_information/gijutsukanri/qgl8vl0000004zj9-att/2025_07tanka.pdf,PDL1.0,,近畿地整が独自調査で設定した単価(物価資料に載っていない地区・規格だけ)。消費税抜き。
67b3689e90054dab,JP,material,生コンクリート・モルタル,生コンクリート,４０－１２－２５（２０） [単位水量175以下W/C55以下],m3,bureau_area,18,福井県,福井 冠山峠地区,,,28800,JPY,design_unit_price_ex_tax,published_pdl,,,2025-07,2025-07-01,kkr-zairyo-r7-07,20,https://www.kkr.mlit.go.jp/plan/jigyousya/technical_information/gijutsukanri/qgl8vl0000004zj9-att/2025_07tanka.pdf,PDL1.0,,近畿地整が独自調査で設定した単価(物価資料に載っていない地区・規格だけ)。消費税抜き。
b4fb5627a0301e95,JP,material,生コンクリート・モルタル,生コンクリート,高炉 １８－８－２５（２０） [単位水量175以下W/C60以下],m3,bureau_area,18,福井県,福井 池田町他,,,17100,JPY,design_unit_price_ex_tax,published_pdl,,,2025-07,2025-07-01,kkr-zairyo-r7-07,20,https://www.kkr.mlit.go.jp/plan/jigyousya/technical_information/gijutsukanri/qgl8vl0000004zj9-att/2025_07tanka.pdf,PDL1.0,7972baecc47d,近畿地整が独自調査で設定した単価(物価資料に載っていない地区・規格だけ)。消費税抜き。
3a32cda9092c21cc,JP,material,生コンクリート・モルタル,生コンクリート,高炉 １８－８－２５（２０） [単位水量175以下W/C60以下],m3,bureau_area,18,福井県,福井 大野市 / 旧和泉村,,,22900,JPY,design_unit_price_ex_tax,published_pdl,,,2025-07,2025-07-01,kkr-zairyo-r7-07,20,https://www.kkr.mlit.go.jp/plan/jigyousya/technical_information/gijutsukanri/qgl8vl0000004zj9-att/2025_07tanka.pdf,PDL1.0,7972baecc47d,近畿地整が独自調査で設定した単価(物価資料に載っていない地区・規格だけ)。消費税抜き。
8f4df887e70666ce,JP,material,生コンクリート・モルタル,生コンクリート,高炉 １８－８－２５（２０） [単位水量175以下W/C60以下],m3,bureau_area,18,福井県,福井 冠山峠地区,,,24700,JPY,design_unit_price_ex_tax,published_pdl,,,2025-07,2025-07-01,kkr-zairyo-r7-07,20,https://www.kkr.mlit.go.jp/plan/jigyousya/technical_information/gijutsukanri/qgl8vl0000004zj9-att/2025_07tanka.pdf,PDL1.0,7972baecc47d,近畿地整が独自調査で設定した単価(物価資料に載っていない地区・規格だけ)。消費税抜き。
0db2b754d21fb09e,JP,material,生コンクリート・モルタル,生コンクリート,高炉 ２１－８－２５（２０） [単位水量175以下W/C60以下],m3,bureau_area,18,福井県,福井 池田町他,,,17100,JPY,design_unit_price_ex_tax,published_pdl,,,2025-07,2025-07-01,kkr-zairyo-r7-07,20,https://www.kkr.mlit.go.jp/plan/jigyousya/technical_information/gijutsukanri/qgl8vl0000004zj9-att/2025_07tanka.pdf,PDL1.0,2fd4d099032e,近畿地整が独自調査で設定した単価(物価資料に載っていない地区・規格だけ)。消費税抜き。
9d6401dbba5e75e6,JP,material,生コンクリート・モルタル,生コンクリート,高炉 ２１－８－２５（２０） [単位水量175以下W/C60以下],m3,bureau_area,18,福井県,福井 大野市 / 旧和泉村,,,22900,JPY,design_unit_price_ex_tax,published_pdl,,,2025-07,2025-07-01,kkr-zairyo-r7-07,20,https://www.kkr.mlit.go.jp/plan/jigyousya/technical_information/gijutsukanri/qgl8vl0000004zj9-att/2025_07tanka.pdf,PDL1.0,2fd4d099032e,近畿地整が独自調査で設定した単価(物価資料に載っていない地区・規格だけ)。消費税抜き。
5abc9d9c3c852097,JP,material,生コンクリート・モルタル,生コンクリート,高炉 ２１－８－２５（２０） [単位水量175以下W/C60以下],m3,bureau_area,18,福井県,福井 冠山峠地区,,,24700,JPY,design_unit_price_ex_tax,published_pdl,,,2025-07,2025-07-01,kkr-zairyo-r7-07,20,https://www.kkr.mlit.go.jp/plan/jigyousya/technical_information/gijutsukanri/qgl8vl0000004zj9-att/2025_07tanka.pdf,PDL1.0,2fd4d099032e,近畿地整が独自調査で設定した単価(物価資料に載っていない地区・規格だけ)。消費税抜き。
04188b8874f1ccd4,JP,material,生コンクリート・モルタル,生コンクリート,高炉 ２４－８－２５（２０） [単位水量175以下W/C55以下],m3,bureau_area,18,福井県,福井 池田町他,,,17400,JPY,design_unit_price_ex_tax,published_pdl,,,2025-07,2025-07-01,kkr-zairyo-r7-07,20,https://www.kkr.mlit.go.jp/plan/jigyousya/technical_information/gijutsukanri/qgl8vl0000004zj9-att/2025_07tanka.pdf,PDL1.0,88d74c4ebd29,近畿地整が独自調査で設定した単価(物価資料に載っていない地区・規格だけ)。消費税抜き。
7bd19dc73d2f8f7a,JP,material,生コンクリート・モルタル,生コンクリート,高炉 ２４－８－２５（２０） [単位水量175以下W/C55以下],m3,bureau_area,18,福井県,福井 大野市 / 旧和泉村,,,23200,JPY,design_unit_price_ex_tax,published_pdl,,,2025-07,2025-07-01,kkr-zairyo-r7-07,20,https://www.kkr.mlit.go.jp/plan/jigyousya/technical_information/gijutsukanri/qgl8vl0000004zj9-att/2025_07tanka.pdf,PDL1.0,88d74c4ebd29,近畿地整が独自調査で設定した単価(物価資料に載っていない地区・規格だけ)。消費税抜き。
10716ad0f9e0ee86,JP,material,生コンクリート・モルタル,生コンクリート,高炉 ２４－８－２５（２０） [単位水量175以下W/C55以下],m3,bureau_area,18,福井県,福井 冠山峠地区,,,25000,JPY,design_unit_price_ex_tax,published_pdl,,,2025-07,2025-07-01,kkr-zairyo-r7-07,20,https://www.kkr.mlit.go.jp/plan/jigyousya/technical_information/gijutsukanri/qgl8vl0000004zj9-att/2025_07tanka.pdf,PDL1.0,88d74c4ebd29,近畿地整が独自調査で設定した単価(物価資料に載っていない地区・規格だけ)。消費税抜き。
e72277602e53dd05,JP,material,生コンクリート・モルタル,生コンクリート,高炉 ２４－１２－２５（２０） [単位水量175以下W/C55以下],m3,bureau_area,18,福井県,福井 池田町他,,,17600,JPY,design_unit_price_ex_tax,published_pdl,,,2025-07,2025-07-01,kkr-zairyo-r7-07,20,https://www.kkr.mlit.go.jp/plan/jigyousya/technical_information/gijutsukanri/qgl8vl0000004zj9-att/2025_07tanka.pdf,PDL1.0,2449347fc81a,近畿地整が独自調査で設定した単価(物価資料に載っていない地区・規格だけ)。消費税抜き。
becdf34fc1b90c1d,JP,material,生コンクリート・モルタル,生コンクリート,高炉 ２４－１２－２５（２０） [単位水量175以下W/C55以下],m3,bureau_area,18,福井県,福井 大野市 / 旧和泉村,,,23400,JPY,design_unit_price_ex_tax,published_pdl,,,2025-07,2025-07-01,kkr-zairyo-r7-07,20,https://www.kkr.mlit.go.jp/plan/jigyousya/technical_information/gijutsukanri/qgl8vl0000004zj9-att/2025_07tanka.pdf,PDL1.0,2449347fc81a,近畿地整が独自調査で設定した単価(物価資料に載っていない地区・規格だけ)。消費税抜き。
61315f18a74f5d49,JP,material,生コンクリート・モルタル,生コンクリート,高炉 ２４－１２－２５（２０） [単位水量175以下W/C55以下],m3,bureau_area,18,福井県,福井 冠山峠地区,,,25200,JPY,design_unit_price_ex_tax,published_pdl,,,2025-07,2025-07-01,kkr-zairyo-r7-07,20,https://www.kkr.mlit.go.jp/plan/jigyousya/technical_information/gijutsukanri/qgl8vl0000004zj9-att/2025_07tanka.pdf,PDL1.0,2449347fc81a,近畿地整が独自調査で設定した単価(物価資料に載っていない地区・規格だけ)。消費税抜き。
423d759b1115ebc1,JP,material,生コンクリート・モルタル,生コンクリート,高炉 １８－５－４０ [単位水量165以下W/C60以下],m3,bureau_area,18,福井県,福井 池田町他,,,17100,JPY,design_unit_price_ex_tax,published_pdl,,,2025-07,2025-07-01,kkr-zairyo-r7-07,20,https://www.kkr.mlit.go.jp/plan/jigyousya/technical_information/gijutsukanri/qgl8vl0000004zj9-att/2025_07tanka.pdf,PDL1.0,1e6b6820cfe1,近畿地整が独自調査で設定した単価(物価資料に載っていない地区・規格だけ)。消費税抜き。
f559ada3e12b557f,JP,material,生コンクリート・モルタル,生コンクリート,高炉 １８－５－４０ [単位水量165以下W/C60以下],m3,bureau_area,18,福井県,福井 大野市 / 旧和泉村,,,22900,JPY,design_unit_price_ex_tax,published_pdl,,,2025-07,2025-07-01,kkr-zairyo-r7-07,20,https://www.kkr.mlit.go.jp/plan/jigyousya/technical_information/gijutsukanri/qgl8vl0000004zj9-att/2025_07tanka.pdf,PDL1.0,1e6b6820cfe1,近畿地整が独自調査で設定した単価(物価資料に載っていない地区・規格だけ)。消費税抜き。
206a8379fbd6c39b,JP,material,生コンクリート・モルタル,生コンクリート,高炉 １８－５－４０ [単位水量165以下W/C60以下],m3,bureau_area,18,福井県,福井 冠山峠地区,,,24700,JPY,design_unit_price_ex_tax,published_pdl,,,2025-07,2025-07-01,kkr-zairyo-r7-07,20,https://www.kkr.mlit.go.jp/plan/jigyousya/technical_information/gijutsukanri/qgl8vl0000004zj9-att/2025_07tanka.pdf,PDL1.0,1e6b6820cfe1,近畿地整が独自調査で設定した単価(物価資料に載っていない地区・規格だけ)。消費税抜き。
e9e4bf5512f05f2e,JP,material,生コンクリート・モルタル,生コンクリート,高炉 １８－８－４０ [単位水量165以下W/C60以下],m3,bureau_area,18,福井県,福井 池田町他,,,17100,JPY,design_unit_price_ex_tax,published_pdl,,,2025-07,2025-07-01,kkr-zairyo-r7-07,20,https://www.kkr.mlit.go.jp/plan/jigyousya/technical_information/gijutsukanri/qgl8vl0000004zj9-att/2025_07tanka.pdf,PDL1.0,6bed2bb1426c,近畿地整が独自調査で設定した単価(物価資料に載っていない地区・規格だけ)。消費税抜き。
95d49ac7ac44dc50,JP,material,生コンクリート・モルタル,生コンクリート,高炉 １８－８－４０ [単位水量165以下W/C60以下],m3,bureau_area,18,福井県,福井 大野市 / 旧和泉村,,,22900,JPY,design_unit_price_ex_tax,published_pdl,,,2025-07,2025-07-01,kkr-zairyo-r7-07,20,https://www.kkr.mlit.go.jp/plan/jigyousya/technical_information/gijutsukanri/qgl8vl0000004zj9-att/2025_07tanka.pdf,PDL1.0,6bed2bb1426c,近畿地整が独自調査で設定した単価(物価資料に載っていない地区・規格だけ)。消費税抜き。
678b8c752c398908,JP,material,生コンクリート・モルタル,生コンクリート,高炉 １８－８－４０ [単位水量165以下W/C60以下],m3,bureau_area,18,福井県,福井 冠山峠地区,,,24700,JPY,design_unit_price_ex_tax,published_pdl,,,2025-07,2025-07-01,kkr-zairyo-r7-07,20,https://www.kkr.mlit.go.jp/plan/jigyousya/technical_information/gijutsukanri/qgl8vl0000004zj9-att/2025_07tanka.pdf,PDL1.0,6bed2bb1426c,近畿地整が独自調査で設定した単価(物価資料に載っていない地区・規格だけ)。消費税抜き。
6617cd74e02341df,JP,material,生コンクリート・モルタル,生コンクリート,高炉 １８－８－４０ Ｃ＝２３０以上 [単位水量165以下W/C60以下],m3,bureau_area,18,福井県,福井 池田町他,,,17100,JPY,design_unit_price_ex_tax,published_pdl,,,2025-07,2025-07-01,kkr-zairyo-r7-07,20,https://www.kkr.mlit.go.jp/plan/jigyousya/technical_information/gijutsukanri/qgl8vl0000004zj9-att/2025_07tanka.pdf,PDL1.0,,近畿地整が独自調査で設定した単価(物価資料に載っていない地区・規格だけ)。消費税抜き。
287cc6c72e1f490a,JP,material,生コンクリート・モルタル,生コンクリート,高炉 １８－８－４０ Ｃ＝２３０以上 [単位水量165以下W/C60以下],m3,bureau_area,18,福井県,福井 大野市 / 旧和泉村,,,22900,JPY,design_unit_price_ex_tax,published_pdl,,,2025-07,2025-07-01,kkr-zairyo-r7-07,20,https://www.kkr.mlit.go.jp/plan/jigyousya/technical_information/gijutsukanri/qgl8vl0000004zj9-att/2025_07tanka.pdf,PDL1.0,,近畿地整が独自調査で設定した単価(物価資料に載っていない地区・規格だけ)。消費税抜き。
36acb528ab492773,JP,material,生コンクリート・モルタル,生コンクリート,高炉 １８－８－４０ Ｃ＝２３０以上 [単位水量165以下W/C60以下],m3,bureau_area,18,福井県,福井 冠山峠地区,,,24700,JPY,design_unit_price_ex_tax,published_pdl,,,2025-07,2025-07-01,kkr-zairyo-r7-07,20,https://www.kkr.mlit.go.jp/plan/jigyousya/technical_information/gijutsukanri/qgl8vl0000004zj9-att/2025_07tanka.pdf,PDL1.0,,近畿地整が独自調査で設定した単価(物価資料に載っていない地区・規格だけ)。消費税抜き。
39b7356c2010265d,JP,material,生コンクリート・モルタル,生コンクリート,高炉 １８－１２－４０ Ｃ＝２７０ [単位水量165以下W/C60以下],m3,bureau_area,18,福井県,福井 池田町他,,,17600,JPY,design_unit_price_ex_tax,published_pdl,,,2025-07,2025-07-01,kkr-zairyo-r7-07,20,https://www.kkr.mlit.go.jp/plan/jigyousya/technical_information/gijutsukanri/qgl8vl0000004zj9-att/2025_07tanka.pdf,PDL1.0,,近畿地整が独自調査で設定した単価(物価資料に載っていない地区・規格だけ)。消費税抜き。
9857d1b12241c371,JP,material,生コンクリート・モルタル,生コンクリート,高炉 １８－１２－４０ Ｃ＝２７０ [単位水量165以下W/C60以下],m3,bureau_area,18,福井県,福井 大野市 / 旧和泉村,,,23100,JPY,design_unit_price_ex_tax,published_pdl,,,2025-07,2025-07-01,kkr-zairyo-r7-07,20,https://www.kkr.mlit.go.jp/plan/jigyousya/technical_information/gijutsukanri/qgl8vl0000004zj9-att/2025_07tanka.pdf,PDL1.0,,近畿地整が独自調査で設定した単価(物価資料に載っていない地区・規格だけ)。消費税抜き。
1105ef9ab46f3009,JP,material,生コンクリート・モルタル,生コンクリート,高炉 １８－１２－４０ Ｃ＝２７０ [単位水量165以下W/C60以下],m3,bureau_area,18,福井県,福井 冠山峠地区,,,25200,JPY,design_unit_price_ex_tax,published_pdl,,,2025-07,2025-07-01,kkr-zairyo-r7-07,20,https://www.kkr.mlit.go.jp/plan/jigyousya/technical_information/gijutsukanri/qgl8vl0000004zj9-att/2025_07tanka.pdf,PDL1.0,,近畿地整が独自調査で設定した単価(物価資料に載っていない地区・規格だけ)。消費税抜き。
cac487a689dc21fb,JP,material,生コンクリート・モルタル,生コンクリート,高炉 ２１－５－４０ [単位水量165以下W/C60以下],m3,bureau_area,18,福井県,福井 池田町他,,,17100,JPY,design_unit_price_ex_tax,published_pdl,,,2025-07,2025-07-01,kkr-zairyo-r7-07,20,https://www.kkr.mlit.go.jp/plan/jigyousya/technical_information/gijutsukanri/qgl8vl0000004zj9-att/2025_07tanka.pdf,PDL1.0,83539ae309ca,近畿地整が独自調査で設定した単価(物価資料に載っていない地区・規格だけ)。消費税抜き。
094e9af5b1b3b198,JP,material,生コンクリート・モルタル,生コンクリート,高炉 ２１－５－４０ [単位水量165以下W/C60以下],m3,bureau_area,18,福井県,福井 大野市 / 旧和泉村,,,22900,JPY,design_unit_price_ex_tax,published_pdl,,,2025-07,2025-07-01,kkr-zairyo-r7-07,20,https://www.kkr.mlit.go.jp/plan/jigyousya/technical_information/gijutsukanri/qgl8vl0000004zj9-att/2025_07tanka.pdf,PDL1.0,83539ae309ca,近畿地整が独自調査で設定した単価(物価資料に載っていない地区・規格だけ)。消費税抜き。
6268b3d1bc83f767,JP,material,生コンクリート・モルタル,生コンクリート,高炉 ２１－５－４０ [単位水量165以下W/C60以下],m3,bureau_area,18,福井県,福井 冠山峠地区,,,24700,JPY,design_unit_price_ex_tax,published_pdl,,,2025-07,2025-07-01,kkr-zairyo-r7-07,20,https://www.kkr.mlit.go.jp/plan/jigyousya/technical_information/gijutsukanri/qgl8vl0000004zj9-att/2025_07tanka.pdf,PDL1.0,83539ae309ca,近畿地整が独自調査で設定した単価(物価資料に載っていない地区・規格だけ)。消費税抜き。
fac140e47406597d,JP,material,生コンクリート・モルタル,生コンクリート,高炉 ２１－８－４０ [単位水量165以下W/C60以下],m3,bureau_area,18,福井県,福井 池田町他,,,17100,JPY,design_unit_price_ex_tax,published_pdl,,,2025-07,2025-07-01,kkr-zairyo-r7-07,20,https://www.kkr.mlit.go.jp/plan/jigyousya/technical_information/gijutsukanri/qgl8vl0000004zj9-att/2025_07tanka.pdf,PDL1.0,c3c017c7630d,近畿地整が独自調査で設定した単価(物価資料に載っていない地区・規格だけ)。消費税抜き。
e84aefd2f2ec8f99,JP,material,生コンクリート・モルタル,生コンクリート,高炉 ２１－８－４０ [単位水量165以下W/C60以下],m3,bureau_area,18,福井県,福井 大野市 / 旧和泉村,,,22900,JPY,design_unit_price_ex_tax,published_pdl,,,2025-07,2025-07-01,kkr-zairyo-r7-07,20,https://www.kkr.mlit.go.jp/plan/jigyousya/technical_information/gijutsukanri/qgl8vl0000004zj9-att/2025_07tanka.pdf,PDL1.0,c3c017c7630d,近畿地整が独自調査で設定した単価(物価資料に載っていない地区・規格だけ)。消費税抜き。
18e8382830a661f6,JP,material,生コンクリート・モルタル,生コンクリート,高炉 ２１－８－４０ [単位水量165以下W/C60以下],m3,bureau_area,18,福井県,福井 冠山峠地区,,,24700,JPY,design_unit_price_ex_tax,published_pdl,,,2025-07,2025-07-01,kkr-zairyo-r7-07,20,https://www.kkr.mlit.go.jp/plan/jigyousya/technical_information/gijutsukanri/qgl8vl0000004zj9-att/2025_07tanka.pdf,PDL1.0,c3c017c7630d,近畿地整が独自調査で設定した単価(物価資料に載っていない地区・規格だけ)。消費税抜き。
c07681b5cd2271d6,JP,material,生コンクリート・モルタル,生コンクリート,高炉 ２１－１２－４０ [単位水量165以下W/C60以下],m3,bureau_area,18,福井県,福井 池田町他,,,17300,JPY,design_unit_price_ex_tax,published_pdl,,,2025-07,2025-07-01,kkr-zairyo-r7-07,20,https://www.kkr.mlit.go.jp/plan/jigyousya/technical_information/gijutsukanri/qgl8vl0000004zj9-att/2025_07tanka.pdf,PDL1.0,64b47d0de931,近畿地整が独自調査で設定した単価(物価資料に載っていない地区・規格だけ)。消費税抜き。
9b263b9277232f08,JP,material,生コンクリート・モルタル,生コンクリート,高炉 ２１－１２－４０ [単位水量165以下W/C60以下],m3,bureau_area,18,福井県,福井 大野市 / 旧和泉村,,,23100,JPY,design_unit_price_ex_tax,published_pdl,,,2025-07,2025-07-01,kkr-zairyo-r7-07,20,https://www.kkr.mlit.go.jp/plan/jigyousya/technical_information/gijutsukanri/qgl8vl0000004zj9-att/2025_07tanka.pdf,PDL1.0,64b47d0de931,近畿地整が独自調査で設定した単価(物価資料に載っていない地区・規格だけ)。消費税抜き。
9c617256ab7e29ad,JP,material,生コンクリート・モルタル,生コンクリート,高炉 ２１－１２－４０ [単位水量165以下W/C60以下],m3,bureau_area,18,福井県,福井 冠山峠地区,,,24900,JPY,design_unit_price_ex_tax,published_pdl,,,2025-07,2025-07-01,kkr-zairyo-r7-07,20,https://www.kkr.mlit.go.jp/plan/jigyousya/technical_information/gijutsukanri/qgl8vl0000004zj9-att/2025_07tanka.pdf,PDL1.0,64b47d0de931,近畿地整が独自調査で設定した単価(物価資料に載っていない地区・規格だけ)。消費税抜き。
9261b27ce96e3d1b,JP,material,生コンクリート・モルタル,生コンクリート,高炉 ２４－８－４０ [単位水量165以下W/C55以下],m3,bureau_area,18,福井県,福井 池田町他,,,17400,JPY,design_unit_price_ex_tax,published_pdl,,,2025-07,2025-07-01,kkr-zairyo-r7-07,20,https://www.kkr.mlit.go.jp/plan/jigyousya/technical_information/gijutsukanri/qgl8vl0000004zj9-att/2025_07tanka.pdf,PDL1.0,fd3c9527cc1f,近畿地整が独自調査で設定した単価(物価資料に載っていない地区・規格だけ)。消費税抜き。
87b644486a9c5ac9,JP,material,生コンクリート・モルタル,生コンクリート,高炉 ２４－８－４０ [単位水量165以下W/C55以下],m3,bureau_area,18,福井県,福井 大野市 / 旧和泉村,,,23200,JPY,design_unit_price_ex_tax,published_pdl,,,2025-07,2025-07-01,kkr-zairyo-r7-07,20,https://www.kkr.mlit.go.jp/plan/jigyousya/technical_information/gijutsukanri/qgl8vl0000004zj9-att/2025_07tanka.pdf,PDL1.0,fd3c9527cc1f,近畿地整が独自調査で設定した単価(物価資料に載っていない地区・規格だけ)。消費税抜き。
2aa216c95790a7b9,JP,material,生コンクリート・モルタル,生コンクリート,高炉 ２４－８－４０ [単位水量165以下W/C55以下],m3,bureau_area,18,福井県,福井 冠山峠地区,,,25000,JPY,design_unit_price_ex_tax,published_pdl,,,2025-07,2025-07-01,kkr-zairyo-r7-07,20,https://www.kkr.mlit.go.jp/plan/jigyousya/technical_information/gijutsukanri/qgl8vl0000004zj9-att/2025_07tanka.pdf,PDL1.0,fd3c9527cc1f,近畿地整が独自調査で設定した単価(物価資料に載っていない地区・規格だけ)。消費税抜き。
f1d779482d61ed1a,JP,material,生コンクリート・モルタル,生コンクリート,高炉 ２７－５－４０ [単位水量165以下W/C55以下],m3,bureau_area,18,福井県,福井 池田町他,,,17700,JPY,design_unit_price_ex_tax,published_pdl,,,2025-07,2025-07-01,kkr-zairyo-r7-07,20,https://www.kkr.mlit.go.jp/plan/jigyousya/technical_information/gijutsukanri/qgl8vl0000004zj9-att/2025_07tanka.pdf,PDL1.0,3bcecdea58c1,近畿地整が独自調査で設定した単価(物価資料に載っていない地区・規格だけ)。消費税抜き。
62be5eff581f8a84,JP,material,生コンクリート・モルタル,生コンクリート,高炉 ２７－５－４０ [単位水量165以下W/C55以下],m3,bureau_area,18,福井県,福井 大野市 / 旧和泉村,,,23500,JPY,design_unit_price_ex_tax,published_pdl,,,2025-07,2025-07-01,kkr-zairyo-r7-07,20,https://www.kkr.mlit.go.jp/plan/jigyousya/technical_information/gijutsukanri/qgl8vl0000004zj9-att/2025_07tanka.pdf,PDL1.0,3bcecdea58c1,近畿地整が独自調査で設定した単価(物価資料に載っていない地区・規格だけ)。消費税抜き。
ccbd5013c1146e65,JP,material,生コンクリート・モルタル,生コンクリート,高炉 ２７－５－４０ [単位水量165以下W/C55以下],m3,bureau_area,18,福井県,福井 冠山峠地区,,,25300,JPY,design_unit_price_ex_tax,published_pdl,,,2025-07,2025-07-01,kkr-zairyo-r7-07,20,https://www.kkr.mlit.go.jp/plan/jigyousya/technical_information/gijutsukanri/qgl8vl0000004zj9-att/2025_07tanka.pdf,PDL1.0,3bcecdea58c1,近畿地整が独自調査で設定した単価(物価資料に載っていない地区・規格だけ)。消費税抜き。
8bc7920a2fd5160b,JP,material,生コンクリート・モルタル,生コンクリート,高炉 ３０－１５－４０ Ｃ＝３５０ [単位水量165以下W/C55以下],m3,bureau_area,18,福井県,福井 池田町他,,,19400,JPY,design_unit_price_ex_tax,published_pdl,,,2025-07,2025-07-01,kkr-zairyo-r7-07,20,https://www.kkr.mlit.go.jp/plan/jigyousya/technical_information/gijutsukanri/qgl8vl0000004zj9-att/2025_07tanka.pdf,PDL1.0,,近畿地整が独自調査で設定した単価(物価資料に載っていない地区・規格だけ)。消費税抜き。
75281ec480e14261,JP,material,生コンクリート・モルタル,生コンクリート,高炉 ３０－１５－４０ Ｃ＝３５０ [単位水量165以下W/C55以下],m3,bureau_area,18,福井県,福井 冠山峠地区,,,27000,JPY,design_unit_price_ex_tax,published_pdl,,,2025-07,2025-07-01,kkr-zairyo-r7-07,20,https://www.kkr.mlit.go.jp/plan/jigyousya/technical_information/gijutsukanri/qgl8vl0000004zj9-att/2025_07tanka.pdf,PDL1.0,,近畿地整が独自調査で設定した単価(物価資料に載っていない地区・規格だけ)。消費税抜き。
be89959d2dcf560c,JP,material,生コンクリート・モルタル,生コンクリート,高炉 曲げ ４．５－２．５－４０ [単位水量165以下W/C60以下],m3,bureau_area,18,福井県,福井 池田町他,,,19200,JPY,design_unit_price_ex_tax,published_pdl,,,2025-07,2025-07-01,kkr-zairyo-r7-07,20,https://www.kkr.mlit.go.jp/plan/jigyousya/technical_information/gijutsukanri/qgl8vl0000004zj9-att/2025_07tanka.pdf,PDL1.0,41a280e19ec4,近畿地整が独自調査で設定した単価(物価資料に載っていない地区・規格だけ)。消費税抜き。
7b6837b4d455171f,JP,material,生コンクリート・モルタル,生コンクリート,高炉 曲げ ４．５－２．５－４０ [単位水量165以下W/C60以下],m3,bureau_area,18,福井県,福井 冠山峠地区,,,26800,JPY,design_unit_price_ex_tax,published_pdl,,,2025-07,2025-07-01,kkr-zairyo-r7-07,20,https://www.kkr.mlit.go.jp/plan/jigyousya/technical_information/gijutsukanri/qgl8vl0000004zj9-att/2025_07tanka.pdf,PDL1.0,41a280e19ec4,近畿地整が独自調査で設定した単価(物価資料に載っていない地区・規格だけ)。消費税抜き。
f7fa11804800b3cb,JP,material,生コンクリート・モルタル,生コンクリート,高炉 曲げ ４．５－２．５－４０ [単位水量165以下W/C60以下],m3,bureau_area,18,福井県,福井 大野市 / 旧和泉村,,,25000,JPY,design_unit_price_ex_tax,published_pdl,,,2025-07,2025-07-01,kkr-zairyo-r7-07,20,https://www.kkr.mlit.go.jp/plan/jigyousya/technical_information/gijutsukanri/qgl8vl0000004zj9-att/2025_07tanka.pdf,PDL1.0,41a280e19ec4,近畿地整が独自調査で設定した単価(物価資料に載っていない地区・規格だけ)。消費税抜き。
d5e0e8cc3bff74c2,JP,material,生コンクリート・モルタル,生コンクリート,高炉 １８－１５－４０ Ｃ＝２７０以上 [単位水量165以下W/C60以下],m3,bureau_area,18,福井県,福井 池田町他,,,17900,JPY,design_unit_price_ex_tax,published_pdl,,,2025-07,2025-07-01,kkr-zairyo-r7-07,20,https://www.kkr.mlit.go.jp/plan/jigyousya/technical_information/gijutsukanri/qgl8vl0000004zj9-att/2025_07tanka.pdf,PDL1.0,0d1554577eaf,近畿地整が独自調査で設定した単価(物価資料に載っていない地区・規格だけ)。消費税抜き。
8446b5d0356b54e5,JP,material,生コンクリート・モルタル,生コンクリート,高炉 １８－１５－４０ Ｃ＝２７０以上 [単位水量165以下W/C60以下],m3,bureau_area,18,福井県,福井 冠山峠地区,,,25500,JPY,design_unit_price_ex_tax,published_pdl,,,2025-07,2025-07-01,kkr-zairyo-r7-07,20,https://www.kkr.mlit.go.jp/plan/jigyousya/technical_information/gijutsukanri/qgl8vl0000004zj9-att/2025_07tanka.pdf,PDL1.0,0d1554577eaf,近畿地整が独自調査で設定した単価(物価資料に載っていない地区・規格だけ)。消費税抜き。
724afd9ffdd7e3d3,JP,material,生コンクリート・モルタル,生コンクリート,高炉 １８－１２－２５（２０） [単位水量175以下W/C60以下],m3,bureau_area,18,福井県,福井 池田町他,,,17300,JPY,design_unit_price_ex_tax,published_pdl,,,2025-07,2025-07-01,kkr-zairyo-r7-07,20,https://www.kkr.mlit.go.jp/plan/jigyousya/technical_information/gijutsukanri/qgl8vl0000004zj9-att/2025_07tanka.pdf,PDL1.0,91c7a678fb2e,近畿地整が独自調査で設定した単価(物価資料に載っていない地区・規格だけ)。消費税抜き。
7c20bafe7a9cb5c1,JP,material,生コンクリート・モルタル,生コンクリート,高炉 １８－１２－２５（２０） [単位水量175以下W/C60以下],m3,bureau_area,18,福井県,福井 冠山峠地区,,,24900,JPY,design_unit_price_ex_tax,published_pdl,,,2025-07,2025-07-01,kkr-zairyo-r7-07,20,https://www.kkr.mlit.go.jp/plan/jigyousya/technical_information/gijutsukanri/qgl8vl0000004zj9-att/2025_07tanka.pdf,PDL1.0,91c7a678fb2e,近畿地整が独自調査で設定した単価(物価資料に載っていない地区・規格だけ)。消費税抜き。
4d1262ebdf358ed2,JP,material,生コンクリート・モルタル,生コンクリート,高炉 １８－１２－２５（２０） [単位水量175以下W/C60以下],m3,bureau_area,18,福井県,福井 大野市 / 旧和泉村,,,23100,JPY,design_unit_price_ex_tax,published_pdl,,,2025-07,2025-07-01,kkr-zairyo-r7-07,20,https://www.kkr.mlit.go.jp/plan/jigyousya/technical_information/gijutsukanri/qgl8vl0000004zj9-att/2025_07tanka.pdf,PDL1.0,91c7a678fb2e,近畿地整が独自調査で設定した単価(物価資料に載っていない地区・規格だけ)。消費税抜き。
65770ed16aca0dff,JP,material,生コンクリート・モルタル,生コンクリート,２４－８－４０ [単位水量165以下W/C55以下],m3,bureau_area,29,奈良県,奈良 竹筒,68,［特定地］竹筒地区（吉野郡十津川村）,34900,JPY,design_unit_price_ex_tax,published_pdl,,,2025-07,2025-07-01,kkr-zairyo-r7-07,24,https://www.kkr.mlit.go.jp/plan/jigyousya/technical_information/gijutsukanri/qgl8vl0000004zj9-att/2025_07tanka.pdf,PDL1.0,764185d9dd01,近畿地整が独自調査で設定した単価(物価資料に載っていない地区・規格だけ)。消費税抜き。
848aa71a241be37a,JP,material,生コンクリート・モルタル,生コンクリート,２４－１２－４０ [単位水量165以下W/C55以下],m3,bureau_area,29,奈良県,奈良 竹筒,68,［特定地］竹筒地区（吉野郡十津川村）,34900,JPY,design_unit_price_ex_tax,published_pdl,,,2025-07,2025-07-01,kkr-zairyo-r7-07,24,https://www.kkr.mlit.go.jp/plan/jigyousya/technical_information/gijutsukanri/qgl8vl0000004zj9-att/2025_07tanka.pdf,PDL1.0,1e253097cdd9,近畿地整が独自調査で設定した単価(物価資料に載っていない地区・規格だけ)。消費税抜き。
7bb3a371f058a980,JP,material,生コンクリート・モルタル,生コンクリート,２７－５－４０ [単位水量165以下W/C55以下],m3,bureau_area,29,奈良県,奈良 竹筒,68,［特定地］竹筒地区（吉野郡十津川村）,35900,JPY,design_unit_price_ex_tax,published_pdl,,,2025-07,2025-07-01,kkr-zairyo-r7-07,24,https://www.kkr.mlit.go.jp/plan/jigyousya/technical_information/gijutsukanri/qgl8vl0000004zj9-att/2025_07tanka.pdf,PDL1.0,f4e44eb1f70d,近畿地整が独自調査で設定した単価(物価資料に載っていない地区・規格だけ)。消費税抜き。
9ae5e2e538c960a5,JP,material,生コンクリート・モルタル,生コンクリート,１８－１５－４０ Ｃ＝２７０以上 [単位水量165以下W/C60以下],m3,bureau_area,29,奈良県,奈良 竹筒,68,［特定地］竹筒地区（吉野郡十津川村）,33900,JPY,design_unit_price_ex_tax,published_pdl,,,2025-07,2025-07-01,kkr-zairyo-r7-07,24,https://www.kkr.mlit.go.jp/plan/jigyousya/technical_information/gijutsukanri/qgl8vl0000004zj9-att/2025_07tanka.pdf,PDL1.0,7fd4147f10b6,近畿地整が独自調査で設定した単価(物価資料に載っていない地区・規格だけ)。消費税抜き。
d47f89cd41d5905c,JP,material,生コンクリート・モルタル,生コンクリート,２４－１２－２５（２０） Ｃ＝３００以上 [単位水量175以下W/C55以下],m3,bureau_area,29,奈良県,奈良 竹筒,68,［特定地］竹筒地区（吉野郡十津川村）,34900,JPY,design_unit_price_ex_tax,published_pdl,,,2025-07,2025-07-01,kkr-zairyo-r7-07,24,https://www.kkr.mlit.go.jp/plan/jigyousya/technical_information/gijutsukanri/qgl8vl0000004zj9-att/2025_07tanka.pdf,PDL1.0,,近畿地整が独自調査で設定した単価(物価資料に載っていない地区・規格だけ)。消費税抜き。
08808a058b012c44,JP,material,生コンクリート・モルタル,生コンクリート,３６－１２－２５（２０） [単位水量175以下W/C55以下],m3,bureau_area,29,奈良県,奈良 竹筒,68,［特定地］竹筒地区（吉野郡十津川村）,44900,JPY,design_unit_price_ex_tax,published_pdl,,,2025-07,2025-07-01,kkr-zairyo-r7-07,24,https://www.kkr.mlit.go.jp/plan/jigyousya/technical_information/gijutsukanri/qgl8vl0000004zj9-att/2025_07tanka.pdf,PDL1.0,,近畿地整が独自調査で設定した単価(物価資料に載っていない地区・規格だけ)。消費税抜き。
5a7d2f1c764429bb,JP,material,生コンクリート・モルタル,生コンクリート,４０－１２－２５（２０） [単位水量175以下W/C55以下],m3,bureau_area,29,奈良県,奈良 竹筒,68,［特定地］竹筒地区（吉野郡十津川村）,45900,JPY,design_unit_price_ex_tax,published_pdl,,,2025-07,2025-07-01,kkr-zairyo-r7-07,24,https://www.kkr.mlit.go.jp/plan/jigyousya/technical_information/gijutsukanri/qgl8vl0000004zj9-att/2025_07tanka.pdf,PDL1.0,,近畿地整が独自調査で設定した単価(物価資料に載っていない地区・規格だけ)。消費税抜き。
38984a1fe799a49e,JP,material,生コンクリート・モルタル,生コンクリート,高炉 １８－８－２５（２０） [単位水量175以下W/C60以下],m3,bureau_area,29,奈良県,奈良 竹筒,68,［特定地］竹筒地区（吉野郡十津川村）,32900,JPY,design_unit_price_ex_tax,published_pdl,,,2025-07,2025-07-01,kkr-zairyo-r7-07,24,https://www.kkr.mlit.go.jp/plan/jigyousya/technical_information/gijutsukanri/qgl8vl0000004zj9-att/2025_07tanka.pdf,PDL1.0,7972baecc47d,近畿地整が独自調査で設定した単価(物価資料に載っていない地区・規格だけ)。消費税抜き。
dfdd5927a6e5dc91,JP,material,生コンクリート・モルタル,生コンクリート,高炉 ２１－８－２５（２０） [単位水量175以下W/C60以下],m3,bureau_area,29,奈良県,奈良 竹筒,68,［特定地］竹筒地区（吉野郡十津川村）,33900,JPY,design_unit_price_ex_tax,published_pdl,,,2025-07,2025-07-01,kkr-zairyo-r7-07,24,https://www.kkr.mlit.go.jp/plan/jigyousya/technical_information/gijutsukanri/qgl8vl0000004zj9-att/2025_07tanka.pdf,PDL1.0,2fd4d099032e,近畿地整が独自調査で設定した単価(物価資料に載っていない地区・規格だけ)。消費税抜き。
81dc613f79306c85,JP,material,生コンクリート・モルタル,生コンクリート,高炉 ２４－８－２５（２０） [単位水量175以下W/C55以下],m3,bureau_area,29,奈良県,奈良 竹筒,68,［特定地］竹筒地区（吉野郡十津川村）,34900,JPY,design_unit_price_ex_tax,published_pdl,,,2025-07,2025-07-01,kkr-zairyo-r7-07,24,https://www.kkr.mlit.go.jp/plan/jigyousya/technical_information/gijutsukanri/qgl8vl0000004zj9-att/2025_07tanka.pdf,PDL1.0,88d74c4ebd29,近畿地整が独自調査で設定した単価(物価資料に載っていない地区・規格だけ)。消費税抜き。
a73c30706b03f61d,JP,material,生コンクリート・モルタル,生コンクリート,高炉 ２４－１２－２５（２０） [単位水量175以下W/C55以下],m3,bureau_area,29,奈良県,奈良 竹筒,68,［特定地］竹筒地区（吉野郡十津川村）,34900,JPY,design_unit_price_ex_tax,published_pdl,,,2025-07,2025-07-01,kkr-zairyo-r7-07,24,https://www.kkr.mlit.go.jp/plan/jigyousya/technical_information/gijutsukanri/qgl8vl0000004zj9-att/2025_07tanka.pdf,PDL1.0,2449347fc81a,近畿地整が独自調査で設定した単価(物価資料に載っていない地区・規格だけ)。消費税抜き。
c85fa045787fa6ad,JP,material,生コンクリート・モルタル,生コンクリート,高炉 １８－５－４０ [単位水量165以下W/C60以下],m3,bureau_area,29,奈良県,奈良 竹筒,68,［特定地］竹筒地区（吉野郡十津川村）,32900,JPY,design_unit_price_ex_tax,published_pdl,,,2025-07,2025-07-01,kkr-zairyo-r7-07,24,https://www.kkr.mlit.go.jp/plan/jigyousya/technical_information/gijutsukanri/qgl8vl0000004zj9-att/2025_07tanka.pdf,PDL1.0,1e6b6820cfe1,近畿地整が独自調査で設定した単価(物価資料に載っていない地区・規格だけ)。消費税抜き。
b574a5adf52ef802,JP,material,生コンクリート・モルタル,生コンクリート,高炉 １８－８－４０ [単位水量165以下W/C60以下],m3,bureau_area,29,奈良県,奈良 竹筒,68,［特定地］竹筒地区（吉野郡十津川村）,32900,JPY,design_unit_price_ex_tax,published_pdl,,,2025-07,2025-07-01,kkr-zairyo-r7-07,24,https://www.kkr.mlit.go.jp/plan/jigyousya/technical_information/gijutsukanri/qgl8vl0000004zj9-att/2025_07tanka.pdf,PDL1.0,6bed2bb1426c,近畿地整が独自調査で設定した単価(物価資料に載っていない地区・規格だけ)。消費税抜き。
833e13139bbad57c,JP,material,生コンクリート・モルタル,生コンクリート,高炉 １８－８－４０ Ｃ＝２３０以上 [単位水量165以下W/C60以下],m3,bureau_area,29,奈良県,奈良 竹筒,68,［特定地］竹筒地区（吉野郡十津川村）,32900,JPY,design_unit_price_ex_tax,published_pdl,,,2025-07,2025-07-01,kkr-zairyo-r7-07,24,https://www.kkr.mlit.go.jp/plan/jigyousya/technical_information/gijutsukanri/qgl8vl0000004zj9-att/2025_07tanka.pdf,PDL1.0,,近畿地整が独自調査で設定した単価(物価資料に載っていない地区・規格だけ)。消費税抜き。
6f84a7dc18128002,JP,material,生コンクリート・モルタル,生コンクリート,高炉 １８－１２－４０ Ｃ＝２７０ [単位水量165以下W/C60以下],m3,bureau_area,29,奈良県,奈良 竹筒,68,［特定地］竹筒地区（吉野郡十津川村）,33900,JPY,design_unit_price_ex_tax,published_pdl,,,2025-07,2025-07-01,kkr-zairyo-r7-07,24,https://www.kkr.mlit.go.jp/plan/jigyousya/technical_information/gijutsukanri/qgl8vl0000004zj9-att/2025_07tanka.pdf,PDL1.0,,近畿地整が独自調査で設定した単価(物価資料に載っていない地区・規格だけ)。消費税抜き。
546a2cb33867c429,JP,material,生コンクリート・モルタル,生コンクリート,高炉 ２１－５－４０ [単位水量165以下W/C60以下],m3,bureau_area,29,奈良県,奈良 竹筒,68,［特定地］竹筒地区（吉野郡十津川村）,33900,JPY,design_unit_price_ex_tax,published_pdl,,,2025-07,2025-07-01,kkr-zairyo-r7-07,24,https://www.kkr.mlit.go.jp/plan/jigyousya/technical_information/gijutsukanri/qgl8vl0000004zj9-att/2025_07tanka.pdf,PDL1.0,83539ae309ca,近畿地整が独自調査で設定した単価(物価資料に載っていない地区・規格だけ)。消費税抜き。
dcfa5dda4f59f90a,JP,material,生コンクリート・モルタル,生コンクリート,高炉 ２１－８－４０ [単位水量165以下W/C60以下],m3,bureau_area,29,奈良県,奈良 竹筒,68,［特定地］竹筒地区（吉野郡十津川村）,33900,JPY,design_unit_price_ex_tax,published_pdl,,,2025-07,2025-07-01,kkr-zairyo-r7-07,24,https://www.kkr.mlit.go.jp/plan/jigyousya/technical_information/gijutsukanri/qgl8vl0000004zj9-att/2025_07tanka.pdf,PDL1.0,c3c017c7630d,近畿地整が独自調査で設定した単価(物価資料に載っていない地区・規格だけ)。消費税抜き。
72db280303b9bd2c,JP,material,生コンクリート・モルタル,生コンクリート,高炉 ２１－１２－４０ [単位水量165以下W/C60以下],m3,bureau_area,29,奈良県,奈良 竹筒,68,［特定地］竹筒地区（吉野郡十津川村）,33900,JPY,design_unit_price_ex_tax,published_pdl,,,2025-07,2025-07-01,kkr-zairyo-r7-07,24,https://www.kkr.mlit.go.jp/plan/jigyousya/technical_information/gijutsukanri/qgl8vl0000004zj9-att/2025_07tanka.pdf,PDL1.0,64b47d0de931,近畿地整が独自調査で設定した単価(物価資料に載っていない地区・規格だけ)。消費税抜き。
80a70794370b7aac,JP,material,生コンクリート・モルタル,生コンクリート,高炉 ２４－８－４０ [単位水量165以下W/C55以下],m3,bureau_area,29,奈良県,奈良 竹筒,68,［特定地］竹筒地区（吉野郡十津川村）,34900,JPY,design_unit_price_ex_tax,published_pdl,,,2025-07,2025-07-01,kkr-zairyo-r7-07,24,https://www.kkr.mlit.go.jp/plan/jigyousya/technical_information/gijutsukanri/qgl8vl0000004zj9-att/2025_07tanka.pdf,PDL1.0,fd3c9527cc1f,近畿地整が独自調査で設定した単価(物価資料に載っていない地区・規格だけ)。消費税抜き。
ce9d7f9e11bc48a8,JP,material,生コンクリート・モルタル,生コンクリート,高炉 ２７－５－４０ [単位水量165以下W/C55以下],m3,bureau_area,29,奈良県,奈良 竹筒,68,［特定地］竹筒地区（吉野郡十津川村）,35900,JPY,design_unit_price_ex_tax,published_pdl,,,2025-07,2025-07-01,kkr-zairyo-r7-07,24,https://www.kkr.mlit.go.jp/plan/jigyousya/technical_information/gijutsukanri/qgl8vl0000004zj9-att/2025_07tanka.pdf,PDL1.0,3bcecdea58c1,近畿地整が独自調査で設定した単価(物価資料に載っていない地区・規格だけ)。消費税抜き。
5b12bca841db7d3e,JP,material,生コンクリート・モルタル,生コンクリート,高炉 ３０－１５－４０ Ｃ＝３５０ [単位水量165以下W/C55以下],m3,bureau_area,29,奈良県,奈良 竹筒,68,［特定地］竹筒地区（吉野郡十津川村）,36900,JPY,design_unit_price_ex_tax,published_pdl,,,2025-07,2025-07-01,kkr-zairyo-r7-07,24,https://www.kkr.mlit.go.jp/plan/jigyousya/technical_information/gijutsukanri/qgl8vl0000004zj9-att/2025_07tanka.pdf,PDL1.0,,近畿地整が独自調査で設定した単価(物価資料に載っていない地区・規格だけ)。消費税抜き。
75b8fedead26986a,JP,material,生コンクリート・モルタル,生コンクリート,高炉 １８－１５－４０ Ｃ＝２７０以上 [単位水量165以下W/C60以下],m3,bureau_area,29,奈良県,奈良 竹筒,68,［特定地］竹筒地区（吉野郡十津川村）,32900,JPY,design_unit_price_ex_tax,published_pdl,,,2025-07,2025-07-01,kkr-zairyo-r7-07,24,https://www.kkr.mlit.go.jp/plan/jigyousya/technical_information/gijutsukanri/qgl8vl0000004zj9-att/2025_07tanka.pdf,PDL1.0,0d1554577eaf,近畿地整が独自調査で設定した単価(物価資料に載っていない地区・規格だけ)。消費税抜き。
fb1a17c0bedf34a6,JP,material,生コンクリート・モルタル,生コンクリート,高炉 １８－１２－２５（２０） [単位水量175以下W/C60以下],m3,bureau_area,29,奈良県,奈良 竹筒,68,［特定地］竹筒地区（吉野郡十津川村）,32900,JPY,design_unit_price_ex_tax,published_pdl,,,2025-07,2025-07-01,kkr-zairyo-r7-07,24,https://www.kkr.mlit.go.jp/plan/jigyousya/technical_information/gijutsukanri/qgl8vl0000004zj9-att/2025_07tanka.pdf,PDL1.0,91c7a678fb2e,近畿地整が独自調査で設定した単価(物価資料に載っていない地区・規格だけ)。消費税抜き。
8455146d3b598068,JP,material,生コンクリート・モルタル,生コンクリート,２４－８－４０ [単位水量165以下W/C55以下],m3,bureau_area,30,和歌山県,和歌山 西牟婁郡他 / すさみ町,,,28600,JPY,design_unit_price_ex_tax,published_pdl,,,2025-07,2025-07-01,kkr-zairyo-r7-07,26,https://www.kkr.mlit.go.jp/plan/jigyousya/technical_information/gijutsukanri/qgl8vl0000004zj9-att/2025_07tanka.pdf,PDL1.0,764185d9dd01,近畿地整が独自調査で設定した単価(物価資料に載っていない地区・規格だけ)。消費税抜き。
f0f0cc4fc07ab723,JP,material,生コンクリート・モルタル,生コンクリート,２４－８－４０ [単位水量165以下W/C55以下],m3,bureau_area,30,和歌山県,和歌山 玉置口,,,34900,JPY,design_unit_price_ex_tax,published_pdl,,,2025-07,2025-07-01,kkr-zairyo-r7-07,26,https://www.kkr.mlit.go.jp/plan/jigyousya/technical_information/gijutsukanri/qgl8vl0000004zj9-att/2025_07tanka.pdf,PDL1.0,764185d9dd01,近畿地整が独自調査で設定した単価(物価資料に載っていない地区・規格だけ)。消費税抜き。
e93504c734e3fbbc,JP,material,生コンクリート・モルタル,生コンクリート,２４－８－４０ [単位水量165以下W/C55以下],m3,bureau_area,24,三重県,三重 名張市,,,29500,JPY,design_unit_price_ex_tax,published_pdl,,,2025-07,2025-07-01,kkr-zairyo-r7-07,26,https://www.kkr.mlit.go.jp/plan/jigyousya/technical_information/gijutsukanri/qgl8vl0000004zj9-att/2025_07tanka.pdf,PDL1.0,764185d9dd01,近畿地整が独自調査で設定した単価(物価資料に載っていない地区・規格だけ)。消費税抜き。
a9dc18c656f63880,JP,material,生コンクリート・モルタル,生コンクリート,２４－８－４０ [単位水量165以下W/C55以下],m3,bureau_area,24,三重県,三重 伊賀市 / 旧上野市他,,,29500,JPY,design_unit_price_ex_tax,published_pdl,,,2025-07,2025-07-01,kkr-zairyo-r7-07,26,https://www.kkr.mlit.go.jp/plan/jigyousya/technical_information/gijutsukanri/qgl8vl0000004zj9-att/2025_07tanka.pdf,PDL1.0,764185d9dd01,近畿地整が独自調査で設定した単価(物価資料に載っていない地区・規格だけ)。消費税抜き。
d4465692bb3f5246,JP,material,生コンクリート・モルタル,生コンクリート,２４－８－４０ [単位水量165以下W/C55以下],m3,bureau_area,24,三重県,三重 伊賀市 / 旧青山町,,,29500,JPY,design_unit_price_ex_tax,published_pdl,,,2025-07,2025-07-01,kkr-zairyo-r7-07,26,https://www.kkr.mlit.go.jp/plan/jigyousya/technical_information/gijutsukanri/qgl8vl0000004zj9-att/2025_07tanka.pdf,PDL1.0,764185d9dd01,近畿地整が独自調査で設定した単価(物価資料に載っていない地区・規格だけ)。消費税抜き。
a19e25a69e935c00,JP,material,生コンクリート・モルタル,生コンクリート,２４－８－４０ [単位水量165以下W/C55以下],m3,bureau_area,24,三重県,三重 太郎生,,,30000,JPY,design_unit_price_ex_tax,published_pdl,,,2025-07,2025-07-01,kkr-zairyo-r7-07,26,https://www.kkr.mlit.go.jp/plan/jigyousya/technical_information/gijutsukanri/qgl8vl0000004zj9-att/2025_07tanka.pdf,PDL1.0,764185d9dd01,近畿地整が独自調査で設定した単価(物価資料に載っていない地区・規格だけ)。消費税抜き。
6693c93d40d49069,JP,material,生コンクリート・モルタル,生コンクリート,２４－８－４０ [単位水量165以下W/C55以下],m3,bureau_area,24,三重県,三重 紀宝町他,,,34900,JPY,design_unit_price_ex_tax,published_pdl,,,2025-07,2025-07-01,kkr-zairyo-r7-07,26,https://www.kkr.mlit.go.jp/plan/jigyousya/technical_information/gijutsukanri/qgl8vl0000004zj9-att/2025_07tanka.pdf,PDL1.0,764185d9dd01,近畿地整が独自調査で設定した単価(物価資料に載っていない地区・規格だけ)。消費税抜き。
9173ee610bd0fdce,JP,material,生コンクリート・モルタル,生コンクリート,２４－１２－４０ [単位水量165以下W/C55以下],m3,bureau_area,30,和歌山県,和歌山 西牟婁郡他 / すさみ町,,,28600,JPY,design_unit_price_ex_tax,published_pdl,,,2025-07,2025-07-01,kkr-zairyo-r7-07,26,https://www.kkr.mlit.go.jp/plan/jigyousya/technical_information/gijutsukanri/qgl8vl0000004zj9-att/2025_07tanka.pdf,PDL1.0,1e253097cdd9,近畿地整が独自調査で設定した単価(物価資料に載っていない地区・規格だけ)。消費税抜き。
0a056c88247730be,JP,material,生コンクリート・モルタル,生コンクリート,２４－１２－４０ [単位水量165以下W/C55以下],m3,bureau_area,30,和歌山県,和歌山 玉置口,,,34900,JPY,design_unit_price_ex_tax,published_pdl,,,2025-07,2025-07-01,kkr-zairyo-r7-07,26,https://www.kkr.mlit.go.jp/plan/jigyousya/technical_information/gijutsukanri/qgl8vl0000004zj9-att/2025_07tanka.pdf,PDL1.0,1e253097cdd9,近畿地整が独自調査で設定した単価(物価資料に載っていない地区・規格だけ)。消費税抜き。
a4498111989ea2de,JP,material,生コンクリート・モルタル,生コンクリート,２４－１２－４０ [単位水量165以下W/C55以下],m3,bureau_area,24,三重県,三重 名張市,,,29500,JPY,design_unit_price_ex_tax,published_pdl,,,2025-07,2025-07-01,kkr-zairyo-r7-07,26,https://www.kkr.mlit.go.jp/plan/jigyousya/technical_information/gijutsukanri/qgl8vl0000004zj9-att/2025_07tanka.pdf,PDL1.0,1e253097cdd9,近畿地整が独自調査で設定した単価(物価資料に載っていない地区・規格だけ)。消費税抜き。
f2bd735bf7d403d8,JP,material,生コンクリート・モルタル,生コンクリート,２４－１２－４０ [単位水量165以下W/C55以下],m3,bureau_area,24,三重県,三重 伊賀市 / 旧上野市他,,,29500,JPY,design_unit_price_ex_tax,published_pdl,,,2025-07,2025-07-01,kkr-zairyo-r7-07,26,https://www.kkr.mlit.go.jp/plan/jigyousya/technical_information/gijutsukanri/qgl8vl0000004zj9-att/2025_07tanka.pdf,PDL1.0,1e253097cdd9,近畿地整が独自調査で設定した単価(物価資料に載っていない地区・規格だけ)。消費税抜き。
aa070ca1d6a36bd2,JP,material,生コンクリート・モルタル,生コンクリート,２４－１２－４０ [単位水量165以下W/C55以下],m3,bureau_area,24,三重県,三重 伊賀市 / 旧青山町,,,29500,JPY,design_unit_price_ex_tax,published_pdl,,,2025-07,2025-07-01,kkr-zairyo-r7-07,26,https://www.kkr.mlit.go.jp/plan/jigyousya/technical_information/gijutsukanri/qgl8vl0000004zj9-att/2025_07tanka.pdf,PDL1.0,1e253097cdd9,近畿地整が独自調査で設定した単価(物価資料に載っていない地区・規格だけ)。消費税抜き。
b02f4f18c2d78c43,JP,material,生コンクリート・モルタル,生コンクリート,２４－１２－４０ [単位水量165以下W/C55以下],m3,bureau_area,24,三重県,三重 太郎生,,,30000,JPY,design_unit_price_ex_tax,published_pdl,,,2025-07,2025-07-01,kkr-zairyo-r7-07,26,https://www.kkr.mlit.go.jp/plan/jigyousya/technical_information/gijutsukanri/qgl8vl0000004zj9-att/2025_07tanka.pdf,PDL1.0,1e253097cdd9,近畿地整が独自調査で設定した単価(物価資料に載っていない地区・規格だけ)。消費税抜き。
8aa1413a0eb72b03,JP,material,生コンクリート・モルタル,生コンクリート,２４－１２－４０ [単位水量165以下W/C55以下],m3,bureau_area,24,三重県,三重 紀宝町他,,,34900,JPY,design_unit_price_ex_tax,published_pdl,,,2025-07,2025-07-01,kkr-zairyo-r7-07,26,https://www.kkr.mlit.go.jp/plan/jigyousya/technical_information/gijutsukanri/qgl8vl0000004zj9-att/2025_07tanka.pdf,PDL1.0,1e253097cdd9,近畿地整が独自調査で設定した単価(物価資料に載っていない地区・規格だけ)。消費税抜き。
a7e8ae235cc522a9,JP,material,生コンクリート・モルタル,生コンクリート,２７－５－４０ [単位水量165以下W/C55以下],m3,bureau_area,30,和歌山県,和歌山 西牟婁郡他 / すさみ町,,,29200,JPY,design_unit_price_ex_tax,published_pdl,,,2025-07,2025-07-01,kkr-zairyo-r7-07,26,https://www.kkr.mlit.go.jp/plan/jigyousya/technical_information/gijutsukanri/qgl8vl0000004zj9-att/2025_07tanka.pdf,PDL1.0,f4e44eb1f70d,近畿地整が独自調査で設定した単価(物価資料に載っていない地区・規格だけ)。消費税抜き。
c0f7c26c758a357d,JP,material,生コンクリート・モルタル,生コンクリート,２７－５－４０ [単位水量165以下W/C55以下],m3,bureau_area,30,和歌山県,和歌山 玉置口,,,35900,JPY,design_unit_price_ex_tax,published_pdl,,,2025-07,2025-07-01,kkr-zairyo-r7-07,26,https://www.kkr.mlit.go.jp/plan/jigyousya/technical_information/gijutsukanri/qgl8vl0000004zj9-att/2025_07tanka.pdf,PDL1.0,f4e44eb1f70d,近畿地整が独自調査で設定した単価(物価資料に載っていない地区・規格だけ)。消費税抜き。
807be40ab5c63cd0,JP,material,生コンクリート・モルタル,生コンクリート,２７－５－４０ [単位水量165以下W/C55以下],m3,bureau_area,24,三重県,三重 名張市,,,30000,JPY,design_unit_price_ex_tax,published_pdl,,,2025-07,2025-07-01,kkr-zairyo-r7-07,26,https://www.kkr.mlit.go.jp/plan/jigyousya/technical_information/gijutsukanri/qgl8vl0000004zj9-att/2025_07tanka.pdf,PDL1.0,f4e44eb1f70d,近畿地整が独自調査で設定した単価(物価資料に載っていない地区・規格だけ)。消費税抜き。
3a5ee4e19f54fc5a,JP,material,生コンクリート・モルタル,生コンクリート,２７－５－４０ [単位水量165以下W/C55以下],m3,bureau_area,24,三重県,三重 伊賀市 / 旧上野市他,,,30000,JPY,design_unit_price_ex_tax,published_pdl,,,2025-07,2025-07-01,kkr-zairyo-r7-07,26,https://www.kkr.mlit.go.jp/plan/jigyousya/technical_information/gijutsukanri/qgl8vl0000004zj9-att/2025_07tanka.pdf,PDL1.0,f4e44eb1f70d,近畿地整が独自調査で設定した単価(物価資料に載っていない地区・規格だけ)。消費税抜き。
c9285e3849339115,JP,material,生コンクリート・モルタル,生コンクリート,２７－５－４０ [単位水量165以下W/C55以下],m3,bureau_area,24,三重県,三重 伊賀市 / 旧青山町,,,30000,JPY,design_unit_price_ex_tax,published_pdl,,,2025-07,2025-07-01,kkr-zairyo-r7-07,26,https://www.kkr.mlit.go.jp/plan/jigyousya/technical_information/gijutsukanri/qgl8vl0000004zj9-att/2025_07tanka.pdf,PDL1.0,f4e44eb1f70d,近畿地整が独自調査で設定した単価(物価資料に載っていない地区・規格だけ)。消費税抜き。
34c7a02783eb36d8,JP,material,生コンクリート・モルタル,生コンクリート,２７－５－４０ [単位水量165以下W/C55以下],m3,bureau_area,24,三重県,三重 太郎生,,,30500,JPY,design_unit_price_ex_tax,published_pdl,,,2025-07,2025-07-01,kkr-zairyo-r7-07,26,https://www.kkr.mlit.go.jp/plan/jigyousya/technical_information/gijutsukanri/qgl8vl0000004zj9-att/2025_07tanka.pdf,PDL1.0,f4e44eb1f70d,近畿地整が独自調査で設定した単価(物価資料に載っていない地区・規格だけ)。消費税抜き。
6e018f3c3a60d1fe,JP,material,生コンクリート・モルタル,生コンクリート,２７－５－４０ [単位水量165以下W/C55以下],m3,bureau_area,24,三重県,三重 紀宝町他,,,35900,JPY,design_unit_price_ex_tax,published_pdl,,,2025-07,2025-07-01,kkr-zairyo-r7-07,26,https://www.kkr.mlit.go.jp/plan/jigyousya/technical_information/gijutsukanri/qgl8vl0000004zj9-att/2025_07tanka.pdf,PDL1.0,f4e44eb1f70d,近畿地整が独自調査で設定した単価(物価資料に載っていない地区・規格だけ)。消費税抜き。
1aa4f01fecf01e07,JP,material,生コンクリート・モルタル,生コンクリート,１８－１５－４０ Ｃ＝２７０以上 [単位水量165以下W/C60以下],m3,bureau_area,30,和歌山県,和歌山 西牟婁郡他 / すさみ町,,,28800,JPY,design_unit_price_ex_tax,published_pdl,,,2025-07,2025-07-01,kkr-zairyo-r7-07,26,https://www.kkr.mlit.go.jp/plan/jigyousya/technical_information/gijutsukanri/qgl8vl0000004zj9-att/2025_07tanka.pdf,PDL1.0,7fd4147f10b6,近畿地整が独自調査で設定した単価(物価資料に載っていない地区・規格だけ)。消費税抜き。
9001628c99a796f6,JP,material,生コンクリート・モルタル,生コンクリート,１８－１５－４０ Ｃ＝２７０以上 [単位水量165以下W/C60以下],m3,bureau_area,30,和歌山県,和歌山 玉置口,,,33900,JPY,design_unit_price_ex_tax,published_pdl,,,2025-07,2025-07-01,kkr-zairyo-r7-07,26,https://www.kkr.mlit.go.jp/plan/jigyousya/technical_information/gijutsukanri/qgl8vl0000004zj9-att/2025_07tanka.pdf,PDL1.0,7fd4147f10b6,近畿地整が独自調査で設定した単価(物価資料に載っていない地区・規格だけ)。消費税抜き。
3a4cce95d7647ed0,JP,material,生コンクリート・モルタル,生コンクリート,１８－１５－４０ Ｃ＝２７０以上 [単位水量165以下W/C60以下],m3,bureau_area,24,三重県,三重 名張市,,,29800,JPY,design_unit_price_ex_tax,published_pdl,,,2025-07,2025-07-01,kkr-zairyo-r7-07,26,https://www.kkr.mlit.go.jp/plan/jigyousya/technical_information/gijutsukanri/qgl8vl0000004zj9-att/2025_07tanka.pdf,PDL1.0,7fd4147f10b6,近畿地整が独自調査で設定した単価(物価資料に載っていない地区・規格だけ)。消費税抜き。
507793b51a339a8b,JP,material,生コンクリート・モルタル,生コンクリート,１８－１５－４０ Ｃ＝２７０以上 [単位水量165以下W/C60以下],m3,bureau_area,24,三重県,三重 伊賀市 / 旧上野市他,,,29800,JPY,design_unit_price_ex_tax,published_pdl,,,2025-07,2025-07-01,kkr-zairyo-r7-07,26,https://www.kkr.mlit.go.jp/plan/jigyousya/technical_information/gijutsukanri/qgl8vl0000004zj9-att/2025_07tanka.pdf,PDL1.0,7fd4147f10b6,近畿地整が独自調査で設定した単価(物価資料に載っていない地区・規格だけ)。消費税抜き。
d3cdb919cb1b9324,JP,material,生コンクリート・モルタル,生コンクリート,１８－１５－４０ Ｃ＝２７０以上 [単位水量165以下W/C60以下],m3,bureau_area,24,三重県,三重 伊賀市 / 旧青山町,,,29800,JPY,design_unit_price_ex_tax,published_pdl,,,2025-07,2025-07-01,kkr-zairyo-r7-07,26,https://www.kkr.mlit.go.jp/plan/jigyousya/technical_information/gijutsukanri/qgl8vl0000004zj9-att/2025_07tanka.pdf,PDL1.0,7fd4147f10b6,近畿地整が独自調査で設定した単価(物価資料に載っていない地区・規格だけ)。消費税抜き。
b5899e29536901e7,JP,material,生コンクリート・モルタル,生コンクリート,１８－１５－４０ Ｃ＝２７０以上 [単位水量165以下W/C60以下],m3,bureau_area,24,三重県,三重 紀宝町他,,,34900,JPY,design_unit_price_ex_tax,published_pdl,,,2025-07,2025-07-01,kkr-zairyo-r7-07,26,https://www.kkr.mlit.go.jp/plan/jigyousya/technical_information/gijutsukanri/qgl8vl0000004zj9-att/2025_07tanka.pdf,PDL1.0,7fd4147f10b6,近畿地整が独自調査で設定した単価(物価資料に載っていない地区・規格だけ)。消費税抜き。
29daece2b52b7010,JP,material,生コンクリート・モルタル,生コンクリート,２４－１２－２５（２０） Ｃ＝３００以上 [単位水量175以下W/C55以下],m3,bureau_area,30,和歌山県,和歌山 西牟婁郡他 / すさみ町,,,29300,JPY,design_unit_price_ex_tax,published_pdl,,,2025-07,2025-07-01,kkr-zairyo-r7-07,26,https://www.kkr.mlit.go.jp/plan/jigyousya/technical_information/gijutsukanri/qgl8vl0000004zj9-att/2025_07tanka.pdf,PDL1.0,,近畿地整が独自調査で設定した単価(物価資料に載っていない地区・規格だけ)。消費税抜き。
a75cd6bbaaf2947c,JP,material,生コンクリート・モルタル,生コンクリート,２４－１２－２５（２０） Ｃ＝３００以上 [単位水量175以下W/C55以下],m3,bureau_area,30,和歌山県,和歌山 玉置口,,,34900,JPY,design_unit_price_ex_tax,published_pdl,,,2025-07,2025-07-01,kkr-zairyo-r7-07,26,https://www.kkr.mlit.go.jp/plan/jigyousya/technical_information/gijutsukanri/qgl8vl0000004zj9-att/2025_07tanka.pdf,PDL1.0,,近畿地整が独自調査で設定した単価(物価資料に載っていない地区・規格だけ)。消費税抜き。
d6940d8aa36e901d,JP,material,生コンクリート・モルタル,生コンクリート,２４－１２－２５（２０） Ｃ＝３００以上 [単位水量175以下W/C55以下],m3,bureau_area,24,三重県,三重 名張市,,,29500,JPY,design_unit_price_ex_tax,published_pdl,,,2025-07,2025-07-01,kkr-zairyo-r7-07,26,https://www.kkr.mlit.go.jp/plan/jigyousya/technical_information/gijutsukanri/qgl8vl0000004zj9-att/2025_07tanka.pdf,PDL1.0,,近畿地整が独自調査で設定した単価(物価資料に載っていない地区・規格だけ)。消費税抜き。
e3e8e3a30bd6939a,JP,material,生コンクリート・モルタル,生コンクリート,２４－１２－２５（２０） Ｃ＝３００以上 [単位水量175以下W/C55以下],m3,bureau_area,24,三重県,三重 伊賀市 / 旧上野市他,,,29500,JPY,design_unit_price_ex_tax,published_pdl,,,2025-07,2025-07-01,kkr-zairyo-r7-07,26,https://www.kkr.mlit.go.jp/plan/jigyousya/technical_information/gijutsukanri/qgl8vl0000004zj9-att/2025_07tanka.pdf,PDL1.0,,近畿地整が独自調査で設定した単価(物価資料に載っていない地区・規格だけ)。消費税抜き。
cfeb3d4aebf03151,JP,material,生コンクリート・モルタル,生コンクリート,２４－１２－２５（２０） Ｃ＝３００以上 [単位水量175以下W/C55以下],m3,bureau_area,24,三重県,三重 伊賀市 / 旧青山町,,,29500,JPY,design_unit_price_ex_tax,published_pdl,,,2025-07,2025-07-01,kkr-zairyo-r7-07,26,https://www.kkr.mlit.go.jp/plan/jigyousya/technical_information/gijutsukanri/qgl8vl0000004zj9-att/2025_07tanka.pdf,PDL1.0,,近畿地整が独自調査で設定した単価(物価資料に載っていない地区・規格だけ)。消費税抜き。
89b701076a10b144,JP,material,生コンクリート・モルタル,生コンクリート,２４－１２－２５（２０） Ｃ＝３００以上 [単位水量175以下W/C55以下],m3,bureau_area,24,三重県,三重 太郎生,,,30000,JPY,design_unit_price_ex_tax,published_pdl,,,2025-07,2025-07-01,kkr-zairyo-r7-07,26,https://www.kkr.mlit.go.jp/plan/jigyousya/technical_information/gijutsukanri/qgl8vl0000004zj9-att/2025_07tanka.pdf,PDL1.0,,近畿地整が独自調査で設定した単価(物価資料に載っていない地区・規格だけ)。消費税抜き。
799ce6a3fa2a01ba,JP,material,生コンクリート・モルタル,生コンクリート,２４－１２－２５（２０） Ｃ＝３００以上 [単位水量175以下W/C55以下],m3,bureau_area,24,三重県,三重 紀宝町他,,,34900,JPY,design_unit_price_ex_tax,published_pdl,,,2025-07,2025-07-01,kkr-zairyo-r7-07,26,https://www.kkr.mlit.go.jp/plan/jigyousya/technical_information/gijutsukanri/qgl8vl0000004zj9-att/2025_07tanka.pdf,PDL1.0,,近畿地整が独自調査で設定した単価(物価資料に載っていない地区・規格だけ)。消費税抜き。
7c32f046ce578eb4,JP,material,生コンクリート・モルタル,生コンクリート,３６－１２－２５（２０） [単位水量175以下W/C55以下],m3,bureau_area,30,和歌山県,和歌山 西牟婁郡他 / すさみ町,,,31100,JPY,design_unit_price_ex_tax,published_pdl,,,2025-07,2025-07-01,kkr-zairyo-r7-07,26,https://www.kkr.mlit.go.jp/plan/jigyousya/technical_information/gijutsukanri/qgl8vl0000004zj9-att/2025_07tanka.pdf,PDL1.0,,近畿地整が独自調査で設定した単価(物価資料に載っていない地区・規格だけ)。消費税抜き。
81b3bec9ecae8bba,JP,material,生コンクリート・モルタル,生コンクリート,３６－１２－２５（２０） [単位水量175以下W/C55以下],m3,bureau_area,30,和歌山県,和歌山 玉置口,,,44900,JPY,design_unit_price_ex_tax,published_pdl,,,2025-07,2025-07-01,kkr-zairyo-r7-07,26,https://www.kkr.mlit.go.jp/plan/jigyousya/technical_information/gijutsukanri/qgl8vl0000004zj9-att/2025_07tanka.pdf,PDL1.0,,近畿地整が独自調査で設定した単価(物価資料に載っていない地区・規格だけ)。消費税抜き。
12c876f1c03b8eae,JP,material,生コンクリート・モルタル,生コンクリート,３６－１２－２５（２０） [単位水量175以下W/C55以下],m3,bureau_area,24,三重県,三重 名張市,,,31500,JPY,design_unit_price_ex_tax,published_pdl,,,2025-07,2025-07-01,kkr-zairyo-r7-07,26,https://www.kkr.mlit.go.jp/plan/jigyousya/technical_information/gijutsukanri/qgl8vl0000004zj9-att/2025_07tanka.pdf,PDL1.0,,近畿地整が独自調査で設定した単価(物価資料に載っていない地区・規格だけ)。消費税抜き。
a16a90b6f00a6696,JP,material,生コンクリート・モルタル,生コンクリート,３６－１２－２５（２０） [単位水量175以下W/C55以下],m3,bureau_area,24,三重県,三重 伊賀市 / 旧上野市他,,,31500,JPY,design_unit_price_ex_tax,published_pdl,,,2025-07,2025-07-01,kkr-zairyo-r7-07,26,https://www.kkr.mlit.go.jp/plan/jigyousya/technical_information/gijutsukanri/qgl8vl0000004zj9-att/2025_07tanka.pdf,PDL1.0,,近畿地整が独自調査で設定した単価(物価資料に載っていない地区・規格だけ)。消費税抜き。
2e1bae95265e0e23,JP,material,生コンクリート・モルタル,生コンクリート,３６－１２－２５（２０） [単位水量175以下W/C55以下],m3,bureau_area,24,三重県,三重 伊賀市 / 旧青山町,,,31500,JPY,design_unit_price_ex_tax,published_pdl,,,2025-07,2025-07-01,kkr-zairyo-r7-07,26,https://www.kkr.mlit.go.jp/plan/jigyousya/technical_information/gijutsukanri/qgl8vl0000004zj9-att/2025_07tanka.pdf,PDL1.0,,近畿地整が独自調査で設定した単価(物価資料に載っていない地区・規格だけ)。消費税抜き。
06636d778bf4cd78,JP,material,生コンクリート・モルタル,生コンクリート,３６－１２－２５（２０） [単位水量175以下W/C55以下],m3,bureau_area,24,三重県,三重 太郎生,,,32000,JPY,design_unit_price_ex_tax,published_pdl,,,2025-07,2025-07-01,kkr-zairyo-r7-07,26,https://www.kkr.mlit.go.jp/plan/jigyousya/technical_information/gijutsukanri/qgl8vl0000004zj9-att/2025_07tanka.pdf,PDL1.0,,近畿地整が独自調査で設定した単価(物価資料に載っていない地区・規格だけ)。消費税抜き。
5d9c723e6397c839,JP,material,生コンクリート・モルタル,生コンクリート,３６－１２－２５（２０） [単位水量175以下W/C55以下],m3,bureau_area,24,三重県,三重 紀宝町他,,,38900,JPY,design_unit_price_ex_tax,published_pdl,,,2025-07,2025-07-01,kkr-zairyo-r7-07,26,https://www.kkr.mlit.go.jp/plan/jigyousya/technical_information/gijutsukanri/qgl8vl0000004zj9-att/2025_07tanka.pdf,PDL1.0,,近畿地整が独自調査で設定した単価(物価資料に載っていない地区・規格だけ)。消費税抜き。
1a3a2dfde549e513,JP,material,生コンクリート・モルタル,生コンクリート,４０－１２－２５（２０） [単位水量175以下W/C55以下],m3,bureau_area,30,和歌山県,和歌山 西牟婁郡他 / すさみ町,,,31700,JPY,design_unit_price_ex_tax,published_pdl,,,2025-07,2025-07-01,kkr-zairyo-r7-07,26,https://www.kkr.mlit.go.jp/plan/jigyousya/technical_information/gijutsukanri/qgl8vl0000004zj9-att/2025_07tanka.pdf,PDL1.0,,近畿地整が独自調査で設定した単価(物価資料に載っていない地区・規格だけ)。消費税抜き。
4fbe28424a7f8fb4,JP,material,生コンクリート・モルタル,生コンクリート,４０－１２－２５（２０） [単位水量175以下W/C55以下],m3,bureau_area,30,和歌山県,和歌山 玉置口,,,45900,JPY,design_unit_price_ex_tax,published_pdl,,,2025-07,2025-07-01,kkr-zairyo-r7-07,26,https://www.kkr.mlit.go.jp/plan/jigyousya/technical_information/gijutsukanri/qgl8vl0000004zj9-att/2025_07tanka.pdf,PDL1.0,,近畿地整が独自調査で設定した単価(物価資料に載っていない地区・規格だけ)。消費税抜き。
2b160a6949e3723c,JP,material,生コンクリート・モルタル,生コンクリート,４０－１２－２５（２０） [単位水量175以下W/C55以下],m3,bureau_area,24,三重県,三重 名張市,,,32000,JPY,design_unit_price_ex_tax,published_pdl,,,2025-07,2025-07-01,kkr-zairyo-r7-07,26,https://www.kkr.mlit.go.jp/plan/jigyousya/technical_information/gijutsukanri/qgl8vl0000004zj9-att/2025_07tanka.pdf,PDL1.0,,近畿地整が独自調査で設定した単価(物価資料に載っていない地区・規格だけ)。消費税抜き。
6afa92d4bd2befba,JP,material,生コンクリート・モルタル,生コンクリート,４０－１２－２５（２０） [単位水量175以下W/C55以下],m3,bureau_area,24,三重県,三重 伊賀市 / 旧上野市他,,,32000,JPY,design_unit_price_ex_tax,published_pdl,,,2025-07,2025-07-01,kkr-zairyo-r7-07,26,https://www.kkr.mlit.go.jp/plan/jigyousya/technical_information/gijutsukanri/qgl8vl0000004zj9-att/2025_07tanka.pdf,PDL1.0,,近畿地整が独自調査で設定した単価(物価資料に載っていない地区・規格だけ)。消費税抜き。
69014802c3707210,JP,material,生コンクリート・モルタル,生コンクリート,４０－１２－２５（２０） [単位水量175以下W/C55以下],m3,bureau_area,24,三重県,三重 伊賀市 / 旧青山町,,,32000,JPY,design_unit_price_ex_tax,published_pdl,,,2025-07,2025-07-01,kkr-zairyo-r7-07,26,https://www.kkr.mlit.go.jp/plan/jigyousya/technical_information/gijutsukanri/qgl8vl0000004zj9-att/2025_07tanka.pdf,PDL1.0,,近畿地整が独自調査で設定した単価(物価資料に載っていない地区・規格だけ)。消費税抜き。
6c7b81efbf94d256,JP,material,生コンクリート・モルタル,生コンクリート,４０－１２－２５（２０） [単位水量175以下W/C55以下],m3,bureau_area,24,三重県,三重 太郎生,,,34500,JPY,design_unit_price_ex_tax,published_pdl,,,2025-07,2025-07-01,kkr-zairyo-r7-07,26,https://www.kkr.mlit.go.jp/plan/jigyousya/technical_information/gijutsukanri/qgl8vl0000004zj9-att/2025_07tanka.pdf,PDL1.0,,近畿地整が独自調査で設定した単価(物価資料に載っていない地区・規格だけ)。消費税抜き。
fae6a6d54bd32b9f,JP,material,生コンクリート・モルタル,生コンクリート,４０－１２－２５（２０） [単位水量175以下W/C55以下],m3,bureau_area,24,三重県,三重 紀宝町他,,,39900,JPY,design_unit_price_ex_tax,published_pdl,,,2025-07,2025-07-01,kkr-zairyo-r7-07,26,https://www.kkr.mlit.go.jp/plan/jigyousya/technical_information/gijutsukanri/qgl8vl0000004zj9-att/2025_07tanka.pdf,PDL1.0,,近畿地整が独自調査で設定した単価(物価資料に載っていない地区・規格だけ)。消費税抜き。
1c316071510c8b43,JP,material,生コンクリート・モルタル,生コンクリート,高炉 １８－８－２５（２０） [単位水量175以下W/C60以下],m3,bureau_area,30,和歌山県,和歌山 西牟婁郡他 / すさみ町,,,27400,JPY,design_unit_price_ex_tax,published_pdl,,,2025-07,2025-07-01,kkr-zairyo-r7-07,26,https://www.kkr.mlit.go.jp/plan/jigyousya/technical_information/gijutsukanri/qgl8vl0000004zj9-att/2025_07tanka.pdf,PDL1.0,7972baecc47d,近畿地整が独自調査で設定した単価(物価資料に載っていない地区・規格だけ)。消費税抜き。
279e085365154a75,JP,material,生コンクリート・モルタル,生コンクリート,高炉 １８－８－２５（２０） [単位水量175以下W/C60以下],m3,bureau_area,30,和歌山県,和歌山 玉置口,,,32900,JPY,design_unit_price_ex_tax,published_pdl,,,2025-07,2025-07-01,kkr-zairyo-r7-07,26,https://www.kkr.mlit.go.jp/plan/jigyousya/technical_information/gijutsukanri/qgl8vl0000004zj9-att/2025_07tanka.pdf,PDL1.0,7972baecc47d,近畿地整が独自調査で設定した単価(物価資料に載っていない地区・規格だけ)。消費税抜き。
acd4fce7b6084c2d,JP,material,生コンクリート・モルタル,生コンクリート,高炉 １８－８－２５（２０） [単位水量175以下W/C60以下],m3,bureau_area,24,三重県,三重 名張市,,,29000,JPY,design_unit_price_ex_tax,published_pdl,,,2025-07,2025-07-01,kkr-zairyo-r7-07,26,https://www.kkr.mlit.go.jp/plan/jigyousya/technical_information/gijutsukanri/qgl8vl0000004zj9-att/2025_07tanka.pdf,PDL1.0,7972baecc47d,近畿地整が独自調査で設定した単価(物価資料に載っていない地区・規格だけ)。消費税抜き。
de420277f4e724ac,JP,material,生コンクリート・モルタル,生コンクリート,高炉 １８－８－２５（２０） [単位水量175以下W/C60以下],m3,bureau_area,24,三重県,三重 伊賀市 / 旧上野市他,,,29000,JPY,design_unit_price_ex_tax,published_pdl,,,2025-07,2025-07-01,kkr-zairyo-r7-07,26,https://www.kkr.mlit.go.jp/plan/jigyousya/technical_information/gijutsukanri/qgl8vl0000004zj9-att/2025_07tanka.pdf,PDL1.0,7972baecc47d,近畿地整が独自調査で設定した単価(物価資料に載っていない地区・規格だけ)。消費税抜き。
48235a1f8748267c,JP,material,生コンクリート・モルタル,生コンクリート,高炉 １８－８－２５（２０） [単位水量175以下W/C60以下],m3,bureau_area,24,三重県,三重 伊賀市 / 旧青山町,,,29000,JPY,design_unit_price_ex_tax,published_pdl,,,2025-07,2025-07-01,kkr-zairyo-r7-07,26,https://www.kkr.mlit.go.jp/plan/jigyousya/technical_information/gijutsukanri/qgl8vl0000004zj9-att/2025_07tanka.pdf,PDL1.0,7972baecc47d,近畿地整が独自調査で設定した単価(物価資料に載っていない地区・規格だけ)。消費税抜き。
c91f69b6544f5395,JP,material,生コンクリート・モルタル,生コンクリート,高炉 １８－８－２５（２０） [単位水量175以下W/C60以下],m3,bureau_area,24,三重県,三重 太郎生,,,29500,JPY,design_unit_price_ex_tax,published_pdl,,,2025-07,2025-07-01,kkr-zairyo-r7-07,26,https://www.kkr.mlit.go.jp/plan/jigyousya/technical_information/gijutsukanri/qgl8vl0000004zj9-att/2025_07tanka.pdf,PDL1.0,7972baecc47d,近畿地整が独自調査で設定した単価(物価資料に載っていない地区・規格だけ)。消費税抜き。
e80bc7799d80f558,JP,material,生コンクリート・モルタル,生コンクリート,高炉 １８－８－２５（２０） [単位水量175以下W/C60以下],m3,bureau_area,24,三重県,三重 紀宝町他,,,32900,JPY,design_unit_price_ex_tax,published_pdl,,,2025-07,2025-07-01,kkr-zairyo-r7-07,26,https://www.kkr.mlit.go.jp/plan/jigyousya/technical_information/gijutsukanri/qgl8vl0000004zj9-att/2025_07tanka.pdf,PDL1.0,7972baecc47d,近畿地整が独自調査で設定した単価(物価資料に載っていない地区・規格だけ)。消費税抜き。
66a4bf835e73072b,JP,material,生コンクリート・モルタル,生コンクリート,高炉 ２１－８－２５（２０） [単位水量175以下W/C60以下],m3,bureau_area,30,和歌山県,和歌山 西牟婁郡他 / すさみ町,,,28000,JPY,design_unit_price_ex_tax,published_pdl,,,2025-07,2025-07-01,kkr-zairyo-r7-07,26,https://www.kkr.mlit.go.jp/plan/jigyousya/technical_information/gijutsukanri/qgl8vl0000004zj9-att/2025_07tanka.pdf,PDL1.0,2fd4d099032e,近畿地整が独自調査で設定した単価(物価資料に載っていない地区・規格だけ)。消費税抜き。
58061ead66621db2,JP,material,生コンクリート・モルタル,生コンクリート,高炉 ２１－８－２５（２０） [単位水量175以下W/C60以下],m3,bureau_area,30,和歌山県,和歌山 玉置口,,,33900,JPY,design_unit_price_ex_tax,published_pdl,,,2025-07,2025-07-01,kkr-zairyo-r7-07,26,https://www.kkr.mlit.go.jp/plan/jigyousya/technical_information/gijutsukanri/qgl8vl0000004zj9-att/2025_07tanka.pdf,PDL1.0,2fd4d099032e,近畿地整が独自調査で設定した単価(物価資料に載っていない地区・規格だけ)。消費税抜き。
0708e30f6d3e375b,JP,material,生コンクリート・モルタル,生コンクリート,高炉 ２１－８－２５（２０） [単位水量175以下W/C60以下],m3,bureau_area,24,三重県,三重 名張市,,,29000,JPY,design_unit_price_ex_tax,published_pdl,,,2025-07,2025-07-01,kkr-zairyo-r7-07,26,https://www.kkr.mlit.go.jp/plan/jigyousya/technical_information/gijutsukanri/qgl8vl0000004zj9-att/2025_07tanka.pdf,PDL1.0,2fd4d099032e,近畿地整が独自調査で設定した単価(物価資料に載っていない地区・規格だけ)。消費税抜き。
918597c2f1b9ffd0,JP,material,生コンクリート・モルタル,生コンクリート,高炉 ２１－８－２５（２０） [単位水量175以下W/C60以下],m3,bureau_area,24,三重県,三重 伊賀市 / 旧上野市他,,,29000,JPY,design_unit_price_ex_tax,published_pdl,,,2025-07,2025-07-01,kkr-zairyo-r7-07,26,https://www.kkr.mlit.go.jp/plan/jigyousya/technical_information/gijutsukanri/qgl8vl0000004zj9-att/2025_07tanka.pdf,PDL1.0,2fd4d099032e,近畿地整が独自調査で設定した単価(物価資料に載っていない地区・規格だけ)。消費税抜き。
1840c751e6609aee,JP,material,生コンクリート・モルタル,生コンクリート,高炉 ２１－８－２５（２０） [単位水量175以下W/C60以下],m3,bureau_area,24,三重県,三重 伊賀市 / 旧青山町,,,29000,JPY,design_unit_price_ex_tax,published_pdl,,,2025-07,2025-07-01,kkr-zairyo-r7-07,26,https://www.kkr.mlit.go.jp/plan/jigyousya/technical_information/gijutsukanri/qgl8vl0000004zj9-att/2025_07tanka.pdf,PDL1.0,2fd4d099032e,近畿地整が独自調査で設定した単価(物価資料に載っていない地区・規格だけ)。消費税抜き。
cf69ada743297b8c,JP,material,生コンクリート・モルタル,生コンクリート,高炉 ２１－８－２５（２０） [単位水量175以下W/C60以下],m3,bureau_area,24,三重県,三重 太郎生,,,29500,JPY,design_unit_price_ex_tax,published_pdl,,,2025-07,2025-07-01,kkr-zairyo-r7-07,26,https://www.kkr.mlit.go.jp/plan/jigyousya/technical_information/gijutsukanri/qgl8vl0000004zj9-att/2025_07tanka.pdf,PDL1.0,2fd4d099032e,近畿地整が独自調査で設定した単価(物価資料に載っていない地区・規格だけ)。消費税抜き。
635c58cc0bf0d75d,JP,material,生コンクリート・モルタル,生コンクリート,高炉 ２１－８－２５（２０） [単位水量175以下W/C60以下],m3,bureau_area,24,三重県,三重 紀宝町他,,,33900,JPY,design_unit_price_ex_tax,published_pdl,,,2025-07,2025-07-01,kkr-zairyo-r7-07,26,https://www.kkr.mlit.go.jp/plan/jigyousya/technical_information/gijutsukanri/qgl8vl0000004zj9-att/2025_07tanka.pdf,PDL1.0,2fd4d099032e,近畿地整が独自調査で設定した単価(物価資料に載っていない地区・規格だけ)。消費税抜き。
cf6c5f566b6ad6c4,JP,material,生コンクリート・モルタル,生コンクリート,高炉 ２４－８－２５（２０） [単位水量175以下W/C55以下],m3,bureau_area,30,和歌山県,和歌山 西牟婁郡他 / すさみ町,,,28600,JPY,design_unit_price_ex_tax,published_pdl,,,2025-07,2025-07-01,kkr-zairyo-r7-07,26,https://www.kkr.mlit.go.jp/plan/jigyousya/technical_information/gijutsukanri/qgl8vl0000004zj9-att/2025_07tanka.pdf,PDL1.0,88d74c4ebd29,近畿地整が独自調査で設定した単価(物価資料に載っていない地区・規格だけ)。消費税抜き。
5de9a6af045a0c24,JP,material,生コンクリート・モルタル,生コンクリート,高炉 ２４－８－２５（２０） [単位水量175以下W/C55以下],m3,bureau_area,30,和歌山県,和歌山 玉置口,,,34900,JPY,design_unit_price_ex_tax,published_pdl,,,2025-07,2025-07-01,kkr-zairyo-r7-07,26,https://www.kkr.mlit.go.jp/plan/jigyousya/technical_information/gijutsukanri/qgl8vl0000004zj9-att/2025_07tanka.pdf,PDL1.0,88d74c4ebd29,近畿地整が独自調査で設定した単価(物価資料に載っていない地区・規格だけ)。消費税抜き。
eec8e54f4b604517,JP,material,生コンクリート・モルタル,生コンクリート,高炉 ２４－８－２５（２０） [単位水量175以下W/C55以下],m3,bureau_area,24,三重県,三重 名張市,,,29500,JPY,design_unit_price_ex_tax,published_pdl,,,2025-07,2025-07-01,kkr-zairyo-r7-07,26,https://www.kkr.mlit.go.jp/plan/jigyousya/technical_information/gijutsukanri/qgl8vl0000004zj9-att/2025_07tanka.pdf,PDL1.0,88d74c4ebd29,近畿地整が独自調査で設定した単価(物価資料に載っていない地区・規格だけ)。消費税抜き。
6ad698fcc9895c7c,JP,material,生コンクリート・モルタル,生コンクリート,高炉 ２４－８－２５（２０） [単位水量175以下W/C55以下],m3,bureau_area,24,三重県,三重 伊賀市 / 旧上野市他,,,29500,JPY,design_unit_price_ex_tax,published_pdl,,,2025-07,2025-07-01,kkr-zairyo-r7-07,26,https://www.kkr.mlit.go.jp/plan/jigyousya/technical_information/gijutsukanri/qgl8vl0000004zj9-att/2025_07tanka.pdf,PDL1.0,88d74c4ebd29,近畿地整が独自調査で設定した単価(物価資料に載っていない地区・規格だけ)。消費税抜き。
fe4ab903e9be4ed2,JP,material,生コンクリート・モルタル,生コンクリート,高炉 ２４－８－２５（２０） [単位水量175以下W/C55以下],m3,bureau_area,24,三重県,三重 伊賀市 / 旧青山町,,,29500,JPY,design_unit_price_ex_tax,published_pdl,,,2025-07,2025-07-01,kkr-zairyo-r7-07,26,https://www.kkr.mlit.go.jp/plan/jigyousya/technical_information/gijutsukanri/qgl8vl0000004zj9-att/2025_07tanka.pdf,PDL1.0,88d74c4ebd29,近畿地整が独自調査で設定した単価(物価資料に載っていない地区・規格だけ)。消費税抜き。
a97eb2ffbc236e2f,JP,material,生コンクリート・モルタル,生コンクリート,高炉 ２４－８－２５（２０） [単位水量175以下W/C55以下],m3,bureau_area,24,三重県,三重 太郎生,,,30000,JPY,design_unit_price_ex_tax,published_pdl,,,2025-07,2025-07-01,kkr-zairyo-r7-07,26,https://www.kkr.mlit.go.jp/plan/jigyousya/technical_information/gijutsukanri/qgl8vl0000004zj9-att/2025_07tanka.pdf,PDL1.0,88d74c4ebd29,近畿地整が独自調査で設定した単価(物価資料に載っていない地区・規格だけ)。消費税抜き。
8bb57b5d3d7b0b41,JP,material,生コンクリート・モルタル,生コンクリート,高炉 ２４－８－２５（２０） [単位水量175以下W/C55以下],m3,bureau_area,24,三重県,三重 紀宝町他,,,34900,JPY,design_unit_price_ex_tax,published_pdl,,,2025-07,2025-07-01,kkr-zairyo-r7-07,26,https://www.kkr.mlit.go.jp/plan/jigyousya/technical_information/gijutsukanri/qgl8vl0000004zj9-att/2025_07tanka.pdf,PDL1.0,88d74c4ebd29,近畿地整が独自調査で設定した単価(物価資料に載っていない地区・規格だけ)。消費税抜き。
e116f14134e8fb4b,JP,material,生コンクリート・モルタル,生コンクリート,高炉 ２４－１２－２５（２０） [単位水量175以下W/C55以下],m3,bureau_area,30,和歌山県,和歌山 西牟婁郡他 / すさみ町,,,28600,JPY,design_unit_price_ex_tax,published_pdl,,,2025-07,2025-07-01,kkr-zairyo-r7-07,26,https://www.kkr.mlit.go.jp/plan/jigyousya/technical_information/gijutsukanri/qgl8vl0000004zj9-att/2025_07tanka.pdf,PDL1.0,2449347fc81a,近畿地整が独自調査で設定した単価(物価資料に載っていない地区・規格だけ)。消費税抜き。
bd3efa025306f3a8,JP,material,生コンクリート・モルタル,生コンクリート,高炉 ２４－１２－２５（２０） [単位水量175以下W/C55以下],m3,bureau_area,30,和歌山県,和歌山 玉置口,,,34900,JPY,design_unit_price_ex_tax,published_pdl,,,2025-07,2025-07-01,kkr-zairyo-r7-07,26,https://www.kkr.mlit.go.jp/plan/jigyousya/technical_information/gijutsukanri/qgl8vl0000004zj9-att/2025_07tanka.pdf,PDL1.0,2449347fc81a,近畿地整が独自調査で設定した単価(物価資料に載っていない地区・規格だけ)。消費税抜き。
3708f16bd5058193,JP,material,生コンクリート・モルタル,生コンクリート,高炉 ２４－１２－２５（２０） [単位水量175以下W/C55以下],m3,bureau_area,24,三重県,三重 名張市,,,29500,JPY,design_unit_price_ex_tax,published_pdl,,,2025-07,2025-07-01,kkr-zairyo-r7-07,26,https://www.kkr.mlit.go.jp/plan/jigyousya/technical_information/gijutsukanri/qgl8vl0000004zj9-att/2025_07tanka.pdf,PDL1.0,2449347fc81a,近畿地整が独自調査で設定した単価(物価資料に載っていない地区・規格だけ)。消費税抜き。
b4aaf48579e80f25,JP,material,生コンクリート・モルタル,生コンクリート,高炉 ２４－１２－２５（２０） [単位水量175以下W/C55以下],m3,bureau_area,24,三重県,三重 伊賀市 / 旧上野市他,,,29500,JPY,design_unit_price_ex_tax,published_pdl,,,2025-07,2025-07-01,kkr-zairyo-r7-07,26,https://www.kkr.mlit.go.jp/plan/jigyousya/technical_information/gijutsukanri/qgl8vl0000004zj9-att/2025_07tanka.pdf,PDL1.0,2449347fc81a,近畿地整が独自調査で設定した単価(物価資料に載っていない地区・規格だけ)。消費税抜き。
a672202d79e0366c,JP,material,生コンクリート・モルタル,生コンクリート,高炉 ２４－１２－２５（２０） [単位水量175以下W/C55以下],m3,bureau_area,24,三重県,三重 伊賀市 / 旧青山町,,,29500,JPY,design_unit_price_ex_tax,published_pdl,,,2025-07,2025-07-01,kkr-zairyo-r7-07,26,https://www.kkr.mlit.go.jp/plan/jigyousya/technical_information/gijutsukanri/qgl8vl0000004zj9-att/2025_07tanka.pdf,PDL1.0,2449347fc81a,近畿地整が独自調査で設定した単価(物価資料に載っていない地区・規格だけ)。消費税抜き。
f7aaa9cc69da3ab4,JP,material,生コンクリート・モルタル,生コンクリート,高炉 ２４－１２－２５（２０） [単位水量175以下W/C55以下],m3,bureau_area,24,三重県,三重 太郎生,,,30000,JPY,design_unit_price_ex_tax,published_pdl,,,2025-07,2025-07-01,kkr-zairyo-r7-07,26,https://www.kkr.mlit.go.jp/plan/jigyousya/technical_information/gijutsukanri/qgl8vl0000004zj9-att/2025_07tanka.pdf,PDL1.0,2449347fc81a,近畿地整が独自調査で設定した単価(物価資料に載っていない地区・規格だけ)。消費税抜き。
2543ec1df457721f,JP,material,生コンクリート・モルタル,生コンクリート,高炉 ２４－１２－２５（２０） [単位水量175以下W/C55以下],m3,bureau_area,24,三重県,三重 紀宝町他,,,34900,JPY,design_unit_price_ex_tax,published_pdl,,,2025-07,2025-07-01,kkr-zairyo-r7-07,26,https://www.kkr.mlit.go.jp/plan/jigyousya/technical_information/gijutsukanri/qgl8vl0000004zj9-att/2025_07tanka.pdf,PDL1.0,2449347fc81a,近畿地整が独自調査で設定した単価(物価資料に載っていない地区・規格だけ)。消費税抜き。
f6418d6ce2a0d335,JP,material,生コンクリート・モルタル,生コンクリート,高炉 １８－５－４０ [単位水量165以下W/C60以下],m3,bureau_area,30,和歌山県,和歌山 西牟婁郡他 / すさみ町,,,27300,JPY,design_unit_price_ex_tax,published_pdl,,,2025-07,2025-07-01,kkr-zairyo-r7-07,26,https://www.kkr.mlit.go.jp/plan/jigyousya/technical_information/gijutsukanri/qgl8vl0000004zj9-att/2025_07tanka.pdf,PDL1.0,1e6b6820cfe1,近畿地整が独自調査で設定した単価(物価資料に載っていない地区・規格だけ)。消費税抜き。
9f4210089c28149a,JP,material,生コンクリート・モルタル,生コンクリート,高炉 １８－５－４０ [単位水量165以下W/C60以下],m3,bureau_area,30,和歌山県,和歌山 玉置口,,,32900,JPY,design_unit_price_ex_tax,published_pdl,,,2025-07,2025-07-01,kkr-zairyo-r7-07,26,https://www.kkr.mlit.go.jp/plan/jigyousya/technical_information/gijutsukanri/qgl8vl0000004zj9-att/2025_07tanka.pdf,PDL1.0,1e6b6820cfe1,近畿地整が独自調査で設定した単価(物価資料に載っていない地区・規格だけ)。消費税抜き。
d155776932229507,JP,material,生コンクリート・モルタル,生コンクリート,高炉 １８－５－４０ [単位水量165以下W/C60以下],m3,bureau_area,24,三重県,三重 名張市,,,29000,JPY,design_unit_price_ex_tax,published_pdl,,,2025-07,2025-07-01,kkr-zairyo-r7-07,26,https://www.kkr.mlit.go.jp/plan/jigyousya/technical_information/gijutsukanri/qgl8vl0000004zj9-att/2025_07tanka.pdf,PDL1.0,1e6b6820cfe1,近畿地整が独自調査で設定した単価(物価資料に載っていない地区・規格だけ)。消費税抜き。
242c435ab99ea282,JP,material,生コンクリート・モルタル,生コンクリート,高炉 １８－５－４０ [単位水量165以下W/C60以下],m3,bureau_area,24,三重県,三重 伊賀市 / 旧上野市他,,,29000,JPY,design_unit_price_ex_tax,published_pdl,,,2025-07,2025-07-01,kkr-zairyo-r7-07,26,https://www.kkr.mlit.go.jp/plan/jigyousya/technical_information/gijutsukanri/qgl8vl0000004zj9-att/2025_07tanka.pdf,PDL1.0,1e6b6820cfe1,近畿地整が独自調査で設定した単価(物価資料に載っていない地区・規格だけ)。消費税抜き。
72e3b8b6c0fa040b,JP,material,生コンクリート・モルタル,生コンクリート,高炉 １８－５－４０ [単位水量165以下W/C60以下],m3,bureau_area,24,三重県,三重 伊賀市 / 旧青山町,,,29000,JPY,design_unit_price_ex_tax,published_pdl,,,2025-07,2025-07-01,kkr-zairyo-r7-07,26,https://www.kkr.mlit.go.jp/plan/jigyousya/technical_information/gijutsukanri/qgl8vl0000004zj9-att/2025_07tanka.pdf,PDL1.0,1e6b6820cfe1,近畿地整が独自調査で設定した単価(物価資料に載っていない地区・規格だけ)。消費税抜き。
388b5e7a88a54b5c,JP,material,生コンクリート・モルタル,生コンクリート,高炉 １８－５－４０ [単位水量165以下W/C60以下],m3,bureau_area,24,三重県,三重 太郎生,,,29500,JPY,design_unit_price_ex_tax,published_pdl,,,2025-07,2025-07-01,kkr-zairyo-r7-07,26,https://www.kkr.mlit.go.jp/plan/jigyousya/technical_information/gijutsukanri/qgl8vl0000004zj9-att/2025_07tanka.pdf,PDL1.0,1e6b6820cfe1,近畿地整が独自調査で設定した単価(物価資料に載っていない地区・規格だけ)。消費税抜き。
d8aa04a5da13ef7f,JP,material,生コンクリート・モルタル,生コンクリート,高炉 １８－５－４０ [単位水量165以下W/C60以下],m3,bureau_area,24,三重県,三重 紀宝町他,,,32900,JPY,design_unit_price_ex_tax,published_pdl,,,2025-07,2025-07-01,kkr-zairyo-r7-07,26,https://www.kkr.mlit.go.jp/plan/jigyousya/technical_information/gijutsukanri/qgl8vl0000004zj9-att/2025_07tanka.pdf,PDL1.0,1e6b6820cfe1,近畿地整が独自調査で設定した単価(物価資料に載っていない地区・規格だけ)。消費税抜き。
b84c33e31acbd20f,JP,material,生コンクリート・モルタル,生コンクリート,高炉 １８－８－４０ [単位水量165以下W/C60以下],m3,bureau_area,30,和歌山県,和歌山 西牟婁郡他 / すさみ町,,,27300,JPY,design_unit_price_ex_tax,published_pdl,,,2025-07,2025-07-01,kkr-zairyo-r7-07,26,https://www.kkr.mlit.go.jp/plan/jigyousya/technical_information/gijutsukanri/qgl8vl0000004zj9-att/2025_07tanka.pdf,PDL1.0,6bed2bb1426c,近畿地整が独自調査で設定した単価(物価資料に載っていない地区・規格だけ)。消費税抜き。
9bc9c16780f3c125,JP,material,生コンクリート・モルタル,生コンクリート,高炉 １８－８－４０ [単位水量165以下W/C60以下],m3,bureau_area,30,和歌山県,和歌山 玉置口,,,32900,JPY,design_unit_price_ex_tax,published_pdl,,,2025-07,2025-07-01,kkr-zairyo-r7-07,26,https://www.kkr.mlit.go.jp/plan/jigyousya/technical_information/gijutsukanri/qgl8vl0000004zj9-att/2025_07tanka.pdf,PDL1.0,6bed2bb1426c,近畿地整が独自調査で設定した単価(物価資料に載っていない地区・規格だけ)。消費税抜き。
254f22223e94f39d,JP,material,生コンクリート・モルタル,生コンクリート,高炉 １８－８－４０ [単位水量165以下W/C60以下],m3,bureau_area,24,三重県,三重 名張市,,,29000,JPY,design_unit_price_ex_tax,published_pdl,,,2025-07,2025-07-01,kkr-zairyo-r7-07,26,https://www.kkr.mlit.go.jp/plan/jigyousya/technical_information/gijutsukanri/qgl8vl0000004zj9-att/2025_07tanka.pdf,PDL1.0,6bed2bb1426c,近畿地整が独自調査で設定した単価(物価資料に載っていない地区・規格だけ)。消費税抜き。
644bc41badf5478e,JP,material,生コンクリート・モルタル,生コンクリート,高炉 １８－８－４０ [単位水量165以下W/C60以下],m3,bureau_area,24,三重県,三重 伊賀市 / 旧上野市他,,,29000,JPY,design_unit_price_ex_tax,published_pdl,,,2025-07,2025-07-01,kkr-zairyo-r7-07,26,https://www.kkr.mlit.go.jp/plan/jigyousya/technical_information/gijutsukanri/qgl8vl0000004zj9-att/2025_07tanka.pdf,PDL1.0,6bed2bb1426c,近畿地整が独自調査で設定した単価(物価資料に載っていない地区・規格だけ)。消費税抜き。
61628c23b5e76b9f,JP,material,生コンクリート・モルタル,生コンクリート,高炉 １８－８－４０ [単位水量165以下W/C60以下],m3,bureau_area,24,三重県,三重 伊賀市 / 旧青山町,,,29000,JPY,design_unit_price_ex_tax,published_pdl,,,2025-07,2025-07-01,kkr-zairyo-r7-07,26,https://www.kkr.mlit.go.jp/plan/jigyousya/technical_information/gijutsukanri/qgl8vl0000004zj9-att/2025_07tanka.pdf,PDL1.0,6bed2bb1426c,近畿地整が独自調査で設定した単価(物価資料に載っていない地区・規格だけ)。消費税抜き。
4788fcf4cfe1dc5b,JP,material,生コンクリート・モルタル,生コンクリート,高炉 １８－８－４０ [単位水量165以下W/C60以下],m3,bureau_area,24,三重県,三重 太郎生,,,29500,JPY,design_unit_price_ex_tax,published_pdl,,,2025-07,2025-07-01,kkr-zairyo-r7-07,26,https://www.kkr.mlit.go.jp/plan/jigyousya/technical_information/gijutsukanri/qgl8vl0000004zj9-att/2025_07tanka.pdf,PDL1.0,6bed2bb1426c,近畿地整が独自調査で設定した単価(物価資料に載っていない地区・規格だけ)。消費税抜き。
686e01383bbaa5be,JP,material,生コンクリート・モルタル,生コンクリート,高炉 １８－８－４０ [単位水量165以下W/C60以下],m3,bureau_area,24,三重県,三重 紀宝町他,,,32900,JPY,design_unit_price_ex_tax,published_pdl,,,2025-07,2025-07-01,kkr-zairyo-r7-07,26,https://www.kkr.mlit.go.jp/plan/jigyousya/technical_information/gijutsukanri/qgl8vl0000004zj9-att/2025_07tanka.pdf,PDL1.0,6bed2bb1426c,近畿地整が独自調査で設定した単価(物価資料に載っていない地区・規格だけ)。消費税抜き。
b97e6135a707126d,JP,material,生コンクリート・モルタル,生コンクリート,高炉 １８－８－４０ Ｃ＝２３０以上 [単位水量165以下W/C60以下],m3,bureau_area,30,和歌山県,和歌山 西牟婁郡他 / すさみ町,,,27300,JPY,design_unit_price_ex_tax,published_pdl,,,2025-07,2025-07-01,kkr-zairyo-r7-07,26,https://www.kkr.mlit.go.jp/plan/jigyousya/technical_information/gijutsukanri/qgl8vl0000004zj9-att/2025_07tanka.pdf,PDL1.0,,近畿地整が独自調査で設定した単価(物価資料に載っていない地区・規格だけ)。消費税抜き。
ea6e8b7a7cc835c8,JP,material,生コンクリート・モルタル,生コンクリート,高炉 １８－８－４０ Ｃ＝２３０以上 [単位水量165以下W/C60以下],m3,bureau_area,30,和歌山県,和歌山 玉置口,,,32900,JPY,design_unit_price_ex_tax,published_pdl,,,2025-07,2025-07-01,kkr-zairyo-r7-07,26,https://www.kkr.mlit.go.jp/plan/jigyousya/technical_information/gijutsukanri/qgl8vl0000004zj9-att/2025_07tanka.pdf,PDL1.0,,近畿地整が独自調査で設定した単価(物価資料に載っていない地区・規格だけ)。消費税抜き。
a1ca11630a08b310,JP,material,生コンクリート・モルタル,生コンクリート,高炉 １８－８－４０ Ｃ＝２３０以上 [単位水量165以下W/C60以下],m3,bureau_area,24,三重県,三重 名張市,,,29000,JPY,design_unit_price_ex_tax,published_pdl,,,2025-07,2025-07-01,kkr-zairyo-r7-07,26,https://www.kkr.mlit.go.jp/plan/jigyousya/technical_information/gijutsukanri/qgl8vl0000004zj9-att/2025_07tanka.pdf,PDL1.0,,近畿地整が独自調査で設定した単価(物価資料に載っていない地区・規格だけ)。消費税抜き。
023a32d3022935c0,JP,material,生コンクリート・モルタル,生コンクリート,高炉 １８－８－４０ Ｃ＝２３０以上 [単位水量165以下W/C60以下],m3,bureau_area,24,三重県,三重 伊賀市 / 旧上野市他,,,29000,JPY,design_unit_price_ex_tax,published_pdl,,,2025-07,2025-07-01,kkr-zairyo-r7-07,26,https://www.kkr.mlit.go.jp/plan/jigyousya/technical_information/gijutsukanri/qgl8vl0000004zj9-att/2025_07tanka.pdf,PDL1.0,,近畿地整が独自調査で設定した単価(物価資料に載っていない地区・規格だけ)。消費税抜き。
e5c7df34a9ba5bd6,JP,material,生コンクリート・モルタル,生コンクリート,高炉 １８－８－４０ Ｃ＝２３０以上 [単位水量165以下W/C60以下],m3,bureau_area,24,三重県,三重 伊賀市 / 旧青山町,,,29000,JPY,design_unit_price_ex_tax,published_pdl,,,2025-07,2025-07-01,kkr-zairyo-r7-07,26,https://www.kkr.mlit.go.jp/plan/jigyousya/technical_information/gijutsukanri/qgl8vl0000004zj9-att/2025_07tanka.pdf,PDL1.0,,近畿地整が独自調査で設定した単価(物価資料に載っていない地区・規格だけ)。消費税抜き。
341d5d4e510d2dc7,JP,material,生コンクリート・モルタル,生コンクリート,高炉 １８－８－４０ Ｃ＝２３０以上 [単位水量165以下W/C60以下],m3,bureau_area,24,三重県,三重 太郎生,,,29500,JPY,design_unit_price_ex_tax,published_pdl,,,2025-07,2025-07-01,kkr-zairyo-r7-07,26,https://www.kkr.mlit.go.jp/plan/jigyousya/technical_information/gijutsukanri/qgl8vl0000004zj9-att/2025_07tanka.pdf,PDL1.0,,近畿地整が独自調査で設定した単価(物価資料に載っていない地区・規格だけ)。消費税抜き。
e2b844a6c164e912,JP,material,生コンクリート・モルタル,生コンクリート,高炉 １８－８－４０ Ｃ＝２３０以上 [単位水量165以下W/C60以下],m3,bureau_area,24,三重県,三重 紀宝町他,,,32900,JPY,design_unit_price_ex_tax,published_pdl,,,2025-07,2025-07-01,kkr-zairyo-r7-07,26,https://www.kkr.mlit.go.jp/plan/jigyousya/technical_information/gijutsukanri/qgl8vl0000004zj9-att/2025_07tanka.pdf,PDL1.0,,近畿地整が独自調査で設定した単価(物価資料に載っていない地区・規格だけ)。消費税抜き。
e389d6d01b24e605,JP,material,生コンクリート・モルタル,生コンクリート,高炉 １８－１２－４０ Ｃ＝２７０ [単位水量165以下W/C60以下],m3,bureau_area,30,和歌山県,和歌山 西牟婁郡他 / すさみ町,,,28500,JPY,design_unit_price_ex_tax,published_pdl,,,2025-07,2025-07-01,kkr-zairyo-r7-07,26,https://www.kkr.mlit.go.jp/plan/jigyousya/technical_information/gijutsukanri/qgl8vl0000004zj9-att/2025_07tanka.pdf,PDL1.0,,近畿地整が独自調査で設定した単価(物価資料に載っていない地区・規格だけ)。消費税抜き。
744d508c9b7eaeeb,JP,material,生コンクリート・モルタル,生コンクリート,高炉 １８－１２－４０ Ｃ＝２７０ [単位水量165以下W/C60以下],m3,bureau_area,30,和歌山県,和歌山 玉置口,,,33900,JPY,design_unit_price_ex_tax,published_pdl,,,2025-07,2025-07-01,kkr-zairyo-r7-07,26,https://www.kkr.mlit.go.jp/plan/jigyousya/technical_information/gijutsukanri/qgl8vl0000004zj9-att/2025_07tanka.pdf,PDL1.0,,近畿地整が独自調査で設定した単価(物価資料に載っていない地区・規格だけ)。消費税抜き。
0df858a20516a7bb,JP,material,生コンクリート・モルタル,生コンクリート,高炉 １８－１２－４０ Ｃ＝２７０ [単位水量165以下W/C60以下],m3,bureau_area,24,三重県,三重 名張市,,,29000,JPY,design_unit_price_ex_tax,published_pdl,,,2025-07,2025-07-01,kkr-zairyo-r7-07,26,https://www.kkr.mlit.go.jp/plan/jigyousya/technical_information/gijutsukanri/qgl8vl0000004zj9-att/2025_07tanka.pdf,PDL1.0,,近畿地整が独自調査で設定した単価(物価資料に載っていない地区・規格だけ)。消費税抜き。
705dc21c9e3e5c83,JP,material,生コンクリート・モルタル,生コンクリート,高炉 １８－１２－４０ Ｃ＝２７０ [単位水量165以下W/C60以下],m3,bureau_area,24,三重県,三重 伊賀市 / 旧上野市他,,,29000,JPY,design_unit_price_ex_tax,published_pdl,,,2025-07,2025-07-01,kkr-zairyo-r7-07,26,https://www.kkr.mlit.go.jp/plan/jigyousya/technical_information/gijutsukanri/qgl8vl0000004zj9-att/2025_07tanka.pdf,PDL1.0,,近畿地整が独自調査で設定した単価(物価資料に載っていない地区・規格だけ)。消費税抜き。
79513f6b4a229f59,JP,material,生コンクリート・モルタル,生コンクリート,高炉 １８－１２－４０ Ｃ＝２７０ [単位水量165以下W/C60以下],m3,bureau_area,24,三重県,三重 伊賀市 / 旧青山町,,,29000,JPY,design_unit_price_ex_tax,published_pdl,,,2025-07,2025-07-01,kkr-zairyo-r7-07,26,https://www.kkr.mlit.go.jp/plan/jigyousya/technical_information/gijutsukanri/qgl8vl0000004zj9-att/2025_07tanka.pdf,PDL1.0,,近畿地整が独自調査で設定した単価(物価資料に載っていない地区・規格だけ)。消費税抜き。
060bcf093f819526,JP,material,生コンクリート・モルタル,生コンクリート,高炉 １８－１２－４０ Ｃ＝２７０ [単位水量165以下W/C60以下],m3,bureau_area,24,三重県,三重 太郎生,,,29500,JPY,design_unit_price_ex_tax,published_pdl,,,2025-07,2025-07-01,kkr-zairyo-r7-07,26,https://www.kkr.mlit.go.jp/plan/jigyousya/technical_information/gijutsukanri/qgl8vl0000004zj9-att/2025_07tanka.pdf,PDL1.0,,近畿地整が独自調査で設定した単価(物価資料に載っていない地区・規格だけ)。消費税抜き。
5cedb67a9740eb9b,JP,material,生コンクリート・モルタル,生コンクリート,高炉 １８－１２－４０ Ｃ＝２７０ [単位水量165以下W/C60以下],m3,bureau_area,24,三重県,三重 紀宝町他,,,33900,JPY,design_unit_price_ex_tax,published_pdl,,,2025-07,2025-07-01,kkr-zairyo-r7-07,26,https://www.kkr.mlit.go.jp/plan/jigyousya/technical_information/gijutsukanri/qgl8vl0000004zj9-att/2025_07tanka.pdf,PDL1.0,,近畿地整が独自調査で設定した単価(物価資料に載っていない地区・規格だけ)。消費税抜き。
48b6d5ff566c6c26,JP,material,生コンクリート・モルタル,生コンクリート,高炉 ２１－５－４０ [単位水量165以下W/C60以下],m3,bureau_area,30,和歌山県,和歌山 西牟婁郡他 / すさみ町,,,27900,JPY,design_unit_price_ex_tax,published_pdl,,,2025-07,2025-07-01,kkr-zairyo-r7-07,26,https://www.kkr.mlit.go.jp/plan/jigyousya/technical_information/gijutsukanri/qgl8vl0000004zj9-att/2025_07tanka.pdf,PDL1.0,83539ae309ca,近畿地整が独自調査で設定した単価(物価資料に載っていない地区・規格だけ)。消費税抜き。
4163b5c7bf25496c,JP,material,生コンクリート・モルタル,生コンクリート,高炉 ２１－５－４０ [単位水量165以下W/C60以下],m3,bureau_area,30,和歌山県,和歌山 玉置口,,,33900,JPY,design_unit_price_ex_tax,published_pdl,,,2025-07,2025-07-01,kkr-zairyo-r7-07,26,https://www.kkr.mlit.go.jp/plan/jigyousya/technical_information/gijutsukanri/qgl8vl0000004zj9-att/2025_07tanka.pdf,PDL1.0,83539ae309ca,近畿地整が独自調査で設定した単価(物価資料に載っていない地区・規格だけ)。消費税抜き。
2621708026fc30b8,JP,material,生コンクリート・モルタル,生コンクリート,高炉 ２１－５－４０ [単位水量165以下W/C60以下],m3,bureau_area,24,三重県,三重 名張市,,,29000,JPY,design_unit_price_ex_tax,published_pdl,,,2025-07,2025-07-01,kkr-zairyo-r7-07,26,https://www.kkr.mlit.go.jp/plan/jigyousya/technical_information/gijutsukanri/qgl8vl0000004zj9-att/2025_07tanka.pdf,PDL1.0,83539ae309ca,近畿地整が独自調査で設定した単価(物価資料に載っていない地区・規格だけ)。消費税抜き。
ac4cbb9fd76a78f1,JP,material,生コンクリート・モルタル,生コンクリート,高炉 ２１－５－４０ [単位水量165以下W/C60以下],m3,bureau_area,24,三重県,三重 伊賀市 / 旧上野市他,,,29000,JPY,design_unit_price_ex_tax,published_pdl,,,2025-07,2025-07-01,kkr-zairyo-r7-07,26,https://www.kkr.mlit.go.jp/plan/jigyousya/technical_information/gijutsukanri/qgl8vl0000004zj9-att/2025_07tanka.pdf,PDL1.0,83539ae309ca,近畿地整が独自調査で設定した単価(物価資料に載っていない地区・規格だけ)。消費税抜き。
a9c4ef15d140b1b7,JP,material,生コンクリート・モルタル,生コンクリート,高炉 ２１－５－４０ [単位水量165以下W/C60以下],m3,bureau_area,24,三重県,三重 伊賀市 / 旧青山町,,,29000,JPY,design_unit_price_ex_tax,published_pdl,,,2025-07,2025-07-01,kkr-zairyo-r7-07,26,https://www.kkr.mlit.go.jp/plan/jigyousya/technical_information/gijutsukanri/qgl8vl0000004zj9-att/2025_07tanka.pdf,PDL1.0,83539ae309ca,近畿地整が独自調査で設定した単価(物価資料に載っていない地区・規格だけ)。消費税抜き。
38b7d261b99f2bd4,JP,material,生コンクリート・モルタル,生コンクリート,高炉 ２１－５－４０ [単位水量165以下W/C60以下],m3,bureau_area,24,三重県,三重 太郎生,,,29500,JPY,design_unit_price_ex_tax,published_pdl,,,2025-07,2025-07-01,kkr-zairyo-r7-07,26,https://www.kkr.mlit.go.jp/plan/jigyousya/technical_information/gijutsukanri/qgl8vl0000004zj9-att/2025_07tanka.pdf,PDL1.0,83539ae309ca,近畿地整が独自調査で設定した単価(物価資料に載っていない地区・規格だけ)。消費税抜き。
2d25ad2b76254876,JP,material,生コンクリート・モルタル,生コンクリート,高炉 ２１－５－４０ [単位水量165以下W/C60以下],m3,bureau_area,24,三重県,三重 紀宝町他,,,34900,JPY,design_unit_price_ex_tax,published_pdl,,,2025-07,2025-07-01,kkr-zairyo-r7-07,26,https://www.kkr.mlit.go.jp/plan/jigyousya/technical_information/gijutsukanri/qgl8vl0000004zj9-att/2025_07tanka.pdf,PDL1.0,83539ae309ca,近畿地整が独自調査で設定した単価(物価資料に載っていない地区・規格だけ)。消費税抜き。
f0a0403a312ebfaf,JP,material,生コンクリート・モルタル,生コンクリート,高炉 ２１－８－４０ [単位水量165以下W/C60以下],m3,bureau_area,30,和歌山県,和歌山 西牟婁郡他 / すさみ町,,,27900,JPY,design_unit_price_ex_tax,published_pdl,,,2025-07,2025-07-01,kkr-zairyo-r7-07,26,https://www.kkr.mlit.go.jp/plan/jigyousya/technical_information/gijutsukanri/qgl8vl0000004zj9-att/2025_07tanka.pdf,PDL1.0,c3c017c7630d,近畿地整が独自調査で設定した単価(物価資料に載っていない地区・規格だけ)。消費税抜き。
ba3b6e5c4416f0d0,JP,material,生コンクリート・モルタル,生コンクリート,高炉 ２１－８－４０ [単位水量165以下W/C60以下],m3,bureau_area,30,和歌山県,和歌山 玉置口,,,33900,JPY,design_unit_price_ex_tax,published_pdl,,,2025-07,2025-07-01,kkr-zairyo-r7-07,26,https://www.kkr.mlit.go.jp/plan/jigyousya/technical_information/gijutsukanri/qgl8vl0000004zj9-att/2025_07tanka.pdf,PDL1.0,c3c017c7630d,近畿地整が独自調査で設定した単価(物価資料に載っていない地区・規格だけ)。消費税抜き。
d041f9b043a25b63,JP,material,生コンクリート・モルタル,生コンクリート,高炉 ２１－８－４０ [単位水量165以下W/C60以下],m3,bureau_area,24,三重県,三重 名張市,,,29000,JPY,design_unit_price_ex_tax,published_pdl,,,2025-07,2025-07-01,kkr-zairyo-r7-07,26,https://www.kkr.mlit.go.jp/plan/jigyousya/technical_information/gijutsukanri/qgl8vl0000004zj9-att/2025_07tanka.pdf,PDL1.0,c3c017c7630d,近畿地整が独自調査で設定した単価(物価資料に載っていない地区・規格だけ)。消費税抜き。
5dcde848a939b4eb,JP,material,生コンクリート・モルタル,生コンクリート,高炉 ２１－８－４０ [単位水量165以下W/C60以下],m3,bureau_area,24,三重県,三重 伊賀市 / 旧上野市他,,,29000,JPY,design_unit_price_ex_tax,published_pdl,,,2025-07,2025-07-01,kkr-zairyo-r7-07,26,https://www.kkr.mlit.go.jp/plan/jigyousya/technical_information/gijutsukanri/qgl8vl0000004zj9-att/2025_07tanka.pdf,PDL1.0,c3c017c7630d,近畿地整が独自調査で設定した単価(物価資料に載っていない地区・規格だけ)。消費税抜き。
5248dd1a602071d8,JP,material,生コンクリート・モルタル,生コンクリート,高炉 ２１－８－４０ [単位水量165以下W/C60以下],m3,bureau_area,24,三重県,三重 伊賀市 / 旧青山町,,,29000,JPY,design_unit_price_ex_tax,published_pdl,,,2025-07,2025-07-01,kkr-zairyo-r7-07,26,https://www.kkr.mlit.go.jp/plan/jigyousya/technical_information/gijutsukanri/qgl8vl0000004zj9-att/2025_07tanka.pdf,PDL1.0,c3c017c7630d,近畿地整が独自調査で設定した単価(物価資料に載っていない地区・規格だけ)。消費税抜き。
c7fefe365c7dc762,JP,material,生コンクリート・モルタル,生コンクリート,高炉 ２１－８－４０ [単位水量165以下W/C60以下],m3,bureau_area,24,三重県,三重 太郎生,,,29500,JPY,design_unit_price_ex_tax,published_pdl,,,2025-07,2025-07-01,kkr-zairyo-r7-07,26,https://www.kkr.mlit.go.jp/plan/jigyousya/technical_information/gijutsukanri/qgl8vl0000004zj9-att/2025_07tanka.pdf,PDL1.0,c3c017c7630d,近畿地整が独自調査で設定した単価(物価資料に載っていない地区・規格だけ)。消費税抜き。
aa21c6305cc07f7e,JP,material,生コンクリート・モルタル,生コンクリート,高炉 ２１－８－４０ [単位水量165以下W/C60以下],m3,bureau_area,24,三重県,三重 紀宝町他,,,34900,JPY,design_unit_price_ex_tax,published_pdl,,,2025-07,2025-07-01,kkr-zairyo-r7-07,26,https://www.kkr.mlit.go.jp/plan/jigyousya/technical_information/gijutsukanri/qgl8vl0000004zj9-att/2025_07tanka.pdf,PDL1.0,c3c017c7630d,近畿地整が独自調査で設定した単価(物価資料に載っていない地区・規格だけ)。消費税抜き。
d047a7177febb634,JP,material,生コンクリート・モルタル,生コンクリート,高炉 ２１－１２－４０ [単位水量165以下W/C60以下],m3,bureau_area,30,和歌山県,和歌山 西牟婁郡他 / すさみ町,,,27900,JPY,design_unit_price_ex_tax,published_pdl,,,2025-07,2025-07-01,kkr-zairyo-r7-07,26,https://www.kkr.mlit.go.jp/plan/jigyousya/technical_information/gijutsukanri/qgl8vl0000004zj9-att/2025_07tanka.pdf,PDL1.0,64b47d0de931,近畿地整が独自調査で設定した単価(物価資料に載っていない地区・規格だけ)。消費税抜き。
fb83d5a2f5bcd4c0,JP,material,生コンクリート・モルタル,生コンクリート,高炉 ２１－１２－４０ [単位水量165以下W/C60以下],m3,bureau_area,30,和歌山県,和歌山 玉置口,,,33900,JPY,design_unit_price_ex_tax,published_pdl,,,2025-07,2025-07-01,kkr-zairyo-r7-07,26,https://www.kkr.mlit.go.jp/plan/jigyousya/technical_information/gijutsukanri/qgl8vl0000004zj9-att/2025_07tanka.pdf,PDL1.0,64b47d0de931,近畿地整が独自調査で設定した単価(物価資料に載っていない地区・規格だけ)。消費税抜き。
a9ff3ba19f6d81fd,JP,material,生コンクリート・モルタル,生コンクリート,高炉 ２１－１２－４０ [単位水量165以下W/C60以下],m3,bureau_area,24,三重県,三重 名張市,,,29000,JPY,design_unit_price_ex_tax,published_pdl,,,2025-07,2025-07-01,kkr-zairyo-r7-07,26,https://www.kkr.mlit.go.jp/plan/jigyousya/technical_information/gijutsukanri/qgl8vl0000004zj9-att/2025_07tanka.pdf,PDL1.0,64b47d0de931,近畿地整が独自調査で設定した単価(物価資料に載っていない地区・規格だけ)。消費税抜き。
9840218d9785997f,JP,material,生コンクリート・モルタル,生コンクリート,高炉 ２１－１２－４０ [単位水量165以下W/C60以下],m3,bureau_area,24,三重県,三重 伊賀市 / 旧上野市他,,,29000,JPY,design_unit_price_ex_tax,published_pdl,,,2025-07,2025-07-01,kkr-zairyo-r7-07,26,https://www.kkr.mlit.go.jp/plan/jigyousya/technical_information/gijutsukanri/qgl8vl0000004zj9-att/2025_07tanka.pdf,PDL1.0,64b47d0de931,近畿地整が独自調査で設定した単価(物価資料に載っていない地区・規格だけ)。消費税抜き。
84462ce42e077b87,JP,material,生コンクリート・モルタル,生コンクリート,高炉 ２１－１２－４０ [単位水量165以下W/C60以下],m3,bureau_area,24,三重県,三重 伊賀市 / 旧青山町,,,29000,JPY,design_unit_price_ex_tax,published_pdl,,,2025-07,2025-07-01,kkr-zairyo-r7-07,26,https://www.kkr.mlit.go.jp/plan/jigyousya/technical_information/gijutsukanri/qgl8vl0000004zj9-att/2025_07tanka.pdf,PDL1.0,64b47d0de931,近畿地整が独自調査で設定した単価(物価資料に載っていない地区・規格だけ)。消費税抜き。
a19f2dc971a8290f,JP,material,生コンクリート・モルタル,生コンクリート,高炉 ２１－１２－４０ [単位水量165以下W/C60以下],m3,bureau_area,24,三重県,三重 太郎生,,,29500,JPY,design_unit_price_ex_tax,published_pdl,,,2025-07,2025-07-01,kkr-zairyo-r7-07,26,https://www.kkr.mlit.go.jp/plan/jigyousya/technical_information/gijutsukanri/qgl8vl0000004zj9-att/2025_07tanka.pdf,PDL1.0,64b47d0de931,近畿地整が独自調査で設定した単価(物価資料に載っていない地区・規格だけ)。消費税抜き。
4841db23d49df081,JP,material,生コンクリート・モルタル,生コンクリート,高炉 ２１－１２－４０ [単位水量165以下W/C60以下],m3,bureau_area,24,三重県,三重 紀宝町他,,,33900,JPY,design_unit_price_ex_tax,published_pdl,,,2025-07,2025-07-01,kkr-zairyo-r7-07,26,https://www.kkr.mlit.go.jp/plan/jigyousya/technical_information/gijutsukanri/qgl8vl0000004zj9-att/2025_07tanka.pdf,PDL1.0,64b47d0de931,近畿地整が独自調査で設定した単価(物価資料に載っていない地区・規格だけ)。消費税抜き。
de6c378ef0c9233b,JP,material,生コンクリート・モルタル,生コンクリート,高炉 ２４－８－４０ [単位水量165以下W/C55以下],m3,bureau_area,30,和歌山県,和歌山 西牟婁郡他 / すさみ町,,,28500,JPY,design_unit_price_ex_tax,published_pdl,,,2025-07,2025-07-01,kkr-zairyo-r7-07,26,https://www.kkr.mlit.go.jp/plan/jigyousya/technical_information/gijutsukanri/qgl8vl0000004zj9-att/2025_07tanka.pdf,PDL1.0,fd3c9527cc1f,近畿地整が独自調査で設定した単価(物価資料に載っていない地区・規格だけ)。消費税抜き。
26ce6a4501992bd1,JP,material,生コンクリート・モルタル,生コンクリート,高炉 ２４－８－４０ [単位水量165以下W/C55以下],m3,bureau_area,30,和歌山県,和歌山 玉置口,,,34900,JPY,design_unit_price_ex_tax,published_pdl,,,2025-07,2025-07-01,kkr-zairyo-r7-07,26,https://www.kkr.mlit.go.jp/plan/jigyousya/technical_information/gijutsukanri/qgl8vl0000004zj9-att/2025_07tanka.pdf,PDL1.0,fd3c9527cc1f,近畿地整が独自調査で設定した単価(物価資料に載っていない地区・規格だけ)。消費税抜き。
0a143ce7e3d5c828,JP,material,生コンクリート・モルタル,生コンクリート,高炉 ２４－８－４０ [単位水量165以下W/C55以下],m3,bureau_area,24,三重県,三重 名張市,,,29500,JPY,design_unit_price_ex_tax,published_pdl,,,2025-07,2025-07-01,kkr-zairyo-r7-07,26,https://www.kkr.mlit.go.jp/plan/jigyousya/technical_information/gijutsukanri/qgl8vl0000004zj9-att/2025_07tanka.pdf,PDL1.0,fd3c9527cc1f,近畿地整が独自調査で設定した単価(物価資料に載っていない地区・規格だけ)。消費税抜き。
a6709accef755329,JP,material,生コンクリート・モルタル,生コンクリート,高炉 ２４－８－４０ [単位水量165以下W/C55以下],m3,bureau_area,24,三重県,三重 伊賀市 / 旧上野市他,,,29500,JPY,design_unit_price_ex_tax,published_pdl,,,2025-07,2025-07-01,kkr-zairyo-r7-07,26,https://www.kkr.mlit.go.jp/plan/jigyousya/technical_information/gijutsukanri/qgl8vl0000004zj9-att/2025_07tanka.pdf,PDL1.0,fd3c9527cc1f,近畿地整が独自調査で設定した単価(物価資料に載っていない地区・規格だけ)。消費税抜き。
71f0cbdacea13c75,JP,material,生コンクリート・モルタル,生コンクリート,高炉 ２４－８－４０ [単位水量165以下W/C55以下],m3,bureau_area,24,三重県,三重 伊賀市 / 旧青山町,,,29500,JPY,design_unit_price_ex_tax,published_pdl,,,2025-07,2025-07-01,kkr-zairyo-r7-07,26,https://www.kkr.mlit.go.jp/plan/jigyousya/technical_information/gijutsukanri/qgl8vl0000004zj9-att/2025_07tanka.pdf,PDL1.0,fd3c9527cc1f,近畿地整が独自調査で設定した単価(物価資料に載っていない地区・規格だけ)。消費税抜き。
8eafb7c7e4c1f13e,JP,material,生コンクリート・モルタル,生コンクリート,高炉 ２４－８－４０ [単位水量165以下W/C55以下],m3,bureau_area,24,三重県,三重 太郎生,,,30000,JPY,design_unit_price_ex_tax,published_pdl,,,2025-07,2025-07-01,kkr-zairyo-r7-07,26,https://www.kkr.mlit.go.jp/plan/jigyousya/technical_information/gijutsukanri/qgl8vl0000004zj9-att/2025_07tanka.pdf,PDL1.0,fd3c9527cc1f,近畿地整が独自調査で設定した単価(物価資料に載っていない地区・規格だけ)。消費税抜き。
9e2112265a5acca8,JP,material,生コンクリート・モルタル,生コンクリート,高炉 ２４－８－４０ [単位水量165以下W/C55以下],m3,bureau_area,24,三重県,三重 紀宝町他,,,34900,JPY,design_unit_price_ex_tax,published_pdl,,,2025-07,2025-07-01,kkr-zairyo-r7-07,26,https://www.kkr.mlit.go.jp/plan/jigyousya/technical_information/gijutsukanri/qgl8vl0000004zj9-att/2025_07tanka.pdf,PDL1.0,fd3c9527cc1f,近畿地整が独自調査で設定した単価(物価資料に載っていない地区・規格だけ)。消費税抜き。
1c9eb64fda4d382a,JP,material,生コンクリート・モルタル,生コンクリート,高炉 ２７－５－４０ [単位水量165以下W/C55以下],m3,bureau_area,30,和歌山県,和歌山 西牟婁郡他 / すさみ町,,,29100,JPY,design_unit_price_ex_tax,published_pdl,,,2025-07,2025-07-01,kkr-zairyo-r7-07,26,https://www.kkr.mlit.go.jp/plan/jigyousya/technical_information/gijutsukanri/qgl8vl0000004zj9-att/2025_07tanka.pdf,PDL1.0,3bcecdea58c1,近畿地整が独自調査で設定した単価(物価資料に載っていない地区・規格だけ)。消費税抜き。
f97735da2bd3921d,JP,material,生コンクリート・モルタル,生コンクリート,高炉 ２７－５－４０ [単位水量165以下W/C55以下],m3,bureau_area,30,和歌山県,和歌山 玉置口,,,35900,JPY,design_unit_price_ex_tax,published_pdl,,,2025-07,2025-07-01,kkr-zairyo-r7-07,26,https://www.kkr.mlit.go.jp/plan/jigyousya/technical_information/gijutsukanri/qgl8vl0000004zj9-att/2025_07tanka.pdf,PDL1.0,3bcecdea58c1,近畿地整が独自調査で設定した単価(物価資料に載っていない地区・規格だけ)。消費税抜き。
e7ff32e668a413d2,JP,material,生コンクリート・モルタル,生コンクリート,高炉 ２７－５－４０ [単位水量165以下W/C55以下],m3,bureau_area,24,三重県,三重 名張市,,,30000,JPY,design_unit_price_ex_tax,published_pdl,,,2025-07,2025-07-01,kkr-zairyo-r7-07,26,https://www.kkr.mlit.go.jp/plan/jigyousya/technical_information/gijutsukanri/qgl8vl0000004zj9-att/2025_07tanka.pdf,PDL1.0,3bcecdea58c1,近畿地整が独自調査で設定した単価(物価資料に載っていない地区・規格だけ)。消費税抜き。
2b036535cd04604c,JP,material,生コンクリート・モルタル,生コンクリート,高炉 ２７－５－４０ [単位水量165以下W/C55以下],m3,bureau_area,24,三重県,三重 伊賀市 / 旧上野市他,,,30000,JPY,design_unit_price_ex_tax,published_pdl,,,2025-07,2025-07-01,kkr-zairyo-r7-07,26,https://www.kkr.mlit.go.jp/plan/jigyousya/technical_information/gijutsukanri/qgl8vl0000004zj9-att/2025_07tanka.pdf,PDL1.0,3bcecdea58c1,近畿地整が独自調査で設定した単価(物価資料に載っていない地区・規格だけ)。消費税抜き。
700100e7aba0f524,JP,material,生コンクリート・モルタル,生コンクリート,高炉 ２７－５－４０ [単位水量165以下W/C55以下],m3,bureau_area,24,三重県,三重 伊賀市 / 旧青山町,,,30000,JPY,design_unit_price_ex_tax,published_pdl,,,2025-07,2025-07-01,kkr-zairyo-r7-07,26,https://www.kkr.mlit.go.jp/plan/jigyousya/technical_information/gijutsukanri/qgl8vl0000004zj9-att/2025_07tanka.pdf,PDL1.0,3bcecdea58c1,近畿地整が独自調査で設定した単価(物価資料に載っていない地区・規格だけ)。消費税抜き。
3ebf996d314ac910,JP,material,生コンクリート・モルタル,生コンクリート,高炉 ２７－５－４０ [単位水量165以下W/C55以下],m3,bureau_area,24,三重県,三重 太郎生,,,30500,JPY,design_unit_price_ex_tax,published_pdl,,,2025-07,2025-07-01,kkr-zairyo-r7-07,26,https://www.kkr.mlit.go.jp/plan/jigyousya/technical_information/gijutsukanri/qgl8vl0000004zj9-att/2025_07tanka.pdf,PDL1.0,3bcecdea58c1,近畿地整が独自調査で設定した単価(物価資料に載っていない地区・規格だけ)。消費税抜き。
87f22955562ca537,JP,material,生コンクリート・モルタル,生コンクリート,高炉 ２７－５－４０ [単位水量165以下W/C55以下],m3,bureau_area,24,三重県,三重 紀宝町他,,,35900,JPY,design_unit_price_ex_tax,published_pdl,,,2025-07,2025-07-01,kkr-zairyo-r7-07,26,https://www.kkr.mlit.go.jp/plan/jigyousya/technical_information/gijutsukanri/qgl8vl0000004zj9-att/2025_07tanka.pdf,PDL1.0,3bcecdea58c1,近畿地整が独自調査で設定した単価(物価資料に載っていない地区・規格だけ)。消費税抜き。
a8518dd629877feb,JP,material,生コンクリート・モルタル,生コンクリート,高炉 ３０－１５－４０ Ｃ＝３５０ [単位水量165以下W/C55以下],m3,bureau_area,30,和歌山県,和歌山 玉置口,,,36900,JPY,design_unit_price_ex_tax,published_pdl,,,2025-07,2025-07-01,kkr-zairyo-r7-07,26,https://www.kkr.mlit.go.jp/plan/jigyousya/technical_information/gijutsukanri/qgl8vl0000004zj9-att/2025_07tanka.pdf,PDL1.0,,近畿地整が独自調査で設定した単価(物価資料に載っていない地区・規格だけ)。消費税抜き。
3d934ed49b4bcf99,JP,material,生コンクリート・モルタル,生コンクリート,高炉 ３０－１５－４０ Ｃ＝３５０ [単位水量165以下W/C55以下],m3,bureau_area,24,三重県,三重 名張市,,,31700,JPY,design_unit_price_ex_tax,published_pdl,,,2025-07,2025-07-01,kkr-zairyo-r7-07,26,https://www.kkr.mlit.go.jp/plan/jigyousya/technical_information/gijutsukanri/qgl8vl0000004zj9-att/2025_07tanka.pdf,PDL1.0,,近畿地整が独自調査で設定した単価(物価資料に載っていない地区・規格だけ)。消費税抜き。
9ca520ac4d47381d,JP,material,生コンクリート・モルタル,生コンクリート,高炉 ３０－１５－４０ Ｃ＝３５０ [単位水量165以下W/C55以下],m3,bureau_area,24,三重県,三重 伊賀市 / 旧上野市他,,,31700,JPY,design_unit_price_ex_tax,published_pdl,,,2025-07,2025-07-01,kkr-zairyo-r7-07,26,https://www.kkr.mlit.go.jp/plan/jigyousya/technical_information/gijutsukanri/qgl8vl0000004zj9-att/2025_07tanka.pdf,PDL1.0,,近畿地整が独自調査で設定した単価(物価資料に載っていない地区・規格だけ)。消費税抜き。
c4277aebb67a9ae4,JP,material,生コンクリート・モルタル,生コンクリート,高炉 ３０－１５－４０ Ｃ＝３５０ [単位水量165以下W/C55以下],m3,bureau_area,24,三重県,三重 伊賀市 / 旧青山町,,,31700,JPY,design_unit_price_ex_tax,published_pdl,,,2025-07,2025-07-01,kkr-zairyo-r7-07,26,https://www.kkr.mlit.go.jp/plan/jigyousya/technical_information/gijutsukanri/qgl8vl0000004zj9-att/2025_07tanka.pdf,PDL1.0,,近畿地整が独自調査で設定した単価(物価資料に載っていない地区・規格だけ)。消費税抜き。
c712114234c35edd,JP,material,生コンクリート・モルタル,生コンクリート,高炉 １８－１５－４０ Ｃ＝２７０以上 [単位水量165以下W/C60以下],m3,bureau_area,30,和歌山県,和歌山 西牟婁郡他 / すさみ町,,,28100,JPY,design_unit_price_ex_tax,published_pdl,,,2025-07,2025-07-01,kkr-zairyo-r7-07,26,https://www.kkr.mlit.go.jp/plan/jigyousya/technical_information/gijutsukanri/qgl8vl0000004zj9-att/2025_07tanka.pdf,PDL1.0,0d1554577eaf,近畿地整が独自調査で設定した単価(物価資料に載っていない地区・規格だけ)。消費税抜き。
450d5dd437a3471b,JP,material,生コンクリート・モルタル,生コンクリート,高炉 １８－１５－４０ Ｃ＝２７０以上 [単位水量165以下W/C60以下],m3,bureau_area,30,和歌山県,和歌山 玉置口,,,32900,JPY,design_unit_price_ex_tax,published_pdl,,,2025-07,2025-07-01,kkr-zairyo-r7-07,26,https://www.kkr.mlit.go.jp/plan/jigyousya/technical_information/gijutsukanri/qgl8vl0000004zj9-att/2025_07tanka.pdf,PDL1.0,0d1554577eaf,近畿地整が独自調査で設定した単価(物価資料に載っていない地区・規格だけ)。消費税抜き。
f569ee70d75404af,JP,material,生コンクリート・モルタル,生コンクリート,高炉 １８－１５－４０ Ｃ＝２７０以上 [単位水量165以下W/C60以下],m3,bureau_area,24,三重県,三重 名張市,,,29800,JPY,design_unit_price_ex_tax,published_pdl,,,2025-07,2025-07-01,kkr-zairyo-r7-07,26,https://www.kkr.mlit.go.jp/plan/jigyousya/technical_information/gijutsukanri/qgl8vl0000004zj9-att/2025_07tanka.pdf,PDL1.0,0d1554577eaf,近畿地整が独自調査で設定した単価(物価資料に載っていない地区・規格だけ)。消費税抜き。
54bf8430cdc1a3cd,JP,material,生コンクリート・モルタル,生コンクリート,高炉 １８－１５－４０ Ｃ＝２７０以上 [単位水量165以下W/C60以下],m3,bureau_area,24,三重県,三重 伊賀市 / 旧上野市他,,,29800,JPY,design_unit_price_ex_tax,published_pdl,,,2025-07,2025-07-01,kkr-zairyo-r7-07,26,https://www.kkr.mlit.go.jp/plan/jigyousya/technical_information/gijutsukanri/qgl8vl0000004zj9-att/2025_07tanka.pdf,PDL1.0,0d1554577eaf,近畿地整が独自調査で設定した単価(物価資料に載っていない地区・規格だけ)。消費税抜き。
3485a9f84ea7e4c2,JP,material,生コンクリート・モルタル,生コンクリート,高炉 １８－１５－４０ Ｃ＝２７０以上 [単位水量165以下W/C60以下],m3,bureau_area,24,三重県,三重 伊賀市 / 旧青山町,,,29800,JPY,design_unit_price_ex_tax,published_pdl,,,2025-07,2025-07-01,kkr-zairyo-r7-07,26,https://www.kkr.mlit.go.jp/plan/jigyousya/technical_information/gijutsukanri/qgl8vl0000004zj9-att/2025_07tanka.pdf,PDL1.0,0d1554577eaf,近畿地整が独自調査で設定した単価(物価資料に載っていない地区・規格だけ)。消費税抜き。
971ce7909b71152d,JP,material,生コンクリート・モルタル,生コンクリート,高炉 １８－１５－４０ Ｃ＝２７０以上 [単位水量165以下W/C60以下],m3,bureau_area,24,三重県,三重 紀宝町他,,,34900,JPY,design_unit_price_ex_tax,published_pdl,,,2025-07,2025-07-01,kkr-zairyo-r7-07,26,https://www.kkr.mlit.go.jp/plan/jigyousya/technical_information/gijutsukanri/qgl8vl0000004zj9-att/2025_07tanka.pdf,PDL1.0,0d1554577eaf,近畿地整が独自調査で設定した単価(物価資料に載っていない地区・規格だけ)。消費税抜き。
850b7b68e64320bb,JP,material,生コンクリート・モルタル,生コンクリート,高炉 １８－１２－２５（２０） [単位水量175以下W/C60以下],m3,bureau_area,30,和歌山県,和歌山 西牟婁郡他 / すさみ町,,,27400,JPY,design_unit_price_ex_tax,published_pdl,,,2025-07,2025-07-01,kkr-zairyo-r7-07,26,https://www.kkr.mlit.go.jp/plan/jigyousya/technical_information/gijutsukanri/qgl8vl0000004zj9-att/2025_07tanka.pdf,PDL1.0,91c7a678fb2e,近畿地整が独自調査で設定した単価(物価資料に載っていない地区・規格だけ)。消費税抜き。
5d27d5aadaf9b93f,JP,material,生コンクリート・モルタル,生コンクリート,高炉 １８－１２－２５（２０） [単位水量175以下W/C60以下],m3,bureau_area,30,和歌山県,和歌山 玉置口,,,32900,JPY,design_unit_price_ex_tax,published_pdl,,,2025-07,2025-07-01,kkr-zairyo-r7-07,26,https://www.kkr.mlit.go.jp/plan/jigyousya/technical_information/gijutsukanri/qgl8vl0000004zj9-att/2025_07tanka.pdf,PDL1.0,91c7a678fb2e,近畿地整が独自調査で設定した単価(物価資料に載っていない地区・規格だけ)。消費税抜き。
17bdf339d3ff2aa6,JP,material,生コンクリート・モルタル,生コンクリート,高炉 １８－１２－２５（２０） [単位水量175以下W/C60以下],m3,bureau_area,24,三重県,三重 名張市,,,29000,JPY,design_unit_price_ex_tax,published_pdl,,,2025-07,2025-07-01,kkr-zairyo-r7-07,26,https://www.kkr.mlit.go.jp/plan/jigyousya/technical_information/gijutsukanri/qgl8vl0000004zj9-att/2025_07tanka.pdf,PDL1.0,91c7a678fb2e,近畿地整が独自調査で設定した単価(物価資料に載っていない地区・規格だけ)。消費税抜き。
b24953a8f2b4f65a,JP,material,生コンクリート・モルタル,生コンクリート,高炉 １８－１２－２５（２０） [単位水量175以下W/C60以下],m3,bureau_area,24,三重県,三重 伊賀市 / 旧上野市他,,,29000,JPY,design_unit_price_ex_tax,published_pdl,,,2025-07,2025-07-01,kkr-zairyo-r7-07,26,https://www.kkr.mlit.go.jp/plan/jigyousya/technical_information/gijutsukanri/qgl8vl0000004zj9-att/2025_07tanka.pdf,PDL1.0,91c7a678fb2e,近畿地整が独自調査で設定した単価(物価資料に載っていない地区・規格だけ)。消費税抜き。
a43ccfdc591020ba,JP,material,生コンクリート・モルタル,生コンクリート,高炉 １８－１２－２５（２０） [単位水量175以下W/C60以下],m3,bureau_area,24,三重県,三重 伊賀市 / 旧青山町,,,29000,JPY,design_unit_price_ex_tax,published_pdl,,,2025-07,2025-07-01,kkr-zairyo-r7-07,26,https://www.kkr.mlit.go.jp/plan/jigyousya/technical_information/gijutsukanri/qgl8vl0000004zj9-att/2025_07tanka.pdf,PDL1.0,91c7a678fb2e,近畿地整が独自調査で設定した単価(物価資料に載っていない地区・規格だけ)。消費税抜き。
8fd50e7d390b141b,JP,material,生コンクリート・モルタル,生コンクリート,高炉 １８－１２－２５（２０） [単位水量175以下W/C60以下],m3,bureau_area,24,三重県,三重 太郎生,,,29500,JPY,design_unit_price_ex_tax,published_pdl,,,2025-07,2025-07-01,kkr-zairyo-r7-07,26,https://www.kkr.mlit.go.jp/plan/jigyousya/technical_information/gijutsukanri/qgl8vl0000004zj9-att/2025_07tanka.pdf,PDL1.0,91c7a678fb2e,近畿地整が独自調査で設定した単価(物価資料に載っていない地区・規格だけ)。消費税抜き。
f7c00c64c15cc64b,JP,material,生コンクリート・モルタル,生コンクリート,高炉 １８－１２－２５（２０） [単位水量175以下W/C60以下],m3,bureau_area,24,三重県,三重 紀宝町他,,,32900,JPY,design_unit_price_ex_tax,published_pdl,,,2025-07,2025-07-01,kkr-zairyo-r7-07,26,https://www.kkr.mlit.go.jp/plan/jigyousya/technical_information/gijutsukanri/qgl8vl0000004zj9-att/2025_07tanka.pdf,PDL1.0,91c7a678fb2e,近畿地整が独自調査で設定した単価(物価資料に載っていない地区・規格だけ)。消費税抜き。
4445face0261258e,JP,material,生コンクリート・モルタル,生コンクリート,２４－８－４０ [単位水量165以下W/C55以下],m3,bureau_area,24,三重県,三重 奥瀞地区,,,34900,JPY,design_unit_price_ex_tax,published_pdl,,,2025-07,2025-07-01,kkr-zairyo-r7-07,27,https://www.kkr.mlit.go.jp/plan/jigyousya/technical_information/gijutsukanri/qgl8vl0000004zj9-att/2025_07tanka.pdf,PDL1.0,764185d9dd01,近畿地整が独自調査で設定した単価(物価資料に載っていない地区・規格だけ)。消費税抜き。
fcd374fc306c1036,JP,material,生コンクリート・モルタル,生コンクリート,２４－８－４０ [単位水量165以下W/C55以下],m3,bureau_area,21,岐阜県,岐阜 冠山峠地区その２,,,33800,JPY,design_unit_price_ex_tax,published_pdl,,,2025-07,2025-07-01,kkr-zairyo-r7-07,27,https://www.kkr.mlit.go.jp/plan/jigyousya/technical_information/gijutsukanri/qgl8vl0000004zj9-att/2025_07tanka.pdf,PDL1.0,764185d9dd01,近畿地整が独自調査で設定した単価(物価資料に載っていない地区・規格だけ)。消費税抜き。
454741fbaab5eaf3,JP,material,生コンクリート・モルタル,生コンクリート,２４－１２－４０ [単位水量165以下W/C55以下],m3,bureau_area,24,三重県,三重 奥瀞地区,,,34900,JPY,design_unit_price_ex_tax,published_pdl,,,2025-07,2025-07-01,kkr-zairyo-r7-07,27,https://www.kkr.mlit.go.jp/plan/jigyousya/technical_information/gijutsukanri/qgl8vl0000004zj9-att/2025_07tanka.pdf,PDL1.0,1e253097cdd9,近畿地整が独自調査で設定した単価(物価資料に載っていない地区・規格だけ)。消費税抜き。
08fa0fafc28fafc2,JP,material,生コンクリート・モルタル,生コンクリート,２４－１２－４０ [単位水量165以下W/C55以下],m3,bureau_area,21,岐阜県,岐阜 冠山峠地区その２,,,33800,JPY,design_unit_price_ex_tax,published_pdl,,,2025-07,2025-07-01,kkr-zairyo-r7-07,27,https://www.kkr.mlit.go.jp/plan/jigyousya/technical_information/gijutsukanri/qgl8vl0000004zj9-att/2025_07tanka.pdf,PDL1.0,1e253097cdd9,近畿地整が独自調査で設定した単価(物価資料に載っていない地区・規格だけ)。消費税抜き。
59d2da4160696935,JP,material,生コンクリート・モルタル,生コンクリート,２７－５－４０ [単位水量165以下W/C55以下],m3,bureau_area,24,三重県,三重 奥瀞地区,,,35900,JPY,design_unit_price_ex_tax,published_pdl,,,2025-07,2025-07-01,kkr-zairyo-r7-07,27,https://www.kkr.mlit.go.jp/plan/jigyousya/technical_information/gijutsukanri/qgl8vl0000004zj9-att/2025_07tanka.pdf,PDL1.0,f4e44eb1f70d,近畿地整が独自調査で設定した単価(物価資料に載っていない地区・規格だけ)。消費税抜き。
9e690dc37be1bb93,JP,material,生コンクリート・モルタル,生コンクリート,２７－５－４０ [単位水量165以下W/C55以下],m3,bureau_area,21,岐阜県,岐阜 冠山峠地区その２,,,34200,JPY,design_unit_price_ex_tax,published_pdl,,,2025-07,2025-07-01,kkr-zairyo-r7-07,27,https://www.kkr.mlit.go.jp/plan/jigyousya/technical_information/gijutsukanri/qgl8vl0000004zj9-att/2025_07tanka.pdf,PDL1.0,f4e44eb1f70d,近畿地整が独自調査で設定した単価(物価資料に載っていない地区・規格だけ)。消費税抜き。
13ceed97444690af,JP,material,生コンクリート・モルタル,生コンクリート,１８－１５－４０ Ｃ＝２７０以上 [単位水量165以下W/C60以下],m3,bureau_area,24,三重県,三重 奥瀞地区,,,34900,JPY,design_unit_price_ex_tax,published_pdl,,,2025-07,2025-07-01,kkr-zairyo-r7-07,27,https://www.kkr.mlit.go.jp/plan/jigyousya/technical_information/gijutsukanri/qgl8vl0000004zj9-att/2025_07tanka.pdf,PDL1.0,7fd4147f10b6,近畿地整が独自調査で設定した単価(物価資料に載っていない地区・規格だけ)。消費税抜き。
3a655f41e9c281c9,JP,material,生コンクリート・モルタル,生コンクリート,１８－１５－４０ Ｃ＝２７０以上 [単位水量165以下W/C60以下],m3,bureau_area,21,岐阜県,岐阜 冠山峠地区その２,,,33400,JPY,design_unit_price_ex_tax,published_pdl,,,2025-07,2025-07-01,kkr-zairyo-r7-07,27,https://www.kkr.mlit.go.jp/plan/jigyousya/technical_information/gijutsukanri/qgl8vl0000004zj9-att/2025_07tanka.pdf,PDL1.0,7fd4147f10b6,近畿地整が独自調査で設定した単価(物価資料に載っていない地区・規格だけ)。消費税抜き。
223f3ff467b8c52b,JP,material,生コンクリート・モルタル,生コンクリート,２４－１２－２５（２０） Ｃ＝３００以上 [単位水量175以下W/C55以下],m3,bureau_area,24,三重県,三重 奥瀞地区,,,34900,JPY,design_unit_price_ex_tax,published_pdl,,,2025-07,2025-07-01,kkr-zairyo-r7-07,27,https://www.kkr.mlit.go.jp/plan/jigyousya/technical_information/gijutsukanri/qgl8vl0000004zj9-att/2025_07tanka.pdf,PDL1.0,,近畿地整が独自調査で設定した単価(物価資料に載っていない地区・規格だけ)。消費税抜き。
97ea52547de91e19,JP,material,生コンクリート・モルタル,生コンクリート,２４－１２－２５（２０） Ｃ＝３００以上 [単位水量175以下W/C55以下],m3,bureau_area,21,岐阜県,岐阜 冠山峠地区その２,,,33800,JPY,design_unit_price_ex_tax,published_pdl,,,2025-07,2025-07-01,kkr-zairyo-r7-07,27,https://www.kkr.mlit.go.jp/plan/jigyousya/technical_information/gijutsukanri/qgl8vl0000004zj9-att/2025_07tanka.pdf,PDL1.0,,近畿地整が独自調査で設定した単価(物価資料に載っていない地区・規格だけ)。消費税抜き。
992a1316968dd289,JP,material,生コンクリート・モルタル,生コンクリート,３６－１２－２５（２０） [単位水量175以下W/C55以下],m3,bureau_area,24,三重県,三重 奥瀞地区,,,38900,JPY,design_unit_price_ex_tax,published_pdl,,,2025-07,2025-07-01,kkr-zairyo-r7-07,27,https://www.kkr.mlit.go.jp/plan/jigyousya/technical_information/gijutsukanri/qgl8vl0000004zj9-att/2025_07tanka.pdf,PDL1.0,,近畿地整が独自調査で設定した単価(物価資料に載っていない地区・規格だけ)。消費税抜き。
6c17caae25b475bf,JP,material,生コンクリート・モルタル,生コンクリート,３６－１２－２５（２０） [単位水量175以下W/C55以下],m3,bureau_area,21,岐阜県,岐阜 冠山峠地区その２,,,35500,JPY,design_unit_price_ex_tax,published_pdl,,,2025-07,2025-07-01,kkr-zairyo-r7-07,27,https://www.kkr.mlit.go.jp/plan/jigyousya/technical_information/gijutsukanri/qgl8vl0000004zj9-att/2025_07tanka.pdf,PDL1.0,,近畿地整が独自調査で設定した単価(物価資料に載っていない地区・規格だけ)。消費税抜き。
17a5cdbb743fd1b8,JP,material,生コンクリート・モルタル,生コンクリート,４０－１２－２５（２０） [単位水量175以下W/C55以下],m3,bureau_area,24,三重県,三重 奥瀞地区,,,39900,JPY,design_unit_price_ex_tax,published_pdl,,,2025-07,2025-07-01,kkr-zairyo-r7-07,27,https://www.kkr.mlit.go.jp/plan/jigyousya/technical_information/gijutsukanri/qgl8vl0000004zj9-att/2025_07tanka.pdf,PDL1.0,,近畿地整が独自調査で設定した単価(物価資料に載っていない地区・規格だけ)。消費税抜き。
7995da3d2e0de8c4,JP,material,生コンクリート・モルタル,生コンクリート,４０－１２－２５（２０） [単位水量175以下W/C55以下],m3,bureau_area,21,岐阜県,岐阜 冠山峠地区その２,,,35900,JPY,design_unit_price_ex_tax,published_pdl,,,2025-07,2025-07-01,kkr-zairyo-r7-07,27,https://www.kkr.mlit.go.jp/plan/jigyousya/technical_information/gijutsukanri/qgl8vl0000004zj9-att/2025_07tanka.pdf,PDL1.0,,近畿地整が独自調査で設定した単価(物価資料に載っていない地区・規格だけ)。消費税抜き。
e5b758fca9a89c1e,JP,material,生コンクリート・モルタル,生コンクリート,高炉 １８－８－２５（２０） [単位水量175以下W/C60以下],m3,bureau_area,24,三重県,三重 奥瀞地区,,,32900,JPY,design_unit_price_ex_tax,published_pdl,,,2025-07,2025-07-01,kkr-zairyo-r7-07,27,https://www.kkr.mlit.go.jp/plan/jigyousya/technical_information/gijutsukanri/qgl8vl0000004zj9-att/2025_07tanka.pdf,PDL1.0,7972baecc47d,近畿地整が独自調査で設定した単価(物価資料に載っていない地区・規格だけ)。消費税抜き。
1f526d2e4ed33eb4,JP,material,生コンクリート・モルタル,生コンクリート,高炉 １８－８－２５（２０） [単位水量175以下W/C60以下],m3,bureau_area,21,岐阜県,岐阜 冠山峠地区その２,,,33400,JPY,design_unit_price_ex_tax,published_pdl,,,2025-07,2025-07-01,kkr-zairyo-r7-07,27,https://www.kkr.mlit.go.jp/plan/jigyousya/technical_information/gijutsukanri/qgl8vl0000004zj9-att/2025_07tanka.pdf,PDL1.0,7972baecc47d,近畿地整が独自調査で設定した単価(物価資料に載っていない地区・規格だけ)。消費税抜き。
1772eabfe353fef9,JP,material,生コンクリート・モルタル,生コンクリート,高炉 ２１－８－２５（２０） [単位水量175以下W/C60以下],m3,bureau_area,24,三重県,三重 奥瀞地区,,,33900,JPY,design_unit_price_ex_tax,published_pdl,,,2025-07,2025-07-01,kkr-zairyo-r7-07,27,https://www.kkr.mlit.go.jp/plan/jigyousya/technical_information/gijutsukanri/qgl8vl0000004zj9-att/2025_07tanka.pdf,PDL1.0,2fd4d099032e,近畿地整が独自調査で設定した単価(物価資料に載っていない地区・規格だけ)。消費税抜き。
657cbb1b8e7b5cb0,JP,material,生コンクリート・モルタル,生コンクリート,高炉 ２１－８－２５（２０） [単位水量175以下W/C60以下],m3,bureau_area,21,岐阜県,岐阜 冠山峠地区その２,,,33400,JPY,design_unit_price_ex_tax,published_pdl,,,2025-07,2025-07-01,kkr-zairyo-r7-07,27,https://www.kkr.mlit.go.jp/plan/jigyousya/technical_information/gijutsukanri/qgl8vl0000004zj9-att/2025_07tanka.pdf,PDL1.0,2fd4d099032e,近畿地整が独自調査で設定した単価(物価資料に載っていない地区・規格だけ)。消費税抜き。
46b3cd6b72718421,JP,material,生コンクリート・モルタル,生コンクリート,高炉 ２４－８－２５（２０） [単位水量175以下W/C55以下],m3,bureau_area,24,三重県,三重 奥瀞地区,,,34900,JPY,design_unit_price_ex_tax,published_pdl,,,2025-07,2025-07-01,kkr-zairyo-r7-07,27,https://www.kkr.mlit.go.jp/plan/jigyousya/technical_information/gijutsukanri/qgl8vl0000004zj9-att/2025_07tanka.pdf,PDL1.0,88d74c4ebd29,近畿地整が独自調査で設定した単価(物価資料に載っていない地区・規格だけ)。消費税抜き。
30047ac7a8b254ed,JP,material,生コンクリート・モルタル,生コンクリート,高炉 ２４－８－２５（２０） [単位水量175以下W/C55以下],m3,bureau_area,21,岐阜県,岐阜 冠山峠地区その２,,,33800,JPY,design_unit_price_ex_tax,published_pdl,,,2025-07,2025-07-01,kkr-zairyo-r7-07,27,https://www.kkr.mlit.go.jp/plan/jigyousya/technical_information/gijutsukanri/qgl8vl0000004zj9-att/2025_07tanka.pdf,PDL1.0,88d74c4ebd29,近畿地整が独自調査で設定した単価(物価資料に載っていない地区・規格だけ)。消費税抜き。
e2b3994f3b3181b7,JP,material,生コンクリート・モルタル,生コンクリート,高炉 ２４－１２－２５（２０） [単位水量175以下W/C55以下],m3,bureau_area,24,三重県,三重 奥瀞地区,,,34900,JPY,design_unit_price_ex_tax,published_pdl,,,2025-07,2025-07-01,kkr-zairyo-r7-07,27,https://www.kkr.mlit.go.jp/plan/jigyousya/technical_information/gijutsukanri/qgl8vl0000004zj9-att/2025_07tanka.pdf,PDL1.0,2449347fc81a,近畿地整が独自調査で設定した単価(物価資料に載っていない地区・規格だけ)。消費税抜き。
2e9dfbc32c610f9b,JP,material,生コンクリート・モルタル,生コンクリート,高炉 ２４－１２－２５（２０） [単位水量175以下W/C55以下],m3,bureau_area,21,岐阜県,岐阜 冠山峠地区その２,,,33800,JPY,design_unit_price_ex_tax,published_pdl,,,2025-07,2025-07-01,kkr-zairyo-r7-07,27,https://www.kkr.mlit.go.jp/plan/jigyousya/technical_information/gijutsukanri/qgl8vl0000004zj9-att/2025_07tanka.pdf,PDL1.0,2449347fc81a,近畿地整が独自調査で設定した単価(物価資料に載っていない地区・規格だけ)。消費税抜き。
4ffbf4a9b59d2789,JP,material,生コンクリート・モルタル,生コンクリート,高炉 １８－５－４０ [単位水量165以下W/C60以下],m3,bureau_area,24,三重県,三重 奥瀞地区,,,32900,JPY,design_unit_price_ex_tax,published_pdl,,,2025-07,2025-07-01,kkr-zairyo-r7-07,27,https://www.kkr.mlit.go.jp/plan/jigyousya/technical_information/gijutsukanri/qgl8vl0000004zj9-att/2025_07tanka.pdf,PDL1.0,1e6b6820cfe1,近畿地整が独自調査で設定した単価(物価資料に載っていない地区・規格だけ)。消費税抜き。
33c50b4288e30b89,JP,material,生コンクリート・モルタル,生コンクリート,高炉 １８－５－４０ [単位水量165以下W/C60以下],m3,bureau_area,21,岐阜県,岐阜 冠山峠地区その２,,,33400,JPY,design_unit_price_ex_tax,published_pdl,,,2025-07,2025-07-01,kkr-zairyo-r7-07,27,https://www.kkr.mlit.go.jp/plan/jigyousya/technical_information/gijutsukanri/qgl8vl0000004zj9-att/2025_07tanka.pdf,PDL1.0,1e6b6820cfe1,近畿地整が独自調査で設定した単価(物価資料に載っていない地区・規格だけ)。消費税抜き。
3e1b25b2a42e3d44,JP,material,生コンクリート・モルタル,生コンクリート,高炉 １８－８－４０ [単位水量165以下W/C60以下],m3,bureau_area,24,三重県,三重 奥瀞地区,,,32900,JPY,design_unit_price_ex_tax,published_pdl,,,2025-07,2025-07-01,kkr-zairyo-r7-07,27,https://www.kkr.mlit.go.jp/plan/jigyousya/technical_information/gijutsukanri/qgl8vl0000004zj9-att/2025_07tanka.pdf,PDL1.0,6bed2bb1426c,近畿地整が独自調査で設定した単価(物価資料に載っていない地区・規格だけ)。消費税抜き。
7ce21f456fdf59a7,JP,material,生コンクリート・モルタル,生コンクリート,高炉 １８－８－４０ [単位水量165以下W/C60以下],m3,bureau_area,21,岐阜県,岐阜 冠山峠地区その２,,,33400,JPY,design_unit_price_ex_tax,published_pdl,,,2025-07,2025-07-01,kkr-zairyo-r7-07,27,https://www.kkr.mlit.go.jp/plan/jigyousya/technical_information/gijutsukanri/qgl8vl0000004zj9-att/2025_07tanka.pdf,PDL1.0,6bed2bb1426c,近畿地整が独自調査で設定した単価(物価資料に載っていない地区・規格だけ)。消費税抜き。
c2e053b22149842f,JP,material,生コンクリート・モルタル,生コンクリート,高炉 １８－８－４０ Ｃ＝２３０以上 [単位水量165以下W/C60以下],m3,bureau_area,24,三重県,三重 奥瀞地区,,,32900,JPY,design_unit_price_ex_tax,published_pdl,,,2025-07,2025-07-01,kkr-zairyo-r7-07,27,https://www.kkr.mlit.go.jp/plan/jigyousya/technical_information/gijutsukanri/qgl8vl0000004zj9-att/2025_07tanka.pdf,PDL1.0,,近畿地整が独自調査で設定した単価(物価資料に載っていない地区・規格だけ)。消費税抜き。
2c2e3af9aeb19d30,JP,material,生コンクリート・モルタル,生コンクリート,高炉 １８－８－４０ Ｃ＝２３０以上 [単位水量165以下W/C60以下],m3,bureau_area,21,岐阜県,岐阜 冠山峠地区その２,,,33400,JPY,design_unit_price_ex_tax,published_pdl,,,2025-07,2025-07-01,kkr-zairyo-r7-07,27,https://www.kkr.mlit.go.jp/plan/jigyousya/technical_information/gijutsukanri/qgl8vl0000004zj9-att/2025_07tanka.pdf,PDL1.0,,近畿地整が独自調査で設定した単価(物価資料に載っていない地区・規格だけ)。消費税抜き。
ac91004ec86bf9fc,JP,material,生コンクリート・モルタル,生コンクリート,高炉 １８－１２－４０ Ｃ＝２７０ [単位水量165以下W/C60以下],m3,bureau_area,24,三重県,三重 奥瀞地区,,,33900,JPY,design_unit_price_ex_tax,published_pdl,,,2025-07,2025-07-01,kkr-zairyo-r7-07,27,https://www.kkr.mlit.go.jp/plan/jigyousya/technical_information/gijutsukanri/qgl8vl0000004zj9-att/2025_07tanka.pdf,PDL1.0,,近畿地整が独自調査で設定した単価(物価資料に載っていない地区・規格だけ)。消費税抜き。
387999c88b3577e7,JP,material,生コンクリート・モルタル,生コンクリート,高炉 １８－１２－４０ Ｃ＝２７０ [単位水量165以下W/C60以下],m3,bureau_area,21,岐阜県,岐阜 冠山峠地区その２,,,33400,JPY,design_unit_price_ex_tax,published_pdl,,,2025-07,2025-07-01,kkr-zairyo-r7-07,27,https://www.kkr.mlit.go.jp/plan/jigyousya/technical_information/gijutsukanri/qgl8vl0000004zj9-att/2025_07tanka.pdf,PDL1.0,,近畿地整が独自調査で設定した単価(物価資料に載っていない地区・規格だけ)。消費税抜き。
7e184f521349779b,JP,material,生コンクリート・モルタル,生コンクリート,高炉 ２１－５－４０ [単位水量165以下W/C60以下],m3,bureau_area,24,三重県,三重 奥瀞地区,,,34900,JPY,design_unit_price_ex_tax,published_pdl,,,2025-07,2025-07-01,kkr-zairyo-r7-07,27,https://www.kkr.mlit.go.jp/plan/jigyousya/technical_information/gijutsukanri/qgl8vl0000004zj9-att/2025_07tanka.pdf,PDL1.0,83539ae309ca,近畿地整が独自調査で設定した単価(物価資料に載っていない地区・規格だけ)。消費税抜き。
60454a4869548ac8,JP,material,生コンクリート・モルタル,生コンクリート,高炉 ２１－５－４０ [単位水量165以下W/C60以下],m3,bureau_area,21,岐阜県,岐阜 冠山峠地区その２,,,33400,JPY,design_unit_price_ex_tax,published_pdl,,,2025-07,2025-07-01,kkr-zairyo-r7-07,27,https://www.kkr.mlit.go.jp/plan/jigyousya/technical_information/gijutsukanri/qgl8vl0000004zj9-att/2025_07tanka.pdf,PDL1.0,83539ae309ca,近畿地整が独自調査で設定した単価(物価資料に載っていない地区・規格だけ)。消費税抜き。
53a33aef7a633715,JP,material,生コンクリート・モルタル,生コンクリート,高炉 ２１－８－４０ [単位水量165以下W/C60以下],m3,bureau_area,24,三重県,三重 奥瀞地区,,,34900,JPY,design_unit_price_ex_tax,published_pdl,,,2025-07,2025-07-01,kkr-zairyo-r7-07,27,https://www.kkr.mlit.go.jp/plan/jigyousya/technical_information/gijutsukanri/qgl8vl0000004zj9-att/2025_07tanka.pdf,PDL1.0,c3c017c7630d,近畿地整が独自調査で設定した単価(物価資料に載っていない地区・規格だけ)。消費税抜き。
2103078bc6650cf3,JP,material,生コンクリート・モルタル,生コンクリート,高炉 ２１－８－４０ [単位水量165以下W/C60以下],m3,bureau_area,21,岐阜県,岐阜 冠山峠地区その２,,,33400,JPY,design_unit_price_ex_tax,published_pdl,,,2025-07,2025-07-01,kkr-zairyo-r7-07,27,https://www.kkr.mlit.go.jp/plan/jigyousya/technical_information/gijutsukanri/qgl8vl0000004zj9-att/2025_07tanka.pdf,PDL1.0,c3c017c7630d,近畿地整が独自調査で設定した単価(物価資料に載っていない地区・規格だけ)。消費税抜き。
5ec70c0864cdc94f,JP,material,生コンクリート・モルタル,生コンクリート,高炉 ２１－１２－４０ [単位水量165以下W/C60以下],m3,bureau_area,24,三重県,三重 奥瀞地区,,,33900,JPY,design_unit_price_ex_tax,published_pdl,,,2025-07,2025-07-01,kkr-zairyo-r7-07,27,https://www.kkr.mlit.go.jp/plan/jigyousya/technical_information/gijutsukanri/qgl8vl0000004zj9-att/2025_07tanka.pdf,PDL1.0,64b47d0de931,近畿地整が独自調査で設定した単価(物価資料に載っていない地区・規格だけ)。消費税抜き。
96be2a2034a99d4d,JP,material,生コンクリート・モルタル,生コンクリート,高炉 ２１－１２－４０ [単位水量165以下W/C60以下],m3,bureau_area,21,岐阜県,岐阜 冠山峠地区その２,,,33400,JPY,design_unit_price_ex_tax,published_pdl,,,2025-07,2025-07-01,kkr-zairyo-r7-07,27,https://www.kkr.mlit.go.jp/plan/jigyousya/technical_information/gijutsukanri/qgl8vl0000004zj9-att/2025_07tanka.pdf,PDL1.0,64b47d0de931,近畿地整が独自調査で設定した単価(物価資料に載っていない地区・規格だけ)。消費税抜き。
8df05403501cd3b7,JP,material,生コンクリート・モルタル,生コンクリート,高炉 ２４－８－４０ [単位水量165以下W/C55以下],m3,bureau_area,24,三重県,三重 奥瀞地区,,,34900,JPY,design_unit_price_ex_tax,published_pdl,,,2025-07,2025-07-01,kkr-zairyo-r7-07,27,https://www.kkr.mlit.go.jp/plan/jigyousya/technical_information/gijutsukanri/qgl8vl0000004zj9-att/2025_07tanka.pdf,PDL1.0,fd3c9527cc1f,近畿地整が独自調査で設定した単価(物価資料に載っていない地区・規格だけ)。消費税抜き。
b8e9482eee45cf73,JP,material,生コンクリート・モルタル,生コンクリート,高炉 ２４－８－４０ [単位水量165以下W/C55以下],m3,bureau_area,21,岐阜県,岐阜 冠山峠地区その２,,,33800,JPY,design_unit_price_ex_tax,published_pdl,,,2025-07,2025-07-01,kkr-zairyo-r7-07,27,https://www.kkr.mlit.go.jp/plan/jigyousya/technical_information/gijutsukanri/qgl8vl0000004zj9-att/2025_07tanka.pdf,PDL1.0,fd3c9527cc1f,近畿地整が独自調査で設定した単価(物価資料に載っていない地区・規格だけ)。消費税抜き。
77499eb61c0e9e4d,JP,material,生コンクリート・モルタル,生コンクリート,高炉 ２７－５－４０ [単位水量165以下W/C55以下],m3,bureau_area,24,三重県,三重 奥瀞地区,,,35900,JPY,design_unit_price_ex_tax,published_pdl,,,2025-07,2025-07-01,kkr-zairyo-r7-07,27,https://www.kkr.mlit.go.jp/plan/jigyousya/technical_information/gijutsukanri/qgl8vl0000004zj9-att/2025_07tanka.pdf,PDL1.0,3bcecdea58c1,近畿地整が独自調査で設定した単価(物価資料に載っていない地区・規格だけ)。消費税抜き。
6e21929943b02c90,JP,material,生コンクリート・モルタル,生コンクリート,高炉 ２７－５－４０ [単位水量165以下W/C55以下],m3,bureau_area,21,岐阜県,岐阜 冠山峠地区その２,,,34200,JPY,design_unit_price_ex_tax,published_pdl,,,2025-07,2025-07-01,kkr-zairyo-r7-07,27,https://www.kkr.mlit.go.jp/plan/jigyousya/technical_information/gijutsukanri/qgl8vl0000004zj9-att/2025_07tanka.pdf,PDL1.0,3bcecdea58c1,近畿地整が独自調査で設定した単価(物価資料に載っていない地区・規格だけ)。消費税抜き。
6d5aed6896c449c3,JP,material,生コンクリート・モルタル,生コンクリート,高炉 ３０－１５－４０ Ｃ＝３５０ [単位水量165以下W/C55以下],m3,bureau_area,21,岐阜県,岐阜 冠山峠地区その２,,,34700,JPY,design_unit_price_ex_tax,published_pdl,,,2025-07,2025-07-01,kkr-zairyo-r7-07,27,https://www.kkr.mlit.go.jp/plan/jigyousya/technical_information/gijutsukanri/qgl8vl0000004zj9-att/2025_07tanka.pdf,PDL1.0,,近畿地整が独自調査で設定した単価(物価資料に載っていない地区・規格だけ)。消費税抜き。
1b46160f3575302d,JP,material,生コンクリート・モルタル,生コンクリート,高炉 １８－１５－４０ Ｃ＝２７０以上 [単位水量165以下W/C60以下],m3,bureau_area,24,三重県,三重 奥瀞地区,,,34900,JPY,design_unit_price_ex_tax,published_pdl,,,2025-07,2025-07-01,kkr-zairyo-r7-07,27,https://www.kkr.mlit.go.jp/plan/jigyousya/technical_information/gijutsukanri/qgl8vl0000004zj9-att/2025_07tanka.pdf,PDL1.0,0d1554577eaf,近畿地整が独自調査で設定した単価(物価資料に載っていない地区・規格だけ)。消費税抜き。
9805f182a8e19791,JP,material,生コンクリート・モルタル,生コンクリート,高炉 １８－１５－４０ Ｃ＝２７０以上 [単位水量165以下W/C60以下],m3,bureau_area,21,岐阜県,岐阜 冠山峠地区その２,,,33400,JPY,design_unit_price_ex_tax,published_pdl,,,2025-07,2025-07-01,kkr-zairyo-r7-07,27,https://www.kkr.mlit.go.jp/plan/jigyousya/technical_information/gijutsukanri/qgl8vl0000004zj9-att/2025_07tanka.pdf,PDL1.0,0d1554577eaf,近畿地整が独自調査で設定した単価(物価資料に載っていない地区・規格だけ)。消費税抜き。
45f008a6729c7b77,JP,material,生コンクリート・モルタル,生コンクリート,高炉 １８－１２－２５（２０） [単位水量175以下W/C60以下],m3,bureau_area,24,三重県,三重 奥瀞地区,,,32900,JPY,design_unit_price_ex_tax,published_pdl,,,2025-07,2025-07-01,kkr-zairyo-r7-07,27,https://www.kkr.mlit.go.jp/plan/jigyousya/technical_information/gijutsukanri/qgl8vl0000004zj9-att/2025_07tanka.pdf,PDL1.0,91c7a678fb2e,近畿地整が独自調査で設定した単価(物価資料に載っていない地区・規格だけ)。消費税抜き。
7f163789c63b6b6c,JP,material,生コンクリート・モルタル,生コンクリート,高炉 １８－１２－２５（２０） [単位水量175以下W/C60以下],m3,bureau_area,21,岐阜県,岐阜 冠山峠地区その２,,,33400,JPY,design_unit_price_ex_tax,published_pdl,,,2025-07,2025-07-01,kkr-zairyo-r7-07,27,https://www.kkr.mlit.go.jp/plan/jigyousya/technical_information/gijutsukanri/qgl8vl0000004zj9-att/2025_07tanka.pdf,PDL1.0,91c7a678fb2e,近畿地整が独自調査で設定した単価(物価資料に載っていない地区・規格だけ)。消費税抜き。
f42c711f8887d57d,JP,material,生コンクリート・モルタル,生コンクリート,高炉 ２４－１２－４０ [単位水量165以下W/C55以下],m3,bureau_area,18,福井県,福井 池田町他,,,17600,JPY,design_unit_price_ex_tax,published_pdl,,,2025-07,2025-07-01,kkr-zairyo-r7-07,29,https://www.kkr.mlit.go.jp/plan/jigyousya/technical_information/gijutsukanri/qgl8vl0000004zj9-att/2025_07tanka.pdf,PDL1.0,95b61d3f217c,近畿地整が独自調査で設定した単価(物価資料に載っていない地区・規格だけ)。消費税抜き。
d99d852d318265e6,JP,material,生コンクリート・モルタル,生コンクリート,高炉 ２４－１２－４０ [単位水量165以下W/C55以下],m3,bureau_area,18,福井県,福井 大野市 / 旧和泉村,,,23400,JPY,design_unit_price_ex_tax,published_pdl,,,2025-07,2025-07-01,kkr-zairyo-r7-07,29,https://www.kkr.mlit.go.jp/plan/jigyousya/technical_information/gijutsukanri/qgl8vl0000004zj9-att/2025_07tanka.pdf,PDL1.0,95b61d3f217c,近畿地整が独自調査で設定した単価(物価資料に載っていない地区・規格だけ)。消費税抜き。
30faadbf3e6b3212,JP,material,生コンクリート・モルタル,生コンクリート,高炉 ２４－１２－４０ [単位水量165以下W/C55以下],m3,bureau_area,18,福井県,福井 冠山峠地区,,,25200,JPY,design_unit_price_ex_tax,published_pdl,,,2025-07,2025-07-01,kkr-zairyo-r7-07,29,https://www.kkr.mlit.go.jp/plan/jigyousya/technical_information/gijutsukanri/qgl8vl0000004zj9-att/2025_07tanka.pdf,PDL1.0,95b61d3f217c,近畿地整が独自調査で設定した単価(物価資料に載っていない地区・規格だけ)。消費税抜き。
bba2122679938f60,JP,material,生コンクリート・モルタル,生コンクリート,高炉 ３０－１２－２５（２０） [単位水量175以下W/C55以下],m3,bureau_area,18,福井県,福井 池田町他,,,18200,JPY,design_unit_price_ex_tax,published_pdl,,,2025-07,2025-07-01,kkr-zairyo-r7-07,29,https://www.kkr.mlit.go.jp/plan/jigyousya/technical_information/gijutsukanri/qgl8vl0000004zj9-att/2025_07tanka.pdf,PDL1.0,,近畿地整が独自調査で設定した単価(物価資料に載っていない地区・規格だけ)。消費税抜き。
c31ac4033d833d2b,JP,material,生コンクリート・モルタル,生コンクリート,高炉 ３０－１２－２５（２０） [単位水量175以下W/C55以下],m3,bureau_area,18,福井県,福井 大野市 / 旧和泉村,,,24000,JPY,design_unit_price_ex_tax,published_pdl,,,2025-07,2025-07-01,kkr-zairyo-r7-07,29,https://www.kkr.mlit.go.jp/plan/jigyousya/technical_information/gijutsukanri/qgl8vl0000004zj9-att/2025_07tanka.pdf,PDL1.0,,近畿地整が独自調査で設定した単価(物価資料に載っていない地区・規格だけ)。消費税抜き。
c9d8fffe9f09b62c,JP,material,生コンクリート・モルタル,生コンクリート,高炉 ３０－１２－２５（２０） [単位水量175以下W/C55以下],m3,bureau_area,18,福井県,福井 冠山峠地区,,,25800,JPY,design_unit_price_ex_tax,published_pdl,,,2025-07,2025-07-01,kkr-zairyo-r7-07,29,https://www.kkr.mlit.go.jp/plan/jigyousya/technical_information/gijutsukanri/qgl8vl0000004zj9-att/2025_07tanka.pdf,PDL1.0,,近畿地整が独自調査で設定した単価(物価資料に載っていない地区・規格だけ)。消費税抜き。
bab957428e07442a,JP,material,生コンクリート・モルタル,生コンクリート,高炉 ３６－１２－２５（２０） [単位水量175以下W/C55以下],m3,bureau_area,18,福井県,福井 池田町他,,,18900,JPY,design_unit_price_ex_tax,published_pdl,,,2025-07,2025-07-01,kkr-zairyo-r7-07,29,https://www.kkr.mlit.go.jp/plan/jigyousya/technical_information/gijutsukanri/qgl8vl0000004zj9-att/2025_07tanka.pdf,PDL1.0,,近畿地整が独自調査で設定した単価(物価資料に載っていない地区・規格だけ)。消費税抜き。
b187cf380ed33efc,JP,material,生コンクリート・モルタル,生コンクリート,高炉 ３６－１２－２５（２０） [単位水量175以下W/C55以下],m3,bureau_area,18,福井県,福井 大野市 / 旧和泉村,,,24700,JPY,design_unit_price_ex_tax,published_pdl,,,2025-07,2025-07-01,kkr-zairyo-r7-07,29,https://www.kkr.mlit.go.jp/plan/jigyousya/technical_information/gijutsukanri/qgl8vl0000004zj9-att/2025_07tanka.pdf,PDL1.0,,近畿地整が独自調査で設定した単価(物価資料に載っていない地区・規格だけ)。消費税抜き。
0c41b7213eac3ca8,JP,material,生コンクリート・モルタル,生コンクリート,高炉 ３６－１２－２５（２０） [単位水量175以下W/C55以下],m3,bureau_area,18,福井県,福井 冠山峠地区,,,26500,JPY,design_unit_price_ex_tax,published_pdl,,,2025-07,2025-07-01,kkr-zairyo-r7-07,29,https://www.kkr.mlit.go.jp/plan/jigyousya/technical_information/gijutsukanri/qgl8vl0000004zj9-att/2025_07tanka.pdf,PDL1.0,,近畿地整が独自調査で設定した単価(物価資料に載っていない地区・規格だけ)。消費税抜き。
1e38a5ef5bcc5165,JP,material,生コンクリート・モルタル,生コンクリート,早強 ２１－８－２５（２０） [単位水量175以下W/C60以下],m3,bureau_area,18,福井県,福井 池田町他,,,18200,JPY,design_unit_price_ex_tax,published_pdl,,,2025-07,2025-07-01,kkr-zairyo-r7-07,29,https://www.kkr.mlit.go.jp/plan/jigyousya/technical_information/gijutsukanri/qgl8vl0000004zj9-att/2025_07tanka.pdf,PDL1.0,f6a76bb1f548,近畿地整が独自調査で設定した単価(物価資料に載っていない地区・規格だけ)。消費税抜き。
4ae4edc0b948d6be,JP,material,生コンクリート・モルタル,生コンクリート,早強 ２１－８－２５（２０） [単位水量175以下W/C60以下],m3,bureau_area,18,福井県,福井 大野市 / 旧和泉村,,,24000,JPY,design_unit_price_ex_tax,published_pdl,,,2025-07,2025-07-01,kkr-zairyo-r7-07,29,https://www.kkr.mlit.go.jp/plan/jigyousya/technical_information/gijutsukanri/qgl8vl0000004zj9-att/2025_07tanka.pdf,PDL1.0,f6a76bb1f548,近畿地整が独自調査で設定した単価(物価資料に載っていない地区・規格だけ)。消費税抜き。
50b58e81c238e91e,JP,material,生コンクリート・モルタル,生コンクリート,早強 ２１－８－２５（２０） [単位水量175以下W/C60以下],m3,bureau_area,18,福井県,福井 冠山峠地区,,,25800,JPY,design_unit_price_ex_tax,published_pdl,,,2025-07,2025-07-01,kkr-zairyo-r7-07,29,https://www.kkr.mlit.go.jp/plan/jigyousya/technical_information/gijutsukanri/qgl8vl0000004zj9-att/2025_07tanka.pdf,PDL1.0,f6a76bb1f548,近畿地整が独自調査で設定した単価(物価資料に載っていない地区・規格だけ)。消費税抜き。
c86d7e6408b428a6,JP,material,生コンクリート・モルタル,生コンクリート,早強 ２４－８－２５（２０） [単位水量175以下W/C55以下],m3,bureau_area,18,福井県,福井 池田町他,,,18500,JPY,design_unit_price_ex_tax,published_pdl,,,2025-07,2025-07-01,kkr-zairyo-r7-07,29,https://www.kkr.mlit.go.jp/plan/jigyousya/technical_information/gijutsukanri/qgl8vl0000004zj9-att/2025_07tanka.pdf,PDL1.0,6bb79f67639f,近畿地整が独自調査で設定した単価(物価資料に載っていない地区・規格だけ)。消費税抜き。
7be0bce6ca5cb3bd,JP,material,生コンクリート・モルタル,生コンクリート,早強 ２４－８－２５（２０） [単位水量175以下W/C55以下],m3,bureau_area,18,福井県,福井 大野市 / 旧和泉村,,,24300,JPY,design_unit_price_ex_tax,published_pdl,,,2025-07,2025-07-01,kkr-zairyo-r7-07,29,https://www.kkr.mlit.go.jp/plan/jigyousya/technical_information/gijutsukanri/qgl8vl0000004zj9-att/2025_07tanka.pdf,PDL1.0,6bb79f67639f,近畿地整が独自調査で設定した単価(物価資料に載っていない地区・規格だけ)。消費税抜き。
7470bffc38986304,JP,material,生コンクリート・モルタル,生コンクリート,早強 ２４－８－２５（２０） [単位水量175以下W/C55以下],m3,bureau_area,18,福井県,福井 冠山峠地区,,,26100,JPY,design_unit_price_ex_tax,published_pdl,,,2025-07,2025-07-01,kkr-zairyo-r7-07,29,https://www.kkr.mlit.go.jp/plan/jigyousya/technical_information/gijutsukanri/qgl8vl0000004zj9-att/2025_07tanka.pdf,PDL1.0,6bb79f67639f,近畿地整が独自調査で設定した単価(物価資料に載っていない地区・規格だけ)。消費税抜き。
fcfb26cefbc04398,JP,material,生コンクリート・モルタル,生コンクリート,早強 ３０－８－２５（２０） [単位水量175以下W/C55以下],m3,bureau_area,18,福井県,福井 池田町他,,,19400,JPY,design_unit_price_ex_tax,published_pdl,,,2025-07,2025-07-01,kkr-zairyo-r7-07,29,https://www.kkr.mlit.go.jp/plan/jigyousya/technical_information/gijutsukanri/qgl8vl0000004zj9-att/2025_07tanka.pdf,PDL1.0,26f5b9bc02b5,近畿地整が独自調査で設定した単価(物価資料に載っていない地区・規格だけ)。消費税抜き。
e1452c7ee4d73874,JP,material,生コンクリート・モルタル,生コンクリート,早強 ３０－８－２５（２０） [単位水量175以下W/C55以下],m3,bureau_area,18,福井県,福井 大野市 / 旧和泉村,,,25200,JPY,design_unit_price_ex_tax,published_pdl,,,2025-07,2025-07-01,kkr-zairyo-r7-07,29,https://www.kkr.mlit.go.jp/plan/jigyousya/technical_information/gijutsukanri/qgl8vl0000004zj9-att/2025_07tanka.pdf,PDL1.0,26f5b9bc02b5,近畿地整が独自調査で設定した単価(物価資料に載っていない地区・規格だけ)。消費税抜き。
9ab79f9b6883ed1a,JP,material,生コンクリート・モルタル,生コンクリート,早強 ３０－８－２５（２０） [単位水量175以下W/C55以下],m3,bureau_area,18,福井県,福井 冠山峠地区,,,27000,JPY,design_unit_price_ex_tax,published_pdl,,,2025-07,2025-07-01,kkr-zairyo-r7-07,29,https://www.kkr.mlit.go.jp/plan/jigyousya/technical_information/gijutsukanri/qgl8vl0000004zj9-att/2025_07tanka.pdf,PDL1.0,26f5b9bc02b5,近畿地整が独自調査で設定した単価(物価資料に載っていない地区・規格だけ)。消費税抜き。
17092ad66eec30aa,JP,material,生コンクリート・モルタル,生コンクリート,早強 ３６－８－２５（２０） [単位水量175以下W/C55以下],m3,bureau_area,18,福井県,福井 池田町他,,,20300,JPY,design_unit_price_ex_tax,published_pdl,,,2025-07,2025-07-01,kkr-zairyo-r7-07,29,https://www.kkr.mlit.go.jp/plan/jigyousya/technical_information/gijutsukanri/qgl8vl0000004zj9-att/2025_07tanka.pdf,PDL1.0,a57503261f32,近畿地整が独自調査で設定した単価(物価資料に載っていない地区・規格だけ)。消費税抜き。
64ebb5bebadfba17,JP,material,生コンクリート・モルタル,生コンクリート,早強 ３６－８－２５（２０） [単位水量175以下W/C55以下],m3,bureau_area,18,福井県,福井 大野市 / 旧和泉村,,,26100,JPY,design_unit_price_ex_tax,published_pdl,,,2025-07,2025-07-01,kkr-zairyo-r7-07,29,https://www.kkr.mlit.go.jp/plan/jigyousya/technical_information/gijutsukanri/qgl8vl0000004zj9-att/2025_07tanka.pdf,PDL1.0,a57503261f32,近畿地整が独自調査で設定した単価(物価資料に載っていない地区・規格だけ)。消費税抜き。
5da9eb13bd4499e7,JP,material,生コンクリート・モルタル,生コンクリート,早強 ３６－８－２５（２０） [単位水量175以下W/C55以下],m3,bureau_area,18,福井県,福井 冠山峠地区,,,27900,JPY,design_unit_price_ex_tax,published_pdl,,,2025-07,2025-07-01,kkr-zairyo-r7-07,29,https://www.kkr.mlit.go.jp/plan/jigyousya/technical_information/gijutsukanri/qgl8vl0000004zj9-att/2025_07tanka.pdf,PDL1.0,a57503261f32,近畿地整が独自調査で設定した単価(物価資料に載っていない地区・規格だけ)。消費税抜き。
f0f7a0085f3c9d6b,JP,material,生コンクリート・モルタル,生コンクリート,早強 ４０－８－２５（２０） [単位水量175以下W/C55以下],m3,bureau_area,18,福井県,福井 池田町他,,,22800,JPY,design_unit_price_ex_tax,published_pdl,,,2025-07,2025-07-01,kkr-zairyo-r7-07,29,https://www.kkr.mlit.go.jp/plan/jigyousya/technical_information/gijutsukanri/qgl8vl0000004zj9-att/2025_07tanka.pdf,PDL1.0,37480063f114,近畿地整が独自調査で設定した単価(物価資料に載っていない地区・規格だけ)。消費税抜き。
12c696cadeac2327,JP,material,生コンクリート・モルタル,生コンクリート,早強 ４０－８－２５（２０） [単位水量175以下W/C55以下],m3,bureau_area,18,福井県,福井 大野市 / 旧和泉村,,,28600,JPY,design_unit_price_ex_tax,published_pdl,,,2025-07,2025-07-01,kkr-zairyo-r7-07,29,https://www.kkr.mlit.go.jp/plan/jigyousya/technical_information/gijutsukanri/qgl8vl0000004zj9-att/2025_07tanka.pdf,PDL1.0,37480063f114,近畿地整が独自調査で設定した単価(物価資料に載っていない地区・規格だけ)。消費税抜き。
01f3347370b2d6cb,JP,material,生コンクリート・モルタル,生コンクリート,早強 ４０－８－２５（２０） [単位水量175以下W/C55以下],m3,bureau_area,18,福井県,福井 冠山峠地区,,,30400,JPY,design_unit_price_ex_tax,published_pdl,,,2025-07,2025-07-01,kkr-zairyo-r7-07,29,https://www.kkr.mlit.go.jp/plan/jigyousya/technical_information/gijutsukanri/qgl8vl0000004zj9-att/2025_07tanka.pdf,PDL1.0,37480063f114,近畿地整が独自調査で設定した単価(物価資料に載っていない地区・規格だけ)。消費税抜き。
d0936e927847641f,JP,material,生コンクリート・モルタル,生コンクリート,早強 ２４－１２－２５（２０） [単位水量175以下W/C55以下],m3,bureau_area,18,福井県,福井 池田町他,,,18700,JPY,design_unit_price_ex_tax,published_pdl,,,2025-07,2025-07-01,kkr-zairyo-r7-07,29,https://www.kkr.mlit.go.jp/plan/jigyousya/technical_information/gijutsukanri/qgl8vl0000004zj9-att/2025_07tanka.pdf,PDL1.0,,近畿地整が独自調査で設定した単価(物価資料に載っていない地区・規格だけ)。消費税抜き。
3789fac6e930a277,JP,material,生コンクリート・モルタル,生コンクリート,早強 ２４－１２－２５（２０） [単位水量175以下W/C55以下],m3,bureau_area,18,福井県,福井 大野市 / 旧和泉村,,,24500,JPY,design_unit_price_ex_tax,published_pdl,,,2025-07,2025-07-01,kkr-zairyo-r7-07,29,https://www.kkr.mlit.go.jp/plan/jigyousya/technical_information/gijutsukanri/qgl8vl0000004zj9-att/2025_07tanka.pdf,PDL1.0,,近畿地整が独自調査で設定した単価(物価資料に載っていない地区・規格だけ)。消費税抜き。
a036b3c51a1af2e5,JP,material,生コンクリート・モルタル,生コンクリート,早強 ２４－１２－２５（２０） [単位水量175以下W/C55以下],m3,bureau_area,18,福井県,福井 冠山峠地区,,,26300,JPY,design_unit_price_ex_tax,published_pdl,,,2025-07,2025-07-01,kkr-zairyo-r7-07,29,https://www.kkr.mlit.go.jp/plan/jigyousya/technical_information/gijutsukanri/qgl8vl0000004zj9-att/2025_07tanka.pdf,PDL1.0,,近畿地整が独自調査で設定した単価(物価資料に載っていない地区・規格だけ)。消費税抜き。
fc54cf3374384cdb,JP,material,生コンクリート・モルタル,生コンクリート,早強 ２４－１２－４０ [単位水量165以下W/C55以下],m3,bureau_area,18,福井県,福井 池田町他,,,18700,JPY,design_unit_price_ex_tax,published_pdl,,,2025-07,2025-07-01,kkr-zairyo-r7-07,29,https://www.kkr.mlit.go.jp/plan/jigyousya/technical_information/gijutsukanri/qgl8vl0000004zj9-att/2025_07tanka.pdf,PDL1.0,,近畿地整が独自調査で設定した単価(物価資料に載っていない地区・規格だけ)。消費税抜き。
cfd7168ecaab19aa,JP,material,生コンクリート・モルタル,生コンクリート,早強 ２４－１２－４０ [単位水量165以下W/C55以下],m3,bureau_area,18,福井県,福井 大野市 / 旧和泉村,,,24500,JPY,design_unit_price_ex_tax,published_pdl,,,2025-07,2025-07-01,kkr-zairyo-r7-07,29,https://www.kkr.mlit.go.jp/plan/jigyousya/technical_information/gijutsukanri/qgl8vl0000004zj9-att/2025_07tanka.pdf,PDL1.0,,近畿地整が独自調査で設定した単価(物価資料に載っていない地区・規格だけ)。消費税抜き。
65bb78523edfc3e3,JP,material,生コンクリート・モルタル,生コンクリート,早強 ２４－１２－４０ [単位水量165以下W/C55以下],m3,bureau_area,18,福井県,福井 冠山峠地区,,,26300,JPY,design_unit_price_ex_tax,published_pdl,,,2025-07,2025-07-01,kkr-zairyo-r7-07,29,https://www.kkr.mlit.go.jp/plan/jigyousya/technical_information/gijutsukanri/qgl8vl0000004zj9-att/2025_07tanka.pdf,PDL1.0,,近畿地整が独自調査で設定した単価(物価資料に載っていない地区・規格だけ)。消費税抜き。
fd799355bc1d4f7f,JP,material,生コンクリート・モルタル,生コンクリート,早強 ３０－１２－２５（２０） [単位水量175以下W/C55以下],m3,bureau_area,18,福井県,福井 池田町他,,,19600,JPY,design_unit_price_ex_tax,published_pdl,,,2025-07,2025-07-01,kkr-zairyo-r7-07,29,https://www.kkr.mlit.go.jp/plan/jigyousya/technical_information/gijutsukanri/qgl8vl0000004zj9-att/2025_07tanka.pdf,PDL1.0,,近畿地整が独自調査で設定した単価(物価資料に載っていない地区・規格だけ)。消費税抜き。
ea5231beca2dbbdb,JP,material,生コンクリート・モルタル,生コンクリート,早強 ３０－１２－２５（２０） [単位水量175以下W/C55以下],m3,bureau_area,18,福井県,福井 大野市 / 旧和泉村,,,25400,JPY,design_unit_price_ex_tax,published_pdl,,,2025-07,2025-07-01,kkr-zairyo-r7-07,29,https://www.kkr.mlit.go.jp/plan/jigyousya/technical_information/gijutsukanri/qgl8vl0000004zj9-att/2025_07tanka.pdf,PDL1.0,,近畿地整が独自調査で設定した単価(物価資料に載っていない地区・規格だけ)。消費税抜き。
34c2a22b9e3fd7fa,JP,material,生コンクリート・モルタル,生コンクリート,早強 ３０－１２－２５（２０） [単位水量175以下W/C55以下],m3,bureau_area,18,福井県,福井 冠山峠地区,,,27200,JPY,design_unit_price_ex_tax,published_pdl,,,2025-07,2025-07-01,kkr-zairyo-r7-07,29,https://www.kkr.mlit.go.jp/plan/jigyousya/technical_information/gijutsukanri/qgl8vl0000004zj9-att/2025_07tanka.pdf,PDL1.0,,近畿地整が独自調査で設定した単価(物価資料に載っていない地区・規格だけ)。消費税抜き。
d7d0a5c55344f1b6,JP,material,生コンクリート・モルタル,生コンクリート,早強 ３６－１２－２５（２０） [単位水量175以下W/C55以下],m3,bureau_area,18,福井県,福井 池田町他,,,20500,JPY,design_unit_price_ex_tax,published_pdl,,,2025-07,2025-07-01,kkr-zairyo-r7-07,29,https://www.kkr.mlit.go.jp/plan/jigyousya/technical_information/gijutsukanri/qgl8vl0000004zj9-att/2025_07tanka.pdf,PDL1.0,,近畿地整が独自調査で設定した単価(物価資料に載っていない地区・規格だけ)。消費税抜き。
b2461245c2789a4d,JP,material,生コンクリート・モルタル,生コンクリート,早強 ３６－１２－２５（２０） [単位水量175以下W/C55以下],m3,bureau_area,18,福井県,福井 冠山峠地区,,,28100,JPY,design_unit_price_ex_tax,published_pdl,,,2025-07,2025-07-01,kkr-zairyo-r7-07,29,https://www.kkr.mlit.go.jp/plan/jigyousya/technical_information/gijutsukanri/qgl8vl0000004zj9-att/2025_07tanka.pdf,PDL1.0,,近畿地整が独自調査で設定した単価(物価資料に載っていない地区・規格だけ)。消費税抜き。
8fd12233e5389a5b,JP,material,生コンクリート・モルタル,生コンクリート,早強 ４０－１２－２５（２０） [単位水量175以下W/C55以下],m3,bureau_area,18,福井県,福井 池田町他,,,23000,JPY,design_unit_price_ex_tax,published_pdl,,,2025-07,2025-07-01,kkr-zairyo-r7-07,29,https://www.kkr.mlit.go.jp/plan/jigyousya/technical_information/gijutsukanri/qgl8vl0000004zj9-att/2025_07tanka.pdf,PDL1.0,,近畿地整が独自調査で設定した単価(物価資料に載っていない地区・規格だけ)。消費税抜き。
d3902e45f45777be,JP,material,生コンクリート・モルタル,生コンクリート,早強 ４０－１２－２５（２０） [単位水量175以下W/C55以下],m3,bureau_area,18,福井県,福井 冠山峠地区,,,30600,JPY,design_unit_price_ex_tax,published_pdl,,,2025-07,2025-07-01,kkr-zairyo-r7-07,29,https://www.kkr.mlit.go.jp/plan/jigyousya/technical_information/gijutsukanri/qgl8vl0000004zj9-att/2025_07tanka.pdf,PDL1.0,,近畿地整が独自調査で設定した単価(物価資料に載っていない地区・規格だけ)。消費税抜き。
ed7ed637cfc1b49a,JP,material,生コンクリート・モルタル,生コンクリート,高炉 ２４－１２－４０ [単位水量165以下W/C55以下],m3,bureau_area,29,奈良県,奈良 竹筒,68,［特定地］竹筒地区（吉野郡十津川村）,34900,JPY,design_unit_price_ex_tax,published_pdl,,,2025-07,2025-07-01,kkr-zairyo-r7-07,33,https://www.kkr.mlit.go.jp/plan/jigyousya/technical_information/gijutsukanri/qgl8vl0000004zj9-att/2025_07tanka.pdf,PDL1.0,95b61d3f217c,近畿地整が独自調査で設定した単価(物価資料に載っていない地区・規格だけ)。消費税抜き。
4aee5f68b7d27d4b,JP,material,生コンクリート・モルタル,生コンクリート,高炉 ３０－１２－２５（２０） [単位水量175以下W/C55以下],m3,bureau_area,29,奈良県,奈良 竹筒,68,［特定地］竹筒地区（吉野郡十津川村）,36900,JPY,design_unit_price_ex_tax,published_pdl,,,2025-07,2025-07-01,kkr-zairyo-r7-07,33,https://www.kkr.mlit.go.jp/plan/jigyousya/technical_information/gijutsukanri/qgl8vl0000004zj9-att/2025_07tanka.pdf,PDL1.0,,近畿地整が独自調査で設定した単価(物価資料に載っていない地区・規格だけ)。消費税抜き。
552fa0736603610b,JP,material,生コンクリート・モルタル,生コンクリート,高炉 ３６－１２－２５（２０） [単位水量175以下W/C55以下],m3,bureau_area,29,奈良県,奈良 竹筒,68,［特定地］竹筒地区（吉野郡十津川村）,44900,JPY,design_unit_price_ex_tax,published_pdl,,,2025-07,2025-07-01,kkr-zairyo-r7-07,33,https://www.kkr.mlit.go.jp/plan/jigyousya/technical_information/gijutsukanri/qgl8vl0000004zj9-att/2025_07tanka.pdf,PDL1.0,,近畿地整が独自調査で設定した単価(物価資料に載っていない地区・規格だけ)。消費税抜き。
5ca9e76876b6c0b7,JP,material,生コンクリート・モルタル,生コンクリート,早強 ２１－８－２５（２０） [単位水量175以下W/C60以下],m3,bureau_area,29,奈良県,奈良 竹筒,68,［特定地］竹筒地区（吉野郡十津川村）,38900,JPY,design_unit_price_ex_tax,published_pdl,,,2025-07,2025-07-01,kkr-zairyo-r7-07,33,https://www.kkr.mlit.go.jp/plan/jigyousya/technical_information/gijutsukanri/qgl8vl0000004zj9-att/2025_07tanka.pdf,PDL1.0,f6a76bb1f548,近畿地整が独自調査で設定した単価(物価資料に載っていない地区・規格だけ)。消費税抜き。
6a25ba6d76a8baf0,JP,material,生コンクリート・モルタル,生コンクリート,早強 ２４－８－２５（２０） [単位水量175以下W/C55以下],m3,bureau_area,29,奈良県,奈良 竹筒,68,［特定地］竹筒地区（吉野郡十津川村）,39900,JPY,design_unit_price_ex_tax,published_pdl,,,2025-07,2025-07-01,kkr-zairyo-r7-07,33,https://www.kkr.mlit.go.jp/plan/jigyousya/technical_information/gijutsukanri/qgl8vl0000004zj9-att/2025_07tanka.pdf,PDL1.0,6bb79f67639f,近畿地整が独自調査で設定した単価(物価資料に載っていない地区・規格だけ)。消費税抜き。
e9f6e922d255e1e7,JP,material,生コンクリート・モルタル,生コンクリート,早強 ３０－８－２５（２０） [単位水量175以下W/C55以下],m3,bureau_area,29,奈良県,奈良 竹筒,68,［特定地］竹筒地区（吉野郡十津川村）,41900,JPY,design_unit_price_ex_tax,published_pdl,,,2025-07,2025-07-01,kkr-zairyo-r7-07,33,https://www.kkr.mlit.go.jp/plan/jigyousya/technical_information/gijutsukanri/qgl8vl0000004zj9-att/2025_07tanka.pdf,PDL1.0,26f5b9bc02b5,近畿地整が独自調査で設定した単価(物価資料に載っていない地区・規格だけ)。消費税抜き。
da0a167ac69b5bfe,JP,material,生コンクリート・モルタル,生コンクリート,早強 ３６－８－２５（２０） [単位水量175以下W/C55以下],m3,bureau_area,29,奈良県,奈良 竹筒,68,［特定地］竹筒地区（吉野郡十津川村）,49900,JPY,design_unit_price_ex_tax,published_pdl,,,2025-07,2025-07-01,kkr-zairyo-r7-07,33,https://www.kkr.mlit.go.jp/plan/jigyousya/technical_information/gijutsukanri/qgl8vl0000004zj9-att/2025_07tanka.pdf,PDL1.0,a57503261f32,近畿地整が独自調査で設定した単価(物価資料に載っていない地区・規格だけ)。消費税抜き。
7517734cc5d89c43,JP,material,生コンクリート・モルタル,生コンクリート,早強 ４０－８－２５（２０） [単位水量175以下W/C55以下],m3,bureau_area,29,奈良県,奈良 竹筒,68,［特定地］竹筒地区（吉野郡十津川村）,50900,JPY,design_unit_price_ex_tax,published_pdl,,,2025-07,2025-07-01,kkr-zairyo-r7-07,33,https://www.kkr.mlit.go.jp/plan/jigyousya/technical_information/gijutsukanri/qgl8vl0000004zj9-att/2025_07tanka.pdf,PDL1.0,37480063f114,近畿地整が独自調査で設定した単価(物価資料に載っていない地区・規格だけ)。消費税抜き。
022d02eb2185eb30,JP,material,生コンクリート・モルタル,生コンクリート,早強 ２４－１２－２５（２０） [単位水量175以下W/C55以下],m3,bureau_area,29,奈良県,奈良 竹筒,68,［特定地］竹筒地区（吉野郡十津川村）,39900,JPY,design_unit_price_ex_tax,published_pdl,,,2025-07,2025-07-01,kkr-zairyo-r7-07,33,https://www.kkr.mlit.go.jp/plan/jigyousya/technical_information/gijutsukanri/qgl8vl0000004zj9-att/2025_07tanka.pdf,PDL1.0,,近畿地整が独自調査で設定した単価(物価資料に載っていない地区・規格だけ)。消費税抜き。
86b85a69a141fbfb,JP,material,生コンクリート・モルタル,生コンクリート,早強 ２４－１２－４０ [単位水量165以下W/C55以下],m3,bureau_area,29,奈良県,奈良 竹筒,68,［特定地］竹筒地区（吉野郡十津川村）,39900,JPY,design_unit_price_ex_tax,published_pdl,,,2025-07,2025-07-01,kkr-zairyo-r7-07,33,https://www.kkr.mlit.go.jp/plan/jigyousya/technical_information/gijutsukanri/qgl8vl0000004zj9-att/2025_07tanka.pdf,PDL1.0,,近畿地整が独自調査で設定した単価(物価資料に載っていない地区・規格だけ)。消費税抜き。
a98d61dff7cc9a83,JP,material,生コンクリート・モルタル,生コンクリート,早強 ３０－１２－２５（２０） [単位水量175以下W/C55以下],m3,bureau_area,29,奈良県,奈良 竹筒,68,［特定地］竹筒地区（吉野郡十津川村）,41900,JPY,design_unit_price_ex_tax,published_pdl,,,2025-07,2025-07-01,kkr-zairyo-r7-07,33,https://www.kkr.mlit.go.jp/plan/jigyousya/technical_information/gijutsukanri/qgl8vl0000004zj9-att/2025_07tanka.pdf,PDL1.0,,近畿地整が独自調査で設定した単価(物価資料に載っていない地区・規格だけ)。消費税抜き。
bfd6e716e18bb6b4,JP,material,生コンクリート・モルタル,生コンクリート,早強 ３６－１２－２５（２０） [単位水量175以下W/C55以下],m3,bureau_area,29,奈良県,奈良 竹筒,68,［特定地］竹筒地区（吉野郡十津川村）,49900,JPY,design_unit_price_ex_tax,published_pdl,,,2025-07,2025-07-01,kkr-zairyo-r7-07,33,https://www.kkr.mlit.go.jp/plan/jigyousya/technical_information/gijutsukanri/qgl8vl0000004zj9-att/2025_07tanka.pdf,PDL1.0,,近畿地整が独自調査で設定した単価(物価資料に載っていない地区・規格だけ)。消費税抜き。
84a93038a9c92907,JP,material,生コンクリート・モルタル,生コンクリート,早強 ４０－１２－２５（２０） [単位水量175以下W/C55以下],m3,bureau_area,29,奈良県,奈良 竹筒,68,［特定地］竹筒地区（吉野郡十津川村）,50900,JPY,design_unit_price_ex_tax,published_pdl,,,2025-07,2025-07-01,kkr-zairyo-r7-07,33,https://www.kkr.mlit.go.jp/plan/jigyousya/technical_information/gijutsukanri/qgl8vl0000004zj9-att/2025_07tanka.pdf,PDL1.0,,近畿地整が独自調査で設定した単価(物価資料に載っていない地区・規格だけ)。消費税抜き。
940241f585c1a19c,JP,material,生コンクリート・モルタル,生コンクリート,高炉 ２４－１２－４０ [単位水量165以下W/C55以下],m3,bureau_area,30,和歌山県,和歌山 西牟婁郡他 / すさみ町,,,28500,JPY,design_unit_price_ex_tax,published_pdl,,,2025-07,2025-07-01,kkr-zairyo-r7-07,35,https://www.kkr.mlit.go.jp/plan/jigyousya/technical_information/gijutsukanri/qgl8vl0000004zj9-att/2025_07tanka.pdf,PDL1.0,95b61d3f217c,近畿地整が独自調査で設定した単価(物価資料に載っていない地区・規格だけ)。消費税抜き。
31525b9b117f2d79,JP,material,生コンクリート・モルタル,生コンクリート,高炉 ２４－１２－４０ [単位水量165以下W/C55以下],m3,bureau_area,30,和歌山県,和歌山 玉置口,,,34900,JPY,design_unit_price_ex_tax,published_pdl,,,2025-07,2025-07-01,kkr-zairyo-r7-07,35,https://www.kkr.mlit.go.jp/plan/jigyousya/technical_information/gijutsukanri/qgl8vl0000004zj9-att/2025_07tanka.pdf,PDL1.0,95b61d3f217c,近畿地整が独自調査で設定した単価(物価資料に載っていない地区・規格だけ)。消費税抜き。
dd3f91e5a3da4827,JP,material,生コンクリート・モルタル,生コンクリート,高炉 ２４－１２－４０ [単位水量165以下W/C55以下],m3,bureau_area,24,三重県,三重 名張市,,,29500,JPY,design_unit_price_ex_tax,published_pdl,,,2025-07,2025-07-01,kkr-zairyo-r7-07,35,https://www.kkr.mlit.go.jp/plan/jigyousya/technical_information/gijutsukanri/qgl8vl0000004zj9-att/2025_07tanka.pdf,PDL1.0,95b61d3f217c,近畿地整が独自調査で設定した単価(物価資料に載っていない地区・規格だけ)。消費税抜き。
5f0cd187d7969b25,JP,material,生コンクリート・モルタル,生コンクリート,高炉 ２４－１２－４０ [単位水量165以下W/C55以下],m3,bureau_area,24,三重県,三重 伊賀市 / 旧上野市他,,,29500,JPY,design_unit_price_ex_tax,published_pdl,,,2025-07,2025-07-01,kkr-zairyo-r7-07,35,https://www.kkr.mlit.go.jp/plan/jigyousya/technical_information/gijutsukanri/qgl8vl0000004zj9-att/2025_07tanka.pdf,PDL1.0,95b61d3f217c,近畿地整が独自調査で設定した単価(物価資料に載っていない地区・規格だけ)。消費税抜き。
d2ba81ea09732fd7,JP,material,生コンクリート・モルタル,生コンクリート,高炉 ２４－１２－４０ [単位水量165以下W/C55以下],m3,bureau_area,24,三重県,三重 伊賀市 / 旧青山町,,,29500,JPY,design_unit_price_ex_tax,published_pdl,,,2025-07,2025-07-01,kkr-zairyo-r7-07,35,https://www.kkr.mlit.go.jp/plan/jigyousya/technical_information/gijutsukanri/qgl8vl0000004zj9-att/2025_07tanka.pdf,PDL1.0,95b61d3f217c,近畿地整が独自調査で設定した単価(物価資料に載っていない地区・規格だけ)。消費税抜き。
38b4ff3a8cba75d1,JP,material,生コンクリート・モルタル,生コンクリート,高炉 ２４－１２－４０ [単位水量165以下W/C55以下],m3,bureau_area,24,三重県,三重 太郎生,,,30000,JPY,design_unit_price_ex_tax,published_pdl,,,2025-07,2025-07-01,kkr-zairyo-r7-07,35,https://www.kkr.mlit.go.jp/plan/jigyousya/technical_information/gijutsukanri/qgl8vl0000004zj9-att/2025_07tanka.pdf,PDL1.0,95b61d3f217c,近畿地整が独自調査で設定した単価(物価資料に載っていない地区・規格だけ)。消費税抜き。
e20deba8f9335848,JP,material,生コンクリート・モルタル,生コンクリート,高炉 ２４－１２－４０ [単位水量165以下W/C55以下],m3,bureau_area,24,三重県,三重 紀宝町他,,,34900,JPY,design_unit_price_ex_tax,published_pdl,,,2025-07,2025-07-01,kkr-zairyo-r7-07,35,https://www.kkr.mlit.go.jp/plan/jigyousya/technical_information/gijutsukanri/qgl8vl0000004zj9-att/2025_07tanka.pdf,PDL1.0,95b61d3f217c,近畿地整が独自調査で設定した単価(物価資料に載っていない地区・規格だけ)。消費税抜き。
79220ddcd7bec6bf,JP,material,生コンクリート・モルタル,生コンクリート,高炉 ３０－１２－２５（２０） [単位水量175以下W/C55以下],m3,bureau_area,30,和歌山県,和歌山 西牟婁郡他 / すさみ町,,,29800,JPY,design_unit_price_ex_tax,published_pdl,,,2025-07,2025-07-01,kkr-zairyo-r7-07,35,https://www.kkr.mlit.go.jp/plan/jigyousya/technical_information/gijutsukanri/qgl8vl0000004zj9-att/2025_07tanka.pdf,PDL1.0,,近畿地整が独自調査で設定した単価(物価資料に載っていない地区・規格だけ)。消費税抜き。
66ca24839d9f506a,JP,material,生コンクリート・モルタル,生コンクリート,高炉 ３０－１２－２５（２０） [単位水量175以下W/C55以下],m3,bureau_area,30,和歌山県,和歌山 玉置口,,,36900,JPY,design_unit_price_ex_tax,published_pdl,,,2025-07,2025-07-01,kkr-zairyo-r7-07,35,https://www.kkr.mlit.go.jp/plan/jigyousya/technical_information/gijutsukanri/qgl8vl0000004zj9-att/2025_07tanka.pdf,PDL1.0,,近畿地整が独自調査で設定した単価(物価資料に載っていない地区・規格だけ)。消費税抜き。
bf5fdcb0340c1fa6,JP,material,生コンクリート・モルタル,生コンクリート,高炉 ３０－１２－２５（２０） [単位水量175以下W/C55以下],m3,bureau_area,24,三重県,三重 名張市,,,30500,JPY,design_unit_price_ex_tax,published_pdl,,,2025-07,2025-07-01,kkr-zairyo-r7-07,35,https://www.kkr.mlit.go.jp/plan/jigyousya/technical_information/gijutsukanri/qgl8vl0000004zj9-att/2025_07tanka.pdf,PDL1.0,,近畿地整が独自調査で設定した単価(物価資料に載っていない地区・規格だけ)。消費税抜き。
9000ca7890d5b862,JP,material,生コンクリート・モルタル,生コンクリート,高炉 ３０－１２－２５（２０） [単位水量175以下W/C55以下],m3,bureau_area,24,三重県,三重 伊賀市 / 旧上野市他,,,30500,JPY,design_unit_price_ex_tax,published_pdl,,,2025-07,2025-07-01,kkr-zairyo-r7-07,35,https://www.kkr.mlit.go.jp/plan/jigyousya/technical_information/gijutsukanri/qgl8vl0000004zj9-att/2025_07tanka.pdf,PDL1.0,,近畿地整が独自調査で設定した単価(物価資料に載っていない地区・規格だけ)。消費税抜き。
e8efb0a67ae06633,JP,material,生コンクリート・モルタル,生コンクリート,高炉 ３０－１２－２５（２０） [単位水量175以下W/C55以下],m3,bureau_area,24,三重県,三重 伊賀市 / 旧青山町,,,30500,JPY,design_unit_price_ex_tax,published_pdl,,,2025-07,2025-07-01,kkr-zairyo-r7-07,35,https://www.kkr.mlit.go.jp/plan/jigyousya/technical_information/gijutsukanri/qgl8vl0000004zj9-att/2025_07tanka.pdf,PDL1.0,,近畿地整が独自調査で設定した単価(物価資料に載っていない地区・規格だけ)。消費税抜き。
20a8195b665f0284,JP,material,生コンクリート・モルタル,生コンクリート,高炉 ３０－１２－２５（２０） [単位水量175以下W/C55以下],m3,bureau_area,24,三重県,三重 太郎生,,,31000,JPY,design_unit_price_ex_tax,published_pdl,,,2025-07,2025-07-01,kkr-zairyo-r7-07,35,https://www.kkr.mlit.go.jp/plan/jigyousya/technical_information/gijutsukanri/qgl8vl0000004zj9-att/2025_07tanka.pdf,PDL1.0,,近畿地整が独自調査で設定した単価(物価資料に載っていない地区・規格だけ)。消費税抜き。
22251d4353fdd66a,JP,material,生コンクリート・モルタル,生コンクリート,高炉 ３０－１２－２５（２０） [単位水量175以下W/C55以下],m3,bureau_area,24,三重県,三重 紀宝町他,,,36900,JPY,design_unit_price_ex_tax,published_pdl,,,2025-07,2025-07-01,kkr-zairyo-r7-07,35,https://www.kkr.mlit.go.jp/plan/jigyousya/technical_information/gijutsukanri/qgl8vl0000004zj9-att/2025_07tanka.pdf,PDL1.0,,近畿地整が独自調査で設定した単価(物価資料に載っていない地区・規格だけ)。消費税抜き。
b1832bb57e07b3df,JP,material,生コンクリート・モルタル,生コンクリート,高炉 ３６－１２－２５（２０） [単位水量175以下W/C55以下],m3,bureau_area,30,和歌山県,和歌山 西牟婁郡他 / すさみ町,,,31000,JPY,design_unit_price_ex_tax,published_pdl,,,2025-07,2025-07-01,kkr-zairyo-r7-07,35,https://www.kkr.mlit.go.jp/plan/jigyousya/technical_information/gijutsukanri/qgl8vl0000004zj9-att/2025_07tanka.pdf,PDL1.0,,近畿地整が独自調査で設定した単価(物価資料に載っていない地区・規格だけ)。消費税抜き。
85ca8382e5813807,JP,material,生コンクリート・モルタル,生コンクリート,高炉 ３６－１２－２５（２０） [単位水量175以下W/C55以下],m3,bureau_area,30,和歌山県,和歌山 玉置口,,,44900,JPY,design_unit_price_ex_tax,published_pdl,,,2025-07,2025-07-01,kkr-zairyo-r7-07,35,https://www.kkr.mlit.go.jp/plan/jigyousya/technical_information/gijutsukanri/qgl8vl0000004zj9-att/2025_07tanka.pdf,PDL1.0,,近畿地整が独自調査で設定した単価(物価資料に載っていない地区・規格だけ)。消費税抜き。
64ebded1f4c39f96,JP,material,生コンクリート・モルタル,生コンクリート,高炉 ３６－１２－２５（２０） [単位水量175以下W/C55以下],m3,bureau_area,24,三重県,三重 名張市,,,31500,JPY,design_unit_price_ex_tax,published_pdl,,,2025-07,2025-07-01,kkr-zairyo-r7-07,35,https://www.kkr.mlit.go.jp/plan/jigyousya/technical_information/gijutsukanri/qgl8vl0000004zj9-att/2025_07tanka.pdf,PDL1.0,,近畿地整が独自調査で設定した単価(物価資料に載っていない地区・規格だけ)。消費税抜き。
a6e3ab2f567059ad,JP,material,生コンクリート・モルタル,生コンクリート,高炉 ３６－１２－２５（２０） [単位水量175以下W/C55以下],m3,bureau_area,24,三重県,三重 伊賀市 / 旧上野市他,,,31500,JPY,design_unit_price_ex_tax,published_pdl,,,2025-07,2025-07-01,kkr-zairyo-r7-07,35,https://www.kkr.mlit.go.jp/plan/jigyousya/technical_information/gijutsukanri/qgl8vl0000004zj9-att/2025_07tanka.pdf,PDL1.0,,近畿地整が独自調査で設定した単価(物価資料に載っていない地区・規格だけ)。消費税抜き。
17419b4f82acf10d,JP,material,生コンクリート・モルタル,生コンクリート,高炉 ３６－１２－２５（２０） [単位水量175以下W/C55以下],m3,bureau_area,24,三重県,三重 伊賀市 / 旧青山町,,,31500,JPY,design_unit_price_ex_tax,published_pdl,,,2025-07,2025-07-01,kkr-zairyo-r7-07,35,https://www.kkr.mlit.go.jp/plan/jigyousya/technical_information/gijutsukanri/qgl8vl0000004zj9-att/2025_07tanka.pdf,PDL1.0,,近畿地整が独自調査で設定した単価(物価資料に載っていない地区・規格だけ)。消費税抜き。
f55f1395a5de1e4f,JP,material,生コンクリート・モルタル,生コンクリート,高炉 ３６－１２－２５（２０） [単位水量175以下W/C55以下],m3,bureau_area,24,三重県,三重 太郎生,,,32000,JPY,design_unit_price_ex_tax,published_pdl,,,2025-07,2025-07-01,kkr-zairyo-r7-07,35,https://www.kkr.mlit.go.jp/plan/jigyousya/technical_information/gijutsukanri/qgl8vl0000004zj9-att/2025_07tanka.pdf,PDL1.0,,近畿地整が独自調査で設定した単価(物価資料に載っていない地区・規格だけ)。消費税抜き。
7b66b900369cf273,JP,material,生コンクリート・モルタル,生コンクリート,高炉 ３６－１２－２５（２０） [単位水量175以下W/C55以下],m3,bureau_area,24,三重県,三重 紀宝町他,,,38900,JPY,design_unit_price_ex_tax,published_pdl,,,2025-07,2025-07-01,kkr-zairyo-r7-07,35,https://www.kkr.mlit.go.jp/plan/jigyousya/technical_information/gijutsukanri/qgl8vl0000004zj9-att/2025_07tanka.pdf,PDL1.0,,近畿地整が独自調査で設定した単価(物価資料に載っていない地区・規格だけ)。消費税抜き。
f870db8df0dc92b4,JP,material,生コンクリート・モルタル,生コンクリート,早強 ２１－８－２５（２０） [単位水量175以下W/C60以下],m3,bureau_area,30,和歌山県,和歌山 玉置口,,,38900,JPY,design_unit_price_ex_tax,published_pdl,,,2025-07,2025-07-01,kkr-zairyo-r7-07,35,https://www.kkr.mlit.go.jp/plan/jigyousya/technical_information/gijutsukanri/qgl8vl0000004zj9-att/2025_07tanka.pdf,PDL1.0,f6a76bb1f548,近畿地整が独自調査で設定した単価(物価資料に載っていない地区・規格だけ)。消費税抜き。
fe6f55b2cf35acb8,JP,material,生コンクリート・モルタル,生コンクリート,早強 ２１－８－２５（２０） [単位水量175以下W/C60以下],m3,bureau_area,24,三重県,三重 名張市,,,30200,JPY,design_unit_price_ex_tax,published_pdl,,,2025-07,2025-07-01,kkr-zairyo-r7-07,35,https://www.kkr.mlit.go.jp/plan/jigyousya/technical_information/gijutsukanri/qgl8vl0000004zj9-att/2025_07tanka.pdf,PDL1.0,f6a76bb1f548,近畿地整が独自調査で設定した単価(物価資料に載っていない地区・規格だけ)。消費税抜き。
647f4907f5f5490f,JP,material,生コンクリート・モルタル,生コンクリート,早強 ２１－８－２５（２０） [単位水量175以下W/C60以下],m3,bureau_area,24,三重県,三重 伊賀市 / 旧上野市他,,,30200,JPY,design_unit_price_ex_tax,published_pdl,,,2025-07,2025-07-01,kkr-zairyo-r7-07,35,https://www.kkr.mlit.go.jp/plan/jigyousya/technical_information/gijutsukanri/qgl8vl0000004zj9-att/2025_07tanka.pdf,PDL1.0,f6a76bb1f548,近畿地整が独自調査で設定した単価(物価資料に載っていない地区・規格だけ)。消費税抜き。
3aa61229f2c81d74,JP,material,生コンクリート・モルタル,生コンクリート,早強 ２１－８－２５（２０） [単位水量175以下W/C60以下],m3,bureau_area,24,三重県,三重 伊賀市 / 旧青山町,,,30200,JPY,design_unit_price_ex_tax,published_pdl,,,2025-07,2025-07-01,kkr-zairyo-r7-07,35,https://www.kkr.mlit.go.jp/plan/jigyousya/technical_information/gijutsukanri/qgl8vl0000004zj9-att/2025_07tanka.pdf,PDL1.0,f6a76bb1f548,近畿地整が独自調査で設定した単価(物価資料に載っていない地区・規格だけ)。消費税抜き。
ef6f16f35166d71d,JP,material,生コンクリート・モルタル,生コンクリート,早強 ２１－８－２５（２０） [単位水量175以下W/C60以下],m3,bureau_area,24,三重県,三重 太郎生,,,30500,JPY,design_unit_price_ex_tax,published_pdl,,,2025-07,2025-07-01,kkr-zairyo-r7-07,35,https://www.kkr.mlit.go.jp/plan/jigyousya/technical_information/gijutsukanri/qgl8vl0000004zj9-att/2025_07tanka.pdf,PDL1.0,f6a76bb1f548,近畿地整が独自調査で設定した単価(物価資料に載っていない地区・規格だけ)。消費税抜き。
4f24b784e1df3b21,JP,material,生コンクリート・モルタル,生コンクリート,早強 ２１－８－２５（２０） [単位水量175以下W/C60以下],m3,bureau_area,24,三重県,三重 紀宝町他,,,38900,JPY,design_unit_price_ex_tax,published_pdl,,,2025-07,2025-07-01,kkr-zairyo-r7-07,35,https://www.kkr.mlit.go.jp/plan/jigyousya/technical_information/gijutsukanri/qgl8vl0000004zj9-att/2025_07tanka.pdf,PDL1.0,f6a76bb1f548,近畿地整が独自調査で設定した単価(物価資料に載っていない地区・規格だけ)。消費税抜き。
a8cc03f159258608,JP,material,生コンクリート・モルタル,生コンクリート,早強 ２４－８－２５（２０） [単位水量175以下W/C55以下],m3,bureau_area,30,和歌山県,和歌山 玉置口,,,39900,JPY,design_unit_price_ex_tax,published_pdl,,,2025-07,2025-07-01,kkr-zairyo-r7-07,35,https://www.kkr.mlit.go.jp/plan/jigyousya/technical_information/gijutsukanri/qgl8vl0000004zj9-att/2025_07tanka.pdf,PDL1.0,6bb79f67639f,近畿地整が独自調査で設定した単価(物価資料に載っていない地区・規格だけ)。消費税抜き。
816cb069a4911d38,JP,material,生コンクリート・モルタル,生コンクリート,早強 ２４－８－２５（２０） [単位水量175以下W/C55以下],m3,bureau_area,24,三重県,三重 名張市,,,30900,JPY,design_unit_price_ex_tax,published_pdl,,,2025-07,2025-07-01,kkr-zairyo-r7-07,35,https://www.kkr.mlit.go.jp/plan/jigyousya/technical_information/gijutsukanri/qgl8vl0000004zj9-att/2025_07tanka.pdf,PDL1.0,6bb79f67639f,近畿地整が独自調査で設定した単価(物価資料に載っていない地区・規格だけ)。消費税抜き。
f89f7ad0828bf89c,JP,material,生コンクリート・モルタル,生コンクリート,早強 ２４－８－２５（２０） [単位水量175以下W/C55以下],m3,bureau_area,24,三重県,三重 伊賀市 / 旧上野市他,,,30900,JPY,design_unit_price_ex_tax,published_pdl,,,2025-07,2025-07-01,kkr-zairyo-r7-07,35,https://www.kkr.mlit.go.jp/plan/jigyousya/technical_information/gijutsukanri/qgl8vl0000004zj9-att/2025_07tanka.pdf,PDL1.0,6bb79f67639f,近畿地整が独自調査で設定した単価(物価資料に載っていない地区・規格だけ)。消費税抜き。
3f62ef5e2fa9bd57,JP,material,生コンクリート・モルタル,生コンクリート,早強 ２４－８－２５（２０） [単位水量175以下W/C55以下],m3,bureau_area,24,三重県,三重 伊賀市 / 旧青山町,,,30900,JPY,design_unit_price_ex_tax,published_pdl,,,2025-07,2025-07-01,kkr-zairyo-r7-07,35,https://www.kkr.mlit.go.jp/plan/jigyousya/technical_information/gijutsukanri/qgl8vl0000004zj9-att/2025_07tanka.pdf,PDL1.0,6bb79f67639f,近畿地整が独自調査で設定した単価(物価資料に載っていない地区・規格だけ)。消費税抜き。
9d8a48fe10b7a814,JP,material,生コンクリート・モルタル,生コンクリート,早強 ２４－８－２５（２０） [単位水量175以下W/C55以下],m3,bureau_area,24,三重県,三重 太郎生,,,31000,JPY,design_unit_price_ex_tax,published_pdl,,,2025-07,2025-07-01,kkr-zairyo-r7-07,35,https://www.kkr.mlit.go.jp/plan/jigyousya/technical_information/gijutsukanri/qgl8vl0000004zj9-att/2025_07tanka.pdf,PDL1.0,6bb79f67639f,近畿地整が独自調査で設定した単価(物価資料に載っていない地区・規格だけ)。消費税抜き。
76e0f980db7307fe,JP,material,生コンクリート・モルタル,生コンクリート,早強 ２４－８－２５（２０） [単位水量175以下W/C55以下],m3,bureau_area,24,三重県,三重 紀宝町他,,,39900,JPY,design_unit_price_ex_tax,published_pdl,,,2025-07,2025-07-01,kkr-zairyo-r7-07,35,https://www.kkr.mlit.go.jp/plan/jigyousya/technical_information/gijutsukanri/qgl8vl0000004zj9-att/2025_07tanka.pdf,PDL1.0,6bb79f67639f,近畿地整が独自調査で設定した単価(物価資料に載っていない地区・規格だけ)。消費税抜き。
11f1eb678d545d34,JP,material,生コンクリート・モルタル,生コンクリート,早強 ３０－８－２５（２０） [単位水量175以下W/C55以下],m3,bureau_area,30,和歌山県,和歌山 玉置口,,,41900,JPY,design_unit_price_ex_tax,published_pdl,,,2025-07,2025-07-01,kkr-zairyo-r7-07,35,https://www.kkr.mlit.go.jp/plan/jigyousya/technical_information/gijutsukanri/qgl8vl0000004zj9-att/2025_07tanka.pdf,PDL1.0,26f5b9bc02b5,近畿地整が独自調査で設定した単価(物価資料に載っていない地区・規格だけ)。消費税抜き。
c46b4c9f73021cde,JP,material,生コンクリート・モルタル,生コンクリート,早強 ３０－８－２５（２０） [単位水量175以下W/C55以下],m3,bureau_area,24,三重県,三重 名張市,,,32200,JPY,design_unit_price_ex_tax,published_pdl,,,2025-07,2025-07-01,kkr-zairyo-r7-07,35,https://www.kkr.mlit.go.jp/plan/jigyousya/technical_information/gijutsukanri/qgl8vl0000004zj9-att/2025_07tanka.pdf,PDL1.0,26f5b9bc02b5,近畿地整が独自調査で設定した単価(物価資料に載っていない地区・規格だけ)。消費税抜き。
52b1aecfa84e3a46,JP,material,生コンクリート・モルタル,生コンクリート,早強 ３０－８－２５（２０） [単位水量175以下W/C55以下],m3,bureau_area,24,三重県,三重 伊賀市 / 旧上野市他,,,32200,JPY,design_unit_price_ex_tax,published_pdl,,,2025-07,2025-07-01,kkr-zairyo-r7-07,35,https://www.kkr.mlit.go.jp/plan/jigyousya/technical_information/gijutsukanri/qgl8vl0000004zj9-att/2025_07tanka.pdf,PDL1.0,26f5b9bc02b5,近畿地整が独自調査で設定した単価(物価資料に載っていない地区・規格だけ)。消費税抜き。
b7778810bb5378dc,JP,material,生コンクリート・モルタル,生コンクリート,早強 ３０－８－２５（２０） [単位水量175以下W/C55以下],m3,bureau_area,24,三重県,三重 伊賀市 / 旧青山町,,,32200,JPY,design_unit_price_ex_tax,published_pdl,,,2025-07,2025-07-01,kkr-zairyo-r7-07,35,https://www.kkr.mlit.go.jp/plan/jigyousya/technical_information/gijutsukanri/qgl8vl0000004zj9-att/2025_07tanka.pdf,PDL1.0,26f5b9bc02b5,近畿地整が独自調査で設定した単価(物価資料に載っていない地区・規格だけ)。消費税抜き。
1950454f5f6b7ac6,JP,material,生コンクリート・モルタル,生コンクリート,早強 ３０－８－２５（２０） [単位水量175以下W/C55以下],m3,bureau_area,24,三重県,三重 太郎生,,,32000,JPY,design_unit_price_ex_tax,published_pdl,,,2025-07,2025-07-01,kkr-zairyo-r7-07,35,https://www.kkr.mlit.go.jp/plan/jigyousya/technical_information/gijutsukanri/qgl8vl0000004zj9-att/2025_07tanka.pdf,PDL1.0,26f5b9bc02b5,近畿地整が独自調査で設定した単価(物価資料に載っていない地区・規格だけ)。消費税抜き。
6c2a94b3dcdcdc93,JP,material,生コンクリート・モルタル,生コンクリート,早強 ３０－８－２５（２０） [単位水量175以下W/C55以下],m3,bureau_area,24,三重県,三重 紀宝町他,,,41900,JPY,design_unit_price_ex_tax,published_pdl,,,2025-07,2025-07-01,kkr-zairyo-r7-07,35,https://www.kkr.mlit.go.jp/plan/jigyousya/technical_information/gijutsukanri/qgl8vl0000004zj9-att/2025_07tanka.pdf,PDL1.0,26f5b9bc02b5,近畿地整が独自調査で設定した単価(物価資料に載っていない地区・規格だけ)。消費税抜き。
23926f1d7c1a8cbc,JP,material,生コンクリート・モルタル,生コンクリート,早強 ３６－８－２５（２０） [単位水量175以下W/C55以下],m3,bureau_area,30,和歌山県,和歌山 玉置口,,,49900,JPY,design_unit_price_ex_tax,published_pdl,,,2025-07,2025-07-01,kkr-zairyo-r7-07,35,https://www.kkr.mlit.go.jp/plan/jigyousya/technical_information/gijutsukanri/qgl8vl0000004zj9-att/2025_07tanka.pdf,PDL1.0,a57503261f32,近畿地整が独自調査で設定した単価(物価資料に載っていない地区・規格だけ)。消費税抜き。
e1e5cef9c66a16d3,JP,material,生コンクリート・モルタル,生コンクリート,早強 ３６－８－２５（２０） [単位水量175以下W/C55以下],m3,bureau_area,24,三重県,三重 名張市,,,33700,JPY,design_unit_price_ex_tax,published_pdl,,,2025-07,2025-07-01,kkr-zairyo-r7-07,35,https://www.kkr.mlit.go.jp/plan/jigyousya/technical_information/gijutsukanri/qgl8vl0000004zj9-att/2025_07tanka.pdf,PDL1.0,a57503261f32,近畿地整が独自調査で設定した単価(物価資料に載っていない地区・規格だけ)。消費税抜き。
d50a07c9f3d9e415,JP,material,生コンクリート・モルタル,生コンクリート,早強 ３６－８－２５（２０） [単位水量175以下W/C55以下],m3,bureau_area,24,三重県,三重 伊賀市 / 旧上野市他,,,33700,JPY,design_unit_price_ex_tax,published_pdl,,,2025-07,2025-07-01,kkr-zairyo-r7-07,35,https://www.kkr.mlit.go.jp/plan/jigyousya/technical_information/gijutsukanri/qgl8vl0000004zj9-att/2025_07tanka.pdf,PDL1.0,a57503261f32,近畿地整が独自調査で設定した単価(物価資料に載っていない地区・規格だけ)。消費税抜き。
471f338b1835758b,JP,material,生コンクリート・モルタル,生コンクリート,早強 ３６－８－２５（２０） [単位水量175以下W/C55以下],m3,bureau_area,24,三重県,三重 伊賀市 / 旧青山町,,,33700,JPY,design_unit_price_ex_tax,published_pdl,,,2025-07,2025-07-01,kkr-zairyo-r7-07,35,https://www.kkr.mlit.go.jp/plan/jigyousya/technical_information/gijutsukanri/qgl8vl0000004zj9-att/2025_07tanka.pdf,PDL1.0,a57503261f32,近畿地整が独自調査で設定した単価(物価資料に載っていない地区・規格だけ)。消費税抜き。
d26e946a380410b2,JP,material,生コンクリート・モルタル,生コンクリート,早強 ３６－８－２５（２０） [単位水量175以下W/C55以下],m3,bureau_area,24,三重県,三重 太郎生,,,33000,JPY,design_unit_price_ex_tax,published_pdl,,,2025-07,2025-07-01,kkr-zairyo-r7-07,35,https://www.kkr.mlit.go.jp/plan/jigyousya/technical_information/gijutsukanri/qgl8vl0000004zj9-att/2025_07tanka.pdf,PDL1.0,a57503261f32,近畿地整が独自調査で設定した単価(物価資料に載っていない地区・規格だけ)。消費税抜き。
e4413c8b4971a926,JP,material,生コンクリート・モルタル,生コンクリート,早強 ３６－８－２５（２０） [単位水量175以下W/C55以下],m3,bureau_area,24,三重県,三重 紀宝町他,,,43900,JPY,design_unit_price_ex_tax,published_pdl,,,2025-07,2025-07-01,kkr-zairyo-r7-07,35,https://www.kkr.mlit.go.jp/plan/jigyousya/technical_information/gijutsukanri/qgl8vl0000004zj9-att/2025_07tanka.pdf,PDL1.0,a57503261f32,近畿地整が独自調査で設定した単価(物価資料に載っていない地区・規格だけ)。消費税抜き。
628c9cc3d89c470c,JP,material,生コンクリート・モルタル,生コンクリート,早強 ４０－８－２５（２０） [単位水量175以下W/C55以下],m3,bureau_area,30,和歌山県,和歌山 玉置口,,,50900,JPY,design_unit_price_ex_tax,published_pdl,,,2025-07,2025-07-01,kkr-zairyo-r7-07,35,https://www.kkr.mlit.go.jp/plan/jigyousya/technical_information/gijutsukanri/qgl8vl0000004zj9-att/2025_07tanka.pdf,PDL1.0,37480063f114,近畿地整が独自調査で設定した単価(物価資料に載っていない地区・規格だけ)。消費税抜き。
1abc518a169a315e,JP,material,生コンクリート・モルタル,生コンクリート,早強 ４０－８－２５（２０） [単位水量175以下W/C55以下],m3,bureau_area,24,三重県,三重 名張市,,,34600,JPY,design_unit_price_ex_tax,published_pdl,,,2025-07,2025-07-01,kkr-zairyo-r7-07,35,https://www.kkr.mlit.go.jp/plan/jigyousya/technical_information/gijutsukanri/qgl8vl0000004zj9-att/2025_07tanka.pdf,PDL1.0,37480063f114,近畿地整が独自調査で設定した単価(物価資料に載っていない地区・規格だけ)。消費税抜き。
f00efcb622f21bde,JP,material,生コンクリート・モルタル,生コンクリート,早強 ４０－８－２５（２０） [単位水量175以下W/C55以下],m3,bureau_area,24,三重県,三重 伊賀市 / 旧上野市他,,,34600,JPY,design_unit_price_ex_tax,published_pdl,,,2025-07,2025-07-01,kkr-zairyo-r7-07,35,https://www.kkr.mlit.go.jp/plan/jigyousya/technical_information/gijutsukanri/qgl8vl0000004zj9-att/2025_07tanka.pdf,PDL1.0,37480063f114,近畿地整が独自調査で設定した単価(物価資料に載っていない地区・規格だけ)。消費税抜き。
80652bd33b8f55ea,JP,material,生コンクリート・モルタル,生コンクリート,早強 ４０－８－２５（２０） [単位水量175以下W/C55以下],m3,bureau_area,24,三重県,三重 伊賀市 / 旧青山町,,,34600,JPY,design_unit_price_ex_tax,published_pdl,,,2025-07,2025-07-01,kkr-zairyo-r7-07,35,https://www.kkr.mlit.go.jp/plan/jigyousya/technical_information/gijutsukanri/qgl8vl0000004zj9-att/2025_07tanka.pdf,PDL1.0,37480063f114,近畿地整が独自調査で設定した単価(物価資料に載っていない地区・規格だけ)。消費税抜き。
383c3dc635266cf9,JP,material,生コンクリート・モルタル,生コンクリート,早強 ４０－８－２５（２０） [単位水量175以下W/C55以下],m3,bureau_area,24,三重県,三重 太郎生,,,35500,JPY,design_unit_price_ex_tax,published_pdl,,,2025-07,2025-07-01,kkr-zairyo-r7-07,35,https://www.kkr.mlit.go.jp/plan/jigyousya/technical_information/gijutsukanri/qgl8vl0000004zj9-att/2025_07tanka.pdf,PDL1.0,37480063f114,近畿地整が独自調査で設定した単価(物価資料に載っていない地区・規格だけ)。消費税抜き。
0df8c0cf5d679564,JP,material,生コンクリート・モルタル,生コンクリート,早強 ４０－８－２５（２０） [単位水量175以下W/C55以下],m3,bureau_area,24,三重県,三重 紀宝町他,,,44900,JPY,design_unit_price_ex_tax,published_pdl,,,2025-07,2025-07-01,kkr-zairyo-r7-07,35,https://www.kkr.mlit.go.jp/plan/jigyousya/technical_information/gijutsukanri/qgl8vl0000004zj9-att/2025_07tanka.pdf,PDL1.0,37480063f114,近畿地整が独自調査で設定した単価(物価資料に載っていない地区・規格だけ)。消費税抜き。
7af6cb6396f13ee7,JP,material,生コンクリート・モルタル,生コンクリート,早強 ２４－１２－２５（２０） [単位水量175以下W/C55以下],m3,bureau_area,30,和歌山県,和歌山 玉置口,,,39900,JPY,design_unit_price_ex_tax,published_pdl,,,2025-07,2025-07-01,kkr-zairyo-r7-07,35,https://www.kkr.mlit.go.jp/plan/jigyousya/technical_information/gijutsukanri/qgl8vl0000004zj9-att/2025_07tanka.pdf,PDL1.0,,近畿地整が独自調査で設定した単価(物価資料に載っていない地区・規格だけ)。消費税抜き。
1e9bfdb02a2801a6,JP,material,生コンクリート・モルタル,生コンクリート,早強 ２４－１２－２５（２０） [単位水量175以下W/C55以下],m3,bureau_area,24,三重県,三重 名張市,,,30900,JPY,design_unit_price_ex_tax,published_pdl,,,2025-07,2025-07-01,kkr-zairyo-r7-07,35,https://www.kkr.mlit.go.jp/plan/jigyousya/technical_information/gijutsukanri/qgl8vl0000004zj9-att/2025_07tanka.pdf,PDL1.0,,近畿地整が独自調査で設定した単価(物価資料に載っていない地区・規格だけ)。消費税抜き。
575e461ce9579da0,JP,material,生コンクリート・モルタル,生コンクリート,早強 ２４－１２－２５（２０） [単位水量175以下W/C55以下],m3,bureau_area,24,三重県,三重 伊賀市 / 旧上野市他,,,30900,JPY,design_unit_price_ex_tax,published_pdl,,,2025-07,2025-07-01,kkr-zairyo-r7-07,35,https://www.kkr.mlit.go.jp/plan/jigyousya/technical_information/gijutsukanri/qgl8vl0000004zj9-att/2025_07tanka.pdf,PDL1.0,,近畿地整が独自調査で設定した単価(物価資料に載っていない地区・規格だけ)。消費税抜き。
52effd615119c8da,JP,material,生コンクリート・モルタル,生コンクリート,早強 ２４－１２－２５（２０） [単位水量175以下W/C55以下],m3,bureau_area,24,三重県,三重 伊賀市 / 旧青山町,,,30900,JPY,design_unit_price_ex_tax,published_pdl,,,2025-07,2025-07-01,kkr-zairyo-r7-07,35,https://www.kkr.mlit.go.jp/plan/jigyousya/technical_information/gijutsukanri/qgl8vl0000004zj9-att/2025_07tanka.pdf,PDL1.0,,近畿地整が独自調査で設定した単価(物価資料に載っていない地区・規格だけ)。消費税抜き。
42efa7f19dbfbbbc,JP,material,生コンクリート・モルタル,生コンクリート,早強 ２４－１２－２５（２０） [単位水量175以下W/C55以下],m3,bureau_area,24,三重県,三重 太郎生,,,31000,JPY,design_unit_price_ex_tax,published_pdl,,,2025-07,2025-07-01,kkr-zairyo-r7-07,35,https://www.kkr.mlit.go.jp/plan/jigyousya/technical_information/gijutsukanri/qgl8vl0000004zj9-att/2025_07tanka.pdf,PDL1.0,,近畿地整が独自調査で設定した単価(物価資料に載っていない地区・規格だけ)。消費税抜き。
53b444a9a5f07f6b,JP,material,生コンクリート・モルタル,生コンクリート,早強 ２４－１２－２５（２０） [単位水量175以下W/C55以下],m3,bureau_area,24,三重県,三重 紀宝町他,,,39900,JPY,design_unit_price_ex_tax,published_pdl,,,2025-07,2025-07-01,kkr-zairyo-r7-07,35,https://www.kkr.mlit.go.jp/plan/jigyousya/technical_information/gijutsukanri/qgl8vl0000004zj9-att/2025_07tanka.pdf,PDL1.0,,近畿地整が独自調査で設定した単価(物価資料に載っていない地区・規格だけ)。消費税抜き。
d22494a6c445c578,JP,material,生コンクリート・モルタル,生コンクリート,早強 ２４－１２－４０ [単位水量165以下W/C55以下],m3,bureau_area,30,和歌山県,和歌山 玉置口,,,39900,JPY,design_unit_price_ex_tax,published_pdl,,,2025-07,2025-07-01,kkr-zairyo-r7-07,35,https://www.kkr.mlit.go.jp/plan/jigyousya/technical_information/gijutsukanri/qgl8vl0000004zj9-att/2025_07tanka.pdf,PDL1.0,,近畿地整が独自調査で設定した単価(物価資料に載っていない地区・規格だけ)。消費税抜き。
6dab303f35af6376,JP,material,生コンクリート・モルタル,生コンクリート,早強 ２４－１２－４０ [単位水量165以下W/C55以下],m3,bureau_area,24,三重県,三重 名張市,,,30900,JPY,design_unit_price_ex_tax,published_pdl,,,2025-07,2025-07-01,kkr-zairyo-r7-07,35,https://www.kkr.mlit.go.jp/plan/jigyousya/technical_information/gijutsukanri/qgl8vl0000004zj9-att/2025_07tanka.pdf,PDL1.0,,近畿地整が独自調査で設定した単価(物価資料に載っていない地区・規格だけ)。消費税抜き。
b04e34f9a8acc25f,JP,material,生コンクリート・モルタル,生コンクリート,早強 ２４－１２－４０ [単位水量165以下W/C55以下],m3,bureau_area,24,三重県,三重 伊賀市 / 旧上野市他,,,30900,JPY,design_unit_price_ex_tax,published_pdl,,,2025-07,2025-07-01,kkr-zairyo-r7-07,35,https://www.kkr.mlit.go.jp/plan/jigyousya/technical_information/gijutsukanri/qgl8vl0000004zj9-att/2025_07tanka.pdf,PDL1.0,,近畿地整が独自調査で設定した単価(物価資料に載っていない地区・規格だけ)。消費税抜き。
4dde88728b1daad4,JP,material,生コンクリート・モルタル,生コンクリート,早強 ２４－１２－４０ [単位水量165以下W/C55以下],m3,bureau_area,24,三重県,三重 伊賀市 / 旧青山町,,,30900,JPY,design_unit_price_ex_tax,published_pdl,,,2025-07,2025-07-01,kkr-zairyo-r7-07,35,https://www.kkr.mlit.go.jp/plan/jigyousya/technical_information/gijutsukanri/qgl8vl0000004zj9-att/2025_07tanka.pdf,PDL1.0,,近畿地整が独自調査で設定した単価(物価資料に載っていない地区・規格だけ)。消費税抜き。
16fb4808f3d78118,JP,material,生コンクリート・モルタル,生コンクリート,早強 ２４－１２－４０ [単位水量165以下W/C55以下],m3,bureau_area,24,三重県,三重 太郎生,,,31000,JPY,design_unit_price_ex_tax,published_pdl,,,2025-07,2025-07-01,kkr-zairyo-r7-07,35,https://www.kkr.mlit.go.jp/plan/jigyousya/technical_information/gijutsukanri/qgl8vl0000004zj9-att/2025_07tanka.pdf,PDL1.0,,近畿地整が独自調査で設定した単価(物価資料に載っていない地区・規格だけ)。消費税抜き。
61636f4ea2142fbb,JP,material,生コンクリート・モルタル,生コンクリート,早強 ２４－１２－４０ [単位水量165以下W/C55以下],m3,bureau_area,24,三重県,三重 紀宝町他,,,39900,JPY,design_unit_price_ex_tax,published_pdl,,,2025-07,2025-07-01,kkr-zairyo-r7-07,35,https://www.kkr.mlit.go.jp/plan/jigyousya/technical_information/gijutsukanri/qgl8vl0000004zj9-att/2025_07tanka.pdf,PDL1.0,,近畿地整が独自調査で設定した単価(物価資料に載っていない地区・規格だけ)。消費税抜き。
f1ce65937db20297,JP,material,生コンクリート・モルタル,生コンクリート,早強 ３０－１２－２５（２０） [単位水量175以下W/C55以下],m3,bureau_area,30,和歌山県,和歌山 玉置口,,,41900,JPY,design_unit_price_ex_tax,published_pdl,,,2025-07,2025-07-01,kkr-zairyo-r7-07,35,https://www.kkr.mlit.go.jp/plan/jigyousya/technical_information/gijutsukanri/qgl8vl0000004zj9-att/2025_07tanka.pdf,PDL1.0,,近畿地整が独自調査で設定した単価(物価資料に載っていない地区・規格だけ)。消費税抜き。
900bca856fb43f3f,JP,material,生コンクリート・モルタル,生コンクリート,早強 ３０－１２－２５（２０） [単位水量175以下W/C55以下],m3,bureau_area,24,三重県,三重 名張市,,,32200,JPY,design_unit_price_ex_tax,published_pdl,,,2025-07,2025-07-01,kkr-zairyo-r7-07,35,https://www.kkr.mlit.go.jp/plan/jigyousya/technical_information/gijutsukanri/qgl8vl0000004zj9-att/2025_07tanka.pdf,PDL1.0,,近畿地整が独自調査で設定した単価(物価資料に載っていない地区・規格だけ)。消費税抜き。
17f806213274d29a,JP,material,生コンクリート・モルタル,生コンクリート,早強 ３０－１２－２５（２０） [単位水量175以下W/C55以下],m3,bureau_area,24,三重県,三重 伊賀市 / 旧上野市他,,,32200,JPY,design_unit_price_ex_tax,published_pdl,,,2025-07,2025-07-01,kkr-zairyo-r7-07,35,https://www.kkr.mlit.go.jp/plan/jigyousya/technical_information/gijutsukanri/qgl8vl0000004zj9-att/2025_07tanka.pdf,PDL1.0,,近畿地整が独自調査で設定した単価(物価資料に載っていない地区・規格だけ)。消費税抜き。
16c174278806add4,JP,material,生コンクリート・モルタル,生コンクリート,早強 ３０－１２－２５（２０） [単位水量175以下W/C55以下],m3,bureau_area,24,三重県,三重 伊賀市 / 旧青山町,,,32200,JPY,design_unit_price_ex_tax,published_pdl,,,2025-07,2025-07-01,kkr-zairyo-r7-07,35,https://www.kkr.mlit.go.jp/plan/jigyousya/technical_information/gijutsukanri/qgl8vl0000004zj9-att/2025_07tanka.pdf,PDL1.0,,近畿地整が独自調査で設定した単価(物価資料に載っていない地区・規格だけ)。消費税抜き。
e6f5479bbe3ad878,JP,material,生コンクリート・モルタル,生コンクリート,早強 ３０－１２－２５（２０） [単位水量175以下W/C55以下],m3,bureau_area,24,三重県,三重 太郎生,,,32000,JPY,design_unit_price_ex_tax,published_pdl,,,2025-07,2025-07-01,kkr-zairyo-r7-07,35,https://www.kkr.mlit.go.jp/plan/jigyousya/technical_information/gijutsukanri/qgl8vl0000004zj9-att/2025_07tanka.pdf,PDL1.0,,近畿地整が独自調査で設定した単価(物価資料に載っていない地区・規格だけ)。消費税抜き。
102c91d96734b738,JP,material,生コンクリート・モルタル,生コンクリート,早強 ３０－１２－２５（２０） [単位水量175以下W/C55以下],m3,bureau_area,24,三重県,三重 紀宝町他,,,41900,JPY,design_unit_price_ex_tax,published_pdl,,,2025-07,2025-07-01,kkr-zairyo-r7-07,35,https://www.kkr.mlit.go.jp/plan/jigyousya/technical_information/gijutsukanri/qgl8vl0000004zj9-att/2025_07tanka.pdf,PDL1.0,,近畿地整が独自調査で設定した単価(物価資料に載っていない地区・規格だけ)。消費税抜き。
6ce3b381ab9f6b98,JP,material,生コンクリート・モルタル,生コンクリート,早強 ３６－１２－２５（２０） [単位水量175以下W/C55以下],m3,bureau_area,30,和歌山県,和歌山 玉置口,,,49900,JPY,design_unit_price_ex_tax,published_pdl,,,2025-07,2025-07-01,kkr-zairyo-r7-07,35,https://www.kkr.mlit.go.jp/plan/jigyousya/technical_information/gijutsukanri/qgl8vl0000004zj9-att/2025_07tanka.pdf,PDL1.0,,近畿地整が独自調査で設定した単価(物価資料に載っていない地区・規格だけ)。消費税抜き。
b4bfefc70bc8d702,JP,material,生コンクリート・モルタル,生コンクリート,早強 ３６－１２－２５（２０） [単位水量175以下W/C55以下],m3,bureau_area,24,三重県,三重 名張市,,,33700,JPY,design_unit_price_ex_tax,published_pdl,,,2025-07,2025-07-01,kkr-zairyo-r7-07,35,https://www.kkr.mlit.go.jp/plan/jigyousya/technical_information/gijutsukanri/qgl8vl0000004zj9-att/2025_07tanka.pdf,PDL1.0,,近畿地整が独自調査で設定した単価(物価資料に載っていない地区・規格だけ)。消費税抜き。
d9b1517deb80bdcd,JP,material,生コンクリート・モルタル,生コンクリート,早強 ３６－１２－２５（２０） [単位水量175以下W/C55以下],m3,bureau_area,24,三重県,三重 伊賀市 / 旧上野市他,,,33700,JPY,design_unit_price_ex_tax,published_pdl,,,2025-07,2025-07-01,kkr-zairyo-r7-07,35,https://www.kkr.mlit.go.jp/plan/jigyousya/technical_information/gijutsukanri/qgl8vl0000004zj9-att/2025_07tanka.pdf,PDL1.0,,近畿地整が独自調査で設定した単価(物価資料に載っていない地区・規格だけ)。消費税抜き。
182c538e357a044d,JP,material,生コンクリート・モルタル,生コンクリート,早強 ３６－１２－２５（２０） [単位水量175以下W/C55以下],m3,bureau_area,24,三重県,三重 伊賀市 / 旧青山町,,,33700,JPY,design_unit_price_ex_tax,published_pdl,,,2025-07,2025-07-01,kkr-zairyo-r7-07,35,https://www.kkr.mlit.go.jp/plan/jigyousya/technical_information/gijutsukanri/qgl8vl0000004zj9-att/2025_07tanka.pdf,PDL1.0,,近畿地整が独自調査で設定した単価(物価資料に載っていない地区・規格だけ)。消費税抜き。
a4e16ebf9d3898c4,JP,material,生コンクリート・モルタル,生コンクリート,早強 ３６－１２－２５（２０） [単位水量175以下W/C55以下],m3,bureau_area,24,三重県,三重 太郎生,,,33000,JPY,design_unit_price_ex_tax,published_pdl,,,2025-07,2025-07-01,kkr-zairyo-r7-07,35,https://www.kkr.mlit.go.jp/plan/jigyousya/technical_information/gijutsukanri/qgl8vl0000004zj9-att/2025_07tanka.pdf,PDL1.0,,近畿地整が独自調査で設定した単価(物価資料に載っていない地区・規格だけ)。消費税抜き。
db427aca7a5c7c98,JP,material,生コンクリート・モルタル,生コンクリート,早強 ３６－１２－２５（２０） [単位水量175以下W/C55以下],m3,bureau_area,24,三重県,三重 紀宝町他,,,43900,JPY,design_unit_price_ex_tax,published_pdl,,,2025-07,2025-07-01,kkr-zairyo-r7-07,35,https://www.kkr.mlit.go.jp/plan/jigyousya/technical_information/gijutsukanri/qgl8vl0000004zj9-att/2025_07tanka.pdf,PDL1.0,,近畿地整が独自調査で設定した単価(物価資料に載っていない地区・規格だけ)。消費税抜き。
830c388a34ff6458,JP,material,生コンクリート・モルタル,生コンクリート,早強 ４０－１２－２５（２０） [単位水量175以下W/C55以下],m3,bureau_area,30,和歌山県,和歌山 玉置口,,,50900,JPY,design_unit_price_ex_tax,published_pdl,,,2025-07,2025-07-01,kkr-zairyo-r7-07,35,https://www.kkr.mlit.go.jp/plan/jigyousya/technical_information/gijutsukanri/qgl8vl0000004zj9-att/2025_07tanka.pdf,PDL1.0,,近畿地整が独自調査で設定した単価(物価資料に載っていない地区・規格だけ)。消費税抜き。
85ef881e80d24134,JP,material,生コンクリート・モルタル,生コンクリート,早強 ４０－１２－２５（２０） [単位水量175以下W/C55以下],m3,bureau_area,24,三重県,三重 名張市,,,34600,JPY,design_unit_price_ex_tax,published_pdl,,,2025-07,2025-07-01,kkr-zairyo-r7-07,35,https://www.kkr.mlit.go.jp/plan/jigyousya/technical_information/gijutsukanri/qgl8vl0000004zj9-att/2025_07tanka.pdf,PDL1.0,,近畿地整が独自調査で設定した単価(物価資料に載っていない地区・規格だけ)。消費税抜き。
8448497b20831c74,JP,material,生コンクリート・モルタル,生コンクリート,早強 ４０－１２－２５（２０） [単位水量175以下W/C55以下],m3,bureau_area,24,三重県,三重 伊賀市 / 旧上野市他,,,34600,JPY,design_unit_price_ex_tax,published_pdl,,,2025-07,2025-07-01,kkr-zairyo-r7-07,35,https://www.kkr.mlit.go.jp/plan/jigyousya/technical_information/gijutsukanri/qgl8vl0000004zj9-att/2025_07tanka.pdf,PDL1.0,,近畿地整が独自調査で設定した単価(物価資料に載っていない地区・規格だけ)。消費税抜き。
c6a693921b0b17c7,JP,material,生コンクリート・モルタル,生コンクリート,早強 ４０－１２－２５（２０） [単位水量175以下W/C55以下],m3,bureau_area,24,三重県,三重 伊賀市 / 旧青山町,,,34600,JPY,design_unit_price_ex_tax,published_pdl,,,2025-07,2025-07-01,kkr-zairyo-r7-07,35,https://www.kkr.mlit.go.jp/plan/jigyousya/technical_information/gijutsukanri/qgl8vl0000004zj9-att/2025_07tanka.pdf,PDL1.0,,近畿地整が独自調査で設定した単価(物価資料に載っていない地区・規格だけ)。消費税抜き。
eb06da35722974d4,JP,material,生コンクリート・モルタル,生コンクリート,早強 ４０－１２－２５（２０） [単位水量175以下W/C55以下],m3,bureau_area,24,三重県,三重 太郎生,,,35500,JPY,design_unit_price_ex_tax,published_pdl,,,2025-07,2025-07-01,kkr-zairyo-r7-07,35,https://www.kkr.mlit.go.jp/plan/jigyousya/technical_information/gijutsukanri/qgl8vl0000004zj9-att/2025_07tanka.pdf,PDL1.0,,近畿地整が独自調査で設定した単価(物価資料に載っていない地区・規格だけ)。消費税抜き。
99ff2d9d54e8da33,JP,material,生コンクリート・モルタル,生コンクリート,早強 ４０－１２－２５（２０） [単位水量175以下W/C55以下],m3,bureau_area,24,三重県,三重 紀宝町他,,,44900,JPY,design_unit_price_ex_tax,published_pdl,,,2025-07,2025-07-01,kkr-zairyo-r7-07,35,https://www.kkr.mlit.go.jp/plan/jigyousya/technical_information/gijutsukanri/qgl8vl0000004zj9-att/2025_07tanka.pdf,PDL1.0,,近畿地整が独自調査で設定した単価(物価資料に載っていない地区・規格だけ)。消費税抜き。
b5330d4d86c447d3,JP,material,生コンクリート・モルタル,生コンクリート,高炉 ２４－１２－４０ [単位水量165以下W/C55以下],m3,bureau_area,24,三重県,三重 奥瀞地区,,,34900,JPY,design_unit_price_ex_tax,published_pdl,,,2025-07,2025-07-01,kkr-zairyo-r7-07,36,https://www.kkr.mlit.go.jp/plan/jigyousya/technical_information/gijutsukanri/qgl8vl0000004zj9-att/2025_07tanka.pdf,PDL1.0,95b61d3f217c,近畿地整が独自調査で設定した単価(物価資料に載っていない地区・規格だけ)。消費税抜き。
f0efdced67b19843,JP,material,生コンクリート・モルタル,生コンクリート,高炉 ２４－１２－４０ [単位水量165以下W/C55以下],m3,bureau_area,21,岐阜県,岐阜 冠山峠地区その２,,,33800,JPY,design_unit_price_ex_tax,published_pdl,,,2025-07,2025-07-01,kkr-zairyo-r7-07,36,https://www.kkr.mlit.go.jp/plan/jigyousya/technical_information/gijutsukanri/qgl8vl0000004zj9-att/2025_07tanka.pdf,PDL1.0,95b61d3f217c,近畿地整が独自調査で設定した単価(物価資料に載っていない地区・規格だけ)。消費税抜き。
d2222428fb88bd16,JP,material,生コンクリート・モルタル,生コンクリート,高炉 ３０－１２－２５（２０） [単位水量175以下W/C55以下],m3,bureau_area,24,三重県,三重 奥瀞地区,,,36900,JPY,design_unit_price_ex_tax,published_pdl,,,2025-07,2025-07-01,kkr-zairyo-r7-07,36,https://www.kkr.mlit.go.jp/plan/jigyousya/technical_information/gijutsukanri/qgl8vl0000004zj9-att/2025_07tanka.pdf,PDL1.0,,近畿地整が独自調査で設定した単価(物価資料に載っていない地区・規格だけ)。消費税抜き。
f52970d501d30a06,JP,material,生コンクリート・モルタル,生コンクリート,高炉 ３０－１２－２５（２０） [単位水量175以下W/C55以下],m3,bureau_area,21,岐阜県,岐阜 冠山峠地区その２,,,34700,JPY,design_unit_price_ex_tax,published_pdl,,,2025-07,2025-07-01,kkr-zairyo-r7-07,36,https://www.kkr.mlit.go.jp/plan/jigyousya/technical_information/gijutsukanri/qgl8vl0000004zj9-att/2025_07tanka.pdf,PDL1.0,,近畿地整が独自調査で設定した単価(物価資料に載っていない地区・規格だけ)。消費税抜き。
12c83571abea0c6c,JP,material,生コンクリート・モルタル,生コンクリート,高炉 ３６－１２－２５（２０） [単位水量175以下W/C55以下],m3,bureau_area,24,三重県,三重 奥瀞地区,,,38900,JPY,design_unit_price_ex_tax,published_pdl,,,2025-07,2025-07-01,kkr-zairyo-r7-07,36,https://www.kkr.mlit.go.jp/plan/jigyousya/technical_information/gijutsukanri/qgl8vl0000004zj9-att/2025_07tanka.pdf,PDL1.0,,近畿地整が独自調査で設定した単価(物価資料に載っていない地区・規格だけ)。消費税抜き。
d5075e55622649d6,JP,material,生コンクリート・モルタル,生コンクリート,高炉 ３６－１２－２５（２０） [単位水量175以下W/C55以下],m3,bureau_area,21,岐阜県,岐阜 冠山峠地区その２,,,35500,JPY,design_unit_price_ex_tax,published_pdl,,,2025-07,2025-07-01,kkr-zairyo-r7-07,36,https://www.kkr.mlit.go.jp/plan/jigyousya/technical_information/gijutsukanri/qgl8vl0000004zj9-att/2025_07tanka.pdf,PDL1.0,,近畿地整が独自調査で設定した単価(物価資料に載っていない地区・規格だけ)。消費税抜き。
631d2c0b0d88f838,JP,material,生コンクリート・モルタル,生コンクリート,早強 ２１－８－２５（２０） [単位水量175以下W/C60以下],m3,bureau_area,24,三重県,三重 奥瀞地区,,,38900,JPY,design_unit_price_ex_tax,published_pdl,,,2025-07,2025-07-01,kkr-zairyo-r7-07,36,https://www.kkr.mlit.go.jp/plan/jigyousya/technical_information/gijutsukanri/qgl8vl0000004zj9-att/2025_07tanka.pdf,PDL1.0,f6a76bb1f548,近畿地整が独自調査で設定した単価(物価資料に載っていない地区・規格だけ)。消費税抜き。
fa376f1635e7f200,JP,material,生コンクリート・モルタル,生コンクリート,早強 ２１－８－２５（２０） [単位水量175以下W/C60以下],m3,bureau_area,21,岐阜県,岐阜 冠山峠地区その２,,,34400,JPY,design_unit_price_ex_tax,published_pdl,,,2025-07,2025-07-01,kkr-zairyo-r7-07,36,https://www.kkr.mlit.go.jp/plan/jigyousya/technical_information/gijutsukanri/qgl8vl0000004zj9-att/2025_07tanka.pdf,PDL1.0,f6a76bb1f548,近畿地整が独自調査で設定した単価(物価資料に載っていない地区・規格だけ)。消費税抜き。
4fd6145d64c9a21c,JP,material,生コンクリート・モルタル,生コンクリート,早強 ２４－８－２５（２０） [単位水量175以下W/C55以下],m3,bureau_area,24,三重県,三重 奥瀞地区,,,39900,JPY,design_unit_price_ex_tax,published_pdl,,,2025-07,2025-07-01,kkr-zairyo-r7-07,36,https://www.kkr.mlit.go.jp/plan/jigyousya/technical_information/gijutsukanri/qgl8vl0000004zj9-att/2025_07tanka.pdf,PDL1.0,6bb79f67639f,近畿地整が独自調査で設定した単価(物価資料に載っていない地区・規格だけ)。消費税抜き。
4b5e19f10b243351,JP,material,生コンクリート・モルタル,生コンクリート,早強 ２４－８－２５（２０） [単位水量175以下W/C55以下],m3,bureau_area,21,岐阜県,岐阜 冠山峠地区その２,,,34850,JPY,design_unit_price_ex_tax,published_pdl,,,2025-07,2025-07-01,kkr-zairyo-r7-07,36,https://www.kkr.mlit.go.jp/plan/jigyousya/technical_information/gijutsukanri/qgl8vl0000004zj9-att/2025_07tanka.pdf,PDL1.0,6bb79f67639f,近畿地整が独自調査で設定した単価(物価資料に載っていない地区・規格だけ)。消費税抜き。
7a50dfd8891e64c2,JP,material,生コンクリート・モルタル,生コンクリート,早強 ３０－８－２５（２０） [単位水量175以下W/C55以下],m3,bureau_area,24,三重県,三重 奥瀞地区,,,41900,JPY,design_unit_price_ex_tax,published_pdl,,,2025-07,2025-07-01,kkr-zairyo-r7-07,36,https://www.kkr.mlit.go.jp/plan/jigyousya/technical_information/gijutsukanri/qgl8vl0000004zj9-att/2025_07tanka.pdf,PDL1.0,26f5b9bc02b5,近畿地整が独自調査で設定した単価(物価資料に載っていない地区・規格だけ)。消費税抜き。
b13aa7e71b6a25dd,JP,material,生コンクリート・モルタル,生コンクリート,早強 ３０－８－２５（２０） [単位水量175以下W/C55以下],m3,bureau_area,21,岐阜県,岐阜 冠山峠地区その２,,,35900,JPY,design_unit_price_ex_tax,published_pdl,,,2025-07,2025-07-01,kkr-zairyo-r7-07,36,https://www.kkr.mlit.go.jp/plan/jigyousya/technical_information/gijutsukanri/qgl8vl0000004zj9-att/2025_07tanka.pdf,PDL1.0,26f5b9bc02b5,近畿地整が独自調査で設定した単価(物価資料に載っていない地区・規格だけ)。消費税抜き。
f0a506608bebedae,JP,material,生コンクリート・モルタル,生コンクリート,早強 ３６－８－２５（２０） [単位水量175以下W/C55以下],m3,bureau_area,24,三重県,三重 奥瀞地区,,,43900,JPY,design_unit_price_ex_tax,published_pdl,,,2025-07,2025-07-01,kkr-zairyo-r7-07,36,https://www.kkr.mlit.go.jp/plan/jigyousya/technical_information/gijutsukanri/qgl8vl0000004zj9-att/2025_07tanka.pdf,PDL1.0,a57503261f32,近畿地整が独自調査で設定した単価(物価資料に載っていない地区・規格だけ)。消費税抜き。
1e13329e02f50bc8,JP,material,生コンクリート・モルタル,生コンクリート,早強 ３６－８－２５（２０） [単位水量175以下W/C55以下],m3,bureau_area,21,岐阜県,岐阜 冠山峠地区その２,,,37000,JPY,design_unit_price_ex_tax,published_pdl,,,2025-07,2025-07-01,kkr-zairyo-r7-07,36,https://www.kkr.mlit.go.jp/plan/jigyousya/technical_information/gijutsukanri/qgl8vl0000004zj9-att/2025_07tanka.pdf,PDL1.0,a57503261f32,近畿地整が独自調査で設定した単価(物価資料に載っていない地区・規格だけ)。消費税抜き。
1ad608ae07bd5e9b,JP,material,生コンクリート・モルタル,生コンクリート,早強 ４０－８－２５（２０） [単位水量175以下W/C55以下],m3,bureau_area,24,三重県,三重 奥瀞地区,,,44900,JPY,design_unit_price_ex_tax,published_pdl,,,2025-07,2025-07-01,kkr-zairyo-r7-07,36,https://www.kkr.mlit.go.jp/plan/jigyousya/technical_information/gijutsukanri/qgl8vl0000004zj9-att/2025_07tanka.pdf,PDL1.0,37480063f114,近畿地整が独自調査で設定した単価(物価資料に載っていない地区・規格だけ)。消費税抜き。
f8a39c39e8028337,JP,material,生コンクリート・モルタル,生コンクリート,早強 ４０－８－２５（２０） [単位水量175以下W/C55以下],m3,bureau_area,21,岐阜県,岐阜 冠山峠地区その２,,,37550,JPY,design_unit_price_ex_tax,published_pdl,,,2025-07,2025-07-01,kkr-zairyo-r7-07,36,https://www.kkr.mlit.go.jp/plan/jigyousya/technical_information/gijutsukanri/qgl8vl0000004zj9-att/2025_07tanka.pdf,PDL1.0,37480063f114,近畿地整が独自調査で設定した単価(物価資料に載っていない地区・規格だけ)。消費税抜き。
d09e916f6ce7aa06,JP,material,生コンクリート・モルタル,生コンクリート,早強 ２４－１２－２５（２０） [単位水量175以下W/C55以下],m3,bureau_area,24,三重県,三重 奥瀞地区,,,39900,JPY,design_unit_price_ex_tax,published_pdl,,,2025-07,2025-07-01,kkr-zairyo-r7-07,36,https://www.kkr.mlit.go.jp/plan/jigyousya/technical_information/gijutsukanri/qgl8vl0000004zj9-att/2025_07tanka.pdf,PDL1.0,,近畿地整が独自調査で設定した単価(物価資料に載っていない地区・規格だけ)。消費税抜き。
c2c110a1178f527f,JP,material,生コンクリート・モルタル,生コンクリート,早強 ２４－１２－２５（２０） [単位水量175以下W/C55以下],m3,bureau_area,21,岐阜県,岐阜 冠山峠地区その２,,,34850,JPY,design_unit_price_ex_tax,published_pdl,,,2025-07,2025-07-01,kkr-zairyo-r7-07,36,https://www.kkr.mlit.go.jp/plan/jigyousya/technical_information/gijutsukanri/qgl8vl0000004zj9-att/2025_07tanka.pdf,PDL1.0,,近畿地整が独自調査で設定した単価(物価資料に載っていない地区・規格だけ)。消費税抜き。
bf00bf431c6047f5,JP,material,生コンクリート・モルタル,生コンクリート,早強 ２４－１２－４０ [単位水量165以下W/C55以下],m3,bureau_area,24,三重県,三重 奥瀞地区,,,39900,JPY,design_unit_price_ex_tax,published_pdl,,,2025-07,2025-07-01,kkr-zairyo-r7-07,36,https://www.kkr.mlit.go.jp/plan/jigyousya/technical_information/gijutsukanri/qgl8vl0000004zj9-att/2025_07tanka.pdf,PDL1.0,,近畿地整が独自調査で設定した単価(物価資料に載っていない地区・規格だけ)。消費税抜き。
93206d74ed10b902,JP,material,生コンクリート・モルタル,生コンクリート,早強 ２４－１２－４０ [単位水量165以下W/C55以下],m3,bureau_area,21,岐阜県,岐阜 冠山峠地区その２,,,34850,JPY,design_unit_price_ex_tax,published_pdl,,,2025-07,2025-07-01,kkr-zairyo-r7-07,36,https://www.kkr.mlit.go.jp/plan/jigyousya/technical_information/gijutsukanri/qgl8vl0000004zj9-att/2025_07tanka.pdf,PDL1.0,,近畿地整が独自調査で設定した単価(物価資料に載っていない地区・規格だけ)。消費税抜き。
872faa77deca4875,JP,material,生コンクリート・モルタル,生コンクリート,早強 ３０－１２－２５（２０） [単位水量175以下W/C55以下],m3,bureau_area,24,三重県,三重 奥瀞地区,,,41900,JPY,design_unit_price_ex_tax,published_pdl,,,2025-07,2025-07-01,kkr-zairyo-r7-07,36,https://www.kkr.mlit.go.jp/plan/jigyousya/technical_information/gijutsukanri/qgl8vl0000004zj9-att/2025_07tanka.pdf,PDL1.0,,近畿地整が独自調査で設定した単価(物価資料に載っていない地区・規格だけ)。消費税抜き。
8abb1105dcf6eabf,JP,material,生コンクリート・モルタル,生コンクリート,早強 ３０－１２－２５（２０） [単位水量175以下W/C55以下],m3,bureau_area,21,岐阜県,岐阜 冠山峠地区その２,,,35900,JPY,design_unit_price_ex_tax,published_pdl,,,2025-07,2025-07-01,kkr-zairyo-r7-07,36,https://www.kkr.mlit.go.jp/plan/jigyousya/technical_information/gijutsukanri/qgl8vl0000004zj9-att/2025_07tanka.pdf,PDL1.0,,近畿地整が独自調査で設定した単価(物価資料に載っていない地区・規格だけ)。消費税抜き。
30311e74ee3c5ab2,JP,material,生コンクリート・モルタル,生コンクリート,早強 ３６－１２－２５（２０） [単位水量175以下W/C55以下],m3,bureau_area,24,三重県,三重 奥瀞地区,,,43900,JPY,design_unit_price_ex_tax,published_pdl,,,2025-07,2025-07-01,kkr-zairyo-r7-07,36,https://www.kkr.mlit.go.jp/plan/jigyousya/technical_information/gijutsukanri/qgl8vl0000004zj9-att/2025_07tanka.pdf,PDL1.0,,近畿地整が独自調査で設定した単価(物価資料に載っていない地区・規格だけ)。消費税抜き。
56f606a085b4b748,JP,material,生コンクリート・モルタル,生コンクリート,早強 ３６－１２－２５（２０） [単位水量175以下W/C55以下],m3,bureau_area,21,岐阜県,岐阜 冠山峠地区その２,,,37000,JPY,design_unit_price_ex_tax,published_pdl,,,2025-07,2025-07-01,kkr-zairyo-r7-07,36,https://www.kkr.mlit.go.jp/plan/jigyousya/technical_information/gijutsukanri/qgl8vl0000004zj9-att/2025_07tanka.pdf,PDL1.0,,近畿地整が独自調査で設定した単価(物価資料に載っていない地区・規格だけ)。消費税抜き。
fa7f0b4e7e1ea55f,JP,material,生コンクリート・モルタル,生コンクリート,早強 ４０－１２－２５（２０） [単位水量175以下W/C55以下],m3,bureau_area,24,三重県,三重 奥瀞地区,,,44900,JPY,design_unit_price_ex_tax,published_pdl,,,2025-07,2025-07-01,kkr-zairyo-r7-07,36,https://www.kkr.mlit.go.jp/plan/jigyousya/technical_information/gijutsukanri/qgl8vl0000004zj9-att/2025_07tanka.pdf,PDL1.0,,近畿地整が独自調査で設定した単価(物価資料に載っていない地区・規格だけ)。消費税抜き。
84c2a7dd14e0544b,JP,material,生コンクリート・モルタル,生コンクリート,早強 ４０－１２－２５（２０） [単位水量175以下W/C55以下],m3,bureau_area,21,岐阜県,岐阜 冠山峠地区その２,,,37550,JPY,design_unit_price_ex_tax,published_pdl,,,2025-07,2025-07-01,kkr-zairyo-r7-07,36,https://www.kkr.mlit.go.jp/plan/jigyousya/technical_information/gijutsukanri/qgl8vl0000004zj9-att/2025_07tanka.pdf,PDL1.0,,近畿地整が独自調査で設定した単価(物価資料に載っていない地区・規格だけ)。消費税抜き。
