obs_id,country,layer,category,item_name,spec,unit,geo_level,geo_code,geo_name,area_label,area_code,area_members,price,currency,price_basis,price_status,ref_value,ref_note,period,effective_from,source_id,source_page,evidence_url,license,jccdb_v4_item_id,note
c5b701fc77c1d1b1,JP,material,生コンクリート・モルタル,生コンクリート,高炉 ３０－１８－２０（２５） Ｃ＝３５０以上 [単位水量175以下W/C55％],m3,bureau_area,18,福井県,福井 福井市他 / 旧越廼他除,,,15900,JPY,design_unit_price_ex_tax,published_pdl,,,2026-10,2026-10-01,kkr-zairyo-r8-10,10,https://www-2.kkr.mlit.go.jp/plan/jigyousya/technical_information/gijutsukanri/qgl8vl0000004zj9-att/2026_10tanka.pdf,PDL1.0,,近畿地整が独自調査で設定した単価(物価資料に載っていない地区・規格だけ)。消費税抜き。
19c75447e0420f77,JP,material,生コンクリート・モルタル,生コンクリート,高炉 ３０－１８－２０（２５） Ｃ＝３５０以上 [単位水量175以下W/C55％],m3,bureau_area,18,福井県,福井 勝山市他 / 旧和泉村除,,,23400,JPY,design_unit_price_ex_tax,published_pdl,,,2026-10,2026-10-01,kkr-zairyo-r8-10,10,https://www-2.kkr.mlit.go.jp/plan/jigyousya/technical_information/gijutsukanri/qgl8vl0000004zj9-att/2026_10tanka.pdf,PDL1.0,,近畿地整が独自調査で設定した単価(物価資料に載っていない地区・規格だけ)。消費税抜き。
b1590d9656bde18f,JP,material,生コンクリート・モルタル,生コンクリート,高炉 ３０－１８－２０（２５） Ｃ＝３５０以上 [単位水量175以下W/C55％],m3,bureau_area,18,福井県,福井 敦賀市他,,,24800,JPY,design_unit_price_ex_tax,published_pdl,,,2026-10,2026-10-01,kkr-zairyo-r8-10,10,https://www-2.kkr.mlit.go.jp/plan/jigyousya/technical_information/gijutsukanri/qgl8vl0000004zj9-att/2026_10tanka.pdf,PDL1.0,,近畿地整が独自調査で設定した単価(物価資料に載っていない地区・規格だけ)。消費税抜き。
6679473114fa4068,JP,material,生コンクリート・モルタル,生コンクリート,高炉 ３０－１８－２０（２５） Ｃ＝３５０以上 [単位水量175以下W/C55％],m3,bureau_area,18,福井県,福井 小浜市他,,,24800,JPY,design_unit_price_ex_tax,published_pdl,,,2026-10,2026-10-01,kkr-zairyo-r8-10,10,https://www-2.kkr.mlit.go.jp/plan/jigyousya/technical_information/gijutsukanri/qgl8vl0000004zj9-att/2026_10tanka.pdf,PDL1.0,,近畿地整が独自調査で設定した単価(物価資料に載っていない地区・規格だけ)。消費税抜き。
c4ec1dd5ea22e96c,JP,material,生コンクリート・モルタル,生コンクリート,３０－１８－２０（２５） Ｃ＝３５０以上 [単位水量175以下W/C55％],m3,bureau_area,18,福井県,福井 福井市他 / 旧越廼他除,,,15700,JPY,design_unit_price_ex_tax,published_pdl,,,2026-10,2026-10-01,kkr-zairyo-r8-10,10,https://www-2.kkr.mlit.go.jp/plan/jigyousya/technical_information/gijutsukanri/qgl8vl0000004zj9-att/2026_10tanka.pdf,PDL1.0,,近畿地整が独自調査で設定した単価(物価資料に載っていない地区・規格だけ)。消費税抜き。
21aed67e8aac4d3a,JP,material,生コンクリート・モルタル,生コンクリート,３０－１８－２０（２５） Ｃ＝３５０以上 [単位水量175以下W/C55％],m3,bureau_area,18,福井県,福井 勝山市他 / 旧和泉村除,,,23200,JPY,design_unit_price_ex_tax,published_pdl,,,2026-10,2026-10-01,kkr-zairyo-r8-10,10,https://www-2.kkr.mlit.go.jp/plan/jigyousya/technical_information/gijutsukanri/qgl8vl0000004zj9-att/2026_10tanka.pdf,PDL1.0,,近畿地整が独自調査で設定した単価(物価資料に載っていない地区・規格だけ)。消費税抜き。
409ed2a1507804ae,JP,material,生コンクリート・モルタル,生コンクリート,３０－１８－２０（２５） Ｃ＝３５０以上 [単位水量175以下W/C55％],m3,bureau_area,18,福井県,福井 敦賀市他,,,24600,JPY,design_unit_price_ex_tax,published_pdl,,,2026-10,2026-10-01,kkr-zairyo-r8-10,10,https://www-2.kkr.mlit.go.jp/plan/jigyousya/technical_information/gijutsukanri/qgl8vl0000004zj9-att/2026_10tanka.pdf,PDL1.0,,近畿地整が独自調査で設定した単価(物価資料に載っていない地区・規格だけ)。消費税抜き。
845eb40b4e51ab39,JP,material,生コンクリート・モルタル,生コンクリート,３０－１８－２０（２５） Ｃ＝３５０以上 [単位水量175以下W/C55％],m3,bureau_area,18,福井県,福井 小浜市他,,,24600,JPY,design_unit_price_ex_tax,published_pdl,,,2026-10,2026-10-01,kkr-zairyo-r8-10,10,https://www-2.kkr.mlit.go.jp/plan/jigyousya/technical_information/gijutsukanri/qgl8vl0000004zj9-att/2026_10tanka.pdf,PDL1.0,,近畿地整が独自調査で設定した単価(物価資料に載っていない地区・規格だけ)。消費税抜き。
3e05477fc391b6a9,JP,material,生コンクリート・モルタル,生コンクリート,高炉 ３０－１８－２０（２５） Ｃ＝３５０以上 [単位水量175以下W/C55％],m3,bureau_area,25,滋賀県,滋賀 高島市,,,31500,JPY,design_unit_price_ex_tax,published_pdl,,,2026-10,2026-10-01,kkr-zairyo-r8-10,11,https://www-2.kkr.mlit.go.jp/plan/jigyousya/technical_information/gijutsukanri/qgl8vl0000004zj9-att/2026_10tanka.pdf,PDL1.0,,近畿地整が独自調査で設定した単価(物価資料に載っていない地区・規格だけ)。消費税抜き。
e3f9016eb4770b87,JP,material,生コンクリート・モルタル,生コンクリート,高炉 ３０－１８－２０（２５） Ｃ＝３５０以上 [単位水量175以下W/C55％],m3,bureau_area,25,滋賀県,滋賀 彦根市他,,,26000,JPY,design_unit_price_ex_tax,published_pdl,,,2026-10,2026-10-01,kkr-zairyo-r8-10,11,https://www-2.kkr.mlit.go.jp/plan/jigyousya/technical_information/gijutsukanri/qgl8vl0000004zj9-att/2026_10tanka.pdf,PDL1.0,,近畿地整が独自調査で設定した単価(物価資料に載っていない地区・規格だけ)。消費税抜き。
baccd7ba25aeca27,JP,material,生コンクリート・モルタル,生コンクリート,高炉 ３０－１８－２０（２５） Ｃ＝３５０以上 [単位水量175以下W/C55％],m3,bureau_area,25,滋賀県,滋賀 大津市Ａ他,,,31500,JPY,design_unit_price_ex_tax,published_pdl,,,2026-10,2026-10-01,kkr-zairyo-r8-10,11,https://www-2.kkr.mlit.go.jp/plan/jigyousya/technical_information/gijutsukanri/qgl8vl0000004zj9-att/2026_10tanka.pdf,PDL1.0,,近畿地整が独自調査で設定した単価(物価資料に載っていない地区・規格だけ)。消費税抜き。
72703f72b322f5a2,JP,material,生コンクリート・モルタル,生コンクリート,高炉 ３０－１８－２０（２５） Ｃ＝３５０以上 [単位水量175以下W/C55％],m3,bureau_area,25,滋賀県,滋賀 甲賀市他,,,31500,JPY,design_unit_price_ex_tax,published_pdl,,,2026-10,2026-10-01,kkr-zairyo-r8-10,11,https://www-2.kkr.mlit.go.jp/plan/jigyousya/technical_information/gijutsukanri/qgl8vl0000004zj9-att/2026_10tanka.pdf,PDL1.0,,近畿地整が独自調査で設定した単価(物価資料に載っていない地区・規格だけ)。消費税抜き。
4721088da68a14d0,JP,material,生コンクリート・モルタル,生コンクリート,高炉 ３０－１８－２０（２５） Ｃ＝３５０以上 [単位水量175以下W/C55％],m3,bureau_area,25,滋賀県,滋賀 大津市Ｂ,,,31500,JPY,design_unit_price_ex_tax,published_pdl,,,2026-10,2026-10-01,kkr-zairyo-r8-10,11,https://www-2.kkr.mlit.go.jp/plan/jigyousya/technical_information/gijutsukanri/qgl8vl0000004zj9-att/2026_10tanka.pdf,PDL1.0,,近畿地整が独自調査で設定した単価(物価資料に載っていない地区・規格だけ)。消費税抜き。
de551e6cdb206dd2,JP,material,生コンクリート・モルタル,生コンクリート,高炉 ３０－１８－２０（２５） Ｃ＝３５０以上 [単位水量175以下W/C55％],m3,bureau_area,26,京都府,京都北部 京丹後市,,,34300,JPY,design_unit_price_ex_tax,published_pdl,,,2026-10,2026-10-01,kkr-zairyo-r8-10,11,https://www-2.kkr.mlit.go.jp/plan/jigyousya/technical_information/gijutsukanri/qgl8vl0000004zj9-att/2026_10tanka.pdf,PDL1.0,,近畿地整が独自調査で設定した単価(物価資料に載っていない地区・規格だけ)。消費税抜き。
3f038b6526d9338f,JP,material,生コンクリート・モルタル,生コンクリート,３０－１８－２０（２５） Ｃ＝３５０以上 [単位水量175以下W/C55％],m3,bureau_area,25,滋賀県,滋賀 高島市,,,31500,JPY,design_unit_price_ex_tax,published_pdl,,,2026-10,2026-10-01,kkr-zairyo-r8-10,11,https://www-2.kkr.mlit.go.jp/plan/jigyousya/technical_information/gijutsukanri/qgl8vl0000004zj9-att/2026_10tanka.pdf,PDL1.0,,近畿地整が独自調査で設定した単価(物価資料に載っていない地区・規格だけ)。消費税抜き。
2435041c93885b12,JP,material,生コンクリート・モルタル,生コンクリート,３０－１８－２０（２５） Ｃ＝３５０以上 [単位水量175以下W/C55％],m3,bureau_area,25,滋賀県,滋賀 彦根市他,,,26000,JPY,design_unit_price_ex_tax,published_pdl,,,2026-10,2026-10-01,kkr-zairyo-r8-10,11,https://www-2.kkr.mlit.go.jp/plan/jigyousya/technical_information/gijutsukanri/qgl8vl0000004zj9-att/2026_10tanka.pdf,PDL1.0,,近畿地整が独自調査で設定した単価(物価資料に載っていない地区・規格だけ)。消費税抜き。
8fa88fb2ba1ecd6e,JP,material,生コンクリート・モルタル,生コンクリート,３０－１８－２０（２５） Ｃ＝３５０以上 [単位水量175以下W/C55％],m3,bureau_area,25,滋賀県,滋賀 大津市Ａ他,,,31500,JPY,design_unit_price_ex_tax,published_pdl,,,2026-10,2026-10-01,kkr-zairyo-r8-10,11,https://www-2.kkr.mlit.go.jp/plan/jigyousya/technical_information/gijutsukanri/qgl8vl0000004zj9-att/2026_10tanka.pdf,PDL1.0,,近畿地整が独自調査で設定した単価(物価資料に載っていない地区・規格だけ)。消費税抜き。
7a69232feef85bf4,JP,material,生コンクリート・モルタル,生コンクリート,３０－１８－２０（２５） Ｃ＝３５０以上 [単位水量175以下W/C55％],m3,bureau_area,25,滋賀県,滋賀 甲賀市他,,,31500,JPY,design_unit_price_ex_tax,published_pdl,,,2026-10,2026-10-01,kkr-zairyo-r8-10,11,https://www-2.kkr.mlit.go.jp/plan/jigyousya/technical_information/gijutsukanri/qgl8vl0000004zj9-att/2026_10tanka.pdf,PDL1.0,,近畿地整が独自調査で設定した単価(物価資料に載っていない地区・規格だけ)。消費税抜き。
0e58e231bbdb436e,JP,material,生コンクリート・モルタル,生コンクリート,３０－１８－２０（２５） Ｃ＝３５０以上 [単位水量175以下W/C55％],m3,bureau_area,25,滋賀県,滋賀 大津市Ｂ,,,31500,JPY,design_unit_price_ex_tax,published_pdl,,,2026-10,2026-10-01,kkr-zairyo-r8-10,11,https://www-2.kkr.mlit.go.jp/plan/jigyousya/technical_information/gijutsukanri/qgl8vl0000004zj9-att/2026_10tanka.pdf,PDL1.0,,近畿地整が独自調査で設定した単価(物価資料に載っていない地区・規格だけ)。消費税抜き。
6e59b55530f1990e,JP,material,生コンクリート・モルタル,生コンクリート,１８－８－２５（２０） [単位水量175以下W/C60以下],m3,bureau_area,18,福井県,福井 池田町他,,,16900,JPY,design_unit_price_ex_tax,published_pdl,,,2026-10,2026-10-01,kkr-zairyo-r8-10,11,https://www-2.kkr.mlit.go.jp/plan/jigyousya/technical_information/gijutsukanri/qgl8vl0000004zj9-att/2026_10tanka.pdf,PDL1.0,205fb4e2a22c,近畿地整が独自調査で設定した単価(物価資料に載っていない地区・規格だけ)。消費税抜き。
641033e197a27094,JP,material,生コンクリート・モルタル,生コンクリート,１８－８－２５（２０） [単位水量175以下W/C60以下],m3,bureau_area,18,福井県,福井 大野市 / 旧和泉村,,,23000,JPY,design_unit_price_ex_tax,published_pdl,,,2026-10,2026-10-01,kkr-zairyo-r8-10,11,https://www-2.kkr.mlit.go.jp/plan/jigyousya/technical_information/gijutsukanri/qgl8vl0000004zj9-att/2026_10tanka.pdf,PDL1.0,205fb4e2a22c,近畿地整が独自調査で設定した単価(物価資料に載っていない地区・規格だけ)。消費税抜き。
919db524b3cce01a,JP,material,生コンクリート・モルタル,生コンクリート,１８－８－２５（２０） [単位水量175以下W/C60以下],m3,bureau_area,18,福井県,福井 冠山峠地区,,,24500,JPY,design_unit_price_ex_tax,published_pdl,,,2026-10,2026-10-01,kkr-zairyo-r8-10,11,https://www-2.kkr.mlit.go.jp/plan/jigyousya/technical_information/gijutsukanri/qgl8vl0000004zj9-att/2026_10tanka.pdf,PDL1.0,205fb4e2a22c,近畿地整が独自調査で設定した単価(物価資料に載っていない地区・規格だけ)。消費税抜き。
c87d4785afe6ed25,JP,material,生コンクリート・モルタル,生コンクリート,１８－１２－２５（２０） [単位水量175以下W/C60以下],m3,bureau_area,18,福井県,福井 池田町他,,,17100,JPY,design_unit_price_ex_tax,published_pdl,,,2026-10,2026-10-01,kkr-zairyo-r8-10,11,https://www-2.kkr.mlit.go.jp/plan/jigyousya/technical_information/gijutsukanri/qgl8vl0000004zj9-att/2026_10tanka.pdf,PDL1.0,c7752fd452cb,近畿地整が独自調査で設定した単価(物価資料に載っていない地区・規格だけ)。消費税抜き。
f31872eaaf5818e7,JP,material,生コンクリート・モルタル,生コンクリート,１８－１２－２５（２０） [単位水量175以下W/C60以下],m3,bureau_area,18,福井県,福井 大野市 / 旧和泉村,,,23200,JPY,design_unit_price_ex_tax,published_pdl,,,2026-10,2026-10-01,kkr-zairyo-r8-10,11,https://www-2.kkr.mlit.go.jp/plan/jigyousya/technical_information/gijutsukanri/qgl8vl0000004zj9-att/2026_10tanka.pdf,PDL1.0,c7752fd452cb,近畿地整が独自調査で設定した単価(物価資料に載っていない地区・規格だけ)。消費税抜き。
2e2cb7058b0aa934,JP,material,生コンクリート・モルタル,生コンクリート,１８－１２－２５（２０） [単位水量175以下W/C60以下],m3,bureau_area,18,福井県,福井 冠山峠地区,,,24700,JPY,design_unit_price_ex_tax,published_pdl,,,2026-10,2026-10-01,kkr-zairyo-r8-10,11,https://www-2.kkr.mlit.go.jp/plan/jigyousya/technical_information/gijutsukanri/qgl8vl0000004zj9-att/2026_10tanka.pdf,PDL1.0,c7752fd452cb,近畿地整が独自調査で設定した単価(物価資料に載っていない地区・規格だけ)。消費税抜き。
9a85c6edd7b3bc30,JP,material,生コンクリート・モルタル,生コンクリート,１８－１５－２５（２０） [単位水量175以下W/C60以下],m3,bureau_area,18,福井県,福井 池田町他,,,17700,JPY,design_unit_price_ex_tax,published_pdl,,,2026-10,2026-10-01,kkr-zairyo-r8-10,11,https://www-2.kkr.mlit.go.jp/plan/jigyousya/technical_information/gijutsukanri/qgl8vl0000004zj9-att/2026_10tanka.pdf,PDL1.0,0f948effd799,近畿地整が独自調査で設定した単価(物価資料に載っていない地区・規格だけ)。消費税抜き。
302b0e97d2cbe649,JP,material,生コンクリート・モルタル,生コンクリート,１８－１５－２５（２０） [単位水量175以下W/C60以下],m3,bureau_area,18,福井県,福井 大野市 / 旧和泉村,,,23500,JPY,design_unit_price_ex_tax,published_pdl,,,2026-10,2026-10-01,kkr-zairyo-r8-10,11,https://www-2.kkr.mlit.go.jp/plan/jigyousya/technical_information/gijutsukanri/qgl8vl0000004zj9-att/2026_10tanka.pdf,PDL1.0,0f948effd799,近畿地整が独自調査で設定した単価(物価資料に載っていない地区・規格だけ)。消費税抜き。
42d72c801f3053ca,JP,material,生コンクリート・モルタル,生コンクリート,１８－１５－２５（２０） [単位水量175以下W/C60以下],m3,bureau_area,18,福井県,福井 冠山峠地区,,,25300,JPY,design_unit_price_ex_tax,published_pdl,,,2026-10,2026-10-01,kkr-zairyo-r8-10,11,https://www-2.kkr.mlit.go.jp/plan/jigyousya/technical_information/gijutsukanri/qgl8vl0000004zj9-att/2026_10tanka.pdf,PDL1.0,0f948effd799,近畿地整が独自調査で設定した単価(物価資料に載っていない地区・規格だけ)。消費税抜き。
c878e306572bdf3c,JP,material,生コンクリート・モルタル,生コンクリート,１８－１８－２５（２０） [単位水量175以下W/C60以下],m3,bureau_area,18,福井県,福井 池田町他,,,17700,JPY,design_unit_price_ex_tax,published_pdl,,,2026-10,2026-10-01,kkr-zairyo-r8-10,11,https://www-2.kkr.mlit.go.jp/plan/jigyousya/technical_information/gijutsukanri/qgl8vl0000004zj9-att/2026_10tanka.pdf,PDL1.0,739a5c3bcc24,近畿地整が独自調査で設定した単価(物価資料に載っていない地区・規格だけ)。消費税抜き。
51e73400e33674ae,JP,material,生コンクリート・モルタル,生コンクリート,１８－１８－２５（２０） [単位水量175以下W/C60以下],m3,bureau_area,18,福井県,福井 冠山峠地区,,,25300,JPY,design_unit_price_ex_tax,published_pdl,,,2026-10,2026-10-01,kkr-zairyo-r8-10,11,https://www-2.kkr.mlit.go.jp/plan/jigyousya/technical_information/gijutsukanri/qgl8vl0000004zj9-att/2026_10tanka.pdf,PDL1.0,739a5c3bcc24,近畿地整が独自調査で設定した単価(物価資料に載っていない地区・規格だけ)。消費税抜き。
cb95783362adb7e7,JP,material,生コンクリート・モルタル,生コンクリート,２１－８－２５（２０） [単位水量175以下W/C60以下],m3,bureau_area,18,福井県,福井 池田町他,,,16900,JPY,design_unit_price_ex_tax,published_pdl,,,2026-10,2026-10-01,kkr-zairyo-r8-10,11,https://www-2.kkr.mlit.go.jp/plan/jigyousya/technical_information/gijutsukanri/qgl8vl0000004zj9-att/2026_10tanka.pdf,PDL1.0,482f8152d5c5,近畿地整が独自調査で設定した単価(物価資料に載っていない地区・規格だけ)。消費税抜き。
4496c257f9948995,JP,material,生コンクリート・モルタル,生コンクリート,２１－８－２５（２０） [単位水量175以下W/C60以下],m3,bureau_area,18,福井県,福井 大野市 / 旧和泉村,,,23000,JPY,design_unit_price_ex_tax,published_pdl,,,2026-10,2026-10-01,kkr-zairyo-r8-10,11,https://www-2.kkr.mlit.go.jp/plan/jigyousya/technical_information/gijutsukanri/qgl8vl0000004zj9-att/2026_10tanka.pdf,PDL1.0,482f8152d5c5,近畿地整が独自調査で設定した単価(物価資料に載っていない地区・規格だけ)。消費税抜き。
18461caf26e8125a,JP,material,生コンクリート・モルタル,生コンクリート,２１－８－２５（２０） [単位水量175以下W/C60以下],m3,bureau_area,18,福井県,福井 冠山峠地区,,,24500,JPY,design_unit_price_ex_tax,published_pdl,,,2026-10,2026-10-01,kkr-zairyo-r8-10,11,https://www-2.kkr.mlit.go.jp/plan/jigyousya/technical_information/gijutsukanri/qgl8vl0000004zj9-att/2026_10tanka.pdf,PDL1.0,482f8152d5c5,近畿地整が独自調査で設定した単価(物価資料に載っていない地区・規格だけ)。消費税抜き。
ab28599147f8f285,JP,material,生コンクリート・モルタル,生コンクリート,２１－１５－２５（２０） [単位水量175以下W/C60以下],m3,bureau_area,18,福井県,福井 池田町他,,,17700,JPY,design_unit_price_ex_tax,published_pdl,,,2026-10,2026-10-01,kkr-zairyo-r8-10,11,https://www-2.kkr.mlit.go.jp/plan/jigyousya/technical_information/gijutsukanri/qgl8vl0000004zj9-att/2026_10tanka.pdf,PDL1.0,4b73c3134218,近畿地整が独自調査で設定した単価(物価資料に載っていない地区・規格だけ)。消費税抜き。
81e45f6605595698,JP,material,生コンクリート・モルタル,生コンクリート,２１－１５－２５（２０） [単位水量175以下W/C60以下],m3,bureau_area,18,福井県,福井 大野市 / 旧和泉村,,,23500,JPY,design_unit_price_ex_tax,published_pdl,,,2026-10,2026-10-01,kkr-zairyo-r8-10,11,https://www-2.kkr.mlit.go.jp/plan/jigyousya/technical_information/gijutsukanri/qgl8vl0000004zj9-att/2026_10tanka.pdf,PDL1.0,4b73c3134218,近畿地整が独自調査で設定した単価(物価資料に載っていない地区・規格だけ)。消費税抜き。
c3b56ff3cb45aba3,JP,material,生コンクリート・モルタル,生コンクリート,２１－１５－２５（２０） [単位水量175以下W/C60以下],m3,bureau_area,18,福井県,福井 冠山峠地区,,,25300,JPY,design_unit_price_ex_tax,published_pdl,,,2026-10,2026-10-01,kkr-zairyo-r8-10,11,https://www-2.kkr.mlit.go.jp/plan/jigyousya/technical_information/gijutsukanri/qgl8vl0000004zj9-att/2026_10tanka.pdf,PDL1.0,4b73c3134218,近畿地整が独自調査で設定した単価(物価資料に載っていない地区・規格だけ)。消費税抜き。
650a78e93b3978a7,JP,material,生コンクリート・モルタル,生コンクリート,２１－１８－２５（２０） [単位水量175以下W/C60以下],m3,bureau_area,18,福井県,福井 池田町他,,,17700,JPY,design_unit_price_ex_tax,published_pdl,,,2026-10,2026-10-01,kkr-zairyo-r8-10,11,https://www-2.kkr.mlit.go.jp/plan/jigyousya/technical_information/gijutsukanri/qgl8vl0000004zj9-att/2026_10tanka.pdf,PDL1.0,53196cad57e3,近畿地整が独自調査で設定した単価(物価資料に載っていない地区・規格だけ)。消費税抜き。
e235572c8eb4fcd9,JP,material,生コンクリート・モルタル,生コンクリート,２１－１８－２５（２０） [単位水量175以下W/C60以下],m3,bureau_area,18,福井県,福井 冠山峠地区,,,25300,JPY,design_unit_price_ex_tax,published_pdl,,,2026-10,2026-10-01,kkr-zairyo-r8-10,11,https://www-2.kkr.mlit.go.jp/plan/jigyousya/technical_information/gijutsukanri/qgl8vl0000004zj9-att/2026_10tanka.pdf,PDL1.0,53196cad57e3,近畿地整が独自調査で設定した単価(物価資料に載っていない地区・規格だけ)。消費税抜き。
47bb23137a9549e5,JP,material,生コンクリート・モルタル,生コンクリート,２４－８－２５（２０） [単位水量175以下W/C55以下],m3,bureau_area,18,福井県,福井 池田町他,,,17500,JPY,design_unit_price_ex_tax,published_pdl,,,2026-10,2026-10-01,kkr-zairyo-r8-10,11,https://www-2.kkr.mlit.go.jp/plan/jigyousya/technical_information/gijutsukanri/qgl8vl0000004zj9-att/2026_10tanka.pdf,PDL1.0,c7034bd79cbd,近畿地整が独自調査で設定した単価(物価資料に載っていない地区・規格だけ)。消費税抜き。
5a151cb8cb132f54,JP,material,生コンクリート・モルタル,生コンクリート,２４－８－２５（２０） [単位水量175以下W/C55以下],m3,bureau_area,18,福井県,福井 大野市 / 旧和泉村,,,23300,JPY,design_unit_price_ex_tax,published_pdl,,,2026-10,2026-10-01,kkr-zairyo-r8-10,11,https://www-2.kkr.mlit.go.jp/plan/jigyousya/technical_information/gijutsukanri/qgl8vl0000004zj9-att/2026_10tanka.pdf,PDL1.0,c7034bd79cbd,近畿地整が独自調査で設定した単価(物価資料に載っていない地区・規格だけ)。消費税抜き。
997d7df13683d92c,JP,material,生コンクリート・モルタル,生コンクリート,２４－８－２５（２０） [単位水量175以下W/C55以下],m3,bureau_area,18,福井県,福井 冠山峠地区,,,25100,JPY,design_unit_price_ex_tax,published_pdl,,,2026-10,2026-10-01,kkr-zairyo-r8-10,11,https://www-2.kkr.mlit.go.jp/plan/jigyousya/technical_information/gijutsukanri/qgl8vl0000004zj9-att/2026_10tanka.pdf,PDL1.0,c7034bd79cbd,近畿地整が独自調査で設定した単価(物価資料に載っていない地区・規格だけ)。消費税抜き。
945e213dad7538dd,JP,material,生コンクリート・モルタル,生コンクリート,２４－１２－２５（２０） [単位水量175以下W/C55以下],m3,bureau_area,18,福井県,福井 池田町他,,,17700,JPY,design_unit_price_ex_tax,published_pdl,,,2026-10,2026-10-01,kkr-zairyo-r8-10,11,https://www-2.kkr.mlit.go.jp/plan/jigyousya/technical_information/gijutsukanri/qgl8vl0000004zj9-att/2026_10tanka.pdf,PDL1.0,2e29a57cb46e,近畿地整が独自調査で設定した単価(物価資料に載っていない地区・規格だけ)。消費税抜き。
00e41029e785df8e,JP,material,生コンクリート・モルタル,生コンクリート,２４－１２－２５（２０） [単位水量175以下W/C55以下],m3,bureau_area,18,福井県,福井 大野市 / 旧和泉村,,,23500,JPY,design_unit_price_ex_tax,published_pdl,,,2026-10,2026-10-01,kkr-zairyo-r8-10,11,https://www-2.kkr.mlit.go.jp/plan/jigyousya/technical_information/gijutsukanri/qgl8vl0000004zj9-att/2026_10tanka.pdf,PDL1.0,2e29a57cb46e,近畿地整が独自調査で設定した単価(物価資料に載っていない地区・規格だけ)。消費税抜き。
8e927a92a77b36a4,JP,material,生コンクリート・モルタル,生コンクリート,２４－１２－２５（２０） [単位水量175以下W/C55以下],m3,bureau_area,18,福井県,福井 冠山峠地区,,,25300,JPY,design_unit_price_ex_tax,published_pdl,,,2026-10,2026-10-01,kkr-zairyo-r8-10,11,https://www-2.kkr.mlit.go.jp/plan/jigyousya/technical_information/gijutsukanri/qgl8vl0000004zj9-att/2026_10tanka.pdf,PDL1.0,2e29a57cb46e,近畿地整が独自調査で設定した単価(物価資料に載っていない地区・規格だけ)。消費税抜き。
c732945c4b455c99,JP,material,生コンクリート・モルタル,生コンクリート,２７－８－２５（２０） [単位水量175以下W/C55以下],m3,bureau_area,18,福井県,福井 池田町他,,,17500,JPY,design_unit_price_ex_tax,published_pdl,,,2026-10,2026-10-01,kkr-zairyo-r8-10,11,https://www-2.kkr.mlit.go.jp/plan/jigyousya/technical_information/gijutsukanri/qgl8vl0000004zj9-att/2026_10tanka.pdf,PDL1.0,657cfbeea5e6,近畿地整が独自調査で設定した単価(物価資料に載っていない地区・規格だけ)。消費税抜き。
fa8818e0d805e27b,JP,material,生コンクリート・モルタル,生コンクリート,２７－８－２５（２０） [単位水量175以下W/C55以下],m3,bureau_area,18,福井県,福井 大野市 / 旧和泉村,,,23300,JPY,design_unit_price_ex_tax,published_pdl,,,2026-10,2026-10-01,kkr-zairyo-r8-10,11,https://www-2.kkr.mlit.go.jp/plan/jigyousya/technical_information/gijutsukanri/qgl8vl0000004zj9-att/2026_10tanka.pdf,PDL1.0,657cfbeea5e6,近畿地整が独自調査で設定した単価(物価資料に載っていない地区・規格だけ)。消費税抜き。
1558675fdd9a23d5,JP,material,生コンクリート・モルタル,生コンクリート,２７－８－２５（２０） [単位水量175以下W/C55以下],m3,bureau_area,18,福井県,福井 冠山峠地区,,,25100,JPY,design_unit_price_ex_tax,published_pdl,,,2026-10,2026-10-01,kkr-zairyo-r8-10,11,https://www-2.kkr.mlit.go.jp/plan/jigyousya/technical_information/gijutsukanri/qgl8vl0000004zj9-att/2026_10tanka.pdf,PDL1.0,657cfbeea5e6,近畿地整が独自調査で設定した単価(物価資料に載っていない地区・規格だけ)。消費税抜き。
154ddd598b61eb45,JP,material,生コンクリート・モルタル,生コンクリート,２７－１２－２５（２０） [単位水量175以下W/C55以下],m3,bureau_area,18,福井県,福井 池田町他,,,17700,JPY,design_unit_price_ex_tax,published_pdl,,,2026-10,2026-10-01,kkr-zairyo-r8-10,11,https://www-2.kkr.mlit.go.jp/plan/jigyousya/technical_information/gijutsukanri/qgl8vl0000004zj9-att/2026_10tanka.pdf,PDL1.0,,近畿地整が独自調査で設定した単価(物価資料に載っていない地区・規格だけ)。消費税抜き。
e788f299e207152f,JP,material,生コンクリート・モルタル,生コンクリート,２７－１２－２５（２０） [単位水量175以下W/C55以下],m3,bureau_area,18,福井県,福井 大野市 / 旧和泉村,,,23500,JPY,design_unit_price_ex_tax,published_pdl,,,2026-10,2026-10-01,kkr-zairyo-r8-10,11,https://www-2.kkr.mlit.go.jp/plan/jigyousya/technical_information/gijutsukanri/qgl8vl0000004zj9-att/2026_10tanka.pdf,PDL1.0,,近畿地整が独自調査で設定した単価(物価資料に載っていない地区・規格だけ)。消費税抜き。
d170f33055d8ca19,JP,material,生コンクリート・モルタル,生コンクリート,２７－１２－２５（２０） [単位水量175以下W/C55以下],m3,bureau_area,18,福井県,福井 冠山峠地区,,,25300,JPY,design_unit_price_ex_tax,published_pdl,,,2026-10,2026-10-01,kkr-zairyo-r8-10,11,https://www-2.kkr.mlit.go.jp/plan/jigyousya/technical_information/gijutsukanri/qgl8vl0000004zj9-att/2026_10tanka.pdf,PDL1.0,,近畿地整が独自調査で設定した単価(物価資料に載っていない地区・規格だけ)。消費税抜き。
1fd8caf0adcfce1b,JP,material,生コンクリート・モルタル,生コンクリート,３０－８－２５（２０） [単位水量175以下W/C55以下],m3,bureau_area,18,福井県,福井 池田町他,,,17800,JPY,design_unit_price_ex_tax,published_pdl,,,2026-10,2026-10-01,kkr-zairyo-r8-10,11,https://www-2.kkr.mlit.go.jp/plan/jigyousya/technical_information/gijutsukanri/qgl8vl0000004zj9-att/2026_10tanka.pdf,PDL1.0,584e4bdc5be9,近畿地整が独自調査で設定した単価(物価資料に載っていない地区・規格だけ)。消費税抜き。
ccaf2729e591f290,JP,material,生コンクリート・モルタル,生コンクリート,３０－８－２５（２０） [単位水量175以下W/C55以下],m3,bureau_area,18,福井県,福井 大野市 / 旧和泉村,,,23600,JPY,design_unit_price_ex_tax,published_pdl,,,2026-10,2026-10-01,kkr-zairyo-r8-10,11,https://www-2.kkr.mlit.go.jp/plan/jigyousya/technical_information/gijutsukanri/qgl8vl0000004zj9-att/2026_10tanka.pdf,PDL1.0,584e4bdc5be9,近畿地整が独自調査で設定した単価(物価資料に載っていない地区・規格だけ)。消費税抜き。
f4083d861c9321c3,JP,material,生コンクリート・モルタル,生コンクリート,３０－８－２５（２０） [単位水量175以下W/C55以下],m3,bureau_area,18,福井県,福井 冠山峠地区,,,25400,JPY,design_unit_price_ex_tax,published_pdl,,,2026-10,2026-10-01,kkr-zairyo-r8-10,11,https://www-2.kkr.mlit.go.jp/plan/jigyousya/technical_information/gijutsukanri/qgl8vl0000004zj9-att/2026_10tanka.pdf,PDL1.0,584e4bdc5be9,近畿地整が独自調査で設定した単価(物価資料に載っていない地区・規格だけ)。消費税抜き。
72cb3ff911a0d8d8,JP,material,生コンクリート・モルタル,生コンクリート,３０－１２－２５（２０） [単位水量175以下W/C55以下],m3,bureau_area,18,福井県,福井 池田町他,,,18000,JPY,design_unit_price_ex_tax,published_pdl,,,2026-10,2026-10-01,kkr-zairyo-r8-10,11,https://www-2.kkr.mlit.go.jp/plan/jigyousya/technical_information/gijutsukanri/qgl8vl0000004zj9-att/2026_10tanka.pdf,PDL1.0,,近畿地整が独自調査で設定した単価(物価資料に載っていない地区・規格だけ)。消費税抜き。
77f66b4fa3a5a882,JP,material,生コンクリート・モルタル,生コンクリート,３０－１２－２５（２０） [単位水量175以下W/C55以下],m3,bureau_area,18,福井県,福井 大野市 / 旧和泉村,,,23800,JPY,design_unit_price_ex_tax,published_pdl,,,2026-10,2026-10-01,kkr-zairyo-r8-10,11,https://www-2.kkr.mlit.go.jp/plan/jigyousya/technical_information/gijutsukanri/qgl8vl0000004zj9-att/2026_10tanka.pdf,PDL1.0,,近畿地整が独自調査で設定した単価(物価資料に載っていない地区・規格だけ)。消費税抜き。
8f11293b5d3784a3,JP,material,生コンクリート・モルタル,生コンクリート,３０－１２－２５（２０） [単位水量175以下W/C55以下],m3,bureau_area,18,福井県,福井 冠山峠地区,,,25600,JPY,design_unit_price_ex_tax,published_pdl,,,2026-10,2026-10-01,kkr-zairyo-r8-10,11,https://www-2.kkr.mlit.go.jp/plan/jigyousya/technical_information/gijutsukanri/qgl8vl0000004zj9-att/2026_10tanka.pdf,PDL1.0,,近畿地整が独自調査で設定した単価(物価資料に載っていない地区・規格だけ)。消費税抜き。
5550b15190a03f88,JP,material,生コンクリート・モルタル,生コンクリート,３６－８－２５（２０） [単位水量175以下W/C55以下],m3,bureau_area,18,福井県,福井 池田町他,,,18500,JPY,design_unit_price_ex_tax,published_pdl,,,2026-10,2026-10-01,kkr-zairyo-r8-10,11,https://www-2.kkr.mlit.go.jp/plan/jigyousya/technical_information/gijutsukanri/qgl8vl0000004zj9-att/2026_10tanka.pdf,PDL1.0,193e785636bd,近畿地整が独自調査で設定した単価(物価資料に載っていない地区・規格だけ)。消費税抜き。
c2a892dd0839618a,JP,material,生コンクリート・モルタル,生コンクリート,３６－８－２５（２０） [単位水量175以下W/C55以下],m3,bureau_area,18,福井県,福井 大野市 / 旧和泉村,,,24300,JPY,design_unit_price_ex_tax,published_pdl,,,2026-10,2026-10-01,kkr-zairyo-r8-10,11,https://www-2.kkr.mlit.go.jp/plan/jigyousya/technical_information/gijutsukanri/qgl8vl0000004zj9-att/2026_10tanka.pdf,PDL1.0,193e785636bd,近畿地整が独自調査で設定した単価(物価資料に載っていない地区・規格だけ)。消費税抜き。
fa927744b9744fa7,JP,material,生コンクリート・モルタル,生コンクリート,３６－８－２５（２０） [単位水量175以下W/C55以下],m3,bureau_area,18,福井県,福井 冠山峠地区,,,26100,JPY,design_unit_price_ex_tax,published_pdl,,,2026-10,2026-10-01,kkr-zairyo-r8-10,11,https://www-2.kkr.mlit.go.jp/plan/jigyousya/technical_information/gijutsukanri/qgl8vl0000004zj9-att/2026_10tanka.pdf,PDL1.0,193e785636bd,近畿地整が独自調査で設定した単価(物価資料に載っていない地区・規格だけ)。消費税抜き。
d2626569904e1c59,JP,material,生コンクリート・モルタル,生コンクリート,４０－８－２５（２０） [単位水量175以下W/C55以下],m3,bureau_area,18,福井県,福井 池田町他,,,21000,JPY,design_unit_price_ex_tax,published_pdl,,,2026-10,2026-10-01,kkr-zairyo-r8-10,11,https://www-2.kkr.mlit.go.jp/plan/jigyousya/technical_information/gijutsukanri/qgl8vl0000004zj9-att/2026_10tanka.pdf,PDL1.0,112927640be2,近畿地整が独自調査で設定した単価(物価資料に載っていない地区・規格だけ)。消費税抜き。
c99b8fbf8b94a493,JP,material,生コンクリート・モルタル,生コンクリート,４０－８－２５（２０） [単位水量175以下W/C55以下],m3,bureau_area,18,福井県,福井 大野市 / 旧和泉村,,,26800,JPY,design_unit_price_ex_tax,published_pdl,,,2026-10,2026-10-01,kkr-zairyo-r8-10,11,https://www-2.kkr.mlit.go.jp/plan/jigyousya/technical_information/gijutsukanri/qgl8vl0000004zj9-att/2026_10tanka.pdf,PDL1.0,112927640be2,近畿地整が独自調査で設定した単価(物価資料に載っていない地区・規格だけ)。消費税抜き。
f7789ca1678d7ac9,JP,material,生コンクリート・モルタル,生コンクリート,４０－８－２５（２０） [単位水量175以下W/C55以下],m3,bureau_area,18,福井県,福井 冠山峠地区,,,28600,JPY,design_unit_price_ex_tax,published_pdl,,,2026-10,2026-10-01,kkr-zairyo-r8-10,11,https://www-2.kkr.mlit.go.jp/plan/jigyousya/technical_information/gijutsukanri/qgl8vl0000004zj9-att/2026_10tanka.pdf,PDL1.0,112927640be2,近畿地整が独自調査で設定した単価(物価資料に載っていない地区・規格だけ)。消費税抜き。
766c0746f558be96,JP,material,生コンクリート・モルタル,生コンクリート,１８－５－４０ [単位水量165以下W/C60以下],m3,bureau_area,18,福井県,福井 池田町他,,,16900,JPY,design_unit_price_ex_tax,published_pdl,,,2026-10,2026-10-01,kkr-zairyo-r8-10,11,https://www-2.kkr.mlit.go.jp/plan/jigyousya/technical_information/gijutsukanri/qgl8vl0000004zj9-att/2026_10tanka.pdf,PDL1.0,f12f38c0ab30,近畿地整が独自調査で設定した単価(物価資料に載っていない地区・規格だけ)。消費税抜き。
264ad46d0a4a9596,JP,material,生コンクリート・モルタル,生コンクリート,１８－５－４０ [単位水量165以下W/C60以下],m3,bureau_area,18,福井県,福井 大野市 / 旧和泉村,,,23000,JPY,design_unit_price_ex_tax,published_pdl,,,2026-10,2026-10-01,kkr-zairyo-r8-10,11,https://www-2.kkr.mlit.go.jp/plan/jigyousya/technical_information/gijutsukanri/qgl8vl0000004zj9-att/2026_10tanka.pdf,PDL1.0,f12f38c0ab30,近畿地整が独自調査で設定した単価(物価資料に載っていない地区・規格だけ)。消費税抜き。
bdbbec1e4d9040f8,JP,material,生コンクリート・モルタル,生コンクリート,１８－５－４０ [単位水量165以下W/C60以下],m3,bureau_area,18,福井県,福井 冠山峠地区,,,24500,JPY,design_unit_price_ex_tax,published_pdl,,,2026-10,2026-10-01,kkr-zairyo-r8-10,11,https://www-2.kkr.mlit.go.jp/plan/jigyousya/technical_information/gijutsukanri/qgl8vl0000004zj9-att/2026_10tanka.pdf,PDL1.0,f12f38c0ab30,近畿地整が独自調査で設定した単価(物価資料に載っていない地区・規格だけ)。消費税抜き。
2405d5ffb433ac7a,JP,material,生コンクリート・モルタル,生コンクリート,１８－８－４０ [単位水量165以下W/C60以下],m3,bureau_area,18,福井県,福井 池田町他,,,16900,JPY,design_unit_price_ex_tax,published_pdl,,,2026-10,2026-10-01,kkr-zairyo-r8-10,11,https://www-2.kkr.mlit.go.jp/plan/jigyousya/technical_information/gijutsukanri/qgl8vl0000004zj9-att/2026_10tanka.pdf,PDL1.0,a127d57ee7b5,近畿地整が独自調査で設定した単価(物価資料に載っていない地区・規格だけ)。消費税抜き。
5184a904555ca08f,JP,material,生コンクリート・モルタル,生コンクリート,１８－８－４０ [単位水量165以下W/C60以下],m3,bureau_area,18,福井県,福井 大野市 / 旧和泉村,,,23000,JPY,design_unit_price_ex_tax,published_pdl,,,2026-10,2026-10-01,kkr-zairyo-r8-10,11,https://www-2.kkr.mlit.go.jp/plan/jigyousya/technical_information/gijutsukanri/qgl8vl0000004zj9-att/2026_10tanka.pdf,PDL1.0,a127d57ee7b5,近畿地整が独自調査で設定した単価(物価資料に載っていない地区・規格だけ)。消費税抜き。
ed10e1e3aba10e44,JP,material,生コンクリート・モルタル,生コンクリート,１８－８－４０ [単位水量165以下W/C60以下],m3,bureau_area,18,福井県,福井 冠山峠地区,,,24500,JPY,design_unit_price_ex_tax,published_pdl,,,2026-10,2026-10-01,kkr-zairyo-r8-10,11,https://www-2.kkr.mlit.go.jp/plan/jigyousya/technical_information/gijutsukanri/qgl8vl0000004zj9-att/2026_10tanka.pdf,PDL1.0,a127d57ee7b5,近畿地整が独自調査で設定した単価(物価資料に載っていない地区・規格だけ)。消費税抜き。
884c1de7413345ac,JP,material,生コンクリート・モルタル,生コンクリート,１８－８－４０ Ｃ＝２３０以上 [単位水量165以下W/C60以下],m3,bureau_area,18,福井県,福井 池田町他,,,16900,JPY,design_unit_price_ex_tax,published_pdl,,,2026-10,2026-10-01,kkr-zairyo-r8-10,11,https://www-2.kkr.mlit.go.jp/plan/jigyousya/technical_information/gijutsukanri/qgl8vl0000004zj9-att/2026_10tanka.pdf,PDL1.0,,近畿地整が独自調査で設定した単価(物価資料に載っていない地区・規格だけ)。消費税抜き。
4da07d840746a21b,JP,material,生コンクリート・モルタル,生コンクリート,１８－８－４０ Ｃ＝２３０以上 [単位水量165以下W/C60以下],m3,bureau_area,18,福井県,福井 大野市 / 旧和泉村,,,23000,JPY,design_unit_price_ex_tax,published_pdl,,,2026-10,2026-10-01,kkr-zairyo-r8-10,11,https://www-2.kkr.mlit.go.jp/plan/jigyousya/technical_information/gijutsukanri/qgl8vl0000004zj9-att/2026_10tanka.pdf,PDL1.0,,近畿地整が独自調査で設定した単価(物価資料に載っていない地区・規格だけ)。消費税抜き。
093fffed44655a85,JP,material,生コンクリート・モルタル,生コンクリート,１８－８－４０ Ｃ＝２３０以上 [単位水量165以下W/C60以下],m3,bureau_area,18,福井県,福井 冠山峠地区,,,24500,JPY,design_unit_price_ex_tax,published_pdl,,,2026-10,2026-10-01,kkr-zairyo-r8-10,11,https://www-2.kkr.mlit.go.jp/plan/jigyousya/technical_information/gijutsukanri/qgl8vl0000004zj9-att/2026_10tanka.pdf,PDL1.0,,近畿地整が独自調査で設定した単価(物価資料に載っていない地区・規格だけ)。消費税抜き。
1e4c8d9bff99bd96,JP,material,生コンクリート・モルタル,生コンクリート,１８－１２－４０ [単位水量165以下W/C60以下],m3,bureau_area,18,福井県,福井 池田町他,,,17100,JPY,design_unit_price_ex_tax,published_pdl,,,2026-10,2026-10-01,kkr-zairyo-r8-10,11,https://www-2.kkr.mlit.go.jp/plan/jigyousya/technical_information/gijutsukanri/qgl8vl0000004zj9-att/2026_10tanka.pdf,PDL1.0,a0a2b7e37a63,近畿地整が独自調査で設定した単価(物価資料に載っていない地区・規格だけ)。消費税抜き。
c77e8e4285a4b61f,JP,material,生コンクリート・モルタル,生コンクリート,１８－１２－４０ [単位水量165以下W/C60以下],m3,bureau_area,18,福井県,福井 大野市 / 旧和泉村,,,23200,JPY,design_unit_price_ex_tax,published_pdl,,,2026-10,2026-10-01,kkr-zairyo-r8-10,11,https://www-2.kkr.mlit.go.jp/plan/jigyousya/technical_information/gijutsukanri/qgl8vl0000004zj9-att/2026_10tanka.pdf,PDL1.0,a0a2b7e37a63,近畿地整が独自調査で設定した単価(物価資料に載っていない地区・規格だけ)。消費税抜き。
fb7816ac46d0c96b,JP,material,生コンクリート・モルタル,生コンクリート,１８－１２－４０ [単位水量165以下W/C60以下],m3,bureau_area,18,福井県,福井 冠山峠地区,,,24700,JPY,design_unit_price_ex_tax,published_pdl,,,2026-10,2026-10-01,kkr-zairyo-r8-10,11,https://www-2.kkr.mlit.go.jp/plan/jigyousya/technical_information/gijutsukanri/qgl8vl0000004zj9-att/2026_10tanka.pdf,PDL1.0,a0a2b7e37a63,近畿地整が独自調査で設定した単価(物価資料に載っていない地区・規格だけ)。消費税抜き。
408009e1763892e8,JP,material,生コンクリート・モルタル,生コンクリート,１８－１２－４０ Ｃ＝２７０ [単位水量165以下W/C60以下],m3,bureau_area,18,福井県,福井 池田町他,,,17400,JPY,design_unit_price_ex_tax,published_pdl,,,2026-10,2026-10-01,kkr-zairyo-r8-10,11,https://www-2.kkr.mlit.go.jp/plan/jigyousya/technical_information/gijutsukanri/qgl8vl0000004zj9-att/2026_10tanka.pdf,PDL1.0,,近畿地整が独自調査で設定した単価(物価資料に載っていない地区・規格だけ)。消費税抜き。
71c9125688695ab4,JP,material,生コンクリート・モルタル,生コンクリート,１８－１２－４０ Ｃ＝２７０ [単位水量165以下W/C60以下],m3,bureau_area,18,福井県,福井 大野市 / 旧和泉村,,,23200,JPY,design_unit_price_ex_tax,published_pdl,,,2026-10,2026-10-01,kkr-zairyo-r8-10,11,https://www-2.kkr.mlit.go.jp/plan/jigyousya/technical_information/gijutsukanri/qgl8vl0000004zj9-att/2026_10tanka.pdf,PDL1.0,,近畿地整が独自調査で設定した単価(物価資料に載っていない地区・規格だけ)。消費税抜き。
db1536a33c6c4cb2,JP,material,生コンクリート・モルタル,生コンクリート,１８－１２－４０ Ｃ＝２７０ [単位水量165以下W/C60以下],m3,bureau_area,18,福井県,福井 冠山峠地区,,,25000,JPY,design_unit_price_ex_tax,published_pdl,,,2026-10,2026-10-01,kkr-zairyo-r8-10,11,https://www-2.kkr.mlit.go.jp/plan/jigyousya/technical_information/gijutsukanri/qgl8vl0000004zj9-att/2026_10tanka.pdf,PDL1.0,,近畿地整が独自調査で設定した単価(物価資料に載っていない地区・規格だけ)。消費税抜き。
d0302d64f30ab949,JP,material,生コンクリート・モルタル,生コンクリート,２１－５－４０ [単位水量165以下W/C60以下],m3,bureau_area,18,福井県,福井 池田町他,,,16900,JPY,design_unit_price_ex_tax,published_pdl,,,2026-10,2026-10-01,kkr-zairyo-r8-10,11,https://www-2.kkr.mlit.go.jp/plan/jigyousya/technical_information/gijutsukanri/qgl8vl0000004zj9-att/2026_10tanka.pdf,PDL1.0,d935f5461a1f,近畿地整が独自調査で設定した単価(物価資料に載っていない地区・規格だけ)。消費税抜き。
603d206eef7b880e,JP,material,生コンクリート・モルタル,生コンクリート,２１－５－４０ [単位水量165以下W/C60以下],m3,bureau_area,18,福井県,福井 大野市 / 旧和泉村,,,23000,JPY,design_unit_price_ex_tax,published_pdl,,,2026-10,2026-10-01,kkr-zairyo-r8-10,11,https://www-2.kkr.mlit.go.jp/plan/jigyousya/technical_information/gijutsukanri/qgl8vl0000004zj9-att/2026_10tanka.pdf,PDL1.0,d935f5461a1f,近畿地整が独自調査で設定した単価(物価資料に載っていない地区・規格だけ)。消費税抜き。
90e62d62948a4377,JP,material,生コンクリート・モルタル,生コンクリート,２１－５－４０ [単位水量165以下W/C60以下],m3,bureau_area,18,福井県,福井 冠山峠地区,,,24500,JPY,design_unit_price_ex_tax,published_pdl,,,2026-10,2026-10-01,kkr-zairyo-r8-10,11,https://www-2.kkr.mlit.go.jp/plan/jigyousya/technical_information/gijutsukanri/qgl8vl0000004zj9-att/2026_10tanka.pdf,PDL1.0,d935f5461a1f,近畿地整が独自調査で設定した単価(物価資料に載っていない地区・規格だけ)。消費税抜き。
195531f619830550,JP,material,生コンクリート・モルタル,生コンクリート,２１－８－４０ [単位水量165以下W/C60以下],m3,bureau_area,18,福井県,福井 池田町他,,,16900,JPY,design_unit_price_ex_tax,published_pdl,,,2026-10,2026-10-01,kkr-zairyo-r8-10,11,https://www-2.kkr.mlit.go.jp/plan/jigyousya/technical_information/gijutsukanri/qgl8vl0000004zj9-att/2026_10tanka.pdf,PDL1.0,4437d43ce7c4,近畿地整が独自調査で設定した単価(物価資料に載っていない地区・規格だけ)。消費税抜き。
fc11c776fb4849de,JP,material,生コンクリート・モルタル,生コンクリート,２１－８－４０ [単位水量165以下W/C60以下],m3,bureau_area,18,福井県,福井 大野市 / 旧和泉村,,,23000,JPY,design_unit_price_ex_tax,published_pdl,,,2026-10,2026-10-01,kkr-zairyo-r8-10,11,https://www-2.kkr.mlit.go.jp/plan/jigyousya/technical_information/gijutsukanri/qgl8vl0000004zj9-att/2026_10tanka.pdf,PDL1.0,4437d43ce7c4,近畿地整が独自調査で設定した単価(物価資料に載っていない地区・規格だけ)。消費税抜き。
3c1a5ea72b376eba,JP,material,生コンクリート・モルタル,生コンクリート,２１－８－４０ [単位水量165以下W/C60以下],m3,bureau_area,18,福井県,福井 冠山峠地区,,,24500,JPY,design_unit_price_ex_tax,published_pdl,,,2026-10,2026-10-01,kkr-zairyo-r8-10,11,https://www-2.kkr.mlit.go.jp/plan/jigyousya/technical_information/gijutsukanri/qgl8vl0000004zj9-att/2026_10tanka.pdf,PDL1.0,4437d43ce7c4,近畿地整が独自調査で設定した単価(物価資料に載っていない地区・規格だけ)。消費税抜き。
720702eb08c3d10c,JP,material,生コンクリート・モルタル,生コンクリート,２１－１２－４０ [単位水量165以下W/C60以下],m3,bureau_area,18,福井県,福井 池田町他,,,17100,JPY,design_unit_price_ex_tax,published_pdl,,,2026-10,2026-10-01,kkr-zairyo-r8-10,11,https://www-2.kkr.mlit.go.jp/plan/jigyousya/technical_information/gijutsukanri/qgl8vl0000004zj9-att/2026_10tanka.pdf,PDL1.0,8665bf049656,近畿地整が独自調査で設定した単価(物価資料に載っていない地区・規格だけ)。消費税抜き。
388ecabadcb62b26,JP,material,生コンクリート・モルタル,生コンクリート,２１－１２－４０ [単位水量165以下W/C60以下],m3,bureau_area,18,福井県,福井 大野市 / 旧和泉村,,,23200,JPY,design_unit_price_ex_tax,published_pdl,,,2026-10,2026-10-01,kkr-zairyo-r8-10,11,https://www-2.kkr.mlit.go.jp/plan/jigyousya/technical_information/gijutsukanri/qgl8vl0000004zj9-att/2026_10tanka.pdf,PDL1.0,8665bf049656,近畿地整が独自調査で設定した単価(物価資料に載っていない地区・規格だけ)。消費税抜き。
5e8c083b080259b3,JP,material,生コンクリート・モルタル,生コンクリート,２１－１２－４０ [単位水量165以下W/C60以下],m3,bureau_area,18,福井県,福井 冠山峠地区,,,24700,JPY,design_unit_price_ex_tax,published_pdl,,,2026-10,2026-10-01,kkr-zairyo-r8-10,11,https://www-2.kkr.mlit.go.jp/plan/jigyousya/technical_information/gijutsukanri/qgl8vl0000004zj9-att/2026_10tanka.pdf,PDL1.0,8665bf049656,近畿地整が独自調査で設定した単価(物価資料に載っていない地区・規格だけ)。消費税抜き。
c32f635e02f15929,JP,material,生コンクリート・モルタル,生コンクリート,高炉 ３０－１８－２０（２５） Ｃ＝３５０以上 [単位水量175以下W/C55％],m3,bureau_area,26,京都府,京都北部 与謝郡他,,,34300,JPY,design_unit_price_ex_tax,published_pdl,,,2026-10,2026-10-01,kkr-zairyo-r8-10,12,https://www-2.kkr.mlit.go.jp/plan/jigyousya/technical_information/gijutsukanri/qgl8vl0000004zj9-att/2026_10tanka.pdf,PDL1.0,,近畿地整が独自調査で設定した単価(物価資料に載っていない地区・規格だけ)。消費税抜き。
04039dcffe12c999,JP,material,生コンクリート・モルタル,生コンクリート,高炉 ３０－１８－２０（２５） Ｃ＝３５０以上 [単位水量175以下W/C55％],m3,bureau_area,26,京都府,京都北部 舞鶴市,,,32950,JPY,design_unit_price_ex_tax,published_pdl,,,2026-10,2026-10-01,kkr-zairyo-r8-10,12,https://www-2.kkr.mlit.go.jp/plan/jigyousya/technical_information/gijutsukanri/qgl8vl0000004zj9-att/2026_10tanka.pdf,PDL1.0,,近畿地整が独自調査で設定した単価(物価資料に載っていない地区・規格だけ)。消費税抜き。
8eca09ea71c8729b,JP,material,生コンクリート・モルタル,生コンクリート,高炉 ３０－１８－２０（２５） Ｃ＝３５０以上 [単位水量175以下W/C55％],m3,bureau_area,26,京都府,京都北部 京都市２他,,,29400,JPY,design_unit_price_ex_tax,published_pdl,,,2026-10,2026-10-01,kkr-zairyo-r8-10,12,https://www-2.kkr.mlit.go.jp/plan/jigyousya/technical_information/gijutsukanri/qgl8vl0000004zj9-att/2026_10tanka.pdf,PDL1.0,,近畿地整が独自調査で設定した単価(物価資料に載っていない地区・規格だけ)。消費税抜き。
2de5a1cbdf758832,JP,material,生コンクリート・モルタル,生コンクリート,高炉 ３０－１８－２０（２５） Ｃ＝３５０以上 [単位水量175以下W/C55％],m3,bureau_area,26,京都府,京都北部 船井郡他,,,29400,JPY,design_unit_price_ex_tax,published_pdl,,,2026-10,2026-10-01,kkr-zairyo-r8-10,12,https://www-2.kkr.mlit.go.jp/plan/jigyousya/technical_information/gijutsukanri/qgl8vl0000004zj9-att/2026_10tanka.pdf,PDL1.0,,近畿地整が独自調査で設定した単価(物価資料に載っていない地区・規格だけ)。消費税抜き。
40d216ef8138fc0d,JP,material,生コンクリート・モルタル,生コンクリート,高炉 ３０－１８－２０（２５） Ｃ＝３５０以上 [単位水量175以下W/C55％],m3,bureau_area,26,京都府,京都南部 亀岡市,,,29400,JPY,design_unit_price_ex_tax,published_pdl,,,2026-10,2026-10-01,kkr-zairyo-r8-10,12,https://www-2.kkr.mlit.go.jp/plan/jigyousya/technical_information/gijutsukanri/qgl8vl0000004zj9-att/2026_10tanka.pdf,PDL1.0,,近畿地整が独自調査で設定した単価(物価資料に載っていない地区・規格だけ)。消費税抜き。
4eaf0db142594380,JP,material,生コンクリート・モルタル,生コンクリート,高炉 ３０－１８－２０（２５） Ｃ＝３５０以上 [単位水量175以下W/C55％],m3,bureau_area,26,京都府,京都南部 京都市１他,,,32600,JPY,design_unit_price_ex_tax,published_pdl,,,2026-10,2026-10-01,kkr-zairyo-r8-10,12,https://www-2.kkr.mlit.go.jp/plan/jigyousya/technical_information/gijutsukanri/qgl8vl0000004zj9-att/2026_10tanka.pdf,PDL1.0,,近畿地整が独自調査で設定した単価(物価資料に載っていない地区・規格だけ)。消費税抜き。
5c00183dd7529560,JP,material,生コンクリート・モルタル,生コンクリート,高炉 ３０－１８－２０（２５） Ｃ＝３５０以上 [単位水量175以下W/C55％],m3,bureau_area,26,京都府,京都南部 宇治市他,,,32600,JPY,design_unit_price_ex_tax,published_pdl,,,2026-10,2026-10-01,kkr-zairyo-r8-10,12,https://www-2.kkr.mlit.go.jp/plan/jigyousya/technical_information/gijutsukanri/qgl8vl0000004zj9-att/2026_10tanka.pdf,PDL1.0,,近畿地整が独自調査で設定した単価(物価資料に載っていない地区・規格だけ)。消費税抜き。
92a3d1a2f9d050ed,JP,material,生コンクリート・モルタル,生コンクリート,高炉 ３０－１８－２０（２５） Ｃ＝３５０以上 [単位水量175以下W/C55％],m3,bureau_area,26,京都府,京都南部 木津川市他,,,32600,JPY,design_unit_price_ex_tax,published_pdl,,,2026-10,2026-10-01,kkr-zairyo-r8-10,12,https://www-2.kkr.mlit.go.jp/plan/jigyousya/technical_information/gijutsukanri/qgl8vl0000004zj9-att/2026_10tanka.pdf,PDL1.0,,近畿地整が独自調査で設定した単価(物価資料に載っていない地区・規格だけ)。消費税抜き。
bfb9afd2616f4a6b,JP,material,生コンクリート・モルタル,生コンクリート,３０－１８－２０（２５） Ｃ＝３５０以上 [単位水量175以下W/C55％],m3,bureau_area,26,京都府,京都北部 舞鶴市,,,32950,JPY,design_unit_price_ex_tax,published_pdl,,,2026-10,2026-10-01,kkr-zairyo-r8-10,12,https://www-2.kkr.mlit.go.jp/plan/jigyousya/technical_information/gijutsukanri/qgl8vl0000004zj9-att/2026_10tanka.pdf,PDL1.0,,近畿地整が独自調査で設定した単価(物価資料に載っていない地区・規格だけ)。消費税抜き。
455f362ffd54a942,JP,material,生コンクリート・モルタル,生コンクリート,３０－１８－２０（２５） Ｃ＝３５０以上 [単位水量175以下W/C55％],m3,bureau_area,26,京都府,京都北部 京都市２他,,,29400,JPY,design_unit_price_ex_tax,published_pdl,,,2026-10,2026-10-01,kkr-zairyo-r8-10,12,https://www-2.kkr.mlit.go.jp/plan/jigyousya/technical_information/gijutsukanri/qgl8vl0000004zj9-att/2026_10tanka.pdf,PDL1.0,,近畿地整が独自調査で設定した単価(物価資料に載っていない地区・規格だけ)。消費税抜き。
6817dc5cc2802603,JP,material,生コンクリート・モルタル,生コンクリート,３０－１８－２０（２５） Ｃ＝３５０以上 [単位水量175以下W/C55％],m3,bureau_area,26,京都府,京都北部 船井郡他,,,29400,JPY,design_unit_price_ex_tax,published_pdl,,,2026-10,2026-10-01,kkr-zairyo-r8-10,12,https://www-2.kkr.mlit.go.jp/plan/jigyousya/technical_information/gijutsukanri/qgl8vl0000004zj9-att/2026_10tanka.pdf,PDL1.0,,近畿地整が独自調査で設定した単価(物価資料に載っていない地区・規格だけ)。消費税抜き。
df03d62bf11fdc2f,JP,material,生コンクリート・モルタル,生コンクリート,３０－１８－２０（２５） Ｃ＝３５０以上 [単位水量175以下W/C55％],m3,bureau_area,26,京都府,京都南部 亀岡市,,,29400,JPY,design_unit_price_ex_tax,published_pdl,,,2026-10,2026-10-01,kkr-zairyo-r8-10,12,https://www-2.kkr.mlit.go.jp/plan/jigyousya/technical_information/gijutsukanri/qgl8vl0000004zj9-att/2026_10tanka.pdf,PDL1.0,,近畿地整が独自調査で設定した単価(物価資料に載っていない地区・規格だけ)。消費税抜き。
a648cd2e90beb18e,JP,material,生コンクリート・モルタル,生コンクリート,３０－１８－２０（２５） Ｃ＝３５０以上 [単位水量175以下W/C55％],m3,bureau_area,26,京都府,京都南部 京都市１他,,,32600,JPY,design_unit_price_ex_tax,published_pdl,,,2026-10,2026-10-01,kkr-zairyo-r8-10,12,https://www-2.kkr.mlit.go.jp/plan/jigyousya/technical_information/gijutsukanri/qgl8vl0000004zj9-att/2026_10tanka.pdf,PDL1.0,,近畿地整が独自調査で設定した単価(物価資料に載っていない地区・規格だけ)。消費税抜き。
5468fb81465e1fae,JP,material,生コンクリート・モルタル,生コンクリート,３０－１８－２０（２５） Ｃ＝３５０以上 [単位水量175以下W/C55％],m3,bureau_area,26,京都府,京都南部 宇治市他,,,32600,JPY,design_unit_price_ex_tax,published_pdl,,,2026-10,2026-10-01,kkr-zairyo-r8-10,12,https://www-2.kkr.mlit.go.jp/plan/jigyousya/technical_information/gijutsukanri/qgl8vl0000004zj9-att/2026_10tanka.pdf,PDL1.0,,近畿地整が独自調査で設定した単価(物価資料に載っていない地区・規格だけ)。消費税抜き。
5d6b668b50e8c19b,JP,material,生コンクリート・モルタル,生コンクリート,３０－１８－２０（２５） Ｃ＝３５０以上 [単位水量175以下W/C55％],m3,bureau_area,26,京都府,京都南部 木津川市他,,,32600,JPY,design_unit_price_ex_tax,published_pdl,,,2026-10,2026-10-01,kkr-zairyo-r8-10,12,https://www-2.kkr.mlit.go.jp/plan/jigyousya/technical_information/gijutsukanri/qgl8vl0000004zj9-att/2026_10tanka.pdf,PDL1.0,,近畿地整が独自調査で設定した単価(物価資料に載っていない地区・規格だけ)。消費税抜き。
2d763a61d52c3ce1,JP,material,生コンクリート・モルタル,生コンクリート,高炉 ３０－１８－２０（２５） Ｃ＝３５０以上 [単位水量175以下W/C55％],m3,bureau_area,27,大阪府,大阪 大阪市,,,33000,JPY,design_unit_price_ex_tax,published_pdl,,,2026-10,2026-10-01,kkr-zairyo-r8-10,13,https://www-2.kkr.mlit.go.jp/plan/jigyousya/technical_information/gijutsukanri/qgl8vl0000004zj9-att/2026_10tanka.pdf,PDL1.0,,近畿地整が独自調査で設定した単価(物価資料に載っていない地区・規格だけ)。消費税抜き。
325669fa9b950f62,JP,material,生コンクリート・モルタル,生コンクリート,高炉 ３０－１８－２０（２５） Ｃ＝３５０以上 [単位水量175以下W/C55％],m3,bureau_area,27,大阪府,大阪 堺市他,,,33000,JPY,design_unit_price_ex_tax,published_pdl,,,2026-10,2026-10-01,kkr-zairyo-r8-10,13,https://www-2.kkr.mlit.go.jp/plan/jigyousya/technical_information/gijutsukanri/qgl8vl0000004zj9-att/2026_10tanka.pdf,PDL1.0,,近畿地整が独自調査で設定した単価(物価資料に載っていない地区・規格だけ)。消費税抜き。
7382dfec4cd2d4ee,JP,material,生コンクリート・モルタル,生コンクリート,高炉 ３０－１８－２０（２５） Ｃ＝３５０以上 [単位水量175以下W/C55％],m3,bureau_area,27,大阪府,大阪 岸和田市他,,,33000,JPY,design_unit_price_ex_tax,published_pdl,,,2026-10,2026-10-01,kkr-zairyo-r8-10,13,https://www-2.kkr.mlit.go.jp/plan/jigyousya/technical_information/gijutsukanri/qgl8vl0000004zj9-att/2026_10tanka.pdf,PDL1.0,,近畿地整が独自調査で設定した単価(物価資料に載っていない地区・規格だけ)。消費税抜き。
2fefc1a9114bb62a,JP,material,生コンクリート・モルタル,生コンクリート,高炉 ３０－１８－２０（２５） Ｃ＝３５０以上 [単位水量175以下W/C55％],m3,bureau_area,27,大阪府,大阪 池田市他,,,33000,JPY,design_unit_price_ex_tax,published_pdl,,,2026-10,2026-10-01,kkr-zairyo-r8-10,13,https://www-2.kkr.mlit.go.jp/plan/jigyousya/technical_information/gijutsukanri/qgl8vl0000004zj9-att/2026_10tanka.pdf,PDL1.0,,近畿地整が独自調査で設定した単価(物価資料に載っていない地区・規格だけ)。消費税抜き。
e0cfaa97f72fa5ad,JP,material,生コンクリート・モルタル,生コンクリート,高炉 ３０－１８－２０（２５） Ｃ＝３５０以上 [単位水量175以下W/C55％],m3,bureau_area,27,大阪府,大阪 東大阪市他,,,33000,JPY,design_unit_price_ex_tax,published_pdl,,,2026-10,2026-10-01,kkr-zairyo-r8-10,13,https://www-2.kkr.mlit.go.jp/plan/jigyousya/technical_information/gijutsukanri/qgl8vl0000004zj9-att/2026_10tanka.pdf,PDL1.0,,近畿地整が独自調査で設定した単価(物価資料に載っていない地区・規格だけ)。消費税抜き。
5fe38debb416bdb5,JP,material,生コンクリート・モルタル,生コンクリート,高炉 ３０－１８－２０（２５） Ｃ＝３５０以上 [単位水量175以下W/C55％],m3,bureau_area,28,兵庫県,兵庫 淡路市他,,,33000,JPY,design_unit_price_ex_tax,published_pdl,,,2026-10,2026-10-01,kkr-zairyo-r8-10,13,https://www-2.kkr.mlit.go.jp/plan/jigyousya/technical_information/gijutsukanri/qgl8vl0000004zj9-att/2026_10tanka.pdf,PDL1.0,,近畿地整が独自調査で設定した単価(物価資料に載っていない地区・規格だけ)。消費税抜き。
003fb764f63c42d5,JP,material,生コンクリート・モルタル,生コンクリート,３０－１８－２０（２５） Ｃ＝３５０以上 [単位水量175以下W/C55％],m3,bureau_area,27,大阪府,大阪 大阪市,,,33000,JPY,design_unit_price_ex_tax,published_pdl,,,2026-10,2026-10-01,kkr-zairyo-r8-10,13,https://www-2.kkr.mlit.go.jp/plan/jigyousya/technical_information/gijutsukanri/qgl8vl0000004zj9-att/2026_10tanka.pdf,PDL1.0,,近畿地整が独自調査で設定した単価(物価資料に載っていない地区・規格だけ)。消費税抜き。
4a2ff1aeaad82a65,JP,material,生コンクリート・モルタル,生コンクリート,３０－１８－２０（２５） Ｃ＝３５０以上 [単位水量175以下W/C55％],m3,bureau_area,27,大阪府,大阪 堺市他,,,33000,JPY,design_unit_price_ex_tax,published_pdl,,,2026-10,2026-10-01,kkr-zairyo-r8-10,13,https://www-2.kkr.mlit.go.jp/plan/jigyousya/technical_information/gijutsukanri/qgl8vl0000004zj9-att/2026_10tanka.pdf,PDL1.0,,近畿地整が独自調査で設定した単価(物価資料に載っていない地区・規格だけ)。消費税抜き。
9f4060a724eac9a9,JP,material,生コンクリート・モルタル,生コンクリート,３０－１８－２０（２５） Ｃ＝３５０以上 [単位水量175以下W/C55％],m3,bureau_area,27,大阪府,大阪 岸和田市他,,,33000,JPY,design_unit_price_ex_tax,published_pdl,,,2026-10,2026-10-01,kkr-zairyo-r8-10,13,https://www-2.kkr.mlit.go.jp/plan/jigyousya/technical_information/gijutsukanri/qgl8vl0000004zj9-att/2026_10tanka.pdf,PDL1.0,,近畿地整が独自調査で設定した単価(物価資料に載っていない地区・規格だけ)。消費税抜き。
ab8a87b67bc7036e,JP,material,生コンクリート・モルタル,生コンクリート,３０－１８－２０（２５） Ｃ＝３５０以上 [単位水量175以下W/C55％],m3,bureau_area,27,大阪府,大阪 池田市他,,,33000,JPY,design_unit_price_ex_tax,published_pdl,,,2026-10,2026-10-01,kkr-zairyo-r8-10,13,https://www-2.kkr.mlit.go.jp/plan/jigyousya/technical_information/gijutsukanri/qgl8vl0000004zj9-att/2026_10tanka.pdf,PDL1.0,,近畿地整が独自調査で設定した単価(物価資料に載っていない地区・規格だけ)。消費税抜き。
194ad2856a7dfaa6,JP,material,生コンクリート・モルタル,生コンクリート,３０－１８－２０（２５） Ｃ＝３５０以上 [単位水量175以下W/C55％],m3,bureau_area,27,大阪府,大阪 東大阪市他,,,33000,JPY,design_unit_price_ex_tax,published_pdl,,,2026-10,2026-10-01,kkr-zairyo-r8-10,13,https://www-2.kkr.mlit.go.jp/plan/jigyousya/technical_information/gijutsukanri/qgl8vl0000004zj9-att/2026_10tanka.pdf,PDL1.0,,近畿地整が独自調査で設定した単価(物価資料に載っていない地区・規格だけ)。消費税抜き。
af0ac1d9dd799023,JP,material,生コンクリート・モルタル,生コンクリート,３０－１８－２０（２５） Ｃ＝３５０以上 [単位水量175以下W/C55％],m3,bureau_area,28,兵庫県,兵庫 淡路市他,,,33000,JPY,design_unit_price_ex_tax,published_pdl,,,2026-10,2026-10-01,kkr-zairyo-r8-10,13,https://www-2.kkr.mlit.go.jp/plan/jigyousya/technical_information/gijutsukanri/qgl8vl0000004zj9-att/2026_10tanka.pdf,PDL1.0,,近畿地整が独自調査で設定した単価(物価資料に載っていない地区・規格だけ)。消費税抜き。
0b746282d4af50f1,JP,material,生コンクリート・モルタル,生コンクリート,高炉 ３０－１８－２０（２５） Ｃ＝３５０以上 [単位水量175以下W/C55％],m3,bureau_area,28,兵庫県,兵庫 三田市他,,,33000,JPY,design_unit_price_ex_tax,published_pdl,,,2026-10,2026-10-01,kkr-zairyo-r8-10,14,https://www-2.kkr.mlit.go.jp/plan/jigyousya/technical_information/gijutsukanri/qgl8vl0000004zj9-att/2026_10tanka.pdf,PDL1.0,,近畿地整が独自調査で設定した単価(物価資料に載っていない地区・規格だけ)。消費税抜き。
9de5895d773a6bca,JP,material,生コンクリート・モルタル,生コンクリート,高炉 ３０－１８－２０（２５） Ｃ＝３５０以上 [単位水量175以下W/C55％],m3,bureau_area,28,兵庫県,兵庫西部 赤穂市他,,,33000,JPY,design_unit_price_ex_tax,published_pdl,,,2026-10,2026-10-01,kkr-zairyo-r8-10,14,https://www-2.kkr.mlit.go.jp/plan/jigyousya/technical_information/gijutsukanri/qgl8vl0000004zj9-att/2026_10tanka.pdf,PDL1.0,,近畿地整が独自調査で設定した単価(物価資料に載っていない地区・規格だけ)。消費税抜き。
5f980b587f268c14,JP,material,生コンクリート・モルタル,生コンクリート,高炉 ３０－１８－２０（２５） Ｃ＝３５０以上 [単位水量175以下W/C55％],m3,bureau_area,28,兵庫県,兵庫西部 神崎郡他 / 神河町他,,,33000,JPY,design_unit_price_ex_tax,published_pdl,,,2026-10,2026-10-01,kkr-zairyo-r8-10,14,https://www-2.kkr.mlit.go.jp/plan/jigyousya/technical_information/gijutsukanri/qgl8vl0000004zj9-att/2026_10tanka.pdf,PDL1.0,,近畿地整が独自調査で設定した単価(物価資料に載っていない地区・規格だけ)。消費税抜き。
c63c8ab2e54d5218,JP,material,生コンクリート・モルタル,生コンクリート,高炉 ３０－１８－２０（２５） Ｃ＝３５０以上 [単位水量175以下W/C55％],m3,bureau_area,28,兵庫県,兵庫西部 姫路市他 / 旧安富町除,,,33000,JPY,design_unit_price_ex_tax,published_pdl,,,2026-10,2026-10-01,kkr-zairyo-r8-10,14,https://www-2.kkr.mlit.go.jp/plan/jigyousya/technical_information/gijutsukanri/qgl8vl0000004zj9-att/2026_10tanka.pdf,PDL1.0,,近畿地整が独自調査で設定した単価(物価資料に載っていない地区・規格だけ)。消費税抜き。
ba6acd0ddf03946d,JP,material,生コンクリート・モルタル,生コンクリート,高炉 ３０－１８－２０（２５） Ｃ＝３５０以上 [単位水量175以下W/C55％],m3,bureau_area,28,兵庫県,兵庫西部 加西市他,,,33000,JPY,design_unit_price_ex_tax,published_pdl,,,2026-10,2026-10-01,kkr-zairyo-r8-10,14,https://www-2.kkr.mlit.go.jp/plan/jigyousya/technical_information/gijutsukanri/qgl8vl0000004zj9-att/2026_10tanka.pdf,PDL1.0,,近畿地整が独自調査で設定した単価(物価資料に載っていない地区・規格だけ)。消費税抜き。
e5ef59819b4d7f23,JP,material,生コンクリート・モルタル,生コンクリート,高炉 ３０－１８－２０（２５） Ｃ＝３５０以上 [単位水量175以下W/C55％],m3,bureau_area,28,兵庫県,兵庫 明石市他,,,33000,JPY,design_unit_price_ex_tax,published_pdl,,,2026-10,2026-10-01,kkr-zairyo-r8-10,14,https://www-2.kkr.mlit.go.jp/plan/jigyousya/technical_information/gijutsukanri/qgl8vl0000004zj9-att/2026_10tanka.pdf,PDL1.0,,近畿地整が独自調査で設定した単価(物価資料に載っていない地区・規格だけ)。消費税抜き。
1bb0a75730cc2005,JP,material,生コンクリート・モルタル,生コンクリート,高炉 ３０－１８－２０（２５） Ｃ＝３５０以上 [単位水量175以下W/C55％],m3,bureau_area,28,兵庫県,兵庫 神戸市他 / 北区他除,,,33000,JPY,design_unit_price_ex_tax,published_pdl,,,2026-10,2026-10-01,kkr-zairyo-r8-10,14,https://www-2.kkr.mlit.go.jp/plan/jigyousya/technical_information/gijutsukanri/qgl8vl0000004zj9-att/2026_10tanka.pdf,PDL1.0,,近畿地整が独自調査で設定した単価(物価資料に載っていない地区・規格だけ)。消費税抜き。
418e1a780a121367,JP,material,生コンクリート・モルタル,生コンクリート,高炉 ３０－１８－２０（２５） Ｃ＝３５０以上 [単位水量175以下W/C55％],m3,bureau_area,28,兵庫県,兵庫 川西市他,,,33000,JPY,design_unit_price_ex_tax,published_pdl,,,2026-10,2026-10-01,kkr-zairyo-r8-10,14,https://www-2.kkr.mlit.go.jp/plan/jigyousya/technical_information/gijutsukanri/qgl8vl0000004zj9-att/2026_10tanka.pdf,PDL1.0,,近畿地整が独自調査で設定した単価(物価資料に載っていない地区・規格だけ)。消費税抜き。
fb6a53703d72393c,JP,material,生コンクリート・モルタル,生コンクリート,３０－１８－２０（２５） Ｃ＝３５０以上 [単位水量175以下W/C55％],m3,bureau_area,28,兵庫県,兵庫 三田市他,,,33000,JPY,design_unit_price_ex_tax,published_pdl,,,2026-10,2026-10-01,kkr-zairyo-r8-10,14,https://www-2.kkr.mlit.go.jp/plan/jigyousya/technical_information/gijutsukanri/qgl8vl0000004zj9-att/2026_10tanka.pdf,PDL1.0,,近畿地整が独自調査で設定した単価(物価資料に載っていない地区・規格だけ)。消費税抜き。
8148d574f72fd9c4,JP,material,生コンクリート・モルタル,生コンクリート,３０－１８－２０（２５） Ｃ＝３５０以上 [単位水量175以下W/C55％],m3,bureau_area,28,兵庫県,兵庫西部 赤穂市他,,,33000,JPY,design_unit_price_ex_tax,published_pdl,,,2026-10,2026-10-01,kkr-zairyo-r8-10,14,https://www-2.kkr.mlit.go.jp/plan/jigyousya/technical_information/gijutsukanri/qgl8vl0000004zj9-att/2026_10tanka.pdf,PDL1.0,,近畿地整が独自調査で設定した単価(物価資料に載っていない地区・規格だけ)。消費税抜き。
a0495da95173d611,JP,material,生コンクリート・モルタル,生コンクリート,３０－１８－２０（２５） Ｃ＝３５０以上 [単位水量175以下W/C55％],m3,bureau_area,28,兵庫県,兵庫西部 神崎郡他 / 神河町他,,,33000,JPY,design_unit_price_ex_tax,published_pdl,,,2026-10,2026-10-01,kkr-zairyo-r8-10,14,https://www-2.kkr.mlit.go.jp/plan/jigyousya/technical_information/gijutsukanri/qgl8vl0000004zj9-att/2026_10tanka.pdf,PDL1.0,,近畿地整が独自調査で設定した単価(物価資料に載っていない地区・規格だけ)。消費税抜き。
519c169385ecff2e,JP,material,生コンクリート・モルタル,生コンクリート,３０－１８－２０（２５） Ｃ＝３５０以上 [単位水量175以下W/C55％],m3,bureau_area,28,兵庫県,兵庫西部 姫路市他 / 旧安富町除,,,33000,JPY,design_unit_price_ex_tax,published_pdl,,,2026-10,2026-10-01,kkr-zairyo-r8-10,14,https://www-2.kkr.mlit.go.jp/plan/jigyousya/technical_information/gijutsukanri/qgl8vl0000004zj9-att/2026_10tanka.pdf,PDL1.0,,近畿地整が独自調査で設定した単価(物価資料に載っていない地区・規格だけ)。消費税抜き。
a6eac6e9da66bad8,JP,material,生コンクリート・モルタル,生コンクリート,３０－１８－２０（２５） Ｃ＝３５０以上 [単位水量175以下W/C55％],m3,bureau_area,28,兵庫県,兵庫西部 加西市他,,,33000,JPY,design_unit_price_ex_tax,published_pdl,,,2026-10,2026-10-01,kkr-zairyo-r8-10,14,https://www-2.kkr.mlit.go.jp/plan/jigyousya/technical_information/gijutsukanri/qgl8vl0000004zj9-att/2026_10tanka.pdf,PDL1.0,,近畿地整が独自調査で設定した単価(物価資料に載っていない地区・規格だけ)。消費税抜き。
0370b4f32e202d6a,JP,material,生コンクリート・モルタル,生コンクリート,３０－１８－２０（２５） Ｃ＝３５０以上 [単位水量175以下W/C55％],m3,bureau_area,28,兵庫県,兵庫 明石市他,,,33000,JPY,design_unit_price_ex_tax,published_pdl,,,2026-10,2026-10-01,kkr-zairyo-r8-10,14,https://www-2.kkr.mlit.go.jp/plan/jigyousya/technical_information/gijutsukanri/qgl8vl0000004zj9-att/2026_10tanka.pdf,PDL1.0,,近畿地整が独自調査で設定した単価(物価資料に載っていない地区・規格だけ)。消費税抜き。
e5b378a6eeff51c5,JP,material,生コンクリート・モルタル,生コンクリート,３０－１８－２０（２５） Ｃ＝３５０以上 [単位水量175以下W/C55％],m3,bureau_area,28,兵庫県,兵庫 神戸市他 / 北区他除,,,33000,JPY,design_unit_price_ex_tax,published_pdl,,,2026-10,2026-10-01,kkr-zairyo-r8-10,14,https://www-2.kkr.mlit.go.jp/plan/jigyousya/technical_information/gijutsukanri/qgl8vl0000004zj9-att/2026_10tanka.pdf,PDL1.0,,近畿地整が独自調査で設定した単価(物価資料に載っていない地区・規格だけ)。消費税抜き。
dd30870363c6142f,JP,material,生コンクリート・モルタル,生コンクリート,３０－１８－２０（２５） Ｃ＝３５０以上 [単位水量175以下W/C55％],m3,bureau_area,28,兵庫県,兵庫 川西市他,,,33000,JPY,design_unit_price_ex_tax,published_pdl,,,2026-10,2026-10-01,kkr-zairyo-r8-10,14,https://www-2.kkr.mlit.go.jp/plan/jigyousya/technical_information/gijutsukanri/qgl8vl0000004zj9-att/2026_10tanka.pdf,PDL1.0,,近畿地整が独自調査で設定した単価(物価資料に載っていない地区・規格だけ)。消費税抜き。
64f6c5bd0dcee979,JP,material,生コンクリート・モルタル,生コンクリート,高炉 ３０－１８－２０（２５） Ｃ＝３５０以上 [単位水量175以下W/C55％],m3,bureau_area,28,兵庫県,兵庫 芦屋市他,,,33000,JPY,design_unit_price_ex_tax,published_pdl,,,2026-10,2026-10-01,kkr-zairyo-r8-10,15,https://www-2.kkr.mlit.go.jp/plan/jigyousya/technical_information/gijutsukanri/qgl8vl0000004zj9-att/2026_10tanka.pdf,PDL1.0,,近畿地整が独自調査で設定した単価(物価資料に載っていない地区・規格だけ)。消費税抜き。
1ff8e2576f3339a8,JP,material,生コンクリート・モルタル,生コンクリート,高炉 ３０－１８－２０（２５） Ｃ＝３５０以上 [単位水量175以下W/C55％],m3,bureau_area,29,奈良県,奈良 生駒市他,61,生駒市、奈良市（旧月ヶ瀬村、旧都祁村除く）、大和郡山市、天理市、香芝市、桜井市、大和高田市、橿原市、御所市、葛城市、高市郡（高取町、明日香村）、磯城郡（川西町、田原本町、三宅町）、生駒郡（安堵町、斑鳩町、三郷町、平群町）、北葛城郡（王寺町、河合町、上牧町、広陵町）、吉野郡（大淀町、吉野町、下市町）,30800,JPY,design_unit_price_ex_tax,published_pdl,,,2026-10,2026-10-01,kkr-zairyo-r8-10,15,https://www-2.kkr.mlit.go.jp/plan/jigyousya/technical_information/gijutsukanri/qgl8vl0000004zj9-att/2026_10tanka.pdf,PDL1.0,,近畿地整が独自調査で設定した単価(物価資料に載っていない地区・規格だけ)。消費税抜き。
b6d7e5e864cdc752,JP,material,生コンクリート・モルタル,生コンクリート,高炉 ３０－１８－２０（２５） Ｃ＝３５０以上 [単位水量175以下W/C55％],m3,bureau_area,29,奈良県,奈良 奈良市他 / 旧都祁村他,62,奈良市（旧月ヶ瀬村、旧都祁村）、山辺郡山添村、宇陀市、吉野郡（東吉野村）,30800,JPY,design_unit_price_ex_tax,published_pdl,,,2026-10,2026-10-01,kkr-zairyo-r8-10,15,https://www-2.kkr.mlit.go.jp/plan/jigyousya/technical_information/gijutsukanri/qgl8vl0000004zj9-att/2026_10tanka.pdf,PDL1.0,,近畿地整が独自調査で設定した単価(物価資料に載っていない地区・規格だけ)。消費税抜き。
28c3a07e2b4e4c71,JP,material,生コンクリート・モルタル,生コンクリート,高炉 ３０－１８－２０（２５） Ｃ＝３５０以上 [単位水量175以下W/C55％],m3,bureau_area,29,奈良県,奈良 宇陀郡,63,宇陀郡（曽爾村、御杖村）,32800,JPY,design_unit_price_ex_tax,published_pdl,,,2026-10,2026-10-01,kkr-zairyo-r8-10,15,https://www-2.kkr.mlit.go.jp/plan/jigyousya/technical_information/gijutsukanri/qgl8vl0000004zj9-att/2026_10tanka.pdf,PDL1.0,,近畿地整が独自調査で設定した単価(物価資料に載っていない地区・規格だけ)。消費税抜き。
cb0714c326ae06f9,JP,material,生コンクリート・モルタル,生コンクリート,高炉 ３０－１８－２０（２５） Ｃ＝３５０以上 [単位水量175以下W/C55％],m3,bureau_area,29,奈良県,奈良 吉野郡 / 川上村,65,吉野郡（川上村）,32800,JPY,design_unit_price_ex_tax,published_pdl,,,2026-10,2026-10-01,kkr-zairyo-r8-10,15,https://www-2.kkr.mlit.go.jp/plan/jigyousya/technical_information/gijutsukanri/qgl8vl0000004zj9-att/2026_10tanka.pdf,PDL1.0,,近畿地整が独自調査で設定した単価(物価資料に載っていない地区・規格だけ)。消費税抜き。
97eed2700a16c249,JP,material,生コンクリート・モルタル,生コンクリート,高炉 ３０－１８－２０（２５） Ｃ＝３５０以上 [単位水量175以下W/C55％],m3,bureau_area,29,奈良県,奈良 竹筒,68,［特定地］竹筒地区（吉野郡十津川村）,47900,JPY,design_unit_price_ex_tax,published_pdl,,,2026-10,2026-10-01,kkr-zairyo-r8-10,15,https://www-2.kkr.mlit.go.jp/plan/jigyousya/technical_information/gijutsukanri/qgl8vl0000004zj9-att/2026_10tanka.pdf,PDL1.0,,近畿地整が独自調査で設定した単価(物価資料に載っていない地区・規格だけ)。消費税抜き。
5f03d105b754f986,JP,material,生コンクリート・モルタル,生コンクリート,３０－１８－２０（２５） Ｃ＝３５０以上 [単位水量175以下W/C55％],m3,bureau_area,28,兵庫県,兵庫 芦屋市他,,,33000,JPY,design_unit_price_ex_tax,published_pdl,,,2026-10,2026-10-01,kkr-zairyo-r8-10,15,https://www-2.kkr.mlit.go.jp/plan/jigyousya/technical_information/gijutsukanri/qgl8vl0000004zj9-att/2026_10tanka.pdf,PDL1.0,,近畿地整が独自調査で設定した単価(物価資料に載っていない地区・規格だけ)。消費税抜き。
bb5d422eb44cb7e7,JP,material,生コンクリート・モルタル,生コンクリート,３０－１８－２０（２５） Ｃ＝３５０以上 [単位水量175以下W/C55％],m3,bureau_area,29,奈良県,奈良 生駒市他,61,生駒市、奈良市（旧月ヶ瀬村、旧都祁村除く）、大和郡山市、天理市、香芝市、桜井市、大和高田市、橿原市、御所市、葛城市、高市郡（高取町、明日香村）、磯城郡（川西町、田原本町、三宅町）、生駒郡（安堵町、斑鳩町、三郷町、平群町）、北葛城郡（王寺町、河合町、上牧町、広陵町）、吉野郡（大淀町、吉野町、下市町）,30800,JPY,design_unit_price_ex_tax,published_pdl,,,2026-10,2026-10-01,kkr-zairyo-r8-10,15,https://www-2.kkr.mlit.go.jp/plan/jigyousya/technical_information/gijutsukanri/qgl8vl0000004zj9-att/2026_10tanka.pdf,PDL1.0,,近畿地整が独自調査で設定した単価(物価資料に載っていない地区・規格だけ)。消費税抜き。
22d664a1135c9f18,JP,material,生コンクリート・モルタル,生コンクリート,３０－１８－２０（２５） Ｃ＝３５０以上 [単位水量175以下W/C55％],m3,bureau_area,29,奈良県,奈良 奈良市他 / 旧都祁村他,62,奈良市（旧月ヶ瀬村、旧都祁村）、山辺郡山添村、宇陀市、吉野郡（東吉野村）,30800,JPY,design_unit_price_ex_tax,published_pdl,,,2026-10,2026-10-01,kkr-zairyo-r8-10,15,https://www-2.kkr.mlit.go.jp/plan/jigyousya/technical_information/gijutsukanri/qgl8vl0000004zj9-att/2026_10tanka.pdf,PDL1.0,,近畿地整が独自調査で設定した単価(物価資料に載っていない地区・規格だけ)。消費税抜き。
61327eaf043214af,JP,material,生コンクリート・モルタル,生コンクリート,３０－１８－２０（２５） Ｃ＝３５０以上 [単位水量175以下W/C55％],m3,bureau_area,29,奈良県,奈良 宇陀郡,63,宇陀郡（曽爾村、御杖村）,32800,JPY,design_unit_price_ex_tax,published_pdl,,,2026-10,2026-10-01,kkr-zairyo-r8-10,15,https://www-2.kkr.mlit.go.jp/plan/jigyousya/technical_information/gijutsukanri/qgl8vl0000004zj9-att/2026_10tanka.pdf,PDL1.0,,近畿地整が独自調査で設定した単価(物価資料に載っていない地区・規格だけ)。消費税抜き。
666643e77d01017b,JP,material,生コンクリート・モルタル,生コンクリート,３０－１８－２０（２５） Ｃ＝３５０以上 [単位水量175以下W/C55％],m3,bureau_area,29,奈良県,奈良 五條市他 / 旧大塔村他,64,五條市（旧西吉野村、旧大塔村）、吉野郡（黒滝村、天川村、野迫川村）,32800,JPY,design_unit_price_ex_tax,published_pdl,,,2026-10,2026-10-01,kkr-zairyo-r8-10,15,https://www-2.kkr.mlit.go.jp/plan/jigyousya/technical_information/gijutsukanri/qgl8vl0000004zj9-att/2026_10tanka.pdf,PDL1.0,,近畿地整が独自調査で設定した単価(物価資料に載っていない地区・規格だけ)。消費税抜き。
3ed135ab9fa5c1bc,JP,material,生コンクリート・モルタル,生コンクリート,３０－１８－２０（２５） Ｃ＝３５０以上 [単位水量175以下W/C55％],m3,bureau_area,29,奈良県,奈良 吉野郡 / 川上村,65,吉野郡（川上村）,32800,JPY,design_unit_price_ex_tax,published_pdl,,,2026-10,2026-10-01,kkr-zairyo-r8-10,15,https://www-2.kkr.mlit.go.jp/plan/jigyousya/technical_information/gijutsukanri/qgl8vl0000004zj9-att/2026_10tanka.pdf,PDL1.0,,近畿地整が独自調査で設定した単価(物価資料に載っていない地区・規格だけ)。消費税抜き。
db9ab2eeda5b9900,JP,material,生コンクリート・モルタル,生コンクリート,３０－１８－２０（２５） Ｃ＝３５０以上 [単位水量175以下W/C55％],m3,bureau_area,29,奈良県,奈良 竹筒,68,［特定地］竹筒地区（吉野郡十津川村）,47900,JPY,design_unit_price_ex_tax,published_pdl,,,2026-10,2026-10-01,kkr-zairyo-r8-10,15,https://www-2.kkr.mlit.go.jp/plan/jigyousya/technical_information/gijutsukanri/qgl8vl0000004zj9-att/2026_10tanka.pdf,PDL1.0,,近畿地整が独自調査で設定した単価(物価資料に載っていない地区・規格だけ)。消費税抜き。
d9093f695213b741,JP,material,生コンクリート・モルタル,生コンクリート,１８－８－２５（２０） [単位水量175以下W/C60以下],m3,bureau_area,29,奈良県,奈良 竹筒,68,［特定地］竹筒地区（吉野郡十津川村）,35900,JPY,design_unit_price_ex_tax,published_pdl,,,2026-10,2026-10-01,kkr-zairyo-r8-10,15,https://www-2.kkr.mlit.go.jp/plan/jigyousya/technical_information/gijutsukanri/qgl8vl0000004zj9-att/2026_10tanka.pdf,PDL1.0,205fb4e2a22c,近畿地整が独自調査で設定した単価(物価資料に載っていない地区・規格だけ)。消費税抜き。
85274ccba3cc1a47,JP,material,生コンクリート・モルタル,生コンクリート,１８－１２－２５（２０） [単位水量175以下W/C60以下],m3,bureau_area,29,奈良県,奈良 竹筒,68,［特定地］竹筒地区（吉野郡十津川村）,35900,JPY,design_unit_price_ex_tax,published_pdl,,,2026-10,2026-10-01,kkr-zairyo-r8-10,15,https://www-2.kkr.mlit.go.jp/plan/jigyousya/technical_information/gijutsukanri/qgl8vl0000004zj9-att/2026_10tanka.pdf,PDL1.0,c7752fd452cb,近畿地整が独自調査で設定した単価(物価資料に載っていない地区・規格だけ)。消費税抜き。
f9bc274ff810bbb6,JP,material,生コンクリート・モルタル,生コンクリート,１８－１５－２５（２０） [単位水量175以下W/C60以下],m3,bureau_area,29,奈良県,奈良 竹筒,68,［特定地］竹筒地区（吉野郡十津川村）,35900,JPY,design_unit_price_ex_tax,published_pdl,,,2026-10,2026-10-01,kkr-zairyo-r8-10,15,https://www-2.kkr.mlit.go.jp/plan/jigyousya/technical_information/gijutsukanri/qgl8vl0000004zj9-att/2026_10tanka.pdf,PDL1.0,0f948effd799,近畿地整が独自調査で設定した単価(物価資料に載っていない地区・規格だけ)。消費税抜き。
13ced1387befc6aa,JP,material,生コンクリート・モルタル,生コンクリート,１８－１８－２５（２０） [単位水量175以下W/C60以下],m3,bureau_area,29,奈良県,奈良 竹筒,68,［特定地］竹筒地区（吉野郡十津川村）,35900,JPY,design_unit_price_ex_tax,published_pdl,,,2026-10,2026-10-01,kkr-zairyo-r8-10,15,https://www-2.kkr.mlit.go.jp/plan/jigyousya/technical_information/gijutsukanri/qgl8vl0000004zj9-att/2026_10tanka.pdf,PDL1.0,739a5c3bcc24,近畿地整が独自調査で設定した単価(物価資料に載っていない地区・規格だけ)。消費税抜き。
a2bc5b033bde7ef6,JP,material,生コンクリート・モルタル,生コンクリート,２１－８－２５（２０） [単位水量175以下W/C60以下],m3,bureau_area,29,奈良県,奈良 竹筒,68,［特定地］竹筒地区（吉野郡十津川村）,36900,JPY,design_unit_price_ex_tax,published_pdl,,,2026-10,2026-10-01,kkr-zairyo-r8-10,15,https://www-2.kkr.mlit.go.jp/plan/jigyousya/technical_information/gijutsukanri/qgl8vl0000004zj9-att/2026_10tanka.pdf,PDL1.0,482f8152d5c5,近畿地整が独自調査で設定した単価(物価資料に載っていない地区・規格だけ)。消費税抜き。
053e185a18a5149d,JP,material,生コンクリート・モルタル,生コンクリート,２１－１５－２５（２０） [単位水量175以下W/C60以下],m3,bureau_area,29,奈良県,奈良 竹筒,68,［特定地］竹筒地区（吉野郡十津川村）,36900,JPY,design_unit_price_ex_tax,published_pdl,,,2026-10,2026-10-01,kkr-zairyo-r8-10,15,https://www-2.kkr.mlit.go.jp/plan/jigyousya/technical_information/gijutsukanri/qgl8vl0000004zj9-att/2026_10tanka.pdf,PDL1.0,4b73c3134218,近畿地整が独自調査で設定した単価(物価資料に載っていない地区・規格だけ)。消費税抜き。
31b41c3164e4195b,JP,material,生コンクリート・モルタル,生コンクリート,２１－１８－２５（２０） [単位水量175以下W/C60以下],m3,bureau_area,29,奈良県,奈良 竹筒,68,［特定地］竹筒地区（吉野郡十津川村）,36900,JPY,design_unit_price_ex_tax,published_pdl,,,2026-10,2026-10-01,kkr-zairyo-r8-10,15,https://www-2.kkr.mlit.go.jp/plan/jigyousya/technical_information/gijutsukanri/qgl8vl0000004zj9-att/2026_10tanka.pdf,PDL1.0,53196cad57e3,近畿地整が独自調査で設定した単価(物価資料に載っていない地区・規格だけ)。消費税抜き。
dff4b8350a4b653c,JP,material,生コンクリート・モルタル,生コンクリート,２４－８－２５（２０） [単位水量175以下W/C55以下],m3,bureau_area,29,奈良県,奈良 竹筒,68,［特定地］竹筒地区（吉野郡十津川村）,37900,JPY,design_unit_price_ex_tax,published_pdl,,,2026-10,2026-10-01,kkr-zairyo-r8-10,15,https://www-2.kkr.mlit.go.jp/plan/jigyousya/technical_information/gijutsukanri/qgl8vl0000004zj9-att/2026_10tanka.pdf,PDL1.0,c7034bd79cbd,近畿地整が独自調査で設定した単価(物価資料に載っていない地区・規格だけ)。消費税抜き。
0fa983ad95205611,JP,material,生コンクリート・モルタル,生コンクリート,２４－１２－２５（２０） [単位水量175以下W/C55以下],m3,bureau_area,29,奈良県,奈良 竹筒,68,［特定地］竹筒地区（吉野郡十津川村）,37900,JPY,design_unit_price_ex_tax,published_pdl,,,2026-10,2026-10-01,kkr-zairyo-r8-10,15,https://www-2.kkr.mlit.go.jp/plan/jigyousya/technical_information/gijutsukanri/qgl8vl0000004zj9-att/2026_10tanka.pdf,PDL1.0,2e29a57cb46e,近畿地整が独自調査で設定した単価(物価資料に載っていない地区・規格だけ)。消費税抜き。
46641cadb1f4156b,JP,material,生コンクリート・モルタル,生コンクリート,２７－８－２５（２０） [単位水量175以下W/C55以下],m3,bureau_area,29,奈良県,奈良 竹筒,68,［特定地］竹筒地区（吉野郡十津川村）,38900,JPY,design_unit_price_ex_tax,published_pdl,,,2026-10,2026-10-01,kkr-zairyo-r8-10,15,https://www-2.kkr.mlit.go.jp/plan/jigyousya/technical_information/gijutsukanri/qgl8vl0000004zj9-att/2026_10tanka.pdf,PDL1.0,657cfbeea5e6,近畿地整が独自調査で設定した単価(物価資料に載っていない地区・規格だけ)。消費税抜き。
f0cc354032c36e54,JP,material,生コンクリート・モルタル,生コンクリート,２７－１２－２５（２０） [単位水量175以下W/C55以下],m3,bureau_area,29,奈良県,奈良 竹筒,68,［特定地］竹筒地区（吉野郡十津川村）,38900,JPY,design_unit_price_ex_tax,published_pdl,,,2026-10,2026-10-01,kkr-zairyo-r8-10,15,https://www-2.kkr.mlit.go.jp/plan/jigyousya/technical_information/gijutsukanri/qgl8vl0000004zj9-att/2026_10tanka.pdf,PDL1.0,,近畿地整が独自調査で設定した単価(物価資料に載っていない地区・規格だけ)。消費税抜き。
06f776a1c20b0c9b,JP,material,生コンクリート・モルタル,生コンクリート,３０－８－２５（２０） [単位水量175以下W/C55以下],m3,bureau_area,29,奈良県,奈良 竹筒,68,［特定地］竹筒地区（吉野郡十津川村）,39900,JPY,design_unit_price_ex_tax,published_pdl,,,2026-10,2026-10-01,kkr-zairyo-r8-10,15,https://www-2.kkr.mlit.go.jp/plan/jigyousya/technical_information/gijutsukanri/qgl8vl0000004zj9-att/2026_10tanka.pdf,PDL1.0,584e4bdc5be9,近畿地整が独自調査で設定した単価(物価資料に載っていない地区・規格だけ)。消費税抜き。
a22ace34c4474a49,JP,material,生コンクリート・モルタル,生コンクリート,３０－１２－２５（２０） [単位水量175以下W/C55以下],m3,bureau_area,29,奈良県,奈良 竹筒,68,［特定地］竹筒地区（吉野郡十津川村）,39900,JPY,design_unit_price_ex_tax,published_pdl,,,2026-10,2026-10-01,kkr-zairyo-r8-10,15,https://www-2.kkr.mlit.go.jp/plan/jigyousya/technical_information/gijutsukanri/qgl8vl0000004zj9-att/2026_10tanka.pdf,PDL1.0,,近畿地整が独自調査で設定した単価(物価資料に載っていない地区・規格だけ)。消費税抜き。
b5c5ecba86203a98,JP,material,生コンクリート・モルタル,生コンクリート,３６－８－２５（２０） [単位水量175以下W/C55以下],m3,bureau_area,29,奈良県,奈良 竹筒,68,［特定地］竹筒地区（吉野郡十津川村）,47900,JPY,design_unit_price_ex_tax,published_pdl,,,2026-10,2026-10-01,kkr-zairyo-r8-10,15,https://www-2.kkr.mlit.go.jp/plan/jigyousya/technical_information/gijutsukanri/qgl8vl0000004zj9-att/2026_10tanka.pdf,PDL1.0,193e785636bd,近畿地整が独自調査で設定した単価(物価資料に載っていない地区・規格だけ)。消費税抜き。
103a99b1fd58b02d,JP,material,生コンクリート・モルタル,生コンクリート,４０－８－２５（２０） [単位水量175以下W/C55以下],m3,bureau_area,29,奈良県,奈良 竹筒,68,［特定地］竹筒地区（吉野郡十津川村）,48900,JPY,design_unit_price_ex_tax,published_pdl,,,2026-10,2026-10-01,kkr-zairyo-r8-10,15,https://www-2.kkr.mlit.go.jp/plan/jigyousya/technical_information/gijutsukanri/qgl8vl0000004zj9-att/2026_10tanka.pdf,PDL1.0,112927640be2,近畿地整が独自調査で設定した単価(物価資料に載っていない地区・規格だけ)。消費税抜き。
b6efa7feafe0fb0b,JP,material,生コンクリート・モルタル,生コンクリート,１８－５－４０ [単位水量165以下W/C60以下],m3,bureau_area,29,奈良県,奈良 竹筒,68,［特定地］竹筒地区（吉野郡十津川村）,35900,JPY,design_unit_price_ex_tax,published_pdl,,,2026-10,2026-10-01,kkr-zairyo-r8-10,15,https://www-2.kkr.mlit.go.jp/plan/jigyousya/technical_information/gijutsukanri/qgl8vl0000004zj9-att/2026_10tanka.pdf,PDL1.0,f12f38c0ab30,近畿地整が独自調査で設定した単価(物価資料に載っていない地区・規格だけ)。消費税抜き。
84d28d50d9413b92,JP,material,生コンクリート・モルタル,生コンクリート,１８－８－４０ [単位水量165以下W/C60以下],m3,bureau_area,29,奈良県,奈良 竹筒,68,［特定地］竹筒地区（吉野郡十津川村）,35900,JPY,design_unit_price_ex_tax,published_pdl,,,2026-10,2026-10-01,kkr-zairyo-r8-10,15,https://www-2.kkr.mlit.go.jp/plan/jigyousya/technical_information/gijutsukanri/qgl8vl0000004zj9-att/2026_10tanka.pdf,PDL1.0,a127d57ee7b5,近畿地整が独自調査で設定した単価(物価資料に載っていない地区・規格だけ)。消費税抜き。
da314d3f48d2a4d5,JP,material,生コンクリート・モルタル,生コンクリート,１８－８－４０ Ｃ＝２３０以上 [単位水量165以下W/C60以下],m3,bureau_area,29,奈良県,奈良 竹筒,68,［特定地］竹筒地区（吉野郡十津川村）,35900,JPY,design_unit_price_ex_tax,published_pdl,,,2026-10,2026-10-01,kkr-zairyo-r8-10,15,https://www-2.kkr.mlit.go.jp/plan/jigyousya/technical_information/gijutsukanri/qgl8vl0000004zj9-att/2026_10tanka.pdf,PDL1.0,,近畿地整が独自調査で設定した単価(物価資料に載っていない地区・規格だけ)。消費税抜き。
43a4922cef0a8c6c,JP,material,生コンクリート・モルタル,生コンクリート,１８－１２－４０ [単位水量165以下W/C60以下],m3,bureau_area,29,奈良県,奈良 竹筒,68,［特定地］竹筒地区（吉野郡十津川村）,35900,JPY,design_unit_price_ex_tax,published_pdl,,,2026-10,2026-10-01,kkr-zairyo-r8-10,15,https://www-2.kkr.mlit.go.jp/plan/jigyousya/technical_information/gijutsukanri/qgl8vl0000004zj9-att/2026_10tanka.pdf,PDL1.0,a0a2b7e37a63,近畿地整が独自調査で設定した単価(物価資料に載っていない地区・規格だけ)。消費税抜き。
2ecb252d1c871229,JP,material,生コンクリート・モルタル,生コンクリート,１８－１２－４０ Ｃ＝２７０ [単位水量165以下W/C60以下],m3,bureau_area,29,奈良県,奈良 竹筒,68,［特定地］竹筒地区（吉野郡十津川村）,37900,JPY,design_unit_price_ex_tax,published_pdl,,,2026-10,2026-10-01,kkr-zairyo-r8-10,15,https://www-2.kkr.mlit.go.jp/plan/jigyousya/technical_information/gijutsukanri/qgl8vl0000004zj9-att/2026_10tanka.pdf,PDL1.0,,近畿地整が独自調査で設定した単価(物価資料に載っていない地区・規格だけ)。消費税抜き。
b6d8bb19b8003372,JP,material,生コンクリート・モルタル,生コンクリート,２１－５－４０ [単位水量165以下W/C60以下],m3,bureau_area,29,奈良県,奈良 竹筒,68,［特定地］竹筒地区（吉野郡十津川村）,36900,JPY,design_unit_price_ex_tax,published_pdl,,,2026-10,2026-10-01,kkr-zairyo-r8-10,15,https://www-2.kkr.mlit.go.jp/plan/jigyousya/technical_information/gijutsukanri/qgl8vl0000004zj9-att/2026_10tanka.pdf,PDL1.0,d935f5461a1f,近畿地整が独自調査で設定した単価(物価資料に載っていない地区・規格だけ)。消費税抜き。
d429027b5706810d,JP,material,生コンクリート・モルタル,生コンクリート,２１－８－４０ [単位水量165以下W/C60以下],m3,bureau_area,29,奈良県,奈良 竹筒,68,［特定地］竹筒地区（吉野郡十津川村）,36900,JPY,design_unit_price_ex_tax,published_pdl,,,2026-10,2026-10-01,kkr-zairyo-r8-10,15,https://www-2.kkr.mlit.go.jp/plan/jigyousya/technical_information/gijutsukanri/qgl8vl0000004zj9-att/2026_10tanka.pdf,PDL1.0,4437d43ce7c4,近畿地整が独自調査で設定した単価(物価資料に載っていない地区・規格だけ)。消費税抜き。
5c1b5f4813ff6a54,JP,material,生コンクリート・モルタル,生コンクリート,２１－１２－４０ [単位水量165以下W/C60以下],m3,bureau_area,29,奈良県,奈良 竹筒,68,［特定地］竹筒地区（吉野郡十津川村）,36900,JPY,design_unit_price_ex_tax,published_pdl,,,2026-10,2026-10-01,kkr-zairyo-r8-10,15,https://www-2.kkr.mlit.go.jp/plan/jigyousya/technical_information/gijutsukanri/qgl8vl0000004zj9-att/2026_10tanka.pdf,PDL1.0,8665bf049656,近畿地整が独自調査で設定した単価(物価資料に載っていない地区・規格だけ)。消費税抜き。
3ee286e93387b847,JP,material,生コンクリート・モルタル,生コンクリート,高炉 ３０－１８－２０（２５） Ｃ＝３５０以上 [単位水量175以下W/C55％],m3,bureau_area,29,奈良県,奈良 五條市 / 旧五條市,69,五條市（旧西吉野村、旧大塔村除く）,30800,JPY,design_unit_price_ex_tax,published_pdl,,,2026-10,2026-10-01,kkr-zairyo-r8-10,16,https://www-2.kkr.mlit.go.jp/plan/jigyousya/technical_information/gijutsukanri/qgl8vl0000004zj9-att/2026_10tanka.pdf,PDL1.0,,近畿地整が独自調査で設定した単価(物価資料に載っていない地区・規格だけ)。消費税抜き。
db36a5387a759b6c,JP,material,生コンクリート・モルタル,生コンクリート,高炉 ３０－１８－２０（２５） Ｃ＝３５０以上 [単位水量175以下W/C55％],m3,bureau_area,30,和歌山県,和歌山 紀の川市他,,,33500,JPY,design_unit_price_ex_tax,published_pdl,,,2026-10,2026-10-01,kkr-zairyo-r8-10,16,https://www-2.kkr.mlit.go.jp/plan/jigyousya/technical_information/gijutsukanri/qgl8vl0000004zj9-att/2026_10tanka.pdf,PDL1.0,,近畿地整が独自調査で設定した単価(物価資料に載っていない地区・規格だけ)。消費税抜き。
6ca6d52fea7a24ae,JP,material,生コンクリート・モルタル,生コンクリート,３０－１８－２０（２５） Ｃ＝３５０以上 [単位水量175以下W/C55％],m3,bureau_area,29,奈良県,奈良 五條市 / 旧五條市,69,五條市（旧西吉野村、旧大塔村除く）,30800,JPY,design_unit_price_ex_tax,published_pdl,,,2026-10,2026-10-01,kkr-zairyo-r8-10,16,https://www-2.kkr.mlit.go.jp/plan/jigyousya/technical_information/gijutsukanri/qgl8vl0000004zj9-att/2026_10tanka.pdf,PDL1.0,,近畿地整が独自調査で設定した単価(物価資料に載っていない地区・規格だけ)。消費税抜き。
bd8677f3bf12d86c,JP,material,生コンクリート・モルタル,生コンクリート,３０－１８－２０（２５） Ｃ＝３５０以上 [単位水量175以下W/C55％],m3,bureau_area,30,和歌山県,和歌山 紀の川市他,,,33500,JPY,design_unit_price_ex_tax,published_pdl,,,2026-10,2026-10-01,kkr-zairyo-r8-10,16,https://www-2.kkr.mlit.go.jp/plan/jigyousya/technical_information/gijutsukanri/qgl8vl0000004zj9-att/2026_10tanka.pdf,PDL1.0,,近畿地整が独自調査で設定した単価(物価資料に載っていない地区・規格だけ)。消費税抜き。
d8df80449653035a,JP,material,生コンクリート・モルタル,生コンクリート,高炉 ３０－１８－２０（２５） Ｃ＝３５０以上 [単位水量175以下W/C55％],m3,bureau_area,30,和歌山県,和歌山 西牟婁郡他 / すさみ町,,,30000,JPY,design_unit_price_ex_tax,published_pdl,,,2026-10,2026-10-01,kkr-zairyo-r8-10,17,https://www-2.kkr.mlit.go.jp/plan/jigyousya/technical_information/gijutsukanri/qgl8vl0000004zj9-att/2026_10tanka.pdf,PDL1.0,,近畿地整が独自調査で設定した単価(物価資料に載っていない地区・規格だけ)。消費税抜き。
9aa7d981434e1599,JP,material,生コンクリート・モルタル,生コンクリート,高炉 ３０－１８－２０（２５） Ｃ＝３５０以上 [単位水量175以下W/C55％],m3,bureau_area,30,和歌山県,和歌山 東牟婁郡 / 串本町他,,,30000,JPY,design_unit_price_ex_tax,published_pdl,,,2026-10,2026-10-01,kkr-zairyo-r8-10,17,https://www-2.kkr.mlit.go.jp/plan/jigyousya/technical_information/gijutsukanri/qgl8vl0000004zj9-att/2026_10tanka.pdf,PDL1.0,,近畿地整が独自調査で設定した単価(物価資料に載っていない地区・規格だけ)。消費税抜き。
9d3f01d799d2c595,JP,material,生コンクリート・モルタル,生コンクリート,高炉 ３０－１８－２０（２５） Ｃ＝３５０以上 [単位水量175以下W/C55％],m3,bureau_area,30,和歌山県,和歌山 新宮市他,,,47900,JPY,design_unit_price_ex_tax,published_pdl,,,2026-10,2026-10-01,kkr-zairyo-r8-10,17,https://www-2.kkr.mlit.go.jp/plan/jigyousya/technical_information/gijutsukanri/qgl8vl0000004zj9-att/2026_10tanka.pdf,PDL1.0,,近畿地整が独自調査で設定した単価(物価資料に載っていない地区・規格だけ)。消費税抜き。
3b4a2e3a14d70e7a,JP,material,生コンクリート・モルタル,生コンクリート,高炉 ３０－１８－２０（２５） Ｃ＝３５０以上 [単位水量175以下W/C55％],m3,bureau_area,30,和歌山県,和歌山 東牟婁郡 / 北山村,,,47900,JPY,design_unit_price_ex_tax,published_pdl,,,2026-10,2026-10-01,kkr-zairyo-r8-10,17,https://www-2.kkr.mlit.go.jp/plan/jigyousya/technical_information/gijutsukanri/qgl8vl0000004zj9-att/2026_10tanka.pdf,PDL1.0,,近畿地整が独自調査で設定した単価(物価資料に載っていない地区・規格だけ)。消費税抜き。
5b8c18700c434a72,JP,material,生コンクリート・モルタル,生コンクリート,高炉 ３０－１８－２０（２５） Ｃ＝３５０以上 [単位水量175以下W/C55％],m3,bureau_area,30,和歌山県,和歌山 玉置口,,,47900,JPY,design_unit_price_ex_tax,published_pdl,,,2026-10,2026-10-01,kkr-zairyo-r8-10,17,https://www-2.kkr.mlit.go.jp/plan/jigyousya/technical_information/gijutsukanri/qgl8vl0000004zj9-att/2026_10tanka.pdf,PDL1.0,,近畿地整が独自調査で設定した単価(物価資料に載っていない地区・規格だけ)。消費税抜き。
f1ac7faa90622f61,JP,material,生コンクリート・モルタル,生コンクリート,高炉 ３０－１８－２０（２５） Ｃ＝３５０以上 [単位水量175以下W/C55％],m3,bureau_area,24,三重県,三重 太郎生,,,36000,JPY,design_unit_price_ex_tax,published_pdl,,,2026-10,2026-10-01,kkr-zairyo-r8-10,17,https://www-2.kkr.mlit.go.jp/plan/jigyousya/technical_information/gijutsukanri/qgl8vl0000004zj9-att/2026_10tanka.pdf,PDL1.0,,近畿地整が独自調査で設定した単価(物価資料に載っていない地区・規格だけ)。消費税抜き。
763fd341000f28f0,JP,material,生コンクリート・モルタル,生コンクリート,高炉 ３０－１８－２０（２５） Ｃ＝３５０以上 [単位水量175以下W/C55％],m3,bureau_area,24,三重県,三重 紀宝町他,,,39900,JPY,design_unit_price_ex_tax,published_pdl,,,2026-10,2026-10-01,kkr-zairyo-r8-10,17,https://www-2.kkr.mlit.go.jp/plan/jigyousya/technical_information/gijutsukanri/qgl8vl0000004zj9-att/2026_10tanka.pdf,PDL1.0,,近畿地整が独自調査で設定した単価(物価資料に載っていない地区・規格だけ)。消費税抜き。
3fe8b5fb51921116,JP,material,生コンクリート・モルタル,生コンクリート,３０－１８－２０（２５） Ｃ＝３５０以上 [単位水量175以下W/C55％],m3,bureau_area,30,和歌山県,和歌山 西牟婁郡他 / すさみ町,,,30100,JPY,design_unit_price_ex_tax,published_pdl,,,2026-10,2026-10-01,kkr-zairyo-r8-10,17,https://www-2.kkr.mlit.go.jp/plan/jigyousya/technical_information/gijutsukanri/qgl8vl0000004zj9-att/2026_10tanka.pdf,PDL1.0,,近畿地整が独自調査で設定した単価(物価資料に載っていない地区・規格だけ)。消費税抜き。
d778b18ff7e97fb4,JP,material,生コンクリート・モルタル,生コンクリート,３０－１８－２０（２５） Ｃ＝３５０以上 [単位水量175以下W/C55％],m3,bureau_area,30,和歌山県,和歌山 東牟婁郡 / 串本町他,,,30100,JPY,design_unit_price_ex_tax,published_pdl,,,2026-10,2026-10-01,kkr-zairyo-r8-10,17,https://www-2.kkr.mlit.go.jp/plan/jigyousya/technical_information/gijutsukanri/qgl8vl0000004zj9-att/2026_10tanka.pdf,PDL1.0,,近畿地整が独自調査で設定した単価(物価資料に載っていない地区・規格だけ)。消費税抜き。
84163ba2d1517b65,JP,material,生コンクリート・モルタル,生コンクリート,３０－１８－２０（２５） Ｃ＝３５０以上 [単位水量175以下W/C55％],m3,bureau_area,30,和歌山県,和歌山 新宮市他,,,47900,JPY,design_unit_price_ex_tax,published_pdl,,,2026-10,2026-10-01,kkr-zairyo-r8-10,17,https://www-2.kkr.mlit.go.jp/plan/jigyousya/technical_information/gijutsukanri/qgl8vl0000004zj9-att/2026_10tanka.pdf,PDL1.0,,近畿地整が独自調査で設定した単価(物価資料に載っていない地区・規格だけ)。消費税抜き。
2d210e1cc75c679f,JP,material,生コンクリート・モルタル,生コンクリート,３０－１８－２０（２５） Ｃ＝３５０以上 [単位水量175以下W/C55％],m3,bureau_area,30,和歌山県,和歌山 東牟婁郡 / 北山村,,,47900,JPY,design_unit_price_ex_tax,published_pdl,,,2026-10,2026-10-01,kkr-zairyo-r8-10,17,https://www-2.kkr.mlit.go.jp/plan/jigyousya/technical_information/gijutsukanri/qgl8vl0000004zj9-att/2026_10tanka.pdf,PDL1.0,,近畿地整が独自調査で設定した単価(物価資料に載っていない地区・規格だけ)。消費税抜き。
3d287f251fbc5c24,JP,material,生コンクリート・モルタル,生コンクリート,３０－１８－２０（２５） Ｃ＝３５０以上 [単位水量175以下W/C55％],m3,bureau_area,30,和歌山県,和歌山 玉置口,,,47900,JPY,design_unit_price_ex_tax,published_pdl,,,2026-10,2026-10-01,kkr-zairyo-r8-10,17,https://www-2.kkr.mlit.go.jp/plan/jigyousya/technical_information/gijutsukanri/qgl8vl0000004zj9-att/2026_10tanka.pdf,PDL1.0,,近畿地整が独自調査で設定した単価(物価資料に載っていない地区・規格だけ)。消費税抜き。
479c6cae30ccb255,JP,material,生コンクリート・モルタル,生コンクリート,３０－１８－２０（２５） Ｃ＝３５０以上 [単位水量175以下W/C55％],m3,bureau_area,24,三重県,三重 太郎生,,,36000,JPY,design_unit_price_ex_tax,published_pdl,,,2026-10,2026-10-01,kkr-zairyo-r8-10,17,https://www-2.kkr.mlit.go.jp/plan/jigyousya/technical_information/gijutsukanri/qgl8vl0000004zj9-att/2026_10tanka.pdf,PDL1.0,,近畿地整が独自調査で設定した単価(物価資料に載っていない地区・規格だけ)。消費税抜き。
bcb35e8bb835b3be,JP,material,生コンクリート・モルタル,生コンクリート,３０－１８－２０（２５） Ｃ＝３５０以上 [単位水量175以下W/C55％],m3,bureau_area,24,三重県,三重 紀宝町他,,,39900,JPY,design_unit_price_ex_tax,published_pdl,,,2026-10,2026-10-01,kkr-zairyo-r8-10,17,https://www-2.kkr.mlit.go.jp/plan/jigyousya/technical_information/gijutsukanri/qgl8vl0000004zj9-att/2026_10tanka.pdf,PDL1.0,,近畿地整が独自調査で設定した単価(物価資料に載っていない地区・規格だけ)。消費税抜き。
1166c50b033888ed,JP,material,生コンクリート・モルタル,生コンクリート,１８－８－２５（２０） [単位水量175以下W/C60以下],m3,bureau_area,30,和歌山県,和歌山 西牟婁郡他 / すさみ町,,,28100,JPY,design_unit_price_ex_tax,published_pdl,,,2026-10,2026-10-01,kkr-zairyo-r8-10,17,https://www-2.kkr.mlit.go.jp/plan/jigyousya/technical_information/gijutsukanri/qgl8vl0000004zj9-att/2026_10tanka.pdf,PDL1.0,205fb4e2a22c,近畿地整が独自調査で設定した単価(物価資料に載っていない地区・規格だけ)。消費税抜き。
74b19c388df9db2f,JP,material,生コンクリート・モルタル,生コンクリート,１８－８－２５（２０） [単位水量175以下W/C60以下],m3,bureau_area,30,和歌山県,和歌山 玉置口,,,35900,JPY,design_unit_price_ex_tax,published_pdl,,,2026-10,2026-10-01,kkr-zairyo-r8-10,17,https://www-2.kkr.mlit.go.jp/plan/jigyousya/technical_information/gijutsukanri/qgl8vl0000004zj9-att/2026_10tanka.pdf,PDL1.0,205fb4e2a22c,近畿地整が独自調査で設定した単価(物価資料に載っていない地区・規格だけ)。消費税抜き。
398e563ccb0df5a5,JP,material,生コンクリート・モルタル,生コンクリート,１８－８－２５（２０） [単位水量175以下W/C60以下],m3,bureau_area,24,三重県,三重 名張市,,,29000,JPY,design_unit_price_ex_tax,published_pdl,,,2026-10,2026-10-01,kkr-zairyo-r8-10,17,https://www-2.kkr.mlit.go.jp/plan/jigyousya/technical_information/gijutsukanri/qgl8vl0000004zj9-att/2026_10tanka.pdf,PDL1.0,205fb4e2a22c,近畿地整が独自調査で設定した単価(物価資料に載っていない地区・規格だけ)。消費税抜き。
525f907c2c7d4c2a,JP,material,生コンクリート・モルタル,生コンクリート,１８－８－２５（２０） [単位水量175以下W/C60以下],m3,bureau_area,24,三重県,三重 伊賀市 / 旧上野市他,,,29000,JPY,design_unit_price_ex_tax,published_pdl,,,2026-10,2026-10-01,kkr-zairyo-r8-10,17,https://www-2.kkr.mlit.go.jp/plan/jigyousya/technical_information/gijutsukanri/qgl8vl0000004zj9-att/2026_10tanka.pdf,PDL1.0,205fb4e2a22c,近畿地整が独自調査で設定した単価(物価資料に載っていない地区・規格だけ)。消費税抜き。
37ebd69ca4800104,JP,material,生コンクリート・モルタル,生コンクリート,１８－８－２５（２０） [単位水量175以下W/C60以下],m3,bureau_area,24,三重県,三重 伊賀市 / 旧青山町,,,29000,JPY,design_unit_price_ex_tax,published_pdl,,,2026-10,2026-10-01,kkr-zairyo-r8-10,17,https://www-2.kkr.mlit.go.jp/plan/jigyousya/technical_information/gijutsukanri/qgl8vl0000004zj9-att/2026_10tanka.pdf,PDL1.0,205fb4e2a22c,近畿地整が独自調査で設定した単価(物価資料に載っていない地区・規格だけ)。消費税抜き。
1e9c3185a0ccab53,JP,material,生コンクリート・モルタル,生コンクリート,１８－８－２５（２０） [単位水量175以下W/C60以下],m3,bureau_area,24,三重県,三重 太郎生,,,34500,JPY,design_unit_price_ex_tax,published_pdl,,,2026-10,2026-10-01,kkr-zairyo-r8-10,17,https://www-2.kkr.mlit.go.jp/plan/jigyousya/technical_information/gijutsukanri/qgl8vl0000004zj9-att/2026_10tanka.pdf,PDL1.0,205fb4e2a22c,近畿地整が独自調査で設定した単価(物価資料に載っていない地区・規格だけ)。消費税抜き。
7ab09afe51977236,JP,material,生コンクリート・モルタル,生コンクリート,１８－８－２５（２０） [単位水量175以下W/C60以下],m3,bureau_area,24,三重県,三重 紀宝町他,,,36900,JPY,design_unit_price_ex_tax,published_pdl,,,2026-10,2026-10-01,kkr-zairyo-r8-10,17,https://www-2.kkr.mlit.go.jp/plan/jigyousya/technical_information/gijutsukanri/qgl8vl0000004zj9-att/2026_10tanka.pdf,PDL1.0,205fb4e2a22c,近畿地整が独自調査で設定した単価(物価資料に載っていない地区・規格だけ)。消費税抜き。
d4afeca9dc1a8e96,JP,material,生コンクリート・モルタル,生コンクリート,１８－１２－２５（２０） [単位水量175以下W/C60以下],m3,bureau_area,30,和歌山県,和歌山 西牟婁郡他 / すさみ町,,,28100,JPY,design_unit_price_ex_tax,published_pdl,,,2026-10,2026-10-01,kkr-zairyo-r8-10,17,https://www-2.kkr.mlit.go.jp/plan/jigyousya/technical_information/gijutsukanri/qgl8vl0000004zj9-att/2026_10tanka.pdf,PDL1.0,c7752fd452cb,近畿地整が独自調査で設定した単価(物価資料に載っていない地区・規格だけ)。消費税抜き。
2f0d23a295b2a869,JP,material,生コンクリート・モルタル,生コンクリート,１８－１２－２５（２０） [単位水量175以下W/C60以下],m3,bureau_area,30,和歌山県,和歌山 玉置口,,,35900,JPY,design_unit_price_ex_tax,published_pdl,,,2026-10,2026-10-01,kkr-zairyo-r8-10,17,https://www-2.kkr.mlit.go.jp/plan/jigyousya/technical_information/gijutsukanri/qgl8vl0000004zj9-att/2026_10tanka.pdf,PDL1.0,c7752fd452cb,近畿地整が独自調査で設定した単価(物価資料に載っていない地区・規格だけ)。消費税抜き。
5fe4efd0c6372aab,JP,material,生コンクリート・モルタル,生コンクリート,１８－１２－２５（２０） [単位水量175以下W/C60以下],m3,bureau_area,24,三重県,三重 名張市,,,29000,JPY,design_unit_price_ex_tax,published_pdl,,,2026-10,2026-10-01,kkr-zairyo-r8-10,17,https://www-2.kkr.mlit.go.jp/plan/jigyousya/technical_information/gijutsukanri/qgl8vl0000004zj9-att/2026_10tanka.pdf,PDL1.0,c7752fd452cb,近畿地整が独自調査で設定した単価(物価資料に載っていない地区・規格だけ)。消費税抜き。
88feacaa13f2d2f1,JP,material,生コンクリート・モルタル,生コンクリート,１８－１２－２５（２０） [単位水量175以下W/C60以下],m3,bureau_area,24,三重県,三重 伊賀市 / 旧上野市他,,,29000,JPY,design_unit_price_ex_tax,published_pdl,,,2026-10,2026-10-01,kkr-zairyo-r8-10,17,https://www-2.kkr.mlit.go.jp/plan/jigyousya/technical_information/gijutsukanri/qgl8vl0000004zj9-att/2026_10tanka.pdf,PDL1.0,c7752fd452cb,近畿地整が独自調査で設定した単価(物価資料に載っていない地区・規格だけ)。消費税抜き。
65d6d79c5f85099a,JP,material,生コンクリート・モルタル,生コンクリート,１８－１２－２５（２０） [単位水量175以下W/C60以下],m3,bureau_area,24,三重県,三重 伊賀市 / 旧青山町,,,29000,JPY,design_unit_price_ex_tax,published_pdl,,,2026-10,2026-10-01,kkr-zairyo-r8-10,17,https://www-2.kkr.mlit.go.jp/plan/jigyousya/technical_information/gijutsukanri/qgl8vl0000004zj9-att/2026_10tanka.pdf,PDL1.0,c7752fd452cb,近畿地整が独自調査で設定した単価(物価資料に載っていない地区・規格だけ)。消費税抜き。
c0dd0c913733388b,JP,material,生コンクリート・モルタル,生コンクリート,１８－１２－２５（２０） [単位水量175以下W/C60以下],m3,bureau_area,24,三重県,三重 太郎生,,,34500,JPY,design_unit_price_ex_tax,published_pdl,,,2026-10,2026-10-01,kkr-zairyo-r8-10,17,https://www-2.kkr.mlit.go.jp/plan/jigyousya/technical_information/gijutsukanri/qgl8vl0000004zj9-att/2026_10tanka.pdf,PDL1.0,c7752fd452cb,近畿地整が独自調査で設定した単価(物価資料に載っていない地区・規格だけ)。消費税抜き。
9dede666e0597c76,JP,material,生コンクリート・モルタル,生コンクリート,１８－１２－２５（２０） [単位水量175以下W/C60以下],m3,bureau_area,24,三重県,三重 紀宝町他,,,36900,JPY,design_unit_price_ex_tax,published_pdl,,,2026-10,2026-10-01,kkr-zairyo-r8-10,17,https://www-2.kkr.mlit.go.jp/plan/jigyousya/technical_information/gijutsukanri/qgl8vl0000004zj9-att/2026_10tanka.pdf,PDL1.0,c7752fd452cb,近畿地整が独自調査で設定した単価(物価資料に載っていない地区・規格だけ)。消費税抜き。
41d2b7fde43accc3,JP,material,生コンクリート・モルタル,生コンクリート,１８－１５－２５（２０） [単位水量175以下W/C60以下],m3,bureau_area,30,和歌山県,和歌山 西牟婁郡他 / すさみ町,,,28300,JPY,design_unit_price_ex_tax,published_pdl,,,2026-10,2026-10-01,kkr-zairyo-r8-10,17,https://www-2.kkr.mlit.go.jp/plan/jigyousya/technical_information/gijutsukanri/qgl8vl0000004zj9-att/2026_10tanka.pdf,PDL1.0,0f948effd799,近畿地整が独自調査で設定した単価(物価資料に載っていない地区・規格だけ)。消費税抜き。
ddf0776920de76ee,JP,material,生コンクリート・モルタル,生コンクリート,１８－１５－２５（２０） [単位水量175以下W/C60以下],m3,bureau_area,30,和歌山県,和歌山 玉置口,,,35900,JPY,design_unit_price_ex_tax,published_pdl,,,2026-10,2026-10-01,kkr-zairyo-r8-10,17,https://www-2.kkr.mlit.go.jp/plan/jigyousya/technical_information/gijutsukanri/qgl8vl0000004zj9-att/2026_10tanka.pdf,PDL1.0,0f948effd799,近畿地整が独自調査で設定した単価(物価資料に載っていない地区・規格だけ)。消費税抜き。
80972872036afb6b,JP,material,生コンクリート・モルタル,生コンクリート,１８－１５－２５（２０） [単位水量175以下W/C60以下],m3,bureau_area,24,三重県,三重 名張市,,,29000,JPY,design_unit_price_ex_tax,published_pdl,,,2026-10,2026-10-01,kkr-zairyo-r8-10,17,https://www-2.kkr.mlit.go.jp/plan/jigyousya/technical_information/gijutsukanri/qgl8vl0000004zj9-att/2026_10tanka.pdf,PDL1.0,0f948effd799,近畿地整が独自調査で設定した単価(物価資料に載っていない地区・規格だけ)。消費税抜き。
a2f5a27dda19d050,JP,material,生コンクリート・モルタル,生コンクリート,１８－１５－２５（２０） [単位水量175以下W/C60以下],m3,bureau_area,24,三重県,三重 伊賀市 / 旧上野市他,,,29000,JPY,design_unit_price_ex_tax,published_pdl,,,2026-10,2026-10-01,kkr-zairyo-r8-10,17,https://www-2.kkr.mlit.go.jp/plan/jigyousya/technical_information/gijutsukanri/qgl8vl0000004zj9-att/2026_10tanka.pdf,PDL1.0,0f948effd799,近畿地整が独自調査で設定した単価(物価資料に載っていない地区・規格だけ)。消費税抜き。
2fa087bfdd38f966,JP,material,生コンクリート・モルタル,生コンクリート,１８－１５－２５（２０） [単位水量175以下W/C60以下],m3,bureau_area,24,三重県,三重 伊賀市 / 旧青山町,,,29000,JPY,design_unit_price_ex_tax,published_pdl,,,2026-10,2026-10-01,kkr-zairyo-r8-10,17,https://www-2.kkr.mlit.go.jp/plan/jigyousya/technical_information/gijutsukanri/qgl8vl0000004zj9-att/2026_10tanka.pdf,PDL1.0,0f948effd799,近畿地整が独自調査で設定した単価(物価資料に載っていない地区・規格だけ)。消費税抜き。
45490e0b8a609eee,JP,material,生コンクリート・モルタル,生コンクリート,１８－１５－２５（２０） [単位水量175以下W/C60以下],m3,bureau_area,24,三重県,三重 太郎生,,,34500,JPY,design_unit_price_ex_tax,published_pdl,,,2026-10,2026-10-01,kkr-zairyo-r8-10,17,https://www-2.kkr.mlit.go.jp/plan/jigyousya/technical_information/gijutsukanri/qgl8vl0000004zj9-att/2026_10tanka.pdf,PDL1.0,0f948effd799,近畿地整が独自調査で設定した単価(物価資料に載っていない地区・規格だけ)。消費税抜き。
dbbdec9e71dc3320,JP,material,生コンクリート・モルタル,生コンクリート,１８－１５－２５（２０） [単位水量175以下W/C60以下],m3,bureau_area,24,三重県,三重 紀宝町他,,,36900,JPY,design_unit_price_ex_tax,published_pdl,,,2026-10,2026-10-01,kkr-zairyo-r8-10,17,https://www-2.kkr.mlit.go.jp/plan/jigyousya/technical_information/gijutsukanri/qgl8vl0000004zj9-att/2026_10tanka.pdf,PDL1.0,0f948effd799,近畿地整が独自調査で設定した単価(物価資料に載っていない地区・規格だけ)。消費税抜き。
0069854410f0d18e,JP,material,生コンクリート・モルタル,生コンクリート,１８－１８－２５（２０） [単位水量175以下W/C60以下],m3,bureau_area,30,和歌山県,和歌山 西牟婁郡他 / すさみ町,,,28300,JPY,design_unit_price_ex_tax,published_pdl,,,2026-10,2026-10-01,kkr-zairyo-r8-10,17,https://www-2.kkr.mlit.go.jp/plan/jigyousya/technical_information/gijutsukanri/qgl8vl0000004zj9-att/2026_10tanka.pdf,PDL1.0,739a5c3bcc24,近畿地整が独自調査で設定した単価(物価資料に載っていない地区・規格だけ)。消費税抜き。
4b2623ba5796f5a2,JP,material,生コンクリート・モルタル,生コンクリート,１８－１８－２５（２０） [単位水量175以下W/C60以下],m3,bureau_area,30,和歌山県,和歌山 玉置口,,,35900,JPY,design_unit_price_ex_tax,published_pdl,,,2026-10,2026-10-01,kkr-zairyo-r8-10,17,https://www-2.kkr.mlit.go.jp/plan/jigyousya/technical_information/gijutsukanri/qgl8vl0000004zj9-att/2026_10tanka.pdf,PDL1.0,739a5c3bcc24,近畿地整が独自調査で設定した単価(物価資料に載っていない地区・規格だけ)。消費税抜き。
a28af99244c2a2ea,JP,material,生コンクリート・モルタル,生コンクリート,１８－１８－２５（２０） [単位水量175以下W/C60以下],m3,bureau_area,24,三重県,三重 名張市,,,29800,JPY,design_unit_price_ex_tax,published_pdl,,,2026-10,2026-10-01,kkr-zairyo-r8-10,17,https://www-2.kkr.mlit.go.jp/plan/jigyousya/technical_information/gijutsukanri/qgl8vl0000004zj9-att/2026_10tanka.pdf,PDL1.0,739a5c3bcc24,近畿地整が独自調査で設定した単価(物価資料に載っていない地区・規格だけ)。消費税抜き。
128b42997a4e67c1,JP,material,生コンクリート・モルタル,生コンクリート,１８－１８－２５（２０） [単位水量175以下W/C60以下],m3,bureau_area,24,三重県,三重 伊賀市 / 旧上野市他,,,29800,JPY,design_unit_price_ex_tax,published_pdl,,,2026-10,2026-10-01,kkr-zairyo-r8-10,17,https://www-2.kkr.mlit.go.jp/plan/jigyousya/technical_information/gijutsukanri/qgl8vl0000004zj9-att/2026_10tanka.pdf,PDL1.0,739a5c3bcc24,近畿地整が独自調査で設定した単価(物価資料に載っていない地区・規格だけ)。消費税抜き。
706a5a2ca7d67f4e,JP,material,生コンクリート・モルタル,生コンクリート,１８－１８－２５（２０） [単位水量175以下W/C60以下],m3,bureau_area,24,三重県,三重 伊賀市 / 旧青山町,,,29800,JPY,design_unit_price_ex_tax,published_pdl,,,2026-10,2026-10-01,kkr-zairyo-r8-10,17,https://www-2.kkr.mlit.go.jp/plan/jigyousya/technical_information/gijutsukanri/qgl8vl0000004zj9-att/2026_10tanka.pdf,PDL1.0,739a5c3bcc24,近畿地整が独自調査で設定した単価(物価資料に載っていない地区・規格だけ)。消費税抜き。
05ad1086da6511a5,JP,material,生コンクリート・モルタル,生コンクリート,１８－１８－２５（２０） [単位水量175以下W/C60以下],m3,bureau_area,24,三重県,三重 太郎生,,,34500,JPY,design_unit_price_ex_tax,published_pdl,,,2026-10,2026-10-01,kkr-zairyo-r8-10,17,https://www-2.kkr.mlit.go.jp/plan/jigyousya/technical_information/gijutsukanri/qgl8vl0000004zj9-att/2026_10tanka.pdf,PDL1.0,739a5c3bcc24,近畿地整が独自調査で設定した単価(物価資料に載っていない地区・規格だけ)。消費税抜き。
777f5674dfcaa552,JP,material,生コンクリート・モルタル,生コンクリート,１８－１８－２５（２０） [単位水量175以下W/C60以下],m3,bureau_area,24,三重県,三重 紀宝町他,,,36900,JPY,design_unit_price_ex_tax,published_pdl,,,2026-10,2026-10-01,kkr-zairyo-r8-10,17,https://www-2.kkr.mlit.go.jp/plan/jigyousya/technical_information/gijutsukanri/qgl8vl0000004zj9-att/2026_10tanka.pdf,PDL1.0,739a5c3bcc24,近畿地整が独自調査で設定した単価(物価資料に載っていない地区・規格だけ)。消費税抜き。
2d0bf2859326dbef,JP,material,生コンクリート・モルタル,生コンクリート,２１－８－２５（２０） [単位水量175以下W/C60以下],m3,bureau_area,30,和歌山県,和歌山 西牟婁郡他 / すさみ町,,,28100,JPY,design_unit_price_ex_tax,published_pdl,,,2026-10,2026-10-01,kkr-zairyo-r8-10,17,https://www-2.kkr.mlit.go.jp/plan/jigyousya/technical_information/gijutsukanri/qgl8vl0000004zj9-att/2026_10tanka.pdf,PDL1.0,482f8152d5c5,近畿地整が独自調査で設定した単価(物価資料に載っていない地区・規格だけ)。消費税抜き。
b6e44673aada62db,JP,material,生コンクリート・モルタル,生コンクリート,２１－８－２５（２０） [単位水量175以下W/C60以下],m3,bureau_area,30,和歌山県,和歌山 玉置口,,,36900,JPY,design_unit_price_ex_tax,published_pdl,,,2026-10,2026-10-01,kkr-zairyo-r8-10,17,https://www-2.kkr.mlit.go.jp/plan/jigyousya/technical_information/gijutsukanri/qgl8vl0000004zj9-att/2026_10tanka.pdf,PDL1.0,482f8152d5c5,近畿地整が独自調査で設定した単価(物価資料に載っていない地区・規格だけ)。消費税抜き。
537427ccb486166f,JP,material,生コンクリート・モルタル,生コンクリート,２１－８－２５（２０） [単位水量175以下W/C60以下],m3,bureau_area,24,三重県,三重 名張市,,,29000,JPY,design_unit_price_ex_tax,published_pdl,,,2026-10,2026-10-01,kkr-zairyo-r8-10,17,https://www-2.kkr.mlit.go.jp/plan/jigyousya/technical_information/gijutsukanri/qgl8vl0000004zj9-att/2026_10tanka.pdf,PDL1.0,482f8152d5c5,近畿地整が独自調査で設定した単価(物価資料に載っていない地区・規格だけ)。消費税抜き。
a6d77b8b420d06b1,JP,material,生コンクリート・モルタル,生コンクリート,２１－８－２５（２０） [単位水量175以下W/C60以下],m3,bureau_area,24,三重県,三重 伊賀市 / 旧上野市他,,,29000,JPY,design_unit_price_ex_tax,published_pdl,,,2026-10,2026-10-01,kkr-zairyo-r8-10,17,https://www-2.kkr.mlit.go.jp/plan/jigyousya/technical_information/gijutsukanri/qgl8vl0000004zj9-att/2026_10tanka.pdf,PDL1.0,482f8152d5c5,近畿地整が独自調査で設定した単価(物価資料に載っていない地区・規格だけ)。消費税抜き。
4e81191339266e16,JP,material,生コンクリート・モルタル,生コンクリート,２１－８－２５（２０） [単位水量175以下W/C60以下],m3,bureau_area,24,三重県,三重 伊賀市 / 旧青山町,,,29000,JPY,design_unit_price_ex_tax,published_pdl,,,2026-10,2026-10-01,kkr-zairyo-r8-10,17,https://www-2.kkr.mlit.go.jp/plan/jigyousya/technical_information/gijutsukanri/qgl8vl0000004zj9-att/2026_10tanka.pdf,PDL1.0,482f8152d5c5,近畿地整が独自調査で設定した単価(物価資料に載っていない地区・規格だけ)。消費税抜き。
8fb3c0a943353c1b,JP,material,生コンクリート・モルタル,生コンクリート,２１－８－２５（２０） [単位水量175以下W/C60以下],m3,bureau_area,24,三重県,三重 太郎生,,,35000,JPY,design_unit_price_ex_tax,published_pdl,,,2026-10,2026-10-01,kkr-zairyo-r8-10,17,https://www-2.kkr.mlit.go.jp/plan/jigyousya/technical_information/gijutsukanri/qgl8vl0000004zj9-att/2026_10tanka.pdf,PDL1.0,482f8152d5c5,近畿地整が独自調査で設定した単価(物価資料に載っていない地区・規格だけ)。消費税抜き。
8ba7fc14b0b8dac5,JP,material,生コンクリート・モルタル,生コンクリート,２１－８－２５（２０） [単位水量175以下W/C60以下],m3,bureau_area,24,三重県,三重 紀宝町他,,,36900,JPY,design_unit_price_ex_tax,published_pdl,,,2026-10,2026-10-01,kkr-zairyo-r8-10,17,https://www-2.kkr.mlit.go.jp/plan/jigyousya/technical_information/gijutsukanri/qgl8vl0000004zj9-att/2026_10tanka.pdf,PDL1.0,482f8152d5c5,近畿地整が独自調査で設定した単価(物価資料に載っていない地区・規格だけ)。消費税抜き。
6c1919277dbb1d7c,JP,material,生コンクリート・モルタル,生コンクリート,２１－１５－２５（２０） [単位水量175以下W/C60以下],m3,bureau_area,30,和歌山県,和歌山 西牟婁郡他 / すさみ町,,,28300,JPY,design_unit_price_ex_tax,published_pdl,,,2026-10,2026-10-01,kkr-zairyo-r8-10,17,https://www-2.kkr.mlit.go.jp/plan/jigyousya/technical_information/gijutsukanri/qgl8vl0000004zj9-att/2026_10tanka.pdf,PDL1.0,4b73c3134218,近畿地整が独自調査で設定した単価(物価資料に載っていない地区・規格だけ)。消費税抜き。
f13cdcbd44aae409,JP,material,生コンクリート・モルタル,生コンクリート,２１－１５－２５（２０） [単位水量175以下W/C60以下],m3,bureau_area,30,和歌山県,和歌山 玉置口,,,36900,JPY,design_unit_price_ex_tax,published_pdl,,,2026-10,2026-10-01,kkr-zairyo-r8-10,17,https://www-2.kkr.mlit.go.jp/plan/jigyousya/technical_information/gijutsukanri/qgl8vl0000004zj9-att/2026_10tanka.pdf,PDL1.0,4b73c3134218,近畿地整が独自調査で設定した単価(物価資料に載っていない地区・規格だけ)。消費税抜き。
38650ed2e8ae4054,JP,material,生コンクリート・モルタル,生コンクリート,２１－１５－２５（２０） [単位水量175以下W/C60以下],m3,bureau_area,24,三重県,三重 名張市,,,29000,JPY,design_unit_price_ex_tax,published_pdl,,,2026-10,2026-10-01,kkr-zairyo-r8-10,17,https://www-2.kkr.mlit.go.jp/plan/jigyousya/technical_information/gijutsukanri/qgl8vl0000004zj9-att/2026_10tanka.pdf,PDL1.0,4b73c3134218,近畿地整が独自調査で設定した単価(物価資料に載っていない地区・規格だけ)。消費税抜き。
100f5e9b819cce9d,JP,material,生コンクリート・モルタル,生コンクリート,２１－１５－２５（２０） [単位水量175以下W/C60以下],m3,bureau_area,24,三重県,三重 伊賀市 / 旧上野市他,,,29000,JPY,design_unit_price_ex_tax,published_pdl,,,2026-10,2026-10-01,kkr-zairyo-r8-10,17,https://www-2.kkr.mlit.go.jp/plan/jigyousya/technical_information/gijutsukanri/qgl8vl0000004zj9-att/2026_10tanka.pdf,PDL1.0,4b73c3134218,近畿地整が独自調査で設定した単価(物価資料に載っていない地区・規格だけ)。消費税抜き。
eb071b45345c7c19,JP,material,生コンクリート・モルタル,生コンクリート,２１－１５－２５（２０） [単位水量175以下W/C60以下],m3,bureau_area,24,三重県,三重 伊賀市 / 旧青山町,,,29000,JPY,design_unit_price_ex_tax,published_pdl,,,2026-10,2026-10-01,kkr-zairyo-r8-10,17,https://www-2.kkr.mlit.go.jp/plan/jigyousya/technical_information/gijutsukanri/qgl8vl0000004zj9-att/2026_10tanka.pdf,PDL1.0,4b73c3134218,近畿地整が独自調査で設定した単価(物価資料に載っていない地区・規格だけ)。消費税抜き。
bd43294a27a4652f,JP,material,生コンクリート・モルタル,生コンクリート,２１－１５－２５（２０） [単位水量175以下W/C60以下],m3,bureau_area,24,三重県,三重 太郎生,,,35000,JPY,design_unit_price_ex_tax,published_pdl,,,2026-10,2026-10-01,kkr-zairyo-r8-10,17,https://www-2.kkr.mlit.go.jp/plan/jigyousya/technical_information/gijutsukanri/qgl8vl0000004zj9-att/2026_10tanka.pdf,PDL1.0,4b73c3134218,近畿地整が独自調査で設定した単価(物価資料に載っていない地区・規格だけ)。消費税抜き。
d46f00b649ec6bbb,JP,material,生コンクリート・モルタル,生コンクリート,２１－１５－２５（２０） [単位水量175以下W/C60以下],m3,bureau_area,24,三重県,三重 紀宝町他,,,36900,JPY,design_unit_price_ex_tax,published_pdl,,,2026-10,2026-10-01,kkr-zairyo-r8-10,17,https://www-2.kkr.mlit.go.jp/plan/jigyousya/technical_information/gijutsukanri/qgl8vl0000004zj9-att/2026_10tanka.pdf,PDL1.0,4b73c3134218,近畿地整が独自調査で設定した単価(物価資料に載っていない地区・規格だけ)。消費税抜き。
1d643d2b6c85511f,JP,material,生コンクリート・モルタル,生コンクリート,２１－１８－２５（２０） [単位水量175以下W/C60以下],m3,bureau_area,30,和歌山県,和歌山 西牟婁郡他 / すさみ町,,,28300,JPY,design_unit_price_ex_tax,published_pdl,,,2026-10,2026-10-01,kkr-zairyo-r8-10,17,https://www-2.kkr.mlit.go.jp/plan/jigyousya/technical_information/gijutsukanri/qgl8vl0000004zj9-att/2026_10tanka.pdf,PDL1.0,53196cad57e3,近畿地整が独自調査で設定した単価(物価資料に載っていない地区・規格だけ)。消費税抜き。
87ad46f3f2d1092a,JP,material,生コンクリート・モルタル,生コンクリート,２１－１８－２５（２０） [単位水量175以下W/C60以下],m3,bureau_area,30,和歌山県,和歌山 玉置口,,,36900,JPY,design_unit_price_ex_tax,published_pdl,,,2026-10,2026-10-01,kkr-zairyo-r8-10,17,https://www-2.kkr.mlit.go.jp/plan/jigyousya/technical_information/gijutsukanri/qgl8vl0000004zj9-att/2026_10tanka.pdf,PDL1.0,53196cad57e3,近畿地整が独自調査で設定した単価(物価資料に載っていない地区・規格だけ)。消費税抜き。
185a0ae4befb982f,JP,material,生コンクリート・モルタル,生コンクリート,２１－１８－２５（２０） [単位水量175以下W/C60以下],m3,bureau_area,24,三重県,三重 名張市,,,29800,JPY,design_unit_price_ex_tax,published_pdl,,,2026-10,2026-10-01,kkr-zairyo-r8-10,17,https://www-2.kkr.mlit.go.jp/plan/jigyousya/technical_information/gijutsukanri/qgl8vl0000004zj9-att/2026_10tanka.pdf,PDL1.0,53196cad57e3,近畿地整が独自調査で設定した単価(物価資料に載っていない地区・規格だけ)。消費税抜き。
ebd27541c6b7f1c3,JP,material,生コンクリート・モルタル,生コンクリート,２１－１８－２５（２０） [単位水量175以下W/C60以下],m3,bureau_area,24,三重県,三重 伊賀市 / 旧上野市他,,,29800,JPY,design_unit_price_ex_tax,published_pdl,,,2026-10,2026-10-01,kkr-zairyo-r8-10,17,https://www-2.kkr.mlit.go.jp/plan/jigyousya/technical_information/gijutsukanri/qgl8vl0000004zj9-att/2026_10tanka.pdf,PDL1.0,53196cad57e3,近畿地整が独自調査で設定した単価(物価資料に載っていない地区・規格だけ)。消費税抜き。
163f80d3399caa34,JP,material,生コンクリート・モルタル,生コンクリート,２１－１８－２５（２０） [単位水量175以下W/C60以下],m3,bureau_area,24,三重県,三重 伊賀市 / 旧青山町,,,29800,JPY,design_unit_price_ex_tax,published_pdl,,,2026-10,2026-10-01,kkr-zairyo-r8-10,17,https://www-2.kkr.mlit.go.jp/plan/jigyousya/technical_information/gijutsukanri/qgl8vl0000004zj9-att/2026_10tanka.pdf,PDL1.0,53196cad57e3,近畿地整が独自調査で設定した単価(物価資料に載っていない地区・規格だけ)。消費税抜き。
a154b79a8085b8a0,JP,material,生コンクリート・モルタル,生コンクリート,２１－１８－２５（２０） [単位水量175以下W/C60以下],m3,bureau_area,24,三重県,三重 太郎生,,,35000,JPY,design_unit_price_ex_tax,published_pdl,,,2026-10,2026-10-01,kkr-zairyo-r8-10,17,https://www-2.kkr.mlit.go.jp/plan/jigyousya/technical_information/gijutsukanri/qgl8vl0000004zj9-att/2026_10tanka.pdf,PDL1.0,53196cad57e3,近畿地整が独自調査で設定した単価(物価資料に載っていない地区・規格だけ)。消費税抜き。
092e974333799d96,JP,material,生コンクリート・モルタル,生コンクリート,２１－１８－２５（２０） [単位水量175以下W/C60以下],m3,bureau_area,24,三重県,三重 紀宝町他,,,36900,JPY,design_unit_price_ex_tax,published_pdl,,,2026-10,2026-10-01,kkr-zairyo-r8-10,17,https://www-2.kkr.mlit.go.jp/plan/jigyousya/technical_information/gijutsukanri/qgl8vl0000004zj9-att/2026_10tanka.pdf,PDL1.0,53196cad57e3,近畿地整が独自調査で設定した単価(物価資料に載っていない地区・規格だけ)。消費税抜き。
9175ece893d5f76d,JP,material,生コンクリート・モルタル,生コンクリート,２４－８－２５（２０） [単位水量175以下W/C55以下],m3,bureau_area,30,和歌山県,和歌山 西牟婁郡他 / すさみ町,,,28700,JPY,design_unit_price_ex_tax,published_pdl,,,2026-10,2026-10-01,kkr-zairyo-r8-10,17,https://www-2.kkr.mlit.go.jp/plan/jigyousya/technical_information/gijutsukanri/qgl8vl0000004zj9-att/2026_10tanka.pdf,PDL1.0,c7034bd79cbd,近畿地整が独自調査で設定した単価(物価資料に載っていない地区・規格だけ)。消費税抜き。
201a840a4c240623,JP,material,生コンクリート・モルタル,生コンクリート,２４－８－２５（２０） [単位水量175以下W/C55以下],m3,bureau_area,30,和歌山県,和歌山 玉置口,,,37900,JPY,design_unit_price_ex_tax,published_pdl,,,2026-10,2026-10-01,kkr-zairyo-r8-10,17,https://www-2.kkr.mlit.go.jp/plan/jigyousya/technical_information/gijutsukanri/qgl8vl0000004zj9-att/2026_10tanka.pdf,PDL1.0,c7034bd79cbd,近畿地整が独自調査で設定した単価(物価資料に載っていない地区・規格だけ)。消費税抜き。
dbec1b5892f262bb,JP,material,生コンクリート・モルタル,生コンクリート,２４－８－２５（２０） [単位水量175以下W/C55以下],m3,bureau_area,24,三重県,三重 名張市,,,29500,JPY,design_unit_price_ex_tax,published_pdl,,,2026-10,2026-10-01,kkr-zairyo-r8-10,17,https://www-2.kkr.mlit.go.jp/plan/jigyousya/technical_information/gijutsukanri/qgl8vl0000004zj9-att/2026_10tanka.pdf,PDL1.0,c7034bd79cbd,近畿地整が独自調査で設定した単価(物価資料に載っていない地区・規格だけ)。消費税抜き。
db424fd7ebd9b07d,JP,material,生コンクリート・モルタル,生コンクリート,２４－８－２５（２０） [単位水量175以下W/C55以下],m3,bureau_area,24,三重県,三重 伊賀市 / 旧上野市他,,,29500,JPY,design_unit_price_ex_tax,published_pdl,,,2026-10,2026-10-01,kkr-zairyo-r8-10,17,https://www-2.kkr.mlit.go.jp/plan/jigyousya/technical_information/gijutsukanri/qgl8vl0000004zj9-att/2026_10tanka.pdf,PDL1.0,c7034bd79cbd,近畿地整が独自調査で設定した単価(物価資料に載っていない地区・規格だけ)。消費税抜き。
228cd74a475e1657,JP,material,生コンクリート・モルタル,生コンクリート,２４－８－２５（２０） [単位水量175以下W/C55以下],m3,bureau_area,24,三重県,三重 伊賀市 / 旧青山町,,,29500,JPY,design_unit_price_ex_tax,published_pdl,,,2026-10,2026-10-01,kkr-zairyo-r8-10,17,https://www-2.kkr.mlit.go.jp/plan/jigyousya/technical_information/gijutsukanri/qgl8vl0000004zj9-att/2026_10tanka.pdf,PDL1.0,c7034bd79cbd,近畿地整が独自調査で設定した単価(物価資料に載っていない地区・規格だけ)。消費税抜き。
75403b1c7bb9e260,JP,material,生コンクリート・モルタル,生コンクリート,２４－８－２５（２０） [単位水量175以下W/C55以下],m3,bureau_area,24,三重県,三重 太郎生,,,35000,JPY,design_unit_price_ex_tax,published_pdl,,,2026-10,2026-10-01,kkr-zairyo-r8-10,17,https://www-2.kkr.mlit.go.jp/plan/jigyousya/technical_information/gijutsukanri/qgl8vl0000004zj9-att/2026_10tanka.pdf,PDL1.0,c7034bd79cbd,近畿地整が独自調査で設定した単価(物価資料に載っていない地区・規格だけ)。消費税抜き。
d804419b7ae3dc4d,JP,material,生コンクリート・モルタル,生コンクリート,２４－８－２５（２０） [単位水量175以下W/C55以下],m3,bureau_area,24,三重県,三重 紀宝町他,,,37900,JPY,design_unit_price_ex_tax,published_pdl,,,2026-10,2026-10-01,kkr-zairyo-r8-10,17,https://www-2.kkr.mlit.go.jp/plan/jigyousya/technical_information/gijutsukanri/qgl8vl0000004zj9-att/2026_10tanka.pdf,PDL1.0,c7034bd79cbd,近畿地整が独自調査で設定した単価(物価資料に載っていない地区・規格だけ)。消費税抜き。
ce4b9bd9cb8db89e,JP,material,生コンクリート・モルタル,生コンクリート,２４－１２－２５（２０） [単位水量175以下W/C55以下],m3,bureau_area,30,和歌山県,和歌山 西牟婁郡他 / すさみ町,,,28700,JPY,design_unit_price_ex_tax,published_pdl,,,2026-10,2026-10-01,kkr-zairyo-r8-10,17,https://www-2.kkr.mlit.go.jp/plan/jigyousya/technical_information/gijutsukanri/qgl8vl0000004zj9-att/2026_10tanka.pdf,PDL1.0,2e29a57cb46e,近畿地整が独自調査で設定した単価(物価資料に載っていない地区・規格だけ)。消費税抜き。
ce98fb06234ce05c,JP,material,生コンクリート・モルタル,生コンクリート,２４－１２－２５（２０） [単位水量175以下W/C55以下],m3,bureau_area,30,和歌山県,和歌山 玉置口,,,37900,JPY,design_unit_price_ex_tax,published_pdl,,,2026-10,2026-10-01,kkr-zairyo-r8-10,17,https://www-2.kkr.mlit.go.jp/plan/jigyousya/technical_information/gijutsukanri/qgl8vl0000004zj9-att/2026_10tanka.pdf,PDL1.0,2e29a57cb46e,近畿地整が独自調査で設定した単価(物価資料に載っていない地区・規格だけ)。消費税抜き。
ef63afea1a5bee2c,JP,material,生コンクリート・モルタル,生コンクリート,２４－１２－２５（２０） [単位水量175以下W/C55以下],m3,bureau_area,24,三重県,三重 名張市,,,29500,JPY,design_unit_price_ex_tax,published_pdl,,,2026-10,2026-10-01,kkr-zairyo-r8-10,17,https://www-2.kkr.mlit.go.jp/plan/jigyousya/technical_information/gijutsukanri/qgl8vl0000004zj9-att/2026_10tanka.pdf,PDL1.0,2e29a57cb46e,近畿地整が独自調査で設定した単価(物価資料に載っていない地区・規格だけ)。消費税抜き。
edec2f142b1e4c02,JP,material,生コンクリート・モルタル,生コンクリート,２４－１２－２５（２０） [単位水量175以下W/C55以下],m3,bureau_area,24,三重県,三重 伊賀市 / 旧上野市他,,,29500,JPY,design_unit_price_ex_tax,published_pdl,,,2026-10,2026-10-01,kkr-zairyo-r8-10,17,https://www-2.kkr.mlit.go.jp/plan/jigyousya/technical_information/gijutsukanri/qgl8vl0000004zj9-att/2026_10tanka.pdf,PDL1.0,2e29a57cb46e,近畿地整が独自調査で設定した単価(物価資料に載っていない地区・規格だけ)。消費税抜き。
82a7b1511619c502,JP,material,生コンクリート・モルタル,生コンクリート,２４－１２－２５（２０） [単位水量175以下W/C55以下],m3,bureau_area,24,三重県,三重 伊賀市 / 旧青山町,,,29500,JPY,design_unit_price_ex_tax,published_pdl,,,2026-10,2026-10-01,kkr-zairyo-r8-10,17,https://www-2.kkr.mlit.go.jp/plan/jigyousya/technical_information/gijutsukanri/qgl8vl0000004zj9-att/2026_10tanka.pdf,PDL1.0,2e29a57cb46e,近畿地整が独自調査で設定した単価(物価資料に載っていない地区・規格だけ)。消費税抜き。
99bbd49b3a113c64,JP,material,生コンクリート・モルタル,生コンクリート,２４－１２－２５（２０） [単位水量175以下W/C55以下],m3,bureau_area,24,三重県,三重 太郎生,,,35000,JPY,design_unit_price_ex_tax,published_pdl,,,2026-10,2026-10-01,kkr-zairyo-r8-10,17,https://www-2.kkr.mlit.go.jp/plan/jigyousya/technical_information/gijutsukanri/qgl8vl0000004zj9-att/2026_10tanka.pdf,PDL1.0,2e29a57cb46e,近畿地整が独自調査で設定した単価(物価資料に載っていない地区・規格だけ)。消費税抜き。
7ee839d2dbfe6090,JP,material,生コンクリート・モルタル,生コンクリート,２４－１２－２５（２０） [単位水量175以下W/C55以下],m3,bureau_area,24,三重県,三重 紀宝町他,,,37900,JPY,design_unit_price_ex_tax,published_pdl,,,2026-10,2026-10-01,kkr-zairyo-r8-10,17,https://www-2.kkr.mlit.go.jp/plan/jigyousya/technical_information/gijutsukanri/qgl8vl0000004zj9-att/2026_10tanka.pdf,PDL1.0,2e29a57cb46e,近畿地整が独自調査で設定した単価(物価資料に載っていない地区・規格だけ)。消費税抜き。
da0762d72db890dd,JP,material,生コンクリート・モルタル,生コンクリート,２７－８－２５（２０） [単位水量175以下W/C55以下],m3,bureau_area,30,和歌山県,和歌山 西牟婁郡他 / すさみ町,,,29300,JPY,design_unit_price_ex_tax,published_pdl,,,2026-10,2026-10-01,kkr-zairyo-r8-10,17,https://www-2.kkr.mlit.go.jp/plan/jigyousya/technical_information/gijutsukanri/qgl8vl0000004zj9-att/2026_10tanka.pdf,PDL1.0,657cfbeea5e6,近畿地整が独自調査で設定した単価(物価資料に載っていない地区・規格だけ)。消費税抜き。
7e7f9d77b6a972c9,JP,material,生コンクリート・モルタル,生コンクリート,２７－８－２５（２０） [単位水量175以下W/C55以下],m3,bureau_area,30,和歌山県,和歌山 玉置口,,,38900,JPY,design_unit_price_ex_tax,published_pdl,,,2026-10,2026-10-01,kkr-zairyo-r8-10,17,https://www-2.kkr.mlit.go.jp/plan/jigyousya/technical_information/gijutsukanri/qgl8vl0000004zj9-att/2026_10tanka.pdf,PDL1.0,657cfbeea5e6,近畿地整が独自調査で設定した単価(物価資料に載っていない地区・規格だけ)。消費税抜き。
b53251d1b2a8c99f,JP,material,生コンクリート・モルタル,生コンクリート,２７－８－２５（２０） [単位水量175以下W/C55以下],m3,bureau_area,24,三重県,三重 名張市,,,30000,JPY,design_unit_price_ex_tax,published_pdl,,,2026-10,2026-10-01,kkr-zairyo-r8-10,17,https://www-2.kkr.mlit.go.jp/plan/jigyousya/technical_information/gijutsukanri/qgl8vl0000004zj9-att/2026_10tanka.pdf,PDL1.0,657cfbeea5e6,近畿地整が独自調査で設定した単価(物価資料に載っていない地区・規格だけ)。消費税抜き。
e99b897b05e970ec,JP,material,生コンクリート・モルタル,生コンクリート,２７－８－２５（２０） [単位水量175以下W/C55以下],m3,bureau_area,24,三重県,三重 伊賀市 / 旧上野市他,,,30000,JPY,design_unit_price_ex_tax,published_pdl,,,2026-10,2026-10-01,kkr-zairyo-r8-10,17,https://www-2.kkr.mlit.go.jp/plan/jigyousya/technical_information/gijutsukanri/qgl8vl0000004zj9-att/2026_10tanka.pdf,PDL1.0,657cfbeea5e6,近畿地整が独自調査で設定した単価(物価資料に載っていない地区・規格だけ)。消費税抜き。
69466b30c5c121d4,JP,material,生コンクリート・モルタル,生コンクリート,２７－８－２５（２０） [単位水量175以下W/C55以下],m3,bureau_area,24,三重県,三重 伊賀市 / 旧青山町,,,30000,JPY,design_unit_price_ex_tax,published_pdl,,,2026-10,2026-10-01,kkr-zairyo-r8-10,17,https://www-2.kkr.mlit.go.jp/plan/jigyousya/technical_information/gijutsukanri/qgl8vl0000004zj9-att/2026_10tanka.pdf,PDL1.0,657cfbeea5e6,近畿地整が独自調査で設定した単価(物価資料に載っていない地区・規格だけ)。消費税抜き。
35b6087151c23a1b,JP,material,生コンクリート・モルタル,生コンクリート,２７－８－２５（２０） [単位水量175以下W/C55以下],m3,bureau_area,24,三重県,三重 太郎生,,,35500,JPY,design_unit_price_ex_tax,published_pdl,,,2026-10,2026-10-01,kkr-zairyo-r8-10,17,https://www-2.kkr.mlit.go.jp/plan/jigyousya/technical_information/gijutsukanri/qgl8vl0000004zj9-att/2026_10tanka.pdf,PDL1.0,657cfbeea5e6,近畿地整が独自調査で設定した単価(物価資料に載っていない地区・規格だけ)。消費税抜き。
f4aee6202f6ff7f1,JP,material,生コンクリート・モルタル,生コンクリート,２７－８－２５（２０） [単位水量175以下W/C55以下],m3,bureau_area,24,三重県,三重 紀宝町他,,,38900,JPY,design_unit_price_ex_tax,published_pdl,,,2026-10,2026-10-01,kkr-zairyo-r8-10,17,https://www-2.kkr.mlit.go.jp/plan/jigyousya/technical_information/gijutsukanri/qgl8vl0000004zj9-att/2026_10tanka.pdf,PDL1.0,657cfbeea5e6,近畿地整が独自調査で設定した単価(物価資料に載っていない地区・規格だけ)。消費税抜き。
5902663ade3d1317,JP,material,生コンクリート・モルタル,生コンクリート,２７－１２－２５（２０） [単位水量175以下W/C55以下],m3,bureau_area,30,和歌山県,和歌山 西牟婁郡他 / すさみ町,,,29300,JPY,design_unit_price_ex_tax,published_pdl,,,2026-10,2026-10-01,kkr-zairyo-r8-10,17,https://www-2.kkr.mlit.go.jp/plan/jigyousya/technical_information/gijutsukanri/qgl8vl0000004zj9-att/2026_10tanka.pdf,PDL1.0,,近畿地整が独自調査で設定した単価(物価資料に載っていない地区・規格だけ)。消費税抜き。
0cb33f8094ab7e6e,JP,material,生コンクリート・モルタル,生コンクリート,２７－１２－２５（２０） [単位水量175以下W/C55以下],m3,bureau_area,30,和歌山県,和歌山 玉置口,,,38900,JPY,design_unit_price_ex_tax,published_pdl,,,2026-10,2026-10-01,kkr-zairyo-r8-10,17,https://www-2.kkr.mlit.go.jp/plan/jigyousya/technical_information/gijutsukanri/qgl8vl0000004zj9-att/2026_10tanka.pdf,PDL1.0,,近畿地整が独自調査で設定した単価(物価資料に載っていない地区・規格だけ)。消費税抜き。
e4368f912c18bcdb,JP,material,生コンクリート・モルタル,生コンクリート,２７－１２－２５（２０） [単位水量175以下W/C55以下],m3,bureau_area,24,三重県,三重 名張市,,,30000,JPY,design_unit_price_ex_tax,published_pdl,,,2026-10,2026-10-01,kkr-zairyo-r8-10,17,https://www-2.kkr.mlit.go.jp/plan/jigyousya/technical_information/gijutsukanri/qgl8vl0000004zj9-att/2026_10tanka.pdf,PDL1.0,,近畿地整が独自調査で設定した単価(物価資料に載っていない地区・規格だけ)。消費税抜き。
9d7f046f9f812f60,JP,material,生コンクリート・モルタル,生コンクリート,２７－１２－２５（２０） [単位水量175以下W/C55以下],m3,bureau_area,24,三重県,三重 伊賀市 / 旧上野市他,,,30000,JPY,design_unit_price_ex_tax,published_pdl,,,2026-10,2026-10-01,kkr-zairyo-r8-10,17,https://www-2.kkr.mlit.go.jp/plan/jigyousya/technical_information/gijutsukanri/qgl8vl0000004zj9-att/2026_10tanka.pdf,PDL1.0,,近畿地整が独自調査で設定した単価(物価資料に載っていない地区・規格だけ)。消費税抜き。
4465f6368b1c3f31,JP,material,生コンクリート・モルタル,生コンクリート,２７－１２－２５（２０） [単位水量175以下W/C55以下],m3,bureau_area,24,三重県,三重 伊賀市 / 旧青山町,,,30000,JPY,design_unit_price_ex_tax,published_pdl,,,2026-10,2026-10-01,kkr-zairyo-r8-10,17,https://www-2.kkr.mlit.go.jp/plan/jigyousya/technical_information/gijutsukanri/qgl8vl0000004zj9-att/2026_10tanka.pdf,PDL1.0,,近畿地整が独自調査で設定した単価(物価資料に載っていない地区・規格だけ)。消費税抜き。
fdfe8635f821595b,JP,material,生コンクリート・モルタル,生コンクリート,２７－１２－２５（２０） [単位水量175以下W/C55以下],m3,bureau_area,24,三重県,三重 太郎生,,,35500,JPY,design_unit_price_ex_tax,published_pdl,,,2026-10,2026-10-01,kkr-zairyo-r8-10,17,https://www-2.kkr.mlit.go.jp/plan/jigyousya/technical_information/gijutsukanri/qgl8vl0000004zj9-att/2026_10tanka.pdf,PDL1.0,,近畿地整が独自調査で設定した単価(物価資料に載っていない地区・規格だけ)。消費税抜き。
9e8b055a7dbb4c81,JP,material,生コンクリート・モルタル,生コンクリート,２７－１２－２５（２０） [単位水量175以下W/C55以下],m3,bureau_area,24,三重県,三重 紀宝町他,,,38900,JPY,design_unit_price_ex_tax,published_pdl,,,2026-10,2026-10-01,kkr-zairyo-r8-10,17,https://www-2.kkr.mlit.go.jp/plan/jigyousya/technical_information/gijutsukanri/qgl8vl0000004zj9-att/2026_10tanka.pdf,PDL1.0,,近畿地整が独自調査で設定した単価(物価資料に載っていない地区・規格だけ)。消費税抜き。
038e21f91414f148,JP,material,生コンクリート・モルタル,生コンクリート,３０－８－２５（２０） [単位水量175以下W/C55以下],m3,bureau_area,30,和歌山県,和歌山 西牟婁郡他 / すさみ町,,,29900,JPY,design_unit_price_ex_tax,published_pdl,,,2026-10,2026-10-01,kkr-zairyo-r8-10,17,https://www-2.kkr.mlit.go.jp/plan/jigyousya/technical_information/gijutsukanri/qgl8vl0000004zj9-att/2026_10tanka.pdf,PDL1.0,584e4bdc5be9,近畿地整が独自調査で設定した単価(物価資料に載っていない地区・規格だけ)。消費税抜き。
c17fed1aad2f0d18,JP,material,生コンクリート・モルタル,生コンクリート,３０－８－２５（２０） [単位水量175以下W/C55以下],m3,bureau_area,30,和歌山県,和歌山 玉置口,,,39900,JPY,design_unit_price_ex_tax,published_pdl,,,2026-10,2026-10-01,kkr-zairyo-r8-10,17,https://www-2.kkr.mlit.go.jp/plan/jigyousya/technical_information/gijutsukanri/qgl8vl0000004zj9-att/2026_10tanka.pdf,PDL1.0,584e4bdc5be9,近畿地整が独自調査で設定した単価(物価資料に載っていない地区・規格だけ)。消費税抜き。
ea02d45c3aea8a0b,JP,material,生コンクリート・モルタル,生コンクリート,３０－８－２５（２０） [単位水量175以下W/C55以下],m3,bureau_area,24,三重県,三重 名張市,,,30500,JPY,design_unit_price_ex_tax,published_pdl,,,2026-10,2026-10-01,kkr-zairyo-r8-10,17,https://www-2.kkr.mlit.go.jp/plan/jigyousya/technical_information/gijutsukanri/qgl8vl0000004zj9-att/2026_10tanka.pdf,PDL1.0,584e4bdc5be9,近畿地整が独自調査で設定した単価(物価資料に載っていない地区・規格だけ)。消費税抜き。
f22b2bbf2c5e29e0,JP,material,生コンクリート・モルタル,生コンクリート,３０－８－２５（２０） [単位水量175以下W/C55以下],m3,bureau_area,24,三重県,三重 伊賀市 / 旧上野市他,,,30500,JPY,design_unit_price_ex_tax,published_pdl,,,2026-10,2026-10-01,kkr-zairyo-r8-10,17,https://www-2.kkr.mlit.go.jp/plan/jigyousya/technical_information/gijutsukanri/qgl8vl0000004zj9-att/2026_10tanka.pdf,PDL1.0,584e4bdc5be9,近畿地整が独自調査で設定した単価(物価資料に載っていない地区・規格だけ)。消費税抜き。
b394a017573f32c6,JP,material,生コンクリート・モルタル,生コンクリート,３０－８－２５（２０） [単位水量175以下W/C55以下],m3,bureau_area,24,三重県,三重 伊賀市 / 旧青山町,,,30500,JPY,design_unit_price_ex_tax,published_pdl,,,2026-10,2026-10-01,kkr-zairyo-r8-10,17,https://www-2.kkr.mlit.go.jp/plan/jigyousya/technical_information/gijutsukanri/qgl8vl0000004zj9-att/2026_10tanka.pdf,PDL1.0,584e4bdc5be9,近畿地整が独自調査で設定した単価(物価資料に載っていない地区・規格だけ)。消費税抜き。
468fc0971b906bda,JP,material,生コンクリート・モルタル,生コンクリート,３０－８－２５（２０） [単位水量175以下W/C55以下],m3,bureau_area,24,三重県,三重 太郎生,,,36000,JPY,design_unit_price_ex_tax,published_pdl,,,2026-10,2026-10-01,kkr-zairyo-r8-10,17,https://www-2.kkr.mlit.go.jp/plan/jigyousya/technical_information/gijutsukanri/qgl8vl0000004zj9-att/2026_10tanka.pdf,PDL1.0,584e4bdc5be9,近畿地整が独自調査で設定した単価(物価資料に載っていない地区・規格だけ)。消費税抜き。
cb14c7a1a1ebdc97,JP,material,生コンクリート・モルタル,生コンクリート,３０－８－２５（２０） [単位水量175以下W/C55以下],m3,bureau_area,24,三重県,三重 紀宝町他,,,39900,JPY,design_unit_price_ex_tax,published_pdl,,,2026-10,2026-10-01,kkr-zairyo-r8-10,17,https://www-2.kkr.mlit.go.jp/plan/jigyousya/technical_information/gijutsukanri/qgl8vl0000004zj9-att/2026_10tanka.pdf,PDL1.0,584e4bdc5be9,近畿地整が独自調査で設定した単価(物価資料に載っていない地区・規格だけ)。消費税抜き。
b5f92a933ba64a9c,JP,material,生コンクリート・モルタル,生コンクリート,３０－１２－２５（２０） [単位水量175以下W/C55以下],m3,bureau_area,30,和歌山県,和歌山 西牟婁郡他 / すさみ町,,,29900,JPY,design_unit_price_ex_tax,published_pdl,,,2026-10,2026-10-01,kkr-zairyo-r8-10,17,https://www-2.kkr.mlit.go.jp/plan/jigyousya/technical_information/gijutsukanri/qgl8vl0000004zj9-att/2026_10tanka.pdf,PDL1.0,,近畿地整が独自調査で設定した単価(物価資料に載っていない地区・規格だけ)。消費税抜き。
a006f46943db86ef,JP,material,生コンクリート・モルタル,生コンクリート,３０－１２－２５（２０） [単位水量175以下W/C55以下],m3,bureau_area,30,和歌山県,和歌山 玉置口,,,39900,JPY,design_unit_price_ex_tax,published_pdl,,,2026-10,2026-10-01,kkr-zairyo-r8-10,17,https://www-2.kkr.mlit.go.jp/plan/jigyousya/technical_information/gijutsukanri/qgl8vl0000004zj9-att/2026_10tanka.pdf,PDL1.0,,近畿地整が独自調査で設定した単価(物価資料に載っていない地区・規格だけ)。消費税抜き。
4d93d814b1554e8c,JP,material,生コンクリート・モルタル,生コンクリート,３０－１２－２５（２０） [単位水量175以下W/C55以下],m3,bureau_area,24,三重県,三重 名張市,,,30500,JPY,design_unit_price_ex_tax,published_pdl,,,2026-10,2026-10-01,kkr-zairyo-r8-10,17,https://www-2.kkr.mlit.go.jp/plan/jigyousya/technical_information/gijutsukanri/qgl8vl0000004zj9-att/2026_10tanka.pdf,PDL1.0,,近畿地整が独自調査で設定した単価(物価資料に載っていない地区・規格だけ)。消費税抜き。
a0c54d965e8b6258,JP,material,生コンクリート・モルタル,生コンクリート,３０－１２－２５（２０） [単位水量175以下W/C55以下],m3,bureau_area,24,三重県,三重 伊賀市 / 旧上野市他,,,30500,JPY,design_unit_price_ex_tax,published_pdl,,,2026-10,2026-10-01,kkr-zairyo-r8-10,17,https://www-2.kkr.mlit.go.jp/plan/jigyousya/technical_information/gijutsukanri/qgl8vl0000004zj9-att/2026_10tanka.pdf,PDL1.0,,近畿地整が独自調査で設定した単価(物価資料に載っていない地区・規格だけ)。消費税抜き。
c3876baa3d920dd5,JP,material,生コンクリート・モルタル,生コンクリート,３０－１２－２５（２０） [単位水量175以下W/C55以下],m3,bureau_area,24,三重県,三重 伊賀市 / 旧青山町,,,30500,JPY,design_unit_price_ex_tax,published_pdl,,,2026-10,2026-10-01,kkr-zairyo-r8-10,17,https://www-2.kkr.mlit.go.jp/plan/jigyousya/technical_information/gijutsukanri/qgl8vl0000004zj9-att/2026_10tanka.pdf,PDL1.0,,近畿地整が独自調査で設定した単価(物価資料に載っていない地区・規格だけ)。消費税抜き。
fed4daaf8d2d7798,JP,material,生コンクリート・モルタル,生コンクリート,３０－１２－２５（２０） [単位水量175以下W/C55以下],m3,bureau_area,24,三重県,三重 太郎生,,,36000,JPY,design_unit_price_ex_tax,published_pdl,,,2026-10,2026-10-01,kkr-zairyo-r8-10,17,https://www-2.kkr.mlit.go.jp/plan/jigyousya/technical_information/gijutsukanri/qgl8vl0000004zj9-att/2026_10tanka.pdf,PDL1.0,,近畿地整が独自調査で設定した単価(物価資料に載っていない地区・規格だけ)。消費税抜き。
385630f715d667a1,JP,material,生コンクリート・モルタル,生コンクリート,３０－１２－２５（２０） [単位水量175以下W/C55以下],m3,bureau_area,24,三重県,三重 紀宝町他,,,39900,JPY,design_unit_price_ex_tax,published_pdl,,,2026-10,2026-10-01,kkr-zairyo-r8-10,17,https://www-2.kkr.mlit.go.jp/plan/jigyousya/technical_information/gijutsukanri/qgl8vl0000004zj9-att/2026_10tanka.pdf,PDL1.0,,近畿地整が独自調査で設定した単価(物価資料に載っていない地区・規格だけ)。消費税抜き。
cbc782c6df3b715a,JP,material,生コンクリート・モルタル,生コンクリート,３６－８－２５（２０） [単位水量175以下W/C55以下],m3,bureau_area,30,和歌山県,和歌山 西牟婁郡他 / すさみ町,,,31100,JPY,design_unit_price_ex_tax,published_pdl,,,2026-10,2026-10-01,kkr-zairyo-r8-10,17,https://www-2.kkr.mlit.go.jp/plan/jigyousya/technical_information/gijutsukanri/qgl8vl0000004zj9-att/2026_10tanka.pdf,PDL1.0,193e785636bd,近畿地整が独自調査で設定した単価(物価資料に載っていない地区・規格だけ)。消費税抜き。
cef5925c7a48fd08,JP,material,生コンクリート・モルタル,生コンクリート,３６－８－２５（２０） [単位水量175以下W/C55以下],m3,bureau_area,30,和歌山県,和歌山 玉置口,,,47900,JPY,design_unit_price_ex_tax,published_pdl,,,2026-10,2026-10-01,kkr-zairyo-r8-10,17,https://www-2.kkr.mlit.go.jp/plan/jigyousya/technical_information/gijutsukanri/qgl8vl0000004zj9-att/2026_10tanka.pdf,PDL1.0,193e785636bd,近畿地整が独自調査で設定した単価(物価資料に載っていない地区・規格だけ)。消費税抜き。
49a2720d5a3f351f,JP,material,生コンクリート・モルタル,生コンクリート,３６－８－２５（２０） [単位水量175以下W/C55以下],m3,bureau_area,24,三重県,三重 名張市,,,31500,JPY,design_unit_price_ex_tax,published_pdl,,,2026-10,2026-10-01,kkr-zairyo-r8-10,17,https://www-2.kkr.mlit.go.jp/plan/jigyousya/technical_information/gijutsukanri/qgl8vl0000004zj9-att/2026_10tanka.pdf,PDL1.0,193e785636bd,近畿地整が独自調査で設定した単価(物価資料に載っていない地区・規格だけ)。消費税抜き。
f43d922a76629591,JP,material,生コンクリート・モルタル,生コンクリート,３６－８－２５（２０） [単位水量175以下W/C55以下],m3,bureau_area,24,三重県,三重 伊賀市 / 旧上野市他,,,31500,JPY,design_unit_price_ex_tax,published_pdl,,,2026-10,2026-10-01,kkr-zairyo-r8-10,17,https://www-2.kkr.mlit.go.jp/plan/jigyousya/technical_information/gijutsukanri/qgl8vl0000004zj9-att/2026_10tanka.pdf,PDL1.0,193e785636bd,近畿地整が独自調査で設定した単価(物価資料に載っていない地区・規格だけ)。消費税抜き。
80de3db01f3bf6cb,JP,material,生コンクリート・モルタル,生コンクリート,３６－８－２５（２０） [単位水量175以下W/C55以下],m3,bureau_area,24,三重県,三重 伊賀市 / 旧青山町,,,31500,JPY,design_unit_price_ex_tax,published_pdl,,,2026-10,2026-10-01,kkr-zairyo-r8-10,17,https://www-2.kkr.mlit.go.jp/plan/jigyousya/technical_information/gijutsukanri/qgl8vl0000004zj9-att/2026_10tanka.pdf,PDL1.0,193e785636bd,近畿地整が独自調査で設定した単価(物価資料に載っていない地区・規格だけ)。消費税抜き。
e80e3957d94e9485,JP,material,生コンクリート・モルタル,生コンクリート,３６－８－２５（２０） [単位水量175以下W/C55以下],m3,bureau_area,24,三重県,三重 太郎生,,,37000,JPY,design_unit_price_ex_tax,published_pdl,,,2026-10,2026-10-01,kkr-zairyo-r8-10,17,https://www-2.kkr.mlit.go.jp/plan/jigyousya/technical_information/gijutsukanri/qgl8vl0000004zj9-att/2026_10tanka.pdf,PDL1.0,193e785636bd,近畿地整が独自調査で設定した単価(物価資料に載っていない地区・規格だけ)。消費税抜き。
7a3a27c82c7976b5,JP,material,生コンクリート・モルタル,生コンクリート,３６－８－２５（２０） [単位水量175以下W/C55以下],m3,bureau_area,24,三重県,三重 紀宝町他,,,41900,JPY,design_unit_price_ex_tax,published_pdl,,,2026-10,2026-10-01,kkr-zairyo-r8-10,17,https://www-2.kkr.mlit.go.jp/plan/jigyousya/technical_information/gijutsukanri/qgl8vl0000004zj9-att/2026_10tanka.pdf,PDL1.0,193e785636bd,近畿地整が独自調査で設定した単価(物価資料に載っていない地区・規格だけ)。消費税抜き。
2f1365c731d4f4dd,JP,material,生コンクリート・モルタル,生コンクリート,４０－８－２５（２０） [単位水量175以下W/C55以下],m3,bureau_area,30,和歌山県,和歌山 西牟婁郡他 / すさみ町,,,31700,JPY,design_unit_price_ex_tax,published_pdl,,,2026-10,2026-10-01,kkr-zairyo-r8-10,17,https://www-2.kkr.mlit.go.jp/plan/jigyousya/technical_information/gijutsukanri/qgl8vl0000004zj9-att/2026_10tanka.pdf,PDL1.0,112927640be2,近畿地整が独自調査で設定した単価(物価資料に載っていない地区・規格だけ)。消費税抜き。
69df257be744d714,JP,material,生コンクリート・モルタル,生コンクリート,４０－８－２５（２０） [単位水量175以下W/C55以下],m3,bureau_area,30,和歌山県,和歌山 玉置口,,,48900,JPY,design_unit_price_ex_tax,published_pdl,,,2026-10,2026-10-01,kkr-zairyo-r8-10,17,https://www-2.kkr.mlit.go.jp/plan/jigyousya/technical_information/gijutsukanri/qgl8vl0000004zj9-att/2026_10tanka.pdf,PDL1.0,112927640be2,近畿地整が独自調査で設定した単価(物価資料に載っていない地区・規格だけ)。消費税抜き。
78b5d032faab6469,JP,material,生コンクリート・モルタル,生コンクリート,４０－８－２５（２０） [単位水量175以下W/C55以下],m3,bureau_area,24,三重県,三重 名張市,,,32000,JPY,design_unit_price_ex_tax,published_pdl,,,2026-10,2026-10-01,kkr-zairyo-r8-10,17,https://www-2.kkr.mlit.go.jp/plan/jigyousya/technical_information/gijutsukanri/qgl8vl0000004zj9-att/2026_10tanka.pdf,PDL1.0,112927640be2,近畿地整が独自調査で設定した単価(物価資料に載っていない地区・規格だけ)。消費税抜き。
3499a8bacf1c732d,JP,material,生コンクリート・モルタル,生コンクリート,４０－８－２５（２０） [単位水量175以下W/C55以下],m3,bureau_area,24,三重県,三重 伊賀市 / 旧上野市他,,,32000,JPY,design_unit_price_ex_tax,published_pdl,,,2026-10,2026-10-01,kkr-zairyo-r8-10,17,https://www-2.kkr.mlit.go.jp/plan/jigyousya/technical_information/gijutsukanri/qgl8vl0000004zj9-att/2026_10tanka.pdf,PDL1.0,112927640be2,近畿地整が独自調査で設定した単価(物価資料に載っていない地区・規格だけ)。消費税抜き。
8996e28f04d0905c,JP,material,生コンクリート・モルタル,生コンクリート,４０－８－２５（２０） [単位水量175以下W/C55以下],m3,bureau_area,24,三重県,三重 伊賀市 / 旧青山町,,,32000,JPY,design_unit_price_ex_tax,published_pdl,,,2026-10,2026-10-01,kkr-zairyo-r8-10,17,https://www-2.kkr.mlit.go.jp/plan/jigyousya/technical_information/gijutsukanri/qgl8vl0000004zj9-att/2026_10tanka.pdf,PDL1.0,112927640be2,近畿地整が独自調査で設定した単価(物価資料に載っていない地区・規格だけ)。消費税抜き。
6edf0fd004e267b1,JP,material,生コンクリート・モルタル,生コンクリート,４０－８－２５（２０） [単位水量175以下W/C55以下],m3,bureau_area,24,三重県,三重 太郎生,,,39500,JPY,design_unit_price_ex_tax,published_pdl,,,2026-10,2026-10-01,kkr-zairyo-r8-10,17,https://www-2.kkr.mlit.go.jp/plan/jigyousya/technical_information/gijutsukanri/qgl8vl0000004zj9-att/2026_10tanka.pdf,PDL1.0,112927640be2,近畿地整が独自調査で設定した単価(物価資料に載っていない地区・規格だけ)。消費税抜き。
8079500e4b942e4b,JP,material,生コンクリート・モルタル,生コンクリート,４０－８－２５（２０） [単位水量175以下W/C55以下],m3,bureau_area,24,三重県,三重 紀宝町他,,,42900,JPY,design_unit_price_ex_tax,published_pdl,,,2026-10,2026-10-01,kkr-zairyo-r8-10,17,https://www-2.kkr.mlit.go.jp/plan/jigyousya/technical_information/gijutsukanri/qgl8vl0000004zj9-att/2026_10tanka.pdf,PDL1.0,112927640be2,近畿地整が独自調査で設定した単価(物価資料に載っていない地区・規格だけ)。消費税抜き。
6476757b856d8134,JP,material,生コンクリート・モルタル,生コンクリート,１８－５－４０ [単位水量165以下W/C60以下],m3,bureau_area,30,和歌山県,和歌山 西牟婁郡他 / すさみ町,,,28000,JPY,design_unit_price_ex_tax,published_pdl,,,2026-10,2026-10-01,kkr-zairyo-r8-10,17,https://www-2.kkr.mlit.go.jp/plan/jigyousya/technical_information/gijutsukanri/qgl8vl0000004zj9-att/2026_10tanka.pdf,PDL1.0,f12f38c0ab30,近畿地整が独自調査で設定した単価(物価資料に載っていない地区・規格だけ)。消費税抜き。
69f1c88695a34a67,JP,material,生コンクリート・モルタル,生コンクリート,１８－５－４０ [単位水量165以下W/C60以下],m3,bureau_area,30,和歌山県,和歌山 玉置口,,,35900,JPY,design_unit_price_ex_tax,published_pdl,,,2026-10,2026-10-01,kkr-zairyo-r8-10,17,https://www-2.kkr.mlit.go.jp/plan/jigyousya/technical_information/gijutsukanri/qgl8vl0000004zj9-att/2026_10tanka.pdf,PDL1.0,f12f38c0ab30,近畿地整が独自調査で設定した単価(物価資料に載っていない地区・規格だけ)。消費税抜き。
b0fbc761da660cbf,JP,material,生コンクリート・モルタル,生コンクリート,１８－５－４０ [単位水量165以下W/C60以下],m3,bureau_area,24,三重県,三重 名張市,,,29000,JPY,design_unit_price_ex_tax,published_pdl,,,2026-10,2026-10-01,kkr-zairyo-r8-10,17,https://www-2.kkr.mlit.go.jp/plan/jigyousya/technical_information/gijutsukanri/qgl8vl0000004zj9-att/2026_10tanka.pdf,PDL1.0,f12f38c0ab30,近畿地整が独自調査で設定した単価(物価資料に載っていない地区・規格だけ)。消費税抜き。
7434fb0c35c864e5,JP,material,生コンクリート・モルタル,生コンクリート,１８－５－４０ [単位水量165以下W/C60以下],m3,bureau_area,24,三重県,三重 伊賀市 / 旧上野市他,,,29000,JPY,design_unit_price_ex_tax,published_pdl,,,2026-10,2026-10-01,kkr-zairyo-r8-10,17,https://www-2.kkr.mlit.go.jp/plan/jigyousya/technical_information/gijutsukanri/qgl8vl0000004zj9-att/2026_10tanka.pdf,PDL1.0,f12f38c0ab30,近畿地整が独自調査で設定した単価(物価資料に載っていない地区・規格だけ)。消費税抜き。
9d5fe99bc0eb8f20,JP,material,生コンクリート・モルタル,生コンクリート,１８－５－４０ [単位水量165以下W/C60以下],m3,bureau_area,24,三重県,三重 伊賀市 / 旧青山町,,,29000,JPY,design_unit_price_ex_tax,published_pdl,,,2026-10,2026-10-01,kkr-zairyo-r8-10,17,https://www-2.kkr.mlit.go.jp/plan/jigyousya/technical_information/gijutsukanri/qgl8vl0000004zj9-att/2026_10tanka.pdf,PDL1.0,f12f38c0ab30,近畿地整が独自調査で設定した単価(物価資料に載っていない地区・規格だけ)。消費税抜き。
4b18a4eb0c75ff35,JP,material,生コンクリート・モルタル,生コンクリート,１８－５－４０ [単位水量165以下W/C60以下],m3,bureau_area,24,三重県,三重 太郎生,,,34500,JPY,design_unit_price_ex_tax,published_pdl,,,2026-10,2026-10-01,kkr-zairyo-r8-10,17,https://www-2.kkr.mlit.go.jp/plan/jigyousya/technical_information/gijutsukanri/qgl8vl0000004zj9-att/2026_10tanka.pdf,PDL1.0,f12f38c0ab30,近畿地整が独自調査で設定した単価(物価資料に載っていない地区・規格だけ)。消費税抜き。
e1892cabf399073b,JP,material,生コンクリート・モルタル,生コンクリート,１８－５－４０ [単位水量165以下W/C60以下],m3,bureau_area,24,三重県,三重 紀宝町他,,,36900,JPY,design_unit_price_ex_tax,published_pdl,,,2026-10,2026-10-01,kkr-zairyo-r8-10,17,https://www-2.kkr.mlit.go.jp/plan/jigyousya/technical_information/gijutsukanri/qgl8vl0000004zj9-att/2026_10tanka.pdf,PDL1.0,f12f38c0ab30,近畿地整が独自調査で設定した単価(物価資料に載っていない地区・規格だけ)。消費税抜き。
bfefa90b7d9a56df,JP,material,生コンクリート・モルタル,生コンクリート,１８－８－４０ [単位水量165以下W/C60以下],m3,bureau_area,30,和歌山県,和歌山 西牟婁郡他 / すさみ町,,,28000,JPY,design_unit_price_ex_tax,published_pdl,,,2026-10,2026-10-01,kkr-zairyo-r8-10,17,https://www-2.kkr.mlit.go.jp/plan/jigyousya/technical_information/gijutsukanri/qgl8vl0000004zj9-att/2026_10tanka.pdf,PDL1.0,a127d57ee7b5,近畿地整が独自調査で設定した単価(物価資料に載っていない地区・規格だけ)。消費税抜き。
89c32c80afaf0edd,JP,material,生コンクリート・モルタル,生コンクリート,１８－８－４０ [単位水量165以下W/C60以下],m3,bureau_area,30,和歌山県,和歌山 玉置口,,,35900,JPY,design_unit_price_ex_tax,published_pdl,,,2026-10,2026-10-01,kkr-zairyo-r8-10,17,https://www-2.kkr.mlit.go.jp/plan/jigyousya/technical_information/gijutsukanri/qgl8vl0000004zj9-att/2026_10tanka.pdf,PDL1.0,a127d57ee7b5,近畿地整が独自調査で設定した単価(物価資料に載っていない地区・規格だけ)。消費税抜き。
57240517b0ad77fe,JP,material,生コンクリート・モルタル,生コンクリート,１８－８－４０ [単位水量165以下W/C60以下],m3,bureau_area,24,三重県,三重 名張市,,,29000,JPY,design_unit_price_ex_tax,published_pdl,,,2026-10,2026-10-01,kkr-zairyo-r8-10,17,https://www-2.kkr.mlit.go.jp/plan/jigyousya/technical_information/gijutsukanri/qgl8vl0000004zj9-att/2026_10tanka.pdf,PDL1.0,a127d57ee7b5,近畿地整が独自調査で設定した単価(物価資料に載っていない地区・規格だけ)。消費税抜き。
303429c23ec85c3e,JP,material,生コンクリート・モルタル,生コンクリート,１８－８－４０ [単位水量165以下W/C60以下],m3,bureau_area,24,三重県,三重 伊賀市 / 旧上野市他,,,29000,JPY,design_unit_price_ex_tax,published_pdl,,,2026-10,2026-10-01,kkr-zairyo-r8-10,17,https://www-2.kkr.mlit.go.jp/plan/jigyousya/technical_information/gijutsukanri/qgl8vl0000004zj9-att/2026_10tanka.pdf,PDL1.0,a127d57ee7b5,近畿地整が独自調査で設定した単価(物価資料に載っていない地区・規格だけ)。消費税抜き。
10e29072d4ef3e05,JP,material,生コンクリート・モルタル,生コンクリート,１８－８－４０ [単位水量165以下W/C60以下],m3,bureau_area,24,三重県,三重 伊賀市 / 旧青山町,,,29000,JPY,design_unit_price_ex_tax,published_pdl,,,2026-10,2026-10-01,kkr-zairyo-r8-10,17,https://www-2.kkr.mlit.go.jp/plan/jigyousya/technical_information/gijutsukanri/qgl8vl0000004zj9-att/2026_10tanka.pdf,PDL1.0,a127d57ee7b5,近畿地整が独自調査で設定した単価(物価資料に載っていない地区・規格だけ)。消費税抜き。
bc44aef37e65b984,JP,material,生コンクリート・モルタル,生コンクリート,１８－８－４０ [単位水量165以下W/C60以下],m3,bureau_area,24,三重県,三重 太郎生,,,34500,JPY,design_unit_price_ex_tax,published_pdl,,,2026-10,2026-10-01,kkr-zairyo-r8-10,17,https://www-2.kkr.mlit.go.jp/plan/jigyousya/technical_information/gijutsukanri/qgl8vl0000004zj9-att/2026_10tanka.pdf,PDL1.0,a127d57ee7b5,近畿地整が独自調査で設定した単価(物価資料に載っていない地区・規格だけ)。消費税抜き。
921ca950d844dab5,JP,material,生コンクリート・モルタル,生コンクリート,１８－８－４０ [単位水量165以下W/C60以下],m3,bureau_area,24,三重県,三重 紀宝町他,,,36900,JPY,design_unit_price_ex_tax,published_pdl,,,2026-10,2026-10-01,kkr-zairyo-r8-10,17,https://www-2.kkr.mlit.go.jp/plan/jigyousya/technical_information/gijutsukanri/qgl8vl0000004zj9-att/2026_10tanka.pdf,PDL1.0,a127d57ee7b5,近畿地整が独自調査で設定した単価(物価資料に載っていない地区・規格だけ)。消費税抜き。
27552cebb3e4b662,JP,material,生コンクリート・モルタル,生コンクリート,１８－８－４０ Ｃ＝２３０以上 [単位水量165以下W/C60以下],m3,bureau_area,30,和歌山県,和歌山 西牟婁郡他 / すさみ町,,,28000,JPY,design_unit_price_ex_tax,published_pdl,,,2026-10,2026-10-01,kkr-zairyo-r8-10,17,https://www-2.kkr.mlit.go.jp/plan/jigyousya/technical_information/gijutsukanri/qgl8vl0000004zj9-att/2026_10tanka.pdf,PDL1.0,,近畿地整が独自調査で設定した単価(物価資料に載っていない地区・規格だけ)。消費税抜き。
bcafeeaebeac2f6b,JP,material,生コンクリート・モルタル,生コンクリート,１８－８－４０ Ｃ＝２３０以上 [単位水量165以下W/C60以下],m3,bureau_area,30,和歌山県,和歌山 玉置口,,,35900,JPY,design_unit_price_ex_tax,published_pdl,,,2026-10,2026-10-01,kkr-zairyo-r8-10,17,https://www-2.kkr.mlit.go.jp/plan/jigyousya/technical_information/gijutsukanri/qgl8vl0000004zj9-att/2026_10tanka.pdf,PDL1.0,,近畿地整が独自調査で設定した単価(物価資料に載っていない地区・規格だけ)。消費税抜き。
fb8069bee9027d03,JP,material,生コンクリート・モルタル,生コンクリート,１８－８－４０ Ｃ＝２３０以上 [単位水量165以下W/C60以下],m3,bureau_area,24,三重県,三重 名張市,,,29000,JPY,design_unit_price_ex_tax,published_pdl,,,2026-10,2026-10-01,kkr-zairyo-r8-10,17,https://www-2.kkr.mlit.go.jp/plan/jigyousya/technical_information/gijutsukanri/qgl8vl0000004zj9-att/2026_10tanka.pdf,PDL1.0,,近畿地整が独自調査で設定した単価(物価資料に載っていない地区・規格だけ)。消費税抜き。
d73a82772cdcf7fb,JP,material,生コンクリート・モルタル,生コンクリート,１８－８－４０ Ｃ＝２３０以上 [単位水量165以下W/C60以下],m3,bureau_area,24,三重県,三重 伊賀市 / 旧上野市他,,,29000,JPY,design_unit_price_ex_tax,published_pdl,,,2026-10,2026-10-01,kkr-zairyo-r8-10,17,https://www-2.kkr.mlit.go.jp/plan/jigyousya/technical_information/gijutsukanri/qgl8vl0000004zj9-att/2026_10tanka.pdf,PDL1.0,,近畿地整が独自調査で設定した単価(物価資料に載っていない地区・規格だけ)。消費税抜き。
87c1054759ad3fdd,JP,material,生コンクリート・モルタル,生コンクリート,１８－８－４０ Ｃ＝２３０以上 [単位水量165以下W/C60以下],m3,bureau_area,24,三重県,三重 伊賀市 / 旧青山町,,,29000,JPY,design_unit_price_ex_tax,published_pdl,,,2026-10,2026-10-01,kkr-zairyo-r8-10,17,https://www-2.kkr.mlit.go.jp/plan/jigyousya/technical_information/gijutsukanri/qgl8vl0000004zj9-att/2026_10tanka.pdf,PDL1.0,,近畿地整が独自調査で設定した単価(物価資料に載っていない地区・規格だけ)。消費税抜き。
e4b196dafab13103,JP,material,生コンクリート・モルタル,生コンクリート,１８－８－４０ Ｃ＝２３０以上 [単位水量165以下W/C60以下],m3,bureau_area,24,三重県,三重 太郎生,,,34500,JPY,design_unit_price_ex_tax,published_pdl,,,2026-10,2026-10-01,kkr-zairyo-r8-10,17,https://www-2.kkr.mlit.go.jp/plan/jigyousya/technical_information/gijutsukanri/qgl8vl0000004zj9-att/2026_10tanka.pdf,PDL1.0,,近畿地整が独自調査で設定した単価(物価資料に載っていない地区・規格だけ)。消費税抜き。
18a017132ff7fc52,JP,material,生コンクリート・モルタル,生コンクリート,１８－８－４０ Ｃ＝２３０以上 [単位水量165以下W/C60以下],m3,bureau_area,24,三重県,三重 紀宝町他,,,36900,JPY,design_unit_price_ex_tax,published_pdl,,,2026-10,2026-10-01,kkr-zairyo-r8-10,17,https://www-2.kkr.mlit.go.jp/plan/jigyousya/technical_information/gijutsukanri/qgl8vl0000004zj9-att/2026_10tanka.pdf,PDL1.0,,近畿地整が独自調査で設定した単価(物価資料に載っていない地区・規格だけ)。消費税抜き。
18ccaaa8bf54222f,JP,material,生コンクリート・モルタル,生コンクリート,１８－１２－４０ [単位水量165以下W/C60以下],m3,bureau_area,30,和歌山県,和歌山 西牟婁郡他 / すさみ町,,,28000,JPY,design_unit_price_ex_tax,published_pdl,,,2026-10,2026-10-01,kkr-zairyo-r8-10,17,https://www-2.kkr.mlit.go.jp/plan/jigyousya/technical_information/gijutsukanri/qgl8vl0000004zj9-att/2026_10tanka.pdf,PDL1.0,a0a2b7e37a63,近畿地整が独自調査で設定した単価(物価資料に載っていない地区・規格だけ)。消費税抜き。
5b013201ab944555,JP,material,生コンクリート・モルタル,生コンクリート,１８－１２－４０ [単位水量165以下W/C60以下],m3,bureau_area,30,和歌山県,和歌山 玉置口,,,35900,JPY,design_unit_price_ex_tax,published_pdl,,,2026-10,2026-10-01,kkr-zairyo-r8-10,17,https://www-2.kkr.mlit.go.jp/plan/jigyousya/technical_information/gijutsukanri/qgl8vl0000004zj9-att/2026_10tanka.pdf,PDL1.0,a0a2b7e37a63,近畿地整が独自調査で設定した単価(物価資料に載っていない地区・規格だけ)。消費税抜き。
2886b5a27a3815c5,JP,material,生コンクリート・モルタル,生コンクリート,１８－１２－４０ [単位水量165以下W/C60以下],m3,bureau_area,24,三重県,三重 名張市,,,29000,JPY,design_unit_price_ex_tax,published_pdl,,,2026-10,2026-10-01,kkr-zairyo-r8-10,17,https://www-2.kkr.mlit.go.jp/plan/jigyousya/technical_information/gijutsukanri/qgl8vl0000004zj9-att/2026_10tanka.pdf,PDL1.0,a0a2b7e37a63,近畿地整が独自調査で設定した単価(物価資料に載っていない地区・規格だけ)。消費税抜き。
a6589fdfc0451f0a,JP,material,生コンクリート・モルタル,生コンクリート,１８－１２－４０ [単位水量165以下W/C60以下],m3,bureau_area,24,三重県,三重 伊賀市 / 旧上野市他,,,29000,JPY,design_unit_price_ex_tax,published_pdl,,,2026-10,2026-10-01,kkr-zairyo-r8-10,17,https://www-2.kkr.mlit.go.jp/plan/jigyousya/technical_information/gijutsukanri/qgl8vl0000004zj9-att/2026_10tanka.pdf,PDL1.0,a0a2b7e37a63,近畿地整が独自調査で設定した単価(物価資料に載っていない地区・規格だけ)。消費税抜き。
847a72c815594d77,JP,material,生コンクリート・モルタル,生コンクリート,１８－１２－４０ [単位水量165以下W/C60以下],m3,bureau_area,24,三重県,三重 伊賀市 / 旧青山町,,,29000,JPY,design_unit_price_ex_tax,published_pdl,,,2026-10,2026-10-01,kkr-zairyo-r8-10,17,https://www-2.kkr.mlit.go.jp/plan/jigyousya/technical_information/gijutsukanri/qgl8vl0000004zj9-att/2026_10tanka.pdf,PDL1.0,a0a2b7e37a63,近畿地整が独自調査で設定した単価(物価資料に載っていない地区・規格だけ)。消費税抜き。
623506df7490776e,JP,material,生コンクリート・モルタル,生コンクリート,１８－１２－４０ [単位水量165以下W/C60以下],m3,bureau_area,24,三重県,三重 太郎生,,,34500,JPY,design_unit_price_ex_tax,published_pdl,,,2026-10,2026-10-01,kkr-zairyo-r8-10,17,https://www-2.kkr.mlit.go.jp/plan/jigyousya/technical_information/gijutsukanri/qgl8vl0000004zj9-att/2026_10tanka.pdf,PDL1.0,a0a2b7e37a63,近畿地整が独自調査で設定した単価(物価資料に載っていない地区・規格だけ)。消費税抜き。
58495288e07d53dd,JP,material,生コンクリート・モルタル,生コンクリート,１８－１２－４０ [単位水量165以下W/C60以下],m3,bureau_area,24,三重県,三重 紀宝町他,,,36900,JPY,design_unit_price_ex_tax,published_pdl,,,2026-10,2026-10-01,kkr-zairyo-r8-10,17,https://www-2.kkr.mlit.go.jp/plan/jigyousya/technical_information/gijutsukanri/qgl8vl0000004zj9-att/2026_10tanka.pdf,PDL1.0,a0a2b7e37a63,近畿地整が独自調査で設定した単価(物価資料に載っていない地区・規格だけ)。消費税抜き。
7c89e5f8b0772ea1,JP,material,生コンクリート・モルタル,生コンクリート,１８－１２－４０ Ｃ＝２７０ [単位水量165以下W/C60以下],m3,bureau_area,30,和歌山県,和歌山 西牟婁郡他 / すさみ町,,,28600,JPY,design_unit_price_ex_tax,published_pdl,,,2026-10,2026-10-01,kkr-zairyo-r8-10,17,https://www-2.kkr.mlit.go.jp/plan/jigyousya/technical_information/gijutsukanri/qgl8vl0000004zj9-att/2026_10tanka.pdf,PDL1.0,,近畿地整が独自調査で設定した単価(物価資料に載っていない地区・規格だけ)。消費税抜き。
5fa84a0c3af29a49,JP,material,生コンクリート・モルタル,生コンクリート,１８－１２－４０ Ｃ＝２７０ [単位水量165以下W/C60以下],m3,bureau_area,30,和歌山県,和歌山 玉置口,,,37900,JPY,design_unit_price_ex_tax,published_pdl,,,2026-10,2026-10-01,kkr-zairyo-r8-10,17,https://www-2.kkr.mlit.go.jp/plan/jigyousya/technical_information/gijutsukanri/qgl8vl0000004zj9-att/2026_10tanka.pdf,PDL1.0,,近畿地整が独自調査で設定した単価(物価資料に載っていない地区・規格だけ)。消費税抜き。
ce277f5bfbcad8a5,JP,material,生コンクリート・モルタル,生コンクリート,１８－１２－４０ Ｃ＝２７０ [単位水量165以下W/C60以下],m3,bureau_area,24,三重県,三重 名張市,,,29000,JPY,design_unit_price_ex_tax,published_pdl,,,2026-10,2026-10-01,kkr-zairyo-r8-10,17,https://www-2.kkr.mlit.go.jp/plan/jigyousya/technical_information/gijutsukanri/qgl8vl0000004zj9-att/2026_10tanka.pdf,PDL1.0,,近畿地整が独自調査で設定した単価(物価資料に載っていない地区・規格だけ)。消費税抜き。
48851b1c2afb995a,JP,material,生コンクリート・モルタル,生コンクリート,１８－１２－４０ Ｃ＝２７０ [単位水量165以下W/C60以下],m3,bureau_area,24,三重県,三重 伊賀市 / 旧上野市他,,,29000,JPY,design_unit_price_ex_tax,published_pdl,,,2026-10,2026-10-01,kkr-zairyo-r8-10,17,https://www-2.kkr.mlit.go.jp/plan/jigyousya/technical_information/gijutsukanri/qgl8vl0000004zj9-att/2026_10tanka.pdf,PDL1.0,,近畿地整が独自調査で設定した単価(物価資料に載っていない地区・規格だけ)。消費税抜き。
4a6113bd1dde66ed,JP,material,生コンクリート・モルタル,生コンクリート,１８－１２－４０ Ｃ＝２７０ [単位水量165以下W/C60以下],m3,bureau_area,24,三重県,三重 伊賀市 / 旧青山町,,,29000,JPY,design_unit_price_ex_tax,published_pdl,,,2026-10,2026-10-01,kkr-zairyo-r8-10,17,https://www-2.kkr.mlit.go.jp/plan/jigyousya/technical_information/gijutsukanri/qgl8vl0000004zj9-att/2026_10tanka.pdf,PDL1.0,,近畿地整が独自調査で設定した単価(物価資料に載っていない地区・規格だけ)。消費税抜き。
e72eb829c585bc43,JP,material,生コンクリート・モルタル,生コンクリート,１８－１２－４０ Ｃ＝２７０ [単位水量165以下W/C60以下],m3,bureau_area,24,三重県,三重 太郎生,,,34500,JPY,design_unit_price_ex_tax,published_pdl,,,2026-10,2026-10-01,kkr-zairyo-r8-10,17,https://www-2.kkr.mlit.go.jp/plan/jigyousya/technical_information/gijutsukanri/qgl8vl0000004zj9-att/2026_10tanka.pdf,PDL1.0,,近畿地整が独自調査で設定した単価(物価資料に載っていない地区・規格だけ)。消費税抜き。
fdc8a9a0059bf670,JP,material,生コンクリート・モルタル,生コンクリート,１８－１２－４０ Ｃ＝２７０ [単位水量165以下W/C60以下],m3,bureau_area,24,三重県,三重 紀宝町他,,,36900,JPY,design_unit_price_ex_tax,published_pdl,,,2026-10,2026-10-01,kkr-zairyo-r8-10,17,https://www-2.kkr.mlit.go.jp/plan/jigyousya/technical_information/gijutsukanri/qgl8vl0000004zj9-att/2026_10tanka.pdf,PDL1.0,,近畿地整が独自調査で設定した単価(物価資料に載っていない地区・規格だけ)。消費税抜き。
db0395164df3b176,JP,material,生コンクリート・モルタル,生コンクリート,２１－５－４０ [単位水量165以下W/C60以下],m3,bureau_area,30,和歌山県,和歌山 西牟婁郡他 / すさみ町,,,28000,JPY,design_unit_price_ex_tax,published_pdl,,,2026-10,2026-10-01,kkr-zairyo-r8-10,17,https://www-2.kkr.mlit.go.jp/plan/jigyousya/technical_information/gijutsukanri/qgl8vl0000004zj9-att/2026_10tanka.pdf,PDL1.0,d935f5461a1f,近畿地整が独自調査で設定した単価(物価資料に載っていない地区・規格だけ)。消費税抜き。
9639eb24f46b9e7e,JP,material,生コンクリート・モルタル,生コンクリート,２１－５－４０ [単位水量165以下W/C60以下],m3,bureau_area,30,和歌山県,和歌山 玉置口,,,36900,JPY,design_unit_price_ex_tax,published_pdl,,,2026-10,2026-10-01,kkr-zairyo-r8-10,17,https://www-2.kkr.mlit.go.jp/plan/jigyousya/technical_information/gijutsukanri/qgl8vl0000004zj9-att/2026_10tanka.pdf,PDL1.0,d935f5461a1f,近畿地整が独自調査で設定した単価(物価資料に載っていない地区・規格だけ)。消費税抜き。
793151b8c539f321,JP,material,生コンクリート・モルタル,生コンクリート,２１－５－４０ [単位水量165以下W/C60以下],m3,bureau_area,24,三重県,三重 名張市,,,29000,JPY,design_unit_price_ex_tax,published_pdl,,,2026-10,2026-10-01,kkr-zairyo-r8-10,17,https://www-2.kkr.mlit.go.jp/plan/jigyousya/technical_information/gijutsukanri/qgl8vl0000004zj9-att/2026_10tanka.pdf,PDL1.0,d935f5461a1f,近畿地整が独自調査で設定した単価(物価資料に載っていない地区・規格だけ)。消費税抜き。
966cffa61600c670,JP,material,生コンクリート・モルタル,生コンクリート,２１－５－４０ [単位水量165以下W/C60以下],m3,bureau_area,24,三重県,三重 伊賀市 / 旧上野市他,,,29000,JPY,design_unit_price_ex_tax,published_pdl,,,2026-10,2026-10-01,kkr-zairyo-r8-10,17,https://www-2.kkr.mlit.go.jp/plan/jigyousya/technical_information/gijutsukanri/qgl8vl0000004zj9-att/2026_10tanka.pdf,PDL1.0,d935f5461a1f,近畿地整が独自調査で設定した単価(物価資料に載っていない地区・規格だけ)。消費税抜き。
e6952a4e5b0ba3e5,JP,material,生コンクリート・モルタル,生コンクリート,２１－５－４０ [単位水量165以下W/C60以下],m3,bureau_area,24,三重県,三重 伊賀市 / 旧青山町,,,29000,JPY,design_unit_price_ex_tax,published_pdl,,,2026-10,2026-10-01,kkr-zairyo-r8-10,17,https://www-2.kkr.mlit.go.jp/plan/jigyousya/technical_information/gijutsukanri/qgl8vl0000004zj9-att/2026_10tanka.pdf,PDL1.0,d935f5461a1f,近畿地整が独自調査で設定した単価(物価資料に載っていない地区・規格だけ)。消費税抜き。
ca9d9e1ef90f00fb,JP,material,生コンクリート・モルタル,生コンクリート,２１－５－４０ [単位水量165以下W/C60以下],m3,bureau_area,24,三重県,三重 太郎生,,,35000,JPY,design_unit_price_ex_tax,published_pdl,,,2026-10,2026-10-01,kkr-zairyo-r8-10,17,https://www-2.kkr.mlit.go.jp/plan/jigyousya/technical_information/gijutsukanri/qgl8vl0000004zj9-att/2026_10tanka.pdf,PDL1.0,d935f5461a1f,近畿地整が独自調査で設定した単価(物価資料に載っていない地区・規格だけ)。消費税抜き。
f1134acf88ff07d1,JP,material,生コンクリート・モルタル,生コンクリート,２１－５－４０ [単位水量165以下W/C60以下],m3,bureau_area,24,三重県,三重 紀宝町他,,,37900,JPY,design_unit_price_ex_tax,published_pdl,,,2026-10,2026-10-01,kkr-zairyo-r8-10,17,https://www-2.kkr.mlit.go.jp/plan/jigyousya/technical_information/gijutsukanri/qgl8vl0000004zj9-att/2026_10tanka.pdf,PDL1.0,d935f5461a1f,近畿地整が独自調査で設定した単価(物価資料に載っていない地区・規格だけ)。消費税抜き。
7118faa1d087c47d,JP,material,生コンクリート・モルタル,生コンクリート,２１－８－４０ [単位水量165以下W/C60以下],m3,bureau_area,30,和歌山県,和歌山 西牟婁郡他 / すさみ町,,,28000,JPY,design_unit_price_ex_tax,published_pdl,,,2026-10,2026-10-01,kkr-zairyo-r8-10,17,https://www-2.kkr.mlit.go.jp/plan/jigyousya/technical_information/gijutsukanri/qgl8vl0000004zj9-att/2026_10tanka.pdf,PDL1.0,4437d43ce7c4,近畿地整が独自調査で設定した単価(物価資料に載っていない地区・規格だけ)。消費税抜き。
42c9a5fcd9589564,JP,material,生コンクリート・モルタル,生コンクリート,２１－８－４０ [単位水量165以下W/C60以下],m3,bureau_area,30,和歌山県,和歌山 玉置口,,,36900,JPY,design_unit_price_ex_tax,published_pdl,,,2026-10,2026-10-01,kkr-zairyo-r8-10,17,https://www-2.kkr.mlit.go.jp/plan/jigyousya/technical_information/gijutsukanri/qgl8vl0000004zj9-att/2026_10tanka.pdf,PDL1.0,4437d43ce7c4,近畿地整が独自調査で設定した単価(物価資料に載っていない地区・規格だけ)。消費税抜き。
a10591ae644c3a87,JP,material,生コンクリート・モルタル,生コンクリート,２１－８－４０ [単位水量165以下W/C60以下],m3,bureau_area,24,三重県,三重 名張市,,,29000,JPY,design_unit_price_ex_tax,published_pdl,,,2026-10,2026-10-01,kkr-zairyo-r8-10,17,https://www-2.kkr.mlit.go.jp/plan/jigyousya/technical_information/gijutsukanri/qgl8vl0000004zj9-att/2026_10tanka.pdf,PDL1.0,4437d43ce7c4,近畿地整が独自調査で設定した単価(物価資料に載っていない地区・規格だけ)。消費税抜き。
6e44e319ac10744e,JP,material,生コンクリート・モルタル,生コンクリート,２１－８－４０ [単位水量165以下W/C60以下],m3,bureau_area,24,三重県,三重 伊賀市 / 旧上野市他,,,29000,JPY,design_unit_price_ex_tax,published_pdl,,,2026-10,2026-10-01,kkr-zairyo-r8-10,17,https://www-2.kkr.mlit.go.jp/plan/jigyousya/technical_information/gijutsukanri/qgl8vl0000004zj9-att/2026_10tanka.pdf,PDL1.0,4437d43ce7c4,近畿地整が独自調査で設定した単価(物価資料に載っていない地区・規格だけ)。消費税抜き。
d818fcd6d3e8c033,JP,material,生コンクリート・モルタル,生コンクリート,２１－８－４０ [単位水量165以下W/C60以下],m3,bureau_area,24,三重県,三重 伊賀市 / 旧青山町,,,29000,JPY,design_unit_price_ex_tax,published_pdl,,,2026-10,2026-10-01,kkr-zairyo-r8-10,17,https://www-2.kkr.mlit.go.jp/plan/jigyousya/technical_information/gijutsukanri/qgl8vl0000004zj9-att/2026_10tanka.pdf,PDL1.0,4437d43ce7c4,近畿地整が独自調査で設定した単価(物価資料に載っていない地区・規格だけ)。消費税抜き。
21528341d9ea673a,JP,material,生コンクリート・モルタル,生コンクリート,２１－８－４０ [単位水量165以下W/C60以下],m3,bureau_area,24,三重県,三重 太郎生,,,35000,JPY,design_unit_price_ex_tax,published_pdl,,,2026-10,2026-10-01,kkr-zairyo-r8-10,17,https://www-2.kkr.mlit.go.jp/plan/jigyousya/technical_information/gijutsukanri/qgl8vl0000004zj9-att/2026_10tanka.pdf,PDL1.0,4437d43ce7c4,近畿地整が独自調査で設定した単価(物価資料に載っていない地区・規格だけ)。消費税抜き。
9e876f6550f30986,JP,material,生コンクリート・モルタル,生コンクリート,２１－８－４０ [単位水量165以下W/C60以下],m3,bureau_area,24,三重県,三重 紀宝町他,,,37900,JPY,design_unit_price_ex_tax,published_pdl,,,2026-10,2026-10-01,kkr-zairyo-r8-10,17,https://www-2.kkr.mlit.go.jp/plan/jigyousya/technical_information/gijutsukanri/qgl8vl0000004zj9-att/2026_10tanka.pdf,PDL1.0,4437d43ce7c4,近畿地整が独自調査で設定した単価(物価資料に載っていない地区・規格だけ)。消費税抜き。
0b949f0b05d4a556,JP,material,生コンクリート・モルタル,生コンクリート,２１－１２－４０ [単位水量165以下W/C60以下],m3,bureau_area,30,和歌山県,和歌山 西牟婁郡他 / すさみ町,,,28000,JPY,design_unit_price_ex_tax,published_pdl,,,2026-10,2026-10-01,kkr-zairyo-r8-10,17,https://www-2.kkr.mlit.go.jp/plan/jigyousya/technical_information/gijutsukanri/qgl8vl0000004zj9-att/2026_10tanka.pdf,PDL1.0,8665bf049656,近畿地整が独自調査で設定した単価(物価資料に載っていない地区・規格だけ)。消費税抜き。
57361001e87235f5,JP,material,生コンクリート・モルタル,生コンクリート,２１－１２－４０ [単位水量165以下W/C60以下],m3,bureau_area,30,和歌山県,和歌山 玉置口,,,36900,JPY,design_unit_price_ex_tax,published_pdl,,,2026-10,2026-10-01,kkr-zairyo-r8-10,17,https://www-2.kkr.mlit.go.jp/plan/jigyousya/technical_information/gijutsukanri/qgl8vl0000004zj9-att/2026_10tanka.pdf,PDL1.0,8665bf049656,近畿地整が独自調査で設定した単価(物価資料に載っていない地区・規格だけ)。消費税抜き。
71b146ce3e7d8a9d,JP,material,生コンクリート・モルタル,生コンクリート,２１－１２－４０ [単位水量165以下W/C60以下],m3,bureau_area,24,三重県,三重 名張市,,,29000,JPY,design_unit_price_ex_tax,published_pdl,,,2026-10,2026-10-01,kkr-zairyo-r8-10,17,https://www-2.kkr.mlit.go.jp/plan/jigyousya/technical_information/gijutsukanri/qgl8vl0000004zj9-att/2026_10tanka.pdf,PDL1.0,8665bf049656,近畿地整が独自調査で設定した単価(物価資料に載っていない地区・規格だけ)。消費税抜き。
d7e4b11f738671ae,JP,material,生コンクリート・モルタル,生コンクリート,２１－１２－４０ [単位水量165以下W/C60以下],m3,bureau_area,24,三重県,三重 伊賀市 / 旧上野市他,,,29000,JPY,design_unit_price_ex_tax,published_pdl,,,2026-10,2026-10-01,kkr-zairyo-r8-10,17,https://www-2.kkr.mlit.go.jp/plan/jigyousya/technical_information/gijutsukanri/qgl8vl0000004zj9-att/2026_10tanka.pdf,PDL1.0,8665bf049656,近畿地整が独自調査で設定した単価(物価資料に載っていない地区・規格だけ)。消費税抜き。
009567ac35f54bf9,JP,material,生コンクリート・モルタル,生コンクリート,２１－１２－４０ [単位水量165以下W/C60以下],m3,bureau_area,24,三重県,三重 伊賀市 / 旧青山町,,,29000,JPY,design_unit_price_ex_tax,published_pdl,,,2026-10,2026-10-01,kkr-zairyo-r8-10,17,https://www-2.kkr.mlit.go.jp/plan/jigyousya/technical_information/gijutsukanri/qgl8vl0000004zj9-att/2026_10tanka.pdf,PDL1.0,8665bf049656,近畿地整が独自調査で設定した単価(物価資料に載っていない地区・規格だけ)。消費税抜き。
705e9f2d064ef879,JP,material,生コンクリート・モルタル,生コンクリート,２１－１２－４０ [単位水量165以下W/C60以下],m3,bureau_area,24,三重県,三重 太郎生,,,35000,JPY,design_unit_price_ex_tax,published_pdl,,,2026-10,2026-10-01,kkr-zairyo-r8-10,17,https://www-2.kkr.mlit.go.jp/plan/jigyousya/technical_information/gijutsukanri/qgl8vl0000004zj9-att/2026_10tanka.pdf,PDL1.0,8665bf049656,近畿地整が独自調査で設定した単価(物価資料に載っていない地区・規格だけ)。消費税抜き。
022e495f4222beb6,JP,material,生コンクリート・モルタル,生コンクリート,２１－１２－４０ [単位水量165以下W/C60以下],m3,bureau_area,24,三重県,三重 紀宝町他,,,36900,JPY,design_unit_price_ex_tax,published_pdl,,,2026-10,2026-10-01,kkr-zairyo-r8-10,17,https://www-2.kkr.mlit.go.jp/plan/jigyousya/technical_information/gijutsukanri/qgl8vl0000004zj9-att/2026_10tanka.pdf,PDL1.0,8665bf049656,近畿地整が独自調査で設定した単価(物価資料に載っていない地区・規格だけ)。消費税抜き。
c8b7cf4b42196722,JP,material,生コンクリート・モルタル,生コンクリート,高炉 ３０－１８－２０（２５） Ｃ＝３５０以上 [単位水量175以下W/C55％],m3,bureau_area,24,三重県,三重 奥瀞地区,,,39900,JPY,design_unit_price_ex_tax,published_pdl,,,2026-10,2026-10-01,kkr-zairyo-r8-10,18,https://www-2.kkr.mlit.go.jp/plan/jigyousya/technical_information/gijutsukanri/qgl8vl0000004zj9-att/2026_10tanka.pdf,PDL1.0,,近畿地整が独自調査で設定した単価(物価資料に載っていない地区・規格だけ)。消費税抜き。
e62fcdc89e628393,JP,material,生コンクリート・モルタル,生コンクリート,高炉 ３０－１８－２０（２５） Ｃ＝３５０以上 [単位水量175以下W/C55％],m3,bureau_area,21,岐阜県,岐阜 冠山峠地区その２,,,38700,JPY,design_unit_price_ex_tax,published_pdl,,,2026-10,2026-10-01,kkr-zairyo-r8-10,18,https://www-2.kkr.mlit.go.jp/plan/jigyousya/technical_information/gijutsukanri/qgl8vl0000004zj9-att/2026_10tanka.pdf,PDL1.0,,近畿地整が独自調査で設定した単価(物価資料に載っていない地区・規格だけ)。消費税抜き。
cce64a8445e2fdff,JP,material,生コンクリート・モルタル,生コンクリート,３０－１８－２０（２５） Ｃ＝３５０以上 [単位水量175以下W/C55％],m3,bureau_area,24,三重県,三重 奥瀞地区,,,39900,JPY,design_unit_price_ex_tax,published_pdl,,,2026-10,2026-10-01,kkr-zairyo-r8-10,18,https://www-2.kkr.mlit.go.jp/plan/jigyousya/technical_information/gijutsukanri/qgl8vl0000004zj9-att/2026_10tanka.pdf,PDL1.0,,近畿地整が独自調査で設定した単価(物価資料に載っていない地区・規格だけ)。消費税抜き。
012cc38b0a3db6c1,JP,material,生コンクリート・モルタル,生コンクリート,３０－１８－２０（２５） Ｃ＝３５０以上 [単位水量175以下W/C55％],m3,bureau_area,21,岐阜県,岐阜 冠山峠地区その２,,,38700,JPY,design_unit_price_ex_tax,published_pdl,,,2026-10,2026-10-01,kkr-zairyo-r8-10,18,https://www-2.kkr.mlit.go.jp/plan/jigyousya/technical_information/gijutsukanri/qgl8vl0000004zj9-att/2026_10tanka.pdf,PDL1.0,,近畿地整が独自調査で設定した単価(物価資料に載っていない地区・規格だけ)。消費税抜き。
c193d39d09fedf51,JP,material,生コンクリート・モルタル,生コンクリート,１８－８－２５（２０） [単位水量175以下W/C60以下],m3,bureau_area,24,三重県,三重 奥瀞地区,,,36900,JPY,design_unit_price_ex_tax,published_pdl,,,2026-10,2026-10-01,kkr-zairyo-r8-10,18,https://www-2.kkr.mlit.go.jp/plan/jigyousya/technical_information/gijutsukanri/qgl8vl0000004zj9-att/2026_10tanka.pdf,PDL1.0,205fb4e2a22c,近畿地整が独自調査で設定した単価(物価資料に載っていない地区・規格だけ)。消費税抜き。
00a325f44dcbb337,JP,material,生コンクリート・モルタル,生コンクリート,１８－８－２５（２０） [単位水量175以下W/C60以下],m3,bureau_area,21,岐阜県,岐阜 冠山峠地区その２,,,37400,JPY,design_unit_price_ex_tax,published_pdl,,,2026-10,2026-10-01,kkr-zairyo-r8-10,18,https://www-2.kkr.mlit.go.jp/plan/jigyousya/technical_information/gijutsukanri/qgl8vl0000004zj9-att/2026_10tanka.pdf,PDL1.0,205fb4e2a22c,近畿地整が独自調査で設定した単価(物価資料に載っていない地区・規格だけ)。消費税抜き。
73c2d40bb93d183d,JP,material,生コンクリート・モルタル,生コンクリート,１８－１２－２５（２０） [単位水量175以下W/C60以下],m3,bureau_area,24,三重県,三重 奥瀞地区,,,36900,JPY,design_unit_price_ex_tax,published_pdl,,,2026-10,2026-10-01,kkr-zairyo-r8-10,18,https://www-2.kkr.mlit.go.jp/plan/jigyousya/technical_information/gijutsukanri/qgl8vl0000004zj9-att/2026_10tanka.pdf,PDL1.0,c7752fd452cb,近畿地整が独自調査で設定した単価(物価資料に載っていない地区・規格だけ)。消費税抜き。
32e830320f51f960,JP,material,生コンクリート・モルタル,生コンクリート,１８－１２－２５（２０） [単位水量175以下W/C60以下],m3,bureau_area,21,岐阜県,岐阜 冠山峠地区その２,,,37400,JPY,design_unit_price_ex_tax,published_pdl,,,2026-10,2026-10-01,kkr-zairyo-r8-10,18,https://www-2.kkr.mlit.go.jp/plan/jigyousya/technical_information/gijutsukanri/qgl8vl0000004zj9-att/2026_10tanka.pdf,PDL1.0,c7752fd452cb,近畿地整が独自調査で設定した単価(物価資料に載っていない地区・規格だけ)。消費税抜き。
08aaa69a92c42897,JP,material,生コンクリート・モルタル,生コンクリート,１８－１５－２５（２０） [単位水量175以下W/C60以下],m3,bureau_area,24,三重県,三重 奥瀞地区,,,36900,JPY,design_unit_price_ex_tax,published_pdl,,,2026-10,2026-10-01,kkr-zairyo-r8-10,18,https://www-2.kkr.mlit.go.jp/plan/jigyousya/technical_information/gijutsukanri/qgl8vl0000004zj9-att/2026_10tanka.pdf,PDL1.0,0f948effd799,近畿地整が独自調査で設定した単価(物価資料に載っていない地区・規格だけ)。消費税抜き。
ba2a86e704a6acfc,JP,material,生コンクリート・モルタル,生コンクリート,１８－１５－２５（２０） [単位水量175以下W/C60以下],m3,bureau_area,21,岐阜県,岐阜 冠山峠地区その２,,,37400,JPY,design_unit_price_ex_tax,published_pdl,,,2026-10,2026-10-01,kkr-zairyo-r8-10,18,https://www-2.kkr.mlit.go.jp/plan/jigyousya/technical_information/gijutsukanri/qgl8vl0000004zj9-att/2026_10tanka.pdf,PDL1.0,0f948effd799,近畿地整が独自調査で設定した単価(物価資料に載っていない地区・規格だけ)。消費税抜き。
8f1ef4b3895962a6,JP,material,生コンクリート・モルタル,生コンクリート,１８－１８－２５（２０） [単位水量175以下W/C60以下],m3,bureau_area,24,三重県,三重 奥瀞地区,,,36900,JPY,design_unit_price_ex_tax,published_pdl,,,2026-10,2026-10-01,kkr-zairyo-r8-10,18,https://www-2.kkr.mlit.go.jp/plan/jigyousya/technical_information/gijutsukanri/qgl8vl0000004zj9-att/2026_10tanka.pdf,PDL1.0,739a5c3bcc24,近畿地整が独自調査で設定した単価(物価資料に載っていない地区・規格だけ)。消費税抜き。
6e124eb842af2fb8,JP,material,生コンクリート・モルタル,生コンクリート,１８－１８－２５（２０） [単位水量175以下W/C60以下],m3,bureau_area,21,岐阜県,岐阜 冠山峠地区その２,,,37400,JPY,design_unit_price_ex_tax,published_pdl,,,2026-10,2026-10-01,kkr-zairyo-r8-10,18,https://www-2.kkr.mlit.go.jp/plan/jigyousya/technical_information/gijutsukanri/qgl8vl0000004zj9-att/2026_10tanka.pdf,PDL1.0,739a5c3bcc24,近畿地整が独自調査で設定した単価(物価資料に載っていない地区・規格だけ)。消費税抜き。
be75c0aacba433ae,JP,material,生コンクリート・モルタル,生コンクリート,２１－８－２５（２０） [単位水量175以下W/C60以下],m3,bureau_area,24,三重県,三重 奥瀞地区,,,36900,JPY,design_unit_price_ex_tax,published_pdl,,,2026-10,2026-10-01,kkr-zairyo-r8-10,18,https://www-2.kkr.mlit.go.jp/plan/jigyousya/technical_information/gijutsukanri/qgl8vl0000004zj9-att/2026_10tanka.pdf,PDL1.0,482f8152d5c5,近畿地整が独自調査で設定した単価(物価資料に載っていない地区・規格だけ)。消費税抜き。
c17ca853d12ddd6c,JP,material,生コンクリート・モルタル,生コンクリート,２１－８－２５（２０） [単位水量175以下W/C60以下],m3,bureau_area,21,岐阜県,岐阜 冠山峠地区その２,,,37400,JPY,design_unit_price_ex_tax,published_pdl,,,2026-10,2026-10-01,kkr-zairyo-r8-10,18,https://www-2.kkr.mlit.go.jp/plan/jigyousya/technical_information/gijutsukanri/qgl8vl0000004zj9-att/2026_10tanka.pdf,PDL1.0,482f8152d5c5,近畿地整が独自調査で設定した単価(物価資料に載っていない地区・規格だけ)。消費税抜き。
7128943dab425bf6,JP,material,生コンクリート・モルタル,生コンクリート,２１－１５－２５（２０） [単位水量175以下W/C60以下],m3,bureau_area,24,三重県,三重 奥瀞地区,,,36900,JPY,design_unit_price_ex_tax,published_pdl,,,2026-10,2026-10-01,kkr-zairyo-r8-10,18,https://www-2.kkr.mlit.go.jp/plan/jigyousya/technical_information/gijutsukanri/qgl8vl0000004zj9-att/2026_10tanka.pdf,PDL1.0,4b73c3134218,近畿地整が独自調査で設定した単価(物価資料に載っていない地区・規格だけ)。消費税抜き。
79d76713ad20aed8,JP,material,生コンクリート・モルタル,生コンクリート,２１－１５－２５（２０） [単位水量175以下W/C60以下],m3,bureau_area,21,岐阜県,岐阜 冠山峠地区その２,,,37400,JPY,design_unit_price_ex_tax,published_pdl,,,2026-10,2026-10-01,kkr-zairyo-r8-10,18,https://www-2.kkr.mlit.go.jp/plan/jigyousya/technical_information/gijutsukanri/qgl8vl0000004zj9-att/2026_10tanka.pdf,PDL1.0,4b73c3134218,近畿地整が独自調査で設定した単価(物価資料に載っていない地区・規格だけ)。消費税抜き。
5b0e8a357c7b7e82,JP,material,生コンクリート・モルタル,生コンクリート,２１－１８－２５（２０） [単位水量175以下W/C60以下],m3,bureau_area,24,三重県,三重 奥瀞地区,,,36900,JPY,design_unit_price_ex_tax,published_pdl,,,2026-10,2026-10-01,kkr-zairyo-r8-10,18,https://www-2.kkr.mlit.go.jp/plan/jigyousya/technical_information/gijutsukanri/qgl8vl0000004zj9-att/2026_10tanka.pdf,PDL1.0,53196cad57e3,近畿地整が独自調査で設定した単価(物価資料に載っていない地区・規格だけ)。消費税抜き。
dfb9cdaea09112e5,JP,material,生コンクリート・モルタル,生コンクリート,２１－１８－２５（２０） [単位水量175以下W/C60以下],m3,bureau_area,21,岐阜県,岐阜 冠山峠地区その２,,,37400,JPY,design_unit_price_ex_tax,published_pdl,,,2026-10,2026-10-01,kkr-zairyo-r8-10,18,https://www-2.kkr.mlit.go.jp/plan/jigyousya/technical_information/gijutsukanri/qgl8vl0000004zj9-att/2026_10tanka.pdf,PDL1.0,53196cad57e3,近畿地整が独自調査で設定した単価(物価資料に載っていない地区・規格だけ)。消費税抜き。
e57becce74a774d0,JP,material,生コンクリート・モルタル,生コンクリート,２４－８－２５（２０） [単位水量175以下W/C55以下],m3,bureau_area,24,三重県,三重 奥瀞地区,,,37900,JPY,design_unit_price_ex_tax,published_pdl,,,2026-10,2026-10-01,kkr-zairyo-r8-10,18,https://www-2.kkr.mlit.go.jp/plan/jigyousya/technical_information/gijutsukanri/qgl8vl0000004zj9-att/2026_10tanka.pdf,PDL1.0,c7034bd79cbd,近畿地整が独自調査で設定した単価(物価資料に載っていない地区・規格だけ)。消費税抜き。
069315234575a843,JP,material,生コンクリート・モルタル,生コンクリート,２４－８－２５（２０） [単位水量175以下W/C55以下],m3,bureau_area,21,岐阜県,岐阜 冠山峠地区その２,,,37800,JPY,design_unit_price_ex_tax,published_pdl,,,2026-10,2026-10-01,kkr-zairyo-r8-10,18,https://www-2.kkr.mlit.go.jp/plan/jigyousya/technical_information/gijutsukanri/qgl8vl0000004zj9-att/2026_10tanka.pdf,PDL1.0,c7034bd79cbd,近畿地整が独自調査で設定した単価(物価資料に載っていない地区・規格だけ)。消費税抜き。
07035f79647dee62,JP,material,生コンクリート・モルタル,生コンクリート,２４－１２－２５（２０） [単位水量175以下W/C55以下],m3,bureau_area,24,三重県,三重 奥瀞地区,,,37900,JPY,design_unit_price_ex_tax,published_pdl,,,2026-10,2026-10-01,kkr-zairyo-r8-10,18,https://www-2.kkr.mlit.go.jp/plan/jigyousya/technical_information/gijutsukanri/qgl8vl0000004zj9-att/2026_10tanka.pdf,PDL1.0,2e29a57cb46e,近畿地整が独自調査で設定した単価(物価資料に載っていない地区・規格だけ)。消費税抜き。
0682d62476083f89,JP,material,生コンクリート・モルタル,生コンクリート,２４－１２－２５（２０） [単位水量175以下W/C55以下],m3,bureau_area,21,岐阜県,岐阜 冠山峠地区その２,,,37800,JPY,design_unit_price_ex_tax,published_pdl,,,2026-10,2026-10-01,kkr-zairyo-r8-10,18,https://www-2.kkr.mlit.go.jp/plan/jigyousya/technical_information/gijutsukanri/qgl8vl0000004zj9-att/2026_10tanka.pdf,PDL1.0,2e29a57cb46e,近畿地整が独自調査で設定した単価(物価資料に載っていない地区・規格だけ)。消費税抜き。
ea28d815744dfb59,JP,material,生コンクリート・モルタル,生コンクリート,２７－８－２５（２０） [単位水量175以下W/C55以下],m3,bureau_area,24,三重県,三重 奥瀞地区,,,38900,JPY,design_unit_price_ex_tax,published_pdl,,,2026-10,2026-10-01,kkr-zairyo-r8-10,18,https://www-2.kkr.mlit.go.jp/plan/jigyousya/technical_information/gijutsukanri/qgl8vl0000004zj9-att/2026_10tanka.pdf,PDL1.0,657cfbeea5e6,近畿地整が独自調査で設定した単価(物価資料に載っていない地区・規格だけ)。消費税抜き。
6d8c30725e080249,JP,material,生コンクリート・モルタル,生コンクリート,２７－８－２５（２０） [単位水量175以下W/C55以下],m3,bureau_area,21,岐阜県,岐阜 冠山峠地区その２,,,38200,JPY,design_unit_price_ex_tax,published_pdl,,,2026-10,2026-10-01,kkr-zairyo-r8-10,18,https://www-2.kkr.mlit.go.jp/plan/jigyousya/technical_information/gijutsukanri/qgl8vl0000004zj9-att/2026_10tanka.pdf,PDL1.0,657cfbeea5e6,近畿地整が独自調査で設定した単価(物価資料に載っていない地区・規格だけ)。消費税抜き。
86cdf4f10a263c6f,JP,material,生コンクリート・モルタル,生コンクリート,２７－１２－２５（２０） [単位水量175以下W/C55以下],m3,bureau_area,24,三重県,三重 奥瀞地区,,,38900,JPY,design_unit_price_ex_tax,published_pdl,,,2026-10,2026-10-01,kkr-zairyo-r8-10,18,https://www-2.kkr.mlit.go.jp/plan/jigyousya/technical_information/gijutsukanri/qgl8vl0000004zj9-att/2026_10tanka.pdf,PDL1.0,,近畿地整が独自調査で設定した単価(物価資料に載っていない地区・規格だけ)。消費税抜き。
2c841b2cc640377b,JP,material,生コンクリート・モルタル,生コンクリート,２７－１２－２５（２０） [単位水量175以下W/C55以下],m3,bureau_area,21,岐阜県,岐阜 冠山峠地区その２,,,38200,JPY,design_unit_price_ex_tax,published_pdl,,,2026-10,2026-10-01,kkr-zairyo-r8-10,18,https://www-2.kkr.mlit.go.jp/plan/jigyousya/technical_information/gijutsukanri/qgl8vl0000004zj9-att/2026_10tanka.pdf,PDL1.0,,近畿地整が独自調査で設定した単価(物価資料に載っていない地区・規格だけ)。消費税抜き。
46688a539fd08307,JP,material,生コンクリート・モルタル,生コンクリート,３０－８－２５（２０） [単位水量175以下W/C55以下],m3,bureau_area,24,三重県,三重 奥瀞地区,,,39900,JPY,design_unit_price_ex_tax,published_pdl,,,2026-10,2026-10-01,kkr-zairyo-r8-10,18,https://www-2.kkr.mlit.go.jp/plan/jigyousya/technical_information/gijutsukanri/qgl8vl0000004zj9-att/2026_10tanka.pdf,PDL1.0,584e4bdc5be9,近畿地整が独自調査で設定した単価(物価資料に載っていない地区・規格だけ)。消費税抜き。
38ac4ede2bab40bd,JP,material,生コンクリート・モルタル,生コンクリート,３０－８－２５（２０） [単位水量175以下W/C55以下],m3,bureau_area,21,岐阜県,岐阜 冠山峠地区その２,,,38700,JPY,design_unit_price_ex_tax,published_pdl,,,2026-10,2026-10-01,kkr-zairyo-r8-10,18,https://www-2.kkr.mlit.go.jp/plan/jigyousya/technical_information/gijutsukanri/qgl8vl0000004zj9-att/2026_10tanka.pdf,PDL1.0,584e4bdc5be9,近畿地整が独自調査で設定した単価(物価資料に載っていない地区・規格だけ)。消費税抜き。
435705c83b70ae65,JP,material,生コンクリート・モルタル,生コンクリート,３０－１２－２５（２０） [単位水量175以下W/C55以下],m3,bureau_area,24,三重県,三重 奥瀞地区,,,39900,JPY,design_unit_price_ex_tax,published_pdl,,,2026-10,2026-10-01,kkr-zairyo-r8-10,18,https://www-2.kkr.mlit.go.jp/plan/jigyousya/technical_information/gijutsukanri/qgl8vl0000004zj9-att/2026_10tanka.pdf,PDL1.0,,近畿地整が独自調査で設定した単価(物価資料に載っていない地区・規格だけ)。消費税抜き。
962440dcb43f7fc1,JP,material,生コンクリート・モルタル,生コンクリート,３０－１２－２５（２０） [単位水量175以下W/C55以下],m3,bureau_area,21,岐阜県,岐阜 冠山峠地区その２,,,38700,JPY,design_unit_price_ex_tax,published_pdl,,,2026-10,2026-10-01,kkr-zairyo-r8-10,18,https://www-2.kkr.mlit.go.jp/plan/jigyousya/technical_information/gijutsukanri/qgl8vl0000004zj9-att/2026_10tanka.pdf,PDL1.0,,近畿地整が独自調査で設定した単価(物価資料に載っていない地区・規格だけ)。消費税抜き。
fe29b45823d6748d,JP,material,生コンクリート・モルタル,生コンクリート,３６－８－２５（２０） [単位水量175以下W/C55以下],m3,bureau_area,24,三重県,三重 奥瀞地区,,,41900,JPY,design_unit_price_ex_tax,published_pdl,,,2026-10,2026-10-01,kkr-zairyo-r8-10,18,https://www-2.kkr.mlit.go.jp/plan/jigyousya/technical_information/gijutsukanri/qgl8vl0000004zj9-att/2026_10tanka.pdf,PDL1.0,193e785636bd,近畿地整が独自調査で設定した単価(物価資料に載っていない地区・規格だけ)。消費税抜き。
556a35682bc298c1,JP,material,生コンクリート・モルタル,生コンクリート,３６－８－２５（２０） [単位水量175以下W/C55以下],m3,bureau_area,21,岐阜県,岐阜 冠山峠地区その２,,,39500,JPY,design_unit_price_ex_tax,published_pdl,,,2026-10,2026-10-01,kkr-zairyo-r8-10,18,https://www-2.kkr.mlit.go.jp/plan/jigyousya/technical_information/gijutsukanri/qgl8vl0000004zj9-att/2026_10tanka.pdf,PDL1.0,193e785636bd,近畿地整が独自調査で設定した単価(物価資料に載っていない地区・規格だけ)。消費税抜き。
a39c00e2a4bb7381,JP,material,生コンクリート・モルタル,生コンクリート,４０－８－２５（２０） [単位水量175以下W/C55以下],m3,bureau_area,24,三重県,三重 奥瀞地区,,,42900,JPY,design_unit_price_ex_tax,published_pdl,,,2026-10,2026-10-01,kkr-zairyo-r8-10,18,https://www-2.kkr.mlit.go.jp/plan/jigyousya/technical_information/gijutsukanri/qgl8vl0000004zj9-att/2026_10tanka.pdf,PDL1.0,112927640be2,近畿地整が独自調査で設定した単価(物価資料に載っていない地区・規格だけ)。消費税抜き。
9f859f0cbb5440ee,JP,material,生コンクリート・モルタル,生コンクリート,４０－８－２５（２０） [単位水量175以下W/C55以下],m3,bureau_area,21,岐阜県,岐阜 冠山峠地区その２,,,39900,JPY,design_unit_price_ex_tax,published_pdl,,,2026-10,2026-10-01,kkr-zairyo-r8-10,18,https://www-2.kkr.mlit.go.jp/plan/jigyousya/technical_information/gijutsukanri/qgl8vl0000004zj9-att/2026_10tanka.pdf,PDL1.0,112927640be2,近畿地整が独自調査で設定した単価(物価資料に載っていない地区・規格だけ)。消費税抜き。
877c85eec8d44c05,JP,material,生コンクリート・モルタル,生コンクリート,１８－５－４０ [単位水量165以下W/C60以下],m3,bureau_area,24,三重県,三重 奥瀞地区,,,36900,JPY,design_unit_price_ex_tax,published_pdl,,,2026-10,2026-10-01,kkr-zairyo-r8-10,18,https://www-2.kkr.mlit.go.jp/plan/jigyousya/technical_information/gijutsukanri/qgl8vl0000004zj9-att/2026_10tanka.pdf,PDL1.0,f12f38c0ab30,近畿地整が独自調査で設定した単価(物価資料に載っていない地区・規格だけ)。消費税抜き。
aa47d38f9cc2f5f9,JP,material,生コンクリート・モルタル,生コンクリート,１８－５－４０ [単位水量165以下W/C60以下],m3,bureau_area,21,岐阜県,岐阜 冠山峠地区その２,,,37400,JPY,design_unit_price_ex_tax,published_pdl,,,2026-10,2026-10-01,kkr-zairyo-r8-10,18,https://www-2.kkr.mlit.go.jp/plan/jigyousya/technical_information/gijutsukanri/qgl8vl0000004zj9-att/2026_10tanka.pdf,PDL1.0,f12f38c0ab30,近畿地整が独自調査で設定した単価(物価資料に載っていない地区・規格だけ)。消費税抜き。
9fc3af77e427b7e7,JP,material,生コンクリート・モルタル,生コンクリート,１８－８－４０ [単位水量165以下W/C60以下],m3,bureau_area,24,三重県,三重 奥瀞地区,,,36900,JPY,design_unit_price_ex_tax,published_pdl,,,2026-10,2026-10-01,kkr-zairyo-r8-10,18,https://www-2.kkr.mlit.go.jp/plan/jigyousya/technical_information/gijutsukanri/qgl8vl0000004zj9-att/2026_10tanka.pdf,PDL1.0,a127d57ee7b5,近畿地整が独自調査で設定した単価(物価資料に載っていない地区・規格だけ)。消費税抜き。
5a902fc0fcd43234,JP,material,生コンクリート・モルタル,生コンクリート,１８－８－４０ [単位水量165以下W/C60以下],m3,bureau_area,21,岐阜県,岐阜 冠山峠地区その２,,,37400,JPY,design_unit_price_ex_tax,published_pdl,,,2026-10,2026-10-01,kkr-zairyo-r8-10,18,https://www-2.kkr.mlit.go.jp/plan/jigyousya/technical_information/gijutsukanri/qgl8vl0000004zj9-att/2026_10tanka.pdf,PDL1.0,a127d57ee7b5,近畿地整が独自調査で設定した単価(物価資料に載っていない地区・規格だけ)。消費税抜き。
f006cd28115011af,JP,material,生コンクリート・モルタル,生コンクリート,１８－８－４０ Ｃ＝２３０以上 [単位水量165以下W/C60以下],m3,bureau_area,24,三重県,三重 奥瀞地区,,,36900,JPY,design_unit_price_ex_tax,published_pdl,,,2026-10,2026-10-01,kkr-zairyo-r8-10,18,https://www-2.kkr.mlit.go.jp/plan/jigyousya/technical_information/gijutsukanri/qgl8vl0000004zj9-att/2026_10tanka.pdf,PDL1.0,,近畿地整が独自調査で設定した単価(物価資料に載っていない地区・規格だけ)。消費税抜き。
29d18bbe417b0653,JP,material,生コンクリート・モルタル,生コンクリート,１８－８－４０ Ｃ＝２３０以上 [単位水量165以下W/C60以下],m3,bureau_area,21,岐阜県,岐阜 冠山峠地区その２,,,37400,JPY,design_unit_price_ex_tax,published_pdl,,,2026-10,2026-10-01,kkr-zairyo-r8-10,18,https://www-2.kkr.mlit.go.jp/plan/jigyousya/technical_information/gijutsukanri/qgl8vl0000004zj9-att/2026_10tanka.pdf,PDL1.0,,近畿地整が独自調査で設定した単価(物価資料に載っていない地区・規格だけ)。消費税抜き。
e4b2d756db06ded9,JP,material,生コンクリート・モルタル,生コンクリート,１８－１２－４０ [単位水量165以下W/C60以下],m3,bureau_area,24,三重県,三重 奥瀞地区,,,36900,JPY,design_unit_price_ex_tax,published_pdl,,,2026-10,2026-10-01,kkr-zairyo-r8-10,18,https://www-2.kkr.mlit.go.jp/plan/jigyousya/technical_information/gijutsukanri/qgl8vl0000004zj9-att/2026_10tanka.pdf,PDL1.0,a0a2b7e37a63,近畿地整が独自調査で設定した単価(物価資料に載っていない地区・規格だけ)。消費税抜き。
4b8038a142126514,JP,material,生コンクリート・モルタル,生コンクリート,１８－１２－４０ [単位水量165以下W/C60以下],m3,bureau_area,21,岐阜県,岐阜 冠山峠地区その２,,,37400,JPY,design_unit_price_ex_tax,published_pdl,,,2026-10,2026-10-01,kkr-zairyo-r8-10,18,https://www-2.kkr.mlit.go.jp/plan/jigyousya/technical_information/gijutsukanri/qgl8vl0000004zj9-att/2026_10tanka.pdf,PDL1.0,a0a2b7e37a63,近畿地整が独自調査で設定した単価(物価資料に載っていない地区・規格だけ)。消費税抜き。
48160afcb1ac5fbe,JP,material,生コンクリート・モルタル,生コンクリート,１８－１２－４０ Ｃ＝２７０ [単位水量165以下W/C60以下],m3,bureau_area,24,三重県,三重 奥瀞地区,,,36900,JPY,design_unit_price_ex_tax,published_pdl,,,2026-10,2026-10-01,kkr-zairyo-r8-10,18,https://www-2.kkr.mlit.go.jp/plan/jigyousya/technical_information/gijutsukanri/qgl8vl0000004zj9-att/2026_10tanka.pdf,PDL1.0,,近畿地整が独自調査で設定した単価(物価資料に載っていない地区・規格だけ)。消費税抜き。
1edb5516959d733e,JP,material,生コンクリート・モルタル,生コンクリート,１８－１２－４０ Ｃ＝２７０ [単位水量165以下W/C60以下],m3,bureau_area,21,岐阜県,岐阜 冠山峠地区その２,,,37400,JPY,design_unit_price_ex_tax,published_pdl,,,2026-10,2026-10-01,kkr-zairyo-r8-10,18,https://www-2.kkr.mlit.go.jp/plan/jigyousya/technical_information/gijutsukanri/qgl8vl0000004zj9-att/2026_10tanka.pdf,PDL1.0,,近畿地整が独自調査で設定した単価(物価資料に載っていない地区・規格だけ)。消費税抜き。
85e133c40d8438f9,JP,material,生コンクリート・モルタル,生コンクリート,２１－５－４０ [単位水量165以下W/C60以下],m3,bureau_area,24,三重県,三重 奥瀞地区,,,37900,JPY,design_unit_price_ex_tax,published_pdl,,,2026-10,2026-10-01,kkr-zairyo-r8-10,18,https://www-2.kkr.mlit.go.jp/plan/jigyousya/technical_information/gijutsukanri/qgl8vl0000004zj9-att/2026_10tanka.pdf,PDL1.0,d935f5461a1f,近畿地整が独自調査で設定した単価(物価資料に載っていない地区・規格だけ)。消費税抜き。
9cbd96f976d5088b,JP,material,生コンクリート・モルタル,生コンクリート,２１－５－４０ [単位水量165以下W/C60以下],m3,bureau_area,21,岐阜県,岐阜 冠山峠地区その２,,,37400,JPY,design_unit_price_ex_tax,published_pdl,,,2026-10,2026-10-01,kkr-zairyo-r8-10,18,https://www-2.kkr.mlit.go.jp/plan/jigyousya/technical_information/gijutsukanri/qgl8vl0000004zj9-att/2026_10tanka.pdf,PDL1.0,d935f5461a1f,近畿地整が独自調査で設定した単価(物価資料に載っていない地区・規格だけ)。消費税抜き。
937fde0ed96ac7fa,JP,material,生コンクリート・モルタル,生コンクリート,２１－８－４０ [単位水量165以下W/C60以下],m3,bureau_area,24,三重県,三重 奥瀞地区,,,37900,JPY,design_unit_price_ex_tax,published_pdl,,,2026-10,2026-10-01,kkr-zairyo-r8-10,18,https://www-2.kkr.mlit.go.jp/plan/jigyousya/technical_information/gijutsukanri/qgl8vl0000004zj9-att/2026_10tanka.pdf,PDL1.0,4437d43ce7c4,近畿地整が独自調査で設定した単価(物価資料に載っていない地区・規格だけ)。消費税抜き。
8ad96833882e4089,JP,material,生コンクリート・モルタル,生コンクリート,２１－８－４０ [単位水量165以下W/C60以下],m3,bureau_area,21,岐阜県,岐阜 冠山峠地区その２,,,37400,JPY,design_unit_price_ex_tax,published_pdl,,,2026-10,2026-10-01,kkr-zairyo-r8-10,18,https://www-2.kkr.mlit.go.jp/plan/jigyousya/technical_information/gijutsukanri/qgl8vl0000004zj9-att/2026_10tanka.pdf,PDL1.0,4437d43ce7c4,近畿地整が独自調査で設定した単価(物価資料に載っていない地区・規格だけ)。消費税抜き。
3d7f10c7e96e323b,JP,material,生コンクリート・モルタル,生コンクリート,２１－１２－４０ [単位水量165以下W/C60以下],m3,bureau_area,24,三重県,三重 奥瀞地区,,,36900,JPY,design_unit_price_ex_tax,published_pdl,,,2026-10,2026-10-01,kkr-zairyo-r8-10,18,https://www-2.kkr.mlit.go.jp/plan/jigyousya/technical_information/gijutsukanri/qgl8vl0000004zj9-att/2026_10tanka.pdf,PDL1.0,8665bf049656,近畿地整が独自調査で設定した単価(物価資料に載っていない地区・規格だけ)。消費税抜き。
953db14660ef647c,JP,material,生コンクリート・モルタル,生コンクリート,２１－１２－４０ [単位水量165以下W/C60以下],m3,bureau_area,21,岐阜県,岐阜 冠山峠地区その２,,,37400,JPY,design_unit_price_ex_tax,published_pdl,,,2026-10,2026-10-01,kkr-zairyo-r8-10,18,https://www-2.kkr.mlit.go.jp/plan/jigyousya/technical_information/gijutsukanri/qgl8vl0000004zj9-att/2026_10tanka.pdf,PDL1.0,8665bf049656,近畿地整が独自調査で設定した単価(物価資料に載っていない地区・規格だけ)。消費税抜き。
e3f602ae57340fb0,JP,material,生コンクリート・モルタル,生コンクリート,２４－８－４０ [単位水量165以下W/C55以下],m3,bureau_area,18,福井県,福井 池田町他,,,17500,JPY,design_unit_price_ex_tax,published_pdl,,,2026-10,2026-10-01,kkr-zairyo-r8-10,20,https://www-2.kkr.mlit.go.jp/plan/jigyousya/technical_information/gijutsukanri/qgl8vl0000004zj9-att/2026_10tanka.pdf,PDL1.0,764185d9dd01,近畿地整が独自調査で設定した単価(物価資料に載っていない地区・規格だけ)。消費税抜き。
a0a3e91af7e6073f,JP,material,生コンクリート・モルタル,生コンクリート,２４－８－４０ [単位水量165以下W/C55以下],m3,bureau_area,18,福井県,福井 大野市 / 旧和泉村,,,23300,JPY,design_unit_price_ex_tax,published_pdl,,,2026-10,2026-10-01,kkr-zairyo-r8-10,20,https://www-2.kkr.mlit.go.jp/plan/jigyousya/technical_information/gijutsukanri/qgl8vl0000004zj9-att/2026_10tanka.pdf,PDL1.0,764185d9dd01,近畿地整が独自調査で設定した単価(物価資料に載っていない地区・規格だけ)。消費税抜き。
19ee55f33ea17de6,JP,material,生コンクリート・モルタル,生コンクリート,２４－８－４０ [単位水量165以下W/C55以下],m3,bureau_area,18,福井県,福井 冠山峠地区,,,25100,JPY,design_unit_price_ex_tax,published_pdl,,,2026-10,2026-10-01,kkr-zairyo-r8-10,20,https://www-2.kkr.mlit.go.jp/plan/jigyousya/technical_information/gijutsukanri/qgl8vl0000004zj9-att/2026_10tanka.pdf,PDL1.0,764185d9dd01,近畿地整が独自調査で設定した単価(物価資料に載っていない地区・規格だけ)。消費税抜き。
6bbe251585d463a5,JP,material,生コンクリート・モルタル,生コンクリート,２４－１２－４０ [単位水量165以下W/C55以下],m3,bureau_area,18,福井県,福井 池田町他,,,17700,JPY,design_unit_price_ex_tax,published_pdl,,,2026-10,2026-10-01,kkr-zairyo-r8-10,20,https://www-2.kkr.mlit.go.jp/plan/jigyousya/technical_information/gijutsukanri/qgl8vl0000004zj9-att/2026_10tanka.pdf,PDL1.0,1e253097cdd9,近畿地整が独自調査で設定した単価(物価資料に載っていない地区・規格だけ)。消費税抜き。
7280cf6bb8201945,JP,material,生コンクリート・モルタル,生コンクリート,２４－１２－４０ [単位水量165以下W/C55以下],m3,bureau_area,18,福井県,福井 大野市 / 旧和泉村,,,23500,JPY,design_unit_price_ex_tax,published_pdl,,,2026-10,2026-10-01,kkr-zairyo-r8-10,20,https://www-2.kkr.mlit.go.jp/plan/jigyousya/technical_information/gijutsukanri/qgl8vl0000004zj9-att/2026_10tanka.pdf,PDL1.0,1e253097cdd9,近畿地整が独自調査で設定した単価(物価資料に載っていない地区・規格だけ)。消費税抜き。
d20a14b2f1316465,JP,material,生コンクリート・モルタル,生コンクリート,２４－１２－４０ [単位水量165以下W/C55以下],m3,bureau_area,18,福井県,福井 冠山峠地区,,,25300,JPY,design_unit_price_ex_tax,published_pdl,,,2026-10,2026-10-01,kkr-zairyo-r8-10,20,https://www-2.kkr.mlit.go.jp/plan/jigyousya/technical_information/gijutsukanri/qgl8vl0000004zj9-att/2026_10tanka.pdf,PDL1.0,1e253097cdd9,近畿地整が独自調査で設定した単価(物価資料に載っていない地区・規格だけ)。消費税抜き。
cf5fa1082df4f57d,JP,material,生コンクリート・モルタル,生コンクリート,２７－５－４０ [単位水量165以下W/C55以下],m3,bureau_area,18,福井県,福井 池田町他,,,17500,JPY,design_unit_price_ex_tax,published_pdl,,,2026-10,2026-10-01,kkr-zairyo-r8-10,20,https://www-2.kkr.mlit.go.jp/plan/jigyousya/technical_information/gijutsukanri/qgl8vl0000004zj9-att/2026_10tanka.pdf,PDL1.0,f4e44eb1f70d,近畿地整が独自調査で設定した単価(物価資料に載っていない地区・規格だけ)。消費税抜き。
9420f81395e7feb9,JP,material,生コンクリート・モルタル,生コンクリート,２７－５－４０ [単位水量165以下W/C55以下],m3,bureau_area,18,福井県,福井 大野市 / 旧和泉村,,,23300,JPY,design_unit_price_ex_tax,published_pdl,,,2026-10,2026-10-01,kkr-zairyo-r8-10,20,https://www-2.kkr.mlit.go.jp/plan/jigyousya/technical_information/gijutsukanri/qgl8vl0000004zj9-att/2026_10tanka.pdf,PDL1.0,f4e44eb1f70d,近畿地整が独自調査で設定した単価(物価資料に載っていない地区・規格だけ)。消費税抜き。
1978aa6b7a71a31e,JP,material,生コンクリート・モルタル,生コンクリート,２７－５－４０ [単位水量165以下W/C55以下],m3,bureau_area,18,福井県,福井 冠山峠地区,,,25100,JPY,design_unit_price_ex_tax,published_pdl,,,2026-10,2026-10-01,kkr-zairyo-r8-10,20,https://www-2.kkr.mlit.go.jp/plan/jigyousya/technical_information/gijutsukanri/qgl8vl0000004zj9-att/2026_10tanka.pdf,PDL1.0,f4e44eb1f70d,近畿地整が独自調査で設定した単価(物価資料に載っていない地区・規格だけ)。消費税抜き。
2816f9652b89bac4,JP,material,生コンクリート・モルタル,生コンクリート,曲げ ４．５－２．５－４０ [単位水量165以下W/C60以下],m3,bureau_area,18,福井県,福井 池田町他,,,19000,JPY,design_unit_price_ex_tax,published_pdl,,,2026-10,2026-10-01,kkr-zairyo-r8-10,20,https://www-2.kkr.mlit.go.jp/plan/jigyousya/technical_information/gijutsukanri/qgl8vl0000004zj9-att/2026_10tanka.pdf,PDL1.0,ca3ac6c8fc60,近畿地整が独自調査で設定した単価(物価資料に載っていない地区・規格だけ)。消費税抜き。
67db4a08620407d9,JP,material,生コンクリート・モルタル,生コンクリート,曲げ ４．５－２．５－４０ [単位水量165以下W/C60以下],m3,bureau_area,18,福井県,福井 大野市 / 旧和泉村,,,24800,JPY,design_unit_price_ex_tax,published_pdl,,,2026-10,2026-10-01,kkr-zairyo-r8-10,20,https://www-2.kkr.mlit.go.jp/plan/jigyousya/technical_information/gijutsukanri/qgl8vl0000004zj9-att/2026_10tanka.pdf,PDL1.0,ca3ac6c8fc60,近畿地整が独自調査で設定した単価(物価資料に載っていない地区・規格だけ)。消費税抜き。
2bab79810e7ce620,JP,material,生コンクリート・モルタル,生コンクリート,曲げ ４．５－２．５－４０ [単位水量165以下W/C60以下],m3,bureau_area,18,福井県,福井 冠山峠地区,,,26600,JPY,design_unit_price_ex_tax,published_pdl,,,2026-10,2026-10-01,kkr-zairyo-r8-10,20,https://www-2.kkr.mlit.go.jp/plan/jigyousya/technical_information/gijutsukanri/qgl8vl0000004zj9-att/2026_10tanka.pdf,PDL1.0,ca3ac6c8fc60,近畿地整が独自調査で設定した単価(物価資料に載っていない地区・規格だけ)。消費税抜き。
01e566dff6605ed1,JP,material,生コンクリート・モルタル,生コンクリート,１８－１５－４０ Ｃ＝２７０以上 [単位水量165以下W/C60以下],m3,bureau_area,18,福井県,福井 池田町他,,,17700,JPY,design_unit_price_ex_tax,published_pdl,,,2026-10,2026-10-01,kkr-zairyo-r8-10,20,https://www-2.kkr.mlit.go.jp/plan/jigyousya/technical_information/gijutsukanri/qgl8vl0000004zj9-att/2026_10tanka.pdf,PDL1.0,7fd4147f10b6,近畿地整が独自調査で設定した単価(物価資料に載っていない地区・規格だけ)。消費税抜き。
67212edb9ace2ef1,JP,material,生コンクリート・モルタル,生コンクリート,１８－１５－４０ Ｃ＝２７０以上 [単位水量165以下W/C60以下],m3,bureau_area,18,福井県,福井 冠山峠地区,,,25300,JPY,design_unit_price_ex_tax,published_pdl,,,2026-10,2026-10-01,kkr-zairyo-r8-10,20,https://www-2.kkr.mlit.go.jp/plan/jigyousya/technical_information/gijutsukanri/qgl8vl0000004zj9-att/2026_10tanka.pdf,PDL1.0,7fd4147f10b6,近畿地整が独自調査で設定した単価(物価資料に載っていない地区・規格だけ)。消費税抜き。
c9238a824d53bb6b,JP,material,生コンクリート・モルタル,生コンクリート,２４－１２－２５（２０） Ｃ＝３００以上 [単位水量175以下W/C55以下],m3,bureau_area,18,福井県,福井 池田町他,,,17700,JPY,design_unit_price_ex_tax,published_pdl,,,2026-10,2026-10-01,kkr-zairyo-r8-10,20,https://www-2.kkr.mlit.go.jp/plan/jigyousya/technical_information/gijutsukanri/qgl8vl0000004zj9-att/2026_10tanka.pdf,PDL1.0,,近畿地整が独自調査で設定した単価(物価資料に載っていない地区・規格だけ)。消費税抜き。
d7964202713fcdef,JP,material,生コンクリート・モルタル,生コンクリート,２４－１２－２５（２０） Ｃ＝３００以上 [単位水量175以下W/C55以下],m3,bureau_area,18,福井県,福井 大野市 / 旧和泉村,,,23500,JPY,design_unit_price_ex_tax,published_pdl,,,2026-10,2026-10-01,kkr-zairyo-r8-10,20,https://www-2.kkr.mlit.go.jp/plan/jigyousya/technical_information/gijutsukanri/qgl8vl0000004zj9-att/2026_10tanka.pdf,PDL1.0,,近畿地整が独自調査で設定した単価(物価資料に載っていない地区・規格だけ)。消費税抜き。
42584f8cec324bae,JP,material,生コンクリート・モルタル,生コンクリート,２４－１２－２５（２０） Ｃ＝３００以上 [単位水量175以下W/C55以下],m3,bureau_area,18,福井県,福井 冠山峠地区,,,25300,JPY,design_unit_price_ex_tax,published_pdl,,,2026-10,2026-10-01,kkr-zairyo-r8-10,20,https://www-2.kkr.mlit.go.jp/plan/jigyousya/technical_information/gijutsukanri/qgl8vl0000004zj9-att/2026_10tanka.pdf,PDL1.0,,近畿地整が独自調査で設定した単価(物価資料に載っていない地区・規格だけ)。消費税抜き。
6de6942f8dcdf622,JP,material,生コンクリート・モルタル,生コンクリート,３６－１２－２５（２０） [単位水量175以下W/C55以下],m3,bureau_area,18,福井県,福井 池田町他,,,18700,JPY,design_unit_price_ex_tax,published_pdl,,,2026-10,2026-10-01,kkr-zairyo-r8-10,20,https://www-2.kkr.mlit.go.jp/plan/jigyousya/technical_information/gijutsukanri/qgl8vl0000004zj9-att/2026_10tanka.pdf,PDL1.0,,近畿地整が独自調査で設定した単価(物価資料に載っていない地区・規格だけ)。消費税抜き。
b9c0be112fa662e8,JP,material,生コンクリート・モルタル,生コンクリート,３６－１２－２５（２０） [単位水量175以下W/C55以下],m3,bureau_area,18,福井県,福井 大野市 / 旧和泉村,,,24500,JPY,design_unit_price_ex_tax,published_pdl,,,2026-10,2026-10-01,kkr-zairyo-r8-10,20,https://www-2.kkr.mlit.go.jp/plan/jigyousya/technical_information/gijutsukanri/qgl8vl0000004zj9-att/2026_10tanka.pdf,PDL1.0,,近畿地整が独自調査で設定した単価(物価資料に載っていない地区・規格だけ)。消費税抜き。
fe88d22a4d5879ce,JP,material,生コンクリート・モルタル,生コンクリート,３６－１２－２５（２０） [単位水量175以下W/C55以下],m3,bureau_area,18,福井県,福井 冠山峠地区,,,26300,JPY,design_unit_price_ex_tax,published_pdl,,,2026-10,2026-10-01,kkr-zairyo-r8-10,20,https://www-2.kkr.mlit.go.jp/plan/jigyousya/technical_information/gijutsukanri/qgl8vl0000004zj9-att/2026_10tanka.pdf,PDL1.0,,近畿地整が独自調査で設定した単価(物価資料に載っていない地区・規格だけ)。消費税抜き。
4658c0262e8c41c1,JP,material,生コンクリート・モルタル,生コンクリート,４０－１２－２５（２０） [単位水量175以下W/C55以下],m3,bureau_area,18,福井県,福井 池田町他,,,21200,JPY,design_unit_price_ex_tax,published_pdl,,,2026-10,2026-10-01,kkr-zairyo-r8-10,20,https://www-2.kkr.mlit.go.jp/plan/jigyousya/technical_information/gijutsukanri/qgl8vl0000004zj9-att/2026_10tanka.pdf,PDL1.0,,近畿地整が独自調査で設定した単価(物価資料に載っていない地区・規格だけ)。消費税抜き。
68f2ebf3a04981f3,JP,material,生コンクリート・モルタル,生コンクリート,４０－１２－２５（２０） [単位水量175以下W/C55以下],m3,bureau_area,18,福井県,福井 冠山峠地区,,,28800,JPY,design_unit_price_ex_tax,published_pdl,,,2026-10,2026-10-01,kkr-zairyo-r8-10,20,https://www-2.kkr.mlit.go.jp/plan/jigyousya/technical_information/gijutsukanri/qgl8vl0000004zj9-att/2026_10tanka.pdf,PDL1.0,,近畿地整が独自調査で設定した単価(物価資料に載っていない地区・規格だけ)。消費税抜き。
fce021b3bfd5e198,JP,material,生コンクリート・モルタル,生コンクリート,高炉 １８－８－２５（２０） [単位水量175以下W/C60以下],m3,bureau_area,18,福井県,福井 池田町他,,,17100,JPY,design_unit_price_ex_tax,published_pdl,,,2026-10,2026-10-01,kkr-zairyo-r8-10,20,https://www-2.kkr.mlit.go.jp/plan/jigyousya/technical_information/gijutsukanri/qgl8vl0000004zj9-att/2026_10tanka.pdf,PDL1.0,7972baecc47d,近畿地整が独自調査で設定した単価(物価資料に載っていない地区・規格だけ)。消費税抜き。
2d8e6545a773e5b0,JP,material,生コンクリート・モルタル,生コンクリート,高炉 １８－８－２５（２０） [単位水量175以下W/C60以下],m3,bureau_area,18,福井県,福井 大野市 / 旧和泉村,,,22900,JPY,design_unit_price_ex_tax,published_pdl,,,2026-10,2026-10-01,kkr-zairyo-r8-10,20,https://www-2.kkr.mlit.go.jp/plan/jigyousya/technical_information/gijutsukanri/qgl8vl0000004zj9-att/2026_10tanka.pdf,PDL1.0,7972baecc47d,近畿地整が独自調査で設定した単価(物価資料に載っていない地区・規格だけ)。消費税抜き。
18f58e99a5e53515,JP,material,生コンクリート・モルタル,生コンクリート,高炉 １８－８－２５（２０） [単位水量175以下W/C60以下],m3,bureau_area,18,福井県,福井 冠山峠地区,,,24700,JPY,design_unit_price_ex_tax,published_pdl,,,2026-10,2026-10-01,kkr-zairyo-r8-10,20,https://www-2.kkr.mlit.go.jp/plan/jigyousya/technical_information/gijutsukanri/qgl8vl0000004zj9-att/2026_10tanka.pdf,PDL1.0,7972baecc47d,近畿地整が独自調査で設定した単価(物価資料に載っていない地区・規格だけ)。消費税抜き。
de571f0be3105591,JP,material,生コンクリート・モルタル,生コンクリート,高炉 ２１－８－２５（２０） [単位水量175以下W/C60以下],m3,bureau_area,18,福井県,福井 池田町他,,,17100,JPY,design_unit_price_ex_tax,published_pdl,,,2026-10,2026-10-01,kkr-zairyo-r8-10,20,https://www-2.kkr.mlit.go.jp/plan/jigyousya/technical_information/gijutsukanri/qgl8vl0000004zj9-att/2026_10tanka.pdf,PDL1.0,2fd4d099032e,近畿地整が独自調査で設定した単価(物価資料に載っていない地区・規格だけ)。消費税抜き。
0e444fb0a6a4382c,JP,material,生コンクリート・モルタル,生コンクリート,高炉 ２１－８－２５（２０） [単位水量175以下W/C60以下],m3,bureau_area,18,福井県,福井 大野市 / 旧和泉村,,,22900,JPY,design_unit_price_ex_tax,published_pdl,,,2026-10,2026-10-01,kkr-zairyo-r8-10,20,https://www-2.kkr.mlit.go.jp/plan/jigyousya/technical_information/gijutsukanri/qgl8vl0000004zj9-att/2026_10tanka.pdf,PDL1.0,2fd4d099032e,近畿地整が独自調査で設定した単価(物価資料に載っていない地区・規格だけ)。消費税抜き。
e2075b2a8bcdb288,JP,material,生コンクリート・モルタル,生コンクリート,高炉 ２１－８－２５（２０） [単位水量175以下W/C60以下],m3,bureau_area,18,福井県,福井 冠山峠地区,,,24700,JPY,design_unit_price_ex_tax,published_pdl,,,2026-10,2026-10-01,kkr-zairyo-r8-10,20,https://www-2.kkr.mlit.go.jp/plan/jigyousya/technical_information/gijutsukanri/qgl8vl0000004zj9-att/2026_10tanka.pdf,PDL1.0,2fd4d099032e,近畿地整が独自調査で設定した単価(物価資料に載っていない地区・規格だけ)。消費税抜き。
c4315f683e130af6,JP,material,生コンクリート・モルタル,生コンクリート,高炉 ２４－８－２５（２０） [単位水量175以下W/C55以下],m3,bureau_area,18,福井県,福井 池田町他,,,17400,JPY,design_unit_price_ex_tax,published_pdl,,,2026-10,2026-10-01,kkr-zairyo-r8-10,20,https://www-2.kkr.mlit.go.jp/plan/jigyousya/technical_information/gijutsukanri/qgl8vl0000004zj9-att/2026_10tanka.pdf,PDL1.0,88d74c4ebd29,近畿地整が独自調査で設定した単価(物価資料に載っていない地区・規格だけ)。消費税抜き。
205828a888ee8664,JP,material,生コンクリート・モルタル,生コンクリート,高炉 ２４－８－２５（２０） [単位水量175以下W/C55以下],m3,bureau_area,18,福井県,福井 大野市 / 旧和泉村,,,23200,JPY,design_unit_price_ex_tax,published_pdl,,,2026-10,2026-10-01,kkr-zairyo-r8-10,20,https://www-2.kkr.mlit.go.jp/plan/jigyousya/technical_information/gijutsukanri/qgl8vl0000004zj9-att/2026_10tanka.pdf,PDL1.0,88d74c4ebd29,近畿地整が独自調査で設定した単価(物価資料に載っていない地区・規格だけ)。消費税抜き。
77ed79d104e3877f,JP,material,生コンクリート・モルタル,生コンクリート,高炉 ２４－８－２５（２０） [単位水量175以下W/C55以下],m3,bureau_area,18,福井県,福井 冠山峠地区,,,25000,JPY,design_unit_price_ex_tax,published_pdl,,,2026-10,2026-10-01,kkr-zairyo-r8-10,20,https://www-2.kkr.mlit.go.jp/plan/jigyousya/technical_information/gijutsukanri/qgl8vl0000004zj9-att/2026_10tanka.pdf,PDL1.0,88d74c4ebd29,近畿地整が独自調査で設定した単価(物価資料に載っていない地区・規格だけ)。消費税抜き。
82274090984be8f0,JP,material,生コンクリート・モルタル,生コンクリート,高炉 ２４－１２－２５（２０） [単位水量175以下W/C55以下],m3,bureau_area,18,福井県,福井 池田町他,,,17600,JPY,design_unit_price_ex_tax,published_pdl,,,2026-10,2026-10-01,kkr-zairyo-r8-10,20,https://www-2.kkr.mlit.go.jp/plan/jigyousya/technical_information/gijutsukanri/qgl8vl0000004zj9-att/2026_10tanka.pdf,PDL1.0,2449347fc81a,近畿地整が独自調査で設定した単価(物価資料に載っていない地区・規格だけ)。消費税抜き。
d06218487b6e3f57,JP,material,生コンクリート・モルタル,生コンクリート,高炉 ２４－１２－２５（２０） [単位水量175以下W/C55以下],m3,bureau_area,18,福井県,福井 大野市 / 旧和泉村,,,23400,JPY,design_unit_price_ex_tax,published_pdl,,,2026-10,2026-10-01,kkr-zairyo-r8-10,20,https://www-2.kkr.mlit.go.jp/plan/jigyousya/technical_information/gijutsukanri/qgl8vl0000004zj9-att/2026_10tanka.pdf,PDL1.0,2449347fc81a,近畿地整が独自調査で設定した単価(物価資料に載っていない地区・規格だけ)。消費税抜き。
9fb2ed0bd3dd4567,JP,material,生コンクリート・モルタル,生コンクリート,高炉 ２４－１２－２５（２０） [単位水量175以下W/C55以下],m3,bureau_area,18,福井県,福井 冠山峠地区,,,25200,JPY,design_unit_price_ex_tax,published_pdl,,,2026-10,2026-10-01,kkr-zairyo-r8-10,20,https://www-2.kkr.mlit.go.jp/plan/jigyousya/technical_information/gijutsukanri/qgl8vl0000004zj9-att/2026_10tanka.pdf,PDL1.0,2449347fc81a,近畿地整が独自調査で設定した単価(物価資料に載っていない地区・規格だけ)。消費税抜き。
1346953c87092efa,JP,material,生コンクリート・モルタル,生コンクリート,高炉 １８－５－４０ [単位水量165以下W/C60以下],m3,bureau_area,18,福井県,福井 池田町他,,,17100,JPY,design_unit_price_ex_tax,published_pdl,,,2026-10,2026-10-01,kkr-zairyo-r8-10,20,https://www-2.kkr.mlit.go.jp/plan/jigyousya/technical_information/gijutsukanri/qgl8vl0000004zj9-att/2026_10tanka.pdf,PDL1.0,1e6b6820cfe1,近畿地整が独自調査で設定した単価(物価資料に載っていない地区・規格だけ)。消費税抜き。
2a57e3e65bf92fe8,JP,material,生コンクリート・モルタル,生コンクリート,高炉 １８－５－４０ [単位水量165以下W/C60以下],m3,bureau_area,18,福井県,福井 大野市 / 旧和泉村,,,22900,JPY,design_unit_price_ex_tax,published_pdl,,,2026-10,2026-10-01,kkr-zairyo-r8-10,20,https://www-2.kkr.mlit.go.jp/plan/jigyousya/technical_information/gijutsukanri/qgl8vl0000004zj9-att/2026_10tanka.pdf,PDL1.0,1e6b6820cfe1,近畿地整が独自調査で設定した単価(物価資料に載っていない地区・規格だけ)。消費税抜き。
942ae71484330b6c,JP,material,生コンクリート・モルタル,生コンクリート,高炉 １８－５－４０ [単位水量165以下W/C60以下],m3,bureau_area,18,福井県,福井 冠山峠地区,,,24700,JPY,design_unit_price_ex_tax,published_pdl,,,2026-10,2026-10-01,kkr-zairyo-r8-10,20,https://www-2.kkr.mlit.go.jp/plan/jigyousya/technical_information/gijutsukanri/qgl8vl0000004zj9-att/2026_10tanka.pdf,PDL1.0,1e6b6820cfe1,近畿地整が独自調査で設定した単価(物価資料に載っていない地区・規格だけ)。消費税抜き。
cee02eb0dc351e51,JP,material,生コンクリート・モルタル,生コンクリート,高炉 １８－８－４０ [単位水量165以下W/C60以下],m3,bureau_area,18,福井県,福井 池田町他,,,17100,JPY,design_unit_price_ex_tax,published_pdl,,,2026-10,2026-10-01,kkr-zairyo-r8-10,20,https://www-2.kkr.mlit.go.jp/plan/jigyousya/technical_information/gijutsukanri/qgl8vl0000004zj9-att/2026_10tanka.pdf,PDL1.0,6bed2bb1426c,近畿地整が独自調査で設定した単価(物価資料に載っていない地区・規格だけ)。消費税抜き。
ac914d5a10e4486d,JP,material,生コンクリート・モルタル,生コンクリート,高炉 １８－８－４０ [単位水量165以下W/C60以下],m3,bureau_area,18,福井県,福井 大野市 / 旧和泉村,,,22900,JPY,design_unit_price_ex_tax,published_pdl,,,2026-10,2026-10-01,kkr-zairyo-r8-10,20,https://www-2.kkr.mlit.go.jp/plan/jigyousya/technical_information/gijutsukanri/qgl8vl0000004zj9-att/2026_10tanka.pdf,PDL1.0,6bed2bb1426c,近畿地整が独自調査で設定した単価(物価資料に載っていない地区・規格だけ)。消費税抜き。
2bcfe9653c6db63a,JP,material,生コンクリート・モルタル,生コンクリート,高炉 １８－８－４０ [単位水量165以下W/C60以下],m3,bureau_area,18,福井県,福井 冠山峠地区,,,24700,JPY,design_unit_price_ex_tax,published_pdl,,,2026-10,2026-10-01,kkr-zairyo-r8-10,20,https://www-2.kkr.mlit.go.jp/plan/jigyousya/technical_information/gijutsukanri/qgl8vl0000004zj9-att/2026_10tanka.pdf,PDL1.0,6bed2bb1426c,近畿地整が独自調査で設定した単価(物価資料に載っていない地区・規格だけ)。消費税抜き。
52d8cb971c2bc7b4,JP,material,生コンクリート・モルタル,生コンクリート,高炉 １８－８－４０ Ｃ＝２３０以上 [単位水量165以下W/C60以下],m3,bureau_area,18,福井県,福井 池田町他,,,17100,JPY,design_unit_price_ex_tax,published_pdl,,,2026-10,2026-10-01,kkr-zairyo-r8-10,20,https://www-2.kkr.mlit.go.jp/plan/jigyousya/technical_information/gijutsukanri/qgl8vl0000004zj9-att/2026_10tanka.pdf,PDL1.0,,近畿地整が独自調査で設定した単価(物価資料に載っていない地区・規格だけ)。消費税抜き。
a9425b919261836e,JP,material,生コンクリート・モルタル,生コンクリート,高炉 １８－８－４０ Ｃ＝２３０以上 [単位水量165以下W/C60以下],m3,bureau_area,18,福井県,福井 大野市 / 旧和泉村,,,22900,JPY,design_unit_price_ex_tax,published_pdl,,,2026-10,2026-10-01,kkr-zairyo-r8-10,20,https://www-2.kkr.mlit.go.jp/plan/jigyousya/technical_information/gijutsukanri/qgl8vl0000004zj9-att/2026_10tanka.pdf,PDL1.0,,近畿地整が独自調査で設定した単価(物価資料に載っていない地区・規格だけ)。消費税抜き。
2b38ad8c4a1137d0,JP,material,生コンクリート・モルタル,生コンクリート,高炉 １８－８－４０ Ｃ＝２３０以上 [単位水量165以下W/C60以下],m3,bureau_area,18,福井県,福井 冠山峠地区,,,24700,JPY,design_unit_price_ex_tax,published_pdl,,,2026-10,2026-10-01,kkr-zairyo-r8-10,20,https://www-2.kkr.mlit.go.jp/plan/jigyousya/technical_information/gijutsukanri/qgl8vl0000004zj9-att/2026_10tanka.pdf,PDL1.0,,近畿地整が独自調査で設定した単価(物価資料に載っていない地区・規格だけ)。消費税抜き。
e9abd9b85f47294f,JP,material,生コンクリート・モルタル,生コンクリート,高炉 １８－１２－４０ Ｃ＝２７０ [単位水量165以下W/C60以下],m3,bureau_area,18,福井県,福井 池田町他,,,17600,JPY,design_unit_price_ex_tax,published_pdl,,,2026-10,2026-10-01,kkr-zairyo-r8-10,20,https://www-2.kkr.mlit.go.jp/plan/jigyousya/technical_information/gijutsukanri/qgl8vl0000004zj9-att/2026_10tanka.pdf,PDL1.0,,近畿地整が独自調査で設定した単価(物価資料に載っていない地区・規格だけ)。消費税抜き。
eaebe25ad43ad065,JP,material,生コンクリート・モルタル,生コンクリート,高炉 １８－１２－４０ Ｃ＝２７０ [単位水量165以下W/C60以下],m3,bureau_area,18,福井県,福井 大野市 / 旧和泉村,,,23100,JPY,design_unit_price_ex_tax,published_pdl,,,2026-10,2026-10-01,kkr-zairyo-r8-10,20,https://www-2.kkr.mlit.go.jp/plan/jigyousya/technical_information/gijutsukanri/qgl8vl0000004zj9-att/2026_10tanka.pdf,PDL1.0,,近畿地整が独自調査で設定した単価(物価資料に載っていない地区・規格だけ)。消費税抜き。
000d71c63e0a32a6,JP,material,生コンクリート・モルタル,生コンクリート,高炉 １８－１２－４０ Ｃ＝２７０ [単位水量165以下W/C60以下],m3,bureau_area,18,福井県,福井 冠山峠地区,,,25200,JPY,design_unit_price_ex_tax,published_pdl,,,2026-10,2026-10-01,kkr-zairyo-r8-10,20,https://www-2.kkr.mlit.go.jp/plan/jigyousya/technical_information/gijutsukanri/qgl8vl0000004zj9-att/2026_10tanka.pdf,PDL1.0,,近畿地整が独自調査で設定した単価(物価資料に載っていない地区・規格だけ)。消費税抜き。
dae6597a5fbe3f5e,JP,material,生コンクリート・モルタル,生コンクリート,高炉 ２１－５－４０ [単位水量165以下W/C60以下],m3,bureau_area,18,福井県,福井 池田町他,,,17100,JPY,design_unit_price_ex_tax,published_pdl,,,2026-10,2026-10-01,kkr-zairyo-r8-10,20,https://www-2.kkr.mlit.go.jp/plan/jigyousya/technical_information/gijutsukanri/qgl8vl0000004zj9-att/2026_10tanka.pdf,PDL1.0,83539ae309ca,近畿地整が独自調査で設定した単価(物価資料に載っていない地区・規格だけ)。消費税抜き。
810230e1fddd2ba7,JP,material,生コンクリート・モルタル,生コンクリート,高炉 ２１－５－４０ [単位水量165以下W/C60以下],m3,bureau_area,18,福井県,福井 大野市 / 旧和泉村,,,22900,JPY,design_unit_price_ex_tax,published_pdl,,,2026-10,2026-10-01,kkr-zairyo-r8-10,20,https://www-2.kkr.mlit.go.jp/plan/jigyousya/technical_information/gijutsukanri/qgl8vl0000004zj9-att/2026_10tanka.pdf,PDL1.0,83539ae309ca,近畿地整が独自調査で設定した単価(物価資料に載っていない地区・規格だけ)。消費税抜き。
ce86f0de55f0b41b,JP,material,生コンクリート・モルタル,生コンクリート,高炉 ２１－５－４０ [単位水量165以下W/C60以下],m3,bureau_area,18,福井県,福井 冠山峠地区,,,24700,JPY,design_unit_price_ex_tax,published_pdl,,,2026-10,2026-10-01,kkr-zairyo-r8-10,20,https://www-2.kkr.mlit.go.jp/plan/jigyousya/technical_information/gijutsukanri/qgl8vl0000004zj9-att/2026_10tanka.pdf,PDL1.0,83539ae309ca,近畿地整が独自調査で設定した単価(物価資料に載っていない地区・規格だけ)。消費税抜き。
25ae777240e20f4f,JP,material,生コンクリート・モルタル,生コンクリート,高炉 ２１－８－４０ [単位水量165以下W/C60以下],m3,bureau_area,18,福井県,福井 池田町他,,,17100,JPY,design_unit_price_ex_tax,published_pdl,,,2026-10,2026-10-01,kkr-zairyo-r8-10,20,https://www-2.kkr.mlit.go.jp/plan/jigyousya/technical_information/gijutsukanri/qgl8vl0000004zj9-att/2026_10tanka.pdf,PDL1.0,c3c017c7630d,近畿地整が独自調査で設定した単価(物価資料に載っていない地区・規格だけ)。消費税抜き。
b44a19dc04eb8c0f,JP,material,生コンクリート・モルタル,生コンクリート,高炉 ２１－８－４０ [単位水量165以下W/C60以下],m3,bureau_area,18,福井県,福井 大野市 / 旧和泉村,,,22900,JPY,design_unit_price_ex_tax,published_pdl,,,2026-10,2026-10-01,kkr-zairyo-r8-10,20,https://www-2.kkr.mlit.go.jp/plan/jigyousya/technical_information/gijutsukanri/qgl8vl0000004zj9-att/2026_10tanka.pdf,PDL1.0,c3c017c7630d,近畿地整が独自調査で設定した単価(物価資料に載っていない地区・規格だけ)。消費税抜き。
3de5f3b92dfd1d31,JP,material,生コンクリート・モルタル,生コンクリート,高炉 ２１－８－４０ [単位水量165以下W/C60以下],m3,bureau_area,18,福井県,福井 冠山峠地区,,,24700,JPY,design_unit_price_ex_tax,published_pdl,,,2026-10,2026-10-01,kkr-zairyo-r8-10,20,https://www-2.kkr.mlit.go.jp/plan/jigyousya/technical_information/gijutsukanri/qgl8vl0000004zj9-att/2026_10tanka.pdf,PDL1.0,c3c017c7630d,近畿地整が独自調査で設定した単価(物価資料に載っていない地区・規格だけ)。消費税抜き。
9ef9a4978ac88658,JP,material,生コンクリート・モルタル,生コンクリート,高炉 ２１－１２－４０ [単位水量165以下W/C60以下],m3,bureau_area,18,福井県,福井 池田町他,,,17300,JPY,design_unit_price_ex_tax,published_pdl,,,2026-10,2026-10-01,kkr-zairyo-r8-10,20,https://www-2.kkr.mlit.go.jp/plan/jigyousya/technical_information/gijutsukanri/qgl8vl0000004zj9-att/2026_10tanka.pdf,PDL1.0,64b47d0de931,近畿地整が独自調査で設定した単価(物価資料に載っていない地区・規格だけ)。消費税抜き。
7e4c964764be382c,JP,material,生コンクリート・モルタル,生コンクリート,高炉 ２１－１２－４０ [単位水量165以下W/C60以下],m3,bureau_area,18,福井県,福井 大野市 / 旧和泉村,,,23100,JPY,design_unit_price_ex_tax,published_pdl,,,2026-10,2026-10-01,kkr-zairyo-r8-10,20,https://www-2.kkr.mlit.go.jp/plan/jigyousya/technical_information/gijutsukanri/qgl8vl0000004zj9-att/2026_10tanka.pdf,PDL1.0,64b47d0de931,近畿地整が独自調査で設定した単価(物価資料に載っていない地区・規格だけ)。消費税抜き。
5723207616bf0853,JP,material,生コンクリート・モルタル,生コンクリート,高炉 ２１－１２－４０ [単位水量165以下W/C60以下],m3,bureau_area,18,福井県,福井 冠山峠地区,,,24900,JPY,design_unit_price_ex_tax,published_pdl,,,2026-10,2026-10-01,kkr-zairyo-r8-10,20,https://www-2.kkr.mlit.go.jp/plan/jigyousya/technical_information/gijutsukanri/qgl8vl0000004zj9-att/2026_10tanka.pdf,PDL1.0,64b47d0de931,近畿地整が独自調査で設定した単価(物価資料に載っていない地区・規格だけ)。消費税抜き。
9b2521ee284a9b25,JP,material,生コンクリート・モルタル,生コンクリート,高炉 ２４－８－４０ [単位水量165以下W/C55以下],m3,bureau_area,18,福井県,福井 池田町他,,,17400,JPY,design_unit_price_ex_tax,published_pdl,,,2026-10,2026-10-01,kkr-zairyo-r8-10,20,https://www-2.kkr.mlit.go.jp/plan/jigyousya/technical_information/gijutsukanri/qgl8vl0000004zj9-att/2026_10tanka.pdf,PDL1.0,fd3c9527cc1f,近畿地整が独自調査で設定した単価(物価資料に載っていない地区・規格だけ)。消費税抜き。
6047e8fd9df3f89a,JP,material,生コンクリート・モルタル,生コンクリート,高炉 ２４－８－４０ [単位水量165以下W/C55以下],m3,bureau_area,18,福井県,福井 大野市 / 旧和泉村,,,23200,JPY,design_unit_price_ex_tax,published_pdl,,,2026-10,2026-10-01,kkr-zairyo-r8-10,20,https://www-2.kkr.mlit.go.jp/plan/jigyousya/technical_information/gijutsukanri/qgl8vl0000004zj9-att/2026_10tanka.pdf,PDL1.0,fd3c9527cc1f,近畿地整が独自調査で設定した単価(物価資料に載っていない地区・規格だけ)。消費税抜き。
d2795a1277852114,JP,material,生コンクリート・モルタル,生コンクリート,高炉 ２４－８－４０ [単位水量165以下W/C55以下],m3,bureau_area,18,福井県,福井 冠山峠地区,,,25000,JPY,design_unit_price_ex_tax,published_pdl,,,2026-10,2026-10-01,kkr-zairyo-r8-10,20,https://www-2.kkr.mlit.go.jp/plan/jigyousya/technical_information/gijutsukanri/qgl8vl0000004zj9-att/2026_10tanka.pdf,PDL1.0,fd3c9527cc1f,近畿地整が独自調査で設定した単価(物価資料に載っていない地区・規格だけ)。消費税抜き。
eaa96c9dada33ede,JP,material,生コンクリート・モルタル,生コンクリート,高炉 ２７－５－４０ [単位水量165以下W/C55以下],m3,bureau_area,18,福井県,福井 池田町他,,,17700,JPY,design_unit_price_ex_tax,published_pdl,,,2026-10,2026-10-01,kkr-zairyo-r8-10,20,https://www-2.kkr.mlit.go.jp/plan/jigyousya/technical_information/gijutsukanri/qgl8vl0000004zj9-att/2026_10tanka.pdf,PDL1.0,3bcecdea58c1,近畿地整が独自調査で設定した単価(物価資料に載っていない地区・規格だけ)。消費税抜き。
9d5cfbd26b4e8c26,JP,material,生コンクリート・モルタル,生コンクリート,高炉 ２７－５－４０ [単位水量165以下W/C55以下],m3,bureau_area,18,福井県,福井 大野市 / 旧和泉村,,,23500,JPY,design_unit_price_ex_tax,published_pdl,,,2026-10,2026-10-01,kkr-zairyo-r8-10,20,https://www-2.kkr.mlit.go.jp/plan/jigyousya/technical_information/gijutsukanri/qgl8vl0000004zj9-att/2026_10tanka.pdf,PDL1.0,3bcecdea58c1,近畿地整が独自調査で設定した単価(物価資料に載っていない地区・規格だけ)。消費税抜き。
f76111ed25c5afc3,JP,material,生コンクリート・モルタル,生コンクリート,高炉 ２７－５－４０ [単位水量165以下W/C55以下],m3,bureau_area,18,福井県,福井 冠山峠地区,,,25300,JPY,design_unit_price_ex_tax,published_pdl,,,2026-10,2026-10-01,kkr-zairyo-r8-10,20,https://www-2.kkr.mlit.go.jp/plan/jigyousya/technical_information/gijutsukanri/qgl8vl0000004zj9-att/2026_10tanka.pdf,PDL1.0,3bcecdea58c1,近畿地整が独自調査で設定した単価(物価資料に載っていない地区・規格だけ)。消費税抜き。
5208fe04839fb6be,JP,material,生コンクリート・モルタル,生コンクリート,高炉 ３０－１５－４０ Ｃ＝３５０ [単位水量165以下W/C55以下],m3,bureau_area,18,福井県,福井 池田町他,,,19400,JPY,design_unit_price_ex_tax,published_pdl,,,2026-10,2026-10-01,kkr-zairyo-r8-10,20,https://www-2.kkr.mlit.go.jp/plan/jigyousya/technical_information/gijutsukanri/qgl8vl0000004zj9-att/2026_10tanka.pdf,PDL1.0,,近畿地整が独自調査で設定した単価(物価資料に載っていない地区・規格だけ)。消費税抜き。
9a228fc88c26399f,JP,material,生コンクリート・モルタル,生コンクリート,高炉 ３０－１５－４０ Ｃ＝３５０ [単位水量165以下W/C55以下],m3,bureau_area,18,福井県,福井 冠山峠地区,,,27000,JPY,design_unit_price_ex_tax,published_pdl,,,2026-10,2026-10-01,kkr-zairyo-r8-10,20,https://www-2.kkr.mlit.go.jp/plan/jigyousya/technical_information/gijutsukanri/qgl8vl0000004zj9-att/2026_10tanka.pdf,PDL1.0,,近畿地整が独自調査で設定した単価(物価資料に載っていない地区・規格だけ)。消費税抜き。
098c98c6e3271dfd,JP,material,生コンクリート・モルタル,生コンクリート,高炉 曲げ ４．５－２．５－４０ [単位水量165以下W/C60以下],m3,bureau_area,18,福井県,福井 池田町他,,,19200,JPY,design_unit_price_ex_tax,published_pdl,,,2026-10,2026-10-01,kkr-zairyo-r8-10,20,https://www-2.kkr.mlit.go.jp/plan/jigyousya/technical_information/gijutsukanri/qgl8vl0000004zj9-att/2026_10tanka.pdf,PDL1.0,41a280e19ec4,近畿地整が独自調査で設定した単価(物価資料に載っていない地区・規格だけ)。消費税抜き。
19976111d995f5d4,JP,material,生コンクリート・モルタル,生コンクリート,高炉 曲げ ４．５－２．５－４０ [単位水量165以下W/C60以下],m3,bureau_area,18,福井県,福井 冠山峠地区,,,26800,JPY,design_unit_price_ex_tax,published_pdl,,,2026-10,2026-10-01,kkr-zairyo-r8-10,20,https://www-2.kkr.mlit.go.jp/plan/jigyousya/technical_information/gijutsukanri/qgl8vl0000004zj9-att/2026_10tanka.pdf,PDL1.0,41a280e19ec4,近畿地整が独自調査で設定した単価(物価資料に載っていない地区・規格だけ)。消費税抜き。
f84fb6c4040b11ff,JP,material,生コンクリート・モルタル,生コンクリート,高炉 曲げ ４．５－２．５－４０ [単位水量165以下W/C60以下],m3,bureau_area,18,福井県,福井 大野市 / 旧和泉村,,,25000,JPY,design_unit_price_ex_tax,published_pdl,,,2026-10,2026-10-01,kkr-zairyo-r8-10,20,https://www-2.kkr.mlit.go.jp/plan/jigyousya/technical_information/gijutsukanri/qgl8vl0000004zj9-att/2026_10tanka.pdf,PDL1.0,41a280e19ec4,近畿地整が独自調査で設定した単価(物価資料に載っていない地区・規格だけ)。消費税抜き。
4d8d2fa756aa1ef8,JP,material,生コンクリート・モルタル,生コンクリート,高炉 １８－１５－４０ Ｃ＝２７０以上 [単位水量165以下W/C60以下],m3,bureau_area,18,福井県,福井 池田町他,,,17900,JPY,design_unit_price_ex_tax,published_pdl,,,2026-10,2026-10-01,kkr-zairyo-r8-10,20,https://www-2.kkr.mlit.go.jp/plan/jigyousya/technical_information/gijutsukanri/qgl8vl0000004zj9-att/2026_10tanka.pdf,PDL1.0,0d1554577eaf,近畿地整が独自調査で設定した単価(物価資料に載っていない地区・規格だけ)。消費税抜き。
d4509c10249589da,JP,material,生コンクリート・モルタル,生コンクリート,高炉 １８－１５－４０ Ｃ＝２７０以上 [単位水量165以下W/C60以下],m3,bureau_area,18,福井県,福井 冠山峠地区,,,25500,JPY,design_unit_price_ex_tax,published_pdl,,,2026-10,2026-10-01,kkr-zairyo-r8-10,20,https://www-2.kkr.mlit.go.jp/plan/jigyousya/technical_information/gijutsukanri/qgl8vl0000004zj9-att/2026_10tanka.pdf,PDL1.0,0d1554577eaf,近畿地整が独自調査で設定した単価(物価資料に載っていない地区・規格だけ)。消費税抜き。
769bc7a7987e91a4,JP,material,生コンクリート・モルタル,生コンクリート,高炉 １８－１２－２５（２０） [単位水量175以下W/C60以下],m3,bureau_area,18,福井県,福井 池田町他,,,17300,JPY,design_unit_price_ex_tax,published_pdl,,,2026-10,2026-10-01,kkr-zairyo-r8-10,20,https://www-2.kkr.mlit.go.jp/plan/jigyousya/technical_information/gijutsukanri/qgl8vl0000004zj9-att/2026_10tanka.pdf,PDL1.0,91c7a678fb2e,近畿地整が独自調査で設定した単価(物価資料に載っていない地区・規格だけ)。消費税抜き。
d4ff23a96c26c410,JP,material,生コンクリート・モルタル,生コンクリート,高炉 １８－１２－２５（２０） [単位水量175以下W/C60以下],m3,bureau_area,18,福井県,福井 冠山峠地区,,,24900,JPY,design_unit_price_ex_tax,published_pdl,,,2026-10,2026-10-01,kkr-zairyo-r8-10,20,https://www-2.kkr.mlit.go.jp/plan/jigyousya/technical_information/gijutsukanri/qgl8vl0000004zj9-att/2026_10tanka.pdf,PDL1.0,91c7a678fb2e,近畿地整が独自調査で設定した単価(物価資料に載っていない地区・規格だけ)。消費税抜き。
0a72ee3e23b3424d,JP,material,生コンクリート・モルタル,生コンクリート,高炉 １８－１２－２５（２０） [単位水量175以下W/C60以下],m3,bureau_area,18,福井県,福井 大野市 / 旧和泉村,,,23100,JPY,design_unit_price_ex_tax,published_pdl,,,2026-10,2026-10-01,kkr-zairyo-r8-10,20,https://www-2.kkr.mlit.go.jp/plan/jigyousya/technical_information/gijutsukanri/qgl8vl0000004zj9-att/2026_10tanka.pdf,PDL1.0,91c7a678fb2e,近畿地整が独自調査で設定した単価(物価資料に載っていない地区・規格だけ)。消費税抜き。
3a2b3e739e0c5cbe,JP,material,生コンクリート・モルタル,生コンクリート,２４－８－４０ [単位水量165以下W/C55以下],m3,bureau_area,29,奈良県,奈良 竹筒,68,［特定地］竹筒地区（吉野郡十津川村）,37900,JPY,design_unit_price_ex_tax,published_pdl,,,2026-10,2026-10-01,kkr-zairyo-r8-10,24,https://www-2.kkr.mlit.go.jp/plan/jigyousya/technical_information/gijutsukanri/qgl8vl0000004zj9-att/2026_10tanka.pdf,PDL1.0,764185d9dd01,近畿地整が独自調査で設定した単価(物価資料に載っていない地区・規格だけ)。消費税抜き。
3de99965583b1970,JP,material,生コンクリート・モルタル,生コンクリート,２４－１２－４０ [単位水量165以下W/C55以下],m3,bureau_area,29,奈良県,奈良 竹筒,68,［特定地］竹筒地区（吉野郡十津川村）,37900,JPY,design_unit_price_ex_tax,published_pdl,,,2026-10,2026-10-01,kkr-zairyo-r8-10,24,https://www-2.kkr.mlit.go.jp/plan/jigyousya/technical_information/gijutsukanri/qgl8vl0000004zj9-att/2026_10tanka.pdf,PDL1.0,1e253097cdd9,近畿地整が独自調査で設定した単価(物価資料に載っていない地区・規格だけ)。消費税抜き。
88c06ba485e55075,JP,material,生コンクリート・モルタル,生コンクリート,２７－５－４０ [単位水量165以下W/C55以下],m3,bureau_area,29,奈良県,奈良 竹筒,68,［特定地］竹筒地区（吉野郡十津川村）,38900,JPY,design_unit_price_ex_tax,published_pdl,,,2026-10,2026-10-01,kkr-zairyo-r8-10,24,https://www-2.kkr.mlit.go.jp/plan/jigyousya/technical_information/gijutsukanri/qgl8vl0000004zj9-att/2026_10tanka.pdf,PDL1.0,f4e44eb1f70d,近畿地整が独自調査で設定した単価(物価資料に載っていない地区・規格だけ)。消費税抜き。
389382bc8f127dee,JP,material,生コンクリート・モルタル,生コンクリート,１８－１５－４０ Ｃ＝２７０以上 [単位水量165以下W/C60以下],m3,bureau_area,29,奈良県,奈良 竹筒,68,［特定地］竹筒地区（吉野郡十津川村）,36900,JPY,design_unit_price_ex_tax,published_pdl,,,2026-10,2026-10-01,kkr-zairyo-r8-10,24,https://www-2.kkr.mlit.go.jp/plan/jigyousya/technical_information/gijutsukanri/qgl8vl0000004zj9-att/2026_10tanka.pdf,PDL1.0,7fd4147f10b6,近畿地整が独自調査で設定した単価(物価資料に載っていない地区・規格だけ)。消費税抜き。
4de741ac6de98cea,JP,material,生コンクリート・モルタル,生コンクリート,２４－１２－２５（２０） Ｃ＝３００以上 [単位水量175以下W/C55以下],m3,bureau_area,29,奈良県,奈良 竹筒,68,［特定地］竹筒地区（吉野郡十津川村）,37900,JPY,design_unit_price_ex_tax,published_pdl,,,2026-10,2026-10-01,kkr-zairyo-r8-10,24,https://www-2.kkr.mlit.go.jp/plan/jigyousya/technical_information/gijutsukanri/qgl8vl0000004zj9-att/2026_10tanka.pdf,PDL1.0,,近畿地整が独自調査で設定した単価(物価資料に載っていない地区・規格だけ)。消費税抜き。
900126b89f9fbdbd,JP,material,生コンクリート・モルタル,生コンクリート,３６－１２－２５（２０） [単位水量175以下W/C55以下],m3,bureau_area,29,奈良県,奈良 竹筒,68,［特定地］竹筒地区（吉野郡十津川村）,47900,JPY,design_unit_price_ex_tax,published_pdl,,,2026-10,2026-10-01,kkr-zairyo-r8-10,24,https://www-2.kkr.mlit.go.jp/plan/jigyousya/technical_information/gijutsukanri/qgl8vl0000004zj9-att/2026_10tanka.pdf,PDL1.0,,近畿地整が独自調査で設定した単価(物価資料に載っていない地区・規格だけ)。消費税抜き。
d74086ec1322876c,JP,material,生コンクリート・モルタル,生コンクリート,４０－１２－２５（２０） [単位水量175以下W/C55以下],m3,bureau_area,29,奈良県,奈良 竹筒,68,［特定地］竹筒地区（吉野郡十津川村）,48900,JPY,design_unit_price_ex_tax,published_pdl,,,2026-10,2026-10-01,kkr-zairyo-r8-10,24,https://www-2.kkr.mlit.go.jp/plan/jigyousya/technical_information/gijutsukanri/qgl8vl0000004zj9-att/2026_10tanka.pdf,PDL1.0,,近畿地整が独自調査で設定した単価(物価資料に載っていない地区・規格だけ)。消費税抜き。
6d959afc809fb02a,JP,material,生コンクリート・モルタル,生コンクリート,高炉 １８－８－２５（２０） [単位水量175以下W/C60以下],m3,bureau_area,29,奈良県,奈良 竹筒,68,［特定地］竹筒地区（吉野郡十津川村）,35900,JPY,design_unit_price_ex_tax,published_pdl,,,2026-10,2026-10-01,kkr-zairyo-r8-10,24,https://www-2.kkr.mlit.go.jp/plan/jigyousya/technical_information/gijutsukanri/qgl8vl0000004zj9-att/2026_10tanka.pdf,PDL1.0,7972baecc47d,近畿地整が独自調査で設定した単価(物価資料に載っていない地区・規格だけ)。消費税抜き。
adf5489419f27ea8,JP,material,生コンクリート・モルタル,生コンクリート,高炉 ２１－８－２５（２０） [単位水量175以下W/C60以下],m3,bureau_area,29,奈良県,奈良 竹筒,68,［特定地］竹筒地区（吉野郡十津川村）,36900,JPY,design_unit_price_ex_tax,published_pdl,,,2026-10,2026-10-01,kkr-zairyo-r8-10,24,https://www-2.kkr.mlit.go.jp/plan/jigyousya/technical_information/gijutsukanri/qgl8vl0000004zj9-att/2026_10tanka.pdf,PDL1.0,2fd4d099032e,近畿地整が独自調査で設定した単価(物価資料に載っていない地区・規格だけ)。消費税抜き。
5c45aaf6d2741ad8,JP,material,生コンクリート・モルタル,生コンクリート,高炉 ２４－８－２５（２０） [単位水量175以下W/C55以下],m3,bureau_area,29,奈良県,奈良 竹筒,68,［特定地］竹筒地区（吉野郡十津川村）,37900,JPY,design_unit_price_ex_tax,published_pdl,,,2026-10,2026-10-01,kkr-zairyo-r8-10,24,https://www-2.kkr.mlit.go.jp/plan/jigyousya/technical_information/gijutsukanri/qgl8vl0000004zj9-att/2026_10tanka.pdf,PDL1.0,88d74c4ebd29,近畿地整が独自調査で設定した単価(物価資料に載っていない地区・規格だけ)。消費税抜き。
25f96d8d98932207,JP,material,生コンクリート・モルタル,生コンクリート,高炉 ２４－１２－２５（２０） [単位水量175以下W/C55以下],m3,bureau_area,29,奈良県,奈良 竹筒,68,［特定地］竹筒地区（吉野郡十津川村）,37900,JPY,design_unit_price_ex_tax,published_pdl,,,2026-10,2026-10-01,kkr-zairyo-r8-10,24,https://www-2.kkr.mlit.go.jp/plan/jigyousya/technical_information/gijutsukanri/qgl8vl0000004zj9-att/2026_10tanka.pdf,PDL1.0,2449347fc81a,近畿地整が独自調査で設定した単価(物価資料に載っていない地区・規格だけ)。消費税抜き。
721e616baaf590b0,JP,material,生コンクリート・モルタル,生コンクリート,高炉 １８－５－４０ [単位水量165以下W/C60以下],m3,bureau_area,29,奈良県,奈良 竹筒,68,［特定地］竹筒地区（吉野郡十津川村）,35900,JPY,design_unit_price_ex_tax,published_pdl,,,2026-10,2026-10-01,kkr-zairyo-r8-10,24,https://www-2.kkr.mlit.go.jp/plan/jigyousya/technical_information/gijutsukanri/qgl8vl0000004zj9-att/2026_10tanka.pdf,PDL1.0,1e6b6820cfe1,近畿地整が独自調査で設定した単価(物価資料に載っていない地区・規格だけ)。消費税抜き。
c9ce12ae2ee6bf2c,JP,material,生コンクリート・モルタル,生コンクリート,高炉 １８－８－４０ [単位水量165以下W/C60以下],m3,bureau_area,29,奈良県,奈良 竹筒,68,［特定地］竹筒地区（吉野郡十津川村）,35900,JPY,design_unit_price_ex_tax,published_pdl,,,2026-10,2026-10-01,kkr-zairyo-r8-10,24,https://www-2.kkr.mlit.go.jp/plan/jigyousya/technical_information/gijutsukanri/qgl8vl0000004zj9-att/2026_10tanka.pdf,PDL1.0,6bed2bb1426c,近畿地整が独自調査で設定した単価(物価資料に載っていない地区・規格だけ)。消費税抜き。
dd3f423630dd42e6,JP,material,生コンクリート・モルタル,生コンクリート,高炉 １８－８－４０ Ｃ＝２３０以上 [単位水量165以下W/C60以下],m3,bureau_area,29,奈良県,奈良 竹筒,68,［特定地］竹筒地区（吉野郡十津川村）,35900,JPY,design_unit_price_ex_tax,published_pdl,,,2026-10,2026-10-01,kkr-zairyo-r8-10,24,https://www-2.kkr.mlit.go.jp/plan/jigyousya/technical_information/gijutsukanri/qgl8vl0000004zj9-att/2026_10tanka.pdf,PDL1.0,,近畿地整が独自調査で設定した単価(物価資料に載っていない地区・規格だけ)。消費税抜き。
a04dbe8090ba15fe,JP,material,生コンクリート・モルタル,生コンクリート,高炉 １８－１２－４０ Ｃ＝２７０ [単位水量165以下W/C60以下],m3,bureau_area,29,奈良県,奈良 竹筒,68,［特定地］竹筒地区（吉野郡十津川村）,36900,JPY,design_unit_price_ex_tax,published_pdl,,,2026-10,2026-10-01,kkr-zairyo-r8-10,24,https://www-2.kkr.mlit.go.jp/plan/jigyousya/technical_information/gijutsukanri/qgl8vl0000004zj9-att/2026_10tanka.pdf,PDL1.0,,近畿地整が独自調査で設定した単価(物価資料に載っていない地区・規格だけ)。消費税抜き。
4c9f3a622fef2cc4,JP,material,生コンクリート・モルタル,生コンクリート,高炉 ２１－５－４０ [単位水量165以下W/C60以下],m3,bureau_area,29,奈良県,奈良 竹筒,68,［特定地］竹筒地区（吉野郡十津川村）,36900,JPY,design_unit_price_ex_tax,published_pdl,,,2026-10,2026-10-01,kkr-zairyo-r8-10,24,https://www-2.kkr.mlit.go.jp/plan/jigyousya/technical_information/gijutsukanri/qgl8vl0000004zj9-att/2026_10tanka.pdf,PDL1.0,83539ae309ca,近畿地整が独自調査で設定した単価(物価資料に載っていない地区・規格だけ)。消費税抜き。
a3e4dd166dedfdaf,JP,material,生コンクリート・モルタル,生コンクリート,高炉 ２１－８－４０ [単位水量165以下W/C60以下],m3,bureau_area,29,奈良県,奈良 竹筒,68,［特定地］竹筒地区（吉野郡十津川村）,36900,JPY,design_unit_price_ex_tax,published_pdl,,,2026-10,2026-10-01,kkr-zairyo-r8-10,24,https://www-2.kkr.mlit.go.jp/plan/jigyousya/technical_information/gijutsukanri/qgl8vl0000004zj9-att/2026_10tanka.pdf,PDL1.0,c3c017c7630d,近畿地整が独自調査で設定した単価(物価資料に載っていない地区・規格だけ)。消費税抜き。
e4e8d311968d8661,JP,material,生コンクリート・モルタル,生コンクリート,高炉 ２１－１２－４０ [単位水量165以下W/C60以下],m3,bureau_area,29,奈良県,奈良 竹筒,68,［特定地］竹筒地区（吉野郡十津川村）,36900,JPY,design_unit_price_ex_tax,published_pdl,,,2026-10,2026-10-01,kkr-zairyo-r8-10,24,https://www-2.kkr.mlit.go.jp/plan/jigyousya/technical_information/gijutsukanri/qgl8vl0000004zj9-att/2026_10tanka.pdf,PDL1.0,64b47d0de931,近畿地整が独自調査で設定した単価(物価資料に載っていない地区・規格だけ)。消費税抜き。
10e51d450f135a7a,JP,material,生コンクリート・モルタル,生コンクリート,高炉 ２４－８－４０ [単位水量165以下W/C55以下],m3,bureau_area,29,奈良県,奈良 竹筒,68,［特定地］竹筒地区（吉野郡十津川村）,37900,JPY,design_unit_price_ex_tax,published_pdl,,,2026-10,2026-10-01,kkr-zairyo-r8-10,24,https://www-2.kkr.mlit.go.jp/plan/jigyousya/technical_information/gijutsukanri/qgl8vl0000004zj9-att/2026_10tanka.pdf,PDL1.0,fd3c9527cc1f,近畿地整が独自調査で設定した単価(物価資料に載っていない地区・規格だけ)。消費税抜き。
90bca17316c65dd4,JP,material,生コンクリート・モルタル,生コンクリート,高炉 ２７－５－４０ [単位水量165以下W/C55以下],m3,bureau_area,29,奈良県,奈良 竹筒,68,［特定地］竹筒地区（吉野郡十津川村）,38900,JPY,design_unit_price_ex_tax,published_pdl,,,2026-10,2026-10-01,kkr-zairyo-r8-10,24,https://www-2.kkr.mlit.go.jp/plan/jigyousya/technical_information/gijutsukanri/qgl8vl0000004zj9-att/2026_10tanka.pdf,PDL1.0,3bcecdea58c1,近畿地整が独自調査で設定した単価(物価資料に載っていない地区・規格だけ)。消費税抜き。
f1700963f7c49c26,JP,material,生コンクリート・モルタル,生コンクリート,高炉 ３０－１５－４０ Ｃ＝３５０ [単位水量165以下W/C55以下],m3,bureau_area,29,奈良県,奈良 竹筒,68,［特定地］竹筒地区（吉野郡十津川村）,39900,JPY,design_unit_price_ex_tax,published_pdl,,,2026-10,2026-10-01,kkr-zairyo-r8-10,24,https://www-2.kkr.mlit.go.jp/plan/jigyousya/technical_information/gijutsukanri/qgl8vl0000004zj9-att/2026_10tanka.pdf,PDL1.0,,近畿地整が独自調査で設定した単価(物価資料に載っていない地区・規格だけ)。消費税抜き。
5762d09312887bcb,JP,material,生コンクリート・モルタル,生コンクリート,高炉 １８－１５－４０ Ｃ＝２７０以上 [単位水量165以下W/C60以下],m3,bureau_area,29,奈良県,奈良 竹筒,68,［特定地］竹筒地区（吉野郡十津川村）,35900,JPY,design_unit_price_ex_tax,published_pdl,,,2026-10,2026-10-01,kkr-zairyo-r8-10,24,https://www-2.kkr.mlit.go.jp/plan/jigyousya/technical_information/gijutsukanri/qgl8vl0000004zj9-att/2026_10tanka.pdf,PDL1.0,0d1554577eaf,近畿地整が独自調査で設定した単価(物価資料に載っていない地区・規格だけ)。消費税抜き。
7735bff210d98187,JP,material,生コンクリート・モルタル,生コンクリート,高炉 １８－１２－２５（２０） [単位水量175以下W/C60以下],m3,bureau_area,29,奈良県,奈良 竹筒,68,［特定地］竹筒地区（吉野郡十津川村）,35900,JPY,design_unit_price_ex_tax,published_pdl,,,2026-10,2026-10-01,kkr-zairyo-r8-10,24,https://www-2.kkr.mlit.go.jp/plan/jigyousya/technical_information/gijutsukanri/qgl8vl0000004zj9-att/2026_10tanka.pdf,PDL1.0,91c7a678fb2e,近畿地整が独自調査で設定した単価(物価資料に載っていない地区・規格だけ)。消費税抜き。
b6dde742c0682aee,JP,material,生コンクリート・モルタル,生コンクリート,２４－８－４０ [単位水量165以下W/C55以下],m3,bureau_area,30,和歌山県,和歌山 西牟婁郡他 / すさみ町,,,28600,JPY,design_unit_price_ex_tax,published_pdl,,,2026-10,2026-10-01,kkr-zairyo-r8-10,26,https://www-2.kkr.mlit.go.jp/plan/jigyousya/technical_information/gijutsukanri/qgl8vl0000004zj9-att/2026_10tanka.pdf,PDL1.0,764185d9dd01,近畿地整が独自調査で設定した単価(物価資料に載っていない地区・規格だけ)。消費税抜き。
a51829fdc39918c9,JP,material,生コンクリート・モルタル,生コンクリート,２４－８－４０ [単位水量165以下W/C55以下],m3,bureau_area,30,和歌山県,和歌山 玉置口,,,37900,JPY,design_unit_price_ex_tax,published_pdl,,,2026-10,2026-10-01,kkr-zairyo-r8-10,26,https://www-2.kkr.mlit.go.jp/plan/jigyousya/technical_information/gijutsukanri/qgl8vl0000004zj9-att/2026_10tanka.pdf,PDL1.0,764185d9dd01,近畿地整が独自調査で設定した単価(物価資料に載っていない地区・規格だけ)。消費税抜き。
1b1741d4ac74f752,JP,material,生コンクリート・モルタル,生コンクリート,２４－８－４０ [単位水量165以下W/C55以下],m3,bureau_area,24,三重県,三重 名張市,,,29500,JPY,design_unit_price_ex_tax,published_pdl,,,2026-10,2026-10-01,kkr-zairyo-r8-10,26,https://www-2.kkr.mlit.go.jp/plan/jigyousya/technical_information/gijutsukanri/qgl8vl0000004zj9-att/2026_10tanka.pdf,PDL1.0,764185d9dd01,近畿地整が独自調査で設定した単価(物価資料に載っていない地区・規格だけ)。消費税抜き。
f0b8806177ef19d2,JP,material,生コンクリート・モルタル,生コンクリート,２４－８－４０ [単位水量165以下W/C55以下],m3,bureau_area,24,三重県,三重 伊賀市 / 旧上野市他,,,29500,JPY,design_unit_price_ex_tax,published_pdl,,,2026-10,2026-10-01,kkr-zairyo-r8-10,26,https://www-2.kkr.mlit.go.jp/plan/jigyousya/technical_information/gijutsukanri/qgl8vl0000004zj9-att/2026_10tanka.pdf,PDL1.0,764185d9dd01,近畿地整が独自調査で設定した単価(物価資料に載っていない地区・規格だけ)。消費税抜き。
6de322e39e5da6fc,JP,material,生コンクリート・モルタル,生コンクリート,２４－８－４０ [単位水量165以下W/C55以下],m3,bureau_area,24,三重県,三重 伊賀市 / 旧青山町,,,29500,JPY,design_unit_price_ex_tax,published_pdl,,,2026-10,2026-10-01,kkr-zairyo-r8-10,26,https://www-2.kkr.mlit.go.jp/plan/jigyousya/technical_information/gijutsukanri/qgl8vl0000004zj9-att/2026_10tanka.pdf,PDL1.0,764185d9dd01,近畿地整が独自調査で設定した単価(物価資料に載っていない地区・規格だけ)。消費税抜き。
440483fdf32ef2b6,JP,material,生コンクリート・モルタル,生コンクリート,２４－８－４０ [単位水量165以下W/C55以下],m3,bureau_area,24,三重県,三重 太郎生,,,35000,JPY,design_unit_price_ex_tax,published_pdl,,,2026-10,2026-10-01,kkr-zairyo-r8-10,26,https://www-2.kkr.mlit.go.jp/plan/jigyousya/technical_information/gijutsukanri/qgl8vl0000004zj9-att/2026_10tanka.pdf,PDL1.0,764185d9dd01,近畿地整が独自調査で設定した単価(物価資料に載っていない地区・規格だけ)。消費税抜き。
73aa44d25cfed2cd,JP,material,生コンクリート・モルタル,生コンクリート,２４－８－４０ [単位水量165以下W/C55以下],m3,bureau_area,24,三重県,三重 紀宝町他,,,37900,JPY,design_unit_price_ex_tax,published_pdl,,,2026-10,2026-10-01,kkr-zairyo-r8-10,26,https://www-2.kkr.mlit.go.jp/plan/jigyousya/technical_information/gijutsukanri/qgl8vl0000004zj9-att/2026_10tanka.pdf,PDL1.0,764185d9dd01,近畿地整が独自調査で設定した単価(物価資料に載っていない地区・規格だけ)。消費税抜き。
2b29484b86cec980,JP,material,生コンクリート・モルタル,生コンクリート,２４－１２－４０ [単位水量165以下W/C55以下],m3,bureau_area,30,和歌山県,和歌山 西牟婁郡他 / すさみ町,,,28600,JPY,design_unit_price_ex_tax,published_pdl,,,2026-10,2026-10-01,kkr-zairyo-r8-10,26,https://www-2.kkr.mlit.go.jp/plan/jigyousya/technical_information/gijutsukanri/qgl8vl0000004zj9-att/2026_10tanka.pdf,PDL1.0,1e253097cdd9,近畿地整が独自調査で設定した単価(物価資料に載っていない地区・規格だけ)。消費税抜き。
e68fc58d39d5f648,JP,material,生コンクリート・モルタル,生コンクリート,２４－１２－４０ [単位水量165以下W/C55以下],m3,bureau_area,30,和歌山県,和歌山 玉置口,,,37900,JPY,design_unit_price_ex_tax,published_pdl,,,2026-10,2026-10-01,kkr-zairyo-r8-10,26,https://www-2.kkr.mlit.go.jp/plan/jigyousya/technical_information/gijutsukanri/qgl8vl0000004zj9-att/2026_10tanka.pdf,PDL1.0,1e253097cdd9,近畿地整が独自調査で設定した単価(物価資料に載っていない地区・規格だけ)。消費税抜き。
d6a12ed46c568141,JP,material,生コンクリート・モルタル,生コンクリート,２４－１２－４０ [単位水量165以下W/C55以下],m3,bureau_area,24,三重県,三重 名張市,,,29500,JPY,design_unit_price_ex_tax,published_pdl,,,2026-10,2026-10-01,kkr-zairyo-r8-10,26,https://www-2.kkr.mlit.go.jp/plan/jigyousya/technical_information/gijutsukanri/qgl8vl0000004zj9-att/2026_10tanka.pdf,PDL1.0,1e253097cdd9,近畿地整が独自調査で設定した単価(物価資料に載っていない地区・規格だけ)。消費税抜き。
8b15a333f9bc6414,JP,material,生コンクリート・モルタル,生コンクリート,２４－１２－４０ [単位水量165以下W/C55以下],m3,bureau_area,24,三重県,三重 伊賀市 / 旧上野市他,,,29500,JPY,design_unit_price_ex_tax,published_pdl,,,2026-10,2026-10-01,kkr-zairyo-r8-10,26,https://www-2.kkr.mlit.go.jp/plan/jigyousya/technical_information/gijutsukanri/qgl8vl0000004zj9-att/2026_10tanka.pdf,PDL1.0,1e253097cdd9,近畿地整が独自調査で設定した単価(物価資料に載っていない地区・規格だけ)。消費税抜き。
47089c3a18512a6a,JP,material,生コンクリート・モルタル,生コンクリート,２４－１２－４０ [単位水量165以下W/C55以下],m3,bureau_area,24,三重県,三重 伊賀市 / 旧青山町,,,29500,JPY,design_unit_price_ex_tax,published_pdl,,,2026-10,2026-10-01,kkr-zairyo-r8-10,26,https://www-2.kkr.mlit.go.jp/plan/jigyousya/technical_information/gijutsukanri/qgl8vl0000004zj9-att/2026_10tanka.pdf,PDL1.0,1e253097cdd9,近畿地整が独自調査で設定した単価(物価資料に載っていない地区・規格だけ)。消費税抜き。
18568da52129467c,JP,material,生コンクリート・モルタル,生コンクリート,２４－１２－４０ [単位水量165以下W/C55以下],m3,bureau_area,24,三重県,三重 太郎生,,,35000,JPY,design_unit_price_ex_tax,published_pdl,,,2026-10,2026-10-01,kkr-zairyo-r8-10,26,https://www-2.kkr.mlit.go.jp/plan/jigyousya/technical_information/gijutsukanri/qgl8vl0000004zj9-att/2026_10tanka.pdf,PDL1.0,1e253097cdd9,近畿地整が独自調査で設定した単価(物価資料に載っていない地区・規格だけ)。消費税抜き。
8bc8bd70680d2689,JP,material,生コンクリート・モルタル,生コンクリート,２４－１２－４０ [単位水量165以下W/C55以下],m3,bureau_area,24,三重県,三重 紀宝町他,,,37900,JPY,design_unit_price_ex_tax,published_pdl,,,2026-10,2026-10-01,kkr-zairyo-r8-10,26,https://www-2.kkr.mlit.go.jp/plan/jigyousya/technical_information/gijutsukanri/qgl8vl0000004zj9-att/2026_10tanka.pdf,PDL1.0,1e253097cdd9,近畿地整が独自調査で設定した単価(物価資料に載っていない地区・規格だけ)。消費税抜き。
d704602bd6686d99,JP,material,生コンクリート・モルタル,生コンクリート,２７－５－４０ [単位水量165以下W/C55以下],m3,bureau_area,30,和歌山県,和歌山 西牟婁郡他 / すさみ町,,,29200,JPY,design_unit_price_ex_tax,published_pdl,,,2026-10,2026-10-01,kkr-zairyo-r8-10,26,https://www-2.kkr.mlit.go.jp/plan/jigyousya/technical_information/gijutsukanri/qgl8vl0000004zj9-att/2026_10tanka.pdf,PDL1.0,f4e44eb1f70d,近畿地整が独自調査で設定した単価(物価資料に載っていない地区・規格だけ)。消費税抜き。
c53b3217c0e29bb8,JP,material,生コンクリート・モルタル,生コンクリート,２７－５－４０ [単位水量165以下W/C55以下],m3,bureau_area,30,和歌山県,和歌山 玉置口,,,38900,JPY,design_unit_price_ex_tax,published_pdl,,,2026-10,2026-10-01,kkr-zairyo-r8-10,26,https://www-2.kkr.mlit.go.jp/plan/jigyousya/technical_information/gijutsukanri/qgl8vl0000004zj9-att/2026_10tanka.pdf,PDL1.0,f4e44eb1f70d,近畿地整が独自調査で設定した単価(物価資料に載っていない地区・規格だけ)。消費税抜き。
9adacca1c42c067b,JP,material,生コンクリート・モルタル,生コンクリート,２７－５－４０ [単位水量165以下W/C55以下],m3,bureau_area,24,三重県,三重 名張市,,,30000,JPY,design_unit_price_ex_tax,published_pdl,,,2026-10,2026-10-01,kkr-zairyo-r8-10,26,https://www-2.kkr.mlit.go.jp/plan/jigyousya/technical_information/gijutsukanri/qgl8vl0000004zj9-att/2026_10tanka.pdf,PDL1.0,f4e44eb1f70d,近畿地整が独自調査で設定した単価(物価資料に載っていない地区・規格だけ)。消費税抜き。
230927811f7f122c,JP,material,生コンクリート・モルタル,生コンクリート,２７－５－４０ [単位水量165以下W/C55以下],m3,bureau_area,24,三重県,三重 伊賀市 / 旧上野市他,,,30000,JPY,design_unit_price_ex_tax,published_pdl,,,2026-10,2026-10-01,kkr-zairyo-r8-10,26,https://www-2.kkr.mlit.go.jp/plan/jigyousya/technical_information/gijutsukanri/qgl8vl0000004zj9-att/2026_10tanka.pdf,PDL1.0,f4e44eb1f70d,近畿地整が独自調査で設定した単価(物価資料に載っていない地区・規格だけ)。消費税抜き。
e72935c27ce6444e,JP,material,生コンクリート・モルタル,生コンクリート,２７－５－４０ [単位水量165以下W/C55以下],m3,bureau_area,24,三重県,三重 伊賀市 / 旧青山町,,,30000,JPY,design_unit_price_ex_tax,published_pdl,,,2026-10,2026-10-01,kkr-zairyo-r8-10,26,https://www-2.kkr.mlit.go.jp/plan/jigyousya/technical_information/gijutsukanri/qgl8vl0000004zj9-att/2026_10tanka.pdf,PDL1.0,f4e44eb1f70d,近畿地整が独自調査で設定した単価(物価資料に載っていない地区・規格だけ)。消費税抜き。
dc4ec4f1101490f1,JP,material,生コンクリート・モルタル,生コンクリート,２７－５－４０ [単位水量165以下W/C55以下],m3,bureau_area,24,三重県,三重 太郎生,,,35500,JPY,design_unit_price_ex_tax,published_pdl,,,2026-10,2026-10-01,kkr-zairyo-r8-10,26,https://www-2.kkr.mlit.go.jp/plan/jigyousya/technical_information/gijutsukanri/qgl8vl0000004zj9-att/2026_10tanka.pdf,PDL1.0,f4e44eb1f70d,近畿地整が独自調査で設定した単価(物価資料に載っていない地区・規格だけ)。消費税抜き。
97c4129d878bbfbb,JP,material,生コンクリート・モルタル,生コンクリート,２７－５－４０ [単位水量165以下W/C55以下],m3,bureau_area,24,三重県,三重 紀宝町他,,,38900,JPY,design_unit_price_ex_tax,published_pdl,,,2026-10,2026-10-01,kkr-zairyo-r8-10,26,https://www-2.kkr.mlit.go.jp/plan/jigyousya/technical_information/gijutsukanri/qgl8vl0000004zj9-att/2026_10tanka.pdf,PDL1.0,f4e44eb1f70d,近畿地整が独自調査で設定した単価(物価資料に載っていない地区・規格だけ)。消費税抜き。
8132879f54bd8426,JP,material,生コンクリート・モルタル,生コンクリート,１８－１５－４０ Ｃ＝２７０以上 [単位水量165以下W/C60以下],m3,bureau_area,30,和歌山県,和歌山 西牟婁郡他 / すさみ町,,,28800,JPY,design_unit_price_ex_tax,published_pdl,,,2026-10,2026-10-01,kkr-zairyo-r8-10,26,https://www-2.kkr.mlit.go.jp/plan/jigyousya/technical_information/gijutsukanri/qgl8vl0000004zj9-att/2026_10tanka.pdf,PDL1.0,7fd4147f10b6,近畿地整が独自調査で設定した単価(物価資料に載っていない地区・規格だけ)。消費税抜き。
a32a84ed83a2fa14,JP,material,生コンクリート・モルタル,生コンクリート,１８－１５－４０ Ｃ＝２７０以上 [単位水量165以下W/C60以下],m3,bureau_area,30,和歌山県,和歌山 玉置口,,,36900,JPY,design_unit_price_ex_tax,published_pdl,,,2026-10,2026-10-01,kkr-zairyo-r8-10,26,https://www-2.kkr.mlit.go.jp/plan/jigyousya/technical_information/gijutsukanri/qgl8vl0000004zj9-att/2026_10tanka.pdf,PDL1.0,7fd4147f10b6,近畿地整が独自調査で設定した単価(物価資料に載っていない地区・規格だけ)。消費税抜き。
ec92d1642fe58522,JP,material,生コンクリート・モルタル,生コンクリート,１８－１５－４０ Ｃ＝２７０以上 [単位水量165以下W/C60以下],m3,bureau_area,24,三重県,三重 名張市,,,29800,JPY,design_unit_price_ex_tax,published_pdl,,,2026-10,2026-10-01,kkr-zairyo-r8-10,26,https://www-2.kkr.mlit.go.jp/plan/jigyousya/technical_information/gijutsukanri/qgl8vl0000004zj9-att/2026_10tanka.pdf,PDL1.0,7fd4147f10b6,近畿地整が独自調査で設定した単価(物価資料に載っていない地区・規格だけ)。消費税抜き。
5033971aef08f3f2,JP,material,生コンクリート・モルタル,生コンクリート,１８－１５－４０ Ｃ＝２７０以上 [単位水量165以下W/C60以下],m3,bureau_area,24,三重県,三重 伊賀市 / 旧上野市他,,,29800,JPY,design_unit_price_ex_tax,published_pdl,,,2026-10,2026-10-01,kkr-zairyo-r8-10,26,https://www-2.kkr.mlit.go.jp/plan/jigyousya/technical_information/gijutsukanri/qgl8vl0000004zj9-att/2026_10tanka.pdf,PDL1.0,7fd4147f10b6,近畿地整が独自調査で設定した単価(物価資料に載っていない地区・規格だけ)。消費税抜き。
f3e8563d0cd374a4,JP,material,生コンクリート・モルタル,生コンクリート,１８－１５－４０ Ｃ＝２７０以上 [単位水量165以下W/C60以下],m3,bureau_area,24,三重県,三重 伊賀市 / 旧青山町,,,29800,JPY,design_unit_price_ex_tax,published_pdl,,,2026-10,2026-10-01,kkr-zairyo-r8-10,26,https://www-2.kkr.mlit.go.jp/plan/jigyousya/technical_information/gijutsukanri/qgl8vl0000004zj9-att/2026_10tanka.pdf,PDL1.0,7fd4147f10b6,近畿地整が独自調査で設定した単価(物価資料に載っていない地区・規格だけ)。消費税抜き。
457a6a6866ffcd46,JP,material,生コンクリート・モルタル,生コンクリート,１８－１５－４０ Ｃ＝２７０以上 [単位水量165以下W/C60以下],m3,bureau_area,24,三重県,三重 紀宝町他,,,37900,JPY,design_unit_price_ex_tax,published_pdl,,,2026-10,2026-10-01,kkr-zairyo-r8-10,26,https://www-2.kkr.mlit.go.jp/plan/jigyousya/technical_information/gijutsukanri/qgl8vl0000004zj9-att/2026_10tanka.pdf,PDL1.0,7fd4147f10b6,近畿地整が独自調査で設定した単価(物価資料に載っていない地区・規格だけ)。消費税抜き。
778068cd8464ace7,JP,material,生コンクリート・モルタル,生コンクリート,２４－１２－２５（２０） Ｃ＝３００以上 [単位水量175以下W/C55以下],m3,bureau_area,30,和歌山県,和歌山 西牟婁郡他 / すさみ町,,,29300,JPY,design_unit_price_ex_tax,published_pdl,,,2026-10,2026-10-01,kkr-zairyo-r8-10,26,https://www-2.kkr.mlit.go.jp/plan/jigyousya/technical_information/gijutsukanri/qgl8vl0000004zj9-att/2026_10tanka.pdf,PDL1.0,,近畿地整が独自調査で設定した単価(物価資料に載っていない地区・規格だけ)。消費税抜き。
e8be4bb2da5c16f4,JP,material,生コンクリート・モルタル,生コンクリート,２４－１２－２５（２０） Ｃ＝３００以上 [単位水量175以下W/C55以下],m3,bureau_area,30,和歌山県,和歌山 玉置口,,,37900,JPY,design_unit_price_ex_tax,published_pdl,,,2026-10,2026-10-01,kkr-zairyo-r8-10,26,https://www-2.kkr.mlit.go.jp/plan/jigyousya/technical_information/gijutsukanri/qgl8vl0000004zj9-att/2026_10tanka.pdf,PDL1.0,,近畿地整が独自調査で設定した単価(物価資料に載っていない地区・規格だけ)。消費税抜き。
e406b1e59c8c7689,JP,material,生コンクリート・モルタル,生コンクリート,２４－１２－２５（２０） Ｃ＝３００以上 [単位水量175以下W/C55以下],m3,bureau_area,24,三重県,三重 名張市,,,29500,JPY,design_unit_price_ex_tax,published_pdl,,,2026-10,2026-10-01,kkr-zairyo-r8-10,26,https://www-2.kkr.mlit.go.jp/plan/jigyousya/technical_information/gijutsukanri/qgl8vl0000004zj9-att/2026_10tanka.pdf,PDL1.0,,近畿地整が独自調査で設定した単価(物価資料に載っていない地区・規格だけ)。消費税抜き。
62ddb9b189eb0ccf,JP,material,生コンクリート・モルタル,生コンクリート,２４－１２－２５（２０） Ｃ＝３００以上 [単位水量175以下W/C55以下],m3,bureau_area,24,三重県,三重 伊賀市 / 旧上野市他,,,29500,JPY,design_unit_price_ex_tax,published_pdl,,,2026-10,2026-10-01,kkr-zairyo-r8-10,26,https://www-2.kkr.mlit.go.jp/plan/jigyousya/technical_information/gijutsukanri/qgl8vl0000004zj9-att/2026_10tanka.pdf,PDL1.0,,近畿地整が独自調査で設定した単価(物価資料に載っていない地区・規格だけ)。消費税抜き。
6adf1475a18ea6ce,JP,material,生コンクリート・モルタル,生コンクリート,２４－１２－２５（２０） Ｃ＝３００以上 [単位水量175以下W/C55以下],m3,bureau_area,24,三重県,三重 伊賀市 / 旧青山町,,,29500,JPY,design_unit_price_ex_tax,published_pdl,,,2026-10,2026-10-01,kkr-zairyo-r8-10,26,https://www-2.kkr.mlit.go.jp/plan/jigyousya/technical_information/gijutsukanri/qgl8vl0000004zj9-att/2026_10tanka.pdf,PDL1.0,,近畿地整が独自調査で設定した単価(物価資料に載っていない地区・規格だけ)。消費税抜き。
1b2268fd24c2bbe5,JP,material,生コンクリート・モルタル,生コンクリート,２４－１２－２５（２０） Ｃ＝３００以上 [単位水量175以下W/C55以下],m3,bureau_area,24,三重県,三重 太郎生,,,35000,JPY,design_unit_price_ex_tax,published_pdl,,,2026-10,2026-10-01,kkr-zairyo-r8-10,26,https://www-2.kkr.mlit.go.jp/plan/jigyousya/technical_information/gijutsukanri/qgl8vl0000004zj9-att/2026_10tanka.pdf,PDL1.0,,近畿地整が独自調査で設定した単価(物価資料に載っていない地区・規格だけ)。消費税抜き。
3a06778dad822d68,JP,material,生コンクリート・モルタル,生コンクリート,２４－１２－２５（２０） Ｃ＝３００以上 [単位水量175以下W/C55以下],m3,bureau_area,24,三重県,三重 紀宝町他,,,37900,JPY,design_unit_price_ex_tax,published_pdl,,,2026-10,2026-10-01,kkr-zairyo-r8-10,26,https://www-2.kkr.mlit.go.jp/plan/jigyousya/technical_information/gijutsukanri/qgl8vl0000004zj9-att/2026_10tanka.pdf,PDL1.0,,近畿地整が独自調査で設定した単価(物価資料に載っていない地区・規格だけ)。消費税抜き。
2b9c4537e65a7e55,JP,material,生コンクリート・モルタル,生コンクリート,３６－１２－２５（２０） [単位水量175以下W/C55以下],m3,bureau_area,30,和歌山県,和歌山 西牟婁郡他 / すさみ町,,,31100,JPY,design_unit_price_ex_tax,published_pdl,,,2026-10,2026-10-01,kkr-zairyo-r8-10,26,https://www-2.kkr.mlit.go.jp/plan/jigyousya/technical_information/gijutsukanri/qgl8vl0000004zj9-att/2026_10tanka.pdf,PDL1.0,,近畿地整が独自調査で設定した単価(物価資料に載っていない地区・規格だけ)。消費税抜き。
f29732fea8b76c2f,JP,material,生コンクリート・モルタル,生コンクリート,３６－１２－２５（２０） [単位水量175以下W/C55以下],m3,bureau_area,30,和歌山県,和歌山 玉置口,,,47900,JPY,design_unit_price_ex_tax,published_pdl,,,2026-10,2026-10-01,kkr-zairyo-r8-10,26,https://www-2.kkr.mlit.go.jp/plan/jigyousya/technical_information/gijutsukanri/qgl8vl0000004zj9-att/2026_10tanka.pdf,PDL1.0,,近畿地整が独自調査で設定した単価(物価資料に載っていない地区・規格だけ)。消費税抜き。
8794f67ba5dd3f80,JP,material,生コンクリート・モルタル,生コンクリート,３６－１２－２５（２０） [単位水量175以下W/C55以下],m3,bureau_area,24,三重県,三重 名張市,,,31500,JPY,design_unit_price_ex_tax,published_pdl,,,2026-10,2026-10-01,kkr-zairyo-r8-10,26,https://www-2.kkr.mlit.go.jp/plan/jigyousya/technical_information/gijutsukanri/qgl8vl0000004zj9-att/2026_10tanka.pdf,PDL1.0,,近畿地整が独自調査で設定した単価(物価資料に載っていない地区・規格だけ)。消費税抜き。
0979cccb1de8be94,JP,material,生コンクリート・モルタル,生コンクリート,３６－１２－２５（２０） [単位水量175以下W/C55以下],m3,bureau_area,24,三重県,三重 伊賀市 / 旧上野市他,,,31500,JPY,design_unit_price_ex_tax,published_pdl,,,2026-10,2026-10-01,kkr-zairyo-r8-10,26,https://www-2.kkr.mlit.go.jp/plan/jigyousya/technical_information/gijutsukanri/qgl8vl0000004zj9-att/2026_10tanka.pdf,PDL1.0,,近畿地整が独自調査で設定した単価(物価資料に載っていない地区・規格だけ)。消費税抜き。
cf7026e4bd0bd7f0,JP,material,生コンクリート・モルタル,生コンクリート,３６－１２－２５（２０） [単位水量175以下W/C55以下],m3,bureau_area,24,三重県,三重 伊賀市 / 旧青山町,,,31500,JPY,design_unit_price_ex_tax,published_pdl,,,2026-10,2026-10-01,kkr-zairyo-r8-10,26,https://www-2.kkr.mlit.go.jp/plan/jigyousya/technical_information/gijutsukanri/qgl8vl0000004zj9-att/2026_10tanka.pdf,PDL1.0,,近畿地整が独自調査で設定した単価(物価資料に載っていない地区・規格だけ)。消費税抜き。
a3d02892602c5b32,JP,material,生コンクリート・モルタル,生コンクリート,３６－１２－２５（２０） [単位水量175以下W/C55以下],m3,bureau_area,24,三重県,三重 太郎生,,,37000,JPY,design_unit_price_ex_tax,published_pdl,,,2026-10,2026-10-01,kkr-zairyo-r8-10,26,https://www-2.kkr.mlit.go.jp/plan/jigyousya/technical_information/gijutsukanri/qgl8vl0000004zj9-att/2026_10tanka.pdf,PDL1.0,,近畿地整が独自調査で設定した単価(物価資料に載っていない地区・規格だけ)。消費税抜き。
8834de7c41d0a1ec,JP,material,生コンクリート・モルタル,生コンクリート,３６－１２－２５（２０） [単位水量175以下W/C55以下],m3,bureau_area,24,三重県,三重 紀宝町他,,,41900,JPY,design_unit_price_ex_tax,published_pdl,,,2026-10,2026-10-01,kkr-zairyo-r8-10,26,https://www-2.kkr.mlit.go.jp/plan/jigyousya/technical_information/gijutsukanri/qgl8vl0000004zj9-att/2026_10tanka.pdf,PDL1.0,,近畿地整が独自調査で設定した単価(物価資料に載っていない地区・規格だけ)。消費税抜き。
869a92ea91a42fe2,JP,material,生コンクリート・モルタル,生コンクリート,４０－１２－２５（２０） [単位水量175以下W/C55以下],m3,bureau_area,30,和歌山県,和歌山 西牟婁郡他 / すさみ町,,,31700,JPY,design_unit_price_ex_tax,published_pdl,,,2026-10,2026-10-01,kkr-zairyo-r8-10,26,https://www-2.kkr.mlit.go.jp/plan/jigyousya/technical_information/gijutsukanri/qgl8vl0000004zj9-att/2026_10tanka.pdf,PDL1.0,,近畿地整が独自調査で設定した単価(物価資料に載っていない地区・規格だけ)。消費税抜き。
b1b0802be0979d26,JP,material,生コンクリート・モルタル,生コンクリート,４０－１２－２５（２０） [単位水量175以下W/C55以下],m3,bureau_area,30,和歌山県,和歌山 玉置口,,,48900,JPY,design_unit_price_ex_tax,published_pdl,,,2026-10,2026-10-01,kkr-zairyo-r8-10,26,https://www-2.kkr.mlit.go.jp/plan/jigyousya/technical_information/gijutsukanri/qgl8vl0000004zj9-att/2026_10tanka.pdf,PDL1.0,,近畿地整が独自調査で設定した単価(物価資料に載っていない地区・規格だけ)。消費税抜き。
e1c20746dfd2c5e8,JP,material,生コンクリート・モルタル,生コンクリート,４０－１２－２５（２０） [単位水量175以下W/C55以下],m3,bureau_area,24,三重県,三重 名張市,,,32000,JPY,design_unit_price_ex_tax,published_pdl,,,2026-10,2026-10-01,kkr-zairyo-r8-10,26,https://www-2.kkr.mlit.go.jp/plan/jigyousya/technical_information/gijutsukanri/qgl8vl0000004zj9-att/2026_10tanka.pdf,PDL1.0,,近畿地整が独自調査で設定した単価(物価資料に載っていない地区・規格だけ)。消費税抜き。
7bf378d6aaaa2a7d,JP,material,生コンクリート・モルタル,生コンクリート,４０－１２－２５（２０） [単位水量175以下W/C55以下],m3,bureau_area,24,三重県,三重 伊賀市 / 旧上野市他,,,32000,JPY,design_unit_price_ex_tax,published_pdl,,,2026-10,2026-10-01,kkr-zairyo-r8-10,26,https://www-2.kkr.mlit.go.jp/plan/jigyousya/technical_information/gijutsukanri/qgl8vl0000004zj9-att/2026_10tanka.pdf,PDL1.0,,近畿地整が独自調査で設定した単価(物価資料に載っていない地区・規格だけ)。消費税抜き。
82ae08252091daf3,JP,material,生コンクリート・モルタル,生コンクリート,４０－１２－２５（２０） [単位水量175以下W/C55以下],m3,bureau_area,24,三重県,三重 伊賀市 / 旧青山町,,,32000,JPY,design_unit_price_ex_tax,published_pdl,,,2026-10,2026-10-01,kkr-zairyo-r8-10,26,https://www-2.kkr.mlit.go.jp/plan/jigyousya/technical_information/gijutsukanri/qgl8vl0000004zj9-att/2026_10tanka.pdf,PDL1.0,,近畿地整が独自調査で設定した単価(物価資料に載っていない地区・規格だけ)。消費税抜き。
bec065f3b6c0e0f4,JP,material,生コンクリート・モルタル,生コンクリート,４０－１２－２５（２０） [単位水量175以下W/C55以下],m3,bureau_area,24,三重県,三重 太郎生,,,39500,JPY,design_unit_price_ex_tax,published_pdl,,,2026-10,2026-10-01,kkr-zairyo-r8-10,26,https://www-2.kkr.mlit.go.jp/plan/jigyousya/technical_information/gijutsukanri/qgl8vl0000004zj9-att/2026_10tanka.pdf,PDL1.0,,近畿地整が独自調査で設定した単価(物価資料に載っていない地区・規格だけ)。消費税抜き。
819a5a81fb85dbfc,JP,material,生コンクリート・モルタル,生コンクリート,４０－１２－２５（２０） [単位水量175以下W/C55以下],m3,bureau_area,24,三重県,三重 紀宝町他,,,42900,JPY,design_unit_price_ex_tax,published_pdl,,,2026-10,2026-10-01,kkr-zairyo-r8-10,26,https://www-2.kkr.mlit.go.jp/plan/jigyousya/technical_information/gijutsukanri/qgl8vl0000004zj9-att/2026_10tanka.pdf,PDL1.0,,近畿地整が独自調査で設定した単価(物価資料に載っていない地区・規格だけ)。消費税抜き。
c9eacf52ec7df097,JP,material,生コンクリート・モルタル,生コンクリート,高炉 １８－８－２５（２０） [単位水量175以下W/C60以下],m3,bureau_area,30,和歌山県,和歌山 西牟婁郡他 / すさみ町,,,27400,JPY,design_unit_price_ex_tax,published_pdl,,,2026-10,2026-10-01,kkr-zairyo-r8-10,26,https://www-2.kkr.mlit.go.jp/plan/jigyousya/technical_information/gijutsukanri/qgl8vl0000004zj9-att/2026_10tanka.pdf,PDL1.0,7972baecc47d,近畿地整が独自調査で設定した単価(物価資料に載っていない地区・規格だけ)。消費税抜き。
80e00d81da4706d4,JP,material,生コンクリート・モルタル,生コンクリート,高炉 １８－８－２５（２０） [単位水量175以下W/C60以下],m3,bureau_area,30,和歌山県,和歌山 玉置口,,,35900,JPY,design_unit_price_ex_tax,published_pdl,,,2026-10,2026-10-01,kkr-zairyo-r8-10,26,https://www-2.kkr.mlit.go.jp/plan/jigyousya/technical_information/gijutsukanri/qgl8vl0000004zj9-att/2026_10tanka.pdf,PDL1.0,7972baecc47d,近畿地整が独自調査で設定した単価(物価資料に載っていない地区・規格だけ)。消費税抜き。
8f3e5e1a89d9dcf5,JP,material,生コンクリート・モルタル,生コンクリート,高炉 １８－８－２５（２０） [単位水量175以下W/C60以下],m3,bureau_area,24,三重県,三重 名張市,,,29000,JPY,design_unit_price_ex_tax,published_pdl,,,2026-10,2026-10-01,kkr-zairyo-r8-10,26,https://www-2.kkr.mlit.go.jp/plan/jigyousya/technical_information/gijutsukanri/qgl8vl0000004zj9-att/2026_10tanka.pdf,PDL1.0,7972baecc47d,近畿地整が独自調査で設定した単価(物価資料に載っていない地区・規格だけ)。消費税抜き。
7064e7a9cf255b44,JP,material,生コンクリート・モルタル,生コンクリート,高炉 １８－８－２５（２０） [単位水量175以下W/C60以下],m3,bureau_area,24,三重県,三重 伊賀市 / 旧上野市他,,,29000,JPY,design_unit_price_ex_tax,published_pdl,,,2026-10,2026-10-01,kkr-zairyo-r8-10,26,https://www-2.kkr.mlit.go.jp/plan/jigyousya/technical_information/gijutsukanri/qgl8vl0000004zj9-att/2026_10tanka.pdf,PDL1.0,7972baecc47d,近畿地整が独自調査で設定した単価(物価資料に載っていない地区・規格だけ)。消費税抜き。
403bdd288877d06e,JP,material,生コンクリート・モルタル,生コンクリート,高炉 １８－８－２５（２０） [単位水量175以下W/C60以下],m3,bureau_area,24,三重県,三重 伊賀市 / 旧青山町,,,29000,JPY,design_unit_price_ex_tax,published_pdl,,,2026-10,2026-10-01,kkr-zairyo-r8-10,26,https://www-2.kkr.mlit.go.jp/plan/jigyousya/technical_information/gijutsukanri/qgl8vl0000004zj9-att/2026_10tanka.pdf,PDL1.0,7972baecc47d,近畿地整が独自調査で設定した単価(物価資料に載っていない地区・規格だけ)。消費税抜き。
0db0b7ca042a8a36,JP,material,生コンクリート・モルタル,生コンクリート,高炉 １８－８－２５（２０） [単位水量175以下W/C60以下],m3,bureau_area,24,三重県,三重 太郎生,,,34500,JPY,design_unit_price_ex_tax,published_pdl,,,2026-10,2026-10-01,kkr-zairyo-r8-10,26,https://www-2.kkr.mlit.go.jp/plan/jigyousya/technical_information/gijutsukanri/qgl8vl0000004zj9-att/2026_10tanka.pdf,PDL1.0,7972baecc47d,近畿地整が独自調査で設定した単価(物価資料に載っていない地区・規格だけ)。消費税抜き。
00349cf87b7480e4,JP,material,生コンクリート・モルタル,生コンクリート,高炉 １８－８－２５（２０） [単位水量175以下W/C60以下],m3,bureau_area,24,三重県,三重 紀宝町他,,,35900,JPY,design_unit_price_ex_tax,published_pdl,,,2026-10,2026-10-01,kkr-zairyo-r8-10,26,https://www-2.kkr.mlit.go.jp/plan/jigyousya/technical_information/gijutsukanri/qgl8vl0000004zj9-att/2026_10tanka.pdf,PDL1.0,7972baecc47d,近畿地整が独自調査で設定した単価(物価資料に載っていない地区・規格だけ)。消費税抜き。
8264a4b61f724e04,JP,material,生コンクリート・モルタル,生コンクリート,高炉 ２１－８－２５（２０） [単位水量175以下W/C60以下],m3,bureau_area,30,和歌山県,和歌山 西牟婁郡他 / すさみ町,,,28000,JPY,design_unit_price_ex_tax,published_pdl,,,2026-10,2026-10-01,kkr-zairyo-r8-10,26,https://www-2.kkr.mlit.go.jp/plan/jigyousya/technical_information/gijutsukanri/qgl8vl0000004zj9-att/2026_10tanka.pdf,PDL1.0,2fd4d099032e,近畿地整が独自調査で設定した単価(物価資料に載っていない地区・規格だけ)。消費税抜き。
10672c8c5fb16d36,JP,material,生コンクリート・モルタル,生コンクリート,高炉 ２１－８－２５（２０） [単位水量175以下W/C60以下],m3,bureau_area,30,和歌山県,和歌山 玉置口,,,36900,JPY,design_unit_price_ex_tax,published_pdl,,,2026-10,2026-10-01,kkr-zairyo-r8-10,26,https://www-2.kkr.mlit.go.jp/plan/jigyousya/technical_information/gijutsukanri/qgl8vl0000004zj9-att/2026_10tanka.pdf,PDL1.0,2fd4d099032e,近畿地整が独自調査で設定した単価(物価資料に載っていない地区・規格だけ)。消費税抜き。
978b9b3c5f942d49,JP,material,生コンクリート・モルタル,生コンクリート,高炉 ２１－８－２５（２０） [単位水量175以下W/C60以下],m3,bureau_area,24,三重県,三重 名張市,,,29000,JPY,design_unit_price_ex_tax,published_pdl,,,2026-10,2026-10-01,kkr-zairyo-r8-10,26,https://www-2.kkr.mlit.go.jp/plan/jigyousya/technical_information/gijutsukanri/qgl8vl0000004zj9-att/2026_10tanka.pdf,PDL1.0,2fd4d099032e,近畿地整が独自調査で設定した単価(物価資料に載っていない地区・規格だけ)。消費税抜き。
da28e7fcb5d475d9,JP,material,生コンクリート・モルタル,生コンクリート,高炉 ２１－８－２５（２０） [単位水量175以下W/C60以下],m3,bureau_area,24,三重県,三重 伊賀市 / 旧上野市他,,,29000,JPY,design_unit_price_ex_tax,published_pdl,,,2026-10,2026-10-01,kkr-zairyo-r8-10,26,https://www-2.kkr.mlit.go.jp/plan/jigyousya/technical_information/gijutsukanri/qgl8vl0000004zj9-att/2026_10tanka.pdf,PDL1.0,2fd4d099032e,近畿地整が独自調査で設定した単価(物価資料に載っていない地区・規格だけ)。消費税抜き。
35c7fed62e062bf1,JP,material,生コンクリート・モルタル,生コンクリート,高炉 ２１－８－２５（２０） [単位水量175以下W/C60以下],m3,bureau_area,24,三重県,三重 伊賀市 / 旧青山町,,,29000,JPY,design_unit_price_ex_tax,published_pdl,,,2026-10,2026-10-01,kkr-zairyo-r8-10,26,https://www-2.kkr.mlit.go.jp/plan/jigyousya/technical_information/gijutsukanri/qgl8vl0000004zj9-att/2026_10tanka.pdf,PDL1.0,2fd4d099032e,近畿地整が独自調査で設定した単価(物価資料に載っていない地区・規格だけ)。消費税抜き。
5da6d623120042b5,JP,material,生コンクリート・モルタル,生コンクリート,高炉 ２１－８－２５（２０） [単位水量175以下W/C60以下],m3,bureau_area,24,三重県,三重 太郎生,,,34500,JPY,design_unit_price_ex_tax,published_pdl,,,2026-10,2026-10-01,kkr-zairyo-r8-10,26,https://www-2.kkr.mlit.go.jp/plan/jigyousya/technical_information/gijutsukanri/qgl8vl0000004zj9-att/2026_10tanka.pdf,PDL1.0,2fd4d099032e,近畿地整が独自調査で設定した単価(物価資料に載っていない地区・規格だけ)。消費税抜き。
d04336f776ac46b7,JP,material,生コンクリート・モルタル,生コンクリート,高炉 ２１－８－２５（２０） [単位水量175以下W/C60以下],m3,bureau_area,24,三重県,三重 紀宝町他,,,36900,JPY,design_unit_price_ex_tax,published_pdl,,,2026-10,2026-10-01,kkr-zairyo-r8-10,26,https://www-2.kkr.mlit.go.jp/plan/jigyousya/technical_information/gijutsukanri/qgl8vl0000004zj9-att/2026_10tanka.pdf,PDL1.0,2fd4d099032e,近畿地整が独自調査で設定した単価(物価資料に載っていない地区・規格だけ)。消費税抜き。
d7700471d27839df,JP,material,生コンクリート・モルタル,生コンクリート,高炉 ２４－８－２５（２０） [単位水量175以下W/C55以下],m3,bureau_area,30,和歌山県,和歌山 西牟婁郡他 / すさみ町,,,28600,JPY,design_unit_price_ex_tax,published_pdl,,,2026-10,2026-10-01,kkr-zairyo-r8-10,26,https://www-2.kkr.mlit.go.jp/plan/jigyousya/technical_information/gijutsukanri/qgl8vl0000004zj9-att/2026_10tanka.pdf,PDL1.0,88d74c4ebd29,近畿地整が独自調査で設定した単価(物価資料に載っていない地区・規格だけ)。消費税抜き。
709d079e8dd7f606,JP,material,生コンクリート・モルタル,生コンクリート,高炉 ２４－８－２５（２０） [単位水量175以下W/C55以下],m3,bureau_area,30,和歌山県,和歌山 玉置口,,,37900,JPY,design_unit_price_ex_tax,published_pdl,,,2026-10,2026-10-01,kkr-zairyo-r8-10,26,https://www-2.kkr.mlit.go.jp/plan/jigyousya/technical_information/gijutsukanri/qgl8vl0000004zj9-att/2026_10tanka.pdf,PDL1.0,88d74c4ebd29,近畿地整が独自調査で設定した単価(物価資料に載っていない地区・規格だけ)。消費税抜き。
c0d2f4eda9457688,JP,material,生コンクリート・モルタル,生コンクリート,高炉 ２４－８－２５（２０） [単位水量175以下W/C55以下],m3,bureau_area,24,三重県,三重 名張市,,,29500,JPY,design_unit_price_ex_tax,published_pdl,,,2026-10,2026-10-01,kkr-zairyo-r8-10,26,https://www-2.kkr.mlit.go.jp/plan/jigyousya/technical_information/gijutsukanri/qgl8vl0000004zj9-att/2026_10tanka.pdf,PDL1.0,88d74c4ebd29,近畿地整が独自調査で設定した単価(物価資料に載っていない地区・規格だけ)。消費税抜き。
90e30809b2a420fd,JP,material,生コンクリート・モルタル,生コンクリート,高炉 ２４－８－２５（２０） [単位水量175以下W/C55以下],m3,bureau_area,24,三重県,三重 伊賀市 / 旧上野市他,,,29500,JPY,design_unit_price_ex_tax,published_pdl,,,2026-10,2026-10-01,kkr-zairyo-r8-10,26,https://www-2.kkr.mlit.go.jp/plan/jigyousya/technical_information/gijutsukanri/qgl8vl0000004zj9-att/2026_10tanka.pdf,PDL1.0,88d74c4ebd29,近畿地整が独自調査で設定した単価(物価資料に載っていない地区・規格だけ)。消費税抜き。
103b4117ddd3e017,JP,material,生コンクリート・モルタル,生コンクリート,高炉 ２４－８－２５（２０） [単位水量175以下W/C55以下],m3,bureau_area,24,三重県,三重 伊賀市 / 旧青山町,,,29500,JPY,design_unit_price_ex_tax,published_pdl,,,2026-10,2026-10-01,kkr-zairyo-r8-10,26,https://www-2.kkr.mlit.go.jp/plan/jigyousya/technical_information/gijutsukanri/qgl8vl0000004zj9-att/2026_10tanka.pdf,PDL1.0,88d74c4ebd29,近畿地整が独自調査で設定した単価(物価資料に載っていない地区・規格だけ)。消費税抜き。
0f9a5f6a3e75682b,JP,material,生コンクリート・モルタル,生コンクリート,高炉 ２４－８－２５（２０） [単位水量175以下W/C55以下],m3,bureau_area,24,三重県,三重 太郎生,,,35000,JPY,design_unit_price_ex_tax,published_pdl,,,2026-10,2026-10-01,kkr-zairyo-r8-10,26,https://www-2.kkr.mlit.go.jp/plan/jigyousya/technical_information/gijutsukanri/qgl8vl0000004zj9-att/2026_10tanka.pdf,PDL1.0,88d74c4ebd29,近畿地整が独自調査で設定した単価(物価資料に載っていない地区・規格だけ)。消費税抜き。
d06fc4ea04de07cb,JP,material,生コンクリート・モルタル,生コンクリート,高炉 ２４－８－２５（２０） [単位水量175以下W/C55以下],m3,bureau_area,24,三重県,三重 紀宝町他,,,37900,JPY,design_unit_price_ex_tax,published_pdl,,,2026-10,2026-10-01,kkr-zairyo-r8-10,26,https://www-2.kkr.mlit.go.jp/plan/jigyousya/technical_information/gijutsukanri/qgl8vl0000004zj9-att/2026_10tanka.pdf,PDL1.0,88d74c4ebd29,近畿地整が独自調査で設定した単価(物価資料に載っていない地区・規格だけ)。消費税抜き。
cd029bfe9656a2e7,JP,material,生コンクリート・モルタル,生コンクリート,高炉 ２４－１２－２５（２０） [単位水量175以下W/C55以下],m3,bureau_area,30,和歌山県,和歌山 西牟婁郡他 / すさみ町,,,28600,JPY,design_unit_price_ex_tax,published_pdl,,,2026-10,2026-10-01,kkr-zairyo-r8-10,26,https://www-2.kkr.mlit.go.jp/plan/jigyousya/technical_information/gijutsukanri/qgl8vl0000004zj9-att/2026_10tanka.pdf,PDL1.0,2449347fc81a,近畿地整が独自調査で設定した単価(物価資料に載っていない地区・規格だけ)。消費税抜き。
8631ba0e010681db,JP,material,生コンクリート・モルタル,生コンクリート,高炉 ２４－１２－２５（２０） [単位水量175以下W/C55以下],m3,bureau_area,30,和歌山県,和歌山 玉置口,,,37900,JPY,design_unit_price_ex_tax,published_pdl,,,2026-10,2026-10-01,kkr-zairyo-r8-10,26,https://www-2.kkr.mlit.go.jp/plan/jigyousya/technical_information/gijutsukanri/qgl8vl0000004zj9-att/2026_10tanka.pdf,PDL1.0,2449347fc81a,近畿地整が独自調査で設定した単価(物価資料に載っていない地区・規格だけ)。消費税抜き。
6a5e75b9ff9c3034,JP,material,生コンクリート・モルタル,生コンクリート,高炉 ２４－１２－２５（２０） [単位水量175以下W/C55以下],m3,bureau_area,24,三重県,三重 名張市,,,29500,JPY,design_unit_price_ex_tax,published_pdl,,,2026-10,2026-10-01,kkr-zairyo-r8-10,26,https://www-2.kkr.mlit.go.jp/plan/jigyousya/technical_information/gijutsukanri/qgl8vl0000004zj9-att/2026_10tanka.pdf,PDL1.0,2449347fc81a,近畿地整が独自調査で設定した単価(物価資料に載っていない地区・規格だけ)。消費税抜き。
a2c25e97630988f2,JP,material,生コンクリート・モルタル,生コンクリート,高炉 ２４－１２－２５（２０） [単位水量175以下W/C55以下],m3,bureau_area,24,三重県,三重 伊賀市 / 旧上野市他,,,29500,JPY,design_unit_price_ex_tax,published_pdl,,,2026-10,2026-10-01,kkr-zairyo-r8-10,26,https://www-2.kkr.mlit.go.jp/plan/jigyousya/technical_information/gijutsukanri/qgl8vl0000004zj9-att/2026_10tanka.pdf,PDL1.0,2449347fc81a,近畿地整が独自調査で設定した単価(物価資料に載っていない地区・規格だけ)。消費税抜き。
79ee38d1cfed3c07,JP,material,生コンクリート・モルタル,生コンクリート,高炉 ２４－１２－２５（２０） [単位水量175以下W/C55以下],m3,bureau_area,24,三重県,三重 伊賀市 / 旧青山町,,,29500,JPY,design_unit_price_ex_tax,published_pdl,,,2026-10,2026-10-01,kkr-zairyo-r8-10,26,https://www-2.kkr.mlit.go.jp/plan/jigyousya/technical_information/gijutsukanri/qgl8vl0000004zj9-att/2026_10tanka.pdf,PDL1.0,2449347fc81a,近畿地整が独自調査で設定した単価(物価資料に載っていない地区・規格だけ)。消費税抜き。
32cac6bd2bcfa279,JP,material,生コンクリート・モルタル,生コンクリート,高炉 ２４－１２－２５（２０） [単位水量175以下W/C55以下],m3,bureau_area,24,三重県,三重 太郎生,,,35000,JPY,design_unit_price_ex_tax,published_pdl,,,2026-10,2026-10-01,kkr-zairyo-r8-10,26,https://www-2.kkr.mlit.go.jp/plan/jigyousya/technical_information/gijutsukanri/qgl8vl0000004zj9-att/2026_10tanka.pdf,PDL1.0,2449347fc81a,近畿地整が独自調査で設定した単価(物価資料に載っていない地区・規格だけ)。消費税抜き。
34af6b328f824675,JP,material,生コンクリート・モルタル,生コンクリート,高炉 ２４－１２－２５（２０） [単位水量175以下W/C55以下],m3,bureau_area,24,三重県,三重 紀宝町他,,,37900,JPY,design_unit_price_ex_tax,published_pdl,,,2026-10,2026-10-01,kkr-zairyo-r8-10,26,https://www-2.kkr.mlit.go.jp/plan/jigyousya/technical_information/gijutsukanri/qgl8vl0000004zj9-att/2026_10tanka.pdf,PDL1.0,2449347fc81a,近畿地整が独自調査で設定した単価(物価資料に載っていない地区・規格だけ)。消費税抜き。
fd2fd7c651418a1f,JP,material,生コンクリート・モルタル,生コンクリート,高炉 １８－５－４０ [単位水量165以下W/C60以下],m3,bureau_area,30,和歌山県,和歌山 西牟婁郡他 / すさみ町,,,27300,JPY,design_unit_price_ex_tax,published_pdl,,,2026-10,2026-10-01,kkr-zairyo-r8-10,26,https://www-2.kkr.mlit.go.jp/plan/jigyousya/technical_information/gijutsukanri/qgl8vl0000004zj9-att/2026_10tanka.pdf,PDL1.0,1e6b6820cfe1,近畿地整が独自調査で設定した単価(物価資料に載っていない地区・規格だけ)。消費税抜き。
f6b220ce83a8f35c,JP,material,生コンクリート・モルタル,生コンクリート,高炉 １８－５－４０ [単位水量165以下W/C60以下],m3,bureau_area,30,和歌山県,和歌山 玉置口,,,35900,JPY,design_unit_price_ex_tax,published_pdl,,,2026-10,2026-10-01,kkr-zairyo-r8-10,26,https://www-2.kkr.mlit.go.jp/plan/jigyousya/technical_information/gijutsukanri/qgl8vl0000004zj9-att/2026_10tanka.pdf,PDL1.0,1e6b6820cfe1,近畿地整が独自調査で設定した単価(物価資料に載っていない地区・規格だけ)。消費税抜き。
4c7498cef61d6750,JP,material,生コンクリート・モルタル,生コンクリート,高炉 １８－５－４０ [単位水量165以下W/C60以下],m3,bureau_area,24,三重県,三重 名張市,,,29000,JPY,design_unit_price_ex_tax,published_pdl,,,2026-10,2026-10-01,kkr-zairyo-r8-10,26,https://www-2.kkr.mlit.go.jp/plan/jigyousya/technical_information/gijutsukanri/qgl8vl0000004zj9-att/2026_10tanka.pdf,PDL1.0,1e6b6820cfe1,近畿地整が独自調査で設定した単価(物価資料に載っていない地区・規格だけ)。消費税抜き。
bf2ed690641ed470,JP,material,生コンクリート・モルタル,生コンクリート,高炉 １８－５－４０ [単位水量165以下W/C60以下],m3,bureau_area,24,三重県,三重 伊賀市 / 旧上野市他,,,29000,JPY,design_unit_price_ex_tax,published_pdl,,,2026-10,2026-10-01,kkr-zairyo-r8-10,26,https://www-2.kkr.mlit.go.jp/plan/jigyousya/technical_information/gijutsukanri/qgl8vl0000004zj9-att/2026_10tanka.pdf,PDL1.0,1e6b6820cfe1,近畿地整が独自調査で設定した単価(物価資料に載っていない地区・規格だけ)。消費税抜き。
f47aafd9fadd58e0,JP,material,生コンクリート・モルタル,生コンクリート,高炉 １８－５－４０ [単位水量165以下W/C60以下],m3,bureau_area,24,三重県,三重 伊賀市 / 旧青山町,,,29000,JPY,design_unit_price_ex_tax,published_pdl,,,2026-10,2026-10-01,kkr-zairyo-r8-10,26,https://www-2.kkr.mlit.go.jp/plan/jigyousya/technical_information/gijutsukanri/qgl8vl0000004zj9-att/2026_10tanka.pdf,PDL1.0,1e6b6820cfe1,近畿地整が独自調査で設定した単価(物価資料に載っていない地区・規格だけ)。消費税抜き。
a14d73574d0a27f6,JP,material,生コンクリート・モルタル,生コンクリート,高炉 １８－５－４０ [単位水量165以下W/C60以下],m3,bureau_area,24,三重県,三重 太郎生,,,34500,JPY,design_unit_price_ex_tax,published_pdl,,,2026-10,2026-10-01,kkr-zairyo-r8-10,26,https://www-2.kkr.mlit.go.jp/plan/jigyousya/technical_information/gijutsukanri/qgl8vl0000004zj9-att/2026_10tanka.pdf,PDL1.0,1e6b6820cfe1,近畿地整が独自調査で設定した単価(物価資料に載っていない地区・規格だけ)。消費税抜き。
7a0ce390d145b753,JP,material,生コンクリート・モルタル,生コンクリート,高炉 １８－５－４０ [単位水量165以下W/C60以下],m3,bureau_area,24,三重県,三重 紀宝町他,,,35900,JPY,design_unit_price_ex_tax,published_pdl,,,2026-10,2026-10-01,kkr-zairyo-r8-10,26,https://www-2.kkr.mlit.go.jp/plan/jigyousya/technical_information/gijutsukanri/qgl8vl0000004zj9-att/2026_10tanka.pdf,PDL1.0,1e6b6820cfe1,近畿地整が独自調査で設定した単価(物価資料に載っていない地区・規格だけ)。消費税抜き。
4d4478db75c287e4,JP,material,生コンクリート・モルタル,生コンクリート,高炉 １８－８－４０ [単位水量165以下W/C60以下],m3,bureau_area,30,和歌山県,和歌山 西牟婁郡他 / すさみ町,,,27300,JPY,design_unit_price_ex_tax,published_pdl,,,2026-10,2026-10-01,kkr-zairyo-r8-10,26,https://www-2.kkr.mlit.go.jp/plan/jigyousya/technical_information/gijutsukanri/qgl8vl0000004zj9-att/2026_10tanka.pdf,PDL1.0,6bed2bb1426c,近畿地整が独自調査で設定した単価(物価資料に載っていない地区・規格だけ)。消費税抜き。
d9a6b290c80ca9f1,JP,material,生コンクリート・モルタル,生コンクリート,高炉 １８－８－４０ [単位水量165以下W/C60以下],m3,bureau_area,30,和歌山県,和歌山 玉置口,,,35900,JPY,design_unit_price_ex_tax,published_pdl,,,2026-10,2026-10-01,kkr-zairyo-r8-10,26,https://www-2.kkr.mlit.go.jp/plan/jigyousya/technical_information/gijutsukanri/qgl8vl0000004zj9-att/2026_10tanka.pdf,PDL1.0,6bed2bb1426c,近畿地整が独自調査で設定した単価(物価資料に載っていない地区・規格だけ)。消費税抜き。
046ea62c75f2413e,JP,material,生コンクリート・モルタル,生コンクリート,高炉 １８－８－４０ [単位水量165以下W/C60以下],m3,bureau_area,24,三重県,三重 名張市,,,29000,JPY,design_unit_price_ex_tax,published_pdl,,,2026-10,2026-10-01,kkr-zairyo-r8-10,26,https://www-2.kkr.mlit.go.jp/plan/jigyousya/technical_information/gijutsukanri/qgl8vl0000004zj9-att/2026_10tanka.pdf,PDL1.0,6bed2bb1426c,近畿地整が独自調査で設定した単価(物価資料に載っていない地区・規格だけ)。消費税抜き。
afcc3f052618112f,JP,material,生コンクリート・モルタル,生コンクリート,高炉 １８－８－４０ [単位水量165以下W/C60以下],m3,bureau_area,24,三重県,三重 伊賀市 / 旧上野市他,,,29000,JPY,design_unit_price_ex_tax,published_pdl,,,2026-10,2026-10-01,kkr-zairyo-r8-10,26,https://www-2.kkr.mlit.go.jp/plan/jigyousya/technical_information/gijutsukanri/qgl8vl0000004zj9-att/2026_10tanka.pdf,PDL1.0,6bed2bb1426c,近畿地整が独自調査で設定した単価(物価資料に載っていない地区・規格だけ)。消費税抜き。
970fad7a42e127af,JP,material,生コンクリート・モルタル,生コンクリート,高炉 １８－８－４０ [単位水量165以下W/C60以下],m3,bureau_area,24,三重県,三重 伊賀市 / 旧青山町,,,29000,JPY,design_unit_price_ex_tax,published_pdl,,,2026-10,2026-10-01,kkr-zairyo-r8-10,26,https://www-2.kkr.mlit.go.jp/plan/jigyousya/technical_information/gijutsukanri/qgl8vl0000004zj9-att/2026_10tanka.pdf,PDL1.0,6bed2bb1426c,近畿地整が独自調査で設定した単価(物価資料に載っていない地区・規格だけ)。消費税抜き。
5790d13259547221,JP,material,生コンクリート・モルタル,生コンクリート,高炉 １８－８－４０ [単位水量165以下W/C60以下],m3,bureau_area,24,三重県,三重 太郎生,,,34500,JPY,design_unit_price_ex_tax,published_pdl,,,2026-10,2026-10-01,kkr-zairyo-r8-10,26,https://www-2.kkr.mlit.go.jp/plan/jigyousya/technical_information/gijutsukanri/qgl8vl0000004zj9-att/2026_10tanka.pdf,PDL1.0,6bed2bb1426c,近畿地整が独自調査で設定した単価(物価資料に載っていない地区・規格だけ)。消費税抜き。
418ac7a5b57671fe,JP,material,生コンクリート・モルタル,生コンクリート,高炉 １８－８－４０ [単位水量165以下W/C60以下],m3,bureau_area,24,三重県,三重 紀宝町他,,,35900,JPY,design_unit_price_ex_tax,published_pdl,,,2026-10,2026-10-01,kkr-zairyo-r8-10,26,https://www-2.kkr.mlit.go.jp/plan/jigyousya/technical_information/gijutsukanri/qgl8vl0000004zj9-att/2026_10tanka.pdf,PDL1.0,6bed2bb1426c,近畿地整が独自調査で設定した単価(物価資料に載っていない地区・規格だけ)。消費税抜き。
ddc4732076afcdff,JP,material,生コンクリート・モルタル,生コンクリート,高炉 １８－８－４０ Ｃ＝２３０以上 [単位水量165以下W/C60以下],m3,bureau_area,30,和歌山県,和歌山 西牟婁郡他 / すさみ町,,,27300,JPY,design_unit_price_ex_tax,published_pdl,,,2026-10,2026-10-01,kkr-zairyo-r8-10,26,https://www-2.kkr.mlit.go.jp/plan/jigyousya/technical_information/gijutsukanri/qgl8vl0000004zj9-att/2026_10tanka.pdf,PDL1.0,,近畿地整が独自調査で設定した単価(物価資料に載っていない地区・規格だけ)。消費税抜き。
4778a0b9e0be5513,JP,material,生コンクリート・モルタル,生コンクリート,高炉 １８－８－４０ Ｃ＝２３０以上 [単位水量165以下W/C60以下],m3,bureau_area,30,和歌山県,和歌山 玉置口,,,35900,JPY,design_unit_price_ex_tax,published_pdl,,,2026-10,2026-10-01,kkr-zairyo-r8-10,26,https://www-2.kkr.mlit.go.jp/plan/jigyousya/technical_information/gijutsukanri/qgl8vl0000004zj9-att/2026_10tanka.pdf,PDL1.0,,近畿地整が独自調査で設定した単価(物価資料に載っていない地区・規格だけ)。消費税抜き。
d45a0cbe2204fbe8,JP,material,生コンクリート・モルタル,生コンクリート,高炉 １８－８－４０ Ｃ＝２３０以上 [単位水量165以下W/C60以下],m3,bureau_area,24,三重県,三重 名張市,,,29000,JPY,design_unit_price_ex_tax,published_pdl,,,2026-10,2026-10-01,kkr-zairyo-r8-10,26,https://www-2.kkr.mlit.go.jp/plan/jigyousya/technical_information/gijutsukanri/qgl8vl0000004zj9-att/2026_10tanka.pdf,PDL1.0,,近畿地整が独自調査で設定した単価(物価資料に載っていない地区・規格だけ)。消費税抜き。
7b08bb81b113853b,JP,material,生コンクリート・モルタル,生コンクリート,高炉 １８－８－４０ Ｃ＝２３０以上 [単位水量165以下W/C60以下],m3,bureau_area,24,三重県,三重 伊賀市 / 旧上野市他,,,29000,JPY,design_unit_price_ex_tax,published_pdl,,,2026-10,2026-10-01,kkr-zairyo-r8-10,26,https://www-2.kkr.mlit.go.jp/plan/jigyousya/technical_information/gijutsukanri/qgl8vl0000004zj9-att/2026_10tanka.pdf,PDL1.0,,近畿地整が独自調査で設定した単価(物価資料に載っていない地区・規格だけ)。消費税抜き。
1e8e8e1b46d3a1d3,JP,material,生コンクリート・モルタル,生コンクリート,高炉 １８－８－４０ Ｃ＝２３０以上 [単位水量165以下W/C60以下],m3,bureau_area,24,三重県,三重 伊賀市 / 旧青山町,,,29000,JPY,design_unit_price_ex_tax,published_pdl,,,2026-10,2026-10-01,kkr-zairyo-r8-10,26,https://www-2.kkr.mlit.go.jp/plan/jigyousya/technical_information/gijutsukanri/qgl8vl0000004zj9-att/2026_10tanka.pdf,PDL1.0,,近畿地整が独自調査で設定した単価(物価資料に載っていない地区・規格だけ)。消費税抜き。
7eb1e03bf5cc0533,JP,material,生コンクリート・モルタル,生コンクリート,高炉 １８－８－４０ Ｃ＝２３０以上 [単位水量165以下W/C60以下],m3,bureau_area,24,三重県,三重 太郎生,,,34500,JPY,design_unit_price_ex_tax,published_pdl,,,2026-10,2026-10-01,kkr-zairyo-r8-10,26,https://www-2.kkr.mlit.go.jp/plan/jigyousya/technical_information/gijutsukanri/qgl8vl0000004zj9-att/2026_10tanka.pdf,PDL1.0,,近畿地整が独自調査で設定した単価(物価資料に載っていない地区・規格だけ)。消費税抜き。
3a2a7db47546a99f,JP,material,生コンクリート・モルタル,生コンクリート,高炉 １８－８－４０ Ｃ＝２３０以上 [単位水量165以下W/C60以下],m3,bureau_area,24,三重県,三重 紀宝町他,,,35900,JPY,design_unit_price_ex_tax,published_pdl,,,2026-10,2026-10-01,kkr-zairyo-r8-10,26,https://www-2.kkr.mlit.go.jp/plan/jigyousya/technical_information/gijutsukanri/qgl8vl0000004zj9-att/2026_10tanka.pdf,PDL1.0,,近畿地整が独自調査で設定した単価(物価資料に載っていない地区・規格だけ)。消費税抜き。
83c002ae13a62805,JP,material,生コンクリート・モルタル,生コンクリート,高炉 １８－１２－４０ Ｃ＝２７０ [単位水量165以下W/C60以下],m3,bureau_area,30,和歌山県,和歌山 西牟婁郡他 / すさみ町,,,28500,JPY,design_unit_price_ex_tax,published_pdl,,,2026-10,2026-10-01,kkr-zairyo-r8-10,26,https://www-2.kkr.mlit.go.jp/plan/jigyousya/technical_information/gijutsukanri/qgl8vl0000004zj9-att/2026_10tanka.pdf,PDL1.0,,近畿地整が独自調査で設定した単価(物価資料に載っていない地区・規格だけ)。消費税抜き。
1c0ea61b82da5f3a,JP,material,生コンクリート・モルタル,生コンクリート,高炉 １８－１２－４０ Ｃ＝２７０ [単位水量165以下W/C60以下],m3,bureau_area,30,和歌山県,和歌山 玉置口,,,36900,JPY,design_unit_price_ex_tax,published_pdl,,,2026-10,2026-10-01,kkr-zairyo-r8-10,26,https://www-2.kkr.mlit.go.jp/plan/jigyousya/technical_information/gijutsukanri/qgl8vl0000004zj9-att/2026_10tanka.pdf,PDL1.0,,近畿地整が独自調査で設定した単価(物価資料に載っていない地区・規格だけ)。消費税抜き。
31810d1c89e8015e,JP,material,生コンクリート・モルタル,生コンクリート,高炉 １８－１２－４０ Ｃ＝２７０ [単位水量165以下W/C60以下],m3,bureau_area,24,三重県,三重 名張市,,,29000,JPY,design_unit_price_ex_tax,published_pdl,,,2026-10,2026-10-01,kkr-zairyo-r8-10,26,https://www-2.kkr.mlit.go.jp/plan/jigyousya/technical_information/gijutsukanri/qgl8vl0000004zj9-att/2026_10tanka.pdf,PDL1.0,,近畿地整が独自調査で設定した単価(物価資料に載っていない地区・規格だけ)。消費税抜き。
9996ee93a07d8b78,JP,material,生コンクリート・モルタル,生コンクリート,高炉 １８－１２－４０ Ｃ＝２７０ [単位水量165以下W/C60以下],m3,bureau_area,24,三重県,三重 伊賀市 / 旧上野市他,,,29000,JPY,design_unit_price_ex_tax,published_pdl,,,2026-10,2026-10-01,kkr-zairyo-r8-10,26,https://www-2.kkr.mlit.go.jp/plan/jigyousya/technical_information/gijutsukanri/qgl8vl0000004zj9-att/2026_10tanka.pdf,PDL1.0,,近畿地整が独自調査で設定した単価(物価資料に載っていない地区・規格だけ)。消費税抜き。
2b88fb5969fd8e52,JP,material,生コンクリート・モルタル,生コンクリート,高炉 １８－１２－４０ Ｃ＝２７０ [単位水量165以下W/C60以下],m3,bureau_area,24,三重県,三重 伊賀市 / 旧青山町,,,29000,JPY,design_unit_price_ex_tax,published_pdl,,,2026-10,2026-10-01,kkr-zairyo-r8-10,26,https://www-2.kkr.mlit.go.jp/plan/jigyousya/technical_information/gijutsukanri/qgl8vl0000004zj9-att/2026_10tanka.pdf,PDL1.0,,近畿地整が独自調査で設定した単価(物価資料に載っていない地区・規格だけ)。消費税抜き。
24f81e5e03074021,JP,material,生コンクリート・モルタル,生コンクリート,高炉 １８－１２－４０ Ｃ＝２７０ [単位水量165以下W/C60以下],m3,bureau_area,24,三重県,三重 太郎生,,,34500,JPY,design_unit_price_ex_tax,published_pdl,,,2026-10,2026-10-01,kkr-zairyo-r8-10,26,https://www-2.kkr.mlit.go.jp/plan/jigyousya/technical_information/gijutsukanri/qgl8vl0000004zj9-att/2026_10tanka.pdf,PDL1.0,,近畿地整が独自調査で設定した単価(物価資料に載っていない地区・規格だけ)。消費税抜き。
70e886065a629a23,JP,material,生コンクリート・モルタル,生コンクリート,高炉 １８－１２－４０ Ｃ＝２７０ [単位水量165以下W/C60以下],m3,bureau_area,24,三重県,三重 紀宝町他,,,36900,JPY,design_unit_price_ex_tax,published_pdl,,,2026-10,2026-10-01,kkr-zairyo-r8-10,26,https://www-2.kkr.mlit.go.jp/plan/jigyousya/technical_information/gijutsukanri/qgl8vl0000004zj9-att/2026_10tanka.pdf,PDL1.0,,近畿地整が独自調査で設定した単価(物価資料に載っていない地区・規格だけ)。消費税抜き。
cdfb540accba0c1a,JP,material,生コンクリート・モルタル,生コンクリート,高炉 ２１－５－４０ [単位水量165以下W/C60以下],m3,bureau_area,30,和歌山県,和歌山 西牟婁郡他 / すさみ町,,,27900,JPY,design_unit_price_ex_tax,published_pdl,,,2026-10,2026-10-01,kkr-zairyo-r8-10,26,https://www-2.kkr.mlit.go.jp/plan/jigyousya/technical_information/gijutsukanri/qgl8vl0000004zj9-att/2026_10tanka.pdf,PDL1.0,83539ae309ca,近畿地整が独自調査で設定した単価(物価資料に載っていない地区・規格だけ)。消費税抜き。
3651bb43d8ce5b01,JP,material,生コンクリート・モルタル,生コンクリート,高炉 ２１－５－４０ [単位水量165以下W/C60以下],m3,bureau_area,30,和歌山県,和歌山 玉置口,,,36900,JPY,design_unit_price_ex_tax,published_pdl,,,2026-10,2026-10-01,kkr-zairyo-r8-10,26,https://www-2.kkr.mlit.go.jp/plan/jigyousya/technical_information/gijutsukanri/qgl8vl0000004zj9-att/2026_10tanka.pdf,PDL1.0,83539ae309ca,近畿地整が独自調査で設定した単価(物価資料に載っていない地区・規格だけ)。消費税抜き。
e9c63ceb5c46100e,JP,material,生コンクリート・モルタル,生コンクリート,高炉 ２１－５－４０ [単位水量165以下W/C60以下],m3,bureau_area,24,三重県,三重 名張市,,,29000,JPY,design_unit_price_ex_tax,published_pdl,,,2026-10,2026-10-01,kkr-zairyo-r8-10,26,https://www-2.kkr.mlit.go.jp/plan/jigyousya/technical_information/gijutsukanri/qgl8vl0000004zj9-att/2026_10tanka.pdf,PDL1.0,83539ae309ca,近畿地整が独自調査で設定した単価(物価資料に載っていない地区・規格だけ)。消費税抜き。
4ad79f5f78dd89a2,JP,material,生コンクリート・モルタル,生コンクリート,高炉 ２１－５－４０ [単位水量165以下W/C60以下],m3,bureau_area,24,三重県,三重 伊賀市 / 旧上野市他,,,29000,JPY,design_unit_price_ex_tax,published_pdl,,,2026-10,2026-10-01,kkr-zairyo-r8-10,26,https://www-2.kkr.mlit.go.jp/plan/jigyousya/technical_information/gijutsukanri/qgl8vl0000004zj9-att/2026_10tanka.pdf,PDL1.0,83539ae309ca,近畿地整が独自調査で設定した単価(物価資料に載っていない地区・規格だけ)。消費税抜き。
103d7ddf18afb7e8,JP,material,生コンクリート・モルタル,生コンクリート,高炉 ２１－５－４０ [単位水量165以下W/C60以下],m3,bureau_area,24,三重県,三重 伊賀市 / 旧青山町,,,29000,JPY,design_unit_price_ex_tax,published_pdl,,,2026-10,2026-10-01,kkr-zairyo-r8-10,26,https://www-2.kkr.mlit.go.jp/plan/jigyousya/technical_information/gijutsukanri/qgl8vl0000004zj9-att/2026_10tanka.pdf,PDL1.0,83539ae309ca,近畿地整が独自調査で設定した単価(物価資料に載っていない地区・規格だけ)。消費税抜き。
75319925ee3df0ab,JP,material,生コンクリート・モルタル,生コンクリート,高炉 ２１－５－４０ [単位水量165以下W/C60以下],m3,bureau_area,24,三重県,三重 太郎生,,,34500,JPY,design_unit_price_ex_tax,published_pdl,,,2026-10,2026-10-01,kkr-zairyo-r8-10,26,https://www-2.kkr.mlit.go.jp/plan/jigyousya/technical_information/gijutsukanri/qgl8vl0000004zj9-att/2026_10tanka.pdf,PDL1.0,83539ae309ca,近畿地整が独自調査で設定した単価(物価資料に載っていない地区・規格だけ)。消費税抜き。
d2dd7400b4d96eb1,JP,material,生コンクリート・モルタル,生コンクリート,高炉 ２１－５－４０ [単位水量165以下W/C60以下],m3,bureau_area,24,三重県,三重 紀宝町他,,,37900,JPY,design_unit_price_ex_tax,published_pdl,,,2026-10,2026-10-01,kkr-zairyo-r8-10,26,https://www-2.kkr.mlit.go.jp/plan/jigyousya/technical_information/gijutsukanri/qgl8vl0000004zj9-att/2026_10tanka.pdf,PDL1.0,83539ae309ca,近畿地整が独自調査で設定した単価(物価資料に載っていない地区・規格だけ)。消費税抜き。
99790ba1e5a187b5,JP,material,生コンクリート・モルタル,生コンクリート,高炉 ２１－８－４０ [単位水量165以下W/C60以下],m3,bureau_area,30,和歌山県,和歌山 西牟婁郡他 / すさみ町,,,27900,JPY,design_unit_price_ex_tax,published_pdl,,,2026-10,2026-10-01,kkr-zairyo-r8-10,26,https://www-2.kkr.mlit.go.jp/plan/jigyousya/technical_information/gijutsukanri/qgl8vl0000004zj9-att/2026_10tanka.pdf,PDL1.0,c3c017c7630d,近畿地整が独自調査で設定した単価(物価資料に載っていない地区・規格だけ)。消費税抜き。
57950e2a871d2db1,JP,material,生コンクリート・モルタル,生コンクリート,高炉 ２１－８－４０ [単位水量165以下W/C60以下],m3,bureau_area,30,和歌山県,和歌山 玉置口,,,36900,JPY,design_unit_price_ex_tax,published_pdl,,,2026-10,2026-10-01,kkr-zairyo-r8-10,26,https://www-2.kkr.mlit.go.jp/plan/jigyousya/technical_information/gijutsukanri/qgl8vl0000004zj9-att/2026_10tanka.pdf,PDL1.0,c3c017c7630d,近畿地整が独自調査で設定した単価(物価資料に載っていない地区・規格だけ)。消費税抜き。
22f9ba1d02360799,JP,material,生コンクリート・モルタル,生コンクリート,高炉 ２１－８－４０ [単位水量165以下W/C60以下],m3,bureau_area,24,三重県,三重 名張市,,,29000,JPY,design_unit_price_ex_tax,published_pdl,,,2026-10,2026-10-01,kkr-zairyo-r8-10,26,https://www-2.kkr.mlit.go.jp/plan/jigyousya/technical_information/gijutsukanri/qgl8vl0000004zj9-att/2026_10tanka.pdf,PDL1.0,c3c017c7630d,近畿地整が独自調査で設定した単価(物価資料に載っていない地区・規格だけ)。消費税抜き。
627d865d13417c32,JP,material,生コンクリート・モルタル,生コンクリート,高炉 ２１－８－４０ [単位水量165以下W/C60以下],m3,bureau_area,24,三重県,三重 伊賀市 / 旧上野市他,,,29000,JPY,design_unit_price_ex_tax,published_pdl,,,2026-10,2026-10-01,kkr-zairyo-r8-10,26,https://www-2.kkr.mlit.go.jp/plan/jigyousya/technical_information/gijutsukanri/qgl8vl0000004zj9-att/2026_10tanka.pdf,PDL1.0,c3c017c7630d,近畿地整が独自調査で設定した単価(物価資料に載っていない地区・規格だけ)。消費税抜き。
e63af60b763c0fb2,JP,material,生コンクリート・モルタル,生コンクリート,高炉 ２１－８－４０ [単位水量165以下W/C60以下],m3,bureau_area,24,三重県,三重 伊賀市 / 旧青山町,,,29000,JPY,design_unit_price_ex_tax,published_pdl,,,2026-10,2026-10-01,kkr-zairyo-r8-10,26,https://www-2.kkr.mlit.go.jp/plan/jigyousya/technical_information/gijutsukanri/qgl8vl0000004zj9-att/2026_10tanka.pdf,PDL1.0,c3c017c7630d,近畿地整が独自調査で設定した単価(物価資料に載っていない地区・規格だけ)。消費税抜き。
36b61649fe29c172,JP,material,生コンクリート・モルタル,生コンクリート,高炉 ２１－８－４０ [単位水量165以下W/C60以下],m3,bureau_area,24,三重県,三重 太郎生,,,34500,JPY,design_unit_price_ex_tax,published_pdl,,,2026-10,2026-10-01,kkr-zairyo-r8-10,26,https://www-2.kkr.mlit.go.jp/plan/jigyousya/technical_information/gijutsukanri/qgl8vl0000004zj9-att/2026_10tanka.pdf,PDL1.0,c3c017c7630d,近畿地整が独自調査で設定した単価(物価資料に載っていない地区・規格だけ)。消費税抜き。
9f65ef6c5a9b4878,JP,material,生コンクリート・モルタル,生コンクリート,高炉 ２１－８－４０ [単位水量165以下W/C60以下],m3,bureau_area,24,三重県,三重 紀宝町他,,,37900,JPY,design_unit_price_ex_tax,published_pdl,,,2026-10,2026-10-01,kkr-zairyo-r8-10,26,https://www-2.kkr.mlit.go.jp/plan/jigyousya/technical_information/gijutsukanri/qgl8vl0000004zj9-att/2026_10tanka.pdf,PDL1.0,c3c017c7630d,近畿地整が独自調査で設定した単価(物価資料に載っていない地区・規格だけ)。消費税抜き。
9678be7dac46fe86,JP,material,生コンクリート・モルタル,生コンクリート,高炉 ２１－１２－４０ [単位水量165以下W/C60以下],m3,bureau_area,30,和歌山県,和歌山 西牟婁郡他 / すさみ町,,,27900,JPY,design_unit_price_ex_tax,published_pdl,,,2026-10,2026-10-01,kkr-zairyo-r8-10,26,https://www-2.kkr.mlit.go.jp/plan/jigyousya/technical_information/gijutsukanri/qgl8vl0000004zj9-att/2026_10tanka.pdf,PDL1.0,64b47d0de931,近畿地整が独自調査で設定した単価(物価資料に載っていない地区・規格だけ)。消費税抜き。
b7f4845e2957ff6a,JP,material,生コンクリート・モルタル,生コンクリート,高炉 ２１－１２－４０ [単位水量165以下W/C60以下],m3,bureau_area,30,和歌山県,和歌山 玉置口,,,36900,JPY,design_unit_price_ex_tax,published_pdl,,,2026-10,2026-10-01,kkr-zairyo-r8-10,26,https://www-2.kkr.mlit.go.jp/plan/jigyousya/technical_information/gijutsukanri/qgl8vl0000004zj9-att/2026_10tanka.pdf,PDL1.0,64b47d0de931,近畿地整が独自調査で設定した単価(物価資料に載っていない地区・規格だけ)。消費税抜き。
f92166c61b31543d,JP,material,生コンクリート・モルタル,生コンクリート,高炉 ２１－１２－４０ [単位水量165以下W/C60以下],m3,bureau_area,24,三重県,三重 名張市,,,29000,JPY,design_unit_price_ex_tax,published_pdl,,,2026-10,2026-10-01,kkr-zairyo-r8-10,26,https://www-2.kkr.mlit.go.jp/plan/jigyousya/technical_information/gijutsukanri/qgl8vl0000004zj9-att/2026_10tanka.pdf,PDL1.0,64b47d0de931,近畿地整が独自調査で設定した単価(物価資料に載っていない地区・規格だけ)。消費税抜き。
274c70ef1b204dda,JP,material,生コンクリート・モルタル,生コンクリート,高炉 ２１－１２－４０ [単位水量165以下W/C60以下],m3,bureau_area,24,三重県,三重 伊賀市 / 旧上野市他,,,29000,JPY,design_unit_price_ex_tax,published_pdl,,,2026-10,2026-10-01,kkr-zairyo-r8-10,26,https://www-2.kkr.mlit.go.jp/plan/jigyousya/technical_information/gijutsukanri/qgl8vl0000004zj9-att/2026_10tanka.pdf,PDL1.0,64b47d0de931,近畿地整が独自調査で設定した単価(物価資料に載っていない地区・規格だけ)。消費税抜き。
a6874cfc719deff6,JP,material,生コンクリート・モルタル,生コンクリート,高炉 ２１－１２－４０ [単位水量165以下W/C60以下],m3,bureau_area,24,三重県,三重 伊賀市 / 旧青山町,,,29000,JPY,design_unit_price_ex_tax,published_pdl,,,2026-10,2026-10-01,kkr-zairyo-r8-10,26,https://www-2.kkr.mlit.go.jp/plan/jigyousya/technical_information/gijutsukanri/qgl8vl0000004zj9-att/2026_10tanka.pdf,PDL1.0,64b47d0de931,近畿地整が独自調査で設定した単価(物価資料に載っていない地区・規格だけ)。消費税抜き。
172172384178e880,JP,material,生コンクリート・モルタル,生コンクリート,高炉 ２１－１２－４０ [単位水量165以下W/C60以下],m3,bureau_area,24,三重県,三重 太郎生,,,34500,JPY,design_unit_price_ex_tax,published_pdl,,,2026-10,2026-10-01,kkr-zairyo-r8-10,26,https://www-2.kkr.mlit.go.jp/plan/jigyousya/technical_information/gijutsukanri/qgl8vl0000004zj9-att/2026_10tanka.pdf,PDL1.0,64b47d0de931,近畿地整が独自調査で設定した単価(物価資料に載っていない地区・規格だけ)。消費税抜き。
0f3f8e69da0ef602,JP,material,生コンクリート・モルタル,生コンクリート,高炉 ２１－１２－４０ [単位水量165以下W/C60以下],m3,bureau_area,24,三重県,三重 紀宝町他,,,36900,JPY,design_unit_price_ex_tax,published_pdl,,,2026-10,2026-10-01,kkr-zairyo-r8-10,26,https://www-2.kkr.mlit.go.jp/plan/jigyousya/technical_information/gijutsukanri/qgl8vl0000004zj9-att/2026_10tanka.pdf,PDL1.0,64b47d0de931,近畿地整が独自調査で設定した単価(物価資料に載っていない地区・規格だけ)。消費税抜き。
8000b6013036e521,JP,material,生コンクリート・モルタル,生コンクリート,高炉 ２４－８－４０ [単位水量165以下W/C55以下],m3,bureau_area,30,和歌山県,和歌山 西牟婁郡他 / すさみ町,,,28500,JPY,design_unit_price_ex_tax,published_pdl,,,2026-10,2026-10-01,kkr-zairyo-r8-10,26,https://www-2.kkr.mlit.go.jp/plan/jigyousya/technical_information/gijutsukanri/qgl8vl0000004zj9-att/2026_10tanka.pdf,PDL1.0,fd3c9527cc1f,近畿地整が独自調査で設定した単価(物価資料に載っていない地区・規格だけ)。消費税抜き。
4f9537eb38e3fbf7,JP,material,生コンクリート・モルタル,生コンクリート,高炉 ２４－８－４０ [単位水量165以下W/C55以下],m3,bureau_area,30,和歌山県,和歌山 玉置口,,,37900,JPY,design_unit_price_ex_tax,published_pdl,,,2026-10,2026-10-01,kkr-zairyo-r8-10,26,https://www-2.kkr.mlit.go.jp/plan/jigyousya/technical_information/gijutsukanri/qgl8vl0000004zj9-att/2026_10tanka.pdf,PDL1.0,fd3c9527cc1f,近畿地整が独自調査で設定した単価(物価資料に載っていない地区・規格だけ)。消費税抜き。
469d2ed0b9c82e73,JP,material,生コンクリート・モルタル,生コンクリート,高炉 ２４－８－４０ [単位水量165以下W/C55以下],m3,bureau_area,24,三重県,三重 名張市,,,29500,JPY,design_unit_price_ex_tax,published_pdl,,,2026-10,2026-10-01,kkr-zairyo-r8-10,26,https://www-2.kkr.mlit.go.jp/plan/jigyousya/technical_information/gijutsukanri/qgl8vl0000004zj9-att/2026_10tanka.pdf,PDL1.0,fd3c9527cc1f,近畿地整が独自調査で設定した単価(物価資料に載っていない地区・規格だけ)。消費税抜き。
3e3c56186dcb0d5b,JP,material,生コンクリート・モルタル,生コンクリート,高炉 ２４－８－４０ [単位水量165以下W/C55以下],m3,bureau_area,24,三重県,三重 伊賀市 / 旧上野市他,,,29500,JPY,design_unit_price_ex_tax,published_pdl,,,2026-10,2026-10-01,kkr-zairyo-r8-10,26,https://www-2.kkr.mlit.go.jp/plan/jigyousya/technical_information/gijutsukanri/qgl8vl0000004zj9-att/2026_10tanka.pdf,PDL1.0,fd3c9527cc1f,近畿地整が独自調査で設定した単価(物価資料に載っていない地区・規格だけ)。消費税抜き。
d4b1728ac4cb6956,JP,material,生コンクリート・モルタル,生コンクリート,高炉 ２４－８－４０ [単位水量165以下W/C55以下],m3,bureau_area,24,三重県,三重 伊賀市 / 旧青山町,,,29500,JPY,design_unit_price_ex_tax,published_pdl,,,2026-10,2026-10-01,kkr-zairyo-r8-10,26,https://www-2.kkr.mlit.go.jp/plan/jigyousya/technical_information/gijutsukanri/qgl8vl0000004zj9-att/2026_10tanka.pdf,PDL1.0,fd3c9527cc1f,近畿地整が独自調査で設定した単価(物価資料に載っていない地区・規格だけ)。消費税抜き。
6d297463a28fa88a,JP,material,生コンクリート・モルタル,生コンクリート,高炉 ２４－８－４０ [単位水量165以下W/C55以下],m3,bureau_area,24,三重県,三重 太郎生,,,35000,JPY,design_unit_price_ex_tax,published_pdl,,,2026-10,2026-10-01,kkr-zairyo-r8-10,26,https://www-2.kkr.mlit.go.jp/plan/jigyousya/technical_information/gijutsukanri/qgl8vl0000004zj9-att/2026_10tanka.pdf,PDL1.0,fd3c9527cc1f,近畿地整が独自調査で設定した単価(物価資料に載っていない地区・規格だけ)。消費税抜き。
d21bcc5722736d0c,JP,material,生コンクリート・モルタル,生コンクリート,高炉 ２４－８－４０ [単位水量165以下W/C55以下],m3,bureau_area,24,三重県,三重 紀宝町他,,,37900,JPY,design_unit_price_ex_tax,published_pdl,,,2026-10,2026-10-01,kkr-zairyo-r8-10,26,https://www-2.kkr.mlit.go.jp/plan/jigyousya/technical_information/gijutsukanri/qgl8vl0000004zj9-att/2026_10tanka.pdf,PDL1.0,fd3c9527cc1f,近畿地整が独自調査で設定した単価(物価資料に載っていない地区・規格だけ)。消費税抜き。
b37c67dff3f287d0,JP,material,生コンクリート・モルタル,生コンクリート,高炉 ２７－５－４０ [単位水量165以下W/C55以下],m3,bureau_area,30,和歌山県,和歌山 西牟婁郡他 / すさみ町,,,29100,JPY,design_unit_price_ex_tax,published_pdl,,,2026-10,2026-10-01,kkr-zairyo-r8-10,26,https://www-2.kkr.mlit.go.jp/plan/jigyousya/technical_information/gijutsukanri/qgl8vl0000004zj9-att/2026_10tanka.pdf,PDL1.0,3bcecdea58c1,近畿地整が独自調査で設定した単価(物価資料に載っていない地区・規格だけ)。消費税抜き。
fe0328cda5fecfa6,JP,material,生コンクリート・モルタル,生コンクリート,高炉 ２７－５－４０ [単位水量165以下W/C55以下],m3,bureau_area,30,和歌山県,和歌山 玉置口,,,38900,JPY,design_unit_price_ex_tax,published_pdl,,,2026-10,2026-10-01,kkr-zairyo-r8-10,26,https://www-2.kkr.mlit.go.jp/plan/jigyousya/technical_information/gijutsukanri/qgl8vl0000004zj9-att/2026_10tanka.pdf,PDL1.0,3bcecdea58c1,近畿地整が独自調査で設定した単価(物価資料に載っていない地区・規格だけ)。消費税抜き。
da54900ad13bc8e5,JP,material,生コンクリート・モルタル,生コンクリート,高炉 ２７－５－４０ [単位水量165以下W/C55以下],m3,bureau_area,24,三重県,三重 名張市,,,30000,JPY,design_unit_price_ex_tax,published_pdl,,,2026-10,2026-10-01,kkr-zairyo-r8-10,26,https://www-2.kkr.mlit.go.jp/plan/jigyousya/technical_information/gijutsukanri/qgl8vl0000004zj9-att/2026_10tanka.pdf,PDL1.0,3bcecdea58c1,近畿地整が独自調査で設定した単価(物価資料に載っていない地区・規格だけ)。消費税抜き。
0f491e65bb8a11de,JP,material,生コンクリート・モルタル,生コンクリート,高炉 ２７－５－４０ [単位水量165以下W/C55以下],m3,bureau_area,24,三重県,三重 伊賀市 / 旧上野市他,,,30000,JPY,design_unit_price_ex_tax,published_pdl,,,2026-10,2026-10-01,kkr-zairyo-r8-10,26,https://www-2.kkr.mlit.go.jp/plan/jigyousya/technical_information/gijutsukanri/qgl8vl0000004zj9-att/2026_10tanka.pdf,PDL1.0,3bcecdea58c1,近畿地整が独自調査で設定した単価(物価資料に載っていない地区・規格だけ)。消費税抜き。
42211f60b540ed70,JP,material,生コンクリート・モルタル,生コンクリート,高炉 ２７－５－４０ [単位水量165以下W/C55以下],m3,bureau_area,24,三重県,三重 伊賀市 / 旧青山町,,,30000,JPY,design_unit_price_ex_tax,published_pdl,,,2026-10,2026-10-01,kkr-zairyo-r8-10,26,https://www-2.kkr.mlit.go.jp/plan/jigyousya/technical_information/gijutsukanri/qgl8vl0000004zj9-att/2026_10tanka.pdf,PDL1.0,3bcecdea58c1,近畿地整が独自調査で設定した単価(物価資料に載っていない地区・規格だけ)。消費税抜き。
49160450d8ef4cce,JP,material,生コンクリート・モルタル,生コンクリート,高炉 ２７－５－４０ [単位水量165以下W/C55以下],m3,bureau_area,24,三重県,三重 太郎生,,,35500,JPY,design_unit_price_ex_tax,published_pdl,,,2026-10,2026-10-01,kkr-zairyo-r8-10,26,https://www-2.kkr.mlit.go.jp/plan/jigyousya/technical_information/gijutsukanri/qgl8vl0000004zj9-att/2026_10tanka.pdf,PDL1.0,3bcecdea58c1,近畿地整が独自調査で設定した単価(物価資料に載っていない地区・規格だけ)。消費税抜き。
961f3452fe1b537c,JP,material,生コンクリート・モルタル,生コンクリート,高炉 ２７－５－４０ [単位水量165以下W/C55以下],m3,bureau_area,24,三重県,三重 紀宝町他,,,38900,JPY,design_unit_price_ex_tax,published_pdl,,,2026-10,2026-10-01,kkr-zairyo-r8-10,26,https://www-2.kkr.mlit.go.jp/plan/jigyousya/technical_information/gijutsukanri/qgl8vl0000004zj9-att/2026_10tanka.pdf,PDL1.0,3bcecdea58c1,近畿地整が独自調査で設定した単価(物価資料に載っていない地区・規格だけ)。消費税抜き。
e51301fd4a2fa035,JP,material,生コンクリート・モルタル,生コンクリート,高炉 ３０－１５－４０ Ｃ＝３５０ [単位水量165以下W/C55以下],m3,bureau_area,30,和歌山県,和歌山 玉置口,,,39900,JPY,design_unit_price_ex_tax,published_pdl,,,2026-10,2026-10-01,kkr-zairyo-r8-10,26,https://www-2.kkr.mlit.go.jp/plan/jigyousya/technical_information/gijutsukanri/qgl8vl0000004zj9-att/2026_10tanka.pdf,PDL1.0,,近畿地整が独自調査で設定した単価(物価資料に載っていない地区・規格だけ)。消費税抜き。
cb025a4accf9fedb,JP,material,生コンクリート・モルタル,生コンクリート,高炉 ３０－１５－４０ Ｃ＝３５０ [単位水量165以下W/C55以下],m3,bureau_area,24,三重県,三重 名張市,,,31700,JPY,design_unit_price_ex_tax,published_pdl,,,2026-10,2026-10-01,kkr-zairyo-r8-10,26,https://www-2.kkr.mlit.go.jp/plan/jigyousya/technical_information/gijutsukanri/qgl8vl0000004zj9-att/2026_10tanka.pdf,PDL1.0,,近畿地整が独自調査で設定した単価(物価資料に載っていない地区・規格だけ)。消費税抜き。
7ba9930960d303aa,JP,material,生コンクリート・モルタル,生コンクリート,高炉 ３０－１５－４０ Ｃ＝３５０ [単位水量165以下W/C55以下],m3,bureau_area,24,三重県,三重 伊賀市 / 旧上野市他,,,31700,JPY,design_unit_price_ex_tax,published_pdl,,,2026-10,2026-10-01,kkr-zairyo-r8-10,26,https://www-2.kkr.mlit.go.jp/plan/jigyousya/technical_information/gijutsukanri/qgl8vl0000004zj9-att/2026_10tanka.pdf,PDL1.0,,近畿地整が独自調査で設定した単価(物価資料に載っていない地区・規格だけ)。消費税抜き。
8ad4005429db44ff,JP,material,生コンクリート・モルタル,生コンクリート,高炉 ３０－１５－４０ Ｃ＝３５０ [単位水量165以下W/C55以下],m3,bureau_area,24,三重県,三重 伊賀市 / 旧青山町,,,31700,JPY,design_unit_price_ex_tax,published_pdl,,,2026-10,2026-10-01,kkr-zairyo-r8-10,26,https://www-2.kkr.mlit.go.jp/plan/jigyousya/technical_information/gijutsukanri/qgl8vl0000004zj9-att/2026_10tanka.pdf,PDL1.0,,近畿地整が独自調査で設定した単価(物価資料に載っていない地区・規格だけ)。消費税抜き。
b9d5a328e4aaf2c1,JP,material,生コンクリート・モルタル,生コンクリート,高炉 １８－１５－４０ Ｃ＝２７０以上 [単位水量165以下W/C60以下],m3,bureau_area,30,和歌山県,和歌山 西牟婁郡他 / すさみ町,,,28100,JPY,design_unit_price_ex_tax,published_pdl,,,2026-10,2026-10-01,kkr-zairyo-r8-10,26,https://www-2.kkr.mlit.go.jp/plan/jigyousya/technical_information/gijutsukanri/qgl8vl0000004zj9-att/2026_10tanka.pdf,PDL1.0,0d1554577eaf,近畿地整が独自調査で設定した単価(物価資料に載っていない地区・規格だけ)。消費税抜き。
eef5b339e7a26a66,JP,material,生コンクリート・モルタル,生コンクリート,高炉 １８－１５－４０ Ｃ＝２７０以上 [単位水量165以下W/C60以下],m3,bureau_area,30,和歌山県,和歌山 玉置口,,,35900,JPY,design_unit_price_ex_tax,published_pdl,,,2026-10,2026-10-01,kkr-zairyo-r8-10,26,https://www-2.kkr.mlit.go.jp/plan/jigyousya/technical_information/gijutsukanri/qgl8vl0000004zj9-att/2026_10tanka.pdf,PDL1.0,0d1554577eaf,近畿地整が独自調査で設定した単価(物価資料に載っていない地区・規格だけ)。消費税抜き。
3996548985743045,JP,material,生コンクリート・モルタル,生コンクリート,高炉 １８－１５－４０ Ｃ＝２７０以上 [単位水量165以下W/C60以下],m3,bureau_area,24,三重県,三重 名張市,,,29800,JPY,design_unit_price_ex_tax,published_pdl,,,2026-10,2026-10-01,kkr-zairyo-r8-10,26,https://www-2.kkr.mlit.go.jp/plan/jigyousya/technical_information/gijutsukanri/qgl8vl0000004zj9-att/2026_10tanka.pdf,PDL1.0,0d1554577eaf,近畿地整が独自調査で設定した単価(物価資料に載っていない地区・規格だけ)。消費税抜き。
e6235f93792f43e3,JP,material,生コンクリート・モルタル,生コンクリート,高炉 １８－１５－４０ Ｃ＝２７０以上 [単位水量165以下W/C60以下],m3,bureau_area,24,三重県,三重 伊賀市 / 旧上野市他,,,29800,JPY,design_unit_price_ex_tax,published_pdl,,,2026-10,2026-10-01,kkr-zairyo-r8-10,26,https://www-2.kkr.mlit.go.jp/plan/jigyousya/technical_information/gijutsukanri/qgl8vl0000004zj9-att/2026_10tanka.pdf,PDL1.0,0d1554577eaf,近畿地整が独自調査で設定した単価(物価資料に載っていない地区・規格だけ)。消費税抜き。
307d3747c2ab3037,JP,material,生コンクリート・モルタル,生コンクリート,高炉 １８－１５－４０ Ｃ＝２７０以上 [単位水量165以下W/C60以下],m3,bureau_area,24,三重県,三重 伊賀市 / 旧青山町,,,29800,JPY,design_unit_price_ex_tax,published_pdl,,,2026-10,2026-10-01,kkr-zairyo-r8-10,26,https://www-2.kkr.mlit.go.jp/plan/jigyousya/technical_information/gijutsukanri/qgl8vl0000004zj9-att/2026_10tanka.pdf,PDL1.0,0d1554577eaf,近畿地整が独自調査で設定した単価(物価資料に載っていない地区・規格だけ)。消費税抜き。
a629919fa38cbc90,JP,material,生コンクリート・モルタル,生コンクリート,高炉 １８－１５－４０ Ｃ＝２７０以上 [単位水量165以下W/C60以下],m3,bureau_area,24,三重県,三重 紀宝町他,,,37900,JPY,design_unit_price_ex_tax,published_pdl,,,2026-10,2026-10-01,kkr-zairyo-r8-10,26,https://www-2.kkr.mlit.go.jp/plan/jigyousya/technical_information/gijutsukanri/qgl8vl0000004zj9-att/2026_10tanka.pdf,PDL1.0,0d1554577eaf,近畿地整が独自調査で設定した単価(物価資料に載っていない地区・規格だけ)。消費税抜き。
e84e57bc27429d3c,JP,material,生コンクリート・モルタル,生コンクリート,高炉 １８－１２－２５（２０） [単位水量175以下W/C60以下],m3,bureau_area,30,和歌山県,和歌山 西牟婁郡他 / すさみ町,,,27400,JPY,design_unit_price_ex_tax,published_pdl,,,2026-10,2026-10-01,kkr-zairyo-r8-10,26,https://www-2.kkr.mlit.go.jp/plan/jigyousya/technical_information/gijutsukanri/qgl8vl0000004zj9-att/2026_10tanka.pdf,PDL1.0,91c7a678fb2e,近畿地整が独自調査で設定した単価(物価資料に載っていない地区・規格だけ)。消費税抜き。
410d08558b5cb20f,JP,material,生コンクリート・モルタル,生コンクリート,高炉 １８－１２－２５（２０） [単位水量175以下W/C60以下],m3,bureau_area,30,和歌山県,和歌山 玉置口,,,35900,JPY,design_unit_price_ex_tax,published_pdl,,,2026-10,2026-10-01,kkr-zairyo-r8-10,26,https://www-2.kkr.mlit.go.jp/plan/jigyousya/technical_information/gijutsukanri/qgl8vl0000004zj9-att/2026_10tanka.pdf,PDL1.0,91c7a678fb2e,近畿地整が独自調査で設定した単価(物価資料に載っていない地区・規格だけ)。消費税抜き。
435b9ee03a9420d0,JP,material,生コンクリート・モルタル,生コンクリート,高炉 １８－１２－２５（２０） [単位水量175以下W/C60以下],m3,bureau_area,24,三重県,三重 名張市,,,29000,JPY,design_unit_price_ex_tax,published_pdl,,,2026-10,2026-10-01,kkr-zairyo-r8-10,26,https://www-2.kkr.mlit.go.jp/plan/jigyousya/technical_information/gijutsukanri/qgl8vl0000004zj9-att/2026_10tanka.pdf,PDL1.0,91c7a678fb2e,近畿地整が独自調査で設定した単価(物価資料に載っていない地区・規格だけ)。消費税抜き。
bac97199f7bfab1d,JP,material,生コンクリート・モルタル,生コンクリート,高炉 １８－１２－２５（２０） [単位水量175以下W/C60以下],m3,bureau_area,24,三重県,三重 伊賀市 / 旧上野市他,,,29000,JPY,design_unit_price_ex_tax,published_pdl,,,2026-10,2026-10-01,kkr-zairyo-r8-10,26,https://www-2.kkr.mlit.go.jp/plan/jigyousya/technical_information/gijutsukanri/qgl8vl0000004zj9-att/2026_10tanka.pdf,PDL1.0,91c7a678fb2e,近畿地整が独自調査で設定した単価(物価資料に載っていない地区・規格だけ)。消費税抜き。
8a606fb1f8081703,JP,material,生コンクリート・モルタル,生コンクリート,高炉 １８－１２－２５（２０） [単位水量175以下W/C60以下],m3,bureau_area,24,三重県,三重 伊賀市 / 旧青山町,,,29000,JPY,design_unit_price_ex_tax,published_pdl,,,2026-10,2026-10-01,kkr-zairyo-r8-10,26,https://www-2.kkr.mlit.go.jp/plan/jigyousya/technical_information/gijutsukanri/qgl8vl0000004zj9-att/2026_10tanka.pdf,PDL1.0,91c7a678fb2e,近畿地整が独自調査で設定した単価(物価資料に載っていない地区・規格だけ)。消費税抜き。
f18790074d714d68,JP,material,生コンクリート・モルタル,生コンクリート,高炉 １８－１２－２５（２０） [単位水量175以下W/C60以下],m3,bureau_area,24,三重県,三重 太郎生,,,34500,JPY,design_unit_price_ex_tax,published_pdl,,,2026-10,2026-10-01,kkr-zairyo-r8-10,26,https://www-2.kkr.mlit.go.jp/plan/jigyousya/technical_information/gijutsukanri/qgl8vl0000004zj9-att/2026_10tanka.pdf,PDL1.0,91c7a678fb2e,近畿地整が独自調査で設定した単価(物価資料に載っていない地区・規格だけ)。消費税抜き。
54b676f5c57472a6,JP,material,生コンクリート・モルタル,生コンクリート,高炉 １８－１２－２５（２０） [単位水量175以下W/C60以下],m3,bureau_area,24,三重県,三重 紀宝町他,,,35900,JPY,design_unit_price_ex_tax,published_pdl,,,2026-10,2026-10-01,kkr-zairyo-r8-10,26,https://www-2.kkr.mlit.go.jp/plan/jigyousya/technical_information/gijutsukanri/qgl8vl0000004zj9-att/2026_10tanka.pdf,PDL1.0,91c7a678fb2e,近畿地整が独自調査で設定した単価(物価資料に載っていない地区・規格だけ)。消費税抜き。
bda972361b06d99f,JP,material,生コンクリート・モルタル,生コンクリート,２４－８－４０ [単位水量165以下W/C55以下],m3,bureau_area,24,三重県,三重 奥瀞地区,,,37900,JPY,design_unit_price_ex_tax,published_pdl,,,2026-10,2026-10-01,kkr-zairyo-r8-10,27,https://www-2.kkr.mlit.go.jp/plan/jigyousya/technical_information/gijutsukanri/qgl8vl0000004zj9-att/2026_10tanka.pdf,PDL1.0,764185d9dd01,近畿地整が独自調査で設定した単価(物価資料に載っていない地区・規格だけ)。消費税抜き。
7012617b14d2b036,JP,material,生コンクリート・モルタル,生コンクリート,２４－８－４０ [単位水量165以下W/C55以下],m3,bureau_area,21,岐阜県,岐阜 冠山峠地区その２,,,37800,JPY,design_unit_price_ex_tax,published_pdl,,,2026-10,2026-10-01,kkr-zairyo-r8-10,27,https://www-2.kkr.mlit.go.jp/plan/jigyousya/technical_information/gijutsukanri/qgl8vl0000004zj9-att/2026_10tanka.pdf,PDL1.0,764185d9dd01,近畿地整が独自調査で設定した単価(物価資料に載っていない地区・規格だけ)。消費税抜き。
1cf82f1fbe248961,JP,material,生コンクリート・モルタル,生コンクリート,２４－１２－４０ [単位水量165以下W/C55以下],m3,bureau_area,24,三重県,三重 奥瀞地区,,,37900,JPY,design_unit_price_ex_tax,published_pdl,,,2026-10,2026-10-01,kkr-zairyo-r8-10,27,https://www-2.kkr.mlit.go.jp/plan/jigyousya/technical_information/gijutsukanri/qgl8vl0000004zj9-att/2026_10tanka.pdf,PDL1.0,1e253097cdd9,近畿地整が独自調査で設定した単価(物価資料に載っていない地区・規格だけ)。消費税抜き。
bf65e54cd6f7cf37,JP,material,生コンクリート・モルタル,生コンクリート,２４－１２－４０ [単位水量165以下W/C55以下],m3,bureau_area,21,岐阜県,岐阜 冠山峠地区その２,,,37800,JPY,design_unit_price_ex_tax,published_pdl,,,2026-10,2026-10-01,kkr-zairyo-r8-10,27,https://www-2.kkr.mlit.go.jp/plan/jigyousya/technical_information/gijutsukanri/qgl8vl0000004zj9-att/2026_10tanka.pdf,PDL1.0,1e253097cdd9,近畿地整が独自調査で設定した単価(物価資料に載っていない地区・規格だけ)。消費税抜き。
62bddd5e0ba2bfd0,JP,material,生コンクリート・モルタル,生コンクリート,２７－５－４０ [単位水量165以下W/C55以下],m3,bureau_area,24,三重県,三重 奥瀞地区,,,38900,JPY,design_unit_price_ex_tax,published_pdl,,,2026-10,2026-10-01,kkr-zairyo-r8-10,27,https://www-2.kkr.mlit.go.jp/plan/jigyousya/technical_information/gijutsukanri/qgl8vl0000004zj9-att/2026_10tanka.pdf,PDL1.0,f4e44eb1f70d,近畿地整が独自調査で設定した単価(物価資料に載っていない地区・規格だけ)。消費税抜き。
cd996b0c4a6c1e73,JP,material,生コンクリート・モルタル,生コンクリート,２７－５－４０ [単位水量165以下W/C55以下],m3,bureau_area,21,岐阜県,岐阜 冠山峠地区その２,,,38200,JPY,design_unit_price_ex_tax,published_pdl,,,2026-10,2026-10-01,kkr-zairyo-r8-10,27,https://www-2.kkr.mlit.go.jp/plan/jigyousya/technical_information/gijutsukanri/qgl8vl0000004zj9-att/2026_10tanka.pdf,PDL1.0,f4e44eb1f70d,近畿地整が独自調査で設定した単価(物価資料に載っていない地区・規格だけ)。消費税抜き。
66ce048ef5cf1f7f,JP,material,生コンクリート・モルタル,生コンクリート,１８－１５－４０ Ｃ＝２７０以上 [単位水量165以下W/C60以下],m3,bureau_area,24,三重県,三重 奥瀞地区,,,37900,JPY,design_unit_price_ex_tax,published_pdl,,,2026-10,2026-10-01,kkr-zairyo-r8-10,27,https://www-2.kkr.mlit.go.jp/plan/jigyousya/technical_information/gijutsukanri/qgl8vl0000004zj9-att/2026_10tanka.pdf,PDL1.0,7fd4147f10b6,近畿地整が独自調査で設定した単価(物価資料に載っていない地区・規格だけ)。消費税抜き。
25fa7cb27ff8d461,JP,material,生コンクリート・モルタル,生コンクリート,１８－１５－４０ Ｃ＝２７０以上 [単位水量165以下W/C60以下],m3,bureau_area,21,岐阜県,岐阜 冠山峠地区その２,,,37400,JPY,design_unit_price_ex_tax,published_pdl,,,2026-10,2026-10-01,kkr-zairyo-r8-10,27,https://www-2.kkr.mlit.go.jp/plan/jigyousya/technical_information/gijutsukanri/qgl8vl0000004zj9-att/2026_10tanka.pdf,PDL1.0,7fd4147f10b6,近畿地整が独自調査で設定した単価(物価資料に載っていない地区・規格だけ)。消費税抜き。
b8e07892932eb9a3,JP,material,生コンクリート・モルタル,生コンクリート,２４－１２－２５（２０） Ｃ＝３００以上 [単位水量175以下W/C55以下],m3,bureau_area,24,三重県,三重 奥瀞地区,,,37900,JPY,design_unit_price_ex_tax,published_pdl,,,2026-10,2026-10-01,kkr-zairyo-r8-10,27,https://www-2.kkr.mlit.go.jp/plan/jigyousya/technical_information/gijutsukanri/qgl8vl0000004zj9-att/2026_10tanka.pdf,PDL1.0,,近畿地整が独自調査で設定した単価(物価資料に載っていない地区・規格だけ)。消費税抜き。
6dc0d5fefe49047d,JP,material,生コンクリート・モルタル,生コンクリート,２４－１２－２５（２０） Ｃ＝３００以上 [単位水量175以下W/C55以下],m3,bureau_area,21,岐阜県,岐阜 冠山峠地区その２,,,37800,JPY,design_unit_price_ex_tax,published_pdl,,,2026-10,2026-10-01,kkr-zairyo-r8-10,27,https://www-2.kkr.mlit.go.jp/plan/jigyousya/technical_information/gijutsukanri/qgl8vl0000004zj9-att/2026_10tanka.pdf,PDL1.0,,近畿地整が独自調査で設定した単価(物価資料に載っていない地区・規格だけ)。消費税抜き。
42fd1c9fe715ab90,JP,material,生コンクリート・モルタル,生コンクリート,３６－１２－２５（２０） [単位水量175以下W/C55以下],m3,bureau_area,24,三重県,三重 奥瀞地区,,,41900,JPY,design_unit_price_ex_tax,published_pdl,,,2026-10,2026-10-01,kkr-zairyo-r8-10,27,https://www-2.kkr.mlit.go.jp/plan/jigyousya/technical_information/gijutsukanri/qgl8vl0000004zj9-att/2026_10tanka.pdf,PDL1.0,,近畿地整が独自調査で設定した単価(物価資料に載っていない地区・規格だけ)。消費税抜き。
273bd99f399c8783,JP,material,生コンクリート・モルタル,生コンクリート,３６－１２－２５（２０） [単位水量175以下W/C55以下],m3,bureau_area,21,岐阜県,岐阜 冠山峠地区その２,,,39500,JPY,design_unit_price_ex_tax,published_pdl,,,2026-10,2026-10-01,kkr-zairyo-r8-10,27,https://www-2.kkr.mlit.go.jp/plan/jigyousya/technical_information/gijutsukanri/qgl8vl0000004zj9-att/2026_10tanka.pdf,PDL1.0,,近畿地整が独自調査で設定した単価(物価資料に載っていない地区・規格だけ)。消費税抜き。
063dea8115cc820b,JP,material,生コンクリート・モルタル,生コンクリート,４０－１２－２５（２０） [単位水量175以下W/C55以下],m3,bureau_area,24,三重県,三重 奥瀞地区,,,42900,JPY,design_unit_price_ex_tax,published_pdl,,,2026-10,2026-10-01,kkr-zairyo-r8-10,27,https://www-2.kkr.mlit.go.jp/plan/jigyousya/technical_information/gijutsukanri/qgl8vl0000004zj9-att/2026_10tanka.pdf,PDL1.0,,近畿地整が独自調査で設定した単価(物価資料に載っていない地区・規格だけ)。消費税抜き。
78cdecf2965ffa17,JP,material,生コンクリート・モルタル,生コンクリート,４０－１２－２５（２０） [単位水量175以下W/C55以下],m3,bureau_area,21,岐阜県,岐阜 冠山峠地区その２,,,39900,JPY,design_unit_price_ex_tax,published_pdl,,,2026-10,2026-10-01,kkr-zairyo-r8-10,27,https://www-2.kkr.mlit.go.jp/plan/jigyousya/technical_information/gijutsukanri/qgl8vl0000004zj9-att/2026_10tanka.pdf,PDL1.0,,近畿地整が独自調査で設定した単価(物価資料に載っていない地区・規格だけ)。消費税抜き。
c1974a8574611ace,JP,material,生コンクリート・モルタル,生コンクリート,高炉 １８－８－２５（２０） [単位水量175以下W/C60以下],m3,bureau_area,24,三重県,三重 奥瀞地区,,,35900,JPY,design_unit_price_ex_tax,published_pdl,,,2026-10,2026-10-01,kkr-zairyo-r8-10,27,https://www-2.kkr.mlit.go.jp/plan/jigyousya/technical_information/gijutsukanri/qgl8vl0000004zj9-att/2026_10tanka.pdf,PDL1.0,7972baecc47d,近畿地整が独自調査で設定した単価(物価資料に載っていない地区・規格だけ)。消費税抜き。
3939a788fe12aaa4,JP,material,生コンクリート・モルタル,生コンクリート,高炉 １８－８－２５（２０） [単位水量175以下W/C60以下],m3,bureau_area,21,岐阜県,岐阜 冠山峠地区その２,,,37400,JPY,design_unit_price_ex_tax,published_pdl,,,2026-10,2026-10-01,kkr-zairyo-r8-10,27,https://www-2.kkr.mlit.go.jp/plan/jigyousya/technical_information/gijutsukanri/qgl8vl0000004zj9-att/2026_10tanka.pdf,PDL1.0,7972baecc47d,近畿地整が独自調査で設定した単価(物価資料に載っていない地区・規格だけ)。消費税抜き。
0b0e8d0fa653d041,JP,material,生コンクリート・モルタル,生コンクリート,高炉 ２１－８－２５（２０） [単位水量175以下W/C60以下],m3,bureau_area,24,三重県,三重 奥瀞地区,,,36900,JPY,design_unit_price_ex_tax,published_pdl,,,2026-10,2026-10-01,kkr-zairyo-r8-10,27,https://www-2.kkr.mlit.go.jp/plan/jigyousya/technical_information/gijutsukanri/qgl8vl0000004zj9-att/2026_10tanka.pdf,PDL1.0,2fd4d099032e,近畿地整が独自調査で設定した単価(物価資料に載っていない地区・規格だけ)。消費税抜き。
4310b1cfb97b65ba,JP,material,生コンクリート・モルタル,生コンクリート,高炉 ２１－８－２５（２０） [単位水量175以下W/C60以下],m3,bureau_area,21,岐阜県,岐阜 冠山峠地区その２,,,37400,JPY,design_unit_price_ex_tax,published_pdl,,,2026-10,2026-10-01,kkr-zairyo-r8-10,27,https://www-2.kkr.mlit.go.jp/plan/jigyousya/technical_information/gijutsukanri/qgl8vl0000004zj9-att/2026_10tanka.pdf,PDL1.0,2fd4d099032e,近畿地整が独自調査で設定した単価(物価資料に載っていない地区・規格だけ)。消費税抜き。
4e8ecba4de3b69bf,JP,material,生コンクリート・モルタル,生コンクリート,高炉 ２４－８－２５（２０） [単位水量175以下W/C55以下],m3,bureau_area,24,三重県,三重 奥瀞地区,,,37900,JPY,design_unit_price_ex_tax,published_pdl,,,2026-10,2026-10-01,kkr-zairyo-r8-10,27,https://www-2.kkr.mlit.go.jp/plan/jigyousya/technical_information/gijutsukanri/qgl8vl0000004zj9-att/2026_10tanka.pdf,PDL1.0,88d74c4ebd29,近畿地整が独自調査で設定した単価(物価資料に載っていない地区・規格だけ)。消費税抜き。
6abcfdfdd658ea07,JP,material,生コンクリート・モルタル,生コンクリート,高炉 ２４－８－２５（２０） [単位水量175以下W/C55以下],m3,bureau_area,21,岐阜県,岐阜 冠山峠地区その２,,,37800,JPY,design_unit_price_ex_tax,published_pdl,,,2026-10,2026-10-01,kkr-zairyo-r8-10,27,https://www-2.kkr.mlit.go.jp/plan/jigyousya/technical_information/gijutsukanri/qgl8vl0000004zj9-att/2026_10tanka.pdf,PDL1.0,88d74c4ebd29,近畿地整が独自調査で設定した単価(物価資料に載っていない地区・規格だけ)。消費税抜き。
5ec6226397d53353,JP,material,生コンクリート・モルタル,生コンクリート,高炉 ２４－１２－２５（２０） [単位水量175以下W/C55以下],m3,bureau_area,24,三重県,三重 奥瀞地区,,,37900,JPY,design_unit_price_ex_tax,published_pdl,,,2026-10,2026-10-01,kkr-zairyo-r8-10,27,https://www-2.kkr.mlit.go.jp/plan/jigyousya/technical_information/gijutsukanri/qgl8vl0000004zj9-att/2026_10tanka.pdf,PDL1.0,2449347fc81a,近畿地整が独自調査で設定した単価(物価資料に載っていない地区・規格だけ)。消費税抜き。
0a057f71107fc9af,JP,material,生コンクリート・モルタル,生コンクリート,高炉 ２４－１２－２５（２０） [単位水量175以下W/C55以下],m3,bureau_area,21,岐阜県,岐阜 冠山峠地区その２,,,37800,JPY,design_unit_price_ex_tax,published_pdl,,,2026-10,2026-10-01,kkr-zairyo-r8-10,27,https://www-2.kkr.mlit.go.jp/plan/jigyousya/technical_information/gijutsukanri/qgl8vl0000004zj9-att/2026_10tanka.pdf,PDL1.0,2449347fc81a,近畿地整が独自調査で設定した単価(物価資料に載っていない地区・規格だけ)。消費税抜き。
e8ac6cb081855326,JP,material,生コンクリート・モルタル,生コンクリート,高炉 １８－５－４０ [単位水量165以下W/C60以下],m3,bureau_area,24,三重県,三重 奥瀞地区,,,35900,JPY,design_unit_price_ex_tax,published_pdl,,,2026-10,2026-10-01,kkr-zairyo-r8-10,27,https://www-2.kkr.mlit.go.jp/plan/jigyousya/technical_information/gijutsukanri/qgl8vl0000004zj9-att/2026_10tanka.pdf,PDL1.0,1e6b6820cfe1,近畿地整が独自調査で設定した単価(物価資料に載っていない地区・規格だけ)。消費税抜き。
13c7cc0a49392272,JP,material,生コンクリート・モルタル,生コンクリート,高炉 １８－５－４０ [単位水量165以下W/C60以下],m3,bureau_area,21,岐阜県,岐阜 冠山峠地区その２,,,37400,JPY,design_unit_price_ex_tax,published_pdl,,,2026-10,2026-10-01,kkr-zairyo-r8-10,27,https://www-2.kkr.mlit.go.jp/plan/jigyousya/technical_information/gijutsukanri/qgl8vl0000004zj9-att/2026_10tanka.pdf,PDL1.0,1e6b6820cfe1,近畿地整が独自調査で設定した単価(物価資料に載っていない地区・規格だけ)。消費税抜き。
9610cd22bc315246,JP,material,生コンクリート・モルタル,生コンクリート,高炉 １８－８－４０ [単位水量165以下W/C60以下],m3,bureau_area,24,三重県,三重 奥瀞地区,,,35900,JPY,design_unit_price_ex_tax,published_pdl,,,2026-10,2026-10-01,kkr-zairyo-r8-10,27,https://www-2.kkr.mlit.go.jp/plan/jigyousya/technical_information/gijutsukanri/qgl8vl0000004zj9-att/2026_10tanka.pdf,PDL1.0,6bed2bb1426c,近畿地整が独自調査で設定した単価(物価資料に載っていない地区・規格だけ)。消費税抜き。
df391cff8825a9fc,JP,material,生コンクリート・モルタル,生コンクリート,高炉 １８－８－４０ [単位水量165以下W/C60以下],m3,bureau_area,21,岐阜県,岐阜 冠山峠地区その２,,,37400,JPY,design_unit_price_ex_tax,published_pdl,,,2026-10,2026-10-01,kkr-zairyo-r8-10,27,https://www-2.kkr.mlit.go.jp/plan/jigyousya/technical_information/gijutsukanri/qgl8vl0000004zj9-att/2026_10tanka.pdf,PDL1.0,6bed2bb1426c,近畿地整が独自調査で設定した単価(物価資料に載っていない地区・規格だけ)。消費税抜き。
06ebc1aaff0005e6,JP,material,生コンクリート・モルタル,生コンクリート,高炉 １８－８－４０ Ｃ＝２３０以上 [単位水量165以下W/C60以下],m3,bureau_area,24,三重県,三重 奥瀞地区,,,35900,JPY,design_unit_price_ex_tax,published_pdl,,,2026-10,2026-10-01,kkr-zairyo-r8-10,27,https://www-2.kkr.mlit.go.jp/plan/jigyousya/technical_information/gijutsukanri/qgl8vl0000004zj9-att/2026_10tanka.pdf,PDL1.0,,近畿地整が独自調査で設定した単価(物価資料に載っていない地区・規格だけ)。消費税抜き。
3e4e660ab7549ad2,JP,material,生コンクリート・モルタル,生コンクリート,高炉 １８－８－４０ Ｃ＝２３０以上 [単位水量165以下W/C60以下],m3,bureau_area,21,岐阜県,岐阜 冠山峠地区その２,,,37400,JPY,design_unit_price_ex_tax,published_pdl,,,2026-10,2026-10-01,kkr-zairyo-r8-10,27,https://www-2.kkr.mlit.go.jp/plan/jigyousya/technical_information/gijutsukanri/qgl8vl0000004zj9-att/2026_10tanka.pdf,PDL1.0,,近畿地整が独自調査で設定した単価(物価資料に載っていない地区・規格だけ)。消費税抜き。
2aef60c1ab7d7148,JP,material,生コンクリート・モルタル,生コンクリート,高炉 １８－１２－４０ Ｃ＝２７０ [単位水量165以下W/C60以下],m3,bureau_area,24,三重県,三重 奥瀞地区,,,36900,JPY,design_unit_price_ex_tax,published_pdl,,,2026-10,2026-10-01,kkr-zairyo-r8-10,27,https://www-2.kkr.mlit.go.jp/plan/jigyousya/technical_information/gijutsukanri/qgl8vl0000004zj9-att/2026_10tanka.pdf,PDL1.0,,近畿地整が独自調査で設定した単価(物価資料に載っていない地区・規格だけ)。消費税抜き。
0644077009efab1f,JP,material,生コンクリート・モルタル,生コンクリート,高炉 １８－１２－４０ Ｃ＝２７０ [単位水量165以下W/C60以下],m3,bureau_area,21,岐阜県,岐阜 冠山峠地区その２,,,37400,JPY,design_unit_price_ex_tax,published_pdl,,,2026-10,2026-10-01,kkr-zairyo-r8-10,27,https://www-2.kkr.mlit.go.jp/plan/jigyousya/technical_information/gijutsukanri/qgl8vl0000004zj9-att/2026_10tanka.pdf,PDL1.0,,近畿地整が独自調査で設定した単価(物価資料に載っていない地区・規格だけ)。消費税抜き。
9b3ef64211bd8a10,JP,material,生コンクリート・モルタル,生コンクリート,高炉 ２１－５－４０ [単位水量165以下W/C60以下],m3,bureau_area,24,三重県,三重 奥瀞地区,,,37900,JPY,design_unit_price_ex_tax,published_pdl,,,2026-10,2026-10-01,kkr-zairyo-r8-10,27,https://www-2.kkr.mlit.go.jp/plan/jigyousya/technical_information/gijutsukanri/qgl8vl0000004zj9-att/2026_10tanka.pdf,PDL1.0,83539ae309ca,近畿地整が独自調査で設定した単価(物価資料に載っていない地区・規格だけ)。消費税抜き。
9e0f7cc6508e449b,JP,material,生コンクリート・モルタル,生コンクリート,高炉 ２１－５－４０ [単位水量165以下W/C60以下],m3,bureau_area,21,岐阜県,岐阜 冠山峠地区その２,,,37400,JPY,design_unit_price_ex_tax,published_pdl,,,2026-10,2026-10-01,kkr-zairyo-r8-10,27,https://www-2.kkr.mlit.go.jp/plan/jigyousya/technical_information/gijutsukanri/qgl8vl0000004zj9-att/2026_10tanka.pdf,PDL1.0,83539ae309ca,近畿地整が独自調査で設定した単価(物価資料に載っていない地区・規格だけ)。消費税抜き。
49af79288979b959,JP,material,生コンクリート・モルタル,生コンクリート,高炉 ２１－８－４０ [単位水量165以下W/C60以下],m3,bureau_area,24,三重県,三重 奥瀞地区,,,37900,JPY,design_unit_price_ex_tax,published_pdl,,,2026-10,2026-10-01,kkr-zairyo-r8-10,27,https://www-2.kkr.mlit.go.jp/plan/jigyousya/technical_information/gijutsukanri/qgl8vl0000004zj9-att/2026_10tanka.pdf,PDL1.0,c3c017c7630d,近畿地整が独自調査で設定した単価(物価資料に載っていない地区・規格だけ)。消費税抜き。
bf2eab49f37d5e5e,JP,material,生コンクリート・モルタル,生コンクリート,高炉 ２１－８－４０ [単位水量165以下W/C60以下],m3,bureau_area,21,岐阜県,岐阜 冠山峠地区その２,,,37400,JPY,design_unit_price_ex_tax,published_pdl,,,2026-10,2026-10-01,kkr-zairyo-r8-10,27,https://www-2.kkr.mlit.go.jp/plan/jigyousya/technical_information/gijutsukanri/qgl8vl0000004zj9-att/2026_10tanka.pdf,PDL1.0,c3c017c7630d,近畿地整が独自調査で設定した単価(物価資料に載っていない地区・規格だけ)。消費税抜き。
db7379e5e5495bb6,JP,material,生コンクリート・モルタル,生コンクリート,高炉 ２１－１２－４０ [単位水量165以下W/C60以下],m3,bureau_area,24,三重県,三重 奥瀞地区,,,36900,JPY,design_unit_price_ex_tax,published_pdl,,,2026-10,2026-10-01,kkr-zairyo-r8-10,27,https://www-2.kkr.mlit.go.jp/plan/jigyousya/technical_information/gijutsukanri/qgl8vl0000004zj9-att/2026_10tanka.pdf,PDL1.0,64b47d0de931,近畿地整が独自調査で設定した単価(物価資料に載っていない地区・規格だけ)。消費税抜き。
bd4eb45d69a996c2,JP,material,生コンクリート・モルタル,生コンクリート,高炉 ２１－１２－４０ [単位水量165以下W/C60以下],m3,bureau_area,21,岐阜県,岐阜 冠山峠地区その２,,,37400,JPY,design_unit_price_ex_tax,published_pdl,,,2026-10,2026-10-01,kkr-zairyo-r8-10,27,https://www-2.kkr.mlit.go.jp/plan/jigyousya/technical_information/gijutsukanri/qgl8vl0000004zj9-att/2026_10tanka.pdf,PDL1.0,64b47d0de931,近畿地整が独自調査で設定した単価(物価資料に載っていない地区・規格だけ)。消費税抜き。
4e2a5e60a4124af7,JP,material,生コンクリート・モルタル,生コンクリート,高炉 ２４－８－４０ [単位水量165以下W/C55以下],m3,bureau_area,24,三重県,三重 奥瀞地区,,,37900,JPY,design_unit_price_ex_tax,published_pdl,,,2026-10,2026-10-01,kkr-zairyo-r8-10,27,https://www-2.kkr.mlit.go.jp/plan/jigyousya/technical_information/gijutsukanri/qgl8vl0000004zj9-att/2026_10tanka.pdf,PDL1.0,fd3c9527cc1f,近畿地整が独自調査で設定した単価(物価資料に載っていない地区・規格だけ)。消費税抜き。
c1f1451ca15c3c3a,JP,material,生コンクリート・モルタル,生コンクリート,高炉 ２４－８－４０ [単位水量165以下W/C55以下],m3,bureau_area,21,岐阜県,岐阜 冠山峠地区その２,,,37800,JPY,design_unit_price_ex_tax,published_pdl,,,2026-10,2026-10-01,kkr-zairyo-r8-10,27,https://www-2.kkr.mlit.go.jp/plan/jigyousya/technical_information/gijutsukanri/qgl8vl0000004zj9-att/2026_10tanka.pdf,PDL1.0,fd3c9527cc1f,近畿地整が独自調査で設定した単価(物価資料に載っていない地区・規格だけ)。消費税抜き。
96f936e8a0deb2d0,JP,material,生コンクリート・モルタル,生コンクリート,高炉 ２７－５－４０ [単位水量165以下W/C55以下],m3,bureau_area,24,三重県,三重 奥瀞地区,,,38900,JPY,design_unit_price_ex_tax,published_pdl,,,2026-10,2026-10-01,kkr-zairyo-r8-10,27,https://www-2.kkr.mlit.go.jp/plan/jigyousya/technical_information/gijutsukanri/qgl8vl0000004zj9-att/2026_10tanka.pdf,PDL1.0,3bcecdea58c1,近畿地整が独自調査で設定した単価(物価資料に載っていない地区・規格だけ)。消費税抜き。
7bdf682d130b851f,JP,material,生コンクリート・モルタル,生コンクリート,高炉 ２７－５－４０ [単位水量165以下W/C55以下],m3,bureau_area,21,岐阜県,岐阜 冠山峠地区その２,,,38200,JPY,design_unit_price_ex_tax,published_pdl,,,2026-10,2026-10-01,kkr-zairyo-r8-10,27,https://www-2.kkr.mlit.go.jp/plan/jigyousya/technical_information/gijutsukanri/qgl8vl0000004zj9-att/2026_10tanka.pdf,PDL1.0,3bcecdea58c1,近畿地整が独自調査で設定した単価(物価資料に載っていない地区・規格だけ)。消費税抜き。
179fc3587dcc33e5,JP,material,生コンクリート・モルタル,生コンクリート,高炉 ３０－１５－４０ Ｃ＝３５０ [単位水量165以下W/C55以下],m3,bureau_area,21,岐阜県,岐阜 冠山峠地区その２,,,38700,JPY,design_unit_price_ex_tax,published_pdl,,,2026-10,2026-10-01,kkr-zairyo-r8-10,27,https://www-2.kkr.mlit.go.jp/plan/jigyousya/technical_information/gijutsukanri/qgl8vl0000004zj9-att/2026_10tanka.pdf,PDL1.0,,近畿地整が独自調査で設定した単価(物価資料に載っていない地区・規格だけ)。消費税抜き。
f31da27c8e3ebd91,JP,material,生コンクリート・モルタル,生コンクリート,高炉 １８－１５－４０ Ｃ＝２７０以上 [単位水量165以下W/C60以下],m3,bureau_area,24,三重県,三重 奥瀞地区,,,37900,JPY,design_unit_price_ex_tax,published_pdl,,,2026-10,2026-10-01,kkr-zairyo-r8-10,27,https://www-2.kkr.mlit.go.jp/plan/jigyousya/technical_information/gijutsukanri/qgl8vl0000004zj9-att/2026_10tanka.pdf,PDL1.0,0d1554577eaf,近畿地整が独自調査で設定した単価(物価資料に載っていない地区・規格だけ)。消費税抜き。
37b5593aea88a4f4,JP,material,生コンクリート・モルタル,生コンクリート,高炉 １８－１５－４０ Ｃ＝２７０以上 [単位水量165以下W/C60以下],m3,bureau_area,21,岐阜県,岐阜 冠山峠地区その２,,,37400,JPY,design_unit_price_ex_tax,published_pdl,,,2026-10,2026-10-01,kkr-zairyo-r8-10,27,https://www-2.kkr.mlit.go.jp/plan/jigyousya/technical_information/gijutsukanri/qgl8vl0000004zj9-att/2026_10tanka.pdf,PDL1.0,0d1554577eaf,近畿地整が独自調査で設定した単価(物価資料に載っていない地区・規格だけ)。消費税抜き。
7b2172cf6d8267a8,JP,material,生コンクリート・モルタル,生コンクリート,高炉 １８－１２－２５（２０） [単位水量175以下W/C60以下],m3,bureau_area,24,三重県,三重 奥瀞地区,,,35900,JPY,design_unit_price_ex_tax,published_pdl,,,2026-10,2026-10-01,kkr-zairyo-r8-10,27,https://www-2.kkr.mlit.go.jp/plan/jigyousya/technical_information/gijutsukanri/qgl8vl0000004zj9-att/2026_10tanka.pdf,PDL1.0,91c7a678fb2e,近畿地整が独自調査で設定した単価(物価資料に載っていない地区・規格だけ)。消費税抜き。
b30d2662f9676639,JP,material,生コンクリート・モルタル,生コンクリート,高炉 １８－１２－２５（２０） [単位水量175以下W/C60以下],m3,bureau_area,21,岐阜県,岐阜 冠山峠地区その２,,,37400,JPY,design_unit_price_ex_tax,published_pdl,,,2026-10,2026-10-01,kkr-zairyo-r8-10,27,https://www-2.kkr.mlit.go.jp/plan/jigyousya/technical_information/gijutsukanri/qgl8vl0000004zj9-att/2026_10tanka.pdf,PDL1.0,91c7a678fb2e,近畿地整が独自調査で設定した単価(物価資料に載っていない地区・規格だけ)。消費税抜き。
3895cd5ecc17770c,JP,material,生コンクリート・モルタル,生コンクリート,高炉 ２４－１２－４０ [単位水量165以下W/C55以下],m3,bureau_area,18,福井県,福井 池田町他,,,17600,JPY,design_unit_price_ex_tax,published_pdl,,,2026-10,2026-10-01,kkr-zairyo-r8-10,29,https://www-2.kkr.mlit.go.jp/plan/jigyousya/technical_information/gijutsukanri/qgl8vl0000004zj9-att/2026_10tanka.pdf,PDL1.0,95b61d3f217c,近畿地整が独自調査で設定した単価(物価資料に載っていない地区・規格だけ)。消費税抜き。
da3c43a8f756c2e1,JP,material,生コンクリート・モルタル,生コンクリート,高炉 ２４－１２－４０ [単位水量165以下W/C55以下],m3,bureau_area,18,福井県,福井 大野市 / 旧和泉村,,,23400,JPY,design_unit_price_ex_tax,published_pdl,,,2026-10,2026-10-01,kkr-zairyo-r8-10,29,https://www-2.kkr.mlit.go.jp/plan/jigyousya/technical_information/gijutsukanri/qgl8vl0000004zj9-att/2026_10tanka.pdf,PDL1.0,95b61d3f217c,近畿地整が独自調査で設定した単価(物価資料に載っていない地区・規格だけ)。消費税抜き。
aa66e502baae88fc,JP,material,生コンクリート・モルタル,生コンクリート,高炉 ２４－１２－４０ [単位水量165以下W/C55以下],m3,bureau_area,18,福井県,福井 冠山峠地区,,,25200,JPY,design_unit_price_ex_tax,published_pdl,,,2026-10,2026-10-01,kkr-zairyo-r8-10,29,https://www-2.kkr.mlit.go.jp/plan/jigyousya/technical_information/gijutsukanri/qgl8vl0000004zj9-att/2026_10tanka.pdf,PDL1.0,95b61d3f217c,近畿地整が独自調査で設定した単価(物価資料に載っていない地区・規格だけ)。消費税抜き。
90feb5dac0f03223,JP,material,生コンクリート・モルタル,生コンクリート,高炉 ３０－１２－２５（２０） [単位水量175以下W/C55以下],m3,bureau_area,18,福井県,福井 池田町他,,,18200,JPY,design_unit_price_ex_tax,published_pdl,,,2026-10,2026-10-01,kkr-zairyo-r8-10,29,https://www-2.kkr.mlit.go.jp/plan/jigyousya/technical_information/gijutsukanri/qgl8vl0000004zj9-att/2026_10tanka.pdf,PDL1.0,,近畿地整が独自調査で設定した単価(物価資料に載っていない地区・規格だけ)。消費税抜き。
a38307cb44aef16e,JP,material,生コンクリート・モルタル,生コンクリート,高炉 ３０－１２－２５（２０） [単位水量175以下W/C55以下],m3,bureau_area,18,福井県,福井 大野市 / 旧和泉村,,,24000,JPY,design_unit_price_ex_tax,published_pdl,,,2026-10,2026-10-01,kkr-zairyo-r8-10,29,https://www-2.kkr.mlit.go.jp/plan/jigyousya/technical_information/gijutsukanri/qgl8vl0000004zj9-att/2026_10tanka.pdf,PDL1.0,,近畿地整が独自調査で設定した単価(物価資料に載っていない地区・規格だけ)。消費税抜き。
69f325405a745672,JP,material,生コンクリート・モルタル,生コンクリート,高炉 ３０－１２－２５（２０） [単位水量175以下W/C55以下],m3,bureau_area,18,福井県,福井 冠山峠地区,,,25800,JPY,design_unit_price_ex_tax,published_pdl,,,2026-10,2026-10-01,kkr-zairyo-r8-10,29,https://www-2.kkr.mlit.go.jp/plan/jigyousya/technical_information/gijutsukanri/qgl8vl0000004zj9-att/2026_10tanka.pdf,PDL1.0,,近畿地整が独自調査で設定した単価(物価資料に載っていない地区・規格だけ)。消費税抜き。
0ffa2495a4423dab,JP,material,生コンクリート・モルタル,生コンクリート,高炉 ３６－１２－２５（２０） [単位水量175以下W/C55以下],m3,bureau_area,18,福井県,福井 池田町他,,,18900,JPY,design_unit_price_ex_tax,published_pdl,,,2026-10,2026-10-01,kkr-zairyo-r8-10,29,https://www-2.kkr.mlit.go.jp/plan/jigyousya/technical_information/gijutsukanri/qgl8vl0000004zj9-att/2026_10tanka.pdf,PDL1.0,,近畿地整が独自調査で設定した単価(物価資料に載っていない地区・規格だけ)。消費税抜き。
763c18db9936a35c,JP,material,生コンクリート・モルタル,生コンクリート,高炉 ３６－１２－２５（２０） [単位水量175以下W/C55以下],m3,bureau_area,18,福井県,福井 大野市 / 旧和泉村,,,24700,JPY,design_unit_price_ex_tax,published_pdl,,,2026-10,2026-10-01,kkr-zairyo-r8-10,29,https://www-2.kkr.mlit.go.jp/plan/jigyousya/technical_information/gijutsukanri/qgl8vl0000004zj9-att/2026_10tanka.pdf,PDL1.0,,近畿地整が独自調査で設定した単価(物価資料に載っていない地区・規格だけ)。消費税抜き。
3b113ef017255244,JP,material,生コンクリート・モルタル,生コンクリート,高炉 ３６－１２－２５（２０） [単位水量175以下W/C55以下],m3,bureau_area,18,福井県,福井 冠山峠地区,,,26500,JPY,design_unit_price_ex_tax,published_pdl,,,2026-10,2026-10-01,kkr-zairyo-r8-10,29,https://www-2.kkr.mlit.go.jp/plan/jigyousya/technical_information/gijutsukanri/qgl8vl0000004zj9-att/2026_10tanka.pdf,PDL1.0,,近畿地整が独自調査で設定した単価(物価資料に載っていない地区・規格だけ)。消費税抜き。
00a0ddbe82a11388,JP,material,生コンクリート・モルタル,生コンクリート,早強 ２１－８－２５（２０） [単位水量175以下W/C60以下],m3,bureau_area,18,福井県,福井 池田町他,,,18200,JPY,design_unit_price_ex_tax,published_pdl,,,2026-10,2026-10-01,kkr-zairyo-r8-10,29,https://www-2.kkr.mlit.go.jp/plan/jigyousya/technical_information/gijutsukanri/qgl8vl0000004zj9-att/2026_10tanka.pdf,PDL1.0,f6a76bb1f548,近畿地整が独自調査で設定した単価(物価資料に載っていない地区・規格だけ)。消費税抜き。
825801020b9b1567,JP,material,生コンクリート・モルタル,生コンクリート,早強 ２１－８－２５（２０） [単位水量175以下W/C60以下],m3,bureau_area,18,福井県,福井 大野市 / 旧和泉村,,,24000,JPY,design_unit_price_ex_tax,published_pdl,,,2026-10,2026-10-01,kkr-zairyo-r8-10,29,https://www-2.kkr.mlit.go.jp/plan/jigyousya/technical_information/gijutsukanri/qgl8vl0000004zj9-att/2026_10tanka.pdf,PDL1.0,f6a76bb1f548,近畿地整が独自調査で設定した単価(物価資料に載っていない地区・規格だけ)。消費税抜き。
9d281b69d9169f33,JP,material,生コンクリート・モルタル,生コンクリート,早強 ２１－８－２５（２０） [単位水量175以下W/C60以下],m3,bureau_area,18,福井県,福井 冠山峠地区,,,25800,JPY,design_unit_price_ex_tax,published_pdl,,,2026-10,2026-10-01,kkr-zairyo-r8-10,29,https://www-2.kkr.mlit.go.jp/plan/jigyousya/technical_information/gijutsukanri/qgl8vl0000004zj9-att/2026_10tanka.pdf,PDL1.0,f6a76bb1f548,近畿地整が独自調査で設定した単価(物価資料に載っていない地区・規格だけ)。消費税抜き。
5417ddd04a5a3461,JP,material,生コンクリート・モルタル,生コンクリート,早強 ２４－８－２５（２０） [単位水量175以下W/C55以下],m3,bureau_area,18,福井県,福井 池田町他,,,18500,JPY,design_unit_price_ex_tax,published_pdl,,,2026-10,2026-10-01,kkr-zairyo-r8-10,29,https://www-2.kkr.mlit.go.jp/plan/jigyousya/technical_information/gijutsukanri/qgl8vl0000004zj9-att/2026_10tanka.pdf,PDL1.0,6bb79f67639f,近畿地整が独自調査で設定した単価(物価資料に載っていない地区・規格だけ)。消費税抜き。
1e1e077fefa98705,JP,material,生コンクリート・モルタル,生コンクリート,早強 ２４－８－２５（２０） [単位水量175以下W/C55以下],m3,bureau_area,18,福井県,福井 大野市 / 旧和泉村,,,24300,JPY,design_unit_price_ex_tax,published_pdl,,,2026-10,2026-10-01,kkr-zairyo-r8-10,29,https://www-2.kkr.mlit.go.jp/plan/jigyousya/technical_information/gijutsukanri/qgl8vl0000004zj9-att/2026_10tanka.pdf,PDL1.0,6bb79f67639f,近畿地整が独自調査で設定した単価(物価資料に載っていない地区・規格だけ)。消費税抜き。
a51ac6235e2584a4,JP,material,生コンクリート・モルタル,生コンクリート,早強 ２４－８－２５（２０） [単位水量175以下W/C55以下],m3,bureau_area,18,福井県,福井 冠山峠地区,,,26100,JPY,design_unit_price_ex_tax,published_pdl,,,2026-10,2026-10-01,kkr-zairyo-r8-10,29,https://www-2.kkr.mlit.go.jp/plan/jigyousya/technical_information/gijutsukanri/qgl8vl0000004zj9-att/2026_10tanka.pdf,PDL1.0,6bb79f67639f,近畿地整が独自調査で設定した単価(物価資料に載っていない地区・規格だけ)。消費税抜き。
8904a44688275729,JP,material,生コンクリート・モルタル,生コンクリート,早強 ３０－８－２５（２０） [単位水量175以下W/C55以下],m3,bureau_area,18,福井県,福井 池田町他,,,19400,JPY,design_unit_price_ex_tax,published_pdl,,,2026-10,2026-10-01,kkr-zairyo-r8-10,29,https://www-2.kkr.mlit.go.jp/plan/jigyousya/technical_information/gijutsukanri/qgl8vl0000004zj9-att/2026_10tanka.pdf,PDL1.0,26f5b9bc02b5,近畿地整が独自調査で設定した単価(物価資料に載っていない地区・規格だけ)。消費税抜き。
8d3461bd45edfb1c,JP,material,生コンクリート・モルタル,生コンクリート,早強 ３０－８－２５（２０） [単位水量175以下W/C55以下],m3,bureau_area,18,福井県,福井 大野市 / 旧和泉村,,,25200,JPY,design_unit_price_ex_tax,published_pdl,,,2026-10,2026-10-01,kkr-zairyo-r8-10,29,https://www-2.kkr.mlit.go.jp/plan/jigyousya/technical_information/gijutsukanri/qgl8vl0000004zj9-att/2026_10tanka.pdf,PDL1.0,26f5b9bc02b5,近畿地整が独自調査で設定した単価(物価資料に載っていない地区・規格だけ)。消費税抜き。
ca2c86dfbc0033db,JP,material,生コンクリート・モルタル,生コンクリート,早強 ３０－８－２５（２０） [単位水量175以下W/C55以下],m3,bureau_area,18,福井県,福井 冠山峠地区,,,27000,JPY,design_unit_price_ex_tax,published_pdl,,,2026-10,2026-10-01,kkr-zairyo-r8-10,29,https://www-2.kkr.mlit.go.jp/plan/jigyousya/technical_information/gijutsukanri/qgl8vl0000004zj9-att/2026_10tanka.pdf,PDL1.0,26f5b9bc02b5,近畿地整が独自調査で設定した単価(物価資料に載っていない地区・規格だけ)。消費税抜き。
15d8ab2eb5241c92,JP,material,生コンクリート・モルタル,生コンクリート,早強 ３６－８－２５（２０） [単位水量175以下W/C55以下],m3,bureau_area,18,福井県,福井 池田町他,,,20300,JPY,design_unit_price_ex_tax,published_pdl,,,2026-10,2026-10-01,kkr-zairyo-r8-10,29,https://www-2.kkr.mlit.go.jp/plan/jigyousya/technical_information/gijutsukanri/qgl8vl0000004zj9-att/2026_10tanka.pdf,PDL1.0,a57503261f32,近畿地整が独自調査で設定した単価(物価資料に載っていない地区・規格だけ)。消費税抜き。
a2e5bae17e911742,JP,material,生コンクリート・モルタル,生コンクリート,早強 ３６－８－２５（２０） [単位水量175以下W/C55以下],m3,bureau_area,18,福井県,福井 大野市 / 旧和泉村,,,26100,JPY,design_unit_price_ex_tax,published_pdl,,,2026-10,2026-10-01,kkr-zairyo-r8-10,29,https://www-2.kkr.mlit.go.jp/plan/jigyousya/technical_information/gijutsukanri/qgl8vl0000004zj9-att/2026_10tanka.pdf,PDL1.0,a57503261f32,近畿地整が独自調査で設定した単価(物価資料に載っていない地区・規格だけ)。消費税抜き。
9729306f762cf4ae,JP,material,生コンクリート・モルタル,生コンクリート,早強 ３６－８－２５（２０） [単位水量175以下W/C55以下],m3,bureau_area,18,福井県,福井 冠山峠地区,,,27900,JPY,design_unit_price_ex_tax,published_pdl,,,2026-10,2026-10-01,kkr-zairyo-r8-10,29,https://www-2.kkr.mlit.go.jp/plan/jigyousya/technical_information/gijutsukanri/qgl8vl0000004zj9-att/2026_10tanka.pdf,PDL1.0,a57503261f32,近畿地整が独自調査で設定した単価(物価資料に載っていない地区・規格だけ)。消費税抜き。
d1e683744cb7a61c,JP,material,生コンクリート・モルタル,生コンクリート,早強 ４０－８－２５（２０） [単位水量175以下W/C55以下],m3,bureau_area,18,福井県,福井 池田町他,,,22800,JPY,design_unit_price_ex_tax,published_pdl,,,2026-10,2026-10-01,kkr-zairyo-r8-10,29,https://www-2.kkr.mlit.go.jp/plan/jigyousya/technical_information/gijutsukanri/qgl8vl0000004zj9-att/2026_10tanka.pdf,PDL1.0,37480063f114,近畿地整が独自調査で設定した単価(物価資料に載っていない地区・規格だけ)。消費税抜き。
a6605d8fae85db13,JP,material,生コンクリート・モルタル,生コンクリート,早強 ４０－８－２５（２０） [単位水量175以下W/C55以下],m3,bureau_area,18,福井県,福井 大野市 / 旧和泉村,,,28600,JPY,design_unit_price_ex_tax,published_pdl,,,2026-10,2026-10-01,kkr-zairyo-r8-10,29,https://www-2.kkr.mlit.go.jp/plan/jigyousya/technical_information/gijutsukanri/qgl8vl0000004zj9-att/2026_10tanka.pdf,PDL1.0,37480063f114,近畿地整が独自調査で設定した単価(物価資料に載っていない地区・規格だけ)。消費税抜き。
ba03a03a8b573ef4,JP,material,生コンクリート・モルタル,生コンクリート,早強 ４０－８－２５（２０） [単位水量175以下W/C55以下],m3,bureau_area,18,福井県,福井 冠山峠地区,,,30400,JPY,design_unit_price_ex_tax,published_pdl,,,2026-10,2026-10-01,kkr-zairyo-r8-10,29,https://www-2.kkr.mlit.go.jp/plan/jigyousya/technical_information/gijutsukanri/qgl8vl0000004zj9-att/2026_10tanka.pdf,PDL1.0,37480063f114,近畿地整が独自調査で設定した単価(物価資料に載っていない地区・規格だけ)。消費税抜き。
400f33577382085b,JP,material,生コンクリート・モルタル,生コンクリート,早強 ２４－１２－２５（２０） [単位水量175以下W/C55以下],m3,bureau_area,18,福井県,福井 池田町他,,,18700,JPY,design_unit_price_ex_tax,published_pdl,,,2026-10,2026-10-01,kkr-zairyo-r8-10,29,https://www-2.kkr.mlit.go.jp/plan/jigyousya/technical_information/gijutsukanri/qgl8vl0000004zj9-att/2026_10tanka.pdf,PDL1.0,,近畿地整が独自調査で設定した単価(物価資料に載っていない地区・規格だけ)。消費税抜き。
c4b98afa36d2f01b,JP,material,生コンクリート・モルタル,生コンクリート,早強 ２４－１２－２５（２０） [単位水量175以下W/C55以下],m3,bureau_area,18,福井県,福井 大野市 / 旧和泉村,,,24500,JPY,design_unit_price_ex_tax,published_pdl,,,2026-10,2026-10-01,kkr-zairyo-r8-10,29,https://www-2.kkr.mlit.go.jp/plan/jigyousya/technical_information/gijutsukanri/qgl8vl0000004zj9-att/2026_10tanka.pdf,PDL1.0,,近畿地整が独自調査で設定した単価(物価資料に載っていない地区・規格だけ)。消費税抜き。
afb254683d647692,JP,material,生コンクリート・モルタル,生コンクリート,早強 ２４－１２－２５（２０） [単位水量175以下W/C55以下],m3,bureau_area,18,福井県,福井 冠山峠地区,,,26300,JPY,design_unit_price_ex_tax,published_pdl,,,2026-10,2026-10-01,kkr-zairyo-r8-10,29,https://www-2.kkr.mlit.go.jp/plan/jigyousya/technical_information/gijutsukanri/qgl8vl0000004zj9-att/2026_10tanka.pdf,PDL1.0,,近畿地整が独自調査で設定した単価(物価資料に載っていない地区・規格だけ)。消費税抜き。
8d949bd40e1b935c,JP,material,生コンクリート・モルタル,生コンクリート,早強 ２４－１２－４０ [単位水量165以下W/C55以下],m3,bureau_area,18,福井県,福井 池田町他,,,18700,JPY,design_unit_price_ex_tax,published_pdl,,,2026-10,2026-10-01,kkr-zairyo-r8-10,29,https://www-2.kkr.mlit.go.jp/plan/jigyousya/technical_information/gijutsukanri/qgl8vl0000004zj9-att/2026_10tanka.pdf,PDL1.0,,近畿地整が独自調査で設定した単価(物価資料に載っていない地区・規格だけ)。消費税抜き。
346ba300586c5988,JP,material,生コンクリート・モルタル,生コンクリート,早強 ２４－１２－４０ [単位水量165以下W/C55以下],m3,bureau_area,18,福井県,福井 大野市 / 旧和泉村,,,24500,JPY,design_unit_price_ex_tax,published_pdl,,,2026-10,2026-10-01,kkr-zairyo-r8-10,29,https://www-2.kkr.mlit.go.jp/plan/jigyousya/technical_information/gijutsukanri/qgl8vl0000004zj9-att/2026_10tanka.pdf,PDL1.0,,近畿地整が独自調査で設定した単価(物価資料に載っていない地区・規格だけ)。消費税抜き。
b10bb1caf76c61ac,JP,material,生コンクリート・モルタル,生コンクリート,早強 ２４－１２－４０ [単位水量165以下W/C55以下],m3,bureau_area,18,福井県,福井 冠山峠地区,,,26300,JPY,design_unit_price_ex_tax,published_pdl,,,2026-10,2026-10-01,kkr-zairyo-r8-10,29,https://www-2.kkr.mlit.go.jp/plan/jigyousya/technical_information/gijutsukanri/qgl8vl0000004zj9-att/2026_10tanka.pdf,PDL1.0,,近畿地整が独自調査で設定した単価(物価資料に載っていない地区・規格だけ)。消費税抜き。
104ca6e86bf4a65b,JP,material,生コンクリート・モルタル,生コンクリート,早強 ３０－１２－２５（２０） [単位水量175以下W/C55以下],m3,bureau_area,18,福井県,福井 池田町他,,,19600,JPY,design_unit_price_ex_tax,published_pdl,,,2026-10,2026-10-01,kkr-zairyo-r8-10,29,https://www-2.kkr.mlit.go.jp/plan/jigyousya/technical_information/gijutsukanri/qgl8vl0000004zj9-att/2026_10tanka.pdf,PDL1.0,,近畿地整が独自調査で設定した単価(物価資料に載っていない地区・規格だけ)。消費税抜き。
613f219b60ae8659,JP,material,生コンクリート・モルタル,生コンクリート,早強 ３０－１２－２５（２０） [単位水量175以下W/C55以下],m3,bureau_area,18,福井県,福井 大野市 / 旧和泉村,,,25400,JPY,design_unit_price_ex_tax,published_pdl,,,2026-10,2026-10-01,kkr-zairyo-r8-10,29,https://www-2.kkr.mlit.go.jp/plan/jigyousya/technical_information/gijutsukanri/qgl8vl0000004zj9-att/2026_10tanka.pdf,PDL1.0,,近畿地整が独自調査で設定した単価(物価資料に載っていない地区・規格だけ)。消費税抜き。
7365eb8a6a455439,JP,material,生コンクリート・モルタル,生コンクリート,早強 ３０－１２－２５（２０） [単位水量175以下W/C55以下],m3,bureau_area,18,福井県,福井 冠山峠地区,,,27200,JPY,design_unit_price_ex_tax,published_pdl,,,2026-10,2026-10-01,kkr-zairyo-r8-10,29,https://www-2.kkr.mlit.go.jp/plan/jigyousya/technical_information/gijutsukanri/qgl8vl0000004zj9-att/2026_10tanka.pdf,PDL1.0,,近畿地整が独自調査で設定した単価(物価資料に載っていない地区・規格だけ)。消費税抜き。
e8d8eb3a05210284,JP,material,生コンクリート・モルタル,生コンクリート,早強 ３６－１２－２５（２０） [単位水量175以下W/C55以下],m3,bureau_area,18,福井県,福井 池田町他,,,20500,JPY,design_unit_price_ex_tax,published_pdl,,,2026-10,2026-10-01,kkr-zairyo-r8-10,29,https://www-2.kkr.mlit.go.jp/plan/jigyousya/technical_information/gijutsukanri/qgl8vl0000004zj9-att/2026_10tanka.pdf,PDL1.0,,近畿地整が独自調査で設定した単価(物価資料に載っていない地区・規格だけ)。消費税抜き。
eb72853bbacb9426,JP,material,生コンクリート・モルタル,生コンクリート,早強 ３６－１２－２５（２０） [単位水量175以下W/C55以下],m3,bureau_area,18,福井県,福井 冠山峠地区,,,28100,JPY,design_unit_price_ex_tax,published_pdl,,,2026-10,2026-10-01,kkr-zairyo-r8-10,29,https://www-2.kkr.mlit.go.jp/plan/jigyousya/technical_information/gijutsukanri/qgl8vl0000004zj9-att/2026_10tanka.pdf,PDL1.0,,近畿地整が独自調査で設定した単価(物価資料に載っていない地区・規格だけ)。消費税抜き。
539b2e87d7b7f33e,JP,material,生コンクリート・モルタル,生コンクリート,早強 ４０－１２－２５（２０） [単位水量175以下W/C55以下],m3,bureau_area,18,福井県,福井 池田町他,,,23000,JPY,design_unit_price_ex_tax,published_pdl,,,2026-10,2026-10-01,kkr-zairyo-r8-10,29,https://www-2.kkr.mlit.go.jp/plan/jigyousya/technical_information/gijutsukanri/qgl8vl0000004zj9-att/2026_10tanka.pdf,PDL1.0,,近畿地整が独自調査で設定した単価(物価資料に載っていない地区・規格だけ)。消費税抜き。
3afd56aa63db5c7f,JP,material,生コンクリート・モルタル,生コンクリート,早強 ４０－１２－２５（２０） [単位水量175以下W/C55以下],m3,bureau_area,18,福井県,福井 冠山峠地区,,,30600,JPY,design_unit_price_ex_tax,published_pdl,,,2026-10,2026-10-01,kkr-zairyo-r8-10,29,https://www-2.kkr.mlit.go.jp/plan/jigyousya/technical_information/gijutsukanri/qgl8vl0000004zj9-att/2026_10tanka.pdf,PDL1.0,,近畿地整が独自調査で設定した単価(物価資料に載っていない地区・規格だけ)。消費税抜き。
8a45eb01d731c28e,JP,material,生コンクリート・モルタル,生コンクリート,高炉 ２４－１２－４０ [単位水量165以下W/C55以下],m3,bureau_area,29,奈良県,奈良 竹筒,68,［特定地］竹筒地区（吉野郡十津川村）,37900,JPY,design_unit_price_ex_tax,published_pdl,,,2026-10,2026-10-01,kkr-zairyo-r8-10,33,https://www-2.kkr.mlit.go.jp/plan/jigyousya/technical_information/gijutsukanri/qgl8vl0000004zj9-att/2026_10tanka.pdf,PDL1.0,95b61d3f217c,近畿地整が独自調査で設定した単価(物価資料に載っていない地区・規格だけ)。消費税抜き。
d2c2918f13f86485,JP,material,生コンクリート・モルタル,生コンクリート,高炉 ３０－１２－２５（２０） [単位水量175以下W/C55以下],m3,bureau_area,29,奈良県,奈良 竹筒,68,［特定地］竹筒地区（吉野郡十津川村）,39900,JPY,design_unit_price_ex_tax,published_pdl,,,2026-10,2026-10-01,kkr-zairyo-r8-10,33,https://www-2.kkr.mlit.go.jp/plan/jigyousya/technical_information/gijutsukanri/qgl8vl0000004zj9-att/2026_10tanka.pdf,PDL1.0,,近畿地整が独自調査で設定した単価(物価資料に載っていない地区・規格だけ)。消費税抜き。
2df3a164e1736a91,JP,material,生コンクリート・モルタル,生コンクリート,高炉 ３６－１２－２５（２０） [単位水量175以下W/C55以下],m3,bureau_area,29,奈良県,奈良 竹筒,68,［特定地］竹筒地区（吉野郡十津川村）,47900,JPY,design_unit_price_ex_tax,published_pdl,,,2026-10,2026-10-01,kkr-zairyo-r8-10,33,https://www-2.kkr.mlit.go.jp/plan/jigyousya/technical_information/gijutsukanri/qgl8vl0000004zj9-att/2026_10tanka.pdf,PDL1.0,,近畿地整が独自調査で設定した単価(物価資料に載っていない地区・規格だけ)。消費税抜き。
388dc520b963686e,JP,material,生コンクリート・モルタル,生コンクリート,早強 ２１－８－２５（２０） [単位水量175以下W/C60以下],m3,bureau_area,29,奈良県,奈良 竹筒,68,［特定地］竹筒地区（吉野郡十津川村）,41900,JPY,design_unit_price_ex_tax,published_pdl,,,2026-10,2026-10-01,kkr-zairyo-r8-10,33,https://www-2.kkr.mlit.go.jp/plan/jigyousya/technical_information/gijutsukanri/qgl8vl0000004zj9-att/2026_10tanka.pdf,PDL1.0,f6a76bb1f548,近畿地整が独自調査で設定した単価(物価資料に載っていない地区・規格だけ)。消費税抜き。
e28791dc95b7f36a,JP,material,生コンクリート・モルタル,生コンクリート,早強 ２４－８－２５（２０） [単位水量175以下W/C55以下],m3,bureau_area,29,奈良県,奈良 竹筒,68,［特定地］竹筒地区（吉野郡十津川村）,42900,JPY,design_unit_price_ex_tax,published_pdl,,,2026-10,2026-10-01,kkr-zairyo-r8-10,33,https://www-2.kkr.mlit.go.jp/plan/jigyousya/technical_information/gijutsukanri/qgl8vl0000004zj9-att/2026_10tanka.pdf,PDL1.0,6bb79f67639f,近畿地整が独自調査で設定した単価(物価資料に載っていない地区・規格だけ)。消費税抜き。
92216e3c0f28edb5,JP,material,生コンクリート・モルタル,生コンクリート,早強 ３０－８－２５（２０） [単位水量175以下W/C55以下],m3,bureau_area,29,奈良県,奈良 竹筒,68,［特定地］竹筒地区（吉野郡十津川村）,44900,JPY,design_unit_price_ex_tax,published_pdl,,,2026-10,2026-10-01,kkr-zairyo-r8-10,33,https://www-2.kkr.mlit.go.jp/plan/jigyousya/technical_information/gijutsukanri/qgl8vl0000004zj9-att/2026_10tanka.pdf,PDL1.0,26f5b9bc02b5,近畿地整が独自調査で設定した単価(物価資料に載っていない地区・規格だけ)。消費税抜き。
eab120935584498d,JP,material,生コンクリート・モルタル,生コンクリート,早強 ３６－８－２５（２０） [単位水量175以下W/C55以下],m3,bureau_area,29,奈良県,奈良 竹筒,68,［特定地］竹筒地区（吉野郡十津川村）,52900,JPY,design_unit_price_ex_tax,published_pdl,,,2026-10,2026-10-01,kkr-zairyo-r8-10,33,https://www-2.kkr.mlit.go.jp/plan/jigyousya/technical_information/gijutsukanri/qgl8vl0000004zj9-att/2026_10tanka.pdf,PDL1.0,a57503261f32,近畿地整が独自調査で設定した単価(物価資料に載っていない地区・規格だけ)。消費税抜き。
0c302ac56296fdef,JP,material,生コンクリート・モルタル,生コンクリート,早強 ４０－８－２５（２０） [単位水量175以下W/C55以下],m3,bureau_area,29,奈良県,奈良 竹筒,68,［特定地］竹筒地区（吉野郡十津川村）,53900,JPY,design_unit_price_ex_tax,published_pdl,,,2026-10,2026-10-01,kkr-zairyo-r8-10,33,https://www-2.kkr.mlit.go.jp/plan/jigyousya/technical_information/gijutsukanri/qgl8vl0000004zj9-att/2026_10tanka.pdf,PDL1.0,37480063f114,近畿地整が独自調査で設定した単価(物価資料に載っていない地区・規格だけ)。消費税抜き。
eb831a188f684ec0,JP,material,生コンクリート・モルタル,生コンクリート,早強 ２４－１２－２５（２０） [単位水量175以下W/C55以下],m3,bureau_area,29,奈良県,奈良 竹筒,68,［特定地］竹筒地区（吉野郡十津川村）,42900,JPY,design_unit_price_ex_tax,published_pdl,,,2026-10,2026-10-01,kkr-zairyo-r8-10,33,https://www-2.kkr.mlit.go.jp/plan/jigyousya/technical_information/gijutsukanri/qgl8vl0000004zj9-att/2026_10tanka.pdf,PDL1.0,,近畿地整が独自調査で設定した単価(物価資料に載っていない地区・規格だけ)。消費税抜き。
762f62a1721574bd,JP,material,生コンクリート・モルタル,生コンクリート,早強 ２４－１２－４０ [単位水量165以下W/C55以下],m3,bureau_area,29,奈良県,奈良 竹筒,68,［特定地］竹筒地区（吉野郡十津川村）,42900,JPY,design_unit_price_ex_tax,published_pdl,,,2026-10,2026-10-01,kkr-zairyo-r8-10,33,https://www-2.kkr.mlit.go.jp/plan/jigyousya/technical_information/gijutsukanri/qgl8vl0000004zj9-att/2026_10tanka.pdf,PDL1.0,,近畿地整が独自調査で設定した単価(物価資料に載っていない地区・規格だけ)。消費税抜き。
d313ced7f62fa7d0,JP,material,生コンクリート・モルタル,生コンクリート,早強 ３０－１２－２５（２０） [単位水量175以下W/C55以下],m3,bureau_area,29,奈良県,奈良 竹筒,68,［特定地］竹筒地区（吉野郡十津川村）,44900,JPY,design_unit_price_ex_tax,published_pdl,,,2026-10,2026-10-01,kkr-zairyo-r8-10,33,https://www-2.kkr.mlit.go.jp/plan/jigyousya/technical_information/gijutsukanri/qgl8vl0000004zj9-att/2026_10tanka.pdf,PDL1.0,,近畿地整が独自調査で設定した単価(物価資料に載っていない地区・規格だけ)。消費税抜き。
846806f2930d55c0,JP,material,生コンクリート・モルタル,生コンクリート,早強 ３６－１２－２５（２０） [単位水量175以下W/C55以下],m3,bureau_area,29,奈良県,奈良 竹筒,68,［特定地］竹筒地区（吉野郡十津川村）,52900,JPY,design_unit_price_ex_tax,published_pdl,,,2026-10,2026-10-01,kkr-zairyo-r8-10,33,https://www-2.kkr.mlit.go.jp/plan/jigyousya/technical_information/gijutsukanri/qgl8vl0000004zj9-att/2026_10tanka.pdf,PDL1.0,,近畿地整が独自調査で設定した単価(物価資料に載っていない地区・規格だけ)。消費税抜き。
cb9a23f19e4dbe12,JP,material,生コンクリート・モルタル,生コンクリート,早強 ４０－１２－２５（２０） [単位水量175以下W/C55以下],m3,bureau_area,29,奈良県,奈良 竹筒,68,［特定地］竹筒地区（吉野郡十津川村）,53900,JPY,design_unit_price_ex_tax,published_pdl,,,2026-10,2026-10-01,kkr-zairyo-r8-10,33,https://www-2.kkr.mlit.go.jp/plan/jigyousya/technical_information/gijutsukanri/qgl8vl0000004zj9-att/2026_10tanka.pdf,PDL1.0,,近畿地整が独自調査で設定した単価(物価資料に載っていない地区・規格だけ)。消費税抜き。
32e37dec9133f86c,JP,material,生コンクリート・モルタル,生コンクリート,高炉 ２４－１２－４０ [単位水量165以下W/C55以下],m3,bureau_area,30,和歌山県,和歌山 西牟婁郡他 / すさみ町,,,28500,JPY,design_unit_price_ex_tax,published_pdl,,,2026-10,2026-10-01,kkr-zairyo-r8-10,35,https://www-2.kkr.mlit.go.jp/plan/jigyousya/technical_information/gijutsukanri/qgl8vl0000004zj9-att/2026_10tanka.pdf,PDL1.0,95b61d3f217c,近畿地整が独自調査で設定した単価(物価資料に載っていない地区・規格だけ)。消費税抜き。
50278673a997f757,JP,material,生コンクリート・モルタル,生コンクリート,高炉 ２４－１２－４０ [単位水量165以下W/C55以下],m3,bureau_area,30,和歌山県,和歌山 玉置口,,,37900,JPY,design_unit_price_ex_tax,published_pdl,,,2026-10,2026-10-01,kkr-zairyo-r8-10,35,https://www-2.kkr.mlit.go.jp/plan/jigyousya/technical_information/gijutsukanri/qgl8vl0000004zj9-att/2026_10tanka.pdf,PDL1.0,95b61d3f217c,近畿地整が独自調査で設定した単価(物価資料に載っていない地区・規格だけ)。消費税抜き。
90272af9d41da262,JP,material,生コンクリート・モルタル,生コンクリート,高炉 ２４－１２－４０ [単位水量165以下W/C55以下],m3,bureau_area,24,三重県,三重 名張市,,,29500,JPY,design_unit_price_ex_tax,published_pdl,,,2026-10,2026-10-01,kkr-zairyo-r8-10,35,https://www-2.kkr.mlit.go.jp/plan/jigyousya/technical_information/gijutsukanri/qgl8vl0000004zj9-att/2026_10tanka.pdf,PDL1.0,95b61d3f217c,近畿地整が独自調査で設定した単価(物価資料に載っていない地区・規格だけ)。消費税抜き。
5312254a7831ed39,JP,material,生コンクリート・モルタル,生コンクリート,高炉 ２４－１２－４０ [単位水量165以下W/C55以下],m3,bureau_area,24,三重県,三重 伊賀市 / 旧上野市他,,,29500,JPY,design_unit_price_ex_tax,published_pdl,,,2026-10,2026-10-01,kkr-zairyo-r8-10,35,https://www-2.kkr.mlit.go.jp/plan/jigyousya/technical_information/gijutsukanri/qgl8vl0000004zj9-att/2026_10tanka.pdf,PDL1.0,95b61d3f217c,近畿地整が独自調査で設定した単価(物価資料に載っていない地区・規格だけ)。消費税抜き。
9bf8fcfafb2e900a,JP,material,生コンクリート・モルタル,生コンクリート,高炉 ２４－１２－４０ [単位水量165以下W/C55以下],m3,bureau_area,24,三重県,三重 伊賀市 / 旧青山町,,,29500,JPY,design_unit_price_ex_tax,published_pdl,,,2026-10,2026-10-01,kkr-zairyo-r8-10,35,https://www-2.kkr.mlit.go.jp/plan/jigyousya/technical_information/gijutsukanri/qgl8vl0000004zj9-att/2026_10tanka.pdf,PDL1.0,95b61d3f217c,近畿地整が独自調査で設定した単価(物価資料に載っていない地区・規格だけ)。消費税抜き。
9cd0ae2ff56dfd30,JP,material,生コンクリート・モルタル,生コンクリート,高炉 ２４－１２－４０ [単位水量165以下W/C55以下],m3,bureau_area,24,三重県,三重 太郎生,,,35000,JPY,design_unit_price_ex_tax,published_pdl,,,2026-10,2026-10-01,kkr-zairyo-r8-10,35,https://www-2.kkr.mlit.go.jp/plan/jigyousya/technical_information/gijutsukanri/qgl8vl0000004zj9-att/2026_10tanka.pdf,PDL1.0,95b61d3f217c,近畿地整が独自調査で設定した単価(物価資料に載っていない地区・規格だけ)。消費税抜き。
c20f3f7f8a37df1d,JP,material,生コンクリート・モルタル,生コンクリート,高炉 ２４－１２－４０ [単位水量165以下W/C55以下],m3,bureau_area,24,三重県,三重 紀宝町他,,,37900,JPY,design_unit_price_ex_tax,published_pdl,,,2026-10,2026-10-01,kkr-zairyo-r8-10,35,https://www-2.kkr.mlit.go.jp/plan/jigyousya/technical_information/gijutsukanri/qgl8vl0000004zj9-att/2026_10tanka.pdf,PDL1.0,95b61d3f217c,近畿地整が独自調査で設定した単価(物価資料に載っていない地区・規格だけ)。消費税抜き。
b36212a45a29130c,JP,material,生コンクリート・モルタル,生コンクリート,高炉 ３０－１２－２５（２０） [単位水量175以下W/C55以下],m3,bureau_area,30,和歌山県,和歌山 西牟婁郡他 / すさみ町,,,29800,JPY,design_unit_price_ex_tax,published_pdl,,,2026-10,2026-10-01,kkr-zairyo-r8-10,35,https://www-2.kkr.mlit.go.jp/plan/jigyousya/technical_information/gijutsukanri/qgl8vl0000004zj9-att/2026_10tanka.pdf,PDL1.0,,近畿地整が独自調査で設定した単価(物価資料に載っていない地区・規格だけ)。消費税抜き。
7944baa016a91276,JP,material,生コンクリート・モルタル,生コンクリート,高炉 ３０－１２－２５（２０） [単位水量175以下W/C55以下],m3,bureau_area,30,和歌山県,和歌山 玉置口,,,39900,JPY,design_unit_price_ex_tax,published_pdl,,,2026-10,2026-10-01,kkr-zairyo-r8-10,35,https://www-2.kkr.mlit.go.jp/plan/jigyousya/technical_information/gijutsukanri/qgl8vl0000004zj9-att/2026_10tanka.pdf,PDL1.0,,近畿地整が独自調査で設定した単価(物価資料に載っていない地区・規格だけ)。消費税抜き。
b3d4833b18707e99,JP,material,生コンクリート・モルタル,生コンクリート,高炉 ３０－１２－２５（２０） [単位水量175以下W/C55以下],m3,bureau_area,24,三重県,三重 名張市,,,30500,JPY,design_unit_price_ex_tax,published_pdl,,,2026-10,2026-10-01,kkr-zairyo-r8-10,35,https://www-2.kkr.mlit.go.jp/plan/jigyousya/technical_information/gijutsukanri/qgl8vl0000004zj9-att/2026_10tanka.pdf,PDL1.0,,近畿地整が独自調査で設定した単価(物価資料に載っていない地区・規格だけ)。消費税抜き。
ac731e233060ec43,JP,material,生コンクリート・モルタル,生コンクリート,高炉 ３０－１２－２５（２０） [単位水量175以下W/C55以下],m3,bureau_area,24,三重県,三重 伊賀市 / 旧上野市他,,,30500,JPY,design_unit_price_ex_tax,published_pdl,,,2026-10,2026-10-01,kkr-zairyo-r8-10,35,https://www-2.kkr.mlit.go.jp/plan/jigyousya/technical_information/gijutsukanri/qgl8vl0000004zj9-att/2026_10tanka.pdf,PDL1.0,,近畿地整が独自調査で設定した単価(物価資料に載っていない地区・規格だけ)。消費税抜き。
5b3db3dbf3eabfe3,JP,material,生コンクリート・モルタル,生コンクリート,高炉 ３０－１２－２５（２０） [単位水量175以下W/C55以下],m3,bureau_area,24,三重県,三重 伊賀市 / 旧青山町,,,30500,JPY,design_unit_price_ex_tax,published_pdl,,,2026-10,2026-10-01,kkr-zairyo-r8-10,35,https://www-2.kkr.mlit.go.jp/plan/jigyousya/technical_information/gijutsukanri/qgl8vl0000004zj9-att/2026_10tanka.pdf,PDL1.0,,近畿地整が独自調査で設定した単価(物価資料に載っていない地区・規格だけ)。消費税抜き。
77499bfd3a44b5d3,JP,material,生コンクリート・モルタル,生コンクリート,高炉 ３０－１２－２５（２０） [単位水量175以下W/C55以下],m3,bureau_area,24,三重県,三重 太郎生,,,36000,JPY,design_unit_price_ex_tax,published_pdl,,,2026-10,2026-10-01,kkr-zairyo-r8-10,35,https://www-2.kkr.mlit.go.jp/plan/jigyousya/technical_information/gijutsukanri/qgl8vl0000004zj9-att/2026_10tanka.pdf,PDL1.0,,近畿地整が独自調査で設定した単価(物価資料に載っていない地区・規格だけ)。消費税抜き。
743e5a988d740de6,JP,material,生コンクリート・モルタル,生コンクリート,高炉 ３０－１２－２５（２０） [単位水量175以下W/C55以下],m3,bureau_area,24,三重県,三重 紀宝町他,,,39900,JPY,design_unit_price_ex_tax,published_pdl,,,2026-10,2026-10-01,kkr-zairyo-r8-10,35,https://www-2.kkr.mlit.go.jp/plan/jigyousya/technical_information/gijutsukanri/qgl8vl0000004zj9-att/2026_10tanka.pdf,PDL1.0,,近畿地整が独自調査で設定した単価(物価資料に載っていない地区・規格だけ)。消費税抜き。
951c30e97b1ccaed,JP,material,生コンクリート・モルタル,生コンクリート,高炉 ３６－１２－２５（２０） [単位水量175以下W/C55以下],m3,bureau_area,30,和歌山県,和歌山 西牟婁郡他 / すさみ町,,,31000,JPY,design_unit_price_ex_tax,published_pdl,,,2026-10,2026-10-01,kkr-zairyo-r8-10,35,https://www-2.kkr.mlit.go.jp/plan/jigyousya/technical_information/gijutsukanri/qgl8vl0000004zj9-att/2026_10tanka.pdf,PDL1.0,,近畿地整が独自調査で設定した単価(物価資料に載っていない地区・規格だけ)。消費税抜き。
5cbb643aa967ea29,JP,material,生コンクリート・モルタル,生コンクリート,高炉 ３６－１２－２５（２０） [単位水量175以下W/C55以下],m3,bureau_area,30,和歌山県,和歌山 玉置口,,,47900,JPY,design_unit_price_ex_tax,published_pdl,,,2026-10,2026-10-01,kkr-zairyo-r8-10,35,https://www-2.kkr.mlit.go.jp/plan/jigyousya/technical_information/gijutsukanri/qgl8vl0000004zj9-att/2026_10tanka.pdf,PDL1.0,,近畿地整が独自調査で設定した単価(物価資料に載っていない地区・規格だけ)。消費税抜き。
a7a05d22eebf4352,JP,material,生コンクリート・モルタル,生コンクリート,高炉 ３６－１２－２５（２０） [単位水量175以下W/C55以下],m3,bureau_area,24,三重県,三重 名張市,,,31500,JPY,design_unit_price_ex_tax,published_pdl,,,2026-10,2026-10-01,kkr-zairyo-r8-10,35,https://www-2.kkr.mlit.go.jp/plan/jigyousya/technical_information/gijutsukanri/qgl8vl0000004zj9-att/2026_10tanka.pdf,PDL1.0,,近畿地整が独自調査で設定した単価(物価資料に載っていない地区・規格だけ)。消費税抜き。
7ac66e84ef888e89,JP,material,生コンクリート・モルタル,生コンクリート,高炉 ３６－１２－２５（２０） [単位水量175以下W/C55以下],m3,bureau_area,24,三重県,三重 伊賀市 / 旧上野市他,,,31500,JPY,design_unit_price_ex_tax,published_pdl,,,2026-10,2026-10-01,kkr-zairyo-r8-10,35,https://www-2.kkr.mlit.go.jp/plan/jigyousya/technical_information/gijutsukanri/qgl8vl0000004zj9-att/2026_10tanka.pdf,PDL1.0,,近畿地整が独自調査で設定した単価(物価資料に載っていない地区・規格だけ)。消費税抜き。
e93696ecd0564721,JP,material,生コンクリート・モルタル,生コンクリート,高炉 ３６－１２－２５（２０） [単位水量175以下W/C55以下],m3,bureau_area,24,三重県,三重 伊賀市 / 旧青山町,,,31500,JPY,design_unit_price_ex_tax,published_pdl,,,2026-10,2026-10-01,kkr-zairyo-r8-10,35,https://www-2.kkr.mlit.go.jp/plan/jigyousya/technical_information/gijutsukanri/qgl8vl0000004zj9-att/2026_10tanka.pdf,PDL1.0,,近畿地整が独自調査で設定した単価(物価資料に載っていない地区・規格だけ)。消費税抜き。
108e15a77675d8c8,JP,material,生コンクリート・モルタル,生コンクリート,高炉 ３６－１２－２５（２０） [単位水量175以下W/C55以下],m3,bureau_area,24,三重県,三重 太郎生,,,37000,JPY,design_unit_price_ex_tax,published_pdl,,,2026-10,2026-10-01,kkr-zairyo-r8-10,35,https://www-2.kkr.mlit.go.jp/plan/jigyousya/technical_information/gijutsukanri/qgl8vl0000004zj9-att/2026_10tanka.pdf,PDL1.0,,近畿地整が独自調査で設定した単価(物価資料に載っていない地区・規格だけ)。消費税抜き。
bf48b24a397499c8,JP,material,生コンクリート・モルタル,生コンクリート,高炉 ３６－１２－２５（２０） [単位水量175以下W/C55以下],m3,bureau_area,24,三重県,三重 紀宝町他,,,41900,JPY,design_unit_price_ex_tax,published_pdl,,,2026-10,2026-10-01,kkr-zairyo-r8-10,35,https://www-2.kkr.mlit.go.jp/plan/jigyousya/technical_information/gijutsukanri/qgl8vl0000004zj9-att/2026_10tanka.pdf,PDL1.0,,近畿地整が独自調査で設定した単価(物価資料に載っていない地区・規格だけ)。消費税抜き。
d530aac2a807d3af,JP,material,生コンクリート・モルタル,生コンクリート,早強 ２１－８－２５（２０） [単位水量175以下W/C60以下],m3,bureau_area,30,和歌山県,和歌山 玉置口,,,41900,JPY,design_unit_price_ex_tax,published_pdl,,,2026-10,2026-10-01,kkr-zairyo-r8-10,35,https://www-2.kkr.mlit.go.jp/plan/jigyousya/technical_information/gijutsukanri/qgl8vl0000004zj9-att/2026_10tanka.pdf,PDL1.0,f6a76bb1f548,近畿地整が独自調査で設定した単価(物価資料に載っていない地区・規格だけ)。消費税抜き。
2d34d5a8326e5cc5,JP,material,生コンクリート・モルタル,生コンクリート,早強 ２１－８－２５（２０） [単位水量175以下W/C60以下],m3,bureau_area,24,三重県,三重 名張市,,,30200,JPY,design_unit_price_ex_tax,published_pdl,,,2026-10,2026-10-01,kkr-zairyo-r8-10,35,https://www-2.kkr.mlit.go.jp/plan/jigyousya/technical_information/gijutsukanri/qgl8vl0000004zj9-att/2026_10tanka.pdf,PDL1.0,f6a76bb1f548,近畿地整が独自調査で設定した単価(物価資料に載っていない地区・規格だけ)。消費税抜き。
768bb7a6f7b3e066,JP,material,生コンクリート・モルタル,生コンクリート,早強 ２１－８－２５（２０） [単位水量175以下W/C60以下],m3,bureau_area,24,三重県,三重 伊賀市 / 旧上野市他,,,30200,JPY,design_unit_price_ex_tax,published_pdl,,,2026-10,2026-10-01,kkr-zairyo-r8-10,35,https://www-2.kkr.mlit.go.jp/plan/jigyousya/technical_information/gijutsukanri/qgl8vl0000004zj9-att/2026_10tanka.pdf,PDL1.0,f6a76bb1f548,近畿地整が独自調査で設定した単価(物価資料に載っていない地区・規格だけ)。消費税抜き。
3468a32eb7a38712,JP,material,生コンクリート・モルタル,生コンクリート,早強 ２１－８－２５（２０） [単位水量175以下W/C60以下],m3,bureau_area,24,三重県,三重 伊賀市 / 旧青山町,,,30200,JPY,design_unit_price_ex_tax,published_pdl,,,2026-10,2026-10-01,kkr-zairyo-r8-10,35,https://www-2.kkr.mlit.go.jp/plan/jigyousya/technical_information/gijutsukanri/qgl8vl0000004zj9-att/2026_10tanka.pdf,PDL1.0,f6a76bb1f548,近畿地整が独自調査で設定した単価(物価資料に載っていない地区・規格だけ)。消費税抜き。
77c3f7bc6885771c,JP,material,生コンクリート・モルタル,生コンクリート,早強 ２１－８－２５（２０） [単位水量175以下W/C60以下],m3,bureau_area,24,三重県,三重 太郎生,,,35500,JPY,design_unit_price_ex_tax,published_pdl,,,2026-10,2026-10-01,kkr-zairyo-r8-10,35,https://www-2.kkr.mlit.go.jp/plan/jigyousya/technical_information/gijutsukanri/qgl8vl0000004zj9-att/2026_10tanka.pdf,PDL1.0,f6a76bb1f548,近畿地整が独自調査で設定した単価(物価資料に載っていない地区・規格だけ)。消費税抜き。
3378f0c7d2a0c3fa,JP,material,生コンクリート・モルタル,生コンクリート,早強 ２１－８－２５（２０） [単位水量175以下W/C60以下],m3,bureau_area,24,三重県,三重 紀宝町他,,,41900,JPY,design_unit_price_ex_tax,published_pdl,,,2026-10,2026-10-01,kkr-zairyo-r8-10,35,https://www-2.kkr.mlit.go.jp/plan/jigyousya/technical_information/gijutsukanri/qgl8vl0000004zj9-att/2026_10tanka.pdf,PDL1.0,f6a76bb1f548,近畿地整が独自調査で設定した単価(物価資料に載っていない地区・規格だけ)。消費税抜き。
8693b235e9d00ec7,JP,material,生コンクリート・モルタル,生コンクリート,早強 ２４－８－２５（２０） [単位水量175以下W/C55以下],m3,bureau_area,30,和歌山県,和歌山 玉置口,,,42900,JPY,design_unit_price_ex_tax,published_pdl,,,2026-10,2026-10-01,kkr-zairyo-r8-10,35,https://www-2.kkr.mlit.go.jp/plan/jigyousya/technical_information/gijutsukanri/qgl8vl0000004zj9-att/2026_10tanka.pdf,PDL1.0,6bb79f67639f,近畿地整が独自調査で設定した単価(物価資料に載っていない地区・規格だけ)。消費税抜き。
9bb8960cc4694823,JP,material,生コンクリート・モルタル,生コンクリート,早強 ２４－８－２５（２０） [単位水量175以下W/C55以下],m3,bureau_area,24,三重県,三重 名張市,,,30900,JPY,design_unit_price_ex_tax,published_pdl,,,2026-10,2026-10-01,kkr-zairyo-r8-10,35,https://www-2.kkr.mlit.go.jp/plan/jigyousya/technical_information/gijutsukanri/qgl8vl0000004zj9-att/2026_10tanka.pdf,PDL1.0,6bb79f67639f,近畿地整が独自調査で設定した単価(物価資料に載っていない地区・規格だけ)。消費税抜き。
1ba0923b28cf6fc4,JP,material,生コンクリート・モルタル,生コンクリート,早強 ２４－８－２５（２０） [単位水量175以下W/C55以下],m3,bureau_area,24,三重県,三重 伊賀市 / 旧上野市他,,,30900,JPY,design_unit_price_ex_tax,published_pdl,,,2026-10,2026-10-01,kkr-zairyo-r8-10,35,https://www-2.kkr.mlit.go.jp/plan/jigyousya/technical_information/gijutsukanri/qgl8vl0000004zj9-att/2026_10tanka.pdf,PDL1.0,6bb79f67639f,近畿地整が独自調査で設定した単価(物価資料に載っていない地区・規格だけ)。消費税抜き。
eea1c9ba4fdd41a1,JP,material,生コンクリート・モルタル,生コンクリート,早強 ２４－８－２５（２０） [単位水量175以下W/C55以下],m3,bureau_area,24,三重県,三重 伊賀市 / 旧青山町,,,30900,JPY,design_unit_price_ex_tax,published_pdl,,,2026-10,2026-10-01,kkr-zairyo-r8-10,35,https://www-2.kkr.mlit.go.jp/plan/jigyousya/technical_information/gijutsukanri/qgl8vl0000004zj9-att/2026_10tanka.pdf,PDL1.0,6bb79f67639f,近畿地整が独自調査で設定した単価(物価資料に載っていない地区・規格だけ)。消費税抜き。
05c25b5de4b5ef85,JP,material,生コンクリート・モルタル,生コンクリート,早強 ２４－８－２５（２０） [単位水量175以下W/C55以下],m3,bureau_area,24,三重県,三重 太郎生,,,36000,JPY,design_unit_price_ex_tax,published_pdl,,,2026-10,2026-10-01,kkr-zairyo-r8-10,35,https://www-2.kkr.mlit.go.jp/plan/jigyousya/technical_information/gijutsukanri/qgl8vl0000004zj9-att/2026_10tanka.pdf,PDL1.0,6bb79f67639f,近畿地整が独自調査で設定した単価(物価資料に載っていない地区・規格だけ)。消費税抜き。
ee141eea6f6027b7,JP,material,生コンクリート・モルタル,生コンクリート,早強 ２４－８－２５（２０） [単位水量175以下W/C55以下],m3,bureau_area,24,三重県,三重 紀宝町他,,,42900,JPY,design_unit_price_ex_tax,published_pdl,,,2026-10,2026-10-01,kkr-zairyo-r8-10,35,https://www-2.kkr.mlit.go.jp/plan/jigyousya/technical_information/gijutsukanri/qgl8vl0000004zj9-att/2026_10tanka.pdf,PDL1.0,6bb79f67639f,近畿地整が独自調査で設定した単価(物価資料に載っていない地区・規格だけ)。消費税抜き。
a995ba3572b4cd55,JP,material,生コンクリート・モルタル,生コンクリート,早強 ３０－８－２５（２０） [単位水量175以下W/C55以下],m3,bureau_area,30,和歌山県,和歌山 玉置口,,,44900,JPY,design_unit_price_ex_tax,published_pdl,,,2026-10,2026-10-01,kkr-zairyo-r8-10,35,https://www-2.kkr.mlit.go.jp/plan/jigyousya/technical_information/gijutsukanri/qgl8vl0000004zj9-att/2026_10tanka.pdf,PDL1.0,26f5b9bc02b5,近畿地整が独自調査で設定した単価(物価資料に載っていない地区・規格だけ)。消費税抜き。
3c5b2ad31a7ec068,JP,material,生コンクリート・モルタル,生コンクリート,早強 ３０－８－２５（２０） [単位水量175以下W/C55以下],m3,bureau_area,24,三重県,三重 名張市,,,32200,JPY,design_unit_price_ex_tax,published_pdl,,,2026-10,2026-10-01,kkr-zairyo-r8-10,35,https://www-2.kkr.mlit.go.jp/plan/jigyousya/technical_information/gijutsukanri/qgl8vl0000004zj9-att/2026_10tanka.pdf,PDL1.0,26f5b9bc02b5,近畿地整が独自調査で設定した単価(物価資料に載っていない地区・規格だけ)。消費税抜き。
a83b63a8ff6ef2ab,JP,material,生コンクリート・モルタル,生コンクリート,早強 ３０－８－２５（２０） [単位水量175以下W/C55以下],m3,bureau_area,24,三重県,三重 伊賀市 / 旧上野市他,,,32200,JPY,design_unit_price_ex_tax,published_pdl,,,2026-10,2026-10-01,kkr-zairyo-r8-10,35,https://www-2.kkr.mlit.go.jp/plan/jigyousya/technical_information/gijutsukanri/qgl8vl0000004zj9-att/2026_10tanka.pdf,PDL1.0,26f5b9bc02b5,近畿地整が独自調査で設定した単価(物価資料に載っていない地区・規格だけ)。消費税抜き。
94e123d511b90b66,JP,material,生コンクリート・モルタル,生コンクリート,早強 ３０－８－２５（２０） [単位水量175以下W/C55以下],m3,bureau_area,24,三重県,三重 伊賀市 / 旧青山町,,,32200,JPY,design_unit_price_ex_tax,published_pdl,,,2026-10,2026-10-01,kkr-zairyo-r8-10,35,https://www-2.kkr.mlit.go.jp/plan/jigyousya/technical_information/gijutsukanri/qgl8vl0000004zj9-att/2026_10tanka.pdf,PDL1.0,26f5b9bc02b5,近畿地整が独自調査で設定した単価(物価資料に載っていない地区・規格だけ)。消費税抜き。
8f886abbe52b3cc3,JP,material,生コンクリート・モルタル,生コンクリート,早強 ３０－８－２５（２０） [単位水量175以下W/C55以下],m3,bureau_area,24,三重県,三重 太郎生,,,37000,JPY,design_unit_price_ex_tax,published_pdl,,,2026-10,2026-10-01,kkr-zairyo-r8-10,35,https://www-2.kkr.mlit.go.jp/plan/jigyousya/technical_information/gijutsukanri/qgl8vl0000004zj9-att/2026_10tanka.pdf,PDL1.0,26f5b9bc02b5,近畿地整が独自調査で設定した単価(物価資料に載っていない地区・規格だけ)。消費税抜き。
1c558edfbb2bb32e,JP,material,生コンクリート・モルタル,生コンクリート,早強 ３０－８－２５（２０） [単位水量175以下W/C55以下],m3,bureau_area,24,三重県,三重 紀宝町他,,,44900,JPY,design_unit_price_ex_tax,published_pdl,,,2026-10,2026-10-01,kkr-zairyo-r8-10,35,https://www-2.kkr.mlit.go.jp/plan/jigyousya/technical_information/gijutsukanri/qgl8vl0000004zj9-att/2026_10tanka.pdf,PDL1.0,26f5b9bc02b5,近畿地整が独自調査で設定した単価(物価資料に載っていない地区・規格だけ)。消費税抜き。
1ed6c8a4d484c975,JP,material,生コンクリート・モルタル,生コンクリート,早強 ３６－８－２５（２０） [単位水量175以下W/C55以下],m3,bureau_area,30,和歌山県,和歌山 玉置口,,,52900,JPY,design_unit_price_ex_tax,published_pdl,,,2026-10,2026-10-01,kkr-zairyo-r8-10,35,https://www-2.kkr.mlit.go.jp/plan/jigyousya/technical_information/gijutsukanri/qgl8vl0000004zj9-att/2026_10tanka.pdf,PDL1.0,a57503261f32,近畿地整が独自調査で設定した単価(物価資料に載っていない地区・規格だけ)。消費税抜き。
14a7d9114851fabd,JP,material,生コンクリート・モルタル,生コンクリート,早強 ３６－８－２５（２０） [単位水量175以下W/C55以下],m3,bureau_area,24,三重県,三重 名張市,,,33700,JPY,design_unit_price_ex_tax,published_pdl,,,2026-10,2026-10-01,kkr-zairyo-r8-10,35,https://www-2.kkr.mlit.go.jp/plan/jigyousya/technical_information/gijutsukanri/qgl8vl0000004zj9-att/2026_10tanka.pdf,PDL1.0,a57503261f32,近畿地整が独自調査で設定した単価(物価資料に載っていない地区・規格だけ)。消費税抜き。
77271d3589ed0109,JP,material,生コンクリート・モルタル,生コンクリート,早強 ３６－８－２５（２０） [単位水量175以下W/C55以下],m3,bureau_area,24,三重県,三重 伊賀市 / 旧上野市他,,,33700,JPY,design_unit_price_ex_tax,published_pdl,,,2026-10,2026-10-01,kkr-zairyo-r8-10,35,https://www-2.kkr.mlit.go.jp/plan/jigyousya/technical_information/gijutsukanri/qgl8vl0000004zj9-att/2026_10tanka.pdf,PDL1.0,a57503261f32,近畿地整が独自調査で設定した単価(物価資料に載っていない地区・規格だけ)。消費税抜き。
cd17564c9c1c4a39,JP,material,生コンクリート・モルタル,生コンクリート,早強 ３６－８－２５（２０） [単位水量175以下W/C55以下],m3,bureau_area,24,三重県,三重 伊賀市 / 旧青山町,,,33700,JPY,design_unit_price_ex_tax,published_pdl,,,2026-10,2026-10-01,kkr-zairyo-r8-10,35,https://www-2.kkr.mlit.go.jp/plan/jigyousya/technical_information/gijutsukanri/qgl8vl0000004zj9-att/2026_10tanka.pdf,PDL1.0,a57503261f32,近畿地整が独自調査で設定した単価(物価資料に載っていない地区・規格だけ)。消費税抜き。
d748dca568eaebea,JP,material,生コンクリート・モルタル,生コンクリート,早強 ３６－８－２５（２０） [単位水量175以下W/C55以下],m3,bureau_area,24,三重県,三重 太郎生,,,38000,JPY,design_unit_price_ex_tax,published_pdl,,,2026-10,2026-10-01,kkr-zairyo-r8-10,35,https://www-2.kkr.mlit.go.jp/plan/jigyousya/technical_information/gijutsukanri/qgl8vl0000004zj9-att/2026_10tanka.pdf,PDL1.0,a57503261f32,近畿地整が独自調査で設定した単価(物価資料に載っていない地区・規格だけ)。消費税抜き。
535751ea449c9d33,JP,material,生コンクリート・モルタル,生コンクリート,早強 ３６－８－２５（２０） [単位水量175以下W/C55以下],m3,bureau_area,24,三重県,三重 紀宝町他,,,46900,JPY,design_unit_price_ex_tax,published_pdl,,,2026-10,2026-10-01,kkr-zairyo-r8-10,35,https://www-2.kkr.mlit.go.jp/plan/jigyousya/technical_information/gijutsukanri/qgl8vl0000004zj9-att/2026_10tanka.pdf,PDL1.0,a57503261f32,近畿地整が独自調査で設定した単価(物価資料に載っていない地区・規格だけ)。消費税抜き。
1651f868f8ddeffa,JP,material,生コンクリート・モルタル,生コンクリート,早強 ４０－８－２５（２０） [単位水量175以下W/C55以下],m3,bureau_area,30,和歌山県,和歌山 玉置口,,,53900,JPY,design_unit_price_ex_tax,published_pdl,,,2026-10,2026-10-01,kkr-zairyo-r8-10,35,https://www-2.kkr.mlit.go.jp/plan/jigyousya/technical_information/gijutsukanri/qgl8vl0000004zj9-att/2026_10tanka.pdf,PDL1.0,37480063f114,近畿地整が独自調査で設定した単価(物価資料に載っていない地区・規格だけ)。消費税抜き。
bde9caf50cfb0cea,JP,material,生コンクリート・モルタル,生コンクリート,早強 ４０－８－２５（２０） [単位水量175以下W/C55以下],m3,bureau_area,24,三重県,三重 名張市,,,34600,JPY,design_unit_price_ex_tax,published_pdl,,,2026-10,2026-10-01,kkr-zairyo-r8-10,35,https://www-2.kkr.mlit.go.jp/plan/jigyousya/technical_information/gijutsukanri/qgl8vl0000004zj9-att/2026_10tanka.pdf,PDL1.0,37480063f114,近畿地整が独自調査で設定した単価(物価資料に載っていない地区・規格だけ)。消費税抜き。
1852b65b77af9db2,JP,material,生コンクリート・モルタル,生コンクリート,早強 ４０－８－２５（２０） [単位水量175以下W/C55以下],m3,bureau_area,24,三重県,三重 伊賀市 / 旧上野市他,,,34600,JPY,design_unit_price_ex_tax,published_pdl,,,2026-10,2026-10-01,kkr-zairyo-r8-10,35,https://www-2.kkr.mlit.go.jp/plan/jigyousya/technical_information/gijutsukanri/qgl8vl0000004zj9-att/2026_10tanka.pdf,PDL1.0,37480063f114,近畿地整が独自調査で設定した単価(物価資料に載っていない地区・規格だけ)。消費税抜き。
bee1f936c46a28d4,JP,material,生コンクリート・モルタル,生コンクリート,早強 ４０－８－２５（２０） [単位水量175以下W/C55以下],m3,bureau_area,24,三重県,三重 伊賀市 / 旧青山町,,,34600,JPY,design_unit_price_ex_tax,published_pdl,,,2026-10,2026-10-01,kkr-zairyo-r8-10,35,https://www-2.kkr.mlit.go.jp/plan/jigyousya/technical_information/gijutsukanri/qgl8vl0000004zj9-att/2026_10tanka.pdf,PDL1.0,37480063f114,近畿地整が独自調査で設定した単価(物価資料に載っていない地区・規格だけ)。消費税抜き。
336886495afcfff1,JP,material,生コンクリート・モルタル,生コンクリート,早強 ４０－８－２５（２０） [単位水量175以下W/C55以下],m3,bureau_area,24,三重県,三重 太郎生,,,40500,JPY,design_unit_price_ex_tax,published_pdl,,,2026-10,2026-10-01,kkr-zairyo-r8-10,35,https://www-2.kkr.mlit.go.jp/plan/jigyousya/technical_information/gijutsukanri/qgl8vl0000004zj9-att/2026_10tanka.pdf,PDL1.0,37480063f114,近畿地整が独自調査で設定した単価(物価資料に載っていない地区・規格だけ)。消費税抜き。
825e64bc1a3d5f4c,JP,material,生コンクリート・モルタル,生コンクリート,早強 ４０－８－２５（２０） [単位水量175以下W/C55以下],m3,bureau_area,24,三重県,三重 紀宝町他,,,47900,JPY,design_unit_price_ex_tax,published_pdl,,,2026-10,2026-10-01,kkr-zairyo-r8-10,35,https://www-2.kkr.mlit.go.jp/plan/jigyousya/technical_information/gijutsukanri/qgl8vl0000004zj9-att/2026_10tanka.pdf,PDL1.0,37480063f114,近畿地整が独自調査で設定した単価(物価資料に載っていない地区・規格だけ)。消費税抜き。
1ff1a627536dc8ad,JP,material,生コンクリート・モルタル,生コンクリート,早強 ２４－１２－２５（２０） [単位水量175以下W/C55以下],m3,bureau_area,30,和歌山県,和歌山 玉置口,,,42900,JPY,design_unit_price_ex_tax,published_pdl,,,2026-10,2026-10-01,kkr-zairyo-r8-10,35,https://www-2.kkr.mlit.go.jp/plan/jigyousya/technical_information/gijutsukanri/qgl8vl0000004zj9-att/2026_10tanka.pdf,PDL1.0,,近畿地整が独自調査で設定した単価(物価資料に載っていない地区・規格だけ)。消費税抜き。
094ce4fb5854bf60,JP,material,生コンクリート・モルタル,生コンクリート,早強 ２４－１２－２５（２０） [単位水量175以下W/C55以下],m3,bureau_area,24,三重県,三重 名張市,,,30900,JPY,design_unit_price_ex_tax,published_pdl,,,2026-10,2026-10-01,kkr-zairyo-r8-10,35,https://www-2.kkr.mlit.go.jp/plan/jigyousya/technical_information/gijutsukanri/qgl8vl0000004zj9-att/2026_10tanka.pdf,PDL1.0,,近畿地整が独自調査で設定した単価(物価資料に載っていない地区・規格だけ)。消費税抜き。
0efaf4d362683959,JP,material,生コンクリート・モルタル,生コンクリート,早強 ２４－１２－２５（２０） [単位水量175以下W/C55以下],m3,bureau_area,24,三重県,三重 伊賀市 / 旧上野市他,,,30900,JPY,design_unit_price_ex_tax,published_pdl,,,2026-10,2026-10-01,kkr-zairyo-r8-10,35,https://www-2.kkr.mlit.go.jp/plan/jigyousya/technical_information/gijutsukanri/qgl8vl0000004zj9-att/2026_10tanka.pdf,PDL1.0,,近畿地整が独自調査で設定した単価(物価資料に載っていない地区・規格だけ)。消費税抜き。
9f5a1043e338be32,JP,material,生コンクリート・モルタル,生コンクリート,早強 ２４－１２－２５（２０） [単位水量175以下W/C55以下],m3,bureau_area,24,三重県,三重 伊賀市 / 旧青山町,,,30900,JPY,design_unit_price_ex_tax,published_pdl,,,2026-10,2026-10-01,kkr-zairyo-r8-10,35,https://www-2.kkr.mlit.go.jp/plan/jigyousya/technical_information/gijutsukanri/qgl8vl0000004zj9-att/2026_10tanka.pdf,PDL1.0,,近畿地整が独自調査で設定した単価(物価資料に載っていない地区・規格だけ)。消費税抜き。
455f0138f3f22f76,JP,material,生コンクリート・モルタル,生コンクリート,早強 ２４－１２－２５（２０） [単位水量175以下W/C55以下],m3,bureau_area,24,三重県,三重 太郎生,,,36000,JPY,design_unit_price_ex_tax,published_pdl,,,2026-10,2026-10-01,kkr-zairyo-r8-10,35,https://www-2.kkr.mlit.go.jp/plan/jigyousya/technical_information/gijutsukanri/qgl8vl0000004zj9-att/2026_10tanka.pdf,PDL1.0,,近畿地整が独自調査で設定した単価(物価資料に載っていない地区・規格だけ)。消費税抜き。
afd1fcd3e4b5e43a,JP,material,生コンクリート・モルタル,生コンクリート,早強 ２４－１２－２５（２０） [単位水量175以下W/C55以下],m3,bureau_area,24,三重県,三重 紀宝町他,,,42900,JPY,design_unit_price_ex_tax,published_pdl,,,2026-10,2026-10-01,kkr-zairyo-r8-10,35,https://www-2.kkr.mlit.go.jp/plan/jigyousya/technical_information/gijutsukanri/qgl8vl0000004zj9-att/2026_10tanka.pdf,PDL1.0,,近畿地整が独自調査で設定した単価(物価資料に載っていない地区・規格だけ)。消費税抜き。
e487b31351935ab7,JP,material,生コンクリート・モルタル,生コンクリート,早強 ２４－１２－４０ [単位水量165以下W/C55以下],m3,bureau_area,30,和歌山県,和歌山 玉置口,,,42900,JPY,design_unit_price_ex_tax,published_pdl,,,2026-10,2026-10-01,kkr-zairyo-r8-10,35,https://www-2.kkr.mlit.go.jp/plan/jigyousya/technical_information/gijutsukanri/qgl8vl0000004zj9-att/2026_10tanka.pdf,PDL1.0,,近畿地整が独自調査で設定した単価(物価資料に載っていない地区・規格だけ)。消費税抜き。
dbdb9e59ecd8ada6,JP,material,生コンクリート・モルタル,生コンクリート,早強 ２４－１２－４０ [単位水量165以下W/C55以下],m3,bureau_area,24,三重県,三重 名張市,,,30900,JPY,design_unit_price_ex_tax,published_pdl,,,2026-10,2026-10-01,kkr-zairyo-r8-10,35,https://www-2.kkr.mlit.go.jp/plan/jigyousya/technical_information/gijutsukanri/qgl8vl0000004zj9-att/2026_10tanka.pdf,PDL1.0,,近畿地整が独自調査で設定した単価(物価資料に載っていない地区・規格だけ)。消費税抜き。
99c57bd3a1605e08,JP,material,生コンクリート・モルタル,生コンクリート,早強 ２４－１２－４０ [単位水量165以下W/C55以下],m3,bureau_area,24,三重県,三重 伊賀市 / 旧上野市他,,,30900,JPY,design_unit_price_ex_tax,published_pdl,,,2026-10,2026-10-01,kkr-zairyo-r8-10,35,https://www-2.kkr.mlit.go.jp/plan/jigyousya/technical_information/gijutsukanri/qgl8vl0000004zj9-att/2026_10tanka.pdf,PDL1.0,,近畿地整が独自調査で設定した単価(物価資料に載っていない地区・規格だけ)。消費税抜き。
935df2e8ef49837c,JP,material,生コンクリート・モルタル,生コンクリート,早強 ２４－１２－４０ [単位水量165以下W/C55以下],m3,bureau_area,24,三重県,三重 伊賀市 / 旧青山町,,,30900,JPY,design_unit_price_ex_tax,published_pdl,,,2026-10,2026-10-01,kkr-zairyo-r8-10,35,https://www-2.kkr.mlit.go.jp/plan/jigyousya/technical_information/gijutsukanri/qgl8vl0000004zj9-att/2026_10tanka.pdf,PDL1.0,,近畿地整が独自調査で設定した単価(物価資料に載っていない地区・規格だけ)。消費税抜き。
7309600750eac857,JP,material,生コンクリート・モルタル,生コンクリート,早強 ２４－１２－４０ [単位水量165以下W/C55以下],m3,bureau_area,24,三重県,三重 太郎生,,,36000,JPY,design_unit_price_ex_tax,published_pdl,,,2026-10,2026-10-01,kkr-zairyo-r8-10,35,https://www-2.kkr.mlit.go.jp/plan/jigyousya/technical_information/gijutsukanri/qgl8vl0000004zj9-att/2026_10tanka.pdf,PDL1.0,,近畿地整が独自調査で設定した単価(物価資料に載っていない地区・規格だけ)。消費税抜き。
86184aa0738a8ba9,JP,material,生コンクリート・モルタル,生コンクリート,早強 ２４－１２－４０ [単位水量165以下W/C55以下],m3,bureau_area,24,三重県,三重 紀宝町他,,,42900,JPY,design_unit_price_ex_tax,published_pdl,,,2026-10,2026-10-01,kkr-zairyo-r8-10,35,https://www-2.kkr.mlit.go.jp/plan/jigyousya/technical_information/gijutsukanri/qgl8vl0000004zj9-att/2026_10tanka.pdf,PDL1.0,,近畿地整が独自調査で設定した単価(物価資料に載っていない地区・規格だけ)。消費税抜き。
a8f5b745644b235e,JP,material,生コンクリート・モルタル,生コンクリート,早強 ３０－１２－２５（２０） [単位水量175以下W/C55以下],m3,bureau_area,30,和歌山県,和歌山 玉置口,,,44900,JPY,design_unit_price_ex_tax,published_pdl,,,2026-10,2026-10-01,kkr-zairyo-r8-10,35,https://www-2.kkr.mlit.go.jp/plan/jigyousya/technical_information/gijutsukanri/qgl8vl0000004zj9-att/2026_10tanka.pdf,PDL1.0,,近畿地整が独自調査で設定した単価(物価資料に載っていない地区・規格だけ)。消費税抜き。
ac606ff8e36eef73,JP,material,生コンクリート・モルタル,生コンクリート,早強 ３０－１２－２５（２０） [単位水量175以下W/C55以下],m3,bureau_area,24,三重県,三重 名張市,,,32200,JPY,design_unit_price_ex_tax,published_pdl,,,2026-10,2026-10-01,kkr-zairyo-r8-10,35,https://www-2.kkr.mlit.go.jp/plan/jigyousya/technical_information/gijutsukanri/qgl8vl0000004zj9-att/2026_10tanka.pdf,PDL1.0,,近畿地整が独自調査で設定した単価(物価資料に載っていない地区・規格だけ)。消費税抜き。
5247bb20b69b7b44,JP,material,生コンクリート・モルタル,生コンクリート,早強 ３０－１２－２５（２０） [単位水量175以下W/C55以下],m3,bureau_area,24,三重県,三重 伊賀市 / 旧上野市他,,,32200,JPY,design_unit_price_ex_tax,published_pdl,,,2026-10,2026-10-01,kkr-zairyo-r8-10,35,https://www-2.kkr.mlit.go.jp/plan/jigyousya/technical_information/gijutsukanri/qgl8vl0000004zj9-att/2026_10tanka.pdf,PDL1.0,,近畿地整が独自調査で設定した単価(物価資料に載っていない地区・規格だけ)。消費税抜き。
45d5aaf98fda60e8,JP,material,生コンクリート・モルタル,生コンクリート,早強 ３０－１２－２５（２０） [単位水量175以下W/C55以下],m3,bureau_area,24,三重県,三重 伊賀市 / 旧青山町,,,32200,JPY,design_unit_price_ex_tax,published_pdl,,,2026-10,2026-10-01,kkr-zairyo-r8-10,35,https://www-2.kkr.mlit.go.jp/plan/jigyousya/technical_information/gijutsukanri/qgl8vl0000004zj9-att/2026_10tanka.pdf,PDL1.0,,近畿地整が独自調査で設定した単価(物価資料に載っていない地区・規格だけ)。消費税抜き。
a0ce1f13e0b7d2f6,JP,material,生コンクリート・モルタル,生コンクリート,早強 ３０－１２－２５（２０） [単位水量175以下W/C55以下],m3,bureau_area,24,三重県,三重 太郎生,,,37000,JPY,design_unit_price_ex_tax,published_pdl,,,2026-10,2026-10-01,kkr-zairyo-r8-10,35,https://www-2.kkr.mlit.go.jp/plan/jigyousya/technical_information/gijutsukanri/qgl8vl0000004zj9-att/2026_10tanka.pdf,PDL1.0,,近畿地整が独自調査で設定した単価(物価資料に載っていない地区・規格だけ)。消費税抜き。
ff37e6399926b430,JP,material,生コンクリート・モルタル,生コンクリート,早強 ３０－１２－２５（２０） [単位水量175以下W/C55以下],m3,bureau_area,24,三重県,三重 紀宝町他,,,44900,JPY,design_unit_price_ex_tax,published_pdl,,,2026-10,2026-10-01,kkr-zairyo-r8-10,35,https://www-2.kkr.mlit.go.jp/plan/jigyousya/technical_information/gijutsukanri/qgl8vl0000004zj9-att/2026_10tanka.pdf,PDL1.0,,近畿地整が独自調査で設定した単価(物価資料に載っていない地区・規格だけ)。消費税抜き。
d70cb3dd28ab1440,JP,material,生コンクリート・モルタル,生コンクリート,早強 ３６－１２－２５（２０） [単位水量175以下W/C55以下],m3,bureau_area,30,和歌山県,和歌山 玉置口,,,52900,JPY,design_unit_price_ex_tax,published_pdl,,,2026-10,2026-10-01,kkr-zairyo-r8-10,35,https://www-2.kkr.mlit.go.jp/plan/jigyousya/technical_information/gijutsukanri/qgl8vl0000004zj9-att/2026_10tanka.pdf,PDL1.0,,近畿地整が独自調査で設定した単価(物価資料に載っていない地区・規格だけ)。消費税抜き。
0d8a8b690c1280fd,JP,material,生コンクリート・モルタル,生コンクリート,早強 ３６－１２－２５（２０） [単位水量175以下W/C55以下],m3,bureau_area,24,三重県,三重 名張市,,,33700,JPY,design_unit_price_ex_tax,published_pdl,,,2026-10,2026-10-01,kkr-zairyo-r8-10,35,https://www-2.kkr.mlit.go.jp/plan/jigyousya/technical_information/gijutsukanri/qgl8vl0000004zj9-att/2026_10tanka.pdf,PDL1.0,,近畿地整が独自調査で設定した単価(物価資料に載っていない地区・規格だけ)。消費税抜き。
4128e0979a8a1c59,JP,material,生コンクリート・モルタル,生コンクリート,早強 ３６－１２－２５（２０） [単位水量175以下W/C55以下],m3,bureau_area,24,三重県,三重 伊賀市 / 旧上野市他,,,33700,JPY,design_unit_price_ex_tax,published_pdl,,,2026-10,2026-10-01,kkr-zairyo-r8-10,35,https://www-2.kkr.mlit.go.jp/plan/jigyousya/technical_information/gijutsukanri/qgl8vl0000004zj9-att/2026_10tanka.pdf,PDL1.0,,近畿地整が独自調査で設定した単価(物価資料に載っていない地区・規格だけ)。消費税抜き。
58fba91000fc8651,JP,material,生コンクリート・モルタル,生コンクリート,早強 ３６－１２－２５（２０） [単位水量175以下W/C55以下],m3,bureau_area,24,三重県,三重 伊賀市 / 旧青山町,,,33700,JPY,design_unit_price_ex_tax,published_pdl,,,2026-10,2026-10-01,kkr-zairyo-r8-10,35,https://www-2.kkr.mlit.go.jp/plan/jigyousya/technical_information/gijutsukanri/qgl8vl0000004zj9-att/2026_10tanka.pdf,PDL1.0,,近畿地整が独自調査で設定した単価(物価資料に載っていない地区・規格だけ)。消費税抜き。
81b0ea8a1156d3d0,JP,material,生コンクリート・モルタル,生コンクリート,早強 ３６－１２－２５（２０） [単位水量175以下W/C55以下],m3,bureau_area,24,三重県,三重 太郎生,,,38000,JPY,design_unit_price_ex_tax,published_pdl,,,2026-10,2026-10-01,kkr-zairyo-r8-10,35,https://www-2.kkr.mlit.go.jp/plan/jigyousya/technical_information/gijutsukanri/qgl8vl0000004zj9-att/2026_10tanka.pdf,PDL1.0,,近畿地整が独自調査で設定した単価(物価資料に載っていない地区・規格だけ)。消費税抜き。
98d15dc344d201cb,JP,material,生コンクリート・モルタル,生コンクリート,早強 ３６－１２－２５（２０） [単位水量175以下W/C55以下],m3,bureau_area,24,三重県,三重 紀宝町他,,,46900,JPY,design_unit_price_ex_tax,published_pdl,,,2026-10,2026-10-01,kkr-zairyo-r8-10,35,https://www-2.kkr.mlit.go.jp/plan/jigyousya/technical_information/gijutsukanri/qgl8vl0000004zj9-att/2026_10tanka.pdf,PDL1.0,,近畿地整が独自調査で設定した単価(物価資料に載っていない地区・規格だけ)。消費税抜き。
d5477e2dbb9635eb,JP,material,生コンクリート・モルタル,生コンクリート,早強 ４０－１２－２５（２０） [単位水量175以下W/C55以下],m3,bureau_area,30,和歌山県,和歌山 玉置口,,,53900,JPY,design_unit_price_ex_tax,published_pdl,,,2026-10,2026-10-01,kkr-zairyo-r8-10,35,https://www-2.kkr.mlit.go.jp/plan/jigyousya/technical_information/gijutsukanri/qgl8vl0000004zj9-att/2026_10tanka.pdf,PDL1.0,,近畿地整が独自調査で設定した単価(物価資料に載っていない地区・規格だけ)。消費税抜き。
dc9564bd4326a4c6,JP,material,生コンクリート・モルタル,生コンクリート,早強 ４０－１２－２５（２０） [単位水量175以下W/C55以下],m3,bureau_area,24,三重県,三重 名張市,,,34600,JPY,design_unit_price_ex_tax,published_pdl,,,2026-10,2026-10-01,kkr-zairyo-r8-10,35,https://www-2.kkr.mlit.go.jp/plan/jigyousya/technical_information/gijutsukanri/qgl8vl0000004zj9-att/2026_10tanka.pdf,PDL1.0,,近畿地整が独自調査で設定した単価(物価資料に載っていない地区・規格だけ)。消費税抜き。
6ec8a8fa4cf3c3a0,JP,material,生コンクリート・モルタル,生コンクリート,早強 ４０－１２－２５（２０） [単位水量175以下W/C55以下],m3,bureau_area,24,三重県,三重 伊賀市 / 旧上野市他,,,34600,JPY,design_unit_price_ex_tax,published_pdl,,,2026-10,2026-10-01,kkr-zairyo-r8-10,35,https://www-2.kkr.mlit.go.jp/plan/jigyousya/technical_information/gijutsukanri/qgl8vl0000004zj9-att/2026_10tanka.pdf,PDL1.0,,近畿地整が独自調査で設定した単価(物価資料に載っていない地区・規格だけ)。消費税抜き。
c806224d3d0a8f07,JP,material,生コンクリート・モルタル,生コンクリート,早強 ４０－１２－２５（２０） [単位水量175以下W/C55以下],m3,bureau_area,24,三重県,三重 伊賀市 / 旧青山町,,,34600,JPY,design_unit_price_ex_tax,published_pdl,,,2026-10,2026-10-01,kkr-zairyo-r8-10,35,https://www-2.kkr.mlit.go.jp/plan/jigyousya/technical_information/gijutsukanri/qgl8vl0000004zj9-att/2026_10tanka.pdf,PDL1.0,,近畿地整が独自調査で設定した単価(物価資料に載っていない地区・規格だけ)。消費税抜き。
21b2718e8032cb3c,JP,material,生コンクリート・モルタル,生コンクリート,早強 ４０－１２－２５（２０） [単位水量175以下W/C55以下],m3,bureau_area,24,三重県,三重 太郎生,,,40500,JPY,design_unit_price_ex_tax,published_pdl,,,2026-10,2026-10-01,kkr-zairyo-r8-10,35,https://www-2.kkr.mlit.go.jp/plan/jigyousya/technical_information/gijutsukanri/qgl8vl0000004zj9-att/2026_10tanka.pdf,PDL1.0,,近畿地整が独自調査で設定した単価(物価資料に載っていない地区・規格だけ)。消費税抜き。
20b458a59322d14f,JP,material,生コンクリート・モルタル,生コンクリート,早強 ４０－１２－２５（２０） [単位水量175以下W/C55以下],m3,bureau_area,24,三重県,三重 紀宝町他,,,47900,JPY,design_unit_price_ex_tax,published_pdl,,,2026-10,2026-10-01,kkr-zairyo-r8-10,35,https://www-2.kkr.mlit.go.jp/plan/jigyousya/technical_information/gijutsukanri/qgl8vl0000004zj9-att/2026_10tanka.pdf,PDL1.0,,近畿地整が独自調査で設定した単価(物価資料に載っていない地区・規格だけ)。消費税抜き。
89530877102694c0,JP,material,生コンクリート・モルタル,生コンクリート,高炉 ２４－１２－４０ [単位水量165以下W/C55以下],m3,bureau_area,24,三重県,三重 奥瀞地区,,,37900,JPY,design_unit_price_ex_tax,published_pdl,,,2026-10,2026-10-01,kkr-zairyo-r8-10,36,https://www-2.kkr.mlit.go.jp/plan/jigyousya/technical_information/gijutsukanri/qgl8vl0000004zj9-att/2026_10tanka.pdf,PDL1.0,95b61d3f217c,近畿地整が独自調査で設定した単価(物価資料に載っていない地区・規格だけ)。消費税抜き。
528c74e0b031ec96,JP,material,生コンクリート・モルタル,生コンクリート,高炉 ２４－１２－４０ [単位水量165以下W/C55以下],m3,bureau_area,21,岐阜県,岐阜 冠山峠地区その２,,,37800,JPY,design_unit_price_ex_tax,published_pdl,,,2026-10,2026-10-01,kkr-zairyo-r8-10,36,https://www-2.kkr.mlit.go.jp/plan/jigyousya/technical_information/gijutsukanri/qgl8vl0000004zj9-att/2026_10tanka.pdf,PDL1.0,95b61d3f217c,近畿地整が独自調査で設定した単価(物価資料に載っていない地区・規格だけ)。消費税抜き。
3cfb413d04c8a5e6,JP,material,生コンクリート・モルタル,生コンクリート,高炉 ３０－１２－２５（２０） [単位水量175以下W/C55以下],m3,bureau_area,24,三重県,三重 奥瀞地区,,,39900,JPY,design_unit_price_ex_tax,published_pdl,,,2026-10,2026-10-01,kkr-zairyo-r8-10,36,https://www-2.kkr.mlit.go.jp/plan/jigyousya/technical_information/gijutsukanri/qgl8vl0000004zj9-att/2026_10tanka.pdf,PDL1.0,,近畿地整が独自調査で設定した単価(物価資料に載っていない地区・規格だけ)。消費税抜き。
6d4576e2165a538e,JP,material,生コンクリート・モルタル,生コンクリート,高炉 ３０－１２－２５（２０） [単位水量175以下W/C55以下],m3,bureau_area,21,岐阜県,岐阜 冠山峠地区その２,,,38700,JPY,design_unit_price_ex_tax,published_pdl,,,2026-10,2026-10-01,kkr-zairyo-r8-10,36,https://www-2.kkr.mlit.go.jp/plan/jigyousya/technical_information/gijutsukanri/qgl8vl0000004zj9-att/2026_10tanka.pdf,PDL1.0,,近畿地整が独自調査で設定した単価(物価資料に載っていない地区・規格だけ)。消費税抜き。
16ef8625bfe331e1,JP,material,生コンクリート・モルタル,生コンクリート,高炉 ３６－１２－２５（２０） [単位水量175以下W/C55以下],m3,bureau_area,24,三重県,三重 奥瀞地区,,,41900,JPY,design_unit_price_ex_tax,published_pdl,,,2026-10,2026-10-01,kkr-zairyo-r8-10,36,https://www-2.kkr.mlit.go.jp/plan/jigyousya/technical_information/gijutsukanri/qgl8vl0000004zj9-att/2026_10tanka.pdf,PDL1.0,,近畿地整が独自調査で設定した単価(物価資料に載っていない地区・規格だけ)。消費税抜き。
49899e7ee31cd0e2,JP,material,生コンクリート・モルタル,生コンクリート,高炉 ３６－１２－２５（２０） [単位水量175以下W/C55以下],m3,bureau_area,21,岐阜県,岐阜 冠山峠地区その２,,,39500,JPY,design_unit_price_ex_tax,published_pdl,,,2026-10,2026-10-01,kkr-zairyo-r8-10,36,https://www-2.kkr.mlit.go.jp/plan/jigyousya/technical_information/gijutsukanri/qgl8vl0000004zj9-att/2026_10tanka.pdf,PDL1.0,,近畿地整が独自調査で設定した単価(物価資料に載っていない地区・規格だけ)。消費税抜き。
0f9398bbf320311f,JP,material,生コンクリート・モルタル,生コンクリート,早強 ２１－８－２５（２０） [単位水量175以下W/C60以下],m3,bureau_area,24,三重県,三重 奥瀞地区,,,41900,JPY,design_unit_price_ex_tax,published_pdl,,,2026-10,2026-10-01,kkr-zairyo-r8-10,36,https://www-2.kkr.mlit.go.jp/plan/jigyousya/technical_information/gijutsukanri/qgl8vl0000004zj9-att/2026_10tanka.pdf,PDL1.0,f6a76bb1f548,近畿地整が独自調査で設定した単価(物価資料に載っていない地区・規格だけ)。消費税抜き。
56738029b369ce5b,JP,material,生コンクリート・モルタル,生コンクリート,早強 ２１－８－２５（２０） [単位水量175以下W/C60以下],m3,bureau_area,21,岐阜県,岐阜 冠山峠地区その２,,,38400,JPY,design_unit_price_ex_tax,published_pdl,,,2026-10,2026-10-01,kkr-zairyo-r8-10,36,https://www-2.kkr.mlit.go.jp/plan/jigyousya/technical_information/gijutsukanri/qgl8vl0000004zj9-att/2026_10tanka.pdf,PDL1.0,f6a76bb1f548,近畿地整が独自調査で設定した単価(物価資料に載っていない地区・規格だけ)。消費税抜き。
1025efe3affbaaac,JP,material,生コンクリート・モルタル,生コンクリート,早強 ２４－８－２５（２０） [単位水量175以下W/C55以下],m3,bureau_area,24,三重県,三重 奥瀞地区,,,42900,JPY,design_unit_price_ex_tax,published_pdl,,,2026-10,2026-10-01,kkr-zairyo-r8-10,36,https://www-2.kkr.mlit.go.jp/plan/jigyousya/technical_information/gijutsukanri/qgl8vl0000004zj9-att/2026_10tanka.pdf,PDL1.0,6bb79f67639f,近畿地整が独自調査で設定した単価(物価資料に載っていない地区・規格だけ)。消費税抜き。
2bf920043fb93553,JP,material,生コンクリート・モルタル,生コンクリート,早強 ２４－８－２５（２０） [単位水量175以下W/C55以下],m3,bureau_area,21,岐阜県,岐阜 冠山峠地区その２,,,38850,JPY,design_unit_price_ex_tax,published_pdl,,,2026-10,2026-10-01,kkr-zairyo-r8-10,36,https://www-2.kkr.mlit.go.jp/plan/jigyousya/technical_information/gijutsukanri/qgl8vl0000004zj9-att/2026_10tanka.pdf,PDL1.0,6bb79f67639f,近畿地整が独自調査で設定した単価(物価資料に載っていない地区・規格だけ)。消費税抜き。
2de5a55b49e5e035,JP,material,生コンクリート・モルタル,生コンクリート,早強 ３０－８－２５（２０） [単位水量175以下W/C55以下],m3,bureau_area,24,三重県,三重 奥瀞地区,,,44900,JPY,design_unit_price_ex_tax,published_pdl,,,2026-10,2026-10-01,kkr-zairyo-r8-10,36,https://www-2.kkr.mlit.go.jp/plan/jigyousya/technical_information/gijutsukanri/qgl8vl0000004zj9-att/2026_10tanka.pdf,PDL1.0,26f5b9bc02b5,近畿地整が独自調査で設定した単価(物価資料に載っていない地区・規格だけ)。消費税抜き。
6bdaa940dd52dd00,JP,material,生コンクリート・モルタル,生コンクリート,早強 ３０－８－２５（２０） [単位水量175以下W/C55以下],m3,bureau_area,21,岐阜県,岐阜 冠山峠地区その２,,,39900,JPY,design_unit_price_ex_tax,published_pdl,,,2026-10,2026-10-01,kkr-zairyo-r8-10,36,https://www-2.kkr.mlit.go.jp/plan/jigyousya/technical_information/gijutsukanri/qgl8vl0000004zj9-att/2026_10tanka.pdf,PDL1.0,26f5b9bc02b5,近畿地整が独自調査で設定した単価(物価資料に載っていない地区・規格だけ)。消費税抜き。
362d0abd36a7dd8d,JP,material,生コンクリート・モルタル,生コンクリート,早強 ３６－８－２５（２０） [単位水量175以下W/C55以下],m3,bureau_area,24,三重県,三重 奥瀞地区,,,46900,JPY,design_unit_price_ex_tax,published_pdl,,,2026-10,2026-10-01,kkr-zairyo-r8-10,36,https://www-2.kkr.mlit.go.jp/plan/jigyousya/technical_information/gijutsukanri/qgl8vl0000004zj9-att/2026_10tanka.pdf,PDL1.0,a57503261f32,近畿地整が独自調査で設定した単価(物価資料に載っていない地区・規格だけ)。消費税抜き。
30181f81d2703565,JP,material,生コンクリート・モルタル,生コンクリート,早強 ３６－８－２５（２０） [単位水量175以下W/C55以下],m3,bureau_area,21,岐阜県,岐阜 冠山峠地区その２,,,41000,JPY,design_unit_price_ex_tax,published_pdl,,,2026-10,2026-10-01,kkr-zairyo-r8-10,36,https://www-2.kkr.mlit.go.jp/plan/jigyousya/technical_information/gijutsukanri/qgl8vl0000004zj9-att/2026_10tanka.pdf,PDL1.0,a57503261f32,近畿地整が独自調査で設定した単価(物価資料に載っていない地区・規格だけ)。消費税抜き。
24efd63b34c98f95,JP,material,生コンクリート・モルタル,生コンクリート,早強 ４０－８－２５（２０） [単位水量175以下W/C55以下],m3,bureau_area,24,三重県,三重 奥瀞地区,,,47900,JPY,design_unit_price_ex_tax,published_pdl,,,2026-10,2026-10-01,kkr-zairyo-r8-10,36,https://www-2.kkr.mlit.go.jp/plan/jigyousya/technical_information/gijutsukanri/qgl8vl0000004zj9-att/2026_10tanka.pdf,PDL1.0,37480063f114,近畿地整が独自調査で設定した単価(物価資料に載っていない地区・規格だけ)。消費税抜き。
16bc30e48d9ae389,JP,material,生コンクリート・モルタル,生コンクリート,早強 ４０－８－２５（２０） [単位水量175以下W/C55以下],m3,bureau_area,21,岐阜県,岐阜 冠山峠地区その２,,,41550,JPY,design_unit_price_ex_tax,published_pdl,,,2026-10,2026-10-01,kkr-zairyo-r8-10,36,https://www-2.kkr.mlit.go.jp/plan/jigyousya/technical_information/gijutsukanri/qgl8vl0000004zj9-att/2026_10tanka.pdf,PDL1.0,37480063f114,近畿地整が独自調査で設定した単価(物価資料に載っていない地区・規格だけ)。消費税抜き。
e79e99f44c0b1b2c,JP,material,生コンクリート・モルタル,生コンクリート,早強 ２４－１２－２５（２０） [単位水量175以下W/C55以下],m3,bureau_area,24,三重県,三重 奥瀞地区,,,42900,JPY,design_unit_price_ex_tax,published_pdl,,,2026-10,2026-10-01,kkr-zairyo-r8-10,36,https://www-2.kkr.mlit.go.jp/plan/jigyousya/technical_information/gijutsukanri/qgl8vl0000004zj9-att/2026_10tanka.pdf,PDL1.0,,近畿地整が独自調査で設定した単価(物価資料に載っていない地区・規格だけ)。消費税抜き。
2b0e617d33e4bf5e,JP,material,生コンクリート・モルタル,生コンクリート,早強 ２４－１２－２５（２０） [単位水量175以下W/C55以下],m3,bureau_area,21,岐阜県,岐阜 冠山峠地区その２,,,38850,JPY,design_unit_price_ex_tax,published_pdl,,,2026-10,2026-10-01,kkr-zairyo-r8-10,36,https://www-2.kkr.mlit.go.jp/plan/jigyousya/technical_information/gijutsukanri/qgl8vl0000004zj9-att/2026_10tanka.pdf,PDL1.0,,近畿地整が独自調査で設定した単価(物価資料に載っていない地区・規格だけ)。消費税抜き。
f6fc8857ec2dbe9a,JP,material,生コンクリート・モルタル,生コンクリート,早強 ２４－１２－４０ [単位水量165以下W/C55以下],m3,bureau_area,24,三重県,三重 奥瀞地区,,,42900,JPY,design_unit_price_ex_tax,published_pdl,,,2026-10,2026-10-01,kkr-zairyo-r8-10,36,https://www-2.kkr.mlit.go.jp/plan/jigyousya/technical_information/gijutsukanri/qgl8vl0000004zj9-att/2026_10tanka.pdf,PDL1.0,,近畿地整が独自調査で設定した単価(物価資料に載っていない地区・規格だけ)。消費税抜き。
93579aa02ed7adb8,JP,material,生コンクリート・モルタル,生コンクリート,早強 ２４－１２－４０ [単位水量165以下W/C55以下],m3,bureau_area,21,岐阜県,岐阜 冠山峠地区その２,,,38850,JPY,design_unit_price_ex_tax,published_pdl,,,2026-10,2026-10-01,kkr-zairyo-r8-10,36,https://www-2.kkr.mlit.go.jp/plan/jigyousya/technical_information/gijutsukanri/qgl8vl0000004zj9-att/2026_10tanka.pdf,PDL1.0,,近畿地整が独自調査で設定した単価(物価資料に載っていない地区・規格だけ)。消費税抜き。
cba3bfab430e82e1,JP,material,生コンクリート・モルタル,生コンクリート,早強 ３０－１２－２５（２０） [単位水量175以下W/C55以下],m3,bureau_area,24,三重県,三重 奥瀞地区,,,44900,JPY,design_unit_price_ex_tax,published_pdl,,,2026-10,2026-10-01,kkr-zairyo-r8-10,36,https://www-2.kkr.mlit.go.jp/plan/jigyousya/technical_information/gijutsukanri/qgl8vl0000004zj9-att/2026_10tanka.pdf,PDL1.0,,近畿地整が独自調査で設定した単価(物価資料に載っていない地区・規格だけ)。消費税抜き。
f86ad3675871ac5d,JP,material,生コンクリート・モルタル,生コンクリート,早強 ３０－１２－２５（２０） [単位水量175以下W/C55以下],m3,bureau_area,21,岐阜県,岐阜 冠山峠地区その２,,,39900,JPY,design_unit_price_ex_tax,published_pdl,,,2026-10,2026-10-01,kkr-zairyo-r8-10,36,https://www-2.kkr.mlit.go.jp/plan/jigyousya/technical_information/gijutsukanri/qgl8vl0000004zj9-att/2026_10tanka.pdf,PDL1.0,,近畿地整が独自調査で設定した単価(物価資料に載っていない地区・規格だけ)。消費税抜き。
59ea61d29c232161,JP,material,生コンクリート・モルタル,生コンクリート,早強 ３６－１２－２５（２０） [単位水量175以下W/C55以下],m3,bureau_area,24,三重県,三重 奥瀞地区,,,46900,JPY,design_unit_price_ex_tax,published_pdl,,,2026-10,2026-10-01,kkr-zairyo-r8-10,36,https://www-2.kkr.mlit.go.jp/plan/jigyousya/technical_information/gijutsukanri/qgl8vl0000004zj9-att/2026_10tanka.pdf,PDL1.0,,近畿地整が独自調査で設定した単価(物価資料に載っていない地区・規格だけ)。消費税抜き。
eafd4880fdac6121,JP,material,生コンクリート・モルタル,生コンクリート,早強 ３６－１２－２５（２０） [単位水量175以下W/C55以下],m3,bureau_area,21,岐阜県,岐阜 冠山峠地区その２,,,41000,JPY,design_unit_price_ex_tax,published_pdl,,,2026-10,2026-10-01,kkr-zairyo-r8-10,36,https://www-2.kkr.mlit.go.jp/plan/jigyousya/technical_information/gijutsukanri/qgl8vl0000004zj9-att/2026_10tanka.pdf,PDL1.0,,近畿地整が独自調査で設定した単価(物価資料に載っていない地区・規格だけ)。消費税抜き。
1ee00fcda006bd2e,JP,material,生コンクリート・モルタル,生コンクリート,早強 ４０－１２－２５（２０） [単位水量175以下W/C55以下],m3,bureau_area,24,三重県,三重 奥瀞地区,,,47900,JPY,design_unit_price_ex_tax,published_pdl,,,2026-10,2026-10-01,kkr-zairyo-r8-10,36,https://www-2.kkr.mlit.go.jp/plan/jigyousya/technical_information/gijutsukanri/qgl8vl0000004zj9-att/2026_10tanka.pdf,PDL1.0,,近畿地整が独自調査で設定した単価(物価資料に載っていない地区・規格だけ)。消費税抜き。
9a1cf23394d94a6d,JP,material,生コンクリート・モルタル,生コンクリート,早強 ４０－１２－２５（２０） [単位水量175以下W/C55以下],m3,bureau_area,21,岐阜県,岐阜 冠山峠地区その２,,,41550,JPY,design_unit_price_ex_tax,published_pdl,,,2026-10,2026-10-01,kkr-zairyo-r8-10,36,https://www-2.kkr.mlit.go.jp/plan/jigyousya/technical_information/gijutsukanri/qgl8vl0000004zj9-att/2026_10tanka.pdf,PDL1.0,,近畿地整が独自調査で設定した単価(物価資料に載っていない地区・規格だけ)。消費税抜き。
