category,item_name,spec,unit,area_label,area_code,price_2026_09,price_2026_10,change,change_pct,obs_id_2026_09,obs_id_2026_10,page_09,page_10
骨材,コンクリート用骨材 砕石,１５～５ｍｍ,m3,福井 池田町他,11,4650,5150,500,10.75,1870c3c1371c458e,cb7a9ac025f28281,38,38
骨材,コンクリート用骨材 砕砂,,m3,福井 池田町他,11,5000,5500,500,10.0,a8f4ff995a9ac554,1fe1a8afdb93b519,38,38
骨材,コンクリート用骨材 砂利,２５ｍｍ（洗い）,m3,福井 大野市 / 旧和泉村,12,6800,7300,500,7.35,ee375304746022ed,ec6e73825fd05467,38,38
骨材,コンクリート用骨材 砂利,４０ｍｍ（洗い）,m3,福井 大野市 / 旧和泉村,12,6800,7300,500,7.35,b465d306603460e2,44d2d2c064860902,38,38
骨材,コンクリート用骨材 砂,洗い 荒目,m3,福井 大野市 / 旧和泉村,12,8300,8800,500,6.02,2f716bc4edb1114d,f87e5d90a1fef097,38,38
骨材,コンクリート用骨材 砂,洗い 細目,m3,福井 大野市 / 旧和泉村,12,7300,7800,500,6.85,dc226fbb27197683,59132bc6aaca022f,38,38
骨材,コンクリート用骨材 砕石,２０～５ｍｍ,m3,福井 大野市 / 旧和泉村,12,6800,7300,500,7.35,57063fbfaa5ec377,78e5e7372fa2c393,38,38
骨材,コンクリート用骨材 砕石,１５～５ｍｍ,m3,福井 冠山峠地区,13,6750,7250,500,7.41,ad0aaec594bd48fb,62b12989942f4d4c,38,38
骨材,コンクリート用骨材 砕砂,,m3,福井 冠山峠地区,13,7100,7600,500,7.04,407ca7f8d2d257b7,e8bcb7c293aa7619,38,38
骨材,コンクリート用骨材 砂利,２５ｍｍ（洗い）,m3,奈良 竹筒,68,8500,11300,2800,32.94,60d5691d37e0e8b1,e4df04d8ffc03a4b,42,42
骨材,コンクリート用骨材 砂利,４０ｍｍ（洗い）,m3,奈良 竹筒,68,8500,11300,2800,32.94,8035577ef2a1c38b,73ec0a81c1455953,42,42
骨材,コンクリート用骨材 砂,洗い 荒目,m3,奈良 竹筒,68,8800,11600,2800,31.82,8212dbf505f04755,333b1d8a783dbc9d,42,42
骨材,コンクリート用骨材 砂,洗い 細目,m3,奈良 竹筒,68,8800,,,,207a098d1b6e47bd,be7afd7004734580,42,42
骨材,クラッシャーラン,Ｃ－３０,m3,奈良 竹筒,68,5500,6500,1000,18.18,17ea182e3d31b584,10af43ab41b526d0,42,42
骨材,クラッシャーラン,Ｃ－４０,m3,奈良 竹筒,68,5500,6500,1000,18.18,a3eb8630b44f5a25,35aa58b0e3f80af2,42,42
骨材,粒度調整砕石,Ｍ－３０,m3,奈良 竹筒,68,5700,6700,1000,17.54,5f12a8852a5dcc45,268c824826056aa8,42,42
骨材,粒度調整砕石,Ｍ－４０,m3,奈良 竹筒,68,5700,6700,1000,17.54,cb518811c084b5a6,3c7b22ef38c18f8a,42,42
骨材,単粒度砕石,４号３０－２０ｍｍ,m3,奈良 竹筒,68,5700,6700,1000,17.54,1675ba0d7e13d54f,e7a153fc8045d157,42,42
骨材,単粒度砕石,５号２０－１３ｍｍ,m3,奈良 竹筒,68,5700,6700,1000,17.54,0437ce6f6df5229c,a29ff2f6c68f0f4a,42,42
骨材,単粒度砕石,６号１３－５ｍｍ,m3,奈良 竹筒,68,5700,6700,1000,17.54,bb51424ba24ef454,85cf274071733c33,42,42
骨材,単粒度砕石,７号５－２．５ｍｍ,m3,奈良 竹筒,68,5700,6700,1000,17.54,a058e0f5bea8239f,7d7580d266480c61,42,42
骨材,コンクリート用骨材 砂利,２５ｍｍ（洗い）,m3,和歌山 西牟婁郡他 / すさみ町,80,7700,8500,800,10.39,043f31b97a46b03f,0c08284b6331ba9d,44,44
骨材,コンクリート用骨材 砂利,４０ｍｍ（洗い）,m3,和歌山 西牟婁郡他 / すさみ町,80,7700,8500,800,10.39,88833474d42d95fb,64b39930e7f86e70,44,44
骨材,コンクリート用骨材 砂利,２５ｍｍ（洗い）,m3,和歌山 東牟婁郡 / 北山村,83,9700,11300,1600,16.49,d4f9755cd575e6a5,e7c3108131f23307,44,44
骨材,コンクリート用骨材 砂利,４０ｍｍ（洗い）,m3,和歌山 東牟婁郡 / 北山村,83,9700,11300,1600,16.49,bf9c95fb52455010,dffcdac57d2d861b,44,44
骨材,コンクリート用骨材 砂,洗い 荒目,m3,和歌山 東牟婁郡 / 北山村,83,10000,11600,1600,16.0,8de718b77667b09d,80337cf7c2193acd,44,44
骨材,コンクリート用骨材 砂,洗い 細目,m3,和歌山 東牟婁郡 / 北山村,83,10000,,,,428ed805cafcf48e,582e7dc44466920a,44,44
骨材,コンクリート用骨材 砂利,２５ｍｍ（洗い）,m3,和歌山 玉置口,84,9700,11300,1600,16.49,fc94bdece377239f,859a68909e757d37,44,44
骨材,コンクリート用骨材 砂利,４０ｍｍ（洗い）,m3,和歌山 玉置口,84,9700,11300,1600,16.49,783de3856f881e70,ce00b28360a1ead4,44,44
骨材,コンクリート用骨材 砂,洗い 荒目,m3,和歌山 玉置口,84,10000,11600,1600,16.0,a77302ad4aebdec9,f09bf2a6d28a82a6,44,44
骨材,コンクリート用骨材 砂,洗い 細目,m3,和歌山 玉置口,84,10000,,,,9f9b78e854ac9126,f9897be7e2cfa542,44,44
骨材,コンクリート用骨材 砂,洗い 細目,m3,三重 太郎生,92,6200,,,,bcea20b4477a169d,ed4a319e7e3a0f81,44,44
骨材,コンクリート用骨材 砂利,２５ｍｍ（洗い）,m3,三重 紀宝町他,93,9700,11300,1600,16.49,b9487692471d88b9,2ab59e98d5d37197,44,44
骨材,コンクリート用骨材 砂利,４０ｍｍ（洗い）,m3,三重 紀宝町他,93,9700,11300,1600,16.49,34ddcf0812ac274d,5060ffbdddb7b184,44,44
骨材,コンクリート用骨材 砂,洗い 荒目,m3,三重 紀宝町他,93,10000,11600,1600,16.0,d09f8a88c8b14eeb,cc34ab29e2f9203a,44,44
骨材,コンクリート用骨材 砂,洗い 細目,m3,三重 紀宝町他,93,10000,,,,534603098d33edbc,bab3e8ce3e7eeb4a,44,44
骨材,クラッシャーラン,Ｃ－３０,m3,三重 紀宝町他,93,9300,10900,1600,17.2,a457016cb3c753a8,faf956b08425d6e8,44,44
骨材,クラッシャーラン,Ｃ－４０,m3,三重 紀宝町他,93,9300,10900,1600,17.2,c68f3690265a3572,7e20a1dae9ae2bf5,44,44
骨材,粒度調整砕石,Ｍ－３０,m3,三重 紀宝町他,93,9500,11100,1600,16.84,c452023e46604b55,17622e1d4c0efb31,44,44
骨材,粒度調整砕石,Ｍ－４０,m3,三重 紀宝町他,93,9800,11100,1300,13.27,ccfe375e2a96a1ca,5c9f8f7109049965,44,44
骨材,単粒度砕石,４号３０－２０ｍｍ,m3,三重 紀宝町他,93,9400,11000,1600,17.02,2410b429618e3dcf,c6a2b60c909031e6,44,44
骨材,単粒度砕石,５号２０－１３ｍｍ,m3,三重 紀宝町他,93,9600,11200,1600,16.67,7ff6bca3aeed4c88,409c34a5d45d22ca,44,44
骨材,単粒度砕石,６号１３－５ｍｍ,m3,三重 紀宝町他,93,9600,11200,1600,16.67,44a9b89ade1a3d4d,e9903e4c0c2cacfa,44,44
骨材,単粒度砕石,７号５－２．５ｍｍ,m3,三重 紀宝町他,93,9600,11200,1600,16.67,56eb752025216e7e,d238cb1aed9f2006,44,44
骨材,コンクリート用骨材 砂利,２５ｍｍ（洗い）,m3,三重 奥瀞地区,94,9700,11300,1600,16.49,b985f6b06d9d3bd4,23e749d37f1cbcc6,45,45
骨材,コンクリート用骨材 砂利,４０ｍｍ（洗い）,m3,三重 奥瀞地区,94,9700,11300,1600,16.49,3f1978a1a34a11d6,d0966529e3f1ea3c,45,45
骨材,コンクリート用骨材 砂,洗い 荒目,m3,三重 奥瀞地区,94,10000,11600,1600,16.0,4f296aa14581f351,f0f1ffbbdbb90a56,45,45
骨材,コンクリート用骨材 砂,洗い 細目,m3,三重 奥瀞地区,94,10000,,,,37c7a3ff63a70139,43077a2d39994e73,45,45
アスファルト合材,改質アスファルト混合物,改質As 密粒 ＩＩ型（２０）DS5000,t,福井 敦賀市他,4,21700,22000,300,1.38,fc839966d2ceb901,b18c0d2ea32a971b,46,46
アスファルト合材,半たわみ性舗装用開粒度アスコン,（２０）ＡＳ量３．７％,t,福井 敦賀市他,4,19200,19500,300,1.56,5d23a57a66f2f40e,5f08bdc2ae0ed56c,46,46
アスファルト合材,改質アスファルト混合物,改質As 密粒 ＩＩ型（２０）DS3000,t,福井 敦賀市他,4,21700,22000,300,1.38,49884959e7ec3928,56f255ab242e2811,46,46
アスファルト合材,改質アスファルト混合物,改質As 粗粒 ＩＩ型（２０）DS5000,t,福井 敦賀市他,4,21300,21600,300,1.41,db007574f39200c2,0e888ceea576ea8d,46,46
アスファルト合材,再生加熱ＡＳ混合物（安定処理材）,再生ＡＳ安定処理２５,t,福井 敦賀市他,4,17800,18100,300,1.69,c083c8096204c6fd,ef168ff884386b1d,46,46
鋼材,ロックナット,Ｄ１９用,個,福井,01,660,910,250,37.88,44200a5db202db59,662750dd731382d2,65,65
鋼材,ロックナット,Ｄ２２用,個,福井,01,700,930,230,32.86,f99e83bc02b106de,0ea2b0a20bb9e8d5,65,65
鋼材,ロックナット,Ｄ２５用,個,福井,01,780,1040,260,33.33,59f60ad00fdc524c,939715e576cc1e7f,65,65
鋼材,ロックナット,Ｄ２９用,個,福井,01,940,1250,310,32.98,051772dc276a3629,52eba83f8549e012,65,65
鋼材,鋼矢板 開先加工費,ＩＩ・ＩＩＩ・ＩＶ [合ﾏｰｸ含む],箇所,福井,01,6800,8200,1400,20.59,afc39a763c5ee79b,e2296160be17e10d,65,65
鋼材,鋼矢板 開先加工費,ＶＬ・ＶＩＬ [合ﾏｰｸ含む],箇所,福井,01,8800,10600,1800,20.45,adde45ecde09989d,2a219fe5693af47f,65,65
鋼材,ロックナット,Ｄ１９用,個,滋賀,02,660,910,250,37.88,ed7bbd4e45fa1f9f,3b8331b31c58ddb3,65,65
鋼材,ロックナット,Ｄ２２用,個,滋賀,02,700,930,230,32.86,ecb237207ac8c134,f72d80d218bc7a23,65,65
鋼材,ロックナット,Ｄ２５用,個,滋賀,02,780,1040,260,33.33,46e8ab0c10ce9661,e695f35789721e6a,65,65
鋼材,ロックナット,Ｄ２９用,個,滋賀,02,940,1250,310,32.98,7979120e292b53c4,8fc68e8194987737,65,65
鋼材,鋼矢板 開先加工費,ＩＩ・ＩＩＩ・ＩＶ [合ﾏｰｸ含む],箇所,滋賀,02,6800,8200,1400,20.59,74c08387082b670d,ac29e240831e317f,65,65
鋼材,鋼矢板 開先加工費,ＶＬ・ＶＩＬ [合ﾏｰｸ含む],箇所,滋賀,02,8800,10600,1800,20.45,c1c6f4526c296f30,db96b0d56e041957,65,65
鋼材,ロックナット,Ｄ１９用,個,京都北部,03,660,910,250,37.88,48b1485619aae9d6,13c5f507e8f62b79,65,65
鋼材,ロックナット,Ｄ２２用,個,京都北部,03,700,930,230,32.86,54bf93bc0a35e0ba,abb8cec4fb05cbdb,65,65
鋼材,ロックナット,Ｄ２５用,個,京都北部,03,780,1040,260,33.33,a839ebd14a9681ef,3a5ec975beed5dd3,65,65
鋼材,ロックナット,Ｄ２９用,個,京都北部,03,940,1250,310,32.98,2438b8cefce0086f,12e4def04f909328,65,65
鋼材,鋼矢板 開先加工費,ＩＩ・ＩＩＩ・ＩＶ [合ﾏｰｸ含む],箇所,京都北部,03,6800,8200,1400,20.59,83e7f2aab37fb250,45c4a93121fc8583,65,65
鋼材,鋼矢板 開先加工費,ＶＬ・ＶＩＬ [合ﾏｰｸ含む],箇所,京都北部,03,8800,10600,1800,20.45,d3f357532b5d9fd0,638bef938c3b3ea7,65,65
鋼材,ロックナット,Ｄ１９用,個,京都南部,04,660,910,250,37.88,e661017365768059,83ed973f9b39bf39,65,65
鋼材,ロックナット,Ｄ２２用,個,京都南部,04,700,930,230,32.86,03cfcfab181a5e50,6999e0afdb625e9a,65,65
鋼材,ロックナット,Ｄ２５用,個,京都南部,04,780,1040,260,33.33,dc4b49bc30ef0089,5261ebb07978f172,65,65
鋼材,ロックナット,Ｄ２９用,個,京都南部,04,940,1250,310,32.98,0904804303a84995,753b2bd69af27f5f,65,65
鋼材,鋼矢板 開先加工費,ＩＩ・ＩＩＩ・ＩＶ [合ﾏｰｸ含む],箇所,京都南部,04,6800,8200,1400,20.59,08142676eb077e75,8b24d4a55a3a5d52,65,65
鋼材,鋼矢板 開先加工費,ＶＬ・ＶＩＬ [合ﾏｰｸ含む],箇所,京都南部,04,8800,10600,1800,20.45,a6a1844288103610,557212778415d12f,65,65
鋼材,ロックナット,Ｄ１９用,個,大阪,05,660,910,250,37.88,66128431f9b26896,0bb601fbbdba03c9,65,65
鋼材,ロックナット,Ｄ２２用,個,大阪,05,700,930,230,32.86,2897ee746f14249c,5267539e14346932,65,65
鋼材,ロックナット,Ｄ２５用,個,大阪,05,780,1040,260,33.33,63294d6c4a41fdaf,8e2aaedb454c8f44,65,65
鋼材,ロックナット,Ｄ２９用,個,大阪,05,940,1250,310,32.98,3fb4f60312eec7be,ee5a9918e99231b3,65,65
鋼材,鋼矢板 開先加工費,ＩＩ・ＩＩＩ・ＩＶ [合ﾏｰｸ含む],箇所,大阪,05,6800,8200,1400,20.59,77b7931aed5a8eb2,406eebe89db360e6,65,65
鋼材,鋼矢板 開先加工費,ＶＬ・ＶＩＬ [合ﾏｰｸ含む],箇所,大阪,05,8800,10600,1800,20.45,ae2249fe9ab436b6,2f237b623de3c0eb,65,65
鋼材,ロックナット,Ｄ１９用,個,兵庫北部,06,660,910,250,37.88,a341a581fec632e7,a7b37c75bc165c80,65,65
鋼材,ロックナット,Ｄ２２用,個,兵庫北部,06,700,930,230,32.86,65ad93a55384c633,34a7e68226d27dcc,65,65
鋼材,ロックナット,Ｄ２５用,個,兵庫北部,06,780,1040,260,33.33,ab0bb595a39915e5,100553f498cdbd2c,65,65
鋼材,ロックナット,Ｄ２９用,個,兵庫北部,06,940,1250,310,32.98,7f1ca74cee416193,cf5443804f202717,65,65
鋼材,鋼矢板 開先加工費,ＩＩ・ＩＩＩ・ＩＶ [合ﾏｰｸ含む],箇所,兵庫北部,06,6800,8200,1400,20.59,b2ac1abe577b21ec,0b2edd1a07be0a3a,65,65
鋼材,鋼矢板 開先加工費,ＶＬ・ＶＩＬ [合ﾏｰｸ含む],箇所,兵庫北部,06,8800,10600,1800,20.45,66445a30f6e2da95,8e55d58c853416c7,65,65
鋼材,ロックナット,Ｄ１９用,個,兵庫西部,07,660,910,250,37.88,1c4289b1411e299c,ed7baadbdfed1590,65,65
鋼材,ロックナット,Ｄ２２用,個,兵庫西部,07,700,930,230,32.86,c977757f19928e02,e2802e970dac3d4d,65,65
鋼材,ロックナット,Ｄ２５用,個,兵庫西部,07,780,1040,260,33.33,690e1b649a42366c,2a437dda7d18946d,65,65
鋼材,ロックナット,Ｄ２９用,個,兵庫西部,07,940,1250,310,32.98,2bd8247466f81c86,d48081a7bd1165ea,65,65
鋼材,鋼矢板 開先加工費,ＩＩ・ＩＩＩ・ＩＶ [合ﾏｰｸ含む],箇所,兵庫西部,07,6800,8200,1400,20.59,d49e49af936fb494,f9eb4dd9f1e05c69,65,65
鋼材,鋼矢板 開先加工費,ＶＬ・ＶＩＬ [合ﾏｰｸ含む],箇所,兵庫西部,07,8800,10600,1800,20.45,778901e138d74816,73023626c0bfa245,65,65
鋼材,ロックナット,Ｄ１９用,個,兵庫,08,660,910,250,37.88,d39ab3cc35fec47b,3b8444e304afc33b,65,65
鋼材,ロックナット,Ｄ２２用,個,兵庫,08,700,930,230,32.86,af3dc5905b0d52c9,a93735132d0cd707,65,65
鋼材,ロックナット,Ｄ２５用,個,兵庫,08,780,1040,260,33.33,b7486b9411184883,deef075ecb44ae0a,65,65
鋼材,ロックナット,Ｄ２９用,個,兵庫,08,940,1250,310,32.98,86ed363a29cc14b0,b295395771e9cb5b,65,65
鋼材,鋼矢板 開先加工費,ＩＩ・ＩＩＩ・ＩＶ [合ﾏｰｸ含む],箇所,兵庫,08,6800,8200,1400,20.59,dc29edbedcfb3300,cd88865bebefbd81,65,65
鋼材,鋼矢板 開先加工費,ＶＬ・ＶＩＬ [合ﾏｰｸ含む],箇所,兵庫,08,8800,10600,1800,20.45,e063bcd2a17fb01f,26a7fa6c5a88ec98,65,65
鋼材,ロックナット,Ｄ１９用,個,奈良,09,660,910,250,37.88,f27b5d4f8bcda364,722c340b2da6ff81,65,65
鋼材,ロックナット,Ｄ２２用,個,奈良,09,700,930,230,32.86,d057ae53339fb832,a603b961c8616a65,65,65
鋼材,ロックナット,Ｄ２５用,個,奈良,09,780,1040,260,33.33,d885def68c19e21e,0d9190f255ec1c2f,65,65
鋼材,ロックナット,Ｄ２９用,個,奈良,09,940,1250,310,32.98,481f823d3b0ffb57,2b84917eb08e3d51,65,65
鋼材,鋼矢板 開先加工費,ＩＩ・ＩＩＩ・ＩＶ [合ﾏｰｸ含む],箇所,奈良,09,6800,8200,1400,20.59,3f86ac16d5edcb9b,2e30edceae9f8aa9,65,65
鋼材,鋼矢板 開先加工費,ＶＬ・ＶＩＬ [合ﾏｰｸ含む],箇所,奈良,09,8800,10600,1800,20.45,63d1a2c21905208a,01086e04a6e85e86,65,65
鋼材,ロックナット,Ｄ１９用,個,和歌山,10,660,910,250,37.88,474be56199ddbc20,80200aee2a3ab3c3,65,65
鋼材,ロックナット,Ｄ２２用,個,和歌山,10,700,930,230,32.86,62625466785eecc8,296705e025bbe51e,65,65
鋼材,ロックナット,Ｄ２５用,個,和歌山,10,780,1040,260,33.33,45eb759d8cb83fa2,5aac9d392b5a9c5f,65,65
鋼材,ロックナット,Ｄ２９用,個,和歌山,10,940,1250,310,32.98,0e2ff9dea0ea557a,3e90608db98de59e,65,65
鋼材,鋼矢板 開先加工費,ＩＩ・ＩＩＩ・ＩＶ [合ﾏｰｸ含む],箇所,和歌山,10,6800,8200,1400,20.59,fa9e57a110f61e36,76a1bf8d961d3193,65,65
鋼材,鋼矢板 開先加工費,ＶＬ・ＶＩＬ [合ﾏｰｸ含む],箇所,和歌山,10,8800,10600,1800,20.45,ac2f7d5d2b5c0c50,538a6041e4facb29,65,65
鋼材,ロックナット,Ｄ１９用,個,岐阜,11,660,910,250,37.88,bf7b844e46b2c5d5,3abd418f6bc608ca,65,65
鋼材,ロックナット,Ｄ２２用,個,岐阜,11,700,930,230,32.86,866799b39f79516c,c315947b7a8c6e93,65,65
鋼材,ロックナット,Ｄ２５用,個,岐阜,11,780,1040,260,33.33,0aaee901e182f5dd,30963d5b3ceed1e6,65,65
鋼材,ロックナット,Ｄ２９用,個,岐阜,11,940,1250,310,32.98,5e78f80707de82a3,532b2b959f7ca757,65,65
鋼材,鋼矢板 開先加工費,ＩＩ・ＩＩＩ・ＩＶ [合ﾏｰｸ含む],箇所,岐阜,11,6800,8200,1400,20.59,4436cb9698a737d2,5fee85cbd638a8b2,65,65
鋼材,鋼矢板 開先加工費,ＶＬ・ＶＩＬ [合ﾏｰｸ含む],箇所,岐阜,11,8800,10600,1800,20.45,c8d722ed763973f7,84256a926bdb0130,65,65
鋼材,ロックナット,Ｄ１９用,個,三重,12,660,910,250,37.88,3a853b887908fd98,372cb399c5f37a58,65,65
鋼材,ロックナット,Ｄ２２用,個,三重,12,700,930,230,32.86,9da6de8686384437,eaae3267e1d96933,65,65
鋼材,ロックナット,Ｄ２５用,個,三重,12,780,1040,260,33.33,316d0e1684bfb604,5959a2a9f107b388,65,65
鋼材,ロックナット,Ｄ２９用,個,三重,12,940,1250,310,32.98,da6aac486646607c,7e48ccb1d93967d3,65,65
鋼材,鋼矢板 開先加工費,ＩＩ・ＩＩＩ・ＩＶ [合ﾏｰｸ含む],箇所,三重,12,6800,8200,1400,20.59,4cf5a0a1154897d5,f4662004d52d42dc,65,65
鋼材,鋼矢板 開先加工費,ＶＬ・ＶＩＬ [合ﾏｰｸ含む],箇所,三重,12,8800,10600,1800,20.45,2e6f9993f1c9d7e6,18fd7ccce8780eb4,65,65
鉄鋼二次製品,異形鋼矢板加工費,（Ｔ字型）ＩＩＡ・ＩＩ・ＩＩＩ・ＩＶ型,m,福井,01,32000,35000,3000,9.38,8427095cb412124f,a0a2c020731a78c2,69,69
鉄鋼二次製品,異形鋼矢板加工費,（Ｔ字型）ＶＬ型 開先加工含む,m,福井,01,32000,35000,3000,9.38,de9c18ac5606bb24,ea1c770d786d2584,69,69
鉄鋼二次製品,異形鋼矢板加工費,（Ｔ字型）ＩＩｗ、ＩＩＩｗ、ＩＶｗ型,m,福井,01,32000,35000,3000,9.38,00cc4bc24602e438,7078c12809b88962,69,69
鉄鋼二次製品,異形鋼矢板加工費,（＋字型）ＩＩＡ・ＩＩ・ＩＩＩ・ＩＶ型,m,福井,01,64000,70000,6000,9.38,6079d8a156a80a85,b2361ef60fde0744,69,69
鉄鋼二次製品,異形鋼矢板加工費,（＋字型）ＶＬ型 開先加工含む,m,福井,01,64000,70000,6000,9.38,d37d5cb4089107d2,cde59dd7dbe05281,69,69
鉄鋼二次製品,異形鋼矢板加工費,（＋字型）ＩＩｗ、ＩＩＩｗ、ＩＶｗ型,m,福井,01,64000,70000,6000,9.38,f5bb46db117a18ed,832912f3e8dcf435,69,69
鉄鋼二次製品,異形鋼矢板加工費,（Ｔ字型）ＩＩＡ・ＩＩ・ＩＩＩ・ＩＶ型,m,滋賀,02,32000,35000,3000,9.38,57393db4b9c56bee,f5367cd95b4aaba6,69,69
鉄鋼二次製品,異形鋼矢板加工費,（Ｔ字型）ＶＬ型 開先加工含む,m,滋賀,02,32000,35000,3000,9.38,13acb42cb9b6374f,520812e371a8d239,69,69
鉄鋼二次製品,異形鋼矢板加工費,（Ｔ字型）ＩＩｗ、ＩＩＩｗ、ＩＶｗ型,m,滋賀,02,32000,35000,3000,9.38,8105dea0829f1172,a9e5ed31cddc5910,69,69
鉄鋼二次製品,異形鋼矢板加工費,（＋字型）ＩＩＡ・ＩＩ・ＩＩＩ・ＩＶ型,m,滋賀,02,64000,70000,6000,9.38,db030f884c01890c,7cd98cc457c5b8ca,69,69
鉄鋼二次製品,異形鋼矢板加工費,（＋字型）ＶＬ型 開先加工含む,m,滋賀,02,64000,70000,6000,9.38,98fc48d8c6b1fecc,c8b7f6938df5f6f2,69,69
鉄鋼二次製品,異形鋼矢板加工費,（＋字型）ＩＩｗ、ＩＩＩｗ、ＩＶｗ型,m,滋賀,02,64000,70000,6000,9.38,eb727b38558ece93,6e136559ca81a18c,69,69
鉄鋼二次製品,異形鋼矢板加工費,（Ｔ字型）ＩＩＡ・ＩＩ・ＩＩＩ・ＩＶ型,m,京都北部,03,32000,35000,3000,9.38,50df5d080b4012a4,6db65422741895cd,69,69
鉄鋼二次製品,異形鋼矢板加工費,（Ｔ字型）ＶＬ型 開先加工含む,m,京都北部,03,32000,35000,3000,9.38,9c2b3ee8bb32777f,ba21c216e6c43c12,69,69
鉄鋼二次製品,異形鋼矢板加工費,（Ｔ字型）ＩＩｗ、ＩＩＩｗ、ＩＶｗ型,m,京都北部,03,32000,35000,3000,9.38,fd6c636d27cf2265,552acc9643836a98,69,69
鉄鋼二次製品,異形鋼矢板加工費,（＋字型）ＩＩＡ・ＩＩ・ＩＩＩ・ＩＶ型,m,京都北部,03,64000,70000,6000,9.38,0ba67695acdfaacf,49ad102fdc3b294e,69,69
鉄鋼二次製品,異形鋼矢板加工費,（＋字型）ＶＬ型 開先加工含む,m,京都北部,03,64000,70000,6000,9.38,3673ffeb854cc347,52c1b8b0f1b89e2c,69,69
鉄鋼二次製品,異形鋼矢板加工費,（＋字型）ＩＩｗ、ＩＩＩｗ、ＩＶｗ型,m,京都北部,03,64000,70000,6000,9.38,0e00307f23b871c4,6496b4c44d808fc5,69,69
鉄鋼二次製品,異形鋼矢板加工費,（Ｔ字型）ＩＩＡ・ＩＩ・ＩＩＩ・ＩＶ型,m,京都南部,04,32000,35000,3000,9.38,7563d3001165dbbf,24104808215b4c3e,69,69
鉄鋼二次製品,異形鋼矢板加工費,（Ｔ字型）ＶＬ型 開先加工含む,m,京都南部,04,32000,35000,3000,9.38,d1c54ca4cd6e0a9c,6a331ec48deac770,69,69
鉄鋼二次製品,異形鋼矢板加工費,（Ｔ字型）ＩＩｗ、ＩＩＩｗ、ＩＶｗ型,m,京都南部,04,32000,35000,3000,9.38,6b9a28beab4254ca,0d0945cd64afca59,69,69
鉄鋼二次製品,異形鋼矢板加工費,（＋字型）ＩＩＡ・ＩＩ・ＩＩＩ・ＩＶ型,m,京都南部,04,64000,70000,6000,9.38,974db5ad0c009606,5b4d93de7b1f182e,69,69
鉄鋼二次製品,異形鋼矢板加工費,（＋字型）ＶＬ型 開先加工含む,m,京都南部,04,64000,70000,6000,9.38,9938a3c464663711,d75b7b8835f50aa6,69,69
鉄鋼二次製品,異形鋼矢板加工費,（＋字型）ＩＩｗ、ＩＩＩｗ、ＩＶｗ型,m,京都南部,04,64000,70000,6000,9.38,d0e674d143d07304,39e7d013f7912b22,69,69
鉄鋼二次製品,異形鋼矢板加工費,（Ｔ字型）ＩＩＡ・ＩＩ・ＩＩＩ・ＩＶ型,m,大阪,05,32000,35000,3000,9.38,8065decc6f79b945,f43d4d48828df996,69,69
鉄鋼二次製品,異形鋼矢板加工費,（Ｔ字型）ＶＬ型 開先加工含む,m,大阪,05,32000,35000,3000,9.38,0e46a900c3b483c1,a3b9bb7d1e1b45f8,69,69
鉄鋼二次製品,異形鋼矢板加工費,（Ｔ字型）ＩＩｗ、ＩＩＩｗ、ＩＶｗ型,m,大阪,05,32000,35000,3000,9.38,8b5aaba57f3167be,a1b0f93829552597,69,69
鉄鋼二次製品,異形鋼矢板加工費,（＋字型）ＩＩＡ・ＩＩ・ＩＩＩ・ＩＶ型,m,大阪,05,64000,70000,6000,9.38,656381ec8fd20c05,eec863e1736f1d12,69,69
鉄鋼二次製品,異形鋼矢板加工費,（＋字型）ＶＬ型 開先加工含む,m,大阪,05,64000,70000,6000,9.38,62c8270e26cfedb7,2fdcf6c673cf64f7,69,69
鉄鋼二次製品,異形鋼矢板加工費,（＋字型）ＩＩｗ、ＩＩＩｗ、ＩＶｗ型,m,大阪,05,64000,70000,6000,9.38,196ffa22418cc358,ece0d1711e6c2d50,69,69
鉄鋼二次製品,異形鋼矢板加工費,（Ｔ字型）ＩＩＡ・ＩＩ・ＩＩＩ・ＩＶ型,m,兵庫北部,06,32000,35000,3000,9.38,a3c4b30c2196e9fd,8cb720755f6789bf,69,69
鉄鋼二次製品,異形鋼矢板加工費,（Ｔ字型）ＶＬ型 開先加工含む,m,兵庫北部,06,32000,35000,3000,9.38,01d0b29356db6ee1,ba005301d8da04cb,69,69
鉄鋼二次製品,異形鋼矢板加工費,（Ｔ字型）ＩＩｗ、ＩＩＩｗ、ＩＶｗ型,m,兵庫北部,06,32000,35000,3000,9.38,6ab3c93c1c3dc817,70c8bfed98305afc,69,69
鉄鋼二次製品,異形鋼矢板加工費,（＋字型）ＩＩＡ・ＩＩ・ＩＩＩ・ＩＶ型,m,兵庫北部,06,64000,70000,6000,9.38,fe340b73b96f9e6c,a4a8bbcff4042cf6,69,69
鉄鋼二次製品,異形鋼矢板加工費,（＋字型）ＶＬ型 開先加工含む,m,兵庫北部,06,64000,70000,6000,9.38,63caf6a91bf57496,cde1bfee39a28ce2,69,69
鉄鋼二次製品,異形鋼矢板加工費,（＋字型）ＩＩｗ、ＩＩＩｗ、ＩＶｗ型,m,兵庫北部,06,64000,70000,6000,9.38,c5361a66f3af4919,ec602286cb64248d,69,69
鉄鋼二次製品,異形鋼矢板加工費,（Ｔ字型）ＩＩＡ・ＩＩ・ＩＩＩ・ＩＶ型,m,兵庫西部,07,32000,35000,3000,9.38,f3eec50c68d50475,e3b9c3c783656bfe,69,69
鉄鋼二次製品,異形鋼矢板加工費,（Ｔ字型）ＶＬ型 開先加工含む,m,兵庫西部,07,32000,35000,3000,9.38,eb002cc3581b6ff7,915473f1d99f9a02,69,69
鉄鋼二次製品,異形鋼矢板加工費,（Ｔ字型）ＩＩｗ、ＩＩＩｗ、ＩＶｗ型,m,兵庫西部,07,32000,35000,3000,9.38,6ccc007d00f08725,a35deb7f1a0df5e3,69,69
鉄鋼二次製品,異形鋼矢板加工費,（＋字型）ＩＩＡ・ＩＩ・ＩＩＩ・ＩＶ型,m,兵庫西部,07,64000,70000,6000,9.38,bd076344711779be,dbfc7a2560ec9fad,69,69
鉄鋼二次製品,異形鋼矢板加工費,（＋字型）ＶＬ型 開先加工含む,m,兵庫西部,07,64000,70000,6000,9.38,3c8ea4419c7e1115,2380f9fd7a87b794,69,69
鉄鋼二次製品,異形鋼矢板加工費,（＋字型）ＩＩｗ、ＩＩＩｗ、ＩＶｗ型,m,兵庫西部,07,64000,70000,6000,9.38,17691989da1dbe54,54cfe5a99bfb20d4,69,69
鉄鋼二次製品,異形鋼矢板加工費,（Ｔ字型）ＩＩＡ・ＩＩ・ＩＩＩ・ＩＶ型,m,兵庫,08,32000,35000,3000,9.38,580f63d51ce4f602,6f645e45bf06dbac,69,69
鉄鋼二次製品,異形鋼矢板加工費,（Ｔ字型）ＶＬ型 開先加工含む,m,兵庫,08,32000,35000,3000,9.38,9ca2c5a28c3dece9,4c39b0b698899f41,69,69
鉄鋼二次製品,異形鋼矢板加工費,（Ｔ字型）ＩＩｗ、ＩＩＩｗ、ＩＶｗ型,m,兵庫,08,32000,35000,3000,9.38,d9581aafbabc0d66,4714d317b431b348,69,69
鉄鋼二次製品,異形鋼矢板加工費,（＋字型）ＩＩＡ・ＩＩ・ＩＩＩ・ＩＶ型,m,兵庫,08,64000,70000,6000,9.38,0291425389f43a6c,2fb89f13e365d3b6,69,69
鉄鋼二次製品,異形鋼矢板加工費,（＋字型）ＶＬ型 開先加工含む,m,兵庫,08,64000,70000,6000,9.38,8e6e9fd9d117d424,f82df02517ea16cb,69,69
鉄鋼二次製品,異形鋼矢板加工費,（＋字型）ＩＩｗ、ＩＩＩｗ、ＩＶｗ型,m,兵庫,08,64000,70000,6000,9.38,d8dfa817dfac0bf8,77af63be75afdfe8,69,69
鉄鋼二次製品,異形鋼矢板加工費,（Ｔ字型）ＩＩＡ・ＩＩ・ＩＩＩ・ＩＶ型,m,奈良,09,32000,35000,3000,9.38,24ff96c0926b6f1f,e8639108289f73b7,69,69
鉄鋼二次製品,異形鋼矢板加工費,（Ｔ字型）ＶＬ型 開先加工含む,m,奈良,09,32000,35000,3000,9.38,599e04f9b7901590,00861955c5ce90ac,69,69
鉄鋼二次製品,異形鋼矢板加工費,（Ｔ字型）ＩＩｗ、ＩＩＩｗ、ＩＶｗ型,m,奈良,09,32000,35000,3000,9.38,bb5ab60dcd2660a4,ad9d56511834435a,69,69
鉄鋼二次製品,異形鋼矢板加工費,（＋字型）ＩＩＡ・ＩＩ・ＩＩＩ・ＩＶ型,m,奈良,09,64000,70000,6000,9.38,372d1b9a36c29bae,a45436541851cf39,69,69
鉄鋼二次製品,異形鋼矢板加工費,（＋字型）ＶＬ型 開先加工含む,m,奈良,09,64000,70000,6000,9.38,33a5fa5d2ff4b95b,ed9e0456de399699,69,69
鉄鋼二次製品,異形鋼矢板加工費,（＋字型）ＩＩｗ、ＩＩＩｗ、ＩＶｗ型,m,奈良,09,64000,70000,6000,9.38,6bb99407f66f6209,898c4015c316e427,69,69
鉄鋼二次製品,異形鋼矢板加工費,（Ｔ字型）ＩＩＡ・ＩＩ・ＩＩＩ・ＩＶ型,m,和歌山,10,32000,35000,3000,9.38,c5a78a01bb04011a,04d76a689b5efe12,69,69
鉄鋼二次製品,異形鋼矢板加工費,（Ｔ字型）ＶＬ型 開先加工含む,m,和歌山,10,32000,35000,3000,9.38,4fd21783cb00da9c,effd010dfeaf8fc1,69,69
鉄鋼二次製品,異形鋼矢板加工費,（Ｔ字型）ＩＩｗ、ＩＩＩｗ、ＩＶｗ型,m,和歌山,10,32000,35000,3000,9.38,d6e598b99fcd1f63,8357e92fdce5d268,69,69
鉄鋼二次製品,異形鋼矢板加工費,（＋字型）ＩＩＡ・ＩＩ・ＩＩＩ・ＩＶ型,m,和歌山,10,64000,70000,6000,9.38,e7c99c4855aa836e,e412fb770704f2c2,69,69
鉄鋼二次製品,異形鋼矢板加工費,（＋字型）ＶＬ型 開先加工含む,m,和歌山,10,64000,70000,6000,9.38,e978fde491c18c72,ee1422e69c0be786,69,69
鉄鋼二次製品,異形鋼矢板加工費,（＋字型）ＩＩｗ、ＩＩＩｗ、ＩＶｗ型,m,和歌山,10,64000,70000,6000,9.38,03ac620c0c2cd991,811b8802da442c7c,69,69
鉄鋼二次製品,異形鋼矢板加工費,（Ｔ字型）ＩＩＡ・ＩＩ・ＩＩＩ・ＩＶ型,m,岐阜,11,32000,35000,3000,9.38,34caf7629a0bae3f,c2c7147743048e6c,69,69
鉄鋼二次製品,異形鋼矢板加工費,（Ｔ字型）ＶＬ型 開先加工含む,m,岐阜,11,32000,35000,3000,9.38,bc312d12cdbae626,f750c60a1a7d6f96,69,69
鉄鋼二次製品,異形鋼矢板加工費,（Ｔ字型）ＩＩｗ、ＩＩＩｗ、ＩＶｗ型,m,岐阜,11,32000,35000,3000,9.38,355417b3a478a4d2,f66473ef1d06e9e9,69,69
鉄鋼二次製品,異形鋼矢板加工費,（＋字型）ＩＩＡ・ＩＩ・ＩＩＩ・ＩＶ型,m,岐阜,11,64000,70000,6000,9.38,01c6b158d947e287,ed538a31997964ad,69,69
鉄鋼二次製品,異形鋼矢板加工費,（＋字型）ＶＬ型 開先加工含む,m,岐阜,11,64000,70000,6000,9.38,495f7d305d9a3a97,035f2894029bb934,69,69
鉄鋼二次製品,異形鋼矢板加工費,（＋字型）ＩＩｗ、ＩＩＩｗ、ＩＶｗ型,m,岐阜,11,64000,70000,6000,9.38,1141544f72ffc67a,9297c99e5fba4f03,69,69
鉄鋼二次製品,異形鋼矢板加工費,（Ｔ字型）ＩＩＡ・ＩＩ・ＩＩＩ・ＩＶ型,m,三重,12,32000,35000,3000,9.38,316b7a2b0fdebff1,92035a878b57bbd4,69,69
鉄鋼二次製品,異形鋼矢板加工費,（Ｔ字型）ＶＬ型 開先加工含む,m,三重,12,32000,35000,3000,9.38,cf5ccd89c4db08d1,bc6ae0e1bf2e758d,69,69
鉄鋼二次製品,異形鋼矢板加工費,（Ｔ字型）ＩＩｗ、ＩＩＩｗ、ＩＶｗ型,m,三重,12,32000,35000,3000,9.38,ec928db3aa72cbf4,414a66f7f7b00791,69,69
鉄鋼二次製品,異形鋼矢板加工費,（＋字型）ＩＩＡ・ＩＩ・ＩＩＩ・ＩＶ型,m,三重,12,64000,70000,6000,9.38,4058cc41e22eae84,0928c4b9f83b6643,69,69
鉄鋼二次製品,異形鋼矢板加工費,（＋字型）ＶＬ型 開先加工含む,m,三重,12,64000,70000,6000,9.38,0a157df41e383038,b8d5499dedc859a0,69,69
鉄鋼二次製品,異形鋼矢板加工費,（＋字型）ＩＩｗ、ＩＩＩｗ、ＩＶｗ型,m,三重,12,64000,70000,6000,9.38,c15d9c000177a635,51dfe4d728749ca1,69,69
コンクリート製品,連節ブロック,大型 ２５～２６ｃｍ１．５～２．０個／ｍ２未満,m2,福井,01,11000,11600,600,5.45,168fb2edbce567d8,6fb9f26d118955ca,70,70
コンクリート製品,コンクリート基礎,３００×３００×３００,個,福井,01,1530,1580,50,3.27,ba056a29a65f2a77,eb16f075a1bb289a,70,70
コンクリート製品,コンクリート基礎,３００×３００×４００,個,福井,01,1960,2030,70,3.57,a19ac2676b5f428e,1b94d99bb734f2fe,70,70
コンクリート製品,コンクリート基礎,３００×３００×４５０,個,福井,01,2130,2250,120,5.63,775e885c383f2ac5,03b5af0edb998018,70,70
コンクリート製品,コンクリート基礎,３００×３００×５００,個,福井,01,2380,2390,10,0.42,1de19f257d3641f9,4d0f87ff7ae45ee3,70,70
コンクリート製品,コンクリート基礎,３００×３００×６００,個,福井,01,2450,2540,90,3.67,3b81bcebb0f112ee,4f5670516caa4865,70,70
コンクリート製品,コンクリート基礎,３００×５００×４００,個,福井,01,3950,4370,420,10.63,ce6e76fb7b4ef89f,d108610e054bfc6b,70,70
コンクリート製品,コンクリート基礎,３００×５００×４５０,個,福井,01,4230,4500,270,6.38,15dfed7bd02bce48,a2e54f3762d34a51,70,70
コンクリート製品,コンクリート基礎,３００×５００×５００,個,福井,01,4790,5270,480,10.02,2c48f88f2ec598cb,47888c8e0aae54ac,70,70
コンクリート製品,コンクリート基礎,４００×４００×４００,個,福井,01,3520,3800,280,7.95,fcfb8939fdec82a1,862426d26fcfb601,70,70
コンクリート製品,コンクリート基礎,４００×４００×５００,個,福井,01,4370,4650,280,6.41,53ceb7771f1e7b7a,b9a1ee21c24aacce,70,70
コンクリート製品,コンクリート基礎,４００×４００×６００,個,福井,01,5070,5490,420,8.28,cc7a10f309029d8e,db096106f7ad8326,70,70
コンクリート製品,コンクリート基礎,５００×５００×５００,個,福井,01,6970,7040,70,1.0,d6864772f310bf2d,cbfbc22d532b52fe,70,70
コンクリート製品,コンクリート基礎,５００×５００×６００,個,福井,01,8650,8870,220,2.54,d78c3a873290920f,7081ec1a7789acca,70,70
コンクリート製品,連節ブロック,大型 ２５～２６ｃｍ１．５～２．０個／ｍ２未満,m2,滋賀,02,11000,11600,600,5.45,7e03dedd3e45b3ed,f2e9f79b684eab8a,70,70
コンクリート製品,コンクリート基礎,３００×３００×３００,個,滋賀,02,1530,1580,50,3.27,e1b7e3e4130cb5ea,7ad16b603a1e9458,70,70
コンクリート製品,コンクリート基礎,３００×３００×４００,個,滋賀,02,1960,2030,70,3.57,68c0fad83f69348f,a270b0609db171a0,70,70
コンクリート製品,コンクリート基礎,３００×３００×４５０,個,滋賀,02,2130,2250,120,5.63,c4e64eb434e6b662,e3ac1d1beca90ce3,70,70
コンクリート製品,コンクリート基礎,３００×３００×５００,個,滋賀,02,2380,2390,10,0.42,a4a66250cbd42f33,e859d81c5c878fa2,70,70
コンクリート製品,コンクリート基礎,３００×３００×６００,個,滋賀,02,2450,2540,90,3.67,09b58d673871a1d3,963d93e99f6fee7a,70,70
コンクリート製品,コンクリート基礎,３００×５００×４００,個,滋賀,02,3950,4370,420,10.63,f78d0cc179b47dd1,bd8d40fa38a7f6eb,70,70
コンクリート製品,コンクリート基礎,３００×５００×４５０,個,滋賀,02,4230,4500,270,6.38,970b2b7c2f0837ab,accf0be6fa7dd7a5,70,70
コンクリート製品,コンクリート基礎,３００×５００×５００,個,滋賀,02,4790,5270,480,10.02,62aa7fd4e17a8374,943e2783993ff17c,70,70
コンクリート製品,コンクリート基礎,４００×４００×４００,個,滋賀,02,3520,3800,280,7.95,1bd780906d60c42a,7ce6b808769b5741,70,70
コンクリート製品,コンクリート基礎,４００×４００×５００,個,滋賀,02,4370,4650,280,6.41,c13fe3a006fb84df,87b6d887a0bb3ac8,70,70
コンクリート製品,コンクリート基礎,４００×４００×６００,個,滋賀,02,5070,5490,420,8.28,35b94b59f0c3cc15,3524ba29e9c739d3,70,70
コンクリート製品,コンクリート基礎,５００×５００×５００,個,滋賀,02,6970,7040,70,1.0,6615326b275278e8,c4c4772ae6c56135,70,70
コンクリート製品,コンクリート基礎,５００×５００×６００,個,滋賀,02,8650,8870,220,2.54,4d2cf3723b8cd703,622fe4ab60f2600c,70,70
コンクリート製品,連節ブロック,大型 ２５～２６ｃｍ１．５～２．０個／ｍ２未満,m2,京都北部,03,11000,11600,600,5.45,6ec5e269a6115a1f,a04f6a0a48275417,70,70
コンクリート製品,コンクリート基礎,３００×３００×３００,個,京都北部,03,1530,1580,50,3.27,1a826464cfcd0d46,d642ed49e6084232,70,70
コンクリート製品,コンクリート基礎,３００×３００×４００,個,京都北部,03,1960,2030,70,3.57,99116a4d4366cb6d,0cf7a85cc890ad8a,70,70
コンクリート製品,コンクリート基礎,３００×３００×４５０,個,京都北部,03,2130,2250,120,5.63,9e05543824608fa1,82b62a8902802fd1,70,70
コンクリート製品,コンクリート基礎,３００×３００×５００,個,京都北部,03,2380,2390,10,0.42,617b6055941dac3c,213d458c0a621ceb,70,70
コンクリート製品,コンクリート基礎,３００×３００×６００,個,京都北部,03,2450,2540,90,3.67,8dc05af15b12383a,dc4b2ee956f9c79e,70,70
コンクリート製品,コンクリート基礎,３００×５００×４００,個,京都北部,03,3950,4370,420,10.63,2329d730859c7465,3ae78c72fa4be72f,70,70
コンクリート製品,コンクリート基礎,３００×５００×４５０,個,京都北部,03,4230,4500,270,6.38,d81bcc0a35d553a1,083b52fc48d5d0fe,70,70
コンクリート製品,コンクリート基礎,３００×５００×５００,個,京都北部,03,4790,5270,480,10.02,f28b8a5576727fb0,769960e36a8f49e6,70,70
コンクリート製品,コンクリート基礎,４００×４００×４００,個,京都北部,03,3520,3800,280,7.95,b8795b9407bb7e39,ad1405d2e8ad4923,70,70
コンクリート製品,コンクリート基礎,４００×４００×５００,個,京都北部,03,4370,4650,280,6.41,444a4aa355dff201,ff5be06cb9396c72,70,70
コンクリート製品,コンクリート基礎,４００×４００×６００,個,京都北部,03,5070,5490,420,8.28,de2635646583b4e7,4fe9e34e9534e0a9,70,70
コンクリート製品,コンクリート基礎,５００×５００×５００,個,京都北部,03,6970,7040,70,1.0,eb62f489d43c7894,42737aa7c14b2975,70,70
コンクリート製品,コンクリート基礎,５００×５００×６００,個,京都北部,03,8650,8870,220,2.54,076469ee1c562ff8,405e2e560b6cd42a,70,70
コンクリート製品,コンクリート基礎,３００×３００×３００,個,京都南部,04,1530,1580,50,3.27,3ab39845c19d8c85,2f12f319cb44d7b3,70,70
コンクリート製品,コンクリート基礎,３００×３００×４００,個,京都南部,04,1960,2030,70,3.57,2f425bf012e77ac8,3e2391040636f129,70,70
コンクリート製品,コンクリート基礎,３００×３００×４５０,個,京都南部,04,2130,2250,120,5.63,c0c37c7e6ee9e33a,b1e91b2220f5704d,70,70
コンクリート製品,コンクリート基礎,３００×３００×５００,個,京都南部,04,2380,2390,10,0.42,6329b579ed01ef77,c16ebe90b583cb0b,70,70
コンクリート製品,コンクリート基礎,３００×３００×６００,個,京都南部,04,2450,2540,90,3.67,4c0c115d4e0de128,247d0ee764b7fb8e,70,70
コンクリート製品,コンクリート基礎,３００×５００×４００,個,京都南部,04,3950,4370,420,10.63,b19ebf18a019abec,341c585275918ea6,70,70
コンクリート製品,コンクリート基礎,３００×５００×４５０,個,京都南部,04,4230,4500,270,6.38,08b7caa457a49e8e,c8eb2c9abf6e7825,70,70
コンクリート製品,コンクリート基礎,３００×５００×５００,個,京都南部,04,4790,5270,480,10.02,f9ef3327c08d5f50,498f939610fffb47,70,70
コンクリート製品,コンクリート基礎,４００×４００×４００,個,京都南部,04,3520,3800,280,7.95,744160e0c0aede66,9aef097c4f3e23b7,70,70
コンクリート製品,コンクリート基礎,４００×４００×５００,個,京都南部,04,4370,4650,280,6.41,aaa7e2b43c0b390f,dbd22b21490ead21,70,70
コンクリート製品,コンクリート基礎,４００×４００×６００,個,京都南部,04,5070,5490,420,8.28,cff35144216d81f2,465a8796bc129a20,70,70
コンクリート製品,コンクリート基礎,５００×５００×５００,個,京都南部,04,6970,7040,70,1.0,bb514e0aac39bc43,86abd3865c36a0c4,70,70
コンクリート製品,コンクリート基礎,５００×５００×６００,個,京都南部,04,8650,8870,220,2.54,9d1b8dc86aad36eb,140f93e9761fc1c4,70,70
コンクリート製品,コンクリート基礎,３００×３００×３００,個,大阪,05,1530,1580,50,3.27,9b416d1cc3316be7,aa832ba3a4aefefc,70,70
コンクリート製品,コンクリート基礎,３００×３００×４００,個,大阪,05,1960,2030,70,3.57,336cef1777dcff82,6a0d4d3ca8c6511d,70,70
コンクリート製品,コンクリート基礎,３００×３００×４５０,個,大阪,05,2130,2250,120,5.63,677a62f3197e2590,447f4cf17d4223ec,70,70
コンクリート製品,コンクリート基礎,３００×３００×５００,個,大阪,05,2380,2390,10,0.42,8173883623b64858,dc06001cbdc98a0a,70,70
コンクリート製品,コンクリート基礎,３００×３００×６００,個,大阪,05,2450,2540,90,3.67,8035ee266a2ebbe1,1870df3daf3ba726,70,70
コンクリート製品,コンクリート基礎,３００×５００×４００,個,大阪,05,3950,4370,420,10.63,a74c0220cedde594,2d0140146bf32f75,70,70
コンクリート製品,コンクリート基礎,３００×５００×４５０,個,大阪,05,4230,4500,270,6.38,9c049eef3b9bc402,33277d4c21f1f570,70,70
コンクリート製品,コンクリート基礎,３００×５００×５００,個,大阪,05,4790,5270,480,10.02,d3425554150e0437,3e320e4fd2836e8c,70,70
コンクリート製品,コンクリート基礎,４００×４００×４００,個,大阪,05,3520,3800,280,7.95,00ba5a745fba932c,ec66dbc5771e0404,70,70
コンクリート製品,コンクリート基礎,４００×４００×５００,個,大阪,05,4370,4650,280,6.41,d51a7ca7af7f7c48,5bad4334889ce78a,70,70
コンクリート製品,コンクリート基礎,４００×４００×６００,個,大阪,05,5070,5490,420,8.28,b98f82b2136a1e51,ea4f1a35d58060c8,70,70
コンクリート製品,コンクリート基礎,５００×５００×５００,個,大阪,05,6970,7040,70,1.0,d8def26581622251,863b31e48ff3a645,70,70
コンクリート製品,コンクリート基礎,５００×５００×６００,個,大阪,05,8650,8870,220,2.54,e2fe4178e8654471,93442ec0e8911ef7,70,70
コンクリート製品,連節ブロック,大型 ２５～２６ｃｍ１．５～２．０個／ｍ２未満,m2,兵庫北部,06,11000,11600,600,5.45,51b598186545ae1c,eaf461871eafaad5,70,70
コンクリート製品,コンクリート基礎,３００×３００×３００,個,兵庫北部,06,1530,1580,50,3.27,1899864120c29fab,507657d3f6c7f2a9,70,70
コンクリート製品,コンクリート基礎,３００×３００×４００,個,兵庫北部,06,1960,2030,70,3.57,ed66f05911008f1d,698169560935d00d,70,70
コンクリート製品,コンクリート基礎,３００×３００×４５０,個,兵庫北部,06,2130,2250,120,5.63,fbfd8713b7495520,3821ca51b97d95c6,70,70
コンクリート製品,コンクリート基礎,３００×３００×５００,個,兵庫北部,06,2380,2390,10,0.42,00e67faa46b8ac82,a78ee70eb45f9404,70,70
コンクリート製品,コンクリート基礎,３００×３００×６００,個,兵庫北部,06,2450,2540,90,3.67,d334ba8a22dcc85a,9abb951aa447c152,70,70
コンクリート製品,コンクリート基礎,３００×５００×４００,個,兵庫北部,06,3950,4370,420,10.63,569737abb990388d,1ba2338411e26538,70,70
コンクリート製品,コンクリート基礎,３００×５００×４５０,個,兵庫北部,06,4230,4500,270,6.38,9c66a8424a38521e,46a931c5fdf5381f,70,70
コンクリート製品,コンクリート基礎,３００×５００×５００,個,兵庫北部,06,4790,5270,480,10.02,d1d93a77987931b5,a44402191545f980,70,70
コンクリート製品,コンクリート基礎,４００×４００×４００,個,兵庫北部,06,3520,3800,280,7.95,6fafcd6ef1243b65,ea7430a6858e383f,70,70
コンクリート製品,コンクリート基礎,４００×４００×５００,個,兵庫北部,06,4370,4650,280,6.41,a74dd18e2434398b,d666863b49e95792,70,70
コンクリート製品,コンクリート基礎,４００×４００×６００,個,兵庫北部,06,5070,5490,420,8.28,ea0a0d0b91ab9864,f831e78757007473,70,70
コンクリート製品,コンクリート基礎,５００×５００×５００,個,兵庫北部,06,6970,7040,70,1.0,1d3ede48add1f5d6,aef088c6c6fce986,70,70
コンクリート製品,コンクリート基礎,５００×５００×６００,個,兵庫北部,06,8650,8870,220,2.54,21305fbb2e83b0f0,8c4ca731dbe0bd73,70,70
コンクリート製品,連節ブロック,大型 ２５～２６ｃｍ１．５～２．０個／ｍ２未満,m2,兵庫西部,07,11000,11600,600,5.45,fc83e5f46835a9b3,550b8ac54072770e,70,70
コンクリート製品,コンクリート基礎,３００×３００×３００,個,兵庫西部,07,1530,1580,50,3.27,0ee21971fe530cd4,4644a41c53453c32,70,70
コンクリート製品,コンクリート基礎,３００×３００×４００,個,兵庫西部,07,1960,2030,70,3.57,1df4674643f832c2,902414a4adca7608,70,70
コンクリート製品,コンクリート基礎,３００×３００×４５０,個,兵庫西部,07,2130,2250,120,5.63,da27f532dc6fa046,8b5d0e281ec3dcea,70,70
コンクリート製品,コンクリート基礎,３００×３００×５００,個,兵庫西部,07,2380,2390,10,0.42,f487d325422fba5e,9de47bc271669907,70,70
コンクリート製品,コンクリート基礎,３００×３００×６００,個,兵庫西部,07,2450,2540,90,3.67,f83ce9d518285964,d22d03234443d5e3,70,70
コンクリート製品,コンクリート基礎,３００×５００×４００,個,兵庫西部,07,3950,4370,420,10.63,01d3ce7a30d16336,d05aeb29991ada19,70,70
コンクリート製品,コンクリート基礎,３００×５００×４５０,個,兵庫西部,07,4230,4500,270,6.38,6c2fd1d0ca8c105c,0144de911f640823,70,70
コンクリート製品,コンクリート基礎,３００×５００×５００,個,兵庫西部,07,4790,5270,480,10.02,15b988f2bc6bc21d,38fb02d6dfad4148,70,70
コンクリート製品,コンクリート基礎,４００×４００×４００,個,兵庫西部,07,3520,3800,280,7.95,f37efff23bbbc512,332eb6bc0a61a41c,70,70
コンクリート製品,コンクリート基礎,４００×４００×５００,個,兵庫西部,07,4370,4650,280,6.41,976b3aa2c87c8b00,67eb4235adbccb1f,70,70
コンクリート製品,コンクリート基礎,４００×４００×６００,個,兵庫西部,07,5070,5490,420,8.28,67377213e7911273,90ca4bbde4d1189c,70,70
コンクリート製品,コンクリート基礎,５００×５００×５００,個,兵庫西部,07,6970,7040,70,1.0,828730394f166746,d7024f7c5cd21c2a,70,70
コンクリート製品,コンクリート基礎,５００×５００×６００,個,兵庫西部,07,8650,8870,220,2.54,870f2f96e687841b,3acf227f9b904ec6,70,70
コンクリート製品,コンクリート基礎,３００×３００×３００,個,兵庫,08,1530,1580,50,3.27,7e99b1c2f016c58b,e175b92745fdf035,70,70
コンクリート製品,コンクリート基礎,３００×３００×４００,個,兵庫,08,1960,2030,70,3.57,12807340913fb386,a4465df11b70c1d9,70,70
コンクリート製品,コンクリート基礎,３００×３００×４５０,個,兵庫,08,2130,2250,120,5.63,67dc2c8b3422d9f5,d2d6800f93713877,70,70
コンクリート製品,コンクリート基礎,３００×３００×５００,個,兵庫,08,2380,2390,10,0.42,c6b140c5a2572130,c646b12451c4f498,70,70
コンクリート製品,コンクリート基礎,３００×３００×６００,個,兵庫,08,2450,2540,90,3.67,2e471eb8b6181c3c,6feecf787c8559cc,70,70
コンクリート製品,コンクリート基礎,３００×５００×４００,個,兵庫,08,3950,4370,420,10.63,225e79d8299243b0,f18c89dd81431497,70,70
コンクリート製品,コンクリート基礎,３００×５００×４５０,個,兵庫,08,4230,4500,270,6.38,e9453eb8ab2689f7,ff3429e7aace50a7,70,70
コンクリート製品,コンクリート基礎,３００×５００×５００,個,兵庫,08,4790,5270,480,10.02,3069968dea93349e,f8c9d13b4f197ea8,70,70
コンクリート製品,コンクリート基礎,４００×４００×４００,個,兵庫,08,3520,3800,280,7.95,b4bc38836f2cb216,2695414de1cff6f0,70,70
コンクリート製品,コンクリート基礎,４００×４００×５００,個,兵庫,08,4370,4650,280,6.41,e83234d3c7b17e86,4a35f197cf4639b8,70,70
コンクリート製品,コンクリート基礎,４００×４００×６００,個,兵庫,08,5070,5490,420,8.28,ba8356dda13d4b1a,98755c4480440ec5,70,70
コンクリート製品,コンクリート基礎,５００×５００×５００,個,兵庫,08,6970,7040,70,1.0,f4aca76f8fe06a17,b4da5a6f475a6fab,70,70
コンクリート製品,コンクリート基礎,５００×５００×６００,個,兵庫,08,8650,8870,220,2.54,6afe8609696efe86,d17fa1e2a811e28b,70,70
コンクリート製品,コンクリート基礎,３００×３００×３００,個,奈良,09,1530,1580,50,3.27,dcb1afc787183e4f,bd71f0f5490ae1d6,70,70
コンクリート製品,コンクリート基礎,３００×３００×４００,個,奈良,09,1960,2030,70,3.57,accdeba5bae9fdf0,29ad0f8e3c5366c7,70,70
コンクリート製品,コンクリート基礎,３００×３００×４５０,個,奈良,09,2130,2250,120,5.63,2d5906925bdf447e,34ab6400b8a2db8c,70,70
コンクリート製品,コンクリート基礎,３００×３００×５００,個,奈良,09,2380,2390,10,0.42,d849c71e21f1b371,16c146aa7eaa2bd8,70,70
コンクリート製品,コンクリート基礎,３００×３００×６００,個,奈良,09,2450,2540,90,3.67,b3633e66f062b803,c012a7230ef62ed4,70,70
コンクリート製品,コンクリート基礎,３００×５００×４００,個,奈良,09,3950,4370,420,10.63,68400923f8511796,ff54472a98da4811,70,70
コンクリート製品,コンクリート基礎,３００×５００×４５０,個,奈良,09,4230,4500,270,6.38,9c825cca6de45de5,bcd9713799113e45,70,70
コンクリート製品,コンクリート基礎,３００×５００×５００,個,奈良,09,4790,5270,480,10.02,fcbb7c0e7c6c7a30,18b4b5b2c5642ffd,70,70
コンクリート製品,コンクリート基礎,４００×４００×４００,個,奈良,09,3520,3800,280,7.95,c2ea832f7a4c482a,38aa653fe501609b,70,70
コンクリート製品,コンクリート基礎,４００×４００×５００,個,奈良,09,4370,4650,280,6.41,88ecc634a029aa14,cbd36ae3256f4ab3,70,70
コンクリート製品,コンクリート基礎,４００×４００×６００,個,奈良,09,5070,5490,420,8.28,1adac3f1470d55f5,cf72e5892f454644,70,70
コンクリート製品,コンクリート基礎,５００×５００×５００,個,奈良,09,6970,7040,70,1.0,da2b338de5b76f31,93d340ed8addf032,70,70
コンクリート製品,コンクリート基礎,５００×５００×６００,個,奈良,09,8650,8870,220,2.54,17e9a9a9e2d7dc73,47c60dbe59e7c7a0,70,70
コンクリート製品,コンクリート基礎,３００×３００×３００,個,和歌山,10,1530,1580,50,3.27,7447684f236f47e2,351ecdfac221c39a,70,70
コンクリート製品,コンクリート基礎,３００×３００×４００,個,和歌山,10,1960,2030,70,3.57,7aa8e4c9533eb336,f4597c232a7887fd,70,70
コンクリート製品,コンクリート基礎,３００×３００×４５０,個,和歌山,10,2130,2250,120,5.63,640cd088cf67ab27,a88f2dc3a144f9d6,70,70
コンクリート製品,コンクリート基礎,３００×３００×５００,個,和歌山,10,2380,2390,10,0.42,04db3097d81d5a8a,407b2cf803a228cc,70,70
コンクリート製品,コンクリート基礎,３００×３００×６００,個,和歌山,10,2450,2540,90,3.67,1b31d752d6a12e82,21ef9928d6599d9e,70,70
コンクリート製品,コンクリート基礎,３００×５００×４００,個,和歌山,10,3950,4370,420,10.63,66d36b9192fbbec8,7bc6e54680204152,70,70
コンクリート製品,コンクリート基礎,３００×５００×４５０,個,和歌山,10,4230,4500,270,6.38,0b30ddeb61f2473e,ae7384c7e1e16c65,70,70
コンクリート製品,コンクリート基礎,３００×５００×５００,個,和歌山,10,4790,5270,480,10.02,225770e9c71c6bef,de544a6d93101d7c,70,70
コンクリート製品,コンクリート基礎,４００×４００×４００,個,和歌山,10,3520,3800,280,7.95,d80acf23966d9962,df1940dd7f001da4,70,70
コンクリート製品,コンクリート基礎,４００×４００×５００,個,和歌山,10,4370,4650,280,6.41,f278c3943b206881,e12def25f36b8d70,70,70
コンクリート製品,コンクリート基礎,４００×４００×６００,個,和歌山,10,5070,5490,420,8.28,612595fbd3996c8d,665c794ac1411234,70,70
コンクリート製品,コンクリート基礎,５００×５００×５００,個,和歌山,10,6970,7040,70,1.0,6d3362e354b8a723,d158bec6417a4c2e,70,70
コンクリート製品,コンクリート基礎,５００×５００×６００,個,和歌山,10,8650,8870,220,2.54,b08fc94875c4fd6a,86f8bbe92aa8e052,70,70
コンクリート製品,連節ブロック,大型 ２５～２６ｃｍ１．５～２．０個／ｍ２未満,m2,岐阜,11,9680,10500,820,8.47,d49937b78247c536,cc777abc679d5409,70,70
コンクリート製品,連節ブロック,小型 ２５～２６ｃｍ ４０ｋｇ／個以上,m2,岐阜,11,11200,,,,a5fc1174e6a07b82,47116c4e8a4d35c8,70,70
コンクリート製品,コンクリート基礎,３００×３００×３００,個,岐阜,11,1530,1580,50,3.27,6f1b117e974ca870,de968828b9849ac4,70,70
コンクリート製品,コンクリート基礎,３００×３００×４００,個,岐阜,11,1960,2030,70,3.57,a3062c96aa70f261,496e32448052e908,70,70
コンクリート製品,コンクリート基礎,３００×３００×４５０,個,岐阜,11,2130,2250,120,5.63,eb1877d2d23e5010,e37447a346ae3996,70,70
コンクリート製品,コンクリート基礎,３００×３００×５００,個,岐阜,11,2380,2390,10,0.42,9256f1e6c952c864,f521859c73bfe1a9,70,70
コンクリート製品,コンクリート基礎,３００×３００×６００,個,岐阜,11,2450,2540,90,3.67,124101ade83faf66,7bd5d8a2fe5b927b,70,70
コンクリート製品,コンクリート基礎,３００×５００×４００,個,岐阜,11,3950,4370,420,10.63,11a4e5df8e23543b,8b4f99cb2a8d6994,70,70
コンクリート製品,コンクリート基礎,３００×５００×４５０,個,岐阜,11,4230,4500,270,6.38,47e55f5bbd51601c,f6ce08a8796194ea,70,70
コンクリート製品,コンクリート基礎,３００×５００×５００,個,岐阜,11,4790,5270,480,10.02,f935ee718743ecf6,5366c38aa854078c,70,70
コンクリート製品,コンクリート基礎,４００×４００×４００,個,岐阜,11,3520,3800,280,7.95,71e0abc1c83cd359,4de9dea9ac4ecae8,70,70
コンクリート製品,コンクリート基礎,４００×４００×５００,個,岐阜,11,4370,4650,280,6.41,94e9c64394299c67,7b1f7c1004366ff4,70,70
コンクリート製品,コンクリート基礎,４００×４００×６００,個,岐阜,11,5070,5490,420,8.28,cc065c561c4aa788,accfe4ccec1b9cbb,70,70
コンクリート製品,コンクリート基礎,５００×５００×５００,個,岐阜,11,6970,7040,70,1.0,8cbff5586cac41c6,9364c89531996491,70,70
コンクリート製品,コンクリート基礎,５００×５００×６００,個,岐阜,11,8650,8870,220,2.54,988b1ebc75d38d28,fe478637db29d0d6,70,70
コンクリート製品,連節ブロック,大型 ２５～２６ｃｍ１．５～２．０個／ｍ２未満,m2,三重,12,9680,10500,820,8.47,d5beade31cd0c945,4bf0d9e405ec1e64,70,70
コンクリート製品,連節ブロック,小型 ２５～２６ｃｍ ４０ｋｇ／個以上,m2,三重,12,11200,,,,42e32ae1ff3c0b0a,87987cb63f5d0999,70,70
コンクリート製品,コンクリート基礎,３００×３００×３００,個,三重,12,1530,1580,50,3.27,858c71fbbbd8fd9c,767d1ca0ebedb15f,70,70
コンクリート製品,コンクリート基礎,３００×３００×４００,個,三重,12,1960,2030,70,3.57,458dfb10c8d4f4e5,17bd5ec02af45386,70,70
コンクリート製品,コンクリート基礎,３００×３００×４５０,個,三重,12,2130,2250,120,5.63,480c4cdf11fa7d0d,db0f883d692d1be0,70,70
コンクリート製品,コンクリート基礎,３００×３００×５００,個,三重,12,2380,2390,10,0.42,6c9bcf91c399e8c6,48f71eb5dde39684,70,70
コンクリート製品,コンクリート基礎,３００×３００×６００,個,三重,12,2450,2540,90,3.67,c44a58dda09b562f,f8fcab46a39658c0,70,70
コンクリート製品,コンクリート基礎,３００×５００×４００,個,三重,12,3950,4370,420,10.63,132cc72557eec3b0,a703aef2a9b782e0,70,70
コンクリート製品,コンクリート基礎,３００×５００×４５０,個,三重,12,4230,4500,270,6.38,d284860a8cf97ca2,6b7642fc538463b4,70,70
コンクリート製品,コンクリート基礎,３００×５００×５００,個,三重,12,4790,5270,480,10.02,b3abc4747e049257,df0e6c0342441ffb,70,70
コンクリート製品,コンクリート基礎,４００×４００×４００,個,三重,12,3520,3800,280,7.95,db8e6bc4fa216613,099087f4da426437,70,70
コンクリート製品,コンクリート基礎,４００×４００×５００,個,三重,12,4370,4650,280,6.41,212f1568891d71e3,145d9916bb595af6,70,70
コンクリート製品,コンクリート基礎,４００×４００×６００,個,三重,12,5070,5490,420,8.28,de1e80aca0821e77,cc8d5d071e21ba04,70,70
コンクリート製品,コンクリート基礎,５００×５００×５００,個,三重,12,6970,7040,70,1.0,a4d7b2abe4f1fc19,d5ada7ed2deb0df1,70,70
コンクリート製品,コンクリート基礎,５００×５００×６００,個,三重,12,8650,8870,220,2.54,f791399db7af9756,d4c574048e0adb91,70,70
コンクリート製品,機器据付ブロック（ﾚｼﾞﾝｺﾝｸﾘｰﾄ製）,600×1000×100,個,大阪,05,92700,103000,10300,11.11,d4863a298d3fc5fa,4e09a4e6b9df6dcf,71,71
コンクリート製品,機器据付ブロック（ﾚｼﾞﾝｺﾝｸﾘｰﾄ製）,950×1000×100,個,大阪,05,113000,126000,13000,11.5,fe7e1d8650fdca94,4e7124181400276e,71,71
コンクリート製品,高さ調整ブロック（ﾚｼﾞﾝｺﾝｸﾘｰﾄ製）,600×1200×150,個,大阪,05,110000,123000,13000,11.82,395a5c05e05bcfdc,440893e580bc229a,71,71
コンクリート製品,高さ調整ブロック（ﾚｼﾞﾝｺﾝｸﾘｰﾄ製）,550×2000×100,個,大阪,05,115000,127000,12000,10.43,c63cbf0d5e4ecd6e,a3252147c7832571,71,71
コンクリート製品,首ブロック（ﾚｼﾞﾝｺﾝｸﾘｰﾄ製）,φ750×100,個,京都北部,03,74000,82300,8300,11.22,c1c65946d58689b4,d7e008e14f7a4f0a,72,72
コンクリート製品,首ブロック（ﾚｼﾞﾝｺﾝｸﾘｰﾄ製）,φ750×100,個,京都南部,04,74000,82300,8300,11.22,0d9bba4926c0bbdf,5c367d7cd33da618,72,72
コンクリート製品,首ブロック（ﾚｼﾞﾝｺﾝｸﾘｰﾄ製）,φ750×100,個,大阪,05,74000,82300,8300,11.22,cccc9e6d4dbd1f14,782bc13ff43df489,72,72
コンクリート製品,鉄筋コンクリートＬ形 Ｌ－１,Ｌ＝２０００ ５００Ａ×１５０,個,兵庫北部,06,19000,20900,1900,10.0,376048270ed1116b,06dbbd4aea11a911,72,72
コンクリート製品,鉄筋コンクリートＬ形 Ｌ－１,Ｌ＝２０００ ５００Ａ×２００,個,兵庫北部,06,27500,30300,2800,10.18,a53b906d5c65d3c0,800a50fcd495ddb9,72,72
コンクリート製品,鉄筋コンクリートＬ形 Ｌ－１,Ｌ＝２０００ ５００Ａ×２５０,個,兵庫北部,06,36000,39600,3600,10.0,e4ccf37f5bdd5493,8b1631388f00000c,72,72
コンクリート製品,鉄筋コンクリートＬ形 Ｌ－１,Ｌ＝２０００ ５００Ｂ×１５０,個,兵庫北部,06,21500,23600,2100,9.77,0ca4421c1406ed3b,1e3a22d25b2f897d,72,72
コンクリート製品,鉄筋コンクリートＬ形 Ｌ－１,Ｌ＝２０００ ５００Ｂ×２００,個,兵庫北部,06,30000,33000,3000,10.0,36939b1588a29714,e85e104adf2bea8e,72,72
コンクリート製品,鉄筋コンクリートＬ形 Ｌ－１,Ｌ＝２０００ ５００Ｂ×２５０,個,兵庫北部,06,38500,42400,3900,10.13,387237ae049f323a,bc5c09278d315659,72,72
コンクリート製品,鉄筋コンクリートＬ形 Ｌ－１,Ｌ＝２０００ ５００Ｃ×１５０,個,兵庫北部,06,24000,,,,93cb309851348cc7,e045e9e30b78e44c,72,72
コンクリート製品,鉄筋コンクリートＬ形 Ｌ－１,Ｌ＝２０００ ５００Ｃ×２００,個,兵庫北部,06,32500,,,,b1ebc7d88f2ed356,87b5d66718769436,72,72
コンクリート製品,鉄筋コンクリートＬ形 Ｌ－１,Ｌ＝２０００ ５００Ｃ×２５０,個,兵庫北部,06,41000,,,,7e5486d60d6d8ad9,848426a8ad6f824e,72,72
コンクリート製品,鉄筋コンクリートＵ形 Ｕ－１,Ｌ＝２０００ ３００×３００,個,兵庫北部,06,29200,32300,3100,10.62,e5c12440df475112,03985c3e7b7ed88f,72,72
コンクリート製品,鉄筋コンクリートＵ形 Ｕ－１,Ｌ＝２０００ ３００×４００,個,兵庫北部,06,35600,39300,3700,10.39,6afbe33ef849988e,121f328748abb17e,72,72
コンクリート製品,鉄筋コンクリートＵ形 Ｕ－１,Ｌ＝２０００ ３００×５００,個,兵庫北部,06,49000,54000,5000,10.2,e06dd1ffa3226512,0786bf5b5860ce98,72,72
コンクリート製品,鉄筋コンクリートＵ形 Ｕ－１,Ｌ＝２０００ ３００×６００,個,兵庫北部,06,58000,64000,6000,10.34,122877a4e01bfcd1,10155bfe7765ca0f,72,72
コンクリート製品,鉄筋コンクリートＵ形 Ｕ－１,Ｌ＝２０００ ４００×４００,個,兵庫北部,06,45000,49600,4600,10.22,0293d854437d55da,986cd470c682a4e0,72,72
コンクリート製品,鉄筋コンクリートＵ形 Ｕ－１,Ｌ＝２０００ ４００×５００,個,兵庫北部,06,50000,55200,5200,10.4,cd363190866f466a,d837ffdf87e8553d,72,72
コンクリート製品,鉄筋コンクリートＵ形 Ｕ－１,Ｌ＝２０００ ４００×６００,個,兵庫北部,06,59000,64900,5900,10.0,3dac26906c5f5cc9,a3189730a4c6e1cc,72,72
コンクリート製品,鉄筋コンクリートＵ形 Ｕ－１,Ｌ＝２０００ ５００×５００,個,兵庫北部,06,52000,57200,5200,10.0,1a54a048cedb62ec,b54983f6af93196a,72,72
コンクリート製品,鉄筋コンクリートＵ形 Ｕ－１,Ｌ＝２０００ ５００×６００,個,兵庫北部,06,60000,66000,6000,10.0,19c306764bd0ba48,a98a430d146548fc,72,72
コンクリート製品,鉄筋コンクリートＵ形 Ｕ－１,Ｌ＝２０００ ５００×７００,個,兵庫北部,06,69000,76000,7000,10.14,f551f2d503b66b11,d3fb31a84c4410fb,72,72
コンクリート製品,鉄筋コンクリートＬ形 Ｌ－１,Ｌ＝２０００ ５００Ａ×１５０,個,兵庫西部,07,19000,20900,1900,10.0,a261427a511e23e6,225f66650a944a4f,72,72
コンクリート製品,鉄筋コンクリートＬ形 Ｌ－１,Ｌ＝２０００ ５００Ａ×２００,個,兵庫西部,07,27500,30300,2800,10.18,790af35127e87809,1f1c46f78d67a320,72,72
コンクリート製品,鉄筋コンクリートＬ形 Ｌ－１,Ｌ＝２０００ ５００Ａ×２５０,個,兵庫西部,07,36000,39600,3600,10.0,b8cd3930bd6f938f,70288c9d4ff6efa3,72,72
コンクリート製品,鉄筋コンクリートＬ形 Ｌ－１,Ｌ＝２０００ ５００Ｂ×１５０,個,兵庫西部,07,21500,23600,2100,9.77,57db0b096d9d2487,6dd8fb1300ed9ef1,72,72
コンクリート製品,鉄筋コンクリートＬ形 Ｌ－１,Ｌ＝２０００ ５００Ｂ×２００,個,兵庫西部,07,30000,33000,3000,10.0,8a350db55fd9ac86,694e88f07537d9b3,72,72
コンクリート製品,鉄筋コンクリートＬ形 Ｌ－１,Ｌ＝２０００ ５００Ｂ×２５０,個,兵庫西部,07,38500,42400,3900,10.13,355b8db305d0954f,d0d7c261ba950179,72,72
コンクリート製品,鉄筋コンクリートＬ形 Ｌ－１,Ｌ＝２０００ ５００Ｃ×１５０,個,兵庫西部,07,24000,,,,8c0dfdc2c1eff6a8,ce29aef70bb0bd6b,72,72
コンクリート製品,鉄筋コンクリートＬ形 Ｌ－１,Ｌ＝２０００ ５００Ｃ×２００,個,兵庫西部,07,32500,,,,9523840d9cbcf31b,cc37f215e0bcd8f6,72,72
コンクリート製品,鉄筋コンクリートＬ形 Ｌ－１,Ｌ＝２０００ ５００Ｃ×２５０,個,兵庫西部,07,41000,,,,087ecc8d2cfd42d0,701592c2910035b5,72,72
コンクリート製品,鉄筋コンクリートＵ形 Ｕ－１,Ｌ＝２０００ ３００×３００,個,兵庫西部,07,29200,32300,3100,10.62,51f809b0633baedb,30bc8df8213f3186,72,72
コンクリート製品,鉄筋コンクリートＵ形 Ｕ－１,Ｌ＝２０００ ３００×４００,個,兵庫西部,07,35600,39300,3700,10.39,e26ca660cabec813,c332edf704f1d8a3,72,72
コンクリート製品,鉄筋コンクリートＵ形 Ｕ－１,Ｌ＝２０００ ３００×５００,個,兵庫西部,07,49000,54000,5000,10.2,df4d712867412244,3d9371b3b03f316e,72,72
コンクリート製品,鉄筋コンクリートＵ形 Ｕ－１,Ｌ＝２０００ ３００×６００,個,兵庫西部,07,58000,64000,6000,10.34,33e6aa2a08021557,afabb69629a98274,72,72
コンクリート製品,鉄筋コンクリートＵ形 Ｕ－１,Ｌ＝２０００ ４００×４００,個,兵庫西部,07,45000,49600,4600,10.22,e5916feea5b10f8b,d3acd34ffdc54287,72,72
コンクリート製品,鉄筋コンクリートＵ形 Ｕ－１,Ｌ＝２０００ ４００×５００,個,兵庫西部,07,50000,55200,5200,10.4,47b1538aedf79494,ae80b93746a1c0a0,72,72
コンクリート製品,鉄筋コンクリートＵ形 Ｕ－１,Ｌ＝２０００ ４００×６００,個,兵庫西部,07,59000,64900,5900,10.0,fdccff3da78c2eb3,4cd65d0c019f452b,72,72
コンクリート製品,鉄筋コンクリートＵ形 Ｕ－１,Ｌ＝２０００ ５００×５００,個,兵庫西部,07,52000,57200,5200,10.0,4cd5a352b4c886e1,5ee6db2f78399d13,72,72
コンクリート製品,鉄筋コンクリートＵ形 Ｕ－１,Ｌ＝２０００ ５００×６００,個,兵庫西部,07,60000,66000,6000,10.0,e57160f915350d38,e0330d3d41bf1bd2,72,72
コンクリート製品,鉄筋コンクリートＵ形 Ｕ－１,Ｌ＝２０００ ５００×７００,個,兵庫西部,07,69000,76000,7000,10.14,58c251fdbed2fecc,5033efcfba56e727,72,72
コンクリート製品,鉄筋コンクリートＬ形 Ｌ－１,Ｌ＝２０００ ５００Ａ×１５０,個,兵庫,08,19000,20900,1900,10.0,22fee54501f1486a,6e339f0a2ef0ecd8,72,72
コンクリート製品,鉄筋コンクリートＬ形 Ｌ－１,Ｌ＝２０００ ５００Ａ×２００,個,兵庫,08,27500,30300,2800,10.18,716bda9fe3f19eb0,ba37ed7609962dea,72,72
コンクリート製品,鉄筋コンクリートＬ形 Ｌ－１,Ｌ＝２０００ ５００Ａ×２５０,個,兵庫,08,36000,39600,3600,10.0,d94f0e062c472c04,3206653f78ba0953,72,72
コンクリート製品,鉄筋コンクリートＬ形 Ｌ－１,Ｌ＝２０００ ５００Ｂ×１５０,個,兵庫,08,21500,23600,2100,9.77,766b657d572f918c,d795b1c4e752a71d,72,72
コンクリート製品,鉄筋コンクリートＬ形 Ｌ－１,Ｌ＝２０００ ５００Ｂ×２００,個,兵庫,08,30000,33000,3000,10.0,dce28931a64da2ea,68b01b2d0b814289,72,72
コンクリート製品,鉄筋コンクリートＬ形 Ｌ－１,Ｌ＝２０００ ５００Ｂ×２５０,個,兵庫,08,38500,42400,3900,10.13,5a8b294df8a426e7,1ea00dffc37dbb4b,72,72
コンクリート製品,鉄筋コンクリートＬ形 Ｌ－１,Ｌ＝２０００ ５００Ｃ×１５０,個,兵庫,08,24000,,,,b9882ba24e0652f3,c76e012c7624c11c,72,72
コンクリート製品,鉄筋コンクリートＬ形 Ｌ－１,Ｌ＝２０００ ５００Ｃ×２００,個,兵庫,08,32500,,,,20b2bfdc9524d46e,919f7d140d32bbcf,72,72
コンクリート製品,鉄筋コンクリートＬ形 Ｌ－１,Ｌ＝２０００ ５００Ｃ×２５０,個,兵庫,08,41000,,,,4c46664c8f85de37,b0ecf87ad5aa4d87,72,72
コンクリート製品,鉄筋コンクリートＵ形 Ｕ－１,Ｌ＝２０００ ３００×３００,個,兵庫,08,29200,32300,3100,10.62,fd16bbb9925ee26d,d3656106e9a75592,72,72
コンクリート製品,鉄筋コンクリートＵ形 Ｕ－１,Ｌ＝２０００ ３００×４００,個,兵庫,08,35600,39300,3700,10.39,0b948959a5989e69,0a2ba61d331937a0,72,72
コンクリート製品,鉄筋コンクリートＵ形 Ｕ－１,Ｌ＝２０００ ３００×５００,個,兵庫,08,49000,54000,5000,10.2,c5f626d6b699a8c9,bfaf644d8a12b17c,72,72
コンクリート製品,鉄筋コンクリートＵ形 Ｕ－１,Ｌ＝２０００ ３００×６００,個,兵庫,08,58000,64000,6000,10.34,93de294a89886dbe,97bebe12ca60bdd8,72,72
コンクリート製品,鉄筋コンクリートＵ形 Ｕ－１,Ｌ＝２０００ ４００×４００,個,兵庫,08,45000,49600,4600,10.22,f2ad9cbda42cb409,f6560ebb8804d56a,72,72
コンクリート製品,鉄筋コンクリートＵ形 Ｕ－１,Ｌ＝２０００ ４００×５００,個,兵庫,08,50000,55200,5200,10.4,c5d0652a6d42e1cc,4bca190f2cb0cca4,72,72
コンクリート製品,鉄筋コンクリートＵ形 Ｕ－１,Ｌ＝２０００ ４００×６００,個,兵庫,08,59000,64900,5900,10.0,461afd43f121ff49,693ba418dd673deb,72,72
コンクリート製品,鉄筋コンクリートＵ形 Ｕ－１,Ｌ＝２０００ ５００×５００,個,兵庫,08,52000,57200,5200,10.0,f856774d1c2b4571,5cb14515ab7eba6c,72,72
コンクリート製品,鉄筋コンクリートＵ形 Ｕ－１,Ｌ＝２０００ ５００×６００,個,兵庫,08,60000,66000,6000,10.0,3e172dc360a7e896,ba5da9d4ded498cb,72,72
コンクリート製品,鉄筋コンクリートＵ形 Ｕ－１,Ｌ＝２０００ ５００×７００,個,兵庫,08,69000,76000,7000,10.14,1463b40c505c488b,a6b9530d62f3e419,72,72
コンクリート製品,鉄筋コンクリートＵ形 Ｕ－２,Ｌ＝２０００ ３００×４００,個,兵庫北部,06,31000,34200,3200,10.32,e29cac69df21e83f,74586996de298155,73,73
コンクリート製品,鉄筋コンクリートＵ形 Ｕ－２,Ｌ＝２０００ ３００×５００,個,兵庫北部,06,48000,52800,4800,10.0,409ed60995fbecb2,c41e1c5448cf2978,73,73
コンクリート製品,鉄筋コンクリートＵ形 Ｕ－２,Ｌ＝２０００ ３００×６００,個,兵庫北部,06,56000,61600,5600,10.0,8f538b228fcce6c3,ecf39c9421b89b2c,73,73
コンクリート製品,鉄筋コンクリートＵ形 Ｕ－２,Ｌ＝２０００ ４００×４００,個,兵庫北部,06,41000,45200,4200,10.24,fb1f42d5683e72c4,ae9c542a693116f9,73,73
コンクリート製品,鉄筋コンクリートＵ形 Ｕ－２,Ｌ＝２０００ ４００×５００,個,兵庫北部,06,49000,54000,5000,10.2,a9b9bc0e3729485c,3851b2a1bfb9bacf,73,73
コンクリート製品,鉄筋コンクリートＵ形 Ｕ－２,Ｌ＝２０００ ４００×６００,個,兵庫北部,06,58000,64000,6000,10.34,57dfcfe6023ec02f,07ce4adffa188ec4,73,73
コンクリート製品,鉄筋コンクリートＵ形 Ｕ－２,Ｌ＝２０００ ４００×７００,個,兵庫北部,06,66000,72800,6800,10.3,609626125a89bc61,9c49b10ac562fd71,73,73
コンクリート製品,鉄筋コンクリートＵ形 Ｕ－２,Ｌ＝２０００ ５００×５００,個,兵庫北部,06,50000,55200,5200,10.4,3b956f0d2be67e7b,1735f121df64b53a,73,73
コンクリート製品,鉄筋コンクリートＵ形 Ｕ－２,Ｌ＝２０００ ５００×６００,個,兵庫北部,06,59000,64900,5900,10.0,5c6aff77cc31c391,bd39f1cb99acece9,73,73
コンクリート製品,鉄筋コンクリートＵ形 Ｕ－２,Ｌ＝２０００ ５００×７００,個,兵庫北部,06,67000,73700,6700,10.0,ebfa45c67b7fd16d,d4d7d7fc7b8cfebc,73,73
コンクリート製品,鉄筋コンクリートＵ形 Ｕ－２,Ｌ＝２０００ ３００×４００,個,兵庫西部,07,31000,34200,3200,10.32,c3f79c7a3870244e,0a420c3017cdaff7,73,73
コンクリート製品,鉄筋コンクリートＵ形 Ｕ－２,Ｌ＝２０００ ３００×５００,個,兵庫西部,07,48000,52800,4800,10.0,5c27e51c72096d93,6f6e17da62c9ef37,73,73
コンクリート製品,鉄筋コンクリートＵ形 Ｕ－２,Ｌ＝２０００ ３００×６００,個,兵庫西部,07,56000,61600,5600,10.0,1cc41adbec92d0b3,ad9025dfb729c876,73,73
コンクリート製品,鉄筋コンクリートＵ形 Ｕ－２,Ｌ＝２０００ ４００×４００,個,兵庫西部,07,41000,45200,4200,10.24,68767b020e9e9584,51a2e7dcd4ef9ae1,73,73
コンクリート製品,鉄筋コンクリートＵ形 Ｕ－２,Ｌ＝２０００ ４００×５００,個,兵庫西部,07,49000,54000,5000,10.2,5e993ea3cb7236e6,a87a7df2707db02d,73,73
コンクリート製品,鉄筋コンクリートＵ形 Ｕ－２,Ｌ＝２０００ ４００×６００,個,兵庫西部,07,58000,64000,6000,10.34,7b34a14eff8e701d,eec70652e5e0d5db,73,73
コンクリート製品,鉄筋コンクリートＵ形 Ｕ－２,Ｌ＝２０００ ４００×７００,個,兵庫西部,07,66000,72800,6800,10.3,788a5854c1167a05,c59e1e8f5b8de7af,73,73
コンクリート製品,鉄筋コンクリートＵ形 Ｕ－２,Ｌ＝２０００ ５００×５００,個,兵庫西部,07,50000,55200,5200,10.4,d5ff78403b2baeba,82b51a3c0d7166f6,73,73
コンクリート製品,鉄筋コンクリートＵ形 Ｕ－２,Ｌ＝２０００ ５００×６００,個,兵庫西部,07,59000,64900,5900,10.0,abd3a2aabb51167b,ad8ce3e5963c86bb,73,73
コンクリート製品,鉄筋コンクリートＵ形 Ｕ－２,Ｌ＝２０００ ５００×７００,個,兵庫西部,07,67000,73700,6700,10.0,72980cee39be5bca,14da3854272b3106,73,73
コンクリート製品,鉄筋コンクリートＵ形 Ｕ－２,Ｌ＝２０００ ３００×４００,個,兵庫,08,31000,34200,3200,10.32,6af6f852504d476c,788771c530681e80,73,73
コンクリート製品,鉄筋コンクリートＵ形 Ｕ－２,Ｌ＝２０００ ３００×５００,個,兵庫,08,48000,52800,4800,10.0,79a78b8a6f0e292b,942dbc30a4c85e41,73,73
コンクリート製品,鉄筋コンクリートＵ形 Ｕ－２,Ｌ＝２０００ ３００×６００,個,兵庫,08,56000,61600,5600,10.0,55991ef444ffcf21,83b16efc881ff8db,73,73
コンクリート製品,鉄筋コンクリートＵ形 Ｕ－２,Ｌ＝２０００ ４００×４００,個,兵庫,08,41000,45200,4200,10.24,cde317757c588301,2c159c96fdba75e5,73,73
コンクリート製品,鉄筋コンクリートＵ形 Ｕ－２,Ｌ＝２０００ ４００×５００,個,兵庫,08,49000,54000,5000,10.2,c84ceaf38f47cf86,89c949caa069aa44,73,73
コンクリート製品,鉄筋コンクリートＵ形 Ｕ－２,Ｌ＝２０００ ４００×６００,個,兵庫,08,58000,64000,6000,10.34,1b8e6032ae779784,92a47cd0c0695dd1,73,73
コンクリート製品,鉄筋コンクリートＵ形 Ｕ－２,Ｌ＝２０００ ４００×７００,個,兵庫,08,66000,72800,6800,10.3,efc9978ee70de63b,1ca3f224f4a7590e,73,73
コンクリート製品,鉄筋コンクリートＵ形 Ｕ－２,Ｌ＝２０００ ５００×５００,個,兵庫,08,50000,55200,5200,10.4,2aade33abdcb205e,319de96fe4c3bc68,73,73
コンクリート製品,鉄筋コンクリートＵ形 Ｕ－２,Ｌ＝２０００ ５００×６００,個,兵庫,08,59000,64900,5900,10.0,40b132e0b02b4196,b6db4441c3f6c109,73,73
コンクリート製品,鉄筋コンクリートＵ形 Ｕ－２,Ｌ＝２０００ ５００×７００,個,兵庫,08,67000,73700,6700,10.0,a8f7153c6fd99101,8ccde4d2bcb7da45,73,73
コンクリート製品,鉄筋コンクリートＵ型水路Ｕ水－１,Ｌ＝２０００ ６００×４００,個,岐阜,11,24900,26200,1300,5.22,6fd504e81e4d4f25,e6469cac48ba1214,74,74
コンクリート製品,鉄筋コンクリートＵ型水路Ｕ水－１,Ｌ＝２０００ ６００×６００,個,岐阜,11,37500,39600,2100,5.6,56b6e44f1aa969fc,e3e1888a9ae8e410,74,74
コンクリート製品,鉄筋コンクリートＵ型水路Ｕ水－１,Ｌ＝２０００ ６００×８００,個,岐阜,11,52500,55400,2900,5.52,930a6a0b38298d11,ec272567bac834f1,74,74
コンクリート製品,鉄筋コンクリートＵ型水路Ｕ水－１,Ｌ＝２０００ ６００×６００,個,三重,12,35300,37400,2100,5.95,2ee73694d5093dca,6189a701979cd646,74,74
コンクリート製品,鉄筋コンクリートＵ型水路Ｕ水－１,Ｌ＝２０００ ６００×８００,個,三重,12,49500,52000,2500,5.05,84e83e784092f3de,0ad8951c051cd119,74,74
コンクリート製品,鉄筋コンクリートＵ型 Ｕ－２ コンクリート蓋版,車道用 ３００,個,兵庫北部,06,3600,4000,400,11.11,5ba453bb7392302b,1b4b41f0a6e2436e,75,75
コンクリート製品,鉄筋コンクリートＵ型 Ｕ－２ コンクリート蓋版,車道用 ４００,個,兵庫北部,06,5400,6000,600,11.11,2288dcb19637e05e,3bc248c4a67c5091,75,75
コンクリート製品,鉄筋コンクリートＵ型 Ｕ－２ コンクリート蓋版,車道用 ５００,個,兵庫北部,06,6900,7680,780,11.3,1fd2ad139ef6cc6e,14fe9126a4d18d9d,75,75
コンクリート製品,鉄筋コンクリートＵ型 Ｕ－２ コンクリート蓋版,車道用 ３００,個,兵庫西部,07,3600,4000,400,11.11,0bf956f892a7cbd8,d922852dc29cafb1,75,75
コンクリート製品,鉄筋コンクリートＵ型 Ｕ－２ コンクリート蓋版,車道用 ４００,個,兵庫西部,07,5400,6000,600,11.11,04bf2017be2b3d85,664b4d3b070e774d,75,75
コンクリート製品,鉄筋コンクリートＵ型 Ｕ－２ コンクリート蓋版,車道用 ５００,個,兵庫西部,07,6900,7680,780,11.3,121dc92deb80b9d0,3a96168ae0e00894,75,75
コンクリート製品,鉄筋コンクリートＵ型 Ｕ－２ コンクリート蓋版,車道用 ３００,個,兵庫,08,3600,4000,400,11.11,463695075bbe480a,f8e2f72998ff3aea,75,75
コンクリート製品,鉄筋コンクリートＵ型 Ｕ－２ コンクリート蓋版,車道用 ４００,個,兵庫,08,5400,6000,600,11.11,964424c238ab45ad,f93652aec8af4bf6,75,75
コンクリート製品,鉄筋コンクリートＵ型 Ｕ－２ コンクリート蓋版,車道用 ５００,個,兵庫,08,6900,7680,780,11.3,e43c8650188b3d59,2764fb8e34e686e1,75,75
コンクリート製品,鉄筋コンクリートＵ型水路Ｕ水－１,Ｌ＝２０００ ７００×７００,個,岐阜,11,45000,47500,2500,5.56,c2697259217006d6,b44fb1f5d82304c2,75,75
コンクリート製品,鉄筋コンクリートＵ型水路Ｕ水－１,Ｌ＝２０００ ８００×５００,個,岐阜,11,36300,38200,1900,5.23,52f9e68594e92575,eb8409b1bdd66b81,75,75
コンクリート製品,鉄筋コンクリートＵ型水路Ｕ水－１,Ｌ＝２０００ ８００×８００,個,岐阜,11,58200,61300,3100,5.33,f7f9d361904ee79d,8fccec97e16051f2,75,75
コンクリート製品,鉄筋コンクリートＵ型水路Ｕ水－１,Ｌ＝２０００ ８００×１０００,個,岐阜,11,72600,76500,3900,5.37,516778a949bf717e,7df017cded4248d7,75,75
コンクリート製品,鉄筋コンクリートＵ型水路Ｕ水－１,Ｌ＝２０００ ９００×９００,個,岐阜,11,67600,71200,3600,5.33,6def0f04245da660,13a108d2c5726500,75,75
コンクリート製品,鉄筋コンクリートＵ型水路Ｕ水－１,Ｌ＝２０００ １０００×６００,個,岐阜,11,46300,48800,2500,5.4,32586ecbc3ecf449,554a6dd8c430d8d8,75,75
コンクリート製品,鉄筋コンクリートＵ型水路Ｕ水－１,２０００ １０００×１０００,個,岐阜,11,78200,82500,4300,5.5,342a7faa67933f4a,44aec173dcc6dcc0,75,75
コンクリート製品,鉄筋コンクリートＵ型水路Ｕ水－１,２０００ １２００×１２００,個,岐阜,11,100000,106000,6000,6.0,3630ae4b72876c68,8040ec060ea69de8,75,75
コンクリート製品,鉄筋コンクリートＵ型水路Ｕ水－１,Ｌ＝２０００ ７００×７００,個,三重,12,42500,44600,2100,4.94,b0e32b95353c4e7f,018a6ef4158f9958,75,75
コンクリート製品,鉄筋コンクリートＵ型水路Ｕ水－１,Ｌ＝２０００ ８００×５００,個,三重,12,34200,35900,1700,4.97,e62847f7211eac44,90fb081f61293623,75,75
コンクリート製品,鉄筋コンクリートＵ型水路Ｕ水－１,Ｌ＝２０００ ８００×８００,個,三重,12,54800,57600,2800,5.11,0cab8f74baa55626,3bbf5d2a8eb5a35c,75,75
コンクリート製品,鉄筋コンクリートＵ型水路Ｕ水－１,Ｌ＝２０００ ８００×１０００,個,三重,12,68500,71900,3400,4.96,5c428d66510aac78,87b92d7ec9cd867a,75,75
コンクリート製品,鉄筋コンクリートＵ型水路Ｕ水－１,Ｌ＝２０００ ９００×９００,個,三重,12,63700,66900,3200,5.02,2b83aec1e0f46042,e9bde7cb8aa1f2cf,75,75
コンクリート製品,鉄筋コンクリートＵ型水路Ｕ水－１,Ｌ＝２０００ １０００×６００,個,三重,12,43700,45800,2100,4.81,f56f4ac1b21f9490,afbe45489defcfeb,75,75
コンクリート製品,鉄筋コンクリートＵ型水路Ｕ水－１,２０００ １０００×１０００,個,三重,12,73700,77500,3800,5.16,ed9451f7dac93b5b,af8b5dfd18fa6556,75,75
コンクリート製品,鉄筋コンクリートＵ型水路Ｕ水－１,２０００ １２００×１２００,個,三重,12,94900,99800,4900,5.16,115057bec4adaf6f,9ae63cc09eff0a3c,75,75
コンクリート製品,プレキャストボックス（ﾚｼﾞﾝｺﾝｸﾘｰﾄ製） E桝,"630×2000×1100 高さ調整,蓋据付B無",基,滋賀,02,1200000,1340000,140000,11.67,63c6c33988cdc3b9,42d48fc0536fbf95,76,76
コンクリート製品,プレキャストボックス（ﾚｼﾞﾝｺﾝｸﾘｰﾄ製） E桝,"800×2900×1500 機器据付,高さ調整B無",基,滋賀,02,1880000,2080000,200000,10.64,4d873f4127a9e2c3,7fae5bf1d8738106,76,76
コンクリート製品,プレキャストボックス（ﾚｼﾞﾝｺﾝｸﾘｰﾄ製） E桝,"800×4700×1500 機器据付,高さ調整B無",基,滋賀,02,3520000,3910000,390000,11.08,e5fc240a2dc905dc,aa3445638fd41d7d,76,76
コンクリート製品,プレキャストボックス（ﾚｼﾞﾝｺﾝｸﾘｰﾄ製） E桝,"630×2000×1100 高さ調整,蓋据付B無",基,大阪,05,1200000,1340000,140000,11.67,04cf59e400f8ed8e,f45d71ff7a4d35ae,76,76
コンクリート製品,プレキャストボックス（ﾚｼﾞﾝｺﾝｸﾘｰﾄ製） E桝,"800×2900×1500 機器据付,高さ調整B無",基,大阪,05,1880000,2080000,200000,10.64,9a6bb9f46eb5a351,92c85b01a6c54f0b,76,76
コンクリート製品,プレキャストボックス（ﾚｼﾞﾝｺﾝｸﾘｰﾄ製） E桝,"800×4700×1500 機器据付,高さ調整B無",基,大阪,05,3520000,3910000,390000,11.08,c014cfa40cb9fedb,aa6c5754c5c37ff3,76,76
コンクリート製品,プレキャストボックス（ﾚｼﾞﾝｺﾝｸﾘｰﾄ製） E桝,"950×3300×1100 機器据付,高さ調整B無",基,滋賀,02,2290000,2550000,260000,11.35,ce71e07628d205d0,58ca9ba67d83f1f1,77,77
コンクリート製品,プレキャストボックス（ﾚｼﾞﾝｺﾝｸﾘｰﾄ製） E桝,"950×3300×900 機器据付,高さ調整B無",基,滋賀,02,2260000,2510000,250000,11.06,edae62179579b34e,65379a5e5ab26bc2,77,77
コンクリート製品,プレキャストボックス（ﾚｼﾞﾝｺﾝｸﾘｰﾄ製） E桝,"950×3300×1100 機器据付,高さ調整B無",基,大阪,05,2290000,2550000,260000,11.35,881846ea73d299fa,242cb5ac8fcb0f70,77,77
コンクリート製品,プレキャストボックス（ﾚｼﾞﾝｺﾝｸﾘｰﾄ製） E桝,"950×3300×900 機器据付,高さ調整B無",基,大阪,05,2260000,2510000,250000,11.06,c610fcbf11081703,7206ac27a50134ab,77,77
コンクリート製品,プレキャストボックス（ﾚｼﾞﾝｺﾝｸﾘｰﾄ製） RT桝,"歩道用 500×2000×1050 機器据付,蓋据付B無",基,滋賀,02,495000,549000,54000,10.91,4a9f3d2bf221dea1,f43733116fabad8c,78,78
コンクリート製品,プレキャストボックス（ﾚｼﾞﾝｺﾝｸﾘｰﾄ製） RT桝,歩道用 1200×2200×1500 首B無,基,滋賀,02,585000,650000,65000,11.11,b55171a333c9ba9c,b3cc82288c8a4bf4,78,78
コンクリート製品,プレキャストボックス（ﾚｼﾞﾝｺﾝｸﾘｰﾄ製） RT桝,車道用 1200×2200×1500 首B無,基,滋賀,02,585000,650000,65000,11.11,5442392ed92bf61a,6933c62de185ec0c,78,78
コンクリート製品,プレキャストボックス（ﾚｼﾞﾝｺﾝｸﾘｰﾄ製） RT桝,"950×2200×1500 機器据付,蓋据付B無",基,滋賀,02,558000,620000,62000,11.11,4d441273af7d983b,64b66ea9887d3126,78,78
コンクリート製品,プレキャストボックス（ﾚｼﾞﾝｺﾝｸﾘｰﾄ製） RT桝,歩道用 1200×2200×1500 首B無,基,京都北部,03,585000,650000,65000,11.11,4022912317f37866,125ea651e08960ad,78,78
コンクリート製品,プレキャストボックス（ﾚｼﾞﾝｺﾝｸﾘｰﾄ製） RT桝,車道用 1200×2200×1500 首B無,基,京都北部,03,585000,650000,65000,11.11,60d9a1f4c81fc2b7,1d81e93204ef8f29,78,78
コンクリート製品,プレキャストボックス（ﾚｼﾞﾝｺﾝｸﾘｰﾄ製） RT桝,歩道用 1200×2200×1500 首B無,基,京都南部,04,585000,650000,65000,11.11,81178490fc1548fc,95d2c81dd18f550a,78,78
コンクリート製品,プレキャストボックス（ﾚｼﾞﾝｺﾝｸﾘｰﾄ製） RT桝,車道用 1200×2200×1500 首B無,基,京都南部,04,585000,650000,65000,11.11,06c17b4701a5131a,881d538327390a46,78,78
コンクリート製品,プレキャストボックス（ﾚｼﾞﾝｺﾝｸﾘｰﾄ製） RT桝,"歩道用 500×2000×1050 機器据付,蓋据付B無",基,大阪,05,495000,549000,54000,10.91,615d056d69346186,50af843903863b12,78,78
コンクリート製品,プレキャストボックス（ﾚｼﾞﾝｺﾝｸﾘｰﾄ製） RT桝,歩道用 1200×2200×1500 首B無,基,大阪,05,585000,650000,65000,11.11,6fcf249adf1ff303,6c8edfc29acab821,78,78
コンクリート製品,プレキャストボックス（ﾚｼﾞﾝｺﾝｸﾘｰﾄ製） RT桝,車道用 1200×2200×1500 首B無,基,大阪,05,585000,650000,65000,11.11,fde5a9cb57be6408,3bbc98ac97a568c5,78,78
コンクリート製品,プレキャストボックス（ﾚｼﾞﾝｺﾝｸﾘｰﾄ製） RT桝,"950×2200×1500 機器据付,蓋据付B無",基,大阪,05,558000,620000,62000,11.11,d38ebb318fea15b7,d67e523654fe1c3e,78,78
コンクリート製品,プレキャストボックス（ﾚｼﾞﾝｺﾝｸﾘｰﾄ製） RT桝,歩道用 1200×2200×1500 首B無,基,兵庫北部,06,585000,650000,65000,11.11,0b0fb993be205e2e,2679c657369dc400,78,78
コンクリート製品,プレキャストボックス（ﾚｼﾞﾝｺﾝｸﾘｰﾄ製） RT桝,車道用 1200×2200×1500 首B無,基,兵庫北部,06,585000,650000,65000,11.11,ee87e4bff8d54061,df2a277db0931b55,78,78
コンクリート製品,プレキャストボックス（ﾚｼﾞﾝｺﾝｸﾘｰﾄ製） RT桝,歩道用 1200×2200×1500 首B無,基,兵庫西部,07,585000,650000,65000,11.11,5ef981d3e5d5a7bb,848ec4c898744b75,78,78
コンクリート製品,プレキャストボックス（ﾚｼﾞﾝｺﾝｸﾘｰﾄ製） RT桝,車道用 1200×2200×1500 首B無,基,兵庫西部,07,585000,650000,65000,11.11,a0d06d99f028c200,a48d5038fbf56c07,78,78
コンクリート製品,平ブロック,控１８０,m2,兵庫西部,07,9400,10400,1000,10.64,daac695d04e1cbc3,714024e1e162f918,78,78
コンクリート製品,プレキャストボックス（ﾚｼﾞﾝｺﾝｸﾘｰﾄ製） RT桝,歩道用 1200×2200×1500 首B無,基,兵庫,08,585000,650000,65000,11.11,843a504301310078,5fbbbafc96a9dc13,78,78
コンクリート製品,プレキャストボックス（ﾚｼﾞﾝｺﾝｸﾘｰﾄ製） RT桝,車道用 1200×2200×1500 首B無,基,兵庫,08,585000,650000,65000,11.11,e41162f5b85b74f1,05a6496a40a19a56,78,78
コンクリート製品,プレキャストボックス（ﾚｼﾞﾝｺﾝｸﾘｰﾄ製） RT桝,歩道用 1200×2200×1500 首B無,基,奈良,09,585000,650000,65000,11.11,52c5bf6532e238f4,5cb5204211169336,78,78
コンクリート製品,プレキャストボックス（ﾚｼﾞﾝｺﾝｸﾘｰﾄ製） RT桝,歩道用 1200×2200×1500 首B無,基,和歌山,10,585000,650000,65000,11.11,e63039e18cb4fa2e,66a06989cacb1ab1,78,78
河川・砂防・ダム用材,河川名標識(Ａ型),支柱φ１１４．３×４．５ 亜鉛メッキ仕上 [標識(A型)を含む(図集8-1)],組,福井,01,616000,739000,123000,19.97,9b1e16272e0b0a18,64c9ecdc7e779aa6,81,81
河川・砂防・ダム用材,河川名標識(Ｂ型),支柱φ１０１．６×４．２ 亜鉛メッキ仕上 [標識(B型)を含む(図集8-2)],組,福井,01,317000,381000,64000,20.19,3a6c13e0501f2d60,b5f470c83976e834,81,81
河川・砂防・ダム用材,河川管理境界標識,支柱φ７６．３×３．２ 亜鉛メッキ仕上 [境界標識を含む (図集8-3)],組,福井,01,118000,142000,24000,20.34,ff1eeac41e32c079,f8afc9dcc54d045c,81,81
河川・砂防・ダム用材,河川標識(７種類共通),取付金具・ボルト含む [(図集8-4)],箇所,福井,01,42200,46500,4300,10.19,84e3e8c6cb96d95e,c3105ae26e606232,81,81
河川・砂防・ダム用材,松苗,黒松２年生,本,福井,01,85,110,25,29.41,218d79e9004d2e76,46d92a5b759ef142,81,81
河川・砂防・ダム用材,河川名標識(Ａ型),支柱φ１１４．３×４．５ 亜鉛メッキ仕上 [標識(A型)を含む(図集8-1)],組,滋賀,02,616000,739000,123000,19.97,6e1fe3a877e46bc3,ae53d38e724d7d16,81,81
河川・砂防・ダム用材,河川名標識(Ｂ型),支柱φ１０１．６×４．２ 亜鉛メッキ仕上 [標識(B型)を含む(図集8-2)],組,滋賀,02,317000,381000,64000,20.19,c2b4d1d303f80d2d,66a72446022b9015,81,81
河川・砂防・ダム用材,河川管理境界標識,支柱φ７６．３×３．２ 亜鉛メッキ仕上 [境界標識を含む (図集8-3)],組,滋賀,02,118000,142000,24000,20.34,447f3453ad5eba1e,feaa8418f5206f42,81,81
河川・砂防・ダム用材,河川標識(７種類共通),取付金具・ボルト含む [(図集8-4)],箇所,滋賀,02,42200,46500,4300,10.19,7f27fe830b3deb74,140c157da9b886b7,81,81
河川・砂防・ダム用材,松苗,黒松２年生,本,滋賀,02,85,110,25,29.41,57c39b3c5dc544bc,f1571c82e3a90e9c,81,81
河川・砂防・ダム用材,河川名標識(Ａ型),支柱φ１１４．３×４．５ 亜鉛メッキ仕上 [標識(A型)を含む(図集8-1)],組,京都北部,03,616000,739000,123000,19.97,101359f8d7301b76,407820249aa17fa7,81,81
河川・砂防・ダム用材,河川名標識(Ｂ型),支柱φ１０１．６×４．２ 亜鉛メッキ仕上 [標識(B型)を含む(図集8-2)],組,京都北部,03,317000,381000,64000,20.19,f59cfd8919c2ea97,c3db69f8c5865408,81,81
河川・砂防・ダム用材,河川管理境界標識,支柱φ７６．３×３．２ 亜鉛メッキ仕上 [境界標識を含む (図集8-3)],組,京都北部,03,118000,142000,24000,20.34,3ab17a113863b525,0d2eb76531cfe8a5,81,81
河川・砂防・ダム用材,河川標識(７種類共通),取付金具・ボルト含む [(図集8-4)],箇所,京都北部,03,42200,46500,4300,10.19,44bf2e681a054d17,82519eb3c42f50d5,81,81
河川・砂防・ダム用材,松苗,黒松２年生,本,京都北部,03,85,110,25,29.41,6010dd00d9f11afc,4b4f77a3bf903444,81,81
河川・砂防・ダム用材,河川名標識(Ａ型),支柱φ１１４．３×４．５ 亜鉛メッキ仕上 [標識(A型)を含む(図集8-1)],組,京都南部,04,616000,739000,123000,19.97,0b24a8f29c0939c1,34324f0e91dda6f9,81,81
河川・砂防・ダム用材,河川名標識(Ｂ型),支柱φ１０１．６×４．２ 亜鉛メッキ仕上 [標識(B型)を含む(図集8-2)],組,京都南部,04,317000,381000,64000,20.19,3151340d77093bd1,d95343c105aa120a,81,81
河川・砂防・ダム用材,河川管理境界標識,支柱φ７６．３×３．２ 亜鉛メッキ仕上 [境界標識を含む (図集8-3)],組,京都南部,04,118000,142000,24000,20.34,f5aaefeb20ba6b40,b1489595c8735e7c,81,81
河川・砂防・ダム用材,河川標識(７種類共通),取付金具・ボルト含む [(図集8-4)],箇所,京都南部,04,42200,46500,4300,10.19,7b7451dd47cde2ba,ae93b88f9491986b,81,81
河川・砂防・ダム用材,松苗,黒松２年生,本,京都南部,04,85,110,25,29.41,916e704a5fcd1cef,a50772e1b7d9165c,81,81
河川・砂防・ダム用材,河川名標識(Ａ型),支柱φ１１４．３×４．５ 亜鉛メッキ仕上 [標識(A型)を含む(図集8-1)],組,大阪,05,616000,739000,123000,19.97,ca488198b3a20e98,1090a0a62b94cb49,81,81
河川・砂防・ダム用材,河川名標識(Ｂ型),支柱φ１０１．６×４．２ 亜鉛メッキ仕上 [標識(B型)を含む(図集8-2)],組,大阪,05,317000,381000,64000,20.19,63bf6cbeeac81e2a,a8f829180461f8ee,81,81
河川・砂防・ダム用材,河川管理境界標識,支柱φ７６．３×３．２ 亜鉛メッキ仕上 [境界標識を含む (図集8-3)],組,大阪,05,118000,142000,24000,20.34,8e1f9b9e05dd02fc,eba6aa14a4e3a370,81,81
河川・砂防・ダム用材,河川標識(７種類共通),取付金具・ボルト含む [(図集8-4)],箇所,大阪,05,42200,46500,4300,10.19,cdde0618e5915e57,42a7a42196bbb878,81,81
河川・砂防・ダム用材,松苗,黒松２年生,本,大阪,05,85,110,25,29.41,06a2060d3d598807,843bfbabd9f3af3b,81,81
河川・砂防・ダム用材,河川名標識(Ａ型),支柱φ１１４．３×４．５ 亜鉛メッキ仕上 [標識(A型)を含む(図集8-1)],組,兵庫北部,06,616000,739000,123000,19.97,009bc7bcbd1296d1,b7ea0facf63f71e9,81,81
河川・砂防・ダム用材,河川名標識(Ｂ型),支柱φ１０１．６×４．２ 亜鉛メッキ仕上 [標識(B型)を含む(図集8-2)],組,兵庫北部,06,317000,381000,64000,20.19,cc22ced179be74bb,9815bf5f35086c97,81,81
河川・砂防・ダム用材,河川管理境界標識,支柱φ７６．３×３．２ 亜鉛メッキ仕上 [境界標識を含む (図集8-3)],組,兵庫北部,06,118000,142000,24000,20.34,50bc8ff6f06f0fd8,b125a1bb48031b5b,81,81
河川・砂防・ダム用材,河川標識(７種類共通),取付金具・ボルト含む [(図集8-4)],箇所,兵庫北部,06,42200,46500,4300,10.19,920981ec570dc5f0,ba02e0d0a3d47165,81,81
河川・砂防・ダム用材,松苗,黒松２年生,本,兵庫北部,06,85,110,25,29.41,de682c6271f122c8,1077b4e730d01e0c,81,81
河川・砂防・ダム用材,河川名標識(Ａ型),支柱φ１１４．３×４．５ 亜鉛メッキ仕上 [標識(A型)を含む(図集8-1)],組,兵庫西部,07,616000,739000,123000,19.97,d5ff11f11b58b432,fc8aefb98c8fb36b,81,81
河川・砂防・ダム用材,河川名標識(Ｂ型),支柱φ１０１．６×４．２ 亜鉛メッキ仕上 [標識(B型)を含む(図集8-2)],組,兵庫西部,07,317000,381000,64000,20.19,35880c88d6a53a27,f8c76c4ac76f917b,81,81
河川・砂防・ダム用材,河川管理境界標識,支柱φ７６．３×３．２ 亜鉛メッキ仕上 [境界標識を含む (図集8-3)],組,兵庫西部,07,118000,142000,24000,20.34,b8c99f7476f35390,0a72e45672d562d0,81,81
河川・砂防・ダム用材,河川標識(７種類共通),取付金具・ボルト含む [(図集8-4)],箇所,兵庫西部,07,42200,46500,4300,10.19,8d64b028ccc2f330,93d9928cc497a846,81,81
河川・砂防・ダム用材,松苗,黒松２年生,本,兵庫西部,07,85,110,25,29.41,e27bc4d532367295,d2bd49bdaa99e92f,81,81
河川・砂防・ダム用材,河川名標識(Ａ型),支柱φ１１４．３×４．５ 亜鉛メッキ仕上 [標識(A型)を含む(図集8-1)],組,兵庫,08,616000,739000,123000,19.97,f3ca10ba347fe4cc,b241ae6074cb06a1,81,81
河川・砂防・ダム用材,河川名標識(Ｂ型),支柱φ１０１．６×４．２ 亜鉛メッキ仕上 [標識(B型)を含む(図集8-2)],組,兵庫,08,317000,381000,64000,20.19,2d0e9f06af0f4dc7,a0c565e646b6e576,81,81
河川・砂防・ダム用材,河川管理境界標識,支柱φ７６．３×３．２ 亜鉛メッキ仕上 [境界標識を含む (図集8-3)],組,兵庫,08,118000,142000,24000,20.34,b347f3bc6332d1d6,f2f563d02d4313fc,81,81
河川・砂防・ダム用材,河川標識(７種類共通),取付金具・ボルト含む [(図集8-4)],箇所,兵庫,08,42200,46500,4300,10.19,0623c6542bcda4f6,17834b5c1f8ec630,81,81
河川・砂防・ダム用材,松苗,黒松２年生,本,兵庫,08,85,110,25,29.41,03cef4d688b7fdef,fa9262df9170839a,81,81
河川・砂防・ダム用材,河川名標識(Ａ型),支柱φ１１４．３×４．５ 亜鉛メッキ仕上 [標識(A型)を含む(図集8-1)],組,奈良,09,616000,739000,123000,19.97,563363088dd08bf2,214fb22c61ea87e2,81,81
河川・砂防・ダム用材,河川名標識(Ｂ型),支柱φ１０１．６×４．２ 亜鉛メッキ仕上 [標識(B型)を含む(図集8-2)],組,奈良,09,317000,381000,64000,20.19,54c36a21dcb527a7,2089f3cd27374b30,81,81
河川・砂防・ダム用材,河川管理境界標識,支柱φ７６．３×３．２ 亜鉛メッキ仕上 [境界標識を含む (図集8-3)],組,奈良,09,118000,142000,24000,20.34,45c0f0d562283181,e86be9f0e9441379,81,81
河川・砂防・ダム用材,河川標識(７種類共通),取付金具・ボルト含む [(図集8-4)],箇所,奈良,09,42200,46500,4300,10.19,48bbd9efc398ec54,a927cee22874b9d9,81,81
河川・砂防・ダム用材,松苗,黒松２年生,本,奈良,09,85,110,25,29.41,c9bfa17aebd018d5,840cc695ef5de6e9,81,81
河川・砂防・ダム用材,河川名標識(Ａ型),支柱φ１１４．３×４．５ 亜鉛メッキ仕上 [標識(A型)を含む(図集8-1)],組,和歌山,10,616000,739000,123000,19.97,654d4a5e2ea45ddb,745e77e065e302d8,81,81
河川・砂防・ダム用材,河川名標識(Ｂ型),支柱φ１０１．６×４．２ 亜鉛メッキ仕上 [標識(B型)を含む(図集8-2)],組,和歌山,10,317000,381000,64000,20.19,7687fb72422550a5,86c683ba87e51ef3,81,81
河川・砂防・ダム用材,河川管理境界標識,支柱φ７６．３×３．２ 亜鉛メッキ仕上 [境界標識を含む (図集8-3)],組,和歌山,10,118000,142000,24000,20.34,605b7731c38e45e7,4b6b6c40ea25f981,81,81
河川・砂防・ダム用材,河川標識(７種類共通),取付金具・ボルト含む [(図集8-4)],箇所,和歌山,10,42200,46500,4300,10.19,609c7e656cd8563e,579e925989f4f1e3,81,81
河川・砂防・ダム用材,松苗,黒松２年生,本,和歌山,10,85,110,25,29.41,f3a637fffb51904b,afb5e91bbab9f5c8,81,81
河川・砂防・ダム用材,河川名標識(Ａ型),支柱φ１１４．３×４．５ 亜鉛メッキ仕上 [標識(A型)を含む(図集8-1)],組,岐阜,11,616000,739000,123000,19.97,cdb337c2c665e79b,700a88f49809ccff,81,81
河川・砂防・ダム用材,河川名標識(Ｂ型),支柱φ１０１．６×４．２ 亜鉛メッキ仕上 [標識(B型)を含む(図集8-2)],組,岐阜,11,317000,381000,64000,20.19,2ad2cd4c81639964,c9d88e0dcfe533f3,81,81
河川・砂防・ダム用材,河川管理境界標識,支柱φ７６．３×３．２ 亜鉛メッキ仕上 [境界標識を含む (図集8-3)],組,岐阜,11,118000,142000,24000,20.34,2c9e0ffcbae42685,6facb2500ff74e69,81,81
河川・砂防・ダム用材,河川標識(７種類共通),取付金具・ボルト含む [(図集8-4)],箇所,岐阜,11,42200,46500,4300,10.19,f0052f681a4221a1,679964060fd73104,81,81
河川・砂防・ダム用材,松苗,黒松２年生,本,岐阜,11,85,110,25,29.41,32e2756a16ac5ebf,82a8d0ce42db2e15,81,81
河川・砂防・ダム用材,河川名標識(Ａ型),支柱φ１１４．３×４．５ 亜鉛メッキ仕上 [標識(A型)を含む(図集8-1)],組,三重,12,616000,739000,123000,19.97,c5e45b8f5b4cdf25,a37fe6a9ad9c4561,81,81
河川・砂防・ダム用材,河川名標識(Ｂ型),支柱φ１０１．６×４．２ 亜鉛メッキ仕上 [標識(B型)を含む(図集8-2)],組,三重,12,317000,381000,64000,20.19,a158320266b2ea6a,77be576affaa1a9e,81,81
河川・砂防・ダム用材,河川管理境界標識,支柱φ７６．３×３．２ 亜鉛メッキ仕上 [境界標識を含む (図集8-3)],組,三重,12,118000,142000,24000,20.34,4cc056f6da9df7d9,467583905d8039d2,81,81
河川・砂防・ダム用材,河川標識(７種類共通),取付金具・ボルト含む [(図集8-4)],箇所,三重,12,42200,46500,4300,10.19,a99aa729e8d31dea,61813dd9e8005696,81,81
河川・砂防・ダム用材,松苗,黒松２年生,本,三重,12,85,110,25,29.41,e79bfbb54300c979,9c18a83a238ae092,81,81
道路・舗装用材,名板,舗装用 ２００×１３０×１３ 銅及び銅合金鋳物,枚,福井,01,28800,34600,5800,20.14,5599bcca8003b25c,43674c1440ac95ba,82,82
道路・舗装用材,距離標（Ｃｏ基礎含まず）,ＮＫ４－１（図集５－７）,本,福井,01,126000,139000,13000,10.32,19545ee4274d4c23,6ead9d34dd2cb128,82,82
道路・舗装用材,距離標（Ｃｏ基礎含まず）,ＮＫ４－２（図集５－７）,本,福井,01,180000,198000,18000,10.0,b9d3c613c1c657d3,ab1bf017c3cc00ba,82,82
道路・舗装用材,距離標（Ｃｏ基礎含まず）,ＮＫ５－１（図集５－７）,本,福井,01,196000,216000,20000,10.2,5f87ec38d4842432,abb69cbbccd2a61b,82,82
道路・舗装用材,距離標（Ｃｏ基礎含まず）,ＮＫ５－２（図集５－７）,本,福井,01,315000,347000,32000,10.16,e0264c238915216a,b3154be832a167b0,82,82
道路・舗装用材,距離標（Ｃｏ基礎含まず）,ＮＫ４Ｇ－１（図集５－８） 添架金具含まず,本,福井,01,124000,137000,13000,10.48,87770c0f3406bac9,3f4e74414f91ba82,82,82
道路・舗装用材,距離標（Ｃｏ基礎含まず）,ＮＫ４Ｇ－２（図集５－８） 添架金具含まず,本,福井,01,172000,190000,18000,10.47,3af635203444a5d8,95c0b5783b2244e8,82,82
道路・舗装用材,距離標（Ｃｏ基礎含まず）,ＮＫ５Ｇ－１（図集５－８） 添架金具含まず,本,福井,01,186000,205000,19000,10.22,4091521c0259caa3,3cdfd2fe70382b2c,82,82
道路・舗装用材,距離標（Ｃｏ基礎含まず）,ＮＫ５Ｇ－２（図集５－８） 添架金具含まず,本,福井,01,292000,322000,30000,10.27,e5605918314001bf,43fb558283e87dc0,82,82
道路・舗装用材,距離標（Ｃｏ基礎含まず）,ＮＫ４Ｂ－１（図集５－９）,本,福井,01,143000,158000,15000,10.49,8804aa4a5c962888,2cd5fcd0578065fe,82,82
道路・舗装用材,距離標（Ｃｏ基礎含まず）,ＮＫ４Ｂ－２（図集５－９）,本,福井,01,194000,214000,20000,10.31,cb03391b8de5eccb,2c6c6f0f1eae6c20,82,82
道路・舗装用材,距離標（Ｃｏ基礎含まず）,ＮＫ５Ｂ－１（図集５－９）,本,福井,01,211000,233000,22000,10.43,25afac4420420853,1f59b51de189b574,82,82
道路・舗装用材,距離標（Ｃｏ基礎含まず）,ＮＫ５Ｂ－２（図集５－９）,本,福井,01,345000,380000,35000,10.14,8f33a7145c7225b2,909440fd9622bca7,82,82
道路・舗装用材,遮音壁用アンカーボルト,Ｄ２５ Ｌ＝８１０ （図集１７－２）メッキ有,kg,福井,01,500,512,12,2.4,a2dde8dc45f013f7,35931504acec336a,82,82
道路・舗装用材,遮音壁用アンカーボルト,Ｄ２５ Ｌ＝８３０ （図集１７－３）メッキ有,kg,福井,01,500,512,12,2.4,d44a75bdb26a13ca,1bea0f6419d237c1,82,82
道路・舗装用材,遮音板用笠木,Ｗ＝２１０ Ｌ＝３９９０ （図集１７－１５）,m,福井,01,5280,6080,800,15.15,1a0a4571ce77989f,c05d15d2c4aa844c,82,82
道路・舗装用材,遮音板用笠木,Ｗ＝２３５ Ｌ＝３９９０ （図集１７－１５）,m,福井,01,5550,6380,830,14.95,19bd7765c2bf63a4,424813ea7e074089,82,82
道路・舗装用材,名板,舗装用 ２００×１３０×１３ 銅及び銅合金鋳物,枚,滋賀,02,28800,34600,5800,20.14,414cb8aa393261a3,6b3c0c3c6436d6ff,82,82
道路・舗装用材,距離標（Ｃｏ基礎含まず）,ＮＫ４－１（図集５－７）,本,滋賀,02,126000,139000,13000,10.32,16a706cee4b8675e,9ebc8a96ec0b5d5e,82,82
道路・舗装用材,距離標（Ｃｏ基礎含まず）,ＮＫ４－２（図集５－７）,本,滋賀,02,180000,198000,18000,10.0,b79bd0b3b7bfd9da,9c8e87da81ef683d,82,82
道路・舗装用材,距離標（Ｃｏ基礎含まず）,ＮＫ５－１（図集５－７）,本,滋賀,02,196000,216000,20000,10.2,882cf2b49db10776,839c45843866990c,82,82
道路・舗装用材,距離標（Ｃｏ基礎含まず）,ＮＫ５－２（図集５－７）,本,滋賀,02,315000,347000,32000,10.16,70951a951c3af9ab,565536d5c3443262,82,82
道路・舗装用材,距離標（Ｃｏ基礎含まず）,ＮＫ４Ｇ－１（図集５－８） 添架金具含まず,本,滋賀,02,124000,137000,13000,10.48,a053bddefd3ea02a,bf5a5d568595e79c,82,82
道路・舗装用材,距離標（Ｃｏ基礎含まず）,ＮＫ４Ｇ－２（図集５－８） 添架金具含まず,本,滋賀,02,172000,190000,18000,10.47,df12048dad625a77,b54d0ae928d4c1d0,82,82
道路・舗装用材,距離標（Ｃｏ基礎含まず）,ＮＫ５Ｇ－１（図集５－８） 添架金具含まず,本,滋賀,02,186000,205000,19000,10.22,3f84db270e96c8e6,7f6f7a6e689b0d65,82,82
道路・舗装用材,距離標（Ｃｏ基礎含まず）,ＮＫ５Ｇ－２（図集５－８） 添架金具含まず,本,滋賀,02,292000,322000,30000,10.27,96b4deda77cd66bc,3d967a83b271e805,82,82
道路・舗装用材,距離標（Ｃｏ基礎含まず）,ＮＫ４Ｂ－１（図集５－９）,本,滋賀,02,143000,158000,15000,10.49,b1e1e92b8fe0439d,cd948ddfe50d2be8,82,82
道路・舗装用材,距離標（Ｃｏ基礎含まず）,ＮＫ４Ｂ－２（図集５－９）,本,滋賀,02,194000,214000,20000,10.31,8772b0e26b2f63e6,7720f688b16e9211,82,82
道路・舗装用材,距離標（Ｃｏ基礎含まず）,ＮＫ５Ｂ－１（図集５－９）,本,滋賀,02,211000,233000,22000,10.43,829181af88f16435,2b694f0164d6016a,82,82
道路・舗装用材,距離標（Ｃｏ基礎含まず）,ＮＫ５Ｂ－２（図集５－９）,本,滋賀,02,345000,380000,35000,10.14,be58de5f5f5298d5,cff7af5c31eed30d,82,82
道路・舗装用材,遮音壁用アンカーボルト,Ｄ２５ Ｌ＝８１０ （図集１７－２）メッキ有,kg,滋賀,02,500,512,12,2.4,5eeddbad7838acb7,fa5243f5a9aafa45,82,82
道路・舗装用材,遮音壁用アンカーボルト,Ｄ２５ Ｌ＝８３０ （図集１７－３）メッキ有,kg,滋賀,02,500,512,12,2.4,142e06168831028f,9ad29f18b49c4a12,82,82
道路・舗装用材,遮音板用笠木,Ｗ＝２１０ Ｌ＝３９９０ （図集１７－１５）,m,滋賀,02,5280,6080,800,15.15,7cb74ee8ddd462bf,a9dd1516bae48aa7,82,82
道路・舗装用材,遮音板用笠木,Ｗ＝２３５ Ｌ＝３９９０ （図集１７－１５）,m,滋賀,02,5550,6380,830,14.95,7e67f49d66503a1a,72bf83273d5b9821,82,82
道路・舗装用材,名板,舗装用 ２００×１３０×１３ 銅及び銅合金鋳物,枚,京都北部,03,28800,34600,5800,20.14,4f9ff46d4b4ccf0b,838df51e030ca947,82,82
道路・舗装用材,距離標（Ｃｏ基礎含まず）,ＮＫ４－１（図集５－７）,本,京都北部,03,126000,139000,13000,10.32,91b0f78b9cc3cb4b,3d508273c545fb8c,82,82
道路・舗装用材,距離標（Ｃｏ基礎含まず）,ＮＫ４－２（図集５－７）,本,京都北部,03,180000,198000,18000,10.0,cd8e2954c29945e2,81654b7a3164a011,82,82
道路・舗装用材,距離標（Ｃｏ基礎含まず）,ＮＫ５－１（図集５－７）,本,京都北部,03,196000,216000,20000,10.2,56398192596b6f6a,8699e568fa640176,82,82
道路・舗装用材,距離標（Ｃｏ基礎含まず）,ＮＫ５－２（図集５－７）,本,京都北部,03,315000,347000,32000,10.16,5c3d9cc086fa5fa1,592a491f86f32e28,82,82
道路・舗装用材,距離標（Ｃｏ基礎含まず）,ＮＫ４Ｇ－１（図集５－８） 添架金具含まず,本,京都北部,03,124000,137000,13000,10.48,f138f5a98360944f,35d7fc473fcc97c9,82,82
道路・舗装用材,距離標（Ｃｏ基礎含まず）,ＮＫ４Ｇ－２（図集５－８） 添架金具含まず,本,京都北部,03,172000,190000,18000,10.47,d09fced4449b16a5,f341a8daf5abdd24,82,82
道路・舗装用材,距離標（Ｃｏ基礎含まず）,ＮＫ５Ｇ－１（図集５－８） 添架金具含まず,本,京都北部,03,186000,205000,19000,10.22,5c7b2d36f48e0b75,81b6e70d89700580,82,82
道路・舗装用材,距離標（Ｃｏ基礎含まず）,ＮＫ５Ｇ－２（図集５－８） 添架金具含まず,本,京都北部,03,292000,322000,30000,10.27,1dcfd0e2a2f9db84,31e1bd9c6f1dbef4,82,82
道路・舗装用材,距離標（Ｃｏ基礎含まず）,ＮＫ４Ｂ－１（図集５－９）,本,京都北部,03,143000,158000,15000,10.49,8eb55e81430e49ca,7faf527bae20cc28,82,82
道路・舗装用材,距離標（Ｃｏ基礎含まず）,ＮＫ４Ｂ－２（図集５－９）,本,京都北部,03,194000,214000,20000,10.31,46f4dcfac8b70eec,6fa37487c09b2db3,82,82
道路・舗装用材,距離標（Ｃｏ基礎含まず）,ＮＫ５Ｂ－１（図集５－９）,本,京都北部,03,211000,233000,22000,10.43,c5c15427e90091c8,c03875da888d12e7,82,82
道路・舗装用材,距離標（Ｃｏ基礎含まず）,ＮＫ５Ｂ－２（図集５－９）,本,京都北部,03,345000,380000,35000,10.14,9591b6936ef91a5c,bbaaf32f2cb38b0b,82,82
道路・舗装用材,遮音壁用アンカーボルト,Ｄ２５ Ｌ＝８１０ （図集１７－２）メッキ有,kg,京都北部,03,500,512,12,2.4,f6c8421d127a900c,ef26df675a66ed1f,82,82
道路・舗装用材,遮音壁用アンカーボルト,Ｄ２５ Ｌ＝８３０ （図集１７－３）メッキ有,kg,京都北部,03,500,512,12,2.4,16eb2002f239d543,1012beb6b8a3cbe9,82,82
道路・舗装用材,遮音板用笠木,Ｗ＝２１０ Ｌ＝３９９０ （図集１７－１５）,m,京都北部,03,5280,6080,800,15.15,704ac3136736f434,2ed8a2ce271d4a93,82,82
道路・舗装用材,遮音板用笠木,Ｗ＝２３５ Ｌ＝３９９０ （図集１７－１５）,m,京都北部,03,5550,6380,830,14.95,9f9de6958aae8c26,7314d9a001e8cc2f,82,82
道路・舗装用材,名板,舗装用 ２００×１３０×１３ 銅及び銅合金鋳物,枚,京都南部,04,28800,34600,5800,20.14,6ac4cbdb1eb9cdc9,18932a6fa7e7ae77,82,82
道路・舗装用材,距離標（Ｃｏ基礎含まず）,ＮＫ４－１（図集５－７）,本,京都南部,04,126000,139000,13000,10.32,710c2b13a9ca0fc4,5dbd2cf7f3262336,82,82
道路・舗装用材,距離標（Ｃｏ基礎含まず）,ＮＫ４－２（図集５－７）,本,京都南部,04,180000,198000,18000,10.0,31445c16f5e64d68,2e1f7d72e1f82651,82,82
道路・舗装用材,距離標（Ｃｏ基礎含まず）,ＮＫ５－１（図集５－７）,本,京都南部,04,196000,216000,20000,10.2,dbb7abadddd0f8d1,631ddd92b29ee6de,82,82
道路・舗装用材,距離標（Ｃｏ基礎含まず）,ＮＫ５－２（図集５－７）,本,京都南部,04,315000,347000,32000,10.16,9bfa2c81a11a80cf,c83f427cd0e06b35,82,82
道路・舗装用材,距離標（Ｃｏ基礎含まず）,ＮＫ４Ｇ－１（図集５－８） 添架金具含まず,本,京都南部,04,124000,137000,13000,10.48,ce9026da692b1858,5d1ddefbb56968e8,82,82
道路・舗装用材,距離標（Ｃｏ基礎含まず）,ＮＫ４Ｇ－２（図集５－８） 添架金具含まず,本,京都南部,04,172000,190000,18000,10.47,128dde883c8aa584,12278a624542b51d,82,82
道路・舗装用材,距離標（Ｃｏ基礎含まず）,ＮＫ５Ｇ－１（図集５－８） 添架金具含まず,本,京都南部,04,186000,205000,19000,10.22,fb40656b527a16b6,17fabf7cdbf0dcd1,82,82
道路・舗装用材,距離標（Ｃｏ基礎含まず）,ＮＫ５Ｇ－２（図集５－８） 添架金具含まず,本,京都南部,04,292000,322000,30000,10.27,d322cdacf677db3c,014e2b6143900a63,82,82
道路・舗装用材,距離標（Ｃｏ基礎含まず）,ＮＫ４Ｂ－１（図集５－９）,本,京都南部,04,143000,158000,15000,10.49,99af11f307ef6ba8,55150595edd55dd8,82,82
道路・舗装用材,距離標（Ｃｏ基礎含まず）,ＮＫ４Ｂ－２（図集５－９）,本,京都南部,04,194000,214000,20000,10.31,ab6faf6fae6265c9,873839603e5b06aa,82,82
道路・舗装用材,距離標（Ｃｏ基礎含まず）,ＮＫ５Ｂ－１（図集５－９）,本,京都南部,04,211000,233000,22000,10.43,c845b98b5b3a5093,305af10da9ce4fd9,82,82
道路・舗装用材,距離標（Ｃｏ基礎含まず）,ＮＫ５Ｂ－２（図集５－９）,本,京都南部,04,345000,380000,35000,10.14,ced2ed0856c37499,fddad1b7bb3497be,82,82
道路・舗装用材,遮音壁用アンカーボルト,Ｄ２５ Ｌ＝８１０ （図集１７－２）メッキ有,kg,京都南部,04,500,512,12,2.4,1c225eb7e3dfaae2,41de0d9870fa32a2,82,82
道路・舗装用材,遮音壁用アンカーボルト,Ｄ２５ Ｌ＝８３０ （図集１７－３）メッキ有,kg,京都南部,04,500,512,12,2.4,9dddfee398a5f226,484c23663bd27d6d,82,82
道路・舗装用材,遮音板用笠木,Ｗ＝２１０ Ｌ＝３９９０ （図集１７－１５）,m,京都南部,04,5280,6080,800,15.15,a2d8248accf46d96,72b9b9cb4f4c2e05,82,82
道路・舗装用材,遮音板用笠木,Ｗ＝２３５ Ｌ＝３９９０ （図集１７－１５）,m,京都南部,04,5550,6380,830,14.95,2f85c5a4a6e52304,668c82ffaa857461,82,82
道路・舗装用材,名板,舗装用 ２００×１３０×１３ 銅及び銅合金鋳物,枚,大阪,05,28800,34600,5800,20.14,72df877333d6e5ca,bd212904db7a944f,82,82
道路・舗装用材,距離標（Ｃｏ基礎含まず）,ＮＫ４－１（図集５－７）,本,大阪,05,126000,139000,13000,10.32,cdc33b71cf267b31,9c942e0af281782e,82,82
道路・舗装用材,距離標（Ｃｏ基礎含まず）,ＮＫ４－２（図集５－７）,本,大阪,05,180000,198000,18000,10.0,bdd90bed633259dc,547761720491d31c,82,82
道路・舗装用材,距離標（Ｃｏ基礎含まず）,ＮＫ５－１（図集５－７）,本,大阪,05,196000,216000,20000,10.2,aaa34db821a6259d,580fe2eec40964dd,82,82
道路・舗装用材,距離標（Ｃｏ基礎含まず）,ＮＫ５－２（図集５－７）,本,大阪,05,315000,347000,32000,10.16,e2bcab77f4c56a23,fc69bf543e7a3824,82,82
道路・舗装用材,距離標（Ｃｏ基礎含まず）,ＮＫ４Ｇ－１（図集５－８） 添架金具含まず,本,大阪,05,124000,137000,13000,10.48,581741cb4c274b76,4cbdf65e4a7094e0,82,82
道路・舗装用材,距離標（Ｃｏ基礎含まず）,ＮＫ４Ｇ－２（図集５－８） 添架金具含まず,本,大阪,05,172000,190000,18000,10.47,b1ef00ac822191fa,c1150f09b750c3cd,82,82
道路・舗装用材,距離標（Ｃｏ基礎含まず）,ＮＫ５Ｇ－１（図集５－８） 添架金具含まず,本,大阪,05,186000,205000,19000,10.22,a6349ed7ccd5868c,12cc36575b1eb629,82,82
道路・舗装用材,距離標（Ｃｏ基礎含まず）,ＮＫ５Ｇ－２（図集５－８） 添架金具含まず,本,大阪,05,292000,322000,30000,10.27,8bb5aaad56f536f5,d2d25804e29bccb8,82,82
道路・舗装用材,距離標（Ｃｏ基礎含まず）,ＮＫ４Ｂ－１（図集５－９）,本,大阪,05,143000,158000,15000,10.49,a71821ed69c89958,e9dd9262ccebb73d,82,82
道路・舗装用材,距離標（Ｃｏ基礎含まず）,ＮＫ４Ｂ－２（図集５－９）,本,大阪,05,194000,214000,20000,10.31,61c9d8fe1a737a19,91b109fe3e78755d,82,82
道路・舗装用材,距離標（Ｃｏ基礎含まず）,ＮＫ５Ｂ－１（図集５－９）,本,大阪,05,211000,233000,22000,10.43,2dc3e740ac4de61d,ee244cea46f1b5c1,82,82
道路・舗装用材,距離標（Ｃｏ基礎含まず）,ＮＫ５Ｂ－２（図集５－９）,本,大阪,05,345000,380000,35000,10.14,bf55c70f4d88c272,caae285052073af4,82,82
道路・舗装用材,遮音壁用アンカーボルト,Ｄ２５ Ｌ＝８１０ （図集１７－２）メッキ有,kg,大阪,05,500,512,12,2.4,76d1d12a838094aa,b0b4d1e7431fe123,82,82
道路・舗装用材,遮音壁用アンカーボルト,Ｄ２５ Ｌ＝８３０ （図集１７－３）メッキ有,kg,大阪,05,500,512,12,2.4,7b8648b47683bd89,4fd16756072a1213,82,82
道路・舗装用材,遮音板用笠木,Ｗ＝２１０ Ｌ＝３９９０ （図集１７－１５）,m,大阪,05,5280,6080,800,15.15,37398d940a8cf198,6ea4ffaa8cbf8a96,82,82
道路・舗装用材,遮音板用笠木,Ｗ＝２３５ Ｌ＝３９９０ （図集１７－１５）,m,大阪,05,5550,6380,830,14.95,ec69c2e4aabae6f3,cdf68e57d3176722,82,82
道路・舗装用材,名板,舗装用 ２００×１３０×１３ 銅及び銅合金鋳物,枚,兵庫北部,06,28800,34600,5800,20.14,35dfbb5546610b44,9ca56d39f675fb5c,82,82
道路・舗装用材,距離標（Ｃｏ基礎含まず）,ＮＫ４－１（図集５－７）,本,兵庫北部,06,126000,139000,13000,10.32,2956e7861f6ef2d4,af81ca1e3d5dceb5,82,82
道路・舗装用材,距離標（Ｃｏ基礎含まず）,ＮＫ４－２（図集５－７）,本,兵庫北部,06,180000,198000,18000,10.0,cdc22995c40aec0d,c8d81c33532cbf26,82,82
道路・舗装用材,距離標（Ｃｏ基礎含まず）,ＮＫ５－１（図集５－７）,本,兵庫北部,06,196000,216000,20000,10.2,f8582b7af02f3341,5807373de8a2918e,82,82
道路・舗装用材,距離標（Ｃｏ基礎含まず）,ＮＫ５－２（図集５－７）,本,兵庫北部,06,315000,347000,32000,10.16,d5e2f3f8e67c63a2,7b4359eadd2a81a3,82,82
道路・舗装用材,距離標（Ｃｏ基礎含まず）,ＮＫ４Ｇ－１（図集５－８） 添架金具含まず,本,兵庫北部,06,124000,137000,13000,10.48,aec77359e3a3f1ed,f33d2f276f7d5545,82,82
道路・舗装用材,距離標（Ｃｏ基礎含まず）,ＮＫ４Ｇ－２（図集５－８） 添架金具含まず,本,兵庫北部,06,172000,190000,18000,10.47,0d8a26ee21ed2b70,8c3e07f959ed1c3f,82,82
道路・舗装用材,距離標（Ｃｏ基礎含まず）,ＮＫ５Ｇ－１（図集５－８） 添架金具含まず,本,兵庫北部,06,186000,205000,19000,10.22,f813c371cead37dd,d0dbee20968ffc47,82,82
道路・舗装用材,距離標（Ｃｏ基礎含まず）,ＮＫ５Ｇ－２（図集５－８） 添架金具含まず,本,兵庫北部,06,292000,322000,30000,10.27,3e248fc7e14c00f7,9745740442984565,82,82
道路・舗装用材,距離標（Ｃｏ基礎含まず）,ＮＫ４Ｂ－１（図集５－９）,本,兵庫北部,06,143000,158000,15000,10.49,8a6fda0fbbc85ebf,87a5db2239855fde,82,82
道路・舗装用材,距離標（Ｃｏ基礎含まず）,ＮＫ４Ｂ－２（図集５－９）,本,兵庫北部,06,194000,214000,20000,10.31,6d3d15d00b79f6e9,b5042e03df6d1fb9,82,82
道路・舗装用材,距離標（Ｃｏ基礎含まず）,ＮＫ５Ｂ－１（図集５－９）,本,兵庫北部,06,211000,233000,22000,10.43,7bdffc647135021c,bc58cbeff43e77b3,82,82
道路・舗装用材,距離標（Ｃｏ基礎含まず）,ＮＫ５Ｂ－２（図集５－９）,本,兵庫北部,06,345000,380000,35000,10.14,34709a19bdff002f,65a2cac8da3321d0,82,82
道路・舗装用材,遮音壁用アンカーボルト,Ｄ２５ Ｌ＝８１０ （図集１７－２）メッキ有,kg,兵庫北部,06,500,512,12,2.4,f55eeb426b0eeaa9,83425579b0a95ddd,82,82
道路・舗装用材,遮音壁用アンカーボルト,Ｄ２５ Ｌ＝８３０ （図集１７－３）メッキ有,kg,兵庫北部,06,500,512,12,2.4,d0042cc007e67d97,a6a49b81d7224571,82,82
道路・舗装用材,遮音板用笠木,Ｗ＝２１０ Ｌ＝３９９０ （図集１７－１５）,m,兵庫北部,06,5280,6080,800,15.15,a061d4d52c968b1b,2a51395090f83e60,82,82
道路・舗装用材,遮音板用笠木,Ｗ＝２３５ Ｌ＝３９９０ （図集１７－１５）,m,兵庫北部,06,5550,6380,830,14.95,bbe32df214832464,7622349059d60c2a,82,82
道路・舗装用材,名板,舗装用 ２００×１３０×１３ 銅及び銅合金鋳物,枚,兵庫西部,07,28800,34600,5800,20.14,6492010f87aa4fc9,87e61aca66f172cd,82,82
道路・舗装用材,距離標（Ｃｏ基礎含まず）,ＮＫ４－１（図集５－７）,本,兵庫西部,07,126000,139000,13000,10.32,14aee0b38c3979ca,0f44c637926947a8,82,82
道路・舗装用材,距離標（Ｃｏ基礎含まず）,ＮＫ４－２（図集５－７）,本,兵庫西部,07,180000,198000,18000,10.0,e1a02fe38c818d24,2dfe7d63d19d2d1e,82,82
道路・舗装用材,距離標（Ｃｏ基礎含まず）,ＮＫ５－１（図集５－７）,本,兵庫西部,07,196000,216000,20000,10.2,0ba9dc286aaeaedf,3ec9e5a63ed5b40f,82,82
道路・舗装用材,距離標（Ｃｏ基礎含まず）,ＮＫ５－２（図集５－７）,本,兵庫西部,07,315000,347000,32000,10.16,77dc9a702b9f31ee,2d821daaad67a340,82,82
道路・舗装用材,距離標（Ｃｏ基礎含まず）,ＮＫ４Ｇ－１（図集５－８） 添架金具含まず,本,兵庫西部,07,124000,137000,13000,10.48,5e439981b6d76d59,7ff96b9119b80125,82,82
道路・舗装用材,距離標（Ｃｏ基礎含まず）,ＮＫ４Ｇ－２（図集５－８） 添架金具含まず,本,兵庫西部,07,172000,190000,18000,10.47,cdb5e629e1ba7b9d,4448a40392f2d789,82,82
道路・舗装用材,距離標（Ｃｏ基礎含まず）,ＮＫ５Ｇ－１（図集５－８） 添架金具含まず,本,兵庫西部,07,186000,205000,19000,10.22,06f1caaf2e12af2f,556001b229fa7a45,82,82
道路・舗装用材,距離標（Ｃｏ基礎含まず）,ＮＫ５Ｇ－２（図集５－８） 添架金具含まず,本,兵庫西部,07,292000,322000,30000,10.27,73f1ac1e0601a387,494d05a6a1297ab5,82,82
道路・舗装用材,距離標（Ｃｏ基礎含まず）,ＮＫ４Ｂ－１（図集５－９）,本,兵庫西部,07,143000,158000,15000,10.49,620fb17515da56f3,6cb605e4bde21df3,82,82
道路・舗装用材,距離標（Ｃｏ基礎含まず）,ＮＫ４Ｂ－２（図集５－９）,本,兵庫西部,07,194000,214000,20000,10.31,6f74c32a1b9e878d,7615043994573b0c,82,82
道路・舗装用材,距離標（Ｃｏ基礎含まず）,ＮＫ５Ｂ－１（図集５－９）,本,兵庫西部,07,211000,233000,22000,10.43,bca205c715edbb28,29d06f08b4d023e7,82,82
道路・舗装用材,距離標（Ｃｏ基礎含まず）,ＮＫ５Ｂ－２（図集５－９）,本,兵庫西部,07,345000,380000,35000,10.14,1e71eb80d568fcf6,e1f60a7c735318bc,82,82
道路・舗装用材,遮音壁用アンカーボルト,Ｄ２５ Ｌ＝８１０ （図集１７－２）メッキ有,kg,兵庫西部,07,500,512,12,2.4,c3990daf2b22f376,d83545215d0bc1c6,82,82
道路・舗装用材,遮音壁用アンカーボルト,Ｄ２５ Ｌ＝８３０ （図集１７－３）メッキ有,kg,兵庫西部,07,500,512,12,2.4,03fe2bb0ad5d177c,3c2772df8b046a88,82,82
道路・舗装用材,遮音板用笠木,Ｗ＝２１０ Ｌ＝３９９０ （図集１７－１５）,m,兵庫西部,07,5280,6080,800,15.15,3fea7f3374289e9b,0a0847292a73a516,82,82
道路・舗装用材,遮音板用笠木,Ｗ＝２３５ Ｌ＝３９９０ （図集１７－１５）,m,兵庫西部,07,5550,6380,830,14.95,927c32524c66908c,776a0418f8cc7bdf,82,82
道路・舗装用材,名板,舗装用 ２００×１３０×１３ 銅及び銅合金鋳物,枚,兵庫,08,28800,34600,5800,20.14,382ac40c727bb09c,746985ecf2393c14,82,82
道路・舗装用材,距離標（Ｃｏ基礎含まず）,ＮＫ４－１（図集５－７）,本,兵庫,08,126000,139000,13000,10.32,285bda6b54d526c7,8aa43f94fa08fed4,82,82
道路・舗装用材,距離標（Ｃｏ基礎含まず）,ＮＫ４－２（図集５－７）,本,兵庫,08,180000,198000,18000,10.0,514e22d9b6ce58dc,68892ef73c1e7d78,82,82
道路・舗装用材,距離標（Ｃｏ基礎含まず）,ＮＫ５－１（図集５－７）,本,兵庫,08,196000,216000,20000,10.2,e2ce7649416dc6d1,42d4c38a8c925733,82,82
道路・舗装用材,距離標（Ｃｏ基礎含まず）,ＮＫ５－２（図集５－７）,本,兵庫,08,315000,347000,32000,10.16,166b7ead30ea2635,ae380ffcf8370a8e,82,82
道路・舗装用材,距離標（Ｃｏ基礎含まず）,ＮＫ４Ｇ－１（図集５－８） 添架金具含まず,本,兵庫,08,124000,137000,13000,10.48,2d3ace80ac685546,22cae50f38792469,82,82
道路・舗装用材,距離標（Ｃｏ基礎含まず）,ＮＫ４Ｇ－２（図集５－８） 添架金具含まず,本,兵庫,08,172000,190000,18000,10.47,f2e85310578924ed,fb5835f44b719c2a,82,82
道路・舗装用材,距離標（Ｃｏ基礎含まず）,ＮＫ５Ｇ－１（図集５－８） 添架金具含まず,本,兵庫,08,186000,205000,19000,10.22,7de0403f356fabff,71acd2d26a9bdcf7,82,82
道路・舗装用材,距離標（Ｃｏ基礎含まず）,ＮＫ５Ｇ－２（図集５－８） 添架金具含まず,本,兵庫,08,292000,322000,30000,10.27,24cdfc664612465d,81ffe331c40e00e7,82,82
道路・舗装用材,距離標（Ｃｏ基礎含まず）,ＮＫ４Ｂ－１（図集５－９）,本,兵庫,08,143000,158000,15000,10.49,39cfeaa6174c0189,db8ba521dc684c69,82,82
道路・舗装用材,距離標（Ｃｏ基礎含まず）,ＮＫ４Ｂ－２（図集５－９）,本,兵庫,08,194000,214000,20000,10.31,9491d3b40f08ca07,6e61d6a230f2d822,82,82
道路・舗装用材,距離標（Ｃｏ基礎含まず）,ＮＫ５Ｂ－１（図集５－９）,本,兵庫,08,211000,233000,22000,10.43,6222177fd8cdec1f,9f906ef8cf41fee6,82,82
道路・舗装用材,距離標（Ｃｏ基礎含まず）,ＮＫ５Ｂ－２（図集５－９）,本,兵庫,08,345000,380000,35000,10.14,c8465c9af656bd14,a3a1f439e010979c,82,82
道路・舗装用材,遮音壁用アンカーボルト,Ｄ２５ Ｌ＝８１０ （図集１７－２）メッキ有,kg,兵庫,08,500,512,12,2.4,24efe84d8b11df3e,aecdb5ae85e55f0c,82,82
道路・舗装用材,遮音壁用アンカーボルト,Ｄ２５ Ｌ＝８３０ （図集１７－３）メッキ有,kg,兵庫,08,500,512,12,2.4,407f9d5d47624968,6014d6015ca729ad,82,82
道路・舗装用材,遮音板用笠木,Ｗ＝２１０ Ｌ＝３９９０ （図集１７－１５）,m,兵庫,08,5280,6080,800,15.15,7a860ed563c23c3d,31737fe3a7e03a8a,82,82
道路・舗装用材,遮音板用笠木,Ｗ＝２３５ Ｌ＝３９９０ （図集１７－１５）,m,兵庫,08,5550,6380,830,14.95,9e89a767303a3e1e,851ffa1e311cd412,82,82
道路・舗装用材,名板,舗装用 ２００×１３０×１３ 銅及び銅合金鋳物,枚,奈良,09,28800,34600,5800,20.14,5fdf63032ea27486,31cc39dd83a0a744,82,82
道路・舗装用材,距離標（Ｃｏ基礎含まず）,ＮＫ４－１（図集５－７）,本,奈良,09,126000,139000,13000,10.32,02e2345a68629e45,99e7a4a216957e6f,82,82
道路・舗装用材,距離標（Ｃｏ基礎含まず）,ＮＫ４－２（図集５－７）,本,奈良,09,180000,198000,18000,10.0,86f6dc339c38f4ad,8c0b227dac08ce86,82,82
道路・舗装用材,距離標（Ｃｏ基礎含まず）,ＮＫ５－１（図集５－７）,本,奈良,09,196000,216000,20000,10.2,5e890a2f6e2e5388,c8b1cfe1b0d422f1,82,82
道路・舗装用材,距離標（Ｃｏ基礎含まず）,ＮＫ５－２（図集５－７）,本,奈良,09,315000,347000,32000,10.16,1f3730a091375248,ab3c3f18bf98fe82,82,82
道路・舗装用材,距離標（Ｃｏ基礎含まず）,ＮＫ４Ｇ－１（図集５－８） 添架金具含まず,本,奈良,09,124000,137000,13000,10.48,7ab27d8847f0c431,e9fdc12e9614865e,82,82
道路・舗装用材,距離標（Ｃｏ基礎含まず）,ＮＫ４Ｇ－２（図集５－８） 添架金具含まず,本,奈良,09,172000,190000,18000,10.47,f89933c4904dcec8,14c7fa4ef82aac7e,82,82
道路・舗装用材,距離標（Ｃｏ基礎含まず）,ＮＫ５Ｇ－１（図集５－８） 添架金具含まず,本,奈良,09,186000,205000,19000,10.22,86cb94089e92c56e,aaa132b52b71b345,82,82
道路・舗装用材,距離標（Ｃｏ基礎含まず）,ＮＫ５Ｇ－２（図集５－８） 添架金具含まず,本,奈良,09,292000,322000,30000,10.27,69fb719c4e29e72e,0567a0f8f460e5a6,82,82
道路・舗装用材,距離標（Ｃｏ基礎含まず）,ＮＫ４Ｂ－１（図集５－９）,本,奈良,09,143000,158000,15000,10.49,8859768476cb26bd,24b7a803cf283855,82,82
道路・舗装用材,距離標（Ｃｏ基礎含まず）,ＮＫ４Ｂ－２（図集５－９）,本,奈良,09,194000,214000,20000,10.31,df4f2176dc926ab3,70a30427d68cfb8c,82,82
道路・舗装用材,距離標（Ｃｏ基礎含まず）,ＮＫ５Ｂ－１（図集５－９）,本,奈良,09,211000,233000,22000,10.43,30cd7a9823eb279d,b101f60a64c4a59b,82,82
道路・舗装用材,距離標（Ｃｏ基礎含まず）,ＮＫ５Ｂ－２（図集５－９）,本,奈良,09,345000,380000,35000,10.14,22866f08457ad9cf,5df5b7ff7887cf52,82,82
道路・舗装用材,遮音壁用アンカーボルト,Ｄ２５ Ｌ＝８１０ （図集１７－２）メッキ有,kg,奈良,09,500,512,12,2.4,66b19f18bf4d76fc,d35c8d5115e6efc4,82,82
道路・舗装用材,遮音壁用アンカーボルト,Ｄ２５ Ｌ＝８３０ （図集１７－３）メッキ有,kg,奈良,09,500,512,12,2.4,bb93a46cdf0f50c4,62abc8af1fd6a25a,82,82
道路・舗装用材,遮音板用笠木,Ｗ＝２１０ Ｌ＝３９９０ （図集１７－１５）,m,奈良,09,5280,6080,800,15.15,d1353c9abb388aa5,33be8260234bd995,82,82
道路・舗装用材,遮音板用笠木,Ｗ＝２３５ Ｌ＝３９９０ （図集１７－１５）,m,奈良,09,5550,6380,830,14.95,32727238c7c33a7b,88ecba93ea5c1951,82,82
道路・舗装用材,名板,舗装用 ２００×１３０×１３ 銅及び銅合金鋳物,枚,和歌山,10,28800,34600,5800,20.14,125fc9d47b8a39ef,05e4d2efd8cc382c,82,82
道路・舗装用材,距離標（Ｃｏ基礎含まず）,ＮＫ４－１（図集５－７）,本,和歌山,10,126000,139000,13000,10.32,72d3d443b805a658,97fc9403a6a10d6c,82,82
道路・舗装用材,距離標（Ｃｏ基礎含まず）,ＮＫ４－２（図集５－７）,本,和歌山,10,180000,198000,18000,10.0,3cdebfd81f349697,c5db9d6a87f8f3b5,82,82
道路・舗装用材,距離標（Ｃｏ基礎含まず）,ＮＫ５－１（図集５－７）,本,和歌山,10,196000,216000,20000,10.2,3d7bbe187c8ac6c3,2ea9644d2e124b15,82,82
道路・舗装用材,距離標（Ｃｏ基礎含まず）,ＮＫ５－２（図集５－７）,本,和歌山,10,315000,347000,32000,10.16,c9270f1f1edf6625,2b8f90d77bd7c824,82,82
道路・舗装用材,距離標（Ｃｏ基礎含まず）,ＮＫ４Ｇ－１（図集５－８） 添架金具含まず,本,和歌山,10,124000,137000,13000,10.48,6b95e0432762fbc9,3dfbe1abc50a3a05,82,82
道路・舗装用材,距離標（Ｃｏ基礎含まず）,ＮＫ４Ｇ－２（図集５－８） 添架金具含まず,本,和歌山,10,172000,190000,18000,10.47,f8da184f0d05a8e3,103c73d8d8f02129,82,82
道路・舗装用材,距離標（Ｃｏ基礎含まず）,ＮＫ５Ｇ－１（図集５－８） 添架金具含まず,本,和歌山,10,186000,205000,19000,10.22,4197b26960d487fc,bc0b0214eba4a458,82,82
道路・舗装用材,距離標（Ｃｏ基礎含まず）,ＮＫ５Ｇ－２（図集５－８） 添架金具含まず,本,和歌山,10,292000,322000,30000,10.27,a6ef53de7624bb92,27e8d867c12693e5,82,82
道路・舗装用材,距離標（Ｃｏ基礎含まず）,ＮＫ４Ｂ－１（図集５－９）,本,和歌山,10,143000,158000,15000,10.49,23b1b117ca349632,811deb3d9a7547f4,82,82
道路・舗装用材,距離標（Ｃｏ基礎含まず）,ＮＫ４Ｂ－２（図集５－９）,本,和歌山,10,194000,214000,20000,10.31,6fc8a5f0bd10e24b,6dbdb4b3e3758500,82,82
道路・舗装用材,距離標（Ｃｏ基礎含まず）,ＮＫ５Ｂ－１（図集５－９）,本,和歌山,10,211000,233000,22000,10.43,711282e741fe2ac8,a0dc0b6cc6501e2d,82,82
道路・舗装用材,距離標（Ｃｏ基礎含まず）,ＮＫ５Ｂ－２（図集５－９）,本,和歌山,10,345000,380000,35000,10.14,8b9a9966036ef564,5175eb89c7dd689f,82,82
道路・舗装用材,遮音壁用アンカーボルト,Ｄ２５ Ｌ＝８１０ （図集１７－２）メッキ有,kg,和歌山,10,500,512,12,2.4,dad78c82aae13068,7d47762309f42734,82,82
道路・舗装用材,遮音壁用アンカーボルト,Ｄ２５ Ｌ＝８３０ （図集１７－３）メッキ有,kg,和歌山,10,500,512,12,2.4,02314b0a6e597dc8,5dfd452b3d5bc1a4,82,82
道路・舗装用材,遮音板用笠木,Ｗ＝２１０ Ｌ＝３９９０ （図集１７－１５）,m,和歌山,10,5280,6080,800,15.15,55283b8155c9c864,57024c27e8c59cf6,82,82
道路・舗装用材,遮音板用笠木,Ｗ＝２３５ Ｌ＝３９９０ （図集１７－１５）,m,和歌山,10,5550,6380,830,14.95,85af3616868d71d8,74b422a22873406e,82,82
道路・舗装用材,名板,舗装用 ２００×１３０×１３ 銅及び銅合金鋳物,枚,岐阜,11,28800,34600,5800,20.14,4392e896ccfef8e8,78489ce43e5f1b92,82,82
道路・舗装用材,距離標（Ｃｏ基礎含まず）,ＮＫ４－１（図集５－７）,本,岐阜,11,126000,139000,13000,10.32,762a5f370f07225d,352c12d6e23ed5f7,82,82
道路・舗装用材,距離標（Ｃｏ基礎含まず）,ＮＫ４－２（図集５－７）,本,岐阜,11,180000,198000,18000,10.0,42c602d6ababd442,4c411de235f13793,82,82
道路・舗装用材,距離標（Ｃｏ基礎含まず）,ＮＫ５－１（図集５－７）,本,岐阜,11,196000,216000,20000,10.2,2643103cc3b49ad9,af10cdfeacee96a6,82,82
道路・舗装用材,距離標（Ｃｏ基礎含まず）,ＮＫ５－２（図集５－７）,本,岐阜,11,315000,347000,32000,10.16,0ea3b7bccda6e10d,baf77b8a4faad8ab,82,82
道路・舗装用材,距離標（Ｃｏ基礎含まず）,ＮＫ４Ｇ－１（図集５－８） 添架金具含まず,本,岐阜,11,124000,137000,13000,10.48,e52cd54642f41e5e,a19e0f09b68633ed,82,82
道路・舗装用材,距離標（Ｃｏ基礎含まず）,ＮＫ４Ｇ－２（図集５－８） 添架金具含まず,本,岐阜,11,172000,190000,18000,10.47,ecbe48f44611ac7c,3e8fe8b409ed96f5,82,82
道路・舗装用材,距離標（Ｃｏ基礎含まず）,ＮＫ５Ｇ－１（図集５－８） 添架金具含まず,本,岐阜,11,186000,205000,19000,10.22,267f646d402d6587,179cb42817a97089,82,82
道路・舗装用材,距離標（Ｃｏ基礎含まず）,ＮＫ５Ｇ－２（図集５－８） 添架金具含まず,本,岐阜,11,292000,322000,30000,10.27,b9e90413ea8276b0,d467bbe7d15585ab,82,82
道路・舗装用材,距離標（Ｃｏ基礎含まず）,ＮＫ４Ｂ－１（図集５－９）,本,岐阜,11,143000,158000,15000,10.49,e6a1cd5169ef9e62,c13a02fc09d486bd,82,82
道路・舗装用材,距離標（Ｃｏ基礎含まず）,ＮＫ４Ｂ－２（図集５－９）,本,岐阜,11,194000,214000,20000,10.31,ba2feff89aa3accc,20f654d193e8e7ac,82,82
道路・舗装用材,距離標（Ｃｏ基礎含まず）,ＮＫ５Ｂ－１（図集５－９）,本,岐阜,11,211000,233000,22000,10.43,261d1b3c046d9a70,182e40e678b527f7,82,82
道路・舗装用材,距離標（Ｃｏ基礎含まず）,ＮＫ５Ｂ－２（図集５－９）,本,岐阜,11,345000,380000,35000,10.14,e20267f766249a71,4f1290f49093eba3,82,82
道路・舗装用材,遮音壁用アンカーボルト,Ｄ２５ Ｌ＝８１０ （図集１７－２）メッキ有,kg,岐阜,11,500,512,12,2.4,438eb8d458684b28,ba1635851e966974,82,82
道路・舗装用材,遮音壁用アンカーボルト,Ｄ２５ Ｌ＝８３０ （図集１７－３）メッキ有,kg,岐阜,11,500,512,12,2.4,cc27897eac1f6604,70cb51203e99b8cc,82,82
道路・舗装用材,遮音板用笠木,Ｗ＝２１０ Ｌ＝３９９０ （図集１７－１５）,m,岐阜,11,5280,6080,800,15.15,6ec0be179633ed7c,922583b10633bafb,82,82
道路・舗装用材,遮音板用笠木,Ｗ＝２３５ Ｌ＝３９９０ （図集１７－１５）,m,岐阜,11,5550,6380,830,14.95,701bc0734c00b35d,6d223fe38c056177,82,82
道路・舗装用材,名板,舗装用 ２００×１３０×１３ 銅及び銅合金鋳物,枚,三重,12,28800,34600,5800,20.14,3e9045efc7f3f25c,9a2a14fdada57b1a,82,82
道路・舗装用材,距離標（Ｃｏ基礎含まず）,ＮＫ４－１（図集５－７）,本,三重,12,126000,139000,13000,10.32,23c1a6cdec3e5ed0,f915890be612cf02,82,82
道路・舗装用材,距離標（Ｃｏ基礎含まず）,ＮＫ４－２（図集５－７）,本,三重,12,180000,198000,18000,10.0,8b17689bf4392918,da6dfb588071a05c,82,82
道路・舗装用材,距離標（Ｃｏ基礎含まず）,ＮＫ５－１（図集５－７）,本,三重,12,196000,216000,20000,10.2,be51f5041326504f,77443a82b563553b,82,82
道路・舗装用材,距離標（Ｃｏ基礎含まず）,ＮＫ５－２（図集５－７）,本,三重,12,315000,347000,32000,10.16,fd04e1f9b0d2ea40,b0f6d8f9d279a62c,82,82
道路・舗装用材,距離標（Ｃｏ基礎含まず）,ＮＫ４Ｇ－１（図集５－８） 添架金具含まず,本,三重,12,124000,137000,13000,10.48,37c059722d2abe76,fb3fb33141d71b28,82,82
道路・舗装用材,距離標（Ｃｏ基礎含まず）,ＮＫ４Ｇ－２（図集５－８） 添架金具含まず,本,三重,12,172000,190000,18000,10.47,c48c99344b313692,36b61d48f2e2d041,82,82
道路・舗装用材,距離標（Ｃｏ基礎含まず）,ＮＫ５Ｇ－１（図集５－８） 添架金具含まず,本,三重,12,186000,205000,19000,10.22,710730f270f42519,5067e7c0f412b0c3,82,82
道路・舗装用材,距離標（Ｃｏ基礎含まず）,ＮＫ５Ｇ－２（図集５－８） 添架金具含まず,本,三重,12,292000,322000,30000,10.27,b625e065b6452fe0,e2cd993c9754793a,82,82
道路・舗装用材,距離標（Ｃｏ基礎含まず）,ＮＫ４Ｂ－１（図集５－９）,本,三重,12,143000,158000,15000,10.49,246c30b97f9a70b6,b824ca0889244600,82,82
道路・舗装用材,距離標（Ｃｏ基礎含まず）,ＮＫ４Ｂ－２（図集５－９）,本,三重,12,194000,214000,20000,10.31,bce8a96c55f1bf4d,84f19e7bc2ad4aa0,82,82
道路・舗装用材,距離標（Ｃｏ基礎含まず）,ＮＫ５Ｂ－１（図集５－９）,本,三重,12,211000,233000,22000,10.43,171aba6a706e3496,e6a072cb44ee86f9,82,82
道路・舗装用材,距離標（Ｃｏ基礎含まず）,ＮＫ５Ｂ－２（図集５－９）,本,三重,12,345000,380000,35000,10.14,5cc5a5bff01e27f6,3711fa21a2222787,82,82
道路・舗装用材,遮音壁用アンカーボルト,Ｄ２５ Ｌ＝８１０ （図集１７－２）メッキ有,kg,三重,12,500,512,12,2.4,d55dcb175280814b,cb10a94cb28fba5b,82,82
道路・舗装用材,遮音壁用アンカーボルト,Ｄ２５ Ｌ＝８３０ （図集１７－３）メッキ有,kg,三重,12,500,512,12,2.4,a88e3b94e0766f90,cc9fd08a3ab55d6c,82,82
道路・舗装用材,遮音板用笠木,Ｗ＝２１０ Ｌ＝３９９０ （図集１７－１５）,m,三重,12,5280,6080,800,15.15,1120756dddcfc7fd,c98ff537b2f39a30,82,82
道路・舗装用材,遮音板用笠木,Ｗ＝２３５ Ｌ＝３９９０ （図集１７－１５）,m,三重,12,5550,6380,830,14.95,4e8e2185d4af9c14,f21e49726e5f7ca8,82,82
道路・舗装用材,鉄蓋(黒蓋),歩道用 φ750 T-25,組,福井,01,230000,254000,24000,10.43,e436bd49d8411fc7,12da39a3f52bdace,88,88
道路・舗装用材,鉄蓋(黒蓋),歩道用 φ750 T-25,組,滋賀,02,230000,254000,24000,10.43,46d939e13498403f,0f8841b7e149c01d,88,88
道路・舗装用材,鉄蓋(黒蓋),車道用 φ750 T-25,組,滋賀,02,235000,259000,24000,10.21,06da71ecf63a9895,5dcde1a467ecb8a2,88,88
道路・舗装用材,鉄蓋(黒蓋),車道用 φ870 T-25,組,滋賀,02,428000,472000,44000,10.28,405dbfc21f9287da,624ec48535761750,88,88
道路・舗装用材,鉄蓋(黒蓋),歩道用 φ600 T-25,組,京都北部,03,97600,102000,4400,4.51,64b2f95dd79aca9f,be002cc9d42eac2e,88,88
道路・舗装用材,鉄蓋(黒蓋),歩道用 φ700 T-25,組,京都北部,03,176000,194000,18000,10.23,ff084aa236926dab,4ade9fd239f9879d,88,88
道路・舗装用材,鉄蓋(黒蓋),歩道用 φ750 T-25,組,京都北部,03,230000,254000,24000,10.43,0139fcf27c8c7f41,6af8f1d3c1776ff8,88,88
道路・舗装用材,鉄蓋(黒蓋),車道用 φ870 T-25,組,京都北部,03,428000,472000,44000,10.28,ed89ee23f78f8313,48f1a3e46fcec4d6,88,88
道路・舗装用材,鉄蓋(黒蓋),車道用 φ880 T-25,組,京都北部,03,428000,472000,44000,10.28,2a856bcd40802ff2,a7c98ff6123a1316,88,88
道路・舗装用材,鉄蓋(黒蓋),歩道用 φ600 T-25,組,京都南部,04,97600,102000,4400,4.51,e4fb16cb07dac69b,61a235de79992043,88,88
道路・舗装用材,鉄蓋(黒蓋),歩道用 φ700 T-25,組,京都南部,04,176000,194000,18000,10.23,b3a92b89b15e1314,daa5299ed0668992,88,88
道路・舗装用材,鉄蓋(黒蓋),歩道用 φ750 T-25,組,京都南部,04,230000,254000,24000,10.43,eb0854ccfe8c3d62,78515e3f4fd96496,88,88
道路・舗装用材,鉄蓋(黒蓋),車道用 φ870 T-25,組,京都南部,04,428000,472000,44000,10.28,c892b02a4e41b34b,0fadfd8053d94fc4,88,88
道路・舗装用材,鉄蓋(黒蓋),車道用 φ880 T-25,組,京都南部,04,428000,472000,44000,10.28,99fcfb1d7f714078,bc353930cf8f4c36,88,88
道路・舗装用材,鉄蓋(黒蓋),歩道用 φ750 T-25,組,大阪,05,230000,254000,24000,10.43,a1fd5aa0cc4c3d0d,2d429275e1d6914c,88,88
道路・舗装用材,鉄蓋(黒蓋),車道用 φ750 T-25,組,大阪,05,235000,259000,24000,10.21,f23e63573e64522e,5f68e024414b73d1,88,88
道路・舗装用材,鉄蓋(黒蓋),車道用 φ870 T-25,組,大阪,05,428000,472000,44000,10.28,6bb95788a44492c9,127d45da0002888e,88,88
道路・舗装用材,鉄蓋(黒蓋),車道用 φ880 T-25,組,大阪,05,428000,472000,44000,10.28,ad80a1a0e2a7ff71,f097ea38bbf8c838,88,88
道路・舗装用材,鉄蓋(黒蓋),歩道用 φ600 T-25,組,兵庫北部,06,117000,118000,1000,0.85,1b4af1cdd286ef05,4083f388834a2691,88,88
道路・舗装用材,鉄蓋(黒蓋),車道用 φ600 T-25,組,兵庫北部,06,118000,119000,1000,0.85,d6a76537098fa05d,5a64ae33514c6f0b,88,88
道路・舗装用材,鉄蓋(黒蓋),歩道用 φ750 T-25,組,兵庫北部,06,230000,254000,24000,10.43,342fc7bb5dd061a1,34edade37377c5fd,88,88
道路・舗装用材,鉄蓋(黒蓋),車道用 φ750 T-25,組,兵庫北部,06,235000,259000,24000,10.21,50805a50df22d063,e39acb56c7d382d1,88,88
道路・舗装用材,鉄蓋(黒蓋),車道用 φ870 T-25,組,兵庫北部,06,428000,472000,44000,10.28,39d1d7e45a006adb,7744ee99175d6137,88,88
道路・舗装用材,鉄蓋(黒蓋),歩道用 φ600 T-25,組,兵庫西部,07,117000,118000,1000,0.85,1bec00d2b8c4a021,42b23bc19f736c2d,88,88
道路・舗装用材,鉄蓋(黒蓋),車道用 φ600 T-25,組,兵庫西部,07,118000,119000,1000,0.85,769e82c9c7e53ba5,6814f51ad7642c52,88,88
道路・舗装用材,鉄蓋(黒蓋),歩道用 φ750 T-25,組,兵庫西部,07,230000,254000,24000,10.43,d5029ab84c1b37cd,b67bd42afce81468,88,88
道路・舗装用材,鉄蓋(黒蓋),車道用 φ750 T-25,組,兵庫西部,07,235000,259000,24000,10.21,4c9b389fff51f6c2,518b0f8d3e9f1607,88,88
道路・舗装用材,鉄蓋(黒蓋),車道用 φ870 T-25,組,兵庫西部,07,428000,472000,44000,10.28,33d937c8f5ae3ee3,7bf7301c43fc6b09,88,88
道路・舗装用材,鉄蓋(黒蓋),歩道用 φ600 T-25,組,兵庫,08,117000,118000,1000,0.85,662c891aea74a69b,f771d9e00e28d3f4,88,88
道路・舗装用材,鉄蓋(黒蓋),車道用 φ600 T-25,組,兵庫,08,118000,119000,1000,0.85,756f14f0e2df8760,35d6818576dfce61,88,88
道路・舗装用材,鉄蓋(黒蓋),歩道用 φ750 T-25,組,兵庫,08,230000,254000,24000,10.43,e6df4a42c5228714,b795ad1c7531b8fc,88,88
道路・舗装用材,鉄蓋(黒蓋),車道用 φ750 T-25,組,兵庫,08,235000,259000,24000,10.21,c03d6129ebc89922,71ba02df472bf836,88,88
道路・舗装用材,鉄蓋(黒蓋),車道用 φ870 T-25,組,兵庫,08,428000,472000,44000,10.28,34340ee05562de75,cfbc193a5ff7b81e,88,88
道路・舗装用材,鉄蓋(黒蓋),歩道用 φ750 T-25,組,奈良,09,230000,254000,24000,10.43,c2a943ab2f081c00,fd7921bf2374dd16,88,88
道路・舗装用材,鉄蓋(黒蓋),車道用 φ600 T-25,組,和歌山,10,118000,119000,1000,0.85,3b66b0f75afec5e8,c91e4048d3b7569d,88,88
道路・舗装用材,鉄蓋(黒蓋),車道用 φ750 T-25,組,和歌山,10,235000,259000,24000,10.21,522f38c9393bdac4,f6f5b3cd1356e6d1,88,88
道路・舗装用材,鉄蓋(黒蓋),車道用 φ880 T-25,組,和歌山,10,428000,472000,44000,10.28,022eb8170649c765,d2663c69dbbf0466,88,88
道路・舗装用材,瀝青ゴム系接着剤,,L,福井,01,760,1080,320,42.11,549822ce0f66a040,15d91c85cbe62445,89,89
道路・舗装用材,ガードケーブル 根巻きコンクリートブロック,W400 D400 H250,個,福井,01,2610,2820,210,8.05,b914de7559ff225c,bdff9ca5e309db13,89,89
道路・舗装用材,ガードケーブル 根巻きコンクリートブロック,W450 D450 H300,個,福井,01,3950,4130,180,4.56,81633ea618e4b3d7,ef74d901715b4981,89,89
道路・舗装用材,ガードケーブル 根巻きコンクリートブロック,W500 D500 H300,個,福井,01,4930,5350,420,8.52,12d375cece3d5aea,b916f550cd647f63,89,89
道路・舗装用材,ガードケーブル 根巻きコンクリートブロック,W500 D500 H350,個,福井,01,5490,5920,430,7.83,d4d984a832960706,a5ee7b45c61b7413,89,89
道路・舗装用材,根固めブロック,５００×３００×１５０,個,福井,01,5530,5920,390,7.05,9c9f1de003e7ad5e,30c3960a10841700,89,89
道路・舗装用材,鉄蓋(黒蓋),歩道用 550×1200 T-25,組,滋賀,02,254000,284000,30000,11.81,280ccfacd96eca93,94023040bcba2cf8,89,89
道路・舗装用材,鉄蓋(黒蓋),歩道用 600×1200 T-25,組,滋賀,02,292000,325000,33000,11.3,4c5b023951b56203,540020e43d7ec998,89,89
道路・舗装用材,鉄蓋(黒蓋),歩道用 1140×2000 T-25(蓋板4枚/式),組,滋賀,02,811000,892000,81000,9.99,cd05e6956d9d5584,2d70f8e81177ba7e,89,89
道路・舗装用材,鉄蓋(化粧蓋),歩道用 600×2000 T-25,組,滋賀,02,598000,603000,5000,0.84,c5bcd418e0b2dbb0,82ab048e945add53,89,89
道路・舗装用材,瀝青ゴム系接着剤,,L,滋賀,02,760,1080,320,42.11,cc25ce5089ecab55,6fa07d5da1d865fe,89,89
道路・舗装用材,ガードケーブル 根巻きコンクリートブロック,W400 D400 H250,個,滋賀,02,2610,2820,210,8.05,44187620fcd15e2e,d49b858198710e76,89,89
道路・舗装用材,ガードケーブル 根巻きコンクリートブロック,W450 D450 H300,個,滋賀,02,3950,4130,180,4.56,7aac03e09f7b8fe4,2ffe8dea95dfdfc5,89,89
道路・舗装用材,ガードケーブル 根巻きコンクリートブロック,W500 D500 H300,個,滋賀,02,4930,5350,420,8.52,ca7786df93715948,a590b57f7a56ce27,89,89
道路・舗装用材,ガードケーブル 根巻きコンクリートブロック,W500 D500 H350,個,滋賀,02,5490,5920,430,7.83,6e4e06bcad2bda13,94e88ab8f716461e,89,89
道路・舗装用材,根固めブロック,５００×３００×１５０,個,滋賀,02,5530,5920,390,7.05,212de3a952039326,a1c4bff56751b549,89,89
道路・舗装用材,瀝青ゴム系接着剤,,L,京都北部,03,760,1080,320,42.11,12d9ecb8f2490b1d,df80a2dcf8f43587,89,89
道路・舗装用材,ガードケーブル 根巻きコンクリートブロック,W400 D400 H250,個,京都北部,03,2610,2820,210,8.05,d73f82fb8edd60fe,dae97e1f720592a8,89,89
道路・舗装用材,ガードケーブル 根巻きコンクリートブロック,W450 D450 H300,個,京都北部,03,3950,4130,180,4.56,351810482ffc123f,b3e1cf0e8e61ad8e,89,89
道路・舗装用材,ガードケーブル 根巻きコンクリートブロック,W500 D500 H300,個,京都北部,03,4930,5350,420,8.52,eebb85aa66ba9358,a94478135994bade,89,89
道路・舗装用材,ガードケーブル 根巻きコンクリートブロック,W500 D500 H350,個,京都北部,03,5490,5920,430,7.83,109e8d5f935a7185,73774c2f05c15da4,89,89
道路・舗装用材,根固めブロック,５００×３００×１５０,個,京都北部,03,5530,5920,390,7.05,f307a448b0df9248,9825f951a7f8b342,89,89
道路・舗装用材,瀝青ゴム系接着剤,,L,京都南部,04,760,1080,320,42.11,3c7c416d75d678c2,eb29a12b97fd1128,89,89
道路・舗装用材,ガードケーブル 根巻きコンクリートブロック,W400 D400 H250,個,京都南部,04,2610,2820,210,8.05,296a689fcee6b14c,08fc4b532a89ce0b,89,89
道路・舗装用材,ガードケーブル 根巻きコンクリートブロック,W450 D450 H300,個,京都南部,04,3950,4130,180,4.56,70489864b0b9b901,8b8ae9c23f177d27,89,89
道路・舗装用材,ガードケーブル 根巻きコンクリートブロック,W500 D500 H300,個,京都南部,04,4930,5350,420,8.52,b0f411158fd7ed27,7ff19ac5f7ae1032,89,89
道路・舗装用材,ガードケーブル 根巻きコンクリートブロック,W500 D500 H350,個,京都南部,04,5490,5920,430,7.83,db0f2019754a57ef,a4b92dae0da6e3f0,89,89
道路・舗装用材,根固めブロック,５００×３００×１５０,個,京都南部,04,5530,5920,390,7.05,2b2c89a455e20809,f114245522a081fb,89,89
道路・舗装用材,鉄蓋(黒蓋),歩道用 550×1200 T-25,組,大阪,05,254000,284000,30000,11.81,ea4aeb337b2dbc08,c92f9de5ae861d82,89,89
道路・舗装用材,鉄蓋(黒蓋),歩道用 600×1200 T-25,組,大阪,05,292000,325000,33000,11.3,af7eb8e0ff07ad37,e76cc88b9347b253,89,89
道路・舗装用材,鉄蓋(黒蓋),歩道用 1140×2000 T-25(蓋板4枚/式),組,大阪,05,811000,892000,81000,9.99,4d3d6d6547b910b5,5729fb00d1c63167,89,89
道路・舗装用材,鉄蓋(黒蓋),歩道用 1000×2000 T-25,組,大阪,05,868000,956000,88000,10.14,e5967afa4ffd0ebe,07cfc9fbd3491502,89,89
道路・舗装用材,鉄蓋(化粧蓋),歩道用 600×2000 T-25,組,大阪,05,598000,603000,5000,0.84,854bb2f7089fc65d,8f7262b550b43e5e,89,89
道路・舗装用材,瀝青ゴム系接着剤,,L,大阪,05,760,1080,320,42.11,681ebc1a7341fa96,b26aa216cc15c31a,89,89
道路・舗装用材,ガードケーブル 根巻きコンクリートブロック,W400 D400 H250,個,大阪,05,2610,2820,210,8.05,19062650e4a351ba,1dfde4a023a21a51,89,89
道路・舗装用材,ガードケーブル 根巻きコンクリートブロック,W450 D450 H300,個,大阪,05,3950,4130,180,4.56,8c03a7c100aa683a,e4263855b2815fc6,89,89
道路・舗装用材,ガードケーブル 根巻きコンクリートブロック,W500 D500 H300,個,大阪,05,4930,5350,420,8.52,89757a77483a7cc8,576883c59c3efcf5,89,89
道路・舗装用材,ガードケーブル 根巻きコンクリートブロック,W500 D500 H350,個,大阪,05,5490,5920,430,7.83,088425d328606979,a441ea504ed2cb26,89,89
道路・舗装用材,根固めブロック,５００×３００×１５０,個,大阪,05,5530,5920,390,7.05,7d7e7ea54d82393c,3006e94361919f27,89,89
道路・舗装用材,鉄蓋(化粧蓋),歩道用 φ750 T-25,組,兵庫北部,06,220000,242000,22000,10.0,bba3442336d6c60a,27553424da97d9cd,89,89
道路・舗装用材,鉄蓋(化粧蓋),歩道用 φ870 T-25,組,兵庫北部,06,420000,460000,40000,9.52,b1cfdbabb3d780c1,238b522af189fc05,89,89
道路・舗装用材,瀝青ゴム系接着剤,,L,兵庫北部,06,760,1080,320,42.11,a21c9f10fa732256,27e4fae65afe951f,89,89
道路・舗装用材,ガードケーブル 根巻きコンクリートブロック,W400 D400 H250,個,兵庫北部,06,2610,2820,210,8.05,5042dd58e67670c3,47ce2d7cfc42bf5b,89,89
道路・舗装用材,ガードケーブル 根巻きコンクリートブロック,W450 D450 H300,個,兵庫北部,06,3950,4130,180,4.56,9712a4b3e52a3b74,f72fa13c7153312d,89,89
道路・舗装用材,ガードケーブル 根巻きコンクリートブロック,W500 D500 H300,個,兵庫北部,06,4930,5350,420,8.52,a6bdea0d4b9c61f3,eb4512098ea89a16,89,89
道路・舗装用材,ガードケーブル 根巻きコンクリートブロック,W500 D500 H350,個,兵庫北部,06,5490,5920,430,7.83,c9923c599e26c097,8beb86b636821924,89,89
道路・舗装用材,根固めブロック,５００×３００×１５０,個,兵庫北部,06,5530,5920,390,7.05,168011fe47c61aa8,d18a8a6297235172,89,89
道路・舗装用材,鉄蓋(化粧蓋),歩道用 φ750 T-25,組,兵庫西部,07,220000,242000,22000,10.0,3941e0e2fa7729e6,961fbf237c1cd14e,89,89
道路・舗装用材,鉄蓋(化粧蓋),歩道用 φ870 T-25,組,兵庫西部,07,420000,460000,40000,9.52,1bb4e6ff35bb6173,f6c916706e2c7e2b,89,89
道路・舗装用材,瀝青ゴム系接着剤,,L,兵庫西部,07,760,1080,320,42.11,5c9540967dba76eb,e59f93dd6663821c,89,89
道路・舗装用材,ガードケーブル 根巻きコンクリートブロック,W400 D400 H250,個,兵庫西部,07,2610,2820,210,8.05,ecbf0c61185c9a9c,c067c2240e822391,89,89
道路・舗装用材,ガードケーブル 根巻きコンクリートブロック,W450 D450 H300,個,兵庫西部,07,3950,4130,180,4.56,d370320a890ab13a,d75a5fec1beb802b,89,89
道路・舗装用材,ガードケーブル 根巻きコンクリートブロック,W500 D500 H300,個,兵庫西部,07,4930,5350,420,8.52,42ad831819f224cf,45474536d5b1f1fe,89,89
道路・舗装用材,ガードケーブル 根巻きコンクリートブロック,W500 D500 H350,個,兵庫西部,07,5490,5920,430,7.83,0c24d3b20fc2e4a4,a5102be5c1802c3d,89,89
道路・舗装用材,根固めブロック,５００×３００×１５０,個,兵庫西部,07,5530,5920,390,7.05,5a36a24ca8c85ec0,d45ada3c999b4495,89,89
道路・舗装用材,鉄蓋(化粧蓋),歩道用 φ750 T-25,組,兵庫,08,220000,242000,22000,10.0,c7d36d187aac7435,d5be3328ade2fa1f,89,89
道路・舗装用材,鉄蓋(化粧蓋),歩道用 φ870 T-25,組,兵庫,08,420000,460000,40000,9.52,f5380467b8fa8b95,702fa9f19a537c8b,89,89
道路・舗装用材,瀝青ゴム系接着剤,,L,兵庫,08,760,1080,320,42.11,c7a9be627d3989f9,1f0fbac14668727e,89,89
道路・舗装用材,ガードケーブル 根巻きコンクリートブロック,W400 D400 H250,個,兵庫,08,2610,2820,210,8.05,7ad00e2029af2ad0,7add6d403eee0e87,89,89
道路・舗装用材,ガードケーブル 根巻きコンクリートブロック,W450 D450 H300,個,兵庫,08,3950,4130,180,4.56,95b6af7b0376a5bd,9c7dcce2f61e4c65,89,89
道路・舗装用材,ガードケーブル 根巻きコンクリートブロック,W500 D500 H300,個,兵庫,08,4930,5350,420,8.52,14c97ec0bb68f427,8455f8d8c3443aa5,89,89
道路・舗装用材,ガードケーブル 根巻きコンクリートブロック,W500 D500 H350,個,兵庫,08,5490,5920,430,7.83,d8e9292017e35685,111e64545d3150fe,89,89
道路・舗装用材,根固めブロック,５００×３００×１５０,個,兵庫,08,5530,5920,390,7.05,8b7508daf8ae8628,015bd487f183c412,89,89
道路・舗装用材,瀝青ゴム系接着剤,,L,奈良,09,760,1080,320,42.11,66e527dd9fe380a1,989cd4f9ac838bd4,89,89
道路・舗装用材,ガードケーブル 根巻きコンクリートブロック,W400 D400 H250,個,奈良,09,2610,2820,210,8.05,ee9458bf6db77258,b9ad57c5b7a262ef,89,89
道路・舗装用材,ガードケーブル 根巻きコンクリートブロック,W450 D450 H300,個,奈良,09,3950,4130,180,4.56,539c0908b1a30f1e,eb538527a1f51ab9,89,89
道路・舗装用材,ガードケーブル 根巻きコンクリートブロック,W500 D500 H300,個,奈良,09,4930,5350,420,8.52,51d27d51a5300b49,0b8a9c9ec85186dd,89,89
道路・舗装用材,ガードケーブル 根巻きコンクリートブロック,W500 D500 H350,個,奈良,09,5490,5920,430,7.83,6485acb67cd21324,eb34e524a35e5a2c,89,89
道路・舗装用材,根固めブロック,５００×３００×１５０,個,奈良,09,5530,5920,390,7.05,3fafe854130fad3c,7d2dbc934878c036,89,89
道路・舗装用材,瀝青ゴム系接着剤,,L,和歌山,10,760,1080,320,42.11,2a42fde3f2c00a83,87c6506612f17fd7,89,89
道路・舗装用材,ガードケーブル 根巻きコンクリートブロック,W400 D400 H250,個,和歌山,10,2610,2820,210,8.05,d52f9d7142078781,e25b890f15c40061,89,89
道路・舗装用材,ガードケーブル 根巻きコンクリートブロック,W450 D450 H300,個,和歌山,10,3950,4130,180,4.56,bb5dea606dff38af,f2ac358c36687245,89,89
道路・舗装用材,ガードケーブル 根巻きコンクリートブロック,W500 D500 H300,個,和歌山,10,4930,5350,420,8.52,f46518c5291cce3a,d972bf0bd3a36112,89,89
道路・舗装用材,ガードケーブル 根巻きコンクリートブロック,W500 D500 H350,個,和歌山,10,5490,5920,430,7.83,9cb2ce99200e6ac1,7f32008ed3933597,89,89
道路・舗装用材,根固めブロック,５００×３００×１５０,個,和歌山,10,5530,5920,390,7.05,51c0e60dd32323eb,6d50f9e2cd4d6327,89,89
道路・舗装用材,瀝青ゴム系接着剤,,L,岐阜,11,760,1080,320,42.11,2f218a51bab173b1,b0f88f49287dd8a4,89,89
道路・舗装用材,ガードケーブル 根巻きコンクリートブロック,W400 D400 H250,個,岐阜,11,2610,2820,210,8.05,81ae1441bdcd7c1e,1e4c2fb35cfd23d4,89,89
道路・舗装用材,ガードケーブル 根巻きコンクリートブロック,W450 D450 H300,個,岐阜,11,3950,4130,180,4.56,d572e6dfe52242ea,92eb903310858a84,89,89
道路・舗装用材,ガードケーブル 根巻きコンクリートブロック,W500 D500 H300,個,岐阜,11,4930,5350,420,8.52,aa255ae58fe271a3,e40d822d28475d3c,89,89
道路・舗装用材,ガードケーブル 根巻きコンクリートブロック,W500 D500 H350,個,岐阜,11,5490,5920,430,7.83,9ec9684a28c61070,79e76f79d42f2f40,89,89
道路・舗装用材,根固めブロック,５００×３００×１５０,個,岐阜,11,5550,5800,250,4.5,bf89c0ed6bd39c0e,9f4b58f8305feb7d,89,89
道路・舗装用材,瀝青ゴム系接着剤,,L,三重,12,760,1080,320,42.11,c57bbbe2b84775e2,b932cee0a09dee2f,89,89
道路・舗装用材,ガードケーブル 根巻きコンクリートブロック,W400 D400 H250,個,三重,12,2610,2820,210,8.05,e669c0b93971393f,fd6d4b595c185cc1,89,89
道路・舗装用材,ガードケーブル 根巻きコンクリートブロック,W450 D450 H300,個,三重,12,3950,4130,180,4.56,776a5734d964709a,e30092ba6acaf335,89,89
道路・舗装用材,ガードケーブル 根巻きコンクリートブロック,W500 D500 H300,個,三重,12,4930,5350,420,8.52,6f8899aee32c68d8,d9706e2fe8de55a5,89,89
道路・舗装用材,ガードケーブル 根巻きコンクリートブロック,W500 D500 H350,個,三重,12,5490,5920,430,7.83,e1e144e0dbbc089f,a7fd296ee8e97e16,89,89
道路・舗装用材,根固めブロック,５００×３００×１５０,個,三重,12,5530,5800,270,4.88,15449790222c985f,fb48a12b592a305a,89,89
橋梁・トンネル用材,排水桝,ＰＣ桁用 [排水桝本体 FRP 図集18-5],組,福井,01,91000,95100,4100,4.51,5366ad4293348c08,1e6c73416a2cf3db,90,90
橋梁・トンネル用材,排水桝,鋼桁用 [排水桝本体 FRP 図集18-3],組,福井,01,91000,95100,4100,4.51,c23f3fdaff62cff7,03104ceeb3a3e704,90,90
橋梁・トンネル用材,取付け金具（メッキ品 ボルト含む）,桁取付け縦引き管用金具Ｌ＝３００～５００ [(図集18-14)],組,福井,01,17300,19000,1700,9.83,73f77a47a0132693,3743d390c8985dac,90,90
橋梁・トンネル用材,取付け金具（メッキ品 ボルト含む）,桁取付け横引き管用金具Ｌ＝４００～６００ [(図集18-14)],組,福井,01,15300,16800,1500,9.8,1055a4025268ea7d,9124f780b0d715ce,90,90
橋梁・トンネル用材,取付け金具（メッキ品 ボルト含む）,桁取付け横引き管用金具Ｌ＝６００～８００ [(図集18-14)],組,福井,01,18200,20000,1800,9.89,da6d12254317b6e3,0b20af4f4c1cf8a8,90,90
橋梁・トンネル用材,取付け金具（メッキ品 ボルト含む）,桁取付け横引き管用金具Ｌ＝８００～１０００ [(図集18-14)],組,福井,01,21000,23000,2000,9.52,6284bfd86ec0df01,2812446bc1921c08,90,90
橋梁・トンネル用材,取付け金具（メッキ品）,ＰＣ桁用取付金具Ｌ＝200～400 鉛直・水平方向共 [Coｱﾝｶｰ含まず(図集18-15)],組,福井,01,13600,15000,1400,10.29,d1856020ddad088c,23c0ebe862ac5bc8,90,90
橋梁・トンネル用材,取付け金具（メッキ品）,ＰＣ桁用取付金具Ｌ＝400～600 鉛直・水平方向共 [Coｱﾝｶｰ含まず(図集18-15)],組,福井,01,20400,22400,2000,9.8,ce5fa35732091b6a,a04bc0d4629f4c8c,90,90
橋梁・トンネル用材,取付け金具（メッキ品）,ＰＣ桁用取付金具Ｌ＝600～800 鉛直・水平方向共 [Coｱﾝｶｰ含まず(図集18-15)],組,福井,01,24600,27100,2500,10.16,f6c2ef0cc38ad4fa,8d9fa4ec8f1ec637,90,90
橋梁・トンネル用材,取付け金具（メッキ品）,コンクリート橋脚取付金具（その1）Ｌ＝100～300 [Coｱﾝｶｰ含まず(図集18-14)],組,福井,01,12100,13300,1200,9.92,ab142656800ce86c,7f94cd0ba4e64a26,90,90
橋梁・トンネル用材,取付け金具（メッキ品）,コンクリート橋脚取付金具（その1）Ｌ＝300～500 [Coｱﾝｶｰ含まず(図集18-14)],組,福井,01,15700,17300,1600,10.19,237fed4a2343ce82,86d3e26a4ccc6c60,90,90
橋梁・トンネル用材,取付け金具（メッキ品）,コンクリート橋脚取付金具（その1）Ｌ＝500～700 [Coｱﾝｶｰ含まず(図集18-14)],組,福井,01,19300,21300,2000,10.36,aaa9afd584030bdc,d0073aa9d7491cf9,90,90
橋梁・トンネル用材,取付け金具（メッキ品）,コンクリート橋脚取付金具（その2）Ｌ＝150～300 [Coｱﾝｶｰ含まず(図集18-14)],組,福井,01,12400,13600,1200,9.68,fd100223da4127a9,d9b9d8594a95c3bd,90,90
橋梁・トンネル用材,取付け金具（メッキ品）,コンクリート橋脚取付金具（その2）Ｌ＝300～500 [Coｱﾝｶｰ含まず(図集18-14)],組,福井,01,18300,20100,1800,9.84,8f2a6acbd37abc6c,5b072ae452593d74,90,90
橋梁・トンネル用材,取付け金具（メッキ品）,コンクリート橋脚取付金具（その2）Ｌ＝500～700 [Coｱﾝｶｰ含まず(図集18-14)],組,福井,01,21700,23900,2200,10.14,ef3fe811192ef0cc,fcfeef51e908e0e8,90,90
橋梁・トンネル用材,ＴＳフランジ,φ２００用 ５Ｋ,個,福井,01,5800,6330,530,9.14,a47510d63d6fb0b2,59c70869200f303e,90,90
橋梁・トンネル用材,排水桝,ＰＣ桁用 [排水桝本体 FRP 図集18-5],組,滋賀,02,91000,95100,4100,4.51,04715c699cc66fa5,ebb772743cb38b7a,90,90
橋梁・トンネル用材,排水桝,鋼桁用 [排水桝本体 FRP 図集18-3],組,滋賀,02,91000,95100,4100,4.51,528ceeed4ab6cabe,9ae37466dd5fda89,90,90
橋梁・トンネル用材,取付け金具（メッキ品 ボルト含む）,桁取付け縦引き管用金具Ｌ＝３００～５００ [(図集18-14)],組,滋賀,02,17300,19000,1700,9.83,1a6b0058e9d41756,032b13f31bcb7490,90,90
橋梁・トンネル用材,取付け金具（メッキ品 ボルト含む）,桁取付け横引き管用金具Ｌ＝４００～６００ [(図集18-14)],組,滋賀,02,15300,16800,1500,9.8,e4e190b2ee713a36,e0d29907df7294ef,90,90
橋梁・トンネル用材,取付け金具（メッキ品 ボルト含む）,桁取付け横引き管用金具Ｌ＝６００～８００ [(図集18-14)],組,滋賀,02,18200,20000,1800,9.89,d3f1b330d943006f,38ab7501d68c98e1,90,90
橋梁・トンネル用材,取付け金具（メッキ品 ボルト含む）,桁取付け横引き管用金具Ｌ＝８００～１０００ [(図集18-14)],組,滋賀,02,21000,23000,2000,9.52,d5dd543d91c9d725,86163b1bb6d32354,90,90
橋梁・トンネル用材,取付け金具（メッキ品）,ＰＣ桁用取付金具Ｌ＝200～400 鉛直・水平方向共 [Coｱﾝｶｰ含まず(図集18-15)],組,滋賀,02,13600,15000,1400,10.29,8c8c0ba8016319e5,e51a2beb98e59621,90,90
橋梁・トンネル用材,取付け金具（メッキ品）,ＰＣ桁用取付金具Ｌ＝400～600 鉛直・水平方向共 [Coｱﾝｶｰ含まず(図集18-15)],組,滋賀,02,20400,22400,2000,9.8,22fee71ca1dcf53a,b7c29bf29793cf1a,90,90
橋梁・トンネル用材,取付け金具（メッキ品）,ＰＣ桁用取付金具Ｌ＝600～800 鉛直・水平方向共 [Coｱﾝｶｰ含まず(図集18-15)],組,滋賀,02,24600,27100,2500,10.16,f58c7a7d13f89ed5,3cd19925b7c042cb,90,90
橋梁・トンネル用材,取付け金具（メッキ品）,コンクリート橋脚取付金具（その1）Ｌ＝100～300 [Coｱﾝｶｰ含まず(図集18-14)],組,滋賀,02,12100,13300,1200,9.92,767e1cb5b93e670e,5213dde09ca45bf3,90,90
橋梁・トンネル用材,取付け金具（メッキ品）,コンクリート橋脚取付金具（その1）Ｌ＝300～500 [Coｱﾝｶｰ含まず(図集18-14)],組,滋賀,02,15700,17300,1600,10.19,e756181692ccd7ed,f6dbae7280e93a09,90,90
橋梁・トンネル用材,取付け金具（メッキ品）,コンクリート橋脚取付金具（その1）Ｌ＝500～700 [Coｱﾝｶｰ含まず(図集18-14)],組,滋賀,02,19300,21300,2000,10.36,4aaefe707a9e2d61,80229cd62a474b04,90,90
橋梁・トンネル用材,取付け金具（メッキ品）,コンクリート橋脚取付金具（その2）Ｌ＝150～300 [Coｱﾝｶｰ含まず(図集18-14)],組,滋賀,02,12400,13600,1200,9.68,d160245ef28643ec,33f750e013f7234d,90,90
橋梁・トンネル用材,取付け金具（メッキ品）,コンクリート橋脚取付金具（その2）Ｌ＝300～500 [Coｱﾝｶｰ含まず(図集18-14)],組,滋賀,02,18300,20100,1800,9.84,ca6db21c1872af71,520ef57154dfe460,90,90
橋梁・トンネル用材,取付け金具（メッキ品）,コンクリート橋脚取付金具（その2）Ｌ＝500～700 [Coｱﾝｶｰ含まず(図集18-14)],組,滋賀,02,21700,23900,2200,10.14,041e249edf46dd1d,26feba218b830db3,90,90
橋梁・トンネル用材,ＴＳフランジ,φ２００用 ５Ｋ,個,滋賀,02,5800,6330,530,9.14,a5b9f36d7057d316,0181f47c62ff3b6e,90,90
橋梁・トンネル用材,排水桝,ＰＣ桁用 [排水桝本体 FRP 図集18-5],組,京都北部,03,91000,95100,4100,4.51,1006c8b9407b729b,6d95774a34b87a99,90,90
橋梁・トンネル用材,排水桝,鋼桁用 [排水桝本体 FRP 図集18-3],組,京都北部,03,91000,95100,4100,4.51,8af35904ef30c21f,3a354cb4d23c7593,90,90
橋梁・トンネル用材,取付け金具（メッキ品 ボルト含む）,桁取付け縦引き管用金具Ｌ＝３００～５００ [(図集18-14)],組,京都北部,03,17300,19000,1700,9.83,93bb6de022793544,7bc59d5ae95fbeb4,90,90
橋梁・トンネル用材,取付け金具（メッキ品 ボルト含む）,桁取付け横引き管用金具Ｌ＝４００～６００ [(図集18-14)],組,京都北部,03,15300,16800,1500,9.8,df9efa6d2cff9501,7bdfc5f01a46dad6,90,90
橋梁・トンネル用材,取付け金具（メッキ品 ボルト含む）,桁取付け横引き管用金具Ｌ＝６００～８００ [(図集18-14)],組,京都北部,03,18200,20000,1800,9.89,6d6d0bdeed71db00,cf90f7d4c1ab3c46,90,90
橋梁・トンネル用材,取付け金具（メッキ品 ボルト含む）,桁取付け横引き管用金具Ｌ＝８００～１０００ [(図集18-14)],組,京都北部,03,21000,23000,2000,9.52,14658202ec6eebb4,15b155464772492a,90,90
橋梁・トンネル用材,取付け金具（メッキ品）,ＰＣ桁用取付金具Ｌ＝200～400 鉛直・水平方向共 [Coｱﾝｶｰ含まず(図集18-15)],組,京都北部,03,13600,15000,1400,10.29,290ce85814b13615,aa7af5f4a3b5f979,90,90
橋梁・トンネル用材,取付け金具（メッキ品）,ＰＣ桁用取付金具Ｌ＝400～600 鉛直・水平方向共 [Coｱﾝｶｰ含まず(図集18-15)],組,京都北部,03,20400,22400,2000,9.8,6657dd0fafada701,69656ec1f5d1515e,90,90
橋梁・トンネル用材,取付け金具（メッキ品）,ＰＣ桁用取付金具Ｌ＝600～800 鉛直・水平方向共 [Coｱﾝｶｰ含まず(図集18-15)],組,京都北部,03,24600,27100,2500,10.16,7b674600a47b1e74,c579db70ae36ca96,90,90
橋梁・トンネル用材,取付け金具（メッキ品）,コンクリート橋脚取付金具（その1）Ｌ＝100～300 [Coｱﾝｶｰ含まず(図集18-14)],組,京都北部,03,12100,13300,1200,9.92,74e9627a244a7ff7,51d0f73cc8cda8b1,90,90
橋梁・トンネル用材,取付け金具（メッキ品）,コンクリート橋脚取付金具（その1）Ｌ＝300～500 [Coｱﾝｶｰ含まず(図集18-14)],組,京都北部,03,15700,17300,1600,10.19,012e1bdaf4360e82,eb2143db86a7e929,90,90
橋梁・トンネル用材,取付け金具（メッキ品）,コンクリート橋脚取付金具（その1）Ｌ＝500～700 [Coｱﾝｶｰ含まず(図集18-14)],組,京都北部,03,19300,21300,2000,10.36,ff18946030bfc331,2ae5f0910aeaadff,90,90
橋梁・トンネル用材,取付け金具（メッキ品）,コンクリート橋脚取付金具（その2）Ｌ＝150～300 [Coｱﾝｶｰ含まず(図集18-14)],組,京都北部,03,12400,13600,1200,9.68,2b36725d3f5f0dfb,8437a2fe64b2e97d,90,90
橋梁・トンネル用材,取付け金具（メッキ品）,コンクリート橋脚取付金具（その2）Ｌ＝300～500 [Coｱﾝｶｰ含まず(図集18-14)],組,京都北部,03,18300,20100,1800,9.84,e73c301057083b22,f0c9627efb18629b,90,90
橋梁・トンネル用材,取付け金具（メッキ品）,コンクリート橋脚取付金具（その2）Ｌ＝500～700 [Coｱﾝｶｰ含まず(図集18-14)],組,京都北部,03,21700,23900,2200,10.14,af6fccbc4893674a,ad210f120046745b,90,90
橋梁・トンネル用材,ＴＳフランジ,φ２００用 ５Ｋ,個,京都北部,03,5800,6330,530,9.14,0b5822537eb7d0a5,b7f7df5b74ba0b91,90,90
橋梁・トンネル用材,排水桝,ＰＣ桁用 [排水桝本体 FRP 図集18-5],組,京都南部,04,91000,95100,4100,4.51,ac51a3e637764033,285ecbfbe7e88032,90,90
橋梁・トンネル用材,排水桝,鋼桁用 [排水桝本体 FRP 図集18-3],組,京都南部,04,91000,95100,4100,4.51,9896080581113e6f,4497495e5ad82885,90,90
橋梁・トンネル用材,取付け金具（メッキ品 ボルト含む）,桁取付け縦引き管用金具Ｌ＝３００～５００ [(図集18-14)],組,京都南部,04,17300,19000,1700,9.83,7e15c98cedab21bd,4b79d9fed091b3d6,90,90
橋梁・トンネル用材,取付け金具（メッキ品 ボルト含む）,桁取付け横引き管用金具Ｌ＝４００～６００ [(図集18-14)],組,京都南部,04,15300,16800,1500,9.8,dbdc17fc77bd638a,272f87a44f73089f,90,90
橋梁・トンネル用材,取付け金具（メッキ品 ボルト含む）,桁取付け横引き管用金具Ｌ＝６００～８００ [(図集18-14)],組,京都南部,04,18200,20000,1800,9.89,ba88fe17b1e4f3ff,348c31255893cc40,90,90
橋梁・トンネル用材,取付け金具（メッキ品 ボルト含む）,桁取付け横引き管用金具Ｌ＝８００～１０００ [(図集18-14)],組,京都南部,04,21000,23000,2000,9.52,4f35eb21ba0511e2,3697a035fc99614b,90,90
橋梁・トンネル用材,取付け金具（メッキ品）,ＰＣ桁用取付金具Ｌ＝200～400 鉛直・水平方向共 [Coｱﾝｶｰ含まず(図集18-15)],組,京都南部,04,13600,15000,1400,10.29,a553672d618e0a11,35210db266399571,90,90
橋梁・トンネル用材,取付け金具（メッキ品）,ＰＣ桁用取付金具Ｌ＝400～600 鉛直・水平方向共 [Coｱﾝｶｰ含まず(図集18-15)],組,京都南部,04,20400,22400,2000,9.8,802ab4c67e71f838,82077eeb6d9dc99c,90,90
橋梁・トンネル用材,取付け金具（メッキ品）,ＰＣ桁用取付金具Ｌ＝600～800 鉛直・水平方向共 [Coｱﾝｶｰ含まず(図集18-15)],組,京都南部,04,24600,27100,2500,10.16,5e8bebbe3622917e,8ead1ceaa0472ba8,90,90
橋梁・トンネル用材,取付け金具（メッキ品）,コンクリート橋脚取付金具（その1）Ｌ＝100～300 [Coｱﾝｶｰ含まず(図集18-14)],組,京都南部,04,12100,13300,1200,9.92,dcfd0f64f08d885d,bd1b3372533a6297,90,90
橋梁・トンネル用材,取付け金具（メッキ品）,コンクリート橋脚取付金具（その1）Ｌ＝300～500 [Coｱﾝｶｰ含まず(図集18-14)],組,京都南部,04,15700,17300,1600,10.19,fa76d569c86420ad,1afcdeb41fa71ff4,90,90
橋梁・トンネル用材,取付け金具（メッキ品）,コンクリート橋脚取付金具（その1）Ｌ＝500～700 [Coｱﾝｶｰ含まず(図集18-14)],組,京都南部,04,19300,21300,2000,10.36,d964f158d97016cb,3d1f138e42e63091,90,90
橋梁・トンネル用材,取付け金具（メッキ品）,コンクリート橋脚取付金具（その2）Ｌ＝150～300 [Coｱﾝｶｰ含まず(図集18-14)],組,京都南部,04,12400,13600,1200,9.68,2edb24625600386a,e9d8e749a7a75a65,90,90
橋梁・トンネル用材,取付け金具（メッキ品）,コンクリート橋脚取付金具（その2）Ｌ＝300～500 [Coｱﾝｶｰ含まず(図集18-14)],組,京都南部,04,18300,20100,1800,9.84,05324ff722b6c215,4a82660f163540b3,90,90
橋梁・トンネル用材,取付け金具（メッキ品）,コンクリート橋脚取付金具（その2）Ｌ＝500～700 [Coｱﾝｶｰ含まず(図集18-14)],組,京都南部,04,21700,23900,2200,10.14,0ef79aab704439c3,a8d899f076fa9c6f,90,90
橋梁・トンネル用材,ＴＳフランジ,φ２００用 ５Ｋ,個,京都南部,04,5800,6330,530,9.14,392c79d4ee5054e9,9e9132f27b17ae7f,90,90
橋梁・トンネル用材,排水桝,ＰＣ桁用 [排水桝本体 FRP 図集18-5],組,大阪,05,91000,95100,4100,4.51,e9f3bbaa07cc61a5,7a680d0337a2faa9,90,90
橋梁・トンネル用材,排水桝,鋼桁用 [排水桝本体 FRP 図集18-3],組,大阪,05,91000,95100,4100,4.51,8bf2ccd334a2ece4,bc93999cd9b4b49f,90,90
橋梁・トンネル用材,取付け金具（メッキ品 ボルト含む）,桁取付け縦引き管用金具Ｌ＝３００～５００ [(図集18-14)],組,大阪,05,17300,19000,1700,9.83,1422c0ef178fb6dd,547b30b303f00f78,90,90
橋梁・トンネル用材,取付け金具（メッキ品 ボルト含む）,桁取付け横引き管用金具Ｌ＝４００～６００ [(図集18-14)],組,大阪,05,15300,16800,1500,9.8,3954dc53caa1c0a7,030f2779e6282c2e,90,90
橋梁・トンネル用材,取付け金具（メッキ品 ボルト含む）,桁取付け横引き管用金具Ｌ＝６００～８００ [(図集18-14)],組,大阪,05,18200,20000,1800,9.89,6234ce169bbf0151,99350a62f31246be,90,90
橋梁・トンネル用材,取付け金具（メッキ品 ボルト含む）,桁取付け横引き管用金具Ｌ＝８００～１０００ [(図集18-14)],組,大阪,05,21000,23000,2000,9.52,bd146fcd593f707d,943f058cb51ee1a3,90,90
橋梁・トンネル用材,取付け金具（メッキ品）,ＰＣ桁用取付金具Ｌ＝200～400 鉛直・水平方向共 [Coｱﾝｶｰ含まず(図集18-15)],組,大阪,05,13600,15000,1400,10.29,c2822789da4be2d5,f45d156b9864b203,90,90
橋梁・トンネル用材,取付け金具（メッキ品）,ＰＣ桁用取付金具Ｌ＝400～600 鉛直・水平方向共 [Coｱﾝｶｰ含まず(図集18-15)],組,大阪,05,20400,22400,2000,9.8,8c5dfa581c259c21,19db8485c351d405,90,90
橋梁・トンネル用材,取付け金具（メッキ品）,ＰＣ桁用取付金具Ｌ＝600～800 鉛直・水平方向共 [Coｱﾝｶｰ含まず(図集18-15)],組,大阪,05,24600,27100,2500,10.16,2454b40a7ee3f9da,6c5a96b8b8669e01,90,90
橋梁・トンネル用材,取付け金具（メッキ品）,コンクリート橋脚取付金具（その1）Ｌ＝100～300 [Coｱﾝｶｰ含まず(図集18-14)],組,大阪,05,12100,13300,1200,9.92,afb7113bfa62bd1c,22b9c8a0b9db88aa,90,90
橋梁・トンネル用材,取付け金具（メッキ品）,コンクリート橋脚取付金具（その1）Ｌ＝300～500 [Coｱﾝｶｰ含まず(図集18-14)],組,大阪,05,15700,17300,1600,10.19,3f7d585502ee7af7,606a9f0671a13856,90,90
橋梁・トンネル用材,取付け金具（メッキ品）,コンクリート橋脚取付金具（その1）Ｌ＝500～700 [Coｱﾝｶｰ含まず(図集18-14)],組,大阪,05,19300,21300,2000,10.36,897b310d18e4f7e7,26007b5e2d36aad4,90,90
橋梁・トンネル用材,取付け金具（メッキ品）,コンクリート橋脚取付金具（その2）Ｌ＝150～300 [Coｱﾝｶｰ含まず(図集18-14)],組,大阪,05,12400,13600,1200,9.68,845cf9ff5da5b75f,af5f32adb43c9171,90,90
橋梁・トンネル用材,取付け金具（メッキ品）,コンクリート橋脚取付金具（その2）Ｌ＝300～500 [Coｱﾝｶｰ含まず(図集18-14)],組,大阪,05,18300,20100,1800,9.84,43d4abec5df4ef57,3f63a43a51c26d20,90,90
橋梁・トンネル用材,取付け金具（メッキ品）,コンクリート橋脚取付金具（その2）Ｌ＝500～700 [Coｱﾝｶｰ含まず(図集18-14)],組,大阪,05,21700,23900,2200,10.14,049ca19fe6d2ad49,7a1d3a549df30d98,90,90
橋梁・トンネル用材,ＴＳフランジ,φ２００用 ５Ｋ,個,大阪,05,5800,6330,530,9.14,2473e137649d34d2,f14c34939ff05482,90,90
橋梁・トンネル用材,排水桝,ＰＣ桁用 [排水桝本体 FRP 図集18-5],組,兵庫北部,06,91000,95100,4100,4.51,d7de7bd0dd27929d,d54eb611b657f8ee,90,90
橋梁・トンネル用材,排水桝,鋼桁用 [排水桝本体 FRP 図集18-3],組,兵庫北部,06,91000,95100,4100,4.51,4d7ab959b356d7db,eea89f9ac869535f,90,90
橋梁・トンネル用材,取付け金具（メッキ品 ボルト含む）,桁取付け縦引き管用金具Ｌ＝３００～５００ [(図集18-14)],組,兵庫北部,06,17300,19000,1700,9.83,7f9b2bef170bc16c,3329c26ce2425dd9,90,90
橋梁・トンネル用材,取付け金具（メッキ品 ボルト含む）,桁取付け横引き管用金具Ｌ＝４００～６００ [(図集18-14)],組,兵庫北部,06,15300,16800,1500,9.8,b6640cc42dc85167,f4172a4a89d8979a,90,90
橋梁・トンネル用材,取付け金具（メッキ品 ボルト含む）,桁取付け横引き管用金具Ｌ＝６００～８００ [(図集18-14)],組,兵庫北部,06,18200,20000,1800,9.89,c5ebc5e96befbe30,9ea8ae5f7f498d64,90,90
橋梁・トンネル用材,取付け金具（メッキ品 ボルト含む）,桁取付け横引き管用金具Ｌ＝８００～１０００ [(図集18-14)],組,兵庫北部,06,21000,23000,2000,9.52,d828a9428ce91514,c2492c75caaff732,90,90
橋梁・トンネル用材,取付け金具（メッキ品）,ＰＣ桁用取付金具Ｌ＝200～400 鉛直・水平方向共 [Coｱﾝｶｰ含まず(図集18-15)],組,兵庫北部,06,13600,15000,1400,10.29,7a2db0cb31774eea,3a968d8c7b45a800,90,90
橋梁・トンネル用材,取付け金具（メッキ品）,ＰＣ桁用取付金具Ｌ＝400～600 鉛直・水平方向共 [Coｱﾝｶｰ含まず(図集18-15)],組,兵庫北部,06,20400,22400,2000,9.8,200b2ad2bf10c6f5,62ea3c226202dd39,90,90
橋梁・トンネル用材,取付け金具（メッキ品）,ＰＣ桁用取付金具Ｌ＝600～800 鉛直・水平方向共 [Coｱﾝｶｰ含まず(図集18-15)],組,兵庫北部,06,24600,27100,2500,10.16,68c6c33862954fd7,2ee108a96c2a9fb0,90,90
橋梁・トンネル用材,取付け金具（メッキ品）,コンクリート橋脚取付金具（その1）Ｌ＝100～300 [Coｱﾝｶｰ含まず(図集18-14)],組,兵庫北部,06,12100,13300,1200,9.92,b251ed0276cb0e02,27458d325a1f859e,90,90
橋梁・トンネル用材,取付け金具（メッキ品）,コンクリート橋脚取付金具（その1）Ｌ＝300～500 [Coｱﾝｶｰ含まず(図集18-14)],組,兵庫北部,06,15700,17300,1600,10.19,9af7e5fb4b38d90c,c632d230c89ff4a1,90,90
橋梁・トンネル用材,取付け金具（メッキ品）,コンクリート橋脚取付金具（その1）Ｌ＝500～700 [Coｱﾝｶｰ含まず(図集18-14)],組,兵庫北部,06,19300,21300,2000,10.36,bc7fc6f31d230cda,427c7c3bfd5444ec,90,90
橋梁・トンネル用材,取付け金具（メッキ品）,コンクリート橋脚取付金具（その2）Ｌ＝150～300 [Coｱﾝｶｰ含まず(図集18-14)],組,兵庫北部,06,12400,13600,1200,9.68,bfb8c8dc7efffff4,ea86c486a3d31913,90,90
橋梁・トンネル用材,取付け金具（メッキ品）,コンクリート橋脚取付金具（その2）Ｌ＝300～500 [Coｱﾝｶｰ含まず(図集18-14)],組,兵庫北部,06,18300,20100,1800,9.84,7dfaee71bf27880e,aed75b57b6b9828c,90,90
橋梁・トンネル用材,取付け金具（メッキ品）,コンクリート橋脚取付金具（その2）Ｌ＝500～700 [Coｱﾝｶｰ含まず(図集18-14)],組,兵庫北部,06,21700,23900,2200,10.14,50df41591a8320cf,d04272aac11de18b,90,90
橋梁・トンネル用材,ＴＳフランジ,φ２００用 ５Ｋ,個,兵庫北部,06,5800,6330,530,9.14,3872531342b76fd7,77a84891c0cf20f8,90,90
橋梁・トンネル用材,排水桝,ＰＣ桁用 [排水桝本体 FRP 図集18-5],組,兵庫西部,07,91000,95100,4100,4.51,702615a91fa84f33,c72b1dee5891c197,90,90
橋梁・トンネル用材,排水桝,鋼桁用 [排水桝本体 FRP 図集18-3],組,兵庫西部,07,91000,95100,4100,4.51,c3b4206731178305,34d967302458bf41,90,90
橋梁・トンネル用材,取付け金具（メッキ品 ボルト含む）,桁取付け縦引き管用金具Ｌ＝３００～５００ [(図集18-14)],組,兵庫西部,07,17300,19000,1700,9.83,82972223084a0358,9b58f5ecbf936eb7,90,90
橋梁・トンネル用材,取付け金具（メッキ品 ボルト含む）,桁取付け横引き管用金具Ｌ＝４００～６００ [(図集18-14)],組,兵庫西部,07,15300,16800,1500,9.8,eeb25602b4cdd6ac,f5c7845d969f5aaa,90,90
橋梁・トンネル用材,取付け金具（メッキ品 ボルト含む）,桁取付け横引き管用金具Ｌ＝６００～８００ [(図集18-14)],組,兵庫西部,07,18200,20000,1800,9.89,d77c5c68f8be126d,d58e73fda9935e80,90,90
橋梁・トンネル用材,取付け金具（メッキ品 ボルト含む）,桁取付け横引き管用金具Ｌ＝８００～１０００ [(図集18-14)],組,兵庫西部,07,21000,23000,2000,9.52,a8a005b88095e863,d415174962d09672,90,90
橋梁・トンネル用材,取付け金具（メッキ品）,ＰＣ桁用取付金具Ｌ＝200～400 鉛直・水平方向共 [Coｱﾝｶｰ含まず(図集18-15)],組,兵庫西部,07,13600,15000,1400,10.29,c870e3c2e958dc43,88c24f5ef397d1e8,90,90
橋梁・トンネル用材,取付け金具（メッキ品）,ＰＣ桁用取付金具Ｌ＝400～600 鉛直・水平方向共 [Coｱﾝｶｰ含まず(図集18-15)],組,兵庫西部,07,20400,22400,2000,9.8,5f1cdd6913224b51,6d3da0c3a864d706,90,90
橋梁・トンネル用材,取付け金具（メッキ品）,ＰＣ桁用取付金具Ｌ＝600～800 鉛直・水平方向共 [Coｱﾝｶｰ含まず(図集18-15)],組,兵庫西部,07,24600,27100,2500,10.16,6375548ca7726142,884d331ef0b21e21,90,90
橋梁・トンネル用材,取付け金具（メッキ品）,コンクリート橋脚取付金具（その1）Ｌ＝100～300 [Coｱﾝｶｰ含まず(図集18-14)],組,兵庫西部,07,12100,13300,1200,9.92,45ed0524df75a2b0,37325579bba1b412,90,90
橋梁・トンネル用材,取付け金具（メッキ品）,コンクリート橋脚取付金具（その1）Ｌ＝300～500 [Coｱﾝｶｰ含まず(図集18-14)],組,兵庫西部,07,15700,17300,1600,10.19,55b0d51abb24099f,d55bb698ffb49d25,90,90
橋梁・トンネル用材,取付け金具（メッキ品）,コンクリート橋脚取付金具（その1）Ｌ＝500～700 [Coｱﾝｶｰ含まず(図集18-14)],組,兵庫西部,07,19300,21300,2000,10.36,7297c3f26cdbbf65,bc2024ca546b4adb,90,90
橋梁・トンネル用材,取付け金具（メッキ品）,コンクリート橋脚取付金具（その2）Ｌ＝150～300 [Coｱﾝｶｰ含まず(図集18-14)],組,兵庫西部,07,12400,13600,1200,9.68,5fc9acf602e55acb,ecf1dcf21e4d4f52,90,90
橋梁・トンネル用材,取付け金具（メッキ品）,コンクリート橋脚取付金具（その2）Ｌ＝300～500 [Coｱﾝｶｰ含まず(図集18-14)],組,兵庫西部,07,18300,20100,1800,9.84,d2dacb004d67b059,af6ceb40c24ce6b1,90,90
橋梁・トンネル用材,取付け金具（メッキ品）,コンクリート橋脚取付金具（その2）Ｌ＝500～700 [Coｱﾝｶｰ含まず(図集18-14)],組,兵庫西部,07,21700,23900,2200,10.14,23170915e576359b,c8b2ea4a29a92896,90,90
橋梁・トンネル用材,ＴＳフランジ,φ２００用 ５Ｋ,個,兵庫西部,07,5800,6330,530,9.14,e0283811b1bbb86a,b516d22decc58007,90,90
橋梁・トンネル用材,排水桝,ＰＣ桁用 [排水桝本体 FRP 図集18-5],組,兵庫,08,91000,95100,4100,4.51,51e507c11ea0172c,5152bf16ba892062,90,90
橋梁・トンネル用材,排水桝,鋼桁用 [排水桝本体 FRP 図集18-3],組,兵庫,08,91000,95100,4100,4.51,3aa790656b4c85ad,7e42a9d8f346c475,90,90
橋梁・トンネル用材,取付け金具（メッキ品 ボルト含む）,桁取付け縦引き管用金具Ｌ＝３００～５００ [(図集18-14)],組,兵庫,08,17300,19000,1700,9.83,6d9a5ff8d40ea5d6,c7cdaf9e57f0e287,90,90
橋梁・トンネル用材,取付け金具（メッキ品 ボルト含む）,桁取付け横引き管用金具Ｌ＝４００～６００ [(図集18-14)],組,兵庫,08,15300,16800,1500,9.8,d3fea0436f9bf99f,edc6bf96f6f41367,90,90
橋梁・トンネル用材,取付け金具（メッキ品 ボルト含む）,桁取付け横引き管用金具Ｌ＝６００～８００ [(図集18-14)],組,兵庫,08,18200,20000,1800,9.89,f28869814af9b905,0e1ef96ba79a17dc,90,90
橋梁・トンネル用材,取付け金具（メッキ品 ボルト含む）,桁取付け横引き管用金具Ｌ＝８００～１０００ [(図集18-14)],組,兵庫,08,21000,23000,2000,9.52,b61eb6bd4cc7356f,2a302ed9da812f2a,90,90
橋梁・トンネル用材,取付け金具（メッキ品）,ＰＣ桁用取付金具Ｌ＝200～400 鉛直・水平方向共 [Coｱﾝｶｰ含まず(図集18-15)],組,兵庫,08,13600,15000,1400,10.29,0a5b729a72ada2a0,8ba0f9e4be5932c7,90,90
橋梁・トンネル用材,取付け金具（メッキ品）,ＰＣ桁用取付金具Ｌ＝400～600 鉛直・水平方向共 [Coｱﾝｶｰ含まず(図集18-15)],組,兵庫,08,20400,22400,2000,9.8,1a893320d5bc4339,e0d1abffd34765f5,90,90
橋梁・トンネル用材,取付け金具（メッキ品）,ＰＣ桁用取付金具Ｌ＝600～800 鉛直・水平方向共 [Coｱﾝｶｰ含まず(図集18-15)],組,兵庫,08,24600,27100,2500,10.16,bdb51bdd73bd2582,da5f4452ab60e4c7,90,90
橋梁・トンネル用材,取付け金具（メッキ品）,コンクリート橋脚取付金具（その1）Ｌ＝100～300 [Coｱﾝｶｰ含まず(図集18-14)],組,兵庫,08,12100,13300,1200,9.92,7523c2f1c8a18354,a7015bb6b4ff1d88,90,90
橋梁・トンネル用材,取付け金具（メッキ品）,コンクリート橋脚取付金具（その1）Ｌ＝300～500 [Coｱﾝｶｰ含まず(図集18-14)],組,兵庫,08,15700,17300,1600,10.19,2c6fa0b25002825b,1a4578d388dbce38,90,90
橋梁・トンネル用材,取付け金具（メッキ品）,コンクリート橋脚取付金具（その1）Ｌ＝500～700 [Coｱﾝｶｰ含まず(図集18-14)],組,兵庫,08,19300,21300,2000,10.36,98855075d22828ca,51f86f6c0e3aca28,90,90
橋梁・トンネル用材,取付け金具（メッキ品）,コンクリート橋脚取付金具（その2）Ｌ＝150～300 [Coｱﾝｶｰ含まず(図集18-14)],組,兵庫,08,12400,13600,1200,9.68,463899e3ba32f7a0,fae347e69ede3fba,90,90
橋梁・トンネル用材,取付け金具（メッキ品）,コンクリート橋脚取付金具（その2）Ｌ＝300～500 [Coｱﾝｶｰ含まず(図集18-14)],組,兵庫,08,18300,20100,1800,9.84,66063a1f44ed44c4,cdb8f6e3859b20ed,90,90
橋梁・トンネル用材,取付け金具（メッキ品）,コンクリート橋脚取付金具（その2）Ｌ＝500～700 [Coｱﾝｶｰ含まず(図集18-14)],組,兵庫,08,21700,23900,2200,10.14,e3c9e1ab741cc950,39e14e04fca2a80a,90,90
橋梁・トンネル用材,ＴＳフランジ,φ２００用 ５Ｋ,個,兵庫,08,5800,6330,530,9.14,a7921db1660128c5,5f3a86d2b099eadc,90,90
橋梁・トンネル用材,排水桝,ＰＣ桁用 [排水桝本体 FRP 図集18-5],組,奈良,09,91000,95100,4100,4.51,e5365e74c54895f2,d272e388ed7eea46,90,90
橋梁・トンネル用材,排水桝,鋼桁用 [排水桝本体 FRP 図集18-3],組,奈良,09,91000,95100,4100,4.51,a4920c2a688f4ba4,386d61fc453bf79c,90,90
橋梁・トンネル用材,取付け金具（メッキ品 ボルト含む）,桁取付け縦引き管用金具Ｌ＝３００～５００ [(図集18-14)],組,奈良,09,17300,19000,1700,9.83,ccaf5e298a8e0e6d,35a57e070014a9bc,90,90
橋梁・トンネル用材,取付け金具（メッキ品 ボルト含む）,桁取付け横引き管用金具Ｌ＝４００～６００ [(図集18-14)],組,奈良,09,15300,16800,1500,9.8,ddb95c548648e03d,fce23aa7664a1ca2,90,90
橋梁・トンネル用材,取付け金具（メッキ品 ボルト含む）,桁取付け横引き管用金具Ｌ＝６００～８００ [(図集18-14)],組,奈良,09,18200,20000,1800,9.89,df346633ebfdcd72,15badaa41cc7b1c9,90,90
橋梁・トンネル用材,取付け金具（メッキ品 ボルト含む）,桁取付け横引き管用金具Ｌ＝８００～１０００ [(図集18-14)],組,奈良,09,21000,23000,2000,9.52,e78f8f90676732f4,04cc62b362eb6291,90,90
橋梁・トンネル用材,取付け金具（メッキ品）,ＰＣ桁用取付金具Ｌ＝200～400 鉛直・水平方向共 [Coｱﾝｶｰ含まず(図集18-15)],組,奈良,09,13600,15000,1400,10.29,4ca10266a1ff742b,c48f1ace0cf0de2a,90,90
橋梁・トンネル用材,取付け金具（メッキ品）,ＰＣ桁用取付金具Ｌ＝400～600 鉛直・水平方向共 [Coｱﾝｶｰ含まず(図集18-15)],組,奈良,09,20400,22400,2000,9.8,aae56c842e225afa,53722fdf34582e04,90,90
橋梁・トンネル用材,取付け金具（メッキ品）,ＰＣ桁用取付金具Ｌ＝600～800 鉛直・水平方向共 [Coｱﾝｶｰ含まず(図集18-15)],組,奈良,09,24600,27100,2500,10.16,e2b43c4ff3df2687,780b1fcb1937daa7,90,90
橋梁・トンネル用材,取付け金具（メッキ品）,コンクリート橋脚取付金具（その1）Ｌ＝100～300 [Coｱﾝｶｰ含まず(図集18-14)],組,奈良,09,12100,13300,1200,9.92,0a94ac874f5ac275,f3b461854e1e8b2c,90,90
橋梁・トンネル用材,取付け金具（メッキ品）,コンクリート橋脚取付金具（その1）Ｌ＝300～500 [Coｱﾝｶｰ含まず(図集18-14)],組,奈良,09,15700,17300,1600,10.19,83294e6727b826dc,189e6ae395c2ca87,90,90
橋梁・トンネル用材,取付け金具（メッキ品）,コンクリート橋脚取付金具（その1）Ｌ＝500～700 [Coｱﾝｶｰ含まず(図集18-14)],組,奈良,09,19300,21300,2000,10.36,fea2c4686d94eee4,641a36ea7a9450f8,90,90
橋梁・トンネル用材,取付け金具（メッキ品）,コンクリート橋脚取付金具（その2）Ｌ＝150～300 [Coｱﾝｶｰ含まず(図集18-14)],組,奈良,09,12400,13600,1200,9.68,6df5f3bf01f1e02b,16d9cd9975d3cc7b,90,90
橋梁・トンネル用材,取付け金具（メッキ品）,コンクリート橋脚取付金具（その2）Ｌ＝300～500 [Coｱﾝｶｰ含まず(図集18-14)],組,奈良,09,18300,20100,1800,9.84,0a5619829ce60b73,43a1d8daef44ebe2,90,90
橋梁・トンネル用材,取付け金具（メッキ品）,コンクリート橋脚取付金具（その2）Ｌ＝500～700 [Coｱﾝｶｰ含まず(図集18-14)],組,奈良,09,21700,23900,2200,10.14,88e5263e22c985a2,7b0d919b0e5f64e8,90,90
橋梁・トンネル用材,ＴＳフランジ,φ２００用 ５Ｋ,個,奈良,09,5800,6330,530,9.14,3e9c6e6176d7ee91,eea688ab14197d75,90,90
橋梁・トンネル用材,排水桝,ＰＣ桁用 [排水桝本体 FRP 図集18-5],組,和歌山,10,91000,95100,4100,4.51,6b8ba18ee7b4e583,284fd08d34eebca4,90,90
橋梁・トンネル用材,排水桝,鋼桁用 [排水桝本体 FRP 図集18-3],組,和歌山,10,91000,95100,4100,4.51,5090cf99bb10ba48,90d28ebb69b215ef,90,90
橋梁・トンネル用材,取付け金具（メッキ品 ボルト含む）,桁取付け縦引き管用金具Ｌ＝３００～５００ [(図集18-14)],組,和歌山,10,17300,19000,1700,9.83,bff969d8eb0aa974,1140191538da2721,90,90
橋梁・トンネル用材,取付け金具（メッキ品 ボルト含む）,桁取付け横引き管用金具Ｌ＝４００～６００ [(図集18-14)],組,和歌山,10,15300,16800,1500,9.8,4af6f4d32f75d8f0,23959f5ce392f331,90,90
橋梁・トンネル用材,取付け金具（メッキ品 ボルト含む）,桁取付け横引き管用金具Ｌ＝６００～８００ [(図集18-14)],組,和歌山,10,18200,20000,1800,9.89,51f9c357c52d86d4,968e83ce19b79aa3,90,90
橋梁・トンネル用材,取付け金具（メッキ品 ボルト含む）,桁取付け横引き管用金具Ｌ＝８００～１０００ [(図集18-14)],組,和歌山,10,21000,23000,2000,9.52,bdcd605a42d06ff3,ab8331962aa573ee,90,90
橋梁・トンネル用材,取付け金具（メッキ品）,ＰＣ桁用取付金具Ｌ＝200～400 鉛直・水平方向共 [Coｱﾝｶｰ含まず(図集18-15)],組,和歌山,10,13600,15000,1400,10.29,e52fcc59f344aae0,8d79426a860d325d,90,90
橋梁・トンネル用材,取付け金具（メッキ品）,ＰＣ桁用取付金具Ｌ＝400～600 鉛直・水平方向共 [Coｱﾝｶｰ含まず(図集18-15)],組,和歌山,10,20400,22400,2000,9.8,5f61a75443f3e843,78a89ae9474b0727,90,90
橋梁・トンネル用材,取付け金具（メッキ品）,ＰＣ桁用取付金具Ｌ＝600～800 鉛直・水平方向共 [Coｱﾝｶｰ含まず(図集18-15)],組,和歌山,10,24600,27100,2500,10.16,46efde890ec2e26f,28a839fe9764b7f8,90,90
橋梁・トンネル用材,取付け金具（メッキ品）,コンクリート橋脚取付金具（その1）Ｌ＝100～300 [Coｱﾝｶｰ含まず(図集18-14)],組,和歌山,10,12100,13300,1200,9.92,c5deaac7a9e04e14,03f88ab1c8d05721,90,90
橋梁・トンネル用材,取付け金具（メッキ品）,コンクリート橋脚取付金具（その1）Ｌ＝300～500 [Coｱﾝｶｰ含まず(図集18-14)],組,和歌山,10,15700,17300,1600,10.19,65324eae67ca7855,8ec7192de83966de,90,90
橋梁・トンネル用材,取付け金具（メッキ品）,コンクリート橋脚取付金具（その1）Ｌ＝500～700 [Coｱﾝｶｰ含まず(図集18-14)],組,和歌山,10,19300,21300,2000,10.36,139ecc862964f90d,86af96a30e00086c,90,90
橋梁・トンネル用材,取付け金具（メッキ品）,コンクリート橋脚取付金具（その2）Ｌ＝150～300 [Coｱﾝｶｰ含まず(図集18-14)],組,和歌山,10,12400,13600,1200,9.68,95d658d1651552d4,85b7e4fef1e2820f,90,90
橋梁・トンネル用材,取付け金具（メッキ品）,コンクリート橋脚取付金具（その2）Ｌ＝300～500 [Coｱﾝｶｰ含まず(図集18-14)],組,和歌山,10,18300,20100,1800,9.84,5cb8688d34b0a42b,21f1d85a363042ac,90,90
橋梁・トンネル用材,取付け金具（メッキ品）,コンクリート橋脚取付金具（その2）Ｌ＝500～700 [Coｱﾝｶｰ含まず(図集18-14)],組,和歌山,10,21700,23900,2200,10.14,c1aca72e44fd2d26,96f164acaf305d02,90,90
橋梁・トンネル用材,ＴＳフランジ,φ２００用 ５Ｋ,個,和歌山,10,5800,6330,530,9.14,ced10ae03d71a5fd,26fb133b1a504705,90,90
橋梁・トンネル用材,排水桝,ＰＣ桁用 [排水桝本体 FRP 図集18-5],組,岐阜,11,91000,95100,4100,4.51,937f6d2de2563bcd,7d4520bd8d138e47,90,90
橋梁・トンネル用材,排水桝,鋼桁用 [排水桝本体 FRP 図集18-3],組,岐阜,11,91000,95100,4100,4.51,fb471fa11c3d6051,ec38bc9e4936dc3f,90,90
橋梁・トンネル用材,取付け金具（メッキ品 ボルト含む）,桁取付け縦引き管用金具Ｌ＝３００～５００ [(図集18-14)],組,岐阜,11,17300,19000,1700,9.83,c01382d8676f619c,6b95fff420d3ee35,90,90
橋梁・トンネル用材,取付け金具（メッキ品 ボルト含む）,桁取付け横引き管用金具Ｌ＝４００～６００ [(図集18-14)],組,岐阜,11,15300,16800,1500,9.8,19c0296c7eafa7fd,d2e4d5e42e61cead,90,90
橋梁・トンネル用材,取付け金具（メッキ品 ボルト含む）,桁取付け横引き管用金具Ｌ＝６００～８００ [(図集18-14)],組,岐阜,11,18200,20000,1800,9.89,037ff9e13ca85e6a,e9879f55f3ba2b0d,90,90
橋梁・トンネル用材,取付け金具（メッキ品 ボルト含む）,桁取付け横引き管用金具Ｌ＝８００～１０００ [(図集18-14)],組,岐阜,11,21000,23000,2000,9.52,3c51adaaed33d993,65f708b8d81a56a9,90,90
橋梁・トンネル用材,取付け金具（メッキ品）,ＰＣ桁用取付金具Ｌ＝200～400 鉛直・水平方向共 [Coｱﾝｶｰ含まず(図集18-15)],組,岐阜,11,13600,15000,1400,10.29,1902a2d2046a8d48,c057344761ce1d5c,90,90
橋梁・トンネル用材,取付け金具（メッキ品）,ＰＣ桁用取付金具Ｌ＝400～600 鉛直・水平方向共 [Coｱﾝｶｰ含まず(図集18-15)],組,岐阜,11,20400,22400,2000,9.8,4f82b4ac6b58a5ce,306eadc6dc0be637,90,90
橋梁・トンネル用材,取付け金具（メッキ品）,ＰＣ桁用取付金具Ｌ＝600～800 鉛直・水平方向共 [Coｱﾝｶｰ含まず(図集18-15)],組,岐阜,11,24600,27100,2500,10.16,7cc78200f43f69cf,143dcf9a25ff5f90,90,90
橋梁・トンネル用材,取付け金具（メッキ品）,コンクリート橋脚取付金具（その1）Ｌ＝100～300 [Coｱﾝｶｰ含まず(図集18-14)],組,岐阜,11,12100,13300,1200,9.92,f947ec0b9d3a5dee,68ee337efb8b82ae,90,90
橋梁・トンネル用材,取付け金具（メッキ品）,コンクリート橋脚取付金具（その1）Ｌ＝300～500 [Coｱﾝｶｰ含まず(図集18-14)],組,岐阜,11,15700,17300,1600,10.19,de7ff136f8c7632d,ff410dfb9e78ace7,90,90
橋梁・トンネル用材,取付け金具（メッキ品）,コンクリート橋脚取付金具（その1）Ｌ＝500～700 [Coｱﾝｶｰ含まず(図集18-14)],組,岐阜,11,19300,21300,2000,10.36,45bd7b404d7820de,02cb6a1195fbc44a,90,90
橋梁・トンネル用材,取付け金具（メッキ品）,コンクリート橋脚取付金具（その2）Ｌ＝150～300 [Coｱﾝｶｰ含まず(図集18-14)],組,岐阜,11,12400,13600,1200,9.68,d18871f4b339e9e1,a40ba6ff68787e63,90,90
橋梁・トンネル用材,取付け金具（メッキ品）,コンクリート橋脚取付金具（その2）Ｌ＝300～500 [Coｱﾝｶｰ含まず(図集18-14)],組,岐阜,11,18300,20100,1800,9.84,961358bac57b8f4a,0094751bda3f1ca0,90,90
橋梁・トンネル用材,取付け金具（メッキ品）,コンクリート橋脚取付金具（その2）Ｌ＝500～700 [Coｱﾝｶｰ含まず(図集18-14)],組,岐阜,11,21700,23900,2200,10.14,5fdedcae62638281,44e89a469d022469,90,90
橋梁・トンネル用材,ＴＳフランジ,φ２００用 ５Ｋ,個,岐阜,11,5800,6330,530,9.14,e8b69f4d19d08901,97579ddb23eb32af,90,90
橋梁・トンネル用材,排水桝,ＰＣ桁用 [排水桝本体 FRP 図集18-5],組,三重,12,91000,95100,4100,4.51,e2b5a30c3d4af76e,5d617cf6f02ea733,90,90
橋梁・トンネル用材,排水桝,鋼桁用 [排水桝本体 FRP 図集18-3],組,三重,12,91000,95100,4100,4.51,a57bc82fed1ceab8,c7196a94f037fe23,90,90
橋梁・トンネル用材,取付け金具（メッキ品 ボルト含む）,桁取付け縦引き管用金具Ｌ＝３００～５００ [(図集18-14)],組,三重,12,17300,19000,1700,9.83,9fc884638dcbe78f,d3b5961dd73d2f1c,90,90
橋梁・トンネル用材,取付け金具（メッキ品 ボルト含む）,桁取付け横引き管用金具Ｌ＝４００～６００ [(図集18-14)],組,三重,12,15300,16800,1500,9.8,9f260eb565b3d7dc,68c1a23d1892ae2f,90,90
橋梁・トンネル用材,取付け金具（メッキ品 ボルト含む）,桁取付け横引き管用金具Ｌ＝６００～８００ [(図集18-14)],組,三重,12,18200,20000,1800,9.89,2ce1188031af9f8c,69a076e741bde46d,90,90
橋梁・トンネル用材,取付け金具（メッキ品 ボルト含む）,桁取付け横引き管用金具Ｌ＝８００～１０００ [(図集18-14)],組,三重,12,21000,23000,2000,9.52,7b8275472f117c26,f019521f54ad8c9c,90,90
橋梁・トンネル用材,取付け金具（メッキ品）,ＰＣ桁用取付金具Ｌ＝200～400 鉛直・水平方向共 [Coｱﾝｶｰ含まず(図集18-15)],組,三重,12,13600,15000,1400,10.29,536dcbf9d50a202c,8ea0a0acc6046547,90,90
橋梁・トンネル用材,取付け金具（メッキ品）,ＰＣ桁用取付金具Ｌ＝400～600 鉛直・水平方向共 [Coｱﾝｶｰ含まず(図集18-15)],組,三重,12,20400,22400,2000,9.8,e554db0d35d521a0,362252a397abe800,90,90
橋梁・トンネル用材,取付け金具（メッキ品）,ＰＣ桁用取付金具Ｌ＝600～800 鉛直・水平方向共 [Coｱﾝｶｰ含まず(図集18-15)],組,三重,12,24600,27100,2500,10.16,1ed5f996f26a1f08,25728c3af21b9e7b,90,90
橋梁・トンネル用材,取付け金具（メッキ品）,コンクリート橋脚取付金具（その1）Ｌ＝100～300 [Coｱﾝｶｰ含まず(図集18-14)],組,三重,12,12100,13300,1200,9.92,4fbbc41658629c1b,8e64b70a00628af5,90,90
橋梁・トンネル用材,取付け金具（メッキ品）,コンクリート橋脚取付金具（その1）Ｌ＝300～500 [Coｱﾝｶｰ含まず(図集18-14)],組,三重,12,15700,17300,1600,10.19,cddebdad1919d307,72d1c69cbb14c9d9,90,90
橋梁・トンネル用材,取付け金具（メッキ品）,コンクリート橋脚取付金具（その1）Ｌ＝500～700 [Coｱﾝｶｰ含まず(図集18-14)],組,三重,12,19300,21300,2000,10.36,53c78ee77f5dd0d5,c5fc09f06fab7d8e,90,90
橋梁・トンネル用材,取付け金具（メッキ品）,コンクリート橋脚取付金具（その2）Ｌ＝150～300 [Coｱﾝｶｰ含まず(図集18-14)],組,三重,12,12400,13600,1200,9.68,d535e67fd038477d,9951143ed1e3363b,90,90
橋梁・トンネル用材,取付け金具（メッキ品）,コンクリート橋脚取付金具（その2）Ｌ＝300～500 [Coｱﾝｶｰ含まず(図集18-14)],組,三重,12,18300,20100,1800,9.84,939127438479a370,36bb0b728e2c82ea,90,90
橋梁・トンネル用材,取付け金具（メッキ品）,コンクリート橋脚取付金具（その2）Ｌ＝500～700 [Coｱﾝｶｰ含まず(図集18-14)],組,三重,12,21700,23900,2200,10.14,f8a595fe9fbac85c,d8ff7a5082165185,90,90
橋梁・トンネル用材,ＴＳフランジ,φ２００用 ５Ｋ,個,三重,12,5800,6330,530,9.14,9256b71c9adce8de,30de9d55e5ac0dbb,90,90
橋梁・トンネル用材,銘板(５００×６００),ＪＩＳＨ２２０２ 板厚８ｍｍ 文字厚５ｍｍ,枚,福井,01,219000,240000,21000,9.59,f337cb886b70fe39,84af59592132409a,91,91
橋梁・トンネル用材,銘板(５００×７００),ＪＩＳＨ２２０２ 板厚８ｍｍ 文字厚５ｍｍ,枚,福井,01,255000,280000,25000,9.8,6d0545d35c8e8c4f,d4b0dbc92d2e51a1,91,91
橋梁・トンネル用材,銘板(５００×８００),ＪＩＳＨ２２０２ 板厚８ｍｍ 文字厚５ｍｍ,枚,福井,01,292000,320000,28000,9.59,b28841ff3be16481,6bc9edacff43198d,91,91
橋梁・トンネル用材,ＰＣ鋼棒,Ａ種２号 径２６,kg,福井,01,543,569,26,4.79,d9f2d92b8e4b404e,71a32824d4c6eb08,91,91
橋梁・トンネル用材,ＰＣ鋼棒,Ａ種２号 径３２,kg,福井,01,543,569,26,4.79,b23671febc723356,2d328419a7fb9036,91,91
橋梁・トンネル用材,ＰＣ鋼棒,Ｂ種２号 径２６,kg,福井,01,548,574,26,4.74,316dc8d3a4bf2330,1791658d92bef601,91,91
橋梁・トンネル用材,ＰＣ鋼棒,Ｂ種２号 径３２,kg,福井,01,548,574,26,4.74,47cb7b30464a678e,f86bf69759bdab38,91,91
橋梁・トンネル用材,ＰＣ鋼棒 定着具,径３２ 固定側用 Ａ種２号,組,福井,01,16180,17790,1610,9.95,9918422563d953b8,e7584d2f55213c7a,91,91
橋梁・トンネル用材,ＰＣ鋼棒 定着具,径３２ 固定側用 Ｂ種２号,組,福井,01,16180,17790,1610,9.95,2c7c3edd55eca5e2,7a53513684046d01,91,91
橋梁・トンネル用材,ＰＣ鋼棒 継手,普通継手 径２６ Ａ種２号,組,福井,01,2760,2960,200,7.25,f5210e1769aeafa5,e8b721f2b0e9e641,91,91
橋梁・トンネル用材,銘板(５００×６００),ＪＩＳＨ２２０２ 板厚８ｍｍ 文字厚５ｍｍ,枚,滋賀,02,219000,240000,21000,9.59,5d3232279fdcce1e,1fa2e26ec8b61fee,91,91
橋梁・トンネル用材,銘板(５００×７００),ＪＩＳＨ２２０２ 板厚８ｍｍ 文字厚５ｍｍ,枚,滋賀,02,255000,280000,25000,9.8,3a98b13f474ed6b1,648c0e9c283a266c,91,91
橋梁・トンネル用材,銘板(５００×８００),ＪＩＳＨ２２０２ 板厚８ｍｍ 文字厚５ｍｍ,枚,滋賀,02,292000,320000,28000,9.59,c5c07ae598ad0c35,7b745ca3f2b2b6d9,91,91
橋梁・トンネル用材,ＰＣ鋼棒,Ａ種２号 径２６,kg,滋賀,02,543,569,26,4.79,ff3a063936077b59,e4144dbbebc4c02c,91,91
橋梁・トンネル用材,ＰＣ鋼棒,Ａ種２号 径３２,kg,滋賀,02,543,569,26,4.79,6f63c2a19c54b059,581c06580f70c247,91,91
橋梁・トンネル用材,ＰＣ鋼棒,Ｂ種２号 径２６,kg,滋賀,02,548,574,26,4.74,cc8024f1f4825c25,72298e16ae62cd4a,91,91
橋梁・トンネル用材,ＰＣ鋼棒,Ｂ種２号 径３２,kg,滋賀,02,548,574,26,4.74,f50c7595b274fdd0,5b893269a1cf01c0,91,91
橋梁・トンネル用材,ＰＣ鋼棒 定着具,径３２ 固定側用 Ａ種２号,組,滋賀,02,16180,17790,1610,9.95,cf3e0d7dbb2ce0d6,26c858d00efdfeec,91,91
橋梁・トンネル用材,ＰＣ鋼棒 定着具,径３２ 固定側用 Ｂ種２号,組,滋賀,02,16180,17790,1610,9.95,19b7a1767c275732,fa6f056a5c6819c0,91,91
橋梁・トンネル用材,ＰＣ鋼棒 継手,普通継手 径２６ Ａ種２号,組,滋賀,02,2760,2960,200,7.25,913a84179ea4a600,28e2315518168b8f,91,91
橋梁・トンネル用材,銘板(５００×６００),ＪＩＳＨ２２０２ 板厚８ｍｍ 文字厚５ｍｍ,枚,京都北部,03,219000,240000,21000,9.59,3542090c8a04f295,f683e1cb5b976754,91,91
橋梁・トンネル用材,銘板(５００×７００),ＪＩＳＨ２２０２ 板厚８ｍｍ 文字厚５ｍｍ,枚,京都北部,03,255000,280000,25000,9.8,4d036a14c1defe7e,111d587d64d99384,91,91
橋梁・トンネル用材,銘板(５００×８００),ＪＩＳＨ２２０２ 板厚８ｍｍ 文字厚５ｍｍ,枚,京都北部,03,292000,320000,28000,9.59,d3741b041243c52e,d24cce53d029f97f,91,91
橋梁・トンネル用材,ＰＣ鋼棒,Ａ種２号 径２６,kg,京都北部,03,543,569,26,4.79,afbd4a911079e543,235c1d72c9508205,91,91
橋梁・トンネル用材,ＰＣ鋼棒,Ａ種２号 径３２,kg,京都北部,03,543,569,26,4.79,2b54e57aa383ecbd,76d2e30be411f57f,91,91
橋梁・トンネル用材,ＰＣ鋼棒,Ｂ種２号 径２６,kg,京都北部,03,548,574,26,4.74,dd513afb033efa9c,d86891ddbacc9dc4,91,91
橋梁・トンネル用材,ＰＣ鋼棒,Ｂ種２号 径３２,kg,京都北部,03,548,574,26,4.74,0ff3504111d45224,d1fb745ae47d2e02,91,91
橋梁・トンネル用材,ＰＣ鋼棒 定着具,径３２ 固定側用 Ａ種２号,組,京都北部,03,16180,17790,1610,9.95,35d4bde5f43add7e,7dc20a2d949425bf,91,91
橋梁・トンネル用材,ＰＣ鋼棒 定着具,径３２ 固定側用 Ｂ種２号,組,京都北部,03,16180,17790,1610,9.95,a4c77f444acca66e,a5e8893090b46a2d,91,91
橋梁・トンネル用材,ＰＣ鋼棒 継手,普通継手 径２６ Ａ種２号,組,京都北部,03,2760,2960,200,7.25,8ecc46cd17c7294b,290507eb1c4be552,91,91
橋梁・トンネル用材,銘板(５００×６００),ＪＩＳＨ２２０２ 板厚８ｍｍ 文字厚５ｍｍ,枚,京都南部,04,219000,240000,21000,9.59,d772703940ba302a,7be5143e57851871,91,91
橋梁・トンネル用材,銘板(５００×７００),ＪＩＳＨ２２０２ 板厚８ｍｍ 文字厚５ｍｍ,枚,京都南部,04,255000,280000,25000,9.8,ca14d52e94385dd2,7f6d4102394a47a9,91,91
橋梁・トンネル用材,銘板(５００×８００),ＪＩＳＨ２２０２ 板厚８ｍｍ 文字厚５ｍｍ,枚,京都南部,04,292000,320000,28000,9.59,77dc1cb0186f8d22,df0958c71f4b05c7,91,91
橋梁・トンネル用材,ＰＣ鋼棒,Ａ種２号 径２６,kg,京都南部,04,543,569,26,4.79,184d8f45c1b784e9,d9a2834613f00c33,91,91
橋梁・トンネル用材,ＰＣ鋼棒,Ａ種２号 径３２,kg,京都南部,04,543,569,26,4.79,853195a0fbace76d,150bd2e6a3555ae0,91,91
橋梁・トンネル用材,ＰＣ鋼棒,Ｂ種２号 径２６,kg,京都南部,04,548,574,26,4.74,471b452ecc7fed1a,49e94fbd4904c748,91,91
橋梁・トンネル用材,ＰＣ鋼棒,Ｂ種２号 径３２,kg,京都南部,04,548,574,26,4.74,83abc949708fdeae,03e9992712db985b,91,91
橋梁・トンネル用材,ＰＣ鋼棒 定着具,径３２ 固定側用 Ａ種２号,組,京都南部,04,16180,17790,1610,9.95,2b7d0a0e72931453,b506db57800a400e,91,91
橋梁・トンネル用材,ＰＣ鋼棒 定着具,径３２ 固定側用 Ｂ種２号,組,京都南部,04,16180,17790,1610,9.95,fafe3330630b07e3,4533668a2c8d35d3,91,91
橋梁・トンネル用材,ＰＣ鋼棒 継手,普通継手 径２６ Ａ種２号,組,京都南部,04,2760,2960,200,7.25,bb31ce6b65d4463b,eb225dc5c1e51723,91,91
橋梁・トンネル用材,銘板(５００×６００),ＪＩＳＨ２２０２ 板厚８ｍｍ 文字厚５ｍｍ,枚,大阪,05,219000,240000,21000,9.59,10781ae4545db751,b434274b48b90fe8,91,91
橋梁・トンネル用材,銘板(５００×７００),ＪＩＳＨ２２０２ 板厚８ｍｍ 文字厚５ｍｍ,枚,大阪,05,255000,280000,25000,9.8,3fe4910eeb30e3aa,fd50e01118f862c4,91,91
橋梁・トンネル用材,銘板(５００×８００),ＪＩＳＨ２２０２ 板厚８ｍｍ 文字厚５ｍｍ,枚,大阪,05,292000,320000,28000,9.59,3be54a9513ef0603,3884f60833a48688,91,91
橋梁・トンネル用材,ＰＣ鋼棒,Ａ種２号 径２６,kg,大阪,05,543,569,26,4.79,26f6bc30785e7a6f,9c16c351b1e86281,91,91
橋梁・トンネル用材,ＰＣ鋼棒,Ａ種２号 径３２,kg,大阪,05,543,569,26,4.79,5397e10a922c095b,c6177f27d653e8f5,91,91
橋梁・トンネル用材,ＰＣ鋼棒,Ｂ種２号 径２６,kg,大阪,05,548,574,26,4.74,5fd27a4393a2cb09,ffc9a374918ec57f,91,91
橋梁・トンネル用材,ＰＣ鋼棒,Ｂ種２号 径３２,kg,大阪,05,548,574,26,4.74,de3fbfdc18ca36e9,e7b0e5be76bdb77e,91,91
橋梁・トンネル用材,ＰＣ鋼棒 定着具,径３２ 固定側用 Ａ種２号,組,大阪,05,16180,17790,1610,9.95,5e8ec1163a251458,d95bacdeec4c6fed,91,91
橋梁・トンネル用材,ＰＣ鋼棒 定着具,径３２ 固定側用 Ｂ種２号,組,大阪,05,16180,17790,1610,9.95,681cf77ea8593f29,155068df596017f2,91,91
橋梁・トンネル用材,ＰＣ鋼棒 継手,普通継手 径２６ Ａ種２号,組,大阪,05,2760,2960,200,7.25,2ae072e493f3320b,f882377189921f5d,91,91
橋梁・トンネル用材,銘板(５００×６００),ＪＩＳＨ２２０２ 板厚８ｍｍ 文字厚５ｍｍ,枚,兵庫北部,06,219000,240000,21000,9.59,e4ededa7b212e16a,54034f6fb2c11dfb,91,91
橋梁・トンネル用材,銘板(５００×７００),ＪＩＳＨ２２０２ 板厚８ｍｍ 文字厚５ｍｍ,枚,兵庫北部,06,255000,280000,25000,9.8,ec5794fad84d9e9d,5b9c7b925b4788a0,91,91
橋梁・トンネル用材,銘板(５００×８００),ＪＩＳＨ２２０２ 板厚８ｍｍ 文字厚５ｍｍ,枚,兵庫北部,06,292000,320000,28000,9.59,5e34d160952b04eb,a23317f4e9019105,91,91
橋梁・トンネル用材,ＰＣ鋼棒,Ａ種２号 径２６,kg,兵庫北部,06,543,569,26,4.79,4edac58646e3c645,087e477e6733e0ca,91,91
橋梁・トンネル用材,ＰＣ鋼棒,Ａ種２号 径３２,kg,兵庫北部,06,543,569,26,4.79,e5d141e95c804b8f,43d540ae61aa9ee2,91,91
橋梁・トンネル用材,ＰＣ鋼棒,Ｂ種２号 径２６,kg,兵庫北部,06,548,574,26,4.74,9b91de2184789101,c1daa8cb67490e0e,91,91
橋梁・トンネル用材,ＰＣ鋼棒,Ｂ種２号 径３２,kg,兵庫北部,06,548,574,26,4.74,eff29738978df9da,b21466552c008267,91,91
橋梁・トンネル用材,ＰＣ鋼棒 定着具,径３２ 固定側用 Ａ種２号,組,兵庫北部,06,16180,17790,1610,9.95,de3071f6b3832f63,08cd79cfdcb6604c,91,91
橋梁・トンネル用材,ＰＣ鋼棒 定着具,径３２ 固定側用 Ｂ種２号,組,兵庫北部,06,16180,17790,1610,9.95,fab81aa1652902de,8560b93e15868f27,91,91
橋梁・トンネル用材,ＰＣ鋼棒 継手,普通継手 径２６ Ａ種２号,組,兵庫北部,06,2760,2960,200,7.25,d609c24658607993,67ee565daab4b80f,91,91
橋梁・トンネル用材,銘板(５００×６００),ＪＩＳＨ２２０２ 板厚８ｍｍ 文字厚５ｍｍ,枚,兵庫西部,07,219000,240000,21000,9.59,a6ba7eb77dc6dc64,2adc0cf5844e0e20,91,91
橋梁・トンネル用材,銘板(５００×７００),ＪＩＳＨ２２０２ 板厚８ｍｍ 文字厚５ｍｍ,枚,兵庫西部,07,255000,280000,25000,9.8,7d4d4b82899ecd38,918cefbe701eeedd,91,91
橋梁・トンネル用材,銘板(５００×８００),ＪＩＳＨ２２０２ 板厚８ｍｍ 文字厚５ｍｍ,枚,兵庫西部,07,292000,320000,28000,9.59,49d87a3af41cf950,46b52ac348ff23fa,91,91
橋梁・トンネル用材,ＰＣ鋼棒,Ａ種２号 径２６,kg,兵庫西部,07,543,569,26,4.79,4796d9e963105eba,6f7a1a1cdd83438b,91,91
橋梁・トンネル用材,ＰＣ鋼棒,Ａ種２号 径３２,kg,兵庫西部,07,543,569,26,4.79,c37d8e01f58d063f,ee6c435aa0d7f0e9,91,91
橋梁・トンネル用材,ＰＣ鋼棒,Ｂ種２号 径２６,kg,兵庫西部,07,548,574,26,4.74,8e9a9fb9cff56978,a6cdbbb1ce4850d4,91,91
橋梁・トンネル用材,ＰＣ鋼棒,Ｂ種２号 径３２,kg,兵庫西部,07,548,574,26,4.74,3e86488a34e6e5eb,11f06bfadbb6f334,91,91
橋梁・トンネル用材,ＰＣ鋼棒 定着具,径３２ 固定側用 Ａ種２号,組,兵庫西部,07,16180,17790,1610,9.95,b61e4985d09b8bd7,03afdfff6a4db16e,91,91
橋梁・トンネル用材,ＰＣ鋼棒 定着具,径３２ 固定側用 Ｂ種２号,組,兵庫西部,07,16180,17790,1610,9.95,7a5b1996aa573694,37935658cfcbd833,91,91
橋梁・トンネル用材,ＰＣ鋼棒 継手,普通継手 径２６ Ａ種２号,組,兵庫西部,07,2760,2960,200,7.25,8bf64f100bdf608c,6a9ba5029a8c59f3,91,91
橋梁・トンネル用材,銘板(５００×６００),ＪＩＳＨ２２０２ 板厚８ｍｍ 文字厚５ｍｍ,枚,兵庫,08,219000,240000,21000,9.59,4e9c9e9d225af5ed,2cba3f6043de6db2,91,91
橋梁・トンネル用材,銘板(５００×７００),ＪＩＳＨ２２０２ 板厚８ｍｍ 文字厚５ｍｍ,枚,兵庫,08,255000,280000,25000,9.8,2643860e4b931888,f34c90f7a49ba6de,91,91
橋梁・トンネル用材,銘板(５００×８００),ＪＩＳＨ２２０２ 板厚８ｍｍ 文字厚５ｍｍ,枚,兵庫,08,292000,320000,28000,9.59,fa8ac1575534950a,1fe4be6bd5ecc4ba,91,91
橋梁・トンネル用材,ＰＣ鋼棒,Ａ種２号 径２６,kg,兵庫,08,543,569,26,4.79,f6303664ce5337ae,01acd06256e2b5da,91,91
橋梁・トンネル用材,ＰＣ鋼棒,Ａ種２号 径３２,kg,兵庫,08,543,569,26,4.79,252b55e5fc8ed2f9,26a69a61358b65a0,91,91
橋梁・トンネル用材,ＰＣ鋼棒,Ｂ種２号 径２６,kg,兵庫,08,548,574,26,4.74,760cac35da920848,803e8a2b9c05511d,91,91
橋梁・トンネル用材,ＰＣ鋼棒,Ｂ種２号 径３２,kg,兵庫,08,548,574,26,4.74,8b2f9da92ec4cb71,34b1bf1e2a5da5dd,91,91
橋梁・トンネル用材,ＰＣ鋼棒 定着具,径３２ 固定側用 Ａ種２号,組,兵庫,08,16180,17790,1610,9.95,587f1009afc82e15,cc6005267361ce94,91,91
橋梁・トンネル用材,ＰＣ鋼棒 定着具,径３２ 固定側用 Ｂ種２号,組,兵庫,08,16180,17790,1610,9.95,bab7c950f3320d14,e751886ad7154203,91,91
橋梁・トンネル用材,ＰＣ鋼棒 継手,普通継手 径２６ Ａ種２号,組,兵庫,08,2760,2960,200,7.25,58f59f37536939e8,58badcf7f0517c75,91,91
橋梁・トンネル用材,銘板(５００×６００),ＪＩＳＨ２２０２ 板厚８ｍｍ 文字厚５ｍｍ,枚,奈良,09,219000,240000,21000,9.59,e461ed75fb4ea62d,d79802ede37ba2f9,91,91
橋梁・トンネル用材,銘板(５００×７００),ＪＩＳＨ２２０２ 板厚８ｍｍ 文字厚５ｍｍ,枚,奈良,09,255000,280000,25000,9.8,c056cd700789e66b,34f56d1061ec2142,91,91
橋梁・トンネル用材,銘板(５００×８００),ＪＩＳＨ２２０２ 板厚８ｍｍ 文字厚５ｍｍ,枚,奈良,09,292000,320000,28000,9.59,1b1ee5d8e5023a1b,b1bca5e35b4fe938,91,91
橋梁・トンネル用材,ＰＣ鋼棒,Ａ種２号 径２６,kg,奈良,09,543,569,26,4.79,915efb566fac2697,5440eb0ced162d99,91,91
橋梁・トンネル用材,ＰＣ鋼棒,Ａ種２号 径３２,kg,奈良,09,543,569,26,4.79,dde4e9debbb6cf04,4e55e89b89c1e39f,91,91
橋梁・トンネル用材,ＰＣ鋼棒,Ｂ種２号 径２６,kg,奈良,09,548,574,26,4.74,a24d2999b7dd68f2,d7a308da73598d82,91,91
橋梁・トンネル用材,ＰＣ鋼棒,Ｂ種２号 径３２,kg,奈良,09,548,574,26,4.74,287bd0b4ecb3dc73,a5ecf09d9c47c640,91,91
橋梁・トンネル用材,ＰＣ鋼棒 定着具,径３２ 固定側用 Ａ種２号,組,奈良,09,16180,17790,1610,9.95,ef837b420171b07f,4af6fb42514ed9fb,91,91
橋梁・トンネル用材,ＰＣ鋼棒 定着具,径３２ 固定側用 Ｂ種２号,組,奈良,09,16180,17790,1610,9.95,fa523fc6a2bfd53f,70c5796aa99721c0,91,91
橋梁・トンネル用材,ＰＣ鋼棒 継手,普通継手 径２６ Ａ種２号,組,奈良,09,2760,2960,200,7.25,aebfe18d7cd53ba7,fe85499eb8cdc105,91,91
橋梁・トンネル用材,銘板(５００×６００),ＪＩＳＨ２２０２ 板厚８ｍｍ 文字厚５ｍｍ,枚,和歌山,10,219000,240000,21000,9.59,1f0867b236750557,4af0faa2d839c1cc,91,91
橋梁・トンネル用材,銘板(５００×７００),ＪＩＳＨ２２０２ 板厚８ｍｍ 文字厚５ｍｍ,枚,和歌山,10,255000,280000,25000,9.8,23c359c0dc5919dc,c27c8d117e41a263,91,91
橋梁・トンネル用材,銘板(５００×８００),ＪＩＳＨ２２０２ 板厚８ｍｍ 文字厚５ｍｍ,枚,和歌山,10,292000,320000,28000,9.59,d829a90a8ca928cc,c0b34f26787c4b63,91,91
橋梁・トンネル用材,ＰＣ鋼棒,Ａ種２号 径２６,kg,和歌山,10,543,569,26,4.79,c6114d6fa355d05d,a986c0a6c25bfffc,91,91
橋梁・トンネル用材,ＰＣ鋼棒,Ａ種２号 径３２,kg,和歌山,10,543,569,26,4.79,3a257d1035d7c06a,fb4d6c26aa1a0c54,91,91
橋梁・トンネル用材,ＰＣ鋼棒,Ｂ種２号 径２６,kg,和歌山,10,548,574,26,4.74,e408b37356496bb0,669cde4b5721c5a3,91,91
橋梁・トンネル用材,ＰＣ鋼棒,Ｂ種２号 径３２,kg,和歌山,10,548,574,26,4.74,43b501e041e2ce39,e4f0ee6cbc6b107c,91,91
橋梁・トンネル用材,ＰＣ鋼棒 定着具,径３２ 固定側用 Ａ種２号,組,和歌山,10,16180,17790,1610,9.95,81c5794aa3af5aaf,3d3720a727347725,91,91
橋梁・トンネル用材,ＰＣ鋼棒 定着具,径３２ 固定側用 Ｂ種２号,組,和歌山,10,16180,17790,1610,9.95,3581cf7c0a02ed7d,cfe97045a9021316,91,91
橋梁・トンネル用材,ＰＣ鋼棒 継手,普通継手 径２６ Ａ種２号,組,和歌山,10,2760,2960,200,7.25,0019985d6a2027ad,baa4f5aa3dd13081,91,91
橋梁・トンネル用材,銘板(５００×６００),ＪＩＳＨ２２０２ 板厚８ｍｍ 文字厚５ｍｍ,枚,岐阜,11,219000,240000,21000,9.59,6aa441f65125f903,04c51a0ba94f2681,91,91
橋梁・トンネル用材,銘板(５００×７００),ＪＩＳＨ２２０２ 板厚８ｍｍ 文字厚５ｍｍ,枚,岐阜,11,255000,280000,25000,9.8,c91394ca302f6e77,0a7d750234ce6e4f,91,91
橋梁・トンネル用材,銘板(５００×８００),ＪＩＳＨ２２０２ 板厚８ｍｍ 文字厚５ｍｍ,枚,岐阜,11,292000,320000,28000,9.59,9dca36a11e57ef3f,b143d576cd29feb7,91,91
橋梁・トンネル用材,ＰＣ鋼棒,Ａ種２号 径２６,kg,岐阜,11,543,569,26,4.79,0db26ad5003eb9bb,aeab9e26127b6da6,91,91
橋梁・トンネル用材,ＰＣ鋼棒,Ａ種２号 径３２,kg,岐阜,11,543,569,26,4.79,61da9ed582fddbeb,b813ddcf5978e55a,91,91
橋梁・トンネル用材,ＰＣ鋼棒,Ｂ種２号 径２６,kg,岐阜,11,548,574,26,4.74,6bf4324617c2b93d,c8475b3d81ac7ed4,91,91
橋梁・トンネル用材,ＰＣ鋼棒,Ｂ種２号 径３２,kg,岐阜,11,548,574,26,4.74,17b79c4a45e83385,6590b6d4d8f762ec,91,91
橋梁・トンネル用材,ＰＣ鋼棒 定着具,径３２ 固定側用 Ａ種２号,組,岐阜,11,16180,17790,1610,9.95,38cc7690fe6dd7d8,7af2a5fd0b95fc89,91,91
橋梁・トンネル用材,ＰＣ鋼棒 定着具,径３２ 固定側用 Ｂ種２号,組,岐阜,11,16180,17790,1610,9.95,d71c8e4b01f72db7,1df47ea7cc76844a,91,91
橋梁・トンネル用材,ＰＣ鋼棒 継手,普通継手 径２６ Ａ種２号,組,岐阜,11,2760,2960,200,7.25,d088d8e2a60ae928,391e96720c813869,91,91
橋梁・トンネル用材,銘板(５００×６００),ＪＩＳＨ２２０２ 板厚８ｍｍ 文字厚５ｍｍ,枚,三重,12,219000,240000,21000,9.59,4cbe1a4298ddddd1,1f16470b4f313685,91,91
橋梁・トンネル用材,銘板(５００×７００),ＪＩＳＨ２２０２ 板厚８ｍｍ 文字厚５ｍｍ,枚,三重,12,255000,280000,25000,9.8,7c10bf1f7ede3c8c,0ab01540db6890df,91,91
橋梁・トンネル用材,銘板(５００×８００),ＪＩＳＨ２２０２ 板厚８ｍｍ 文字厚５ｍｍ,枚,三重,12,292000,320000,28000,9.59,1d73b1fcb8a6b26e,94ee95fcf9c7e832,91,91
橋梁・トンネル用材,ＰＣ鋼棒,Ａ種２号 径２６,kg,三重,12,543,569,26,4.79,c22bbd7b5d3e8b64,005a1dd2e126119f,91,91
橋梁・トンネル用材,ＰＣ鋼棒,Ａ種２号 径３２,kg,三重,12,543,569,26,4.79,97dae6a2d6fc3d9c,9cb058ce9cd0086c,91,91
橋梁・トンネル用材,ＰＣ鋼棒,Ｂ種２号 径２６,kg,三重,12,548,574,26,4.74,459b846a244dbc6c,5a31c7cca516b794,91,91
橋梁・トンネル用材,ＰＣ鋼棒,Ｂ種２号 径３２,kg,三重,12,548,574,26,4.74,9d3e1d7648fc3794,3e68aba32653b1ae,91,91
橋梁・トンネル用材,ＰＣ鋼棒 定着具,径３２ 固定側用 Ａ種２号,組,三重,12,16180,17790,1610,9.95,fe3a81d97131f1c7,e686899bf34636cc,91,91
橋梁・トンネル用材,ＰＣ鋼棒 定着具,径３２ 固定側用 Ｂ種２号,組,三重,12,16180,17790,1610,9.95,9448c29dd1543aeb,766b3f5bb8b80419,91,91
橋梁・トンネル用材,ＰＣ鋼棒 継手,普通継手 径２６ Ａ種２号,組,三重,12,2760,2960,200,7.25,0cbf592322f81144,542323e5b1c1db2e,91,91
橋梁・トンネル用材,ＰＣ鋼棒 継手,普通継手 径２６ Ｂ種２号,組,福井,01,2760,2960,200,7.25,07000e69697d646c,2f3b898827c16ce1,92,92
橋梁・トンネル用材,ＰＣ鋼棒 継手,普通継手 径３２ Ａ種２号,組,福井,01,3740,4020,280,7.49,b2acd0393dadd4cb,4801ca7d028915eb,92,92
橋梁・トンネル用材,ＰＣ鋼棒 継手,普通継手 径３２ Ｂ種２号,組,福井,01,3740,4020,280,7.49,a48217acad8646a4,ed227076a402a169,92,92
橋梁・トンネル用材,ＰＣ鋼棒 継手,Ｇ継手 径２６ Ａ種２号,組,福井,01,3400,3690,290,8.53,4975c927b204bb1f,d342d7fa623763e3,92,92
橋梁・トンネル用材,ＰＣ鋼棒 継手,Ｇ継手 径２６ Ｂ種２号,組,福井,01,3400,3690,290,8.53,2f12ae7d0d5ac29e,3980966f8c61b5bc,92,92
橋梁・トンネル用材,ＰＣ鋼棒 継手,Ｇ継手 径３２ Ａ種２号,組,福井,01,4450,4840,390,8.76,52709fae7ababe05,32cfb658b7b6e569,92,92
橋梁・トンネル用材,ＰＣ鋼棒 継手,Ｇ継手 径３２ Ｂ種２号,組,福井,01,4450,4840,390,8.76,092354ae7daa8cfb,9d9e8588b01af589,92,92
橋梁・トンネル用材,カッタービット,ＲＭ８－２５,個,福井,01,8800,48000,39200,445.45,a8af5a0536deee3c,ec015d3f80db141c,92,92
橋梁・トンネル用材,ＰＣ鋼棒 継手,普通継手 径２６ Ｂ種２号,組,滋賀,02,2760,2960,200,7.25,5f951c17ed92fb94,20200ed958d14fd3,92,92
橋梁・トンネル用材,ＰＣ鋼棒 継手,普通継手 径３２ Ａ種２号,組,滋賀,02,3740,4020,280,7.49,b44984a990992ac9,b59eb8d15636c4d1,92,92
橋梁・トンネル用材,ＰＣ鋼棒 継手,普通継手 径３２ Ｂ種２号,組,滋賀,02,3740,4020,280,7.49,b8a503f7357372ed,592a06d08d607446,92,92
橋梁・トンネル用材,ＰＣ鋼棒 継手,Ｇ継手 径２６ Ａ種２号,組,滋賀,02,3400,3690,290,8.53,641490f9277eb011,10af9bd05c212cd1,92,92
橋梁・トンネル用材,ＰＣ鋼棒 継手,Ｇ継手 径２６ Ｂ種２号,組,滋賀,02,3400,3690,290,8.53,16a65ebcc496dcae,031701196921004f,92,92
橋梁・トンネル用材,ＰＣ鋼棒 継手,Ｇ継手 径３２ Ａ種２号,組,滋賀,02,4450,4840,390,8.76,12c78de51d08f4bb,b8e5326f220deb11,92,92
橋梁・トンネル用材,ＰＣ鋼棒 継手,Ｇ継手 径３２ Ｂ種２号,組,滋賀,02,4450,4840,390,8.76,a5e3b224f7e598f0,b8cb6d9320a8f555,92,92
橋梁・トンネル用材,カッタービット,ＲＭ８－２５,個,滋賀,02,8800,48000,39200,445.45,48b1bb5d8165495a,e069fda036af5aab,92,92
橋梁・トンネル用材,ＰＣ鋼棒 継手,普通継手 径２６ Ｂ種２号,組,京都北部,03,2760,2960,200,7.25,b9da56b9bcccf235,879a6345481628f2,92,92
橋梁・トンネル用材,ＰＣ鋼棒 継手,普通継手 径３２ Ａ種２号,組,京都北部,03,3740,4020,280,7.49,59f069826f20ae47,93f72015db389979,92,92
橋梁・トンネル用材,ＰＣ鋼棒 継手,普通継手 径３２ Ｂ種２号,組,京都北部,03,3740,4020,280,7.49,6f91649a2327361d,5f640e158b539bd2,92,92
橋梁・トンネル用材,ＰＣ鋼棒 継手,Ｇ継手 径２６ Ａ種２号,組,京都北部,03,3400,3690,290,8.53,1a07d9afec660ff9,8f9b5ebd96a7e105,92,92
橋梁・トンネル用材,ＰＣ鋼棒 継手,Ｇ継手 径２６ Ｂ種２号,組,京都北部,03,3400,3690,290,8.53,1ff7dd8d827df1b1,38ea7b3d0697f9a8,92,92
橋梁・トンネル用材,ＰＣ鋼棒 継手,Ｇ継手 径３２ Ａ種２号,組,京都北部,03,4450,4840,390,8.76,93e4d1e858982624,5fd470e21b7bc9a1,92,92
橋梁・トンネル用材,ＰＣ鋼棒 継手,Ｇ継手 径３２ Ｂ種２号,組,京都北部,03,4450,4840,390,8.76,83930b8435518160,7de97d485fe9238e,92,92
橋梁・トンネル用材,カッタービット,ＲＭ８－２５,個,京都北部,03,8800,48000,39200,445.45,890c1c440a23fe67,beab188fda26b483,92,92
橋梁・トンネル用材,ＰＣ鋼棒 継手,普通継手 径２６ Ｂ種２号,組,京都南部,04,2760,2960,200,7.25,0eee3b8250127a9f,994ee8e15e4d3157,92,92
橋梁・トンネル用材,ＰＣ鋼棒 継手,普通継手 径３２ Ａ種２号,組,京都南部,04,3740,4020,280,7.49,8351f24300df8dbc,d6078cb049db739c,92,92
橋梁・トンネル用材,ＰＣ鋼棒 継手,普通継手 径３２ Ｂ種２号,組,京都南部,04,3740,4020,280,7.49,3ff8858eeca182ca,5bcb7a407cca604f,92,92
橋梁・トンネル用材,ＰＣ鋼棒 継手,Ｇ継手 径２６ Ａ種２号,組,京都南部,04,3400,3690,290,8.53,447b5a7b00339a93,d5f43ee73d14a49c,92,92
橋梁・トンネル用材,ＰＣ鋼棒 継手,Ｇ継手 径２６ Ｂ種２号,組,京都南部,04,3400,3690,290,8.53,48ce94da1de9262f,fee78e94fc8be0bd,92,92
橋梁・トンネル用材,ＰＣ鋼棒 継手,Ｇ継手 径３２ Ａ種２号,組,京都南部,04,4450,4840,390,8.76,43b2bc1610d96816,241f560d52bd8d21,92,92
橋梁・トンネル用材,ＰＣ鋼棒 継手,Ｇ継手 径３２ Ｂ種２号,組,京都南部,04,4450,4840,390,8.76,36b59fc2320fee92,4eea2762d7925566,92,92
橋梁・トンネル用材,カッタービット,ＲＭ８－２５,個,京都南部,04,8800,48000,39200,445.45,3c61fd7e4bec1668,3fc21a8fba3c0568,92,92
橋梁・トンネル用材,ＰＣ鋼棒 継手,普通継手 径２６ Ｂ種２号,組,大阪,05,2760,2960,200,7.25,16da2c928992388e,a37a895cd1e441c6,92,92
橋梁・トンネル用材,ＰＣ鋼棒 継手,普通継手 径３２ Ａ種２号,組,大阪,05,3740,4020,280,7.49,256c7dc1e95f6afc,b3b0f0a5ae9b3a42,92,92
橋梁・トンネル用材,ＰＣ鋼棒 継手,普通継手 径３２ Ｂ種２号,組,大阪,05,3740,4020,280,7.49,f584f5e3b9d1c718,583240aabbe46da0,92,92
橋梁・トンネル用材,ＰＣ鋼棒 継手,Ｇ継手 径２６ Ａ種２号,組,大阪,05,3400,3690,290,8.53,43f5dd99a00d27b5,0c888ff53548cca7,92,92
橋梁・トンネル用材,ＰＣ鋼棒 継手,Ｇ継手 径２６ Ｂ種２号,組,大阪,05,3400,3690,290,8.53,52965f0f8bd3b83e,aab8b7fd5b638c03,92,92
橋梁・トンネル用材,ＰＣ鋼棒 継手,Ｇ継手 径３２ Ａ種２号,組,大阪,05,4450,4840,390,8.76,1c02890d7fa09cc7,71e73f50a1aa23f0,92,92
橋梁・トンネル用材,ＰＣ鋼棒 継手,Ｇ継手 径３２ Ｂ種２号,組,大阪,05,4450,4840,390,8.76,15179f74bb34c04c,16a63d42086d9c46,92,92
橋梁・トンネル用材,カッタービット,ＲＭ８－２５,個,大阪,05,8800,48000,39200,445.45,d117b218398752b3,7361c5af69199a92,92,92
橋梁・トンネル用材,ＰＣ鋼棒 継手,普通継手 径２６ Ｂ種２号,組,兵庫北部,06,2760,2960,200,7.25,d1d868b51c0b1dac,2b259e930a1b0e6b,92,92
橋梁・トンネル用材,ＰＣ鋼棒 継手,普通継手 径３２ Ａ種２号,組,兵庫北部,06,3740,4020,280,7.49,1228c60f814cc5ca,27a14e662d4b880a,92,92
橋梁・トンネル用材,ＰＣ鋼棒 継手,普通継手 径３２ Ｂ種２号,組,兵庫北部,06,3740,4020,280,7.49,31f33f8ab5497c52,dc637aef300a5910,92,92
橋梁・トンネル用材,ＰＣ鋼棒 継手,Ｇ継手 径２６ Ａ種２号,組,兵庫北部,06,3400,3690,290,8.53,e6e78e01d60e403a,3efc9bc03611ab7a,92,92
橋梁・トンネル用材,ＰＣ鋼棒 継手,Ｇ継手 径２６ Ｂ種２号,組,兵庫北部,06,3400,3690,290,8.53,aa1ce2f9fc473bf4,9a2049c3cc14d8df,92,92
橋梁・トンネル用材,ＰＣ鋼棒 継手,Ｇ継手 径３２ Ａ種２号,組,兵庫北部,06,4450,4840,390,8.76,510c90699d411ae5,0469fe3538f0e53d,92,92
橋梁・トンネル用材,ＰＣ鋼棒 継手,Ｇ継手 径３２ Ｂ種２号,組,兵庫北部,06,4450,4840,390,8.76,da4d41b335ba7f50,eb48023e9b4ec037,92,92
橋梁・トンネル用材,カッタービット,ＲＭ８－２５,個,兵庫北部,06,8800,48000,39200,445.45,d7359fc91e6ff664,29f0cd0086e05586,92,92
橋梁・トンネル用材,ＰＣ鋼棒 継手,普通継手 径２６ Ｂ種２号,組,兵庫西部,07,2760,2960,200,7.25,3eb4c6a4f585b5d5,2093a3a15732eafe,92,92
橋梁・トンネル用材,ＰＣ鋼棒 継手,普通継手 径３２ Ａ種２号,組,兵庫西部,07,3740,4020,280,7.49,0988de6a2176c877,1a911c90f8724e1a,92,92
橋梁・トンネル用材,ＰＣ鋼棒 継手,普通継手 径３２ Ｂ種２号,組,兵庫西部,07,3740,4020,280,7.49,06e990ef76ac7f53,8df7e623581816e3,92,92
橋梁・トンネル用材,ＰＣ鋼棒 継手,Ｇ継手 径２６ Ａ種２号,組,兵庫西部,07,3400,3690,290,8.53,90f88a59059f48b1,a6424020feaab8c5,92,92
橋梁・トンネル用材,ＰＣ鋼棒 継手,Ｇ継手 径２６ Ｂ種２号,組,兵庫西部,07,3400,3690,290,8.53,958f639a3da4717d,31e3eb97b8e53313,92,92
橋梁・トンネル用材,ＰＣ鋼棒 継手,Ｇ継手 径３２ Ａ種２号,組,兵庫西部,07,4450,4840,390,8.76,173546d5cd8d79c3,a4152c39458c2027,92,92
橋梁・トンネル用材,ＰＣ鋼棒 継手,Ｇ継手 径３２ Ｂ種２号,組,兵庫西部,07,4450,4840,390,8.76,ec147279e29380af,abafa1f0cf9b16e2,92,92
橋梁・トンネル用材,カッタービット,ＲＭ８－２５,個,兵庫西部,07,8800,48000,39200,445.45,40cbd381415451ef,6490b02d358cf070,92,92
橋梁・トンネル用材,ＰＣ鋼棒 継手,普通継手 径２６ Ｂ種２号,組,兵庫,08,2760,2960,200,7.25,2f6bb2a8397ebfaa,021810049a708b33,92,92
橋梁・トンネル用材,ＰＣ鋼棒 継手,普通継手 径３２ Ａ種２号,組,兵庫,08,3740,4020,280,7.49,a4139f0a6b987f20,961fe07d8a3d745b,92,92
橋梁・トンネル用材,ＰＣ鋼棒 継手,普通継手 径３２ Ｂ種２号,組,兵庫,08,3740,4020,280,7.49,2cb5264a118b1f06,125a140f13e00470,92,92
橋梁・トンネル用材,ＰＣ鋼棒 継手,Ｇ継手 径２６ Ａ種２号,組,兵庫,08,3400,3690,290,8.53,5d88408b48334fec,2715078caea9880a,92,92
橋梁・トンネル用材,ＰＣ鋼棒 継手,Ｇ継手 径２６ Ｂ種２号,組,兵庫,08,3400,3690,290,8.53,4c0789459bd412b2,991ac989eaac591e,92,92
橋梁・トンネル用材,ＰＣ鋼棒 継手,Ｇ継手 径３２ Ａ種２号,組,兵庫,08,4450,4840,390,8.76,46de9f18d57142d7,c1e6e29d0c22002a,92,92
橋梁・トンネル用材,ＰＣ鋼棒 継手,Ｇ継手 径３２ Ｂ種２号,組,兵庫,08,4450,4840,390,8.76,92cb4569f1617e1e,dfe0fc8c38e8f85e,92,92
橋梁・トンネル用材,カッタービット,ＲＭ８－２５,個,兵庫,08,8800,48000,39200,445.45,4d02b27e38c96b76,f0f03ffa31c191ed,92,92
橋梁・トンネル用材,ＰＣ鋼棒 継手,普通継手 径２６ Ｂ種２号,組,奈良,09,2760,2960,200,7.25,c5bf8e61591e2be5,61cf1d2c51008b23,92,92
橋梁・トンネル用材,ＰＣ鋼棒 継手,普通継手 径３２ Ａ種２号,組,奈良,09,3740,4020,280,7.49,f7df4484254c1c71,379bdf0443068c06,92,92
橋梁・トンネル用材,ＰＣ鋼棒 継手,普通継手 径３２ Ｂ種２号,組,奈良,09,3740,4020,280,7.49,f3e19f66e5240544,9921cac86537b4d5,92,92
橋梁・トンネル用材,ＰＣ鋼棒 継手,Ｇ継手 径２６ Ａ種２号,組,奈良,09,3400,3690,290,8.53,412f8a686cc5f1be,231a524b5e5b7ac6,92,92
橋梁・トンネル用材,ＰＣ鋼棒 継手,Ｇ継手 径２６ Ｂ種２号,組,奈良,09,3400,3690,290,8.53,60aa5ac2106ed7fe,714bf9047c5d6c1c,92,92
橋梁・トンネル用材,ＰＣ鋼棒 継手,Ｇ継手 径３２ Ａ種２号,組,奈良,09,4450,4840,390,8.76,78b778fcde1a0c46,2d141fe0251a0646,92,92
橋梁・トンネル用材,ＰＣ鋼棒 継手,Ｇ継手 径３２ Ｂ種２号,組,奈良,09,4450,4840,390,8.76,06b2ceb56e016a0e,1539f625e05000d6,92,92
橋梁・トンネル用材,カッタービット,ＲＭ８－２５,個,奈良,09,8800,48000,39200,445.45,46ecf6d2427973d4,62f7829a8352901d,92,92
橋梁・トンネル用材,ＰＣ鋼棒 継手,普通継手 径２６ Ｂ種２号,組,和歌山,10,2760,2960,200,7.25,a1d3b2d924e65b0e,4c54761f5202b234,92,92
橋梁・トンネル用材,ＰＣ鋼棒 継手,普通継手 径３２ Ａ種２号,組,和歌山,10,3740,4020,280,7.49,3cb0410d4925eb0d,35ac0a600ba97263,92,92
橋梁・トンネル用材,ＰＣ鋼棒 継手,普通継手 径３２ Ｂ種２号,組,和歌山,10,3740,4020,280,7.49,3f03074c8f343b1f,d4586a19213a3ab2,92,92
橋梁・トンネル用材,ＰＣ鋼棒 継手,Ｇ継手 径２６ Ａ種２号,組,和歌山,10,3400,3690,290,8.53,0e37d54cae648c4c,468ecfbbc173e844,92,92
橋梁・トンネル用材,ＰＣ鋼棒 継手,Ｇ継手 径２６ Ｂ種２号,組,和歌山,10,3400,3690,290,8.53,9a68c2b51b1d2e82,4fd49d289f868593,92,92
橋梁・トンネル用材,ＰＣ鋼棒 継手,Ｇ継手 径３２ Ａ種２号,組,和歌山,10,4450,4840,390,8.76,a2c758d71cffd1dd,cdf81b2472a41bb4,92,92
橋梁・トンネル用材,ＰＣ鋼棒 継手,Ｇ継手 径３２ Ｂ種２号,組,和歌山,10,4450,4840,390,8.76,f7afbb1db678d813,70350dab46d5e8fd,92,92
橋梁・トンネル用材,カッタービット,ＲＭ８－２５,個,和歌山,10,8800,48000,39200,445.45,47e39d837247ec00,251ea6b9f30e42d5,92,92
橋梁・トンネル用材,ＰＣ鋼棒 継手,普通継手 径２６ Ｂ種２号,組,岐阜,11,2760,2960,200,7.25,a245b1d269565cb5,61a96a3047fd0a57,92,92
橋梁・トンネル用材,ＰＣ鋼棒 継手,普通継手 径３２ Ａ種２号,組,岐阜,11,3740,4020,280,7.49,0c56040d1c25843b,d83185cada2c2487,92,92
橋梁・トンネル用材,ＰＣ鋼棒 継手,普通継手 径３２ Ｂ種２号,組,岐阜,11,3740,4020,280,7.49,0803e35404cd171f,620792859a44f299,92,92
橋梁・トンネル用材,ＰＣ鋼棒 継手,Ｇ継手 径２６ Ａ種２号,組,岐阜,11,3400,3690,290,8.53,6dca0386f552cd0a,af92344909b995ef,92,92
橋梁・トンネル用材,ＰＣ鋼棒 継手,Ｇ継手 径２６ Ｂ種２号,組,岐阜,11,3400,3690,290,8.53,728f58ae79e57fc4,d6b9d7ed42ac4749,92,92
橋梁・トンネル用材,ＰＣ鋼棒 継手,Ｇ継手 径３２ Ａ種２号,組,岐阜,11,4450,4840,390,8.76,80aeee66a8d10dad,1f1496c3c3d2464e,92,92
橋梁・トンネル用材,ＰＣ鋼棒 継手,Ｇ継手 径３２ Ｂ種２号,組,岐阜,11,4450,4840,390,8.76,b35a8e6bd631c5e5,778291d420e541a5,92,92
橋梁・トンネル用材,カッタービット,ＲＭ８－２５,個,岐阜,11,8800,48000,39200,445.45,6ef38997da64c334,8b96fdafea026a63,92,92
橋梁・トンネル用材,ＰＣ鋼棒 継手,普通継手 径２６ Ｂ種２号,組,三重,12,2760,2960,200,7.25,83e3a5d3170a960f,7d814900f3496285,92,92
橋梁・トンネル用材,ＰＣ鋼棒 継手,普通継手 径３２ Ａ種２号,組,三重,12,3740,4020,280,7.49,665d0142283aa939,c72782c273544d27,92,92
橋梁・トンネル用材,ＰＣ鋼棒 継手,普通継手 径３２ Ｂ種２号,組,三重,12,3740,4020,280,7.49,329caaabc1f1ff47,9490ebe9c6acd492,92,92
橋梁・トンネル用材,ＰＣ鋼棒 継手,Ｇ継手 径２６ Ａ種２号,組,三重,12,3400,3690,290,8.53,8e6cc782a43d2c8d,0685a3ee565007cb,92,92
橋梁・トンネル用材,ＰＣ鋼棒 継手,Ｇ継手 径２６ Ｂ種２号,組,三重,12,3400,3690,290,8.53,d7c60d22a6be2c26,99c119057baa0e0b,92,92
橋梁・トンネル用材,ＰＣ鋼棒 継手,Ｇ継手 径３２ Ａ種２号,組,三重,12,4450,4840,390,8.76,a67d3a8540787eca,06754c3b23ce8dfa,92,92
橋梁・トンネル用材,ＰＣ鋼棒 継手,Ｇ継手 径３２ Ｂ種２号,組,三重,12,4450,4840,390,8.76,c25ebf7ab9daba21,dd71d48b429f0479,92,92
橋梁・トンネル用材,カッタービット,ＲＭ８－２５,個,三重,12,8800,48000,39200,445.45,36b47ac845135bb8,8e7e2496ca5233da,92,92
造園・緑化用材,土壌改良材,苦土石灰,kg,福井,01,34,38,4,11.76,defcf882c23ecf69,c5e72b3c25f2c5e0,93,93
造園・緑化用材,土壌安定剤,酢酸ビニル系樹脂同等品,kg,福井,01,700,840,140,20.0,0b77c3afe365582c,ccc465b6f3b7baac,93,93
造園・緑化用材,土壌改良材,苦土石灰,kg,滋賀,02,34,38,4,11.76,3e12107022dcb001,ea000d2975bd95ff,93,93
造園・緑化用材,土壌安定剤,酢酸ビニル系樹脂同等品,kg,滋賀,02,700,840,140,20.0,c292e9104da239ab,b000c3f98f3abfe0,93,93
造園・緑化用材,土壌改良材,苦土石灰,kg,京都北部,03,34,38,4,11.76,e21f9cd0b4263cba,018343236b9ce11a,93,93
造園・緑化用材,土壌安定剤,酢酸ビニル系樹脂同等品,kg,京都北部,03,700,840,140,20.0,be643ba9c0783398,c28984c32152d22c,93,93
造園・緑化用材,土壌改良材,苦土石灰,kg,京都南部,04,34,38,4,11.76,831f8491eb23e9d0,fed34c842c139c05,93,93
造園・緑化用材,土壌安定剤,酢酸ビニル系樹脂同等品,kg,京都南部,04,700,840,140,20.0,3400d529aa1b3515,6786477e305bf704,93,93
造園・緑化用材,土壌改良材,苦土石灰,kg,大阪,05,34,38,4,11.76,be6efc9b133cb06e,e7d0143da03415df,93,93
造園・緑化用材,土壌安定剤,酢酸ビニル系樹脂同等品,kg,大阪,05,700,840,140,20.0,4793b1119a3e9a5e,e853ab27425100c8,93,93
造園・緑化用材,土壌改良材,苦土石灰,kg,兵庫北部,06,34,38,4,11.76,b0cab56f890ee78b,86d2d0c4dd1b2341,93,93
造園・緑化用材,土壌安定剤,酢酸ビニル系樹脂同等品,kg,兵庫北部,06,700,840,140,20.0,6ae0ab775c9ee3c4,bcbe872e3e58cf52,93,93
造園・緑化用材,土壌改良材,苦土石灰,kg,兵庫西部,07,34,38,4,11.76,a9fb31908bfdc68b,211b745104bf8d82,93,93
造園・緑化用材,土壌安定剤,酢酸ビニル系樹脂同等品,kg,兵庫西部,07,700,840,140,20.0,6febbb49995aa4a9,79bcb837acc06b69,93,93
造園・緑化用材,土壌改良材,苦土石灰,kg,兵庫,08,34,38,4,11.76,dc7d27e6e3a01f8e,e8a3e302d9d42e14,93,93
造園・緑化用材,土壌安定剤,酢酸ビニル系樹脂同等品,kg,兵庫,08,700,840,140,20.0,79a0e29c7a245bef,a216a78b6d150d67,93,93
造園・緑化用材,土壌改良材,苦土石灰,kg,奈良,09,34,38,4,11.76,c25318a4f706fbe3,5845b3b3315b8b18,93,93
造園・緑化用材,土壌安定剤,酢酸ビニル系樹脂同等品,kg,奈良,09,700,840,140,20.0,4c7891ea70bbc1ad,adf7094b17771719,93,93
造園・緑化用材,土壌改良材,苦土石灰,kg,和歌山,10,34,38,4,11.76,83b8d38c7674da94,fcc337d6c77bfe9b,93,93
造園・緑化用材,土壌安定剤,酢酸ビニル系樹脂同等品,kg,和歌山,10,700,840,140,20.0,f6193220e03e0f3e,260463a0090d530a,93,93
造園・緑化用材,土壌改良材,苦土石灰,kg,岐阜,11,34,38,4,11.76,64bfd8363421378f,e6c60904a2d17f25,93,93
造園・緑化用材,土壌安定剤,酢酸ビニル系樹脂同等品,kg,岐阜,11,700,840,140,20.0,de94eafb163e27d2,b4c324dedf8c6e8c,93,93
造園・緑化用材,土壌改良材,苦土石灰,kg,三重,12,34,38,4,11.76,d9e4d570f6c4bac6,239bad9167cb97b9,93,93
造園・緑化用材,土壌安定剤,酢酸ビニル系樹脂同等品,kg,三重,12,700,840,140,20.0,de98bfc5a207c684,fb32e25d8607866b,93,93
その他土木資材,防錆材,プロコート,kg,福井,01,1180,,,,b0d617e144dba803,77ff89804e73950e,94,94
その他土木資材,防錆材,プロコートＣ,kg,福井,01,1320,,,,ca6218460b796ca8,2936046cb9efde5b,94,94
その他土木資材,擁壁添架金具,（図集５－１０）,組,福井,01,21300,25500,4200,19.72,c1850c20fc60d875,d5b2f57f0cf075ae,94,94
その他土木資材,Ｇｒ柱添架金具,支柱１１４．３（図集５－１１）,組,福井,01,7850,9420,1570,20.0,361d9c3d35555098,b2136872c5c70dcb,94,94
その他土木資材,Ｇｒ柱添架金具,支柱１３９．８（図集５－１１）,組,福井,01,7850,9420,1570,20.0,596a9ec87bdb1e48,d1c0a43680a370dc,94,94
その他土木資材,電気雷管,６号瞬発 １段 脚線４．５ｍ,個,福井,01,457,557,100,21.88,535cc533b7261259,b7d7fdfd7675aebc,94,94
その他土木資材,接着材,ＰＣ桁用 エポキシ樹脂系,kg,福井,01,3400,3910,510,15.0,53618c180247a49f,18b8e29af3b2eb7e,94,94
その他土木資材,接着材,樹脂モルタル用,kg,福井,01,3480,4160,680,19.54,f693cac03b36691b,ba295d5637db6f31,94,94
その他土木資材,シール材,エポキシ,kg,福井,01,2630,,,,60186d966785545d,6cf77e210caf153a,94,94
その他土木資材,注入材,エポキシ,kg,福井,01,3400,3990,590,17.35,ff5191feaaaf59cf,afe8c1bd941f4505,94,94
その他土木資材,防錆材,プロコート,kg,滋賀,02,1180,,,,23f8f4e3f2c1bbe7,bcf0e7f1b3987d82,94,94
その他土木資材,防錆材,プロコートＣ,kg,滋賀,02,1320,,,,291c3e05686ad5e4,dc2d8447cf789911,94,94
その他土木資材,擁壁添架金具,（図集５－１０）,組,滋賀,02,21300,25500,4200,19.72,d49013f3a42227f2,1df0e4c64df406f6,94,94
その他土木資材,Ｇｒ柱添架金具,支柱１１４．３（図集５－１１）,組,滋賀,02,7850,9420,1570,20.0,bc3f766977ad33ee,509e93942d164e74,94,94
その他土木資材,Ｇｒ柱添架金具,支柱１３９．８（図集５－１１）,組,滋賀,02,7850,9420,1570,20.0,ce7379fa8a2c5840,9f701e049308d956,94,94
その他土木資材,電気雷管,６号瞬発 １段 脚線４．５ｍ,個,滋賀,02,457,557,100,21.88,820adfbba4b17dcb,ba7b6f61a0eb95c5,94,94
その他土木資材,接着材,ＰＣ桁用 エポキシ樹脂系,kg,滋賀,02,3400,3910,510,15.0,84e2d9745435166b,1b1ab351b3172528,94,94
その他土木資材,接着材,樹脂モルタル用,kg,滋賀,02,3480,4160,680,19.54,2effcfb1b53cd1d7,6446324863b5813c,94,94
その他土木資材,シール材,エポキシ,kg,滋賀,02,2630,,,,93cc6e4e2b983b2f,8b3c66f5cc03dbaf,94,94
その他土木資材,注入材,エポキシ,kg,滋賀,02,3400,3990,590,17.35,937900f976805ab6,671c09b01217bb66,94,94
その他土木資材,防錆材,プロコート,kg,京都北部,03,1180,,,,d87cd91d433eac1e,c14f0f8ef2cd950b,94,94
その他土木資材,防錆材,プロコートＣ,kg,京都北部,03,1320,,,,36e5a31a9c9cbe96,18e0648790bae453,94,94
その他土木資材,擁壁添架金具,（図集５－１０）,組,京都北部,03,21300,25500,4200,19.72,0dd8846762e9baaf,58b497ed3a997186,94,94
その他土木資材,Ｇｒ柱添架金具,支柱１１４．３（図集５－１１）,組,京都北部,03,7850,9420,1570,20.0,491dff722d99f649,f41934cc89282732,94,94
その他土木資材,Ｇｒ柱添架金具,支柱１３９．８（図集５－１１）,組,京都北部,03,7850,9420,1570,20.0,94f2c18b33766fbe,652c52f925aea37e,94,94
その他土木資材,電気雷管,６号瞬発 １段 脚線４．５ｍ,個,京都北部,03,457,557,100,21.88,32482e51ebea07a3,6c9efb3658e0e2e1,94,94
その他土木資材,接着材,ＰＣ桁用 エポキシ樹脂系,kg,京都北部,03,3400,3910,510,15.0,3bcdb6ef19780af3,31cc0384bee0557c,94,94
その他土木資材,接着材,樹脂モルタル用,kg,京都北部,03,3480,4160,680,19.54,9490325e6eccc4ef,55e5a988ae238cf1,94,94
その他土木資材,シール材,エポキシ,kg,京都北部,03,2630,,,,645310a8a3d261bc,53fbeb47d601d994,94,94
その他土木資材,注入材,エポキシ,kg,京都北部,03,3400,3990,590,17.35,8535dfa5dbe181c8,6be5547b3123cbd3,94,94
その他土木資材,防錆材,プロコート,kg,京都南部,04,1180,,,,b2d46470e54c9b4a,f71a9fd9c934949f,94,94
その他土木資材,防錆材,プロコートＣ,kg,京都南部,04,1320,,,,adf58b8e20a976b1,c247fd3ba97c350f,94,94
その他土木資材,擁壁添架金具,（図集５－１０）,組,京都南部,04,21300,25500,4200,19.72,b360a03dbd43e0c3,4064afc94c481e6d,94,94
その他土木資材,Ｇｒ柱添架金具,支柱１１４．３（図集５－１１）,組,京都南部,04,7850,9420,1570,20.0,46812709d4352210,d2cd5ee09cc2152e,94,94
その他土木資材,Ｇｒ柱添架金具,支柱１３９．８（図集５－１１）,組,京都南部,04,7850,9420,1570,20.0,ef5a92b4b3c1b647,c0b0d3ea37ee4d7d,94,94
その他土木資材,電気雷管,６号瞬発 １段 脚線４．５ｍ,個,京都南部,04,457,557,100,21.88,68e431828514d25a,05358994e985b77b,94,94
その他土木資材,接着材,ＰＣ桁用 エポキシ樹脂系,kg,京都南部,04,3400,3910,510,15.0,e77295e5271bacbc,c2d63a8981f28b26,94,94
その他土木資材,接着材,樹脂モルタル用,kg,京都南部,04,3480,4160,680,19.54,c744475fcebaa899,54c856c4b12b0769,94,94
その他土木資材,シール材,エポキシ,kg,京都南部,04,2630,,,,f186a954231e0032,c8e65c1603f3a226,94,94
その他土木資材,注入材,エポキシ,kg,京都南部,04,3400,3990,590,17.35,179984c70f486dab,e4437507c37c2de1,94,94
その他土木資材,防錆材,プロコート,kg,大阪,05,1180,,,,12e4ac35e22e1312,e9282c3a7ce4bf4b,94,94
その他土木資材,防錆材,プロコートＣ,kg,大阪,05,1320,,,,c7379f998b358b1c,b989450c0aca97e1,94,94
その他土木資材,擁壁添架金具,（図集５－１０）,組,大阪,05,21300,25500,4200,19.72,0d691fa5f0d7950f,af773489779c859b,94,94
その他土木資材,Ｇｒ柱添架金具,支柱１１４．３（図集５－１１）,組,大阪,05,7850,9420,1570,20.0,829296165cf2aa27,8b99bb1c186827ee,94,94
その他土木資材,Ｇｒ柱添架金具,支柱１３９．８（図集５－１１）,組,大阪,05,7850,9420,1570,20.0,8fe826f9f6a07581,faf46580dc3e7cbe,94,94
その他土木資材,電気雷管,６号瞬発 １段 脚線４．５ｍ,個,大阪,05,457,557,100,21.88,fff311b742bfab5a,ab127b8dd218ac2e,94,94
その他土木資材,接着材,ＰＣ桁用 エポキシ樹脂系,kg,大阪,05,3400,3910,510,15.0,9247f91068d81e1c,07ba227422b4a21a,94,94
その他土木資材,接着材,樹脂モルタル用,kg,大阪,05,3480,4160,680,19.54,d692a138222f08cf,c1b5161c68f053b9,94,94
その他土木資材,シール材,エポキシ,kg,大阪,05,2630,,,,741960a2feb35690,73cf726e465a1b15,94,94
その他土木資材,注入材,エポキシ,kg,大阪,05,3400,3990,590,17.35,f9002dbd933c530b,f7678a9c6b401f9d,94,94
その他土木資材,防錆材,プロコート,kg,兵庫北部,06,1180,,,,8522f133a943638f,63a1b9301a74b941,94,94
その他土木資材,防錆材,プロコートＣ,kg,兵庫北部,06,1320,,,,e453c85605f70108,fd56bc52795a773c,94,94
その他土木資材,擁壁添架金具,（図集５－１０）,組,兵庫北部,06,21300,25500,4200,19.72,7cc4789c62586966,a43d5be737b39f9b,94,94
その他土木資材,Ｇｒ柱添架金具,支柱１１４．３（図集５－１１）,組,兵庫北部,06,7850,9420,1570,20.0,7bdb7da8142a8063,2d68308e58c98164,94,94
その他土木資材,Ｇｒ柱添架金具,支柱１３９．８（図集５－１１）,組,兵庫北部,06,7850,9420,1570,20.0,4158de44349d59f3,f76e9b707fb6f8a5,94,94
その他土木資材,電気雷管,６号瞬発 １段 脚線４．５ｍ,個,兵庫北部,06,456,556,100,21.93,752c62d47bbcbed1,d771c69dcc6adc59,94,94
その他土木資材,接着材,ＰＣ桁用 エポキシ樹脂系,kg,兵庫北部,06,3400,3910,510,15.0,13614383689009e2,fd6ac92b1ad43c2b,94,94
その他土木資材,接着材,樹脂モルタル用,kg,兵庫北部,06,3480,4160,680,19.54,7fd829b4f4981504,47d5a4cf8ed9c7d9,94,94
その他土木資材,シール材,エポキシ,kg,兵庫北部,06,2630,,,,c301a9482748d19a,b3169f8f2d55c8d1,94,94
その他土木資材,注入材,エポキシ,kg,兵庫北部,06,3400,3990,590,17.35,bc72cd6192d9d11c,3b6d3be0b684da10,94,94
その他土木資材,防錆材,プロコート,kg,兵庫西部,07,1180,,,,0a9389cc466c41f4,7d22004f6c496f7a,94,94
その他土木資材,防錆材,プロコートＣ,kg,兵庫西部,07,1320,,,,02e7365a255b775c,a49d70f358682679,94,94
その他土木資材,擁壁添架金具,（図集５－１０）,組,兵庫西部,07,21300,25500,4200,19.72,6bd17841cf8af215,ee0e525b78d22930,94,94
その他土木資材,Ｇｒ柱添架金具,支柱１１４．３（図集５－１１）,組,兵庫西部,07,7850,9420,1570,20.0,75ba902714e0d49f,3fe66f2f3c4d99dc,94,94
その他土木資材,Ｇｒ柱添架金具,支柱１３９．８（図集５－１１）,組,兵庫西部,07,7850,9420,1570,20.0,e39a5491da065852,9e0b6bc738b83d5d,94,94
その他土木資材,電気雷管,６号瞬発 １段 脚線４．５ｍ,個,兵庫西部,07,456,556,100,21.93,a3b75cbd69eac4c6,d6a4220ce48c69fe,94,94
その他土木資材,接着材,ＰＣ桁用 エポキシ樹脂系,kg,兵庫西部,07,3400,3910,510,15.0,aad915e632f2b118,5fea75866268131f,94,94
その他土木資材,接着材,樹脂モルタル用,kg,兵庫西部,07,3480,4160,680,19.54,666d588b78a9470b,74260ac2e3cededa,94,94
その他土木資材,シール材,エポキシ,kg,兵庫西部,07,2630,,,,bf96b85237f0dc88,f559c300ebb8a075,94,94
その他土木資材,注入材,エポキシ,kg,兵庫西部,07,3400,3990,590,17.35,7ff4689478fce030,c202cde1cfed2911,94,94
その他土木資材,防錆材,プロコート,kg,兵庫,08,1180,,,,bba454b0dc6a1cdc,52015531b96b085b,94,94
その他土木資材,防錆材,プロコートＣ,kg,兵庫,08,1320,,,,15500845d54f977b,719516cd5918bf50,94,94
その他土木資材,擁壁添架金具,（図集５－１０）,組,兵庫,08,21300,25500,4200,19.72,b49ca65780ace224,83170f3324ade90a,94,94
その他土木資材,Ｇｒ柱添架金具,支柱１１４．３（図集５－１１）,組,兵庫,08,7850,9420,1570,20.0,5dee88a8370e75ce,c8687f6795b19f78,94,94
その他土木資材,Ｇｒ柱添架金具,支柱１３９．８（図集５－１１）,組,兵庫,08,7850,9420,1570,20.0,483ef3ba4e6efeae,cda9c578f6f01153,94,94
その他土木資材,電気雷管,６号瞬発 １段 脚線４．５ｍ,個,兵庫,08,456,556,100,21.93,10e4aa8f543516dc,609d27c3a86c423a,94,94
その他土木資材,接着材,ＰＣ桁用 エポキシ樹脂系,kg,兵庫,08,3400,3910,510,15.0,10e7f6f856b42291,72eb82a02de3cdf5,94,94
その他土木資材,接着材,樹脂モルタル用,kg,兵庫,08,3480,4160,680,19.54,bc9970991a1719af,bb581dca2121ced3,94,94
その他土木資材,シール材,エポキシ,kg,兵庫,08,2630,,,,382ce98e6cd79aaf,1dd7e6c5b5239f58,94,94
その他土木資材,注入材,エポキシ,kg,兵庫,08,3400,3990,590,17.35,232714bc1c0ac288,05564a441eca26f6,94,94
その他土木資材,防錆材,プロコート,kg,奈良,09,1180,,,,41ef0b17ab7e5d2e,7ccef25a7c65b00e,94,94
その他土木資材,防錆材,プロコートＣ,kg,奈良,09,1320,,,,ae23f2d44266732e,29fab391112c574a,94,94
その他土木資材,擁壁添架金具,（図集５－１０）,組,奈良,09,21300,25500,4200,19.72,6c97397f477e32e9,98e67f279fbe87bf,94,94
その他土木資材,Ｇｒ柱添架金具,支柱１１４．３（図集５－１１）,組,奈良,09,7850,9420,1570,20.0,fc81275d42b992c9,145c48d0e7d55017,94,94
その他土木資材,Ｇｒ柱添架金具,支柱１３９．８（図集５－１１）,組,奈良,09,7850,9420,1570,20.0,99c13cf4c7a574d3,aa2136ca40b31da8,94,94
その他土木資材,電気雷管,６号瞬発 １段 脚線４．５ｍ,個,奈良,09,457,557,100,21.88,8ab0ced188a3b81e,79bcd02740ef7882,94,94
その他土木資材,接着材,ＰＣ桁用 エポキシ樹脂系,kg,奈良,09,3400,3910,510,15.0,7f0fb12e2fc914f2,a83a5462458e74ad,94,94
その他土木資材,接着材,樹脂モルタル用,kg,奈良,09,3480,4160,680,19.54,6450d090f1104826,f7516d0ac0c874fe,94,94
その他土木資材,シール材,エポキシ,kg,奈良,09,2630,,,,d26a4ecb598a0196,b7d6a94226d1fbd3,94,94
その他土木資材,注入材,エポキシ,kg,奈良,09,3400,3990,590,17.35,52e68cd296a3c87f,a6be5c3412a8bc74,94,94
その他土木資材,防錆材,プロコート,kg,和歌山,10,1180,,,,7f6e90f4eea59acf,24052e3d2fbeec61,94,94
その他土木資材,防錆材,プロコートＣ,kg,和歌山,10,1320,,,,acdcf8ec61b82a0f,2701496b19d34acd,94,94
その他土木資材,擁壁添架金具,（図集５－１０）,組,和歌山,10,21300,25500,4200,19.72,5553accc65df1bd4,28289cfc1af6c160,94,94
その他土木資材,Ｇｒ柱添架金具,支柱１１４．３（図集５－１１）,組,和歌山,10,7850,9420,1570,20.0,772e86a12dfed95c,5d2d3980e61ee6d0,94,94
その他土木資材,Ｇｒ柱添架金具,支柱１３９．８（図集５－１１）,組,和歌山,10,7850,9420,1570,20.0,9604853880d53f2c,0e746f36afa54331,94,94
その他土木資材,電気雷管,６号瞬発 １段 脚線４．５ｍ,個,和歌山,10,457,557,100,21.88,366db031c4857c56,c51480c750f4cdd9,94,94
その他土木資材,接着材,ＰＣ桁用 エポキシ樹脂系,kg,和歌山,10,3400,3910,510,15.0,2d84c8bd57a8ba69,dfab6c44313a42a8,94,94
その他土木資材,接着材,樹脂モルタル用,kg,和歌山,10,3480,4160,680,19.54,239dcc89dfa260ee,50d6c5859ec9c286,94,94
その他土木資材,シール材,エポキシ,kg,和歌山,10,2630,,,,e7a65fbe5a1c8eb7,b0e676b3f70efffd,94,94
その他土木資材,注入材,エポキシ,kg,和歌山,10,3400,3990,590,17.35,7658f34c78477c07,0712b17ed668cb46,94,94
その他土木資材,防錆材,プロコート,kg,岐阜,11,1180,,,,0a09b9d37f39aa7b,acc500c5a78db793,94,94
その他土木資材,防錆材,プロコートＣ,kg,岐阜,11,1320,,,,c90cc715faa32a37,684af8f7ad476d26,94,94
その他土木資材,擁壁添架金具,（図集５－１０）,組,岐阜,11,21300,25500,4200,19.72,7f20df838a350536,4445d8457ed0754c,94,94
その他土木資材,Ｇｒ柱添架金具,支柱１１４．３（図集５－１１）,組,岐阜,11,7850,9420,1570,20.0,6f8d72fbbdb6e017,5e0ae624c69c5812,94,94
その他土木資材,Ｇｒ柱添架金具,支柱１３９．８（図集５－１１）,組,岐阜,11,7850,9420,1570,20.0,26447df2632b7845,1bd0ccf62e16b588,94,94
その他土木資材,電気雷管,６号瞬発 １段 脚線４．５ｍ,個,岐阜,11,457,557,100,21.88,d0d0326e593430ce,a97a445a27b601dc,94,94
その他土木資材,接着材,ＰＣ桁用 エポキシ樹脂系,kg,岐阜,11,3400,3910,510,15.0,adfa79acc74d7cab,6037ffb0a89be824,94,94
その他土木資材,接着材,樹脂モルタル用,kg,岐阜,11,3480,4160,680,19.54,0202092daa3a539e,7a52431e99758605,94,94
その他土木資材,シール材,エポキシ,kg,岐阜,11,2630,,,,70545f6b3852ebd9,47cafa93f9f46fef,94,94
その他土木資材,注入材,エポキシ,kg,岐阜,11,3400,3990,590,17.35,df3244b6d938d4f7,35ce3d859cecdb68,94,94
その他土木資材,防錆材,プロコート,kg,三重,12,1180,,,,d247c8f3d64fe791,590fed758887293d,94,94
その他土木資材,防錆材,プロコートＣ,kg,三重,12,1320,,,,2681b235033c6465,a315b6bd58d7b29c,94,94
その他土木資材,擁壁添架金具,（図集５－１０）,組,三重,12,21300,25500,4200,19.72,e556291a283fd650,f0facbaa7bee3684,94,94
その他土木資材,Ｇｒ柱添架金具,支柱１１４．３（図集５－１１）,組,三重,12,7850,9420,1570,20.0,5a90f8380d835678,29e39dadc0e5910e,94,94
その他土木資材,Ｇｒ柱添架金具,支柱１３９．８（図集５－１１）,組,三重,12,7850,9420,1570,20.0,886214ac61e6056a,6bec5340bb7c08e0,94,94
その他土木資材,電気雷管,６号瞬発 １段 脚線４．５ｍ,個,三重,12,457,557,100,21.88,2b8dab22d8b4249f,9d589c34f9da0c29,94,94
その他土木資材,接着材,ＰＣ桁用 エポキシ樹脂系,kg,三重,12,3400,3910,510,15.0,d884da1f867ed514,6a25d2556ccf13db,94,94
その他土木資材,接着材,樹脂モルタル用,kg,三重,12,3480,4160,680,19.54,b92dd39082d22b2c,8a08e7de1c46bbd9,94,94
その他土木資材,シール材,エポキシ,kg,三重,12,2630,,,,d9fc455c9acff1a4,41a31732381dd0ba,94,94
その他土木資材,注入材,エポキシ,kg,三重,12,3400,3990,590,17.35,d0dd38aa707fa45e,f84a7e23f8e712cf,94,94
その他土木資材,電気雷管,６号瞬発 １段 脚線３．０ｍ（超大口）,個,福井,01,427,527,100,23.42,e4154d3ee075f516,650aa93dc4ccbeb1,95,95
その他土木資材,電気雷管,６号瞬発 脚線３．０ｍ（大口）,個,福井,01,458,558,100,21.83,bb4f80ed0b566b65,f51014e5db34fe52,95,95
その他土木資材,電気雷管,６号瞬発 １段 脚線３．０ｍ（中口）,個,福井,01,628,728,100,15.92,bac70bb7633f44ce,0ce0e0a2f647c43d,95,95
その他土木資材,電気雷管,ＤＳＤ・ＭＳＤ２～５段 脚線４．５ｍ（大口）,個,福井,01,512,612,100,19.53,6067d88692015396,4567b7c478322a07,95,95
その他土木資材,電気雷管,ＤＳＤ・ＭＳＤ２～５段 脚線３．０ｍ（超大口）,個,福井,01,449,549,100,22.27,3fd71da4ea87cf21,8f4f58c77eb6bdd7,95,95
その他土木資材,電気雷管,ＤＳＤ・ＭＳＤ２～５段 脚線３．０ｍ（大口）,個,福井,01,481,581,100,20.79,bad7e71dda502838,c79a1a221cdc266e,95,95
その他土木資材,電気雷管,ＤＳＤ・ＭＳＤ２～５段 脚線４．５ｍ（超大口）,個,福井,01,479,579,100,20.88,b664da27420545df,c7899a80fd6476e6,95,95
その他土木資材,電気雷管,ＤＳＤ・ＭＳＤ６～１０段 脚線３．０ｍ（超大口）,個,福井,01,457,557,100,21.88,0feed3b51bf87da1,6c3723acd4227449,95,95
その他土木資材,電気雷管,ＤＳＤ・ＭＳＤ６～１０段 脚線３．０ｍ（大口）,個,福井,01,489,589,100,20.45,ef89d589efa0db52,99ab1b0edda71d62,95,95
その他土木資材,電気雷管,ＤＳＤ・ＭＳＤ６～１０段 脚線４．５ｍ（超大口）,個,福井,01,487,587,100,20.53,891c79668cb8374b,b04c34208abacd14,95,95
その他土木資材,電気雷管,ＤＳＤ・ＭＳＤ６～１０段 脚線４．５ｍ（大口）,個,福井,01,520,620,100,19.23,43252db2b56da3f7,188de483258c933d,95,95
その他土木資材,橋歴板,鋼橋用,枚,福井,01,46200,50400,4200,9.09,6d392e8b40dce05a,e96ed9e188e409a3,95,95
その他土木資材,橋歴板,ＰＣ橋用,枚,福井,01,46200,50400,4200,9.09,3e3d3be13468a66d,7b7f77f9646f118f,95,95
その他土木資材,樹脂,ガラスロービングクロス用,kg,福井,01,3480,4160,680,19.54,f294a1a3ec95e112,d9d2213b978c19d6,95,95
その他土木資材,電気雷管,６号瞬発 １段 脚線３．０ｍ（超大口）,個,滋賀,02,427,527,100,23.42,ccc815d32e3bb29f,d065357178a22f82,95,95
その他土木資材,電気雷管,６号瞬発 脚線３．０ｍ（大口）,個,滋賀,02,458,558,100,21.83,04a60ef420d978c0,28bb94269afcc04e,95,95
その他土木資材,電気雷管,６号瞬発 １段 脚線３．０ｍ（中口）,個,滋賀,02,628,728,100,15.92,26e0b7e1f7368ff9,ce5f9faa855ceec8,95,95
その他土木資材,電気雷管,ＤＳＤ・ＭＳＤ２～５段 脚線４．５ｍ（大口）,個,滋賀,02,512,612,100,19.53,bbafce09d3dd7c2b,bdbfc2b5fc4e13a4,95,95
その他土木資材,電気雷管,ＤＳＤ・ＭＳＤ２～５段 脚線３．０ｍ（超大口）,個,滋賀,02,449,549,100,22.27,0403d7595a30e631,4e12871ce22db6cf,95,95
その他土木資材,電気雷管,ＤＳＤ・ＭＳＤ２～５段 脚線３．０ｍ（大口）,個,滋賀,02,481,581,100,20.79,fc7259fb44f02411,1ee1e3f43940331d,95,95
その他土木資材,電気雷管,ＤＳＤ・ＭＳＤ２～５段 脚線４．５ｍ（超大口）,個,滋賀,02,479,579,100,20.88,dee43f1a91774606,6bf5b2824b09bad0,95,95
その他土木資材,電気雷管,ＤＳＤ・ＭＳＤ６～１０段 脚線３．０ｍ（超大口）,個,滋賀,02,457,557,100,21.88,348d345510d0be31,0639eb7af8fde8dd,95,95
その他土木資材,電気雷管,ＤＳＤ・ＭＳＤ６～１０段 脚線３．０ｍ（大口）,個,滋賀,02,489,589,100,20.45,08cd67d48ce23521,383dce27ff367256,95,95
その他土木資材,電気雷管,ＤＳＤ・ＭＳＤ６～１０段 脚線４．５ｍ（超大口）,個,滋賀,02,487,587,100,20.53,10f56c5132e842c3,a72cdfe965fae1d1,95,95
その他土木資材,電気雷管,ＤＳＤ・ＭＳＤ６～１０段 脚線４．５ｍ（大口）,個,滋賀,02,520,620,100,19.23,43c7d3641a88bddd,158f5369cf6cf81c,95,95
その他土木資材,橋歴板,鋼橋用,枚,滋賀,02,46200,50400,4200,9.09,bc63be4aae82c590,4e47c7b4508f33f5,95,95
その他土木資材,橋歴板,ＰＣ橋用,枚,滋賀,02,46200,50400,4200,9.09,5fea6db673f2bb55,c356c4e54c799e37,95,95
その他土木資材,樹脂,ガラスロービングクロス用,kg,滋賀,02,3480,4160,680,19.54,6a4b81cc2a41cf4c,cc437faba598bf65,95,95
その他土木資材,電気雷管,６号瞬発 １段 脚線３．０ｍ（超大口）,個,京都北部,03,427,527,100,23.42,4e2b3b953ff5ad7f,5cbf2027194d8be7,95,95
その他土木資材,電気雷管,６号瞬発 脚線３．０ｍ（大口）,個,京都北部,03,458,558,100,21.83,1be5ebe286e3b1cb,a26afd0be53d1062,95,95
その他土木資材,電気雷管,６号瞬発 １段 脚線３．０ｍ（中口）,個,京都北部,03,628,728,100,15.92,c5d73c5c890eccfe,463cd007e33fee4a,95,95
その他土木資材,電気雷管,６号瞬発 脚線３．０ｍ（小口）,個,京都北部,03,685,785,100,14.6,aecca88a08c117da,3aa1df05230b49e0,95,95
その他土木資材,電気雷管,ＤＳＤ・ＭＳＤ２～５段 脚線３．０ｍ（小口）,個,京都北部,03,714,814,100,14.01,b44a1881b0e86974,f1fbcf3bc8acb90f,95,95
その他土木資材,電気雷管,ＤＳＤ・ＭＳＤ２～５段 脚線４．５ｍ（大口）,個,京都北部,03,512,612,100,19.53,8170555a08c7bf8f,fdc5093c098ce567,95,95
その他土木資材,電気雷管,ＤＳＤ・ＭＳＤ６～１０段 脚線３．０ｍ（小口）,個,京都北部,03,724,824,100,13.81,edd3e539c4e98a6e,21185bef063955aa,95,95
その他土木資材,電気雷管,ＤＳＤ・ＭＳＤ２～５段 脚線３．０ｍ（超大口）,個,京都北部,03,449,549,100,22.27,f7f9c62bb1ce21a3,f91ef8ba1e7f68f4,95,95
その他土木資材,電気雷管,ＤＳＤ・ＭＳＤ２～５段 脚線３．０ｍ（大口）,個,京都北部,03,481,581,100,20.79,58127e57cdcdc131,b5373d5f8a27cc25,95,95
その他土木資材,電気雷管,ＤＳＤ・ＭＳＤ２～５段 脚線４．５ｍ（超大口）,個,京都北部,03,479,579,100,20.88,b331e99ac764b82b,ef455ac374a50d70,95,95
その他土木資材,電気雷管,ＤＳＤ・ＭＳＤ６～１０段 脚線３．０ｍ（超大口）,個,京都北部,03,457,557,100,21.88,d86c741607e957e0,12359f08fed3b232,95,95
その他土木資材,電気雷管,ＤＳＤ・ＭＳＤ６～１０段 脚線３．０ｍ（大口）,個,京都北部,03,489,589,100,20.45,b2f6f52ec72bc596,4fc20a3c9b28e4dd,95,95
その他土木資材,電気雷管,ＤＳＤ・ＭＳＤ６～１０段 脚線４．５ｍ（超大口）,個,京都北部,03,487,587,100,20.53,241846c6cc64bf80,6c55e4fafc6ed3d2,95,95
その他土木資材,電気雷管,ＤＳＤ・ＭＳＤ６～１０段 脚線４．５ｍ（大口）,個,京都北部,03,520,620,100,19.23,5955bfdc9114ec5c,16e7c4b51400a1f6,95,95
その他土木資材,橋歴板,鋼橋用,枚,京都北部,03,46200,50400,4200,9.09,14c67e46534642c1,5ff919532d78681e,95,95
その他土木資材,橋歴板,ＰＣ橋用,枚,京都北部,03,46200,50400,4200,9.09,6a5a5392222fb693,416ba3bbb7c27887,95,95
その他土木資材,樹脂,ガラスロービングクロス用,kg,京都北部,03,3480,4160,680,19.54,8fc45561aae4cff7,23ca65401666aa3f,95,95
その他土木資材,電気雷管,６号瞬発 １段 脚線３．０ｍ（超大口）,個,京都南部,04,427,527,100,23.42,d58775c19ca41735,aebcaf6d3fa86b7c,95,95
その他土木資材,電気雷管,６号瞬発 脚線３．０ｍ（大口）,個,京都南部,04,458,558,100,21.83,b6c52a7df03dc26f,e5651298540f8516,95,95
その他土木資材,電気雷管,６号瞬発 １段 脚線３．０ｍ（中口）,個,京都南部,04,628,728,100,15.92,3413336847fb9ad9,d33299aaaea964a3,95,95
その他土木資材,電気雷管,ＤＳＤ・ＭＳＤ２～５段 脚線４．５ｍ（大口）,個,京都南部,04,512,612,100,19.53,a3a284ca442ccaad,cccab6342a3cbc00,95,95
その他土木資材,電気雷管,ＤＳＤ・ＭＳＤ２～５段 脚線３．０ｍ（超大口）,個,京都南部,04,449,549,100,22.27,4a3454cadf2e3520,44374fd5b6b8e9d5,95,95
その他土木資材,電気雷管,ＤＳＤ・ＭＳＤ２～５段 脚線３．０ｍ（大口）,個,京都南部,04,481,581,100,20.79,2634fcac65b0c0bc,286f35d4f6508736,95,95
その他土木資材,電気雷管,ＤＳＤ・ＭＳＤ２～５段 脚線４．５ｍ（超大口）,個,京都南部,04,479,579,100,20.88,ebd92e18f2136e87,3672f80c531993b5,95,95
その他土木資材,電気雷管,ＤＳＤ・ＭＳＤ６～１０段 脚線３．０ｍ（超大口）,個,京都南部,04,457,557,100,21.88,3239c84cf8a54a9a,5861ce27f7304b45,95,95
その他土木資材,電気雷管,ＤＳＤ・ＭＳＤ６～１０段 脚線３．０ｍ（大口）,個,京都南部,04,489,589,100,20.45,db4e4f4c10696087,2dcb34733a00ab26,95,95
その他土木資材,電気雷管,ＤＳＤ・ＭＳＤ６～１０段 脚線４．５ｍ（超大口）,個,京都南部,04,487,587,100,20.53,13c363bc5cd2f5d5,c213157aec901413,95,95
その他土木資材,電気雷管,ＤＳＤ・ＭＳＤ６～１０段 脚線４．５ｍ（大口）,個,京都南部,04,520,620,100,19.23,666fc114afbe2260,7db93c202f383d44,95,95
その他土木資材,橋歴板,鋼橋用,枚,京都南部,04,46200,50400,4200,9.09,5e5f2c1d87164ae3,8a333b7db7c6cd68,95,95
その他土木資材,橋歴板,ＰＣ橋用,枚,京都南部,04,46200,50400,4200,9.09,0ee546dfe2b389c8,335254ebcd93f15c,95,95
その他土木資材,樹脂,ガラスロービングクロス用,kg,京都南部,04,3480,4160,680,19.54,c57ca546da34c0ee,0aaaeb9ba6397d73,95,95
その他土木資材,電気雷管,６号瞬発 １段 脚線３．０ｍ（超大口）,個,大阪,05,427,527,100,23.42,51394f9245f2440f,1f3aecd51386f5be,95,95
その他土木資材,電気雷管,６号瞬発 脚線３．０ｍ（大口）,個,大阪,05,458,558,100,21.83,42ab56d7ccd8b1fe,69c6658a2197b73d,95,95
その他土木資材,電気雷管,６号瞬発 １段 脚線３．０ｍ（中口）,個,大阪,05,628,728,100,15.92,873af2b666cf953f,2ecd5c1187679d1b,95,95
その他土木資材,電気雷管,ＤＳＤ・ＭＳＤ２～５段 脚線４．５ｍ（大口）,個,大阪,05,512,612,100,19.53,eacf78e97f66b799,be39004758ce4698,95,95
その他土木資材,電気雷管,ＤＳＤ・ＭＳＤ２～５段 脚線３．０ｍ（超大口）,個,大阪,05,449,549,100,22.27,b0fd3e94312144f0,d26aabb5fa42f579,95,95
その他土木資材,電気雷管,ＤＳＤ・ＭＳＤ２～５段 脚線３．０ｍ（大口）,個,大阪,05,481,581,100,20.79,5ba6db4b58b71b54,2f1fc6a0f39ed5ac,95,95
その他土木資材,電気雷管,ＤＳＤ・ＭＳＤ２～５段 脚線４．５ｍ（超大口）,個,大阪,05,479,579,100,20.88,d387ef9965c8240c,fd53c515d8e33506,95,95
その他土木資材,電気雷管,ＤＳＤ・ＭＳＤ６～１０段 脚線３．０ｍ（超大口）,個,大阪,05,457,557,100,21.88,54524741680c4311,e98e3c870d9afad5,95,95
その他土木資材,電気雷管,ＤＳＤ・ＭＳＤ６～１０段 脚線３．０ｍ（大口）,個,大阪,05,489,589,100,20.45,752544f4c5f7ed90,710b1e1ce7c93393,95,95
その他土木資材,電気雷管,ＤＳＤ・ＭＳＤ６～１０段 脚線４．５ｍ（超大口）,個,大阪,05,487,587,100,20.53,8db7f5dc99d2b08e,6d9d867422520c9b,95,95
その他土木資材,電気雷管,ＤＳＤ・ＭＳＤ６～１０段 脚線４．５ｍ（大口）,個,大阪,05,520,620,100,19.23,3cf679e360bcbb9d,f5339b22a30e3aa2,95,95
その他土木資材,橋歴板,鋼橋用,枚,大阪,05,46200,50400,4200,9.09,4baa9e2b2cc2305c,cf5653f1ad62ae4f,95,95
その他土木資材,橋歴板,ＰＣ橋用,枚,大阪,05,46200,50400,4200,9.09,51bf7efbffa92919,c5522eab134243a4,95,95
その他土木資材,樹脂,ガラスロービングクロス用,kg,大阪,05,3480,4160,680,19.54,79bb4da1771fcba0,5d591360aadb2a3b,95,95
その他土木資材,電気雷管,６号瞬発 １段 脚線３．０ｍ（超大口）,個,兵庫北部,06,426,526,100,23.47,372e2061c6b034dc,8178d2309220be71,95,95
その他土木資材,電気雷管,６号瞬発 脚線３．０ｍ（大口）,個,兵庫北部,06,457,557,100,21.88,1ae0ffc8f7f2057b,8b2b9705639308d8,95,95
その他土木資材,電気雷管,６号瞬発 １段 脚線３．０ｍ（中口）,個,兵庫北部,06,627,727,100,15.95,784a2344b845c692,47a89abfab420c3e,95,95
その他土木資材,電気雷管,６号瞬発 脚線３．０ｍ（小口）,個,兵庫北部,06,684,784,100,14.62,4dcd40431fbcb6b1,7e931c015566b5b8,95,95
その他土木資材,電気雷管,ＤＳＤ・ＭＳＤ２～５段 脚線３．０ｍ（小口）,個,兵庫北部,06,713,813,100,14.03,93962274be1b9a44,e5493e961873f8dc,95,95
その他土木資材,電気雷管,ＤＳＤ・ＭＳＤ２～５段 脚線４．５ｍ（大口）,個,兵庫北部,06,511,611,100,19.57,47fbb09285cd1f14,fa0cc0efcfd11dbd,95,95
その他土木資材,電気雷管,ＤＳＤ・ＭＳＤ６～１０段 脚線３．０ｍ（小口）,個,兵庫北部,06,723,823,100,13.83,9d716bf053e407e0,62fcaca957cabaa5,95,95
その他土木資材,電気雷管,ＤＳＤ・ＭＳＤ２～５段 脚線３．０ｍ（超大口）,個,兵庫北部,06,448,548,100,22.32,b928a69be25110f6,edde8e146bfd9c90,95,95
その他土木資材,電気雷管,ＤＳＤ・ＭＳＤ２～５段 脚線３．０ｍ（大口）,個,兵庫北部,06,480,580,100,20.83,9aff69f8ab84f64d,44fa462d5cc6b7df,95,95
その他土木資材,電気雷管,ＤＳＤ・ＭＳＤ２～５段 脚線４．５ｍ（超大口）,個,兵庫北部,06,478,578,100,20.92,4506997f4be65ef5,37d8ccd865a14234,95,95
その他土木資材,電気雷管,ＤＳＤ・ＭＳＤ６～１０段 脚線３．０ｍ（超大口）,個,兵庫北部,06,456,556,100,21.93,4f0a90c4ece185cd,0ef32433ecbc6a50,95,95
その他土木資材,電気雷管,ＤＳＤ・ＭＳＤ６～１０段 脚線３．０ｍ（大口）,個,兵庫北部,06,488,588,100,20.49,dda3e14892ce129e,71213ff7e6432979,95,95
その他土木資材,電気雷管,ＤＳＤ・ＭＳＤ６～１０段 脚線４．５ｍ（超大口）,個,兵庫北部,06,486,586,100,20.58,e3542ed9f7cd2dec,8e58e262ca8726cc,95,95
その他土木資材,電気雷管,ＤＳＤ・ＭＳＤ６～１０段 脚線４．５ｍ（大口）,個,兵庫北部,06,519,619,100,19.27,3eba907b3933e93d,82674d7ee4f30714,95,95
その他土木資材,橋歴板,鋼橋用,枚,兵庫北部,06,46200,50400,4200,9.09,2af0bdc4a935a996,096fa885ae5b4446,95,95
その他土木資材,橋歴板,ＰＣ橋用,枚,兵庫北部,06,46200,50400,4200,9.09,c1b8a1923eb5e45b,9df0a3a3c3764112,95,95
その他土木資材,樹脂,ガラスロービングクロス用,kg,兵庫北部,06,3480,4160,680,19.54,457f74149021ec9e,ce06abca0f613cf1,95,95
その他土木資材,電気雷管,６号瞬発 １段 脚線３．０ｍ（超大口）,個,兵庫西部,07,426,526,100,23.47,60ccc78d39795de1,929dbce991e8dc20,95,95
その他土木資材,電気雷管,６号瞬発 脚線３．０ｍ（大口）,個,兵庫西部,07,457,557,100,21.88,61a6aab2e6a38c1a,3b8c5f5666ef7fb0,95,95
その他土木資材,電気雷管,６号瞬発 １段 脚線３．０ｍ（中口）,個,兵庫西部,07,627,727,100,15.95,a929484126f41e64,89d98e6b2e9ba0b5,95,95
その他土木資材,電気雷管,６号瞬発 脚線３．０ｍ（小口）,個,兵庫西部,07,684,784,100,14.62,76f2ffd37ac2f386,4f078ae97849c74b,95,95
その他土木資材,電気雷管,ＤＳＤ・ＭＳＤ２～５段 脚線３．０ｍ（小口）,個,兵庫西部,07,713,813,100,14.03,cfb69d0389a3b9c2,865bc6c4623b569b,95,95
その他土木資材,電気雷管,ＤＳＤ・ＭＳＤ２～５段 脚線４．５ｍ（大口）,個,兵庫西部,07,511,611,100,19.57,b5bcd7292d6e8e72,eb47f321848977cd,95,95
その他土木資材,電気雷管,ＤＳＤ・ＭＳＤ６～１０段 脚線３．０ｍ（小口）,個,兵庫西部,07,723,823,100,13.83,47b60afefa093160,60be10a3e3fc4529,95,95
その他土木資材,電気雷管,ＤＳＤ・ＭＳＤ２～５段 脚線３．０ｍ（超大口）,個,兵庫西部,07,448,548,100,22.32,5e83900fbf909553,78fe8af6646cba62,95,95
その他土木資材,電気雷管,ＤＳＤ・ＭＳＤ２～５段 脚線３．０ｍ（大口）,個,兵庫西部,07,480,580,100,20.83,5f2deae1418e2bc4,680572920664523d,95,95
その他土木資材,電気雷管,ＤＳＤ・ＭＳＤ２～５段 脚線４．５ｍ（超大口）,個,兵庫西部,07,478,578,100,20.92,b3a5278bc2c9684a,c627ceaefe4d9f73,95,95
その他土木資材,電気雷管,ＤＳＤ・ＭＳＤ６～１０段 脚線３．０ｍ（超大口）,個,兵庫西部,07,456,556,100,21.93,1a563799dbf5406c,f76ef8b0c2fd8a02,95,95
その他土木資材,電気雷管,ＤＳＤ・ＭＳＤ６～１０段 脚線３．０ｍ（大口）,個,兵庫西部,07,488,588,100,20.49,e4a6f5fa057a0e42,953ab4f4c819bd1d,95,95
その他土木資材,電気雷管,ＤＳＤ・ＭＳＤ６～１０段 脚線４．５ｍ（超大口）,個,兵庫西部,07,486,586,100,20.58,fe0b9250b8100ce2,3ba3a479e18e31f8,95,95
その他土木資材,電気雷管,ＤＳＤ・ＭＳＤ６～１０段 脚線４．５ｍ（大口）,個,兵庫西部,07,519,619,100,19.27,cc1c95158eb8387d,ebbfa9e2cbafcbb7,95,95
その他土木資材,橋歴板,鋼橋用,枚,兵庫西部,07,46200,50400,4200,9.09,4cf4a008cde17586,fea012cb9e74ab1d,95,95
その他土木資材,橋歴板,ＰＣ橋用,枚,兵庫西部,07,46200,50400,4200,9.09,cc0c06ae4a872d15,edad82350a45c11a,95,95
その他土木資材,樹脂,ガラスロービングクロス用,kg,兵庫西部,07,3480,4160,680,19.54,f5d879a713f4d838,c7a7d73c6c901965,95,95
その他土木資材,電気雷管,６号瞬発 １段 脚線３．０ｍ（超大口）,個,兵庫,08,426,526,100,23.47,d2481f5c4f902b41,47f41ac21a588fcb,95,95
その他土木資材,電気雷管,６号瞬発 脚線３．０ｍ（大口）,個,兵庫,08,457,557,100,21.88,93afd373df7bd62c,836eb85c63896be3,95,95
その他土木資材,電気雷管,６号瞬発 １段 脚線３．０ｍ（中口）,個,兵庫,08,627,727,100,15.95,ed67c832431c68ac,9ccdd24f2f500551,95,95
その他土木資材,電気雷管,ＤＳＤ・ＭＳＤ２～５段 脚線４．５ｍ（大口）,個,兵庫,08,511,611,100,19.57,c706b59eccf4d9a4,f0e221fe3efb2dfd,95,95
その他土木資材,電気雷管,ＤＳＤ・ＭＳＤ２～５段 脚線３．０ｍ（超大口）,個,兵庫,08,448,548,100,22.32,77fe36a812bda843,520e34da4ac6c1e2,95,95
その他土木資材,電気雷管,ＤＳＤ・ＭＳＤ２～５段 脚線３．０ｍ（大口）,個,兵庫,08,480,580,100,20.83,a4a628ccc13f0981,d8e3e9a4100a20eb,95,95
その他土木資材,電気雷管,ＤＳＤ・ＭＳＤ２～５段 脚線４．５ｍ（超大口）,個,兵庫,08,478,578,100,20.92,fb952d4a3b7b4589,b8a434138af75049,95,95
その他土木資材,電気雷管,ＤＳＤ・ＭＳＤ６～１０段 脚線３．０ｍ（超大口）,個,兵庫,08,456,556,100,21.93,0a82c07b27b66384,802ae077f25b866d,95,95
その他土木資材,電気雷管,ＤＳＤ・ＭＳＤ６～１０段 脚線３．０ｍ（大口）,個,兵庫,08,488,588,100,20.49,57e4163fa4971535,824ef6c6d7a53eca,95,95
その他土木資材,電気雷管,ＤＳＤ・ＭＳＤ６～１０段 脚線４．５ｍ（超大口）,個,兵庫,08,486,586,100,20.58,0571faac54d70468,6dd7e980ba9a80a7,95,95
その他土木資材,電気雷管,ＤＳＤ・ＭＳＤ６～１０段 脚線４．５ｍ（大口）,個,兵庫,08,519,619,100,19.27,b1580b05eb5ccd26,67a5780d1c3b35b0,95,95
その他土木資材,橋歴板,鋼橋用,枚,兵庫,08,46200,50400,4200,9.09,9048bb3a713d548b,be5a9b6ccc814eba,95,95
その他土木資材,橋歴板,ＰＣ橋用,枚,兵庫,08,46200,50400,4200,9.09,6b34e3d6bee8c58a,62fd818492933c8c,95,95
その他土木資材,樹脂,ガラスロービングクロス用,kg,兵庫,08,3480,4160,680,19.54,96f4f82540ec6043,4a4c33e1b6fe7850,95,95
その他土木資材,電気雷管,６号瞬発 １段 脚線３．０ｍ（超大口）,個,奈良,09,427,527,100,23.42,0a33573c5dff670d,cfd16dd2c6fadc77,95,95
その他土木資材,電気雷管,６号瞬発 脚線３．０ｍ（大口）,個,奈良,09,458,558,100,21.83,2317becdfce28e80,b81ae4b3297a4822,95,95
その他土木資材,電気雷管,６号瞬発 １段 脚線３．０ｍ（中口）,個,奈良,09,628,728,100,15.92,ab6e9df02e447c42,fc55ac46c0687f39,95,95
その他土木資材,電気雷管,ＤＳＤ・ＭＳＤ２～５段 脚線４．５ｍ（大口）,個,奈良,09,512,612,100,19.53,3fe59de3302835cc,033fc232cfee62ea,95,95
その他土木資材,電気雷管,ＤＳＤ・ＭＳＤ２～５段 脚線３．０ｍ（超大口）,個,奈良,09,449,549,100,22.27,75ac9681961b11f8,ade62c49d52976d3,95,95
その他土木資材,電気雷管,ＤＳＤ・ＭＳＤ２～５段 脚線３．０ｍ（大口）,個,奈良,09,481,581,100,20.79,46358a1d4a02cb1b,ac19d4570c5f6fa1,95,95
その他土木資材,電気雷管,ＤＳＤ・ＭＳＤ２～５段 脚線４．５ｍ（超大口）,個,奈良,09,479,579,100,20.88,de70611832d4ea21,4207c92853278033,95,95
その他土木資材,電気雷管,ＤＳＤ・ＭＳＤ６～１０段 脚線３．０ｍ（超大口）,個,奈良,09,457,557,100,21.88,89413d1eee77bede,13a5e6bc235fa33a,95,95
その他土木資材,電気雷管,ＤＳＤ・ＭＳＤ６～１０段 脚線３．０ｍ（大口）,個,奈良,09,489,589,100,20.45,96888e72d2801998,16c24b052a9781d6,95,95
その他土木資材,電気雷管,ＤＳＤ・ＭＳＤ６～１０段 脚線４．５ｍ（超大口）,個,奈良,09,487,587,100,20.53,cea5f7f867475e5d,209ba12e1dab1dda,95,95
その他土木資材,電気雷管,ＤＳＤ・ＭＳＤ６～１０段 脚線４．５ｍ（大口）,個,奈良,09,520,620,100,19.23,8e5305d4c0e01042,1402c63a2a765edb,95,95
その他土木資材,橋歴板,鋼橋用,枚,奈良,09,46200,50400,4200,9.09,837189b811109fab,142a680a1b566ccd,95,95
その他土木資材,橋歴板,ＰＣ橋用,枚,奈良,09,46200,50400,4200,9.09,3f91fb02d3d623f5,b47a8dfaf0fa1b6e,95,95
その他土木資材,樹脂,ガラスロービングクロス用,kg,奈良,09,3480,4160,680,19.54,49e4e6b7b9cadc53,af4ddaca32c98701,95,95
その他土木資材,電気雷管,６号瞬発 １段 脚線３．０ｍ（超大口）,個,和歌山,10,427,527,100,23.42,c3c4be73411b5bb9,1947fb48638f2dc7,95,95
その他土木資材,電気雷管,６号瞬発 脚線３．０ｍ（大口）,個,和歌山,10,458,558,100,21.83,a58432f337735fdd,1da7f4bebea31965,95,95
その他土木資材,電気雷管,６号瞬発 １段 脚線３．０ｍ（中口）,個,和歌山,10,628,728,100,15.92,4798a1af61d95608,01cd90d8b6e1d044,95,95
その他土木資材,電気雷管,ＤＳＤ・ＭＳＤ２～５段 脚線４．５ｍ（大口）,個,和歌山,10,512,612,100,19.53,9a58798229e0e9bc,5c5e756fa9208457,95,95
その他土木資材,電気雷管,ＤＳＤ・ＭＳＤ２～５段 脚線３．０ｍ（超大口）,個,和歌山,10,449,549,100,22.27,c37ae798d6d378c7,c41978d5a645a8f2,95,95
その他土木資材,電気雷管,ＤＳＤ・ＭＳＤ２～５段 脚線３．０ｍ（大口）,個,和歌山,10,481,581,100,20.79,3881a79391018adf,7d9d2cd2f3fce957,95,95
その他土木資材,電気雷管,ＤＳＤ・ＭＳＤ２～５段 脚線４．５ｍ（超大口）,個,和歌山,10,479,579,100,20.88,90fadc652e370cf9,36dc5c616f1acc75,95,95
その他土木資材,電気雷管,ＤＳＤ・ＭＳＤ６～１０段 脚線３．０ｍ（超大口）,個,和歌山,10,457,557,100,21.88,396157afd784fa02,999f680c11b70a34,95,95
その他土木資材,電気雷管,ＤＳＤ・ＭＳＤ６～１０段 脚線３．０ｍ（大口）,個,和歌山,10,489,589,100,20.45,e3640ca2be1cef6b,beccbbf99f4bef48,95,95
その他土木資材,電気雷管,ＤＳＤ・ＭＳＤ６～１０段 脚線４．５ｍ（超大口）,個,和歌山,10,487,587,100,20.53,7426538aef7e4f8f,1fa6703a299aceb3,95,95
その他土木資材,電気雷管,ＤＳＤ・ＭＳＤ６～１０段 脚線４．５ｍ（大口）,個,和歌山,10,520,620,100,19.23,84eedcbbf56d954d,8fdef17eb9e39500,95,95
その他土木資材,橋歴板,鋼橋用,枚,和歌山,10,46200,50400,4200,9.09,c036b82695bd80ec,0ce7bcaef5f46ad9,95,95
その他土木資材,橋歴板,ＰＣ橋用,枚,和歌山,10,46200,50400,4200,9.09,b2c2ce796703b17d,4d12bbda5eab1b94,95,95
その他土木資材,樹脂,ガラスロービングクロス用,kg,和歌山,10,3480,4160,680,19.54,a697864f7d943bf8,dd65829eb1627eff,95,95
その他土木資材,電気雷管,６号瞬発 １段 脚線３．０ｍ（超大口）,個,岐阜,11,427,527,100,23.42,3c17afad3a05de24,2fb9b5feab9217c4,95,95
その他土木資材,電気雷管,６号瞬発 脚線３．０ｍ（大口）,個,岐阜,11,458,558,100,21.83,48684788f1c234aa,9193af3de49d8405,95,95
その他土木資材,電気雷管,６号瞬発 １段 脚線３．０ｍ（中口）,個,岐阜,11,628,728,100,15.92,26f070124474c9d9,cdb484109d215d1d,95,95
その他土木資材,電気雷管,ＤＳＤ・ＭＳＤ２～５段 脚線４．５ｍ（大口）,個,岐阜,11,512,612,100,19.53,d2bc49a6aa80d4fb,104b2c635d665e7c,95,95
その他土木資材,電気雷管,ＤＳＤ・ＭＳＤ２～５段 脚線３．０ｍ（超大口）,個,岐阜,11,449,549,100,22.27,340a6fb8702526f9,bc001d885649d1cc,95,95
その他土木資材,電気雷管,ＤＳＤ・ＭＳＤ２～５段 脚線３．０ｍ（大口）,個,岐阜,11,481,581,100,20.79,fe61b1600131f14f,170dd52c2b6062ee,95,95
その他土木資材,電気雷管,ＤＳＤ・ＭＳＤ２～５段 脚線４．５ｍ（超大口）,個,岐阜,11,479,579,100,20.88,61b04373b3ececeb,d6427a4455d303be,95,95
その他土木資材,電気雷管,ＤＳＤ・ＭＳＤ６～１０段 脚線３．０ｍ（超大口）,個,岐阜,11,457,557,100,21.88,f36fdad6823f8e8f,9ff5614de7e43dea,95,95
その他土木資材,電気雷管,ＤＳＤ・ＭＳＤ６～１０段 脚線３．０ｍ（大口）,個,岐阜,11,489,589,100,20.45,949d2cd9898e4b0e,7e0ee0f6bcbb76f8,95,95
その他土木資材,電気雷管,ＤＳＤ・ＭＳＤ６～１０段 脚線４．５ｍ（超大口）,個,岐阜,11,487,587,100,20.53,297ef023d795bfca,13196fb3eeab5a67,95,95
その他土木資材,電気雷管,ＤＳＤ・ＭＳＤ６～１０段 脚線４．５ｍ（大口）,個,岐阜,11,520,620,100,19.23,994ba376c7c84573,4036dc6c669adad1,95,95
その他土木資材,橋歴板,鋼橋用,枚,岐阜,11,46200,50400,4200,9.09,dccce7bb008eb5be,7350bea3e02a7f92,95,95
その他土木資材,橋歴板,ＰＣ橋用,枚,岐阜,11,46200,50400,4200,9.09,4dd31daa66e458ab,d2dcb87b56387cdd,95,95
その他土木資材,樹脂,ガラスロービングクロス用,kg,岐阜,11,3480,4160,680,19.54,07884a00aa6cb6f2,52cbe4f7808442e4,95,95
その他土木資材,電気雷管,６号瞬発 １段 脚線３．０ｍ（超大口）,個,三重,12,427,527,100,23.42,4c67bb8e79eb9e2c,65a1f49afccf5ea6,95,95
その他土木資材,電気雷管,６号瞬発 脚線３．０ｍ（大口）,個,三重,12,458,558,100,21.83,0aa127961207d426,57ecbaa000c86127,95,95
その他土木資材,電気雷管,６号瞬発 １段 脚線３．０ｍ（中口）,個,三重,12,628,728,100,15.92,bab70f9f5107f49a,26bead77fc3c53b2,95,95
その他土木資材,電気雷管,ＤＳＤ・ＭＳＤ２～５段 脚線４．５ｍ（大口）,個,三重,12,512,612,100,19.53,b76e7ade2056b933,ca81734e56ee22af,95,95
その他土木資材,電気雷管,ＤＳＤ・ＭＳＤ２～５段 脚線３．０ｍ（超大口）,個,三重,12,449,549,100,22.27,8be5cab1ebaebc35,009827d762755914,95,95
その他土木資材,電気雷管,ＤＳＤ・ＭＳＤ２～５段 脚線３．０ｍ（大口）,個,三重,12,481,581,100,20.79,e1574f2986d06d80,55370c17f81bdf41,95,95
その他土木資材,電気雷管,ＤＳＤ・ＭＳＤ２～５段 脚線４．５ｍ（超大口）,個,三重,12,479,579,100,20.88,c5df39bf4087a297,a4a835aeafefac4c,95,95
その他土木資材,電気雷管,ＤＳＤ・ＭＳＤ６～１０段 脚線３．０ｍ（超大口）,個,三重,12,457,557,100,21.88,745e8267c96e964b,2a7e37a4882e4f5e,95,95
その他土木資材,電気雷管,ＤＳＤ・ＭＳＤ６～１０段 脚線３．０ｍ（大口）,個,三重,12,489,589,100,20.45,6778d91f69a72d0f,1141675f3b19fee0,95,95
その他土木資材,電気雷管,ＤＳＤ・ＭＳＤ６～１０段 脚線４．５ｍ（超大口）,個,三重,12,487,587,100,20.53,b30b5f68f2d808d6,4bdddfe5fc5fe549,95,95
その他土木資材,電気雷管,ＤＳＤ・ＭＳＤ６～１０段 脚線４．５ｍ（大口）,個,三重,12,520,620,100,19.23,f4c1df2cb629a648,33ee1ef8706ac595,95,95
その他土木資材,橋歴板,鋼橋用,枚,三重,12,46200,50400,4200,9.09,a7901de6e66e883c,62b8f142f70a0790,95,95
その他土木資材,橋歴板,ＰＣ橋用,枚,三重,12,46200,50400,4200,9.09,e8079ce354cdada0,99aa0a6671b0dabb,95,95
その他土木資材,樹脂,ガラスロービングクロス用,kg,三重,12,3480,4160,680,19.54,4da99a21e2252e98,32b269448941c9e4,95,95
配線材料,複合ケーブル,ＶＶＲ ２ｍｍ２×４Ｃ,m,福井,01,530,604,74,13.96,8bffe17490a2c47b,e7050ded289ce2fd,97,97
配線材料,複合ケーブル,ＶＶＲ３．５ｍｍ２×３Ｃ＋２ｍｍ２×１Ｃ,m,福井,01,766,873,107,13.97,e8b9be4c25bd41be,efed667eefc7c9cb,97,97
配線材料,複合ケーブル,ＶＶＲ５．５ｍｍ２×３Ｃ＋２ｍｍ２×１Ｃ,m,福井,01,1050,1190,140,13.33,ff8695bddb0afde7,3b626d9351df117d,97,97
配線材料,複合ケーブル,ＶＶＲ８ｍｍ２×３Ｃ＋２ｍｍ２×１Ｃ,m,福井,01,1370,1560,190,13.87,f285b399960e13be,d950c66b09698808,97,97
配線材料,複合ケーブル,ＶＶＲ１４ｍｍ２×３Ｃ＋２ｍｍ２×１Ｃ,m,福井,01,2120,2410,290,13.68,f84f1da44f3157e8,0aeddeb4763c499e,97,97
配線材料,複合ケーブル,ＶＶＲ２２ｍｍ２×３Ｃ＋２ｍｍ２×１Ｃ,m,福井,01,3180,3620,440,13.84,ab52197213020326,57fda753522340cb,97,97
配線材料,複合ケーブル,ＶＶＲ３８ｍｍ２×３Ｃ＋２ｍｍ２×１Ｃ,m,福井,01,5240,5970,730,13.93,a3b927416f5b5bba,897e7414deb60042,97,97
配線材料,複合ケーブル,ＶＶＲ ２ｍｍ２×３Ｃ,m,福井,01,427,486,59,13.82,93ba021881fa6980,fd0d2557e8d19b1e,97,97
配線材料,複合ケーブル,ＶＶＲ３．５ｍｍ２×２Ｃ＋２ｍｍ２×１Ｃ,m,福井,01,597,680,83,13.9,128e214f05e066d3,bd33cfb427fe7b7c,97,97
配線材料,複合ケーブル,ＶＶＲ５．５ｍｍ２×２Ｃ＋２ｍｍ２×１Ｃ,m,福井,01,794,905,111,13.98,66f65f9bde23a219,1f949fb15055524e,97,97
配線材料,複合ケーブル,ＶＶＲ８ｍｍ２×２Ｃ＋２ｍｍ２×１Ｃ,m,福井,01,1020,1160,140,13.73,16c16e8b60417a6b,765b869451f52651,97,97
配線材料,複合ケーブル,ＶＶＲ１４ｍｍ２×２Ｃ＋２ｍｍ２×１Ｃ,m,福井,01,1510,1720,210,13.91,4818779742e8e6f4,e0b36894e53cb821,97,97
配線材料,複合ケーブル,ＶＶＲ２２ｍｍ２×２Ｃ＋２ｍｍ２×１Ｃ,m,福井,01,2230,2540,310,13.9,bb653ff88d0d0939,4458351614bb4b9e,97,97
配線材料,複合ケーブル,ＶＶＲ３８ｍｍ２×２Ｃ＋２ｍｍ２×１Ｃ,m,福井,01,3600,4100,500,13.89,9e3010a144adab81,56d68f86978fceb2,97,97
配線材料,複合ケーブル,ＶＶＲ３．５ｍｍ２×４Ｃ,m,福井,01,840,957,117,13.93,9db73f37e58b6d81,d77365781ee45cbb,97,97
配線材料,複合ケーブル,ＶＶＲ５．５ｍｍ２×３Ｃ＋３．５ｍｍ２,m,福井,01,1120,1280,160,14.29,263755b28b58efdc,8d49dd94956a572f,97,97
配線材料,複合ケーブル,ＶＶＲ８ｍｍ２×３Ｃ＋３．５ｍｍ２×１Ｃ,m,福井,01,1430,1630,200,13.99,7819eefa69861c7a,d787eaa69ff887f7,97,97
配線材料,複合ケーブル,ＶＶＲ１４ｍｍ２×３Ｃ＋３．５ｍｍ２×１Ｃ,m,福井,01,2210,2560,350,15.84,2d968e992207d27d,7d4c4de0f4911e52,97,97
配線材料,複合ケーブル,ＶＶＲ２２ｍｍ２×３Ｃ＋３．５ｍｍ２×１Ｃ,m,福井,01,3280,3770,490,14.94,a513447d0dfa3700,83646d25cbf41741,97,97
配線材料,複合ケーブル,ＶＶＲ３８ｍｍ２×３Ｃ＋３．５ｍｍ２×１Ｃ,m,福井,01,5360,6110,750,13.99,863ce72babf82c2b,944d7056a5457f1d,97,97
配線材料,複合ケーブル,ＶＶＲ３．５ｍｍ２×３Ｃ,m,福井,01,613,698,85,13.87,c5d27e95d3ef883b,84859f97b98bde01,97,97
配線材料,複合ケーブル,ＶＶＲ５．５ｍｍ２×２Ｃ＋３．５ｍｍ２,m,福井,01,864,984,120,13.89,1758b303e04a6651,3ea9c30737cd5184,97,97
配線材料,複合ケーブル,ＶＶＲ８ｍｍ２×２Ｃ＋３．５ｍｍ２×１Ｃ,m,福井,01,1090,1240,150,13.76,7573244fefdc049c,a086f5a8b6dc00d1,97,97
配線材料,複合ケーブル,ＶＶＲ１４ｍｍ２×２Ｃ＋３．５ｍｍ２×１Ｃ,m,福井,01,1590,1810,220,13.84,331135f97077d5fb,dcf8da277c526f0b,97,97
配線材料,複合ケーブル,ＶＶＲ２２ｍｍ２×２Ｃ＋３．５ｍｍ２×１Ｃ,m,福井,01,2300,2660,360,15.65,e38e8a49205dcb26,7562b1eb7ce8a982,97,97
配線材料,複合ケーブル,ＶＶＲ ２ｍｍ２×４Ｃ,m,滋賀,02,530,604,74,13.96,cf6d15e05b868ac5,49bd8519cc735de1,97,97
配線材料,複合ケーブル,ＶＶＲ３．５ｍｍ２×３Ｃ＋２ｍｍ２×１Ｃ,m,滋賀,02,766,873,107,13.97,221c909381ceff6d,9fb9055f2f7339a3,97,97
配線材料,複合ケーブル,ＶＶＲ５．５ｍｍ２×３Ｃ＋２ｍｍ２×１Ｃ,m,滋賀,02,1050,1190,140,13.33,41c0d39a1fe7daac,9ed7fda41f2d8011,97,97
配線材料,複合ケーブル,ＶＶＲ８ｍｍ２×３Ｃ＋２ｍｍ２×１Ｃ,m,滋賀,02,1370,1560,190,13.87,d229d01834af6866,4cd9f07c04a19154,97,97
配線材料,複合ケーブル,ＶＶＲ１４ｍｍ２×３Ｃ＋２ｍｍ２×１Ｃ,m,滋賀,02,2120,2410,290,13.68,c145f5d384cd657e,69cc0850bee55d8d,97,97
配線材料,複合ケーブル,ＶＶＲ２２ｍｍ２×３Ｃ＋２ｍｍ２×１Ｃ,m,滋賀,02,3180,3620,440,13.84,2137dab99989df84,1b8227aa6a5d2556,97,97
配線材料,複合ケーブル,ＶＶＲ３８ｍｍ２×３Ｃ＋２ｍｍ２×１Ｃ,m,滋賀,02,5240,5970,730,13.93,0fed81bf6919f226,12b3045ec599477d,97,97
配線材料,複合ケーブル,ＶＶＲ ２ｍｍ２×３Ｃ,m,滋賀,02,427,486,59,13.82,0b6ee205bc8a7fff,5998940f1d65bb62,97,97
配線材料,複合ケーブル,ＶＶＲ３．５ｍｍ２×２Ｃ＋２ｍｍ２×１Ｃ,m,滋賀,02,597,680,83,13.9,d7657b031925a72c,7211d13e52649fc0,97,97
配線材料,複合ケーブル,ＶＶＲ５．５ｍｍ２×２Ｃ＋２ｍｍ２×１Ｃ,m,滋賀,02,794,905,111,13.98,c413c5525a5b7516,52492aad281134c0,97,97
配線材料,複合ケーブル,ＶＶＲ８ｍｍ２×２Ｃ＋２ｍｍ２×１Ｃ,m,滋賀,02,1020,1160,140,13.73,851bba36a5a13d5d,9cc864621b3a7588,97,97
配線材料,複合ケーブル,ＶＶＲ１４ｍｍ２×２Ｃ＋２ｍｍ２×１Ｃ,m,滋賀,02,1510,1720,210,13.91,f443ac5d9342c3f6,c753e40b34841ec1,97,97
配線材料,複合ケーブル,ＶＶＲ２２ｍｍ２×２Ｃ＋２ｍｍ２×１Ｃ,m,滋賀,02,2230,2540,310,13.9,59291d47cb378acc,61f6b5a5f5f3361c,97,97
配線材料,複合ケーブル,ＶＶＲ３８ｍｍ２×２Ｃ＋２ｍｍ２×１Ｃ,m,滋賀,02,3600,4100,500,13.89,a5bc59b028b7ccfc,893caecbcbfd1e4d,97,97
配線材料,複合ケーブル,ＶＶＲ３．５ｍｍ２×４Ｃ,m,滋賀,02,840,957,117,13.93,46b04c6f5f6477d2,7a8d9e9c3e6e5ec3,97,97
配線材料,複合ケーブル,ＶＶＲ５．５ｍｍ２×３Ｃ＋３．５ｍｍ２,m,滋賀,02,1120,1280,160,14.29,ab6829a7bafe061d,5aefdb0cc2a650ec,97,97
配線材料,複合ケーブル,ＶＶＲ８ｍｍ２×３Ｃ＋３．５ｍｍ２×１Ｃ,m,滋賀,02,1430,1630,200,13.99,fe6db0f0e3913466,292f479d43748423,97,97
配線材料,複合ケーブル,ＶＶＲ１４ｍｍ２×３Ｃ＋３．５ｍｍ２×１Ｃ,m,滋賀,02,2210,2560,350,15.84,471897bef0ff3903,d6bd829dcb073055,97,97
配線材料,複合ケーブル,ＶＶＲ２２ｍｍ２×３Ｃ＋３．５ｍｍ２×１Ｃ,m,滋賀,02,3280,3770,490,14.94,616f0b8d276c2af5,f2bc6f5e4ac82d47,97,97
配線材料,複合ケーブル,ＶＶＲ３８ｍｍ２×３Ｃ＋３．５ｍｍ２×１Ｃ,m,滋賀,02,5360,6110,750,13.99,13cb0fd73fd28c1f,b0744b11d150dd77,97,97
配線材料,複合ケーブル,ＶＶＲ３．５ｍｍ２×３Ｃ,m,滋賀,02,613,698,85,13.87,873ffb30180072ac,21572c2f21240aad,97,97
配線材料,複合ケーブル,ＶＶＲ５．５ｍｍ２×２Ｃ＋３．５ｍｍ２,m,滋賀,02,864,984,120,13.89,30747e84f11c188f,5fc88c5d125ae8ee,97,97
配線材料,複合ケーブル,ＶＶＲ８ｍｍ２×２Ｃ＋３．５ｍｍ２×１Ｃ,m,滋賀,02,1090,1240,150,13.76,c0deb23ca3eb7050,2ceb8aafe1625ad0,97,97
配線材料,複合ケーブル,ＶＶＲ１４ｍｍ２×２Ｃ＋３．５ｍｍ２×１Ｃ,m,滋賀,02,1590,1810,220,13.84,9dd57e231dd6f591,86fad0f02f21b636,97,97
配線材料,複合ケーブル,ＶＶＲ２２ｍｍ２×２Ｃ＋３．５ｍｍ２×１Ｃ,m,滋賀,02,2300,2660,360,15.65,88035f5e75dfece2,718fe92574d8a12c,97,97
配線材料,複合ケーブル,ＶＶＲ ２ｍｍ２×４Ｃ,m,京都北部,03,530,604,74,13.96,f12f4ad20e66838c,fe9789501f36b422,97,97
配線材料,複合ケーブル,ＶＶＲ３．５ｍｍ２×３Ｃ＋２ｍｍ２×１Ｃ,m,京都北部,03,766,873,107,13.97,ae6a95d75ccb8204,5920afc864bab683,97,97
配線材料,複合ケーブル,ＶＶＲ５．５ｍｍ２×３Ｃ＋２ｍｍ２×１Ｃ,m,京都北部,03,1050,1190,140,13.33,3f3d089edc1463c8,8caf044395402183,97,97
配線材料,複合ケーブル,ＶＶＲ８ｍｍ２×３Ｃ＋２ｍｍ２×１Ｃ,m,京都北部,03,1370,1560,190,13.87,daa8375286d445af,785d4bf825211112,97,97
配線材料,複合ケーブル,ＶＶＲ１４ｍｍ２×３Ｃ＋２ｍｍ２×１Ｃ,m,京都北部,03,2120,2410,290,13.68,25a499a91c2b58b0,22c331e66cb367c7,97,97
配線材料,複合ケーブル,ＶＶＲ２２ｍｍ２×３Ｃ＋２ｍｍ２×１Ｃ,m,京都北部,03,3180,3620,440,13.84,377d170708c05c36,db05431204722925,97,97
配線材料,複合ケーブル,ＶＶＲ３８ｍｍ２×３Ｃ＋２ｍｍ２×１Ｃ,m,京都北部,03,5240,5970,730,13.93,462e38a9291f0d21,93b360ddc28f4424,97,97
配線材料,複合ケーブル,ＶＶＲ ２ｍｍ２×３Ｃ,m,京都北部,03,427,486,59,13.82,1114837d3eeaac0b,a1ba9368b91a30ae,97,97
配線材料,複合ケーブル,ＶＶＲ３．５ｍｍ２×２Ｃ＋２ｍｍ２×１Ｃ,m,京都北部,03,597,680,83,13.9,3c7425b52d5e04d3,44f42861062c61a7,97,97
配線材料,複合ケーブル,ＶＶＲ５．５ｍｍ２×２Ｃ＋２ｍｍ２×１Ｃ,m,京都北部,03,794,905,111,13.98,3517d957fbb50cec,1c26415efd89f618,97,97
配線材料,複合ケーブル,ＶＶＲ８ｍｍ２×２Ｃ＋２ｍｍ２×１Ｃ,m,京都北部,03,1020,1160,140,13.73,abaccefe3065d68a,e8733fabde0ea8cd,97,97
配線材料,複合ケーブル,ＶＶＲ１４ｍｍ２×２Ｃ＋２ｍｍ２×１Ｃ,m,京都北部,03,1510,1720,210,13.91,e5889850e1e28869,464b73a71601b244,97,97
配線材料,複合ケーブル,ＶＶＲ２２ｍｍ２×２Ｃ＋２ｍｍ２×１Ｃ,m,京都北部,03,2230,2540,310,13.9,c8a4d820635a7558,63573854af149fb8,97,97
配線材料,複合ケーブル,ＶＶＲ３８ｍｍ２×２Ｃ＋２ｍｍ２×１Ｃ,m,京都北部,03,3600,4100,500,13.89,f83997535e5dfd59,7be32ad06d99dba3,97,97
配線材料,複合ケーブル,ＶＶＲ３．５ｍｍ２×４Ｃ,m,京都北部,03,840,957,117,13.93,a906125446701742,a5ca23a99811d2ab,97,97
配線材料,複合ケーブル,ＶＶＲ５．５ｍｍ２×３Ｃ＋３．５ｍｍ２,m,京都北部,03,1120,1280,160,14.29,94ef2cd332aa8efe,300c2c297e51e0c0,97,97
配線材料,複合ケーブル,ＶＶＲ８ｍｍ２×３Ｃ＋３．５ｍｍ２×１Ｃ,m,京都北部,03,1430,1630,200,13.99,452fa90780dff7f3,d80280db98d4c4d3,97,97
配線材料,複合ケーブル,ＶＶＲ１４ｍｍ２×３Ｃ＋３．５ｍｍ２×１Ｃ,m,京都北部,03,2210,2560,350,15.84,b0bfbc0d290c9e64,1766542f82e5f284,97,97
配線材料,複合ケーブル,ＶＶＲ２２ｍｍ２×３Ｃ＋３．５ｍｍ２×１Ｃ,m,京都北部,03,3280,3770,490,14.94,03f7e970f0d298f6,9979692770daf565,97,97
配線材料,複合ケーブル,ＶＶＲ３８ｍｍ２×３Ｃ＋３．５ｍｍ２×１Ｃ,m,京都北部,03,5360,6110,750,13.99,c1cd9f2c304e2d9d,1d284d5e2fdb0a11,97,97
配線材料,複合ケーブル,ＶＶＲ３．５ｍｍ２×３Ｃ,m,京都北部,03,613,698,85,13.87,7e44cac9e1498861,235c37d2d949a881,97,97
配線材料,複合ケーブル,ＶＶＲ５．５ｍｍ２×２Ｃ＋３．５ｍｍ２,m,京都北部,03,864,984,120,13.89,7b756796e8b40171,6e3243de725bc8da,97,97
配線材料,複合ケーブル,ＶＶＲ８ｍｍ２×２Ｃ＋３．５ｍｍ２×１Ｃ,m,京都北部,03,1090,1240,150,13.76,e3d1320ec9b82219,b547213a9686fb77,97,97
配線材料,複合ケーブル,ＶＶＲ１４ｍｍ２×２Ｃ＋３．５ｍｍ２×１Ｃ,m,京都北部,03,1590,1810,220,13.84,9bf39ddf2eefecdd,c16523ebd6eb2e5f,97,97
配線材料,複合ケーブル,ＶＶＲ２２ｍｍ２×２Ｃ＋３．５ｍｍ２×１Ｃ,m,京都北部,03,2300,2660,360,15.65,1a3445ad329f9e76,93d997f4125f002d,97,97
配線材料,複合ケーブル,ＶＶＲ ２ｍｍ２×４Ｃ,m,京都南部,04,530,604,74,13.96,a15adcecf4029c75,282691b04a444ea4,97,97
配線材料,複合ケーブル,ＶＶＲ３．５ｍｍ２×３Ｃ＋２ｍｍ２×１Ｃ,m,京都南部,04,766,873,107,13.97,bff37b6230de3f3e,a6f0e49af1ce2fa1,97,97
配線材料,複合ケーブル,ＶＶＲ５．５ｍｍ２×３Ｃ＋２ｍｍ２×１Ｃ,m,京都南部,04,1050,1190,140,13.33,0813e200a09abc8a,4d0f98d7bff716aa,97,97
配線材料,複合ケーブル,ＶＶＲ８ｍｍ２×３Ｃ＋２ｍｍ２×１Ｃ,m,京都南部,04,1370,1560,190,13.87,ecccb5c7f85f8ffa,64bde807d1d89b2e,97,97
配線材料,複合ケーブル,ＶＶＲ１４ｍｍ２×３Ｃ＋２ｍｍ２×１Ｃ,m,京都南部,04,2120,2410,290,13.68,e41a3a1bf88ef115,a9648d9af5c13254,97,97
配線材料,複合ケーブル,ＶＶＲ２２ｍｍ２×３Ｃ＋２ｍｍ２×１Ｃ,m,京都南部,04,3180,3620,440,13.84,074100cf7b2604dd,3cb8496d87be21d6,97,97
配線材料,複合ケーブル,ＶＶＲ３８ｍｍ２×３Ｃ＋２ｍｍ２×１Ｃ,m,京都南部,04,5240,5970,730,13.93,310a3c71476395b1,a9d73afce19beb62,97,97
配線材料,複合ケーブル,ＶＶＲ ２ｍｍ２×３Ｃ,m,京都南部,04,427,486,59,13.82,6f1ffc50aa01ad68,a5ee911655f132b3,97,97
配線材料,複合ケーブル,ＶＶＲ３．５ｍｍ２×２Ｃ＋２ｍｍ２×１Ｃ,m,京都南部,04,597,680,83,13.9,d58490dd8034f99c,abaa5511364f875f,97,97
配線材料,複合ケーブル,ＶＶＲ５．５ｍｍ２×２Ｃ＋２ｍｍ２×１Ｃ,m,京都南部,04,794,905,111,13.98,1cb254f5f7076b01,e7cbe5e20d263670,97,97
配線材料,複合ケーブル,ＶＶＲ８ｍｍ２×２Ｃ＋２ｍｍ２×１Ｃ,m,京都南部,04,1020,1160,140,13.73,0121603bfbef8f76,601eea2c86b4dd43,97,97
配線材料,複合ケーブル,ＶＶＲ１４ｍｍ２×２Ｃ＋２ｍｍ２×１Ｃ,m,京都南部,04,1510,1720,210,13.91,5626c92c7a0fe68d,14743b383759f568,97,97
配線材料,複合ケーブル,ＶＶＲ２２ｍｍ２×２Ｃ＋２ｍｍ２×１Ｃ,m,京都南部,04,2230,2540,310,13.9,6bcaeb62dad6f98c,0fff084022819a45,97,97
配線材料,複合ケーブル,ＶＶＲ３８ｍｍ２×２Ｃ＋２ｍｍ２×１Ｃ,m,京都南部,04,3600,4100,500,13.89,1ab42ed6c705c600,c5c0aeccba5b8222,97,97
配線材料,複合ケーブル,ＶＶＲ３．５ｍｍ２×４Ｃ,m,京都南部,04,840,957,117,13.93,254bc2d8ecbcee4f,fc85f88039b96d50,97,97
配線材料,複合ケーブル,ＶＶＲ５．５ｍｍ２×３Ｃ＋３．５ｍｍ２,m,京都南部,04,1120,1280,160,14.29,3aff64765dacb866,40c4a20ad04d0eb5,97,97
配線材料,複合ケーブル,ＶＶＲ８ｍｍ２×３Ｃ＋３．５ｍｍ２×１Ｃ,m,京都南部,04,1430,1630,200,13.99,6c4c24b8cd302152,a87a319fc5540818,97,97
配線材料,複合ケーブル,ＶＶＲ１４ｍｍ２×３Ｃ＋３．５ｍｍ２×１Ｃ,m,京都南部,04,2210,2560,350,15.84,bbeb8ca9ed99478f,cdcb5496c0f54deb,97,97
配線材料,複合ケーブル,ＶＶＲ２２ｍｍ２×３Ｃ＋３．５ｍｍ２×１Ｃ,m,京都南部,04,3280,3770,490,14.94,18b289a17b838ecd,6915f8b258da1934,97,97
配線材料,複合ケーブル,ＶＶＲ３８ｍｍ２×３Ｃ＋３．５ｍｍ２×１Ｃ,m,京都南部,04,5360,6110,750,13.99,71031401750f45c5,08765d426789a45e,97,97
配線材料,複合ケーブル,ＶＶＲ３．５ｍｍ２×３Ｃ,m,京都南部,04,613,698,85,13.87,b1179cc0ef4302ee,2b4ad59a17a2c8fe,97,97
配線材料,複合ケーブル,ＶＶＲ５．５ｍｍ２×２Ｃ＋３．５ｍｍ２,m,京都南部,04,864,984,120,13.89,aa70db8611040024,84604442043831b9,97,97
配線材料,複合ケーブル,ＶＶＲ８ｍｍ２×２Ｃ＋３．５ｍｍ２×１Ｃ,m,京都南部,04,1090,1240,150,13.76,8a5cd465e6932302,7465336ea666751f,97,97
配線材料,複合ケーブル,ＶＶＲ１４ｍｍ２×２Ｃ＋３．５ｍｍ２×１Ｃ,m,京都南部,04,1590,1810,220,13.84,505fc1bac8bb3480,3224416a5d948e3d,97,97
配線材料,複合ケーブル,ＶＶＲ２２ｍｍ２×２Ｃ＋３．５ｍｍ２×１Ｃ,m,京都南部,04,2300,2660,360,15.65,dbb755f229f0af9c,0b730c5c34f0c7d7,97,97
配線材料,複合ケーブル,ＶＶＲ ２ｍｍ２×４Ｃ,m,大阪,05,530,604,74,13.96,cd922a638e2e8f51,69619973e57d5cfd,97,97
配線材料,複合ケーブル,ＶＶＲ３．５ｍｍ２×３Ｃ＋２ｍｍ２×１Ｃ,m,大阪,05,766,873,107,13.97,7159f92b37e45194,48beb05c9efa5945,97,97
配線材料,複合ケーブル,ＶＶＲ５．５ｍｍ２×３Ｃ＋２ｍｍ２×１Ｃ,m,大阪,05,1050,1190,140,13.33,13199ea591cb37f6,b4a9dfb6427f7126,97,97
配線材料,複合ケーブル,ＶＶＲ８ｍｍ２×３Ｃ＋２ｍｍ２×１Ｃ,m,大阪,05,1370,1560,190,13.87,ad2e18d3166a615c,0c034ec59fdbfda0,97,97
配線材料,複合ケーブル,ＶＶＲ１４ｍｍ２×３Ｃ＋２ｍｍ２×１Ｃ,m,大阪,05,2120,2410,290,13.68,0331cda302c351f1,0c7f4a38cff0afab,97,97
配線材料,複合ケーブル,ＶＶＲ２２ｍｍ２×３Ｃ＋２ｍｍ２×１Ｃ,m,大阪,05,3180,3620,440,13.84,2e8f5247e4f9fb79,87d10dde4bcc5903,97,97
配線材料,複合ケーブル,ＶＶＲ３８ｍｍ２×３Ｃ＋２ｍｍ２×１Ｃ,m,大阪,05,5240,5970,730,13.93,e749b98c91dbee33,4082ba6719115c9b,97,97
配線材料,複合ケーブル,ＶＶＲ ２ｍｍ２×３Ｃ,m,大阪,05,427,486,59,13.82,6be952ebe44c5182,44a5747f0eb5f203,97,97
配線材料,複合ケーブル,ＶＶＲ３．５ｍｍ２×２Ｃ＋２ｍｍ２×１Ｃ,m,大阪,05,597,680,83,13.9,9200c9d60d074eff,f92bfeb0e97e370d,97,97
配線材料,複合ケーブル,ＶＶＲ５．５ｍｍ２×２Ｃ＋２ｍｍ２×１Ｃ,m,大阪,05,794,905,111,13.98,cd655c216475bd4f,99c3a99900e39938,97,97
配線材料,複合ケーブル,ＶＶＲ８ｍｍ２×２Ｃ＋２ｍｍ２×１Ｃ,m,大阪,05,1020,1160,140,13.73,3f32fb99cce91170,5cf7d595b24bd31b,97,97
配線材料,複合ケーブル,ＶＶＲ１４ｍｍ２×２Ｃ＋２ｍｍ２×１Ｃ,m,大阪,05,1510,1720,210,13.91,e90106465373dd61,a1b0feecf2c55c65,97,97
配線材料,複合ケーブル,ＶＶＲ２２ｍｍ２×２Ｃ＋２ｍｍ２×１Ｃ,m,大阪,05,2230,2540,310,13.9,d1aa82f073513ce7,763cf78e78f98c18,97,97
配線材料,複合ケーブル,ＶＶＲ３８ｍｍ２×２Ｃ＋２ｍｍ２×１Ｃ,m,大阪,05,3600,4100,500,13.89,731f2cadb551ec0b,ddacd18332cb1e19,97,97
配線材料,複合ケーブル,ＶＶＲ３．５ｍｍ２×４Ｃ,m,大阪,05,840,957,117,13.93,4cf0eaa10e218274,1a0b06436b7191e1,97,97
配線材料,複合ケーブル,ＶＶＲ５．５ｍｍ２×３Ｃ＋３．５ｍｍ２,m,大阪,05,1120,1280,160,14.29,a081f450065fa0d8,c43c4a2b572037d1,97,97
配線材料,複合ケーブル,ＶＶＲ８ｍｍ２×３Ｃ＋３．５ｍｍ２×１Ｃ,m,大阪,05,1430,1630,200,13.99,0a7b4a45737a9d14,013c0a7bd683ffee,97,97
配線材料,複合ケーブル,ＶＶＲ１４ｍｍ２×３Ｃ＋３．５ｍｍ２×１Ｃ,m,大阪,05,2210,2560,350,15.84,463ba1b8208ad219,c8e072adf8d6500e,97,97
配線材料,複合ケーブル,ＶＶＲ２２ｍｍ２×３Ｃ＋３．５ｍｍ２×１Ｃ,m,大阪,05,3280,3770,490,14.94,c5fd19290b57ff32,6806ca6807aba893,97,97
配線材料,複合ケーブル,ＶＶＲ３８ｍｍ２×３Ｃ＋３．５ｍｍ２×１Ｃ,m,大阪,05,5360,6110,750,13.99,0d237941a0e2023b,31afa96570fc717a,97,97
配線材料,複合ケーブル,ＶＶＲ３．５ｍｍ２×３Ｃ,m,大阪,05,613,698,85,13.87,4cbecce90eddceca,5f503121ba7115e6,97,97
配線材料,複合ケーブル,ＶＶＲ５．５ｍｍ２×２Ｃ＋３．５ｍｍ２,m,大阪,05,864,984,120,13.89,a6744ed168043443,073ee431758c62b2,97,97
配線材料,複合ケーブル,ＶＶＲ８ｍｍ２×２Ｃ＋３．５ｍｍ２×１Ｃ,m,大阪,05,1090,1240,150,13.76,eeeded56d580319a,c43816ffd25fe50b,97,97
配線材料,複合ケーブル,ＶＶＲ１４ｍｍ２×２Ｃ＋３．５ｍｍ２×１Ｃ,m,大阪,05,1590,1810,220,13.84,dbbd9ae4225802b3,397e3e0195b55d3c,97,97
配線材料,複合ケーブル,ＶＶＲ２２ｍｍ２×２Ｃ＋３．５ｍｍ２×１Ｃ,m,大阪,05,2300,2660,360,15.65,e2094ca0acc60564,7eb31cc0e586d343,97,97
配線材料,複合ケーブル,ＶＶＲ ２ｍｍ２×４Ｃ,m,兵庫北部,06,530,604,74,13.96,ffc629d48179766f,bcd13aa8cdb29cae,97,97
配線材料,複合ケーブル,ＶＶＲ３．５ｍｍ２×３Ｃ＋２ｍｍ２×１Ｃ,m,兵庫北部,06,766,873,107,13.97,152421b96d81ad70,fa11a807126f338c,97,97
配線材料,複合ケーブル,ＶＶＲ５．５ｍｍ２×３Ｃ＋２ｍｍ２×１Ｃ,m,兵庫北部,06,1050,1190,140,13.33,959a4fd041cdc5d6,50c87f706fcec436,97,97
配線材料,複合ケーブル,ＶＶＲ８ｍｍ２×３Ｃ＋２ｍｍ２×１Ｃ,m,兵庫北部,06,1370,1560,190,13.87,ddc1f1005434362a,24340ae29aa62539,97,97
配線材料,複合ケーブル,ＶＶＲ１４ｍｍ２×３Ｃ＋２ｍｍ２×１Ｃ,m,兵庫北部,06,2120,2410,290,13.68,8384f9d0a52a635f,c630dbeb0bf64b2f,97,97
配線材料,複合ケーブル,ＶＶＲ２２ｍｍ２×３Ｃ＋２ｍｍ２×１Ｃ,m,兵庫北部,06,3180,3620,440,13.84,59380e77b6a590e2,42a14fe498f7a916,97,97
配線材料,複合ケーブル,ＶＶＲ３８ｍｍ２×３Ｃ＋２ｍｍ２×１Ｃ,m,兵庫北部,06,5240,5970,730,13.93,a0a864bbcb5b63f7,a89320738c4f6cfa,97,97
配線材料,複合ケーブル,ＶＶＲ ２ｍｍ２×３Ｃ,m,兵庫北部,06,427,486,59,13.82,478bbec3ea92b306,60da75e199cddc7a,97,97
配線材料,複合ケーブル,ＶＶＲ３．５ｍｍ２×２Ｃ＋２ｍｍ２×１Ｃ,m,兵庫北部,06,597,680,83,13.9,40618d51e5ea8777,a3dd9002cc2ed82d,97,97
配線材料,複合ケーブル,ＶＶＲ５．５ｍｍ２×２Ｃ＋２ｍｍ２×１Ｃ,m,兵庫北部,06,794,905,111,13.98,c1bbaa6f96d0c58f,3292371d3eb149da,97,97
配線材料,複合ケーブル,ＶＶＲ８ｍｍ２×２Ｃ＋２ｍｍ２×１Ｃ,m,兵庫北部,06,1020,1160,140,13.73,f8d85d93ad122d11,41dc2b18397f2a59,97,97
配線材料,複合ケーブル,ＶＶＲ１４ｍｍ２×２Ｃ＋２ｍｍ２×１Ｃ,m,兵庫北部,06,1510,1720,210,13.91,eab7709772a6c9ad,9657cc6e3432aa26,97,97
配線材料,複合ケーブル,ＶＶＲ２２ｍｍ２×２Ｃ＋２ｍｍ２×１Ｃ,m,兵庫北部,06,2230,2540,310,13.9,22f3b8026cc5ab77,34e2dee1cc377352,97,97
配線材料,複合ケーブル,ＶＶＲ３８ｍｍ２×２Ｃ＋２ｍｍ２×１Ｃ,m,兵庫北部,06,3600,4100,500,13.89,83baf20991806d50,1f4021b0ea6557c3,97,97
配線材料,複合ケーブル,ＶＶＲ３．５ｍｍ２×４Ｃ,m,兵庫北部,06,840,957,117,13.93,9a6f19a5a31acc8e,f241d90cb6906a64,97,97
配線材料,複合ケーブル,ＶＶＲ５．５ｍｍ２×３Ｃ＋３．５ｍｍ２,m,兵庫北部,06,1120,1280,160,14.29,07cb854a970b9130,e8a6e9a02b8feedb,97,97
配線材料,複合ケーブル,ＶＶＲ８ｍｍ２×３Ｃ＋３．５ｍｍ２×１Ｃ,m,兵庫北部,06,1430,1630,200,13.99,ca00f23ab058b52f,d0fbc853c7f5ea00,97,97
配線材料,複合ケーブル,ＶＶＲ１４ｍｍ２×３Ｃ＋３．５ｍｍ２×１Ｃ,m,兵庫北部,06,2210,2560,350,15.84,803b7c4f120384fe,aee56aaf5eebb080,97,97
配線材料,複合ケーブル,ＶＶＲ２２ｍｍ２×３Ｃ＋３．５ｍｍ２×１Ｃ,m,兵庫北部,06,3280,3770,490,14.94,5ec197a88757dd47,0bbf6950bd37fc3c,97,97
配線材料,複合ケーブル,ＶＶＲ３８ｍｍ２×３Ｃ＋３．５ｍｍ２×１Ｃ,m,兵庫北部,06,5360,6110,750,13.99,df77ed05e7063430,9c9ddabc1e8a6612,97,97
配線材料,複合ケーブル,ＶＶＲ３．５ｍｍ２×３Ｃ,m,兵庫北部,06,613,698,85,13.87,6551890b0bf805a2,bbe372f85969546b,97,97
配線材料,複合ケーブル,ＶＶＲ５．５ｍｍ２×２Ｃ＋３．５ｍｍ２,m,兵庫北部,06,864,984,120,13.89,e28c22156860932b,8ff3fa9b964bb390,97,97
配線材料,複合ケーブル,ＶＶＲ８ｍｍ２×２Ｃ＋３．５ｍｍ２×１Ｃ,m,兵庫北部,06,1090,1240,150,13.76,8e79496f3a4f720a,1048b0ccd02df5c9,97,97
配線材料,複合ケーブル,ＶＶＲ１４ｍｍ２×２Ｃ＋３．５ｍｍ２×１Ｃ,m,兵庫北部,06,1590,1810,220,13.84,6816e16a9dbeff21,c0aa90f599ffdbdc,97,97
配線材料,複合ケーブル,ＶＶＲ２２ｍｍ２×２Ｃ＋３．５ｍｍ２×１Ｃ,m,兵庫北部,06,2300,2660,360,15.65,0b02a1dd282fda76,6342143cb2c85dcf,97,97
配線材料,複合ケーブル,ＶＶＲ ２ｍｍ２×４Ｃ,m,兵庫西部,07,530,604,74,13.96,1e8f9248f4e89a57,8c307079afa976ec,97,97
配線材料,複合ケーブル,ＶＶＲ３．５ｍｍ２×３Ｃ＋２ｍｍ２×１Ｃ,m,兵庫西部,07,766,873,107,13.97,97e3e63321d94d79,2a823e221504539f,97,97
配線材料,複合ケーブル,ＶＶＲ５．５ｍｍ２×３Ｃ＋２ｍｍ２×１Ｃ,m,兵庫西部,07,1050,1190,140,13.33,65bf644ffa06ca27,17abca8ffc51ee18,97,97
配線材料,複合ケーブル,ＶＶＲ８ｍｍ２×３Ｃ＋２ｍｍ２×１Ｃ,m,兵庫西部,07,1370,1560,190,13.87,bda33c661819d7d7,7e95a455f160c4ac,97,97
配線材料,複合ケーブル,ＶＶＲ１４ｍｍ２×３Ｃ＋２ｍｍ２×１Ｃ,m,兵庫西部,07,2120,2410,290,13.68,6700ffd98bf73b3c,8e0a270da142901b,97,97
配線材料,複合ケーブル,ＶＶＲ２２ｍｍ２×３Ｃ＋２ｍｍ２×１Ｃ,m,兵庫西部,07,3180,3620,440,13.84,3404b0d8271a93a2,2dde966958dd3fa4,97,97
配線材料,複合ケーブル,ＶＶＲ３８ｍｍ２×３Ｃ＋２ｍｍ２×１Ｃ,m,兵庫西部,07,5240,5970,730,13.93,47a9a0b51551c454,2aa4650ca0a1a14b,97,97
配線材料,複合ケーブル,ＶＶＲ ２ｍｍ２×３Ｃ,m,兵庫西部,07,427,486,59,13.82,875e889df7ed9894,1c924721073cc6a7,97,97
配線材料,複合ケーブル,ＶＶＲ３．５ｍｍ２×２Ｃ＋２ｍｍ２×１Ｃ,m,兵庫西部,07,597,680,83,13.9,bb64bc9c913fc54b,d09276f503c55baf,97,97
配線材料,複合ケーブル,ＶＶＲ５．５ｍｍ２×２Ｃ＋２ｍｍ２×１Ｃ,m,兵庫西部,07,794,905,111,13.98,f6cbc18f8eb7b94a,6d29fcbc29ac1418,97,97
配線材料,複合ケーブル,ＶＶＲ８ｍｍ２×２Ｃ＋２ｍｍ２×１Ｃ,m,兵庫西部,07,1020,1160,140,13.73,d6d890ce5560c4d4,5ce3ebeb775d70a5,97,97
配線材料,複合ケーブル,ＶＶＲ１４ｍｍ２×２Ｃ＋２ｍｍ２×１Ｃ,m,兵庫西部,07,1510,1720,210,13.91,d879bbc49b6dbdec,c990711450d93d5c,97,97
配線材料,複合ケーブル,ＶＶＲ２２ｍｍ２×２Ｃ＋２ｍｍ２×１Ｃ,m,兵庫西部,07,2230,2540,310,13.9,f1c684c96b82385f,8bc1e8dbc0e95de4,97,97
配線材料,複合ケーブル,ＶＶＲ３８ｍｍ２×２Ｃ＋２ｍｍ２×１Ｃ,m,兵庫西部,07,3600,4100,500,13.89,478fd6a0ca3e7c00,0272d2792b7740e9,97,97
配線材料,複合ケーブル,ＶＶＲ３．５ｍｍ２×４Ｃ,m,兵庫西部,07,840,957,117,13.93,0fb098b092602cdb,3e67f3a287a326cb,97,97
配線材料,複合ケーブル,ＶＶＲ５．５ｍｍ２×３Ｃ＋３．５ｍｍ２,m,兵庫西部,07,1120,1280,160,14.29,d0fb347a0df4b275,2b56197638979983,97,97
配線材料,複合ケーブル,ＶＶＲ８ｍｍ２×３Ｃ＋３．５ｍｍ２×１Ｃ,m,兵庫西部,07,1430,1630,200,13.99,f4370caf1e2b83b9,e35117611a5b7f2f,97,97
配線材料,複合ケーブル,ＶＶＲ１４ｍｍ２×３Ｃ＋３．５ｍｍ２×１Ｃ,m,兵庫西部,07,2210,2560,350,15.84,84cff3724d5f512e,8805bcbabc9c2288,97,97
配線材料,複合ケーブル,ＶＶＲ２２ｍｍ２×３Ｃ＋３．５ｍｍ２×１Ｃ,m,兵庫西部,07,3280,3770,490,14.94,b1a969facd232dc8,73f401fd490e9f53,97,97
配線材料,複合ケーブル,ＶＶＲ３８ｍｍ２×３Ｃ＋３．５ｍｍ２×１Ｃ,m,兵庫西部,07,5360,6110,750,13.99,046c2849ff5d43c9,1014c6f5830b75ad,97,97
配線材料,複合ケーブル,ＶＶＲ３．５ｍｍ２×３Ｃ,m,兵庫西部,07,613,698,85,13.87,629f86958ab1272c,e57402fccdf62ed9,97,97
配線材料,複合ケーブル,ＶＶＲ５．５ｍｍ２×２Ｃ＋３．５ｍｍ２,m,兵庫西部,07,864,984,120,13.89,442f8d03a43676bc,3ae206cdf7f0ff7e,97,97
配線材料,複合ケーブル,ＶＶＲ８ｍｍ２×２Ｃ＋３．５ｍｍ２×１Ｃ,m,兵庫西部,07,1090,1240,150,13.76,aaf1072059bdfdb5,55d9b2985a36c3c6,97,97
配線材料,複合ケーブル,ＶＶＲ１４ｍｍ２×２Ｃ＋３．５ｍｍ２×１Ｃ,m,兵庫西部,07,1590,1810,220,13.84,5a1524fca3328c6c,5f1826fbb954b9d2,97,97
配線材料,複合ケーブル,ＶＶＲ２２ｍｍ２×２Ｃ＋３．５ｍｍ２×１Ｃ,m,兵庫西部,07,2300,2660,360,15.65,74c9ba8493610ed9,2584a46519ca1ae4,97,97
配線材料,複合ケーブル,ＶＶＲ ２ｍｍ２×４Ｃ,m,兵庫,08,530,604,74,13.96,adae08208c1d4dff,992f3e9c12d11d34,97,97
配線材料,複合ケーブル,ＶＶＲ３．５ｍｍ２×３Ｃ＋２ｍｍ２×１Ｃ,m,兵庫,08,766,873,107,13.97,3edeff0844b73a92,c7d1c7fe3fb968ba,97,97
配線材料,複合ケーブル,ＶＶＲ５．５ｍｍ２×３Ｃ＋２ｍｍ２×１Ｃ,m,兵庫,08,1050,1190,140,13.33,884296de0dfcefd1,365ffe6f5550786c,97,97
配線材料,複合ケーブル,ＶＶＲ８ｍｍ２×３Ｃ＋２ｍｍ２×１Ｃ,m,兵庫,08,1370,1560,190,13.87,cb45146f28bfbc1e,83b872d42bb2ca41,97,97
配線材料,複合ケーブル,ＶＶＲ１４ｍｍ２×３Ｃ＋２ｍｍ２×１Ｃ,m,兵庫,08,2120,2410,290,13.68,aa934cd6e579c45f,5ae4f768de44aefb,97,97
配線材料,複合ケーブル,ＶＶＲ２２ｍｍ２×３Ｃ＋２ｍｍ２×１Ｃ,m,兵庫,08,3180,3620,440,13.84,ba50a1b97105e6d9,04bbc91a1cb49929,97,97
配線材料,複合ケーブル,ＶＶＲ３８ｍｍ２×３Ｃ＋２ｍｍ２×１Ｃ,m,兵庫,08,5240,5970,730,13.93,3af9f23a5cf02409,9c35849115e33707,97,97
配線材料,複合ケーブル,ＶＶＲ ２ｍｍ２×３Ｃ,m,兵庫,08,427,486,59,13.82,d1d4f7850fd563f1,3a77209fc8dc05f5,97,97
配線材料,複合ケーブル,ＶＶＲ３．５ｍｍ２×２Ｃ＋２ｍｍ２×１Ｃ,m,兵庫,08,597,680,83,13.9,90f51d0cd5ce18a9,a617a5ff50430272,97,97
配線材料,複合ケーブル,ＶＶＲ５．５ｍｍ２×２Ｃ＋２ｍｍ２×１Ｃ,m,兵庫,08,794,905,111,13.98,cd85043e15bd1922,b94e002643c9cee8,97,97
配線材料,複合ケーブル,ＶＶＲ８ｍｍ２×２Ｃ＋２ｍｍ２×１Ｃ,m,兵庫,08,1020,1160,140,13.73,4d03025f759024e8,5665c0012f453dd4,97,97
配線材料,複合ケーブル,ＶＶＲ１４ｍｍ２×２Ｃ＋２ｍｍ２×１Ｃ,m,兵庫,08,1510,1720,210,13.91,c26cb56967e8f5d8,c1d07e1f9f2fea47,97,97
配線材料,複合ケーブル,ＶＶＲ２２ｍｍ２×２Ｃ＋２ｍｍ２×１Ｃ,m,兵庫,08,2230,2540,310,13.9,e361eb5ba5ac1d58,d0779718287b57ac,97,97
配線材料,複合ケーブル,ＶＶＲ３８ｍｍ２×２Ｃ＋２ｍｍ２×１Ｃ,m,兵庫,08,3600,4100,500,13.89,4511fd8e9fb68b2b,cd2dca261a83f11b,97,97
配線材料,複合ケーブル,ＶＶＲ３．５ｍｍ２×４Ｃ,m,兵庫,08,840,957,117,13.93,c25461f4a056d8dd,a55a57b18614864e,97,97
配線材料,複合ケーブル,ＶＶＲ５．５ｍｍ２×３Ｃ＋３．５ｍｍ２,m,兵庫,08,1120,1280,160,14.29,8a9b6092cfa9da3c,9c94439bd20477fc,97,97
配線材料,複合ケーブル,ＶＶＲ８ｍｍ２×３Ｃ＋３．５ｍｍ２×１Ｃ,m,兵庫,08,1430,1630,200,13.99,b592bf98102b0abf,32ddfbc058a6c3a0,97,97
配線材料,複合ケーブル,ＶＶＲ１４ｍｍ２×３Ｃ＋３．５ｍｍ２×１Ｃ,m,兵庫,08,2210,2560,350,15.84,544afa1b0ecec92b,53d1e0b3ce29f031,97,97
配線材料,複合ケーブル,ＶＶＲ２２ｍｍ２×３Ｃ＋３．５ｍｍ２×１Ｃ,m,兵庫,08,3280,3770,490,14.94,47377d8f29162b29,3f14daccb04e5fce,97,97
配線材料,複合ケーブル,ＶＶＲ３８ｍｍ２×３Ｃ＋３．５ｍｍ２×１Ｃ,m,兵庫,08,5360,6110,750,13.99,d9d91936c9942e9c,890ad4799c29f48c,97,97
配線材料,複合ケーブル,ＶＶＲ３．５ｍｍ２×３Ｃ,m,兵庫,08,613,698,85,13.87,ec2d865b0d3c572a,a801dc5d188ad35e,97,97
配線材料,複合ケーブル,ＶＶＲ５．５ｍｍ２×２Ｃ＋３．５ｍｍ２,m,兵庫,08,864,984,120,13.89,c5e1a43ca40b7c4a,d8578707758d2838,97,97
配線材料,複合ケーブル,ＶＶＲ８ｍｍ２×２Ｃ＋３．５ｍｍ２×１Ｃ,m,兵庫,08,1090,1240,150,13.76,4fd81758a0ef2394,6d83e26476d66ff6,97,97
配線材料,複合ケーブル,ＶＶＲ１４ｍｍ２×２Ｃ＋３．５ｍｍ２×１Ｃ,m,兵庫,08,1590,1810,220,13.84,ffe04cfe5833f78a,bcce211d75b12089,97,97
配線材料,複合ケーブル,ＶＶＲ２２ｍｍ２×２Ｃ＋３．５ｍｍ２×１Ｃ,m,兵庫,08,2300,2660,360,15.65,3ec2efe88adf4203,575225181eff03c7,97,97
配線材料,複合ケーブル,ＶＶＲ ２ｍｍ２×４Ｃ,m,奈良,09,530,604,74,13.96,06b68913edf0d5c2,7c183ed0f05a7821,97,97
配線材料,複合ケーブル,ＶＶＲ３．５ｍｍ２×３Ｃ＋２ｍｍ２×１Ｃ,m,奈良,09,766,873,107,13.97,c13697deb03ee534,df7ea0a30139c340,97,97
配線材料,複合ケーブル,ＶＶＲ５．５ｍｍ２×３Ｃ＋２ｍｍ２×１Ｃ,m,奈良,09,1050,1190,140,13.33,11c5616f05c53c4a,584869788f10532d,97,97
配線材料,複合ケーブル,ＶＶＲ８ｍｍ２×３Ｃ＋２ｍｍ２×１Ｃ,m,奈良,09,1370,1560,190,13.87,bc1b993577c32fbe,a1634ef38dd514cf,97,97
配線材料,複合ケーブル,ＶＶＲ１４ｍｍ２×３Ｃ＋２ｍｍ２×１Ｃ,m,奈良,09,2120,2410,290,13.68,fde8076fa50f1a27,aea533590c6cee40,97,97
配線材料,複合ケーブル,ＶＶＲ２２ｍｍ２×３Ｃ＋２ｍｍ２×１Ｃ,m,奈良,09,3180,3620,440,13.84,7d93ef59513e851f,b0441c9502de3719,97,97
配線材料,複合ケーブル,ＶＶＲ３８ｍｍ２×３Ｃ＋２ｍｍ２×１Ｃ,m,奈良,09,5240,5970,730,13.93,991d36eff301f497,04a6dd632289977b,97,97
配線材料,複合ケーブル,ＶＶＲ ２ｍｍ２×３Ｃ,m,奈良,09,427,486,59,13.82,20ed9916b96ef127,bcd2ab151703b2ae,97,97
配線材料,複合ケーブル,ＶＶＲ３．５ｍｍ２×２Ｃ＋２ｍｍ２×１Ｃ,m,奈良,09,597,680,83,13.9,b8335df22fb6b75b,cd2ae7efb73b597c,97,97
配線材料,複合ケーブル,ＶＶＲ５．５ｍｍ２×２Ｃ＋２ｍｍ２×１Ｃ,m,奈良,09,794,905,111,13.98,262a870d71d2a8de,038fa4be59744d6e,97,97
配線材料,複合ケーブル,ＶＶＲ８ｍｍ２×２Ｃ＋２ｍｍ２×１Ｃ,m,奈良,09,1020,1160,140,13.73,784b8935b127454d,51b151045e4774ee,97,97
配線材料,複合ケーブル,ＶＶＲ１４ｍｍ２×２Ｃ＋２ｍｍ２×１Ｃ,m,奈良,09,1510,1720,210,13.91,eabfb780009b9367,7f3f668bb8548d1c,97,97
配線材料,複合ケーブル,ＶＶＲ２２ｍｍ２×２Ｃ＋２ｍｍ２×１Ｃ,m,奈良,09,2230,2540,310,13.9,493646314f1c4a7f,6af4bae15f78fbe5,97,97
配線材料,複合ケーブル,ＶＶＲ３８ｍｍ２×２Ｃ＋２ｍｍ２×１Ｃ,m,奈良,09,3600,4100,500,13.89,efb8bea06636e267,a317859c873f4403,97,97
配線材料,複合ケーブル,ＶＶＲ３．５ｍｍ２×４Ｃ,m,奈良,09,840,957,117,13.93,a1d74864b4589107,849dc2a2f84deeed,97,97
配線材料,複合ケーブル,ＶＶＲ５．５ｍｍ２×３Ｃ＋３．５ｍｍ２,m,奈良,09,1120,1280,160,14.29,38cbe33f5b88e157,17d7931690a31cea,97,97
配線材料,複合ケーブル,ＶＶＲ８ｍｍ２×３Ｃ＋３．５ｍｍ２×１Ｃ,m,奈良,09,1430,1630,200,13.99,a51f81853f9f96f2,d48f8b073f0c480e,97,97
配線材料,複合ケーブル,ＶＶＲ１４ｍｍ２×３Ｃ＋３．５ｍｍ２×１Ｃ,m,奈良,09,2210,2560,350,15.84,6d82902e70e3408c,7d9575cb91ff2972,97,97
配線材料,複合ケーブル,ＶＶＲ２２ｍｍ２×３Ｃ＋３．５ｍｍ２×１Ｃ,m,奈良,09,3280,3770,490,14.94,cd9830025220fdaf,cb4e8b331ed4491e,97,97
配線材料,複合ケーブル,ＶＶＲ３８ｍｍ２×３Ｃ＋３．５ｍｍ２×１Ｃ,m,奈良,09,5360,6110,750,13.99,3dfebb2e22e1f66a,663326c89ff7838f,97,97
配線材料,複合ケーブル,ＶＶＲ３．５ｍｍ２×３Ｃ,m,奈良,09,613,698,85,13.87,262689b2ae36a622,f00635a05c48c1b5,97,97
配線材料,複合ケーブル,ＶＶＲ５．５ｍｍ２×２Ｃ＋３．５ｍｍ２,m,奈良,09,864,984,120,13.89,0700aecd1dd87ca6,fda38fd9b32f2b9e,97,97
配線材料,複合ケーブル,ＶＶＲ８ｍｍ２×２Ｃ＋３．５ｍｍ２×１Ｃ,m,奈良,09,1090,1240,150,13.76,0a3abee922dc5389,5ba65ba773c8842d,97,97
配線材料,複合ケーブル,ＶＶＲ１４ｍｍ２×２Ｃ＋３．５ｍｍ２×１Ｃ,m,奈良,09,1590,1810,220,13.84,1f406905c85c3850,13533afa8e485a52,97,97
配線材料,複合ケーブル,ＶＶＲ２２ｍｍ２×２Ｃ＋３．５ｍｍ２×１Ｃ,m,奈良,09,2300,2660,360,15.65,8cf234a05d1d4577,1de63c7bd809e94d,97,97
配線材料,複合ケーブル,ＶＶＲ ２ｍｍ２×４Ｃ,m,和歌山,10,530,604,74,13.96,f4a932f98aef4d3b,29324f2d5eece291,97,97
配線材料,複合ケーブル,ＶＶＲ３．５ｍｍ２×３Ｃ＋２ｍｍ２×１Ｃ,m,和歌山,10,766,873,107,13.97,fcfdd726d30aeff6,ecd22d88f0eda628,97,97
配線材料,複合ケーブル,ＶＶＲ５．５ｍｍ２×３Ｃ＋２ｍｍ２×１Ｃ,m,和歌山,10,1050,1190,140,13.33,23a5e41781cc362c,baacf469172a1ac3,97,97
配線材料,複合ケーブル,ＶＶＲ８ｍｍ２×３Ｃ＋２ｍｍ２×１Ｃ,m,和歌山,10,1370,1560,190,13.87,95f4fe31d0eeea0c,0adaba5eed5f6eed,97,97
配線材料,複合ケーブル,ＶＶＲ１４ｍｍ２×３Ｃ＋２ｍｍ２×１Ｃ,m,和歌山,10,2120,2410,290,13.68,b2c18bc618595f2d,3b5b7e1e7224b8c9,97,97
配線材料,複合ケーブル,ＶＶＲ２２ｍｍ２×３Ｃ＋２ｍｍ２×１Ｃ,m,和歌山,10,3180,3620,440,13.84,3ab98a83b035719f,d51cf4c841b30ad6,97,97
配線材料,複合ケーブル,ＶＶＲ３８ｍｍ２×３Ｃ＋２ｍｍ２×１Ｃ,m,和歌山,10,5240,5970,730,13.93,2f616e98327448de,9443bef702f7a0c9,97,97
配線材料,複合ケーブル,ＶＶＲ ２ｍｍ２×３Ｃ,m,和歌山,10,427,486,59,13.82,a478f26ab5586862,8dda79b91d4c4057,97,97
配線材料,複合ケーブル,ＶＶＲ３．５ｍｍ２×２Ｃ＋２ｍｍ２×１Ｃ,m,和歌山,10,597,680,83,13.9,92736e97c73f17a7,9d67c57a91941f00,97,97
配線材料,複合ケーブル,ＶＶＲ５．５ｍｍ２×２Ｃ＋２ｍｍ２×１Ｃ,m,和歌山,10,794,905,111,13.98,ae262c5a942ee4f7,fdf6869df5745e89,97,97
配線材料,複合ケーブル,ＶＶＲ８ｍｍ２×２Ｃ＋２ｍｍ２×１Ｃ,m,和歌山,10,1020,1160,140,13.73,56347a38ef972f23,95d6824e56c8fa12,97,97
配線材料,複合ケーブル,ＶＶＲ１４ｍｍ２×２Ｃ＋２ｍｍ２×１Ｃ,m,和歌山,10,1510,1720,210,13.91,0ba2ae21233e615b,529360ab5caf81e6,97,97
配線材料,複合ケーブル,ＶＶＲ２２ｍｍ２×２Ｃ＋２ｍｍ２×１Ｃ,m,和歌山,10,2230,2540,310,13.9,9d4277960b95a4ac,7c1bf3a8a941eace,97,97
配線材料,複合ケーブル,ＶＶＲ３８ｍｍ２×２Ｃ＋２ｍｍ２×１Ｃ,m,和歌山,10,3600,4100,500,13.89,0ffb0ce87b3a20e7,85805ca61b48e9e0,97,97
配線材料,複合ケーブル,ＶＶＲ３．５ｍｍ２×４Ｃ,m,和歌山,10,840,957,117,13.93,192193785bf01f8d,d1bd64b55aa026ff,97,97
配線材料,複合ケーブル,ＶＶＲ５．５ｍｍ２×３Ｃ＋３．５ｍｍ２,m,和歌山,10,1120,1280,160,14.29,a55c0143455fe58b,501d8faffeb0dac7,97,97
配線材料,複合ケーブル,ＶＶＲ８ｍｍ２×３Ｃ＋３．５ｍｍ２×１Ｃ,m,和歌山,10,1430,1630,200,13.99,4abbba92029e22f9,bce4956b7983ec8e,97,97
配線材料,複合ケーブル,ＶＶＲ１４ｍｍ２×３Ｃ＋３．５ｍｍ２×１Ｃ,m,和歌山,10,2210,2560,350,15.84,59cea04f5a3966d9,08e897ffbc2aab39,97,97
配線材料,複合ケーブル,ＶＶＲ２２ｍｍ２×３Ｃ＋３．５ｍｍ２×１Ｃ,m,和歌山,10,3280,3770,490,14.94,36c04944e3de70dd,d275e592c0275299,97,97
配線材料,複合ケーブル,ＶＶＲ３８ｍｍ２×３Ｃ＋３．５ｍｍ２×１Ｃ,m,和歌山,10,5360,6110,750,13.99,5d5c02c2c112420e,5bfda6e745fadcde,97,97
配線材料,複合ケーブル,ＶＶＲ３．５ｍｍ２×３Ｃ,m,和歌山,10,613,698,85,13.87,28f140e40aaad22a,45b77b9474bc81be,97,97
配線材料,複合ケーブル,ＶＶＲ５．５ｍｍ２×２Ｃ＋３．５ｍｍ２,m,和歌山,10,864,984,120,13.89,265465509e93aca9,16de19d305d32279,97,97
配線材料,複合ケーブル,ＶＶＲ８ｍｍ２×２Ｃ＋３．５ｍｍ２×１Ｃ,m,和歌山,10,1090,1240,150,13.76,3eccb895fef0125d,726c51543e234092,97,97
配線材料,複合ケーブル,ＶＶＲ１４ｍｍ２×２Ｃ＋３．５ｍｍ２×１Ｃ,m,和歌山,10,1590,1810,220,13.84,e42b008ed514dd25,99a4e8f213f9cd3c,97,97
配線材料,複合ケーブル,ＶＶＲ２２ｍｍ２×２Ｃ＋３．５ｍｍ２×１Ｃ,m,和歌山,10,2300,2660,360,15.65,123698f77b8905ee,42fbc58bb9b0191d,97,97
配線材料,複合ケーブル,ＶＶＲ ２ｍｍ２×４Ｃ,m,岐阜,11,530,604,74,13.96,9edb0db89a1ce879,48a6b23bbff88fee,97,97
配線材料,複合ケーブル,ＶＶＲ３．５ｍｍ２×３Ｃ＋２ｍｍ２×１Ｃ,m,岐阜,11,766,873,107,13.97,c82934b2cba3c80d,52f07ca30a9145dd,97,97
配線材料,複合ケーブル,ＶＶＲ５．５ｍｍ２×３Ｃ＋２ｍｍ２×１Ｃ,m,岐阜,11,1050,1190,140,13.33,3bcceac1526e5266,5cdaa58fb5acdd16,97,97
配線材料,複合ケーブル,ＶＶＲ８ｍｍ２×３Ｃ＋２ｍｍ２×１Ｃ,m,岐阜,11,1370,1560,190,13.87,33f58b35dbeded5a,23e360bdbaec57c1,97,97
配線材料,複合ケーブル,ＶＶＲ１４ｍｍ２×３Ｃ＋２ｍｍ２×１Ｃ,m,岐阜,11,2120,2410,290,13.68,ae6f0d034b0ddb0b,fb11ad0a4f28ea2f,97,97
配線材料,複合ケーブル,ＶＶＲ２２ｍｍ２×３Ｃ＋２ｍｍ２×１Ｃ,m,岐阜,11,3180,3620,440,13.84,0f45de9a2f206442,629bb125bd2f2aac,97,97
配線材料,複合ケーブル,ＶＶＲ３８ｍｍ２×３Ｃ＋２ｍｍ２×１Ｃ,m,岐阜,11,5240,5970,730,13.93,48bc22937cf7ee0c,4a68fac7030a9fd8,97,97
配線材料,複合ケーブル,ＶＶＲ ２ｍｍ２×３Ｃ,m,岐阜,11,427,486,59,13.82,e169fbfb948c0223,a7a3588f394a0f84,97,97
配線材料,複合ケーブル,ＶＶＲ３．５ｍｍ２×２Ｃ＋２ｍｍ２×１Ｃ,m,岐阜,11,597,680,83,13.9,342bfff123d3c8c6,4361666738ee649c,97,97
配線材料,複合ケーブル,ＶＶＲ５．５ｍｍ２×２Ｃ＋２ｍｍ２×１Ｃ,m,岐阜,11,794,905,111,13.98,43082316c27ad6dc,2092aaef582267bc,97,97
配線材料,複合ケーブル,ＶＶＲ８ｍｍ２×２Ｃ＋２ｍｍ２×１Ｃ,m,岐阜,11,1020,1160,140,13.73,a55b9b2966edf13c,f9142e4c2a1bf4de,97,97
配線材料,複合ケーブル,ＶＶＲ１４ｍｍ２×２Ｃ＋２ｍｍ２×１Ｃ,m,岐阜,11,1510,1720,210,13.91,6ba7e2ba7702d714,12310bb756aec1f3,97,97
配線材料,複合ケーブル,ＶＶＲ２２ｍｍ２×２Ｃ＋２ｍｍ２×１Ｃ,m,岐阜,11,2230,2540,310,13.9,3ee4d9c61dfb24ba,b4f639877757afda,97,97
配線材料,複合ケーブル,ＶＶＲ３８ｍｍ２×２Ｃ＋２ｍｍ２×１Ｃ,m,岐阜,11,3600,4100,500,13.89,607037ae6d8f6b43,6c0708a6886bbde4,97,97
配線材料,複合ケーブル,ＶＶＲ３．５ｍｍ２×４Ｃ,m,岐阜,11,840,957,117,13.93,fc9ac1686e7d7193,4cf4a2e60bc488ed,97,97
配線材料,複合ケーブル,ＶＶＲ５．５ｍｍ２×３Ｃ＋３．５ｍｍ２,m,岐阜,11,1120,1280,160,14.29,80b806efdc5a6b42,4d56d9f8242e2ca7,97,97
配線材料,複合ケーブル,ＶＶＲ８ｍｍ２×３Ｃ＋３．５ｍｍ２×１Ｃ,m,岐阜,11,1430,1630,200,13.99,d67af987fc2090fa,c1be6ec8ea36d6ec,97,97
配線材料,複合ケーブル,ＶＶＲ１４ｍｍ２×３Ｃ＋３．５ｍｍ２×１Ｃ,m,岐阜,11,2210,2560,350,15.84,2fc9f385bf06b46f,cf87cc5021e0e610,97,97
配線材料,複合ケーブル,ＶＶＲ２２ｍｍ２×３Ｃ＋３．５ｍｍ２×１Ｃ,m,岐阜,11,3280,3770,490,14.94,fa807924a80f6a08,125e1ce641fe817c,97,97
配線材料,複合ケーブル,ＶＶＲ３８ｍｍ２×３Ｃ＋３．５ｍｍ２×１Ｃ,m,岐阜,11,5360,6110,750,13.99,068194cc9ffd72bd,d9d1522939bd8ac1,97,97
配線材料,複合ケーブル,ＶＶＲ３．５ｍｍ２×３Ｃ,m,岐阜,11,613,698,85,13.87,51ef8e528b6aab5c,c07ae8c4d8bf0edf,97,97
配線材料,複合ケーブル,ＶＶＲ５．５ｍｍ２×２Ｃ＋３．５ｍｍ２,m,岐阜,11,864,984,120,13.89,c83c3f9e42661bd8,63eb1bd144169707,97,97
配線材料,複合ケーブル,ＶＶＲ８ｍｍ２×２Ｃ＋３．５ｍｍ２×１Ｃ,m,岐阜,11,1090,1240,150,13.76,f63610a58911ebdc,1bfd45ac134923c2,97,97
配線材料,複合ケーブル,ＶＶＲ１４ｍｍ２×２Ｃ＋３．５ｍｍ２×１Ｃ,m,岐阜,11,1590,1810,220,13.84,d043cd7d21e58456,766dbb1cb49a96d8,97,97
配線材料,複合ケーブル,ＶＶＲ２２ｍｍ２×２Ｃ＋３．５ｍｍ２×１Ｃ,m,岐阜,11,2300,2660,360,15.65,ccb0749f02e93bdc,c485fc823febe84d,97,97
配線材料,複合ケーブル,ＶＶＲ ２ｍｍ２×４Ｃ,m,三重,12,530,604,74,13.96,f4fbda9c4fbcc729,1bcdeff2c759ed16,97,97
配線材料,複合ケーブル,ＶＶＲ３．５ｍｍ２×３Ｃ＋２ｍｍ２×１Ｃ,m,三重,12,766,873,107,13.97,4be748a49946990e,d0b613ceb14a8d63,97,97
配線材料,複合ケーブル,ＶＶＲ５．５ｍｍ２×３Ｃ＋２ｍｍ２×１Ｃ,m,三重,12,1050,1190,140,13.33,bd20cd08eaaa3217,28b7c5cc62370575,97,97
配線材料,複合ケーブル,ＶＶＲ８ｍｍ２×３Ｃ＋２ｍｍ２×１Ｃ,m,三重,12,1370,1560,190,13.87,7f5e920bcebc50eb,6b843427c40ccb52,97,97
配線材料,複合ケーブル,ＶＶＲ１４ｍｍ２×３Ｃ＋２ｍｍ２×１Ｃ,m,三重,12,2120,2410,290,13.68,53f4c157ecf63e9b,09f55bbd0ee93aa2,97,97
配線材料,複合ケーブル,ＶＶＲ２２ｍｍ２×３Ｃ＋２ｍｍ２×１Ｃ,m,三重,12,3180,3620,440,13.84,062e868820d9f297,e119518f00c09ca4,97,97
配線材料,複合ケーブル,ＶＶＲ３８ｍｍ２×３Ｃ＋２ｍｍ２×１Ｃ,m,三重,12,5240,5970,730,13.93,fa291efe8f7d0b71,c002a8d9a2ac4de5,97,97
配線材料,複合ケーブル,ＶＶＲ ２ｍｍ２×３Ｃ,m,三重,12,427,486,59,13.82,5ae68897510cc1b6,a9f4d16a93ce85d1,97,97
配線材料,複合ケーブル,ＶＶＲ３．５ｍｍ２×２Ｃ＋２ｍｍ２×１Ｃ,m,三重,12,597,680,83,13.9,e24b8f58d2111f4d,f7f73556b67d4f86,97,97
配線材料,複合ケーブル,ＶＶＲ５．５ｍｍ２×２Ｃ＋２ｍｍ２×１Ｃ,m,三重,12,794,905,111,13.98,4c52cb214a85f4d5,286b2baa7ac5cd73,97,97
配線材料,複合ケーブル,ＶＶＲ８ｍｍ２×２Ｃ＋２ｍｍ２×１Ｃ,m,三重,12,1020,1160,140,13.73,5004fdfd78a74755,ddd0a675672f8332,97,97
配線材料,複合ケーブル,ＶＶＲ１４ｍｍ２×２Ｃ＋２ｍｍ２×１Ｃ,m,三重,12,1510,1720,210,13.91,1df3275c055e81cf,67e8e9c560fb9fed,97,97
配線材料,複合ケーブル,ＶＶＲ２２ｍｍ２×２Ｃ＋２ｍｍ２×１Ｃ,m,三重,12,2230,2540,310,13.9,b043ea0baaf6243d,2a22f1fc4ef69f6f,97,97
配線材料,複合ケーブル,ＶＶＲ３８ｍｍ２×２Ｃ＋２ｍｍ２×１Ｃ,m,三重,12,3600,4100,500,13.89,1590ebc32c830271,3554f5e0da156ade,97,97
配線材料,複合ケーブル,ＶＶＲ３．５ｍｍ２×４Ｃ,m,三重,12,840,957,117,13.93,fde8c33beae55dd3,40a197d799c82879,97,97
配線材料,複合ケーブル,ＶＶＲ５．５ｍｍ２×３Ｃ＋３．５ｍｍ２,m,三重,12,1120,1280,160,14.29,46323f657b43d106,afa834644b2853fb,97,97
配線材料,複合ケーブル,ＶＶＲ８ｍｍ２×３Ｃ＋３．５ｍｍ２×１Ｃ,m,三重,12,1430,1630,200,13.99,9d2358811461563a,d9feae292c4b0317,97,97
配線材料,複合ケーブル,ＶＶＲ１４ｍｍ２×３Ｃ＋３．５ｍｍ２×１Ｃ,m,三重,12,2210,2560,350,15.84,a2cc2d33c7907822,ea6ac9d28d3603a2,97,97
配線材料,複合ケーブル,ＶＶＲ２２ｍｍ２×３Ｃ＋３．５ｍｍ２×１Ｃ,m,三重,12,3280,3770,490,14.94,a7e7a2b7b212e03e,cba19ebfa15a209c,97,97
配線材料,複合ケーブル,ＶＶＲ３８ｍｍ２×３Ｃ＋３．５ｍｍ２×１Ｃ,m,三重,12,5360,6110,750,13.99,d7a9bdac7954541f,1b1559e442722568,97,97
配線材料,複合ケーブル,ＶＶＲ３．５ｍｍ２×３Ｃ,m,三重,12,613,698,85,13.87,4f5f7886a449cc2b,6ea69ca8988dea27,97,97
配線材料,複合ケーブル,ＶＶＲ５．５ｍｍ２×２Ｃ＋３．５ｍｍ２,m,三重,12,864,984,120,13.89,b7fc2866032cb0fa,9a660b3bc00f9b2a,97,97
配線材料,複合ケーブル,ＶＶＲ８ｍｍ２×２Ｃ＋３．５ｍｍ２×１Ｃ,m,三重,12,1090,1240,150,13.76,61520b423e0912dd,2bf19ec90f5bd01d,97,97
配線材料,複合ケーブル,ＶＶＲ１４ｍｍ２×２Ｃ＋３．５ｍｍ２×１Ｃ,m,三重,12,1590,1810,220,13.84,14296767b0e4110c,5234017860a1d3b0,97,97
配線材料,複合ケーブル,ＶＶＲ２２ｍｍ２×２Ｃ＋３．５ｍｍ２×１Ｃ,m,三重,12,2300,2660,360,15.65,03dd92ecaf4d5adc,90b42e99ea18000e,97,97
配線材料,複合ケーブル,ＶＶＲ３８ｍｍ２×２Ｃ＋３．５ｍｍ２×１Ｃ,m,福井,01,3680,4280,600,16.3,744843a467766bcb,7189105d989d45a5,98,98
配線材料,複合ケーブル,ＶＶＲ１４ｍｍ２×２Ｃ＋５．５ｍｍ２×１Ｃ,m,福井,01,1670,1920,250,14.97,fcceb112ed973883,1ee2a5a9a92e3e43,98,98
配線材料,複合ケーブル,ＶＶＲ２２ｍｍ２×２Ｃ＋５．５ｍｍ２×１Ｃ,m,福井,01,2400,2760,360,15.0,2314b15e358786c5,87b1710181fa3e01,98,98
配線材料,複合ケーブル,ＶＶＲ３８ｍｍ２×２Ｃ＋５．５ｍｍ２×１Ｃ,m,福井,01,3760,4360,600,15.96,4962f051de2ed77c,57751dbfb2d64666,98,98
配線材料,複合ケーブル,ＶＶＲ１４ｍｍ２×３Ｃ＋５．５ｍｍ２×１Ｃ,m,福井,01,2280,2640,360,15.79,cc27249f9789d8ad,e52eb855651ec6e4,98,98
配線材料,複合ケーブル,ＶＶＲ２２ｍｍ２×３Ｃ＋５．５ｍｍ２×１Ｃ,m,福井,01,3340,3870,530,15.87,d53ecf69b30080f9,ac4e76c9a5ffc00b,98,98
配線材料,複合ケーブル,ＶＶＲ３８ｍｍ２×３Ｃ＋５．５ｍｍ２×１Ｃ,m,福井,01,5400,6260,860,15.93,a71b8101924e8923,59ce0af943774b00,98,98
配線材料,ケーブル分岐材,２ｍｍ２×２Ｃ＋アース＋２ｍｍ２×３Ｃ,個,福井,01,10700,11000,300,2.8,03cf8b55ff5437e7,827a5375df9d4a1c,98,98
配線材料,ケーブル分岐材,３．５ｍｍ２×２Ｃ＋アース＋２ｍｍ２×３Ｃ,個,福井,01,10700,11000,300,2.8,abfe6a66e073343d,087387d7d9d9f6bc,98,98
配線材料,ケーブル分岐材,５．５ｍｍ２×２Ｃ＋アース＋２ｍｍ２×３Ｃ,個,福井,01,10700,11000,300,2.8,566a565422555d0a,d1031d300c227f12,98,98
配線材料,ケーブル分岐材,８ｍｍ２×２Ｃ＋アース＋２ｍｍ２×３Ｃ,個,福井,01,11200,11500,300,2.68,a5e2f068b806bf5d,f997a9a18f90be83,98,98
配線材料,ケーブル分岐材,１４ｍｍ２×２Ｃ＋アース＋２ｍｍ２×３Ｃ,個,福井,01,11700,12000,300,2.56,1994faa854c8da6a,6a3addfba5b9edfc,98,98
配線材料,ケーブル分岐材,２２ｍｍ２×２Ｃ＋アース＋２ｍｍ２×３Ｃ,個,福井,01,13100,13500,400,3.05,2e08dbfbaf99f2a1,03003c10077e05e6,98,98
配線材料,ケーブル分岐材,３８ｍｍ２×２Ｃ＋アース＋２ｍｍ２×３Ｃ,個,福井,01,14500,14900,400,2.76,ff72f412a27bd81d,33d47793e5e95308,98,98
配線材料,ケーブル分岐材,２ｍｍ２×３Ｃ＋アース＋２ｍｍ２×３Ｃ,個,福井,01,11600,11900,300,2.59,4ac29581da89882c,80da791527eaaf83,98,98
配線材料,ケーブル分岐材,３．５ｍｍ２×３Ｃ＋アース＋２ｍｍ２×３Ｃ,個,福井,01,11600,11900,300,2.59,713daac09f892caa,8b94f99a629ac0df,98,98
配線材料,ケーブル分岐材,５．５ｍｍ２×３Ｃ＋アース＋２ｍｍ２×３Ｃ,個,福井,01,11600,11900,300,2.59,4851cb4e5a8846ab,040a79b69cd9be83,98,98
配線材料,ケーブル分岐材,８ｍｍ２×３Ｃ＋アース＋２ｍｍ２×３Ｃ,個,福井,01,12100,12500,400,3.31,17c9f966fd1d9225,adccde4efbc3e343,98,98
配線材料,ケーブル分岐材,１４ｍｍ２×３Ｃ＋アース＋２ｍｍ２×３Ｃ,個,福井,01,12700,13000,300,2.36,9f8e309bbf2fdf69,4a85f76ea7fd6f7b,98,98
配線材料,ケーブル分岐材,２２ｍｍ２×３Ｃ＋アース＋２ｍｍ２×３Ｃ,個,福井,01,14300,14700,400,2.8,4564821dcebc485f,ae10c4d92ea009f6,98,98
配線材料,ケーブル分岐材,３８ｍｍ２×３Ｃ＋アース＋２ｍｍ２×３Ｃ,個,福井,01,15700,16200,500,3.18,2ae7408d0949162d,43a71caf643e8bea,98,98
配線材料,複合ケーブル,ＶＶＲ３８ｍｍ２×２Ｃ＋３．５ｍｍ２×１Ｃ,m,滋賀,02,3680,4280,600,16.3,416ed5529444b910,bc089793b34ab0cf,98,98
配線材料,複合ケーブル,ＶＶＲ１４ｍｍ２×２Ｃ＋５．５ｍｍ２×１Ｃ,m,滋賀,02,1670,1920,250,14.97,87eaee09a6a3ae08,62849b2b05507e0a,98,98
配線材料,複合ケーブル,ＶＶＲ２２ｍｍ２×２Ｃ＋５．５ｍｍ２×１Ｃ,m,滋賀,02,2400,2760,360,15.0,a41924305c1ea5bd,b4809b1d2bfc8ef1,98,98
配線材料,複合ケーブル,ＶＶＲ３８ｍｍ２×２Ｃ＋５．５ｍｍ２×１Ｃ,m,滋賀,02,3760,4360,600,15.96,75280d0e08d929e5,f308549981f3dab3,98,98
配線材料,複合ケーブル,ＶＶＲ１４ｍｍ２×３Ｃ＋５．５ｍｍ２×１Ｃ,m,滋賀,02,2280,2640,360,15.79,c8516fd212bb0742,3c7fda2a4be2ff39,98,98
配線材料,複合ケーブル,ＶＶＲ２２ｍｍ２×３Ｃ＋５．５ｍｍ２×１Ｃ,m,滋賀,02,3340,3870,530,15.87,8b5763516b492120,db8f8787ec3a4532,98,98
配線材料,複合ケーブル,ＶＶＲ３８ｍｍ２×３Ｃ＋５．５ｍｍ２×１Ｃ,m,滋賀,02,5400,6260,860,15.93,09d94cbe4dde3317,46349503cb6ee80a,98,98
配線材料,ケーブル分岐材,２ｍｍ２×２Ｃ＋アース＋２ｍｍ２×３Ｃ,個,滋賀,02,10700,11000,300,2.8,f03c95521d0d36e5,f6da5b615448cea2,98,98
配線材料,ケーブル分岐材,３．５ｍｍ２×２Ｃ＋アース＋２ｍｍ２×３Ｃ,個,滋賀,02,10700,11000,300,2.8,8c4005b702820446,6c2d33fb2d13bc96,98,98
配線材料,ケーブル分岐材,５．５ｍｍ２×２Ｃ＋アース＋２ｍｍ２×３Ｃ,個,滋賀,02,10700,11000,300,2.8,20a7be95c4d2770b,9ab6841c0c99dd48,98,98
配線材料,ケーブル分岐材,８ｍｍ２×２Ｃ＋アース＋２ｍｍ２×３Ｃ,個,滋賀,02,11200,11500,300,2.68,293ffe9cfbe6c64f,d5b67d4cd5ed70ec,98,98
配線材料,ケーブル分岐材,１４ｍｍ２×２Ｃ＋アース＋２ｍｍ２×３Ｃ,個,滋賀,02,11700,12000,300,2.56,718c2c6ba486ffb5,80dbb9117a1567cf,98,98
配線材料,ケーブル分岐材,２２ｍｍ２×２Ｃ＋アース＋２ｍｍ２×３Ｃ,個,滋賀,02,13100,13500,400,3.05,23c1df331ecddd37,ad4bed36fb988b61,98,98
配線材料,ケーブル分岐材,３８ｍｍ２×２Ｃ＋アース＋２ｍｍ２×３Ｃ,個,滋賀,02,14500,14900,400,2.76,d604b46dc3f6c43c,cb029b1f3830157b,98,98
配線材料,ケーブル分岐材,２ｍｍ２×３Ｃ＋アース＋２ｍｍ２×３Ｃ,個,滋賀,02,11600,11900,300,2.59,bed2843af7018f02,2ef2ee60ce702bbd,98,98
配線材料,ケーブル分岐材,３．５ｍｍ２×３Ｃ＋アース＋２ｍｍ２×３Ｃ,個,滋賀,02,11600,11900,300,2.59,d888d85dffd03f1c,1fc794daf208aea9,98,98
配線材料,ケーブル分岐材,５．５ｍｍ２×３Ｃ＋アース＋２ｍｍ２×３Ｃ,個,滋賀,02,11600,11900,300,2.59,e4de8a5d4dfe0754,8f7a222b6f1e8ee3,98,98
配線材料,ケーブル分岐材,８ｍｍ２×３Ｃ＋アース＋２ｍｍ２×３Ｃ,個,滋賀,02,12100,12500,400,3.31,55c672d4589784be,1703489386744134,98,98
配線材料,ケーブル分岐材,１４ｍｍ２×３Ｃ＋アース＋２ｍｍ２×３Ｃ,個,滋賀,02,12700,13000,300,2.36,8833bd291b0061b0,f2398fb803a375bd,98,98
配線材料,ケーブル分岐材,２２ｍｍ２×３Ｃ＋アース＋２ｍｍ２×３Ｃ,個,滋賀,02,14300,14700,400,2.8,4ef6c42165aeee8a,cbcf7f75775bb659,98,98
配線材料,ケーブル分岐材,３８ｍｍ２×３Ｃ＋アース＋２ｍｍ２×３Ｃ,個,滋賀,02,15700,16200,500,3.18,1ae6089a8e0c2a49,9127a4789511130d,98,98
配線材料,複合ケーブル,ＶＶＲ３８ｍｍ２×２Ｃ＋３．５ｍｍ２×１Ｃ,m,京都北部,03,3680,4280,600,16.3,43ce1cbee41a88e1,419838ce3418ffdd,98,98
配線材料,複合ケーブル,ＶＶＲ１４ｍｍ２×２Ｃ＋５．５ｍｍ２×１Ｃ,m,京都北部,03,1670,1920,250,14.97,1c1ebad959def7bf,7616e701944cc97e,98,98
配線材料,複合ケーブル,ＶＶＲ２２ｍｍ２×２Ｃ＋５．５ｍｍ２×１Ｃ,m,京都北部,03,2400,2760,360,15.0,ffffa3158560bcf4,bf837125cb473e2f,98,98
配線材料,複合ケーブル,ＶＶＲ３８ｍｍ２×２Ｃ＋５．５ｍｍ２×１Ｃ,m,京都北部,03,3760,4360,600,15.96,cd39ef8eafc2e21f,ce0a9173fea25cf7,98,98
配線材料,複合ケーブル,ＶＶＲ１４ｍｍ２×３Ｃ＋５．５ｍｍ２×１Ｃ,m,京都北部,03,2280,2640,360,15.79,acd92c4afd08afd6,fe60fbe06025922f,98,98
配線材料,複合ケーブル,ＶＶＲ２２ｍｍ２×３Ｃ＋５．５ｍｍ２×１Ｃ,m,京都北部,03,3340,3870,530,15.87,08bb9d42edc7c451,49bde697c22df0c3,98,98
配線材料,複合ケーブル,ＶＶＲ３８ｍｍ２×３Ｃ＋５．５ｍｍ２×１Ｃ,m,京都北部,03,5400,6260,860,15.93,1fa2e00fddeb794b,96eeed6d3d2d1a8f,98,98
配線材料,ケーブル分岐材,２ｍｍ２×２Ｃ＋アース＋２ｍｍ２×３Ｃ,個,京都北部,03,10700,11000,300,2.8,aa8f0a6c4c648be9,8c58a07831807438,98,98
配線材料,ケーブル分岐材,３．５ｍｍ２×２Ｃ＋アース＋２ｍｍ２×３Ｃ,個,京都北部,03,10700,11000,300,2.8,f5352e7cc88ce4ec,73d53fd555f27dc9,98,98
配線材料,ケーブル分岐材,５．５ｍｍ２×２Ｃ＋アース＋２ｍｍ２×３Ｃ,個,京都北部,03,10700,11000,300,2.8,d1ce435058dd6889,aa8b7f1b8e7aedf4,98,98
配線材料,ケーブル分岐材,８ｍｍ２×２Ｃ＋アース＋２ｍｍ２×３Ｃ,個,京都北部,03,11200,11500,300,2.68,ad170d65677cf4b5,40ee72b81508a6f2,98,98
配線材料,ケーブル分岐材,１４ｍｍ２×２Ｃ＋アース＋２ｍｍ２×３Ｃ,個,京都北部,03,11700,12000,300,2.56,fc6cd1c8c16c03f1,d18d667af1c160d3,98,98
配線材料,ケーブル分岐材,２２ｍｍ２×２Ｃ＋アース＋２ｍｍ２×３Ｃ,個,京都北部,03,13100,13500,400,3.05,8db99f8743f78f74,09eb461cf9b2ca4c,98,98
配線材料,ケーブル分岐材,３８ｍｍ２×２Ｃ＋アース＋２ｍｍ２×３Ｃ,個,京都北部,03,14500,14900,400,2.76,37bf5deac49bf59b,fd1d5e30342336c3,98,98
配線材料,ケーブル分岐材,２ｍｍ２×３Ｃ＋アース＋２ｍｍ２×３Ｃ,個,京都北部,03,11600,11900,300,2.59,74b95bcd1775fe8d,cb945d21d46781fb,98,98
配線材料,ケーブル分岐材,３．５ｍｍ２×３Ｃ＋アース＋２ｍｍ２×３Ｃ,個,京都北部,03,11600,11900,300,2.59,23301e1476a4104e,edfbb9d49318b036,98,98
配線材料,ケーブル分岐材,５．５ｍｍ２×３Ｃ＋アース＋２ｍｍ２×３Ｃ,個,京都北部,03,11600,11900,300,2.59,418b56109533e467,f68eeb5bdd8a61b8,98,98
配線材料,ケーブル分岐材,８ｍｍ２×３Ｃ＋アース＋２ｍｍ２×３Ｃ,個,京都北部,03,12100,12500,400,3.31,811bb5379163389b,f3326bd7af64c84d,98,98
配線材料,ケーブル分岐材,１４ｍｍ２×３Ｃ＋アース＋２ｍｍ２×３Ｃ,個,京都北部,03,12700,13000,300,2.36,dc6b6b23f0cf2dbf,982b3099da8c8241,98,98
配線材料,ケーブル分岐材,２２ｍｍ２×３Ｃ＋アース＋２ｍｍ２×３Ｃ,個,京都北部,03,14300,14700,400,2.8,972f786ffd7de245,617d3b34345cfb09,98,98
配線材料,ケーブル分岐材,３８ｍｍ２×３Ｃ＋アース＋２ｍｍ２×３Ｃ,個,京都北部,03,15700,16200,500,3.18,5b8eb03368222ba6,55bdb3d903dede45,98,98
配線材料,複合ケーブル,ＶＶＲ３８ｍｍ２×２Ｃ＋３．５ｍｍ２×１Ｃ,m,京都南部,04,3680,4280,600,16.3,7d0df5d95f94665d,cc414ac880b31a17,98,98
配線材料,複合ケーブル,ＶＶＲ１４ｍｍ２×２Ｃ＋５．５ｍｍ２×１Ｃ,m,京都南部,04,1670,1920,250,14.97,4f8bb8cb41491eb9,d31d37af4bf28ffa,98,98
配線材料,複合ケーブル,ＶＶＲ２２ｍｍ２×２Ｃ＋５．５ｍｍ２×１Ｃ,m,京都南部,04,2400,2760,360,15.0,1105f38ddd994822,86471a09cd71472e,98,98
配線材料,複合ケーブル,ＶＶＲ３８ｍｍ２×２Ｃ＋５．５ｍｍ２×１Ｃ,m,京都南部,04,3760,4360,600,15.96,3c45f30b2c2135fc,04530151981d22a7,98,98
配線材料,複合ケーブル,ＶＶＲ１４ｍｍ２×３Ｃ＋５．５ｍｍ２×１Ｃ,m,京都南部,04,2280,2640,360,15.79,876a4ec38e9976a9,adb150c7dd47a77e,98,98
配線材料,複合ケーブル,ＶＶＲ２２ｍｍ２×３Ｃ＋５．５ｍｍ２×１Ｃ,m,京都南部,04,3340,3870,530,15.87,8c8b5fee263aad8f,97c7bd9fed856bb6,98,98
配線材料,複合ケーブル,ＶＶＲ３８ｍｍ２×３Ｃ＋５．５ｍｍ２×１Ｃ,m,京都南部,04,5400,6260,860,15.93,873bf6f0c9b8382b,43549312360fc86b,98,98
配線材料,ケーブル分岐材,２ｍｍ２×２Ｃ＋アース＋２ｍｍ２×３Ｃ,個,京都南部,04,10700,11000,300,2.8,f8371a9e68d0b3b0,7f56fc8c9ca37c00,98,98
配線材料,ケーブル分岐材,３．５ｍｍ２×２Ｃ＋アース＋２ｍｍ２×３Ｃ,個,京都南部,04,10700,11000,300,2.8,2d208ba6ad140f23,3552e2bc8964e297,98,98
配線材料,ケーブル分岐材,５．５ｍｍ２×２Ｃ＋アース＋２ｍｍ２×３Ｃ,個,京都南部,04,10700,11000,300,2.8,45424dbfaf80017d,af171c66cb8aee37,98,98
配線材料,ケーブル分岐材,８ｍｍ２×２Ｃ＋アース＋２ｍｍ２×３Ｃ,個,京都南部,04,11200,11500,300,2.68,0bf13c8e203cfa89,7b7f99823b03154c,98,98
配線材料,ケーブル分岐材,１４ｍｍ２×２Ｃ＋アース＋２ｍｍ２×３Ｃ,個,京都南部,04,11700,12000,300,2.56,4c1c3bf09b4f2fbd,fcabac437ad06284,98,98
配線材料,ケーブル分岐材,２２ｍｍ２×２Ｃ＋アース＋２ｍｍ２×３Ｃ,個,京都南部,04,13100,13500,400,3.05,39bcf8fbc0f2db3d,5a1afb67dbde3b1a,98,98
配線材料,ケーブル分岐材,３８ｍｍ２×２Ｃ＋アース＋２ｍｍ２×３Ｃ,個,京都南部,04,14500,14900,400,2.76,9fcf3ce98e56adeb,ba66b12df2f81a6e,98,98
配線材料,ケーブル分岐材,２ｍｍ２×３Ｃ＋アース＋２ｍｍ２×３Ｃ,個,京都南部,04,11600,11900,300,2.59,d891da02453f6178,6a1d51b85d4ceef3,98,98
配線材料,ケーブル分岐材,３．５ｍｍ２×３Ｃ＋アース＋２ｍｍ２×３Ｃ,個,京都南部,04,11600,11900,300,2.59,ae78e840cf9a0947,fe04bd44f5f44c8f,98,98
配線材料,ケーブル分岐材,５．５ｍｍ２×３Ｃ＋アース＋２ｍｍ２×３Ｃ,個,京都南部,04,11600,11900,300,2.59,d54ac35edbbf1726,a4e54fce5fed6bba,98,98
配線材料,ケーブル分岐材,８ｍｍ２×３Ｃ＋アース＋２ｍｍ２×３Ｃ,個,京都南部,04,12100,12500,400,3.31,918a0bb6b8cedcb1,508ca00f5f26674b,98,98
配線材料,ケーブル分岐材,１４ｍｍ２×３Ｃ＋アース＋２ｍｍ２×３Ｃ,個,京都南部,04,12700,13000,300,2.36,a58840b3034b9506,c3f8d8cccebe9bd4,98,98
配線材料,ケーブル分岐材,２２ｍｍ２×３Ｃ＋アース＋２ｍｍ２×３Ｃ,個,京都南部,04,14300,14700,400,2.8,dc7da5de388ff80c,bb9fcb67ada66819,98,98
配線材料,ケーブル分岐材,３８ｍｍ２×３Ｃ＋アース＋２ｍｍ２×３Ｃ,個,京都南部,04,15700,16200,500,3.18,5e50dd0ee1861d9b,0c296e3565e0f0b9,98,98
配線材料,複合ケーブル,ＶＶＲ３８ｍｍ２×２Ｃ＋３．５ｍｍ２×１Ｃ,m,大阪,05,3680,4280,600,16.3,d24bebdd31500eee,ca06cce1b86391d0,98,98
配線材料,複合ケーブル,ＶＶＲ１４ｍｍ２×２Ｃ＋５．５ｍｍ２×１Ｃ,m,大阪,05,1670,1920,250,14.97,b743992105ae7ae8,b4236a7f1d735c6d,98,98
配線材料,複合ケーブル,ＶＶＲ２２ｍｍ２×２Ｃ＋５．５ｍｍ２×１Ｃ,m,大阪,05,2400,2760,360,15.0,a32fd90b4cd7bfdc,4050af61792ed585,98,98
配線材料,複合ケーブル,ＶＶＲ３８ｍｍ２×２Ｃ＋５．５ｍｍ２×１Ｃ,m,大阪,05,3760,4360,600,15.96,4c784c2e45bb86ff,60dddd6cc360c65b,98,98
配線材料,複合ケーブル,ＶＶＲ１４ｍｍ２×３Ｃ＋５．５ｍｍ２×１Ｃ,m,大阪,05,2280,2640,360,15.79,e9e6cc2772f0d2c0,d2af3dbcb38efa96,98,98
配線材料,複合ケーブル,ＶＶＲ２２ｍｍ２×３Ｃ＋５．５ｍｍ２×１Ｃ,m,大阪,05,3340,3870,530,15.87,e0b80e437d1e004b,8ba98570a8c59738,98,98
配線材料,複合ケーブル,ＶＶＲ３８ｍｍ２×３Ｃ＋５．５ｍｍ２×１Ｃ,m,大阪,05,5400,6260,860,15.93,5325f88d5ff4b23d,aeffd9c6a6e13d04,98,98
配線材料,ケーブル分岐材,２ｍｍ２×２Ｃ＋アース＋２ｍｍ２×３Ｃ,個,大阪,05,10700,11000,300,2.8,5e02d8346909cf55,21df44e879cccdb1,98,98
配線材料,ケーブル分岐材,３．５ｍｍ２×２Ｃ＋アース＋２ｍｍ２×３Ｃ,個,大阪,05,10700,11000,300,2.8,085479e8b8e375a0,d7cd92677d91a04f,98,98
配線材料,ケーブル分岐材,５．５ｍｍ２×２Ｃ＋アース＋２ｍｍ２×３Ｃ,個,大阪,05,10700,11000,300,2.8,25490d273a0bea86,86ae57065f86dd61,98,98
配線材料,ケーブル分岐材,８ｍｍ２×２Ｃ＋アース＋２ｍｍ２×３Ｃ,個,大阪,05,11200,11500,300,2.68,da84aaf07d9f5051,bf0d4d0884b56bc4,98,98
配線材料,ケーブル分岐材,１４ｍｍ２×２Ｃ＋アース＋２ｍｍ２×３Ｃ,個,大阪,05,11700,12000,300,2.56,37317b7ecfe9a1a8,c619f02ac921b49b,98,98
配線材料,ケーブル分岐材,２２ｍｍ２×２Ｃ＋アース＋２ｍｍ２×３Ｃ,個,大阪,05,13100,13500,400,3.05,db70f1b7357dc435,76bef6328838acad,98,98
配線材料,ケーブル分岐材,３８ｍｍ２×２Ｃ＋アース＋２ｍｍ２×３Ｃ,個,大阪,05,14500,14900,400,2.76,55c465d1711fafc9,f29af5fa33f7e29f,98,98
配線材料,ケーブル分岐材,２ｍｍ２×３Ｃ＋アース＋２ｍｍ２×３Ｃ,個,大阪,05,11600,11900,300,2.59,3f25125b60a4bebb,ef253ed3e17e66fe,98,98
配線材料,ケーブル分岐材,３．５ｍｍ２×３Ｃ＋アース＋２ｍｍ２×３Ｃ,個,大阪,05,11600,11900,300,2.59,10e8f420f37eba6a,df0c6f6f3c670833,98,98
配線材料,ケーブル分岐材,５．５ｍｍ２×３Ｃ＋アース＋２ｍｍ２×３Ｃ,個,大阪,05,11600,11900,300,2.59,dfee07b480b72b14,fa03315232f446d0,98,98
配線材料,ケーブル分岐材,８ｍｍ２×３Ｃ＋アース＋２ｍｍ２×３Ｃ,個,大阪,05,12100,12500,400,3.31,5a1ad3c4fbe3dd62,d7aaea2d3a7683b2,98,98
配線材料,ケーブル分岐材,１４ｍｍ２×３Ｃ＋アース＋２ｍｍ２×３Ｃ,個,大阪,05,12700,13000,300,2.36,d03d477585d8a521,fc26ae61e9d89851,98,98
配線材料,ケーブル分岐材,２２ｍｍ２×３Ｃ＋アース＋２ｍｍ２×３Ｃ,個,大阪,05,14300,14700,400,2.8,1b0b49222639f27b,807775cc7ef26e1d,98,98
配線材料,ケーブル分岐材,３８ｍｍ２×３Ｃ＋アース＋２ｍｍ２×３Ｃ,個,大阪,05,15700,16200,500,3.18,a9d37bd88c8b2599,5c8f20192e16791e,98,98
配線材料,複合ケーブル,ＶＶＲ３８ｍｍ２×２Ｃ＋３．５ｍｍ２×１Ｃ,m,兵庫北部,06,3680,4280,600,16.3,0ec18456650dd5c5,8ae20a86faf4c065,98,98
配線材料,複合ケーブル,ＶＶＲ１４ｍｍ２×２Ｃ＋５．５ｍｍ２×１Ｃ,m,兵庫北部,06,1670,1920,250,14.97,ca181f7ba8fc95bd,f68348d5cba5872b,98,98
配線材料,複合ケーブル,ＶＶＲ２２ｍｍ２×２Ｃ＋５．５ｍｍ２×１Ｃ,m,兵庫北部,06,2400,2760,360,15.0,e3bcb0673c9dcabd,549022d7c1190d5e,98,98
配線材料,複合ケーブル,ＶＶＲ３８ｍｍ２×２Ｃ＋５．５ｍｍ２×１Ｃ,m,兵庫北部,06,3760,4360,600,15.96,2810068b753a11e1,1bee0bdcb53082e9,98,98
配線材料,複合ケーブル,ＶＶＲ１４ｍｍ２×３Ｃ＋５．５ｍｍ２×１Ｃ,m,兵庫北部,06,2280,2640,360,15.79,8d015023bd6847a0,84f2962fb4b1c994,98,98
配線材料,複合ケーブル,ＶＶＲ２２ｍｍ２×３Ｃ＋５．５ｍｍ２×１Ｃ,m,兵庫北部,06,3340,3870,530,15.87,699dcdec70957185,a2c4233b14d14911,98,98
配線材料,複合ケーブル,ＶＶＲ３８ｍｍ２×３Ｃ＋５．５ｍｍ２×１Ｃ,m,兵庫北部,06,5400,6260,860,15.93,47a5af55150977b9,296343efb36cf9cc,98,98
配線材料,ケーブル分岐材,２ｍｍ２×２Ｃ＋アース＋２ｍｍ２×３Ｃ,個,兵庫北部,06,10700,11000,300,2.8,9fb65deb431f6f8f,afac8d7944fa5ae1,98,98
配線材料,ケーブル分岐材,３．５ｍｍ２×２Ｃ＋アース＋２ｍｍ２×３Ｃ,個,兵庫北部,06,10700,11000,300,2.8,eef485680016e6ea,32f320d13908bd15,98,98
配線材料,ケーブル分岐材,５．５ｍｍ２×２Ｃ＋アース＋２ｍｍ２×３Ｃ,個,兵庫北部,06,10700,11000,300,2.8,28f13f56eeb5cd99,5f8e05fd0daa41c3,98,98
配線材料,ケーブル分岐材,８ｍｍ２×２Ｃ＋アース＋２ｍｍ２×３Ｃ,個,兵庫北部,06,11200,11500,300,2.68,9441ff9ea3a35c5e,a2d57716b4ff715f,98,98
配線材料,ケーブル分岐材,１４ｍｍ２×２Ｃ＋アース＋２ｍｍ２×３Ｃ,個,兵庫北部,06,11700,12000,300,2.56,921b0dfe39e05c41,9fb8ff317d68b92d,98,98
配線材料,ケーブル分岐材,２２ｍｍ２×２Ｃ＋アース＋２ｍｍ２×３Ｃ,個,兵庫北部,06,13100,13500,400,3.05,dceb1521ec8db20e,1952fa691d2c7661,98,98
配線材料,ケーブル分岐材,３８ｍｍ２×２Ｃ＋アース＋２ｍｍ２×３Ｃ,個,兵庫北部,06,14500,14900,400,2.76,3f7c2f3e79a302db,877bc95956212b3f,98,98
配線材料,ケーブル分岐材,２ｍｍ２×３Ｃ＋アース＋２ｍｍ２×３Ｃ,個,兵庫北部,06,11600,11900,300,2.59,f1b9acfa15ae15ad,dc5b0c74c79d33e6,98,98
配線材料,ケーブル分岐材,３．５ｍｍ２×３Ｃ＋アース＋２ｍｍ２×３Ｃ,個,兵庫北部,06,11600,11900,300,2.59,de02f3469dbe99b5,cab4c281f392c0c5,98,98
配線材料,ケーブル分岐材,５．５ｍｍ２×３Ｃ＋アース＋２ｍｍ２×３Ｃ,個,兵庫北部,06,11600,11900,300,2.59,51e40a293daff870,6d34209c8206da81,98,98
配線材料,ケーブル分岐材,８ｍｍ２×３Ｃ＋アース＋２ｍｍ２×３Ｃ,個,兵庫北部,06,12100,12500,400,3.31,67934db96497a9b2,d097917e63002a0d,98,98
配線材料,ケーブル分岐材,１４ｍｍ２×３Ｃ＋アース＋２ｍｍ２×３Ｃ,個,兵庫北部,06,12700,13000,300,2.36,f67dab7d9c79c97b,f3dd82d5d7165b25,98,98
配線材料,ケーブル分岐材,２２ｍｍ２×３Ｃ＋アース＋２ｍｍ２×３Ｃ,個,兵庫北部,06,14300,14700,400,2.8,0cc971a2c5161dfb,d36951da76041669,98,98
配線材料,ケーブル分岐材,３８ｍｍ２×３Ｃ＋アース＋２ｍｍ２×３Ｃ,個,兵庫北部,06,15700,16200,500,3.18,b098d73adeb6e12b,c8167f656242ed99,98,98
配線材料,複合ケーブル,ＶＶＲ３８ｍｍ２×２Ｃ＋３．５ｍｍ２×１Ｃ,m,兵庫西部,07,3680,4280,600,16.3,165bbc1fa9d70519,2e1eae51ca510d43,98,98
配線材料,複合ケーブル,ＶＶＲ１４ｍｍ２×２Ｃ＋５．５ｍｍ２×１Ｃ,m,兵庫西部,07,1670,1920,250,14.97,de02513deea8374c,cb95c2f43fd7a84d,98,98
配線材料,複合ケーブル,ＶＶＲ２２ｍｍ２×２Ｃ＋５．５ｍｍ２×１Ｃ,m,兵庫西部,07,2400,2760,360,15.0,ae8dadf8359980af,c42ec597587412ac,98,98
配線材料,複合ケーブル,ＶＶＲ３８ｍｍ２×２Ｃ＋５．５ｍｍ２×１Ｃ,m,兵庫西部,07,3760,4360,600,15.96,c727ba654c7530d1,3cd3a55f5e06eac9,98,98
配線材料,複合ケーブル,ＶＶＲ１４ｍｍ２×３Ｃ＋５．５ｍｍ２×１Ｃ,m,兵庫西部,07,2280,2640,360,15.79,b17cdf60aae0ccf2,4a5aa72c9b55ecf5,98,98
配線材料,複合ケーブル,ＶＶＲ２２ｍｍ２×３Ｃ＋５．５ｍｍ２×１Ｃ,m,兵庫西部,07,3340,3870,530,15.87,52d5e05ec4dbe962,e5376f670d11ee38,98,98
配線材料,複合ケーブル,ＶＶＲ３８ｍｍ２×３Ｃ＋５．５ｍｍ２×１Ｃ,m,兵庫西部,07,5400,6260,860,15.93,3a1f2ab7c9e3eff2,0e9064058aedefe1,98,98
配線材料,ケーブル分岐材,２ｍｍ２×２Ｃ＋アース＋２ｍｍ２×３Ｃ,個,兵庫西部,07,10700,11000,300,2.8,9a10a036ee0a2fc0,8c48b2e28923373e,98,98
配線材料,ケーブル分岐材,３．５ｍｍ２×２Ｃ＋アース＋２ｍｍ２×３Ｃ,個,兵庫西部,07,10700,11000,300,2.8,84d87a92deb06274,0ed754f47bfbc293,98,98
配線材料,ケーブル分岐材,５．５ｍｍ２×２Ｃ＋アース＋２ｍｍ２×３Ｃ,個,兵庫西部,07,10700,11000,300,2.8,b1ed70e9a268b302,e97079a7fe98e66a,98,98
配線材料,ケーブル分岐材,８ｍｍ２×２Ｃ＋アース＋２ｍｍ２×３Ｃ,個,兵庫西部,07,11200,11500,300,2.68,fa875417804806eb,de88a84428d41d16,98,98
配線材料,ケーブル分岐材,１４ｍｍ２×２Ｃ＋アース＋２ｍｍ２×３Ｃ,個,兵庫西部,07,11700,12000,300,2.56,e8d3d7299337d283,1a0c01bededa5ba6,98,98
配線材料,ケーブル分岐材,２２ｍｍ２×２Ｃ＋アース＋２ｍｍ２×３Ｃ,個,兵庫西部,07,13100,13500,400,3.05,9caa348f9e79a591,662134a7f4db14e4,98,98
配線材料,ケーブル分岐材,３８ｍｍ２×２Ｃ＋アース＋２ｍｍ２×３Ｃ,個,兵庫西部,07,14500,14900,400,2.76,fd6776530f3a1df6,e25d7d2a7845f22f,98,98
配線材料,ケーブル分岐材,２ｍｍ２×３Ｃ＋アース＋２ｍｍ２×３Ｃ,個,兵庫西部,07,11600,11900,300,2.59,f3e121f868dcadcb,33758188811897b9,98,98
配線材料,ケーブル分岐材,３．５ｍｍ２×３Ｃ＋アース＋２ｍｍ２×３Ｃ,個,兵庫西部,07,11600,11900,300,2.59,d04fcc7c9b5501d2,dc1ea24d26e1b31c,98,98
配線材料,ケーブル分岐材,５．５ｍｍ２×３Ｃ＋アース＋２ｍｍ２×３Ｃ,個,兵庫西部,07,11600,11900,300,2.59,acb0e69fe4d2967b,13a47d9ccaa0b137,98,98
配線材料,ケーブル分岐材,８ｍｍ２×３Ｃ＋アース＋２ｍｍ２×３Ｃ,個,兵庫西部,07,12100,12500,400,3.31,30944dd5d94887a0,1a75d76b43c53e45,98,98
配線材料,ケーブル分岐材,１４ｍｍ２×３Ｃ＋アース＋２ｍｍ２×３Ｃ,個,兵庫西部,07,12700,13000,300,2.36,d23e54ce42bdcdfa,f2d9b3901bd4ac5b,98,98
配線材料,ケーブル分岐材,２２ｍｍ２×３Ｃ＋アース＋２ｍｍ２×３Ｃ,個,兵庫西部,07,14300,14700,400,2.8,2285a1cbc21bc363,20a6b5a4185d7644,98,98
配線材料,ケーブル分岐材,３８ｍｍ２×３Ｃ＋アース＋２ｍｍ２×３Ｃ,個,兵庫西部,07,15700,16200,500,3.18,08bd471775f80954,f1b87fb3bab7664c,98,98
配線材料,複合ケーブル,ＶＶＲ３８ｍｍ２×２Ｃ＋３．５ｍｍ２×１Ｃ,m,兵庫,08,3680,4280,600,16.3,963831dd74fb10c8,93caa20b158ed51b,98,98
配線材料,複合ケーブル,ＶＶＲ１４ｍｍ２×２Ｃ＋５．５ｍｍ２×１Ｃ,m,兵庫,08,1670,1920,250,14.97,9214108d866981bb,6d22e9bf6f967b4c,98,98
配線材料,複合ケーブル,ＶＶＲ２２ｍｍ２×２Ｃ＋５．５ｍｍ２×１Ｃ,m,兵庫,08,2400,2760,360,15.0,aa6ea1dd10eab983,d4d01c7abb9fb45c,98,98
配線材料,複合ケーブル,ＶＶＲ３８ｍｍ２×２Ｃ＋５．５ｍｍ２×１Ｃ,m,兵庫,08,3760,4360,600,15.96,4700718ba3b622b2,d9623fa7f82a16d2,98,98
配線材料,複合ケーブル,ＶＶＲ１４ｍｍ２×３Ｃ＋５．５ｍｍ２×１Ｃ,m,兵庫,08,2280,2640,360,15.79,d017390a6dc44d7d,35f13029e320b98f,98,98
配線材料,複合ケーブル,ＶＶＲ２２ｍｍ２×３Ｃ＋５．５ｍｍ２×１Ｃ,m,兵庫,08,3340,3870,530,15.87,e178b4964ce07777,9ddaa92578526a91,98,98
配線材料,複合ケーブル,ＶＶＲ３８ｍｍ２×３Ｃ＋５．５ｍｍ２×１Ｃ,m,兵庫,08,5400,6260,860,15.93,0cbea98ec4514e1f,5f61c54f321abd92,98,98
配線材料,ケーブル分岐材,２ｍｍ２×２Ｃ＋アース＋２ｍｍ２×３Ｃ,個,兵庫,08,10700,11000,300,2.8,fe84880f97c24045,91146d91fd9f6238,98,98
配線材料,ケーブル分岐材,３．５ｍｍ２×２Ｃ＋アース＋２ｍｍ２×３Ｃ,個,兵庫,08,10700,11000,300,2.8,72f659ac806f99b6,862fd92cec1c7caa,98,98
配線材料,ケーブル分岐材,５．５ｍｍ２×２Ｃ＋アース＋２ｍｍ２×３Ｃ,個,兵庫,08,10700,11000,300,2.8,07d7583562c1cb1a,7404cb08e3a0884d,98,98
配線材料,ケーブル分岐材,８ｍｍ２×２Ｃ＋アース＋２ｍｍ２×３Ｃ,個,兵庫,08,11200,11500,300,2.68,e460c725f43aa68d,baa6ba8b96075551,98,98
配線材料,ケーブル分岐材,１４ｍｍ２×２Ｃ＋アース＋２ｍｍ２×３Ｃ,個,兵庫,08,11700,12000,300,2.56,3524f603d641a16e,d451381b016aa4b2,98,98
配線材料,ケーブル分岐材,２２ｍｍ２×２Ｃ＋アース＋２ｍｍ２×３Ｃ,個,兵庫,08,13100,13500,400,3.05,bc09b67b3cefdf22,09feba6f8f690999,98,98
配線材料,ケーブル分岐材,３８ｍｍ２×２Ｃ＋アース＋２ｍｍ２×３Ｃ,個,兵庫,08,14500,14900,400,2.76,9343919e403bf0ec,81dd332e0eb0f3bc,98,98
配線材料,ケーブル分岐材,２ｍｍ２×３Ｃ＋アース＋２ｍｍ２×３Ｃ,個,兵庫,08,11600,11900,300,2.59,c5f28727f2d796e9,1b242a3205877640,98,98
配線材料,ケーブル分岐材,３．５ｍｍ２×３Ｃ＋アース＋２ｍｍ２×３Ｃ,個,兵庫,08,11600,11900,300,2.59,183d352cb52d32a6,26c0330a29fc1a5c,98,98
配線材料,ケーブル分岐材,５．５ｍｍ２×３Ｃ＋アース＋２ｍｍ２×３Ｃ,個,兵庫,08,11600,11900,300,2.59,bcfe05f78c6f8d76,3e2de24b1829575c,98,98
配線材料,ケーブル分岐材,８ｍｍ２×３Ｃ＋アース＋２ｍｍ２×３Ｃ,個,兵庫,08,12100,12500,400,3.31,3c615127a76910e5,e23c7c7e12e5564c,98,98
配線材料,ケーブル分岐材,１４ｍｍ２×３Ｃ＋アース＋２ｍｍ２×３Ｃ,個,兵庫,08,12700,13000,300,2.36,b5eca34f1f09d227,5ee11b284cf9b9d9,98,98
配線材料,ケーブル分岐材,２２ｍｍ２×３Ｃ＋アース＋２ｍｍ２×３Ｃ,個,兵庫,08,14300,14700,400,2.8,52c226c3029c4843,a5fc3e442aa9830a,98,98
配線材料,ケーブル分岐材,３８ｍｍ２×３Ｃ＋アース＋２ｍｍ２×３Ｃ,個,兵庫,08,15700,16200,500,3.18,bd77cff37b24660f,72e9df0f893c868c,98,98
配線材料,複合ケーブル,ＶＶＲ３８ｍｍ２×２Ｃ＋３．５ｍｍ２×１Ｃ,m,奈良,09,3680,4280,600,16.3,de6c123fd619187a,6669b3f89bcf30e3,98,98
配線材料,複合ケーブル,ＶＶＲ１４ｍｍ２×２Ｃ＋５．５ｍｍ２×１Ｃ,m,奈良,09,1670,1920,250,14.97,ebba010f94fad98c,d919ad8af246dd73,98,98
配線材料,複合ケーブル,ＶＶＲ２２ｍｍ２×２Ｃ＋５．５ｍｍ２×１Ｃ,m,奈良,09,2400,2760,360,15.0,d287a6584ce84bb9,b0c7230db3c0c199,98,98
配線材料,複合ケーブル,ＶＶＲ３８ｍｍ２×２Ｃ＋５．５ｍｍ２×１Ｃ,m,奈良,09,3760,4360,600,15.96,59f6e3c9da858195,067d5d326cd427aa,98,98
配線材料,複合ケーブル,ＶＶＲ１４ｍｍ２×３Ｃ＋５．５ｍｍ２×１Ｃ,m,奈良,09,2280,2640,360,15.79,ea718219379a3347,6af204893b384240,98,98
配線材料,複合ケーブル,ＶＶＲ２２ｍｍ２×３Ｃ＋５．５ｍｍ２×１Ｃ,m,奈良,09,3340,3870,530,15.87,2dafbae48c247059,91d5fd679a832322,98,98
配線材料,複合ケーブル,ＶＶＲ３８ｍｍ２×３Ｃ＋５．５ｍｍ２×１Ｃ,m,奈良,09,5400,6260,860,15.93,0ea2024039c23e74,93069596d6e95e4d,98,98
配線材料,ケーブル分岐材,２ｍｍ２×２Ｃ＋アース＋２ｍｍ２×３Ｃ,個,奈良,09,10700,11000,300,2.8,dee745301d24c256,ca47f2a610883f9c,98,98
配線材料,ケーブル分岐材,３．５ｍｍ２×２Ｃ＋アース＋２ｍｍ２×３Ｃ,個,奈良,09,10700,11000,300,2.8,b118ffeb980ffd9d,34de6eb629a2cdd6,98,98
配線材料,ケーブル分岐材,５．５ｍｍ２×２Ｃ＋アース＋２ｍｍ２×３Ｃ,個,奈良,09,10700,11000,300,2.8,36969de25ac2773c,9b9712b2ecc52053,98,98
配線材料,ケーブル分岐材,８ｍｍ２×２Ｃ＋アース＋２ｍｍ２×３Ｃ,個,奈良,09,11200,11500,300,2.68,851b297875bcec1c,2ded06d20aac0df2,98,98
配線材料,ケーブル分岐材,１４ｍｍ２×２Ｃ＋アース＋２ｍｍ２×３Ｃ,個,奈良,09,11700,12000,300,2.56,903c9458786654d3,6d3a28e1084cd384,98,98
配線材料,ケーブル分岐材,２２ｍｍ２×２Ｃ＋アース＋２ｍｍ２×３Ｃ,個,奈良,09,13100,13500,400,3.05,bf322ac5dbb9c20f,9de6a789c57b8259,98,98
配線材料,ケーブル分岐材,３８ｍｍ２×２Ｃ＋アース＋２ｍｍ２×３Ｃ,個,奈良,09,14500,14900,400,2.76,1b6449db11e7460f,c6f7dd509cf8e87c,98,98
配線材料,ケーブル分岐材,２ｍｍ２×３Ｃ＋アース＋２ｍｍ２×３Ｃ,個,奈良,09,11600,11900,300,2.59,2077d21d4497017e,b9aac8d8c22d0b01,98,98
配線材料,ケーブル分岐材,３．５ｍｍ２×３Ｃ＋アース＋２ｍｍ２×３Ｃ,個,奈良,09,11600,11900,300,2.59,944ca4afdbd3a58b,8d8836ddd7f173fa,98,98
配線材料,ケーブル分岐材,５．５ｍｍ２×３Ｃ＋アース＋２ｍｍ２×３Ｃ,個,奈良,09,11600,11900,300,2.59,829623747268399d,4d8d7b3264722352,98,98
配線材料,ケーブル分岐材,８ｍｍ２×３Ｃ＋アース＋２ｍｍ２×３Ｃ,個,奈良,09,12100,12500,400,3.31,a3ebc3b38f6cf0f8,b07b0ed232f50117,98,98
配線材料,ケーブル分岐材,１４ｍｍ２×３Ｃ＋アース＋２ｍｍ２×３Ｃ,個,奈良,09,12700,13000,300,2.36,e38d076d26156908,d13d44eb4073d628,98,98
配線材料,ケーブル分岐材,２２ｍｍ２×３Ｃ＋アース＋２ｍｍ２×３Ｃ,個,奈良,09,14300,14700,400,2.8,d9ebc78c0bb48715,8f82677b40620341,98,98
配線材料,ケーブル分岐材,３８ｍｍ２×３Ｃ＋アース＋２ｍｍ２×３Ｃ,個,奈良,09,15700,16200,500,3.18,92c5d95002cf82e3,953830a41dbaacdb,98,98
配線材料,複合ケーブル,ＶＶＲ３８ｍｍ２×２Ｃ＋３．５ｍｍ２×１Ｃ,m,和歌山,10,3680,4280,600,16.3,eaa39da090f57b8d,43dba056fa124a26,98,98
配線材料,複合ケーブル,ＶＶＲ１４ｍｍ２×２Ｃ＋５．５ｍｍ２×１Ｃ,m,和歌山,10,1670,1920,250,14.97,b82ae6b721d2c10f,5cf27dc55e63713c,98,98
配線材料,複合ケーブル,ＶＶＲ２２ｍｍ２×２Ｃ＋５．５ｍｍ２×１Ｃ,m,和歌山,10,2400,2760,360,15.0,9e9a5992ef7feefe,09008f1290447fcd,98,98
配線材料,複合ケーブル,ＶＶＲ３８ｍｍ２×２Ｃ＋５．５ｍｍ２×１Ｃ,m,和歌山,10,3760,4360,600,15.96,a70afa64506167a9,bebc336b1e0887ea,98,98
配線材料,複合ケーブル,ＶＶＲ１４ｍｍ２×３Ｃ＋５．５ｍｍ２×１Ｃ,m,和歌山,10,2280,2640,360,15.79,48c4613d9e948ee5,71061c60cbe97e11,98,98
配線材料,複合ケーブル,ＶＶＲ２２ｍｍ２×３Ｃ＋５．５ｍｍ２×１Ｃ,m,和歌山,10,3340,3870,530,15.87,aca6c6a41e05a120,28df832af8fe2c93,98,98
配線材料,複合ケーブル,ＶＶＲ３８ｍｍ２×３Ｃ＋５．５ｍｍ２×１Ｃ,m,和歌山,10,5400,6260,860,15.93,9158af14621e4dee,1cb93cfc94fcf48e,98,98
配線材料,ケーブル分岐材,２ｍｍ２×２Ｃ＋アース＋２ｍｍ２×３Ｃ,個,和歌山,10,10700,11000,300,2.8,14c537b1b6319c5b,70aea62731693e6a,98,98
配線材料,ケーブル分岐材,３．５ｍｍ２×２Ｃ＋アース＋２ｍｍ２×３Ｃ,個,和歌山,10,10700,11000,300,2.8,2f24bd97b26b92ee,b925469a0ddfbd6f,98,98
配線材料,ケーブル分岐材,５．５ｍｍ２×２Ｃ＋アース＋２ｍｍ２×３Ｃ,個,和歌山,10,10700,11000,300,2.8,92f836f191e13711,bf3c62e0b8b0bee9,98,98
配線材料,ケーブル分岐材,８ｍｍ２×２Ｃ＋アース＋２ｍｍ２×３Ｃ,個,和歌山,10,11200,11500,300,2.68,bb04d40b89b586f3,e06d613548adba8c,98,98
配線材料,ケーブル分岐材,１４ｍｍ２×２Ｃ＋アース＋２ｍｍ２×３Ｃ,個,和歌山,10,11700,12000,300,2.56,7f05c23b63b7e5b7,2b55adb4e6ef225e,98,98
配線材料,ケーブル分岐材,２２ｍｍ２×２Ｃ＋アース＋２ｍｍ２×３Ｃ,個,和歌山,10,13100,13500,400,3.05,038d27ad0cf3a8c4,31439f1c81c54140,98,98
配線材料,ケーブル分岐材,３８ｍｍ２×２Ｃ＋アース＋２ｍｍ２×３Ｃ,個,和歌山,10,14500,14900,400,2.76,2223d8756f956d9d,2188ba7b3be0cd7e,98,98
配線材料,ケーブル分岐材,２ｍｍ２×３Ｃ＋アース＋２ｍｍ２×３Ｃ,個,和歌山,10,11600,11900,300,2.59,c369eed1e361364d,09f0610fd6ab9184,98,98
配線材料,ケーブル分岐材,３．５ｍｍ２×３Ｃ＋アース＋２ｍｍ２×３Ｃ,個,和歌山,10,11600,11900,300,2.59,423aefc093955188,3fdfe235aa63f417,98,98
配線材料,ケーブル分岐材,５．５ｍｍ２×３Ｃ＋アース＋２ｍｍ２×３Ｃ,個,和歌山,10,11600,11900,300,2.59,e8ebbe955b8abfc5,7890b9d157c430ae,98,98
配線材料,ケーブル分岐材,８ｍｍ２×３Ｃ＋アース＋２ｍｍ２×３Ｃ,個,和歌山,10,12100,12500,400,3.31,e5d851fbd8e45eb9,6bb5349043eb3c55,98,98
配線材料,ケーブル分岐材,１４ｍｍ２×３Ｃ＋アース＋２ｍｍ２×３Ｃ,個,和歌山,10,12700,13000,300,2.36,214ceb62e0765978,ea790a627e0323db,98,98
配線材料,ケーブル分岐材,２２ｍｍ２×３Ｃ＋アース＋２ｍｍ２×３Ｃ,個,和歌山,10,14300,14700,400,2.8,25c3389aac045053,c59aa9a0337fad9d,98,98
配線材料,ケーブル分岐材,３８ｍｍ２×３Ｃ＋アース＋２ｍｍ２×３Ｃ,個,和歌山,10,15700,16200,500,3.18,d368c4bb5ad1b4d7,1a0720d07162aff8,98,98
配線材料,複合ケーブル,ＶＶＲ３８ｍｍ２×２Ｃ＋３．５ｍｍ２×１Ｃ,m,岐阜,11,3680,4280,600,16.3,a157dbe6f5710dd1,44ddea93850416f9,98,98
配線材料,複合ケーブル,ＶＶＲ１４ｍｍ２×２Ｃ＋５．５ｍｍ２×１Ｃ,m,岐阜,11,1670,1920,250,14.97,1d6365ba04aafe96,2586eccacb87b90d,98,98
配線材料,複合ケーブル,ＶＶＲ２２ｍｍ２×２Ｃ＋５．５ｍｍ２×１Ｃ,m,岐阜,11,2400,2760,360,15.0,e88ac3db7e9f543e,4fdbebb5eb91481d,98,98
配線材料,複合ケーブル,ＶＶＲ３８ｍｍ２×２Ｃ＋５．５ｍｍ２×１Ｃ,m,岐阜,11,3760,4360,600,15.96,8239284a7a3268da,5bfe6a7507882939,98,98
配線材料,複合ケーブル,ＶＶＲ１４ｍｍ２×３Ｃ＋５．５ｍｍ２×１Ｃ,m,岐阜,11,2280,2640,360,15.79,3bc5f916fefa776a,33ae0794c3d8d38d,98,98
配線材料,複合ケーブル,ＶＶＲ２２ｍｍ２×３Ｃ＋５．５ｍｍ２×１Ｃ,m,岐阜,11,3340,3870,530,15.87,ec000168f3b8eacb,d59163bfd676b5c6,98,98
配線材料,複合ケーブル,ＶＶＲ３８ｍｍ２×３Ｃ＋５．５ｍｍ２×１Ｃ,m,岐阜,11,5400,6260,860,15.93,6c99a1cbf78aa511,ac6001a6d8fe17cf,98,98
配線材料,ケーブル分岐材,２ｍｍ２×２Ｃ＋アース＋２ｍｍ２×３Ｃ,個,岐阜,11,10700,11000,300,2.8,699230018abdd099,1c78cba28edd626b,98,98
配線材料,ケーブル分岐材,３．５ｍｍ２×２Ｃ＋アース＋２ｍｍ２×３Ｃ,個,岐阜,11,10700,11000,300,2.8,904c639315881b3b,67fbfa98d3f2ede4,98,98
配線材料,ケーブル分岐材,５．５ｍｍ２×２Ｃ＋アース＋２ｍｍ２×３Ｃ,個,岐阜,11,10700,11000,300,2.8,10d985f2ac58c28d,d720958a92c6d51c,98,98
配線材料,ケーブル分岐材,８ｍｍ２×２Ｃ＋アース＋２ｍｍ２×３Ｃ,個,岐阜,11,11200,11500,300,2.68,57dcc85f2acf67c6,4a6b16d7f279cb40,98,98
配線材料,ケーブル分岐材,１４ｍｍ２×２Ｃ＋アース＋２ｍｍ２×３Ｃ,個,岐阜,11,11700,12000,300,2.56,4d640ed79c160f4a,9d43fdb8fa23741f,98,98
配線材料,ケーブル分岐材,２２ｍｍ２×２Ｃ＋アース＋２ｍｍ２×３Ｃ,個,岐阜,11,13100,13500,400,3.05,b3d5cd11035a9e68,2ab057746ab4ecb9,98,98
配線材料,ケーブル分岐材,３８ｍｍ２×２Ｃ＋アース＋２ｍｍ２×３Ｃ,個,岐阜,11,14500,14900,400,2.76,edc104250ed28d60,04e4326d78d5a4e8,98,98
配線材料,ケーブル分岐材,２ｍｍ２×３Ｃ＋アース＋２ｍｍ２×３Ｃ,個,岐阜,11,11600,11900,300,2.59,e71b0fae372644ab,b3fb5ab94724bf4d,98,98
配線材料,ケーブル分岐材,３．５ｍｍ２×３Ｃ＋アース＋２ｍｍ２×３Ｃ,個,岐阜,11,11600,11900,300,2.59,5a6dd934a08c2287,aff33feb53d01e91,98,98
配線材料,ケーブル分岐材,５．５ｍｍ２×３Ｃ＋アース＋２ｍｍ２×３Ｃ,個,岐阜,11,11600,11900,300,2.59,ffed66623bc421bc,135f800099030f7c,98,98
配線材料,ケーブル分岐材,８ｍｍ２×３Ｃ＋アース＋２ｍｍ２×３Ｃ,個,岐阜,11,12100,12500,400,3.31,7f7a3aef0d506e9f,e7059d63aa7a3ac4,98,98
配線材料,ケーブル分岐材,１４ｍｍ２×３Ｃ＋アース＋２ｍｍ２×３Ｃ,個,岐阜,11,12700,13000,300,2.36,2fb659dc3187d576,1885beaf524a0a76,98,98
配線材料,ケーブル分岐材,２２ｍｍ２×３Ｃ＋アース＋２ｍｍ２×３Ｃ,個,岐阜,11,14300,14700,400,2.8,72fa293ff5a59f39,eab5fbd2c88a827b,98,98
配線材料,ケーブル分岐材,３８ｍｍ２×３Ｃ＋アース＋２ｍｍ２×３Ｃ,個,岐阜,11,15700,16200,500,3.18,b0d3edf42e4217fe,4cd1718c000d4a98,98,98
配線材料,複合ケーブル,ＶＶＲ３８ｍｍ２×２Ｃ＋３．５ｍｍ２×１Ｃ,m,三重,12,3680,4280,600,16.3,918c1fafd0ae4744,c56e9b6c28c7f2b8,98,98
配線材料,複合ケーブル,ＶＶＲ１４ｍｍ２×２Ｃ＋５．５ｍｍ２×１Ｃ,m,三重,12,1670,1920,250,14.97,f5dc63946a5f825d,a622cc9ce911429c,98,98
配線材料,複合ケーブル,ＶＶＲ２２ｍｍ２×２Ｃ＋５．５ｍｍ２×１Ｃ,m,三重,12,2400,2760,360,15.0,75c5ba3b3239f37c,0082d0e1150b3db9,98,98
配線材料,複合ケーブル,ＶＶＲ３８ｍｍ２×２Ｃ＋５．５ｍｍ２×１Ｃ,m,三重,12,3760,4360,600,15.96,15c565d416977295,49fd51762f173a00,98,98
配線材料,複合ケーブル,ＶＶＲ１４ｍｍ２×３Ｃ＋５．５ｍｍ２×１Ｃ,m,三重,12,2280,2640,360,15.79,1db39f3b14b9f2e0,cb61794c68754e97,98,98
配線材料,複合ケーブル,ＶＶＲ２２ｍｍ２×３Ｃ＋５．５ｍｍ２×１Ｃ,m,三重,12,3340,3870,530,15.87,c84e75fc3127f7cd,afdf94bc9f43379c,98,98
配線材料,複合ケーブル,ＶＶＲ３８ｍｍ２×３Ｃ＋５．５ｍｍ２×１Ｃ,m,三重,12,5400,6260,860,15.93,89230ebb9571e3ac,446f1f02ac60ade0,98,98
配線材料,ケーブル分岐材,２ｍｍ２×２Ｃ＋アース＋２ｍｍ２×３Ｃ,個,三重,12,10700,11000,300,2.8,548c0e49a7a72a31,ff35afc3af17e129,98,98
配線材料,ケーブル分岐材,３．５ｍｍ２×２Ｃ＋アース＋２ｍｍ２×３Ｃ,個,三重,12,10700,11000,300,2.8,248716450cee67ea,a3973ad497af15e3,98,98
配線材料,ケーブル分岐材,５．５ｍｍ２×２Ｃ＋アース＋２ｍｍ２×３Ｃ,個,三重,12,10700,11000,300,2.8,7b926ca8c7b71d72,2febd79e2b032bea,98,98
配線材料,ケーブル分岐材,８ｍｍ２×２Ｃ＋アース＋２ｍｍ２×３Ｃ,個,三重,12,11200,11500,300,2.68,fe41a348f786aa49,18df566233841843,98,98
配線材料,ケーブル分岐材,１４ｍｍ２×２Ｃ＋アース＋２ｍｍ２×３Ｃ,個,三重,12,11700,12000,300,2.56,b4d8c78d5d73d246,3f4296e60481c07b,98,98
配線材料,ケーブル分岐材,２２ｍｍ２×２Ｃ＋アース＋２ｍｍ２×３Ｃ,個,三重,12,13100,13500,400,3.05,676744f5282918b0,6ea23446fdbab418,98,98
配線材料,ケーブル分岐材,３８ｍｍ２×２Ｃ＋アース＋２ｍｍ２×３Ｃ,個,三重,12,14500,14900,400,2.76,6924e32ca237f726,d5755adbb85ea61c,98,98
配線材料,ケーブル分岐材,２ｍｍ２×３Ｃ＋アース＋２ｍｍ２×３Ｃ,個,三重,12,11600,11900,300,2.59,b77623dc1c60305d,d3cacd379d43eddf,98,98
配線材料,ケーブル分岐材,３．５ｍｍ２×３Ｃ＋アース＋２ｍｍ２×３Ｃ,個,三重,12,11600,11900,300,2.59,457ad2b0b6d35209,779a9d5239551abb,98,98
配線材料,ケーブル分岐材,５．５ｍｍ２×３Ｃ＋アース＋２ｍｍ２×３Ｃ,個,三重,12,11600,11900,300,2.59,8e8ca62f32f70811,91bc433b51e57dfb,98,98
配線材料,ケーブル分岐材,８ｍｍ２×３Ｃ＋アース＋２ｍｍ２×３Ｃ,個,三重,12,12100,12500,400,3.31,d666fc66d993e2f7,fed965548735a4a2,98,98
配線材料,ケーブル分岐材,１４ｍｍ２×３Ｃ＋アース＋２ｍｍ２×３Ｃ,個,三重,12,12700,13000,300,2.36,c8605e5667a0fb92,77c5faa59e5bc9d9,98,98
配線材料,ケーブル分岐材,２２ｍｍ２×３Ｃ＋アース＋２ｍｍ２×３Ｃ,個,三重,12,14300,14700,400,2.8,f42f91666f08aafe,16aee0c75bdbc5f4,98,98
配線材料,ケーブル分岐材,３８ｍｍ２×３Ｃ＋アース＋２ｍｍ２×３Ｃ,個,三重,12,15700,16200,500,3.18,c747b6b7b59672fb,b86d610ac5a1240e,98,98
配線材料,ＳＭケーブル ＳＭ１Ｃ,[層撚型],m,福井,01,355,411,56,15.77,ee6b3d76dfd337c9,db93d226a12143c5,99,99
配線材料,ＳＭケーブル ＳＭ１６Ｃ,４Ｃテープ監視用ケーブル無 [ﾃｰﾌﾟｽﾛｯﾄ型],m,福井,01,483,491,8,1.66,36010befad8d16db,fb38087787340e01,99,99
配線材料,６００Ｖビニル絶縁シースケーブル,ＶＶ－Ｒ（ＳＶ）３．５ｍｍ２ ３心,m,福井,01,374,441,67,17.91,ccb3162aa0046d6d,6486dd1e6ccee65a,99,99
配線材料,ＬＡＮケーブル ツイストペアケーブル,カテゴリー５ｅ ４Ｐ（屋外用）,m,福井,01,217,239,22,10.14,0cc3822645bdecc9,23ebd62e818003e0,99,99
配線材料,光ケーブル（４芯テープスロット）,ＳＭ １．３１μｍ ４Ｃ,m,福井,01,360,408,48,13.33,cce026fe426e730f,8d54d10aa42b5ddf,99,99
配線材料,ＳＭケーブル ＳＭ１Ｃ,[層撚型],m,滋賀,02,355,411,56,15.77,d6cba8c5625d3c95,18ebe7d20915ff65,99,99
配線材料,ＳＭケーブル ＳＭ１６Ｃ,４Ｃテープ監視用ケーブル無 [ﾃｰﾌﾟｽﾛｯﾄ型],m,滋賀,02,483,491,8,1.66,52dfe6641b2f913e,af1a5433fbbe2408,99,99
配線材料,６００Ｖビニル絶縁シースケーブル,ＶＶ－Ｒ（ＳＶ）３．５ｍｍ２ ３心,m,滋賀,02,374,441,67,17.91,79181d8317670350,5b29ebce691e1a1a,99,99
配線材料,ＬＡＮケーブル ツイストペアケーブル,カテゴリー５ｅ ４Ｐ（屋外用）,m,滋賀,02,217,239,22,10.14,f8c62c14d0d78d63,4345ada11c89f264,99,99
配線材料,光ケーブル（４芯テープスロット）,ＳＭ １．３１μｍ ４Ｃ,m,滋賀,02,360,408,48,13.33,bfd8a1d25d5795ae,7ac930c3eed47a23,99,99
配線材料,ＳＭケーブル ＳＭ１Ｃ,[層撚型],m,京都北部,03,355,411,56,15.77,716ef509846db42b,6a40352812e1e455,99,99
配線材料,ＳＭケーブル ＳＭ１６Ｃ,４Ｃテープ監視用ケーブル無 [ﾃｰﾌﾟｽﾛｯﾄ型],m,京都北部,03,483,491,8,1.66,c904318a5f2b7d77,a0fe879acb836758,99,99
配線材料,６００Ｖビニル絶縁シースケーブル,ＶＶ－Ｒ（ＳＶ）３．５ｍｍ２ ３心,m,京都北部,03,374,441,67,17.91,f1fe48a90c99291b,fc844e43306fdbe2,99,99
配線材料,ＬＡＮケーブル ツイストペアケーブル,カテゴリー５ｅ ４Ｐ（屋外用）,m,京都北部,03,217,239,22,10.14,dad6b4847ae4dcb3,5f0e32fc60ae48bd,99,99
配線材料,光ケーブル（４芯テープスロット）,ＳＭ １．３１μｍ ４Ｃ,m,京都北部,03,360,408,48,13.33,b2763db0b8afeebe,7f0ff5b4e0034c35,99,99
配線材料,ＳＭケーブル ＳＭ１Ｃ,[層撚型],m,京都南部,04,355,411,56,15.77,1a562e2dff4bfa97,04c1db08a9fe8b4b,99,99
配線材料,ＳＭケーブル ＳＭ１６Ｃ,４Ｃテープ監視用ケーブル無 [ﾃｰﾌﾟｽﾛｯﾄ型],m,京都南部,04,483,491,8,1.66,005f0f342c1beccf,9650cf7046835d6e,99,99
配線材料,６００Ｖビニル絶縁シースケーブル,ＶＶ－Ｒ（ＳＶ）３．５ｍｍ２ ３心,m,京都南部,04,374,441,67,17.91,2f07fd30bf585bef,e2ddf5706489ed78,99,99
配線材料,ＬＡＮケーブル ツイストペアケーブル,カテゴリー５ｅ ４Ｐ（屋外用）,m,京都南部,04,217,239,22,10.14,bfd4034b774c69c4,679beac51221b797,99,99
配線材料,光ケーブル（４芯テープスロット）,ＳＭ １．３１μｍ ４Ｃ,m,京都南部,04,360,408,48,13.33,9c4ef2dd495ab2b4,ecf40d90f8695347,99,99
配線材料,ＳＭケーブル ＳＭ１Ｃ,[層撚型],m,大阪,05,355,411,56,15.77,fada35dbbc237b15,f8e69c30d0f20c88,99,99
配線材料,ＳＭケーブル ＳＭ１６Ｃ,４Ｃテープ監視用ケーブル無 [ﾃｰﾌﾟｽﾛｯﾄ型],m,大阪,05,483,491,8,1.66,df7e42984bb62d30,1b4fe94503fe0a34,99,99
配線材料,６００Ｖビニル絶縁シースケーブル,ＶＶ－Ｒ（ＳＶ）３．５ｍｍ２ ３心,m,大阪,05,374,441,67,17.91,17cf5112eb5fe033,1572562d10aa648b,99,99
配線材料,ＬＡＮケーブル ツイストペアケーブル,カテゴリー５ｅ ４Ｐ（屋外用）,m,大阪,05,217,239,22,10.14,2d774b15e1d2ab3c,09db1db6279d776d,99,99
配線材料,光ケーブル（４芯テープスロット）,ＳＭ １．３１μｍ ４Ｃ,m,大阪,05,360,408,48,13.33,8d2f02a0d9d5579a,ae65ddbd7b5e7f0a,99,99
配線材料,ＳＭケーブル ＳＭ１Ｃ,[層撚型],m,兵庫北部,06,355,411,56,15.77,df7189a4ed1d13fe,ad0cf5355d67e0e6,99,99
配線材料,ＳＭケーブル ＳＭ１６Ｃ,４Ｃテープ監視用ケーブル無 [ﾃｰﾌﾟｽﾛｯﾄ型],m,兵庫北部,06,483,491,8,1.66,be6402438e7d0044,a2affeeea3dae4ca,99,99
配線材料,６００Ｖビニル絶縁シースケーブル,ＶＶ－Ｒ（ＳＶ）３．５ｍｍ２ ３心,m,兵庫北部,06,374,441,67,17.91,78246dfd383777cc,94bc79ad8b84cdaa,99,99
配線材料,ＬＡＮケーブル ツイストペアケーブル,カテゴリー５ｅ ４Ｐ（屋外用）,m,兵庫北部,06,217,239,22,10.14,c333b605588a24df,7e2971a2a47038d4,99,99
配線材料,光ケーブル（４芯テープスロット）,ＳＭ １．３１μｍ ４Ｃ,m,兵庫北部,06,360,408,48,13.33,12ca499ef8c638e9,9b2097d7344a75ab,99,99
配線材料,ＳＭケーブル ＳＭ１Ｃ,[層撚型],m,兵庫西部,07,355,411,56,15.77,4f5fc45ceda528e5,f078e0d1a4515ac6,99,99
配線材料,ＳＭケーブル ＳＭ１６Ｃ,４Ｃテープ監視用ケーブル無 [ﾃｰﾌﾟｽﾛｯﾄ型],m,兵庫西部,07,483,491,8,1.66,dc2f67e84a91c0b7,5ce53e6cef031895,99,99
配線材料,６００Ｖビニル絶縁シースケーブル,ＶＶ－Ｒ（ＳＶ）３．５ｍｍ２ ３心,m,兵庫西部,07,374,441,67,17.91,448ee3d10feb6995,c6371c979867aeca,99,99
配線材料,ＬＡＮケーブル ツイストペアケーブル,カテゴリー５ｅ ４Ｐ（屋外用）,m,兵庫西部,07,217,239,22,10.14,cd1be7c1995d9c2b,a2241fd2f76c54dd,99,99
配線材料,光ケーブル（４芯テープスロット）,ＳＭ １．３１μｍ ４Ｃ,m,兵庫西部,07,360,408,48,13.33,527d9640f0d2a891,da465cc809c0dc42,99,99
配線材料,ＳＭケーブル ＳＭ１Ｃ,[層撚型],m,兵庫,08,355,411,56,15.77,2061f2f7e3159a40,3e773c054816dc55,99,99
配線材料,ＳＭケーブル ＳＭ１６Ｃ,４Ｃテープ監視用ケーブル無 [ﾃｰﾌﾟｽﾛｯﾄ型],m,兵庫,08,483,491,8,1.66,70ba3384ee93d4e8,5f1f7a6dd3e7f9ac,99,99
配線材料,６００Ｖビニル絶縁シースケーブル,ＶＶ－Ｒ（ＳＶ）３．５ｍｍ２ ３心,m,兵庫,08,374,441,67,17.91,2765a42115df0ada,23f6da54b705da9b,99,99
配線材料,ＬＡＮケーブル ツイストペアケーブル,カテゴリー５ｅ ４Ｐ（屋外用）,m,兵庫,08,217,239,22,10.14,b5465008f4f2d7ec,bc96cee34c3dd073,99,99
配線材料,光ケーブル（４芯テープスロット）,ＳＭ １．３１μｍ ４Ｃ,m,兵庫,08,360,408,48,13.33,f6334a2d6c837bb5,52d2bde0d42a681c,99,99
配線材料,ＳＭケーブル ＳＭ１Ｃ,[層撚型],m,奈良,09,355,411,56,15.77,9f38f9ae3c6ccb7e,1efa07f99602d4da,99,99
配線材料,ＳＭケーブル ＳＭ１６Ｃ,４Ｃテープ監視用ケーブル無 [ﾃｰﾌﾟｽﾛｯﾄ型],m,奈良,09,483,491,8,1.66,afb006bb74fce56f,e05d0da348a55ffa,99,99
配線材料,６００Ｖビニル絶縁シースケーブル,ＶＶ－Ｒ（ＳＶ）３．５ｍｍ２ ３心,m,奈良,09,374,441,67,17.91,5d575026f698d1e5,918360d8581c8804,99,99
配線材料,ＬＡＮケーブル ツイストペアケーブル,カテゴリー５ｅ ４Ｐ（屋外用）,m,奈良,09,217,239,22,10.14,c063adb33cddde61,96f8789db632c108,99,99
配線材料,光ケーブル（４芯テープスロット）,ＳＭ １．３１μｍ ４Ｃ,m,奈良,09,360,408,48,13.33,028e9c37b9f82c37,44416c221f47c08b,99,99
配線材料,ＳＭケーブル ＳＭ１Ｃ,[層撚型],m,和歌山,10,355,411,56,15.77,4c04e7c74094a938,dfa9194620563429,99,99
配線材料,ＳＭケーブル ＳＭ１６Ｃ,４Ｃテープ監視用ケーブル無 [ﾃｰﾌﾟｽﾛｯﾄ型],m,和歌山,10,483,491,8,1.66,d9fa3104468d7922,8d0b4e5012cfa6a4,99,99
配線材料,６００Ｖビニル絶縁シースケーブル,ＶＶ－Ｒ（ＳＶ）３．５ｍｍ２ ３心,m,和歌山,10,374,441,67,17.91,e0ce6d462d2e2bf1,57b42f2199aab49f,99,99
配線材料,ＬＡＮケーブル ツイストペアケーブル,カテゴリー５ｅ ４Ｐ（屋外用）,m,和歌山,10,217,239,22,10.14,abb3433790056af7,78e2b493cf1c15f5,99,99
配線材料,光ケーブル（４芯テープスロット）,ＳＭ １．３１μｍ ４Ｃ,m,和歌山,10,360,408,48,13.33,6af6ff99a8d2e8c4,cfca895d6af11a76,99,99
配線材料,ＳＭケーブル ＳＭ１Ｃ,[層撚型],m,岐阜,11,355,411,56,15.77,faa1059387f58b40,1743040ab0175c0d,99,99
配線材料,ＳＭケーブル ＳＭ１６Ｃ,４Ｃテープ監視用ケーブル無 [ﾃｰﾌﾟｽﾛｯﾄ型],m,岐阜,11,483,491,8,1.66,669729ff9e32a758,27074ddc1ba70d6c,99,99
配線材料,６００Ｖビニル絶縁シースケーブル,ＶＶ－Ｒ（ＳＶ）３．５ｍｍ２ ３心,m,岐阜,11,374,441,67,17.91,2815d4c24fb845b8,16f969765d4ef7af,99,99
配線材料,ＬＡＮケーブル ツイストペアケーブル,カテゴリー５ｅ ４Ｐ（屋外用）,m,岐阜,11,217,239,22,10.14,dc947e23e83b5177,0608d7f5abd78d81,99,99
配線材料,光ケーブル（４芯テープスロット）,ＳＭ １．３１μｍ ４Ｃ,m,岐阜,11,360,408,48,13.33,6ae2aaaff8447c66,efef94022330cbbd,99,99
配線材料,ＳＭケーブル ＳＭ１Ｃ,[層撚型],m,三重,12,355,411,56,15.77,423766982f6ff7be,3427dba2ccaa5ce4,99,99
配線材料,ＳＭケーブル ＳＭ１６Ｃ,４Ｃテープ監視用ケーブル無 [ﾃｰﾌﾟｽﾛｯﾄ型],m,三重,12,483,491,8,1.66,835ac6fe5b50f767,c350b9659fc00f39,99,99
配線材料,６００Ｖビニル絶縁シースケーブル,ＶＶ－Ｒ（ＳＶ）３．５ｍｍ２ ３心,m,三重,12,374,441,67,17.91,7bac9230fd07d9b9,a269a1629a71758a,99,99
配線材料,ＬＡＮケーブル ツイストペアケーブル,カテゴリー５ｅ ４Ｐ（屋外用）,m,三重,12,217,239,22,10.14,447ba2deb384c555,cf212a0e90fd252d,99,99
配線材料,光ケーブル（４芯テープスロット）,ＳＭ １．３１μｍ ４Ｃ,m,三重,12,360,408,48,13.33,ade4c8688bc00869,509fe7bbfec9f3de,99,99
配線材料,光ケーブル（４芯テープスロット）,ＳＭ １．３１μｍ ８Ｃ,m,福井,01,386,437,51,13.21,b673cc8346ad15ef,6cb0c68c34a33537,100,100
配線材料,光ケーブル（４芯テープスロット）,ＳＭ １．３１μｍ ２０Ｃ,m,福井,01,465,511,46,9.89,019f8f8b1788fb4e,24fefbc685ee5e2e,100,100
配線材料,光ケーブル（４芯テープスロット）,ＳＭ １．３１μｍ ４０Ｃ,m,福井,01,684,727,43,6.29,07ba23af60c95db7,26881c36839e8fe2,100,100
配線材料,光ケーブル（４芯テープスロット）,ＳＭ １．３１μｍ ６０Ｃ,m,福井,01,816,829,13,1.59,0272f7b6b637bd18,1ecb32d38fd519f9,100,100
配線材料,光ケーブル（４芯テープスロット）,ＳＭ １．３１μｍ ８０Ｃ,m,福井,01,978,1050,72,7.36,81829c6ae052e39a,4b55108c3b6cc404,100,100
配線材料,光ケーブル（４芯テープスロット）,ＳＭ １．３１μｍ １００Ｃ,m,福井,01,1110,1150,40,3.6,b920625db476c82b,c721298499190af5,100,100
配線材料,光ケーブル（４芯テープスロット）,ＳＭ １．３１μｍ １２０Ｃ,m,福井,01,1430,1520,90,6.29,68ae4f58953f6ba9,9a13893a849315d5,100,100
配線材料,光ケーブル（４芯テープスロット）,ＳＭ １．３１μｍ １４０Ｃ,m,福井,01,1560,1620,60,3.85,feb6570204673c05,1489ad64ae357273,100,100
配線材料,光ケーブル（４芯テープスロット）,ＳＭ １．３１μｍ １６０Ｃ,m,福井,01,1690,1720,30,1.78,23f10f7a54a69d86,2a0e69f3289fab5d,100,100
配線材料,光ケーブル（４芯テープスロット）,ＳＭ １．３１μｍ １８０Ｃ,m,福井,01,1830,2070,240,13.11,36cdb593d7fb0b07,14cc7c4e35f77534,100,100
配線材料,光ケーブル（４芯テープスロット）,ＳＭ １．３１μｍ ２００Ｃ,m,福井,01,1960,2220,260,13.27,9400495d153c3c0e,d77dc866a1e5d11a,100,100
配線材料,光ケーブル（４芯テープスロット）,ＳＭ １．３１μｍ ２２０Ｃ,m,福井,01,2440,2760,320,13.11,3fc10d205bd12b90,3f81c5e0a5608a1b,100,100
配線材料,光ケーブル（４芯テープスロット）,ＳＭ １．３１μｍ ２４０Ｃ,m,福井,01,2570,2910,340,13.23,23103bb0f9296207,b888b601bd874512,100,100
配線材料,光ケーブル（４芯テープスロット）,ＳＭ １．３１μｍ ２６０Ｃ,m,福井,01,2700,3060,360,13.33,c08d5b3439a47476,d5efdfcd5555c8f8,100,100
配線材料,光ケーブル（４芯テープスロット）,ＳＭ １．３１μｍ ２８０Ｃ,m,福井,01,2830,3210,380,13.43,220ddb5406b7464a,c34f79d76beda4fc,100,100
配線材料,光ケーブル（４芯テープスロット）,ＳＭ １．３１μｍ ３００Ｃ,m,福井,01,2970,3360,390,13.13,634e1ca94931adbb,ee11b541eee102bb,100,100
配線材料,光ケーブル（４芯テープＳＳＤ）,ＳＭ １．３１μｍ ２０Ｃ,m,福井,01,693,731,38,5.48,1f9fb90533025da8,97431609d6f644a6,100,100
配線材料,光ケーブル（４芯テープＳＳＤ）,ＳＭ １．３１μｍ ４０Ｃ,m,福井,01,912,992,80,8.77,dd03ceb7ec261345,d89c3bdb511831c8,100,100
配線材料,光ケーブル（４芯テープＳＳＤ）,ＳＭ １．３１μｍ ６０Ｃ,m,福井,01,1040,1180,140,13.46,0d7a58dbb3033030,4357f7886f5b7e81,100,100
配線材料,光ケーブル（４芯テープＳＳＤ）,ＳＭ １．３１μｍ ８０Ｃ,m,福井,01,1200,1360,160,13.33,77f384c8dfdee2ec,5691915db52a5695,100,100
配線材料,光ケーブル（４芯テープＳＳＤ）,ＳＭ １．３１μｍ １００Ｃ,m,福井,01,1330,1510,180,13.53,1e06e8a89fc13920,3de3b8ceb1b8549f,100,100
配線材料,光ケーブル（４芯テープＳＳＤ）,ＳＭ １．３１μｍ １２０Ｃ,m,福井,01,1660,1880,220,13.25,d186bab88e2af360,74f3cdc4cd5646e3,100,100
配線材料,光ケーブル（４芯テープＳＳＤ）,ＳＭ １．３１μｍ １４０Ｃ,m,福井,01,1790,2030,240,13.41,a8a50cb289d48742,4aedf3cb44c06a6d,100,100
配線材料,光ケーブル（４芯テープＳＳＤ）,ＳＭ １．３１μｍ １６０Ｃ,m,福井,01,1920,2180,260,13.54,eaaa954c221510ef,38602530dc3821c1,100,100
配線材料,光ケーブル（４芯テープＳＳＤ）,ＳＭ １．３１μｍ １８０Ｃ,m,福井,01,2050,2330,280,13.66,fa9baba9bbc29f5b,8e1234153b6800d9,100,100
配線材料,光ケーブル（４芯テープスロット）,ＳＭ １．３１μｍ ８Ｃ,m,滋賀,02,386,437,51,13.21,3d216e9f3811a280,7d66a5c658b4c59c,100,100
配線材料,光ケーブル（４芯テープスロット）,ＳＭ １．３１μｍ ２０Ｃ,m,滋賀,02,465,511,46,9.89,e90aa35d68a4a48f,5c4777c3903285c4,100,100
配線材料,光ケーブル（４芯テープスロット）,ＳＭ １．３１μｍ ４０Ｃ,m,滋賀,02,684,727,43,6.29,359100df82e30845,1392bdcb6163887f,100,100
配線材料,光ケーブル（４芯テープスロット）,ＳＭ １．３１μｍ ６０Ｃ,m,滋賀,02,816,829,13,1.59,0fa69c8929f36cc6,35f5680a8b512200,100,100
配線材料,光ケーブル（４芯テープスロット）,ＳＭ １．３１μｍ ８０Ｃ,m,滋賀,02,978,1050,72,7.36,0f92ae91147d388e,6f6bf9aab9c807a6,100,100
配線材料,光ケーブル（４芯テープスロット）,ＳＭ １．３１μｍ １００Ｃ,m,滋賀,02,1110,1150,40,3.6,b17ad4f513ff2d6e,ac96f55682b91b56,100,100
配線材料,光ケーブル（４芯テープスロット）,ＳＭ １．３１μｍ １２０Ｃ,m,滋賀,02,1430,1520,90,6.29,9e7fb268f7d37158,150beb289a9e1095,100,100
配線材料,光ケーブル（４芯テープスロット）,ＳＭ １．３１μｍ １４０Ｃ,m,滋賀,02,1560,1620,60,3.85,48f3c37bf5035452,f703fd254ab932e4,100,100
配線材料,光ケーブル（４芯テープスロット）,ＳＭ １．３１μｍ １６０Ｃ,m,滋賀,02,1690,1720,30,1.78,93a57facd37ade97,d5c65eac17835e54,100,100
配線材料,光ケーブル（４芯テープスロット）,ＳＭ １．３１μｍ １８０Ｃ,m,滋賀,02,1830,2070,240,13.11,d85efd8b8b641225,1362128d0b50c8ad,100,100
配線材料,光ケーブル（４芯テープスロット）,ＳＭ １．３１μｍ ２００Ｃ,m,滋賀,02,1960,2220,260,13.27,824b9f66ca2e33b7,ab09a8004b397f1a,100,100
配線材料,光ケーブル（４芯テープスロット）,ＳＭ １．３１μｍ ２２０Ｃ,m,滋賀,02,2440,2760,320,13.11,06d5354e9401d018,1f9f10565f75add5,100,100
配線材料,光ケーブル（４芯テープスロット）,ＳＭ １．３１μｍ ２４０Ｃ,m,滋賀,02,2570,2910,340,13.23,693ce2d86189408d,ad09439b14573c10,100,100
配線材料,光ケーブル（４芯テープスロット）,ＳＭ １．３１μｍ ２６０Ｃ,m,滋賀,02,2700,3060,360,13.33,79ae4aaca496702a,1c54b0a0f593281c,100,100
配線材料,光ケーブル（４芯テープスロット）,ＳＭ １．３１μｍ ２８０Ｃ,m,滋賀,02,2830,3210,380,13.43,e10990f25fcd7b32,c0c7c290d7315be8,100,100
配線材料,光ケーブル（４芯テープスロット）,ＳＭ １．３１μｍ ３００Ｃ,m,滋賀,02,2970,3360,390,13.13,53e6b2374e911672,2a29b2d46f0ea362,100,100
配線材料,光ケーブル（４芯テープＳＳＤ）,ＳＭ １．３１μｍ ２０Ｃ,m,滋賀,02,693,731,38,5.48,4384fdfe689b0b54,4dac6d89c9ff8d85,100,100
配線材料,光ケーブル（４芯テープＳＳＤ）,ＳＭ １．３１μｍ ４０Ｃ,m,滋賀,02,912,992,80,8.77,581f66fa39e421ac,b8646e7fbc302c5b,100,100
配線材料,光ケーブル（４芯テープＳＳＤ）,ＳＭ １．３１μｍ ６０Ｃ,m,滋賀,02,1040,1180,140,13.46,7f8954ba3f4502e2,a646690c915a3024,100,100
配線材料,光ケーブル（４芯テープＳＳＤ）,ＳＭ １．３１μｍ ８０Ｃ,m,滋賀,02,1200,1360,160,13.33,2bfc1246cfdeada1,239b712e975cb49f,100,100
配線材料,光ケーブル（４芯テープＳＳＤ）,ＳＭ １．３１μｍ １００Ｃ,m,滋賀,02,1330,1510,180,13.53,09ac91c78504da7f,7087bff03cd0f520,100,100
配線材料,光ケーブル（４芯テープＳＳＤ）,ＳＭ １．３１μｍ １２０Ｃ,m,滋賀,02,1660,1880,220,13.25,51715aec4f847c03,58ea5abf41a05059,100,100
配線材料,光ケーブル（４芯テープＳＳＤ）,ＳＭ １．３１μｍ １４０Ｃ,m,滋賀,02,1790,2030,240,13.41,0286017311b24432,86817c22fc4f3254,100,100
配線材料,光ケーブル（４芯テープＳＳＤ）,ＳＭ １．３１μｍ １６０Ｃ,m,滋賀,02,1920,2180,260,13.54,947521a505f18dbe,5e185c210dda1809,100,100
配線材料,光ケーブル（４芯テープＳＳＤ）,ＳＭ １．３１μｍ １８０Ｃ,m,滋賀,02,2050,2330,280,13.66,fd929487705ac449,b81d5f8f0245d367,100,100
配線材料,光ケーブル（４芯テープスロット）,ＳＭ １．３１μｍ ８Ｃ,m,京都北部,03,386,437,51,13.21,e7c7e02978bd9f02,4be678703a265045,100,100
配線材料,光ケーブル（４芯テープスロット）,ＳＭ １．３１μｍ ２０Ｃ,m,京都北部,03,465,511,46,9.89,641868d2f8891c7d,64916eb6a53e48c3,100,100
配線材料,光ケーブル（４芯テープスロット）,ＳＭ １．３１μｍ ４０Ｃ,m,京都北部,03,684,727,43,6.29,ede5247164b4419c,b9804bb57127be2e,100,100
配線材料,光ケーブル（４芯テープスロット）,ＳＭ １．３１μｍ ６０Ｃ,m,京都北部,03,816,829,13,1.59,703baf39a0e3cce7,fa19e248db6f38fd,100,100
配線材料,光ケーブル（４芯テープスロット）,ＳＭ １．３１μｍ ８０Ｃ,m,京都北部,03,978,1050,72,7.36,8bfcaf5c4063b746,cd955964cea98a1e,100,100
配線材料,光ケーブル（４芯テープスロット）,ＳＭ １．３１μｍ １００Ｃ,m,京都北部,03,1110,1150,40,3.6,256d7b9d378fec74,6848f6f7b27b9534,100,100
配線材料,光ケーブル（４芯テープスロット）,ＳＭ １．３１μｍ １２０Ｃ,m,京都北部,03,1430,1520,90,6.29,17ca87939ab9f5e8,4b49c7fa146f2ca2,100,100
配線材料,光ケーブル（４芯テープスロット）,ＳＭ １．３１μｍ １４０Ｃ,m,京都北部,03,1560,1620,60,3.85,91a9eae44d6c9078,32eb941e0010e989,100,100
配線材料,光ケーブル（４芯テープスロット）,ＳＭ １．３１μｍ １６０Ｃ,m,京都北部,03,1690,1720,30,1.78,52b1f4c69f2a33e7,ed1d2e84d7de5633,100,100
配線材料,光ケーブル（４芯テープスロット）,ＳＭ １．３１μｍ １８０Ｃ,m,京都北部,03,1830,2070,240,13.11,eb395454eb38d877,81d541d5d9364592,100,100
配線材料,光ケーブル（４芯テープスロット）,ＳＭ １．３１μｍ ２００Ｃ,m,京都北部,03,1960,2220,260,13.27,3f31d30db5403c6e,ae02e5d296ae48fb,100,100
配線材料,光ケーブル（４芯テープスロット）,ＳＭ １．３１μｍ ２２０Ｃ,m,京都北部,03,2440,2760,320,13.11,84766e3698804f65,77ae5a9e86fc6711,100,100
配線材料,光ケーブル（４芯テープスロット）,ＳＭ １．３１μｍ ２４０Ｃ,m,京都北部,03,2570,2910,340,13.23,71ed7ed9a5b5e7a8,3eeb87a0afd72da0,100,100
配線材料,光ケーブル（４芯テープスロット）,ＳＭ １．３１μｍ ２６０Ｃ,m,京都北部,03,2700,3060,360,13.33,1a02f162b44db5f8,57de4756b0d0d9fc,100,100
配線材料,光ケーブル（４芯テープスロット）,ＳＭ １．３１μｍ ２８０Ｃ,m,京都北部,03,2830,3210,380,13.43,9b7307dc6e7aa5ca,5600e73af408b16d,100,100
配線材料,光ケーブル（４芯テープスロット）,ＳＭ １．３１μｍ ３００Ｃ,m,京都北部,03,2970,3360,390,13.13,58e7684c2e065095,6bf775459a0daa50,100,100
配線材料,光ケーブル（４芯テープＳＳＤ）,ＳＭ １．３１μｍ ２０Ｃ,m,京都北部,03,693,731,38,5.48,00f4393c94f14b9f,1649684a48c4475a,100,100
配線材料,光ケーブル（４芯テープＳＳＤ）,ＳＭ １．３１μｍ ４０Ｃ,m,京都北部,03,912,992,80,8.77,dc405933a6845917,15147b5b53e9f40a,100,100
配線材料,光ケーブル（４芯テープＳＳＤ）,ＳＭ １．３１μｍ ６０Ｃ,m,京都北部,03,1040,1180,140,13.46,6922abd18584b0ce,c3c8a0e8d6b15202,100,100
配線材料,光ケーブル（４芯テープＳＳＤ）,ＳＭ １．３１μｍ ８０Ｃ,m,京都北部,03,1200,1360,160,13.33,d92ae22ce8886070,e0961a3b18f16aa2,100,100
配線材料,光ケーブル（４芯テープＳＳＤ）,ＳＭ １．３１μｍ １００Ｃ,m,京都北部,03,1330,1510,180,13.53,3a377d810f45a29e,78c4b656d535b6cb,100,100
配線材料,光ケーブル（４芯テープＳＳＤ）,ＳＭ １．３１μｍ １２０Ｃ,m,京都北部,03,1660,1880,220,13.25,5e83a9367ccb1e78,5dc23925a4550392,100,100
配線材料,光ケーブル（４芯テープＳＳＤ）,ＳＭ １．３１μｍ １４０Ｃ,m,京都北部,03,1790,2030,240,13.41,97044ab4501a22da,86c21410e0c7d168,100,100
配線材料,光ケーブル（４芯テープＳＳＤ）,ＳＭ １．３１μｍ １６０Ｃ,m,京都北部,03,1920,2180,260,13.54,c71d7f8691403e8e,6c215081275d2b88,100,100
配線材料,光ケーブル（４芯テープＳＳＤ）,ＳＭ １．３１μｍ １８０Ｃ,m,京都北部,03,2050,2330,280,13.66,f4acb1c08f009fd5,59cc4767c826f144,100,100
配線材料,光ケーブル（４芯テープスロット）,ＳＭ １．３１μｍ ８Ｃ,m,京都南部,04,386,437,51,13.21,9115c7ac6c571d87,b93e1ef1f8bc90ad,100,100
配線材料,光ケーブル（４芯テープスロット）,ＳＭ １．３１μｍ ２０Ｃ,m,京都南部,04,465,511,46,9.89,b286c76bb68ffdeb,5e35e49793e8d8f5,100,100
配線材料,光ケーブル（４芯テープスロット）,ＳＭ １．３１μｍ ４０Ｃ,m,京都南部,04,684,727,43,6.29,b987c8c26ce8a522,2afaa68722c7639c,100,100
配線材料,光ケーブル（４芯テープスロット）,ＳＭ １．３１μｍ ６０Ｃ,m,京都南部,04,816,829,13,1.59,f02d53e58f95a7b0,7273467f481ed1ca,100,100
配線材料,光ケーブル（４芯テープスロット）,ＳＭ １．３１μｍ ８０Ｃ,m,京都南部,04,978,1050,72,7.36,db0255d2c57cb4ea,fbce2d9ce385a30e,100,100
配線材料,光ケーブル（４芯テープスロット）,ＳＭ １．３１μｍ １００Ｃ,m,京都南部,04,1110,1150,40,3.6,e04882583448df8b,64ba14139ae60250,100,100
配線材料,光ケーブル（４芯テープスロット）,ＳＭ １．３１μｍ １２０Ｃ,m,京都南部,04,1430,1520,90,6.29,c89c9c1acd4c523e,2226e48bb437e4be,100,100
配線材料,光ケーブル（４芯テープスロット）,ＳＭ １．３１μｍ １４０Ｃ,m,京都南部,04,1560,1620,60,3.85,1e5dfc8f2cfefa53,094a4970eb038dcb,100,100
配線材料,光ケーブル（４芯テープスロット）,ＳＭ １．３１μｍ １６０Ｃ,m,京都南部,04,1690,1720,30,1.78,efc68a18a6a2408b,45eebfa3c90d6494,100,100
配線材料,光ケーブル（４芯テープスロット）,ＳＭ １．３１μｍ １８０Ｃ,m,京都南部,04,1830,2070,240,13.11,48f68863bf4b8734,7b45b9fb15342a50,100,100
配線材料,光ケーブル（４芯テープスロット）,ＳＭ １．３１μｍ ２００Ｃ,m,京都南部,04,1960,2220,260,13.27,c645c2776231e6d5,7ab9388230fd63be,100,100
配線材料,光ケーブル（４芯テープスロット）,ＳＭ １．３１μｍ ２２０Ｃ,m,京都南部,04,2440,2760,320,13.11,af827bd8160eb37f,eae3038416350bbc,100,100
配線材料,光ケーブル（４芯テープスロット）,ＳＭ １．３１μｍ ２４０Ｃ,m,京都南部,04,2570,2910,340,13.23,87c4fae64ab47a7d,b57d206073b00027,100,100
配線材料,光ケーブル（４芯テープスロット）,ＳＭ １．３１μｍ ２６０Ｃ,m,京都南部,04,2700,3060,360,13.33,8b5f42d774da2699,c40d010aab1a4903,100,100
配線材料,光ケーブル（４芯テープスロット）,ＳＭ １．３１μｍ ２８０Ｃ,m,京都南部,04,2830,3210,380,13.43,46529b8327860b02,3c49d38fbb990de1,100,100
配線材料,光ケーブル（４芯テープスロット）,ＳＭ １．３１μｍ ３００Ｃ,m,京都南部,04,2970,3360,390,13.13,be5370927dbf8ace,9f903fcb92194268,100,100
配線材料,光ケーブル（４芯テープＳＳＤ）,ＳＭ １．３１μｍ ２０Ｃ,m,京都南部,04,693,731,38,5.48,c6a2dab395d83cc7,717996d55b6c184f,100,100
配線材料,光ケーブル（４芯テープＳＳＤ）,ＳＭ １．３１μｍ ４０Ｃ,m,京都南部,04,912,992,80,8.77,ceabd4de21563ab6,45cc562b054aea24,100,100
配線材料,光ケーブル（４芯テープＳＳＤ）,ＳＭ １．３１μｍ ６０Ｃ,m,京都南部,04,1040,1180,140,13.46,f4c11a6d171b14fe,17efa13ece1041ba,100,100
配線材料,光ケーブル（４芯テープＳＳＤ）,ＳＭ １．３１μｍ ８０Ｃ,m,京都南部,04,1200,1360,160,13.33,bb82266d4ddb2061,8a485896d7dcbd22,100,100
配線材料,光ケーブル（４芯テープＳＳＤ）,ＳＭ １．３１μｍ １００Ｃ,m,京都南部,04,1330,1510,180,13.53,8ec41c20bb94340c,e885aacbc0c18132,100,100
配線材料,光ケーブル（４芯テープＳＳＤ）,ＳＭ １．３１μｍ １２０Ｃ,m,京都南部,04,1660,1880,220,13.25,d5911fa8fd5f403a,0f92c707aa0824c1,100,100
配線材料,光ケーブル（４芯テープＳＳＤ）,ＳＭ １．３１μｍ １４０Ｃ,m,京都南部,04,1790,2030,240,13.41,6f90f8dbefff7818,0a4567a043172807,100,100
配線材料,光ケーブル（４芯テープＳＳＤ）,ＳＭ １．３１μｍ １６０Ｃ,m,京都南部,04,1920,2180,260,13.54,0109460dfe671b01,a8523ed7da51d2ba,100,100
配線材料,光ケーブル（４芯テープＳＳＤ）,ＳＭ １．３１μｍ １８０Ｃ,m,京都南部,04,2050,2330,280,13.66,0fe26451ff384c80,60f635d1c7ba6eb7,100,100
配線材料,光ケーブル（４芯テープスロット）,ＳＭ １．３１μｍ ８Ｃ,m,大阪,05,386,437,51,13.21,9c3083b0291718ec,681cf7f9068e1848,100,100
配線材料,光ケーブル（４芯テープスロット）,ＳＭ １．３１μｍ ２０Ｃ,m,大阪,05,465,511,46,9.89,29a8f61f923848e1,d4b4068eaf5112cb,100,100
配線材料,光ケーブル（４芯テープスロット）,ＳＭ １．３１μｍ ４０Ｃ,m,大阪,05,684,727,43,6.29,83fdfee149a89a2f,0e0a58e0769e1152,100,100
配線材料,光ケーブル（４芯テープスロット）,ＳＭ １．３１μｍ ６０Ｃ,m,大阪,05,816,829,13,1.59,f35deec29548c638,653bf514b1d19300,100,100
配線材料,光ケーブル（４芯テープスロット）,ＳＭ １．３１μｍ ８０Ｃ,m,大阪,05,978,1050,72,7.36,6720aa185abd233e,b28ab690d931a7d4,100,100
配線材料,光ケーブル（４芯テープスロット）,ＳＭ １．３１μｍ １００Ｃ,m,大阪,05,1110,1150,40,3.6,16fd5263a8e3d2de,22ab88a2b3aeec54,100,100
配線材料,光ケーブル（４芯テープスロット）,ＳＭ １．３１μｍ １２０Ｃ,m,大阪,05,1430,1520,90,6.29,cc6a6a7af2dd35f2,ad7bb7849f5f8f19,100,100
配線材料,光ケーブル（４芯テープスロット）,ＳＭ １．３１μｍ １４０Ｃ,m,大阪,05,1560,1620,60,3.85,b9af6e26faf59846,46ef194b0ebe4e58,100,100
配線材料,光ケーブル（４芯テープスロット）,ＳＭ １．３１μｍ １６０Ｃ,m,大阪,05,1690,1720,30,1.78,dc4bd61486184e46,bb5b1808083c9aac,100,100
配線材料,光ケーブル（４芯テープスロット）,ＳＭ １．３１μｍ １８０Ｃ,m,大阪,05,1830,2070,240,13.11,a56423e2347bd375,2788bfd580aa874f,100,100
配線材料,光ケーブル（４芯テープスロット）,ＳＭ １．３１μｍ ２００Ｃ,m,大阪,05,1960,2220,260,13.27,1e9ece74f445e0a6,b4eca9812d3f6cc8,100,100
配線材料,光ケーブル（４芯テープスロット）,ＳＭ １．３１μｍ ２２０Ｃ,m,大阪,05,2440,2760,320,13.11,16e7653973cb65da,4b3ca2bc3e87cd37,100,100
配線材料,光ケーブル（４芯テープスロット）,ＳＭ １．３１μｍ ２４０Ｃ,m,大阪,05,2570,2910,340,13.23,b175565a4204d7d5,ddce71b25a8ce29d,100,100
配線材料,光ケーブル（４芯テープスロット）,ＳＭ １．３１μｍ ２６０Ｃ,m,大阪,05,2700,3060,360,13.33,d5829f57140add3d,5857b7bc630a1c29,100,100
配線材料,光ケーブル（４芯テープスロット）,ＳＭ １．３１μｍ ２８０Ｃ,m,大阪,05,2830,3210,380,13.43,bcfcaa7b020bd4cc,66c84a41613e3656,100,100
配線材料,光ケーブル（４芯テープスロット）,ＳＭ １．３１μｍ ３００Ｃ,m,大阪,05,2970,3360,390,13.13,da57aa0062b98273,73b457098e07158e,100,100
配線材料,光ケーブル（４芯テープＳＳＤ）,ＳＭ １．３１μｍ ２０Ｃ,m,大阪,05,693,731,38,5.48,d499b529a9e1d55b,55f8e3b2448a0147,100,100
配線材料,光ケーブル（４芯テープＳＳＤ）,ＳＭ １．３１μｍ ４０Ｃ,m,大阪,05,912,992,80,8.77,9ce8f5a0ab294ebb,9639d761741feb4c,100,100
配線材料,光ケーブル（４芯テープＳＳＤ）,ＳＭ １．３１μｍ ６０Ｃ,m,大阪,05,1040,1180,140,13.46,be2f6b1ae1912ce2,01323fc30cfde603,100,100
配線材料,光ケーブル（４芯テープＳＳＤ）,ＳＭ １．３１μｍ ８０Ｃ,m,大阪,05,1200,1360,160,13.33,8315631bca5dc4a1,6d5ee0e49668c435,100,100
配線材料,光ケーブル（４芯テープＳＳＤ）,ＳＭ １．３１μｍ １００Ｃ,m,大阪,05,1330,1510,180,13.53,86c72a4153f4ee4f,16f1ff86a7c9875a,100,100
配線材料,光ケーブル（４芯テープＳＳＤ）,ＳＭ １．３１μｍ １２０Ｃ,m,大阪,05,1660,1880,220,13.25,5d66af0bc6d46ee3,0d0b878cbf425b20,100,100
配線材料,光ケーブル（４芯テープＳＳＤ）,ＳＭ １．３１μｍ １４０Ｃ,m,大阪,05,1790,2030,240,13.41,0fe96f37f2b193e9,a79b97439b4fdeaf,100,100
配線材料,光ケーブル（４芯テープＳＳＤ）,ＳＭ １．３１μｍ １６０Ｃ,m,大阪,05,1920,2180,260,13.54,d0348153a78aa6dc,be5b28e0cd02c7e7,100,100
配線材料,光ケーブル（４芯テープＳＳＤ）,ＳＭ １．３１μｍ １８０Ｃ,m,大阪,05,2050,2330,280,13.66,3775114815e53432,2a1b3ea4b5900479,100,100
配線材料,光ケーブル（４芯テープスロット）,ＳＭ １．３１μｍ ８Ｃ,m,兵庫北部,06,386,437,51,13.21,9b0c9c70b573264a,388c167782057630,100,100
配線材料,光ケーブル（４芯テープスロット）,ＳＭ １．３１μｍ ２０Ｃ,m,兵庫北部,06,465,511,46,9.89,c2c075a410be24e4,5bd1f136e1d15318,100,100
配線材料,光ケーブル（４芯テープスロット）,ＳＭ １．３１μｍ ４０Ｃ,m,兵庫北部,06,684,727,43,6.29,450c281aeb28565f,1ae9a9059e685d87,100,100
配線材料,光ケーブル（４芯テープスロット）,ＳＭ １．３１μｍ ６０Ｃ,m,兵庫北部,06,816,829,13,1.59,d5c31891ac7bddcb,b134da0ee2bab016,100,100
配線材料,光ケーブル（４芯テープスロット）,ＳＭ １．３１μｍ ８０Ｃ,m,兵庫北部,06,978,1050,72,7.36,8bfad0074723626f,44f149b9ff1fb26b,100,100
配線材料,光ケーブル（４芯テープスロット）,ＳＭ １．３１μｍ １００Ｃ,m,兵庫北部,06,1110,1150,40,3.6,135cbbb4bd22ab99,7a2ecdc6319a2250,100,100
配線材料,光ケーブル（４芯テープスロット）,ＳＭ １．３１μｍ １２０Ｃ,m,兵庫北部,06,1430,1520,90,6.29,613448d54d538c73,1d6848e3cfcd39d3,100,100
配線材料,光ケーブル（４芯テープスロット）,ＳＭ １．３１μｍ １４０Ｃ,m,兵庫北部,06,1560,1620,60,3.85,59f1997aad73b571,b3b1bb7a820a9b7d,100,100
配線材料,光ケーブル（４芯テープスロット）,ＳＭ １．３１μｍ １６０Ｃ,m,兵庫北部,06,1690,1720,30,1.78,e68444f50d0b3ee1,31637a84b650e4b5,100,100
配線材料,光ケーブル（４芯テープスロット）,ＳＭ １．３１μｍ １８０Ｃ,m,兵庫北部,06,1830,2070,240,13.11,b92cc711d544b614,3c98b5bad8763738,100,100
配線材料,光ケーブル（４芯テープスロット）,ＳＭ １．３１μｍ ２００Ｃ,m,兵庫北部,06,1960,2220,260,13.27,355ce15308cf2a93,2e5391b621c42659,100,100
配線材料,光ケーブル（４芯テープスロット）,ＳＭ １．３１μｍ ２２０Ｃ,m,兵庫北部,06,2440,2760,320,13.11,305e3e8dd9148462,1e8708a414ee5176,100,100
配線材料,光ケーブル（４芯テープスロット）,ＳＭ １．３１μｍ ２４０Ｃ,m,兵庫北部,06,2570,2910,340,13.23,4926457b5b1ee56f,52c89383dae30f02,100,100
配線材料,光ケーブル（４芯テープスロット）,ＳＭ １．３１μｍ ２６０Ｃ,m,兵庫北部,06,2700,3060,360,13.33,aaf9abf7360c2aed,ad8deb051f5d3c53,100,100
配線材料,光ケーブル（４芯テープスロット）,ＳＭ １．３１μｍ ２８０Ｃ,m,兵庫北部,06,2830,3210,380,13.43,51dcfea2dbf62bdb,8609a827f44fe1fd,100,100
配線材料,光ケーブル（４芯テープスロット）,ＳＭ １．３１μｍ ３００Ｃ,m,兵庫北部,06,2970,3360,390,13.13,1063ce6f900fbf58,e1c34b0de55198c9,100,100
配線材料,光ケーブル（４芯テープＳＳＤ）,ＳＭ １．３１μｍ ２０Ｃ,m,兵庫北部,06,693,731,38,5.48,22ee1bd76f0d5221,31df17bb3b12bc5d,100,100
配線材料,光ケーブル（４芯テープＳＳＤ）,ＳＭ １．３１μｍ ４０Ｃ,m,兵庫北部,06,912,992,80,8.77,85a597f7bdc93bfd,719a09e514363a52,100,100
配線材料,光ケーブル（４芯テープＳＳＤ）,ＳＭ １．３１μｍ ６０Ｃ,m,兵庫北部,06,1040,1180,140,13.46,f87ee44f8b240f06,1a918d23752008b0,100,100
配線材料,光ケーブル（４芯テープＳＳＤ）,ＳＭ １．３１μｍ ８０Ｃ,m,兵庫北部,06,1200,1360,160,13.33,cef74461d32b12a2,345dc1cc56906dee,100,100
配線材料,光ケーブル（４芯テープＳＳＤ）,ＳＭ １．３１μｍ １００Ｃ,m,兵庫北部,06,1330,1510,180,13.53,3a5647ff2a3f2a97,d9aa496f7adc446f,100,100
配線材料,光ケーブル（４芯テープＳＳＤ）,ＳＭ １．３１μｍ １２０Ｃ,m,兵庫北部,06,1660,1880,220,13.25,750d164d2fdaa6ec,df7da134cb888468,100,100
配線材料,光ケーブル（４芯テープＳＳＤ）,ＳＭ １．３１μｍ １４０Ｃ,m,兵庫北部,06,1790,2030,240,13.41,9e0f211f4845b0a8,ef5161ff9182fe34,100,100
配線材料,光ケーブル（４芯テープＳＳＤ）,ＳＭ １．３１μｍ １６０Ｃ,m,兵庫北部,06,1920,2180,260,13.54,bad288ba7a4adb2c,cb944ec76545ffb8,100,100
配線材料,光ケーブル（４芯テープＳＳＤ）,ＳＭ １．３１μｍ １８０Ｃ,m,兵庫北部,06,2050,2330,280,13.66,31a66bb525779426,fc5c49eda79f012a,100,100
配線材料,光ケーブル（４芯テープスロット）,ＳＭ １．３１μｍ ８Ｃ,m,兵庫西部,07,386,437,51,13.21,94b955d3f7a4c308,fda26c0f702966b0,100,100
配線材料,光ケーブル（４芯テープスロット）,ＳＭ １．３１μｍ ２０Ｃ,m,兵庫西部,07,465,511,46,9.89,88abaffccfb6e7fb,234946da7338162c,100,100
配線材料,光ケーブル（４芯テープスロット）,ＳＭ １．３１μｍ ４０Ｃ,m,兵庫西部,07,684,727,43,6.29,33f6f7ca66bffb5c,2750624585ff8354,100,100
配線材料,光ケーブル（４芯テープスロット）,ＳＭ １．３１μｍ ６０Ｃ,m,兵庫西部,07,816,829,13,1.59,8c515e343ef6f0a5,4f69e18c5be4914e,100,100
配線材料,光ケーブル（４芯テープスロット）,ＳＭ １．３１μｍ ８０Ｃ,m,兵庫西部,07,978,1050,72,7.36,65fe025bb5893d4a,fa980ee2fefb4092,100,100
配線材料,光ケーブル（４芯テープスロット）,ＳＭ １．３１μｍ １００Ｃ,m,兵庫西部,07,1110,1150,40,3.6,a879b1f1e6e70fc1,52fe1796bea09446,100,100
配線材料,光ケーブル（４芯テープスロット）,ＳＭ １．３１μｍ １２０Ｃ,m,兵庫西部,07,1430,1520,90,6.29,a3ead7a4dab9583c,ea712938b4a52037,100,100
配線材料,光ケーブル（４芯テープスロット）,ＳＭ １．３１μｍ １４０Ｃ,m,兵庫西部,07,1560,1620,60,3.85,3fd719ca66e0295e,d93c2f17a9564940,100,100
配線材料,光ケーブル（４芯テープスロット）,ＳＭ １．３１μｍ １６０Ｃ,m,兵庫西部,07,1690,1720,30,1.78,268fa75356d6bd50,0654fa4353ee6145,100,100
配線材料,光ケーブル（４芯テープスロット）,ＳＭ １．３１μｍ １８０Ｃ,m,兵庫西部,07,1830,2070,240,13.11,8d40c465f1331271,04904b359f26953e,100,100
配線材料,光ケーブル（４芯テープスロット）,ＳＭ １．３１μｍ ２００Ｃ,m,兵庫西部,07,1960,2220,260,13.27,198208c5c0f97911,3ae435cae3496b14,100,100
配線材料,光ケーブル（４芯テープスロット）,ＳＭ １．３１μｍ ２２０Ｃ,m,兵庫西部,07,2440,2760,320,13.11,00a7ecd1a1d29818,d346de3bc94af24a,100,100
配線材料,光ケーブル（４芯テープスロット）,ＳＭ １．３１μｍ ２４０Ｃ,m,兵庫西部,07,2570,2910,340,13.23,6becf16ef8191c08,451f323b40bb41fb,100,100
配線材料,光ケーブル（４芯テープスロット）,ＳＭ １．３１μｍ ２６０Ｃ,m,兵庫西部,07,2700,3060,360,13.33,03f7fc03bfb3323f,fc2ea8e04d19b147,100,100
配線材料,光ケーブル（４芯テープスロット）,ＳＭ １．３１μｍ ２８０Ｃ,m,兵庫西部,07,2830,3210,380,13.43,e9d546f7ac424e80,013cfff042512b13,100,100
配線材料,光ケーブル（４芯テープスロット）,ＳＭ １．３１μｍ ３００Ｃ,m,兵庫西部,07,2970,3360,390,13.13,1ec753dae2a603f7,3ab3307a09592731,100,100
配線材料,光ケーブル（４芯テープＳＳＤ）,ＳＭ １．３１μｍ ２０Ｃ,m,兵庫西部,07,693,731,38,5.48,7f1abc5452021216,fbae85209679d59d,100,100
配線材料,光ケーブル（４芯テープＳＳＤ）,ＳＭ １．３１μｍ ４０Ｃ,m,兵庫西部,07,912,992,80,8.77,534d5dbbcbc994c3,11143d24d1915962,100,100
配線材料,光ケーブル（４芯テープＳＳＤ）,ＳＭ １．３１μｍ ６０Ｃ,m,兵庫西部,07,1040,1180,140,13.46,3e405a8501b380b4,febb340caefff35b,100,100
配線材料,光ケーブル（４芯テープＳＳＤ）,ＳＭ １．３１μｍ ８０Ｃ,m,兵庫西部,07,1200,1360,160,13.33,bb1a1aa1f0a48566,77469f10ff481f95,100,100
配線材料,光ケーブル（４芯テープＳＳＤ）,ＳＭ １．３１μｍ １００Ｃ,m,兵庫西部,07,1330,1510,180,13.53,e9aa501a848ccefd,8da4d407e76da4a4,100,100
配線材料,光ケーブル（４芯テープＳＳＤ）,ＳＭ １．３１μｍ １２０Ｃ,m,兵庫西部,07,1660,1880,220,13.25,24186c8fb937e613,f8671f83449f8879,100,100
配線材料,光ケーブル（４芯テープＳＳＤ）,ＳＭ １．３１μｍ １４０Ｃ,m,兵庫西部,07,1790,2030,240,13.41,8d7f3ebaba5059e9,60211a023baddbd3,100,100
配線材料,光ケーブル（４芯テープＳＳＤ）,ＳＭ １．３１μｍ １６０Ｃ,m,兵庫西部,07,1920,2180,260,13.54,683307f5341830b7,e7182e8bd70893d3,100,100
配線材料,光ケーブル（４芯テープＳＳＤ）,ＳＭ １．３１μｍ １８０Ｃ,m,兵庫西部,07,2050,2330,280,13.66,c95a8daafb9c14b2,237c6687ee916b83,100,100
配線材料,光ケーブル（４芯テープスロット）,ＳＭ １．３１μｍ ８Ｃ,m,兵庫,08,386,437,51,13.21,908532fbbc010e82,c3acb9f1e01eb546,100,100
配線材料,光ケーブル（４芯テープスロット）,ＳＭ １．３１μｍ ２０Ｃ,m,兵庫,08,465,511,46,9.89,f67cfa2ef4a5ac29,ce1e1afa52a0b4d1,100,100
配線材料,光ケーブル（４芯テープスロット）,ＳＭ １．３１μｍ ４０Ｃ,m,兵庫,08,684,727,43,6.29,64b5af3449c05d3f,3f10d8ce703f7421,100,100
配線材料,光ケーブル（４芯テープスロット）,ＳＭ １．３１μｍ ６０Ｃ,m,兵庫,08,816,829,13,1.59,3b9d068a61592595,0ebe0452765e965d,100,100
配線材料,光ケーブル（４芯テープスロット）,ＳＭ １．３１μｍ ８０Ｃ,m,兵庫,08,978,1050,72,7.36,2541b49c461db509,299aed6d934c6325,100,100
配線材料,光ケーブル（４芯テープスロット）,ＳＭ １．３１μｍ １００Ｃ,m,兵庫,08,1110,1150,40,3.6,a6fcc2306250e18b,f801affcc45cb928,100,100
配線材料,光ケーブル（４芯テープスロット）,ＳＭ １．３１μｍ １２０Ｃ,m,兵庫,08,1430,1520,90,6.29,0d52b80d0cba4028,7eb8ee41ebe0bea1,100,100
配線材料,光ケーブル（４芯テープスロット）,ＳＭ １．３１μｍ １４０Ｃ,m,兵庫,08,1560,1620,60,3.85,e2eadbb31580737d,0ae5183c47fc5642,100,100
配線材料,光ケーブル（４芯テープスロット）,ＳＭ １．３１μｍ １６０Ｃ,m,兵庫,08,1690,1720,30,1.78,5dfb74a26c58ceff,b5d03c536b0b0dd2,100,100
配線材料,光ケーブル（４芯テープスロット）,ＳＭ １．３１μｍ １８０Ｃ,m,兵庫,08,1830,2070,240,13.11,feefc03a1e8d3a21,8d8ee0a9ce71a3bc,100,100
配線材料,光ケーブル（４芯テープスロット）,ＳＭ １．３１μｍ ２００Ｃ,m,兵庫,08,1960,2220,260,13.27,07f5dd1bd9bf793e,b468fcaf352c4340,100,100
配線材料,光ケーブル（４芯テープスロット）,ＳＭ １．３１μｍ ２２０Ｃ,m,兵庫,08,2440,2760,320,13.11,cdf5f85e4a43db42,5788c2b9b3694722,100,100
配線材料,光ケーブル（４芯テープスロット）,ＳＭ １．３１μｍ ２４０Ｃ,m,兵庫,08,2570,2910,340,13.23,9aadd76ca050ad11,006a60fe717240fc,100,100
配線材料,光ケーブル（４芯テープスロット）,ＳＭ １．３１μｍ ２６０Ｃ,m,兵庫,08,2700,3060,360,13.33,20a1cd1be5ad5feb,29910616a62f6128,100,100
配線材料,光ケーブル（４芯テープスロット）,ＳＭ １．３１μｍ ２８０Ｃ,m,兵庫,08,2830,3210,380,13.43,27ca2f54343baa58,341af05aa7409d4f,100,100
配線材料,光ケーブル（４芯テープスロット）,ＳＭ １．３１μｍ ３００Ｃ,m,兵庫,08,2970,3360,390,13.13,be0812a104dc37ec,74678249352d5d1f,100,100
配線材料,光ケーブル（４芯テープＳＳＤ）,ＳＭ １．３１μｍ ２０Ｃ,m,兵庫,08,693,731,38,5.48,6abbe502194a501f,eb95998dd5fd9683,100,100
配線材料,光ケーブル（４芯テープＳＳＤ）,ＳＭ １．３１μｍ ４０Ｃ,m,兵庫,08,912,992,80,8.77,748286128fd36641,e908ebe797cd30c3,100,100
配線材料,光ケーブル（４芯テープＳＳＤ）,ＳＭ １．３１μｍ ６０Ｃ,m,兵庫,08,1040,1180,140,13.46,edf77a774f5030a5,0f71a7697ae103b3,100,100
配線材料,光ケーブル（４芯テープＳＳＤ）,ＳＭ １．３１μｍ ８０Ｃ,m,兵庫,08,1200,1360,160,13.33,4c081809af31da75,7b9cd0811ed0113c,100,100
配線材料,光ケーブル（４芯テープＳＳＤ）,ＳＭ １．３１μｍ １００Ｃ,m,兵庫,08,1330,1510,180,13.53,9ce9a19824bb0eeb,03abe27975ed8a57,100,100
配線材料,光ケーブル（４芯テープＳＳＤ）,ＳＭ １．３１μｍ １２０Ｃ,m,兵庫,08,1660,1880,220,13.25,364a774faadbf425,c86648d700f88df7,100,100
配線材料,光ケーブル（４芯テープＳＳＤ）,ＳＭ １．３１μｍ １４０Ｃ,m,兵庫,08,1790,2030,240,13.41,d2bbbaf0e01d913c,87403008b2980d66,100,100
配線材料,光ケーブル（４芯テープＳＳＤ）,ＳＭ １．３１μｍ １６０Ｃ,m,兵庫,08,1920,2180,260,13.54,d62da9f45c8716c4,480b1355cc691e68,100,100
配線材料,光ケーブル（４芯テープＳＳＤ）,ＳＭ １．３１μｍ １８０Ｃ,m,兵庫,08,2050,2330,280,13.66,060a5c28ae6ffa39,b5d4709e3724083a,100,100
配線材料,光ケーブル（４芯テープスロット）,ＳＭ １．３１μｍ ８Ｃ,m,奈良,09,386,437,51,13.21,676ca95af0a409d0,c0d72780e3f3ac57,100,100
配線材料,光ケーブル（４芯テープスロット）,ＳＭ １．３１μｍ ２０Ｃ,m,奈良,09,465,511,46,9.89,e98ab1952575c670,1310351ac42e3489,100,100
配線材料,光ケーブル（４芯テープスロット）,ＳＭ １．３１μｍ ４０Ｃ,m,奈良,09,684,727,43,6.29,cbaeb03ff7635b31,245a081e26093ac7,100,100
配線材料,光ケーブル（４芯テープスロット）,ＳＭ １．３１μｍ ６０Ｃ,m,奈良,09,816,829,13,1.59,d9addcd01640578d,7d74e8855f2d4e69,100,100
配線材料,光ケーブル（４芯テープスロット）,ＳＭ １．３１μｍ ８０Ｃ,m,奈良,09,978,1050,72,7.36,c79b525c33d2a59f,0eb2f9d6cc22c56b,100,100
配線材料,光ケーブル（４芯テープスロット）,ＳＭ １．３１μｍ １００Ｃ,m,奈良,09,1110,1150,40,3.6,23a934001ebf7f90,ddd5b6c164f79945,100,100
配線材料,光ケーブル（４芯テープスロット）,ＳＭ １．３１μｍ １２０Ｃ,m,奈良,09,1430,1520,90,6.29,218a06c24280bfa7,34a7111d48f52aa1,100,100
配線材料,光ケーブル（４芯テープスロット）,ＳＭ １．３１μｍ １４０Ｃ,m,奈良,09,1560,1620,60,3.85,ae53a1f12a976325,6f66b40e50cded27,100,100
配線材料,光ケーブル（４芯テープスロット）,ＳＭ １．３１μｍ １６０Ｃ,m,奈良,09,1690,1720,30,1.78,43f605e0886d7b99,2c43fe2e6c5cdfe5,100,100
配線材料,光ケーブル（４芯テープスロット）,ＳＭ １．３１μｍ １８０Ｃ,m,奈良,09,1830,2070,240,13.11,37d81f56aa9d183a,a5581e0d6bbc91e9,100,100
配線材料,光ケーブル（４芯テープスロット）,ＳＭ １．３１μｍ ２００Ｃ,m,奈良,09,1960,2220,260,13.27,1fcfdbffdeb47297,639abddd52588c91,100,100
配線材料,光ケーブル（４芯テープスロット）,ＳＭ １．３１μｍ ２２０Ｃ,m,奈良,09,2440,2760,320,13.11,533b967e11090e79,9d712482d22ac661,100,100
配線材料,光ケーブル（４芯テープスロット）,ＳＭ １．３１μｍ ２４０Ｃ,m,奈良,09,2570,2910,340,13.23,85aa3f4a8682f426,e96ca19418972107,100,100
配線材料,光ケーブル（４芯テープスロット）,ＳＭ １．３１μｍ ２６０Ｃ,m,奈良,09,2700,3060,360,13.33,dff52be761b7e049,59b80d00cdf54767,100,100
配線材料,光ケーブル（４芯テープスロット）,ＳＭ １．３１μｍ ２８０Ｃ,m,奈良,09,2830,3210,380,13.43,c6d607553e0700dc,77ae7877b4b3ff05,100,100
配線材料,光ケーブル（４芯テープスロット）,ＳＭ １．３１μｍ ３００Ｃ,m,奈良,09,2970,3360,390,13.13,923d8d212e85ef92,94763877d914211d,100,100
配線材料,光ケーブル（４芯テープＳＳＤ）,ＳＭ １．３１μｍ ２０Ｃ,m,奈良,09,693,731,38,5.48,e866c81da77f04be,8aa82d67b8042e36,100,100
配線材料,光ケーブル（４芯テープＳＳＤ）,ＳＭ １．３１μｍ ４０Ｃ,m,奈良,09,912,992,80,8.77,f1f6efa43d62c8bf,0a48efad1ef9217b,100,100
配線材料,光ケーブル（４芯テープＳＳＤ）,ＳＭ １．３１μｍ ６０Ｃ,m,奈良,09,1040,1180,140,13.46,73fb2c4e4f6d5904,0a54ead7b1af91f2,100,100
配線材料,光ケーブル（４芯テープＳＳＤ）,ＳＭ １．３１μｍ ８０Ｃ,m,奈良,09,1200,1360,160,13.33,fc40d60971ecb0cc,8ad4a6c5310670ff,100,100
配線材料,光ケーブル（４芯テープＳＳＤ）,ＳＭ １．３１μｍ １００Ｃ,m,奈良,09,1330,1510,180,13.53,11f51f6a806ddd63,aba1b912d4b73dfb,100,100
配線材料,光ケーブル（４芯テープＳＳＤ）,ＳＭ １．３１μｍ １２０Ｃ,m,奈良,09,1660,1880,220,13.25,b603c8f33b5d076f,5372201ea89ca9a5,100,100
配線材料,光ケーブル（４芯テープＳＳＤ）,ＳＭ １．３１μｍ １４０Ｃ,m,奈良,09,1790,2030,240,13.41,61a58bf7bb6b9daf,f6f58db17f74cb40,100,100
配線材料,光ケーブル（４芯テープＳＳＤ）,ＳＭ １．３１μｍ １６０Ｃ,m,奈良,09,1920,2180,260,13.54,a3ca46657b960242,ca7ef882b5ceccba,100,100
配線材料,光ケーブル（４芯テープＳＳＤ）,ＳＭ １．３１μｍ １８０Ｃ,m,奈良,09,2050,2330,280,13.66,01e594cfc15fab8a,eef7a26361865dd7,100,100
配線材料,光ケーブル（４芯テープスロット）,ＳＭ １．３１μｍ ８Ｃ,m,和歌山,10,386,437,51,13.21,3ae810b213916575,af02768f485ef846,100,100
配線材料,光ケーブル（４芯テープスロット）,ＳＭ １．３１μｍ ２０Ｃ,m,和歌山,10,465,511,46,9.89,e7e2605389a88544,52f0e17e044c1a4c,100,100
配線材料,光ケーブル（４芯テープスロット）,ＳＭ １．３１μｍ ４０Ｃ,m,和歌山,10,684,727,43,6.29,ee85305846263d8e,f0c199554bfe09ac,100,100
配線材料,光ケーブル（４芯テープスロット）,ＳＭ １．３１μｍ ６０Ｃ,m,和歌山,10,816,829,13,1.59,e2919addf4df4efd,fa9ec2be773c0579,100,100
配線材料,光ケーブル（４芯テープスロット）,ＳＭ １．３１μｍ ８０Ｃ,m,和歌山,10,978,1050,72,7.36,fcc9eac411851922,cd3639f2d73d6caf,100,100
配線材料,光ケーブル（４芯テープスロット）,ＳＭ １．３１μｍ １００Ｃ,m,和歌山,10,1110,1150,40,3.6,8e08decc1d99fb8e,28cb1041ffa5938c,100,100
配線材料,光ケーブル（４芯テープスロット）,ＳＭ １．３１μｍ １２０Ｃ,m,和歌山,10,1430,1520,90,6.29,82c04e887e35fe6d,6ff8627e4c8ec25c,100,100
配線材料,光ケーブル（４芯テープスロット）,ＳＭ １．３１μｍ １４０Ｃ,m,和歌山,10,1560,1620,60,3.85,d142e61c5c14fe10,13088d4d705a5f28,100,100
配線材料,光ケーブル（４芯テープスロット）,ＳＭ １．３１μｍ １６０Ｃ,m,和歌山,10,1690,1720,30,1.78,4c71adc19b71822c,3a4fb44df85c144e,100,100
配線材料,光ケーブル（４芯テープスロット）,ＳＭ １．３１μｍ １８０Ｃ,m,和歌山,10,1830,2070,240,13.11,dcf406c7bdb75e75,bc16bd80670131a2,100,100
配線材料,光ケーブル（４芯テープスロット）,ＳＭ １．３１μｍ ２００Ｃ,m,和歌山,10,1960,2220,260,13.27,05928e1645631da6,d8ec6ccaed1ccaa9,100,100
配線材料,光ケーブル（４芯テープスロット）,ＳＭ １．３１μｍ ２２０Ｃ,m,和歌山,10,2440,2760,320,13.11,126b96058aaec0d5,9c0037c8a21c52e8,100,100
配線材料,光ケーブル（４芯テープスロット）,ＳＭ １．３１μｍ ２４０Ｃ,m,和歌山,10,2570,2910,340,13.23,d9e0c08fe7f37c91,7f75225d6d06b99c,100,100
配線材料,光ケーブル（４芯テープスロット）,ＳＭ １．３１μｍ ２６０Ｃ,m,和歌山,10,2700,3060,360,13.33,4c5ae24774ebe306,00c91d52f290aec2,100,100
配線材料,光ケーブル（４芯テープスロット）,ＳＭ １．３１μｍ ２８０Ｃ,m,和歌山,10,2830,3210,380,13.43,283b72564f54e10b,5e2ed6ab6520fee1,100,100
配線材料,光ケーブル（４芯テープスロット）,ＳＭ １．３１μｍ ３００Ｃ,m,和歌山,10,2970,3360,390,13.13,161e653284335b42,0d40514b68f431d2,100,100
配線材料,光ケーブル（４芯テープＳＳＤ）,ＳＭ １．３１μｍ ２０Ｃ,m,和歌山,10,693,731,38,5.48,d1c307af2efe0397,fc58cc55a458d826,100,100
配線材料,光ケーブル（４芯テープＳＳＤ）,ＳＭ １．３１μｍ ４０Ｃ,m,和歌山,10,912,992,80,8.77,c2325725347d7179,7f57a89245372703,100,100
配線材料,光ケーブル（４芯テープＳＳＤ）,ＳＭ １．３１μｍ ６０Ｃ,m,和歌山,10,1040,1180,140,13.46,93feb0b4001388aa,add6a058946518f5,100,100
配線材料,光ケーブル（４芯テープＳＳＤ）,ＳＭ １．３１μｍ ８０Ｃ,m,和歌山,10,1200,1360,160,13.33,2e7fe06d6133d556,235cc6ad8f811f9e,100,100
配線材料,光ケーブル（４芯テープＳＳＤ）,ＳＭ １．３１μｍ １００Ｃ,m,和歌山,10,1330,1510,180,13.53,10b1ed0a7ffe76c7,395f9f6502a46d5c,100,100
配線材料,光ケーブル（４芯テープＳＳＤ）,ＳＭ １．３１μｍ １２０Ｃ,m,和歌山,10,1660,1880,220,13.25,899b06fa101be629,7639ae6669e09639,100,100
配線材料,光ケーブル（４芯テープＳＳＤ）,ＳＭ １．３１μｍ １４０Ｃ,m,和歌山,10,1790,2030,240,13.41,87db75f2a049f1aa,82274ef6662fccc2,100,100
配線材料,光ケーブル（４芯テープＳＳＤ）,ＳＭ １．３１μｍ １６０Ｃ,m,和歌山,10,1920,2180,260,13.54,bdc8068db5e438e3,f14dbf32c36bb3af,100,100
配線材料,光ケーブル（４芯テープＳＳＤ）,ＳＭ １．３１μｍ １８０Ｃ,m,和歌山,10,2050,2330,280,13.66,c0c6c354923ffaaf,b030bfb8875d1c50,100,100
配線材料,光ケーブル（４芯テープスロット）,ＳＭ １．３１μｍ ８Ｃ,m,岐阜,11,386,437,51,13.21,f0580cdb41dbdd83,767aa7d3b6e0e135,100,100
配線材料,光ケーブル（４芯テープスロット）,ＳＭ １．３１μｍ ２０Ｃ,m,岐阜,11,465,511,46,9.89,df03f72288e3cb26,3f0d6f737015ebe6,100,100
配線材料,光ケーブル（４芯テープスロット）,ＳＭ １．３１μｍ ４０Ｃ,m,岐阜,11,684,727,43,6.29,b3b047b34532cf51,cbad2f5dffac08c5,100,100
配線材料,光ケーブル（４芯テープスロット）,ＳＭ １．３１μｍ ６０Ｃ,m,岐阜,11,816,829,13,1.59,39919580d92ac941,64582a0ae3403725,100,100
配線材料,光ケーブル（４芯テープスロット）,ＳＭ １．３１μｍ ８０Ｃ,m,岐阜,11,978,1050,72,7.36,737c97484c94b033,cfc4d62e4fb08466,100,100
配線材料,光ケーブル（４芯テープスロット）,ＳＭ １．３１μｍ １００Ｃ,m,岐阜,11,1110,1150,40,3.6,c5f8ceaf642b2a26,86ae9c789223126e,100,100
配線材料,光ケーブル（４芯テープスロット）,ＳＭ １．３１μｍ １２０Ｃ,m,岐阜,11,1430,1520,90,6.29,a833811e2ead04ce,fd66bb6f3653bee4,100,100
配線材料,光ケーブル（４芯テープスロット）,ＳＭ １．３１μｍ １４０Ｃ,m,岐阜,11,1560,1620,60,3.85,a11f729dd4e6107d,c93ff0a5771fcff1,100,100
配線材料,光ケーブル（４芯テープスロット）,ＳＭ １．３１μｍ １６０Ｃ,m,岐阜,11,1690,1720,30,1.78,eb3213dac2b743cc,54a6b04609f25587,100,100
配線材料,光ケーブル（４芯テープスロット）,ＳＭ １．３１μｍ １８０Ｃ,m,岐阜,11,1830,2070,240,13.11,38b3dc5e50e47d8c,e0cfa6c9e3f354db,100,100
配線材料,光ケーブル（４芯テープスロット）,ＳＭ １．３１μｍ ２００Ｃ,m,岐阜,11,1960,2220,260,13.27,620c41d5cb79aba8,f3ee4f9edc66ee3e,100,100
配線材料,光ケーブル（４芯テープスロット）,ＳＭ １．３１μｍ ２２０Ｃ,m,岐阜,11,2440,2760,320,13.11,f3055ca24cab5c02,474df709e16a498d,100,100
配線材料,光ケーブル（４芯テープスロット）,ＳＭ １．３１μｍ ２４０Ｃ,m,岐阜,11,2570,2910,340,13.23,fa9f8ba811d75820,d013579ce920f39c,100,100
配線材料,光ケーブル（４芯テープスロット）,ＳＭ １．３１μｍ ２６０Ｃ,m,岐阜,11,2700,3060,360,13.33,ba5c6c40849719cc,10560ff657a44d4d,100,100
配線材料,光ケーブル（４芯テープスロット）,ＳＭ １．３１μｍ ２８０Ｃ,m,岐阜,11,2830,3210,380,13.43,a74d942478bd5955,5ddaeb3e65e8f13c,100,100
配線材料,光ケーブル（４芯テープスロット）,ＳＭ １．３１μｍ ３００Ｃ,m,岐阜,11,2970,3360,390,13.13,f0ca94c45cee6613,2fbc9b08bf9ffb66,100,100
配線材料,光ケーブル（４芯テープＳＳＤ）,ＳＭ １．３１μｍ ２０Ｃ,m,岐阜,11,693,731,38,5.48,73c51bffb5dc07e6,f0e72301ac11d193,100,100
配線材料,光ケーブル（４芯テープＳＳＤ）,ＳＭ １．３１μｍ ４０Ｃ,m,岐阜,11,912,992,80,8.77,97aba87fd3202dee,512d16246148c502,100,100
配線材料,光ケーブル（４芯テープＳＳＤ）,ＳＭ １．３１μｍ ６０Ｃ,m,岐阜,11,1040,1180,140,13.46,1a588761cade8343,c3542664de961fb1,100,100
配線材料,光ケーブル（４芯テープＳＳＤ）,ＳＭ １．３１μｍ ８０Ｃ,m,岐阜,11,1200,1360,160,13.33,aec86c093e6855a4,cb1a9d1326707889,100,100
配線材料,光ケーブル（４芯テープＳＳＤ）,ＳＭ １．３１μｍ １００Ｃ,m,岐阜,11,1330,1510,180,13.53,9b7260745bde62f6,f776ca41fd392d5a,100,100
配線材料,光ケーブル（４芯テープＳＳＤ）,ＳＭ １．３１μｍ １２０Ｃ,m,岐阜,11,1660,1880,220,13.25,1b5c1aac8815bda7,e6a831cec716784d,100,100
配線材料,光ケーブル（４芯テープＳＳＤ）,ＳＭ １．３１μｍ １４０Ｃ,m,岐阜,11,1790,2030,240,13.41,3aff195eb195e010,ecd1de9ad9ededff,100,100
配線材料,光ケーブル（４芯テープＳＳＤ）,ＳＭ １．３１μｍ １６０Ｃ,m,岐阜,11,1920,2180,260,13.54,363f18f5565c2281,38bd65b7ed554fe3,100,100
配線材料,光ケーブル（４芯テープＳＳＤ）,ＳＭ １．３１μｍ １８０Ｃ,m,岐阜,11,2050,2330,280,13.66,3499a87efff0a42c,a1b471be8ba9b31a,100,100
配線材料,光ケーブル（４芯テープスロット）,ＳＭ １．３１μｍ ８Ｃ,m,三重,12,386,437,51,13.21,67129c0498a54ffa,f2cf86b329026448,100,100
配線材料,光ケーブル（４芯テープスロット）,ＳＭ １．３１μｍ ２０Ｃ,m,三重,12,465,511,46,9.89,b10fb5c854e7428e,3d534c38d0e65b37,100,100
配線材料,光ケーブル（４芯テープスロット）,ＳＭ １．３１μｍ ４０Ｃ,m,三重,12,684,727,43,6.29,c5abf3adec0b1f92,4624102791111e0f,100,100
配線材料,光ケーブル（４芯テープスロット）,ＳＭ １．３１μｍ ６０Ｃ,m,三重,12,816,829,13,1.59,62792b700d940536,c9456ecb88684f3d,100,100
配線材料,光ケーブル（４芯テープスロット）,ＳＭ １．３１μｍ ８０Ｃ,m,三重,12,978,1050,72,7.36,0581cfad78ab1ab5,6e1f784f204f6751,100,100
配線材料,光ケーブル（４芯テープスロット）,ＳＭ １．３１μｍ １００Ｃ,m,三重,12,1110,1150,40,3.6,7472984e7338f3d9,4bf4561023bd3303,100,100
配線材料,光ケーブル（４芯テープスロット）,ＳＭ １．３１μｍ １２０Ｃ,m,三重,12,1430,1520,90,6.29,2e29d01fc012497c,f0be4163e592cff2,100,100
配線材料,光ケーブル（４芯テープスロット）,ＳＭ １．３１μｍ １４０Ｃ,m,三重,12,1560,1620,60,3.85,2dca08576091154c,0edb662dc44a1263,100,100
配線材料,光ケーブル（４芯テープスロット）,ＳＭ １．３１μｍ １６０Ｃ,m,三重,12,1690,1720,30,1.78,6115c608f27bf382,95cac1de66ee55fd,100,100
配線材料,光ケーブル（４芯テープスロット）,ＳＭ １．３１μｍ １８０Ｃ,m,三重,12,1830,2070,240,13.11,179b6631c768c2c8,d3e155b7f7cd9b15,100,100
配線材料,光ケーブル（４芯テープスロット）,ＳＭ １．３１μｍ ２００Ｃ,m,三重,12,1960,2220,260,13.27,283d8a2083e4a15a,e8198ca79adce5d9,100,100
配線材料,光ケーブル（４芯テープスロット）,ＳＭ １．３１μｍ ２２０Ｃ,m,三重,12,2440,2760,320,13.11,9c9bb1111c31e8e0,cd7c35251d07dd6d,100,100
配線材料,光ケーブル（４芯テープスロット）,ＳＭ １．３１μｍ ２４０Ｃ,m,三重,12,2570,2910,340,13.23,40797dd231184038,d2bf24ead4ad1126,100,100
配線材料,光ケーブル（４芯テープスロット）,ＳＭ １．３１μｍ ２６０Ｃ,m,三重,12,2700,3060,360,13.33,dfca9e1e91dad0b7,ee0316cb7f54ebda,100,100
配線材料,光ケーブル（４芯テープスロット）,ＳＭ １．３１μｍ ２８０Ｃ,m,三重,12,2830,3210,380,13.43,a98558df66345fb3,ea23f7c785111a25,100,100
配線材料,光ケーブル（４芯テープスロット）,ＳＭ １．３１μｍ ３００Ｃ,m,三重,12,2970,3360,390,13.13,2ec48016dc8c5477,3be15912ce048ee9,100,100
配線材料,光ケーブル（４芯テープＳＳＤ）,ＳＭ １．３１μｍ ２０Ｃ,m,三重,12,693,731,38,5.48,e7dc68f8ec4efb75,bf42b6fe658f9fd0,100,100
配線材料,光ケーブル（４芯テープＳＳＤ）,ＳＭ １．３１μｍ ４０Ｃ,m,三重,12,912,992,80,8.77,5b82fe09ed64b6e6,cf95b9777eff49e9,100,100
配線材料,光ケーブル（４芯テープＳＳＤ）,ＳＭ １．３１μｍ ６０Ｃ,m,三重,12,1040,1180,140,13.46,3ee07d955219e2e2,587da1d231494209,100,100
配線材料,光ケーブル（４芯テープＳＳＤ）,ＳＭ １．３１μｍ ８０Ｃ,m,三重,12,1200,1360,160,13.33,6b601f2a9d581b91,5f2cb3652e832b8b,100,100
配線材料,光ケーブル（４芯テープＳＳＤ）,ＳＭ １．３１μｍ １００Ｃ,m,三重,12,1330,1510,180,13.53,02a1bacc89a4d158,919761268d0a2c60,100,100
配線材料,光ケーブル（４芯テープＳＳＤ）,ＳＭ １．３１μｍ １２０Ｃ,m,三重,12,1660,1880,220,13.25,894dd2b5c1fb38a7,442909bb7287bff3,100,100
配線材料,光ケーブル（４芯テープＳＳＤ）,ＳＭ １．３１μｍ １４０Ｃ,m,三重,12,1790,2030,240,13.41,da0db19db4fc1108,87f2cb5f53fee506,100,100
配線材料,光ケーブル（４芯テープＳＳＤ）,ＳＭ １．３１μｍ １６０Ｃ,m,三重,12,1920,2180,260,13.54,fd0062a1786ff748,52d9be9edd095b62,100,100
配線材料,光ケーブル（４芯テープＳＳＤ）,ＳＭ １．３１μｍ １８０Ｃ,m,三重,12,2050,2330,280,13.66,a205c7531100d967,e16ff58a4251f4d9,100,100
配線材料,光ケーブル（４芯テープＳＳＤ）,ＳＭ １．３１μｍ ２００Ｃ,m,福井,01,2190,2480,290,13.24,a788e6060665b4cf,0159594960ee0e33,101,101
配線材料,光ケーブル（４芯テープＳＳＤ）,ＳＭ １．３１μｍ ２２０Ｃ,m,福井,01,2670,3020,350,13.11,fcc287065ceb8127,80f7d29cb0148ed5,101,101
配線材料,光ケーブル（４芯テープＳＳＤ）,ＳＭ １．３１μｍ ２４０Ｃ,m,福井,01,2800,3170,370,13.21,a268a1dd83ddaeb7,a3396b5d84be6844,101,101
配線材料,光ケーブル（４芯テープＳＳＤ）,ＳＭ １．３１μｍ ２６０Ｃ,m,福井,01,2930,3320,390,13.31,46bdb4ef5094ef5b,18549fcced5d262c,101,101
配線材料,光ケーブル（４芯テープＳＳＤ）,ＳＭ １．３１μｍ ２８０Ｃ,m,福井,01,3060,3470,410,13.4,5fe43c7a5c501455,b8baf13d2cd6ff0b,101,101
配線材料,光ケーブル（４芯テープＳＳＤ）,ＳＭ １．３１μｍ ３００Ｃ,m,福井,01,3190,3620,430,13.48,d18262cfdd3eb844,0d0835b1a75e1ea9,101,101
配線材料,光ケーブル（４芯テープＳＳＤ）,ＳＭ １．３１μｍ ３２０Ｃ,m,福井,01,3660,4140,480,13.11,b21d358850f65666,c794f27c9588432f,101,101
配線材料,光ケーブル（４芯テープＳＳＦ）,ＳＭ １．３１μｍ ４Ｃ,m,福井,01,606,686,80,13.2,841f28112c4c1c9f,32560c81d8711f5c,101,101
配線材料,光ケーブル（４芯テープＳＳＦ）,ＳＭ １．３１μｍ ２０Ｃ,m,福井,01,711,806,95,13.36,59c06aed86e0b9f3,6882e017bf98d234,101,101
配線材料,光ケーブル（４芯テープＳＳＦ）,ＳＭ １．３１μｍ ４０Ｃ,m,福井,01,930,1050,120,12.9,d08e87646c549771,2b7aceab30d39b2b,101,101
配線材料,光ケーブル（４芯テープＳＳＦ）,ＳＭ １．３１μｍ ６０Ｃ,m,福井,01,1060,1200,140,13.21,308c1a1c85eb5592,1f57dc4b4dcabcfe,101,101
配線材料,光ケーブル（４芯テープＳＳＦ）,ＳＭ １．３１μｍ ８０Ｃ,m,福井,01,1220,1380,160,13.11,4f53c8654026603c,17a76a3a18f1cb82,101,101
配線材料,光ケーブル（４芯テープＳＳＦ）,ＳＭ １．３１μｍ １００Ｃ,m,福井,01,1350,1530,180,13.33,4a60689a3ccfcc3e,36b62a1de6c5f682,101,101
配線材料,光ケーブル（４芯テープＳＳＦ）,ＳＭ １．３１μｍ １２０Ｃ,m,福井,01,1680,1900,220,13.1,9a83ace54f35ba7e,744c53ff262a166b,101,101
配線材料,光ケーブル（４芯テープＳＳＦ）,ＳＭ １．３１μｍ １４０Ｃ,m,福井,01,1810,2050,240,13.26,5bd976ad9634c13e,5684e79608b06df5,101,101
配線材料,光ケーブル（４芯テープＳＳＦ）,ＳＭ １．３１μｍ １６０Ｃ,m,福井,01,1940,2200,260,13.4,7a1f3279c3698f3e,1e30eb68f8ace5c3,101,101
配線材料,光ケーブル（４芯テープＳＳＦ）,ＳＭ １．３１μｍ １８０Ｃ,m,福井,01,2070,2350,280,13.53,ffe21c82af199bfc,098ab1d0b2d611ec,101,101
配線材料,光ケーブル（４芯テープＳＳＦ）,ＳＭ １．３１μｍ ２００Ｃ,m,福井,01,2200,2500,300,13.64,061d33244411c213,68666d3f157467dd,101,101
配線材料,光ケーブル（４芯テープＳＳＦ）,ＳＭ １．３１μｍ ２２０Ｃ,m,福井,01,2680,3040,360,13.43,0ab18d3f0215ad9c,218a71138e6647aa,101,101
配線材料,光ケーブル（４芯テープＳＳＦ）,ＳＭ １．３１μｍ ２４０Ｃ,m,福井,01,2820,3190,370,13.12,b04e4055cb587a13,038626c24e4c1e1c,101,101
配線材料,光ケーブル（４芯テープＳＳＦ）,ＳＭ １．３１μｍ ２６０Ｃ,m,福井,01,2950,3340,390,13.22,4251f9016b921657,e3ddc7fe150169fe,101,101
配線材料,光ケーブル（４芯テープＳＳＦ）,ＳＭ １．３１μｍ ２８０Ｃ,m,福井,01,3080,3490,410,13.31,ac9b00f65cd38157,0f3c7f63417e45d9,101,101
配線材料,光ケーブル（４芯テープＳＳＦ）,ＳＭ １．３１μｍ ３００Ｃ,m,福井,01,3210,3640,430,13.4,790b9bb1065994c5,36719d262c75175b,101,101
配線材料,光ケーブル（４芯テープＳＳＦ）,ＳＭ １．３１μｍ ３２０Ｃ,m,福井,01,3670,4160,490,13.35,ed6ce4ddd3a505e7,3d6954475e56b09b,101,101
配線材料,光ケーブル（４芯テープＳＳＦ）,ＳＭ １．３１μｍ ３６０Ｃ,m,福井,01,3940,4460,520,13.2,11dc4978b1d72f67,431325aaa1e6c0ca,101,101
配線材料,光ケーブル（４芯テープＳＳＤ）,ＳＭ １．３１μｍ ２００Ｃ,m,滋賀,02,2190,2480,290,13.24,64c1cc2c923df928,b5627037b941c2c4,101,101
配線材料,光ケーブル（４芯テープＳＳＤ）,ＳＭ １．３１μｍ ２２０Ｃ,m,滋賀,02,2670,3020,350,13.11,339f8d819579acbf,e6cfc48808a83ca4,101,101
配線材料,光ケーブル（４芯テープＳＳＤ）,ＳＭ １．３１μｍ ２４０Ｃ,m,滋賀,02,2800,3170,370,13.21,5df8f9206ebbdbf1,b19a0c0bae89e70e,101,101
配線材料,光ケーブル（４芯テープＳＳＤ）,ＳＭ １．３１μｍ ２６０Ｃ,m,滋賀,02,2930,3320,390,13.31,b90d04079ea1be45,73421ebfc50aa621,101,101
配線材料,光ケーブル（４芯テープＳＳＤ）,ＳＭ １．３１μｍ ２８０Ｃ,m,滋賀,02,3060,3470,410,13.4,000a79b9b3fc3d53,0aa450c8d0413b51,101,101
配線材料,光ケーブル（４芯テープＳＳＤ）,ＳＭ １．３１μｍ ３００Ｃ,m,滋賀,02,3190,3620,430,13.48,71dde0a57f080617,8a8c5865289e83d2,101,101
配線材料,光ケーブル（４芯テープＳＳＤ）,ＳＭ １．３１μｍ ３２０Ｃ,m,滋賀,02,3660,4140,480,13.11,583e09a47f7ad9f6,834ccac7e781e476,101,101
配線材料,光ケーブル（４芯テープＳＳＦ）,ＳＭ １．３１μｍ ４Ｃ,m,滋賀,02,606,686,80,13.2,fdaa5b051a4b454a,2c4da8ce14f14a7f,101,101
配線材料,光ケーブル（４芯テープＳＳＦ）,ＳＭ １．３１μｍ ２０Ｃ,m,滋賀,02,711,806,95,13.36,b43fbbc4950fd812,b8a403b212ffa9fc,101,101
配線材料,光ケーブル（４芯テープＳＳＦ）,ＳＭ １．３１μｍ ４０Ｃ,m,滋賀,02,930,1050,120,12.9,f9d1991ad20ea71c,3094788ef6db7702,101,101
配線材料,光ケーブル（４芯テープＳＳＦ）,ＳＭ １．３１μｍ ６０Ｃ,m,滋賀,02,1060,1200,140,13.21,1b1601c256c263ee,85c976f24c290cd8,101,101
配線材料,光ケーブル（４芯テープＳＳＦ）,ＳＭ １．３１μｍ ８０Ｃ,m,滋賀,02,1220,1380,160,13.11,64c05c3725738a6f,2b44453c9a9b8c28,101,101
配線材料,光ケーブル（４芯テープＳＳＦ）,ＳＭ １．３１μｍ １００Ｃ,m,滋賀,02,1350,1530,180,13.33,d191e3cbddebc845,eef3177fced06045,101,101
配線材料,光ケーブル（４芯テープＳＳＦ）,ＳＭ １．３１μｍ １２０Ｃ,m,滋賀,02,1680,1900,220,13.1,e4914a6c39aea3d4,f1500cf9e1e4491a,101,101
配線材料,光ケーブル（４芯テープＳＳＦ）,ＳＭ １．３１μｍ １４０Ｃ,m,滋賀,02,1810,2050,240,13.26,4a3834b5668b3113,54df43162ff9959b,101,101
配線材料,光ケーブル（４芯テープＳＳＦ）,ＳＭ １．３１μｍ １６０Ｃ,m,滋賀,02,1940,2200,260,13.4,0ed8115d79a6629a,2c11be0159f1e240,101,101
配線材料,光ケーブル（４芯テープＳＳＦ）,ＳＭ １．３１μｍ １８０Ｃ,m,滋賀,02,2070,2350,280,13.53,2ddbf4ac1506cd05,74392a25d638ed14,101,101
配線材料,光ケーブル（４芯テープＳＳＦ）,ＳＭ １．３１μｍ ２００Ｃ,m,滋賀,02,2200,2500,300,13.64,28a2fd4fc3a265f8,5c635f20cdebfb89,101,101
配線材料,光ケーブル（４芯テープＳＳＦ）,ＳＭ １．３１μｍ ２２０Ｃ,m,滋賀,02,2680,3040,360,13.43,c9ead5936778f13b,32e5667adb55e2a3,101,101
配線材料,光ケーブル（４芯テープＳＳＦ）,ＳＭ １．３１μｍ ２４０Ｃ,m,滋賀,02,2820,3190,370,13.12,41385eba3c61320b,1c1c4457c58dc25c,101,101
配線材料,光ケーブル（４芯テープＳＳＦ）,ＳＭ １．３１μｍ ２６０Ｃ,m,滋賀,02,2950,3340,390,13.22,4f1e57ec8d7c3910,66c57e4210fd3198,101,101
配線材料,光ケーブル（４芯テープＳＳＦ）,ＳＭ １．３１μｍ ２８０Ｃ,m,滋賀,02,3080,3490,410,13.31,55bee23244c7bd76,0958786d64751cec,101,101
配線材料,光ケーブル（４芯テープＳＳＦ）,ＳＭ １．３１μｍ ３００Ｃ,m,滋賀,02,3210,3640,430,13.4,96597c9c4bcbcfa3,0262fbd13cfc1c44,101,101
配線材料,光ケーブル（４芯テープＳＳＦ）,ＳＭ １．３１μｍ ３２０Ｃ,m,滋賀,02,3670,4160,490,13.35,8cb010866f8212bb,be492d49aba84022,101,101
配線材料,光ケーブル（４芯テープＳＳＦ）,ＳＭ １．３１μｍ ３６０Ｃ,m,滋賀,02,3940,4460,520,13.2,69af037615bb8401,8854f9ee392a803a,101,101
配線材料,光ケーブル（４芯テープＳＳＤ）,ＳＭ １．３１μｍ ２００Ｃ,m,京都北部,03,2190,2480,290,13.24,325c6a211f26de1f,7f9c7665ed01f358,101,101
配線材料,光ケーブル（４芯テープＳＳＤ）,ＳＭ １．３１μｍ ２２０Ｃ,m,京都北部,03,2670,3020,350,13.11,f51a47286c433d4b,bd4c9823ea937ee5,101,101
配線材料,光ケーブル（４芯テープＳＳＤ）,ＳＭ １．３１μｍ ２４０Ｃ,m,京都北部,03,2800,3170,370,13.21,9130ed87358db86c,8dda07a3c9e88fee,101,101
配線材料,光ケーブル（４芯テープＳＳＤ）,ＳＭ １．３１μｍ ２６０Ｃ,m,京都北部,03,2930,3320,390,13.31,0f2627a132b0f8d9,09071caf4961321f,101,101
配線材料,光ケーブル（４芯テープＳＳＤ）,ＳＭ １．３１μｍ ２８０Ｃ,m,京都北部,03,3060,3470,410,13.4,8dc72486785628c0,d77e6addb8302999,101,101
配線材料,光ケーブル（４芯テープＳＳＤ）,ＳＭ １．３１μｍ ３００Ｃ,m,京都北部,03,3190,3620,430,13.48,246c39428a3055c3,9dcc72141ead8519,101,101
配線材料,光ケーブル（４芯テープＳＳＤ）,ＳＭ １．３１μｍ ３２０Ｃ,m,京都北部,03,3660,4140,480,13.11,76ab563511cf2dbb,5f6f065bac225299,101,101
配線材料,光ケーブル（４芯テープＳＳＦ）,ＳＭ １．３１μｍ ４Ｃ,m,京都北部,03,606,686,80,13.2,09bfaa5edf58a6b3,698bbfb235504e1e,101,101
配線材料,光ケーブル（４芯テープＳＳＦ）,ＳＭ １．３１μｍ ２０Ｃ,m,京都北部,03,711,806,95,13.36,bef278ba21299ae3,ca03df68f460e4ca,101,101
配線材料,光ケーブル（４芯テープＳＳＦ）,ＳＭ １．３１μｍ ４０Ｃ,m,京都北部,03,930,1050,120,12.9,4b65da7f2f4a0396,146c3157aaef1e64,101,101
配線材料,光ケーブル（４芯テープＳＳＦ）,ＳＭ １．３１μｍ ６０Ｃ,m,京都北部,03,1060,1200,140,13.21,6d7c99e66dedc6ee,1b14f36a87f55a12,101,101
配線材料,光ケーブル（４芯テープＳＳＦ）,ＳＭ １．３１μｍ ８０Ｃ,m,京都北部,03,1220,1380,160,13.11,0d17ba116151db60,30094da176160b29,101,101
配線材料,光ケーブル（４芯テープＳＳＦ）,ＳＭ １．３１μｍ １００Ｃ,m,京都北部,03,1350,1530,180,13.33,41f9fe00c2f954d8,8acf490d84d1b5e3,101,101
配線材料,光ケーブル（４芯テープＳＳＦ）,ＳＭ １．３１μｍ １２０Ｃ,m,京都北部,03,1680,1900,220,13.1,20f17c990051f6a4,6e0ab3e968d72478,101,101
配線材料,光ケーブル（４芯テープＳＳＦ）,ＳＭ １．３１μｍ １４０Ｃ,m,京都北部,03,1810,2050,240,13.26,7f5282d823f94bff,e2b275e7cc62e79a,101,101
配線材料,光ケーブル（４芯テープＳＳＦ）,ＳＭ １．３１μｍ １６０Ｃ,m,京都北部,03,1940,2200,260,13.4,7eee034eb634f317,771bcbb2db9b41a0,101,101
配線材料,光ケーブル（４芯テープＳＳＦ）,ＳＭ １．３１μｍ １８０Ｃ,m,京都北部,03,2070,2350,280,13.53,0b63f6f9af231ccb,b91eae050f289371,101,101
配線材料,光ケーブル（４芯テープＳＳＦ）,ＳＭ １．３１μｍ ２００Ｃ,m,京都北部,03,2200,2500,300,13.64,815fca0ae3c5b1db,3a028b648ded213e,101,101
配線材料,光ケーブル（４芯テープＳＳＦ）,ＳＭ １．３１μｍ ２２０Ｃ,m,京都北部,03,2680,3040,360,13.43,20f65ea4185da635,9d07fb46eff71895,101,101
配線材料,光ケーブル（４芯テープＳＳＦ）,ＳＭ １．３１μｍ ２４０Ｃ,m,京都北部,03,2820,3190,370,13.12,5d27bbb8dd89c799,79e2903850175428,101,101
配線材料,光ケーブル（４芯テープＳＳＦ）,ＳＭ １．３１μｍ ２６０Ｃ,m,京都北部,03,2950,3340,390,13.22,be8da73ee686ea45,c5b307a49f0aa20b,101,101
配線材料,光ケーブル（４芯テープＳＳＦ）,ＳＭ １．３１μｍ ２８０Ｃ,m,京都北部,03,3080,3490,410,13.31,4f2ca1847d2095d4,237ae857b3cc5635,101,101
配線材料,光ケーブル（４芯テープＳＳＦ）,ＳＭ １．３１μｍ ３００Ｃ,m,京都北部,03,3210,3640,430,13.4,e3807af8ac031706,8db5971c715269cc,101,101
配線材料,光ケーブル（４芯テープＳＳＦ）,ＳＭ １．３１μｍ ３２０Ｃ,m,京都北部,03,3670,4160,490,13.35,caf9f120f46fdbd5,4f068970156052e5,101,101
配線材料,光ケーブル（４芯テープＳＳＦ）,ＳＭ １．３１μｍ ３６０Ｃ,m,京都北部,03,3940,4460,520,13.2,44c6a2f82f83a004,2e722b47b5364df6,101,101
配線材料,光ケーブル（４芯テープＳＳＤ）,ＳＭ １．３１μｍ ２００Ｃ,m,京都南部,04,2190,2480,290,13.24,aad3c3596f77bc15,d7aae7dc63b07ec0,101,101
配線材料,光ケーブル（４芯テープＳＳＤ）,ＳＭ １．３１μｍ ２２０Ｃ,m,京都南部,04,2670,3020,350,13.11,dcf8d90109c11566,054f222351ec2563,101,101
配線材料,光ケーブル（４芯テープＳＳＤ）,ＳＭ １．３１μｍ ２４０Ｃ,m,京都南部,04,2800,3170,370,13.21,2b6f0164d9715a92,8b8e57817e7e5074,101,101
配線材料,光ケーブル（４芯テープＳＳＤ）,ＳＭ １．３１μｍ ２６０Ｃ,m,京都南部,04,2930,3320,390,13.31,94c6067b58335923,80f233a1450cc158,101,101
配線材料,光ケーブル（４芯テープＳＳＤ）,ＳＭ １．３１μｍ ２８０Ｃ,m,京都南部,04,3060,3470,410,13.4,943d6ee2e71cc020,27cfbb70cf81912e,101,101
配線材料,光ケーブル（４芯テープＳＳＤ）,ＳＭ １．３１μｍ ３００Ｃ,m,京都南部,04,3190,3620,430,13.48,973d53f15deb75f5,43ec873b422abde0,101,101
配線材料,光ケーブル（４芯テープＳＳＤ）,ＳＭ １．３１μｍ ３２０Ｃ,m,京都南部,04,3660,4140,480,13.11,0718f54a386dd641,76bd02754afbdd9d,101,101
配線材料,光ケーブル（４芯テープＳＳＦ）,ＳＭ １．３１μｍ ４Ｃ,m,京都南部,04,606,686,80,13.2,0d3ebe85e4436178,7158e2cd4604efd4,101,101
配線材料,光ケーブル（４芯テープＳＳＦ）,ＳＭ １．３１μｍ ２０Ｃ,m,京都南部,04,711,806,95,13.36,af582b939874c286,448e051a120ff77c,101,101
配線材料,光ケーブル（４芯テープＳＳＦ）,ＳＭ １．３１μｍ ４０Ｃ,m,京都南部,04,930,1050,120,12.9,a13d89efba457155,b21237807464d83d,101,101
配線材料,光ケーブル（４芯テープＳＳＦ）,ＳＭ １．３１μｍ ６０Ｃ,m,京都南部,04,1060,1200,140,13.21,f1e893d7ce06bbd7,b92c8df084fd5c60,101,101
配線材料,光ケーブル（４芯テープＳＳＦ）,ＳＭ １．３１μｍ ８０Ｃ,m,京都南部,04,1220,1380,160,13.11,3494eb968d6ce93b,5d17356d2889f38d,101,101
配線材料,光ケーブル（４芯テープＳＳＦ）,ＳＭ １．３１μｍ １００Ｃ,m,京都南部,04,1350,1530,180,13.33,a754aee801e4aa58,1a882ec768555fac,101,101
配線材料,光ケーブル（４芯テープＳＳＦ）,ＳＭ １．３１μｍ １２０Ｃ,m,京都南部,04,1680,1900,220,13.1,d9323ab6540fb0ea,fbf1e8864c9f25d4,101,101
配線材料,光ケーブル（４芯テープＳＳＦ）,ＳＭ １．３１μｍ １４０Ｃ,m,京都南部,04,1810,2050,240,13.26,50dcf1d988c225a0,b5066b1ee6021444,101,101
配線材料,光ケーブル（４芯テープＳＳＦ）,ＳＭ １．３１μｍ １６０Ｃ,m,京都南部,04,1940,2200,260,13.4,eb4f08704024a313,73d3d244eb4cad49,101,101
配線材料,光ケーブル（４芯テープＳＳＦ）,ＳＭ １．３１μｍ １８０Ｃ,m,京都南部,04,2070,2350,280,13.53,46e74487b23f3c5e,78fe3b7fb443d079,101,101
配線材料,光ケーブル（４芯テープＳＳＦ）,ＳＭ １．３１μｍ ２００Ｃ,m,京都南部,04,2200,2500,300,13.64,f31f186f999cff48,5637f71b9f671db7,101,101
配線材料,光ケーブル（４芯テープＳＳＦ）,ＳＭ １．３１μｍ ２２０Ｃ,m,京都南部,04,2680,3040,360,13.43,49b6a45748519fa5,9c80435b4f9697ef,101,101
配線材料,光ケーブル（４芯テープＳＳＦ）,ＳＭ １．３１μｍ ２４０Ｃ,m,京都南部,04,2820,3190,370,13.12,6453fbb2d7f470f9,73daff9dd4eb411d,101,101
配線材料,光ケーブル（４芯テープＳＳＦ）,ＳＭ １．３１μｍ ２６０Ｃ,m,京都南部,04,2950,3340,390,13.22,b0a4d73627a74a0d,fec394233b4097d9,101,101
配線材料,光ケーブル（４芯テープＳＳＦ）,ＳＭ １．３１μｍ ２８０Ｃ,m,京都南部,04,3080,3490,410,13.31,a48269ee9c8b79d2,5da77b099b4e1121,101,101
配線材料,光ケーブル（４芯テープＳＳＦ）,ＳＭ １．３１μｍ ３００Ｃ,m,京都南部,04,3210,3640,430,13.4,17b6e99b55217cf9,580eb77c394d4a31,101,101
配線材料,光ケーブル（４芯テープＳＳＦ）,ＳＭ １．３１μｍ ３２０Ｃ,m,京都南部,04,3670,4160,490,13.35,a313ea418de20125,acc57779334a8e45,101,101
配線材料,光ケーブル（４芯テープＳＳＦ）,ＳＭ １．３１μｍ ３６０Ｃ,m,京都南部,04,3940,4460,520,13.2,bea696f2a3d20167,e6e15fd19c21fcf7,101,101
配線材料,光ケーブル（４芯テープＳＳＤ）,ＳＭ １．３１μｍ ２００Ｃ,m,大阪,05,2190,2480,290,13.24,2af795b54b21fe89,cd8b18b6f04249e9,101,101
配線材料,光ケーブル（４芯テープＳＳＤ）,ＳＭ １．３１μｍ ２２０Ｃ,m,大阪,05,2670,3020,350,13.11,b29b742b514ed2f1,8fea4eb0193a1ba8,101,101
配線材料,光ケーブル（４芯テープＳＳＤ）,ＳＭ １．３１μｍ ２４０Ｃ,m,大阪,05,2800,3170,370,13.21,8734ca998fdb9277,bb802a91ecf65ae6,101,101
配線材料,光ケーブル（４芯テープＳＳＤ）,ＳＭ １．３１μｍ ２６０Ｃ,m,大阪,05,2930,3320,390,13.31,af6aa3cb7b73f5f1,f6e93d6059115a4d,101,101
配線材料,光ケーブル（４芯テープＳＳＤ）,ＳＭ １．３１μｍ ２８０Ｃ,m,大阪,05,3060,3470,410,13.4,120a5189f23a392c,4ab3cda14d34cccb,101,101
配線材料,光ケーブル（４芯テープＳＳＤ）,ＳＭ １．３１μｍ ３００Ｃ,m,大阪,05,3190,3620,430,13.48,05d44db32370fa89,5be5de19f84bf966,101,101
配線材料,光ケーブル（４芯テープＳＳＤ）,ＳＭ １．３１μｍ ３２０Ｃ,m,大阪,05,3660,4140,480,13.11,e6e2fe2830ed1e7b,47fb4ebd4e90d7c9,101,101
配線材料,光ケーブル（４芯テープＳＳＦ）,ＳＭ １．３１μｍ ４Ｃ,m,大阪,05,606,686,80,13.2,5417478328004f71,e1d9bfc4b4b88696,101,101
配線材料,光ケーブル（４芯テープＳＳＦ）,ＳＭ １．３１μｍ ２０Ｃ,m,大阪,05,711,806,95,13.36,0274f01d34136ea7,7da699a2837eb8b5,101,101
配線材料,光ケーブル（４芯テープＳＳＦ）,ＳＭ １．３１μｍ ４０Ｃ,m,大阪,05,930,1050,120,12.9,e743b550ee0471ac,e473dc0c96028a14,101,101
配線材料,光ケーブル（４芯テープＳＳＦ）,ＳＭ １．３１μｍ ６０Ｃ,m,大阪,05,1060,1200,140,13.21,6f486051b28206a5,a59da5574dfaa3be,101,101
配線材料,光ケーブル（４芯テープＳＳＦ）,ＳＭ １．３１μｍ ８０Ｃ,m,大阪,05,1220,1380,160,13.11,53c25ae5f795a67b,33f827817608be4b,101,101
配線材料,光ケーブル（４芯テープＳＳＦ）,ＳＭ １．３１μｍ １００Ｃ,m,大阪,05,1350,1530,180,13.33,ef6897c725e229e8,a82c5512150a894c,101,101
配線材料,光ケーブル（４芯テープＳＳＦ）,ＳＭ １．３１μｍ １２０Ｃ,m,大阪,05,1680,1900,220,13.1,7cf9d4dfd04f9863,f8bbba081c063bf3,101,101
配線材料,光ケーブル（４芯テープＳＳＦ）,ＳＭ １．３１μｍ １４０Ｃ,m,大阪,05,1810,2050,240,13.26,c32c861f5ecf2500,0e7ee9018838c5ab,101,101
配線材料,光ケーブル（４芯テープＳＳＦ）,ＳＭ １．３１μｍ １６０Ｃ,m,大阪,05,1940,2200,260,13.4,998b9550d1ff4149,5a5aaa19e8cfcdc1,101,101
配線材料,光ケーブル（４芯テープＳＳＦ）,ＳＭ １．３１μｍ １８０Ｃ,m,大阪,05,2070,2350,280,13.53,ae7e679c44dc814f,a6beca0a67cc711f,101,101
配線材料,光ケーブル（４芯テープＳＳＦ）,ＳＭ １．３１μｍ ２００Ｃ,m,大阪,05,2200,2500,300,13.64,ec7974ae8aa830f3,3076565f89961a7f,101,101
配線材料,光ケーブル（４芯テープＳＳＦ）,ＳＭ １．３１μｍ ２２０Ｃ,m,大阪,05,2680,3040,360,13.43,6cde19a806d0d016,7fc8d121dfcee38e,101,101
配線材料,光ケーブル（４芯テープＳＳＦ）,ＳＭ １．３１μｍ ２４０Ｃ,m,大阪,05,2820,3190,370,13.12,b030e470e6c8dae9,56bee62c17616fda,101,101
配線材料,光ケーブル（４芯テープＳＳＦ）,ＳＭ １．３１μｍ ２６０Ｃ,m,大阪,05,2950,3340,390,13.22,f9feec51ba4d802a,28b8cec97acb9cff,101,101
配線材料,光ケーブル（４芯テープＳＳＦ）,ＳＭ １．３１μｍ ２８０Ｃ,m,大阪,05,3080,3490,410,13.31,6afd010315e43f66,2cb683d8c0933c66,101,101
配線材料,光ケーブル（４芯テープＳＳＦ）,ＳＭ １．３１μｍ ３００Ｃ,m,大阪,05,3210,3640,430,13.4,3890931f919ad6e6,550874d9892375b7,101,101
配線材料,光ケーブル（４芯テープＳＳＦ）,ＳＭ １．３１μｍ ３２０Ｃ,m,大阪,05,3670,4160,490,13.35,832c24f5f4600457,de7903738cd6e96a,101,101
配線材料,光ケーブル（４芯テープＳＳＦ）,ＳＭ １．３１μｍ ３６０Ｃ,m,大阪,05,3940,4460,520,13.2,1bcd35a1a0d415a5,c1d4c30ead71ee62,101,101
配線材料,光ケーブル（４芯テープＳＳＤ）,ＳＭ １．３１μｍ ２００Ｃ,m,兵庫北部,06,2190,2480,290,13.24,91463b3e67ad243d,2a068e0aa1a65144,101,101
配線材料,光ケーブル（４芯テープＳＳＤ）,ＳＭ １．３１μｍ ２２０Ｃ,m,兵庫北部,06,2670,3020,350,13.11,96d06ee7060e3b45,733336e955db60cd,101,101
配線材料,光ケーブル（４芯テープＳＳＤ）,ＳＭ １．３１μｍ ２４０Ｃ,m,兵庫北部,06,2800,3170,370,13.21,84a21d758f2b630b,960240171a3b5982,101,101
配線材料,光ケーブル（４芯テープＳＳＤ）,ＳＭ １．３１μｍ ２６０Ｃ,m,兵庫北部,06,2930,3320,390,13.31,0245cd2a18a2fbfa,758a64a9c4767e06,101,101
配線材料,光ケーブル（４芯テープＳＳＤ）,ＳＭ １．３１μｍ ２８０Ｃ,m,兵庫北部,06,3060,3470,410,13.4,3ea7d326b22b8300,e45ed06583d0f055,101,101
配線材料,光ケーブル（４芯テープＳＳＤ）,ＳＭ １．３１μｍ ３００Ｃ,m,兵庫北部,06,3190,3620,430,13.48,298418138a5602f2,03b4677d7e6a6b6d,101,101
配線材料,光ケーブル（４芯テープＳＳＤ）,ＳＭ １．３１μｍ ３２０Ｃ,m,兵庫北部,06,3660,4140,480,13.11,6e2d4d7c4dca203e,642dbecbb12ec226,101,101
配線材料,光ケーブル（４芯テープＳＳＦ）,ＳＭ １．３１μｍ ４Ｃ,m,兵庫北部,06,606,686,80,13.2,c6346d0b78a75cd2,497e2e228b22d226,101,101
配線材料,光ケーブル（４芯テープＳＳＦ）,ＳＭ １．３１μｍ ２０Ｃ,m,兵庫北部,06,711,806,95,13.36,00f126c299575baa,997c5b15d6817c49,101,101
配線材料,光ケーブル（４芯テープＳＳＦ）,ＳＭ １．３１μｍ ４０Ｃ,m,兵庫北部,06,930,1050,120,12.9,137a7caaf97fa921,7408fddc831393a0,101,101
配線材料,光ケーブル（４芯テープＳＳＦ）,ＳＭ １．３１μｍ ６０Ｃ,m,兵庫北部,06,1060,1200,140,13.21,a73b866c869d28a0,8f84fe3f6881af03,101,101
配線材料,光ケーブル（４芯テープＳＳＦ）,ＳＭ １．３１μｍ ８０Ｃ,m,兵庫北部,06,1220,1380,160,13.11,ad2ba4560117b3d1,476bf178d840f8b8,101,101
配線材料,光ケーブル（４芯テープＳＳＦ）,ＳＭ １．３１μｍ １００Ｃ,m,兵庫北部,06,1350,1530,180,13.33,4286f7299854d8ca,e9da2b4938b4ae0f,101,101
配線材料,光ケーブル（４芯テープＳＳＦ）,ＳＭ １．３１μｍ １２０Ｃ,m,兵庫北部,06,1680,1900,220,13.1,72eeeff3bf9bbf20,125828059792db03,101,101
配線材料,光ケーブル（４芯テープＳＳＦ）,ＳＭ １．３１μｍ １４０Ｃ,m,兵庫北部,06,1810,2050,240,13.26,85c4229fd63399b4,fd36bfc1a7163202,101,101
配線材料,光ケーブル（４芯テープＳＳＦ）,ＳＭ １．３１μｍ １６０Ｃ,m,兵庫北部,06,1940,2200,260,13.4,c881c4947529987f,77b68a3d8f2216fe,101,101
配線材料,光ケーブル（４芯テープＳＳＦ）,ＳＭ １．３１μｍ １８０Ｃ,m,兵庫北部,06,2070,2350,280,13.53,18cfa9978515d30c,852c225d762890e8,101,101
配線材料,光ケーブル（４芯テープＳＳＦ）,ＳＭ １．３１μｍ ２００Ｃ,m,兵庫北部,06,2200,2500,300,13.64,55844f43279ffedd,803c5531c21b3ad3,101,101
配線材料,光ケーブル（４芯テープＳＳＦ）,ＳＭ １．３１μｍ ２２０Ｃ,m,兵庫北部,06,2680,3040,360,13.43,982629c9576dfb00,d0b8a214e58196c6,101,101
配線材料,光ケーブル（４芯テープＳＳＦ）,ＳＭ １．３１μｍ ２４０Ｃ,m,兵庫北部,06,2820,3190,370,13.12,e78dcf0190c5c210,8a7348b572b8423e,101,101
配線材料,光ケーブル（４芯テープＳＳＦ）,ＳＭ １．３１μｍ ２６０Ｃ,m,兵庫北部,06,2950,3340,390,13.22,e6bd76b9f21cb516,d6db9493ebc85a7a,101,101
配線材料,光ケーブル（４芯テープＳＳＦ）,ＳＭ １．３１μｍ ２８０Ｃ,m,兵庫北部,06,3080,3490,410,13.31,0af0c8ea0bf0c908,7a2c186e915d3344,101,101
配線材料,光ケーブル（４芯テープＳＳＦ）,ＳＭ １．３１μｍ ３００Ｃ,m,兵庫北部,06,3210,3640,430,13.4,69afef94669854a1,a1843332302c3d29,101,101
配線材料,光ケーブル（４芯テープＳＳＦ）,ＳＭ １．３１μｍ ３２０Ｃ,m,兵庫北部,06,3670,4160,490,13.35,a72f07b0a53b3a2c,acf7049958ce4189,101,101
配線材料,光ケーブル（４芯テープＳＳＦ）,ＳＭ １．３１μｍ ３６０Ｃ,m,兵庫北部,06,3940,4460,520,13.2,c06ca7281d4a2667,d3001a6b35532256,101,101
配線材料,光ケーブル（４芯テープＳＳＤ）,ＳＭ １．３１μｍ ２００Ｃ,m,兵庫西部,07,2190,2480,290,13.24,e29249a0de71acbf,6be27338a0e23a2d,101,101
配線材料,光ケーブル（４芯テープＳＳＤ）,ＳＭ １．３１μｍ ２２０Ｃ,m,兵庫西部,07,2670,3020,350,13.11,25af44a18f4a3fb4,e4c2a9a64f93b23c,101,101
配線材料,光ケーブル（４芯テープＳＳＤ）,ＳＭ １．３１μｍ ２４０Ｃ,m,兵庫西部,07,2800,3170,370,13.21,307f54c515e65ce5,a0e7032cbc20f2e3,101,101
配線材料,光ケーブル（４芯テープＳＳＤ）,ＳＭ １．３１μｍ ２６０Ｃ,m,兵庫西部,07,2930,3320,390,13.31,3d03fd36359454f1,629659a06cc902c4,101,101
配線材料,光ケーブル（４芯テープＳＳＤ）,ＳＭ １．３１μｍ ２８０Ｃ,m,兵庫西部,07,3060,3470,410,13.4,f2bb9919fe753eea,6cfadbc39847cd85,101,101
配線材料,光ケーブル（４芯テープＳＳＤ）,ＳＭ １．３１μｍ ３００Ｃ,m,兵庫西部,07,3190,3620,430,13.48,2f230ff86ced0b77,750d41389ac495d6,101,101
配線材料,光ケーブル（４芯テープＳＳＤ）,ＳＭ １．３１μｍ ３２０Ｃ,m,兵庫西部,07,3660,4140,480,13.11,ec6ee8d642105ccd,d37f743b0c24ccf8,101,101
配線材料,光ケーブル（４芯テープＳＳＦ）,ＳＭ １．３１μｍ ４Ｃ,m,兵庫西部,07,606,686,80,13.2,342251d496c24dc0,2913d9c792358ffb,101,101
配線材料,光ケーブル（４芯テープＳＳＦ）,ＳＭ １．３１μｍ ２０Ｃ,m,兵庫西部,07,711,806,95,13.36,3355983ab6b7ade8,1755598527208623,101,101
配線材料,光ケーブル（４芯テープＳＳＦ）,ＳＭ １．３１μｍ ４０Ｃ,m,兵庫西部,07,930,1050,120,12.9,6d79c1cc39a8e2f2,063a53acb1a40f27,101,101
配線材料,光ケーブル（４芯テープＳＳＦ）,ＳＭ １．３１μｍ ６０Ｃ,m,兵庫西部,07,1060,1200,140,13.21,891e27b4d6d8e52b,23a6f50f088b0843,101,101
配線材料,光ケーブル（４芯テープＳＳＦ）,ＳＭ １．３１μｍ ８０Ｃ,m,兵庫西部,07,1220,1380,160,13.11,36f65d6e9bb2ac01,50c0a57d39fea159,101,101
配線材料,光ケーブル（４芯テープＳＳＦ）,ＳＭ １．３１μｍ １００Ｃ,m,兵庫西部,07,1350,1530,180,13.33,bf208caefc553d11,b482a59b848ff0fe,101,101
配線材料,光ケーブル（４芯テープＳＳＦ）,ＳＭ １．３１μｍ １２０Ｃ,m,兵庫西部,07,1680,1900,220,13.1,66595055b3670904,6c5844d2c280062c,101,101
配線材料,光ケーブル（４芯テープＳＳＦ）,ＳＭ １．３１μｍ １４０Ｃ,m,兵庫西部,07,1810,2050,240,13.26,a41bc7cd9568b454,c400e9a40614b557,101,101
配線材料,光ケーブル（４芯テープＳＳＦ）,ＳＭ １．３１μｍ １６０Ｃ,m,兵庫西部,07,1940,2200,260,13.4,5a876a3383894a67,e62daf7c999c6497,101,101
配線材料,光ケーブル（４芯テープＳＳＦ）,ＳＭ １．３１μｍ １８０Ｃ,m,兵庫西部,07,2070,2350,280,13.53,f31d5bb86ef9ef9a,eac8f9719a91ea97,101,101
配線材料,光ケーブル（４芯テープＳＳＦ）,ＳＭ １．３１μｍ ２００Ｃ,m,兵庫西部,07,2200,2500,300,13.64,13da28e519366cb7,3d81edd91accebbf,101,101
配線材料,光ケーブル（４芯テープＳＳＦ）,ＳＭ １．３１μｍ ２２０Ｃ,m,兵庫西部,07,2680,3040,360,13.43,338b78d5a3d869d8,9a3ffcf15a834069,101,101
配線材料,光ケーブル（４芯テープＳＳＦ）,ＳＭ １．３１μｍ ２４０Ｃ,m,兵庫西部,07,2820,3190,370,13.12,b4b82664955ea785,443ad34acab19173,101,101
配線材料,光ケーブル（４芯テープＳＳＦ）,ＳＭ １．３１μｍ ２６０Ｃ,m,兵庫西部,07,2950,3340,390,13.22,d9630ef15389ab77,8588d894d48fc632,101,101
配線材料,光ケーブル（４芯テープＳＳＦ）,ＳＭ １．３１μｍ ２８０Ｃ,m,兵庫西部,07,3080,3490,410,13.31,f50167e05eb3d9e7,fede85caf9493d51,101,101
配線材料,光ケーブル（４芯テープＳＳＦ）,ＳＭ １．３１μｍ ３００Ｃ,m,兵庫西部,07,3210,3640,430,13.4,be2699bcae6397c6,ada1b88c4a862550,101,101
配線材料,光ケーブル（４芯テープＳＳＦ）,ＳＭ １．３１μｍ ３２０Ｃ,m,兵庫西部,07,3670,4160,490,13.35,3908c47732818e5d,cc8c18c6dc4ee217,101,101
配線材料,光ケーブル（４芯テープＳＳＦ）,ＳＭ １．３１μｍ ３６０Ｃ,m,兵庫西部,07,3940,4460,520,13.2,d4ef72f865767641,a06020cee5d5462e,101,101
配線材料,光ケーブル（４芯テープＳＳＤ）,ＳＭ １．３１μｍ ２００Ｃ,m,兵庫,08,2190,2480,290,13.24,ce02429f8fcfca11,93f263696299470f,101,101
配線材料,光ケーブル（４芯テープＳＳＤ）,ＳＭ １．３１μｍ ２２０Ｃ,m,兵庫,08,2670,3020,350,13.11,5a62b4e95b486c81,090a466c75385744,101,101
配線材料,光ケーブル（４芯テープＳＳＤ）,ＳＭ １．３１μｍ ２４０Ｃ,m,兵庫,08,2800,3170,370,13.21,41a83ef165d0bb52,e851e56255370984,101,101
配線材料,光ケーブル（４芯テープＳＳＤ）,ＳＭ １．３１μｍ ２６０Ｃ,m,兵庫,08,2930,3320,390,13.31,c7336036c69b8a4a,badb3d9884db830b,101,101
配線材料,光ケーブル（４芯テープＳＳＤ）,ＳＭ １．３１μｍ ２８０Ｃ,m,兵庫,08,3060,3470,410,13.4,b5564ebebbc040cc,d2b53219c17d7500,101,101
配線材料,光ケーブル（４芯テープＳＳＤ）,ＳＭ １．３１μｍ ３００Ｃ,m,兵庫,08,3190,3620,430,13.48,fc3d331d8d52c9a1,74fe7b1fa222947f,101,101
配線材料,光ケーブル（４芯テープＳＳＤ）,ＳＭ １．３１μｍ ３２０Ｃ,m,兵庫,08,3660,4140,480,13.11,c1a42eda48a55b26,0e72730280f22233,101,101
配線材料,光ケーブル（４芯テープＳＳＦ）,ＳＭ １．３１μｍ ４Ｃ,m,兵庫,08,606,686,80,13.2,845a73221fde55e2,15ee54fb68cda60f,101,101
配線材料,光ケーブル（４芯テープＳＳＦ）,ＳＭ １．３１μｍ ２０Ｃ,m,兵庫,08,711,806,95,13.36,cd798a8ab9ca5e53,1e7362d4075070bd,101,101
配線材料,光ケーブル（４芯テープＳＳＦ）,ＳＭ １．３１μｍ ４０Ｃ,m,兵庫,08,930,1050,120,12.9,b3519ed0bc0ecc3c,73d74706bd1a37fc,101,101
配線材料,光ケーブル（４芯テープＳＳＦ）,ＳＭ １．３１μｍ ６０Ｃ,m,兵庫,08,1060,1200,140,13.21,f1a51f59b5381154,49a46782bef39aed,101,101
配線材料,光ケーブル（４芯テープＳＳＦ）,ＳＭ １．３１μｍ ８０Ｃ,m,兵庫,08,1220,1380,160,13.11,8a4b2193990f1934,e5b9507c136cf08f,101,101
配線材料,光ケーブル（４芯テープＳＳＦ）,ＳＭ １．３１μｍ １００Ｃ,m,兵庫,08,1350,1530,180,13.33,8f2ded1ab04c808e,9ab31519ca7e8691,101,101
配線材料,光ケーブル（４芯テープＳＳＦ）,ＳＭ １．３１μｍ １２０Ｃ,m,兵庫,08,1680,1900,220,13.1,d38ae7850596236e,8b4be2e23961282b,101,101
配線材料,光ケーブル（４芯テープＳＳＦ）,ＳＭ １．３１μｍ １４０Ｃ,m,兵庫,08,1810,2050,240,13.26,9ede27cb6c52ad0b,2b4bf1fdf1d83095,101,101
配線材料,光ケーブル（４芯テープＳＳＦ）,ＳＭ １．３１μｍ １６０Ｃ,m,兵庫,08,1940,2200,260,13.4,6f98b98eefbc543d,8078fe49fe7fa2d5,101,101
配線材料,光ケーブル（４芯テープＳＳＦ）,ＳＭ １．３１μｍ １８０Ｃ,m,兵庫,08,2070,2350,280,13.53,e7e25fd8986c1c79,fa4735014e103fba,101,101
配線材料,光ケーブル（４芯テープＳＳＦ）,ＳＭ １．３１μｍ ２００Ｃ,m,兵庫,08,2200,2500,300,13.64,77a19af3d491e768,673614172be43e3a,101,101
配線材料,光ケーブル（４芯テープＳＳＦ）,ＳＭ １．３１μｍ ２２０Ｃ,m,兵庫,08,2680,3040,360,13.43,23efd26047771280,a96061fc15acc137,101,101
配線材料,光ケーブル（４芯テープＳＳＦ）,ＳＭ １．３１μｍ ２４０Ｃ,m,兵庫,08,2820,3190,370,13.12,069eb237990a818b,f29f696633be0da0,101,101
配線材料,光ケーブル（４芯テープＳＳＦ）,ＳＭ １．３１μｍ ２６０Ｃ,m,兵庫,08,2950,3340,390,13.22,b63bdca81df92088,18ab45cc1abd2a7f,101,101
配線材料,光ケーブル（４芯テープＳＳＦ）,ＳＭ １．３１μｍ ２８０Ｃ,m,兵庫,08,3080,3490,410,13.31,0837c748d4b82de1,91114621aac1ebaa,101,101
配線材料,光ケーブル（４芯テープＳＳＦ）,ＳＭ １．３１μｍ ３００Ｃ,m,兵庫,08,3210,3640,430,13.4,49c6c6035ecf6ab8,904ec60d737ac7d5,101,101
配線材料,光ケーブル（４芯テープＳＳＦ）,ＳＭ １．３１μｍ ３２０Ｃ,m,兵庫,08,3670,4160,490,13.35,70ddf444bf74004a,7667b92cd5e73a07,101,101
配線材料,光ケーブル（４芯テープＳＳＦ）,ＳＭ １．３１μｍ ３６０Ｃ,m,兵庫,08,3940,4460,520,13.2,88252e35aa020080,a1080ca3169f5d1b,101,101
配線材料,光ケーブル（４芯テープＳＳＤ）,ＳＭ １．３１μｍ ２００Ｃ,m,奈良,09,2190,2480,290,13.24,7974c2cc1ff81a9d,5e4addb344ba5cf4,101,101
配線材料,光ケーブル（４芯テープＳＳＤ）,ＳＭ １．３１μｍ ２２０Ｃ,m,奈良,09,2670,3020,350,13.11,e011634b992645f2,892b27f554febdae,101,101
配線材料,光ケーブル（４芯テープＳＳＤ）,ＳＭ １．３１μｍ ２４０Ｃ,m,奈良,09,2800,3170,370,13.21,c39d8acbffbd05f4,e1f062affe297d03,101,101
配線材料,光ケーブル（４芯テープＳＳＤ）,ＳＭ １．３１μｍ ２６０Ｃ,m,奈良,09,2930,3320,390,13.31,ae9e72ac0a8319b9,48ab2e58b01297dc,101,101
配線材料,光ケーブル（４芯テープＳＳＤ）,ＳＭ １．３１μｍ ２８０Ｃ,m,奈良,09,3060,3470,410,13.4,5e35b791a2680d76,33982a66f4ef2976,101,101
配線材料,光ケーブル（４芯テープＳＳＤ）,ＳＭ １．３１μｍ ３００Ｃ,m,奈良,09,3190,3620,430,13.48,36c04e382e731946,f62a51173b5fbeda,101,101
配線材料,光ケーブル（４芯テープＳＳＤ）,ＳＭ １．３１μｍ ３２０Ｃ,m,奈良,09,3660,4140,480,13.11,52f5d88fc9c517a3,649eba725e4b8b37,101,101
配線材料,光ケーブル（４芯テープＳＳＦ）,ＳＭ １．３１μｍ ４Ｃ,m,奈良,09,606,686,80,13.2,d34651707170ff29,b5974cbee4af32a6,101,101
配線材料,光ケーブル（４芯テープＳＳＦ）,ＳＭ １．３１μｍ ２０Ｃ,m,奈良,09,711,806,95,13.36,b33ded5f0b295c28,9f00c672c24d594c,101,101
配線材料,光ケーブル（４芯テープＳＳＦ）,ＳＭ １．３１μｍ ４０Ｃ,m,奈良,09,930,1050,120,12.9,be9d0dbc1914c863,c23553128fae12ee,101,101
配線材料,光ケーブル（４芯テープＳＳＦ）,ＳＭ １．３１μｍ ６０Ｃ,m,奈良,09,1060,1200,140,13.21,dc880f8ae4223cfd,fd39b27159fd1cb6,101,101
配線材料,光ケーブル（４芯テープＳＳＦ）,ＳＭ １．３１μｍ ８０Ｃ,m,奈良,09,1220,1380,160,13.11,c521286f3b5afada,400e4ad2ec81f24b,101,101
配線材料,光ケーブル（４芯テープＳＳＦ）,ＳＭ １．３１μｍ １００Ｃ,m,奈良,09,1350,1530,180,13.33,06f01bba32a004bb,3b3873e53eb9273a,101,101
配線材料,光ケーブル（４芯テープＳＳＦ）,ＳＭ １．３１μｍ １２０Ｃ,m,奈良,09,1680,1900,220,13.1,066d0c10d28dec86,e69a04417825bf69,101,101
配線材料,光ケーブル（４芯テープＳＳＦ）,ＳＭ １．３１μｍ １４０Ｃ,m,奈良,09,1810,2050,240,13.26,f37248c2143f0ecd,73e94329e5092547,101,101
配線材料,光ケーブル（４芯テープＳＳＦ）,ＳＭ １．３１μｍ １６０Ｃ,m,奈良,09,1940,2200,260,13.4,16d1bae12086898f,29433757e49f58a2,101,101
配線材料,光ケーブル（４芯テープＳＳＦ）,ＳＭ １．３１μｍ １８０Ｃ,m,奈良,09,2070,2350,280,13.53,834a958e95403151,35af26fc1731d320,101,101
配線材料,光ケーブル（４芯テープＳＳＦ）,ＳＭ １．３１μｍ ２００Ｃ,m,奈良,09,2200,2500,300,13.64,c61d800983aab058,0601d3f0990c4fc5,101,101
配線材料,光ケーブル（４芯テープＳＳＦ）,ＳＭ １．３１μｍ ２２０Ｃ,m,奈良,09,2680,3040,360,13.43,797cfc3be4df004e,c14d277a39a585cd,101,101
配線材料,光ケーブル（４芯テープＳＳＦ）,ＳＭ １．３１μｍ ２４０Ｃ,m,奈良,09,2820,3190,370,13.12,2b392d6b2d8e2f2b,41587442010adaaf,101,101
配線材料,光ケーブル（４芯テープＳＳＦ）,ＳＭ １．３１μｍ ２６０Ｃ,m,奈良,09,2950,3340,390,13.22,9561c8691c3c0e3f,770ae3b31b1e4593,101,101
配線材料,光ケーブル（４芯テープＳＳＦ）,ＳＭ １．３１μｍ ２８０Ｃ,m,奈良,09,3080,3490,410,13.31,bcc7e3b966626083,a5aef4f2b95dc20f,101,101
配線材料,光ケーブル（４芯テープＳＳＦ）,ＳＭ １．３１μｍ ３００Ｃ,m,奈良,09,3210,3640,430,13.4,fcc933393ac33307,5643652aeb32b610,101,101
配線材料,光ケーブル（４芯テープＳＳＦ）,ＳＭ １．３１μｍ ３２０Ｃ,m,奈良,09,3670,4160,490,13.35,d076e75f295c739b,449ac85dd7e8757a,101,101
配線材料,光ケーブル（４芯テープＳＳＦ）,ＳＭ １．３１μｍ ３６０Ｃ,m,奈良,09,3940,4460,520,13.2,091a14a8e3debcd1,7d272fd0a4fa5c4e,101,101
配線材料,光ケーブル（４芯テープＳＳＤ）,ＳＭ １．３１μｍ ２００Ｃ,m,和歌山,10,2190,2480,290,13.24,ff7d5e4ba0ef84a8,28855dffd7e70661,101,101
配線材料,光ケーブル（４芯テープＳＳＤ）,ＳＭ １．３１μｍ ２２０Ｃ,m,和歌山,10,2670,3020,350,13.11,a603ce4e93cabb1d,3c128a7934fe5bb5,101,101
配線材料,光ケーブル（４芯テープＳＳＤ）,ＳＭ １．３１μｍ ２４０Ｃ,m,和歌山,10,2800,3170,370,13.21,e87b429056a8dde9,a92fee549f799daa,101,101
配線材料,光ケーブル（４芯テープＳＳＤ）,ＳＭ １．３１μｍ ２６０Ｃ,m,和歌山,10,2930,3320,390,13.31,ead7eb9b56880507,1f7dc353033a4442,101,101
配線材料,光ケーブル（４芯テープＳＳＤ）,ＳＭ １．３１μｍ ２８０Ｃ,m,和歌山,10,3060,3470,410,13.4,8c6836de9ad6a5f5,92183f3726826eb2,101,101
配線材料,光ケーブル（４芯テープＳＳＤ）,ＳＭ １．３１μｍ ３００Ｃ,m,和歌山,10,3190,3620,430,13.48,811c7a0157fe551f,38f04e975889c7f7,101,101
配線材料,光ケーブル（４芯テープＳＳＤ）,ＳＭ １．３１μｍ ３２０Ｃ,m,和歌山,10,3660,4140,480,13.11,ce848b9a075f9e59,413575d1c3345c2f,101,101
配線材料,光ケーブル（４芯テープＳＳＦ）,ＳＭ １．３１μｍ ４Ｃ,m,和歌山,10,606,686,80,13.2,f2674eae64a2e8c8,1a150155a8ae4905,101,101
配線材料,光ケーブル（４芯テープＳＳＦ）,ＳＭ １．３１μｍ ２０Ｃ,m,和歌山,10,711,806,95,13.36,fa1b4a1bf7e360ff,8233fe71c52ae8a3,101,101
配線材料,光ケーブル（４芯テープＳＳＦ）,ＳＭ １．３１μｍ ４０Ｃ,m,和歌山,10,930,1050,120,12.9,c3fb56a08ed239c3,ee16b876f6b8a8f9,101,101
配線材料,光ケーブル（４芯テープＳＳＦ）,ＳＭ １．３１μｍ ６０Ｃ,m,和歌山,10,1060,1200,140,13.21,3f697e87be1614fb,463340e18ae0211b,101,101
配線材料,光ケーブル（４芯テープＳＳＦ）,ＳＭ １．３１μｍ ８０Ｃ,m,和歌山,10,1220,1380,160,13.11,17415a094723dfa2,d55ac1d6a26baa8c,101,101
配線材料,光ケーブル（４芯テープＳＳＦ）,ＳＭ １．３１μｍ １００Ｃ,m,和歌山,10,1350,1530,180,13.33,8d9d4b53c4d90195,649e79b145044129,101,101
配線材料,光ケーブル（４芯テープＳＳＦ）,ＳＭ １．３１μｍ １２０Ｃ,m,和歌山,10,1680,1900,220,13.1,3c4b455aad8d59c0,d03a1e5de671fcd4,101,101
配線材料,光ケーブル（４芯テープＳＳＦ）,ＳＭ １．３１μｍ １４０Ｃ,m,和歌山,10,1810,2050,240,13.26,531a50949ef2d99c,c90ee17aca5d756d,101,101
配線材料,光ケーブル（４芯テープＳＳＦ）,ＳＭ １．３１μｍ １６０Ｃ,m,和歌山,10,1940,2200,260,13.4,84efdff575f77609,7fdb8c2cc663987d,101,101
配線材料,光ケーブル（４芯テープＳＳＦ）,ＳＭ １．３１μｍ １８０Ｃ,m,和歌山,10,2070,2350,280,13.53,2591b46fd423db40,69037cf74229ebae,101,101
配線材料,光ケーブル（４芯テープＳＳＦ）,ＳＭ １．３１μｍ ２００Ｃ,m,和歌山,10,2200,2500,300,13.64,d773c8ad82744970,061b50ca599726df,101,101
配線材料,光ケーブル（４芯テープＳＳＦ）,ＳＭ １．３１μｍ ２２０Ｃ,m,和歌山,10,2680,3040,360,13.43,447b1297ae232c43,6a9a72be26211300,101,101
配線材料,光ケーブル（４芯テープＳＳＦ）,ＳＭ １．３１μｍ ２４０Ｃ,m,和歌山,10,2820,3190,370,13.12,fbdd31a51cba4318,73beccd3335a6d8f,101,101
配線材料,光ケーブル（４芯テープＳＳＦ）,ＳＭ １．３１μｍ ２６０Ｃ,m,和歌山,10,2950,3340,390,13.22,36d6719a40b0765e,fdfb7f7bdd8f5182,101,101
配線材料,光ケーブル（４芯テープＳＳＦ）,ＳＭ １．３１μｍ ２８０Ｃ,m,和歌山,10,3080,3490,410,13.31,bdaf99f054b54408,f612cff0ae34313e,101,101
配線材料,光ケーブル（４芯テープＳＳＦ）,ＳＭ １．３１μｍ ３００Ｃ,m,和歌山,10,3210,3640,430,13.4,2f22fd8eaf0b0752,0f1c67528cf3e82f,101,101
配線材料,光ケーブル（４芯テープＳＳＦ）,ＳＭ １．３１μｍ ３２０Ｃ,m,和歌山,10,3670,4160,490,13.35,43915164c81034bc,550a6eaffc063676,101,101
配線材料,光ケーブル（４芯テープＳＳＦ）,ＳＭ １．３１μｍ ３６０Ｃ,m,和歌山,10,3940,4460,520,13.2,c8f267c9c4eab76a,9e5eb466884fd25f,101,101
配線材料,光ケーブル（４芯テープＳＳＤ）,ＳＭ １．３１μｍ ２００Ｃ,m,岐阜,11,2190,2480,290,13.24,d1768f5eff2cfc01,d783068d009afc0b,101,101
配線材料,光ケーブル（４芯テープＳＳＤ）,ＳＭ １．３１μｍ ２２０Ｃ,m,岐阜,11,2670,3020,350,13.11,f71a5032facd6ae0,e13da65d898219bf,101,101
配線材料,光ケーブル（４芯テープＳＳＤ）,ＳＭ １．３１μｍ ２４０Ｃ,m,岐阜,11,2800,3170,370,13.21,c5aa0194eaeaf1d5,8055e03604704e72,101,101
配線材料,光ケーブル（４芯テープＳＳＤ）,ＳＭ １．３１μｍ ２６０Ｃ,m,岐阜,11,2930,3320,390,13.31,b9b17e33dc0df076,f178eabe64c44104,101,101
配線材料,光ケーブル（４芯テープＳＳＤ）,ＳＭ １．３１μｍ ２８０Ｃ,m,岐阜,11,3060,3470,410,13.4,7dd98552dfd98e0f,5e78d2ddac0f1f3a,101,101
配線材料,光ケーブル（４芯テープＳＳＤ）,ＳＭ １．３１μｍ ３００Ｃ,m,岐阜,11,3190,3620,430,13.48,542a11a918340926,f9b4e3422a7c2a7e,101,101
配線材料,光ケーブル（４芯テープＳＳＤ）,ＳＭ １．３１μｍ ３２０Ｃ,m,岐阜,11,3660,4140,480,13.11,f8f4a23fa1e46eed,92f7aead9e7a8559,101,101
配線材料,光ケーブル（４芯テープＳＳＦ）,ＳＭ １．３１μｍ ４Ｃ,m,岐阜,11,606,686,80,13.2,7237270ea1b49aa0,b1c9fee937259dc6,101,101
配線材料,光ケーブル（４芯テープＳＳＦ）,ＳＭ １．３１μｍ ２０Ｃ,m,岐阜,11,711,806,95,13.36,2c4113aeddf75dab,e3dd5c834cb87385,101,101
配線材料,光ケーブル（４芯テープＳＳＦ）,ＳＭ １．３１μｍ ４０Ｃ,m,岐阜,11,930,1050,120,12.9,1d008d7f77905b5c,24f734f8b5447f30,101,101
配線材料,光ケーブル（４芯テープＳＳＦ）,ＳＭ １．３１μｍ ６０Ｃ,m,岐阜,11,1060,1200,140,13.21,1c8529d50b4a4ab6,df7d2c81d55c1d94,101,101
配線材料,光ケーブル（４芯テープＳＳＦ）,ＳＭ １．３１μｍ ８０Ｃ,m,岐阜,11,1220,1380,160,13.11,f650cd32189d6041,13d9b5b839a8e7c9,101,101
配線材料,光ケーブル（４芯テープＳＳＦ）,ＳＭ １．３１μｍ １００Ｃ,m,岐阜,11,1350,1530,180,13.33,de095d1b2df92a64,f3a9c3646aca0b77,101,101
配線材料,光ケーブル（４芯テープＳＳＦ）,ＳＭ １．３１μｍ １２０Ｃ,m,岐阜,11,1680,1900,220,13.1,bf29ac4185a07fa7,2743e44ca8d88fd7,101,101
配線材料,光ケーブル（４芯テープＳＳＦ）,ＳＭ １．３１μｍ １４０Ｃ,m,岐阜,11,1810,2050,240,13.26,c6fb3236e7066c3d,8f4cbf884d7fff3f,101,101
配線材料,光ケーブル（４芯テープＳＳＦ）,ＳＭ １．３１μｍ １６０Ｃ,m,岐阜,11,1940,2200,260,13.4,d85d50eca01f5d8e,636501425f16c519,101,101
配線材料,光ケーブル（４芯テープＳＳＦ）,ＳＭ １．３１μｍ １８０Ｃ,m,岐阜,11,2070,2350,280,13.53,ffcafa15bf37a891,a8c64866fcdd828c,101,101
配線材料,光ケーブル（４芯テープＳＳＦ）,ＳＭ １．３１μｍ ２００Ｃ,m,岐阜,11,2200,2500,300,13.64,e3774edcc5b8c57e,dc8f09f42234ba53,101,101
配線材料,光ケーブル（４芯テープＳＳＦ）,ＳＭ １．３１μｍ ２２０Ｃ,m,岐阜,11,2680,3040,360,13.43,48b1d1ce051f9f8a,347cc1adad67e2cb,101,101
配線材料,光ケーブル（４芯テープＳＳＦ）,ＳＭ １．３１μｍ ２４０Ｃ,m,岐阜,11,2820,3190,370,13.12,7c8460b98fe85e3e,a0f679d30c3eba1b,101,101
配線材料,光ケーブル（４芯テープＳＳＦ）,ＳＭ １．３１μｍ ２６０Ｃ,m,岐阜,11,2950,3340,390,13.22,2713a0cc02b9c5de,abcfd01298315939,101,101
配線材料,光ケーブル（４芯テープＳＳＦ）,ＳＭ １．３１μｍ ２８０Ｃ,m,岐阜,11,3080,3490,410,13.31,8a2aaf281ae8c876,c32d3ccad9e64c47,101,101
配線材料,光ケーブル（４芯テープＳＳＦ）,ＳＭ １．３１μｍ ３００Ｃ,m,岐阜,11,3210,3640,430,13.4,a804c8abbfcef644,22f9d3648c56abdc,101,101
配線材料,光ケーブル（４芯テープＳＳＦ）,ＳＭ １．３１μｍ ３２０Ｃ,m,岐阜,11,3670,4160,490,13.35,531dda94e9af8809,19f03c02faa9be73,101,101
配線材料,光ケーブル（４芯テープＳＳＦ）,ＳＭ １．３１μｍ ３６０Ｃ,m,岐阜,11,3940,4460,520,13.2,b730ef549b094565,b5705d33270c26ba,101,101
配線材料,光ケーブル（４芯テープＳＳＤ）,ＳＭ １．３１μｍ ２００Ｃ,m,三重,12,2190,2480,290,13.24,bc904593545c19a2,20746878efb69088,101,101
配線材料,光ケーブル（４芯テープＳＳＤ）,ＳＭ １．３１μｍ ２２０Ｃ,m,三重,12,2670,3020,350,13.11,b7a2ea0e0555e687,5e956b6c02caaa88,101,101
配線材料,光ケーブル（４芯テープＳＳＤ）,ＳＭ １．３１μｍ ２４０Ｃ,m,三重,12,2800,3170,370,13.21,4dfcf8ee0a2c63aa,f55755230f8cc56a,101,101
配線材料,光ケーブル（４芯テープＳＳＤ）,ＳＭ １．３１μｍ ２６０Ｃ,m,三重,12,2930,3320,390,13.31,38aaf28f9c3de540,beca0a8ecd08bc74,101,101
配線材料,光ケーブル（４芯テープＳＳＤ）,ＳＭ １．３１μｍ ２８０Ｃ,m,三重,12,3060,3470,410,13.4,922fe5d916761a1a,684b3225e4bc4d92,101,101
配線材料,光ケーブル（４芯テープＳＳＤ）,ＳＭ １．３１μｍ ３００Ｃ,m,三重,12,3190,3620,430,13.48,5b44730ed26889f6,a92ccb65f4673d89,101,101
配線材料,光ケーブル（４芯テープＳＳＤ）,ＳＭ １．３１μｍ ３２０Ｃ,m,三重,12,3660,4140,480,13.11,72c420555da77daa,8d0e20ae0202d1cd,101,101
配線材料,光ケーブル（４芯テープＳＳＦ）,ＳＭ １．３１μｍ ４Ｃ,m,三重,12,606,686,80,13.2,335c1c4453a217f4,eaa5d2cafc10ef57,101,101
配線材料,光ケーブル（４芯テープＳＳＦ）,ＳＭ １．３１μｍ ２０Ｃ,m,三重,12,711,806,95,13.36,6eb88f22116dfc75,5d70d57793d7b735,101,101
配線材料,光ケーブル（４芯テープＳＳＦ）,ＳＭ １．３１μｍ ４０Ｃ,m,三重,12,930,1050,120,12.9,c7e0951f6995c367,46f6679440821922,101,101
配線材料,光ケーブル（４芯テープＳＳＦ）,ＳＭ １．３１μｍ ６０Ｃ,m,三重,12,1060,1200,140,13.21,4646b27ef7e0e51b,1903b7b1602931ca,101,101
配線材料,光ケーブル（４芯テープＳＳＦ）,ＳＭ １．３１μｍ ８０Ｃ,m,三重,12,1220,1380,160,13.11,ae55585a2256874a,a4975f5b08237323,101,101
配線材料,光ケーブル（４芯テープＳＳＦ）,ＳＭ １．３１μｍ １００Ｃ,m,三重,12,1350,1530,180,13.33,03ef1547967bf884,788171138cd0c95d,101,101
配線材料,光ケーブル（４芯テープＳＳＦ）,ＳＭ １．３１μｍ １２０Ｃ,m,三重,12,1680,1900,220,13.1,c404ad720219fbb4,9b70df559d69479b,101,101
配線材料,光ケーブル（４芯テープＳＳＦ）,ＳＭ １．３１μｍ １４０Ｃ,m,三重,12,1810,2050,240,13.26,e313e89bfed7eba9,d4b1c8cf87246d9c,101,101
配線材料,光ケーブル（４芯テープＳＳＦ）,ＳＭ １．３１μｍ １６０Ｃ,m,三重,12,1940,2200,260,13.4,e9e1bdc5d8df13d8,a73e88a87a847956,101,101
配線材料,光ケーブル（４芯テープＳＳＦ）,ＳＭ １．３１μｍ １８０Ｃ,m,三重,12,2070,2350,280,13.53,cdf9799d180090e3,e013a47e7adfe9f4,101,101
配線材料,光ケーブル（４芯テープＳＳＦ）,ＳＭ １．３１μｍ ２００Ｃ,m,三重,12,2200,2500,300,13.64,d8bdbef4cef46f0a,40f5d67b132ed84b,101,101
配線材料,光ケーブル（４芯テープＳＳＦ）,ＳＭ １．３１μｍ ２２０Ｃ,m,三重,12,2680,3040,360,13.43,4c198aad073dd9d0,b43fe49a31735ea5,101,101
配線材料,光ケーブル（４芯テープＳＳＦ）,ＳＭ １．３１μｍ ２４０Ｃ,m,三重,12,2820,3190,370,13.12,4413650d5b39a21a,a9dee209f4fe4db1,101,101
配線材料,光ケーブル（４芯テープＳＳＦ）,ＳＭ １．３１μｍ ２６０Ｃ,m,三重,12,2950,3340,390,13.22,7e3f7f59cac13e07,2f090102a946e53d,101,101
配線材料,光ケーブル（４芯テープＳＳＦ）,ＳＭ １．３１μｍ ２８０Ｃ,m,三重,12,3080,3490,410,13.31,0b0e2239ef9eb44d,28c55be30c5a5bcc,101,101
配線材料,光ケーブル（４芯テープＳＳＦ）,ＳＭ １．３１μｍ ３００Ｃ,m,三重,12,3210,3640,430,13.4,9ed215eeeaaf3fa8,e4d5fe20e7ca040b,101,101
配線材料,光ケーブル（４芯テープＳＳＦ）,ＳＭ １．３１μｍ ３２０Ｃ,m,三重,12,3670,4160,490,13.35,5d6adcc4cfa5d2d0,cbe7a86ccc6634bc,101,101
配線材料,光ケーブル（４芯テープＳＳＦ）,ＳＭ １．３１μｍ ３６０Ｃ,m,三重,12,3940,4460,520,13.2,8df15defebcf68a8,c502a7bb022469d0,101,101
配線材料,光ケーブル（４芯テープＳＳＦ）,ＳＭ １．３１μｍ ４００Ｃ,m,福井,01,4200,4760,560,13.33,96a43464f6d13f92,5b423e1ebd2de22a,102,102
配線材料,光ケーブル（４芯テープＳＳＦ）,ＳＭ １．３１μｍ ４４０Ｃ,m,福井,01,4700,5330,630,13.4,358e41671d27df88,8fe99f5bb454eb93,102,102
配線材料,光ケーブル（４芯テープＳＳＦ）,ＳＭ １．３１μｍ ４８０Ｃ,m,福井,01,4960,5630,670,13.51,cdd6aab3657722d9,e7e230ea5600ab3a,102,102
配線材料,光ケーブル（４芯テープＳＳＦ）,ＳＭ １．３１μｍ ５２０Ｃ,m,福井,01,5230,5920,690,13.19,935d8dbb9385c8e2,fc43949d71aae944,102,102
配線材料,光ケーブル（４芯テープＳＳＦ）,ＳＭ １．３１μｍ ５６０Ｃ,m,福井,01,5490,6220,730,13.3,86dd9f6f7aa9b3bf,050f7051900e1422,102,102
配線材料,光ケーブル（４芯テープＳＳＦ）,ＳＭ １．３１μｍ ６００Ｃ,m,福井,01,5760,6520,760,13.19,b1f66bc6f57cb0f8,dab013e7b7cd994c,102,102
配線材料,光ケーブル（４芯テープ難燃型）,ＳＭ １．３１μｍ ４０Ｃ,m,福井,01,792,897,105,13.26,600cea9ecf66d9a8,f24c2b4f3aaccc2a,102,102
配線材料,光ケーブル（４芯テープ難燃型）,ＳＭ １．３１μｍ ６０Ｃ,m,福井,01,924,1040,116,12.55,5dde68e654c09afc,33b5ede033bc5de3,102,102
配線材料,光ケーブル（４芯テープ難燃型）,ＳＭ １．３１μｍ ８０Ｃ,m,福井,01,1080,1230,150,13.89,eaeca4ec72ad9875,dc9f5e860e91e9bf,102,102
配線材料,光ケーブル（４芯テープ難燃型）,ＳＭ １．３１μｍ １００Ｃ,m,福井,01,1210,1380,170,14.05,07765daa8856ce37,2c3a0294887a1153,102,102
配線材料,光ケーブル（４芯テープ難燃型）,ＳＭ １．３１μｍ １２０Ｃ,m,福井,01,1560,1770,210,13.46,ae0ece08754a35af,5bedc26cf5e98d5d,102,102
配線材料,光ケーブル（４芯テープ難燃型）,ＳＭ １．３１μｍ １４０Ｃ,m,福井,01,1700,1920,220,12.94,53b0b303ff6d2ace,0eb54f9b016a37e0,102,102
配線材料,光ケーブル（４芯テープ難燃型）,ＳＭ １．３１μｍ １６０Ｃ,m,福井,01,1830,2070,240,13.11,512d209bbdf8d069,44e0328a2daf4ea2,102,102
配線材料,光ケーブル（４芯テープ難燃型）,ＳＭ １．３１μｍ １８０Ｃ,m,福井,01,1960,2220,260,13.27,6a6ad0ba15ce7362,21b8e600691e62b2,102,102
配線材料,光ケーブル（４芯テープ難燃型）,ＳＭ １．３１μｍ ２００Ｃ,m,福井,01,2090,2370,280,13.4,a49fe8433eed63ac,91426c42c7898c43,102,102
配線材料,光ケーブル（４芯テープ難燃型）,ＳＭ １．３１μｍ ２２０Ｃ,m,福井,01,2570,2920,350,13.62,c15d1c94bd240caa,bfce7faefcae16b1,102,102
配線材料,光ケーブル（４芯テープ難燃型）,ＳＭ １．３１μｍ ２４０Ｃ,m,福井,01,2700,3070,370,13.7,ada2a6254ee2375d,7ccb4705ab0a8bfe,102,102
配線材料,光ケーブル（４芯テープ難燃型）,ＳＭ １．３１μｍ ２６０Ｃ,m,福井,01,2840,3210,370,13.03,8da7bd7fc88cbb0c,804c0675d50805bf,102,102
配線材料,光ケーブル（４芯テープ難燃型）,ＳＭ １．３１μｍ ２８０Ｃ,m,福井,01,2970,3360,390,13.13,6cb0d1f096108d57,10bae02e0ba097a1,102,102
配線材料,光ケーブル（４芯テープ難燃型）,ＳＭ １．３１μｍ ３００Ｃ,m,福井,01,3100,3510,410,13.23,faf8f2af27b1df60,8cfd18982c6c5f2c,102,102
配線材料,光ケーブル（４芯テープ難燃型）,ＳＭ １．３１μｍ ３２０Ｃ,m,福井,01,3560,4040,480,13.48,2add754e7cea6944,5dd68d5dd0449c6b,102,102
配線材料,光ケーブル（４芯テープ難燃型）,ＳＭ １．３１μｍ ３６０Ｃ,m,福井,01,3830,4340,510,13.32,00dc6c2be68dca4e,13c37409bf06fa43,102,102
配線材料,光ケーブル（４芯テープ難燃型）,ＳＭ １．３１μｍ ４００Ｃ,m,福井,01,4090,4640,550,13.45,4e6b74f878fab576,0f2bad7b735c9f76,102,102
配線材料,光ケーブル（４芯テープ難燃型）,ＳＭ １．３１μｍ ４４０Ｃ,m,福井,01,4740,5370,630,13.29,5a80367b6cbe7c7e,5e2d32b2e4aa39bd,102,102
配線材料,光ケーブル（４芯テープ難燃型）,ＳＭ １．３１μｍ ４８０Ｃ,m,福井,01,5000,5670,670,13.4,39ff73bd7993aab4,86cc1813073f5866,102,102
配線材料,光ケーブル（４芯テープＳＳＦ）,ＳＭ １．３１μｍ ４００Ｃ,m,滋賀,02,4200,4760,560,13.33,38203408a4eda2b0,6ee53d443292b2ac,102,102
配線材料,光ケーブル（４芯テープＳＳＦ）,ＳＭ １．３１μｍ ４４０Ｃ,m,滋賀,02,4700,5330,630,13.4,8a9e5db7acf29da6,ddb32bd6ac20631f,102,102
配線材料,光ケーブル（４芯テープＳＳＦ）,ＳＭ １．３１μｍ ４８０Ｃ,m,滋賀,02,4960,5630,670,13.51,04ead15c76c8ec0e,b65b31dee57f8b4a,102,102
配線材料,光ケーブル（４芯テープＳＳＦ）,ＳＭ １．３１μｍ ５２０Ｃ,m,滋賀,02,5230,5920,690,13.19,0c024fc4d382b82d,bcfb3027e1c56067,102,102
配線材料,光ケーブル（４芯テープＳＳＦ）,ＳＭ １．３１μｍ ５６０Ｃ,m,滋賀,02,5490,6220,730,13.3,52d7466c97a95c17,7c1dffa0dc6b4aa7,102,102
配線材料,光ケーブル（４芯テープＳＳＦ）,ＳＭ １．３１μｍ ６００Ｃ,m,滋賀,02,5760,6520,760,13.19,c0dd3386a1a6ff3a,95eda4788d88015e,102,102
配線材料,光ケーブル（４芯テープ難燃型）,ＳＭ １．３１μｍ ４０Ｃ,m,滋賀,02,792,897,105,13.26,e784a10a11122022,00d0c4dc60e10218,102,102
配線材料,光ケーブル（４芯テープ難燃型）,ＳＭ １．３１μｍ ６０Ｃ,m,滋賀,02,924,1040,116,12.55,ca639d4477065f1b,dbbf5691709c12be,102,102
配線材料,光ケーブル（４芯テープ難燃型）,ＳＭ １．３１μｍ ８０Ｃ,m,滋賀,02,1080,1230,150,13.89,389c10837adcfd38,82a6bde1fb677c75,102,102
配線材料,光ケーブル（４芯テープ難燃型）,ＳＭ １．３１μｍ １００Ｃ,m,滋賀,02,1210,1380,170,14.05,ac699f93699fbbd6,78b986b5e59f419b,102,102
配線材料,光ケーブル（４芯テープ難燃型）,ＳＭ １．３１μｍ １２０Ｃ,m,滋賀,02,1560,1770,210,13.46,e59cdbb4c3a9e531,1f5297a67e1b56e5,102,102
配線材料,光ケーブル（４芯テープ難燃型）,ＳＭ １．３１μｍ １４０Ｃ,m,滋賀,02,1700,1920,220,12.94,2f53bbca529e64fc,7d1f9efea8cdb8b4,102,102
配線材料,光ケーブル（４芯テープ難燃型）,ＳＭ １．３１μｍ １６０Ｃ,m,滋賀,02,1830,2070,240,13.11,2dd3de0fe622444c,f73540f24f9d5c17,102,102
配線材料,光ケーブル（４芯テープ難燃型）,ＳＭ １．３１μｍ １８０Ｃ,m,滋賀,02,1960,2220,260,13.27,11a0fa80968f6909,512a9357cf8f9688,102,102
配線材料,光ケーブル（４芯テープ難燃型）,ＳＭ １．３１μｍ ２００Ｃ,m,滋賀,02,2090,2370,280,13.4,06c6e0aada2d99d5,0f786554c97fe0e5,102,102
配線材料,光ケーブル（４芯テープ難燃型）,ＳＭ １．３１μｍ ２２０Ｃ,m,滋賀,02,2570,2920,350,13.62,b2d538a795a83d9e,093f7a2d1cc1d317,102,102
配線材料,光ケーブル（４芯テープ難燃型）,ＳＭ １．３１μｍ ２４０Ｃ,m,滋賀,02,2700,3070,370,13.7,e7100a1f5c2c8a6e,fcba8fb58f2658f0,102,102
配線材料,光ケーブル（４芯テープ難燃型）,ＳＭ １．３１μｍ ２６０Ｃ,m,滋賀,02,2840,3210,370,13.03,b0fa12cc74bf5644,6503cba6299bccb7,102,102
配線材料,光ケーブル（４芯テープ難燃型）,ＳＭ １．３１μｍ ２８０Ｃ,m,滋賀,02,2970,3360,390,13.13,dd5bf3a276bff926,f9b0fa75b5b2147a,102,102
配線材料,光ケーブル（４芯テープ難燃型）,ＳＭ １．３１μｍ ３００Ｃ,m,滋賀,02,3100,3510,410,13.23,d0607457c5f6f3f8,d6df6dcb2aad9217,102,102
配線材料,光ケーブル（４芯テープ難燃型）,ＳＭ １．３１μｍ ３２０Ｃ,m,滋賀,02,3560,4040,480,13.48,636a552eb60f3842,80b44dd8c500d049,102,102
配線材料,光ケーブル（４芯テープ難燃型）,ＳＭ １．３１μｍ ３６０Ｃ,m,滋賀,02,3830,4340,510,13.32,929b9637bc78c442,119346bb36221a65,102,102
配線材料,光ケーブル（４芯テープ難燃型）,ＳＭ １．３１μｍ ４００Ｃ,m,滋賀,02,4090,4640,550,13.45,a3075bf2f4e8f4d7,3afc729938370ffd,102,102
配線材料,光ケーブル（４芯テープ難燃型）,ＳＭ １．３１μｍ ４４０Ｃ,m,滋賀,02,4740,5370,630,13.29,6e21ca118cf4c176,2a0c38f332da413a,102,102
配線材料,光ケーブル（４芯テープ難燃型）,ＳＭ １．３１μｍ ４８０Ｃ,m,滋賀,02,5000,5670,670,13.4,85670c5644eabdb3,ca1584506fd23991,102,102
配線材料,光ケーブル（４芯テープＳＳＦ）,ＳＭ １．３１μｍ ４００Ｃ,m,京都北部,03,4200,4760,560,13.33,28c47cc2417d928c,505c63b568ffa017,102,102
配線材料,光ケーブル（４芯テープＳＳＦ）,ＳＭ １．３１μｍ ４４０Ｃ,m,京都北部,03,4700,5330,630,13.4,f2995fe8052f635b,9279bce2ac65049d,102,102
配線材料,光ケーブル（４芯テープＳＳＦ）,ＳＭ １．３１μｍ ４８０Ｃ,m,京都北部,03,4960,5630,670,13.51,4bf89784f4aa2afa,d69d1faa491ac3cc,102,102
配線材料,光ケーブル（４芯テープＳＳＦ）,ＳＭ １．３１μｍ ５２０Ｃ,m,京都北部,03,5230,5920,690,13.19,9fd69e55725c607c,5d609b701cd0e68b,102,102
配線材料,光ケーブル（４芯テープＳＳＦ）,ＳＭ １．３１μｍ ５６０Ｃ,m,京都北部,03,5490,6220,730,13.3,ff845d30ac864e12,eaa1c633947ce226,102,102
配線材料,光ケーブル（４芯テープＳＳＦ）,ＳＭ １．３１μｍ ６００Ｃ,m,京都北部,03,5760,6520,760,13.19,52d5103071663122,552241578002bccd,102,102
配線材料,光ケーブル（４芯テープ難燃型）,ＳＭ １．３１μｍ ４０Ｃ,m,京都北部,03,792,897,105,13.26,d0fabd95780c76e1,dfde74047a1720a6,102,102
配線材料,光ケーブル（４芯テープ難燃型）,ＳＭ １．３１μｍ ６０Ｃ,m,京都北部,03,924,1040,116,12.55,08f7fae47365581c,cbc9b30eb88a2785,102,102
配線材料,光ケーブル（４芯テープ難燃型）,ＳＭ １．３１μｍ ８０Ｃ,m,京都北部,03,1080,1230,150,13.89,18eba4c516ecf796,d89a4eea61b85de3,102,102
配線材料,光ケーブル（４芯テープ難燃型）,ＳＭ １．３１μｍ １００Ｃ,m,京都北部,03,1210,1380,170,14.05,875488a963801c82,787b0477c73ac3f1,102,102
配線材料,光ケーブル（４芯テープ難燃型）,ＳＭ １．３１μｍ １２０Ｃ,m,京都北部,03,1560,1770,210,13.46,950f73f48c20a5a0,f7084fdfee187ca5,102,102
配線材料,光ケーブル（４芯テープ難燃型）,ＳＭ １．３１μｍ １４０Ｃ,m,京都北部,03,1700,1920,220,12.94,994b86c5930d951b,29574cd95e512674,102,102
配線材料,光ケーブル（４芯テープ難燃型）,ＳＭ １．３１μｍ １６０Ｃ,m,京都北部,03,1830,2070,240,13.11,c22da9fab9ba9568,3678ff448f12ee21,102,102
配線材料,光ケーブル（４芯テープ難燃型）,ＳＭ １．３１μｍ １８０Ｃ,m,京都北部,03,1960,2220,260,13.27,ddb608214c1b4ff0,7559bbdf0fc4acdd,102,102
配線材料,光ケーブル（４芯テープ難燃型）,ＳＭ １．３１μｍ ２００Ｃ,m,京都北部,03,2090,2370,280,13.4,d2c0699db28c3578,4277b463d4945e96,102,102
配線材料,光ケーブル（４芯テープ難燃型）,ＳＭ １．３１μｍ ２２０Ｃ,m,京都北部,03,2570,2920,350,13.62,79087630143e6e07,52080f99c7cb37ff,102,102
配線材料,光ケーブル（４芯テープ難燃型）,ＳＭ １．３１μｍ ２４０Ｃ,m,京都北部,03,2700,3070,370,13.7,97f7dd600edf8a4b,d26c101a2580275b,102,102
配線材料,光ケーブル（４芯テープ難燃型）,ＳＭ １．３１μｍ ２６０Ｃ,m,京都北部,03,2840,3210,370,13.03,a86f507e5aa308ad,df54e1a25b18c88e,102,102
配線材料,光ケーブル（４芯テープ難燃型）,ＳＭ １．３１μｍ ２８０Ｃ,m,京都北部,03,2970,3360,390,13.13,0481825c99b2c632,b4c8fb91ab7ce407,102,102
配線材料,光ケーブル（４芯テープ難燃型）,ＳＭ １．３１μｍ ３００Ｃ,m,京都北部,03,3100,3510,410,13.23,e25f284495ef4607,344ece0482a25095,102,102
配線材料,光ケーブル（４芯テープ難燃型）,ＳＭ １．３１μｍ ３２０Ｃ,m,京都北部,03,3560,4040,480,13.48,e18f3254931b75ce,6b2ef7e8d6f99cb6,102,102
配線材料,光ケーブル（４芯テープ難燃型）,ＳＭ １．３１μｍ ３６０Ｃ,m,京都北部,03,3830,4340,510,13.32,c6be7c6339361982,43df853f8fc6de73,102,102
配線材料,光ケーブル（４芯テープ難燃型）,ＳＭ １．３１μｍ ４００Ｃ,m,京都北部,03,4090,4640,550,13.45,e2a70bda6e99b24a,d90870ae536781c8,102,102
配線材料,光ケーブル（４芯テープ難燃型）,ＳＭ １．３１μｍ ４４０Ｃ,m,京都北部,03,4740,5370,630,13.29,9ecc3ce873ba36c1,dbf1cacec2507829,102,102
配線材料,光ケーブル（４芯テープ難燃型）,ＳＭ １．３１μｍ ４８０Ｃ,m,京都北部,03,5000,5670,670,13.4,1d1844642fcd3b8a,919c9d2798d3dff1,102,102
配線材料,光ケーブル（４芯テープＳＳＦ）,ＳＭ １．３１μｍ ４００Ｃ,m,京都南部,04,4200,4760,560,13.33,9e432e556a57c86e,ea9fd57545f0df16,102,102
配線材料,光ケーブル（４芯テープＳＳＦ）,ＳＭ １．３１μｍ ４４０Ｃ,m,京都南部,04,4700,5330,630,13.4,e9183bf1f5845c7b,e2fcbead26867526,102,102
配線材料,光ケーブル（４芯テープＳＳＦ）,ＳＭ １．３１μｍ ４８０Ｃ,m,京都南部,04,4960,5630,670,13.51,57119b246746a7ba,8e822714f797d68e,102,102
配線材料,光ケーブル（４芯テープＳＳＦ）,ＳＭ １．３１μｍ ５２０Ｃ,m,京都南部,04,5230,5920,690,13.19,872909a796da4c78,ec6c54790a6ccc99,102,102
配線材料,光ケーブル（４芯テープＳＳＦ）,ＳＭ １．３１μｍ ５６０Ｃ,m,京都南部,04,5490,6220,730,13.3,ce88853a9b4b4ec8,aa0fdb1a6949e0a6,102,102
配線材料,光ケーブル（４芯テープＳＳＦ）,ＳＭ １．３１μｍ ６００Ｃ,m,京都南部,04,5760,6520,760,13.19,a81ba36712318e3e,d28eff883def28fd,102,102
配線材料,光ケーブル（４芯テープ難燃型）,ＳＭ １．３１μｍ ４０Ｃ,m,京都南部,04,792,897,105,13.26,697275f59c8fc380,955059687da43ff8,102,102
配線材料,光ケーブル（４芯テープ難燃型）,ＳＭ １．３１μｍ ６０Ｃ,m,京都南部,04,924,1040,116,12.55,4b7cd702e3b98f64,ea2a8e75f2c36351,102,102
配線材料,光ケーブル（４芯テープ難燃型）,ＳＭ １．３１μｍ ８０Ｃ,m,京都南部,04,1080,1230,150,13.89,afe301fc12b3fba8,3e840b66eede76a7,102,102
配線材料,光ケーブル（４芯テープ難燃型）,ＳＭ １．３１μｍ １００Ｃ,m,京都南部,04,1210,1380,170,14.05,82d53a64835d5337,ce4996fc27169e19,102,102
配線材料,光ケーブル（４芯テープ難燃型）,ＳＭ １．３１μｍ １２０Ｃ,m,京都南部,04,1560,1770,210,13.46,62cfb4700a207659,23c485936d5e77b7,102,102
配線材料,光ケーブル（４芯テープ難燃型）,ＳＭ １．３１μｍ １４０Ｃ,m,京都南部,04,1700,1920,220,12.94,b5884282bb3e81f7,e821b4378fcddce0,102,102
配線材料,光ケーブル（４芯テープ難燃型）,ＳＭ １．３１μｍ １６０Ｃ,m,京都南部,04,1830,2070,240,13.11,7085774de2a081bc,819646dcad877095,102,102
配線材料,光ケーブル（４芯テープ難燃型）,ＳＭ １．３１μｍ １８０Ｃ,m,京都南部,04,1960,2220,260,13.27,3a626535035247d8,c7e5c925ad77fd87,102,102
配線材料,光ケーブル（４芯テープ難燃型）,ＳＭ １．３１μｍ ２００Ｃ,m,京都南部,04,2090,2370,280,13.4,ada8439decd08565,5550720579eb9803,102,102
配線材料,光ケーブル（４芯テープ難燃型）,ＳＭ １．３１μｍ ２２０Ｃ,m,京都南部,04,2570,2920,350,13.62,ea2963325a75d1ea,fe7e57621afc43f8,102,102
配線材料,光ケーブル（４芯テープ難燃型）,ＳＭ １．３１μｍ ２４０Ｃ,m,京都南部,04,2700,3070,370,13.7,cf1cc5b85edd2f33,3e6ff1460e3aa656,102,102
配線材料,光ケーブル（４芯テープ難燃型）,ＳＭ １．３１μｍ ２６０Ｃ,m,京都南部,04,2840,3210,370,13.03,0544fbc5dbbf6920,8c28ba94a4ed7f70,102,102
配線材料,光ケーブル（４芯テープ難燃型）,ＳＭ １．３１μｍ ２８０Ｃ,m,京都南部,04,2970,3360,390,13.13,2007b8be260f47b2,9f2412e40f25b636,102,102
配線材料,光ケーブル（４芯テープ難燃型）,ＳＭ １．３１μｍ ３００Ｃ,m,京都南部,04,3100,3510,410,13.23,ab9e122967ca0033,45d5e383585a100f,102,102
配線材料,光ケーブル（４芯テープ難燃型）,ＳＭ １．３１μｍ ３２０Ｃ,m,京都南部,04,3560,4040,480,13.48,bdee423ca170e38c,161afe8c96b9e65d,102,102
配線材料,光ケーブル（４芯テープ難燃型）,ＳＭ １．３１μｍ ３６０Ｃ,m,京都南部,04,3830,4340,510,13.32,d860ca253db02259,92da9dfa03439250,102,102
配線材料,光ケーブル（４芯テープ難燃型）,ＳＭ １．３１μｍ ４００Ｃ,m,京都南部,04,4090,4640,550,13.45,512db82047a27205,7f6bd4b897d13569,102,102
配線材料,光ケーブル（４芯テープ難燃型）,ＳＭ １．３１μｍ ４４０Ｃ,m,京都南部,04,4740,5370,630,13.29,e7346f72e899fd79,90585a05e2e37d2a,102,102
配線材料,光ケーブル（４芯テープ難燃型）,ＳＭ １．３１μｍ ４８０Ｃ,m,京都南部,04,5000,5670,670,13.4,c2aa9150884c386a,620281eb601dd1f3,102,102
配線材料,光ケーブル（４芯テープＳＳＦ）,ＳＭ １．３１μｍ ４００Ｃ,m,大阪,05,4200,4760,560,13.33,077fb73c327ef8fe,cfea7c773d4aeac4,102,102
配線材料,光ケーブル（４芯テープＳＳＦ）,ＳＭ １．３１μｍ ４４０Ｃ,m,大阪,05,4700,5330,630,13.4,994d58785e3e52e8,559dd341e7c85180,102,102
配線材料,光ケーブル（４芯テープＳＳＦ）,ＳＭ １．３１μｍ ４８０Ｃ,m,大阪,05,4960,5630,670,13.51,0abae599cf596c91,f6e347b5742be4f5,102,102
配線材料,光ケーブル（４芯テープＳＳＦ）,ＳＭ １．３１μｍ ５２０Ｃ,m,大阪,05,5230,5920,690,13.19,4cbcc5d793fc0640,8327a722c5276c73,102,102
配線材料,光ケーブル（４芯テープＳＳＦ）,ＳＭ １．３１μｍ ５６０Ｃ,m,大阪,05,5490,6220,730,13.3,371bbd7247db3e2b,2f9901a2a6bc61b6,102,102
配線材料,光ケーブル（４芯テープＳＳＦ）,ＳＭ １．３１μｍ ６００Ｃ,m,大阪,05,5760,6520,760,13.19,cfde0af1f9c5abfc,8230ff3cb0cf7e46,102,102
配線材料,光ケーブル（４芯テープ難燃型）,ＳＭ １．３１μｍ ４０Ｃ,m,大阪,05,792,897,105,13.26,2672733de4e0f4e0,d17490e8ad6d3d4d,102,102
配線材料,光ケーブル（４芯テープ難燃型）,ＳＭ １．３１μｍ ６０Ｃ,m,大阪,05,924,1040,116,12.55,7b864a4d349a7180,e85632b5cc57c1b2,102,102
配線材料,光ケーブル（４芯テープ難燃型）,ＳＭ １．３１μｍ ８０Ｃ,m,大阪,05,1080,1230,150,13.89,be4a039bd9fe98e3,e356f73febc232cd,102,102
配線材料,光ケーブル（４芯テープ難燃型）,ＳＭ １．３１μｍ １００Ｃ,m,大阪,05,1210,1380,170,14.05,654ef4c2fd699083,a98aa24c802c7f83,102,102
配線材料,光ケーブル（４芯テープ難燃型）,ＳＭ １．３１μｍ １２０Ｃ,m,大阪,05,1560,1770,210,13.46,6319e72af4936728,78025d37e75ab13c,102,102
配線材料,光ケーブル（４芯テープ難燃型）,ＳＭ １．３１μｍ １４０Ｃ,m,大阪,05,1700,1920,220,12.94,a7d4cd4825cccdff,5d2247955a0d5d88,102,102
配線材料,光ケーブル（４芯テープ難燃型）,ＳＭ １．３１μｍ １６０Ｃ,m,大阪,05,1830,2070,240,13.11,e55e54a18b04c046,04cfeb6f5d26556e,102,102
配線材料,光ケーブル（４芯テープ難燃型）,ＳＭ １．３１μｍ １８０Ｃ,m,大阪,05,1960,2220,260,13.27,b047f2891ec0243d,eaf3be462ada35fc,102,102
配線材料,光ケーブル（４芯テープ難燃型）,ＳＭ １．３１μｍ ２００Ｃ,m,大阪,05,2090,2370,280,13.4,ea0001bcb6a9def3,eb48f89acb30f533,102,102
配線材料,光ケーブル（４芯テープ難燃型）,ＳＭ １．３１μｍ ２２０Ｃ,m,大阪,05,2570,2920,350,13.62,ac5d6cd82ed52ac2,fe5c6ac53e9f17a2,102,102
配線材料,光ケーブル（４芯テープ難燃型）,ＳＭ １．３１μｍ ２４０Ｃ,m,大阪,05,2700,3070,370,13.7,f502432734fe99fd,bcb16557ca6bcb17,102,102
配線材料,光ケーブル（４芯テープ難燃型）,ＳＭ １．３１μｍ ２６０Ｃ,m,大阪,05,2840,3210,370,13.03,cc3ececd5d05977b,61d9ab04e9f25989,102,102
配線材料,光ケーブル（４芯テープ難燃型）,ＳＭ １．３１μｍ ２８０Ｃ,m,大阪,05,2970,3360,390,13.13,614fc0b82689f3fe,d575e07869c594a4,102,102
配線材料,光ケーブル（４芯テープ難燃型）,ＳＭ １．３１μｍ ３００Ｃ,m,大阪,05,3100,3510,410,13.23,6414302d750bf0e9,fecadf8cbb33417d,102,102
配線材料,光ケーブル（４芯テープ難燃型）,ＳＭ １．３１μｍ ３２０Ｃ,m,大阪,05,3560,4040,480,13.48,d0c33452c5839384,f05ad14a9a28196e,102,102
配線材料,光ケーブル（４芯テープ難燃型）,ＳＭ １．３１μｍ ３６０Ｃ,m,大阪,05,3830,4340,510,13.32,3d0d441e15241611,87e253147e15a473,102,102
配線材料,光ケーブル（４芯テープ難燃型）,ＳＭ １．３１μｍ ４００Ｃ,m,大阪,05,4090,4640,550,13.45,70a5a6137596b721,6e332c3bb5a5b8fc,102,102
配線材料,光ケーブル（４芯テープ難燃型）,ＳＭ １．３１μｍ ４４０Ｃ,m,大阪,05,4740,5370,630,13.29,07870ee31c3629b5,86995c1a4954a52e,102,102
配線材料,光ケーブル（４芯テープ難燃型）,ＳＭ １．３１μｍ ４８０Ｃ,m,大阪,05,5000,5670,670,13.4,b6b3701e0ee03e54,1d541db1dd0c0e81,102,102
配線材料,光ケーブル（４芯テープＳＳＦ）,ＳＭ １．３１μｍ ４００Ｃ,m,兵庫北部,06,4200,4760,560,13.33,990365a4fa19785a,01b1732fc7db92c8,102,102
配線材料,光ケーブル（４芯テープＳＳＦ）,ＳＭ １．３１μｍ ４４０Ｃ,m,兵庫北部,06,4700,5330,630,13.4,89c11428f133938b,bc59ea124ba9d0cd,102,102
配線材料,光ケーブル（４芯テープＳＳＦ）,ＳＭ １．３１μｍ ４８０Ｃ,m,兵庫北部,06,4960,5630,670,13.51,f46995e6fa3563a0,58e6d821bb022f5b,102,102
配線材料,光ケーブル（４芯テープＳＳＦ）,ＳＭ １．３１μｍ ５２０Ｃ,m,兵庫北部,06,5230,5920,690,13.19,e595489567964033,9311c1e4c9296d26,102,102
配線材料,光ケーブル（４芯テープＳＳＦ）,ＳＭ １．３１μｍ ５６０Ｃ,m,兵庫北部,06,5490,6220,730,13.3,f645aae9cb20f5a7,dde31a59209da7de,102,102
配線材料,光ケーブル（４芯テープＳＳＦ）,ＳＭ １．３１μｍ ６００Ｃ,m,兵庫北部,06,5760,6520,760,13.19,14b0851b18a2f0a5,798b3417f8503cac,102,102
配線材料,光ケーブル（４芯テープ難燃型）,ＳＭ １．３１μｍ ４０Ｃ,m,兵庫北部,06,792,897,105,13.26,8c41c21c7cb62443,2334d924eecb9a19,102,102
配線材料,光ケーブル（４芯テープ難燃型）,ＳＭ １．３１μｍ ６０Ｃ,m,兵庫北部,06,924,1040,116,12.55,9fc447b9dc50ad4d,2b044ca663c9c70a,102,102
配線材料,光ケーブル（４芯テープ難燃型）,ＳＭ １．３１μｍ ８０Ｃ,m,兵庫北部,06,1080,1230,150,13.89,d4f59371a26cb577,d18f46b45ee3d2cd,102,102
配線材料,光ケーブル（４芯テープ難燃型）,ＳＭ １．３１μｍ １００Ｃ,m,兵庫北部,06,1210,1380,170,14.05,5d396be9928648ab,4f4c86ea37be2a39,102,102
配線材料,光ケーブル（４芯テープ難燃型）,ＳＭ １．３１μｍ １２０Ｃ,m,兵庫北部,06,1560,1770,210,13.46,a11bd07058b7bbdc,a6701f8997a29aa4,102,102
配線材料,光ケーブル（４芯テープ難燃型）,ＳＭ １．３１μｍ １４０Ｃ,m,兵庫北部,06,1700,1920,220,12.94,55a2247b37ee151f,a80fc2c9be8c0244,102,102
配線材料,光ケーブル（４芯テープ難燃型）,ＳＭ １．３１μｍ １６０Ｃ,m,兵庫北部,06,1830,2070,240,13.11,ee49a6759bb172c3,ba79ef569e36f89a,102,102
配線材料,光ケーブル（４芯テープ難燃型）,ＳＭ １．３１μｍ １８０Ｃ,m,兵庫北部,06,1960,2220,260,13.27,2b50039272a7ea14,03c0c9926b9860c4,102,102
配線材料,光ケーブル（４芯テープ難燃型）,ＳＭ １．３１μｍ ２００Ｃ,m,兵庫北部,06,2090,2370,280,13.4,afbf9465cdd00dc9,b286cc06165ece5c,102,102
配線材料,光ケーブル（４芯テープ難燃型）,ＳＭ １．３１μｍ ２２０Ｃ,m,兵庫北部,06,2570,2920,350,13.62,32a974ba0534d1a3,025d4ff7f11f2478,102,102
配線材料,光ケーブル（４芯テープ難燃型）,ＳＭ １．３１μｍ ２４０Ｃ,m,兵庫北部,06,2700,3070,370,13.7,9a00bc7614e21ddb,e467b595ffb21cc3,102,102
配線材料,光ケーブル（４芯テープ難燃型）,ＳＭ １．３１μｍ ２６０Ｃ,m,兵庫北部,06,2840,3210,370,13.03,f7360421cc70fe56,6ce5a1d02c325ef9,102,102
配線材料,光ケーブル（４芯テープ難燃型）,ＳＭ １．３１μｍ ２８０Ｃ,m,兵庫北部,06,2970,3360,390,13.13,37d66a899da68b99,41ded2e7b3801c2e,102,102
配線材料,光ケーブル（４芯テープ難燃型）,ＳＭ １．３１μｍ ３００Ｃ,m,兵庫北部,06,3100,3510,410,13.23,9c8c196e6a09d80c,7ccce580b3039620,102,102
配線材料,光ケーブル（４芯テープ難燃型）,ＳＭ １．３１μｍ ３２０Ｃ,m,兵庫北部,06,3560,4040,480,13.48,5a8b2897b71ee0b2,44de47d7df161e37,102,102
配線材料,光ケーブル（４芯テープ難燃型）,ＳＭ １．３１μｍ ３６０Ｃ,m,兵庫北部,06,3830,4340,510,13.32,95140ffa0c58d6c7,eb824650f33c9cbe,102,102
配線材料,光ケーブル（４芯テープ難燃型）,ＳＭ １．３１μｍ ４００Ｃ,m,兵庫北部,06,4090,4640,550,13.45,3da32debe1cdd1af,45ce91c7300329a8,102,102
配線材料,光ケーブル（４芯テープ難燃型）,ＳＭ １．３１μｍ ４４０Ｃ,m,兵庫北部,06,4740,5370,630,13.29,ea6d44a9b90e0dc7,4b13ff8dfeee62f4,102,102
配線材料,光ケーブル（４芯テープ難燃型）,ＳＭ １．３１μｍ ４８０Ｃ,m,兵庫北部,06,5000,5670,670,13.4,abfd19e5564c5c85,a2827247819943ac,102,102
配線材料,光ケーブル（４芯テープＳＳＦ）,ＳＭ １．３１μｍ ４００Ｃ,m,兵庫西部,07,4200,4760,560,13.33,52444e2f2113aa22,2db668ff83fe5138,102,102
配線材料,光ケーブル（４芯テープＳＳＦ）,ＳＭ １．３１μｍ ４４０Ｃ,m,兵庫西部,07,4700,5330,630,13.4,092ea5a19774ff52,e5efdd5be6da304b,102,102
配線材料,光ケーブル（４芯テープＳＳＦ）,ＳＭ １．３１μｍ ４８０Ｃ,m,兵庫西部,07,4960,5630,670,13.51,3ab68a286134cbcb,dd4373ab036ba241,102,102
配線材料,光ケーブル（４芯テープＳＳＦ）,ＳＭ １．３１μｍ ５２０Ｃ,m,兵庫西部,07,5230,5920,690,13.19,4f0d035760b2456d,9e2b08a084cfd299,102,102
配線材料,光ケーブル（４芯テープＳＳＦ）,ＳＭ １．３１μｍ ５６０Ｃ,m,兵庫西部,07,5490,6220,730,13.3,80e2e1ed17f2fa57,dc9c0928bc9fcc4f,102,102
配線材料,光ケーブル（４芯テープＳＳＦ）,ＳＭ １．３１μｍ ６００Ｃ,m,兵庫西部,07,5760,6520,760,13.19,3fbf8723b9cb637f,859af9b95fc2727a,102,102
配線材料,光ケーブル（４芯テープ難燃型）,ＳＭ １．３１μｍ ４０Ｃ,m,兵庫西部,07,792,897,105,13.26,bebd1a26587970ee,925fa5e705483a6b,102,102
配線材料,光ケーブル（４芯テープ難燃型）,ＳＭ １．３１μｍ ６０Ｃ,m,兵庫西部,07,924,1040,116,12.55,66b873f3d7c2cb23,30643691ca545f02,102,102
配線材料,光ケーブル（４芯テープ難燃型）,ＳＭ １．３１μｍ ８０Ｃ,m,兵庫西部,07,1080,1230,150,13.89,eaf46f820764a6fb,d594948a94ccf0f4,102,102
配線材料,光ケーブル（４芯テープ難燃型）,ＳＭ １．３１μｍ １００Ｃ,m,兵庫西部,07,1210,1380,170,14.05,b26c2ad95e81c966,4cf748a54af1ac96,102,102
配線材料,光ケーブル（４芯テープ難燃型）,ＳＭ １．３１μｍ １２０Ｃ,m,兵庫西部,07,1560,1770,210,13.46,4f5f596597b5852d,21d07024c6458862,102,102
配線材料,光ケーブル（４芯テープ難燃型）,ＳＭ １．３１μｍ １４０Ｃ,m,兵庫西部,07,1700,1920,220,12.94,7a7db878ddb9b1f2,42d8bcd1231257c4,102,102
配線材料,光ケーブル（４芯テープ難燃型）,ＳＭ １．３１μｍ １６０Ｃ,m,兵庫西部,07,1830,2070,240,13.11,0d3c8362a7129f9c,f930f5466ee1b211,102,102
配線材料,光ケーブル（４芯テープ難燃型）,ＳＭ １．３１μｍ １８０Ｃ,m,兵庫西部,07,1960,2220,260,13.27,48ce364165d290a6,4907f2067d01306d,102,102
配線材料,光ケーブル（４芯テープ難燃型）,ＳＭ １．３１μｍ ２００Ｃ,m,兵庫西部,07,2090,2370,280,13.4,91d95fdb65027028,dbe4e3d30c77c495,102,102
配線材料,光ケーブル（４芯テープ難燃型）,ＳＭ １．３１μｍ ２２０Ｃ,m,兵庫西部,07,2570,2920,350,13.62,5421fa77c044b1c3,bd5e65a44d31dc41,102,102
配線材料,光ケーブル（４芯テープ難燃型）,ＳＭ １．３１μｍ ２４０Ｃ,m,兵庫西部,07,2700,3070,370,13.7,23f7bcc8f29fbb72,90fd474bb2ef61fd,102,102
配線材料,光ケーブル（４芯テープ難燃型）,ＳＭ １．３１μｍ ２６０Ｃ,m,兵庫西部,07,2840,3210,370,13.03,77c82dafdee3ecba,254a0a2041bb40f1,102,102
配線材料,光ケーブル（４芯テープ難燃型）,ＳＭ １．３１μｍ ２８０Ｃ,m,兵庫西部,07,2970,3360,390,13.13,13f3a4385cd0af3c,0b73eefdd2043464,102,102
配線材料,光ケーブル（４芯テープ難燃型）,ＳＭ １．３１μｍ ３００Ｃ,m,兵庫西部,07,3100,3510,410,13.23,80a86b721e4bdbf3,9c760e08f5623753,102,102
配線材料,光ケーブル（４芯テープ難燃型）,ＳＭ １．３１μｍ ３２０Ｃ,m,兵庫西部,07,3560,4040,480,13.48,5ae858bd64533030,55a88e7b21c59d1e,102,102
配線材料,光ケーブル（４芯テープ難燃型）,ＳＭ １．３１μｍ ３６０Ｃ,m,兵庫西部,07,3830,4340,510,13.32,b8db2e5fe3f98fd5,b7b6b3dafe73a542,102,102
配線材料,光ケーブル（４芯テープ難燃型）,ＳＭ １．３１μｍ ４００Ｃ,m,兵庫西部,07,4090,4640,550,13.45,9892f69fd4b38f3e,b2f089ecc7b991f9,102,102
配線材料,光ケーブル（４芯テープ難燃型）,ＳＭ １．３１μｍ ４４０Ｃ,m,兵庫西部,07,4740,5370,630,13.29,b2741720f209eecb,8ceacf849eeb6f47,102,102
配線材料,光ケーブル（４芯テープ難燃型）,ＳＭ １．３１μｍ ４８０Ｃ,m,兵庫西部,07,5000,5670,670,13.4,e2bb853582fcf455,5e498655926c4264,102,102
配線材料,光ケーブル（４芯テープＳＳＦ）,ＳＭ １．３１μｍ ４００Ｃ,m,兵庫,08,4200,4760,560,13.33,6371191a1d23d947,7de71fa1333499bb,102,102
配線材料,光ケーブル（４芯テープＳＳＦ）,ＳＭ １．３１μｍ ４４０Ｃ,m,兵庫,08,4700,5330,630,13.4,64c384843a2c6447,c9805aa953fe8a90,102,102
配線材料,光ケーブル（４芯テープＳＳＦ）,ＳＭ １．３１μｍ ４８０Ｃ,m,兵庫,08,4960,5630,670,13.51,fd0e0d62340d7e75,5cbf10e07daf4ee6,102,102
配線材料,光ケーブル（４芯テープＳＳＦ）,ＳＭ １．３１μｍ ５２０Ｃ,m,兵庫,08,5230,5920,690,13.19,3306c472e138811d,2c7bd85ec2f41e39,102,102
配線材料,光ケーブル（４芯テープＳＳＦ）,ＳＭ １．３１μｍ ５６０Ｃ,m,兵庫,08,5490,6220,730,13.3,7c25bc60d6c661f9,50709dd21d323883,102,102
配線材料,光ケーブル（４芯テープＳＳＦ）,ＳＭ １．３１μｍ ６００Ｃ,m,兵庫,08,5760,6520,760,13.19,ec2cb77d7b26beb4,af3c03e57ff5c8bd,102,102
配線材料,光ケーブル（４芯テープ難燃型）,ＳＭ １．３１μｍ ４０Ｃ,m,兵庫,08,792,897,105,13.26,64016c548e07298f,721df8d7017d6b3d,102,102
配線材料,光ケーブル（４芯テープ難燃型）,ＳＭ １．３１μｍ ６０Ｃ,m,兵庫,08,924,1040,116,12.55,7c383a634e873f90,a2ab7544d72f4ba5,102,102
配線材料,光ケーブル（４芯テープ難燃型）,ＳＭ １．３１μｍ ８０Ｃ,m,兵庫,08,1080,1230,150,13.89,05c988fc36cb06c2,7bdc154858a28f8c,102,102
配線材料,光ケーブル（４芯テープ難燃型）,ＳＭ １．３１μｍ １００Ｃ,m,兵庫,08,1210,1380,170,14.05,ee1d81c32c85fe55,b32371e09c2f4c0c,102,102
配線材料,光ケーブル（４芯テープ難燃型）,ＳＭ １．３１μｍ １２０Ｃ,m,兵庫,08,1560,1770,210,13.46,61622ddf1f56323a,141ebe5750b954b6,102,102
配線材料,光ケーブル（４芯テープ難燃型）,ＳＭ １．３１μｍ １４０Ｃ,m,兵庫,08,1700,1920,220,12.94,f1e1305bde5d1712,e79df1f6cbccccd7,102,102
配線材料,光ケーブル（４芯テープ難燃型）,ＳＭ １．３１μｍ １６０Ｃ,m,兵庫,08,1830,2070,240,13.11,4f337fac3578fe43,7a26f4b9c0dc4b12,102,102
配線材料,光ケーブル（４芯テープ難燃型）,ＳＭ １．３１μｍ １８０Ｃ,m,兵庫,08,1960,2220,260,13.27,41079aa59e25b685,388be11bbb503407,102,102
配線材料,光ケーブル（４芯テープ難燃型）,ＳＭ １．３１μｍ ２００Ｃ,m,兵庫,08,2090,2370,280,13.4,bb2b41338c2efa3e,82e76c72d099ec4c,102,102
配線材料,光ケーブル（４芯テープ難燃型）,ＳＭ １．３１μｍ ２２０Ｃ,m,兵庫,08,2570,2920,350,13.62,cd23321864ac6a0c,ee25965f0b0a8f16,102,102
配線材料,光ケーブル（４芯テープ難燃型）,ＳＭ １．３１μｍ ２４０Ｃ,m,兵庫,08,2700,3070,370,13.7,541ca1d041ab44bb,bbd1df8160fd34df,102,102
配線材料,光ケーブル（４芯テープ難燃型）,ＳＭ １．３１μｍ ２６０Ｃ,m,兵庫,08,2840,3210,370,13.03,75ef5d5c09d5f02b,370b96995db20aa9,102,102
配線材料,光ケーブル（４芯テープ難燃型）,ＳＭ １．３１μｍ ２８０Ｃ,m,兵庫,08,2970,3360,390,13.13,b46bff2ab2057792,c8358bcdb4f2540a,102,102
配線材料,光ケーブル（４芯テープ難燃型）,ＳＭ １．３１μｍ ３００Ｃ,m,兵庫,08,3100,3510,410,13.23,aae7c4ba7e65c42e,a4f99b25b3acbd1e,102,102
配線材料,光ケーブル（４芯テープ難燃型）,ＳＭ １．３１μｍ ３２０Ｃ,m,兵庫,08,3560,4040,480,13.48,591c970857d5ff58,bc0fb0a69855ded7,102,102
配線材料,光ケーブル（４芯テープ難燃型）,ＳＭ １．３１μｍ ３６０Ｃ,m,兵庫,08,3830,4340,510,13.32,f3f3b8b39e39d7c9,7a2044cacae1c3ef,102,102
配線材料,光ケーブル（４芯テープ難燃型）,ＳＭ １．３１μｍ ４００Ｃ,m,兵庫,08,4090,4640,550,13.45,f996d4ea5be11728,d52dd8fbefdbb285,102,102
配線材料,光ケーブル（４芯テープ難燃型）,ＳＭ １．３１μｍ ４４０Ｃ,m,兵庫,08,4740,5370,630,13.29,4d1f120a0bc704b6,8153ad11b4442af1,102,102
配線材料,光ケーブル（４芯テープ難燃型）,ＳＭ １．３１μｍ ４８０Ｃ,m,兵庫,08,5000,5670,670,13.4,cac985beef292ecb,68c730214f7eca1c,102,102
配線材料,光ケーブル（４芯テープＳＳＦ）,ＳＭ １．３１μｍ ４００Ｃ,m,奈良,09,4200,4760,560,13.33,32eaad17490953c3,a95a6da67257d6b8,102,102
配線材料,光ケーブル（４芯テープＳＳＦ）,ＳＭ １．３１μｍ ４４０Ｃ,m,奈良,09,4700,5330,630,13.4,9448c687b31923f7,87c4ede89e683d26,102,102
配線材料,光ケーブル（４芯テープＳＳＦ）,ＳＭ １．３１μｍ ４８０Ｃ,m,奈良,09,4960,5630,670,13.51,af529aaf4e99ff52,c2c807e285f0e682,102,102
配線材料,光ケーブル（４芯テープＳＳＦ）,ＳＭ １．３１μｍ ５２０Ｃ,m,奈良,09,5230,5920,690,13.19,dfbba85912204263,c70511331a0cc52f,102,102
配線材料,光ケーブル（４芯テープＳＳＦ）,ＳＭ １．３１μｍ ５６０Ｃ,m,奈良,09,5490,6220,730,13.3,e03072376c38fe2d,c6e2660452bba227,102,102
配線材料,光ケーブル（４芯テープＳＳＦ）,ＳＭ １．３１μｍ ６００Ｃ,m,奈良,09,5760,6520,760,13.19,073b4cb00e958f57,4f6d7e027887b2e6,102,102
配線材料,光ケーブル（４芯テープ難燃型）,ＳＭ １．３１μｍ ４０Ｃ,m,奈良,09,792,897,105,13.26,b43756b98144a272,672e2e9ab4cac838,102,102
配線材料,光ケーブル（４芯テープ難燃型）,ＳＭ １．３１μｍ ６０Ｃ,m,奈良,09,924,1040,116,12.55,519ef3d56305a161,d1367ec32e51f319,102,102
配線材料,光ケーブル（４芯テープ難燃型）,ＳＭ １．３１μｍ ８０Ｃ,m,奈良,09,1080,1230,150,13.89,21a3f2a13a28a38b,f4a5306587ffef31,102,102
配線材料,光ケーブル（４芯テープ難燃型）,ＳＭ １．３１μｍ １００Ｃ,m,奈良,09,1210,1380,170,14.05,22c07a905debe79a,f6785bb7d924db56,102,102
配線材料,光ケーブル（４芯テープ難燃型）,ＳＭ １．３１μｍ １２０Ｃ,m,奈良,09,1560,1770,210,13.46,0b2beab5799a00b5,be27f202b2afebcd,102,102
配線材料,光ケーブル（４芯テープ難燃型）,ＳＭ １．３１μｍ １４０Ｃ,m,奈良,09,1700,1920,220,12.94,4011e44f720948db,7d12eacd4d359874,102,102
配線材料,光ケーブル（４芯テープ難燃型）,ＳＭ １．３１μｍ １６０Ｃ,m,奈良,09,1830,2070,240,13.11,ee81f28aeb4250ca,4632910ea107e6f4,102,102
配線材料,光ケーブル（４芯テープ難燃型）,ＳＭ １．３１μｍ １８０Ｃ,m,奈良,09,1960,2220,260,13.27,69f12d51b7c94902,c2230ac8d8955fbd,102,102
配線材料,光ケーブル（４芯テープ難燃型）,ＳＭ １．３１μｍ ２００Ｃ,m,奈良,09,2090,2370,280,13.4,ece8a81172ac4608,299dc246329b00aa,102,102
配線材料,光ケーブル（４芯テープ難燃型）,ＳＭ １．３１μｍ ２２０Ｃ,m,奈良,09,2570,2920,350,13.62,26802fbdc4d1dfb7,29915551e327057c,102,102
配線材料,光ケーブル（４芯テープ難燃型）,ＳＭ １．３１μｍ ２４０Ｃ,m,奈良,09,2700,3070,370,13.7,a7b8bfe3e880c9f9,5a58be1cc3344d04,102,102
配線材料,光ケーブル（４芯テープ難燃型）,ＳＭ １．３１μｍ ２６０Ｃ,m,奈良,09,2840,3210,370,13.03,b413fa695e224f7e,8936c18b0d0c17e0,102,102
配線材料,光ケーブル（４芯テープ難燃型）,ＳＭ １．３１μｍ ２８０Ｃ,m,奈良,09,2970,3360,390,13.13,1248b170f86ddc34,21b6c1fdf189cbe1,102,102
配線材料,光ケーブル（４芯テープ難燃型）,ＳＭ １．３１μｍ ３００Ｃ,m,奈良,09,3100,3510,410,13.23,8bc4b9ba8ed00bcb,526033103643d175,102,102
配線材料,光ケーブル（４芯テープ難燃型）,ＳＭ １．３１μｍ ３２０Ｃ,m,奈良,09,3560,4040,480,13.48,59c7db1f4b37c341,1f3828cde5a9b92d,102,102
配線材料,光ケーブル（４芯テープ難燃型）,ＳＭ １．３１μｍ ３６０Ｃ,m,奈良,09,3830,4340,510,13.32,bb8238fdcf4ef52a,a49ca79fe3d49e4a,102,102
配線材料,光ケーブル（４芯テープ難燃型）,ＳＭ １．３１μｍ ４００Ｃ,m,奈良,09,4090,4640,550,13.45,ee556ee71e2e1e6f,6b064f92e88f515f,102,102
配線材料,光ケーブル（４芯テープ難燃型）,ＳＭ １．３１μｍ ４４０Ｃ,m,奈良,09,4740,5370,630,13.29,30745be6ba7a9d57,a10a524e77e945f5,102,102
配線材料,光ケーブル（４芯テープ難燃型）,ＳＭ １．３１μｍ ４８０Ｃ,m,奈良,09,5000,5670,670,13.4,41e3e3fc8fc11ec5,cc6ec978d8bf0d3e,102,102
配線材料,光ケーブル（４芯テープＳＳＦ）,ＳＭ １．３１μｍ ４００Ｃ,m,和歌山,10,4200,4760,560,13.33,72b3d07123cf9da6,5325c90055eee85c,102,102
配線材料,光ケーブル（４芯テープＳＳＦ）,ＳＭ １．３１μｍ ４４０Ｃ,m,和歌山,10,4700,5330,630,13.4,307bf3301d7f28b0,2baf9819de8faf7d,102,102
配線材料,光ケーブル（４芯テープＳＳＦ）,ＳＭ １．３１μｍ ４８０Ｃ,m,和歌山,10,4960,5630,670,13.51,7f4f4eedfd02e44d,b43003d57f501dde,102,102
配線材料,光ケーブル（４芯テープＳＳＦ）,ＳＭ １．３１μｍ ５２０Ｃ,m,和歌山,10,5230,5920,690,13.19,b21edc2c4d71a249,188814cd7ab51c42,102,102
配線材料,光ケーブル（４芯テープＳＳＦ）,ＳＭ １．３１μｍ ５６０Ｃ,m,和歌山,10,5490,6220,730,13.3,45f8ea52b4b8932d,bbcc0ee3c4aec0d1,102,102
配線材料,光ケーブル（４芯テープＳＳＦ）,ＳＭ １．３１μｍ ６００Ｃ,m,和歌山,10,5760,6520,760,13.19,91b252ec6e8ee1c9,d8295d9438a5ae71,102,102
配線材料,光ケーブル（４芯テープ難燃型）,ＳＭ １．３１μｍ ４０Ｃ,m,和歌山,10,792,897,105,13.26,53a67b77733e507e,28528bda857638b6,102,102
配線材料,光ケーブル（４芯テープ難燃型）,ＳＭ １．３１μｍ ６０Ｃ,m,和歌山,10,924,1040,116,12.55,1e80bd16583e72ad,c048a09952703b12,102,102
配線材料,光ケーブル（４芯テープ難燃型）,ＳＭ １．３１μｍ ８０Ｃ,m,和歌山,10,1080,1230,150,13.89,8457b1d750177d47,84508d1785740999,102,102
配線材料,光ケーブル（４芯テープ難燃型）,ＳＭ １．３１μｍ １００Ｃ,m,和歌山,10,1210,1380,170,14.05,d5c6e103369329ee,d3a2c705890b58bc,102,102
配線材料,光ケーブル（４芯テープ難燃型）,ＳＭ １．３１μｍ １２０Ｃ,m,和歌山,10,1560,1770,210,13.46,0ebd317d4268d111,918138e8efce122d,102,102
配線材料,光ケーブル（４芯テープ難燃型）,ＳＭ １．３１μｍ １４０Ｃ,m,和歌山,10,1700,1920,220,12.94,fb880076e6d5be79,5e0163f7b11aa85c,102,102
配線材料,光ケーブル（４芯テープ難燃型）,ＳＭ １．３１μｍ １６０Ｃ,m,和歌山,10,1830,2070,240,13.11,f698713fcef0e8a9,733547ec7fad3381,102,102
配線材料,光ケーブル（４芯テープ難燃型）,ＳＭ １．３１μｍ １８０Ｃ,m,和歌山,10,1960,2220,260,13.27,c2143a7fdf42e5d7,e71565434ec2a7d1,102,102
配線材料,光ケーブル（４芯テープ難燃型）,ＳＭ １．３１μｍ ２００Ｃ,m,和歌山,10,2090,2370,280,13.4,e2ec81ee6be901a7,1cb12767a9e8524d,102,102
配線材料,光ケーブル（４芯テープ難燃型）,ＳＭ １．３１μｍ ２２０Ｃ,m,和歌山,10,2570,2920,350,13.62,487b85f32474a99f,53be4256b53b05f3,102,102
配線材料,光ケーブル（４芯テープ難燃型）,ＳＭ １．３１μｍ ２４０Ｃ,m,和歌山,10,2700,3070,370,13.7,d761602f1998bc04,5751a6b077c3a76b,102,102
配線材料,光ケーブル（４芯テープ難燃型）,ＳＭ １．３１μｍ ２６０Ｃ,m,和歌山,10,2840,3210,370,13.03,ae90490b02fd48df,d0d8bca082fdfb2b,102,102
配線材料,光ケーブル（４芯テープ難燃型）,ＳＭ １．３１μｍ ２８０Ｃ,m,和歌山,10,2970,3360,390,13.13,8a4ee49666d8a45f,eda2697e802d43d3,102,102
配線材料,光ケーブル（４芯テープ難燃型）,ＳＭ １．３１μｍ ３００Ｃ,m,和歌山,10,3100,3510,410,13.23,44aafbba9108fcc1,9e497bfa88984526,102,102
配線材料,光ケーブル（４芯テープ難燃型）,ＳＭ １．３１μｍ ３２０Ｃ,m,和歌山,10,3560,4040,480,13.48,c8daafb94d68a85a,ec76101089e5ae12,102,102
配線材料,光ケーブル（４芯テープ難燃型）,ＳＭ １．３１μｍ ３６０Ｃ,m,和歌山,10,3830,4340,510,13.32,f2a5f0d5fa2bf12d,60e4b907bcd4327f,102,102
配線材料,光ケーブル（４芯テープ難燃型）,ＳＭ １．３１μｍ ４００Ｃ,m,和歌山,10,4090,4640,550,13.45,00f4dea0e82f8b2a,1a905fd08a369382,102,102
配線材料,光ケーブル（４芯テープ難燃型）,ＳＭ １．３１μｍ ４４０Ｃ,m,和歌山,10,4740,5370,630,13.29,4336f95a1ce125d9,5663ae2ae41134d7,102,102
配線材料,光ケーブル（４芯テープ難燃型）,ＳＭ １．３１μｍ ４８０Ｃ,m,和歌山,10,5000,5670,670,13.4,5f4efe2775ff532f,48b54dc8e96107ee,102,102
配線材料,光ケーブル（４芯テープＳＳＦ）,ＳＭ １．３１μｍ ４００Ｃ,m,岐阜,11,4200,4760,560,13.33,58bb55ee7188a76e,36e96d98442a2e52,102,102
配線材料,光ケーブル（４芯テープＳＳＦ）,ＳＭ １．３１μｍ ４４０Ｃ,m,岐阜,11,4700,5330,630,13.4,70affdeae36696b8,4ddce79cc7a3d4be,102,102
配線材料,光ケーブル（４芯テープＳＳＦ）,ＳＭ １．３１μｍ ４８０Ｃ,m,岐阜,11,4960,5630,670,13.51,756333c273bc7db9,6fd5c6e99e7cd989,102,102
配線材料,光ケーブル（４芯テープＳＳＦ）,ＳＭ １．３１μｍ ５２０Ｃ,m,岐阜,11,5230,5920,690,13.19,1c92eda66ca61333,5756be9d7cb3e6d9,102,102
配線材料,光ケーブル（４芯テープＳＳＦ）,ＳＭ １．３１μｍ ５６０Ｃ,m,岐阜,11,5490,6220,730,13.3,10f10ae4b4865b3c,7cb1cee937fa16d9,102,102
配線材料,光ケーブル（４芯テープＳＳＦ）,ＳＭ １．３１μｍ ６００Ｃ,m,岐阜,11,5760,6520,760,13.19,9e33ebf22b7275a8,98752d1d5e2dfb68,102,102
配線材料,光ケーブル（４芯テープ難燃型）,ＳＭ １．３１μｍ ４０Ｃ,m,岐阜,11,792,897,105,13.26,540e232a53ebd809,d1c0f3f8ad837079,102,102
配線材料,光ケーブル（４芯テープ難燃型）,ＳＭ １．３１μｍ ６０Ｃ,m,岐阜,11,924,1040,116,12.55,c48060ae6e11a4f7,0bead34bf8535626,102,102
配線材料,光ケーブル（４芯テープ難燃型）,ＳＭ １．３１μｍ ８０Ｃ,m,岐阜,11,1080,1230,150,13.89,3a57db54df35e205,39c59042cafb7f06,102,102
配線材料,光ケーブル（４芯テープ難燃型）,ＳＭ １．３１μｍ １００Ｃ,m,岐阜,11,1210,1380,170,14.05,f31373cae8792e5d,c28a0ef302f30537,102,102
配線材料,光ケーブル（４芯テープ難燃型）,ＳＭ １．３１μｍ １２０Ｃ,m,岐阜,11,1560,1770,210,13.46,790a827e0b608c5c,914bc4a91872d904,102,102
配線材料,光ケーブル（４芯テープ難燃型）,ＳＭ １．３１μｍ １４０Ｃ,m,岐阜,11,1700,1920,220,12.94,01c6df6b3ca829de,d8bfcaa150e3b4f4,102,102
配線材料,光ケーブル（４芯テープ難燃型）,ＳＭ １．３１μｍ １６０Ｃ,m,岐阜,11,1830,2070,240,13.11,86b15ce76467b51b,51dadc1745c1ef03,102,102
配線材料,光ケーブル（４芯テープ難燃型）,ＳＭ １．３１μｍ １８０Ｃ,m,岐阜,11,1960,2220,260,13.27,d5de47a8c768943b,c42fe9582df470c6,102,102
配線材料,光ケーブル（４芯テープ難燃型）,ＳＭ １．３１μｍ ２００Ｃ,m,岐阜,11,2090,2370,280,13.4,ba6ca5e31744f3e9,5fcea962309f6286,102,102
配線材料,光ケーブル（４芯テープ難燃型）,ＳＭ １．３１μｍ ２２０Ｃ,m,岐阜,11,2570,2920,350,13.62,095b1fccdda42e5b,d86489acda82dd48,102,102
配線材料,光ケーブル（４芯テープ難燃型）,ＳＭ １．３１μｍ ２４０Ｃ,m,岐阜,11,2700,3070,370,13.7,9a805d29a0881be4,8a0f55659d85c3f8,102,102
配線材料,光ケーブル（４芯テープ難燃型）,ＳＭ １．３１μｍ ２６０Ｃ,m,岐阜,11,2840,3210,370,13.03,e03bb74e76e0c040,0ef90b40dd58d3b2,102,102
配線材料,光ケーブル（４芯テープ難燃型）,ＳＭ １．３１μｍ ２８０Ｃ,m,岐阜,11,2970,3360,390,13.13,3c7642497259c21e,ed115e251da1f051,102,102
配線材料,光ケーブル（４芯テープ難燃型）,ＳＭ １．３１μｍ ３００Ｃ,m,岐阜,11,3100,3510,410,13.23,4e7321c4cd150064,bc7b10dcf0cc0f59,102,102
配線材料,光ケーブル（４芯テープ難燃型）,ＳＭ １．３１μｍ ３２０Ｃ,m,岐阜,11,3560,4040,480,13.48,5cc1b3a607ae702e,fbafbe917b81d288,102,102
配線材料,光ケーブル（４芯テープ難燃型）,ＳＭ １．３１μｍ ３６０Ｃ,m,岐阜,11,3830,4340,510,13.32,cdb99bafc21cce25,e8aa84a2a6f84355,102,102
配線材料,光ケーブル（４芯テープ難燃型）,ＳＭ １．３１μｍ ４００Ｃ,m,岐阜,11,4090,4640,550,13.45,128a84b8303e3963,5e9417cf9d1365fe,102,102
配線材料,光ケーブル（４芯テープ難燃型）,ＳＭ １．３１μｍ ４４０Ｃ,m,岐阜,11,4740,5370,630,13.29,6c832bba6d9cdd9f,8319230a92c942cd,102,102
配線材料,光ケーブル（４芯テープ難燃型）,ＳＭ １．３１μｍ ４８０Ｃ,m,岐阜,11,5000,5670,670,13.4,1f51aa39a2bee870,bab57b50230def51,102,102
配線材料,光ケーブル（４芯テープＳＳＦ）,ＳＭ １．３１μｍ ４００Ｃ,m,三重,12,4200,4760,560,13.33,5b7574400548d1d7,0e4afc6c3d2d92ce,102,102
配線材料,光ケーブル（４芯テープＳＳＦ）,ＳＭ １．３１μｍ ４４０Ｃ,m,三重,12,4700,5330,630,13.4,ca1a0f6353afccbb,f1fabafcf5ad455d,102,102
配線材料,光ケーブル（４芯テープＳＳＦ）,ＳＭ １．３１μｍ ４８０Ｃ,m,三重,12,4960,5630,670,13.51,93cfa519bf13c076,e105ddf53cb95647,102,102
配線材料,光ケーブル（４芯テープＳＳＦ）,ＳＭ １．３１μｍ ５２０Ｃ,m,三重,12,5230,5920,690,13.19,6aed5e11fcfe4643,aacbc39a873743a8,102,102
配線材料,光ケーブル（４芯テープＳＳＦ）,ＳＭ １．３１μｍ ５６０Ｃ,m,三重,12,5490,6220,730,13.3,eeafc03a00b7e7f4,e1cde29deac940ec,102,102
配線材料,光ケーブル（４芯テープＳＳＦ）,ＳＭ １．３１μｍ ６００Ｃ,m,三重,12,5760,6520,760,13.19,68e739cee94fded0,7adddf267ea9a71e,102,102
配線材料,光ケーブル（４芯テープ難燃型）,ＳＭ １．３１μｍ ４０Ｃ,m,三重,12,792,897,105,13.26,ae9cff9d3ce90212,82597bbf22307fd5,102,102
配線材料,光ケーブル（４芯テープ難燃型）,ＳＭ １．３１μｍ ６０Ｃ,m,三重,12,924,1040,116,12.55,9150c993c1fd7bf9,66209054135b99b4,102,102
配線材料,光ケーブル（４芯テープ難燃型）,ＳＭ １．３１μｍ ８０Ｃ,m,三重,12,1080,1230,150,13.89,0fde31913934c887,4f8953782508eea1,102,102
配線材料,光ケーブル（４芯テープ難燃型）,ＳＭ １．３１μｍ １００Ｃ,m,三重,12,1210,1380,170,14.05,28e83e04744b7b42,42e563bdc3f2c4a2,102,102
配線材料,光ケーブル（４芯テープ難燃型）,ＳＭ １．３１μｍ １２０Ｃ,m,三重,12,1560,1770,210,13.46,9dddd577e3640e62,c32e6e8ed6d25b34,102,102
配線材料,光ケーブル（４芯テープ難燃型）,ＳＭ １．３１μｍ １４０Ｃ,m,三重,12,1700,1920,220,12.94,c3d9ac4bc5d70ab2,8b5121cd98592064,102,102
配線材料,光ケーブル（４芯テープ難燃型）,ＳＭ １．３１μｍ １６０Ｃ,m,三重,12,1830,2070,240,13.11,4ade46458a3df3db,c88d2b7e8f087bed,102,102
配線材料,光ケーブル（４芯テープ難燃型）,ＳＭ １．３１μｍ １８０Ｃ,m,三重,12,1960,2220,260,13.27,7025dbaaebc20527,9e99d4da6bd5cf6a,102,102
配線材料,光ケーブル（４芯テープ難燃型）,ＳＭ １．３１μｍ ２００Ｃ,m,三重,12,2090,2370,280,13.4,5052ddc71f58767f,ca7a52bf644a42d7,102,102
配線材料,光ケーブル（４芯テープ難燃型）,ＳＭ １．３１μｍ ２２０Ｃ,m,三重,12,2570,2920,350,13.62,e47b9eef1707b19e,27991a7e85e4175a,102,102
配線材料,光ケーブル（４芯テープ難燃型）,ＳＭ １．３１μｍ ２４０Ｃ,m,三重,12,2700,3070,370,13.7,c5a1dfcc91dc4a7d,7e107e11e42b310f,102,102
配線材料,光ケーブル（４芯テープ難燃型）,ＳＭ １．３１μｍ ２６０Ｃ,m,三重,12,2840,3210,370,13.03,9370ce709aa6eb13,b595f0a28bddd987,102,102
配線材料,光ケーブル（４芯テープ難燃型）,ＳＭ １．３１μｍ ２８０Ｃ,m,三重,12,2970,3360,390,13.13,0b92796aa748e430,f577ea370b4430ad,102,102
配線材料,光ケーブル（４芯テープ難燃型）,ＳＭ １．３１μｍ ３００Ｃ,m,三重,12,3100,3510,410,13.23,9c5da4e9f6df1811,9afcc24be31bd10a,102,102
配線材料,光ケーブル（４芯テープ難燃型）,ＳＭ １．３１μｍ ３２０Ｃ,m,三重,12,3560,4040,480,13.48,0da51e4ece4616e3,f06d0d5f6adf39c4,102,102
配線材料,光ケーブル（４芯テープ難燃型）,ＳＭ １．３１μｍ ３６０Ｃ,m,三重,12,3830,4340,510,13.32,90fdc9d6e8f1c4b7,d21a14640f2bd360,102,102
配線材料,光ケーブル（４芯テープ難燃型）,ＳＭ １．３１μｍ ４００Ｃ,m,三重,12,4090,4640,550,13.45,9f8123d5c608feb2,0002d81e8cf9fbbe,102,102
配線材料,光ケーブル（４芯テープ難燃型）,ＳＭ １．３１μｍ ４４０Ｃ,m,三重,12,4740,5370,630,13.29,68726f330b627ad6,87770f4d6f939aeb,102,102
配線材料,光ケーブル（４芯テープ難燃型）,ＳＭ １．３１μｍ ４８０Ｃ,m,三重,12,5000,5670,670,13.4,46643ae3fee95eb2,b0461ee5f28ba1e4,102,102
配線材料,光ケーブル（４芯テープ難燃型）,ＳＭ １．３１μｍ ５２０Ｃ,m,福井,01,5260,5970,710,13.5,26830e2f028c6089,3c8c9faacc2cdcd5,103,103
配線材料,光ケーブル（４芯テープ難燃型）,ＳＭ １．３１μｍ ５６０Ｃ,m,福井,01,5530,6260,730,13.2,29eb43448c0c9e0a,1b44c690124340f2,103,103
配線材料,光ケーブル（４芯テープ難燃型）,ＳＭ １．３１μｍ ６００Ｃ,m,福井,01,5790,6560,770,13.3,c5b89ed893112e22,b675e8259f5a762d,103,103
配線材料,光ケーブル（層型）,ＳＭ １．３１μｍ １２Ｃ,m,福井,01,580,672,92,15.86,591e9fccb3fceef9,716e31c65bdd6dca,103,103
配線材料,光ケーブル（層型、ＳＳＦ）,ＳＭ １．３１μｍ １２Ｃ,m,福井,01,826,936,110,13.32,18a607ddc0c4e381,f42bae2460c68ccd,103,103
配線材料,光ケーブル（４芯テープＳＺ型）,ＳＭ １．３１μｍ ２０Ｃ,m,福井,01,465,511,46,9.89,03621ebfaed37bc4,b6d336376e35d69c,103,103
配線材料,光ケーブル（４芯テープＳＺ型）,ＳＭ １．３１μｍ ２４Ｃ,m,福井,01,492,532,40,8.13,5ab966f0403cb491,465432bfbd700d1d,103,103
配線材料,光ケーブル（４芯テープＳＺ型）,ＳＭ １．３１μｍ ４０Ｃ,m,福井,01,684,727,43,6.29,82e183bfc0f551cb,fb5ff3e830730e8c,103,103
配線材料,光ケーブル（４芯テープＳＺ型）,ＳＭ １．３１μｍ ４８Ｃ,m,福井,01,736,768,32,4.35,ae24259675c575da,6dbb0e686bad2934,103,103
配線材料,光ケーブル（４芯テープＳＺ型）,ＳＭ １．３１μｍ ６０Ｃ,m,福井,01,816,829,13,1.59,f9eaccd5908db196,35ac90d8bc51c8e0,103,103
配線材料,光ケーブル（４芯テープＳＺ型）,ＳＭ １．３１μｍ ８０Ｃ,m,福井,01,978,1050,72,7.36,fea18ef4fe9d746b,34d403d4ac3a48df,103,103
配線材料,光ケーブル（４芯テープＳＺ型）,ＳＭ １．３１μｍ １００Ｃ,m,福井,01,1110,1150,40,3.6,5dad270cf261c053,ed0946fb71ed8f45,103,103
配線材料,光ケーブル（４芯テープＳＺ型）,ＳＭ １．３１μｍ １２０Ｃ,m,福井,01,1430,1520,90,6.29,b1683580b562de12,89040758aacb63f1,103,103
配線材料,光ケーブル（４芯テープＳＺ型）,ＳＭ １．３１μｍ １２８Ｃ,m,福井,01,1480,1560,80,5.41,d53f296b7723d077,f3f4a64046178d9f,103,103
配線材料,光ケーブル（４芯ＳＺ・ＳＳＤ型）,ＳＭ １．３１μｍ ６０Ｃ,m,福井,01,1040,1180,140,13.46,9d72c2a49d8f0e20,83e57fd27e1c92b0,103,103
配線材料,光ケーブル（４芯ＳＺ・ＳＳＤ型）,ＳＭ １．３１μｍ ８０Ｃ,m,福井,01,1200,1360,160,13.33,00ffdbd2c86fb6f7,9743b399cf522af8,103,103
配線材料,光ケーブル（４芯ＳＺ・ＳＳＤ型）,ＳＭ １．３１μｍ １００Ｃ,m,福井,01,1330,1510,180,13.53,74d04ee37cbaa8bb,9b718bd776f73eb1,103,103
配線材料,光ケーブル（４芯ＳＺ・ＳＳＤ型）,ＳＭ １．３１μｍ １２０Ｃ,m,福井,01,1660,1880,220,13.25,d612906946a6ebf0,55dd9d42c7e33107,103,103
配線材料,光ケーブル（４芯ＳＺ・ＳＳＤ型）,ＳＭ １．３１μｍ １２８Ｃ,m,福井,01,1710,1940,230,13.45,4a36f3d0918e041e,229cb0422af46512,103,103
配線材料,光ケーブル（４芯ＳＺ・ＳＳＤ型）,ＳＭ １．３１μｍ １４０Ｃ,m,福井,01,1790,2030,240,13.41,3f4f970c879128d2,18461fe84e02703e,103,103
配線材料,光ケーブル（４芯ＳＺ・ＳＳＤ型）,ＳＭ １．３１μｍ １６０Ｃ,m,福井,01,1920,2180,260,13.54,d4855a6a71a3dd14,23bd976b81fd10c1,103,103
配線材料,光ケーブル（４芯ＳＺ・ＳＳＤ型）,ＳＭ １．３１μｍ １８０Ｃ,m,福井,01,2050,2330,280,13.66,56dd6e5c19db7406,39282c5bc880c40a,103,103
配線材料,光ケーブル（４芯ＳＺ・ＳＳＤ型）,ＳＭ １．３１μｍ ２００Ｃ,m,福井,01,2190,2480,290,13.24,127f216499e91a5a,4f70c245d116a273,103,103
配線材料,光ケーブル（４芯ＳＺ・ＳＳＦ型）,ＳＭ １．３１μｍ ６０Ｃ,m,福井,01,1060,1200,140,13.21,0625e7360841d9a6,60c54e03965865e5,103,103
配線材料,光ケーブル（４芯ＳＺ・ＳＳＦ型）,ＳＭ １．３１μｍ ８０Ｃ,m,福井,01,1220,1380,160,13.11,716160710e870d64,3da07493992a9447,103,103
配線材料,光ケーブル（４芯テープ難燃型）,ＳＭ １．３１μｍ ５２０Ｃ,m,滋賀,02,5260,5970,710,13.5,69a35ac1d3725678,f6ab1b6430071bae,103,103
配線材料,光ケーブル（４芯テープ難燃型）,ＳＭ １．３１μｍ ５６０Ｃ,m,滋賀,02,5530,6260,730,13.2,2ceb603f16e1d42f,d37f4431ac6e43a5,103,103
配線材料,光ケーブル（４芯テープ難燃型）,ＳＭ １．３１μｍ ６００Ｃ,m,滋賀,02,5790,6560,770,13.3,e57541d8c8d3111d,b92685b7fdfbc1ee,103,103
配線材料,光ケーブル（層型）,ＳＭ １．３１μｍ １２Ｃ,m,滋賀,02,580,672,92,15.86,bf2e237e44c93146,d914ed3c048cfc11,103,103
配線材料,光ケーブル（層型、ＳＳＦ）,ＳＭ １．３１μｍ １２Ｃ,m,滋賀,02,826,936,110,13.32,57d47a516b8ed3b1,ece740c30c57accd,103,103
配線材料,光ケーブル（４芯テープＳＺ型）,ＳＭ １．３１μｍ ２０Ｃ,m,滋賀,02,465,511,46,9.89,4f545618920217b9,65dbe749419c79f1,103,103
配線材料,光ケーブル（４芯テープＳＺ型）,ＳＭ １．３１μｍ ２４Ｃ,m,滋賀,02,492,532,40,8.13,748a09eb9ade5cdd,225a3e29f6d53d13,103,103
配線材料,光ケーブル（４芯テープＳＺ型）,ＳＭ １．３１μｍ ４０Ｃ,m,滋賀,02,684,727,43,6.29,27494be1b3ff04c6,5aa1cb556be693ac,103,103
配線材料,光ケーブル（４芯テープＳＺ型）,ＳＭ １．３１μｍ ４８Ｃ,m,滋賀,02,736,768,32,4.35,ef607b84153a395e,2a99f3ffad079455,103,103
配線材料,光ケーブル（４芯テープＳＺ型）,ＳＭ １．３１μｍ ６０Ｃ,m,滋賀,02,816,829,13,1.59,2d33ee3f35dec43d,8f563ca2da2afaa2,103,103
配線材料,光ケーブル（４芯テープＳＺ型）,ＳＭ １．３１μｍ ８０Ｃ,m,滋賀,02,978,1050,72,7.36,b13488560a4870b7,9ed2a98912a6d015,103,103
配線材料,光ケーブル（４芯テープＳＺ型）,ＳＭ １．３１μｍ １００Ｃ,m,滋賀,02,1110,1150,40,3.6,6a56c6b5639a2a71,e3d41bd1e152881f,103,103
配線材料,光ケーブル（４芯テープＳＺ型）,ＳＭ １．３１μｍ １２０Ｃ,m,滋賀,02,1430,1520,90,6.29,615b2c2a8429131c,d1789205caf4c233,103,103
配線材料,光ケーブル（４芯テープＳＺ型）,ＳＭ １．３１μｍ １２８Ｃ,m,滋賀,02,1480,1560,80,5.41,a49283d3e4f88e16,6ea4a680dd36e5d3,103,103
配線材料,光ケーブル（４芯ＳＺ・ＳＳＤ型）,ＳＭ １．３１μｍ ６０Ｃ,m,滋賀,02,1040,1180,140,13.46,1fcaad7aa14fb29e,6d8ce60b83f39909,103,103
配線材料,光ケーブル（４芯ＳＺ・ＳＳＤ型）,ＳＭ １．３１μｍ ８０Ｃ,m,滋賀,02,1200,1360,160,13.33,911d45b08dac4f09,f9cd9ccb4101aae8,103,103
配線材料,光ケーブル（４芯ＳＺ・ＳＳＤ型）,ＳＭ １．３１μｍ １００Ｃ,m,滋賀,02,1330,1510,180,13.53,ccb8fd579617f79f,db9ebf809f3a9c7d,103,103
配線材料,光ケーブル（４芯ＳＺ・ＳＳＤ型）,ＳＭ １．３１μｍ １２０Ｃ,m,滋賀,02,1660,1880,220,13.25,2d38c82bbb5565ec,15206f3cd415781c,103,103
配線材料,光ケーブル（４芯ＳＺ・ＳＳＤ型）,ＳＭ １．３１μｍ １２８Ｃ,m,滋賀,02,1710,1940,230,13.45,f58293cbbb6b0121,2257c2e665cb1db5,103,103
配線材料,光ケーブル（４芯ＳＺ・ＳＳＤ型）,ＳＭ １．３１μｍ １４０Ｃ,m,滋賀,02,1790,2030,240,13.41,d34cb51f4c0310b9,9d118bcf70069b82,103,103
配線材料,光ケーブル（４芯ＳＺ・ＳＳＤ型）,ＳＭ １．３１μｍ １６０Ｃ,m,滋賀,02,1920,2180,260,13.54,d639eb9dd43d1a0c,4e9ba3e4f9711326,103,103
配線材料,光ケーブル（４芯ＳＺ・ＳＳＤ型）,ＳＭ １．３１μｍ １８０Ｃ,m,滋賀,02,2050,2330,280,13.66,ec60271b88baabc1,dcfa5d9520d6e60b,103,103
配線材料,光ケーブル（４芯ＳＺ・ＳＳＤ型）,ＳＭ １．３１μｍ ２００Ｃ,m,滋賀,02,2190,2480,290,13.24,93dd16b9ec1e1159,4cffd4ba19b99967,103,103
配線材料,光ケーブル（４芯ＳＺ・ＳＳＦ型）,ＳＭ １．３１μｍ ６０Ｃ,m,滋賀,02,1060,1200,140,13.21,5f222c022bb57ca8,ada32d094c9b3e16,103,103
配線材料,光ケーブル（４芯ＳＺ・ＳＳＦ型）,ＳＭ １．３１μｍ ８０Ｃ,m,滋賀,02,1220,1380,160,13.11,8a26690fdb21848a,f738750d4351b9e9,103,103
配線材料,光ケーブル（４芯テープ難燃型）,ＳＭ １．３１μｍ ５２０Ｃ,m,京都北部,03,5260,5970,710,13.5,e4fbb17d8a0f207a,af88abf6f8c394c1,103,103
配線材料,光ケーブル（４芯テープ難燃型）,ＳＭ １．３１μｍ ５６０Ｃ,m,京都北部,03,5530,6260,730,13.2,2ac7fd398c57dd4e,e0077c5e2de5c0d9,103,103
配線材料,光ケーブル（４芯テープ難燃型）,ＳＭ １．３１μｍ ６００Ｃ,m,京都北部,03,5790,6560,770,13.3,87b24e3c9f0dc1b9,0afacfafb01a88e0,103,103
配線材料,光ケーブル（層型）,ＳＭ １．３１μｍ １２Ｃ,m,京都北部,03,580,672,92,15.86,9d14c631edafd1fc,6d396655bfeae778,103,103
配線材料,光ケーブル（層型、ＳＳＦ）,ＳＭ １．３１μｍ １２Ｃ,m,京都北部,03,826,936,110,13.32,e3cfb345fb1be6bd,8f070f7bc5b67186,103,103
配線材料,光ケーブル（４芯テープＳＺ型）,ＳＭ １．３１μｍ ２０Ｃ,m,京都北部,03,465,511,46,9.89,ccfcd205deb8a103,a5d2dc3146e4a19c,103,103
配線材料,光ケーブル（４芯テープＳＺ型）,ＳＭ １．３１μｍ ２４Ｃ,m,京都北部,03,492,532,40,8.13,37ebbb418670e08f,6f4af836702fb429,103,103
配線材料,光ケーブル（４芯テープＳＺ型）,ＳＭ １．３１μｍ ４０Ｃ,m,京都北部,03,684,727,43,6.29,f864ddce5d73315f,0a5884c89be4bf6a,103,103
配線材料,光ケーブル（４芯テープＳＺ型）,ＳＭ １．３１μｍ ４８Ｃ,m,京都北部,03,736,768,32,4.35,175505d6b1e15a1a,7e5a65a8304091e6,103,103
配線材料,光ケーブル（４芯テープＳＺ型）,ＳＭ １．３１μｍ ６０Ｃ,m,京都北部,03,816,829,13,1.59,8eb8ce01740c2429,3b5e479cce7c9025,103,103
配線材料,光ケーブル（４芯テープＳＺ型）,ＳＭ １．３１μｍ ８０Ｃ,m,京都北部,03,978,1050,72,7.36,303db6e704ebaefd,bf8dd9b0b89b3b0c,103,103
配線材料,光ケーブル（４芯テープＳＺ型）,ＳＭ １．３１μｍ １００Ｃ,m,京都北部,03,1110,1150,40,3.6,8f882fc4dfd30fbb,dfbffa763dba0117,103,103
配線材料,光ケーブル（４芯テープＳＺ型）,ＳＭ １．３１μｍ １２０Ｃ,m,京都北部,03,1430,1520,90,6.29,75d26e051b5ab197,cee998f6a7f39f39,103,103
配線材料,光ケーブル（４芯テープＳＺ型）,ＳＭ １．３１μｍ １２８Ｃ,m,京都北部,03,1480,1560,80,5.41,69b1f6ea1982e9ae,381cb6ffee1e84df,103,103
配線材料,光ケーブル（４芯ＳＺ・ＳＳＤ型）,ＳＭ １．３１μｍ ６０Ｃ,m,京都北部,03,1040,1180,140,13.46,3e31055a03481118,7bd6a15b1b7a21be,103,103
配線材料,光ケーブル（４芯ＳＺ・ＳＳＤ型）,ＳＭ １．３１μｍ ８０Ｃ,m,京都北部,03,1200,1360,160,13.33,fe29d29b7d7f0a10,25cb9f4d20197ce8,103,103
配線材料,光ケーブル（４芯ＳＺ・ＳＳＤ型）,ＳＭ １．３１μｍ １００Ｃ,m,京都北部,03,1330,1510,180,13.53,189c999dd1858f2d,2762e7f847f48648,103,103
配線材料,光ケーブル（４芯ＳＺ・ＳＳＤ型）,ＳＭ １．３１μｍ １２０Ｃ,m,京都北部,03,1660,1880,220,13.25,ecba8f95cac76d4a,bb1f92a71f03ac57,103,103
配線材料,光ケーブル（４芯ＳＺ・ＳＳＤ型）,ＳＭ １．３１μｍ １２８Ｃ,m,京都北部,03,1710,1940,230,13.45,f414cea16bdf367d,077d27c9b7249df9,103,103
配線材料,光ケーブル（４芯ＳＺ・ＳＳＤ型）,ＳＭ １．３１μｍ １４０Ｃ,m,京都北部,03,1790,2030,240,13.41,cb2ce3a5c98efab3,a1b5c0da0a27099c,103,103
配線材料,光ケーブル（４芯ＳＺ・ＳＳＤ型）,ＳＭ １．３１μｍ １６０Ｃ,m,京都北部,03,1920,2180,260,13.54,b47078b88057a9ca,04c14048f9a20443,103,103
配線材料,光ケーブル（４芯ＳＺ・ＳＳＤ型）,ＳＭ １．３１μｍ １８０Ｃ,m,京都北部,03,2050,2330,280,13.66,52393828b6c34c77,a76a6d765d54854d,103,103
配線材料,光ケーブル（４芯ＳＺ・ＳＳＤ型）,ＳＭ １．３１μｍ ２００Ｃ,m,京都北部,03,2190,2480,290,13.24,f7d5413f19b671fe,acbf4dcc5c7c6928,103,103
配線材料,光ケーブル（４芯ＳＺ・ＳＳＦ型）,ＳＭ １．３１μｍ ６０Ｃ,m,京都北部,03,1060,1200,140,13.21,c23235e204bd45d4,651671725034a4f5,103,103
配線材料,光ケーブル（４芯ＳＺ・ＳＳＦ型）,ＳＭ １．３１μｍ ８０Ｃ,m,京都北部,03,1220,1380,160,13.11,dc97a3610ddea53b,9206574005775ec0,103,103
配線材料,光ケーブル（４芯テープ難燃型）,ＳＭ １．３１μｍ ５２０Ｃ,m,京都南部,04,5260,5970,710,13.5,64d4da458d21d2c7,170669639d14746e,103,103
配線材料,光ケーブル（４芯テープ難燃型）,ＳＭ １．３１μｍ ５６０Ｃ,m,京都南部,04,5530,6260,730,13.2,92e829147d4b9257,86a5b4dd96ea4a95,103,103
配線材料,光ケーブル（４芯テープ難燃型）,ＳＭ １．３１μｍ ６００Ｃ,m,京都南部,04,5790,6560,770,13.3,038e8603cf02dc97,d7c0e4978a8aa8e3,103,103
配線材料,光ケーブル（層型）,ＳＭ １．３１μｍ １２Ｃ,m,京都南部,04,580,672,92,15.86,e6d345685b35c0de,62be925c7dc94b6d,103,103
配線材料,光ケーブル（層型、ＳＳＦ）,ＳＭ １．３１μｍ １２Ｃ,m,京都南部,04,826,936,110,13.32,e26c0259f0860dfe,9e51ce3f0dadada5,103,103
配線材料,光ケーブル（４芯テープＳＺ型）,ＳＭ １．３１μｍ ２０Ｃ,m,京都南部,04,465,511,46,9.89,2f8bc0001d67fe1a,ec00cd029361e33e,103,103
配線材料,光ケーブル（４芯テープＳＺ型）,ＳＭ １．３１μｍ ２４Ｃ,m,京都南部,04,492,532,40,8.13,dc2c252a13f5edab,5abfc003b352634d,103,103
配線材料,光ケーブル（４芯テープＳＺ型）,ＳＭ １．３１μｍ ４０Ｃ,m,京都南部,04,684,727,43,6.29,a6bbcfdd1e7fb505,7ffcb4916c419029,103,103
配線材料,光ケーブル（４芯テープＳＺ型）,ＳＭ １．３１μｍ ４８Ｃ,m,京都南部,04,736,768,32,4.35,e162b4cdac10332a,1f24ae143f555141,103,103
配線材料,光ケーブル（４芯テープＳＺ型）,ＳＭ １．３１μｍ ６０Ｃ,m,京都南部,04,816,829,13,1.59,d446d94c36b09696,629872c16d53d34a,103,103
配線材料,光ケーブル（４芯テープＳＺ型）,ＳＭ １．３１μｍ ８０Ｃ,m,京都南部,04,978,1050,72,7.36,ccb83e9056fa9afd,cf2657daf398f1af,103,103
配線材料,光ケーブル（４芯テープＳＺ型）,ＳＭ １．３１μｍ １００Ｃ,m,京都南部,04,1110,1150,40,3.6,a1563b6a6986a44b,38f9dae7c4e8c8bf,103,103
配線材料,光ケーブル（４芯テープＳＺ型）,ＳＭ １．３１μｍ １２０Ｃ,m,京都南部,04,1430,1520,90,6.29,c4e5a2f26dfa0976,8c03a3e86aa8e8e3,103,103
配線材料,光ケーブル（４芯テープＳＺ型）,ＳＭ １．３１μｍ １２８Ｃ,m,京都南部,04,1480,1560,80,5.41,e76ca961c8d26050,53b79a953a4fed10,103,103
配線材料,光ケーブル（４芯ＳＺ・ＳＳＤ型）,ＳＭ １．３１μｍ ６０Ｃ,m,京都南部,04,1040,1180,140,13.46,0b6b8e7dcfe00d60,e99c5a8967ea46a0,103,103
配線材料,光ケーブル（４芯ＳＺ・ＳＳＤ型）,ＳＭ １．３１μｍ ８０Ｃ,m,京都南部,04,1200,1360,160,13.33,f5c6869e999ac432,a96f2c2d5349d5dd,103,103
配線材料,光ケーブル（４芯ＳＺ・ＳＳＤ型）,ＳＭ １．３１μｍ １００Ｃ,m,京都南部,04,1330,1510,180,13.53,adc42e1426ad9bbc,eb6c48a4ab40a155,103,103
配線材料,光ケーブル（４芯ＳＺ・ＳＳＤ型）,ＳＭ １．３１μｍ １２０Ｃ,m,京都南部,04,1660,1880,220,13.25,ed427743a6940be1,f365b47cef509bed,103,103
配線材料,光ケーブル（４芯ＳＺ・ＳＳＤ型）,ＳＭ １．３１μｍ １２８Ｃ,m,京都南部,04,1710,1940,230,13.45,c3479d1c2ba6343c,98c23ebc46dd978d,103,103
配線材料,光ケーブル（４芯ＳＺ・ＳＳＤ型）,ＳＭ １．３１μｍ １４０Ｃ,m,京都南部,04,1790,2030,240,13.41,c972a1f3b6bf4c9c,2924569fe1f965da,103,103
配線材料,光ケーブル（４芯ＳＺ・ＳＳＤ型）,ＳＭ １．３１μｍ １６０Ｃ,m,京都南部,04,1920,2180,260,13.54,fdd29fa123a54641,1cdc1ec5cac758dd,103,103
配線材料,光ケーブル（４芯ＳＺ・ＳＳＤ型）,ＳＭ １．３１μｍ １８０Ｃ,m,京都南部,04,2050,2330,280,13.66,ac6acf65680a5540,c6d3f524829a706c,103,103
配線材料,光ケーブル（４芯ＳＺ・ＳＳＤ型）,ＳＭ １．３１μｍ ２００Ｃ,m,京都南部,04,2190,2480,290,13.24,d42c63874ab9f2fb,503e831fefa1ff10,103,103
配線材料,光ケーブル（４芯ＳＺ・ＳＳＦ型）,ＳＭ １．３１μｍ ６０Ｃ,m,京都南部,04,1060,1200,140,13.21,87c8093458e72aa8,88e20d27463ef92b,103,103
配線材料,光ケーブル（４芯ＳＺ・ＳＳＦ型）,ＳＭ １．３１μｍ ８０Ｃ,m,京都南部,04,1220,1380,160,13.11,15def114e1881463,26a3702a7656c335,103,103
配線材料,光ケーブル（４芯テープ難燃型）,ＳＭ １．３１μｍ ５２０Ｃ,m,大阪,05,5260,5970,710,13.5,d3345f0fa3821917,754a9653439551f3,103,103
配線材料,光ケーブル（４芯テープ難燃型）,ＳＭ １．３１μｍ ５６０Ｃ,m,大阪,05,5530,6260,730,13.2,1864757ce2b1f564,b798e1085ae18d8b,103,103
配線材料,光ケーブル（４芯テープ難燃型）,ＳＭ １．３１μｍ ６００Ｃ,m,大阪,05,5790,6560,770,13.3,ac29497c701ec8f8,b7945d977724b86e,103,103
配線材料,光ケーブル（層型）,ＳＭ １．３１μｍ １２Ｃ,m,大阪,05,580,672,92,15.86,708f756537c21f50,41bc36c245100b5d,103,103
配線材料,光ケーブル（層型、ＳＳＦ）,ＳＭ １．３１μｍ １２Ｃ,m,大阪,05,826,936,110,13.32,dd96adffb768889b,2fb6f45c52c5a300,103,103
配線材料,光ケーブル（４芯テープＳＺ型）,ＳＭ １．３１μｍ ２０Ｃ,m,大阪,05,465,511,46,9.89,febb6d90b61a9a47,d9511fa56828ee5e,103,103
配線材料,光ケーブル（４芯テープＳＺ型）,ＳＭ １．３１μｍ ２４Ｃ,m,大阪,05,492,532,40,8.13,21aa55de87a2499e,d91813f67a6eb591,103,103
配線材料,光ケーブル（４芯テープＳＺ型）,ＳＭ １．３１μｍ ４０Ｃ,m,大阪,05,684,727,43,6.29,9924781face5b06e,7f65b01041ad92c3,103,103
配線材料,光ケーブル（４芯テープＳＺ型）,ＳＭ １．３１μｍ ４８Ｃ,m,大阪,05,736,768,32,4.35,0720c152f54a5596,46edc4910e3f6bfd,103,103
配線材料,光ケーブル（４芯テープＳＺ型）,ＳＭ １．３１μｍ ６０Ｃ,m,大阪,05,816,829,13,1.59,50e48db5ba523290,275dc31d6077c023,103,103
配線材料,光ケーブル（４芯テープＳＺ型）,ＳＭ １．３１μｍ ８０Ｃ,m,大阪,05,978,1050,72,7.36,6668d2b52b5d9579,3f5b19991658d5ed,103,103
配線材料,光ケーブル（４芯テープＳＺ型）,ＳＭ １．３１μｍ １００Ｃ,m,大阪,05,1110,1150,40,3.6,fc49f55039afb1bb,d31152867c312bb3,103,103
配線材料,光ケーブル（４芯テープＳＺ型）,ＳＭ １．３１μｍ １２０Ｃ,m,大阪,05,1430,1520,90,6.29,be26496bbef436f6,9f89c592ac194f03,103,103
配線材料,光ケーブル（４芯テープＳＺ型）,ＳＭ １．３１μｍ １２８Ｃ,m,大阪,05,1480,1560,80,5.41,e5c621396fbdc9d8,b893b216a521a2e2,103,103
配線材料,光ケーブル（４芯ＳＺ・ＳＳＤ型）,ＳＭ １．３１μｍ ６０Ｃ,m,大阪,05,1040,1180,140,13.46,ac09e46856813cdc,dff297bdf101120b,103,103
配線材料,光ケーブル（４芯ＳＺ・ＳＳＤ型）,ＳＭ １．３１μｍ ８０Ｃ,m,大阪,05,1200,1360,160,13.33,dbf13eb8b42b410b,280560c7687c5b81,103,103
配線材料,光ケーブル（４芯ＳＺ・ＳＳＤ型）,ＳＭ １．３１μｍ １００Ｃ,m,大阪,05,1330,1510,180,13.53,7cc90a8c221a0fb7,0b20e919f4593011,103,103
配線材料,光ケーブル（４芯ＳＺ・ＳＳＤ型）,ＳＭ １．３１μｍ １２０Ｃ,m,大阪,05,1660,1880,220,13.25,dfe57855ac050e90,3e23b191228718ef,103,103
配線材料,光ケーブル（４芯ＳＺ・ＳＳＤ型）,ＳＭ １．３１μｍ １２８Ｃ,m,大阪,05,1710,1940,230,13.45,4e06bc9e6940460b,23bf3d0fbde5fde2,103,103
配線材料,光ケーブル（４芯ＳＺ・ＳＳＤ型）,ＳＭ １．３１μｍ １４０Ｃ,m,大阪,05,1790,2030,240,13.41,6492618a002bf651,b43b64c69c1e0c2a,103,103
配線材料,光ケーブル（４芯ＳＺ・ＳＳＤ型）,ＳＭ １．３１μｍ １６０Ｃ,m,大阪,05,1920,2180,260,13.54,12d60bfbe019b325,e5ce1bf5e4ec4e3b,103,103
配線材料,光ケーブル（４芯ＳＺ・ＳＳＤ型）,ＳＭ １．３１μｍ １８０Ｃ,m,大阪,05,2050,2330,280,13.66,19231fe33e4d7c99,83cf6db7be995fbb,103,103
配線材料,光ケーブル（４芯ＳＺ・ＳＳＤ型）,ＳＭ １．３１μｍ ２００Ｃ,m,大阪,05,2190,2480,290,13.24,b657268278ce16e3,a540ba6aa92a2d82,103,103
配線材料,光ケーブル（４芯ＳＺ・ＳＳＦ型）,ＳＭ １．３１μｍ ６０Ｃ,m,大阪,05,1060,1200,140,13.21,3810834e17f283ff,6696b1ff4087d368,103,103
配線材料,光ケーブル（４芯ＳＺ・ＳＳＦ型）,ＳＭ １．３１μｍ ８０Ｃ,m,大阪,05,1220,1380,160,13.11,70e781a38ae0be28,5a7e830ac026f0f9,103,103
配線材料,光ケーブル（４芯テープ難燃型）,ＳＭ １．３１μｍ ５２０Ｃ,m,兵庫北部,06,5260,5970,710,13.5,f7777574b5672a4b,88ff3ad898beec4c,103,103
配線材料,光ケーブル（４芯テープ難燃型）,ＳＭ １．３１μｍ ５６０Ｃ,m,兵庫北部,06,5530,6260,730,13.2,ff890bcc901c3e09,5e3dc10ba6d3624f,103,103
配線材料,光ケーブル（４芯テープ難燃型）,ＳＭ １．３１μｍ ６００Ｃ,m,兵庫北部,06,5790,6560,770,13.3,0e86a84d01b9d4a1,44220d14471103ee,103,103
配線材料,光ケーブル（層型）,ＳＭ １．３１μｍ １２Ｃ,m,兵庫北部,06,580,672,92,15.86,7f8a862758fb6e59,ac7f40643bbef889,103,103
配線材料,光ケーブル（層型、ＳＳＦ）,ＳＭ １．３１μｍ １２Ｃ,m,兵庫北部,06,826,936,110,13.32,46f86b5123fd6373,1dcde4cc9a18d602,103,103
配線材料,光ケーブル（４芯テープＳＺ型）,ＳＭ １．３１μｍ ２０Ｃ,m,兵庫北部,06,465,511,46,9.89,19ef9d32a6e1646b,3ccbec0fd14716ff,103,103
配線材料,光ケーブル（４芯テープＳＺ型）,ＳＭ １．３１μｍ ２４Ｃ,m,兵庫北部,06,492,532,40,8.13,1e6cfbdec5429293,fa2f122a6cd3adaf,103,103
配線材料,光ケーブル（４芯テープＳＺ型）,ＳＭ １．３１μｍ ４０Ｃ,m,兵庫北部,06,684,727,43,6.29,8f2a1ae3af9f170d,8de653b8f4d96c6b,103,103
配線材料,光ケーブル（４芯テープＳＺ型）,ＳＭ １．３１μｍ ４８Ｃ,m,兵庫北部,06,736,768,32,4.35,ec4f8781f6aa405b,578e5bd0f0726531,103,103
配線材料,光ケーブル（４芯テープＳＺ型）,ＳＭ １．３１μｍ ６０Ｃ,m,兵庫北部,06,816,829,13,1.59,5630c6031b33acbd,9aa797aeb1e037cf,103,103
配線材料,光ケーブル（４芯テープＳＺ型）,ＳＭ １．３１μｍ ８０Ｃ,m,兵庫北部,06,978,1050,72,7.36,a673404eb18c8dc7,f686da6e3f8edd6b,103,103
配線材料,光ケーブル（４芯テープＳＺ型）,ＳＭ １．３１μｍ １００Ｃ,m,兵庫北部,06,1110,1150,40,3.6,db648e61e9c9693e,cdbe19032cd94210,103,103
配線材料,光ケーブル（４芯テープＳＺ型）,ＳＭ １．３１μｍ １２０Ｃ,m,兵庫北部,06,1430,1520,90,6.29,a7cea8002a24370c,4298dd3882d42bc7,103,103
配線材料,光ケーブル（４芯テープＳＺ型）,ＳＭ １．３１μｍ １２８Ｃ,m,兵庫北部,06,1480,1560,80,5.41,381ef4193c716fc2,97be334f50b8b43b,103,103
配線材料,光ケーブル（４芯ＳＺ・ＳＳＤ型）,ＳＭ １．３１μｍ ６０Ｃ,m,兵庫北部,06,1040,1180,140,13.46,6e7c5a18c8b2e43d,b845e083a94fed9e,103,103
配線材料,光ケーブル（４芯ＳＺ・ＳＳＤ型）,ＳＭ １．３１μｍ ８０Ｃ,m,兵庫北部,06,1200,1360,160,13.33,8c165dc4f092b642,624ac78acec6e8a2,103,103
配線材料,光ケーブル（４芯ＳＺ・ＳＳＤ型）,ＳＭ １．３１μｍ １００Ｃ,m,兵庫北部,06,1330,1510,180,13.53,dbe7a9fcf057878a,ae0488c6bdbb680d,103,103
配線材料,光ケーブル（４芯ＳＺ・ＳＳＤ型）,ＳＭ １．３１μｍ １２０Ｃ,m,兵庫北部,06,1660,1880,220,13.25,7152962e0173666e,3e7ac3af47fc5b69,103,103
配線材料,光ケーブル（４芯ＳＺ・ＳＳＤ型）,ＳＭ １．３１μｍ １２８Ｃ,m,兵庫北部,06,1710,1940,230,13.45,26873d3130ae9eb6,b032bf71115032e7,103,103
配線材料,光ケーブル（４芯ＳＺ・ＳＳＤ型）,ＳＭ １．３１μｍ １４０Ｃ,m,兵庫北部,06,1790,2030,240,13.41,f6ca178cd0b02cc0,8721f9ed9414c5a1,103,103
配線材料,光ケーブル（４芯ＳＺ・ＳＳＤ型）,ＳＭ １．３１μｍ １６０Ｃ,m,兵庫北部,06,1920,2180,260,13.54,1c71df73a1f4c8ae,7abbde2bafc57279,103,103
配線材料,光ケーブル（４芯ＳＺ・ＳＳＤ型）,ＳＭ １．３１μｍ １８０Ｃ,m,兵庫北部,06,2050,2330,280,13.66,f53330da21a96768,603c01f9bb3f5a0d,103,103
配線材料,光ケーブル（４芯ＳＺ・ＳＳＤ型）,ＳＭ １．３１μｍ ２００Ｃ,m,兵庫北部,06,2190,2480,290,13.24,e1a8a39780f99915,61f36a5d7c670ab2,103,103
配線材料,光ケーブル（４芯ＳＺ・ＳＳＦ型）,ＳＭ １．３１μｍ ６０Ｃ,m,兵庫北部,06,1060,1200,140,13.21,893ca28fed6ad9a0,78299812896f339a,103,103
配線材料,光ケーブル（４芯ＳＺ・ＳＳＦ型）,ＳＭ １．３１μｍ ８０Ｃ,m,兵庫北部,06,1220,1380,160,13.11,5a54d3d8e21f7685,ffcf2fc4644395d5,103,103
配線材料,光ケーブル（４芯テープ難燃型）,ＳＭ １．３１μｍ ５２０Ｃ,m,兵庫西部,07,5260,5970,710,13.5,05cf9eb424add9be,5ab960505e2cae86,103,103
配線材料,光ケーブル（４芯テープ難燃型）,ＳＭ １．３１μｍ ５６０Ｃ,m,兵庫西部,07,5530,6260,730,13.2,9a9dcf51ad35467f,3e5466bd64426d50,103,103
配線材料,光ケーブル（４芯テープ難燃型）,ＳＭ １．３１μｍ ６００Ｃ,m,兵庫西部,07,5790,6560,770,13.3,5bccb597de1124dc,e645cb647a546cff,103,103
配線材料,光ケーブル（層型）,ＳＭ １．３１μｍ １２Ｃ,m,兵庫西部,07,580,672,92,15.86,82031228786e56fc,7a2e7e2bc5007092,103,103
配線材料,光ケーブル（層型、ＳＳＦ）,ＳＭ １．３１μｍ １２Ｃ,m,兵庫西部,07,826,936,110,13.32,cb371c0b230af6f6,12a77df21cfa0130,103,103
配線材料,光ケーブル（４芯テープＳＺ型）,ＳＭ １．３１μｍ ２０Ｃ,m,兵庫西部,07,465,511,46,9.89,98879af21ee4e83f,39b7050e7c6a6634,103,103
配線材料,光ケーブル（４芯テープＳＺ型）,ＳＭ １．３１μｍ ２４Ｃ,m,兵庫西部,07,492,532,40,8.13,e5470bd97fd38972,3da4fe0e51b6be84,103,103
配線材料,光ケーブル（４芯テープＳＺ型）,ＳＭ １．３１μｍ ４０Ｃ,m,兵庫西部,07,684,727,43,6.29,2e783d4f4a3d5a34,dbc68c8190e80e74,103,103
配線材料,光ケーブル（４芯テープＳＺ型）,ＳＭ １．３１μｍ ４８Ｃ,m,兵庫西部,07,736,768,32,4.35,99f21316ce89a394,5f8dae9b7cd5bf2c,103,103
配線材料,光ケーブル（４芯テープＳＺ型）,ＳＭ １．３１μｍ ６０Ｃ,m,兵庫西部,07,816,829,13,1.59,47e4f12f24bac3ff,5c34fe7066a5b9b8,103,103
配線材料,光ケーブル（４芯テープＳＺ型）,ＳＭ １．３１μｍ ８０Ｃ,m,兵庫西部,07,978,1050,72,7.36,55bd1182126afc34,af945b196dc055f8,103,103
配線材料,光ケーブル（４芯テープＳＺ型）,ＳＭ １．３１μｍ １００Ｃ,m,兵庫西部,07,1110,1150,40,3.6,be5177caeb48b356,7fac700a38db18ce,103,103
配線材料,光ケーブル（４芯テープＳＺ型）,ＳＭ １．３１μｍ １２０Ｃ,m,兵庫西部,07,1430,1520,90,6.29,c98a4977c1438804,2909868f40ce8d6d,103,103
配線材料,光ケーブル（４芯テープＳＺ型）,ＳＭ １．３１μｍ １２８Ｃ,m,兵庫西部,07,1480,1560,80,5.41,2a59d41c403a702b,082e9e868f859f35,103,103
配線材料,光ケーブル（４芯ＳＺ・ＳＳＤ型）,ＳＭ １．３１μｍ ６０Ｃ,m,兵庫西部,07,1040,1180,140,13.46,4d1858427bcef3d7,b1e28bcecddb2747,103,103
配線材料,光ケーブル（４芯ＳＺ・ＳＳＤ型）,ＳＭ １．３１μｍ ８０Ｃ,m,兵庫西部,07,1200,1360,160,13.33,56e426a07c8d4796,86a0eeda5c8501e0,103,103
配線材料,光ケーブル（４芯ＳＺ・ＳＳＤ型）,ＳＭ １．３１μｍ １００Ｃ,m,兵庫西部,07,1330,1510,180,13.53,aa146db736bdb983,b336f4b7fec6753a,103,103
配線材料,光ケーブル（４芯ＳＺ・ＳＳＤ型）,ＳＭ １．３１μｍ １２０Ｃ,m,兵庫西部,07,1660,1880,220,13.25,275ae48d71a9354d,a1cfd7d7e6c39b11,103,103
配線材料,光ケーブル（４芯ＳＺ・ＳＳＤ型）,ＳＭ １．３１μｍ １２８Ｃ,m,兵庫西部,07,1710,1940,230,13.45,2debe7adcc2c9604,18e76e7d631e7449,103,103
配線材料,光ケーブル（４芯ＳＺ・ＳＳＤ型）,ＳＭ １．３１μｍ １４０Ｃ,m,兵庫西部,07,1790,2030,240,13.41,a14a990551f0adbf,931dcedc2ab9f29a,103,103
配線材料,光ケーブル（４芯ＳＺ・ＳＳＤ型）,ＳＭ １．３１μｍ １６０Ｃ,m,兵庫西部,07,1920,2180,260,13.54,ec3e35ae54330a0f,0ef3ecbb897bcdec,103,103
配線材料,光ケーブル（４芯ＳＺ・ＳＳＤ型）,ＳＭ １．３１μｍ １８０Ｃ,m,兵庫西部,07,2050,2330,280,13.66,2cafba7d8cb69e74,ae61a3ffea490731,103,103
配線材料,光ケーブル（４芯ＳＺ・ＳＳＤ型）,ＳＭ １．３１μｍ ２００Ｃ,m,兵庫西部,07,2190,2480,290,13.24,dd29caf9e908590f,6398c5dae76e273d,103,103
配線材料,光ケーブル（４芯ＳＺ・ＳＳＦ型）,ＳＭ １．３１μｍ ６０Ｃ,m,兵庫西部,07,1060,1200,140,13.21,365b8f29938b3002,0507a73cf62493f5,103,103
配線材料,光ケーブル（４芯ＳＺ・ＳＳＦ型）,ＳＭ １．３１μｍ ８０Ｃ,m,兵庫西部,07,1220,1380,160,13.11,eff0a99198ed9755,6c33beb91ee3dcf3,103,103
配線材料,光ケーブル（４芯テープ難燃型）,ＳＭ １．３１μｍ ５２０Ｃ,m,兵庫,08,5260,5970,710,13.5,afc67f52cb26d555,b5f4cd6007918c89,103,103
配線材料,光ケーブル（４芯テープ難燃型）,ＳＭ １．３１μｍ ５６０Ｃ,m,兵庫,08,5530,6260,730,13.2,1439614ae207a83f,8e33088066c49bd0,103,103
配線材料,光ケーブル（４芯テープ難燃型）,ＳＭ １．３１μｍ ６００Ｃ,m,兵庫,08,5790,6560,770,13.3,5ccd8156ac40fe4a,84a32b84f1411ada,103,103
配線材料,光ケーブル（層型）,ＳＭ １．３１μｍ １２Ｃ,m,兵庫,08,580,672,92,15.86,2af0b91350a43995,abb30d6e22729abd,103,103
配線材料,光ケーブル（層型、ＳＳＦ）,ＳＭ １．３１μｍ １２Ｃ,m,兵庫,08,826,936,110,13.32,be8c0d4ea09b02b2,c3e03aefe67d76ae,103,103
配線材料,光ケーブル（４芯テープＳＺ型）,ＳＭ １．３１μｍ ２０Ｃ,m,兵庫,08,465,511,46,9.89,b3c2866305c1ada0,f6af46405d51d069,103,103
配線材料,光ケーブル（４芯テープＳＺ型）,ＳＭ １．３１μｍ ２４Ｃ,m,兵庫,08,492,532,40,8.13,46abb1bb0fef825e,900b0778f1cc95fa,103,103
配線材料,光ケーブル（４芯テープＳＺ型）,ＳＭ １．３１μｍ ４０Ｃ,m,兵庫,08,684,727,43,6.29,0e410a60e9a81810,b71b85ab4c0688be,103,103
配線材料,光ケーブル（４芯テープＳＺ型）,ＳＭ １．３１μｍ ４８Ｃ,m,兵庫,08,736,768,32,4.35,e72b3c7138396318,03a17766fa202f94,103,103
配線材料,光ケーブル（４芯テープＳＺ型）,ＳＭ １．３１μｍ ６０Ｃ,m,兵庫,08,816,829,13,1.59,59f13748cdabb2d7,bd568b64070da50f,103,103
配線材料,光ケーブル（４芯テープＳＺ型）,ＳＭ １．３１μｍ ８０Ｃ,m,兵庫,08,978,1050,72,7.36,ce3e71b4b8ebbec6,52d96c34966bb711,103,103
配線材料,光ケーブル（４芯テープＳＺ型）,ＳＭ １．３１μｍ １００Ｃ,m,兵庫,08,1110,1150,40,3.6,385001e69a007930,ac149667cdd9a98a,103,103
配線材料,光ケーブル（４芯テープＳＺ型）,ＳＭ １．３１μｍ １２０Ｃ,m,兵庫,08,1430,1520,90,6.29,4b063453f842e905,fec7f6afc84b63b9,103,103
配線材料,光ケーブル（４芯テープＳＺ型）,ＳＭ １．３１μｍ １２８Ｃ,m,兵庫,08,1480,1560,80,5.41,92041e5d43ef8ac2,4fcaf96bcf50ba3f,103,103
配線材料,光ケーブル（４芯ＳＺ・ＳＳＤ型）,ＳＭ １．３１μｍ ６０Ｃ,m,兵庫,08,1040,1180,140,13.46,f9c7912b5c788dae,cd866f5bac2000d9,103,103
配線材料,光ケーブル（４芯ＳＺ・ＳＳＤ型）,ＳＭ １．３１μｍ ８０Ｃ,m,兵庫,08,1200,1360,160,13.33,92f89250d7677253,56fe625389db93c8,103,103
配線材料,光ケーブル（４芯ＳＺ・ＳＳＤ型）,ＳＭ １．３１μｍ １００Ｃ,m,兵庫,08,1330,1510,180,13.53,4c7c9e791c6d3d4c,ff91e0e20de1cae3,103,103
配線材料,光ケーブル（４芯ＳＺ・ＳＳＤ型）,ＳＭ １．３１μｍ １２０Ｃ,m,兵庫,08,1660,1880,220,13.25,cd39d7c5a562a26e,d3b8a13836d5cb32,103,103
配線材料,光ケーブル（４芯ＳＺ・ＳＳＤ型）,ＳＭ １．３１μｍ １２８Ｃ,m,兵庫,08,1710,1940,230,13.45,79df7d75a11c2d27,ecc82e9008839c6e,103,103
配線材料,光ケーブル（４芯ＳＺ・ＳＳＤ型）,ＳＭ １．３１μｍ １４０Ｃ,m,兵庫,08,1790,2030,240,13.41,d9f88315c92f21ae,c66bfd095d0bbfb2,103,103
配線材料,光ケーブル（４芯ＳＺ・ＳＳＤ型）,ＳＭ １．３１μｍ １６０Ｃ,m,兵庫,08,1920,2180,260,13.54,ad456f5c4e81a216,d6ec7f9ddd4eda50,103,103
配線材料,光ケーブル（４芯ＳＺ・ＳＳＤ型）,ＳＭ １．３１μｍ １８０Ｃ,m,兵庫,08,2050,2330,280,13.66,a6470d140973793b,238e4b8a57e2d203,103,103
配線材料,光ケーブル（４芯ＳＺ・ＳＳＤ型）,ＳＭ １．３１μｍ ２００Ｃ,m,兵庫,08,2190,2480,290,13.24,2e2dbd742fa342f9,c6d57899e0fdf740,103,103
配線材料,光ケーブル（４芯ＳＺ・ＳＳＦ型）,ＳＭ １．３１μｍ ６０Ｃ,m,兵庫,08,1060,1200,140,13.21,d45f929d7bf68323,139b293b7430e943,103,103
配線材料,光ケーブル（４芯ＳＺ・ＳＳＦ型）,ＳＭ １．３１μｍ ８０Ｃ,m,兵庫,08,1220,1380,160,13.11,0ae3fa9bb6f88a14,5db4eb83bb86ffe4,103,103
配線材料,光ケーブル（４芯テープ難燃型）,ＳＭ １．３１μｍ ５２０Ｃ,m,奈良,09,5260,5970,710,13.5,2e83f018e593b4ac,c7ffb89738f1c471,103,103
配線材料,光ケーブル（４芯テープ難燃型）,ＳＭ １．３１μｍ ５６０Ｃ,m,奈良,09,5530,6260,730,13.2,d25eec206f243bc9,8f2b540f5f4c6110,103,103
配線材料,光ケーブル（４芯テープ難燃型）,ＳＭ １．３１μｍ ６００Ｃ,m,奈良,09,5790,6560,770,13.3,e3e1a6fcd2278d62,b7830cda5e41c9bc,103,103
配線材料,光ケーブル（層型）,ＳＭ １．３１μｍ １２Ｃ,m,奈良,09,580,672,92,15.86,21d3ea8e71989381,9b37d3b101499255,103,103
配線材料,光ケーブル（層型、ＳＳＦ）,ＳＭ １．３１μｍ １２Ｃ,m,奈良,09,826,936,110,13.32,b013a48f97f068e6,e4f918f46c26688a,103,103
配線材料,光ケーブル（４芯テープＳＺ型）,ＳＭ １．３１μｍ ２０Ｃ,m,奈良,09,465,511,46,9.89,eef18bb6c7a21e60,0bd7fe867b5f74bd,103,103
配線材料,光ケーブル（４芯テープＳＺ型）,ＳＭ １．３１μｍ ２４Ｃ,m,奈良,09,492,532,40,8.13,20f0fbcc529b61e5,9c4705ce2b165cff,103,103
配線材料,光ケーブル（４芯テープＳＺ型）,ＳＭ １．３１μｍ ４０Ｃ,m,奈良,09,684,727,43,6.29,c96b156b79143025,d9f056eb2ca00b50,103,103
配線材料,光ケーブル（４芯テープＳＺ型）,ＳＭ １．３１μｍ ４８Ｃ,m,奈良,09,736,768,32,4.35,65d4011a23a02ab7,7731f8277ea86466,103,103
配線材料,光ケーブル（４芯テープＳＺ型）,ＳＭ １．３１μｍ ６０Ｃ,m,奈良,09,816,829,13,1.59,5b91047e39c78f95,f63f9b2d83433576,103,103
配線材料,光ケーブル（４芯テープＳＺ型）,ＳＭ １．３１μｍ ８０Ｃ,m,奈良,09,978,1050,72,7.36,166fbaccb5f54ca1,ea6ffcf1519a4f4d,103,103
配線材料,光ケーブル（４芯テープＳＺ型）,ＳＭ １．３１μｍ １００Ｃ,m,奈良,09,1110,1150,40,3.6,34376b25c4d44ce2,34b2d9b372321ea2,103,103
配線材料,光ケーブル（４芯テープＳＺ型）,ＳＭ １．３１μｍ １２０Ｃ,m,奈良,09,1430,1520,90,6.29,6563713b24d1a125,de2321faceebddec,103,103
配線材料,光ケーブル（４芯テープＳＺ型）,ＳＭ １．３１μｍ １２８Ｃ,m,奈良,09,1480,1560,80,5.41,a36b8f37b8235f05,fb48e46d02c7fbb1,103,103
配線材料,光ケーブル（４芯ＳＺ・ＳＳＤ型）,ＳＭ １．３１μｍ ６０Ｃ,m,奈良,09,1040,1180,140,13.46,1189ba1bf444f179,06e2d45f9756bb68,103,103
配線材料,光ケーブル（４芯ＳＺ・ＳＳＤ型）,ＳＭ １．３１μｍ ８０Ｃ,m,奈良,09,1200,1360,160,13.33,2310506f1a930a82,6bb9608df79a39ea,103,103
配線材料,光ケーブル（４芯ＳＺ・ＳＳＤ型）,ＳＭ １．３１μｍ １００Ｃ,m,奈良,09,1330,1510,180,13.53,2b1eb85fbc764952,293475982474ce37,103,103
配線材料,光ケーブル（４芯ＳＺ・ＳＳＤ型）,ＳＭ １．３１μｍ １２０Ｃ,m,奈良,09,1660,1880,220,13.25,26cc601a4514642d,5113ef27fa60b3fe,103,103
配線材料,光ケーブル（４芯ＳＺ・ＳＳＤ型）,ＳＭ １．３１μｍ １２８Ｃ,m,奈良,09,1710,1940,230,13.45,683c70546bf4f25b,d3bfd9bad2f03b07,103,103
配線材料,光ケーブル（４芯ＳＺ・ＳＳＤ型）,ＳＭ １．３１μｍ １４０Ｃ,m,奈良,09,1790,2030,240,13.41,25c5e384cf6acd5c,8b36ad499a99db05,103,103
配線材料,光ケーブル（４芯ＳＺ・ＳＳＤ型）,ＳＭ １．３１μｍ １６０Ｃ,m,奈良,09,1920,2180,260,13.54,7f5d5edee972c072,25053486114b09f9,103,103
配線材料,光ケーブル（４芯ＳＺ・ＳＳＤ型）,ＳＭ １．３１μｍ １８０Ｃ,m,奈良,09,2050,2330,280,13.66,c226ec07ea242274,1f3736cbaebb8322,103,103
配線材料,光ケーブル（４芯ＳＺ・ＳＳＤ型）,ＳＭ １．３１μｍ ２００Ｃ,m,奈良,09,2190,2480,290,13.24,2575ad4ad67a6a21,bd7da17d65613a5d,103,103
配線材料,光ケーブル（４芯ＳＺ・ＳＳＦ型）,ＳＭ １．３１μｍ ６０Ｃ,m,奈良,09,1060,1200,140,13.21,72c8960b1d5b3eb1,186578a7cfa67a9b,103,103
配線材料,光ケーブル（４芯ＳＺ・ＳＳＦ型）,ＳＭ １．３１μｍ ８０Ｃ,m,奈良,09,1220,1380,160,13.11,9f3bdcff6d509600,39fc5f13b3321468,103,103
配線材料,光ケーブル（４芯テープ難燃型）,ＳＭ １．３１μｍ ５２０Ｃ,m,和歌山,10,5260,5970,710,13.5,1d53ff109f640903,945ed2c63deea032,103,103
配線材料,光ケーブル（４芯テープ難燃型）,ＳＭ １．３１μｍ ５６０Ｃ,m,和歌山,10,5530,6260,730,13.2,c3a059faa98a8e22,57f885a41b502a0b,103,103
配線材料,光ケーブル（４芯テープ難燃型）,ＳＭ １．３１μｍ ６００Ｃ,m,和歌山,10,5790,6560,770,13.3,83505eaaff279838,d96cb098d485f6ee,103,103
配線材料,光ケーブル（層型）,ＳＭ １．３１μｍ １２Ｃ,m,和歌山,10,580,672,92,15.86,e54600f7f042630c,07d578bdee2e2a2f,103,103
配線材料,光ケーブル（層型、ＳＳＦ）,ＳＭ １．３１μｍ １２Ｃ,m,和歌山,10,826,936,110,13.32,973e900e5d60c9cc,621da061916daaf2,103,103
配線材料,光ケーブル（４芯テープＳＺ型）,ＳＭ １．３１μｍ ２０Ｃ,m,和歌山,10,465,511,46,9.89,edf173181cdf0c74,8f25836d8624b080,103,103
配線材料,光ケーブル（４芯テープＳＺ型）,ＳＭ １．３１μｍ ２４Ｃ,m,和歌山,10,492,532,40,8.13,47be3f75f884415b,8aa59856b4425446,103,103
配線材料,光ケーブル（４芯テープＳＺ型）,ＳＭ １．３１μｍ ４０Ｃ,m,和歌山,10,684,727,43,6.29,c86ff3e84babdc86,dc25a0253d099fb0,103,103
配線材料,光ケーブル（４芯テープＳＺ型）,ＳＭ １．３１μｍ ４８Ｃ,m,和歌山,10,736,768,32,4.35,3907bf3adbfbb4f8,8ea5a668efa14f2f,103,103
配線材料,光ケーブル（４芯テープＳＺ型）,ＳＭ １．３１μｍ ６０Ｃ,m,和歌山,10,816,829,13,1.59,f25e2e11ca4fb4b1,0a053d91735dd6ad,103,103
配線材料,光ケーブル（４芯テープＳＺ型）,ＳＭ １．３１μｍ ８０Ｃ,m,和歌山,10,978,1050,72,7.36,79bf1acd956b9151,a1366317ef05bd3d,103,103
配線材料,光ケーブル（４芯テープＳＺ型）,ＳＭ １．３１μｍ １００Ｃ,m,和歌山,10,1110,1150,40,3.6,a544d4d7fddaa196,a8850bcf93bb79b8,103,103
配線材料,光ケーブル（４芯テープＳＺ型）,ＳＭ １．３１μｍ １２０Ｃ,m,和歌山,10,1430,1520,90,6.29,13ab207ed9e54b78,fa4f4d98c66d69e0,103,103
配線材料,光ケーブル（４芯テープＳＺ型）,ＳＭ １．３１μｍ １２８Ｃ,m,和歌山,10,1480,1560,80,5.41,3a47a26e7441890f,d815877be8f64570,103,103
配線材料,光ケーブル（４芯ＳＺ・ＳＳＤ型）,ＳＭ １．３１μｍ ６０Ｃ,m,和歌山,10,1040,1180,140,13.46,0b9ccccef4d2a3fd,63126c9576c90763,103,103
配線材料,光ケーブル（４芯ＳＺ・ＳＳＤ型）,ＳＭ １．３１μｍ ８０Ｃ,m,和歌山,10,1200,1360,160,13.33,545bd70adc9a5f66,0044c66794678463,103,103
配線材料,光ケーブル（４芯ＳＺ・ＳＳＤ型）,ＳＭ １．３１μｍ １００Ｃ,m,和歌山,10,1330,1510,180,13.53,35ad2ab8675bb13d,4601c27961e51db5,103,103
配線材料,光ケーブル（４芯ＳＺ・ＳＳＤ型）,ＳＭ １．３１μｍ １２０Ｃ,m,和歌山,10,1660,1880,220,13.25,4aca0af1da19937d,e05490d42213ba2d,103,103
配線材料,光ケーブル（４芯ＳＺ・ＳＳＤ型）,ＳＭ １．３１μｍ １２８Ｃ,m,和歌山,10,1710,1940,230,13.45,2314f868c480dd47,a98005d1d08840fc,103,103
配線材料,光ケーブル（４芯ＳＺ・ＳＳＤ型）,ＳＭ １．３１μｍ １４０Ｃ,m,和歌山,10,1790,2030,240,13.41,2dd9873fe68a305b,2cb190e129de0989,103,103
配線材料,光ケーブル（４芯ＳＺ・ＳＳＤ型）,ＳＭ １．３１μｍ １６０Ｃ,m,和歌山,10,1920,2180,260,13.54,0649c426a0ded1c9,ba659cb5c8bd0a00,103,103
配線材料,光ケーブル（４芯ＳＺ・ＳＳＤ型）,ＳＭ １．３１μｍ １８０Ｃ,m,和歌山,10,2050,2330,280,13.66,cdc2b41ec516c22f,34574f7a5ccd25f1,103,103
配線材料,光ケーブル（４芯ＳＺ・ＳＳＤ型）,ＳＭ １．３１μｍ ２００Ｃ,m,和歌山,10,2190,2480,290,13.24,ca0b7e3437904a24,0fd68c34a564ae27,103,103
配線材料,光ケーブル（４芯ＳＺ・ＳＳＦ型）,ＳＭ １．３１μｍ ６０Ｃ,m,和歌山,10,1060,1200,140,13.21,5d6acf90c8585e43,b19554be34deb70c,103,103
配線材料,光ケーブル（４芯ＳＺ・ＳＳＦ型）,ＳＭ １．３１μｍ ８０Ｃ,m,和歌山,10,1220,1380,160,13.11,22018c842cc6f587,87045b6d502857d5,103,103
配線材料,光ケーブル（４芯テープ難燃型）,ＳＭ １．３１μｍ ５２０Ｃ,m,岐阜,11,5260,5970,710,13.5,b857e2ad28db4f3b,04c5ab64c5d50140,103,103
配線材料,光ケーブル（４芯テープ難燃型）,ＳＭ １．３１μｍ ５６０Ｃ,m,岐阜,11,5530,6260,730,13.2,2b3bff0bf95d86d0,5fe22763c960e8d0,103,103
配線材料,光ケーブル（４芯テープ難燃型）,ＳＭ １．３１μｍ ６００Ｃ,m,岐阜,11,5790,6560,770,13.3,d53742a6420aafaa,eb207287372e94e4,103,103
配線材料,光ケーブル（層型）,ＳＭ １．３１μｍ １２Ｃ,m,岐阜,11,580,672,92,15.86,47fb7d2181aa481b,ad6599643d28acbd,103,103
配線材料,光ケーブル（層型、ＳＳＦ）,ＳＭ １．３１μｍ １２Ｃ,m,岐阜,11,826,936,110,13.32,d9ede936bcaa0582,ec0f078c0b6ca72c,103,103
配線材料,光ケーブル（４芯テープＳＺ型）,ＳＭ １．３１μｍ ２０Ｃ,m,岐阜,11,465,511,46,9.89,1b74321cf65cbb91,ba1ad2ed7e357661,103,103
配線材料,光ケーブル（４芯テープＳＺ型）,ＳＭ １．３１μｍ ２４Ｃ,m,岐阜,11,492,532,40,8.13,10472b7cb3b8d4f2,7c14e3664590d9a0,103,103
配線材料,光ケーブル（４芯テープＳＺ型）,ＳＭ １．３１μｍ ４０Ｃ,m,岐阜,11,684,727,43,6.29,161a0a6e3f0b65be,d79fd63a96059296,103,103
配線材料,光ケーブル（４芯テープＳＺ型）,ＳＭ １．３１μｍ ４８Ｃ,m,岐阜,11,736,768,32,4.35,c2d677ad551e63d0,366e6a5693f7d0bc,103,103
配線材料,光ケーブル（４芯テープＳＺ型）,ＳＭ １．３１μｍ ６０Ｃ,m,岐阜,11,816,829,13,1.59,cac8d54ee213d7f6,5cb0e873eeaabbe1,103,103
配線材料,光ケーブル（４芯テープＳＺ型）,ＳＭ １．３１μｍ ８０Ｃ,m,岐阜,11,978,1050,72,7.36,a1e7048945837200,b4e550f9bbafc5d9,103,103
配線材料,光ケーブル（４芯テープＳＺ型）,ＳＭ １．３１μｍ １００Ｃ,m,岐阜,11,1110,1150,40,3.6,6349db617d7b91ef,36fc90e654b6901e,103,103
配線材料,光ケーブル（４芯テープＳＺ型）,ＳＭ １．３１μｍ １２０Ｃ,m,岐阜,11,1430,1520,90,6.29,8a3ad1c127d0b138,40e86f987c2e017d,103,103
配線材料,光ケーブル（４芯テープＳＺ型）,ＳＭ １．３１μｍ １２８Ｃ,m,岐阜,11,1480,1560,80,5.41,dc3790c785148adc,bdf0d2efa6a00b2f,103,103
配線材料,光ケーブル（４芯ＳＺ・ＳＳＤ型）,ＳＭ １．３１μｍ ６０Ｃ,m,岐阜,11,1040,1180,140,13.46,a32091b883c07c94,b87a43bd8bb0f8c1,103,103
配線材料,光ケーブル（４芯ＳＺ・ＳＳＤ型）,ＳＭ １．３１μｍ ８０Ｃ,m,岐阜,11,1200,1360,160,13.33,010e70bf4b8c6e16,9480370ebd371976,103,103
配線材料,光ケーブル（４芯ＳＺ・ＳＳＤ型）,ＳＭ １．３１μｍ １００Ｃ,m,岐阜,11,1330,1510,180,13.53,c7a613132e23b2ac,47a7680eb63f382f,103,103
配線材料,光ケーブル（４芯ＳＺ・ＳＳＤ型）,ＳＭ １．３１μｍ １２０Ｃ,m,岐阜,11,1660,1880,220,13.25,f1d7d4fae08d809a,9bdf1bb9afe5c003,103,103
配線材料,光ケーブル（４芯ＳＺ・ＳＳＤ型）,ＳＭ １．３１μｍ １２８Ｃ,m,岐阜,11,1710,1940,230,13.45,707484fcb966e61e,7817047eecba7a0b,103,103
配線材料,光ケーブル（４芯ＳＺ・ＳＳＤ型）,ＳＭ １．３１μｍ １４０Ｃ,m,岐阜,11,1790,2030,240,13.41,1565a89fdc8add63,1de8428368528cfa,103,103
配線材料,光ケーブル（４芯ＳＺ・ＳＳＤ型）,ＳＭ １．３１μｍ １６０Ｃ,m,岐阜,11,1920,2180,260,13.54,2d302001df023847,2c30ade1b1d22536,103,103
配線材料,光ケーブル（４芯ＳＺ・ＳＳＤ型）,ＳＭ １．３１μｍ １８０Ｃ,m,岐阜,11,2050,2330,280,13.66,a544fde1f4587d50,27ee2080b2d8db06,103,103
配線材料,光ケーブル（４芯ＳＺ・ＳＳＤ型）,ＳＭ １．３１μｍ ２００Ｃ,m,岐阜,11,2190,2480,290,13.24,f64405c2bc483207,654d6694d6a8f77b,103,103
配線材料,光ケーブル（４芯ＳＺ・ＳＳＦ型）,ＳＭ １．３１μｍ ６０Ｃ,m,岐阜,11,1060,1200,140,13.21,9cd4b8496b5dd5fd,282a91069b938f07,103,103
配線材料,光ケーブル（４芯ＳＺ・ＳＳＦ型）,ＳＭ １．３１μｍ ８０Ｃ,m,岐阜,11,1220,1380,160,13.11,bee5c8288e5120bb,fb7f26db5befa60c,103,103
配線材料,光ケーブル（４芯テープ難燃型）,ＳＭ １．３１μｍ ５２０Ｃ,m,三重,12,5260,5970,710,13.5,ee134637050ca198,8ae6f2bce595c914,103,103
配線材料,光ケーブル（４芯テープ難燃型）,ＳＭ １．３１μｍ ５６０Ｃ,m,三重,12,5530,6260,730,13.2,51a0ca6a38ac5c5f,6cfb67a32b2b76d1,103,103
配線材料,光ケーブル（４芯テープ難燃型）,ＳＭ １．３１μｍ ６００Ｃ,m,三重,12,5790,6560,770,13.3,f59c1a960eecc0c1,e9d1253283c004c7,103,103
配線材料,光ケーブル（層型）,ＳＭ １．３１μｍ １２Ｃ,m,三重,12,580,672,92,15.86,7a579b1f02cf1c86,0cd3ce80646edee5,103,103
配線材料,光ケーブル（層型、ＳＳＦ）,ＳＭ １．３１μｍ １２Ｃ,m,三重,12,826,936,110,13.32,632421733ffca023,6cbbad13bfbe1b60,103,103
配線材料,光ケーブル（４芯テープＳＺ型）,ＳＭ １．３１μｍ ２０Ｃ,m,三重,12,465,511,46,9.89,ec0781c64087b5d7,2c3dc57c6cac0a89,103,103
配線材料,光ケーブル（４芯テープＳＺ型）,ＳＭ １．３１μｍ ２４Ｃ,m,三重,12,492,532,40,8.13,af657b73bd320520,5aee199a83e026c6,103,103
配線材料,光ケーブル（４芯テープＳＺ型）,ＳＭ １．３１μｍ ４０Ｃ,m,三重,12,684,727,43,6.29,3c3df538c5e7801e,8ee04239a821b587,103,103
配線材料,光ケーブル（４芯テープＳＺ型）,ＳＭ １．３１μｍ ４８Ｃ,m,三重,12,736,768,32,4.35,ee59795c5f795751,590c0ce05bc815d0,103,103
配線材料,光ケーブル（４芯テープＳＺ型）,ＳＭ １．３１μｍ ６０Ｃ,m,三重,12,816,829,13,1.59,5c10097bea1d3897,def1da9103541596,103,103
配線材料,光ケーブル（４芯テープＳＺ型）,ＳＭ １．３１μｍ ８０Ｃ,m,三重,12,978,1050,72,7.36,154030baa8025723,19e165fcd527ff92,103,103
配線材料,光ケーブル（４芯テープＳＺ型）,ＳＭ １．３１μｍ １００Ｃ,m,三重,12,1110,1150,40,3.6,1548624d9261c4d0,82052492b6ec322e,103,103
配線材料,光ケーブル（４芯テープＳＺ型）,ＳＭ １．３１μｍ １２０Ｃ,m,三重,12,1430,1520,90,6.29,2f8b9dd6c1eabd92,7ec37e02c2c9dbed,103,103
配線材料,光ケーブル（４芯テープＳＺ型）,ＳＭ １．３１μｍ １２８Ｃ,m,三重,12,1480,1560,80,5.41,1411fce2d17e4097,3f2dc247bb51c940,103,103
配線材料,光ケーブル（４芯ＳＺ・ＳＳＤ型）,ＳＭ １．３１μｍ ６０Ｃ,m,三重,12,1040,1180,140,13.46,113d83322fe5dc71,097007c5d88267ef,103,103
配線材料,光ケーブル（４芯ＳＺ・ＳＳＤ型）,ＳＭ １．３１μｍ ８０Ｃ,m,三重,12,1200,1360,160,13.33,64fc1b43f18a4bb2,ce7a8d77afba5657,103,103
配線材料,光ケーブル（４芯ＳＺ・ＳＳＤ型）,ＳＭ １．３１μｍ １００Ｃ,m,三重,12,1330,1510,180,13.53,afa8c7e3967aa6de,097388c0233bbc68,103,103
配線材料,光ケーブル（４芯ＳＺ・ＳＳＤ型）,ＳＭ １．３１μｍ １２０Ｃ,m,三重,12,1660,1880,220,13.25,21e71b9604eea355,b7e96f2530ffb59b,103,103
配線材料,光ケーブル（４芯ＳＺ・ＳＳＤ型）,ＳＭ １．３１μｍ １２８Ｃ,m,三重,12,1710,1940,230,13.45,7d338636266638ba,eb94945eb816eca5,103,103
配線材料,光ケーブル（４芯ＳＺ・ＳＳＤ型）,ＳＭ １．３１μｍ １４０Ｃ,m,三重,12,1790,2030,240,13.41,b0a1efe5e7a986c2,d4884f0e9a1a61da,103,103
配線材料,光ケーブル（４芯ＳＺ・ＳＳＤ型）,ＳＭ １．３１μｍ １６０Ｃ,m,三重,12,1920,2180,260,13.54,5700dfffd78370c0,2a5145f602ce18dd,103,103
配線材料,光ケーブル（４芯ＳＺ・ＳＳＤ型）,ＳＭ １．３１μｍ １８０Ｃ,m,三重,12,2050,2330,280,13.66,8a8de08d362c177a,6f6417a211f8d496,103,103
配線材料,光ケーブル（４芯ＳＺ・ＳＳＤ型）,ＳＭ １．３１μｍ ２００Ｃ,m,三重,12,2190,2480,290,13.24,94e83f188136ed5f,2ce4d79c26ae8d60,103,103
配線材料,光ケーブル（４芯ＳＺ・ＳＳＦ型）,ＳＭ １．３１μｍ ６０Ｃ,m,三重,12,1060,1200,140,13.21,ccd187c7965a2433,cd8de6643b264d28,103,103
配線材料,光ケーブル（４芯ＳＺ・ＳＳＦ型）,ＳＭ １．３１μｍ ８０Ｃ,m,三重,12,1220,1380,160,13.11,865eb785356813a1,2c54b39893346553,103,103
配線材料,光ケーブル（４芯ＳＺ・ＳＳＦ型）,ＳＭ １．３１μｍ １００Ｃ,m,福井,01,1350,1530,180,13.33,a912f9d8a6dcd66f,4ab286447ecc814d,104,104
配線材料,光ケーブル（４芯ＳＺ・ＳＳＦ型）,ＳＭ １．３１μｍ １２０Ｃ,m,福井,01,1680,1900,220,13.1,296e7ad1412f0c0a,c6b16a98b8245740,104,104
配線材料,光ケーブル（４芯ＳＺ・ＳＳＦ型）,ＳＭ １．３１μｍ １２８Ｃ,m,福井,01,1730,1960,230,13.29,def993cd576eb88b,64bd93df85046b4a,104,104
配線材料,光ケーブル（４芯ＳＺ・ＳＳＦ型）,ＳＭ １．３１μｍ １４０Ｃ,m,福井,01,1810,2050,240,13.26,ce81abb2f1a692b5,df68427aa2e6bcdd,104,104
配線材料,光ケーブル（４芯ＳＺ・ＳＳＦ型）,ＳＭ １．３１μｍ １６０Ｃ,m,福井,01,1940,2200,260,13.4,f86a002a86263fb0,8924461b9f95108a,104,104
配線材料,光ケーブル（４芯ＳＺ・ＳＳＦ型）,ＳＭ １．３１μｍ １８０Ｃ,m,福井,01,2070,2350,280,13.53,eb045b705f12499a,ddb5cd5aba7a5f45,104,104
配線材料,光ケーブル（４芯ＳＺ・ＳＳＦ型）,ＳＭ １．３１μｍ ２００Ｃ,m,福井,01,2200,2500,300,13.64,145adb99939f6b22,fd93bcbc5dbff0db,104,104
配線材料,光ケーブル（４芯ＳＺ難燃型）,ＳＭ １．３１μｍ ６０Ｃ,m,福井,01,924,1040,116,12.55,ae451e62b213e2a8,e313f24bc591646d,104,104
配線材料,光ケーブル（４芯ＳＺ難燃型）,ＳＭ １．３１μｍ ８０Ｃ,m,福井,01,1080,1230,150,13.89,8d8c12ad8c88fb57,0a715d34bf9aa1a9,104,104
配線材料,光ケーブル（４芯ＳＺ難燃型）,ＳＭ １．３１μｍ １００Ｃ,m,福井,01,1210,1380,170,14.05,cd970c636dcaf71b,63097bc52d62997a,104,104
配線材料,光ケーブル（４芯ＳＺ難燃型）,ＳＭ １．３１μｍ １２０Ｃ,m,福井,01,1560,1770,210,13.46,9e88f55cb09654e8,f790547515979abf,104,104
配線材料,光ケーブル（４芯ＳＺ難燃型）,ＳＭ １．３１μｍ １２８Ｃ,m,福井,01,1620,1830,210,12.96,0489a5161de951d7,de7df213b09cfbeb,104,104
配線材料,光ケーブル（４芯ＳＺ難燃型）,ＳＭ １．３１μｍ １４０Ｃ,m,福井,01,1700,1920,220,12.94,6c9c269604078a19,c07cc6ddac61bcb8,104,104
配線材料,光ケーブル（４芯ＳＺ難燃型）,ＳＭ １．３１μｍ １６０Ｃ,m,福井,01,1830,2070,240,13.11,b7f7f4a9683b9080,cdbe9af36ebc5293,104,104
配線材料,光ケーブル（４芯ＳＺ難燃型）,ＳＭ １．３１μｍ １８０Ｃ,m,福井,01,1960,2220,260,13.27,6b6e406d06db1774,6ad30652dab53e70,104,104
配線材料,光ケーブル（４芯ＳＺ難燃型）,ＳＭ １．３１μｍ ２００Ｃ,m,福井,01,2090,2370,280,13.4,cee78573c12557db,08e2cea32644bdbf,104,104
配線材料,光ケーブル（４芯コルゲート）,ＳＭ １．３１μｍ ２０Ｃ,m,福井,01,1740,1940,200,11.49,fbca556d2885c902,bfa02f8fac120756,104,104
配線材料,光ケーブル（４芯コルゲート）,ＳＭ １．３１μｍ ４０Ｃ,m,福井,01,2000,2230,230,11.5,9ec996968c373c6f,99483f2b09f1cbbe,104,104
配線材料,光ケーブル（４芯コルゲート）,ＳＭ １．３１μｍ ６０Ｃ,m,福井,01,2150,2400,250,11.63,365729c0c3b5f117,3a0661051dffa393,104,104
配線材料,光ケーブル（４芯コルゲート）,ＳＭ １．３１μｍ ８０Ｃ,m,福井,01,2340,2610,270,11.54,5eff7b97409bb2dd,6c131b0d1d76a313,104,104
配線材料,光ケーブル（４芯コルゲート）,ＳＭ １．３１μｍ １００Ｃ,m,福井,01,2490,2780,290,11.65,d97cd416f8515ea0,a5dfe57b51acf578,104,104
配線材料,光ファイバ層形ＬＡＰシース,０．５ｄＢ ２Ｃ,m,福井,01,355,411,56,15.77,13993b30910d5fac,4953e6b37ff4abb5,104,104
配線材料,光ファイバ層形ＬＡＰシース,０．５ｄＢ ４Ｃ,m,福井,01,400,464,64,16.0,4027eb5da030e151,b32798743ddc562b,104,104
配線材料,光ファイバ層形ＬＡＰシース,０．５ｄＢ ８Ｃ,m,福井,01,490,568,78,15.92,762097e17f9d46c9,35e8b7de37666b8a,104,104
配線材料,光ファイバ層形ＬＡＰシース,０．５ｄＢ １２Ｃ,m,福井,01,580,672,92,15.86,955bc2528350a261,a9eb38b318d7a295,104,104
配線材料,光ケーブル（４芯ＳＺ・ＳＳＦ型）,ＳＭ １．３１μｍ １００Ｃ,m,滋賀,02,1350,1530,180,13.33,e196f4ac605d853a,aef4e8fbf4e02d90,104,104
配線材料,光ケーブル（４芯ＳＺ・ＳＳＦ型）,ＳＭ １．３１μｍ １２０Ｃ,m,滋賀,02,1680,1900,220,13.1,c0937258a1229594,efbd150f366685b3,104,104
配線材料,光ケーブル（４芯ＳＺ・ＳＳＦ型）,ＳＭ １．３１μｍ １２８Ｃ,m,滋賀,02,1730,1960,230,13.29,c6534f986ade876a,4d08c51917fbb055,104,104
配線材料,光ケーブル（４芯ＳＺ・ＳＳＦ型）,ＳＭ １．３１μｍ １４０Ｃ,m,滋賀,02,1810,2050,240,13.26,2853f3a2e04d736a,dce33e3d8c1bdbc3,104,104
配線材料,光ケーブル（４芯ＳＺ・ＳＳＦ型）,ＳＭ １．３１μｍ １６０Ｃ,m,滋賀,02,1940,2200,260,13.4,484c035914d82d29,9e6d872851c4c117,104,104
配線材料,光ケーブル（４芯ＳＺ・ＳＳＦ型）,ＳＭ １．３１μｍ １８０Ｃ,m,滋賀,02,2070,2350,280,13.53,30892f8d1894f682,e0ebecaa1ee2735f,104,104
配線材料,光ケーブル（４芯ＳＺ・ＳＳＦ型）,ＳＭ １．３１μｍ ２００Ｃ,m,滋賀,02,2200,2500,300,13.64,857ad599c018bbfd,3910270f0fe7155b,104,104
配線材料,光ケーブル（４芯ＳＺ難燃型）,ＳＭ １．３１μｍ ６０Ｃ,m,滋賀,02,924,1040,116,12.55,eceed22273626f66,9fa8204b5fff5862,104,104
配線材料,光ケーブル（４芯ＳＺ難燃型）,ＳＭ １．３１μｍ ８０Ｃ,m,滋賀,02,1080,1230,150,13.89,25bcf2c5711979d8,1bd2f55328983c3a,104,104
配線材料,光ケーブル（４芯ＳＺ難燃型）,ＳＭ １．３１μｍ １００Ｃ,m,滋賀,02,1210,1380,170,14.05,0fd08fcc0c18c4ec,85fedd1098716252,104,104
配線材料,光ケーブル（４芯ＳＺ難燃型）,ＳＭ １．３１μｍ １２０Ｃ,m,滋賀,02,1560,1770,210,13.46,ffbc6d8ed7d2ee1c,8e6f050ec5aacbd3,104,104
配線材料,光ケーブル（４芯ＳＺ難燃型）,ＳＭ １．３１μｍ １２８Ｃ,m,滋賀,02,1620,1830,210,12.96,df891a10a5bd642d,71eb3b64bed0c333,104,104
配線材料,光ケーブル（４芯ＳＺ難燃型）,ＳＭ １．３１μｍ １４０Ｃ,m,滋賀,02,1700,1920,220,12.94,d64a128111f22b49,ad15055479a03318,104,104
配線材料,光ケーブル（４芯ＳＺ難燃型）,ＳＭ １．３１μｍ １６０Ｃ,m,滋賀,02,1830,2070,240,13.11,29ccf4c3877e3d6b,623d25ef9e5c55f4,104,104
配線材料,光ケーブル（４芯ＳＺ難燃型）,ＳＭ １．３１μｍ １８０Ｃ,m,滋賀,02,1960,2220,260,13.27,4a2ea7a762be013e,4f2db619c4660438,104,104
配線材料,光ケーブル（４芯ＳＺ難燃型）,ＳＭ １．３１μｍ ２００Ｃ,m,滋賀,02,2090,2370,280,13.4,59d2465c93b851cd,ada1686ab309151a,104,104
配線材料,光ケーブル（４芯コルゲート）,ＳＭ １．３１μｍ ２０Ｃ,m,滋賀,02,1740,1940,200,11.49,b3a7627502349a38,857541cf61f17b8a,104,104
配線材料,光ケーブル（４芯コルゲート）,ＳＭ １．３１μｍ ４０Ｃ,m,滋賀,02,2000,2230,230,11.5,709ba0731e1b2a09,66313f3310909a53,104,104
配線材料,光ケーブル（４芯コルゲート）,ＳＭ １．３１μｍ ６０Ｃ,m,滋賀,02,2150,2400,250,11.63,f3deca674330f6fb,1b14ec87ef6afb07,104,104
配線材料,光ケーブル（４芯コルゲート）,ＳＭ １．３１μｍ ８０Ｃ,m,滋賀,02,2340,2610,270,11.54,102f5309237e61c7,db56554bd4b2674c,104,104
配線材料,光ケーブル（４芯コルゲート）,ＳＭ １．３１μｍ １００Ｃ,m,滋賀,02,2490,2780,290,11.65,3cc5df6f7d23c7bd,2f23b19bf83fe12e,104,104
配線材料,光ファイバ層形ＬＡＰシース,０．５ｄＢ ２Ｃ,m,滋賀,02,355,411,56,15.77,aa87c76e7b6ab3e7,2799b897805a17a8,104,104
配線材料,光ファイバ層形ＬＡＰシース,０．５ｄＢ ４Ｃ,m,滋賀,02,400,464,64,16.0,ffc5a250592fe4aa,3816ce6b7f45f856,104,104
配線材料,光ファイバ層形ＬＡＰシース,０．５ｄＢ ８Ｃ,m,滋賀,02,490,568,78,15.92,78523f323490ce96,9f995a3511750900,104,104
配線材料,光ファイバ層形ＬＡＰシース,０．５ｄＢ １２Ｃ,m,滋賀,02,580,672,92,15.86,88766b37f9c8ae21,99a07f630504f905,104,104
配線材料,光ケーブル（４芯ＳＺ・ＳＳＦ型）,ＳＭ １．３１μｍ １００Ｃ,m,京都北部,03,1350,1530,180,13.33,7e137d0ac54195a5,a52c3264381be4b0,104,104
配線材料,光ケーブル（４芯ＳＺ・ＳＳＦ型）,ＳＭ １．３１μｍ １２０Ｃ,m,京都北部,03,1680,1900,220,13.1,29541a8429aea889,006d53a570a43d2b,104,104
配線材料,光ケーブル（４芯ＳＺ・ＳＳＦ型）,ＳＭ １．３１μｍ １２８Ｃ,m,京都北部,03,1730,1960,230,13.29,b3e2b8ebd1bcf68f,f1558f5662979926,104,104
配線材料,光ケーブル（４芯ＳＺ・ＳＳＦ型）,ＳＭ １．３１μｍ １４０Ｃ,m,京都北部,03,1810,2050,240,13.26,fc97b299ed1804fd,4d81d2d6448b0664,104,104
配線材料,光ケーブル（４芯ＳＺ・ＳＳＦ型）,ＳＭ １．３１μｍ １６０Ｃ,m,京都北部,03,1940,2200,260,13.4,668ae7e44e452196,6b98a72e3b0ef745,104,104
配線材料,光ケーブル（４芯ＳＺ・ＳＳＦ型）,ＳＭ １．３１μｍ １８０Ｃ,m,京都北部,03,2070,2350,280,13.53,ddaac016be687e58,7499b227e7ac0b31,104,104
配線材料,光ケーブル（４芯ＳＺ・ＳＳＦ型）,ＳＭ １．３１μｍ ２００Ｃ,m,京都北部,03,2200,2500,300,13.64,13a256a2afd700d0,d782a803284f23e4,104,104
配線材料,光ケーブル（４芯ＳＺ難燃型）,ＳＭ １．３１μｍ ６０Ｃ,m,京都北部,03,924,1040,116,12.55,d2e543a415183b93,b9832c80a0a83618,104,104
配線材料,光ケーブル（４芯ＳＺ難燃型）,ＳＭ １．３１μｍ ８０Ｃ,m,京都北部,03,1080,1230,150,13.89,e68601c880673a09,15e06043027f4bfe,104,104
配線材料,光ケーブル（４芯ＳＺ難燃型）,ＳＭ １．３１μｍ １００Ｃ,m,京都北部,03,1210,1380,170,14.05,439eab1131489155,af41b08b8d38017c,104,104
配線材料,光ケーブル（４芯ＳＺ難燃型）,ＳＭ １．３１μｍ １２０Ｃ,m,京都北部,03,1560,1770,210,13.46,de60aea4901da1fd,73fcbc8a32990c62,104,104
配線材料,光ケーブル（４芯ＳＺ難燃型）,ＳＭ １．３１μｍ １２８Ｃ,m,京都北部,03,1620,1830,210,12.96,0dfc2120e2c53dd3,4568735113f803e7,104,104
配線材料,光ケーブル（４芯ＳＺ難燃型）,ＳＭ １．３１μｍ １４０Ｃ,m,京都北部,03,1700,1920,220,12.94,876c1d6d28e03b3c,69ae117f6a73d655,104,104
配線材料,光ケーブル（４芯ＳＺ難燃型）,ＳＭ １．３１μｍ １６０Ｃ,m,京都北部,03,1830,2070,240,13.11,4e414dd7070bcafb,f794fdaac98d7e15,104,104
配線材料,光ケーブル（４芯ＳＺ難燃型）,ＳＭ １．３１μｍ １８０Ｃ,m,京都北部,03,1960,2220,260,13.27,9eff6c2e055ceed8,827149063e3d4447,104,104
配線材料,光ケーブル（４芯ＳＺ難燃型）,ＳＭ １．３１μｍ ２００Ｃ,m,京都北部,03,2090,2370,280,13.4,beaa379645a9aeee,b18b8b43d6ceb1c5,104,104
配線材料,光ケーブル（４芯コルゲート）,ＳＭ １．３１μｍ ２０Ｃ,m,京都北部,03,1740,1940,200,11.49,88478addda2af4b8,87bf3ed3e7e51abb,104,104
配線材料,光ケーブル（４芯コルゲート）,ＳＭ １．３１μｍ ４０Ｃ,m,京都北部,03,2000,2230,230,11.5,0fbbda3730f0b065,06cd666cdd80420b,104,104
配線材料,光ケーブル（４芯コルゲート）,ＳＭ １．３１μｍ ６０Ｃ,m,京都北部,03,2150,2400,250,11.63,661c45acb56dce74,0a7162b9cfcb978b,104,104
配線材料,光ケーブル（４芯コルゲート）,ＳＭ １．３１μｍ ８０Ｃ,m,京都北部,03,2340,2610,270,11.54,b00f6d1e0ddf966a,224546d36f471297,104,104
配線材料,光ケーブル（４芯コルゲート）,ＳＭ １．３１μｍ １００Ｃ,m,京都北部,03,2490,2780,290,11.65,5e4ee9cc06698ee2,62a63b4e57842a8d,104,104
配線材料,光ファイバ層形ＬＡＰシース,０．５ｄＢ ２Ｃ,m,京都北部,03,355,411,56,15.77,d9048eee92eb67f8,0da1fc4a794cb17f,104,104
配線材料,光ファイバ層形ＬＡＰシース,０．５ｄＢ ４Ｃ,m,京都北部,03,400,464,64,16.0,f17e12b2a7917921,fced0f11b482f0ac,104,104
配線材料,光ファイバ層形ＬＡＰシース,０．５ｄＢ ８Ｃ,m,京都北部,03,490,568,78,15.92,75c3d8ba4c45f241,064a9c1ae7c27b19,104,104
配線材料,光ファイバ層形ＬＡＰシース,０．５ｄＢ １２Ｃ,m,京都北部,03,580,672,92,15.86,ce6a2d717fed8b81,1226ace0d5246e0a,104,104
配線材料,光ケーブル（４芯ＳＺ・ＳＳＦ型）,ＳＭ １．３１μｍ １００Ｃ,m,京都南部,04,1350,1530,180,13.33,6b9789c300544260,e6665606005ac146,104,104
配線材料,光ケーブル（４芯ＳＺ・ＳＳＦ型）,ＳＭ １．３１μｍ １２０Ｃ,m,京都南部,04,1680,1900,220,13.1,1dfa6e524782668f,1e1c92deb6748f80,104,104
配線材料,光ケーブル（４芯ＳＺ・ＳＳＦ型）,ＳＭ １．３１μｍ １２８Ｃ,m,京都南部,04,1730,1960,230,13.29,1252855bb3bfa6b2,687ad71d6f371202,104,104
配線材料,光ケーブル（４芯ＳＺ・ＳＳＦ型）,ＳＭ １．３１μｍ １４０Ｃ,m,京都南部,04,1810,2050,240,13.26,5df9412eefd17eaa,a3cda2039e58bb38,104,104
配線材料,光ケーブル（４芯ＳＺ・ＳＳＦ型）,ＳＭ １．３１μｍ １６０Ｃ,m,京都南部,04,1940,2200,260,13.4,f086063aa09f6c12,eac42c1f22195fab,104,104
配線材料,光ケーブル（４芯ＳＺ・ＳＳＦ型）,ＳＭ １．３１μｍ １８０Ｃ,m,京都南部,04,2070,2350,280,13.53,ffd6b5c8cd263a72,cb6f5f58a71a2413,104,104
配線材料,光ケーブル（４芯ＳＺ・ＳＳＦ型）,ＳＭ １．３１μｍ ２００Ｃ,m,京都南部,04,2200,2500,300,13.64,9fce289cfa2fe727,c2faf7d7d18c345e,104,104
配線材料,光ケーブル（４芯ＳＺ難燃型）,ＳＭ １．３１μｍ ６０Ｃ,m,京都南部,04,924,1040,116,12.55,53914f693ca7edae,e8d20e9c4c140c91,104,104
配線材料,光ケーブル（４芯ＳＺ難燃型）,ＳＭ １．３１μｍ ８０Ｃ,m,京都南部,04,1080,1230,150,13.89,5a0bd954e1c393ca,072f64ba83e3ce5b,104,104
配線材料,光ケーブル（４芯ＳＺ難燃型）,ＳＭ １．３１μｍ １００Ｃ,m,京都南部,04,1210,1380,170,14.05,0be0ecc8d302f756,6d31c7582628f93d,104,104
配線材料,光ケーブル（４芯ＳＺ難燃型）,ＳＭ １．３１μｍ １２０Ｃ,m,京都南部,04,1560,1770,210,13.46,b881c99fd9728711,852039e3ddeddeb8,104,104
配線材料,光ケーブル（４芯ＳＺ難燃型）,ＳＭ １．３１μｍ １２８Ｃ,m,京都南部,04,1620,1830,210,12.96,c6d5aac3117d71f1,fa1fda44edf462bc,104,104
配線材料,光ケーブル（４芯ＳＺ難燃型）,ＳＭ １．３１μｍ １４０Ｃ,m,京都南部,04,1700,1920,220,12.94,b682561fa9e45b16,9893a6d6dbf1938a,104,104
配線材料,光ケーブル（４芯ＳＺ難燃型）,ＳＭ １．３１μｍ １６０Ｃ,m,京都南部,04,1830,2070,240,13.11,5090adb8cf4c9390,08866fb39171b520,104,104
配線材料,光ケーブル（４芯ＳＺ難燃型）,ＳＭ １．３１μｍ １８０Ｃ,m,京都南部,04,1960,2220,260,13.27,ca2ef3f3babc42fc,d078b39ae7a46c5d,104,104
配線材料,光ケーブル（４芯ＳＺ難燃型）,ＳＭ １．３１μｍ ２００Ｃ,m,京都南部,04,2090,2370,280,13.4,ac9d80682514e8b4,6e42b0950838e0e0,104,104
配線材料,光ケーブル（４芯コルゲート）,ＳＭ １．３１μｍ ２０Ｃ,m,京都南部,04,1740,1940,200,11.49,acea0e8ac229c9c3,fb6aace26d97be8e,104,104
配線材料,光ケーブル（４芯コルゲート）,ＳＭ １．３１μｍ ４０Ｃ,m,京都南部,04,2000,2230,230,11.5,e1eeb4e8068f65fb,0d2bbfaf3b3b276a,104,104
配線材料,光ケーブル（４芯コルゲート）,ＳＭ １．３１μｍ ６０Ｃ,m,京都南部,04,2150,2400,250,11.63,4ba9da9539ae505b,1c913113d9fb0c3c,104,104
配線材料,光ケーブル（４芯コルゲート）,ＳＭ １．３１μｍ ８０Ｃ,m,京都南部,04,2340,2610,270,11.54,b6cc74f6946c0590,f01f5d0045a1e990,104,104
配線材料,光ケーブル（４芯コルゲート）,ＳＭ １．３１μｍ １００Ｃ,m,京都南部,04,2490,2780,290,11.65,e934d7347e129ada,c1bb89f627f060d7,104,104
配線材料,光ファイバ層形ＬＡＰシース,０．５ｄＢ ２Ｃ,m,京都南部,04,355,411,56,15.77,6e03a808c1004658,0c884a1a22fb023c,104,104
配線材料,光ファイバ層形ＬＡＰシース,０．５ｄＢ ４Ｃ,m,京都南部,04,400,464,64,16.0,48b45492ddc183ea,18b06d9589184f3f,104,104
配線材料,光ファイバ層形ＬＡＰシース,０．５ｄＢ ８Ｃ,m,京都南部,04,490,568,78,15.92,584f8784ab7cb6d1,0eff92a8f0d1b10b,104,104
配線材料,光ファイバ層形ＬＡＰシース,０．５ｄＢ １２Ｃ,m,京都南部,04,580,672,92,15.86,622cb30c869e6e5e,a62e4f4f5dfbfc75,104,104
配線材料,光ケーブル（４芯ＳＺ・ＳＳＦ型）,ＳＭ １．３１μｍ １００Ｃ,m,大阪,05,1350,1530,180,13.33,d67a2bb6b441cf96,4e1294e19f91e4c1,104,104
配線材料,光ケーブル（４芯ＳＺ・ＳＳＦ型）,ＳＭ １．３１μｍ １２０Ｃ,m,大阪,05,1680,1900,220,13.1,3d2167779063fb1f,1f4451fbbf424617,104,104
配線材料,光ケーブル（４芯ＳＺ・ＳＳＦ型）,ＳＭ １．３１μｍ １２８Ｃ,m,大阪,05,1730,1960,230,13.29,a6e87602897e8892,5761184c7f1305f2,104,104
配線材料,光ケーブル（４芯ＳＺ・ＳＳＦ型）,ＳＭ １．３１μｍ １４０Ｃ,m,大阪,05,1810,2050,240,13.26,be5082e100dfd0e5,7c59cd3f5b5730b6,104,104
配線材料,光ケーブル（４芯ＳＺ・ＳＳＦ型）,ＳＭ １．３１μｍ １６０Ｃ,m,大阪,05,1940,2200,260,13.4,bfeb3319402bac99,952746d0744e7949,104,104
配線材料,光ケーブル（４芯ＳＺ・ＳＳＦ型）,ＳＭ １．３１μｍ １８０Ｃ,m,大阪,05,2070,2350,280,13.53,ce3277b3f7eb6878,adeb7cd1964a0ad5,104,104
配線材料,光ケーブル（４芯ＳＺ・ＳＳＦ型）,ＳＭ １．３１μｍ ２００Ｃ,m,大阪,05,2200,2500,300,13.64,b03d8a3c1748aaab,cf72db5ddf022052,104,104
配線材料,光ケーブル（４芯ＳＺ難燃型）,ＳＭ １．３１μｍ ６０Ｃ,m,大阪,05,924,1040,116,12.55,5224bc2f0c6723a1,9871789d1c46dc95,104,104
配線材料,光ケーブル（４芯ＳＺ難燃型）,ＳＭ １．３１μｍ ８０Ｃ,m,大阪,05,1080,1230,150,13.89,dd0f61dc94416ab5,e382a07e31a453bd,104,104
配線材料,光ケーブル（４芯ＳＺ難燃型）,ＳＭ １．３１μｍ １００Ｃ,m,大阪,05,1210,1380,170,14.05,b9fa66a5f491e073,ac23e70d79053951,104,104
配線材料,光ケーブル（４芯ＳＺ難燃型）,ＳＭ １．３１μｍ １２０Ｃ,m,大阪,05,1560,1770,210,13.46,992ea1a4a6bf8ad8,3f7fe9132f4a39e2,104,104
配線材料,光ケーブル（４芯ＳＺ難燃型）,ＳＭ １．３１μｍ １２８Ｃ,m,大阪,05,1620,1830,210,12.96,fe35c5b167b2c85a,8f38f96f2c51c4ee,104,104
配線材料,光ケーブル（４芯ＳＺ難燃型）,ＳＭ １．３１μｍ １４０Ｃ,m,大阪,05,1700,1920,220,12.94,c94145e30a9020be,56f0b8b8e0c58519,104,104
配線材料,光ケーブル（４芯ＳＺ難燃型）,ＳＭ １．３１μｍ １６０Ｃ,m,大阪,05,1830,2070,240,13.11,df677cfabb76b034,a6caa972eefb25c6,104,104
配線材料,光ケーブル（４芯ＳＺ難燃型）,ＳＭ １．３１μｍ １８０Ｃ,m,大阪,05,1960,2220,260,13.27,abc383c11921ddb6,236bdf9363dcf88a,104,104
配線材料,光ケーブル（４芯ＳＺ難燃型）,ＳＭ １．３１μｍ ２００Ｃ,m,大阪,05,2090,2370,280,13.4,8de25f59335095aa,4deb88c91893c5dd,104,104
配線材料,光ケーブル（４芯コルゲート）,ＳＭ １．３１μｍ ２０Ｃ,m,大阪,05,1740,1940,200,11.49,23895ea989986506,74469f24e046c116,104,104
配線材料,光ケーブル（４芯コルゲート）,ＳＭ １．３１μｍ ４０Ｃ,m,大阪,05,2000,2230,230,11.5,1bec7433a78566f1,0eabf52271d4a308,104,104
配線材料,光ケーブル（４芯コルゲート）,ＳＭ １．３１μｍ ６０Ｃ,m,大阪,05,2150,2400,250,11.63,5b4a309d32ab31a0,726f6b316bf1e014,104,104
配線材料,光ケーブル（４芯コルゲート）,ＳＭ １．３１μｍ ８０Ｃ,m,大阪,05,2340,2610,270,11.54,dfa5b86df1ff4d49,4bae5059b8c25852,104,104
配線材料,光ケーブル（４芯コルゲート）,ＳＭ １．３１μｍ １００Ｃ,m,大阪,05,2490,2780,290,11.65,d63f9084065886de,d0269dcaf8199fef,104,104
配線材料,光ファイバ層形ＬＡＰシース,０．５ｄＢ ２Ｃ,m,大阪,05,355,411,56,15.77,db31cb8d3351b713,3fa3f62214d59324,104,104
配線材料,光ファイバ層形ＬＡＰシース,０．５ｄＢ ４Ｃ,m,大阪,05,400,464,64,16.0,15baa1f7064fc233,4d51c66228fbb396,104,104
配線材料,光ファイバ層形ＬＡＰシース,０．５ｄＢ ８Ｃ,m,大阪,05,490,568,78,15.92,1779e63508009f51,29b55d261170c53f,104,104
配線材料,光ファイバ層形ＬＡＰシース,０．５ｄＢ １２Ｃ,m,大阪,05,580,672,92,15.86,e17b9597457c3ff2,54928266a6328865,104,104
配線材料,光ケーブル（４芯ＳＺ・ＳＳＦ型）,ＳＭ １．３１μｍ １００Ｃ,m,兵庫北部,06,1350,1530,180,13.33,acc14e97047219ea,c9fabe4386c39055,104,104
配線材料,光ケーブル（４芯ＳＺ・ＳＳＦ型）,ＳＭ １．３１μｍ １２０Ｃ,m,兵庫北部,06,1680,1900,220,13.1,dfc161cb740d9f8f,82729db40fc9f26c,104,104
配線材料,光ケーブル（４芯ＳＺ・ＳＳＦ型）,ＳＭ １．３１μｍ １２８Ｃ,m,兵庫北部,06,1730,1960,230,13.29,9fa2c52396acb6f8,ef56b5cb6c54dfea,104,104
配線材料,光ケーブル（４芯ＳＺ・ＳＳＦ型）,ＳＭ １．３１μｍ １４０Ｃ,m,兵庫北部,06,1810,2050,240,13.26,4ce396c01fb53df1,390da31e063cd242,104,104
配線材料,光ケーブル（４芯ＳＺ・ＳＳＦ型）,ＳＭ １．３１μｍ １６０Ｃ,m,兵庫北部,06,1940,2200,260,13.4,4f4ec7295e5ecac8,d484c7328165e6e1,104,104
配線材料,光ケーブル（４芯ＳＺ・ＳＳＦ型）,ＳＭ １．３１μｍ １８０Ｃ,m,兵庫北部,06,2070,2350,280,13.53,b9a19198e85e1465,92aa4b14995d3c62,104,104
配線材料,光ケーブル（４芯ＳＺ・ＳＳＦ型）,ＳＭ １．３１μｍ ２００Ｃ,m,兵庫北部,06,2200,2500,300,13.64,e1cde63e3233a53c,58a33d6296e55fee,104,104
配線材料,光ケーブル（４芯ＳＺ難燃型）,ＳＭ １．３１μｍ ６０Ｃ,m,兵庫北部,06,924,1040,116,12.55,a60666db422d0c98,0edca2a270ebda24,104,104
配線材料,光ケーブル（４芯ＳＺ難燃型）,ＳＭ １．３１μｍ ８０Ｃ,m,兵庫北部,06,1080,1230,150,13.89,496a546e842c04ea,77336fce6919369b,104,104
配線材料,光ケーブル（４芯ＳＺ難燃型）,ＳＭ １．３１μｍ １００Ｃ,m,兵庫北部,06,1210,1380,170,14.05,7355653861ccf346,038fe7b28427b395,104,104
配線材料,光ケーブル（４芯ＳＺ難燃型）,ＳＭ １．３１μｍ １２０Ｃ,m,兵庫北部,06,1560,1770,210,13.46,7541230582d6f3b6,5d87080df766c879,104,104
配線材料,光ケーブル（４芯ＳＺ難燃型）,ＳＭ １．３１μｍ １２８Ｃ,m,兵庫北部,06,1620,1830,210,12.96,cb5a9fb4ef2d513b,9d44bde0f7d87a6e,104,104
配線材料,光ケーブル（４芯ＳＺ難燃型）,ＳＭ １．３１μｍ １４０Ｃ,m,兵庫北部,06,1700,1920,220,12.94,1a0b97523a361c3d,d4acfd110f782a63,104,104
配線材料,光ケーブル（４芯ＳＺ難燃型）,ＳＭ １．３１μｍ １６０Ｃ,m,兵庫北部,06,1830,2070,240,13.11,48a466bc72cda2fc,506398596f9e19e0,104,104
配線材料,光ケーブル（４芯ＳＺ難燃型）,ＳＭ １．３１μｍ １８０Ｃ,m,兵庫北部,06,1960,2220,260,13.27,5751a1277e9a1769,776144e708f27f72,104,104
配線材料,光ケーブル（４芯ＳＺ難燃型）,ＳＭ １．３１μｍ ２００Ｃ,m,兵庫北部,06,2090,2370,280,13.4,c3594f2f49019c92,a03e4c64e29b3833,104,104
配線材料,光ケーブル（４芯コルゲート）,ＳＭ １．３１μｍ ２０Ｃ,m,兵庫北部,06,1740,1940,200,11.49,99b8164322442044,09d13889b09f5ee9,104,104
配線材料,光ケーブル（４芯コルゲート）,ＳＭ １．３１μｍ ４０Ｃ,m,兵庫北部,06,2000,2230,230,11.5,efc07474632a656b,21a74d20c163f38a,104,104
配線材料,光ケーブル（４芯コルゲート）,ＳＭ １．３１μｍ ６０Ｃ,m,兵庫北部,06,2150,2400,250,11.63,cc14f21495b98c8d,5c3eb5e180f90069,104,104
配線材料,光ケーブル（４芯コルゲート）,ＳＭ １．３１μｍ ８０Ｃ,m,兵庫北部,06,2340,2610,270,11.54,d4098d5c4ac29a40,c011fb68c877769b,104,104
配線材料,光ケーブル（４芯コルゲート）,ＳＭ １．３１μｍ １００Ｃ,m,兵庫北部,06,2490,2780,290,11.65,19d786393b63a05e,6e455bc20574899e,104,104
配線材料,光ファイバ層形ＬＡＰシース,０．５ｄＢ ２Ｃ,m,兵庫北部,06,355,411,56,15.77,18e876ead815bf50,4750b1d253623851,104,104
配線材料,光ファイバ層形ＬＡＰシース,０．５ｄＢ ４Ｃ,m,兵庫北部,06,400,464,64,16.0,08a58e798b33dee0,9358ab4a1880bdc0,104,104
配線材料,光ファイバ層形ＬＡＰシース,０．５ｄＢ ８Ｃ,m,兵庫北部,06,490,568,78,15.92,7c2bf62c8171964d,39cd7fcbac24136c,104,104
配線材料,光ファイバ層形ＬＡＰシース,０．５ｄＢ １２Ｃ,m,兵庫北部,06,580,672,92,15.86,76d2f9d35da93a10,127c2b1deb74ed07,104,104
配線材料,光ケーブル（４芯ＳＺ・ＳＳＦ型）,ＳＭ １．３１μｍ １００Ｃ,m,兵庫西部,07,1350,1530,180,13.33,6f062c41da4582aa,89b5dcd43ec1c001,104,104
配線材料,光ケーブル（４芯ＳＺ・ＳＳＦ型）,ＳＭ １．３１μｍ １２０Ｃ,m,兵庫西部,07,1680,1900,220,13.1,908c1bfbf822b713,555e9eac858ef406,104,104
配線材料,光ケーブル（４芯ＳＺ・ＳＳＦ型）,ＳＭ １．３１μｍ １２８Ｃ,m,兵庫西部,07,1730,1960,230,13.29,dddccd1727749ed4,46ef0eb78f0fbe06,104,104
配線材料,光ケーブル（４芯ＳＺ・ＳＳＦ型）,ＳＭ １．３１μｍ １４０Ｃ,m,兵庫西部,07,1810,2050,240,13.26,ec64e7af0dfeab26,75f7918d9f47193f,104,104
配線材料,光ケーブル（４芯ＳＺ・ＳＳＦ型）,ＳＭ １．３１μｍ １６０Ｃ,m,兵庫西部,07,1940,2200,260,13.4,a54ae8c760e2e4e1,11d561438536f3bc,104,104
配線材料,光ケーブル（４芯ＳＺ・ＳＳＦ型）,ＳＭ １．３１μｍ １８０Ｃ,m,兵庫西部,07,2070,2350,280,13.53,71b89c93eddb281d,912106bf0c5614ae,104,104
配線材料,光ケーブル（４芯ＳＺ・ＳＳＦ型）,ＳＭ １．３１μｍ ２００Ｃ,m,兵庫西部,07,2200,2500,300,13.64,571a780ee3d74312,5b747b18c7196b35,104,104
配線材料,光ケーブル（４芯ＳＺ難燃型）,ＳＭ １．３１μｍ ６０Ｃ,m,兵庫西部,07,924,1040,116,12.55,7c9c179e37335b26,4738ffadf6e801c2,104,104
配線材料,光ケーブル（４芯ＳＺ難燃型）,ＳＭ １．３１μｍ ８０Ｃ,m,兵庫西部,07,1080,1230,150,13.89,fd16f75d11795516,68b2f6913d55893d,104,104
配線材料,光ケーブル（４芯ＳＺ難燃型）,ＳＭ １．３１μｍ １００Ｃ,m,兵庫西部,07,1210,1380,170,14.05,19b75a81d54c865b,172e3b31a0d48799,104,104
配線材料,光ケーブル（４芯ＳＺ難燃型）,ＳＭ １．３１μｍ １２０Ｃ,m,兵庫西部,07,1560,1770,210,13.46,6ebe0e78638b5814,8df062b51d5209c4,104,104
配線材料,光ケーブル（４芯ＳＺ難燃型）,ＳＭ １．３１μｍ １２８Ｃ,m,兵庫西部,07,1620,1830,210,12.96,a6be97234ab707fb,b4354e318bd5f78f,104,104
配線材料,光ケーブル（４芯ＳＺ難燃型）,ＳＭ １．３１μｍ １４０Ｃ,m,兵庫西部,07,1700,1920,220,12.94,6a06f5e16743a534,ddb65a325cc79927,104,104
配線材料,光ケーブル（４芯ＳＺ難燃型）,ＳＭ １．３１μｍ １６０Ｃ,m,兵庫西部,07,1830,2070,240,13.11,4427836f2f920839,71adb78c9afaa990,104,104
配線材料,光ケーブル（４芯ＳＺ難燃型）,ＳＭ １．３１μｍ １８０Ｃ,m,兵庫西部,07,1960,2220,260,13.27,d60a0c9db7975569,39def509879fdbe0,104,104
配線材料,光ケーブル（４芯ＳＺ難燃型）,ＳＭ １．３１μｍ ２００Ｃ,m,兵庫西部,07,2090,2370,280,13.4,ca70c63e98664dbb,c58023c0bf3c943e,104,104
配線材料,光ケーブル（４芯コルゲート）,ＳＭ １．３１μｍ ２０Ｃ,m,兵庫西部,07,1740,1940,200,11.49,e7d8daa07bc7bd19,27ea4e93179ceff4,104,104
配線材料,光ケーブル（４芯コルゲート）,ＳＭ １．３１μｍ ４０Ｃ,m,兵庫西部,07,2000,2230,230,11.5,c70efc11886399b8,ad40eee9cfe69801,104,104
配線材料,光ケーブル（４芯コルゲート）,ＳＭ １．３１μｍ ６０Ｃ,m,兵庫西部,07,2150,2400,250,11.63,68aa458c0f8ff208,6b6101b7ce276d7d,104,104
配線材料,光ケーブル（４芯コルゲート）,ＳＭ １．３１μｍ ８０Ｃ,m,兵庫西部,07,2340,2610,270,11.54,21f9e1f5dc1247e3,2349bad7590483e5,104,104
配線材料,光ケーブル（４芯コルゲート）,ＳＭ １．３１μｍ １００Ｃ,m,兵庫西部,07,2490,2780,290,11.65,3e040345b16f0666,7e2ce3f46c8fd1ae,104,104
配線材料,光ファイバ層形ＬＡＰシース,０．５ｄＢ ２Ｃ,m,兵庫西部,07,355,411,56,15.77,6f9ac7ed7fac3540,bb4d9ba74a5413b5,104,104
配線材料,光ファイバ層形ＬＡＰシース,０．５ｄＢ ４Ｃ,m,兵庫西部,07,400,464,64,16.0,14c298839ead1c10,89a734c97af3c7f3,104,104
配線材料,光ファイバ層形ＬＡＰシース,０．５ｄＢ ８Ｃ,m,兵庫西部,07,490,568,78,15.92,0fabd774c71cf631,2cc340bd97bdf106,104,104
配線材料,光ファイバ層形ＬＡＰシース,０．５ｄＢ １２Ｃ,m,兵庫西部,07,580,672,92,15.86,67830dd811b8d82e,745436bcbc69d401,104,104
配線材料,光ケーブル（４芯ＳＺ・ＳＳＦ型）,ＳＭ １．３１μｍ １００Ｃ,m,兵庫,08,1350,1530,180,13.33,782002d9d68a5c35,9df9347ae6c1b0bb,104,104
配線材料,光ケーブル（４芯ＳＺ・ＳＳＦ型）,ＳＭ １．３１μｍ １２０Ｃ,m,兵庫,08,1680,1900,220,13.1,984cb9f5803e375f,d6c0265deffef30a,104,104
配線材料,光ケーブル（４芯ＳＺ・ＳＳＦ型）,ＳＭ １．３１μｍ １２８Ｃ,m,兵庫,08,1730,1960,230,13.29,f4129867486723ee,c94b18fdbdf2b420,104,104
配線材料,光ケーブル（４芯ＳＺ・ＳＳＦ型）,ＳＭ １．３１μｍ １４０Ｃ,m,兵庫,08,1810,2050,240,13.26,2c6c69da8218d7ec,da28ca78f7ba2e9e,104,104
配線材料,光ケーブル（４芯ＳＺ・ＳＳＦ型）,ＳＭ １．３１μｍ １６０Ｃ,m,兵庫,08,1940,2200,260,13.4,79e8d8f61aefd718,3a17ec8cd2761d2f,104,104
配線材料,光ケーブル（４芯ＳＺ・ＳＳＦ型）,ＳＭ １．３１μｍ １８０Ｃ,m,兵庫,08,2070,2350,280,13.53,d1d77f32b9f5f2b7,f0664760964de9ff,104,104
配線材料,光ケーブル（４芯ＳＺ・ＳＳＦ型）,ＳＭ １．３１μｍ ２００Ｃ,m,兵庫,08,2200,2500,300,13.64,3e6c2c8c9bfa034a,73379164f2857fc2,104,104
配線材料,光ケーブル（４芯ＳＺ難燃型）,ＳＭ １．３１μｍ ６０Ｃ,m,兵庫,08,924,1040,116,12.55,80bc53ec0577db65,cf091c2802816cb2,104,104
配線材料,光ケーブル（４芯ＳＺ難燃型）,ＳＭ １．３１μｍ ８０Ｃ,m,兵庫,08,1080,1230,150,13.89,ecaf95812958a3e4,eae7bf34b15ee96b,104,104
配線材料,光ケーブル（４芯ＳＺ難燃型）,ＳＭ １．３１μｍ １００Ｃ,m,兵庫,08,1210,1380,170,14.05,a4a8b63a93cf5783,90f41c6f8af511d0,104,104
配線材料,光ケーブル（４芯ＳＺ難燃型）,ＳＭ １．３１μｍ １２０Ｃ,m,兵庫,08,1560,1770,210,13.46,aa48ea10b9d6d063,365d40364be8e449,104,104
配線材料,光ケーブル（４芯ＳＺ難燃型）,ＳＭ １．３１μｍ １２８Ｃ,m,兵庫,08,1620,1830,210,12.96,dcf30bc174699269,4fb3650afb84653c,104,104
配線材料,光ケーブル（４芯ＳＺ難燃型）,ＳＭ １．３１μｍ １４０Ｃ,m,兵庫,08,1700,1920,220,12.94,60509deebb811178,8ce3e29076284a80,104,104
配線材料,光ケーブル（４芯ＳＺ難燃型）,ＳＭ １．３１μｍ １６０Ｃ,m,兵庫,08,1830,2070,240,13.11,20ab848762d98ff6,c60bcb28bcdf7420,104,104
配線材料,光ケーブル（４芯ＳＺ難燃型）,ＳＭ １．３１μｍ １８０Ｃ,m,兵庫,08,1960,2220,260,13.27,f3b725b88fd97d34,f355a0bcc82dd5cf,104,104
配線材料,光ケーブル（４芯ＳＺ難燃型）,ＳＭ １．３１μｍ ２００Ｃ,m,兵庫,08,2090,2370,280,13.4,67eb86e89611c288,31d9149ecae126d2,104,104
配線材料,光ケーブル（４芯コルゲート）,ＳＭ １．３１μｍ ２０Ｃ,m,兵庫,08,1740,1940,200,11.49,afef18a8ffb28b6c,0acf05b85589850f,104,104
配線材料,光ケーブル（４芯コルゲート）,ＳＭ １．３１μｍ ４０Ｃ,m,兵庫,08,2000,2230,230,11.5,1747a7b6e0816f94,1941d1752c33d99f,104,104
配線材料,光ケーブル（４芯コルゲート）,ＳＭ １．３１μｍ ６０Ｃ,m,兵庫,08,2150,2400,250,11.63,36c89a395f014331,08ae757db2a372b3,104,104
配線材料,光ケーブル（４芯コルゲート）,ＳＭ １．３１μｍ ８０Ｃ,m,兵庫,08,2340,2610,270,11.54,2d2319a935551cfa,22e6e6522b2821ec,104,104
配線材料,光ケーブル（４芯コルゲート）,ＳＭ １．３１μｍ １００Ｃ,m,兵庫,08,2490,2780,290,11.65,6097446510690612,e15b8671122a4480,104,104
配線材料,光ファイバ層形ＬＡＰシース,０．５ｄＢ ２Ｃ,m,兵庫,08,355,411,56,15.77,8a896c3c1b3ba27b,0e2f7e2ff7bdff3b,104,104
配線材料,光ファイバ層形ＬＡＰシース,０．５ｄＢ ４Ｃ,m,兵庫,08,400,464,64,16.0,0162ade2ed9ce1a6,2d395062ff39064a,104,104
配線材料,光ファイバ層形ＬＡＰシース,０．５ｄＢ ８Ｃ,m,兵庫,08,490,568,78,15.92,f6e90edc0f719613,9c6bbdfb10909718,104,104
配線材料,光ファイバ層形ＬＡＰシース,０．５ｄＢ １２Ｃ,m,兵庫,08,580,672,92,15.86,c090d74a79cee580,80d90d98b646e8f0,104,104
配線材料,光ケーブル（４芯ＳＺ・ＳＳＦ型）,ＳＭ １．３１μｍ １００Ｃ,m,奈良,09,1350,1530,180,13.33,b4f55c533a92e969,03da3b34d95432e6,104,104
配線材料,光ケーブル（４芯ＳＺ・ＳＳＦ型）,ＳＭ １．３１μｍ １２０Ｃ,m,奈良,09,1680,1900,220,13.1,0a2b4d3390f5a6b0,c3bc0fa265cec802,104,104
配線材料,光ケーブル（４芯ＳＺ・ＳＳＦ型）,ＳＭ １．３１μｍ １２８Ｃ,m,奈良,09,1730,1960,230,13.29,91a6abde307be687,4cc95bfc16dec0f7,104,104
配線材料,光ケーブル（４芯ＳＺ・ＳＳＦ型）,ＳＭ １．３１μｍ １４０Ｃ,m,奈良,09,1810,2050,240,13.26,9756d74a31d57664,fa447d1087c19ec0,104,104
配線材料,光ケーブル（４芯ＳＺ・ＳＳＦ型）,ＳＭ １．３１μｍ １６０Ｃ,m,奈良,09,1940,2200,260,13.4,55a7d037dd1f6de9,578ed9b994896932,104,104
配線材料,光ケーブル（４芯ＳＺ・ＳＳＦ型）,ＳＭ １．３１μｍ １８０Ｃ,m,奈良,09,2070,2350,280,13.53,8329d6f306056591,365d2badf692a748,104,104
配線材料,光ケーブル（４芯ＳＺ・ＳＳＦ型）,ＳＭ １．３１μｍ ２００Ｃ,m,奈良,09,2200,2500,300,13.64,65afd55d68fee6c8,405445a528fc536d,104,104
配線材料,光ケーブル（４芯ＳＺ難燃型）,ＳＭ １．３１μｍ ６０Ｃ,m,奈良,09,924,1040,116,12.55,87877003776be0e9,85892bf16ee42f19,104,104
配線材料,光ケーブル（４芯ＳＺ難燃型）,ＳＭ １．３１μｍ ８０Ｃ,m,奈良,09,1080,1230,150,13.89,6be04261a0032d32,43ea9d12a061512c,104,104
配線材料,光ケーブル（４芯ＳＺ難燃型）,ＳＭ １．３１μｍ １００Ｃ,m,奈良,09,1210,1380,170,14.05,00cd5f83b1febbb9,1f1a041a89388720,104,104
配線材料,光ケーブル（４芯ＳＺ難燃型）,ＳＭ １．３１μｍ １２０Ｃ,m,奈良,09,1560,1770,210,13.46,155295053c24e00a,85ae199a4601d297,104,104
配線材料,光ケーブル（４芯ＳＺ難燃型）,ＳＭ １．３１μｍ １２８Ｃ,m,奈良,09,1620,1830,210,12.96,7d2bad583f51b8b0,c800ff641e4aa604,104,104
配線材料,光ケーブル（４芯ＳＺ難燃型）,ＳＭ １．３１μｍ １４０Ｃ,m,奈良,09,1700,1920,220,12.94,5155687a386f3744,8fb7cc5529b4773a,104,104
配線材料,光ケーブル（４芯ＳＺ難燃型）,ＳＭ １．３１μｍ １６０Ｃ,m,奈良,09,1830,2070,240,13.11,0cde32c0a895bbe6,e454c7b14d821502,104,104
配線材料,光ケーブル（４芯ＳＺ難燃型）,ＳＭ １．３１μｍ １８０Ｃ,m,奈良,09,1960,2220,260,13.27,27df97848f39e45a,a631acd2a2a34026,104,104
配線材料,光ケーブル（４芯ＳＺ難燃型）,ＳＭ １．３１μｍ ２００Ｃ,m,奈良,09,2090,2370,280,13.4,1979f482b99a551b,7f900205c3b922de,104,104
配線材料,光ケーブル（４芯コルゲート）,ＳＭ １．３１μｍ ２０Ｃ,m,奈良,09,1740,1940,200,11.49,5601b6fd664d03f2,df4f82a2992deeec,104,104
配線材料,光ケーブル（４芯コルゲート）,ＳＭ １．３１μｍ ４０Ｃ,m,奈良,09,2000,2230,230,11.5,2d5d3eac537c70e4,998f8c595c1ef7fc,104,104
配線材料,光ケーブル（４芯コルゲート）,ＳＭ １．３１μｍ ６０Ｃ,m,奈良,09,2150,2400,250,11.63,15ab92c0286bd236,a9330c764548cb11,104,104
配線材料,光ケーブル（４芯コルゲート）,ＳＭ １．３１μｍ ８０Ｃ,m,奈良,09,2340,2610,270,11.54,75523414534fb58e,9ff6d4a89a9450ec,104,104
配線材料,光ケーブル（４芯コルゲート）,ＳＭ １．３１μｍ １００Ｃ,m,奈良,09,2490,2780,290,11.65,751c4000c4436a8a,cda8fe8a4528f95d,104,104
配線材料,光ファイバ層形ＬＡＰシース,０．５ｄＢ ２Ｃ,m,奈良,09,355,411,56,15.77,5f11166e3fd0f5f8,9eff6b6dfd7af67c,104,104
配線材料,光ファイバ層形ＬＡＰシース,０．５ｄＢ ４Ｃ,m,奈良,09,400,464,64,16.0,70dad748b8d130cd,479bd8a70d1ae7b3,104,104
配線材料,光ファイバ層形ＬＡＰシース,０．５ｄＢ ８Ｃ,m,奈良,09,490,568,78,15.92,b8d196cd3644e681,730a605f6c59f60e,104,104
配線材料,光ファイバ層形ＬＡＰシース,０．５ｄＢ １２Ｃ,m,奈良,09,580,672,92,15.86,a0c297804efc6b48,3371234d6db34699,104,104
配線材料,光ケーブル（４芯ＳＺ・ＳＳＦ型）,ＳＭ １．３１μｍ １００Ｃ,m,和歌山,10,1350,1530,180,13.33,9497902aa464611b,a91bbb68af82c859,104,104
配線材料,光ケーブル（４芯ＳＺ・ＳＳＦ型）,ＳＭ １．３１μｍ １２０Ｃ,m,和歌山,10,1680,1900,220,13.1,44d66e146e95f115,a097c938f6fdd26d,104,104
配線材料,光ケーブル（４芯ＳＺ・ＳＳＦ型）,ＳＭ １．３１μｍ １２８Ｃ,m,和歌山,10,1730,1960,230,13.29,72b8d1269abe2559,1987c8524dea2913,104,104
配線材料,光ケーブル（４芯ＳＺ・ＳＳＦ型）,ＳＭ １．３１μｍ １４０Ｃ,m,和歌山,10,1810,2050,240,13.26,d587e231e24ce065,fab0691e431201df,104,104
配線材料,光ケーブル（４芯ＳＺ・ＳＳＦ型）,ＳＭ １．３１μｍ １６０Ｃ,m,和歌山,10,1940,2200,260,13.4,b21c60f5144f7f1c,3b305d6132b9b4cf,104,104
配線材料,光ケーブル（４芯ＳＺ・ＳＳＦ型）,ＳＭ １．３１μｍ １８０Ｃ,m,和歌山,10,2070,2350,280,13.53,67cd3a260a642b82,bd4a55565c62324c,104,104
配線材料,光ケーブル（４芯ＳＺ・ＳＳＦ型）,ＳＭ １．３１μｍ ２００Ｃ,m,和歌山,10,2200,2500,300,13.64,90cb92dd0f15527f,a7fd51f431bac37f,104,104
配線材料,光ケーブル（４芯ＳＺ難燃型）,ＳＭ １．３１μｍ ６０Ｃ,m,和歌山,10,924,1040,116,12.55,74bc7d297aac0e16,3711885eb31a944f,104,104
配線材料,光ケーブル（４芯ＳＺ難燃型）,ＳＭ １．３１μｍ ８０Ｃ,m,和歌山,10,1080,1230,150,13.89,3ae64af78e39158e,16fada0f05d43241,104,104
配線材料,光ケーブル（４芯ＳＺ難燃型）,ＳＭ １．３１μｍ １００Ｃ,m,和歌山,10,1210,1380,170,14.05,f8b0e0d4c2ac3235,4c6b5fc5492c8f3f,104,104
配線材料,光ケーブル（４芯ＳＺ難燃型）,ＳＭ １．３１μｍ １２０Ｃ,m,和歌山,10,1560,1770,210,13.46,d5071fec8ad78c25,a98e04b0067d81d4,104,104
配線材料,光ケーブル（４芯ＳＺ難燃型）,ＳＭ １．３１μｍ １２８Ｃ,m,和歌山,10,1620,1830,210,12.96,f2ec5570be6166bd,0017c090970384cf,104,104
配線材料,光ケーブル（４芯ＳＺ難燃型）,ＳＭ １．３１μｍ １４０Ｃ,m,和歌山,10,1700,1920,220,12.94,44ca2346dbb33a55,522711955398af2a,104,104
配線材料,光ケーブル（４芯ＳＺ難燃型）,ＳＭ １．３１μｍ １６０Ｃ,m,和歌山,10,1830,2070,240,13.11,d609e6f3272b7ccf,1a56619f0aa8d0f4,104,104
配線材料,光ケーブル（４芯ＳＺ難燃型）,ＳＭ １．３１μｍ １８０Ｃ,m,和歌山,10,1960,2220,260,13.27,47c88d2c8fae90c2,8b4d488f58985130,104,104
配線材料,光ケーブル（４芯ＳＺ難燃型）,ＳＭ １．３１μｍ ２００Ｃ,m,和歌山,10,2090,2370,280,13.4,66b371d54441b184,02a6504396793ca2,104,104
配線材料,光ケーブル（４芯コルゲート）,ＳＭ １．３１μｍ ２０Ｃ,m,和歌山,10,1740,1940,200,11.49,51077e945b72b33e,45aa0861421a9591,104,104
配線材料,光ケーブル（４芯コルゲート）,ＳＭ １．３１μｍ ４０Ｃ,m,和歌山,10,2000,2230,230,11.5,7ea4cff5cb3b043e,320af01fb9da4bee,104,104
配線材料,光ケーブル（４芯コルゲート）,ＳＭ １．３１μｍ ６０Ｃ,m,和歌山,10,2150,2400,250,11.63,6a6e4e87dbf96fad,bcf6e620087f0628,104,104
配線材料,光ケーブル（４芯コルゲート）,ＳＭ １．３１μｍ ８０Ｃ,m,和歌山,10,2340,2610,270,11.54,22dd0ad15e9d03ce,fa1adb3c63e51b58,104,104
配線材料,光ケーブル（４芯コルゲート）,ＳＭ １．３１μｍ １００Ｃ,m,和歌山,10,2490,2780,290,11.65,0509c492c8ec780d,9eb27770d5a8fb3c,104,104
配線材料,光ファイバ層形ＬＡＰシース,０．５ｄＢ ２Ｃ,m,和歌山,10,355,411,56,15.77,2136d18d9d385b0f,3dc6aad82f8ef113,104,104
配線材料,光ファイバ層形ＬＡＰシース,０．５ｄＢ ４Ｃ,m,和歌山,10,400,464,64,16.0,f1d8346e49e63c44,e647e3fe334908f2,104,104
配線材料,光ファイバ層形ＬＡＰシース,０．５ｄＢ ８Ｃ,m,和歌山,10,490,568,78,15.92,c82731bcdfbc2a5a,401f80d9a4b95b4e,104,104
配線材料,光ファイバ層形ＬＡＰシース,０．５ｄＢ １２Ｃ,m,和歌山,10,580,672,92,15.86,db3dbce40b0ee56d,aa26dc78e1c6ee52,104,104
配線材料,光ケーブル（４芯ＳＺ・ＳＳＦ型）,ＳＭ １．３１μｍ １００Ｃ,m,岐阜,11,1350,1530,180,13.33,6c70bd97c6d11db1,c8b9e1a7f0c95e92,104,104
配線材料,光ケーブル（４芯ＳＺ・ＳＳＦ型）,ＳＭ １．３１μｍ １２０Ｃ,m,岐阜,11,1680,1900,220,13.1,c02023d41f8fb6aa,9de677ef9d80d8e7,104,104
配線材料,光ケーブル（４芯ＳＺ・ＳＳＦ型）,ＳＭ １．３１μｍ １２８Ｃ,m,岐阜,11,1730,1960,230,13.29,380c020b21170b04,2852940b950e121f,104,104
配線材料,光ケーブル（４芯ＳＺ・ＳＳＦ型）,ＳＭ １．３１μｍ １４０Ｃ,m,岐阜,11,1810,2050,240,13.26,42534a36263628c5,a0128122c003bd67,104,104
配線材料,光ケーブル（４芯ＳＺ・ＳＳＦ型）,ＳＭ １．３１μｍ １６０Ｃ,m,岐阜,11,1940,2200,260,13.4,33f35a0f7acb73be,2ec5cf639483b43a,104,104
配線材料,光ケーブル（４芯ＳＺ・ＳＳＦ型）,ＳＭ １．３１μｍ １８０Ｃ,m,岐阜,11,2070,2350,280,13.53,6abe3a80d8a54cba,40496019dc9fdbed,104,104
配線材料,光ケーブル（４芯ＳＺ・ＳＳＦ型）,ＳＭ １．３１μｍ ２００Ｃ,m,岐阜,11,2200,2500,300,13.64,c9e6bc601c6263c6,34e9b26605d45427,104,104
配線材料,光ケーブル（４芯ＳＺ難燃型）,ＳＭ １．３１μｍ ６０Ｃ,m,岐阜,11,924,1040,116,12.55,adb8ea402b49c703,f30ddeb2586fd6b5,104,104
配線材料,光ケーブル（４芯ＳＺ難燃型）,ＳＭ １．３１μｍ ８０Ｃ,m,岐阜,11,1080,1230,150,13.89,dc7d835ded418473,1312fc0fb4355c2e,104,104
配線材料,光ケーブル（４芯ＳＺ難燃型）,ＳＭ １．３１μｍ １００Ｃ,m,岐阜,11,1210,1380,170,14.05,7277ee7809a0d5af,580261690ae41130,104,104
配線材料,光ケーブル（４芯ＳＺ難燃型）,ＳＭ １．３１μｍ １２０Ｃ,m,岐阜,11,1560,1770,210,13.46,5702f1864e655728,54a6112d1c5588de,104,104
配線材料,光ケーブル（４芯ＳＺ難燃型）,ＳＭ １．３１μｍ １２８Ｃ,m,岐阜,11,1620,1830,210,12.96,63703c040a2e09c7,fe83787b461c8df1,104,104
配線材料,光ケーブル（４芯ＳＺ難燃型）,ＳＭ １．３１μｍ １４０Ｃ,m,岐阜,11,1700,1920,220,12.94,de795abb08da85d3,46e67ae519286cb9,104,104
配線材料,光ケーブル（４芯ＳＺ難燃型）,ＳＭ １．３１μｍ １６０Ｃ,m,岐阜,11,1830,2070,240,13.11,2e2dca638e67f39a,d3d491b41e4a6001,104,104
配線材料,光ケーブル（４芯ＳＺ難燃型）,ＳＭ １．３１μｍ １８０Ｃ,m,岐阜,11,1960,2220,260,13.27,6dc2b1ae3b733e04,87a366b2ddf78f73,104,104
配線材料,光ケーブル（４芯ＳＺ難燃型）,ＳＭ １．３１μｍ ２００Ｃ,m,岐阜,11,2090,2370,280,13.4,8f838292734a259b,4d6dcc3c41244bb6,104,104
配線材料,光ケーブル（４芯コルゲート）,ＳＭ １．３１μｍ ２０Ｃ,m,岐阜,11,1740,1940,200,11.49,adb162702e3b7355,a557239e334544ce,104,104
配線材料,光ケーブル（４芯コルゲート）,ＳＭ １．３１μｍ ４０Ｃ,m,岐阜,11,2000,2230,230,11.5,a27fa17447d4c9f4,558c120eaff98ee7,104,104
配線材料,光ケーブル（４芯コルゲート）,ＳＭ １．３１μｍ ６０Ｃ,m,岐阜,11,2150,2400,250,11.63,681eeca4ee00865f,cd13ba5c9605dede,104,104
配線材料,光ケーブル（４芯コルゲート）,ＳＭ １．３１μｍ ８０Ｃ,m,岐阜,11,2340,2610,270,11.54,b4523b955e4dc6a9,2c88d23d4da07501,104,104
配線材料,光ケーブル（４芯コルゲート）,ＳＭ １．３１μｍ １００Ｃ,m,岐阜,11,2490,2780,290,11.65,e8e5a170aa0dace6,79515545e8de25ba,104,104
配線材料,光ファイバ層形ＬＡＰシース,０．５ｄＢ ２Ｃ,m,岐阜,11,355,411,56,15.77,d508438f49f31a11,50aef3af071451d6,104,104
配線材料,光ファイバ層形ＬＡＰシース,０．５ｄＢ ４Ｃ,m,岐阜,11,400,464,64,16.0,69218fd0c6ea2d34,7d076876af06c131,104,104
配線材料,光ファイバ層形ＬＡＰシース,０．５ｄＢ ８Ｃ,m,岐阜,11,490,568,78,15.92,bc8b6c74ed4dacdd,f1bd771cd311dec4,104,104
配線材料,光ファイバ層形ＬＡＰシース,０．５ｄＢ １２Ｃ,m,岐阜,11,580,672,92,15.86,6f53377959a5cf91,3dcd487cfe3cf330,104,104
配線材料,光ケーブル（４芯ＳＺ・ＳＳＦ型）,ＳＭ １．３１μｍ １００Ｃ,m,三重,12,1350,1530,180,13.33,51e4aa7e1d63276e,34b3fc7a0ebf3ada,104,104
配線材料,光ケーブル（４芯ＳＺ・ＳＳＦ型）,ＳＭ １．３１μｍ １２０Ｃ,m,三重,12,1680,1900,220,13.1,0d12960b07a0e8ce,6a04c5356fa70d4d,104,104
配線材料,光ケーブル（４芯ＳＺ・ＳＳＦ型）,ＳＭ １．３１μｍ １２８Ｃ,m,三重,12,1730,1960,230,13.29,b2b961196db21028,e772b07787727e33,104,104
配線材料,光ケーブル（４芯ＳＺ・ＳＳＦ型）,ＳＭ １．３１μｍ １４０Ｃ,m,三重,12,1810,2050,240,13.26,d4e2aab354e62a89,5fab0bd35bcba0b6,104,104
配線材料,光ケーブル（４芯ＳＺ・ＳＳＦ型）,ＳＭ １．３１μｍ １６０Ｃ,m,三重,12,1940,2200,260,13.4,6694626c5cb251c6,ba22f260c0909d5b,104,104
配線材料,光ケーブル（４芯ＳＺ・ＳＳＦ型）,ＳＭ １．３１μｍ １８０Ｃ,m,三重,12,2070,2350,280,13.53,f4874ca8a4d0a246,58f20d8f45494427,104,104
配線材料,光ケーブル（４芯ＳＺ・ＳＳＦ型）,ＳＭ １．３１μｍ ２００Ｃ,m,三重,12,2200,2500,300,13.64,0149026d80637abd,960a018fe6ef76a3,104,104
配線材料,光ケーブル（４芯ＳＺ難燃型）,ＳＭ １．３１μｍ ６０Ｃ,m,三重,12,924,1040,116,12.55,0995754359c0c2e1,5eb7413b8939a90d,104,104
配線材料,光ケーブル（４芯ＳＺ難燃型）,ＳＭ １．３１μｍ ８０Ｃ,m,三重,12,1080,1230,150,13.89,dd8823555d247e7c,f5582c18842cd1f6,104,104
配線材料,光ケーブル（４芯ＳＺ難燃型）,ＳＭ １．３１μｍ １００Ｃ,m,三重,12,1210,1380,170,14.05,d2f12a225d9e74b5,18b825c0e3b349d9,104,104
配線材料,光ケーブル（４芯ＳＺ難燃型）,ＳＭ １．３１μｍ １２０Ｃ,m,三重,12,1560,1770,210,13.46,17ea4a335cb0e9c7,ae31c9a4f1d64338,104,104
配線材料,光ケーブル（４芯ＳＺ難燃型）,ＳＭ １．３１μｍ １２８Ｃ,m,三重,12,1620,1830,210,12.96,3b4d2dde82ac1a93,753bd1135bf2b87d,104,104
配線材料,光ケーブル（４芯ＳＺ難燃型）,ＳＭ １．３１μｍ １４０Ｃ,m,三重,12,1700,1920,220,12.94,4f8279e0465cdac6,0c8703141a03d3f7,104,104
配線材料,光ケーブル（４芯ＳＺ難燃型）,ＳＭ １．３１μｍ １６０Ｃ,m,三重,12,1830,2070,240,13.11,6a87885eb19514d2,3dea0d1bc4c248ff,104,104
配線材料,光ケーブル（４芯ＳＺ難燃型）,ＳＭ １．３１μｍ １８０Ｃ,m,三重,12,1960,2220,260,13.27,ee53c5ba181c0fd0,add5679297e97854,104,104
配線材料,光ケーブル（４芯ＳＺ難燃型）,ＳＭ １．３１μｍ ２００Ｃ,m,三重,12,2090,2370,280,13.4,758cd32579e54474,91b904461dcc7fba,104,104
配線材料,光ケーブル（４芯コルゲート）,ＳＭ １．３１μｍ ２０Ｃ,m,三重,12,1740,1940,200,11.49,1bba9c1ac21b7cd2,4c6657f7261cb0fc,104,104
配線材料,光ケーブル（４芯コルゲート）,ＳＭ １．３１μｍ ４０Ｃ,m,三重,12,2000,2230,230,11.5,f730ebe0c5c5a8d1,a1eedd4986d8b4d8,104,104
配線材料,光ケーブル（４芯コルゲート）,ＳＭ １．３１μｍ ６０Ｃ,m,三重,12,2150,2400,250,11.63,43679fbf33de3460,f20b3c7facb7a1ff,104,104
配線材料,光ケーブル（４芯コルゲート）,ＳＭ １．３１μｍ ８０Ｃ,m,三重,12,2340,2610,270,11.54,72aeb6f07b543bed,0c690d3ce18e0c31,104,104
配線材料,光ケーブル（４芯コルゲート）,ＳＭ １．３１μｍ １００Ｃ,m,三重,12,2490,2780,290,11.65,069c89901d63d386,94abb12a9a62897c,104,104
配線材料,光ファイバ層形ＬＡＰシース,０．５ｄＢ ２Ｃ,m,三重,12,355,411,56,15.77,b1cdc6c881c55e09,6a981bba82e12c09,104,104
配線材料,光ファイバ層形ＬＡＰシース,０．５ｄＢ ４Ｃ,m,三重,12,400,464,64,16.0,b693ac4407a2d543,0d07ad53ba8ef939,104,104
配線材料,光ファイバ層形ＬＡＰシース,０．５ｄＢ ８Ｃ,m,三重,12,490,568,78,15.92,5e1197710691b3d2,252a6a3f00cf4250,104,104
配線材料,光ファイバ層形ＬＡＰシース,０．５ｄＢ １２Ｃ,m,三重,12,580,672,92,15.86,22c559fa2c97ef24,230964bd98f3f386,104,104
配線材料,光ファイバ層形ＬＡＰシースＳＳＦ,０．５ｄＢ ２Ｃ,m,福井,01,499,554,55,11.02,133fb00683c88ec6,61c313f62c14a04f,105,105
配線材料,光ファイバ層形ＬＡＰシースＳＳＦ,０．５ｄＢ ４Ｃ,m,福井,01,567,633,66,11.64,86afd2d83c708301,4fb3fd6289d22b31,105,105
配線材料,光ファイバ層形ＬＡＰシースＳＳＦ,０．５ｄＢ ８Ｃ,m,福井,01,693,781,88,12.7,ec802f1d292dde8c,eeea0964e3739f68,105,105
配線材料,光ファイバ層形ＬＡＰシースＳＳＦ,０．５ｄＢ １２Ｃ,m,福井,01,826,936,110,13.32,e86263e35940ce5e,5c7dee93254d0d9a,105,105
配線材料,光ケーブル（スペーサ型）,ＳＭ １．３１μｍ ２Ｃ,m,福井,01,388,436,48,12.37,acbeef745dd7eac3,66c065c2a0919ffa,105,105
配線材料,光ケーブル（スペーサ型）,ＳＭ １．３１μｍ ４Ｃ,m,福井,01,479,538,59,12.32,c602a51ed98fec4d,be5bce9881155e4b,105,105
配線材料,光ケーブル（スペーサ型）,ＳＭ １．３１μｍ ６Ｃ,m,福井,01,570,640,70,12.28,d8c281124e8cb3c6,ccb7618aceda5e05,105,105
配線材料,光ケーブル（スペーサ型）,ＳＭ １．３１μｍ ８Ｃ,m,福井,01,662,743,81,12.24,3fd35ead4b816a76,a5433332a2a4b7e2,105,105
配線材料,光ファイバ層形ＬＡＰシースＳＳＦ,０．５ｄＢ ２Ｃ,m,滋賀,02,499,554,55,11.02,b530be5a3fb06a2a,8bc7dda267179ae0,105,105
配線材料,光ファイバ層形ＬＡＰシースＳＳＦ,０．５ｄＢ ４Ｃ,m,滋賀,02,567,633,66,11.64,dad07ea8c3a13e36,9bd07873b496cf58,105,105
配線材料,光ファイバ層形ＬＡＰシースＳＳＦ,０．５ｄＢ ８Ｃ,m,滋賀,02,693,781,88,12.7,8462c5d11757fc90,d86fd20deb260783,105,105
配線材料,光ファイバ層形ＬＡＰシースＳＳＦ,０．５ｄＢ １２Ｃ,m,滋賀,02,826,936,110,13.32,1de958143a6c37e7,7e4e7056925fad64,105,105
配線材料,光ケーブル（スペーサ型）,ＳＭ １．３１μｍ ２Ｃ,m,滋賀,02,388,436,48,12.37,50c27e7f0ff9e5ec,a97cbbb2c727f49e,105,105
配線材料,光ケーブル（スペーサ型）,ＳＭ １．３１μｍ ４Ｃ,m,滋賀,02,479,538,59,12.32,8c93a0c54317e919,d85010d63cb99944,105,105
配線材料,光ケーブル（スペーサ型）,ＳＭ １．３１μｍ ６Ｃ,m,滋賀,02,570,640,70,12.28,efaa106661668542,3002b132619fc0c5,105,105
配線材料,光ケーブル（スペーサ型）,ＳＭ １．３１μｍ ８Ｃ,m,滋賀,02,662,743,81,12.24,b4daa83b071400c6,78dc4934d3c40000,105,105
配線材料,光ファイバ層形ＬＡＰシースＳＳＦ,０．５ｄＢ ２Ｃ,m,京都北部,03,499,554,55,11.02,4b44eb414f06b264,6c68d43dccd81913,105,105
配線材料,光ファイバ層形ＬＡＰシースＳＳＦ,０．５ｄＢ ４Ｃ,m,京都北部,03,567,633,66,11.64,9a8c4370f54dbe72,01d032fe0f7af0b7,105,105
配線材料,光ファイバ層形ＬＡＰシースＳＳＦ,０．５ｄＢ ８Ｃ,m,京都北部,03,693,781,88,12.7,ad8a15e9121f8ee6,82d2f33bf54d9f11,105,105
配線材料,光ファイバ層形ＬＡＰシースＳＳＦ,０．５ｄＢ １２Ｃ,m,京都北部,03,826,936,110,13.32,9c48c04f3e04df03,fa0ebdaca82106af,105,105
配線材料,光ケーブル（スペーサ型）,ＳＭ １．３１μｍ ２Ｃ,m,京都北部,03,388,436,48,12.37,65caf474376d7129,e8a29f740455cca6,105,105
配線材料,光ケーブル（スペーサ型）,ＳＭ １．３１μｍ ４Ｃ,m,京都北部,03,479,538,59,12.32,33c75be8762e36fc,486690e309171b9a,105,105
配線材料,光ケーブル（スペーサ型）,ＳＭ １．３１μｍ ６Ｃ,m,京都北部,03,570,640,70,12.28,5ae61c72ba35c141,0bfc445ddbcb0b54,105,105
配線材料,光ケーブル（スペーサ型）,ＳＭ １．３１μｍ ８Ｃ,m,京都北部,03,662,743,81,12.24,69c75a45467845ac,7b20f6ca2d3f825f,105,105
配線材料,光ファイバ層形ＬＡＰシースＳＳＦ,０．５ｄＢ ２Ｃ,m,京都南部,04,499,554,55,11.02,d4e2f58a9f26c39b,0a5b79f6ada231a2,105,105
配線材料,光ファイバ層形ＬＡＰシースＳＳＦ,０．５ｄＢ ４Ｃ,m,京都南部,04,567,633,66,11.64,f93d4d4a7bbc2d93,121a32048c3d3406,105,105
配線材料,光ファイバ層形ＬＡＰシースＳＳＦ,０．５ｄＢ ８Ｃ,m,京都南部,04,693,781,88,12.7,9124db1c0d9c1f5b,4f783b0ea8556909,105,105
配線材料,光ファイバ層形ＬＡＰシースＳＳＦ,０．５ｄＢ １２Ｃ,m,京都南部,04,826,936,110,13.32,dd00188622b137a5,38b9bde2b545dae2,105,105
配線材料,光ケーブル（スペーサ型）,ＳＭ １．３１μｍ ２Ｃ,m,京都南部,04,388,436,48,12.37,f8d67a12a40dcaa7,e9b4e970e208d14c,105,105
配線材料,光ケーブル（スペーサ型）,ＳＭ １．３１μｍ ４Ｃ,m,京都南部,04,479,538,59,12.32,cdd4593a04af07aa,738b7eca3db5e6f7,105,105
配線材料,光ケーブル（スペーサ型）,ＳＭ １．３１μｍ ６Ｃ,m,京都南部,04,570,640,70,12.28,435050a38d0e6c98,fd7380c633a5382c,105,105
配線材料,光ケーブル（スペーサ型）,ＳＭ １．３１μｍ ８Ｃ,m,京都南部,04,662,743,81,12.24,347173d84fc7f453,a291c7bfd185b81d,105,105
配線材料,光ファイバ層形ＬＡＰシースＳＳＦ,０．５ｄＢ ２Ｃ,m,大阪,05,499,554,55,11.02,5976576fe93d7534,83a22d964c37e60b,105,105
配線材料,光ファイバ層形ＬＡＰシースＳＳＦ,０．５ｄＢ ４Ｃ,m,大阪,05,567,633,66,11.64,5c6d30e658f9d6d0,ac319bcb7a484864,105,105
配線材料,光ファイバ層形ＬＡＰシースＳＳＦ,０．５ｄＢ ８Ｃ,m,大阪,05,693,781,88,12.7,f2b6ed2590ede60b,42ff04da472048d3,105,105
配線材料,光ファイバ層形ＬＡＰシースＳＳＦ,０．５ｄＢ １２Ｃ,m,大阪,05,826,936,110,13.32,8d5c14b7c37ba200,576dff0cee8c273a,105,105
配線材料,光ケーブル（スペーサ型）,ＳＭ １．３１μｍ ２Ｃ,m,大阪,05,388,436,48,12.37,e006b719dad2058c,cb82e77bcc9574f4,105,105
配線材料,光ケーブル（スペーサ型）,ＳＭ １．３１μｍ ４Ｃ,m,大阪,05,479,538,59,12.32,cdb90fd40ca617b2,96ea2f914f3805a0,105,105
配線材料,光ケーブル（スペーサ型）,ＳＭ １．３１μｍ ６Ｃ,m,大阪,05,570,640,70,12.28,d62259abaa84e581,a6144ffa7c1b8e58,105,105
配線材料,光ケーブル（スペーサ型）,ＳＭ １．３１μｍ ８Ｃ,m,大阪,05,662,743,81,12.24,6db1e467a0936247,9128f760af764ba0,105,105
配線材料,光ファイバ層形ＬＡＰシースＳＳＦ,０．５ｄＢ ２Ｃ,m,兵庫北部,06,499,554,55,11.02,da0e32a58fad1684,322cc419a207e72b,105,105
配線材料,光ファイバ層形ＬＡＰシースＳＳＦ,０．５ｄＢ ４Ｃ,m,兵庫北部,06,567,633,66,11.64,1215f769afc68fda,2cc136eefdcd1c08,105,105
配線材料,光ファイバ層形ＬＡＰシースＳＳＦ,０．５ｄＢ ８Ｃ,m,兵庫北部,06,693,781,88,12.7,5620b1989edc04a2,a10be559a4831509,105,105
配線材料,光ファイバ層形ＬＡＰシースＳＳＦ,０．５ｄＢ １２Ｃ,m,兵庫北部,06,826,936,110,13.32,fde9109f7347068f,ba1ad13ecc03fa6d,105,105
配線材料,光ケーブル（スペーサ型）,ＳＭ １．３１μｍ ２Ｃ,m,兵庫北部,06,388,436,48,12.37,7391356f9def27ca,c7d3d108c09741bd,105,105
配線材料,光ケーブル（スペーサ型）,ＳＭ １．３１μｍ ４Ｃ,m,兵庫北部,06,479,538,59,12.32,3afd32398c6aa44b,3c8f9ffeae14a6a4,105,105
配線材料,光ケーブル（スペーサ型）,ＳＭ １．３１μｍ ６Ｃ,m,兵庫北部,06,570,640,70,12.28,d9ffdb39fcc2ee94,d566658e759725c5,105,105
配線材料,光ケーブル（スペーサ型）,ＳＭ １．３１μｍ ８Ｃ,m,兵庫北部,06,662,743,81,12.24,bfaae11027101d97,116d669f5b4503fd,105,105
配線材料,光ファイバ層形ＬＡＰシースＳＳＦ,０．５ｄＢ ２Ｃ,m,兵庫西部,07,499,554,55,11.02,9a011079a635f4fa,ca00ff8a1677fbc5,105,105
配線材料,光ファイバ層形ＬＡＰシースＳＳＦ,０．５ｄＢ ４Ｃ,m,兵庫西部,07,567,633,66,11.64,760cab383a279d60,13326c6b99f7ba95,105,105
配線材料,光ファイバ層形ＬＡＰシースＳＳＦ,０．５ｄＢ ８Ｃ,m,兵庫西部,07,693,781,88,12.7,957c9a064ef562c5,0aed1486b6e1a8d2,105,105
配線材料,光ファイバ層形ＬＡＰシースＳＳＦ,０．５ｄＢ １２Ｃ,m,兵庫西部,07,826,936,110,13.32,9f07ea3159cf7836,25639f8227fb7d99,105,105
配線材料,光ケーブル（スペーサ型）,ＳＭ １．３１μｍ ２Ｃ,m,兵庫西部,07,388,436,48,12.37,f07dbc7259ed6c3b,699c70be505b1b33,105,105
配線材料,光ケーブル（スペーサ型）,ＳＭ １．３１μｍ ４Ｃ,m,兵庫西部,07,479,538,59,12.32,6cc50298be60c666,185acd54ee3acbe8,105,105
配線材料,光ケーブル（スペーサ型）,ＳＭ １．３１μｍ ６Ｃ,m,兵庫西部,07,570,640,70,12.28,80728e53bbb696cc,5c4777a2c26b81cc,105,105
配線材料,光ケーブル（スペーサ型）,ＳＭ １．３１μｍ ８Ｃ,m,兵庫西部,07,662,743,81,12.24,6370195bf7b4fa16,81dfabe15a736f50,105,105
配線材料,光ファイバ層形ＬＡＰシースＳＳＦ,０．５ｄＢ ２Ｃ,m,兵庫,08,499,554,55,11.02,3b197f65f14132e3,844efa621daf75c3,105,105
配線材料,光ファイバ層形ＬＡＰシースＳＳＦ,０．５ｄＢ ４Ｃ,m,兵庫,08,567,633,66,11.64,9124e5e62ad0efe9,c9b64905cb8eeffb,105,105
配線材料,光ファイバ層形ＬＡＰシースＳＳＦ,０．５ｄＢ ８Ｃ,m,兵庫,08,693,781,88,12.7,09ab84832aa1db4f,57e00dc6e856c624,105,105
配線材料,光ファイバ層形ＬＡＰシースＳＳＦ,０．５ｄＢ １２Ｃ,m,兵庫,08,826,936,110,13.32,378c2714bdb9abe8,be1a6f81f1064b05,105,105
配線材料,光ケーブル（スペーサ型）,ＳＭ １．３１μｍ ２Ｃ,m,兵庫,08,388,436,48,12.37,fec946451881e3f2,d7ec69207698950f,105,105
配線材料,光ケーブル（スペーサ型）,ＳＭ １．３１μｍ ４Ｃ,m,兵庫,08,479,538,59,12.32,91712f1a754135b3,99ddbdc5847b6dd5,105,105
配線材料,光ケーブル（スペーサ型）,ＳＭ １．３１μｍ ６Ｃ,m,兵庫,08,570,640,70,12.28,c402e4ba7b541f75,946e7a85dab02511,105,105
配線材料,光ケーブル（スペーサ型）,ＳＭ １．３１μｍ ８Ｃ,m,兵庫,08,662,743,81,12.24,99eec071a29b7f0e,e8f0fe2c51c229e8,105,105
配線材料,光ファイバ層形ＬＡＰシースＳＳＦ,０．５ｄＢ ２Ｃ,m,奈良,09,499,554,55,11.02,62c1bab00356f60e,32800a27c967de22,105,105
配線材料,光ファイバ層形ＬＡＰシースＳＳＦ,０．５ｄＢ ４Ｃ,m,奈良,09,567,633,66,11.64,59525540234a52c5,5af46aebd59b7d1f,105,105
配線材料,光ファイバ層形ＬＡＰシースＳＳＦ,０．５ｄＢ ８Ｃ,m,奈良,09,693,781,88,12.7,2260b298572d779b,0ba523d14d682c9e,105,105
配線材料,光ファイバ層形ＬＡＰシースＳＳＦ,０．５ｄＢ １２Ｃ,m,奈良,09,826,936,110,13.32,7e17394dcff8652b,22d1c39ba657365e,105,105
配線材料,光ケーブル（スペーサ型）,ＳＭ １．３１μｍ ２Ｃ,m,奈良,09,388,436,48,12.37,9ab2ecbbae0e5514,fa8f37aa3e550dc5,105,105
配線材料,光ケーブル（スペーサ型）,ＳＭ １．３１μｍ ４Ｃ,m,奈良,09,479,538,59,12.32,3f206c8b4075e2e5,7a6ef3e82ed584f3,105,105
配線材料,光ケーブル（スペーサ型）,ＳＭ １．３１μｍ ６Ｃ,m,奈良,09,570,640,70,12.28,106ffc860179fda7,776494c3aaf4784e,105,105
配線材料,光ケーブル（スペーサ型）,ＳＭ １．３１μｍ ８Ｃ,m,奈良,09,662,743,81,12.24,8a4e3c53a9c63813,20af26e34622592d,105,105
配線材料,光ファイバ層形ＬＡＰシースＳＳＦ,０．５ｄＢ ２Ｃ,m,和歌山,10,499,554,55,11.02,ae97377f699c2867,a7e82683247afa6d,105,105
配線材料,光ファイバ層形ＬＡＰシースＳＳＦ,０．５ｄＢ ４Ｃ,m,和歌山,10,567,633,66,11.64,095766197f917f72,362f23686c78f911,105,105
配線材料,光ファイバ層形ＬＡＰシースＳＳＦ,０．５ｄＢ ８Ｃ,m,和歌山,10,693,781,88,12.7,7d91581f39e4f3ee,cf5b6c9349a90033,105,105
配線材料,光ファイバ層形ＬＡＰシースＳＳＦ,０．５ｄＢ １２Ｃ,m,和歌山,10,826,936,110,13.32,35ccd363382aee56,8941eb0ee89aa532,105,105
配線材料,光ケーブル（スペーサ型）,ＳＭ １．３１μｍ ２Ｃ,m,和歌山,10,388,436,48,12.37,6d28588f70187ad5,0d99562a4870fcfa,105,105
配線材料,光ケーブル（スペーサ型）,ＳＭ １．３１μｍ ４Ｃ,m,和歌山,10,479,538,59,12.32,9ec755e468f9acc9,d54194fb94cbec47,105,105
配線材料,光ケーブル（スペーサ型）,ＳＭ １．３１μｍ ６Ｃ,m,和歌山,10,570,640,70,12.28,e8aebebaf6ec6d45,f471a4e08fc47561,105,105
配線材料,光ケーブル（スペーサ型）,ＳＭ １．３１μｍ ８Ｃ,m,和歌山,10,662,743,81,12.24,def924a97f1c2435,f65d44b43935c7f4,105,105
配線材料,光ファイバ層形ＬＡＰシースＳＳＦ,０．５ｄＢ ２Ｃ,m,岐阜,11,499,554,55,11.02,7262b93496fa4f18,74e3adf840aa9bd1,105,105
配線材料,光ファイバ層形ＬＡＰシースＳＳＦ,０．５ｄＢ ４Ｃ,m,岐阜,11,567,633,66,11.64,7e88cc1732ef61fc,cc305eaca3464b42,105,105
配線材料,光ファイバ層形ＬＡＰシースＳＳＦ,０．５ｄＢ ８Ｃ,m,岐阜,11,693,781,88,12.7,d18c11482e6ff1b3,4b89714a3fb999ee,105,105
配線材料,光ファイバ層形ＬＡＰシースＳＳＦ,０．５ｄＢ １２Ｃ,m,岐阜,11,826,936,110,13.32,ee26b73d8d50d6b7,d91ef2fc338341e8,105,105
配線材料,光ケーブル（スペーサ型）,ＳＭ １．３１μｍ ２Ｃ,m,岐阜,11,388,436,48,12.37,69cf2d0cc635e380,c3f4ff4c0c160c5f,105,105
配線材料,光ケーブル（スペーサ型）,ＳＭ １．３１μｍ ４Ｃ,m,岐阜,11,479,538,59,12.32,ca418ff9e469ad32,cb3022f6c805cd4b,105,105
配線材料,光ケーブル（スペーサ型）,ＳＭ １．３１μｍ ６Ｃ,m,岐阜,11,570,640,70,12.28,e12b928c7fa74a1d,e14a0a0720ecf46f,105,105
配線材料,光ケーブル（スペーサ型）,ＳＭ １．３１μｍ ８Ｃ,m,岐阜,11,662,743,81,12.24,397a532893abe8fb,8ac7796845066705,105,105
配線材料,光ファイバ層形ＬＡＰシースＳＳＦ,０．５ｄＢ ２Ｃ,m,三重,12,499,554,55,11.02,967fd410ba7df45e,032ead3bcd0fe551,105,105
配線材料,光ファイバ層形ＬＡＰシースＳＳＦ,０．５ｄＢ ４Ｃ,m,三重,12,567,633,66,11.64,da7bbaca21f894ee,0bf3d7fa750e5d0f,105,105
配線材料,光ファイバ層形ＬＡＰシースＳＳＦ,０．５ｄＢ ８Ｃ,m,三重,12,693,781,88,12.7,ccc48c5216402b96,67a422fb0b0bb6ed,105,105
配線材料,光ファイバ層形ＬＡＰシースＳＳＦ,０．５ｄＢ １２Ｃ,m,三重,12,826,936,110,13.32,90446db9433e75ae,785635676d00827d,105,105
配線材料,光ケーブル（スペーサ型）,ＳＭ １．３１μｍ ２Ｃ,m,三重,12,388,436,48,12.37,b5d49009fc3cb629,621857c9b59a78ef,105,105
配線材料,光ケーブル（スペーサ型）,ＳＭ １．３１μｍ ４Ｃ,m,三重,12,479,538,59,12.32,95b7224fd80fbca7,563130ba6b912bec,105,105
配線材料,光ケーブル（スペーサ型）,ＳＭ １．３１μｍ ６Ｃ,m,三重,12,570,640,70,12.28,7125982ee77e327a,773b9bdbae8b1ce4,105,105
配線材料,光ケーブル（スペーサ型）,ＳＭ １．３１μｍ ８Ｃ,m,三重,12,662,743,81,12.24,4f2afd542d3787e9,b0dc2d810d5d99e9,105,105
配線材料,光成端箱,コネクタ １２Ｃ以下,個,福井,01,58500,60800,2300,3.93,5360faa7619aec83,413cec5f967aeea9,111,111
配線材料,光成端箱,コネクタ ２４Ｃ以下,個,福井,01,120000,125000,5000,4.17,878a2532ee43c2bf,3f355576a4abd279,111,111
配線材料,光成端箱,コネクタ ４８Ｃ以下,個,福井,01,136000,141000,5000,3.68,95c214e43685845e,5039451739060d2b,111,111
配線材料,光成端箱,融着（壁掛） ４０Ｃ以下,個,福井,01,134000,140000,6000,4.48,50a1f9d14b42886b,cda202da5817e7d5,111,111
配線材料,光成端箱,融着（壁掛） ６０Ｃ以下,個,福井,01,134000,140000,6000,4.48,3224d36558481ea5,1575e8e6dc400074,111,111
配線材料,光成端箱,融着（壁掛） ８０Ｃ以下,個,福井,01,134000,140000,6000,4.48,5f76f61def436c8c,766c05422c788905,111,111
配線材料,光成端箱,融着（壁掛） １００Ｃ以下,個,福井,01,134000,140000,6000,4.48,2d0f6ee9cd858dd9,2dc318d3a019ae1e,111,111
配線材料,光成端箱,融着（壁掛） １２０Ｃ以下,個,福井,01,134000,140000,6000,4.48,68340fc30b2b70a7,c50275de46f8cf9b,111,111
配線材料,光成端箱,融着（壁掛） １４０Ｃ以下,個,福井,01,134000,140000,6000,4.48,1f959019cdb0391b,9d34611f0d07a1e7,111,111
配線材料,光成端箱,融着（自立） ４０Ｃ以下,個,福井,01,260000,271000,11000,4.23,180f6c28bc5b9d83,c773bee4b0432d24,111,111
配線材料,光成端箱,融着（自立） ６０Ｃ以下,個,福井,01,261000,272000,11000,4.21,b93eda4a88d27687,3b9426ccb8b745d6,111,111
配線材料,光成端箱,融着（自立） ８０Ｃ以下,個,福井,01,263000,273000,10000,3.8,44119238943c587f,4027a3828ba7912e,111,111
配線材料,光成端箱,融着（自立） １００Ｃ以下,個,福井,01,265000,275000,10000,3.77,46a2ffc62a7f8162,0720b642ff3f6808,111,111
配線材料,光成端箱,融着（自立） １２０Ｃ以下,個,福井,01,267000,277000,10000,3.75,6c1a68dff935cd89,ed50111e90e979f4,111,111
配線材料,光成端箱,融着（自立） １４０Ｃ以下,個,福井,01,268000,279000,11000,4.1,4f6b1c2550837501,283f54895688acb1,111,111
配線材料,光成端箱,コネクタ １２Ｃ以下,個,滋賀,02,58500,60800,2300,3.93,bc27519b06d09a0f,f10a232b2238fefa,111,111
配線材料,光成端箱,コネクタ ２４Ｃ以下,個,滋賀,02,120000,125000,5000,4.17,bbeeca627390852f,049abe6b77a31ebc,111,111
配線材料,光成端箱,コネクタ ４８Ｃ以下,個,滋賀,02,136000,141000,5000,3.68,be6936532053692a,1efa46e7f33a53fa,111,111
配線材料,光成端箱,融着（壁掛） ４０Ｃ以下,個,滋賀,02,134000,140000,6000,4.48,ca071c55deea1e5c,91d371f4538ca773,111,111
配線材料,光成端箱,融着（壁掛） ６０Ｃ以下,個,滋賀,02,134000,140000,6000,4.48,79495b87f0926fa3,912cb0ab2ebf049f,111,111
配線材料,光成端箱,融着（壁掛） ８０Ｃ以下,個,滋賀,02,134000,140000,6000,4.48,e1a58c5d646d6457,3ddcf08b5f6db266,111,111
配線材料,光成端箱,融着（壁掛） １００Ｃ以下,個,滋賀,02,134000,140000,6000,4.48,314ffb26a6ce17d2,643a6ebd02eb5a0f,111,111
配線材料,光成端箱,融着（壁掛） １２０Ｃ以下,個,滋賀,02,134000,140000,6000,4.48,003e6dafb51da1c0,4b371770153321a3,111,111
配線材料,光成端箱,融着（壁掛） １４０Ｃ以下,個,滋賀,02,134000,140000,6000,4.48,11ddafab3b7d8d59,a557e02878dd6b6c,111,111
配線材料,光成端箱,融着（自立） ４０Ｃ以下,個,滋賀,02,260000,271000,11000,4.23,b8c5e4f7423e60bf,793d159b6a5566ab,111,111
配線材料,光成端箱,融着（自立） ６０Ｃ以下,個,滋賀,02,261000,272000,11000,4.21,a62b9c8e872f7db9,a303b02b4e4f3a4b,111,111
配線材料,光成端箱,融着（自立） ８０Ｃ以下,個,滋賀,02,263000,273000,10000,3.8,624f9c18dd69f017,fb89cdba56f2c48f,111,111
配線材料,光成端箱,融着（自立） １００Ｃ以下,個,滋賀,02,265000,275000,10000,3.77,5eff4bff816bcc58,70a8219c9c78d882,111,111
配線材料,光成端箱,融着（自立） １２０Ｃ以下,個,滋賀,02,267000,277000,10000,3.75,04d1e3ff6f85c7b2,539c797af2f8c88d,111,111
配線材料,光成端箱,融着（自立） １４０Ｃ以下,個,滋賀,02,268000,279000,11000,4.1,b5b9d47782cd79b6,8b71d075f73c9639,111,111
配線材料,光成端箱,コネクタ １２Ｃ以下,個,京都北部,03,58500,60800,2300,3.93,2a98ccf57531e4f7,9af38a0e63fc8a98,111,111
配線材料,光成端箱,コネクタ ２４Ｃ以下,個,京都北部,03,120000,125000,5000,4.17,7682d06af02c7eac,4f6bc04806bd84c2,111,111
配線材料,光成端箱,コネクタ ４８Ｃ以下,個,京都北部,03,136000,141000,5000,3.68,0c9dfe6deedfd746,512ecd7916355e9f,111,111
配線材料,光成端箱,融着（壁掛） ４０Ｃ以下,個,京都北部,03,134000,140000,6000,4.48,3c7e96d974425f1a,dde0c4acf3bf5a09,111,111
配線材料,光成端箱,融着（壁掛） ６０Ｃ以下,個,京都北部,03,134000,140000,6000,4.48,33585bc822d7a804,0b83873d3baa28b8,111,111
配線材料,光成端箱,融着（壁掛） ８０Ｃ以下,個,京都北部,03,134000,140000,6000,4.48,0da4846247bacf17,ae5723326bb9677a,111,111
配線材料,光成端箱,融着（壁掛） １００Ｃ以下,個,京都北部,03,134000,140000,6000,4.48,89e1a99ebc1c1dd3,7be44bcdb6e09e41,111,111
配線材料,光成端箱,融着（壁掛） １２０Ｃ以下,個,京都北部,03,134000,140000,6000,4.48,f70f71d0368941c1,004c5365505955c3,111,111
配線材料,光成端箱,融着（壁掛） １４０Ｃ以下,個,京都北部,03,134000,140000,6000,4.48,cde2b7152aed7dc2,1c2a816616c43b3c,111,111
配線材料,光成端箱,融着（自立） ４０Ｃ以下,個,京都北部,03,260000,271000,11000,4.23,f91d7422404379d3,96f421fce73c5878,111,111
配線材料,光成端箱,融着（自立） ６０Ｃ以下,個,京都北部,03,261000,272000,11000,4.21,4f23979e79210646,e75b7da4ee0c3c17,111,111
配線材料,光成端箱,融着（自立） ８０Ｃ以下,個,京都北部,03,263000,273000,10000,3.8,89d9e1fa1c182624,65cd492393024a2c,111,111
配線材料,光成端箱,融着（自立） １００Ｃ以下,個,京都北部,03,265000,275000,10000,3.77,15749a41c584793a,df41e73cd7034f41,111,111
配線材料,光成端箱,融着（自立） １２０Ｃ以下,個,京都北部,03,267000,277000,10000,3.75,f2b3be0332d29553,fad26fc9b4c8b774,111,111
配線材料,光成端箱,融着（自立） １４０Ｃ以下,個,京都北部,03,268000,279000,11000,4.1,833c90d06f182153,66a4329064c6d313,111,111
配線材料,光成端箱,コネクタ １２Ｃ以下,個,京都南部,04,58500,60800,2300,3.93,61fdf76fb6ebc4de,f70bad131a836d76,111,111
配線材料,光成端箱,コネクタ ２４Ｃ以下,個,京都南部,04,120000,125000,5000,4.17,8e46829887e2be80,bafb3feeac89cbdf,111,111
配線材料,光成端箱,コネクタ ４８Ｃ以下,個,京都南部,04,136000,141000,5000,3.68,ed36a7963b3118c9,9fb0c86ef4188fa7,111,111
配線材料,光成端箱,融着（壁掛） ４０Ｃ以下,個,京都南部,04,134000,140000,6000,4.48,1b4e69aef418ddf0,baf19c07e4004d07,111,111
配線材料,光成端箱,融着（壁掛） ６０Ｃ以下,個,京都南部,04,134000,140000,6000,4.48,6d5b0974ef36bed0,93916d4cac6aa258,111,111
配線材料,光成端箱,融着（壁掛） ８０Ｃ以下,個,京都南部,04,134000,140000,6000,4.48,99dc938f0276ae29,37b4df84ff6221f7,111,111
配線材料,光成端箱,融着（壁掛） １００Ｃ以下,個,京都南部,04,134000,140000,6000,4.48,9284266040bee03f,11f743fbcecd7bab,111,111
配線材料,光成端箱,融着（壁掛） １２０Ｃ以下,個,京都南部,04,134000,140000,6000,4.48,80b2a256917a0e6e,9d06829833561cec,111,111
配線材料,光成端箱,融着（壁掛） １４０Ｃ以下,個,京都南部,04,134000,140000,6000,4.48,57d3ba3f74799b56,2410d494cd420bc4,111,111
配線材料,光成端箱,融着（自立） ４０Ｃ以下,個,京都南部,04,260000,271000,11000,4.23,8f1c038cacb30d24,4af1a208602bf531,111,111
配線材料,光成端箱,融着（自立） ６０Ｃ以下,個,京都南部,04,261000,272000,11000,4.21,5982f781f6c97eff,2d64dad061034961,111,111
配線材料,光成端箱,融着（自立） ８０Ｃ以下,個,京都南部,04,263000,273000,10000,3.8,da5b335ee5b92e55,6cc5521bd3b29483,111,111
配線材料,光成端箱,融着（自立） １００Ｃ以下,個,京都南部,04,265000,275000,10000,3.77,ba2f07dbe8529705,14b70f49c0394e2c,111,111
配線材料,光成端箱,融着（自立） １２０Ｃ以下,個,京都南部,04,267000,277000,10000,3.75,805e3844c74afd7d,2d407d76fb01a3d1,111,111
配線材料,光成端箱,融着（自立） １４０Ｃ以下,個,京都南部,04,268000,279000,11000,4.1,5bebc843dd45aff5,9de605e694aed466,111,111
配線材料,光成端箱,コネクタ １２Ｃ以下,個,大阪,05,58500,60800,2300,3.93,e9a3b58adfbe6032,5c00013c4b2a65f3,111,111
配線材料,光成端箱,コネクタ ２４Ｃ以下,個,大阪,05,120000,125000,5000,4.17,d34a1412df173536,b9f6e2f6d5d6ec28,111,111
配線材料,光成端箱,コネクタ ４８Ｃ以下,個,大阪,05,136000,141000,5000,3.68,25e8715de9bf114d,c5f1f920c3248c56,111,111
配線材料,光成端箱,融着（壁掛） ４０Ｃ以下,個,大阪,05,134000,140000,6000,4.48,685bb6b2de6eaf0c,bab87f133250fa57,111,111
配線材料,光成端箱,融着（壁掛） ６０Ｃ以下,個,大阪,05,134000,140000,6000,4.48,4e5a9e85eb0af63c,0e28963876b533a3,111,111
配線材料,光成端箱,融着（壁掛） ８０Ｃ以下,個,大阪,05,134000,140000,6000,4.48,4a410613a68f47b9,9ab5dd6e035c18ed,111,111
配線材料,光成端箱,融着（壁掛） １００Ｃ以下,個,大阪,05,134000,140000,6000,4.48,d7a5ffb62b2315d2,df92e8e603a752f9,111,111
配線材料,光成端箱,融着（壁掛） １２０Ｃ以下,個,大阪,05,134000,140000,6000,4.48,a029d52f05097fef,5540948b990197ba,111,111
配線材料,光成端箱,融着（壁掛） １４０Ｃ以下,個,大阪,05,134000,140000,6000,4.48,78a1c41a780cfc80,53819ebdb1ebb7e0,111,111
配線材料,光成端箱,融着（自立） ４０Ｃ以下,個,大阪,05,260000,271000,11000,4.23,c8109bcb366692dc,51d47a064dbded7b,111,111
配線材料,光成端箱,融着（自立） ６０Ｃ以下,個,大阪,05,261000,272000,11000,4.21,090f9f434f95546d,b2efab38c5711c4e,111,111
配線材料,光成端箱,融着（自立） ８０Ｃ以下,個,大阪,05,263000,273000,10000,3.8,5d82cc45a69db8e7,1631e543e4c63e16,111,111
配線材料,光成端箱,融着（自立） １００Ｃ以下,個,大阪,05,265000,275000,10000,3.77,41300bbe3cf576c7,54cbc1beda349d31,111,111
配線材料,光成端箱,融着（自立） １２０Ｃ以下,個,大阪,05,267000,277000,10000,3.75,a005112f26e8df4b,33c9a0b00a2be871,111,111
配線材料,光成端箱,融着（自立） １４０Ｃ以下,個,大阪,05,268000,279000,11000,4.1,c5567bb60739049b,cc2df5d7f97ad990,111,111
配線材料,光成端箱,コネクタ １２Ｃ以下,個,兵庫北部,06,58500,60800,2300,3.93,82e40b49c0a37acb,e23d7356ed144449,111,111
配線材料,光成端箱,コネクタ ２４Ｃ以下,個,兵庫北部,06,120000,125000,5000,4.17,7e1ffc134a25695b,77201c1c59fa3efe,111,111
配線材料,光成端箱,コネクタ ４８Ｃ以下,個,兵庫北部,06,136000,141000,5000,3.68,8eecaef10ecccb6a,3a0d6d8213350201,111,111
配線材料,光成端箱,融着（壁掛） ４０Ｃ以下,個,兵庫北部,06,134000,140000,6000,4.48,4b95bc080e22e8d8,c0a2bfbbcfeb22c4,111,111
配線材料,光成端箱,融着（壁掛） ６０Ｃ以下,個,兵庫北部,06,134000,140000,6000,4.48,6235ca60bd1693a2,d78f52f1c5322349,111,111
配線材料,光成端箱,融着（壁掛） ８０Ｃ以下,個,兵庫北部,06,134000,140000,6000,4.48,cd717ce556a6bcc3,ae491a0a0a263418,111,111
配線材料,光成端箱,融着（壁掛） １００Ｃ以下,個,兵庫北部,06,134000,140000,6000,4.48,192df9e3696d3b2d,140a72a9bb62c831,111,111
配線材料,光成端箱,融着（壁掛） １２０Ｃ以下,個,兵庫北部,06,134000,140000,6000,4.48,9cc581ad5785ed3a,dad6b7f24fe202b4,111,111
配線材料,光成端箱,融着（壁掛） １４０Ｃ以下,個,兵庫北部,06,134000,140000,6000,4.48,bf38489feded7068,cc0166dde672cf79,111,111
配線材料,光成端箱,融着（自立） ４０Ｃ以下,個,兵庫北部,06,260000,271000,11000,4.23,439223b522660911,3eb0bc80f279df01,111,111
配線材料,光成端箱,融着（自立） ６０Ｃ以下,個,兵庫北部,06,261000,272000,11000,4.21,0a5aab7811149430,79ab85aeef5bdee2,111,111
配線材料,光成端箱,融着（自立） ８０Ｃ以下,個,兵庫北部,06,263000,273000,10000,3.8,fac95eb279fad38a,0b320898ca957617,111,111
配線材料,光成端箱,融着（自立） １００Ｃ以下,個,兵庫北部,06,265000,275000,10000,3.77,12dacc956f20e9ea,32372bec04bf4fa1,111,111
配線材料,光成端箱,融着（自立） １２０Ｃ以下,個,兵庫北部,06,267000,277000,10000,3.75,d83640119892ef4c,abe88b533d33b202,111,111
配線材料,光成端箱,融着（自立） １４０Ｃ以下,個,兵庫北部,06,268000,279000,11000,4.1,dc92ba1a963e626f,0c7e9fad6a7dd680,111,111
配線材料,光成端箱,コネクタ １２Ｃ以下,個,兵庫西部,07,58500,60800,2300,3.93,2b3de322c377055d,3c874cb79ae4372b,111,111
配線材料,光成端箱,コネクタ ２４Ｃ以下,個,兵庫西部,07,120000,125000,5000,4.17,10620c0712e29367,66dfffc8c34321f0,111,111
配線材料,光成端箱,コネクタ ４８Ｃ以下,個,兵庫西部,07,136000,141000,5000,3.68,15ebfc05ae13d533,941141f30dd5fed0,111,111
配線材料,光成端箱,融着（壁掛） ４０Ｃ以下,個,兵庫西部,07,134000,140000,6000,4.48,783cd44c435e0f2d,56253e8550398ee4,111,111
配線材料,光成端箱,融着（壁掛） ６０Ｃ以下,個,兵庫西部,07,134000,140000,6000,4.48,a1c8ed252d87766a,675d74a5e2efeccf,111,111
配線材料,光成端箱,融着（壁掛） ８０Ｃ以下,個,兵庫西部,07,134000,140000,6000,4.48,515addf0aedcecd7,a6a1e45cb8ad88c8,111,111
配線材料,光成端箱,融着（壁掛） １００Ｃ以下,個,兵庫西部,07,134000,140000,6000,4.48,2d78ad93db70bbaf,66fb915fa8cfca92,111,111
配線材料,光成端箱,融着（壁掛） １２０Ｃ以下,個,兵庫西部,07,134000,140000,6000,4.48,7879ed3f4b3f4b16,11c1149e2abe2e77,111,111
配線材料,光成端箱,融着（壁掛） １４０Ｃ以下,個,兵庫西部,07,134000,140000,6000,4.48,441ff993b88180e9,c036116b60d20ee0,111,111
配線材料,光成端箱,融着（自立） ４０Ｃ以下,個,兵庫西部,07,260000,271000,11000,4.23,bad27ef4d78928bb,03539d37ac6f356f,111,111
配線材料,光成端箱,融着（自立） ６０Ｃ以下,個,兵庫西部,07,261000,272000,11000,4.21,2932aff67677c309,3454d59334106b6f,111,111
配線材料,光成端箱,融着（自立） ８０Ｃ以下,個,兵庫西部,07,263000,273000,10000,3.8,ea7380ac004f2e5b,bd39a2a6ccf8fba6,111,111
配線材料,光成端箱,融着（自立） １００Ｃ以下,個,兵庫西部,07,265000,275000,10000,3.77,cff8cbc185ef9896,3cd63e8d4b4b9410,111,111
配線材料,光成端箱,融着（自立） １２０Ｃ以下,個,兵庫西部,07,267000,277000,10000,3.75,586a3881bca6bdac,e14e14214fee131f,111,111
配線材料,光成端箱,融着（自立） １４０Ｃ以下,個,兵庫西部,07,268000,279000,11000,4.1,7bc566b4300e79c0,01c83dbf87d3b812,111,111
配線材料,光成端箱,コネクタ １２Ｃ以下,個,兵庫,08,58500,60800,2300,3.93,aed929d93c0fb3a0,37a22ded6a855f73,111,111
配線材料,光成端箱,コネクタ ２４Ｃ以下,個,兵庫,08,120000,125000,5000,4.17,085784bb08bb41c5,70c99d4d16f67f24,111,111
配線材料,光成端箱,コネクタ ４８Ｃ以下,個,兵庫,08,136000,141000,5000,3.68,89e7f5b81191f3ed,891143d62c24ea48,111,111
配線材料,光成端箱,融着（壁掛） ４０Ｃ以下,個,兵庫,08,134000,140000,6000,4.48,d593862eadd8627a,f1844e1803e46c7f,111,111
配線材料,光成端箱,融着（壁掛） ６０Ｃ以下,個,兵庫,08,134000,140000,6000,4.48,347e50cafdeeafcb,c4012003c1f5644a,111,111
配線材料,光成端箱,融着（壁掛） ８０Ｃ以下,個,兵庫,08,134000,140000,6000,4.48,8098c740f36700f9,13d958f095d41b4c,111,111
配線材料,光成端箱,融着（壁掛） １００Ｃ以下,個,兵庫,08,134000,140000,6000,4.48,5c8e8d256ba2912e,26763f3ddff787fd,111,111
配線材料,光成端箱,融着（壁掛） １２０Ｃ以下,個,兵庫,08,134000,140000,6000,4.48,de75b856bec87e89,edaec86c978a76df,111,111
配線材料,光成端箱,融着（壁掛） １４０Ｃ以下,個,兵庫,08,134000,140000,6000,4.48,9ec7218060b6c5bc,cbfc79329c06f378,111,111
配線材料,光成端箱,融着（自立） ４０Ｃ以下,個,兵庫,08,260000,271000,11000,4.23,0b563c5b1bd88655,d28a3602165c4618,111,111
配線材料,光成端箱,融着（自立） ６０Ｃ以下,個,兵庫,08,261000,272000,11000,4.21,66233f26a17d4366,eeb43a51ec1a86ad,111,111
配線材料,光成端箱,融着（自立） ８０Ｃ以下,個,兵庫,08,263000,273000,10000,3.8,e5831aa82d5d34d4,7f4d545e69b79f99,111,111
配線材料,光成端箱,融着（自立） １００Ｃ以下,個,兵庫,08,265000,275000,10000,3.77,49dc483b8d7d5114,be0d0715890f29ef,111,111
配線材料,光成端箱,融着（自立） １２０Ｃ以下,個,兵庫,08,267000,277000,10000,3.75,2cd8a0caca4f1e24,ec77bb302aadcb00,111,111
配線材料,光成端箱,融着（自立） １４０Ｃ以下,個,兵庫,08,268000,279000,11000,4.1,1784166dba7890a8,b54e2914128ddb2c,111,111
配線材料,光成端箱,コネクタ １２Ｃ以下,個,奈良,09,58500,60800,2300,3.93,6b562bb490c7d4ed,8cccb0dd096e55b5,111,111
配線材料,光成端箱,コネクタ ２４Ｃ以下,個,奈良,09,120000,125000,5000,4.17,4857c4ffcb59b3da,084584f082510cf0,111,111
配線材料,光成端箱,コネクタ ４８Ｃ以下,個,奈良,09,136000,141000,5000,3.68,d1529bd44e66366b,db48c2dd9514a6d3,111,111
配線材料,光成端箱,融着（壁掛） ４０Ｃ以下,個,奈良,09,134000,140000,6000,4.48,5cab932f6cea9f19,83a5b69977fc0d7d,111,111
配線材料,光成端箱,融着（壁掛） ６０Ｃ以下,個,奈良,09,134000,140000,6000,4.48,2010f1598b0a7271,488b2059e797435d,111,111
配線材料,光成端箱,融着（壁掛） ８０Ｃ以下,個,奈良,09,134000,140000,6000,4.48,4ea71f8d114247a2,066dcb1dc1f3ffbf,111,111
配線材料,光成端箱,融着（壁掛） １００Ｃ以下,個,奈良,09,134000,140000,6000,4.48,aa18da5ab6a5e53d,0688ffa464523622,111,111
配線材料,光成端箱,融着（壁掛） １２０Ｃ以下,個,奈良,09,134000,140000,6000,4.48,c67fcd2c83c6a987,fca7596f213de6c9,111,111
配線材料,光成端箱,融着（壁掛） １４０Ｃ以下,個,奈良,09,134000,140000,6000,4.48,e93d4ea8ba104a3f,0384581271423f89,111,111
配線材料,光成端箱,融着（自立） ４０Ｃ以下,個,奈良,09,260000,271000,11000,4.23,5367565402250512,bc8ecb4f4159f26c,111,111
配線材料,光成端箱,融着（自立） ６０Ｃ以下,個,奈良,09,261000,272000,11000,4.21,0d7f8c87a81f622b,fd50fb6d968d7ce9,111,111
配線材料,光成端箱,融着（自立） ８０Ｃ以下,個,奈良,09,263000,273000,10000,3.8,287e78c879087484,57a2dff7297cd526,111,111
配線材料,光成端箱,融着（自立） １００Ｃ以下,個,奈良,09,265000,275000,10000,3.77,f652ac9780da26c3,c3af1ce508c69855,111,111
配線材料,光成端箱,融着（自立） １２０Ｃ以下,個,奈良,09,267000,277000,10000,3.75,5e422fc56db602c0,f1ea9de88c30985c,111,111
配線材料,光成端箱,融着（自立） １４０Ｃ以下,個,奈良,09,268000,279000,11000,4.1,1ae5266b968b1154,5834af962cbcf444,111,111
配線材料,光成端箱,コネクタ １２Ｃ以下,個,和歌山,10,58500,60800,2300,3.93,42e257d829bbe3c2,71633cf4dea4cdd3,111,111
配線材料,光成端箱,コネクタ ２４Ｃ以下,個,和歌山,10,120000,125000,5000,4.17,66f3130060e5dac9,b6063c4fdee360d3,111,111
配線材料,光成端箱,コネクタ ４８Ｃ以下,個,和歌山,10,136000,141000,5000,3.68,aaa859fc5c68a37f,f98647c95550f315,111,111
配線材料,光成端箱,融着（壁掛） ４０Ｃ以下,個,和歌山,10,134000,140000,6000,4.48,056e3db7de6255af,00554aeeb0b1ef04,111,111
配線材料,光成端箱,融着（壁掛） ６０Ｃ以下,個,和歌山,10,134000,140000,6000,4.48,c78beb91b6bb337c,ce9c62e39e4885b9,111,111
配線材料,光成端箱,融着（壁掛） ８０Ｃ以下,個,和歌山,10,134000,140000,6000,4.48,a902e7f5b7189443,510d6a10e94b27eb,111,111
配線材料,光成端箱,融着（壁掛） １００Ｃ以下,個,和歌山,10,134000,140000,6000,4.48,ed446b53dbc8522b,0ec854b3a2f37508,111,111
配線材料,光成端箱,融着（壁掛） １２０Ｃ以下,個,和歌山,10,134000,140000,6000,4.48,73dfad559198b000,1ec6a2f56188d649,111,111
配線材料,光成端箱,融着（壁掛） １４０Ｃ以下,個,和歌山,10,134000,140000,6000,4.48,48f99176f5081181,527c09e3fff025fe,111,111
配線材料,光成端箱,融着（自立） ４０Ｃ以下,個,和歌山,10,260000,271000,11000,4.23,dbdb64fea314c111,91dcd0c3ff7595ac,111,111
配線材料,光成端箱,融着（自立） ６０Ｃ以下,個,和歌山,10,261000,272000,11000,4.21,eeb868bdd673355d,f6a551cd3e98278b,111,111
配線材料,光成端箱,融着（自立） ８０Ｃ以下,個,和歌山,10,263000,273000,10000,3.8,1b59c5fcc69263da,6eec73f21b7896cf,111,111
配線材料,光成端箱,融着（自立） １００Ｃ以下,個,和歌山,10,265000,275000,10000,3.77,8b5ee1c550be5732,4f387a00220bc4c3,111,111
配線材料,光成端箱,融着（自立） １２０Ｃ以下,個,和歌山,10,267000,277000,10000,3.75,a18947a7e5cbc842,e88dc426af543246,111,111
配線材料,光成端箱,融着（自立） １４０Ｃ以下,個,和歌山,10,268000,279000,11000,4.1,f61110810f7ebe91,7354908e12ce78f2,111,111
配線材料,光成端箱,コネクタ １２Ｃ以下,個,岐阜,11,58500,60800,2300,3.93,f3cdfed40592ed7e,f441584965cbf726,111,111
配線材料,光成端箱,コネクタ ２４Ｃ以下,個,岐阜,11,120000,125000,5000,4.17,39d5eaa253510cac,0a656ffa75b09605,111,111
配線材料,光成端箱,コネクタ ４８Ｃ以下,個,岐阜,11,136000,141000,5000,3.68,b430ac7250b5f636,67d623110f25fcfa,111,111
配線材料,光成端箱,融着（壁掛） ４０Ｃ以下,個,岐阜,11,134000,140000,6000,4.48,22d63867c39dcf6a,f6e4fbea701efada,111,111
配線材料,光成端箱,融着（壁掛） ６０Ｃ以下,個,岐阜,11,134000,140000,6000,4.48,e17bd64f839a8b81,5f3c0dfbabf53b2d,111,111
配線材料,光成端箱,融着（壁掛） ８０Ｃ以下,個,岐阜,11,134000,140000,6000,4.48,3d5c3106a27c3b19,5af84d626881c3fa,111,111
配線材料,光成端箱,融着（壁掛） １００Ｃ以下,個,岐阜,11,134000,140000,6000,4.48,3fae6a319cd2cb86,f2c5170d33ab9a71,111,111
配線材料,光成端箱,融着（壁掛） １２０Ｃ以下,個,岐阜,11,134000,140000,6000,4.48,0abece3f95e3c3d0,c5f21fe9fa19d8f2,111,111
配線材料,光成端箱,融着（壁掛） １４０Ｃ以下,個,岐阜,11,134000,140000,6000,4.48,55bdc2508fa61c0d,92fbf5b8b8415321,111,111
配線材料,光成端箱,融着（自立） ４０Ｃ以下,個,岐阜,11,260000,271000,11000,4.23,a37f60c7909277e6,52aa942a4e2be56d,111,111
配線材料,光成端箱,融着（自立） ６０Ｃ以下,個,岐阜,11,261000,272000,11000,4.21,b83855de27699715,cba021d655d96012,111,111
配線材料,光成端箱,融着（自立） ８０Ｃ以下,個,岐阜,11,263000,273000,10000,3.8,b2e241f05c837058,0342f773aa4fa32e,111,111
配線材料,光成端箱,融着（自立） １００Ｃ以下,個,岐阜,11,265000,275000,10000,3.77,f587faae20113153,6ab741c28a2e0922,111,111
配線材料,光成端箱,融着（自立） １２０Ｃ以下,個,岐阜,11,267000,277000,10000,3.75,88328edb9af1669a,94af93863907733d,111,111
配線材料,光成端箱,融着（自立） １４０Ｃ以下,個,岐阜,11,268000,279000,11000,4.1,34e28d642434d76d,ecc61ed17f73d03e,111,111
配線材料,光成端箱,コネクタ １２Ｃ以下,個,三重,12,58500,60800,2300,3.93,3e8faab4266a4139,93f8d3e9f6e2c459,111,111
配線材料,光成端箱,コネクタ ２４Ｃ以下,個,三重,12,120000,125000,5000,4.17,61e59cf14ca2585b,081f79bce6e43935,111,111
配線材料,光成端箱,コネクタ ４８Ｃ以下,個,三重,12,136000,141000,5000,3.68,ec57f598ef87b66e,a498012617d450eb,111,111
配線材料,光成端箱,融着（壁掛） ４０Ｃ以下,個,三重,12,134000,140000,6000,4.48,932a996c159b66ec,8e3f3f506296a26e,111,111
配線材料,光成端箱,融着（壁掛） ６０Ｃ以下,個,三重,12,134000,140000,6000,4.48,63137959e62b9bbb,519ff266a0a19ce9,111,111
配線材料,光成端箱,融着（壁掛） ８０Ｃ以下,個,三重,12,134000,140000,6000,4.48,c01bb86dbf73cdd8,937ca716a64e47ca,111,111
配線材料,光成端箱,融着（壁掛） １００Ｃ以下,個,三重,12,134000,140000,6000,4.48,730a1c533da016f5,b7dfe5f1727f3b24,111,111
配線材料,光成端箱,融着（壁掛） １２０Ｃ以下,個,三重,12,134000,140000,6000,4.48,27b3948afb9e5d1d,5128260260e25e0d,111,111
配線材料,光成端箱,融着（壁掛） １４０Ｃ以下,個,三重,12,134000,140000,6000,4.48,20a5121d065ebaba,49097f0fab5101cb,111,111
配線材料,光成端箱,融着（自立） ４０Ｃ以下,個,三重,12,260000,271000,11000,4.23,ce72c6dbcf6b5749,7566f98358cdc5c8,111,111
配線材料,光成端箱,融着（自立） ６０Ｃ以下,個,三重,12,261000,272000,11000,4.21,e7127e8056535777,2ec7f13cab519ab4,111,111
配線材料,光成端箱,融着（自立） ８０Ｃ以下,個,三重,12,263000,273000,10000,3.8,5e72a476f8d9fe50,5d84db8c3af22382,111,111
配線材料,光成端箱,融着（自立） １００Ｃ以下,個,三重,12,265000,275000,10000,3.77,7725bbf13ad0f8e3,39ba648d4e8bab04,111,111
配線材料,光成端箱,融着（自立） １２０Ｃ以下,個,三重,12,267000,277000,10000,3.75,ac1b89471667f971,5036a4b9e1d9c3e2,111,111
配線材料,光成端箱,融着（自立） １４０Ｃ以下,個,三重,12,268000,279000,11000,4.1,ab1345325537581d,649a4d256fc4c38e,111,111
配線材料,光成端箱,融着（自立） １６０Ｃ以下,個,福井,01,270000,280000,10000,3.7,ef6812dfa30bcdf0,7973cbf65687acc1,112,112
配線材料,光成端箱,融着（自立） １８０Ｃ以下,個,福井,01,271000,282000,11000,4.06,eb2bb3e8239a116e,350a25627cf8dbb3,112,112
配線材料,光成端箱,融着（自立） ２００Ｃ以下,個,福井,01,272000,283000,11000,4.04,ca92018c5444587a,cd4806b0de295349,112,112
配線材料,光成端箱,融着（自立） ２２０Ｃ以下,個,福井,01,316000,329000,13000,4.11,9cf2c71dbda349d3,3b2e0fbe86d31abd,112,112
配線材料,光成端箱,融着（自立） ２４０Ｃ以下,個,福井,01,318000,330000,12000,3.77,50baeeb6f16ded59,fc792d2b5b7aee15,112,112
配線材料,光成端箱,融着（自立） ２６０Ｃ以下,個,福井,01,319000,332000,13000,4.08,396a7ee26174f707,d640ef1bfc0e48a8,112,112
配線材料,光成端箱,融着（自立） ２８０Ｃ以下,個,福井,01,321000,334000,13000,4.05,a27ecd2f8c6fc16a,e510480ff05867a6,112,112
配線材料,光成端箱,融着（自立） ３００Ｃ以下,個,福井,01,323000,336000,13000,4.02,f266bf6d33fe519d,418829440424c425,112,112
配線材料,光成端箱（光アダプタ実装；ＳＣ型）,コネクタ（壁掛） １６Ｃ以下,個,福井,01,117000,122000,5000,4.27,f03eb96d18e41eb5,21044367170640d1,112,112
配線材料,光成端箱（光アダプタ実装；ＳＣ型）,コネクタ（壁掛） ４０Ｃ以下,個,福井,01,135000,140000,5000,3.7,c880f28b23dfdaf3,cc4efd4b5b1da37f,112,112
配線材料,光成端箱（光アダプタ実装；ＳＣ型）,コネクタ（壁掛） ６０Ｃ以下,個,福井,01,356000,370000,14000,3.93,f33b3507cddcc181,408802e215e6af9d,112,112
配線材料,光成端箱（光アダプタ実装；ＳＣ型）,コネクタ（壁掛） ８０Ｃ以下,個,福井,01,448000,466000,18000,4.02,d903363e90cfbf3b,a4cf40bdc86cd83b,112,112
配線材料,光成端箱（光アダプタ実装；ＳＣ型）,コネクタ（壁掛） １００Ｃ以下,個,福井,01,504000,524000,20000,3.97,0a7deae760eb12d8,a6b2203c89a7b55c,112,112
配線材料,光成端箱（光アダプタ実装；ＳＣ型）,コネクタ（壁掛） １２０Ｃ以下,個,福井,01,544000,566000,22000,4.04,6f80a265e14d2272,676ef4627d563bd2,112,112
配線材料,光成端箱（光アダプタ実装；ＳＣ型）,コネクタ（壁掛） １４０Ｃ以下,個,福井,01,666000,693000,27000,4.05,24057eb4fc09c22e,abcf8eed03e69716,112,112
配線材料,光成端箱（光アダプタ実装；ＳＣ型）,コネクタ（自立） ４０Ｃ以下,個,福井,01,434000,452000,18000,4.15,ae87a12e0ff78196,79d62053954024c4,112,112
配線材料,光成端箱（光アダプタ実装；ＳＣ型）,コネクタ（自立） ６０Ｃ以下,個,福井,01,465000,484000,19000,4.09,5d993e743b43cffc,805cecc924a7f0cd,112,112
配線材料,光成端箱（光アダプタ実装；ＳＣ型）,コネクタ（自立） ８０Ｃ以下,個,福井,01,603000,628000,25000,4.15,b63463f4b96f79bc,9a8921661bb59f55,112,112
配線材料,光成端箱（光アダプタ実装；ＳＣ型）,コネクタ（自立） １００Ｃ以下,個,福井,01,629000,654000,25000,3.97,ee1b37b1893dd939,9e85eac309a137ee,112,112
配線材料,光成端箱（光アダプタ実装；ＳＣ型）,コネクタ（自立） １２０Ｃ以下,個,福井,01,690000,717000,27000,3.91,6543875561357c54,f4427fac25c5f971,112,112
配線材料,光成端箱（光アダプタ実装；ＳＣ型）,コネクタ（自立） １４０Ｃ以下,個,福井,01,702000,730000,28000,3.99,4c8a1a3343e184d5,250cbab4784d7cd5,112,112
配線材料,光成端箱（光アダプタ実装；ＳＣ型）,コネクタ（自立） １６０Ｃ以下,個,福井,01,784000,815000,31000,3.95,4a5993ff46b4fc15,4e6516a4f586b9dd,112,112
配線材料,光成端箱（光アダプタ実装；ＳＣ型）,コネクタ（自立） １８０Ｃ以下,個,福井,01,1020000,1060000,40000,3.92,055ddd7a2ea5bf10,2de4c9b837d68be2,112,112
配線材料,光成端箱（光アダプタ実装；ＳＣ型）,コネクタ（自立） ２００Ｃ以下,個,福井,01,1170000,1220000,50000,4.27,84a6d16fb780f989,84cbc546be65bbe2,112,112
配線材料,光成端箱（光アダプタ実装；ＳＣ型）,コネクタ（自立） ２２０Ｃ以下,個,福井,01,1640000,1700000,60000,3.66,e9cffb4321965179,e5fb23cb44f35704,112,112
配線材料,光成端箱,融着（自立） １６０Ｃ以下,個,滋賀,02,270000,280000,10000,3.7,00b0693884d7b0c6,35c8039352804ef8,112,112
配線材料,光成端箱,融着（自立） １８０Ｃ以下,個,滋賀,02,271000,282000,11000,4.06,030f07bf9bfadcb0,b7a43ea6f21d1490,112,112
配線材料,光成端箱,融着（自立） ２００Ｃ以下,個,滋賀,02,272000,283000,11000,4.04,3a7ab1fd2c1ab660,07daf9f43b570ea0,112,112
配線材料,光成端箱,融着（自立） ２２０Ｃ以下,個,滋賀,02,316000,329000,13000,4.11,dc348337a3b90502,433bf6fb5f3e6853,112,112
配線材料,光成端箱,融着（自立） ２４０Ｃ以下,個,滋賀,02,318000,330000,12000,3.77,134f1fdaf68bcbe2,27be49864f22ae56,112,112
配線材料,光成端箱,融着（自立） ２６０Ｃ以下,個,滋賀,02,319000,332000,13000,4.08,9795abb2790e41dd,85d52167f0c987c9,112,112
配線材料,光成端箱,融着（自立） ２８０Ｃ以下,個,滋賀,02,321000,334000,13000,4.05,0c909e9497c70d9b,188454ee9cd3551e,112,112
配線材料,光成端箱,融着（自立） ３００Ｃ以下,個,滋賀,02,323000,336000,13000,4.02,83438061c863c8f4,a17e84b357b6d80d,112,112
配線材料,光成端箱（光アダプタ実装；ＳＣ型）,コネクタ（壁掛） １６Ｃ以下,個,滋賀,02,117000,122000,5000,4.27,cf6b968993269373,0af6fc459de6bef1,112,112
配線材料,光成端箱（光アダプタ実装；ＳＣ型）,コネクタ（壁掛） ４０Ｃ以下,個,滋賀,02,135000,140000,5000,3.7,b80a6e5c02f43171,b73a3fca32855fe5,112,112
配線材料,光成端箱（光アダプタ実装；ＳＣ型）,コネクタ（壁掛） ６０Ｃ以下,個,滋賀,02,356000,370000,14000,3.93,55fc07301f98e06d,df13be8ba4603697,112,112
配線材料,光成端箱（光アダプタ実装；ＳＣ型）,コネクタ（壁掛） ８０Ｃ以下,個,滋賀,02,448000,466000,18000,4.02,917f002a49cfb5ad,e8c5a3e15ede36c1,112,112
配線材料,光成端箱（光アダプタ実装；ＳＣ型）,コネクタ（壁掛） １００Ｃ以下,個,滋賀,02,504000,524000,20000,3.97,0154e9a8ccee5111,741e61249ef88f9d,112,112
配線材料,光成端箱（光アダプタ実装；ＳＣ型）,コネクタ（壁掛） １２０Ｃ以下,個,滋賀,02,544000,566000,22000,4.04,79b620410cfe7939,00379fb063e82479,112,112
配線材料,光成端箱（光アダプタ実装；ＳＣ型）,コネクタ（壁掛） １４０Ｃ以下,個,滋賀,02,666000,693000,27000,4.05,4de139923595c502,239f16d650bedd90,112,112
配線材料,光成端箱（光アダプタ実装；ＳＣ型）,コネクタ（自立） ４０Ｃ以下,個,滋賀,02,434000,452000,18000,4.15,7205fa8d564e9c5e,46a39ce6d8e54d96,112,112
配線材料,光成端箱（光アダプタ実装；ＳＣ型）,コネクタ（自立） ６０Ｃ以下,個,滋賀,02,465000,484000,19000,4.09,eafde90f5a2af7a6,da2077558de7d9db,112,112
配線材料,光成端箱（光アダプタ実装；ＳＣ型）,コネクタ（自立） ８０Ｃ以下,個,滋賀,02,603000,628000,25000,4.15,21f2f5aa9fe4da46,02e401ca83d4a8df,112,112
配線材料,光成端箱（光アダプタ実装；ＳＣ型）,コネクタ（自立） １００Ｃ以下,個,滋賀,02,629000,654000,25000,3.97,4881b1602d37221f,950902ec28dae5cb,112,112
配線材料,光成端箱（光アダプタ実装；ＳＣ型）,コネクタ（自立） １２０Ｃ以下,個,滋賀,02,690000,717000,27000,3.91,9452ffe52d142b4a,c7b311b3879c11bf,112,112
配線材料,光成端箱（光アダプタ実装；ＳＣ型）,コネクタ（自立） １４０Ｃ以下,個,滋賀,02,702000,730000,28000,3.99,b50b87083636b04f,e693de2144685c7c,112,112
配線材料,光成端箱（光アダプタ実装；ＳＣ型）,コネクタ（自立） １６０Ｃ以下,個,滋賀,02,784000,815000,31000,3.95,00b01a18e25f05bd,fd958d7760a84464,112,112
配線材料,光成端箱（光アダプタ実装；ＳＣ型）,コネクタ（自立） １８０Ｃ以下,個,滋賀,02,1020000,1060000,40000,3.92,22e2e1b5fde3dd18,adcc1d4675362fac,112,112
配線材料,光成端箱（光アダプタ実装；ＳＣ型）,コネクタ（自立） ２００Ｃ以下,個,滋賀,02,1170000,1220000,50000,4.27,6e960fda1a9b8687,0b5f6da928c24711,112,112
配線材料,光成端箱（光アダプタ実装；ＳＣ型）,コネクタ（自立） ２２０Ｃ以下,個,滋賀,02,1640000,1700000,60000,3.66,9520747c61004ae6,9233ed1d12b89507,112,112
配線材料,光成端箱,融着（自立） １６０Ｃ以下,個,京都北部,03,270000,280000,10000,3.7,b15123ce668b575d,0449730483016b19,112,112
配線材料,光成端箱,融着（自立） １８０Ｃ以下,個,京都北部,03,271000,282000,11000,4.06,1e4aa8011e84889d,1b41a9bf37093021,112,112
配線材料,光成端箱,融着（自立） ２００Ｃ以下,個,京都北部,03,272000,283000,11000,4.04,447b92b6873fa8fe,66cc624b732efdb5,112,112
配線材料,光成端箱,融着（自立） ２２０Ｃ以下,個,京都北部,03,316000,329000,13000,4.11,65988c64d155c96b,d024845a1f40ccdd,112,112
配線材料,光成端箱,融着（自立） ２４０Ｃ以下,個,京都北部,03,318000,330000,12000,3.77,b29f7fe0c0a70f47,f3f008a4fbc253c3,112,112
配線材料,光成端箱,融着（自立） ２６０Ｃ以下,個,京都北部,03,319000,332000,13000,4.08,8bf9cbcede578d41,20f0959a75fb7e12,112,112
配線材料,光成端箱,融着（自立） ２８０Ｃ以下,個,京都北部,03,321000,334000,13000,4.05,a623560675422fe0,a37161bf029f7a03,112,112
配線材料,光成端箱,融着（自立） ３００Ｃ以下,個,京都北部,03,323000,336000,13000,4.02,9a6dbbb3f558adae,b8481a9203a07d8b,112,112
配線材料,光成端箱（光アダプタ実装；ＳＣ型）,コネクタ（壁掛） １６Ｃ以下,個,京都北部,03,117000,122000,5000,4.27,e6b10931fe746032,596e1c62f7d9e49c,112,112
配線材料,光成端箱（光アダプタ実装；ＳＣ型）,コネクタ（壁掛） ４０Ｃ以下,個,京都北部,03,135000,140000,5000,3.7,2abd0cde3cca8398,7f61a6fca1b0c66b,112,112
配線材料,光成端箱（光アダプタ実装；ＳＣ型）,コネクタ（壁掛） ６０Ｃ以下,個,京都北部,03,356000,370000,14000,3.93,6389ccab121ffc8e,ffe36d94f2e40e89,112,112
配線材料,光成端箱（光アダプタ実装；ＳＣ型）,コネクタ（壁掛） ８０Ｃ以下,個,京都北部,03,448000,466000,18000,4.02,166d9957c2085395,63f3f10cdca47566,112,112
配線材料,光成端箱（光アダプタ実装；ＳＣ型）,コネクタ（壁掛） １００Ｃ以下,個,京都北部,03,504000,524000,20000,3.97,e3a955f3b1785259,6bb55810a3408d02,112,112
配線材料,光成端箱（光アダプタ実装；ＳＣ型）,コネクタ（壁掛） １２０Ｃ以下,個,京都北部,03,544000,566000,22000,4.04,2ed53893db80febb,8eabfa689d4ad59c,112,112
配線材料,光成端箱（光アダプタ実装；ＳＣ型）,コネクタ（壁掛） １４０Ｃ以下,個,京都北部,03,666000,693000,27000,4.05,4122b54eedd077c0,33125c41d991d661,112,112
配線材料,光成端箱（光アダプタ実装；ＳＣ型）,コネクタ（自立） ４０Ｃ以下,個,京都北部,03,434000,452000,18000,4.15,bc3d81999d79c95b,a92d021abd765617,112,112
配線材料,光成端箱（光アダプタ実装；ＳＣ型）,コネクタ（自立） ６０Ｃ以下,個,京都北部,03,465000,484000,19000,4.09,28112cd97b228d28,0ae1b4613afd3e66,112,112
配線材料,光成端箱（光アダプタ実装；ＳＣ型）,コネクタ（自立） ８０Ｃ以下,個,京都北部,03,603000,628000,25000,4.15,f16c4656175bd691,91043e7630f4c961,112,112
配線材料,光成端箱（光アダプタ実装；ＳＣ型）,コネクタ（自立） １００Ｃ以下,個,京都北部,03,629000,654000,25000,3.97,fd6f9828decc0b42,2459a0572098b208,112,112
配線材料,光成端箱（光アダプタ実装；ＳＣ型）,コネクタ（自立） １２０Ｃ以下,個,京都北部,03,690000,717000,27000,3.91,54ddd8969fb870da,5bb6c4bee14e42a1,112,112
配線材料,光成端箱（光アダプタ実装；ＳＣ型）,コネクタ（自立） １４０Ｃ以下,個,京都北部,03,702000,730000,28000,3.99,47d4b013c18184c2,63d583a61d5dcdf4,112,112
配線材料,光成端箱（光アダプタ実装；ＳＣ型）,コネクタ（自立） １６０Ｃ以下,個,京都北部,03,784000,815000,31000,3.95,c879eae987170674,1d11ce7ae5f25711,112,112
配線材料,光成端箱（光アダプタ実装；ＳＣ型）,コネクタ（自立） １８０Ｃ以下,個,京都北部,03,1020000,1060000,40000,3.92,da8a2112e468e9cb,2bb0753f536228d0,112,112
配線材料,光成端箱（光アダプタ実装；ＳＣ型）,コネクタ（自立） ２００Ｃ以下,個,京都北部,03,1170000,1220000,50000,4.27,daacd1ab41d5449b,deb7db3d887f069c,112,112
配線材料,光成端箱（光アダプタ実装；ＳＣ型）,コネクタ（自立） ２２０Ｃ以下,個,京都北部,03,1640000,1700000,60000,3.66,5026672c321c428e,30b3fc443a25fd43,112,112
配線材料,光成端箱,融着（自立） １６０Ｃ以下,個,京都南部,04,270000,280000,10000,3.7,1909fb12075923d4,5a0dbcc1fd65a501,112,112
配線材料,光成端箱,融着（自立） １８０Ｃ以下,個,京都南部,04,271000,282000,11000,4.06,03f4946c1f787669,4934a6ba11c3fec7,112,112
配線材料,光成端箱,融着（自立） ２００Ｃ以下,個,京都南部,04,272000,283000,11000,4.04,cdb4a5c4cf1a7f6f,7f70450a8f4cc5ab,112,112
配線材料,光成端箱,融着（自立） ２２０Ｃ以下,個,京都南部,04,316000,329000,13000,4.11,4b58223accd5b273,876af416111c27af,112,112
配線材料,光成端箱,融着（自立） ２４０Ｃ以下,個,京都南部,04,318000,330000,12000,3.77,ea81b072ff691658,a6411bd1a905ab49,112,112
配線材料,光成端箱,融着（自立） ２６０Ｃ以下,個,京都南部,04,319000,332000,13000,4.08,4768669bb054522e,934f3ee5bbeb8a07,112,112
配線材料,光成端箱,融着（自立） ２８０Ｃ以下,個,京都南部,04,321000,334000,13000,4.05,ecdcb21d9e3373eb,df0df175e8b034b1,112,112
配線材料,光成端箱,融着（自立） ３００Ｃ以下,個,京都南部,04,323000,336000,13000,4.02,691035c7ea856cbb,77e458628f4d6241,112,112
配線材料,光成端箱（光アダプタ実装；ＳＣ型）,コネクタ（壁掛） １６Ｃ以下,個,京都南部,04,117000,122000,5000,4.27,5fa7d9e1a0e245ce,d2f1f716a0dc6146,112,112
配線材料,光成端箱（光アダプタ実装；ＳＣ型）,コネクタ（壁掛） ４０Ｃ以下,個,京都南部,04,135000,140000,5000,3.7,5df0c4a0903a0e72,e18d1c3728e8ec81,112,112
配線材料,光成端箱（光アダプタ実装；ＳＣ型）,コネクタ（壁掛） ６０Ｃ以下,個,京都南部,04,356000,370000,14000,3.93,2b43b629efa7e0e6,e8d931aaa41b1acb,112,112
配線材料,光成端箱（光アダプタ実装；ＳＣ型）,コネクタ（壁掛） ８０Ｃ以下,個,京都南部,04,448000,466000,18000,4.02,6fd303453ee74124,7e03c7dfb9654892,112,112
配線材料,光成端箱（光アダプタ実装；ＳＣ型）,コネクタ（壁掛） １００Ｃ以下,個,京都南部,04,504000,524000,20000,3.97,afad5e1a67d59722,213d32c7f07a0e4c,112,112
配線材料,光成端箱（光アダプタ実装；ＳＣ型）,コネクタ（壁掛） １２０Ｃ以下,個,京都南部,04,544000,566000,22000,4.04,89a346306d3de080,9a282bfdaccb3426,112,112
配線材料,光成端箱（光アダプタ実装；ＳＣ型）,コネクタ（壁掛） １４０Ｃ以下,個,京都南部,04,666000,693000,27000,4.05,29653835d9019455,83d04b1a2aba1360,112,112
配線材料,光成端箱（光アダプタ実装；ＳＣ型）,コネクタ（自立） ４０Ｃ以下,個,京都南部,04,434000,452000,18000,4.15,0d80e1269f939e7b,1ee291f8ef843d3f,112,112
配線材料,光成端箱（光アダプタ実装；ＳＣ型）,コネクタ（自立） ６０Ｃ以下,個,京都南部,04,465000,484000,19000,4.09,9121d3f2a5b2aac6,6912435229a2f84e,112,112
配線材料,光成端箱（光アダプタ実装；ＳＣ型）,コネクタ（自立） ８０Ｃ以下,個,京都南部,04,603000,628000,25000,4.15,6c9be07c4382d32b,c494b1b845874603,112,112
配線材料,光成端箱（光アダプタ実装；ＳＣ型）,コネクタ（自立） １００Ｃ以下,個,京都南部,04,629000,654000,25000,3.97,7c1519849ee1a11b,f4e41b27af4e6999,112,112
配線材料,光成端箱（光アダプタ実装；ＳＣ型）,コネクタ（自立） １２０Ｃ以下,個,京都南部,04,690000,717000,27000,3.91,d790445bc6104726,8074dd6820b0acf8,112,112
配線材料,光成端箱（光アダプタ実装；ＳＣ型）,コネクタ（自立） １４０Ｃ以下,個,京都南部,04,702000,730000,28000,3.99,f1ddd0b8423f9dfb,49a86ea802c6125e,112,112
配線材料,光成端箱（光アダプタ実装；ＳＣ型）,コネクタ（自立） １６０Ｃ以下,個,京都南部,04,784000,815000,31000,3.95,5d0c79a3a1a28fe1,264685715a2ffe68,112,112
配線材料,光成端箱（光アダプタ実装；ＳＣ型）,コネクタ（自立） １８０Ｃ以下,個,京都南部,04,1020000,1060000,40000,3.92,e631107996a8e68e,d170f20c6024218a,112,112
配線材料,光成端箱（光アダプタ実装；ＳＣ型）,コネクタ（自立） ２００Ｃ以下,個,京都南部,04,1170000,1220000,50000,4.27,0415a780fd80936d,68da58b2b17422b5,112,112
配線材料,光成端箱（光アダプタ実装；ＳＣ型）,コネクタ（自立） ２２０Ｃ以下,個,京都南部,04,1640000,1700000,60000,3.66,2b0924696f6336b6,fb800ce9695b4f78,112,112
配線材料,光成端箱,融着（自立） １６０Ｃ以下,個,大阪,05,270000,280000,10000,3.7,66bf50bfdc5378be,95934182ea9acd32,112,112
配線材料,光成端箱,融着（自立） １８０Ｃ以下,個,大阪,05,271000,282000,11000,4.06,9dfe5dbf1ce8415f,60223bac8f0c4579,112,112
配線材料,光成端箱,融着（自立） ２００Ｃ以下,個,大阪,05,272000,283000,11000,4.04,497b52b7e01a2f27,8be863334f788e5e,112,112
配線材料,光成端箱,融着（自立） ２２０Ｃ以下,個,大阪,05,316000,329000,13000,4.11,1143e20d58107fd3,76bbc149cccfd352,112,112
配線材料,光成端箱,融着（自立） ２４０Ｃ以下,個,大阪,05,318000,330000,12000,3.77,c4a99d6ba3c3dd32,27c78d6790c8f24f,112,112
配線材料,光成端箱,融着（自立） ２６０Ｃ以下,個,大阪,05,319000,332000,13000,4.08,ed1ffec541552537,890b1bcd24823237,112,112
配線材料,光成端箱,融着（自立） ２８０Ｃ以下,個,大阪,05,321000,334000,13000,4.05,225d29134ea079c8,a1e8c65095082c72,112,112
配線材料,光成端箱,融着（自立） ３００Ｃ以下,個,大阪,05,323000,336000,13000,4.02,e0fb3623e0f21616,08dc7afe55b105f7,112,112
配線材料,光成端箱（光アダプタ実装；ＳＣ型）,コネクタ（壁掛） １６Ｃ以下,個,大阪,05,117000,122000,5000,4.27,8d95d53f553ea596,11bab55dce29b806,112,112
配線材料,光成端箱（光アダプタ実装；ＳＣ型）,コネクタ（壁掛） ４０Ｃ以下,個,大阪,05,135000,140000,5000,3.7,8ae2ecbc5d6d1704,b146535f24cca6db,112,112
配線材料,光成端箱（光アダプタ実装；ＳＣ型）,コネクタ（壁掛） ６０Ｃ以下,個,大阪,05,356000,370000,14000,3.93,329b98124988a6e5,a8fd9e7a34c7d42a,112,112
配線材料,光成端箱（光アダプタ実装；ＳＣ型）,コネクタ（壁掛） ８０Ｃ以下,個,大阪,05,448000,466000,18000,4.02,73c1256ed3dabad4,7ba497601adb7dd8,112,112
配線材料,光成端箱（光アダプタ実装；ＳＣ型）,コネクタ（壁掛） １００Ｃ以下,個,大阪,05,504000,524000,20000,3.97,e3f9fd6982c8bf6f,98181cf3d00570a4,112,112
配線材料,光成端箱（光アダプタ実装；ＳＣ型）,コネクタ（壁掛） １２０Ｃ以下,個,大阪,05,544000,566000,22000,4.04,920985c9f222fb99,d9b7a99e04896b8f,112,112
配線材料,光成端箱（光アダプタ実装；ＳＣ型）,コネクタ（壁掛） １４０Ｃ以下,個,大阪,05,666000,693000,27000,4.05,1ad33cb420bcbc13,4ff8b99f84303771,112,112
配線材料,光成端箱（光アダプタ実装；ＳＣ型）,コネクタ（自立） ４０Ｃ以下,個,大阪,05,434000,452000,18000,4.15,a74dc9067fecc98a,0b4492a1b4115d95,112,112
配線材料,光成端箱（光アダプタ実装；ＳＣ型）,コネクタ（自立） ６０Ｃ以下,個,大阪,05,465000,484000,19000,4.09,0ef0b92728abf4de,4bb0bee3e9d456b9,112,112
配線材料,光成端箱（光アダプタ実装；ＳＣ型）,コネクタ（自立） ８０Ｃ以下,個,大阪,05,603000,628000,25000,4.15,a61edebd0e222a2f,b6f7e7f777ee781a,112,112
配線材料,光成端箱（光アダプタ実装；ＳＣ型）,コネクタ（自立） １００Ｃ以下,個,大阪,05,629000,654000,25000,3.97,95e8069d32cebbee,ff5a34d529f66849,112,112
配線材料,光成端箱（光アダプタ実装；ＳＣ型）,コネクタ（自立） １２０Ｃ以下,個,大阪,05,690000,717000,27000,3.91,e4565150aa28f523,f9b6f8bae66f65c0,112,112
配線材料,光成端箱（光アダプタ実装；ＳＣ型）,コネクタ（自立） １４０Ｃ以下,個,大阪,05,702000,730000,28000,3.99,5cdb2faa13473287,e717491f9dcfed83,112,112
配線材料,光成端箱（光アダプタ実装；ＳＣ型）,コネクタ（自立） １６０Ｃ以下,個,大阪,05,784000,815000,31000,3.95,4c19852ddaa7da35,0cd8a181f793b197,112,112
配線材料,光成端箱（光アダプタ実装；ＳＣ型）,コネクタ（自立） １８０Ｃ以下,個,大阪,05,1020000,1060000,40000,3.92,62467f7fea919568,09e766fc8f6b99a5,112,112
配線材料,光成端箱（光アダプタ実装；ＳＣ型）,コネクタ（自立） ２００Ｃ以下,個,大阪,05,1170000,1220000,50000,4.27,884953fc62b5dce7,3127194fbfeb3fd2,112,112
配線材料,光成端箱（光アダプタ実装；ＳＣ型）,コネクタ（自立） ２２０Ｃ以下,個,大阪,05,1640000,1700000,60000,3.66,e733a9fff838db39,145c1bdffa8f99d8,112,112
配線材料,光成端箱,融着（自立） １６０Ｃ以下,個,兵庫北部,06,270000,280000,10000,3.7,900c5c6ac7dbdb0e,1bb507e18ba0ce53,112,112
配線材料,光成端箱,融着（自立） １８０Ｃ以下,個,兵庫北部,06,271000,282000,11000,4.06,cae2fdf8b31d6d39,d807b8c7b7048b9f,112,112
配線材料,光成端箱,融着（自立） ２００Ｃ以下,個,兵庫北部,06,272000,283000,11000,4.04,14f2882b7296f49b,6361a4c10eb61491,112,112
配線材料,光成端箱,融着（自立） ２２０Ｃ以下,個,兵庫北部,06,316000,329000,13000,4.11,cde256b38e2de191,e809f89d34d4d0a7,112,112
配線材料,光成端箱,融着（自立） ２４０Ｃ以下,個,兵庫北部,06,318000,330000,12000,3.77,37a38b31bf422b18,8ecfa3f71bb952e0,112,112
配線材料,光成端箱,融着（自立） ２６０Ｃ以下,個,兵庫北部,06,319000,332000,13000,4.08,28994873f62cbdac,efc89ef2e3c41646,112,112
配線材料,光成端箱,融着（自立） ２８０Ｃ以下,個,兵庫北部,06,321000,334000,13000,4.05,e2f7f323af34b7ba,fbcb0360ec8f04b4,112,112
配線材料,光成端箱,融着（自立） ３００Ｃ以下,個,兵庫北部,06,323000,336000,13000,4.02,4cf1185e46f8b88f,75b360b470be545c,112,112
配線材料,光成端箱（光アダプタ実装；ＳＣ型）,コネクタ（壁掛） １６Ｃ以下,個,兵庫北部,06,117000,122000,5000,4.27,a3380fa8e9913ff2,2e9d5829b7d8ea95,112,112
配線材料,光成端箱（光アダプタ実装；ＳＣ型）,コネクタ（壁掛） ４０Ｃ以下,個,兵庫北部,06,135000,140000,5000,3.7,fb79f3946492d076,c708615ad2c55d41,112,112
配線材料,光成端箱（光アダプタ実装；ＳＣ型）,コネクタ（壁掛） ６０Ｃ以下,個,兵庫北部,06,356000,370000,14000,3.93,9ac89205db908fb1,27351252ada9ae84,112,112
配線材料,光成端箱（光アダプタ実装；ＳＣ型）,コネクタ（壁掛） ８０Ｃ以下,個,兵庫北部,06,448000,466000,18000,4.02,8a7dd55aea25b556,299f7f8996b26917,112,112
配線材料,光成端箱（光アダプタ実装；ＳＣ型）,コネクタ（壁掛） １００Ｃ以下,個,兵庫北部,06,504000,524000,20000,3.97,e8927554b1d56517,39dda9cc182c0381,112,112
配線材料,光成端箱（光アダプタ実装；ＳＣ型）,コネクタ（壁掛） １２０Ｃ以下,個,兵庫北部,06,544000,566000,22000,4.04,6adf70c2a1abb7ac,5896a99658fa2868,112,112
配線材料,光成端箱（光アダプタ実装；ＳＣ型）,コネクタ（壁掛） １４０Ｃ以下,個,兵庫北部,06,666000,693000,27000,4.05,2a94b62507d3cc97,48bcf11c1f693dc5,112,112
配線材料,光成端箱（光アダプタ実装；ＳＣ型）,コネクタ（自立） ４０Ｃ以下,個,兵庫北部,06,434000,452000,18000,4.15,10c5389e78a40c46,82145fed297d7a34,112,112
配線材料,光成端箱（光アダプタ実装；ＳＣ型）,コネクタ（自立） ６０Ｃ以下,個,兵庫北部,06,465000,484000,19000,4.09,6d2f9384939d45d7,adcfaa0e63428aba,112,112
配線材料,光成端箱（光アダプタ実装；ＳＣ型）,コネクタ（自立） ８０Ｃ以下,個,兵庫北部,06,603000,628000,25000,4.15,dc2361c18778bf7e,959bf2c79d15cb95,112,112
配線材料,光成端箱（光アダプタ実装；ＳＣ型）,コネクタ（自立） １００Ｃ以下,個,兵庫北部,06,629000,654000,25000,3.97,04ef55ce0e4a6ce7,51e4f57f8669a0ae,112,112
配線材料,光成端箱（光アダプタ実装；ＳＣ型）,コネクタ（自立） １２０Ｃ以下,個,兵庫北部,06,690000,717000,27000,3.91,ecf4d9eb801564c0,ef4deb0fe50c0fa8,112,112
配線材料,光成端箱（光アダプタ実装；ＳＣ型）,コネクタ（自立） １４０Ｃ以下,個,兵庫北部,06,702000,730000,28000,3.99,8955790891b9305d,0ba82da5aa6da167,112,112
配線材料,光成端箱（光アダプタ実装；ＳＣ型）,コネクタ（自立） １６０Ｃ以下,個,兵庫北部,06,784000,815000,31000,3.95,7205b6f877e41ec6,15d54730c1e813bf,112,112
配線材料,光成端箱（光アダプタ実装；ＳＣ型）,コネクタ（自立） １８０Ｃ以下,個,兵庫北部,06,1020000,1060000,40000,3.92,9b00f37d69e36e16,ba6f0f3f4a4be3ac,112,112
配線材料,光成端箱（光アダプタ実装；ＳＣ型）,コネクタ（自立） ２００Ｃ以下,個,兵庫北部,06,1170000,1220000,50000,4.27,5cbb13dec9ec1713,2b6eb1fdab4a006c,112,112
配線材料,光成端箱（光アダプタ実装；ＳＣ型）,コネクタ（自立） ２２０Ｃ以下,個,兵庫北部,06,1640000,1700000,60000,3.66,15c9c20f76d61a67,e393f9cfe5a0b28d,112,112
配線材料,光成端箱,融着（自立） １６０Ｃ以下,個,兵庫西部,07,270000,280000,10000,3.7,fb5d4392c7fafd0a,633cb4c6336a3cb8,112,112
配線材料,光成端箱,融着（自立） １８０Ｃ以下,個,兵庫西部,07,271000,282000,11000,4.06,e52d61f0853131b9,772685553ed34d1f,112,112
配線材料,光成端箱,融着（自立） ２００Ｃ以下,個,兵庫西部,07,272000,283000,11000,4.04,0c3d3c4f99dcf57b,d7fc5db35c886335,112,112
配線材料,光成端箱,融着（自立） ２２０Ｃ以下,個,兵庫西部,07,316000,329000,13000,4.11,57da52e96df15960,31792cff517cdb31,112,112
配線材料,光成端箱,融着（自立） ２４０Ｃ以下,個,兵庫西部,07,318000,330000,12000,3.77,1dec50eec4fc8cb3,bf7a0b342da5741d,112,112
配線材料,光成端箱,融着（自立） ２６０Ｃ以下,個,兵庫西部,07,319000,332000,13000,4.08,83de7b5a362b85d5,9f9e03b8bc13e918,112,112
配線材料,光成端箱,融着（自立） ２８０Ｃ以下,個,兵庫西部,07,321000,334000,13000,4.05,80f4602a3de6b8d5,53cc91144c3b310e,112,112
配線材料,光成端箱,融着（自立） ３００Ｃ以下,個,兵庫西部,07,323000,336000,13000,4.02,5a8d40bc05c71092,20695276198e7c83,112,112
配線材料,光成端箱（光アダプタ実装；ＳＣ型）,コネクタ（壁掛） １６Ｃ以下,個,兵庫西部,07,117000,122000,5000,4.27,84b98910b64e4131,9c41a07ff013a00d,112,112
配線材料,光成端箱（光アダプタ実装；ＳＣ型）,コネクタ（壁掛） ４０Ｃ以下,個,兵庫西部,07,135000,140000,5000,3.7,583471a8dd98233c,e516aa66bb00618a,112,112
配線材料,光成端箱（光アダプタ実装；ＳＣ型）,コネクタ（壁掛） ６０Ｃ以下,個,兵庫西部,07,356000,370000,14000,3.93,e2857cb01d0c7119,d2df21fff173a55d,112,112
配線材料,光成端箱（光アダプタ実装；ＳＣ型）,コネクタ（壁掛） ８０Ｃ以下,個,兵庫西部,07,448000,466000,18000,4.02,7cf7417b1d9b9df3,8895e634fe358abf,112,112
配線材料,光成端箱（光アダプタ実装；ＳＣ型）,コネクタ（壁掛） １００Ｃ以下,個,兵庫西部,07,504000,524000,20000,3.97,1149b6d5948aa89b,cad28a24ec83544c,112,112
配線材料,光成端箱（光アダプタ実装；ＳＣ型）,コネクタ（壁掛） １２０Ｃ以下,個,兵庫西部,07,544000,566000,22000,4.04,f65e9ccc0c7fcca6,1ca74e4521e5a427,112,112
配線材料,光成端箱（光アダプタ実装；ＳＣ型）,コネクタ（壁掛） １４０Ｃ以下,個,兵庫西部,07,666000,693000,27000,4.05,ea81835f88a35b02,915dadd288706286,112,112
配線材料,光成端箱（光アダプタ実装；ＳＣ型）,コネクタ（自立） ４０Ｃ以下,個,兵庫西部,07,434000,452000,18000,4.15,492f6a546b707c28,5084f2a4cd5b0b89,112,112
配線材料,光成端箱（光アダプタ実装；ＳＣ型）,コネクタ（自立） ６０Ｃ以下,個,兵庫西部,07,465000,484000,19000,4.09,ca0c55c5fcf447a7,a5cd97d4da641038,112,112
配線材料,光成端箱（光アダプタ実装；ＳＣ型）,コネクタ（自立） ８０Ｃ以下,個,兵庫西部,07,603000,628000,25000,4.15,33018acbeb0ba993,15cc7a79158e8f80,112,112
配線材料,光成端箱（光アダプタ実装；ＳＣ型）,コネクタ（自立） １００Ｃ以下,個,兵庫西部,07,629000,654000,25000,3.97,6ece880f0dda48b6,1a19e7298e261345,112,112
配線材料,光成端箱（光アダプタ実装；ＳＣ型）,コネクタ（自立） １２０Ｃ以下,個,兵庫西部,07,690000,717000,27000,3.91,19dc58a7ff93368e,49c2378d5ae71627,112,112
配線材料,光成端箱（光アダプタ実装；ＳＣ型）,コネクタ（自立） １４０Ｃ以下,個,兵庫西部,07,702000,730000,28000,3.99,7000291ad70c53da,eeb9df4a677d54c6,112,112
配線材料,光成端箱（光アダプタ実装；ＳＣ型）,コネクタ（自立） １６０Ｃ以下,個,兵庫西部,07,784000,815000,31000,3.95,d3d76f483e905073,4ff0c75a80cced83,112,112
配線材料,光成端箱（光アダプタ実装；ＳＣ型）,コネクタ（自立） １８０Ｃ以下,個,兵庫西部,07,1020000,1060000,40000,3.92,0d98370510a7b86e,03584ddde576ac6a,112,112
配線材料,光成端箱（光アダプタ実装；ＳＣ型）,コネクタ（自立） ２００Ｃ以下,個,兵庫西部,07,1170000,1220000,50000,4.27,3e89946d1ca34a99,25b79f3be4b5ef63,112,112
配線材料,光成端箱（光アダプタ実装；ＳＣ型）,コネクタ（自立） ２２０Ｃ以下,個,兵庫西部,07,1640000,1700000,60000,3.66,305b4c096556f980,564ed11f8e05a703,112,112
配線材料,光成端箱,融着（自立） １６０Ｃ以下,個,兵庫,08,270000,280000,10000,3.7,dee83e3148500bee,f90b36027f7f9fae,112,112
配線材料,光成端箱,融着（自立） １８０Ｃ以下,個,兵庫,08,271000,282000,11000,4.06,32930618172a973e,f35ec4c298a191f3,112,112
配線材料,光成端箱,融着（自立） ２００Ｃ以下,個,兵庫,08,272000,283000,11000,4.04,fa14543829c25bcc,4c4b0dd1e53abb84,112,112
配線材料,光成端箱,融着（自立） ２２０Ｃ以下,個,兵庫,08,316000,329000,13000,4.11,6e010fb545d88695,4416356ebd962413,112,112
配線材料,光成端箱,融着（自立） ２４０Ｃ以下,個,兵庫,08,318000,330000,12000,3.77,afbe1d0dbebb78b3,3195b144cbc94164,112,112
配線材料,光成端箱,融着（自立） ２６０Ｃ以下,個,兵庫,08,319000,332000,13000,4.08,90cabbb297afffe2,b7a4ce11935dbf73,112,112
配線材料,光成端箱,融着（自立） ２８０Ｃ以下,個,兵庫,08,321000,334000,13000,4.05,85216c4e0358b89f,26ebfcbe77e0f79a,112,112
配線材料,光成端箱,融着（自立） ３００Ｃ以下,個,兵庫,08,323000,336000,13000,4.02,c6aae3ebb6b6c42c,ec5a4985cd80dde6,112,112
配線材料,光成端箱（光アダプタ実装；ＳＣ型）,コネクタ（壁掛） １６Ｃ以下,個,兵庫,08,117000,122000,5000,4.27,a42a58be05fae063,ca7fcf1bb89d3e70,112,112
配線材料,光成端箱（光アダプタ実装；ＳＣ型）,コネクタ（壁掛） ４０Ｃ以下,個,兵庫,08,135000,140000,5000,3.7,0cfd22d46d053e66,e412a3b9942ee51c,112,112
配線材料,光成端箱（光アダプタ実装；ＳＣ型）,コネクタ（壁掛） ６０Ｃ以下,個,兵庫,08,356000,370000,14000,3.93,9f0ab797b152fcab,8766bfd200c21d93,112,112
配線材料,光成端箱（光アダプタ実装；ＳＣ型）,コネクタ（壁掛） ８０Ｃ以下,個,兵庫,08,448000,466000,18000,4.02,20021b05550da025,73f677bde741f639,112,112
配線材料,光成端箱（光アダプタ実装；ＳＣ型）,コネクタ（壁掛） １００Ｃ以下,個,兵庫,08,504000,524000,20000,3.97,f209230a1fb54081,cdad29c91b36cc26,112,112
配線材料,光成端箱（光アダプタ実装；ＳＣ型）,コネクタ（壁掛） １２０Ｃ以下,個,兵庫,08,544000,566000,22000,4.04,312b2cc6cb982ec6,7e93b0c3266e8fa0,112,112
配線材料,光成端箱（光アダプタ実装；ＳＣ型）,コネクタ（壁掛） １４０Ｃ以下,個,兵庫,08,666000,693000,27000,4.05,72769edeb3ca8b88,9044e9730d76a34b,112,112
配線材料,光成端箱（光アダプタ実装；ＳＣ型）,コネクタ（自立） ４０Ｃ以下,個,兵庫,08,434000,452000,18000,4.15,a134102d8b3b29d8,f3ecf13d7ef58b4c,112,112
配線材料,光成端箱（光アダプタ実装；ＳＣ型）,コネクタ（自立） ６０Ｃ以下,個,兵庫,08,465000,484000,19000,4.09,d7b1f260656a7da1,d14b48b2a5629fbc,112,112
配線材料,光成端箱（光アダプタ実装；ＳＣ型）,コネクタ（自立） ８０Ｃ以下,個,兵庫,08,603000,628000,25000,4.15,e994bb54199f3986,7ec135b3dc93a86f,112,112
配線材料,光成端箱（光アダプタ実装；ＳＣ型）,コネクタ（自立） １００Ｃ以下,個,兵庫,08,629000,654000,25000,3.97,8bdc326e76db5227,899811a69e5a3a31,112,112
配線材料,光成端箱（光アダプタ実装；ＳＣ型）,コネクタ（自立） １２０Ｃ以下,個,兵庫,08,690000,717000,27000,3.91,21e3ebd8d91cda1d,c1a4774f4e405445,112,112
配線材料,光成端箱（光アダプタ実装；ＳＣ型）,コネクタ（自立） １４０Ｃ以下,個,兵庫,08,702000,730000,28000,3.99,cba8a8d3d5f1d572,54d3110d3247bb9c,112,112
配線材料,光成端箱（光アダプタ実装；ＳＣ型）,コネクタ（自立） １６０Ｃ以下,個,兵庫,08,784000,815000,31000,3.95,cdef463dbc6ac079,ad73f1d271b0e3fa,112,112
配線材料,光成端箱（光アダプタ実装；ＳＣ型）,コネクタ（自立） １８０Ｃ以下,個,兵庫,08,1020000,1060000,40000,3.92,77cf094ac0872225,58da3ff5bf01fa66,112,112
配線材料,光成端箱（光アダプタ実装；ＳＣ型）,コネクタ（自立） ２００Ｃ以下,個,兵庫,08,1170000,1220000,50000,4.27,8f2622e6e5cfdbe2,a217c2375752ac31,112,112
配線材料,光成端箱（光アダプタ実装；ＳＣ型）,コネクタ（自立） ２２０Ｃ以下,個,兵庫,08,1640000,1700000,60000,3.66,85658aa311040b27,c3fc7d5206c229c4,112,112
配線材料,光成端箱,融着（自立） １６０Ｃ以下,個,奈良,09,270000,280000,10000,3.7,e1f3f77ec6a225a4,35b5a08763ac7afe,112,112
配線材料,光成端箱,融着（自立） １８０Ｃ以下,個,奈良,09,271000,282000,11000,4.06,0d01a1888054fe0f,ad1310ff077c0cd8,112,112
配線材料,光成端箱,融着（自立） ２００Ｃ以下,個,奈良,09,272000,283000,11000,4.04,12895fe41d9b5971,dd282d832da3242c,112,112
配線材料,光成端箱,融着（自立） ２２０Ｃ以下,個,奈良,09,316000,329000,13000,4.11,c3f614ded3fb26b8,315fdd57e29c0dbd,112,112
配線材料,光成端箱,融着（自立） ２４０Ｃ以下,個,奈良,09,318000,330000,12000,3.77,6551ae23d31c573d,85c04a1f5bff337f,112,112
配線材料,光成端箱,融着（自立） ２６０Ｃ以下,個,奈良,09,319000,332000,13000,4.08,2aaa970bafb416ac,5ac7cad3543a3d4e,112,112
配線材料,光成端箱,融着（自立） ２８０Ｃ以下,個,奈良,09,321000,334000,13000,4.05,d295130053462e75,d47bbdc13f420349,112,112
配線材料,光成端箱,融着（自立） ３００Ｃ以下,個,奈良,09,323000,336000,13000,4.02,e4091b7584286751,3634e5b00aee799e,112,112
配線材料,光成端箱（光アダプタ実装；ＳＣ型）,コネクタ（壁掛） １６Ｃ以下,個,奈良,09,117000,122000,5000,4.27,c46ab1f020461173,e42ae925a0458e26,112,112
配線材料,光成端箱（光アダプタ実装；ＳＣ型）,コネクタ（壁掛） ４０Ｃ以下,個,奈良,09,135000,140000,5000,3.7,9b4fc0df09e8be8f,e322e0c4eee51f27,112,112
配線材料,光成端箱（光アダプタ実装；ＳＣ型）,コネクタ（壁掛） ６０Ｃ以下,個,奈良,09,356000,370000,14000,3.93,88faeb49e7f61f8e,ce0d7bb85d13633f,112,112
配線材料,光成端箱（光アダプタ実装；ＳＣ型）,コネクタ（壁掛） ８０Ｃ以下,個,奈良,09,448000,466000,18000,4.02,0a12187a6adcc54f,5231860d3b5ca8a7,112,112
配線材料,光成端箱（光アダプタ実装；ＳＣ型）,コネクタ（壁掛） １００Ｃ以下,個,奈良,09,504000,524000,20000,3.97,71d4fb8175488fb6,37e37ee19fdf8cfb,112,112
配線材料,光成端箱（光アダプタ実装；ＳＣ型）,コネクタ（壁掛） １２０Ｃ以下,個,奈良,09,544000,566000,22000,4.04,91951d08d8f9381f,25f53569e1a38c58,112,112
配線材料,光成端箱（光アダプタ実装；ＳＣ型）,コネクタ（壁掛） １４０Ｃ以下,個,奈良,09,666000,693000,27000,4.05,2370779534673925,05e029a943c4ab87,112,112
配線材料,光成端箱（光アダプタ実装；ＳＣ型）,コネクタ（自立） ４０Ｃ以下,個,奈良,09,434000,452000,18000,4.15,3c00f9d4cb9ef5e4,9a96efdf14adc332,112,112
配線材料,光成端箱（光アダプタ実装；ＳＣ型）,コネクタ（自立） ６０Ｃ以下,個,奈良,09,465000,484000,19000,4.09,52bce0ca3debd706,0dc27a66505f60b7,112,112
配線材料,光成端箱（光アダプタ実装；ＳＣ型）,コネクタ（自立） ８０Ｃ以下,個,奈良,09,603000,628000,25000,4.15,527be6276a56430e,ecd89d7fecea762e,112,112
配線材料,光成端箱（光アダプタ実装；ＳＣ型）,コネクタ（自立） １００Ｃ以下,個,奈良,09,629000,654000,25000,3.97,82cd7330cb7d558c,9279b6aa36ccbf21,112,112
配線材料,光成端箱（光アダプタ実装；ＳＣ型）,コネクタ（自立） １２０Ｃ以下,個,奈良,09,690000,717000,27000,3.91,72dc84929a0d3b35,ab51009a797bd0d8,112,112
配線材料,光成端箱（光アダプタ実装；ＳＣ型）,コネクタ（自立） １４０Ｃ以下,個,奈良,09,702000,730000,28000,3.99,7dbe02616e9203fc,a1274700a4702631,112,112
配線材料,光成端箱（光アダプタ実装；ＳＣ型）,コネクタ（自立） １６０Ｃ以下,個,奈良,09,784000,815000,31000,3.95,1654dfb7443e473f,b7bc163dd38e522b,112,112
配線材料,光成端箱（光アダプタ実装；ＳＣ型）,コネクタ（自立） １８０Ｃ以下,個,奈良,09,1020000,1060000,40000,3.92,a1bd787ec3b4ae8f,a895d7485f6916c2,112,112
配線材料,光成端箱（光アダプタ実装；ＳＣ型）,コネクタ（自立） ２００Ｃ以下,個,奈良,09,1170000,1220000,50000,4.27,9c197a0debf47d0e,f0622c5ac28d9278,112,112
配線材料,光成端箱（光アダプタ実装；ＳＣ型）,コネクタ（自立） ２２０Ｃ以下,個,奈良,09,1640000,1700000,60000,3.66,caffcdfa6f6f9dfb,b5082a837e49d7cf,112,112
配線材料,光成端箱,融着（自立） １６０Ｃ以下,個,和歌山,10,270000,280000,10000,3.7,eaf3bda3ecde6298,c69f7542b8db4995,112,112
配線材料,光成端箱,融着（自立） １８０Ｃ以下,個,和歌山,10,271000,282000,11000,4.06,43c53ff5850654f4,22d94a29852c77f1,112,112
配線材料,光成端箱,融着（自立） ２００Ｃ以下,個,和歌山,10,272000,283000,11000,4.04,280306ae4bfef55c,a638dff052f3b7d9,112,112
配線材料,光成端箱,融着（自立） ２２０Ｃ以下,個,和歌山,10,316000,329000,13000,4.11,1156b6d274a96997,5f7070a7f4763ed7,112,112
配線材料,光成端箱,融着（自立） ２４０Ｃ以下,個,和歌山,10,318000,330000,12000,3.77,6f4ab6d88be0b595,daa2a21c70a775d1,112,112
配線材料,光成端箱,融着（自立） ２６０Ｃ以下,個,和歌山,10,319000,332000,13000,4.08,376815310c301a0c,7714789bd7e44343,112,112
配線材料,光成端箱,融着（自立） ２８０Ｃ以下,個,和歌山,10,321000,334000,13000,4.05,4837572d894083ec,e5ace44ecd779195,112,112
配線材料,光成端箱,融着（自立） ３００Ｃ以下,個,和歌山,10,323000,336000,13000,4.02,bf296d2a0cc6b8b9,2f595cb3f1225e0b,112,112
配線材料,光成端箱（光アダプタ実装；ＳＣ型）,コネクタ（壁掛） １６Ｃ以下,個,和歌山,10,117000,122000,5000,4.27,6105a09bb6d410eb,775cb88e7daa9221,112,112
配線材料,光成端箱（光アダプタ実装；ＳＣ型）,コネクタ（壁掛） ４０Ｃ以下,個,和歌山,10,135000,140000,5000,3.7,41eb2c9a6bacfdd7,d0b026cc9533a5bf,112,112
配線材料,光成端箱（光アダプタ実装；ＳＣ型）,コネクタ（壁掛） ６０Ｃ以下,個,和歌山,10,356000,370000,14000,3.93,49d2ec80450e1aae,78f239679e671593,112,112
配線材料,光成端箱（光アダプタ実装；ＳＣ型）,コネクタ（壁掛） ８０Ｃ以下,個,和歌山,10,448000,466000,18000,4.02,caeaab17ab4023ad,774c29de6b8eff30,112,112
配線材料,光成端箱（光アダプタ実装；ＳＣ型）,コネクタ（壁掛） １００Ｃ以下,個,和歌山,10,504000,524000,20000,3.97,8bafd24aa202b972,6df0b6b9d769a6b3,112,112
配線材料,光成端箱（光アダプタ実装；ＳＣ型）,コネクタ（壁掛） １２０Ｃ以下,個,和歌山,10,544000,566000,22000,4.04,c2abc1baf8ed25b0,836e6f8663986b8c,112,112
配線材料,光成端箱（光アダプタ実装；ＳＣ型）,コネクタ（壁掛） １４０Ｃ以下,個,和歌山,10,666000,693000,27000,4.05,ab79eac938fd1473,7b625c3cf0ffdaa1,112,112
配線材料,光成端箱（光アダプタ実装；ＳＣ型）,コネクタ（自立） ４０Ｃ以下,個,和歌山,10,434000,452000,18000,4.15,510949e9ed9e4df0,2490d062d4bf216d,112,112
配線材料,光成端箱（光アダプタ実装；ＳＣ型）,コネクタ（自立） ６０Ｃ以下,個,和歌山,10,465000,484000,19000,4.09,f25cb1505052b692,4e0c0452066c2beb,112,112
配線材料,光成端箱（光アダプタ実装；ＳＣ型）,コネクタ（自立） ８０Ｃ以下,個,和歌山,10,603000,628000,25000,4.15,d76964da907223ab,74da6eb23e5a2d65,112,112
配線材料,光成端箱（光アダプタ実装；ＳＣ型）,コネクタ（自立） １００Ｃ以下,個,和歌山,10,629000,654000,25000,3.97,76fb5fde6176b255,7d7ccf3a2903de2d,112,112
配線材料,光成端箱（光アダプタ実装；ＳＣ型）,コネクタ（自立） １２０Ｃ以下,個,和歌山,10,690000,717000,27000,3.91,093c9787ae27960b,87f7739dbc49a6c2,112,112
配線材料,光成端箱（光アダプタ実装；ＳＣ型）,コネクタ（自立） １４０Ｃ以下,個,和歌山,10,702000,730000,28000,3.99,df6a44108069c8a9,c519a1fbb8442fde,112,112
配線材料,光成端箱（光アダプタ実装；ＳＣ型）,コネクタ（自立） １６０Ｃ以下,個,和歌山,10,784000,815000,31000,3.95,af88f258ce3978b0,1505d361afb3a3c4,112,112
配線材料,光成端箱（光アダプタ実装；ＳＣ型）,コネクタ（自立） １８０Ｃ以下,個,和歌山,10,1020000,1060000,40000,3.92,15b3ccf3a91d0f90,760d6c5e41287a97,112,112
配線材料,光成端箱（光アダプタ実装；ＳＣ型）,コネクタ（自立） ２００Ｃ以下,個,和歌山,10,1170000,1220000,50000,4.27,d49ec5f697b5503f,94dd798b9ed66ef8,112,112
配線材料,光成端箱（光アダプタ実装；ＳＣ型）,コネクタ（自立） ２２０Ｃ以下,個,和歌山,10,1640000,1700000,60000,3.66,e0265c455af0babc,6b67ef0207ff6e8a,112,112
配線材料,光成端箱,融着（自立） １６０Ｃ以下,個,岐阜,11,270000,280000,10000,3.7,be9b9a9b66fbfdca,26a3506d226084b7,112,112
配線材料,光成端箱,融着（自立） １８０Ｃ以下,個,岐阜,11,271000,282000,11000,4.06,a16fcfef4e38aee6,adb4064b137f2b94,112,112
配線材料,光成端箱,融着（自立） ２００Ｃ以下,個,岐阜,11,272000,283000,11000,4.04,2df0a240edf382c2,fafa3d0c4f8293fa,112,112
配線材料,光成端箱,融着（自立） ２２０Ｃ以下,個,岐阜,11,316000,329000,13000,4.11,9c90faf20eaf75f5,2fef901bbe4f1309,112,112
配線材料,光成端箱,融着（自立） ２４０Ｃ以下,個,岐阜,11,318000,330000,12000,3.77,e2527c84f0f81aa8,3b6a8dfdecc80f78,112,112
配線材料,光成端箱,融着（自立） ２６０Ｃ以下,個,岐阜,11,319000,332000,13000,4.08,53da17b9accaabad,f3e4906cd7431e51,112,112
配線材料,光成端箱,融着（自立） ２８０Ｃ以下,個,岐阜,11,321000,334000,13000,4.05,58780e9d7dcd4db5,421eb8eab92a0f6e,112,112
配線材料,光成端箱,融着（自立） ３００Ｃ以下,個,岐阜,11,323000,336000,13000,4.02,dabb58c9a534bac6,1056ca53015223d9,112,112
配線材料,光成端箱（光アダプタ実装；ＳＣ型）,コネクタ（壁掛） １６Ｃ以下,個,岐阜,11,117000,122000,5000,4.27,a3dbeda5c71033a6,4f360d6d28367f42,112,112
配線材料,光成端箱（光アダプタ実装；ＳＣ型）,コネクタ（壁掛） ４０Ｃ以下,個,岐阜,11,135000,140000,5000,3.7,c69f81ad54a6be54,5aabb5549609174f,112,112
配線材料,光成端箱（光アダプタ実装；ＳＣ型）,コネクタ（壁掛） ６０Ｃ以下,個,岐阜,11,356000,370000,14000,3.93,0805d53ead875678,6f8f99acb843557f,112,112
配線材料,光成端箱（光アダプタ実装；ＳＣ型）,コネクタ（壁掛） ８０Ｃ以下,個,岐阜,11,448000,466000,18000,4.02,8ad0cf29a58c5d57,bb2f6189d29c5074,112,112
配線材料,光成端箱（光アダプタ実装；ＳＣ型）,コネクタ（壁掛） １００Ｃ以下,個,岐阜,11,504000,524000,20000,3.97,6922f9e3bfb2f6bf,6880999f8ab7b859,112,112
配線材料,光成端箱（光アダプタ実装；ＳＣ型）,コネクタ（壁掛） １２０Ｃ以下,個,岐阜,11,544000,566000,22000,4.04,61f004c4595a8e95,6c55bcd462b9878c,112,112
配線材料,光成端箱（光アダプタ実装；ＳＣ型）,コネクタ（壁掛） １４０Ｃ以下,個,岐阜,11,666000,693000,27000,4.05,51db503e867e249b,45786fa96e831e13,112,112
配線材料,光成端箱（光アダプタ実装；ＳＣ型）,コネクタ（自立） ４０Ｃ以下,個,岐阜,11,434000,452000,18000,4.15,c82a7172b2ca6cdf,c54cddb7973eb4a2,112,112
配線材料,光成端箱（光アダプタ実装；ＳＣ型）,コネクタ（自立） ６０Ｃ以下,個,岐阜,11,465000,484000,19000,4.09,b4219b324b7943fe,2be6f8de113dad31,112,112
配線材料,光成端箱（光アダプタ実装；ＳＣ型）,コネクタ（自立） ８０Ｃ以下,個,岐阜,11,603000,628000,25000,4.15,5b2e84d234ce3162,a12edc7b6a5bae0d,112,112
配線材料,光成端箱（光アダプタ実装；ＳＣ型）,コネクタ（自立） １００Ｃ以下,個,岐阜,11,629000,654000,25000,3.97,59562104ca186c18,9562ee82966175f3,112,112
配線材料,光成端箱（光アダプタ実装；ＳＣ型）,コネクタ（自立） １２０Ｃ以下,個,岐阜,11,690000,717000,27000,3.91,7674e9e08216ee50,e531b42094c4a2fb,112,112
配線材料,光成端箱（光アダプタ実装；ＳＣ型）,コネクタ（自立） １４０Ｃ以下,個,岐阜,11,702000,730000,28000,3.99,31d33a510290f417,e4caf715f53dbc23,112,112
配線材料,光成端箱（光アダプタ実装；ＳＣ型）,コネクタ（自立） １６０Ｃ以下,個,岐阜,11,784000,815000,31000,3.95,e7c3fcddaaa42e62,04e1164ed5b7ba5e,112,112
配線材料,光成端箱（光アダプタ実装；ＳＣ型）,コネクタ（自立） １８０Ｃ以下,個,岐阜,11,1020000,1060000,40000,3.92,6896835e9570ee39,a0efbb0a485096da,112,112
配線材料,光成端箱（光アダプタ実装；ＳＣ型）,コネクタ（自立） ２００Ｃ以下,個,岐阜,11,1170000,1220000,50000,4.27,c159a8e7eb79d113,98eacdcb700247d9,112,112
配線材料,光成端箱（光アダプタ実装；ＳＣ型）,コネクタ（自立） ２２０Ｃ以下,個,岐阜,11,1640000,1700000,60000,3.66,0a11c5d297303168,c8f074096c871c19,112,112
配線材料,光成端箱,融着（自立） １６０Ｃ以下,個,三重,12,270000,280000,10000,3.7,58f6c94c4998a81b,a881029a88d50bd6,112,112
配線材料,光成端箱,融着（自立） １８０Ｃ以下,個,三重,12,271000,282000,11000,4.06,7147512120e127a6,23b66d8e92fec98b,112,112
配線材料,光成端箱,融着（自立） ２００Ｃ以下,個,三重,12,272000,283000,11000,4.04,634d71a93d7651c6,529cf2c7f5059c12,112,112
配線材料,光成端箱,融着（自立） ２２０Ｃ以下,個,三重,12,316000,329000,13000,4.11,620744b052770007,4ed91e16366a4d15,112,112
配線材料,光成端箱,融着（自立） ２４０Ｃ以下,個,三重,12,318000,330000,12000,3.77,365b29408034a8a0,3bfcc79d9506521c,112,112
配線材料,光成端箱,融着（自立） ２６０Ｃ以下,個,三重,12,319000,332000,13000,4.08,c293258de4316ea4,09a8388c74bba6e3,112,112
配線材料,光成端箱,融着（自立） ２８０Ｃ以下,個,三重,12,321000,334000,13000,4.05,6c8d43b1fa75d229,d23da70fc3572365,112,112
配線材料,光成端箱,融着（自立） ３００Ｃ以下,個,三重,12,323000,336000,13000,4.02,d6990583e394383a,65535d3be1b90cd0,112,112
配線材料,光成端箱（光アダプタ実装；ＳＣ型）,コネクタ（壁掛） １６Ｃ以下,個,三重,12,117000,122000,5000,4.27,875fa529ac810dee,6fc7c4cf91449dcf,112,112
配線材料,光成端箱（光アダプタ実装；ＳＣ型）,コネクタ（壁掛） ４０Ｃ以下,個,三重,12,135000,140000,5000,3.7,c69540536df3fca2,62a00096f30ce3c0,112,112
配線材料,光成端箱（光アダプタ実装；ＳＣ型）,コネクタ（壁掛） ６０Ｃ以下,個,三重,12,356000,370000,14000,3.93,3bca757cfdd297a2,4fd547faa883803d,112,112
配線材料,光成端箱（光アダプタ実装；ＳＣ型）,コネクタ（壁掛） ８０Ｃ以下,個,三重,12,448000,466000,18000,4.02,4ee72af2a8c5c959,4599b2c698f4394b,112,112
配線材料,光成端箱（光アダプタ実装；ＳＣ型）,コネクタ（壁掛） １００Ｃ以下,個,三重,12,504000,524000,20000,3.97,558a82b30daafcd0,ec671c07df1d0566,112,112
配線材料,光成端箱（光アダプタ実装；ＳＣ型）,コネクタ（壁掛） １２０Ｃ以下,個,三重,12,544000,566000,22000,4.04,6fa7561885b3f6da,cc9c3ed3a0c57427,112,112
配線材料,光成端箱（光アダプタ実装；ＳＣ型）,コネクタ（壁掛） １４０Ｃ以下,個,三重,12,666000,693000,27000,4.05,0d37fa4cc1cf9e82,ff5d9e913106e3a1,112,112
配線材料,光成端箱（光アダプタ実装；ＳＣ型）,コネクタ（自立） ４０Ｃ以下,個,三重,12,434000,452000,18000,4.15,5bebbf5cdc529bbd,ab42347df3fd41dd,112,112
配線材料,光成端箱（光アダプタ実装；ＳＣ型）,コネクタ（自立） ６０Ｃ以下,個,三重,12,465000,484000,19000,4.09,d34f0aaa5216e90d,a7237d4f4cc34ed2,112,112
配線材料,光成端箱（光アダプタ実装；ＳＣ型）,コネクタ（自立） ８０Ｃ以下,個,三重,12,603000,628000,25000,4.15,6dd241c750ee0deb,c78d2fa20ebfea01,112,112
配線材料,光成端箱（光アダプタ実装；ＳＣ型）,コネクタ（自立） １００Ｃ以下,個,三重,12,629000,654000,25000,3.97,4e4ce900eef91ba4,b44c3fc086af2e21,112,112
配線材料,光成端箱（光アダプタ実装；ＳＣ型）,コネクタ（自立） １２０Ｃ以下,個,三重,12,690000,717000,27000,3.91,8e6160d9e797ebfc,fdf110b21cb6e9b5,112,112
配線材料,光成端箱（光アダプタ実装；ＳＣ型）,コネクタ（自立） １４０Ｃ以下,個,三重,12,702000,730000,28000,3.99,d0d9ea299b6afb40,9fe1a306cc9e74d3,112,112
配線材料,光成端箱（光アダプタ実装；ＳＣ型）,コネクタ（自立） １６０Ｃ以下,個,三重,12,784000,815000,31000,3.95,76b12760746e9bd7,d788cf4a18a09024,112,112
配線材料,光成端箱（光アダプタ実装；ＳＣ型）,コネクタ（自立） １８０Ｃ以下,個,三重,12,1020000,1060000,40000,3.92,1b6887f4f6538aa6,7835deac352513be,112,112
配線材料,光成端箱（光アダプタ実装；ＳＣ型）,コネクタ（自立） ２００Ｃ以下,個,三重,12,1170000,1220000,50000,4.27,f5f87c646b0102b5,f606ed60bcbe18f2,112,112
配線材料,光成端箱（光アダプタ実装；ＳＣ型）,コネクタ（自立） ２２０Ｃ以下,個,三重,12,1640000,1700000,60000,3.66,facb1a14e0e63e52,dd84bd34861c45e0,112,112
配線材料,光成端箱（光アダプタ実装；ＳＣ型）,コネクタ（自立） ２４０Ｃ以下,個,福井,01,1670000,1740000,70000,4.19,fbc88cef6076e426,f7ce0016c20d7ffd,113,113
配線材料,光成端箱（光アダプタ実装；ＳＣ型）,コネクタ（自立） ２６０Ｃ以下,個,福井,01,1710000,1780000,70000,4.09,5387759143f3c371,ea32e17db10be61b,113,113
配線材料,光成端箱（光アダプタ実装；ＳＣ型）,コネクタ（自立） ２８０Ｃ以下,個,福井,01,1760000,1830000,70000,3.98,6733429323ccbdcd,b53ca330078edfdb,113,113
配線材料,光成端箱（光アダプタ実装；ＳＣ型）,コネクタ（自立） ３００Ｃ以下,個,福井,01,1800000,1870000,70000,3.89,5b882be65a14f7d0,82bd12211f25d41a,113,113
配線材料,光成端箱（光アダプタ実装；ＳＣ型）,コネクタ（自立） ３２０Ｃ以下,個,福井,01,2040000,2130000,90000,4.41,106979f96fd4f263,18eed46a67f7168c,113,113
配線材料,光成端箱（光アダプタ実装；ＳＣ型）,コネクタ（自立） ３６０Ｃ以下,個,福井,01,2140000,2230000,90000,4.21,b6f7109c15623f17,a90073545477a6ad,113,113
配線材料,光成端箱（光アダプタ実装；ＳＣ型）,コネクタ（自立） ４００Ｃ以下,個,福井,01,2210000,2300000,90000,4.07,02e4d46e3f4b4011,c5e2f1046ad9b9b6,113,113
配線材料,光成端箱（光アダプタ実装；ＳＣ型）,コネクタ（自立） ４４０Ｃ以下,個,福井,01,2460000,2560000,100000,4.07,fcb915edeb44174d,6a11718813437b0b,113,113
配線材料,光成端箱（光アダプタ実装；ＳＣ型）,コネクタ（自立） ４８０Ｃ以下,個,福井,01,2560000,2660000,100000,3.91,07aa3ee2b0c5016a,28987947303aa77c,113,113
配線材料,光成端箱（光アダプタ実装；ＳＣ型）,コネクタ（自立） ５２０Ｃ以下,個,福井,01,2920000,3040000,120000,4.11,c5d60faa2339d331,b9b44af79a443df7,113,113
配線材料,光成端箱（光アダプタ実装；ＳＣ型）,コネクタ（自立） ５６０Ｃ以下,個,福井,01,3010000,3130000,120000,3.99,b240e448a6d5aa55,164aec6321c58a9a,113,113
配線材料,光成端箱（光アダプタ実装；ＳＣ型）,コネクタ（自立） ６００Ｃ以下,個,福井,01,3110000,3240000,130000,4.18,704f5a4ff9af7565,a1b5e912159cc3f0,113,113
配線材料,光成端箱（光アダプタ実装；ＦＣ型）,コネクタ（壁掛） １６Ｃ以下,個,福井,01,130000,136000,6000,4.62,7650b63060e5a430,643cc9e9b21ad688,113,113
配線材料,光成端箱（光アダプタ実装；ＦＣ型）,コネクタ（壁掛） ４０Ｃ以下,個,福井,01,170000,177000,7000,4.12,9be3651867abff38,fdced7b8900677b5,113,113
配線材料,光成端箱（光アダプタ実装；ＦＣ型）,コネクタ（壁掛） ６０Ｃ以下,個,福井,01,387000,402000,15000,3.88,dbcd9acad2f13e32,39b972c983557d10,113,113
配線材料,光成端箱（光アダプタ実装；ＦＣ型）,コネクタ（壁掛） ８０Ｃ以下,個,福井,01,484000,504000,20000,4.13,42a0fadda408e610,cb447267fb926220,113,113
配線材料,光成端箱（光アダプタ実装；ＦＣ型）,コネクタ（壁掛） １００Ｃ以下,個,福井,01,544000,566000,22000,4.04,ff6e73fac51ea5fc,f2815f357924a179,113,113
配線材料,光成端箱（光アダプタ実装；ＦＣ型）,コネクタ（壁掛） １２０Ｃ以下,個,福井,01,625000,650000,25000,4.0,fe1e72ef74296cd8,0f29a092997256c7,113,113
配線材料,光成端箱（光アダプタ実装；ＦＣ型）,コネクタ（壁掛） １４０Ｃ以下,個,福井,01,705000,733000,28000,3.97,53bc2843c1cff794,8f86966dc6fd3c56,113,113
配線材料,光成端箱（光アダプタ実装；ＦＣ型）,コネクタ（自立） ４０Ｃ以下,個,福井,01,438000,455000,17000,3.88,078bf749c634fda8,10fd5bb6d86bd3a1,113,113
配線材料,光成端箱（光アダプタ実装；ＦＣ型）,コネクタ（自立） ６０Ｃ以下,個,福井,01,506000,526000,20000,3.95,9d80ace7a3100c06,f25a8e23b7ce7c83,113,113
配線材料,光成端箱（光アダプタ実装；ＦＣ型）,コネクタ（自立） ８０Ｃ以下,個,福井,01,605000,629000,24000,3.97,228fb2bb4534ff75,23d9916e4200b556,113,113
配線材料,光成端箱（光アダプタ実装；ＦＣ型）,コネクタ（自立） １００Ｃ以下,個,福井,01,643000,669000,26000,4.04,5e67880b9ad40231,b0a1c024a863a040,113,113
配線材料,光成端箱（光アダプタ実装；ＦＣ型）,コネクタ（自立） １２０Ｃ以下,個,福井,01,705000,733000,28000,3.97,fb2fd41bafa38cb3,bb66d9061d31b118,113,113
配線材料,光成端箱（光アダプタ実装；ＦＣ型）,コネクタ（自立） １４０Ｃ以下,個,福井,01,728000,757000,29000,3.98,6af84cb4e366bcb2,1b54ffc1d1c0c6cb,113,113
配線材料,光成端箱（光アダプタ実装；ＳＣ型）,コネクタ（自立） ２４０Ｃ以下,個,滋賀,02,1670000,1740000,70000,4.19,10a98792388f9bfa,4155a8715900509f,113,113
配線材料,光成端箱（光アダプタ実装；ＳＣ型）,コネクタ（自立） ２６０Ｃ以下,個,滋賀,02,1710000,1780000,70000,4.09,3974cfc936325160,dd1872436ffc35de,113,113
配線材料,光成端箱（光アダプタ実装；ＳＣ型）,コネクタ（自立） ２８０Ｃ以下,個,滋賀,02,1760000,1830000,70000,3.98,ce3f979dfbff6de0,99544ddd8b16d00c,113,113
配線材料,光成端箱（光アダプタ実装；ＳＣ型）,コネクタ（自立） ３００Ｃ以下,個,滋賀,02,1800000,1870000,70000,3.89,bfb66f934abaf993,6ad365a5782ac3ea,113,113
配線材料,光成端箱（光アダプタ実装；ＳＣ型）,コネクタ（自立） ３２０Ｃ以下,個,滋賀,02,2040000,2130000,90000,4.41,9bb3f7ce6a3ba5b7,d66d571ff54697a9,113,113
配線材料,光成端箱（光アダプタ実装；ＳＣ型）,コネクタ（自立） ３６０Ｃ以下,個,滋賀,02,2140000,2230000,90000,4.21,f112cd19b5d1338e,4278f5bcfaf20eb6,113,113
配線材料,光成端箱（光アダプタ実装；ＳＣ型）,コネクタ（自立） ４００Ｃ以下,個,滋賀,02,2210000,2300000,90000,4.07,2fac3de93cb4bfd9,9b5e319e6ceabeb3,113,113
配線材料,光成端箱（光アダプタ実装；ＳＣ型）,コネクタ（自立） ４４０Ｃ以下,個,滋賀,02,2460000,2560000,100000,4.07,ccb7e583120ad5f7,1448330c0f4c9440,113,113
配線材料,光成端箱（光アダプタ実装；ＳＣ型）,コネクタ（自立） ４８０Ｃ以下,個,滋賀,02,2560000,2660000,100000,3.91,3c90ca7cd929aa22,5350a2963c2fa2eb,113,113
配線材料,光成端箱（光アダプタ実装；ＳＣ型）,コネクタ（自立） ５２０Ｃ以下,個,滋賀,02,2920000,3040000,120000,4.11,8106e5d81cfde51f,31bd0ce941cd1e3a,113,113
配線材料,光成端箱（光アダプタ実装；ＳＣ型）,コネクタ（自立） ５６０Ｃ以下,個,滋賀,02,3010000,3130000,120000,3.99,c8340afd80cb1460,05ca6c1346f9d753,113,113
配線材料,光成端箱（光アダプタ実装；ＳＣ型）,コネクタ（自立） ６００Ｃ以下,個,滋賀,02,3110000,3240000,130000,4.18,a7ec22edcc6089e9,5844bf637932102f,113,113
配線材料,光成端箱（光アダプタ実装；ＦＣ型）,コネクタ（壁掛） １６Ｃ以下,個,滋賀,02,130000,136000,6000,4.62,dbd75baac54c9caa,8a70614b7123da2a,113,113
配線材料,光成端箱（光アダプタ実装；ＦＣ型）,コネクタ（壁掛） ４０Ｃ以下,個,滋賀,02,170000,177000,7000,4.12,7e8eb64c828ef737,63c79850bc0900b1,113,113
配線材料,光成端箱（光アダプタ実装；ＦＣ型）,コネクタ（壁掛） ６０Ｃ以下,個,滋賀,02,387000,402000,15000,3.88,b80c6fee5db6f446,4faa934ddea08210,113,113
配線材料,光成端箱（光アダプタ実装；ＦＣ型）,コネクタ（壁掛） ８０Ｃ以下,個,滋賀,02,484000,504000,20000,4.13,17193835fe65ae0f,53531bcca26478fe,113,113
配線材料,光成端箱（光アダプタ実装；ＦＣ型）,コネクタ（壁掛） １００Ｃ以下,個,滋賀,02,544000,566000,22000,4.04,15682bffb438bfaf,81433a6729b31e08,113,113
配線材料,光成端箱（光アダプタ実装；ＦＣ型）,コネクタ（壁掛） １２０Ｃ以下,個,滋賀,02,625000,650000,25000,4.0,eb4428c68e732e43,18273a1dfe414b00,113,113
配線材料,光成端箱（光アダプタ実装；ＦＣ型）,コネクタ（壁掛） １４０Ｃ以下,個,滋賀,02,705000,733000,28000,3.97,ea75858674aab530,a70da5f3121d5762,113,113
配線材料,光成端箱（光アダプタ実装；ＦＣ型）,コネクタ（自立） ４０Ｃ以下,個,滋賀,02,438000,455000,17000,3.88,bca8923b1ca6c187,5bffdf2360234362,113,113
配線材料,光成端箱（光アダプタ実装；ＦＣ型）,コネクタ（自立） ６０Ｃ以下,個,滋賀,02,506000,526000,20000,3.95,5fc345eca26d9373,12d10d6c44359827,113,113
配線材料,光成端箱（光アダプタ実装；ＦＣ型）,コネクタ（自立） ８０Ｃ以下,個,滋賀,02,605000,629000,24000,3.97,a3e9b5ed96b68520,a875f558cd7c86da,113,113
配線材料,光成端箱（光アダプタ実装；ＦＣ型）,コネクタ（自立） １００Ｃ以下,個,滋賀,02,643000,669000,26000,4.04,def253162d687baa,8485aede1cf2bcb2,113,113
配線材料,光成端箱（光アダプタ実装；ＦＣ型）,コネクタ（自立） １２０Ｃ以下,個,滋賀,02,705000,733000,28000,3.97,db9eb7a4082f516c,f678515c6bf2d0d2,113,113
配線材料,光成端箱（光アダプタ実装；ＦＣ型）,コネクタ（自立） １４０Ｃ以下,個,滋賀,02,728000,757000,29000,3.98,fd21c5e3e8921ff6,43fef8e1126b786d,113,113
配線材料,光成端箱（光アダプタ実装；ＳＣ型）,コネクタ（自立） ２４０Ｃ以下,個,京都北部,03,1670000,1740000,70000,4.19,6c0e73cdd5604aba,a7822a6153d47f00,113,113
配線材料,光成端箱（光アダプタ実装；ＳＣ型）,コネクタ（自立） ２６０Ｃ以下,個,京都北部,03,1710000,1780000,70000,4.09,a8a3614900ad0d64,ba7405aad307bddf,113,113
配線材料,光成端箱（光アダプタ実装；ＳＣ型）,コネクタ（自立） ２８０Ｃ以下,個,京都北部,03,1760000,1830000,70000,3.98,1ff9fa1dc4da9aef,36ff8903bc42d653,113,113
配線材料,光成端箱（光アダプタ実装；ＳＣ型）,コネクタ（自立） ３００Ｃ以下,個,京都北部,03,1800000,1870000,70000,3.89,ca338d5e89fbdfd4,adc588409981891d,113,113
配線材料,光成端箱（光アダプタ実装；ＳＣ型）,コネクタ（自立） ３２０Ｃ以下,個,京都北部,03,2040000,2130000,90000,4.41,0f84d9707d2a05c8,75761fc0cc33212e,113,113
配線材料,光成端箱（光アダプタ実装；ＳＣ型）,コネクタ（自立） ３６０Ｃ以下,個,京都北部,03,2140000,2230000,90000,4.21,0fba2c14ee913aac,a4042ef6c08fe0f7,113,113
配線材料,光成端箱（光アダプタ実装；ＳＣ型）,コネクタ（自立） ４００Ｃ以下,個,京都北部,03,2210000,2300000,90000,4.07,88bbc78cc1715463,851e050791418eaa,113,113
配線材料,光成端箱（光アダプタ実装；ＳＣ型）,コネクタ（自立） ４４０Ｃ以下,個,京都北部,03,2460000,2560000,100000,4.07,e87ae8208022e153,5d4c9563c9ad4b5a,113,113
配線材料,光成端箱（光アダプタ実装；ＳＣ型）,コネクタ（自立） ４８０Ｃ以下,個,京都北部,03,2560000,2660000,100000,3.91,a91242d70bfc53fc,d6b7e0ef85a10c97,113,113
配線材料,光成端箱（光アダプタ実装；ＳＣ型）,コネクタ（自立） ５２０Ｃ以下,個,京都北部,03,2920000,3040000,120000,4.11,26bc4a70fc024b24,cd49328869d737ca,113,113
配線材料,光成端箱（光アダプタ実装；ＳＣ型）,コネクタ（自立） ５６０Ｃ以下,個,京都北部,03,3010000,3130000,120000,3.99,ea63429b61680299,0a6f2a2ddf84a07f,113,113
配線材料,光成端箱（光アダプタ実装；ＳＣ型）,コネクタ（自立） ６００Ｃ以下,個,京都北部,03,3110000,3240000,130000,4.18,38fd3009ea6ad8f8,74756418f1346fe4,113,113
配線材料,光成端箱（光アダプタ実装；ＦＣ型）,コネクタ（壁掛） １６Ｃ以下,個,京都北部,03,130000,136000,6000,4.62,39018c655446d1db,f1551b4ef90e24f0,113,113
配線材料,光成端箱（光アダプタ実装；ＦＣ型）,コネクタ（壁掛） ４０Ｃ以下,個,京都北部,03,170000,177000,7000,4.12,bd215003af0fcaee,13be30ee68c8af81,113,113
配線材料,光成端箱（光アダプタ実装；ＦＣ型）,コネクタ（壁掛） ６０Ｃ以下,個,京都北部,03,387000,402000,15000,3.88,a1115533a157c44a,18853ff19e6d390f,113,113
配線材料,光成端箱（光アダプタ実装；ＦＣ型）,コネクタ（壁掛） ８０Ｃ以下,個,京都北部,03,484000,504000,20000,4.13,ef93c56cdf8a59bb,bacc2d497a80633d,113,113
配線材料,光成端箱（光アダプタ実装；ＦＣ型）,コネクタ（壁掛） １００Ｃ以下,個,京都北部,03,544000,566000,22000,4.04,8a1743b45ec97e92,5a027fe91711db8a,113,113
配線材料,光成端箱（光アダプタ実装；ＦＣ型）,コネクタ（壁掛） １２０Ｃ以下,個,京都北部,03,625000,650000,25000,4.0,ed4cf2b18f629ebe,00e6a93185418428,113,113
配線材料,光成端箱（光アダプタ実装；ＦＣ型）,コネクタ（壁掛） １４０Ｃ以下,個,京都北部,03,705000,733000,28000,3.97,fdbeaf927c270e56,5644551193aa618b,113,113
配線材料,光成端箱（光アダプタ実装；ＦＣ型）,コネクタ（自立） ４０Ｃ以下,個,京都北部,03,438000,455000,17000,3.88,18b765f078d14c05,d942c059fa321ed6,113,113
配線材料,光成端箱（光アダプタ実装；ＦＣ型）,コネクタ（自立） ６０Ｃ以下,個,京都北部,03,506000,526000,20000,3.95,7f44915ab81c1fc5,f3c4cb5b2690004f,113,113
配線材料,光成端箱（光アダプタ実装；ＦＣ型）,コネクタ（自立） ８０Ｃ以下,個,京都北部,03,605000,629000,24000,3.97,1cad76fc00e0dd5f,c6392a996d203ae2,113,113
配線材料,光成端箱（光アダプタ実装；ＦＣ型）,コネクタ（自立） １００Ｃ以下,個,京都北部,03,643000,669000,26000,4.04,b7dd42f14083a59a,3e12754feabb3adc,113,113
配線材料,光成端箱（光アダプタ実装；ＦＣ型）,コネクタ（自立） １２０Ｃ以下,個,京都北部,03,705000,733000,28000,3.97,29e1be850ba5432a,293ece0f042d8fd0,113,113
配線材料,光成端箱（光アダプタ実装；ＦＣ型）,コネクタ（自立） １４０Ｃ以下,個,京都北部,03,728000,757000,29000,3.98,e144a39ca2797d74,b6e61f42fad84877,113,113
配線材料,光成端箱（光アダプタ実装；ＳＣ型）,コネクタ（自立） ２４０Ｃ以下,個,京都南部,04,1670000,1740000,70000,4.19,5c2f5c31c2cae226,59ffeeaab6f82d7c,113,113
配線材料,光成端箱（光アダプタ実装；ＳＣ型）,コネクタ（自立） ２６０Ｃ以下,個,京都南部,04,1710000,1780000,70000,4.09,09166c77427eb3df,7640c98d9fc075bf,113,113
配線材料,光成端箱（光アダプタ実装；ＳＣ型）,コネクタ（自立） ２８０Ｃ以下,個,京都南部,04,1760000,1830000,70000,3.98,4811b95c791b581e,f07878f8499d2111,113,113
配線材料,光成端箱（光アダプタ実装；ＳＣ型）,コネクタ（自立） ３００Ｃ以下,個,京都南部,04,1800000,1870000,70000,3.89,6fdd001d61c8e94a,606c6c33d80d1975,113,113
配線材料,光成端箱（光アダプタ実装；ＳＣ型）,コネクタ（自立） ３２０Ｃ以下,個,京都南部,04,2040000,2130000,90000,4.41,3ed1f8c315a60650,0515636e7dd9da75,113,113
配線材料,光成端箱（光アダプタ実装；ＳＣ型）,コネクタ（自立） ３６０Ｃ以下,個,京都南部,04,2140000,2230000,90000,4.21,1cd2f5fe74431127,2f2c4f7f6abf849b,113,113
配線材料,光成端箱（光アダプタ実装；ＳＣ型）,コネクタ（自立） ４００Ｃ以下,個,京都南部,04,2210000,2300000,90000,4.07,06a3a4adf33e83d0,b001993d12a9f784,113,113
配線材料,光成端箱（光アダプタ実装；ＳＣ型）,コネクタ（自立） ４４０Ｃ以下,個,京都南部,04,2460000,2560000,100000,4.07,4c8c14c0714ddd20,d4276515905fc4f0,113,113
配線材料,光成端箱（光アダプタ実装；ＳＣ型）,コネクタ（自立） ４８０Ｃ以下,個,京都南部,04,2560000,2660000,100000,3.91,d3d66e06d588d47d,59dea6b6d55bcbaa,113,113
配線材料,光成端箱（光アダプタ実装；ＳＣ型）,コネクタ（自立） ５２０Ｃ以下,個,京都南部,04,2920000,3040000,120000,4.11,acbabfca760a8237,e2cdd5032ede5ae1,113,113
配線材料,光成端箱（光アダプタ実装；ＳＣ型）,コネクタ（自立） ５６０Ｃ以下,個,京都南部,04,3010000,3130000,120000,3.99,3d29abdaf3a29ce1,2daefecd94374293,113,113
配線材料,光成端箱（光アダプタ実装；ＳＣ型）,コネクタ（自立） ６００Ｃ以下,個,京都南部,04,3110000,3240000,130000,4.18,162d0aad628789a1,3be61778e732a779,113,113
配線材料,光成端箱（光アダプタ実装；ＦＣ型）,コネクタ（壁掛） １６Ｃ以下,個,京都南部,04,130000,136000,6000,4.62,29716d711154324d,6f9379e17cfd60f6,113,113
配線材料,光成端箱（光アダプタ実装；ＦＣ型）,コネクタ（壁掛） ４０Ｃ以下,個,京都南部,04,170000,177000,7000,4.12,fc26cbd41beebf7b,3b68b04ad646d6d9,113,113
配線材料,光成端箱（光アダプタ実装；ＦＣ型）,コネクタ（壁掛） ６０Ｃ以下,個,京都南部,04,387000,402000,15000,3.88,ab48b41a8b14b06c,d68781fbc73375c3,113,113
配線材料,光成端箱（光アダプタ実装；ＦＣ型）,コネクタ（壁掛） ８０Ｃ以下,個,京都南部,04,484000,504000,20000,4.13,b615acfb963b2752,a863ca96309dadfd,113,113
配線材料,光成端箱（光アダプタ実装；ＦＣ型）,コネクタ（壁掛） １００Ｃ以下,個,京都南部,04,544000,566000,22000,4.04,5728f5a17f932da4,0c2b4fbe63c19980,113,113
配線材料,光成端箱（光アダプタ実装；ＦＣ型）,コネクタ（壁掛） １２０Ｃ以下,個,京都南部,04,625000,650000,25000,4.0,f2da367e8d821ee8,f6bf00ff7a15fce5,113,113
配線材料,光成端箱（光アダプタ実装；ＦＣ型）,コネクタ（壁掛） １４０Ｃ以下,個,京都南部,04,705000,733000,28000,3.97,6e573df3e6ea7d6a,22572f3f38a76475,113,113
配線材料,光成端箱（光アダプタ実装；ＦＣ型）,コネクタ（自立） ４０Ｃ以下,個,京都南部,04,438000,455000,17000,3.88,025f9b673b484811,4b3ec8bd94a8bf86,113,113
配線材料,光成端箱（光アダプタ実装；ＦＣ型）,コネクタ（自立） ６０Ｃ以下,個,京都南部,04,506000,526000,20000,3.95,76f71af04c6e0da2,a48e4004f4d677b8,113,113
配線材料,光成端箱（光アダプタ実装；ＦＣ型）,コネクタ（自立） ８０Ｃ以下,個,京都南部,04,605000,629000,24000,3.97,1c1e0e377981e888,0a9db60c8276273a,113,113
配線材料,光成端箱（光アダプタ実装；ＦＣ型）,コネクタ（自立） １００Ｃ以下,個,京都南部,04,643000,669000,26000,4.04,edc7aa44b0b6de05,159673e9766e0f30,113,113
配線材料,光成端箱（光アダプタ実装；ＦＣ型）,コネクタ（自立） １２０Ｃ以下,個,京都南部,04,705000,733000,28000,3.97,75dc347bb9ed4bd2,b7367fb622efb995,113,113
配線材料,光成端箱（光アダプタ実装；ＦＣ型）,コネクタ（自立） １４０Ｃ以下,個,京都南部,04,728000,757000,29000,3.98,b95b3dd09dd80800,4b8c9110b724a1ee,113,113
配線材料,光成端箱（光アダプタ実装；ＳＣ型）,コネクタ（自立） ２４０Ｃ以下,個,大阪,05,1670000,1740000,70000,4.19,fdec4dda3b100873,60e172b1f5e72670,113,113
配線材料,光成端箱（光アダプタ実装；ＳＣ型）,コネクタ（自立） ２６０Ｃ以下,個,大阪,05,1710000,1780000,70000,4.09,61670c39815a4a69,5de164d1ece1380f,113,113
配線材料,光成端箱（光アダプタ実装；ＳＣ型）,コネクタ（自立） ２８０Ｃ以下,個,大阪,05,1760000,1830000,70000,3.98,7f5c7acf563ecc4d,a6b697a82b2aa275,113,113
配線材料,光成端箱（光アダプタ実装；ＳＣ型）,コネクタ（自立） ３００Ｃ以下,個,大阪,05,1800000,1870000,70000,3.89,e2e6d34e55c1c3df,7b343e66fc638995,113,113
配線材料,光成端箱（光アダプタ実装；ＳＣ型）,コネクタ（自立） ３２０Ｃ以下,個,大阪,05,2040000,2130000,90000,4.41,78a82d80d08ffe8f,20303e5127021aac,113,113
配線材料,光成端箱（光アダプタ実装；ＳＣ型）,コネクタ（自立） ３６０Ｃ以下,個,大阪,05,2140000,2230000,90000,4.21,42400c537213cadf,b1533b00a12fd52a,113,113
配線材料,光成端箱（光アダプタ実装；ＳＣ型）,コネクタ（自立） ４００Ｃ以下,個,大阪,05,2210000,2300000,90000,4.07,6fe302b1e5220cc6,b280fee7b6ba039f,113,113
配線材料,光成端箱（光アダプタ実装；ＳＣ型）,コネクタ（自立） ４４０Ｃ以下,個,大阪,05,2460000,2560000,100000,4.07,98c145744345f837,f1470bdef91727df,113,113
配線材料,光成端箱（光アダプタ実装；ＳＣ型）,コネクタ（自立） ４８０Ｃ以下,個,大阪,05,2560000,2660000,100000,3.91,f2bbe08d843955c9,023037ce8c8dde9b,113,113
配線材料,光成端箱（光アダプタ実装；ＳＣ型）,コネクタ（自立） ５２０Ｃ以下,個,大阪,05,2920000,3040000,120000,4.11,f49266232540ff95,01f1cfbca34a702b,113,113
配線材料,光成端箱（光アダプタ実装；ＳＣ型）,コネクタ（自立） ５６０Ｃ以下,個,大阪,05,3010000,3130000,120000,3.99,882056d66bfb840b,15c60da9a9b29aa4,113,113
配線材料,光成端箱（光アダプタ実装；ＳＣ型）,コネクタ（自立） ６００Ｃ以下,個,大阪,05,3110000,3240000,130000,4.18,9d308a877288f0a8,966cfd68094f1771,113,113
配線材料,光成端箱（光アダプタ実装；ＦＣ型）,コネクタ（壁掛） １６Ｃ以下,個,大阪,05,130000,136000,6000,4.62,491181f7f1719489,6f4fc00947cec1fd,113,113
配線材料,光成端箱（光アダプタ実装；ＦＣ型）,コネクタ（壁掛） ４０Ｃ以下,個,大阪,05,170000,177000,7000,4.12,c06323e575fc71de,313ad35cae49c2c0,113,113
配線材料,光成端箱（光アダプタ実装；ＦＣ型）,コネクタ（壁掛） ６０Ｃ以下,個,大阪,05,387000,402000,15000,3.88,e3dfd48f6bfa8738,7f7448fa3df6ef34,113,113
配線材料,光成端箱（光アダプタ実装；ＦＣ型）,コネクタ（壁掛） ８０Ｃ以下,個,大阪,05,484000,504000,20000,4.13,bdbec877c50cfc32,6f8588dbd3201700,113,113
配線材料,光成端箱（光アダプタ実装；ＦＣ型）,コネクタ（壁掛） １００Ｃ以下,個,大阪,05,544000,566000,22000,4.04,4645919c56372041,2d077e33954214b0,113,113
配線材料,光成端箱（光アダプタ実装；ＦＣ型）,コネクタ（壁掛） １２０Ｃ以下,個,大阪,05,625000,650000,25000,4.0,05ad148aa6f10b91,3686891c80314d81,113,113
配線材料,光成端箱（光アダプタ実装；ＦＣ型）,コネクタ（壁掛） １４０Ｃ以下,個,大阪,05,705000,733000,28000,3.97,d49b8df570467ebb,31b0220645352661,113,113
配線材料,光成端箱（光アダプタ実装；ＦＣ型）,コネクタ（自立） ４０Ｃ以下,個,大阪,05,438000,455000,17000,3.88,e42dc1ee9b9d778d,c9e7e5fb327860cd,113,113
配線材料,光成端箱（光アダプタ実装；ＦＣ型）,コネクタ（自立） ６０Ｃ以下,個,大阪,05,506000,526000,20000,3.95,f134f7ae76d9fe19,536fecff200e45ae,113,113
配線材料,光成端箱（光アダプタ実装；ＦＣ型）,コネクタ（自立） ８０Ｃ以下,個,大阪,05,605000,629000,24000,3.97,a072301deae0801d,47978b3e2396dcec,113,113
配線材料,光成端箱（光アダプタ実装；ＦＣ型）,コネクタ（自立） １００Ｃ以下,個,大阪,05,643000,669000,26000,4.04,600586257efadb4a,9cec2d28f1c96bc9,113,113
配線材料,光成端箱（光アダプタ実装；ＦＣ型）,コネクタ（自立） １２０Ｃ以下,個,大阪,05,705000,733000,28000,3.97,41d7ca2f7a579210,cf37185ac4abd565,113,113
配線材料,光成端箱（光アダプタ実装；ＦＣ型）,コネクタ（自立） １４０Ｃ以下,個,大阪,05,728000,757000,29000,3.98,1dee478029526810,7d1e1ce795aa8872,113,113
配線材料,光成端箱（光アダプタ実装；ＳＣ型）,コネクタ（自立） ２４０Ｃ以下,個,兵庫北部,06,1670000,1740000,70000,4.19,548148c096a935d4,03fc3fd89a9c720a,113,113
配線材料,光成端箱（光アダプタ実装；ＳＣ型）,コネクタ（自立） ２６０Ｃ以下,個,兵庫北部,06,1710000,1780000,70000,4.09,39b9a90917238163,4f24cae9d9e10ec9,113,113
配線材料,光成端箱（光アダプタ実装；ＳＣ型）,コネクタ（自立） ２８０Ｃ以下,個,兵庫北部,06,1760000,1830000,70000,3.98,ef9c7efdfd669434,25e2133f06986e52,113,113
配線材料,光成端箱（光アダプタ実装；ＳＣ型）,コネクタ（自立） ３００Ｃ以下,個,兵庫北部,06,1800000,1870000,70000,3.89,8004aebf5ae31381,b599f8ee2dc03781,113,113
配線材料,光成端箱（光アダプタ実装；ＳＣ型）,コネクタ（自立） ３２０Ｃ以下,個,兵庫北部,06,2040000,2130000,90000,4.41,208d1700b200417c,88d69abe2c9faffe,113,113
配線材料,光成端箱（光アダプタ実装；ＳＣ型）,コネクタ（自立） ３６０Ｃ以下,個,兵庫北部,06,2140000,2230000,90000,4.21,a08b552c32f0690f,93b2d4bdddf13e01,113,113
配線材料,光成端箱（光アダプタ実装；ＳＣ型）,コネクタ（自立） ４００Ｃ以下,個,兵庫北部,06,2210000,2300000,90000,4.07,ce5d0fb467bf149d,e0f2804baaad620c,113,113
配線材料,光成端箱（光アダプタ実装；ＳＣ型）,コネクタ（自立） ４４０Ｃ以下,個,兵庫北部,06,2460000,2560000,100000,4.07,85eac7948ac89797,69edc3086deed7f1,113,113
配線材料,光成端箱（光アダプタ実装；ＳＣ型）,コネクタ（自立） ４８０Ｃ以下,個,兵庫北部,06,2560000,2660000,100000,3.91,eb4fce68900f53c1,ccc9105d634d6c7d,113,113
配線材料,光成端箱（光アダプタ実装；ＳＣ型）,コネクタ（自立） ５２０Ｃ以下,個,兵庫北部,06,2920000,3040000,120000,4.11,7e599c67ef983e8f,5deed37b8cae541a,113,113
配線材料,光成端箱（光アダプタ実装；ＳＣ型）,コネクタ（自立） ５６０Ｃ以下,個,兵庫北部,06,3010000,3130000,120000,3.99,077c45bef02ae952,27c55b180e532d43,113,113
配線材料,光成端箱（光アダプタ実装；ＳＣ型）,コネクタ（自立） ６００Ｃ以下,個,兵庫北部,06,3110000,3240000,130000,4.18,d5d155f471f27238,72746f36c89257c6,113,113
配線材料,光成端箱（光アダプタ実装；ＦＣ型）,コネクタ（壁掛） １６Ｃ以下,個,兵庫北部,06,130000,136000,6000,4.62,d69082d5e44e8cf3,3a65ca1c71a87604,113,113
配線材料,光成端箱（光アダプタ実装；ＦＣ型）,コネクタ（壁掛） ４０Ｃ以下,個,兵庫北部,06,170000,177000,7000,4.12,4cd046b2c72682ee,c80f00d7a1750bf0,113,113
配線材料,光成端箱（光アダプタ実装；ＦＣ型）,コネクタ（壁掛） ６０Ｃ以下,個,兵庫北部,06,387000,402000,15000,3.88,be407b6eb5f2d386,f81f39f02c4480ce,113,113
配線材料,光成端箱（光アダプタ実装；ＦＣ型）,コネクタ（壁掛） ８０Ｃ以下,個,兵庫北部,06,484000,504000,20000,4.13,0a2a8af2c2fe9dee,ebb3218b40965755,113,113
配線材料,光成端箱（光アダプタ実装；ＦＣ型）,コネクタ（壁掛） １００Ｃ以下,個,兵庫北部,06,544000,566000,22000,4.04,5423e37397570ff6,80e7eb984c5fb868,113,113
配線材料,光成端箱（光アダプタ実装；ＦＣ型）,コネクタ（壁掛） １２０Ｃ以下,個,兵庫北部,06,625000,650000,25000,4.0,60571f64ed384e15,6cec2ed49e7e427a,113,113
配線材料,光成端箱（光アダプタ実装；ＦＣ型）,コネクタ（壁掛） １４０Ｃ以下,個,兵庫北部,06,705000,733000,28000,3.97,2df871fe91f7d65f,c0f791ec072180a7,113,113
配線材料,光成端箱（光アダプタ実装；ＦＣ型）,コネクタ（自立） ４０Ｃ以下,個,兵庫北部,06,438000,455000,17000,3.88,f9fd693dc259a723,8c787385c3b72f77,113,113
配線材料,光成端箱（光アダプタ実装；ＦＣ型）,コネクタ（自立） ６０Ｃ以下,個,兵庫北部,06,506000,526000,20000,3.95,cd52233fd13af10d,a548dd0c78e871e2,113,113
配線材料,光成端箱（光アダプタ実装；ＦＣ型）,コネクタ（自立） ８０Ｃ以下,個,兵庫北部,06,605000,629000,24000,3.97,0143d3b8cfd2be3f,61578c6b7d96cf90,113,113
配線材料,光成端箱（光アダプタ実装；ＦＣ型）,コネクタ（自立） １００Ｃ以下,個,兵庫北部,06,643000,669000,26000,4.04,e291ef486dd76e1e,9fb9b44bc180978c,113,113
配線材料,光成端箱（光アダプタ実装；ＦＣ型）,コネクタ（自立） １２０Ｃ以下,個,兵庫北部,06,705000,733000,28000,3.97,d60691f1b70deeb9,c339f463486ccd40,113,113
配線材料,光成端箱（光アダプタ実装；ＦＣ型）,コネクタ（自立） １４０Ｃ以下,個,兵庫北部,06,728000,757000,29000,3.98,51b03090ba550213,aa0d41998d846f5c,113,113
配線材料,光成端箱（光アダプタ実装；ＳＣ型）,コネクタ（自立） ２４０Ｃ以下,個,兵庫西部,07,1670000,1740000,70000,4.19,169d655a1a4e9527,6588f3f716dffe24,113,113
配線材料,光成端箱（光アダプタ実装；ＳＣ型）,コネクタ（自立） ２６０Ｃ以下,個,兵庫西部,07,1710000,1780000,70000,4.09,0b301759872c7254,a5cb046c969ccff2,113,113
配線材料,光成端箱（光アダプタ実装；ＳＣ型）,コネクタ（自立） ２８０Ｃ以下,個,兵庫西部,07,1760000,1830000,70000,3.98,f5abbddb949bc619,e2890b9f4468f9df,113,113
配線材料,光成端箱（光アダプタ実装；ＳＣ型）,コネクタ（自立） ３００Ｃ以下,個,兵庫西部,07,1800000,1870000,70000,3.89,10a085e835f560e1,1aee8c8d4ba4b31b,113,113
配線材料,光成端箱（光アダプタ実装；ＳＣ型）,コネクタ（自立） ３２０Ｃ以下,個,兵庫西部,07,2040000,2130000,90000,4.41,6bd02009c39a5426,636d3cd765faf233,113,113
配線材料,光成端箱（光アダプタ実装；ＳＣ型）,コネクタ（自立） ３６０Ｃ以下,個,兵庫西部,07,2140000,2230000,90000,4.21,7f1c42000d5324d1,4f67fbe38caa1a3f,113,113
配線材料,光成端箱（光アダプタ実装；ＳＣ型）,コネクタ（自立） ４００Ｃ以下,個,兵庫西部,07,2210000,2300000,90000,4.07,cea26a7b4c756c27,11938cbba0652db1,113,113
配線材料,光成端箱（光アダプタ実装；ＳＣ型）,コネクタ（自立） ４４０Ｃ以下,個,兵庫西部,07,2460000,2560000,100000,4.07,9637ab5d30eb1a6a,9f6da397c476de1b,113,113
配線材料,光成端箱（光アダプタ実装；ＳＣ型）,コネクタ（自立） ４８０Ｃ以下,個,兵庫西部,07,2560000,2660000,100000,3.91,228edafc971641c5,964841d1b7ad0cf6,113,113
配線材料,光成端箱（光アダプタ実装；ＳＣ型）,コネクタ（自立） ５２０Ｃ以下,個,兵庫西部,07,2920000,3040000,120000,4.11,5a0f7abc113a6ccf,90d832b22ba2ff1a,113,113
配線材料,光成端箱（光アダプタ実装；ＳＣ型）,コネクタ（自立） ５６０Ｃ以下,個,兵庫西部,07,3010000,3130000,120000,3.99,6ead46f078874d14,e01d2e4511fb59e2,113,113
配線材料,光成端箱（光アダプタ実装；ＳＣ型）,コネクタ（自立） ６００Ｃ以下,個,兵庫西部,07,3110000,3240000,130000,4.18,abb6af65fa1e9346,0c1fbd362243c4c8,113,113
配線材料,光成端箱（光アダプタ実装；ＦＣ型）,コネクタ（壁掛） １６Ｃ以下,個,兵庫西部,07,130000,136000,6000,4.62,0e048240d7259e60,6a9046cc0e872a92,113,113
配線材料,光成端箱（光アダプタ実装；ＦＣ型）,コネクタ（壁掛） ４０Ｃ以下,個,兵庫西部,07,170000,177000,7000,4.12,04d0dfc3ff8e46db,dab83bee9231f92c,113,113
配線材料,光成端箱（光アダプタ実装；ＦＣ型）,コネクタ（壁掛） ６０Ｃ以下,個,兵庫西部,07,387000,402000,15000,3.88,210c25050c27097e,f4e66dc313cfe5cc,113,113
配線材料,光成端箱（光アダプタ実装；ＦＣ型）,コネクタ（壁掛） ８０Ｃ以下,個,兵庫西部,07,484000,504000,20000,4.13,5f969b9e223e2c9d,2fc62b134e67c1a3,113,113
配線材料,光成端箱（光アダプタ実装；ＦＣ型）,コネクタ（壁掛） １００Ｃ以下,個,兵庫西部,07,544000,566000,22000,4.04,777b963a65cedc94,6a8294bca95bc6c6,113,113
配線材料,光成端箱（光アダプタ実装；ＦＣ型）,コネクタ（壁掛） １２０Ｃ以下,個,兵庫西部,07,625000,650000,25000,4.0,e8dab82de8259c03,ee2a9d91e6d7c517,113,113
配線材料,光成端箱（光アダプタ実装；ＦＣ型）,コネクタ（壁掛） １４０Ｃ以下,個,兵庫西部,07,705000,733000,28000,3.97,9f31291663b5ec52,c331bf021562bfad,113,113
配線材料,光成端箱（光アダプタ実装；ＦＣ型）,コネクタ（自立） ４０Ｃ以下,個,兵庫西部,07,438000,455000,17000,3.88,25b0bb5cf3415483,7b3b8a29a3ff1731,113,113
配線材料,光成端箱（光アダプタ実装；ＦＣ型）,コネクタ（自立） ６０Ｃ以下,個,兵庫西部,07,506000,526000,20000,3.95,b2868140a2754994,659f651a6282b8e7,113,113
配線材料,光成端箱（光アダプタ実装；ＦＣ型）,コネクタ（自立） ８０Ｃ以下,個,兵庫西部,07,605000,629000,24000,3.97,dde0f1b51cd119a7,12daafa9d4f5629e,113,113
配線材料,光成端箱（光アダプタ実装；ＦＣ型）,コネクタ（自立） １００Ｃ以下,個,兵庫西部,07,643000,669000,26000,4.04,787a248359f02399,e0a71bf75b12d3e2,113,113
配線材料,光成端箱（光アダプタ実装；ＦＣ型）,コネクタ（自立） １２０Ｃ以下,個,兵庫西部,07,705000,733000,28000,3.97,3aec86868357adb8,3736eff3ff3cda32,113,113
配線材料,光成端箱（光アダプタ実装；ＦＣ型）,コネクタ（自立） １４０Ｃ以下,個,兵庫西部,07,728000,757000,29000,3.98,4b8dd142ec0218bb,d1db6ba5d3f6d39f,113,113
配線材料,光成端箱（光アダプタ実装；ＳＣ型）,コネクタ（自立） ２４０Ｃ以下,個,兵庫,08,1670000,1740000,70000,4.19,b66980102e7ae9b5,976268246b5aed38,113,113
配線材料,光成端箱（光アダプタ実装；ＳＣ型）,コネクタ（自立） ２６０Ｃ以下,個,兵庫,08,1710000,1780000,70000,4.09,019808e465b24feb,0dbeda22a576cf2d,113,113
配線材料,光成端箱（光アダプタ実装；ＳＣ型）,コネクタ（自立） ２８０Ｃ以下,個,兵庫,08,1760000,1830000,70000,3.98,1e4d80d93d0178da,a4c5f89c900931f1,113,113
配線材料,光成端箱（光アダプタ実装；ＳＣ型）,コネクタ（自立） ３００Ｃ以下,個,兵庫,08,1800000,1870000,70000,3.89,29abfee92f497efb,ba6d8caad2cce7b0,113,113
配線材料,光成端箱（光アダプタ実装；ＳＣ型）,コネクタ（自立） ３２０Ｃ以下,個,兵庫,08,2040000,2130000,90000,4.41,55f31ba9fa6dc7ca,3eaaaff00c56edfd,113,113
配線材料,光成端箱（光アダプタ実装；ＳＣ型）,コネクタ（自立） ３６０Ｃ以下,個,兵庫,08,2140000,2230000,90000,4.21,40f843e43de43ef6,ca9aac56dc68ee42,113,113
配線材料,光成端箱（光アダプタ実装；ＳＣ型）,コネクタ（自立） ４００Ｃ以下,個,兵庫,08,2210000,2300000,90000,4.07,c6b13d6f8da86381,f96f7392ad74ce03,113,113
配線材料,光成端箱（光アダプタ実装；ＳＣ型）,コネクタ（自立） ４４０Ｃ以下,個,兵庫,08,2460000,2560000,100000,4.07,c4d8f97f53fda085,448e4085c68f06b1,113,113
配線材料,光成端箱（光アダプタ実装；ＳＣ型）,コネクタ（自立） ４８０Ｃ以下,個,兵庫,08,2560000,2660000,100000,3.91,55f0afa8e93c3479,edd20e7dd41379e0,113,113
配線材料,光成端箱（光アダプタ実装；ＳＣ型）,コネクタ（自立） ５２０Ｃ以下,個,兵庫,08,2920000,3040000,120000,4.11,a3aa1e69301e9877,6aae7af33f58eaeb,113,113
配線材料,光成端箱（光アダプタ実装；ＳＣ型）,コネクタ（自立） ５６０Ｃ以下,個,兵庫,08,3010000,3130000,120000,3.99,4587689c22033c9c,bec5f2b745bc3a55,113,113
配線材料,光成端箱（光アダプタ実装；ＳＣ型）,コネクタ（自立） ６００Ｃ以下,個,兵庫,08,3110000,3240000,130000,4.18,4f795fcb42a62366,35bc6013c969329d,113,113
配線材料,光成端箱（光アダプタ実装；ＦＣ型）,コネクタ（壁掛） １６Ｃ以下,個,兵庫,08,130000,136000,6000,4.62,d4dad8060dcf0dd4,969109384a6c3f7f,113,113
配線材料,光成端箱（光アダプタ実装；ＦＣ型）,コネクタ（壁掛） ４０Ｃ以下,個,兵庫,08,170000,177000,7000,4.12,6b66111a51e5c8da,a63411813fe8f010,113,113
配線材料,光成端箱（光アダプタ実装；ＦＣ型）,コネクタ（壁掛） ６０Ｃ以下,個,兵庫,08,387000,402000,15000,3.88,4a2b324321439046,a3f97e53f66f050e,113,113
配線材料,光成端箱（光アダプタ実装；ＦＣ型）,コネクタ（壁掛） ８０Ｃ以下,個,兵庫,08,484000,504000,20000,4.13,fffd87217f25fafa,b9cc11d531586ca6,113,113
配線材料,光成端箱（光アダプタ実装；ＦＣ型）,コネクタ（壁掛） １００Ｃ以下,個,兵庫,08,544000,566000,22000,4.04,cda5b0a81c803550,ede371243920d6c8,113,113
配線材料,光成端箱（光アダプタ実装；ＦＣ型）,コネクタ（壁掛） １２０Ｃ以下,個,兵庫,08,625000,650000,25000,4.0,027fd0377db23fa1,53613b940938887a,113,113
配線材料,光成端箱（光アダプタ実装；ＦＣ型）,コネクタ（壁掛） １４０Ｃ以下,個,兵庫,08,705000,733000,28000,3.97,603518a6f57771ec,8767ceba8394d280,113,113
配線材料,光成端箱（光アダプタ実装；ＦＣ型）,コネクタ（自立） ４０Ｃ以下,個,兵庫,08,438000,455000,17000,3.88,6659354e2e45a721,8ddbc4fe3e1278bb,113,113
配線材料,光成端箱（光アダプタ実装；ＦＣ型）,コネクタ（自立） ６０Ｃ以下,個,兵庫,08,506000,526000,20000,3.95,15d30fcc63d9c987,80bc71dc8f39851a,113,113
配線材料,光成端箱（光アダプタ実装；ＦＣ型）,コネクタ（自立） ８０Ｃ以下,個,兵庫,08,605000,629000,24000,3.97,aa080433ec6f68f9,794842d9bf760e2b,113,113
配線材料,光成端箱（光アダプタ実装；ＦＣ型）,コネクタ（自立） １００Ｃ以下,個,兵庫,08,643000,669000,26000,4.04,601f3ac6c9201a95,ef7435dc5e546ac3,113,113
配線材料,光成端箱（光アダプタ実装；ＦＣ型）,コネクタ（自立） １２０Ｃ以下,個,兵庫,08,705000,733000,28000,3.97,6d925b7e0855eef4,43b6c3c3753d6998,113,113
配線材料,光成端箱（光アダプタ実装；ＦＣ型）,コネクタ（自立） １４０Ｃ以下,個,兵庫,08,728000,757000,29000,3.98,12386e1b42bc1555,0cf785097f291af3,113,113
配線材料,光成端箱（光アダプタ実装；ＳＣ型）,コネクタ（自立） ２４０Ｃ以下,個,奈良,09,1670000,1740000,70000,4.19,bd7354a38c220c2a,8d41c6076e406d77,113,113
配線材料,光成端箱（光アダプタ実装；ＳＣ型）,コネクタ（自立） ２６０Ｃ以下,個,奈良,09,1710000,1780000,70000,4.09,9568ad8e08d80d24,e8a180fbf27059f0,113,113
配線材料,光成端箱（光アダプタ実装；ＳＣ型）,コネクタ（自立） ２８０Ｃ以下,個,奈良,09,1760000,1830000,70000,3.98,77379cf043d9042d,690e64c9fb74878c,113,113
配線材料,光成端箱（光アダプタ実装；ＳＣ型）,コネクタ（自立） ３００Ｃ以下,個,奈良,09,1800000,1870000,70000,3.89,92f45b55201a4393,38a21cf6c2ce22dc,113,113
配線材料,光成端箱（光アダプタ実装；ＳＣ型）,コネクタ（自立） ３２０Ｃ以下,個,奈良,09,2040000,2130000,90000,4.41,1276f6b7bdd69366,450cfa580b518754,113,113
配線材料,光成端箱（光アダプタ実装；ＳＣ型）,コネクタ（自立） ３６０Ｃ以下,個,奈良,09,2140000,2230000,90000,4.21,930a45f3a15d37f3,359d0263202f4138,113,113
配線材料,光成端箱（光アダプタ実装；ＳＣ型）,コネクタ（自立） ４００Ｃ以下,個,奈良,09,2210000,2300000,90000,4.07,467a195666f661f2,424f948f708b1a8c,113,113
配線材料,光成端箱（光アダプタ実装；ＳＣ型）,コネクタ（自立） ４４０Ｃ以下,個,奈良,09,2460000,2560000,100000,4.07,dcecb1385b64eeaa,ede5c32aa17fad8b,113,113
配線材料,光成端箱（光アダプタ実装；ＳＣ型）,コネクタ（自立） ４８０Ｃ以下,個,奈良,09,2560000,2660000,100000,3.91,5632a16693852861,f11eefd8e1f6213e,113,113
配線材料,光成端箱（光アダプタ実装；ＳＣ型）,コネクタ（自立） ５２０Ｃ以下,個,奈良,09,2920000,3040000,120000,4.11,7967097941fa27cd,852c04f9bba73cdf,113,113
配線材料,光成端箱（光アダプタ実装；ＳＣ型）,コネクタ（自立） ５６０Ｃ以下,個,奈良,09,3010000,3130000,120000,3.99,aab88d91ed4eef40,12e92f2ac980708f,113,113
配線材料,光成端箱（光アダプタ実装；ＳＣ型）,コネクタ（自立） ６００Ｃ以下,個,奈良,09,3110000,3240000,130000,4.18,15aa0d55d3c157d5,fe61b46cf6d72c45,113,113
配線材料,光成端箱（光アダプタ実装；ＦＣ型）,コネクタ（壁掛） １６Ｃ以下,個,奈良,09,130000,136000,6000,4.62,9c2129d3a49119a1,d3e492f3e9cbd82e,113,113
配線材料,光成端箱（光アダプタ実装；ＦＣ型）,コネクタ（壁掛） ４０Ｃ以下,個,奈良,09,170000,177000,7000,4.12,160cac0da7f403af,2835c6b0de561971,113,113
配線材料,光成端箱（光アダプタ実装；ＦＣ型）,コネクタ（壁掛） ６０Ｃ以下,個,奈良,09,387000,402000,15000,3.88,d13cc20b287ca4ca,1aec2dda0ebb198e,113,113
配線材料,光成端箱（光アダプタ実装；ＦＣ型）,コネクタ（壁掛） ８０Ｃ以下,個,奈良,09,484000,504000,20000,4.13,d73a87dbf2e20c7e,d82cf4a463b03b33,113,113
配線材料,光成端箱（光アダプタ実装；ＦＣ型）,コネクタ（壁掛） １００Ｃ以下,個,奈良,09,544000,566000,22000,4.04,822432fab07ef790,eef8639d548f5f66,113,113
配線材料,光成端箱（光アダプタ実装；ＦＣ型）,コネクタ（壁掛） １２０Ｃ以下,個,奈良,09,625000,650000,25000,4.0,f4d77768f4ed8478,dd4f0fda7205a6d1,113,113
配線材料,光成端箱（光アダプタ実装；ＦＣ型）,コネクタ（壁掛） １４０Ｃ以下,個,奈良,09,705000,733000,28000,3.97,7434e7ea1d004284,925d030b8f0b55b8,113,113
配線材料,光成端箱（光アダプタ実装；ＦＣ型）,コネクタ（自立） ４０Ｃ以下,個,奈良,09,438000,455000,17000,3.88,92ad11e19e7c6def,b6249f83ac9f7e7e,113,113
配線材料,光成端箱（光アダプタ実装；ＦＣ型）,コネクタ（自立） ６０Ｃ以下,個,奈良,09,506000,526000,20000,3.95,60a027202f1c2b4b,bc1ad9b237bdd516,113,113
配線材料,光成端箱（光アダプタ実装；ＦＣ型）,コネクタ（自立） ８０Ｃ以下,個,奈良,09,605000,629000,24000,3.97,52f81b2934f64ab8,bb6057e84903a217,113,113
配線材料,光成端箱（光アダプタ実装；ＦＣ型）,コネクタ（自立） １００Ｃ以下,個,奈良,09,643000,669000,26000,4.04,57cff9ec6c873cb2,4eec3aa3274662d9,113,113
配線材料,光成端箱（光アダプタ実装；ＦＣ型）,コネクタ（自立） １２０Ｃ以下,個,奈良,09,705000,733000,28000,3.97,a47a14c400ea3b2a,8210df729d9188b8,113,113
配線材料,光成端箱（光アダプタ実装；ＦＣ型）,コネクタ（自立） １４０Ｃ以下,個,奈良,09,728000,757000,29000,3.98,79eb6449cced8a28,88923fcf50036df5,113,113
配線材料,光成端箱（光アダプタ実装；ＳＣ型）,コネクタ（自立） ２４０Ｃ以下,個,和歌山,10,1670000,1740000,70000,4.19,07f4c286093d0c55,683702247a7cfb2e,113,113
配線材料,光成端箱（光アダプタ実装；ＳＣ型）,コネクタ（自立） ２６０Ｃ以下,個,和歌山,10,1710000,1780000,70000,4.09,d89c5629b407b541,ade52315d8d55c67,113,113
配線材料,光成端箱（光アダプタ実装；ＳＣ型）,コネクタ（自立） ２８０Ｃ以下,個,和歌山,10,1760000,1830000,70000,3.98,60444bee69ee22a6,c262746940049ef2,113,113
配線材料,光成端箱（光アダプタ実装；ＳＣ型）,コネクタ（自立） ３００Ｃ以下,個,和歌山,10,1800000,1870000,70000,3.89,22c92ccda47534d7,bdbaed019717748a,113,113
配線材料,光成端箱（光アダプタ実装；ＳＣ型）,コネクタ（自立） ３２０Ｃ以下,個,和歌山,10,2040000,2130000,90000,4.41,e0c83352bf5857dd,70b116a3b475bb47,113,113
配線材料,光成端箱（光アダプタ実装；ＳＣ型）,コネクタ（自立） ３６０Ｃ以下,個,和歌山,10,2140000,2230000,90000,4.21,5bcb4df0dd1141aa,e22cd34b4587eb6a,113,113
配線材料,光成端箱（光アダプタ実装；ＳＣ型）,コネクタ（自立） ４００Ｃ以下,個,和歌山,10,2210000,2300000,90000,4.07,2e06c355a17caa2e,cd3be1af207a5122,113,113
配線材料,光成端箱（光アダプタ実装；ＳＣ型）,コネクタ（自立） ４４０Ｃ以下,個,和歌山,10,2460000,2560000,100000,4.07,653f4ce261547183,54215af8edef7c83,113,113
配線材料,光成端箱（光アダプタ実装；ＳＣ型）,コネクタ（自立） ４８０Ｃ以下,個,和歌山,10,2560000,2660000,100000,3.91,5834714960a7783d,03a8ba7cbf900bf7,113,113
配線材料,光成端箱（光アダプタ実装；ＳＣ型）,コネクタ（自立） ５２０Ｃ以下,個,和歌山,10,2920000,3040000,120000,4.11,01cf47a1b1291832,329d64e8737a39fa,113,113
配線材料,光成端箱（光アダプタ実装；ＳＣ型）,コネクタ（自立） ５６０Ｃ以下,個,和歌山,10,3010000,3130000,120000,3.99,6d281775eb9eb423,49f89151f49f5fe7,113,113
配線材料,光成端箱（光アダプタ実装；ＳＣ型）,コネクタ（自立） ６００Ｃ以下,個,和歌山,10,3110000,3240000,130000,4.18,3f3a3a50496f6e2f,ba668aee55a0c747,113,113
配線材料,光成端箱（光アダプタ実装；ＦＣ型）,コネクタ（壁掛） １６Ｃ以下,個,和歌山,10,130000,136000,6000,4.62,637a865a9d23f8e7,bfb36499769af91f,113,113
配線材料,光成端箱（光アダプタ実装；ＦＣ型）,コネクタ（壁掛） ４０Ｃ以下,個,和歌山,10,170000,177000,7000,4.12,908bfbead231b4ca,47ba1fd09e392134,113,113
配線材料,光成端箱（光アダプタ実装；ＦＣ型）,コネクタ（壁掛） ６０Ｃ以下,個,和歌山,10,387000,402000,15000,3.88,6ce88300e63e0049,4d12d4d740980110,113,113
配線材料,光成端箱（光アダプタ実装；ＦＣ型）,コネクタ（壁掛） ８０Ｃ以下,個,和歌山,10,484000,504000,20000,4.13,72c246b0f0cb6e8c,73813977147d3077,113,113
配線材料,光成端箱（光アダプタ実装；ＦＣ型）,コネクタ（壁掛） １００Ｃ以下,個,和歌山,10,544000,566000,22000,4.04,a3ec1ec0c8655bc7,5fdac21f92f54152,113,113
配線材料,光成端箱（光アダプタ実装；ＦＣ型）,コネクタ（壁掛） １２０Ｃ以下,個,和歌山,10,625000,650000,25000,4.0,80ed0c99e49e1cbc,1ef5c00dd75a2c28,113,113
配線材料,光成端箱（光アダプタ実装；ＦＣ型）,コネクタ（壁掛） １４０Ｃ以下,個,和歌山,10,705000,733000,28000,3.97,28e12e9d73f59b7d,b0b45bb33db1d24c,113,113
配線材料,光成端箱（光アダプタ実装；ＦＣ型）,コネクタ（自立） ４０Ｃ以下,個,和歌山,10,438000,455000,17000,3.88,baf33aa3b6a678e0,81f3b9b7de7c45b8,113,113
配線材料,光成端箱（光アダプタ実装；ＦＣ型）,コネクタ（自立） ６０Ｃ以下,個,和歌山,10,506000,526000,20000,3.95,ec94a9afc2ba6928,7b78a281f86307a0,113,113
配線材料,光成端箱（光アダプタ実装；ＦＣ型）,コネクタ（自立） ８０Ｃ以下,個,和歌山,10,605000,629000,24000,3.97,3f111aa4b0802fbf,ea462c5ff73bbc4c,113,113
配線材料,光成端箱（光アダプタ実装；ＦＣ型）,コネクタ（自立） １００Ｃ以下,個,和歌山,10,643000,669000,26000,4.04,872605d2596be952,5d780e8a73e5bebf,113,113
配線材料,光成端箱（光アダプタ実装；ＦＣ型）,コネクタ（自立） １２０Ｃ以下,個,和歌山,10,705000,733000,28000,3.97,a32aff2f6738d58b,7c71696104e40235,113,113
配線材料,光成端箱（光アダプタ実装；ＦＣ型）,コネクタ（自立） １４０Ｃ以下,個,和歌山,10,728000,757000,29000,3.98,2314587b7898a089,8fffc65967040721,113,113
配線材料,光成端箱（光アダプタ実装；ＳＣ型）,コネクタ（自立） ２４０Ｃ以下,個,岐阜,11,1670000,1740000,70000,4.19,8e9c05c4022f281b,2de61775d207ee4d,113,113
配線材料,光成端箱（光アダプタ実装；ＳＣ型）,コネクタ（自立） ２６０Ｃ以下,個,岐阜,11,1710000,1780000,70000,4.09,d00f8400e717be8d,da3ac634b94203c9,113,113
配線材料,光成端箱（光アダプタ実装；ＳＣ型）,コネクタ（自立） ２８０Ｃ以下,個,岐阜,11,1760000,1830000,70000,3.98,adb41eafd6c73f72,de04b3b5eaef4aa3,113,113
配線材料,光成端箱（光アダプタ実装；ＳＣ型）,コネクタ（自立） ３００Ｃ以下,個,岐阜,11,1800000,1870000,70000,3.89,e4c5da88404914ec,2c2059d71fdf48f7,113,113
配線材料,光成端箱（光アダプタ実装；ＳＣ型）,コネクタ（自立） ３２０Ｃ以下,個,岐阜,11,2040000,2130000,90000,4.41,d05f0a599c8d5c61,993ef48c1fa2c601,113,113
配線材料,光成端箱（光アダプタ実装；ＳＣ型）,コネクタ（自立） ３６０Ｃ以下,個,岐阜,11,2140000,2230000,90000,4.21,0308a0bd7c1fb3f3,da5751deaa6b9fb0,113,113
配線材料,光成端箱（光アダプタ実装；ＳＣ型）,コネクタ（自立） ４００Ｃ以下,個,岐阜,11,2210000,2300000,90000,4.07,57536a634cf2320b,fa8b43a6772616af,113,113
配線材料,光成端箱（光アダプタ実装；ＳＣ型）,コネクタ（自立） ４４０Ｃ以下,個,岐阜,11,2460000,2560000,100000,4.07,a3234cc2cf6cbf27,07773b2c03b79891,113,113
配線材料,光成端箱（光アダプタ実装；ＳＣ型）,コネクタ（自立） ４８０Ｃ以下,個,岐阜,11,2560000,2660000,100000,3.91,6a6b12d148fff47b,d1505c65583df689,113,113
配線材料,光成端箱（光アダプタ実装；ＳＣ型）,コネクタ（自立） ５２０Ｃ以下,個,岐阜,11,2920000,3040000,120000,4.11,801bbbc2ec1e1c3f,b722d406f161a72d,113,113
配線材料,光成端箱（光アダプタ実装；ＳＣ型）,コネクタ（自立） ５６０Ｃ以下,個,岐阜,11,3010000,3130000,120000,3.99,08d9233fcfcccfa8,bc22710a8f1b2271,113,113
配線材料,光成端箱（光アダプタ実装；ＳＣ型）,コネクタ（自立） ６００Ｃ以下,個,岐阜,11,3110000,3240000,130000,4.18,40c0da52352e2318,42e082bb8e92af25,113,113
配線材料,光成端箱（光アダプタ実装；ＦＣ型）,コネクタ（壁掛） １６Ｃ以下,個,岐阜,11,130000,136000,6000,4.62,69a544710a30ec4e,0ac0aceba31201db,113,113
配線材料,光成端箱（光アダプタ実装；ＦＣ型）,コネクタ（壁掛） ４０Ｃ以下,個,岐阜,11,170000,177000,7000,4.12,01b1efaac0d33165,80dc6143d9a0ffd2,113,113
配線材料,光成端箱（光アダプタ実装；ＦＣ型）,コネクタ（壁掛） ６０Ｃ以下,個,岐阜,11,387000,402000,15000,3.88,fda7aa884b9f7ffd,404fba9ec42468dc,113,113
配線材料,光成端箱（光アダプタ実装；ＦＣ型）,コネクタ（壁掛） ８０Ｃ以下,個,岐阜,11,484000,504000,20000,4.13,d4de23e4129bcbe9,4759dfc647191bf7,113,113
配線材料,光成端箱（光アダプタ実装；ＦＣ型）,コネクタ（壁掛） １００Ｃ以下,個,岐阜,11,544000,566000,22000,4.04,620d45a886038fa8,1aa9efc50f6d06ad,113,113
配線材料,光成端箱（光アダプタ実装；ＦＣ型）,コネクタ（壁掛） １２０Ｃ以下,個,岐阜,11,625000,650000,25000,4.0,463c6381c1f13f6b,d21e5a46cf34ea85,113,113
配線材料,光成端箱（光アダプタ実装；ＦＣ型）,コネクタ（壁掛） １４０Ｃ以下,個,岐阜,11,705000,733000,28000,3.97,ebdc4af178c3e62f,dbe05f43da88ee2d,113,113
配線材料,光成端箱（光アダプタ実装；ＦＣ型）,コネクタ（自立） ４０Ｃ以下,個,岐阜,11,438000,455000,17000,3.88,6f7cd5d1bf28ace0,d7226d048cdee7ed,113,113
配線材料,光成端箱（光アダプタ実装；ＦＣ型）,コネクタ（自立） ６０Ｃ以下,個,岐阜,11,506000,526000,20000,3.95,a6ecdb503cd1f5cb,d15f3c313a50f816,113,113
配線材料,光成端箱（光アダプタ実装；ＦＣ型）,コネクタ（自立） ８０Ｃ以下,個,岐阜,11,605000,629000,24000,3.97,34764e6838a39591,3c33f26e6a2a0301,113,113
配線材料,光成端箱（光アダプタ実装；ＦＣ型）,コネクタ（自立） １００Ｃ以下,個,岐阜,11,643000,669000,26000,4.04,68485785678f6ad2,8d70e4bdf0db27db,113,113
配線材料,光成端箱（光アダプタ実装；ＦＣ型）,コネクタ（自立） １２０Ｃ以下,個,岐阜,11,705000,733000,28000,3.97,a90c0a88a4d1571d,2984f9b4b0345fcd,113,113
配線材料,光成端箱（光アダプタ実装；ＦＣ型）,コネクタ（自立） １４０Ｃ以下,個,岐阜,11,728000,757000,29000,3.98,c4443d0667abd02b,8d7427d416a049ea,113,113
配線材料,光成端箱（光アダプタ実装；ＳＣ型）,コネクタ（自立） ２４０Ｃ以下,個,三重,12,1670000,1740000,70000,4.19,aaecfe3575f9dcfa,12c586880fa1a164,113,113
配線材料,光成端箱（光アダプタ実装；ＳＣ型）,コネクタ（自立） ２６０Ｃ以下,個,三重,12,1710000,1780000,70000,4.09,b7c2eb3270a88cc9,80fdd225123a3a68,113,113
配線材料,光成端箱（光アダプタ実装；ＳＣ型）,コネクタ（自立） ２８０Ｃ以下,個,三重,12,1760000,1830000,70000,3.98,b10ead092258d6f8,cac96c677332881c,113,113
配線材料,光成端箱（光アダプタ実装；ＳＣ型）,コネクタ（自立） ３００Ｃ以下,個,三重,12,1800000,1870000,70000,3.89,8c082f6d7cbe5eb1,06a636fef4fc983c,113,113
配線材料,光成端箱（光アダプタ実装；ＳＣ型）,コネクタ（自立） ３２０Ｃ以下,個,三重,12,2040000,2130000,90000,4.41,29aeb32abf30b2a0,50b483c3499605b4,113,113
配線材料,光成端箱（光アダプタ実装；ＳＣ型）,コネクタ（自立） ３６０Ｃ以下,個,三重,12,2140000,2230000,90000,4.21,0318f794d0fa42cd,15b9d2642c4d20c9,113,113
配線材料,光成端箱（光アダプタ実装；ＳＣ型）,コネクタ（自立） ４００Ｃ以下,個,三重,12,2210000,2300000,90000,4.07,a2bdad9af05af1f0,a9083a51861d68ad,113,113
配線材料,光成端箱（光アダプタ実装；ＳＣ型）,コネクタ（自立） ４４０Ｃ以下,個,三重,12,2460000,2560000,100000,4.07,756111b88128c0a1,b07660dd9bfbbfad,113,113
配線材料,光成端箱（光アダプタ実装；ＳＣ型）,コネクタ（自立） ４８０Ｃ以下,個,三重,12,2560000,2660000,100000,3.91,dbd8b7a8b54a59f5,24b335e9af0622ef,113,113
配線材料,光成端箱（光アダプタ実装；ＳＣ型）,コネクタ（自立） ５２０Ｃ以下,個,三重,12,2920000,3040000,120000,4.11,fb8f807cd3f26e33,1fc87cbb81b2b550,113,113
配線材料,光成端箱（光アダプタ実装；ＳＣ型）,コネクタ（自立） ５６０Ｃ以下,個,三重,12,3010000,3130000,120000,3.99,44c0e1d4fae5f111,378fd65b448d3d58,113,113
配線材料,光成端箱（光アダプタ実装；ＳＣ型）,コネクタ（自立） ６００Ｃ以下,個,三重,12,3110000,3240000,130000,4.18,4a7b8fe65a1f9c6c,49956d55d92d78ce,113,113
配線材料,光成端箱（光アダプタ実装；ＦＣ型）,コネクタ（壁掛） １６Ｃ以下,個,三重,12,130000,136000,6000,4.62,b18e57744ea692f7,347f0766c1e45748,113,113
配線材料,光成端箱（光アダプタ実装；ＦＣ型）,コネクタ（壁掛） ４０Ｃ以下,個,三重,12,170000,177000,7000,4.12,6034b1d48936a252,61299e31e6e78abb,113,113
配線材料,光成端箱（光アダプタ実装；ＦＣ型）,コネクタ（壁掛） ６０Ｃ以下,個,三重,12,387000,402000,15000,3.88,03306f03f323431b,3dbea0f6d008c426,113,113
配線材料,光成端箱（光アダプタ実装；ＦＣ型）,コネクタ（壁掛） ８０Ｃ以下,個,三重,12,484000,504000,20000,4.13,9bf49a40ea89a88d,3fb222acac882d6f,113,113
配線材料,光成端箱（光アダプタ実装；ＦＣ型）,コネクタ（壁掛） １００Ｃ以下,個,三重,12,544000,566000,22000,4.04,61f3cb40de26b470,3752b1d7f011a02f,113,113
配線材料,光成端箱（光アダプタ実装；ＦＣ型）,コネクタ（壁掛） １２０Ｃ以下,個,三重,12,625000,650000,25000,4.0,3794e31f24d5943a,fefca25a499a557c,113,113
配線材料,光成端箱（光アダプタ実装；ＦＣ型）,コネクタ（壁掛） １４０Ｃ以下,個,三重,12,705000,733000,28000,3.97,5a1247dc06250f85,c617b3b3ae5237b4,113,113
配線材料,光成端箱（光アダプタ実装；ＦＣ型）,コネクタ（自立） ４０Ｃ以下,個,三重,12,438000,455000,17000,3.88,5172130c6b43ece6,9d93528b279cee26,113,113
配線材料,光成端箱（光アダプタ実装；ＦＣ型）,コネクタ（自立） ６０Ｃ以下,個,三重,12,506000,526000,20000,3.95,01037e112127810f,a6cb83f40ba7c1bf,113,113
配線材料,光成端箱（光アダプタ実装；ＦＣ型）,コネクタ（自立） ８０Ｃ以下,個,三重,12,605000,629000,24000,3.97,df65c94a0c822767,8f44edea73dd0d45,113,113
配線材料,光成端箱（光アダプタ実装；ＦＣ型）,コネクタ（自立） １００Ｃ以下,個,三重,12,643000,669000,26000,4.04,ed8e25584ed90be2,9c6822e680e50350,113,113
配線材料,光成端箱（光アダプタ実装；ＦＣ型）,コネクタ（自立） １２０Ｃ以下,個,三重,12,705000,733000,28000,3.97,171541e243fcca46,60c34be846a8f364,113,113
配線材料,光成端箱（光アダプタ実装；ＦＣ型）,コネクタ（自立） １４０Ｃ以下,個,三重,12,728000,757000,29000,3.98,546c8f9828e91fea,edf888b0f868d228,113,113
配線材料,光成端箱（光アダプタ実装；ＦＣ型）,コネクタ（自立） １６０Ｃ以下,個,福井,01,797000,829000,32000,4.02,fb78fe8087204e84,eb6442f3db4c62de,114,114
配線材料,光成端箱（光アダプタ実装；ＦＣ型）,コネクタ（自立） １８０Ｃ以下,個,福井,01,1030000,1070000,40000,3.88,b922780996162139,7846ec0a100b37f2,114,114
配線材料,光成端箱（光アダプタ実装；ＦＣ型）,コネクタ（自立） ２００Ｃ以下,個,福井,01,1550000,1610000,60000,3.87,9652d79e5523d419,a2e81606917ed963,114,114
配線材料,光成端箱（光アダプタ実装；ＦＣ型）,コネクタ（自立） ２２０Ｃ以下,個,福井,01,1720000,1790000,70000,4.07,7ed7126f9bea4b03,3d5504f58c5682e1,114,114
配線材料,光成端箱（光アダプタ実装；ＦＣ型）,コネクタ（自立） ２４０Ｃ以下,個,福井,01,1790000,1860000,70000,3.91,218141c2ec7a7aaa,a93f5aeacdf230c1,114,114
配線材料,光成端箱（光アダプタ実装；ＦＣ型）,コネクタ（自立） ２６０Ｃ以下,個,福井,01,1870000,1940000,70000,3.74,25f462c517ca6952,477056b5198ded66,114,114
配線材料,光成端箱（光アダプタ実装；ＦＣ型）,コネクタ（自立） ２８０Ｃ以下,個,福井,01,1930000,2010000,80000,4.15,51d243e77b977c65,bd456bb631e10d81,114,114
配線材料,光成端箱（光アダプタ実装；ＦＣ型）,コネクタ（自立） ３００Ｃ以下,個,福井,01,2000000,2080000,80000,4.0,4340b915ce1c4d2b,186de42c3ba77ebc,114,114
配線材料,光成端箱（光アダプタ実装；ＦＣ型）,コネクタ（自立） ３２０Ｃ以下,個,福井,01,2240000,2330000,90000,4.02,dacf02c156735136,a2084039439bb6b4,114,114
配線材料,光成端箱（光アダプタ実装；ＦＣ型）,コネクタ（自立） ３６０Ｃ以下,個,福井,01,2370000,2470000,100000,4.22,8341820aed2c0d73,885de96f91944df3,114,114
配線材料,光成端箱（光アダプタ実装；ＦＣ型）,コネクタ（自立） ４００Ｃ以下,個,福井,01,2480000,2580000,100000,4.03,fa8fb2e959372dd7,9d4656325d014a61,114,114
配線材料,光成端箱（光アダプタ実装；ＦＣ型）,コネクタ（自立） ４４０Ｃ以下,個,福井,01,2890000,3010000,120000,4.15,0a0f7cbbeadb8581,06b85a8664145b99,114,114
配線材料,光成端箱（光アダプタ実装；ＦＣ型）,コネクタ（自立） ４８０Ｃ以下,個,福井,01,2970000,3090000,120000,4.04,9a8222364794a61c,d1f6154bc121c518,114,114
配線材料,光成端箱（光アダプタ実装；ＦＣ型）,コネクタ（自立） ５２０Ｃ以下,個,福井,01,3280000,3420000,140000,4.27,1c7e35c62c4c6d64,e61bb7b231d37c1a,114,114
配線材料,光成端箱（光アダプタ実装；ＦＣ型）,コネクタ（自立） ５６０Ｃ以下,個,福井,01,3430000,3570000,140000,4.08,244a50035f924ece,762116b50d68068b,114,114
配線材料,光成端箱（光アダプタ実装；ＦＣ型）,コネクタ（自立） ６００Ｃ以下,個,福井,01,3560000,3700000,140000,3.93,ec0e0035aff711da,ff44ce94e854ffcf,114,114
配線材料,光成端箱（光アダプタ実装；融着ユニット；ＳＣ型）,コネクタ（壁掛） ６０Ｃ以下,個,福井,01,442000,459000,17000,3.85,52645bdec9e8cf41,568d96fb03eb348e,114,114
配線材料,光成端箱（光アダプタ実装；融着ユニット；ＳＣ型）,コネクタ（壁掛） ８０Ｃ以下,個,福井,01,845000,879000,34000,4.02,dde65e136e23db7b,94038ebcafb52462,114,114
配線材料,光成端箱（光アダプタ実装；融着ユニット；ＳＣ型）,コネクタ（壁掛） １００Ｃ以下,個,福井,01,930000,967000,37000,3.98,306d0ebcd42b206d,9032eb61d0ec7a65,114,114
配線材料,光成端箱（光アダプタ実装；融着ユニット；ＳＣ型）,コネクタ（壁掛） １２０Ｃ以下,個,福井,01,1190000,1240000,50000,4.2,1e3af155f59082bc,ca37fb76a94faa31,114,114
配線材料,光成端箱（光アダプタ実装；融着ユニット；ＳＣ型）,コネクタ（自立） １００Ｃ以下,個,福井,01,944000,982000,38000,4.03,ab2724ce73c19866,98d87dc92c1208e0,114,114
配線材料,光成端箱（光アダプタ実装；融着ユニット；ＳＣ型）,コネクタ（自立） ２００Ｃ以下,個,福井,01,1360000,1410000,50000,3.68,20332ff817adf061,d0142bb0a98904b9,114,114
配線材料,光成端箱（光アダプタ実装；融着ユニット；ＦＣ型）,コネクタ（壁掛） ６０Ｃ以下,個,福井,01,512000,533000,21000,4.1,e463fcb78a31e4de,6921d0787711d7a6,114,114
配線材料,光成端箱（光アダプタ実装；融着ユニット；ＦＣ型）,コネクタ（壁掛） ８０Ｃ以下,個,福井,01,946000,984000,38000,4.02,f98fa92e42d5e27a,7bb6b5df8be923a5,114,114
配線材料,光成端箱（光アダプタ実装；融着ユニット；ＦＣ型）,コネクタ（壁掛） １００Ｃ以下,個,福井,01,1030000,1080000,50000,4.85,3b07c9d07d9dbb47,8f4ccfc490e829cb,114,114
配線材料,光成端箱（光アダプタ実装；ＦＣ型）,コネクタ（自立） １６０Ｃ以下,個,滋賀,02,797000,829000,32000,4.02,642480aeac4b1ebd,e5da7ecfc0abb8cc,114,114
配線材料,光成端箱（光アダプタ実装；ＦＣ型）,コネクタ（自立） １８０Ｃ以下,個,滋賀,02,1030000,1070000,40000,3.88,3dbed1c6763f456b,c520ccc960796b80,114,114
配線材料,光成端箱（光アダプタ実装；ＦＣ型）,コネクタ（自立） ２００Ｃ以下,個,滋賀,02,1550000,1610000,60000,3.87,2925e139de373107,29569713de2ef12f,114,114
配線材料,光成端箱（光アダプタ実装；ＦＣ型）,コネクタ（自立） ２２０Ｃ以下,個,滋賀,02,1720000,1790000,70000,4.07,5521debf144e13c9,3565884be152decc,114,114
配線材料,光成端箱（光アダプタ実装；ＦＣ型）,コネクタ（自立） ２４０Ｃ以下,個,滋賀,02,1790000,1860000,70000,3.91,52eb53f728281b0e,770b7fdc398754ad,114,114
配線材料,光成端箱（光アダプタ実装；ＦＣ型）,コネクタ（自立） ２６０Ｃ以下,個,滋賀,02,1870000,1940000,70000,3.74,21097ae82b5374cd,c93d70aa0caaba05,114,114
配線材料,光成端箱（光アダプタ実装；ＦＣ型）,コネクタ（自立） ２８０Ｃ以下,個,滋賀,02,1930000,2010000,80000,4.15,15cdcd58cb51bebd,b223fe06828b9106,114,114
配線材料,光成端箱（光アダプタ実装；ＦＣ型）,コネクタ（自立） ３００Ｃ以下,個,滋賀,02,2000000,2080000,80000,4.0,2395d07a1c8916df,7c707263aba69536,114,114
配線材料,光成端箱（光アダプタ実装；ＦＣ型）,コネクタ（自立） ３２０Ｃ以下,個,滋賀,02,2240000,2330000,90000,4.02,c76291367af3fa75,5279c4d3ec889185,114,114
配線材料,光成端箱（光アダプタ実装；ＦＣ型）,コネクタ（自立） ３６０Ｃ以下,個,滋賀,02,2370000,2470000,100000,4.22,9ec2ede76cbbaccc,c80e532178fa368a,114,114
配線材料,光成端箱（光アダプタ実装；ＦＣ型）,コネクタ（自立） ４００Ｃ以下,個,滋賀,02,2480000,2580000,100000,4.03,c1c5152c418ecc13,c8baad51d747b603,114,114
配線材料,光成端箱（光アダプタ実装；ＦＣ型）,コネクタ（自立） ４４０Ｃ以下,個,滋賀,02,2890000,3010000,120000,4.15,faf01cdcfde4d2fa,f82894f5fcba27cf,114,114
配線材料,光成端箱（光アダプタ実装；ＦＣ型）,コネクタ（自立） ４８０Ｃ以下,個,滋賀,02,2970000,3090000,120000,4.04,5368763897bdd300,97908cefe1a34a21,114,114
配線材料,光成端箱（光アダプタ実装；ＦＣ型）,コネクタ（自立） ５２０Ｃ以下,個,滋賀,02,3280000,3420000,140000,4.27,3ab4d9ea26b18d04,40ec2c9182bbc390,114,114
配線材料,光成端箱（光アダプタ実装；ＦＣ型）,コネクタ（自立） ５６０Ｃ以下,個,滋賀,02,3430000,3570000,140000,4.08,20a2b6ce0204744d,11a5f0a39268cac0,114,114
配線材料,光成端箱（光アダプタ実装；ＦＣ型）,コネクタ（自立） ６００Ｃ以下,個,滋賀,02,3560000,3700000,140000,3.93,1ab5dd6cd74d5836,0c6a346e25e60325,114,114
配線材料,光成端箱（光アダプタ実装；融着ユニット；ＳＣ型）,コネクタ（壁掛） ６０Ｃ以下,個,滋賀,02,442000,459000,17000,3.85,d762ca489fdf0fe4,470cea4d27658062,114,114
配線材料,光成端箱（光アダプタ実装；融着ユニット；ＳＣ型）,コネクタ（壁掛） ８０Ｃ以下,個,滋賀,02,845000,879000,34000,4.02,7e2100f18f7a4665,a137836506462474,114,114
配線材料,光成端箱（光アダプタ実装；融着ユニット；ＳＣ型）,コネクタ（壁掛） １００Ｃ以下,個,滋賀,02,930000,967000,37000,3.98,e89d892de45119ff,9c9d79d6268d102f,114,114
配線材料,光成端箱（光アダプタ実装；融着ユニット；ＳＣ型）,コネクタ（壁掛） １２０Ｃ以下,個,滋賀,02,1190000,1240000,50000,4.2,ccb9c1fa35f3a145,a0aea9da4098ee12,114,114
配線材料,光成端箱（光アダプタ実装；融着ユニット；ＳＣ型）,コネクタ（自立） １００Ｃ以下,個,滋賀,02,944000,982000,38000,4.03,74804230e78087e9,7c83392ab08d8e9a,114,114
配線材料,光成端箱（光アダプタ実装；融着ユニット；ＳＣ型）,コネクタ（自立） ２００Ｃ以下,個,滋賀,02,1360000,1410000,50000,3.68,0f00f54c0737ada6,315fa946f3c155bb,114,114
配線材料,光成端箱（光アダプタ実装；融着ユニット；ＦＣ型）,コネクタ（壁掛） ６０Ｃ以下,個,滋賀,02,512000,533000,21000,4.1,fc2adfab752ef565,48a5d3f9aeeff732,114,114
配線材料,光成端箱（光アダプタ実装；融着ユニット；ＦＣ型）,コネクタ（壁掛） ８０Ｃ以下,個,滋賀,02,946000,984000,38000,4.02,8b14ce4def7c5e5e,f3fa2ed311c1a0b3,114,114
配線材料,光成端箱（光アダプタ実装；融着ユニット；ＦＣ型）,コネクタ（壁掛） １００Ｃ以下,個,滋賀,02,1030000,1080000,50000,4.85,5121bd1f6a54520f,e8c7d3ed819d4f70,114,114
配線材料,光成端箱（光アダプタ実装；ＦＣ型）,コネクタ（自立） １６０Ｃ以下,個,京都北部,03,797000,829000,32000,4.02,79ab1c471388f42a,0ee7a5b2e313214e,114,114
配線材料,光成端箱（光アダプタ実装；ＦＣ型）,コネクタ（自立） １８０Ｃ以下,個,京都北部,03,1030000,1070000,40000,3.88,ef47dda8bb7be51c,b51bd48b6f6aa95a,114,114
配線材料,光成端箱（光アダプタ実装；ＦＣ型）,コネクタ（自立） ２００Ｃ以下,個,京都北部,03,1550000,1610000,60000,3.87,0e61a190210516c3,b3bf5c24a3cc617a,114,114
配線材料,光成端箱（光アダプタ実装；ＦＣ型）,コネクタ（自立） ２２０Ｃ以下,個,京都北部,03,1720000,1790000,70000,4.07,36d26a6405fe1d82,5aada5ce4934857e,114,114
配線材料,光成端箱（光アダプタ実装；ＦＣ型）,コネクタ（自立） ２４０Ｃ以下,個,京都北部,03,1790000,1860000,70000,3.91,6c025f50bb60dda1,5642b8ffbf0b5f2c,114,114
配線材料,光成端箱（光アダプタ実装；ＦＣ型）,コネクタ（自立） ２６０Ｃ以下,個,京都北部,03,1870000,1940000,70000,3.74,e714a6a27b4e9992,69be61b438d1d245,114,114
配線材料,光成端箱（光アダプタ実装；ＦＣ型）,コネクタ（自立） ２８０Ｃ以下,個,京都北部,03,1930000,2010000,80000,4.15,89de0e733236c5da,d853484e0af42ced,114,114
配線材料,光成端箱（光アダプタ実装；ＦＣ型）,コネクタ（自立） ３００Ｃ以下,個,京都北部,03,2000000,2080000,80000,4.0,20e867d886b443a2,8c666bd6c77cccf3,114,114
配線材料,光成端箱（光アダプタ実装；ＦＣ型）,コネクタ（自立） ３２０Ｃ以下,個,京都北部,03,2240000,2330000,90000,4.02,6132b4e826a5cbdf,2c9e33eed68b938a,114,114
配線材料,光成端箱（光アダプタ実装；ＦＣ型）,コネクタ（自立） ３６０Ｃ以下,個,京都北部,03,2370000,2470000,100000,4.22,bd14b04b7ec098d1,86369b189bb128bf,114,114
配線材料,光成端箱（光アダプタ実装；ＦＣ型）,コネクタ（自立） ４００Ｃ以下,個,京都北部,03,2480000,2580000,100000,4.03,7ed932b736260b59,f2f640bef159830a,114,114
配線材料,光成端箱（光アダプタ実装；ＦＣ型）,コネクタ（自立） ４４０Ｃ以下,個,京都北部,03,2890000,3010000,120000,4.15,9f05855c7211b742,4365156c6b571ca7,114,114
配線材料,光成端箱（光アダプタ実装；ＦＣ型）,コネクタ（自立） ４８０Ｃ以下,個,京都北部,03,2970000,3090000,120000,4.04,e845c3083824817a,610a6e536eae7c17,114,114
配線材料,光成端箱（光アダプタ実装；ＦＣ型）,コネクタ（自立） ５２０Ｃ以下,個,京都北部,03,3280000,3420000,140000,4.27,5abcb3e61c5cbcb8,8f9fbc1935034be4,114,114
配線材料,光成端箱（光アダプタ実装；ＦＣ型）,コネクタ（自立） ５６０Ｃ以下,個,京都北部,03,3430000,3570000,140000,4.08,081c7bda7d1db353,78c4fc7d4dbf7348,114,114
配線材料,光成端箱（光アダプタ実装；ＦＣ型）,コネクタ（自立） ６００Ｃ以下,個,京都北部,03,3560000,3700000,140000,3.93,5d04f018240f437d,ea02d2088b2c8683,114,114
配線材料,光成端箱（光アダプタ実装；融着ユニット；ＳＣ型）,コネクタ（壁掛） ６０Ｃ以下,個,京都北部,03,442000,459000,17000,3.85,609a95c0eb234f89,3fd088784ce44c64,114,114
配線材料,光成端箱（光アダプタ実装；融着ユニット；ＳＣ型）,コネクタ（壁掛） ８０Ｃ以下,個,京都北部,03,845000,879000,34000,4.02,afd1e5ebe02c9547,5b9686dcc7948276,114,114
配線材料,光成端箱（光アダプタ実装；融着ユニット；ＳＣ型）,コネクタ（壁掛） １００Ｃ以下,個,京都北部,03,930000,967000,37000,3.98,6d861296a0a1f081,890e35bc7f34ceb3,114,114
配線材料,光成端箱（光アダプタ実装；融着ユニット；ＳＣ型）,コネクタ（壁掛） １２０Ｃ以下,個,京都北部,03,1190000,1240000,50000,4.2,14d4fd681dfa854c,d6c9f0ccf0048863,114,114
配線材料,光成端箱（光アダプタ実装；融着ユニット；ＳＣ型）,コネクタ（自立） １００Ｃ以下,個,京都北部,03,944000,982000,38000,4.03,8615ac1d556046a7,78b0b1533a175609,114,114
配線材料,光成端箱（光アダプタ実装；融着ユニット；ＳＣ型）,コネクタ（自立） ２００Ｃ以下,個,京都北部,03,1360000,1410000,50000,3.68,5231c12f788e2f8c,74f2f4f95f7c87ca,114,114
配線材料,光成端箱（光アダプタ実装；融着ユニット；ＦＣ型）,コネクタ（壁掛） ６０Ｃ以下,個,京都北部,03,512000,533000,21000,4.1,8efdc8634a493e29,9879aa6c51b676ed,114,114
配線材料,光成端箱（光アダプタ実装；融着ユニット；ＦＣ型）,コネクタ（壁掛） ８０Ｃ以下,個,京都北部,03,946000,984000,38000,4.02,58a43c297d62616e,2fdb3eeec3cfbf8b,114,114
配線材料,光成端箱（光アダプタ実装；融着ユニット；ＦＣ型）,コネクタ（壁掛） １００Ｃ以下,個,京都北部,03,1030000,1080000,50000,4.85,919493d6f6bd5ce1,04f06f9dda03c7f8,114,114
配線材料,光成端箱（光アダプタ実装；ＦＣ型）,コネクタ（自立） １６０Ｃ以下,個,京都南部,04,797000,829000,32000,4.02,121716eaf8b5c012,894b0d67da5edf23,114,114
配線材料,光成端箱（光アダプタ実装；ＦＣ型）,コネクタ（自立） １８０Ｃ以下,個,京都南部,04,1030000,1070000,40000,3.88,94adc7e608575819,922ed15d476af229,114,114
配線材料,光成端箱（光アダプタ実装；ＦＣ型）,コネクタ（自立） ２００Ｃ以下,個,京都南部,04,1550000,1610000,60000,3.87,d7da4cb297e61746,0648281844538db8,114,114
配線材料,光成端箱（光アダプタ実装；ＦＣ型）,コネクタ（自立） ２２０Ｃ以下,個,京都南部,04,1720000,1790000,70000,4.07,08e43271aa9b28bb,c64b175b9f0ffb76,114,114
配線材料,光成端箱（光アダプタ実装；ＦＣ型）,コネクタ（自立） ２４０Ｃ以下,個,京都南部,04,1790000,1860000,70000,3.91,28815e63daf5b94b,7e378a64867fe073,114,114
配線材料,光成端箱（光アダプタ実装；ＦＣ型）,コネクタ（自立） ２６０Ｃ以下,個,京都南部,04,1870000,1940000,70000,3.74,50387ff0ec756027,b62629895a294aab,114,114
配線材料,光成端箱（光アダプタ実装；ＦＣ型）,コネクタ（自立） ２８０Ｃ以下,個,京都南部,04,1930000,2010000,80000,4.15,340e2b7739b36224,b5fe7b58a640f919,114,114
配線材料,光成端箱（光アダプタ実装；ＦＣ型）,コネクタ（自立） ３００Ｃ以下,個,京都南部,04,2000000,2080000,80000,4.0,ab84b3e42ec4e717,97abd1def01a529c,114,114
配線材料,光成端箱（光アダプタ実装；ＦＣ型）,コネクタ（自立） ３２０Ｃ以下,個,京都南部,04,2240000,2330000,90000,4.02,63f89a15a36f9d0b,8538f7344933c0b0,114,114
配線材料,光成端箱（光アダプタ実装；ＦＣ型）,コネクタ（自立） ３６０Ｃ以下,個,京都南部,04,2370000,2470000,100000,4.22,97457a9eb475cce8,30e372be9a38a227,114,114
配線材料,光成端箱（光アダプタ実装；ＦＣ型）,コネクタ（自立） ４００Ｃ以下,個,京都南部,04,2480000,2580000,100000,4.03,d005de0ff8ed94fb,4fd5efd92aec75a2,114,114
配線材料,光成端箱（光アダプタ実装；ＦＣ型）,コネクタ（自立） ４４０Ｃ以下,個,京都南部,04,2890000,3010000,120000,4.15,436ccd44f5322eea,eaf8864ddc38c313,114,114
配線材料,光成端箱（光アダプタ実装；ＦＣ型）,コネクタ（自立） ４８０Ｃ以下,個,京都南部,04,2970000,3090000,120000,4.04,bdadf138a737e133,d9dc61c5d3b8fd4c,114,114
配線材料,光成端箱（光アダプタ実装；ＦＣ型）,コネクタ（自立） ５２０Ｃ以下,個,京都南部,04,3280000,3420000,140000,4.27,97412e74759d29a8,bfb0677e82a9dceb,114,114
配線材料,光成端箱（光アダプタ実装；ＦＣ型）,コネクタ（自立） ５６０Ｃ以下,個,京都南部,04,3430000,3570000,140000,4.08,b47f2da87d53b44a,b615adfcb6c1c89c,114,114
配線材料,光成端箱（光アダプタ実装；ＦＣ型）,コネクタ（自立） ６００Ｃ以下,個,京都南部,04,3560000,3700000,140000,3.93,3f38ddf05255d3ad,12f441d5d1cb66b4,114,114
配線材料,光成端箱（光アダプタ実装；融着ユニット；ＳＣ型）,コネクタ（壁掛） ６０Ｃ以下,個,京都南部,04,442000,459000,17000,3.85,a9e9a718e5c8d352,1ccee5002a4750e6,114,114
配線材料,光成端箱（光アダプタ実装；融着ユニット；ＳＣ型）,コネクタ（壁掛） ８０Ｃ以下,個,京都南部,04,845000,879000,34000,4.02,ea19bde055aaed89,a6d9c0290cb23e7d,114,114
配線材料,光成端箱（光アダプタ実装；融着ユニット；ＳＣ型）,コネクタ（壁掛） １００Ｃ以下,個,京都南部,04,930000,967000,37000,3.98,220f4f153c9c1f3f,7850b6df6d7e6916,114,114
配線材料,光成端箱（光アダプタ実装；融着ユニット；ＳＣ型）,コネクタ（壁掛） １２０Ｃ以下,個,京都南部,04,1190000,1240000,50000,4.2,14057c863f023216,706eeda27c408c54,114,114
配線材料,光成端箱（光アダプタ実装；融着ユニット；ＳＣ型）,コネクタ（自立） １００Ｃ以下,個,京都南部,04,944000,982000,38000,4.03,2471f5213eeb9826,360461cac1db2366,114,114
配線材料,光成端箱（光アダプタ実装；融着ユニット；ＳＣ型）,コネクタ（自立） ２００Ｃ以下,個,京都南部,04,1360000,1410000,50000,3.68,bff230aeaa596c0c,4c31ad3e62c39bcd,114,114
配線材料,光成端箱（光アダプタ実装；融着ユニット；ＦＣ型）,コネクタ（壁掛） ６０Ｃ以下,個,京都南部,04,512000,533000,21000,4.1,ba91a8b677c46e85,c3cd312a69637aa6,114,114
配線材料,光成端箱（光アダプタ実装；融着ユニット；ＦＣ型）,コネクタ（壁掛） ８０Ｃ以下,個,京都南部,04,946000,984000,38000,4.02,600189bc0a04e9b3,277eba2f2a07fba2,114,114
配線材料,光成端箱（光アダプタ実装；融着ユニット；ＦＣ型）,コネクタ（壁掛） １００Ｃ以下,個,京都南部,04,1030000,1080000,50000,4.85,49e2dfbdad37440e,9b9fd861b91d98ce,114,114
配線材料,光成端箱（光アダプタ実装；ＦＣ型）,コネクタ（自立） １６０Ｃ以下,個,大阪,05,797000,829000,32000,4.02,8141f2055a3c075c,c1e9a8ca3aff1b2f,114,114
配線材料,光成端箱（光アダプタ実装；ＦＣ型）,コネクタ（自立） １８０Ｃ以下,個,大阪,05,1030000,1070000,40000,3.88,f001015b749721bd,20764dce63f90dea,114,114
配線材料,光成端箱（光アダプタ実装；ＦＣ型）,コネクタ（自立） ２００Ｃ以下,個,大阪,05,1550000,1610000,60000,3.87,c4efda86a76612a1,cd2576749900fef4,114,114
配線材料,光成端箱（光アダプタ実装；ＦＣ型）,コネクタ（自立） ２２０Ｃ以下,個,大阪,05,1720000,1790000,70000,4.07,3a27ad8823783b52,e2a9b3a27a126db5,114,114
配線材料,光成端箱（光アダプタ実装；ＦＣ型）,コネクタ（自立） ２４０Ｃ以下,個,大阪,05,1790000,1860000,70000,3.91,3418603b66648b77,f3fc8584231889ed,114,114
配線材料,光成端箱（光アダプタ実装；ＦＣ型）,コネクタ（自立） ２６０Ｃ以下,個,大阪,05,1870000,1940000,70000,3.74,d17727f541f36244,b940f1a4ecc28617,114,114
配線材料,光成端箱（光アダプタ実装；ＦＣ型）,コネクタ（自立） ２８０Ｃ以下,個,大阪,05,1930000,2010000,80000,4.15,01e8186d1b41014c,e36d37969900ce66,114,114
配線材料,光成端箱（光アダプタ実装；ＦＣ型）,コネクタ（自立） ３００Ｃ以下,個,大阪,05,2000000,2080000,80000,4.0,38f64516dc10dd31,9849cecc2707dd0e,114,114
配線材料,光成端箱（光アダプタ実装；ＦＣ型）,コネクタ（自立） ３２０Ｃ以下,個,大阪,05,2240000,2330000,90000,4.02,776615449d01be74,b249d0af3657284c,114,114
配線材料,光成端箱（光アダプタ実装；ＦＣ型）,コネクタ（自立） ３６０Ｃ以下,個,大阪,05,2370000,2470000,100000,4.22,c2656d39c61491ee,1f231e1c6bc0641e,114,114
配線材料,光成端箱（光アダプタ実装；ＦＣ型）,コネクタ（自立） ４００Ｃ以下,個,大阪,05,2480000,2580000,100000,4.03,89b2da7fd427bfec,2f3c9d29bd4a8e1e,114,114
配線材料,光成端箱（光アダプタ実装；ＦＣ型）,コネクタ（自立） ４４０Ｃ以下,個,大阪,05,2890000,3010000,120000,4.15,e42c7ffdf7add932,2666bb2b83f228f0,114,114
配線材料,光成端箱（光アダプタ実装；ＦＣ型）,コネクタ（自立） ４８０Ｃ以下,個,大阪,05,2970000,3090000,120000,4.04,1c8c651effb09e20,305c2f97c6998e76,114,114
配線材料,光成端箱（光アダプタ実装；ＦＣ型）,コネクタ（自立） ５２０Ｃ以下,個,大阪,05,3280000,3420000,140000,4.27,d431aa12672d551d,738e8220331b0680,114,114
配線材料,光成端箱（光アダプタ実装；ＦＣ型）,コネクタ（自立） ５６０Ｃ以下,個,大阪,05,3430000,3570000,140000,4.08,ad3bfbcf9fb6384b,bcba91a95bdaa17e,114,114
配線材料,光成端箱（光アダプタ実装；ＦＣ型）,コネクタ（自立） ６００Ｃ以下,個,大阪,05,3560000,3700000,140000,3.93,2fc279608d9dded8,dee8e2ee04476027,114,114
配線材料,光成端箱（光アダプタ実装；融着ユニット；ＳＣ型）,コネクタ（壁掛） ６０Ｃ以下,個,大阪,05,442000,459000,17000,3.85,2186be1cdaa09a66,a2b3ff2c2d7b6ed1,114,114
配線材料,光成端箱（光アダプタ実装；融着ユニット；ＳＣ型）,コネクタ（壁掛） ８０Ｃ以下,個,大阪,05,845000,879000,34000,4.02,3f18d31f23773151,830f762e648f5c0a,114,114
配線材料,光成端箱（光アダプタ実装；融着ユニット；ＳＣ型）,コネクタ（壁掛） １００Ｃ以下,個,大阪,05,930000,967000,37000,3.98,68549d6a935e06b5,bcc6b31855aa10c2,114,114
配線材料,光成端箱（光アダプタ実装；融着ユニット；ＳＣ型）,コネクタ（壁掛） １２０Ｃ以下,個,大阪,05,1190000,1240000,50000,4.2,a5a01ede06a3a599,f8d1869af8c11e0e,114,114
配線材料,光成端箱（光アダプタ実装；融着ユニット；ＳＣ型）,コネクタ（自立） １００Ｃ以下,個,大阪,05,944000,982000,38000,4.03,8a030fdfd55b1039,7b251e27067094d4,114,114
配線材料,光成端箱（光アダプタ実装；融着ユニット；ＳＣ型）,コネクタ（自立） ２００Ｃ以下,個,大阪,05,1360000,1410000,50000,3.68,8bd6e2495c0ee6f2,b51390ac3407032d,114,114
配線材料,光成端箱（光アダプタ実装；融着ユニット；ＦＣ型）,コネクタ（壁掛） ６０Ｃ以下,個,大阪,05,512000,533000,21000,4.1,946107c395a842c5,773a00cf66067902,114,114
配線材料,光成端箱（光アダプタ実装；融着ユニット；ＦＣ型）,コネクタ（壁掛） ８０Ｃ以下,個,大阪,05,946000,984000,38000,4.02,2f2daf6e0d161ba1,2504185cbe249a49,114,114
配線材料,光成端箱（光アダプタ実装；融着ユニット；ＦＣ型）,コネクタ（壁掛） １００Ｃ以下,個,大阪,05,1030000,1080000,50000,4.85,53f6612364305081,ddb1cfeed8b5494c,114,114
配線材料,光成端箱（光アダプタ実装；ＦＣ型）,コネクタ（自立） １６０Ｃ以下,個,兵庫北部,06,797000,829000,32000,4.02,e9def6c0ec6c6509,eb7836ee2c2eb141,114,114
配線材料,光成端箱（光アダプタ実装；ＦＣ型）,コネクタ（自立） １８０Ｃ以下,個,兵庫北部,06,1030000,1070000,40000,3.88,d5036bfce91dd28b,d6a1010e3ab3a0eb,114,114
配線材料,光成端箱（光アダプタ実装；ＦＣ型）,コネクタ（自立） ２００Ｃ以下,個,兵庫北部,06,1550000,1610000,60000,3.87,05555fa07695a40b,81aa9c33b45b4653,114,114
配線材料,光成端箱（光アダプタ実装；ＦＣ型）,コネクタ（自立） ２２０Ｃ以下,個,兵庫北部,06,1720000,1790000,70000,4.07,500e73227ecf22bd,52c66ec81c0363c1,114,114
配線材料,光成端箱（光アダプタ実装；ＦＣ型）,コネクタ（自立） ２４０Ｃ以下,個,兵庫北部,06,1790000,1860000,70000,3.91,0d2317438af3b47f,bf34fddd76fb3b44,114,114
配線材料,光成端箱（光アダプタ実装；ＦＣ型）,コネクタ（自立） ２６０Ｃ以下,個,兵庫北部,06,1870000,1940000,70000,3.74,7e9f44fbd89090de,4c9d9d9d8c1d0534,114,114
配線材料,光成端箱（光アダプタ実装；ＦＣ型）,コネクタ（自立） ２８０Ｃ以下,個,兵庫北部,06,1930000,2010000,80000,4.15,1dbbc75e00d6cfb6,6d24eb62abaab11b,114,114
配線材料,光成端箱（光アダプタ実装；ＦＣ型）,コネクタ（自立） ３００Ｃ以下,個,兵庫北部,06,2000000,2080000,80000,4.0,17c53511eec0b5f4,9306bc8ccbcfc0b8,114,114
配線材料,光成端箱（光アダプタ実装；ＦＣ型）,コネクタ（自立） ３２０Ｃ以下,個,兵庫北部,06,2240000,2330000,90000,4.02,0006476a572092a0,e03fe8b962febf0f,114,114
配線材料,光成端箱（光アダプタ実装；ＦＣ型）,コネクタ（自立） ３６０Ｃ以下,個,兵庫北部,06,2370000,2470000,100000,4.22,ac3cf28200d35661,11d3a2a5eb409907,114,114
配線材料,光成端箱（光アダプタ実装；ＦＣ型）,コネクタ（自立） ４００Ｃ以下,個,兵庫北部,06,2480000,2580000,100000,4.03,a3a425a7adf8859f,5c3cbc4dd8f7c0d7,114,114
配線材料,光成端箱（光アダプタ実装；ＦＣ型）,コネクタ（自立） ４４０Ｃ以下,個,兵庫北部,06,2890000,3010000,120000,4.15,25dcdefb28923796,b9c5ed56ac71dd8b,114,114
配線材料,光成端箱（光アダプタ実装；ＦＣ型）,コネクタ（自立） ４８０Ｃ以下,個,兵庫北部,06,2970000,3090000,120000,4.04,da3bc32c51d74d06,a2ccb5118fcb5762,114,114
配線材料,光成端箱（光アダプタ実装；ＦＣ型）,コネクタ（自立） ５２０Ｃ以下,個,兵庫北部,06,3280000,3420000,140000,4.27,d168c2160f959502,47cce98dfd9144ec,114,114
配線材料,光成端箱（光アダプタ実装；ＦＣ型）,コネクタ（自立） ５６０Ｃ以下,個,兵庫北部,06,3430000,3570000,140000,4.08,10ebfa4ea40ffef6,7ee80933ba1a2dd6,114,114
配線材料,光成端箱（光アダプタ実装；ＦＣ型）,コネクタ（自立） ６００Ｃ以下,個,兵庫北部,06,3560000,3700000,140000,3.93,47f90f7c71b54dda,27258b6af9d31990,114,114
配線材料,光成端箱（光アダプタ実装；融着ユニット；ＳＣ型）,コネクタ（壁掛） ６０Ｃ以下,個,兵庫北部,06,442000,459000,17000,3.85,0ab276106686d6d1,321368730cbd546e,114,114
配線材料,光成端箱（光アダプタ実装；融着ユニット；ＳＣ型）,コネクタ（壁掛） ８０Ｃ以下,個,兵庫北部,06,845000,879000,34000,4.02,02971dad28ad47dc,4ccca64efd424a0b,114,114
配線材料,光成端箱（光アダプタ実装；融着ユニット；ＳＣ型）,コネクタ（壁掛） １００Ｃ以下,個,兵庫北部,06,930000,967000,37000,3.98,0ac12cf09bacbabd,6bc2c4300bf21811,114,114
配線材料,光成端箱（光アダプタ実装；融着ユニット；ＳＣ型）,コネクタ（壁掛） １２０Ｃ以下,個,兵庫北部,06,1190000,1240000,50000,4.2,02eaa00193c73e91,20af9f379e3b94fe,114,114
配線材料,光成端箱（光アダプタ実装；融着ユニット；ＳＣ型）,コネクタ（自立） １００Ｃ以下,個,兵庫北部,06,944000,982000,38000,4.03,977d01defe3ddc61,07c5692420de843f,114,114
配線材料,光成端箱（光アダプタ実装；融着ユニット；ＳＣ型）,コネクタ（自立） ２００Ｃ以下,個,兵庫北部,06,1360000,1410000,50000,3.68,b5618af4e16dffdf,f32f8d11183bbe93,114,114
配線材料,光成端箱（光アダプタ実装；融着ユニット；ＦＣ型）,コネクタ（壁掛） ６０Ｃ以下,個,兵庫北部,06,512000,533000,21000,4.1,9b3d8999f1ec2303,b4531ed73ed7aad5,114,114
配線材料,光成端箱（光アダプタ実装；融着ユニット；ＦＣ型）,コネクタ（壁掛） ８０Ｃ以下,個,兵庫北部,06,946000,984000,38000,4.02,78b2f6dedfcfbd65,11104eb119949605,114,114
配線材料,光成端箱（光アダプタ実装；融着ユニット；ＦＣ型）,コネクタ（壁掛） １００Ｃ以下,個,兵庫北部,06,1030000,1080000,50000,4.85,28656e7f8f4b986c,119194e54b7d6057,114,114
配線材料,光成端箱（光アダプタ実装；ＦＣ型）,コネクタ（自立） １６０Ｃ以下,個,兵庫西部,07,797000,829000,32000,4.02,a84e76c5bb82f4f2,2258f233b64d1cdf,114,114
配線材料,光成端箱（光アダプタ実装；ＦＣ型）,コネクタ（自立） １８０Ｃ以下,個,兵庫西部,07,1030000,1070000,40000,3.88,605b7c4e3ac73192,dd44091201a81b79,114,114
配線材料,光成端箱（光アダプタ実装；ＦＣ型）,コネクタ（自立） ２００Ｃ以下,個,兵庫西部,07,1550000,1610000,60000,3.87,2db40c15fe998523,c54b5a08a8698578,114,114
配線材料,光成端箱（光アダプタ実装；ＦＣ型）,コネクタ（自立） ２２０Ｃ以下,個,兵庫西部,07,1720000,1790000,70000,4.07,5e7dc7161b14c304,826d107eb02001fd,114,114
配線材料,光成端箱（光アダプタ実装；ＦＣ型）,コネクタ（自立） ２４０Ｃ以下,個,兵庫西部,07,1790000,1860000,70000,3.91,96bd547c906f7d2e,1207ae28b9a9c8bf,114,114
配線材料,光成端箱（光アダプタ実装；ＦＣ型）,コネクタ（自立） ２６０Ｃ以下,個,兵庫西部,07,1870000,1940000,70000,3.74,45d654c2f1f5883d,47a33b6f78389418,114,114
配線材料,光成端箱（光アダプタ実装；ＦＣ型）,コネクタ（自立） ２８０Ｃ以下,個,兵庫西部,07,1930000,2010000,80000,4.15,fa49b2b009425e46,e744885b5413ff25,114,114
配線材料,光成端箱（光アダプタ実装；ＦＣ型）,コネクタ（自立） ３００Ｃ以下,個,兵庫西部,07,2000000,2080000,80000,4.0,4867fcf1e9ee7368,9d216e2d62786fa0,114,114
配線材料,光成端箱（光アダプタ実装；ＦＣ型）,コネクタ（自立） ３２０Ｃ以下,個,兵庫西部,07,2240000,2330000,90000,4.02,7b529c4f8411f5b7,9704485912b2197c,114,114
配線材料,光成端箱（光アダプタ実装；ＦＣ型）,コネクタ（自立） ３６０Ｃ以下,個,兵庫西部,07,2370000,2470000,100000,4.22,412643124f607bcb,a99058daf52d1d5d,114,114
配線材料,光成端箱（光アダプタ実装；ＦＣ型）,コネクタ（自立） ４００Ｃ以下,個,兵庫西部,07,2480000,2580000,100000,4.03,0dc166696a51f188,fd36bb161bd68014,114,114
配線材料,光成端箱（光アダプタ実装；ＦＣ型）,コネクタ（自立） ４４０Ｃ以下,個,兵庫西部,07,2890000,3010000,120000,4.15,413ea2d9a7196c70,dfde090068d0cf56,114,114
配線材料,光成端箱（光アダプタ実装；ＦＣ型）,コネクタ（自立） ４８０Ｃ以下,個,兵庫西部,07,2970000,3090000,120000,4.04,a5b79b0ea4ab72b8,0a7436b6f30d24f1,114,114
配線材料,光成端箱（光アダプタ実装；ＦＣ型）,コネクタ（自立） ５２０Ｃ以下,個,兵庫西部,07,3280000,3420000,140000,4.27,d27e338a46bb44d3,d605d3bc214edc30,114,114
配線材料,光成端箱（光アダプタ実装；ＦＣ型）,コネクタ（自立） ５６０Ｃ以下,個,兵庫西部,07,3430000,3570000,140000,4.08,c372146a60542574,260fc2546410975a,114,114
配線材料,光成端箱（光アダプタ実装；ＦＣ型）,コネクタ（自立） ６００Ｃ以下,個,兵庫西部,07,3560000,3700000,140000,3.93,0a25c6501e84ac3f,77bb244ecf905b3d,114,114
配線材料,光成端箱（光アダプタ実装；融着ユニット；ＳＣ型）,コネクタ（壁掛） ６０Ｃ以下,個,兵庫西部,07,442000,459000,17000,3.85,d68e41ca112e1fce,2f60b5d51e83cab8,114,114
配線材料,光成端箱（光アダプタ実装；融着ユニット；ＳＣ型）,コネクタ（壁掛） ８０Ｃ以下,個,兵庫西部,07,845000,879000,34000,4.02,49429d378eb2e704,762990c81223e9cc,114,114
配線材料,光成端箱（光アダプタ実装；融着ユニット；ＳＣ型）,コネクタ（壁掛） １００Ｃ以下,個,兵庫西部,07,930000,967000,37000,3.98,ba58f52557acd394,1c1496f9144e8892,114,114
配線材料,光成端箱（光アダプタ実装；融着ユニット；ＳＣ型）,コネクタ（壁掛） １２０Ｃ以下,個,兵庫西部,07,1190000,1240000,50000,4.2,9f4a632a0bff7216,e6b49f55c21d361a,114,114
配線材料,光成端箱（光アダプタ実装；融着ユニット；ＳＣ型）,コネクタ（自立） １００Ｃ以下,個,兵庫西部,07,944000,982000,38000,4.03,90c20574a3dbf76e,79a1f15087eb5e0e,114,114
配線材料,光成端箱（光アダプタ実装；融着ユニット；ＳＣ型）,コネクタ（自立） ２００Ｃ以下,個,兵庫西部,07,1360000,1410000,50000,3.68,2a230bbd9f1737d9,c071e0cd47d89d7c,114,114
配線材料,光成端箱（光アダプタ実装；融着ユニット；ＦＣ型）,コネクタ（壁掛） ６０Ｃ以下,個,兵庫西部,07,512000,533000,21000,4.1,2a91b117492f6292,97bc8a3296b5a5d3,114,114
配線材料,光成端箱（光アダプタ実装；融着ユニット；ＦＣ型）,コネクタ（壁掛） ８０Ｃ以下,個,兵庫西部,07,946000,984000,38000,4.02,d4033a81e504ad35,281b1a32a37b4a07,114,114
配線材料,光成端箱（光アダプタ実装；融着ユニット；ＦＣ型）,コネクタ（壁掛） １００Ｃ以下,個,兵庫西部,07,1030000,1080000,50000,4.85,b89d6be71b9946c1,e2d4a6f5fe7e7230,114,114
配線材料,光成端箱（光アダプタ実装；ＦＣ型）,コネクタ（自立） １６０Ｃ以下,個,兵庫,08,797000,829000,32000,4.02,71452cc79caf02a4,37c51f98a3214f22,114,114
配線材料,光成端箱（光アダプタ実装；ＦＣ型）,コネクタ（自立） １８０Ｃ以下,個,兵庫,08,1030000,1070000,40000,3.88,0e1e79731587c259,f333e2aaab7f0d16,114,114
配線材料,光成端箱（光アダプタ実装；ＦＣ型）,コネクタ（自立） ２００Ｃ以下,個,兵庫,08,1550000,1610000,60000,3.87,50326835fbc11d02,943be5c78a63f67a,114,114
配線材料,光成端箱（光アダプタ実装；ＦＣ型）,コネクタ（自立） ２２０Ｃ以下,個,兵庫,08,1720000,1790000,70000,4.07,42e784f8539af467,7108667ec3003de1,114,114
配線材料,光成端箱（光アダプタ実装；ＦＣ型）,コネクタ（自立） ２４０Ｃ以下,個,兵庫,08,1790000,1860000,70000,3.91,93c5e5068b1f395e,f66fa7adfbe7f080,114,114
配線材料,光成端箱（光アダプタ実装；ＦＣ型）,コネクタ（自立） ２６０Ｃ以下,個,兵庫,08,1870000,1940000,70000,3.74,c7d0706de366ebe4,3525ec7ffa1e318b,114,114
配線材料,光成端箱（光アダプタ実装；ＦＣ型）,コネクタ（自立） ２８０Ｃ以下,個,兵庫,08,1930000,2010000,80000,4.15,e3859e304086d6d6,08044caaab8a6708,114,114
配線材料,光成端箱（光アダプタ実装；ＦＣ型）,コネクタ（自立） ３００Ｃ以下,個,兵庫,08,2000000,2080000,80000,4.0,f3e0a3d9d39cdd77,7033dea9b022d546,114,114
配線材料,光成端箱（光アダプタ実装；ＦＣ型）,コネクタ（自立） ３２０Ｃ以下,個,兵庫,08,2240000,2330000,90000,4.02,e5e4d3268d365d2f,dc4ba768c023d4fd,114,114
配線材料,光成端箱（光アダプタ実装；ＦＣ型）,コネクタ（自立） ３６０Ｃ以下,個,兵庫,08,2370000,2470000,100000,4.22,608cdb2a30ad2191,fc82055f70d77879,114,114
配線材料,光成端箱（光アダプタ実装；ＦＣ型）,コネクタ（自立） ４００Ｃ以下,個,兵庫,08,2480000,2580000,100000,4.03,5999cfcf85b2deee,c9499231c8e161bf,114,114
配線材料,光成端箱（光アダプタ実装；ＦＣ型）,コネクタ（自立） ４４０Ｃ以下,個,兵庫,08,2890000,3010000,120000,4.15,6723ec53a7a22ae1,41596f3c77e6137c,114,114
配線材料,光成端箱（光アダプタ実装；ＦＣ型）,コネクタ（自立） ４８０Ｃ以下,個,兵庫,08,2970000,3090000,120000,4.04,751762358d1578ee,65d51a54342cf669,114,114
配線材料,光成端箱（光アダプタ実装；ＦＣ型）,コネクタ（自立） ５２０Ｃ以下,個,兵庫,08,3280000,3420000,140000,4.27,445b48ff77d58d66,12e6c38cf10611b7,114,114
配線材料,光成端箱（光アダプタ実装；ＦＣ型）,コネクタ（自立） ５６０Ｃ以下,個,兵庫,08,3430000,3570000,140000,4.08,a2537c6f41d1684f,b1971e94ee94d8f4,114,114
配線材料,光成端箱（光アダプタ実装；ＦＣ型）,コネクタ（自立） ６００Ｃ以下,個,兵庫,08,3560000,3700000,140000,3.93,c74cbaaa06c54e69,fbe0498e89baa4d1,114,114
配線材料,光成端箱（光アダプタ実装；融着ユニット；ＳＣ型）,コネクタ（壁掛） ６０Ｃ以下,個,兵庫,08,442000,459000,17000,3.85,99ec87c48ee76d47,d423d23022029697,114,114
配線材料,光成端箱（光アダプタ実装；融着ユニット；ＳＣ型）,コネクタ（壁掛） ８０Ｃ以下,個,兵庫,08,845000,879000,34000,4.02,dfef21e53bd7e4c9,621ebba9a3a286d1,114,114
配線材料,光成端箱（光アダプタ実装；融着ユニット；ＳＣ型）,コネクタ（壁掛） １００Ｃ以下,個,兵庫,08,930000,967000,37000,3.98,82b8303189c6af08,beb988f108333a13,114,114
配線材料,光成端箱（光アダプタ実装；融着ユニット；ＳＣ型）,コネクタ（壁掛） １２０Ｃ以下,個,兵庫,08,1190000,1240000,50000,4.2,372f667e57da8114,d3db23f3bf945fc9,114,114
配線材料,光成端箱（光アダプタ実装；融着ユニット；ＳＣ型）,コネクタ（自立） １００Ｃ以下,個,兵庫,08,944000,982000,38000,4.03,58d71bb330774889,adbba121e72a5753,114,114
配線材料,光成端箱（光アダプタ実装；融着ユニット；ＳＣ型）,コネクタ（自立） ２００Ｃ以下,個,兵庫,08,1360000,1410000,50000,3.68,355b8949342c0089,1317746594ab36ba,114,114
配線材料,光成端箱（光アダプタ実装；融着ユニット；ＦＣ型）,コネクタ（壁掛） ６０Ｃ以下,個,兵庫,08,512000,533000,21000,4.1,da91f8125bc02e2d,d2927c2b213e551b,114,114
配線材料,光成端箱（光アダプタ実装；融着ユニット；ＦＣ型）,コネクタ（壁掛） ８０Ｃ以下,個,兵庫,08,946000,984000,38000,4.02,263548f6db3de14a,17918cc87905c224,114,114
配線材料,光成端箱（光アダプタ実装；融着ユニット；ＦＣ型）,コネクタ（壁掛） １００Ｃ以下,個,兵庫,08,1030000,1080000,50000,4.85,4589826425160e9e,e0db18529f26b40d,114,114
配線材料,光成端箱（光アダプタ実装；ＦＣ型）,コネクタ（自立） １６０Ｃ以下,個,奈良,09,797000,829000,32000,4.02,d0bb97e481a42218,16f5e6ffff0c5c4a,114,114
配線材料,光成端箱（光アダプタ実装；ＦＣ型）,コネクタ（自立） １８０Ｃ以下,個,奈良,09,1030000,1070000,40000,3.88,f4fb58056b240fce,52cde9a2c793d6f0,114,114
配線材料,光成端箱（光アダプタ実装；ＦＣ型）,コネクタ（自立） ２００Ｃ以下,個,奈良,09,1550000,1610000,60000,3.87,b1781af5492e1f8e,be186fd33b0de617,114,114
配線材料,光成端箱（光アダプタ実装；ＦＣ型）,コネクタ（自立） ２２０Ｃ以下,個,奈良,09,1720000,1790000,70000,4.07,932f9cf63e1e191a,0351d7ec5426e91b,114,114
配線材料,光成端箱（光アダプタ実装；ＦＣ型）,コネクタ（自立） ２４０Ｃ以下,個,奈良,09,1790000,1860000,70000,3.91,fb2354c21201be32,57a83b8344012934,114,114
配線材料,光成端箱（光アダプタ実装；ＦＣ型）,コネクタ（自立） ２６０Ｃ以下,個,奈良,09,1870000,1940000,70000,3.74,56e7f687dcf58965,7112c0e0463bed44,114,114
配線材料,光成端箱（光アダプタ実装；ＦＣ型）,コネクタ（自立） ２８０Ｃ以下,個,奈良,09,1930000,2010000,80000,4.15,4f1f9a4915e0fae3,e1d4d76e867154c0,114,114
配線材料,光成端箱（光アダプタ実装；ＦＣ型）,コネクタ（自立） ３００Ｃ以下,個,奈良,09,2000000,2080000,80000,4.0,dd5779803d2e6d9c,6870267978df1dd7,114,114
配線材料,光成端箱（光アダプタ実装；ＦＣ型）,コネクタ（自立） ３２０Ｃ以下,個,奈良,09,2240000,2330000,90000,4.02,229f13b7281d9a71,c98fc9918a88805f,114,114
配線材料,光成端箱（光アダプタ実装；ＦＣ型）,コネクタ（自立） ３６０Ｃ以下,個,奈良,09,2370000,2470000,100000,4.22,40c2ae1d5296092a,47115332cc47bf14,114,114
配線材料,光成端箱（光アダプタ実装；ＦＣ型）,コネクタ（自立） ４００Ｃ以下,個,奈良,09,2480000,2580000,100000,4.03,6fb9caad44882171,8be471e0a8564b2b,114,114
配線材料,光成端箱（光アダプタ実装；ＦＣ型）,コネクタ（自立） ４４０Ｃ以下,個,奈良,09,2890000,3010000,120000,4.15,77c6d9b0ee402215,b9983d97b4af9190,114,114
配線材料,光成端箱（光アダプタ実装；ＦＣ型）,コネクタ（自立） ４８０Ｃ以下,個,奈良,09,2970000,3090000,120000,4.04,4172394404169213,8c0e81ba0b7efd7e,114,114
配線材料,光成端箱（光アダプタ実装；ＦＣ型）,コネクタ（自立） ５２０Ｃ以下,個,奈良,09,3280000,3420000,140000,4.27,168bb44a12e4f0af,a09461958f6e117f,114,114
配線材料,光成端箱（光アダプタ実装；ＦＣ型）,コネクタ（自立） ５６０Ｃ以下,個,奈良,09,3430000,3570000,140000,4.08,aadc1c99d3b7a1ed,a6415942bdc4c10f,114,114
配線材料,光成端箱（光アダプタ実装；ＦＣ型）,コネクタ（自立） ６００Ｃ以下,個,奈良,09,3560000,3700000,140000,3.93,18b4a9d82cc8a82d,98eca34ecf7359bb,114,114
配線材料,光成端箱（光アダプタ実装；融着ユニット；ＳＣ型）,コネクタ（壁掛） ６０Ｃ以下,個,奈良,09,442000,459000,17000,3.85,9927a89f4ffd37ea,221f4ddd33d92838,114,114
配線材料,光成端箱（光アダプタ実装；融着ユニット；ＳＣ型）,コネクタ（壁掛） ８０Ｃ以下,個,奈良,09,845000,879000,34000,4.02,1ff5da70fe8a392d,d99eb37579513f22,114,114
配線材料,光成端箱（光アダプタ実装；融着ユニット；ＳＣ型）,コネクタ（壁掛） １００Ｃ以下,個,奈良,09,930000,967000,37000,3.98,a0aa08676ebae8f8,74018a1ce4d5416e,114,114
配線材料,光成端箱（光アダプタ実装；融着ユニット；ＳＣ型）,コネクタ（壁掛） １２０Ｃ以下,個,奈良,09,1190000,1240000,50000,4.2,9b9b52b03b1bef4f,abecd110c5cd2cf1,114,114
配線材料,光成端箱（光アダプタ実装；融着ユニット；ＳＣ型）,コネクタ（自立） １００Ｃ以下,個,奈良,09,944000,982000,38000,4.03,618b8a0400502564,665f07c7b9308d81,114,114
配線材料,光成端箱（光アダプタ実装；融着ユニット；ＳＣ型）,コネクタ（自立） ２００Ｃ以下,個,奈良,09,1360000,1410000,50000,3.68,915be8100a8d8a7b,1e0beb7db7f0696b,114,114
配線材料,光成端箱（光アダプタ実装；融着ユニット；ＦＣ型）,コネクタ（壁掛） ６０Ｃ以下,個,奈良,09,512000,533000,21000,4.1,56acfcc9fd460dc5,d7f8fbefa710a1d4,114,114
配線材料,光成端箱（光アダプタ実装；融着ユニット；ＦＣ型）,コネクタ（壁掛） ８０Ｃ以下,個,奈良,09,946000,984000,38000,4.02,39fec9e62726f77a,92df6145b9c21c6f,114,114
配線材料,光成端箱（光アダプタ実装；融着ユニット；ＦＣ型）,コネクタ（壁掛） １００Ｃ以下,個,奈良,09,1030000,1080000,50000,4.85,3ae6fb3eac4579e7,1469de10ba46e463,114,114
配線材料,光成端箱（光アダプタ実装；ＦＣ型）,コネクタ（自立） １６０Ｃ以下,個,和歌山,10,797000,829000,32000,4.02,558102c20286fbd8,3e9199d645252ce3,114,114
配線材料,光成端箱（光アダプタ実装；ＦＣ型）,コネクタ（自立） １８０Ｃ以下,個,和歌山,10,1030000,1070000,40000,3.88,643c7a7179a7770a,0587e73c13aea808,114,114
配線材料,光成端箱（光アダプタ実装；ＦＣ型）,コネクタ（自立） ２００Ｃ以下,個,和歌山,10,1550000,1610000,60000,3.87,de502e90665978dc,3a42f61580748954,114,114
配線材料,光成端箱（光アダプタ実装；ＦＣ型）,コネクタ（自立） ２２０Ｃ以下,個,和歌山,10,1720000,1790000,70000,4.07,bb8ff76c5ed3ee96,fd784b4aef710c5a,114,114
配線材料,光成端箱（光アダプタ実装；ＦＣ型）,コネクタ（自立） ２４０Ｃ以下,個,和歌山,10,1790000,1860000,70000,3.91,ba98189a71fa963f,ab43f87a59e21594,114,114
配線材料,光成端箱（光アダプタ実装；ＦＣ型）,コネクタ（自立） ２６０Ｃ以下,個,和歌山,10,1870000,1940000,70000,3.74,c965b71a3e2dbd39,e188478c4fdb6805,114,114
配線材料,光成端箱（光アダプタ実装；ＦＣ型）,コネクタ（自立） ２８０Ｃ以下,個,和歌山,10,1930000,2010000,80000,4.15,f15b9249b7c152fd,0019e6ba2a1050ee,114,114
配線材料,光成端箱（光アダプタ実装；ＦＣ型）,コネクタ（自立） ３００Ｃ以下,個,和歌山,10,2000000,2080000,80000,4.0,4aecebc88cc34879,7040c9b9c9f5d315,114,114
配線材料,光成端箱（光アダプタ実装；ＦＣ型）,コネクタ（自立） ３２０Ｃ以下,個,和歌山,10,2240000,2330000,90000,4.02,548dbfa5b300fe41,da2376dfe0a4771b,114,114
配線材料,光成端箱（光アダプタ実装；ＦＣ型）,コネクタ（自立） ３６０Ｃ以下,個,和歌山,10,2370000,2470000,100000,4.22,13bc7233702df25b,5c81de1d1256784c,114,114
配線材料,光成端箱（光アダプタ実装；ＦＣ型）,コネクタ（自立） ４００Ｃ以下,個,和歌山,10,2480000,2580000,100000,4.03,8c6e64e045b0345f,05a4daf744bd1f3d,114,114
配線材料,光成端箱（光アダプタ実装；ＦＣ型）,コネクタ（自立） ４４０Ｃ以下,個,和歌山,10,2890000,3010000,120000,4.15,8d07d652f326e5ad,1d02368ac696a06a,114,114
配線材料,光成端箱（光アダプタ実装；ＦＣ型）,コネクタ（自立） ４８０Ｃ以下,個,和歌山,10,2970000,3090000,120000,4.04,3aa2703090afc6f9,bde2dcc8decd8911,114,114
配線材料,光成端箱（光アダプタ実装；ＦＣ型）,コネクタ（自立） ５２０Ｃ以下,個,和歌山,10,3280000,3420000,140000,4.27,3946469d973812da,b7d2837f7e83f1f4,114,114
配線材料,光成端箱（光アダプタ実装；ＦＣ型）,コネクタ（自立） ５６０Ｃ以下,個,和歌山,10,3430000,3570000,140000,4.08,7245378277e7e4e2,699be6c416af9dc6,114,114
配線材料,光成端箱（光アダプタ実装；ＦＣ型）,コネクタ（自立） ６００Ｃ以下,個,和歌山,10,3560000,3700000,140000,3.93,229c4ab4306b2420,0ad8292d48a1b626,114,114
配線材料,光成端箱（光アダプタ実装；融着ユニット；ＳＣ型）,コネクタ（壁掛） ６０Ｃ以下,個,和歌山,10,442000,459000,17000,3.85,e4347528940ac930,9ce831a66b130011,114,114
配線材料,光成端箱（光アダプタ実装；融着ユニット；ＳＣ型）,コネクタ（壁掛） ８０Ｃ以下,個,和歌山,10,845000,879000,34000,4.02,6f3e922a0464ae17,12a137b913c202c4,114,114
配線材料,光成端箱（光アダプタ実装；融着ユニット；ＳＣ型）,コネクタ（壁掛） １００Ｃ以下,個,和歌山,10,930000,967000,37000,3.98,52255d5f60488746,4e52fcc867e7c4eb,114,114
配線材料,光成端箱（光アダプタ実装；融着ユニット；ＳＣ型）,コネクタ（壁掛） １２０Ｃ以下,個,和歌山,10,1190000,1240000,50000,4.2,40b27033fcde1db5,a5c545fc81ca2a33,114,114
配線材料,光成端箱（光アダプタ実装；融着ユニット；ＳＣ型）,コネクタ（自立） １００Ｃ以下,個,和歌山,10,944000,982000,38000,4.03,ace4c3a7f9788287,f54bb58101133b28,114,114
配線材料,光成端箱（光アダプタ実装；融着ユニット；ＳＣ型）,コネクタ（自立） ２００Ｃ以下,個,和歌山,10,1360000,1410000,50000,3.68,58dc691cec674ffc,0f5cc3b52ffe74fc,114,114
配線材料,光成端箱（光アダプタ実装；融着ユニット；ＦＣ型）,コネクタ（壁掛） ６０Ｃ以下,個,和歌山,10,512000,533000,21000,4.1,80e8bbb58f5630a0,3287eecad06db733,114,114
配線材料,光成端箱（光アダプタ実装；融着ユニット；ＦＣ型）,コネクタ（壁掛） ８０Ｃ以下,個,和歌山,10,946000,984000,38000,4.02,0ebb8f545d84728d,47ebe611d42bd2b6,114,114
配線材料,光成端箱（光アダプタ実装；融着ユニット；ＦＣ型）,コネクタ（壁掛） １００Ｃ以下,個,和歌山,10,1030000,1080000,50000,4.85,1fe86939478eae49,2ea9419831f82b23,114,114
配線材料,光成端箱（光アダプタ実装；ＦＣ型）,コネクタ（自立） １６０Ｃ以下,個,岐阜,11,797000,829000,32000,4.02,64cd293a7263ee89,f979d714832d12ae,114,114
配線材料,光成端箱（光アダプタ実装；ＦＣ型）,コネクタ（自立） １８０Ｃ以下,個,岐阜,11,1030000,1070000,40000,3.88,e34031990cc4174d,cd5c23127bb0773b,114,114
配線材料,光成端箱（光アダプタ実装；ＦＣ型）,コネクタ（自立） ２００Ｃ以下,個,岐阜,11,1550000,1610000,60000,3.87,b578493c3505f4e2,794c0ef77f10bd9d,114,114
配線材料,光成端箱（光アダプタ実装；ＦＣ型）,コネクタ（自立） ２２０Ｃ以下,個,岐阜,11,1720000,1790000,70000,4.07,1eb4aea41d0626da,808c3bc14414f052,114,114
配線材料,光成端箱（光アダプタ実装；ＦＣ型）,コネクタ（自立） ２４０Ｃ以下,個,岐阜,11,1790000,1860000,70000,3.91,aa62d13db2b71a5c,654d242258355a44,114,114
配線材料,光成端箱（光アダプタ実装；ＦＣ型）,コネクタ（自立） ２６０Ｃ以下,個,岐阜,11,1870000,1940000,70000,3.74,3edcfe041087fc48,f63e0ff7abb8756a,114,114
配線材料,光成端箱（光アダプタ実装；ＦＣ型）,コネクタ（自立） ２８０Ｃ以下,個,岐阜,11,1930000,2010000,80000,4.15,1fab5c676d5eba68,28c99141ac17167b,114,114
配線材料,光成端箱（光アダプタ実装；ＦＣ型）,コネクタ（自立） ３００Ｃ以下,個,岐阜,11,2000000,2080000,80000,4.0,ab5b004b092d23c2,ed7dbcdcf79b42e1,114,114
配線材料,光成端箱（光アダプタ実装；ＦＣ型）,コネクタ（自立） ３２０Ｃ以下,個,岐阜,11,2240000,2330000,90000,4.02,5bdd4b5719604311,1b2cf815741fe2f6,114,114
配線材料,光成端箱（光アダプタ実装；ＦＣ型）,コネクタ（自立） ３６０Ｃ以下,個,岐阜,11,2370000,2470000,100000,4.22,237f2431f149055a,97edd19d839b2003,114,114
配線材料,光成端箱（光アダプタ実装；ＦＣ型）,コネクタ（自立） ４００Ｃ以下,個,岐阜,11,2480000,2580000,100000,4.03,c68ec01105878ebe,209aca0ad6d79799,114,114
配線材料,光成端箱（光アダプタ実装；ＦＣ型）,コネクタ（自立） ４４０Ｃ以下,個,岐阜,11,2890000,3010000,120000,4.15,4adac092febec56c,9c19d74279bd49ec,114,114
配線材料,光成端箱（光アダプタ実装；ＦＣ型）,コネクタ（自立） ４８０Ｃ以下,個,岐阜,11,2970000,3090000,120000,4.04,8c34ca55a99e92d1,b5257b019c1d53bc,114,114
配線材料,光成端箱（光アダプタ実装；ＦＣ型）,コネクタ（自立） ５２０Ｃ以下,個,岐阜,11,3280000,3420000,140000,4.27,dcaa6e0914c54f5d,ca24328d5667660b,114,114
配線材料,光成端箱（光アダプタ実装；ＦＣ型）,コネクタ（自立） ５６０Ｃ以下,個,岐阜,11,3430000,3570000,140000,4.08,6fe8cdbff12753d9,c114db3f139cf9d8,114,114
配線材料,光成端箱（光アダプタ実装；ＦＣ型）,コネクタ（自立） ６００Ｃ以下,個,岐阜,11,3560000,3700000,140000,3.93,d06ebc69c790c49d,61b5ddad41096287,114,114
配線材料,光成端箱（光アダプタ実装；融着ユニット；ＳＣ型）,コネクタ（壁掛） ６０Ｃ以下,個,岐阜,11,442000,459000,17000,3.85,4cdd1e4136931c80,aaf8536b0b507429,114,114
配線材料,光成端箱（光アダプタ実装；融着ユニット；ＳＣ型）,コネクタ（壁掛） ８０Ｃ以下,個,岐阜,11,845000,879000,34000,4.02,67e99ed25dc5fba4,6728107f1d1bfce4,114,114
配線材料,光成端箱（光アダプタ実装；融着ユニット；ＳＣ型）,コネクタ（壁掛） １００Ｃ以下,個,岐阜,11,930000,967000,37000,3.98,ac374760804e8b65,48b1daa35b27f64d,114,114
配線材料,光成端箱（光アダプタ実装；融着ユニット；ＳＣ型）,コネクタ（壁掛） １２０Ｃ以下,個,岐阜,11,1190000,1240000,50000,4.2,5a7666389c4d8385,eae0fb62445bd7a6,114,114
配線材料,光成端箱（光アダプタ実装；融着ユニット；ＳＣ型）,コネクタ（自立） １００Ｃ以下,個,岐阜,11,944000,982000,38000,4.03,96548db88b2c39e1,db085649a64b5796,114,114
配線材料,光成端箱（光アダプタ実装；融着ユニット；ＳＣ型）,コネクタ（自立） ２００Ｃ以下,個,岐阜,11,1360000,1410000,50000,3.68,960a5a5f17e7f284,b0a5b8d4dfd52a17,114,114
配線材料,光成端箱（光アダプタ実装；融着ユニット；ＦＣ型）,コネクタ（壁掛） ６０Ｃ以下,個,岐阜,11,512000,533000,21000,4.1,a9dd341cf9129fb5,4adc9ca9a2d781ee,114,114
配線材料,光成端箱（光アダプタ実装；融着ユニット；ＦＣ型）,コネクタ（壁掛） ８０Ｃ以下,個,岐阜,11,946000,984000,38000,4.02,c00c6e22bf46bed1,52612c2feff498b8,114,114
配線材料,光成端箱（光アダプタ実装；融着ユニット；ＦＣ型）,コネクタ（壁掛） １００Ｃ以下,個,岐阜,11,1030000,1080000,50000,4.85,535db898bf28324c,c5bb71ef03417dbb,114,114
配線材料,光成端箱（光アダプタ実装；ＦＣ型）,コネクタ（自立） １６０Ｃ以下,個,三重,12,797000,829000,32000,4.02,d9e3e081ce644304,f000880ceb5cd1df,114,114
配線材料,光成端箱（光アダプタ実装；ＦＣ型）,コネクタ（自立） １８０Ｃ以下,個,三重,12,1030000,1070000,40000,3.88,4252d2e2bea02af0,c5a81459501da91f,114,114
配線材料,光成端箱（光アダプタ実装；ＦＣ型）,コネクタ（自立） ２００Ｃ以下,個,三重,12,1550000,1610000,60000,3.87,6a336dd88611c094,919029ad373110c7,114,114
配線材料,光成端箱（光アダプタ実装；ＦＣ型）,コネクタ（自立） ２２０Ｃ以下,個,三重,12,1720000,1790000,70000,4.07,7f9e4914e4889ab3,fdd45a551fc02221,114,114
配線材料,光成端箱（光アダプタ実装；ＦＣ型）,コネクタ（自立） ２４０Ｃ以下,個,三重,12,1790000,1860000,70000,3.91,8be7c46e72b3dd77,4401d4905fdbff7d,114,114
配線材料,光成端箱（光アダプタ実装；ＦＣ型）,コネクタ（自立） ２６０Ｃ以下,個,三重,12,1870000,1940000,70000,3.74,db512813a55d5856,9c8e61b2f6fa5f18,114,114
配線材料,光成端箱（光アダプタ実装；ＦＣ型）,コネクタ（自立） ２８０Ｃ以下,個,三重,12,1930000,2010000,80000,4.15,8b70e27118986942,397e9c24aeea7d1a,114,114
配線材料,光成端箱（光アダプタ実装；ＦＣ型）,コネクタ（自立） ３００Ｃ以下,個,三重,12,2000000,2080000,80000,4.0,d2b703750640b2b6,ae4ae4be6b9aa2e9,114,114
配線材料,光成端箱（光アダプタ実装；ＦＣ型）,コネクタ（自立） ３２０Ｃ以下,個,三重,12,2240000,2330000,90000,4.02,014b65980fff31b9,4b41ba0189e08f3a,114,114
配線材料,光成端箱（光アダプタ実装；ＦＣ型）,コネクタ（自立） ３６０Ｃ以下,個,三重,12,2370000,2470000,100000,4.22,a55d618c26d13778,e4c443ce95bc5969,114,114
配線材料,光成端箱（光アダプタ実装；ＦＣ型）,コネクタ（自立） ４００Ｃ以下,個,三重,12,2480000,2580000,100000,4.03,c31cf01390e9d366,138e196312ac76df,114,114
配線材料,光成端箱（光アダプタ実装；ＦＣ型）,コネクタ（自立） ４４０Ｃ以下,個,三重,12,2890000,3010000,120000,4.15,793af84102ccadc3,a6f6cc140e59b55e,114,114
配線材料,光成端箱（光アダプタ実装；ＦＣ型）,コネクタ（自立） ４８０Ｃ以下,個,三重,12,2970000,3090000,120000,4.04,de8179e78a022fef,b90f52596c1505bb,114,114
配線材料,光成端箱（光アダプタ実装；ＦＣ型）,コネクタ（自立） ５２０Ｃ以下,個,三重,12,3280000,3420000,140000,4.27,b08e6e1517e8221b,1db31fe27c8c2c34,114,114
配線材料,光成端箱（光アダプタ実装；ＦＣ型）,コネクタ（自立） ５６０Ｃ以下,個,三重,12,3430000,3570000,140000,4.08,068f8188f0f7c6ce,38432410113a728f,114,114
配線材料,光成端箱（光アダプタ実装；ＦＣ型）,コネクタ（自立） ６００Ｃ以下,個,三重,12,3560000,3700000,140000,3.93,18a389ff29d1d1ce,3ee2ef669c328399,114,114
配線材料,光成端箱（光アダプタ実装；融着ユニット；ＳＣ型）,コネクタ（壁掛） ６０Ｃ以下,個,三重,12,442000,459000,17000,3.85,a174643e7beb057b,b35d3e0c4003cc6b,114,114
配線材料,光成端箱（光アダプタ実装；融着ユニット；ＳＣ型）,コネクタ（壁掛） ８０Ｃ以下,個,三重,12,845000,879000,34000,4.02,1807e652c8adfd27,966cd310bb26d337,114,114
配線材料,光成端箱（光アダプタ実装；融着ユニット；ＳＣ型）,コネクタ（壁掛） １００Ｃ以下,個,三重,12,930000,967000,37000,3.98,2185c1b7fabb9d90,5eee9a3a526c47f9,114,114
配線材料,光成端箱（光アダプタ実装；融着ユニット；ＳＣ型）,コネクタ（壁掛） １２０Ｃ以下,個,三重,12,1190000,1240000,50000,4.2,ca1f6e031e7c4e40,681094b0205f71f5,114,114
配線材料,光成端箱（光アダプタ実装；融着ユニット；ＳＣ型）,コネクタ（自立） １００Ｃ以下,個,三重,12,944000,982000,38000,4.03,97d9e1901b39f53a,664567245baf893f,114,114
配線材料,光成端箱（光アダプタ実装；融着ユニット；ＳＣ型）,コネクタ（自立） ２００Ｃ以下,個,三重,12,1360000,1410000,50000,3.68,ff8b6fbe172f2226,e56cf517aac80da9,114,114
配線材料,光成端箱（光アダプタ実装；融着ユニット；ＦＣ型）,コネクタ（壁掛） ６０Ｃ以下,個,三重,12,512000,533000,21000,4.1,fd29e4e6046c8dbc,d9a4922232221049,114,114
配線材料,光成端箱（光アダプタ実装；融着ユニット；ＦＣ型）,コネクタ（壁掛） ８０Ｃ以下,個,三重,12,946000,984000,38000,4.02,831c7593c699d3a9,0694449881f93980,114,114
配線材料,光成端箱（光アダプタ実装；融着ユニット；ＦＣ型）,コネクタ（壁掛） １００Ｃ以下,個,三重,12,1030000,1080000,50000,4.85,1d042ae6138a817b,2a3daf93e8b6e91b,114,114
配線材料,光成端箱（光アダプタ実装；融着ユニット；ＦＣ型）,コネクタ（壁掛） １２０Ｃ以下,個,福井,01,1380000,1440000,60000,4.35,58b5564b225c4db8,e23d419b724bac40,115,115
配線材料,光成端箱（光アダプタ実装；融着ユニット；ＦＣ型）,コネクタ（自立） １００Ｃ以下,個,福井,01,1050000,1090000,40000,3.81,cb57bb28eca1298a,1d49c5b9ebd98df8,115,115
配線材料,光成端箱（光アダプタ実装；融着ユニット；ＦＣ型）,コネクタ（自立） ２００Ｃ以下,個,福井,01,1460000,1520000,60000,4.11,e202f78e30c8ba6c,55aae59c4f17f74a,115,115
配線材料,光ケーブル（８芯テープスロット）,ＳＭ １．３１μｍ ３２０Ｃ,m,福井,01,3430,3880,450,13.12,7e9d7649d58793dd,f413c00b5913dec1,115,115
配線材料,光ケーブル（８芯テープスロット）,ＳＭ １．３１μｍ ３６０Ｃ,m,福井,01,3690,4180,490,13.28,85b17164c2d58ef2,16f485990edcace3,115,115
配線材料,光ケーブル（８芯テープスロット）,ＳＭ １．３１μｍ ４００Ｃ,m,福井,01,3960,4480,520,13.13,dcf363d405ded3c5,7c54666d3fbf3911,115,115
配線材料,光ケーブル（８芯テープスロット）,ＳＭ １．３１μｍ ４４０Ｃ,m,福井,01,4450,5050,600,13.48,32d658893ff13554,c23c271ea0df1d02,115,115
配線材料,光ケーブル（８芯テープスロット）,ＳＭ １．３１μｍ ５２０Ｃ,m,福井,01,4980,5650,670,13.45,3af6fd3be516f5d9,91910f375f390c9e,115,115
配線材料,光ケーブル（８芯テープスロット）,ＳＭ １．３１μｍ ６００Ｃ,m,福井,01,5510,6240,730,13.25,3004987bef8b42b7,2b372d96e8eea0c2,115,115
配線材料,光ケーブル（８芯テープＳＳＦ）,ＳＭ １．３１μｍ ３２０Ｃ,m,福井,01,3670,4160,490,13.35,c88117449da4dce9,e711a3514e40b4dc,115,115
配線材料,光ケーブル（８芯テープＳＳＦ）,ＳＭ １．３１μｍ ３６０Ｃ,m,福井,01,3940,4460,520,13.2,954df987058a34e6,04565afe902f1745,115,115
配線材料,光ケーブル（８芯テープＳＳＦ）,ＳＭ １．３１μｍ ４００Ｃ,m,福井,01,4200,4760,560,13.33,09eade11519a800d,b9a894363778388c,115,115
配線材料,光ケーブル（８芯テープＳＳＦ）,ＳＭ １．３１μｍ ４４０Ｃ,m,福井,01,4700,5330,630,13.4,b7130f4bb26d8d70,eab5e49f1026e5e5,115,115
配線材料,光ケーブル（８芯テープＳＳＦ）,ＳＭ １．３１μｍ ５２０Ｃ,m,福井,01,5230,5920,690,13.19,5468c5d0b654dd2d,ab677d0f2037fa53,115,115
配線材料,光ケーブル（８芯テープＳＳＦ）,ＳＭ １．３１μｍ ６００Ｃ,m,福井,01,5760,6520,760,13.19,b485c00de7c9ccc7,2bbe503e7588831a,115,115
配線材料,光ケーブル（８芯テープ難燃型）,ＳＭ １．３１μｍ ３２０Ｃ,m,福井,01,3560,4040,480,13.48,87260e77231b9a73,acdb70a534d02718,115,115
配線材料,光ケーブル（８芯テープ難燃型）,ＳＭ １．３１μｍ ３６０Ｃ,m,福井,01,3830,4340,510,13.32,7b385ec38ae3279c,879c1ecaf951d4a3,115,115
配線材料,光ケーブル（８芯テープ難燃型）,ＳＭ １．３１μｍ ４００Ｃ,m,福井,01,4090,4640,550,13.45,a267a5fb746a8f84,53f2868347335f10,115,115
配線材料,光ケーブル（８芯テープ難燃型）,ＳＭ １．３１μｍ ４４０Ｃ,m,福井,01,4740,5370,630,13.29,5247051558f24c2b,af3e78f9bf87d1c4,115,115
配線材料,光ケーブル（８芯テープ難燃型）,ＳＭ １．３１μｍ ５２０Ｃ,m,福井,01,5260,5970,710,13.5,3865ca79d9310b3e,df44d11d7ced53ad,115,115
配線材料,光ケーブル（８芯テープ難燃型）,ＳＭ １．３１μｍ ６００Ｃ,m,福井,01,5790,6560,770,13.3,2807b4a0004df763,043962b5eb4bda04,115,115
配線材料,光ケーブル（ノンメタリック）,ＳＭ １．３１μｍ ４Ｃ（４芯テープスロット）,m,福井,01,420,476,56,13.33,103d2e7b0a198a3d,08a3d66a86cca54d,115,115
配線材料,光ケーブル（ノンメタリック）,ＳＭ １．３１μｍ ８Ｃ（４芯テープスロット）,m,福井,01,446,505,59,13.23,17a1631c1e3a5cdf,6bc1e881cecc4abf,115,115
配線材料,光ケーブル（ノンメタリック）,ＳＭ １．３１μｍ ２０Ｃ（４芯テープスロット）,m,福井,01,525,595,70,13.33,d0f1d65e78511789,922bff3bcd4c7ead,115,115
配線材料,光ケーブル（ノンメタリック）,ＳＭ １．３１μｍ ４０Ｃ（４芯テープスロット）,m,福井,01,744,843,99,13.31,a79bb6e9474b9d08,161b9219c71e7176,115,115
配線材料,光成端箱（光アダプタ実装；融着ユニット；ＦＣ型）,コネクタ（壁掛） １２０Ｃ以下,個,滋賀,02,1380000,1440000,60000,4.35,63bded929da28092,9149106bc76f6a6b,115,115
配線材料,光成端箱（光アダプタ実装；融着ユニット；ＦＣ型）,コネクタ（自立） １００Ｃ以下,個,滋賀,02,1050000,1090000,40000,3.81,cb852fcffa2ba642,31941779c65fd733,115,115
配線材料,光成端箱（光アダプタ実装；融着ユニット；ＦＣ型）,コネクタ（自立） ２００Ｃ以下,個,滋賀,02,1460000,1520000,60000,4.11,a077485f2fc4d5b0,8cf35d17df5d957a,115,115
配線材料,光ケーブル（８芯テープスロット）,ＳＭ １．３１μｍ ３２０Ｃ,m,滋賀,02,3430,3880,450,13.12,6d00a788a3be01aa,5c20efaacf6f2b57,115,115
配線材料,光ケーブル（８芯テープスロット）,ＳＭ １．３１μｍ ３６０Ｃ,m,滋賀,02,3690,4180,490,13.28,b8405d62f8b5cf21,ce80280b329c32d0,115,115
配線材料,光ケーブル（８芯テープスロット）,ＳＭ １．３１μｍ ４００Ｃ,m,滋賀,02,3960,4480,520,13.13,a42adf43ae4fd1f4,78e1e8661037dea9,115,115
配線材料,光ケーブル（８芯テープスロット）,ＳＭ １．３１μｍ ４４０Ｃ,m,滋賀,02,4450,5050,600,13.48,ef0df3610960be23,d806d8d4090d7a2c,115,115
配線材料,光ケーブル（８芯テープスロット）,ＳＭ １．３１μｍ ５２０Ｃ,m,滋賀,02,4980,5650,670,13.45,f31407b83341d765,8588b4108c80a79b,115,115
配線材料,光ケーブル（８芯テープスロット）,ＳＭ １．３１μｍ ６００Ｃ,m,滋賀,02,5510,6240,730,13.25,04164c4d286154fe,a515f6a97f301873,115,115
配線材料,光ケーブル（８芯テープＳＳＦ）,ＳＭ １．３１μｍ ３２０Ｃ,m,滋賀,02,3670,4160,490,13.35,269fec143543115a,fceafde181a6d944,115,115
配線材料,光ケーブル（８芯テープＳＳＦ）,ＳＭ １．３１μｍ ３６０Ｃ,m,滋賀,02,3940,4460,520,13.2,de78e7567f472993,90bda3229a9043ea,115,115
配線材料,光ケーブル（８芯テープＳＳＦ）,ＳＭ １．３１μｍ ４００Ｃ,m,滋賀,02,4200,4760,560,13.33,357aae704cbf8964,07676a7257da2f13,115,115
配線材料,光ケーブル（８芯テープＳＳＦ）,ＳＭ １．３１μｍ ４４０Ｃ,m,滋賀,02,4700,5330,630,13.4,31be5946c3b082e6,de6621c384589c86,115,115
配線材料,光ケーブル（８芯テープＳＳＦ）,ＳＭ １．３１μｍ ５２０Ｃ,m,滋賀,02,5230,5920,690,13.19,12aa4219d7e937ab,25b9fcf837bca660,115,115
配線材料,光ケーブル（８芯テープＳＳＦ）,ＳＭ １．３１μｍ ６００Ｃ,m,滋賀,02,5760,6520,760,13.19,1abbc5000c95468f,dda05a691dd53ea2,115,115
配線材料,光ケーブル（８芯テープ難燃型）,ＳＭ １．３１μｍ ３２０Ｃ,m,滋賀,02,3560,4040,480,13.48,efcb54d0e8a325c2,371486eebf6e6040,115,115
配線材料,光ケーブル（８芯テープ難燃型）,ＳＭ １．３１μｍ ３６０Ｃ,m,滋賀,02,3830,4340,510,13.32,730e0d7d3f346f73,59d0565f8aa9b42f,115,115
配線材料,光ケーブル（８芯テープ難燃型）,ＳＭ １．３１μｍ ４００Ｃ,m,滋賀,02,4090,4640,550,13.45,cff4d2d3e3374213,7cfba5aa3188a78f,115,115
配線材料,光ケーブル（８芯テープ難燃型）,ＳＭ １．３１μｍ ４４０Ｃ,m,滋賀,02,4740,5370,630,13.29,58e653a00df0c101,36a37c3842400586,115,115
配線材料,光ケーブル（８芯テープ難燃型）,ＳＭ １．３１μｍ ５２０Ｃ,m,滋賀,02,5260,5970,710,13.5,44dc1985f4bd445c,5e4d437e38c28949,115,115
配線材料,光ケーブル（８芯テープ難燃型）,ＳＭ １．３１μｍ ６００Ｃ,m,滋賀,02,5790,6560,770,13.3,1826b7f98db9ef02,3835a6d14b7ab780,115,115
配線材料,光ケーブル（ノンメタリック）,ＳＭ １．３１μｍ ４Ｃ（４芯テープスロット）,m,滋賀,02,420,476,56,13.33,4d3b55108e541c75,cafc1b4d6ab8f569,115,115
配線材料,光ケーブル（ノンメタリック）,ＳＭ １．３１μｍ ８Ｃ（４芯テープスロット）,m,滋賀,02,446,505,59,13.23,569d255595459816,4d624e8f3121ef2e,115,115
配線材料,光ケーブル（ノンメタリック）,ＳＭ １．３１μｍ ２０Ｃ（４芯テープスロット）,m,滋賀,02,525,595,70,13.33,01a686493ad8a316,b8fb6809aabd68ac,115,115
配線材料,光ケーブル（ノンメタリック）,ＳＭ １．３１μｍ ４０Ｃ（４芯テープスロット）,m,滋賀,02,744,843,99,13.31,ded04bffbc9b19df,54b4c7c0b019bbeb,115,115
配線材料,光成端箱（光アダプタ実装；融着ユニット；ＦＣ型）,コネクタ（壁掛） １２０Ｃ以下,個,京都北部,03,1380000,1440000,60000,4.35,e7b6d6e0e4a1d08b,836a6007643ea564,115,115
配線材料,光成端箱（光アダプタ実装；融着ユニット；ＦＣ型）,コネクタ（自立） １００Ｃ以下,個,京都北部,03,1050000,1090000,40000,3.81,e4eb62f5427815fe,48bf3c404c752d1d,115,115
配線材料,光成端箱（光アダプタ実装；融着ユニット；ＦＣ型）,コネクタ（自立） ２００Ｃ以下,個,京都北部,03,1460000,1520000,60000,4.11,b5be627002e75059,97c3bf7180d712c8,115,115
配線材料,光ケーブル（８芯テープスロット）,ＳＭ １．３１μｍ ３２０Ｃ,m,京都北部,03,3430,3880,450,13.12,0e383a8d1a6a82ad,03f310a72d0b7e09,115,115
配線材料,光ケーブル（８芯テープスロット）,ＳＭ １．３１μｍ ３６０Ｃ,m,京都北部,03,3690,4180,490,13.28,a6cd0d6f21ceb457,a8c7660e0994d3b0,115,115
配線材料,光ケーブル（８芯テープスロット）,ＳＭ １．３１μｍ ４００Ｃ,m,京都北部,03,3960,4480,520,13.13,bed25427478aad98,317fa76d8845f6bd,115,115
配線材料,光ケーブル（８芯テープスロット）,ＳＭ １．３１μｍ ４４０Ｃ,m,京都北部,03,4450,5050,600,13.48,2dc7512751ce8d68,1566b956392d1a79,115,115
配線材料,光ケーブル（８芯テープスロット）,ＳＭ １．３１μｍ ５２０Ｃ,m,京都北部,03,4980,5650,670,13.45,ac8adcfba65f6bf3,98f94108d23da011,115,115
配線材料,光ケーブル（８芯テープスロット）,ＳＭ １．３１μｍ ６００Ｃ,m,京都北部,03,5510,6240,730,13.25,65e4579d0714e6b1,4e5ea9709a12f3c3,115,115
配線材料,光ケーブル（８芯テープＳＳＦ）,ＳＭ １．３１μｍ ３２０Ｃ,m,京都北部,03,3670,4160,490,13.35,408bf86203be2170,3b3c3f3a6c179083,115,115
配線材料,光ケーブル（８芯テープＳＳＦ）,ＳＭ １．３１μｍ ３６０Ｃ,m,京都北部,03,3940,4460,520,13.2,9043ae0809ce64f9,47088796ccdd6096,115,115
配線材料,光ケーブル（８芯テープＳＳＦ）,ＳＭ １．３１μｍ ４００Ｃ,m,京都北部,03,4200,4760,560,13.33,adcb2c615fa64655,a4ac4ca7d7cef35b,115,115
配線材料,光ケーブル（８芯テープＳＳＦ）,ＳＭ １．３１μｍ ４４０Ｃ,m,京都北部,03,4700,5330,630,13.4,d9672f35df052af2,52d6b913a6002ff4,115,115
配線材料,光ケーブル（８芯テープＳＳＦ）,ＳＭ １．３１μｍ ５２０Ｃ,m,京都北部,03,5230,5920,690,13.19,c300c083565e0539,8bc959236df21338,115,115
配線材料,光ケーブル（８芯テープＳＳＦ）,ＳＭ １．３１μｍ ６００Ｃ,m,京都北部,03,5760,6520,760,13.19,5bbc77e549b45e9c,06163e1e2b6fdff4,115,115
配線材料,光ケーブル（８芯テープ難燃型）,ＳＭ １．３１μｍ ３２０Ｃ,m,京都北部,03,3560,4040,480,13.48,086d03608eb4a9af,e4b3dfac13b8f613,115,115
配線材料,光ケーブル（８芯テープ難燃型）,ＳＭ １．３１μｍ ３６０Ｃ,m,京都北部,03,3830,4340,510,13.32,6f7b9cc6c3a34af3,58e051d0793cde06,115,115
配線材料,光ケーブル（８芯テープ難燃型）,ＳＭ １．３１μｍ ４００Ｃ,m,京都北部,03,4090,4640,550,13.45,36a83b6e05ef71e8,27c4174c03ab4f82,115,115
配線材料,光ケーブル（８芯テープ難燃型）,ＳＭ １．３１μｍ ４４０Ｃ,m,京都北部,03,4740,5370,630,13.29,e7ae77f993ded7e7,cde9a845942d6fe6,115,115
配線材料,光ケーブル（８芯テープ難燃型）,ＳＭ １．３１μｍ ５２０Ｃ,m,京都北部,03,5260,5970,710,13.5,017b07f4fe0d690f,73d6a2fc55cfbeff,115,115
配線材料,光ケーブル（８芯テープ難燃型）,ＳＭ １．３１μｍ ６００Ｃ,m,京都北部,03,5790,6560,770,13.3,e77815486bbf60cf,aa86c144aa2bfcc2,115,115
配線材料,光ケーブル（ノンメタリック）,ＳＭ １．３１μｍ ４Ｃ（４芯テープスロット）,m,京都北部,03,420,476,56,13.33,77f834f06eac3cb9,3441f013862b2bfb,115,115
配線材料,光ケーブル（ノンメタリック）,ＳＭ １．３１μｍ ８Ｃ（４芯テープスロット）,m,京都北部,03,446,505,59,13.23,bd30b193f09bb448,a1d137da9d40fc4d,115,115
配線材料,光ケーブル（ノンメタリック）,ＳＭ １．３１μｍ ２０Ｃ（４芯テープスロット）,m,京都北部,03,525,595,70,13.33,bc616356d097367b,c007a263122d2879,115,115
配線材料,光ケーブル（ノンメタリック）,ＳＭ １．３１μｍ ４０Ｃ（４芯テープスロット）,m,京都北部,03,744,843,99,13.31,c9f757bd268cf49c,fe5d0d655fea530d,115,115
配線材料,光成端箱（光アダプタ実装；融着ユニット；ＦＣ型）,コネクタ（壁掛） １２０Ｃ以下,個,京都南部,04,1380000,1440000,60000,4.35,ef1e1f072a55301c,c83ac7121e988a88,115,115
配線材料,光成端箱（光アダプタ実装；融着ユニット；ＦＣ型）,コネクタ（自立） １００Ｃ以下,個,京都南部,04,1050000,1090000,40000,3.81,741ad460dd2fed1b,374a6c2b672d23a1,115,115
配線材料,光成端箱（光アダプタ実装；融着ユニット；ＦＣ型）,コネクタ（自立） ２００Ｃ以下,個,京都南部,04,1460000,1520000,60000,4.11,6e441258870170f7,abcb7a642b064eba,115,115
配線材料,光ケーブル（８芯テープスロット）,ＳＭ １．３１μｍ ３２０Ｃ,m,京都南部,04,3430,3880,450,13.12,e65ae4ab251996dc,c1e91a48e7d86257,115,115
配線材料,光ケーブル（８芯テープスロット）,ＳＭ １．３１μｍ ３６０Ｃ,m,京都南部,04,3690,4180,490,13.28,29d6aa167715683b,c4d8f1b5eba568e3,115,115
配線材料,光ケーブル（８芯テープスロット）,ＳＭ １．３１μｍ ４００Ｃ,m,京都南部,04,3960,4480,520,13.13,1613b907516da219,27ebba45ec87d0ab,115,115
配線材料,光ケーブル（８芯テープスロット）,ＳＭ １．３１μｍ ４４０Ｃ,m,京都南部,04,4450,5050,600,13.48,5d576559cd53e8fe,7c2837628cf60455,115,115
配線材料,光ケーブル（８芯テープスロット）,ＳＭ １．３１μｍ ５２０Ｃ,m,京都南部,04,4980,5650,670,13.45,9b597d8d10545840,d0c1c5e2a7b0788d,115,115
配線材料,光ケーブル（８芯テープスロット）,ＳＭ １．３１μｍ ６００Ｃ,m,京都南部,04,5510,6240,730,13.25,69adcd31cb311fff,054f9d3117d2c233,115,115
配線材料,光ケーブル（８芯テープＳＳＦ）,ＳＭ １．３１μｍ ３２０Ｃ,m,京都南部,04,3670,4160,490,13.35,44596d6ae6d5c25d,48114a914270d143,115,115
配線材料,光ケーブル（８芯テープＳＳＦ）,ＳＭ １．３１μｍ ３６０Ｃ,m,京都南部,04,3940,4460,520,13.2,cb6525466418e046,28498b2dc6e4e4f2,115,115
配線材料,光ケーブル（８芯テープＳＳＦ）,ＳＭ １．３１μｍ ４００Ｃ,m,京都南部,04,4200,4760,560,13.33,ac4966fc428a72f7,6584b9eff0b37ab8,115,115
配線材料,光ケーブル（８芯テープＳＳＦ）,ＳＭ １．３１μｍ ４４０Ｃ,m,京都南部,04,4700,5330,630,13.4,a4ec946233864783,1e9d9b8170564c90,115,115
配線材料,光ケーブル（８芯テープＳＳＦ）,ＳＭ １．３１μｍ ５２０Ｃ,m,京都南部,04,5230,5920,690,13.19,c51a8489c7ae0da7,3649dd40df219643,115,115
配線材料,光ケーブル（８芯テープＳＳＦ）,ＳＭ １．３１μｍ ６００Ｃ,m,京都南部,04,5760,6520,760,13.19,6d333c8051c57417,0db98cece8314043,115,115
配線材料,光ケーブル（８芯テープ難燃型）,ＳＭ １．３１μｍ ３２０Ｃ,m,京都南部,04,3560,4040,480,13.48,4185f42fd933cd30,178042f54a2ffab7,115,115
配線材料,光ケーブル（８芯テープ難燃型）,ＳＭ １．３１μｍ ３６０Ｃ,m,京都南部,04,3830,4340,510,13.32,34044dc9d14ea1a2,3dacf31c7fcf3740,115,115
配線材料,光ケーブル（８芯テープ難燃型）,ＳＭ １．３１μｍ ４００Ｃ,m,京都南部,04,4090,4640,550,13.45,e873b6feafafad46,23870b14c9a4f72d,115,115
配線材料,光ケーブル（８芯テープ難燃型）,ＳＭ １．３１μｍ ４４０Ｃ,m,京都南部,04,4740,5370,630,13.29,838c17967337ea0c,2f3de4df778759bd,115,115
配線材料,光ケーブル（８芯テープ難燃型）,ＳＭ １．３１μｍ ５２０Ｃ,m,京都南部,04,5260,5970,710,13.5,0eaf97cdb03e5ca9,78acf7bf4f490621,115,115
配線材料,光ケーブル（８芯テープ難燃型）,ＳＭ １．３１μｍ ６００Ｃ,m,京都南部,04,5790,6560,770,13.3,c53c23c8de4aee41,2e9177982341b8fe,115,115
配線材料,光ケーブル（ノンメタリック）,ＳＭ １．３１μｍ ４Ｃ（４芯テープスロット）,m,京都南部,04,420,476,56,13.33,668f967f03e343be,eda4db961e2296d7,115,115
配線材料,光ケーブル（ノンメタリック）,ＳＭ １．３１μｍ ８Ｃ（４芯テープスロット）,m,京都南部,04,446,505,59,13.23,dc5bc485597891e4,1bcb4c0bb8d0a0d6,115,115
配線材料,光ケーブル（ノンメタリック）,ＳＭ １．３１μｍ ２０Ｃ（４芯テープスロット）,m,京都南部,04,525,595,70,13.33,c23bf560bec89079,5e56dd5ab25e1066,115,115
配線材料,光ケーブル（ノンメタリック）,ＳＭ １．３１μｍ ４０Ｃ（４芯テープスロット）,m,京都南部,04,744,843,99,13.31,f8b4741705ec010f,ed47b723adcaedba,115,115
配線材料,光成端箱（光アダプタ実装；融着ユニット；ＦＣ型）,コネクタ（壁掛） １２０Ｃ以下,個,大阪,05,1380000,1440000,60000,4.35,f7da92e049117b66,0307de59ce695ffc,115,115
配線材料,光成端箱（光アダプタ実装；融着ユニット；ＦＣ型）,コネクタ（自立） １００Ｃ以下,個,大阪,05,1050000,1090000,40000,3.81,9d47b7241f4a8350,a332a60e470095ec,115,115
配線材料,光成端箱（光アダプタ実装；融着ユニット；ＦＣ型）,コネクタ（自立） ２００Ｃ以下,個,大阪,05,1460000,1520000,60000,4.11,4528bea80d0c2bbc,d2ce5e75ca2dac98,115,115
配線材料,光ケーブル（８芯テープスロット）,ＳＭ １．３１μｍ ３２０Ｃ,m,大阪,05,3430,3880,450,13.12,5cbc2ce44bece552,47e224077c794617,115,115
配線材料,光ケーブル（８芯テープスロット）,ＳＭ １．３１μｍ ３６０Ｃ,m,大阪,05,3690,4180,490,13.28,21ae4fee1426d908,b8b72e7acc93a46b,115,115
配線材料,光ケーブル（８芯テープスロット）,ＳＭ １．３１μｍ ４００Ｃ,m,大阪,05,3960,4480,520,13.13,867df8cb05bcd514,6e7bd5fff6ce38c3,115,115
配線材料,光ケーブル（８芯テープスロット）,ＳＭ １．３１μｍ ４４０Ｃ,m,大阪,05,4450,5050,600,13.48,ed6ac1d414d6abd7,dbd83cde171df21c,115,115
配線材料,光ケーブル（８芯テープスロット）,ＳＭ １．３１μｍ ５２０Ｃ,m,大阪,05,4980,5650,670,13.45,8c51c5984d64520e,5714478758d08cd4,115,115
配線材料,光ケーブル（８芯テープスロット）,ＳＭ １．３１μｍ ６００Ｃ,m,大阪,05,5510,6240,730,13.25,38551e0c4f5f0a6e,81d6d181cfd0c9e6,115,115
配線材料,光ケーブル（８芯テープＳＳＦ）,ＳＭ １．３１μｍ ３２０Ｃ,m,大阪,05,3670,4160,490,13.35,a9f5c957c31b38a5,33c2efb900f800c7,115,115
配線材料,光ケーブル（８芯テープＳＳＦ）,ＳＭ １．３１μｍ ３６０Ｃ,m,大阪,05,3940,4460,520,13.2,9b5e0789f25e808e,8f3820eb54d00c37,115,115
配線材料,光ケーブル（８芯テープＳＳＦ）,ＳＭ １．３１μｍ ４００Ｃ,m,大阪,05,4200,4760,560,13.33,5c8893bb1c9695ea,99374fc0298b47fb,115,115
配線材料,光ケーブル（８芯テープＳＳＦ）,ＳＭ １．３１μｍ ４４０Ｃ,m,大阪,05,4700,5330,630,13.4,b294b153658e46c0,fc9e7384108d3b7c,115,115
配線材料,光ケーブル（８芯テープＳＳＦ）,ＳＭ １．３１μｍ ５２０Ｃ,m,大阪,05,5230,5920,690,13.19,1ebd294a28aee2ba,bc8f2467d8e717c4,115,115
配線材料,光ケーブル（８芯テープＳＳＦ）,ＳＭ １．３１μｍ ６００Ｃ,m,大阪,05,5760,6520,760,13.19,ce942f9c6b9111b5,7a9060b1feb569ca,115,115
配線材料,光ケーブル（８芯テープ難燃型）,ＳＭ １．３１μｍ ３２０Ｃ,m,大阪,05,3560,4040,480,13.48,e815a0142573204c,97772a8867c40cb8,115,115
配線材料,光ケーブル（８芯テープ難燃型）,ＳＭ １．３１μｍ ３６０Ｃ,m,大阪,05,3830,4340,510,13.32,8bc1b8aa5764b033,a8514d0b0a036830,115,115
配線材料,光ケーブル（８芯テープ難燃型）,ＳＭ １．３１μｍ ４００Ｃ,m,大阪,05,4090,4640,550,13.45,c61bbdbf181bfe46,dff6b7a6711902e3,115,115
配線材料,光ケーブル（８芯テープ難燃型）,ＳＭ １．３１μｍ ４４０Ｃ,m,大阪,05,4740,5370,630,13.29,5b066a2b8205b16e,16fc0e9dc3016ff9,115,115
配線材料,光ケーブル（８芯テープ難燃型）,ＳＭ １．３１μｍ ５２０Ｃ,m,大阪,05,5260,5970,710,13.5,2d60a3f98e12bf2c,a35f3ded8d0fdec3,115,115
配線材料,光ケーブル（８芯テープ難燃型）,ＳＭ １．３１μｍ ６００Ｃ,m,大阪,05,5790,6560,770,13.3,5120c27792349ab0,d1a0563087df6330,115,115
配線材料,光ケーブル（ノンメタリック）,ＳＭ １．３１μｍ ４Ｃ（４芯テープスロット）,m,大阪,05,420,476,56,13.33,4cbfc28d7734d53a,6202b850b75a2074,115,115
配線材料,光ケーブル（ノンメタリック）,ＳＭ １．３１μｍ ８Ｃ（４芯テープスロット）,m,大阪,05,446,505,59,13.23,2d166f5b0d0ead7f,6110055ef6b2ad42,115,115
配線材料,光ケーブル（ノンメタリック）,ＳＭ １．３１μｍ ２０Ｃ（４芯テープスロット）,m,大阪,05,525,595,70,13.33,bb166a9115e9d31c,1db50e305e98453b,115,115
配線材料,光ケーブル（ノンメタリック）,ＳＭ １．３１μｍ ４０Ｃ（４芯テープスロット）,m,大阪,05,744,843,99,13.31,7eae1fff88b86672,4caff4ff8ab5d53b,115,115
配線材料,光成端箱（光アダプタ実装；融着ユニット；ＦＣ型）,コネクタ（壁掛） １２０Ｃ以下,個,兵庫北部,06,1380000,1440000,60000,4.35,bf03ffea0ff09a46,b6c5fc3ecabbad2b,115,115
配線材料,光成端箱（光アダプタ実装；融着ユニット；ＦＣ型）,コネクタ（自立） １００Ｃ以下,個,兵庫北部,06,1050000,1090000,40000,3.81,738a62b4959bdddc,9d9e70aabff1ef0d,115,115
配線材料,光成端箱（光アダプタ実装；融着ユニット；ＦＣ型）,コネクタ（自立） ２００Ｃ以下,個,兵庫北部,06,1460000,1520000,60000,4.11,27a9c1c15a0acd33,ede8129cd96d6e5a,115,115
配線材料,光ケーブル（８芯テープスロット）,ＳＭ １．３１μｍ ３２０Ｃ,m,兵庫北部,06,3430,3880,450,13.12,846d416ab9f62e33,fb171193728a020f,115,115
配線材料,光ケーブル（８芯テープスロット）,ＳＭ １．３１μｍ ３６０Ｃ,m,兵庫北部,06,3690,4180,490,13.28,101e47fd2c0fa00a,b1ec17ade7fa118e,115,115
配線材料,光ケーブル（８芯テープスロット）,ＳＭ １．３１μｍ ４００Ｃ,m,兵庫北部,06,3960,4480,520,13.13,99ef8ca8615d1d53,41bdab72c73dfc80,115,115
配線材料,光ケーブル（８芯テープスロット）,ＳＭ １．３１μｍ ４４０Ｃ,m,兵庫北部,06,4450,5050,600,13.48,6e3bdd97b40df987,d36f4db98b5477fe,115,115
配線材料,光ケーブル（８芯テープスロット）,ＳＭ １．３１μｍ ５２０Ｃ,m,兵庫北部,06,4980,5650,670,13.45,2e9547e86502104b,17a57e8cf7fbb032,115,115
配線材料,光ケーブル（８芯テープスロット）,ＳＭ １．３１μｍ ６００Ｃ,m,兵庫北部,06,5510,6240,730,13.25,2f43733b8669480c,2b9ac923ed9b558d,115,115
配線材料,光ケーブル（８芯テープＳＳＦ）,ＳＭ １．３１μｍ ３２０Ｃ,m,兵庫北部,06,3670,4160,490,13.35,94e3ee72940f41e6,318b3918e0809665,115,115
配線材料,光ケーブル（８芯テープＳＳＦ）,ＳＭ １．３１μｍ ３６０Ｃ,m,兵庫北部,06,3940,4460,520,13.2,d5d9969f39a4210c,1ba7f5da6a9270d9,115,115
配線材料,光ケーブル（８芯テープＳＳＦ）,ＳＭ １．３１μｍ ４００Ｃ,m,兵庫北部,06,4200,4760,560,13.33,fb84cef91c0507f5,a3f604b8102ff784,115,115
配線材料,光ケーブル（８芯テープＳＳＦ）,ＳＭ １．３１μｍ ４４０Ｃ,m,兵庫北部,06,4700,5330,630,13.4,bc9ee1a5f6da9d89,988313f966de2d06,115,115
配線材料,光ケーブル（８芯テープＳＳＦ）,ＳＭ １．３１μｍ ５２０Ｃ,m,兵庫北部,06,5230,5920,690,13.19,4d365edd5e95f1ab,90405dc64caefaa2,115,115
配線材料,光ケーブル（８芯テープＳＳＦ）,ＳＭ １．３１μｍ ６００Ｃ,m,兵庫北部,06,5760,6520,760,13.19,ee5161e9de32ea7f,ef949fa236f3dffd,115,115
配線材料,光ケーブル（８芯テープ難燃型）,ＳＭ １．３１μｍ ３２０Ｃ,m,兵庫北部,06,3560,4040,480,13.48,490199e6789574a7,2c4599d54b9a4478,115,115
配線材料,光ケーブル（８芯テープ難燃型）,ＳＭ １．３１μｍ ３６０Ｃ,m,兵庫北部,06,3830,4340,510,13.32,a14baef60dbfc107,7fa35cded7aea8e7,115,115
配線材料,光ケーブル（８芯テープ難燃型）,ＳＭ １．３１μｍ ４００Ｃ,m,兵庫北部,06,4090,4640,550,13.45,a1d058db25878100,aa851c799359e62d,115,115
配線材料,光ケーブル（８芯テープ難燃型）,ＳＭ １．３１μｍ ４４０Ｃ,m,兵庫北部,06,4740,5370,630,13.29,ffdb295ab8768e05,c52c27afad80a8c2,115,115
配線材料,光ケーブル（８芯テープ難燃型）,ＳＭ １．３１μｍ ５２０Ｃ,m,兵庫北部,06,5260,5970,710,13.5,d3b4230372e76121,715773c0cbf0d4b4,115,115
配線材料,光ケーブル（８芯テープ難燃型）,ＳＭ １．３１μｍ ６００Ｃ,m,兵庫北部,06,5790,6560,770,13.3,3cfe80e780a964a9,e252277e5c1f60da,115,115
配線材料,光ケーブル（ノンメタリック）,ＳＭ １．３１μｍ ４Ｃ（４芯テープスロット）,m,兵庫北部,06,420,476,56,13.33,885cb35908880ad2,fa1e3cb6a07a7894,115,115
配線材料,光ケーブル（ノンメタリック）,ＳＭ １．３１μｍ ８Ｃ（４芯テープスロット）,m,兵庫北部,06,446,505,59,13.23,961945e82ede489e,2fa4be2c4362c292,115,115
配線材料,光ケーブル（ノンメタリック）,ＳＭ １．３１μｍ ２０Ｃ（４芯テープスロット）,m,兵庫北部,06,525,595,70,13.33,92c0f12f2fd1fbe5,6c5f36cf425e28c2,115,115
配線材料,光ケーブル（ノンメタリック）,ＳＭ １．３１μｍ ４０Ｃ（４芯テープスロット）,m,兵庫北部,06,744,843,99,13.31,baea1754bbb78863,46667fe0ef6c1b2c,115,115
配線材料,光成端箱（光アダプタ実装；融着ユニット；ＦＣ型）,コネクタ（壁掛） １２０Ｃ以下,個,兵庫西部,07,1380000,1440000,60000,4.35,e389535099e2dfeb,7df0c537a8569732,115,115
配線材料,光成端箱（光アダプタ実装；融着ユニット；ＦＣ型）,コネクタ（自立） １００Ｃ以下,個,兵庫西部,07,1050000,1090000,40000,3.81,994d0bc242a0e8e3,d31db8a4d2ef78a4,115,115
配線材料,光成端箱（光アダプタ実装；融着ユニット；ＦＣ型）,コネクタ（自立） ２００Ｃ以下,個,兵庫西部,07,1460000,1520000,60000,4.11,ea51c5b5400ae2f2,88e940fbe41516eb,115,115
配線材料,光ケーブル（８芯テープスロット）,ＳＭ １．３１μｍ ３２０Ｃ,m,兵庫西部,07,3430,3880,450,13.12,882f9ac7ef28fd24,b2fd1f0896dd2c8e,115,115
配線材料,光ケーブル（８芯テープスロット）,ＳＭ １．３１μｍ ３６０Ｃ,m,兵庫西部,07,3690,4180,490,13.28,fd84d013d2076c7f,0a338ea4ace038a9,115,115
配線材料,光ケーブル（８芯テープスロット）,ＳＭ １．３１μｍ ４００Ｃ,m,兵庫西部,07,3960,4480,520,13.13,0309d0ac4095ac86,ff687f24a772e7a7,115,115
配線材料,光ケーブル（８芯テープスロット）,ＳＭ １．３１μｍ ４４０Ｃ,m,兵庫西部,07,4450,5050,600,13.48,d7fcfc74f172371d,e7beb7b69521ea8f,115,115
配線材料,光ケーブル（８芯テープスロット）,ＳＭ １．３１μｍ ５２０Ｃ,m,兵庫西部,07,4980,5650,670,13.45,b64c27357c6e9d80,2b9b2eaf4bd0f9e7,115,115
配線材料,光ケーブル（８芯テープスロット）,ＳＭ １．３１μｍ ６００Ｃ,m,兵庫西部,07,5510,6240,730,13.25,6aae299e36202001,f594338470f5b51d,115,115
配線材料,光ケーブル（８芯テープＳＳＦ）,ＳＭ １．３１μｍ ３２０Ｃ,m,兵庫西部,07,3670,4160,490,13.35,d77194a9cae0193a,8c1c7192f789955c,115,115
配線材料,光ケーブル（８芯テープＳＳＦ）,ＳＭ １．３１μｍ ３６０Ｃ,m,兵庫西部,07,3940,4460,520,13.2,331994f441ae7092,a034f2e11bc211ab,115,115
配線材料,光ケーブル（８芯テープＳＳＦ）,ＳＭ １．３１μｍ ４００Ｃ,m,兵庫西部,07,4200,4760,560,13.33,e2e4d49b943b87f7,f7ae9ff885f39445,115,115
配線材料,光ケーブル（８芯テープＳＳＦ）,ＳＭ １．３１μｍ ４４０Ｃ,m,兵庫西部,07,4700,5330,630,13.4,9f1e7011cc4716a0,06d057415859feb1,115,115
配線材料,光ケーブル（８芯テープＳＳＦ）,ＳＭ １．３１μｍ ５２０Ｃ,m,兵庫西部,07,5230,5920,690,13.19,5536d432b2e4cb5b,017920647bb8c73a,115,115
配線材料,光ケーブル（８芯テープＳＳＦ）,ＳＭ １．３１μｍ ６００Ｃ,m,兵庫西部,07,5760,6520,760,13.19,c27c5857264a7cef,5c2e3189da734121,115,115
配線材料,光ケーブル（８芯テープ難燃型）,ＳＭ １．３１μｍ ３２０Ｃ,m,兵庫西部,07,3560,4040,480,13.48,17155163c21d335a,f1fe25223f3ebf09,115,115
配線材料,光ケーブル（８芯テープ難燃型）,ＳＭ １．３１μｍ ３６０Ｃ,m,兵庫西部,07,3830,4340,510,13.32,a59d5f2766079d36,068c21b25bae200d,115,115
配線材料,光ケーブル（８芯テープ難燃型）,ＳＭ １．３１μｍ ４００Ｃ,m,兵庫西部,07,4090,4640,550,13.45,806e1a6bba2ca12c,f3dc77bb896f91b5,115,115
配線材料,光ケーブル（８芯テープ難燃型）,ＳＭ １．３１μｍ ４４０Ｃ,m,兵庫西部,07,4740,5370,630,13.29,e122f0f448898b8b,5e7f7f194b62348e,115,115
配線材料,光ケーブル（８芯テープ難燃型）,ＳＭ １．３１μｍ ５２０Ｃ,m,兵庫西部,07,5260,5970,710,13.5,d76060926baf345c,2476553c42fb565b,115,115
配線材料,光ケーブル（８芯テープ難燃型）,ＳＭ １．３１μｍ ６００Ｃ,m,兵庫西部,07,5790,6560,770,13.3,3e670ab9882e1473,2add9c438372e060,115,115
配線材料,光ケーブル（ノンメタリック）,ＳＭ １．３１μｍ ４Ｃ（４芯テープスロット）,m,兵庫西部,07,420,476,56,13.33,c3256c13f633a1fa,420d58e3f04125ef,115,115
配線材料,光ケーブル（ノンメタリック）,ＳＭ １．３１μｍ ８Ｃ（４芯テープスロット）,m,兵庫西部,07,446,505,59,13.23,e36471dd1d72c834,e7362fa1cf1783c2,115,115
配線材料,光ケーブル（ノンメタリック）,ＳＭ １．３１μｍ ２０Ｃ（４芯テープスロット）,m,兵庫西部,07,525,595,70,13.33,ca43028254a60531,63c80ff25dd5285c,115,115
配線材料,光ケーブル（ノンメタリック）,ＳＭ １．３１μｍ ４０Ｃ（４芯テープスロット）,m,兵庫西部,07,744,843,99,13.31,0b772ac599857b1b,5f37a3248294b794,115,115
配線材料,光成端箱（光アダプタ実装；融着ユニット；ＦＣ型）,コネクタ（壁掛） １２０Ｃ以下,個,兵庫,08,1380000,1440000,60000,4.35,c95f1b7fbb0c4b52,c5cfb7fc64e9522f,115,115
配線材料,光成端箱（光アダプタ実装；融着ユニット；ＦＣ型）,コネクタ（自立） １００Ｃ以下,個,兵庫,08,1050000,1090000,40000,3.81,dad078689b5298e7,81feb9d0b2acab89,115,115
配線材料,光成端箱（光アダプタ実装；融着ユニット；ＦＣ型）,コネクタ（自立） ２００Ｃ以下,個,兵庫,08,1460000,1520000,60000,4.11,0756a4d2efa15da7,42642838a01d43ab,115,115
配線材料,光ケーブル（８芯テープスロット）,ＳＭ １．３１μｍ ３２０Ｃ,m,兵庫,08,3430,3880,450,13.12,2e3b3bc3a95956fb,42c1db323061a021,115,115
配線材料,光ケーブル（８芯テープスロット）,ＳＭ １．３１μｍ ３６０Ｃ,m,兵庫,08,3690,4180,490,13.28,80ec5196b68518fc,556adc2a8625ae4e,115,115
配線材料,光ケーブル（８芯テープスロット）,ＳＭ １．３１μｍ ４００Ｃ,m,兵庫,08,3960,4480,520,13.13,bade1324d0bd59cc,d534c03c662f4654,115,115
配線材料,光ケーブル（８芯テープスロット）,ＳＭ １．３１μｍ ４４０Ｃ,m,兵庫,08,4450,5050,600,13.48,b819bde3fee55c72,0fba2c7850e7d10e,115,115
配線材料,光ケーブル（８芯テープスロット）,ＳＭ １．３１μｍ ５２０Ｃ,m,兵庫,08,4980,5650,670,13.45,2544a0fb996257be,c44f0e8cecb192b9,115,115
配線材料,光ケーブル（８芯テープスロット）,ＳＭ １．３１μｍ ６００Ｃ,m,兵庫,08,5510,6240,730,13.25,8f8195080ca851f9,58e714945c462b8c,115,115
配線材料,光ケーブル（８芯テープＳＳＦ）,ＳＭ １．３１μｍ ３２０Ｃ,m,兵庫,08,3670,4160,490,13.35,b2e9b762c5111bf7,0aafc855a75f6bd1,115,115
配線材料,光ケーブル（８芯テープＳＳＦ）,ＳＭ １．３１μｍ ３６０Ｃ,m,兵庫,08,3940,4460,520,13.2,f3a26d0be6a9a5a0,1667f355db1f5030,115,115
配線材料,光ケーブル（８芯テープＳＳＦ）,ＳＭ １．３１μｍ ４００Ｃ,m,兵庫,08,4200,4760,560,13.33,d7537a15362afa93,417a14e58a9a1d59,115,115
配線材料,光ケーブル（８芯テープＳＳＦ）,ＳＭ １．３１μｍ ４４０Ｃ,m,兵庫,08,4700,5330,630,13.4,2becac2eb0bd62ad,a630143e42f84e5f,115,115
配線材料,光ケーブル（８芯テープＳＳＦ）,ＳＭ １．３１μｍ ５２０Ｃ,m,兵庫,08,5230,5920,690,13.19,dc31f9b3bf950fb7,8d91b2b47edac99a,115,115
配線材料,光ケーブル（８芯テープＳＳＦ）,ＳＭ １．３１μｍ ６００Ｃ,m,兵庫,08,5760,6520,760,13.19,e1be537ea8791434,b5a2b7ad7e0f8740,115,115
配線材料,光ケーブル（８芯テープ難燃型）,ＳＭ １．３１μｍ ３２０Ｃ,m,兵庫,08,3560,4040,480,13.48,798f0615a1395dd6,850a921f9e4bf3cb,115,115
配線材料,光ケーブル（８芯テープ難燃型）,ＳＭ １．３１μｍ ３６０Ｃ,m,兵庫,08,3830,4340,510,13.32,deb36ecc8a80e5f3,1a55ee590c6552cb,115,115
配線材料,光ケーブル（８芯テープ難燃型）,ＳＭ １．３１μｍ ４００Ｃ,m,兵庫,08,4090,4640,550,13.45,a581e316221caf43,edddff1c32ff016e,115,115
配線材料,光ケーブル（８芯テープ難燃型）,ＳＭ １．３１μｍ ４４０Ｃ,m,兵庫,08,4740,5370,630,13.29,466c1195ed2ba289,c153e7b4be50ea47,115,115
配線材料,光ケーブル（８芯テープ難燃型）,ＳＭ １．３１μｍ ５２０Ｃ,m,兵庫,08,5260,5970,710,13.5,ed1e99968598c8fc,ebcca2ba1b7014f3,115,115
配線材料,光ケーブル（８芯テープ難燃型）,ＳＭ １．３１μｍ ６００Ｃ,m,兵庫,08,5790,6560,770,13.3,ea7851ee48f1d738,35929c0eeaf28413,115,115
配線材料,光ケーブル（ノンメタリック）,ＳＭ １．３１μｍ ４Ｃ（４芯テープスロット）,m,兵庫,08,420,476,56,13.33,1aba022cc7489459,0c74d1589a114cde,115,115
配線材料,光ケーブル（ノンメタリック）,ＳＭ １．３１μｍ ８Ｃ（４芯テープスロット）,m,兵庫,08,446,505,59,13.23,e598edd80afc0e6b,41c207aae24f23ad,115,115
配線材料,光ケーブル（ノンメタリック）,ＳＭ １．３１μｍ ２０Ｃ（４芯テープスロット）,m,兵庫,08,525,595,70,13.33,5aa9a443bf8b9af7,fd7b4a77cedce2ee,115,115
配線材料,光ケーブル（ノンメタリック）,ＳＭ １．３１μｍ ４０Ｃ（４芯テープスロット）,m,兵庫,08,744,843,99,13.31,1521f25276d9b6d4,7ad3d4ff931b7701,115,115
配線材料,光成端箱（光アダプタ実装；融着ユニット；ＦＣ型）,コネクタ（壁掛） １２０Ｃ以下,個,奈良,09,1380000,1440000,60000,4.35,f5fd2cdf19653409,2460828473d96350,115,115
配線材料,光成端箱（光アダプタ実装；融着ユニット；ＦＣ型）,コネクタ（自立） １００Ｃ以下,個,奈良,09,1050000,1090000,40000,3.81,63e63118e0b2319f,5e55761cf7de4a03,115,115
配線材料,光成端箱（光アダプタ実装；融着ユニット；ＦＣ型）,コネクタ（自立） ２００Ｃ以下,個,奈良,09,1460000,1520000,60000,4.11,5fb2bb56d86bea5c,cc9d5f8732e84303,115,115
配線材料,光ケーブル（８芯テープスロット）,ＳＭ １．３１μｍ ３２０Ｃ,m,奈良,09,3430,3880,450,13.12,f6c305669d54ec84,85ccdd9eeca5d1f7,115,115
配線材料,光ケーブル（８芯テープスロット）,ＳＭ １．３１μｍ ３６０Ｃ,m,奈良,09,3690,4180,490,13.28,70907011fb071749,477d4b33d55f8a57,115,115
配線材料,光ケーブル（８芯テープスロット）,ＳＭ １．３１μｍ ４００Ｃ,m,奈良,09,3960,4480,520,13.13,4f518a955dcc37e1,9fe3eabef174d75f,115,115
配線材料,光ケーブル（８芯テープスロット）,ＳＭ １．３１μｍ ４４０Ｃ,m,奈良,09,4450,5050,600,13.48,dfe5c0eb1ef5da49,b9331dedcbb73456,115,115
配線材料,光ケーブル（８芯テープスロット）,ＳＭ １．３１μｍ ５２０Ｃ,m,奈良,09,4980,5650,670,13.45,0ea69a66cee8f195,832b1e0d05c12b76,115,115
配線材料,光ケーブル（８芯テープスロット）,ＳＭ １．３１μｍ ６００Ｃ,m,奈良,09,5510,6240,730,13.25,4a7a0d65acf78601,f6ad764b507c01ea,115,115
配線材料,光ケーブル（８芯テープＳＳＦ）,ＳＭ １．３１μｍ ３２０Ｃ,m,奈良,09,3670,4160,490,13.35,c993c42afd127954,69f7562311498701,115,115
配線材料,光ケーブル（８芯テープＳＳＦ）,ＳＭ １．３１μｍ ３６０Ｃ,m,奈良,09,3940,4460,520,13.2,15f3e788ffee580f,9b297d22099345d9,115,115
配線材料,光ケーブル（８芯テープＳＳＦ）,ＳＭ １．３１μｍ ４００Ｃ,m,奈良,09,4200,4760,560,13.33,9077a9d66db631f8,17a50c8cab2abd24,115,115
配線材料,光ケーブル（８芯テープＳＳＦ）,ＳＭ １．３１μｍ ４４０Ｃ,m,奈良,09,4700,5330,630,13.4,e54dc10129151491,7221711ba762a009,115,115
配線材料,光ケーブル（８芯テープＳＳＦ）,ＳＭ １．３１μｍ ５２０Ｃ,m,奈良,09,5230,5920,690,13.19,a6bed95c6234b1fe,061dc9d9aa7b717d,115,115
配線材料,光ケーブル（８芯テープＳＳＦ）,ＳＭ １．３１μｍ ６００Ｃ,m,奈良,09,5760,6520,760,13.19,666960c6660462d4,92618eeb5bfb214d,115,115
配線材料,光ケーブル（８芯テープ難燃型）,ＳＭ １．３１μｍ ３２０Ｃ,m,奈良,09,3560,4040,480,13.48,f3ac156b20bb8821,28671c0d291c0d9f,115,115
配線材料,光ケーブル（８芯テープ難燃型）,ＳＭ １．３１μｍ ３６０Ｃ,m,奈良,09,3830,4340,510,13.32,d3d7f0775c27c141,e6dab38c70425cbd,115,115
配線材料,光ケーブル（８芯テープ難燃型）,ＳＭ １．３１μｍ ４００Ｃ,m,奈良,09,4090,4640,550,13.45,a1ff641bda95c313,386e911491d5c47d,115,115
配線材料,光ケーブル（８芯テープ難燃型）,ＳＭ １．３１μｍ ４４０Ｃ,m,奈良,09,4740,5370,630,13.29,79329c7a9ac517ac,e3af2bd8d254645e,115,115
配線材料,光ケーブル（８芯テープ難燃型）,ＳＭ １．３１μｍ ５２０Ｃ,m,奈良,09,5260,5970,710,13.5,c707cd7b9d7fee27,93f068a6229b2ea5,115,115
配線材料,光ケーブル（８芯テープ難燃型）,ＳＭ １．３１μｍ ６００Ｃ,m,奈良,09,5790,6560,770,13.3,e555c62070d9c833,f5a7c1b65294a23f,115,115
配線材料,光ケーブル（ノンメタリック）,ＳＭ １．３１μｍ ４Ｃ（４芯テープスロット）,m,奈良,09,420,476,56,13.33,79e53d94057e3174,c313a3bf01f54f30,115,115
配線材料,光ケーブル（ノンメタリック）,ＳＭ １．３１μｍ ８Ｃ（４芯テープスロット）,m,奈良,09,446,505,59,13.23,a6d6e315de0f0642,efc9434d4f79685a,115,115
配線材料,光ケーブル（ノンメタリック）,ＳＭ １．３１μｍ ２０Ｃ（４芯テープスロット）,m,奈良,09,525,595,70,13.33,32bea09b14381a7f,79c186d47ab4fda7,115,115
配線材料,光ケーブル（ノンメタリック）,ＳＭ １．３１μｍ ４０Ｃ（４芯テープスロット）,m,奈良,09,744,843,99,13.31,c6a2dbead8323a68,ad00eca47d4f6791,115,115
配線材料,光成端箱（光アダプタ実装；融着ユニット；ＦＣ型）,コネクタ（壁掛） １２０Ｃ以下,個,和歌山,10,1380000,1440000,60000,4.35,3ae8a043195c77c7,f62edec4d0a8cf78,115,115
配線材料,光成端箱（光アダプタ実装；融着ユニット；ＦＣ型）,コネクタ（自立） １００Ｃ以下,個,和歌山,10,1050000,1090000,40000,3.81,afc46f29a466008b,f72a667dfd74ef91,115,115
配線材料,光成端箱（光アダプタ実装；融着ユニット；ＦＣ型）,コネクタ（自立） ２００Ｃ以下,個,和歌山,10,1460000,1520000,60000,4.11,387fd43ed2fe9ffb,5042d09c01d4ec5b,115,115
配線材料,光ケーブル（８芯テープスロット）,ＳＭ １．３１μｍ ３２０Ｃ,m,和歌山,10,3430,3880,450,13.12,838ef8d6048fa9c9,c220b7ae79a7865b,115,115
配線材料,光ケーブル（８芯テープスロット）,ＳＭ １．３１μｍ ３６０Ｃ,m,和歌山,10,3690,4180,490,13.28,712658f30a4b137e,b4e75b2246f831c1,115,115
配線材料,光ケーブル（８芯テープスロット）,ＳＭ １．３１μｍ ４００Ｃ,m,和歌山,10,3960,4480,520,13.13,2a62197d953e012a,deb661601744e6fb,115,115
配線材料,光ケーブル（８芯テープスロット）,ＳＭ １．３１μｍ ４４０Ｃ,m,和歌山,10,4450,5050,600,13.48,096e7d44bf10855c,6c30e613f6a4f36a,115,115
配線材料,光ケーブル（８芯テープスロット）,ＳＭ １．３１μｍ ５２０Ｃ,m,和歌山,10,4980,5650,670,13.45,f9bba43e449cd75b,052070ca63b1a655,115,115
配線材料,光ケーブル（８芯テープスロット）,ＳＭ １．３１μｍ ６００Ｃ,m,和歌山,10,5510,6240,730,13.25,a34a368c568c795c,67484b92c0a204ce,115,115
配線材料,光ケーブル（８芯テープＳＳＦ）,ＳＭ １．３１μｍ ３２０Ｃ,m,和歌山,10,3670,4160,490,13.35,816549e20043139c,19916260f60751cb,115,115
配線材料,光ケーブル（８芯テープＳＳＦ）,ＳＭ １．３１μｍ ３６０Ｃ,m,和歌山,10,3940,4460,520,13.2,90a5c3d219d4b435,e318c8adc278a353,115,115
配線材料,光ケーブル（８芯テープＳＳＦ）,ＳＭ １．３１μｍ ４００Ｃ,m,和歌山,10,4200,4760,560,13.33,2f52e341354c897c,809a98cab2afa952,115,115
配線材料,光ケーブル（８芯テープＳＳＦ）,ＳＭ １．３１μｍ ４４０Ｃ,m,和歌山,10,4700,5330,630,13.4,6ca296704fdeec4b,d05a47a5c96cfb47,115,115
配線材料,光ケーブル（８芯テープＳＳＦ）,ＳＭ １．３１μｍ ５２０Ｃ,m,和歌山,10,5230,5920,690,13.19,c30dd04268995627,c98ca5b0ac1fdbe0,115,115
配線材料,光ケーブル（８芯テープＳＳＦ）,ＳＭ １．３１μｍ ６００Ｃ,m,和歌山,10,5760,6520,760,13.19,f6667ccf766ef475,b812e485d6f2d524,115,115
配線材料,光ケーブル（８芯テープ難燃型）,ＳＭ １．３１μｍ ３２０Ｃ,m,和歌山,10,3560,4040,480,13.48,efb2c32bd7fccd2a,a10b342f495dba5e,115,115
配線材料,光ケーブル（８芯テープ難燃型）,ＳＭ １．３１μｍ ３６０Ｃ,m,和歌山,10,3830,4340,510,13.32,b4537b74682288fa,535404e66575be61,115,115
配線材料,光ケーブル（８芯テープ難燃型）,ＳＭ １．３１μｍ ４００Ｃ,m,和歌山,10,4090,4640,550,13.45,a99b5eb982f5d4dd,9e9bf2663e4507a9,115,115
配線材料,光ケーブル（８芯テープ難燃型）,ＳＭ １．３１μｍ ４４０Ｃ,m,和歌山,10,4740,5370,630,13.29,f273c8c65f70c476,9d1ea5c517980748,115,115
配線材料,光ケーブル（８芯テープ難燃型）,ＳＭ １．３１μｍ ５２０Ｃ,m,和歌山,10,5260,5970,710,13.5,b189a21f00232a4e,6756377d56b91477,115,115
配線材料,光ケーブル（８芯テープ難燃型）,ＳＭ １．３１μｍ ６００Ｃ,m,和歌山,10,5790,6560,770,13.3,d6a3a286f10ab78f,9f4a1f4f9e13d559,115,115
配線材料,光ケーブル（ノンメタリック）,ＳＭ １．３１μｍ ４Ｃ（４芯テープスロット）,m,和歌山,10,420,476,56,13.33,e78a8a43cc70e943,780a4e42c80b9f1b,115,115
配線材料,光ケーブル（ノンメタリック）,ＳＭ １．３１μｍ ８Ｃ（４芯テープスロット）,m,和歌山,10,446,505,59,13.23,8ff409d18f7dcd1b,04d3951605542d36,115,115
配線材料,光ケーブル（ノンメタリック）,ＳＭ １．３１μｍ ２０Ｃ（４芯テープスロット）,m,和歌山,10,525,595,70,13.33,736a9a3d95c5fb71,8f620a01441f37a5,115,115
配線材料,光ケーブル（ノンメタリック）,ＳＭ １．３１μｍ ４０Ｃ（４芯テープスロット）,m,和歌山,10,744,843,99,13.31,96a4300d3e00e036,c3e1b602e5283039,115,115
配線材料,光成端箱（光アダプタ実装；融着ユニット；ＦＣ型）,コネクタ（壁掛） １２０Ｃ以下,個,岐阜,11,1380000,1440000,60000,4.35,6ecc3df42dc0eca9,bf9a47619c889a07,115,115
配線材料,光成端箱（光アダプタ実装；融着ユニット；ＦＣ型）,コネクタ（自立） １００Ｃ以下,個,岐阜,11,1050000,1090000,40000,3.81,f6116fce98385e92,22a4d04a44e8a6d0,115,115
配線材料,光成端箱（光アダプタ実装；融着ユニット；ＦＣ型）,コネクタ（自立） ２００Ｃ以下,個,岐阜,11,1460000,1520000,60000,4.11,890d9cba4f50c632,584bfdded16f8308,115,115
配線材料,光ケーブル（８芯テープスロット）,ＳＭ １．３１μｍ ３２０Ｃ,m,岐阜,11,3430,3880,450,13.12,0e9dfd36e74402ad,de695492b7143358,115,115
配線材料,光ケーブル（８芯テープスロット）,ＳＭ １．３１μｍ ３６０Ｃ,m,岐阜,11,3690,4180,490,13.28,7a693231cb940850,091063eccdec3843,115,115
配線材料,光ケーブル（８芯テープスロット）,ＳＭ １．３１μｍ ４００Ｃ,m,岐阜,11,3960,4480,520,13.13,7d5e382668d2392c,efa6b34492855ae7,115,115
配線材料,光ケーブル（８芯テープスロット）,ＳＭ １．３１μｍ ４４０Ｃ,m,岐阜,11,4450,5050,600,13.48,2e5b5a97bb8793ec,4db95d49bc31bc05,115,115
配線材料,光ケーブル（８芯テープスロット）,ＳＭ １．３１μｍ ５２０Ｃ,m,岐阜,11,4980,5650,670,13.45,602fc40ba1dc1a3b,1cf09cd2af01d920,115,115
配線材料,光ケーブル（８芯テープスロット）,ＳＭ １．３１μｍ ６００Ｃ,m,岐阜,11,5510,6240,730,13.25,75dac54e0a88655f,778de7c1e78fbb72,115,115
配線材料,光ケーブル（８芯テープＳＳＦ）,ＳＭ １．３１μｍ ３２０Ｃ,m,岐阜,11,3670,4160,490,13.35,65b484694c3748b4,5b0ac5976503f7ed,115,115
配線材料,光ケーブル（８芯テープＳＳＦ）,ＳＭ １．３１μｍ ３６０Ｃ,m,岐阜,11,3940,4460,520,13.2,bcc5dbbbb381cf4b,45a3772a40132eb1,115,115
配線材料,光ケーブル（８芯テープＳＳＦ）,ＳＭ １．３１μｍ ４００Ｃ,m,岐阜,11,4200,4760,560,13.33,325dfa9f9b7a47f6,b5ec8a51bbeccae7,115,115
配線材料,光ケーブル（８芯テープＳＳＦ）,ＳＭ １．３１μｍ ４４０Ｃ,m,岐阜,11,4700,5330,630,13.4,c966223788082a52,bf203c2b6c335c8e,115,115
配線材料,光ケーブル（８芯テープＳＳＦ）,ＳＭ １．３１μｍ ５２０Ｃ,m,岐阜,11,5230,5920,690,13.19,454a78e142ac324b,a06ea91dfb6b2ca3,115,115
配線材料,光ケーブル（８芯テープＳＳＦ）,ＳＭ １．３１μｍ ６００Ｃ,m,岐阜,11,5760,6520,760,13.19,b9ba6620d51daaab,d9acb2189375295d,115,115
配線材料,光ケーブル（８芯テープ難燃型）,ＳＭ １．３１μｍ ３２０Ｃ,m,岐阜,11,3560,4040,480,13.48,b3ce5cf8fe4545e6,ed097bbc48779751,115,115
配線材料,光ケーブル（８芯テープ難燃型）,ＳＭ １．３１μｍ ３６０Ｃ,m,岐阜,11,3830,4340,510,13.32,fb7fc5ffbd98fcd8,6b3dad597a0f2b42,115,115
配線材料,光ケーブル（８芯テープ難燃型）,ＳＭ １．３１μｍ ４００Ｃ,m,岐阜,11,4090,4640,550,13.45,d4bfc01a879282fd,f9c0f17002f90cf9,115,115
配線材料,光ケーブル（８芯テープ難燃型）,ＳＭ １．３１μｍ ４４０Ｃ,m,岐阜,11,4740,5370,630,13.29,2a73f4f61257951b,f906e6cfa039a90d,115,115
配線材料,光ケーブル（８芯テープ難燃型）,ＳＭ １．３１μｍ ５２０Ｃ,m,岐阜,11,5260,5970,710,13.5,85012e412325fd2f,844d125081a8c64f,115,115
配線材料,光ケーブル（８芯テープ難燃型）,ＳＭ １．３１μｍ ６００Ｃ,m,岐阜,11,5790,6560,770,13.3,562ef7831472780a,4bcb290944bd7fd9,115,115
配線材料,光ケーブル（ノンメタリック）,ＳＭ １．３１μｍ ４Ｃ（４芯テープスロット）,m,岐阜,11,420,476,56,13.33,be21a997dfe923bf,3c49890b846fb7ac,115,115
配線材料,光ケーブル（ノンメタリック）,ＳＭ １．３１μｍ ８Ｃ（４芯テープスロット）,m,岐阜,11,446,505,59,13.23,7e5337d1b577e224,6ce8d763900fb2ca,115,115
配線材料,光ケーブル（ノンメタリック）,ＳＭ １．３１μｍ ２０Ｃ（４芯テープスロット）,m,岐阜,11,525,595,70,13.33,e4c3b261f2394f22,09e6d1fdd4b14ef3,115,115
配線材料,光ケーブル（ノンメタリック）,ＳＭ １．３１μｍ ４０Ｃ（４芯テープスロット）,m,岐阜,11,744,843,99,13.31,04384626f4b5446a,af3f121e7e0a3d1d,115,115
配線材料,光成端箱（光アダプタ実装；融着ユニット；ＦＣ型）,コネクタ（壁掛） １２０Ｃ以下,個,三重,12,1380000,1440000,60000,4.35,f52a24839154881b,d2b9e722e46b900c,115,115
配線材料,光成端箱（光アダプタ実装；融着ユニット；ＦＣ型）,コネクタ（自立） １００Ｃ以下,個,三重,12,1050000,1090000,40000,3.81,890106bfb6ccae2e,17ef12fa6c2d2990,115,115
配線材料,光成端箱（光アダプタ実装；融着ユニット；ＦＣ型）,コネクタ（自立） ２００Ｃ以下,個,三重,12,1460000,1520000,60000,4.11,9c9eb2c3838cc522,1d40dac8c7fee38c,115,115
配線材料,光ケーブル（８芯テープスロット）,ＳＭ １．３１μｍ ３２０Ｃ,m,三重,12,3430,3880,450,13.12,38d980b8efe4c236,bd0e83907a8159b5,115,115
配線材料,光ケーブル（８芯テープスロット）,ＳＭ １．３１μｍ ３６０Ｃ,m,三重,12,3690,4180,490,13.28,594dc8d3cdd8aaeb,866686eda9a25859,115,115
配線材料,光ケーブル（８芯テープスロット）,ＳＭ １．３１μｍ ４００Ｃ,m,三重,12,3960,4480,520,13.13,d4eddd50366d89f2,bb35bf46a4a1e5b2,115,115
配線材料,光ケーブル（８芯テープスロット）,ＳＭ １．３１μｍ ４４０Ｃ,m,三重,12,4450,5050,600,13.48,d1c966df4b1d89fb,1e9df62b7fe0e276,115,115
配線材料,光ケーブル（８芯テープスロット）,ＳＭ １．３１μｍ ５２０Ｃ,m,三重,12,4980,5650,670,13.45,0940f7181c345712,e858be683cb9c32c,115,115
配線材料,光ケーブル（８芯テープスロット）,ＳＭ １．３１μｍ ６００Ｃ,m,三重,12,5510,6240,730,13.25,58cb1136a9cb784e,441ac4ec4498a18f,115,115
配線材料,光ケーブル（８芯テープＳＳＦ）,ＳＭ １．３１μｍ ３２０Ｃ,m,三重,12,3670,4160,490,13.35,3e618f513db4671e,175e304178fd6eb3,115,115
配線材料,光ケーブル（８芯テープＳＳＦ）,ＳＭ １．３１μｍ ３６０Ｃ,m,三重,12,3940,4460,520,13.2,2bd7693e5da4b943,d7b5892113b14734,115,115
配線材料,光ケーブル（８芯テープＳＳＦ）,ＳＭ １．３１μｍ ４００Ｃ,m,三重,12,4200,4760,560,13.33,cf8f163ede6a0d42,a0301b17ecd9b4a3,115,115
配線材料,光ケーブル（８芯テープＳＳＦ）,ＳＭ １．３１μｍ ４４０Ｃ,m,三重,12,4700,5330,630,13.4,5a74b5e4cb939db7,ebe644a75b29de37,115,115
配線材料,光ケーブル（８芯テープＳＳＦ）,ＳＭ １．３１μｍ ５２０Ｃ,m,三重,12,5230,5920,690,13.19,e4c9271e9d93d923,9b23bcb097a90b8e,115,115
配線材料,光ケーブル（８芯テープＳＳＦ）,ＳＭ １．３１μｍ ６００Ｃ,m,三重,12,5760,6520,760,13.19,fc62240a3fe5ff87,69fffa9282d2f1b5,115,115
配線材料,光ケーブル（８芯テープ難燃型）,ＳＭ １．３１μｍ ３２０Ｃ,m,三重,12,3560,4040,480,13.48,b82ac67323ecdf2f,729a99b465b25102,115,115
配線材料,光ケーブル（８芯テープ難燃型）,ＳＭ １．３１μｍ ３６０Ｃ,m,三重,12,3830,4340,510,13.32,8db2a8795bd62335,d357cda6fbe25e8c,115,115
配線材料,光ケーブル（８芯テープ難燃型）,ＳＭ １．３１μｍ ４００Ｃ,m,三重,12,4090,4640,550,13.45,d92dd97bbdfd59aa,e6db0cda2f030715,115,115
配線材料,光ケーブル（８芯テープ難燃型）,ＳＭ １．３１μｍ ４４０Ｃ,m,三重,12,4740,5370,630,13.29,9e568b320bbaec8f,e6bbfd58c222573c,115,115
配線材料,光ケーブル（８芯テープ難燃型）,ＳＭ １．３１μｍ ５２０Ｃ,m,三重,12,5260,5970,710,13.5,fb047b2369546822,83b3bd491eb45037,115,115
配線材料,光ケーブル（８芯テープ難燃型）,ＳＭ １．３１μｍ ６００Ｃ,m,三重,12,5790,6560,770,13.3,5e495c10180f6547,f7643a2cccb5ad13,115,115
配線材料,光ケーブル（ノンメタリック）,ＳＭ １．３１μｍ ４Ｃ（４芯テープスロット）,m,三重,12,420,476,56,13.33,73e6ad8695c5404f,8a765b0dfd08c228,115,115
配線材料,光ケーブル（ノンメタリック）,ＳＭ １．３１μｍ ８Ｃ（４芯テープスロット）,m,三重,12,446,505,59,13.23,c964483d5e71c0f2,29a94f84d0068161,115,115
配線材料,光ケーブル（ノンメタリック）,ＳＭ １．３１μｍ ２０Ｃ（４芯テープスロット）,m,三重,12,525,595,70,13.33,5d9a26c2a8b0e166,38cabd3cc4cecffc,115,115
配線材料,光ケーブル（ノンメタリック）,ＳＭ １．３１μｍ ４０Ｃ（４芯テープスロット）,m,三重,12,744,843,99,13.31,6c2c8b1dbad3670e,67e05f07eda6b214,115,115
配線材料,光ケーブル（ノンメタリック）,ＳＭ １．３１μｍ ６０Ｃ（４芯テープスロット）,m,福井,01,876,992,116,13.24,8e8fafe8fd5740c1,4b1e3158957b628c,116,116
配線材料,光ケーブル（ノンメタリック）,ＳＭ １．３１μｍ ８０Ｃ（４芯テープスロット）,m,福井,01,1030,1170,140,13.59,1aca6eccc753371e,d41938074bacb80e,116,116
配線材料,光ケーブル（ノンメタリック）,ＳＭ １．３１μｍ１００Ｃ（４芯テープスロット）,m,福井,01,1170,1320,150,12.82,3e3aa846680bb854,c1c1029c4a524378,116,116
配線材料,光ケーブル（ノンメタリック）,ＳＭ １．３１μｍ１２０Ｃ（４芯テープスロット）,m,福井,01,1490,1690,200,13.42,4f8160ac3a5512bf,ac9398f9375582fd,116,116
配線材料,光ケーブル（ノンメタリック）,ＳＭ １．３１μｍ１４０Ｃ（４芯テープスロット）,m,福井,01,1620,1840,220,13.58,ea8dac508f5cde4b,9e1b39b29d5099c3,116,116
配線材料,光ケーブル（ノンメタリック）,ＳＭ １．３１μｍ１６０Ｃ（４芯テープスロット）,m,福井,01,1750,1990,240,13.71,7cadac3d89666fd4,89a41cfaf9d9ebcb,116,116
配線材料,光ケーブル（ノンメタリック）,ＳＭ １．３１μｍ１８０Ｃ（４芯テープスロット）,m,福井,01,1890,2140,250,13.23,509bed601450f440,17d5727f220227e4,116,116
配線材料,光ケーブル（ノンメタリック）,ＳＭ １．３１μｍ２００Ｃ（４芯テープスロット）,m,福井,01,2020,2290,270,13.37,b7a42984cfafba3f,844df2fe3df1da38,116,116
配線材料,光ケーブル（ノンメタリック）,ＳＭ １．３１μｍ２２０Ｃ（４芯テープスロット）,m,福井,01,2500,2830,330,13.2,5a70739684295905,3b011fb37dfb95de,116,116
配線材料,光ケーブル（ノンメタリック）,ＳＭ １．３１μｍ２４０Ｃ（４芯テープスロット）,m,福井,01,2630,2980,350,13.31,8097a19311194063,9bd23ff5a84961b0,116,116
配線材料,光ケーブル（ノンメタリック）,ＳＭ １．３１μｍ２６０Ｃ（４芯テープスロット）,m,福井,01,2760,3130,370,13.41,b9c7e90561e3c840,acaf135c906e5d97,116,116
配線材料,光ケーブル（ノンメタリック）,ＳＭ １．３１μｍ２８０Ｃ（４芯テープスロット）,m,福井,01,2890,3280,390,13.49,7e672c02ea399345,31e63453f12604bd,116,116
配線材料,光ケーブル（ノンメタリック）,ＳＭ １．３１μｍ３００Ｃ（４芯テープスロット）,m,福井,01,3030,3430,400,13.2,9253e25a5ad402e6,e3a437b7128c7439,116,116
配線材料,光ケーブル（ノンメタリック）,ＳＭ １．３１μｍ ２０Ｃ（４芯テープＳＳＦ）,m,福井,01,771,874,103,13.36,621fd892d73b786e,c638df2f39865810,116,116
配線材料,光ケーブル（ノンメタリック）,ＳＭ １．３１μｍ ４０Ｃ（４芯テープＳＳＦ）,m,福井,01,990,1120,130,13.13,3afd34f37dd47366,07ba5ea5e5436833,116,116
配線材料,光ケーブル（ノンメタリック）,ＳＭ １．３１μｍ ６０Ｃ（４芯テープＳＳＦ）,m,福井,01,1120,1270,150,13.39,ede3e2dbdd69fd51,4d92b5da46ff461a,116,116
配線材料,光ケーブル（ノンメタリック）,ＳＭ １．３１μｍ ８０Ｃ（４芯テープＳＳＦ）,m,福井,01,1280,1450,170,13.28,1eeb7bbb428ce1f5,68946eaa3c773fbf,116,116
配線材料,光ケーブル（ノンメタリック）,ＳＭ １．３１μｍ １００Ｃ（４芯テープＳＳＦ）,m,福井,01,1410,1600,190,13.48,73e27eb7b898df0b,e3f3f935cc521d47,116,116
配線材料,光ケーブル（ノンメタリック）,ＳＭ １．３１μｍ １２０Ｃ（４芯テープＳＳＦ）,m,福井,01,1740,1970,230,13.22,bd1c9c626f3c2a0b,afd1f84fb601f5f2,116,116
配線材料,光ケーブル（ノンメタリック）,ＳＭ １．３１μｍ １４０Ｃ（４芯テープＳＳＦ）,m,福井,01,1870,2120,250,13.37,d68c83101ea876c2,6c440e592188446c,116,116
配線材料,光ケーブル（ノンメタリック）,ＳＭ １．３１μｍ １６０Ｃ（４芯テープＳＳＦ）,m,福井,01,2000,2270,270,13.5,7d69015e49259276,fb5c23fbae1ed805,116,116
配線材料,光ケーブル（ノンメタリック）,ＳＭ １．３１μｍ １８０Ｃ（４芯テープＳＳＦ）,m,福井,01,2130,2420,290,13.62,0b94c79f40679f6c,1417dedb51e24a91,116,116
配線材料,光ケーブル（ノンメタリック）,ＳＭ １．３１μｍ ２００Ｃ（４芯テープＳＳＦ）,m,福井,01,2260,2570,310,13.72,0cb0d9add86fd511,5de6c3f7cd40900b,116,116
配線材料,光ケーブル（ノンメタリック）,ＳＭ １．３１μｍ ２２０Ｃ（４芯テープＳＳＦ）,m,福井,01,2740,3110,370,13.5,4a4c4c1eed155b3a,950aef05dbb703b3,116,116
配線材料,光ケーブル（ノンメタリック）,ＳＭ １．３１μｍ ２４０Ｃ（４芯テープＳＳＦ）,m,福井,01,2880,3260,380,13.19,c4b106f4fc0a8d2a,43c9bb52aaa80b83,116,116
配線材料,光ケーブル（ノンメタリック）,ＳＭ １．３１μｍ ６０Ｃ（４芯テープスロット）,m,滋賀,02,876,992,116,13.24,52f89a7aa5e78b15,2ddf9d930c072273,116,116
配線材料,光ケーブル（ノンメタリック）,ＳＭ １．３１μｍ ８０Ｃ（４芯テープスロット）,m,滋賀,02,1030,1170,140,13.59,8f725f95a37d02b2,9f7157d765a771db,116,116
配線材料,光ケーブル（ノンメタリック）,ＳＭ １．３１μｍ１００Ｃ（４芯テープスロット）,m,滋賀,02,1170,1320,150,12.82,94d7c8372137398a,37f668b84973d079,116,116
配線材料,光ケーブル（ノンメタリック）,ＳＭ １．３１μｍ１２０Ｃ（４芯テープスロット）,m,滋賀,02,1490,1690,200,13.42,a23ec99cd3a97032,d0a57f5e761bb6d3,116,116
配線材料,光ケーブル（ノンメタリック）,ＳＭ １．３１μｍ１４０Ｃ（４芯テープスロット）,m,滋賀,02,1620,1840,220,13.58,e28e1e70a7e551b0,f79bf043ad570fcc,116,116
配線材料,光ケーブル（ノンメタリック）,ＳＭ １．３１μｍ１６０Ｃ（４芯テープスロット）,m,滋賀,02,1750,1990,240,13.71,0ab4faf543428332,0cb95a3ef51f25ed,116,116
配線材料,光ケーブル（ノンメタリック）,ＳＭ １．３１μｍ１８０Ｃ（４芯テープスロット）,m,滋賀,02,1890,2140,250,13.23,f39f82cf27234365,7ea485a3b0679391,116,116
配線材料,光ケーブル（ノンメタリック）,ＳＭ １．３１μｍ２００Ｃ（４芯テープスロット）,m,滋賀,02,2020,2290,270,13.37,a7ed3084b44e73da,9fa4c61da15fb3e6,116,116
配線材料,光ケーブル（ノンメタリック）,ＳＭ １．３１μｍ２２０Ｃ（４芯テープスロット）,m,滋賀,02,2500,2830,330,13.2,0ffd4b21da8d2f9c,664ce7331483f2ed,116,116
配線材料,光ケーブル（ノンメタリック）,ＳＭ １．３１μｍ２４０Ｃ（４芯テープスロット）,m,滋賀,02,2630,2980,350,13.31,539f78793707ffa9,bb43ae60c70d107c,116,116
配線材料,光ケーブル（ノンメタリック）,ＳＭ １．３１μｍ２６０Ｃ（４芯テープスロット）,m,滋賀,02,2760,3130,370,13.41,1e205a3f4ad9ad35,1a28e08590b86a0b,116,116
配線材料,光ケーブル（ノンメタリック）,ＳＭ １．３１μｍ２８０Ｃ（４芯テープスロット）,m,滋賀,02,2890,3280,390,13.49,6a48d4b39592d2ed,1a87932e074d1dd1,116,116
配線材料,光ケーブル（ノンメタリック）,ＳＭ １．３１μｍ３００Ｃ（４芯テープスロット）,m,滋賀,02,3030,3430,400,13.2,6f9e4c59d00e33dc,6b6a2f6bb0fa53c6,116,116
配線材料,光ケーブル（ノンメタリック）,ＳＭ １．３１μｍ ２０Ｃ（４芯テープＳＳＦ）,m,滋賀,02,771,874,103,13.36,d90c9c690cb7da50,20576508248d94b4,116,116
配線材料,光ケーブル（ノンメタリック）,ＳＭ １．３１μｍ ４０Ｃ（４芯テープＳＳＦ）,m,滋賀,02,990,1120,130,13.13,2283694c6d95bdb1,c19a9007548019cf,116,116
配線材料,光ケーブル（ノンメタリック）,ＳＭ １．３１μｍ ６０Ｃ（４芯テープＳＳＦ）,m,滋賀,02,1120,1270,150,13.39,c0ffc6643bf19c2b,acd00691cfbd0004,116,116
配線材料,光ケーブル（ノンメタリック）,ＳＭ １．３１μｍ ８０Ｃ（４芯テープＳＳＦ）,m,滋賀,02,1280,1450,170,13.28,68d60b6cbe3f902d,ead957c996d112b7,116,116
配線材料,光ケーブル（ノンメタリック）,ＳＭ １．３１μｍ １００Ｃ（４芯テープＳＳＦ）,m,滋賀,02,1410,1600,190,13.48,f624658b1ae038a9,dbb86f54bd627d1d,116,116
配線材料,光ケーブル（ノンメタリック）,ＳＭ １．３１μｍ １２０Ｃ（４芯テープＳＳＦ）,m,滋賀,02,1740,1970,230,13.22,f61168a3667d74e8,d7762081f367ef05,116,116
配線材料,光ケーブル（ノンメタリック）,ＳＭ １．３１μｍ １４０Ｃ（４芯テープＳＳＦ）,m,滋賀,02,1870,2120,250,13.37,4c61f2c94cad026f,29f9ad68f87918bd,116,116
配線材料,光ケーブル（ノンメタリック）,ＳＭ １．３１μｍ １６０Ｃ（４芯テープＳＳＦ）,m,滋賀,02,2000,2270,270,13.5,fec9fa5c321e1446,7da9eeedf6f184b2,116,116
配線材料,光ケーブル（ノンメタリック）,ＳＭ １．３１μｍ １８０Ｃ（４芯テープＳＳＦ）,m,滋賀,02,2130,2420,290,13.62,80a65241ac6532f0,6f004d7f76b42173,116,116
配線材料,光ケーブル（ノンメタリック）,ＳＭ １．３１μｍ ２００Ｃ（４芯テープＳＳＦ）,m,滋賀,02,2260,2570,310,13.72,0bdef5c86cbf922b,9cd51b46ac10de2f,116,116
配線材料,光ケーブル（ノンメタリック）,ＳＭ １．３１μｍ ２２０Ｃ（４芯テープＳＳＦ）,m,滋賀,02,2740,3110,370,13.5,470efb8ad2f8aeb6,0db3c0663852f2cc,116,116
配線材料,光ケーブル（ノンメタリック）,ＳＭ １．３１μｍ ２４０Ｃ（４芯テープＳＳＦ）,m,滋賀,02,2880,3260,380,13.19,f0f3390588276411,c48b1e9ecd88e285,116,116
配線材料,光ケーブル（ノンメタリック）,ＳＭ １．３１μｍ ６０Ｃ（４芯テープスロット）,m,京都北部,03,876,992,116,13.24,43535655a76d06dc,cf35d1fe1b273621,116,116
配線材料,光ケーブル（ノンメタリック）,ＳＭ １．３１μｍ ８０Ｃ（４芯テープスロット）,m,京都北部,03,1030,1170,140,13.59,6546f4aef521a213,bba4014e6b90ee24,116,116
配線材料,光ケーブル（ノンメタリック）,ＳＭ １．３１μｍ１００Ｃ（４芯テープスロット）,m,京都北部,03,1170,1320,150,12.82,45b5dc8b816c509d,f969ece5225abca6,116,116
配線材料,光ケーブル（ノンメタリック）,ＳＭ １．３１μｍ１２０Ｃ（４芯テープスロット）,m,京都北部,03,1490,1690,200,13.42,f6f33835dfa8b75b,0515faa09807189a,116,116
配線材料,光ケーブル（ノンメタリック）,ＳＭ １．３１μｍ１４０Ｃ（４芯テープスロット）,m,京都北部,03,1620,1840,220,13.58,998f68970feb0822,c9e987293417cf32,116,116
配線材料,光ケーブル（ノンメタリック）,ＳＭ １．３１μｍ１６０Ｃ（４芯テープスロット）,m,京都北部,03,1750,1990,240,13.71,d4d433c1344da02f,f9a03fd2bf97ea5f,116,116
配線材料,光ケーブル（ノンメタリック）,ＳＭ １．３１μｍ１８０Ｃ（４芯テープスロット）,m,京都北部,03,1890,2140,250,13.23,44b0cb738e681924,1f163e5ad4c84541,116,116
配線材料,光ケーブル（ノンメタリック）,ＳＭ １．３１μｍ２００Ｃ（４芯テープスロット）,m,京都北部,03,2020,2290,270,13.37,c2d973f4c9fb0987,d5629db358fa5af7,116,116
配線材料,光ケーブル（ノンメタリック）,ＳＭ １．３１μｍ２２０Ｃ（４芯テープスロット）,m,京都北部,03,2500,2830,330,13.2,108489bf146d79e1,0c8ff111ea271400,116,116
配線材料,光ケーブル（ノンメタリック）,ＳＭ １．３１μｍ２４０Ｃ（４芯テープスロット）,m,京都北部,03,2630,2980,350,13.31,5c9b5fa70b9bec09,728de2694df853f2,116,116
配線材料,光ケーブル（ノンメタリック）,ＳＭ １．３１μｍ２６０Ｃ（４芯テープスロット）,m,京都北部,03,2760,3130,370,13.41,ce5cf6bb81eedcec,d3a1410c8059b669,116,116
配線材料,光ケーブル（ノンメタリック）,ＳＭ １．３１μｍ２８０Ｃ（４芯テープスロット）,m,京都北部,03,2890,3280,390,13.49,c5379519edd58e0f,d57910145416b847,116,116
配線材料,光ケーブル（ノンメタリック）,ＳＭ １．３１μｍ３００Ｃ（４芯テープスロット）,m,京都北部,03,3030,3430,400,13.2,48176b6e236c72c6,1149c5c33116db7e,116,116
配線材料,光ケーブル（ノンメタリック）,ＳＭ １．３１μｍ ２０Ｃ（４芯テープＳＳＦ）,m,京都北部,03,771,874,103,13.36,5273fb0c4583b096,758b3d87a5a39e23,116,116
配線材料,光ケーブル（ノンメタリック）,ＳＭ １．３１μｍ ４０Ｃ（４芯テープＳＳＦ）,m,京都北部,03,990,1120,130,13.13,fe3ffccc37254fb5,becc1aa1b55642df,116,116
配線材料,光ケーブル（ノンメタリック）,ＳＭ １．３１μｍ ６０Ｃ（４芯テープＳＳＦ）,m,京都北部,03,1120,1270,150,13.39,f7f01db8589953bd,2917c8e2686d3c00,116,116
配線材料,光ケーブル（ノンメタリック）,ＳＭ １．３１μｍ ８０Ｃ（４芯テープＳＳＦ）,m,京都北部,03,1280,1450,170,13.28,0093ff4df1fc0d71,f4471f4b21b8293b,116,116
配線材料,光ケーブル（ノンメタリック）,ＳＭ １．３１μｍ １００Ｃ（４芯テープＳＳＦ）,m,京都北部,03,1410,1600,190,13.48,37a81a2848032678,e994a3b70ef9c0da,116,116
配線材料,光ケーブル（ノンメタリック）,ＳＭ １．３１μｍ １２０Ｃ（４芯テープＳＳＦ）,m,京都北部,03,1740,1970,230,13.22,1147b19f1b9ffb10,7bdd871bc455011f,116,116
配線材料,光ケーブル（ノンメタリック）,ＳＭ １．３１μｍ １４０Ｃ（４芯テープＳＳＦ）,m,京都北部,03,1870,2120,250,13.37,f0f8046ffc2b5795,da3ca1ceddf89ec8,116,116
配線材料,光ケーブル（ノンメタリック）,ＳＭ １．３１μｍ １６０Ｃ（４芯テープＳＳＦ）,m,京都北部,03,2000,2270,270,13.5,b0f8eb4cdf3b1b87,52d163a137edba47,116,116
配線材料,光ケーブル（ノンメタリック）,ＳＭ １．３１μｍ １８０Ｃ（４芯テープＳＳＦ）,m,京都北部,03,2130,2420,290,13.62,c6877e55b3dd0cc9,5db54dd74f80edcf,116,116
配線材料,光ケーブル（ノンメタリック）,ＳＭ １．３１μｍ ２００Ｃ（４芯テープＳＳＦ）,m,京都北部,03,2260,2570,310,13.72,603235ebcdf9ccfb,d4d8446ec4e40e76,116,116
配線材料,光ケーブル（ノンメタリック）,ＳＭ １．３１μｍ ２２０Ｃ（４芯テープＳＳＦ）,m,京都北部,03,2740,3110,370,13.5,0b4a4cade2778752,38bc61437fe279b5,116,116
配線材料,光ケーブル（ノンメタリック）,ＳＭ １．３１μｍ ２４０Ｃ（４芯テープＳＳＦ）,m,京都北部,03,2880,3260,380,13.19,cd56abde52227331,5e8461614e572099,116,116
配線材料,光ケーブル（ノンメタリック）,ＳＭ １．３１μｍ ６０Ｃ（４芯テープスロット）,m,京都南部,04,876,992,116,13.24,7c8893edcf34ddaa,c2a99a8081a33e77,116,116
配線材料,光ケーブル（ノンメタリック）,ＳＭ １．３１μｍ ８０Ｃ（４芯テープスロット）,m,京都南部,04,1030,1170,140,13.59,670ad1b82ff72149,3f5fa1c0ce7e58fe,116,116
配線材料,光ケーブル（ノンメタリック）,ＳＭ １．３１μｍ１００Ｃ（４芯テープスロット）,m,京都南部,04,1170,1320,150,12.82,edf94a01ac1a8ab2,f8b96b93aa50865c,116,116
配線材料,光ケーブル（ノンメタリック）,ＳＭ １．３１μｍ１２０Ｃ（４芯テープスロット）,m,京都南部,04,1490,1690,200,13.42,1318feee4592f5c8,d516ba4531428a45,116,116
配線材料,光ケーブル（ノンメタリック）,ＳＭ １．３１μｍ１４０Ｃ（４芯テープスロット）,m,京都南部,04,1620,1840,220,13.58,3bab8e3fa8175c1d,e04540838946629c,116,116
配線材料,光ケーブル（ノンメタリック）,ＳＭ １．３１μｍ１６０Ｃ（４芯テープスロット）,m,京都南部,04,1750,1990,240,13.71,f573493583874fe2,e11f80d6dd6aeae2,116,116
配線材料,光ケーブル（ノンメタリック）,ＳＭ １．３１μｍ１８０Ｃ（４芯テープスロット）,m,京都南部,04,1890,2140,250,13.23,b0d21e0079f0ae03,4351734bb94c5404,116,116
配線材料,光ケーブル（ノンメタリック）,ＳＭ １．３１μｍ２００Ｃ（４芯テープスロット）,m,京都南部,04,2020,2290,270,13.37,c4bf6e070da0bd4b,11d9d4583e0ddbea,116,116
配線材料,光ケーブル（ノンメタリック）,ＳＭ １．３１μｍ２２０Ｃ（４芯テープスロット）,m,京都南部,04,2500,2830,330,13.2,ef04a2b590573efe,6331d64bcba21c37,116,116
配線材料,光ケーブル（ノンメタリック）,ＳＭ １．３１μｍ２４０Ｃ（４芯テープスロット）,m,京都南部,04,2630,2980,350,13.31,ee961003fdd6ea73,6062759122d03d8d,116,116
配線材料,光ケーブル（ノンメタリック）,ＳＭ １．３１μｍ２６０Ｃ（４芯テープスロット）,m,京都南部,04,2760,3130,370,13.41,278b10d876cb9b3f,4fee63377264af78,116,116
配線材料,光ケーブル（ノンメタリック）,ＳＭ １．３１μｍ２８０Ｃ（４芯テープスロット）,m,京都南部,04,2890,3280,390,13.49,a6f8cd33f6ab6ac1,f0cc64d9b1d78388,116,116
配線材料,光ケーブル（ノンメタリック）,ＳＭ １．３１μｍ３００Ｃ（４芯テープスロット）,m,京都南部,04,3030,3430,400,13.2,1a999a388ec29137,5a8561bf245d2eb4,116,116
配線材料,光ケーブル（ノンメタリック）,ＳＭ １．３１μｍ ２０Ｃ（４芯テープＳＳＦ）,m,京都南部,04,771,874,103,13.36,be4b2e90225668f7,123406b2004d06d0,116,116
配線材料,光ケーブル（ノンメタリック）,ＳＭ １．３１μｍ ４０Ｃ（４芯テープＳＳＦ）,m,京都南部,04,990,1120,130,13.13,b081bbaee5288b37,c8e208c7462e3155,116,116
配線材料,光ケーブル（ノンメタリック）,ＳＭ １．３１μｍ ６０Ｃ（４芯テープＳＳＦ）,m,京都南部,04,1120,1270,150,13.39,f01b0a44cdb797c0,9cf02e1625d899e0,116,116
配線材料,光ケーブル（ノンメタリック）,ＳＭ １．３１μｍ ８０Ｃ（４芯テープＳＳＦ）,m,京都南部,04,1280,1450,170,13.28,5c2ce5394df1a57e,19f67e2a2242cf32,116,116
配線材料,光ケーブル（ノンメタリック）,ＳＭ １．３１μｍ １００Ｃ（４芯テープＳＳＦ）,m,京都南部,04,1410,1600,190,13.48,09ab1716779f497d,22d05e815625a311,116,116
配線材料,光ケーブル（ノンメタリック）,ＳＭ １．３１μｍ １２０Ｃ（４芯テープＳＳＦ）,m,京都南部,04,1740,1970,230,13.22,a8fb7b05b499b278,b42fe02955d6a054,116,116
配線材料,光ケーブル（ノンメタリック）,ＳＭ １．３１μｍ １４０Ｃ（４芯テープＳＳＦ）,m,京都南部,04,1870,2120,250,13.37,51a6729abb20fb18,494299b60d7a2b63,116,116
配線材料,光ケーブル（ノンメタリック）,ＳＭ １．３１μｍ １６０Ｃ（４芯テープＳＳＦ）,m,京都南部,04,2000,2270,270,13.5,73e405e07a738822,b145b67aa160fe8d,116,116
配線材料,光ケーブル（ノンメタリック）,ＳＭ １．３１μｍ １８０Ｃ（４芯テープＳＳＦ）,m,京都南部,04,2130,2420,290,13.62,0200ec4afccf2844,249f1bf11eaf0acf,116,116
配線材料,光ケーブル（ノンメタリック）,ＳＭ １．３１μｍ ２００Ｃ（４芯テープＳＳＦ）,m,京都南部,04,2260,2570,310,13.72,20d8a98a3331e564,bc079d80708e6706,116,116
配線材料,光ケーブル（ノンメタリック）,ＳＭ １．３１μｍ ２２０Ｃ（４芯テープＳＳＦ）,m,京都南部,04,2740,3110,370,13.5,39d9e7a3ec00351b,4cca29c8b3d3457f,116,116
配線材料,光ケーブル（ノンメタリック）,ＳＭ １．３１μｍ ２４０Ｃ（４芯テープＳＳＦ）,m,京都南部,04,2880,3260,380,13.19,1a6c6f67aa2f0459,a1e024c69871cfc5,116,116
配線材料,光ケーブル（ノンメタリック）,ＳＭ １．３１μｍ ６０Ｃ（４芯テープスロット）,m,大阪,05,876,992,116,13.24,904bcbebc3591036,49eac341aea11b61,116,116
配線材料,光ケーブル（ノンメタリック）,ＳＭ １．３１μｍ ８０Ｃ（４芯テープスロット）,m,大阪,05,1030,1170,140,13.59,e24cb0780329b82e,3a08f1ac86a60d0a,116,116
配線材料,光ケーブル（ノンメタリック）,ＳＭ １．３１μｍ１００Ｃ（４芯テープスロット）,m,大阪,05,1170,1320,150,12.82,514715e3c93ef2a4,3643a81fcbc32111,116,116
配線材料,光ケーブル（ノンメタリック）,ＳＭ １．３１μｍ１２０Ｃ（４芯テープスロット）,m,大阪,05,1490,1690,200,13.42,1f68199d1014e524,f276b81ce3d69b52,116,116
配線材料,光ケーブル（ノンメタリック）,ＳＭ １．３１μｍ１４０Ｃ（４芯テープスロット）,m,大阪,05,1620,1840,220,13.58,cabd5c4a6183d5b4,1cf0ab80e7fa2cae,116,116
配線材料,光ケーブル（ノンメタリック）,ＳＭ １．３１μｍ１６０Ｃ（４芯テープスロット）,m,大阪,05,1750,1990,240,13.71,c81a6553ec1521ab,d5c1b0a34757bcb8,116,116
配線材料,光ケーブル（ノンメタリック）,ＳＭ １．３１μｍ１８０Ｃ（４芯テープスロット）,m,大阪,05,1890,2140,250,13.23,6a3b1c0e6d62a709,46c48b79105ceb3f,116,116
配線材料,光ケーブル（ノンメタリック）,ＳＭ １．３１μｍ２００Ｃ（４芯テープスロット）,m,大阪,05,2020,2290,270,13.37,924d297eac853a78,52f71fe77cca4772,116,116
配線材料,光ケーブル（ノンメタリック）,ＳＭ １．３１μｍ２２０Ｃ（４芯テープスロット）,m,大阪,05,2500,2830,330,13.2,a6e57aae23c7004b,b5ab136a1816fa5c,116,116
配線材料,光ケーブル（ノンメタリック）,ＳＭ １．３１μｍ２４０Ｃ（４芯テープスロット）,m,大阪,05,2630,2980,350,13.31,27ccbadb5a37a6c4,1275d89a4dcc37ba,116,116
配線材料,光ケーブル（ノンメタリック）,ＳＭ １．３１μｍ２６０Ｃ（４芯テープスロット）,m,大阪,05,2760,3130,370,13.41,08cd0d7388a7d57e,e8c1acbd8db79d8c,116,116
配線材料,光ケーブル（ノンメタリック）,ＳＭ １．３１μｍ２８０Ｃ（４芯テープスロット）,m,大阪,05,2890,3280,390,13.49,e34e9dc1726d7195,320d3ff9dc5ef412,116,116
配線材料,光ケーブル（ノンメタリック）,ＳＭ １．３１μｍ３００Ｃ（４芯テープスロット）,m,大阪,05,3030,3430,400,13.2,7a0acfedb69ba0cc,481350870a1a38c3,116,116
配線材料,光ケーブル（ノンメタリック）,ＳＭ １．３１μｍ ２０Ｃ（４芯テープＳＳＦ）,m,大阪,05,771,874,103,13.36,f45362261f4b4ea3,dfc60df1d552c9ba,116,116
配線材料,光ケーブル（ノンメタリック）,ＳＭ １．３１μｍ ４０Ｃ（４芯テープＳＳＦ）,m,大阪,05,990,1120,130,13.13,393ed83dd0a1e926,9f23da4235d4b413,116,116
配線材料,光ケーブル（ノンメタリック）,ＳＭ １．３１μｍ ６０Ｃ（４芯テープＳＳＦ）,m,大阪,05,1120,1270,150,13.39,fb29c8f8c9941318,a86a709b37fb19d5,116,116
配線材料,光ケーブル（ノンメタリック）,ＳＭ １．３１μｍ ８０Ｃ（４芯テープＳＳＦ）,m,大阪,05,1280,1450,170,13.28,f3612c5e70656bf9,5096ae246b2bbf35,116,116
配線材料,光ケーブル（ノンメタリック）,ＳＭ １．３１μｍ １００Ｃ（４芯テープＳＳＦ）,m,大阪,05,1410,1600,190,13.48,b0fbea41946cd65d,f2b7bcb01bbc26ca,116,116
配線材料,光ケーブル（ノンメタリック）,ＳＭ １．３１μｍ １２０Ｃ（４芯テープＳＳＦ）,m,大阪,05,1740,1970,230,13.22,9653249f3023402e,1440062999087af2,116,116
配線材料,光ケーブル（ノンメタリック）,ＳＭ １．３１μｍ １４０Ｃ（４芯テープＳＳＦ）,m,大阪,05,1870,2120,250,13.37,803ed00436ebc260,fc62085ff4295aa0,116,116
配線材料,光ケーブル（ノンメタリック）,ＳＭ １．３１μｍ １６０Ｃ（４芯テープＳＳＦ）,m,大阪,05,2000,2270,270,13.5,49b8b5c692b7bada,791877b3faada2be,116,116
配線材料,光ケーブル（ノンメタリック）,ＳＭ １．３１μｍ １８０Ｃ（４芯テープＳＳＦ）,m,大阪,05,2130,2420,290,13.62,f6fafe50cefc1949,bef9d7000df77107,116,116
配線材料,光ケーブル（ノンメタリック）,ＳＭ １．３１μｍ ２００Ｃ（４芯テープＳＳＦ）,m,大阪,05,2260,2570,310,13.72,4eb12e44436db94f,52f62084a8a9ad1a,116,116
配線材料,光ケーブル（ノンメタリック）,ＳＭ １．３１μｍ ２２０Ｃ（４芯テープＳＳＦ）,m,大阪,05,2740,3110,370,13.5,851c2fbfec0ada87,ef2d796662a13822,116,116
配線材料,光ケーブル（ノンメタリック）,ＳＭ １．３１μｍ ２４０Ｃ（４芯テープＳＳＦ）,m,大阪,05,2880,3260,380,13.19,c667fd003ac8a264,4aced37604771057,116,116
配線材料,光ケーブル（ノンメタリック）,ＳＭ １．３１μｍ ６０Ｃ（４芯テープスロット）,m,兵庫北部,06,876,992,116,13.24,386b294ee05729a1,fd2ca5ab3e282e00,116,116
配線材料,光ケーブル（ノンメタリック）,ＳＭ １．３１μｍ ８０Ｃ（４芯テープスロット）,m,兵庫北部,06,1030,1170,140,13.59,f2958dc7e95b0346,1b517bab97b8fb60,116,116
配線材料,光ケーブル（ノンメタリック）,ＳＭ １．３１μｍ１００Ｃ（４芯テープスロット）,m,兵庫北部,06,1170,1320,150,12.82,9f15089594381c6c,3978102247b35887,116,116
配線材料,光ケーブル（ノンメタリック）,ＳＭ １．３１μｍ１２０Ｃ（４芯テープスロット）,m,兵庫北部,06,1490,1690,200,13.42,cc5f4a46e3c6309b,403e0b4350a461f1,116,116
配線材料,光ケーブル（ノンメタリック）,ＳＭ １．３１μｍ１４０Ｃ（４芯テープスロット）,m,兵庫北部,06,1620,1840,220,13.58,7460f1001a6252df,c28ad6c49f97c61b,116,116
配線材料,光ケーブル（ノンメタリック）,ＳＭ １．３１μｍ１６０Ｃ（４芯テープスロット）,m,兵庫北部,06,1750,1990,240,13.71,7b9c00526a8e1775,11d259244095b772,116,116
配線材料,光ケーブル（ノンメタリック）,ＳＭ １．３１μｍ１８０Ｃ（４芯テープスロット）,m,兵庫北部,06,1890,2140,250,13.23,4bf2cc95df28482b,285e50a8bc1c8cbc,116,116
配線材料,光ケーブル（ノンメタリック）,ＳＭ １．３１μｍ２００Ｃ（４芯テープスロット）,m,兵庫北部,06,2020,2290,270,13.37,303216b33dc5541d,d7f1a835b5222509,116,116
配線材料,光ケーブル（ノンメタリック）,ＳＭ １．３１μｍ２２０Ｃ（４芯テープスロット）,m,兵庫北部,06,2500,2830,330,13.2,86a653dcd6813121,60e52a15796ad777,116,116
配線材料,光ケーブル（ノンメタリック）,ＳＭ １．３１μｍ２４０Ｃ（４芯テープスロット）,m,兵庫北部,06,2630,2980,350,13.31,61e24cc1392a338e,55b48e31a1700707,116,116
配線材料,光ケーブル（ノンメタリック）,ＳＭ １．３１μｍ２６０Ｃ（４芯テープスロット）,m,兵庫北部,06,2760,3130,370,13.41,8064ef80c06887fc,25e481c8bd8f2816,116,116
配線材料,光ケーブル（ノンメタリック）,ＳＭ １．３１μｍ２８０Ｃ（４芯テープスロット）,m,兵庫北部,06,2890,3280,390,13.49,967aef58e6c23046,5a2f8683aa3be147,116,116
配線材料,光ケーブル（ノンメタリック）,ＳＭ １．３１μｍ３００Ｃ（４芯テープスロット）,m,兵庫北部,06,3030,3430,400,13.2,4f9b663b013471df,642c926fed34b4dc,116,116
配線材料,光ケーブル（ノンメタリック）,ＳＭ １．３１μｍ ２０Ｃ（４芯テープＳＳＦ）,m,兵庫北部,06,771,874,103,13.36,d35ce5a12a5618f5,1affd4c82e32e888,116,116
配線材料,光ケーブル（ノンメタリック）,ＳＭ １．３１μｍ ４０Ｃ（４芯テープＳＳＦ）,m,兵庫北部,06,990,1120,130,13.13,83389f1f1bbb378c,0976bcb548185cb7,116,116
配線材料,光ケーブル（ノンメタリック）,ＳＭ １．３１μｍ ６０Ｃ（４芯テープＳＳＦ）,m,兵庫北部,06,1120,1270,150,13.39,9cc4c2e42c7c41f5,28b29132eb00af13,116,116
配線材料,光ケーブル（ノンメタリック）,ＳＭ １．３１μｍ ８０Ｃ（４芯テープＳＳＦ）,m,兵庫北部,06,1280,1450,170,13.28,ca3ba0849aebe368,9c4c9b8033118c6d,116,116
配線材料,光ケーブル（ノンメタリック）,ＳＭ １．３１μｍ １００Ｃ（４芯テープＳＳＦ）,m,兵庫北部,06,1410,1600,190,13.48,1d1c8adacee50376,6412ea36f61ba225,116,116
配線材料,光ケーブル（ノンメタリック）,ＳＭ １．３１μｍ １２０Ｃ（４芯テープＳＳＦ）,m,兵庫北部,06,1740,1970,230,13.22,b6b72c706799620e,e7e90401e3b23996,116,116
配線材料,光ケーブル（ノンメタリック）,ＳＭ １．３１μｍ １４０Ｃ（４芯テープＳＳＦ）,m,兵庫北部,06,1870,2120,250,13.37,73dbfa9d46044986,25f79d42ce09a4a6,116,116
配線材料,光ケーブル（ノンメタリック）,ＳＭ １．３１μｍ １６０Ｃ（４芯テープＳＳＦ）,m,兵庫北部,06,2000,2270,270,13.5,86f0b14c96b97fad,f7e7f7700b4fd533,116,116
配線材料,光ケーブル（ノンメタリック）,ＳＭ １．３１μｍ １８０Ｃ（４芯テープＳＳＦ）,m,兵庫北部,06,2130,2420,290,13.62,c74d4c82bb3cedc2,2f5db3bbaec100c4,116,116
配線材料,光ケーブル（ノンメタリック）,ＳＭ １．３１μｍ ２００Ｃ（４芯テープＳＳＦ）,m,兵庫北部,06,2260,2570,310,13.72,738e4d57c41109f9,a57a3afa96acbc49,116,116
配線材料,光ケーブル（ノンメタリック）,ＳＭ １．３１μｍ ２２０Ｃ（４芯テープＳＳＦ）,m,兵庫北部,06,2740,3110,370,13.5,66760a73815c8dfc,1e4ba78589c4bc4f,116,116
配線材料,光ケーブル（ノンメタリック）,ＳＭ １．３１μｍ ２４０Ｃ（４芯テープＳＳＦ）,m,兵庫北部,06,2880,3260,380,13.19,b7360323d20cd3dc,ceca726139624740,116,116
配線材料,光ケーブル（ノンメタリック）,ＳＭ １．３１μｍ ６０Ｃ（４芯テープスロット）,m,兵庫西部,07,876,992,116,13.24,0ad1dbc807adbc8f,2fea5a09675904eb,116,116
配線材料,光ケーブル（ノンメタリック）,ＳＭ １．３１μｍ ８０Ｃ（４芯テープスロット）,m,兵庫西部,07,1030,1170,140,13.59,91f098ba5f045bcd,a17dca1aba5c9d05,116,116
配線材料,光ケーブル（ノンメタリック）,ＳＭ １．３１μｍ１００Ｃ（４芯テープスロット）,m,兵庫西部,07,1170,1320,150,12.82,38a862924fb4c9db,7e7c0d32d3281ce6,116,116
配線材料,光ケーブル（ノンメタリック）,ＳＭ １．３１μｍ１２０Ｃ（４芯テープスロット）,m,兵庫西部,07,1490,1690,200,13.42,4684941148f994be,9fee95e4068a6aba,116,116
配線材料,光ケーブル（ノンメタリック）,ＳＭ １．３１μｍ１４０Ｃ（４芯テープスロット）,m,兵庫西部,07,1620,1840,220,13.58,3951a168b740ee3a,9e46cdc51f984084,116,116
配線材料,光ケーブル（ノンメタリック）,ＳＭ １．３１μｍ１６０Ｃ（４芯テープスロット）,m,兵庫西部,07,1750,1990,240,13.71,ef7c9ab2fee73274,593835a9cb5904cb,116,116
配線材料,光ケーブル（ノンメタリック）,ＳＭ １．３１μｍ１８０Ｃ（４芯テープスロット）,m,兵庫西部,07,1890,2140,250,13.23,738dcc9bfacf9ef2,5eb9a231df7c8ca0,116,116
配線材料,光ケーブル（ノンメタリック）,ＳＭ １．３１μｍ２００Ｃ（４芯テープスロット）,m,兵庫西部,07,2020,2290,270,13.37,92c7b835ba3114c8,b1d8d1e6e601b36b,116,116
配線材料,光ケーブル（ノンメタリック）,ＳＭ １．３１μｍ２２０Ｃ（４芯テープスロット）,m,兵庫西部,07,2500,2830,330,13.2,244eb82fe0df12c6,b12ef9585054ae82,116,116
配線材料,光ケーブル（ノンメタリック）,ＳＭ １．３１μｍ２４０Ｃ（４芯テープスロット）,m,兵庫西部,07,2630,2980,350,13.31,e3be440647cb18b3,c783a006b7ede78d,116,116
配線材料,光ケーブル（ノンメタリック）,ＳＭ １．３１μｍ２６０Ｃ（４芯テープスロット）,m,兵庫西部,07,2760,3130,370,13.41,0acec8e605b0d094,eac473e2f0681d3a,116,116
配線材料,光ケーブル（ノンメタリック）,ＳＭ １．３１μｍ２８０Ｃ（４芯テープスロット）,m,兵庫西部,07,2890,3280,390,13.49,f0eee20a3b6d27d8,7e74e24f3adc4d65,116,116
配線材料,光ケーブル（ノンメタリック）,ＳＭ １．３１μｍ３００Ｃ（４芯テープスロット）,m,兵庫西部,07,3030,3430,400,13.2,8af1028066ab9b84,299d3ca747d99e10,116,116
配線材料,光ケーブル（ノンメタリック）,ＳＭ １．３１μｍ ２０Ｃ（４芯テープＳＳＦ）,m,兵庫西部,07,771,874,103,13.36,6d17e59347a66e68,6d73043a20456ce3,116,116
配線材料,光ケーブル（ノンメタリック）,ＳＭ １．３１μｍ ４０Ｃ（４芯テープＳＳＦ）,m,兵庫西部,07,990,1120,130,13.13,651b13538dc08174,3b64d1249a9b3d4b,116,116
配線材料,光ケーブル（ノンメタリック）,ＳＭ １．３１μｍ ６０Ｃ（４芯テープＳＳＦ）,m,兵庫西部,07,1120,1270,150,13.39,d32770b18bcc6a4c,d79ce8ff78828530,116,116
配線材料,光ケーブル（ノンメタリック）,ＳＭ １．３１μｍ ８０Ｃ（４芯テープＳＳＦ）,m,兵庫西部,07,1280,1450,170,13.28,271abcaabd8b6512,e7bb5e4d9421ae8e,116,116
配線材料,光ケーブル（ノンメタリック）,ＳＭ １．３１μｍ １００Ｃ（４芯テープＳＳＦ）,m,兵庫西部,07,1410,1600,190,13.48,d5d8ae68c9ab3c11,8eb82ffc7377ec8a,116,116
配線材料,光ケーブル（ノンメタリック）,ＳＭ １．３１μｍ １２０Ｃ（４芯テープＳＳＦ）,m,兵庫西部,07,1740,1970,230,13.22,cb92dcf885787732,76c2e4bbffedae54,116,116
配線材料,光ケーブル（ノンメタリック）,ＳＭ １．３１μｍ １４０Ｃ（４芯テープＳＳＦ）,m,兵庫西部,07,1870,2120,250,13.37,3a30376175465117,733273e51ad4540f,116,116
配線材料,光ケーブル（ノンメタリック）,ＳＭ １．３１μｍ １６０Ｃ（４芯テープＳＳＦ）,m,兵庫西部,07,2000,2270,270,13.5,baa7b46f8443a9b1,432dec7a6ef2b7eb,116,116
配線材料,光ケーブル（ノンメタリック）,ＳＭ １．３１μｍ １８０Ｃ（４芯テープＳＳＦ）,m,兵庫西部,07,2130,2420,290,13.62,6eda5e14f11716f6,7b1c8ca0a682b7bd,116,116
配線材料,光ケーブル（ノンメタリック）,ＳＭ １．３１μｍ ２００Ｃ（４芯テープＳＳＦ）,m,兵庫西部,07,2260,2570,310,13.72,f8e768484bd2dd96,550fc2bd57901e32,116,116
配線材料,光ケーブル（ノンメタリック）,ＳＭ １．３１μｍ ２２０Ｃ（４芯テープＳＳＦ）,m,兵庫西部,07,2740,3110,370,13.5,95e6da67b173e511,fc20199fc8bd2394,116,116
配線材料,光ケーブル（ノンメタリック）,ＳＭ １．３１μｍ ２４０Ｃ（４芯テープＳＳＦ）,m,兵庫西部,07,2880,3260,380,13.19,8ad74f59fec47f9c,2fa7a4c6fd3aa5f1,116,116
配線材料,光ケーブル（ノンメタリック）,ＳＭ １．３１μｍ ６０Ｃ（４芯テープスロット）,m,兵庫,08,876,992,116,13.24,d75a5192fac2b9cd,2a7afe05c5f93ec9,116,116
配線材料,光ケーブル（ノンメタリック）,ＳＭ １．３１μｍ ８０Ｃ（４芯テープスロット）,m,兵庫,08,1030,1170,140,13.59,23f0c85e5ce40178,4f2a1ff741d51493,116,116
配線材料,光ケーブル（ノンメタリック）,ＳＭ １．３１μｍ１００Ｃ（４芯テープスロット）,m,兵庫,08,1170,1320,150,12.82,f607433ce339d6f7,27c9e5c927c88026,116,116
配線材料,光ケーブル（ノンメタリック）,ＳＭ １．３１μｍ１２０Ｃ（４芯テープスロット）,m,兵庫,08,1490,1690,200,13.42,8255fab6f27962f7,82dc8f19763993b1,116,116
配線材料,光ケーブル（ノンメタリック）,ＳＭ １．３１μｍ１４０Ｃ（４芯テープスロット）,m,兵庫,08,1620,1840,220,13.58,5e7f5924331bb8c5,7b901285c06aa511,116,116
配線材料,光ケーブル（ノンメタリック）,ＳＭ １．３１μｍ１６０Ｃ（４芯テープスロット）,m,兵庫,08,1750,1990,240,13.71,c37ea800cdffc7fc,756a016d3ee4d2ad,116,116
配線材料,光ケーブル（ノンメタリック）,ＳＭ １．３１μｍ１８０Ｃ（４芯テープスロット）,m,兵庫,08,1890,2140,250,13.23,1a990d6e903594ab,116eb9d0a9dfc24c,116,116
配線材料,光ケーブル（ノンメタリック）,ＳＭ １．３１μｍ２００Ｃ（４芯テープスロット）,m,兵庫,08,2020,2290,270,13.37,cb955fce6cab57eb,ac954b7b83d45213,116,116
配線材料,光ケーブル（ノンメタリック）,ＳＭ １．３１μｍ２２０Ｃ（４芯テープスロット）,m,兵庫,08,2500,2830,330,13.2,1582e9a3b2555d24,68f5ddfc4e333d4f,116,116
配線材料,光ケーブル（ノンメタリック）,ＳＭ １．３１μｍ２４０Ｃ（４芯テープスロット）,m,兵庫,08,2630,2980,350,13.31,d234242178deab5a,d9de5b716ad4fac2,116,116
配線材料,光ケーブル（ノンメタリック）,ＳＭ １．３１μｍ２６０Ｃ（４芯テープスロット）,m,兵庫,08,2760,3130,370,13.41,6f4366a6c6b2d759,a744f7c728487973,116,116
配線材料,光ケーブル（ノンメタリック）,ＳＭ １．３１μｍ２８０Ｃ（４芯テープスロット）,m,兵庫,08,2890,3280,390,13.49,84a08464f1bd53b0,076ac0ed9df969a7,116,116
配線材料,光ケーブル（ノンメタリック）,ＳＭ １．３１μｍ３００Ｃ（４芯テープスロット）,m,兵庫,08,3030,3430,400,13.2,de54424ea149b592,a954e8bb7a33e610,116,116
配線材料,光ケーブル（ノンメタリック）,ＳＭ １．３１μｍ ２０Ｃ（４芯テープＳＳＦ）,m,兵庫,08,771,874,103,13.36,fd84ca9a34919299,f18aa1acc5a3bc49,116,116
配線材料,光ケーブル（ノンメタリック）,ＳＭ １．３１μｍ ４０Ｃ（４芯テープＳＳＦ）,m,兵庫,08,990,1120,130,13.13,d11192951963ad52,048e3b7cb0a9b283,116,116
配線材料,光ケーブル（ノンメタリック）,ＳＭ １．３１μｍ ６０Ｃ（４芯テープＳＳＦ）,m,兵庫,08,1120,1270,150,13.39,768e7673320bf9a4,d7ff1087c4ba6a40,116,116
配線材料,光ケーブル（ノンメタリック）,ＳＭ １．３１μｍ ８０Ｃ（４芯テープＳＳＦ）,m,兵庫,08,1280,1450,170,13.28,9e783ef879cbb56a,78bb36571239614c,116,116
配線材料,光ケーブル（ノンメタリック）,ＳＭ １．３１μｍ １００Ｃ（４芯テープＳＳＦ）,m,兵庫,08,1410,1600,190,13.48,405902b77f8a12a5,63a4b6ceb202fae4,116,116
配線材料,光ケーブル（ノンメタリック）,ＳＭ １．３１μｍ １２０Ｃ（４芯テープＳＳＦ）,m,兵庫,08,1740,1970,230,13.22,15eb9757f805e77f,a3cabb3e1a6fed49,116,116
配線材料,光ケーブル（ノンメタリック）,ＳＭ １．３１μｍ １４０Ｃ（４芯テープＳＳＦ）,m,兵庫,08,1870,2120,250,13.37,15b20f5ebce1857e,eb0f70cb7a034209,116,116
配線材料,光ケーブル（ノンメタリック）,ＳＭ １．３１μｍ １６０Ｃ（４芯テープＳＳＦ）,m,兵庫,08,2000,2270,270,13.5,f53137a96ef0b120,cbbd8765d2fa4f4e,116,116
配線材料,光ケーブル（ノンメタリック）,ＳＭ １．３１μｍ １８０Ｃ（４芯テープＳＳＦ）,m,兵庫,08,2130,2420,290,13.62,29002c611b71ab2f,4888382e8b642c5e,116,116
配線材料,光ケーブル（ノンメタリック）,ＳＭ １．３１μｍ ２００Ｃ（４芯テープＳＳＦ）,m,兵庫,08,2260,2570,310,13.72,1b4c3f4174ac7495,c1c4897d203c8dcd,116,116
配線材料,光ケーブル（ノンメタリック）,ＳＭ １．３１μｍ ２２０Ｃ（４芯テープＳＳＦ）,m,兵庫,08,2740,3110,370,13.5,8a345c48b7d66345,bd9b1e6e2a148cf6,116,116
配線材料,光ケーブル（ノンメタリック）,ＳＭ １．３１μｍ ２４０Ｃ（４芯テープＳＳＦ）,m,兵庫,08,2880,3260,380,13.19,2399a8b7b7b77294,961c18e6bd4c86e5,116,116
配線材料,光ケーブル（ノンメタリック）,ＳＭ １．３１μｍ ６０Ｃ（４芯テープスロット）,m,奈良,09,876,992,116,13.24,37abc1e555cb93b6,702b5513ced361a6,116,116
配線材料,光ケーブル（ノンメタリック）,ＳＭ １．３１μｍ ８０Ｃ（４芯テープスロット）,m,奈良,09,1030,1170,140,13.59,d2a3515574330cc8,5a8c82354679bace,116,116
配線材料,光ケーブル（ノンメタリック）,ＳＭ １．３１μｍ１００Ｃ（４芯テープスロット）,m,奈良,09,1170,1320,150,12.82,f2ec4a02e0f9a35a,2e53795987206f4e,116,116
配線材料,光ケーブル（ノンメタリック）,ＳＭ １．３１μｍ１２０Ｃ（４芯テープスロット）,m,奈良,09,1490,1690,200,13.42,84c2c95ad6127fdd,e31f146457110726,116,116
配線材料,光ケーブル（ノンメタリック）,ＳＭ １．３１μｍ１４０Ｃ（４芯テープスロット）,m,奈良,09,1620,1840,220,13.58,05f924626cbabfc7,b8469ee187ce5c47,116,116
配線材料,光ケーブル（ノンメタリック）,ＳＭ １．３１μｍ１６０Ｃ（４芯テープスロット）,m,奈良,09,1750,1990,240,13.71,5979318f6bb9a1ee,36b591cc9d5be238,116,116
配線材料,光ケーブル（ノンメタリック）,ＳＭ １．３１μｍ１８０Ｃ（４芯テープスロット）,m,奈良,09,1890,2140,250,13.23,956be3b99f461b4e,3b59e58b9bf40519,116,116
配線材料,光ケーブル（ノンメタリック）,ＳＭ １．３１μｍ２００Ｃ（４芯テープスロット）,m,奈良,09,2020,2290,270,13.37,d607f916a7f59531,6c47b1d7b2322d63,116,116
配線材料,光ケーブル（ノンメタリック）,ＳＭ １．３１μｍ２２０Ｃ（４芯テープスロット）,m,奈良,09,2500,2830,330,13.2,49078410dfdbc2b9,11e6ea97480dc723,116,116
配線材料,光ケーブル（ノンメタリック）,ＳＭ １．３１μｍ２４０Ｃ（４芯テープスロット）,m,奈良,09,2630,2980,350,13.31,03115c9989b47fd1,1296cdabbe4b757e,116,116
配線材料,光ケーブル（ノンメタリック）,ＳＭ １．３１μｍ２６０Ｃ（４芯テープスロット）,m,奈良,09,2760,3130,370,13.41,4bc905042bce3b02,658c152aed7a3577,116,116
配線材料,光ケーブル（ノンメタリック）,ＳＭ １．３１μｍ２８０Ｃ（４芯テープスロット）,m,奈良,09,2890,3280,390,13.49,ceca0d87c9588a0a,3602df831ef32438,116,116
配線材料,光ケーブル（ノンメタリック）,ＳＭ １．３１μｍ３００Ｃ（４芯テープスロット）,m,奈良,09,3030,3430,400,13.2,b4d8f4c464ee7295,3c95c628e0f86972,116,116
配線材料,光ケーブル（ノンメタリック）,ＳＭ １．３１μｍ ２０Ｃ（４芯テープＳＳＦ）,m,奈良,09,771,874,103,13.36,6cdafa854ec249e2,97ab84394d512749,116,116
配線材料,光ケーブル（ノンメタリック）,ＳＭ １．３１μｍ ４０Ｃ（４芯テープＳＳＦ）,m,奈良,09,990,1120,130,13.13,1d64a7ea2dbbf04d,5dbf1f44d0738b19,116,116
配線材料,光ケーブル（ノンメタリック）,ＳＭ １．３１μｍ ６０Ｃ（４芯テープＳＳＦ）,m,奈良,09,1120,1270,150,13.39,a85f8ec72a6cc2e2,b085037780410ca1,116,116
配線材料,光ケーブル（ノンメタリック）,ＳＭ １．３１μｍ ８０Ｃ（４芯テープＳＳＦ）,m,奈良,09,1280,1450,170,13.28,c17a740156240cc7,4373e2855b0a0c2d,116,116
配線材料,光ケーブル（ノンメタリック）,ＳＭ １．３１μｍ １００Ｃ（４芯テープＳＳＦ）,m,奈良,09,1410,1600,190,13.48,0b59f4d376fd4276,8064c82247cc60cd,116,116
配線材料,光ケーブル（ノンメタリック）,ＳＭ １．３１μｍ １２０Ｃ（４芯テープＳＳＦ）,m,奈良,09,1740,1970,230,13.22,31ca3ddf1decf2cc,b2728c8e66b8a8a4,116,116
配線材料,光ケーブル（ノンメタリック）,ＳＭ １．３１μｍ １４０Ｃ（４芯テープＳＳＦ）,m,奈良,09,1870,2120,250,13.37,bed9ed6678527faf,3851271748e3b679,116,116
配線材料,光ケーブル（ノンメタリック）,ＳＭ １．３１μｍ １６０Ｃ（４芯テープＳＳＦ）,m,奈良,09,2000,2270,270,13.5,89a6805a9e0540ac,391b76b25df7339d,116,116
配線材料,光ケーブル（ノンメタリック）,ＳＭ １．３１μｍ １８０Ｃ（４芯テープＳＳＦ）,m,奈良,09,2130,2420,290,13.62,c09b76a673116220,0471095ff93daad5,116,116
配線材料,光ケーブル（ノンメタリック）,ＳＭ １．３１μｍ ２００Ｃ（４芯テープＳＳＦ）,m,奈良,09,2260,2570,310,13.72,95b0f064184d22e4,a603340b850eb300,116,116
配線材料,光ケーブル（ノンメタリック）,ＳＭ １．３１μｍ ２２０Ｃ（４芯テープＳＳＦ）,m,奈良,09,2740,3110,370,13.5,205ff21b0999b47d,ef2e1fda11c07bd6,116,116
配線材料,光ケーブル（ノンメタリック）,ＳＭ １．３１μｍ ２４０Ｃ（４芯テープＳＳＦ）,m,奈良,09,2880,3260,380,13.19,46648028f993800a,38b87afc790840df,116,116
配線材料,光ケーブル（ノンメタリック）,ＳＭ １．３１μｍ ６０Ｃ（４芯テープスロット）,m,和歌山,10,876,992,116,13.24,f755239284405d31,0ea0585ef16b51ac,116,116
配線材料,光ケーブル（ノンメタリック）,ＳＭ １．３１μｍ ８０Ｃ（４芯テープスロット）,m,和歌山,10,1030,1170,140,13.59,c5fa8385aa530adf,1a370297ea825947,116,116
配線材料,光ケーブル（ノンメタリック）,ＳＭ １．３１μｍ１００Ｃ（４芯テープスロット）,m,和歌山,10,1170,1320,150,12.82,ef0f0935c0bb51ee,43da7d77e78d8fff,116,116
配線材料,光ケーブル（ノンメタリック）,ＳＭ １．３１μｍ１２０Ｃ（４芯テープスロット）,m,和歌山,10,1490,1690,200,13.42,d0522bc8c3f51876,163b3966d08ce67e,116,116
配線材料,光ケーブル（ノンメタリック）,ＳＭ １．３１μｍ１４０Ｃ（４芯テープスロット）,m,和歌山,10,1620,1840,220,13.58,011100518639fcb4,a93c1b3d28d77567,116,116
配線材料,光ケーブル（ノンメタリック）,ＳＭ １．３１μｍ１６０Ｃ（４芯テープスロット）,m,和歌山,10,1750,1990,240,13.71,39b87c2dbd3272e2,02113b1dc0503486,116,116
配線材料,光ケーブル（ノンメタリック）,ＳＭ １．３１μｍ１８０Ｃ（４芯テープスロット）,m,和歌山,10,1890,2140,250,13.23,baaf493f758a747f,cd2e128f273bbb38,116,116
配線材料,光ケーブル（ノンメタリック）,ＳＭ １．３１μｍ２００Ｃ（４芯テープスロット）,m,和歌山,10,2020,2290,270,13.37,b843c2d47ee0034c,725e5eb437a773cc,116,116
配線材料,光ケーブル（ノンメタリック）,ＳＭ １．３１μｍ２２０Ｃ（４芯テープスロット）,m,和歌山,10,2500,2830,330,13.2,76565f51ced8b52e,44f4bffc0bd28b69,116,116
配線材料,光ケーブル（ノンメタリック）,ＳＭ １．３１μｍ２４０Ｃ（４芯テープスロット）,m,和歌山,10,2630,2980,350,13.31,ca41373cd66e881d,198a450216f066a1,116,116
配線材料,光ケーブル（ノンメタリック）,ＳＭ １．３１μｍ２６０Ｃ（４芯テープスロット）,m,和歌山,10,2760,3130,370,13.41,d42ab67bd4cbd021,75842f59d2eeefd6,116,116
配線材料,光ケーブル（ノンメタリック）,ＳＭ １．３１μｍ２８０Ｃ（４芯テープスロット）,m,和歌山,10,2890,3280,390,13.49,02904a12809b1bb9,4e1ce408426e30cd,116,116
配線材料,光ケーブル（ノンメタリック）,ＳＭ １．３１μｍ３００Ｃ（４芯テープスロット）,m,和歌山,10,3030,3430,400,13.2,c56c12f6a462c970,8d54908f7d7a93ab,116,116
配線材料,光ケーブル（ノンメタリック）,ＳＭ １．３１μｍ ２０Ｃ（４芯テープＳＳＦ）,m,和歌山,10,771,874,103,13.36,4dc410b509a6fdd0,7e89c435f999853f,116,116
配線材料,光ケーブル（ノンメタリック）,ＳＭ １．３１μｍ ４０Ｃ（４芯テープＳＳＦ）,m,和歌山,10,990,1120,130,13.13,d7cf24dd366df6cb,e338ecc42ab8abfa,116,116
配線材料,光ケーブル（ノンメタリック）,ＳＭ １．３１μｍ ６０Ｃ（４芯テープＳＳＦ）,m,和歌山,10,1120,1270,150,13.39,32b4b4e817d5ef2f,091393a0304ef877,116,116
配線材料,光ケーブル（ノンメタリック）,ＳＭ １．３１μｍ ８０Ｃ（４芯テープＳＳＦ）,m,和歌山,10,1280,1450,170,13.28,4ecf3b18cda42b5c,5c5fa883635779e7,116,116
配線材料,光ケーブル（ノンメタリック）,ＳＭ １．３１μｍ １００Ｃ（４芯テープＳＳＦ）,m,和歌山,10,1410,1600,190,13.48,447e0a92681610d8,366a3332d2b4036f,116,116
配線材料,光ケーブル（ノンメタリック）,ＳＭ １．３１μｍ １２０Ｃ（４芯テープＳＳＦ）,m,和歌山,10,1740,1970,230,13.22,3a1614d5b67884d5,4d617d831b2696ba,116,116
配線材料,光ケーブル（ノンメタリック）,ＳＭ １．３１μｍ １４０Ｃ（４芯テープＳＳＦ）,m,和歌山,10,1870,2120,250,13.37,c959ccf4f4c94998,496f1e91463a43b3,116,116
配線材料,光ケーブル（ノンメタリック）,ＳＭ １．３１μｍ １６０Ｃ（４芯テープＳＳＦ）,m,和歌山,10,2000,2270,270,13.5,f920a21aa8d0bf5b,397d3c131dae42c2,116,116
配線材料,光ケーブル（ノンメタリック）,ＳＭ １．３１μｍ １８０Ｃ（４芯テープＳＳＦ）,m,和歌山,10,2130,2420,290,13.62,ee79dc31ed4976c8,6b397182d36d18f2,116,116
配線材料,光ケーブル（ノンメタリック）,ＳＭ １．３１μｍ ２００Ｃ（４芯テープＳＳＦ）,m,和歌山,10,2260,2570,310,13.72,3374fbc0fe8b8fb3,4ee2f6cc5a17e4bd,116,116
配線材料,光ケーブル（ノンメタリック）,ＳＭ １．３１μｍ ２２０Ｃ（４芯テープＳＳＦ）,m,和歌山,10,2740,3110,370,13.5,998d91a6dcb231e3,d3549c6792ebc36c,116,116
配線材料,光ケーブル（ノンメタリック）,ＳＭ １．３１μｍ ２４０Ｃ（４芯テープＳＳＦ）,m,和歌山,10,2880,3260,380,13.19,aad64b150b0d672c,a360d1e89eb0ed41,116,116
配線材料,光ケーブル（ノンメタリック）,ＳＭ １．３１μｍ ６０Ｃ（４芯テープスロット）,m,岐阜,11,876,992,116,13.24,d2a9c27e93f5e35e,578e9285709247aa,116,116
配線材料,光ケーブル（ノンメタリック）,ＳＭ １．３１μｍ ８０Ｃ（４芯テープスロット）,m,岐阜,11,1030,1170,140,13.59,71640910132858fe,c76a0739ef325435,116,116
配線材料,光ケーブル（ノンメタリック）,ＳＭ １．３１μｍ１００Ｃ（４芯テープスロット）,m,岐阜,11,1170,1320,150,12.82,e8d4ff4ab1a3e4d1,5f13c02d8d159de2,116,116
配線材料,光ケーブル（ノンメタリック）,ＳＭ １．３１μｍ１２０Ｃ（４芯テープスロット）,m,岐阜,11,1490,1690,200,13.42,32009f28f90531a0,af61467faee48fd5,116,116
配線材料,光ケーブル（ノンメタリック）,ＳＭ １．３１μｍ１４０Ｃ（４芯テープスロット）,m,岐阜,11,1620,1840,220,13.58,c2de98d2213acf90,b0d7efedda5a9869,116,116
配線材料,光ケーブル（ノンメタリック）,ＳＭ １．３１μｍ１６０Ｃ（４芯テープスロット）,m,岐阜,11,1750,1990,240,13.71,542f6cef243a830e,3993dd5b911e30e2,116,116
配線材料,光ケーブル（ノンメタリック）,ＳＭ １．３１μｍ１８０Ｃ（４芯テープスロット）,m,岐阜,11,1890,2140,250,13.23,dfffa1be63510e64,735309dee9f3ec10,116,116
配線材料,光ケーブル（ノンメタリック）,ＳＭ １．３１μｍ２００Ｃ（４芯テープスロット）,m,岐阜,11,2020,2290,270,13.37,40d089eaab45ba8a,926538d80fd27cf2,116,116
配線材料,光ケーブル（ノンメタリック）,ＳＭ １．３１μｍ２２０Ｃ（４芯テープスロット）,m,岐阜,11,2500,2830,330,13.2,e39e5dc4fd172107,39c70df98a7b4dac,116,116
配線材料,光ケーブル（ノンメタリック）,ＳＭ １．３１μｍ２４０Ｃ（４芯テープスロット）,m,岐阜,11,2630,2980,350,13.31,bde85fe549ecffc0,3e7351ba064e2d89,116,116
配線材料,光ケーブル（ノンメタリック）,ＳＭ １．３１μｍ２６０Ｃ（４芯テープスロット）,m,岐阜,11,2760,3130,370,13.41,9128193ebca2f3d3,f596aaaace3cb5ee,116,116
配線材料,光ケーブル（ノンメタリック）,ＳＭ １．３１μｍ２８０Ｃ（４芯テープスロット）,m,岐阜,11,2890,3280,390,13.49,69cb615d9812d190,9b7bab80a1d2dd2e,116,116
配線材料,光ケーブル（ノンメタリック）,ＳＭ １．３１μｍ３００Ｃ（４芯テープスロット）,m,岐阜,11,3030,3430,400,13.2,64c582f9f18edf89,7dc5b734f9947109,116,116
配線材料,光ケーブル（ノンメタリック）,ＳＭ １．３１μｍ ２０Ｃ（４芯テープＳＳＦ）,m,岐阜,11,771,874,103,13.36,6f8ac883a3e8a8c4,c146644d2abc06a6,116,116
配線材料,光ケーブル（ノンメタリック）,ＳＭ １．３１μｍ ４０Ｃ（４芯テープＳＳＦ）,m,岐阜,11,990,1120,130,13.13,b8b09e38334d77e9,3f09387042b87bc3,116,116
配線材料,光ケーブル（ノンメタリック）,ＳＭ １．３１μｍ ６０Ｃ（４芯テープＳＳＦ）,m,岐阜,11,1120,1270,150,13.39,39b8a01c183e6c5e,f72274b3ecb4631f,116,116
配線材料,光ケーブル（ノンメタリック）,ＳＭ １．３１μｍ ８０Ｃ（４芯テープＳＳＦ）,m,岐阜,11,1280,1450,170,13.28,52547513a5b2dc58,952a27a665cc06d1,116,116
配線材料,光ケーブル（ノンメタリック）,ＳＭ １．３１μｍ １００Ｃ（４芯テープＳＳＦ）,m,岐阜,11,1410,1600,190,13.48,eab778ab51777793,37d10200bbccc793,116,116
配線材料,光ケーブル（ノンメタリック）,ＳＭ １．３１μｍ １２０Ｃ（４芯テープＳＳＦ）,m,岐阜,11,1740,1970,230,13.22,7a4e23909dd0219a,5ffdaec0713cec27,116,116
配線材料,光ケーブル（ノンメタリック）,ＳＭ １．３１μｍ １４０Ｃ（４芯テープＳＳＦ）,m,岐阜,11,1870,2120,250,13.37,c2f683c5175779a2,356e9eb20ed6c9ad,116,116
配線材料,光ケーブル（ノンメタリック）,ＳＭ １．３１μｍ １６０Ｃ（４芯テープＳＳＦ）,m,岐阜,11,2000,2270,270,13.5,fcd8357bfb64607d,9f654a9df5e453ff,116,116
配線材料,光ケーブル（ノンメタリック）,ＳＭ １．３１μｍ １８０Ｃ（４芯テープＳＳＦ）,m,岐阜,11,2130,2420,290,13.62,59671f364784351a,90443b370c0116ec,116,116
配線材料,光ケーブル（ノンメタリック）,ＳＭ １．３１μｍ ２００Ｃ（４芯テープＳＳＦ）,m,岐阜,11,2260,2570,310,13.72,42614d366da50c4a,a3609f4f59567a4f,116,116
配線材料,光ケーブル（ノンメタリック）,ＳＭ １．３１μｍ ２２０Ｃ（４芯テープＳＳＦ）,m,岐阜,11,2740,3110,370,13.5,c09f298e719ff7ae,b99de2350e33d6d9,116,116
配線材料,光ケーブル（ノンメタリック）,ＳＭ １．３１μｍ ２４０Ｃ（４芯テープＳＳＦ）,m,岐阜,11,2880,3260,380,13.19,43e9365104a7f34e,cbf7047eb1dc0a02,116,116
配線材料,光ケーブル（ノンメタリック）,ＳＭ １．３１μｍ ６０Ｃ（４芯テープスロット）,m,三重,12,876,992,116,13.24,b46c5705295cd658,c993a120b888bff3,116,116
配線材料,光ケーブル（ノンメタリック）,ＳＭ １．３１μｍ ８０Ｃ（４芯テープスロット）,m,三重,12,1030,1170,140,13.59,8bc0103b68dd1608,731535611b0e5747,116,116
配線材料,光ケーブル（ノンメタリック）,ＳＭ １．３１μｍ１００Ｃ（４芯テープスロット）,m,三重,12,1170,1320,150,12.82,b93edef7cd26bbcd,461e8d92dc1ab76e,116,116
配線材料,光ケーブル（ノンメタリック）,ＳＭ １．３１μｍ１２０Ｃ（４芯テープスロット）,m,三重,12,1490,1690,200,13.42,afa62d401a3f8740,386676af2e37c4c0,116,116
配線材料,光ケーブル（ノンメタリック）,ＳＭ １．３１μｍ１４０Ｃ（４芯テープスロット）,m,三重,12,1620,1840,220,13.58,98de3e16158cb4be,505b9995ee369379,116,116
配線材料,光ケーブル（ノンメタリック）,ＳＭ １．３１μｍ１６０Ｃ（４芯テープスロット）,m,三重,12,1750,1990,240,13.71,c714c92fd530b430,08a4a46c1eaeb318,116,116
配線材料,光ケーブル（ノンメタリック）,ＳＭ １．３１μｍ１８０Ｃ（４芯テープスロット）,m,三重,12,1890,2140,250,13.23,7e86337e5fef7b57,6b0d91127ea78906,116,116
配線材料,光ケーブル（ノンメタリック）,ＳＭ １．３１μｍ２００Ｃ（４芯テープスロット）,m,三重,12,2020,2290,270,13.37,21c0b4048fc9984e,767695c19919736f,116,116
配線材料,光ケーブル（ノンメタリック）,ＳＭ １．３１μｍ２２０Ｃ（４芯テープスロット）,m,三重,12,2500,2830,330,13.2,c40dc74e6190c97e,d32c0bb5b840a84e,116,116
配線材料,光ケーブル（ノンメタリック）,ＳＭ １．３１μｍ２４０Ｃ（４芯テープスロット）,m,三重,12,2630,2980,350,13.31,f92f560a6f317556,4fdc895cd59d678f,116,116
配線材料,光ケーブル（ノンメタリック）,ＳＭ １．３１μｍ２６０Ｃ（４芯テープスロット）,m,三重,12,2760,3130,370,13.41,f912697e1f389691,23fbfe68a7524fcb,116,116
配線材料,光ケーブル（ノンメタリック）,ＳＭ １．３１μｍ２８０Ｃ（４芯テープスロット）,m,三重,12,2890,3280,390,13.49,999cc21707a821fa,8eeebd31b494e3b9,116,116
配線材料,光ケーブル（ノンメタリック）,ＳＭ １．３１μｍ３００Ｃ（４芯テープスロット）,m,三重,12,3030,3430,400,13.2,486e52727c60d6af,8b7ba6b8632da746,116,116
配線材料,光ケーブル（ノンメタリック）,ＳＭ １．３１μｍ ２０Ｃ（４芯テープＳＳＦ）,m,三重,12,771,874,103,13.36,5471e6d6688729fd,b4e63a5e9092f4cf,116,116
配線材料,光ケーブル（ノンメタリック）,ＳＭ １．３１μｍ ４０Ｃ（４芯テープＳＳＦ）,m,三重,12,990,1120,130,13.13,87ec41bbb04787ad,c97faabeb3f036f5,116,116
配線材料,光ケーブル（ノンメタリック）,ＳＭ １．３１μｍ ６０Ｃ（４芯テープＳＳＦ）,m,三重,12,1120,1270,150,13.39,0dd5be63c702693b,c631b7c1b86404a8,116,116
配線材料,光ケーブル（ノンメタリック）,ＳＭ １．３１μｍ ８０Ｃ（４芯テープＳＳＦ）,m,三重,12,1280,1450,170,13.28,d7c7c5158afa4159,6e685395112a9677,116,116
配線材料,光ケーブル（ノンメタリック）,ＳＭ １．３１μｍ １００Ｃ（４芯テープＳＳＦ）,m,三重,12,1410,1600,190,13.48,f7ac2bc515e7b972,4f1a944ddc2a42f3,116,116
配線材料,光ケーブル（ノンメタリック）,ＳＭ １．３１μｍ １２０Ｃ（４芯テープＳＳＦ）,m,三重,12,1740,1970,230,13.22,e67168572c287afa,745593824628c9a7,116,116
配線材料,光ケーブル（ノンメタリック）,ＳＭ １．３１μｍ １４０Ｃ（４芯テープＳＳＦ）,m,三重,12,1870,2120,250,13.37,10041503c0496966,5194dc14245a3718,116,116
配線材料,光ケーブル（ノンメタリック）,ＳＭ １．３１μｍ １６０Ｃ（４芯テープＳＳＦ）,m,三重,12,2000,2270,270,13.5,9432da472401d6ed,2b63f40ecb249f91,116,116
配線材料,光ケーブル（ノンメタリック）,ＳＭ １．３１μｍ １８０Ｃ（４芯テープＳＳＦ）,m,三重,12,2130,2420,290,13.62,099fbf0b4355d122,0ea3a03189fdfdd0,116,116
配線材料,光ケーブル（ノンメタリック）,ＳＭ １．３１μｍ ２００Ｃ（４芯テープＳＳＦ）,m,三重,12,2260,2570,310,13.72,e2687d162144b6c7,67f3ed05dd9d85f5,116,116
配線材料,光ケーブル（ノンメタリック）,ＳＭ １．３１μｍ ２２０Ｃ（４芯テープＳＳＦ）,m,三重,12,2740,3110,370,13.5,eda76d848855a357,29940357462ae32b,116,116
配線材料,光ケーブル（ノンメタリック）,ＳＭ １．３１μｍ ２４０Ｃ（４芯テープＳＳＦ）,m,三重,12,2880,3260,380,13.19,41fb5e42577c456a,5f7efe82a0ca879b,116,116
配線材料,光ケーブル（ノンメタリック）,ＳＭ １．３１μｍ ２６０Ｃ（４芯テープＳＳＦ）,m,福井,01,3010,3410,400,13.29,3cc39a6d6e1e2089,b6992806cd52310f,117,117
配線材料,光ケーブル（ノンメタリック）,ＳＭ １．３１μｍ ２８０Ｃ（４芯テープＳＳＦ）,m,福井,01,3140,3560,420,13.38,9b1d1949e7129a57,0ee12c82033b11f1,117,117
配線材料,光ケーブル（ノンメタリック）,ＳＭ １．３１μｍ ３００Ｃ（４芯テープＳＳＦ）,m,福井,01,3270,3710,440,13.46,b4240c3f33445ce2,91b8f16663f395b3,117,117
配線材料,光ケーブル（ノンメタリック）,ＳＭ １．３１μｍ ２Ｃ（スペーサ型）,m,福井,01,473,546,73,15.43,eb3dc2ced1ffcc94,37c279fea6fc76af,117,117
配線材料,光ケーブル（ノンメタリック）,ＳＭ １．３１μｍ ４Ｃ（スペーサ型）,m,福井,01,556,642,86,15.47,80d25339ba93a8c9,93879354bda2fbbf,117,117
配線材料,光ケーブル（ノンメタリック）,ＳＭ １．３１μｍ ６Ｃ（スペーサ型）,m,福井,01,639,738,99,15.49,0b4dc9021198085a,168a110454eeef79,117,117
配線材料,光ケーブル（ノンメタリック）,ＳＭ １．３１μｍ ８Ｃ（スペーサ型）,m,福井,01,722,834,112,15.51,fb59fad858a2afe7,f2656c9322f40331,117,117
配線材料,光ケーブル（４芯テープＷＢ）,ＳＭ １．３１μｍ ４Ｃ,m,福井,01,360,408,48,13.33,788bcc5c9a4dbdba,3ec3df0f36cf766b,117,117
配線材料,光ケーブル（４芯テープＷＢ）,ＳＭ １．３１μｍ ８Ｃ,m,福井,01,386,437,51,13.21,4f4c800a64464c93,d9028490f2a913ba,117,117
配線材料,光ケーブル（４芯テープＷＢ）,ＳＭ １．３１μｍ ２０Ｃ,m,福井,01,465,511,46,9.89,2a92d97615e16386,29ed9eef9b927d2f,117,117
配線材料,光ケーブル（４芯テープＷＢ）,ＳＭ １．３１μｍ ４０Ｃ,m,福井,01,684,727,43,6.29,a4b62b4c1070b4db,ba6025ec2541ccc1,117,117
配線材料,光ケーブル（４芯テープＷＢ）,ＳＭ １．３１μｍ ６０Ｃ,m,福井,01,816,829,13,1.59,afcaea6b6dcc2beb,7741fb7467a58997,117,117
配線材料,光ケーブル（４芯テープＷＢ）,ＳＭ １．３１μｍ ８０Ｃ,m,福井,01,978,1050,72,7.36,69a4c106bec8e1bd,aaad624003c6adc4,117,117
配線材料,光ケーブル（４芯テープＷＢ）,ＳＭ １．３１μｍ １００Ｃ,m,福井,01,1110,1150,40,3.6,e86e5c93721c8d5d,c97e158e0b79d7c2,117,117
配線材料,光ケーブル（４芯テープＷＢ）,ＳＭ １．３１μｍ １２０Ｃ,m,福井,01,1430,1520,90,6.29,b348b9c2e91631e5,67ea24627a137c11,117,117
配線材料,光ケーブル（４芯テープＷＢ）,ＳＭ １．３１μｍ １４０Ｃ,m,福井,01,1560,1620,60,3.85,979764386a751c4f,1a159e8b4f900752,117,117
配線材料,光ケーブル（４芯テープＷＢ）,ＳＭ １．３１μｍ １６０Ｃ,m,福井,01,1690,1720,30,1.78,bf11a530d02f4057,f4f2b9b5f79f9bc8,117,117
配線材料,光ケーブル（４芯テープＷＢ）,ＳＭ １．３１μｍ １８０Ｃ,m,福井,01,1830,2070,240,13.11,bc426f44feec4453,bc8553213f1f34c9,117,117
配線材料,光ケーブル（４芯テープＷＢ）,ＳＭ １．３１μｍ ２００Ｃ,m,福井,01,1960,2220,260,13.27,38c8364a3a8ee4fb,746b4a95b4194158,117,117
配線材料,光ケーブル（４芯テープＷＢ）,ＳＭ １．３１μｍ ２２０Ｃ,m,福井,01,2440,2760,320,13.11,8fea9c431bf058ad,8d193c87f8982192,117,117
配線材料,光ケーブル（４芯テープＷＢ）,ＳＭ １．３１μｍ ２４０Ｃ,m,福井,01,2570,2910,340,13.23,dc616e87d8879c66,995af1d89c6c0976,117,117
配線材料,光ケーブル（４芯テープＷＢ）,ＳＭ １．３１μｍ ２６０Ｃ,m,福井,01,2700,3060,360,13.33,dc8ecf8eab8ac862,31db8e4d5d37055e,117,117
配線材料,光ケーブル（４芯テープＷＢ）,ＳＭ １．３１μｍ ２８０Ｃ,m,福井,01,2830,3210,380,13.43,1f5d5395f8456e26,f88a5cd16365fd71,117,117
配線材料,光ケーブル（ノンメタリック）,ＳＭ １．３１μｍ ２６０Ｃ（４芯テープＳＳＦ）,m,滋賀,02,3010,3410,400,13.29,0b824f24d6b4ae8a,f1ff8f1d5ad8ab51,117,117
配線材料,光ケーブル（ノンメタリック）,ＳＭ １．３１μｍ ２８０Ｃ（４芯テープＳＳＦ）,m,滋賀,02,3140,3560,420,13.38,b89a349d7d0e88aa,06d46c0fd08f8659,117,117
配線材料,光ケーブル（ノンメタリック）,ＳＭ １．３１μｍ ３００Ｃ（４芯テープＳＳＦ）,m,滋賀,02,3270,3710,440,13.46,06a8f90599d0c06f,5b212fb6c152b246,117,117
配線材料,光ケーブル（ノンメタリック）,ＳＭ １．３１μｍ ２Ｃ（スペーサ型）,m,滋賀,02,473,546,73,15.43,fae07bf80f5aa5db,74b25533b36aba94,117,117
配線材料,光ケーブル（ノンメタリック）,ＳＭ １．３１μｍ ４Ｃ（スペーサ型）,m,滋賀,02,556,642,86,15.47,e20b9ed4e676cbc1,80b0f7d218630116,117,117
配線材料,光ケーブル（ノンメタリック）,ＳＭ １．３１μｍ ６Ｃ（スペーサ型）,m,滋賀,02,639,738,99,15.49,bc281ccc8c3c96af,b6d6336ee3cffa52,117,117
配線材料,光ケーブル（ノンメタリック）,ＳＭ １．３１μｍ ８Ｃ（スペーサ型）,m,滋賀,02,722,834,112,15.51,3489948867b2f22c,b8ee23173eb3fac3,117,117
配線材料,光ケーブル（４芯テープＷＢ）,ＳＭ １．３１μｍ ４Ｃ,m,滋賀,02,360,408,48,13.33,4d188fd694263e60,820711fa18124e93,117,117
配線材料,光ケーブル（４芯テープＷＢ）,ＳＭ １．３１μｍ ８Ｃ,m,滋賀,02,386,437,51,13.21,3e83e14fc9398093,6bd9a3ac86795efc,117,117
配線材料,光ケーブル（４芯テープＷＢ）,ＳＭ １．３１μｍ ２０Ｃ,m,滋賀,02,465,511,46,9.89,5ae5b991b7bcb1d8,f7c7472c2894a0d5,117,117
配線材料,光ケーブル（４芯テープＷＢ）,ＳＭ １．３１μｍ ４０Ｃ,m,滋賀,02,684,727,43,6.29,835022d25b144451,04fce216b4724c94,117,117
配線材料,光ケーブル（４芯テープＷＢ）,ＳＭ １．３１μｍ ６０Ｃ,m,滋賀,02,816,829,13,1.59,08db4e4213d9ecc8,28dc5221994640d4,117,117
配線材料,光ケーブル（４芯テープＷＢ）,ＳＭ １．３１μｍ ８０Ｃ,m,滋賀,02,978,1050,72,7.36,285465d354190917,559c3595c62a67ef,117,117
配線材料,光ケーブル（４芯テープＷＢ）,ＳＭ １．３１μｍ １００Ｃ,m,滋賀,02,1110,1150,40,3.6,fca2bca86fe17605,81d5d98e8ddb3a26,117,117
配線材料,光ケーブル（４芯テープＷＢ）,ＳＭ １．３１μｍ １２０Ｃ,m,滋賀,02,1430,1520,90,6.29,f27f1574e2cb6007,52185f9e1f6376a1,117,117
配線材料,光ケーブル（４芯テープＷＢ）,ＳＭ １．３１μｍ １４０Ｃ,m,滋賀,02,1560,1620,60,3.85,f0c5eb97e980876f,1189a452d92dd724,117,117
配線材料,光ケーブル（４芯テープＷＢ）,ＳＭ １．３１μｍ １６０Ｃ,m,滋賀,02,1690,1720,30,1.78,dd47aa255a58a0be,396de60f53eedb5f,117,117
配線材料,光ケーブル（４芯テープＷＢ）,ＳＭ １．３１μｍ １８０Ｃ,m,滋賀,02,1830,2070,240,13.11,79124e250873aa13,22f0455260789197,117,117
配線材料,光ケーブル（４芯テープＷＢ）,ＳＭ １．３１μｍ ２００Ｃ,m,滋賀,02,1960,2220,260,13.27,df3563f42ecfccd4,e2111f2887714d2b,117,117
配線材料,光ケーブル（４芯テープＷＢ）,ＳＭ １．３１μｍ ２２０Ｃ,m,滋賀,02,2440,2760,320,13.11,2e3255e00a4ee09c,90ec3f4b41820941,117,117
配線材料,光ケーブル（４芯テープＷＢ）,ＳＭ １．３１μｍ ２４０Ｃ,m,滋賀,02,2570,2910,340,13.23,441d1cfe3b18e0ea,7fa89917f4967b46,117,117
配線材料,光ケーブル（４芯テープＷＢ）,ＳＭ １．３１μｍ ２６０Ｃ,m,滋賀,02,2700,3060,360,13.33,b1ebd204227eedf4,3d3834276c3314af,117,117
配線材料,光ケーブル（４芯テープＷＢ）,ＳＭ １．３１μｍ ２８０Ｃ,m,滋賀,02,2830,3210,380,13.43,f298eeefae2894e5,ad9ad3afdb13ec02,117,117
配線材料,光ケーブル（ノンメタリック）,ＳＭ １．３１μｍ ２６０Ｃ（４芯テープＳＳＦ）,m,京都北部,03,3010,3410,400,13.29,17ecc7b814cb86a7,fc61a6840de1878e,117,117
配線材料,光ケーブル（ノンメタリック）,ＳＭ １．３１μｍ ２８０Ｃ（４芯テープＳＳＦ）,m,京都北部,03,3140,3560,420,13.38,a8752510af7aef59,8d9739b80be64d35,117,117
配線材料,光ケーブル（ノンメタリック）,ＳＭ １．３１μｍ ３００Ｃ（４芯テープＳＳＦ）,m,京都北部,03,3270,3710,440,13.46,57e0faf2a8a7dff3,96ea0b46b2c1bbb1,117,117
配線材料,光ケーブル（ノンメタリック）,ＳＭ １．３１μｍ ２Ｃ（スペーサ型）,m,京都北部,03,473,546,73,15.43,d8a1c0e168cbc1cb,c8f2a2c7d952818b,117,117
配線材料,光ケーブル（ノンメタリック）,ＳＭ １．３１μｍ ４Ｃ（スペーサ型）,m,京都北部,03,556,642,86,15.47,9942c5b09f8e0d47,f80d497f13a51d2a,117,117
配線材料,光ケーブル（ノンメタリック）,ＳＭ １．３１μｍ ６Ｃ（スペーサ型）,m,京都北部,03,639,738,99,15.49,7e19563d70f4f0cd,1d777d3822483613,117,117
配線材料,光ケーブル（ノンメタリック）,ＳＭ １．３１μｍ ８Ｃ（スペーサ型）,m,京都北部,03,722,834,112,15.51,d801225493699020,686f97e55fb59e25,117,117
配線材料,光ケーブル（４芯テープＷＢ）,ＳＭ １．３１μｍ ４Ｃ,m,京都北部,03,360,408,48,13.33,877ad25795df5a7a,00ed0da716cb838d,117,117
配線材料,光ケーブル（４芯テープＷＢ）,ＳＭ １．３１μｍ ８Ｃ,m,京都北部,03,386,437,51,13.21,87b97a405dc87e72,1f1563af602ceb2c,117,117
配線材料,光ケーブル（４芯テープＷＢ）,ＳＭ １．３１μｍ ２０Ｃ,m,京都北部,03,465,511,46,9.89,7ba2b0d79367805a,639fc9efd138d0ba,117,117
配線材料,光ケーブル（４芯テープＷＢ）,ＳＭ １．３１μｍ ４０Ｃ,m,京都北部,03,684,727,43,6.29,a4111808702fc8b0,4f8b651c127c20c3,117,117
配線材料,光ケーブル（４芯テープＷＢ）,ＳＭ １．３１μｍ ６０Ｃ,m,京都北部,03,816,829,13,1.59,0545c721b2d375de,c5e1ed03c182cd14,117,117
配線材料,光ケーブル（４芯テープＷＢ）,ＳＭ １．３１μｍ ８０Ｃ,m,京都北部,03,978,1050,72,7.36,faa27956b5bbc49c,a15401c33ebe4287,117,117
配線材料,光ケーブル（４芯テープＷＢ）,ＳＭ １．３１μｍ １００Ｃ,m,京都北部,03,1110,1150,40,3.6,05bc93dbf7cf90d7,bbc52fc8f3f1cb68,117,117
配線材料,光ケーブル（４芯テープＷＢ）,ＳＭ １．３１μｍ １２０Ｃ,m,京都北部,03,1430,1520,90,6.29,b217faf2c2a282ec,73ac1b140423df26,117,117
配線材料,光ケーブル（４芯テープＷＢ）,ＳＭ １．３１μｍ １４０Ｃ,m,京都北部,03,1560,1620,60,3.85,a2675ce189a7b84a,5e228ca8d65de65e,117,117
配線材料,光ケーブル（４芯テープＷＢ）,ＳＭ １．３１μｍ １６０Ｃ,m,京都北部,03,1690,1720,30,1.78,cd0f1fb759004118,bd9e524b0a135f74,117,117
配線材料,光ケーブル（４芯テープＷＢ）,ＳＭ １．３１μｍ １８０Ｃ,m,京都北部,03,1830,2070,240,13.11,279743bcfaf022a2,663b9f675425a8f4,117,117
配線材料,光ケーブル（４芯テープＷＢ）,ＳＭ １．３１μｍ ２００Ｃ,m,京都北部,03,1960,2220,260,13.27,5848ea5eb80723b4,9c9f9a77749bad97,117,117
配線材料,光ケーブル（４芯テープＷＢ）,ＳＭ １．３１μｍ ２２０Ｃ,m,京都北部,03,2440,2760,320,13.11,0a46a986e8b8815e,84656695c0851e7d,117,117
配線材料,光ケーブル（４芯テープＷＢ）,ＳＭ １．３１μｍ ２４０Ｃ,m,京都北部,03,2570,2910,340,13.23,c8db4263ee51e7c6,f389f57dbabaddf6,117,117
配線材料,光ケーブル（４芯テープＷＢ）,ＳＭ １．３１μｍ ２６０Ｃ,m,京都北部,03,2700,3060,360,13.33,ae40ecaf1d4a2784,eead3d87242bde37,117,117
配線材料,光ケーブル（４芯テープＷＢ）,ＳＭ １．３１μｍ ２８０Ｃ,m,京都北部,03,2830,3210,380,13.43,cbf6798b9f12b4fa,74d4d5798bdd6075,117,117
配線材料,光ケーブル（ノンメタリック）,ＳＭ １．３１μｍ ２６０Ｃ（４芯テープＳＳＦ）,m,京都南部,04,3010,3410,400,13.29,8e38bf0ec67565a9,473e9a13595818d1,117,117
配線材料,光ケーブル（ノンメタリック）,ＳＭ １．３１μｍ ２８０Ｃ（４芯テープＳＳＦ）,m,京都南部,04,3140,3560,420,13.38,caf04b30a19e2783,74a03300990b2dc1,117,117
配線材料,光ケーブル（ノンメタリック）,ＳＭ １．３１μｍ ３００Ｃ（４芯テープＳＳＦ）,m,京都南部,04,3270,3710,440,13.46,ac10006a2503c267,651bbaf0e73a9919,117,117
配線材料,光ケーブル（ノンメタリック）,ＳＭ １．３１μｍ ２Ｃ（スペーサ型）,m,京都南部,04,473,546,73,15.43,dc7f27f16d58b621,581692160d355784,117,117
配線材料,光ケーブル（ノンメタリック）,ＳＭ １．３１μｍ ４Ｃ（スペーサ型）,m,京都南部,04,556,642,86,15.47,1b6e4991186c114b,df1963eb51da382e,117,117
配線材料,光ケーブル（ノンメタリック）,ＳＭ １．３１μｍ ６Ｃ（スペーサ型）,m,京都南部,04,639,738,99,15.49,ae0221bb75c67164,c8b3ab636fb25875,117,117
配線材料,光ケーブル（ノンメタリック）,ＳＭ １．３１μｍ ８Ｃ（スペーサ型）,m,京都南部,04,722,834,112,15.51,9b78c3825d68e0ce,4c37df6bc88ab6e1,117,117
配線材料,光ケーブル（４芯テープＷＢ）,ＳＭ １．３１μｍ ４Ｃ,m,京都南部,04,360,408,48,13.33,36e0c7b2efc602f2,75fabc8a19f097c1,117,117
配線材料,光ケーブル（４芯テープＷＢ）,ＳＭ １．３１μｍ ８Ｃ,m,京都南部,04,386,437,51,13.21,67217cd09d98fd71,b0c6e6a732715188,117,117
配線材料,光ケーブル（４芯テープＷＢ）,ＳＭ １．３１μｍ ２０Ｃ,m,京都南部,04,465,511,46,9.89,d981112220e7dbf7,6e8a3cc33d62a7a2,117,117
配線材料,光ケーブル（４芯テープＷＢ）,ＳＭ １．３１μｍ ４０Ｃ,m,京都南部,04,684,727,43,6.29,d8e17d8bf0df4933,48d9ae2ed8af67fa,117,117
配線材料,光ケーブル（４芯テープＷＢ）,ＳＭ １．３１μｍ ６０Ｃ,m,京都南部,04,816,829,13,1.59,bebff0327fff0011,2cf7912829aecb81,117,117
配線材料,光ケーブル（４芯テープＷＢ）,ＳＭ １．３１μｍ ８０Ｃ,m,京都南部,04,978,1050,72,7.36,83e897278aabe859,7cd3dc10767a4e6e,117,117
配線材料,光ケーブル（４芯テープＷＢ）,ＳＭ １．３１μｍ １００Ｃ,m,京都南部,04,1110,1150,40,3.6,66b5f7a8f7f7abb2,25b6d203d21a1da0,117,117
配線材料,光ケーブル（４芯テープＷＢ）,ＳＭ １．３１μｍ １２０Ｃ,m,京都南部,04,1430,1520,90,6.29,797f5554dae125e1,c9bcfd153d672363,117,117
配線材料,光ケーブル（４芯テープＷＢ）,ＳＭ １．３１μｍ １４０Ｃ,m,京都南部,04,1560,1620,60,3.85,9a5da92e5b2c2f50,04f352e837eb9e42,117,117
配線材料,光ケーブル（４芯テープＷＢ）,ＳＭ １．３１μｍ １６０Ｃ,m,京都南部,04,1690,1720,30,1.78,225effbdbe4d56be,62856ad470a19c6c,117,117
配線材料,光ケーブル（４芯テープＷＢ）,ＳＭ １．３１μｍ １８０Ｃ,m,京都南部,04,1830,2070,240,13.11,3cc941fe246bb1d2,f63508d9eac5d6ef,117,117
配線材料,光ケーブル（４芯テープＷＢ）,ＳＭ １．３１μｍ ２００Ｃ,m,京都南部,04,1960,2220,260,13.27,c06133ac6deb0c1a,1330a9fa6a282a34,117,117
配線材料,光ケーブル（４芯テープＷＢ）,ＳＭ １．３１μｍ ２２０Ｃ,m,京都南部,04,2440,2760,320,13.11,fc1b4d6ed14d11bf,5b5ce2442946a89b,117,117
配線材料,光ケーブル（４芯テープＷＢ）,ＳＭ １．３１μｍ ２４０Ｃ,m,京都南部,04,2570,2910,340,13.23,c77e8e92337cc222,1db8d4e2b42b2b23,117,117
配線材料,光ケーブル（４芯テープＷＢ）,ＳＭ １．３１μｍ ２６０Ｃ,m,京都南部,04,2700,3060,360,13.33,654f9939df354c43,334094c915ca13e8,117,117
配線材料,光ケーブル（４芯テープＷＢ）,ＳＭ １．３１μｍ ２８０Ｃ,m,京都南部,04,2830,3210,380,13.43,082b1edae3f81812,e1f6692c1f62cd92,117,117
配線材料,光ケーブル（ノンメタリック）,ＳＭ １．３１μｍ ２６０Ｃ（４芯テープＳＳＦ）,m,大阪,05,3010,3410,400,13.29,1875fe9fbf16a96d,03dc84499c2c15a8,117,117
配線材料,光ケーブル（ノンメタリック）,ＳＭ １．３１μｍ ２８０Ｃ（４芯テープＳＳＦ）,m,大阪,05,3140,3560,420,13.38,f8a87d03c5cf525d,aa2719f86f72ded2,117,117
配線材料,光ケーブル（ノンメタリック）,ＳＭ １．３１μｍ ３００Ｃ（４芯テープＳＳＦ）,m,大阪,05,3270,3710,440,13.46,748a6f4ba5604456,26fff8a09387ed8d,117,117
配線材料,光ケーブル（ノンメタリック）,ＳＭ １．３１μｍ ２Ｃ（スペーサ型）,m,大阪,05,473,546,73,15.43,3f789524b74e8aad,05471f14eae6fac2,117,117
配線材料,光ケーブル（ノンメタリック）,ＳＭ １．３１μｍ ４Ｃ（スペーサ型）,m,大阪,05,556,642,86,15.47,3421b8a72267497c,d08de9db0a05d939,117,117
配線材料,光ケーブル（ノンメタリック）,ＳＭ １．３１μｍ ６Ｃ（スペーサ型）,m,大阪,05,639,738,99,15.49,0ed00862358a604f,668e20ab498c2cbc,117,117
配線材料,光ケーブル（ノンメタリック）,ＳＭ １．３１μｍ ８Ｃ（スペーサ型）,m,大阪,05,722,834,112,15.51,3fd840c314751586,58c0545bcfa06890,117,117
配線材料,光ケーブル（４芯テープＷＢ）,ＳＭ １．３１μｍ ４Ｃ,m,大阪,05,360,408,48,13.33,a7a5913cf70b3f6b,045464790799a6c9,117,117
配線材料,光ケーブル（４芯テープＷＢ）,ＳＭ １．３１μｍ ８Ｃ,m,大阪,05,386,437,51,13.21,7080ced9df0e7e7f,87567aff537475c9,117,117
配線材料,光ケーブル（４芯テープＷＢ）,ＳＭ １．３１μｍ ２０Ｃ,m,大阪,05,465,511,46,9.89,b58f047e0e97541c,14f7518bfe6194e4,117,117
配線材料,光ケーブル（４芯テープＷＢ）,ＳＭ １．３１μｍ ４０Ｃ,m,大阪,05,684,727,43,6.29,1d2514c7d8fb1985,18055b7e886a7dfe,117,117
配線材料,光ケーブル（４芯テープＷＢ）,ＳＭ １．３１μｍ ６０Ｃ,m,大阪,05,816,829,13,1.59,ee91fba27fc70575,6fd7ee5af20738cb,117,117
配線材料,光ケーブル（４芯テープＷＢ）,ＳＭ １．３１μｍ ８０Ｃ,m,大阪,05,978,1050,72,7.36,f829781f0598e5e6,1e1f371be8d653d9,117,117
配線材料,光ケーブル（４芯テープＷＢ）,ＳＭ １．３１μｍ １００Ｃ,m,大阪,05,1110,1150,40,3.6,04e707035b1ce904,14db75712d7e984d,117,117
配線材料,光ケーブル（４芯テープＷＢ）,ＳＭ １．３１μｍ １２０Ｃ,m,大阪,05,1430,1520,90,6.29,59aab27efe2de1c7,453b622684710745,117,117
配線材料,光ケーブル（４芯テープＷＢ）,ＳＭ １．３１μｍ １４０Ｃ,m,大阪,05,1560,1620,60,3.85,52cce92c32784262,4d8e3248ce3ed388,117,117
配線材料,光ケーブル（４芯テープＷＢ）,ＳＭ １．３１μｍ １６０Ｃ,m,大阪,05,1690,1720,30,1.78,f10cf65ce85d35da,349bd9a78759c2ba,117,117
配線材料,光ケーブル（４芯テープＷＢ）,ＳＭ １．３１μｍ １８０Ｃ,m,大阪,05,1830,2070,240,13.11,846c0e4a9a33ad91,ad428a5916d123b1,117,117
配線材料,光ケーブル（４芯テープＷＢ）,ＳＭ １．３１μｍ ２００Ｃ,m,大阪,05,1960,2220,260,13.27,0fa63c01098fd1d0,e0f7f1aaf9357512,117,117
配線材料,光ケーブル（４芯テープＷＢ）,ＳＭ １．３１μｍ ２２０Ｃ,m,大阪,05,2440,2760,320,13.11,dbce9eeca9b9ddf7,bb942d4844fc0a24,117,117
配線材料,光ケーブル（４芯テープＷＢ）,ＳＭ １．３１μｍ ２４０Ｃ,m,大阪,05,2570,2910,340,13.23,f63b04355be85648,77855e3627e62591,117,117
配線材料,光ケーブル（４芯テープＷＢ）,ＳＭ １．３１μｍ ２６０Ｃ,m,大阪,05,2700,3060,360,13.33,fb8f4e51d73e79ab,508c4dab6e4aa186,117,117
配線材料,光ケーブル（４芯テープＷＢ）,ＳＭ １．３１μｍ ２８０Ｃ,m,大阪,05,2830,3210,380,13.43,a0d1af5dfd6c44f1,059bbbb73b6cb028,117,117
配線材料,光ケーブル（ノンメタリック）,ＳＭ １．３１μｍ ２６０Ｃ（４芯テープＳＳＦ）,m,兵庫北部,06,3010,3410,400,13.29,cd784cfb41d72a45,becc2cdb039f55c2,117,117
配線材料,光ケーブル（ノンメタリック）,ＳＭ １．３１μｍ ２８０Ｃ（４芯テープＳＳＦ）,m,兵庫北部,06,3140,3560,420,13.38,822ca3275e3a3560,11467e01eb3a85eb,117,117
配線材料,光ケーブル（ノンメタリック）,ＳＭ １．３１μｍ ３００Ｃ（４芯テープＳＳＦ）,m,兵庫北部,06,3270,3710,440,13.46,8d546ee23a5f33b2,ee093fb4d8a2fd9c,117,117
配線材料,光ケーブル（ノンメタリック）,ＳＭ １．３１μｍ ２Ｃ（スペーサ型）,m,兵庫北部,06,473,546,73,15.43,dc795ea492d239de,eb0b21910955dd05,117,117
配線材料,光ケーブル（ノンメタリック）,ＳＭ １．３１μｍ ４Ｃ（スペーサ型）,m,兵庫北部,06,556,642,86,15.47,6cf959d79d275699,0b1ee399a83711bb,117,117
配線材料,光ケーブル（ノンメタリック）,ＳＭ １．３１μｍ ６Ｃ（スペーサ型）,m,兵庫北部,06,639,738,99,15.49,fe98f3ad18ae58a3,37b94628f10624f1,117,117
配線材料,光ケーブル（ノンメタリック）,ＳＭ １．３１μｍ ８Ｃ（スペーサ型）,m,兵庫北部,06,722,834,112,15.51,0ed5a66a46d0bd35,900315b064c362f4,117,117
配線材料,光ケーブル（４芯テープＷＢ）,ＳＭ １．３１μｍ ４Ｃ,m,兵庫北部,06,360,408,48,13.33,72a37dfca557189b,6d34dad775c51eff,117,117
配線材料,光ケーブル（４芯テープＷＢ）,ＳＭ １．３１μｍ ８Ｃ,m,兵庫北部,06,386,437,51,13.21,5d3c0f85bb8e8b82,c66796e406fb224e,117,117
配線材料,光ケーブル（４芯テープＷＢ）,ＳＭ １．３１μｍ ２０Ｃ,m,兵庫北部,06,465,511,46,9.89,4d93741755c9e56d,f99cda8ce779053c,117,117
配線材料,光ケーブル（４芯テープＷＢ）,ＳＭ １．３１μｍ ４０Ｃ,m,兵庫北部,06,684,727,43,6.29,97d545b57c1ab47b,94b4d509bf17f5de,117,117
配線材料,光ケーブル（４芯テープＷＢ）,ＳＭ １．３１μｍ ６０Ｃ,m,兵庫北部,06,816,829,13,1.59,3cf8c353a9258be0,52fdfac15c784b6f,117,117
配線材料,光ケーブル（４芯テープＷＢ）,ＳＭ １．３１μｍ ８０Ｃ,m,兵庫北部,06,978,1050,72,7.36,8c836f3940e82a59,6233a242cce2406e,117,117
配線材料,光ケーブル（４芯テープＷＢ）,ＳＭ １．３１μｍ １００Ｃ,m,兵庫北部,06,1110,1150,40,3.6,4c8fa1ac05096c8c,162fc1e4686464ca,117,117
配線材料,光ケーブル（４芯テープＷＢ）,ＳＭ １．３１μｍ １２０Ｃ,m,兵庫北部,06,1430,1520,90,6.29,63473b7d940bf7d6,398f8b0694a3dc96,117,117
配線材料,光ケーブル（４芯テープＷＢ）,ＳＭ １．３１μｍ １４０Ｃ,m,兵庫北部,06,1560,1620,60,3.85,0e23a92575d865b4,c0ca7a0c8457b703,117,117
配線材料,光ケーブル（４芯テープＷＢ）,ＳＭ １．３１μｍ １６０Ｃ,m,兵庫北部,06,1690,1720,30,1.78,cf06c8145f93d4ae,ca1b08dba2180d03,117,117
配線材料,光ケーブル（４芯テープＷＢ）,ＳＭ １．３１μｍ １８０Ｃ,m,兵庫北部,06,1830,2070,240,13.11,0b863a721a162735,fab7c954092fe38a,117,117
配線材料,光ケーブル（４芯テープＷＢ）,ＳＭ １．３１μｍ ２００Ｃ,m,兵庫北部,06,1960,2220,260,13.27,00ebee6721c9a7f7,cc11a3d824a4237b,117,117
配線材料,光ケーブル（４芯テープＷＢ）,ＳＭ １．３１μｍ ２２０Ｃ,m,兵庫北部,06,2440,2760,320,13.11,49ec8d9c7def18fb,a8610973201ecd65,117,117
配線材料,光ケーブル（４芯テープＷＢ）,ＳＭ １．３１μｍ ２４０Ｃ,m,兵庫北部,06,2570,2910,340,13.23,679d7a3278802f4b,30544dcc5013a17b,117,117
配線材料,光ケーブル（４芯テープＷＢ）,ＳＭ １．３１μｍ ２６０Ｃ,m,兵庫北部,06,2700,3060,360,13.33,7bb052e1549aaeea,d0b2878134cc85d7,117,117
配線材料,光ケーブル（４芯テープＷＢ）,ＳＭ １．３１μｍ ２８０Ｃ,m,兵庫北部,06,2830,3210,380,13.43,c0ddb2a295907e14,00454cdcf08f0882,117,117
配線材料,光ケーブル（ノンメタリック）,ＳＭ １．３１μｍ ２６０Ｃ（４芯テープＳＳＦ）,m,兵庫西部,07,3010,3410,400,13.29,3724f4c3c42137fb,651e643382dd1286,117,117
配線材料,光ケーブル（ノンメタリック）,ＳＭ １．３１μｍ ２８０Ｃ（４芯テープＳＳＦ）,m,兵庫西部,07,3140,3560,420,13.38,568b2ad685125f16,93b3b8f175c0bdb8,117,117
配線材料,光ケーブル（ノンメタリック）,ＳＭ １．３１μｍ ３００Ｃ（４芯テープＳＳＦ）,m,兵庫西部,07,3270,3710,440,13.46,1938184254fbb54b,d1cb631269329093,117,117
配線材料,光ケーブル（ノンメタリック）,ＳＭ １．３１μｍ ２Ｃ（スペーサ型）,m,兵庫西部,07,473,546,73,15.43,bff65b3cf9ae4ddf,bd45206f3d5003c1,117,117
配線材料,光ケーブル（ノンメタリック）,ＳＭ １．３１μｍ ４Ｃ（スペーサ型）,m,兵庫西部,07,556,642,86,15.47,22c8aded67362d9b,30e0168c06ec97dc,117,117
配線材料,光ケーブル（ノンメタリック）,ＳＭ １．３１μｍ ６Ｃ（スペーサ型）,m,兵庫西部,07,639,738,99,15.49,a4fdef15e7b2e288,d3f6ba8796f14d7c,117,117
配線材料,光ケーブル（ノンメタリック）,ＳＭ １．３１μｍ ８Ｃ（スペーサ型）,m,兵庫西部,07,722,834,112,15.51,1dc3e99adf3fa39c,62ef1028e48ce5b9,117,117
配線材料,光ケーブル（４芯テープＷＢ）,ＳＭ １．３１μｍ ４Ｃ,m,兵庫西部,07,360,408,48,13.33,ef593b8453e4080f,94db274718dd8e77,117,117
配線材料,光ケーブル（４芯テープＷＢ）,ＳＭ １．３１μｍ ８Ｃ,m,兵庫西部,07,386,437,51,13.21,8f38d03c77782a4d,912e26fb54267fbd,117,117
配線材料,光ケーブル（４芯テープＷＢ）,ＳＭ １．３１μｍ ２０Ｃ,m,兵庫西部,07,465,511,46,9.89,4cf6f1a722c19d2d,aadd9e0de41bb2d3,117,117
配線材料,光ケーブル（４芯テープＷＢ）,ＳＭ １．３１μｍ ４０Ｃ,m,兵庫西部,07,684,727,43,6.29,98f0ed00f878d55a,b497eb36fd073a56,117,117
配線材料,光ケーブル（４芯テープＷＢ）,ＳＭ １．３１μｍ ６０Ｃ,m,兵庫西部,07,816,829,13,1.59,49ad6ab1e3e81966,e4d67bfb91784d5a,117,117
配線材料,光ケーブル（４芯テープＷＢ）,ＳＭ １．３１μｍ ８０Ｃ,m,兵庫西部,07,978,1050,72,7.36,7bb0a1a8774f0e5b,a704161d9f98226f,117,117
配線材料,光ケーブル（４芯テープＷＢ）,ＳＭ １．３１μｍ １００Ｃ,m,兵庫西部,07,1110,1150,40,3.6,72de9d24f3df1bbc,bd01802b58badc22,117,117
配線材料,光ケーブル（４芯テープＷＢ）,ＳＭ １．３１μｍ １２０Ｃ,m,兵庫西部,07,1430,1520,90,6.29,b01ab9e54b28d80f,a91ba8e32d13bdd2,117,117
配線材料,光ケーブル（４芯テープＷＢ）,ＳＭ １．３１μｍ １４０Ｃ,m,兵庫西部,07,1560,1620,60,3.85,765d820696a1ce08,f490f3268f4a91d6,117,117
配線材料,光ケーブル（４芯テープＷＢ）,ＳＭ １．３１μｍ １６０Ｃ,m,兵庫西部,07,1690,1720,30,1.78,62bdec78c40d0164,d768eab2763188ca,117,117
配線材料,光ケーブル（４芯テープＷＢ）,ＳＭ １．３１μｍ １８０Ｃ,m,兵庫西部,07,1830,2070,240,13.11,95eb459d06aded3e,34ff772bc18352e0,117,117
配線材料,光ケーブル（４芯テープＷＢ）,ＳＭ １．３１μｍ ２００Ｃ,m,兵庫西部,07,1960,2220,260,13.27,b78b5458e9eb5fcc,9f28cd3419089070,117,117
配線材料,光ケーブル（４芯テープＷＢ）,ＳＭ １．３１μｍ ２２０Ｃ,m,兵庫西部,07,2440,2760,320,13.11,5d43161502626fd6,0ab4858f4ba95de7,117,117
配線材料,光ケーブル（４芯テープＷＢ）,ＳＭ １．３１μｍ ２４０Ｃ,m,兵庫西部,07,2570,2910,340,13.23,d4ea16c9a4bbbb5a,97525a13a40e7316,117,117
配線材料,光ケーブル（４芯テープＷＢ）,ＳＭ １．３１μｍ ２６０Ｃ,m,兵庫西部,07,2700,3060,360,13.33,9bb34a4447387497,27032e2f424b4e17,117,117
配線材料,光ケーブル（４芯テープＷＢ）,ＳＭ １．３１μｍ ２８０Ｃ,m,兵庫西部,07,2830,3210,380,13.43,7f6722f5e04ed464,e0a114e485295a03,117,117
配線材料,光ケーブル（ノンメタリック）,ＳＭ １．３１μｍ ２６０Ｃ（４芯テープＳＳＦ）,m,兵庫,08,3010,3410,400,13.29,aee36477a9f38844,34c1144771145564,117,117
配線材料,光ケーブル（ノンメタリック）,ＳＭ １．３１μｍ ２８０Ｃ（４芯テープＳＳＦ）,m,兵庫,08,3140,3560,420,13.38,660cd6745d6b0f80,a022bf0ad36804ad,117,117
配線材料,光ケーブル（ノンメタリック）,ＳＭ １．３１μｍ ３００Ｃ（４芯テープＳＳＦ）,m,兵庫,08,3270,3710,440,13.46,4cb4b1135d804168,be7dd7e3b0a34125,117,117
配線材料,光ケーブル（ノンメタリック）,ＳＭ １．３１μｍ ２Ｃ（スペーサ型）,m,兵庫,08,473,546,73,15.43,9ef162fa30a4b2b5,6e0a0c862b8a9252,117,117
配線材料,光ケーブル（ノンメタリック）,ＳＭ １．３１μｍ ４Ｃ（スペーサ型）,m,兵庫,08,556,642,86,15.47,8eed4ca319738a8e,141be41cbfbd1743,117,117
配線材料,光ケーブル（ノンメタリック）,ＳＭ １．３１μｍ ６Ｃ（スペーサ型）,m,兵庫,08,639,738,99,15.49,9b14f2525cd0bb18,c7509370ed6cdd40,117,117
配線材料,光ケーブル（ノンメタリック）,ＳＭ １．３１μｍ ８Ｃ（スペーサ型）,m,兵庫,08,722,834,112,15.51,db7a724071df310e,c799b3b4c23acab2,117,117
配線材料,光ケーブル（４芯テープＷＢ）,ＳＭ １．３１μｍ ４Ｃ,m,兵庫,08,360,408,48,13.33,bf1f59815ca4c1af,0aa6f70419642751,117,117
配線材料,光ケーブル（４芯テープＷＢ）,ＳＭ １．３１μｍ ８Ｃ,m,兵庫,08,386,437,51,13.21,88486ec5d1609f67,49383ad75474f285,117,117
配線材料,光ケーブル（４芯テープＷＢ）,ＳＭ １．３１μｍ ２０Ｃ,m,兵庫,08,465,511,46,9.89,a7a0791e591e17ec,4edaaf47a6b48fa0,117,117
配線材料,光ケーブル（４芯テープＷＢ）,ＳＭ １．３１μｍ ４０Ｃ,m,兵庫,08,684,727,43,6.29,abb4cc524c7c1fd8,a48aa9374f955da5,117,117
配線材料,光ケーブル（４芯テープＷＢ）,ＳＭ １．３１μｍ ６０Ｃ,m,兵庫,08,816,829,13,1.59,80a407169b34c576,0a0eae6de3c23588,117,117
配線材料,光ケーブル（４芯テープＷＢ）,ＳＭ １．３１μｍ ８０Ｃ,m,兵庫,08,978,1050,72,7.36,d439c4841a7d0d2e,10a1d19c8a0000c5,117,117
配線材料,光ケーブル（４芯テープＷＢ）,ＳＭ １．３１μｍ １００Ｃ,m,兵庫,08,1110,1150,40,3.6,a10390f93f4edfe0,4c9bf4e6bb90398c,117,117
配線材料,光ケーブル（４芯テープＷＢ）,ＳＭ １．３１μｍ １２０Ｃ,m,兵庫,08,1430,1520,90,6.29,02d4a4789845badf,1338466998f7ef8e,117,117
配線材料,光ケーブル（４芯テープＷＢ）,ＳＭ １．３１μｍ １４０Ｃ,m,兵庫,08,1560,1620,60,3.85,5e01062115ea99c3,8579a27dc47f8303,117,117
配線材料,光ケーブル（４芯テープＷＢ）,ＳＭ １．３１μｍ １６０Ｃ,m,兵庫,08,1690,1720,30,1.78,9b4c395ccc0ec513,5dfdfff40ba65f47,117,117
配線材料,光ケーブル（４芯テープＷＢ）,ＳＭ １．３１μｍ １８０Ｃ,m,兵庫,08,1830,2070,240,13.11,9acd0ab973e9a7dd,6143da0301932986,117,117
配線材料,光ケーブル（４芯テープＷＢ）,ＳＭ １．３１μｍ ２００Ｃ,m,兵庫,08,1960,2220,260,13.27,95d8ca4cab93d555,93c4b6d165c2001c,117,117
配線材料,光ケーブル（４芯テープＷＢ）,ＳＭ １．３１μｍ ２２０Ｃ,m,兵庫,08,2440,2760,320,13.11,9758f0a3f45eeadf,e82e317a45ca1b1c,117,117
配線材料,光ケーブル（４芯テープＷＢ）,ＳＭ １．３１μｍ ２４０Ｃ,m,兵庫,08,2570,2910,340,13.23,875b04e57f65d682,a0aa289803aade2f,117,117
配線材料,光ケーブル（４芯テープＷＢ）,ＳＭ １．３１μｍ ２６０Ｃ,m,兵庫,08,2700,3060,360,13.33,16e31e7137485ed2,8d288091d3cdb647,117,117
配線材料,光ケーブル（４芯テープＷＢ）,ＳＭ １．３１μｍ ２８０Ｃ,m,兵庫,08,2830,3210,380,13.43,110d36cb76fb95d3,23aa123455446f28,117,117
配線材料,光ケーブル（ノンメタリック）,ＳＭ １．３１μｍ ２６０Ｃ（４芯テープＳＳＦ）,m,奈良,09,3010,3410,400,13.29,a8ef1d9d91bb8f61,7667faf22a434278,117,117
配線材料,光ケーブル（ノンメタリック）,ＳＭ １．３１μｍ ２８０Ｃ（４芯テープＳＳＦ）,m,奈良,09,3140,3560,420,13.38,5a17725b44ee10d9,8cf23ff3e96c725f,117,117
配線材料,光ケーブル（ノンメタリック）,ＳＭ １．３１μｍ ３００Ｃ（４芯テープＳＳＦ）,m,奈良,09,3270,3710,440,13.46,ff05ed2802bac20d,0c39e313d3d853c9,117,117
配線材料,光ケーブル（ノンメタリック）,ＳＭ １．３１μｍ ２Ｃ（スペーサ型）,m,奈良,09,473,546,73,15.43,af1f099ae1b0f5db,854f2498f128ce62,117,117
配線材料,光ケーブル（ノンメタリック）,ＳＭ １．３１μｍ ４Ｃ（スペーサ型）,m,奈良,09,556,642,86,15.47,12025e839412eff0,27f0debb8371904d,117,117
配線材料,光ケーブル（ノンメタリック）,ＳＭ １．３１μｍ ６Ｃ（スペーサ型）,m,奈良,09,639,738,99,15.49,8e9786a571d61b4f,2ef0d4a406a8ba25,117,117
配線材料,光ケーブル（ノンメタリック）,ＳＭ １．３１μｍ ８Ｃ（スペーサ型）,m,奈良,09,722,834,112,15.51,d60452225c525445,8067abd6854779a9,117,117
配線材料,光ケーブル（４芯テープＷＢ）,ＳＭ １．３１μｍ ４Ｃ,m,奈良,09,360,408,48,13.33,902584a390179f60,1aab1117d01544b2,117,117
配線材料,光ケーブル（４芯テープＷＢ）,ＳＭ １．３１μｍ ８Ｃ,m,奈良,09,386,437,51,13.21,deb17bb436149425,68d5c7e887db2916,117,117
配線材料,光ケーブル（４芯テープＷＢ）,ＳＭ １．３１μｍ ２０Ｃ,m,奈良,09,465,511,46,9.89,3cde071417d7a581,043f1828f00ef71d,117,117
配線材料,光ケーブル（４芯テープＷＢ）,ＳＭ １．３１μｍ ４０Ｃ,m,奈良,09,684,727,43,6.29,b185077c1d751e65,d3ff62ef05089845,117,117
配線材料,光ケーブル（４芯テープＷＢ）,ＳＭ １．３１μｍ ６０Ｃ,m,奈良,09,816,829,13,1.59,416185e82d0e7df5,240dd1e32c658dcf,117,117
配線材料,光ケーブル（４芯テープＷＢ）,ＳＭ １．３１μｍ ８０Ｃ,m,奈良,09,978,1050,72,7.36,8a5b2daa39d2b0e6,d64a1818fcf54145,117,117
配線材料,光ケーブル（４芯テープＷＢ）,ＳＭ １．３１μｍ １００Ｃ,m,奈良,09,1110,1150,40,3.6,601e8924b6abda27,a949054de977f4ca,117,117
配線材料,光ケーブル（４芯テープＷＢ）,ＳＭ １．３１μｍ １２０Ｃ,m,奈良,09,1430,1520,90,6.29,64862dff67d6721d,7dd6f4203c317e3e,117,117
配線材料,光ケーブル（４芯テープＷＢ）,ＳＭ １．３１μｍ １４０Ｃ,m,奈良,09,1560,1620,60,3.85,ec1f8c3ae0fca9fd,4afb8bf3cfdc7754,117,117
配線材料,光ケーブル（４芯テープＷＢ）,ＳＭ １．３１μｍ １６０Ｃ,m,奈良,09,1690,1720,30,1.78,649f344af2cb1683,3bc5252b82e61245,117,117
配線材料,光ケーブル（４芯テープＷＢ）,ＳＭ １．３１μｍ １８０Ｃ,m,奈良,09,1830,2070,240,13.11,4ed3502aac95f269,6ec5332f90f2c457,117,117
配線材料,光ケーブル（４芯テープＷＢ）,ＳＭ １．３１μｍ ２００Ｃ,m,奈良,09,1960,2220,260,13.27,019fe9be4289dd8a,1192cb4521d1f6c8,117,117
配線材料,光ケーブル（４芯テープＷＢ）,ＳＭ １．３１μｍ ２２０Ｃ,m,奈良,09,2440,2760,320,13.11,ac318b259ba06cdf,6117a65064064cd5,117,117
配線材料,光ケーブル（４芯テープＷＢ）,ＳＭ １．３１μｍ ２４０Ｃ,m,奈良,09,2570,2910,340,13.23,918c913a854a1dee,8774cb2d2f5997c5,117,117
配線材料,光ケーブル（４芯テープＷＢ）,ＳＭ １．３１μｍ ２６０Ｃ,m,奈良,09,2700,3060,360,13.33,9a5865914ec4f0e6,f7dff74be649e10c,117,117
配線材料,光ケーブル（４芯テープＷＢ）,ＳＭ １．３１μｍ ２８０Ｃ,m,奈良,09,2830,3210,380,13.43,529d5d680d860952,24709e2f6ca1d369,117,117
配線材料,光ケーブル（ノンメタリック）,ＳＭ １．３１μｍ ２６０Ｃ（４芯テープＳＳＦ）,m,和歌山,10,3010,3410,400,13.29,b171fa4aec221340,11586cdb5b6ba60e,117,117
配線材料,光ケーブル（ノンメタリック）,ＳＭ １．３１μｍ ２８０Ｃ（４芯テープＳＳＦ）,m,和歌山,10,3140,3560,420,13.38,70e2852d2e04738e,898e21a6b302e475,117,117
配線材料,光ケーブル（ノンメタリック）,ＳＭ １．３１μｍ ３００Ｃ（４芯テープＳＳＦ）,m,和歌山,10,3270,3710,440,13.46,7e81a3815979a288,ee8a109f312caaef,117,117
配線材料,光ケーブル（ノンメタリック）,ＳＭ １．３１μｍ ２Ｃ（スペーサ型）,m,和歌山,10,473,546,73,15.43,e0d91a4ca79ab7cb,a4f88b25f68064a6,117,117
配線材料,光ケーブル（ノンメタリック）,ＳＭ １．３１μｍ ４Ｃ（スペーサ型）,m,和歌山,10,556,642,86,15.47,6f614591277a7fe3,0cc1ef2f022f36eb,117,117
配線材料,光ケーブル（ノンメタリック）,ＳＭ １．３１μｍ ６Ｃ（スペーサ型）,m,和歌山,10,639,738,99,15.49,5aae13a2b8bb0b01,9eaf6b5f5732ae3e,117,117
配線材料,光ケーブル（ノンメタリック）,ＳＭ １．３１μｍ ８Ｃ（スペーサ型）,m,和歌山,10,722,834,112,15.51,d8df9d890153c5b0,739f13bee7e966d0,117,117
配線材料,光ケーブル（４芯テープＷＢ）,ＳＭ １．３１μｍ ４Ｃ,m,和歌山,10,360,408,48,13.33,bb37c06d43d4413f,b9a892d1c58dc750,117,117
配線材料,光ケーブル（４芯テープＷＢ）,ＳＭ １．３１μｍ ８Ｃ,m,和歌山,10,386,437,51,13.21,dd4b37df4a3c3706,de130f3b4b2309a6,117,117
配線材料,光ケーブル（４芯テープＷＢ）,ＳＭ １．３１μｍ ２０Ｃ,m,和歌山,10,465,511,46,9.89,4ea0d346cf64a804,31524729428a34bc,117,117
配線材料,光ケーブル（４芯テープＷＢ）,ＳＭ １．３１μｍ ４０Ｃ,m,和歌山,10,684,727,43,6.29,cffb3110fb2e58c6,349a7d2d71534bca,117,117
配線材料,光ケーブル（４芯テープＷＢ）,ＳＭ １．３１μｍ ６０Ｃ,m,和歌山,10,816,829,13,1.59,5a1d59d68ea66c01,255e813ad605ef7a,117,117
配線材料,光ケーブル（４芯テープＷＢ）,ＳＭ １．３１μｍ ８０Ｃ,m,和歌山,10,978,1050,72,7.36,7dcfa8afae06ba47,e1d26dae848f6083,117,117
配線材料,光ケーブル（４芯テープＷＢ）,ＳＭ １．３１μｍ １００Ｃ,m,和歌山,10,1110,1150,40,3.6,3d988376f84fd3e8,e4104cccf964b0e9,117,117
配線材料,光ケーブル（４芯テープＷＢ）,ＳＭ １．３１μｍ １２０Ｃ,m,和歌山,10,1430,1520,90,6.29,06ccb5273a4be992,6d8de569908feeff,117,117
配線材料,光ケーブル（４芯テープＷＢ）,ＳＭ １．３１μｍ １４０Ｃ,m,和歌山,10,1560,1620,60,3.85,a307963e940c7e20,95919a56643e878e,117,117
配線材料,光ケーブル（４芯テープＷＢ）,ＳＭ １．３１μｍ １６０Ｃ,m,和歌山,10,1690,1720,30,1.78,c46b13e9420bc962,cf7b6b5d0e1a813a,117,117
配線材料,光ケーブル（４芯テープＷＢ）,ＳＭ １．３１μｍ １８０Ｃ,m,和歌山,10,1830,2070,240,13.11,4fc93dbe1ee58052,f5749d4ddc92ba96,117,117
配線材料,光ケーブル（４芯テープＷＢ）,ＳＭ １．３１μｍ ２００Ｃ,m,和歌山,10,1960,2220,260,13.27,4ca44de7a2213642,5624ab4e96197c2b,117,117
配線材料,光ケーブル（４芯テープＷＢ）,ＳＭ １．３１μｍ ２２０Ｃ,m,和歌山,10,2440,2760,320,13.11,4fc61f318560278b,88786abbbe221c19,117,117
配線材料,光ケーブル（４芯テープＷＢ）,ＳＭ １．３１μｍ ２４０Ｃ,m,和歌山,10,2570,2910,340,13.23,41ad4d8b2090a5ee,e871e8dc9e2efc8c,117,117
配線材料,光ケーブル（４芯テープＷＢ）,ＳＭ １．３１μｍ ２６０Ｃ,m,和歌山,10,2700,3060,360,13.33,04e168aa887d5587,fce3154ca7bd4fa8,117,117
配線材料,光ケーブル（４芯テープＷＢ）,ＳＭ １．３１μｍ ２８０Ｃ,m,和歌山,10,2830,3210,380,13.43,1391cb7aafd9f801,887374b7a49473be,117,117
配線材料,光ケーブル（ノンメタリック）,ＳＭ １．３１μｍ ２６０Ｃ（４芯テープＳＳＦ）,m,岐阜,11,3010,3410,400,13.29,ca1c3c18f180a4a1,cf0077bd695ded69,117,117
配線材料,光ケーブル（ノンメタリック）,ＳＭ １．３１μｍ ２８０Ｃ（４芯テープＳＳＦ）,m,岐阜,11,3140,3560,420,13.38,9655d5b309d2b6e3,bd84927401189286,117,117
配線材料,光ケーブル（ノンメタリック）,ＳＭ １．３１μｍ ３００Ｃ（４芯テープＳＳＦ）,m,岐阜,11,3270,3710,440,13.46,2f77369cebf03887,71c608b0504a159f,117,117
配線材料,光ケーブル（ノンメタリック）,ＳＭ １．３１μｍ ２Ｃ（スペーサ型）,m,岐阜,11,473,546,73,15.43,25dd0606882f371c,62b2c7b132ba59e6,117,117
配線材料,光ケーブル（ノンメタリック）,ＳＭ １．３１μｍ ４Ｃ（スペーサ型）,m,岐阜,11,556,642,86,15.47,f5c3f27f79cb2eb0,dfedaf7c471fd0d5,117,117
配線材料,光ケーブル（ノンメタリック）,ＳＭ １．３１μｍ ６Ｃ（スペーサ型）,m,岐阜,11,639,738,99,15.49,681de8b1aa079f28,117c2021cb1a8618,117,117
配線材料,光ケーブル（ノンメタリック）,ＳＭ １．３１μｍ ８Ｃ（スペーサ型）,m,岐阜,11,722,834,112,15.51,3e616caf9927bb79,6e4c53de453a978c,117,117
配線材料,光ケーブル（４芯テープＷＢ）,ＳＭ １．３１μｍ ４Ｃ,m,岐阜,11,360,408,48,13.33,630b65e5c88e2f92,0caf4a92b4d1b00a,117,117
配線材料,光ケーブル（４芯テープＷＢ）,ＳＭ １．３１μｍ ８Ｃ,m,岐阜,11,386,437,51,13.21,6d39fbc60e6a4094,70ce2514683ac99e,117,117
配線材料,光ケーブル（４芯テープＷＢ）,ＳＭ １．３１μｍ ２０Ｃ,m,岐阜,11,465,511,46,9.89,7c55886b82b68f0c,e93b86f045bc4b37,117,117
配線材料,光ケーブル（４芯テープＷＢ）,ＳＭ １．３１μｍ ４０Ｃ,m,岐阜,11,684,727,43,6.29,15df69e8aece05e5,98e2594334a60ad6,117,117
配線材料,光ケーブル（４芯テープＷＢ）,ＳＭ １．３１μｍ ６０Ｃ,m,岐阜,11,816,829,13,1.59,74b55fed6c0ef663,4b22593b9f9af1ce,117,117
配線材料,光ケーブル（４芯テープＷＢ）,ＳＭ １．３１μｍ ８０Ｃ,m,岐阜,11,978,1050,72,7.36,0b33b7b832acc72c,4cf2b35a42975be7,117,117
配線材料,光ケーブル（４芯テープＷＢ）,ＳＭ １．３１μｍ １００Ｃ,m,岐阜,11,1110,1150,40,3.6,de1b00a8bed2196f,b725c3634d6f78e3,117,117
配線材料,光ケーブル（４芯テープＷＢ）,ＳＭ １．３１μｍ １２０Ｃ,m,岐阜,11,1430,1520,90,6.29,727686987802fc44,04d86b2857521863,117,117
配線材料,光ケーブル（４芯テープＷＢ）,ＳＭ １．３１μｍ １４０Ｃ,m,岐阜,11,1560,1620,60,3.85,106b8f645a5c20a6,e317cd849f991cbd,117,117
配線材料,光ケーブル（４芯テープＷＢ）,ＳＭ １．３１μｍ １６０Ｃ,m,岐阜,11,1690,1720,30,1.78,1bb86f2e5f15f387,5d80c24072accce0,117,117
配線材料,光ケーブル（４芯テープＷＢ）,ＳＭ １．３１μｍ １８０Ｃ,m,岐阜,11,1830,2070,240,13.11,4d6613a14713d272,0f3825ba77c04e68,117,117
配線材料,光ケーブル（４芯テープＷＢ）,ＳＭ １．３１μｍ ２００Ｃ,m,岐阜,11,1960,2220,260,13.27,dea7b37e252b8836,3f51b61720d3faf8,117,117
配線材料,光ケーブル（４芯テープＷＢ）,ＳＭ １．３１μｍ ２２０Ｃ,m,岐阜,11,2440,2760,320,13.11,4f10c8fc8441d030,240709c0080ae0c9,117,117
配線材料,光ケーブル（４芯テープＷＢ）,ＳＭ １．３１μｍ ２４０Ｃ,m,岐阜,11,2570,2910,340,13.23,4879f3bff33fc937,cd3c1a9e3406d3fd,117,117
配線材料,光ケーブル（４芯テープＷＢ）,ＳＭ １．３１μｍ ２６０Ｃ,m,岐阜,11,2700,3060,360,13.33,9e2c0c9e5b81eeec,32179460ad8e42a1,117,117
配線材料,光ケーブル（４芯テープＷＢ）,ＳＭ １．３１μｍ ２８０Ｃ,m,岐阜,11,2830,3210,380,13.43,15c6e41c4ef46905,19675c7ff7aad638,117,117
配線材料,光ケーブル（ノンメタリック）,ＳＭ １．３１μｍ ２６０Ｃ（４芯テープＳＳＦ）,m,三重,12,3010,3410,400,13.29,df1a180add8ea72c,5d7e89a1c4dfbecb,117,117
配線材料,光ケーブル（ノンメタリック）,ＳＭ １．３１μｍ ２８０Ｃ（４芯テープＳＳＦ）,m,三重,12,3140,3560,420,13.38,e7912ff1d3e15462,ffc07699e4f2690b,117,117
配線材料,光ケーブル（ノンメタリック）,ＳＭ １．３１μｍ ３００Ｃ（４芯テープＳＳＦ）,m,三重,12,3270,3710,440,13.46,be61a547b00a75a9,4c04b7863a9180db,117,117
配線材料,光ケーブル（ノンメタリック）,ＳＭ １．３１μｍ ２Ｃ（スペーサ型）,m,三重,12,473,546,73,15.43,1897bf5b87336600,7304d509c2e2caea,117,117
配線材料,光ケーブル（ノンメタリック）,ＳＭ １．３１μｍ ４Ｃ（スペーサ型）,m,三重,12,556,642,86,15.47,2bedec773cff8a4d,72304f1655aca3fd,117,117
配線材料,光ケーブル（ノンメタリック）,ＳＭ １．３１μｍ ６Ｃ（スペーサ型）,m,三重,12,639,738,99,15.49,c1e2b6ba50c082d0,12dc70d105bb35b6,117,117
配線材料,光ケーブル（ノンメタリック）,ＳＭ １．３１μｍ ８Ｃ（スペーサ型）,m,三重,12,722,834,112,15.51,af1e2665c5169d42,0a9df8f7d4950c58,117,117
配線材料,光ケーブル（４芯テープＷＢ）,ＳＭ １．３１μｍ ４Ｃ,m,三重,12,360,408,48,13.33,15e295d974887af2,1fd7c34b2248bd6d,117,117
配線材料,光ケーブル（４芯テープＷＢ）,ＳＭ １．３１μｍ ８Ｃ,m,三重,12,386,437,51,13.21,91e6ffe5c495ad48,b9e325d94556b2b1,117,117
配線材料,光ケーブル（４芯テープＷＢ）,ＳＭ １．３１μｍ ２０Ｃ,m,三重,12,465,511,46,9.89,d787aa200aa8b3a0,160bdaaba92f3a56,117,117
配線材料,光ケーブル（４芯テープＷＢ）,ＳＭ １．３１μｍ ４０Ｃ,m,三重,12,684,727,43,6.29,bcb348066c61691b,19e4a42371f5f87d,117,117
配線材料,光ケーブル（４芯テープＷＢ）,ＳＭ １．３１μｍ ６０Ｃ,m,三重,12,816,829,13,1.59,ed5f0dbf6a3712f0,6c18e3cd747d43db,117,117
配線材料,光ケーブル（４芯テープＷＢ）,ＳＭ １．３１μｍ ８０Ｃ,m,三重,12,978,1050,72,7.36,dd13a48e0619c390,5a41ce11f02625c0,117,117
配線材料,光ケーブル（４芯テープＷＢ）,ＳＭ １．３１μｍ １００Ｃ,m,三重,12,1110,1150,40,3.6,f756b34d6624755b,b34e49f0762d6053,117,117
配線材料,光ケーブル（４芯テープＷＢ）,ＳＭ １．３１μｍ １２０Ｃ,m,三重,12,1430,1520,90,6.29,f08d6e24ba70d9bc,af644c90b79ac2ba,117,117
配線材料,光ケーブル（４芯テープＷＢ）,ＳＭ １．３１μｍ １４０Ｃ,m,三重,12,1560,1620,60,3.85,2e874ec5fc417c73,29d741237d3ed135,117,117
配線材料,光ケーブル（４芯テープＷＢ）,ＳＭ １．３１μｍ １６０Ｃ,m,三重,12,1690,1720,30,1.78,4b9e84ecdd0ed24b,87d1a79253832e4c,117,117
配線材料,光ケーブル（４芯テープＷＢ）,ＳＭ １．３１μｍ １８０Ｃ,m,三重,12,1830,2070,240,13.11,68d4a4e5ed8e362a,dd463d7987958def,117,117
配線材料,光ケーブル（４芯テープＷＢ）,ＳＭ １．３１μｍ ２００Ｃ,m,三重,12,1960,2220,260,13.27,6f48af2c04f00cd1,1706ae45eaf2f214,117,117
配線材料,光ケーブル（４芯テープＷＢ）,ＳＭ １．３１μｍ ２２０Ｃ,m,三重,12,2440,2760,320,13.11,ebe005929abdd395,7b9aed0adced49c0,117,117
配線材料,光ケーブル（４芯テープＷＢ）,ＳＭ １．３１μｍ ２４０Ｃ,m,三重,12,2570,2910,340,13.23,65de84101291d516,08e5f60ceca179b9,117,117
配線材料,光ケーブル（４芯テープＷＢ）,ＳＭ １．３１μｍ ２６０Ｃ,m,三重,12,2700,3060,360,13.33,bb8291c852bd72f3,a278ba03f3b93578,117,117
配線材料,光ケーブル（４芯テープＷＢ）,ＳＭ １．３１μｍ ２８０Ｃ,m,三重,12,2830,3210,380,13.43,dd693ec19c0ac0ff,6210b3e1b6c97a5f,117,117
配線材料,光ケーブル（４芯テープＷＢ）,ＳＭ １．３１μｍ ３００Ｃ,m,福井,01,2970,3360,390,13.13,ebc40983082fa896,9081d4b8f9514149,118,118
配線材料,金属製プルボックス（亜鉛メッキ）,１００×１００×１００ ３．２ｔ ＨＤＺＴ６３,個,福井,01,4270,4700,430,10.07,828ab01faef73d89,b3b410bce0924687,118,118
配線材料,金属製プルボックス（亜鉛メッキ）,１５０×１５０×１００ ３．２ｔ ＨＤＺＴ６３,個,福井,01,5430,5970,540,9.94,c662e12cd7793e9e,5ce4887d4d90c142,118,118
配線材料,金属製プルボックス（亜鉛メッキ）,２００×２００×１００ ３．２ｔ ＨＤＺＴ６３,個,福井,01,6530,7180,650,9.95,76d8dfde5a967936,61d34be53f334e23,118,118
配線材料,金属製プルボックス（亜鉛メッキ）,２００×２００×１５０ ３．２ｔ ＨＤＺＴ６３,個,福井,01,8160,8980,820,10.05,4681ab160e1314f7,82bc811c32f3a9c9,118,118
配線材料,金属製プルボックス（亜鉛メッキ）,２００×２００×２００ ３．２ｔ ＨＤＺＴ６３,個,福井,01,9790,10700,910,9.3,d15ae8cc1cca8500,d1520b64aa6824c0,118,118
配線材料,金属製プルボックス（亜鉛メッキ）,２５０×２５０×２５０ ３．２ｔ ＨＤＺＴ６３,個,福井,01,14800,16300,1500,10.14,7acb42d1ba011e8e,0ed6a50b555c6c33,118,118
配線材料,金属製プルボックス（亜鉛メッキ）,３００×３００×２００ ３．２ｔ ＨＤＺＴ６３,個,福井,01,17100,18800,1700,9.94,0b94902022cc1c87,902b1164fc0a3918,118,118
配線材料,金属製プルボックス（亜鉛メッキ）,３５０×３００×３００ ３．２ｔ ＨＤＺＴ６３,個,福井,01,22000,24200,2200,10.0,d021e20b5ed89180,c9aacfc1e8c16ea4,118,118
配線材料,金属製プルボックス（亜鉛メッキ）,３５０×３５０×２００ ３．２ｔ ＨＤＺＴ６３,個,福井,01,19300,21200,1900,9.84,1a9cafce177347a5,cf3787e8ced23922,118,118
配線材料,金属製プルボックス（亜鉛メッキ）,３５０×３５０×３５０ ３．２ｔ ＨＤＺＴ６３,個,福井,01,26600,29200,2600,9.77,2702804e2df143d1,709bcb542d0fc6fc,118,118
配線材料,金属製プルボックス（亜鉛メッキ）,４００×３００×３００ ３．２ｔ ＨＤＺＴ６３,個,福井,01,24600,27100,2500,10.16,5f5309dd626fe089,37336ce67c310da0,118,118
配線材料,金属製プルボックス（亜鉛メッキ）,４００×４００×２００ ３．２ｔ ＨＤＺＴ６３,個,福井,01,23100,25500,2400,10.39,889422991d8d0292,5b3100a2efb6d985,118,118
配線材料,金属製プルボックス（亜鉛メッキ）,４００×４００×３００ ３．２ｔ ＨＤＺＴ６３,個,福井,01,30800,33900,3100,10.06,b831640d587bdd99,3d7b80492b1153db,118,118
配線材料,金属製プルボックス（亜鉛メッキ）,５００×５００×３００ ３．２ｔ ＨＤＺＴ６３,個,福井,01,41700,45900,4200,10.07,1cc32fd743117c8f,800aae9fbaebf8d3,118,118
配線材料,金属製プルボックス（亜鉛メッキ）,１５０×１５０×１５０ ３．２ｔ ＨＤＺＴ６３,個,福井,01,5820,6400,580,9.97,706f70fbde1861af,415030ce877f5b55,118,118
配線材料,金属製プルボックス（亜鉛メッキ）,２５０×２５０×１５０ ３．２ｔ ＨＤＺＴ６３,個,福井,01,11500,12600,1100,9.57,9a1fa447d6936727,a22d0e5b88930e72,118,118
配線材料,金属製プルボックス（亜鉛メッキ）,２５０×２５０×２００ ３．２ｔ ＨＤＺＴ６３,個,福井,01,12800,14100,1300,10.16,c25df0ff9c41bc20,53385e9a111361f3,118,118
配線材料,金属製プルボックス（亜鉛メッキ）,３００×３００×１５０ ３．２ｔ ＨＤＺＴ６３,個,福井,01,14400,15900,1500,10.42,507153797bb8e8f3,590cee5d3737d33d,118,118
配線材料,金属製プルボックス（亜鉛メッキ）,３００×３００×２５０ ３．２ｔ ＨＤＺＴ６３,個,福井,01,18400,20300,1900,10.33,cd25f6227a9811d7,7ad1c916bf1f266c,118,118
配線材料,金属製プルボックス（亜鉛メッキ）,３５０×３５０×２５０ ３．２ｔ ＨＤＺＴ６３,個,福井,01,21900,24100,2200,10.05,8b55e061bcd7d24c,c0ce693ee949a118,118,118
配線材料,金属製プルボックス（亜鉛メッキ）,４００×３００×２００ ３．２ｔ ＨＤＺＴ６３,個,福井,01,19100,21000,1900,9.95,86b4e7f4c9e5a7c7,5d187a5046142436,118,118
配線材料,金属製プルボックス（亜鉛メッキ）,４００×３００×２５０ ３．２ｔ ＨＤＺＴ６３,個,福井,01,21700,23800,2100,9.68,90027994a6e85946,b709be482358ceb9,118,118
配線材料,金属製プルボックス（亜鉛メッキ）,４００×４００×２５０ ３．２ｔ ＨＤＺＴ６３,個,福井,01,26000,28600,2600,10.0,82c422426daabf40,305aa20ca81cc375,118,118
配線材料,金属製プルボックス（亜鉛メッキ）,５００×４００×３００ ３．２ｔ ＨＤＺＴ６３,個,福井,01,36700,40400,3700,10.08,40997cff21d49167,de6bd44bc128df7f,118,118
配線材料,光ケーブル（４芯テープＷＢ）,ＳＭ １．３１μｍ ３００Ｃ,m,滋賀,02,2970,3360,390,13.13,bca942126b336aaa,1e360d8f74c75676,118,118
配線材料,金属製プルボックス（亜鉛メッキ）,１００×１００×１００ ３．２ｔ ＨＤＺＴ６３,個,滋賀,02,4270,4700,430,10.07,f3681bf9b8af6dd2,73796f503c8f9d6c,118,118
配線材料,金属製プルボックス（亜鉛メッキ）,１５０×１５０×１００ ３．２ｔ ＨＤＺＴ６３,個,滋賀,02,5430,5970,540,9.94,be67f64624c9ab7f,212b6ab7bbfc8d38,118,118
配線材料,金属製プルボックス（亜鉛メッキ）,２００×２００×１００ ３．２ｔ ＨＤＺＴ６３,個,滋賀,02,6530,7180,650,9.95,327814f9889ed863,b226a8eb2e77028f,118,118
配線材料,金属製プルボックス（亜鉛メッキ）,２００×２００×１５０ ３．２ｔ ＨＤＺＴ６３,個,滋賀,02,8160,8980,820,10.05,2b6a852c35da97e8,d0b25ca07f4b838f,118,118
配線材料,金属製プルボックス（亜鉛メッキ）,２００×２００×２００ ３．２ｔ ＨＤＺＴ６３,個,滋賀,02,9790,10700,910,9.3,b31b512a779b7b07,fb3125a26d4a0d1c,118,118
配線材料,金属製プルボックス（亜鉛メッキ）,２５０×２５０×２５０ ３．２ｔ ＨＤＺＴ６３,個,滋賀,02,14800,16300,1500,10.14,562d22fef01311c4,381bfe282705921b,118,118
配線材料,金属製プルボックス（亜鉛メッキ）,３００×３００×２００ ３．２ｔ ＨＤＺＴ６３,個,滋賀,02,17100,18800,1700,9.94,83e3c6390adb01aa,45f3bd6a8ceb2135,118,118
配線材料,金属製プルボックス（亜鉛メッキ）,３５０×３００×３００ ３．２ｔ ＨＤＺＴ６３,個,滋賀,02,22000,24200,2200,10.0,bfa4b1cfce64da56,dc60ad3146338ca9,118,118
配線材料,金属製プルボックス（亜鉛メッキ）,３５０×３５０×２００ ３．２ｔ ＨＤＺＴ６３,個,滋賀,02,19300,21200,1900,9.84,ee85d3bde355e1ff,5aac0c2c6aedd31c,118,118
配線材料,金属製プルボックス（亜鉛メッキ）,３５０×３５０×３５０ ３．２ｔ ＨＤＺＴ６３,個,滋賀,02,26600,29200,2600,9.77,881a99e8fd46aa3d,9bc8969ff7298240,118,118
配線材料,金属製プルボックス（亜鉛メッキ）,４００×３００×３００ ３．２ｔ ＨＤＺＴ６３,個,滋賀,02,24600,27100,2500,10.16,2461db88ab17b6cd,a5a28f2c5e457a4e,118,118
配線材料,金属製プルボックス（亜鉛メッキ）,４００×４００×２００ ３．２ｔ ＨＤＺＴ６３,個,滋賀,02,23100,25500,2400,10.39,36badb9917298433,431a0034425ffdc3,118,118
配線材料,金属製プルボックス（亜鉛メッキ）,４００×４００×３００ ３．２ｔ ＨＤＺＴ６３,個,滋賀,02,30800,33900,3100,10.06,2be6af6a4522f333,9541ff476fe511a3,118,118
配線材料,金属製プルボックス（亜鉛メッキ）,５００×５００×３００ ３．２ｔ ＨＤＺＴ６３,個,滋賀,02,41700,45900,4200,10.07,cb56eed0111723e5,89b943ad88e904f2,118,118
配線材料,金属製プルボックス（亜鉛メッキ）,１５０×１５０×１５０ ３．２ｔ ＨＤＺＴ６３,個,滋賀,02,5820,6400,580,9.97,9eded68247f7846f,fa8b81887c53f8f0,118,118
配線材料,金属製プルボックス（亜鉛メッキ）,２５０×２５０×１５０ ３．２ｔ ＨＤＺＴ６３,個,滋賀,02,11500,12600,1100,9.57,9002083b19e81bd2,4376670aaaaf9815,118,118
配線材料,金属製プルボックス（亜鉛メッキ）,２５０×２５０×２００ ３．２ｔ ＨＤＺＴ６３,個,滋賀,02,12800,14100,1300,10.16,e0a3b8dd60176962,f586fce6accbb4c0,118,118
配線材料,金属製プルボックス（亜鉛メッキ）,３００×３００×１５０ ３．２ｔ ＨＤＺＴ６３,個,滋賀,02,14400,15900,1500,10.42,a4a4efa6ce7164f3,61e68e9142b9c7cc,118,118
配線材料,金属製プルボックス（亜鉛メッキ）,３００×３００×２５０ ３．２ｔ ＨＤＺＴ６３,個,滋賀,02,18400,20300,1900,10.33,38cccd15d9267ae6,44786b9e725d30d6,118,118
配線材料,金属製プルボックス（亜鉛メッキ）,３５０×３５０×２５０ ３．２ｔ ＨＤＺＴ６３,個,滋賀,02,21900,24100,2200,10.05,e15bd851011526fc,73b7c078ba734121,118,118
配線材料,金属製プルボックス（亜鉛メッキ）,４００×３００×２００ ３．２ｔ ＨＤＺＴ６３,個,滋賀,02,19100,21000,1900,9.95,2f4566e338417ad4,16cd2ee807bd2f44,118,118
配線材料,金属製プルボックス（亜鉛メッキ）,４００×３００×２５０ ３．２ｔ ＨＤＺＴ６３,個,滋賀,02,21700,23800,2100,9.68,1f863488f58f1729,88390f2e44c2e635,118,118
配線材料,金属製プルボックス（亜鉛メッキ）,４００×４００×２５０ ３．２ｔ ＨＤＺＴ６３,個,滋賀,02,26000,28600,2600,10.0,ea145058bfa7b5bb,41b5d031aa3c4967,118,118
配線材料,金属製プルボックス（亜鉛メッキ）,５００×４００×３００ ３．２ｔ ＨＤＺＴ６３,個,滋賀,02,36700,40400,3700,10.08,f0de6e582fd9e163,764b7e966f4aacd7,118,118
配線材料,光ケーブル（４芯テープＷＢ）,ＳＭ １．３１μｍ ３００Ｃ,m,京都北部,03,2970,3360,390,13.13,bb1acdbf231a468b,bff190d7d8794af1,118,118
配線材料,金属製プルボックス（亜鉛メッキ）,１００×１００×１００ ３．２ｔ ＨＤＺＴ６３,個,京都北部,03,4270,4700,430,10.07,adefef96514b303f,6b5a7562fec7f198,118,118
配線材料,金属製プルボックス（亜鉛メッキ）,１５０×１５０×１００ ３．２ｔ ＨＤＺＴ６３,個,京都北部,03,5430,5970,540,9.94,718c909fa1031d00,dd52a1c76e3a78d8,118,118
配線材料,金属製プルボックス（亜鉛メッキ）,２００×２００×１００ ３．２ｔ ＨＤＺＴ６３,個,京都北部,03,6530,7180,650,9.95,0c714d102f0f639d,5f4500d99612cc7e,118,118
配線材料,金属製プルボックス（亜鉛メッキ）,２００×２００×１５０ ３．２ｔ ＨＤＺＴ６３,個,京都北部,03,8160,8980,820,10.05,b4a5761d21f702de,fe9c665f657b5135,118,118
配線材料,金属製プルボックス（亜鉛メッキ）,２００×２００×２００ ３．２ｔ ＨＤＺＴ６３,個,京都北部,03,9790,10700,910,9.3,2fcf0f5d1f8ed5e0,1f9b903ce11bfbaa,118,118
配線材料,金属製プルボックス（亜鉛メッキ）,２５０×２５０×２５０ ３．２ｔ ＨＤＺＴ６３,個,京都北部,03,14800,16300,1500,10.14,464ca21b7d1f87f5,a5ac1ab40eedb04e,118,118
配線材料,金属製プルボックス（亜鉛メッキ）,３００×３００×２００ ３．２ｔ ＨＤＺＴ６３,個,京都北部,03,17100,18800,1700,9.94,0d3b6a07c30d990e,8320d8d67a8edfb3,118,118
配線材料,金属製プルボックス（亜鉛メッキ）,３５０×３００×３００ ３．２ｔ ＨＤＺＴ６３,個,京都北部,03,22000,24200,2200,10.0,f4d4a492729fc11e,a3ffd33d97b22efa,118,118
配線材料,金属製プルボックス（亜鉛メッキ）,３５０×３５０×２００ ３．２ｔ ＨＤＺＴ６３,個,京都北部,03,19300,21200,1900,9.84,4b5a39dfa086f18d,5144c69fffea7665,118,118
配線材料,金属製プルボックス（亜鉛メッキ）,３５０×３５０×３５０ ３．２ｔ ＨＤＺＴ６３,個,京都北部,03,26600,29200,2600,9.77,a18f53bf813bed5f,52a803b725254afe,118,118
配線材料,金属製プルボックス（亜鉛メッキ）,４００×３００×３００ ３．２ｔ ＨＤＺＴ６３,個,京都北部,03,24600,27100,2500,10.16,480735f2ee41e5d1,4f81bb0d4b5ad8aa,118,118
配線材料,金属製プルボックス（亜鉛メッキ）,４００×４００×２００ ３．２ｔ ＨＤＺＴ６３,個,京都北部,03,23100,25500,2400,10.39,e45064494099b261,b2980902c6c059c9,118,118
配線材料,金属製プルボックス（亜鉛メッキ）,４００×４００×３００ ３．２ｔ ＨＤＺＴ６３,個,京都北部,03,30800,33900,3100,10.06,fef64084b1dd131e,eff9b836b065ade3,118,118
配線材料,金属製プルボックス（亜鉛メッキ）,５００×５００×３００ ３．２ｔ ＨＤＺＴ６３,個,京都北部,03,41700,45900,4200,10.07,8c4480f9090df8e2,f2e2bd7fdd9e59ea,118,118
配線材料,金属製プルボックス（亜鉛メッキ）,１５０×１５０×１５０ ３．２ｔ ＨＤＺＴ６３,個,京都北部,03,5820,6400,580,9.97,c80763881e566b5c,d5dcf8af93fb93c8,118,118
配線材料,金属製プルボックス（亜鉛メッキ）,２５０×２５０×１５０ ３．２ｔ ＨＤＺＴ６３,個,京都北部,03,11500,12600,1100,9.57,74eef69135664e51,2cc1cc5cbf8bbe86,118,118
配線材料,金属製プルボックス（亜鉛メッキ）,２５０×２５０×２００ ３．２ｔ ＨＤＺＴ６３,個,京都北部,03,12800,14100,1300,10.16,6a9510f8a7636448,217fd2ff5d829993,118,118
配線材料,金属製プルボックス（亜鉛メッキ）,３００×３００×１５０ ３．２ｔ ＨＤＺＴ６３,個,京都北部,03,14400,15900,1500,10.42,bf7697df76ca01f1,5320c3215024485e,118,118
配線材料,金属製プルボックス（亜鉛メッキ）,３００×３００×２５０ ３．２ｔ ＨＤＺＴ６３,個,京都北部,03,18400,20300,1900,10.33,60bde8d30e36b87f,136e7d5b4a456320,118,118
配線材料,金属製プルボックス（亜鉛メッキ）,３５０×３５０×２５０ ３．２ｔ ＨＤＺＴ６３,個,京都北部,03,21900,24100,2200,10.05,c0153c556b0e0fea,827098050c9977af,118,118
配線材料,金属製プルボックス（亜鉛メッキ）,４００×３００×２００ ３．２ｔ ＨＤＺＴ６３,個,京都北部,03,19100,21000,1900,9.95,18e3609d056f3296,74843ef577d17e93,118,118
配線材料,金属製プルボックス（亜鉛メッキ）,４００×３００×２５０ ３．２ｔ ＨＤＺＴ６３,個,京都北部,03,21700,23800,2100,9.68,343d363055e97c21,4ee6adea326397d7,118,118
配線材料,金属製プルボックス（亜鉛メッキ）,４００×４００×２５０ ３．２ｔ ＨＤＺＴ６３,個,京都北部,03,26000,28600,2600,10.0,2dccecc3b50fd057,3be6bb82cdbf5183,118,118
配線材料,金属製プルボックス（亜鉛メッキ）,５００×４００×３００ ３．２ｔ ＨＤＺＴ６３,個,京都北部,03,36700,40400,3700,10.08,3a344f36fa4ee047,3d56362e7070ff94,118,118
配線材料,光ケーブル（４芯テープＷＢ）,ＳＭ １．３１μｍ ３００Ｃ,m,京都南部,04,2970,3360,390,13.13,dbd09aa5ae5793a5,b8cf6148bcd315dc,118,118
配線材料,金属製プルボックス（亜鉛メッキ）,１００×１００×１００ ３．２ｔ ＨＤＺＴ６３,個,京都南部,04,4270,4700,430,10.07,78a694573b87b63a,8171480eddac0b77,118,118
配線材料,金属製プルボックス（亜鉛メッキ）,１５０×１５０×１００ ３．２ｔ ＨＤＺＴ６３,個,京都南部,04,5430,5970,540,9.94,94ac1b2602eb7c04,8e9b4a7b1b2bae2d,118,118
配線材料,金属製プルボックス（亜鉛メッキ）,２００×２００×１００ ３．２ｔ ＨＤＺＴ６３,個,京都南部,04,6530,7180,650,9.95,2a192ed538688eab,e7a41540760ad754,118,118
配線材料,金属製プルボックス（亜鉛メッキ）,２００×２００×１５０ ３．２ｔ ＨＤＺＴ６３,個,京都南部,04,8160,8980,820,10.05,a404a88ea57af611,3de5322656691224,118,118
配線材料,金属製プルボックス（亜鉛メッキ）,２００×２００×２００ ３．２ｔ ＨＤＺＴ６３,個,京都南部,04,9790,10700,910,9.3,a22518775cc4fe13,5d29614d25b8d311,118,118
配線材料,金属製プルボックス（亜鉛メッキ）,２５０×２５０×２５０ ３．２ｔ ＨＤＺＴ６３,個,京都南部,04,14800,16300,1500,10.14,fd9ad80c8dfa194d,1039abbcf410bf0f,118,118
配線材料,金属製プルボックス（亜鉛メッキ）,３００×３００×２００ ３．２ｔ ＨＤＺＴ６３,個,京都南部,04,17100,18800,1700,9.94,345c76676d5d40b2,d461045cdeb627ee,118,118
配線材料,金属製プルボックス（亜鉛メッキ）,３５０×３００×３００ ３．２ｔ ＨＤＺＴ６３,個,京都南部,04,22000,24200,2200,10.0,4d5366a2eaa1ca0f,895b1adfd0bf3c36,118,118
配線材料,金属製プルボックス（亜鉛メッキ）,３５０×３５０×２００ ３．２ｔ ＨＤＺＴ６３,個,京都南部,04,19300,21200,1900,9.84,1957ab6389e0b06b,9b22881b38a336a9,118,118
配線材料,金属製プルボックス（亜鉛メッキ）,３５０×３５０×３５０ ３．２ｔ ＨＤＺＴ６３,個,京都南部,04,26600,29200,2600,9.77,970ebbbc457998a3,05a2bbcc2cd264a2,118,118
配線材料,金属製プルボックス（亜鉛メッキ）,４００×３００×３００ ３．２ｔ ＨＤＺＴ６３,個,京都南部,04,24600,27100,2500,10.16,9908a83079903b27,b0d474ce648a020a,118,118
配線材料,金属製プルボックス（亜鉛メッキ）,４００×４００×２００ ３．２ｔ ＨＤＺＴ６３,個,京都南部,04,23100,25500,2400,10.39,9a42c4b786bf3760,d5ab401f35abdb62,118,118
配線材料,金属製プルボックス（亜鉛メッキ）,４００×４００×３００ ３．２ｔ ＨＤＺＴ６３,個,京都南部,04,30800,33900,3100,10.06,d7957ed1ccdcc2ac,ffd81f52e365b1ee,118,118
配線材料,金属製プルボックス（亜鉛メッキ）,５００×５００×３００ ３．２ｔ ＨＤＺＴ６３,個,京都南部,04,41700,45900,4200,10.07,25f974d62884606e,75a14aef76067bc8,118,118
配線材料,金属製プルボックス（亜鉛メッキ）,１５０×１５０×１５０ ３．２ｔ ＨＤＺＴ６３,個,京都南部,04,5820,6400,580,9.97,7029016696ecff24,db7178589f103d83,118,118
配線材料,金属製プルボックス（亜鉛メッキ）,２５０×２５０×１５０ ３．２ｔ ＨＤＺＴ６３,個,京都南部,04,11500,12600,1100,9.57,6f6029744f335d00,104d9e67a056f7d8,118,118
配線材料,金属製プルボックス（亜鉛メッキ）,２５０×２５０×２００ ３．２ｔ ＨＤＺＴ６３,個,京都南部,04,12800,14100,1300,10.16,609fbc37d7595c28,671500656d6df763,118,118
配線材料,金属製プルボックス（亜鉛メッキ）,３００×３００×１５０ ３．２ｔ ＨＤＺＴ６３,個,京都南部,04,14400,15900,1500,10.42,d8cd4fb1a705e9ce,1defa0f42be66f45,118,118
配線材料,金属製プルボックス（亜鉛メッキ）,３００×３００×２５０ ３．２ｔ ＨＤＺＴ６３,個,京都南部,04,18400,20300,1900,10.33,74ffc7adcfb65bbf,fabab268564441cb,118,118
配線材料,金属製プルボックス（亜鉛メッキ）,３５０×３５０×２５０ ３．２ｔ ＨＤＺＴ６３,個,京都南部,04,21900,24100,2200,10.05,24972d852117a2ff,2bb409d0b3c0d240,118,118
配線材料,金属製プルボックス（亜鉛メッキ）,４００×３００×２００ ３．２ｔ ＨＤＺＴ６３,個,京都南部,04,19100,21000,1900,9.95,455024cda40885ca,84d974c7a3a89b03,118,118
配線材料,金属製プルボックス（亜鉛メッキ）,４００×３００×２５０ ３．２ｔ ＨＤＺＴ６３,個,京都南部,04,21700,23800,2100,9.68,d686fd439d427590,a1c0f66732edb3e4,118,118
配線材料,金属製プルボックス（亜鉛メッキ）,４００×４００×２５０ ３．２ｔ ＨＤＺＴ６３,個,京都南部,04,26000,28600,2600,10.0,527c256daf9c27d9,fb3e5f179177f5f9,118,118
配線材料,金属製プルボックス（亜鉛メッキ）,５００×４００×３００ ３．２ｔ ＨＤＺＴ６３,個,京都南部,04,36700,40400,3700,10.08,71fbdd097efe86bb,8bedfc5255165565,118,118
配線材料,光ケーブル（４芯テープＷＢ）,ＳＭ １．３１μｍ ３００Ｃ,m,大阪,05,2970,3360,390,13.13,07f2b5ad3f227060,235d4f7d8cca48e1,118,118
配線材料,金属製プルボックス（亜鉛メッキ）,１００×１００×１００ ３．２ｔ ＨＤＺＴ６３,個,大阪,05,4270,4700,430,10.07,4573156bad42ebec,69be2f2efedfd748,118,118
配線材料,金属製プルボックス（亜鉛メッキ）,１５０×１５０×１００ ３．２ｔ ＨＤＺＴ６３,個,大阪,05,5430,5970,540,9.94,9a832c4a3e65366f,2ac2ffe27d2cc7ef,118,118
配線材料,金属製プルボックス（亜鉛メッキ）,２００×２００×１００ ３．２ｔ ＨＤＺＴ６３,個,大阪,05,6530,7180,650,9.95,31012953814c259d,c48ddc8d9c613a0e,118,118
配線材料,金属製プルボックス（亜鉛メッキ）,２００×２００×１５０ ３．２ｔ ＨＤＺＴ６３,個,大阪,05,8160,8980,820,10.05,81726c20620d2928,afaa02c969937320,118,118
配線材料,金属製プルボックス（亜鉛メッキ）,２００×２００×２００ ３．２ｔ ＨＤＺＴ６３,個,大阪,05,9790,10700,910,9.3,e0d7821065ff4d2b,d5ae39eba07c6f23,118,118
配線材料,金属製プルボックス（亜鉛メッキ）,２５０×２５０×２５０ ３．２ｔ ＨＤＺＴ６３,個,大阪,05,14800,16300,1500,10.14,1efdcbfd837192a4,210f4d5bb307f088,118,118
配線材料,金属製プルボックス（亜鉛メッキ）,３００×３００×２００ ３．２ｔ ＨＤＺＴ６３,個,大阪,05,17100,18800,1700,9.94,9882470d1f0c01c1,7f03a799deb4af58,118,118
配線材料,金属製プルボックス（亜鉛メッキ）,３５０×３００×３００ ３．２ｔ ＨＤＺＴ６３,個,大阪,05,22000,24200,2200,10.0,6c1ff6735e9d084f,b9e8f0bf3095dc14,118,118
配線材料,金属製プルボックス（亜鉛メッキ）,３５０×３５０×２００ ３．２ｔ ＨＤＺＴ６３,個,大阪,05,19300,21200,1900,9.84,6a6058964bc79b1a,941c23c59e02beea,118,118
配線材料,金属製プルボックス（亜鉛メッキ）,３５０×３５０×３５０ ３．２ｔ ＨＤＺＴ６３,個,大阪,05,26600,29200,2600,9.77,8cb460a10ca2cdeb,f9fbfd4f2c4b89e6,118,118
配線材料,金属製プルボックス（亜鉛メッキ）,４００×３００×３００ ３．２ｔ ＨＤＺＴ６３,個,大阪,05,24600,27100,2500,10.16,c885d45e88fde152,87689d45f047d2e8,118,118
配線材料,金属製プルボックス（亜鉛メッキ）,４００×４００×２００ ３．２ｔ ＨＤＺＴ６３,個,大阪,05,23100,25500,2400,10.39,39834bc35fe589d7,d641ad5f48da3717,118,118
配線材料,金属製プルボックス（亜鉛メッキ）,４００×４００×３００ ３．２ｔ ＨＤＺＴ６３,個,大阪,05,30800,33900,3100,10.06,b2b854f5811b7c6e,92806b6b88b20987,118,118
配線材料,金属製プルボックス（亜鉛メッキ）,５００×５００×３００ ３．２ｔ ＨＤＺＴ６３,個,大阪,05,41700,45900,4200,10.07,353c629696e41244,964ad6eda352e863,118,118
配線材料,金属製プルボックス（亜鉛メッキ）,１５０×１５０×１５０ ３．２ｔ ＨＤＺＴ６３,個,大阪,05,5820,6400,580,9.97,1a0a83e4c4fdfe8d,36bbb62d1349aa12,118,118
配線材料,金属製プルボックス（亜鉛メッキ）,２５０×２５０×１５０ ３．２ｔ ＨＤＺＴ６３,個,大阪,05,11500,12600,1100,9.57,e502f79e2a82b505,415e51413f7620dc,118,118
配線材料,金属製プルボックス（亜鉛メッキ）,２５０×２５０×２００ ３．２ｔ ＨＤＺＴ６３,個,大阪,05,12800,14100,1300,10.16,3d0a61423ae96597,efbef3a94baf9c2c,118,118
配線材料,金属製プルボックス（亜鉛メッキ）,３００×３００×１５０ ３．２ｔ ＨＤＺＴ６３,個,大阪,05,14400,15900,1500,10.42,4f1d45649b258ba2,714b6853d44f2deb,118,118
配線材料,金属製プルボックス（亜鉛メッキ）,３００×３００×２５０ ３．２ｔ ＨＤＺＴ６３,個,大阪,05,18400,20300,1900,10.33,c639902de18a188d,2a0fb8e0c65f9e93,118,118
配線材料,金属製プルボックス（亜鉛メッキ）,３５０×３５０×２５０ ３．２ｔ ＨＤＺＴ６３,個,大阪,05,21900,24100,2200,10.05,e94c92d90a277f3f,e15d1e98691ad33f,118,118
配線材料,金属製プルボックス（亜鉛メッキ）,４００×３００×２００ ３．２ｔ ＨＤＺＴ６３,個,大阪,05,19100,21000,1900,9.95,f07f8158bfc11c29,1cd974b3e44a5f04,118,118
配線材料,金属製プルボックス（亜鉛メッキ）,４００×３００×２５０ ３．２ｔ ＨＤＺＴ６３,個,大阪,05,21700,23800,2100,9.68,fb2fed225a3eb111,d734f455ca994887,118,118
配線材料,金属製プルボックス（亜鉛メッキ）,４００×４００×２５０ ３．２ｔ ＨＤＺＴ６３,個,大阪,05,26000,28600,2600,10.0,50873410464a84c3,765904b41a7bb03c,118,118
配線材料,金属製プルボックス（亜鉛メッキ）,５００×４００×３００ ３．２ｔ ＨＤＺＴ６３,個,大阪,05,36700,40400,3700,10.08,5d7dfeacfc457e02,2d34d4fbccd841ab,118,118
配線材料,光ケーブル（４芯テープＷＢ）,ＳＭ １．３１μｍ ３００Ｃ,m,兵庫北部,06,2970,3360,390,13.13,e91c060545f8f5e7,2e406508a18012f4,118,118
配線材料,金属製プルボックス（亜鉛メッキ）,１００×１００×１００ ３．２ｔ ＨＤＺＴ６３,個,兵庫北部,06,4270,4700,430,10.07,5305dfa5b6ff01b1,e3ece8e7882bd486,118,118
配線材料,金属製プルボックス（亜鉛メッキ）,１５０×１５０×１００ ３．２ｔ ＨＤＺＴ６３,個,兵庫北部,06,5430,5970,540,9.94,cfc812d46932ab25,467abafd52da23c0,118,118
配線材料,金属製プルボックス（亜鉛メッキ）,２００×２００×１００ ３．２ｔ ＨＤＺＴ６３,個,兵庫北部,06,6530,7180,650,9.95,6aa37fa2eff4ad0a,df8bf4e13933969a,118,118
配線材料,金属製プルボックス（亜鉛メッキ）,２００×２００×１５０ ３．２ｔ ＨＤＺＴ６３,個,兵庫北部,06,8160,8980,820,10.05,4c33590c0ff3772c,69caac4d5711ae31,118,118
配線材料,金属製プルボックス（亜鉛メッキ）,２００×２００×２００ ３．２ｔ ＨＤＺＴ６３,個,兵庫北部,06,9790,10700,910,9.3,68e4b6a18ba0d613,99e066042645b8e2,118,118
配線材料,金属製プルボックス（亜鉛メッキ）,２５０×２５０×２５０ ３．２ｔ ＨＤＺＴ６３,個,兵庫北部,06,14800,16300,1500,10.14,5f5798973e1b083a,88944b927af06dfe,118,118
配線材料,金属製プルボックス（亜鉛メッキ）,３００×３００×２００ ３．２ｔ ＨＤＺＴ６３,個,兵庫北部,06,17100,18800,1700,9.94,3c7dd9d0404bec7f,10f859f7598e8ea5,118,118
配線材料,金属製プルボックス（亜鉛メッキ）,３５０×３００×３００ ３．２ｔ ＨＤＺＴ６３,個,兵庫北部,06,22000,24200,2200,10.0,9b22182f6b8fa23f,e8e66d109f49a86a,118,118
配線材料,金属製プルボックス（亜鉛メッキ）,３５０×３５０×２００ ３．２ｔ ＨＤＺＴ６３,個,兵庫北部,06,19300,21200,1900,9.84,77422c6568191de0,da1c7a9655b977e1,118,118
配線材料,金属製プルボックス（亜鉛メッキ）,３５０×３５０×３５０ ３．２ｔ ＨＤＺＴ６３,個,兵庫北部,06,26600,29200,2600,9.77,16cf860b67127965,e764b144dceeba88,118,118
配線材料,金属製プルボックス（亜鉛メッキ）,４００×３００×３００ ３．２ｔ ＨＤＺＴ６３,個,兵庫北部,06,24600,27100,2500,10.16,789c94a24672fc9e,f2a43433b563ba9f,118,118
配線材料,金属製プルボックス（亜鉛メッキ）,４００×４００×２００ ３．２ｔ ＨＤＺＴ６３,個,兵庫北部,06,23100,25500,2400,10.39,3688a218de3b44f9,c2f890cf2dfe0305,118,118
配線材料,金属製プルボックス（亜鉛メッキ）,４００×４００×３００ ３．２ｔ ＨＤＺＴ６３,個,兵庫北部,06,30800,33900,3100,10.06,beda312b45aa0fe4,47fd55fe38323343,118,118
配線材料,金属製プルボックス（亜鉛メッキ）,５００×５００×３００ ３．２ｔ ＨＤＺＴ６３,個,兵庫北部,06,41700,45900,4200,10.07,313bae43ed467436,7377b64185424c7b,118,118
配線材料,金属製プルボックス（亜鉛メッキ）,１５０×１５０×１５０ ３．２ｔ ＨＤＺＴ６３,個,兵庫北部,06,5820,6400,580,9.97,f04e5d9e055763d6,e55b06e1b9418aec,118,118
配線材料,金属製プルボックス（亜鉛メッキ）,２５０×２５０×１５０ ３．２ｔ ＨＤＺＴ６３,個,兵庫北部,06,11500,12600,1100,9.57,1f1d7847fee82cc8,b4c5f531b5f23425,118,118
配線材料,金属製プルボックス（亜鉛メッキ）,２５０×２５０×２００ ３．２ｔ ＨＤＺＴ６３,個,兵庫北部,06,12800,14100,1300,10.16,efa68515b87054ac,dee6b8a5c359dda9,118,118
配線材料,金属製プルボックス（亜鉛メッキ）,３００×３００×１５０ ３．２ｔ ＨＤＺＴ６３,個,兵庫北部,06,14400,15900,1500,10.42,750383197b36adfa,4534647258c58089,118,118
配線材料,金属製プルボックス（亜鉛メッキ）,３００×３００×２５０ ３．２ｔ ＨＤＺＴ６３,個,兵庫北部,06,18400,20300,1900,10.33,61eaffc69016c523,fbdb1245c6a56d5b,118,118
配線材料,金属製プルボックス（亜鉛メッキ）,３５０×３５０×２５０ ３．２ｔ ＨＤＺＴ６３,個,兵庫北部,06,21900,24100,2200,10.05,0a7e9e108d9bc87b,9fb9454f60514676,118,118
配線材料,金属製プルボックス（亜鉛メッキ）,４００×３００×２００ ３．２ｔ ＨＤＺＴ６３,個,兵庫北部,06,19100,21000,1900,9.95,2468435f2da3fb17,fb4cffc881ad6229,118,118
配線材料,金属製プルボックス（亜鉛メッキ）,４００×３００×２５０ ３．２ｔ ＨＤＺＴ６３,個,兵庫北部,06,21700,23800,2100,9.68,307e573af19af43d,90de82b4a4f8b346,118,118
配線材料,金属製プルボックス（亜鉛メッキ）,４００×４００×２５０ ３．２ｔ ＨＤＺＴ６３,個,兵庫北部,06,26000,28600,2600,10.0,2426dceca46d2505,6b6fab193a29d185,118,118
配線材料,金属製プルボックス（亜鉛メッキ）,５００×４００×３００ ３．２ｔ ＨＤＺＴ６３,個,兵庫北部,06,36700,40400,3700,10.08,de20de2e3629ced5,4f8093b027d1e694,118,118
配線材料,光ケーブル（４芯テープＷＢ）,ＳＭ １．３１μｍ ３００Ｃ,m,兵庫西部,07,2970,3360,390,13.13,08bb35ca7aed3795,13ce31cba75b80d7,118,118
配線材料,金属製プルボックス（亜鉛メッキ）,１００×１００×１００ ３．２ｔ ＨＤＺＴ６３,個,兵庫西部,07,4270,4700,430,10.07,f16d3b0dbc659cce,e37a6d18fa1fb5a5,118,118
配線材料,金属製プルボックス（亜鉛メッキ）,１５０×１５０×１００ ３．２ｔ ＨＤＺＴ６３,個,兵庫西部,07,5430,5970,540,9.94,611763b9cf6c433f,bba011207fd09c0f,118,118
配線材料,金属製プルボックス（亜鉛メッキ）,２００×２００×１００ ３．２ｔ ＨＤＺＴ６３,個,兵庫西部,07,6530,7180,650,9.95,0f0fc2313c5c9599,99e9b15a6077d489,118,118
配線材料,金属製プルボックス（亜鉛メッキ）,２００×２００×１５０ ３．２ｔ ＨＤＺＴ６３,個,兵庫西部,07,8160,8980,820,10.05,5dcbb4e0b0a893c0,94641ac14e3a41c1,118,118
配線材料,金属製プルボックス（亜鉛メッキ）,２００×２００×２００ ３．２ｔ ＨＤＺＴ６３,個,兵庫西部,07,9790,10700,910,9.3,edbc8b6005e82af4,aa9936a822d1b22c,118,118
配線材料,金属製プルボックス（亜鉛メッキ）,２５０×２５０×２５０ ３．２ｔ ＨＤＺＴ６３,個,兵庫西部,07,14800,16300,1500,10.14,04a15ab7f4505920,b5e01e87f60161bf,118,118
配線材料,金属製プルボックス（亜鉛メッキ）,３００×３００×２００ ３．２ｔ ＨＤＺＴ６３,個,兵庫西部,07,17100,18800,1700,9.94,b9cfd396e898ee28,95f2579864898e01,118,118
配線材料,金属製プルボックス（亜鉛メッキ）,３５０×３００×３００ ３．２ｔ ＨＤＺＴ６３,個,兵庫西部,07,22000,24200,2200,10.0,b335c348bcbe6c86,1fbf858b7468cef0,118,118
配線材料,金属製プルボックス（亜鉛メッキ）,３５０×３５０×２００ ３．２ｔ ＨＤＺＴ６３,個,兵庫西部,07,19300,21200,1900,9.84,4e08861f26fb2f41,61ad0285bd1c8241,118,118
配線材料,金属製プルボックス（亜鉛メッキ）,３５０×３５０×３５０ ３．２ｔ ＨＤＺＴ６３,個,兵庫西部,07,26600,29200,2600,9.77,328b5d692971c632,ad71ee074f4dfef3,118,118
配線材料,金属製プルボックス（亜鉛メッキ）,４００×３００×３００ ３．２ｔ ＨＤＺＴ６３,個,兵庫西部,07,24600,27100,2500,10.16,a31b311c5619ae2c,7a0a87da5bace382,118,118
配線材料,金属製プルボックス（亜鉛メッキ）,４００×４００×２００ ３．２ｔ ＨＤＺＴ６３,個,兵庫西部,07,23100,25500,2400,10.39,3aaa2621bdbeafad,719d6ecb87a9ec0a,118,118
配線材料,金属製プルボックス（亜鉛メッキ）,４００×４００×３００ ３．２ｔ ＨＤＺＴ６３,個,兵庫西部,07,30800,33900,3100,10.06,764a317aaba0b059,e150f05072343b06,118,118
配線材料,金属製プルボックス（亜鉛メッキ）,５００×５００×３００ ３．２ｔ ＨＤＺＴ６３,個,兵庫西部,07,41700,45900,4200,10.07,33f89e84194bf3d8,89f930343d59c6ea,118,118
配線材料,金属製プルボックス（亜鉛メッキ）,１５０×１５０×１５０ ３．２ｔ ＨＤＺＴ６３,個,兵庫西部,07,5820,6400,580,9.97,b45012dc1b6d033d,491c542b580f6da1,118,118
配線材料,金属製プルボックス（亜鉛メッキ）,２５０×２５０×１５０ ３．２ｔ ＨＤＺＴ６３,個,兵庫西部,07,11500,12600,1100,9.57,2ecbd2f4b9e5c00d,cc6647fa26bde649,118,118
配線材料,金属製プルボックス（亜鉛メッキ）,２５０×２５０×２００ ３．２ｔ ＨＤＺＴ６３,個,兵庫西部,07,12800,14100,1300,10.16,888ea6f774aa9e03,b0656d0672203efa,118,118
配線材料,金属製プルボックス（亜鉛メッキ）,３００×３００×１５０ ３．２ｔ ＨＤＺＴ６３,個,兵庫西部,07,14400,15900,1500,10.42,fd95a8dd91377daf,87fbd40a12388901,118,118
配線材料,金属製プルボックス（亜鉛メッキ）,３００×３００×２５０ ３．２ｔ ＨＤＺＴ６３,個,兵庫西部,07,18400,20300,1900,10.33,e99728fd9f61d474,584483c70157c60a,118,118
配線材料,金属製プルボックス（亜鉛メッキ）,３５０×３５０×２５０ ３．２ｔ ＨＤＺＴ６３,個,兵庫西部,07,21900,24100,2200,10.05,a15a79c83f64c17b,e3160037d813447f,118,118
配線材料,金属製プルボックス（亜鉛メッキ）,４００×３００×２００ ３．２ｔ ＨＤＺＴ６３,個,兵庫西部,07,19100,21000,1900,9.95,55b3e825b4e318e7,711a271d6406c62d,118,118
配線材料,金属製プルボックス（亜鉛メッキ）,４００×３００×２５０ ３．２ｔ ＨＤＺＴ６３,個,兵庫西部,07,21700,23800,2100,9.68,10fa6d8f052bc3e5,433cd59a41df0e3b,118,118
配線材料,金属製プルボックス（亜鉛メッキ）,４００×４００×２５０ ３．２ｔ ＨＤＺＴ６３,個,兵庫西部,07,26000,28600,2600,10.0,3a3bd9f5d585c2cb,68fad331116cb217,118,118
配線材料,金属製プルボックス（亜鉛メッキ）,５００×４００×３００ ３．２ｔ ＨＤＺＴ６３,個,兵庫西部,07,36700,40400,3700,10.08,153c5978fe347ffd,d598cd772c8384be,118,118
配線材料,光ケーブル（４芯テープＷＢ）,ＳＭ １．３１μｍ ３００Ｃ,m,兵庫,08,2970,3360,390,13.13,c2379b5d4725048e,cedd7131e9c694d0,118,118
配線材料,金属製プルボックス（亜鉛メッキ）,１００×１００×１００ ３．２ｔ ＨＤＺＴ６３,個,兵庫,08,4270,4700,430,10.07,813b947885ddbc8b,6c3b60a46cf2f4e3,118,118
配線材料,金属製プルボックス（亜鉛メッキ）,１５０×１５０×１００ ３．２ｔ ＨＤＺＴ６３,個,兵庫,08,5430,5970,540,9.94,7559fc37595af4f8,68bb344b411376e8,118,118
配線材料,金属製プルボックス（亜鉛メッキ）,２００×２００×１００ ３．２ｔ ＨＤＺＴ６３,個,兵庫,08,6530,7180,650,9.95,7bc17cc5ffd376ef,bb5e56291130ace1,118,118
配線材料,金属製プルボックス（亜鉛メッキ）,２００×２００×１５０ ３．２ｔ ＨＤＺＴ６３,個,兵庫,08,8160,8980,820,10.05,fc498b0876c06541,622ef42e94acf9fa,118,118
配線材料,金属製プルボックス（亜鉛メッキ）,２００×２００×２００ ３．２ｔ ＨＤＺＴ６３,個,兵庫,08,9790,10700,910,9.3,65a10e1ce841ca6e,118bd73ec29e456d,118,118
配線材料,金属製プルボックス（亜鉛メッキ）,２５０×２５０×２５０ ３．２ｔ ＨＤＺＴ６３,個,兵庫,08,14800,16300,1500,10.14,47b76ba6ea6a29ed,42890af00377d7db,118,118
配線材料,金属製プルボックス（亜鉛メッキ）,３００×３００×２００ ３．２ｔ ＨＤＺＴ６３,個,兵庫,08,17100,18800,1700,9.94,96f8339f56ca888a,e77a93f10417c3a5,118,118
配線材料,金属製プルボックス（亜鉛メッキ）,３５０×３００×３００ ３．２ｔ ＨＤＺＴ６３,個,兵庫,08,22000,24200,2200,10.0,b5401c217f7b7e29,a826e45e6eb44216,118,118
配線材料,金属製プルボックス（亜鉛メッキ）,３５０×３５０×２００ ３．２ｔ ＨＤＺＴ６３,個,兵庫,08,19300,21200,1900,9.84,7fbbd7884b9a3489,fc4d370e8f0efb29,118,118
配線材料,金属製プルボックス（亜鉛メッキ）,３５０×３５０×３５０ ３．２ｔ ＨＤＺＴ６３,個,兵庫,08,26600,29200,2600,9.77,3f90f77e806ccbc6,4b2f1482aba49ed3,118,118
配線材料,金属製プルボックス（亜鉛メッキ）,４００×３００×３００ ３．２ｔ ＨＤＺＴ６３,個,兵庫,08,24600,27100,2500,10.16,1270e729c9ad0552,d326e02e95128612,118,118
配線材料,金属製プルボックス（亜鉛メッキ）,４００×４００×２００ ３．２ｔ ＨＤＺＴ６３,個,兵庫,08,23100,25500,2400,10.39,28ab84cd36797ca5,809966cad864028b,118,118
配線材料,金属製プルボックス（亜鉛メッキ）,４００×４００×３００ ３．２ｔ ＨＤＺＴ６３,個,兵庫,08,30800,33900,3100,10.06,9c5dd883b4dbb803,449bc172ddff7f88,118,118
配線材料,金属製プルボックス（亜鉛メッキ）,５００×５００×３００ ３．２ｔ ＨＤＺＴ６３,個,兵庫,08,41700,45900,4200,10.07,4be7b072b872f797,aec723b07ae8113a,118,118
配線材料,金属製プルボックス（亜鉛メッキ）,１５０×１５０×１５０ ３．２ｔ ＨＤＺＴ６３,個,兵庫,08,5820,6400,580,9.97,7684dd2c3aa08136,851eb56943cbf183,118,118
配線材料,金属製プルボックス（亜鉛メッキ）,２５０×２５０×１５０ ３．２ｔ ＨＤＺＴ６３,個,兵庫,08,11500,12600,1100,9.57,3ea4ff289c865854,1f939e393cf02b26,118,118
配線材料,金属製プルボックス（亜鉛メッキ）,２５０×２５０×２００ ３．２ｔ ＨＤＺＴ６３,個,兵庫,08,12800,14100,1300,10.16,d1ad477b102e459e,f1c446b2ca3b2904,118,118
配線材料,金属製プルボックス（亜鉛メッキ）,３００×３００×１５０ ３．２ｔ ＨＤＺＴ６３,個,兵庫,08,14400,15900,1500,10.42,0d7d94d4f401575c,4cc94bf8d8876cfc,118,118
配線材料,金属製プルボックス（亜鉛メッキ）,３００×３００×２５０ ３．２ｔ ＨＤＺＴ６３,個,兵庫,08,18400,20300,1900,10.33,22b401d573aab59b,e072cef2248eff38,118,118
配線材料,金属製プルボックス（亜鉛メッキ）,３５０×３５０×２５０ ３．２ｔ ＨＤＺＴ６３,個,兵庫,08,21900,24100,2200,10.05,e6e74ec6d9fa7019,0f8eee01ff337e66,118,118
配線材料,金属製プルボックス（亜鉛メッキ）,４００×３００×２００ ３．２ｔ ＨＤＺＴ６３,個,兵庫,08,19100,21000,1900,9.95,e77eccdad14ce639,33aafb12ba8f1c16,118,118
配線材料,金属製プルボックス（亜鉛メッキ）,４００×３００×２５０ ３．２ｔ ＨＤＺＴ６３,個,兵庫,08,21700,23800,2100,9.68,d8d20ef6b5d173f8,4dba9a6f5d4bc378,118,118
配線材料,金属製プルボックス（亜鉛メッキ）,４００×４００×２５０ ３．２ｔ ＨＤＺＴ６３,個,兵庫,08,26000,28600,2600,10.0,cfebe813c140aec6,fb483f5d3b4f63a8,118,118
配線材料,金属製プルボックス（亜鉛メッキ）,５００×４００×３００ ３．２ｔ ＨＤＺＴ６３,個,兵庫,08,36700,40400,3700,10.08,06456d43e1966215,bd3c5b984b9d7124,118,118
配線材料,光ケーブル（４芯テープＷＢ）,ＳＭ １．３１μｍ ３００Ｃ,m,奈良,09,2970,3360,390,13.13,dc33ded48fc0abab,1a6a4cc08603de2d,118,118
配線材料,金属製プルボックス（亜鉛メッキ）,１００×１００×１００ ３．２ｔ ＨＤＺＴ６３,個,奈良,09,4270,4700,430,10.07,cfac0d05f1fd17a1,60fc9e56494a9650,118,118
配線材料,金属製プルボックス（亜鉛メッキ）,１５０×１５０×１００ ３．２ｔ ＨＤＺＴ６３,個,奈良,09,5430,5970,540,9.94,da55703863d1b6f0,1c28d20768791d5c,118,118
配線材料,金属製プルボックス（亜鉛メッキ）,２００×２００×１００ ３．２ｔ ＨＤＺＴ６３,個,奈良,09,6530,7180,650,9.95,4dc0ceead3c4c0f5,d6ca814321cf83d2,118,118
配線材料,金属製プルボックス（亜鉛メッキ）,２００×２００×１５０ ３．２ｔ ＨＤＺＴ６３,個,奈良,09,8160,8980,820,10.05,37795c38e8aa5f93,952e5f3e0f3a7f37,118,118
配線材料,金属製プルボックス（亜鉛メッキ）,２００×２００×２００ ３．２ｔ ＨＤＺＴ６３,個,奈良,09,9790,10700,910,9.3,a3f65bd0c40117e7,bc80f47c956271fa,118,118
配線材料,金属製プルボックス（亜鉛メッキ）,２５０×２５０×２５０ ３．２ｔ ＨＤＺＴ６３,個,奈良,09,14800,16300,1500,10.14,d59cd7b0929ea8f3,0c0ab235c3056d9f,118,118
配線材料,金属製プルボックス（亜鉛メッキ）,３００×３００×２００ ３．２ｔ ＨＤＺＴ６３,個,奈良,09,17100,18800,1700,9.94,7c513f89991680e0,91391e0ca3d0a4ec,118,118
配線材料,金属製プルボックス（亜鉛メッキ）,３５０×３００×３００ ３．２ｔ ＨＤＺＴ６３,個,奈良,09,22000,24200,2200,10.0,a5b283135a78f89b,b5d44867957dcb35,118,118
配線材料,金属製プルボックス（亜鉛メッキ）,３５０×３５０×２００ ３．２ｔ ＨＤＺＴ６３,個,奈良,09,19300,21200,1900,9.84,d5e01fe67e108325,050fb52bcf082021,118,118
配線材料,金属製プルボックス（亜鉛メッキ）,３５０×３５０×３５０ ３．２ｔ ＨＤＺＴ６３,個,奈良,09,26600,29200,2600,9.77,59028e6581ea351b,76685359375105e4,118,118
配線材料,金属製プルボックス（亜鉛メッキ）,４００×３００×３００ ３．２ｔ ＨＤＺＴ６３,個,奈良,09,24600,27100,2500,10.16,6b3ed56d5fd67705,88dac9a2c071f28d,118,118
配線材料,金属製プルボックス（亜鉛メッキ）,４００×４００×２００ ３．２ｔ ＨＤＺＴ６３,個,奈良,09,23100,25500,2400,10.39,08907f51023242bf,7f5737d9a8fe0911,118,118
配線材料,金属製プルボックス（亜鉛メッキ）,４００×４００×３００ ３．２ｔ ＨＤＺＴ６３,個,奈良,09,30800,33900,3100,10.06,b67b8a671b0c24eb,99477ddf887e5039,118,118
配線材料,金属製プルボックス（亜鉛メッキ）,５００×５００×３００ ３．２ｔ ＨＤＺＴ６３,個,奈良,09,41700,45900,4200,10.07,f399729dea82ebf0,de62560d9964bc87,118,118
配線材料,金属製プルボックス（亜鉛メッキ）,１５０×１５０×１５０ ３．２ｔ ＨＤＺＴ６３,個,奈良,09,5820,6400,580,9.97,22bcf7036964af4a,67dae1c40993c6e1,118,118
配線材料,金属製プルボックス（亜鉛メッキ）,２５０×２５０×１５０ ３．２ｔ ＨＤＺＴ６３,個,奈良,09,11500,12600,1100,9.57,9c4a94c18b3d2f2b,e2491e512710afde,118,118
配線材料,金属製プルボックス（亜鉛メッキ）,２５０×２５０×２００ ３．２ｔ ＨＤＺＴ６３,個,奈良,09,12800,14100,1300,10.16,f442e1b2e62a4b27,7d493b58aa421a99,118,118
配線材料,金属製プルボックス（亜鉛メッキ）,３００×３００×１５０ ３．２ｔ ＨＤＺＴ６３,個,奈良,09,14400,15900,1500,10.42,66d99d5bf467a50e,dba623b49f107f47,118,118
配線材料,金属製プルボックス（亜鉛メッキ）,３００×３００×２５０ ３．２ｔ ＨＤＺＴ６３,個,奈良,09,18400,20300,1900,10.33,ae07cf8960b7bc2f,bf5a0ed327ebdef2,118,118
配線材料,金属製プルボックス（亜鉛メッキ）,３５０×３５０×２５０ ３．２ｔ ＨＤＺＴ６３,個,奈良,09,21900,24100,2200,10.05,31ac1b7ecee52bbd,b4595ece64897ffc,118,118
配線材料,金属製プルボックス（亜鉛メッキ）,４００×３００×２００ ３．２ｔ ＨＤＺＴ６３,個,奈良,09,19100,21000,1900,9.95,3f81f26c5a28eb20,b6525be75beb2c80,118,118
配線材料,金属製プルボックス（亜鉛メッキ）,４００×３００×２５０ ３．２ｔ ＨＤＺＴ６３,個,奈良,09,21700,23800,2100,9.68,d8540a14eb948cf1,3fe029bebdcf0f74,118,118
配線材料,金属製プルボックス（亜鉛メッキ）,４００×４００×２５０ ３．２ｔ ＨＤＺＴ６３,個,奈良,09,26000,28600,2600,10.0,8a2131c011e56a1a,24edd801f06759bc,118,118
配線材料,金属製プルボックス（亜鉛メッキ）,５００×４００×３００ ３．２ｔ ＨＤＺＴ６３,個,奈良,09,36700,40400,3700,10.08,f43cb87490cebaef,5a33a4d8f5217fb5,118,118
配線材料,光ケーブル（４芯テープＷＢ）,ＳＭ １．３１μｍ ３００Ｃ,m,和歌山,10,2970,3360,390,13.13,10b6a3ec97ce851e,9c6658b9d40e0d84,118,118
配線材料,金属製プルボックス（亜鉛メッキ）,１００×１００×１００ ３．２ｔ ＨＤＺＴ６３,個,和歌山,10,4270,4700,430,10.07,39d75abdfa7172b7,a3d2b084f556dbea,118,118
配線材料,金属製プルボックス（亜鉛メッキ）,１５０×１５０×１００ ３．２ｔ ＨＤＺＴ６３,個,和歌山,10,5430,5970,540,9.94,718513bf86e6c4a2,5bc697b6be7d9f36,118,118
配線材料,金属製プルボックス（亜鉛メッキ）,２００×２００×１００ ３．２ｔ ＨＤＺＴ６３,個,和歌山,10,6530,7180,650,9.95,874d2370cb80ed08,97b2b081ccd5502d,118,118
配線材料,金属製プルボックス（亜鉛メッキ）,２００×２００×１５０ ３．２ｔ ＨＤＺＴ６３,個,和歌山,10,8160,8980,820,10.05,bcd729a79cea344e,602e9dc3f37282a7,118,118
配線材料,金属製プルボックス（亜鉛メッキ）,２００×２００×２００ ３．２ｔ ＨＤＺＴ６３,個,和歌山,10,9790,10700,910,9.3,6231f5015f3dba12,25a5921b7086e7cc,118,118
配線材料,金属製プルボックス（亜鉛メッキ）,２５０×２５０×２５０ ３．２ｔ ＨＤＺＴ６３,個,和歌山,10,14800,16300,1500,10.14,85944c78b48cc961,ec3b1adcfff0c4b6,118,118
配線材料,金属製プルボックス（亜鉛メッキ）,３００×３００×２００ ３．２ｔ ＨＤＺＴ６３,個,和歌山,10,17100,18800,1700,9.94,dc710259c9011e7e,a3e84f19ccecfa64,118,118
配線材料,金属製プルボックス（亜鉛メッキ）,３５０×３００×３００ ３．２ｔ ＨＤＺＴ６３,個,和歌山,10,22000,24200,2200,10.0,e7f81397f50e1466,4923ecc34d168413,118,118
配線材料,金属製プルボックス（亜鉛メッキ）,３５０×３５０×２００ ３．２ｔ ＨＤＺＴ６３,個,和歌山,10,19300,21200,1900,9.84,61bd7317a3fa7c19,88a43d0e302cf683,118,118
配線材料,金属製プルボックス（亜鉛メッキ）,３５０×３５０×３５０ ３．２ｔ ＨＤＺＴ６３,個,和歌山,10,26600,29200,2600,9.77,b1a4d2b4624b6221,1435105782760ee6,118,118
配線材料,金属製プルボックス（亜鉛メッキ）,４００×３００×３００ ３．２ｔ ＨＤＺＴ６３,個,和歌山,10,24600,27100,2500,10.16,379cef99fd2a0d32,2384434d72d1c35a,118,118
配線材料,金属製プルボックス（亜鉛メッキ）,４００×４００×２００ ３．２ｔ ＨＤＺＴ６３,個,和歌山,10,23100,25500,2400,10.39,b8e0563ff9986716,aa87572ed43385b5,118,118
配線材料,金属製プルボックス（亜鉛メッキ）,４００×４００×３００ ３．２ｔ ＨＤＺＴ６３,個,和歌山,10,30800,33900,3100,10.06,e8b9c0766d78afbb,c8ae5ac8435eac78,118,118
配線材料,金属製プルボックス（亜鉛メッキ）,５００×５００×３００ ３．２ｔ ＨＤＺＴ６３,個,和歌山,10,41700,45900,4200,10.07,6494c6ab5ff388f9,2dca1c01fb1d3b7e,118,118
配線材料,金属製プルボックス（亜鉛メッキ）,１５０×１５０×１５０ ３．２ｔ ＨＤＺＴ６３,個,和歌山,10,5820,6400,580,9.97,402f7e54362727fb,a39b850c3f8f24a7,118,118
配線材料,金属製プルボックス（亜鉛メッキ）,２５０×２５０×１５０ ３．２ｔ ＨＤＺＴ６３,個,和歌山,10,11500,12600,1100,9.57,4a1bfb7cfae3a300,44e797663041c729,118,118
配線材料,金属製プルボックス（亜鉛メッキ）,２５０×２５０×２００ ３．２ｔ ＨＤＺＴ６３,個,和歌山,10,12800,14100,1300,10.16,0d80590433fe1b1a,2f88c2e836039b75,118,118
配線材料,金属製プルボックス（亜鉛メッキ）,３００×３００×１５０ ３．２ｔ ＨＤＺＴ６３,個,和歌山,10,14400,15900,1500,10.42,879d97102c8c0942,b8880a64931cfbea,118,118
配線材料,金属製プルボックス（亜鉛メッキ）,３００×３００×２５０ ３．２ｔ ＨＤＺＴ６３,個,和歌山,10,18400,20300,1900,10.33,fbd205199458a9c6,362257b2f1e2ef61,118,118
配線材料,金属製プルボックス（亜鉛メッキ）,３５０×３５０×２５０ ３．２ｔ ＨＤＺＴ６３,個,和歌山,10,21900,24100,2200,10.05,39ecd85a6e147eea,f7913c04a153ed7e,118,118
配線材料,金属製プルボックス（亜鉛メッキ）,４００×３００×２００ ３．２ｔ ＨＤＺＴ６３,個,和歌山,10,19100,21000,1900,9.95,d5bfbe1070fd61a8,0b2dab487a0dc7f7,118,118
配線材料,金属製プルボックス（亜鉛メッキ）,４００×３００×２５０ ３．２ｔ ＨＤＺＴ６３,個,和歌山,10,21700,23800,2100,9.68,1489ca960893ec30,c9f4126a8f37a1ed,118,118
配線材料,金属製プルボックス（亜鉛メッキ）,４００×４００×２５０ ３．２ｔ ＨＤＺＴ６３,個,和歌山,10,26000,28600,2600,10.0,4d2900c069bb2ffd,e1926643d1e07fa0,118,118
配線材料,金属製プルボックス（亜鉛メッキ）,５００×４００×３００ ３．２ｔ ＨＤＺＴ６３,個,和歌山,10,36700,40400,3700,10.08,898d9590cee9bd10,5e81220d5336a4fe,118,118
配線材料,光ケーブル（４芯テープＷＢ）,ＳＭ １．３１μｍ ３００Ｃ,m,岐阜,11,2970,3360,390,13.13,fc9ee6c23e9a156c,79cfa26ce031526d,118,118
配線材料,金属製プルボックス（亜鉛メッキ）,１００×１００×１００ ３．２ｔ ＨＤＺＴ６３,個,岐阜,11,4270,4700,430,10.07,631f093a4a3d10ca,b39d5d86d8ce2705,118,118
配線材料,金属製プルボックス（亜鉛メッキ）,１５０×１５０×１００ ３．２ｔ ＨＤＺＴ６３,個,岐阜,11,5430,5970,540,9.94,502aea62a9e99cf8,7c220589ab797744,118,118
配線材料,金属製プルボックス（亜鉛メッキ）,２００×２００×１００ ３．２ｔ ＨＤＺＴ６３,個,岐阜,11,6530,7180,650,9.95,7680626a54eb921c,89f0a7c4e19dd03e,118,118
配線材料,金属製プルボックス（亜鉛メッキ）,２００×２００×１５０ ３．２ｔ ＨＤＺＴ６３,個,岐阜,11,8160,8980,820,10.05,26830ed09cdf728a,2827235fb4a57126,118,118
配線材料,金属製プルボックス（亜鉛メッキ）,２００×２００×２００ ３．２ｔ ＨＤＺＴ６３,個,岐阜,11,9790,10700,910,9.3,e822f84512bc557a,3b976b5def2060b2,118,118
配線材料,金属製プルボックス（亜鉛メッキ）,２５０×２５０×２５０ ３．２ｔ ＨＤＺＴ６３,個,岐阜,11,14800,16300,1500,10.14,fccc30a35e0b7dfa,040b1e57c480581f,118,118
配線材料,金属製プルボックス（亜鉛メッキ）,３００×３００×２００ ３．２ｔ ＨＤＺＴ６３,個,岐阜,11,17100,18800,1700,9.94,545ffa24d6612515,8c062b3b09737fed,118,118
配線材料,金属製プルボックス（亜鉛メッキ）,３５０×３００×３００ ３．２ｔ ＨＤＺＴ６３,個,岐阜,11,22000,24200,2200,10.0,6363316b7c449bfa,1366dcf687463db7,118,118
配線材料,金属製プルボックス（亜鉛メッキ）,３５０×３５０×２００ ３．２ｔ ＨＤＺＴ６３,個,岐阜,11,19300,21200,1900,9.84,a5423a76ca9a6db8,5bf5b3ddfd7cb950,118,118
配線材料,金属製プルボックス（亜鉛メッキ）,３５０×３５０×３５０ ３．２ｔ ＨＤＺＴ６３,個,岐阜,11,26600,29200,2600,9.77,dba0e37e978731ba,05d2a680372fd6b0,118,118
配線材料,金属製プルボックス（亜鉛メッキ）,４００×３００×３００ ３．２ｔ ＨＤＺＴ６３,個,岐阜,11,24600,27100,2500,10.16,a6b0413469789ce2,759318cb29fe8d98,118,118
配線材料,金属製プルボックス（亜鉛メッキ）,４００×４００×２００ ３．２ｔ ＨＤＺＴ６３,個,岐阜,11,23100,25500,2400,10.39,306640db070b855f,82850d64ef9f7671,118,118
配線材料,金属製プルボックス（亜鉛メッキ）,４００×４００×３００ ３．２ｔ ＨＤＺＴ６３,個,岐阜,11,30800,33900,3100,10.06,a3b2b71f814e61f0,d2872da51cd1cafc,118,118
配線材料,金属製プルボックス（亜鉛メッキ）,５００×５００×３００ ３．２ｔ ＨＤＺＴ６３,個,岐阜,11,41700,45900,4200,10.07,d1e1ef131e35d987,75953deed3e3287b,118,118
配線材料,金属製プルボックス（亜鉛メッキ）,１５０×１５０×１５０ ３．２ｔ ＨＤＺＴ６３,個,岐阜,11,5820,6400,580,9.97,6eda153893ed7eb3,e2d052cc1f04093d,118,118
配線材料,金属製プルボックス（亜鉛メッキ）,２５０×２５０×１５０ ３．２ｔ ＨＤＺＴ６３,個,岐阜,11,11500,12600,1100,9.57,504b6b38e07ef78c,5a998ddbf37dbe48,118,118
配線材料,金属製プルボックス（亜鉛メッキ）,２５０×２５０×２００ ３．２ｔ ＨＤＺＴ６３,個,岐阜,11,12800,14100,1300,10.16,1a172025e9afaf2d,1e130e0129c510e5,118,118
配線材料,金属製プルボックス（亜鉛メッキ）,３００×３００×１５０ ３．２ｔ ＨＤＺＴ６３,個,岐阜,11,14400,15900,1500,10.42,74c19d701f05046f,41cfdc6fd950bb1a,118,118
配線材料,金属製プルボックス（亜鉛メッキ）,３００×３００×２５０ ３．２ｔ ＨＤＺＴ６３,個,岐阜,11,18400,20300,1900,10.33,378a530d0e67bda8,f3f6798df131451a,118,118
配線材料,金属製プルボックス（亜鉛メッキ）,３５０×３５０×２５０ ３．２ｔ ＨＤＺＴ６３,個,岐阜,11,21900,24100,2200,10.05,e4294ea44bded695,298fef6730a4cc2f,118,118
配線材料,金属製プルボックス（亜鉛メッキ）,４００×３００×２００ ３．２ｔ ＨＤＺＴ６３,個,岐阜,11,19100,21000,1900,9.95,777347df664a83f9,c917b7fbd68591e7,118,118
配線材料,金属製プルボックス（亜鉛メッキ）,４００×３００×２５０ ３．２ｔ ＨＤＺＴ６３,個,岐阜,11,21700,23800,2100,9.68,07433a8f5f286659,db4bf0c0b2370e92,118,118
配線材料,金属製プルボックス（亜鉛メッキ）,４００×４００×２５０ ３．２ｔ ＨＤＺＴ６３,個,岐阜,11,26000,28600,2600,10.0,7ebde73a4a8c9bfa,6edd588107b82efd,118,118
配線材料,金属製プルボックス（亜鉛メッキ）,５００×４００×３００ ３．２ｔ ＨＤＺＴ６３,個,岐阜,11,36700,40400,3700,10.08,d5c37cb7a0ab0895,a1b4e04cb4c93c86,118,118
配線材料,光ケーブル（４芯テープＷＢ）,ＳＭ １．３１μｍ ３００Ｃ,m,三重,12,2970,3360,390,13.13,4fb59af5fe8f9bc2,b2a2ef15827dd716,118,118
配線材料,金属製プルボックス（亜鉛メッキ）,１００×１００×１００ ３．２ｔ ＨＤＺＴ６３,個,三重,12,4270,4700,430,10.07,3858e57b75d0d33d,3c00758e8e16fd2e,118,118
配線材料,金属製プルボックス（亜鉛メッキ）,１５０×１５０×１００ ３．２ｔ ＨＤＺＴ６３,個,三重,12,5430,5970,540,9.94,9e92bc04a2d70010,218aff6c48ca4aa0,118,118
配線材料,金属製プルボックス（亜鉛メッキ）,２００×２００×１００ ３．２ｔ ＨＤＺＴ６３,個,三重,12,6530,7180,650,9.95,7a8f56c5ed98eff9,1dda50bbbe073b83,118,118
配線材料,金属製プルボックス（亜鉛メッキ）,２００×２００×１５０ ３．２ｔ ＨＤＺＴ６３,個,三重,12,8160,8980,820,10.05,a3733c1a6e879809,e05921c0d3fc2e88,118,118
配線材料,金属製プルボックス（亜鉛メッキ）,２００×２００×２００ ３．２ｔ ＨＤＺＴ６３,個,三重,12,9790,10700,910,9.3,92b868b68ac96861,7c5a2fb83abb9c17,118,118
配線材料,金属製プルボックス（亜鉛メッキ）,２５０×２５０×２５０ ３．２ｔ ＨＤＺＴ６３,個,三重,12,14800,16300,1500,10.14,dbce1d2d7be9b056,aff236c58d108e0f,118,118
配線材料,金属製プルボックス（亜鉛メッキ）,３００×３００×２００ ３．２ｔ ＨＤＺＴ６３,個,三重,12,17100,18800,1700,9.94,775df9145962932b,a6cf37f8dd862f38,118,118
配線材料,金属製プルボックス（亜鉛メッキ）,３５０×３００×３００ ３．２ｔ ＨＤＺＴ６３,個,三重,12,22000,24200,2200,10.0,5b61a9c09c9edf4f,10fc4d20f8330061,118,118
配線材料,金属製プルボックス（亜鉛メッキ）,３５０×３５０×２００ ３．２ｔ ＨＤＺＴ６３,個,三重,12,19300,21200,1900,9.84,de84aa80e8acc7af,1a87ab0156780515,118,118
配線材料,金属製プルボックス（亜鉛メッキ）,３５０×３５０×３５０ ３．２ｔ ＨＤＺＴ６３,個,三重,12,26600,29200,2600,9.77,6e3fa5bfcba1454a,0a488cb302220ad9,118,118
配線材料,金属製プルボックス（亜鉛メッキ）,４００×３００×３００ ３．２ｔ ＨＤＺＴ６３,個,三重,12,24600,27100,2500,10.16,d5932b1762853c00,94122bb3355cdb47,118,118
配線材料,金属製プルボックス（亜鉛メッキ）,４００×４００×２００ ３．２ｔ ＨＤＺＴ６３,個,三重,12,23100,25500,2400,10.39,ed986a20dfbfe4e3,c17f83b7b8c27db6,118,118
配線材料,金属製プルボックス（亜鉛メッキ）,４００×４００×３００ ３．２ｔ ＨＤＺＴ６３,個,三重,12,30800,33900,3100,10.06,7171a1a8336fbdc8,5c7d2d4720c13286,118,118
配線材料,金属製プルボックス（亜鉛メッキ）,５００×５００×３００ ３．２ｔ ＨＤＺＴ６３,個,三重,12,41700,45900,4200,10.07,a55a0b7bc1eccc37,515937d43a2bed65,118,118
配線材料,金属製プルボックス（亜鉛メッキ）,１５０×１５０×１５０ ３．２ｔ ＨＤＺＴ６３,個,三重,12,5820,6400,580,9.97,4252628ea43c6648,e6b9fe7fe26c46a3,118,118
配線材料,金属製プルボックス（亜鉛メッキ）,２５０×２５０×１５０ ３．２ｔ ＨＤＺＴ６３,個,三重,12,11500,12600,1100,9.57,e448c8e0f1f3f9a0,66ade444cdce95cf,118,118
配線材料,金属製プルボックス（亜鉛メッキ）,２５０×２５０×２００ ３．２ｔ ＨＤＺＴ６３,個,三重,12,12800,14100,1300,10.16,13e4960c33ce990d,8421b1f98c5c21d1,118,118
配線材料,金属製プルボックス（亜鉛メッキ）,３００×３００×１５０ ３．２ｔ ＨＤＺＴ６３,個,三重,12,14400,15900,1500,10.42,363bbd24e5d537d3,21a675c37edcda02,118,118
配線材料,金属製プルボックス（亜鉛メッキ）,３００×３００×２５０ ３．２ｔ ＨＤＺＴ６３,個,三重,12,18400,20300,1900,10.33,78f4a163e8deef42,a6c44a549b116c17,118,118
配線材料,金属製プルボックス（亜鉛メッキ）,３５０×３５０×２５０ ３．２ｔ ＨＤＺＴ６３,個,三重,12,21900,24100,2200,10.05,798c05ef5f78c99d,8948fdea892a60d7,118,118
配線材料,金属製プルボックス（亜鉛メッキ）,４００×３００×２００ ３．２ｔ ＨＤＺＴ６３,個,三重,12,19100,21000,1900,9.95,9f4051b227666e82,74831d8522cdeda0,118,118
配線材料,金属製プルボックス（亜鉛メッキ）,４００×３００×２５０ ３．２ｔ ＨＤＺＴ６３,個,三重,12,21700,23800,2100,9.68,715aa6778fe07c98,01030663f53a9c4c,118,118
配線材料,金属製プルボックス（亜鉛メッキ）,４００×４００×２５０ ３．２ｔ ＨＤＺＴ６３,個,三重,12,26000,28600,2600,10.0,53190fb191295b93,1348f8a6c4a8ee62,118,118
配線材料,金属製プルボックス（亜鉛メッキ）,５００×４００×３００ ３．２ｔ ＨＤＺＴ６３,個,三重,12,36700,40400,3700,10.08,0f55a0813b88535c,4197ac3676ed53a4,118,118
配線材料,分電盤キャビネット,屋外用 ４００×５００×１４０,面,福井,01,15300,16800,1500,9.8,dab36a6a5845c758,7cb6c9b7c67d850c,119,119
配線材料,分電盤キャビネット,屋外用 ４００×５００×１４０,面,滋賀,02,15300,16800,1500,9.8,6e4f9a529ca57d19,d2f3439c003d5329,119,119
配線材料,分電盤キャビネット,屋外用 ４００×５００×１４０,面,京都北部,03,15300,16800,1500,9.8,465bb869b332dd1b,21f2a53c8f87eeee,119,119
配線材料,分電盤キャビネット,屋外用 ４００×５００×１４０,面,京都南部,04,15300,16800,1500,9.8,b9be61edf61b4669,33a6cc1a26bcec44,119,119
配線材料,分電盤キャビネット,屋外用 ４００×５００×１４０,面,大阪,05,15300,16800,1500,9.8,3ab4852ca1a80be8,9d8c6b05018e2d12,119,119
配線材料,分電盤キャビネット,屋外用 ４００×５００×１４０,面,兵庫北部,06,15300,16800,1500,9.8,4fcf831eeca019d4,209c752abc699db5,119,119
配線材料,分電盤キャビネット,屋外用 ４００×５００×１４０,面,兵庫西部,07,15300,16800,1500,9.8,48b5d6550901d9db,cba45e1f0dc56a32,119,119
配線材料,分電盤キャビネット,屋外用 ４００×５００×１４０,面,兵庫,08,15300,16800,1500,9.8,bb739b6ced872a2a,e22f166f99578a67,119,119
配線材料,分電盤キャビネット,屋外用 ４００×５００×１４０,面,奈良,09,15300,16800,1500,9.8,bf8c35ca7560e351,3d5b31032f2f824e,119,119
配線材料,分電盤キャビネット,屋外用 ４００×５００×１４０,面,和歌山,10,15300,16800,1500,9.8,21fc46d8d0562bf7,3c8cb5e6ed637ba6,119,119
配線材料,分電盤キャビネット,屋外用 ４００×５００×１４０,面,岐阜,11,15300,16800,1500,9.8,d17841c15432a37c,7cbfb5727db7dcb7,119,119
配線材料,分電盤キャビネット,屋外用 ４００×５００×１４０,面,三重,12,15300,16800,1500,9.8,b8dcebc9b6b4b487,8325e3bbc6918e18,119,119
管路材・ダクト（電気）,亜鉛メッキ,橋梁用伸縮継手 ２種 ＨＤＺＴ－７７（旧ＨＤＺ５５ [単体10t未満],t,福井,01,117000,122000,5000,4.27,9434f179b4b6a6a0,8e12c4c3bd271cd4,120,120
管路材・ダクト（電気）,亜鉛メッキ,蓋 ２種 ＨＤＺＴ－７７（旧ＨＤＺ５５） [単体10t未満],t,福井,01,117000,122000,5000,4.27,7d2d74dd334bd0cd,1bd564ada4c775bd,120,120
管路材・ダクト（電気）,亜鉛メッキ,排水管 ２種 ＨＤＺＴ－７７（旧ＨＤＺ５５） [単体10t未満],t,福井,01,117000,122000,5000,4.27,4545929f46b5eed0,0c42490385227c83,120,120
管路材・ダクト（電気）,亜鉛メッキ,アンカーバー ２種 ＨＤＺＴ－７７（旧ＨＤＺ５５） [単体10t未満],t,福井,01,117000,122000,5000,4.27,c829d7f408e6594f,04d509190086531a,120,120
管路材・ダクト（電気）,亜鉛メッキ,橋梁用伸縮継手 ２種 ＨＤＺＴ－７７（旧ＨＤＺ５５ [単体10t未満],t,滋賀,02,117000,122000,5000,4.27,a707f29a4c3815f5,d5b34f52df2fa2dd,120,120
管路材・ダクト（電気）,亜鉛メッキ,蓋 ２種 ＨＤＺＴ－７７（旧ＨＤＺ５５） [単体10t未満],t,滋賀,02,117000,122000,5000,4.27,d82fe5ba3a66e3a1,b2ad3b1146f22fcd,120,120
管路材・ダクト（電気）,亜鉛メッキ,排水管 ２種 ＨＤＺＴ－７７（旧ＨＤＺ５５） [単体10t未満],t,滋賀,02,117000,122000,5000,4.27,a93056a3de91b693,7b039429a9289b61,120,120
管路材・ダクト（電気）,亜鉛メッキ,アンカーバー ２種 ＨＤＺＴ－７７（旧ＨＤＺ５５） [単体10t未満],t,滋賀,02,117000,122000,5000,4.27,7565a671592d471c,2adb612da028196e,120,120
管路材・ダクト（電気）,亜鉛メッキ,橋梁用伸縮継手 ２種 ＨＤＺＴ－７７（旧ＨＤＺ５５ [単体10t未満],t,京都北部,03,117000,122000,5000,4.27,71b1d0f1342f6c74,0eae45e4880bab0d,120,120
管路材・ダクト（電気）,亜鉛メッキ,蓋 ２種 ＨＤＺＴ－７７（旧ＨＤＺ５５） [単体10t未満],t,京都北部,03,117000,122000,5000,4.27,58b9b43c247ba19b,908545447b27557c,120,120
管路材・ダクト（電気）,亜鉛メッキ,排水管 ２種 ＨＤＺＴ－７７（旧ＨＤＺ５５） [単体10t未満],t,京都北部,03,117000,122000,5000,4.27,75c43467cbf2d2fb,80e1d0c652c583ab,120,120
管路材・ダクト（電気）,亜鉛メッキ,アンカーバー ２種 ＨＤＺＴ－７７（旧ＨＤＺ５５） [単体10t未満],t,京都北部,03,117000,122000,5000,4.27,f5dbcd159e449a58,829d0da1a34d49bc,120,120
管路材・ダクト（電気）,亜鉛メッキ,橋梁用伸縮継手 ２種 ＨＤＺＴ－７７（旧ＨＤＺ５５ [単体10t未満],t,京都南部,04,117000,122000,5000,4.27,8142d434a9495262,1fc91d3b7fc5e589,120,120
管路材・ダクト（電気）,亜鉛メッキ,蓋 ２種 ＨＤＺＴ－７７（旧ＨＤＺ５５） [単体10t未満],t,京都南部,04,117000,122000,5000,4.27,54299458e2ad7352,4ae2b8b1b541cb12,120,120
管路材・ダクト（電気）,亜鉛メッキ,排水管 ２種 ＨＤＺＴ－７７（旧ＨＤＺ５５） [単体10t未満],t,京都南部,04,117000,122000,5000,4.27,a31ac89406041bbc,d5aac4ff7bc74879,120,120
管路材・ダクト（電気）,亜鉛メッキ,アンカーバー ２種 ＨＤＺＴ－７７（旧ＨＤＺ５５） [単体10t未満],t,京都南部,04,117000,122000,5000,4.27,7fa4646d1fb6cf35,e1a4670d19fe350d,120,120
管路材・ダクト（電気）,亜鉛メッキ,橋梁用伸縮継手 ２種 ＨＤＺＴ－７７（旧ＨＤＺ５５ [単体10t未満],t,大阪,05,117000,122000,5000,4.27,781d477be90f2048,d0c20b1b49004149,120,120
管路材・ダクト（電気）,亜鉛メッキ,蓋 ２種 ＨＤＺＴ－７７（旧ＨＤＺ５５） [単体10t未満],t,大阪,05,117000,122000,5000,4.27,4641a73f118644b9,b91d15a61d882391,120,120
管路材・ダクト（電気）,亜鉛メッキ,排水管 ２種 ＨＤＺＴ－７７（旧ＨＤＺ５５） [単体10t未満],t,大阪,05,117000,122000,5000,4.27,28e3a1f16e984200,abc98d133443a072,120,120
管路材・ダクト（電気）,亜鉛メッキ,アンカーバー ２種 ＨＤＺＴ－７７（旧ＨＤＺ５５） [単体10t未満],t,大阪,05,117000,122000,5000,4.27,de0662647ddd0192,02e1503680cc3c4e,120,120
管路材・ダクト（電気）,亜鉛メッキ,橋梁用伸縮継手 ２種 ＨＤＺＴ－７７（旧ＨＤＺ５５ [単体10t未満],t,兵庫北部,06,117000,122000,5000,4.27,ec67b84c1e297610,57a012f9c579ff10,120,120
管路材・ダクト（電気）,亜鉛メッキ,蓋 ２種 ＨＤＺＴ－７７（旧ＨＤＺ５５） [単体10t未満],t,兵庫北部,06,117000,122000,5000,4.27,343f718b2e8d1e70,2edfc1634f73a84b,120,120
管路材・ダクト（電気）,亜鉛メッキ,排水管 ２種 ＨＤＺＴ－７７（旧ＨＤＺ５５） [単体10t未満],t,兵庫北部,06,117000,122000,5000,4.27,be01a1abcbbff492,0c615ec19d8e1ad3,120,120
管路材・ダクト（電気）,亜鉛メッキ,アンカーバー ２種 ＨＤＺＴ－７７（旧ＨＤＺ５５） [単体10t未満],t,兵庫北部,06,117000,122000,5000,4.27,e994fbf9f5cea0b4,ecea90aa368af04a,120,120
管路材・ダクト（電気）,亜鉛メッキ,橋梁用伸縮継手 ２種 ＨＤＺＴ－７７（旧ＨＤＺ５５ [単体10t未満],t,兵庫西部,07,117000,122000,5000,4.27,44ad64cdb480a700,e5b33919616d24f7,120,120
管路材・ダクト（電気）,亜鉛メッキ,蓋 ２種 ＨＤＺＴ－７７（旧ＨＤＺ５５） [単体10t未満],t,兵庫西部,07,117000,122000,5000,4.27,0972be23bbdc7f47,a2a3146ba21c35cf,120,120
管路材・ダクト（電気）,亜鉛メッキ,排水管 ２種 ＨＤＺＴ－７７（旧ＨＤＺ５５） [単体10t未満],t,兵庫西部,07,117000,122000,5000,4.27,142f2e8f8848a972,ff5b4b6efe988bc0,120,120
管路材・ダクト（電気）,亜鉛メッキ,アンカーバー ２種 ＨＤＺＴ－７７（旧ＨＤＺ５５） [単体10t未満],t,兵庫西部,07,117000,122000,5000,4.27,366bb9adbf37660d,ba13ba46f5ab2f19,120,120
管路材・ダクト（電気）,亜鉛メッキ,橋梁用伸縮継手 ２種 ＨＤＺＴ－７７（旧ＨＤＺ５５ [単体10t未満],t,兵庫,08,117000,122000,5000,4.27,ec071b08d1cdf78c,feb5d6c6490326c5,120,120
管路材・ダクト（電気）,亜鉛メッキ,蓋 ２種 ＨＤＺＴ－７７（旧ＨＤＺ５５） [単体10t未満],t,兵庫,08,117000,122000,5000,4.27,ac43042a26489802,98fa617990b23b4d,120,120
管路材・ダクト（電気）,亜鉛メッキ,排水管 ２種 ＨＤＺＴ－７７（旧ＨＤＺ５５） [単体10t未満],t,兵庫,08,117000,122000,5000,4.27,ad67b1b1a1689346,56cf343578accd9e,120,120
管路材・ダクト（電気）,亜鉛メッキ,アンカーバー ２種 ＨＤＺＴ－７７（旧ＨＤＺ５５） [単体10t未満],t,兵庫,08,117000,122000,5000,4.27,24ca312aeaaba5bc,1c27844f23a44fb7,120,120
管路材・ダクト（電気）,亜鉛メッキ,橋梁用伸縮継手 ２種 ＨＤＺＴ－７７（旧ＨＤＺ５５ [単体10t未満],t,奈良,09,117000,122000,5000,4.27,accc10cb5a7d708f,61ca7286ee7436bc,120,120
管路材・ダクト（電気）,亜鉛メッキ,蓋 ２種 ＨＤＺＴ－７７（旧ＨＤＺ５５） [単体10t未満],t,奈良,09,117000,122000,5000,4.27,9c1a8699565d0a41,1b5a9aaad0ecdb40,120,120
管路材・ダクト（電気）,亜鉛メッキ,排水管 ２種 ＨＤＺＴ－７７（旧ＨＤＺ５５） [単体10t未満],t,奈良,09,117000,122000,5000,4.27,c1d1b28b3532dfcf,00a0ebf71365333e,120,120
管路材・ダクト（電気）,亜鉛メッキ,アンカーバー ２種 ＨＤＺＴ－７７（旧ＨＤＺ５５） [単体10t未満],t,奈良,09,117000,122000,5000,4.27,a37aa411c61f39e9,a03ee28ac7c87391,120,120
管路材・ダクト（電気）,亜鉛メッキ,橋梁用伸縮継手 ２種 ＨＤＺＴ－７７（旧ＨＤＺ５５ [単体10t未満],t,和歌山,10,117000,122000,5000,4.27,b0eef2b4171900a7,b484f5869522236b,120,120
管路材・ダクト（電気）,亜鉛メッキ,蓋 ２種 ＨＤＺＴ－７７（旧ＨＤＺ５５） [単体10t未満],t,和歌山,10,117000,122000,5000,4.27,c654882931c6bfd4,cbf87993c4cd5ee7,120,120
管路材・ダクト（電気）,亜鉛メッキ,排水管 ２種 ＨＤＺＴ－７７（旧ＨＤＺ５５） [単体10t未満],t,和歌山,10,117000,122000,5000,4.27,92ccb307d236f7b1,96adea50c1a7c711,120,120
管路材・ダクト（電気）,亜鉛メッキ,アンカーバー ２種 ＨＤＺＴ－７７（旧ＨＤＺ５５） [単体10t未満],t,和歌山,10,117000,122000,5000,4.27,78e71e5732c88ef3,97e8e694ea6f7bd1,120,120
管路材・ダクト（電気）,亜鉛メッキ,橋梁用伸縮継手 ２種 ＨＤＺＴ－７７（旧ＨＤＺ５５ [単体10t未満],t,岐阜,11,117000,122000,5000,4.27,7ef04ba0d48dce6c,229ff41524d83e40,120,120
管路材・ダクト（電気）,亜鉛メッキ,蓋 ２種 ＨＤＺＴ－７７（旧ＨＤＺ５５） [単体10t未満],t,岐阜,11,117000,122000,5000,4.27,01aea17bc7f39d78,332d4c90679df4cb,120,120
管路材・ダクト（電気）,亜鉛メッキ,排水管 ２種 ＨＤＺＴ－７７（旧ＨＤＺ５５） [単体10t未満],t,岐阜,11,117000,122000,5000,4.27,97f16ae8f5d1a67a,1b2cdcbb5ed9e89b,120,120
管路材・ダクト（電気）,亜鉛メッキ,アンカーバー ２種 ＨＤＺＴ－７７（旧ＨＤＺ５５） [単体10t未満],t,岐阜,11,117000,122000,5000,4.27,a765428b307d3f34,6d52df7a4fb1ff05,120,120
管路材・ダクト（電気）,亜鉛メッキ,橋梁用伸縮継手 ２種 ＨＤＺＴ－７７（旧ＨＤＺ５５ [単体10t未満],t,三重,12,117000,122000,5000,4.27,33bca8085f04faf4,596da0cff9273106,120,120
管路材・ダクト（電気）,亜鉛メッキ,蓋 ２種 ＨＤＺＴ－７７（旧ＨＤＺ５５） [単体10t未満],t,三重,12,117000,122000,5000,4.27,240b970870aa9e00,de58943a47509c7b,120,120
管路材・ダクト（電気）,亜鉛メッキ,排水管 ２種 ＨＤＺＴ－７７（旧ＨＤＺ５５） [単体10t未満],t,三重,12,117000,122000,5000,4.27,f38be19ea60f9926,8935a8661f820163,120,120
管路材・ダクト（電気）,亜鉛メッキ,アンカーバー ２種 ＨＤＺＴ－７７（旧ＨＤＺ５５） [単体10t未満],t,三重,12,117000,122000,5000,4.27,3d6c0b9ced5edac5,9efd175160629748,120,120
管路材・ダクト（電気）,電線共同溝用合成樹脂管,呼２５ 直管 受口付 通信用,m,福井,01,465,510,45,9.68,bde5e0abe39d9d77,21cc4a4fd116fa98,121,121
管路材・ダクト（電気）,電線共同溝用合成樹脂管,呼２５ 継手管桝接続用 通信用,個,福井,01,1270,1300,30,2.36,36c66b62424c42f6,5fc6cb64828f98a0,121,121
管路材・ダクト（電気）,電線共同溝用合成樹脂管,呼５０ 直管 受口付 通信用,m,福井,01,762,824,62,8.14,972f55e7387f5a0e,b193239dd578f6ac,121,121
管路材・ダクト（電気）,電線共同溝用合成樹脂管,呼５０ 曲管 受口付 通信用,m,福井,01,2700,2920,220,8.15,878e51647eac3ffa,86fbab131f56ba63,121,121
管路材・ダクト（電気）,電線共同溝用合成樹脂管,呼５０ 継手管桝接続用 通信用,個,福井,01,1670,1750,80,4.79,eea2eb1b03ded8ba,3612fa08b50ba7b9,121,121
管路材・ダクト（電気）,電線共同溝用合成樹脂管,呼７５ 直管 受口付 通信用,m,福井,01,1680,1820,140,8.33,7755887c35f0febc,3530130a8f6a2c0c,121,121
管路材・ダクト（電気）,電線共同溝用合成樹脂管,呼７５ 曲管 受口付 通信用,m,福井,01,4950,5350,400,8.08,512d71c57f70b17e,87072fb2eb122393,121,121
管路材・ダクト（電気）,電線共同溝用合成樹脂管,呼７５ 継手管桝接続用 通信用,個,福井,01,2140,2770,630,29.44,0426516a09b29036,86a7e6383c8eb006,121,121
管路材・ダクト（電気）,電線共同溝用合成樹脂管,呼１００ 直管 受口付 通信用,m,福井,01,2000,2160,160,8.0,0ac7d0e4faa19fee,b8a97e894c2d10db,121,121
管路材・ダクト（電気）,電線共同溝用合成樹脂管,呼１００ 曲管 受口付 通信用,m,福井,01,6970,7540,570,8.18,a36eb46932af3abe,8c0ee4764080b3d0,121,121
管路材・ダクト（電気）,電線共同溝用合成樹脂管,呼１００ 継手管桝接続用 通信用,個,福井,01,2390,3060,670,28.03,2aa90e4f119c9bd1,2fb22192274d30c5,121,121
管路材・ダクト（電気）,電線共同溝用合成樹脂管枕,呼５０用,個,福井,01,257,278,21,8.17,c44d5e1fce751292,e802b786bcd390df,121,121
管路材・ダクト（電気）,電線共同溝用合成樹脂管枕,呼７５用,個,福井,01,265,287,22,8.3,788d44b25dbcb040,a6435298648299a2,121,121
管路材・ダクト（電気）,電線共同溝用合成樹脂管枕,呼１００用,個,福井,01,347,376,29,8.36,9236ff82b65b40e9,1a7eb8e1eb0c5f63,121,121
管路材・ダクト（電気）,電線共同溝用合成樹脂管枕,φ１２５ 電力用,個,福井,01,395,400,5,1.27,4d8509e83fb648d5,cd16f00703842e6c,121,121
管路材・ダクト（電気）,電線共同溝用合成樹脂管枕,φ１５０ 電力用,個,福井,01,429,464,35,8.16,0892ec336d5e953a,b21613678b91485f,121,121
管路材・ダクト（電気）,電線共同溝用合成樹脂管枕,φ１５０ 通信用,個,福井,01,429,464,35,8.16,b120625764a5e749,40bc297500a8cf1e,121,121
管路材・ダクト（電気）,電線共同溝用強化複合プラ管,呼１００ 直管 受口付,m,福井,01,7410,8930,1520,20.51,4fa2a0407062e321,023cfedd268ab6e0,121,121
管路材・ダクト（電気）,電線共同溝用強化複合プラ管,呼１００ 曲管 受口付,m,福井,01,11000,13200,2200,20.0,b57cdbec9c05dde4,3810b73aefc43cc9,121,121
管路材・ダクト（電気）,電線共同溝用強化複合プラ管,呼１００ 継手管桝接続用,個,福井,01,12300,14800,2500,20.33,92e9cfc22c5b85b3,099de3aa3d7ab5b0,121,121
管路材・ダクト（電気）,電線共同溝用強化複合プラ管,呼１３０ 直管 受口付,m,福井,01,8260,9880,1620,19.61,0f358808f6d6cd89,4ad812952e01f390,121,121
管路材・ダクト（電気）,電線共同溝用強化複合プラ管,呼１３０ 曲管 受口付,m,福井,01,12200,14700,2500,20.49,f21e323ff65ab963,d0a9d64d6b2eca13,121,121
管路材・ダクト（電気）,電線共同溝用合成樹脂管,呼２５ 直管 受口付 通信用,m,滋賀,02,465,510,45,9.68,dd596be50f91f68c,2240fdce0d398b0a,121,121
管路材・ダクト（電気）,電線共同溝用合成樹脂管,呼２５ 継手管桝接続用 通信用,個,滋賀,02,1270,1300,30,2.36,779f3215b9073ffa,8563354f081fc6d0,121,121
管路材・ダクト（電気）,電線共同溝用合成樹脂管,呼５０ 直管 受口付 通信用,m,滋賀,02,762,824,62,8.14,3450ab4781e408da,dcf2e6e61e9141a1,121,121
管路材・ダクト（電気）,電線共同溝用合成樹脂管,呼５０ 曲管 受口付 通信用,m,滋賀,02,2700,2920,220,8.15,682616133bce3456,c58321b32c2154dd,121,121
管路材・ダクト（電気）,電線共同溝用合成樹脂管,呼５０ 継手管桝接続用 通信用,個,滋賀,02,1670,1750,80,4.79,1da86960e6d0a20b,cd954030b929d7f6,121,121
管路材・ダクト（電気）,電線共同溝用合成樹脂管,呼７５ 直管 受口付 通信用,m,滋賀,02,1680,1820,140,8.33,bf290e7a305f564b,b3f6ab57d1e10bd0,121,121
管路材・ダクト（電気）,電線共同溝用合成樹脂管,呼７５ 曲管 受口付 通信用,m,滋賀,02,4950,5350,400,8.08,6c667481a766646f,bc64bce549a5c668,121,121
管路材・ダクト（電気）,電線共同溝用合成樹脂管,呼７５ 継手管桝接続用 通信用,個,滋賀,02,2140,2770,630,29.44,27958836ca866d75,a82600c3f4412e3b,121,121
管路材・ダクト（電気）,電線共同溝用合成樹脂管,呼１００ 直管 受口付 通信用,m,滋賀,02,2000,2160,160,8.0,55806da5d58f9966,5a725502dfa912f5,121,121
管路材・ダクト（電気）,電線共同溝用合成樹脂管,呼１００ 曲管 受口付 通信用,m,滋賀,02,6970,7540,570,8.18,d350e0c13f0bf8fd,d30474d520389333,121,121
管路材・ダクト（電気）,電線共同溝用合成樹脂管,呼１００ 継手管桝接続用 通信用,個,滋賀,02,2390,3060,670,28.03,bd35407ba26de1cf,808df49c3dcf072b,121,121
管路材・ダクト（電気）,電線共同溝用合成樹脂管枕,呼５０用,個,滋賀,02,257,278,21,8.17,be0728398aae0ce4,62bbf5ff66f99797,121,121
管路材・ダクト（電気）,電線共同溝用合成樹脂管枕,呼７５用,個,滋賀,02,265,287,22,8.3,0b134b8c49446d52,89d82a712d41334b,121,121
管路材・ダクト（電気）,電線共同溝用合成樹脂管枕,呼１００用,個,滋賀,02,347,376,29,8.36,ab07f46cb6397dcc,e7c106e752eca46d,121,121
管路材・ダクト（電気）,電線共同溝用合成樹脂管枕,φ１２５ 電力用,個,滋賀,02,395,400,5,1.27,4bbb5f5a813b0b25,db746e5a84d5679b,121,121
管路材・ダクト（電気）,電線共同溝用合成樹脂管枕,φ１５０ 電力用,個,滋賀,02,429,464,35,8.16,d53fa806c5607118,745e20409ec65ac5,121,121
管路材・ダクト（電気）,電線共同溝用合成樹脂管枕,φ１５０ 通信用,個,滋賀,02,429,464,35,8.16,b61d3e3ffd79f595,9f8c09aad192aa83,121,121
管路材・ダクト（電気）,電線共同溝用強化複合プラ管,呼１００ 直管 受口付,m,滋賀,02,7410,8930,1520,20.51,95e220940ee033ca,020227b820158118,121,121
管路材・ダクト（電気）,電線共同溝用強化複合プラ管,呼１００ 曲管 受口付,m,滋賀,02,11000,13200,2200,20.0,395114b3a61e4a45,9525a4b1c825c2f8,121,121
管路材・ダクト（電気）,電線共同溝用強化複合プラ管,呼１００ 継手管桝接続用,個,滋賀,02,12300,14800,2500,20.33,49eff01505ad2cf3,4c91dd716395581d,121,121
管路材・ダクト（電気）,電線共同溝用強化複合プラ管,呼１３０ 直管 受口付,m,滋賀,02,8260,9880,1620,19.61,ef417504e90e3c36,d37060548a9bea5a,121,121
管路材・ダクト（電気）,電線共同溝用強化複合プラ管,呼１３０ 曲管 受口付,m,滋賀,02,12200,14700,2500,20.49,9dcbdb7ee8b7b4dc,daf687ef2d972dde,121,121
管路材・ダクト（電気）,電線共同溝用合成樹脂管,呼２５ 直管 受口付 通信用,m,京都北部,03,465,510,45,9.68,7b51ba1fd4fc2665,490b4d37cbe60037,121,121
管路材・ダクト（電気）,電線共同溝用合成樹脂管,呼２５ 継手管桝接続用 通信用,個,京都北部,03,1270,1300,30,2.36,ee4856558fd830a1,f93c7910c8c4d1df,121,121
管路材・ダクト（電気）,電線共同溝用合成樹脂管,呼５０ 直管 受口付 通信用,m,京都北部,03,762,824,62,8.14,21ed3c98b59a1f6c,0c012f20f1b263fd,121,121
管路材・ダクト（電気）,電線共同溝用合成樹脂管,呼５０ 曲管 受口付 通信用,m,京都北部,03,2700,2920,220,8.15,2ae0e1f0b64b2716,55443886b5f040d7,121,121
管路材・ダクト（電気）,電線共同溝用合成樹脂管,呼５０ 継手管桝接続用 通信用,個,京都北部,03,1670,1750,80,4.79,c1d7cdb60e6f25b5,2c712d3ec457108d,121,121
管路材・ダクト（電気）,電線共同溝用合成樹脂管,呼７５ 直管 受口付 通信用,m,京都北部,03,1680,1820,140,8.33,f9ff20cd33a8641f,7dbf847918ca6acf,121,121
管路材・ダクト（電気）,電線共同溝用合成樹脂管,呼７５ 曲管 受口付 通信用,m,京都北部,03,4950,5350,400,8.08,cbef77f503e68a23,5c818ae3ca6a8668,121,121
管路材・ダクト（電気）,電線共同溝用合成樹脂管,呼７５ 継手管桝接続用 通信用,個,京都北部,03,2140,2770,630,29.44,9287b64a3e7c3268,e8ad27808774308c,121,121
管路材・ダクト（電気）,電線共同溝用合成樹脂管,呼１００ 直管 受口付 通信用,m,京都北部,03,2000,2160,160,8.0,a24d31c7bf699e7b,3497616fdd96d165,121,121
管路材・ダクト（電気）,電線共同溝用合成樹脂管,呼１００ 曲管 受口付 通信用,m,京都北部,03,6970,7540,570,8.18,ef83876fc66b6343,293ab646f8be0c1c,121,121
管路材・ダクト（電気）,電線共同溝用合成樹脂管,呼１００ 継手管桝接続用 通信用,個,京都北部,03,2390,3060,670,28.03,db95cbce1791161b,f7d230a32985e600,121,121
管路材・ダクト（電気）,電線共同溝用合成樹脂管枕,呼５０用,個,京都北部,03,257,278,21,8.17,4de66da2b1af5dc9,c9302e31c1121322,121,121
管路材・ダクト（電気）,電線共同溝用合成樹脂管枕,呼７５用,個,京都北部,03,265,287,22,8.3,ba1f7b04adcc0e27,d9d01da3038e0dff,121,121
管路材・ダクト（電気）,電線共同溝用合成樹脂管枕,呼１００用,個,京都北部,03,347,376,29,8.36,96bc30386081abe0,7067c73822e083d6,121,121
管路材・ダクト（電気）,電線共同溝用合成樹脂管枕,φ１２５ 電力用,個,京都北部,03,395,400,5,1.27,93c2f53a5dc34595,744c7e026acd28f7,121,121
管路材・ダクト（電気）,電線共同溝用合成樹脂管枕,φ１５０ 電力用,個,京都北部,03,429,464,35,8.16,a0d79c5540c26e64,59afc460dc119a44,121,121
管路材・ダクト（電気）,電線共同溝用合成樹脂管枕,φ１５０ 通信用,個,京都北部,03,429,464,35,8.16,8c819a3e47a1e49d,f0c35df35b38ced1,121,121
管路材・ダクト（電気）,電線共同溝用強化複合プラ管,呼１００ 直管 受口付,m,京都北部,03,7410,8930,1520,20.51,f933fed783b5b11a,4783aec33a3db422,121,121
管路材・ダクト（電気）,電線共同溝用強化複合プラ管,呼１００ 曲管 受口付,m,京都北部,03,11000,13200,2200,20.0,55a3675f707ede07,a1e94520d144b791,121,121
管路材・ダクト（電気）,電線共同溝用強化複合プラ管,呼１００ 継手管桝接続用,個,京都北部,03,12300,14800,2500,20.33,9862e653ea7f0223,7650f0e0f8d1829e,121,121
管路材・ダクト（電気）,電線共同溝用強化複合プラ管,呼１３０ 直管 受口付,m,京都北部,03,8260,9880,1620,19.61,446913268e21f1dd,c8616c54bc38896b,121,121
管路材・ダクト（電気）,電線共同溝用強化複合プラ管,呼１３０ 曲管 受口付,m,京都北部,03,12200,14700,2500,20.49,8a6b154f010a63e1,f0293ca3bb7a991f,121,121
管路材・ダクト（電気）,電線共同溝用合成樹脂管,呼２５ 直管 受口付 通信用,m,京都南部,04,465,510,45,9.68,d9f90caf71653863,7e5fdf1e9577dcfb,121,121
管路材・ダクト（電気）,電線共同溝用合成樹脂管,呼２５ 継手管桝接続用 通信用,個,京都南部,04,1270,1300,30,2.36,e447a6752869b7dd,10e15318b594c5a6,121,121
管路材・ダクト（電気）,電線共同溝用合成樹脂管,呼５０ 直管 受口付 通信用,m,京都南部,04,762,824,62,8.14,2245b48678f8abc3,496548f62471a8f7,121,121
管路材・ダクト（電気）,電線共同溝用合成樹脂管,呼５０ 曲管 受口付 通信用,m,京都南部,04,2700,2920,220,8.15,3a7b9ae12140892f,8e3829849f6e1d23,121,121
管路材・ダクト（電気）,電線共同溝用合成樹脂管,呼５０ 継手管桝接続用 通信用,個,京都南部,04,1670,1750,80,4.79,b3689e5722c2d50a,eb99913aba19f88b,121,121
管路材・ダクト（電気）,電線共同溝用合成樹脂管,呼７５ 直管 受口付 通信用,m,京都南部,04,1680,1820,140,8.33,634572d41a2e938a,488adc40548e3f39,121,121
管路材・ダクト（電気）,電線共同溝用合成樹脂管,呼７５ 曲管 受口付 通信用,m,京都南部,04,4950,5350,400,8.08,b4c5eadf819408bb,2468ae8a58068217,121,121
管路材・ダクト（電気）,電線共同溝用合成樹脂管,呼７５ 継手管桝接続用 通信用,個,京都南部,04,2140,2770,630,29.44,8f3214722f456b25,475e3613745b9ac3,121,121
管路材・ダクト（電気）,電線共同溝用合成樹脂管,呼１００ 直管 受口付 通信用,m,京都南部,04,2000,2160,160,8.0,ea29fb2b6ebdd78f,7d5b27d9379d3102,121,121
管路材・ダクト（電気）,電線共同溝用合成樹脂管,呼１００ 曲管 受口付 通信用,m,京都南部,04,6970,7540,570,8.18,6f91d36b6fe2a960,9621f8315b1ae79d,121,121
管路材・ダクト（電気）,電線共同溝用合成樹脂管,呼１００ 継手管桝接続用 通信用,個,京都南部,04,2390,3060,670,28.03,75ded35f0a53e091,242029e061280663,121,121
管路材・ダクト（電気）,電線共同溝用合成樹脂管枕,呼５０用,個,京都南部,04,257,278,21,8.17,83ed51bfeb15c6ff,30dac1adb67689a7,121,121
管路材・ダクト（電気）,電線共同溝用合成樹脂管枕,呼７５用,個,京都南部,04,265,287,22,8.3,8752fa547650b0ac,16d19ce8cb9ae267,121,121
管路材・ダクト（電気）,電線共同溝用合成樹脂管枕,呼１００用,個,京都南部,04,347,376,29,8.36,44fd8fc2573151b5,8187e50ca5884674,121,121
管路材・ダクト（電気）,電線共同溝用合成樹脂管枕,φ１２５ 電力用,個,京都南部,04,395,400,5,1.27,3b3a09c68f385211,cb629eae3ca8f215,121,121
管路材・ダクト（電気）,電線共同溝用合成樹脂管枕,φ１５０ 電力用,個,京都南部,04,429,464,35,8.16,a414ab861a5c0f79,25e6eb54cb54f73c,121,121
管路材・ダクト（電気）,電線共同溝用合成樹脂管枕,φ１５０ 通信用,個,京都南部,04,429,464,35,8.16,781cc2fd3ca42a78,1f408fcaa364ff5a,121,121
管路材・ダクト（電気）,電線共同溝用強化複合プラ管,呼１００ 直管 受口付,m,京都南部,04,7410,8930,1520,20.51,7bc6384e5034886a,275bbf4333c64468,121,121
管路材・ダクト（電気）,電線共同溝用強化複合プラ管,呼１００ 曲管 受口付,m,京都南部,04,11000,13200,2200,20.0,dc7019f97dfdcb82,f5a9bd959510b864,121,121
管路材・ダクト（電気）,電線共同溝用強化複合プラ管,呼１００ 継手管桝接続用,個,京都南部,04,12300,14800,2500,20.33,efb5670c8777363a,a0f44cab0bf2b32e,121,121
管路材・ダクト（電気）,電線共同溝用強化複合プラ管,呼１３０ 直管 受口付,m,京都南部,04,8260,9880,1620,19.61,0bb87d572b3aff4a,1377107d65527df0,121,121
管路材・ダクト（電気）,電線共同溝用強化複合プラ管,呼１３０ 曲管 受口付,m,京都南部,04,12200,14700,2500,20.49,2bcb6a39a6dcf566,cad5bf2d69309af3,121,121
管路材・ダクト（電気）,電線共同溝用合成樹脂管,呼２５ 直管 受口付 通信用,m,大阪,05,465,510,45,9.68,44f8b850b8f0c1d9,0ec49c372638cbfa,121,121
管路材・ダクト（電気）,電線共同溝用合成樹脂管,呼２５ 継手管桝接続用 通信用,個,大阪,05,1270,1300,30,2.36,28e1f08af2252412,a1cad90a5acc03d8,121,121
管路材・ダクト（電気）,電線共同溝用合成樹脂管,呼５０ 直管 受口付 通信用,m,大阪,05,762,824,62,8.14,4cedb380d5b65363,ffdc8d4983c089f7,121,121
管路材・ダクト（電気）,電線共同溝用合成樹脂管,呼５０ 曲管 受口付 通信用,m,大阪,05,2700,2920,220,8.15,44d876734a588754,27d942cc738b31d5,121,121
管路材・ダクト（電気）,電線共同溝用合成樹脂管,呼５０ 継手管桝接続用 通信用,個,大阪,05,1670,1750,80,4.79,14a22208c07b5d29,522fe3a472adc80e,121,121
管路材・ダクト（電気）,電線共同溝用合成樹脂管,呼７５ 直管 受口付 通信用,m,大阪,05,1680,1820,140,8.33,f4190e87f92266bf,1ab85c70d7cdb9fe,121,121
管路材・ダクト（電気）,電線共同溝用合成樹脂管,呼７５ 曲管 受口付 通信用,m,大阪,05,4950,5350,400,8.08,38f1cbfa1681c952,ce18e4e3e16b6b51,121,121
管路材・ダクト（電気）,電線共同溝用合成樹脂管,呼７５ 継手管桝接続用 通信用,個,大阪,05,2140,2770,630,29.44,1e5ee75bbc7bd0ef,ee47dabfb5ca3a6d,121,121
管路材・ダクト（電気）,電線共同溝用合成樹脂管,呼１００ 直管 受口付 通信用,m,大阪,05,2000,2160,160,8.0,7840b311c383be77,fe5d63e8fa9b1b70,121,121
管路材・ダクト（電気）,電線共同溝用合成樹脂管,呼１００ 曲管 受口付 通信用,m,大阪,05,6970,7540,570,8.18,74d681f5cf2a6318,9fc3157649b41169,121,121
管路材・ダクト（電気）,電線共同溝用合成樹脂管,呼１００ 継手管桝接続用 通信用,個,大阪,05,2390,3060,670,28.03,52fa4e44a53d43df,5648a33e894f6f1d,121,121
管路材・ダクト（電気）,電線共同溝用合成樹脂管枕,呼５０用,個,大阪,05,257,278,21,8.17,0380da4893be8d59,b04ae7f369f7d42b,121,121
管路材・ダクト（電気）,電線共同溝用合成樹脂管枕,呼７５用,個,大阪,05,265,287,22,8.3,c6737a164e00fdf8,6804d345f04988b0,121,121
管路材・ダクト（電気）,電線共同溝用合成樹脂管枕,呼１００用,個,大阪,05,347,376,29,8.36,740d401d5f345abf,7c0647172dd04942,121,121
管路材・ダクト（電気）,電線共同溝用合成樹脂管枕,φ１２５ 電力用,個,大阪,05,395,400,5,1.27,2f28e9e5aeaaeee1,0f87a024845eaac1,121,121
管路材・ダクト（電気）,電線共同溝用合成樹脂管枕,φ１５０ 電力用,個,大阪,05,429,464,35,8.16,f10b1ee40e2ee9d1,c53ee61f43560d55,121,121
管路材・ダクト（電気）,電線共同溝用合成樹脂管枕,φ１５０ 通信用,個,大阪,05,429,464,35,8.16,92b4aea5eebfb28a,a70dcf3a9d9cd816,121,121
管路材・ダクト（電気）,電線共同溝用強化複合プラ管,呼１００ 直管 受口付,m,大阪,05,7410,8930,1520,20.51,f418deb589fff93f,27863aea8ffeb056,121,121
管路材・ダクト（電気）,電線共同溝用強化複合プラ管,呼１００ 曲管 受口付,m,大阪,05,11000,13200,2200,20.0,3f13f82a87f8fc2c,371e92d3e04141ad,121,121
管路材・ダクト（電気）,電線共同溝用強化複合プラ管,呼１００ 継手管桝接続用,個,大阪,05,12300,14800,2500,20.33,71c27b179e1055b9,b45277ffe91b6749,121,121
管路材・ダクト（電気）,電線共同溝用強化複合プラ管,呼１３０ 直管 受口付,m,大阪,05,8260,9880,1620,19.61,a2d350962e02dacd,6b20ba7989236577,121,121
管路材・ダクト（電気）,電線共同溝用強化複合プラ管,呼１３０ 曲管 受口付,m,大阪,05,12200,14700,2500,20.49,6612a4eb5d9f4147,e9f448045bb8aa5a,121,121
管路材・ダクト（電気）,電線共同溝用合成樹脂管,呼２５ 直管 受口付 通信用,m,兵庫北部,06,465,510,45,9.68,c63a675565bd63ad,ecf5dafcae3445ff,121,121
管路材・ダクト（電気）,電線共同溝用合成樹脂管,呼２５ 継手管桝接続用 通信用,個,兵庫北部,06,1270,1300,30,2.36,d7138920a2b6cfa9,9e1ad23dac0cdbdb,121,121
管路材・ダクト（電気）,電線共同溝用合成樹脂管,呼５０ 直管 受口付 通信用,m,兵庫北部,06,762,824,62,8.14,6dce440de0afd146,7a665965aa50e06a,121,121
管路材・ダクト（電気）,電線共同溝用合成樹脂管,呼５０ 曲管 受口付 通信用,m,兵庫北部,06,2700,2920,220,8.15,d81367276313c6e7,3b4c1a5a3ac3ea59,121,121
管路材・ダクト（電気）,電線共同溝用合成樹脂管,呼５０ 継手管桝接続用 通信用,個,兵庫北部,06,1670,1750,80,4.79,f9068f8b2ef9ec8f,3d5e559c7c729bcd,121,121
管路材・ダクト（電気）,電線共同溝用合成樹脂管,呼７５ 直管 受口付 通信用,m,兵庫北部,06,1680,1820,140,8.33,8c584e5ff9084a51,b8ec595839ffdc03,121,121
管路材・ダクト（電気）,電線共同溝用合成樹脂管,呼７５ 曲管 受口付 通信用,m,兵庫北部,06,4950,5350,400,8.08,d5b738ed7768de79,9d8d18868ccbd2bd,121,121
管路材・ダクト（電気）,電線共同溝用合成樹脂管,呼７５ 継手管桝接続用 通信用,個,兵庫北部,06,2140,2770,630,29.44,8751faf6f454ccc3,8b0505f81742d67d,121,121
管路材・ダクト（電気）,電線共同溝用合成樹脂管,呼１００ 直管 受口付 通信用,m,兵庫北部,06,2000,2160,160,8.0,cc8190508e27fc94,4a11d2aedfe2ec8a,121,121
管路材・ダクト（電気）,電線共同溝用合成樹脂管,呼１００ 曲管 受口付 通信用,m,兵庫北部,06,6970,7540,570,8.18,0771d986e555655d,e73feea2e76834fe,121,121
管路材・ダクト（電気）,電線共同溝用合成樹脂管,呼１００ 継手管桝接続用 通信用,個,兵庫北部,06,2390,3060,670,28.03,b5bd49528f04e7c3,75def94fad880014,121,121
管路材・ダクト（電気）,電線共同溝用合成樹脂管枕,呼５０用,個,兵庫北部,06,257,278,21,8.17,845f78175cd9bc3d,b7c950f1e2c7ff12,121,121
管路材・ダクト（電気）,電線共同溝用合成樹脂管枕,呼７５用,個,兵庫北部,06,265,287,22,8.3,27516fabdb276dcd,e5ee2d23da7de1c1,121,121
管路材・ダクト（電気）,電線共同溝用合成樹脂管枕,呼１００用,個,兵庫北部,06,347,376,29,8.36,2303c24256f4c590,c45427c8e2d7123f,121,121
管路材・ダクト（電気）,電線共同溝用合成樹脂管枕,φ１２５ 電力用,個,兵庫北部,06,395,400,5,1.27,8c1787384826b4d2,69e25d38429154e8,121,121
管路材・ダクト（電気）,電線共同溝用合成樹脂管枕,φ１５０ 電力用,個,兵庫北部,06,429,464,35,8.16,12f4dd35bd738685,bb7f12cb7560f159,121,121
管路材・ダクト（電気）,電線共同溝用合成樹脂管枕,φ１５０ 通信用,個,兵庫北部,06,429,464,35,8.16,f2e05e69c6300f2e,a79d549d1c4d71ed,121,121
管路材・ダクト（電気）,電線共同溝用強化複合プラ管,呼１００ 直管 受口付,m,兵庫北部,06,7410,8930,1520,20.51,c810c93ff2f45cdf,8f2a30166dc4f684,121,121
管路材・ダクト（電気）,電線共同溝用強化複合プラ管,呼１００ 曲管 受口付,m,兵庫北部,06,11000,13200,2200,20.0,a86ecbc84a3a772b,630aeeeefce9bb70,121,121
管路材・ダクト（電気）,電線共同溝用強化複合プラ管,呼１００ 継手管桝接続用,個,兵庫北部,06,12300,14800,2500,20.33,b886b9af237b4444,4fff6a1a0414bb54,121,121
管路材・ダクト（電気）,電線共同溝用強化複合プラ管,呼１３０ 直管 受口付,m,兵庫北部,06,8260,9880,1620,19.61,77a907fcc5e1e024,3ef300a76777aa0b,121,121
管路材・ダクト（電気）,電線共同溝用強化複合プラ管,呼１３０ 曲管 受口付,m,兵庫北部,06,12200,14700,2500,20.49,61251780c9c44987,e19fac5e7ccbd4b5,121,121
管路材・ダクト（電気）,電線共同溝用合成樹脂管,呼２５ 直管 受口付 通信用,m,兵庫西部,07,465,510,45,9.68,687934f0680ad470,478873c93215aeab,121,121
管路材・ダクト（電気）,電線共同溝用合成樹脂管,呼２５ 継手管桝接続用 通信用,個,兵庫西部,07,1270,1300,30,2.36,f67ad66a793e8c8f,f29787956da0b314,121,121
管路材・ダクト（電気）,電線共同溝用合成樹脂管,呼５０ 直管 受口付 通信用,m,兵庫西部,07,762,824,62,8.14,eb5ebec0751ac4d3,7923d7015cd8b20a,121,121
管路材・ダクト（電気）,電線共同溝用合成樹脂管,呼５０ 曲管 受口付 通信用,m,兵庫西部,07,2700,2920,220,8.15,28ac413ba6a2195d,307dfa94c08ba986,121,121
管路材・ダクト（電気）,電線共同溝用合成樹脂管,呼５０ 継手管桝接続用 通信用,個,兵庫西部,07,1670,1750,80,4.79,316efaad7e69dc82,a2f41714fbb7c443,121,121
管路材・ダクト（電気）,電線共同溝用合成樹脂管,呼７５ 直管 受口付 通信用,m,兵庫西部,07,1680,1820,140,8.33,cc2e60093c927767,0e72dd2e82da845d,121,121
管路材・ダクト（電気）,電線共同溝用合成樹脂管,呼７５ 曲管 受口付 通信用,m,兵庫西部,07,4950,5350,400,8.08,68da5ada27be80ae,8f9e7ac20fd1ab21,121,121
管路材・ダクト（電気）,電線共同溝用合成樹脂管,呼７５ 継手管桝接続用 通信用,個,兵庫西部,07,2140,2770,630,29.44,ff05cf60c97a3dd3,6a0ebc40733d8751,121,121
管路材・ダクト（電気）,電線共同溝用合成樹脂管,呼１００ 直管 受口付 通信用,m,兵庫西部,07,2000,2160,160,8.0,053000c432710ef4,636393700ecba7b5,121,121
管路材・ダクト（電気）,電線共同溝用合成樹脂管,呼１００ 曲管 受口付 通信用,m,兵庫西部,07,6970,7540,570,8.18,5e8f0c5a3442aed5,4eb27a4ec6708cf4,121,121
管路材・ダクト（電気）,電線共同溝用合成樹脂管,呼１００ 継手管桝接続用 通信用,個,兵庫西部,07,2390,3060,670,28.03,eea9063cd60db890,3949405fb8862ce2,121,121
管路材・ダクト（電気）,電線共同溝用合成樹脂管枕,呼５０用,個,兵庫西部,07,257,278,21,8.17,1cc3c0bc5cc2bdc0,37028b01c9c53c61,121,121
管路材・ダクト（電気）,電線共同溝用合成樹脂管枕,呼７５用,個,兵庫西部,07,265,287,22,8.3,11c2ac72c864d725,d236e5d2cba872e3,121,121
管路材・ダクト（電気）,電線共同溝用合成樹脂管枕,呼１００用,個,兵庫西部,07,347,376,29,8.36,2789cd715f39e488,ec4e173b3353954a,121,121
管路材・ダクト（電気）,電線共同溝用合成樹脂管枕,φ１２５ 電力用,個,兵庫西部,07,395,400,5,1.27,7b55d0931459b785,418b4e3a8c770acb,121,121
管路材・ダクト（電気）,電線共同溝用合成樹脂管枕,φ１５０ 電力用,個,兵庫西部,07,429,464,35,8.16,0624503bb0f2a2a6,a01c85faa7731254,121,121
管路材・ダクト（電気）,電線共同溝用合成樹脂管枕,φ１５０ 通信用,個,兵庫西部,07,429,464,35,8.16,a442920300f93820,83649c402f5cfb4b,121,121
管路材・ダクト（電気）,電線共同溝用強化複合プラ管,呼１００ 直管 受口付,m,兵庫西部,07,7410,8930,1520,20.51,15f264926eb857e9,2efef1753870c65e,121,121
管路材・ダクト（電気）,電線共同溝用強化複合プラ管,呼１００ 曲管 受口付,m,兵庫西部,07,11000,13200,2200,20.0,d53a250b79250ff8,7bd0f99ae503d8cc,121,121
管路材・ダクト（電気）,電線共同溝用強化複合プラ管,呼１００ 継手管桝接続用,個,兵庫西部,07,12300,14800,2500,20.33,60b6b1d858c0c9a7,007152af0a024b60,121,121
管路材・ダクト（電気）,電線共同溝用強化複合プラ管,呼１３０ 直管 受口付,m,兵庫西部,07,8260,9880,1620,19.61,d46e186cae3c243e,e5b42e3bb8b443e8,121,121
管路材・ダクト（電気）,電線共同溝用強化複合プラ管,呼１３０ 曲管 受口付,m,兵庫西部,07,12200,14700,2500,20.49,2d5bf68a4777b98a,2db19e0f836ef8b4,121,121
管路材・ダクト（電気）,電線共同溝用合成樹脂管,呼２５ 直管 受口付 通信用,m,兵庫,08,465,510,45,9.68,697064bb92614a4c,e24f37da1230a883,121,121
管路材・ダクト（電気）,電線共同溝用合成樹脂管,呼２５ 継手管桝接続用 通信用,個,兵庫,08,1270,1300,30,2.36,81d8853dfa3b0d45,20285436bc28aa5f,121,121
管路材・ダクト（電気）,電線共同溝用合成樹脂管,呼５０ 直管 受口付 通信用,m,兵庫,08,762,824,62,8.14,c558df4b2697def6,be6a0372e0161784,121,121
管路材・ダクト（電気）,電線共同溝用合成樹脂管,呼５０ 曲管 受口付 通信用,m,兵庫,08,2700,2920,220,8.15,be0146dfff2bdcee,919b5fbc6da3856d,121,121
管路材・ダクト（電気）,電線共同溝用合成樹脂管,呼５０ 継手管桝接続用 通信用,個,兵庫,08,1670,1750,80,4.79,27daffbf8b7449cd,a1c17dc415650164,121,121
管路材・ダクト（電気）,電線共同溝用合成樹脂管,呼７５ 直管 受口付 通信用,m,兵庫,08,1680,1820,140,8.33,2baf780a6e742914,b8b2b9f7890cdf38,121,121
管路材・ダクト（電気）,電線共同溝用合成樹脂管,呼７５ 曲管 受口付 通信用,m,兵庫,08,4950,5350,400,8.08,d29bf5e0db93fa95,9c39f646b70344cc,121,121
管路材・ダクト（電気）,電線共同溝用合成樹脂管,呼７５ 継手管桝接続用 通信用,個,兵庫,08,2140,2770,630,29.44,edf4c6187a14907d,65b7db6e535ba229,121,121
管路材・ダクト（電気）,電線共同溝用合成樹脂管,呼１００ 直管 受口付 通信用,m,兵庫,08,2000,2160,160,8.0,840ea89ba2b634de,bfb6a23216578bed,121,121
管路材・ダクト（電気）,電線共同溝用合成樹脂管,呼１００ 曲管 受口付 通信用,m,兵庫,08,6970,7540,570,8.18,6c7631f9691b5d16,34a3cc9216505e44,121,121
管路材・ダクト（電気）,電線共同溝用合成樹脂管,呼１００ 継手管桝接続用 通信用,個,兵庫,08,2390,3060,670,28.03,d29bb7080246c7ef,37a332d84a91fd18,121,121
管路材・ダクト（電気）,電線共同溝用合成樹脂管枕,呼５０用,個,兵庫,08,257,278,21,8.17,6d4de0e6e61466a8,46fb103e4257cef2,121,121
管路材・ダクト（電気）,電線共同溝用合成樹脂管枕,呼７５用,個,兵庫,08,265,287,22,8.3,888c82c981e0f11a,a7a37a0cde45bbf1,121,121
管路材・ダクト（電気）,電線共同溝用合成樹脂管枕,呼１００用,個,兵庫,08,347,376,29,8.36,50c98350318d15c2,e3818d2230c8df3d,121,121
管路材・ダクト（電気）,電線共同溝用合成樹脂管枕,φ１２５ 電力用,個,兵庫,08,395,400,5,1.27,fa7387fc5b5b8ce9,07b3322e1b5ba7a0,121,121
管路材・ダクト（電気）,電線共同溝用合成樹脂管枕,φ１５０ 電力用,個,兵庫,08,429,464,35,8.16,cb5307786d799580,3df93a5a95f45594,121,121
管路材・ダクト（電気）,電線共同溝用合成樹脂管枕,φ１５０ 通信用,個,兵庫,08,429,464,35,8.16,7c9a5bd1d5560705,dc8602104b2d0c76,121,121
管路材・ダクト（電気）,電線共同溝用強化複合プラ管,呼１００ 直管 受口付,m,兵庫,08,7410,8930,1520,20.51,7c45bc31fd0c66fc,7ee3f9d6f794c420,121,121
管路材・ダクト（電気）,電線共同溝用強化複合プラ管,呼１００ 曲管 受口付,m,兵庫,08,11000,13200,2200,20.0,82b9577c55d19bdc,fbaeea3eb9b679d3,121,121
管路材・ダクト（電気）,電線共同溝用強化複合プラ管,呼１００ 継手管桝接続用,個,兵庫,08,12300,14800,2500,20.33,fd2ff1c48285317b,4ff5d741cd2837d7,121,121
管路材・ダクト（電気）,電線共同溝用強化複合プラ管,呼１３０ 直管 受口付,m,兵庫,08,8260,9880,1620,19.61,697ba72ed1e98243,218dafa15673cd8f,121,121
管路材・ダクト（電気）,電線共同溝用強化複合プラ管,呼１３０ 曲管 受口付,m,兵庫,08,12200,14700,2500,20.49,b501b408176256d2,bb36f074f52bc13b,121,121
管路材・ダクト（電気）,電線共同溝用合成樹脂管,呼２５ 直管 受口付 通信用,m,奈良,09,465,510,45,9.68,43515fa6d2ce7a0e,fd9426c9f2620b66,121,121
管路材・ダクト（電気）,電線共同溝用合成樹脂管,呼２５ 継手管桝接続用 通信用,個,奈良,09,1270,1300,30,2.36,c41425c088360367,b5e6629e0a4fe6b5,121,121
管路材・ダクト（電気）,電線共同溝用合成樹脂管,呼５０ 直管 受口付 通信用,m,奈良,09,762,824,62,8.14,a544eb08304d3b48,408d686cf83c2c97,121,121
管路材・ダクト（電気）,電線共同溝用合成樹脂管,呼５０ 曲管 受口付 通信用,m,奈良,09,2700,2920,220,8.15,389f06410517d17d,dc61c5e88e6a6f54,121,121
管路材・ダクト（電気）,電線共同溝用合成樹脂管,呼５０ 継手管桝接続用 通信用,個,奈良,09,1670,1750,80,4.79,18b52004a82107a5,2b224f10c34a9b0b,121,121
管路材・ダクト（電気）,電線共同溝用合成樹脂管,呼７５ 直管 受口付 通信用,m,奈良,09,1680,1820,140,8.33,69b8df25178e34b7,c291cd603911c930,121,121
管路材・ダクト（電気）,電線共同溝用合成樹脂管,呼７５ 曲管 受口付 通信用,m,奈良,09,4950,5350,400,8.08,fed530c10cc0c571,538540166c2792c9,121,121
管路材・ダクト（電気）,電線共同溝用合成樹脂管,呼７５ 継手管桝接続用 通信用,個,奈良,09,2140,2770,630,29.44,5b69d4f7221d4f94,7d08dda2431d59c8,121,121
管路材・ダクト（電気）,電線共同溝用合成樹脂管,呼１００ 直管 受口付 通信用,m,奈良,09,2000,2160,160,8.0,b2e3f85eebff006b,0392fd21cfd82d04,121,121
管路材・ダクト（電気）,電線共同溝用合成樹脂管,呼１００ 曲管 受口付 通信用,m,奈良,09,6970,7540,570,8.18,b38ff1a3bf45494e,0a3a466c016e1017,121,121
管路材・ダクト（電気）,電線共同溝用合成樹脂管,呼１００ 継手管桝接続用 通信用,個,奈良,09,2390,3060,670,28.03,a9866a89b8079d92,11d37a6d6fd8d88a,121,121
管路材・ダクト（電気）,電線共同溝用合成樹脂管枕,呼５０用,個,奈良,09,257,278,21,8.17,c8e91f6a73d2a967,845734d862895cf5,121,121
管路材・ダクト（電気）,電線共同溝用合成樹脂管枕,呼７５用,個,奈良,09,265,287,22,8.3,de7949b4540e09b5,09157c1b1598fbba,121,121
管路材・ダクト（電気）,電線共同溝用合成樹脂管枕,呼１００用,個,奈良,09,347,376,29,8.36,1186d77c37c16c74,a8915d6436d9c826,121,121
管路材・ダクト（電気）,電線共同溝用合成樹脂管枕,φ１２５ 電力用,個,奈良,09,395,400,5,1.27,ab3fee30b346a846,24ae8821e469e93c,121,121
管路材・ダクト（電気）,電線共同溝用合成樹脂管枕,φ１５０ 電力用,個,奈良,09,429,464,35,8.16,995879041389e88d,c605acaaf4f0855f,121,121
管路材・ダクト（電気）,電線共同溝用合成樹脂管枕,φ１５０ 通信用,個,奈良,09,429,464,35,8.16,fbe4e44d33fd31b9,30926799b16406e9,121,121
管路材・ダクト（電気）,電線共同溝用強化複合プラ管,呼１００ 直管 受口付,m,奈良,09,7410,8930,1520,20.51,2cb783f06434336a,df621fb7b7be416c,121,121
管路材・ダクト（電気）,電線共同溝用強化複合プラ管,呼１００ 曲管 受口付,m,奈良,09,11000,13200,2200,20.0,7b1c89e7577a1c73,35bffa3e10c86779,121,121
管路材・ダクト（電気）,電線共同溝用強化複合プラ管,呼１００ 継手管桝接続用,個,奈良,09,12300,14800,2500,20.33,8a59163ea2813b34,cb9968f58b101062,121,121
管路材・ダクト（電気）,電線共同溝用強化複合プラ管,呼１３０ 直管 受口付,m,奈良,09,8260,9880,1620,19.61,76d6d073864e118d,f89d95c16c9375b3,121,121
管路材・ダクト（電気）,電線共同溝用強化複合プラ管,呼１３０ 曲管 受口付,m,奈良,09,12200,14700,2500,20.49,f7a149dce344a213,c2b805392b5226dc,121,121
管路材・ダクト（電気）,電線共同溝用合成樹脂管,呼２５ 直管 受口付 通信用,m,和歌山,10,465,510,45,9.68,adb2781f44c3f1a4,3771e55dda118831,121,121
管路材・ダクト（電気）,電線共同溝用合成樹脂管,呼２５ 継手管桝接続用 通信用,個,和歌山,10,1270,1300,30,2.36,7b4a7eed8b66597e,a4a0b3bfddd616b6,121,121
管路材・ダクト（電気）,電線共同溝用合成樹脂管,呼５０ 直管 受口付 通信用,m,和歌山,10,762,824,62,8.14,72a2b25803387df5,9d9a46effd2de987,121,121
管路材・ダクト（電気）,電線共同溝用合成樹脂管,呼５０ 曲管 受口付 通信用,m,和歌山,10,2700,2920,220,8.15,d66c9bda6cebb992,9a641bae0ec38ad2,121,121
管路材・ダクト（電気）,電線共同溝用合成樹脂管,呼５０ 継手管桝接続用 通信用,個,和歌山,10,1670,1750,80,4.79,02c26cb82e10f609,8458d2acee720e88,121,121
管路材・ダクト（電気）,電線共同溝用合成樹脂管,呼７５ 直管 受口付 通信用,m,和歌山,10,1680,1820,140,8.33,845eddfaf15be488,6bf0e04fc509fe43,121,121
管路材・ダクト（電気）,電線共同溝用合成樹脂管,呼７５ 曲管 受口付 通信用,m,和歌山,10,4950,5350,400,8.08,4f2feef6df69870d,f1e0bc7d5e621e6d,121,121
管路材・ダクト（電気）,電線共同溝用合成樹脂管,呼７５ 継手管桝接続用 通信用,個,和歌山,10,2140,2770,630,29.44,f218e2c035354b3d,435dc06b9501be35,121,121
管路材・ダクト（電気）,電線共同溝用合成樹脂管,呼１００ 直管 受口付 通信用,m,和歌山,10,2000,2160,160,8.0,d0879a3b51f26f5f,f018e4bd7af7b4df,121,121
管路材・ダクト（電気）,電線共同溝用合成樹脂管,呼１００ 曲管 受口付 通信用,m,和歌山,10,6970,7540,570,8.18,3b7833cea4fc4b7b,bccac8439b92f1ff,121,121
管路材・ダクト（電気）,電線共同溝用合成樹脂管,呼１００ 継手管桝接続用 通信用,個,和歌山,10,2390,3060,670,28.03,394ff77a18084302,ec976510e07e5b42,121,121
管路材・ダクト（電気）,電線共同溝用合成樹脂管枕,呼５０用,個,和歌山,10,257,278,21,8.17,c0a78620ede4be20,4d3e78af207c7e58,121,121
管路材・ダクト（電気）,電線共同溝用合成樹脂管枕,呼７５用,個,和歌山,10,265,287,22,8.3,cfc241ea74f2d574,669dad455091d982,121,121
管路材・ダクト（電気）,電線共同溝用合成樹脂管枕,呼１００用,個,和歌山,10,347,376,29,8.36,f324bdd764e5870a,1ef9b9ac3bbbbeb4,121,121
管路材・ダクト（電気）,電線共同溝用合成樹脂管枕,φ１２５ 電力用,個,和歌山,10,395,400,5,1.27,33678610464f58c7,1b8c88cf8a195313,121,121
管路材・ダクト（電気）,電線共同溝用合成樹脂管枕,φ１５０ 電力用,個,和歌山,10,429,464,35,8.16,03ef8472b7287d0b,00e31aaea754d983,121,121
管路材・ダクト（電気）,電線共同溝用合成樹脂管枕,φ１５０ 通信用,個,和歌山,10,429,464,35,8.16,ff3a3f26b8d4a640,c3509af934d2f665,121,121
管路材・ダクト（電気）,電線共同溝用強化複合プラ管,呼１００ 直管 受口付,m,和歌山,10,7410,8930,1520,20.51,368e1f04d13e04a9,a850a136ae45d2c9,121,121
管路材・ダクト（電気）,電線共同溝用強化複合プラ管,呼１００ 曲管 受口付,m,和歌山,10,11000,13200,2200,20.0,10edbfceed88db7b,fcbf45521443b7e4,121,121
管路材・ダクト（電気）,電線共同溝用強化複合プラ管,呼１００ 継手管桝接続用,個,和歌山,10,12300,14800,2500,20.33,e033b4680d5e2da8,2065a18eb2f61362,121,121
管路材・ダクト（電気）,電線共同溝用強化複合プラ管,呼１３０ 直管 受口付,m,和歌山,10,8260,9880,1620,19.61,d4d2621ab51786fe,22184b664db7130a,121,121
管路材・ダクト（電気）,電線共同溝用強化複合プラ管,呼１３０ 曲管 受口付,m,和歌山,10,12200,14700,2500,20.49,b2db41fe60caf404,6e1389b0fe56f7b9,121,121
管路材・ダクト（電気）,電線共同溝用合成樹脂管,呼２５ 直管 受口付 通信用,m,岐阜,11,465,510,45,9.68,c32d4b433635d4a2,15143c6264fe5536,121,121
管路材・ダクト（電気）,電線共同溝用合成樹脂管,呼２５ 継手管桝接続用 通信用,個,岐阜,11,1270,1300,30,2.36,641e9353d09bf95e,442eafbf308cf51f,121,121
管路材・ダクト（電気）,電線共同溝用合成樹脂管,呼５０ 直管 受口付 通信用,m,岐阜,11,762,824,62,8.14,c81d04dd050dd6d3,a0f60161df096b53,121,121
管路材・ダクト（電気）,電線共同溝用合成樹脂管,呼５０ 曲管 受口付 通信用,m,岐阜,11,2700,2920,220,8.15,0f9c21670336788f,3f4b247823a5acff,121,121
管路材・ダクト（電気）,電線共同溝用合成樹脂管,呼５０ 継手管桝接続用 通信用,個,岐阜,11,1670,1750,80,4.79,782593ea1ebe2e5e,0318e15bd47a4745,121,121
管路材・ダクト（電気）,電線共同溝用合成樹脂管,呼７５ 直管 受口付 通信用,m,岐阜,11,1680,1820,140,8.33,64d93a767293f4ff,9a6d93df5cc0d2fb,121,121
管路材・ダクト（電気）,電線共同溝用合成樹脂管,呼７５ 曲管 受口付 通信用,m,岐阜,11,4950,5350,400,8.08,48667c7fc8efbe8a,a705531bf14b013f,121,121
管路材・ダクト（電気）,電線共同溝用合成樹脂管,呼７５ 継手管桝接続用 通信用,個,岐阜,11,2140,2770,630,29.44,03222cb3fbe6057f,f5d3d55ca9edd741,121,121
管路材・ダクト（電気）,電線共同溝用合成樹脂管,呼１００ 直管 受口付 通信用,m,岐阜,11,2000,2160,160,8.0,d512b3c86c0dfb1f,6c74364a0ce51d04,121,121
管路材・ダクト（電気）,電線共同溝用合成樹脂管,呼１００ 曲管 受口付 通信用,m,岐阜,11,6970,7540,570,8.18,4e4d474b44d9f202,dac53da1b3434064,121,121
管路材・ダクト（電気）,電線共同溝用合成樹脂管,呼１００ 継手管桝接続用 通信用,個,岐阜,11,2390,3060,670,28.03,e8857fec0b117ec0,a9d741418c2a0b0c,121,121
管路材・ダクト（電気）,電線共同溝用合成樹脂管枕,呼５０用,個,岐阜,11,257,278,21,8.17,faa30cfa6a725b6e,61152b6ee86f2cb5,121,121
管路材・ダクト（電気）,電線共同溝用合成樹脂管枕,呼７５用,個,岐阜,11,265,287,22,8.3,ed65fe1e80090dfc,96b4bec22ba6476e,121,121
管路材・ダクト（電気）,電線共同溝用合成樹脂管枕,呼１００用,個,岐阜,11,347,376,29,8.36,6fa084fc2df4f6fe,c834cd8140a9e328,121,121
管路材・ダクト（電気）,電線共同溝用合成樹脂管枕,φ１２５ 電力用,個,岐阜,11,395,400,5,1.27,dd2cfce2fb49e641,7cae9f67162c8c9b,121,121
管路材・ダクト（電気）,電線共同溝用合成樹脂管枕,φ１５０ 電力用,個,岐阜,11,429,464,35,8.16,fdf34cdd67bc714e,b8907c9361caf039,121,121
管路材・ダクト（電気）,電線共同溝用合成樹脂管枕,φ１５０ 通信用,個,岐阜,11,429,464,35,8.16,ad1303468763ee05,e65feda5ebe091b6,121,121
管路材・ダクト（電気）,電線共同溝用強化複合プラ管,呼１００ 直管 受口付,m,岐阜,11,7410,8930,1520,20.51,134b2f12b99ed161,3f65f6678b2aaf3c,121,121
管路材・ダクト（電気）,電線共同溝用強化複合プラ管,呼１００ 曲管 受口付,m,岐阜,11,11000,13200,2200,20.0,0d03e12b4a5905e5,12d9f0f622255989,121,121
管路材・ダクト（電気）,電線共同溝用強化複合プラ管,呼１００ 継手管桝接続用,個,岐阜,11,12300,14800,2500,20.33,00571ad8bc77fb6b,e5c9f5484268c335,121,121
管路材・ダクト（電気）,電線共同溝用強化複合プラ管,呼１３０ 直管 受口付,m,岐阜,11,8260,9880,1620,19.61,6a863f8ed9222254,0a342e45956f60c3,121,121
管路材・ダクト（電気）,電線共同溝用強化複合プラ管,呼１３０ 曲管 受口付,m,岐阜,11,12200,14700,2500,20.49,51661f3a201e4a24,b6b14ed218325f42,121,121
管路材・ダクト（電気）,電線共同溝用合成樹脂管,呼２５ 直管 受口付 通信用,m,三重,12,465,510,45,9.68,80129f56a844826c,22de6916266f9669,121,121
管路材・ダクト（電気）,電線共同溝用合成樹脂管,呼２５ 継手管桝接続用 通信用,個,三重,12,1270,1300,30,2.36,322e3f79fd093a09,703c0ae75b5f408f,121,121
管路材・ダクト（電気）,電線共同溝用合成樹脂管,呼５０ 直管 受口付 通信用,m,三重,12,762,824,62,8.14,0d4980d50c2cf0ee,a62b05f884e67413,121,121
管路材・ダクト（電気）,電線共同溝用合成樹脂管,呼５０ 曲管 受口付 通信用,m,三重,12,2700,2920,220,8.15,e3d21214d529ad46,a33857a469d398d6,121,121
管路材・ダクト（電気）,電線共同溝用合成樹脂管,呼５０ 継手管桝接続用 通信用,個,三重,12,1670,1750,80,4.79,a88dc096fd47818c,6c8fe0caadaa7082,121,121
管路材・ダクト（電気）,電線共同溝用合成樹脂管,呼７５ 直管 受口付 通信用,m,三重,12,1680,1820,140,8.33,72cca05f0f65f68e,89340a6c1225f901,121,121
管路材・ダクト（電気）,電線共同溝用合成樹脂管,呼７５ 曲管 受口付 通信用,m,三重,12,4950,5350,400,8.08,a3a5e913d28f4344,d2dcf23beecb2c67,121,121
管路材・ダクト（電気）,電線共同溝用合成樹脂管,呼７５ 継手管桝接続用 通信用,個,三重,12,2140,2770,630,29.44,14f533482f326791,30f485f0e22d461b,121,121
管路材・ダクト（電気）,電線共同溝用合成樹脂管,呼１００ 直管 受口付 通信用,m,三重,12,2000,2160,160,8.0,4f205a7865d296e0,56e82208b2711c87,121,121
管路材・ダクト（電気）,電線共同溝用合成樹脂管,呼１００ 曲管 受口付 通信用,m,三重,12,6970,7540,570,8.18,836ed98b9e46b731,aa360a5ad9db9708,121,121
管路材・ダクト（電気）,電線共同溝用合成樹脂管,呼１００ 継手管桝接続用 通信用,個,三重,12,2390,3060,670,28.03,4f423b40c6e60aaa,bde6df104a1b10f0,121,121
管路材・ダクト（電気）,電線共同溝用合成樹脂管枕,呼５０用,個,三重,12,257,278,21,8.17,34211961ed4b6482,5ba5593697dee380,121,121
管路材・ダクト（電気）,電線共同溝用合成樹脂管枕,呼７５用,個,三重,12,265,287,22,8.3,72b39b4abedc2b07,b467d54c1b16dd31,121,121
管路材・ダクト（電気）,電線共同溝用合成樹脂管枕,呼１００用,個,三重,12,347,376,29,8.36,4f5aecaa3735a9a9,26f4748fd251a6db,121,121
管路材・ダクト（電気）,電線共同溝用合成樹脂管枕,φ１２５ 電力用,個,三重,12,395,400,5,1.27,beb4356a1ac676f5,773fbbfd2a74e641,121,121
管路材・ダクト（電気）,電線共同溝用合成樹脂管枕,φ１５０ 電力用,個,三重,12,429,464,35,8.16,3c5e35c9debb891f,86e4585fac26f6ef,121,121
管路材・ダクト（電気）,電線共同溝用合成樹脂管枕,φ１５０ 通信用,個,三重,12,429,464,35,8.16,0775528fc9294fa8,5d2ce6947e78e4c3,121,121
管路材・ダクト（電気）,電線共同溝用強化複合プラ管,呼１００ 直管 受口付,m,三重,12,7410,8930,1520,20.51,a544da0d802d6550,fe587e6766b1ce48,121,121
管路材・ダクト（電気）,電線共同溝用強化複合プラ管,呼１００ 曲管 受口付,m,三重,12,11000,13200,2200,20.0,2fa6b776320bb339,3f9177ed5cbffb9e,121,121
管路材・ダクト（電気）,電線共同溝用強化複合プラ管,呼１００ 継手管桝接続用,個,三重,12,12300,14800,2500,20.33,dbc04521f96c4011,d95ea4a61eeaaf09,121,121
管路材・ダクト（電気）,電線共同溝用強化複合プラ管,呼１３０ 直管 受口付,m,三重,12,8260,9880,1620,19.61,df2ec2ff9174a26b,978bf870015e4e47,121,121
管路材・ダクト（電気）,電線共同溝用強化複合プラ管,呼１３０ 曲管 受口付,m,三重,12,12200,14700,2500,20.49,b1d6b81952f30d74,04923f149e060078,121,121
管路材・ダクト（電気）,電線共同溝用強化複合プラ管,呼１３０ 継手管桝接続用,個,福井,01,17100,20600,3500,20.47,b5378c99854e35e7,edc32647b0805651,122,122
管路材・ダクト（電気）,電線共同溝用強化複合プラ管枕,呼１００用 １Ａ,個,福井,01,855,1040,185,21.64,4795b1e913375c81,4de7b3f2f53af480,122,122
管路材・ダクト（電気）,電線共同溝用強化複合プラ管枕,呼１３０用 ２Ａ,個,福井,01,950,1140,190,20.0,4a0bf71bf5d1d300,58be5ec4b1dc2231,122,122
管路材・ダクト（電気）,電線共同溝用強化複合プラ管枕,呼１３０用 ３Ａ,個,福井,01,1330,1610,280,21.05,ffa12749c2ba1c63,44a970c318dd06f7,122,122
管路材・ダクト（電気）,電線共同溝用強化複合プラ管枕,呼１３０用 ２Ｂ,個,福井,01,1140,1330,190,16.67,605e2cb964e0b7a8,647ec8490db6f880,122,122
管路材・ダクト（電気）,電線共同溝用強化複合プラ管枕,呼１３０用 ３Ｂ,個,福井,01,1420,1710,290,20.42,47ea93b35147d2d4,3c11d69c735f62bc,122,122
管路材・ダクト（電気）,電線共同溝用鋼管枕（亜鉛メッキ）,呼１００用 １Ａ,個,福井,01,513,531,18,3.51,2a851a55964be1bb,aeeeb563de88e133,122,122
管路材・ダクト（電気）,電線共同溝用鋼管枕（亜鉛メッキ）,呼１００用 ２Ａ,個,福井,01,585,603,18,3.08,f797afebd2f0ff60,12126488bcd85ad5,122,122
管路材・ダクト（電気）,電線共同溝用鋼管枕（亜鉛メッキ）,呼１２５用 １Ａ,個,福井,01,558,576,18,3.23,f53d88938f300332,0212be092fee4bdf,122,122
管路材・ダクト（電気）,電線共同溝用鋼管枕（亜鉛メッキ）,呼１２５用 ２Ａ,個,福井,01,648,666,18,2.78,5537a6f7aeab65f4,8b760207df3e17a3,122,122
管路材・ダクト（電気）,電線共同溝用鋼管枕（亜鉛メッキ）,呼１２５用 ３Ａ,個,福井,01,774,792,18,2.33,41feb3a8c66905ff,99c3bedf7bc04dc4,122,122
管路材・ダクト（電気）,電線共同溝用強化複合プラ管,呼１３０ 継手管桝接続用,個,滋賀,02,17100,20600,3500,20.47,2a45ea432fa7a23a,264b76d105aa0c5e,122,122
管路材・ダクト（電気）,電線共同溝用強化複合プラ管枕,呼１００用 １Ａ,個,滋賀,02,855,1040,185,21.64,a639df102649c84d,0e441ca01890606a,122,122
管路材・ダクト（電気）,電線共同溝用強化複合プラ管枕,呼１３０用 ２Ａ,個,滋賀,02,950,1140,190,20.0,9b453b8badf03f9d,445a8f1e969d0795,122,122
管路材・ダクト（電気）,電線共同溝用強化複合プラ管枕,呼１３０用 ３Ａ,個,滋賀,02,1330,1610,280,21.05,350947792c32dff1,c024c7082d9591da,122,122
管路材・ダクト（電気）,電線共同溝用強化複合プラ管枕,呼１３０用 ２Ｂ,個,滋賀,02,1140,1330,190,16.67,8a410cd5ecd21a68,04088ab9d80fc759,122,122
管路材・ダクト（電気）,電線共同溝用強化複合プラ管枕,呼１３０用 ３Ｂ,個,滋賀,02,1420,1710,290,20.42,8546a0ab960df04f,34e8865c485c2bf8,122,122
管路材・ダクト（電気）,電線共同溝用鋼管枕（亜鉛メッキ）,呼１００用 １Ａ,個,滋賀,02,513,531,18,3.51,184ec04e985a2512,79015bdd4192d68c,122,122
管路材・ダクト（電気）,電線共同溝用鋼管枕（亜鉛メッキ）,呼１００用 ２Ａ,個,滋賀,02,585,603,18,3.08,a4d4440c084a718a,7cd60881e38cb8d6,122,122
管路材・ダクト（電気）,電線共同溝用鋼管枕（亜鉛メッキ）,呼１２５用 １Ａ,個,滋賀,02,558,576,18,3.23,745eac5aecabfd85,256f52830ca47b40,122,122
管路材・ダクト（電気）,電線共同溝用鋼管枕（亜鉛メッキ）,呼１２５用 ２Ａ,個,滋賀,02,648,666,18,2.78,515436be9b3c1d20,ca73083f708442e4,122,122
管路材・ダクト（電気）,電線共同溝用鋼管枕（亜鉛メッキ）,呼１２５用 ３Ａ,個,滋賀,02,774,792,18,2.33,6a7661e22f06395f,342b89347de0547c,122,122
管路材・ダクト（電気）,電線共同溝用強化複合プラ管,呼１３０ 継手管桝接続用,個,京都北部,03,17100,20600,3500,20.47,3074c4316c7b787b,f71e5666fa9d6aa3,122,122
管路材・ダクト（電気）,電線共同溝用強化複合プラ管枕,呼１００用 １Ａ,個,京都北部,03,855,1040,185,21.64,9e212d8f25b4b76c,86cbc06fafcfcf5b,122,122
管路材・ダクト（電気）,電線共同溝用強化複合プラ管枕,呼１３０用 ２Ａ,個,京都北部,03,950,1140,190,20.0,3f8766e879f99ae8,46ace2996bec90f9,122,122
管路材・ダクト（電気）,電線共同溝用強化複合プラ管枕,呼１３０用 ３Ａ,個,京都北部,03,1330,1610,280,21.05,5501f718cae8f442,e1eb334632b5ed59,122,122
管路材・ダクト（電気）,電線共同溝用強化複合プラ管枕,呼１３０用 ２Ｂ,個,京都北部,03,1140,1330,190,16.67,740e800cdb670ef5,bb828b0eec8d9d37,122,122
管路材・ダクト（電気）,電線共同溝用強化複合プラ管枕,呼１３０用 ３Ｂ,個,京都北部,03,1420,1710,290,20.42,d2d91848355fe3e2,413274aed2fd8265,122,122
管路材・ダクト（電気）,電線共同溝用鋼管枕（亜鉛メッキ）,呼１００用 １Ａ,個,京都北部,03,513,531,18,3.51,67afadef803ccf45,a2eff1f2f95c7014,122,122
管路材・ダクト（電気）,電線共同溝用鋼管枕（亜鉛メッキ）,呼１００用 ２Ａ,個,京都北部,03,585,603,18,3.08,ffcb21bf352b7433,035836b7cde66c4e,122,122
管路材・ダクト（電気）,電線共同溝用鋼管枕（亜鉛メッキ）,呼１２５用 １Ａ,個,京都北部,03,558,576,18,3.23,31b13df7292cfda2,0aa9b02d0b839b89,122,122
管路材・ダクト（電気）,電線共同溝用鋼管枕（亜鉛メッキ）,呼１２５用 ２Ａ,個,京都北部,03,648,666,18,2.78,8ab1132bddd0bbc8,e6fa23ce2a2329a8,122,122
管路材・ダクト（電気）,電線共同溝用鋼管枕（亜鉛メッキ）,呼１２５用 ３Ａ,個,京都北部,03,774,792,18,2.33,8c7fc361a595e604,546da8d6c5608a81,122,122
管路材・ダクト（電気）,電線共同溝用強化複合プラ管,呼１３０ 継手管桝接続用,個,京都南部,04,17100,20600,3500,20.47,43daaf341acbb141,78f9b6e62435f28b,122,122
管路材・ダクト（電気）,電線共同溝用強化複合プラ管枕,呼１００用 １Ａ,個,京都南部,04,855,1040,185,21.64,cffb8ca819f9616c,74224e5a2dc259f9,122,122
管路材・ダクト（電気）,電線共同溝用強化複合プラ管枕,呼１３０用 ２Ａ,個,京都南部,04,950,1140,190,20.0,a3938aee6d3a7cde,548503a2a9f25e72,122,122
管路材・ダクト（電気）,電線共同溝用強化複合プラ管枕,呼１３０用 ３Ａ,個,京都南部,04,1330,1610,280,21.05,8357537d10711ee3,8b78c6caf3d7ba42,122,122
管路材・ダクト（電気）,電線共同溝用強化複合プラ管枕,呼１３０用 ２Ｂ,個,京都南部,04,1140,1330,190,16.67,11c339679b5534f0,062e723f8ad0dec1,122,122
管路材・ダクト（電気）,電線共同溝用強化複合プラ管枕,呼１３０用 ３Ｂ,個,京都南部,04,1420,1710,290,20.42,238da3b402030041,8e7d77453f7891c4,122,122
管路材・ダクト（電気）,電線共同溝用鋼管枕（亜鉛メッキ）,呼１００用 １Ａ,個,京都南部,04,513,531,18,3.51,c008c05b1bbc41ad,bde485abfa534623,122,122
管路材・ダクト（電気）,電線共同溝用鋼管枕（亜鉛メッキ）,呼１００用 ２Ａ,個,京都南部,04,585,603,18,3.08,7bc9d9afbb3b99a0,73d541507625bc37,122,122
管路材・ダクト（電気）,電線共同溝用鋼管枕（亜鉛メッキ）,呼１２５用 １Ａ,個,京都南部,04,558,576,18,3.23,76e27479f8bf8267,94b9d0771e67359d,122,122
管路材・ダクト（電気）,電線共同溝用鋼管枕（亜鉛メッキ）,呼１２５用 ２Ａ,個,京都南部,04,648,666,18,2.78,844d8e8ec76f27cc,58356c950ac80ea4,122,122
管路材・ダクト（電気）,電線共同溝用鋼管枕（亜鉛メッキ）,呼１２５用 ３Ａ,個,京都南部,04,774,792,18,2.33,b684a21be60ca612,cb6b63eb8ad5d61e,122,122
管路材・ダクト（電気）,電線共同溝用強化複合プラ管,呼１３０ 継手管桝接続用,個,大阪,05,17100,20600,3500,20.47,a6035f3a887e016d,e99d6231d9f3df58,122,122
管路材・ダクト（電気）,電線共同溝用強化複合プラ管枕,呼１００用 １Ａ,個,大阪,05,855,1040,185,21.64,9985cb3ec9466404,736d8fa5dca9cfcb,122,122
管路材・ダクト（電気）,電線共同溝用強化複合プラ管枕,呼１３０用 ２Ａ,個,大阪,05,950,1140,190,20.0,cf241cd26e7f3d84,30f4610a68e5f727,122,122
管路材・ダクト（電気）,電線共同溝用強化複合プラ管枕,呼１３０用 ３Ａ,個,大阪,05,1330,1610,280,21.05,77513bbfc0fe2d94,cc0bc3a63b351f6b,122,122
管路材・ダクト（電気）,電線共同溝用強化複合プラ管枕,呼１３０用 ２Ｂ,個,大阪,05,1140,1330,190,16.67,868d6251f82c78dc,4621468d30992cd3,122,122
管路材・ダクト（電気）,電線共同溝用強化複合プラ管枕,呼１３０用 ３Ｂ,個,大阪,05,1420,1710,290,20.42,ef05b99879185723,6e4622e246cb4168,122,122
管路材・ダクト（電気）,電線共同溝用鋼管枕（亜鉛メッキ）,呼１００用 １Ａ,個,大阪,05,513,531,18,3.51,2c294cd95beb0c8d,97a806baa62e9004,122,122
管路材・ダクト（電気）,電線共同溝用鋼管枕（亜鉛メッキ）,呼１００用 ２Ａ,個,大阪,05,585,603,18,3.08,cf4714e6771873ff,f37caaff5586eb49,122,122
管路材・ダクト（電気）,電線共同溝用鋼管枕（亜鉛メッキ）,呼１２５用 １Ａ,個,大阪,05,558,576,18,3.23,9ca98b5e27c55745,7d0850e5caf92bba,122,122
管路材・ダクト（電気）,電線共同溝用鋼管枕（亜鉛メッキ）,呼１２５用 ２Ａ,個,大阪,05,648,666,18,2.78,908d51b4449600e8,481475a40df13c60,122,122
管路材・ダクト（電気）,電線共同溝用鋼管枕（亜鉛メッキ）,呼１２５用 ３Ａ,個,大阪,05,774,792,18,2.33,7e3039e68500660a,b646609afe526a7d,122,122
管路材・ダクト（電気）,電線共同溝用強化複合プラ管,呼１３０ 継手管桝接続用,個,兵庫北部,06,17100,20600,3500,20.47,14e763c37ca590c4,a81964d4db5b2cb8,122,122
管路材・ダクト（電気）,電線共同溝用強化複合プラ管枕,呼１００用 １Ａ,個,兵庫北部,06,855,1040,185,21.64,335a542c80ea91a2,ed64a26bfee743a0,122,122
管路材・ダクト（電気）,電線共同溝用強化複合プラ管枕,呼１３０用 ２Ａ,個,兵庫北部,06,950,1140,190,20.0,f98352631d34d573,461d6aaf570ccc81,122,122
管路材・ダクト（電気）,電線共同溝用強化複合プラ管枕,呼１３０用 ３Ａ,個,兵庫北部,06,1330,1610,280,21.05,b2c6dc71af37f203,fbd9e678aeb88039,122,122
管路材・ダクト（電気）,電線共同溝用強化複合プラ管枕,呼１３０用 ２Ｂ,個,兵庫北部,06,1140,1330,190,16.67,f82005f30ba5f972,cc6cbfeb53e9ff93,122,122
管路材・ダクト（電気）,電線共同溝用強化複合プラ管枕,呼１３０用 ３Ｂ,個,兵庫北部,06,1420,1710,290,20.42,7b623f0e7d0fee2e,7fd085e9d7b23cdf,122,122
管路材・ダクト（電気）,電線共同溝用鋼管枕（亜鉛メッキ）,呼１００用 １Ａ,個,兵庫北部,06,513,531,18,3.51,fec2582c7fa36136,735fb8b3a2f9c2f7,122,122
管路材・ダクト（電気）,電線共同溝用鋼管枕（亜鉛メッキ）,呼１００用 ２Ａ,個,兵庫北部,06,585,603,18,3.08,dfb1ae1e01c0a49f,3a97e057a577f9b9,122,122
管路材・ダクト（電気）,電線共同溝用鋼管枕（亜鉛メッキ）,呼１２５用 １Ａ,個,兵庫北部,06,558,576,18,3.23,8cbe34a91000e2bb,c12d3a6837cfcc9d,122,122
管路材・ダクト（電気）,電線共同溝用鋼管枕（亜鉛メッキ）,呼１２５用 ２Ａ,個,兵庫北部,06,648,666,18,2.78,56967b9ab18550d8,ec1ec37b180478d0,122,122
管路材・ダクト（電気）,電線共同溝用鋼管枕（亜鉛メッキ）,呼１２５用 ３Ａ,個,兵庫北部,06,774,792,18,2.33,ed08fd6d040a130c,c9be0d4b6b090e96,122,122
管路材・ダクト（電気）,電線共同溝用強化複合プラ管,呼１３０ 継手管桝接続用,個,兵庫西部,07,17100,20600,3500,20.47,7542aa68524668c2,dff5622c4afb901d,122,122
管路材・ダクト（電気）,電線共同溝用強化複合プラ管枕,呼１００用 １Ａ,個,兵庫西部,07,855,1040,185,21.64,71b2d6cc32e6367c,5adfe3879e6dc47c,122,122
管路材・ダクト（電気）,電線共同溝用強化複合プラ管枕,呼１３０用 ２Ａ,個,兵庫西部,07,950,1140,190,20.0,f3ce26af90140e67,6e20825a6ae46772,122,122
管路材・ダクト（電気）,電線共同溝用強化複合プラ管枕,呼１３０用 ３Ａ,個,兵庫西部,07,1330,1610,280,21.05,205cc1a65bd26995,b9016a9100a89838,122,122
管路材・ダクト（電気）,電線共同溝用強化複合プラ管枕,呼１３０用 ２Ｂ,個,兵庫西部,07,1140,1330,190,16.67,f1ff7ede0146ed2a,17faa7bc1ead63a2,122,122
管路材・ダクト（電気）,電線共同溝用強化複合プラ管枕,呼１３０用 ３Ｂ,個,兵庫西部,07,1420,1710,290,20.42,98e3cefbafb0b93c,22f8bbf9883af873,122,122
管路材・ダクト（電気）,電線共同溝用鋼管枕（亜鉛メッキ）,呼１００用 １Ａ,個,兵庫西部,07,513,531,18,3.51,2293964913cb3873,e3d8fbe82fc3665f,122,122
管路材・ダクト（電気）,電線共同溝用鋼管枕（亜鉛メッキ）,呼１００用 ２Ａ,個,兵庫西部,07,585,603,18,3.08,c095b7ba82ba388d,bedbd1e24aca44f5,122,122
管路材・ダクト（電気）,電線共同溝用鋼管枕（亜鉛メッキ）,呼１２５用 １Ａ,個,兵庫西部,07,558,576,18,3.23,c6fbf1d6c32fd3b7,d4bc86b7251d9e29,122,122
管路材・ダクト（電気）,電線共同溝用鋼管枕（亜鉛メッキ）,呼１２５用 ２Ａ,個,兵庫西部,07,648,666,18,2.78,94c60b43f49f3a8e,a534c1f690f7603b,122,122
管路材・ダクト（電気）,電線共同溝用鋼管枕（亜鉛メッキ）,呼１２５用 ３Ａ,個,兵庫西部,07,774,792,18,2.33,d645d6ba323b48fb,a01b1c978bd41c74,122,122
管路材・ダクト（電気）,電線共同溝用強化複合プラ管,呼１３０ 継手管桝接続用,個,兵庫,08,17100,20600,3500,20.47,a1c2865317572eae,2fc25355fc9a9923,122,122
管路材・ダクト（電気）,電線共同溝用強化複合プラ管枕,呼１００用 １Ａ,個,兵庫,08,855,1040,185,21.64,65cc42d6231e978d,9f8152dfab75606f,122,122
管路材・ダクト（電気）,電線共同溝用強化複合プラ管枕,呼１３０用 ２Ａ,個,兵庫,08,950,1140,190,20.0,b311c5a089e96aa9,910111812bf5b870,122,122
管路材・ダクト（電気）,電線共同溝用強化複合プラ管枕,呼１３０用 ３Ａ,個,兵庫,08,1330,1610,280,21.05,e5930c7e0b631461,ea8fa664028debb8,122,122
管路材・ダクト（電気）,電線共同溝用強化複合プラ管枕,呼１３０用 ２Ｂ,個,兵庫,08,1140,1330,190,16.67,5f7cf5edabbd827b,a64474fd527544f6,122,122
管路材・ダクト（電気）,電線共同溝用強化複合プラ管枕,呼１３０用 ３Ｂ,個,兵庫,08,1420,1710,290,20.42,937d35a92007e496,bd2a9d5f4ef5588c,122,122
管路材・ダクト（電気）,電線共同溝用鋼管枕（亜鉛メッキ）,呼１００用 １Ａ,個,兵庫,08,513,531,18,3.51,d01ccc8ee95448ab,4611d9902aa3f5b0,122,122
管路材・ダクト（電気）,電線共同溝用鋼管枕（亜鉛メッキ）,呼１００用 ２Ａ,個,兵庫,08,585,603,18,3.08,626b5b2af751e3f2,993ef50161510f9d,122,122
管路材・ダクト（電気）,電線共同溝用鋼管枕（亜鉛メッキ）,呼１２５用 １Ａ,個,兵庫,08,558,576,18,3.23,372c74e475575449,1714bb56e8754b14,122,122
管路材・ダクト（電気）,電線共同溝用鋼管枕（亜鉛メッキ）,呼１２５用 ２Ａ,個,兵庫,08,648,666,18,2.78,8be220e67829f778,03580628761f86f6,122,122
管路材・ダクト（電気）,電線共同溝用鋼管枕（亜鉛メッキ）,呼１２５用 ３Ａ,個,兵庫,08,774,792,18,2.33,9772a5cb6bcdd553,062f06ad8e6945a4,122,122
管路材・ダクト（電気）,電線共同溝用強化複合プラ管,呼１３０ 継手管桝接続用,個,奈良,09,17100,20600,3500,20.47,58392dd4c95a7894,4261c9e71f800cf0,122,122
管路材・ダクト（電気）,電線共同溝用強化複合プラ管枕,呼１００用 １Ａ,個,奈良,09,855,1040,185,21.64,1092106b887927dd,51d9e1359dae074d,122,122
管路材・ダクト（電気）,電線共同溝用強化複合プラ管枕,呼１３０用 ２Ａ,個,奈良,09,950,1140,190,20.0,bed5600f57aa9092,2d56cb4c0c63d8a4,122,122
管路材・ダクト（電気）,電線共同溝用強化複合プラ管枕,呼１３０用 ３Ａ,個,奈良,09,1330,1610,280,21.05,464f06dba569e98c,44150fcf357bca27,122,122
管路材・ダクト（電気）,電線共同溝用強化複合プラ管枕,呼１３０用 ２Ｂ,個,奈良,09,1140,1330,190,16.67,fb43d3f863967a0c,208ba17bf53b645e,122,122
管路材・ダクト（電気）,電線共同溝用強化複合プラ管枕,呼１３０用 ３Ｂ,個,奈良,09,1420,1710,290,20.42,7d3ec708044c9ba8,dd59b7357b9c2828,122,122
管路材・ダクト（電気）,電線共同溝用鋼管枕（亜鉛メッキ）,呼１００用 １Ａ,個,奈良,09,513,531,18,3.51,8f72b07a6fe20e7c,36d84dbc9ddd9944,122,122
管路材・ダクト（電気）,電線共同溝用鋼管枕（亜鉛メッキ）,呼１００用 ２Ａ,個,奈良,09,585,603,18,3.08,8a9898076f3d6a01,823e9feda3e0d940,122,122
管路材・ダクト（電気）,電線共同溝用鋼管枕（亜鉛メッキ）,呼１２５用 １Ａ,個,奈良,09,558,576,18,3.23,5cb11e11e5985a8d,c00713c291f38018,122,122
管路材・ダクト（電気）,電線共同溝用鋼管枕（亜鉛メッキ）,呼１２５用 ２Ａ,個,奈良,09,648,666,18,2.78,7cc2ebb1e9d2389b,5dff6e04597e1f4f,122,122
管路材・ダクト（電気）,電線共同溝用鋼管枕（亜鉛メッキ）,呼１２５用 ３Ａ,個,奈良,09,774,792,18,2.33,1c0e0c3bf90793cf,4cbcc88167eca791,122,122
管路材・ダクト（電気）,電線共同溝用強化複合プラ管,呼１３０ 継手管桝接続用,個,和歌山,10,17100,20600,3500,20.47,442da122b4cc232d,56c15bd5908c9b98,122,122
管路材・ダクト（電気）,電線共同溝用強化複合プラ管枕,呼１００用 １Ａ,個,和歌山,10,855,1040,185,21.64,bbd0614a626f955f,82d7a6e014e8f123,122,122
管路材・ダクト（電気）,電線共同溝用強化複合プラ管枕,呼１３０用 ２Ａ,個,和歌山,10,950,1140,190,20.0,fac5171b0b353a6b,5d2891756a2b09e7,122,122
管路材・ダクト（電気）,電線共同溝用強化複合プラ管枕,呼１３０用 ３Ａ,個,和歌山,10,1330,1610,280,21.05,7b81024916404bbf,e95e8539763e3220,122,122
管路材・ダクト（電気）,電線共同溝用強化複合プラ管枕,呼１３０用 ２Ｂ,個,和歌山,10,1140,1330,190,16.67,9aaa9b3fe0fcb8aa,a72eec45274db433,122,122
管路材・ダクト（電気）,電線共同溝用強化複合プラ管枕,呼１３０用 ３Ｂ,個,和歌山,10,1420,1710,290,20.42,c14ff04a84afe374,4fff7ee0b40ee0ee,122,122
管路材・ダクト（電気）,電線共同溝用鋼管枕（亜鉛メッキ）,呼１００用 １Ａ,個,和歌山,10,513,531,18,3.51,b8a727ad8d748432,cb333414b99fbf91,122,122
管路材・ダクト（電気）,電線共同溝用鋼管枕（亜鉛メッキ）,呼１００用 ２Ａ,個,和歌山,10,585,603,18,3.08,fcf4cacf3db8d334,ce5cf31c5f2bd864,122,122
管路材・ダクト（電気）,電線共同溝用鋼管枕（亜鉛メッキ）,呼１２５用 １Ａ,個,和歌山,10,558,576,18,3.23,68f29eb7becafc3c,8fbbe226555e3635,122,122
管路材・ダクト（電気）,電線共同溝用鋼管枕（亜鉛メッキ）,呼１２５用 ２Ａ,個,和歌山,10,648,666,18,2.78,51d4ec3b434aa1a2,942551446f479818,122,122
管路材・ダクト（電気）,電線共同溝用鋼管枕（亜鉛メッキ）,呼１２５用 ３Ａ,個,和歌山,10,774,792,18,2.33,77e70839cc233e71,dda393613db06854,122,122
管路材・ダクト（電気）,電線共同溝用強化複合プラ管,呼１３０ 継手管桝接続用,個,岐阜,11,17100,20600,3500,20.47,1e8e06abe382063a,c2eb8a256a144ca9,122,122
管路材・ダクト（電気）,電線共同溝用強化複合プラ管枕,呼１００用 １Ａ,個,岐阜,11,855,1040,185,21.64,bf4e085d29c5a893,a6986b3c40f7dadc,122,122
管路材・ダクト（電気）,電線共同溝用強化複合プラ管枕,呼１３０用 ２Ａ,個,岐阜,11,950,1140,190,20.0,4a908b4782af8138,83b0e59f75466862,122,122
管路材・ダクト（電気）,電線共同溝用強化複合プラ管枕,呼１３０用 ３Ａ,個,岐阜,11,1330,1610,280,21.05,8ea65437733689f1,5ce272dad3804083,122,122
管路材・ダクト（電気）,電線共同溝用強化複合プラ管枕,呼１３０用 ２Ｂ,個,岐阜,11,1140,1330,190,16.67,e763daff0d43a721,ffe64774c2588292,122,122
管路材・ダクト（電気）,電線共同溝用強化複合プラ管枕,呼１３０用 ３Ｂ,個,岐阜,11,1420,1710,290,20.42,e0fbbf410a460fbc,430ac6037bb5601b,122,122
管路材・ダクト（電気）,電線共同溝用鋼管枕（亜鉛メッキ）,呼１００用 １Ａ,個,岐阜,11,513,531,18,3.51,e0334068a9180c01,b01b270ec93a769d,122,122
管路材・ダクト（電気）,電線共同溝用鋼管枕（亜鉛メッキ）,呼１００用 ２Ａ,個,岐阜,11,585,603,18,3.08,eb6a34ceb6ad0cbc,4b397ab899c91b9c,122,122
管路材・ダクト（電気）,電線共同溝用鋼管枕（亜鉛メッキ）,呼１２５用 １Ａ,個,岐阜,11,558,576,18,3.23,9bf032ef4ba9120a,cde74b37f01b6af4,122,122
管路材・ダクト（電気）,電線共同溝用鋼管枕（亜鉛メッキ）,呼１２５用 ２Ａ,個,岐阜,11,648,666,18,2.78,342fc348cb14ba9b,8d31296d76251cf6,122,122
管路材・ダクト（電気）,電線共同溝用鋼管枕（亜鉛メッキ）,呼１２５用 ３Ａ,個,岐阜,11,774,792,18,2.33,39b5da33dc0ad36c,1d562b6e5000eeef,122,122
管路材・ダクト（電気）,電線共同溝用強化複合プラ管,呼１３０ 継手管桝接続用,個,三重,12,17100,20600,3500,20.47,c5bd9494284eab8f,91c0651b839b9892,122,122
管路材・ダクト（電気）,電線共同溝用強化複合プラ管枕,呼１００用 １Ａ,個,三重,12,855,1040,185,21.64,cb85dfc6b23e5b3e,c7be0704342e8d94,122,122
管路材・ダクト（電気）,電線共同溝用強化複合プラ管枕,呼１３０用 ２Ａ,個,三重,12,950,1140,190,20.0,07c114a0c4afd687,7158e37c7c35dfba,122,122
管路材・ダクト（電気）,電線共同溝用強化複合プラ管枕,呼１３０用 ３Ａ,個,三重,12,1330,1610,280,21.05,ba04cd1ba902dccc,1223a5dbdc79dd77,122,122
管路材・ダクト（電気）,電線共同溝用強化複合プラ管枕,呼１３０用 ２Ｂ,個,三重,12,1140,1330,190,16.67,4a9c568d300935e1,b6ead2aa3d1fb4e1,122,122
管路材・ダクト（電気）,電線共同溝用強化複合プラ管枕,呼１３０用 ３Ｂ,個,三重,12,1420,1710,290,20.42,5cdf0a346296f57d,4f5151d329a38eef,122,122
管路材・ダクト（電気）,電線共同溝用鋼管枕（亜鉛メッキ）,呼１００用 １Ａ,個,三重,12,513,531,18,3.51,2fd9b027428c87a1,b563468cd135c712,122,122
管路材・ダクト（電気）,電線共同溝用鋼管枕（亜鉛メッキ）,呼１００用 ２Ａ,個,三重,12,585,603,18,3.08,c7b7691bd96bd36f,58088a4edbd2dd6b,122,122
管路材・ダクト（電気）,電線共同溝用鋼管枕（亜鉛メッキ）,呼１２５用 １Ａ,個,三重,12,558,576,18,3.23,a4308561ec13a3e5,82342b0063c6aa9c,122,122
管路材・ダクト（電気）,電線共同溝用鋼管枕（亜鉛メッキ）,呼１２５用 ２Ａ,個,三重,12,648,666,18,2.78,d9b67c508322023a,9c9d3c403e619c1b,122,122
管路材・ダクト（電気）,電線共同溝用鋼管枕（亜鉛メッキ）,呼１２５用 ３Ａ,個,三重,12,774,792,18,2.33,f6dd263ca41398b7,0357c356d23fa696,122,122
管路材・ダクト（電気）,電線共同溝用合成樹脂管（ﾋﾞｶｯﾄ軟化点温度80℃品）,CCVP 呼７５ 直管 受口付 電力用,m,福井,01,2000,2300,300,15.0,86117c4e03d7fe67,32699b7f2c0a559b,123,123
管路材・ダクト（電気）,電線共同溝用合成樹脂管（ﾋﾞｶｯﾄ軟化点温度80℃品）,CCVP 呼７５ 継手管桝接続用 電力用,個,福井,01,4450,5480,1030,23.15,8f3d39eac9202e4d,8a1c6fb74fe9ac64,123,123
管路材・ダクト（電気）,防火区画貫通措置材（鋼製スリーブ）,ＴＡＦＳＳ ３００×２００ｍｍ,個,福井,01,6580,7340,760,11.55,66db82bece2a8cb7,516fcb5e8e68e404,123,123
管路材・ダクト（電気）,防火区画貫通措置材（鋼製スリーブ）,ＴＡＦＳＳ ４００×２００ｍｍ,個,福井,01,8350,9360,1010,12.1,c2cf750faf0ecea1,289f6635a92a6c3e,123,123
管路材・ダクト（電気）,防火区画貫通措置材（鋼製スリーブ）,ＴＡＦＳＳ ５００×２００ｍｍ,個,福井,01,10000,11200,1200,12.0,30fc3694189dc286,6f6f4817c6db7ef1,123,123
管路材・ダクト（電気）,防火区画貫通措置材（鋼製スリーブ）,ＴＡＦＳＳ ６００×２００ｍｍ,個,福井,01,11800,13100,1300,11.02,5e95c9de3973f0ab,48b0b96d29421c6e,123,123
管路材・ダクト（電気）,防火区画貫通措置材（鋼製スリーブ）,ＴＡＦＳＳ ７００×２００ｍｍ,個,福井,01,13500,14900,1400,10.37,0a326e7231e001a8,bbcf9c863695661f,123,123
管路材・ダクト（電気）,防火区画貫通措置材（鋼製スリーブ）,ＴＡＦＳＳ ８００×２００ｍｍ,個,福井,01,15300,17000,1700,11.11,9c13d5a1b684cdde,bbfb287b9687f54b,123,123
管路材・ダクト（電気）,防火区画貫通措置材（鋼製スリーブ）,ＴＡＦＳＳ ９００×２００ｍｍ,個,福井,01,17100,19000,1900,11.11,8319169d9c64716b,3bc619cb2e543f68,123,123
管路材・ダクト（電気）,防火区画貫通措置材（鋼製スリーブ）,ＴＡＦＳＳ １０００×２００ｍｍ,個,福井,01,18700,20700,2000,10.7,239a46b1a4bfb431,60b4eae016ee95fe,123,123
管路材・ダクト（電気）,防火区画貫通措置材（鋼製スリーブ）,ＴＡＦＳＳ １１００×２００ｍｍ,個,福井,01,20400,22600,2200,10.78,ef108d6ba2228efe,81a2da04c6d44953,123,123
管路材・ダクト（電気）,防火区画貫通措置材（鋼製スリーブ）,ＴＡＦＳＳ １２００×２００ｍｍ,個,福井,01,22100,24600,2500,11.31,bb76e4059c744ba2,35d47b4c69aebcc4,123,123
管路材・ダクト（電気）,防火区画貫通措置材（床用）,ＴＡＦＹＬ ３００×２００ｍｍ,個,福井,01,13400,14900,1500,11.19,26d14a40ab752e79,bc0dab0af92f762e,123,123
管路材・ダクト（電気）,防火区画貫通措置材（床用）,ＴＡＦＹＬ ４００×２００ｍｍ,個,福井,01,16600,18500,1900,11.45,03a2f752ca42bbee,98a9a518e4fe2482,123,123
管路材・ダクト（電気）,電線共同溝用合成樹脂管（ﾋﾞｶｯﾄ軟化点温度80℃品）,CCVP 呼７５ 直管 受口付 電力用,m,滋賀,02,2000,2300,300,15.0,5d29d34c7e196a1c,7a53539d58e8ce05,123,123
管路材・ダクト（電気）,電線共同溝用合成樹脂管（ﾋﾞｶｯﾄ軟化点温度80℃品）,CCVP 呼７５ 継手管桝接続用 電力用,個,滋賀,02,4450,5480,1030,23.15,fa6217493efbb3a0,a5c267b4966bffd6,123,123
管路材・ダクト（電気）,防火区画貫通措置材（鋼製スリーブ）,ＴＡＦＳＳ ３００×２００ｍｍ,個,滋賀,02,6580,7340,760,11.55,8d2450604db68f78,a2852e32f60cac75,123,123
管路材・ダクト（電気）,防火区画貫通措置材（鋼製スリーブ）,ＴＡＦＳＳ ４００×２００ｍｍ,個,滋賀,02,8350,9360,1010,12.1,068f3975f897ce38,11ae6fa21b1886d9,123,123
管路材・ダクト（電気）,防火区画貫通措置材（鋼製スリーブ）,ＴＡＦＳＳ ５００×２００ｍｍ,個,滋賀,02,10000,11200,1200,12.0,7c58c3ac5177ff30,fb9486e0c99a5a4f,123,123
管路材・ダクト（電気）,防火区画貫通措置材（鋼製スリーブ）,ＴＡＦＳＳ ６００×２００ｍｍ,個,滋賀,02,11800,13100,1300,11.02,1a6eb9fee1164806,5af370a636857311,123,123
管路材・ダクト（電気）,防火区画貫通措置材（鋼製スリーブ）,ＴＡＦＳＳ ７００×２００ｍｍ,個,滋賀,02,13500,14900,1400,10.37,f1d578bba994c844,10f17c572e31735f,123,123
管路材・ダクト（電気）,防火区画貫通措置材（鋼製スリーブ）,ＴＡＦＳＳ ８００×２００ｍｍ,個,滋賀,02,15300,17000,1700,11.11,a7488048d1b6199f,ab8a4c2e7116c03b,123,123
管路材・ダクト（電気）,防火区画貫通措置材（鋼製スリーブ）,ＴＡＦＳＳ ９００×２００ｍｍ,個,滋賀,02,17100,19000,1900,11.11,1483ff2fff8e9484,57a5b13d582604b3,123,123
管路材・ダクト（電気）,防火区画貫通措置材（鋼製スリーブ）,ＴＡＦＳＳ １０００×２００ｍｍ,個,滋賀,02,18700,20700,2000,10.7,a6c17c7ca1cb69b4,2e954936576cc9c0,123,123
管路材・ダクト（電気）,防火区画貫通措置材（鋼製スリーブ）,ＴＡＦＳＳ １１００×２００ｍｍ,個,滋賀,02,20400,22600,2200,10.78,7ee1f0366aa3f5be,ac446db21e96dc8b,123,123
管路材・ダクト（電気）,防火区画貫通措置材（鋼製スリーブ）,ＴＡＦＳＳ １２００×２００ｍｍ,個,滋賀,02,22100,24600,2500,11.31,107c10a5eca9aaa2,f30fbe34a77aa3aa,123,123
管路材・ダクト（電気）,防火区画貫通措置材（床用）,ＴＡＦＹＬ ３００×２００ｍｍ,個,滋賀,02,13400,14900,1500,11.19,b92e0734e1c5a00d,90878a0bf71e54a5,123,123
管路材・ダクト（電気）,防火区画貫通措置材（床用）,ＴＡＦＹＬ ４００×２００ｍｍ,個,滋賀,02,16600,18500,1900,11.45,3904502276baaa78,f454487bc37ead8e,123,123
管路材・ダクト（電気）,電線共同溝用合成樹脂管（ﾋﾞｶｯﾄ軟化点温度80℃品）,CCVP 呼７５ 直管 受口付 電力用,m,京都北部,03,2000,2300,300,15.0,1bd9a40bcd54a852,0ab68caf9eaf779e,123,123
管路材・ダクト（電気）,電線共同溝用合成樹脂管（ﾋﾞｶｯﾄ軟化点温度80℃品）,CCVP 呼７５ 継手管桝接続用 電力用,個,京都北部,03,4450,5480,1030,23.15,92d477715f36869c,647d8cf634077067,123,123
管路材・ダクト（電気）,防火区画貫通措置材（鋼製スリーブ）,ＴＡＦＳＳ ３００×２００ｍｍ,個,京都北部,03,6580,7340,760,11.55,d26a241729667dcb,671f0a92ea6f3a8c,123,123
管路材・ダクト（電気）,防火区画貫通措置材（鋼製スリーブ）,ＴＡＦＳＳ ４００×２００ｍｍ,個,京都北部,03,8350,9360,1010,12.1,adae6979eb1952a1,8257ec58ee54eaec,123,123
管路材・ダクト（電気）,防火区画貫通措置材（鋼製スリーブ）,ＴＡＦＳＳ ５００×２００ｍｍ,個,京都北部,03,10000,11200,1200,12.0,65987a15a9fcae60,d855344d8ed8d668,123,123
管路材・ダクト（電気）,防火区画貫通措置材（鋼製スリーブ）,ＴＡＦＳＳ ６００×２００ｍｍ,個,京都北部,03,11800,13100,1300,11.02,14bfef11c0d02543,b526380f0db885c3,123,123
管路材・ダクト（電気）,防火区画貫通措置材（鋼製スリーブ）,ＴＡＦＳＳ ７００×２００ｍｍ,個,京都北部,03,13500,14900,1400,10.37,43f140e9e94c3963,d810671d74db2aa8,123,123
管路材・ダクト（電気）,防火区画貫通措置材（鋼製スリーブ）,ＴＡＦＳＳ ８００×２００ｍｍ,個,京都北部,03,15300,17000,1700,11.11,1a2af733124f7cc7,fb91a16eadff980d,123,123
管路材・ダクト（電気）,防火区画貫通措置材（鋼製スリーブ）,ＴＡＦＳＳ ９００×２００ｍｍ,個,京都北部,03,17100,19000,1900,11.11,fe0c5a9ddc0cafed,b3330088ff2c48e2,123,123
管路材・ダクト（電気）,防火区画貫通措置材（鋼製スリーブ）,ＴＡＦＳＳ １０００×２００ｍｍ,個,京都北部,03,18700,20700,2000,10.7,841dd28bbd355489,cdffa4b51d7073ff,123,123
管路材・ダクト（電気）,防火区画貫通措置材（鋼製スリーブ）,ＴＡＦＳＳ １１００×２００ｍｍ,個,京都北部,03,20400,22600,2200,10.78,0ab72df5b057ef15,666f9fb8181a8a67,123,123
管路材・ダクト（電気）,防火区画貫通措置材（鋼製スリーブ）,ＴＡＦＳＳ １２００×２００ｍｍ,個,京都北部,03,22100,24600,2500,11.31,bee5aee2b608cac5,e8af69d9ebe8fd60,123,123
管路材・ダクト（電気）,防火区画貫通措置材（床用）,ＴＡＦＹＬ ３００×２００ｍｍ,個,京都北部,03,13400,14900,1500,11.19,848540c25cf17150,fe3d1ba2df3c90b3,123,123
管路材・ダクト（電気）,防火区画貫通措置材（床用）,ＴＡＦＹＬ ４００×２００ｍｍ,個,京都北部,03,16600,18500,1900,11.45,726740a3639ed5f5,5c972dde3463d862,123,123
管路材・ダクト（電気）,電線共同溝用合成樹脂管（ﾋﾞｶｯﾄ軟化点温度80℃品）,CCVP 呼７５ 直管 受口付 電力用,m,京都南部,04,2000,2300,300,15.0,df122faccdcfd1d4,51c0480276e32248,123,123
管路材・ダクト（電気）,電線共同溝用合成樹脂管（ﾋﾞｶｯﾄ軟化点温度80℃品）,CCVP 呼７５ 継手管桝接続用 電力用,個,京都南部,04,4450,5480,1030,23.15,2b420f88d04bf3a8,e5d1dedc3c4e74c3,123,123
管路材・ダクト（電気）,防火区画貫通措置材（鋼製スリーブ）,ＴＡＦＳＳ ３００×２００ｍｍ,個,京都南部,04,6580,7340,760,11.55,6104143c93c3dd89,5076085bc275d948,123,123
管路材・ダクト（電気）,防火区画貫通措置材（鋼製スリーブ）,ＴＡＦＳＳ ４００×２００ｍｍ,個,京都南部,04,8350,9360,1010,12.1,b5e52f13a33238cc,f3382ab4dd1b77a7,123,123
管路材・ダクト（電気）,防火区画貫通措置材（鋼製スリーブ）,ＴＡＦＳＳ ５００×２００ｍｍ,個,京都南部,04,10000,11200,1200,12.0,d86257041cabd8c3,c9b98e63b68eb6a5,123,123
管路材・ダクト（電気）,防火区画貫通措置材（鋼製スリーブ）,ＴＡＦＳＳ ６００×２００ｍｍ,個,京都南部,04,11800,13100,1300,11.02,bb7d395b3ea40ba7,a2c568c152cb177f,123,123
管路材・ダクト（電気）,防火区画貫通措置材（鋼製スリーブ）,ＴＡＦＳＳ ７００×２００ｍｍ,個,京都南部,04,13500,14900,1400,10.37,489fd18ce3de31f8,96fbb162ebf48f36,123,123
管路材・ダクト（電気）,防火区画貫通措置材（鋼製スリーブ）,ＴＡＦＳＳ ８００×２００ｍｍ,個,京都南部,04,15300,17000,1700,11.11,5e7eaded11275179,98ae026c8d80a9e8,123,123
管路材・ダクト（電気）,防火区画貫通措置材（鋼製スリーブ）,ＴＡＦＳＳ ９００×２００ｍｍ,個,京都南部,04,17100,19000,1900,11.11,d94591cd7f971d01,ad28fab67dbd8d47,123,123
管路材・ダクト（電気）,防火区画貫通措置材（鋼製スリーブ）,ＴＡＦＳＳ １０００×２００ｍｍ,個,京都南部,04,18700,20700,2000,10.7,28333fa03433a65a,57f17e2f1cb9bf11,123,123
管路材・ダクト（電気）,防火区画貫通措置材（鋼製スリーブ）,ＴＡＦＳＳ １１００×２００ｍｍ,個,京都南部,04,20400,22600,2200,10.78,dacfff5bba7eef1f,04b2e93201d0baa9,123,123
管路材・ダクト（電気）,防火区画貫通措置材（鋼製スリーブ）,ＴＡＦＳＳ １２００×２００ｍｍ,個,京都南部,04,22100,24600,2500,11.31,f64d1bd1bfca74ec,8d45c380c3d324d3,123,123
管路材・ダクト（電気）,防火区画貫通措置材（床用）,ＴＡＦＹＬ ３００×２００ｍｍ,個,京都南部,04,13400,14900,1500,11.19,646e619d57698590,9c1603828d9a4b87,123,123
管路材・ダクト（電気）,防火区画貫通措置材（床用）,ＴＡＦＹＬ ４００×２００ｍｍ,個,京都南部,04,16600,18500,1900,11.45,2dba134658b0326d,5163608a84c00942,123,123
管路材・ダクト（電気）,電線共同溝用合成樹脂管（ﾋﾞｶｯﾄ軟化点温度80℃品）,CCVP 呼７５ 直管 受口付 電力用,m,大阪,05,2000,2300,300,15.0,901e5dd02e14a7cb,bbf854ac68ab5e9e,123,123
管路材・ダクト（電気）,電線共同溝用合成樹脂管（ﾋﾞｶｯﾄ軟化点温度80℃品）,CCVP 呼７５ 継手管桝接続用 電力用,個,大阪,05,4450,5480,1030,23.15,ce42529537a9c133,7d4af561774498d2,123,123
管路材・ダクト（電気）,防火区画貫通措置材（鋼製スリーブ）,ＴＡＦＳＳ ３００×２００ｍｍ,個,大阪,05,6580,7340,760,11.55,3602a0bd31575100,a7cbec8aa67bceed,123,123
管路材・ダクト（電気）,防火区画貫通措置材（鋼製スリーブ）,ＴＡＦＳＳ ４００×２００ｍｍ,個,大阪,05,8350,9360,1010,12.1,64e1c6961b7718b2,ba5f3cb545221c1c,123,123
管路材・ダクト（電気）,防火区画貫通措置材（鋼製スリーブ）,ＴＡＦＳＳ ５００×２００ｍｍ,個,大阪,05,10000,11200,1200,12.0,716b7c00fde3b4bd,07fee702e96b6f6d,123,123
管路材・ダクト（電気）,防火区画貫通措置材（鋼製スリーブ）,ＴＡＦＳＳ ６００×２００ｍｍ,個,大阪,05,11800,13100,1300,11.02,b0df7910e574bac4,7bec778eb0474c73,123,123
管路材・ダクト（電気）,防火区画貫通措置材（鋼製スリーブ）,ＴＡＦＳＳ ７００×２００ｍｍ,個,大阪,05,13500,14900,1400,10.37,82b01a1f43aa1cdd,75c644f5ed9d4ec3,123,123
管路材・ダクト（電気）,防火区画貫通措置材（鋼製スリーブ）,ＴＡＦＳＳ ８００×２００ｍｍ,個,大阪,05,15300,17000,1700,11.11,faf50e3a022cf669,d465e40428464e46,123,123
管路材・ダクト（電気）,防火区画貫通措置材（鋼製スリーブ）,ＴＡＦＳＳ ９００×２００ｍｍ,個,大阪,05,17100,19000,1900,11.11,de77b145ab4919c2,9b2904666d2a334e,123,123
管路材・ダクト（電気）,防火区画貫通措置材（鋼製スリーブ）,ＴＡＦＳＳ １０００×２００ｍｍ,個,大阪,05,18700,20700,2000,10.7,56dfa552b7eb88dd,4639dbf929befd0e,123,123
管路材・ダクト（電気）,防火区画貫通措置材（鋼製スリーブ）,ＴＡＦＳＳ １１００×２００ｍｍ,個,大阪,05,20400,22600,2200,10.78,4c3be7c2c95854e0,806d139df64570b2,123,123
管路材・ダクト（電気）,防火区画貫通措置材（鋼製スリーブ）,ＴＡＦＳＳ １２００×２００ｍｍ,個,大阪,05,22100,24600,2500,11.31,2d71a3ebf81c68d3,3a5cf40e53247362,123,123
管路材・ダクト（電気）,防火区画貫通措置材（床用）,ＴＡＦＹＬ ３００×２００ｍｍ,個,大阪,05,13400,14900,1500,11.19,6906090c41494bfa,c62260100af7b991,123,123
管路材・ダクト（電気）,防火区画貫通措置材（床用）,ＴＡＦＹＬ ４００×２００ｍｍ,個,大阪,05,16600,18500,1900,11.45,1c8921814a322cb2,0932032bf0f95eff,123,123
管路材・ダクト（電気）,電線共同溝用合成樹脂管（ﾋﾞｶｯﾄ軟化点温度80℃品）,CCVP 呼７５ 直管 受口付 電力用,m,兵庫北部,06,2000,2300,300,15.0,b115352d05abcd3d,96a613d6b3399085,123,123
管路材・ダクト（電気）,電線共同溝用合成樹脂管（ﾋﾞｶｯﾄ軟化点温度80℃品）,CCVP 呼７５ 継手管桝接続用 電力用,個,兵庫北部,06,4450,5480,1030,23.15,70852977f8ff8ebb,8d21ec7ea375ec22,123,123
管路材・ダクト（電気）,防火区画貫通措置材（鋼製スリーブ）,ＴＡＦＳＳ ３００×２００ｍｍ,個,兵庫北部,06,6580,7340,760,11.55,e45d50a343106b2f,124dabbe96d99458,123,123
管路材・ダクト（電気）,防火区画貫通措置材（鋼製スリーブ）,ＴＡＦＳＳ ４００×２００ｍｍ,個,兵庫北部,06,8350,9360,1010,12.1,70723b593691c767,cb7d227bfbd1b555,123,123
管路材・ダクト（電気）,防火区画貫通措置材（鋼製スリーブ）,ＴＡＦＳＳ ５００×２００ｍｍ,個,兵庫北部,06,10000,11200,1200,12.0,64ff815935979341,2eccdbfa1bf0e910,123,123
管路材・ダクト（電気）,防火区画貫通措置材（鋼製スリーブ）,ＴＡＦＳＳ ６００×２００ｍｍ,個,兵庫北部,06,11800,13100,1300,11.02,93af51a1af3e25ea,80d50112b2fea06f,123,123
管路材・ダクト（電気）,防火区画貫通措置材（鋼製スリーブ）,ＴＡＦＳＳ ７００×２００ｍｍ,個,兵庫北部,06,13500,14900,1400,10.37,2aeed7a575428451,86b9c86736e730ec,123,123
管路材・ダクト（電気）,防火区画貫通措置材（鋼製スリーブ）,ＴＡＦＳＳ ８００×２００ｍｍ,個,兵庫北部,06,15300,17000,1700,11.11,509c5e2171b2f33d,201b52582d095acf,123,123
管路材・ダクト（電気）,防火区画貫通措置材（鋼製スリーブ）,ＴＡＦＳＳ ９００×２００ｍｍ,個,兵庫北部,06,17100,19000,1900,11.11,2c37b91d8588f24f,ead57e74fb5a164b,123,123
管路材・ダクト（電気）,防火区画貫通措置材（鋼製スリーブ）,ＴＡＦＳＳ １０００×２００ｍｍ,個,兵庫北部,06,18700,20700,2000,10.7,6f7e6fbb3cffc238,cc68cd5c3cf3b311,123,123
管路材・ダクト（電気）,防火区画貫通措置材（鋼製スリーブ）,ＴＡＦＳＳ １１００×２００ｍｍ,個,兵庫北部,06,20400,22600,2200,10.78,b0d480add8ca1f0c,fe859140616fa911,123,123
管路材・ダクト（電気）,防火区画貫通措置材（鋼製スリーブ）,ＴＡＦＳＳ １２００×２００ｍｍ,個,兵庫北部,06,22100,24600,2500,11.31,1157f8188d139c46,e97a31a34d51acb4,123,123
管路材・ダクト（電気）,防火区画貫通措置材（床用）,ＴＡＦＹＬ ３００×２００ｍｍ,個,兵庫北部,06,13400,14900,1500,11.19,f3a9621a4c948a82,921d5f047e0fc283,123,123
管路材・ダクト（電気）,防火区画貫通措置材（床用）,ＴＡＦＹＬ ４００×２００ｍｍ,個,兵庫北部,06,16600,18500,1900,11.45,f036025b277bf94c,301d2b2ee4af0407,123,123
管路材・ダクト（電気）,電線共同溝用合成樹脂管（ﾋﾞｶｯﾄ軟化点温度80℃品）,CCVP 呼７５ 直管 受口付 電力用,m,兵庫西部,07,2000,2300,300,15.0,d0f953ea503d7419,5b14633a28d7f9c0,123,123
管路材・ダクト（電気）,電線共同溝用合成樹脂管（ﾋﾞｶｯﾄ軟化点温度80℃品）,CCVP 呼７５ 継手管桝接続用 電力用,個,兵庫西部,07,4450,5480,1030,23.15,4451caea63404bce,f4f0fe5fcfd988df,123,123
管路材・ダクト（電気）,防火区画貫通措置材（鋼製スリーブ）,ＴＡＦＳＳ ３００×２００ｍｍ,個,兵庫西部,07,6580,7340,760,11.55,5aa0ba4be593c67f,3e0bce25c72dc943,123,123
管路材・ダクト（電気）,防火区画貫通措置材（鋼製スリーブ）,ＴＡＦＳＳ ４００×２００ｍｍ,個,兵庫西部,07,8350,9360,1010,12.1,7b40dcc885c3462d,922eb67ca6ad95d5,123,123
管路材・ダクト（電気）,防火区画貫通措置材（鋼製スリーブ）,ＴＡＦＳＳ ５００×２００ｍｍ,個,兵庫西部,07,10000,11200,1200,12.0,91adb73335c16e31,705484de4f864c98,123,123
管路材・ダクト（電気）,防火区画貫通措置材（鋼製スリーブ）,ＴＡＦＳＳ ６００×２００ｍｍ,個,兵庫西部,07,11800,13100,1300,11.02,8eb3693e4102694e,b682dcbc3bfc2925,123,123
管路材・ダクト（電気）,防火区画貫通措置材（鋼製スリーブ）,ＴＡＦＳＳ ７００×２００ｍｍ,個,兵庫西部,07,13500,14900,1400,10.37,5be5a082efc6df2c,db1263bf2a2aa930,123,123
管路材・ダクト（電気）,防火区画貫通措置材（鋼製スリーブ）,ＴＡＦＳＳ ８００×２００ｍｍ,個,兵庫西部,07,15300,17000,1700,11.11,7e587820b37d2fee,67752299490a939f,123,123
管路材・ダクト（電気）,防火区画貫通措置材（鋼製スリーブ）,ＴＡＦＳＳ ９００×２００ｍｍ,個,兵庫西部,07,17100,19000,1900,11.11,668c1c0e4d38a062,6d9122ac9d227725,123,123
管路材・ダクト（電気）,防火区画貫通措置材（鋼製スリーブ）,ＴＡＦＳＳ １０００×２００ｍｍ,個,兵庫西部,07,18700,20700,2000,10.7,46add6ba81b1e062,ed862d2f3a5d7a95,123,123
管路材・ダクト（電気）,防火区画貫通措置材（鋼製スリーブ）,ＴＡＦＳＳ １１００×２００ｍｍ,個,兵庫西部,07,20400,22600,2200,10.78,3eae1bd5c11e502b,0bd140cb93787841,123,123
管路材・ダクト（電気）,防火区画貫通措置材（鋼製スリーブ）,ＴＡＦＳＳ １２００×２００ｍｍ,個,兵庫西部,07,22100,24600,2500,11.31,8c1517bae316bc62,89558b20d555eddc,123,123
管路材・ダクト（電気）,防火区画貫通措置材（床用）,ＴＡＦＹＬ ３００×２００ｍｍ,個,兵庫西部,07,13400,14900,1500,11.19,f8270d7bb39742ae,ecf59cc9f059cf55,123,123
管路材・ダクト（電気）,防火区画貫通措置材（床用）,ＴＡＦＹＬ ４００×２００ｍｍ,個,兵庫西部,07,16600,18500,1900,11.45,f0bdf6a98d2d67de,7e2ef535a7da5def,123,123
管路材・ダクト（電気）,電線共同溝用合成樹脂管（ﾋﾞｶｯﾄ軟化点温度80℃品）,CCVP 呼７５ 直管 受口付 電力用,m,兵庫,08,2000,2300,300,15.0,f9fec0f3323e43ee,4e5e064b0d2b73f6,123,123
管路材・ダクト（電気）,電線共同溝用合成樹脂管（ﾋﾞｶｯﾄ軟化点温度80℃品）,CCVP 呼７５ 継手管桝接続用 電力用,個,兵庫,08,4450,5480,1030,23.15,c3a9a3bd8e6863d1,488ec77d01d76734,123,123
管路材・ダクト（電気）,防火区画貫通措置材（鋼製スリーブ）,ＴＡＦＳＳ ３００×２００ｍｍ,個,兵庫,08,6580,7340,760,11.55,6afc7e8848a0c90b,dae0faa362ae279a,123,123
管路材・ダクト（電気）,防火区画貫通措置材（鋼製スリーブ）,ＴＡＦＳＳ ４００×２００ｍｍ,個,兵庫,08,8350,9360,1010,12.1,3c0893ef810e6dae,b921ccce979ed968,123,123
管路材・ダクト（電気）,防火区画貫通措置材（鋼製スリーブ）,ＴＡＦＳＳ ５００×２００ｍｍ,個,兵庫,08,10000,11200,1200,12.0,5ee28421587b1a28,8cf7a8d6ece0b955,123,123
管路材・ダクト（電気）,防火区画貫通措置材（鋼製スリーブ）,ＴＡＦＳＳ ６００×２００ｍｍ,個,兵庫,08,11800,13100,1300,11.02,efe4282a386bb621,0afa1f95a7506381,123,123
管路材・ダクト（電気）,防火区画貫通措置材（鋼製スリーブ）,ＴＡＦＳＳ ７００×２００ｍｍ,個,兵庫,08,13500,14900,1400,10.37,cba33f89fd1e8fbb,659767bb7a30f9aa,123,123
管路材・ダクト（電気）,防火区画貫通措置材（鋼製スリーブ）,ＴＡＦＳＳ ８００×２００ｍｍ,個,兵庫,08,15300,17000,1700,11.11,c27036d584c28c8a,ac65bf0728e259e1,123,123
管路材・ダクト（電気）,防火区画貫通措置材（鋼製スリーブ）,ＴＡＦＳＳ ９００×２００ｍｍ,個,兵庫,08,17100,19000,1900,11.11,74cd3b1a5c091bc2,5e69c74d3aff04a3,123,123
管路材・ダクト（電気）,防火区画貫通措置材（鋼製スリーブ）,ＴＡＦＳＳ １０００×２００ｍｍ,個,兵庫,08,18700,20700,2000,10.7,594cf33ce176c006,69ae1ee5d7a62c63,123,123
管路材・ダクト（電気）,防火区画貫通措置材（鋼製スリーブ）,ＴＡＦＳＳ １１００×２００ｍｍ,個,兵庫,08,20400,22600,2200,10.78,13edeab6740a5069,335c2a89a24db440,123,123
管路材・ダクト（電気）,防火区画貫通措置材（鋼製スリーブ）,ＴＡＦＳＳ １２００×２００ｍｍ,個,兵庫,08,22100,24600,2500,11.31,82a77c6921562a71,846f8e2ed781a014,123,123
管路材・ダクト（電気）,防火区画貫通措置材（床用）,ＴＡＦＹＬ ３００×２００ｍｍ,個,兵庫,08,13400,14900,1500,11.19,ee0776ae9db59096,d8c5bda33271bc40,123,123
管路材・ダクト（電気）,防火区画貫通措置材（床用）,ＴＡＦＹＬ ４００×２００ｍｍ,個,兵庫,08,16600,18500,1900,11.45,29a36a6eeb2ca16d,4070a313a628bfed,123,123
管路材・ダクト（電気）,電線共同溝用合成樹脂管（ﾋﾞｶｯﾄ軟化点温度80℃品）,CCVP 呼７５ 直管 受口付 電力用,m,奈良,09,2000,2300,300,15.0,89dbd5565b8bcc21,297d8002fbe22b02,123,123
管路材・ダクト（電気）,電線共同溝用合成樹脂管（ﾋﾞｶｯﾄ軟化点温度80℃品）,CCVP 呼７５ 継手管桝接続用 電力用,個,奈良,09,4450,5480,1030,23.15,91fb29abaeb55887,4dd79849d90b2d8b,123,123
管路材・ダクト（電気）,防火区画貫通措置材（鋼製スリーブ）,ＴＡＦＳＳ ３００×２００ｍｍ,個,奈良,09,6580,7340,760,11.55,e8e639a0e3191bc6,413129c86c238d29,123,123
管路材・ダクト（電気）,防火区画貫通措置材（鋼製スリーブ）,ＴＡＦＳＳ ４００×２００ｍｍ,個,奈良,09,8350,9360,1010,12.1,55800b1432685b6a,e2ed46fee9654489,123,123
管路材・ダクト（電気）,防火区画貫通措置材（鋼製スリーブ）,ＴＡＦＳＳ ５００×２００ｍｍ,個,奈良,09,10000,11200,1200,12.0,893bfc3fee35c201,b777bb6afaf6c672,123,123
管路材・ダクト（電気）,防火区画貫通措置材（鋼製スリーブ）,ＴＡＦＳＳ ６００×２００ｍｍ,個,奈良,09,11800,13100,1300,11.02,1f5c216e503a9eb9,26670020312a6c91,123,123
管路材・ダクト（電気）,防火区画貫通措置材（鋼製スリーブ）,ＴＡＦＳＳ ７００×２００ｍｍ,個,奈良,09,13500,14900,1400,10.37,87f3a80219ca0025,9e2b6c665495ed39,123,123
管路材・ダクト（電気）,防火区画貫通措置材（鋼製スリーブ）,ＴＡＦＳＳ ８００×２００ｍｍ,個,奈良,09,15300,17000,1700,11.11,7f1c13725191c276,7655b70827634614,123,123
管路材・ダクト（電気）,防火区画貫通措置材（鋼製スリーブ）,ＴＡＦＳＳ ９００×２００ｍｍ,個,奈良,09,17100,19000,1900,11.11,6524dbf133fd3116,8dada98844b79ebc,123,123
管路材・ダクト（電気）,防火区画貫通措置材（鋼製スリーブ）,ＴＡＦＳＳ １０００×２００ｍｍ,個,奈良,09,18700,20700,2000,10.7,918068146ba45804,361eb409544b36c8,123,123
管路材・ダクト（電気）,防火区画貫通措置材（鋼製スリーブ）,ＴＡＦＳＳ １１００×２００ｍｍ,個,奈良,09,20400,22600,2200,10.78,89260cdd83837ded,c6a5a59b0cdd2ca4,123,123
管路材・ダクト（電気）,防火区画貫通措置材（鋼製スリーブ）,ＴＡＦＳＳ １２００×２００ｍｍ,個,奈良,09,22100,24600,2500,11.31,a0e451458d71f298,8a0140313822fdd4,123,123
管路材・ダクト（電気）,防火区画貫通措置材（床用）,ＴＡＦＹＬ ３００×２００ｍｍ,個,奈良,09,13400,14900,1500,11.19,aa7da7fc99205eaf,0db100e6aaed9d2a,123,123
管路材・ダクト（電気）,防火区画貫通措置材（床用）,ＴＡＦＹＬ ４００×２００ｍｍ,個,奈良,09,16600,18500,1900,11.45,9bc135501a5a88ec,0e86a95d28fcc795,123,123
管路材・ダクト（電気）,電線共同溝用合成樹脂管（ﾋﾞｶｯﾄ軟化点温度80℃品）,CCVP 呼７５ 直管 受口付 電力用,m,和歌山,10,2000,2300,300,15.0,c40302ef951b6dd8,46bb8a4e663708be,123,123
管路材・ダクト（電気）,電線共同溝用合成樹脂管（ﾋﾞｶｯﾄ軟化点温度80℃品）,CCVP 呼７５ 継手管桝接続用 電力用,個,和歌山,10,4450,5480,1030,23.15,791236d6b56b1a81,a0a38b45ef5283aa,123,123
管路材・ダクト（電気）,防火区画貫通措置材（鋼製スリーブ）,ＴＡＦＳＳ ３００×２００ｍｍ,個,和歌山,10,6580,7340,760,11.55,2a66ecf11dca4c79,3cdf3602a18ed7eb,123,123
管路材・ダクト（電気）,防火区画貫通措置材（鋼製スリーブ）,ＴＡＦＳＳ ４００×２００ｍｍ,個,和歌山,10,8350,9360,1010,12.1,3e136102505f2fe4,94e3bd418ed19239,123,123
管路材・ダクト（電気）,防火区画貫通措置材（鋼製スリーブ）,ＴＡＦＳＳ ５００×２００ｍｍ,個,和歌山,10,10000,11200,1200,12.0,690e02852b5328f6,4747adabfe261e42,123,123
管路材・ダクト（電気）,防火区画貫通措置材（鋼製スリーブ）,ＴＡＦＳＳ ６００×２００ｍｍ,個,和歌山,10,11800,13100,1300,11.02,dec3c1550f631974,be4d85037e93e17b,123,123
管路材・ダクト（電気）,防火区画貫通措置材（鋼製スリーブ）,ＴＡＦＳＳ ７００×２００ｍｍ,個,和歌山,10,13500,14900,1400,10.37,73c2d82e85b48572,75141f9d6b0e0f66,123,123
管路材・ダクト（電気）,防火区画貫通措置材（鋼製スリーブ）,ＴＡＦＳＳ ８００×２００ｍｍ,個,和歌山,10,15300,17000,1700,11.11,e8961e84264ac60d,2c950941fd38b78a,123,123
管路材・ダクト（電気）,防火区画貫通措置材（鋼製スリーブ）,ＴＡＦＳＳ ９００×２００ｍｍ,個,和歌山,10,17100,19000,1900,11.11,c236f3f923705733,8c5ad41e2651faa5,123,123
管路材・ダクト（電気）,防火区画貫通措置材（鋼製スリーブ）,ＴＡＦＳＳ １０００×２００ｍｍ,個,和歌山,10,18700,20700,2000,10.7,563486c368d63cc1,154e117723cc5aa5,123,123
管路材・ダクト（電気）,防火区画貫通措置材（鋼製スリーブ）,ＴＡＦＳＳ １１００×２００ｍｍ,個,和歌山,10,20400,22600,2200,10.78,ce35d555bf608292,30c5d4e55f2574ab,123,123
管路材・ダクト（電気）,防火区画貫通措置材（鋼製スリーブ）,ＴＡＦＳＳ １２００×２００ｍｍ,個,和歌山,10,22100,24600,2500,11.31,50a6183833c5d1e6,072eb5f11cc5fd2e,123,123
管路材・ダクト（電気）,防火区画貫通措置材（床用）,ＴＡＦＹＬ ３００×２００ｍｍ,個,和歌山,10,13400,14900,1500,11.19,5a9ab8caf98ca655,a7db595c84b2ee87,123,123
管路材・ダクト（電気）,防火区画貫通措置材（床用）,ＴＡＦＹＬ ４００×２００ｍｍ,個,和歌山,10,16600,18500,1900,11.45,831b3565ccfccad4,764563aa90bf139a,123,123
管路材・ダクト（電気）,電線共同溝用合成樹脂管（ﾋﾞｶｯﾄ軟化点温度80℃品）,CCVP 呼７５ 直管 受口付 電力用,m,岐阜,11,2000,2300,300,15.0,f1e2f7e3b2161eb4,fe59737bc9cd09f4,123,123
管路材・ダクト（電気）,電線共同溝用合成樹脂管（ﾋﾞｶｯﾄ軟化点温度80℃品）,CCVP 呼７５ 継手管桝接続用 電力用,個,岐阜,11,4450,5480,1030,23.15,090c1620e36ca0cb,fe7d5ae89716a16b,123,123
管路材・ダクト（電気）,防火区画貫通措置材（鋼製スリーブ）,ＴＡＦＳＳ ３００×２００ｍｍ,個,岐阜,11,6580,7340,760,11.55,a7ffb398240c43b2,5d3333cc450d0631,123,123
管路材・ダクト（電気）,防火区画貫通措置材（鋼製スリーブ）,ＴＡＦＳＳ ４００×２００ｍｍ,個,岐阜,11,8350,9360,1010,12.1,2e020d38df5f2ee4,2548e62b4d1d70aa,123,123
管路材・ダクト（電気）,防火区画貫通措置材（鋼製スリーブ）,ＴＡＦＳＳ ５００×２００ｍｍ,個,岐阜,11,10000,11200,1200,12.0,c1261c0bb20c4480,33e4759afbfb07ad,123,123
管路材・ダクト（電気）,防火区画貫通措置材（鋼製スリーブ）,ＴＡＦＳＳ ６００×２００ｍｍ,個,岐阜,11,11800,13100,1300,11.02,365b2d8db66dd352,9d6b2400479860eb,123,123
管路材・ダクト（電気）,防火区画貫通措置材（鋼製スリーブ）,ＴＡＦＳＳ ７００×２００ｍｍ,個,岐阜,11,13500,14900,1400,10.37,73d03f16269af674,3515d4da596766a2,123,123
管路材・ダクト（電気）,防火区画貫通措置材（鋼製スリーブ）,ＴＡＦＳＳ ８００×２００ｍｍ,個,岐阜,11,15300,17000,1700,11.11,e70d22775c3dd1f4,1d3b7e6645cbe083,123,123
管路材・ダクト（電気）,防火区画貫通措置材（鋼製スリーブ）,ＴＡＦＳＳ ９００×２００ｍｍ,個,岐阜,11,17100,19000,1900,11.11,241a52b00ad76b4e,d060e9e586786744,123,123
管路材・ダクト（電気）,防火区画貫通措置材（鋼製スリーブ）,ＴＡＦＳＳ １０００×２００ｍｍ,個,岐阜,11,18700,20700,2000,10.7,6318b3695b66ed3e,146673337c0c85bf,123,123
管路材・ダクト（電気）,防火区画貫通措置材（鋼製スリーブ）,ＴＡＦＳＳ １１００×２００ｍｍ,個,岐阜,11,20400,22600,2200,10.78,d764102d973a671b,76217689091cd74e,123,123
管路材・ダクト（電気）,防火区画貫通措置材（鋼製スリーブ）,ＴＡＦＳＳ １２００×２００ｍｍ,個,岐阜,11,22100,24600,2500,11.31,946a8d6c92931053,f1a5568169f5bb53,123,123
管路材・ダクト（電気）,防火区画貫通措置材（床用）,ＴＡＦＹＬ ３００×２００ｍｍ,個,岐阜,11,13400,14900,1500,11.19,bd9997330377ce94,4d9e7e0e90fe53dc,123,123
管路材・ダクト（電気）,防火区画貫通措置材（床用）,ＴＡＦＹＬ ４００×２００ｍｍ,個,岐阜,11,16600,18500,1900,11.45,8b77bd0bad46b105,6dcde525b79ec17f,123,123
管路材・ダクト（電気）,電線共同溝用合成樹脂管（ﾋﾞｶｯﾄ軟化点温度80℃品）,CCVP 呼７５ 直管 受口付 電力用,m,三重,12,2000,2300,300,15.0,a0ee479841750b01,a38fa8d0cd194290,123,123
管路材・ダクト（電気）,電線共同溝用合成樹脂管（ﾋﾞｶｯﾄ軟化点温度80℃品）,CCVP 呼７５ 継手管桝接続用 電力用,個,三重,12,4450,5480,1030,23.15,d612f0d1b3de59d4,0f2abb3663dcf269,123,123
管路材・ダクト（電気）,防火区画貫通措置材（鋼製スリーブ）,ＴＡＦＳＳ ３００×２００ｍｍ,個,三重,12,6580,7340,760,11.55,2f85f26f024b2cb4,27a4d32ad32380ec,123,123
管路材・ダクト（電気）,防火区画貫通措置材（鋼製スリーブ）,ＴＡＦＳＳ ４００×２００ｍｍ,個,三重,12,8350,9360,1010,12.1,ea2129ba72d7a353,b729cf5790976911,123,123
管路材・ダクト（電気）,防火区画貫通措置材（鋼製スリーブ）,ＴＡＦＳＳ ５００×２００ｍｍ,個,三重,12,10000,11200,1200,12.0,c47a8654261926e7,f9e5051add968cd8,123,123
管路材・ダクト（電気）,防火区画貫通措置材（鋼製スリーブ）,ＴＡＦＳＳ ６００×２００ｍｍ,個,三重,12,11800,13100,1300,11.02,2e5a1914f933f3c2,373ecbb9249f5202,123,123
管路材・ダクト（電気）,防火区画貫通措置材（鋼製スリーブ）,ＴＡＦＳＳ ７００×２００ｍｍ,個,三重,12,13500,14900,1400,10.37,78dd98ae44838d77,81e6d650e87d4d87,123,123
管路材・ダクト（電気）,防火区画貫通措置材（鋼製スリーブ）,ＴＡＦＳＳ ８００×２００ｍｍ,個,三重,12,15300,17000,1700,11.11,e271cd2b5d8c40fa,99345120ea02e6a1,123,123
管路材・ダクト（電気）,防火区画貫通措置材（鋼製スリーブ）,ＴＡＦＳＳ ９００×２００ｍｍ,個,三重,12,17100,19000,1900,11.11,ff72a2da609e18f5,b878e000d1269191,123,123
管路材・ダクト（電気）,防火区画貫通措置材（鋼製スリーブ）,ＴＡＦＳＳ １０００×２００ｍｍ,個,三重,12,18700,20700,2000,10.7,7cc9924009a78579,0f97971637294b18,123,123
管路材・ダクト（電気）,防火区画貫通措置材（鋼製スリーブ）,ＴＡＦＳＳ １１００×２００ｍｍ,個,三重,12,20400,22600,2200,10.78,83b4ecae4ad02c7c,47829bc5a7df3d81,123,123
管路材・ダクト（電気）,防火区画貫通措置材（鋼製スリーブ）,ＴＡＦＳＳ １２００×２００ｍｍ,個,三重,12,22100,24600,2500,11.31,326201c5231b9e6c,9b21916d8b5b8427,123,123
管路材・ダクト（電気）,防火区画貫通措置材（床用）,ＴＡＦＹＬ ３００×２００ｍｍ,個,三重,12,13400,14900,1500,11.19,05086df3ef0fc106,8b62eeb46e5568f7,123,123
管路材・ダクト（電気）,防火区画貫通措置材（床用）,ＴＡＦＹＬ ４００×２００ｍｍ,個,三重,12,16600,18500,1900,11.45,7707b1753111d8ca,49fe9e6a2e68c2df,123,123
管路材・ダクト（電気）,防火区画貫通措置材（床用）,ＴＡＦＹＬ ５００×２００ｍｍ,個,福井,01,20100,22300,2200,10.95,bc52157d31fb0c5b,76c3521ef741bf67,124,124
管路材・ダクト（電気）,防火区画貫通措置材（床用）,ＴＡＦＹＬ ６００×２００ｍｍ,個,福井,01,22700,25200,2500,11.01,cead2e80a19b5c6f,e7f7e09975b32d63,124,124
管路材・ダクト（電気）,防火区画貫通措置材（床用）,ＴＡＦＹＬ ７００×２００ｍｍ,個,福井,01,25600,28300,2700,10.55,1771af9807c09a18,6ec3fff92ac71d5e,124,124
管路材・ダクト（電気）,防火区画貫通措置材（床用）,ＴＡＦＹＬ ８００×２００ｍｍ,個,福井,01,28700,31700,3000,10.45,b2af974a8b8372ad,fe62a4e2fca9adae,124,124
管路材・ダクト（電気）,防火区画貫通措置材（床用）,ＴＡＦＹＬ ９００×２００ｍｍ,個,福井,01,32300,35700,3400,10.53,539516ee0a77b1c0,e45596b47c0824fa,124,124
管路材・ダクト（電気）,防火区画貫通措置材（床用）,ＴＡＦＹＬ １０００×２００ｍｍ,個,福井,01,35500,39300,3800,10.7,4716bbe20246a030,9445cfcef663fc31,124,124
管路材・ダクト（電気）,防火区画貫通措置材（床用）,ＴＡＦＹＬ １１００×２００ｍｍ,個,福井,01,38000,42100,4100,10.79,43f338d6258d2a0b,87a8b0871e7ad8ee,124,124
管路材・ダクト（電気）,防火区画貫通措置材（床用）,ＴＡＦＹＬ １２００×２００ｍｍ,個,福井,01,41100,45600,4500,10.95,7fa0b2be40d4127e,067e7ca51fefc877,124,124
管路材・ダクト（電気）,ＦＲＰ管,ＦＲＰ ５０ｍｍ,m,福井,01,3110,3530,420,13.5,c21079113a4a9467,eafab0795823008c,124,124
管路材・ダクト（電気）,ＦＲＰ管,ＦＲＰ ７５ｍｍ,m,福井,01,6580,8810,2230,33.89,acf6d952b610e1dd,f915b081bc54ac4e,124,124
管路材・ダクト（電気）,ＦＲＰ管,ＦＲＰ １００ｍｍ,m,福井,01,7170,9120,1950,27.2,3fc6f7f14168a0fc,60247199ade47077,124,124
管路材・ダクト（電気）,ＦＲＰ管,ＦＲＰ １５０ｍｍ,m,福井,01,8100,10200,2100,25.93,aeff76f46aec0c05,86dd99ce8ed0322e,124,124
管路材・ダクト（電気）,ＦＲＰ用付属品,中間継手 ５０ｍｍ,組,福井,01,4750,5510,760,16.0,a10af84352fb36d8,2bb79c1621e0dc22,124,124
管路材・ダクト（電気）,ＦＲＰ用付属品,中間継手 ７５ｍｍ,組,福井,01,6080,7310,1230,20.23,1807106f5f3f4a4c,b3b393d5f29e87bc,124,124
管路材・ダクト（電気）,ＦＲＰ用付属品,中間継手 １００ｍｍ,組,福井,01,11500,13800,2300,20.0,7e567e2392d74296,eb3945349ff3a8c4,124,124
管路材・ダクト（電気）,ＦＲＰ用付属品,中間継手 １５０ｍｍ,組,福井,01,13300,15900,2600,19.55,47ee39ae96e59bb5,15d283c861c04763,124,124
管路材・ダクト（電気）,ＦＲＰ用付属品,伸縮継手 ５０ｍｍ,組,福井,01,5790,6650,860,14.85,659cf4bdcec15b9b,ef96e80df753b099,124,124
管路材・ダクト（電気）,ＦＲＰ用付属品,伸縮継手 ７５ｍｍ,組,福井,01,6460,7790,1330,20.59,7956c560babe473d,b5e9874ee95e5632,124,124
管路材・ダクト（電気）,ＦＲＰ用付属品,伸縮継手 １００ｍｍ,組,福井,01,9970,11900,1930,19.36,3827ab5f3e55f780,1b9be96eea77b7c7,124,124
管路材・ダクト（電気）,ＦＲＰ用付属品,伸縮継手 １５０ｍｍ,組,福井,01,12100,14600,2500,20.66,0d3e7ff89a4483df,69ef4f69a7f0fa99,124,124
管路材・ダクト（電気）,防火区画貫通措置材（床用）,ＴＡＦＹＬ ５００×２００ｍｍ,個,滋賀,02,20100,22300,2200,10.95,941358e43de11414,caa1e466b06bef7d,124,124
管路材・ダクト（電気）,防火区画貫通措置材（床用）,ＴＡＦＹＬ ６００×２００ｍｍ,個,滋賀,02,22700,25200,2500,11.01,c7653f3b6a95d6fd,6237d475fab56352,124,124
管路材・ダクト（電気）,防火区画貫通措置材（床用）,ＴＡＦＹＬ ７００×２００ｍｍ,個,滋賀,02,25600,28300,2700,10.55,145ad24b60ffd6f4,d61edcfed8f53140,124,124
管路材・ダクト（電気）,防火区画貫通措置材（床用）,ＴＡＦＹＬ ８００×２００ｍｍ,個,滋賀,02,28700,31700,3000,10.45,ec0df579bc2e36e5,0ae75ec86fee6fef,124,124
管路材・ダクト（電気）,防火区画貫通措置材（床用）,ＴＡＦＹＬ ９００×２００ｍｍ,個,滋賀,02,32300,35700,3400,10.53,5ec7d89041fe9cae,12f48ddebc6525ab,124,124
管路材・ダクト（電気）,防火区画貫通措置材（床用）,ＴＡＦＹＬ １０００×２００ｍｍ,個,滋賀,02,35500,39300,3800,10.7,ac8ea87f99b042d6,7c4ccf646fafbacd,124,124
管路材・ダクト（電気）,防火区画貫通措置材（床用）,ＴＡＦＹＬ １１００×２００ｍｍ,個,滋賀,02,38000,42100,4100,10.79,a0394d94de772592,fcdf7461a45f335c,124,124
管路材・ダクト（電気）,防火区画貫通措置材（床用）,ＴＡＦＹＬ １２００×２００ｍｍ,個,滋賀,02,41100,45600,4500,10.95,0162f37e04795bd6,c00f9db7b3690525,124,124
管路材・ダクト（電気）,ＦＲＰ管,ＦＲＰ ５０ｍｍ,m,滋賀,02,3110,3530,420,13.5,616b657275584d19,11ab8311823d13dc,124,124
管路材・ダクト（電気）,ＦＲＰ管,ＦＲＰ ７５ｍｍ,m,滋賀,02,6580,8810,2230,33.89,d4a315dbd9eeea8a,3662ffef32b2065d,124,124
管路材・ダクト（電気）,ＦＲＰ管,ＦＲＰ １００ｍｍ,m,滋賀,02,7170,9120,1950,27.2,b0e366859da66748,04165bf04edda4c2,124,124
管路材・ダクト（電気）,ＦＲＰ管,ＦＲＰ １５０ｍｍ,m,滋賀,02,8100,10200,2100,25.93,3ca79baeb1d74ce1,c26671cb7b088c2c,124,124
管路材・ダクト（電気）,ＦＲＰ用付属品,中間継手 ５０ｍｍ,組,滋賀,02,4750,5510,760,16.0,2544f2f6dd174a40,8f3d607a35d759d5,124,124
管路材・ダクト（電気）,ＦＲＰ用付属品,中間継手 ７５ｍｍ,組,滋賀,02,6080,7310,1230,20.23,1b3b147a8f87f8f7,57874bc543666d24,124,124
管路材・ダクト（電気）,ＦＲＰ用付属品,中間継手 １００ｍｍ,組,滋賀,02,11500,13800,2300,20.0,8b9787401d8da9a3,8fc65f81bd790b01,124,124
管路材・ダクト（電気）,ＦＲＰ用付属品,中間継手 １５０ｍｍ,組,滋賀,02,13300,15900,2600,19.55,c7c0afbc57a073ac,d2a63b0886aba8e0,124,124
管路材・ダクト（電気）,ＦＲＰ用付属品,伸縮継手 ５０ｍｍ,組,滋賀,02,5790,6650,860,14.85,1b58e6b8858806ff,5227bf38fb84dd7e,124,124
管路材・ダクト（電気）,ＦＲＰ用付属品,伸縮継手 ７５ｍｍ,組,滋賀,02,6460,7790,1330,20.59,3f5af617c7312653,d658c48a33722db6,124,124
管路材・ダクト（電気）,ＦＲＰ用付属品,伸縮継手 １００ｍｍ,組,滋賀,02,9970,11900,1930,19.36,bf0e0b6ddf875151,ffbe976c4bf4086e,124,124
管路材・ダクト（電気）,ＦＲＰ用付属品,伸縮継手 １５０ｍｍ,組,滋賀,02,12100,14600,2500,20.66,cf0979daa8eb5a47,997a444520ff83c2,124,124
管路材・ダクト（電気）,防火区画貫通措置材（床用）,ＴＡＦＹＬ ５００×２００ｍｍ,個,京都北部,03,20100,22300,2200,10.95,3827feea2b46cfc0,2c743409c1577e43,124,124
管路材・ダクト（電気）,防火区画貫通措置材（床用）,ＴＡＦＹＬ ６００×２００ｍｍ,個,京都北部,03,22700,25200,2500,11.01,854c869613b31692,7c3bfb8edbcfe79a,124,124
管路材・ダクト（電気）,防火区画貫通措置材（床用）,ＴＡＦＹＬ ７００×２００ｍｍ,個,京都北部,03,25600,28300,2700,10.55,b8db5518f1b6d4c6,aafffa3db473bf0e,124,124
管路材・ダクト（電気）,防火区画貫通措置材（床用）,ＴＡＦＹＬ ８００×２００ｍｍ,個,京都北部,03,28700,31700,3000,10.45,cd64e0d8bc90af3c,744c570861afc402,124,124
管路材・ダクト（電気）,防火区画貫通措置材（床用）,ＴＡＦＹＬ ９００×２００ｍｍ,個,京都北部,03,32300,35700,3400,10.53,0ddd3589832c011e,6c519b46dc9436e0,124,124
管路材・ダクト（電気）,防火区画貫通措置材（床用）,ＴＡＦＹＬ １０００×２００ｍｍ,個,京都北部,03,35500,39300,3800,10.7,6499c52eeeeb5dcc,35e29aea02c4c606,124,124
管路材・ダクト（電気）,防火区画貫通措置材（床用）,ＴＡＦＹＬ １１００×２００ｍｍ,個,京都北部,03,38000,42100,4100,10.79,2d70be4d6fbf7222,04c7ddb9d75d1a1f,124,124
管路材・ダクト（電気）,防火区画貫通措置材（床用）,ＴＡＦＹＬ １２００×２００ｍｍ,個,京都北部,03,41100,45600,4500,10.95,bfc7089cf07f48c6,51808f57bf9edb53,124,124
管路材・ダクト（電気）,ＦＲＰ管,ＦＲＰ ５０ｍｍ,m,京都北部,03,3110,3530,420,13.5,86fdb8f921cab1f8,f667fe69933fdb41,124,124
管路材・ダクト（電気）,ＦＲＰ管,ＦＲＰ ７５ｍｍ,m,京都北部,03,6580,8810,2230,33.89,97273a8199821ce1,a22201fbf5785729,124,124
管路材・ダクト（電気）,ＦＲＰ管,ＦＲＰ １００ｍｍ,m,京都北部,03,7170,9120,1950,27.2,6d373e88b6ec4975,5353c7d40e8af67e,124,124
管路材・ダクト（電気）,ＦＲＰ管,ＦＲＰ １５０ｍｍ,m,京都北部,03,8100,10200,2100,25.93,ece21a3d6e9a4062,3bcb5dd479af395e,124,124
管路材・ダクト（電気）,ＦＲＰ用付属品,中間継手 ５０ｍｍ,組,京都北部,03,4750,5510,760,16.0,0f938a72eb3dbe1b,671956762c766a46,124,124
管路材・ダクト（電気）,ＦＲＰ用付属品,中間継手 ７５ｍｍ,組,京都北部,03,6080,7310,1230,20.23,b63a94b92cbc7762,b21b7f4c62e705d9,124,124
管路材・ダクト（電気）,ＦＲＰ用付属品,中間継手 １００ｍｍ,組,京都北部,03,11500,13800,2300,20.0,ec8079283c271c68,1afdf3d22e28813f,124,124
管路材・ダクト（電気）,ＦＲＰ用付属品,中間継手 １５０ｍｍ,組,京都北部,03,13300,15900,2600,19.55,409b37d3905b5c81,a2e541db1d03f44d,124,124
管路材・ダクト（電気）,ＦＲＰ用付属品,伸縮継手 ５０ｍｍ,組,京都北部,03,5790,6650,860,14.85,198dafdd0a9b199a,32725b870fa6cbd6,124,124
管路材・ダクト（電気）,ＦＲＰ用付属品,伸縮継手 ７５ｍｍ,組,京都北部,03,6460,7790,1330,20.59,d775628ced8e925d,6de12185ed5a9c1d,124,124
管路材・ダクト（電気）,ＦＲＰ用付属品,伸縮継手 １００ｍｍ,組,京都北部,03,9970,11900,1930,19.36,efc8eaca7c8db58e,3d22a3ee0234b450,124,124
管路材・ダクト（電気）,ＦＲＰ用付属品,伸縮継手 １５０ｍｍ,組,京都北部,03,12100,14600,2500,20.66,01e084584e03b5ff,b1a47cfb831b613c,124,124
管路材・ダクト（電気）,防火区画貫通措置材（床用）,ＴＡＦＹＬ ５００×２００ｍｍ,個,京都南部,04,20100,22300,2200,10.95,bcc193e6fd87767b,b1a52a2a474397f5,124,124
管路材・ダクト（電気）,防火区画貫通措置材（床用）,ＴＡＦＹＬ ６００×２００ｍｍ,個,京都南部,04,22700,25200,2500,11.01,964697499751aac9,0f49b4a337496f85,124,124
管路材・ダクト（電気）,防火区画貫通措置材（床用）,ＴＡＦＹＬ ７００×２００ｍｍ,個,京都南部,04,25600,28300,2700,10.55,2e4c5ce3e714296f,5a2497adff17b544,124,124
管路材・ダクト（電気）,防火区画貫通措置材（床用）,ＴＡＦＹＬ ８００×２００ｍｍ,個,京都南部,04,28700,31700,3000,10.45,59b63aed6e3c7fa8,207a55f4b4250d59,124,124
管路材・ダクト（電気）,防火区画貫通措置材（床用）,ＴＡＦＹＬ ９００×２００ｍｍ,個,京都南部,04,32300,35700,3400,10.53,95fe2aab12ff4c01,d38492c8240be7af,124,124
管路材・ダクト（電気）,防火区画貫通措置材（床用）,ＴＡＦＹＬ １０００×２００ｍｍ,個,京都南部,04,35500,39300,3800,10.7,9d51749076ced291,e06e8d296a340e75,124,124
管路材・ダクト（電気）,防火区画貫通措置材（床用）,ＴＡＦＹＬ １１００×２００ｍｍ,個,京都南部,04,38000,42100,4100,10.79,6b762f259779c752,05497ea3886e3ea8,124,124
管路材・ダクト（電気）,防火区画貫通措置材（床用）,ＴＡＦＹＬ １２００×２００ｍｍ,個,京都南部,04,41100,45600,4500,10.95,ac56dd16cc9fe4ba,5c592fc88d2a761e,124,124
管路材・ダクト（電気）,ＦＲＰ管,ＦＲＰ ５０ｍｍ,m,京都南部,04,3110,3530,420,13.5,00c92e2a4668675b,7ffe186b59bb3b7f,124,124
管路材・ダクト（電気）,ＦＲＰ管,ＦＲＰ ７５ｍｍ,m,京都南部,04,6580,8810,2230,33.89,c42b2414cc756d23,f5799d703c2ae7d1,124,124
管路材・ダクト（電気）,ＦＲＰ管,ＦＲＰ １００ｍｍ,m,京都南部,04,7170,9120,1950,27.2,690c483a99f6be65,1077ec9e4375a652,124,124
管路材・ダクト（電気）,ＦＲＰ管,ＦＲＰ １５０ｍｍ,m,京都南部,04,8100,10200,2100,25.93,a2a928a0ce99f182,142da6ada73e85d3,124,124
管路材・ダクト（電気）,ＦＲＰ用付属品,中間継手 ５０ｍｍ,組,京都南部,04,4750,5510,760,16.0,a80163ba9fb903c1,6de0e0730b8b57e6,124,124
管路材・ダクト（電気）,ＦＲＰ用付属品,中間継手 ７５ｍｍ,組,京都南部,04,6080,7310,1230,20.23,2a6a02fd5b8016a6,cc30a890223f4693,124,124
管路材・ダクト（電気）,ＦＲＰ用付属品,中間継手 １００ｍｍ,組,京都南部,04,11500,13800,2300,20.0,2741691edf1dcd6b,7942fcd692f0e24a,124,124
管路材・ダクト（電気）,ＦＲＰ用付属品,中間継手 １５０ｍｍ,組,京都南部,04,13300,15900,2600,19.55,b810f1ebca86c1ca,44c88eb90e36a504,124,124
管路材・ダクト（電気）,ＦＲＰ用付属品,伸縮継手 ５０ｍｍ,組,京都南部,04,5790,6650,860,14.85,35871db573c5a70c,b53a49ecaea06f8e,124,124
管路材・ダクト（電気）,ＦＲＰ用付属品,伸縮継手 ７５ｍｍ,組,京都南部,04,6460,7790,1330,20.59,1566ab68e74b43d7,2f0503f695f16c72,124,124
管路材・ダクト（電気）,ＦＲＰ用付属品,伸縮継手 １００ｍｍ,組,京都南部,04,9970,11900,1930,19.36,9fc939bfbe978154,14df5cfcd0a1ec73,124,124
管路材・ダクト（電気）,ＦＲＰ用付属品,伸縮継手 １５０ｍｍ,組,京都南部,04,12100,14600,2500,20.66,dd18baae771f94a1,8baaf9ac71cfc042,124,124
管路材・ダクト（電気）,防火区画貫通措置材（床用）,ＴＡＦＹＬ ５００×２００ｍｍ,個,大阪,05,20100,22300,2200,10.95,a8a56470b18e44b0,619f7e5ba910c5bc,124,124
管路材・ダクト（電気）,防火区画貫通措置材（床用）,ＴＡＦＹＬ ６００×２００ｍｍ,個,大阪,05,22700,25200,2500,11.01,10e42f6e92fa950e,d5be3ab68f4cf129,124,124
管路材・ダクト（電気）,防火区画貫通措置材（床用）,ＴＡＦＹＬ ７００×２００ｍｍ,個,大阪,05,25600,28300,2700,10.55,161a70c88b0ec3ff,ff727d996b85541c,124,124
管路材・ダクト（電気）,防火区画貫通措置材（床用）,ＴＡＦＹＬ ８００×２００ｍｍ,個,大阪,05,28700,31700,3000,10.45,73cb52efc008878f,b78d9186e09eb2ad,124,124
管路材・ダクト（電気）,防火区画貫通措置材（床用）,ＴＡＦＹＬ ９００×２００ｍｍ,個,大阪,05,32300,35700,3400,10.53,4c3685b153e04a6e,6849bab1bb4992a5,124,124
管路材・ダクト（電気）,防火区画貫通措置材（床用）,ＴＡＦＹＬ １０００×２００ｍｍ,個,大阪,05,35500,39300,3800,10.7,16e88d32c72f1111,cb4a3a0b277c4b2c,124,124
管路材・ダクト（電気）,防火区画貫通措置材（床用）,ＴＡＦＹＬ １１００×２００ｍｍ,個,大阪,05,38000,42100,4100,10.79,61ffbdd5306247dd,7b497e325ca42e79,124,124
管路材・ダクト（電気）,防火区画貫通措置材（床用）,ＴＡＦＹＬ １２００×２００ｍｍ,個,大阪,05,41100,45600,4500,10.95,8647d4a4c4f90473,53516e5b1bae52a0,124,124
管路材・ダクト（電気）,ＦＲＰ管,ＦＲＰ ５０ｍｍ,m,大阪,05,3110,3530,420,13.5,72e5e58bf6c07b51,c096bd1dbaa1da2e,124,124
管路材・ダクト（電気）,ＦＲＰ管,ＦＲＰ ７５ｍｍ,m,大阪,05,6580,8810,2230,33.89,8adb392c77525e39,10771dc6f649d276,124,124
管路材・ダクト（電気）,ＦＲＰ管,ＦＲＰ １００ｍｍ,m,大阪,05,7170,9120,1950,27.2,f1ff13a3048e3eca,c1b9577dc7e6d581,124,124
管路材・ダクト（電気）,ＦＲＰ管,ＦＲＰ １５０ｍｍ,m,大阪,05,8100,10200,2100,25.93,914c673ae9f257d1,899b9ca6c1aafe1a,124,124
管路材・ダクト（電気）,ＦＲＰ用付属品,中間継手 ５０ｍｍ,組,大阪,05,4750,5510,760,16.0,a4f82c74a697e3e5,c9a294325660bfb1,124,124
管路材・ダクト（電気）,ＦＲＰ用付属品,中間継手 ７５ｍｍ,組,大阪,05,6080,7310,1230,20.23,ec6db7010b6aa817,e290809b6aebfe47,124,124
管路材・ダクト（電気）,ＦＲＰ用付属品,中間継手 １００ｍｍ,組,大阪,05,11500,13800,2300,20.0,c3b65bcf4e47b35f,968a887107688ee8,124,124
管路材・ダクト（電気）,ＦＲＰ用付属品,中間継手 １５０ｍｍ,組,大阪,05,13300,15900,2600,19.55,6c4fd533e48735e1,1fe923ba7c4f0721,124,124
管路材・ダクト（電気）,ＦＲＰ用付属品,伸縮継手 ５０ｍｍ,組,大阪,05,5790,6650,860,14.85,df6835b84b0f8bcc,b4226e7b60e0157e,124,124
管路材・ダクト（電気）,ＦＲＰ用付属品,伸縮継手 ７５ｍｍ,組,大阪,05,6460,7790,1330,20.59,500c1fe3bc79fe53,d2e9a599c27609b5,124,124
管路材・ダクト（電気）,ＦＲＰ用付属品,伸縮継手 １００ｍｍ,組,大阪,05,9970,11900,1930,19.36,ab51efe4c49e0932,a801916af62f92bd,124,124
管路材・ダクト（電気）,ＦＲＰ用付属品,伸縮継手 １５０ｍｍ,組,大阪,05,12100,14600,2500,20.66,daa8549931199e8d,d8c9692b983719ba,124,124
管路材・ダクト（電気）,防火区画貫通措置材（床用）,ＴＡＦＹＬ ５００×２００ｍｍ,個,兵庫北部,06,20100,22300,2200,10.95,918c8bd29557301a,e1e2c06e6c035980,124,124
管路材・ダクト（電気）,防火区画貫通措置材（床用）,ＴＡＦＹＬ ６００×２００ｍｍ,個,兵庫北部,06,22700,25200,2500,11.01,0f179d9f6f20c859,96afdc7fc0347020,124,124
管路材・ダクト（電気）,防火区画貫通措置材（床用）,ＴＡＦＹＬ ７００×２００ｍｍ,個,兵庫北部,06,25600,28300,2700,10.55,fbf316cbf0a4e0f0,c8794983551bc617,124,124
管路材・ダクト（電気）,防火区画貫通措置材（床用）,ＴＡＦＹＬ ８００×２００ｍｍ,個,兵庫北部,06,28700,31700,3000,10.45,0544c3790e7de83c,8d2ca08158ca861d,124,124
管路材・ダクト（電気）,防火区画貫通措置材（床用）,ＴＡＦＹＬ ９００×２００ｍｍ,個,兵庫北部,06,32300,35700,3400,10.53,e841b2ff102025e1,fc88b8df9849f417,124,124
管路材・ダクト（電気）,防火区画貫通措置材（床用）,ＴＡＦＹＬ １０００×２００ｍｍ,個,兵庫北部,06,35500,39300,3800,10.7,2cc9badb268a4ffa,92ca8ca8ac64ad19,124,124
管路材・ダクト（電気）,防火区画貫通措置材（床用）,ＴＡＦＹＬ １１００×２００ｍｍ,個,兵庫北部,06,38000,42100,4100,10.79,43594ff3d1458f3d,045d111af6d8364d,124,124
管路材・ダクト（電気）,防火区画貫通措置材（床用）,ＴＡＦＹＬ １２００×２００ｍｍ,個,兵庫北部,06,41100,45600,4500,10.95,6162405b76ac59eb,79979f9243f72dc4,124,124
管路材・ダクト（電気）,ＦＲＰ管,ＦＲＰ ５０ｍｍ,m,兵庫北部,06,3110,3530,420,13.5,edc99cfb0b087b1b,d6f834d7bed5707d,124,124
管路材・ダクト（電気）,ＦＲＰ管,ＦＲＰ ７５ｍｍ,m,兵庫北部,06,6580,8810,2230,33.89,7f13d2627bb6eaa1,a628b973eed9871f,124,124
管路材・ダクト（電気）,ＦＲＰ管,ＦＲＰ １００ｍｍ,m,兵庫北部,06,7170,9120,1950,27.2,b7e0b6a4728d9f2e,e7211cdd05d7b991,124,124
管路材・ダクト（電気）,ＦＲＰ管,ＦＲＰ １５０ｍｍ,m,兵庫北部,06,8100,10200,2100,25.93,5ba3de5b954da880,d05d1e43028ae255,124,124
管路材・ダクト（電気）,ＦＲＰ用付属品,中間継手 ５０ｍｍ,組,兵庫北部,06,4750,5510,760,16.0,b6aee76c4ff48edf,cedb106839f43c1f,124,124
管路材・ダクト（電気）,ＦＲＰ用付属品,中間継手 ７５ｍｍ,組,兵庫北部,06,6080,7310,1230,20.23,d688c81b2413d366,cb3d1cfcae69b76a,124,124
管路材・ダクト（電気）,ＦＲＰ用付属品,中間継手 １００ｍｍ,組,兵庫北部,06,11500,13800,2300,20.0,751b48d893719fd4,ab225f2e20fc7388,124,124
管路材・ダクト（電気）,ＦＲＰ用付属品,中間継手 １５０ｍｍ,組,兵庫北部,06,13300,15900,2600,19.55,e9a694fd7ae7bcb5,79d1c834b898757f,124,124
管路材・ダクト（電気）,ＦＲＰ用付属品,伸縮継手 ５０ｍｍ,組,兵庫北部,06,5790,6650,860,14.85,b0f133af48f3225d,c92a18fd9c616edc,124,124
管路材・ダクト（電気）,ＦＲＰ用付属品,伸縮継手 ７５ｍｍ,組,兵庫北部,06,6460,7790,1330,20.59,f0afe9cfe2b107c2,1e203a30d571c96e,124,124
管路材・ダクト（電気）,ＦＲＰ用付属品,伸縮継手 １００ｍｍ,組,兵庫北部,06,9970,11900,1930,19.36,4dca81e269c87cd1,b53de5a3096a0f80,124,124
管路材・ダクト（電気）,ＦＲＰ用付属品,伸縮継手 １５０ｍｍ,組,兵庫北部,06,12100,14600,2500,20.66,c653ea9715b830dd,e10e5927ff6e7529,124,124
管路材・ダクト（電気）,防火区画貫通措置材（床用）,ＴＡＦＹＬ ５００×２００ｍｍ,個,兵庫西部,07,20100,22300,2200,10.95,37c368f88381cdde,cd647e6805ecb07e,124,124
管路材・ダクト（電気）,防火区画貫通措置材（床用）,ＴＡＦＹＬ ６００×２００ｍｍ,個,兵庫西部,07,22700,25200,2500,11.01,0d99016f4365ef0b,1fd4d06a0d7d7264,124,124
管路材・ダクト（電気）,防火区画貫通措置材（床用）,ＴＡＦＹＬ ７００×２００ｍｍ,個,兵庫西部,07,25600,28300,2700,10.55,dacef1e7c51ffefb,49143094b6d5e3bc,124,124
管路材・ダクト（電気）,防火区画貫通措置材（床用）,ＴＡＦＹＬ ８００×２００ｍｍ,個,兵庫西部,07,28700,31700,3000,10.45,adc6fdca8f830bd1,4665067c7d453c06,124,124
管路材・ダクト（電気）,防火区画貫通措置材（床用）,ＴＡＦＹＬ ９００×２００ｍｍ,個,兵庫西部,07,32300,35700,3400,10.53,521d715937394187,83e1cdd3c0813451,124,124
管路材・ダクト（電気）,防火区画貫通措置材（床用）,ＴＡＦＹＬ １０００×２００ｍｍ,個,兵庫西部,07,35500,39300,3800,10.7,dd044b8231bb7be3,ba98e7c7d5193483,124,124
管路材・ダクト（電気）,防火区画貫通措置材（床用）,ＴＡＦＹＬ １１００×２００ｍｍ,個,兵庫西部,07,38000,42100,4100,10.79,6b79363f2c075a17,fb9942d2609f99a9,124,124
管路材・ダクト（電気）,防火区画貫通措置材（床用）,ＴＡＦＹＬ １２００×２００ｍｍ,個,兵庫西部,07,41100,45600,4500,10.95,f499da4e5d0b667f,193894e5c212e96f,124,124
管路材・ダクト（電気）,ＦＲＰ管,ＦＲＰ ５０ｍｍ,m,兵庫西部,07,3110,3530,420,13.5,2468332c8034c68e,d95b61623e48588d,124,124
管路材・ダクト（電気）,ＦＲＰ管,ＦＲＰ ７５ｍｍ,m,兵庫西部,07,6580,8810,2230,33.89,d05b86523fadd055,a6c5efb42207e104,124,124
管路材・ダクト（電気）,ＦＲＰ管,ＦＲＰ １００ｍｍ,m,兵庫西部,07,7170,9120,1950,27.2,3d3d7c0f5acdb990,fdb2fca74154f5d0,124,124
管路材・ダクト（電気）,ＦＲＰ管,ＦＲＰ １５０ｍｍ,m,兵庫西部,07,8100,10200,2100,25.93,6bf201d3f17af57d,6a13204c49e54474,124,124
管路材・ダクト（電気）,ＦＲＰ用付属品,中間継手 ５０ｍｍ,組,兵庫西部,07,4750,5510,760,16.0,0339aac61667f56c,3e689af8aed04790,124,124
管路材・ダクト（電気）,ＦＲＰ用付属品,中間継手 ７５ｍｍ,組,兵庫西部,07,6080,7310,1230,20.23,6ed794236948a88d,1946a6881cbfdbfa,124,124
管路材・ダクト（電気）,ＦＲＰ用付属品,中間継手 １００ｍｍ,組,兵庫西部,07,11500,13800,2300,20.0,deab76e5887479c0,d31f91799322e63b,124,124
管路材・ダクト（電気）,ＦＲＰ用付属品,中間継手 １５０ｍｍ,組,兵庫西部,07,13300,15900,2600,19.55,2dc7013605393eff,cc352190e6fc2a95,124,124
管路材・ダクト（電気）,ＦＲＰ用付属品,伸縮継手 ５０ｍｍ,組,兵庫西部,07,5790,6650,860,14.85,e220951623e91120,0ef827f31c33134d,124,124
管路材・ダクト（電気）,ＦＲＰ用付属品,伸縮継手 ７５ｍｍ,組,兵庫西部,07,6460,7790,1330,20.59,36c73a214b9fbaee,b0b8a0332b2c14e5,124,124
管路材・ダクト（電気）,ＦＲＰ用付属品,伸縮継手 １００ｍｍ,組,兵庫西部,07,9970,11900,1930,19.36,d79f3ecb80a97631,6eca37f43ce59dc3,124,124
管路材・ダクト（電気）,ＦＲＰ用付属品,伸縮継手 １５０ｍｍ,組,兵庫西部,07,12100,14600,2500,20.66,e72b797cb3a55e35,f80e028bdc65819a,124,124
管路材・ダクト（電気）,防火区画貫通措置材（床用）,ＴＡＦＹＬ ５００×２００ｍｍ,個,兵庫,08,20100,22300,2200,10.95,baa5a8f9198ac19d,4766cf1ab205d9f7,124,124
管路材・ダクト（電気）,防火区画貫通措置材（床用）,ＴＡＦＹＬ ６００×２００ｍｍ,個,兵庫,08,22700,25200,2500,11.01,9a409ac3f7449ef9,d2617f1bbb59fb9c,124,124
管路材・ダクト（電気）,防火区画貫通措置材（床用）,ＴＡＦＹＬ ７００×２００ｍｍ,個,兵庫,08,25600,28300,2700,10.55,98b4705ce3bab77f,6b084e8aaa3001dc,124,124
管路材・ダクト（電気）,防火区画貫通措置材（床用）,ＴＡＦＹＬ ８００×２００ｍｍ,個,兵庫,08,28700,31700,3000,10.45,f64f231435170011,f03b2d59e1d2fc9c,124,124
管路材・ダクト（電気）,防火区画貫通措置材（床用）,ＴＡＦＹＬ ９００×２００ｍｍ,個,兵庫,08,32300,35700,3400,10.53,05591d8c63611859,9e35f16d2f14de3d,124,124
管路材・ダクト（電気）,防火区画貫通措置材（床用）,ＴＡＦＹＬ １０００×２００ｍｍ,個,兵庫,08,35500,39300,3800,10.7,9ac6d6abe932cd4e,5e7c45d87d5b26fe,124,124
管路材・ダクト（電気）,防火区画貫通措置材（床用）,ＴＡＦＹＬ １１００×２００ｍｍ,個,兵庫,08,38000,42100,4100,10.79,ac3c90e776e38f61,2999f50944df4771,124,124
管路材・ダクト（電気）,防火区画貫通措置材（床用）,ＴＡＦＹＬ １２００×２００ｍｍ,個,兵庫,08,41100,45600,4500,10.95,9c14218b3ac755ba,bc139a49c0d3c3f2,124,124
管路材・ダクト（電気）,ＦＲＰ管,ＦＲＰ ５０ｍｍ,m,兵庫,08,3110,3530,420,13.5,55c7f425921b6e1a,3dc252235a8c5bca,124,124
管路材・ダクト（電気）,ＦＲＰ管,ＦＲＰ ７５ｍｍ,m,兵庫,08,6580,8810,2230,33.89,655cc42bf1c2617b,a4a4aa6dcf9aa2b3,124,124
管路材・ダクト（電気）,ＦＲＰ管,ＦＲＰ １００ｍｍ,m,兵庫,08,7170,9120,1950,27.2,955491ae04a327f3,fda8ff776426100e,124,124
管路材・ダクト（電気）,ＦＲＰ管,ＦＲＰ １５０ｍｍ,m,兵庫,08,8100,10200,2100,25.93,87102251ca702d01,f327401fa0ba2350,124,124
管路材・ダクト（電気）,ＦＲＰ用付属品,中間継手 ５０ｍｍ,組,兵庫,08,4750,5510,760,16.0,ddb400c287f3af6b,67551ae381dd6fe5,124,124
管路材・ダクト（電気）,ＦＲＰ用付属品,中間継手 ７５ｍｍ,組,兵庫,08,6080,7310,1230,20.23,b783176d699d5e3a,703ba677755b9cde,124,124
管路材・ダクト（電気）,ＦＲＰ用付属品,中間継手 １００ｍｍ,組,兵庫,08,11500,13800,2300,20.0,ba22bffda4455890,4e7c99037ed925c8,124,124
管路材・ダクト（電気）,ＦＲＰ用付属品,中間継手 １５０ｍｍ,組,兵庫,08,13300,15900,2600,19.55,fcb24beed30b8e5a,e6a927f8c1ece556,124,124
管路材・ダクト（電気）,ＦＲＰ用付属品,伸縮継手 ５０ｍｍ,組,兵庫,08,5790,6650,860,14.85,59d05657676a8522,c6adf1410b5c6197,124,124
管路材・ダクト（電気）,ＦＲＰ用付属品,伸縮継手 ７５ｍｍ,組,兵庫,08,6460,7790,1330,20.59,605fa2b58816d0eb,7ef8fdb7d81bbcf2,124,124
管路材・ダクト（電気）,ＦＲＰ用付属品,伸縮継手 １００ｍｍ,組,兵庫,08,9970,11900,1930,19.36,24ce13ee8a633952,fe75fa1aa450d2ab,124,124
管路材・ダクト（電気）,ＦＲＰ用付属品,伸縮継手 １５０ｍｍ,組,兵庫,08,12100,14600,2500,20.66,b3dd15f50304d415,b0d9f77ec23420b7,124,124
管路材・ダクト（電気）,防火区画貫通措置材（床用）,ＴＡＦＹＬ ５００×２００ｍｍ,個,奈良,09,20100,22300,2200,10.95,c9a0f822251d8b45,8fd51f8d8d1f4329,124,124
管路材・ダクト（電気）,防火区画貫通措置材（床用）,ＴＡＦＹＬ ６００×２００ｍｍ,個,奈良,09,22700,25200,2500,11.01,6d8becea5e35093e,e24a7b721288f806,124,124
管路材・ダクト（電気）,防火区画貫通措置材（床用）,ＴＡＦＹＬ ７００×２００ｍｍ,個,奈良,09,25600,28300,2700,10.55,c64d6f6b692ebfc8,6cba6d128d15f0ee,124,124
管路材・ダクト（電気）,防火区画貫通措置材（床用）,ＴＡＦＹＬ ８００×２００ｍｍ,個,奈良,09,28700,31700,3000,10.45,9e242142bea64cb9,ab22d7a112df22ca,124,124
管路材・ダクト（電気）,防火区画貫通措置材（床用）,ＴＡＦＹＬ ９００×２００ｍｍ,個,奈良,09,32300,35700,3400,10.53,4923efcebec583d6,0e79369cad4c5170,124,124
管路材・ダクト（電気）,防火区画貫通措置材（床用）,ＴＡＦＹＬ １０００×２００ｍｍ,個,奈良,09,35500,39300,3800,10.7,42625c6941e896bc,f1b133469af15dc7,124,124
管路材・ダクト（電気）,防火区画貫通措置材（床用）,ＴＡＦＹＬ １１００×２００ｍｍ,個,奈良,09,38000,42100,4100,10.79,bd36acbd80e9bd34,a6311dab826b1879,124,124
管路材・ダクト（電気）,防火区画貫通措置材（床用）,ＴＡＦＹＬ １２００×２００ｍｍ,個,奈良,09,41100,45600,4500,10.95,a34df81411f202cd,b8b485c69e47b03e,124,124
管路材・ダクト（電気）,ＦＲＰ管,ＦＲＰ ５０ｍｍ,m,奈良,09,3110,3530,420,13.5,fa75cfeb5c7b22bd,87f09839ca23945b,124,124
管路材・ダクト（電気）,ＦＲＰ管,ＦＲＰ ７５ｍｍ,m,奈良,09,6580,8810,2230,33.89,c8e5df6d86cd1b7a,fe7f77d164cdf50c,124,124
管路材・ダクト（電気）,ＦＲＰ管,ＦＲＰ １００ｍｍ,m,奈良,09,7170,9120,1950,27.2,d7e5737ec8c83c5a,7c5bde4d34a2980a,124,124
管路材・ダクト（電気）,ＦＲＰ管,ＦＲＰ １５０ｍｍ,m,奈良,09,8100,10200,2100,25.93,4507b025407fb932,44a2aefa9a35e4c1,124,124
管路材・ダクト（電気）,ＦＲＰ用付属品,中間継手 ５０ｍｍ,組,奈良,09,4750,5510,760,16.0,78da22740534f215,edf63212d175378f,124,124
管路材・ダクト（電気）,ＦＲＰ用付属品,中間継手 ７５ｍｍ,組,奈良,09,6080,7310,1230,20.23,ccd8f33e2bb137e7,738a7b5e041607c9,124,124
管路材・ダクト（電気）,ＦＲＰ用付属品,中間継手 １００ｍｍ,組,奈良,09,11500,13800,2300,20.0,05d163e14fbaa9c9,644ae20a9733e15d,124,124
管路材・ダクト（電気）,ＦＲＰ用付属品,中間継手 １５０ｍｍ,組,奈良,09,13300,15900,2600,19.55,c6214dd1967156aa,3e330f5d9728a700,124,124
管路材・ダクト（電気）,ＦＲＰ用付属品,伸縮継手 ５０ｍｍ,組,奈良,09,5790,6650,860,14.85,a51db88f7de3611d,89284f3cc7b9718b,124,124
管路材・ダクト（電気）,ＦＲＰ用付属品,伸縮継手 ７５ｍｍ,組,奈良,09,6460,7790,1330,20.59,6f36f93a48cea116,5060c5a1c7a9a3c6,124,124
管路材・ダクト（電気）,ＦＲＰ用付属品,伸縮継手 １００ｍｍ,組,奈良,09,9970,11900,1930,19.36,ac1bacad4f929b1f,43f0b7e90f367beb,124,124
管路材・ダクト（電気）,ＦＲＰ用付属品,伸縮継手 １５０ｍｍ,組,奈良,09,12100,14600,2500,20.66,31a05ac4eaa1b0d9,94e7fd5245cccf64,124,124
管路材・ダクト（電気）,防火区画貫通措置材（床用）,ＴＡＦＹＬ ５００×２００ｍｍ,個,和歌山,10,20100,22300,2200,10.95,97934e2d221f343f,ce028ab23b245310,124,124
管路材・ダクト（電気）,防火区画貫通措置材（床用）,ＴＡＦＹＬ ６００×２００ｍｍ,個,和歌山,10,22700,25200,2500,11.01,b8927f60088f65ce,537489754e815ea8,124,124
管路材・ダクト（電気）,防火区画貫通措置材（床用）,ＴＡＦＹＬ ７００×２００ｍｍ,個,和歌山,10,25600,28300,2700,10.55,66d2790b949c7627,3d823aba324f13c1,124,124
管路材・ダクト（電気）,防火区画貫通措置材（床用）,ＴＡＦＹＬ ８００×２００ｍｍ,個,和歌山,10,28700,31700,3000,10.45,78453d1e4ed2853a,c17661f6b9455c3a,124,124
管路材・ダクト（電気）,防火区画貫通措置材（床用）,ＴＡＦＹＬ ９００×２００ｍｍ,個,和歌山,10,32300,35700,3400,10.53,a0a2d8b92a429295,46e123d81c95e6c9,124,124
管路材・ダクト（電気）,防火区画貫通措置材（床用）,ＴＡＦＹＬ １０００×２００ｍｍ,個,和歌山,10,35500,39300,3800,10.7,c62e82e04bf9fe93,b34af2880ed9cb2e,124,124
管路材・ダクト（電気）,防火区画貫通措置材（床用）,ＴＡＦＹＬ １１００×２００ｍｍ,個,和歌山,10,38000,42100,4100,10.79,7e6d012add650e83,3c02dcd6b658ba84,124,124
管路材・ダクト（電気）,防火区画貫通措置材（床用）,ＴＡＦＹＬ １２００×２００ｍｍ,個,和歌山,10,41100,45600,4500,10.95,de1b5ef17f7475d1,0c829ac27552cdc6,124,124
管路材・ダクト（電気）,ＦＲＰ管,ＦＲＰ ５０ｍｍ,m,和歌山,10,3110,3530,420,13.5,09f23a557c98a511,847fdbfd3fde0352,124,124
管路材・ダクト（電気）,ＦＲＰ管,ＦＲＰ ７５ｍｍ,m,和歌山,10,6580,8810,2230,33.89,507922e23b3c65f1,c5ed2358f287cff9,124,124
管路材・ダクト（電気）,ＦＲＰ管,ＦＲＰ １００ｍｍ,m,和歌山,10,7170,9120,1950,27.2,802162f25198b09c,a3a1104bca70bfaa,124,124
管路材・ダクト（電気）,ＦＲＰ管,ＦＲＰ １５０ｍｍ,m,和歌山,10,8100,10200,2100,25.93,85cbc57803f2a2ae,d0c5e54fbe9aea51,124,124
管路材・ダクト（電気）,ＦＲＰ用付属品,中間継手 ５０ｍｍ,組,和歌山,10,4750,5510,760,16.0,50657e1547ce0eba,558edea2c9b9cf35,124,124
管路材・ダクト（電気）,ＦＲＰ用付属品,中間継手 ７５ｍｍ,組,和歌山,10,6080,7310,1230,20.23,84efb87324fa5b22,74036e0ab9874877,124,124
管路材・ダクト（電気）,ＦＲＰ用付属品,中間継手 １００ｍｍ,組,和歌山,10,11500,13800,2300,20.0,c8685cb088cc7dd2,504c97785c853318,124,124
管路材・ダクト（電気）,ＦＲＰ用付属品,中間継手 １５０ｍｍ,組,和歌山,10,13300,15900,2600,19.55,f7d620bc035fbdd0,d442861e9f70da15,124,124
管路材・ダクト（電気）,ＦＲＰ用付属品,伸縮継手 ５０ｍｍ,組,和歌山,10,5790,6650,860,14.85,9c1cb93b71f69004,0d88920d300b6edf,124,124
管路材・ダクト（電気）,ＦＲＰ用付属品,伸縮継手 ７５ｍｍ,組,和歌山,10,6460,7790,1330,20.59,74b08a4d55b900d4,669f22dbdf2c7be9,124,124
管路材・ダクト（電気）,ＦＲＰ用付属品,伸縮継手 １００ｍｍ,組,和歌山,10,9970,11900,1930,19.36,3380b4aaeabdb9f7,11f4a0fefe2274f2,124,124
管路材・ダクト（電気）,ＦＲＰ用付属品,伸縮継手 １５０ｍｍ,組,和歌山,10,12100,14600,2500,20.66,f6970e80eced9076,41b9a5fdb5bab58f,124,124
管路材・ダクト（電気）,防火区画貫通措置材（床用）,ＴＡＦＹＬ ５００×２００ｍｍ,個,岐阜,11,20100,22300,2200,10.95,75b40a18fa3d7b82,6095084d030bfcd3,124,124
管路材・ダクト（電気）,防火区画貫通措置材（床用）,ＴＡＦＹＬ ６００×２００ｍｍ,個,岐阜,11,22700,25200,2500,11.01,f8bab16ec4920d64,f0da2b1e17d8fbec,124,124
管路材・ダクト（電気）,防火区画貫通措置材（床用）,ＴＡＦＹＬ ７００×２００ｍｍ,個,岐阜,11,25600,28300,2700,10.55,997f19ef5224c3e0,3dca9c4d6a65112d,124,124
管路材・ダクト（電気）,防火区画貫通措置材（床用）,ＴＡＦＹＬ ８００×２００ｍｍ,個,岐阜,11,28700,31700,3000,10.45,6a34b3f6abc3c6c9,06983ad41e02a4ac,124,124
管路材・ダクト（電気）,防火区画貫通措置材（床用）,ＴＡＦＹＬ ９００×２００ｍｍ,個,岐阜,11,32300,35700,3400,10.53,52e9b02aa41d462b,e51bfc78c5843302,124,124
管路材・ダクト（電気）,防火区画貫通措置材（床用）,ＴＡＦＹＬ １０００×２００ｍｍ,個,岐阜,11,35500,39300,3800,10.7,207b14cb6bd0016f,23938dc517f7bcbb,124,124
管路材・ダクト（電気）,防火区画貫通措置材（床用）,ＴＡＦＹＬ １１００×２００ｍｍ,個,岐阜,11,38000,42100,4100,10.79,10ea273f4e4dba0e,4fba89f775a00a34,124,124
管路材・ダクト（電気）,防火区画貫通措置材（床用）,ＴＡＦＹＬ １２００×２００ｍｍ,個,岐阜,11,41100,45600,4500,10.95,080cbd5a9754f085,71efc6c2f40d13db,124,124
管路材・ダクト（電気）,ＦＲＰ管,ＦＲＰ ５０ｍｍ,m,岐阜,11,3110,3530,420,13.5,967cda264df067c9,0cfabc3a166d7631,124,124
管路材・ダクト（電気）,ＦＲＰ管,ＦＲＰ ７５ｍｍ,m,岐阜,11,6580,8810,2230,33.89,e03411a7b74dd9c4,e9d3bbe0a0a8d86f,124,124
管路材・ダクト（電気）,ＦＲＰ管,ＦＲＰ １００ｍｍ,m,岐阜,11,7170,9120,1950,27.2,0229cfb124cb9334,2578bcd9c5316425,124,124
管路材・ダクト（電気）,ＦＲＰ管,ＦＲＰ １５０ｍｍ,m,岐阜,11,8100,10200,2100,25.93,54d9fe8ba0a5d5ac,c617394e97167384,124,124
管路材・ダクト（電気）,ＦＲＰ用付属品,中間継手 ５０ｍｍ,組,岐阜,11,4750,5510,760,16.0,084b5bba870312ab,e39ceda365986d26,124,124
管路材・ダクト（電気）,ＦＲＰ用付属品,中間継手 ７５ｍｍ,組,岐阜,11,6080,7310,1230,20.23,f00c26b3aaf3ff23,768de73cdda58b52,124,124
管路材・ダクト（電気）,ＦＲＰ用付属品,中間継手 １００ｍｍ,組,岐阜,11,11500,13800,2300,20.0,3364f0165303e107,2f2a55738c4c0132,124,124
管路材・ダクト（電気）,ＦＲＰ用付属品,中間継手 １５０ｍｍ,組,岐阜,11,13300,15900,2600,19.55,f4e85cb8a68f85ab,8d0c2ad2dee9ecac,124,124
管路材・ダクト（電気）,ＦＲＰ用付属品,伸縮継手 ５０ｍｍ,組,岐阜,11,5790,6650,860,14.85,935713e10b1d6c4e,c2150b9e6bf4035d,124,124
管路材・ダクト（電気）,ＦＲＰ用付属品,伸縮継手 ７５ｍｍ,組,岐阜,11,6460,7790,1330,20.59,3dce309da2769637,1813f4b3effc06e6,124,124
管路材・ダクト（電気）,ＦＲＰ用付属品,伸縮継手 １００ｍｍ,組,岐阜,11,9970,11900,1930,19.36,3ffaa89c00183c7b,5a35f9ad76f543c5,124,124
管路材・ダクト（電気）,ＦＲＰ用付属品,伸縮継手 １５０ｍｍ,組,岐阜,11,12100,14600,2500,20.66,1fccd1b788294acd,73e8fbf8609842d7,124,124
管路材・ダクト（電気）,防火区画貫通措置材（床用）,ＴＡＦＹＬ ５００×２００ｍｍ,個,三重,12,20100,22300,2200,10.95,7c0adf946d98533f,c3097f8007f46791,124,124
管路材・ダクト（電気）,防火区画貫通措置材（床用）,ＴＡＦＹＬ ６００×２００ｍｍ,個,三重,12,22700,25200,2500,11.01,8d1f11252c81a151,7d1fd20b14638e2c,124,124
管路材・ダクト（電気）,防火区画貫通措置材（床用）,ＴＡＦＹＬ ７００×２００ｍｍ,個,三重,12,25600,28300,2700,10.55,2dffaac2c7f210e2,750c769514e06841,124,124
管路材・ダクト（電気）,防火区画貫通措置材（床用）,ＴＡＦＹＬ ８００×２００ｍｍ,個,三重,12,28700,31700,3000,10.45,55f09b81a14b7263,6f5fdb37274ab15e,124,124
管路材・ダクト（電気）,防火区画貫通措置材（床用）,ＴＡＦＹＬ ９００×２００ｍｍ,個,三重,12,32300,35700,3400,10.53,06878baf2437d89c,5681523a294437e9,124,124
管路材・ダクト（電気）,防火区画貫通措置材（床用）,ＴＡＦＹＬ １０００×２００ｍｍ,個,三重,12,35500,39300,3800,10.7,edbaa182f6d44b51,2dfa08d9fa1a680e,124,124
管路材・ダクト（電気）,防火区画貫通措置材（床用）,ＴＡＦＹＬ １１００×２００ｍｍ,個,三重,12,38000,42100,4100,10.79,ed8dd08ada0f997c,6654235da884f45a,124,124
管路材・ダクト（電気）,防火区画貫通措置材（床用）,ＴＡＦＹＬ １２００×２００ｍｍ,個,三重,12,41100,45600,4500,10.95,8c9141a6728f5696,87d01255db337fbf,124,124
管路材・ダクト（電気）,ＦＲＰ管,ＦＲＰ ５０ｍｍ,m,三重,12,3110,3530,420,13.5,dfa477d87310674a,4c70221c87af2319,124,124
管路材・ダクト（電気）,ＦＲＰ管,ＦＲＰ ７５ｍｍ,m,三重,12,6580,8810,2230,33.89,6ac6a425207ae2cc,d4412cce04f60a70,124,124
管路材・ダクト（電気）,ＦＲＰ管,ＦＲＰ １００ｍｍ,m,三重,12,7170,9120,1950,27.2,1f85efed98a564e7,53d1026913a813c8,124,124
管路材・ダクト（電気）,ＦＲＰ管,ＦＲＰ １５０ｍｍ,m,三重,12,8100,10200,2100,25.93,8ee62030d223bfc9,1a447db835c616b2,124,124
管路材・ダクト（電気）,ＦＲＰ用付属品,中間継手 ５０ｍｍ,組,三重,12,4750,5510,760,16.0,13f4cb469a67ac4f,50b6ec577e16cb59,124,124
管路材・ダクト（電気）,ＦＲＰ用付属品,中間継手 ７５ｍｍ,組,三重,12,6080,7310,1230,20.23,c706277d4fc7dfc2,55902d706c054e40,124,124
管路材・ダクト（電気）,ＦＲＰ用付属品,中間継手 １００ｍｍ,組,三重,12,11500,13800,2300,20.0,6be1d75f1ba365ac,8fea40c87cf63f37,124,124
管路材・ダクト（電気）,ＦＲＰ用付属品,中間継手 １５０ｍｍ,組,三重,12,13300,15900,2600,19.55,5bff6e2f8f3a2447,ed52c2eefc5777f0,124,124
管路材・ダクト（電気）,ＦＲＰ用付属品,伸縮継手 ５０ｍｍ,組,三重,12,5790,6650,860,14.85,e5a1385380d47345,eb55fd0168bda7ba,124,124
管路材・ダクト（電気）,ＦＲＰ用付属品,伸縮継手 ７５ｍｍ,組,三重,12,6460,7790,1330,20.59,d890419bcf84fbc7,a511deb6953e1e81,124,124
管路材・ダクト（電気）,ＦＲＰ用付属品,伸縮継手 １００ｍｍ,組,三重,12,9970,11900,1930,19.36,2ca358c38eb4b470,3ed0d20a4f14894f,124,124
管路材・ダクト（電気）,ＦＲＰ用付属品,伸縮継手 １５０ｍｍ,組,三重,12,12100,14600,2500,20.66,424c628302c44097,bbbffba3e66247e9,124,124
照明器具,結線ボックス,単独用,個,福井,01,7500,10000,2500,33.33,022df05cfe8d5c2e,ec644939dda4a3b1,125,125
照明器具,結線ボックス,連続用,個,福井,01,10100,13000,2900,28.71,b1d81d913871a214,7a9199730644f3b7,125,125
照明器具,照明器具（坑内照明用）,鋼板版、40W相当、LED、防湿・防雨型,台,福井,01,29900,,,,d19cc0cd221aa39c,6bdd809cce02ae6e,125,125
照明器具,結線ボックス,単独用,個,滋賀,02,7500,10000,2500,33.33,8107f96c2624504e,6f36ca81147438c1,125,125
照明器具,結線ボックス,連続用,個,滋賀,02,10100,13000,2900,28.71,eb0260cbb44468a7,30143e0e00b3de31,125,125
照明器具,照明器具（坑内照明用）,鋼板版、40W相当、LED、防湿・防雨型,台,滋賀,02,29900,,,,0a512d2660dcaef4,a024385353914ae3,125,125
照明器具,結線ボックス,単独用,個,京都北部,03,7500,10000,2500,33.33,19ccedcf82d267d9,9db60172327fe778,125,125
照明器具,結線ボックス,連続用,個,京都北部,03,10100,13000,2900,28.71,56e545d8baad2dca,1cf0cc371d053d59,125,125
照明器具,照明器具（坑内照明用）,鋼板版、40W相当、LED、防湿・防雨型,台,京都北部,03,29900,,,,b944fa6658ca28c7,dc0af27366e00608,125,125
照明器具,結線ボックス,単独用,個,京都南部,04,7500,10000,2500,33.33,8fd25864b0114b8d,c2b87e14d61c1cc7,125,125
照明器具,結線ボックス,連続用,個,京都南部,04,10100,13000,2900,28.71,45f46c0973d9eec9,b60b89ab56b6d522,125,125
照明器具,照明器具（坑内照明用）,鋼板版、40W相当、LED、防湿・防雨型,台,京都南部,04,29900,,,,34a76b5902f5258e,593da15641327113,125,125
照明器具,結線ボックス,単独用,個,大阪,05,7500,10000,2500,33.33,c8198f827007f203,ab8e1d9dd3de80e3,125,125
照明器具,結線ボックス,連続用,個,大阪,05,10100,13000,2900,28.71,796035047c7acbaa,ba34c4f7ea2d03c3,125,125
照明器具,照明器具（坑内照明用）,鋼板版、40W相当、LED、防湿・防雨型,台,大阪,05,29900,,,,862c6d26e04e3278,5ff736c92014713d,125,125
照明器具,結線ボックス,単独用,個,兵庫北部,06,7500,10000,2500,33.33,9484baab3d6941a7,665d141f245d56b7,125,125
照明器具,結線ボックス,連続用,個,兵庫北部,06,10100,13000,2900,28.71,9a6a868d307ff45c,f229508ada5a0a40,125,125
照明器具,照明器具（坑内照明用）,鋼板版、40W相当、LED、防湿・防雨型,台,兵庫北部,06,29900,,,,62369c177a484830,59040ca67b3ee746,125,125
照明器具,結線ボックス,単独用,個,兵庫西部,07,7500,10000,2500,33.33,1d9fa36719d3e64d,f381596a6f06dd66,125,125
照明器具,結線ボックス,連続用,個,兵庫西部,07,10100,13000,2900,28.71,ad9428a215f8fe98,3f4705cfd41dc84f,125,125
照明器具,照明器具（坑内照明用）,鋼板版、40W相当、LED、防湿・防雨型,台,兵庫西部,07,29900,,,,b3efe5104b57bf8b,e45cf2a87d1eec81,125,125
照明器具,結線ボックス,単独用,個,兵庫,08,7500,10000,2500,33.33,58e3769b24378c20,937f4db75e193492,125,125
照明器具,結線ボックス,連続用,個,兵庫,08,10100,13000,2900,28.71,c4ef752f19981556,dd894f8b3cc84a30,125,125
照明器具,照明器具（坑内照明用）,鋼板版、40W相当、LED、防湿・防雨型,台,兵庫,08,29900,,,,4b17d89cf47e0bfe,9fb70895c24a45a1,125,125
照明器具,結線ボックス,単独用,個,奈良,09,7500,10000,2500,33.33,25a14131fcab6d5a,b225896d859dd81f,125,125
照明器具,結線ボックス,連続用,個,奈良,09,10100,13000,2900,28.71,10be82f12223bdde,6be1dededb3fd345,125,125
照明器具,照明器具（坑内照明用）,鋼板版、40W相当、LED、防湿・防雨型,台,奈良,09,29900,,,,fdb4f77346dc2a08,90d21513f4aef24f,125,125
照明器具,結線ボックス,単独用,個,和歌山,10,7500,10000,2500,33.33,6403d1a382840b9b,2af9aed79f23037e,125,125
照明器具,結線ボックス,連続用,個,和歌山,10,10100,13000,2900,28.71,38841cb477cff5de,1f72228037ebc42f,125,125
照明器具,照明器具（坑内照明用）,鋼板版、40W相当、LED、防湿・防雨型,台,和歌山,10,29900,,,,4671d06bdcdb130f,957d50c826406c4a,125,125
照明器具,結線ボックス,単独用,個,岐阜,11,7500,10000,2500,33.33,a7068a06df775f46,0fddcaf470c2555c,125,125
照明器具,結線ボックス,連続用,個,岐阜,11,10100,13000,2900,28.71,c0c66e372576719d,745bfd43cb7a4f36,125,125
照明器具,照明器具（坑内照明用）,鋼板版、40W相当、LED、防湿・防雨型,台,岐阜,11,29900,,,,319462a84cb59913,d2370842c1712dd9,125,125
照明器具,結線ボックス,単独用,個,三重,12,7500,10000,2500,33.33,2ab5a1d08307baa4,ce73f5229b6db7ad,125,125
照明器具,結線ボックス,連続用,個,三重,12,10100,13000,2900,28.71,cf521089e3c1ce3e,78167100bea5560e,125,125
照明器具,照明器具（坑内照明用）,鋼板版、40W相当、LED、防湿・防雨型,台,三重,12,29900,,,,a193beaed1a3a6eb,a163cc87c43f4f44,125,125
照明器具,照明器具グローブ,ＫＳＣ－４,個,福井,01,13700,,,,9526dab336505dc3,05825e6bcfaa2227,126,126
照明器具,丸テーパー直線型ポール,メッキ ベース式 ８ｍ ２灯用,本,福井,01,315000,346000,31000,9.84,696d47c980304c53,c18bec801cfbfe8c,126,126
照明器具,丸テーパー直線型ポール,メッキ ベース式 １０ｍ ２灯用,本,福井,01,356000,392000,36000,10.11,df7c30551864baf9,cd0d4126526aef26,126,126
照明器具,丸テーパー直線型ポール,メッキ ベース式 １２ｍ ２灯用,本,福井,01,417000,460000,43000,10.31,63927f0c5f46bce7,da10177785b37acf,126,126
照明器具,丸テーパー直線型ポール,メッキ 埋込式 ８ｍ ２灯用,本,福井,01,293000,319000,26000,8.87,5d5728b8f720954d,d6b1f6e30e8ecfb4,126,126
照明器具,丸テーパー直線型ポール,メッキ 埋込式 １０ｍ ２灯用,本,福井,01,339000,370000,31000,9.14,4d93611a68e1423f,81aff0ad6aebce83,126,126
照明器具,丸テーパー直線型ポール,メッキ 埋込式 １２ｍ ２灯用,本,福井,01,460000,503000,43000,9.35,eb5fe4894e2c48d8,20da4d92c2b5d2d5,126,126
照明器具,照明器具グローブ,ＫＳＣ－４,個,滋賀,02,13700,,,,df76c1efcdf2ad30,7068112cd46be4a9,126,126
照明器具,丸テーパー直線型ポール,メッキ ベース式 ８ｍ ２灯用,本,滋賀,02,315000,346000,31000,9.84,d86ef3fb6b110df7,f10b26589d856986,126,126
照明器具,丸テーパー直線型ポール,メッキ ベース式 １０ｍ ２灯用,本,滋賀,02,356000,392000,36000,10.11,572fbaf6292b0d5a,d645c85b608b474c,126,126
照明器具,丸テーパー直線型ポール,メッキ ベース式 １２ｍ ２灯用,本,滋賀,02,417000,460000,43000,10.31,5ae16c957cebb562,a8bd9aa6951b0981,126,126
照明器具,丸テーパー直線型ポール,メッキ 埋込式 ８ｍ ２灯用,本,滋賀,02,293000,319000,26000,8.87,b210901cb08b0393,f69b82ae7f514539,126,126
照明器具,丸テーパー直線型ポール,メッキ 埋込式 １０ｍ ２灯用,本,滋賀,02,339000,370000,31000,9.14,88da1a601a13ad77,7823219c0bce7506,126,126
照明器具,丸テーパー直線型ポール,メッキ 埋込式 １２ｍ ２灯用,本,滋賀,02,460000,503000,43000,9.35,20684ae868c11204,a643588756b8cd6e,126,126
照明器具,照明器具グローブ,ＫＳＣ－４,個,京都北部,03,13700,,,,c4d5e13128cd8d5a,2db69e8da4abf0d7,126,126
照明器具,丸テーパー直線型ポール,メッキ ベース式 ８ｍ ２灯用,本,京都北部,03,315000,346000,31000,9.84,42d9342d622d608a,dd4338778168dc03,126,126
照明器具,丸テーパー直線型ポール,メッキ ベース式 １０ｍ ２灯用,本,京都北部,03,356000,392000,36000,10.11,91b1ad2f156bf15e,8f7869ff91961669,126,126
照明器具,丸テーパー直線型ポール,メッキ ベース式 １２ｍ ２灯用,本,京都北部,03,417000,460000,43000,10.31,bb3ae3b0ea6c7d19,8b86b0cabe06557f,126,126
照明器具,丸テーパー直線型ポール,メッキ 埋込式 ８ｍ ２灯用,本,京都北部,03,293000,319000,26000,8.87,853c68e87606aae9,7da351f7b59ced40,126,126
照明器具,丸テーパー直線型ポール,メッキ 埋込式 １０ｍ ２灯用,本,京都北部,03,339000,370000,31000,9.14,77414fd1b88fde9f,76144285fea8b914,126,126
照明器具,丸テーパー直線型ポール,メッキ 埋込式 １２ｍ ２灯用,本,京都北部,03,460000,503000,43000,9.35,7c5cb240012bdc3b,d5a4d2ef7fdb30df,126,126
照明器具,照明器具グローブ,ＫＳＣ－４,個,京都南部,04,13700,,,,d73840ab05acc135,0dd2fcdb72cc7e40,126,126
照明器具,丸テーパー直線型ポール,メッキ ベース式 ８ｍ ２灯用,本,京都南部,04,315000,346000,31000,9.84,ad59566cd44541e1,e5a8f1ea067115fb,126,126
照明器具,丸テーパー直線型ポール,メッキ ベース式 １０ｍ ２灯用,本,京都南部,04,356000,392000,36000,10.11,20e8c44f3aee4f3c,c85f26367454a6b8,126,126
照明器具,丸テーパー直線型ポール,メッキ ベース式 １２ｍ ２灯用,本,京都南部,04,417000,460000,43000,10.31,2a24af358d26b1d9,88f73cd258a3e139,126,126
照明器具,丸テーパー直線型ポール,メッキ 埋込式 ８ｍ ２灯用,本,京都南部,04,293000,319000,26000,8.87,2b59c38f81fb971f,45131fa6b297276c,126,126
照明器具,丸テーパー直線型ポール,メッキ 埋込式 １０ｍ ２灯用,本,京都南部,04,339000,370000,31000,9.14,7bd8340fac1cfaff,5550b140ab16fb00,126,126
照明器具,丸テーパー直線型ポール,メッキ 埋込式 １２ｍ ２灯用,本,京都南部,04,460000,503000,43000,9.35,85128aaef25a45ee,9742d6584a895e1b,126,126
照明器具,照明器具グローブ,ＫＳＣ－４,個,大阪,05,13700,,,,ef0d0a977216f1c2,a8d554a4a31d8b3c,126,126
照明器具,丸テーパー直線型ポール,メッキ ベース式 ８ｍ ２灯用,本,大阪,05,315000,346000,31000,9.84,d8feb6f77fe0dd04,814757c48772cd6a,126,126
照明器具,丸テーパー直線型ポール,メッキ ベース式 １０ｍ ２灯用,本,大阪,05,356000,392000,36000,10.11,55e4b040a1726d2a,ef1470775fd9af23,126,126
照明器具,丸テーパー直線型ポール,メッキ ベース式 １２ｍ ２灯用,本,大阪,05,417000,460000,43000,10.31,915de31524060dd6,eab2f46795b343ac,126,126
照明器具,丸テーパー直線型ポール,メッキ 埋込式 ８ｍ ２灯用,本,大阪,05,293000,319000,26000,8.87,20b6598fcd247d86,34b45dc82c0c448e,126,126
照明器具,丸テーパー直線型ポール,メッキ 埋込式 １０ｍ ２灯用,本,大阪,05,339000,370000,31000,9.14,b67e01167b9bafc5,a925a937151d61af,126,126
照明器具,丸テーパー直線型ポール,メッキ 埋込式 １２ｍ ２灯用,本,大阪,05,460000,503000,43000,9.35,f6e35cca09e3fdc3,44fcd05522378985,126,126
照明器具,照明器具グローブ,ＫＳＣ－４,個,兵庫北部,06,13700,,,,c319a3097bb9b3c8,6adc28effa70829f,126,126
照明器具,丸テーパー直線型ポール,メッキ ベース式 ８ｍ ２灯用,本,兵庫北部,06,315000,346000,31000,9.84,ef6920da93cecebc,fb75f2c4deaa8c2c,126,126
照明器具,丸テーパー直線型ポール,メッキ ベース式 １０ｍ ２灯用,本,兵庫北部,06,356000,392000,36000,10.11,0903f9800638e1f5,a50ad630ac047e62,126,126
照明器具,丸テーパー直線型ポール,メッキ ベース式 １２ｍ ２灯用,本,兵庫北部,06,417000,460000,43000,10.31,61a19ee225ed515e,da42b8fb677d7c2f,126,126
照明器具,丸テーパー直線型ポール,メッキ 埋込式 ８ｍ ２灯用,本,兵庫北部,06,293000,319000,26000,8.87,9f4990d8cfaa2858,34bd15f236800da4,126,126
照明器具,丸テーパー直線型ポール,メッキ 埋込式 １０ｍ ２灯用,本,兵庫北部,06,339000,370000,31000,9.14,f27f6bd954ad3ab2,4de7574031998322,126,126
照明器具,丸テーパー直線型ポール,メッキ 埋込式 １２ｍ ２灯用,本,兵庫北部,06,460000,503000,43000,9.35,4bc1cf6621232455,61c6af17bb1f96b4,126,126
照明器具,照明器具グローブ,ＫＳＣ－４,個,兵庫西部,07,13700,,,,8cc8a7f40dfb9c91,942bb3f87222603a,126,126
照明器具,丸テーパー直線型ポール,メッキ ベース式 ８ｍ ２灯用,本,兵庫西部,07,315000,346000,31000,9.84,f625c3a32363efeb,dc4f0d053fd3e33f,126,126
照明器具,丸テーパー直線型ポール,メッキ ベース式 １０ｍ ２灯用,本,兵庫西部,07,356000,392000,36000,10.11,1600716d9b88a615,575dd46f02cce769,126,126
照明器具,丸テーパー直線型ポール,メッキ ベース式 １２ｍ ２灯用,本,兵庫西部,07,417000,460000,43000,10.31,fe9b0a236168d262,aa93f1a3d19da790,126,126
照明器具,丸テーパー直線型ポール,メッキ 埋込式 ８ｍ ２灯用,本,兵庫西部,07,293000,319000,26000,8.87,20cff162cc756371,507b149c3b5c6731,126,126
照明器具,丸テーパー直線型ポール,メッキ 埋込式 １０ｍ ２灯用,本,兵庫西部,07,339000,370000,31000,9.14,6702bfb69a71d5fd,757ddd6b16879a2e,126,126
照明器具,丸テーパー直線型ポール,メッキ 埋込式 １２ｍ ２灯用,本,兵庫西部,07,460000,503000,43000,9.35,328de9afb648d221,307e9269e3e0d8f8,126,126
照明器具,照明器具グローブ,ＫＳＣ－４,個,兵庫,08,13700,,,,c6e97a562cd24e77,0789671824a4cae5,126,126
照明器具,丸テーパー直線型ポール,メッキ ベース式 ８ｍ ２灯用,本,兵庫,08,315000,346000,31000,9.84,0ecc3222409967e7,de8abcf36ffa07d8,126,126
照明器具,丸テーパー直線型ポール,メッキ ベース式 １０ｍ ２灯用,本,兵庫,08,356000,392000,36000,10.11,08f1141987ea2b39,ffc899d05156c8e2,126,126
照明器具,丸テーパー直線型ポール,メッキ ベース式 １２ｍ ２灯用,本,兵庫,08,417000,460000,43000,10.31,c28aaed69a1f3409,23c151c2d10c1c9d,126,126
照明器具,丸テーパー直線型ポール,メッキ 埋込式 ８ｍ ２灯用,本,兵庫,08,293000,319000,26000,8.87,cf021a1017383743,83a4a1970d69698a,126,126
照明器具,丸テーパー直線型ポール,メッキ 埋込式 １０ｍ ２灯用,本,兵庫,08,339000,370000,31000,9.14,fca1b847377a473f,fa55d76a61bede9e,126,126
照明器具,丸テーパー直線型ポール,メッキ 埋込式 １２ｍ ２灯用,本,兵庫,08,460000,503000,43000,9.35,78b898847f145255,9666f3296e65e94d,126,126
照明器具,照明器具グローブ,ＫＳＣ－４,個,奈良,09,13700,,,,920273c87bae58cb,d6b86a4c9d638583,126,126
照明器具,丸テーパー直線型ポール,メッキ ベース式 ８ｍ ２灯用,本,奈良,09,315000,346000,31000,9.84,fe9bb2b2b2242acc,356b332c8dba2fee,126,126
照明器具,丸テーパー直線型ポール,メッキ ベース式 １０ｍ ２灯用,本,奈良,09,356000,392000,36000,10.11,f0d9a39eec158feb,e6ae73aee4b537e6,126,126
照明器具,丸テーパー直線型ポール,メッキ ベース式 １２ｍ ２灯用,本,奈良,09,417000,460000,43000,10.31,f0d5ef6639e37ecf,bba19c9d3e2c0ffc,126,126
照明器具,丸テーパー直線型ポール,メッキ 埋込式 ８ｍ ２灯用,本,奈良,09,293000,319000,26000,8.87,2a0955f8f822b6ea,e4a3d8bc7ef9e98c,126,126
照明器具,丸テーパー直線型ポール,メッキ 埋込式 １０ｍ ２灯用,本,奈良,09,339000,370000,31000,9.14,d12cf763a235f080,cb4dc3d706276a2e,126,126
照明器具,丸テーパー直線型ポール,メッキ 埋込式 １２ｍ ２灯用,本,奈良,09,460000,503000,43000,9.35,5141de1fa01e1d7a,f8fd506cd25fec9d,126,126
照明器具,照明器具グローブ,ＫＳＣ－４,個,和歌山,10,13700,,,,6ed26407c6af44b5,9e263cc334a3cfed,126,126
照明器具,丸テーパー直線型ポール,メッキ ベース式 ８ｍ ２灯用,本,和歌山,10,315000,346000,31000,9.84,298aa86b513075d3,602ebe9018488375,126,126
照明器具,丸テーパー直線型ポール,メッキ ベース式 １０ｍ ２灯用,本,和歌山,10,356000,392000,36000,10.11,cd6665a4c926358a,5e857e83c3ed2c94,126,126
照明器具,丸テーパー直線型ポール,メッキ ベース式 １２ｍ ２灯用,本,和歌山,10,417000,460000,43000,10.31,e3151d935e96b421,d1d939625af5df93,126,126
照明器具,丸テーパー直線型ポール,メッキ 埋込式 ８ｍ ２灯用,本,和歌山,10,293000,319000,26000,8.87,f9b69e1b27874bea,16ba8f45b9b50afc,126,126
照明器具,丸テーパー直線型ポール,メッキ 埋込式 １０ｍ ２灯用,本,和歌山,10,339000,370000,31000,9.14,e4642f35538e23ec,d5ccfc46fd0845b4,126,126
照明器具,丸テーパー直線型ポール,メッキ 埋込式 １２ｍ ２灯用,本,和歌山,10,460000,503000,43000,9.35,58db55fbb87f220a,c1d2bfc3de2c4297,126,126
照明器具,照明器具グローブ,ＫＳＣ－４,個,岐阜,11,13700,,,,5bac56776c25aa9b,1830fae840caaa64,126,126
照明器具,丸テーパー直線型ポール,メッキ ベース式 ８ｍ ２灯用,本,岐阜,11,315000,346000,31000,9.84,fb5cb007e677fcb9,485e0c83a8dae1eb,126,126
照明器具,丸テーパー直線型ポール,メッキ ベース式 １０ｍ ２灯用,本,岐阜,11,356000,392000,36000,10.11,db75a04168bb47b2,e49991173e6a2f23,126,126
照明器具,丸テーパー直線型ポール,メッキ ベース式 １２ｍ ２灯用,本,岐阜,11,417000,460000,43000,10.31,10cad7980909e188,824b171d0cf12fd7,126,126
照明器具,丸テーパー直線型ポール,メッキ 埋込式 ８ｍ ２灯用,本,岐阜,11,293000,319000,26000,8.87,c605ff8d993c296e,15e7d7a7fb3cbb1f,126,126
照明器具,丸テーパー直線型ポール,メッキ 埋込式 １０ｍ ２灯用,本,岐阜,11,339000,370000,31000,9.14,a1f61b7dbfed8a67,49e8bbce9c20b987,126,126
照明器具,丸テーパー直線型ポール,メッキ 埋込式 １２ｍ ２灯用,本,岐阜,11,460000,503000,43000,9.35,302a6a243da4d4b3,5e33f12f8b97162d,126,126
照明器具,照明器具グローブ,ＫＳＣ－４,個,三重,12,13700,,,,0a029e7ba77f9f1b,65fcf1b6ae2678f6,126,126
照明器具,丸テーパー直線型ポール,メッキ ベース式 ８ｍ ２灯用,本,三重,12,315000,346000,31000,9.84,99ad5822749bd0b4,94565a53c1fd1bc4,126,126
照明器具,丸テーパー直線型ポール,メッキ ベース式 １０ｍ ２灯用,本,三重,12,356000,392000,36000,10.11,8c0dd517ef0041f0,fd4a41b974b0da74,126,126
照明器具,丸テーパー直線型ポール,メッキ ベース式 １２ｍ ２灯用,本,三重,12,417000,460000,43000,10.31,3df91f065bff668f,fcea2a08618063b5,126,126
照明器具,丸テーパー直線型ポール,メッキ 埋込式 ８ｍ ２灯用,本,三重,12,293000,319000,26000,8.87,b43b633955f6dad4,0964b7e800edd9a2,126,126
照明器具,丸テーパー直線型ポール,メッキ 埋込式 １０ｍ ２灯用,本,三重,12,339000,370000,31000,9.14,e0b864ae13ffdc32,da4893ce02b81596,126,126
照明器具,丸テーパー直線型ポール,メッキ 埋込式 １２ｍ ２灯用,本,三重,12,460000,503000,43000,9.35,46848d45f7e03e97,ec20a5f72d14cae5,126,126
照明器具,ポール内ジョイントユニット,１灯用単独（コネクタ付）,個,福井,01,7500,10000,2500,33.33,0363290d985f371a,c8721f49c589fc13,127,127
照明器具,ポール内ジョイントユニット,１灯用単独（コネクタ付）,個,滋賀,02,7500,10000,2500,33.33,d030da19e6a00f5c,bb3b7dc20fb01138,127,127
照明器具,ポール内ジョイントユニット,１灯用単独（コネクタ付）,個,京都北部,03,7500,10000,2500,33.33,4478817c98ceb99b,b9a26214d82bf2b7,127,127
照明器具,ポール内ジョイントユニット,１灯用単独（コネクタ付）,個,京都南部,04,7500,10000,2500,33.33,34854aa4b2befc2c,b58502b574bbcdad,127,127
照明器具,ポール内ジョイントユニット,１灯用単独（コネクタ付）,個,大阪,05,7500,10000,2500,33.33,715b809f2b9be2e9,dd919447f1aaedd7,127,127
照明器具,ポール内ジョイントユニット,１灯用単独（コネクタ付）,個,兵庫北部,06,7500,10000,2500,33.33,8298c64c40543b48,d5a4ea37270e7abf,127,127
照明器具,ポール内ジョイントユニット,１灯用単独（コネクタ付）,個,兵庫西部,07,7500,10000,2500,33.33,d952a8e1c45c088e,c7fd664afdd2e556,127,127
照明器具,ポール内ジョイントユニット,１灯用単独（コネクタ付）,個,兵庫,08,7500,10000,2500,33.33,d9069f0077498178,e29857906b67a641,127,127
照明器具,ポール内ジョイントユニット,１灯用単独（コネクタ付）,個,奈良,09,7500,10000,2500,33.33,4304dc2de9af3202,dc3d90c781797b87,127,127
照明器具,ポール内ジョイントユニット,１灯用単独（コネクタ付）,個,和歌山,10,7500,10000,2500,33.33,a6f1eae30a7253e0,4284f03c4bea3150,127,127
照明器具,ポール内ジョイントユニット,１灯用単独（コネクタ付）,個,岐阜,11,7500,10000,2500,33.33,93d28ea3066b98ff,39fcf7bbc6d34702,127,127
照明器具,ポール内ジョイントユニット,１灯用単独（コネクタ付）,個,三重,12,7500,10000,2500,33.33,6b41604d65f2e543,94c6fd685593ef22,127,127
通信器具,可とう導波管（方形）,６５７０～６８７０ＭＨＺ帯用,m,福井,01,8610,9640,1030,11.96,44666c87fba3f836,a628b8856b5cba45,131,131
通信器具,可とう導波管（方形）,１２．２～１２．４４ＧＨＺ帯用,m,福井,01,8080,9050,970,12.0,11f38612177d30f4,712507b7efb1e8eb,131,131
通信器具,変換接栓,７Ｇ方形（ダ円）－短形変換用,個,福井,01,125000,140000,15000,12.0,01ccf9191eba4f10,7a00242a844e468e,131,131
通信器具,変換接栓,１２Ｇ方形（ダ円）－短形変換用,個,福井,01,114000,127000,13000,11.4,5868bb2f63107eb6,5240c827b991d1b2,131,131
通信器具,壁貫通金具,７ＧＨＺ帯用,個,福井,01,16300,18300,2000,12.27,fef97661c73dcb08,0b5c063e04056ca5,131,131
通信器具,壁貫通金具,１２ＧＨＺ帯用,個,福井,01,16300,18300,2000,12.27,b9c7e93285b56bf3,406417c2f9b0702d,131,131
通信器具,導波管固定金具,７ＧＨＺ帯用（方形・ダ円）,個,福井,01,4530,5080,550,12.14,0fb8fdb2c75efb42,e87d734ea9bac7c9,131,131
通信器具,導波管固定金具,１２ＧＨＺ帯用（方形・ダ円）,個,福井,01,4080,4560,480,11.76,60a1f94dc72a81e0,6a717b1c72641cd5,131,131
通信器具,導波管用アース金具,７ＧＨＺ帯用（方形・ダ円）,個,福井,01,18600,20900,2300,12.37,b416ae53a6f4eb88,bee5be185d33a04f,131,131
通信器具,導波管フランジ,ＷＲＪ－７用（ＪＩＳ）非気密形,個,福井,01,12900,14500,1600,12.4,a353d8d616948f1c,db08f79e98eb3470,131,131
通信器具,導波管フランジ,ＷＲＪ－７用（ＪＩＳ）気密形,個,福井,01,13200,14800,1600,12.12,abbd927adfc10f1d,fec88349ff6c11be,131,131
通信器具,導波管フランジ,ＷＲＪ－１０用ＪＩＳ非気密形,個,福井,01,11800,13200,1400,11.86,a8df25fac9c9dce0,a9e24ef52644f345,131,131
通信器具,可とう導波管（方形）,６５７０～６８７０ＭＨＺ帯用,m,滋賀,02,8610,9640,1030,11.96,9c2c1c76e8ce10f9,f94fe83bc1b2528e,131,131
通信器具,可とう導波管（方形）,１２．２～１２．４４ＧＨＺ帯用,m,滋賀,02,8080,9050,970,12.0,a04d8bfdea89bf24,6f2468314fa2ddce,131,131
通信器具,変換接栓,７Ｇ方形（ダ円）－短形変換用,個,滋賀,02,125000,140000,15000,12.0,630a597014802f06,c14817d57fffcb0e,131,131
通信器具,変換接栓,１２Ｇ方形（ダ円）－短形変換用,個,滋賀,02,114000,127000,13000,11.4,32217f31b89a962c,9ce8d3c38a04d073,131,131
通信器具,壁貫通金具,７ＧＨＺ帯用,個,滋賀,02,16300,18300,2000,12.27,c00b0bf4afbcb17f,19a18fd69e96720b,131,131
通信器具,壁貫通金具,１２ＧＨＺ帯用,個,滋賀,02,16300,18300,2000,12.27,45823ac4db54135b,b5adc0cf317dbb44,131,131
通信器具,導波管固定金具,７ＧＨＺ帯用（方形・ダ円）,個,滋賀,02,4530,5080,550,12.14,df4c2a76ec5a0033,29a28aaab0cbad91,131,131
通信器具,導波管固定金具,１２ＧＨＺ帯用（方形・ダ円）,個,滋賀,02,4080,4560,480,11.76,18d439f7de00941e,f8c7c825cef75e83,131,131
通信器具,導波管用アース金具,７ＧＨＺ帯用（方形・ダ円）,個,滋賀,02,18600,20900,2300,12.37,8cb0b8772b5d18fe,f01b6e916ad155f1,131,131
通信器具,導波管フランジ,ＷＲＪ－７用（ＪＩＳ）非気密形,個,滋賀,02,12900,14500,1600,12.4,73c629969929bb73,bebfcd6062271e32,131,131
通信器具,導波管フランジ,ＷＲＪ－７用（ＪＩＳ）気密形,個,滋賀,02,13200,14800,1600,12.12,da1670e4826dd855,be194cfb87982515,131,131
通信器具,導波管フランジ,ＷＲＪ－１０用ＪＩＳ非気密形,個,滋賀,02,11800,13200,1400,11.86,d818bf39d1c344eb,db3d81ca708b949b,131,131
通信器具,可とう導波管（方形）,６５７０～６８７０ＭＨＺ帯用,m,京都北部,03,8610,9640,1030,11.96,4e83200ebe8c2451,a882f863d4afa404,131,131
通信器具,可とう導波管（方形）,１２．２～１２．４４ＧＨＺ帯用,m,京都北部,03,8080,9050,970,12.0,abf84c9ba7e54bbd,1322b73f052fb68f,131,131
通信器具,変換接栓,７Ｇ方形（ダ円）－短形変換用,個,京都北部,03,125000,140000,15000,12.0,7accf35d69f9de31,c126926d3e9e40b8,131,131
通信器具,変換接栓,１２Ｇ方形（ダ円）－短形変換用,個,京都北部,03,114000,127000,13000,11.4,cd77e45dbbddbc17,c86134d8e59f1c6e,131,131
通信器具,壁貫通金具,７ＧＨＺ帯用,個,京都北部,03,16300,18300,2000,12.27,21754e0962bd01eb,e8ba9a56f649b482,131,131
通信器具,壁貫通金具,１２ＧＨＺ帯用,個,京都北部,03,16300,18300,2000,12.27,a0ecfcdd173e538c,f29b01906a7375b8,131,131
通信器具,導波管固定金具,７ＧＨＺ帯用（方形・ダ円）,個,京都北部,03,4530,5080,550,12.14,7a60d152560af9ba,12696fbe1d530925,131,131
通信器具,導波管固定金具,１２ＧＨＺ帯用（方形・ダ円）,個,京都北部,03,4080,4560,480,11.76,239d8145d81b2db3,600fe02d07d096c9,131,131
通信器具,導波管用アース金具,７ＧＨＺ帯用（方形・ダ円）,個,京都北部,03,18600,20900,2300,12.37,fe489594c4e0c8a4,0316065e9a6ebfd1,131,131
通信器具,導波管フランジ,ＷＲＪ－７用（ＪＩＳ）非気密形,個,京都北部,03,12900,14500,1600,12.4,7e6c65bb1bd87b45,174030168c98ec3c,131,131
通信器具,導波管フランジ,ＷＲＪ－７用（ＪＩＳ）気密形,個,京都北部,03,13200,14800,1600,12.12,57f2d3799513452e,0ef0a8df895911b6,131,131
通信器具,導波管フランジ,ＷＲＪ－１０用ＪＩＳ非気密形,個,京都北部,03,11800,13200,1400,11.86,31c1830561bd542e,a4e170f8c055f1dc,131,131
通信器具,可とう導波管（方形）,６５７０～６８７０ＭＨＺ帯用,m,京都南部,04,8610,9640,1030,11.96,4dfa231176f4808d,4d8488a57c23fdee,131,131
通信器具,可とう導波管（方形）,１２．２～１２．４４ＧＨＺ帯用,m,京都南部,04,8080,9050,970,12.0,d3fc1463c5ac3390,8c855f1c2fb9031c,131,131
通信器具,変換接栓,７Ｇ方形（ダ円）－短形変換用,個,京都南部,04,125000,140000,15000,12.0,315eedb706e665c0,f24b58210bd578fe,131,131
通信器具,変換接栓,１２Ｇ方形（ダ円）－短形変換用,個,京都南部,04,114000,127000,13000,11.4,de64b6ae447c3e83,dab8c4393bff7ce4,131,131
通信器具,壁貫通金具,７ＧＨＺ帯用,個,京都南部,04,16300,18300,2000,12.27,8722196c20fcc357,78cc6e8684a105a4,131,131
通信器具,壁貫通金具,１２ＧＨＺ帯用,個,京都南部,04,16300,18300,2000,12.27,bf45f3316a5ffcc1,1c6bbc49d9829384,131,131
通信器具,導波管固定金具,７ＧＨＺ帯用（方形・ダ円）,個,京都南部,04,4530,5080,550,12.14,32b6c0e455603063,074bbfa02f2a58b0,131,131
通信器具,導波管固定金具,１２ＧＨＺ帯用（方形・ダ円）,個,京都南部,04,4080,4560,480,11.76,ebbf55368ca5bf3c,f11ccd8538864d8c,131,131
通信器具,導波管用アース金具,７ＧＨＺ帯用（方形・ダ円）,個,京都南部,04,18600,20900,2300,12.37,3acbb6a37d4d1dd5,c0014bcf3b8eff4b,131,131
通信器具,導波管フランジ,ＷＲＪ－７用（ＪＩＳ）非気密形,個,京都南部,04,12900,14500,1600,12.4,5ed03a1bf96e418e,67a43fb84a7a7acd,131,131
通信器具,導波管フランジ,ＷＲＪ－７用（ＪＩＳ）気密形,個,京都南部,04,13200,14800,1600,12.12,4e8c28a2c1ea37c4,8d2dbf281b205b17,131,131
通信器具,導波管フランジ,ＷＲＪ－１０用ＪＩＳ非気密形,個,京都南部,04,11800,13200,1400,11.86,c60a1bdd27939ee4,5bb706613ff6d4f5,131,131
通信器具,可とう導波管（方形）,６５７０～６８７０ＭＨＺ帯用,m,大阪,05,8610,9640,1030,11.96,0210d167c727eadd,7fc46da12e34f89f,131,131
通信器具,可とう導波管（方形）,１２．２～１２．４４ＧＨＺ帯用,m,大阪,05,8080,9050,970,12.0,0f1c5355c188c879,a063d115300e24f0,131,131
通信器具,変換接栓,７Ｇ方形（ダ円）－短形変換用,個,大阪,05,125000,140000,15000,12.0,c2418b9ec50a4f64,6c0578401aaacdb1,131,131
通信器具,変換接栓,１２Ｇ方形（ダ円）－短形変換用,個,大阪,05,114000,127000,13000,11.4,0dd92d7bfe7bc4d8,80560bfc434a3f85,131,131
通信器具,壁貫通金具,７ＧＨＺ帯用,個,大阪,05,16300,18300,2000,12.27,5a6fb96afc180f4f,b911efaefdc8746d,131,131
通信器具,壁貫通金具,１２ＧＨＺ帯用,個,大阪,05,16300,18300,2000,12.27,599e573b542a14ba,7a40bc4d9efbf972,131,131
通信器具,導波管固定金具,７ＧＨＺ帯用（方形・ダ円）,個,大阪,05,4530,5080,550,12.14,1c027cf794db15fb,445d1bbbf96b9bfb,131,131
通信器具,導波管固定金具,１２ＧＨＺ帯用（方形・ダ円）,個,大阪,05,4080,4560,480,11.76,1e7c194add99469f,e264878a3873b924,131,131
通信器具,導波管用アース金具,７ＧＨＺ帯用（方形・ダ円）,個,大阪,05,18600,20900,2300,12.37,d59eb03af2cd13fd,9e88386975e47701,131,131
通信器具,導波管フランジ,ＷＲＪ－７用（ＪＩＳ）非気密形,個,大阪,05,12900,14500,1600,12.4,7ccfb76e17dc78a0,7b42814ca36ff913,131,131
通信器具,導波管フランジ,ＷＲＪ－７用（ＪＩＳ）気密形,個,大阪,05,13200,14800,1600,12.12,956a515e6b9f4356,f6b18d9978c6eb15,131,131
通信器具,導波管フランジ,ＷＲＪ－１０用ＪＩＳ非気密形,個,大阪,05,11800,13200,1400,11.86,a75a70f3b5d8d08c,92582f790ccc6b83,131,131
通信器具,可とう導波管（方形）,６５７０～６８７０ＭＨＺ帯用,m,兵庫北部,06,8610,9640,1030,11.96,752417519959a281,ca4f92cf758b0ced,131,131
通信器具,可とう導波管（方形）,１２．２～１２．４４ＧＨＺ帯用,m,兵庫北部,06,8080,9050,970,12.0,6c894835a0c4fc11,ea88ba62f15db7c3,131,131
通信器具,変換接栓,７Ｇ方形（ダ円）－短形変換用,個,兵庫北部,06,125000,140000,15000,12.0,4be5df0eccc3ec9e,0faeea65d11edc2a,131,131
通信器具,変換接栓,１２Ｇ方形（ダ円）－短形変換用,個,兵庫北部,06,114000,127000,13000,11.4,ab458b1e32624e5d,b3757740089546c2,131,131
通信器具,壁貫通金具,７ＧＨＺ帯用,個,兵庫北部,06,16300,18300,2000,12.27,796cd8f30969a970,7f37bdf524a8d564,131,131
通信器具,壁貫通金具,１２ＧＨＺ帯用,個,兵庫北部,06,16300,18300,2000,12.27,f5cb0062360cd0d5,53250c869840be78,131,131
通信器具,導波管固定金具,７ＧＨＺ帯用（方形・ダ円）,個,兵庫北部,06,4530,5080,550,12.14,46f82bfdb077c03e,42c33421b0d2079c,131,131
通信器具,導波管固定金具,１２ＧＨＺ帯用（方形・ダ円）,個,兵庫北部,06,4080,4560,480,11.76,cbf234de6c3d9ad5,4fd81aeefc5835ba,131,131
通信器具,導波管用アース金具,７ＧＨＺ帯用（方形・ダ円）,個,兵庫北部,06,18600,20900,2300,12.37,69e45b551dc6eb87,895367295ca14c22,131,131
通信器具,導波管フランジ,ＷＲＪ－７用（ＪＩＳ）非気密形,個,兵庫北部,06,12900,14500,1600,12.4,642a1966ac206141,bcd83e33f66cdad1,131,131
通信器具,導波管フランジ,ＷＲＪ－７用（ＪＩＳ）気密形,個,兵庫北部,06,13200,14800,1600,12.12,ca450354c535e813,79b53f6f2675c9a4,131,131
通信器具,導波管フランジ,ＷＲＪ－１０用ＪＩＳ非気密形,個,兵庫北部,06,11800,13200,1400,11.86,398ef005233fc640,7b33d70986292f5c,131,131
通信器具,可とう導波管（方形）,６５７０～６８７０ＭＨＺ帯用,m,兵庫西部,07,8610,9640,1030,11.96,4b7a85da175a3d78,789ca8ae4d3aa970,131,131
通信器具,可とう導波管（方形）,１２．２～１２．４４ＧＨＺ帯用,m,兵庫西部,07,8080,9050,970,12.0,20c6d926420c0b3a,db4534d2f7e0472f,131,131
通信器具,変換接栓,７Ｇ方形（ダ円）－短形変換用,個,兵庫西部,07,125000,140000,15000,12.0,3ffeeb57e0cb1595,ced045d215113c3c,131,131
通信器具,変換接栓,１２Ｇ方形（ダ円）－短形変換用,個,兵庫西部,07,114000,127000,13000,11.4,305801aec6bb9246,6253fa5d3c2541f3,131,131
通信器具,壁貫通金具,７ＧＨＺ帯用,個,兵庫西部,07,16300,18300,2000,12.27,176076675e9b262c,e9ec6dbe508e35c4,131,131
通信器具,壁貫通金具,１２ＧＨＺ帯用,個,兵庫西部,07,16300,18300,2000,12.27,9586a7a380d09dd9,345c22ee5d185660,131,131
通信器具,導波管固定金具,７ＧＨＺ帯用（方形・ダ円）,個,兵庫西部,07,4530,5080,550,12.14,384bcdc10a068225,97095bc51cc09073,131,131
通信器具,導波管固定金具,１２ＧＨＺ帯用（方形・ダ円）,個,兵庫西部,07,4080,4560,480,11.76,4d3618f09fc5fe33,7c6a95d57f69c9e7,131,131
通信器具,導波管用アース金具,７ＧＨＺ帯用（方形・ダ円）,個,兵庫西部,07,18600,20900,2300,12.37,c72fff94732b1916,51a3738c5608e214,131,131
通信器具,導波管フランジ,ＷＲＪ－７用（ＪＩＳ）非気密形,個,兵庫西部,07,12900,14500,1600,12.4,da2b8a9d515989d7,9695cd88c432c01e,131,131
通信器具,導波管フランジ,ＷＲＪ－７用（ＪＩＳ）気密形,個,兵庫西部,07,13200,14800,1600,12.12,65a0ac470a77f29f,e4c377c83e840600,131,131
通信器具,導波管フランジ,ＷＲＪ－１０用ＪＩＳ非気密形,個,兵庫西部,07,11800,13200,1400,11.86,a33d85c24075a4d0,99effa8a8c26538e,131,131
通信器具,可とう導波管（方形）,６５７０～６８７０ＭＨＺ帯用,m,兵庫,08,8610,9640,1030,11.96,4f407830e7561154,bf3fcf82972bee2c,131,131
通信器具,可とう導波管（方形）,１２．２～１２．４４ＧＨＺ帯用,m,兵庫,08,8080,9050,970,12.0,54d784b82ea7fc1c,36ac6b39376a43d2,131,131
通信器具,変換接栓,７Ｇ方形（ダ円）－短形変換用,個,兵庫,08,125000,140000,15000,12.0,10be70242b2de586,e3da6b0950af5d81,131,131
通信器具,変換接栓,１２Ｇ方形（ダ円）－短形変換用,個,兵庫,08,114000,127000,13000,11.4,b1e03a1467fd3a48,3d5f06d2e6536320,131,131
通信器具,壁貫通金具,７ＧＨＺ帯用,個,兵庫,08,16300,18300,2000,12.27,77c2837f0f0ae4ca,99393839a44ddbb1,131,131
通信器具,壁貫通金具,１２ＧＨＺ帯用,個,兵庫,08,16300,18300,2000,12.27,10c132c557f53ff4,4b96615f6012bea4,131,131
通信器具,導波管固定金具,７ＧＨＺ帯用（方形・ダ円）,個,兵庫,08,4530,5080,550,12.14,8cd6650d724c6398,b4f0fcd7e183fe1f,131,131
通信器具,導波管固定金具,１２ＧＨＺ帯用（方形・ダ円）,個,兵庫,08,4080,4560,480,11.76,efe5da6ca8a3398b,c0e126835954a32e,131,131
通信器具,導波管用アース金具,７ＧＨＺ帯用（方形・ダ円）,個,兵庫,08,18600,20900,2300,12.37,2318b2abafd696e3,fa2ce20df6244130,131,131
通信器具,導波管フランジ,ＷＲＪ－７用（ＪＩＳ）非気密形,個,兵庫,08,12900,14500,1600,12.4,6d7106f214086277,6829b23fe12f10f8,131,131
通信器具,導波管フランジ,ＷＲＪ－７用（ＪＩＳ）気密形,個,兵庫,08,13200,14800,1600,12.12,dd8d71907c43a8ec,09a4efb6e996d5fa,131,131
通信器具,導波管フランジ,ＷＲＪ－１０用ＪＩＳ非気密形,個,兵庫,08,11800,13200,1400,11.86,bda6915b806bc718,56c3f471474d5dbd,131,131
通信器具,可とう導波管（方形）,６５７０～６８７０ＭＨＺ帯用,m,奈良,09,8610,9640,1030,11.96,ff271110dfa125cf,8f5ad15f5936e27c,131,131
通信器具,可とう導波管（方形）,１２．２～１２．４４ＧＨＺ帯用,m,奈良,09,8080,9050,970,12.0,35ffb0d9087aab21,64f463a7c10090e7,131,131
通信器具,変換接栓,７Ｇ方形（ダ円）－短形変換用,個,奈良,09,125000,140000,15000,12.0,384732c7e322b475,8f9b055f08a0e0c6,131,131
通信器具,変換接栓,１２Ｇ方形（ダ円）－短形変換用,個,奈良,09,114000,127000,13000,11.4,ec997740a46778d5,944ce7aa040f3789,131,131
通信器具,壁貫通金具,７ＧＨＺ帯用,個,奈良,09,16300,18300,2000,12.27,45c37e7cd7d30e28,6ec40a04305ecf1b,131,131
通信器具,壁貫通金具,１２ＧＨＺ帯用,個,奈良,09,16300,18300,2000,12.27,66e5106155779d7c,4e8500037161b1cf,131,131
通信器具,導波管固定金具,７ＧＨＺ帯用（方形・ダ円）,個,奈良,09,4530,5080,550,12.14,3fe067098ef4fb57,d0764b31d86dbbc5,131,131
通信器具,導波管固定金具,１２ＧＨＺ帯用（方形・ダ円）,個,奈良,09,4080,4560,480,11.76,66ba1774ea4a2a15,dfd269e8529c0a4d,131,131
通信器具,導波管用アース金具,７ＧＨＺ帯用（方形・ダ円）,個,奈良,09,18600,20900,2300,12.37,83fbc2f7e420c124,dd9f7c22daaca588,131,131
通信器具,導波管フランジ,ＷＲＪ－７用（ＪＩＳ）非気密形,個,奈良,09,12900,14500,1600,12.4,bc9e5e0a5914bc62,7e3118f4b12c755b,131,131
通信器具,導波管フランジ,ＷＲＪ－７用（ＪＩＳ）気密形,個,奈良,09,13200,14800,1600,12.12,a29f921236795397,6b0fef7fe2d0a0e0,131,131
通信器具,導波管フランジ,ＷＲＪ－１０用ＪＩＳ非気密形,個,奈良,09,11800,13200,1400,11.86,58cb1b0b0a094902,43fae3add94c73db,131,131
通信器具,可とう導波管（方形）,６５７０～６８７０ＭＨＺ帯用,m,和歌山,10,8610,9640,1030,11.96,cbcc72fe99c7ed38,7270157198bf53a0,131,131
通信器具,可とう導波管（方形）,１２．２～１２．４４ＧＨＺ帯用,m,和歌山,10,8080,9050,970,12.0,b06b920cd032909b,7f547beda76826e5,131,131
通信器具,変換接栓,７Ｇ方形（ダ円）－短形変換用,個,和歌山,10,125000,140000,15000,12.0,8eb1fc7a4e242821,69f9b9dc10bd55f8,131,131
通信器具,変換接栓,１２Ｇ方形（ダ円）－短形変換用,個,和歌山,10,114000,127000,13000,11.4,b75a7d95a7dfb08d,fc348a4953993854,131,131
通信器具,壁貫通金具,７ＧＨＺ帯用,個,和歌山,10,16300,18300,2000,12.27,bf15b5848092fb65,c174ea86c6d96f73,131,131
通信器具,壁貫通金具,１２ＧＨＺ帯用,個,和歌山,10,16300,18300,2000,12.27,6de94c35b79f2d4f,6b92e50606c0d6c1,131,131
通信器具,導波管固定金具,７ＧＨＺ帯用（方形・ダ円）,個,和歌山,10,4530,5080,550,12.14,eb0251e6d57c7484,5532b45f9f76a2a9,131,131
通信器具,導波管固定金具,１２ＧＨＺ帯用（方形・ダ円）,個,和歌山,10,4080,4560,480,11.76,5f3e2209535be7f0,3b2da22fd80aee6d,131,131
通信器具,導波管用アース金具,７ＧＨＺ帯用（方形・ダ円）,個,和歌山,10,18600,20900,2300,12.37,9a39973d1e844d6c,3c340400552223ae,131,131
通信器具,導波管フランジ,ＷＲＪ－７用（ＪＩＳ）非気密形,個,和歌山,10,12900,14500,1600,12.4,1f70d8f119401fc2,641ffffe81ba5ef9,131,131
通信器具,導波管フランジ,ＷＲＪ－７用（ＪＩＳ）気密形,個,和歌山,10,13200,14800,1600,12.12,294e4596bbbfc704,b5804cfff5755f75,131,131
通信器具,導波管フランジ,ＷＲＪ－１０用ＪＩＳ非気密形,個,和歌山,10,11800,13200,1400,11.86,39be38d08752503f,ce2e3c1a3c0b707f,131,131
通信器具,可とう導波管（方形）,６５７０～６８７０ＭＨＺ帯用,m,岐阜,11,8610,9640,1030,11.96,ce11cceafc8e11eb,0074ad59bd195793,131,131
通信器具,可とう導波管（方形）,１２．２～１２．４４ＧＨＺ帯用,m,岐阜,11,8080,9050,970,12.0,66c083aa6e90c30d,e55b2fae9adfe393,131,131
通信器具,変換接栓,７Ｇ方形（ダ円）－短形変換用,個,岐阜,11,125000,140000,15000,12.0,80fa476a17b24be7,e372f18bb9140cd7,131,131
通信器具,変換接栓,１２Ｇ方形（ダ円）－短形変換用,個,岐阜,11,114000,127000,13000,11.4,3c0c264a49c7668a,6c702a6ea7dfb1da,131,131
通信器具,壁貫通金具,７ＧＨＺ帯用,個,岐阜,11,16300,18300,2000,12.27,de740ebcbba9f407,20f9b1a8cb2dcda2,131,131
通信器具,壁貫通金具,１２ＧＨＺ帯用,個,岐阜,11,16300,18300,2000,12.27,69425f654793343d,3834e5b236924ead,131,131
通信器具,導波管固定金具,７ＧＨＺ帯用（方形・ダ円）,個,岐阜,11,4530,5080,550,12.14,629fbdcbfce472e9,c7cb490235939d75,131,131
通信器具,導波管固定金具,１２ＧＨＺ帯用（方形・ダ円）,個,岐阜,11,4080,4560,480,11.76,18c2d49dc480333d,88ab5c34afbe09be,131,131
通信器具,導波管用アース金具,７ＧＨＺ帯用（方形・ダ円）,個,岐阜,11,18600,20900,2300,12.37,bf79e51b3d62005a,5351555aca8dfd0e,131,131
通信器具,導波管フランジ,ＷＲＪ－７用（ＪＩＳ）非気密形,個,岐阜,11,12900,14500,1600,12.4,f1de9aa4073cdb75,79062e0b4119e910,131,131
通信器具,導波管フランジ,ＷＲＪ－７用（ＪＩＳ）気密形,個,岐阜,11,13200,14800,1600,12.12,4aa4a9070c874cee,d76e0dbe11df25af,131,131
通信器具,導波管フランジ,ＷＲＪ－１０用ＪＩＳ非気密形,個,岐阜,11,11800,13200,1400,11.86,7337eb9cd705513a,55b97e03243155b9,131,131
通信器具,可とう導波管（方形）,６５７０～６８７０ＭＨＺ帯用,m,三重,12,8610,9640,1030,11.96,80e0cfaac9f764e2,2cb14c8abc0f76b0,131,131
通信器具,可とう導波管（方形）,１２．２～１２．４４ＧＨＺ帯用,m,三重,12,8080,9050,970,12.0,dd8c2fd348fbb809,c92c3e2c657c0980,131,131
通信器具,変換接栓,７Ｇ方形（ダ円）－短形変換用,個,三重,12,125000,140000,15000,12.0,eb457d08c3f51577,acbbf46be8da70e8,131,131
通信器具,変換接栓,１２Ｇ方形（ダ円）－短形変換用,個,三重,12,114000,127000,13000,11.4,a594cbdf9b8c4c98,aa37c130d828d014,131,131
通信器具,壁貫通金具,７ＧＨＺ帯用,個,三重,12,16300,18300,2000,12.27,e8c2f5a0396153de,b40b5b86b85dc3f4,131,131
通信器具,壁貫通金具,１２ＧＨＺ帯用,個,三重,12,16300,18300,2000,12.27,112c37ee809d7d4c,0cf13cf993c0ca96,131,131
通信器具,導波管固定金具,７ＧＨＺ帯用（方形・ダ円）,個,三重,12,4530,5080,550,12.14,021bafc44e25cdc6,d065ce3eb7df867f,131,131
通信器具,導波管固定金具,１２ＧＨＺ帯用（方形・ダ円）,個,三重,12,4080,4560,480,11.76,8d76c6a6db2a7eee,97f93dc71f5a7d9a,131,131
通信器具,導波管用アース金具,７ＧＨＺ帯用（方形・ダ円）,個,三重,12,18600,20900,2300,12.37,2dfb5a542e249f7d,ac6174c2cc21ccfa,131,131
通信器具,導波管フランジ,ＷＲＪ－７用（ＪＩＳ）非気密形,個,三重,12,12900,14500,1600,12.4,b1d18f622b0e16a9,2f76f41bd2be52e9,131,131
通信器具,導波管フランジ,ＷＲＪ－７用（ＪＩＳ）気密形,個,三重,12,13200,14800,1600,12.12,c842cd9930d3c0fc,ecb6b0152b2fbf65,131,131
通信器具,導波管フランジ,ＷＲＪ－１０用ＪＩＳ非気密形,個,三重,12,11800,13200,1400,11.86,82b7346957ec7450,06502d2081a99398,131,131
通信器具,導波管フランジ,ＷＲＪ－１０用（ＪＩＳ）気密形,個,福井,01,12100,13600,1500,12.4,395c74cf3bdff08c,3472ed24b344b667,132,132
通信器具,導波管フランジ,ＷＲＪ－１２０用ＣＥＳ非気密形,個,福井,01,17100,19100,2000,11.7,3ad1c3fa5437e5c3,eeeef09f8327a0f6,132,132
通信器具,導波管フランジ,ＷＲＪ－１２０用ＣＥＳ気密形,個,福井,01,20200,22700,2500,12.38,87ca2a6fcb917dbf,31e7837eb6e469a3,132,132
通信器具,短形導波管,ＷＲＪ－７（ＪＩＳ規格）,m,福井,01,58800,65900,7100,12.07,a83504fa150be9da,638b153cd30fa388,132,132
通信器具,短形導波管,ＷＲＪ－１０（ＪＩＳ規格）,m,福井,01,57900,64800,6900,11.92,84c7b9787ec6e19d,8d6ba52d31807f0a,132,132
通信器具,短形導波管,ＷＲＪ－１２０（ＣＥＳ規格）,m,福井,01,67300,75300,8000,11.89,7fb9b284dedecb7d,6390d31ff5730aad,132,132
通信器具,矩形導波管用気密導波管,ＷＲＪ－７適合品、６．５ＧＨｚ帯用,個,福井,01,153000,172000,19000,12.42,626a668dd365378d,a9b158b65700ea1b,132,132
通信器具,矩形導波管用気密導波管,ＷＲＪ－１０適合品,個,福井,01,235000,264000,29000,12.34,e398d93dbb708bf9,b0359172f8252890,132,132
通信器具,矩形導波管用気密導波管,ＷＲＪ－１２０適合品,個,福井,01,235000,264000,29000,12.34,4eb8134923fdd15d,66903cac72eb147e,132,132
通信器具,矩形導波管用気密導波管,ＷＲＪ－７適合品、７．５ＧＨｚ帯用,個,福井,01,153000,172000,19000,12.42,bd160bc6e13bc5cd,e95e07d09106ba56,132,132
通信器具,テーパ導波管,ＷＲＪ－１０～１２０変換用,本,福井,01,267000,299000,32000,11.99,476dae7dc3a018b8,dee59f30bb894e77,132,132
通信器具,ねじれ導波管,ＷＲＪ－７用 ９０゜ねじれ,本,福井,01,163000,183000,20000,12.27,b27ee192cedd6842,a21e12b7a15f7915,132,132
通信器具,ねじれ導波管,ＷＲＪ－１０用 ９０゜ねじれ,本,福井,01,87000,97500,10500,12.07,c0afb4941c659648,0f2692b5e321f90a,132,132
通信器具,ねじれ導波管,ＷＲＪ－１２０用 ９０゜ねじれ,本,福井,01,139000,155000,16000,11.51,68a008d5fac17046,725e157fd4a5928e,132,132
通信器具,耐震用フレキシブル導波管,ＷＲＪ－７用,個,福井,01,230000,258000,28000,12.17,c58013d9b4713c61,06e78b3b739601b2,132,132
通信器具,耐震用フレキシブル導波管,ＷＲＪ－１０用,個,福井,01,220000,247000,27000,12.27,ece5f14ab4098109,b49fa872a4ba5b26,132,132
通信器具,耐震用フレキシブル導波管,ＷＲＪ－１２０用,個,福井,01,290000,324000,34000,11.72,e6d6ffd80ed2cd3b,40ec4557bf0c9592,132,132
通信器具,矩形導波管用ツイスト導波管,ＷＲＪ－７用,個,福井,01,163000,183000,20000,12.27,175be779170a83af,472834c1693e4822,132,132
通信器具,矩形導波管用ツイスト導波管,ＷＲＪ－１０用,個,福井,01,87000,97500,10500,12.07,872f1796f7e9d71f,e805b73eee2f011f,132,132
通信器具,矩形導波管用ツイスト導波管,ＷＲＪ－１２０用,個,福井,01,139000,155000,16000,11.51,825c44963b2323a2,868a2c6ec80f5b3d,132,132
通信器具,楕円導波管,６．５ＧＨｚ帯用,m,福井,01,8610,9640,1030,11.96,9cbbdde7a6dfac49,6a516188e3bdd8f6,132,132
通信器具,楕円導波管,７．５ＧＨｚ帯用,m,福井,01,8610,9640,1030,11.96,993edeb1c12dca25,62f2c8a204a2fe8b,132,132
通信器具,楕円導波管,１２ＧＨｚ帯用,m,福井,01,8080,9050,970,12.0,af3f4734659d836b,0574f3ba7694ecf7,132,132
通信器具,矩形導波管用フランジ,ＰＲＪ－７用,個,福井,01,13200,14800,1600,12.12,a78a21d74d4816af,7526753a85721e33,132,132
通信器具,矩形導波管用フランジ,ＢＲＪ－７用,個,福井,01,12900,14500,1600,12.4,1d1bca3037ff59d8,083b7b96130794d2,132,132
通信器具,導波管フランジ,ＷＲＪ－１０用（ＪＩＳ）気密形,個,滋賀,02,12100,13600,1500,12.4,2fc8b9a725fddd01,b16a4711e11e3bb7,132,132
通信器具,導波管フランジ,ＷＲＪ－１２０用ＣＥＳ非気密形,個,滋賀,02,17100,19100,2000,11.7,fdde67adc772c85b,1e44bc6641bd40d5,132,132
通信器具,導波管フランジ,ＷＲＪ－１２０用ＣＥＳ気密形,個,滋賀,02,20200,22700,2500,12.38,1dcb999225300d93,4bca9537986b9f67,132,132
通信器具,短形導波管,ＷＲＪ－７（ＪＩＳ規格）,m,滋賀,02,58800,65900,7100,12.07,04df4cdf693247b7,f00e4732427494a0,132,132
通信器具,短形導波管,ＷＲＪ－１０（ＪＩＳ規格）,m,滋賀,02,57900,64800,6900,11.92,e685ed32c74a1b12,87de19b7b0717246,132,132
通信器具,短形導波管,ＷＲＪ－１２０（ＣＥＳ規格）,m,滋賀,02,67300,75300,8000,11.89,c48be06c9365b777,d1328ee2054ddb1c,132,132
通信器具,矩形導波管用気密導波管,ＷＲＪ－７適合品、６．５ＧＨｚ帯用,個,滋賀,02,153000,172000,19000,12.42,00b395f77fde5d3c,e0044a41e25b5696,132,132
通信器具,矩形導波管用気密導波管,ＷＲＪ－１０適合品,個,滋賀,02,235000,264000,29000,12.34,ee4333d68e4188dc,fe359a0bbb4f03a1,132,132
通信器具,矩形導波管用気密導波管,ＷＲＪ－１２０適合品,個,滋賀,02,235000,264000,29000,12.34,9a2b4b1b00072512,9512af91a9443e55,132,132
通信器具,矩形導波管用気密導波管,ＷＲＪ－７適合品、７．５ＧＨｚ帯用,個,滋賀,02,153000,172000,19000,12.42,91af886c4ee0eb36,fd8551337d5aa51d,132,132
通信器具,テーパ導波管,ＷＲＪ－１０～１２０変換用,本,滋賀,02,267000,299000,32000,11.99,fdea7fe53a20c2ca,87032981bbbb3c44,132,132
通信器具,ねじれ導波管,ＷＲＪ－７用 ９０゜ねじれ,本,滋賀,02,163000,183000,20000,12.27,d89b9d944237f683,364dc0b059c9a412,132,132
通信器具,ねじれ導波管,ＷＲＪ－１０用 ９０゜ねじれ,本,滋賀,02,87000,97500,10500,12.07,89450dfb6afd3936,20ffcb61029c11b8,132,132
通信器具,ねじれ導波管,ＷＲＪ－１２０用 ９０゜ねじれ,本,滋賀,02,139000,155000,16000,11.51,425a461a059af572,15179d0b548608dc,132,132
通信器具,耐震用フレキシブル導波管,ＷＲＪ－７用,個,滋賀,02,230000,258000,28000,12.17,eab718fce42dd19e,7d50e9037c59c29d,132,132
通信器具,耐震用フレキシブル導波管,ＷＲＪ－１０用,個,滋賀,02,220000,247000,27000,12.27,ada841fe644e615d,c61c3343e7aaff84,132,132
通信器具,耐震用フレキシブル導波管,ＷＲＪ－１２０用,個,滋賀,02,290000,324000,34000,11.72,4b090b3673a9b6b1,0a5fffb074f6c29a,132,132
通信器具,矩形導波管用ツイスト導波管,ＷＲＪ－７用,個,滋賀,02,163000,183000,20000,12.27,785cbf439d844d05,50d523d2728f5c5b,132,132
通信器具,矩形導波管用ツイスト導波管,ＷＲＪ－１０用,個,滋賀,02,87000,97500,10500,12.07,a3f2bc7650daf870,7640e12e1a08b3ca,132,132
通信器具,矩形導波管用ツイスト導波管,ＷＲＪ－１２０用,個,滋賀,02,139000,155000,16000,11.51,3892d02d9c54f031,8c85dd58795a85e3,132,132
通信器具,楕円導波管,６．５ＧＨｚ帯用,m,滋賀,02,8610,9640,1030,11.96,a12c733e9ce6890f,1122d8ffeac835b6,132,132
通信器具,楕円導波管,７．５ＧＨｚ帯用,m,滋賀,02,8610,9640,1030,11.96,65ba4989d2910492,08444d0fd4047687,132,132
通信器具,楕円導波管,１２ＧＨｚ帯用,m,滋賀,02,8080,9050,970,12.0,ed8b26be138c94d5,c13c7b2309dca4c9,132,132
通信器具,矩形導波管用フランジ,ＰＲＪ－７用,個,滋賀,02,13200,14800,1600,12.12,bc1aea86a4f7a150,60a8476be77396d8,132,132
通信器具,矩形導波管用フランジ,ＢＲＪ－７用,個,滋賀,02,12900,14500,1600,12.4,8a50a9bd6d084239,52bd842b0566fd34,132,132
通信器具,導波管フランジ,ＷＲＪ－１０用（ＪＩＳ）気密形,個,京都北部,03,12100,13600,1500,12.4,2f3a17e85375ba77,3ad4a9260da3c1c4,132,132
通信器具,導波管フランジ,ＷＲＪ－１２０用ＣＥＳ非気密形,個,京都北部,03,17100,19100,2000,11.7,04f2aa9711ba46c5,91b85655db8e9440,132,132
通信器具,導波管フランジ,ＷＲＪ－１２０用ＣＥＳ気密形,個,京都北部,03,20200,22700,2500,12.38,ee98e3b299e4536d,f360eebc0c2ced25,132,132
通信器具,短形導波管,ＷＲＪ－７（ＪＩＳ規格）,m,京都北部,03,58800,65900,7100,12.07,d79a6c092c957ebb,d3d44b34d33565a7,132,132
通信器具,短形導波管,ＷＲＪ－１０（ＪＩＳ規格）,m,京都北部,03,57900,64800,6900,11.92,5bfdb55a03e369a8,dca4b063411ef262,132,132
通信器具,短形導波管,ＷＲＪ－１２０（ＣＥＳ規格）,m,京都北部,03,67300,75300,8000,11.89,2ad809f574cf2b5f,772bb5e5ec536437,132,132
通信器具,矩形導波管用気密導波管,ＷＲＪ－７適合品、６．５ＧＨｚ帯用,個,京都北部,03,153000,172000,19000,12.42,b15ef403dcc02329,7091347191d5feff,132,132
通信器具,矩形導波管用気密導波管,ＷＲＪ－１０適合品,個,京都北部,03,235000,264000,29000,12.34,a3013fad2d549dd7,58c644f7ffe014d8,132,132
通信器具,矩形導波管用気密導波管,ＷＲＪ－１２０適合品,個,京都北部,03,235000,264000,29000,12.34,4bfd0b36a0b64433,e1077dfa5fa8d5b0,132,132
通信器具,矩形導波管用気密導波管,ＷＲＪ－７適合品、７．５ＧＨｚ帯用,個,京都北部,03,153000,172000,19000,12.42,e28ca19c5debb0d6,e33cbf94e46b1ac7,132,132
通信器具,テーパ導波管,ＷＲＪ－１０～１２０変換用,本,京都北部,03,267000,299000,32000,11.99,2ae088f02ff8cba3,5c2586b6bd57e15f,132,132
通信器具,ねじれ導波管,ＷＲＪ－７用 ９０゜ねじれ,本,京都北部,03,163000,183000,20000,12.27,101fe61ea984c5ac,48c749f46df33b45,132,132
通信器具,ねじれ導波管,ＷＲＪ－１０用 ９０゜ねじれ,本,京都北部,03,87000,97500,10500,12.07,9c09da6c58745097,5a4bcd3e1bf1046d,132,132
通信器具,ねじれ導波管,ＷＲＪ－１２０用 ９０゜ねじれ,本,京都北部,03,139000,155000,16000,11.51,8b4f3155cfa26e44,23401b38fecd222f,132,132
通信器具,耐震用フレキシブル導波管,ＷＲＪ－７用,個,京都北部,03,230000,258000,28000,12.17,4f1532609975a47b,8785d8eff8e700bc,132,132
通信器具,耐震用フレキシブル導波管,ＷＲＪ－１０用,個,京都北部,03,220000,247000,27000,12.27,1a2076e81f359f11,7d9d8cd9740498a7,132,132
通信器具,耐震用フレキシブル導波管,ＷＲＪ－１２０用,個,京都北部,03,290000,324000,34000,11.72,23a2abe4aabc5c5a,9706cc00610a4386,132,132
通信器具,矩形導波管用ツイスト導波管,ＷＲＪ－７用,個,京都北部,03,163000,183000,20000,12.27,6ad7535aba34c322,8bb8ce4a8b0a1956,132,132
通信器具,矩形導波管用ツイスト導波管,ＷＲＪ－１０用,個,京都北部,03,87000,97500,10500,12.07,aa8a58959d4f2b15,ed2daf1516d11e7e,132,132
通信器具,矩形導波管用ツイスト導波管,ＷＲＪ－１２０用,個,京都北部,03,139000,155000,16000,11.51,58cf69453cb13c9d,432df2fc801ce9cd,132,132
通信器具,楕円導波管,６．５ＧＨｚ帯用,m,京都北部,03,8610,9640,1030,11.96,397d85ad8c3cf586,b07291062188ae7f,132,132
通信器具,楕円導波管,７．５ＧＨｚ帯用,m,京都北部,03,8610,9640,1030,11.96,e7563fb3fad3414b,addd26cdbe5f3d15,132,132
通信器具,楕円導波管,１２ＧＨｚ帯用,m,京都北部,03,8080,9050,970,12.0,6bcf022046cb1b6f,f6b1281467646f1b,132,132
通信器具,矩形導波管用フランジ,ＰＲＪ－７用,個,京都北部,03,13200,14800,1600,12.12,73a19983190ee0b0,07ce20eb3917deec,132,132
通信器具,矩形導波管用フランジ,ＢＲＪ－７用,個,京都北部,03,12900,14500,1600,12.4,d139d1f167235750,3bbeabe67e9f928d,132,132
通信器具,導波管フランジ,ＷＲＪ－１０用（ＪＩＳ）気密形,個,京都南部,04,12100,13600,1500,12.4,e9a8a77de0797896,1c4a4e86f97b3117,132,132
通信器具,導波管フランジ,ＷＲＪ－１２０用ＣＥＳ非気密形,個,京都南部,04,17100,19100,2000,11.7,5fd8b024b30ed1ad,ded25845dc04f5b7,132,132
通信器具,導波管フランジ,ＷＲＪ－１２０用ＣＥＳ気密形,個,京都南部,04,20200,22700,2500,12.38,eed5ce94fa18fed4,bfd2188ffd1d6d90,132,132
通信器具,短形導波管,ＷＲＪ－７（ＪＩＳ規格）,m,京都南部,04,58800,65900,7100,12.07,59f37b125952ad4a,34a371742c5bb511,132,132
通信器具,短形導波管,ＷＲＪ－１０（ＪＩＳ規格）,m,京都南部,04,57900,64800,6900,11.92,9af65e295725926c,3f151091b235e68f,132,132
通信器具,短形導波管,ＷＲＪ－１２０（ＣＥＳ規格）,m,京都南部,04,67300,75300,8000,11.89,e5013f358fc9d989,1667295fb55b0e34,132,132
通信器具,矩形導波管用気密導波管,ＷＲＪ－７適合品、６．５ＧＨｚ帯用,個,京都南部,04,153000,172000,19000,12.42,fdea731336d18f62,c6e0a07f1975bdeb,132,132
通信器具,矩形導波管用気密導波管,ＷＲＪ－１０適合品,個,京都南部,04,235000,264000,29000,12.34,ca39de747c2d7747,b852e1dd4791ab6a,132,132
通信器具,矩形導波管用気密導波管,ＷＲＪ－１２０適合品,個,京都南部,04,235000,264000,29000,12.34,7fa59ca6c483bba5,b62d978ad5517229,132,132
通信器具,矩形導波管用気密導波管,ＷＲＪ－７適合品、７．５ＧＨｚ帯用,個,京都南部,04,153000,172000,19000,12.42,d9d87eb1e36264c3,07d2ce9277178181,132,132
通信器具,テーパ導波管,ＷＲＪ－１０～１２０変換用,本,京都南部,04,267000,299000,32000,11.99,6f4c6a3c1645d9f9,444d19b1ef9413a2,132,132
通信器具,ねじれ導波管,ＷＲＪ－７用 ９０゜ねじれ,本,京都南部,04,163000,183000,20000,12.27,1b6cfdafd9b57d71,435afc9b4098f048,132,132
通信器具,ねじれ導波管,ＷＲＪ－１０用 ９０゜ねじれ,本,京都南部,04,87000,97500,10500,12.07,1e2e066846d538d4,1cd8942920c9a04e,132,132
通信器具,ねじれ導波管,ＷＲＪ－１２０用 ９０゜ねじれ,本,京都南部,04,139000,155000,16000,11.51,582131fabcca06ce,595c576e449b126e,132,132
通信器具,耐震用フレキシブル導波管,ＷＲＪ－７用,個,京都南部,04,230000,258000,28000,12.17,a7f235493f7d1bf8,1275d54a3de42001,132,132
通信器具,耐震用フレキシブル導波管,ＷＲＪ－１０用,個,京都南部,04,220000,247000,27000,12.27,44573f335f3f4819,b5e39f5bcbdbc099,132,132
通信器具,耐震用フレキシブル導波管,ＷＲＪ－１２０用,個,京都南部,04,290000,324000,34000,11.72,3e961a30bbdc2a09,043fc4a252a68921,132,132
通信器具,矩形導波管用ツイスト導波管,ＷＲＪ－７用,個,京都南部,04,163000,183000,20000,12.27,472b4ba9cd5be9ce,187044560ebad806,132,132
通信器具,矩形導波管用ツイスト導波管,ＷＲＪ－１０用,個,京都南部,04,87000,97500,10500,12.07,8e0dad812b9fa723,3ce2e5fc4d1910ae,132,132
通信器具,矩形導波管用ツイスト導波管,ＷＲＪ－１２０用,個,京都南部,04,139000,155000,16000,11.51,2442f952b45a883b,f36e4a6cabf869a3,132,132
通信器具,楕円導波管,６．５ＧＨｚ帯用,m,京都南部,04,8610,9640,1030,11.96,e0bb125f7a64a17f,2f8cd1a29cc46e39,132,132
通信器具,楕円導波管,７．５ＧＨｚ帯用,m,京都南部,04,8610,9640,1030,11.96,15e19e534575e208,67b9c351fdf5f519,132,132
通信器具,楕円導波管,１２ＧＨｚ帯用,m,京都南部,04,8080,9050,970,12.0,985de64e5a710172,9377c515f23ecec8,132,132
通信器具,矩形導波管用フランジ,ＰＲＪ－７用,個,京都南部,04,13200,14800,1600,12.12,228e855f091e32d5,f2bc2fb7ffcd27e3,132,132
通信器具,矩形導波管用フランジ,ＢＲＪ－７用,個,京都南部,04,12900,14500,1600,12.4,cd6b6f01b41178c8,77ec5f5eb4e2e24b,132,132
通信器具,導波管フランジ,ＷＲＪ－１０用（ＪＩＳ）気密形,個,大阪,05,12100,13600,1500,12.4,5aca827baf49437c,2eb2f87f64545d4b,132,132
通信器具,導波管フランジ,ＷＲＪ－１２０用ＣＥＳ非気密形,個,大阪,05,17100,19100,2000,11.7,cb003947b6dc5784,1f72e8f956d5600f,132,132
通信器具,導波管フランジ,ＷＲＪ－１２０用ＣＥＳ気密形,個,大阪,05,20200,22700,2500,12.38,0492b540ee85c429,5733cc9d7e1e0e05,132,132
通信器具,短形導波管,ＷＲＪ－７（ＪＩＳ規格）,m,大阪,05,58800,65900,7100,12.07,dde82a89ea1b10bb,bf7d9c14216e40ec,132,132
通信器具,短形導波管,ＷＲＪ－１０（ＪＩＳ規格）,m,大阪,05,57900,64800,6900,11.92,51c592af9ec32e7f,1f4f7dfb2dc57333,132,132
通信器具,短形導波管,ＷＲＪ－１２０（ＣＥＳ規格）,m,大阪,05,67300,75300,8000,11.89,0e5d765797c97395,a0f410d0d97a5014,132,132
通信器具,矩形導波管用気密導波管,ＷＲＪ－７適合品、６．５ＧＨｚ帯用,個,大阪,05,153000,172000,19000,12.42,cbcbcd48faacd998,37206b2457b46102,132,132
通信器具,矩形導波管用気密導波管,ＷＲＪ－１０適合品,個,大阪,05,235000,264000,29000,12.34,301e2afce69ae34a,8576bb8b10bdf93f,132,132
通信器具,矩形導波管用気密導波管,ＷＲＪ－１２０適合品,個,大阪,05,235000,264000,29000,12.34,1a84005de17a7e25,f7d4e977a05b6b09,132,132
通信器具,矩形導波管用気密導波管,ＷＲＪ－７適合品、７．５ＧＨｚ帯用,個,大阪,05,153000,172000,19000,12.42,b4aa1358fa2fe720,d100fe9d783a1c3e,132,132
通信器具,テーパ導波管,ＷＲＪ－１０～１２０変換用,本,大阪,05,267000,299000,32000,11.99,0a62fa3f97e3775f,7d8c21cb0831b10d,132,132
通信器具,ねじれ導波管,ＷＲＪ－７用 ９０゜ねじれ,本,大阪,05,163000,183000,20000,12.27,95fab9f6c47bce5d,e3ce59bd02503128,132,132
通信器具,ねじれ導波管,ＷＲＪ－１０用 ９０゜ねじれ,本,大阪,05,87000,97500,10500,12.07,ecf713cd18a1e98c,d2807760b188e461,132,132
通信器具,ねじれ導波管,ＷＲＪ－１２０用 ９０゜ねじれ,本,大阪,05,139000,155000,16000,11.51,5bdf13923e064dc8,e0070d0654be1517,132,132
通信器具,耐震用フレキシブル導波管,ＷＲＪ－７用,個,大阪,05,230000,258000,28000,12.17,09317f9308d656b8,47f431c5523808ce,132,132
通信器具,耐震用フレキシブル導波管,ＷＲＪ－１０用,個,大阪,05,220000,247000,27000,12.27,283acbed22012078,e2bee84e4d87b718,132,132
通信器具,耐震用フレキシブル導波管,ＷＲＪ－１２０用,個,大阪,05,290000,324000,34000,11.72,5248832a7fba7d48,7f00f0348ee83b92,132,132
通信器具,矩形導波管用ツイスト導波管,ＷＲＪ－７用,個,大阪,05,163000,183000,20000,12.27,8d97e05350b16475,43155dec72509afd,132,132
通信器具,矩形導波管用ツイスト導波管,ＷＲＪ－１０用,個,大阪,05,87000,97500,10500,12.07,ed8a3f2004fa7f8a,693ad07fd8d9aba1,132,132
通信器具,矩形導波管用ツイスト導波管,ＷＲＪ－１２０用,個,大阪,05,139000,155000,16000,11.51,b595ff60ff0b5867,be38c7606bf14fb4,132,132
通信器具,楕円導波管,６．５ＧＨｚ帯用,m,大阪,05,8610,9640,1030,11.96,35a5ec6fb1d0b92e,943e5b76b4ab2a72,132,132
通信器具,楕円導波管,７．５ＧＨｚ帯用,m,大阪,05,8610,9640,1030,11.96,d284a8850dbbe9d9,744ea0644375fc71,132,132
通信器具,楕円導波管,１２ＧＨｚ帯用,m,大阪,05,8080,9050,970,12.0,078409abbaebec65,ab56ec043a25906f,132,132
通信器具,矩形導波管用フランジ,ＰＲＪ－７用,個,大阪,05,13200,14800,1600,12.12,b8d92c92395c0733,5ac8cdfd9e71c9e9,132,132
通信器具,矩形導波管用フランジ,ＢＲＪ－７用,個,大阪,05,12900,14500,1600,12.4,96467990cc620e20,6ce74fd95255f549,132,132
通信器具,導波管フランジ,ＷＲＪ－１０用（ＪＩＳ）気密形,個,兵庫北部,06,12100,13600,1500,12.4,51d4d16fe696a7c0,18961bace14b674c,132,132
通信器具,導波管フランジ,ＷＲＪ－１２０用ＣＥＳ非気密形,個,兵庫北部,06,17100,19100,2000,11.7,8bccc29d7bdaef9c,9f340972206a6155,132,132
通信器具,導波管フランジ,ＷＲＪ－１２０用ＣＥＳ気密形,個,兵庫北部,06,20200,22700,2500,12.38,b3c13069c0e60798,c81d45320a30adfb,132,132
通信器具,短形導波管,ＷＲＪ－７（ＪＩＳ規格）,m,兵庫北部,06,58800,65900,7100,12.07,0dec5ce4e0b24653,ed60dc31273d572a,132,132
通信器具,短形導波管,ＷＲＪ－１０（ＪＩＳ規格）,m,兵庫北部,06,57900,64800,6900,11.92,107b0760ce41aa11,aeb4a3a126e954b7,132,132
通信器具,短形導波管,ＷＲＪ－１２０（ＣＥＳ規格）,m,兵庫北部,06,67300,75300,8000,11.89,7beb260b0624f603,22fadb14a41765a2,132,132
通信器具,矩形導波管用気密導波管,ＷＲＪ－７適合品、６．５ＧＨｚ帯用,個,兵庫北部,06,153000,172000,19000,12.42,bbeaa9a06cc9d28e,438aaa625917f717,132,132
通信器具,矩形導波管用気密導波管,ＷＲＪ－１０適合品,個,兵庫北部,06,235000,264000,29000,12.34,7072cedefe5e522f,b3ee752a117d5c78,132,132
通信器具,矩形導波管用気密導波管,ＷＲＪ－１２０適合品,個,兵庫北部,06,235000,264000,29000,12.34,6ea307986c9a2391,4b063a86d96c3716,132,132
通信器具,矩形導波管用気密導波管,ＷＲＪ－７適合品、７．５ＧＨｚ帯用,個,兵庫北部,06,153000,172000,19000,12.42,2975b28a7ee56682,f90c93fe5d79b82d,132,132
通信器具,テーパ導波管,ＷＲＪ－１０～１２０変換用,本,兵庫北部,06,267000,299000,32000,11.99,f05668c39b44f943,76dc2ad84206c817,132,132
通信器具,ねじれ導波管,ＷＲＪ－７用 ９０゜ねじれ,本,兵庫北部,06,163000,183000,20000,12.27,59fd75a8f1f3243e,56a8ecde0879cf03,132,132
通信器具,ねじれ導波管,ＷＲＪ－１０用 ９０゜ねじれ,本,兵庫北部,06,87000,97500,10500,12.07,d54384022915e7cb,53623082748b3483,132,132
通信器具,ねじれ導波管,ＷＲＪ－１２０用 ９０゜ねじれ,本,兵庫北部,06,139000,155000,16000,11.51,bae5ffcd5c8f62db,937318fa1b834046,132,132
通信器具,耐震用フレキシブル導波管,ＷＲＪ－７用,個,兵庫北部,06,230000,258000,28000,12.17,2a29420adc0e18d9,1bf2fb1bc5b19be8,132,132
通信器具,耐震用フレキシブル導波管,ＷＲＪ－１０用,個,兵庫北部,06,220000,247000,27000,12.27,6b3d2ab490b02701,6470e5b08e4e66e4,132,132
通信器具,耐震用フレキシブル導波管,ＷＲＪ－１２０用,個,兵庫北部,06,290000,324000,34000,11.72,b1a78996ad05cd98,cf4112dd8c5133b2,132,132
通信器具,矩形導波管用ツイスト導波管,ＷＲＪ－７用,個,兵庫北部,06,163000,183000,20000,12.27,022c6a126ab5d0c1,72dc8dfceb4820b5,132,132
通信器具,矩形導波管用ツイスト導波管,ＷＲＪ－１０用,個,兵庫北部,06,87000,97500,10500,12.07,019657722f4db708,8f261ce70b69ce00,132,132
通信器具,矩形導波管用ツイスト導波管,ＷＲＪ－１２０用,個,兵庫北部,06,139000,155000,16000,11.51,4c05bc2b70339887,fd37fbb2896963a5,132,132
通信器具,楕円導波管,６．５ＧＨｚ帯用,m,兵庫北部,06,8610,9640,1030,11.96,443cd735c63eba2b,3cd42f6a4c484f2d,132,132
通信器具,楕円導波管,７．５ＧＨｚ帯用,m,兵庫北部,06,8610,9640,1030,11.96,d7befefc1940cfd7,afc53ca4e30175c3,132,132
通信器具,楕円導波管,１２ＧＨｚ帯用,m,兵庫北部,06,8080,9050,970,12.0,2b25bc57937ca2c7,7b41285983341d45,132,132
通信器具,矩形導波管用フランジ,ＰＲＪ－７用,個,兵庫北部,06,13200,14800,1600,12.12,389909b23f5b69e9,b0bb7d9a8e28d119,132,132
通信器具,矩形導波管用フランジ,ＢＲＪ－７用,個,兵庫北部,06,12900,14500,1600,12.4,a9fa2ccdd600174b,5c5e967bfa82608b,132,132
通信器具,導波管フランジ,ＷＲＪ－１０用（ＪＩＳ）気密形,個,兵庫西部,07,12100,13600,1500,12.4,c06cf71438316cc8,c3b6e643f3d3413a,132,132
通信器具,導波管フランジ,ＷＲＪ－１２０用ＣＥＳ非気密形,個,兵庫西部,07,17100,19100,2000,11.7,14e78104a0c18209,7b1647ef2a92b602,132,132
通信器具,導波管フランジ,ＷＲＪ－１２０用ＣＥＳ気密形,個,兵庫西部,07,20200,22700,2500,12.38,34cc4331a2267da5,3db8a05e8dd3c07f,132,132
通信器具,短形導波管,ＷＲＪ－７（ＪＩＳ規格）,m,兵庫西部,07,58800,65900,7100,12.07,914e5a36815e3489,da7cf9e8a9e609e4,132,132
通信器具,短形導波管,ＷＲＪ－１０（ＪＩＳ規格）,m,兵庫西部,07,57900,64800,6900,11.92,da5ce13baf3992ce,2a872ecdfa1e335b,132,132
通信器具,短形導波管,ＷＲＪ－１２０（ＣＥＳ規格）,m,兵庫西部,07,67300,75300,8000,11.89,2af9123aac95b365,a766e36a864c2273,132,132
通信器具,矩形導波管用気密導波管,ＷＲＪ－７適合品、６．５ＧＨｚ帯用,個,兵庫西部,07,153000,172000,19000,12.42,78a6e0afed852893,aa37fc5cec46d6f1,132,132
通信器具,矩形導波管用気密導波管,ＷＲＪ－１０適合品,個,兵庫西部,07,235000,264000,29000,12.34,88c9bea3d6d2b6a2,c6031966a583379b,132,132
通信器具,矩形導波管用気密導波管,ＷＲＪ－１２０適合品,個,兵庫西部,07,235000,264000,29000,12.34,35ea3e06a0b821ea,5fe6109f9e0af897,132,132
通信器具,矩形導波管用気密導波管,ＷＲＪ－７適合品、７．５ＧＨｚ帯用,個,兵庫西部,07,153000,172000,19000,12.42,d0ff57573ed4c3e1,cea255f9d46ef02c,132,132
通信器具,テーパ導波管,ＷＲＪ－１０～１２０変換用,本,兵庫西部,07,267000,299000,32000,11.99,4ed364937320c83d,ffe57457c4784c4d,132,132
通信器具,ねじれ導波管,ＷＲＪ－７用 ９０゜ねじれ,本,兵庫西部,07,163000,183000,20000,12.27,f41e2900bd2711ea,81e5276f01db20d8,132,132
通信器具,ねじれ導波管,ＷＲＪ－１０用 ９０゜ねじれ,本,兵庫西部,07,87000,97500,10500,12.07,211d87bda6d8e9d1,472f5ae9f95d2cab,132,132
通信器具,ねじれ導波管,ＷＲＪ－１２０用 ９０゜ねじれ,本,兵庫西部,07,139000,155000,16000,11.51,d47a97d32dc3e293,89ea3217df6b6dc8,132,132
通信器具,耐震用フレキシブル導波管,ＷＲＪ－７用,個,兵庫西部,07,230000,258000,28000,12.17,cf31d6445c191795,2d81ad779ba2a947,132,132
通信器具,耐震用フレキシブル導波管,ＷＲＪ－１０用,個,兵庫西部,07,220000,247000,27000,12.27,8c320c89bcc0826b,77b1e26f5dae9dcb,132,132
通信器具,耐震用フレキシブル導波管,ＷＲＪ－１２０用,個,兵庫西部,07,290000,324000,34000,11.72,84016cd6ee1282d3,2214adb3a722f1e5,132,132
通信器具,矩形導波管用ツイスト導波管,ＷＲＪ－７用,個,兵庫西部,07,163000,183000,20000,12.27,8ad2aca21ad2eb7c,26d2d614bee49b3a,132,132
通信器具,矩形導波管用ツイスト導波管,ＷＲＪ－１０用,個,兵庫西部,07,87000,97500,10500,12.07,231d378211fcd4e2,6ea4254a5c32206d,132,132
通信器具,矩形導波管用ツイスト導波管,ＷＲＪ－１２０用,個,兵庫西部,07,139000,155000,16000,11.51,a16f923131763149,a250d95c5c859cb0,132,132
通信器具,楕円導波管,６．５ＧＨｚ帯用,m,兵庫西部,07,8610,9640,1030,11.96,ce0303dc94258ed5,b05eb5ebff88a5df,132,132
通信器具,楕円導波管,７．５ＧＨｚ帯用,m,兵庫西部,07,8610,9640,1030,11.96,5af0aa54fcc375c9,071607b01d6bbbdb,132,132
通信器具,楕円導波管,１２ＧＨｚ帯用,m,兵庫西部,07,8080,9050,970,12.0,b942aa7fb2f82668,879f3faff2e393b8,132,132
通信器具,矩形導波管用フランジ,ＰＲＪ－７用,個,兵庫西部,07,13200,14800,1600,12.12,505cf97b0ba3fc3c,ff2b4cbc6d5b69cc,132,132
通信器具,矩形導波管用フランジ,ＢＲＪ－７用,個,兵庫西部,07,12900,14500,1600,12.4,07bec14c8b3bb887,4a560da451e60789,132,132
通信器具,導波管フランジ,ＷＲＪ－１０用（ＪＩＳ）気密形,個,兵庫,08,12100,13600,1500,12.4,7f4d5d3d34b9acd5,c5e50277311597ec,132,132
通信器具,導波管フランジ,ＷＲＪ－１２０用ＣＥＳ非気密形,個,兵庫,08,17100,19100,2000,11.7,3fd6ce39f9712777,9c1a9e92a0b33b84,132,132
通信器具,導波管フランジ,ＷＲＪ－１２０用ＣＥＳ気密形,個,兵庫,08,20200,22700,2500,12.38,6673eda320506ea4,ac9807ea342e5e0c,132,132
通信器具,短形導波管,ＷＲＪ－７（ＪＩＳ規格）,m,兵庫,08,58800,65900,7100,12.07,0d7cbb0f22e0cad2,8d9229b9a96c4c75,132,132
通信器具,短形導波管,ＷＲＪ－１０（ＪＩＳ規格）,m,兵庫,08,57900,64800,6900,11.92,0ff3c371659e9982,45342f28b3bb8c41,132,132
通信器具,短形導波管,ＷＲＪ－１２０（ＣＥＳ規格）,m,兵庫,08,67300,75300,8000,11.89,f6c4ef2b0ea8c03f,ccd31cba77ee55ce,132,132
通信器具,矩形導波管用気密導波管,ＷＲＪ－７適合品、６．５ＧＨｚ帯用,個,兵庫,08,153000,172000,19000,12.42,0812ee4e2274359a,1c645ab2c7279498,132,132
通信器具,矩形導波管用気密導波管,ＷＲＪ－１０適合品,個,兵庫,08,235000,264000,29000,12.34,ea31842238fb2e86,db74ae0113947352,132,132
通信器具,矩形導波管用気密導波管,ＷＲＪ－１２０適合品,個,兵庫,08,235000,264000,29000,12.34,4d539520f9c9def7,12a29214bc08cef8,132,132
通信器具,矩形導波管用気密導波管,ＷＲＪ－７適合品、７．５ＧＨｚ帯用,個,兵庫,08,153000,172000,19000,12.42,1ccf4f6c5f70fda4,687b5052c4fcc039,132,132
通信器具,テーパ導波管,ＷＲＪ－１０～１２０変換用,本,兵庫,08,267000,299000,32000,11.99,c22ad121291cd885,71ff1c7bcd460855,132,132
通信器具,ねじれ導波管,ＷＲＪ－７用 ９０゜ねじれ,本,兵庫,08,163000,183000,20000,12.27,e4290b873b4d704f,08c1416d46d31a91,132,132
通信器具,ねじれ導波管,ＷＲＪ－１０用 ９０゜ねじれ,本,兵庫,08,87000,97500,10500,12.07,9b9014bc4c78ab63,f40cde8b0388ca57,132,132
通信器具,ねじれ導波管,ＷＲＪ－１２０用 ９０゜ねじれ,本,兵庫,08,139000,155000,16000,11.51,753f001e7c0d902b,4ca47cdbb2b66f74,132,132
通信器具,耐震用フレキシブル導波管,ＷＲＪ－７用,個,兵庫,08,230000,258000,28000,12.17,d172e50a6fece8ec,88a775316dccf10d,132,132
通信器具,耐震用フレキシブル導波管,ＷＲＪ－１０用,個,兵庫,08,220000,247000,27000,12.27,356f07beae67d157,7eff876f446d67e1,132,132
通信器具,耐震用フレキシブル導波管,ＷＲＪ－１２０用,個,兵庫,08,290000,324000,34000,11.72,1fc21ea2edf035c2,d34fb4629701eecc,132,132
通信器具,矩形導波管用ツイスト導波管,ＷＲＪ－７用,個,兵庫,08,163000,183000,20000,12.27,32b93aab42751560,d153496980df3db3,132,132
通信器具,矩形導波管用ツイスト導波管,ＷＲＪ－１０用,個,兵庫,08,87000,97500,10500,12.07,e6d59be25593fbb8,6e3d10f279dbc5d0,132,132
通信器具,矩形導波管用ツイスト導波管,ＷＲＪ－１２０用,個,兵庫,08,139000,155000,16000,11.51,bdf24045104fb30c,d9db793eee8675ac,132,132
通信器具,楕円導波管,６．５ＧＨｚ帯用,m,兵庫,08,8610,9640,1030,11.96,aafc0f142fa0b270,c932e006f3602f9a,132,132
通信器具,楕円導波管,７．５ＧＨｚ帯用,m,兵庫,08,8610,9640,1030,11.96,3c1e69f7cb515ecc,58be03f50a7168d6,132,132
通信器具,楕円導波管,１２ＧＨｚ帯用,m,兵庫,08,8080,9050,970,12.0,68b7d98edeb87125,bffae0b8f55cba9a,132,132
通信器具,矩形導波管用フランジ,ＰＲＪ－７用,個,兵庫,08,13200,14800,1600,12.12,8eae69f185646fc4,c35fbcf082436692,132,132
通信器具,矩形導波管用フランジ,ＢＲＪ－７用,個,兵庫,08,12900,14500,1600,12.4,520aa77721878921,383a81eb4710a4e6,132,132
通信器具,導波管フランジ,ＷＲＪ－１０用（ＪＩＳ）気密形,個,奈良,09,12100,13600,1500,12.4,ca3d3a2a2a6004d5,46a634b0fb565a63,132,132
通信器具,導波管フランジ,ＷＲＪ－１２０用ＣＥＳ非気密形,個,奈良,09,17100,19100,2000,11.7,17790f36af4b01fb,e1270a731fe1da5b,132,132
通信器具,導波管フランジ,ＷＲＪ－１２０用ＣＥＳ気密形,個,奈良,09,20200,22700,2500,12.38,9e2a6676ac1f1dd7,135ab764f16c5231,132,132
通信器具,短形導波管,ＷＲＪ－７（ＪＩＳ規格）,m,奈良,09,58800,65900,7100,12.07,53c09428d32c7ab9,98dd2109db6ac099,132,132
通信器具,短形導波管,ＷＲＪ－１０（ＪＩＳ規格）,m,奈良,09,57900,64800,6900,11.92,c8e00d2671cf6b0c,b6734031e0afc2ea,132,132
通信器具,短形導波管,ＷＲＪ－１２０（ＣＥＳ規格）,m,奈良,09,67300,75300,8000,11.89,938ed31f03c6dc23,b8d58752049be30c,132,132
通信器具,矩形導波管用気密導波管,ＷＲＪ－７適合品、６．５ＧＨｚ帯用,個,奈良,09,153000,172000,19000,12.42,2a0d59bb1ccbd276,bb6ab316ed30563b,132,132
通信器具,矩形導波管用気密導波管,ＷＲＪ－１０適合品,個,奈良,09,235000,264000,29000,12.34,f9b62f88046ab7a6,040bfb741d728d50,132,132
通信器具,矩形導波管用気密導波管,ＷＲＪ－１２０適合品,個,奈良,09,235000,264000,29000,12.34,36ff04d5b500c9a1,380cf6367aef99c4,132,132
通信器具,矩形導波管用気密導波管,ＷＲＪ－７適合品、７．５ＧＨｚ帯用,個,奈良,09,153000,172000,19000,12.42,c9b60f29f8615b6d,1517f3f31abc2710,132,132
通信器具,テーパ導波管,ＷＲＪ－１０～１２０変換用,本,奈良,09,267000,299000,32000,11.99,98a7295baf4ef27a,e82c07a33c90485f,132,132
通信器具,ねじれ導波管,ＷＲＪ－７用 ９０゜ねじれ,本,奈良,09,163000,183000,20000,12.27,cdaba625d8d34e4b,ede7c9e55e8aa2b9,132,132
通信器具,ねじれ導波管,ＷＲＪ－１０用 ９０゜ねじれ,本,奈良,09,87000,97500,10500,12.07,f9b7bc8ef98dfd43,fc494a649ec4ed13,132,132
通信器具,ねじれ導波管,ＷＲＪ－１２０用 ９０゜ねじれ,本,奈良,09,139000,155000,16000,11.51,d66c265f26f60b33,ed0a16113a86cba5,132,132
通信器具,耐震用フレキシブル導波管,ＷＲＪ－７用,個,奈良,09,230000,258000,28000,12.17,0eac1ba62304e9ab,5e478fc7093b9df4,132,132
通信器具,耐震用フレキシブル導波管,ＷＲＪ－１０用,個,奈良,09,220000,247000,27000,12.27,dbab52609f7a0b22,3707f2571b57fbbb,132,132
通信器具,耐震用フレキシブル導波管,ＷＲＪ－１２０用,個,奈良,09,290000,324000,34000,11.72,8c4f1a4ae10336a7,34387e91141dd24d,132,132
通信器具,矩形導波管用ツイスト導波管,ＷＲＪ－７用,個,奈良,09,163000,183000,20000,12.27,c5f8dc0aa8d5e285,4b02217160980ba1,132,132
通信器具,矩形導波管用ツイスト導波管,ＷＲＪ－１０用,個,奈良,09,87000,97500,10500,12.07,c1dffd2d2516fdea,b26bb77eef714ca8,132,132
通信器具,矩形導波管用ツイスト導波管,ＷＲＪ－１２０用,個,奈良,09,139000,155000,16000,11.51,3321dd2d7c1fb6f5,55e495ee2cdaac6a,132,132
通信器具,楕円導波管,６．５ＧＨｚ帯用,m,奈良,09,8610,9640,1030,11.96,c0e0674c81c602a7,eaa6825a3b0fbee1,132,132
通信器具,楕円導波管,７．５ＧＨｚ帯用,m,奈良,09,8610,9640,1030,11.96,a3c910198cc689a5,0eb57e5486c89b41,132,132
通信器具,楕円導波管,１２ＧＨｚ帯用,m,奈良,09,8080,9050,970,12.0,bc7143bede7cad2f,c21230fb7f1ff623,132,132
通信器具,矩形導波管用フランジ,ＰＲＪ－７用,個,奈良,09,13200,14800,1600,12.12,c78d7e414df43540,a763f5461f440368,132,132
通信器具,矩形導波管用フランジ,ＢＲＪ－７用,個,奈良,09,12900,14500,1600,12.4,67d23ca7eb386c5f,192cb9b44b583a2d,132,132
通信器具,導波管フランジ,ＷＲＪ－１０用（ＪＩＳ）気密形,個,和歌山,10,12100,13600,1500,12.4,025384ec9cfd13f0,cfa513adb694b790,132,132
通信器具,導波管フランジ,ＷＲＪ－１２０用ＣＥＳ非気密形,個,和歌山,10,17100,19100,2000,11.7,29b1a627e8d0659d,297abe9def96072b,132,132
通信器具,導波管フランジ,ＷＲＪ－１２０用ＣＥＳ気密形,個,和歌山,10,20200,22700,2500,12.38,f53cc57aed2b293e,04a379516b0bc1ab,132,132
通信器具,短形導波管,ＷＲＪ－７（ＪＩＳ規格）,m,和歌山,10,58800,65900,7100,12.07,09cbbe47dacced27,59c6a999368ff6f6,132,132
通信器具,短形導波管,ＷＲＪ－１０（ＪＩＳ規格）,m,和歌山,10,57900,64800,6900,11.92,bd124cbe3b825d35,f34c1e65e1ef83bc,132,132
通信器具,短形導波管,ＷＲＪ－１２０（ＣＥＳ規格）,m,和歌山,10,67300,75300,8000,11.89,48283c09b1846dac,5927766ae185c49b,132,132
通信器具,矩形導波管用気密導波管,ＷＲＪ－７適合品、６．５ＧＨｚ帯用,個,和歌山,10,153000,172000,19000,12.42,fc0bf946205f4f0f,672b44adab119f59,132,132
通信器具,矩形導波管用気密導波管,ＷＲＪ－１０適合品,個,和歌山,10,235000,264000,29000,12.34,0864fd13d74b6fb4,c553a036b50e9972,132,132
通信器具,矩形導波管用気密導波管,ＷＲＪ－１２０適合品,個,和歌山,10,235000,264000,29000,12.34,c267337ffdf93d9b,da7c8d9d57b42d4e,132,132
通信器具,矩形導波管用気密導波管,ＷＲＪ－７適合品、７．５ＧＨｚ帯用,個,和歌山,10,153000,172000,19000,12.42,f404e43d716ca207,f75dd975118d512b,132,132
通信器具,テーパ導波管,ＷＲＪ－１０～１２０変換用,本,和歌山,10,267000,299000,32000,11.99,eeffe307ca75a36b,5170a5a22bac5bfa,132,132
通信器具,ねじれ導波管,ＷＲＪ－７用 ９０゜ねじれ,本,和歌山,10,163000,183000,20000,12.27,2e384eccd7b9b370,f8746c56d4681ade,132,132
通信器具,ねじれ導波管,ＷＲＪ－１０用 ９０゜ねじれ,本,和歌山,10,87000,97500,10500,12.07,60045f3dffbce901,b43134108ce68c94,132,132
通信器具,ねじれ導波管,ＷＲＪ－１２０用 ９０゜ねじれ,本,和歌山,10,139000,155000,16000,11.51,3005902d4e4c0ff8,46d9d1ab8a9e30ca,132,132
通信器具,耐震用フレキシブル導波管,ＷＲＪ－７用,個,和歌山,10,230000,258000,28000,12.17,a9425b4206638c34,f62be05b0cb704c2,132,132
通信器具,耐震用フレキシブル導波管,ＷＲＪ－１０用,個,和歌山,10,220000,247000,27000,12.27,10c854a252fe8f14,0c4df1708c2eac81,132,132
通信器具,耐震用フレキシブル導波管,ＷＲＪ－１２０用,個,和歌山,10,290000,324000,34000,11.72,e7e9bb0f0c11c5f1,b8a6703ec0afb579,132,132
通信器具,矩形導波管用ツイスト導波管,ＷＲＪ－７用,個,和歌山,10,163000,183000,20000,12.27,1903ef24d03f48b1,2f8e83833dacc634,132,132
通信器具,矩形導波管用ツイスト導波管,ＷＲＪ－１０用,個,和歌山,10,87000,97500,10500,12.07,f87608b011388de9,d60a9edda45314b3,132,132
通信器具,矩形導波管用ツイスト導波管,ＷＲＪ－１２０用,個,和歌山,10,139000,155000,16000,11.51,9739b27eb6c90881,7596c11489edd9b3,132,132
通信器具,楕円導波管,６．５ＧＨｚ帯用,m,和歌山,10,8610,9640,1030,11.96,814ac3db39ab6328,b8c0b2545f950a03,132,132
通信器具,楕円導波管,７．５ＧＨｚ帯用,m,和歌山,10,8610,9640,1030,11.96,a829d9db8dfda5f6,1115cb8441a3007e,132,132
通信器具,楕円導波管,１２ＧＨｚ帯用,m,和歌山,10,8080,9050,970,12.0,c59f73760d7b3bcd,18ea856effd7ee1e,132,132
通信器具,矩形導波管用フランジ,ＰＲＪ－７用,個,和歌山,10,13200,14800,1600,12.12,c3f679320b583a55,55d7fe3c50622438,132,132
通信器具,矩形導波管用フランジ,ＢＲＪ－７用,個,和歌山,10,12900,14500,1600,12.4,e3037d11e72a8b2c,9d0e9edf7cd1d012,132,132
通信器具,導波管フランジ,ＷＲＪ－１０用（ＪＩＳ）気密形,個,岐阜,11,12100,13600,1500,12.4,53d5f762c6582123,751a003483eb092b,132,132
通信器具,導波管フランジ,ＷＲＪ－１２０用ＣＥＳ非気密形,個,岐阜,11,17100,19100,2000,11.7,b35446a4c2fa7860,c03820379a51cae9,132,132
通信器具,導波管フランジ,ＷＲＪ－１２０用ＣＥＳ気密形,個,岐阜,11,20200,22700,2500,12.38,14c945833bc1e902,77061f2beb5095e3,132,132
通信器具,短形導波管,ＷＲＪ－７（ＪＩＳ規格）,m,岐阜,11,58800,65900,7100,12.07,6fb2b446af4760b6,977ce363bed00499,132,132
通信器具,短形導波管,ＷＲＪ－１０（ＪＩＳ規格）,m,岐阜,11,57900,64800,6900,11.92,c67dc86285eae616,06f2887c4b3039e1,132,132
通信器具,短形導波管,ＷＲＪ－１２０（ＣＥＳ規格）,m,岐阜,11,67300,75300,8000,11.89,76aed0a628750757,3439c5f3b4d93bba,132,132
通信器具,矩形導波管用気密導波管,ＷＲＪ－７適合品、６．５ＧＨｚ帯用,個,岐阜,11,153000,172000,19000,12.42,ddc5f2152add4447,b14e77e5d41fb926,132,132
通信器具,矩形導波管用気密導波管,ＷＲＪ－１０適合品,個,岐阜,11,235000,264000,29000,12.34,4c7061ec04e0fecb,66b4353e5343cfdc,132,132
通信器具,矩形導波管用気密導波管,ＷＲＪ－１２０適合品,個,岐阜,11,235000,264000,29000,12.34,6fd4e5a3185bafaf,f8128eef19b06cad,132,132
通信器具,矩形導波管用気密導波管,ＷＲＪ－７適合品、７．５ＧＨｚ帯用,個,岐阜,11,153000,172000,19000,12.42,42a6444d4a09b798,3f3fedc54ec8d568,132,132
通信器具,テーパ導波管,ＷＲＪ－１０～１２０変換用,本,岐阜,11,267000,299000,32000,11.99,af82db29cc40c609,ba527b91f4988493,132,132
通信器具,ねじれ導波管,ＷＲＪ－７用 ９０゜ねじれ,本,岐阜,11,163000,183000,20000,12.27,f1ed1499c00cfb4a,9291d74918bd8e83,132,132
通信器具,ねじれ導波管,ＷＲＪ－１０用 ９０゜ねじれ,本,岐阜,11,87000,97500,10500,12.07,e274ec88a97a5f30,56cc1b33c5ea9c24,132,132
通信器具,ねじれ導波管,ＷＲＪ－１２０用 ９０゜ねじれ,本,岐阜,11,139000,155000,16000,11.51,d645f0da505a1cdc,9ba14df7b8920e1e,132,132
通信器具,耐震用フレキシブル導波管,ＷＲＪ－７用,個,岐阜,11,230000,258000,28000,12.17,b3d407e199108b2a,7f88bda95b30b995,132,132
通信器具,耐震用フレキシブル導波管,ＷＲＪ－１０用,個,岐阜,11,220000,247000,27000,12.27,cc16242eb158dee3,26e646023671acc4,132,132
通信器具,耐震用フレキシブル導波管,ＷＲＪ－１２０用,個,岐阜,11,290000,324000,34000,11.72,37a096552fe5138e,d72630c914505141,132,132
通信器具,矩形導波管用ツイスト導波管,ＷＲＪ－７用,個,岐阜,11,163000,183000,20000,12.27,257793098506950e,33930fdb383fec74,132,132
通信器具,矩形導波管用ツイスト導波管,ＷＲＪ－１０用,個,岐阜,11,87000,97500,10500,12.07,32e3b11a39a7e5cd,f81be3c8819d59b3,132,132
通信器具,矩形導波管用ツイスト導波管,ＷＲＪ－１２０用,個,岐阜,11,139000,155000,16000,11.51,62656f372bf1463b,178eb74234b5ee33,132,132
通信器具,楕円導波管,６．５ＧＨｚ帯用,m,岐阜,11,8610,9640,1030,11.96,c92ba6b17769617f,ae1810a7a4e448d7,132,132
通信器具,楕円導波管,７．５ＧＨｚ帯用,m,岐阜,11,8610,9640,1030,11.96,230c74b9c5fac783,c1e128ea8bbbc904,132,132
通信器具,楕円導波管,１２ＧＨｚ帯用,m,岐阜,11,8080,9050,970,12.0,b4daaa7b5ebcafc4,f505afa65e88a385,132,132
通信器具,矩形導波管用フランジ,ＰＲＪ－７用,個,岐阜,11,13200,14800,1600,12.12,3df9d250f4e2b263,705626252d29da49,132,132
通信器具,矩形導波管用フランジ,ＢＲＪ－７用,個,岐阜,11,12900,14500,1600,12.4,59cc729989e577c1,48006903c2811993,132,132
通信器具,導波管フランジ,ＷＲＪ－１０用（ＪＩＳ）気密形,個,三重,12,12100,13600,1500,12.4,fb453fb56feb720e,985a4e469131604f,132,132
通信器具,導波管フランジ,ＷＲＪ－１２０用ＣＥＳ非気密形,個,三重,12,17100,19100,2000,11.7,6b2102824a587a22,ce762478e8b6cbc1,132,132
通信器具,導波管フランジ,ＷＲＪ－１２０用ＣＥＳ気密形,個,三重,12,20200,22700,2500,12.38,f105aca1c42e6db2,1ba98218e2a783e2,132,132
通信器具,短形導波管,ＷＲＪ－７（ＪＩＳ規格）,m,三重,12,58800,65900,7100,12.07,d0a4f513a99f0530,4c24b3c367caddc7,132,132
通信器具,短形導波管,ＷＲＪ－１０（ＪＩＳ規格）,m,三重,12,57900,64800,6900,11.92,8ad578aa1e8a9af1,0366d7964d703f0c,132,132
通信器具,短形導波管,ＷＲＪ－１２０（ＣＥＳ規格）,m,三重,12,67300,75300,8000,11.89,ba0b86bd57b4ea5a,f22fc29b2e1f131e,132,132
通信器具,矩形導波管用気密導波管,ＷＲＪ－７適合品、６．５ＧＨｚ帯用,個,三重,12,153000,172000,19000,12.42,dd0743cbcd5611c3,32f9e22937d78fc2,132,132
通信器具,矩形導波管用気密導波管,ＷＲＪ－１０適合品,個,三重,12,235000,264000,29000,12.34,010bfb6922cd1269,a8314e7507dfedc8,132,132
通信器具,矩形導波管用気密導波管,ＷＲＪ－１２０適合品,個,三重,12,235000,264000,29000,12.34,94295738b63754fd,5c0a80a620a149f0,132,132
通信器具,矩形導波管用気密導波管,ＷＲＪ－７適合品、７．５ＧＨｚ帯用,個,三重,12,153000,172000,19000,12.42,d796f782b4d3d5fe,8379d0fec1e53818,132,132
通信器具,テーパ導波管,ＷＲＪ－１０～１２０変換用,本,三重,12,267000,299000,32000,11.99,ded39aa2077cf116,99b00f2cef872511,132,132
通信器具,ねじれ導波管,ＷＲＪ－７用 ９０゜ねじれ,本,三重,12,163000,183000,20000,12.27,18de7d7aef6b6336,f856a1b3d7fc4742,132,132
通信器具,ねじれ導波管,ＷＲＪ－１０用 ９０゜ねじれ,本,三重,12,87000,97500,10500,12.07,4194f38ced954232,3703e549b1660398,132,132
通信器具,ねじれ導波管,ＷＲＪ－１２０用 ９０゜ねじれ,本,三重,12,139000,155000,16000,11.51,87999671decfcccc,9a6cc8a105424eb3,132,132
通信器具,耐震用フレキシブル導波管,ＷＲＪ－７用,個,三重,12,230000,258000,28000,12.17,7053c8bb6c8f4c0d,346193250452b6c5,132,132
通信器具,耐震用フレキシブル導波管,ＷＲＪ－１０用,個,三重,12,220000,247000,27000,12.27,303e92646664a06c,a16df062cc1c991b,132,132
通信器具,耐震用フレキシブル導波管,ＷＲＪ－１２０用,個,三重,12,290000,324000,34000,11.72,ba0ed5e618a5bba8,9c95c0553e024faa,132,132
通信器具,矩形導波管用ツイスト導波管,ＷＲＪ－７用,個,三重,12,163000,183000,20000,12.27,80987ccd702e5561,d05235e824a8e36b,132,132
通信器具,矩形導波管用ツイスト導波管,ＷＲＪ－１０用,個,三重,12,87000,97500,10500,12.07,8dec03f9e3266d4b,def3277c91bc1596,132,132
通信器具,矩形導波管用ツイスト導波管,ＷＲＪ－１２０用,個,三重,12,139000,155000,16000,11.51,77ae05eb1a83a0c7,aa6f97149f59a52e,132,132
通信器具,楕円導波管,６．５ＧＨｚ帯用,m,三重,12,8610,9640,1030,11.96,09e501d3a640f136,afc8bc26c0dbce8d,132,132
通信器具,楕円導波管,７．５ＧＨｚ帯用,m,三重,12,8610,9640,1030,11.96,c1ed60b06cdc0125,28c9d6ed1bcdcc0f,132,132
通信器具,楕円導波管,１２ＧＨｚ帯用,m,三重,12,8080,9050,970,12.0,367a3b71ef2fdf18,9aaeff04bc0eead5,132,132
通信器具,矩形導波管用フランジ,ＰＲＪ－７用,個,三重,12,13200,14800,1600,12.12,67001f4d426666d7,a48653f5a4ab154e,132,132
通信器具,矩形導波管用フランジ,ＢＲＪ－７用,個,三重,12,12900,14500,1600,12.4,0a41edc522ba6ddd,344de0cb06c0dc12,132,132
通信器具,矩形導波管用フランジ,ＢＲＪ－１０用,個,福井,01,11800,13200,1400,11.86,db54d44bc2e8c832,86888595e2f0e718,133,133
通信器具,矩形導波管用フランジ,ＰＲＪ－１０Ｇ用,個,福井,01,12100,13600,1500,12.4,1e3e3fb5db0e2497,e9c1e5523a668841,133,133
通信器具,矩形導波管用フランジ,ＰＲＪ－１０Ｐ用,個,福井,01,12100,13600,1500,12.4,c1f1dde3af96474c,e422f1c0623576a2,133,133
通信器具,矩形導波管用フランジ,ＢＲＪ－１２０用,個,福井,01,17100,19100,2000,11.7,633c8d15dba33e69,cdf220370324608d,133,133
通信器具,矩形導波管用フランジ,ＷＲＪ－７用,個,福井,01,12900,14500,1600,12.4,b13278f2df461fb5,0fa32b113d5b46ab,133,133
通信器具,矩形導波管用フランジ,ＷＲＪ－１０用,個,福井,01,11800,13200,1400,11.86,ea947780f100a9b2,0b2152164626df48,133,133
通信器具,矩形導波管用フランジ,ＷＲＪ－１２０用,個,福井,01,17100,19100,2000,11.7,ee5803c725cd014a,1aacb1c69decf20f,133,133
通信器具,矩形導波管用ベンド,ＷＲＪ－７用 Ｅ面,個,福井,01,74700,83600,8900,11.91,3956e11d5f06a645,6c7b583beee9416f,133,133
通信器具,矩形導波管用ベンド,ＷＲＪ－７用 Ｈ面,個,福井,01,74700,83600,8900,11.91,73c3ced7c9b15a1f,b5f563e310b36820,133,133
通信器具,矩形導波管用ベンド,ＷＲＪ－１０用 Ｅ面,個,福井,01,67000,75000,8000,11.94,e31b86227240c545,12607f861120f710,133,133
通信器具,矩形導波管用ベンド,ＷＲＪ－１０用 Ｈ面,個,福井,01,67000,75000,8000,11.94,d9be9e5983b1b792,955d069afcc15d2d,133,133
通信器具,矩形導波管用ベンド,ＷＲＪ－１２０用 Ｅ面,個,福井,01,90700,101000,10300,11.36,2fa5c071d99c66a6,e35e99d960cc34d5,133,133
通信器具,矩形導波管用ベンド,ＷＲＪ－１２０用 Ｈ面,個,福井,01,90700,101000,10300,11.36,2e9f88043493ec5d,2e5232ab9257867c,133,133
通信器具,楕円導波管用変換コネクタ,矩形（ＷＲＪ－７）～楕円（６．５ＧＨｚ帯用）,個,福井,01,125000,140000,15000,12.0,9b792d884474ed4b,c322b3e101986e80,133,133
通信器具,楕円導波管用変換コネクタ,矩形（ＷＲＪ－７）～楕円（７．５ＧＨｚ帯用）,個,福井,01,125000,140000,15000,12.0,2189753e0b398cd3,b44af8df0cc5755b,133,133
通信器具,楕円導波管用変換コネクタ,矩形（ＷＲＪ－１０）～楕円（１２ＧＨｚ帯用）,個,福井,01,122000,136000,14000,11.48,28e21bbc5ae33da4,74b32e1538940d25,133,133
通信器具,楕円導波管用変換コネクタ,矩形（ＷＲＪ－１２０）～楕円（１２ＧＨｚ帯用）,個,福井,01,140000,157000,17000,12.14,84d883ec87bfd15b,5a1dc0b20a666719,133,133
通信器具,矩形導波管用固定金物,ＷＲＪ－７用 クランプ付,個,福井,01,7040,7890,850,12.07,83d245a96e18dac0,56037b98ef60d1c8,133,133
通信器具,矩形導波管用固定金物,ＷＲＪ－７用 クランプ無,個,福井,01,5580,6250,670,12.01,070ad932c797bac1,f97985c8903d7c87,133,133
通信器具,矩形導波管用固定金物,ＷＲＪ－１０用 クランプ付,個,福井,01,5940,6660,720,12.12,2601dd5b7df975b3,d0a47f6825abd4b1,133,133
通信器具,矩形導波管用固定金物,ＷＲＪ－１０用 クランプ無,個,福井,01,4660,5220,560,12.02,3ca5ea429a0d317f,5eae265ae1e8fbd6,133,133
通信器具,矩形導波管用固定金物,ＷＲＪ－１２０用 クランプ付,個,福井,01,4810,5390,580,12.06,598fd0ae4f4f8436,95d85e402d8074bb,133,133
通信器具,矩形導波管用固定金物,ＷＲＪ－１２０用 クランプ無,個,福井,01,3210,3590,380,11.84,b327a6780860bfb3,772e3e9a2a4d1964,133,133
通信器具,楕円導波管用固定金物,６．５ＧＨｚ帯用 クランプ付,個,福井,01,4530,5080,550,12.14,8950923352f854b2,2ead66d479d6f92b,133,133
通信器具,楕円導波管用固定金物,６．５ＧＨｚ帯用 クランプ無,個,福井,01,3790,4250,460,12.14,2aac75b07b045c48,2f00ed8744eec37b,133,133
通信器具,矩形導波管用フランジ,ＢＲＪ－１０用,個,滋賀,02,11800,13200,1400,11.86,c1a542d91bfc735f,f9e78bddbdadf79e,133,133
通信器具,矩形導波管用フランジ,ＰＲＪ－１０Ｇ用,個,滋賀,02,12100,13600,1500,12.4,c116079cf37c169b,1c39a23634f150ea,133,133
通信器具,矩形導波管用フランジ,ＰＲＪ－１０Ｐ用,個,滋賀,02,12100,13600,1500,12.4,1ebf8b74f3f4db14,bfd4433253c53598,133,133
通信器具,矩形導波管用フランジ,ＢＲＪ－１２０用,個,滋賀,02,17100,19100,2000,11.7,d71baa877aaf4be5,9f290b31c917c2a8,133,133
通信器具,矩形導波管用フランジ,ＷＲＪ－７用,個,滋賀,02,12900,14500,1600,12.4,7d5cdc5b1f1fd2cd,deab4607b95a14d2,133,133
通信器具,矩形導波管用フランジ,ＷＲＪ－１０用,個,滋賀,02,11800,13200,1400,11.86,d047d4e126530707,0f7bba8a3806d30b,133,133
通信器具,矩形導波管用フランジ,ＷＲＪ－１２０用,個,滋賀,02,17100,19100,2000,11.7,5764331481e18e6b,4fa9e0eeee69cc0c,133,133
通信器具,矩形導波管用ベンド,ＷＲＪ－７用 Ｅ面,個,滋賀,02,74700,83600,8900,11.91,791bee31d0db73df,8100fd51cfbc7451,133,133
通信器具,矩形導波管用ベンド,ＷＲＪ－７用 Ｈ面,個,滋賀,02,74700,83600,8900,11.91,b8c6ee9c5cbb403e,14328c7051651b2e,133,133
通信器具,矩形導波管用ベンド,ＷＲＪ－１０用 Ｅ面,個,滋賀,02,67000,75000,8000,11.94,63bf0f46b0c5bf01,1f9abb828874eeea,133,133
通信器具,矩形導波管用ベンド,ＷＲＪ－１０用 Ｈ面,個,滋賀,02,67000,75000,8000,11.94,c27b6a29e5f968bf,74fdce7d77313fae,133,133
通信器具,矩形導波管用ベンド,ＷＲＪ－１２０用 Ｅ面,個,滋賀,02,90700,101000,10300,11.36,68f864506e857af9,c2215636bc4f0e87,133,133
通信器具,矩形導波管用ベンド,ＷＲＪ－１２０用 Ｈ面,個,滋賀,02,90700,101000,10300,11.36,5c14a78fed00ce30,f555787d1c731f8d,133,133
通信器具,楕円導波管用変換コネクタ,矩形（ＷＲＪ－７）～楕円（６．５ＧＨｚ帯用）,個,滋賀,02,125000,140000,15000,12.0,795c8b0b455ef1ae,a014bdc23f55b0a7,133,133
通信器具,楕円導波管用変換コネクタ,矩形（ＷＲＪ－７）～楕円（７．５ＧＨｚ帯用）,個,滋賀,02,125000,140000,15000,12.0,3bde5398d6d83fd2,43ab8b4d80c1aba8,133,133
通信器具,楕円導波管用変換コネクタ,矩形（ＷＲＪ－１０）～楕円（１２ＧＨｚ帯用）,個,滋賀,02,122000,136000,14000,11.48,08f73fa22a609984,ab8d2072e5a2c6fb,133,133
通信器具,楕円導波管用変換コネクタ,矩形（ＷＲＪ－１２０）～楕円（１２ＧＨｚ帯用）,個,滋賀,02,140000,157000,17000,12.14,1c01025720e4202e,8b9058d4ebdaa2e9,133,133
通信器具,矩形導波管用固定金物,ＷＲＪ－７用 クランプ付,個,滋賀,02,7040,7890,850,12.07,3790ece647f58644,12ae7ff6883968bc,133,133
通信器具,矩形導波管用固定金物,ＷＲＪ－７用 クランプ無,個,滋賀,02,5580,6250,670,12.01,0ea6035dc09e3eca,9fa0bc632951bec4,133,133
通信器具,矩形導波管用固定金物,ＷＲＪ－１０用 クランプ付,個,滋賀,02,5940,6660,720,12.12,536ef446176c53b1,1d5b2d285cdb8170,133,133
通信器具,矩形導波管用固定金物,ＷＲＪ－１０用 クランプ無,個,滋賀,02,4660,5220,560,12.02,eaf0ee753666ba7e,afa5634e16389b54,133,133
通信器具,矩形導波管用固定金物,ＷＲＪ－１２０用 クランプ付,個,滋賀,02,4810,5390,580,12.06,526f85a19823f6e2,dae93783801315ab,133,133
通信器具,矩形導波管用固定金物,ＷＲＪ－１２０用 クランプ無,個,滋賀,02,3210,3590,380,11.84,87275e2b4874b233,d72b6e302fe9de50,133,133
通信器具,楕円導波管用固定金物,６．５ＧＨｚ帯用 クランプ付,個,滋賀,02,4530,5080,550,12.14,049f5331a6676a56,a0461f1540a7d13f,133,133
通信器具,楕円導波管用固定金物,６．５ＧＨｚ帯用 クランプ無,個,滋賀,02,3790,4250,460,12.14,02c3550ac0a14aa8,c33dc11fc262b500,133,133
通信器具,矩形導波管用フランジ,ＢＲＪ－１０用,個,京都北部,03,11800,13200,1400,11.86,36d2e2decb13f4d8,29e0910e07d236cc,133,133
通信器具,矩形導波管用フランジ,ＰＲＪ－１０Ｇ用,個,京都北部,03,12100,13600,1500,12.4,eff448347134fd8b,529f6484b145f42f,133,133
通信器具,矩形導波管用フランジ,ＰＲＪ－１０Ｐ用,個,京都北部,03,12100,13600,1500,12.4,62eba1fc5af0bf76,e59912c66404fc0e,133,133
通信器具,矩形導波管用フランジ,ＢＲＪ－１２０用,個,京都北部,03,17100,19100,2000,11.7,a0ca5b6081e6c707,876612134051022b,133,133
通信器具,矩形導波管用フランジ,ＷＲＪ－７用,個,京都北部,03,12900,14500,1600,12.4,2e8d3ce296e648df,8f1608328c523736,133,133
通信器具,矩形導波管用フランジ,ＷＲＪ－１０用,個,京都北部,03,11800,13200,1400,11.86,ad2f111323d4bb6d,1e47fc2f687cffe4,133,133
通信器具,矩形導波管用フランジ,ＷＲＪ－１２０用,個,京都北部,03,17100,19100,2000,11.7,18bbfd6405333ac5,ae9b53fcc73de33a,133,133
通信器具,矩形導波管用ベンド,ＷＲＪ－７用 Ｅ面,個,京都北部,03,74700,83600,8900,11.91,d427f91e0eafeb2a,d34728937483d9e2,133,133
通信器具,矩形導波管用ベンド,ＷＲＪ－７用 Ｈ面,個,京都北部,03,74700,83600,8900,11.91,e0a40a97e1a6c6ee,d6047cbb97a5ab17,133,133
通信器具,矩形導波管用ベンド,ＷＲＪ－１０用 Ｅ面,個,京都北部,03,67000,75000,8000,11.94,b131a13e346da35a,2d9f52ce53170f8f,133,133
通信器具,矩形導波管用ベンド,ＷＲＪ－１０用 Ｈ面,個,京都北部,03,67000,75000,8000,11.94,515504de74ff1de8,40ad0a6984133d97,133,133
通信器具,矩形導波管用ベンド,ＷＲＪ－１２０用 Ｅ面,個,京都北部,03,90700,101000,10300,11.36,b96b04790816acd4,7373d3edf9768196,133,133
通信器具,矩形導波管用ベンド,ＷＲＪ－１２０用 Ｈ面,個,京都北部,03,90700,101000,10300,11.36,a6da954d5c02fbbe,b0eb49653b490105,133,133
通信器具,楕円導波管用変換コネクタ,矩形（ＷＲＪ－７）～楕円（６．５ＧＨｚ帯用）,個,京都北部,03,125000,140000,15000,12.0,92930ce927312c72,52deb6e819e2130c,133,133
通信器具,楕円導波管用変換コネクタ,矩形（ＷＲＪ－７）～楕円（７．５ＧＨｚ帯用）,個,京都北部,03,125000,140000,15000,12.0,6622de25aec494d8,07762fe2ed4a54ef,133,133
通信器具,楕円導波管用変換コネクタ,矩形（ＷＲＪ－１０）～楕円（１２ＧＨｚ帯用）,個,京都北部,03,122000,136000,14000,11.48,c4985ae398581c7c,7844dc29fc48fac8,133,133
通信器具,楕円導波管用変換コネクタ,矩形（ＷＲＪ－１２０）～楕円（１２ＧＨｚ帯用）,個,京都北部,03,140000,157000,17000,12.14,dee53e49cb42171f,e7e2827c40715b16,133,133
通信器具,矩形導波管用固定金物,ＷＲＪ－７用 クランプ付,個,京都北部,03,7040,7890,850,12.07,d3bd12350705fb50,a98cac9baf6ff330,133,133
通信器具,矩形導波管用固定金物,ＷＲＪ－７用 クランプ無,個,京都北部,03,5580,6250,670,12.01,3bdee63df0695be0,812497d3e06be229,133,133
通信器具,矩形導波管用固定金物,ＷＲＪ－１０用 クランプ付,個,京都北部,03,5940,6660,720,12.12,b7bdadc3405d3949,e9714e3b8e46914a,133,133
通信器具,矩形導波管用固定金物,ＷＲＪ－１０用 クランプ無,個,京都北部,03,4660,5220,560,12.02,4c0d603159c1aad2,7b090f69604826d5,133,133
通信器具,矩形導波管用固定金物,ＷＲＪ－１２０用 クランプ付,個,京都北部,03,4810,5390,580,12.06,e898ba31e02a8280,865bd4a64afabfdb,133,133
通信器具,矩形導波管用固定金物,ＷＲＪ－１２０用 クランプ無,個,京都北部,03,3210,3590,380,11.84,57151087f40b2f12,a1f6824b2366ea6d,133,133
通信器具,楕円導波管用固定金物,６．５ＧＨｚ帯用 クランプ付,個,京都北部,03,4530,5080,550,12.14,4d9c399c20d00319,3c0f5ae82f0670b1,133,133
通信器具,楕円導波管用固定金物,６．５ＧＨｚ帯用 クランプ無,個,京都北部,03,3790,4250,460,12.14,78a7ac46d51d8eb5,52afc1bb40df954e,133,133
通信器具,矩形導波管用フランジ,ＢＲＪ－１０用,個,京都南部,04,11800,13200,1400,11.86,5356174141988481,a0a78052965a2949,133,133
通信器具,矩形導波管用フランジ,ＰＲＪ－１０Ｇ用,個,京都南部,04,12100,13600,1500,12.4,4b6455e2802bdfec,0c61d250be773548,133,133
通信器具,矩形導波管用フランジ,ＰＲＪ－１０Ｐ用,個,京都南部,04,12100,13600,1500,12.4,e82982b76c6f5d22,7deae48c0b706125,133,133
通信器具,矩形導波管用フランジ,ＢＲＪ－１２０用,個,京都南部,04,17100,19100,2000,11.7,513063889655372c,736fe9b210f0366d,133,133
通信器具,矩形導波管用フランジ,ＷＲＪ－７用,個,京都南部,04,12900,14500,1600,12.4,eb203a2f6fc9893c,82298ec941222126,133,133
通信器具,矩形導波管用フランジ,ＷＲＪ－１０用,個,京都南部,04,11800,13200,1400,11.86,0d5f19bf64721320,df66fbeb1087d93e,133,133
通信器具,矩形導波管用フランジ,ＷＲＪ－１２０用,個,京都南部,04,17100,19100,2000,11.7,f5a466498f3fe695,ec96063f439751ae,133,133
通信器具,矩形導波管用ベンド,ＷＲＪ－７用 Ｅ面,個,京都南部,04,74700,83600,8900,11.91,bdde15d712638e14,4a882b999ddfbc5b,133,133
通信器具,矩形導波管用ベンド,ＷＲＪ－７用 Ｈ面,個,京都南部,04,74700,83600,8900,11.91,fca64a3e4057d5aa,67a97f3eea86c420,133,133
通信器具,矩形導波管用ベンド,ＷＲＪ－１０用 Ｅ面,個,京都南部,04,67000,75000,8000,11.94,d03cb7123d310b52,9a8f5cd3bbdc9755,133,133
通信器具,矩形導波管用ベンド,ＷＲＪ－１０用 Ｈ面,個,京都南部,04,67000,75000,8000,11.94,f622bc107c923ee9,6e6661f405aeadce,133,133
通信器具,矩形導波管用ベンド,ＷＲＪ－１２０用 Ｅ面,個,京都南部,04,90700,101000,10300,11.36,e5a0ec43bff583a3,26070c730ef48cfa,133,133
通信器具,矩形導波管用ベンド,ＷＲＪ－１２０用 Ｈ面,個,京都南部,04,90700,101000,10300,11.36,25be33f23cf0e0da,2afe68c69ab52cb2,133,133
通信器具,楕円導波管用変換コネクタ,矩形（ＷＲＪ－７）～楕円（６．５ＧＨｚ帯用）,個,京都南部,04,125000,140000,15000,12.0,81638cac15b906b4,168d60cccd0fcf94,133,133
通信器具,楕円導波管用変換コネクタ,矩形（ＷＲＪ－７）～楕円（７．５ＧＨｚ帯用）,個,京都南部,04,125000,140000,15000,12.0,baf13d92de0fdb39,6faa1c42af1a41dd,133,133
通信器具,楕円導波管用変換コネクタ,矩形（ＷＲＪ－１０）～楕円（１２ＧＨｚ帯用）,個,京都南部,04,122000,136000,14000,11.48,4bcb7802986b0635,b6a7307c432fade6,133,133
通信器具,楕円導波管用変換コネクタ,矩形（ＷＲＪ－１２０）～楕円（１２ＧＨｚ帯用）,個,京都南部,04,140000,157000,17000,12.14,ed87bbedc35d4956,818373f5c7fd27d5,133,133
通信器具,矩形導波管用固定金物,ＷＲＪ－７用 クランプ付,個,京都南部,04,7040,7890,850,12.07,e67688c8210aa2b5,b0146114e808dcd8,133,133
通信器具,矩形導波管用固定金物,ＷＲＪ－７用 クランプ無,個,京都南部,04,5580,6250,670,12.01,65739760aa95ca05,b6fecd31af55b553,133,133
通信器具,矩形導波管用固定金物,ＷＲＪ－１０用 クランプ付,個,京都南部,04,5940,6660,720,12.12,929ae9be8cbe6ec3,1e9b5f58b0c7ba0f,133,133
通信器具,矩形導波管用固定金物,ＷＲＪ－１０用 クランプ無,個,京都南部,04,4660,5220,560,12.02,943613c20fb9dfb2,1151594c6b852f27,133,133
通信器具,矩形導波管用固定金物,ＷＲＪ－１２０用 クランプ付,個,京都南部,04,4810,5390,580,12.06,2cad40a9bdc5cf30,7e523574689bf7a5,133,133
通信器具,矩形導波管用固定金物,ＷＲＪ－１２０用 クランプ無,個,京都南部,04,3210,3590,380,11.84,18d9c6f33dffc2de,8fbee53eeed17713,133,133
通信器具,楕円導波管用固定金物,６．５ＧＨｚ帯用 クランプ付,個,京都南部,04,4530,5080,550,12.14,2cde984062028b68,fcedb258c22606f0,133,133
通信器具,楕円導波管用固定金物,６．５ＧＨｚ帯用 クランプ無,個,京都南部,04,3790,4250,460,12.14,a28a89079ffbaa78,f66e56eb0ed632ba,133,133
通信器具,矩形導波管用フランジ,ＢＲＪ－１０用,個,大阪,05,11800,13200,1400,11.86,a24b44a79484d90e,89d60d691daf788a,133,133
通信器具,矩形導波管用フランジ,ＰＲＪ－１０Ｇ用,個,大阪,05,12100,13600,1500,12.4,8958ce17142700d0,2b1344ea0d90cb9f,133,133
通信器具,矩形導波管用フランジ,ＰＲＪ－１０Ｐ用,個,大阪,05,12100,13600,1500,12.4,af90c333dd95823c,43727fdf23a6cefd,133,133
通信器具,矩形導波管用フランジ,ＢＲＪ－１２０用,個,大阪,05,17100,19100,2000,11.7,46ac8b92b5fd3fb3,f1bcb3ad368e0551,133,133
通信器具,矩形導波管用フランジ,ＷＲＪ－７用,個,大阪,05,12900,14500,1600,12.4,fc8fdbbe8677d524,3074faf4ae8e0063,133,133
通信器具,矩形導波管用フランジ,ＷＲＪ－１０用,個,大阪,05,11800,13200,1400,11.86,584c1032e695a919,c9775152f3aca34f,133,133
通信器具,矩形導波管用フランジ,ＷＲＪ－１２０用,個,大阪,05,17100,19100,2000,11.7,8f95ca7cbe210c3b,d68eb46ca3fef7d3,133,133
通信器具,矩形導波管用ベンド,ＷＲＪ－７用 Ｅ面,個,大阪,05,74700,83600,8900,11.91,1af2e5f042e0de8a,8380d18c554b8b2c,133,133
通信器具,矩形導波管用ベンド,ＷＲＪ－７用 Ｈ面,個,大阪,05,74700,83600,8900,11.91,8b11c57c6238d334,2e045f7786b078c1,133,133
通信器具,矩形導波管用ベンド,ＷＲＪ－１０用 Ｅ面,個,大阪,05,67000,75000,8000,11.94,9ee0e6c8453c750c,eb51594eadf936d7,133,133
通信器具,矩形導波管用ベンド,ＷＲＪ－１０用 Ｈ面,個,大阪,05,67000,75000,8000,11.94,9056a733c81e5a70,68d73ecc44762b1f,133,133
通信器具,矩形導波管用ベンド,ＷＲＪ－１２０用 Ｅ面,個,大阪,05,90700,101000,10300,11.36,8bddcd787be491c8,19ed16c45d0177cb,133,133
通信器具,矩形導波管用ベンド,ＷＲＪ－１２０用 Ｈ面,個,大阪,05,90700,101000,10300,11.36,8422a4806ce80031,7b1e695b1663c94e,133,133
通信器具,楕円導波管用変換コネクタ,矩形（ＷＲＪ－７）～楕円（６．５ＧＨｚ帯用）,個,大阪,05,125000,140000,15000,12.0,83730204e38164a7,1852abfba9e43eb3,133,133
通信器具,楕円導波管用変換コネクタ,矩形（ＷＲＪ－７）～楕円（７．５ＧＨｚ帯用）,個,大阪,05,125000,140000,15000,12.0,88768d8e4dc897b5,2d3902bf282e7662,133,133
通信器具,楕円導波管用変換コネクタ,矩形（ＷＲＪ－１０）～楕円（１２ＧＨｚ帯用）,個,大阪,05,122000,136000,14000,11.48,fe80e168198cc7c6,90f13e39cf39e3eb,133,133
通信器具,楕円導波管用変換コネクタ,矩形（ＷＲＪ－１２０）～楕円（１２ＧＨｚ帯用）,個,大阪,05,140000,157000,17000,12.14,d91fb17083f0a483,29c00b3f1044b06e,133,133
通信器具,矩形導波管用固定金物,ＷＲＪ－７用 クランプ付,個,大阪,05,7040,7890,850,12.07,f56b137eaa328c85,de5f09eb59372ddc,133,133
通信器具,矩形導波管用固定金物,ＷＲＪ－７用 クランプ無,個,大阪,05,5580,6250,670,12.01,779f565f9661d26d,a81ffc1d75aa34eb,133,133
通信器具,矩形導波管用固定金物,ＷＲＪ－１０用 クランプ付,個,大阪,05,5940,6660,720,12.12,f9fdd4d015a46088,0655ce5b92a76c00,133,133
通信器具,矩形導波管用固定金物,ＷＲＪ－１０用 クランプ無,個,大阪,05,4660,5220,560,12.02,53554b852f745d24,d523cecb2f79222f,133,133
通信器具,矩形導波管用固定金物,ＷＲＪ－１２０用 クランプ付,個,大阪,05,4810,5390,580,12.06,4ea8f840b2c44e0d,a39c725ed9ff1d03,133,133
通信器具,矩形導波管用固定金物,ＷＲＪ－１２０用 クランプ無,個,大阪,05,3210,3590,380,11.84,63fb0ac8488d5304,7b711c9537b2ea05,133,133
通信器具,楕円導波管用固定金物,６．５ＧＨｚ帯用 クランプ付,個,大阪,05,4530,5080,550,12.14,f04bcc42a08db090,ac6d6d9bc8ba96f8,133,133
通信器具,楕円導波管用固定金物,６．５ＧＨｚ帯用 クランプ無,個,大阪,05,3790,4250,460,12.14,9741ac5d71946a3e,fc6006d72ddc3d7e,133,133
通信器具,矩形導波管用フランジ,ＢＲＪ－１０用,個,兵庫北部,06,11800,13200,1400,11.86,7d25f0e82a02c77c,de82a9cae8f4f3a9,133,133
通信器具,矩形導波管用フランジ,ＰＲＪ－１０Ｇ用,個,兵庫北部,06,12100,13600,1500,12.4,c20e3bd47ff640e0,370c89038c62f4c8,133,133
通信器具,矩形導波管用フランジ,ＰＲＪ－１０Ｐ用,個,兵庫北部,06,12100,13600,1500,12.4,8c65fc37dcf58f4e,8a13002117265788,133,133
通信器具,矩形導波管用フランジ,ＢＲＪ－１２０用,個,兵庫北部,06,17100,19100,2000,11.7,3ef79fa33f2923f8,36caf0e46d648fcf,133,133
通信器具,矩形導波管用フランジ,ＷＲＪ－７用,個,兵庫北部,06,12900,14500,1600,12.4,8b1fc4b429961cae,627b2b28f8a989fa,133,133
通信器具,矩形導波管用フランジ,ＷＲＪ－１０用,個,兵庫北部,06,11800,13200,1400,11.86,5f454904efd6df30,03463346b5baacd9,133,133
通信器具,矩形導波管用フランジ,ＷＲＪ－１２０用,個,兵庫北部,06,17100,19100,2000,11.7,c83728ee386a85e7,b3af61c22ee61bb4,133,133
通信器具,矩形導波管用ベンド,ＷＲＪ－７用 Ｅ面,個,兵庫北部,06,74700,83600,8900,11.91,aa374ca33e8bbdbd,522c77d9303a0627,133,133
通信器具,矩形導波管用ベンド,ＷＲＪ－７用 Ｈ面,個,兵庫北部,06,74700,83600,8900,11.91,7011a3e7c758df57,d5c5f5389eb2e8a4,133,133
通信器具,矩形導波管用ベンド,ＷＲＪ－１０用 Ｅ面,個,兵庫北部,06,67000,75000,8000,11.94,f1b62180b38d7ef6,31a040b0cbced7cf,133,133
通信器具,矩形導波管用ベンド,ＷＲＪ－１０用 Ｈ面,個,兵庫北部,06,67000,75000,8000,11.94,07e7dc8bf4fb75b7,781fa1322f041d9c,133,133
通信器具,矩形導波管用ベンド,ＷＲＪ－１２０用 Ｅ面,個,兵庫北部,06,90700,101000,10300,11.36,d600533dd1cf5d4d,9ccb995a2992d4bb,133,133
通信器具,矩形導波管用ベンド,ＷＲＪ－１２０用 Ｈ面,個,兵庫北部,06,90700,101000,10300,11.36,c0572579efd0f0c4,20f422507e86fd88,133,133
通信器具,楕円導波管用変換コネクタ,矩形（ＷＲＪ－７）～楕円（６．５ＧＨｚ帯用）,個,兵庫北部,06,125000,140000,15000,12.0,a81433f454c52057,eeaec7e22de980f4,133,133
通信器具,楕円導波管用変換コネクタ,矩形（ＷＲＪ－７）～楕円（７．５ＧＨｚ帯用）,個,兵庫北部,06,125000,140000,15000,12.0,47cfd83017955da6,de0978a2a90ff553,133,133
通信器具,楕円導波管用変換コネクタ,矩形（ＷＲＪ－１０）～楕円（１２ＧＨｚ帯用）,個,兵庫北部,06,122000,136000,14000,11.48,1f4abcd54ef82f6c,48ea951e92bbc74d,133,133
通信器具,楕円導波管用変換コネクタ,矩形（ＷＲＪ－１２０）～楕円（１２ＧＨｚ帯用）,個,兵庫北部,06,140000,157000,17000,12.14,bedcd8b6ae9638e0,94ea33b225f1bb8b,133,133
通信器具,矩形導波管用固定金物,ＷＲＪ－７用 クランプ付,個,兵庫北部,06,7040,7890,850,12.07,186d3ec8cdb69142,683bbae3728f5710,133,133
通信器具,矩形導波管用固定金物,ＷＲＪ－７用 クランプ無,個,兵庫北部,06,5580,6250,670,12.01,5c148f80a860c8c1,a4968fd2b0afa399,133,133
通信器具,矩形導波管用固定金物,ＷＲＪ－１０用 クランプ付,個,兵庫北部,06,5940,6660,720,12.12,58ca483b2b2bb3d6,9f58e93fe99a50f4,133,133
通信器具,矩形導波管用固定金物,ＷＲＪ－１０用 クランプ無,個,兵庫北部,06,4660,5220,560,12.02,ffcabe7c7f61a596,d22d67513b1e6ae1,133,133
通信器具,矩形導波管用固定金物,ＷＲＪ－１２０用 クランプ付,個,兵庫北部,06,4810,5390,580,12.06,adaf0454d515cc72,206dfb67943b3d00,133,133
通信器具,矩形導波管用固定金物,ＷＲＪ－１２０用 クランプ無,個,兵庫北部,06,3210,3590,380,11.84,bf2e83991fa93954,8f3bfdccb0a143ce,133,133
通信器具,楕円導波管用固定金物,６．５ＧＨｚ帯用 クランプ付,個,兵庫北部,06,4530,5080,550,12.14,575d725fdb89a250,c71b5095dadf7f2f,133,133
通信器具,楕円導波管用固定金物,６．５ＧＨｚ帯用 クランプ無,個,兵庫北部,06,3790,4250,460,12.14,f0d741c8770e9db7,e0b447c28fd44f38,133,133
通信器具,矩形導波管用フランジ,ＢＲＪ－１０用,個,兵庫西部,07,11800,13200,1400,11.86,46df67dd0d77690e,2413521047c7e4a4,133,133
通信器具,矩形導波管用フランジ,ＰＲＪ－１０Ｇ用,個,兵庫西部,07,12100,13600,1500,12.4,0ca4100d2fc163cb,0e1d49a08f54a058,133,133
通信器具,矩形導波管用フランジ,ＰＲＪ－１０Ｐ用,個,兵庫西部,07,12100,13600,1500,12.4,dbd2759ea6215afe,63e5aaa4d041fbfc,133,133
通信器具,矩形導波管用フランジ,ＢＲＪ－１２０用,個,兵庫西部,07,17100,19100,2000,11.7,4c3b67199df16894,07454e816e14e450,133,133
通信器具,矩形導波管用フランジ,ＷＲＪ－７用,個,兵庫西部,07,12900,14500,1600,12.4,79f6cb064d21b037,f0b95d2efd2cff6d,133,133
通信器具,矩形導波管用フランジ,ＷＲＪ－１０用,個,兵庫西部,07,11800,13200,1400,11.86,26e6571c04a6d5a2,18003ea8b14fe9b6,133,133
通信器具,矩形導波管用フランジ,ＷＲＪ－１２０用,個,兵庫西部,07,17100,19100,2000,11.7,7510e891ab01b6cc,9d9b64bba6d67e1a,133,133
通信器具,矩形導波管用ベンド,ＷＲＪ－７用 Ｅ面,個,兵庫西部,07,74700,83600,8900,11.91,df7849810e7f4668,89f3bc4ccf3eb530,133,133
通信器具,矩形導波管用ベンド,ＷＲＪ－７用 Ｈ面,個,兵庫西部,07,74700,83600,8900,11.91,a15f4e1f7eecbd63,2bf6bb778d9028d1,133,133
通信器具,矩形導波管用ベンド,ＷＲＪ－１０用 Ｅ面,個,兵庫西部,07,67000,75000,8000,11.94,ff04ad8ca41cff65,012a488398d3e41e,133,133
通信器具,矩形導波管用ベンド,ＷＲＪ－１０用 Ｈ面,個,兵庫西部,07,67000,75000,8000,11.94,b051eb90c74ddf8c,f9ecc0332a01758d,133,133
通信器具,矩形導波管用ベンド,ＷＲＪ－１２０用 Ｅ面,個,兵庫西部,07,90700,101000,10300,11.36,485a4c930a734b98,5581a7b06be6615d,133,133
通信器具,矩形導波管用ベンド,ＷＲＪ－１２０用 Ｈ面,個,兵庫西部,07,90700,101000,10300,11.36,73cf8d4210211b31,11fc0b91d50b01ad,133,133
通信器具,楕円導波管用変換コネクタ,矩形（ＷＲＪ－７）～楕円（６．５ＧＨｚ帯用）,個,兵庫西部,07,125000,140000,15000,12.0,3bbf839f503aebba,8ef9eb3d7aac2805,133,133
通信器具,楕円導波管用変換コネクタ,矩形（ＷＲＪ－７）～楕円（７．５ＧＨｚ帯用）,個,兵庫西部,07,125000,140000,15000,12.0,85f1b64f2fc2f01b,4dc63d1cd22e3052,133,133
通信器具,楕円導波管用変換コネクタ,矩形（ＷＲＪ－１０）～楕円（１２ＧＨｚ帯用）,個,兵庫西部,07,122000,136000,14000,11.48,db8e1b0beacef0a3,4f1dab9527821b66,133,133
通信器具,楕円導波管用変換コネクタ,矩形（ＷＲＪ－１２０）～楕円（１２ＧＨｚ帯用）,個,兵庫西部,07,140000,157000,17000,12.14,5b9138ca0e7cab9b,5c1843c2e5017e7a,133,133
通信器具,矩形導波管用固定金物,ＷＲＪ－７用 クランプ付,個,兵庫西部,07,7040,7890,850,12.07,e89d046ac2be697a,48a5c1d59f30130e,133,133
通信器具,矩形導波管用固定金物,ＷＲＪ－７用 クランプ無,個,兵庫西部,07,5580,6250,670,12.01,e97e45c7c6a56ad9,4cf099002b09b797,133,133
通信器具,矩形導波管用固定金物,ＷＲＪ－１０用 クランプ付,個,兵庫西部,07,5940,6660,720,12.12,7b9e7e957f4afd1a,aa6329332f54a3c1,133,133
通信器具,矩形導波管用固定金物,ＷＲＪ－１０用 クランプ無,個,兵庫西部,07,4660,5220,560,12.02,b379f95526ed2ecb,b285e8db56a58120,133,133
通信器具,矩形導波管用固定金物,ＷＲＪ－１２０用 クランプ付,個,兵庫西部,07,4810,5390,580,12.06,d2024b637cdacefe,1f441818b24eb060,133,133
通信器具,矩形導波管用固定金物,ＷＲＪ－１２０用 クランプ無,個,兵庫西部,07,3210,3590,380,11.84,206a95c6994dc286,42fca96ab4295756,133,133
通信器具,楕円導波管用固定金物,６．５ＧＨｚ帯用 クランプ付,個,兵庫西部,07,4530,5080,550,12.14,4060995f57aa1bfa,97c71dd4e07b82e2,133,133
通信器具,楕円導波管用固定金物,６．５ＧＨｚ帯用 クランプ無,個,兵庫西部,07,3790,4250,460,12.14,29127a87ad579799,25d1a7e70d027eb3,133,133
通信器具,矩形導波管用フランジ,ＢＲＪ－１０用,個,兵庫,08,11800,13200,1400,11.86,404765976b5ae841,6b812214c99b7799,133,133
通信器具,矩形導波管用フランジ,ＰＲＪ－１０Ｇ用,個,兵庫,08,12100,13600,1500,12.4,45cd3a6b039831fe,9f8cb63d8d5f0627,133,133
通信器具,矩形導波管用フランジ,ＰＲＪ－１０Ｐ用,個,兵庫,08,12100,13600,1500,12.4,21683c52395f8ccb,806227ff48b81e2a,133,133
通信器具,矩形導波管用フランジ,ＢＲＪ－１２０用,個,兵庫,08,17100,19100,2000,11.7,436a417a295315a9,5cd2d3ae988ef643,133,133
通信器具,矩形導波管用フランジ,ＷＲＪ－７用,個,兵庫,08,12900,14500,1600,12.4,bf2a8b64721a5da3,2e288d7789a70ad4,133,133
通信器具,矩形導波管用フランジ,ＷＲＪ－１０用,個,兵庫,08,11800,13200,1400,11.86,4a5914819bfad62f,c909d6646258d46a,133,133
通信器具,矩形導波管用フランジ,ＷＲＪ－１２０用,個,兵庫,08,17100,19100,2000,11.7,196519192b7c0af2,9594a6e60ee63e91,133,133
通信器具,矩形導波管用ベンド,ＷＲＪ－７用 Ｅ面,個,兵庫,08,74700,83600,8900,11.91,43d4234c408c1b6a,1c7c67693e0dac2c,133,133
通信器具,矩形導波管用ベンド,ＷＲＪ－７用 Ｈ面,個,兵庫,08,74700,83600,8900,11.91,dec869904787ea9f,ee98eb041dc9fad3,133,133
通信器具,矩形導波管用ベンド,ＷＲＪ－１０用 Ｅ面,個,兵庫,08,67000,75000,8000,11.94,898e43da26637b17,753edbd62fc2f95b,133,133
通信器具,矩形導波管用ベンド,ＷＲＪ－１０用 Ｈ面,個,兵庫,08,67000,75000,8000,11.94,7255490c62425b14,8731af68d640d7ad,133,133
通信器具,矩形導波管用ベンド,ＷＲＪ－１２０用 Ｅ面,個,兵庫,08,90700,101000,10300,11.36,e830cd5526aa2d1b,93bda4919b67c555,133,133
通信器具,矩形導波管用ベンド,ＷＲＪ－１２０用 Ｈ面,個,兵庫,08,90700,101000,10300,11.36,85665f9ed4020420,7179bc2ccf41d6ca,133,133
通信器具,楕円導波管用変換コネクタ,矩形（ＷＲＪ－７）～楕円（６．５ＧＨｚ帯用）,個,兵庫,08,125000,140000,15000,12.0,0373a9da47a7f8ee,9ca3a176e44232ff,133,133
通信器具,楕円導波管用変換コネクタ,矩形（ＷＲＪ－７）～楕円（７．５ＧＨｚ帯用）,個,兵庫,08,125000,140000,15000,12.0,6c3c8bbd42b5cb89,616c5fe3b2aa6489,133,133
通信器具,楕円導波管用変換コネクタ,矩形（ＷＲＪ－１０）～楕円（１２ＧＨｚ帯用）,個,兵庫,08,122000,136000,14000,11.48,c425a72e3eef84d6,bda94b9e616fe4b3,133,133
通信器具,楕円導波管用変換コネクタ,矩形（ＷＲＪ－１２０）～楕円（１２ＧＨｚ帯用）,個,兵庫,08,140000,157000,17000,12.14,41a201d9f2dea079,c606895646103be8,133,133
通信器具,矩形導波管用固定金物,ＷＲＪ－７用 クランプ付,個,兵庫,08,7040,7890,850,12.07,2ded1bdd0cb22cd8,21326252f60be735,133,133
通信器具,矩形導波管用固定金物,ＷＲＪ－７用 クランプ無,個,兵庫,08,5580,6250,670,12.01,00db3528d00da68e,b706a16c5b25240f,133,133
通信器具,矩形導波管用固定金物,ＷＲＪ－１０用 クランプ付,個,兵庫,08,5940,6660,720,12.12,066ce70365f9cafd,92eb66138ebc6e17,133,133
通信器具,矩形導波管用固定金物,ＷＲＪ－１０用 クランプ無,個,兵庫,08,4660,5220,560,12.02,e94086a736a4b8e9,c5af78fc5e801134,133,133
通信器具,矩形導波管用固定金物,ＷＲＪ－１２０用 クランプ付,個,兵庫,08,4810,5390,580,12.06,d644ce5ad96cf5ac,b9246ed436023173,133,133
通信器具,矩形導波管用固定金物,ＷＲＪ－１２０用 クランプ無,個,兵庫,08,3210,3590,380,11.84,cec243f040694e85,e04a10011d73780c,133,133
通信器具,楕円導波管用固定金物,６．５ＧＨｚ帯用 クランプ付,個,兵庫,08,4530,5080,550,12.14,278d51c84e323eb1,f73baacb74b78ec5,133,133
通信器具,楕円導波管用固定金物,６．５ＧＨｚ帯用 クランプ無,個,兵庫,08,3790,4250,460,12.14,b458e66ed8531478,864e28bc136dabad,133,133
通信器具,矩形導波管用フランジ,ＢＲＪ－１０用,個,奈良,09,11800,13200,1400,11.86,116f1ac742d2f541,aae626fa80dc5d4d,133,133
通信器具,矩形導波管用フランジ,ＰＲＪ－１０Ｇ用,個,奈良,09,12100,13600,1500,12.4,f7eb315148001736,03702326795ba622,133,133
通信器具,矩形導波管用フランジ,ＰＲＪ－１０Ｐ用,個,奈良,09,12100,13600,1500,12.4,086f7daa95975044,2fdfddab81d5890e,133,133
通信器具,矩形導波管用フランジ,ＢＲＪ－１２０用,個,奈良,09,17100,19100,2000,11.7,419bf0f8764b5c00,c7e41cd4b5b405aa,133,133
通信器具,矩形導波管用フランジ,ＷＲＪ－７用,個,奈良,09,12900,14500,1600,12.4,90228d5a82281d74,9b736c01a34a1d0b,133,133
通信器具,矩形導波管用フランジ,ＷＲＪ－１０用,個,奈良,09,11800,13200,1400,11.86,a172a7dcc0360128,04a43ec3be29b572,133,133
通信器具,矩形導波管用フランジ,ＷＲＪ－１２０用,個,奈良,09,17100,19100,2000,11.7,ff469068cce01342,ca9c494eb02a9c26,133,133
通信器具,矩形導波管用ベンド,ＷＲＪ－７用 Ｅ面,個,奈良,09,74700,83600,8900,11.91,36798737dae9c853,d60c09078f181365,133,133
通信器具,矩形導波管用ベンド,ＷＲＪ－７用 Ｈ面,個,奈良,09,74700,83600,8900,11.91,7ab751b36d8e23a0,669a7353d51a5873,133,133
通信器具,矩形導波管用ベンド,ＷＲＪ－１０用 Ｅ面,個,奈良,09,67000,75000,8000,11.94,2a615110a1be6a0d,f3fc03747c85553e,133,133
通信器具,矩形導波管用ベンド,ＷＲＪ－１０用 Ｈ面,個,奈良,09,67000,75000,8000,11.94,a8fb3fc224e5eafe,0d50287a12eff463,133,133
通信器具,矩形導波管用ベンド,ＷＲＪ－１２０用 Ｅ面,個,奈良,09,90700,101000,10300,11.36,fbd5d25335411197,2c55d1416fbbbac2,133,133
通信器具,矩形導波管用ベンド,ＷＲＪ－１２０用 Ｈ面,個,奈良,09,90700,101000,10300,11.36,8fa4e8c37ebf18d9,dd72734507dcbea9,133,133
通信器具,楕円導波管用変換コネクタ,矩形（ＷＲＪ－７）～楕円（６．５ＧＨｚ帯用）,個,奈良,09,125000,140000,15000,12.0,d3db7ceae1922f88,c578bfcdf3cb54e7,133,133
通信器具,楕円導波管用変換コネクタ,矩形（ＷＲＪ－７）～楕円（７．５ＧＨｚ帯用）,個,奈良,09,125000,140000,15000,12.0,524165149bd0af6d,7d2054839fbb65f2,133,133
通信器具,楕円導波管用変換コネクタ,矩形（ＷＲＪ－１０）～楕円（１２ＧＨｚ帯用）,個,奈良,09,122000,136000,14000,11.48,373a9e62bd61748b,2dd4954aee7a350f,133,133
通信器具,楕円導波管用変換コネクタ,矩形（ＷＲＪ－１２０）～楕円（１２ＧＨｚ帯用）,個,奈良,09,140000,157000,17000,12.14,cfd370450ac753e9,36cf51aa0ede606a,133,133
通信器具,矩形導波管用固定金物,ＷＲＪ－７用 クランプ付,個,奈良,09,7040,7890,850,12.07,1ac14534f7d2b688,95f1e46f3d1bf901,133,133
通信器具,矩形導波管用固定金物,ＷＲＪ－７用 クランプ無,個,奈良,09,5580,6250,670,12.01,bdfb4949f2c0532c,804a8842d2762e53,133,133
通信器具,矩形導波管用固定金物,ＷＲＪ－１０用 クランプ付,個,奈良,09,5940,6660,720,12.12,2b6d182aeb65b969,74ed5a712b978288,133,133
通信器具,矩形導波管用固定金物,ＷＲＪ－１０用 クランプ無,個,奈良,09,4660,5220,560,12.02,f2cc598ad62fd2b1,42296b5859d5984b,133,133
通信器具,矩形導波管用固定金物,ＷＲＪ－１２０用 クランプ付,個,奈良,09,4810,5390,580,12.06,09e9fa09a05d266d,7f0a5c8bba76aac3,133,133
通信器具,矩形導波管用固定金物,ＷＲＪ－１２０用 クランプ無,個,奈良,09,3210,3590,380,11.84,55bc7429d597bbaa,4a2c9b6e560e24a6,133,133
通信器具,楕円導波管用固定金物,６．５ＧＨｚ帯用 クランプ付,個,奈良,09,4530,5080,550,12.14,b7f0d5aabfb56887,ce59f802c105c696,133,133
通信器具,楕円導波管用固定金物,６．５ＧＨｚ帯用 クランプ無,個,奈良,09,3790,4250,460,12.14,a00b597298ab0ac7,2fc080861ee70ec0,133,133
通信器具,矩形導波管用フランジ,ＢＲＪ－１０用,個,和歌山,10,11800,13200,1400,11.86,04e502571ef8ba03,1145f19c4440b50a,133,133
通信器具,矩形導波管用フランジ,ＰＲＪ－１０Ｇ用,個,和歌山,10,12100,13600,1500,12.4,639218188b4d2fac,1b711aff1c8fb4cd,133,133
通信器具,矩形導波管用フランジ,ＰＲＪ－１０Ｐ用,個,和歌山,10,12100,13600,1500,12.4,56bbdc21c9f005c2,e18cdde30527e25e,133,133
通信器具,矩形導波管用フランジ,ＢＲＪ－１２０用,個,和歌山,10,17100,19100,2000,11.7,1666be6973c05acc,b7fae48a0d98311a,133,133
通信器具,矩形導波管用フランジ,ＷＲＪ－７用,個,和歌山,10,12900,14500,1600,12.4,234e50a30ea6c6b3,aefe4d4aa0fb738a,133,133
通信器具,矩形導波管用フランジ,ＷＲＪ－１０用,個,和歌山,10,11800,13200,1400,11.86,3cada36770210d29,1a9d9557e0e8860b,133,133
通信器具,矩形導波管用フランジ,ＷＲＪ－１２０用,個,和歌山,10,17100,19100,2000,11.7,3c6a1cbd825ccd46,b89380240f2493f3,133,133
通信器具,矩形導波管用ベンド,ＷＲＪ－７用 Ｅ面,個,和歌山,10,74700,83600,8900,11.91,194a95813c6e069d,78e22be81df163d5,133,133
通信器具,矩形導波管用ベンド,ＷＲＪ－７用 Ｈ面,個,和歌山,10,74700,83600,8900,11.91,0bce85aa1797987b,8abc806f0acf5c6f,133,133
通信器具,矩形導波管用ベンド,ＷＲＪ－１０用 Ｅ面,個,和歌山,10,67000,75000,8000,11.94,bd17617f6d20b4f4,059b393bfebf0248,133,133
通信器具,矩形導波管用ベンド,ＷＲＪ－１０用 Ｈ面,個,和歌山,10,67000,75000,8000,11.94,fd23a88fb78ce3b2,67f0eb48813d7b54,133,133
通信器具,矩形導波管用ベンド,ＷＲＪ－１２０用 Ｅ面,個,和歌山,10,90700,101000,10300,11.36,825079a4109172f7,c8b2bbd29802948f,133,133
通信器具,矩形導波管用ベンド,ＷＲＪ－１２０用 Ｈ面,個,和歌山,10,90700,101000,10300,11.36,2f1397d28e46d46f,0f46ea1ca2623a88,133,133
通信器具,楕円導波管用変換コネクタ,矩形（ＷＲＪ－７）～楕円（６．５ＧＨｚ帯用）,個,和歌山,10,125000,140000,15000,12.0,5663477ed8dc9a77,672bb393a8dd9885,133,133
通信器具,楕円導波管用変換コネクタ,矩形（ＷＲＪ－７）～楕円（７．５ＧＨｚ帯用）,個,和歌山,10,125000,140000,15000,12.0,f843a1279157929f,35a3a6d6c1a3be8e,133,133
通信器具,楕円導波管用変換コネクタ,矩形（ＷＲＪ－１０）～楕円（１２ＧＨｚ帯用）,個,和歌山,10,122000,136000,14000,11.48,3736eb9ad376fc13,bc6e969fb7884afb,133,133
通信器具,楕円導波管用変換コネクタ,矩形（ＷＲＪ－１２０）～楕円（１２ＧＨｚ帯用）,個,和歌山,10,140000,157000,17000,12.14,8d7e4d7ff2fd38fe,82376595cdcdb63d,133,133
通信器具,矩形導波管用固定金物,ＷＲＪ－７用 クランプ付,個,和歌山,10,7040,7890,850,12.07,6f8ef01df29451f9,f27bde9d36a20776,133,133
通信器具,矩形導波管用固定金物,ＷＲＪ－７用 クランプ無,個,和歌山,10,5580,6250,670,12.01,d49b6d308baf1018,412caed69c52b828,133,133
通信器具,矩形導波管用固定金物,ＷＲＪ－１０用 クランプ付,個,和歌山,10,5940,6660,720,12.12,4e6d7a9a757a0423,d1066cb0bcda6222,133,133
通信器具,矩形導波管用固定金物,ＷＲＪ－１０用 クランプ無,個,和歌山,10,4660,5220,560,12.02,f7cf451180af36eb,667ab8f25c5df35a,133,133
通信器具,矩形導波管用固定金物,ＷＲＪ－１２０用 クランプ付,個,和歌山,10,4810,5390,580,12.06,421549fc98124cec,ce154d7342a19e85,133,133
通信器具,矩形導波管用固定金物,ＷＲＪ－１２０用 クランプ無,個,和歌山,10,3210,3590,380,11.84,b7f2a3ffd2b75329,a6cc9cfd9c0be30f,133,133
通信器具,楕円導波管用固定金物,６．５ＧＨｚ帯用 クランプ付,個,和歌山,10,4530,5080,550,12.14,063ebe021eaea9d2,5ae50efc906196d6,133,133
通信器具,楕円導波管用固定金物,６．５ＧＨｚ帯用 クランプ無,個,和歌山,10,3790,4250,460,12.14,db9f14810ade16a9,45ecf306628f152e,133,133
通信器具,矩形導波管用フランジ,ＢＲＪ－１０用,個,岐阜,11,11800,13200,1400,11.86,414744899e3bc3f1,bdedaa9c95f17f29,133,133
通信器具,矩形導波管用フランジ,ＰＲＪ－１０Ｇ用,個,岐阜,11,12100,13600,1500,12.4,9933fbaeb74fe1e4,749834ef6c55ea5f,133,133
通信器具,矩形導波管用フランジ,ＰＲＪ－１０Ｐ用,個,岐阜,11,12100,13600,1500,12.4,d92caab100e4924c,d5048c4ec2b2de5f,133,133
通信器具,矩形導波管用フランジ,ＢＲＪ－１２０用,個,岐阜,11,17100,19100,2000,11.7,6445e0d713b8b450,f5824d43e2dea683,133,133
通信器具,矩形導波管用フランジ,ＷＲＪ－７用,個,岐阜,11,12900,14500,1600,12.4,244fbe449b841728,102295c1e0b4af4e,133,133
通信器具,矩形導波管用フランジ,ＷＲＪ－１０用,個,岐阜,11,11800,13200,1400,11.86,db2c858c6ad2e826,036323adfdf6a66b,133,133
通信器具,矩形導波管用フランジ,ＷＲＪ－１２０用,個,岐阜,11,17100,19100,2000,11.7,f21c290758c42721,65224e4dd2c07542,133,133
通信器具,矩形導波管用ベンド,ＷＲＪ－７用 Ｅ面,個,岐阜,11,74700,83600,8900,11.91,be3b6f56b7867711,f0464164739b837c,133,133
通信器具,矩形導波管用ベンド,ＷＲＪ－７用 Ｈ面,個,岐阜,11,74700,83600,8900,11.91,b2770229a638b91f,37a6637ef3b1856b,133,133
通信器具,矩形導波管用ベンド,ＷＲＪ－１０用 Ｅ面,個,岐阜,11,67000,75000,8000,11.94,5d9340edb493b92d,a371b5fbe198e048,133,133
通信器具,矩形導波管用ベンド,ＷＲＪ－１０用 Ｈ面,個,岐阜,11,67000,75000,8000,11.94,f4c22f7acce0414d,41ef6d5298b7815c,133,133
通信器具,矩形導波管用ベンド,ＷＲＪ－１２０用 Ｅ面,個,岐阜,11,90700,101000,10300,11.36,b51a1b6f77083993,cbcaf861dbb10c6c,133,133
通信器具,矩形導波管用ベンド,ＷＲＪ－１２０用 Ｈ面,個,岐阜,11,90700,101000,10300,11.36,699f5c6d4ac23ffc,26c4b950bf0a6b28,133,133
通信器具,楕円導波管用変換コネクタ,矩形（ＷＲＪ－７）～楕円（６．５ＧＨｚ帯用）,個,岐阜,11,125000,140000,15000,12.0,6d0fa074f2d0fb68,6cf131688c1302b3,133,133
通信器具,楕円導波管用変換コネクタ,矩形（ＷＲＪ－７）～楕円（７．５ＧＨｚ帯用）,個,岐阜,11,125000,140000,15000,12.0,eda0311b4f90a551,5a72ec95df9b2961,133,133
通信器具,楕円導波管用変換コネクタ,矩形（ＷＲＪ－１０）～楕円（１２ＧＨｚ帯用）,個,岐阜,11,122000,136000,14000,11.48,2c9072786ffbed73,00ca732c07ec1478,133,133
通信器具,楕円導波管用変換コネクタ,矩形（ＷＲＪ－１２０）～楕円（１２ＧＨｚ帯用）,個,岐阜,11,140000,157000,17000,12.14,7c14ea95ed221435,ea13ee4696beaeab,133,133
通信器具,矩形導波管用固定金物,ＷＲＪ－７用 クランプ付,個,岐阜,11,7040,7890,850,12.07,219ef063941e1156,b01dfa4486c544e6,133,133
通信器具,矩形導波管用固定金物,ＷＲＪ－７用 クランプ無,個,岐阜,11,5580,6250,670,12.01,17a272f3957f8475,9c53e367dc3d50e2,133,133
通信器具,矩形導波管用固定金物,ＷＲＪ－１０用 クランプ付,個,岐阜,11,5940,6660,720,12.12,f93a030446af4c7e,c7934b24f28ddb4b,133,133
通信器具,矩形導波管用固定金物,ＷＲＪ－１０用 クランプ無,個,岐阜,11,4660,5220,560,12.02,f9e5e17e1c02c73f,a6836a6bcfe6278a,133,133
通信器具,矩形導波管用固定金物,ＷＲＪ－１２０用 クランプ付,個,岐阜,11,4810,5390,580,12.06,f5e5710922ac0f32,e909a73204ad6434,133,133
通信器具,矩形導波管用固定金物,ＷＲＪ－１２０用 クランプ無,個,岐阜,11,3210,3590,380,11.84,9e5c449087b437a8,e4b7677f0d265ed3,133,133
通信器具,楕円導波管用固定金物,６．５ＧＨｚ帯用 クランプ付,個,岐阜,11,4530,5080,550,12.14,dfdc08bd8f9c8c4d,4310ad8d64bba20d,133,133
通信器具,楕円導波管用固定金物,６．５ＧＨｚ帯用 クランプ無,個,岐阜,11,3790,4250,460,12.14,34baeb708df87cc7,0da5901c381fb957,133,133
通信器具,矩形導波管用フランジ,ＢＲＪ－１０用,個,三重,12,11800,13200,1400,11.86,eb41a7c41f09d108,1897b215ff79adae,133,133
通信器具,矩形導波管用フランジ,ＰＲＪ－１０Ｇ用,個,三重,12,12100,13600,1500,12.4,9343596adb5dbe5a,deb6e72b08bdb384,133,133
通信器具,矩形導波管用フランジ,ＰＲＪ－１０Ｐ用,個,三重,12,12100,13600,1500,12.4,1d8961ec9628ac9d,c37b58306068dd55,133,133
通信器具,矩形導波管用フランジ,ＢＲＪ－１２０用,個,三重,12,17100,19100,2000,11.7,b36454db61b0f24a,7050e836680aeaed,133,133
通信器具,矩形導波管用フランジ,ＷＲＪ－７用,個,三重,12,12900,14500,1600,12.4,392267a79592528e,3dac99f017af41b5,133,133
通信器具,矩形導波管用フランジ,ＷＲＪ－１０用,個,三重,12,11800,13200,1400,11.86,83b286a48861ef0f,013d17cc01d671d3,133,133
通信器具,矩形導波管用フランジ,ＷＲＪ－１２０用,個,三重,12,17100,19100,2000,11.7,83910efd09bd0bda,4a8d7ad0ed758bca,133,133
通信器具,矩形導波管用ベンド,ＷＲＪ－７用 Ｅ面,個,三重,12,74700,83600,8900,11.91,08221933836a3366,7889683e700f6de5,133,133
通信器具,矩形導波管用ベンド,ＷＲＪ－７用 Ｈ面,個,三重,12,74700,83600,8900,11.91,61d3de04191708bc,2e53ab741591f856,133,133
通信器具,矩形導波管用ベンド,ＷＲＪ－１０用 Ｅ面,個,三重,12,67000,75000,8000,11.94,12a4394d5cc72c63,3d6623331d2852c8,133,133
通信器具,矩形導波管用ベンド,ＷＲＪ－１０用 Ｈ面,個,三重,12,67000,75000,8000,11.94,3c730d353fb64535,d8f4fc7997d699d8,133,133
通信器具,矩形導波管用ベンド,ＷＲＪ－１２０用 Ｅ面,個,三重,12,90700,101000,10300,11.36,c1107bd6a0a6b236,325d17d7b09f1ce6,133,133
通信器具,矩形導波管用ベンド,ＷＲＪ－１２０用 Ｈ面,個,三重,12,90700,101000,10300,11.36,8639cad424e0ddb0,91bd49305bef0efb,133,133
通信器具,楕円導波管用変換コネクタ,矩形（ＷＲＪ－７）～楕円（６．５ＧＨｚ帯用）,個,三重,12,125000,140000,15000,12.0,7dd261ea73e5d9ba,4c456d2d78d940f6,133,133
通信器具,楕円導波管用変換コネクタ,矩形（ＷＲＪ－７）～楕円（７．５ＧＨｚ帯用）,個,三重,12,125000,140000,15000,12.0,f5264a75b65c579a,898138372b3e1a0e,133,133
通信器具,楕円導波管用変換コネクタ,矩形（ＷＲＪ－１０）～楕円（１２ＧＨｚ帯用）,個,三重,12,122000,136000,14000,11.48,d2263f8758bb02ae,01ffe7290ec9ebb9,133,133
通信器具,楕円導波管用変換コネクタ,矩形（ＷＲＪ－１２０）～楕円（１２ＧＨｚ帯用）,個,三重,12,140000,157000,17000,12.14,e6278ff27d8fa845,bcc14fdb1e919b83,133,133
通信器具,矩形導波管用固定金物,ＷＲＪ－７用 クランプ付,個,三重,12,7040,7890,850,12.07,b3e8ac5bf9669aa4,bdc7b0d732be13fc,133,133
通信器具,矩形導波管用固定金物,ＷＲＪ－７用 クランプ無,個,三重,12,5580,6250,670,12.01,dbeaae9e8c7ee014,706b34ae8d1835fd,133,133
通信器具,矩形導波管用固定金物,ＷＲＪ－１０用 クランプ付,個,三重,12,5940,6660,720,12.12,9cd783c87021a4ab,d080602f7e3a944a,133,133
通信器具,矩形導波管用固定金物,ＷＲＪ－１０用 クランプ無,個,三重,12,4660,5220,560,12.02,cafb9ed80c45d725,8462c93d930479f4,133,133
通信器具,矩形導波管用固定金物,ＷＲＪ－１２０用 クランプ付,個,三重,12,4810,5390,580,12.06,b899a523736e1821,a83994f0a34f90e0,133,133
通信器具,矩形導波管用固定金物,ＷＲＪ－１２０用 クランプ無,個,三重,12,3210,3590,380,11.84,2d171c341f2d11f6,4b9f403632306cdd,133,133
通信器具,楕円導波管用固定金物,６．５ＧＨｚ帯用 クランプ付,個,三重,12,4530,5080,550,12.14,2be499b2ffc9fd06,a4d94630acc72797,133,133
通信器具,楕円導波管用固定金物,６．５ＧＨｚ帯用 クランプ無,個,三重,12,3790,4250,460,12.14,1db44cc15d887335,7dbe4ce3b2570bdd,133,133
通信器具,楕円導波管用固定金物,７．５ＧＨｚ帯用 クランプ付,個,福井,01,4530,5080,550,12.14,304ccb89aac153fb,8ea3b420178c8fab,134,134
通信器具,楕円導波管用固定金物,７．５ＧＨｚ帯用 クランプ無,個,福井,01,3790,4250,460,12.14,00b58d70d92b2cea,24fea45c18b9f237,134,134
通信器具,楕円導波管用固定金物,１２ＧＨｚ帯用 クランプ付,個,福井,01,4080,4560,480,11.76,18ffe025939e791b,9d38c3ba7af87876,134,134
通信器具,楕円導波管用固定金物,１２ＧＨｚ帯用 クランプ無,個,福井,01,3310,3710,400,12.08,8d6e397451d4c101,c72203179629d21f,134,134
通信器具,導波管関係金物,壁貫通金物 ６．５ＧＨｚ帯用,個,福井,01,16300,18300,2000,12.27,a55bd73165260e60,35a862fd6900a347,134,134
通信器具,導波管関係金物,壁貫通金物 ７．５ＧＨｚ帯用,個,福井,01,16300,18300,2000,12.27,451eed2ba9ef1374,022266517ddfb177,134,134
通信器具,導波管関係金物,壁貫通金物 １２ＧＨｚ帯用,個,福井,01,16300,18300,2000,12.27,0a7eeeedd78ab788,74fe2630ef6d7cd7,134,134
通信器具,導波管用アース金具,７．５ＧＨｚ帯用（矩形・楕円）,個,福井,01,18600,20900,2300,12.37,5ccfca776b67a674,12a54dd49caf0598,134,134
通信器具,導波管用アース金具,１２ＧＨｚ帯用（矩形・楕円）,個,福井,01,18600,20900,2300,12.37,0ca04dffc6891536,f83c7fbdeb92b741,134,134
通信器具,導波管用アース金具,６．５ＧＨｚ帯用（矩形・楕円）,個,福井,01,18600,20900,2300,12.37,1af8c9ff6fb1d3ed,41c49457f39853a4,134,134
通信器具,銅パイプ,５ｍｍ径－０．６ｍｍ,m,福井,01,215,241,26,12.09,a03c47c6c6fb1638,9c3be319b76de77e,134,134
通信器具,空中線取付金具パンザマスト取付用,７０ＭＨｚスリーブ,式,福井,01,34300,42900,8600,25.07,2616ddb78d432e20,606042037f980f1f,134,134
通信器具,空中線取付金具パンザマスト取付用,１５０ＭＨｚスリーブ,式,福井,01,40100,50300,10200,25.44,4500e730e6bf6884,0daefbc624022338,134,134
通信器具,空中線取付金具パンザマスト取付用,４００ＭＨｚスリーブ,式,福井,01,40100,50300,10200,25.44,37209a179daaa798,8003de491a7b33b4,134,134
通信器具,空中線取付金具パンザマスト取付用,７０ＭＨｚ八木,式,福井,01,57000,71300,14300,25.09,eac44c82f207c712,477e1080815208a6,134,134
通信器具,空中線取付金具パンザマスト取付用,１５０ＭＨｚ八木,式,福井,01,34000,42500,8500,25.0,37fd402169942123,e83617b9bd341e06,134,134
通信器具,空中線取付金具パンザマスト取付用,４００ＭＨｚ八木,式,福井,01,34000,42500,8500,25.0,0cf043d84ccc604d,a3d277f9b65423cc,134,134
通信器具,空中線取付金具（八木型）,１５０～４００径１３０～１７５,個,福井,01,32200,40300,8100,25.16,40f17d2799bc5a26,308377438527e47b,134,134
通信器具,空中線取付金具（八木型）,１５０～４００径１７５～２５０,個,福井,01,32200,40300,8100,25.16,f48be2f5775ed30c,7d7a2c605d7a17dd,134,134
通信器具,空中線取付金具（八木型）,１５０～４００径２４０～３００,個,福井,01,34000,42500,8500,25.0,826bb5a18fbe9724,8f313a47d3749061,134,134
通信器具,空中線取付金具（八木型）,６０～１５０ 径１３０～１７５,個,福井,01,49800,62300,12500,25.1,c952c0e41b4c1400,9651e7abc6718995,134,134
通信器具,空中線取付金具（八木型）,６０～１５０ 径１７５～２５０,個,福井,01,49800,62300,12500,25.1,1500aed97ecdcde9,8e8ad5b7fba855d6,134,134
通信器具,空中線取付金具（八木型）,６０～１５０ 径２４０～３００,個,福井,01,57000,71300,14300,25.09,41b9bf28ff9d3b20,0c5aa3b8db0774dd,134,134
通信器具,楕円導波管用固定金物,７．５ＧＨｚ帯用 クランプ付,個,滋賀,02,4530,5080,550,12.14,06bacee6024882e7,d451f55c97a8d279,134,134
通信器具,楕円導波管用固定金物,７．５ＧＨｚ帯用 クランプ無,個,滋賀,02,3790,4250,460,12.14,6e1cc5f5f7279357,ed43ecb187d46754,134,134
通信器具,楕円導波管用固定金物,１２ＧＨｚ帯用 クランプ付,個,滋賀,02,4080,4560,480,11.76,09d11c62a998d066,65bcf337108bcb6a,134,134
通信器具,楕円導波管用固定金物,１２ＧＨｚ帯用 クランプ無,個,滋賀,02,3310,3710,400,12.08,172564c7f0401e8f,1919322d8e828147,134,134
通信器具,導波管関係金物,壁貫通金物 ６．５ＧＨｚ帯用,個,滋賀,02,16300,18300,2000,12.27,7d2930d3a4d7a243,7ca3f77c07ae5f4a,134,134
通信器具,導波管関係金物,壁貫通金物 ７．５ＧＨｚ帯用,個,滋賀,02,16300,18300,2000,12.27,692835a269143cf7,9303974bde0adbec,134,134
通信器具,導波管関係金物,壁貫通金物 １２ＧＨｚ帯用,個,滋賀,02,16300,18300,2000,12.27,6de3b04f8855eaf9,379921630beeab49,134,134
通信器具,導波管用アース金具,７．５ＧＨｚ帯用（矩形・楕円）,個,滋賀,02,18600,20900,2300,12.37,c5d929d412f6fa52,5767b049777c9d98,134,134
通信器具,導波管用アース金具,１２ＧＨｚ帯用（矩形・楕円）,個,滋賀,02,18600,20900,2300,12.37,0fcf2477f2fcb1d9,b7f168c280c5df68,134,134
通信器具,導波管用アース金具,６．５ＧＨｚ帯用（矩形・楕円）,個,滋賀,02,18600,20900,2300,12.37,ede769d3959516ae,e55d0f3ac07b3a30,134,134
通信器具,銅パイプ,５ｍｍ径－０．６ｍｍ,m,滋賀,02,215,241,26,12.09,59dca04af921ba4f,8e7d1bbcc26c4960,134,134
通信器具,空中線取付金具パンザマスト取付用,７０ＭＨｚスリーブ,式,滋賀,02,34300,42900,8600,25.07,0c9c7ba518021235,94196f4ddf585c85,134,134
通信器具,空中線取付金具パンザマスト取付用,１５０ＭＨｚスリーブ,式,滋賀,02,40100,50300,10200,25.44,96c7c35928ee5e93,72c7b92890976210,134,134
通信器具,空中線取付金具パンザマスト取付用,４００ＭＨｚスリーブ,式,滋賀,02,40100,50300,10200,25.44,0ad1b67354a32154,fa8028f911bfbb48,134,134
通信器具,空中線取付金具パンザマスト取付用,７０ＭＨｚ八木,式,滋賀,02,57000,71300,14300,25.09,0405aaeb30a959e6,65a8361850d4bc0d,134,134
通信器具,空中線取付金具パンザマスト取付用,１５０ＭＨｚ八木,式,滋賀,02,34000,42500,8500,25.0,8bc730bdfab9e8cf,96842b035117d448,134,134
通信器具,空中線取付金具パンザマスト取付用,４００ＭＨｚ八木,式,滋賀,02,34000,42500,8500,25.0,dc7e0b6a020acc6f,793d8c4aeb87e52d,134,134
通信器具,空中線取付金具（八木型）,１５０～４００径１３０～１７５,個,滋賀,02,32200,40300,8100,25.16,8a352c0e876f8f18,e062da00c54d009b,134,134
通信器具,空中線取付金具（八木型）,１５０～４００径１７５～２５０,個,滋賀,02,32200,40300,8100,25.16,b6db1723675e213b,7e2d791be72dd5c9,134,134
通信器具,空中線取付金具（八木型）,１５０～４００径２４０～３００,個,滋賀,02,34000,42500,8500,25.0,c47d60fd9998e971,52099d131686c087,134,134
通信器具,空中線取付金具（八木型）,６０～１５０ 径１３０～１７５,個,滋賀,02,49800,62300,12500,25.1,e861b9676a81985d,91fb3ae01b188d43,134,134
通信器具,空中線取付金具（八木型）,６０～１５０ 径１７５～２５０,個,滋賀,02,49800,62300,12500,25.1,f148e6f461906b20,beca53322a208714,134,134
通信器具,空中線取付金具（八木型）,６０～１５０ 径２４０～３００,個,滋賀,02,57000,71300,14300,25.09,04a1cf52bd43b3de,903e272a412168c9,134,134
通信器具,楕円導波管用固定金物,７．５ＧＨｚ帯用 クランプ付,個,京都北部,03,4530,5080,550,12.14,6f598a5c32241c2c,58588b457b3f361e,134,134
通信器具,楕円導波管用固定金物,７．５ＧＨｚ帯用 クランプ無,個,京都北部,03,3790,4250,460,12.14,e3d1474f16276ec9,92fc47ef3f8f16cd,134,134
通信器具,楕円導波管用固定金物,１２ＧＨｚ帯用 クランプ付,個,京都北部,03,4080,4560,480,11.76,38bbe3afcd833491,75613100ace17e5e,134,134
通信器具,楕円導波管用固定金物,１２ＧＨｚ帯用 クランプ無,個,京都北部,03,3310,3710,400,12.08,5c889552862c5465,d648fcd17b561c52,134,134
通信器具,導波管関係金物,壁貫通金物 ６．５ＧＨｚ帯用,個,京都北部,03,16300,18300,2000,12.27,4da818224d6d4211,fc3a8c1230afb6ee,134,134
通信器具,導波管関係金物,壁貫通金物 ７．５ＧＨｚ帯用,個,京都北部,03,16300,18300,2000,12.27,2312c2e84022281b,bfc2279dfcd21b19,134,134
通信器具,導波管関係金物,壁貫通金物 １２ＧＨｚ帯用,個,京都北部,03,16300,18300,2000,12.27,d1189e2fce639a94,f77792bb21e63291,134,134
通信器具,導波管用アース金具,７．５ＧＨｚ帯用（矩形・楕円）,個,京都北部,03,18600,20900,2300,12.37,25c88afcef2d2c3a,783ade6ca559cbd1,134,134
通信器具,導波管用アース金具,１２ＧＨｚ帯用（矩形・楕円）,個,京都北部,03,18600,20900,2300,12.37,2f82d00d06c101b0,d8dd385472ed0a4d,134,134
通信器具,導波管用アース金具,６．５ＧＨｚ帯用（矩形・楕円）,個,京都北部,03,18600,20900,2300,12.37,3facc24ed400404d,ccc5b261e9d5dbbf,134,134
通信器具,銅パイプ,５ｍｍ径－０．６ｍｍ,m,京都北部,03,215,241,26,12.09,7ceb5470f318aca5,c0b63bf29f8facf0,134,134
通信器具,空中線取付金具パンザマスト取付用,７０ＭＨｚスリーブ,式,京都北部,03,34300,42900,8600,25.07,52e4c083d33579ab,aace73c0a2779e04,134,134
通信器具,空中線取付金具パンザマスト取付用,１５０ＭＨｚスリーブ,式,京都北部,03,40100,50300,10200,25.44,8ea15c4280737e7b,7a7b66492ca7a0c5,134,134
通信器具,空中線取付金具パンザマスト取付用,４００ＭＨｚスリーブ,式,京都北部,03,40100,50300,10200,25.44,d682ea2ded4aa29f,603d3adbe12b7073,134,134
通信器具,空中線取付金具パンザマスト取付用,７０ＭＨｚ八木,式,京都北部,03,57000,71300,14300,25.09,9287fa4ae004546a,54490e3f5e4323fb,134,134
通信器具,空中線取付金具パンザマスト取付用,１５０ＭＨｚ八木,式,京都北部,03,34000,42500,8500,25.0,f5d49cfb8164bdce,e776fe0dfac9a838,134,134
通信器具,空中線取付金具パンザマスト取付用,４００ＭＨｚ八木,式,京都北部,03,34000,42500,8500,25.0,e06ebb377d9ba00e,7cf8d7389d9a5e58,134,134
通信器具,空中線取付金具（八木型）,１５０～４００径１３０～１７５,個,京都北部,03,32200,40300,8100,25.16,4d93aaf0034dd6f8,e0cf7229b71a6e40,134,134
通信器具,空中線取付金具（八木型）,１５０～４００径１７５～２５０,個,京都北部,03,32200,40300,8100,25.16,481fb126f087fa6f,81769568cd068c29,134,134
通信器具,空中線取付金具（八木型）,１５０～４００径２４０～３００,個,京都北部,03,34000,42500,8500,25.0,08969cac7ea98099,b4b0a16683195f67,134,134
通信器具,空中線取付金具（八木型）,６０～１５０ 径１３０～１７５,個,京都北部,03,49800,62300,12500,25.1,1ead27863b76b748,fb69ec975e513652,134,134
通信器具,空中線取付金具（八木型）,６０～１５０ 径１７５～２５０,個,京都北部,03,49800,62300,12500,25.1,2796dbe71edbd44d,02df4c746a7770df,134,134
通信器具,空中線取付金具（八木型）,６０～１５０ 径２４０～３００,個,京都北部,03,57000,71300,14300,25.09,01b7a98c7d8f255f,420d38b72a474b8d,134,134
通信器具,楕円導波管用固定金物,７．５ＧＨｚ帯用 クランプ付,個,京都南部,04,4530,5080,550,12.14,31c2968773a07741,eb1a57d641d43dfa,134,134
通信器具,楕円導波管用固定金物,７．５ＧＨｚ帯用 クランプ無,個,京都南部,04,3790,4250,460,12.14,5df0e6ba400ddaa2,b020d29bb376177a,134,134
通信器具,楕円導波管用固定金物,１２ＧＨｚ帯用 クランプ付,個,京都南部,04,4080,4560,480,11.76,c990cf3a8e0baf99,db9288565ba51996,134,134
通信器具,楕円導波管用固定金物,１２ＧＨｚ帯用 クランプ無,個,京都南部,04,3310,3710,400,12.08,dedafc18e334ee94,cb3684b3eca7885a,134,134
通信器具,導波管関係金物,壁貫通金物 ６．５ＧＨｚ帯用,個,京都南部,04,16300,18300,2000,12.27,db6f601b76b6b85d,4394bec39d1fbfe5,134,134
通信器具,導波管関係金物,壁貫通金物 ７．５ＧＨｚ帯用,個,京都南部,04,16300,18300,2000,12.27,83b02ed506a4ccf4,5eab8b20e78b1d1a,134,134
通信器具,導波管関係金物,壁貫通金物 １２ＧＨｚ帯用,個,京都南部,04,16300,18300,2000,12.27,91039b4d4ab9bb06,359d5ef90ccd6950,134,134
通信器具,導波管用アース金具,７．５ＧＨｚ帯用（矩形・楕円）,個,京都南部,04,18600,20900,2300,12.37,71d73ce4ce5248ea,7fbff008ca3dffc2,134,134
通信器具,導波管用アース金具,１２ＧＨｚ帯用（矩形・楕円）,個,京都南部,04,18600,20900,2300,12.37,04a4513787b3d9a9,775c3034b076ed96,134,134
通信器具,導波管用アース金具,６．５ＧＨｚ帯用（矩形・楕円）,個,京都南部,04,18600,20900,2300,12.37,175d774bf7da9398,419ac650e90aa9a8,134,134
通信器具,銅パイプ,５ｍｍ径－０．６ｍｍ,m,京都南部,04,215,241,26,12.09,8face127e1e02a4b,63af0ef73743c72f,134,134
通信器具,空中線取付金具パンザマスト取付用,７０ＭＨｚスリーブ,式,京都南部,04,34300,42900,8600,25.07,aadb1ff8fa9a3599,e9d5a521db930d51,134,134
通信器具,空中線取付金具パンザマスト取付用,１５０ＭＨｚスリーブ,式,京都南部,04,40100,50300,10200,25.44,d1c0f926449d67ff,62feb9a274c315e4,134,134
通信器具,空中線取付金具パンザマスト取付用,４００ＭＨｚスリーブ,式,京都南部,04,40100,50300,10200,25.44,a95104b36e48f042,52390ca30077bf53,134,134
通信器具,空中線取付金具パンザマスト取付用,７０ＭＨｚ八木,式,京都南部,04,57000,71300,14300,25.09,b394d0d1d776019b,03b1d1f339f471d4,134,134
通信器具,空中線取付金具パンザマスト取付用,１５０ＭＨｚ八木,式,京都南部,04,34000,42500,8500,25.0,fc00883de88715c2,ffd2a08cb47656d9,134,134
通信器具,空中線取付金具パンザマスト取付用,４００ＭＨｚ八木,式,京都南部,04,34000,42500,8500,25.0,ec50e5db4b727099,648d559efc842ee7,134,134
通信器具,空中線取付金具（八木型）,１５０～４００径１３０～１７５,個,京都南部,04,32200,40300,8100,25.16,f479095fb75746d1,4945d9e50e88afca,134,134
通信器具,空中線取付金具（八木型）,１５０～４００径１７５～２５０,個,京都南部,04,32200,40300,8100,25.16,fb979f5152ffda62,098e7fe2b04ddb13,134,134
通信器具,空中線取付金具（八木型）,１５０～４００径２４０～３００,個,京都南部,04,34000,42500,8500,25.0,4b4aafdfcad1de69,1773c386c8f0d599,134,134
通信器具,空中線取付金具（八木型）,６０～１５０ 径１３０～１７５,個,京都南部,04,49800,62300,12500,25.1,f0ae96bf6df1450c,9c6d23cf28bf5aba,134,134
通信器具,空中線取付金具（八木型）,６０～１５０ 径１７５～２５０,個,京都南部,04,49800,62300,12500,25.1,f534389db8b5739f,2f2e634f108bdf46,134,134
通信器具,空中線取付金具（八木型）,６０～１５０ 径２４０～３００,個,京都南部,04,57000,71300,14300,25.09,81de84fa0b7139f0,2c26aefda7415697,134,134
通信器具,楕円導波管用固定金物,７．５ＧＨｚ帯用 クランプ付,個,大阪,05,4530,5080,550,12.14,70bd72f1a02a64b5,6881e03b7048d9d4,134,134
通信器具,楕円導波管用固定金物,７．５ＧＨｚ帯用 クランプ無,個,大阪,05,3790,4250,460,12.14,fb065e6eed629911,2be48aae332f913e,134,134
通信器具,楕円導波管用固定金物,１２ＧＨｚ帯用 クランプ付,個,大阪,05,4080,4560,480,11.76,011046246e6c6d21,3940fc6b6fb45321,134,134
通信器具,楕円導波管用固定金物,１２ＧＨｚ帯用 クランプ無,個,大阪,05,3310,3710,400,12.08,deef2385a7ed11ea,0095e675399e5b31,134,134
通信器具,導波管関係金物,壁貫通金物 ６．５ＧＨｚ帯用,個,大阪,05,16300,18300,2000,12.27,daebc7fb221df7c7,8c463b1063fc348c,134,134
通信器具,導波管関係金物,壁貫通金物 ７．５ＧＨｚ帯用,個,大阪,05,16300,18300,2000,12.27,17898614056a7694,183fdf80861c03e8,134,134
通信器具,導波管関係金物,壁貫通金物 １２ＧＨｚ帯用,個,大阪,05,16300,18300,2000,12.27,fb259cb69a354e97,475fea8a7a8ca73f,134,134
通信器具,導波管用アース金具,７．５ＧＨｚ帯用（矩形・楕円）,個,大阪,05,18600,20900,2300,12.37,a42cc4059755621b,c41fe8d7a81999d3,134,134
通信器具,導波管用アース金具,１２ＧＨｚ帯用（矩形・楕円）,個,大阪,05,18600,20900,2300,12.37,53986c4e114ed567,cb3ff705ccd2b873,134,134
通信器具,導波管用アース金具,６．５ＧＨｚ帯用（矩形・楕円）,個,大阪,05,18600,20900,2300,12.37,0630a2708457f945,09e72274481c3d08,134,134
通信器具,銅パイプ,５ｍｍ径－０．６ｍｍ,m,大阪,05,215,241,26,12.09,1a1fbcd333fe202d,c78c77ef2bf5cc10,134,134
通信器具,空中線取付金具パンザマスト取付用,７０ＭＨｚスリーブ,式,大阪,05,34300,42900,8600,25.07,3189de0cf066e977,05eec424d30bbd1d,134,134
通信器具,空中線取付金具パンザマスト取付用,１５０ＭＨｚスリーブ,式,大阪,05,40100,50300,10200,25.44,151f15f63c0b3f0b,5a5ef3322ed77de3,134,134
通信器具,空中線取付金具パンザマスト取付用,４００ＭＨｚスリーブ,式,大阪,05,40100,50300,10200,25.44,4d727dfa3f87d4f3,83c8b3be058491b1,134,134
通信器具,空中線取付金具パンザマスト取付用,７０ＭＨｚ八木,式,大阪,05,57000,71300,14300,25.09,b73f49a9e41cb0c6,ef01deae6bd3b9a7,134,134
通信器具,空中線取付金具パンザマスト取付用,１５０ＭＨｚ八木,式,大阪,05,34000,42500,8500,25.0,a5b0ae28b8e1dca3,9c73dac64edf32cc,134,134
通信器具,空中線取付金具パンザマスト取付用,４００ＭＨｚ八木,式,大阪,05,34000,42500,8500,25.0,8c537c083dee55d4,786a56921610bcd6,134,134
通信器具,空中線取付金具（八木型）,１５０～４００径１３０～１７５,個,大阪,05,32200,40300,8100,25.16,39e96c6ac56f4d03,9af42493d3a9f28f,134,134
通信器具,空中線取付金具（八木型）,１５０～４００径１７５～２５０,個,大阪,05,32200,40300,8100,25.16,4f94ae77efafa70c,fa622ab9b6185016,134,134
通信器具,空中線取付金具（八木型）,１５０～４００径２４０～３００,個,大阪,05,34000,42500,8500,25.0,779f16a7bd0cfc00,3e64e0807adaba04,134,134
通信器具,空中線取付金具（八木型）,６０～１５０ 径１３０～１７５,個,大阪,05,49800,62300,12500,25.1,269fb432fd2d9b64,08101668a319720d,134,134
通信器具,空中線取付金具（八木型）,６０～１５０ 径１７５～２５０,個,大阪,05,49800,62300,12500,25.1,69ba261c3b291d01,d770d0e3487702f0,134,134
通信器具,空中線取付金具（八木型）,６０～１５０ 径２４０～３００,個,大阪,05,57000,71300,14300,25.09,0776312376aaa1e1,b6887c4344da7a70,134,134
通信器具,楕円導波管用固定金物,７．５ＧＨｚ帯用 クランプ付,個,兵庫北部,06,4530,5080,550,12.14,39da9d9471f4958f,ac65a45eb03c1cda,134,134
通信器具,楕円導波管用固定金物,７．５ＧＨｚ帯用 クランプ無,個,兵庫北部,06,3790,4250,460,12.14,034df9975329c830,e8ca28e7a26eb32d,134,134
通信器具,楕円導波管用固定金物,１２ＧＨｚ帯用 クランプ付,個,兵庫北部,06,4080,4560,480,11.76,e83834f1ee58ec5d,e3de78ce9a07954a,134,134
通信器具,楕円導波管用固定金物,１２ＧＨｚ帯用 クランプ無,個,兵庫北部,06,3310,3710,400,12.08,63dfe5cfa6d121e1,fcb447d33164a078,134,134
通信器具,導波管関係金物,壁貫通金物 ６．５ＧＨｚ帯用,個,兵庫北部,06,16300,18300,2000,12.27,6a83174ef183740c,2c172beff5ab2529,134,134
通信器具,導波管関係金物,壁貫通金物 ７．５ＧＨｚ帯用,個,兵庫北部,06,16300,18300,2000,12.27,abfbf24e3d5c2b7a,6ae28c2878779c4f,134,134
通信器具,導波管関係金物,壁貫通金物 １２ＧＨｚ帯用,個,兵庫北部,06,16300,18300,2000,12.27,09126c1ef41d46b1,df9fc6cb1e7ed9e6,134,134
通信器具,導波管用アース金具,７．５ＧＨｚ帯用（矩形・楕円）,個,兵庫北部,06,18600,20900,2300,12.37,99d915a46e218f76,4d93556670bc966c,134,134
通信器具,導波管用アース金具,１２ＧＨｚ帯用（矩形・楕円）,個,兵庫北部,06,18600,20900,2300,12.37,4d583503741e9909,8f77e12d66f8a47a,134,134
通信器具,導波管用アース金具,６．５ＧＨｚ帯用（矩形・楕円）,個,兵庫北部,06,18600,20900,2300,12.37,38b5ca18f53be6c2,614bec098682c2b0,134,134
通信器具,銅パイプ,５ｍｍ径－０．６ｍｍ,m,兵庫北部,06,215,241,26,12.09,5a6aac4593571dc8,c0a3647daabb3151,134,134
通信器具,空中線取付金具パンザマスト取付用,７０ＭＨｚスリーブ,式,兵庫北部,06,34300,42900,8600,25.07,22e6dc58c0e32c15,8713a498f5ac4501,134,134
通信器具,空中線取付金具パンザマスト取付用,１５０ＭＨｚスリーブ,式,兵庫北部,06,40100,50300,10200,25.44,d39f101b275a743e,1b1157a22d2e9f15,134,134
通信器具,空中線取付金具パンザマスト取付用,４００ＭＨｚスリーブ,式,兵庫北部,06,40100,50300,10200,25.44,e661d49f54f21427,df1b891360fdb3f5,134,134
通信器具,空中線取付金具パンザマスト取付用,７０ＭＨｚ八木,式,兵庫北部,06,57000,71300,14300,25.09,7db32bf7fc3e8dcf,e995b5ed59bb92d7,134,134
通信器具,空中線取付金具パンザマスト取付用,１５０ＭＨｚ八木,式,兵庫北部,06,34000,42500,8500,25.0,c5f4504bdcbe26da,369e1af6eab9edd7,134,134
通信器具,空中線取付金具パンザマスト取付用,４００ＭＨｚ八木,式,兵庫北部,06,34000,42500,8500,25.0,05b2916b932dbec7,87f02b5ac09b543d,134,134
通信器具,空中線取付金具（八木型）,１５０～４００径１３０～１７５,個,兵庫北部,06,32200,40300,8100,25.16,7a464f6d5fbab0a3,b2cb844e404e25d6,134,134
通信器具,空中線取付金具（八木型）,１５０～４００径１７５～２５０,個,兵庫北部,06,32200,40300,8100,25.16,e0c03b5cefe5a679,f0855bcf271a5416,134,134
通信器具,空中線取付金具（八木型）,１５０～４００径２４０～３００,個,兵庫北部,06,34000,42500,8500,25.0,920c31e0f07c2dbe,46c1135350641ee8,134,134
通信器具,空中線取付金具（八木型）,６０～１５０ 径１３０～１７５,個,兵庫北部,06,49800,62300,12500,25.1,5938cd0a7523f9f2,913c3fd7adef4c2d,134,134
通信器具,空中線取付金具（八木型）,６０～１５０ 径１７５～２５０,個,兵庫北部,06,49800,62300,12500,25.1,8b277bfb3454e2c5,06f9cb86757667b4,134,134
通信器具,空中線取付金具（八木型）,６０～１５０ 径２４０～３００,個,兵庫北部,06,57000,71300,14300,25.09,31039d7214264b78,e3936f7c85bd5237,134,134
通信器具,楕円導波管用固定金物,７．５ＧＨｚ帯用 クランプ付,個,兵庫西部,07,4530,5080,550,12.14,10dfe42c74400094,be1084195b824270,134,134
通信器具,楕円導波管用固定金物,７．５ＧＨｚ帯用 クランプ無,個,兵庫西部,07,3790,4250,460,12.14,354bd1cfafde9976,65b0fa71adda4605,134,134
通信器具,楕円導波管用固定金物,１２ＧＨｚ帯用 クランプ付,個,兵庫西部,07,4080,4560,480,11.76,6733989926ba3f19,af561e2d3f54fc49,134,134
通信器具,楕円導波管用固定金物,１２ＧＨｚ帯用 クランプ無,個,兵庫西部,07,3310,3710,400,12.08,268fb59377a165e4,23181b0c4da4475a,134,134
通信器具,導波管関係金物,壁貫通金物 ６．５ＧＨｚ帯用,個,兵庫西部,07,16300,18300,2000,12.27,26cabfb397833286,463555f6b3487dd6,134,134
通信器具,導波管関係金物,壁貫通金物 ７．５ＧＨｚ帯用,個,兵庫西部,07,16300,18300,2000,12.27,60dc7367b7c10ada,5e054fe8eb308dc6,134,134
通信器具,導波管関係金物,壁貫通金物 １２ＧＨｚ帯用,個,兵庫西部,07,16300,18300,2000,12.27,a98ea1e44ca40e31,6b3fc293b5d4eddf,134,134
通信器具,導波管用アース金具,７．５ＧＨｚ帯用（矩形・楕円）,個,兵庫西部,07,18600,20900,2300,12.37,f42d82045718e809,e85c834953a4fa7a,134,134
通信器具,導波管用アース金具,１２ＧＨｚ帯用（矩形・楕円）,個,兵庫西部,07,18600,20900,2300,12.37,823ed0af97dec8c8,b6bca4b182c0666b,134,134
通信器具,導波管用アース金具,６．５ＧＨｚ帯用（矩形・楕円）,個,兵庫西部,07,18600,20900,2300,12.37,d78e6e798bce2b64,a2cb4d4fc7732549,134,134
通信器具,銅パイプ,５ｍｍ径－０．６ｍｍ,m,兵庫西部,07,215,241,26,12.09,ca5e6d079dda6972,085b9ce56da8d178,134,134
通信器具,空中線取付金具パンザマスト取付用,７０ＭＨｚスリーブ,式,兵庫西部,07,34300,42900,8600,25.07,3a9af6a9a45c384d,ab2336300daf9c7a,134,134
通信器具,空中線取付金具パンザマスト取付用,１５０ＭＨｚスリーブ,式,兵庫西部,07,40100,50300,10200,25.44,6b8ec7eb2a017575,6535840bd266184d,134,134
通信器具,空中線取付金具パンザマスト取付用,４００ＭＨｚスリーブ,式,兵庫西部,07,40100,50300,10200,25.44,53d9621eeba2083c,629f42b2c93ebb80,134,134
通信器具,空中線取付金具パンザマスト取付用,７０ＭＨｚ八木,式,兵庫西部,07,57000,71300,14300,25.09,8ecfd14a8c3fa36c,92f6c7c1196d949e,134,134
通信器具,空中線取付金具パンザマスト取付用,１５０ＭＨｚ八木,式,兵庫西部,07,34000,42500,8500,25.0,94b0a8912eb1a998,dce704d6ca598ae8,134,134
通信器具,空中線取付金具パンザマスト取付用,４００ＭＨｚ八木,式,兵庫西部,07,34000,42500,8500,25.0,9fcb2eccabd8288c,9786067b754ea7af,134,134
通信器具,空中線取付金具（八木型）,１５０～４００径１３０～１７５,個,兵庫西部,07,32200,40300,8100,25.16,3d1dad27e30ea2a0,34d286fae97ebffa,134,134
通信器具,空中線取付金具（八木型）,１５０～４００径１７５～２５０,個,兵庫西部,07,32200,40300,8100,25.16,0263d050982cb980,57d49fa14c53bf3d,134,134
通信器具,空中線取付金具（八木型）,１５０～４００径２４０～３００,個,兵庫西部,07,34000,42500,8500,25.0,dcadcd5d2e8c6bba,7d4e58f97843f401,134,134
通信器具,空中線取付金具（八木型）,６０～１５０ 径１３０～１７５,個,兵庫西部,07,49800,62300,12500,25.1,b2b7db28e9ba2b15,0dc22d4789867c81,134,134
通信器具,空中線取付金具（八木型）,６０～１５０ 径１７５～２５０,個,兵庫西部,07,49800,62300,12500,25.1,21369288d602f124,0f6a0841985932b0,134,134
通信器具,空中線取付金具（八木型）,６０～１５０ 径２４０～３００,個,兵庫西部,07,57000,71300,14300,25.09,2dc6f59724ece207,38560beb414f3d23,134,134
通信器具,楕円導波管用固定金物,７．５ＧＨｚ帯用 クランプ付,個,兵庫,08,4530,5080,550,12.14,0ac15886f831914a,dedc369976c9e801,134,134
通信器具,楕円導波管用固定金物,７．５ＧＨｚ帯用 クランプ無,個,兵庫,08,3790,4250,460,12.14,43e49f1352499a74,c40f10a8e5dfe86f,134,134
通信器具,楕円導波管用固定金物,１２ＧＨｚ帯用 クランプ付,個,兵庫,08,4080,4560,480,11.76,0d0dd85aa0589179,d408cc5b64545959,134,134
通信器具,楕円導波管用固定金物,１２ＧＨｚ帯用 クランプ無,個,兵庫,08,3310,3710,400,12.08,892bb75c6b3faa1f,058411ecf16ede03,134,134
通信器具,導波管関係金物,壁貫通金物 ６．５ＧＨｚ帯用,個,兵庫,08,16300,18300,2000,12.27,ca584373ec5fe62b,104103fbe16178b9,134,134
通信器具,導波管関係金物,壁貫通金物 ７．５ＧＨｚ帯用,個,兵庫,08,16300,18300,2000,12.27,0daf39f3a31f6346,553d8509c67816ea,134,134
通信器具,導波管関係金物,壁貫通金物 １２ＧＨｚ帯用,個,兵庫,08,16300,18300,2000,12.27,bc811db7f45fcc44,310655553ad8e1f6,134,134
通信器具,導波管用アース金具,７．５ＧＨｚ帯用（矩形・楕円）,個,兵庫,08,18600,20900,2300,12.37,8a3b0475b1aa0241,12b7877eb5a53c37,134,134
通信器具,導波管用アース金具,１２ＧＨｚ帯用（矩形・楕円）,個,兵庫,08,18600,20900,2300,12.37,d47d15c1fdde1645,3e13446df4e321a5,134,134
通信器具,導波管用アース金具,６．５ＧＨｚ帯用（矩形・楕円）,個,兵庫,08,18600,20900,2300,12.37,27cacfefc74dcd53,673f8636267dc92c,134,134
通信器具,銅パイプ,５ｍｍ径－０．６ｍｍ,m,兵庫,08,215,241,26,12.09,ab43417c3059b62d,d20f84042f29bb3b,134,134
通信器具,空中線取付金具パンザマスト取付用,７０ＭＨｚスリーブ,式,兵庫,08,34300,42900,8600,25.07,4aeeb005c3165f00,26f32f6a842a386d,134,134
通信器具,空中線取付金具パンザマスト取付用,１５０ＭＨｚスリーブ,式,兵庫,08,40100,50300,10200,25.44,64b74049c72cbd68,b173ccd2086f7bd2,134,134
通信器具,空中線取付金具パンザマスト取付用,４００ＭＨｚスリーブ,式,兵庫,08,40100,50300,10200,25.44,3b51fd720f8c5996,bc3f6108cc8df6ba,134,134
通信器具,空中線取付金具パンザマスト取付用,７０ＭＨｚ八木,式,兵庫,08,57000,71300,14300,25.09,6c72c688f5664d1f,3089bfec0104d53b,134,134
通信器具,空中線取付金具パンザマスト取付用,１５０ＭＨｚ八木,式,兵庫,08,34000,42500,8500,25.0,5efad61214801bb9,9c6de60a52c1b7cd,134,134
通信器具,空中線取付金具パンザマスト取付用,４００ＭＨｚ八木,式,兵庫,08,34000,42500,8500,25.0,2bc9a73bf81c9d9c,a3e45623ee1c46b2,134,134
通信器具,空中線取付金具（八木型）,１５０～４００径１３０～１７５,個,兵庫,08,32200,40300,8100,25.16,f97674cee5b6b4fc,1e5fc421f4f63a24,134,134
通信器具,空中線取付金具（八木型）,１５０～４００径１７５～２５０,個,兵庫,08,32200,40300,8100,25.16,4dc0176a77f37ba7,c7a38a4f0214cea4,134,134
通信器具,空中線取付金具（八木型）,１５０～４００径２４０～３００,個,兵庫,08,34000,42500,8500,25.0,c4df1133ad75d48a,f03e108ca7a89c4e,134,134
通信器具,空中線取付金具（八木型）,６０～１５０ 径１３０～１７５,個,兵庫,08,49800,62300,12500,25.1,ef2140458a01dfe4,a40ee6f65e64780f,134,134
通信器具,空中線取付金具（八木型）,６０～１５０ 径１７５～２５０,個,兵庫,08,49800,62300,12500,25.1,8cbd2db159bacf78,a28d04f110b56bc1,134,134
通信器具,空中線取付金具（八木型）,６０～１５０ 径２４０～３００,個,兵庫,08,57000,71300,14300,25.09,d654c64c7ebbd1c3,f85d0e36d50cf5fa,134,134
通信器具,楕円導波管用固定金物,７．５ＧＨｚ帯用 クランプ付,個,奈良,09,4530,5080,550,12.14,0b0e4a971e7a9a62,5835e574729b0e95,134,134
通信器具,楕円導波管用固定金物,７．５ＧＨｚ帯用 クランプ無,個,奈良,09,3790,4250,460,12.14,e81c412b73a60dd9,b414e9e657eaedd9,134,134
通信器具,楕円導波管用固定金物,１２ＧＨｚ帯用 クランプ付,個,奈良,09,4080,4560,480,11.76,e5cc989f55fc54cc,1988ce34fcd97a2a,134,134
通信器具,楕円導波管用固定金物,１２ＧＨｚ帯用 クランプ無,個,奈良,09,3310,3710,400,12.08,78187d2f4abeffe7,a00d66309b0fc35a,134,134
通信器具,導波管関係金物,壁貫通金物 ６．５ＧＨｚ帯用,個,奈良,09,16300,18300,2000,12.27,944bc1717e86683d,1b31bdedb925ca21,134,134
通信器具,導波管関係金物,壁貫通金物 ７．５ＧＨｚ帯用,個,奈良,09,16300,18300,2000,12.27,54f3782989b6103b,59b5a142d40c1a90,134,134
通信器具,導波管関係金物,壁貫通金物 １２ＧＨｚ帯用,個,奈良,09,16300,18300,2000,12.27,72f4d30446ede8f8,9e24ac834eb17d36,134,134
通信器具,導波管用アース金具,７．５ＧＨｚ帯用（矩形・楕円）,個,奈良,09,18600,20900,2300,12.37,218f8b4e4080fb0f,af4fa80f5dda7b3c,134,134
通信器具,導波管用アース金具,１２ＧＨｚ帯用（矩形・楕円）,個,奈良,09,18600,20900,2300,12.37,4e7cead6e23966b3,60070eeea89515b1,134,134
通信器具,導波管用アース金具,６．５ＧＨｚ帯用（矩形・楕円）,個,奈良,09,18600,20900,2300,12.37,f94941857c7f8603,8923ddc2ce161ce9,134,134
通信器具,銅パイプ,５ｍｍ径－０．６ｍｍ,m,奈良,09,215,241,26,12.09,e3db14b26485e69d,3c94387da307c2a1,134,134
通信器具,空中線取付金具パンザマスト取付用,７０ＭＨｚスリーブ,式,奈良,09,34300,42900,8600,25.07,ee2987d10b19c387,c738fed8ea844a3b,134,134
通信器具,空中線取付金具パンザマスト取付用,１５０ＭＨｚスリーブ,式,奈良,09,40100,50300,10200,25.44,ef7626bccdd840bc,bb0c09823adfd5f0,134,134
通信器具,空中線取付金具パンザマスト取付用,４００ＭＨｚスリーブ,式,奈良,09,40100,50300,10200,25.44,534d3e7bcfbe366f,cd9fce5606460341,134,134
通信器具,空中線取付金具パンザマスト取付用,７０ＭＨｚ八木,式,奈良,09,57000,71300,14300,25.09,006b275781415995,46b6f097a0ef4bae,134,134
通信器具,空中線取付金具パンザマスト取付用,１５０ＭＨｚ八木,式,奈良,09,34000,42500,8500,25.0,9558ccc658c3d452,b367f9308b15ca30,134,134
通信器具,空中線取付金具パンザマスト取付用,４００ＭＨｚ八木,式,奈良,09,34000,42500,8500,25.0,12624e6cd89b3b25,4010bed29b63247f,134,134
通信器具,空中線取付金具（八木型）,１５０～４００径１３０～１７５,個,奈良,09,32200,40300,8100,25.16,c901f54b00c331a6,d0e09a394e69ac31,134,134
通信器具,空中線取付金具（八木型）,１５０～４００径１７５～２５０,個,奈良,09,32200,40300,8100,25.16,e233eedd45845534,142267f6419dadb1,134,134
通信器具,空中線取付金具（八木型）,１５０～４００径２４０～３００,個,奈良,09,34000,42500,8500,25.0,8fd57509ca1bed4f,c56d830eb367af54,134,134
通信器具,空中線取付金具（八木型）,６０～１５０ 径１３０～１７５,個,奈良,09,49800,62300,12500,25.1,50fdbc67c6e8c523,b5df4d5c3fa7fad7,134,134
通信器具,空中線取付金具（八木型）,６０～１５０ 径１７５～２５０,個,奈良,09,49800,62300,12500,25.1,822fa61775dc490b,a14a804fe694c5b4,134,134
通信器具,空中線取付金具（八木型）,６０～１５０ 径２４０～３００,個,奈良,09,57000,71300,14300,25.09,a2ac660cd215d81f,bd888ebf3a64bf46,134,134
通信器具,楕円導波管用固定金物,７．５ＧＨｚ帯用 クランプ付,個,和歌山,10,4530,5080,550,12.14,1f735ce9346853d2,74977a8a25cb081c,134,134
通信器具,楕円導波管用固定金物,７．５ＧＨｚ帯用 クランプ無,個,和歌山,10,3790,4250,460,12.14,211646d9c818d2fd,6c663e6074460ab8,134,134
通信器具,楕円導波管用固定金物,１２ＧＨｚ帯用 クランプ付,個,和歌山,10,4080,4560,480,11.76,01d3bab6d0a4bbcd,e4182538a985689f,134,134
通信器具,楕円導波管用固定金物,１２ＧＨｚ帯用 クランプ無,個,和歌山,10,3310,3710,400,12.08,c56aad592f2217de,5693c616ddf2e537,134,134
通信器具,導波管関係金物,壁貫通金物 ６．５ＧＨｚ帯用,個,和歌山,10,16300,18300,2000,12.27,71490a6e15a5c69e,09eb27593c297115,134,134
通信器具,導波管関係金物,壁貫通金物 ７．５ＧＨｚ帯用,個,和歌山,10,16300,18300,2000,12.27,2450a231e8158919,343029e256ac939d,134,134
通信器具,導波管関係金物,壁貫通金物 １２ＧＨｚ帯用,個,和歌山,10,16300,18300,2000,12.27,1cc7a2e0c9d1e526,f88ac0e77de323f9,134,134
通信器具,導波管用アース金具,７．５ＧＨｚ帯用（矩形・楕円）,個,和歌山,10,18600,20900,2300,12.37,3c6996b65e5a0b62,f528dbc0ccb82605,134,134
通信器具,導波管用アース金具,１２ＧＨｚ帯用（矩形・楕円）,個,和歌山,10,18600,20900,2300,12.37,607891af459c84ea,d027d92a215ed3f8,134,134
通信器具,導波管用アース金具,６．５ＧＨｚ帯用（矩形・楕円）,個,和歌山,10,18600,20900,2300,12.37,4d541a7711b2e278,1debf9a95f267e25,134,134
通信器具,銅パイプ,５ｍｍ径－０．６ｍｍ,m,和歌山,10,215,241,26,12.09,31ec0e927106f44d,2b2a4023b15e412f,134,134
通信器具,空中線取付金具パンザマスト取付用,７０ＭＨｚスリーブ,式,和歌山,10,34300,42900,8600,25.07,bfeffcacf9252ab7,69c4ed2e11be38ba,134,134
通信器具,空中線取付金具パンザマスト取付用,１５０ＭＨｚスリーブ,式,和歌山,10,40100,50300,10200,25.44,1b3b0e0861bd81ea,12a644f8f5505964,134,134
通信器具,空中線取付金具パンザマスト取付用,４００ＭＨｚスリーブ,式,和歌山,10,40100,50300,10200,25.44,1ab717c140080a74,7091be469760d729,134,134
通信器具,空中線取付金具パンザマスト取付用,７０ＭＨｚ八木,式,和歌山,10,57000,71300,14300,25.09,4a2910914989f0d8,7c77bcc7cf958e1f,134,134
通信器具,空中線取付金具パンザマスト取付用,１５０ＭＨｚ八木,式,和歌山,10,34000,42500,8500,25.0,1ab20e6e81dae673,e3560cd13848944b,134,134
通信器具,空中線取付金具パンザマスト取付用,４００ＭＨｚ八木,式,和歌山,10,34000,42500,8500,25.0,b27652e4abc5e12b,87b5ab2856c2da1e,134,134
通信器具,空中線取付金具（八木型）,１５０～４００径１３０～１７５,個,和歌山,10,32200,40300,8100,25.16,795ab20da54aadec,c882f3796b27b560,134,134
通信器具,空中線取付金具（八木型）,１５０～４００径１７５～２５０,個,和歌山,10,32200,40300,8100,25.16,3d8b8227e51bc5a6,88df0b7d4043eeb0,134,134
通信器具,空中線取付金具（八木型）,１５０～４００径２４０～３００,個,和歌山,10,34000,42500,8500,25.0,153a8cfc2cf09a84,2a8d79d8c0ed97c1,134,134
通信器具,空中線取付金具（八木型）,６０～１５０ 径１３０～１７５,個,和歌山,10,49800,62300,12500,25.1,7862e61f06f5959f,8ede1e89037f5b55,134,134
通信器具,空中線取付金具（八木型）,６０～１５０ 径１７５～２５０,個,和歌山,10,49800,62300,12500,25.1,63adef3cb1c52385,f07e1f9035f98b8a,134,134
通信器具,空中線取付金具（八木型）,６０～１５０ 径２４０～３００,個,和歌山,10,57000,71300,14300,25.09,69b9e3df7e7c49b8,c5440c0eae8e7269,134,134
通信器具,楕円導波管用固定金物,７．５ＧＨｚ帯用 クランプ付,個,岐阜,11,4530,5080,550,12.14,48349cc10cfba6d6,95fac3e4a7f57907,134,134
通信器具,楕円導波管用固定金物,７．５ＧＨｚ帯用 クランプ無,個,岐阜,11,3790,4250,460,12.14,8b856d29b2417e89,eae78cf6bb023e1e,134,134
通信器具,楕円導波管用固定金物,１２ＧＨｚ帯用 クランプ付,個,岐阜,11,4080,4560,480,11.76,91033cc4633910ff,a9dc7861ac6182d6,134,134
通信器具,楕円導波管用固定金物,１２ＧＨｚ帯用 クランプ無,個,岐阜,11,3310,3710,400,12.08,6f249da0de9e414c,a22935421029b472,134,134
通信器具,導波管関係金物,壁貫通金物 ６．５ＧＨｚ帯用,個,岐阜,11,16300,18300,2000,12.27,e6ffe8fd357070a7,e144d0a2bcecd044,134,134
通信器具,導波管関係金物,壁貫通金物 ７．５ＧＨｚ帯用,個,岐阜,11,16300,18300,2000,12.27,72b8d321244c17db,7290bc7bf66bc70c,134,134
通信器具,導波管関係金物,壁貫通金物 １２ＧＨｚ帯用,個,岐阜,11,16300,18300,2000,12.27,b192d05c4bd79a5d,baef3f40d17b1501,134,134
通信器具,導波管用アース金具,７．５ＧＨｚ帯用（矩形・楕円）,個,岐阜,11,18600,20900,2300,12.37,460c31ab33cca1d8,5fb551dbad49da14,134,134
通信器具,導波管用アース金具,１２ＧＨｚ帯用（矩形・楕円）,個,岐阜,11,18600,20900,2300,12.37,59f1427dd3e303da,a4af99bac5d0aabc,134,134
通信器具,導波管用アース金具,６．５ＧＨｚ帯用（矩形・楕円）,個,岐阜,11,18600,20900,2300,12.37,e38a3e44083fc278,c34392df3b474eea,134,134
通信器具,銅パイプ,５ｍｍ径－０．６ｍｍ,m,岐阜,11,215,241,26,12.09,0ffad7d6432f8d4f,7d0d0b742e6993d8,134,134
通信器具,空中線取付金具パンザマスト取付用,７０ＭＨｚスリーブ,式,岐阜,11,34300,42900,8600,25.07,edabb744dad81a5f,79dade3d1915fb34,134,134
通信器具,空中線取付金具パンザマスト取付用,１５０ＭＨｚスリーブ,式,岐阜,11,40100,50300,10200,25.44,0e3eb97cf58966e3,69c1a332aa0b4cc8,134,134
通信器具,空中線取付金具パンザマスト取付用,４００ＭＨｚスリーブ,式,岐阜,11,40100,50300,10200,25.44,85757551aacf18dc,a2cb8e9acf3c12d4,134,134
通信器具,空中線取付金具パンザマスト取付用,７０ＭＨｚ八木,式,岐阜,11,57000,71300,14300,25.09,97b775848627d271,a7b24203379bd9fa,134,134
通信器具,空中線取付金具パンザマスト取付用,１５０ＭＨｚ八木,式,岐阜,11,34000,42500,8500,25.0,de6b4c1bdc601bf2,f375af2492021177,134,134
通信器具,空中線取付金具パンザマスト取付用,４００ＭＨｚ八木,式,岐阜,11,34000,42500,8500,25.0,4101168fa90352b7,9d4bbeb92790168e,134,134
通信器具,空中線取付金具（八木型）,１５０～４００径１３０～１７５,個,岐阜,11,32200,40300,8100,25.16,a0a020d42eb311be,45386a0a344f3882,134,134
通信器具,空中線取付金具（八木型）,１５０～４００径１７５～２５０,個,岐阜,11,32200,40300,8100,25.16,4376108dcc82d7d8,314be06fbd317e57,134,134
通信器具,空中線取付金具（八木型）,１５０～４００径２４０～３００,個,岐阜,11,34000,42500,8500,25.0,686382de5a0972ee,a738f946b3fb0d8e,134,134
通信器具,空中線取付金具（八木型）,６０～１５０ 径１３０～１７５,個,岐阜,11,49800,62300,12500,25.1,2963e307896d00d3,2be51c3521be62f6,134,134
通信器具,空中線取付金具（八木型）,６０～１５０ 径１７５～２５０,個,岐阜,11,49800,62300,12500,25.1,74c5cf3fe9705e1b,619de37e4aad609a,134,134
通信器具,空中線取付金具（八木型）,６０～１５０ 径２４０～３００,個,岐阜,11,57000,71300,14300,25.09,6c245eb89d061e44,939db4438739a377,134,134
通信器具,楕円導波管用固定金物,７．５ＧＨｚ帯用 クランプ付,個,三重,12,4530,5080,550,12.14,a9175a46c7c1b877,8bc9290b456020da,134,134
通信器具,楕円導波管用固定金物,７．５ＧＨｚ帯用 クランプ無,個,三重,12,3790,4250,460,12.14,50ec1c2abe372647,ff7d66bff5f5e4b0,134,134
通信器具,楕円導波管用固定金物,１２ＧＨｚ帯用 クランプ付,個,三重,12,4080,4560,480,11.76,3fdc182ba44714cd,ab808b36348516d9,134,134
通信器具,楕円導波管用固定金物,１２ＧＨｚ帯用 クランプ無,個,三重,12,3310,3710,400,12.08,3b05d491e54c6efa,e3ad7ab3fad00aa2,134,134
通信器具,導波管関係金物,壁貫通金物 ６．５ＧＨｚ帯用,個,三重,12,16300,18300,2000,12.27,2fbe7c6abe8c59e8,78aa13e3592108e7,134,134
通信器具,導波管関係金物,壁貫通金物 ７．５ＧＨｚ帯用,個,三重,12,16300,18300,2000,12.27,83af8e0ba3f05748,9a50e4c2d229eeb0,134,134
通信器具,導波管関係金物,壁貫通金物 １２ＧＨｚ帯用,個,三重,12,16300,18300,2000,12.27,a1320653fcaed2f7,6f71bd32f1555ba6,134,134
通信器具,導波管用アース金具,７．５ＧＨｚ帯用（矩形・楕円）,個,三重,12,18600,20900,2300,12.37,fc2662e408e4ed53,36ab5d8eb5f2dbde,134,134
通信器具,導波管用アース金具,１２ＧＨｚ帯用（矩形・楕円）,個,三重,12,18600,20900,2300,12.37,40ebd4a64b520ca3,95e44ff0b1b2003d,134,134
通信器具,導波管用アース金具,６．５ＧＨｚ帯用（矩形・楕円）,個,三重,12,18600,20900,2300,12.37,1f0d3e77e63b9b4a,6527b35902b03667,134,134
通信器具,銅パイプ,５ｍｍ径－０．６ｍｍ,m,三重,12,215,241,26,12.09,79a9290576ea4c80,e656c96c3de8d91b,134,134
通信器具,空中線取付金具パンザマスト取付用,７０ＭＨｚスリーブ,式,三重,12,34300,42900,8600,25.07,d394f4d01c14a462,2750f6334f9e4694,134,134
通信器具,空中線取付金具パンザマスト取付用,１５０ＭＨｚスリーブ,式,三重,12,40100,50300,10200,25.44,8a8d64146cb01fc8,5a07d5ab7af989f3,134,134
通信器具,空中線取付金具パンザマスト取付用,４００ＭＨｚスリーブ,式,三重,12,40100,50300,10200,25.44,ed07ea211ccad336,a9eff1f8590e77b0,134,134
通信器具,空中線取付金具パンザマスト取付用,７０ＭＨｚ八木,式,三重,12,57000,71300,14300,25.09,9f74def2321538ca,7e177a0d6500af2d,134,134
通信器具,空中線取付金具パンザマスト取付用,１５０ＭＨｚ八木,式,三重,12,34000,42500,8500,25.0,bbd959c72a3b5b2e,6198791fdcb190b9,134,134
通信器具,空中線取付金具パンザマスト取付用,４００ＭＨｚ八木,式,三重,12,34000,42500,8500,25.0,f51e0940ddd250e0,dc44ae94c42465d6,134,134
通信器具,空中線取付金具（八木型）,１５０～４００径１３０～１７５,個,三重,12,32200,40300,8100,25.16,c68932f0ae79c9d7,9522f0d9e8f1a882,134,134
通信器具,空中線取付金具（八木型）,１５０～４００径１７５～２５０,個,三重,12,32200,40300,8100,25.16,bece448c1ab72243,80ae06b6005187c3,134,134
通信器具,空中線取付金具（八木型）,１５０～４００径２４０～３００,個,三重,12,34000,42500,8500,25.0,1ea45ae8846bb896,d595a900a0eeb461,134,134
通信器具,空中線取付金具（八木型）,６０～１５０ 径１３０～１７５,個,三重,12,49800,62300,12500,25.1,158f1453abeab2e4,171e7348021e714f,134,134
通信器具,空中線取付金具（八木型）,６０～１５０ 径１７５～２５０,個,三重,12,49800,62300,12500,25.1,31e1b93f6217de5e,57ef5dd2b1361aae,134,134
通信器具,空中線取付金具（八木型）,６０～１５０ 径２４０～３００,個,三重,12,57000,71300,14300,25.09,dae4f4ef7c0053d3,08832c1a5df5ce2e,134,134
外線・接地材料,軽腕金ＬＧＡ（電力規格品）,０．９ テ（低圧２線引通・引留）,本,福井,01,1930,2030,100,5.18,89dc34c6eeba6f8c,41c7ec2252207e80,135,135
外線・接地材料,軽腕金ＬＧＡ（電力規格品）,１．２ ト（低圧２線槍出・トンボ）,本,福井,01,2480,2610,130,5.24,ef026fced4ba5d98,1a59fb56a38b76bc,135,135
外線・接地材料,軽腕金ＬＧＡ（電力規格品）,１．５ テ（高圧３線引通・総槍出）,本,福井,01,3270,3430,160,4.89,f2aa903a927eefea,ad3f2dd1181bd3cf,135,135
外線・接地材料,軽腕金ＬＧＡ（電力規格品）,１．５ ヒ（高圧３線引留）,本,福井,01,6080,6390,310,5.1,1f1224c723c64426,7a57d3c302504ffb,135,135
外線・接地材料,軽腕金ＬＧＡ（電力規格品）,１．８ テ（高圧３線引通・総槍出）,本,福井,01,3960,4160,200,5.05,d879b28084bab5d0,c532ee270c74d7d5,135,135
外線・接地材料,軽腕金ＬＧＡ（電力規格品）,１．８ ヒ（高圧３線引留）,本,福井,01,6610,6940,330,4.99,0d614a0b42f71115,ee0ddd882ab283da,135,135
外線・接地材料,配電線用架線金具（足場ボルト）,ＣＰ用,本,福井,01,243,255,12,4.94,0be31c573e17dca5,6d510aff55040674,135,135
外線・接地材料,配電線用架線金具（丸型アームタイ）,２．３×２５×９４５（ｍｍ）,本,福井,01,912,957,45,4.93,7d294ab054029269,7165c4331d606e4f,135,135
外線・接地材料,配電線用架線金具（Ｕボルト）,１３×２２０ｍｍ,個,福井,01,1220,1370,150,12.3,b57ab34dacdf71e2,a80fec5b610ba1c0,135,135
外線・接地材料,配電線用架線金具（低圧ラック）,電力・ＪＲ規格品（ＲＬ－Ｏ）,個,福井,01,246,259,13,5.28,d005b39f42d2c490,d0c6a8fe0bc30b99,135,135
外線・接地材料,通信線用架線金物（足場ボルト）,ＣＰ用,本,福井,01,243,255,12,4.94,dd56705313c837b6,b0814323488af1d4,135,135
外線・接地材料,電柱標識防護板,電柱表示板普及型,組,福井,01,7000,8470,1470,21.0,ca73aa02a557f033,c52d5fe6d1b9b0e6,135,135
外線・接地材料,軽腕金ＬＧＡ（電力規格品）,０．９ テ（低圧２線引通・引留）,本,滋賀,02,1930,2030,100,5.18,16c5f5b9ecd83260,e5426505ebfb6a2c,135,135
外線・接地材料,軽腕金ＬＧＡ（電力規格品）,１．２ ト（低圧２線槍出・トンボ）,本,滋賀,02,2480,2610,130,5.24,737d7d8efd593e85,a84bbe8989a2aa2f,135,135
外線・接地材料,軽腕金ＬＧＡ（電力規格品）,１．５ テ（高圧３線引通・総槍出）,本,滋賀,02,3270,3430,160,4.89,77e3b6f9f5b4f1b5,32de0ddb73b1b56b,135,135
外線・接地材料,軽腕金ＬＧＡ（電力規格品）,１．５ ヒ（高圧３線引留）,本,滋賀,02,6080,6390,310,5.1,13d912880dc13a5b,fd37acace137cfbd,135,135
外線・接地材料,軽腕金ＬＧＡ（電力規格品）,１．８ テ（高圧３線引通・総槍出）,本,滋賀,02,3960,4160,200,5.05,d7049e280ec6a9e3,ca62687757801144,135,135
外線・接地材料,軽腕金ＬＧＡ（電力規格品）,１．８ ヒ（高圧３線引留）,本,滋賀,02,6610,6940,330,4.99,2a738dc6e0cf23af,8c116b4af782862f,135,135
外線・接地材料,配電線用架線金具（足場ボルト）,ＣＰ用,本,滋賀,02,243,255,12,4.94,e4111ddf2ab762d8,d20fe0676c5ad357,135,135
外線・接地材料,配電線用架線金具（丸型アームタイ）,２．３×２５×９４５（ｍｍ）,本,滋賀,02,912,957,45,4.93,da27621cc7ed61ba,8d76815657856ba6,135,135
外線・接地材料,配電線用架線金具（Ｕボルト）,１３×２２０ｍｍ,個,滋賀,02,1220,1370,150,12.3,027a756ceb5633bb,8d21855b3735f923,135,135
外線・接地材料,配電線用架線金具（低圧ラック）,電力・ＪＲ規格品（ＲＬ－Ｏ）,個,滋賀,02,246,259,13,5.28,f594a482bb97f1ef,c05916c95775e151,135,135
外線・接地材料,通信線用架線金物（足場ボルト）,ＣＰ用,本,滋賀,02,243,255,12,4.94,aaba258ec812e431,abc3b1eb1f48afef,135,135
外線・接地材料,電柱標識防護板,電柱表示板普及型,組,滋賀,02,7000,8470,1470,21.0,adc7047c39094bdb,d20c79f736ef1fd6,135,135
外線・接地材料,軽腕金ＬＧＡ（電力規格品）,０．９ テ（低圧２線引通・引留）,本,京都北部,03,1930,2030,100,5.18,4f8fdb63f745ac49,2594da1399d436fd,135,135
外線・接地材料,軽腕金ＬＧＡ（電力規格品）,１．２ ト（低圧２線槍出・トンボ）,本,京都北部,03,2480,2610,130,5.24,c22c1a69cdbbe5ec,dff7937ae1efa51b,135,135
外線・接地材料,軽腕金ＬＧＡ（電力規格品）,１．５ テ（高圧３線引通・総槍出）,本,京都北部,03,3270,3430,160,4.89,5ecbbcba45bd5598,a57060a622d358fc,135,135
外線・接地材料,軽腕金ＬＧＡ（電力規格品）,１．５ ヒ（高圧３線引留）,本,京都北部,03,6080,6390,310,5.1,c99287ad479f31d9,acff207224f9685f,135,135
外線・接地材料,軽腕金ＬＧＡ（電力規格品）,１．８ テ（高圧３線引通・総槍出）,本,京都北部,03,3960,4160,200,5.05,44b32bf684f33ad4,e619281219113c71,135,135
外線・接地材料,軽腕金ＬＧＡ（電力規格品）,１．８ ヒ（高圧３線引留）,本,京都北部,03,6610,6940,330,4.99,5679719062ae9b8c,f19ceef75268d7b2,135,135
外線・接地材料,配電線用架線金具（足場ボルト）,ＣＰ用,本,京都北部,03,243,255,12,4.94,8a9ff6930f12e0cc,cb2326cc25fdf368,135,135
外線・接地材料,配電線用架線金具（丸型アームタイ）,２．３×２５×９４５（ｍｍ）,本,京都北部,03,912,957,45,4.93,096d90ac79c8fbcf,feb4cca605e80a72,135,135
外線・接地材料,配電線用架線金具（Ｕボルト）,１３×２２０ｍｍ,個,京都北部,03,1220,1370,150,12.3,3ee3ab582718cfd6,d14f1101a1e34249,135,135
外線・接地材料,配電線用架線金具（低圧ラック）,電力・ＪＲ規格品（ＲＬ－Ｏ）,個,京都北部,03,246,259,13,5.28,8cda3c695be2cca5,dc5246d5531eb748,135,135
外線・接地材料,通信線用架線金物（足場ボルト）,ＣＰ用,本,京都北部,03,243,255,12,4.94,e6414ec400b356fb,17f48893da9f0c62,135,135
外線・接地材料,電柱標識防護板,電柱表示板普及型,組,京都北部,03,7000,8470,1470,21.0,c1347e0f8446efbf,64ef6d8a089c77ac,135,135
外線・接地材料,軽腕金ＬＧＡ（電力規格品）,０．９ テ（低圧２線引通・引留）,本,京都南部,04,1930,2030,100,5.18,ba9cc1c16fd604a4,762dd25f528ffa26,135,135
外線・接地材料,軽腕金ＬＧＡ（電力規格品）,１．２ ト（低圧２線槍出・トンボ）,本,京都南部,04,2480,2610,130,5.24,1d94b79b49c09264,cbb3a155a53259df,135,135
外線・接地材料,軽腕金ＬＧＡ（電力規格品）,１．５ テ（高圧３線引通・総槍出）,本,京都南部,04,3270,3430,160,4.89,58e4259c6361fd66,f933be071086e06c,135,135
外線・接地材料,軽腕金ＬＧＡ（電力規格品）,１．５ ヒ（高圧３線引留）,本,京都南部,04,6080,6390,310,5.1,50349b67fd5e43bc,f8e8b9490a877380,135,135
外線・接地材料,軽腕金ＬＧＡ（電力規格品）,１．８ テ（高圧３線引通・総槍出）,本,京都南部,04,3960,4160,200,5.05,7ca130b00fb1e7f5,5223972ddc02b724,135,135
外線・接地材料,軽腕金ＬＧＡ（電力規格品）,１．８ ヒ（高圧３線引留）,本,京都南部,04,6610,6940,330,4.99,7f210316e64b40ce,24f96917e75846ad,135,135
外線・接地材料,配電線用架線金具（足場ボルト）,ＣＰ用,本,京都南部,04,243,255,12,4.94,85e28b7c4b4faee6,437deaf0cf34f92c,135,135
外線・接地材料,配電線用架線金具（丸型アームタイ）,２．３×２５×９４５（ｍｍ）,本,京都南部,04,912,957,45,4.93,7a1d985032b5dc6f,02ce6ec5cdb59877,135,135
外線・接地材料,配電線用架線金具（Ｕボルト）,１３×２２０ｍｍ,個,京都南部,04,1220,1370,150,12.3,e7e53667fbffefd0,a29f09741fe276ce,135,135
外線・接地材料,配電線用架線金具（低圧ラック）,電力・ＪＲ規格品（ＲＬ－Ｏ）,個,京都南部,04,246,259,13,5.28,84ac58d1e50326db,7723deefc6724b7f,135,135
外線・接地材料,通信線用架線金物（足場ボルト）,ＣＰ用,本,京都南部,04,243,255,12,4.94,1f7645cba45d009d,e8308ea36551b956,135,135
外線・接地材料,電柱標識防護板,電柱表示板普及型,組,京都南部,04,7000,8470,1470,21.0,01f6b4b8e88191e2,6a2b58c860d59080,135,135
外線・接地材料,軽腕金ＬＧＡ（電力規格品）,０．９ テ（低圧２線引通・引留）,本,大阪,05,1930,2030,100,5.18,b54eee8c7e873388,47b45ce28c24632a,135,135
外線・接地材料,軽腕金ＬＧＡ（電力規格品）,１．２ ト（低圧２線槍出・トンボ）,本,大阪,05,2480,2610,130,5.24,128bf8e64007bf77,a67a9a25e6ce053e,135,135
外線・接地材料,軽腕金ＬＧＡ（電力規格品）,１．５ テ（高圧３線引通・総槍出）,本,大阪,05,3270,3430,160,4.89,e8b74a3ad253bf3d,4b4d96f7b399c608,135,135
外線・接地材料,軽腕金ＬＧＡ（電力規格品）,１．５ ヒ（高圧３線引留）,本,大阪,05,6080,6390,310,5.1,033d673bd8852cc6,57d41b2ec73f9f80,135,135
外線・接地材料,軽腕金ＬＧＡ（電力規格品）,１．８ テ（高圧３線引通・総槍出）,本,大阪,05,3960,4160,200,5.05,5ef56442cc184b2d,1ad7a0022990bdf7,135,135
外線・接地材料,軽腕金ＬＧＡ（電力規格品）,１．８ ヒ（高圧３線引留）,本,大阪,05,6610,6940,330,4.99,1de319fa86e8e15b,bceff98038c46e47,135,135
外線・接地材料,配電線用架線金具（足場ボルト）,ＣＰ用,本,大阪,05,243,255,12,4.94,2d06d6c8e0ac6616,46a15b19ed13166b,135,135
外線・接地材料,配電線用架線金具（丸型アームタイ）,２．３×２５×９４５（ｍｍ）,本,大阪,05,912,957,45,4.93,ebc4a9e78d72dbb3,21ba87afd9f779f6,135,135
外線・接地材料,配電線用架線金具（Ｕボルト）,１３×２２０ｍｍ,個,大阪,05,1220,1370,150,12.3,075bad120143554a,ab41af815cdb3b30,135,135
外線・接地材料,配電線用架線金具（低圧ラック）,電力・ＪＲ規格品（ＲＬ－Ｏ）,個,大阪,05,246,259,13,5.28,d7bc1fa9b8107803,413de369a41d25fa,135,135
外線・接地材料,通信線用架線金物（足場ボルト）,ＣＰ用,本,大阪,05,243,255,12,4.94,a8f46e6bdfd30d66,400cf5470fffb96f,135,135
外線・接地材料,電柱標識防護板,電柱表示板普及型,組,大阪,05,7000,8470,1470,21.0,94efd6750f1ed102,4d818b93aaa12a56,135,135
外線・接地材料,軽腕金ＬＧＡ（電力規格品）,０．９ テ（低圧２線引通・引留）,本,兵庫北部,06,1930,2030,100,5.18,477fa76439023307,6260b118e5705d7f,135,135
外線・接地材料,軽腕金ＬＧＡ（電力規格品）,１．２ ト（低圧２線槍出・トンボ）,本,兵庫北部,06,2480,2610,130,5.24,803b95a596c33e5f,8988fa3b847ab201,135,135
外線・接地材料,軽腕金ＬＧＡ（電力規格品）,１．５ テ（高圧３線引通・総槍出）,本,兵庫北部,06,3270,3430,160,4.89,d2111be890d749ed,c6934c5b8362ef03,135,135
外線・接地材料,軽腕金ＬＧＡ（電力規格品）,１．５ ヒ（高圧３線引留）,本,兵庫北部,06,6080,6390,310,5.1,e76aa18fcb41973e,94ea8047d36f8d58,135,135
外線・接地材料,軽腕金ＬＧＡ（電力規格品）,１．８ テ（高圧３線引通・総槍出）,本,兵庫北部,06,3960,4160,200,5.05,c800a3b5dfcf28f6,2a1bc8a7553bc3c6,135,135
外線・接地材料,軽腕金ＬＧＡ（電力規格品）,１．８ ヒ（高圧３線引留）,本,兵庫北部,06,6610,6940,330,4.99,869b1dfe0a8d7d15,b70be5fa7ae42734,135,135
外線・接地材料,配電線用架線金具（足場ボルト）,ＣＰ用,本,兵庫北部,06,243,255,12,4.94,4ab340fd15be6abe,54b6b25a1fe1a8c7,135,135
外線・接地材料,配電線用架線金具（丸型アームタイ）,２．３×２５×９４５（ｍｍ）,本,兵庫北部,06,912,957,45,4.93,1895a86a3e8fe8d5,c32efb4482b057be,135,135
外線・接地材料,配電線用架線金具（Ｕボルト）,１３×２２０ｍｍ,個,兵庫北部,06,1220,1370,150,12.3,2d5b105ffbf73fc6,e00b6cb1eb5542c5,135,135
外線・接地材料,配電線用架線金具（低圧ラック）,電力・ＪＲ規格品（ＲＬ－Ｏ）,個,兵庫北部,06,246,259,13,5.28,3ecf67e0b95f8310,d00b970f0c3284d2,135,135
外線・接地材料,通信線用架線金物（足場ボルト）,ＣＰ用,本,兵庫北部,06,243,255,12,4.94,58987a3c55d5bcf2,ee27ff28d08a96c2,135,135
外線・接地材料,電柱標識防護板,電柱表示板普及型,組,兵庫北部,06,7000,8470,1470,21.0,f1934a28c04c821e,5cdd83e07d0fae03,135,135
外線・接地材料,軽腕金ＬＧＡ（電力規格品）,０．９ テ（低圧２線引通・引留）,本,兵庫西部,07,1930,2030,100,5.18,58bcdea76bcff737,dbc8fb5d2569e5ec,135,135
外線・接地材料,軽腕金ＬＧＡ（電力規格品）,１．２ ト（低圧２線槍出・トンボ）,本,兵庫西部,07,2480,2610,130,5.24,2ee910812ee8973a,67b60a76b670bd3a,135,135
外線・接地材料,軽腕金ＬＧＡ（電力規格品）,１．５ テ（高圧３線引通・総槍出）,本,兵庫西部,07,3270,3430,160,4.89,0009d9951f306214,e4a894d33cd33414,135,135
外線・接地材料,軽腕金ＬＧＡ（電力規格品）,１．５ ヒ（高圧３線引留）,本,兵庫西部,07,6080,6390,310,5.1,337b96a502e822e8,74890f6966ae0d47,135,135
外線・接地材料,軽腕金ＬＧＡ（電力規格品）,１．８ テ（高圧３線引通・総槍出）,本,兵庫西部,07,3960,4160,200,5.05,6ce4b14e8bd1a4aa,99dc44a6678e9df6,135,135
外線・接地材料,軽腕金ＬＧＡ（電力規格品）,１．８ ヒ（高圧３線引留）,本,兵庫西部,07,6610,6940,330,4.99,893ff548a407edb8,6f5451a7e7c0ac92,135,135
外線・接地材料,配電線用架線金具（足場ボルト）,ＣＰ用,本,兵庫西部,07,243,255,12,4.94,7cf54b09eb6d9530,4d5516bc3104edb1,135,135
外線・接地材料,配電線用架線金具（丸型アームタイ）,２．３×２５×９４５（ｍｍ）,本,兵庫西部,07,912,957,45,4.93,2cbd2498d2a87623,3895d89368722da7,135,135
外線・接地材料,配電線用架線金具（Ｕボルト）,１３×２２０ｍｍ,個,兵庫西部,07,1220,1370,150,12.3,137730d4e915b33a,76cd0197d6d54254,135,135
外線・接地材料,配電線用架線金具（低圧ラック）,電力・ＪＲ規格品（ＲＬ－Ｏ）,個,兵庫西部,07,246,259,13,5.28,bf568396a8274c83,9dbe22e6e2577999,135,135
外線・接地材料,通信線用架線金物（足場ボルト）,ＣＰ用,本,兵庫西部,07,243,255,12,4.94,2558247e76849b23,1f36bf95c952cbb2,135,135
外線・接地材料,電柱標識防護板,電柱表示板普及型,組,兵庫西部,07,7000,8470,1470,21.0,6192bf2f0c01b9ae,6990db3c86dd4204,135,135
外線・接地材料,軽腕金ＬＧＡ（電力規格品）,０．９ テ（低圧２線引通・引留）,本,兵庫,08,1930,2030,100,5.18,66e6fd504e625765,4b0b1f9e264a5d08,135,135
外線・接地材料,軽腕金ＬＧＡ（電力規格品）,１．２ ト（低圧２線槍出・トンボ）,本,兵庫,08,2480,2610,130,5.24,45b1c1bc4940fe7c,efbf246371f23c7d,135,135
外線・接地材料,軽腕金ＬＧＡ（電力規格品）,１．５ テ（高圧３線引通・総槍出）,本,兵庫,08,3270,3430,160,4.89,06926df79cb4384a,30eef43fb42b6bbf,135,135
外線・接地材料,軽腕金ＬＧＡ（電力規格品）,１．５ ヒ（高圧３線引留）,本,兵庫,08,6080,6390,310,5.1,ec54a67a6207f096,901d755aea9b49d7,135,135
外線・接地材料,軽腕金ＬＧＡ（電力規格品）,１．８ テ（高圧３線引通・総槍出）,本,兵庫,08,3960,4160,200,5.05,d886208a3e21d6a7,f9138ddd04965a52,135,135
外線・接地材料,軽腕金ＬＧＡ（電力規格品）,１．８ ヒ（高圧３線引留）,本,兵庫,08,6610,6940,330,4.99,fadeb4984c1b9c25,2d75a2ad6240ee56,135,135
外線・接地材料,配電線用架線金具（足場ボルト）,ＣＰ用,本,兵庫,08,243,255,12,4.94,b1c9ec84c99b41f5,ae95683693e2336d,135,135
外線・接地材料,配電線用架線金具（丸型アームタイ）,２．３×２５×９４５（ｍｍ）,本,兵庫,08,912,957,45,4.93,78abc828920df60b,a24513336210cf04,135,135
外線・接地材料,配電線用架線金具（Ｕボルト）,１３×２２０ｍｍ,個,兵庫,08,1220,1370,150,12.3,214ea7d748a29029,b2f5572cde521088,135,135
外線・接地材料,配電線用架線金具（低圧ラック）,電力・ＪＲ規格品（ＲＬ－Ｏ）,個,兵庫,08,246,259,13,5.28,1c8b2dae705e321a,d4180dbe557bf650,135,135
外線・接地材料,通信線用架線金物（足場ボルト）,ＣＰ用,本,兵庫,08,243,255,12,4.94,43f90fd9a541c621,acc89b06738c5ee5,135,135
外線・接地材料,電柱標識防護板,電柱表示板普及型,組,兵庫,08,7000,8470,1470,21.0,3c2bfa07d7a722e7,25df372d9336da06,135,135
外線・接地材料,軽腕金ＬＧＡ（電力規格品）,０．９ テ（低圧２線引通・引留）,本,奈良,09,1930,2030,100,5.18,dfcba7cba19704de,5e39ab231f41662e,135,135
外線・接地材料,軽腕金ＬＧＡ（電力規格品）,１．２ ト（低圧２線槍出・トンボ）,本,奈良,09,2480,2610,130,5.24,c0f58b4efc1b3546,31813c0236d875d4,135,135
外線・接地材料,軽腕金ＬＧＡ（電力規格品）,１．５ テ（高圧３線引通・総槍出）,本,奈良,09,3270,3430,160,4.89,490a9ca21985329a,be925f9af75608bc,135,135
外線・接地材料,軽腕金ＬＧＡ（電力規格品）,１．５ ヒ（高圧３線引留）,本,奈良,09,6080,6390,310,5.1,6b3060984e944c7e,bb6a0cd2f3135bf9,135,135
外線・接地材料,軽腕金ＬＧＡ（電力規格品）,１．８ テ（高圧３線引通・総槍出）,本,奈良,09,3960,4160,200,5.05,34d972ab6e224665,755db8a647210c8f,135,135
外線・接地材料,軽腕金ＬＧＡ（電力規格品）,１．８ ヒ（高圧３線引留）,本,奈良,09,6610,6940,330,4.99,6a751eb53c5fb726,c46ff167c9128445,135,135
外線・接地材料,配電線用架線金具（足場ボルト）,ＣＰ用,本,奈良,09,243,255,12,4.94,ce2f154832f25a84,d2c19088b6acadd4,135,135
外線・接地材料,配電線用架線金具（丸型アームタイ）,２．３×２５×９４５（ｍｍ）,本,奈良,09,912,957,45,4.93,113d9289266f648d,2fbad4ac75e4472c,135,135
外線・接地材料,配電線用架線金具（Ｕボルト）,１３×２２０ｍｍ,個,奈良,09,1220,1370,150,12.3,9a60a2750f727ba0,e771e7a4b01986b1,135,135
外線・接地材料,配電線用架線金具（低圧ラック）,電力・ＪＲ規格品（ＲＬ－Ｏ）,個,奈良,09,246,259,13,5.28,6457cdd6171903e8,268458b7c0ff0c6a,135,135
外線・接地材料,通信線用架線金物（足場ボルト）,ＣＰ用,本,奈良,09,243,255,12,4.94,d82a212482de5e7c,42fa980b19bd897d,135,135
外線・接地材料,電柱標識防護板,電柱表示板普及型,組,奈良,09,7000,8470,1470,21.0,c9c93ec1996a3dc3,dfefaf989043e2f8,135,135
外線・接地材料,軽腕金ＬＧＡ（電力規格品）,０．９ テ（低圧２線引通・引留）,本,和歌山,10,1930,2030,100,5.18,5da6dbd9219974f3,285e8ea2bb3031be,135,135
外線・接地材料,軽腕金ＬＧＡ（電力規格品）,１．２ ト（低圧２線槍出・トンボ）,本,和歌山,10,2480,2610,130,5.24,e5078e8cdb4f6e5a,d3815aa4038b8194,135,135
外線・接地材料,軽腕金ＬＧＡ（電力規格品）,１．５ テ（高圧３線引通・総槍出）,本,和歌山,10,3270,3430,160,4.89,f242ea49d79c0945,9ff33ee76e33e820,135,135
外線・接地材料,軽腕金ＬＧＡ（電力規格品）,１．５ ヒ（高圧３線引留）,本,和歌山,10,6080,6390,310,5.1,70dbc676e1f197f9,ca736ec9709d9b6c,135,135
外線・接地材料,軽腕金ＬＧＡ（電力規格品）,１．８ テ（高圧３線引通・総槍出）,本,和歌山,10,3960,4160,200,5.05,74d7389d7d9a7a4f,b703536eba0956ae,135,135
外線・接地材料,軽腕金ＬＧＡ（電力規格品）,１．８ ヒ（高圧３線引留）,本,和歌山,10,6610,6940,330,4.99,66099b81265ab29f,43d11170e0d05d98,135,135
外線・接地材料,配電線用架線金具（足場ボルト）,ＣＰ用,本,和歌山,10,243,255,12,4.94,d06c40775b7263b7,a836c77bd8b8be13,135,135
外線・接地材料,配電線用架線金具（丸型アームタイ）,２．３×２５×９４５（ｍｍ）,本,和歌山,10,912,957,45,4.93,508bbd9f5044fbb5,c7f6174815d9b11e,135,135
外線・接地材料,配電線用架線金具（Ｕボルト）,１３×２２０ｍｍ,個,和歌山,10,1220,1370,150,12.3,1519d5677cd3ecfe,ecaa18e320354dc8,135,135
外線・接地材料,配電線用架線金具（低圧ラック）,電力・ＪＲ規格品（ＲＬ－Ｏ）,個,和歌山,10,246,259,13,5.28,4258f086cc1ce45d,006aa6222d2e3048,135,135
外線・接地材料,通信線用架線金物（足場ボルト）,ＣＰ用,本,和歌山,10,243,255,12,4.94,433facaa840c84e4,c56ed107f32a8377,135,135
外線・接地材料,電柱標識防護板,電柱表示板普及型,組,和歌山,10,7000,8470,1470,21.0,d2bc44f0076e5b24,ea63d4b494d17b6c,135,135
外線・接地材料,軽腕金ＬＧＡ（電力規格品）,０．９ テ（低圧２線引通・引留）,本,岐阜,11,1930,2030,100,5.18,f355c39c58cc8707,dc42d286b5316ad0,135,135
外線・接地材料,軽腕金ＬＧＡ（電力規格品）,１．２ ト（低圧２線槍出・トンボ）,本,岐阜,11,2480,2610,130,5.24,406b932a724fbc47,ed3d4d7f33645cf6,135,135
外線・接地材料,軽腕金ＬＧＡ（電力規格品）,１．５ テ（高圧３線引通・総槍出）,本,岐阜,11,3270,3430,160,4.89,d49846de89388900,2bfa675782093764,135,135
外線・接地材料,軽腕金ＬＧＡ（電力規格品）,１．５ ヒ（高圧３線引留）,本,岐阜,11,6080,6390,310,5.1,d75b063d8ebb4f1f,a16223f71e3f726b,135,135
外線・接地材料,軽腕金ＬＧＡ（電力規格品）,１．８ テ（高圧３線引通・総槍出）,本,岐阜,11,3960,4160,200,5.05,aa3fcd933e1f0026,23135648ebe1a086,135,135
外線・接地材料,軽腕金ＬＧＡ（電力規格品）,１．８ ヒ（高圧３線引留）,本,岐阜,11,6610,6940,330,4.99,a53f33aa493c304f,913e203530195404,135,135
外線・接地材料,配電線用架線金具（足場ボルト）,ＣＰ用,本,岐阜,11,243,255,12,4.94,547d448ab59f8f6b,af1c427fa8bd4203,135,135
外線・接地材料,配電線用架線金具（丸型アームタイ）,２．３×２５×９４５（ｍｍ）,本,岐阜,11,912,957,45,4.93,d58878895e461e08,54c9131bdd12487a,135,135
外線・接地材料,配電線用架線金具（Ｕボルト）,１３×２２０ｍｍ,個,岐阜,11,1220,1370,150,12.3,8f7ab1630aa19614,37a32289684febaf,135,135
外線・接地材料,配電線用架線金具（低圧ラック）,電力・ＪＲ規格品（ＲＬ－Ｏ）,個,岐阜,11,246,259,13,5.28,d7d8f528f992086b,119b9725d66ed1f2,135,135
外線・接地材料,通信線用架線金物（足場ボルト）,ＣＰ用,本,岐阜,11,243,255,12,4.94,ee2f4c41ce9fad0d,e88a1007c32e778e,135,135
外線・接地材料,電柱標識防護板,電柱表示板普及型,組,岐阜,11,7000,8470,1470,21.0,1d453f16cdbffcd3,1cd22773f6c4bc44,135,135
外線・接地材料,軽腕金ＬＧＡ（電力規格品）,０．９ テ（低圧２線引通・引留）,本,三重,12,1930,2030,100,5.18,e0aa67c3076e6024,95ada7f489499fc5,135,135
外線・接地材料,軽腕金ＬＧＡ（電力規格品）,１．２ ト（低圧２線槍出・トンボ）,本,三重,12,2480,2610,130,5.24,78cfaacd36a1b106,23a73ce70c007494,135,135
外線・接地材料,軽腕金ＬＧＡ（電力規格品）,１．５ テ（高圧３線引通・総槍出）,本,三重,12,3270,3430,160,4.89,ca237b0b0318730d,7934a9861efae521,135,135
外線・接地材料,軽腕金ＬＧＡ（電力規格品）,１．５ ヒ（高圧３線引留）,本,三重,12,6080,6390,310,5.1,cf2195ba834d4ae8,302ae0b7b199729b,135,135
外線・接地材料,軽腕金ＬＧＡ（電力規格品）,１．８ テ（高圧３線引通・総槍出）,本,三重,12,3960,4160,200,5.05,7a1da9221f36cf78,37d886fd2c2e8b22,135,135
外線・接地材料,軽腕金ＬＧＡ（電力規格品）,１．８ ヒ（高圧３線引留）,本,三重,12,6610,6940,330,4.99,d4536c46fb25866e,3ee9b11f15ce145b,135,135
外線・接地材料,配電線用架線金具（足場ボルト）,ＣＰ用,本,三重,12,243,255,12,4.94,8de21b80b3848c13,5933e5e9f53a2fd9,135,135
外線・接地材料,配電線用架線金具（丸型アームタイ）,２．３×２５×９４５（ｍｍ）,本,三重,12,912,957,45,4.93,510676e53f4087d3,c8dcccdee294c685,135,135
外線・接地材料,配電線用架線金具（Ｕボルト）,１３×２２０ｍｍ,個,三重,12,1220,1370,150,12.3,99ccf4601c251b63,5bba6a69063d081c,135,135
外線・接地材料,配電線用架線金具（低圧ラック）,電力・ＪＲ規格品（ＲＬ－Ｏ）,個,三重,12,246,259,13,5.28,b9bfbb98488a8d31,b865f622491231ce,135,135
外線・接地材料,通信線用架線金物（足場ボルト）,ＣＰ用,本,三重,12,243,255,12,4.94,9c839176e8023542,bc0390df6be260df,135,135
外線・接地材料,電柱標識防護板,電柱表示板普及型,組,三重,12,7000,8470,1470,21.0,4d46c7e250073e6c,2633ddb736af9870,135,135
電気設備その他,車道用ハンドホール鉄蓋,"φ６００ Ｔ－２５ 受枠 ナット共 [ｼﾘﾝﾀﾞｰｷｰ,ｼﾘﾝﾀﾞｰ錠は別途]",組,福井,01,105000,129000,24000,22.86,90f665943d8d9c1c,5dbbd33b650e9e09,136,136
電気設備その他,歩道用ハンドホール鉄蓋,"１２００×６００ Ｔ－２ 受枠 ナット共 [ｼﾘﾝﾀﾞｰｷｰ,ｼﾘﾝﾀﾞｰ錠は別途]",組,福井,01,215000,264000,49000,22.79,01e4aef3671cc2db,41972f055922a0de,136,136
電気設備その他,歩道用ハンドホール鉄蓋,"１２００×６００ Ｔ－２５ 受枠 ナット共 [ｼﾘﾝﾀﾞｰｷｰ,ｼﾘﾝﾀﾞｰ錠は別途]",組,福井,01,273000,335000,62000,22.71,4700074362d9c1e6,87934daf563e225e,136,136
電気設備その他,車道用ハンドホール鉄蓋(シリンダー錠仕様),"φ６００ Ｔ－２５仕様 受枠 ナット共 [ｼﾘﾝﾀﾞｰｷｰ,ｼﾘﾝﾀﾞｰ錠は別途]",組,福井,01,112000,129000,17000,15.18,0e52e04e80718c45,2eafb3da4c13b044,136,136
電気設備その他,歩道用ハンドホール鉄蓋(シリンダー錠仕様),"１２００×６００ Ｔ－２仕様 受枠 ナット共 [ｼﾘﾝﾀﾞｰｷｰ,ｼﾘﾝﾀﾞｰ錠は別途]",組,福井,01,229000,264000,35000,15.28,6d5f3724412ff5d4,fc37c1ad3c8cc196,136,136
電気設備その他,歩道用ハンドホール鉄蓋(シリンダー錠仕様),"１２００×６００ Ｔ－２５仕様 受枠 ナット共 [ｼﾘﾝﾀﾞｰｷｰ,ｼﾘﾝﾀﾞｰ錠は別途]",組,福井,01,291000,335000,44000,15.12,0e22b1888637ff23,75819b50d45eb0c1,136,136
電気設備その他,ハンドホール用シリンダー錠,[ｼﾘﾝﾀﾞｰｷｰは別途],個,福井,01,9770,10000,230,2.35,4a6a8c7a8e4dd2c8,6936cc7747b5a06a,136,136
電気設備その他,ハンドホール中蓋(二重蓋用)(シリンダー錠仕様),"１２００×６００(ＳＵＳ３０４) 受枠 ナット共 [ｼﾘﾝﾀﾞｰｷｰ,ｼﾘﾝﾀﾞｰ錠は別途]",組,福井,01,193000,207000,14000,7.25,e6966118571647eb,4b6384e97c4b1d2b,136,136
電気設備その他,本体管,ＦＲＰＭφ３００ 直管４ｍ [外圧管2種],本,福井,01,83700,96300,12600,15.05,365278efb5f270e1,b00fbcd7b5677a1c,136,136
電気設備その他,本体管,ＦＲＰＭφ３００ １０Ｒ曲管１ｍ [外圧管2種],本,福井,01,56600,65000,8400,14.84,1b3c7559a5274be9,c2327114a55a4207,136,136
電気設備その他,本体管,ＦＲＰＭφ３００ １０Ｒ曲管２ｍ [外圧管2種],本,福井,01,82100,94000,11900,14.49,e53e31affa193670,8c37bd415c77f04c,136,136
電気設備その他,呼び線,ハイライン 径４ｍｍ [ﾎﾟﾘｴﾁﾚﾝ(ﾏﾙﾁ)],m,福井,01,14,16.3,2.3,16.43,fdbc8cac9307b186,e46109e6bbd3adf6,136,136
電気設備その他,丸テーパー直線型ポール,１０．３ｍ 亜鉛メッキベース式,本,福井,01,334000,368000,34000,10.18,8f4d96ca2bfaa1a4,8a9c6bd74027ed2e,136,136
電気設備その他,車道用ハンドホール鉄蓋,"φ６００ Ｔ－２５ 受枠 ナット共 [ｼﾘﾝﾀﾞｰｷｰ,ｼﾘﾝﾀﾞｰ錠は別途]",組,滋賀,02,105000,129000,24000,22.86,4e995a8b0a1ca089,6327721cad4c6467,136,136
電気設備その他,歩道用ハンドホール鉄蓋,"１２００×６００ Ｔ－２ 受枠 ナット共 [ｼﾘﾝﾀﾞｰｷｰ,ｼﾘﾝﾀﾞｰ錠は別途]",組,滋賀,02,215000,264000,49000,22.79,30fdcfd8d8f1b9ab,d42334ee2931ac54,136,136
電気設備その他,歩道用ハンドホール鉄蓋,"１２００×６００ Ｔ－２５ 受枠 ナット共 [ｼﾘﾝﾀﾞｰｷｰ,ｼﾘﾝﾀﾞｰ錠は別途]",組,滋賀,02,273000,335000,62000,22.71,27379e6750c4e0f7,bd9030324f2e3dbf,136,136
電気設備その他,車道用ハンドホール鉄蓋(シリンダー錠仕様),"φ６００ Ｔ－２５仕様 受枠 ナット共 [ｼﾘﾝﾀﾞｰｷｰ,ｼﾘﾝﾀﾞｰ錠は別途]",組,滋賀,02,112000,129000,17000,15.18,5d848861e57fb158,ab99c796ce15e84d,136,136
電気設備その他,歩道用ハンドホール鉄蓋(シリンダー錠仕様),"１２００×６００ Ｔ－２仕様 受枠 ナット共 [ｼﾘﾝﾀﾞｰｷｰ,ｼﾘﾝﾀﾞｰ錠は別途]",組,滋賀,02,229000,264000,35000,15.28,9dfc1e8b130f41aa,7d9e886ca8098a7f,136,136
電気設備その他,歩道用ハンドホール鉄蓋(シリンダー錠仕様),"１２００×６００ Ｔ－２５仕様 受枠 ナット共 [ｼﾘﾝﾀﾞｰｷｰ,ｼﾘﾝﾀﾞｰ錠は別途]",組,滋賀,02,291000,335000,44000,15.12,5737dc86af736576,48d1dfe909c682dd,136,136
電気設備その他,ハンドホール用シリンダー錠,[ｼﾘﾝﾀﾞｰｷｰは別途],個,滋賀,02,9770,10000,230,2.35,5c51977d9c669264,abf83e7bc1f138dc,136,136
電気設備その他,ハンドホール中蓋(二重蓋用)(シリンダー錠仕様),"１２００×６００(ＳＵＳ３０４) 受枠 ナット共 [ｼﾘﾝﾀﾞｰｷｰ,ｼﾘﾝﾀﾞｰ錠は別途]",組,滋賀,02,193000,207000,14000,7.25,eb1525c722bb7697,5566ce194ddea9f0,136,136
電気設備その他,本体管,ＦＲＰＭφ３００ 直管４ｍ [外圧管2種],本,滋賀,02,83700,96300,12600,15.05,7375394bab882cbb,241e210fc8c3824f,136,136
電気設備その他,本体管,ＦＲＰＭφ３００ １０Ｒ曲管１ｍ [外圧管2種],本,滋賀,02,56600,65000,8400,14.84,8a1cd1f666a6c498,61986c746601de5e,136,136
電気設備その他,本体管,ＦＲＰＭφ３００ １０Ｒ曲管２ｍ [外圧管2種],本,滋賀,02,82100,94000,11900,14.49,eac13a886ae27f95,9a8db0a836c950b3,136,136
電気設備その他,呼び線,ハイライン 径４ｍｍ [ﾎﾟﾘｴﾁﾚﾝ(ﾏﾙﾁ)],m,滋賀,02,14,16.3,2.3,16.43,fcd949798adcea16,df85d0dd1adfbfb5,136,136
電気設備その他,丸テーパー直線型ポール,１０．３ｍ 亜鉛メッキベース式,本,滋賀,02,334000,368000,34000,10.18,5bafbbc6a2ca8d0e,439019494f122be9,136,136
電気設備その他,車道用ハンドホール鉄蓋,"φ６００ Ｔ－２５ 受枠 ナット共 [ｼﾘﾝﾀﾞｰｷｰ,ｼﾘﾝﾀﾞｰ錠は別途]",組,京都北部,03,105000,129000,24000,22.86,ff12de500070987f,b61a63b098c71efa,136,136
電気設備その他,歩道用ハンドホール鉄蓋,"１２００×６００ Ｔ－２ 受枠 ナット共 [ｼﾘﾝﾀﾞｰｷｰ,ｼﾘﾝﾀﾞｰ錠は別途]",組,京都北部,03,215000,264000,49000,22.79,4c45c619a13f1ce0,1bed59ad5ca656b5,136,136
電気設備その他,歩道用ハンドホール鉄蓋,"１２００×６００ Ｔ－２５ 受枠 ナット共 [ｼﾘﾝﾀﾞｰｷｰ,ｼﾘﾝﾀﾞｰ錠は別途]",組,京都北部,03,273000,335000,62000,22.71,98e7f8315c7ebd0c,abb32ec29e74fab7,136,136
電気設備その他,車道用ハンドホール鉄蓋(シリンダー錠仕様),"φ６００ Ｔ－２５仕様 受枠 ナット共 [ｼﾘﾝﾀﾞｰｷｰ,ｼﾘﾝﾀﾞｰ錠は別途]",組,京都北部,03,112000,129000,17000,15.18,c62995622026ac10,ac17e8b05243bc6f,136,136
電気設備その他,歩道用ハンドホール鉄蓋(シリンダー錠仕様),"１２００×６００ Ｔ－２仕様 受枠 ナット共 [ｼﾘﾝﾀﾞｰｷｰ,ｼﾘﾝﾀﾞｰ錠は別途]",組,京都北部,03,229000,264000,35000,15.28,de284f52e9f36601,efdc848ec8a2615a,136,136
電気設備その他,歩道用ハンドホール鉄蓋(シリンダー錠仕様),"１２００×６００ Ｔ－２５仕様 受枠 ナット共 [ｼﾘﾝﾀﾞｰｷｰ,ｼﾘﾝﾀﾞｰ錠は別途]",組,京都北部,03,291000,335000,44000,15.12,20a896f755fe1cb1,49c5043d16ef4fd6,136,136
電気設備その他,ハンドホール用シリンダー錠,[ｼﾘﾝﾀﾞｰｷｰは別途],個,京都北部,03,9770,10000,230,2.35,a5dd0d8bbfaef42f,71e6c14fb99ed261,136,136
電気設備その他,ハンドホール中蓋(二重蓋用)(シリンダー錠仕様),"１２００×６００(ＳＵＳ３０４) 受枠 ナット共 [ｼﾘﾝﾀﾞｰｷｰ,ｼﾘﾝﾀﾞｰ錠は別途]",組,京都北部,03,193000,207000,14000,7.25,7510ac6cf0bf5f4c,dc6bb2e0d5de1187,136,136
電気設備その他,本体管,ＦＲＰＭφ３００ 直管４ｍ [外圧管2種],本,京都北部,03,83700,96300,12600,15.05,8ab06509f6245263,fc29ce7e4f55bea6,136,136
電気設備その他,本体管,ＦＲＰＭφ３００ １０Ｒ曲管１ｍ [外圧管2種],本,京都北部,03,56600,65000,8400,14.84,8ded6f706bb1933d,360a914cda626608,136,136
電気設備その他,本体管,ＦＲＰＭφ３００ １０Ｒ曲管２ｍ [外圧管2種],本,京都北部,03,82100,94000,11900,14.49,5ef8809621bb8ea8,9f63ed614abc2d5f,136,136
電気設備その他,呼び線,ハイライン 径４ｍｍ [ﾎﾟﾘｴﾁﾚﾝ(ﾏﾙﾁ)],m,京都北部,03,14,16.3,2.3,16.43,cb1728778bf6bd7d,d2fd51ad4b51cf44,136,136
電気設備その他,丸テーパー直線型ポール,１０．３ｍ 亜鉛メッキベース式,本,京都北部,03,334000,368000,34000,10.18,926073c7a22d4e72,8aab3877f4962b52,136,136
電気設備その他,車道用ハンドホール鉄蓋,"φ６００ Ｔ－２５ 受枠 ナット共 [ｼﾘﾝﾀﾞｰｷｰ,ｼﾘﾝﾀﾞｰ錠は別途]",組,京都南部,04,105000,129000,24000,22.86,e08da16d5d57d153,bf88da6e16edc812,136,136
電気設備その他,歩道用ハンドホール鉄蓋,"１２００×６００ Ｔ－２ 受枠 ナット共 [ｼﾘﾝﾀﾞｰｷｰ,ｼﾘﾝﾀﾞｰ錠は別途]",組,京都南部,04,215000,264000,49000,22.79,e92bb9dad3d9f94f,fdec2a7bead543f5,136,136
電気設備その他,歩道用ハンドホール鉄蓋,"１２００×６００ Ｔ－２５ 受枠 ナット共 [ｼﾘﾝﾀﾞｰｷｰ,ｼﾘﾝﾀﾞｰ錠は別途]",組,京都南部,04,273000,335000,62000,22.71,3c2f59b1a1a8016c,5fabea9f7ee0e0da,136,136
電気設備その他,車道用ハンドホール鉄蓋(シリンダー錠仕様),"φ６００ Ｔ－２５仕様 受枠 ナット共 [ｼﾘﾝﾀﾞｰｷｰ,ｼﾘﾝﾀﾞｰ錠は別途]",組,京都南部,04,112000,129000,17000,15.18,203bad3df1f33a13,39e3dd623d4ea0b7,136,136
電気設備その他,歩道用ハンドホール鉄蓋(シリンダー錠仕様),"１２００×６００ Ｔ－２仕様 受枠 ナット共 [ｼﾘﾝﾀﾞｰｷｰ,ｼﾘﾝﾀﾞｰ錠は別途]",組,京都南部,04,229000,264000,35000,15.28,70e96899c384917c,3fe2cb7ca9e08f61,136,136
電気設備その他,歩道用ハンドホール鉄蓋(シリンダー錠仕様),"１２００×６００ Ｔ－２５仕様 受枠 ナット共 [ｼﾘﾝﾀﾞｰｷｰ,ｼﾘﾝﾀﾞｰ錠は別途]",組,京都南部,04,291000,335000,44000,15.12,9cfa5795e575184d,c2f57891e1543428,136,136
電気設備その他,ハンドホール用シリンダー錠,[ｼﾘﾝﾀﾞｰｷｰは別途],個,京都南部,04,9770,10000,230,2.35,545a842fd7297b64,2d5e8e2bcbadd584,136,136
電気設備その他,ハンドホール中蓋(二重蓋用)(シリンダー錠仕様),"１２００×６００(ＳＵＳ３０４) 受枠 ナット共 [ｼﾘﾝﾀﾞｰｷｰ,ｼﾘﾝﾀﾞｰ錠は別途]",組,京都南部,04,193000,207000,14000,7.25,57613a2ce3639298,8fc6d83e0aef9734,136,136
電気設備その他,本体管,ＦＲＰＭφ３００ 直管４ｍ [外圧管2種],本,京都南部,04,83700,96300,12600,15.05,64bfd37a4de51236,a23a7f26cdc265bf,136,136
電気設備その他,本体管,ＦＲＰＭφ３００ １０Ｒ曲管１ｍ [外圧管2種],本,京都南部,04,56600,65000,8400,14.84,283b3590ca37f46d,c2c824d32fae4712,136,136
電気設備その他,本体管,ＦＲＰＭφ３００ １０Ｒ曲管２ｍ [外圧管2種],本,京都南部,04,82100,94000,11900,14.49,62fd4cb4e6ca4921,3d8b6e847ac7c126,136,136
電気設備その他,呼び線,ハイライン 径４ｍｍ [ﾎﾟﾘｴﾁﾚﾝ(ﾏﾙﾁ)],m,京都南部,04,14,16.3,2.3,16.43,b1a17223287ec556,d1530d0622cc245f,136,136
電気設備その他,丸テーパー直線型ポール,１０．３ｍ 亜鉛メッキベース式,本,京都南部,04,334000,368000,34000,10.18,a49c4df12a68e227,7253c96603378163,136,136
電気設備その他,車道用ハンドホール鉄蓋,"φ６００ Ｔ－２５ 受枠 ナット共 [ｼﾘﾝﾀﾞｰｷｰ,ｼﾘﾝﾀﾞｰ錠は別途]",組,大阪,05,105000,129000,24000,22.86,27eb108c4b31540f,10cee66903451b38,136,136
電気設備その他,歩道用ハンドホール鉄蓋,"１２００×６００ Ｔ－２ 受枠 ナット共 [ｼﾘﾝﾀﾞｰｷｰ,ｼﾘﾝﾀﾞｰ錠は別途]",組,大阪,05,215000,264000,49000,22.79,c0526bcb32d92d35,042665ed9a8980aa,136,136
電気設備その他,歩道用ハンドホール鉄蓋,"１２００×６００ Ｔ－２５ 受枠 ナット共 [ｼﾘﾝﾀﾞｰｷｰ,ｼﾘﾝﾀﾞｰ錠は別途]",組,大阪,05,273000,335000,62000,22.71,1b6830fc0e4ab1b0,89c52ea80f4b8291,136,136
電気設備その他,車道用ハンドホール鉄蓋(シリンダー錠仕様),"φ６００ Ｔ－２５仕様 受枠 ナット共 [ｼﾘﾝﾀﾞｰｷｰ,ｼﾘﾝﾀﾞｰ錠は別途]",組,大阪,05,112000,129000,17000,15.18,9592ad99415e20e3,88e6e2d2072419b2,136,136
電気設備その他,歩道用ハンドホール鉄蓋(シリンダー錠仕様),"１２００×６００ Ｔ－２仕様 受枠 ナット共 [ｼﾘﾝﾀﾞｰｷｰ,ｼﾘﾝﾀﾞｰ錠は別途]",組,大阪,05,229000,264000,35000,15.28,58ab1b13ea76cf2c,64533169408c76a7,136,136
電気設備その他,歩道用ハンドホール鉄蓋(シリンダー錠仕様),"１２００×６００ Ｔ－２５仕様 受枠 ナット共 [ｼﾘﾝﾀﾞｰｷｰ,ｼﾘﾝﾀﾞｰ錠は別途]",組,大阪,05,291000,335000,44000,15.12,2a813c8fd1f761ec,2e2fa90a63a5055d,136,136
電気設備その他,ハンドホール用シリンダー錠,[ｼﾘﾝﾀﾞｰｷｰは別途],個,大阪,05,9770,10000,230,2.35,32ce518a9ca56462,83c96eea1eb6b00e,136,136
電気設備その他,ハンドホール中蓋(二重蓋用)(シリンダー錠仕様),"１２００×６００(ＳＵＳ３０４) 受枠 ナット共 [ｼﾘﾝﾀﾞｰｷｰ,ｼﾘﾝﾀﾞｰ錠は別途]",組,大阪,05,193000,207000,14000,7.25,48cb8b4c092eddbe,e74d6cb1385e97cb,136,136
電気設備その他,本体管,ＦＲＰＭφ３００ 直管４ｍ [外圧管2種],本,大阪,05,83700,96300,12600,15.05,4994690663bfe169,71cdde9f8f100691,136,136
電気設備その他,本体管,ＦＲＰＭφ３００ １０Ｒ曲管１ｍ [外圧管2種],本,大阪,05,56600,65000,8400,14.84,448b0b28ea446947,06ea7dcc102ef2a8,136,136
電気設備その他,本体管,ＦＲＰＭφ３００ １０Ｒ曲管２ｍ [外圧管2種],本,大阪,05,82100,94000,11900,14.49,1f6427e378a6d419,642efc1f2af70501,136,136
電気設備その他,呼び線,ハイライン 径４ｍｍ [ﾎﾟﾘｴﾁﾚﾝ(ﾏﾙﾁ)],m,大阪,05,14,16.3,2.3,16.43,1a5024fa15ce32bb,1547123b2e4905b8,136,136
電気設備その他,丸テーパー直線型ポール,１０．３ｍ 亜鉛メッキベース式,本,大阪,05,334000,368000,34000,10.18,76b437811da2807d,a5d3afae0b28df4f,136,136
電気設備その他,車道用ハンドホール鉄蓋,"φ６００ Ｔ－２５ 受枠 ナット共 [ｼﾘﾝﾀﾞｰｷｰ,ｼﾘﾝﾀﾞｰ錠は別途]",組,兵庫北部,06,105000,129000,24000,22.86,f5407a92175092f4,6083b73758650d0f,136,136
電気設備その他,歩道用ハンドホール鉄蓋,"１２００×６００ Ｔ－２ 受枠 ナット共 [ｼﾘﾝﾀﾞｰｷｰ,ｼﾘﾝﾀﾞｰ錠は別途]",組,兵庫北部,06,215000,264000,49000,22.79,b7be7205cd7fc423,ff8ea8f4e045fe9b,136,136
電気設備その他,歩道用ハンドホール鉄蓋,"１２００×６００ Ｔ－２５ 受枠 ナット共 [ｼﾘﾝﾀﾞｰｷｰ,ｼﾘﾝﾀﾞｰ錠は別途]",組,兵庫北部,06,273000,335000,62000,22.71,7fa95896f224d4e0,34bd1d44bb0ab4e8,136,136
電気設備その他,車道用ハンドホール鉄蓋(シリンダー錠仕様),"φ６００ Ｔ－２５仕様 受枠 ナット共 [ｼﾘﾝﾀﾞｰｷｰ,ｼﾘﾝﾀﾞｰ錠は別途]",組,兵庫北部,06,112000,129000,17000,15.18,a4736f2617f12ead,b6644eff4c3e647e,136,136
電気設備その他,歩道用ハンドホール鉄蓋(シリンダー錠仕様),"１２００×６００ Ｔ－２仕様 受枠 ナット共 [ｼﾘﾝﾀﾞｰｷｰ,ｼﾘﾝﾀﾞｰ錠は別途]",組,兵庫北部,06,229000,264000,35000,15.28,0676ffb628dcd3fe,a067611e5b474e87,136,136
電気設備その他,歩道用ハンドホール鉄蓋(シリンダー錠仕様),"１２００×６００ Ｔ－２５仕様 受枠 ナット共 [ｼﾘﾝﾀﾞｰｷｰ,ｼﾘﾝﾀﾞｰ錠は別途]",組,兵庫北部,06,291000,335000,44000,15.12,4a0708c7818ad1f1,c41631d6606b80e4,136,136
電気設備その他,ハンドホール用シリンダー錠,[ｼﾘﾝﾀﾞｰｷｰは別途],個,兵庫北部,06,9770,10000,230,2.35,7aadc1c0adb9a93f,e6ea9f366f0d3f59,136,136
電気設備その他,ハンドホール中蓋(二重蓋用)(シリンダー錠仕様),"１２００×６００(ＳＵＳ３０４) 受枠 ナット共 [ｼﾘﾝﾀﾞｰｷｰ,ｼﾘﾝﾀﾞｰ錠は別途]",組,兵庫北部,06,193000,207000,14000,7.25,0ffc869449ccf18c,0d4d43093d6cedf7,136,136
電気設備その他,本体管,ＦＲＰＭφ３００ 直管４ｍ [外圧管2種],本,兵庫北部,06,83700,96300,12600,15.05,3fad217050684b8a,4ea15543e0d3cd1b,136,136
電気設備その他,本体管,ＦＲＰＭφ３００ １０Ｒ曲管１ｍ [外圧管2種],本,兵庫北部,06,56600,65000,8400,14.84,86eae8bbe642f81e,2a1831001796aea2,136,136
電気設備その他,本体管,ＦＲＰＭφ３００ １０Ｒ曲管２ｍ [外圧管2種],本,兵庫北部,06,82100,94000,11900,14.49,2867bda9255d13f8,b9df00ae6fb95554,136,136
電気設備その他,呼び線,ハイライン 径４ｍｍ [ﾎﾟﾘｴﾁﾚﾝ(ﾏﾙﾁ)],m,兵庫北部,06,14,16.3,2.3,16.43,04ea93e655099024,8aa5820bbc41d691,136,136
電気設備その他,丸テーパー直線型ポール,１０．３ｍ 亜鉛メッキベース式,本,兵庫北部,06,334000,368000,34000,10.18,865f24d5a9d447a2,4202b2832ec7c37f,136,136
電気設備その他,車道用ハンドホール鉄蓋,"φ６００ Ｔ－２５ 受枠 ナット共 [ｼﾘﾝﾀﾞｰｷｰ,ｼﾘﾝﾀﾞｰ錠は別途]",組,兵庫西部,07,105000,129000,24000,22.86,46f2a185bfb2ad6e,71c672de5b64ef0c,136,136
電気設備その他,歩道用ハンドホール鉄蓋,"１２００×６００ Ｔ－２ 受枠 ナット共 [ｼﾘﾝﾀﾞｰｷｰ,ｼﾘﾝﾀﾞｰ錠は別途]",組,兵庫西部,07,215000,264000,49000,22.79,a8857ffe6f5b37c9,f5c3f65fdd9dae5a,136,136
電気設備その他,歩道用ハンドホール鉄蓋,"１２００×６００ Ｔ－２５ 受枠 ナット共 [ｼﾘﾝﾀﾞｰｷｰ,ｼﾘﾝﾀﾞｰ錠は別途]",組,兵庫西部,07,273000,335000,62000,22.71,3d643a39cd06febc,65805036447316af,136,136
電気設備その他,車道用ハンドホール鉄蓋(シリンダー錠仕様),"φ６００ Ｔ－２５仕様 受枠 ナット共 [ｼﾘﾝﾀﾞｰｷｰ,ｼﾘﾝﾀﾞｰ錠は別途]",組,兵庫西部,07,112000,129000,17000,15.18,f819da6eb60fca11,5e5199391b2a9cb2,136,136
電気設備その他,歩道用ハンドホール鉄蓋(シリンダー錠仕様),"１２００×６００ Ｔ－２仕様 受枠 ナット共 [ｼﾘﾝﾀﾞｰｷｰ,ｼﾘﾝﾀﾞｰ錠は別途]",組,兵庫西部,07,229000,264000,35000,15.28,4bb9e68b058627ea,32d1054dc53c0cc3,136,136
電気設備その他,歩道用ハンドホール鉄蓋(シリンダー錠仕様),"１２００×６００ Ｔ－２５仕様 受枠 ナット共 [ｼﾘﾝﾀﾞｰｷｰ,ｼﾘﾝﾀﾞｰ錠は別途]",組,兵庫西部,07,291000,335000,44000,15.12,53460bb66f588c80,f9a155545befd88d,136,136
電気設備その他,ハンドホール用シリンダー錠,[ｼﾘﾝﾀﾞｰｷｰは別途],個,兵庫西部,07,9770,10000,230,2.35,b44be979137ce621,eb9d14cf3a578e1e,136,136
電気設備その他,ハンドホール中蓋(二重蓋用)(シリンダー錠仕様),"１２００×６００(ＳＵＳ３０４) 受枠 ナット共 [ｼﾘﾝﾀﾞｰｷｰ,ｼﾘﾝﾀﾞｰ錠は別途]",組,兵庫西部,07,193000,207000,14000,7.25,8de356d298c0b4be,9c319a619e059f0a,136,136
電気設備その他,本体管,ＦＲＰＭφ３００ 直管４ｍ [外圧管2種],本,兵庫西部,07,83700,96300,12600,15.05,f512a6e0540d2dea,80d244d263ce7672,136,136
電気設備その他,本体管,ＦＲＰＭφ３００ １０Ｒ曲管１ｍ [外圧管2種],本,兵庫西部,07,56600,65000,8400,14.84,a2b4da7bc3c49d8b,f3e2862f8b48aae1,136,136
電気設備その他,本体管,ＦＲＰＭφ３００ １０Ｒ曲管２ｍ [外圧管2種],本,兵庫西部,07,82100,94000,11900,14.49,04b5b3a74dc07245,3a76922926d7eefe,136,136
電気設備その他,呼び線,ハイライン 径４ｍｍ [ﾎﾟﾘｴﾁﾚﾝ(ﾏﾙﾁ)],m,兵庫西部,07,14,16.3,2.3,16.43,fc75e7b51118d68f,d729de622fe8eba3,136,136
電気設備その他,丸テーパー直線型ポール,１０．３ｍ 亜鉛メッキベース式,本,兵庫西部,07,334000,368000,34000,10.18,4b4104aa6c056a6c,b8839eeb3a02d6f0,136,136
電気設備その他,車道用ハンドホール鉄蓋,"φ６００ Ｔ－２５ 受枠 ナット共 [ｼﾘﾝﾀﾞｰｷｰ,ｼﾘﾝﾀﾞｰ錠は別途]",組,兵庫,08,105000,129000,24000,22.86,25b229d82048a168,412b57c031a42c06,136,136
電気設備その他,歩道用ハンドホール鉄蓋,"１２００×６００ Ｔ－２ 受枠 ナット共 [ｼﾘﾝﾀﾞｰｷｰ,ｼﾘﾝﾀﾞｰ錠は別途]",組,兵庫,08,215000,264000,49000,22.79,9d728976c9adf214,71191e11e6e0c4db,136,136
電気設備その他,歩道用ハンドホール鉄蓋,"１２００×６００ Ｔ－２５ 受枠 ナット共 [ｼﾘﾝﾀﾞｰｷｰ,ｼﾘﾝﾀﾞｰ錠は別途]",組,兵庫,08,273000,335000,62000,22.71,36094dd13efe618e,d27cac40c9755fc5,136,136
電気設備その他,車道用ハンドホール鉄蓋(シリンダー錠仕様),"φ６００ Ｔ－２５仕様 受枠 ナット共 [ｼﾘﾝﾀﾞｰｷｰ,ｼﾘﾝﾀﾞｰ錠は別途]",組,兵庫,08,112000,129000,17000,15.18,47fdd0641ffb17da,6b2df7089f164ae3,136,136
電気設備その他,歩道用ハンドホール鉄蓋(シリンダー錠仕様),"１２００×６００ Ｔ－２仕様 受枠 ナット共 [ｼﾘﾝﾀﾞｰｷｰ,ｼﾘﾝﾀﾞｰ錠は別途]",組,兵庫,08,229000,264000,35000,15.28,70feefe448c0f1b6,c7ea62af64a62604,136,136
電気設備その他,歩道用ハンドホール鉄蓋(シリンダー錠仕様),"１２００×６００ Ｔ－２５仕様 受枠 ナット共 [ｼﾘﾝﾀﾞｰｷｰ,ｼﾘﾝﾀﾞｰ錠は別途]",組,兵庫,08,291000,335000,44000,15.12,12108efb29be23bb,e4f936f572d16fee,136,136
電気設備その他,ハンドホール用シリンダー錠,[ｼﾘﾝﾀﾞｰｷｰは別途],個,兵庫,08,9770,10000,230,2.35,e1fa4b5ddc77b5d3,12df10665c84a552,136,136
電気設備その他,ハンドホール中蓋(二重蓋用)(シリンダー錠仕様),"１２００×６００(ＳＵＳ３０４) 受枠 ナット共 [ｼﾘﾝﾀﾞｰｷｰ,ｼﾘﾝﾀﾞｰ錠は別途]",組,兵庫,08,193000,207000,14000,7.25,64965bc3f15b10ca,ac224b46035580b9,136,136
電気設備その他,本体管,ＦＲＰＭφ３００ 直管４ｍ [外圧管2種],本,兵庫,08,83700,96300,12600,15.05,c85c0dc4a2aee0f4,189b7d5feb59fb66,136,136
電気設備その他,本体管,ＦＲＰＭφ３００ １０Ｒ曲管１ｍ [外圧管2種],本,兵庫,08,56600,65000,8400,14.84,c9848fcbef7b50af,776cea6f11d6108c,136,136
電気設備その他,本体管,ＦＲＰＭφ３００ １０Ｒ曲管２ｍ [外圧管2種],本,兵庫,08,82100,94000,11900,14.49,3df68924d740323d,a34cd5a2312d5a46,136,136
電気設備その他,呼び線,ハイライン 径４ｍｍ [ﾎﾟﾘｴﾁﾚﾝ(ﾏﾙﾁ)],m,兵庫,08,14,16.3,2.3,16.43,6694d0ba6520af75,502b056a4dd80bf8,136,136
電気設備その他,丸テーパー直線型ポール,１０．３ｍ 亜鉛メッキベース式,本,兵庫,08,334000,368000,34000,10.18,8d867269d8d74a71,44abbfd57ed8b581,136,136
電気設備その他,車道用ハンドホール鉄蓋,"φ６００ Ｔ－２５ 受枠 ナット共 [ｼﾘﾝﾀﾞｰｷｰ,ｼﾘﾝﾀﾞｰ錠は別途]",組,奈良,09,105000,129000,24000,22.86,4a16a56dab2692b3,6688ec44480d5404,136,136
電気設備その他,歩道用ハンドホール鉄蓋,"１２００×６００ Ｔ－２ 受枠 ナット共 [ｼﾘﾝﾀﾞｰｷｰ,ｼﾘﾝﾀﾞｰ錠は別途]",組,奈良,09,215000,264000,49000,22.79,87ea2a623270861f,0c91f29ed5b40241,136,136
電気設備その他,歩道用ハンドホール鉄蓋,"１２００×６００ Ｔ－２５ 受枠 ナット共 [ｼﾘﾝﾀﾞｰｷｰ,ｼﾘﾝﾀﾞｰ錠は別途]",組,奈良,09,273000,335000,62000,22.71,e47827f9c681872c,8a4081e0ec0c2fc5,136,136
電気設備その他,車道用ハンドホール鉄蓋(シリンダー錠仕様),"φ６００ Ｔ－２５仕様 受枠 ナット共 [ｼﾘﾝﾀﾞｰｷｰ,ｼﾘﾝﾀﾞｰ錠は別途]",組,奈良,09,112000,129000,17000,15.18,80fdbe54e5cf7e58,9894a6335709df35,136,136
電気設備その他,歩道用ハンドホール鉄蓋(シリンダー錠仕様),"１２００×６００ Ｔ－２仕様 受枠 ナット共 [ｼﾘﾝﾀﾞｰｷｰ,ｼﾘﾝﾀﾞｰ錠は別途]",組,奈良,09,229000,264000,35000,15.28,3101822910bf39e1,b1a3443d2a9e31cf,136,136
電気設備その他,歩道用ハンドホール鉄蓋(シリンダー錠仕様),"１２００×６００ Ｔ－２５仕様 受枠 ナット共 [ｼﾘﾝﾀﾞｰｷｰ,ｼﾘﾝﾀﾞｰ錠は別途]",組,奈良,09,291000,335000,44000,15.12,a8b1c98355e05895,0f31aed292e4fdeb,136,136
電気設備その他,ハンドホール用シリンダー錠,[ｼﾘﾝﾀﾞｰｷｰは別途],個,奈良,09,9770,10000,230,2.35,81e7a23ec011bfe8,cf987421ec8ef652,136,136
電気設備その他,ハンドホール中蓋(二重蓋用)(シリンダー錠仕様),"１２００×６００(ＳＵＳ３０４) 受枠 ナット共 [ｼﾘﾝﾀﾞｰｷｰ,ｼﾘﾝﾀﾞｰ錠は別途]",組,奈良,09,193000,207000,14000,7.25,76b78193b0433c00,4fc32b49956f2ef2,136,136
電気設備その他,本体管,ＦＲＰＭφ３００ 直管４ｍ [外圧管2種],本,奈良,09,83700,96300,12600,15.05,26835596dfbd5c05,5dfaa4a764eb7a5a,136,136
電気設備その他,本体管,ＦＲＰＭφ３００ １０Ｒ曲管１ｍ [外圧管2種],本,奈良,09,56600,65000,8400,14.84,7118b327fb38e0ff,001a7ee51cfe44cf,136,136
電気設備その他,本体管,ＦＲＰＭφ３００ １０Ｒ曲管２ｍ [外圧管2種],本,奈良,09,82100,94000,11900,14.49,4d8097366c056b03,88e564ab54c2fcfb,136,136
電気設備その他,呼び線,ハイライン 径４ｍｍ [ﾎﾟﾘｴﾁﾚﾝ(ﾏﾙﾁ)],m,奈良,09,14,16.3,2.3,16.43,3b15e9ad5df02c4d,a18ac73df1d122bf,136,136
電気設備その他,丸テーパー直線型ポール,１０．３ｍ 亜鉛メッキベース式,本,奈良,09,334000,368000,34000,10.18,9cebba10afd6bcfd,d983f2d411d43804,136,136
電気設備その他,車道用ハンドホール鉄蓋,"φ６００ Ｔ－２５ 受枠 ナット共 [ｼﾘﾝﾀﾞｰｷｰ,ｼﾘﾝﾀﾞｰ錠は別途]",組,和歌山,10,105000,129000,24000,22.86,f71580dd9bf2ce6f,33a220f5e8fc6bf2,136,136
電気設備その他,歩道用ハンドホール鉄蓋,"１２００×６００ Ｔ－２ 受枠 ナット共 [ｼﾘﾝﾀﾞｰｷｰ,ｼﾘﾝﾀﾞｰ錠は別途]",組,和歌山,10,215000,264000,49000,22.79,f9fc8bd931dfa069,b1efc9e28ed6add8,136,136
電気設備その他,歩道用ハンドホール鉄蓋,"１２００×６００ Ｔ－２５ 受枠 ナット共 [ｼﾘﾝﾀﾞｰｷｰ,ｼﾘﾝﾀﾞｰ錠は別途]",組,和歌山,10,273000,335000,62000,22.71,2e6ecde0c024974d,556a8920d4e7d070,136,136
電気設備その他,車道用ハンドホール鉄蓋(シリンダー錠仕様),"φ６００ Ｔ－２５仕様 受枠 ナット共 [ｼﾘﾝﾀﾞｰｷｰ,ｼﾘﾝﾀﾞｰ錠は別途]",組,和歌山,10,112000,129000,17000,15.18,2b38e3c0dcd93c8e,9250c5e9943f292b,136,136
電気設備その他,歩道用ハンドホール鉄蓋(シリンダー錠仕様),"１２００×６００ Ｔ－２仕様 受枠 ナット共 [ｼﾘﾝﾀﾞｰｷｰ,ｼﾘﾝﾀﾞｰ錠は別途]",組,和歌山,10,229000,264000,35000,15.28,b2fbe1eeac48571f,c95f270a55d5de8c,136,136
電気設備その他,歩道用ハンドホール鉄蓋(シリンダー錠仕様),"１２００×６００ Ｔ－２５仕様 受枠 ナット共 [ｼﾘﾝﾀﾞｰｷｰ,ｼﾘﾝﾀﾞｰ錠は別途]",組,和歌山,10,291000,335000,44000,15.12,02c40c378fbd8b11,77d66d7157b2bb91,136,136
電気設備その他,ハンドホール用シリンダー錠,[ｼﾘﾝﾀﾞｰｷｰは別途],個,和歌山,10,9770,10000,230,2.35,e6a52d5b486335d1,2b43dfcd81354091,136,136
電気設備その他,ハンドホール中蓋(二重蓋用)(シリンダー錠仕様),"１２００×６００(ＳＵＳ３０４) 受枠 ナット共 [ｼﾘﾝﾀﾞｰｷｰ,ｼﾘﾝﾀﾞｰ錠は別途]",組,和歌山,10,193000,207000,14000,7.25,30314f4c6f5c1690,83d1736c74c0115a,136,136
電気設備その他,本体管,ＦＲＰＭφ３００ 直管４ｍ [外圧管2種],本,和歌山,10,83700,96300,12600,15.05,f3ea1e5c7e205916,b6915c0c83df056f,136,136
電気設備その他,本体管,ＦＲＰＭφ３００ １０Ｒ曲管１ｍ [外圧管2種],本,和歌山,10,56600,65000,8400,14.84,35bf70087857b12d,92c4d98a359eaec6,136,136
電気設備その他,本体管,ＦＲＰＭφ３００ １０Ｒ曲管２ｍ [外圧管2種],本,和歌山,10,82100,94000,11900,14.49,d753a5d405212675,1e85e79dc80e2f8f,136,136
電気設備その他,呼び線,ハイライン 径４ｍｍ [ﾎﾟﾘｴﾁﾚﾝ(ﾏﾙﾁ)],m,和歌山,10,14,16.3,2.3,16.43,d5e4dd0724bb70be,05cf550ce206f2f8,136,136
電気設備その他,丸テーパー直線型ポール,１０．３ｍ 亜鉛メッキベース式,本,和歌山,10,334000,368000,34000,10.18,752dd8bf5546a1f2,16fa2d39d1c5ef55,136,136
電気設備その他,車道用ハンドホール鉄蓋,"φ６００ Ｔ－２５ 受枠 ナット共 [ｼﾘﾝﾀﾞｰｷｰ,ｼﾘﾝﾀﾞｰ錠は別途]",組,岐阜,11,105000,129000,24000,22.86,a98d122b9f3a55ff,559d628e257f43a8,136,136
電気設備その他,歩道用ハンドホール鉄蓋,"１２００×６００ Ｔ－２ 受枠 ナット共 [ｼﾘﾝﾀﾞｰｷｰ,ｼﾘﾝﾀﾞｰ錠は別途]",組,岐阜,11,215000,264000,49000,22.79,053617b546a78e5b,70876012f8963703,136,136
電気設備その他,歩道用ハンドホール鉄蓋,"１２００×６００ Ｔ－２５ 受枠 ナット共 [ｼﾘﾝﾀﾞｰｷｰ,ｼﾘﾝﾀﾞｰ錠は別途]",組,岐阜,11,273000,335000,62000,22.71,ed125b978a1f13fd,89eca2c4f54b53cb,136,136
電気設備その他,車道用ハンドホール鉄蓋(シリンダー錠仕様),"φ６００ Ｔ－２５仕様 受枠 ナット共 [ｼﾘﾝﾀﾞｰｷｰ,ｼﾘﾝﾀﾞｰ錠は別途]",組,岐阜,11,112000,129000,17000,15.18,29caefb96aeff540,a99a5783a0717c81,136,136
電気設備その他,歩道用ハンドホール鉄蓋(シリンダー錠仕様),"１２００×６００ Ｔ－２仕様 受枠 ナット共 [ｼﾘﾝﾀﾞｰｷｰ,ｼﾘﾝﾀﾞｰ錠は別途]",組,岐阜,11,229000,264000,35000,15.28,e5b85a73a5845506,1c36a6aaa3e47fcb,136,136
電気設備その他,歩道用ハンドホール鉄蓋(シリンダー錠仕様),"１２００×６００ Ｔ－２５仕様 受枠 ナット共 [ｼﾘﾝﾀﾞｰｷｰ,ｼﾘﾝﾀﾞｰ錠は別途]",組,岐阜,11,291000,335000,44000,15.12,a6caad4eb97c50fb,a583b4db048525d9,136,136
電気設備その他,ハンドホール用シリンダー錠,[ｼﾘﾝﾀﾞｰｷｰは別途],個,岐阜,11,9770,10000,230,2.35,538149a8e3ebb67d,b45b3ee9e9c9be01,136,136
電気設備その他,ハンドホール中蓋(二重蓋用)(シリンダー錠仕様),"１２００×６００(ＳＵＳ３０４) 受枠 ナット共 [ｼﾘﾝﾀﾞｰｷｰ,ｼﾘﾝﾀﾞｰ錠は別途]",組,岐阜,11,193000,207000,14000,7.25,9aba2cb722bade95,baa3693c467ee529,136,136
電気設備その他,本体管,ＦＲＰＭφ３００ 直管４ｍ [外圧管2種],本,岐阜,11,83700,96300,12600,15.05,7f560c19af30abc4,e458f3593085828b,136,136
電気設備その他,本体管,ＦＲＰＭφ３００ １０Ｒ曲管１ｍ [外圧管2種],本,岐阜,11,56600,65000,8400,14.84,21e8a6c0d1779e81,f1b15ff488c03b4f,136,136
電気設備その他,本体管,ＦＲＰＭφ３００ １０Ｒ曲管２ｍ [外圧管2種],本,岐阜,11,82100,94000,11900,14.49,fb5d2a53a4eba9bf,a375566575bec269,136,136
電気設備その他,呼び線,ハイライン 径４ｍｍ [ﾎﾟﾘｴﾁﾚﾝ(ﾏﾙﾁ)],m,岐阜,11,14,16.3,2.3,16.43,5a330f37e71b4761,28c3fc2428621eac,136,136
電気設備その他,丸テーパー直線型ポール,１０．３ｍ 亜鉛メッキベース式,本,岐阜,11,334000,368000,34000,10.18,4f6fd0cfa8debdb5,00c57654c5b3892c,136,136
電気設備その他,車道用ハンドホール鉄蓋,"φ６００ Ｔ－２５ 受枠 ナット共 [ｼﾘﾝﾀﾞｰｷｰ,ｼﾘﾝﾀﾞｰ錠は別途]",組,三重,12,105000,129000,24000,22.86,656f0e7020cfdf00,5e988bd17d54200b,136,136
電気設備その他,歩道用ハンドホール鉄蓋,"１２００×６００ Ｔ－２ 受枠 ナット共 [ｼﾘﾝﾀﾞｰｷｰ,ｼﾘﾝﾀﾞｰ錠は別途]",組,三重,12,215000,264000,49000,22.79,12fc3dd4c0e187de,56abbb3d25fdcbef,136,136
電気設備その他,歩道用ハンドホール鉄蓋,"１２００×６００ Ｔ－２５ 受枠 ナット共 [ｼﾘﾝﾀﾞｰｷｰ,ｼﾘﾝﾀﾞｰ錠は別途]",組,三重,12,273000,335000,62000,22.71,b0549a6d62bd4b39,ba58e80c564edad0,136,136
電気設備その他,車道用ハンドホール鉄蓋(シリンダー錠仕様),"φ６００ Ｔ－２５仕様 受枠 ナット共 [ｼﾘﾝﾀﾞｰｷｰ,ｼﾘﾝﾀﾞｰ錠は別途]",組,三重,12,112000,129000,17000,15.18,a8f2375bbd00128b,2c15e588a09fd34c,136,136
電気設備その他,歩道用ハンドホール鉄蓋(シリンダー錠仕様),"１２００×６００ Ｔ－２仕様 受枠 ナット共 [ｼﾘﾝﾀﾞｰｷｰ,ｼﾘﾝﾀﾞｰ錠は別途]",組,三重,12,229000,264000,35000,15.28,ac288d92da09f976,0738fc4b7d324058,136,136
電気設備その他,歩道用ハンドホール鉄蓋(シリンダー錠仕様),"１２００×６００ Ｔ－２５仕様 受枠 ナット共 [ｼﾘﾝﾀﾞｰｷｰ,ｼﾘﾝﾀﾞｰ錠は別途]",組,三重,12,291000,335000,44000,15.12,492b4313ee6cd847,6310afaace86d188,136,136
電気設備その他,ハンドホール用シリンダー錠,[ｼﾘﾝﾀﾞｰｷｰは別途],個,三重,12,9770,10000,230,2.35,9b70ec77d0bcea80,5e74bba5229a0806,136,136
電気設備その他,ハンドホール中蓋(二重蓋用)(シリンダー錠仕様),"１２００×６００(ＳＵＳ３０４) 受枠 ナット共 [ｼﾘﾝﾀﾞｰｷｰ,ｼﾘﾝﾀﾞｰ錠は別途]",組,三重,12,193000,207000,14000,7.25,4703b1d245fcfeb1,d92afb119b4884d9,136,136
電気設備その他,本体管,ＦＲＰＭφ３００ 直管４ｍ [外圧管2種],本,三重,12,83700,96300,12600,15.05,edbdb8bd936e32f5,2a3807f73aab861d,136,136
電気設備その他,本体管,ＦＲＰＭφ３００ １０Ｒ曲管１ｍ [外圧管2種],本,三重,12,56600,65000,8400,14.84,ab33a80149283dc3,a78711ce33c99630,136,136
電気設備その他,本体管,ＦＲＰＭφ３００ １０Ｒ曲管２ｍ [外圧管2種],本,三重,12,82100,94000,11900,14.49,e7eb38be7793e4cd,5f02e97b7251def8,136,136
電気設備その他,呼び線,ハイライン 径４ｍｍ [ﾎﾟﾘｴﾁﾚﾝ(ﾏﾙﾁ)],m,三重,12,14,16.3,2.3,16.43,aaec03282b0d461a,e033be91c2e56f07,136,136
電気設備その他,丸テーパー直線型ポール,１０．３ｍ 亜鉛メッキベース式,本,三重,12,334000,368000,34000,10.18,bffbc799b4dd8e04,b9c947e3a144a4ca,136,136
電気設備その他,クロージャＨＨ固定金物,引通し用,組,福井,01,15600,19400,3800,24.36,5f07d8e477480802,8d95a3795afda09a,138,138
電気設備その他,クロージャＨＨ固定金物,後分岐用,組,福井,01,19100,23200,4100,21.47,26b0f2c619b0343a,d01e2952ef3bb10f,138,138
電気設備その他,クロージャＨＨ固定金物,接続部,組,福井,01,29900,35000,5100,17.06,5994331c6060a179,f84386dcb125bdf1,138,138
電気設備その他,ＬＣＸ取付金具,片側引留金具 ＳＵＳ,組,福井,01,39400,41700,2300,5.84,ca28431cd8488cb5,6b84838248eae09e,138,138
電気設備その他,ＬＣＸ取付金具,吊架金具 ＳＵＳ,組,福井,01,6880,7290,410,5.96,6d3c74c8a23265f6,c7e42d737e2983ec,138,138
電気設備その他,ＬＣＸ取付金具,中間引留金具 ＳＵＳ,組,福井,01,50200,53100,2900,5.78,12aebce064ed0a79,862c4b74a30073b0,138,138
電気設備その他,クロージャＨＨ固定金物,引通し用,組,滋賀,02,15600,19400,3800,24.36,e34de474d0ba837f,36f69ff17b7e4709,138,138
電気設備その他,クロージャＨＨ固定金物,後分岐用,組,滋賀,02,19100,23200,4100,21.47,16961687d47b5d0c,9447c040e37ddb18,138,138
電気設備その他,クロージャＨＨ固定金物,接続部,組,滋賀,02,29900,35000,5100,17.06,ffba3c02ac92b248,63e840b9068ff860,138,138
電気設備その他,ＬＣＸ取付金具,片側引留金具 ＳＵＳ,組,滋賀,02,39400,41700,2300,5.84,09a73dec8a35eff3,4f66194f498f9ee6,138,138
電気設備その他,ＬＣＸ取付金具,吊架金具 ＳＵＳ,組,滋賀,02,6880,7290,410,5.96,f9e22bef37920184,9d3d3b240c2be54d,138,138
電気設備その他,ＬＣＸ取付金具,中間引留金具 ＳＵＳ,組,滋賀,02,50200,53100,2900,5.78,a745910c2d21985f,c07c1014deb5f9c6,138,138
電気設備その他,クロージャＨＨ固定金物,引通し用,組,京都北部,03,15600,19400,3800,24.36,9ffd4c4c007ca0b2,c77ca5bfca3f9b58,138,138
電気設備その他,クロージャＨＨ固定金物,後分岐用,組,京都北部,03,19100,23200,4100,21.47,ca9b61cdbc753f92,cdc7adf77e2be3f2,138,138
電気設備その他,クロージャＨＨ固定金物,接続部,組,京都北部,03,29900,35000,5100,17.06,2bf7ff2448c986e4,18a40a440b0bdacd,138,138
電気設備その他,ＬＣＸ取付金具,片側引留金具 ＳＵＳ,組,京都北部,03,39400,41700,2300,5.84,46db74c6ed901df1,723e4f15b10c913c,138,138
電気設備その他,ＬＣＸ取付金具,吊架金具 ＳＵＳ,組,京都北部,03,6880,7290,410,5.96,1f77e7b6f58a6610,c1a48ff87c8dc753,138,138
電気設備その他,ＬＣＸ取付金具,中間引留金具 ＳＵＳ,組,京都北部,03,50200,53100,2900,5.78,6d3b6853c3af8d26,7fab619d36d18aed,138,138
電気設備その他,クロージャＨＨ固定金物,引通し用,組,京都南部,04,15600,19400,3800,24.36,e4face9781e876f5,bcd9b7ce392f80b0,138,138
電気設備その他,クロージャＨＨ固定金物,後分岐用,組,京都南部,04,19100,23200,4100,21.47,6aa1a75b06a1d757,b8373e126511192a,138,138
電気設備その他,クロージャＨＨ固定金物,接続部,組,京都南部,04,29900,35000,5100,17.06,dd6f74d5f4070316,016eaf95cbd34845,138,138
電気設備その他,ＬＣＸ取付金具,片側引留金具 ＳＵＳ,組,京都南部,04,39400,41700,2300,5.84,f3fe398a60e05029,3f86c7ff3c5084a4,138,138
電気設備その他,ＬＣＸ取付金具,吊架金具 ＳＵＳ,組,京都南部,04,6880,7290,410,5.96,92e90ff1e2bc6ae5,0eca5d70f50d7e41,138,138
電気設備その他,ＬＣＸ取付金具,中間引留金具 ＳＵＳ,組,京都南部,04,50200,53100,2900,5.78,e40874a0c6fbcf75,f2298946bf4f307b,138,138
電気設備その他,クロージャＨＨ固定金物,引通し用,組,大阪,05,15600,19400,3800,24.36,b0a57bd65224813c,5fd2f584b05eeb31,138,138
電気設備その他,クロージャＨＨ固定金物,後分岐用,組,大阪,05,19100,23200,4100,21.47,a57ee9b601ab7884,986f661981af26bd,138,138
電気設備その他,クロージャＨＨ固定金物,接続部,組,大阪,05,29900,35000,5100,17.06,b5c3c1f800ac6bd2,2c3aec0db170bd3b,138,138
電気設備その他,ＬＣＸ取付金具,片側引留金具 ＳＵＳ,組,大阪,05,39400,41700,2300,5.84,5fabb05653a5ba0d,1de424df40975528,138,138
電気設備その他,ＬＣＸ取付金具,吊架金具 ＳＵＳ,組,大阪,05,6880,7290,410,5.96,b6f3da77ba4c10e9,9ade352065df79d7,138,138
電気設備その他,ＬＣＸ取付金具,中間引留金具 ＳＵＳ,組,大阪,05,50200,53100,2900,5.78,99f7e1f271c4b09a,56cc8f7115dbf23a,138,138
電気設備その他,クロージャＨＨ固定金物,引通し用,組,兵庫北部,06,15600,19400,3800,24.36,0e0f188dc1d38950,eeaa799377a3fd52,138,138
電気設備その他,クロージャＨＨ固定金物,後分岐用,組,兵庫北部,06,19100,23200,4100,21.47,31bcd8005ef69e02,21c235953d00ba83,138,138
電気設備その他,クロージャＨＨ固定金物,接続部,組,兵庫北部,06,29900,35000,5100,17.06,cec1855305344636,4a3924c638391df6,138,138
電気設備その他,ＬＣＸ取付金具,片側引留金具 ＳＵＳ,組,兵庫北部,06,39400,41700,2300,5.84,1e72b21025f80e51,d332d87abf782252,138,138
電気設備その他,ＬＣＸ取付金具,吊架金具 ＳＵＳ,組,兵庫北部,06,6880,7290,410,5.96,b75d0659f1783409,ab1057c6116d6d90,138,138
電気設備その他,ＬＣＸ取付金具,中間引留金具 ＳＵＳ,組,兵庫北部,06,50200,53100,2900,5.78,662e7fcc1f7f6b7b,a8c2efcf4d929ec9,138,138
電気設備その他,クロージャＨＨ固定金物,引通し用,組,兵庫西部,07,15600,19400,3800,24.36,5815aecfea532101,31775fecdfbf78bb,138,138
電気設備その他,クロージャＨＨ固定金物,後分岐用,組,兵庫西部,07,19100,23200,4100,21.47,625e9a1d3c4ca7ed,84196d5048d4426f,138,138
電気設備その他,クロージャＨＨ固定金物,接続部,組,兵庫西部,07,29900,35000,5100,17.06,94d6543231cec8ae,867fabb44ecd868d,138,138
電気設備その他,ＬＣＸ取付金具,片側引留金具 ＳＵＳ,組,兵庫西部,07,39400,41700,2300,5.84,f1b7ca7f86cb3129,aa99b20659bee5d5,138,138
電気設備その他,ＬＣＸ取付金具,吊架金具 ＳＵＳ,組,兵庫西部,07,6880,7290,410,5.96,eda1883aafcbaba3,a353dd438b5e8b5f,138,138
電気設備その他,ＬＣＸ取付金具,中間引留金具 ＳＵＳ,組,兵庫西部,07,50200,53100,2900,5.78,edc5b3e8a851acce,4758b17d93ff1ee6,138,138
電気設備その他,クロージャＨＨ固定金物,引通し用,組,兵庫,08,15600,19400,3800,24.36,28b379ee9a160857,ae07a7775e099226,138,138
電気設備その他,クロージャＨＨ固定金物,後分岐用,組,兵庫,08,19100,23200,4100,21.47,15ac9879d77f5a12,a7a860679df2e6d9,138,138
電気設備その他,クロージャＨＨ固定金物,接続部,組,兵庫,08,29900,35000,5100,17.06,f9e194e881516f11,e4fd7e5f90cfa4ee,138,138
電気設備その他,ＬＣＸ取付金具,片側引留金具 ＳＵＳ,組,兵庫,08,39400,41700,2300,5.84,7b1a78a49d020641,ece52ed5b4dd929c,138,138
電気設備その他,ＬＣＸ取付金具,吊架金具 ＳＵＳ,組,兵庫,08,6880,7290,410,5.96,a98294ea28c6d5d2,cc2b30f5c588d563,138,138
電気設備その他,ＬＣＸ取付金具,中間引留金具 ＳＵＳ,組,兵庫,08,50200,53100,2900,5.78,e100cc32eebc5a54,c510c292a9269c4d,138,138
電気設備その他,クロージャＨＨ固定金物,引通し用,組,奈良,09,15600,19400,3800,24.36,d9e46fc071ad9423,f11fd3c9b7c375aa,138,138
電気設備その他,クロージャＨＨ固定金物,後分岐用,組,奈良,09,19100,23200,4100,21.47,fd35f55e3fcb27e3,e173a9c7657e0a82,138,138
電気設備その他,クロージャＨＨ固定金物,接続部,組,奈良,09,29900,35000,5100,17.06,c1f4847c84f3160b,70984fc2f5fde9ee,138,138
電気設備その他,ＬＣＸ取付金具,片側引留金具 ＳＵＳ,組,奈良,09,39400,41700,2300,5.84,4337b55f8597abba,9926a01e7a714806,138,138
電気設備その他,ＬＣＸ取付金具,吊架金具 ＳＵＳ,組,奈良,09,6880,7290,410,5.96,977ea957461319c4,7f1da44dbe3aae23,138,138
電気設備その他,ＬＣＸ取付金具,中間引留金具 ＳＵＳ,組,奈良,09,50200,53100,2900,5.78,e3feffcbddadc849,65e9dc11a2a57464,138,138
電気設備その他,クロージャＨＨ固定金物,引通し用,組,和歌山,10,15600,19400,3800,24.36,0d04e4e82bcce9b4,ecee464302f542fc,138,138
電気設備その他,クロージャＨＨ固定金物,後分岐用,組,和歌山,10,19100,23200,4100,21.47,a78303e9d40c79f1,75d2b7debad0d696,138,138
電気設備その他,クロージャＨＨ固定金物,接続部,組,和歌山,10,29900,35000,5100,17.06,12ae5b56f0882333,ea12d1d279de0f84,138,138
電気設備その他,ＬＣＸ取付金具,片側引留金具 ＳＵＳ,組,和歌山,10,39400,41700,2300,5.84,0e35382625c90d34,ac905ca022a7f8ef,138,138
電気設備その他,ＬＣＸ取付金具,吊架金具 ＳＵＳ,組,和歌山,10,6880,7290,410,5.96,32a2f5473c02c5b6,116d4cbabed2687c,138,138
電気設備その他,ＬＣＸ取付金具,中間引留金具 ＳＵＳ,組,和歌山,10,50200,53100,2900,5.78,a08e4bc77456a5b7,6461185ffcc00513,138,138
電気設備その他,クロージャＨＨ固定金物,引通し用,組,岐阜,11,15600,19400,3800,24.36,5d2ba93617b6a2d7,248a22c43dae71a3,138,138
電気設備その他,クロージャＨＨ固定金物,後分岐用,組,岐阜,11,19100,23200,4100,21.47,50e8545f6e77424d,ce8e14d40daf0425,138,138
電気設備その他,クロージャＨＨ固定金物,接続部,組,岐阜,11,29900,35000,5100,17.06,beb7685c10649f28,13aff799a2cfe296,138,138
電気設備その他,ＬＣＸ取付金具,片側引留金具 ＳＵＳ,組,岐阜,11,39400,41700,2300,5.84,afe6df10942d6ce5,150b5837d6c52bf6,138,138
電気設備その他,ＬＣＸ取付金具,吊架金具 ＳＵＳ,組,岐阜,11,6880,7290,410,5.96,76112064df2deb10,83361381ad0d6bb2,138,138
電気設備その他,ＬＣＸ取付金具,中間引留金具 ＳＵＳ,組,岐阜,11,50200,53100,2900,5.78,59c0764c9e420a8f,cd77ca878891af8b,138,138
電気設備その他,クロージャＨＨ固定金物,引通し用,組,三重,12,15600,19400,3800,24.36,09a5a58f8f2ca268,b905f69a929c69cb,138,138
電気設備その他,クロージャＨＨ固定金物,後分岐用,組,三重,12,19100,23200,4100,21.47,a5d2742b74b052df,94c56db6364c7eed,138,138
電気設備その他,クロージャＨＨ固定金物,接続部,組,三重,12,29900,35000,5100,17.06,e8bad16d6a507d43,e38f398972ab1f4e,138,138
電気設備その他,ＬＣＸ取付金具,片側引留金具 ＳＵＳ,組,三重,12,39400,41700,2300,5.84,c7039328fc437d18,fa76f274feace439,138,138
電気設備その他,ＬＣＸ取付金具,吊架金具 ＳＵＳ,組,三重,12,6880,7290,410,5.96,ca87ac82d3838622,93f8e4317a1e491e,138,138
電気設備その他,ＬＣＸ取付金具,中間引留金具 ＳＵＳ,組,三重,12,50200,53100,2900,5.78,81e9ef9302e37d68,c14b75b2896e735a,138,138
配管材,ガス管（ＳＧＰ） 黒,黒ねじ無し管 ９０Ａ,m,福井,01,2527,2650,123,4.87,af1e01d41a8f148e,2c90504a15aba1d4,139,139
配管材,ガス管（ＳＧＰ） 黒,黒ねじ無し管 ９０Ａ,m,滋賀,02,2527,2650,123,4.87,a3c6c2cdf5960d75,b01fa87ce3d83f1e,139,139
配管材,ガス管（ＳＧＰ） 黒,黒ねじ無し管 ９０Ａ,m,京都北部,03,2527,2650,123,4.87,513a7879a1722c76,78e07ac494581bbb,139,139
配管材,ガス管（ＳＧＰ） 黒,黒ねじ無し管 ９０Ａ,m,京都南部,04,2527,2650,123,4.87,edb9bec5acf99f40,4aeb05cacc389dc3,139,139
配管材,ガス管（ＳＧＰ） 黒,黒ねじ無し管 ９０Ａ,m,大阪,05,2527,2650,123,4.87,57f9a2a63cec8b2a,8635548560823f17,139,139
配管材,ガス管（ＳＧＰ） 黒,黒ねじ無し管 ９０Ａ,m,兵庫北部,06,2527,2650,123,4.87,e438b762f329f79f,78e4528568d05665,139,139
配管材,ガス管（ＳＧＰ） 黒,黒ねじ無し管 ９０Ａ,m,兵庫西部,07,2527,2650,123,4.87,bbfa9a0f851202c4,6135366b48d4ac8d,139,139
配管材,ガス管（ＳＧＰ） 黒,黒ねじ無し管 ９０Ａ,m,兵庫,08,2527,2650,123,4.87,d6e6c276b2c19293,1e6b98347da74c4b,139,139
配管材,ガス管（ＳＧＰ） 黒,黒ねじ無し管 ９０Ａ,m,奈良,09,2527,2650,123,4.87,262f436afc9b6004,4a3080cce9625570,139,139
配管材,ガス管（ＳＧＰ） 黒,黒ねじ無し管 ９０Ａ,m,和歌山,10,2527,2650,123,4.87,afbfb2145ee866a8,ecdda7da04b4debc,139,139
配管材,ガス管（ＳＧＰ） 黒,黒ねじ無し管 ９０Ａ,m,岐阜,11,2527,2650,123,4.87,5d37a3e5e1c85077,4a53fe236bb89103,139,139
配管材,ガス管（ＳＧＰ） 黒,黒ねじ無し管 ９０Ａ,m,三重,12,2527,2650,123,4.87,7d60881708c0ebe6,0344ee71426e8cdc,139,139
機械工具,区画線消去用カッター,３個／組,組,福井,01,12800,36000,23200,181.25,7c247f27b010eb89,415bb356c43c727b,140,140
機械工具,区画線消去用カッター,３個／組,組,滋賀,02,12800,36000,23200,181.25,2836334c868687d5,6a45f8eac8ff9daa,140,140
機械工具,区画線消去用カッター,３個／組,組,京都北部,03,12800,36000,23200,181.25,dcb1421ee5818dd2,d0874a9b0b76708c,140,140
機械工具,区画線消去用カッター,３個／組,組,京都南部,04,12800,36000,23200,181.25,45547f6d8c4b15fd,4ec7a3edeb02829b,140,140
機械工具,区画線消去用カッター,３個／組,組,大阪,05,12800,36000,23200,181.25,b3101bdc4bd8836e,44f1adb97a8fe87d,140,140
機械工具,区画線消去用カッター,３個／組,組,兵庫北部,06,12800,36000,23200,181.25,30599e6ad3c49bad,b47bffbe5fb22b55,140,140
機械工具,区画線消去用カッター,３個／組,組,兵庫西部,07,12800,36000,23200,181.25,4b27b39b6583fa9f,eeac363403e83132,140,140
機械工具,区画線消去用カッター,３個／組,組,兵庫,08,12800,36000,23200,181.25,a90d580f73b87426,6d76c61038c1307a,140,140
機械工具,区画線消去用カッター,３個／組,組,奈良,09,12800,36000,23200,181.25,1a8bc6eda2a2e167,78849c4a402635d9,140,140
機械工具,区画線消去用カッター,３個／組,組,和歌山,10,12800,36000,23200,181.25,425f44be6b7b02fd,cbe99f24deef988e,140,140
機械工具,区画線消去用カッター,３個／組,組,岐阜,11,12800,36000,23200,181.25,5ea76967adbfe7e8,4015dfa0f0747b17,140,140
機械工具,区画線消去用カッター,３個／組,組,三重,12,12800,36000,23200,181.25,4dde1c9537c62e5b,ffb36b6d4eddc8c1,140,140
燃料・潤滑油,重油,Ａ重油（バージ）１種１号（ＬＳ）,L,福井,01,133.5,158.5,25,18.73,93da76bca9ea591f,fefb133dbb6d8f9a,141,141
燃料・潤滑油,混合油,１：２０,L,福井,01,166,180,14,8.43,22ce2c98afee5933,03f4cb18f77112de,141,141
燃料・潤滑油,混合油,１：２０,L,滋賀,02,162,181,19,11.73,4e3ec2968c6664fd,ce4cd2cb9e333dfa,141,141
燃料・潤滑油,混合油,１：２０,L,京都北部,03,164,182,18,10.98,a682d4372e0a6145,54f7b2846781be6c,141,141
燃料・潤滑油,混合油,１：２０,L,京都南部,04,163,181,18,11.04,6dc119009baf7623,a23eea6c60c72a8b,141,141
燃料・潤滑油,重油,Ａ重油（バージ）１種１号（ＬＳ）,L,大阪,05,129.5,154.5,25,19.31,e0db016534ff528f,0d2f01d7643f5af3,141,141
燃料・潤滑油,混合油,１：２０,L,大阪,05,163,181,18,11.04,edd0182bfb515d55,82bdee141cb104f2,141,141
燃料・潤滑油,混合油,１：２０,L,兵庫北部,06,164,182,18,10.98,0128034848b320e4,74bac2a57ce68c0f,141,141
燃料・潤滑油,重油,Ａ重油（バージ）１種１号（ＬＳ）,L,兵庫西部,07,131,156,25,19.08,2363546039e286b6,e7f557474b6006e7,141,141
燃料・潤滑油,混合油,１：２０,L,兵庫西部,07,157,177,20,12.74,eb65bc132f90917f,a3a6b83e091f730e,141,141
燃料・潤滑油,重油,Ａ重油（バージ）１種１号（ＬＳ）,L,兵庫,08,130,155,25,19.23,ee6efb1055eadd02,e452656c5600a45a,141,141
燃料・潤滑油,混合油,１：２０,L,兵庫,08,158,178,20,12.66,fa46d3db96637b87,c5563b0f4afe0e12,141,141
燃料・潤滑油,混合油,１：２０,L,奈良,09,160,179,19,11.88,e029751e823e8b81,f33640f6350ece6a,141,141
燃料・潤滑油,重油,Ａ重油（バージ）１種１号（ＬＳ）,L,和歌山,10,130.5,155.5,25,19.16,f4179e68b495787a,5431126733bcd232,141,141
燃料・潤滑油,混合油,１：２０,L,和歌山,10,155,169,14,9.03,09bc8c15fb30e468,dd498a42ff89860b,141,141
燃料・潤滑油,混合油,１：２０,L,岐阜,11,161,170,9,5.59,071de167a17a82cb,a1f704b5677489b1,141,141
燃料・潤滑油,重油,Ａ重油（バージ）１種１号（ＬＳ）,L,三重,12,130,155,25,19.23,7008cb7377e92771,24fb56bb0aac28e5,141,141
燃料・潤滑油,混合油,１：２０,L,三重,12,158,168,10,6.33,4bd40241c577c900,34850bb07d9d5b2b,141,141
生コンクリート・モルタル,生コンクリート,高炉 ３０－１８－２０（２５） Ｃ＝３５０以上 [単位水量175以下W/C55％],m3,京都北部 京都市２他,,23400,29400,6000,25.64,dec93985c28f88e5,8eca09ea71c8729b,12,12
生コンクリート・モルタル,生コンクリート,高炉 ３０－１８－２０（２５） Ｃ＝３５０以上 [単位水量175以下W/C55％],m3,京都北部 船井郡他,,23400,29400,6000,25.64,14ecb15cfef34ac5,2de5a1cbdf758832,12,12
生コンクリート・モルタル,生コンクリート,高炉 ３０－１８－２０（２５） Ｃ＝３５０以上 [単位水量175以下W/C55％],m3,京都南部 亀岡市,,23400,29400,6000,25.64,f4b8dcebb4c73510,40d216ef8138fc0d,12,12
生コンクリート・モルタル,生コンクリート,３０－１８－２０（２５） Ｃ＝３５０以上 [単位水量175以下W/C55％],m3,京都北部 京都市２他,,23400,29400,6000,25.64,aa051a9c422b2d91,455f362ffd54a942,12,12
生コンクリート・モルタル,生コンクリート,３０－１８－２０（２５） Ｃ＝３５０以上 [単位水量175以下W/C55％],m3,京都北部 船井郡他,,23400,29400,6000,25.64,6ff01034cab83e34,6817dc5cc2802603,12,12
生コンクリート・モルタル,生コンクリート,３０－１８－２０（２５） Ｃ＝３５０以上 [単位水量175以下W/C55％],m3,京都南部 亀岡市,,23400,29400,6000,25.64,c820d896ccd98bc3,df03d62bf11fdc2f,12,12
